elapsed_sec,phase,north_m,east_m,down_m
0.016,takeoff,0.027,0.015,-0.063
0.050,takeoff,0.028,0.015,-0.064
0.082,takeoff,0.028,0.015,-0.066
0.116,takeoff,0.028,0.015,-0.067
0.150,takeoff,0.028,0.016,-0.068
0.182,takeoff,0.028,0.016,-0.069
0.216,takeoff,0.028,0.016,-0.070
0.251,takeoff,0.028,0.016,-0.071
0.282,takeoff,0.028,0.016,-0.072
0.316,takeoff,0.028,0.016,-0.073
0.350,takeoff,0.029,0.016,-0.074
0.382,takeoff,0.029,0.016,-0.075
0.417,takeoff,0.029,0.017,-0.076
0.450,takeoff,0.029,0.017,-0.076
0.482,takeoff,0.029,0.017,-0.077
0.516,takeoff,0.029,0.017,-0.077
0.550,takeoff,0.028,0.016,-0.078
0.583,takeoff,0.028,0.016,-0.078
0.616,takeoff,0.027,0.016,-0.078
0.650,takeoff,0.027,0.015,-0.078
0.682,takeoff,0.027,0.015,-0.078
0.716,takeoff,0.026,0.014,-0.078
0.750,takeoff,0.026,0.014,-0.078
0.782,takeoff,0.026,0.013,-0.078
0.816,takeoff,0.026,0.013,-0.077
0.850,takeoff,0.026,0.012,-0.077
0.882,takeoff,0.026,0.012,-0.076
0.916,takeoff,0.026,0.011,-0.076
0.950,takeoff,0.027,0.011,-0.075
0.982,takeoff,0.027,0.010,-0.074
1.016,takeoff,0.026,0.010,-0.074
1.050,takeoff,0.026,0.009,-0.073
1.082,takeoff,0.026,0.008,-0.073
1.116,takeoff,0.026,0.008,-0.072
1.150,takeoff,0.026,0.007,-0.072
1.182,takeoff,0.026,0.006,-0.072
1.216,takeoff,0.025,0.006,-0.071
1.250,takeoff,0.025,0.005,-0.071
1.282,takeoff,0.025,0.005,-0.070
1.316,takeoff,0.025,0.004,-0.069
1.350,takeoff,0.025,0.003,-0.069
1.382,takeoff,0.025,0.003,-0.068
1.416,takeoff,0.024,0.002,-0.067
1.450,takeoff,0.024,0.002,-0.066
1.482,takeoff,0.024,0.001,-0.066
1.516,takeoff,0.024,0.001,-0.065
1.551,takeoff,0.024,0.001,-0.064
1.584,takeoff,0.024,0.000,-0.064
1.619,takeoff,0.024,0.000,-0.063
1.656,takeoff,0.023,-0.000,-0.062
1.688,takeoff,0.023,-0.000,-0.062
1.724,takeoff,0.023,-0.001,-0.061
1.758,takeoff,0.023,-0.001,-0.061
1.790,takeoff,0.023,-0.001,-0.060
1.824,takeoff,0.023,-0.001,-0.060
1.858,takeoff,0.022,-0.001,-0.060
1.890,takeoff,0.022,-0.002,-0.060
1.924,takeoff,0.022,-0.002,-0.059
1.958,takeoff,0.021,-0.003,-0.059
1.990,takeoff,0.021,-0.003,-0.059
2.024,takeoff,0.020,-0.003,-0.060
2.058,takeoff,0.020,-0.004,-0.060
2.090,takeoff,0.020,-0.004,-0.060
2.124,takeoff,0.020,-0.004,-0.060
2.158,takeoff,0.019,-0.004,-0.061
2.190,takeoff,0.019,-0.004,-0.062
2.224,takeoff,0.019,-0.005,-0.064
2.259,takeoff,0.018,-0.005,-0.068
2.292,takeoff,0.018,-0.006,-0.073
2.326,takeoff,0.016,-0.006,-0.082
2.360,takeoff,0.015,-0.006,-0.092
2.392,takeoff,0.013,-0.006,-0.104
2.426,takeoff,0.012,-0.006,-0.118
2.460,takeoff,0.009,-0.005,-0.135
2.492,takeoff,0.007,-0.004,-0.154
2.526,takeoff,0.003,-0.002,-0.182
2.562,takeoff,-0.000,0.001,-0.207
2.597,takeoff,-0.004,0.003,-0.235
2.631,takeoff,-0.007,0.006,-0.265
2.665,takeoff,-0.011,0.010,-0.299
2.697,takeoff,-0.015,0.013,-0.335
2.731,takeoff,-0.020,0.019,-0.384
2.765,takeoff,-0.024,0.023,-0.426
2.803,takeoff,-0.028,0.028,-0.470
2.840,takeoff,-0.032,0.033,-0.518
2.881,takeoff,-0.035,0.038,-0.568
2.919,takeoff,-0.039,0.043,-0.620
2.953,takeoff,-0.043,0.049,-0.690
2.987,takeoff,-0.046,0.055,-0.748
3.020,takeoff,-0.049,0.060,-0.809
3.054,takeoff,-0.052,0.065,-0.872
3.088,takeoff,-0.054,0.070,-0.938
3.122,takeoff,-0.057,0.075,-1.006
3.156,takeoff,-0.059,0.080,-1.094
3.190,takeoff,-0.061,0.085,-1.167
3.222,takeoff,-0.062,0.089,-1.243
3.256,takeoff,-0.064,0.093,-1.320
3.290,takeoff,-0.065,0.096,-1.399
3.322,takeoff,-0.066,0.100,-1.478
3.356,takeoff,-0.068,0.103,-1.579
3.390,takeoff,-0.068,0.106,-1.661
3.423,takeoff,-0.069,0.108,-1.743
3.457,takeoff,-0.070,0.110,-1.825
3.492,takeoff,-0.071,0.111,-1.908
3.524,takeoff,-0.072,0.112,-1.991
3.558,takeoff,-0.073,0.113,-2.095
3.592,takeoff,-0.074,0.114,-2.179
3.624,takeoff,-0.075,0.115,-2.262
3.658,takeoff,-0.076,0.115,-2.346
3.692,takeoff,-0.077,0.115,-2.430
3.726,takeoff,-0.078,0.115,-2.514
3.760,takeoff,-0.079,0.114,-2.619
3.793,takeoff,-0.080,0.114,-2.703
3.844,takeoff,-0.081,0.113,-2.787
3.878,takeoff,-0.082,0.112,-2.872
3.912,takeoff,-0.083,0.111,-2.956
3.944,takeoff,-0.084,0.110,-3.041
3.978,takeoff,-0.085,0.108,-3.147
4.012,takeoff,-0.086,0.106,-3.232
4.044,takeoff,-0.087,0.104,-3.317
4.078,takeoff,-0.089,0.102,-3.402
4.112,takeoff,-0.090,0.100,-3.488
4.144,takeoff,-0.092,0.098,-3.573
4.178,takeoff,-0.094,0.094,-3.680
4.212,takeoff,-0.095,0.092,-3.766
4.245,takeoff,-0.097,0.089,-3.852
4.279,takeoff,-0.099,0.085,-3.938
4.313,takeoff,-0.101,0.082,-4.024
4.345,takeoff,-0.103,0.079,-4.110
4.379,takeoff,-0.106,0.075,-4.218
4.413,takeoff,-0.108,0.071,-4.305
4.445,takeoff,-0.111,0.068,-4.392
4.479,takeoff,-0.113,0.065,-4.479
4.513,takeoff,-0.115,0.062,-4.566
4.545,takeoff,-0.118,0.058,-4.653
4.579,takeoff,-0.121,0.054,-4.762
4.613,takeoff,-0.123,0.050,-4.850
4.645,takeoff,-0.125,0.047,-4.938
4.679,takeoff,-0.127,0.043,-5.026
4.713,takeoff,-0.129,0.040,-5.114
4.745,takeoff,-0.131,0.036,-5.202
4.779,takeoff,-0.133,0.032,-5.312
4.813,takeoff,-0.135,0.028,-5.400
4.845,takeoff,-0.137,0.025,-5.488
4.879,takeoff,-0.139,0.022,-5.577
4.913,takeoff,-0.140,0.018,-5.665
4.945,takeoff,-0.141,0.015,-5.754
4.979,takeoff,-0.143,0.011,-5.865
5.013,takeoff,-0.145,0.008,-5.954
5.045,takeoff,-0.146,0.005,-6.043
5.079,takeoff,-0.147,0.002,-6.132
5.114,takeoff,-0.148,-0.001,-6.221
5.147,takeoff,-0.149,-0.004,-6.310
5.180,takeoff,-0.149,-0.008,-6.422
5.215,takeoff,-0.150,-0.011,-6.511
5.246,takeoff,-0.150,-0.013,-6.601
5.280,takeoff,-0.150,-0.016,-6.691
5.314,takeoff,-0.150,-0.019,-6.781
5.346,takeoff,-0.150,-0.022,-6.871
5.381,takeoff,-0.150,-0.025,-6.983
5.414,takeoff,-0.149,-0.028,-7.074
5.446,takeoff,-0.149,-0.030,-7.164
5.480,takeoff,-0.148,-0.033,-7.255
5.514,takeoff,-0.147,-0.036,-7.345
5.546,takeoff,-0.146,-0.039,-7.436
5.581,takeoff,-0.144,-0.042,-7.550
5.614,takeoff,-0.143,-0.044,-7.642
5.646,takeoff,-0.142,-0.047,-7.733
5.680,takeoff,-0.141,-0.049,-7.825
5.714,takeoff,-0.140,-0.052,-7.917
5.746,takeoff,-0.138,-0.054,-8.008
5.780,takeoff,-0.137,-0.057,-8.123
5.814,takeoff,-0.135,-0.060,-8.215
5.848,takeoff,-0.133,-0.062,-8.307
5.882,takeoff,-0.131,-0.064,-8.399
5.916,takeoff,-0.129,-0.066,-8.491
5.948,takeoff,-0.127,-0.068,-8.583
5.982,takeoff,-0.123,-0.070,-8.698
6.016,takeoff,-0.120,-0.072,-8.790
6.048,takeoff,-0.117,-0.074,-8.882
6.082,takeoff,-0.114,-0.075,-8.973
6.116,takeoff,-0.111,-0.077,-9.065
6.148,takeoff,-0.107,-0.078,-9.157
6.182,takeoff,-0.103,-0.080,-9.271
6.216,takeoff,-0.100,-0.081,-9.362
6.248,takeoff,-0.096,-0.083,-9.454
6.282,takeoff,-0.093,-0.084,-9.545
6.316,takeoff,-0.089,-0.085,-9.637
6.348,takeoff,-0.086,-0.086,-9.728
6.382,takeoff,-0.081,-0.087,-9.842
6.416,takeoff,-0.078,-0.088,-9.934
6.449,takeoff,-0.074,-0.089,-10.025
6.483,takeoff,-0.070,-0.090,-10.117
6.517,takeoff,-0.066,-0.091,-10.208
6.549,takeoff,-0.062,-0.092,-10.300
6.583,takeoff,-0.058,-0.093,-10.415
6.617,takeoff,-0.054,-0.094,-10.506
6.649,takeoff,-0.050,-0.095,-10.598
6.683,takeoff,-0.046,-0.096,-10.690
6.717,takeoff,-0.042,-0.096,-10.782
6.749,takeoff,-0.038,-0.097,-10.874
6.783,takeoff,-0.034,-0.097,-10.990
6.817,takeoff,-0.030,-0.098,-11.082
6.849,takeoff,-0.027,-0.098,-11.175
6.883,takeoff,-0.024,-0.098,-11.267
6.917,takeoff,-0.020,-0.098,-11.360
6.949,takeoff,-0.017,-0.098,-11.452
6.983,takeoff,-0.013,-0.097,-11.568
7.017,takeoff,-0.011,-0.097,-11.661
7.049,takeoff,-0.008,-0.096,-11.753
7.083,takeoff,-0.005,-0.096,-11.846
7.117,takeoff,-0.002,-0.095,-11.939
7.149,takeoff,0.001,-0.095,-12.032
7.183,takeoff,0.005,-0.094,-12.148
7.217,takeoff,0.007,-0.093,-12.241
7.249,takeoff,0.010,-0.092,-12.334
7.283,takeoff,0.013,-0.091,-12.427
7.317,takeoff,0.015,-0.090,-12.520
7.349,takeoff,0.018,-0.089,-12.612
7.383,takeoff,0.021,-0.087,-12.729
7.417,takeoff,0.023,-0.086,-12.821
7.449,takeoff,0.025,-0.084,-12.914
7.483,takeoff,0.027,-0.083,-13.007
7.517,takeoff,0.029,-0.081,-13.100
7.549,takeoff,0.031,-0.079,-13.193
7.583,takeoff,0.033,-0.077,-13.309
7.617,takeoff,0.035,-0.074,-13.401
7.649,takeoff,0.036,-0.072,-13.494
7.683,takeoff,0.038,-0.070,-13.587
7.717,takeoff,0.039,-0.067,-13.680
7.749,takeoff,0.041,-0.065,-13.773
7.783,takeoff,0.043,-0.062,-13.889
7.817,takeoff,0.044,-0.059,-13.983
7.849,takeoff,0.046,-0.057,-14.076
7.883,takeoff,0.047,-0.054,-14.169
7.917,takeoff,0.048,-0.051,-14.262
7.949,takeoff,0.049,-0.049,-14.356
7.983,takeoff,0.051,-0.045,-14.472
8.017,takeoff,0.052,-0.042,-14.566
8.049,takeoff,0.053,-0.039,-14.659
8.083,takeoff,0.053,-0.036,-14.753
8.117,takeoff,0.054,-0.033,-14.847
8.149,takeoff,0.055,-0.030,-14.940
8.183,takeoff,0.056,-0.027,-15.057
8.217,takeoff,0.057,-0.024,-15.151
8.249,takeoff,0.057,-0.021,-15.245
8.283,takeoff,0.057,-0.018,-15.339
8.317,takeoff,0.058,-0.015,-15.433
8.349,takeoff,0.058,-0.012,-15.527
8.383,takeoff,0.058,-0.008,-15.644
8.417,takeoff,0.058,-0.006,-15.738
8.449,takeoff,0.058,-0.003,-15.832
8.483,takeoff,0.058,-0.000,-15.927
8.517,takeoff,0.058,0.002,-16.021
8.549,takeoff,0.058,0.005,-16.115
8.583,takeoff,0.057,0.008,-16.233
8.617,takeoff,0.057,0.010,-16.328
8.649,takeoff,0.056,0.013,-16.422
8.683,takeoff,0.055,0.015,-16.516
8.717,takeoff,0.055,0.018,-16.611
8.749,takeoff,0.054,0.020,-16.705
8.783,takeoff,0.053,0.023,-16.824
8.817,takeoff,0.052,0.025,-16.918
8.849,takeoff,0.052,0.027,-17.013
8.883,takeoff,0.051,0.029,-17.107
8.917,takeoff,0.050,0.031,-17.202
8.949,takeoff,0.049,0.034,-17.297
8.983,takeoff,0.047,0.036,-17.415
9.017,takeoff,0.046,0.038,-17.510
9.049,takeoff,0.045,0.041,-17.605
9.083,takeoff,0.044,0.043,-17.699
9.117,takeoff,0.043,0.045,-17.794
9.149,takeoff,0.041,0.047,-17.889
9.183,takeoff,0.040,0.049,-18.008
9.217,takeoff,0.038,0.051,-18.103
9.249,takeoff,0.037,0.053,-18.198
9.283,takeoff,0.036,0.055,-18.293
9.317,takeoff,0.034,0.057,-18.388
9.349,takeoff,0.033,0.058,-18.483
9.383,takeoff,0.031,0.060,-18.602
9.417,takeoff,0.029,0.062,-18.697
9.449,takeoff,0.028,0.063,-18.792
9.483,takeoff,0.026,0.065,-18.888
9.517,takeoff,0.025,0.066,-18.983
9.549,takeoff,0.023,0.067,-19.078
9.583,takeoff,0.021,0.069,-19.197
9.617,takeoff,0.020,0.070,-19.292
9.649,takeoff,0.018,0.071,-19.387
9.683,takeoff,0.017,0.072,-19.482
9.717,takeoff,0.015,0.072,-19.576
9.749,takeoff,0.014,0.073,-19.671
9.783,takeoff,0.012,0.074,-19.790
9.818,takeoff,0.011,0.075,-19.885
9.850,takeoff,0.009,0.075,-19.979
9.884,takeoff,0.007,0.076,-20.074
9.918,takeoff,0.006,0.076,-20.169
9.950,takeoff,0.004,0.076,-20.264
9.984,takeoff,0.002,0.077,-20.383
10.018,takeoff,0.000,0.077,-20.478
10.050,takeoff,-0.001,0.077,-20.572
10.084,takeoff,-0.003,0.077,-20.667
10.118,takeoff,-0.005,0.077,-20.762
10.150,takeoff,-0.007,0.077,-20.857
10.184,takeoff,-0.009,0.077,-20.975
10.218,takeoff,-0.011,0.077,-21.070
10.250,takeoff,-0.014,0.077,-21.165
10.284,takeoff,-0.016,0.077,-21.260
10.318,takeoff,-0.018,0.077,-21.355
10.367,takeoff,-0.020,0.077,-21.449
10.401,takeoff,-0.023,0.077,-21.568
10.435,takeoff,-0.026,0.077,-21.663
10.467,takeoff,-0.028,0.077,-21.758
10.501,takeoff,-0.031,0.077,-21.853
10.535,takeoff,-0.033,0.076,-21.948
10.567,takeoff,-0.036,0.076,-22.043
10.601,takeoff,-0.039,0.075,-22.162
10.635,takeoff,-0.041,0.075,-22.257
10.667,takeoff,-0.044,0.074,-22.352
10.701,takeoff,-0.046,0.073,-22.447
10.735,takeoff,-0.048,0.072,-22.543
10.767,takeoff,-0.050,0.071,-22.638
10.801,takeoff,-0.052,0.070,-22.757
10.835,takeoff,-0.054,0.068,-22.853
10.867,takeoff,-0.055,0.067,-22.948
10.901,takeoff,-0.057,0.066,-23.044
10.935,takeoff,-0.058,0.064,-23.139
10.967,takeoff,-0.059,0.063,-23.235
11.001,takeoff,-0.060,0.060,-23.354
11.035,takeoff,-0.061,0.059,-23.449
11.067,takeoff,-0.062,0.057,-23.545
11.101,takeoff,-0.063,0.055,-23.640
11.135,takeoff,-0.064,0.053,-23.735
11.167,takeoff,-0.064,0.051,-23.830
11.201,takeoff,-0.065,0.048,-23.950
11.235,takeoff,-0.066,0.046,-24.045
11.267,takeoff,-0.066,0.044,-24.140
11.301,takeoff,-0.066,0.042,-24.235
11.335,takeoff,-0.067,0.039,-24.331
11.367,takeoff,-0.067,0.037,-24.426
11.401,takeoff,-0.068,0.034,-24.545
11.435,takeoff,-0.068,0.032,-24.641
11.467,takeoff,-0.068,0.030,-24.736
11.501,takeoff,-0.068,0.028,-24.832
11.535,takeoff,-0.069,0.025,-24.927
11.567,takeoff,-0.069,0.023,-25.023
11.602,takeoff,-0.069,0.020,-25.142
11.636,takeoff,-0.069,0.018,-25.237
11.668,takeoff,-0.069,0.016,-25.333
11.702,takeoff,-0.069,0.014,-25.428
11.736,takeoff,-0.069,0.012,-25.523
11.768,takeoff,-0.069,0.010,-25.619
11.802,takeoff,-0.069,0.007,-25.738
11.836,takeoff,-0.069,0.005,-25.834
11.868,takeoff,-0.069,0.004,-25.929
11.902,takeoff,-0.069,0.002,-26.024
11.936,takeoff,-0.069,0.000,-26.120
11.968,takeoff,-0.069,-0.001,-26.215
12.002,takeoff,-0.068,-0.003,-26.335
12.036,takeoff,-0.068,-0.005,-26.430
12.068,takeoff,-0.068,-0.006,-26.526
12.103,takeoff,-0.067,-0.007,-26.621
12.137,takeoff,-0.067,-0.008,-26.716
12.169,takeoff,-0.066,-0.009,-26.812
12.203,takeoff,-0.065,-0.011,-26.931
12.237,takeoff,-0.065,-0.011,-27.026
12.269,takeoff,-0.064,-0.012,-27.121
12.303,takeoff,-0.063,-0.013,-27.216
12.337,takeoff,-0.062,-0.014,-27.311
12.369,takeoff,-0.062,-0.015,-27.404
12.403,takeoff,-0.061,-0.016,-27.517
12.437,takeoff,-0.060,-0.017,-27.606
12.469,takeoff,-0.060,-0.017,-27.692
12.503,takeoff,-0.059,-0.018,-27.775
12.537,takeoff,-0.058,-0.019,-27.856
12.569,takeoff,-0.058,-0.020,-27.933
12.603,takeoff,-0.057,-0.021,-28.025
12.637,takeoff,-0.056,-0.022,-28.096
12.670,takeoff,-0.056,-0.023,-28.164
12.704,takeoff,-0.055,-0.024,-28.229
12.738,takeoff,-0.054,-0.025,-28.291
12.770,takeoff,-0.054,-0.026,-28.350
12.804,takeoff,-0.053,-0.027,-28.420
12.838,takeoff,-0.052,-0.028,-28.474
12.870,takeoff,-0.052,-0.028,-28.525
12.904,waypoint_1,-0.051,-0.029,-28.574
12.938,waypoint_1,-0.050,-0.030,-28.621
12.970,waypoint_1,-0.050,-0.030,-28.666
13.004,waypoint_1,-0.049,-0.031,-28.721
13.038,waypoint_1,-0.048,-0.032,-28.766
13.070,waypoint_1,-0.047,-0.034,-28.810
13.104,waypoint_1,-0.046,-0.037,-28.853
13.138,waypoint_1,-0.046,-0.042,-28.896
13.170,waypoint_1,-0.046,-0.048,-28.937
13.204,waypoint_1,-0.047,-0.060,-28.987
13.238,waypoint_1,-0.049,-0.073,-29.025
13.270,waypoint_1,-0.052,-0.089,-29.060
13.304,waypoint_1,-0.057,-0.108,-29.093
13.338,waypoint_1,-0.063,-0.131,-29.125
13.370,waypoint_1,-0.071,-0.157,-29.154
13.404,waypoint_1,-0.082,-0.195,-29.187
13.438,waypoint_1,-0.094,-0.229,-29.212
13.470,waypoint_1,-0.107,-0.266,-29.235
13.504,waypoint_1,-0.122,-0.308,-29.256
13.538,waypoint_1,-0.140,-0.352,-29.275
13.570,waypoint_1,-0.160,-0.400,-29.294
13.604,waypoint_1,-0.188,-0.465,-29.315
13.638,waypoint_1,-0.213,-0.519,-29.332
13.670,waypoint_1,-0.241,-0.576,-29.347
13.704,waypoint_1,-0.271,-0.635,-29.362
13.738,waypoint_1,-0.304,-0.697,-29.376
13.770,waypoint_1,-0.339,-0.760,-29.389
13.804,waypoint_1,-0.386,-0.842,-29.406
13.838,waypoint_1,-0.426,-0.910,-29.418
13.870,waypoint_1,-0.468,-0.979,-29.431
13.904,waypoint_1,-0.512,-1.050,-29.443
13.938,waypoint_1,-0.557,-1.122,-29.455
13.970,waypoint_1,-0.603,-1.195,-29.466
14.004,waypoint_1,-0.662,-1.288,-29.481
14.038,waypoint_1,-0.710,-1.363,-29.492
14.070,waypoint_1,-0.758,-1.440,-29.503
14.104,waypoint_1,-0.807,-1.518,-29.514
14.138,waypoint_1,-0.855,-1.597,-29.525
14.170,waypoint_1,-0.902,-1.677,-29.535
14.204,waypoint_1,-0.961,-1.778,-29.548
14.238,waypoint_1,-1.007,-1.860,-29.558
14.270,waypoint_1,-1.053,-1.943,-29.568
14.304,waypoint_1,-1.097,-2.027,-29.578
14.338,waypoint_1,-1.140,-2.112,-29.587
14.370,waypoint_1,-1.182,-2.198,-29.597
14.404,waypoint_1,-1.232,-2.306,-29.608
14.438,waypoint_1,-1.272,-2.393,-29.617
14.470,waypoint_1,-1.310,-2.481,-29.626
14.504,waypoint_1,-1.347,-2.570,-29.634
14.538,waypoint_1,-1.383,-2.658,-29.642
14.570,waypoint_1,-1.418,-2.747,-29.650
14.604,waypoint_1,-1.461,-2.859,-29.660
14.638,waypoint_1,-1.495,-2.948,-29.668
14.670,waypoint_1,-1.527,-3.038,-29.675
14.704,waypoint_1,-1.560,-3.128,-29.682
14.738,waypoint_1,-1.591,-3.218,-29.689
14.770,waypoint_1,-1.622,-3.308,-29.696
14.804,waypoint_1,-1.661,-3.420,-29.705
14.838,waypoint_1,-1.691,-3.511,-29.712
14.870,waypoint_1,-1.721,-3.601,-29.718
14.904,waypoint_1,-1.751,-3.691,-29.724
14.938,waypoint_1,-1.780,-3.781,-29.730
14.970,waypoint_1,-1.809,-3.872,-29.736
15.004,waypoint_1,-1.845,-3.985,-29.744
15.038,waypoint_1,-1.874,-4.075,-29.749
15.070,waypoint_1,-1.903,-4.166,-29.755
15.104,waypoint_1,-1.931,-4.256,-29.760
15.138,waypoint_1,-1.960,-4.347,-29.765
15.170,waypoint_1,-1.988,-4.438,-29.770
15.204,waypoint_1,-2.022,-4.552,-29.776
15.238,waypoint_1,-2.050,-4.643,-29.781
15.270,waypoint_1,-2.077,-4.734,-29.786
15.304,waypoint_1,-2.105,-4.825,-29.790
15.338,waypoint_1,-2.132,-4.916,-29.795
15.370,waypoint_1,-2.158,-5.007,-29.799
15.404,waypoint_1,-2.192,-5.120,-29.804
15.438,waypoint_1,-2.218,-5.212,-29.808
15.470,waypoint_1,-2.244,-5.303,-29.812
15.504,waypoint_1,-2.270,-5.394,-29.816
15.538,waypoint_1,-2.296,-5.485,-29.819
15.570,waypoint_1,-2.322,-5.577,-29.823
15.604,waypoint_1,-2.354,-5.691,-29.827
15.638,waypoint_1,-2.379,-5.782,-29.831
15.670,waypoint_1,-2.405,-5.874,-29.834
15.704,waypoint_1,-2.430,-5.965,-29.837
15.738,waypoint_1,-2.455,-6.057,-29.840
15.770,waypoint_1,-2.480,-6.148,-29.843
15.805,waypoint_1,-2.512,-6.263,-29.847
15.839,waypoint_1,-2.537,-6.355,-29.850
15.871,waypoint_1,-2.563,-6.446,-29.853
15.905,waypoint_1,-2.588,-6.538,-29.856
15.939,waypoint_1,-2.613,-6.629,-29.858
15.971,waypoint_1,-2.638,-6.721,-29.861
16.005,waypoint_1,-2.670,-6.836,-29.864
16.041,waypoint_1,-2.695,-6.927,-29.866
16.073,waypoint_1,-2.721,-7.019,-29.868
16.107,waypoint_1,-2.746,-7.110,-29.871
16.141,waypoint_1,-2.772,-7.201,-29.873
16.173,waypoint_1,-2.797,-7.293,-29.875
16.207,waypoint_1,-2.829,-7.407,-29.878
16.241,waypoint_1,-2.854,-7.498,-29.880
16.273,waypoint_1,-2.880,-7.589,-29.882
16.307,waypoint_1,-2.906,-7.681,-29.885
16.341,waypoint_1,-2.931,-7.772,-29.887
16.373,waypoint_1,-2.957,-7.864,-29.889
16.407,waypoint_1,-2.989,-7.978,-29.892
16.441,waypoint_1,-3.015,-8.070,-29.894
16.473,waypoint_1,-3.041,-8.161,-29.896
16.507,waypoint_1,-3.067,-8.252,-29.897
16.541,waypoint_1,-3.093,-8.344,-29.899
16.573,waypoint_1,-3.118,-8.436,-29.901
16.607,waypoint_1,-3.151,-8.550,-29.903
16.641,waypoint_1,-3.177,-8.642,-29.905
16.673,waypoint_1,-3.203,-8.734,-29.907
16.707,waypoint_1,-3.229,-8.826,-29.908
16.741,waypoint_1,-3.255,-8.918,-29.910
16.773,waypoint_1,-3.281,-9.010,-29.912
16.807,waypoint_1,-3.314,-9.125,-29.914
16.841,waypoint_1,-3.340,-9.218,-29.915
16.873,waypoint_1,-3.366,-9.310,-29.917
16.907,waypoint_1,-3.392,-9.403,-29.918
16.941,waypoint_1,-3.418,-9.496,-29.920
16.973,waypoint_1,-3.445,-9.589,-29.921
17.007,waypoint_1,-3.478,-9.706,-29.923
17.041,waypoint_1,-3.504,-9.799,-29.925
17.073,waypoint_1,-3.530,-9.893,-29.926
17.107,waypoint_1,-3.556,-9.986,-29.928
17.141,waypoint_1,-3.582,-10.080,-29.930
17.173,waypoint_1,-3.607,-10.174,-29.931
17.207,waypoint_1,-3.639,-10.291,-29.932
17.241,waypoint_1,-3.665,-10.385,-29.934
17.273,waypoint_1,-3.690,-10.478,-29.935
17.307,waypoint_1,-3.716,-10.572,-29.936
17.341,waypoint_1,-3.741,-10.666,-29.937
17.373,waypoint_1,-3.766,-10.760,-29.938
17.407,waypoint_1,-3.798,-10.877,-29.939
17.441,waypoint_1,-3.823,-10.971,-29.939
17.473,waypoint_1,-3.849,-11.065,-29.940
17.507,waypoint_1,-3.874,-11.159,-29.941
17.541,waypoint_1,-3.900,-11.253,-29.942
17.573,waypoint_1,-3.925,-11.347,-29.943
17.607,waypoint_1,-3.958,-11.464,-29.944
17.641,waypoint_1,-3.984,-11.558,-29.944
17.674,waypoint_1,-4.010,-11.652,-29.945
17.708,waypoint_1,-4.035,-11.746,-29.946
17.744,waypoint_1,-4.062,-11.840,-29.947
17.776,waypoint_1,-4.088,-11.934,-29.948
17.810,waypoint_1,-4.120,-12.052,-29.949
17.847,waypoint_1,-4.146,-12.146,-29.950
17.879,waypoint_1,-4.172,-12.240,-29.951
17.913,waypoint_1,-4.198,-12.335,-29.951
17.947,waypoint_1,-4.224,-12.429,-29.952
17.979,waypoint_1,-4.250,-12.523,-29.953
18.013,waypoint_1,-4.283,-12.641,-29.954
18.047,waypoint_1,-4.309,-12.736,-29.954
18.079,waypoint_1,-4.334,-12.830,-29.954
18.113,waypoint_1,-4.360,-12.925,-29.955
18.147,waypoint_1,-4.386,-13.020,-29.955
18.180,waypoint_1,-4.412,-13.114,-29.956
18.214,waypoint_1,-4.444,-13.232,-29.956
18.248,waypoint_1,-4.470,-13.327,-29.957
18.280,waypoint_1,-4.496,-13.421,-29.958
18.315,waypoint_1,-4.521,-13.516,-29.958
18.364,waypoint_1,-4.547,-13.611,-29.959
18.396,waypoint_1,-4.573,-13.705,-29.960
18.432,waypoint_1,-4.606,-13.823,-29.960
18.465,waypoint_1,-4.632,-13.918,-29.961
18.497,waypoint_1,-4.658,-14.013,-29.962
18.532,waypoint_1,-4.684,-14.107,-29.963
18.566,waypoint_1,-4.711,-14.202,-29.964
18.598,waypoint_1,-4.737,-14.297,-29.965
18.632,waypoint_1,-4.770,-14.415,-29.967
18.665,waypoint_1,-4.796,-14.510,-29.968
18.697,waypoint_1,-4.822,-14.604,-29.969
18.732,waypoint_1,-4.848,-14.699,-29.970
18.765,waypoint_1,-4.874,-14.793,-29.971
18.797,waypoint_1,-4.900,-14.887,-29.972
18.833,waypoint_1,-4.932,-15.005,-29.973
18.867,waypoint_1,-4.958,-15.100,-29.974
18.900,waypoint_1,-4.984,-15.194,-29.974
18.934,waypoint_1,-5.010,-15.288,-29.975
18.968,waypoint_1,-5.036,-15.383,-29.975
19.000,waypoint_1,-5.061,-15.477,-29.976
19.034,waypoint_1,-5.093,-15.595,-29.976
19.068,waypoint_1,-5.119,-15.689,-29.977
19.100,waypoint_1,-5.144,-15.783,-29.977
19.134,waypoint_1,-5.169,-15.877,-29.977
19.168,waypoint_1,-5.194,-15.971,-29.978
19.200,waypoint_1,-5.220,-16.065,-29.978
19.234,waypoint_1,-5.251,-16.182,-29.979
19.268,waypoint_1,-5.276,-16.276,-29.979
19.300,waypoint_1,-5.302,-16.370,-29.979
19.335,waypoint_1,-5.327,-16.464,-29.979
19.369,waypoint_1,-5.352,-16.558,-29.980
19.401,waypoint_1,-5.377,-16.652,-29.980
19.436,waypoint_1,-5.409,-16.769,-29.981
19.471,waypoint_1,-5.434,-16.863,-29.982
19.503,waypoint_1,-5.460,-16.957,-29.982
19.537,waypoint_1,-5.485,-17.051,-29.983
19.571,waypoint_1,-5.511,-17.145,-29.983
19.603,waypoint_1,-5.536,-17.239,-29.984
19.637,waypoint_1,-5.568,-17.357,-29.984
19.671,waypoint_1,-5.593,-17.451,-29.985
19.703,waypoint_1,-5.619,-17.545,-29.985
19.737,waypoint_1,-5.644,-17.639,-29.985
19.771,waypoint_1,-5.669,-17.733,-29.985
19.807,waypoint_1,-5.695,-17.827,-29.986
19.845,waypoint_1,-5.726,-17.945,-29.986
19.880,waypoint_1,-5.751,-18.039,-29.986
19.913,waypoint_1,-5.776,-18.134,-29.986
19.947,waypoint_1,-5.801,-18.228,-29.986
19.981,waypoint_1,-5.826,-18.323,-29.986
20.013,waypoint_1,-5.850,-18.417,-29.986
20.047,waypoint_1,-5.881,-18.535,-29.986
20.081,waypoint_1,-5.906,-18.629,-29.986
20.116,waypoint_1,-5.931,-18.724,-29.985
20.150,waypoint_1,-5.956,-18.818,-29.985
20.184,waypoint_1,-5.981,-18.912,-29.985
20.216,waypoint_1,-6.006,-19.006,-29.985
20.250,waypoint_1,-6.037,-19.124,-29.985
20.283,waypoint_1,-6.062,-19.218,-29.985
20.317,waypoint_1,-6.087,-19.313,-29.985
20.349,waypoint_1,-6.113,-19.407,-29.985
20.383,waypoint_1,-6.138,-19.501,-29.985
20.417,waypoint_1,-6.164,-19.595,-29.985
20.449,waypoint_1,-6.190,-19.689,-29.984
20.483,waypoint_1,-6.222,-19.807,-29.984
20.517,waypoint_1,-6.248,-19.901,-29.984
20.549,waypoint_1,-6.274,-19.995,-29.984
20.583,waypoint_1,-6.300,-20.089,-29.984
20.617,waypoint_1,-6.326,-20.184,-29.984
20.649,waypoint_1,-6.353,-20.278,-29.984
20.683,waypoint_1,-6.386,-20.395,-29.984
20.717,waypoint_1,-6.413,-20.489,-29.984
20.749,waypoint_1,-6.439,-20.583,-29.985
20.783,waypoint_1,-6.466,-20.677,-29.985
20.817,waypoint_1,-6.493,-20.771,-29.985
20.849,waypoint_1,-6.519,-20.866,-29.985
20.883,waypoint_1,-6.553,-20.983,-29.985
20.917,waypoint_1,-6.580,-21.077,-29.986
20.949,waypoint_1,-6.606,-21.171,-29.986
20.983,waypoint_1,-6.633,-21.265,-29.986
21.017,waypoint_1,-6.660,-21.359,-29.987
21.049,waypoint_1,-6.687,-21.453,-29.987
21.083,waypoint_1,-6.721,-21.571,-29.988
21.117,waypoint_1,-6.748,-21.665,-29.988
21.149,waypoint_1,-6.775,-21.758,-29.988
21.184,waypoint_1,-6.802,-21.852,-29.988
21.219,waypoint_1,-6.829,-21.946,-29.989
21.251,waypoint_1,-6.856,-22.040,-29.989
21.285,waypoint_1,-6.890,-22.157,-29.989
21.319,waypoint_1,-6.917,-22.251,-29.990
21.352,waypoint_1,-6.943,-22.344,-29.990
21.386,waypoint_1,-6.970,-22.438,-29.990
21.420,waypoint_1,-6.997,-22.532,-29.991
21.452,waypoint_1,-7.024,-22.626,-29.991
21.486,waypoint_1,-7.057,-22.743,-29.992
21.521,waypoint_1,-7.084,-22.836,-29.992
21.553,waypoint_1,-7.110,-22.930,-29.993
21.587,waypoint_1,-7.137,-23.023,-29.993
21.621,waypoint_1,-7.164,-23.117,-29.993
21.653,waypoint_1,-7.190,-23.211,-29.994
21.687,waypoint_1,-7.224,-23.327,-29.994
21.721,waypoint_1,-7.251,-23.421,-29.995
21.753,waypoint_1,-7.277,-23.514,-29.995
21.787,waypoint_1,-7.304,-23.608,-29.995
21.821,waypoint_1,-7.331,-23.701,-29.996
21.854,waypoint_1,-7.358,-23.795,-29.996
21.887,waypoint_1,-7.391,-23.912,-29.996
21.921,waypoint_1,-7.418,-24.005,-29.997
21.954,waypoint_1,-7.444,-24.098,-29.997
21.988,waypoint_1,-7.470,-24.191,-29.997
22.023,waypoint_1,-7.497,-24.284,-29.997
22.055,waypoint_1,-7.523,-24.377,-29.997
22.089,waypoint_1,-7.556,-24.494,-29.997
22.124,waypoint_1,-7.582,-24.587,-29.997
22.156,waypoint_1,-7.608,-24.680,-29.997
22.190,waypoint_1,-7.634,-24.773,-29.997
22.224,waypoint_1,-7.660,-24.866,-29.996
22.256,waypoint_1,-7.686,-24.960,-29.996
22.290,waypoint_1,-7.718,-25.076,-29.996
22.324,waypoint_1,-7.744,-25.169,-29.995
22.356,waypoint_1,-7.771,-25.262,-29.995
22.391,waypoint_1,-7.797,-25.356,-29.995
22.424,waypoint_1,-7.823,-25.449,-29.994
22.456,waypoint_1,-7.850,-25.542,-29.994
22.490,waypoint_1,-7.883,-25.659,-29.994
22.526,waypoint_1,-7.909,-25.753,-29.994
22.558,waypoint_1,-7.936,-25.846,-29.993
22.592,waypoint_1,-7.962,-25.940,-29.993
22.625,waypoint_1,-7.989,-26.034,-29.993
22.657,waypoint_1,-8.015,-26.128,-29.993
22.692,waypoint_1,-8.048,-26.245,-29.993
22.726,waypoint_1,-8.075,-26.339,-29.993
22.758,waypoint_1,-8.101,-26.433,-29.993
22.792,waypoint_1,-8.127,-26.527,-29.992
22.826,waypoint_1,-8.153,-26.621,-29.992
22.857,waypoint_1,-8.179,-26.715,-29.992
22.892,waypoint_1,-8.212,-26.833,-29.992
22.926,waypoint_1,-8.238,-26.927,-29.992
22.958,waypoint_1,-8.264,-27.021,-29.992
22.992,waypoint_1,-8.290,-27.115,-29.992
23.026,waypoint_1,-8.316,-27.209,-29.992
23.058,waypoint_1,-8.342,-27.303,-29.992
23.092,waypoint_1,-8.375,-27.420,-29.992
23.125,waypoint_1,-8.401,-27.514,-29.993
23.157,waypoint_1,-8.428,-27.608,-29.993
23.192,waypoint_1,-8.454,-27.702,-29.993
23.225,waypoint_1,-8.481,-27.796,-29.994
23.257,waypoint_1,-8.507,-27.890,-29.994
23.292,waypoint_1,-8.540,-28.007,-29.995
23.325,waypoint_1,-8.566,-28.101,-29.996
23.357,waypoint_1,-8.593,-28.195,-29.996
23.392,waypoint_1,-8.619,-28.289,-29.997
23.425,waypoint_1,-8.646,-28.382,-29.998
23.457,waypoint_1,-8.672,-28.476,-29.998
23.492,waypoint_1,-8.706,-28.594,-29.999
23.525,waypoint_1,-8.732,-28.688,-29.999
23.558,waypoint_1,-8.759,-28.782,-30.000
23.592,waypoint_1,-8.786,-28.875,-30.000
23.625,waypoint_1,-8.812,-28.969,-30.001
23.657,waypoint_1,-8.839,-29.064,-30.001
23.692,waypoint_1,-8.873,-29.181,-30.001
23.726,waypoint_1,-8.900,-29.275,-30.001
23.758,waypoint_1,-8.927,-29.369,-30.002
23.792,waypoint_1,-8.954,-29.463,-30.002
23.825,waypoint_1,-8.981,-29.558,-30.002
23.857,waypoint_1,-9.008,-29.652,-30.002
23.892,waypoint_1,-9.042,-29.769,-30.003
23.925,waypoint_1,-9.070,-29.863,-30.003
23.957,waypoint_1,-9.097,-29.957,-30.004
23.992,waypoint_1,-9.125,-30.051,-30.004
24.025,waypoint_1,-9.152,-30.145,-30.004
24.057,waypoint_1,-9.180,-30.239,-30.005
24.092,waypoint_1,-9.214,-30.356,-30.005
24.125,waypoint_1,-9.242,-30.450,-30.006
24.157,waypoint_1,-9.270,-30.543,-30.006
24.192,waypoint_1,-9.297,-30.637,-30.006
24.226,waypoint_1,-9.325,-30.730,-30.006
24.258,waypoint_1,-9.353,-30.824,-30.007
24.292,waypoint_1,-9.387,-30.941,-30.007
24.331,waypoint_1,-9.415,-31.034,-30.007
24.363,waypoint_1,-9.443,-31.128,-30.007
24.398,waypoint_1,-9.471,-31.221,-30.008
24.432,waypoint_1,-9.499,-31.315,-30.008
24.464,waypoint_1,-9.526,-31.408,-30.008
24.498,waypoint_1,-9.561,-31.525,-30.008
24.532,waypoint_1,-9.589,-31.619,-30.008
24.564,waypoint_1,-9.617,-31.712,-30.008
24.598,waypoint_1,-9.645,-31.805,-30.008
24.633,waypoint_1,-9.673,-31.899,-30.008
24.665,waypoint_1,-9.701,-31.992,-30.008
24.699,waypoint_1,-9.735,-32.108,-30.008
24.733,waypoint_1,-9.763,-32.201,-30.008
24.765,waypoint_1,-9.790,-32.294,-30.008
24.800,waypoint_1,-9.818,-32.386,-30.007
24.835,waypoint_1,-9.845,-32.479,-30.007
24.867,waypoint_1,-9.873,-32.571,-30.007
24.902,waypoint_1,-9.907,-32.687,-30.006
24.936,waypoint_1,-9.934,-32.779,-30.006
24.972,waypoint_1,-9.961,-32.871,-30.005
25.022,waypoint_1,-9.987,-32.963,-30.004
25.054,waypoint_1,-10.014,-33.055,-30.004
25.089,waypoint_1,-10.048,-33.169,-30.003
25.123,waypoint_1,-10.074,-33.261,-30.002
25.156,waypoint_1,-10.101,-33.352,-30.002
25.190,waypoint_1,-10.127,-33.444,-30.002
25.224,waypoint_1,-10.154,-33.535,-30.001
25.256,waypoint_1,-10.180,-33.627,-30.001
25.290,waypoint_1,-10.213,-33.741,-30.001
25.324,waypoint_1,-10.239,-33.832,-30.001
25.362,waypoint_1,-10.266,-33.923,-30.001
25.399,waypoint_1,-10.292,-34.014,-30.002
25.437,waypoint_1,-10.318,-34.105,-30.002
25.468,waypoint_1,-10.345,-34.196,-30.002
25.503,waypoint_1,-10.378,-34.310,-30.002
25.538,waypoint_1,-10.405,-34.401,-30.002
25.570,waypoint_1,-10.432,-34.491,-30.002
25.604,waypoint_1,-10.458,-34.583,-30.002
25.638,waypoint_1,-10.485,-34.674,-30.002
25.672,waypoint_1,-10.512,-34.765,-30.002
25.705,waypoint_1,-10.546,-34.879,-30.002
25.739,waypoint_1,-10.573,-34.970,-30.001
25.771,waypoint_1,-10.601,-35.061,-30.001
25.805,waypoint_1,-10.628,-35.153,-30.001
25.839,waypoint_1,-10.655,-35.244,-30.001
25.871,waypoint_1,-10.683,-35.335,-30.000
25.905,waypoint_1,-10.717,-35.450,-30.000
25.939,waypoint_1,-10.744,-35.541,-30.000
25.973,waypoint_1,-10.772,-35.633,-30.000
26.007,waypoint_1,-10.799,-35.725,-30.000
26.041,waypoint_1,-10.826,-35.817,-30.000
26.073,waypoint_1,-10.853,-35.909,-30.000
26.107,waypoint_1,-10.887,-36.024,-30.000
26.141,waypoint_1,-10.914,-36.116,-30.000
26.173,waypoint_1,-10.941,-36.208,-30.000
26.207,waypoint_1,-10.968,-36.301,-30.000
26.241,waypoint_1,-10.995,-36.393,-30.000
26.274,waypoint_1,-11.022,-36.485,-30.000
26.309,waypoint_1,-11.056,-36.600,-29.999
26.343,waypoint_1,-11.083,-36.692,-29.999
26.375,waypoint_1,-11.110,-36.785,-29.999
26.409,waypoint_1,-11.137,-36.877,-29.999
26.443,waypoint_1,-11.164,-36.969,-29.999
26.476,waypoint_1,-11.191,-37.061,-29.999
26.510,waypoint_1,-11.225,-37.176,-29.999
26.544,waypoint_1,-11.252,-37.269,-29.999
26.576,waypoint_1,-11.278,-37.361,-29.998
26.610,waypoint_1,-11.305,-37.453,-29.998
26.644,waypoint_1,-11.332,-37.545,-29.998
26.676,waypoint_1,-11.359,-37.637,-29.997
26.710,waypoint_1,-11.393,-37.753,-29.997
26.744,waypoint_1,-11.421,-37.845,-29.996
26.776,waypoint_1,-11.448,-37.937,-29.995
26.810,waypoint_1,-11.475,-38.029,-29.995
26.844,waypoint_1,-11.503,-38.121,-29.994
26.876,waypoint_1,-11.530,-38.213,-29.994
26.910,waypoint_1,-11.565,-38.327,-29.993
26.944,waypoint_1,-11.592,-38.419,-29.993
26.976,waypoint_1,-11.620,-38.511,-29.992
27.010,waypoint_1,-11.648,-38.602,-29.992
27.044,waypoint_1,-11.676,-38.694,-29.992
27.076,waypoint_1,-11.703,-38.785,-29.992
27.112,waypoint_1,-11.738,-38.900,-29.991
27.146,waypoint_1,-11.766,-38.992,-29.991
27.178,waypoint_1,-11.794,-39.083,-29.991
27.212,waypoint_1,-11.822,-39.175,-29.991
27.246,waypoint_1,-11.850,-39.267,-29.991
27.278,waypoint_1,-11.879,-39.359,-29.990
27.312,waypoint_1,-11.914,-39.474,-29.990
27.346,waypoint_1,-11.942,-39.566,-29.990
27.378,waypoint_1,-11.970,-39.658,-29.990
27.412,waypoint_1,-11.998,-39.750,-29.989
27.446,waypoint_1,-12.027,-39.842,-29.989
27.478,waypoint_1,-12.055,-39.934,-29.989
27.512,waypoint_1,-12.090,-40.049,-29.989
27.546,waypoint_1,-12.118,-40.140,-29.989
27.578,waypoint_1,-12.146,-40.232,-29.989
27.613,waypoint_1,-12.174,-40.324,-29.989
27.647,waypoint_1,-12.202,-40.416,-29.989
27.680,waypoint_1,-12.230,-40.508,-29.990
27.714,waypoint_1,-12.265,-40.623,-29.990
27.748,waypoint_1,-12.293,-40.715,-29.990
27.780,waypoint_1,-12.321,-40.806,-29.990
27.814,waypoint_1,-12.349,-40.898,-29.990
27.848,waypoint_1,-12.377,-40.990,-29.990
27.880,waypoint_1,-12.405,-41.082,-29.990
27.914,waypoint_1,-12.439,-41.196,-29.990
27.948,waypoint_1,-12.467,-41.288,-29.991
27.980,waypoint_1,-12.495,-41.380,-29.991
28.014,waypoint_1,-12.522,-41.471,-29.992
28.048,waypoint_1,-12.549,-41.563,-29.992
28.080,waypoint_1,-12.576,-41.654,-29.993
28.117,waypoint_1,-12.610,-41.768,-29.993
28.151,waypoint_1,-12.637,-41.860,-29.994
28.183,waypoint_1,-12.664,-41.951,-29.994
28.217,waypoint_1,-12.691,-42.043,-29.995
28.251,waypoint_1,-12.718,-42.135,-29.995
28.283,waypoint_1,-12.745,-42.226,-29.996
28.317,waypoint_1,-12.778,-42.341,-29.997
28.351,waypoint_1,-12.805,-42.432,-29.997
28.383,waypoint_1,-12.832,-42.524,-29.998
28.417,waypoint_1,-12.859,-42.615,-29.998
28.451,waypoint_1,-12.885,-42.707,-29.998
28.483,waypoint_1,-12.912,-42.799,-29.999
28.517,waypoint_1,-12.945,-42.913,-29.999
28.551,waypoint_1,-12.971,-43.005,-29.999
28.583,waypoint_1,-12.998,-43.096,-29.999
28.617,waypoint_1,-13.024,-43.188,-30.000
28.651,waypoint_1,-13.050,-43.279,-30.000
28.683,waypoint_1,-13.077,-43.371,-30.000
28.717,waypoint_1,-13.110,-43.486,-30.001
28.751,waypoint_1,-13.136,-43.577,-30.001
28.783,waypoint_1,-13.163,-43.669,-30.001
28.817,waypoint_1,-13.190,-43.761,-30.002
28.852,waypoint_1,-13.216,-43.853,-30.002
28.884,waypoint_1,-13.243,-43.944,-30.002
28.918,waypoint_1,-13.277,-44.059,-30.003
28.952,waypoint_1,-13.304,-44.151,-30.003
28.984,waypoint_1,-13.331,-44.243,-30.004
29.018,waypoint_1,-13.358,-44.335,-30.004
29.052,waypoint_1,-13.384,-44.426,-30.004
29.084,waypoint_1,-13.411,-44.518,-30.005
29.118,waypoint_1,-13.444,-44.633,-30.005
29.152,waypoint_1,-13.471,-44.724,-30.006
29.184,waypoint_1,-13.497,-44.816,-30.006
29.218,waypoint_1,-13.524,-44.908,-30.006
29.252,waypoint_1,-13.550,-45.000,-30.007
29.284,waypoint_1,-13.577,-45.091,-30.007
29.318,waypoint_1,-13.610,-45.206,-30.007
29.352,waypoint_1,-13.637,-45.298,-30.007
29.387,waypoint_1,-13.663,-45.389,-30.007
29.422,waypoint_1,-13.689,-45.481,-30.007
29.458,waypoint_1,-13.716,-45.573,-30.007
29.489,waypoint_1,-13.742,-45.664,-30.007
29.523,waypoint_1,-13.775,-45.779,-30.006
29.557,waypoint_1,-13.801,-45.870,-30.006
29.589,waypoint_1,-13.828,-45.962,-30.005
29.623,waypoint_1,-13.854,-46.053,-30.005
29.657,waypoint_1,-13.881,-46.145,-30.005
29.689,waypoint_1,-13.908,-46.236,-30.004
29.723,waypoint_1,-13.941,-46.351,-30.003
29.757,waypoint_1,-13.968,-46.442,-30.003
29.789,waypoint_1,-13.995,-46.534,-30.002
29.823,waypoint_1,-14.022,-46.625,-30.002
29.857,waypoint_1,-14.049,-46.717,-30.001
29.889,waypoint_1,-14.076,-46.809,-30.001
29.923,waypoint_1,-14.110,-46.923,-30.001
29.957,waypoint_1,-14.137,-47.015,-30.000
29.989,waypoint_1,-14.164,-47.107,-30.000
30.023,waypoint_1,-14.192,-47.199,-30.000
30.057,waypoint_1,-14.219,-47.291,-29.999
30.089,waypoint_1,-14.246,-47.383,-29.999
30.123,waypoint_1,-14.280,-47.498,-29.999
30.157,waypoint_1,-14.307,-47.590,-29.998
30.189,waypoint_1,-14.334,-47.682,-29.998
30.224,waypoint_1,-14.361,-47.774,-29.998
30.258,waypoint_1,-14.388,-47.867,-29.998
30.290,waypoint_1,-14.415,-47.959,-29.998
30.324,waypoint_1,-14.450,-48.074,-29.998
30.358,waypoint_1,-14.477,-48.167,-29.998
30.390,waypoint_1,-14.504,-48.259,-29.997
30.424,waypoint_1,-14.531,-48.352,-29.997
30.458,waypoint_1,-14.558,-48.444,-29.997
30.490,waypoint_1,-14.585,-48.536,-29.998
30.524,waypoint_1,-14.619,-48.651,-29.998
30.558,waypoint_1,-14.646,-48.743,-29.998
30.590,waypoint_1,-14.673,-48.835,-29.998
30.624,waypoint_1,-14.700,-48.927,-29.998
30.658,waypoint_1,-14.727,-49.019,-29.998
30.690,waypoint_1,-14.753,-49.111,-29.997
30.724,waypoint_1,-14.787,-49.225,-29.997
30.758,waypoint_1,-14.813,-49.317,-29.997
30.790,waypoint_1,-14.840,-49.409,-29.996
30.824,waypoint_1,-14.866,-49.500,-29.996
30.858,waypoint_1,-14.893,-49.592,-29.996
30.890,waypoint_1,-14.919,-49.684,-29.996
30.924,waypoint_1,-14.952,-49.798,-29.995
30.959,waypoint_1,-14.979,-49.890,-29.995
30.990,waypoint_1,-15.005,-49.982,-29.995
31.024,waypoint_1,-15.031,-50.074,-29.995
31.059,waypoint_1,-15.058,-50.166,-29.995
31.090,waypoint_1,-15.084,-50.257,-29.995
31.125,waypoint_1,-15.116,-50.372,-29.994
31.158,waypoint_1,-15.142,-50.464,-29.994
31.190,waypoint_1,-15.168,-50.556,-29.994
31.225,waypoint_1,-15.194,-50.648,-29.994
31.259,waypoint_1,-15.220,-50.739,-29.994
31.291,waypoint_1,-15.247,-50.831,-29.994
31.325,waypoint_1,-15.279,-50.946,-29.994
31.357,waypoint_1,-15.305,-51.038,-29.994
31.391,waypoint_1,-15.332,-51.130,-29.994
31.425,waypoint_1,-15.358,-51.222,-29.994
31.458,waypoint_1,-15.384,-51.313,-29.994
31.492,waypoint_1,-15.410,-51.405,-29.995
31.526,waypoint_1,-15.443,-51.520,-29.995
31.559,waypoint_1,-15.469,-51.612,-29.995
31.592,waypoint_1,-15.496,-51.704,-29.995
31.627,waypoint_1,-15.522,-51.796,-29.995
31.658,waypoint_1,-15.549,-51.888,-29.995
31.692,waypoint_1,-15.576,-51.980,-29.995
31.726,waypoint_1,-15.609,-52.095,-29.995
31.759,waypoint_1,-15.636,-52.187,-29.995
31.793,waypoint_1,-15.663,-52.279,-29.995
31.826,waypoint_1,-15.690,-52.371,-29.995
31.858,waypoint_1,-15.717,-52.462,-29.995
31.892,waypoint_1,-15.744,-52.554,-29.995
31.926,waypoint_1,-15.777,-52.668,-29.995
31.959,waypoint_1,-15.804,-52.759,-29.995
31.992,waypoint_1,-15.831,-52.850,-29.995
32.026,waypoint_1,-15.858,-52.941,-29.995
32.060,waypoint_1,-15.886,-53.032,-29.995
32.094,waypoint_1,-15.913,-53.123,-29.995
32.128,waypoint_1,-15.947,-53.236,-29.995
32.160,waypoint_1,-15.974,-53.327,-29.995
32.194,waypoint_1,-16.001,-53.418,-29.995
32.228,waypoint_1,-16.029,-53.509,-29.995
32.260,waypoint_1,-16.056,-53.601,-29.995
32.295,waypoint_1,-16.083,-53.692,-29.996
32.328,waypoint_1,-16.117,-53.806,-29.996
32.360,waypoint_1,-16.145,-53.897,-29.997
32.394,waypoint_1,-16.172,-53.989,-29.997
32.428,waypoint_1,-16.199,-54.080,-29.997
32.461,waypoint_1,-16.226,-54.172,-29.998
32.494,waypoint_1,-16.253,-54.264,-29.998
32.528,waypoint_1,-16.287,-54.378,-29.999
32.560,waypoint_1,-16.314,-54.470,-29.999
32.594,waypoint_1,-16.342,-54.562,-30.000
32.628,waypoint_1,-16.369,-54.653,-30.000
32.660,waypoint_1,-16.396,-54.745,-30.000
32.694,waypoint_1,-16.423,-54.837,-30.000
32.728,waypoint_1,-16.457,-54.951,-30.001
32.760,waypoint_1,-16.485,-55.043,-30.001
32.794,waypoint_1,-16.512,-55.134,-30.001
32.828,waypoint_1,-16.539,-55.226,-30.001
32.860,waypoint_1,-16.566,-55.317,-30.001
32.894,waypoint_1,-16.593,-55.408,-30.001
32.928,waypoint_1,-16.626,-55.522,-30.001
32.960,waypoint_1,-16.653,-55.614,-30.001
32.994,waypoint_1,-16.680,-55.705,-30.001
33.028,waypoint_1,-16.707,-55.796,-30.001
33.060,waypoint_1,-16.733,-55.888,-30.001
33.094,waypoint_1,-16.760,-55.979,-30.001
33.143,waypoint_1,-16.793,-56.094,-30.002
33.175,waypoint_1,-16.820,-56.185,-30.002
33.209,waypoint_1,-16.846,-56.277,-30.003
33.244,waypoint_1,-16.873,-56.368,-30.003
33.275,waypoint_1,-16.899,-56.460,-30.003
33.309,waypoint_1,-16.925,-56.551,-30.003
33.343,waypoint_1,-16.958,-56.665,-30.003
33.375,waypoint_1,-16.984,-56.757,-30.003
33.409,waypoint_1,-17.011,-56.848,-30.003
33.443,waypoint_1,-17.037,-56.939,-30.002
33.475,waypoint_1,-17.063,-57.031,-30.002
33.509,waypoint_1,-17.090,-57.122,-30.002
33.543,waypoint_1,-17.123,-57.236,-30.001
33.575,waypoint_1,-17.149,-57.327,-30.000
33.609,waypoint_1,-17.175,-57.418,-30.000
33.643,waypoint_1,-17.201,-57.509,-29.999
33.675,waypoint_1,-17.228,-57.600,-29.999
33.709,waypoint_1,-17.254,-57.691,-29.999
33.743,waypoint_1,-17.287,-57.805,-29.998
33.790,waypoint_1,-17.313,-57.895,-29.997
33.824,waypoint_1,-17.339,-57.986,-29.997
33.859,waypoint_1,-17.365,-58.077,-29.996
33.891,waypoint_1,-17.392,-58.168,-29.995
33.925,waypoint_1,-17.418,-58.259,-29.995
33.959,waypoint_1,-17.451,-58.372,-29.994
33.991,waypoint_1,-17.477,-58.463,-29.993
34.025,waypoint_1,-17.504,-58.553,-29.992
34.059,waypoint_1,-17.530,-58.644,-29.991
34.091,waypoint_1,-17.556,-58.734,-29.991
34.125,waypoint_1,-17.583,-58.825,-29.990
34.159,waypoint_1,-17.616,-58.938,-29.990
34.192,waypoint_1,-17.642,-59.028,-29.989
34.226,waypoint_1,-17.669,-59.119,-29.989
34.260,waypoint_1,-17.695,-59.209,-29.988
34.292,waypoint_1,-17.722,-59.300,-29.987
34.326,waypoint_1,-17.749,-59.391,-29.987
34.360,waypoint_1,-17.782,-59.504,-29.986
34.392,waypoint_1,-17.809,-59.595,-29.986
34.426,waypoint_1,-17.836,-59.686,-29.986
34.460,waypoint_1,-17.862,-59.777,-29.986
34.492,waypoint_1,-17.889,-59.868,-29.986
34.526,waypoint_1,-17.916,-59.959,-29.986
34.560,waypoint_1,-17.950,-60.073,-29.986
34.592,waypoint_1,-17.977,-60.164,-29.986
34.626,waypoint_1,-18.004,-60.255,-29.987
34.660,waypoint_1,-18.032,-60.346,-29.987
34.692,waypoint_1,-18.059,-60.438,-29.987
34.726,waypoint_1,-18.086,-60.529,-29.988
34.760,waypoint_1,-18.120,-60.644,-29.988
34.792,waypoint_1,-18.147,-60.735,-29.989
34.826,waypoint_1,-18.174,-60.827,-29.989
34.860,waypoint_1,-18.201,-60.919,-29.989
34.892,waypoint_1,-18.228,-61.011,-29.990
34.926,waypoint_1,-18.256,-61.102,-29.990
34.960,waypoint_1,-18.289,-61.217,-29.990
34.992,waypoint_1,-18.316,-61.310,-29.990
35.026,waypoint_1,-18.343,-61.402,-29.991
35.060,waypoint_1,-18.370,-61.494,-29.991
35.092,waypoint_1,-18.397,-61.586,-29.991
35.126,waypoint_1,-18.424,-61.678,-29.991
35.160,waypoint_1,-18.457,-61.793,-29.991
35.192,waypoint_1,-18.484,-61.885,-29.991
35.226,waypoint_1,-18.510,-61.978,-29.991
35.260,waypoint_1,-18.537,-62.070,-29.991
35.292,waypoint_1,-18.563,-62.162,-29.990
35.326,waypoint_1,-18.589,-62.254,-29.990
35.360,waypoint_1,-18.622,-62.369,-29.990
35.392,waypoint_1,-18.648,-62.461,-29.990
35.426,waypoint_1,-18.674,-62.552,-29.990
35.460,waypoint_1,-18.700,-62.644,-29.989
35.492,waypoint_1,-18.726,-62.736,-29.989
35.526,waypoint_1,-18.753,-62.828,-29.989
35.560,waypoint_1,-18.785,-62.943,-29.989
35.592,waypoint_1,-18.812,-63.035,-29.989
35.626,waypoint_1,-18.838,-63.127,-29.989
35.660,waypoint_1,-18.864,-63.218,-29.989
35.692,waypoint_1,-18.891,-63.310,-29.989
35.726,waypoint_1,-18.917,-63.402,-29.989
35.760,waypoint_1,-18.950,-63.517,-29.989
35.792,waypoint_1,-18.977,-63.609,-29.989
35.826,waypoint_1,-19.004,-63.700,-29.989
35.860,waypoint_1,-19.031,-63.792,-29.989
35.892,waypoint_1,-19.057,-63.884,-29.989
35.926,waypoint_1,-19.084,-63.976,-29.989
35.960,waypoint_1,-19.118,-64.090,-29.990
35.992,waypoint_1,-19.145,-64.182,-29.990
36.026,waypoint_1,-19.172,-64.274,-29.990
36.060,waypoint_1,-19.199,-64.366,-29.990
36.092,waypoint_1,-19.227,-64.458,-29.991
36.126,waypoint_1,-19.254,-64.550,-29.991
36.160,waypoint_1,-19.288,-64.664,-29.992
36.192,waypoint_1,-19.315,-64.756,-29.993
36.226,waypoint_1,-19.343,-64.848,-29.993
36.261,waypoint_1,-19.370,-64.940,-29.994
36.292,waypoint_1,-19.397,-65.032,-29.995
36.326,waypoint_1,-19.424,-65.124,-29.995
36.360,waypoint_1,-19.458,-65.239,-29.996
36.392,waypoint_1,-19.485,-65.331,-29.996
36.426,waypoint_1,-19.512,-65.423,-29.997
36.460,waypoint_1,-19.539,-65.515,-29.998
36.492,waypoint_1,-19.566,-65.608,-29.998
36.526,waypoint_1,-19.592,-65.700,-29.999
36.560,waypoint_1,-19.625,-65.816,-30.000
36.593,waypoint_1,-19.652,-65.908,-30.000
36.629,waypoint_1,-19.678,-66.001,-30.000
36.663,waypoint_1,-19.705,-66.094,-30.001
36.696,waypoint_1,-19.731,-66.186,-30.001
36.730,waypoint_1,-19.757,-66.279,-30.001
36.764,waypoint_1,-19.790,-66.395,-30.001
36.796,waypoint_1,-19.816,-66.488,-30.001
36.830,waypoint_1,-19.843,-66.581,-30.001
36.865,waypoint_1,-19.869,-66.674,-30.001
36.897,waypoint_1,-19.896,-66.766,-30.001
36.931,waypoint_1,-19.922,-66.859,-30.000
36.966,waypoint_1,-19.955,-66.975,-30.000
36.998,waypoint_1,-19.982,-67.067,-30.000
37.033,waypoint_1,-20.008,-67.160,-30.000
37.067,waypoint_1,-20.035,-67.252,-30.000
37.099,waypoint_1,-20.062,-67.345,-30.000
37.133,waypoint_1,-20.088,-67.437,-30.000
37.167,waypoint_1,-20.121,-67.552,-30.000
37.200,waypoint_1,-20.148,-67.645,-30.000
37.233,waypoint_1,-20.174,-67.737,-30.000
37.267,waypoint_1,-20.201,-67.829,-30.000
37.299,waypoint_1,-20.227,-67.921,-30.000
37.333,waypoint_1,-20.254,-68.014,-30.001
37.367,waypoint_1,-20.287,-68.129,-30.000
37.399,waypoint_1,-20.313,-68.222,-30.000
37.433,waypoint_1,-20.340,-68.314,-30.000
37.467,waypoint_1,-20.367,-68.407,-30.000
37.499,waypoint_1,-20.393,-68.500,-30.000
37.533,waypoint_1,-20.420,-68.592,-30.000
37.567,waypoint_1,-20.453,-68.708,-29.999
37.599,waypoint_1,-20.480,-68.801,-29.999
37.633,waypoint_1,-20.506,-68.894,-29.999
37.667,waypoint_1,-20.533,-68.986,-29.998
37.699,waypoint_1,-20.559,-69.079,-29.998
37.733,waypoint_1,-20.586,-69.172,-29.998
37.767,waypoint_1,-20.619,-69.287,-29.998
37.799,waypoint_1,-20.645,-69.380,-29.997
37.833,waypoint_1,-20.672,-69.473,-29.997
37.868,waypoint_1,-20.698,-69.566,-29.997
37.900,waypoint_1,-20.725,-69.659,-29.996
37.934,waypoint_1,-20.752,-69.752,-29.996
37.968,waypoint_1,-20.785,-69.868,-29.996
38.000,waypoint_1,-20.812,-69.961,-29.996
38.036,waypoint_1,-20.838,-70.054,-29.996
38.070,waypoint_1,-20.865,-70.147,-29.996
38.102,waypoint_1,-20.892,-70.239,-29.996
38.136,waypoint_1,-20.919,-70.332,-29.996
38.170,waypoint_1,-20.953,-70.448,-29.996
38.202,waypoint_1,-20.980,-70.541,-29.996
38.236,waypoint_1,-21.007,-70.634,-29.996
38.270,waypoint_1,-21.035,-70.726,-29.996
38.302,waypoint_1,-21.062,-70.819,-29.996
38.336,waypoint_1,-21.090,-70.912,-29.997
38.370,waypoint_1,-21.124,-71.028,-29.997
38.402,waypoint_1,-21.151,-71.120,-29.997
38.436,waypoint_1,-21.179,-71.213,-29.998
38.470,waypoint_1,-21.206,-71.306,-29.998
38.502,waypoint_1,-21.234,-71.398,-29.998
38.537,waypoint_1,-21.261,-71.491,-29.999
38.571,waypoint_1,-21.295,-71.606,-29.999
38.603,waypoint_1,-21.322,-71.699,-29.999
38.637,waypoint_1,-21.349,-71.791,-30.000
38.671,waypoint_1,-21.376,-71.883,-30.000
38.703,waypoint_1,-21.403,-71.976,-30.000
38.737,waypoint_1,-21.430,-72.068,-30.000
38.771,waypoint_1,-21.464,-72.184,-30.000
38.803,waypoint_1,-21.491,-72.276,-29.999
38.837,waypoint_1,-21.518,-72.369,-29.999
38.871,waypoint_1,-21.544,-72.461,-29.999
38.903,waypoint_1,-21.571,-72.553,-29.998
38.937,waypoint_1,-21.598,-72.646,-29.998
38.971,waypoint_1,-21.631,-72.761,-29.998
39.003,waypoint_1,-21.658,-72.853,-29.998
39.037,waypoint_1,-21.684,-72.945,-29.997
39.071,waypoint_1,-21.711,-73.037,-29.997
39.103,waypoint_1,-21.738,-73.129,-29.997
39.137,waypoint_1,-21.765,-73.221,-29.997
39.171,waypoint_1,-21.798,-73.336,-29.996
39.203,waypoint_1,-21.825,-73.427,-29.996
39.237,waypoint_1,-21.851,-73.519,-29.996
39.271,waypoint_1,-21.878,-73.611,-29.996
39.303,waypoint_1,-21.904,-73.702,-29.997
39.337,waypoint_1,-21.931,-73.794,-29.997
39.371,waypoint_1,-21.964,-73.908,-29.997
39.403,waypoint_1,-21.991,-73.999,-29.997
39.437,waypoint_1,-22.017,-74.091,-29.997
39.471,waypoint_1,-22.044,-74.182,-29.997
39.503,waypoint_1,-22.071,-74.273,-29.997
39.537,waypoint_1,-22.098,-74.365,-29.997
39.571,waypoint_1,-22.131,-74.479,-29.997
39.603,waypoint_1,-22.158,-74.570,-29.997
39.637,waypoint_1,-22.185,-74.662,-29.997
39.671,waypoint_1,-22.213,-74.753,-29.997
39.703,waypoint_1,-22.240,-74.844,-29.997
39.737,waypoint_1,-22.267,-74.935,-29.997
39.771,waypoint_1,-22.301,-75.049,-29.997
39.803,waypoint_2,-22.329,-75.140,-29.997
39.838,waypoint_2,-22.356,-75.231,-29.998
39.872,waypoint_2,-22.384,-75.322,-30.000
39.904,waypoint_2,-22.411,-75.413,-30.004
39.938,waypoint_2,-22.437,-75.503,-30.009
39.972,waypoint_2,-22.469,-75.616,-30.017
40.004,waypoint_2,-22.493,-75.706,-30.023
40.038,waypoint_2,-22.514,-75.795,-30.030
40.077,waypoint_2,-22.533,-75.883,-30.036
40.123,waypoint_2,-22.550,-75.971,-30.042
40.158,waypoint_2,-22.562,-76.059,-30.047
40.190,waypoint_2,-22.571,-76.145,-30.051
40.224,waypoint_2,-22.578,-76.253,-30.054
40.258,waypoint_2,-22.578,-76.339,-30.056
40.290,waypoint_2,-22.575,-76.424,-30.056
40.325,waypoint_2,-22.567,-76.508,-30.056
40.359,waypoint_2,-22.556,-76.592,-30.055
40.391,waypoint_2,-22.540,-76.676,-30.053
40.425,waypoint_2,-22.515,-76.780,-30.050
40.459,waypoint_2,-22.492,-76.863,-30.047
40.491,waypoint_2,-22.465,-76.945,-30.044
40.525,waypoint_2,-22.435,-77.028,-30.041
40.559,waypoint_2,-22.401,-77.110,-30.037
40.591,waypoint_2,-22.365,-77.192,-30.034
40.625,waypoint_2,-22.317,-77.294,-30.029
40.660,waypoint_2,-22.275,-77.375,-30.025
40.692,waypoint_2,-22.232,-77.457,-30.022
40.726,waypoint_2,-22.186,-77.538,-30.018
40.760,waypoint_2,-22.139,-77.619,-30.015
40.792,waypoint_2,-22.090,-77.700,-30.012
40.828,waypoint_2,-22.028,-77.802,-30.008
40.861,waypoint_2,-21.976,-77.883,-30.005
40.893,waypoint_2,-21.924,-77.964,-30.003
40.929,waypoint_2,-21.871,-78.045,-30.001
40.963,waypoint_2,-21.817,-78.126,-29.999
40.995,waypoint_2,-21.762,-78.208,-29.997
41.029,waypoint_2,-21.693,-78.309,-29.995
41.063,waypoint_2,-21.637,-78.391,-29.994
41.095,waypoint_2,-21.581,-78.472,-29.993
41.129,waypoint_2,-21.525,-78.553,-29.991
41.164,waypoint_2,-21.469,-78.635,-29.990
41.196,waypoint_2,-21.412,-78.716,-29.989
41.230,waypoint_2,-21.341,-78.818,-29.988
41.264,waypoint_2,-21.284,-78.899,-29.988
41.296,waypoint_2,-21.227,-78.981,-29.988
41.330,waypoint_2,-21.171,-79.062,-29.987
41.364,waypoint_2,-21.114,-79.143,-29.987
41.396,waypoint_2,-21.057,-79.224,-29.986
41.431,waypoint_2,-20.987,-79.326,-29.986
41.465,waypoint_2,-20.930,-79.407,-29.986
41.498,waypoint_2,-20.874,-79.487,-29.986
41.532,waypoint_2,-20.817,-79.568,-29.986
41.566,waypoint_2,-20.761,-79.649,-29.985
41.598,waypoint_2,-20.705,-79.730,-29.985
41.633,waypoint_2,-20.634,-79.831,-29.985
41.666,waypoint_2,-20.578,-79.911,-29.985
41.698,waypoint_2,-20.521,-79.992,-29.985
41.732,waypoint_2,-20.465,-80.073,-29.985
41.766,waypoint_2,-20.408,-80.153,-29.985
41.798,waypoint_2,-20.352,-80.234,-29.985
41.832,waypoint_2,-20.281,-80.334,-29.985
41.866,waypoint_2,-20.224,-80.414,-29.985
41.898,waypoint_2,-20.168,-80.494,-29.985
41.932,waypoint_2,-20.111,-80.574,-29.985
41.966,waypoint_2,-20.055,-80.654,-29.985
41.998,waypoint_2,-19.998,-80.733,-29.985
42.033,waypoint_2,-19.927,-80.832,-29.986
42.066,waypoint_2,-19.870,-80.911,-29.986
42.098,waypoint_2,-19.814,-80.990,-29.986
42.132,waypoint_2,-19.757,-81.069,-29.986
42.166,waypoint_2,-19.700,-81.147,-29.986
42.198,waypoint_2,-19.643,-81.226,-29.986
42.232,waypoint_2,-19.572,-81.324,-29.986
42.266,waypoint_2,-19.515,-81.402,-29.986
42.298,waypoint_2,-19.458,-81.481,-29.986
42.332,waypoint_2,-19.401,-81.559,-29.986
42.366,waypoint_2,-19.344,-81.636,-29.986
42.398,waypoint_2,-19.287,-81.714,-29.986
42.432,waypoint_2,-19.216,-81.811,-29.987
42.466,waypoint_2,-19.159,-81.888,-29.987
42.498,waypoint_2,-19.102,-81.965,-29.987
42.534,waypoint_2,-19.044,-82.042,-29.987
42.568,waypoint_2,-18.987,-82.119,-29.987
42.600,waypoint_2,-18.930,-82.196,-29.987
42.634,waypoint_2,-18.857,-82.292,-29.987
42.668,waypoint_2,-18.800,-82.368,-29.988
42.700,waypoint_2,-18.742,-82.445,-29.988
42.734,waypoint_2,-18.684,-82.521,-29.988
42.768,waypoint_2,-18.626,-82.598,-29.988
42.800,waypoint_2,-18.568,-82.674,-29.988
42.834,waypoint_2,-18.495,-82.770,-29.988
42.868,waypoint_2,-18.437,-82.846,-29.988
42.900,waypoint_2,-18.379,-82.923,-29.988
42.934,waypoint_2,-18.321,-82.999,-29.987
42.968,waypoint_2,-18.263,-83.075,-29.987
43.000,waypoint_2,-18.205,-83.151,-29.986
43.034,waypoint_2,-18.133,-83.247,-29.986
43.068,waypoint_2,-18.075,-83.323,-29.985
43.100,waypoint_2,-18.017,-83.399,-29.984
43.134,waypoint_2,-17.960,-83.475,-29.984
43.168,waypoint_2,-17.902,-83.552,-29.983
43.200,waypoint_2,-17.845,-83.628,-29.982
43.234,waypoint_2,-17.773,-83.723,-29.981
43.269,waypoint_2,-17.716,-83.799,-29.981
43.300,waypoint_2,-17.658,-83.876,-29.980
43.334,waypoint_2,-17.601,-83.952,-29.980
43.368,waypoint_2,-17.544,-84.028,-29.979
43.400,waypoint_2,-17.487,-84.104,-29.978
43.434,waypoint_2,-17.415,-84.199,-29.978
43.468,waypoint_2,-17.358,-84.275,-29.977
43.500,waypoint_2,-17.300,-84.351,-29.976
43.535,waypoint_2,-17.243,-84.427,-29.976
43.570,waypoint_2,-17.185,-84.502,-29.975
43.602,waypoint_2,-17.127,-84.578,-29.975
43.635,waypoint_2,-17.055,-84.672,-29.975
43.669,waypoint_2,-16.997,-84.748,-29.974
43.702,waypoint_2,-16.940,-84.824,-29.974
43.736,waypoint_2,-16.882,-84.899,-29.974
43.771,waypoint_2,-16.824,-84.975,-29.974
43.803,waypoint_2,-16.766,-85.050,-29.974
43.837,waypoint_2,-16.693,-85.145,-29.974
43.871,waypoint_2,-16.635,-85.221,-29.974
43.903,waypoint_2,-16.576,-85.296,-29.974
43.937,waypoint_2,-16.518,-85.372,-29.974
43.971,waypoint_2,-16.460,-85.448,-29.975
44.003,waypoint_2,-16.401,-85.523,-29.975
44.038,waypoint_2,-16.328,-85.618,-29.975
44.072,waypoint_2,-16.270,-85.693,-29.976
44.104,waypoint_2,-16.211,-85.768,-29.976
44.138,waypoint_2,-16.153,-85.844,-29.976
44.172,waypoint_2,-16.094,-85.919,-29.976
44.204,waypoint_2,-16.036,-85.994,-29.977
44.238,waypoint_2,-15.962,-86.088,-29.977
44.272,waypoint_2,-15.904,-86.163,-29.976
44.304,waypoint_2,-15.845,-86.237,-29.976
44.338,waypoint_2,-15.786,-86.312,-29.976
44.372,waypoint_2,-15.727,-86.387,-29.976
44.404,waypoint_2,-15.668,-86.463,-29.976
44.438,waypoint_2,-15.594,-86.556,-29.975
44.472,waypoint_2,-15.535,-86.632,-29.975
44.504,waypoint_2,-15.475,-86.707,-29.975
44.538,waypoint_2,-15.416,-86.782,-29.975
44.572,waypoint_2,-15.357,-86.857,-29.975
44.605,waypoint_2,-15.297,-86.932,-29.975
44.638,waypoint_2,-15.222,-87.027,-29.975
44.672,waypoint_2,-15.163,-87.102,-29.974
44.705,waypoint_2,-15.103,-87.177,-29.974
44.739,waypoint_2,-15.043,-87.253,-29.974
44.773,waypoint_2,-14.983,-87.328,-29.974
44.805,waypoint_2,-14.924,-87.404,-29.974
44.839,waypoint_2,-14.849,-87.498,-29.974
44.873,waypoint_2,-14.789,-87.573,-29.974
44.905,waypoint_2,-14.729,-87.649,-29.974
44.939,waypoint_2,-14.669,-87.724,-29.974
44.973,waypoint_2,-14.609,-87.799,-29.974
45.005,waypoint_2,-14.549,-87.875,-29.974
45.039,waypoint_2,-14.473,-87.969,-29.974
45.073,waypoint_2,-14.412,-88.044,-29.973
45.105,waypoint_2,-14.352,-88.119,-29.973
45.139,waypoint_2,-14.291,-88.194,-29.973
45.173,waypoint_2,-14.230,-88.268,-29.972
45.205,waypoint_2,-14.169,-88.343,-29.972
45.239,waypoint_2,-14.093,-88.436,-29.971
45.273,waypoint_2,-14.032,-88.510,-29.971
45.305,waypoint_2,-13.971,-88.584,-29.970
45.339,waypoint_2,-13.910,-88.659,-29.970
45.373,waypoint_2,-13.849,-88.733,-29.969
45.405,waypoint_2,-13.788,-88.807,-29.969
45.439,waypoint_2,-13.711,-88.900,-29.969
45.473,waypoint_2,-13.650,-88.974,-29.968
45.505,waypoint_2,-13.589,-89.048,-29.968
45.539,waypoint_2,-13.528,-89.123,-29.968
45.573,waypoint_2,-13.467,-89.197,-29.968
45.605,waypoint_2,-13.406,-89.271,-29.968
45.639,waypoint_2,-13.330,-89.364,-29.968
45.673,waypoint_2,-13.269,-89.439,-29.968
45.705,waypoint_2,-13.208,-89.514,-29.968
45.739,waypoint_2,-13.147,-89.588,-29.968
45.773,waypoint_2,-13.087,-89.663,-29.968
45.806,waypoint_2,-13.026,-89.738,-29.968
45.839,waypoint_2,-12.951,-89.832,-29.969
45.873,waypoint_2,-12.891,-89.907,-29.969
45.905,waypoint_2,-12.831,-89.982,-29.969
45.939,waypoint_2,-12.771,-90.057,-29.969
45.973,waypoint_2,-12.711,-90.132,-29.969
46.005,waypoint_2,-12.651,-90.208,-29.969
46.039,waypoint_2,-12.576,-90.302,-29.970
46.073,waypoint_2,-12.517,-90.377,-29.970
46.105,waypoint_2,-12.457,-90.452,-29.970
46.140,waypoint_2,-12.398,-90.528,-29.970
46.173,waypoint_2,-12.338,-90.603,-29.971
46.205,waypoint_2,-12.279,-90.679,-29.971
46.240,waypoint_2,-12.205,-90.773,-29.971
46.274,waypoint_2,-12.146,-90.849,-29.971
46.307,waypoint_2,-12.086,-90.925,-29.971
46.340,waypoint_2,-12.027,-91.000,-29.971
46.374,waypoint_2,-11.968,-91.076,-29.971
46.406,waypoint_2,-11.909,-91.152,-29.971
46.440,waypoint_2,-11.835,-91.247,-29.971
46.474,waypoint_2,-11.775,-91.323,-29.971
46.506,waypoint_2,-11.716,-91.399,-29.971
46.540,waypoint_2,-11.657,-91.475,-29.971
46.574,waypoint_2,-11.597,-91.550,-29.970
46.606,waypoint_2,-11.538,-91.627,-29.970
46.640,waypoint_2,-11.464,-91.722,-29.970
46.674,waypoint_2,-11.404,-91.798,-29.970
46.706,waypoint_2,-11.345,-91.874,-29.970
46.740,waypoint_2,-11.285,-91.950,-29.970
46.774,waypoint_2,-11.226,-92.027,-29.970
46.806,waypoint_2,-11.166,-92.103,-29.970
46.840,waypoint_2,-11.092,-92.199,-29.970
46.874,waypoint_2,-11.032,-92.276,-29.970
46.906,waypoint_2,-10.973,-92.352,-29.970
46.940,waypoint_2,-10.913,-92.429,-29.970
46.974,waypoint_2,-10.854,-92.506,-29.971
47.006,waypoint_2,-10.794,-92.583,-29.971
47.040,waypoint_2,-10.720,-92.679,-29.971
47.074,waypoint_2,-10.660,-92.756,-29.971
47.109,waypoint_2,-10.601,-92.832,-29.971
47.145,waypoint_2,-10.541,-92.909,-29.971
47.179,waypoint_2,-10.482,-92.986,-29.971
47.211,waypoint_2,-10.423,-93.063,-29.971
47.245,waypoint_2,-10.349,-93.159,-29.971
47.279,waypoint_2,-10.289,-93.236,-29.971
47.311,waypoint_2,-10.230,-93.313,-29.971
47.345,waypoint_2,-10.171,-93.390,-29.971
47.379,waypoint_2,-10.112,-93.468,-29.971
47.411,waypoint_2,-10.053,-93.545,-29.971
47.445,waypoint_2,-9.979,-93.641,-29.971
47.479,waypoint_2,-9.920,-93.719,-29.971
47.511,waypoint_2,-9.861,-93.796,-29.971
47.545,waypoint_2,-9.802,-93.874,-29.971
47.580,waypoint_2,-9.742,-93.951,-29.971
47.612,waypoint_2,-9.683,-94.029,-29.971
47.646,waypoint_2,-9.609,-94.126,-29.971
47.680,waypoint_2,-9.550,-94.204,-29.972
47.712,waypoint_2,-9.491,-94.282,-29.972
47.746,waypoint_2,-9.432,-94.359,-29.972
47.780,waypoint_2,-9.373,-94.437,-29.972
47.812,waypoint_2,-9.314,-94.514,-29.972
47.846,waypoint_2,-9.240,-94.611,-29.973
47.880,waypoint_2,-9.181,-94.689,-29.973
47.912,waypoint_2,-9.122,-94.766,-29.974
47.946,waypoint_2,-9.063,-94.843,-29.974
47.980,waypoint_2,-9.004,-94.921,-29.974
48.012,waypoint_2,-8.946,-94.998,-29.975
48.046,waypoint_2,-8.872,-95.094,-29.976
48.080,waypoint_2,-8.814,-95.171,-29.976
48.113,waypoint_2,-8.755,-95.248,-29.977
48.145,waypoint_2,-8.697,-95.326,-29.977
48.179,waypoint_2,-8.638,-95.403,-29.978
48.213,waypoint_2,-8.565,-95.499,-29.978
48.245,waypoint_2,-8.507,-95.576,-29.978
48.283,waypoint_2,-8.449,-95.653,-29.978
48.330,waypoint_2,-8.390,-95.730,-29.978
48.362,waypoint_2,-8.332,-95.806,-29.978
48.396,waypoint_2,-8.273,-95.883,-29.978
48.430,waypoint_2,-8.200,-95.979,-29.979
48.462,waypoint_2,-8.141,-96.056,-29.979
48.496,waypoint_2,-8.082,-96.133,-29.979
48.530,waypoint_2,-8.024,-96.209,-29.979
48.562,waypoint_2,-7.965,-96.286,-29.979
48.597,waypoint_2,-7.906,-96.362,-29.979
48.631,waypoint_2,-7.833,-96.458,-29.980
48.663,waypoint_2,-7.775,-96.534,-29.980
48.697,waypoint_2,-7.716,-96.610,-29.980
48.731,waypoint_2,-7.658,-96.686,-29.980
48.763,waypoint_2,-7.599,-96.762,-29.980
48.797,waypoint_2,-7.541,-96.838,-29.981
48.831,waypoint_2,-7.468,-96.932,-29.981
48.863,waypoint_2,-7.409,-97.008,-29.981
48.897,waypoint_2,-7.351,-97.083,-29.981
48.931,waypoint_2,-7.293,-97.159,-29.981
48.963,waypoint_2,-7.234,-97.234,-29.981
48.997,waypoint_2,-7.176,-97.310,-29.981
49.031,waypoint_2,-7.103,-97.404,-29.981
49.063,waypoint_2,-7.045,-97.479,-29.981
49.098,waypoint_2,-6.987,-97.555,-29.981
49.132,waypoint_2,-6.929,-97.630,-29.981
49.164,waypoint_2,-6.870,-97.706,-29.981
49.198,waypoint_2,-6.812,-97.782,-29.982
49.232,waypoint_2,-6.740,-97.876,-29.981
49.266,waypoint_2,-6.682,-97.952,-29.981
49.300,waypoint_2,-6.624,-98.028,-29.981
49.334,waypoint_2,-6.566,-98.104,-29.981
49.366,waypoint_2,-6.508,-98.180,-29.981
49.400,waypoint_2,-6.451,-98.256,-29.981
49.434,waypoint_2,-6.378,-98.352,-29.980
49.466,waypoint_2,-6.321,-98.428,-29.980
49.500,waypoint_2,-6.263,-98.504,-29.980
49.534,waypoint_2,-6.206,-98.580,-29.979
49.566,waypoint_2,-6.148,-98.656,-29.979
49.600,waypoint_2,-6.091,-98.732,-29.979
49.634,waypoint_2,-6.020,-98.827,-29.979
49.666,waypoint_2,-5.962,-98.903,-29.978
49.701,waypoint_2,-5.905,-98.979,-29.978
49.735,waypoint_2,-5.848,-99.056,-29.978
49.767,waypoint_2,-5.791,-99.132,-29.977
49.801,waypoint_2,-5.734,-99.208,-29.977
49.835,waypoint_2,-5.663,-99.304,-29.976
49.867,waypoint_2,-5.605,-99.380,-29.976
49.901,waypoint_2,-5.548,-99.456,-29.975
49.935,waypoint_2,-5.491,-99.533,-29.975
49.967,waypoint_2,-5.434,-99.609,-29.975
50.001,waypoint_2,-5.376,-99.686,-29.975
50.035,waypoint_2,-5.305,-99.782,-29.974
50.067,waypoint_2,-5.247,-99.859,-29.974
50.102,waypoint_2,-5.190,-99.936,-29.974
50.136,waypoint_2,-5.132,-100.014,-29.974
50.168,waypoint_2,-5.074,-100.091,-29.974
50.202,waypoint_2,-5.017,-100.168,-29.974
50.236,waypoint_2,-4.944,-100.265,-29.974
50.268,waypoint_2,-4.887,-100.342,-29.974
50.302,waypoint_2,-4.829,-100.420,-29.974
50.336,waypoint_2,-4.771,-100.498,-29.974
50.368,waypoint_2,-4.713,-100.575,-29.975
50.402,waypoint_2,-4.655,-100.653,-29.975
50.436,waypoint_2,-4.583,-100.751,-29.975
50.468,waypoint_2,-4.525,-100.829,-29.976
50.502,waypoint_2,-4.468,-100.907,-29.976
50.536,waypoint_2,-4.410,-100.985,-29.976
50.568,waypoint_2,-4.352,-101.063,-29.977
50.602,waypoint_2,-4.295,-101.141,-29.977
50.636,waypoint_2,-4.223,-101.238,-29.977
50.668,waypoint_2,-4.166,-101.316,-29.977
50.703,waypoint_2,-4.109,-101.394,-29.977
50.737,waypoint_2,-4.052,-101.473,-29.977
50.769,waypoint_2,-3.995,-101.551,-29.977
50.803,waypoint_2,-3.938,-101.629,-29.977
50.837,waypoint_2,-3.867,-101.727,-29.977
50.869,waypoint_2,-3.810,-101.805,-29.978
50.903,waypoint_2,-3.753,-101.883,-29.978
50.937,waypoint_2,-3.697,-101.962,-29.978
50.969,waypoint_2,-3.641,-102.040,-29.978
51.003,waypoint_2,-3.584,-102.119,-29.978
51.037,waypoint_2,-3.514,-102.217,-29.978
51.069,waypoint_2,-3.457,-102.295,-29.978
51.103,waypoint_2,-3.401,-102.374,-29.978
51.137,waypoint_2,-3.344,-102.452,-29.978
51.169,waypoint_2,-3.288,-102.530,-29.978
51.203,waypoint_2,-3.232,-102.609,-29.978
51.237,waypoint_2,-3.161,-102.707,-29.979
51.269,waypoint_2,-3.105,-102.785,-29.979
51.303,waypoint_2,-3.049,-102.863,-29.979
51.337,waypoint_2,-2.992,-102.942,-29.979
51.369,waypoint_2,-2.936,-103.020,-29.980
51.403,waypoint_2,-2.880,-103.098,-29.980
51.437,waypoint_2,-2.810,-103.196,-29.980
51.469,waypoint_2,-2.753,-103.274,-29.981
51.503,waypoint_2,-2.697,-103.352,-29.981
51.537,waypoint_2,-2.641,-103.430,-29.981
51.569,waypoint_2,-2.585,-103.509,-29.981
51.603,waypoint_2,-2.528,-103.587,-29.981
51.637,waypoint_2,-2.458,-103.684,-29.981
51.669,waypoint_2,-2.402,-103.762,-29.981
51.703,waypoint_2,-2.345,-103.840,-29.981
51.737,waypoint_2,-2.289,-103.918,-29.981
51.769,waypoint_2,-2.233,-103.995,-29.981
51.803,waypoint_2,-2.176,-104.073,-29.981
51.837,waypoint_2,-2.106,-104.169,-29.980
51.869,waypoint_2,-2.049,-104.247,-29.980
51.903,waypoint_2,-1.993,-104.324,-29.980
51.937,waypoint_2,-1.936,-104.402,-29.980
51.969,waypoint_2,-1.880,-104.479,-29.980
52.003,waypoint_2,-1.824,-104.557,-29.979
52.037,waypoint_2,-1.753,-104.654,-29.979
52.069,waypoint_2,-1.697,-104.732,-29.979
52.103,waypoint_2,-1.640,-104.810,-29.979
52.138,waypoint_2,-1.584,-104.888,-29.979
52.170,waypoint_2,-1.527,-104.966,-29.978
52.204,waypoint_2,-1.471,-105.044,-29.978
52.239,waypoint_2,-1.401,-105.141,-29.978
52.271,waypoint_2,-1.345,-105.220,-29.977
52.305,waypoint_2,-1.288,-105.298,-29.977
52.339,waypoint_2,-1.232,-105.376,-29.977
52.371,waypoint_2,-1.176,-105.454,-29.976
52.405,waypoint_2,-1.119,-105.533,-29.976
52.439,waypoint_2,-1.049,-105.630,-29.976
52.471,waypoint_2,-0.993,-105.709,-29.976
52.505,waypoint_2,-0.936,-105.788,-29.975
52.539,waypoint_2,-0.880,-105.866,-29.975
52.573,waypoint_2,-0.824,-105.945,-29.975
52.607,waypoint_2,-0.767,-106.024,-29.975
52.641,waypoint_2,-0.697,-106.122,-29.975
52.673,waypoint_2,-0.641,-106.201,-29.975
52.707,waypoint_2,-0.585,-106.280,-29.975
52.741,waypoint_2,-0.530,-106.359,-29.975
52.773,waypoint_2,-0.474,-106.438,-29.975
52.806,waypoint_2,-0.418,-106.516,-29.975
52.841,waypoint_2,-0.349,-106.615,-29.975
52.873,waypoint_2,-0.293,-106.694,-29.975
52.906,waypoint_2,-0.238,-106.773,-29.975
52.941,waypoint_2,-0.182,-106.852,-29.975
52.974,waypoint_2,-0.126,-106.931,-29.975
53.008,waypoint_2,-0.070,-107.011,-29.974
53.042,waypoint_2,-0.001,-107.110,-29.974
53.074,waypoint_2,0.055,-107.189,-29.975
53.109,waypoint_2,0.111,-107.268,-29.975
53.144,waypoint_2,0.167,-107.347,-29.975
53.176,waypoint_2,0.223,-107.426,-29.975
53.211,waypoint_2,0.279,-107.505,-29.975
53.245,waypoint_2,0.348,-107.604,-29.975
53.277,waypoint_2,0.404,-107.683,-29.975
53.311,waypoint_2,0.459,-107.762,-29.976
53.345,waypoint_2,0.515,-107.840,-29.976
53.378,waypoint_2,0.571,-107.919,-29.976
53.411,waypoint_2,0.626,-107.998,-29.977
53.445,waypoint_2,0.695,-108.096,-29.977
53.477,waypoint_2,0.751,-108.175,-29.978
53.511,waypoint_2,0.806,-108.253,-29.979
53.545,waypoint_2,0.862,-108.332,-29.979
53.577,waypoint_2,0.917,-108.410,-29.980
53.611,waypoint_2,0.972,-108.489,-29.981
53.646,waypoint_2,1.042,-108.587,-29.982
53.678,waypoint_2,1.097,-108.666,-29.982
53.713,waypoint_2,1.153,-108.744,-29.983
53.747,waypoint_2,1.208,-108.823,-29.983
53.779,waypoint_2,1.264,-108.901,-29.984
53.813,waypoint_2,1.320,-108.980,-29.984
53.847,waypoint_2,1.390,-109.077,-29.984
53.879,waypoint_2,1.446,-109.156,-29.984
53.913,waypoint_2,1.502,-109.234,-29.984
53.947,waypoint_2,1.558,-109.312,-29.984
53.979,waypoint_2,1.615,-109.390,-29.983
54.013,waypoint_2,1.671,-109.467,-29.983
54.047,waypoint_2,1.741,-109.565,-29.982
54.079,waypoint_2,1.797,-109.643,-29.982
54.113,waypoint_2,1.854,-109.720,-29.981
54.147,waypoint_2,1.910,-109.798,-29.980
54.179,waypoint_2,1.967,-109.876,-29.979
54.213,waypoint_2,2.023,-109.954,-29.979
54.247,waypoint_2,2.094,-110.052,-29.978
54.279,waypoint_2,2.150,-110.130,-29.977
54.313,waypoint_2,2.207,-110.208,-29.976
54.347,waypoint_2,2.263,-110.286,-29.976
54.379,waypoint_2,2.319,-110.364,-29.975
54.413,waypoint_2,2.376,-110.443,-29.974
54.447,waypoint_2,2.447,-110.541,-29.974
54.479,waypoint_2,2.503,-110.619,-29.973
54.513,waypoint_2,2.559,-110.697,-29.973
54.547,waypoint_2,2.616,-110.776,-29.972
54.579,waypoint_2,2.672,-110.854,-29.972
54.614,waypoint_2,2.728,-110.933,-29.972
54.648,waypoint_2,2.799,-111.031,-29.972
54.680,waypoint_2,2.855,-111.109,-29.971
54.714,waypoint_2,2.911,-111.187,-29.971
54.749,waypoint_2,2.968,-111.266,-29.971
54.780,waypoint_2,3.024,-111.344,-29.971
54.814,waypoint_2,3.080,-111.422,-29.971
54.848,waypoint_2,3.151,-111.520,-29.971
54.880,waypoint_2,3.207,-111.598,-29.971
54.914,waypoint_2,3.264,-111.676,-29.971
54.948,waypoint_2,3.320,-111.754,-29.971
54.980,waypoint_2,3.377,-111.832,-29.971
55.014,waypoint_2,3.433,-111.911,-29.970
55.048,waypoint_2,3.503,-112.009,-29.970
55.080,waypoint_2,3.559,-112.087,-29.970
55.114,waypoint_2,3.616,-112.166,-29.969
55.148,waypoint_2,3.671,-112.244,-29.969
55.180,waypoint_2,3.727,-112.323,-29.969
55.214,waypoint_2,3.783,-112.401,-29.969
55.249,waypoint_2,3.853,-112.499,-29.968
55.280,waypoint_2,3.909,-112.578,-29.968
55.314,waypoint_2,3.965,-112.657,-29.968
55.348,waypoint_2,4.020,-112.735,-29.969
55.380,waypoint_2,4.076,-112.814,-29.969
55.415,waypoint_2,4.132,-112.893,-29.969
55.448,waypoint_2,4.201,-112.991,-29.969
55.480,waypoint_2,4.257,-113.070,-29.970
55.514,waypoint_2,4.312,-113.149,-29.970
55.548,waypoint_2,4.368,-113.227,-29.970
55.581,waypoint_2,4.423,-113.306,-29.970
55.614,waypoint_2,4.479,-113.385,-29.970
55.648,waypoint_2,4.549,-113.483,-29.970
55.680,waypoint_2,4.604,-113.562,-29.970
55.714,waypoint_2,4.660,-113.641,-29.970
55.749,waypoint_2,4.716,-113.720,-29.970
55.780,waypoint_2,4.771,-113.798,-29.970
55.814,waypoint_2,4.827,-113.877,-29.970
55.848,waypoint_2,4.896,-113.975,-29.970
55.880,waypoint_2,4.952,-114.053,-29.970
55.915,waypoint_2,5.007,-114.131,-29.970
55.949,waypoint_2,5.063,-114.210,-29.970
55.982,waypoint_2,5.118,-114.288,-29.970
56.016,waypoint_2,5.174,-114.366,-29.970
56.050,waypoint_2,5.243,-114.463,-29.970
56.084,waypoint_2,5.299,-114.541,-29.971
56.118,waypoint_2,5.355,-114.619,-29.971
56.152,waypoint_2,5.410,-114.696,-29.971
56.184,waypoint_2,5.466,-114.774,-29.971
56.218,waypoint_2,5.522,-114.852,-29.971
56.253,waypoint_2,5.592,-114.949,-29.971
56.285,waypoint_2,5.648,-115.026,-29.970
56.319,waypoint_2,5.704,-115.104,-29.970
56.354,waypoint_2,5.760,-115.182,-29.970
56.386,waypoint_2,5.816,-115.259,-29.970
56.421,waypoint_2,5.873,-115.337,-29.970
56.455,waypoint_2,5.944,-115.435,-29.970
56.487,waypoint_2,6.000,-115.512,-29.970
56.521,waypoint_2,6.057,-115.590,-29.969
56.555,waypoint_2,6.114,-115.668,-29.969
56.588,waypoint_2,6.171,-115.746,-29.969
56.622,waypoint_2,6.228,-115.824,-29.969
56.656,waypoint_2,6.300,-115.921,-29.968
56.688,waypoint_2,6.357,-115.999,-29.968
56.722,waypoint_2,6.414,-116.076,-29.968
56.756,waypoint_2,6.472,-116.154,-29.967
56.788,waypoint_2,6.529,-116.231,-29.967
56.822,waypoint_2,6.586,-116.309,-29.967
56.856,waypoint_2,6.658,-116.406,-29.967
56.888,waypoint_2,6.716,-116.483,-29.967
56.922,waypoint_2,6.773,-116.561,-29.967
56.956,waypoint_2,6.831,-116.639,-29.966
56.988,waypoint_2,6.888,-116.716,-29.966
57.022,waypoint_2,6.946,-116.794,-29.966
57.056,waypoint_2,7.017,-116.890,-29.966
57.094,waypoint_2,7.061,-116.949,-29.966
57.138,waypoint_2,7.132,-117.046,-29.966
57.172,waypoint_2,7.190,-117.123,-29.966
57.204,waypoint_2,7.247,-117.201,-29.965
57.238,waypoint_2,7.304,-117.278,-29.965
57.272,waypoint_2,7.375,-117.376,-29.965
57.304,waypoint_2,7.432,-117.453,-29.965
57.338,waypoint_2,7.489,-117.531,-29.965
57.372,waypoint_2,7.545,-117.609,-29.965
57.404,waypoint_2,7.602,-117.687,-29.965
57.438,waypoint_2,7.658,-117.765,-29.965
57.472,waypoint_2,7.728,-117.862,-29.965
57.504,waypoint_2,7.784,-117.940,-29.965
57.538,waypoint_2,7.840,-118.018,-29.965
57.572,waypoint_2,7.896,-118.096,-29.965
57.604,waypoint_2,7.952,-118.174,-29.965
57.638,waypoint_2,8.008,-118.252,-29.965
57.672,waypoint_2,8.078,-118.349,-29.965
57.704,waypoint_2,8.133,-118.427,-29.966
57.738,waypoint_2,8.189,-118.505,-29.966
57.772,waypoint_2,8.245,-118.583,-29.966
57.804,waypoint_2,8.301,-118.661,-29.966
57.838,waypoint_2,8.357,-118.738,-29.967
57.872,waypoint_2,8.426,-118.836,-29.967
57.906,waypoint_2,8.482,-118.914,-29.967
57.940,waypoint_2,8.537,-118.992,-29.967
57.974,waypoint_2,8.593,-119.070,-29.967
58.006,waypoint_2,8.649,-119.148,-29.967
58.040,waypoint_2,8.705,-119.226,-29.967
58.074,waypoint_2,8.774,-119.324,-29.968
58.106,waypoint_2,8.830,-119.402,-29.968
58.140,waypoint_2,8.886,-119.480,-29.968
58.174,waypoint_2,8.942,-119.558,-29.968
58.208,waypoint_2,8.998,-119.636,-29.968
58.242,waypoint_2,9.054,-119.714,-29.968
58.276,waypoint_2,9.124,-119.811,-29.968
58.308,waypoint_2,9.180,-119.889,-29.969
58.341,waypoint_2,9.236,-119.967,-29.969
58.376,waypoint_2,9.292,-120.045,-29.969
58.408,waypoint_2,9.348,-120.123,-29.969
58.442,waypoint_2,9.404,-120.201,-29.969
58.476,waypoint_2,9.474,-120.298,-29.969
58.508,waypoint_2,9.530,-120.376,-29.970
58.542,waypoint_2,9.586,-120.454,-29.970
58.576,waypoint_2,9.642,-120.532,-29.971
58.608,waypoint_2,9.698,-120.611,-29.971
58.643,waypoint_2,9.753,-120.689,-29.972
58.677,waypoint_2,9.823,-120.786,-29.972
58.710,waypoint_2,9.879,-120.865,-29.973
58.759,waypoint_2,9.934,-120.943,-29.973
58.806,waypoint_2,9.990,-121.021,-29.974
58.842,waypoint_2,10.045,-121.099,-29.974
58.876,waypoint_2,10.100,-121.177,-29.974
58.908,waypoint_2,10.156,-121.255,-29.975
58.942,waypoint_2,10.225,-121.353,-29.975
58.977,waypoint_2,10.280,-121.431,-29.975
59.009,waypoint_2,10.335,-121.509,-29.975
59.043,waypoint_2,10.390,-121.588,-29.976
59.077,waypoint_2,10.445,-121.666,-29.976
59.109,waypoint_2,10.501,-121.744,-29.976
59.143,waypoint_2,10.570,-121.842,-29.977
59.177,waypoint_2,10.625,-121.920,-29.977
59.210,waypoint_2,10.680,-121.998,-29.977
59.244,waypoint_2,10.735,-122.076,-29.977
59.278,waypoint_2,10.790,-122.154,-29.977
59.310,waypoint_2,10.845,-122.231,-29.977
59.344,waypoint_2,10.914,-122.329,-29.977
59.378,waypoint_2,10.969,-122.406,-29.976
59.410,waypoint_2,11.025,-122.484,-29.976
59.444,waypoint_2,11.080,-122.561,-29.975
59.479,waypoint_2,11.135,-122.639,-29.975
59.511,waypoint_2,11.191,-122.716,-29.974
59.545,waypoint_2,11.260,-122.813,-29.974
59.580,waypoint_2,11.316,-122.890,-29.974
59.611,waypoint_2,11.371,-122.967,-29.974
59.645,waypoint_2,11.427,-123.044,-29.973
59.679,waypoint_2,11.482,-123.121,-29.973
59.713,waypoint_2,11.537,-123.198,-29.973
59.747,waypoint_2,11.607,-123.294,-29.973
59.781,waypoint_2,11.662,-123.371,-29.973
59.813,waypoint_2,11.717,-123.447,-29.973
59.847,waypoint_2,11.772,-123.524,-29.973
59.881,waypoint_2,11.828,-123.601,-29.972
59.913,waypoint_2,11.883,-123.679,-29.972
59.947,waypoint_2,11.952,-123.775,-29.972
59.981,waypoint_2,12.007,-123.852,-29.972
60.013,waypoint_2,12.062,-123.929,-29.972
60.047,waypoint_2,12.117,-124.007,-29.972
60.081,waypoint_2,12.172,-124.084,-29.972
60.113,waypoint_2,12.227,-124.161,-29.972
60.147,waypoint_2,12.296,-124.258,-29.971
60.181,waypoint_2,12.351,-124.335,-29.971
60.212,waypoint_2,12.406,-124.412,-29.972
60.247,waypoint_2,12.461,-124.489,-29.972
60.281,waypoint_2,12.517,-124.566,-29.972
60.313,waypoint_2,12.572,-124.644,-29.972
60.347,waypoint_2,12.641,-124.740,-29.972
60.381,waypoint_2,12.697,-124.818,-29.972
60.413,waypoint_2,12.752,-124.895,-29.973
60.448,waypoint_2,12.808,-124.972,-29.973
60.482,waypoint_2,12.864,-125.049,-29.973
60.514,waypoint_2,12.919,-125.127,-29.973
60.549,waypoint_2,12.989,-125.223,-29.973
60.583,waypoint_2,13.044,-125.301,-29.973
60.615,waypoint_2,13.100,-125.378,-29.973
60.649,waypoint_2,13.156,-125.456,-29.973
60.683,waypoint_2,13.212,-125.533,-29.973
60.715,waypoint_2,13.268,-125.611,-29.973
60.749,waypoint_2,13.338,-125.708,-29.973
60.783,waypoint_2,13.394,-125.786,-29.973
60.815,waypoint_2,13.449,-125.863,-29.973
60.849,waypoint_3,13.505,-125.941,-29.973
60.883,waypoint_3,13.561,-126.019,-29.973
60.915,waypoint_3,13.617,-126.097,-29.976
60.949,waypoint_3,13.687,-126.194,-29.984
60.983,waypoint_3,13.742,-126.272,-29.994
61.015,waypoint_3,13.795,-126.349,-30.006
61.049,waypoint_3,13.847,-126.426,-30.018
61.083,waypoint_3,13.895,-126.503,-30.031
61.115,waypoint_3,13.941,-126.579,-30.044
61.149,waypoint_3,13.991,-126.673,-30.058
61.183,waypoint_3,14.026,-126.748,-30.067
61.215,waypoint_3,14.056,-126.822,-30.075
61.249,waypoint_3,14.081,-126.895,-30.081
61.283,waypoint_3,14.101,-126.967,-30.085
61.315,waypoint_3,14.114,-127.039,-30.087
61.349,waypoint_3,14.123,-127.127,-30.087
61.383,waypoint_3,14.123,-127.197,-30.085
61.415,waypoint_3,14.118,-127.266,-30.082
61.449,waypoint_3,14.107,-127.335,-30.078
61.483,waypoint_3,14.090,-127.403,-30.073
61.515,waypoint_3,14.069,-127.470,-30.067
61.549,waypoint_3,14.034,-127.553,-30.059
61.585,waypoint_3,14.001,-127.619,-30.052
61.616,waypoint_3,13.964,-127.684,-30.045
61.651,waypoint_3,13.922,-127.748,-30.038
61.685,waypoint_3,13.877,-127.813,-30.031
61.717,waypoint_3,13.827,-127.876,-30.024
61.752,waypoint_3,13.761,-127.955,-30.016
61.785,waypoint_3,13.705,-128.018,-30.010
61.818,waypoint_3,13.646,-128.081,-30.005
61.853,waypoint_3,13.585,-128.143,-29.999
61.887,waypoint_3,13.522,-128.205,-29.995
61.920,waypoint_3,13.456,-128.266,-29.990
61.954,waypoint_3,13.373,-128.343,-29.986
61.988,waypoint_3,13.304,-128.404,-29.983
62.019,waypoint_3,13.234,-128.465,-29.980
62.053,waypoint_3,13.164,-128.526,-29.978
62.089,waypoint_3,13.093,-128.587,-29.976
62.121,waypoint_3,13.021,-128.647,-29.975
62.154,waypoint_3,12.930,-128.723,-29.973
62.189,waypoint_3,12.857,-128.784,-29.972
62.220,waypoint_3,12.784,-128.845,-29.972
62.254,waypoint_3,12.711,-128.905,-29.972
62.289,waypoint_3,12.637,-128.966,-29.971
62.320,waypoint_3,12.563,-129.027,-29.972
62.355,waypoint_3,12.471,-129.102,-29.972
62.388,waypoint_3,12.397,-129.163,-29.972
62.420,waypoint_3,12.324,-129.223,-29.973
62.454,waypoint_3,12.250,-129.283,-29.973
62.488,waypoint_3,12.177,-129.343,-29.974
62.520,waypoint_3,12.104,-129.404,-29.974
62.554,waypoint_3,12.012,-129.479,-29.975
62.590,waypoint_3,11.940,-129.539,-29.975
62.622,waypoint_3,11.867,-129.599,-29.975
62.657,waypoint_3,11.795,-129.659,-29.976
62.691,waypoint_3,11.722,-129.719,-29.976
62.723,waypoint_3,11.650,-129.780,-29.976
62.757,waypoint_3,11.560,-129.855,-29.976
62.791,waypoint_3,11.488,-129.916,-29.976
62.823,waypoint_3,11.416,-129.976,-29.976
62.857,waypoint_3,11.344,-130.036,-29.976
62.891,waypoint_3,11.272,-130.097,-29.976
62.923,waypoint_3,11.201,-130.157,-29.977
62.957,waypoint_3,11.111,-130.233,-29.977
62.991,waypoint_3,11.039,-130.294,-29.977
63.023,waypoint_3,10.968,-130.354,-29.977
63.057,waypoint_3,10.896,-130.415,-29.978
63.091,waypoint_3,10.824,-130.476,-29.979
63.123,waypoint_3,10.753,-130.537,-29.979
63.157,waypoint_3,10.663,-130.613,-29.980
63.191,waypoint_3,10.591,-130.674,-29.981
63.223,waypoint_3,10.520,-130.736,-29.982
63.257,waypoint_3,10.448,-130.797,-29.982
63.291,waypoint_3,10.376,-130.858,-29.983
63.323,waypoint_3,10.305,-130.919,-29.984
63.357,waypoint_3,10.215,-130.995,-29.984
63.391,waypoint_3,10.143,-131.057,-29.985
63.423,waypoint_3,10.071,-131.118,-29.986
63.457,waypoint_3,9.999,-131.179,-29.986
63.491,waypoint_3,9.927,-131.240,-29.987
63.523,waypoint_3,9.855,-131.301,-29.988
63.557,waypoint_3,9.765,-131.377,-29.989
63.591,waypoint_3,9.693,-131.438,-29.990
63.623,waypoint_3,9.620,-131.499,-29.991
63.657,waypoint_3,9.547,-131.560,-29.992
63.691,waypoint_3,9.475,-131.621,-29.993
63.723,waypoint_3,9.402,-131.681,-29.994
63.757,waypoint_3,9.311,-131.757,-29.995
63.791,waypoint_3,9.238,-131.818,-29.996
63.823,waypoint_3,9.165,-131.879,-29.997
63.857,waypoint_3,9.092,-131.939,-29.997
63.891,waypoint_3,9.019,-132.000,-29.998
63.923,waypoint_3,8.946,-132.060,-29.999
63.957,waypoint_3,8.854,-132.136,-30.000
63.991,waypoint_3,8.781,-132.196,-30.000
64.023,waypoint_3,8.707,-132.257,-30.001
64.057,waypoint_3,8.633,-132.317,-30.001
64.091,waypoint_3,8.559,-132.377,-30.002
64.123,waypoint_3,8.485,-132.437,-30.002
64.157,waypoint_3,8.392,-132.512,-30.003
64.191,waypoint_3,8.317,-132.572,-30.003
64.223,waypoint_3,8.243,-132.633,-30.004
64.257,waypoint_3,8.168,-132.693,-30.004
64.291,waypoint_3,8.093,-132.753,-30.004
64.323,waypoint_3,8.019,-132.813,-30.004
64.357,waypoint_3,7.925,-132.888,-30.004
64.391,waypoint_3,7.850,-132.948,-30.004
64.423,waypoint_3,7.774,-133.008,-30.003
64.457,waypoint_3,7.699,-133.068,-30.003
64.491,waypoint_3,7.623,-133.128,-30.003
64.524,waypoint_3,7.548,-133.187,-30.003
64.557,waypoint_3,7.453,-133.262,-30.002
64.591,waypoint_3,7.378,-133.322,-30.002
64.623,waypoint_3,7.302,-133.381,-30.001
64.657,waypoint_3,7.226,-133.441,-30.001
64.691,waypoint_3,7.150,-133.501,-30.000
64.723,waypoint_3,7.074,-133.560,-29.999
64.757,waypoint_3,6.979,-133.635,-29.998
64.791,waypoint_3,6.904,-133.694,-29.998
64.823,waypoint_3,6.828,-133.754,-29.997
64.857,waypoint_3,6.752,-133.814,-29.996
64.889,waypoint_3,6.676,-133.874,-29.995
64.923,waypoint_3,6.600,-133.934,-29.994
64.958,waypoint_3,6.505,-134.008,-29.993
64.990,waypoint_3,6.430,-134.068,-29.992
65.024,waypoint_3,6.354,-134.127,-29.992
65.058,waypoint_3,6.278,-134.186,-29.991
65.090,waypoint_3,6.203,-134.246,-29.991
65.125,waypoint_3,6.127,-134.305,-29.990
65.159,waypoint_3,6.032,-134.379,-29.990
65.191,waypoint_3,5.956,-134.438,-29.990
65.225,waypoint_3,5.880,-134.497,-29.990
65.259,waypoint_3,5.805,-134.556,-29.990
65.292,waypoint_3,5.729,-134.615,-29.990
65.326,waypoint_3,5.653,-134.674,-29.990
65.360,waypoint_3,5.558,-134.748,-29.991
65.392,waypoint_3,5.482,-134.807,-29.991
65.426,waypoint_3,5.406,-134.866,-29.992
65.460,waypoint_3,5.330,-134.925,-29.992
65.492,waypoint_3,5.254,-134.983,-29.993
65.526,waypoint_3,5.177,-135.042,-29.993
65.561,waypoint_3,5.082,-135.116,-29.993
65.606,waypoint_3,5.005,-135.175,-29.994
65.643,waypoint_3,4.929,-135.234,-29.994
65.677,waypoint_3,4.852,-135.293,-29.994
65.709,waypoint_3,4.775,-135.352,-29.994
65.743,waypoint_3,4.698,-135.411,-29.994
65.777,waypoint_3,4.602,-135.485,-29.994
65.809,waypoint_3,4.525,-135.544,-29.994
65.843,waypoint_3,4.448,-135.604,-29.993
65.877,waypoint_3,4.371,-135.663,-29.993
65.909,waypoint_3,4.294,-135.722,-29.993
65.943,waypoint_3,4.217,-135.782,-29.992
65.977,waypoint_3,4.120,-135.856,-29.992
66.009,waypoint_3,4.043,-135.916,-29.991
66.043,waypoint_3,3.965,-135.976,-29.991
66.077,waypoint_3,3.888,-136.036,-29.990
66.109,waypoint_3,3.810,-136.096,-29.990
66.143,waypoint_3,3.732,-136.156,-29.989
66.177,waypoint_3,3.635,-136.231,-29.989
66.210,waypoint_3,3.558,-136.291,-29.989
66.244,waypoint_3,3.480,-136.351,-29.988
66.278,waypoint_3,3.403,-136.411,-29.988
66.310,waypoint_3,3.325,-136.471,-29.988
66.344,waypoint_3,3.248,-136.532,-29.988
66.378,waypoint_3,3.151,-136.607,-29.988
66.410,waypoint_3,3.074,-136.667,-29.988
66.444,waypoint_3,2.996,-136.727,-29.988
66.478,waypoint_3,2.919,-136.787,-29.988
66.510,waypoint_3,2.841,-136.847,-29.989
66.544,waypoint_3,2.763,-136.907,-29.989
66.578,waypoint_3,2.666,-136.982,-29.989
66.610,waypoint_3,2.589,-137.042,-29.990
66.644,waypoint_3,2.511,-137.102,-29.990
66.678,waypoint_3,2.434,-137.161,-29.991
66.710,waypoint_3,2.356,-137.221,-29.991
66.744,waypoint_3,2.278,-137.281,-29.992
66.778,waypoint_3,2.181,-137.355,-29.993
66.810,waypoint_3,2.103,-137.415,-29.993
66.844,waypoint_3,2.025,-137.474,-29.994
66.878,waypoint_3,1.947,-137.534,-29.995
66.910,waypoint_3,1.869,-137.593,-29.995
66.944,waypoint_3,1.791,-137.652,-29.996
66.978,waypoint_3,1.694,-137.727,-29.997
67.010,waypoint_3,1.615,-137.786,-29.998
67.044,waypoint_3,1.537,-137.845,-29.998
67.078,waypoint_3,1.459,-137.905,-29.999
67.110,waypoint_3,1.381,-137.964,-30.000
67.144,waypoint_3,1.303,-138.024,-30.001
67.178,waypoint_3,1.205,-138.099,-30.002
67.210,waypoint_3,1.127,-138.159,-30.002
67.244,waypoint_3,1.049,-138.219,-30.003
67.278,waypoint_3,0.972,-138.279,-30.004
67.310,waypoint_3,0.894,-138.339,-30.005
67.344,waypoint_3,0.816,-138.399,-30.005
67.378,waypoint_3,0.720,-138.474,-30.005
67.410,waypoint_3,0.642,-138.534,-30.006
67.444,waypoint_3,0.565,-138.595,-30.006
67.478,waypoint_3,0.488,-138.655,-30.006
67.510,waypoint_3,0.410,-138.715,-30.006
67.544,waypoint_3,0.333,-138.776,-30.006
67.578,waypoint_3,0.237,-138.851,-30.006
67.610,waypoint_3,0.159,-138.912,-30.006
67.644,waypoint_3,0.082,-138.972,-30.006
67.678,waypoint_3,0.005,-139.033,-30.006
67.710,waypoint_3,-0.072,-139.093,-30.007
67.744,waypoint_3,-0.150,-139.154,-30.007
67.778,waypoint_3,-0.246,-139.229,-30.007
67.810,waypoint_3,-0.323,-139.290,-30.007
67.844,waypoint_3,-0.401,-139.350,-30.007
67.878,waypoint_3,-0.478,-139.410,-30.007
67.910,waypoint_3,-0.555,-139.471,-30.007
67.944,waypoint_3,-0.633,-139.531,-30.008
67.978,waypoint_3,-0.729,-139.606,-30.008
68.010,waypoint_3,-0.807,-139.667,-30.008
68.044,waypoint_3,-0.884,-139.727,-30.009
68.078,waypoint_3,-0.961,-139.787,-30.009
68.110,waypoint_3,-1.039,-139.847,-30.010
68.144,waypoint_3,-1.116,-139.907,-30.010
68.178,waypoint_3,-1.213,-139.982,-30.010
68.210,waypoint_3,-1.291,-140.042,-30.011
68.244,waypoint_3,-1.369,-140.103,-30.011
68.278,waypoint_3,-1.446,-140.163,-30.011
68.310,waypoint_3,-1.524,-140.223,-30.011
68.344,waypoint_3,-1.603,-140.283,-30.011
68.378,waypoint_3,-1.700,-140.358,-30.011
68.410,waypoint_3,-1.778,-140.418,-30.011
68.444,waypoint_3,-1.857,-140.479,-30.011
68.478,waypoint_3,-1.935,-140.539,-30.011
68.510,waypoint_3,-2.013,-140.600,-30.011
68.544,waypoint_3,-2.091,-140.660,-30.011
68.578,waypoint_3,-2.189,-140.736,-30.011
68.610,waypoint_3,-2.267,-140.797,-30.011
68.644,waypoint_3,-2.346,-140.858,-30.011
68.678,waypoint_3,-2.424,-140.919,-30.010
68.710,waypoint_3,-2.502,-140.980,-30.010
68.744,waypoint_3,-2.580,-141.041,-30.010
68.778,waypoint_3,-2.677,-141.116,-30.009
68.810,waypoint_3,-2.755,-141.177,-30.009
68.844,waypoint_3,-2.833,-141.238,-30.008
68.878,waypoint_3,-2.911,-141.298,-30.007
68.910,waypoint_3,-2.988,-141.359,-30.007
68.944,waypoint_3,-3.066,-141.419,-30.006
68.978,waypoint_3,-3.163,-141.494,-30.005
69.010,waypoint_3,-3.241,-141.555,-30.005
69.044,waypoint_3,-3.319,-141.615,-30.004
69.078,waypoint_3,-3.397,-141.675,-30.004
69.110,waypoint_3,-3.475,-141.735,-30.003
69.144,waypoint_3,-3.552,-141.796,-30.003
69.178,waypoint_3,-3.649,-141.871,-30.003
69.210,waypoint_3,-3.727,-141.931,-30.002
69.244,waypoint_3,-3.805,-141.991,-30.002
69.278,waypoint_3,-3.882,-142.051,-30.002
69.310,waypoint_3,-3.960,-142.111,-30.002
69.344,waypoint_3,-4.038,-142.172,-30.001
69.378,waypoint_3,-4.135,-142.247,-30.001
69.410,waypoint_3,-4.212,-142.307,-30.001
69.444,waypoint_3,-4.290,-142.367,-30.001
69.478,waypoint_3,-4.368,-142.428,-30.000
69.510,waypoint_3,-4.445,-142.488,-30.000
69.544,waypoint_3,-4.523,-142.548,-30.000
69.578,waypoint_3,-4.620,-142.624,-30.000
69.610,waypoint_3,-4.698,-142.684,-30.000
69.644,waypoint_3,-4.776,-142.744,-30.001
69.678,waypoint_3,-4.853,-142.805,-30.001
69.710,waypoint_3,-4.931,-142.865,-30.001
69.744,waypoint_3,-5.009,-142.925,-30.002
69.778,waypoint_3,-5.106,-143.001,-30.003
69.810,waypoint_3,-5.184,-143.061,-30.003
69.844,waypoint_3,-5.262,-143.121,-30.004
69.878,waypoint_3,-5.340,-143.182,-30.005
69.910,waypoint_3,-5.417,-143.242,-30.005
69.944,waypoint_3,-5.495,-143.302,-30.006
69.978,waypoint_3,-5.592,-143.378,-30.007
70.010,waypoint_3,-5.670,-143.438,-30.008
70.044,waypoint_3,-5.747,-143.499,-30.008
70.078,waypoint_3,-5.825,-143.559,-30.009
70.110,waypoint_3,-5.902,-143.620,-30.009
70.144,waypoint_3,-5.979,-143.681,-30.010
70.178,waypoint_3,-6.076,-143.757,-30.011
70.210,waypoint_3,-6.153,-143.817,-30.011
70.244,waypoint_3,-6.231,-143.878,-30.012
70.278,waypoint_3,-6.308,-143.939,-30.012
70.310,waypoint_3,-6.385,-144.000,-30.013
70.345,waypoint_3,-6.463,-144.061,-30.013
70.378,waypoint_3,-6.559,-144.137,-30.014
70.410,waypoint_3,-6.636,-144.197,-30.015
70.444,waypoint_3,-6.714,-144.258,-30.015
70.478,waypoint_3,-6.791,-144.318,-30.016
70.510,waypoint_3,-6.868,-144.378,-30.016
70.544,waypoint_3,-6.945,-144.439,-30.017
70.578,waypoint_3,-7.041,-144.514,-30.017
70.610,waypoint_3,-7.118,-144.574,-30.018
70.644,waypoint_3,-7.194,-144.634,-30.018
70.678,waypoint_3,-7.271,-144.695,-30.019
70.710,waypoint_3,-7.348,-144.755,-30.019
70.744,waypoint_3,-7.424,-144.815,-30.019
70.778,waypoint_3,-7.520,-144.891,-30.019
70.810,waypoint_3,-7.596,-144.951,-30.019
70.844,waypoint_3,-7.672,-145.011,-30.019
70.878,waypoint_3,-7.748,-145.072,-30.019
70.910,waypoint_3,-7.824,-145.132,-30.019
70.945,waypoint_3,-7.900,-145.192,-30.019
70.979,waypoint_3,-7.996,-145.268,-30.019
71.011,waypoint_3,-8.072,-145.328,-30.018
71.045,waypoint_3,-8.148,-145.389,-30.018
71.079,waypoint_3,-8.224,-145.450,-30.018
71.111,waypoint_3,-8.300,-145.510,-30.018
71.145,waypoint_3,-8.376,-145.571,-30.018
71.179,waypoint_3,-8.472,-145.647,-30.017
71.211,waypoint_3,-8.548,-145.708,-30.017
71.245,waypoint_3,-8.624,-145.768,-30.017
71.279,waypoint_3,-8.700,-145.829,-30.017
71.311,waypoint_3,-8.777,-145.890,-30.016
71.346,waypoint_3,-8.853,-145.951,-30.016
71.380,waypoint_3,-8.948,-146.027,-30.016
71.412,waypoint_3,-9.025,-146.088,-30.016
71.446,waypoint_3,-9.101,-146.149,-30.016
71.480,waypoint_3,-9.177,-146.210,-30.016
71.514,waypoint_3,-9.253,-146.270,-30.016
71.548,waypoint_3,-9.329,-146.331,-30.016
71.582,waypoint_3,-9.423,-146.407,-30.016
71.614,waypoint_3,-9.499,-146.468,-30.016
71.648,waypoint_3,-9.575,-146.528,-30.016
71.682,waypoint_3,-9.651,-146.589,-30.016
71.714,waypoint_3,-9.726,-146.649,-30.016
71.748,waypoint_3,-9.802,-146.709,-30.016
71.783,waypoint_3,-9.897,-146.784,-30.016
71.815,waypoint_3,-9.972,-146.844,-30.016
71.849,waypoint_3,-10.048,-146.903,-30.016
71.883,waypoint_3,-10.124,-146.963,-30.016
71.915,waypoint_3,-10.199,-147.023,-30.016
71.949,waypoint_3,-10.275,-147.083,-30.017
71.983,waypoint_3,-10.369,-147.158,-30.017
72.016,waypoint_3,-10.444,-147.217,-30.017
72.050,waypoint_3,-10.520,-147.278,-30.018
72.084,waypoint_3,-10.595,-147.338,-30.018
72.117,waypoint_3,-10.670,-147.398,-30.018
72.151,waypoint_3,-10.745,-147.458,-30.019
72.186,waypoint_3,-10.839,-147.534,-30.019
72.218,waypoint_3,-10.915,-147.594,-30.019
72.252,waypoint_3,-10.990,-147.654,-30.019
72.286,waypoint_3,-11.065,-147.715,-30.019
72.318,waypoint_3,-11.141,-147.775,-30.019
72.352,waypoint_3,-11.216,-147.836,-30.019
72.386,waypoint_3,-11.311,-147.911,-30.019
72.418,waypoint_3,-11.386,-147.972,-30.019
72.452,waypoint_3,-11.462,-148.032,-30.019
72.486,waypoint_3,-11.538,-148.093,-30.019
72.518,waypoint_3,-11.613,-148.153,-30.019
72.552,waypoint_3,-11.689,-148.214,-30.019
72.586,waypoint_3,-11.783,-148.290,-30.018
72.618,waypoint_3,-11.858,-148.351,-30.018
72.652,waypoint_3,-11.934,-148.411,-30.018
72.686,waypoint_3,-12.009,-148.472,-30.017
72.718,waypoint_3,-12.084,-148.533,-30.017
72.752,waypoint_3,-12.159,-148.594,-30.017
72.786,waypoint_3,-12.253,-148.671,-30.017
72.818,waypoint_3,-12.328,-148.732,-30.017
72.852,waypoint_3,-12.403,-148.793,-30.017
72.886,waypoint_3,-12.478,-148.854,-30.017
72.918,waypoint_3,-12.552,-148.915,-30.017
72.952,waypoint_3,-12.627,-148.976,-30.017
72.986,waypoint_3,-12.721,-149.052,-30.017
73.018,waypoint_3,-12.795,-149.114,-30.017
73.052,waypoint_3,-12.870,-149.175,-30.017
73.086,waypoint_3,-12.945,-149.236,-30.016
73.118,waypoint_3,-13.019,-149.298,-30.016
73.152,waypoint_3,-13.093,-149.359,-30.016
73.186,waypoint_3,-13.186,-149.435,-30.016
73.218,waypoint_3,-13.261,-149.497,-30.016
73.252,waypoint_3,-13.335,-149.558,-30.016
73.286,waypoint_3,-13.410,-149.619,-30.016
73.318,waypoint_3,-13.484,-149.680,-30.016
73.352,waypoint_3,-13.558,-149.742,-30.015
73.386,waypoint_3,-13.652,-149.818,-30.016
73.418,waypoint_3,-13.726,-149.879,-30.016
73.452,waypoint_3,-13.801,-149.940,-30.016
73.486,waypoint_3,-13.876,-150.001,-30.016
73.518,waypoint_3,-13.951,-150.061,-30.017
73.552,waypoint_3,-14.026,-150.122,-30.017
73.587,waypoint_3,-14.119,-150.198,-30.018
73.618,waypoint_3,-14.194,-150.258,-30.018
73.653,waypoint_3,-14.269,-150.319,-30.019
73.687,waypoint_3,-14.344,-150.379,-30.019
73.719,waypoint_3,-14.419,-150.440,-30.020
73.754,waypoint_3,-14.494,-150.500,-30.020
73.787,waypoint_3,-14.588,-150.576,-30.021
73.819,waypoint_3,-14.663,-150.636,-30.021
73.853,waypoint_3,-14.738,-150.697,-30.022
73.887,waypoint_3,-14.813,-150.758,-30.022
73.919,waypoint_3,-14.889,-150.818,-30.022
73.953,waypoint_3,-14.964,-150.879,-30.022
73.987,waypoint_3,-15.058,-150.955,-30.022
74.019,waypoint_3,-15.133,-151.015,-30.023
74.053,waypoint_3,-15.209,-151.076,-30.023
74.088,waypoint_3,-15.284,-151.137,-30.023
74.119,waypoint_3,-15.359,-151.197,-30.023
74.153,waypoint_3,-15.434,-151.258,-30.024
74.187,waypoint_3,-15.528,-151.334,-30.024
74.219,waypoint_3,-15.602,-151.395,-30.024
74.254,waypoint_3,-15.677,-151.455,-30.025
74.287,waypoint_3,-15.751,-151.516,-30.025
74.319,waypoint_3,-15.826,-151.577,-30.025
74.353,waypoint_3,-15.900,-151.637,-30.025
74.389,waypoint_3,-15.993,-151.713,-30.025
74.421,waypoint_3,-16.067,-151.774,-30.025
74.454,waypoint_3,-16.141,-151.834,-30.025
74.489,waypoint_3,-16.216,-151.895,-30.024
74.521,waypoint_3,-16.290,-151.955,-30.024
74.557,waypoint_3,-16.364,-152.016,-30.024
74.604,waypoint_3,-16.457,-152.091,-30.023
74.637,waypoint_3,-16.532,-152.152,-30.023
74.671,waypoint_3,-16.606,-152.213,-30.022
74.705,waypoint_3,-16.680,-152.274,-30.021
74.739,waypoint_3,-16.755,-152.334,-30.021
74.773,waypoint_3,-16.829,-152.395,-30.020
74.807,waypoint_3,-16.922,-152.471,-30.020
74.839,waypoint_3,-16.996,-152.532,-30.019
74.873,waypoint_3,-17.071,-152.592,-30.019
74.908,waypoint_3,-17.145,-152.653,-30.019
74.940,waypoint_3,-17.220,-152.714,-30.018
74.974,waypoint_3,-17.295,-152.775,-30.018
75.008,waypoint_3,-17.388,-152.851,-30.018
75.040,waypoint_3,-17.462,-152.912,-30.017
75.074,waypoint_3,-17.537,-152.973,-30.017
75.108,waypoint_3,-17.612,-153.035,-30.016
75.140,waypoint_3,-17.686,-153.096,-30.016
75.174,waypoint_3,-17.761,-153.157,-30.015
75.208,waypoint_3,-17.854,-153.233,-30.015
75.240,waypoint_3,-17.929,-153.294,-30.015
75.274,waypoint_3,-18.004,-153.356,-30.014
75.308,waypoint_3,-18.078,-153.417,-30.014
75.340,waypoint_3,-18.153,-153.478,-30.014
75.374,waypoint_3,-18.228,-153.539,-30.013
75.408,waypoint_3,-18.321,-153.616,-30.013
75.440,waypoint_3,-18.396,-153.677,-30.013
75.474,waypoint_3,-18.471,-153.739,-30.013
75.508,waypoint_3,-18.546,-153.800,-30.013
75.540,waypoint_3,-18.621,-153.862,-30.012
75.574,waypoint_3,-18.696,-153.924,-30.012
75.608,waypoint_3,-18.789,-154.001,-30.012
75.640,waypoint_3,-18.863,-154.062,-30.012
75.674,waypoint_3,-18.938,-154.124,-30.012
75.708,waypoint_3,-19.012,-154.186,-30.011
75.740,waypoint_3,-19.087,-154.247,-30.011
75.774,waypoint_3,-19.161,-154.309,-30.011
75.808,waypoint_3,-19.254,-154.386,-30.010
75.840,waypoint_3,-19.328,-154.448,-30.010
75.874,waypoint_3,-19.402,-154.510,-30.010
75.908,waypoint_3,-19.476,-154.571,-30.009
75.940,waypoint_3,-19.551,-154.633,-30.009
75.974,waypoint_3,-19.625,-154.695,-30.008
76.008,waypoint_3,-19.717,-154.772,-30.008
76.040,waypoint_3,-19.791,-154.834,-30.008
76.074,waypoint_3,-19.865,-154.895,-30.007
76.108,waypoint_3,-19.939,-154.957,-30.007
76.140,waypoint_3,-20.013,-155.018,-30.006
76.174,waypoint_3,-20.087,-155.080,-30.006
76.208,waypoint_3,-20.179,-155.157,-30.005
76.240,waypoint_3,-20.253,-155.219,-30.005
76.274,waypoint_3,-20.327,-155.281,-30.005
76.308,waypoint_3,-20.400,-155.343,-30.004
76.340,waypoint_3,-20.474,-155.405,-30.004
76.374,waypoint_3,-20.547,-155.467,-30.004
76.408,waypoint_3,-20.639,-155.545,-30.005
76.441,waypoint_3,-20.713,-155.607,-30.005
76.475,waypoint_3,-20.787,-155.670,-30.005
76.510,waypoint_3,-20.860,-155.732,-30.005
76.542,waypoint_3,-20.934,-155.795,-30.005
76.576,waypoint_3,-21.007,-155.857,-30.005
76.610,waypoint_3,-21.099,-155.936,-30.005
76.642,waypoint_3,-21.173,-155.998,-30.005
76.676,waypoint_3,-21.246,-156.061,-30.006
76.711,waypoint_3,-21.320,-156.123,-30.006
76.742,waypoint_3,-21.393,-156.185,-30.006
76.776,waypoint_3,-21.467,-156.248,-30.006
76.810,waypoint_3,-21.559,-156.326,-30.006
76.842,waypoint_3,-21.633,-156.388,-30.007
76.876,waypoint_3,-21.707,-156.450,-30.007
76.910,waypoint_3,-21.781,-156.512,-30.007
76.942,waypoint_3,-21.855,-156.574,-30.007
76.976,waypoint_3,-21.929,-156.637,-30.007
77.010,waypoint_3,-22.022,-156.714,-30.008
77.043,waypoint_3,-22.096,-156.776,-30.008
77.076,waypoint_3,-22.171,-156.838,-30.008
77.110,waypoint_3,-22.245,-156.900,-30.009
77.142,waypoint_3,-22.319,-156.961,-30.009
77.176,waypoint_3,-22.394,-157.023,-30.009
77.210,waypoint_3,-22.487,-157.100,-30.010
77.242,waypoint_3,-22.562,-157.162,-30.010
77.276,waypoint_3,-22.637,-157.224,-30.011
77.310,waypoint_3,-22.712,-157.286,-30.011
77.342,waypoint_3,-22.786,-157.347,-30.011
77.376,waypoint_3,-22.861,-157.409,-30.012
77.410,waypoint_3,-22.955,-157.487,-30.012
77.442,waypoint_3,-23.030,-157.548,-30.013
77.476,waypoint_3,-23.105,-157.610,-30.013
77.510,waypoint_3,-23.180,-157.672,-30.013
77.542,waypoint_3,-23.255,-157.733,-30.014
77.576,waypoint_3,-23.330,-157.795,-30.014
77.610,waypoint_3,-23.424,-157.872,-30.014
77.642,waypoint_3,-23.499,-157.934,-30.015
77.676,waypoint_3,-23.574,-157.995,-30.015
77.710,waypoint_3,-23.649,-158.057,-30.015
77.742,waypoint_3,-23.724,-158.118,-30.015
77.776,waypoint_3,-23.799,-158.179,-30.016
77.810,waypoint_3,-23.893,-158.255,-30.016
77.842,waypoint_3,-23.969,-158.316,-30.016
77.876,waypoint_3,-24.044,-158.377,-30.016
77.910,waypoint_3,-24.119,-158.438,-30.016
77.942,waypoint_3,-24.194,-158.499,-30.016
77.976,waypoint_3,-24.270,-158.559,-30.016
78.010,waypoint_3,-24.364,-158.635,-30.016
78.042,waypoint_3,-24.439,-158.696,-30.016
78.076,waypoint_3,-24.514,-158.756,-30.017
78.112,waypoint_3,-24.588,-158.817,-30.017
78.143,waypoint_3,-24.663,-158.878,-30.017
78.177,waypoint_3,-24.738,-158.938,-30.017
78.212,waypoint_3,-24.831,-159.014,-30.017
78.243,waypoint_3,-24.905,-159.075,-30.017
78.278,waypoint_3,-24.979,-159.136,-30.017
78.312,waypoint_3,-25.053,-159.197,-30.017
78.343,waypoint_3,-25.127,-159.258,-30.017
78.378,waypoint_3,-25.201,-159.318,-30.017
78.412,waypoint_3,-25.293,-159.395,-30.017
78.443,waypoint_3,-25.366,-159.456,-30.017
78.477,waypoint_3,-25.440,-159.517,-30.017
78.512,waypoint_3,-25.513,-159.578,-30.017
78.544,waypoint_3,-25.586,-159.639,-30.018
78.578,waypoint_3,-25.660,-159.700,-30.018
78.612,waypoint_3,-25.751,-159.776,-30.018
78.644,waypoint_3,-25.825,-159.837,-30.018
78.678,waypoint_3,-25.899,-159.898,-30.018
78.712,waypoint_3,-25.972,-159.959,-30.019
78.744,waypoint_3,-26.046,-160.020,-30.019
78.778,waypoint_3,-26.119,-160.081,-30.019
78.811,waypoint_3,-26.211,-160.158,-30.019
78.845,waypoint_3,-26.285,-160.219,-30.019
78.879,waypoint_3,-26.359,-160.280,-30.019
78.913,waypoint_3,-26.433,-160.341,-30.019
78.944,waypoint_3,-26.507,-160.402,-30.020
78.979,waypoint_3,-26.581,-160.463,-30.020
79.013,waypoint_3,-26.673,-160.540,-30.020
79.044,waypoint_3,-26.747,-160.601,-30.020
79.079,waypoint_3,-26.821,-160.662,-30.020
79.113,waypoint_3,-26.895,-160.723,-30.021
79.145,waypoint_3,-26.969,-160.784,-30.021
79.179,waypoint_3,-27.043,-160.845,-30.021
79.213,waypoint_3,-27.136,-160.921,-30.022
79.245,waypoint_3,-27.209,-160.983,-30.022
79.279,waypoint_3,-27.283,-161.044,-30.023
79.313,waypoint_3,-27.357,-161.105,-30.023
79.345,waypoint_3,-27.431,-161.166,-30.023
79.378,waypoint_3,-27.504,-161.228,-30.023
79.413,waypoint_3,-27.596,-161.305,-30.023
79.444,waypoint_3,-27.670,-161.366,-30.023
79.478,waypoint_3,-27.744,-161.428,-30.023
79.513,waypoint_3,-27.818,-161.489,-30.023
79.544,waypoint_3,-27.891,-161.551,-30.023
79.578,waypoint_3,-27.965,-161.613,-30.022
79.613,waypoint_3,-28.056,-161.690,-30.022
79.644,waypoint_3,-28.130,-161.752,-30.022
79.678,waypoint_3,-28.203,-161.814,-30.022
79.712,waypoint_3,-28.276,-161.875,-30.021
79.744,waypoint_3,-28.349,-161.937,-30.021
79.778,waypoint_3,-28.422,-161.999,-30.021
79.812,waypoint_3,-28.513,-162.076,-30.020
79.844,waypoint_3,-28.586,-162.138,-30.020
79.878,waypoint_3,-28.659,-162.200,-30.020
79.913,waypoint_3,-28.731,-162.261,-30.020
79.944,waypoint_3,-28.804,-162.323,-30.020
79.979,waypoint_3,-28.877,-162.384,-30.020
80.013,waypoint_3,-28.968,-162.461,-30.019
80.044,waypoint_3,-29.041,-162.523,-30.019
80.079,waypoint_3,-29.114,-162.584,-30.019
80.113,waypoint_3,-29.187,-162.646,-30.019
80.144,waypoint_3,-29.260,-162.707,-30.018
80.179,waypoint_3,-29.333,-162.769,-30.018
80.214,waypoint_3,-29.425,-162.846,-30.017
80.245,waypoint_3,-29.498,-162.908,-30.017
80.280,waypoint_3,-29.571,-162.969,-30.017
80.314,waypoint_3,-29.645,-163.031,-30.016
80.345,waypoint_3,-29.718,-163.092,-30.016
80.379,waypoint_3,-29.792,-163.154,-30.016
80.414,waypoint_3,-29.884,-163.231,-30.015
80.446,waypoint_3,-29.957,-163.292,-30.015
80.480,waypoint_3,-30.031,-163.354,-30.015
80.514,waypoint_3,-30.105,-163.416,-30.015
80.545,waypoint_3,-30.179,-163.477,-30.014
80.579,waypoint_3,-30.253,-163.539,-30.014
80.614,waypoint_3,-30.345,-163.617,-30.014
80.646,waypoint_3,-30.420,-163.679,-30.014
80.680,waypoint_3,-30.494,-163.741,-30.014
80.714,waypoint_3,-30.568,-163.803,-30.014
80.745,waypoint_3,-30.642,-163.865,-30.014
80.780,waypoint_3,-30.717,-163.927,-30.014
80.814,waypoint_3,-30.809,-164.004,-30.014
80.845,waypoint_3,-30.884,-164.066,-30.014
80.880,waypoint_3,-30.958,-164.128,-30.014
80.914,waypoint_3,-31.032,-164.190,-30.014
80.946,waypoint_3,-31.106,-164.252,-30.014
80.980,waypoint_3,-31.181,-164.314,-30.014
81.014,waypoint_3,-31.274,-164.391,-30.014
81.046,waypoint_3,-31.348,-164.453,-30.014
81.081,waypoint_3,-31.422,-164.515,-30.014
81.113,waypoint_3,-31.496,-164.577,-30.013
81.147,waypoint_3,-31.570,-164.638,-30.013
81.181,waypoint_3,-31.663,-164.715,-30.013
81.213,waypoint_3,-31.737,-164.777,-30.013
81.247,waypoint_3,-31.811,-164.838,-30.013
81.281,waypoint_3,-31.885,-164.899,-30.013
81.313,waypoint_3,-31.958,-164.960,-30.012
81.347,waypoint_3,-32.032,-165.021,-30.012
81.381,waypoint_3,-32.124,-165.097,-30.012
81.413,waypoint_3,-32.198,-165.157,-30.011
81.447,waypoint_3,-32.272,-165.218,-30.011
81.481,waypoint_3,-32.345,-165.278,-30.011
81.513,waypoint_3,-32.419,-165.338,-30.011
81.547,waypoint_3,-32.492,-165.398,-30.010
81.581,waypoint_3,-32.584,-165.472,-30.010
81.613,waypoint_3,-32.657,-165.532,-30.010
81.647,waypoint_3,-32.730,-165.592,-30.010
81.681,waypoint_3,-32.803,-165.652,-30.009
81.713,waypoint_3,-32.876,-165.711,-30.009
81.747,waypoint_3,-32.949,-165.771,-30.009
81.781,waypoint_3,-33.040,-165.845,-30.009
81.813,waypoint_3,-33.113,-165.905,-30.010
81.847,waypoint_3,-33.186,-165.964,-30.010
81.881,waypoint_3,-33.259,-166.024,-30.010
81.913,waypoint_3,-33.331,-166.083,-30.010
81.947,waypoint_3,-33.404,-166.142,-30.010
81.981,waypoint_3,-33.494,-166.217,-30.010
82.013,waypoint_3,-33.567,-166.276,-30.010
82.047,waypoint_3,-33.639,-166.336,-30.010
82.081,waypoint_3,-33.712,-166.395,-30.010
82.113,waypoint_3,-33.785,-166.455,-30.009
82.147,waypoint_3,-33.858,-166.515,-30.009
82.181,waypoint_3,-33.949,-166.589,-30.009
82.213,waypoint_3,-34.022,-166.649,-30.009
82.247,waypoint_3,-34.095,-166.709,-30.009
82.281,waypoint_3,-34.169,-166.769,-30.009
82.313,waypoint_3,-34.242,-166.829,-30.009
82.347,waypoint_3,-34.316,-166.889,-30.009
82.381,waypoint_3,-34.408,-166.964,-30.009
82.413,waypoint_3,-34.481,-167.025,-30.009
82.447,waypoint_3,-34.555,-167.085,-30.009
82.481,waypoint_3,-34.629,-167.146,-30.009
82.513,waypoint_3,-34.702,-167.206,-30.009
82.547,waypoint_3,-34.776,-167.267,-30.009
82.581,waypoint_3,-34.869,-167.342,-30.009
82.613,waypoint_3,-34.942,-167.403,-30.009
82.647,waypoint_3,-35.016,-167.463,-30.010
82.681,waypoint_3,-35.090,-167.524,-30.010
82.713,waypoint_3,-35.163,-167.585,-30.010
82.747,waypoint_3,-35.237,-167.645,-30.011
82.781,waypoint_3,-35.329,-167.721,-30.011
82.813,waypoint_3,-35.402,-167.781,-30.012
82.847,waypoint_3,-35.476,-167.842,-30.012
82.881,waypoint_3,-35.549,-167.903,-30.013
82.913,waypoint_3,-35.623,-167.963,-30.013
82.947,waypoint_3,-35.696,-168.024,-30.014
82.981,waypoint_3,-35.788,-168.100,-30.015
83.013,waypoint_3,-35.862,-168.161,-30.015
83.047,waypoint_3,-35.935,-168.222,-30.015
83.081,waypoint_3,-36.009,-168.283,-30.016
83.113,waypoint_3,-36.082,-168.344,-30.016
83.147,waypoint_3,-36.156,-168.405,-30.016
83.181,waypoint_3,-36.247,-168.482,-30.016
83.212,waypoint_3,-36.320,-168.543,-30.016
83.247,waypoint_3,-36.394,-168.604,-30.017
83.281,waypoint_3,-36.467,-168.665,-30.017
83.313,waypoint_3,-36.540,-168.726,-30.017
83.347,waypoint_3,-36.613,-168.787,-30.017
83.381,waypoint_3,-36.705,-168.864,-30.018
83.413,waypoint_3,-36.778,-168.925,-30.018
83.446,waypoint_3,-36.851,-168.986,-30.019
83.481,waypoint_3,-36.924,-169.047,-30.019
83.513,waypoint_3,-36.997,-169.108,-30.019
83.547,waypoint_3,-37.070,-169.169,-30.019
83.581,waypoint_3,-37.162,-169.245,-30.019
83.613,waypoint_3,-37.235,-169.306,-30.020
83.647,waypoint_3,-37.308,-169.366,-30.020
83.681,waypoint_3,-37.382,-169.427,-30.020
83.713,waypoint_3,-37.455,-169.488,-30.020
83.746,waypoint_3,-37.528,-169.549,-30.020
83.781,waypoint_3,-37.620,-169.625,-30.019
83.813,waypoint_3,-37.694,-169.686,-30.019
83.846,waypoint_3,-37.767,-169.747,-30.019
83.881,waypoint_3,-37.841,-169.808,-30.019
83.913,waypoint_3,-37.914,-169.869,-30.018
83.947,waypoint_3,-37.987,-169.931,-30.018
83.981,waypoint_3,-38.079,-170.007,-30.018
84.013,waypoint_3,-38.152,-170.068,-30.017
84.046,waypoint_3,-38.225,-170.129,-30.017
84.081,waypoint_3,-38.299,-170.191,-30.017
84.113,waypoint_3,-38.372,-170.252,-30.016
84.147,waypoint_3,-38.445,-170.313,-30.016
84.181,waypoint_3,-38.536,-170.390,-30.016
84.213,waypoint_3,-38.609,-170.451,-30.016
84.246,waypoint_3,-38.683,-170.513,-30.016
84.281,waypoint_3,-38.756,-170.575,-30.016
84.313,waypoint_3,-38.829,-170.637,-30.016
84.347,waypoint_3,-38.902,-170.698,-30.016
84.381,waypoint_3,-38.993,-170.776,-30.016
84.413,waypoint_3,-39.066,-170.838,-30.016
84.447,waypoint_3,-39.139,-170.900,-30.016
84.480,waypoint_3,-39.213,-170.962,-30.016
84.513,waypoint_3,-39.286,-171.024,-30.016
84.547,waypoint_3,-39.359,-171.086,-30.016
84.580,waypoint_3,-39.450,-171.163,-30.016
84.613,waypoint_3,-39.522,-171.225,-30.016
84.647,waypoint_3,-39.595,-171.286,-30.016
84.681,waypoint_3,-39.668,-171.348,-30.016
84.714,waypoint_3,-39.740,-171.410,-30.016
84.748,waypoint_3,-39.813,-171.472,-30.015
84.782,waypoint_3,-39.904,-171.549,-30.015
84.814,waypoint_3,-39.977,-171.610,-30.015
84.848,waypoint_3,-40.049,-171.672,-30.015
84.882,waypoint_3,-40.122,-171.734,-30.015
84.914,waypoint_3,-40.195,-171.795,-30.016
84.948,waypoint_3,-40.268,-171.857,-30.016
84.982,waypoint_3,-40.359,-171.933,-30.016
85.014,waypoint_3,-40.432,-171.994,-30.017
85.048,waypoint_3,-40.505,-172.056,-30.017
85.082,waypoint_3,-40.578,-172.117,-30.018
85.114,waypoint_3,-40.652,-172.178,-30.019
85.148,waypoint_3,-40.725,-172.239,-30.019
85.182,waypoint_3,-40.816,-172.315,-30.020
85.214,waypoint_3,-40.890,-172.376,-30.020
85.248,waypoint_3,-40.963,-172.437,-30.020
85.282,waypoint_3,-41.037,-172.498,-30.020
85.314,waypoint_3,-41.111,-172.559,-30.020
85.348,waypoint_3,-41.184,-172.620,-30.020
85.382,waypoint_3,-41.277,-172.696,-30.020
85.414,waypoint_3,-41.350,-172.756,-30.020
85.448,waypoint_3,-41.424,-172.817,-30.020
85.482,waypoint_3,-41.498,-172.878,-30.020
85.514,waypoint_3,-41.572,-172.939,-30.020
85.548,waypoint_3,-41.646,-172.999,-30.020
85.582,waypoint_3,-41.738,-173.075,-30.019
85.614,waypoint_3,-41.812,-173.136,-30.019
85.648,waypoint_3,-41.886,-173.197,-30.019
85.682,waypoint_3,-41.959,-173.258,-30.019
85.714,waypoint_3,-42.033,-173.318,-30.018
85.748,waypoint_3,-42.107,-173.379,-30.018
85.782,waypoint_3,-42.199,-173.455,-30.018
85.814,waypoint_3,-42.273,-173.516,-30.017
85.848,waypoint_3,-42.347,-173.577,-30.017
85.882,waypoint_3,-42.421,-173.638,-30.016
85.914,waypoint_3,-42.495,-173.698,-30.016
85.948,waypoint_3,-42.569,-173.759,-30.015
85.982,waypoint_3,-42.661,-173.835,-30.014
86.014,waypoint_3,-42.735,-173.896,-30.014
86.048,waypoint_3,-42.809,-173.957,-30.013
86.082,waypoint_3,-42.883,-174.018,-30.012
86.114,waypoint_3,-42.957,-174.079,-30.012
86.148,waypoint_3,-43.032,-174.140,-30.011
86.182,waypoint_3,-43.124,-174.216,-30.011
86.214,waypoint_3,-43.198,-174.277,-30.010
86.248,waypoint_3,-43.272,-174.338,-30.010
86.282,waypoint_3,-43.346,-174.398,-30.009
86.314,waypoint_3,-43.420,-174.459,-30.009
86.348,waypoint_3,-43.493,-174.521,-30.008
86.382,waypoint_3,-43.586,-174.597,-30.008
86.414,waypoint_3,-43.659,-174.658,-30.008
86.448,waypoint_3,-43.733,-174.719,-30.008
86.482,waypoint_3,-43.806,-174.781,-30.007
86.514,waypoint_3,-43.879,-174.842,-30.007
86.548,waypoint_3,-43.952,-174.904,-30.007
86.582,waypoint_3,-44.043,-174.981,-30.007
86.614,waypoint_3,-44.117,-175.043,-30.007
86.648,waypoint_3,-44.190,-175.104,-30.007
86.682,waypoint_3,-44.263,-175.166,-30.006
86.714,waypoint_3,-44.336,-175.228,-30.006
86.748,waypoint_3,-44.409,-175.290,-30.006
86.782,waypoint_3,-44.500,-175.368,-30.006
86.814,waypoint_3,-44.573,-175.430,-30.006
86.848,waypoint_3,-44.646,-175.492,-30.006
86.882,waypoint_3,-44.719,-175.555,-30.007
86.914,waypoint_3,-44.792,-175.617,-30.007
86.948,waypoint_3,-44.866,-175.679,-30.007
86.982,waypoint_3,-44.957,-175.757,-30.007
87.014,waypoint_3,-45.030,-175.819,-30.007
87.049,waypoint_3,-45.103,-175.882,-30.007
87.083,waypoint_3,-45.177,-175.944,-30.007
87.115,waypoint_3,-45.250,-176.006,-30.007
87.149,waypoint_3,-45.323,-176.068,-30.008
87.183,waypoint_3,-45.414,-176.145,-30.008
87.215,waypoint_3,-45.488,-176.207,-30.008
87.249,waypoint_3,-45.561,-176.269,-30.008
87.283,waypoint_3,-45.634,-176.331,-30.008
87.315,waypoint_3,-45.708,-176.392,-30.008
87.349,waypoint_3,-45.781,-176.454,-30.008
87.383,waypoint_3,-45.873,-176.530,-30.008
87.415,waypoint_3,-45.947,-176.591,-30.008
87.449,waypoint_3,-46.021,-176.652,-30.009
87.483,waypoint_3,-46.094,-176.714,-30.009
87.515,waypoint_3,-46.168,-176.775,-30.009
87.549,waypoint_3,-46.242,-176.836,-30.009
87.583,waypoint_3,-46.334,-176.912,-30.010
87.615,waypoint_3,-46.408,-176.973,-30.010
87.649,waypoint_3,-46.482,-177.034,-30.011
87.683,waypoint_3,-46.556,-177.095,-30.011
87.716,waypoint_3,-46.630,-177.157,-30.011
87.750,waypoint_3,-46.704,-177.218,-30.011
87.784,waypoint_3,-46.797,-177.294,-30.012
87.816,waypoint_3,-46.871,-177.355,-30.012
87.850,waypoint_3,-46.944,-177.417,-30.012
87.884,waypoint_3,-47.018,-177.478,-30.012
87.916,waypoint_3,-47.092,-177.539,-30.012
87.950,waypoint_3,-47.166,-177.600,-30.012
87.984,waypoint_3,-47.258,-177.677,-30.012
88.016,waypoint_3,-47.332,-177.738,-30.012
88.050,waypoint_3,-47.405,-177.799,-30.012
88.084,waypoint_3,-47.479,-177.861,-30.012
88.116,waypoint_3,-47.552,-177.922,-30.011
88.150,waypoint_3,-47.625,-177.983,-30.011
88.184,waypoint_3,-47.717,-178.060,-30.010
88.216,waypoint_3,-47.790,-178.122,-30.010
88.250,waypoint_3,-47.864,-178.183,-30.010
88.284,waypoint_3,-47.937,-178.245,-30.009
88.316,waypoint_3,-48.010,-178.306,-30.009
88.350,waypoint_3,-48.083,-178.368,-30.009
88.384,waypoint_3,-48.174,-178.445,-30.008
88.416,waypoint_3,-48.247,-178.507,-30.008
88.450,waypoint_3,-48.321,-178.568,-30.008
88.484,waypoint_3,-48.394,-178.630,-30.007
88.516,waypoint_3,-48.467,-178.692,-30.007
88.550,waypoint_3,-48.540,-178.753,-30.007
88.584,waypoint_3,-48.631,-178.831,-30.006
88.616,waypoint_3,-48.705,-178.892,-30.006
88.650,waypoint_3,-48.778,-178.954,-30.006
88.684,waypoint_3,-48.851,-179.016,-30.006
88.716,waypoint_3,-48.925,-179.078,-30.006
88.750,waypoint_3,-48.999,-179.140,-30.006
88.784,waypoint_3,-49.091,-179.217,-30.005
88.816,waypoint_3,-49.164,-179.279,-30.005
88.850,waypoint_3,-49.238,-179.341,-30.005
88.884,waypoint_3,-49.312,-179.403,-30.005
88.916,waypoint_3,-49.386,-179.465,-30.005
88.950,waypoint_3,-49.459,-179.528,-30.005
88.984,waypoint_3,-49.552,-179.605,-30.005
89.016,waypoint_3,-49.625,-179.667,-30.004
89.050,waypoint_3,-49.699,-179.729,-30.004
89.084,waypoint_3,-49.773,-179.791,-30.004
89.116,waypoint_3,-49.847,-179.852,-30.004
89.150,waypoint_3,-49.921,-179.914,-30.004
89.184,waypoint_3,-50.013,-179.991,-30.003
89.216,waypoint_3,-50.087,-180.053,-30.003
89.250,waypoint_3,-50.161,-180.114,-30.003
89.284,waypoint_3,-50.235,-180.176,-30.003
89.316,waypoint_3,-50.309,-180.237,-30.002
89.350,waypoint_3,-50.383,-180.299,-30.002
89.384,waypoint_3,-50.475,-180.376,-30.002
89.416,waypoint_3,-50.549,-180.437,-30.001
89.450,waypoint_3,-50.622,-180.499,-30.001
89.484,waypoint_3,-50.696,-180.561,-30.001
89.516,waypoint_3,-50.769,-180.623,-30.001
89.550,waypoint_3,-50.842,-180.685,-30.001
89.584,waypoint_3,-50.934,-180.762,-30.000
89.616,waypoint_3,-51.007,-180.824,-30.000
89.650,waypoint_3,-51.080,-180.886,-30.000
89.684,waypoint_3,-51.153,-180.948,-30.000
89.716,waypoint_3,-51.226,-181.010,-30.000
89.750,waypoint_3,-51.299,-181.073,-30.000
89.784,waypoint_3,-51.390,-181.151,-30.000
89.816,waypoint_3,-51.463,-181.213,-29.999
89.850,waypoint_3,-51.535,-181.275,-29.999
89.884,waypoint_3,-51.608,-181.338,-29.999
89.916,waypoint_3,-51.681,-181.400,-29.999
89.950,waypoint_3,-51.754,-181.462,-29.999
89.984,waypoint_3,-51.844,-181.540,-29.999
90.016,waypoint_3,-51.917,-181.602,-29.999
90.050,waypoint_3,-51.990,-181.664,-29.999
90.084,waypoint_3,-52.062,-181.726,-29.999
90.116,waypoint_3,-52.135,-181.788,-29.999
90.150,waypoint_3,-52.208,-181.850,-29.999
90.184,waypoint_3,-52.298,-181.927,-30.000
90.216,waypoint_3,-52.371,-181.989,-30.000
90.250,waypoint_3,-52.444,-182.050,-30.000
90.284,waypoint_3,-52.517,-182.112,-30.000
90.316,waypoint_3,-52.590,-182.173,-30.001
90.351,waypoint_3,-52.663,-182.235,-30.001
90.385,waypoint_3,-52.754,-182.312,-30.002
90.417,waypoint_3,-52.828,-182.373,-30.003
90.451,waypoint_3,-52.901,-182.434,-30.003
90.485,waypoint_3,-52.974,-182.496,-30.004
90.517,waypoint_3,-53.047,-182.557,-30.005
90.551,waypoint_3,-53.121,-182.618,-30.005
90.585,waypoint_3,-53.212,-182.695,-30.006
90.617,waypoint_3,-53.285,-182.756,-30.007
90.651,waypoint_3,-53.358,-182.817,-30.008
90.685,waypoint_3,-53.432,-182.879,-30.009
90.717,waypoint_3,-53.505,-182.940,-30.010
90.751,waypoint_3,-53.578,-183.001,-30.011
90.785,waypoint_3,-53.669,-183.078,-30.011
90.817,waypoint_3,-53.742,-183.139,-30.012
90.851,waypoint_3,-53.814,-183.200,-30.013
90.885,waypoint_3,-53.887,-183.261,-30.014
90.917,waypoint_3,-53.960,-183.322,-30.015
90.951,waypoint_3,-54.033,-183.384,-30.015
90.985,waypoint_3,-54.124,-183.460,-30.016
91.017,waypoint_3,-54.197,-183.521,-30.017
91.051,waypoint_3,-54.270,-183.582,-30.018
91.085,waypoint_3,-54.343,-183.643,-30.019
91.117,waypoint_3,-54.417,-183.704,-30.019
91.151,waypoint_3,-54.490,-183.765,-30.020
91.185,waypoint_3,-54.581,-183.841,-30.020
91.217,waypoint_3,-54.654,-183.902,-30.021
91.251,waypoint_3,-54.728,-183.963,-30.021
91.285,waypoint_3,-54.801,-184.025,-30.022
91.317,waypoint_3,-54.874,-184.086,-30.022
91.351,waypoint_3,-54.947,-184.148,-30.022
91.385,waypoint_3,-55.038,-184.225,-30.023
91.417,waypoint_3,-55.111,-184.287,-30.023
91.451,waypoint_3,-55.185,-184.348,-30.023
91.485,waypoint_3,-55.258,-184.410,-30.023
91.517,waypoint_3,-55.331,-184.472,-30.023
91.551,waypoint_3,-55.405,-184.534,-30.023
91.585,waypoint_3,-55.496,-184.611,-30.023
91.617,goal,-55.570,-184.672,-30.022
91.651,goal,-55.643,-184.734,-30.022
91.685,goal,-55.716,-184.795,-30.025
91.717,goal,-55.789,-184.857,-30.031
91.751,goal,-55.860,-184.918,-30.039
91.785,goal,-55.948,-184.996,-30.052
91.817,goal,-56.016,-185.059,-30.064
91.851,goal,-56.081,-185.122,-30.075
91.885,goal,-56.143,-185.186,-30.086
91.917,goal,-56.201,-185.251,-30.097
91.951,goal,-56.255,-185.316,-30.105
91.985,goal,-56.316,-185.400,-30.114
92.017,goal,-56.360,-185.468,-30.120
92.051,goal,-56.399,-185.537,-30.123
92.085,goal,-56.433,-185.607,-30.125
92.117,goal,-56.461,-185.678,-30.125
92.151,goal,-56.485,-185.750,-30.124
92.186,goal,-56.508,-185.842,-30.122
92.217,goal,-56.521,-185.918,-30.118
92.251,goal,-56.529,-185.994,-30.114
92.285,goal,-56.532,-186.071,-30.109
92.317,goal,-56.531,-186.150,-30.104
92.351,goal,-56.526,-186.230,-30.098
92.385,goal,-56.514,-186.331,-30.090
92.417,goal,-56.501,-186.413,-30.084
92.451,goal,-56.484,-186.496,-30.078
92.485,goal,-56.465,-186.579,-30.072
92.517,goal,-56.442,-186.664,-30.067
92.551,goal,-56.417,-186.750,-30.061
92.585,goal,-56.383,-186.857,-30.054
92.617,goal,-56.354,-186.945,-30.050
92.651,goal,-56.322,-187.032,-30.045
92.685,goal,-56.289,-187.121,-30.041
92.718,goal,-56.255,-187.209,-30.037
92.751,goal,-56.220,-187.298,-30.033
92.785,goal,-56.174,-187.410,-30.029
92.817,goal,-56.137,-187.500,-30.026
92.851,goal,-56.098,-187.590,-30.023
92.885,goal,-56.060,-187.681,-30.021
92.917,goal,-56.020,-187.771,-30.019
92.951,goal,-55.981,-187.862,-30.017
92.985,goal,-55.931,-187.975,-30.015
93.017,goal,-55.891,-188.066,-30.014
93.051,goal,-55.851,-188.157,-30.013
93.085,goal,-55.810,-188.248,-30.012
93.121,goal,-55.770,-188.339,-30.011
93.162,goal,-55.730,-188.429,-30.010
93.196,goal,-55.680,-188.543,-30.009
93.228,goal,-55.639,-188.633,-30.008
93.262,goal,-55.599,-188.724,-30.008
93.296,goal,-55.559,-188.814,-30.008
93.328,goal,-55.519,-188.904,-30.007
93.362,goal,-55.479,-188.994,-30.007
93.396,goal,-55.429,-189.107,-30.007
93.428,goal,-55.390,-189.197,-30.006
93.462,goal,-55.350,-189.287,-30.006
93.496,goal,-55.310,-189.377,-30.006
93.528,goal,-55.270,-189.466,-30.005
93.562,goal,-55.230,-189.556,-30.005
93.596,goal,-55.181,-189.668,-30.005
93.628,goal,-55.141,-189.757,-30.004
93.662,goal,-55.101,-189.846,-30.004
93.696,goal,-55.062,-189.936,-30.004
93.728,goal,-55.022,-190.025,-30.004
93.762,goal,-54.982,-190.115,-30.003
93.796,goal,-54.931,-190.226,-30.003
93.828,goal,-54.891,-190.315,-30.003
93.862,goal,-54.851,-190.404,-30.003
93.896,goal,-54.810,-190.493,-30.003
93.928,goal,-54.770,-190.581,-30.003
93.962,goal,-54.729,-190.670,-30.004
93.996,goal,-54.677,-190.780,-30.004
94.028,goal,-54.636,-190.869,-30.004
94.062,goal,-54.595,-190.957,-30.005
94.096,goal,-54.553,-191.045,-30.005
94.128,goal,-54.512,-191.133,-30.005
94.162,goal,-54.470,-191.221,-30.005
94.196,goal,-54.417,-191.330,-30.006
94.228,goal,-54.375,-191.418,-30.006
94.262,goal,-54.333,-191.505,-30.006
94.296,goal,-54.291,-191.592,-30.007
94.329,goal,-54.248,-191.680,-30.007
94.362,goal,-54.206,-191.766,-30.007
94.396,goal,-54.153,-191.875,-30.007
94.428,goal,-54.111,-191.962,-30.007
94.462,goal,-54.069,-192.048,-30.006
94.496,goal,-54.026,-192.135,-30.006
94.528,goal,-53.984,-192.221,-30.005
94.562,goal,-53.941,-192.307,-30.005
94.596,goal,-53.888,-192.415,-30.003
94.628,goal,-53.846,-192.501,-30.002
94.662,goal,-53.803,-192.587,-30.001
94.696,goal,-53.761,-192.673,-30.000
94.728,goal,-53.718,-192.759,-29.999
94.762,goal,-53.676,-192.844,-29.998
94.796,goal,-53.623,-192.951,-29.996
94.828,goal,-53.580,-193.037,-29.995
94.862,goal,-53.538,-193.123,-29.994
94.896,goal,-53.495,-193.208,-29.992
94.928,goal,-53.453,-193.293,-29.991
94.962,goal,-53.410,-193.379,-29.990
94.996,goal,-53.357,-193.485,-29.988
95.028,goal,-53.314,-193.570,-29.987
95.062,goal,-53.271,-193.655,-29.986
95.097,goal,-53.228,-193.740,-29.984
95.128,goal,-53.185,-193.825,-29.983
95.162,goal,-53.142,-193.910,-29.982
95.196,goal,-53.088,-194.016,-29.981
95.228,goal,-53.045,-194.101,-29.980
95.262,goal,-53.002,-194.186,-29.979
95.296,goal,-52.959,-194.270,-29.978
95.328,goal,-52.915,-194.355,-29.978
95.362,goal,-52.872,-194.440,-29.977
95.396,goal,-52.817,-194.546,-29.977
95.428,goal,-52.774,-194.631,-29.977
95.462,goal,-52.731,-194.716,-29.976
95.496,goal,-52.687,-194.801,-29.976
95.528,goal,-52.643,-194.886,-29.976
95.562,goal,-52.600,-194.971,-29.976
95.596,goal,-52.545,-195.078,-29.976
95.629,goal,-52.501,-195.163,-29.976
95.662,goal,-52.457,-195.248,-29.976
95.697,goal,-52.413,-195.334,-29.976
95.730,goal,-52.369,-195.419,-29.976
95.765,goal,-52.325,-195.505,-29.976
95.801,goal,-52.269,-195.612,-29.976
95.833,goal,-52.225,-195.698,-29.976
95.867,goal,-52.181,-195.783,-29.976
95.902,goal,-52.136,-195.869,-29.976
95.934,goal,-52.091,-195.955,-29.975
95.968,goal,-52.047,-196.041,-29.975
96.002,goal,-51.991,-196.148,-29.975
96.034,goal,-51.946,-196.233,-29.975
96.069,goal,-51.901,-196.319,-29.975
96.103,goal,-51.856,-196.405,-29.975
96.137,goal,-51.811,-196.491,-29.975
96.171,goal,-51.766,-196.577,-29.975
96.204,goal,-51.709,-196.684,-29.976
96.238,goal,-51.664,-196.770,-29.976
96.273,goal,-51.618,-196.856,-29.976
96.307,goal,-51.573,-196.942,-29.976
96.339,goal,-51.527,-197.028,-29.976
96.373,goal,-51.481,-197.114,-29.976
96.407,goal,-51.424,-197.221,-29.977
96.439,goal,-51.377,-197.307,-29.977
96.473,goal,-51.331,-197.393,-29.977
96.507,goal,-51.285,-197.479,-29.977
96.539,goal,-51.239,-197.565,-29.977
96.574,goal,-51.192,-197.651,-29.977
96.608,goal,-51.134,-197.759,-29.977
96.641,goal,-51.088,-197.844,-29.977
96.675,goal,-51.041,-197.930,-29.977
96.709,goal,-50.994,-198.016,-29.978
96.742,goal,-50.948,-198.102,-29.978
96.776,goal,-50.901,-198.188,-29.978
96.810,goal,-50.843,-198.295,-29.978
96.842,goal,-50.797,-198.381,-29.979
96.876,goal,-50.751,-198.467,-29.979
96.910,goal,-50.704,-198.553,-29.979
96.942,goal,-50.658,-198.639,-29.979
96.978,goal,-50.612,-198.725,-29.979
97.011,goal,-50.555,-198.833,-29.979
97.043,goal,-50.509,-198.919,-29.979
97.077,goal,-50.463,-199.005,-29.979
97.111,goal,-50.418,-199.091,-29.979
97.143,goal,-50.372,-199.178,-29.979
97.177,goal,-50.327,-199.264,-29.979
97.212,goal,-50.270,-199.372,-29.978
97.244,goal,-50.224,-199.459,-29.978
97.277,goal,-50.179,-199.545,-29.978
97.311,goal,-50.134,-199.632,-29.978
97.343,goal,-50.089,-199.718,-29.978
97.378,goal,-50.045,-199.805,-29.977
97.411,goal,-49.989,-199.913,-29.977
97.443,goal,-49.944,-199.999,-29.976
97.477,goal,-49.899,-200.086,-29.976
97.512,goal,-49.855,-200.172,-29.976
97.543,goal,-49.810,-200.258,-29.975
97.577,goal,-49.766,-200.344,-29.975
97.612,goal,-49.710,-200.452,-29.975
97.643,goal,-49.665,-200.538,-29.975
97.677,goal,-49.621,-200.624,-29.975
97.731,goal,-49.576,-200.710,-29.975
97.763,goal,-49.531,-200.796,-29.974
97.798,goal,-49.487,-200.882,-29.974
97.831,goal,-49.431,-200.989,-29.974
97.863,goal,-49.386,-201.074,-29.974
97.897,goal,-49.342,-201.160,-29.974
97.931,goal,-49.297,-201.246,-29.974
97.963,goal,-49.252,-201.331,-29.974
97.997,goal,-49.208,-201.417,-29.974
98.031,goal,-49.152,-201.524,-29.975
98.063,goal,-49.107,-201.610,-29.975
98.097,goal,-49.062,-201.695,-29.975
98.131,goal,-49.018,-201.781,-29.974
98.163,goal,-48.973,-201.867,-29.974
98.197,goal,-48.928,-201.952,-29.974
98.231,goal,-48.872,-202.059,-29.974
98.263,goal,-48.827,-202.145,-29.973
98.297,goal,-48.782,-202.230,-29.973
98.329,goal,-48.736,-202.316,-29.972
98.363,goal,-48.691,-202.402,-29.972
98.397,goal,-48.646,-202.487,-29.972
98.429,goal,-48.600,-202.573,-29.971
98.463,goal,-48.543,-202.680,-29.971
98.497,goal,-48.498,-202.766,-29.971
98.529,goal,-48.452,-202.851,-29.970
98.563,goal,-48.406,-202.937,-29.970
98.597,goal,-48.360,-203.023,-29.970
98.629,goal,-48.314,-203.109,-29.969
98.663,goal,-48.257,-203.216,-29.969
98.697,goal,-48.212,-203.301,-29.968
98.729,goal,-48.166,-203.387,-29.968
98.763,goal,-48.121,-203.473,-29.967
98.797,goal,-48.075,-203.559,-29.967
98.829,goal,-48.030,-203.645,-29.967
98.863,goal,-47.973,-203.752,-29.967
98.897,goal,-47.927,-203.838,-29.966
98.929,goal,-47.882,-203.924,-29.966
98.963,goal,-47.836,-204.010,-29.966
98.998,goal,-47.791,-204.096,-29.966
99.029,goal,-47.746,-204.182,-29.965
99.064,goal,-47.689,-204.290,-29.965
99.098,goal,-47.644,-204.377,-29.965
99.130,goal,-47.599,-204.463,-29.965
99.165,goal,-47.554,-204.550,-29.965
99.198,goal,-47.509,-204.636,-29.965
99.230,goal,-47.464,-204.723,-29.965
99.264,goal,-47.408,-204.831,-29.965
99.298,goal,-47.363,-204.918,-29.965
99.330,goal,-47.319,-205.004,-29.965
99.364,goal,-47.274,-205.091,-29.965
99.398,goal,-47.230,-205.178,-29.966
99.430,goal,-47.185,-205.265,-29.966
99.465,goal,-47.129,-205.373,-29.966
99.499,goal,-47.085,-205.460,-29.966
99.530,goal,-47.040,-205.547,-29.967
99.564,goal,-46.995,-205.633,-29.967
99.599,goal,-46.951,-205.721,-29.967
99.630,goal,-46.906,-205.807,-29.968
99.666,goal,-46.850,-205.916,-29.968
99.699,goal,-46.806,-206.003,-29.968
99.731,goal,-46.761,-206.090,-29.969
99.765,goal,-46.717,-206.178,-29.969
99.799,goal,-46.673,-206.265,-29.969
99.832,goal,-46.628,-206.352,-29.969
99.866,goal,-46.572,-206.461,-29.969
99.900,goal,-46.528,-206.549,-29.969
99.931,goal,-46.484,-206.636,-29.969
99.966,goal,-46.439,-206.723,-29.969
100.001,goal,-46.395,-206.811,-29.969
100.033,goal,-46.351,-206.898,-29.970
100.066,goal,-46.295,-207.007,-29.970
100.101,goal,-46.251,-207.094,-29.970
100.132,goal,-46.206,-207.181,-29.971
100.167,goal,-46.162,-207.268,-29.971
100.200,goal,-46.117,-207.355,-29.972
100.232,goal,-46.073,-207.442,-29.972
100.267,goal,-46.018,-207.550,-29.972
100.300,goal,-45.974,-207.637,-29.973
100.333,goal,-45.929,-207.724,-29.973
100.367,goal,-45.885,-207.811,-29.973
100.400,goal,-45.841,-207.897,-29.974
100.433,goal,-45.797,-207.984,-29.974
100.467,goal,-45.742,-208.092,-29.975
100.500,goal,-45.698,-208.178,-29.976
100.532,goal,-45.654,-208.264,-29.976
100.567,goal,-45.610,-208.351,-29.977
100.600,goal,-45.566,-208.437,-29.978
100.632,goal,-45.522,-208.523,-29.978
100.667,goal,-45.467,-208.631,-29.979
100.700,goal,-45.423,-208.718,-29.980
100.732,goal,-45.379,-208.804,-29.980
100.766,goal,-45.335,-208.890,-29.981
100.800,goal,-45.291,-208.977,-29.981
100.833,goal,-45.247,-209.063,-29.982
100.867,goal,-45.192,-209.171,-29.983
100.900,goal,-45.147,-209.258,-29.983
100.933,goal,-45.103,-209.344,-29.983
100.967,goal,-45.059,-209.431,-29.984
101.000,goal,-45.015,-209.518,-29.984
101.033,goal,-44.971,-209.604,-29.985
101.067,goal,-44.916,-209.712,-29.985
101.101,goal,-44.873,-209.799,-29.985
101.133,goal,-44.829,-209.885,-29.986
101.167,goal,-44.785,-209.972,-29.986
101.201,goal,-44.742,-210.058,-29.986
101.232,goal,-44.698,-210.145,-29.987
101.267,goal,-44.644,-210.253,-29.987
101.300,goal,-44.601,-210.340,-29.987
101.333,goal,-44.557,-210.427,-29.987
101.367,goal,-44.514,-210.513,-29.987
101.401,goal,-44.470,-210.600,-29.987
101.433,goal,-44.427,-210.687,-29.987
101.467,goal,-44.372,-210.796,-29.987
101.500,goal,-44.329,-210.882,-29.988
101.533,goal,-44.285,-210.969,-29.988
101.567,goal,-44.242,-211.056,-29.988
101.600,goal,-44.198,-211.143,-29.988
101.633,goal,-44.154,-211.230,-29.987
101.667,goal,-44.100,-211.338,-29.987
101.701,goal,-44.056,-211.425,-29.987
101.733,goal,-44.012,-211.512,-29.987
101.767,goal,-43.969,-211.599,-29.987
101.800,goal,-43.925,-211.686,-29.987
101.833,goal,-43.881,-211.773,-29.987
101.867,goal,-43.827,-211.881,-29.987
101.901,goal,-43.783,-211.968,-29.987
101.933,goal,-43.739,-212.055,-29.987
101.967,goal,-43.696,-212.142,-29.987
102.001,goal,-43.652,-212.228,-29.987
102.033,goal,-43.609,-212.315,-29.987
102.066,goal,-43.554,-212.423,-29.987
102.100,goal,-43.511,-212.510,-29.987
102.133,goal,-43.467,-212.597,-29.987
102.167,goal,-43.423,-212.683,-29.987
102.201,goal,-43.380,-212.770,-29.987
102.233,goal,-43.336,-212.856,-29.987
102.267,goal,-43.282,-212.964,-29.987
102.301,goal,-43.239,-213.051,-29.987
102.333,goal,-43.195,-213.137,-29.987
102.367,goal,-43.152,-213.224,-29.988
102.401,goal,-43.109,-213.310,-29.988
102.433,goal,-43.066,-213.396,-29.987
102.467,goal,-43.013,-213.504,-29.987
102.501,goal,-42.970,-213.590,-29.987
102.533,goal,-42.928,-213.676,-29.987
102.567,goal,-42.885,-213.762,-29.986
102.601,goal,-42.843,-213.848,-29.986
102.633,goal,-42.801,-213.934,-29.986
102.668,goal,-42.749,-214.042,-29.985
102.702,goal,-42.707,-214.128,-29.985
102.734,goal,-42.665,-214.215,-29.985
102.768,goal,-42.623,-214.301,-29.985
102.802,goal,-42.582,-214.388,-29.985
102.834,goal,-42.540,-214.475,-29.985
102.868,goal,-42.488,-214.583,-29.984
102.902,goal,-42.447,-214.670,-29.984
102.934,goal,-42.406,-214.757,-29.984
102.967,goal,-42.364,-214.844,-29.984
103.001,goal,-42.323,-214.931,-29.984
103.034,goal,-42.282,-215.019,-29.984
103.068,goal,-42.230,-215.128,-29.984
103.101,goal,-42.188,-215.215,-29.984
103.134,goal,-42.147,-215.303,-29.984
103.168,goal,-42.106,-215.390,-29.984
103.203,goal,-42.064,-215.478,-29.984
103.235,goal,-42.023,-215.565,-29.984
103.269,goal,-41.971,-215.675,-29.984
103.303,goal,-41.929,-215.763,-29.984
103.335,goal,-41.887,-215.850,-29.984
103.369,goal,-41.845,-215.938,-29.984
103.403,goal,-41.802,-216.026,-29.984
103.435,goal,-41.760,-216.114,-29.985
103.469,goal,-41.707,-216.223,-29.985
103.503,goal,-41.664,-216.311,-29.985
103.535,goal,-41.621,-216.399,-29.985
103.569,goal,-41.578,-216.486,-29.985
103.603,goal,-41.535,-216.574,-29.985
103.635,goal,-41.492,-216.661,-29.985
103.669,goal,-41.439,-216.770,-29.986
103.703,goal,-41.396,-216.857,-29.986
103.735,goal,-41.353,-216.944,-29.986
103.769,goal,-41.310,-217.031,-29.986
103.803,goal,-41.267,-217.118,-29.987
103.835,goal,-41.224,-217.205,-29.987
103.869,goal,-41.171,-217.313,-29.987
103.903,goal,-41.128,-217.400,-29.987
103.935,goal,-41.085,-217.487,-29.987
103.969,goal,-41.042,-217.573,-29.988
104.003,goal,-40.999,-217.660,-29.988
104.035,goal,-40.956,-217.746,-29.988
104.069,goal,-40.902,-217.854,-29.988
104.103,goal,-40.860,-217.941,-29.988
104.135,goal,-40.817,-218.027,-29.988
104.169,goal,-40.774,-218.114,-29.988
104.203,goal,-40.731,-218.200,-29.988
104.235,goal,-40.688,-218.287,-29.988
104.269,goal,-40.634,-218.395,-29.988
104.303,goal,-40.592,-218.482,-29.988
104.335,goal,-40.549,-218.569,-29.988
104.369,goal,-40.507,-218.656,-29.988
104.403,goal,-40.464,-218.743,-29.988
104.435,goal,-40.422,-218.830,-29.988
104.469,goal,-40.369,-218.938,-29.988
104.503,goal,-40.327,-219.025,-29.988
104.535,goal,-40.285,-219.112,-29.988
104.569,goal,-40.243,-219.199,-29.988
104.603,goal,-40.201,-219.286,-29.988
104.635,goal,-40.159,-219.373,-29.988
104.669,goal,-40.106,-219.482,-29.988
104.703,goal,-40.064,-219.569,-29.988
104.735,goal,-40.022,-219.655,-29.988
104.769,goal,-39.980,-219.742,-29.988
104.803,goal,-39.938,-219.828,-29.988
104.835,goal,-39.896,-219.915,-29.988
104.869,goal,-39.843,-220.023,-29.988
104.903,goal,-39.801,-220.109,-29.988
104.935,goal,-39.758,-220.195,-29.988
104.969,goal,-39.716,-220.281,-29.988
105.003,goal,-39.674,-220.368,-29.987
105.035,goal,-39.632,-220.454,-29.987
105.069,goal,-39.580,-220.561,-29.987
105.103,goal,-39.538,-220.647,-29.987
105.135,goal,-39.496,-220.733,-29.987
105.169,goal,-39.454,-220.819,-29.988
105.203,goal,-39.412,-220.905,-29.988
105.235,goal,-39.370,-220.991,-29.988
105.269,goal,-39.318,-221.099,-29.988
105.303,goal,-39.276,-221.185,-29.988
105.335,goal,-39.234,-221.271,-29.988
105.369,goal,-39.193,-221.357,-29.988
105.403,goal,-39.151,-221.443,-29.989
105.435,goal,-39.110,-221.529,-29.989
105.469,goal,-39.059,-221.637,-29.988
105.503,goal,-39.017,-221.723,-29.988
105.535,goal,-38.977,-221.810,-29.988
105.569,goal,-38.936,-221.896,-29.987
105.603,goal,-38.895,-221.983,-29.987
105.635,goal,-38.854,-222.070,-29.986
105.669,goal,-38.803,-222.178,-29.986
105.703,goal,-38.763,-222.265,-29.985
105.735,goal,-38.722,-222.352,-29.985
105.769,goal,-38.681,-222.439,-29.984
105.803,goal,-38.640,-222.526,-29.984
105.834,goal,-38.600,-222.613,-29.983
105.869,goal,-38.548,-222.722,-29.982
105.903,goal,-38.508,-222.809,-29.982
105.935,goal,-38.467,-222.897,-29.981
105.969,goal,-38.426,-222.984,-29.981
106.003,goal,-38.385,-223.072,-29.981
106.035,goal,-38.344,-223.160,-29.980
106.069,goal,-38.293,-223.269,-29.980
106.103,goal,-38.252,-223.357,-29.979
106.135,goal,-38.211,-223.445,-29.979
106.169,goal,-38.170,-223.533,-29.979
106.203,goal,-38.129,-223.621,-29.978
106.235,goal,-38.088,-223.709,-29.978
106.269,goal,-38.037,-223.819,-29.978
106.303,goal,-37.995,-223.907,-29.977
106.334,goal,-37.954,-223.995,-29.977
106.369,goal,-37.913,-224.083,-29.976
106.403,goal,-37.872,-224.170,-29.976
106.435,goal,-37.831,-224.258,-29.976
106.469,goal,-37.780,-224.368,-29.975
106.503,goal,-37.738,-224.455,-29.975
106.535,goal,-37.697,-224.543,-29.974
106.569,goal,-37.656,-224.630,-29.974
106.603,goal,-37.615,-224.718,-29.973
106.635,goal,-37.574,-224.805,-29.973
106.670,goal,-37.522,-224.914,-29.973
106.701,goal,-37.481,-225.001,-29.973
106.736,goal,-37.439,-225.088,-29.973
106.770,goal,-37.397,-225.175,-29.974
106.801,goal,-37.356,-225.262,-29.974
106.836,goal,-37.314,-225.349,-29.975
106.870,goal,-37.262,-225.458,-29.975
106.902,goal,-37.220,-225.545,-29.976
106.936,goal,-37.178,-225.632,-29.977
106.970,goal,-37.136,-225.719,-29.977
107.001,goal,-37.094,-225.806,-29.978
107.036,goal,-37.052,-225.893,-29.978
107.070,goal,-37.000,-226.002,-29.979
107.102,goal,-36.957,-226.089,-29.979
107.136,goal,-36.915,-226.176,-29.980
107.170,goal,-36.873,-226.263,-29.980
107.201,goal,-36.831,-226.349,-29.980
107.236,goal,-36.789,-226.436,-29.981
107.270,goal,-36.736,-226.545,-29.981
107.301,goal,-36.694,-226.632,-29.981
107.336,goal,-36.652,-226.719,-29.981
107.370,goal,-36.609,-226.806,-29.981
107.402,goal,-36.567,-226.893,-29.982
107.435,goal,-36.524,-226.980,-29.982
107.470,goal,-36.471,-227.089,-29.982
107.501,goal,-36.429,-227.176,-29.981
107.536,goal,-36.386,-227.263,-29.981
107.570,goal,-36.343,-227.350,-29.981
107.602,goal,-36.301,-227.437,-29.981
107.635,goal,-36.258,-227.525,-29.981
107.670,goal,-36.205,-227.634,-29.980
107.701,goal,-36.163,-227.721,-29.980
107.736,goal,-36.121,-227.808,-29.980
107.770,goal,-36.078,-227.895,-29.979
107.801,goal,-36.036,-227.983,-29.979
107.836,goal,-35.994,-228.070,-29.979
107.870,goal,-35.942,-228.179,-29.978
107.902,goal,-35.901,-228.266,-29.978
107.935,goal,-35.859,-228.354,-29.978
107.970,goal,-35.818,-228.441,-29.977
108.001,goal,-35.777,-228.529,-29.977
108.035,goal,-35.736,-228.617,-29.977
108.070,goal,-35.684,-228.727,-29.977
108.101,goal,-35.643,-228.814,-29.977
108.136,goal,-35.602,-228.902,-29.977
108.170,goal,-35.561,-228.990,-29.977
108.201,goal,-35.520,-229.078,-29.976
108.235,goal,-35.479,-229.166,-29.976
108.270,goal,-35.427,-229.275,-29.976
108.301,goal,-35.386,-229.363,-29.976
108.336,goal,-35.345,-229.451,-29.976
108.370,goal,-35.303,-229.539,-29.976
108.401,goal,-35.262,-229.627,-29.976
108.436,goal,-35.221,-229.715,-29.976
108.470,goal,-35.170,-229.824,-29.976
108.501,goal,-35.129,-229.912,-29.976
108.535,goal,-35.088,-229.999,-29.977
108.570,goal,-35.047,-230.087,-29.977
108.601,goal,-35.005,-230.174,-29.977
108.636,goal,-34.964,-230.262,-29.977
108.670,goal,-34.913,-230.371,-29.977
108.701,goal,-34.872,-230.458,-29.977
108.735,goal,-34.830,-230.546,-29.977
108.770,goal,-34.789,-230.633,-29.977
108.801,goal,-34.748,-230.720,-29.977
108.836,goal,-34.707,-230.808,-29.977
108.870,goal,-34.656,-230.917,-29.977
108.901,goal,-34.615,-231.005,-29.978
108.935,goal,-34.574,-231.093,-29.978
108.971,goal,-34.533,-231.180,-29.978
109.003,goal,-34.492,-231.268,-29.978
109.037,goal,-34.452,-231.356,-29.977
109.071,goal,-34.401,-231.466,-29.977
109.103,goal,-34.360,-231.554,-29.977
109.137,goal,-34.320,-231.642,-29.977
109.171,goal,-34.279,-231.729,-29.977
109.203,goal,-34.239,-231.817,-29.977
109.237,goal,-34.198,-231.905,-29.977
109.271,goal,-34.148,-232.014,-29.976
109.303,goal,-34.108,-232.101,-29.976
109.337,goal,-34.067,-232.188,-29.976
109.371,goal,-34.027,-232.275,-29.975
109.403,goal,-33.986,-232.362,-29.975
109.437,goal,-33.946,-232.449,-29.974
109.471,goal,-33.896,-232.558,-29.974
109.503,goal,-33.856,-232.644,-29.973
109.537,goal,-33.815,-232.731,-29.973
109.571,goal,-33.775,-232.817,-29.973
109.603,goal,-33.735,-232.904,-29.973
109.637,goal,-33.694,-232.990,-29.973
109.671,goal,-33.644,-233.098,-29.973
109.703,goal,-33.604,-233.184,-29.973
109.737,goal,-33.563,-233.270,-29.973
109.771,goal,-33.523,-233.356,-29.974
109.803,goal,-33.483,-233.442,-29.974
109.837,goal,-33.442,-233.528,-29.974
109.871,goal,-33.392,-233.636,-29.974
109.903,goal,-33.351,-233.722,-29.974
109.937,goal,-33.310,-233.808,-29.974
109.971,goal,-33.270,-233.894,-29.974
110.003,goal,-33.229,-233.980,-29.974
110.037,goal,-33.187,-234.066,-29.975
110.071,goal,-33.136,-234.174,-29.975
110.103,goal,-33.094,-234.259,-29.975
110.137,goal,-33.053,-234.345,-29.976
110.171,goal,-33.011,-234.431,-29.976
110.203,goal,-32.969,-234.517,-29.977
110.237,goal,-32.928,-234.603,-29.977
110.271,goal,-32.876,-234.710,-29.977
110.303,goal,-32.834,-234.795,-29.978
110.337,goal,-32.792,-234.881,-29.978
110.371,goal,-32.750,-234.966,-29.978
110.403,goal,-32.708,-235.052,-29.979
110.437,goal,-32.666,-235.137,-29.979
110.471,goal,-32.613,-235.244,-29.979
110.503,goal,-32.572,-235.330,-29.980
110.537,goal,-32.530,-235.416,-29.980
110.571,goal,-32.488,-235.501,-29.980
110.603,goal,-32.446,-235.587,-29.981
110.637,goal,-32.405,-235.673,-29.981
110.671,goal,-32.353,-235.781,-29.982
110.703,goal,-32.311,-235.867,-29.983
110.737,goal,-32.270,-235.953,-29.983
110.771,goal,-32.228,-236.039,-29.984
110.803,goal,-32.187,-236.125,-29.984
110.837,goal,-32.146,-236.211,-29.985
110.871,goal,-32.095,-236.319,-29.985
110.903,goal,-32.054,-236.405,-29.986
110.937,goal,-32.013,-236.491,-29.986
110.971,goal,-31.973,-236.577,-29.986
111.003,goal,-31.932,-236.664,-29.986
111.037,goal,-31.892,-236.750,-29.987
111.071,goal,-31.842,-236.858,-29.987
111.103,goal,-31.802,-236.945,-29.987
111.137,goal,-31.761,-237.031,-29.987
111.171,goal,-31.721,-237.118,-29.986
111.203,goal,-31.681,-237.205,-29.986
111.238,goal,-31.641,-237.291,-29.986
111.272,goal,-31.591,-237.400,-29.986
111.304,goal,-31.552,-237.487,-29.986
111.338,goal,-31.512,-237.573,-29.986
111.372,goal,-31.472,-237.660,-29.986
111.404,goal,-31.432,-237.747,-29.985
111.438,goal,-31.392,-237.833,-29.985
111.472,goal,-31.342,-237.942,-29.985
111.504,goal,-31.302,-238.028,-29.984
111.538,approach,-31.262,-238.115,-29.984
111.572,approach,-31.222,-238.201,-29.984
111.604,approach,-31.182,-238.287,-29.983
111.638,approach,-31.143,-238.373,-29.976
111.673,approach,-31.094,-238.481,-29.959
111.705,approach,-31.054,-238.566,-29.938
111.739,approach,-31.015,-238.652,-29.911
111.773,approach,-30.976,-238.737,-29.878
111.805,approach,-30.938,-238.822,-29.840
111.839,approach,-30.899,-238.906,-29.798
111.873,approach,-30.852,-239.010,-29.741
111.905,approach,-30.814,-239.093,-29.693
111.939,approach,-30.777,-239.174,-29.643
111.973,approach,-30.740,-239.255,-29.591
112.005,approach,-30.704,-239.335,-29.538
112.039,approach,-30.669,-239.413,-29.484
112.074,approach,-30.626,-239.509,-29.416
112.106,approach,-30.592,-239.583,-29.362
112.140,approach,-30.559,-239.656,-29.307
112.174,approach,-30.527,-239.727,-29.253
112.206,approach,-30.496,-239.796,-29.199
112.240,approach,-30.466,-239.863,-29.144
112.274,approach,-30.429,-239.943,-29.076
112.306,approach,-30.401,-240.005,-29.023
112.341,approach,-30.374,-240.065,-28.969
112.374,approach,-30.348,-240.123,-28.915
112.406,approach,-30.322,-240.178,-28.862
112.440,approach,-30.298,-240.232,-28.808
112.475,approach,-30.270,-240.295,-28.742
112.508,approach,-30.248,-240.343,-28.688
112.542,approach,-30.227,-240.389,-28.635
112.576,approach,-30.207,-240.432,-28.583
112.607,approach,-30.188,-240.474,-28.530
112.642,approach,-30.170,-240.513,-28.477
112.676,approach,-30.149,-240.558,-28.412
112.707,approach,-30.134,-240.592,-28.359
112.741,approach,-30.119,-240.624,-28.307
112.775,approach,-30.105,-240.654,-28.255
112.807,approach,-30.092,-240.682,-28.203
112.841,approach,-30.080,-240.708,-28.151
112.875,approach,-30.067,-240.737,-28.086
112.907,approach,-30.056,-240.758,-28.034
112.941,approach,-30.047,-240.778,-27.982
112.975,approach,-30.038,-240.795,-27.930
113.007,approach,-30.031,-240.811,-27.879
113.041,approach,-30.023,-240.825,-27.827
113.075,approach,-30.015,-240.841,-27.762
113.107,approach,-30.010,-240.852,-27.711
113.142,approach,-30.005,-240.861,-27.659
113.176,approach,-30.000,-240.869,-27.608
113.207,approach,-29.997,-240.876,-27.557
113.241,approach,-29.993,-240.881,-27.506
113.275,approach,-29.990,-240.887,-27.442
113.307,approach,-29.988,-240.890,-27.391
113.341,approach,-29.986,-240.892,-27.341
113.375,approach,-29.985,-240.894,-27.291
113.407,approach,-29.984,-240.894,-27.240
113.441,approach,-29.983,-240.894,-27.190
113.475,approach,-29.983,-240.893,-27.128
113.507,approach,-29.983,-240.891,-27.078
113.542,approach,-29.983,-240.888,-27.028
113.575,approach,-29.984,-240.885,-26.979
113.607,approach,-29.985,-240.881,-26.930
113.642,approach,-29.986,-240.877,-26.880
113.675,approach,-29.987,-240.871,-26.819
113.707,approach,-29.989,-240.866,-26.770
113.741,approach,-29.990,-240.861,-26.721
113.775,approach,-29.992,-240.855,-26.672
113.807,approach,-29.994,-240.849,-26.623
113.841,approach,-29.996,-240.843,-26.574
113.875,approach,-29.999,-240.835,-26.513
113.907,approach,-30.001,-240.829,-26.464
113.941,approach,-30.003,-240.823,-26.415
113.976,approach,-30.006,-240.817,-26.366
114.007,approach,-30.008,-240.810,-26.317
114.041,approach,-30.011,-240.804,-26.268
114.075,approach,-30.014,-240.797,-26.207
114.107,approach,-30.017,-240.791,-26.158
114.141,approach,-30.019,-240.785,-26.109
114.175,approach,-30.022,-240.779,-26.060
114.207,approach,-30.025,-240.773,-26.011
114.241,approach,-30.028,-240.768,-25.962
114.275,approach,-30.031,-240.761,-25.901
114.307,approach,-30.033,-240.756,-25.853
114.341,approach,-30.036,-240.752,-25.804
114.376,approach,-30.038,-240.747,-25.755
114.407,approach,-30.041,-240.743,-25.707
114.441,approach,-30.043,-240.739,-25.658
114.475,approach,-30.046,-240.733,-25.597
114.507,approach,-30.049,-240.729,-25.549
114.541,approach,-30.051,-240.726,-25.500
114.575,approach,-30.053,-240.722,-25.451
114.607,approach,-30.055,-240.718,-25.402
114.641,approach,-30.057,-240.714,-25.353
114.675,approach,-30.059,-240.710,-25.291
114.707,approach,-30.061,-240.706,-25.242
114.741,approach,-30.063,-240.703,-25.193
114.775,approach,-30.065,-240.700,-25.144
114.807,approach,-30.067,-240.696,-25.095
114.841,approach,-30.068,-240.693,-25.046
114.875,approach,-30.071,-240.689,-24.985
114.907,approach,-30.072,-240.686,-24.936
114.941,approach,-30.074,-240.683,-24.887
114.975,approach,-30.076,-240.680,-24.838
115.007,approach,-30.077,-240.677,-24.790
115.041,approach,-30.079,-240.675,-24.741
115.075,approach,-30.080,-240.672,-24.679
115.107,approach,-30.081,-240.669,-24.631
115.141,approach,-30.082,-240.667,-24.582
115.175,approach,-30.083,-240.665,-24.533
115.207,approach,-30.084,-240.662,-24.484
115.241,approach,-30.085,-240.660,-24.435
115.277,approach,-30.086,-240.657,-24.375
115.309,approach,-30.087,-240.654,-24.326
115.343,approach,-30.088,-240.652,-24.278
115.377,approach,-30.088,-240.650,-24.229
115.409,approach,-30.089,-240.647,-24.181
115.443,approach,-30.089,-240.645,-24.132
115.477,approach,-30.090,-240.643,-24.071
115.509,approach,-30.090,-240.641,-24.022
115.543,approach,-30.091,-240.639,-23.974
115.577,approach,-30.091,-240.637,-23.925
115.609,approach,-30.091,-240.635,-23.877
115.643,approach,-30.092,-240.634,-23.829
115.677,approach,-30.092,-240.632,-23.768
115.709,approach,-30.092,-240.631,-23.720
115.743,approach,-30.092,-240.629,-23.672
115.777,approach,-30.092,-240.629,-23.623
115.809,approach,-30.092,-240.628,-23.575
115.843,approach,-30.092,-240.627,-23.527
115.877,approach,-30.092,-240.626,-23.467
115.909,approach,-30.092,-240.626,-23.419
115.943,approach,-30.092,-240.626,-23.371
115.977,approach,-30.092,-240.626,-23.323
116.009,approach,-30.093,-240.625,-23.274
116.043,approach,-30.093,-240.625,-23.226
116.077,approach,-30.093,-240.625,-23.166
116.109,approach,-30.093,-240.625,-23.118
116.143,approach,-30.093,-240.624,-23.070
116.177,approach,-30.094,-240.624,-23.022
116.209,approach,-30.094,-240.624,-22.974
116.243,approach,-30.095,-240.623,-22.926
116.277,approach,-30.096,-240.623,-22.865
116.309,approach,-30.097,-240.622,-22.817
116.343,approach,-30.098,-240.622,-22.769
116.377,approach,-30.099,-240.621,-22.721
116.409,approach,-30.099,-240.621,-22.672
116.443,approach,-30.100,-240.620,-22.624
116.477,approach,-30.102,-240.619,-22.564
116.509,approach,-30.103,-240.618,-22.516
116.543,approach,-30.104,-240.618,-22.468
116.577,approach,-30.105,-240.617,-22.420
116.609,approach,-30.107,-240.616,-22.372
116.643,approach,-30.108,-240.615,-22.324
116.677,approach,-30.110,-240.614,-22.263
116.709,approach,-30.111,-240.613,-22.215
116.743,approach,-30.112,-240.612,-22.167
116.777,approach,-30.114,-240.611,-22.120
116.809,approach,-30.115,-240.610,-22.072
116.843,approach,-30.116,-240.609,-22.024
116.877,approach,-30.117,-240.608,-21.964
116.909,approach,-30.119,-240.607,-21.916
116.943,approach,-30.120,-240.606,-21.869
116.977,approach,-30.121,-240.605,-21.821
117.009,approach,-30.122,-240.604,-21.773
117.043,approach,-30.123,-240.603,-21.725
117.077,approach,-30.125,-240.601,-21.666
117.109,approach,-30.127,-240.600,-21.618
117.143,approach,-30.128,-240.599,-21.570
117.177,approach,-30.129,-240.598,-21.522
117.209,approach,-30.131,-240.597,-21.474
117.243,approach,-30.132,-240.596,-21.426
117.277,approach,-30.134,-240.595,-21.366
117.309,approach,-30.135,-240.594,-21.319
117.343,approach,-30.137,-240.593,-21.271
117.377,approach,-30.138,-240.592,-21.223
117.409,approach,-30.139,-240.591,-21.175
117.443,approach,-30.141,-240.591,-21.127
117.477,approach,-30.142,-240.590,-21.068
117.509,approach,-30.143,-240.589,-21.020
117.543,approach,-30.144,-240.588,-20.973
117.577,approach,-30.145,-240.587,-20.925
117.609,approach,-30.146,-240.586,-20.878
117.643,approach,-30.147,-240.585,-20.830
117.677,approach,-30.149,-240.584,-20.771
117.709,approach,-30.149,-240.583,-20.723
117.743,approach,-30.150,-240.582,-20.676
117.777,approach,-30.151,-240.581,-20.628
117.809,approach,-30.152,-240.580,-20.581
117.843,approach,-30.152,-240.579,-20.534
117.877,approach,-30.153,-240.577,-20.474
117.909,approach,-30.153,-240.576,-20.427
117.943,approach,-30.153,-240.575,-20.379
117.977,approach,-30.153,-240.574,-20.332
118.009,approach,-30.153,-240.573,-20.284
118.043,approach,-30.152,-240.572,-20.236
118.078,approach,-30.152,-240.571,-20.177
118.110,approach,-30.151,-240.570,-20.130
118.144,approach,-30.151,-240.569,-20.082
118.178,approach,-30.150,-240.568,-20.035
118.210,approach,-30.149,-240.567,-19.987
118.244,approach,-30.149,-240.566,-19.940
118.278,approach,-30.148,-240.565,-19.881
118.310,approach,-30.147,-240.565,-19.834
118.344,approach,-30.147,-240.564,-19.787
118.378,approach,-30.146,-240.564,-19.739
118.410,approach,-30.146,-240.563,-19.692
118.444,approach,-30.145,-240.563,-19.644
118.479,approach,-30.144,-240.563,-19.585
118.511,approach,-30.143,-240.563,-19.537
118.545,approach,-30.143,-240.564,-19.489
118.579,approach,-30.142,-240.564,-19.442
118.611,approach,-30.141,-240.565,-19.394
118.645,approach,-30.141,-240.565,-19.346
118.679,approach,-30.140,-240.567,-19.286
118.711,approach,-30.139,-240.568,-19.238
118.745,approach,-30.139,-240.569,-19.189
118.779,approach,-30.138,-240.570,-19.141
118.811,approach,-30.137,-240.572,-19.092
118.845,approach,-30.137,-240.573,-19.044
118.879,approach,-30.136,-240.575,-18.983
118.911,approach,-30.136,-240.577,-18.935
118.945,approach,-30.135,-240.579,-18.886
118.979,approach,-30.135,-240.581,-18.837
119.011,approach,-30.135,-240.583,-18.789
119.045,approach,-30.134,-240.585,-18.740
119.081,approach,-30.134,-240.588,-18.679
119.113,approach,-30.134,-240.590,-18.631
119.147,approach,-30.134,-240.592,-18.582
119.181,approach,-30.134,-240.594,-18.533
119.213,approach,-30.133,-240.597,-18.485
119.247,approach,-30.133,-240.599,-18.436
119.281,approach,-30.133,-240.601,-18.376
119.312,approach,-30.133,-240.603,-18.327
119.347,approach,-30.134,-240.606,-18.279
119.380,approach,-30.134,-240.607,-18.231
119.412,approach,-30.134,-240.609,-18.183
119.447,approach,-30.134,-240.611,-18.134
119.481,approach,-30.134,-240.614,-18.074
119.512,approach,-30.134,-240.615,-18.026
119.547,approach,-30.134,-240.617,-17.977
119.580,approach,-30.134,-240.619,-17.929
119.612,approach,-30.134,-240.621,-17.881
119.647,approach,-30.134,-240.622,-17.833
119.681,approach,-30.134,-240.624,-17.772
119.712,approach,-30.134,-240.625,-17.724
119.747,approach,-30.135,-240.626,-17.676
119.781,approach,-30.135,-240.627,-17.628
119.812,approach,-30.135,-240.627,-17.580
119.847,approach,-30.135,-240.628,-17.531
119.881,approach,-30.135,-240.628,-17.471
119.912,approach,-30.135,-240.629,-17.423
119.946,approach,-30.136,-240.629,-17.375
119.981,approach,-30.136,-240.629,-17.326
120.012,approach,-30.135,-240.628,-17.278
120.046,approach,-30.135,-240.628,-17.230
120.081,approach,-30.135,-240.627,-17.169
120.112,approach,-30.135,-240.627,-17.121
120.146,approach,-30.135,-240.626,-17.072
120.181,approach,-30.134,-240.625,-17.024
120.212,approach,-30.134,-240.624,-16.975
120.246,approach,-30.134,-240.623,-16.927
120.281,approach,-30.133,-240.621,-16.866
120.312,approach,-30.133,-240.620,-16.818
120.346,approach,-30.133,-240.618,-16.769
120.381,approach,-30.132,-240.617,-16.720
120.412,approach,-30.132,-240.615,-16.672
120.446,approach,-30.132,-240.614,-16.623
120.481,approach,-30.132,-240.611,-16.562
120.514,approach,-30.131,-240.610,-16.514
120.551,approach,-30.131,-240.608,-16.465
120.603,approach,-30.131,-240.606,-16.417
120.642,approach,-30.130,-240.604,-16.368
120.675,approach,-30.130,-240.603,-16.320
120.710,approach,-30.129,-240.601,-16.259
120.743,approach,-30.128,-240.599,-16.211
120.776,approach,-30.128,-240.598,-16.162
120.810,approach,-30.127,-240.597,-16.114
120.843,approach,-30.127,-240.596,-16.066
120.876,approach,-30.126,-240.595,-16.017
120.909,approach,-30.126,-240.595,-15.957
120.945,approach,-30.125,-240.594,-15.909
120.977,approach,-30.125,-240.593,-15.860
121.012,approach,-30.124,-240.593,-15.812
121.046,approach,-30.124,-240.593,-15.764
121.078,approach,-30.123,-240.593,-15.715
121.114,approach,-30.123,-240.593,-15.655
121.148,approach,-30.122,-240.593,-15.606
121.180,approach,-30.121,-240.593,-15.558
121.215,approach,-30.121,-240.594,-15.509
121.249,approach,-30.120,-240.594,-15.461
121.281,approach,-30.120,-240.595,-15.412
121.315,approach,-30.119,-240.596,-15.351
121.349,approach,-30.119,-240.597,-15.303
121.381,approach,-30.118,-240.597,-15.254
121.415,approach,-30.118,-240.598,-15.206
121.449,approach,-30.118,-240.599,-15.157
121.485,approach,-30.117,-240.600,-15.108
121.524,approach,-30.117,-240.601,-15.048
121.559,approach,-30.116,-240.602,-14.999
121.592,approach,-30.116,-240.603,-14.951
121.626,approach,-30.116,-240.604,-14.903
121.660,approach,-30.115,-240.606,-14.855
121.693,approach,-30.115,-240.607,-14.806
121.727,approach,-30.115,-240.609,-14.746
121.762,approach,-30.114,-240.610,-14.698
121.794,approach,-30.114,-240.612,-14.650
121.828,approach,-30.113,-240.614,-14.602
121.862,approach,-30.113,-240.615,-14.553
121.894,approach,-30.112,-240.617,-14.505
121.940,approach,-30.111,-240.619,-14.445
121.979,approach,-30.111,-240.621,-14.397
122.012,approach,-30.110,-240.623,-14.349
122.046,approach,-30.109,-240.625,-14.301
122.080,approach,-30.108,-240.627,-14.253
122.112,approach,-30.108,-240.628,-14.205
122.146,approach,-30.106,-240.630,-14.145
122.180,approach,-30.105,-240.632,-14.097
122.212,approach,-30.104,-240.634,-14.049
122.247,approach,-30.103,-240.636,-14.001
122.281,approach,-30.101,-240.637,-13.953
122.313,approach,-30.100,-240.639,-13.905
122.347,approach,-30.099,-240.641,-13.845
122.381,approach,-30.098,-240.642,-13.797
122.413,approach,-30.097,-240.644,-13.749
122.447,approach,-30.096,-240.645,-13.701
122.481,approach,-30.095,-240.647,-13.653
122.513,approach,-30.094,-240.648,-13.605
122.547,approach,-30.092,-240.650,-13.544
122.581,approach,-30.091,-240.651,-13.496
122.613,approach,-30.090,-240.653,-13.448
122.647,approach,-30.089,-240.654,-13.400
122.681,approach,-30.088,-240.655,-13.351
122.713,approach,-30.087,-240.656,-13.303
122.748,approach,-30.086,-240.657,-13.243
122.781,approach,-30.085,-240.658,-13.194
122.813,approach,-30.085,-240.658,-13.146
122.847,approach,-30.084,-240.659,-13.098
122.881,approach,-30.083,-240.659,-13.050
122.913,approach,-30.083,-240.660,-13.001
122.947,approach,-30.082,-240.660,-12.941
122.981,approach,-30.081,-240.660,-12.892
123.013,approach,-30.081,-240.660,-12.844
123.047,approach,-30.080,-240.660,-12.795
123.081,approach,-30.080,-240.660,-12.747
123.113,approach,-30.079,-240.660,-12.698
123.147,approach,-30.078,-240.660,-12.638
123.181,approach,-30.078,-240.660,-12.589
123.213,approach,-30.077,-240.659,-12.541
123.247,approach,-30.077,-240.659,-12.492
123.281,approach,-30.076,-240.659,-12.444
123.313,approach,-30.076,-240.659,-12.395
123.347,approach,-30.075,-240.659,-12.335
123.381,approach,-30.075,-240.659,-12.287
123.414,approach,-30.075,-240.659,-12.238
123.447,approach,-30.074,-240.659,-12.190
123.481,approach,-30.074,-240.659,-12.142
123.513,approach,-30.074,-240.659,-12.094
123.549,approach,-30.074,-240.659,-12.033
123.582,approach,-30.073,-240.659,-11.985
123.615,approach,-30.073,-240.660,-11.937
123.650,approach,-30.073,-240.660,-11.889
123.684,approach,-30.073,-240.660,-11.841
123.716,approach,-30.073,-240.660,-11.793
123.750,approach,-30.072,-240.661,-11.733
123.784,approach,-30.073,-240.661,-11.685
123.817,approach,-30.073,-240.662,-11.637
123.851,approach,-30.073,-240.662,-11.589
123.885,approach,-30.073,-240.662,-11.541
123.917,approach,-30.073,-240.663,-11.493
123.951,approach,-30.074,-240.663,-11.432
123.985,approach,-30.074,-240.663,-11.384
124.017,approach,-30.075,-240.663,-11.336
124.052,approach,-30.076,-240.663,-11.289
124.086,approach,-30.077,-240.663,-11.241
124.118,approach,-30.078,-240.663,-11.193
124.152,approach,-30.080,-240.663,-11.134
124.186,approach,-30.081,-240.664,-11.086
124.218,approach,-30.082,-240.664,-11.039
124.252,approach,-30.083,-240.664,-10.991
124.287,approach,-30.084,-240.664,-10.944
124.318,approach,-30.085,-240.663,-10.896
124.352,approach,-30.087,-240.663,-10.836
124.386,approach,-30.088,-240.663,-10.789
124.418,approach,-30.089,-240.663,-10.741
124.452,approach,-30.090,-240.662,-10.693
124.486,approach,-30.092,-240.662,-10.646
124.518,approach,-30.093,-240.662,-10.598
124.552,approach,-30.095,-240.661,-10.538
124.586,approach,-30.097,-240.661,-10.490
124.618,approach,-30.099,-240.661,-10.442
124.653,approach,-30.101,-240.660,-10.394
124.687,approach,-30.103,-240.660,-10.346
124.719,approach,-30.105,-240.659,-10.298
124.753,approach,-30.108,-240.658,-10.237
124.788,approach,-30.110,-240.658,-10.189
124.820,approach,-30.112,-240.657,-10.141
124.854,approach,-30.114,-240.656,-10.093
124.889,approach,-30.116,-240.656,-10.045
124.920,approach,-30.118,-240.655,-9.997
124.955,approach,-30.120,-240.654,-9.937
124.989,approach,-30.122,-240.653,-9.889
125.021,approach,-30.124,-240.653,-9.841
125.055,approach,-30.126,-240.652,-9.793
125.089,approach,-30.127,-240.652,-9.745
125.123,approach,-30.129,-240.651,-9.697
125.157,approach,-30.130,-240.651,-9.637
125.190,approach,-30.131,-240.650,-9.590
125.223,approach,-30.132,-240.650,-9.542
125.257,approach,-30.132,-240.650,-9.494
125.291,approach,-30.133,-240.650,-9.445
125.322,approach,-30.133,-240.649,-9.397
125.357,approach,-30.134,-240.649,-9.337
125.390,approach,-30.134,-240.649,-9.289
125.423,approach,-30.134,-240.650,-9.241
125.457,approach,-30.134,-240.650,-9.193
125.491,approach,-30.134,-240.651,-9.145
125.523,approach,-30.134,-240.651,-9.096
125.557,approach,-30.134,-240.652,-9.036
125.591,approach,-30.134,-240.652,-8.988
125.622,approach,-30.133,-240.653,-8.940
125.657,approach,-30.133,-240.653,-8.891
125.691,approach,-30.132,-240.654,-8.843
125.722,approach,-30.131,-240.654,-8.795
125.757,approach,-30.130,-240.655,-8.734
125.790,approach,-30.129,-240.655,-8.686
125.822,approach,-30.128,-240.656,-8.638
125.857,approach,-30.127,-240.656,-8.590
125.891,approach,-30.125,-240.657,-8.542
125.923,approach,-30.124,-240.657,-8.494
125.957,approach,-30.122,-240.658,-8.434
125.991,approach,-30.120,-240.659,-8.386
126.023,approach,-30.118,-240.659,-8.338
126.057,approach,-30.117,-240.660,-8.290
126.090,approach,-30.115,-240.660,-8.242
126.123,approach,-30.113,-240.660,-8.194
126.157,approach,-30.111,-240.661,-8.135
126.190,approach,-30.109,-240.661,-8.087
126.223,approach,-30.108,-240.661,-8.039
126.257,approach,-30.106,-240.661,-7.991
126.291,approach,-30.104,-240.661,-7.943
126.323,approach,-30.103,-240.661,-7.896
126.357,approach,-30.101,-240.661,-7.836
126.391,approach,-30.099,-240.661,-7.788
126.423,approach,-30.097,-240.661,-7.740
126.457,approach,-30.096,-240.660,-7.692
126.491,approach,-30.094,-240.660,-7.644
126.523,approach,-30.093,-240.660,-7.597
126.557,approach,-30.091,-240.659,-7.537
126.591,approach,-30.089,-240.658,-7.490
126.630,approach,-30.088,-240.658,-7.442
126.664,approach,-30.086,-240.657,-7.394
126.698,approach,-30.085,-240.657,-7.347
126.730,approach,-30.083,-240.656,-7.299
126.764,approach,-30.081,-240.655,-7.240
126.798,approach,-30.080,-240.655,-7.192
126.830,approach,-30.078,-240.654,-7.145
126.864,approach,-30.077,-240.654,-7.097
126.898,approach,-30.076,-240.654,-7.050
126.930,approach,-30.074,-240.653,-7.002
126.964,approach,-30.073,-240.653,-6.942
126.999,approach,-30.072,-240.653,-6.895
127.031,approach,-30.070,-240.653,-6.847
127.065,approach,-30.069,-240.653,-6.799
127.099,approach,-30.068,-240.653,-6.751
127.131,approach,-30.067,-240.653,-6.704
127.165,approach,-30.066,-240.654,-6.644
127.199,approach,-30.065,-240.655,-6.596
127.231,approach,-30.065,-240.656,-6.548
127.266,approach,-30.064,-240.656,-6.501
127.300,approach,-30.063,-240.657,-6.453
127.332,approach,-30.063,-240.658,-6.405
127.366,approach,-30.062,-240.659,-6.346
127.400,approach,-30.062,-240.660,-6.298
127.432,approach,-30.061,-240.661,-6.250
127.466,approach,-30.061,-240.663,-6.202
127.500,approach,-30.061,-240.664,-6.155
127.532,approach,-30.060,-240.665,-6.107
127.566,approach,-30.060,-240.666,-6.047
127.601,approach,-30.060,-240.667,-5.999
127.633,approach,-30.061,-240.667,-5.951
127.669,approach,-30.061,-240.668,-5.904
127.703,approach,-30.061,-240.668,-5.856
127.735,approach,-30.062,-240.669,-5.808
127.769,approach,-30.062,-240.669,-5.748
127.803,approach,-30.063,-240.670,-5.699
127.835,approach,-30.063,-240.670,-5.651
127.869,approach,-30.064,-240.670,-5.603
127.903,approach,-30.064,-240.671,-5.555
127.935,approach,-30.065,-240.671,-5.506
127.969,approach,-30.066,-240.671,-5.446
128.003,approach,-30.066,-240.672,-5.397
128.035,approach,-30.067,-240.672,-5.349
128.085,approach,-30.068,-240.673,-5.300
128.117,approach,-30.068,-240.673,-5.252
128.151,approach,-30.069,-240.674,-5.203
128.185,approach,-30.070,-240.674,-5.143
128.217,approach,-30.071,-240.675,-5.094
128.251,approach,-30.071,-240.675,-5.045
128.285,approach,-30.072,-240.675,-4.997
128.317,approach,-30.073,-240.676,-4.948
128.351,approach,-30.073,-240.676,-4.900
128.385,approach,-30.074,-240.676,-4.839
128.417,approach,-30.074,-240.676,-4.791
128.451,approach,-30.075,-240.677,-4.742
128.485,approach,-30.075,-240.677,-4.694
128.517,approach,-30.076,-240.677,-4.646
128.551,approach,-30.077,-240.677,-4.598
128.585,approach,-30.077,-240.677,-4.538
128.617,approach,-30.078,-240.677,-4.490
128.657,approach,-30.079,-240.677,-4.442
128.694,approach,-30.080,-240.677,-4.394
128.728,approach,-30.080,-240.677,-4.346
128.760,approach,-30.081,-240.677,-4.298
128.795,approach,-30.082,-240.678,-4.238
128.830,approach,-30.083,-240.678,-4.190
128.862,approach,-30.084,-240.678,-4.142
128.896,approach,-30.085,-240.678,-4.094
128.930,approach,-30.086,-240.678,-4.046
128.963,approach,-30.088,-240.678,-3.998
128.997,approach,-30.089,-240.678,-3.938
129.033,approach,-30.090,-240.678,-3.890
129.065,approach,-30.091,-240.678,-3.843
129.099,approach,-30.092,-240.678,-3.795
129.133,approach,-30.093,-240.678,-3.747
129.165,approach,-30.093,-240.678,-3.699
129.199,approach,-30.094,-240.678,-3.639
129.233,approach,-30.095,-240.678,-3.592
129.265,approach,-30.095,-240.677,-3.544
129.299,approach,-30.095,-240.677,-3.496
129.333,approach,-30.095,-240.677,-3.448
129.365,approach,-30.095,-240.676,-3.400
129.399,approach,-30.095,-240.676,-3.341
129.433,approach,-30.095,-240.675,-3.293
129.465,approach,-30.095,-240.675,-3.245
129.499,approach,-30.095,-240.674,-3.197
129.533,approach,-30.095,-240.673,-3.149
129.565,approach,-30.095,-240.672,-3.101
129.599,approach,-30.095,-240.671,-3.042
129.633,approach,-30.095,-240.670,-2.994
129.665,approach,-30.094,-240.669,-2.947
129.699,approach,-30.094,-240.668,-2.899
129.733,approach,-30.093,-240.667,-2.852
129.765,approach,-30.092,-240.666,-2.804
129.799,approach,-30.091,-240.665,-2.745
129.833,approach,-30.090,-240.664,-2.697
129.865,approach,-30.089,-240.663,-2.649
129.899,approach,-30.087,-240.662,-2.602
129.933,approach,-30.086,-240.661,-2.554
129.966,approach,-30.084,-240.660,-2.506
130.000,approach,-30.082,-240.659,-2.446
130.034,approach,-30.081,-240.659,-2.399
130.066,approach,-30.079,-240.658,-2.351
130.100,approach,-30.077,-240.657,-2.303
130.134,approach,-30.076,-240.657,-2.255
130.166,approach,-30.074,-240.656,-2.206
130.200,approach,-30.072,-240.656,-2.146
130.234,approach,-30.071,-240.656,-2.098
130.266,approach,-30.069,-240.656,-2.050
130.300,approach,-30.068,-240.655,-2.003
130.334,approach,-30.066,-240.655,-1.957
130.366,approach,-30.065,-240.656,-1.911
130.400,approach,-30.063,-240.656,-1.856
130.434,approach,-30.061,-240.656,-1.813
130.466,approach,-30.060,-240.656,-1.771
130.500,approach,-30.058,-240.657,-1.731
130.534,approach,-30.057,-240.657,-1.693
130.566,approach,-30.056,-240.658,-1.656
