elapsed_sec,phase,north_m,east_m,down_m
0.016,takeoff,-0.058,0.003,0.058
0.050,takeoff,-0.059,0.002,0.058
0.082,takeoff,-0.059,0.002,0.058
0.116,takeoff,-0.060,0.001,0.058
0.150,takeoff,-0.061,0.001,0.057
0.182,takeoff,-0.062,0.000,0.057
0.216,takeoff,-0.062,0.000,0.056
0.250,takeoff,-0.063,-0.000,0.056
0.282,takeoff,-0.063,-0.001,0.055
0.316,takeoff,-0.063,-0.001,0.054
0.350,takeoff,-0.063,-0.001,0.053
0.382,takeoff,-0.063,-0.002,0.052
0.416,takeoff,-0.063,-0.002,0.051
0.450,takeoff,-0.063,-0.002,0.051
0.482,takeoff,-0.063,-0.002,0.050
0.516,takeoff,-0.063,-0.002,0.049
0.550,takeoff,-0.063,-0.002,0.049
0.582,takeoff,-0.063,-0.002,0.048
0.616,takeoff,-0.063,-0.002,0.047
0.651,takeoff,-0.063,-0.002,0.047
0.683,takeoff,-0.064,-0.002,0.046
0.717,takeoff,-0.064,-0.002,0.046
0.751,takeoff,-0.064,-0.002,0.045
0.783,takeoff,-0.065,-0.002,0.045
0.817,takeoff,-0.065,-0.002,0.044
0.851,takeoff,-0.064,-0.001,0.044
0.883,takeoff,-0.064,-0.001,0.043
0.917,takeoff,-0.064,-0.001,0.043
0.951,takeoff,-0.063,-0.001,0.042
0.983,takeoff,-0.063,-0.001,0.042
1.017,takeoff,-0.062,-0.001,0.041
1.051,takeoff,-0.062,-0.001,0.041
1.083,takeoff,-0.062,-0.001,0.041
1.117,takeoff,-0.062,-0.001,0.041
1.151,takeoff,-0.062,-0.001,0.040
1.183,takeoff,-0.061,-0.001,0.040
1.217,takeoff,-0.061,-0.001,0.040
1.251,takeoff,-0.060,-0.001,0.040
1.283,takeoff,-0.060,-0.002,0.040
1.317,takeoff,-0.058,-0.002,0.039
1.351,takeoff,-0.057,-0.002,0.039
1.383,takeoff,-0.056,-0.002,0.039
1.417,takeoff,-0.055,-0.003,0.039
1.451,takeoff,-0.054,-0.003,0.038
1.483,takeoff,-0.052,-0.003,0.038
1.517,takeoff,-0.051,-0.004,0.038
1.551,takeoff,-0.050,-0.004,0.038
1.583,takeoff,-0.048,-0.004,0.038
1.617,takeoff,-0.047,-0.005,0.038
1.651,takeoff,-0.046,-0.005,0.037
1.683,takeoff,-0.046,-0.005,0.037
1.718,takeoff,-0.044,-0.006,0.037
1.751,takeoff,-0.044,-0.006,0.037
1.783,takeoff,-0.043,-0.007,0.037
1.817,takeoff,-0.042,-0.007,0.037
1.851,takeoff,-0.042,-0.007,0.037
1.883,takeoff,-0.041,-0.008,0.036
1.917,takeoff,-0.040,-0.008,0.036
1.951,takeoff,-0.040,-0.009,0.036
1.983,takeoff,-0.039,-0.009,0.036
2.017,takeoff,-0.039,-0.010,0.036
2.051,takeoff,-0.038,-0.010,0.035
2.083,takeoff,-0.038,-0.010,0.035
2.117,takeoff,-0.037,-0.011,0.035
2.151,takeoff,-0.037,-0.011,0.035
2.183,takeoff,-0.037,-0.011,0.034
2.217,takeoff,-0.037,-0.012,0.032
2.251,takeoff,-0.037,-0.013,0.028
2.283,takeoff,-0.037,-0.014,0.024
2.317,takeoff,-0.038,-0.015,0.015
2.351,takeoff,-0.039,-0.015,0.006
2.383,takeoff,-0.040,-0.016,-0.006
2.417,takeoff,-0.041,-0.016,-0.020
2.451,takeoff,-0.042,-0.016,-0.036
2.483,takeoff,-0.042,-0.016,-0.055
2.517,takeoff,-0.044,-0.015,-0.082
2.551,takeoff,-0.045,-0.014,-0.107
2.583,takeoff,-0.046,-0.012,-0.134
2.617,takeoff,-0.047,-0.010,-0.164
2.651,takeoff,-0.048,-0.007,-0.197
2.683,takeoff,-0.049,-0.004,-0.233
2.717,takeoff,-0.050,-0.000,-0.281
2.751,takeoff,-0.051,0.003,-0.322
2.783,takeoff,-0.052,0.007,-0.366
2.817,takeoff,-0.053,0.010,-0.412
2.851,takeoff,-0.054,0.014,-0.461
2.883,takeoff,-0.055,0.018,-0.513
2.917,takeoff,-0.056,0.023,-0.581
2.951,takeoff,-0.056,0.026,-0.638
2.983,takeoff,-0.057,0.030,-0.697
3.017,takeoff,-0.057,0.034,-0.759
3.051,takeoff,-0.058,0.037,-0.824
3.083,takeoff,-0.058,0.041,-0.891
3.117,takeoff,-0.058,0.045,-0.978
3.151,takeoff,-0.058,0.048,-1.051
3.183,takeoff,-0.059,0.051,-1.126
3.217,takeoff,-0.059,0.054,-1.203
3.251,takeoff,-0.059,0.056,-1.281
3.283,takeoff,-0.059,0.059,-1.360
3.317,takeoff,-0.060,0.062,-1.461
3.351,takeoff,-0.061,0.064,-1.543
3.383,takeoff,-0.061,0.065,-1.625
3.417,takeoff,-0.062,0.067,-1.708
3.451,takeoff,-0.062,0.068,-1.791
3.483,takeoff,-0.063,0.069,-1.875
3.517,takeoff,-0.064,0.070,-1.979
3.551,takeoff,-0.066,0.070,-2.063
3.583,takeoff,-0.067,0.070,-2.147
3.617,takeoff,-0.068,0.071,-2.231
3.651,takeoff,-0.069,0.070,-2.316
3.683,takeoff,-0.071,0.070,-2.400
3.717,takeoff,-0.072,0.069,-2.506
3.751,takeoff,-0.074,0.069,-2.591
3.783,takeoff,-0.075,0.068,-2.675
3.817,takeoff,-0.076,0.067,-2.760
3.851,takeoff,-0.078,0.065,-2.845
3.883,takeoff,-0.079,0.064,-2.930
3.917,takeoff,-0.080,0.061,-3.037
3.951,takeoff,-0.082,0.059,-3.122
3.983,takeoff,-0.083,0.057,-3.207
4.017,takeoff,-0.084,0.055,-3.293
4.051,takeoff,-0.085,0.053,-3.379
4.083,takeoff,-0.087,0.051,-3.465
4.117,takeoff,-0.088,0.048,-3.573
4.151,takeoff,-0.090,0.046,-3.659
4.183,takeoff,-0.091,0.043,-3.746
4.217,takeoff,-0.092,0.041,-3.832
4.251,takeoff,-0.094,0.038,-3.919
4.283,takeoff,-0.095,0.036,-4.006
4.317,takeoff,-0.097,0.033,-4.116
4.352,takeoff,-0.098,0.031,-4.203
4.384,takeoff,-0.099,0.029,-4.291
4.418,takeoff,-0.100,0.026,-4.379
4.453,takeoff,-0.102,0.024,-4.467
4.485,takeoff,-0.103,0.022,-4.555
4.519,takeoff,-0.105,0.020,-4.665
4.553,takeoff,-0.107,0.018,-4.754
4.585,takeoff,-0.108,0.016,-4.842
4.621,takeoff,-0.110,0.014,-4.931
4.654,takeoff,-0.112,0.012,-5.020
4.687,takeoff,-0.114,0.010,-5.110
4.721,takeoff,-0.116,0.008,-5.221
4.754,takeoff,-0.118,0.006,-5.311
4.787,takeoff,-0.119,0.004,-5.400
4.821,takeoff,-0.121,0.002,-5.490
4.854,takeoff,-0.123,0.000,-5.579
4.887,takeoff,-0.124,-0.002,-5.669
4.921,takeoff,-0.126,-0.004,-5.780
4.954,takeoff,-0.128,-0.006,-5.870
4.987,takeoff,-0.129,-0.008,-5.959
5.021,takeoff,-0.131,-0.010,-6.049
5.054,takeoff,-0.132,-0.012,-6.138
5.087,takeoff,-0.133,-0.014,-6.228
5.121,takeoff,-0.134,-0.016,-6.339
5.155,takeoff,-0.135,-0.018,-6.429
5.187,takeoff,-0.136,-0.020,-6.519
5.221,takeoff,-0.137,-0.022,-6.608
5.254,takeoff,-0.137,-0.024,-6.698
5.286,takeoff,-0.137,-0.026,-6.788
5.321,takeoff,-0.137,-0.028,-6.900
5.354,takeoff,-0.137,-0.029,-6.989
5.386,takeoff,-0.137,-0.031,-7.079
5.421,takeoff,-0.136,-0.033,-7.168
5.454,takeoff,-0.136,-0.034,-7.258
5.486,takeoff,-0.135,-0.036,-7.348
5.520,takeoff,-0.133,-0.037,-7.460
5.554,takeoff,-0.132,-0.039,-7.550
5.586,takeoff,-0.131,-0.041,-7.640
5.621,takeoff,-0.129,-0.042,-7.729
5.656,takeoff,-0.128,-0.044,-7.819
5.688,takeoff,-0.126,-0.046,-7.909
5.722,takeoff,-0.124,-0.048,-8.022
5.756,takeoff,-0.122,-0.050,-8.112
5.788,takeoff,-0.120,-0.051,-8.202
5.822,takeoff,-0.118,-0.053,-8.293
5.856,takeoff,-0.117,-0.055,-8.383
5.888,takeoff,-0.115,-0.057,-8.473
5.922,takeoff,-0.113,-0.059,-8.587
5.956,takeoff,-0.111,-0.061,-8.677
5.988,takeoff,-0.109,-0.062,-8.768
6.022,takeoff,-0.108,-0.064,-8.859
6.056,takeoff,-0.106,-0.066,-8.949
6.088,takeoff,-0.104,-0.067,-9.040
6.122,takeoff,-0.102,-0.070,-9.154
6.156,takeoff,-0.100,-0.071,-9.245
6.188,takeoff,-0.098,-0.073,-9.336
6.222,takeoff,-0.096,-0.075,-9.427
6.256,takeoff,-0.094,-0.076,-9.518
6.288,takeoff,-0.092,-0.078,-9.610
6.322,takeoff,-0.089,-0.080,-9.724
6.356,takeoff,-0.087,-0.081,-9.815
6.388,takeoff,-0.084,-0.082,-9.907
6.422,takeoff,-0.082,-0.084,-9.998
6.456,takeoff,-0.080,-0.085,-10.089
6.488,takeoff,-0.077,-0.086,-10.181
6.522,takeoff,-0.074,-0.087,-10.295
6.556,takeoff,-0.072,-0.088,-10.387
6.588,takeoff,-0.069,-0.089,-10.478
6.622,takeoff,-0.067,-0.090,-10.570
6.656,takeoff,-0.065,-0.091,-10.662
6.688,takeoff,-0.062,-0.091,-10.753
6.722,takeoff,-0.059,-0.092,-10.868
6.756,takeoff,-0.057,-0.092,-10.960
6.788,takeoff,-0.054,-0.093,-11.052
6.822,takeoff,-0.051,-0.093,-11.144
6.856,takeoff,-0.049,-0.093,-11.236
6.888,takeoff,-0.046,-0.093,-11.328
6.922,takeoff,-0.042,-0.094,-11.443
6.956,takeoff,-0.039,-0.093,-11.535
6.988,takeoff,-0.036,-0.093,-11.628
7.022,takeoff,-0.032,-0.093,-11.720
7.056,takeoff,-0.029,-0.093,-11.812
7.088,takeoff,-0.026,-0.092,-11.905
7.122,takeoff,-0.022,-0.091,-12.021
7.156,takeoff,-0.018,-0.091,-12.113
7.188,takeoff,-0.015,-0.090,-12.206
7.222,takeoff,-0.012,-0.088,-12.299
7.256,takeoff,-0.008,-0.087,-12.391
7.288,takeoff,-0.005,-0.086,-12.484
7.322,takeoff,-0.001,-0.084,-12.600
7.356,takeoff,0.002,-0.082,-12.693
7.388,takeoff,0.005,-0.081,-12.786
7.422,takeoff,0.008,-0.079,-12.879
7.456,takeoff,0.011,-0.077,-12.973
7.488,takeoff,0.014,-0.074,-13.066
7.522,takeoff,0.017,-0.072,-13.183
7.556,takeoff,0.019,-0.069,-13.277
7.588,takeoff,0.022,-0.067,-13.371
7.622,takeoff,0.024,-0.065,-13.464
7.656,takeoff,0.027,-0.062,-13.558
7.688,takeoff,0.029,-0.060,-13.652
7.723,takeoff,0.032,-0.056,-13.769
7.757,takeoff,0.034,-0.054,-13.863
7.789,takeoff,0.036,-0.051,-13.956
7.823,takeoff,0.038,-0.048,-14.050
7.857,takeoff,0.040,-0.045,-14.143
7.889,takeoff,0.042,-0.042,-14.237
7.923,takeoff,0.045,-0.038,-14.354
7.957,takeoff,0.047,-0.034,-14.448
7.989,takeoff,0.049,-0.031,-14.541
8.023,takeoff,0.051,-0.027,-14.635
8.057,takeoff,0.053,-0.024,-14.729
8.089,takeoff,0.055,-0.020,-14.823
8.123,takeoff,0.058,-0.016,-14.940
8.157,takeoff,0.060,-0.013,-15.034
8.189,takeoff,0.061,-0.009,-15.128
8.223,takeoff,0.063,-0.006,-15.222
8.257,takeoff,0.064,-0.002,-15.316
8.289,takeoff,0.065,0.001,-15.410
8.323,takeoff,0.067,0.005,-15.527
8.357,takeoff,0.068,0.008,-15.621
8.389,takeoff,0.069,0.011,-15.714
8.423,takeoff,0.069,0.014,-15.808
8.457,takeoff,0.070,0.016,-15.902
8.489,takeoff,0.070,0.018,-15.996
8.523,takeoff,0.071,0.021,-16.113
8.557,takeoff,0.071,0.023,-16.207
8.589,takeoff,0.071,0.025,-16.301
8.623,takeoff,0.070,0.027,-16.395
8.657,takeoff,0.070,0.029,-16.489
8.689,takeoff,0.069,0.031,-16.583
8.723,takeoff,0.069,0.033,-16.701
8.757,takeoff,0.068,0.035,-16.796
8.789,takeoff,0.067,0.036,-16.890
8.823,takeoff,0.066,0.038,-16.984
8.857,takeoff,0.065,0.040,-17.079
8.889,takeoff,0.063,0.041,-17.173
8.923,takeoff,0.062,0.044,-17.291
8.957,takeoff,0.060,0.045,-17.386
8.989,takeoff,0.059,0.047,-17.480
9.023,takeoff,0.057,0.049,-17.575
9.057,takeoff,0.056,0.051,-17.669
9.089,takeoff,0.054,0.052,-17.764
9.123,takeoff,0.052,0.055,-17.882
9.157,takeoff,0.050,0.056,-17.976
9.189,takeoff,0.048,0.058,-18.071
9.223,takeoff,0.046,0.060,-18.165
9.257,takeoff,0.044,0.061,-18.260
9.289,takeoff,0.042,0.063,-18.354
9.323,takeoff,0.039,0.064,-18.472
9.357,takeoff,0.037,0.066,-18.567
9.389,takeoff,0.035,0.067,-18.661
9.423,takeoff,0.032,0.068,-18.756
9.457,takeoff,0.030,0.069,-18.850
9.489,takeoff,0.028,0.070,-18.945
9.523,takeoff,0.025,0.071,-19.063
9.557,takeoff,0.022,0.072,-19.157
9.590,takeoff,0.020,0.073,-19.252
9.624,takeoff,0.018,0.074,-19.347
9.658,takeoff,0.016,0.075,-19.442
9.690,takeoff,0.014,0.076,-19.536
9.724,takeoff,0.012,0.076,-19.655
9.758,takeoff,0.010,0.077,-19.750
9.790,takeoff,0.008,0.077,-19.845
9.824,takeoff,0.006,0.077,-19.939
9.858,takeoff,0.004,0.078,-20.034
9.890,takeoff,0.002,0.078,-20.129
9.924,takeoff,0.000,0.078,-20.247
9.958,takeoff,-0.002,0.078,-20.342
9.990,takeoff,-0.004,0.078,-20.437
10.024,takeoff,-0.006,0.078,-20.531
10.058,takeoff,-0.008,0.078,-20.626
10.090,takeoff,-0.010,0.078,-20.721
10.124,takeoff,-0.013,0.078,-20.839
10.158,takeoff,-0.016,0.077,-20.934
10.190,takeoff,-0.018,0.077,-21.029
10.224,takeoff,-0.020,0.076,-21.124
10.258,takeoff,-0.023,0.076,-21.218
10.290,takeoff,-0.025,0.076,-21.313
10.324,takeoff,-0.029,0.075,-21.431
10.358,takeoff,-0.031,0.074,-21.525
10.390,takeoff,-0.034,0.074,-21.620
10.424,takeoff,-0.036,0.073,-21.714
10.458,takeoff,-0.039,0.073,-21.808
10.490,takeoff,-0.041,0.073,-21.903
10.524,takeoff,-0.044,0.072,-22.021
10.558,takeoff,-0.047,0.072,-22.115
10.590,takeoff,-0.049,0.071,-22.210
10.624,takeoff,-0.051,0.071,-22.304
10.658,takeoff,-0.054,0.070,-22.399
10.690,takeoff,-0.056,0.069,-22.493
10.724,takeoff,-0.059,0.068,-22.611
10.758,takeoff,-0.061,0.066,-22.705
10.790,takeoff,-0.063,0.065,-22.800
10.824,takeoff,-0.065,0.063,-22.894
10.858,takeoff,-0.067,0.062,-22.989
10.890,takeoff,-0.069,0.060,-23.083
10.924,takeoff,-0.071,0.057,-23.201
10.958,takeoff,-0.073,0.054,-23.296
10.990,takeoff,-0.075,0.052,-23.390
11.024,takeoff,-0.077,0.049,-23.484
11.058,takeoff,-0.078,0.047,-23.579
11.090,takeoff,-0.080,0.044,-23.673
11.124,takeoff,-0.082,0.040,-23.791
11.158,takeoff,-0.083,0.037,-23.886
11.190,takeoff,-0.085,0.034,-23.980
11.224,takeoff,-0.086,0.032,-24.074
11.259,takeoff,-0.087,0.029,-24.168
11.291,takeoff,-0.088,0.026,-24.262
11.325,takeoff,-0.089,0.023,-24.380
11.359,takeoff,-0.090,0.020,-24.474
11.391,takeoff,-0.091,0.018,-24.568
11.425,takeoff,-0.091,0.015,-24.663
11.459,takeoff,-0.092,0.013,-24.757
11.491,takeoff,-0.092,0.011,-24.852
11.525,takeoff,-0.092,0.008,-24.970
11.559,takeoff,-0.092,0.006,-25.065
11.591,takeoff,-0.092,0.003,-25.160
11.625,takeoff,-0.092,0.001,-25.255
11.659,takeoff,-0.091,-0.001,-25.350
11.691,takeoff,-0.091,-0.003,-25.446
11.725,takeoff,-0.090,-0.005,-25.565
11.759,takeoff,-0.090,-0.007,-25.660
11.791,takeoff,-0.089,-0.009,-25.755
11.825,takeoff,-0.089,-0.012,-25.851
11.859,takeoff,-0.088,-0.014,-25.946
11.891,takeoff,-0.088,-0.016,-26.042
11.925,takeoff,-0.087,-0.019,-26.161
11.959,takeoff,-0.086,-0.021,-26.256
11.991,takeoff,-0.086,-0.023,-26.351
12.025,takeoff,-0.085,-0.026,-26.447
12.059,takeoff,-0.085,-0.028,-26.542
12.091,takeoff,-0.084,-0.030,-26.637
12.125,takeoff,-0.084,-0.033,-26.757
12.159,takeoff,-0.083,-0.035,-26.852
12.191,takeoff,-0.082,-0.037,-26.947
12.225,takeoff,-0.081,-0.039,-27.042
12.259,takeoff,-0.080,-0.041,-27.137
12.291,takeoff,-0.079,-0.043,-27.232
12.325,takeoff,-0.077,-0.045,-27.349
12.359,takeoff,-0.076,-0.047,-27.441
12.391,takeoff,-0.075,-0.048,-27.531
12.425,takeoff,-0.073,-0.050,-27.619
12.459,takeoff,-0.072,-0.052,-27.705
12.491,takeoff,-0.071,-0.053,-27.788
12.525,takeoff,-0.070,-0.055,-27.887
12.559,takeoff,-0.069,-0.056,-27.964
12.591,takeoff,-0.068,-0.058,-28.037
12.625,takeoff,-0.066,-0.059,-28.108
12.659,takeoff,-0.065,-0.060,-28.175
12.691,takeoff,-0.064,-0.061,-28.240
12.725,takeoff,-0.063,-0.062,-28.317
12.759,takeoff,-0.062,-0.063,-28.375
12.791,takeoff,-0.060,-0.064,-28.431
12.825,takeoff,-0.059,-0.064,-28.485
12.859,takeoff,-0.057,-0.064,-28.535
12.891,waypoint_1,-0.055,-0.065,-28.584
12.925,waypoint_1,-0.053,-0.065,-28.641
12.959,waypoint_1,-0.051,-0.066,-28.685
12.991,waypoint_1,-0.049,-0.066,-28.728
13.025,waypoint_1,-0.047,-0.067,-28.771
13.059,waypoint_1,-0.044,-0.067,-28.813
13.091,waypoint_1,-0.042,-0.069,-28.856
13.125,waypoint_1,-0.039,-0.072,-28.908
13.159,waypoint_1,-0.037,-0.077,-28.949
13.191,waypoint_1,-0.036,-0.084,-28.989
13.225,waypoint_1,-0.035,-0.093,-29.026
13.259,waypoint_1,-0.035,-0.106,-29.062
13.291,waypoint_1,-0.037,-0.121,-29.097
13.325,waypoint_1,-0.041,-0.145,-29.136
13.359,waypoint_1,-0.045,-0.168,-29.166
13.391,waypoint_1,-0.052,-0.195,-29.193
13.425,waypoint_1,-0.060,-0.225,-29.219
13.460,waypoint_1,-0.071,-0.259,-29.243
13.492,waypoint_1,-0.084,-0.297,-29.265
13.526,waypoint_1,-0.102,-0.348,-29.290
13.560,waypoint_1,-0.120,-0.393,-29.309
13.592,waypoint_1,-0.140,-0.441,-29.327
13.626,waypoint_1,-0.162,-0.492,-29.344
13.660,waypoint_1,-0.187,-0.545,-29.359
13.692,waypoint_1,-0.215,-0.602,-29.374
13.728,waypoint_1,-0.254,-0.675,-29.392
13.762,waypoint_1,-0.288,-0.736,-29.405
13.794,waypoint_1,-0.324,-0.799,-29.418
13.828,waypoint_1,-0.363,-0.864,-29.430
13.862,waypoint_1,-0.404,-0.930,-29.443
13.894,waypoint_1,-0.448,-0.997,-29.454
13.928,waypoint_1,-0.504,-1.084,-29.469
13.962,waypoint_1,-0.551,-1.155,-29.480
13.994,waypoint_1,-0.599,-1.226,-29.491
14.028,waypoint_1,-0.648,-1.300,-29.502
14.062,waypoint_1,-0.697,-1.374,-29.512
14.094,waypoint_1,-0.747,-1.449,-29.522
14.128,waypoint_1,-0.808,-1.545,-29.535
14.162,waypoint_1,-0.857,-1.622,-29.544
14.194,waypoint_1,-0.905,-1.701,-29.554
14.228,waypoint_1,-0.953,-1.781,-29.563
14.262,waypoint_1,-1.000,-1.862,-29.572
14.294,waypoint_1,-1.046,-1.943,-29.580
14.328,waypoint_1,-1.101,-2.047,-29.591
14.362,waypoint_1,-1.145,-2.130,-29.599
14.394,waypoint_1,-1.188,-2.215,-29.607
14.428,waypoint_1,-1.229,-2.300,-29.615
14.462,waypoint_1,-1.269,-2.385,-29.623
14.494,waypoint_1,-1.309,-2.471,-29.630
14.528,waypoint_1,-1.357,-2.579,-29.639
14.562,waypoint_1,-1.394,-2.667,-29.646
14.594,waypoint_1,-1.430,-2.754,-29.653
14.628,waypoint_1,-1.465,-2.842,-29.660
14.662,waypoint_1,-1.500,-2.930,-29.667
14.694,waypoint_1,-1.534,-3.018,-29.674
14.728,waypoint_1,-1.575,-3.128,-29.683
14.762,waypoint_1,-1.607,-3.216,-29.689
14.794,waypoint_1,-1.639,-3.304,-29.696
14.828,waypoint_1,-1.670,-3.393,-29.703
14.862,waypoint_1,-1.701,-3.482,-29.709
14.894,waypoint_1,-1.731,-3.571,-29.715
14.928,waypoint_1,-1.769,-3.682,-29.723
14.962,waypoint_1,-1.798,-3.770,-29.729
14.994,waypoint_1,-1.828,-3.859,-29.735
15.028,waypoint_1,-1.857,-3.948,-29.741
15.062,waypoint_1,-1.885,-4.037,-29.747
15.094,waypoint_1,-1.914,-4.127,-29.752
15.128,waypoint_1,-1.949,-4.238,-29.759
15.162,waypoint_1,-1.976,-4.327,-29.764
15.194,waypoint_1,-2.003,-4.416,-29.770
15.228,waypoint_1,-2.030,-4.505,-29.775
15.262,waypoint_1,-2.057,-4.595,-29.779
15.294,waypoint_1,-2.083,-4.684,-29.784
15.328,waypoint_1,-2.116,-4.796,-29.790
15.362,waypoint_1,-2.142,-4.886,-29.794
15.394,waypoint_1,-2.168,-4.976,-29.799
15.428,waypoint_1,-2.193,-5.066,-29.803
15.462,waypoint_1,-2.219,-5.156,-29.807
15.494,waypoint_1,-2.245,-5.247,-29.811
15.528,waypoint_1,-2.277,-5.359,-29.816
15.562,waypoint_1,-2.302,-5.450,-29.820
15.595,waypoint_1,-2.328,-5.540,-29.824
15.629,waypoint_1,-2.353,-5.630,-29.828
15.663,waypoint_1,-2.379,-5.721,-29.832
15.695,waypoint_1,-2.405,-5.811,-29.836
15.729,waypoint_1,-2.437,-5.924,-29.840
15.763,waypoint_1,-2.463,-6.015,-29.844
15.795,waypoint_1,-2.488,-6.105,-29.848
15.830,waypoint_1,-2.514,-6.196,-29.851
15.864,waypoint_1,-2.539,-6.287,-29.855
15.896,waypoint_1,-2.565,-6.378,-29.858
15.930,waypoint_1,-2.596,-6.491,-29.862
15.964,waypoint_1,-2.622,-6.582,-29.865
15.996,waypoint_1,-2.647,-6.674,-29.868
16.030,waypoint_1,-2.673,-6.765,-29.871
16.064,waypoint_1,-2.699,-6.856,-29.874
16.096,waypoint_1,-2.724,-6.947,-29.876
16.130,waypoint_1,-2.756,-7.061,-29.880
16.164,waypoint_1,-2.782,-7.153,-29.882
16.196,waypoint_1,-2.808,-7.245,-29.885
16.230,waypoint_1,-2.833,-7.336,-29.887
16.264,waypoint_1,-2.859,-7.428,-29.889
16.296,waypoint_1,-2.885,-7.520,-29.891
16.330,waypoint_1,-2.918,-7.635,-29.894
16.364,waypoint_1,-2.944,-7.728,-29.895
16.396,waypoint_1,-2.970,-7.820,-29.897
16.430,waypoint_1,-2.996,-7.913,-29.899
16.464,waypoint_1,-3.022,-8.005,-29.900
16.496,waypoint_1,-3.048,-8.098,-29.902
16.530,waypoint_1,-3.081,-8.214,-29.904
16.564,waypoint_1,-3.108,-8.307,-29.905
16.596,waypoint_1,-3.134,-8.400,-29.907
16.630,waypoint_1,-3.160,-8.494,-29.909
16.665,waypoint_1,-3.186,-8.587,-29.910
16.697,waypoint_1,-3.212,-8.681,-29.912
16.731,waypoint_1,-3.245,-8.798,-29.914
16.765,waypoint_1,-3.270,-8.892,-29.915
16.797,waypoint_1,-3.296,-8.985,-29.917
16.831,waypoint_1,-3.322,-9.079,-29.918
16.865,waypoint_1,-3.347,-9.173,-29.920
16.897,waypoint_1,-3.372,-9.266,-29.921
16.931,waypoint_1,-3.404,-9.383,-29.923
16.965,waypoint_1,-3.430,-9.477,-29.925
16.997,waypoint_1,-3.455,-9.570,-29.926
17.031,waypoint_1,-3.480,-9.664,-29.927
17.065,waypoint_1,-3.505,-9.758,-29.929
17.097,waypoint_1,-3.530,-9.852,-29.930
17.131,waypoint_1,-3.562,-9.970,-29.931
17.165,waypoint_1,-3.587,-10.064,-29.932
17.197,waypoint_1,-3.611,-10.158,-29.933
17.231,waypoint_1,-3.636,-10.253,-29.934
17.265,waypoint_1,-3.661,-10.347,-29.935
17.297,waypoint_1,-3.686,-10.441,-29.936
17.331,waypoint_1,-3.716,-10.559,-29.938
17.365,waypoint_1,-3.741,-10.653,-29.939
17.397,waypoint_1,-3.766,-10.748,-29.940
17.431,waypoint_1,-3.790,-10.842,-29.941
17.465,waypoint_1,-3.815,-10.936,-29.942
17.497,waypoint_1,-3.840,-11.031,-29.943
17.531,waypoint_1,-3.871,-11.149,-29.944
17.565,waypoint_1,-3.896,-11.243,-29.945
17.597,waypoint_1,-3.921,-11.337,-29.946
17.631,waypoint_1,-3.946,-11.431,-29.947
17.665,waypoint_1,-3.971,-11.525,-29.948
17.697,waypoint_1,-3.997,-11.619,-29.949
17.731,waypoint_1,-4.029,-11.737,-29.950
17.765,waypoint_1,-4.054,-11.831,-29.951
17.797,waypoint_1,-4.080,-11.926,-29.952
17.831,waypoint_1,-4.105,-12.020,-29.953
17.865,waypoint_1,-4.131,-12.114,-29.954
17.897,waypoint_1,-4.156,-12.209,-29.955
17.931,waypoint_1,-4.188,-12.327,-29.956
17.965,waypoint_1,-4.214,-12.421,-29.957
17.997,waypoint_1,-4.240,-12.516,-29.958
18.031,waypoint_1,-4.265,-12.610,-29.958
18.065,waypoint_1,-4.291,-12.705,-29.959
18.097,waypoint_1,-4.316,-12.799,-29.960
18.131,waypoint_1,-4.348,-12.917,-29.962
18.165,waypoint_1,-4.374,-13.012,-29.963
18.197,waypoint_1,-4.399,-13.107,-29.964
18.231,waypoint_1,-4.425,-13.201,-29.966
18.265,waypoint_1,-4.450,-13.296,-29.967
18.297,waypoint_1,-4.475,-13.391,-29.968
18.331,waypoint_1,-4.507,-13.509,-29.970
18.365,waypoint_1,-4.532,-13.604,-29.971
18.397,waypoint_1,-4.558,-13.699,-29.973
18.431,waypoint_1,-4.583,-13.794,-29.974
18.465,waypoint_1,-4.608,-13.889,-29.975
18.497,waypoint_1,-4.633,-13.984,-29.975
18.531,waypoint_1,-4.665,-14.103,-29.976
18.565,waypoint_1,-4.690,-14.198,-29.977
18.597,waypoint_1,-4.715,-14.292,-29.978
18.631,waypoint_1,-4.741,-14.387,-29.978
18.665,waypoint_1,-4.766,-14.482,-29.978
18.697,waypoint_1,-4.791,-14.577,-29.979
18.731,waypoint_1,-4.823,-14.696,-29.979
18.765,waypoint_1,-4.848,-14.791,-29.979
18.797,waypoint_1,-4.874,-14.885,-29.979
18.831,waypoint_1,-4.899,-14.980,-29.979
18.866,waypoint_1,-4.925,-15.075,-29.980
18.898,waypoint_1,-4.950,-15.170,-29.980
18.932,waypoint_1,-4.982,-15.288,-29.980
18.966,waypoint_1,-5.007,-15.383,-29.980
18.998,waypoint_1,-5.032,-15.478,-29.980
19.033,waypoint_1,-5.057,-15.573,-29.980
19.067,waypoint_1,-5.082,-15.667,-29.980
19.099,waypoint_1,-5.106,-15.762,-29.979
19.133,waypoint_1,-5.137,-15.880,-29.979
19.167,waypoint_1,-5.162,-15.975,-29.979
19.199,waypoint_1,-5.186,-16.069,-29.979
19.233,waypoint_1,-5.210,-16.163,-29.979
19.268,waypoint_1,-5.234,-16.258,-29.978
19.299,waypoint_1,-5.259,-16.352,-29.978
19.333,waypoint_1,-5.289,-16.469,-29.978
19.367,waypoint_1,-5.313,-16.563,-29.978
19.399,waypoint_1,-5.337,-16.657,-29.978
19.433,waypoint_1,-5.361,-16.751,-29.978
19.467,waypoint_1,-5.385,-16.845,-29.978
19.499,waypoint_1,-5.409,-16.938,-29.978
19.533,waypoint_1,-5.440,-17.056,-29.978
19.567,waypoint_1,-5.464,-17.150,-29.978
19.599,waypoint_1,-5.489,-17.244,-29.978
19.633,waypoint_1,-5.513,-17.337,-29.978
19.667,waypoint_1,-5.538,-17.431,-29.979
19.699,waypoint_1,-5.562,-17.526,-29.979
19.733,waypoint_1,-5.592,-17.643,-29.979
19.767,waypoint_1,-5.617,-17.738,-29.979
19.799,waypoint_1,-5.641,-17.832,-29.979
19.833,waypoint_1,-5.666,-17.927,-29.980
19.867,waypoint_1,-5.690,-18.022,-29.980
19.899,waypoint_1,-5.714,-18.116,-29.981
19.933,waypoint_1,-5.745,-18.235,-29.981
19.967,waypoint_1,-5.769,-18.330,-29.982
19.999,waypoint_1,-5.794,-18.425,-29.983
20.034,waypoint_1,-5.818,-18.520,-29.983
20.068,waypoint_1,-5.843,-18.615,-29.984
20.101,waypoint_1,-5.868,-18.710,-29.985
20.134,waypoint_1,-5.899,-18.829,-29.986
20.168,waypoint_1,-5.924,-18.923,-29.987
20.200,waypoint_1,-5.949,-19.018,-29.988
20.234,waypoint_1,-5.974,-19.113,-29.989
20.269,waypoint_1,-5.999,-19.208,-29.990
20.300,waypoint_1,-6.024,-19.302,-29.991
20.334,waypoint_1,-6.055,-19.420,-29.992
20.368,waypoint_1,-6.081,-19.515,-29.993
20.400,waypoint_1,-6.106,-19.609,-29.994
20.434,waypoint_1,-6.131,-19.703,-29.994
20.468,waypoint_1,-6.157,-19.797,-29.995
20.500,waypoint_1,-6.182,-19.892,-29.995
20.535,waypoint_1,-6.215,-20.009,-29.996
20.569,waypoint_1,-6.241,-20.103,-29.996
20.602,waypoint_1,-6.267,-20.197,-29.997
20.635,waypoint_1,-6.293,-20.291,-29.997
20.669,waypoint_1,-6.319,-20.385,-29.998
20.701,waypoint_1,-6.345,-20.479,-29.998
20.735,waypoint_1,-6.378,-20.596,-29.998
20.769,waypoint_1,-6.404,-20.690,-29.999
20.801,waypoint_1,-6.431,-20.784,-29.999
20.835,waypoint_1,-6.457,-20.878,-29.999
20.869,waypoint_1,-6.483,-20.971,-29.999
20.901,waypoint_1,-6.510,-21.065,-30.000
20.935,waypoint_1,-6.543,-21.182,-30.000
20.969,waypoint_1,-6.570,-21.276,-30.000
21.001,waypoint_1,-6.597,-21.370,-30.000
21.035,waypoint_1,-6.624,-21.463,-30.000
21.069,waypoint_1,-6.650,-21.557,-30.000
21.101,waypoint_1,-6.677,-21.650,-30.000
21.135,waypoint_1,-6.703,-21.744,-30.000
21.169,waypoint_1,-6.736,-21.860,-29.999
21.201,waypoint_1,-6.763,-21.954,-29.999
21.235,waypoint_1,-6.789,-22.047,-29.999
21.269,waypoint_1,-6.815,-22.140,-29.999
21.301,waypoint_1,-6.841,-22.233,-29.999
21.335,waypoint_1,-6.874,-22.349,-29.999
21.369,waypoint_1,-6.900,-22.442,-29.998
21.401,waypoint_1,-6.926,-22.535,-29.998
21.435,waypoint_1,-6.953,-22.627,-29.998
21.469,waypoint_1,-6.979,-22.720,-29.998
21.501,waypoint_1,-7.006,-22.813,-29.998
21.535,waypoint_1,-7.039,-22.929,-29.997
21.569,waypoint_1,-7.066,-23.022,-29.997
21.601,waypoint_1,-7.093,-23.115,-29.997
21.635,waypoint_1,-7.120,-23.207,-29.997
21.669,waypoint_1,-7.147,-23.300,-29.997
21.701,waypoint_1,-7.174,-23.392,-29.997
21.735,waypoint_1,-7.208,-23.508,-29.997
21.769,waypoint_1,-7.235,-23.601,-29.996
21.801,waypoint_1,-7.262,-23.693,-29.996
21.835,waypoint_1,-7.290,-23.785,-29.996
21.869,waypoint_1,-7.317,-23.878,-29.996
21.901,waypoint_1,-7.344,-23.970,-29.995
21.935,waypoint_1,-7.378,-24.086,-29.995
21.970,waypoint_1,-7.405,-24.179,-29.995
22.001,waypoint_1,-7.432,-24.271,-29.994
22.035,waypoint_1,-7.459,-24.364,-29.994
22.069,waypoint_1,-7.487,-24.456,-29.994
22.101,waypoint_1,-7.514,-24.549,-29.994
22.135,waypoint_1,-7.547,-24.665,-29.994
22.169,waypoint_1,-7.574,-24.757,-29.994
22.201,waypoint_1,-7.601,-24.850,-29.994
22.235,waypoint_1,-7.628,-24.943,-29.994
22.269,waypoint_1,-7.655,-25.036,-29.994
22.301,waypoint_1,-7.682,-25.128,-29.994
22.335,waypoint_1,-7.716,-25.244,-29.994
22.369,waypoint_1,-7.743,-25.337,-29.994
22.401,waypoint_1,-7.770,-25.430,-29.994
22.435,waypoint_1,-7.797,-25.522,-29.994
22.469,waypoint_1,-7.823,-25.615,-29.994
22.501,waypoint_1,-7.850,-25.708,-29.995
22.535,waypoint_1,-7.884,-25.824,-29.995
22.569,waypoint_1,-7.910,-25.916,-29.995
22.601,waypoint_1,-7.937,-26.009,-29.995
22.635,waypoint_1,-7.964,-26.102,-29.995
22.669,waypoint_1,-7.990,-26.195,-29.995
22.701,waypoint_1,-8.017,-26.287,-29.995
22.735,waypoint_1,-8.050,-26.403,-29.995
22.769,waypoint_1,-8.076,-26.496,-29.996
22.801,waypoint_1,-8.103,-26.589,-29.996
22.835,waypoint_1,-8.130,-26.682,-29.996
22.869,waypoint_1,-8.156,-26.774,-29.996
22.901,waypoint_1,-8.183,-26.867,-29.996
22.935,waypoint_1,-8.217,-26.983,-29.996
22.969,waypoint_1,-8.244,-27.076,-29.996
23.001,waypoint_1,-8.271,-27.168,-29.996
23.035,waypoint_1,-8.298,-27.261,-29.996
23.069,waypoint_1,-8.325,-27.354,-29.996
23.101,waypoint_1,-8.352,-27.446,-29.996
23.135,waypoint_1,-8.386,-27.562,-29.996
23.170,waypoint_1,-8.413,-27.654,-29.996
23.201,waypoint_1,-8.440,-27.746,-29.996
23.235,waypoint_1,-8.467,-27.839,-29.996
23.269,waypoint_1,-8.494,-27.931,-29.996
23.301,waypoint_1,-8.521,-28.024,-29.996
23.335,waypoint_1,-8.555,-28.139,-29.996
23.369,waypoint_1,-8.582,-28.232,-29.996
23.401,waypoint_1,-8.609,-28.325,-29.996
23.435,waypoint_1,-8.636,-28.417,-29.996
23.469,waypoint_1,-8.664,-28.510,-29.996
23.501,waypoint_1,-8.691,-28.603,-29.995
23.535,waypoint_1,-8.725,-28.719,-29.995
23.569,waypoint_1,-8.752,-28.811,-29.995
23.601,waypoint_1,-8.780,-28.904,-29.995
23.635,waypoint_1,-8.807,-28.997,-29.995
23.669,waypoint_1,-8.834,-29.090,-29.995
23.701,waypoint_1,-8.862,-29.183,-29.995
23.735,waypoint_1,-8.897,-29.299,-29.995
23.769,waypoint_1,-8.924,-29.392,-29.995
23.801,waypoint_1,-8.952,-29.485,-29.995
23.835,waypoint_1,-8.980,-29.578,-29.995
23.869,waypoint_1,-9.008,-29.671,-29.995
23.901,waypoint_1,-9.036,-29.764,-29.995
23.935,waypoint_1,-9.071,-29.881,-29.995
23.969,waypoint_1,-9.099,-29.974,-29.996
24.001,waypoint_1,-9.126,-30.068,-29.996
24.035,waypoint_1,-9.154,-30.161,-29.996
24.069,waypoint_1,-9.181,-30.254,-29.996
24.101,waypoint_1,-9.209,-30.348,-29.997
24.135,waypoint_1,-9.243,-30.465,-29.997
24.169,waypoint_1,-9.270,-30.558,-29.997
24.201,waypoint_1,-9.297,-30.652,-29.998
24.235,waypoint_1,-9.324,-30.745,-29.998
24.269,waypoint_1,-9.351,-30.839,-29.999
24.301,waypoint_1,-9.378,-30.933,-29.999
24.335,waypoint_1,-9.412,-31.050,-29.999
24.369,waypoint_1,-9.439,-31.144,-30.000
24.401,waypoint_1,-9.466,-31.238,-30.000
24.435,waypoint_1,-9.492,-31.332,-30.000
24.469,waypoint_1,-9.518,-31.426,-29.999
24.501,waypoint_1,-9.545,-31.519,-29.999
24.535,waypoint_1,-9.577,-31.636,-29.999
24.569,waypoint_1,-9.604,-31.730,-29.998
24.601,waypoint_1,-9.630,-31.823,-29.997
24.635,waypoint_1,-9.656,-31.917,-29.996
24.669,waypoint_1,-9.682,-32.010,-29.996
24.701,waypoint_1,-9.708,-32.103,-29.995
24.735,waypoint_1,-9.740,-32.220,-29.994
24.769,waypoint_1,-9.766,-32.313,-29.993
24.801,waypoint_1,-9.792,-32.406,-29.992
24.835,waypoint_1,-9.819,-32.499,-29.992
24.869,waypoint_1,-9.845,-32.593,-29.991
24.901,waypoint_1,-9.872,-32.686,-29.991
24.952,waypoint_1,-9.905,-32.802,-29.991
24.986,waypoint_1,-9.932,-32.895,-29.991
25.018,waypoint_1,-9.959,-32.988,-29.991
25.052,waypoint_1,-9.986,-33.081,-29.991
25.086,waypoint_1,-10.013,-33.173,-29.992
25.118,waypoint_1,-10.041,-33.266,-29.992
25.152,waypoint_1,-10.075,-33.382,-29.992
25.186,waypoint_1,-10.103,-33.474,-29.993
25.218,waypoint_1,-10.131,-33.566,-29.993
25.252,waypoint_1,-10.159,-33.659,-29.993
25.286,waypoint_1,-10.187,-33.751,-29.994
25.318,waypoint_1,-10.215,-33.843,-29.994
25.352,waypoint_1,-10.250,-33.958,-29.994
25.386,waypoint_1,-10.278,-34.050,-29.995
25.418,waypoint_1,-10.306,-34.142,-29.995
25.452,waypoint_1,-10.334,-34.234,-29.995
25.486,waypoint_1,-10.362,-34.325,-29.995
25.518,waypoint_1,-10.390,-34.417,-29.995
25.552,waypoint_1,-10.426,-34.531,-29.995
25.586,waypoint_1,-10.454,-34.623,-29.995
25.620,waypoint_1,-10.482,-34.714,-29.995
25.654,waypoint_1,-10.510,-34.806,-29.995
25.688,waypoint_1,-10.538,-34.897,-29.994
25.720,waypoint_1,-10.566,-34.989,-29.994
25.754,waypoint_1,-10.601,-35.103,-29.994
25.788,waypoint_1,-10.629,-35.195,-29.993
25.820,waypoint_1,-10.657,-35.286,-29.993
25.854,waypoint_1,-10.685,-35.378,-29.993
25.888,waypoint_1,-10.713,-35.469,-29.993
25.920,waypoint_1,-10.741,-35.561,-29.993
25.954,waypoint_1,-10.775,-35.675,-29.993
25.988,waypoint_1,-10.803,-35.767,-29.993
26.020,waypoint_1,-10.830,-35.859,-29.993
26.054,waypoint_1,-10.857,-35.950,-29.993
26.088,waypoint_1,-10.884,-36.042,-29.992
26.120,waypoint_1,-10.911,-36.133,-29.992
26.154,waypoint_1,-10.944,-36.248,-29.992
26.188,waypoint_1,-10.971,-36.340,-29.992
26.220,waypoint_1,-10.997,-36.431,-29.992
26.254,waypoint_1,-11.023,-36.523,-29.992
26.288,waypoint_1,-11.050,-36.615,-29.991
26.320,waypoint_1,-11.076,-36.706,-29.991
26.354,waypoint_1,-11.109,-36.821,-29.990
26.388,waypoint_1,-11.135,-36.912,-29.989
26.420,waypoint_1,-11.161,-37.004,-29.989
26.454,waypoint_1,-11.188,-37.096,-29.989
26.488,waypoint_1,-11.214,-37.188,-29.989
26.521,waypoint_1,-11.241,-37.279,-29.988
26.555,waypoint_1,-11.274,-37.394,-29.988
26.589,waypoint_1,-11.301,-37.486,-29.989
26.621,waypoint_1,-11.328,-37.577,-29.989
26.655,waypoint_1,-11.354,-37.669,-29.989
26.689,waypoint_1,-11.381,-37.761,-29.989
26.721,waypoint_1,-11.408,-37.852,-29.990
26.755,waypoint_1,-11.441,-37.967,-29.990
26.789,waypoint_1,-11.468,-38.058,-29.991
26.821,waypoint_1,-11.494,-38.149,-29.991
26.855,waypoint_1,-11.521,-38.241,-29.992
26.889,waypoint_1,-11.548,-38.332,-29.992
26.921,waypoint_1,-11.574,-38.423,-29.993
26.955,waypoint_1,-11.608,-38.537,-29.993
26.989,waypoint_1,-11.635,-38.629,-29.993
27.021,waypoint_1,-11.662,-38.720,-29.994
27.055,waypoint_1,-11.689,-38.811,-29.994
27.089,waypoint_1,-11.716,-38.902,-29.994
27.121,waypoint_1,-11.743,-38.993,-29.995
27.155,waypoint_1,-11.776,-39.107,-29.995
27.189,waypoint_1,-11.803,-39.197,-29.995
27.221,waypoint_1,-11.830,-39.289,-29.995
27.255,waypoint_1,-11.857,-39.380,-29.995
27.289,waypoint_1,-11.884,-39.471,-29.995
27.321,waypoint_1,-11.910,-39.562,-29.995
27.355,waypoint_1,-11.944,-39.676,-29.996
27.389,waypoint_1,-11.970,-39.768,-29.996
27.421,waypoint_1,-11.997,-39.859,-29.996
27.455,waypoint_1,-12.023,-39.951,-29.996
27.489,waypoint_1,-12.050,-40.042,-29.996
27.521,waypoint_1,-12.077,-40.134,-29.995
27.555,waypoint_1,-12.110,-40.248,-29.995
27.589,waypoint_1,-12.137,-40.340,-29.995
27.621,waypoint_1,-12.164,-40.431,-29.995
27.655,waypoint_1,-12.190,-40.523,-29.994
27.689,waypoint_1,-12.217,-40.614,-29.994
27.721,waypoint_1,-12.244,-40.706,-29.993
27.755,waypoint_1,-12.277,-40.820,-29.993
27.789,waypoint_1,-12.304,-40.912,-29.992
27.821,waypoint_1,-12.330,-41.003,-29.991
27.855,waypoint_1,-12.357,-41.095,-29.991
27.889,waypoint_1,-12.384,-41.186,-29.990
27.921,waypoint_1,-12.411,-41.278,-29.990
27.955,waypoint_1,-12.444,-41.393,-29.989
27.989,waypoint_1,-12.471,-41.485,-29.988
28.021,waypoint_1,-12.498,-41.576,-29.988
28.055,waypoint_1,-12.526,-41.668,-29.987
28.089,waypoint_1,-12.553,-41.760,-29.987
28.121,waypoint_1,-12.580,-41.852,-29.987
28.155,waypoint_1,-12.614,-41.966,-29.987
28.189,waypoint_1,-12.642,-42.058,-29.987
28.221,waypoint_1,-12.670,-42.150,-29.987
28.255,waypoint_1,-12.697,-42.242,-29.987
28.289,waypoint_1,-12.725,-42.333,-29.987
28.321,waypoint_1,-12.753,-42.425,-29.988
28.355,waypoint_1,-12.787,-42.540,-29.988
28.391,waypoint_1,-12.815,-42.632,-29.988
28.423,waypoint_1,-12.843,-42.723,-29.988
28.457,waypoint_1,-12.871,-42.815,-29.989
28.492,waypoint_1,-12.898,-42.907,-29.989
28.524,waypoint_1,-12.926,-42.998,-29.989
28.558,waypoint_1,-12.961,-43.113,-29.989
28.592,waypoint_1,-12.988,-43.205,-29.989
28.624,waypoint_1,-13.015,-43.296,-29.989
28.658,waypoint_1,-13.043,-43.388,-29.989
28.692,waypoint_1,-13.070,-43.479,-29.990
28.724,waypoint_1,-13.097,-43.570,-29.990
28.758,waypoint_1,-13.131,-43.685,-29.990
28.792,waypoint_1,-13.157,-43.776,-29.990
28.824,waypoint_1,-13.184,-43.867,-29.989
28.858,waypoint_1,-13.211,-43.958,-29.989
28.892,waypoint_1,-13.238,-44.050,-29.989
28.924,waypoint_1,-13.264,-44.141,-29.989
28.958,waypoint_1,-13.298,-44.255,-29.989
28.992,waypoint_1,-13.325,-44.347,-29.988
29.024,waypoint_1,-13.351,-44.438,-29.988
29.058,waypoint_1,-13.378,-44.530,-29.988
29.092,waypoint_1,-13.405,-44.622,-29.987
29.124,waypoint_1,-13.432,-44.713,-29.986
29.158,waypoint_1,-13.465,-44.828,-29.986
29.192,waypoint_1,-13.492,-44.920,-29.985
29.224,waypoint_1,-13.518,-45.012,-29.985
29.258,waypoint_1,-13.545,-45.103,-29.984
29.292,waypoint_1,-13.572,-45.195,-29.984
29.324,waypoint_1,-13.598,-45.287,-29.984
29.358,waypoint_1,-13.631,-45.402,-29.983
29.392,waypoint_1,-13.658,-45.495,-29.983
29.424,waypoint_1,-13.684,-45.587,-29.983
29.458,waypoint_1,-13.711,-45.679,-29.983
29.492,waypoint_1,-13.737,-45.771,-29.983
29.524,waypoint_1,-13.763,-45.863,-29.983
29.558,waypoint_1,-13.796,-45.979,-29.983
29.592,waypoint_1,-13.822,-46.071,-29.983
29.624,waypoint_1,-13.849,-46.164,-29.983
29.658,waypoint_1,-13.875,-46.256,-29.983
29.692,waypoint_1,-13.901,-46.348,-29.982
29.724,waypoint_1,-13.928,-46.441,-29.982
29.758,waypoint_1,-13.960,-46.556,-29.982
29.792,waypoint_1,-13.987,-46.649,-29.982
29.824,waypoint_1,-14.013,-46.741,-29.982
29.858,waypoint_1,-14.039,-46.833,-29.983
29.892,waypoint_1,-14.066,-46.926,-29.983
29.924,waypoint_1,-14.092,-47.019,-29.983
29.958,waypoint_1,-14.125,-47.134,-29.983
29.992,waypoint_1,-14.152,-47.227,-29.983
30.024,waypoint_1,-14.179,-47.320,-29.984
30.058,waypoint_1,-14.205,-47.412,-29.984
30.092,waypoint_1,-14.232,-47.505,-29.984
30.124,waypoint_1,-14.259,-47.598,-29.984
30.158,waypoint_1,-14.293,-47.713,-29.984
30.192,waypoint_1,-14.320,-47.806,-29.984
30.224,waypoint_1,-14.347,-47.898,-29.984
30.258,waypoint_1,-14.374,-47.990,-29.984
30.292,waypoint_1,-14.401,-48.082,-29.984
30.324,waypoint_1,-14.428,-48.174,-29.984
30.358,waypoint_1,-14.462,-48.288,-29.983
30.392,waypoint_1,-14.490,-48.380,-29.983
30.424,waypoint_1,-14.517,-48.472,-29.983
30.458,waypoint_1,-14.544,-48.564,-29.982
30.492,waypoint_1,-14.571,-48.655,-29.982
30.524,waypoint_1,-14.598,-48.747,-29.981
30.558,waypoint_1,-14.632,-48.862,-29.981
30.592,waypoint_1,-14.659,-48.953,-29.980
30.624,waypoint_1,-14.686,-49.045,-29.980
30.658,waypoint_1,-14.713,-49.136,-29.979
30.692,waypoint_1,-14.740,-49.227,-29.979
30.724,waypoint_1,-14.767,-49.319,-29.978
30.758,waypoint_1,-14.801,-49.433,-29.978
30.792,waypoint_1,-14.828,-49.524,-29.977
30.824,waypoint_1,-14.855,-49.615,-29.977
30.858,waypoint_1,-14.882,-49.706,-29.977
30.892,waypoint_1,-14.910,-49.797,-29.976
30.924,waypoint_1,-14.937,-49.888,-29.976
30.958,waypoint_1,-14.971,-50.001,-29.976
30.992,waypoint_1,-14.998,-50.092,-29.976
31.024,waypoint_1,-15.026,-50.183,-29.976
31.058,waypoint_1,-15.053,-50.274,-29.975
31.092,waypoint_1,-15.081,-50.365,-29.975
31.124,waypoint_1,-15.108,-50.456,-29.975
31.158,waypoint_1,-15.143,-50.569,-29.975
31.192,waypoint_1,-15.170,-50.660,-29.975
31.224,waypoint_1,-15.198,-50.752,-29.976
31.258,waypoint_1,-15.225,-50.843,-29.976
31.292,waypoint_1,-15.253,-50.934,-29.976
31.324,waypoint_1,-15.280,-51.025,-29.976
31.358,waypoint_1,-15.315,-51.139,-29.977
31.392,waypoint_1,-15.342,-51.231,-29.978
31.424,waypoint_1,-15.370,-51.322,-29.978
31.458,waypoint_1,-15.398,-51.413,-29.979
31.492,waypoint_1,-15.425,-51.504,-29.980
31.524,waypoint_1,-15.453,-51.595,-29.980
31.558,waypoint_1,-15.488,-51.710,-29.981
31.592,waypoint_1,-15.515,-51.801,-29.982
31.624,waypoint_1,-15.543,-51.892,-29.983
31.658,waypoint_1,-15.570,-51.983,-29.983
31.693,waypoint_1,-15.598,-52.075,-29.984
31.725,waypoint_1,-15.625,-52.166,-29.985
31.759,waypoint_1,-15.660,-52.280,-29.985
31.793,waypoint_1,-15.687,-52.372,-29.985
31.825,waypoint_1,-15.715,-52.463,-29.986
31.859,waypoint_1,-15.743,-52.555,-29.986
31.893,waypoint_1,-15.770,-52.646,-29.986
31.925,waypoint_1,-15.798,-52.738,-29.986
31.959,waypoint_1,-15.833,-52.852,-29.986
31.993,waypoint_1,-15.861,-52.944,-29.985
32.025,waypoint_1,-15.889,-53.035,-29.985
32.059,waypoint_1,-15.916,-53.126,-29.985
32.093,waypoint_1,-15.944,-53.218,-29.985
32.125,waypoint_1,-15.972,-53.309,-29.985
32.159,waypoint_1,-16.007,-53.423,-29.984
32.191,waypoint_1,-16.035,-53.515,-29.984
32.225,waypoint_1,-16.062,-53.606,-29.984
32.259,waypoint_1,-16.090,-53.697,-29.984
32.291,waypoint_1,-16.118,-53.788,-29.984
32.325,waypoint_1,-16.146,-53.879,-29.984
32.359,waypoint_1,-16.180,-53.993,-29.984
32.391,waypoint_1,-16.208,-54.084,-29.984
32.425,waypoint_1,-16.235,-54.175,-29.984
32.459,waypoint_1,-16.263,-54.266,-29.984
32.491,waypoint_1,-16.290,-54.357,-29.984
32.525,waypoint_1,-16.318,-54.448,-29.985
32.559,waypoint_1,-16.352,-54.562,-29.985
32.591,waypoint_1,-16.379,-54.654,-29.985
32.625,waypoint_1,-16.407,-54.745,-29.986
32.659,waypoint_1,-16.434,-54.836,-29.986
32.691,waypoint_1,-16.461,-54.928,-29.986
32.725,waypoint_1,-16.488,-55.019,-29.987
32.759,waypoint_1,-16.521,-55.134,-29.987
32.791,waypoint_1,-16.548,-55.226,-29.987
32.825,waypoint_1,-16.575,-55.317,-29.988
32.859,waypoint_1,-16.602,-55.409,-29.988
32.891,waypoint_1,-16.629,-55.501,-29.988
32.925,waypoint_1,-16.656,-55.593,-29.989
32.959,waypoint_1,-16.689,-55.708,-29.989
32.991,waypoint_1,-16.716,-55.800,-29.990
33.025,waypoint_1,-16.743,-55.892,-29.990
33.059,waypoint_1,-16.770,-55.984,-29.991
33.091,waypoint_1,-16.797,-56.076,-29.991
33.125,waypoint_1,-16.823,-56.168,-29.992
33.159,waypoint_1,-16.857,-56.283,-29.992
33.191,waypoint_1,-16.883,-56.375,-29.993
33.225,waypoint_1,-16.910,-56.467,-29.993
33.259,waypoint_1,-16.937,-56.560,-29.994
33.291,waypoint_1,-16.963,-56.652,-29.994
33.325,waypoint_1,-16.989,-56.744,-29.994
33.359,waypoint_1,-17.022,-56.859,-29.995
33.391,waypoint_1,-17.049,-56.952,-29.995
33.425,waypoint_1,-17.075,-57.044,-29.995
33.459,waypoint_1,-17.101,-57.136,-29.995
33.491,waypoint_1,-17.128,-57.228,-29.995
33.525,waypoint_1,-17.154,-57.320,-29.994
33.559,waypoint_1,-17.186,-57.436,-29.994
33.591,waypoint_1,-17.213,-57.528,-29.994
33.625,waypoint_1,-17.239,-57.620,-29.994
33.659,waypoint_1,-17.265,-57.713,-29.994
33.691,waypoint_1,-17.292,-57.805,-29.993
33.725,waypoint_1,-17.318,-57.897,-29.993
33.759,waypoint_1,-17.351,-58.012,-29.993
33.791,waypoint_1,-17.378,-58.104,-29.993
33.825,waypoint_1,-17.405,-58.196,-29.993
33.859,waypoint_1,-17.431,-58.288,-29.993
33.891,waypoint_1,-17.458,-58.380,-29.993
33.925,waypoint_1,-17.485,-58.471,-29.993
33.959,waypoint_1,-17.518,-58.586,-29.993
33.991,waypoint_1,-17.545,-58.678,-29.993
34.025,waypoint_1,-17.571,-58.769,-29.994
34.059,waypoint_1,-17.598,-58.861,-29.994
34.091,waypoint_1,-17.625,-58.953,-29.994
34.125,waypoint_1,-17.652,-59.045,-29.995
34.159,waypoint_1,-17.685,-59.159,-29.995
34.191,waypoint_1,-17.712,-59.251,-29.995
34.226,waypoint_1,-17.739,-59.343,-29.996
34.260,waypoint_1,-17.766,-59.435,-29.996
34.292,waypoint_1,-17.793,-59.527,-29.996
34.326,waypoint_1,-17.820,-59.618,-29.996
34.360,waypoint_1,-17.854,-59.733,-29.997
34.392,waypoint_1,-17.881,-59.825,-29.997
34.426,waypoint_1,-17.908,-59.917,-29.997
34.460,waypoint_1,-17.936,-60.009,-29.997
34.492,waypoint_1,-17.963,-60.102,-29.996
34.526,waypoint_1,-17.990,-60.194,-29.996
34.560,waypoint_1,-18.025,-60.309,-29.996
34.592,waypoint_1,-18.052,-60.401,-29.996
34.626,waypoint_1,-18.079,-60.494,-29.995
34.660,waypoint_1,-18.107,-60.586,-29.995
34.692,waypoint_1,-18.134,-60.678,-29.995
34.726,waypoint_1,-18.161,-60.770,-29.995
34.760,waypoint_1,-18.195,-60.886,-29.994
34.792,waypoint_1,-18.222,-60.978,-29.994
34.826,waypoint_1,-18.249,-61.070,-29.994
34.860,waypoint_1,-18.276,-61.162,-29.993
34.892,waypoint_1,-18.303,-61.254,-29.993
34.926,waypoint_1,-18.330,-61.346,-29.992
34.960,waypoint_1,-18.364,-61.461,-29.992
34.992,waypoint_1,-18.391,-61.553,-29.992
35.026,waypoint_1,-18.418,-61.645,-29.992
35.060,waypoint_1,-18.445,-61.737,-29.991
35.092,waypoint_1,-18.472,-61.829,-29.991
35.126,waypoint_1,-18.500,-61.920,-29.992
35.160,waypoint_1,-18.534,-62.035,-29.992
35.192,waypoint_1,-18.561,-62.127,-29.992
35.226,waypoint_1,-18.588,-62.219,-29.992
35.260,waypoint_1,-18.615,-62.310,-29.992
35.292,waypoint_1,-18.643,-62.402,-29.993
35.326,waypoint_1,-18.670,-62.494,-29.993
35.360,waypoint_1,-18.703,-62.609,-29.994
35.392,waypoint_1,-18.730,-62.701,-29.994
35.426,waypoint_1,-18.757,-62.793,-29.994
35.460,waypoint_1,-18.784,-62.885,-29.995
35.492,waypoint_1,-18.810,-62.977,-29.995
35.526,waypoint_1,-18.837,-63.069,-29.995
35.560,waypoint_1,-18.870,-63.184,-29.996
35.592,waypoint_1,-18.896,-63.276,-29.996
35.626,waypoint_1,-18.922,-63.368,-29.996
35.660,waypoint_1,-18.948,-63.460,-29.996
35.692,waypoint_1,-18.974,-63.551,-29.996
35.726,waypoint_1,-19.000,-63.643,-29.996
35.760,waypoint_1,-19.033,-63.758,-29.996
35.792,waypoint_1,-19.059,-63.850,-29.996
35.826,waypoint_1,-19.085,-63.941,-29.995
35.860,waypoint_1,-19.111,-64.033,-29.995
35.892,waypoint_1,-19.137,-64.125,-29.995
35.926,waypoint_1,-19.163,-64.217,-29.994
35.960,waypoint_1,-19.196,-64.331,-29.994
35.992,waypoint_1,-19.222,-64.423,-29.994
36.026,waypoint_1,-19.249,-64.515,-29.993
36.060,waypoint_1,-19.275,-64.607,-29.993
36.092,waypoint_1,-19.301,-64.699,-29.993
36.126,waypoint_1,-19.328,-64.791,-29.992
36.160,waypoint_1,-19.361,-64.907,-29.992
36.192,waypoint_1,-19.387,-64.999,-29.991
36.226,waypoint_1,-19.414,-65.091,-29.991
36.260,waypoint_1,-19.440,-65.183,-29.991
36.292,waypoint_1,-19.467,-65.276,-29.990
36.326,waypoint_1,-19.493,-65.368,-29.990
36.360,waypoint_1,-19.527,-65.483,-29.989
36.392,waypoint_1,-19.553,-65.575,-29.989
36.426,waypoint_1,-19.580,-65.668,-29.989
36.460,waypoint_1,-19.607,-65.760,-29.989
36.492,waypoint_1,-19.634,-65.852,-29.988
36.526,waypoint_1,-19.660,-65.945,-29.988
36.560,waypoint_1,-19.694,-66.060,-29.988
36.592,waypoint_1,-19.721,-66.153,-29.988
36.626,waypoint_1,-19.747,-66.246,-29.987
36.660,waypoint_1,-19.774,-66.338,-29.987
36.692,waypoint_1,-19.801,-66.431,-29.987
36.726,waypoint_1,-19.828,-66.524,-29.987
36.760,waypoint_1,-19.862,-66.640,-29.987
36.792,waypoint_1,-19.889,-66.733,-29.986
36.826,waypoint_1,-19.917,-66.825,-29.986
36.860,waypoint_1,-19.944,-66.918,-29.986
36.892,waypoint_1,-19.971,-67.011,-29.986
36.926,waypoint_1,-19.999,-67.104,-29.985
36.960,waypoint_1,-20.033,-67.220,-29.985
36.992,waypoint_1,-20.061,-67.313,-29.985
37.026,waypoint_1,-20.088,-67.406,-29.985
37.060,waypoint_1,-20.116,-67.498,-29.985
37.092,waypoint_1,-20.144,-67.591,-29.985
37.126,waypoint_1,-20.172,-67.683,-29.985
37.160,waypoint_1,-20.206,-67.798,-29.985
37.192,waypoint_1,-20.234,-67.891,-29.985
37.226,waypoint_1,-20.261,-67.983,-29.985
37.260,waypoint_1,-20.289,-68.075,-29.985
37.292,waypoint_1,-20.316,-68.167,-29.985
37.326,waypoint_1,-20.344,-68.259,-29.985
37.360,waypoint_1,-20.378,-68.374,-29.986
37.392,waypoint_1,-20.405,-68.466,-29.986
37.426,waypoint_1,-20.432,-68.558,-29.986
37.460,waypoint_1,-20.459,-68.649,-29.986
37.492,waypoint_1,-20.486,-68.741,-29.986
37.526,waypoint_1,-20.513,-68.832,-29.987
37.560,waypoint_1,-20.546,-68.947,-29.987
37.592,waypoint_1,-20.573,-69.038,-29.987
37.626,waypoint_1,-20.599,-69.130,-29.987
37.660,waypoint_1,-20.626,-69.221,-29.986
37.692,waypoint_1,-20.652,-69.313,-29.986
37.726,waypoint_1,-20.678,-69.404,-29.986
37.760,waypoint_1,-20.711,-69.518,-29.986
37.792,waypoint_1,-20.737,-69.610,-29.986
37.826,waypoint_1,-20.763,-69.701,-29.985
37.860,waypoint_1,-20.789,-69.792,-29.985
37.892,waypoint_1,-20.815,-69.883,-29.985
37.926,waypoint_1,-20.841,-69.975,-29.985
37.960,waypoint_1,-20.873,-70.089,-29.984
37.992,waypoint_1,-20.899,-70.180,-29.984
38.026,waypoint_1,-20.925,-70.271,-29.984
38.060,waypoint_1,-20.951,-70.362,-29.984
38.092,waypoint_1,-20.977,-70.454,-29.984
38.126,waypoint_1,-21.003,-70.545,-29.984
38.160,waypoint_1,-21.035,-70.660,-29.984
38.192,waypoint_1,-21.061,-70.751,-29.984
38.226,waypoint_1,-21.087,-70.843,-29.984
38.260,waypoint_1,-21.113,-70.934,-29.984
38.292,waypoint_1,-21.139,-71.026,-29.985
38.326,waypoint_1,-21.166,-71.117,-29.985
38.360,waypoint_1,-21.198,-71.232,-29.985
38.392,waypoint_1,-21.224,-71.323,-29.986
38.426,waypoint_1,-21.250,-71.415,-29.986
38.460,waypoint_1,-21.276,-71.506,-29.986
38.492,waypoint_1,-21.303,-71.598,-29.987
38.526,waypoint_1,-21.329,-71.689,-29.987
38.560,waypoint_1,-21.362,-71.803,-29.988
38.592,waypoint_1,-21.388,-71.895,-29.988
38.626,waypoint_1,-21.414,-71.986,-29.988
38.660,waypoint_1,-21.441,-72.078,-29.989
38.692,waypoint_1,-21.467,-72.169,-29.989
38.726,waypoint_1,-21.494,-72.261,-29.990
38.760,waypoint_1,-21.527,-72.375,-29.990
38.792,waypoint_1,-21.554,-72.466,-29.991
38.826,waypoint_1,-21.581,-72.557,-29.991
38.860,waypoint_1,-21.608,-72.648,-29.991
38.892,waypoint_1,-21.634,-72.740,-29.992
38.926,waypoint_1,-21.661,-72.831,-29.992
38.960,waypoint_1,-21.694,-72.945,-29.992
38.992,waypoint_1,-21.721,-73.036,-29.993
39.026,waypoint_1,-21.748,-73.127,-29.993
39.060,waypoint_1,-21.774,-73.219,-29.993
39.092,waypoint_1,-21.800,-73.310,-29.993
39.126,waypoint_1,-21.827,-73.401,-29.992
39.160,waypoint_1,-21.860,-73.515,-29.992
39.192,waypoint_1,-21.887,-73.607,-29.992
39.226,waypoint_1,-21.913,-73.698,-29.991
39.260,waypoint_1,-21.940,-73.790,-29.991
39.292,waypoint_1,-21.967,-73.881,-29.991
39.326,waypoint_1,-21.993,-73.972,-29.990
39.360,waypoint_1,-22.027,-74.087,-29.990
39.392,waypoint_1,-22.053,-74.178,-29.989
39.426,waypoint_1,-22.080,-74.269,-29.989
39.460,waypoint_1,-22.107,-74.361,-29.988
39.492,waypoint_1,-22.134,-74.453,-29.988
39.526,waypoint_1,-22.162,-74.544,-29.987
39.560,waypoint_1,-22.196,-74.659,-29.986
39.592,waypoint_1,-22.223,-74.751,-29.986
39.626,waypoint_1,-22.250,-74.843,-29.985
39.660,waypoint_1,-22.277,-74.935,-29.985
39.692,waypoint_1,-22.305,-75.027,-29.984
39.726,waypoint_2,-22.332,-75.119,-29.984
39.760,waypoint_2,-22.366,-75.234,-29.985
39.792,waypoint_2,-22.393,-75.327,-29.988
39.826,waypoint_2,-22.420,-75.419,-29.993
39.860,waypoint_2,-22.445,-75.511,-29.998
39.892,waypoint_2,-22.470,-75.602,-30.004
39.926,waypoint_2,-22.492,-75.694,-30.010
39.960,waypoint_2,-22.517,-75.807,-30.018
39.992,waypoint_2,-22.534,-75.897,-30.023
40.026,waypoint_2,-22.548,-75.986,-30.028
40.060,waypoint_2,-22.558,-76.075,-30.032
40.092,waypoint_2,-22.565,-76.163,-30.035
40.126,waypoint_2,-22.568,-76.250,-30.037
40.160,waypoint_2,-22.566,-76.358,-30.038
40.192,waypoint_2,-22.560,-76.444,-30.038
40.226,waypoint_2,-22.550,-76.529,-30.037
40.260,waypoint_2,-22.536,-76.614,-30.036
40.292,waypoint_2,-22.519,-76.698,-30.035
40.326,waypoint_2,-22.498,-76.782,-30.033
40.360,waypoint_2,-22.467,-76.886,-30.029
40.392,waypoint_2,-22.438,-76.969,-30.026
40.426,waypoint_2,-22.407,-77.051,-30.023
40.460,waypoint_2,-22.372,-77.134,-30.020
40.492,waypoint_2,-22.335,-77.216,-30.017
40.526,waypoint_2,-22.296,-77.298,-30.014
40.560,waypoint_2,-22.244,-77.400,-30.010
40.592,waypoint_2,-22.200,-77.482,-30.007
40.626,waypoint_2,-22.154,-77.564,-30.004
40.660,waypoint_2,-22.107,-77.646,-30.001
40.692,waypoint_2,-22.059,-77.728,-29.998
40.726,waypoint_2,-22.009,-77.809,-29.996
40.760,waypoint_2,-21.945,-77.912,-29.993
40.792,waypoint_2,-21.893,-77.994,-29.991
40.826,waypoint_2,-21.841,-78.076,-29.988
40.860,waypoint_2,-21.787,-78.158,-29.986
40.892,waypoint_2,-21.733,-78.240,-29.985
40.926,waypoint_2,-21.679,-78.322,-29.983
40.960,waypoint_2,-21.610,-78.425,-29.982
40.992,waypoint_2,-21.555,-78.508,-29.980
41.026,waypoint_2,-21.499,-78.590,-29.979
41.060,waypoint_2,-21.444,-78.673,-29.978
41.092,waypoint_2,-21.387,-78.756,-29.978
41.126,waypoint_2,-21.331,-78.838,-29.977
41.160,waypoint_2,-21.261,-78.941,-29.976
41.192,waypoint_2,-21.204,-79.024,-29.976
41.226,waypoint_2,-21.148,-79.106,-29.976
41.260,waypoint_2,-21.091,-79.188,-29.976
41.292,waypoint_2,-21.034,-79.270,-29.976
41.326,waypoint_2,-20.978,-79.352,-29.976
41.360,waypoint_2,-20.907,-79.454,-29.977
41.392,waypoint_2,-20.851,-79.535,-29.977
41.426,waypoint_2,-20.794,-79.615,-29.977
41.460,waypoint_2,-20.738,-79.696,-29.978
41.492,waypoint_2,-20.681,-79.776,-29.978
41.526,waypoint_2,-20.625,-79.856,-29.979
41.560,waypoint_2,-20.555,-79.956,-29.979
41.592,waypoint_2,-20.498,-80.035,-29.979
41.626,waypoint_2,-20.442,-80.115,-29.980
41.660,waypoint_2,-20.385,-80.194,-29.980
41.692,waypoint_2,-20.329,-80.273,-29.980
41.726,waypoint_2,-20.272,-80.353,-29.981
41.760,waypoint_2,-20.202,-80.452,-29.981
41.792,waypoint_2,-20.145,-80.531,-29.981
41.826,waypoint_2,-20.088,-80.610,-29.982
41.860,waypoint_2,-20.032,-80.689,-29.982
41.892,waypoint_2,-19.975,-80.768,-29.983
41.926,waypoint_2,-19.918,-80.847,-29.983
41.960,waypoint_2,-19.847,-80.945,-29.983
41.992,waypoint_2,-19.791,-81.024,-29.984
42.026,waypoint_2,-19.734,-81.103,-29.984
42.060,waypoint_2,-19.677,-81.181,-29.984
42.092,waypoint_2,-19.620,-81.260,-29.984
42.126,waypoint_2,-19.562,-81.338,-29.984
42.160,waypoint_2,-19.491,-81.436,-29.984
42.192,waypoint_2,-19.434,-81.514,-29.984
42.226,waypoint_2,-19.376,-81.592,-29.984
42.260,waypoint_2,-19.319,-81.670,-29.984
42.292,waypoint_2,-19.262,-81.748,-29.984
42.326,waypoint_2,-19.205,-81.826,-29.984
42.360,waypoint_2,-19.134,-81.924,-29.985
42.392,waypoint_2,-19.077,-82.002,-29.985
42.426,waypoint_2,-19.020,-82.079,-29.985
42.460,waypoint_2,-18.963,-82.157,-29.985
42.492,waypoint_2,-18.906,-82.234,-29.985
42.526,waypoint_2,-18.849,-82.312,-29.985
42.560,waypoint_2,-18.778,-82.408,-29.984
42.592,waypoint_2,-18.721,-82.485,-29.984
42.626,waypoint_2,-18.664,-82.562,-29.984
42.660,waypoint_2,-18.607,-82.639,-29.984
42.692,waypoint_2,-18.551,-82.715,-29.983
42.726,waypoint_2,-18.494,-82.791,-29.983
42.760,waypoint_2,-18.423,-82.886,-29.982
42.792,waypoint_2,-18.366,-82.962,-29.982
42.826,waypoint_2,-18.309,-83.038,-29.981
42.860,waypoint_2,-18.252,-83.113,-29.980
42.892,waypoint_2,-18.195,-83.188,-29.980
42.926,waypoint_2,-18.138,-83.264,-29.980
42.960,waypoint_2,-18.067,-83.358,-29.979
42.992,waypoint_2,-18.009,-83.433,-29.979
43.026,waypoint_2,-17.952,-83.509,-29.978
43.060,waypoint_2,-17.895,-83.584,-29.978
43.092,waypoint_2,-17.837,-83.659,-29.978
43.126,waypoint_2,-17.779,-83.735,-29.977
43.160,waypoint_2,-17.707,-83.829,-29.977
43.192,waypoint_2,-17.649,-83.904,-29.977
43.226,waypoint_2,-17.591,-83.980,-29.977
43.260,waypoint_2,-17.532,-84.055,-29.977
43.292,waypoint_2,-17.474,-84.131,-29.977
43.326,waypoint_2,-17.416,-84.206,-29.977
43.360,waypoint_2,-17.343,-84.301,-29.977
43.392,waypoint_2,-17.284,-84.376,-29.977
43.426,waypoint_2,-17.226,-84.452,-29.978
43.460,waypoint_2,-17.167,-84.527,-29.978
43.492,waypoint_2,-17.109,-84.603,-29.979
43.526,waypoint_2,-17.050,-84.679,-29.979
43.560,waypoint_2,-16.977,-84.774,-29.980
43.592,waypoint_2,-16.918,-84.850,-29.981
43.626,waypoint_2,-16.859,-84.926,-29.981
43.660,waypoint_2,-16.800,-85.002,-29.982
43.692,waypoint_2,-16.741,-85.079,-29.983
43.726,waypoint_2,-16.682,-85.155,-29.983
43.760,waypoint_2,-16.608,-85.250,-29.984
43.792,waypoint_2,-16.549,-85.326,-29.984
43.826,waypoint_2,-16.489,-85.403,-29.985
43.860,waypoint_2,-16.430,-85.479,-29.985
43.892,waypoint_2,-16.370,-85.555,-29.985
43.926,waypoint_2,-16.311,-85.632,-29.986
43.962,waypoint_2,-16.236,-85.727,-29.986
43.993,waypoint_2,-16.176,-85.803,-29.986
44.027,waypoint_2,-16.116,-85.880,-29.987
44.062,waypoint_2,-16.056,-85.957,-29.987
44.094,waypoint_2,-15.996,-86.033,-29.987
44.128,waypoint_2,-15.936,-86.110,-29.987
44.162,waypoint_2,-15.861,-86.206,-29.988
44.194,waypoint_2,-15.802,-86.283,-29.988
44.228,waypoint_2,-15.742,-86.359,-29.988
44.262,waypoint_2,-15.682,-86.436,-29.988
44.294,waypoint_2,-15.622,-86.513,-29.988
44.328,waypoint_2,-15.563,-86.590,-29.989
44.362,waypoint_2,-15.488,-86.686,-29.989
44.394,waypoint_2,-15.428,-86.763,-29.989
44.428,waypoint_2,-15.369,-86.840,-29.990
44.462,waypoint_2,-15.310,-86.916,-29.990
44.494,waypoint_2,-15.250,-86.993,-29.990
44.528,waypoint_2,-15.191,-87.070,-29.990
44.562,waypoint_2,-15.117,-87.166,-29.990
44.594,waypoint_2,-15.057,-87.242,-29.990
44.628,waypoint_2,-14.998,-87.319,-29.990
44.663,waypoint_2,-14.939,-87.396,-29.989
44.695,waypoint_2,-14.880,-87.472,-29.989
44.729,waypoint_2,-14.821,-87.549,-29.989
44.763,waypoint_2,-14.747,-87.644,-29.988
44.795,waypoint_2,-14.687,-87.721,-29.988
44.829,waypoint_2,-14.628,-87.797,-29.988
44.863,waypoint_2,-14.569,-87.873,-29.987
44.895,waypoint_2,-14.510,-87.950,-29.987
44.929,waypoint_2,-14.450,-88.026,-29.986
44.963,waypoint_2,-14.376,-88.121,-29.986
44.995,waypoint_2,-14.317,-88.197,-29.986
45.029,waypoint_2,-14.258,-88.273,-29.985
45.063,waypoint_2,-14.198,-88.349,-29.985
45.095,waypoint_2,-14.139,-88.425,-29.984
45.129,waypoint_2,-14.080,-88.501,-29.984
45.163,waypoint_2,-14.006,-88.596,-29.983
45.195,waypoint_2,-13.946,-88.672,-29.983
45.229,waypoint_2,-13.887,-88.747,-29.983
45.263,waypoint_2,-13.827,-88.823,-29.982
45.295,waypoint_2,-13.768,-88.899,-29.982
45.329,waypoint_2,-13.708,-88.975,-29.982
45.363,waypoint_2,-13.633,-89.069,-29.982
45.395,waypoint_2,-13.573,-89.145,-29.982
45.429,waypoint_2,-13.513,-89.221,-29.982
45.463,waypoint_2,-13.453,-89.297,-29.982
45.495,waypoint_2,-13.393,-89.373,-29.982
45.529,waypoint_2,-13.333,-89.449,-29.982
45.563,waypoint_2,-13.258,-89.544,-29.983
45.595,waypoint_2,-13.198,-89.620,-29.983
45.629,waypoint_2,-13.138,-89.696,-29.984
45.663,waypoint_2,-13.077,-89.772,-29.984
45.695,waypoint_2,-13.017,-89.849,-29.985
45.729,waypoint_2,-12.957,-89.925,-29.985
45.763,waypoint_2,-12.882,-90.020,-29.986
45.795,waypoint_2,-12.822,-90.097,-29.986
45.829,waypoint_2,-12.762,-90.173,-29.986
45.863,waypoint_2,-12.702,-90.249,-29.987
45.895,waypoint_2,-12.642,-90.326,-29.987
45.929,waypoint_2,-12.582,-90.402,-29.987
45.963,waypoint_2,-12.507,-90.498,-29.987
45.995,waypoint_2,-12.447,-90.574,-29.987
46.029,waypoint_2,-12.386,-90.651,-29.987
46.063,waypoint_2,-12.326,-90.728,-29.987
46.095,waypoint_2,-12.266,-90.804,-29.986
46.129,waypoint_2,-12.206,-90.881,-29.986
46.163,waypoint_2,-12.131,-90.977,-29.985
46.195,waypoint_2,-12.071,-91.054,-29.985
46.229,waypoint_2,-12.010,-91.131,-29.984
46.263,waypoint_2,-11.950,-91.207,-29.984
46.295,waypoint_2,-11.889,-91.284,-29.983
46.329,waypoint_2,-11.829,-91.361,-29.982
46.363,waypoint_2,-11.753,-91.457,-29.981
46.395,waypoint_2,-11.693,-91.534,-29.980
46.429,waypoint_2,-11.632,-91.611,-29.980
46.463,waypoint_2,-11.572,-91.687,-29.979
46.495,waypoint_2,-11.511,-91.764,-29.978
46.529,waypoint_2,-11.451,-91.841,-29.977
46.563,waypoint_2,-11.375,-91.937,-29.976
46.595,waypoint_2,-11.314,-92.013,-29.975
46.629,waypoint_2,-11.254,-92.090,-29.974
46.663,waypoint_2,-11.193,-92.166,-29.972
46.695,waypoint_2,-11.132,-92.243,-29.971
46.729,waypoint_2,-11.072,-92.319,-29.970
46.764,waypoint_2,-10.996,-92.415,-29.969
46.795,waypoint_2,-10.936,-92.491,-29.968
46.829,waypoint_2,-10.875,-92.568,-29.967
46.863,waypoint_2,-10.814,-92.644,-29.966
46.895,waypoint_2,-10.754,-92.720,-29.965
46.929,waypoint_2,-10.693,-92.797,-29.964
46.963,waypoint_2,-10.617,-92.892,-29.963
46.995,waypoint_2,-10.557,-92.968,-29.963
47.029,waypoint_2,-10.496,-93.044,-29.963
47.063,waypoint_2,-10.435,-93.121,-29.962
47.095,waypoint_2,-10.375,-93.197,-29.962
47.129,waypoint_2,-10.314,-93.273,-29.962
47.163,waypoint_2,-10.238,-93.368,-29.962
47.196,waypoint_2,-10.178,-93.444,-29.961
47.230,waypoint_2,-10.117,-93.520,-29.961
47.264,waypoint_2,-10.056,-93.597,-29.962
47.296,waypoint_2,-9.996,-93.673,-29.962
47.330,waypoint_2,-9.936,-93.749,-29.962
47.364,waypoint_2,-9.861,-93.845,-29.962
47.396,waypoint_2,-9.801,-93.921,-29.962
47.430,waypoint_2,-9.741,-93.998,-29.963
47.464,waypoint_2,-9.681,-94.074,-29.963
47.496,waypoint_2,-9.621,-94.151,-29.963
47.530,waypoint_2,-9.562,-94.227,-29.963
47.564,waypoint_2,-9.488,-94.323,-29.964
47.596,waypoint_2,-9.428,-94.400,-29.964
47.630,waypoint_2,-9.369,-94.477,-29.965
47.664,waypoint_2,-9.311,-94.554,-29.965
47.696,waypoint_2,-9.252,-94.631,-29.966
47.730,waypoint_2,-9.193,-94.708,-29.966
47.764,waypoint_2,-9.120,-94.805,-29.966
47.796,waypoint_2,-9.062,-94.882,-29.967
47.830,waypoint_2,-9.003,-94.959,-29.967
47.864,waypoint_2,-8.945,-95.037,-29.967
47.896,waypoint_2,-8.887,-95.114,-29.968
47.930,waypoint_2,-8.828,-95.191,-29.968
47.964,waypoint_2,-8.756,-95.288,-29.968
47.996,waypoint_2,-8.697,-95.366,-29.969
48.030,waypoint_2,-8.639,-95.443,-29.969
48.064,waypoint_2,-8.581,-95.521,-29.969
48.096,waypoint_2,-8.522,-95.599,-29.970
48.130,waypoint_2,-8.464,-95.676,-29.970
48.164,waypoint_2,-8.391,-95.773,-29.971
48.196,waypoint_2,-8.333,-95.850,-29.971
48.230,waypoint_2,-8.274,-95.928,-29.971
48.264,waypoint_2,-8.216,-96.005,-29.971
48.296,waypoint_2,-8.157,-96.082,-29.972
48.330,waypoint_2,-8.099,-96.159,-29.972
48.364,waypoint_2,-8.026,-96.256,-29.972
48.396,waypoint_2,-7.967,-96.333,-29.972
48.430,waypoint_2,-7.909,-96.410,-29.971
48.464,waypoint_2,-7.850,-96.487,-29.971
48.496,waypoint_2,-7.791,-96.564,-29.971
48.530,waypoint_2,-7.733,-96.641,-29.971
48.564,waypoint_2,-7.660,-96.738,-29.971
48.596,waypoint_2,-7.601,-96.815,-29.970
48.630,waypoint_2,-7.543,-96.892,-29.970
48.664,waypoint_2,-7.485,-96.969,-29.970
48.696,waypoint_2,-7.427,-97.047,-29.969
48.730,waypoint_2,-7.368,-97.124,-29.969
48.764,waypoint_2,-7.295,-97.220,-29.969
48.797,waypoint_2,-7.237,-97.298,-29.969
48.830,waypoint_2,-7.179,-97.375,-29.969
48.864,waypoint_2,-7.121,-97.452,-29.969
48.896,waypoint_2,-7.063,-97.530,-29.968
48.930,waypoint_2,-7.005,-97.607,-29.968
48.964,waypoint_2,-6.932,-97.704,-29.968
48.996,waypoint_2,-6.874,-97.782,-29.968
49.030,waypoint_2,-6.816,-97.860,-29.968
49.064,waypoint_2,-6.758,-97.937,-29.967
49.096,waypoint_2,-6.700,-98.015,-29.967
49.130,waypoint_2,-6.642,-98.093,-29.967
49.164,waypoint_2,-6.569,-98.190,-29.967
49.196,waypoint_2,-6.511,-98.268,-29.968
49.230,waypoint_2,-6.453,-98.346,-29.968
49.264,waypoint_2,-6.395,-98.423,-29.968
49.296,waypoint_2,-6.337,-98.501,-29.968
49.330,waypoint_2,-6.279,-98.579,-29.968
49.364,waypoint_2,-6.206,-98.676,-29.968
49.396,waypoint_2,-6.148,-98.753,-29.967
49.430,waypoint_2,-6.090,-98.831,-29.967
49.464,waypoint_2,-6.032,-98.908,-29.967
49.496,waypoint_2,-5.974,-98.986,-29.967
49.530,waypoint_2,-5.916,-99.063,-29.967
49.564,waypoint_2,-5.843,-99.159,-29.967
49.596,waypoint_2,-5.785,-99.236,-29.967
49.630,waypoint_2,-5.727,-99.313,-29.968
49.664,waypoint_2,-5.669,-99.390,-29.968
49.696,waypoint_2,-5.611,-99.467,-29.968
49.730,waypoint_2,-5.553,-99.544,-29.969
49.764,waypoint_2,-5.480,-99.640,-29.970
49.797,waypoint_2,-5.422,-99.717,-29.970
49.830,waypoint_2,-5.364,-99.793,-29.971
49.864,waypoint_2,-5.306,-99.870,-29.972
49.896,waypoint_2,-5.249,-99.946,-29.972
49.930,waypoint_2,-5.191,-100.023,-29.973
49.964,waypoint_2,-5.119,-100.119,-29.973
49.996,waypoint_2,-5.062,-100.195,-29.974
50.030,waypoint_2,-5.004,-100.272,-29.975
50.064,waypoint_2,-4.946,-100.349,-29.975
50.096,waypoint_2,-4.889,-100.425,-29.976
50.130,waypoint_2,-4.831,-100.502,-29.976
50.164,waypoint_2,-4.760,-100.598,-29.977
50.196,waypoint_2,-4.702,-100.674,-29.977
50.230,waypoint_2,-4.645,-100.751,-29.978
50.264,waypoint_2,-4.587,-100.827,-29.978
50.296,waypoint_2,-4.530,-100.904,-29.978
50.330,waypoint_2,-4.473,-100.980,-29.979
50.364,waypoint_2,-4.402,-101.076,-29.979
50.396,waypoint_2,-4.346,-101.153,-29.979
50.430,waypoint_2,-4.289,-101.229,-29.979
50.464,waypoint_2,-4.232,-101.306,-29.979
50.496,waypoint_2,-4.175,-101.383,-29.980
50.530,waypoint_2,-4.119,-101.460,-29.980
50.565,waypoint_2,-4.048,-101.556,-29.980
50.597,waypoint_2,-3.991,-101.633,-29.980
50.633,waypoint_2,-3.934,-101.710,-29.981
50.667,waypoint_2,-3.877,-101.787,-29.981
50.699,waypoint_2,-3.820,-101.864,-29.981
50.733,waypoint_2,-3.763,-101.941,-29.981
50.767,waypoint_2,-3.692,-102.037,-29.981
50.799,waypoint_2,-3.635,-102.114,-29.981
50.833,waypoint_2,-3.578,-102.191,-29.982
50.867,waypoint_2,-3.521,-102.267,-29.982
50.899,waypoint_2,-3.464,-102.344,-29.982
50.933,waypoint_2,-3.406,-102.421,-29.982
50.967,waypoint_2,-3.335,-102.517,-29.982
50.999,waypoint_2,-3.278,-102.594,-29.982
51.033,waypoint_2,-3.220,-102.670,-29.983
51.067,waypoint_2,-3.163,-102.747,-29.983
51.099,waypoint_2,-3.106,-102.824,-29.984
51.133,waypoint_2,-3.049,-102.901,-29.984
51.167,waypoint_2,-2.977,-102.997,-29.985
51.199,waypoint_2,-2.920,-103.074,-29.985
51.233,waypoint_2,-2.863,-103.151,-29.986
51.267,waypoint_2,-2.806,-103.228,-29.986
51.299,waypoint_2,-2.749,-103.305,-29.987
51.333,waypoint_2,-2.692,-103.383,-29.987
51.367,waypoint_2,-2.621,-103.479,-29.987
51.399,waypoint_2,-2.564,-103.557,-29.988
51.433,waypoint_2,-2.507,-103.634,-29.988
51.467,waypoint_2,-2.450,-103.712,-29.988
51.499,waypoint_2,-2.393,-103.789,-29.988
51.533,waypoint_2,-2.336,-103.866,-29.988
51.567,waypoint_2,-2.265,-103.963,-29.987
51.599,waypoint_2,-2.208,-104.041,-29.987
51.633,waypoint_2,-2.151,-104.118,-29.987
51.667,waypoint_2,-2.094,-104.196,-29.986
51.699,waypoint_2,-2.037,-104.273,-29.986
51.733,waypoint_2,-1.980,-104.351,-29.985
51.767,waypoint_2,-1.910,-104.448,-29.984
51.799,waypoint_2,-1.853,-104.525,-29.983
51.833,waypoint_2,-1.796,-104.603,-29.983
51.867,waypoint_2,-1.740,-104.680,-29.982
51.899,waypoint_2,-1.683,-104.757,-29.981
51.933,waypoint_2,-1.627,-104.835,-29.981
51.967,waypoint_2,-1.556,-104.932,-29.980
51.999,waypoint_2,-1.499,-105.009,-29.980
52.033,waypoint_2,-1.443,-105.087,-29.980
52.067,waypoint_2,-1.386,-105.164,-29.979
52.099,waypoint_2,-1.329,-105.242,-29.979
52.133,waypoint_2,-1.273,-105.319,-29.979
52.167,waypoint_2,-1.202,-105.416,-29.979
52.199,waypoint_2,-1.145,-105.493,-29.978
52.233,waypoint_2,-1.088,-105.570,-29.978
52.267,waypoint_2,-1.031,-105.647,-29.978
52.299,waypoint_2,-0.975,-105.724,-29.978
52.333,waypoint_2,-0.918,-105.802,-29.978
52.367,waypoint_2,-0.848,-105.898,-29.977
52.399,waypoint_2,-0.791,-105.975,-29.977
52.433,waypoint_2,-0.735,-106.052,-29.977
52.467,waypoint_2,-0.678,-106.129,-29.977
52.499,waypoint_2,-0.622,-106.207,-29.977
52.533,waypoint_2,-0.566,-106.284,-29.977
52.567,waypoint_2,-0.496,-106.380,-29.977
52.599,waypoint_2,-0.440,-106.458,-29.976
52.633,waypoint_2,-0.385,-106.535,-29.976
52.667,waypoint_2,-0.329,-106.612,-29.975
52.699,waypoint_2,-0.273,-106.689,-29.975
52.733,waypoint_2,-0.217,-106.767,-29.974
52.767,waypoint_2,-0.148,-106.863,-29.973
52.799,waypoint_2,-0.092,-106.940,-29.972
52.833,waypoint_2,-0.037,-107.018,-29.972
52.867,waypoint_2,0.019,-107.095,-29.971
52.899,waypoint_2,0.074,-107.172,-29.970
52.933,waypoint_2,0.130,-107.250,-29.969
52.967,waypoint_2,0.199,-107.346,-29.969
52.999,waypoint_2,0.255,-107.423,-29.968
53.033,waypoint_2,0.310,-107.501,-29.968
53.067,waypoint_2,0.366,-107.578,-29.968
53.099,waypoint_2,0.422,-107.655,-29.967
53.133,waypoint_2,0.477,-107.732,-29.967
53.167,waypoint_2,0.547,-107.828,-29.967
53.199,waypoint_2,0.602,-107.905,-29.967
53.233,waypoint_2,0.658,-107.982,-29.966
53.267,waypoint_2,0.714,-108.059,-29.966
53.299,waypoint_2,0.770,-108.136,-29.966
53.333,waypoint_2,0.826,-108.213,-29.966
53.367,waypoint_2,0.895,-108.309,-29.967
53.399,waypoint_2,0.951,-108.386,-29.967
53.433,waypoint_2,1.007,-108.463,-29.967
53.467,waypoint_2,1.063,-108.540,-29.968
53.499,waypoint_2,1.119,-108.617,-29.968
53.533,waypoint_2,1.175,-108.694,-29.969
53.567,waypoint_2,1.245,-108.790,-29.969
53.599,waypoint_2,1.301,-108.867,-29.970
53.633,waypoint_2,1.358,-108.944,-29.971
53.667,waypoint_2,1.414,-109.021,-29.972
53.699,waypoint_2,1.470,-109.098,-29.973
53.733,waypoint_2,1.527,-109.175,-29.974
53.767,waypoint_2,1.597,-109.271,-29.975
53.799,waypoint_2,1.653,-109.348,-29.976
53.833,waypoint_2,1.710,-109.425,-29.977
53.867,waypoint_2,1.766,-109.502,-29.978
53.899,waypoint_2,1.823,-109.579,-29.979
53.933,waypoint_2,1.879,-109.656,-29.979
53.967,waypoint_2,1.950,-109.753,-29.980
53.999,waypoint_2,2.007,-109.830,-29.980
54.033,waypoint_2,2.064,-109.907,-29.981
54.067,waypoint_2,2.121,-109.984,-29.981
54.099,waypoint_2,2.177,-110.062,-29.981
54.133,waypoint_2,2.234,-110.139,-29.981
54.167,waypoint_2,2.305,-110.236,-29.981
54.199,waypoint_2,2.361,-110.314,-29.981
54.233,waypoint_2,2.418,-110.391,-29.981
54.267,waypoint_2,2.474,-110.469,-29.981
54.299,waypoint_2,2.531,-110.546,-29.981
54.333,waypoint_2,2.587,-110.624,-29.981
54.367,waypoint_2,2.658,-110.720,-29.980
54.399,waypoint_2,2.714,-110.798,-29.980
54.433,waypoint_2,2.771,-110.875,-29.980
54.467,waypoint_2,2.827,-110.953,-29.980
54.499,waypoint_2,2.884,-111.030,-29.980
54.533,waypoint_2,2.940,-111.108,-29.979
54.567,waypoint_2,3.011,-111.204,-29.979
54.599,waypoint_2,3.067,-111.282,-29.978
54.633,waypoint_2,3.124,-111.359,-29.977
54.667,waypoint_2,3.180,-111.437,-29.977
54.699,waypoint_2,3.237,-111.514,-29.976
54.733,waypoint_2,3.293,-111.591,-29.976
54.767,waypoint_2,3.364,-111.688,-29.976
54.799,waypoint_2,3.420,-111.766,-29.975
54.833,waypoint_2,3.476,-111.843,-29.975
54.867,waypoint_2,3.532,-111.921,-29.975
54.899,waypoint_2,3.588,-111.999,-29.975
54.933,waypoint_2,3.644,-112.077,-29.974
54.967,waypoint_2,3.714,-112.174,-29.974
54.999,waypoint_2,3.770,-112.253,-29.974
55.033,waypoint_2,3.826,-112.331,-29.974
55.067,waypoint_2,3.882,-112.409,-29.974
55.099,waypoint_2,3.938,-112.488,-29.974
55.133,waypoint_2,3.994,-112.566,-29.974
55.167,waypoint_2,4.063,-112.665,-29.974
55.199,waypoint_2,4.119,-112.743,-29.974
55.233,waypoint_2,4.175,-112.822,-29.974
55.267,waypoint_2,4.230,-112.900,-29.974
55.299,waypoint_2,4.286,-112.979,-29.974
55.333,waypoint_2,4.341,-113.058,-29.974
55.367,waypoint_2,4.411,-113.156,-29.974
55.399,waypoint_2,4.466,-113.235,-29.974
55.433,waypoint_2,4.522,-113.313,-29.974
55.467,waypoint_2,4.578,-113.392,-29.974
55.499,waypoint_2,4.633,-113.471,-29.974
55.533,waypoint_2,4.689,-113.549,-29.974
55.567,waypoint_2,4.759,-113.648,-29.974
55.599,waypoint_2,4.814,-113.726,-29.974
55.633,waypoint_2,4.870,-113.805,-29.974
55.667,waypoint_2,4.926,-113.883,-29.974
55.699,waypoint_2,4.981,-113.961,-29.974
55.733,waypoint_2,5.037,-114.040,-29.974
55.767,waypoint_2,5.107,-114.138,-29.974
55.799,waypoint_2,5.162,-114.216,-29.974
55.833,waypoint_2,5.218,-114.294,-29.973
55.867,waypoint_2,5.274,-114.372,-29.973
55.899,waypoint_2,5.329,-114.451,-29.973
55.933,waypoint_2,5.385,-114.529,-29.973
55.967,waypoint_2,5.455,-114.627,-29.973
55.999,waypoint_2,5.511,-114.705,-29.973
56.033,waypoint_2,5.566,-114.784,-29.973
56.067,waypoint_2,5.622,-114.862,-29.973
56.099,waypoint_2,5.678,-114.940,-29.973
56.133,waypoint_2,5.733,-115.019,-29.973
56.167,waypoint_2,5.802,-115.117,-29.974
56.199,waypoint_2,5.858,-115.195,-29.974
56.233,waypoint_2,5.913,-115.274,-29.974
56.267,waypoint_2,5.968,-115.352,-29.975
56.299,waypoint_2,6.024,-115.430,-29.975
56.333,waypoint_2,6.080,-115.509,-29.976
56.367,waypoint_2,6.149,-115.607,-29.976
56.399,waypoint_2,6.205,-115.685,-29.977
56.433,waypoint_2,6.261,-115.764,-29.977
56.468,waypoint_2,6.317,-115.842,-29.978
56.500,waypoint_2,6.373,-115.920,-29.978
56.534,waypoint_2,6.430,-115.999,-29.979
56.568,waypoint_2,6.500,-116.097,-29.980
56.600,waypoint_2,6.556,-116.175,-29.980
56.634,waypoint_2,6.612,-116.253,-29.981
56.668,waypoint_2,6.669,-116.331,-29.981
56.700,waypoint_2,6.725,-116.409,-29.981
56.734,waypoint_2,6.782,-116.487,-29.981
56.768,waypoint_2,6.852,-116.585,-29.982
56.800,waypoint_2,6.908,-116.663,-29.982
56.834,waypoint_2,6.965,-116.741,-29.982
56.868,waypoint_2,7.021,-116.819,-29.982
56.900,waypoint_2,7.077,-116.897,-29.982
56.934,waypoint_2,7.133,-116.975,-29.982
56.968,waypoint_2,7.204,-117.072,-29.983
57.000,waypoint_2,7.260,-117.150,-29.983
57.034,waypoint_2,7.316,-117.228,-29.983
57.068,waypoint_2,7.372,-117.306,-29.983
57.100,waypoint_2,7.427,-117.384,-29.983
57.134,waypoint_2,7.483,-117.461,-29.983
57.168,waypoint_2,7.553,-117.559,-29.984
57.200,waypoint_2,7.609,-117.636,-29.984
57.234,waypoint_2,7.664,-117.714,-29.984
57.268,waypoint_2,7.720,-117.791,-29.984
57.300,waypoint_2,7.775,-117.869,-29.984
57.334,waypoint_2,7.831,-117.947,-29.984
57.368,waypoint_2,7.900,-118.044,-29.985
57.400,waypoint_2,7.956,-118.121,-29.985
57.434,waypoint_2,8.011,-118.199,-29.985
57.468,waypoint_2,8.067,-118.277,-29.985
57.500,waypoint_2,8.122,-118.355,-29.985
57.534,waypoint_2,8.178,-118.433,-29.985
57.568,waypoint_2,8.247,-118.530,-29.986
57.600,waypoint_2,8.303,-118.608,-29.986
57.634,waypoint_2,8.359,-118.687,-29.986
57.668,waypoint_2,8.414,-118.765,-29.986
57.700,waypoint_2,8.470,-118.844,-29.986
57.734,waypoint_2,8.525,-118.922,-29.987
57.768,waypoint_2,8.595,-119.021,-29.987
57.800,waypoint_2,8.650,-119.100,-29.987
57.834,waypoint_2,8.706,-119.179,-29.987
57.868,waypoint_2,8.762,-119.258,-29.987
57.900,waypoint_2,8.818,-119.337,-29.987
57.934,waypoint_2,8.874,-119.416,-29.988
57.968,waypoint_2,8.944,-119.515,-29.988
58.000,waypoint_2,9.000,-119.595,-29.988
58.034,waypoint_2,9.056,-119.674,-29.988
58.068,waypoint_2,9.112,-119.753,-29.988
58.100,waypoint_2,9.168,-119.832,-29.988
58.134,waypoint_2,9.224,-119.912,-29.988
58.168,waypoint_2,9.294,-120.011,-29.988
58.200,waypoint_2,9.350,-120.090,-29.988
58.234,waypoint_2,9.405,-120.169,-29.988
58.268,waypoint_2,9.461,-120.248,-29.988
58.300,waypoint_2,9.517,-120.327,-29.988
58.334,waypoint_2,9.573,-120.406,-29.988
58.368,waypoint_2,9.642,-120.504,-29.988
58.400,waypoint_2,9.698,-120.583,-29.989
58.434,waypoint_2,9.754,-120.662,-29.989
58.468,waypoint_2,9.809,-120.740,-29.989
58.500,waypoint_2,9.865,-120.819,-29.989
58.534,waypoint_2,9.920,-120.898,-29.989
58.568,waypoint_2,9.989,-120.996,-29.989
58.600,waypoint_2,10.044,-121.075,-29.989
58.634,waypoint_2,10.100,-121.153,-29.989
58.668,waypoint_2,10.155,-121.232,-29.989
58.700,waypoint_2,10.211,-121.310,-29.988
58.734,waypoint_2,10.266,-121.389,-29.988
58.768,waypoint_2,10.335,-121.487,-29.988
58.800,waypoint_2,10.390,-121.566,-29.988
58.834,waypoint_2,10.445,-121.644,-29.988
58.868,waypoint_2,10.500,-121.723,-29.987
58.900,waypoint_2,10.555,-121.801,-29.987
58.934,waypoint_2,10.610,-121.880,-29.987
58.968,waypoint_2,10.679,-121.978,-29.986
59.000,waypoint_2,10.733,-122.056,-29.986
59.034,waypoint_2,10.788,-122.134,-29.986
59.068,waypoint_2,10.842,-122.212,-29.986
59.100,waypoint_2,10.897,-122.290,-29.985
59.134,waypoint_2,10.952,-122.368,-29.985
59.168,waypoint_2,11.020,-122.466,-29.985
59.200,waypoint_2,11.074,-122.544,-29.985
59.234,waypoint_2,11.129,-122.622,-29.985
59.268,waypoint_2,11.183,-122.699,-29.985
59.300,waypoint_2,11.237,-122.777,-29.985
59.334,waypoint_2,11.292,-122.855,-29.984
59.368,waypoint_2,11.359,-122.952,-29.984
59.400,waypoint_2,11.414,-123.030,-29.983
59.434,waypoint_2,11.469,-123.108,-29.983
59.468,waypoint_2,11.523,-123.186,-29.982
59.500,waypoint_2,11.578,-123.264,-29.982
59.553,waypoint_2,11.633,-123.342,-29.982
59.586,waypoint_2,11.702,-123.439,-29.981
59.618,waypoint_2,11.757,-123.517,-29.981
59.652,waypoint_2,11.813,-123.596,-29.980
59.686,waypoint_2,11.868,-123.674,-29.980
59.718,waypoint_2,11.923,-123.752,-29.979
59.752,waypoint_2,11.978,-123.831,-29.978
59.786,waypoint_2,12.048,-123.929,-29.978
59.818,waypoint_2,12.103,-124.008,-29.977
59.852,waypoint_2,12.158,-124.087,-29.976
59.886,waypoint_2,12.213,-124.165,-29.975
59.918,waypoint_2,12.269,-124.244,-29.974
59.952,waypoint_2,12.324,-124.322,-29.973
59.987,waypoint_2,12.393,-124.420,-29.971
60.018,waypoint_2,12.449,-124.499,-29.970
60.052,waypoint_2,12.505,-124.577,-29.969
60.086,waypoint_2,12.561,-124.656,-29.968
60.118,waypoint_2,12.616,-124.734,-29.967
60.152,waypoint_2,12.672,-124.813,-29.966
60.186,waypoint_2,12.742,-124.911,-29.965
60.218,waypoint_2,12.797,-124.989,-29.964
60.252,waypoint_2,12.853,-125.068,-29.964
60.286,waypoint_2,12.909,-125.146,-29.963
60.319,waypoint_2,12.965,-125.225,-29.963
60.352,waypoint_2,13.021,-125.303,-29.963
60.386,waypoint_2,13.090,-125.401,-29.962
60.418,waypoint_2,13.146,-125.480,-29.962
60.452,waypoint_2,13.202,-125.558,-29.961
60.487,waypoint_2,13.257,-125.636,-29.961
60.518,waypoint_2,13.313,-125.715,-29.961
60.552,waypoint_2,13.368,-125.793,-29.960
60.586,waypoint_2,13.438,-125.892,-29.960
60.618,waypoint_3,13.493,-125.970,-29.960
60.652,waypoint_3,13.549,-126.049,-29.960
60.686,waypoint_3,13.604,-126.127,-29.961
60.719,waypoint_3,13.660,-126.206,-29.964
60.752,waypoint_3,13.715,-126.284,-29.971
60.786,waypoint_3,13.783,-126.382,-29.984
60.818,waypoint_3,13.835,-126.460,-29.995
60.852,waypoint_3,13.885,-126.537,-30.008
60.886,waypoint_3,13.932,-126.613,-30.021
60.918,waypoint_3,13.976,-126.689,-30.033
60.952,waypoint_3,14.015,-126.764,-30.044
60.986,waypoint_3,14.056,-126.857,-30.055
61.018,waypoint_3,14.084,-126.931,-30.062
61.052,waypoint_3,14.106,-127.004,-30.067
61.086,waypoint_3,14.123,-127.076,-30.070
61.118,waypoint_3,14.134,-127.147,-30.072
61.152,waypoint_3,14.139,-127.218,-30.072
61.186,waypoint_3,14.136,-127.306,-30.069
61.219,waypoint_3,14.128,-127.375,-30.066
61.252,waypoint_3,14.114,-127.443,-30.061
61.286,waypoint_3,14.094,-127.511,-30.056
61.318,waypoint_3,14.069,-127.578,-30.050
61.352,waypoint_3,14.040,-127.645,-30.044
61.386,waypoint_3,13.995,-127.727,-30.036
61.418,waypoint_3,13.955,-127.792,-30.029
61.452,waypoint_3,13.911,-127.857,-30.022
61.486,waypoint_3,13.862,-127.921,-30.015
61.518,waypoint_3,13.811,-127.984,-30.009
61.552,waypoint_3,13.756,-128.047,-30.003
61.586,waypoint_3,13.683,-128.125,-29.995
61.618,waypoint_3,13.622,-128.188,-29.990
61.652,waypoint_3,13.559,-128.249,-29.985
61.686,waypoint_3,13.494,-128.310,-29.981
61.718,waypoint_3,13.428,-128.371,-29.977
61.752,waypoint_3,13.360,-128.432,-29.974
61.786,waypoint_3,13.273,-128.508,-29.970
61.818,waypoint_3,13.203,-128.568,-29.968
61.852,waypoint_3,13.132,-128.629,-29.966
61.886,waypoint_3,13.059,-128.689,-29.965
61.918,waypoint_3,12.987,-128.749,-29.963
61.952,waypoint_3,12.914,-128.809,-29.962
61.986,waypoint_3,12.822,-128.884,-29.961
62.018,waypoint_3,12.748,-128.944,-29.961
62.052,waypoint_3,12.674,-129.003,-29.960
62.086,waypoint_3,12.600,-129.063,-29.960
62.118,waypoint_3,12.526,-129.123,-29.960
62.152,waypoint_3,12.451,-129.182,-29.960
62.186,waypoint_3,12.358,-129.256,-29.960
62.218,waypoint_3,12.284,-129.316,-29.960
62.252,waypoint_3,12.210,-129.375,-29.961
62.286,waypoint_3,12.135,-129.434,-29.961
62.318,waypoint_3,12.061,-129.494,-29.962
62.352,waypoint_3,11.988,-129.553,-29.963
62.386,waypoint_3,11.895,-129.627,-29.964
62.418,waypoint_3,11.822,-129.687,-29.965
62.452,waypoint_3,11.748,-129.746,-29.966
62.486,waypoint_3,11.675,-129.806,-29.967
62.518,waypoint_3,11.602,-129.866,-29.968
62.552,waypoint_3,11.529,-129.925,-29.970
62.586,waypoint_3,11.438,-130.000,-29.971
62.618,waypoint_3,11.365,-130.060,-29.973
62.652,waypoint_3,11.293,-130.120,-29.974
62.686,waypoint_3,11.220,-130.180,-29.975
62.718,waypoint_3,11.148,-130.240,-29.977
62.752,waypoint_3,11.076,-130.299,-29.978
62.786,waypoint_3,10.986,-130.374,-29.979
62.818,waypoint_3,10.915,-130.434,-29.981
62.852,waypoint_3,10.844,-130.494,-29.982
62.886,waypoint_3,10.772,-130.555,-29.983
62.918,waypoint_3,10.701,-130.615,-29.983
62.952,waypoint_3,10.630,-130.675,-29.984
62.986,waypoint_3,10.541,-130.750,-29.985
63.018,waypoint_3,10.470,-130.811,-29.986
63.052,waypoint_3,10.399,-130.871,-29.986
63.086,waypoint_3,10.328,-130.931,-29.987
63.118,waypoint_3,10.257,-130.992,-29.987
63.152,waypoint_3,10.185,-131.052,-29.988
63.186,waypoint_3,10.096,-131.128,-29.988
63.218,waypoint_3,10.025,-131.188,-29.989
63.252,waypoint_3,9.954,-131.248,-29.989
63.286,waypoint_3,9.882,-131.309,-29.990
63.318,waypoint_3,9.811,-131.369,-29.990
63.352,waypoint_3,9.739,-131.429,-29.990
63.386,waypoint_3,9.649,-131.504,-29.990
63.418,waypoint_3,9.578,-131.564,-29.989
63.452,waypoint_3,9.506,-131.625,-29.989
63.486,waypoint_3,9.434,-131.685,-29.989
63.518,waypoint_3,9.362,-131.745,-29.988
63.552,waypoint_3,9.289,-131.805,-29.988
63.586,waypoint_3,9.199,-131.880,-29.987
63.618,waypoint_3,9.126,-131.940,-29.987
63.652,waypoint_3,9.054,-132.000,-29.986
63.686,waypoint_3,8.981,-132.060,-29.986
63.718,waypoint_3,8.908,-132.120,-29.986
63.752,waypoint_3,8.835,-132.181,-29.986
63.786,waypoint_3,8.743,-132.256,-29.985
63.818,waypoint_3,8.670,-132.316,-29.985
63.852,waypoint_3,8.597,-132.376,-29.985
63.887,waypoint_3,8.523,-132.436,-29.984
63.919,waypoint_3,8.450,-132.496,-29.984
63.953,waypoint_3,8.376,-132.556,-29.983
63.987,waypoint_3,8.284,-132.631,-29.983
64.019,waypoint_3,8.210,-132.691,-29.983
64.053,waypoint_3,8.136,-132.751,-29.982
64.087,waypoint_3,8.062,-132.811,-29.982
64.119,waypoint_3,7.988,-132.870,-29.982
64.153,waypoint_3,7.914,-132.930,-29.981
64.187,waypoint_3,7.821,-133.005,-29.981
64.219,waypoint_3,7.746,-133.065,-29.981
64.253,waypoint_3,7.671,-133.125,-29.981
64.287,waypoint_3,7.596,-133.185,-29.981
64.319,waypoint_3,7.521,-133.245,-29.980
64.353,waypoint_3,7.446,-133.305,-29.980
64.387,waypoint_3,7.353,-133.380,-29.980
64.419,waypoint_3,7.278,-133.441,-29.980
64.453,waypoint_3,7.202,-133.501,-29.980
64.487,waypoint_3,7.127,-133.561,-29.980
64.519,waypoint_3,7.051,-133.622,-29.980
64.553,waypoint_3,6.976,-133.683,-29.980
64.587,waypoint_3,6.881,-133.758,-29.980
64.619,waypoint_3,6.805,-133.818,-29.980
64.653,waypoint_3,6.729,-133.879,-29.980
64.687,waypoint_3,6.652,-133.939,-29.980
64.719,waypoint_3,6.576,-133.999,-29.980
64.753,waypoint_3,6.500,-134.060,-29.979
64.787,waypoint_3,6.404,-134.135,-29.979
64.819,waypoint_3,6.327,-134.196,-29.979
64.853,waypoint_3,6.250,-134.256,-29.979
64.887,waypoint_3,6.173,-134.317,-29.979
64.919,waypoint_3,6.096,-134.377,-29.979
64.953,waypoint_3,6.018,-134.437,-29.979
64.987,waypoint_3,5.921,-134.513,-29.979
65.019,waypoint_3,5.843,-134.573,-29.979
65.053,waypoint_3,5.766,-134.633,-29.979
65.087,waypoint_3,5.688,-134.693,-29.979
65.119,waypoint_3,5.609,-134.753,-29.979
65.153,waypoint_3,5.531,-134.813,-29.979
65.187,waypoint_3,5.433,-134.888,-29.980
65.219,waypoint_3,5.355,-134.948,-29.980
65.253,waypoint_3,5.277,-135.007,-29.980
65.287,waypoint_3,5.199,-135.067,-29.981
65.319,waypoint_3,5.121,-135.127,-29.981
65.353,waypoint_3,5.043,-135.187,-29.981
65.387,waypoint_3,4.945,-135.262,-29.982
65.420,waypoint_3,4.867,-135.321,-29.982
65.454,waypoint_3,4.790,-135.381,-29.982
65.488,waypoint_3,4.712,-135.441,-29.983
65.520,waypoint_3,4.634,-135.501,-29.983
65.554,waypoint_3,4.556,-135.560,-29.983
65.589,waypoint_3,4.459,-135.635,-29.983
65.621,waypoint_3,4.381,-135.695,-29.984
65.655,waypoint_3,4.303,-135.754,-29.984
65.689,waypoint_3,4.226,-135.814,-29.984
65.721,waypoint_3,4.148,-135.874,-29.985
65.755,waypoint_3,4.071,-135.933,-29.985
65.789,waypoint_3,3.974,-136.007,-29.985
65.821,waypoint_3,3.897,-136.067,-29.986
65.855,waypoint_3,3.819,-136.126,-29.986
65.890,waypoint_3,3.742,-136.185,-29.987
65.923,waypoint_3,3.664,-136.244,-29.987
65.957,waypoint_3,3.587,-136.303,-29.988
65.991,waypoint_3,3.490,-136.377,-29.989
66.023,waypoint_3,3.413,-136.436,-29.989
66.057,waypoint_3,3.336,-136.495,-29.990
66.091,waypoint_3,3.259,-136.554,-29.991
66.123,waypoint_3,3.182,-136.613,-29.992
66.157,waypoint_3,3.104,-136.672,-29.993
66.191,waypoint_3,3.008,-136.746,-29.995
66.223,waypoint_3,2.931,-136.805,-29.996
66.257,waypoint_3,2.853,-136.864,-29.998
66.291,waypoint_3,2.776,-136.923,-29.999
66.323,waypoint_3,2.699,-136.982,-30.000
66.357,waypoint_3,2.622,-137.041,-30.002
66.391,waypoint_3,2.525,-137.114,-30.003
66.423,waypoint_3,2.448,-137.173,-30.004
66.457,waypoint_3,2.371,-137.232,-30.005
66.491,waypoint_3,2.294,-137.291,-30.006
66.523,waypoint_3,2.217,-137.350,-30.006
66.557,waypoint_3,2.139,-137.409,-30.007
66.591,waypoint_3,2.042,-137.483,-30.007
66.623,waypoint_3,1.965,-137.543,-30.007
66.657,waypoint_3,1.887,-137.602,-30.008
66.691,waypoint_3,1.810,-137.662,-30.008
66.723,waypoint_3,1.732,-137.722,-30.007
66.757,waypoint_3,1.655,-137.782,-30.007
66.791,waypoint_3,1.558,-137.856,-30.007
66.823,waypoint_3,1.481,-137.916,-30.006
66.857,waypoint_3,1.403,-137.976,-30.006
66.891,waypoint_3,1.326,-138.036,-30.006
66.923,waypoint_3,1.248,-138.096,-30.005
66.957,waypoint_3,1.171,-138.156,-30.005
66.991,waypoint_3,1.074,-138.232,-30.005
67.023,waypoint_3,0.996,-138.292,-30.004
67.057,waypoint_3,0.919,-138.352,-30.004
67.091,waypoint_3,0.841,-138.412,-30.004
67.123,waypoint_3,0.763,-138.472,-30.003
67.157,waypoint_3,0.686,-138.531,-30.003
67.191,waypoint_3,0.588,-138.606,-30.003
67.223,waypoint_3,0.511,-138.666,-30.003
67.257,waypoint_3,0.433,-138.726,-30.003
67.291,waypoint_3,0.355,-138.785,-30.003
67.322,waypoint_3,0.278,-138.845,-30.003
67.357,waypoint_3,0.200,-138.904,-30.003
67.391,waypoint_3,0.103,-138.978,-30.003
67.423,waypoint_3,0.025,-139.038,-30.003
67.457,waypoint_3,-0.052,-139.097,-30.003
67.491,waypoint_3,-0.130,-139.156,-30.003
67.523,waypoint_3,-0.207,-139.215,-30.004
67.557,waypoint_3,-0.285,-139.274,-30.004
67.591,waypoint_3,-0.382,-139.348,-30.004
67.623,waypoint_3,-0.460,-139.407,-30.004
67.657,waypoint_3,-0.537,-139.466,-30.004
67.691,waypoint_3,-0.615,-139.525,-30.005
67.723,waypoint_3,-0.693,-139.584,-30.005
67.757,waypoint_3,-0.771,-139.643,-30.005
67.791,waypoint_3,-0.868,-139.717,-30.005
67.823,waypoint_3,-0.946,-139.776,-30.005
67.857,waypoint_3,-1.024,-139.835,-30.005
67.891,waypoint_3,-1.101,-139.894,-30.004
67.923,waypoint_3,-1.179,-139.954,-30.004
67.957,waypoint_3,-1.257,-140.013,-30.004
67.991,waypoint_3,-1.355,-140.087,-30.004
68.022,waypoint_3,-1.432,-140.147,-30.003
68.057,waypoint_3,-1.510,-140.207,-30.003
68.091,waypoint_3,-1.588,-140.266,-30.002
68.123,waypoint_3,-1.665,-140.326,-30.002
68.157,waypoint_3,-1.743,-140.386,-30.002
68.191,waypoint_3,-1.840,-140.461,-30.001
68.223,waypoint_3,-1.917,-140.521,-30.001
68.257,waypoint_3,-1.994,-140.581,-30.000
68.291,waypoint_3,-2.072,-140.642,-30.000
68.322,waypoint_3,-2.149,-140.702,-30.000
68.357,waypoint_3,-2.226,-140.763,-30.000
68.391,waypoint_3,-2.323,-140.839,-30.000
68.423,waypoint_3,-2.400,-140.900,-30.000
68.457,waypoint_3,-2.477,-140.961,-30.000
68.491,waypoint_3,-2.554,-141.022,-30.000
68.522,waypoint_3,-2.632,-141.084,-30.000
68.557,waypoint_3,-2.709,-141.146,-30.000
68.591,waypoint_3,-2.806,-141.223,-30.000
68.623,waypoint_3,-2.883,-141.285,-30.001
68.657,waypoint_3,-2.961,-141.346,-30.001
68.691,waypoint_3,-3.039,-141.408,-30.002
68.722,waypoint_3,-3.117,-141.470,-30.002
68.756,waypoint_3,-3.194,-141.532,-30.003
68.791,waypoint_3,-3.292,-141.610,-30.004
68.822,waypoint_3,-3.370,-141.672,-30.004
68.857,waypoint_3,-3.448,-141.733,-30.005
68.891,waypoint_3,-3.526,-141.795,-30.006
68.922,waypoint_3,-3.604,-141.857,-30.007
68.957,waypoint_3,-3.682,-141.919,-30.008
68.991,waypoint_3,-3.780,-141.997,-30.009
69.023,waypoint_3,-3.859,-142.058,-30.010
69.057,waypoint_3,-3.937,-142.120,-30.011
69.091,waypoint_3,-4.015,-142.181,-30.012
69.123,waypoint_3,-4.093,-142.242,-30.013
69.157,waypoint_3,-4.172,-142.303,-30.014
69.192,waypoint_3,-4.269,-142.379,-30.015
69.224,waypoint_3,-4.347,-142.440,-30.015
69.258,waypoint_3,-4.426,-142.501,-30.016
69.292,waypoint_3,-4.504,-142.562,-30.017
69.324,waypoint_3,-4.582,-142.622,-30.017
69.358,waypoint_3,-4.660,-142.683,-30.018
69.392,waypoint_3,-4.758,-142.758,-30.019
69.424,waypoint_3,-4.836,-142.818,-30.019
69.458,waypoint_3,-4.913,-142.878,-30.019
69.492,waypoint_3,-4.991,-142.938,-30.019
69.524,waypoint_3,-5.069,-142.998,-30.019
69.558,waypoint_3,-5.147,-143.058,-30.019
69.592,waypoint_3,-5.244,-143.133,-30.019
69.624,waypoint_3,-5.321,-143.193,-30.019
69.658,waypoint_3,-5.398,-143.253,-30.019
69.693,waypoint_3,-5.476,-143.313,-30.020
69.725,waypoint_3,-5.553,-143.373,-30.019
69.759,waypoint_3,-5.630,-143.433,-30.019
69.793,waypoint_3,-5.727,-143.508,-30.019
69.825,waypoint_3,-5.804,-143.568,-30.019
69.859,waypoint_3,-5.881,-143.629,-30.019
69.893,waypoint_3,-5.957,-143.689,-30.019
69.925,waypoint_3,-6.034,-143.749,-30.019
69.959,waypoint_3,-6.111,-143.809,-30.019
69.993,waypoint_3,-6.207,-143.885,-30.019
70.025,waypoint_3,-6.284,-143.945,-30.019
70.059,waypoint_3,-6.361,-144.006,-30.019
70.094,waypoint_3,-6.437,-144.066,-30.019
70.126,waypoint_3,-6.514,-144.127,-30.019
70.160,waypoint_3,-6.590,-144.188,-30.019
70.194,waypoint_3,-6.686,-144.263,-30.019
70.226,waypoint_3,-6.763,-144.324,-30.019
70.260,waypoint_3,-6.839,-144.385,-30.019
70.294,waypoint_3,-6.916,-144.446,-30.019
70.326,waypoint_3,-6.993,-144.507,-30.019
70.360,waypoint_3,-7.069,-144.569,-30.019
70.394,waypoint_3,-7.164,-144.645,-30.019
70.426,waypoint_3,-7.240,-144.706,-30.019
70.460,waypoint_3,-7.316,-144.767,-30.020
70.494,waypoint_3,-7.392,-144.828,-30.020
70.526,waypoint_3,-7.469,-144.889,-30.020
70.560,waypoint_3,-7.545,-144.950,-30.020
70.594,waypoint_3,-7.640,-145.026,-30.021
70.627,waypoint_3,-7.716,-145.087,-30.021
70.660,waypoint_3,-7.791,-145.147,-30.021
70.694,waypoint_3,-7.867,-145.208,-30.021
70.726,waypoint_3,-7.943,-145.269,-30.021
70.760,waypoint_3,-8.019,-145.329,-30.021
70.794,waypoint_3,-8.114,-145.405,-30.021
70.826,waypoint_3,-8.190,-145.465,-30.021
70.860,waypoint_3,-8.265,-145.526,-30.021
70.894,waypoint_3,-8.341,-145.587,-30.021
70.926,waypoint_3,-8.417,-145.648,-30.021
70.960,waypoint_3,-8.492,-145.708,-30.020
70.994,waypoint_3,-8.586,-145.784,-30.020
71.026,waypoint_3,-8.662,-145.845,-30.019
71.060,waypoint_3,-8.737,-145.906,-30.019
71.094,waypoint_3,-8.813,-145.967,-30.019
71.126,waypoint_3,-8.888,-146.027,-30.018
71.160,waypoint_3,-8.964,-146.088,-30.018
71.194,waypoint_3,-9.058,-146.164,-30.017
71.226,waypoint_3,-9.133,-146.224,-30.017
71.260,waypoint_3,-9.209,-146.285,-30.016
71.294,waypoint_3,-9.284,-146.345,-30.016
71.326,waypoint_3,-9.359,-146.406,-30.015
71.360,waypoint_3,-9.434,-146.466,-30.015
71.394,waypoint_3,-9.528,-146.542,-30.014
71.426,waypoint_3,-9.602,-146.602,-30.014
71.460,waypoint_3,-9.677,-146.663,-30.013
71.494,waypoint_3,-9.752,-146.723,-30.013
71.526,waypoint_3,-9.827,-146.783,-30.013
71.560,waypoint_3,-9.901,-146.844,-30.012
71.594,waypoint_3,-9.995,-146.920,-30.012
71.626,waypoint_3,-10.069,-146.980,-30.012
71.660,waypoint_3,-10.144,-147.041,-30.011
71.694,waypoint_3,-10.219,-147.101,-30.011
71.726,waypoint_3,-10.294,-147.162,-30.011
71.760,waypoint_3,-10.368,-147.222,-30.010
71.794,waypoint_3,-10.462,-147.298,-30.010
71.826,waypoint_3,-10.537,-147.358,-30.009
71.860,waypoint_3,-10.612,-147.418,-30.009
71.894,waypoint_3,-10.687,-147.479,-30.008
71.926,waypoint_3,-10.762,-147.539,-30.008
71.960,waypoint_3,-10.836,-147.600,-30.007
71.994,waypoint_3,-10.930,-147.675,-30.007
72.026,waypoint_3,-11.005,-147.735,-30.007
72.060,waypoint_3,-11.080,-147.795,-30.006
72.094,waypoint_3,-11.155,-147.855,-30.006
72.126,waypoint_3,-11.230,-147.915,-30.006
72.160,waypoint_3,-11.305,-147.975,-30.006
72.194,waypoint_3,-11.399,-148.050,-30.006
72.226,waypoint_3,-11.474,-148.110,-30.006
72.260,waypoint_3,-11.549,-148.169,-30.006
72.294,waypoint_3,-11.624,-148.229,-30.006
72.326,waypoint_3,-11.699,-148.289,-30.006
72.360,waypoint_3,-11.774,-148.348,-30.006
72.394,waypoint_3,-11.867,-148.423,-30.006
72.426,waypoint_3,-11.942,-148.483,-30.007
72.460,waypoint_3,-12.017,-148.543,-30.007
72.494,waypoint_3,-12.091,-148.603,-30.007
72.526,waypoint_3,-12.166,-148.663,-30.008
72.560,waypoint_3,-12.241,-148.723,-30.008
72.594,waypoint_3,-12.334,-148.798,-30.008
72.626,waypoint_3,-12.408,-148.858,-30.008
72.661,waypoint_3,-12.483,-148.918,-30.009
72.695,waypoint_3,-12.557,-148.978,-30.009
72.727,waypoint_3,-12.631,-149.038,-30.009
72.761,waypoint_3,-12.705,-149.098,-30.009
72.796,waypoint_3,-12.798,-149.173,-30.009
72.827,waypoint_3,-12.872,-149.232,-30.009
72.861,waypoint_3,-12.946,-149.292,-30.009
72.895,waypoint_3,-13.020,-149.352,-30.009
72.927,waypoint_3,-13.095,-149.412,-30.009
72.961,waypoint_3,-13.169,-149.472,-30.009
72.995,waypoint_3,-13.261,-149.547,-30.009
73.027,waypoint_3,-13.335,-149.607,-30.009
73.061,waypoint_3,-13.410,-149.667,-30.009
73.095,waypoint_3,-13.484,-149.727,-30.009
73.127,waypoint_3,-13.558,-149.788,-30.009
73.161,waypoint_3,-13.632,-149.848,-30.009
73.195,waypoint_3,-13.725,-149.923,-30.009
73.227,waypoint_3,-13.799,-149.984,-30.009
73.261,waypoint_3,-13.873,-150.044,-30.009
73.295,waypoint_3,-13.947,-150.105,-30.009
73.327,waypoint_3,-14.022,-150.165,-30.009
73.361,waypoint_3,-14.096,-150.226,-30.009
73.395,waypoint_3,-14.189,-150.302,-30.009
73.427,waypoint_3,-14.263,-150.362,-30.009
73.461,waypoint_3,-14.337,-150.423,-30.010
73.495,waypoint_3,-14.412,-150.484,-30.010
73.527,waypoint_3,-14.487,-150.545,-30.010
73.561,waypoint_3,-14.561,-150.605,-30.010
73.597,waypoint_3,-14.655,-150.681,-30.011
73.634,waypoint_3,-14.730,-150.742,-30.011
73.668,waypoint_3,-14.805,-150.803,-30.011
73.702,waypoint_3,-14.880,-150.864,-30.011
73.734,waypoint_3,-14.955,-150.925,-30.011
73.768,waypoint_3,-15.031,-150.986,-30.012
73.802,waypoint_3,-15.125,-151.063,-30.012
73.834,waypoint_3,-15.200,-151.124,-30.012
73.868,waypoint_3,-15.275,-151.185,-30.012
73.902,waypoint_3,-15.350,-151.246,-30.013
73.934,waypoint_3,-15.425,-151.307,-30.013
73.969,waypoint_3,-15.500,-151.368,-30.013
74.003,waypoint_3,-15.594,-151.444,-30.013
74.035,waypoint_3,-15.670,-151.505,-30.014
74.069,waypoint_3,-15.745,-151.566,-30.014
74.103,waypoint_3,-15.821,-151.626,-30.014
74.135,waypoint_3,-15.896,-151.687,-30.015
74.169,waypoint_3,-15.971,-151.747,-30.015
74.203,waypoint_3,-16.066,-151.823,-30.016
74.235,waypoint_3,-16.141,-151.883,-30.016
74.269,waypoint_3,-16.216,-151.943,-30.017
74.303,waypoint_3,-16.292,-152.003,-30.018
74.335,waypoint_3,-16.367,-152.063,-30.018
74.369,waypoint_3,-16.442,-152.123,-30.019
74.403,waypoint_3,-16.536,-152.198,-30.020
74.435,waypoint_3,-16.611,-152.258,-30.021
74.469,waypoint_3,-16.686,-152.318,-30.021
74.503,waypoint_3,-16.761,-152.378,-30.021
74.535,waypoint_3,-16.836,-152.438,-30.022
74.569,waypoint_3,-16.911,-152.499,-30.022
74.603,waypoint_3,-17.005,-152.574,-30.022
74.635,waypoint_3,-17.080,-152.635,-30.022
74.669,waypoint_3,-17.155,-152.695,-30.022
74.703,waypoint_3,-17.230,-152.756,-30.022
74.735,waypoint_3,-17.304,-152.817,-30.022
74.769,waypoint_3,-17.379,-152.878,-30.022
74.803,waypoint_3,-17.472,-152.955,-30.022
74.835,waypoint_3,-17.547,-153.016,-30.022
74.869,waypoint_3,-17.621,-153.077,-30.023
74.903,waypoint_3,-17.696,-153.138,-30.023
74.935,waypoint_3,-17.770,-153.199,-30.023
74.969,waypoint_3,-17.844,-153.261,-30.023
75.003,waypoint_3,-17.936,-153.338,-30.023
75.035,waypoint_3,-18.010,-153.399,-30.023
75.069,waypoint_3,-18.084,-153.461,-30.024
75.103,waypoint_3,-18.157,-153.522,-30.024
75.135,waypoint_3,-18.231,-153.584,-30.023
75.169,waypoint_3,-18.304,-153.646,-30.024
75.203,waypoint_3,-18.396,-153.723,-30.024
75.235,waypoint_3,-18.469,-153.785,-30.023
75.269,waypoint_3,-18.543,-153.847,-30.023
75.303,waypoint_3,-18.616,-153.909,-30.023
75.335,waypoint_3,-18.690,-153.970,-30.023
75.369,waypoint_3,-18.763,-154.032,-30.023
75.403,waypoint_3,-18.855,-154.110,-30.023
75.435,waypoint_3,-18.928,-154.171,-30.023
75.469,waypoint_3,-19.001,-154.233,-30.022
75.503,waypoint_3,-19.075,-154.295,-30.022
75.535,waypoint_3,-19.148,-154.357,-30.022
75.569,waypoint_3,-19.221,-154.418,-30.022
75.603,waypoint_3,-19.313,-154.495,-30.022
75.639,waypoint_3,-19.386,-154.557,-30.022
75.676,waypoint_3,-19.460,-154.618,-30.022
75.710,waypoint_3,-19.533,-154.680,-30.022
75.742,waypoint_3,-19.607,-154.741,-30.022
75.776,waypoint_3,-19.680,-154.803,-30.022
75.810,waypoint_3,-19.772,-154.880,-30.021
75.842,waypoint_3,-19.846,-154.941,-30.021
75.876,waypoint_3,-19.920,-155.002,-30.021
75.910,waypoint_3,-19.993,-155.064,-30.021
75.942,waypoint_3,-20.067,-155.125,-30.020
75.976,waypoint_3,-20.140,-155.187,-30.020
76.010,waypoint_3,-20.232,-155.263,-30.020
76.044,waypoint_3,-20.306,-155.324,-30.020
76.079,waypoint_3,-20.379,-155.385,-30.020
76.113,waypoint_3,-20.453,-155.447,-30.019
76.145,waypoint_3,-20.526,-155.508,-30.019
76.179,waypoint_3,-20.600,-155.569,-30.019
76.213,waypoint_3,-20.692,-155.645,-30.019
76.245,waypoint_3,-20.765,-155.706,-30.018
76.280,waypoint_3,-20.839,-155.768,-30.018
76.315,waypoint_3,-20.912,-155.829,-30.018
76.346,waypoint_3,-20.986,-155.890,-30.018
76.380,waypoint_3,-21.059,-155.951,-30.017
76.415,waypoint_3,-21.151,-156.027,-30.017
76.446,waypoint_3,-21.225,-156.088,-30.017
76.480,waypoint_3,-21.299,-156.149,-30.017
76.515,waypoint_3,-21.372,-156.210,-30.017
76.547,waypoint_3,-21.446,-156.271,-30.016
76.581,waypoint_3,-21.520,-156.332,-30.016
76.615,waypoint_3,-21.612,-156.408,-30.016
76.647,waypoint_3,-21.687,-156.468,-30.015
76.680,waypoint_3,-21.761,-156.529,-30.015
76.715,waypoint_3,-21.835,-156.590,-30.015
76.747,waypoint_3,-21.909,-156.651,-30.014
76.780,waypoint_3,-21.984,-156.711,-30.014
76.814,waypoint_3,-22.077,-156.787,-30.014
76.846,waypoint_3,-22.151,-156.848,-30.013
76.880,waypoint_3,-22.226,-156.909,-30.013
76.915,waypoint_3,-22.300,-156.970,-30.012
76.946,waypoint_3,-22.375,-157.032,-30.012
76.980,waypoint_3,-22.450,-157.093,-30.012
77.014,waypoint_3,-22.544,-157.169,-30.011
77.046,waypoint_3,-22.619,-157.231,-30.011
77.080,waypoint_3,-22.694,-157.292,-30.011
77.114,waypoint_3,-22.769,-157.353,-30.010
77.146,waypoint_3,-22.844,-157.415,-30.010
77.180,waypoint_3,-22.919,-157.476,-30.011
77.215,waypoint_3,-23.013,-157.553,-30.011
77.246,waypoint_3,-23.088,-157.614,-30.011
77.280,waypoint_3,-23.164,-157.675,-30.011
77.315,waypoint_3,-23.239,-157.736,-30.011
77.346,waypoint_3,-23.314,-157.797,-30.012
77.380,waypoint_3,-23.389,-157.858,-30.012
77.415,waypoint_3,-23.483,-157.934,-30.012
77.446,waypoint_3,-23.559,-157.995,-30.013
77.480,waypoint_3,-23.634,-158.057,-30.013
77.515,waypoint_3,-23.709,-158.118,-30.013
77.546,waypoint_3,-23.784,-158.179,-30.013
77.580,waypoint_3,-23.859,-158.240,-30.013
77.614,waypoint_3,-23.953,-158.316,-30.013
77.646,waypoint_3,-24.028,-158.377,-30.013
77.680,waypoint_3,-24.102,-158.439,-30.013
77.715,waypoint_3,-24.177,-158.500,-30.013
77.746,waypoint_3,-24.251,-158.561,-30.013
77.780,waypoint_3,-24.325,-158.623,-30.012
77.815,waypoint_3,-24.418,-158.700,-30.012
77.846,waypoint_3,-24.492,-158.761,-30.012
77.880,waypoint_3,-24.565,-158.823,-30.012
77.914,waypoint_3,-24.639,-158.885,-30.011
77.946,waypoint_3,-24.712,-158.946,-30.011
77.990,waypoint_3,-24.786,-159.008,-30.010
78.032,waypoint_3,-24.859,-159.070,-30.010
78.064,waypoint_3,-24.951,-159.146,-30.010
78.098,waypoint_3,-25.024,-159.208,-30.010
78.134,waypoint_3,-25.097,-159.269,-30.010
78.166,waypoint_3,-25.170,-159.330,-30.010
78.199,waypoint_3,-25.243,-159.391,-30.010
78.234,waypoint_3,-25.334,-159.467,-30.011
78.266,waypoint_3,-25.407,-159.528,-30.011
78.299,waypoint_3,-25.480,-159.589,-30.012
78.334,waypoint_3,-25.553,-159.651,-30.013
78.366,waypoint_3,-25.626,-159.712,-30.013
78.399,waypoint_3,-25.698,-159.773,-30.014
78.434,waypoint_3,-25.789,-159.849,-30.015
78.465,waypoint_3,-25.862,-159.910,-30.015
78.500,waypoint_3,-25.934,-159.971,-30.016
78.534,waypoint_3,-26.007,-160.032,-30.016
78.566,waypoint_3,-26.079,-160.093,-30.017
78.599,waypoint_3,-26.152,-160.154,-30.017
78.635,waypoint_3,-26.243,-160.231,-30.017
78.667,waypoint_3,-26.316,-160.292,-30.017
78.701,waypoint_3,-26.388,-160.354,-30.017
78.735,waypoint_3,-26.462,-160.415,-30.017
78.767,waypoint_3,-26.535,-160.476,-30.017
78.801,waypoint_3,-26.608,-160.538,-30.017
78.835,waypoint_3,-26.700,-160.614,-30.018
78.867,waypoint_3,-26.773,-160.676,-30.018
78.901,waypoint_3,-26.847,-160.737,-30.019
78.935,waypoint_3,-26.920,-160.798,-30.019
78.967,waypoint_3,-26.994,-160.860,-30.019
79.001,waypoint_3,-27.067,-160.921,-30.020
79.037,waypoint_3,-27.159,-160.997,-30.021
79.069,waypoint_3,-27.232,-161.058,-30.021
79.103,waypoint_3,-27.306,-161.119,-30.021
79.137,waypoint_3,-27.380,-161.180,-30.022
79.169,waypoint_3,-27.453,-161.241,-30.022
79.203,waypoint_3,-27.527,-161.301,-30.022
79.245,waypoint_3,-27.619,-161.377,-30.022
79.281,waypoint_3,-27.693,-161.437,-30.022
79.315,waypoint_3,-27.767,-161.498,-30.022
79.349,waypoint_3,-27.840,-161.558,-30.022
79.381,waypoint_3,-27.914,-161.619,-30.022
79.415,waypoint_3,-27.988,-161.680,-30.022
79.449,waypoint_3,-28.080,-161.755,-30.021
79.481,waypoint_3,-28.154,-161.816,-30.021
79.515,waypoint_3,-28.228,-161.877,-30.021
79.549,waypoint_3,-28.302,-161.937,-30.021
79.581,waypoint_3,-28.376,-161.998,-30.020
79.615,waypoint_3,-28.450,-162.059,-30.020
79.649,waypoint_3,-28.542,-162.134,-30.020
79.681,waypoint_3,-28.616,-162.195,-30.019
79.715,waypoint_3,-28.690,-162.256,-30.019
79.749,waypoint_3,-28.763,-162.316,-30.019
79.781,waypoint_3,-28.837,-162.377,-30.018
79.815,waypoint_3,-28.911,-162.437,-30.018
79.849,waypoint_3,-29.003,-162.513,-30.017
79.881,waypoint_3,-29.077,-162.573,-30.017
79.915,waypoint_3,-29.151,-162.634,-30.016
79.950,waypoint_3,-29.225,-162.695,-30.016
79.981,waypoint_3,-29.299,-162.755,-30.015
80.015,waypoint_3,-29.373,-162.816,-30.015
80.050,waypoint_3,-29.465,-162.892,-30.015
80.082,waypoint_3,-29.539,-162.954,-30.014
80.116,waypoint_3,-29.613,-163.015,-30.014
80.150,waypoint_3,-29.687,-163.076,-30.013
80.182,waypoint_3,-29.761,-163.137,-30.013
80.216,waypoint_3,-29.835,-163.199,-30.013
80.250,waypoint_3,-29.927,-163.276,-30.013
80.282,waypoint_3,-30.001,-163.337,-30.012
80.316,waypoint_3,-30.074,-163.399,-30.012
80.351,waypoint_3,-30.148,-163.460,-30.012
80.382,waypoint_3,-30.221,-163.521,-30.012
80.416,waypoint_3,-30.294,-163.583,-30.012
80.450,waypoint_3,-30.386,-163.660,-30.012
80.482,waypoint_3,-30.459,-163.721,-30.011
80.516,waypoint_3,-30.532,-163.782,-30.011
80.550,waypoint_3,-30.605,-163.844,-30.010
80.582,waypoint_3,-30.678,-163.906,-30.010
80.616,waypoint_3,-30.752,-163.967,-30.010
80.650,waypoint_3,-30.843,-164.044,-30.009
80.682,waypoint_3,-30.917,-164.106,-30.009
80.716,waypoint_3,-30.991,-164.168,-30.009
80.750,waypoint_3,-31.064,-164.229,-30.008
80.782,waypoint_3,-31.138,-164.291,-30.008
80.816,waypoint_3,-31.212,-164.353,-30.008
80.850,waypoint_3,-31.304,-164.430,-30.007
80.882,waypoint_3,-31.378,-164.492,-30.007
80.916,waypoint_3,-31.451,-164.553,-30.006
80.950,waypoint_3,-31.525,-164.615,-30.006
80.982,waypoint_3,-31.599,-164.676,-30.006
81.016,waypoint_3,-31.672,-164.738,-30.006
81.050,waypoint_3,-31.765,-164.815,-30.005
81.082,waypoint_3,-31.838,-164.876,-30.005
81.116,waypoint_3,-31.912,-164.938,-30.005
81.150,waypoint_3,-31.986,-164.999,-30.005
81.182,waypoint_3,-32.060,-165.060,-30.005
81.216,waypoint_3,-32.134,-165.122,-30.005
81.250,waypoint_3,-32.227,-165.198,-30.005
81.282,waypoint_3,-32.301,-165.260,-30.005
81.316,waypoint_3,-32.375,-165.321,-30.006
81.350,waypoint_3,-32.449,-165.382,-30.006
81.382,waypoint_3,-32.523,-165.443,-30.006
81.416,waypoint_3,-32.597,-165.504,-30.006
81.450,waypoint_3,-32.689,-165.581,-30.005
81.482,waypoint_3,-32.763,-165.642,-30.005
81.516,waypoint_3,-32.837,-165.703,-30.005
81.550,waypoint_3,-32.911,-165.764,-30.005
81.582,waypoint_3,-32.984,-165.825,-30.005
81.616,waypoint_3,-33.058,-165.886,-30.005
81.650,waypoint_3,-33.150,-165.962,-30.004
81.682,waypoint_3,-33.224,-166.024,-30.005
81.716,waypoint_3,-33.298,-166.085,-30.005
81.750,waypoint_3,-33.372,-166.146,-30.005
81.782,waypoint_3,-33.446,-166.207,-30.005
81.816,waypoint_3,-33.520,-166.268,-30.006
81.850,waypoint_3,-33.612,-166.345,-30.006
81.883,waypoint_3,-33.687,-166.406,-30.007
81.915,waypoint_3,-33.761,-166.467,-30.008
81.949,waypoint_3,-33.836,-166.529,-30.008
81.983,waypoint_3,-33.910,-166.590,-30.009
82.015,waypoint_3,-33.985,-166.651,-30.010
82.049,waypoint_3,-34.059,-166.712,-30.011
82.083,waypoint_3,-34.153,-166.789,-30.012
82.115,waypoint_3,-34.227,-166.850,-30.012
82.149,waypoint_3,-34.302,-166.912,-30.013
82.183,waypoint_3,-34.377,-166.973,-30.013
82.215,waypoint_3,-34.452,-167.034,-30.014
82.251,waypoint_3,-34.527,-167.096,-30.014
82.285,waypoint_3,-34.620,-167.172,-30.014
82.317,waypoint_3,-34.695,-167.233,-30.014
82.351,waypoint_3,-34.770,-167.294,-30.014
82.385,waypoint_3,-34.845,-167.355,-30.014
82.416,waypoint_3,-34.919,-167.416,-30.014
82.451,waypoint_3,-34.994,-167.477,-30.014
82.485,waypoint_3,-35.087,-167.554,-30.014
82.517,waypoint_3,-35.161,-167.615,-30.014
82.551,waypoint_3,-35.235,-167.676,-30.014
82.585,waypoint_3,-35.309,-167.737,-30.014
82.617,waypoint_3,-35.384,-167.798,-30.014
82.651,waypoint_3,-35.458,-167.859,-30.014
82.685,waypoint_3,-35.550,-167.935,-30.014
82.717,waypoint_3,-35.624,-167.997,-30.014
82.751,waypoint_3,-35.698,-168.058,-30.013
82.785,waypoint_3,-35.771,-168.119,-30.013
82.817,waypoint_3,-35.845,-168.181,-30.013
82.850,waypoint_3,-35.918,-168.242,-30.013
82.885,waypoint_3,-36.010,-168.320,-30.013
82.917,waypoint_3,-36.084,-168.381,-30.013
82.951,waypoint_3,-36.157,-168.443,-30.013
82.985,waypoint_3,-36.230,-168.505,-30.012
83.017,waypoint_3,-36.303,-168.567,-30.012
83.051,waypoint_3,-36.376,-168.629,-30.011
83.085,waypoint_3,-36.468,-168.707,-30.011
83.117,waypoint_3,-36.540,-168.769,-30.010
83.151,waypoint_3,-36.613,-168.831,-30.010
83.185,waypoint_3,-36.686,-168.894,-30.009
83.217,waypoint_3,-36.758,-168.956,-30.009
83.251,waypoint_3,-36.831,-169.019,-30.008
83.285,waypoint_3,-36.921,-169.098,-30.007
83.317,waypoint_3,-36.994,-169.161,-30.007
83.351,waypoint_3,-37.066,-169.223,-30.006
83.385,waypoint_3,-37.139,-169.286,-30.006
83.417,waypoint_3,-37.212,-169.349,-30.006
83.451,waypoint_3,-37.284,-169.412,-30.005
83.485,waypoint_3,-37.375,-169.491,-30.005
83.517,waypoint_3,-37.448,-169.554,-30.005
83.550,waypoint_3,-37.521,-169.617,-30.005
83.585,waypoint_3,-37.594,-169.680,-30.005
83.617,waypoint_3,-37.667,-169.742,-30.005
83.651,waypoint_3,-37.740,-169.805,-30.005
83.685,waypoint_3,-37.831,-169.883,-30.005
83.717,waypoint_3,-37.904,-169.945,-30.005
83.751,waypoint_3,-37.978,-170.007,-30.005
83.785,waypoint_3,-38.051,-170.070,-30.005
83.817,waypoint_3,-38.124,-170.132,-30.005
83.851,waypoint_3,-38.198,-170.194,-30.004
83.885,waypoint_3,-38.289,-170.272,-30.004
83.917,waypoint_3,-38.363,-170.334,-30.004
83.951,waypoint_3,-38.436,-170.397,-30.004
83.985,waypoint_3,-38.510,-170.459,-30.003
84.017,waypoint_3,-38.584,-170.521,-30.003
84.051,waypoint_3,-38.658,-170.583,-30.003
84.085,waypoint_3,-38.750,-170.661,-30.003
84.117,waypoint_3,-38.824,-170.723,-30.002
84.151,waypoint_3,-38.898,-170.785,-30.002
84.185,waypoint_3,-38.972,-170.847,-30.002
84.217,waypoint_3,-39.046,-170.909,-30.002
84.250,waypoint_3,-39.120,-170.971,-30.002
84.285,waypoint_3,-39.212,-171.048,-30.002
84.317,waypoint_3,-39.286,-171.109,-30.002
84.350,waypoint_3,-39.360,-171.171,-30.003
84.386,waypoint_3,-39.434,-171.232,-30.003
84.418,waypoint_3,-39.507,-171.294,-30.003
84.452,waypoint_3,-39.581,-171.355,-30.004
84.486,waypoint_3,-39.673,-171.432,-30.005
84.518,waypoint_3,-39.746,-171.494,-30.005
84.552,waypoint_3,-39.819,-171.555,-30.006
84.586,waypoint_3,-39.893,-171.616,-30.007
84.618,waypoint_3,-39.966,-171.678,-30.007
84.652,waypoint_3,-40.039,-171.739,-30.008
84.686,waypoint_3,-40.131,-171.815,-30.009
84.718,waypoint_3,-40.204,-171.876,-30.009
84.752,waypoint_3,-40.277,-171.937,-30.010
84.787,waypoint_3,-40.350,-171.998,-30.010
84.819,waypoint_3,-40.423,-172.059,-30.011
84.853,waypoint_3,-40.496,-172.120,-30.012
84.887,waypoint_3,-40.588,-172.195,-30.013
84.919,waypoint_3,-40.661,-172.256,-30.013
84.953,waypoint_3,-40.734,-172.316,-30.014
84.987,waypoint_3,-40.807,-172.377,-30.015
85.019,waypoint_3,-40.880,-172.438,-30.015
85.053,waypoint_3,-40.953,-172.498,-30.016
85.087,waypoint_3,-41.044,-172.574,-30.017
85.121,waypoint_3,-41.117,-172.635,-30.017
85.155,waypoint_3,-41.190,-172.696,-30.018
85.189,waypoint_3,-41.264,-172.757,-30.018
85.221,waypoint_3,-41.337,-172.818,-30.019
85.255,waypoint_3,-41.410,-172.879,-30.019
85.289,waypoint_3,-41.502,-172.956,-30.019
85.321,waypoint_3,-41.576,-173.017,-30.020
85.357,waypoint_3,-41.649,-173.078,-30.020
85.388,waypoint_3,-41.723,-173.140,-30.020
85.422,waypoint_3,-41.796,-173.201,-30.021
85.456,waypoint_3,-41.889,-173.278,-30.021
85.488,waypoint_3,-41.963,-173.339,-30.021
85.522,waypoint_3,-42.036,-173.400,-30.021
85.556,waypoint_3,-42.110,-173.462,-30.021
85.588,waypoint_3,-42.184,-173.523,-30.021
85.622,waypoint_3,-42.258,-173.584,-30.021
85.656,waypoint_3,-42.351,-173.661,-30.021
85.688,waypoint_3,-42.424,-173.723,-30.021
85.722,waypoint_3,-42.498,-173.784,-30.020
85.756,waypoint_3,-42.572,-173.846,-30.020
85.788,waypoint_3,-42.645,-173.907,-30.020
85.822,waypoint_3,-42.719,-173.969,-30.020
85.856,waypoint_3,-42.810,-174.045,-30.020
85.888,waypoint_3,-42.884,-174.107,-30.020
85.922,waypoint_3,-42.957,-174.168,-30.020
85.956,waypoint_3,-43.030,-174.229,-30.020
85.988,waypoint_3,-43.103,-174.290,-30.020
86.022,waypoint_3,-43.176,-174.352,-30.020
86.056,waypoint_3,-43.267,-174.428,-30.019
86.088,waypoint_3,-43.340,-174.489,-30.019
86.122,waypoint_3,-43.413,-174.550,-30.019
86.156,waypoint_3,-43.486,-174.611,-30.019
86.188,waypoint_3,-43.560,-174.672,-30.019
86.222,waypoint_3,-43.633,-174.732,-30.019
86.256,waypoint_3,-43.725,-174.808,-30.019
86.288,waypoint_3,-43.798,-174.869,-30.019
86.322,waypoint_3,-43.871,-174.930,-30.019
86.356,waypoint_3,-43.945,-174.990,-30.019
86.388,waypoint_3,-44.019,-175.051,-30.019
86.422,waypoint_3,-44.092,-175.112,-30.019
86.456,waypoint_3,-44.184,-175.188,-30.019
86.488,waypoint_3,-44.258,-175.248,-30.019
86.522,waypoint_3,-44.332,-175.309,-30.019
86.556,waypoint_3,-44.406,-175.370,-30.018
86.588,waypoint_3,-44.480,-175.431,-30.018
86.622,waypoint_3,-44.555,-175.492,-30.017
86.656,waypoint_3,-44.648,-175.568,-30.017
86.688,waypoint_3,-44.722,-175.629,-30.016
86.722,waypoint_3,-44.796,-175.690,-30.015
86.756,waypoint_3,-44.871,-175.751,-30.015
86.788,waypoint_3,-44.945,-175.812,-30.014
86.822,waypoint_3,-45.019,-175.872,-30.014
86.856,waypoint_3,-45.112,-175.948,-30.013
86.888,waypoint_3,-45.186,-176.009,-30.012
86.922,waypoint_3,-45.260,-176.069,-30.012
86.956,waypoint_3,-45.334,-176.130,-30.012
86.988,waypoint_3,-45.409,-176.191,-30.011
87.022,waypoint_3,-45.483,-176.251,-30.011
87.056,waypoint_3,-45.575,-176.327,-30.011
87.088,waypoint_3,-45.649,-176.388,-30.011
87.122,waypoint_3,-45.723,-176.449,-30.011
87.156,waypoint_3,-45.797,-176.509,-30.011
87.188,waypoint_3,-45.871,-176.570,-30.011
87.222,waypoint_3,-45.945,-176.632,-30.010
87.257,waypoint_3,-46.038,-176.708,-30.010
87.289,waypoint_3,-46.111,-176.770,-30.010
87.323,waypoint_3,-46.185,-176.831,-30.010
87.357,waypoint_3,-46.259,-176.893,-30.009
87.389,waypoint_3,-46.333,-176.954,-30.009
87.423,waypoint_3,-46.407,-177.016,-30.009
87.457,waypoint_3,-46.499,-177.093,-30.008
87.489,waypoint_3,-46.573,-177.156,-30.008
87.523,waypoint_3,-46.647,-177.218,-30.008
87.557,waypoint_3,-46.720,-177.280,-30.007
87.591,waypoint_3,-46.794,-177.342,-30.007
87.625,waypoint_3,-46.867,-177.404,-30.007
87.659,waypoint_3,-46.959,-177.482,-30.007
87.691,waypoint_3,-47.032,-177.544,-30.006
87.726,waypoint_3,-47.105,-177.606,-30.006
87.760,waypoint_3,-47.179,-177.668,-30.006
87.792,waypoint_3,-47.252,-177.730,-30.006
87.827,waypoint_3,-47.326,-177.792,-30.006
87.860,waypoint_3,-47.417,-177.870,-30.005
87.893,waypoint_3,-47.491,-177.932,-30.005
87.926,waypoint_3,-47.564,-177.994,-30.005
87.960,waypoint_3,-47.638,-178.056,-30.005
87.992,waypoint_3,-47.712,-178.118,-30.005
88.026,waypoint_3,-47.785,-178.180,-30.005
88.061,waypoint_3,-47.877,-178.258,-30.005
88.092,waypoint_3,-47.951,-178.320,-30.004
88.126,waypoint_3,-48.024,-178.382,-30.004
88.160,waypoint_3,-48.098,-178.445,-30.005
88.192,waypoint_3,-48.172,-178.507,-30.005
88.227,waypoint_3,-48.245,-178.569,-30.005
88.260,waypoint_3,-48.337,-178.647,-30.005
88.292,waypoint_3,-48.411,-178.710,-30.005
88.326,waypoint_3,-48.484,-178.772,-30.005
88.360,waypoint_3,-48.557,-178.835,-30.005
88.392,waypoint_3,-48.630,-178.898,-30.005
88.426,waypoint_3,-48.704,-178.960,-30.005
88.460,waypoint_3,-48.795,-179.038,-30.005
88.493,waypoint_3,-48.869,-179.101,-30.005
88.527,waypoint_3,-48.942,-179.163,-30.005
88.561,waypoint_3,-49.016,-179.226,-30.005
88.592,waypoint_3,-49.089,-179.288,-30.004
88.626,waypoint_3,-49.163,-179.351,-30.004
88.660,waypoint_3,-49.255,-179.429,-30.004
88.693,waypoint_3,-49.328,-179.491,-30.003
88.726,waypoint_3,-49.402,-179.553,-30.003
88.760,waypoint_3,-49.475,-179.616,-30.003
88.792,waypoint_3,-49.549,-179.678,-30.003
88.827,waypoint_3,-49.622,-179.741,-30.002
88.860,waypoint_3,-49.714,-179.819,-30.002
88.892,waypoint_3,-49.788,-179.881,-30.002
88.926,waypoint_3,-49.862,-179.943,-30.002
88.960,waypoint_3,-49.935,-180.006,-30.002
88.993,waypoint_3,-50.009,-180.068,-30.002
89.026,waypoint_3,-50.083,-180.130,-30.002
89.060,waypoint_3,-50.175,-180.208,-30.001
89.092,waypoint_3,-50.249,-180.270,-30.001
89.127,waypoint_3,-50.323,-180.332,-30.001
89.160,waypoint_3,-50.397,-180.394,-30.001
89.193,waypoint_3,-50.471,-180.457,-30.001
89.226,waypoint_3,-50.545,-180.519,-30.001
89.260,waypoint_3,-50.638,-180.597,-30.001
89.293,waypoint_3,-50.712,-180.659,-30.001
89.326,waypoint_3,-50.786,-180.722,-30.001
89.360,waypoint_3,-50.861,-180.784,-30.002
89.392,waypoint_3,-50.935,-180.847,-30.002
89.426,waypoint_3,-51.010,-180.909,-30.002
89.461,waypoint_3,-51.103,-180.987,-30.002
89.492,waypoint_3,-51.178,-181.049,-30.002
89.526,waypoint_3,-51.252,-181.111,-30.002
89.560,waypoint_3,-51.327,-181.173,-30.002
89.592,waypoint_3,-51.402,-181.235,-30.002
89.626,waypoint_3,-51.476,-181.296,-30.002
89.660,waypoint_3,-51.569,-181.373,-30.002
89.692,waypoint_3,-51.644,-181.435,-30.002
89.726,waypoint_3,-51.718,-181.496,-30.002
89.760,waypoint_3,-51.793,-181.557,-30.001
89.792,waypoint_3,-51.867,-181.619,-30.001
89.826,waypoint_3,-51.942,-181.680,-30.001
89.860,waypoint_3,-52.016,-181.740,-30.000
89.892,waypoint_3,-52.109,-181.817,-30.000
89.926,waypoint_3,-52.184,-181.877,-30.000
89.960,waypoint_3,-52.258,-181.938,-30.000
89.992,waypoint_3,-52.333,-181.999,-30.000
90.026,waypoint_3,-52.407,-182.059,-30.000
90.060,waypoint_3,-52.500,-182.135,-30.000
90.092,waypoint_3,-52.575,-182.195,-30.000
90.126,waypoint_3,-52.649,-182.255,-30.001
90.160,waypoint_3,-52.724,-182.315,-30.001
90.192,waypoint_3,-52.798,-182.376,-30.001
90.226,waypoint_3,-52.873,-182.436,-30.002
90.260,waypoint_3,-52.966,-182.511,-30.002
90.292,waypoint_3,-53.040,-182.570,-30.003
90.327,waypoint_3,-53.115,-182.630,-30.003
90.360,waypoint_3,-53.189,-182.690,-30.004
90.392,waypoint_3,-53.264,-182.750,-30.004
90.426,waypoint_3,-53.338,-182.810,-30.005
90.460,waypoint_3,-53.431,-182.885,-30.005
90.492,waypoint_3,-53.505,-182.944,-30.006
90.527,waypoint_3,-53.579,-183.004,-30.006
90.561,waypoint_3,-53.654,-183.064,-30.006
90.592,waypoint_3,-53.728,-183.125,-30.007
90.626,waypoint_3,-53.802,-183.185,-30.007
90.661,waypoint_3,-53.894,-183.260,-30.007
90.692,waypoint_3,-53.968,-183.321,-30.007
90.726,waypoint_3,-54.042,-183.381,-30.007
90.761,waypoint_3,-54.116,-183.442,-30.007
90.793,waypoint_3,-54.189,-183.502,-30.007
90.827,waypoint_3,-54.263,-183.563,-30.007
90.861,waypoint_3,-54.355,-183.638,-30.007
90.893,waypoint_3,-54.428,-183.699,-30.007
90.928,waypoint_3,-54.502,-183.760,-30.007
90.961,waypoint_3,-54.575,-183.821,-30.008
90.993,waypoint_3,-54.649,-183.882,-30.008
91.028,waypoint_3,-54.722,-183.943,-30.008
91.062,waypoint_3,-54.813,-184.020,-30.009
91.093,waypoint_3,-54.887,-184.082,-30.009
91.127,waypoint_3,-54.960,-184.143,-30.010
91.161,waypoint_3,-55.033,-184.205,-30.010
91.193,waypoint_3,-55.106,-184.266,-30.011
91.228,waypoint_3,-55.180,-184.328,-30.011
91.262,waypoint_3,-55.271,-184.406,-30.012
91.293,waypoint_3,-55.344,-184.468,-30.013
91.328,waypoint_3,-55.418,-184.530,-30.014
91.362,waypoint_3,-55.491,-184.592,-30.015
91.393,goal,-55.564,-184.654,-30.015
91.428,goal,-55.637,-184.716,-30.016
91.461,goal,-55.728,-184.794,-30.019
91.493,goal,-55.801,-184.856,-30.025
91.527,goal,-55.873,-184.918,-30.034
91.562,goal,-55.944,-184.980,-30.044
91.594,goal,-56.014,-185.043,-30.057
91.628,goal,-56.081,-185.106,-30.069
91.661,goal,-56.161,-185.186,-30.085
91.693,goal,-56.221,-185.251,-30.097
91.727,goal,-56.277,-185.317,-30.108
91.762,goal,-56.328,-185.383,-30.117
91.793,goal,-56.376,-185.451,-30.124
91.827,goal,-56.418,-185.519,-30.130
91.861,goal,-56.464,-185.606,-30.135
91.893,goal,-56.495,-185.677,-30.137
91.928,goal,-56.521,-185.749,-30.138
91.962,goal,-56.542,-185.823,-30.137
91.993,goal,-56.558,-185.897,-30.135
92.027,goal,-56.570,-185.972,-30.132
92.061,goal,-56.578,-186.068,-30.127
92.093,goal,-56.579,-186.146,-30.121
92.128,goal,-56.577,-186.225,-30.116
92.161,goal,-56.571,-186.306,-30.110
92.193,goal,-56.561,-186.387,-30.103
92.227,goal,-56.547,-186.469,-30.097
92.261,goal,-56.526,-186.573,-30.089
92.293,goal,-56.506,-186.658,-30.082
92.327,goal,-56.483,-186.743,-30.076
92.361,goal,-56.457,-186.829,-30.070
92.393,goal,-56.430,-186.916,-30.064
92.427,goal,-56.400,-187.003,-30.058
92.461,goal,-56.361,-187.114,-30.051
92.493,goal,-56.328,-187.202,-30.046
92.527,goal,-56.293,-187.292,-30.042
92.562,goal,-56.257,-187.382,-30.037
92.593,goal,-56.221,-187.472,-30.033
92.628,goal,-56.183,-187.563,-30.029
92.661,goal,-56.136,-187.676,-30.025
92.693,goal,-56.097,-187.767,-30.021
92.728,goal,-56.058,-187.858,-30.018
92.762,goal,-56.018,-187.949,-30.015
92.793,goal,-55.979,-188.040,-30.012
92.828,goal,-55.939,-188.131,-30.010
92.861,goal,-55.889,-188.244,-30.007
92.893,goal,-55.849,-188.334,-30.005
92.927,goal,-55.809,-188.425,-30.004
92.961,goal,-55.769,-188.515,-30.002
92.993,goal,-55.729,-188.605,-30.001
93.027,goal,-55.689,-188.695,-30.000
93.061,goal,-55.639,-188.808,-29.999
93.093,goal,-55.600,-188.897,-29.998
93.127,goal,-55.560,-188.987,-29.997
93.161,goal,-55.520,-189.076,-29.997
93.193,goal,-55.481,-189.166,-29.996
93.227,goal,-55.442,-189.255,-29.996
93.263,goal,-55.393,-189.366,-29.996
93.295,goal,-55.354,-189.455,-29.996
93.329,goal,-55.315,-189.544,-29.995
93.363,goal,-55.276,-189.632,-29.995
93.395,goal,-55.238,-189.721,-29.995
93.429,goal,-55.199,-189.809,-29.995
93.463,goal,-55.151,-189.919,-29.996
93.495,goal,-55.112,-190.007,-29.996
93.529,goal,-55.074,-190.095,-29.996
93.563,goal,-55.035,-190.183,-29.996
93.595,goal,-54.997,-190.270,-29.996
93.629,goal,-54.959,-190.357,-29.996
93.663,goal,-54.910,-190.466,-29.996
93.695,goal,-54.872,-190.553,-29.996
93.729,goal,-54.833,-190.640,-29.996
93.763,goal,-54.795,-190.727,-29.996
93.795,goal,-54.757,-190.813,-29.996
93.829,goal,-54.718,-190.900,-29.997
93.863,goal,-54.670,-191.007,-29.997
93.895,goal,-54.631,-191.094,-29.997
93.929,goal,-54.592,-191.180,-29.997
93.963,goal,-54.553,-191.266,-29.997
93.995,goal,-54.513,-191.353,-29.997
94.029,goal,-54.474,-191.439,-29.997
94.063,goal,-54.425,-191.547,-29.997
94.095,goal,-54.386,-191.633,-29.997
94.129,goal,-54.346,-191.720,-29.997
94.163,goal,-54.306,-191.806,-29.996
94.195,goal,-54.266,-191.893,-29.996
94.229,goal,-54.226,-191.979,-29.996
94.263,goal,-54.175,-192.087,-29.996
94.295,goal,-54.135,-192.174,-29.996
94.329,goal,-54.094,-192.260,-29.996
94.363,goal,-54.053,-192.346,-29.996
94.395,goal,-54.012,-192.432,-29.996
94.429,goal,-53.971,-192.518,-29.996
94.463,goal,-53.919,-192.625,-29.996
94.495,goal,-53.878,-192.711,-29.996
94.529,goal,-53.836,-192.796,-29.996
94.563,goal,-53.794,-192.881,-29.996
94.595,goal,-53.752,-192.966,-29.996
94.629,goal,-53.709,-193.051,-29.997
94.663,goal,-53.656,-193.158,-29.997
94.695,goal,-53.613,-193.243,-29.997
94.729,goal,-53.570,-193.328,-29.997
94.763,goal,-53.527,-193.414,-29.997
94.795,goal,-53.484,-193.499,-29.997
94.829,goal,-53.441,-193.584,-29.997
94.863,goal,-53.386,-193.691,-29.997
94.895,goal,-53.343,-193.776,-29.997
94.929,goal,-53.299,-193.862,-29.997
94.963,goal,-53.255,-193.947,-29.997
94.995,goal,-53.211,-194.033,-29.997
95.029,goal,-53.166,-194.118,-29.997
95.063,goal,-53.111,-194.225,-29.997
95.095,goal,-53.066,-194.311,-29.998
95.129,goal,-53.022,-194.396,-29.998
95.163,goal,-52.977,-194.482,-29.998
95.195,goal,-52.932,-194.568,-29.998
95.229,goal,-52.887,-194.654,-29.998
95.263,goal,-52.831,-194.761,-29.998
95.295,goal,-52.785,-194.847,-29.998
95.329,goal,-52.740,-194.933,-29.998
95.363,goal,-52.695,-195.018,-29.997
95.395,goal,-52.650,-195.104,-29.997
95.429,goal,-52.605,-195.189,-29.997
95.463,goal,-52.549,-195.296,-29.997
95.495,goal,-52.503,-195.382,-29.997
95.529,goal,-52.458,-195.467,-29.997
95.563,goal,-52.413,-195.552,-29.997
95.595,goal,-52.368,-195.637,-29.997
95.629,goal,-52.323,-195.723,-29.997
95.663,goal,-52.267,-195.829,-29.998
95.695,goal,-52.222,-195.914,-29.998
95.729,goal,-52.177,-195.999,-29.998
95.763,goal,-52.132,-196.084,-29.999
95.795,goal,-52.087,-196.169,-29.999
95.829,goal,-52.042,-196.254,-29.999
95.863,goal,-51.986,-196.360,-30.000
95.895,goal,-51.940,-196.445,-30.000
95.929,goal,-51.895,-196.530,-30.000
95.963,goal,-51.850,-196.615,-30.000
95.995,goal,-51.804,-196.700,-30.000
96.029,goal,-51.759,-196.785,-30.000
96.063,goal,-51.702,-196.891,-30.000
96.095,goal,-51.657,-196.976,-30.000
96.129,goal,-51.611,-197.060,-30.000
96.163,goal,-51.565,-197.145,-30.000
96.195,goal,-51.519,-197.230,-29.999
96.229,goal,-51.473,-197.314,-29.999
96.263,goal,-51.416,-197.420,-29.999
96.295,goal,-51.369,-197.505,-29.999
96.329,goal,-51.323,-197.589,-29.999
96.363,goal,-51.276,-197.674,-29.999
96.395,goal,-51.230,-197.758,-29.999
96.429,goal,-51.183,-197.843,-29.999
96.463,goal,-51.124,-197.948,-29.999
96.495,goal,-51.077,-198.033,-30.000
96.529,goal,-51.030,-198.117,-30.000
96.563,goal,-50.984,-198.202,-30.000
96.595,goal,-50.937,-198.287,-30.001
96.629,goal,-50.890,-198.372,-30.001
96.663,goal,-50.831,-198.478,-30.001
96.695,goal,-50.784,-198.563,-30.002
96.729,goal,-50.737,-198.648,-30.002
96.763,goal,-50.690,-198.734,-30.002
96.795,goal,-50.643,-198.819,-30.002
96.829,goal,-50.596,-198.905,-30.002
96.863,goal,-50.538,-199.012,-30.002
96.895,goal,-50.491,-199.097,-30.002
96.929,goal,-50.444,-199.183,-30.002
96.963,goal,-50.398,-199.268,-30.002
96.995,goal,-50.351,-199.354,-30.001
97.029,goal,-50.305,-199.439,-30.001
97.063,goal,-50.247,-199.546,-30.001
97.095,goal,-50.200,-199.632,-30.001
97.129,goal,-50.154,-199.717,-30.000
97.163,goal,-50.108,-199.803,-30.000
97.195,goal,-50.061,-199.888,-30.000
97.229,goal,-50.015,-199.973,-30.000
97.263,goal,-49.957,-200.080,-29.999
97.295,goal,-49.911,-200.166,-29.999
97.329,goal,-49.865,-200.251,-29.999
97.363,goal,-49.819,-200.337,-29.999
97.395,goal,-49.773,-200.422,-29.999
97.429,goal,-49.727,-200.508,-29.999
97.463,goal,-49.669,-200.615,-29.999
97.495,goal,-49.623,-200.700,-29.998
97.529,goal,-49.577,-200.785,-29.998
97.563,goal,-49.531,-200.871,-29.998
97.595,goal,-49.485,-200.956,-29.998
97.629,goal,-49.439,-201.042,-29.999
97.663,goal,-49.381,-201.148,-29.999
97.695,goal,-49.335,-201.234,-29.999
97.729,goal,-49.289,-201.319,-29.999
97.763,goal,-49.244,-201.405,-30.000
97.795,goal,-49.198,-201.490,-30.000
97.829,goal,-49.152,-201.576,-30.000
97.863,goal,-49.095,-201.683,-29.999
97.895,goal,-49.050,-201.769,-29.999
97.929,goal,-49.004,-201.854,-29.999
97.963,goal,-48.958,-201.940,-29.999
97.995,goal,-48.913,-202.026,-29.998
98.029,goal,-48.867,-202.112,-29.998
98.063,goal,-48.809,-202.219,-29.997
98.095,goal,-48.763,-202.304,-29.996
98.129,goal,-48.717,-202.390,-29.996
98.163,goal,-48.671,-202.476,-29.995
98.195,goal,-48.625,-202.562,-29.995
98.229,goal,-48.579,-202.648,-29.994
98.263,goal,-48.521,-202.756,-29.994
98.295,goal,-48.475,-202.842,-29.993
98.329,goal,-48.429,-202.928,-29.993
98.363,goal,-48.382,-203.014,-29.992
98.395,goal,-48.336,-203.100,-29.992
98.429,goal,-48.290,-203.187,-29.992
98.463,goal,-48.232,-203.295,-29.991
98.495,goal,-48.186,-203.381,-29.991
98.529,goal,-48.140,-203.467,-29.990
98.563,goal,-48.094,-203.553,-29.989
98.595,goal,-48.048,-203.639,-29.989
98.629,goal,-48.002,-203.726,-29.988
98.663,goal,-47.945,-203.834,-29.987
98.695,goal,-47.899,-203.920,-29.986
98.729,goal,-47.854,-204.007,-29.985
98.763,goal,-47.808,-204.093,-29.984
98.795,goal,-47.762,-204.179,-29.983
98.829,goal,-47.716,-204.266,-29.982
98.863,goal,-47.659,-204.374,-29.980
98.895,goal,-47.613,-204.460,-29.979
98.929,goal,-47.567,-204.547,-29.978
98.961,goal,-47.521,-204.633,-29.978
98.995,goal,-47.475,-204.720,-29.977
99.029,goal,-47.429,-204.806,-29.976
99.061,goal,-47.383,-204.893,-29.975
99.095,goal,-47.325,-205.001,-29.974
99.129,goal,-47.279,-205.088,-29.974
99.161,goal,-47.233,-205.174,-29.973
99.195,goal,-47.186,-205.261,-29.972
99.229,goal,-47.140,-205.348,-29.972
99.261,goal,-47.094,-205.435,-29.972
99.295,goal,-47.036,-205.544,-29.971
99.329,goal,-46.990,-205.630,-29.971
99.361,goal,-46.944,-205.717,-29.971
99.395,goal,-46.898,-205.804,-29.971
99.429,goal,-46.852,-205.891,-29.971
99.461,goal,-46.806,-205.977,-29.971
99.495,goal,-46.749,-206.085,-29.971
99.529,goal,-46.703,-206.171,-29.971
99.561,goal,-46.657,-206.258,-29.971
99.595,goal,-46.611,-206.344,-29.971
99.629,goal,-46.565,-206.430,-29.972
99.661,goal,-46.519,-206.516,-29.972
99.695,goal,-46.461,-206.623,-29.972
99.729,goal,-46.415,-206.709,-29.972
99.761,goal,-46.369,-206.795,-29.972
99.795,goal,-46.323,-206.881,-29.972
99.829,goal,-46.277,-206.966,-29.973
99.861,goal,-46.231,-207.052,-29.973
99.895,goal,-46.174,-207.159,-29.973
99.929,goal,-46.128,-207.245,-29.974
99.961,goal,-46.081,-207.330,-29.974
99.995,goal,-46.035,-207.416,-29.974
100.029,goal,-45.989,-207.501,-29.974
100.061,goal,-45.943,-207.587,-29.975
100.095,goal,-45.886,-207.693,-29.975
100.129,goal,-45.840,-207.779,-29.975
100.161,goal,-45.794,-207.864,-29.974
100.195,goal,-45.748,-207.949,-29.974
100.230,goal,-45.702,-208.035,-29.974
100.262,goal,-45.656,-208.120,-29.974
100.296,goal,-45.599,-208.227,-29.974
100.330,goal,-45.554,-208.312,-29.974
100.362,goal,-45.509,-208.397,-29.973
100.396,goal,-45.464,-208.483,-29.973
100.430,goal,-45.419,-208.568,-29.973
100.462,goal,-45.374,-208.653,-29.973
100.496,goal,-45.318,-208.759,-29.972
100.530,goal,-45.274,-208.844,-29.972
100.562,goal,-45.230,-208.929,-29.972
100.596,goal,-45.186,-209.014,-29.972
100.630,goal,-45.142,-209.099,-29.972
100.662,goal,-45.099,-209.184,-29.972
100.696,goal,-45.044,-209.290,-29.972
100.730,goal,-45.001,-209.376,-29.973
100.762,goal,-44.958,-209.461,-29.973
100.796,goal,-44.914,-209.546,-29.974
100.830,goal,-44.871,-209.632,-29.974
100.862,goal,-44.828,-209.717,-29.975
100.896,goal,-44.774,-209.824,-29.975
100.930,goal,-44.731,-209.910,-29.976
100.962,goal,-44.688,-209.996,-29.976
100.996,goal,-44.644,-210.082,-29.977
101.030,goal,-44.601,-210.167,-29.977
101.062,goal,-44.558,-210.253,-29.978
101.096,goal,-44.504,-210.361,-29.979
101.146,goal,-44.461,-210.447,-29.979
101.180,goal,-44.418,-210.533,-29.980
101.214,goal,-44.375,-210.619,-29.980
101.246,goal,-44.332,-210.705,-29.981
101.280,goal,-44.289,-210.791,-29.981
101.314,goal,-44.235,-210.899,-29.981
101.346,goal,-44.193,-210.985,-29.981
101.380,goal,-44.150,-211.071,-29.982
101.414,goal,-44.107,-211.158,-29.982
101.446,goal,-44.064,-211.244,-29.982
101.480,goal,-44.021,-211.331,-29.982
101.514,goal,-43.967,-211.439,-29.981
101.546,goal,-43.924,-211.526,-29.981
101.580,goal,-43.881,-211.612,-29.981
101.614,goal,-43.838,-211.699,-29.981
101.646,goal,-43.794,-211.786,-29.981
101.680,goal,-43.751,-211.873,-29.981
101.714,goal,-43.697,-211.982,-29.981
101.746,goal,-43.653,-212.070,-29.980
101.780,goal,-43.609,-212.157,-29.980
101.814,goal,-43.566,-212.244,-29.979
101.846,goal,-43.522,-212.332,-29.979
101.880,goal,-43.479,-212.419,-29.979
101.914,goal,-43.424,-212.528,-29.978
101.946,goal,-43.381,-212.615,-29.978
101.980,goal,-43.337,-212.702,-29.978
102.014,goal,-43.293,-212.790,-29.977
102.046,goal,-43.250,-212.877,-29.977
102.080,goal,-43.206,-212.964,-29.977
102.114,goal,-43.152,-213.072,-29.977
102.146,goal,-43.109,-213.159,-29.977
102.180,goal,-43.065,-213.246,-29.977
102.214,goal,-43.022,-213.332,-29.977
102.246,goal,-42.979,-213.419,-29.978
102.280,goal,-42.936,-213.505,-29.978
102.314,goal,-42.882,-213.614,-29.978
102.346,goal,-42.840,-213.700,-29.979
102.380,goal,-42.797,-213.787,-29.979
102.414,goal,-42.754,-213.874,-29.979
102.446,goal,-42.711,-213.961,-29.979
102.480,goal,-42.668,-214.048,-29.979
102.514,goal,-42.614,-214.157,-29.979
102.546,goal,-42.571,-214.243,-29.979
102.580,goal,-42.528,-214.330,-29.979
102.614,goal,-42.485,-214.417,-29.980
102.646,goal,-42.441,-214.504,-29.980
102.680,goal,-42.398,-214.591,-29.980
102.714,goal,-42.345,-214.700,-29.980
102.746,goal,-42.302,-214.787,-29.980
102.780,goal,-42.259,-214.875,-29.981
102.814,goal,-42.216,-214.962,-29.981
102.846,goal,-42.174,-215.049,-29.981
102.880,goal,-42.131,-215.137,-29.981
102.914,goal,-42.078,-215.246,-29.981
102.946,goal,-42.035,-215.333,-29.981
102.980,goal,-41.993,-215.421,-29.981
103.014,goal,-41.950,-215.508,-29.981
103.046,goal,-41.908,-215.596,-29.981
103.080,goal,-41.865,-215.683,-29.981
103.114,goal,-41.813,-215.793,-29.980
103.146,goal,-41.771,-215.880,-29.980
103.180,goal,-41.729,-215.968,-29.980
103.214,goal,-41.687,-216.055,-29.979
103.246,goal,-41.645,-216.143,-29.979
103.280,goal,-41.603,-216.230,-29.979
103.314,goal,-41.551,-216.339,-29.978
103.346,goal,-41.510,-216.426,-29.978
103.380,goal,-41.468,-216.514,-29.977
103.414,goal,-41.427,-216.601,-29.977
103.446,goal,-41.385,-216.687,-29.976
103.480,goal,-41.344,-216.774,-29.976
103.514,goal,-41.292,-216.882,-29.975
103.546,goal,-41.251,-216.969,-29.975
103.580,goal,-41.209,-217.056,-29.974
103.614,goal,-41.168,-217.142,-29.974
103.646,goal,-41.126,-217.228,-29.974
103.680,goal,-41.084,-217.315,-29.973
103.714,goal,-41.032,-217.423,-29.973
103.746,goal,-40.990,-217.509,-29.973
103.780,goal,-40.948,-217.595,-29.973
103.814,goal,-40.906,-217.682,-29.973
103.846,goal,-40.864,-217.768,-29.973
103.880,goal,-40.823,-217.854,-29.973
103.914,goal,-40.770,-217.962,-29.973
103.946,goal,-40.729,-218.049,-29.973
103.980,goal,-40.687,-218.135,-29.973
104.014,goal,-40.645,-218.221,-29.973
104.046,goal,-40.604,-218.308,-29.973
104.080,goal,-40.562,-218.394,-29.973
104.114,goal,-40.510,-218.503,-29.973
104.146,goal,-40.469,-218.589,-29.973
104.180,goal,-40.427,-218.676,-29.973
104.214,goal,-40.386,-218.762,-29.973
104.246,goal,-40.344,-218.849,-29.972
104.280,goal,-40.303,-218.936,-29.972
104.314,goal,-40.250,-219.044,-29.972
104.346,goal,-40.208,-219.131,-29.972
104.380,goal,-40.166,-219.217,-29.972
104.414,goal,-40.124,-219.304,-29.972
104.447,goal,-40.082,-219.391,-29.971
104.481,goal,-40.040,-219.478,-29.971
104.515,goal,-39.988,-219.586,-29.971
104.547,goal,-39.946,-219.673,-29.971
104.583,goal,-39.904,-219.760,-29.971
104.617,goal,-39.862,-219.847,-29.970
104.649,goal,-39.820,-219.933,-29.970
104.683,goal,-39.778,-220.020,-29.970
104.717,goal,-39.725,-220.128,-29.970
104.749,goal,-39.683,-220.215,-29.971
104.783,goal,-39.641,-220.302,-29.971
104.817,goal,-39.599,-220.389,-29.971
104.849,goal,-39.557,-220.475,-29.971
104.883,goal,-39.515,-220.562,-29.971
104.917,goal,-39.463,-220.670,-29.971
104.949,goal,-39.421,-220.757,-29.971
104.983,goal,-39.379,-220.844,-29.971
105.017,goal,-39.336,-220.930,-29.972
105.049,goal,-39.294,-221.017,-29.972
105.083,goal,-39.252,-221.104,-29.971
105.117,goal,-39.200,-221.212,-29.971
105.149,goal,-39.158,-221.299,-29.971
105.183,goal,-39.116,-221.386,-29.971
105.217,goal,-39.074,-221.472,-29.971
105.249,goal,-39.033,-221.559,-29.971
105.283,goal,-38.991,-221.646,-29.971
105.317,goal,-38.939,-221.754,-29.970
105.349,goal,-38.897,-221.841,-29.970
105.383,goal,-38.855,-221.928,-29.970
105.417,goal,-38.813,-222.015,-29.970
105.449,goal,-38.772,-222.102,-29.970
105.483,goal,-38.730,-222.189,-29.970
105.517,goal,-38.678,-222.298,-29.970
105.549,goal,-38.637,-222.385,-29.970
105.583,goal,-38.595,-222.473,-29.970
105.617,goal,-38.554,-222.560,-29.970
105.649,goal,-38.512,-222.647,-29.971
105.683,goal,-38.471,-222.734,-29.971
105.717,goal,-38.419,-222.844,-29.971
105.749,goal,-38.378,-222.931,-29.971
105.783,goal,-38.337,-223.018,-29.971
105.817,goal,-38.296,-223.105,-29.971
105.849,goal,-38.254,-223.192,-29.972
105.883,goal,-38.213,-223.279,-29.972
105.917,goal,-38.162,-223.388,-29.972
105.949,goal,-38.121,-223.475,-29.972
105.983,goal,-38.080,-223.563,-29.972
106.017,goal,-38.040,-223.650,-29.972
106.049,goal,-37.999,-223.737,-29.972
106.083,goal,-37.958,-223.824,-29.972
106.117,goal,-37.907,-223.933,-29.972
106.149,goal,-37.866,-224.020,-29.973
106.183,goal,-37.826,-224.107,-29.973
106.217,goal,-37.785,-224.194,-29.973
106.249,goal,-37.744,-224.281,-29.974
106.283,goal,-37.703,-224.367,-29.974
106.317,goal,-37.653,-224.476,-29.975
106.349,goal,-37.612,-224.563,-29.975
106.383,goal,-37.571,-224.650,-29.976
106.417,goal,-37.530,-224.736,-29.976
106.449,goal,-37.489,-224.823,-29.976
106.483,goal,-37.449,-224.910,-29.977
106.517,goal,-37.397,-225.019,-29.977
106.549,goal,-37.357,-225.106,-29.978
106.583,goal,-37.316,-225.193,-29.978
106.617,goal,-37.275,-225.280,-29.978
106.649,goal,-37.235,-225.367,-29.979
106.683,goal,-37.194,-225.454,-29.979
106.717,goal,-37.143,-225.562,-29.980
106.749,goal,-37.102,-225.649,-29.980
106.783,goal,-37.062,-225.736,-29.980
106.817,goal,-37.021,-225.823,-29.980
106.849,goal,-36.980,-225.909,-29.981
106.883,goal,-36.940,-225.996,-29.981
106.917,goal,-36.889,-226.104,-29.981
106.949,goal,-36.848,-226.191,-29.981
106.983,goal,-36.807,-226.277,-29.981
107.017,goal,-36.766,-226.364,-29.981
107.049,goal,-36.725,-226.450,-29.981
107.083,goal,-36.684,-226.536,-29.980
107.117,goal,-36.632,-226.644,-29.980
107.149,goal,-36.591,-226.730,-29.979
107.183,goal,-36.549,-226.816,-29.979
107.217,goal,-36.507,-226.902,-29.979
107.249,goal,-36.466,-226.989,-29.978
107.283,goal,-36.424,-227.075,-29.978
107.317,goal,-36.371,-227.182,-29.977
107.349,goal,-36.328,-227.268,-29.977
107.383,goal,-36.286,-227.354,-29.976
107.417,goal,-36.244,-227.440,-29.976
107.449,goal,-36.201,-227.527,-29.976
107.483,goal,-36.159,-227.613,-29.976
107.517,goal,-36.105,-227.721,-29.976
107.549,goal,-36.063,-227.807,-29.976
107.583,goal,-36.020,-227.893,-29.976
107.617,goal,-35.977,-227.979,-29.976
107.649,goal,-35.934,-228.066,-29.977
107.683,goal,-35.892,-228.152,-29.977
107.717,goal,-35.838,-228.260,-29.978
107.749,goal,-35.796,-228.347,-29.978
107.783,goal,-35.753,-228.433,-29.978
107.817,goal,-35.711,-228.520,-29.979
107.849,goal,-35.668,-228.607,-29.979
107.883,goal,-35.626,-228.694,-29.980
107.917,goal,-35.573,-228.803,-29.980
107.949,goal,-35.531,-228.890,-29.980
107.983,goal,-35.489,-228.977,-29.980
108.017,goal,-35.447,-229.064,-29.980
108.049,goal,-35.406,-229.151,-29.980
108.083,goal,-35.364,-229.238,-29.980
108.117,goal,-35.312,-229.347,-29.980
108.149,goal,-35.271,-229.435,-29.980
108.183,goal,-35.229,-229.522,-29.980
108.217,goal,-35.188,-229.609,-29.980
108.249,goal,-35.147,-229.696,-29.980
108.283,goal,-35.106,-229.783,-29.981
108.317,goal,-35.055,-229.892,-29.981
108.349,goal,-35.014,-229.979,-29.982
108.383,goal,-34.973,-230.066,-29.982
108.417,goal,-34.932,-230.154,-29.982
108.449,goal,-34.892,-230.241,-29.983
108.483,goal,-34.851,-230.328,-29.983
108.517,goal,-34.800,-230.437,-29.984
108.549,goal,-34.760,-230.524,-29.984
108.583,goal,-34.719,-230.612,-29.985
108.617,goal,-34.679,-230.699,-29.985
108.649,goal,-34.639,-230.786,-29.986
108.683,goal,-34.599,-230.874,-29.987
108.717,goal,-34.550,-230.983,-29.987
108.749,goal,-34.510,-231.070,-29.988
108.783,goal,-34.470,-231.157,-29.989
108.817,goal,-34.430,-231.244,-29.990
108.849,goal,-34.391,-231.331,-29.991
108.883,goal,-34.351,-231.419,-29.992
108.917,goal,-34.302,-231.528,-29.992
108.949,goal,-34.262,-231.615,-29.993
108.983,goal,-34.222,-231.703,-29.994
109.017,goal,-34.182,-231.790,-29.994
109.049,goal,-34.143,-231.878,-29.995
109.083,goal,-34.103,-231.966,-29.995
109.117,goal,-34.053,-232.076,-29.995
109.149,goal,-34.013,-232.164,-29.996
109.183,goal,-33.973,-232.252,-29.996
109.217,goal,-33.932,-232.340,-29.996
109.249,goal,-33.892,-232.428,-29.996
109.283,goal,-33.852,-232.516,-29.996
109.317,goal,-33.802,-232.626,-29.996
109.349,goal,-33.762,-232.714,-29.996
109.383,goal,-33.722,-232.803,-29.997
109.417,goal,-33.682,-232.891,-29.997
109.449,goal,-33.641,-232.979,-29.997
109.483,goal,-33.601,-233.067,-29.997
109.517,goal,-33.551,-233.178,-29.997
109.549,goal,-33.511,-233.266,-29.997
109.583,goal,-33.472,-233.354,-29.997
109.617,goal,-33.432,-233.442,-29.997
109.649,goal,-33.392,-233.530,-29.996
109.683,goal,-33.353,-233.618,-29.996
109.717,goal,-33.303,-233.727,-29.995
109.749,goal,-33.264,-233.815,-29.995
109.783,goal,-33.224,-233.903,-29.994
109.817,goal,-33.185,-233.991,-29.993
109.849,goal,-33.146,-234.079,-29.993
109.883,goal,-33.107,-234.166,-29.992
109.917,goal,-33.058,-234.276,-29.991
109.949,goal,-33.019,-234.364,-29.991
109.983,goal,-32.980,-234.452,-29.990
110.017,goal,-32.941,-234.540,-29.989
110.049,goal,-32.902,-234.628,-29.988
110.083,goal,-32.863,-234.716,-29.987
110.117,goal,-32.814,-234.826,-29.986
110.149,goal,-32.775,-234.914,-29.986
110.183,goal,-32.736,-235.002,-29.985
110.217,goal,-32.697,-235.090,-29.984
110.249,goal,-32.658,-235.178,-29.983
110.283,goal,-32.619,-235.266,-29.982
110.317,goal,-32.570,-235.375,-29.981
110.349,goal,-32.531,-235.463,-29.981
110.383,goal,-32.491,-235.551,-29.980
110.417,goal,-32.452,-235.638,-29.979
110.449,goal,-32.412,-235.726,-29.978
110.483,goal,-32.372,-235.813,-29.978
110.517,goal,-32.321,-235.923,-29.977
110.549,goal,-32.281,-236.010,-29.977
110.583,goal,-32.240,-236.097,-29.977
110.617,goal,-32.200,-236.184,-29.976
110.649,goal,-32.159,-236.272,-29.976
110.683,goal,-32.118,-236.359,-29.976
110.717,goal,-32.067,-236.468,-29.976
110.749,goal,-32.026,-236.555,-29.976
110.783,goal,-31.985,-236.642,-29.976
110.817,goal,-31.944,-236.729,-29.976
110.849,goal,-31.903,-236.817,-29.976
110.883,goal,-31.862,-236.904,-29.977
110.917,goal,-31.811,-237.012,-29.977
110.949,goal,-31.770,-237.099,-29.977
110.983,goal,-31.730,-237.186,-29.977
111.017,goal,-31.689,-237.273,-29.978
111.049,goal,-31.649,-237.360,-29.978
111.083,goal,-31.608,-237.447,-29.978
111.117,goal,-31.558,-237.556,-29.979
111.149,goal,-31.517,-237.642,-29.979
111.183,goal,-31.477,-237.729,-29.980
111.217,goal,-31.436,-237.816,-29.980
111.249,goal,-31.396,-237.902,-29.981
111.283,goal,-31.356,-237.989,-29.981
111.317,approach,-31.305,-238.097,-29.981
111.349,approach,-31.265,-238.183,-29.982
111.383,approach,-31.224,-238.269,-29.982
111.417,approach,-31.184,-238.355,-29.979
111.449,approach,-31.144,-238.441,-29.969
111.483,approach,-31.104,-238.527,-29.953
111.517,approach,-31.054,-238.633,-29.923
111.549,approach,-31.014,-238.717,-29.893
111.583,approach,-30.975,-238.801,-29.857
111.617,approach,-30.935,-238.885,-29.816
111.649,approach,-30.896,-238.968,-29.772
111.683,approach,-30.858,-239.050,-29.725
111.717,approach,-30.810,-239.151,-29.664
111.749,approach,-30.772,-239.230,-29.612
111.783,approach,-30.735,-239.309,-29.560
111.817,approach,-30.698,-239.386,-29.507
111.849,approach,-30.662,-239.461,-29.453
111.883,approach,-30.627,-239.535,-29.399
111.917,approach,-30.584,-239.625,-29.331
111.949,approach,-30.551,-239.695,-29.277
111.983,approach,-30.519,-239.763,-29.222
112.017,approach,-30.487,-239.829,-29.168
112.049,approach,-30.457,-239.894,-29.114
112.083,approach,-30.427,-239.956,-29.061
112.117,approach,-30.392,-240.030,-28.993
112.149,approach,-30.364,-240.087,-28.940
112.183,approach,-30.338,-240.143,-28.887
112.217,approach,-30.312,-240.195,-28.833
112.249,approach,-30.288,-240.246,-28.780
112.283,approach,-30.264,-240.295,-28.727
112.317,approach,-30.236,-240.352,-28.661
112.349,approach,-30.215,-240.395,-28.608
112.383,approach,-30.195,-240.436,-28.555
112.417,approach,-30.176,-240.475,-28.502
112.449,approach,-30.157,-240.512,-28.450
112.483,approach,-30.140,-240.547,-28.397
112.517,approach,-30.120,-240.587,-28.332
112.549,approach,-30.104,-240.617,-28.280
112.583,approach,-30.090,-240.645,-28.228
112.617,approach,-30.077,-240.671,-28.176
112.649,approach,-30.064,-240.695,-28.124
112.683,approach,-30.052,-240.717,-28.073
112.717,approach,-30.038,-240.742,-28.009
112.749,approach,-30.028,-240.760,-27.957
112.783,approach,-30.019,-240.777,-27.906
112.817,approach,-30.011,-240.792,-27.856
112.849,approach,-30.003,-240.806,-27.805
112.883,approach,-29.996,-240.817,-27.754
112.917,approach,-29.989,-240.830,-27.691
112.949,approach,-29.983,-240.839,-27.640
112.983,approach,-29.979,-240.847,-27.589
113.017,approach,-29.975,-240.853,-27.539
113.049,approach,-29.971,-240.858,-27.488
113.083,approach,-29.968,-240.862,-27.438
113.117,approach,-29.965,-240.866,-27.375
113.149,approach,-29.964,-240.868,-27.325
113.183,approach,-29.962,-240.869,-27.275
113.217,approach,-29.961,-240.870,-27.225
113.249,approach,-29.961,-240.870,-27.175
113.283,approach,-29.960,-240.869,-27.125
113.317,approach,-29.960,-240.867,-27.063
113.350,approach,-29.960,-240.865,-27.013
113.384,approach,-29.961,-240.862,-26.963
113.418,approach,-29.961,-240.859,-26.914
113.450,approach,-29.962,-240.856,-26.864
113.484,approach,-29.963,-240.852,-26.815
113.518,approach,-29.965,-240.847,-26.753
113.550,approach,-29.967,-240.843,-26.704
113.584,approach,-29.969,-240.839,-26.655
113.618,approach,-29.971,-240.834,-26.606
113.650,approach,-29.973,-240.830,-26.557
113.684,approach,-29.976,-240.825,-26.508
113.718,approach,-29.980,-240.818,-26.447
113.750,approach,-29.983,-240.813,-26.398
113.784,approach,-29.986,-240.808,-26.350
113.818,approach,-29.990,-240.803,-26.301
113.850,approach,-29.994,-240.798,-26.253
113.884,approach,-29.998,-240.792,-26.205
113.918,approach,-30.003,-240.786,-26.144
113.950,approach,-30.007,-240.781,-26.096
113.984,approach,-30.011,-240.775,-26.048
114.018,approach,-30.015,-240.770,-26.000
114.050,approach,-30.020,-240.765,-25.951
114.084,approach,-30.024,-240.760,-25.903
114.118,approach,-30.029,-240.754,-25.843
114.150,approach,-30.033,-240.749,-25.795
114.184,approach,-30.037,-240.744,-25.747
114.218,approach,-30.040,-240.740,-25.699
114.250,approach,-30.044,-240.735,-25.651
114.284,approach,-30.048,-240.731,-25.602
114.318,approach,-30.052,-240.726,-25.542
114.350,approach,-30.056,-240.722,-25.494
114.384,approach,-30.059,-240.719,-25.446
114.418,approach,-30.062,-240.715,-25.397
114.450,approach,-30.066,-240.712,-25.349
114.484,approach,-30.069,-240.709,-25.300
114.518,approach,-30.073,-240.705,-25.239
114.550,approach,-30.076,-240.703,-25.191
114.584,approach,-30.078,-240.700,-25.142
114.618,approach,-30.081,-240.698,-25.094
114.650,approach,-30.083,-240.696,-25.045
114.684,approach,-30.086,-240.694,-24.997
114.718,approach,-30.088,-240.691,-24.936
114.750,approach,-30.090,-240.690,-24.887
114.784,approach,-30.092,-240.688,-24.839
114.818,approach,-30.094,-240.687,-24.790
114.850,approach,-30.095,-240.686,-24.742
114.884,approach,-30.097,-240.685,-24.693
114.918,approach,-30.099,-240.683,-24.632
114.950,approach,-30.100,-240.682,-24.584
114.984,approach,-30.101,-240.681,-24.536
115.018,approach,-30.102,-240.680,-24.487
115.050,approach,-30.103,-240.679,-24.439
115.084,approach,-30.104,-240.678,-24.390
115.118,approach,-30.105,-240.677,-24.330
115.150,approach,-30.106,-240.676,-24.281
115.184,approach,-30.107,-240.675,-24.233
115.218,approach,-30.108,-240.675,-24.184
115.250,approach,-30.108,-240.674,-24.136
115.284,approach,-30.109,-240.673,-24.087
115.318,approach,-30.111,-240.672,-24.026
115.350,approach,-30.111,-240.671,-23.978
115.384,approach,-30.112,-240.670,-23.929
115.418,approach,-30.113,-240.669,-23.881
115.450,approach,-30.114,-240.668,-23.832
115.484,approach,-30.115,-240.668,-23.783
115.518,approach,-30.116,-240.666,-23.723
115.550,approach,-30.117,-240.666,-23.674
115.584,approach,-30.117,-240.665,-23.625
115.618,approach,-30.118,-240.664,-23.577
115.650,approach,-30.118,-240.663,-23.528
115.684,approach,-30.119,-240.661,-23.480
115.719,approach,-30.120,-240.660,-23.419
115.750,approach,-30.120,-240.658,-23.370
115.784,approach,-30.120,-240.656,-23.321
115.818,approach,-30.121,-240.655,-23.273
115.850,approach,-30.121,-240.653,-23.224
115.884,approach,-30.121,-240.651,-23.176
115.918,approach,-30.121,-240.649,-23.115
115.950,approach,-30.122,-240.647,-23.067
115.985,approach,-30.122,-240.645,-23.018
116.019,approach,-30.122,-240.643,-22.970
116.051,approach,-30.122,-240.642,-22.922
116.085,approach,-30.122,-240.640,-22.873
116.119,approach,-30.123,-240.638,-22.813
116.151,approach,-30.123,-240.636,-22.764
116.185,approach,-30.123,-240.635,-22.716
116.219,approach,-30.123,-240.633,-22.668
116.251,approach,-30.124,-240.632,-22.619
116.285,approach,-30.124,-240.630,-22.571
116.319,approach,-30.125,-240.629,-22.511
116.351,approach,-30.125,-240.628,-22.463
116.386,approach,-30.125,-240.626,-22.415
116.419,approach,-30.126,-240.625,-22.367
116.451,approach,-30.126,-240.624,-22.319
116.486,approach,-30.127,-240.623,-22.271
116.520,approach,-30.128,-240.622,-22.211
116.552,approach,-30.128,-240.621,-22.163
116.586,approach,-30.129,-240.620,-22.114
116.620,approach,-30.130,-240.618,-22.066
116.652,approach,-30.130,-240.617,-22.018
116.686,approach,-30.131,-240.616,-21.970
116.720,approach,-30.131,-240.614,-21.910
116.752,approach,-30.132,-240.613,-21.862
116.786,approach,-30.132,-240.612,-21.814
116.820,approach,-30.132,-240.610,-21.766
116.852,approach,-30.132,-240.609,-21.718
116.886,approach,-30.133,-240.607,-21.670
116.920,approach,-30.133,-240.605,-21.610
116.952,approach,-30.133,-240.604,-21.562
116.986,approach,-30.133,-240.602,-21.514
117.020,approach,-30.133,-240.601,-21.466
117.052,approach,-30.133,-240.599,-21.418
117.086,approach,-30.133,-240.598,-21.370
117.120,approach,-30.133,-240.597,-21.310
117.152,approach,-30.133,-240.596,-21.261
117.186,approach,-30.133,-240.595,-21.213
117.220,approach,-30.133,-240.594,-21.165
117.252,approach,-30.133,-240.593,-21.117
117.286,approach,-30.133,-240.592,-21.069
117.320,approach,-30.133,-240.591,-21.009
117.352,approach,-30.133,-240.590,-20.960
117.386,approach,-30.133,-240.589,-20.912
117.420,approach,-30.133,-240.587,-20.864
117.452,approach,-30.134,-240.586,-20.815
117.486,approach,-30.134,-240.585,-20.767
117.520,approach,-30.135,-240.584,-20.707
117.552,approach,-30.135,-240.582,-20.658
117.586,approach,-30.135,-240.581,-20.610
117.620,approach,-30.136,-240.581,-20.562
117.652,approach,-30.136,-240.580,-20.513
117.686,approach,-30.137,-240.579,-20.465
117.720,approach,-30.137,-240.579,-20.404
117.752,approach,-30.138,-240.579,-20.356
117.786,approach,-30.138,-240.579,-20.307
117.820,approach,-30.138,-240.579,-20.259
117.852,approach,-30.138,-240.579,-20.211
117.886,approach,-30.139,-240.580,-20.162
117.920,approach,-30.139,-240.581,-20.102
117.952,approach,-30.139,-240.581,-20.053
117.986,approach,-30.139,-240.582,-20.005
118.020,approach,-30.139,-240.583,-19.957
118.052,approach,-30.139,-240.584,-19.908
118.086,approach,-30.139,-240.585,-19.860
118.120,approach,-30.140,-240.586,-19.800
118.152,approach,-30.140,-240.587,-19.751
118.186,approach,-30.140,-240.588,-19.703
118.220,approach,-30.141,-240.589,-19.655
118.252,approach,-30.141,-240.589,-19.606
118.286,approach,-30.141,-240.590,-19.558
118.320,approach,-30.142,-240.590,-19.497
118.352,approach,-30.142,-240.591,-19.449
118.386,approach,-30.143,-240.591,-19.401
118.420,approach,-30.143,-240.591,-19.352
118.452,approach,-30.144,-240.590,-19.304
118.486,approach,-30.144,-240.590,-19.256
118.520,approach,-30.145,-240.590,-19.196
118.552,approach,-30.145,-240.590,-19.148
118.587,approach,-30.146,-240.590,-19.100
118.620,approach,-30.147,-240.590,-19.052
118.652,approach,-30.147,-240.589,-19.004
118.686,approach,-30.148,-240.589,-18.956
118.720,approach,-30.148,-240.588,-18.896
118.752,approach,-30.148,-240.588,-18.848
118.786,approach,-30.149,-240.587,-18.800
118.820,approach,-30.149,-240.587,-18.753
118.852,approach,-30.149,-240.587,-18.705
118.886,approach,-30.149,-240.586,-18.658
118.920,approach,-30.148,-240.586,-18.598
118.952,approach,-30.148,-240.585,-18.551
118.986,approach,-30.147,-240.585,-18.503
119.020,approach,-30.146,-240.584,-18.456
119.052,approach,-30.146,-240.584,-18.409
119.086,approach,-30.145,-240.584,-18.361
119.120,approach,-30.144,-240.583,-18.302
119.152,approach,-30.143,-240.583,-18.255
119.186,approach,-30.141,-240.583,-18.208
119.220,approach,-30.140,-240.583,-18.161
119.252,approach,-30.139,-240.583,-18.114
119.286,approach,-30.138,-240.584,-18.066
119.320,approach,-30.136,-240.584,-18.007
119.352,approach,-30.135,-240.585,-17.960
119.386,approach,-30.134,-240.585,-17.913
119.420,approach,-30.132,-240.586,-17.865
119.452,approach,-30.131,-240.587,-17.818
119.486,approach,-30.130,-240.587,-17.771
119.520,approach,-30.129,-240.588,-17.711
119.552,approach,-30.128,-240.589,-17.664
119.586,approach,-30.127,-240.589,-17.616
119.620,approach,-30.126,-240.590,-17.568
119.652,approach,-30.125,-240.591,-17.521
119.686,approach,-30.124,-240.592,-17.473
119.720,approach,-30.123,-240.593,-17.413
119.752,approach,-30.122,-240.593,-17.366
119.786,approach,-30.121,-240.594,-17.318
119.820,approach,-30.120,-240.595,-17.270
119.852,approach,-30.119,-240.595,-17.223
119.886,approach,-30.118,-240.596,-17.175
119.920,approach,-30.117,-240.596,-17.115
119.952,approach,-30.116,-240.597,-17.068
119.986,approach,-30.115,-240.597,-17.020
120.020,approach,-30.115,-240.597,-16.972
120.052,approach,-30.114,-240.598,-16.925
120.086,approach,-30.113,-240.598,-16.877
120.120,approach,-30.112,-240.598,-16.817
120.152,approach,-30.112,-240.598,-16.769
120.186,approach,-30.111,-240.598,-16.722
120.220,approach,-30.111,-240.598,-16.674
120.252,approach,-30.110,-240.598,-16.626
120.286,approach,-30.109,-240.598,-16.578
120.320,approach,-30.108,-240.598,-16.519
120.352,approach,-30.108,-240.598,-16.471
120.386,approach,-30.107,-240.598,-16.423
120.420,approach,-30.107,-240.598,-16.375
120.452,approach,-30.106,-240.598,-16.327
120.486,approach,-30.105,-240.598,-16.280
120.520,approach,-30.105,-240.598,-16.220
120.552,approach,-30.105,-240.599,-16.172
120.586,approach,-30.104,-240.599,-16.124
120.620,approach,-30.104,-240.598,-16.076
120.652,approach,-30.104,-240.598,-16.028
120.686,approach,-30.104,-240.598,-15.980
120.720,approach,-30.104,-240.598,-15.920
120.752,approach,-30.104,-240.597,-15.872
120.786,approach,-30.104,-240.597,-15.824
120.820,approach,-30.105,-240.597,-15.776
120.852,approach,-30.105,-240.597,-15.728
120.886,approach,-30.105,-240.597,-15.680
120.920,approach,-30.105,-240.597,-15.620
120.952,approach,-30.105,-240.597,-15.571
120.986,approach,-30.105,-240.597,-15.523
121.020,approach,-30.105,-240.596,-15.474
121.052,approach,-30.105,-240.596,-15.426
121.086,approach,-30.105,-240.595,-15.377
121.120,approach,-30.105,-240.595,-15.316
121.152,approach,-30.105,-240.594,-15.267
121.186,approach,-30.105,-240.593,-15.218
121.220,approach,-30.105,-240.593,-15.169
121.252,approach,-30.106,-240.592,-15.120
121.286,approach,-30.106,-240.592,-15.071
121.320,approach,-30.106,-240.592,-15.010
121.352,approach,-30.106,-240.591,-14.962
121.386,approach,-30.106,-240.591,-14.913
121.420,approach,-30.106,-240.591,-14.865
121.452,approach,-30.106,-240.591,-14.816
121.486,approach,-30.106,-240.591,-14.768
121.520,approach,-30.107,-240.591,-14.708
121.552,approach,-30.107,-240.591,-14.659
121.586,approach,-30.107,-240.591,-14.611
121.620,approach,-30.107,-240.592,-14.563
121.652,approach,-30.107,-240.592,-14.515
121.686,approach,-30.107,-240.592,-14.467
121.720,approach,-30.107,-240.593,-14.407
121.752,approach,-30.107,-240.593,-14.359
121.786,approach,-30.107,-240.594,-14.311
121.820,approach,-30.107,-240.594,-14.263
121.852,approach,-30.108,-240.595,-14.216
121.886,approach,-30.108,-240.595,-14.168
121.920,approach,-30.108,-240.596,-14.109
121.952,approach,-30.108,-240.597,-14.061
121.986,approach,-30.108,-240.598,-14.013
122.020,approach,-30.109,-240.600,-13.966
122.052,approach,-30.109,-240.601,-13.918
122.086,approach,-30.109,-240.602,-13.870
122.120,approach,-30.109,-240.604,-13.811
122.152,approach,-30.109,-240.605,-13.764
122.186,approach,-30.109,-240.606,-13.716
122.220,approach,-30.109,-240.607,-13.669
122.252,approach,-30.109,-240.608,-13.621
122.286,approach,-30.109,-240.609,-13.573
122.320,approach,-30.109,-240.610,-13.514
122.352,approach,-30.108,-240.612,-13.466
122.386,approach,-30.108,-240.613,-13.419
122.420,approach,-30.108,-240.613,-13.371
122.452,approach,-30.107,-240.614,-13.324
122.486,approach,-30.107,-240.615,-13.276
122.520,approach,-30.106,-240.615,-13.217
122.552,approach,-30.106,-240.616,-13.170
122.586,approach,-30.105,-240.616,-13.122
122.620,approach,-30.105,-240.616,-13.075
122.652,approach,-30.104,-240.616,-13.027
122.686,approach,-30.104,-240.616,-12.980
122.721,approach,-30.104,-240.616,-12.920
122.753,approach,-30.104,-240.616,-12.873
122.789,approach,-30.103,-240.616,-12.825
122.822,approach,-30.103,-240.616,-12.778
122.854,approach,-30.104,-240.616,-12.730
122.888,approach,-30.104,-240.617,-12.683
122.922,approach,-30.105,-240.617,-12.623
122.954,approach,-30.105,-240.618,-12.575
122.988,approach,-30.106,-240.618,-12.527
123.022,approach,-30.106,-240.618,-12.480
123.054,approach,-30.107,-240.619,-12.432
123.088,approach,-30.107,-240.619,-12.384
123.122,approach,-30.108,-240.620,-12.324
123.154,approach,-30.109,-240.620,-12.276
123.188,approach,-30.109,-240.621,-12.228
123.222,approach,-30.110,-240.621,-12.180
123.254,approach,-30.110,-240.622,-12.132
123.288,approach,-30.111,-240.622,-12.084
123.322,approach,-30.112,-240.623,-12.024
123.354,approach,-30.112,-240.623,-11.976
123.388,approach,-30.113,-240.624,-11.928
123.422,approach,-30.113,-240.624,-11.880
123.454,approach,-30.113,-240.625,-11.832
123.488,approach,-30.113,-240.625,-11.784
123.522,approach,-30.112,-240.626,-11.725
123.554,approach,-30.112,-240.626,-11.677
123.588,approach,-30.112,-240.627,-11.629
123.622,approach,-30.111,-240.627,-11.581
123.654,approach,-30.111,-240.628,-11.534
123.688,approach,-30.110,-240.628,-11.486
123.722,approach,-30.110,-240.629,-11.426
123.754,approach,-30.109,-240.630,-11.378
123.788,approach,-30.109,-240.630,-11.331
123.822,approach,-30.108,-240.630,-11.283
123.854,approach,-30.107,-240.631,-11.236
123.888,approach,-30.107,-240.631,-11.188
123.923,approach,-30.106,-240.632,-11.129
123.955,approach,-30.105,-240.632,-11.082
123.989,approach,-30.104,-240.633,-11.034
124.023,approach,-30.104,-240.633,-10.987
124.055,approach,-30.103,-240.633,-10.940
124.089,approach,-30.102,-240.634,-10.892
124.123,approach,-30.102,-240.634,-10.833
124.155,approach,-30.101,-240.634,-10.785
124.189,approach,-30.100,-240.634,-10.737
124.223,approach,-30.100,-240.635,-10.690
124.255,approach,-30.099,-240.635,-10.642
124.289,approach,-30.099,-240.635,-10.595
124.323,approach,-30.098,-240.636,-10.535
124.355,approach,-30.098,-240.636,-10.488
124.389,approach,-30.097,-240.637,-10.440
124.423,approach,-30.096,-240.638,-10.392
124.455,approach,-30.096,-240.638,-10.344
124.489,approach,-30.095,-240.639,-10.296
124.523,approach,-30.094,-240.640,-10.237
124.555,approach,-30.093,-240.641,-10.189
124.589,approach,-30.092,-240.641,-10.141
124.623,approach,-30.092,-240.642,-10.094
124.655,approach,-30.091,-240.643,-10.046
124.689,approach,-30.090,-240.643,-9.998
124.723,approach,-30.089,-240.644,-9.938
124.755,approach,-30.088,-240.644,-9.890
124.789,approach,-30.087,-240.645,-9.842
124.823,approach,-30.087,-240.646,-9.794
124.855,approach,-30.086,-240.646,-9.746
124.889,approach,-30.086,-240.647,-9.697
124.923,approach,-30.086,-240.648,-9.637
124.955,approach,-30.085,-240.649,-9.589
124.989,approach,-30.085,-240.650,-9.541
125.023,approach,-30.085,-240.651,-9.493
125.056,approach,-30.085,-240.652,-9.445
125.090,approach,-30.085,-240.652,-9.397
125.124,approach,-30.085,-240.654,-9.337
125.157,approach,-30.085,-240.655,-9.288
125.190,approach,-30.085,-240.656,-9.240
125.224,approach,-30.085,-240.657,-9.192
125.256,approach,-30.085,-240.658,-9.143
125.290,approach,-30.086,-240.659,-9.094
125.324,approach,-30.086,-240.660,-9.034
125.356,approach,-30.086,-240.661,-8.985
125.390,approach,-30.087,-240.662,-8.936
125.424,approach,-30.087,-240.663,-8.888
125.456,approach,-30.088,-240.663,-8.839
125.491,approach,-30.088,-240.664,-8.790
125.524,approach,-30.089,-240.665,-8.730
125.557,approach,-30.089,-240.665,-8.681
125.590,approach,-30.090,-240.666,-8.632
125.624,approach,-30.090,-240.666,-8.583
125.657,approach,-30.091,-240.667,-8.534
125.690,approach,-30.091,-240.667,-8.486
125.724,approach,-30.092,-240.667,-8.425
125.756,approach,-30.093,-240.668,-8.377
125.790,approach,-30.094,-240.668,-8.329
125.824,approach,-30.095,-240.668,-8.280
125.856,approach,-30.096,-240.669,-8.232
125.890,approach,-30.097,-240.669,-8.184
125.924,approach,-30.097,-240.670,-8.124
125.956,approach,-30.098,-240.670,-8.076
125.990,approach,-30.099,-240.671,-8.027
126.024,approach,-30.099,-240.672,-7.979
126.056,approach,-30.099,-240.672,-7.931
126.090,approach,-30.099,-240.673,-7.883
126.124,approach,-30.100,-240.674,-7.822
126.157,approach,-30.100,-240.675,-7.773
126.190,approach,-30.100,-240.676,-7.725
126.224,approach,-30.100,-240.677,-7.676
126.256,approach,-30.100,-240.678,-7.628
126.291,approach,-30.099,-240.679,-7.580
126.325,approach,-30.099,-240.680,-7.519
126.356,approach,-30.099,-240.681,-7.471
126.390,approach,-30.098,-240.682,-7.423
126.424,approach,-30.098,-240.683,-7.375
126.456,approach,-30.097,-240.684,-7.326
126.490,approach,-30.097,-240.684,-7.278
126.524,approach,-30.096,-240.685,-7.218
126.556,approach,-30.095,-240.686,-7.170
126.590,approach,-30.095,-240.687,-7.122
126.624,approach,-30.094,-240.688,-7.074
126.656,approach,-30.093,-240.688,-7.026
126.690,approach,-30.093,-240.689,-6.977
126.724,approach,-30.091,-240.689,-6.917
126.756,approach,-30.090,-240.690,-6.869
126.790,approach,-30.090,-240.690,-6.821
126.824,approach,-30.089,-240.690,-6.773
126.856,approach,-30.088,-240.691,-6.724
126.890,approach,-30.087,-240.691,-6.676
126.924,approach,-30.086,-240.691,-6.616
126.956,approach,-30.085,-240.691,-6.567
126.990,approach,-30.085,-240.692,-6.519
127.024,approach,-30.084,-240.692,-6.471
127.056,approach,-30.083,-240.692,-6.423
127.090,approach,-30.083,-240.692,-6.376
127.124,approach,-30.082,-240.692,-6.316
127.156,approach,-30.081,-240.692,-6.268
127.190,approach,-30.080,-240.691,-6.221
127.224,approach,-30.079,-240.691,-6.173
127.256,approach,-30.078,-240.691,-6.126
127.290,approach,-30.078,-240.691,-6.078
127.324,approach,-30.077,-240.691,-6.019
127.356,approach,-30.076,-240.690,-5.971
127.390,approach,-30.076,-240.690,-5.923
127.424,approach,-30.076,-240.690,-5.876
127.456,approach,-30.076,-240.690,-5.828
127.490,approach,-30.075,-240.689,-5.781
127.524,approach,-30.075,-240.689,-5.721
127.556,approach,-30.075,-240.688,-5.674
127.590,approach,-30.075,-240.687,-5.626
127.624,approach,-30.075,-240.687,-5.579
127.656,approach,-30.075,-240.686,-5.531
127.690,approach,-30.075,-240.684,-5.483
127.725,approach,-30.075,-240.683,-5.424
127.757,approach,-30.075,-240.682,-5.376
127.791,approach,-30.076,-240.680,-5.328
127.826,approach,-30.075,-240.679,-5.280
127.857,approach,-30.075,-240.678,-5.232
127.891,approach,-30.075,-240.677,-5.184
127.925,approach,-30.075,-240.675,-5.123
127.957,approach,-30.075,-240.674,-5.075
127.991,approach,-30.075,-240.673,-5.027
128.025,approach,-30.075,-240.672,-4.978
128.057,approach,-30.075,-240.671,-4.930
128.092,approach,-30.075,-240.670,-4.881
128.125,approach,-30.074,-240.668,-4.821
128.157,approach,-30.074,-240.667,-4.772
128.191,approach,-30.074,-240.665,-4.724
128.225,approach,-30.074,-240.664,-4.675
128.257,approach,-30.074,-240.663,-4.626
128.291,approach,-30.074,-240.662,-4.578
128.325,approach,-30.074,-240.660,-4.517
128.357,approach,-30.074,-240.659,-4.469
128.391,approach,-30.074,-240.658,-4.420
128.425,approach,-30.074,-240.657,-4.371
128.457,approach,-30.074,-240.656,-4.322
128.491,approach,-30.074,-240.655,-4.274
128.526,approach,-30.073,-240.653,-4.213
128.557,approach,-30.073,-240.653,-4.164
128.591,approach,-30.073,-240.652,-4.115
128.625,approach,-30.072,-240.652,-4.067
128.657,approach,-30.072,-240.651,-4.018
128.692,approach,-30.071,-240.651,-3.970
128.725,approach,-30.070,-240.651,-3.909
128.757,approach,-30.069,-240.651,-3.860
128.791,approach,-30.069,-240.651,-3.812
128.825,approach,-30.068,-240.652,-3.763
128.858,approach,-30.067,-240.652,-3.715
128.891,approach,-30.066,-240.653,-3.667
128.925,approach,-30.065,-240.653,-3.606
128.957,approach,-30.065,-240.654,-3.558
128.991,approach,-30.064,-240.654,-3.510
129.026,approach,-30.063,-240.655,-3.462
129.057,approach,-30.063,-240.655,-3.413
129.091,approach,-30.062,-240.656,-3.365
129.125,approach,-30.062,-240.657,-3.305
129.157,approach,-30.062,-240.658,-3.257
129.192,approach,-30.061,-240.659,-3.208
129.227,approach,-30.061,-240.660,-3.160
129.258,approach,-30.061,-240.661,-3.111
129.292,approach,-30.061,-240.662,-3.063
129.326,approach,-30.061,-240.664,-3.002
129.359,approach,-30.061,-240.665,-2.954
129.392,approach,-30.061,-240.666,-2.905
129.426,approach,-30.061,-240.667,-2.857
129.458,approach,-30.061,-240.668,-2.809
129.492,approach,-30.061,-240.669,-2.760
129.526,approach,-30.061,-240.670,-2.700
129.558,approach,-30.062,-240.670,-2.651
129.592,approach,-30.062,-240.671,-2.603
129.627,approach,-30.062,-240.672,-2.555
129.658,approach,-30.063,-240.672,-2.506
129.692,approach,-30.064,-240.673,-2.458
129.726,approach,-30.065,-240.674,-2.398
129.758,approach,-30.065,-240.674,-2.349
129.792,approach,-30.067,-240.674,-2.301
129.827,approach,-30.068,-240.675,-2.252
129.858,approach,-30.069,-240.675,-2.204
129.892,approach,-30.070,-240.675,-2.155
129.927,approach,-30.071,-240.675,-2.094
129.958,approach,-30.072,-240.675,-2.046
129.992,approach,-30.073,-240.675,-1.999
130.026,approach,-30.074,-240.676,-1.952
130.058,approach,-30.075,-240.676,-1.906
130.092,approach,-30.076,-240.676,-1.861
130.126,approach,-30.077,-240.676,-1.807
130.158,approach,-30.077,-240.676,-1.766
130.192,approach,-30.078,-240.677,-1.725
130.226,approach,-30.078,-240.677,-1.687
130.258,approach,-30.078,-240.677,-1.650
