elapsed_sec,phase,north_m,east_m,down_m
0.016,takeoff,0.033,0.010,0.046
0.050,takeoff,0.034,0.010,0.045
0.082,takeoff,0.036,0.009,0.045
0.116,takeoff,0.038,0.009,0.045
0.150,takeoff,0.039,0.009,0.046
0.182,takeoff,0.040,0.009,0.046
0.216,takeoff,0.041,0.008,0.046
0.250,takeoff,0.042,0.008,0.046
0.282,takeoff,0.043,0.008,0.046
0.317,takeoff,0.044,0.008,0.046
0.351,takeoff,0.044,0.007,0.046
0.383,takeoff,0.045,0.007,0.047
0.417,takeoff,0.045,0.007,0.047
0.451,takeoff,0.045,0.007,0.047
0.484,takeoff,0.046,0.006,0.047
0.517,takeoff,0.046,0.006,0.048
0.551,takeoff,0.046,0.006,0.048
0.583,takeoff,0.045,0.005,0.048
0.617,takeoff,0.045,0.005,0.048
0.652,takeoff,0.045,0.004,0.048
0.684,takeoff,0.044,0.004,0.047
0.717,takeoff,0.043,0.003,0.047
0.751,takeoff,0.043,0.002,0.047
0.783,takeoff,0.042,0.002,0.047
0.818,takeoff,0.041,0.001,0.046
0.851,takeoff,0.040,0.001,0.046
0.883,takeoff,0.040,0.000,0.046
0.917,takeoff,0.039,-0.000,0.046
0.951,takeoff,0.038,-0.001,0.046
0.984,takeoff,0.037,-0.001,0.046
1.017,takeoff,0.036,-0.001,0.046
1.051,takeoff,0.036,-0.001,0.046
1.083,takeoff,0.035,-0.001,0.045
1.118,takeoff,0.034,-0.001,0.044
1.151,takeoff,0.033,-0.001,0.044
1.183,takeoff,0.033,-0.002,0.043
1.217,takeoff,0.032,-0.002,0.043
1.251,takeoff,0.031,-0.003,0.042
1.283,takeoff,0.029,-0.003,0.041
1.317,takeoff,0.028,-0.004,0.040
1.351,takeoff,0.026,-0.005,0.039
1.383,takeoff,0.025,-0.005,0.038
1.417,takeoff,0.023,-0.006,0.037
1.451,takeoff,0.022,-0.006,0.037
1.483,takeoff,0.020,-0.006,0.036
1.518,takeoff,0.018,-0.007,0.035
1.551,takeoff,0.017,-0.007,0.035
1.584,takeoff,0.015,-0.007,0.034
1.618,takeoff,0.014,-0.008,0.034
1.652,takeoff,0.012,-0.008,0.033
1.684,takeoff,0.011,-0.008,0.033
1.718,takeoff,0.009,-0.008,0.032
1.752,takeoff,0.008,-0.008,0.032
1.784,takeoff,0.007,-0.008,0.032
1.818,takeoff,0.006,-0.008,0.032
1.853,takeoff,0.005,-0.009,0.032
1.884,takeoff,0.004,-0.009,0.032
1.920,takeoff,0.003,-0.009,0.032
1.954,takeoff,0.002,-0.010,0.031
1.986,takeoff,0.002,-0.010,0.031
2.020,takeoff,0.001,-0.011,0.031
2.056,takeoff,0.001,-0.011,0.031
2.088,takeoff,0.001,-0.011,0.031
2.122,takeoff,0.001,-0.011,0.031
2.156,takeoff,0.000,-0.011,0.030
2.188,takeoff,-0.000,-0.012,0.029
2.222,takeoff,-0.001,-0.012,0.027
2.256,takeoff,-0.001,-0.012,0.024
2.288,takeoff,-0.002,-0.013,0.020
2.322,takeoff,-0.003,-0.013,0.012
2.356,takeoff,-0.004,-0.012,0.003
2.388,takeoff,-0.005,-0.012,-0.008
2.422,takeoff,-0.007,-0.011,-0.022
2.456,takeoff,-0.008,-0.010,-0.038
2.488,takeoff,-0.009,-0.008,-0.056
2.522,takeoff,-0.011,-0.005,-0.083
2.557,takeoff,-0.013,-0.003,-0.107
2.588,takeoff,-0.015,0.000,-0.134
2.622,takeoff,-0.016,0.004,-0.164
2.656,takeoff,-0.018,0.008,-0.196
2.688,takeoff,-0.020,0.012,-0.232
2.722,takeoff,-0.022,0.017,-0.279
2.756,takeoff,-0.023,0.021,-0.320
2.788,takeoff,-0.025,0.026,-0.364
2.822,takeoff,-0.027,0.030,-0.410
2.856,takeoff,-0.028,0.035,-0.459
2.888,takeoff,-0.029,0.040,-0.510
2.922,takeoff,-0.031,0.046,-0.578
2.956,takeoff,-0.032,0.050,-0.635
2.988,takeoff,-0.033,0.055,-0.694
3.022,takeoff,-0.034,0.059,-0.756
3.056,takeoff,-0.035,0.063,-0.820
3.088,takeoff,-0.036,0.067,-0.887
3.122,takeoff,-0.036,0.072,-0.974
3.156,takeoff,-0.036,0.075,-1.047
3.188,takeoff,-0.037,0.078,-1.122
3.222,takeoff,-0.037,0.081,-1.199
3.256,takeoff,-0.037,0.083,-1.277
3.288,takeoff,-0.037,0.086,-1.357
3.322,takeoff,-0.037,0.088,-1.458
3.356,takeoff,-0.038,0.089,-1.540
3.388,takeoff,-0.038,0.091,-1.622
3.422,takeoff,-0.038,0.092,-1.705
3.456,takeoff,-0.039,0.093,-1.789
3.488,takeoff,-0.039,0.093,-1.872
3.522,takeoff,-0.040,0.093,-1.977
3.556,takeoff,-0.041,0.093,-2.061
3.588,takeoff,-0.041,0.093,-2.145
3.622,takeoff,-0.042,0.092,-2.230
3.656,takeoff,-0.043,0.091,-2.314
3.688,takeoff,-0.044,0.090,-2.399
3.722,takeoff,-0.046,0.088,-2.504
3.756,takeoff,-0.047,0.087,-2.589
3.788,takeoff,-0.048,0.085,-2.674
3.822,takeoff,-0.050,0.083,-2.758
3.856,takeoff,-0.052,0.081,-2.843
3.888,takeoff,-0.054,0.079,-2.928
3.922,takeoff,-0.056,0.076,-3.034
3.956,takeoff,-0.059,0.074,-3.120
3.988,takeoff,-0.061,0.072,-3.205
4.022,takeoff,-0.063,0.070,-3.291
4.056,takeoff,-0.066,0.067,-3.376
4.088,takeoff,-0.068,0.065,-3.462
4.122,takeoff,-0.072,0.062,-3.569
4.156,takeoff,-0.074,0.060,-3.656
4.188,takeoff,-0.077,0.058,-3.742
4.222,takeoff,-0.079,0.056,-3.828
4.256,takeoff,-0.081,0.054,-3.915
4.288,takeoff,-0.083,0.051,-4.001
4.322,takeoff,-0.086,0.048,-4.110
4.356,takeoff,-0.088,0.046,-4.197
4.388,takeoff,-0.091,0.043,-4.284
4.422,takeoff,-0.093,0.041,-4.371
4.456,takeoff,-0.095,0.039,-4.458
4.488,takeoff,-0.097,0.036,-4.545
4.522,takeoff,-0.099,0.033,-4.654
4.556,takeoff,-0.101,0.031,-4.741
4.588,takeoff,-0.103,0.029,-4.829
4.622,takeoff,-0.105,0.027,-4.917
4.656,takeoff,-0.106,0.024,-5.005
4.690,takeoff,-0.108,0.022,-5.093
4.724,takeoff,-0.109,0.019,-5.203
4.758,takeoff,-0.111,0.017,-5.292
4.790,takeoff,-0.112,0.014,-5.380
4.824,takeoff,-0.113,0.012,-5.469
4.858,takeoff,-0.113,0.010,-5.557
4.890,takeoff,-0.114,0.007,-5.646
4.924,takeoff,-0.115,0.004,-5.757
4.958,takeoff,-0.115,0.002,-5.846
4.990,takeoff,-0.115,0.000,-5.935
5.024,takeoff,-0.116,-0.002,-6.024
5.058,takeoff,-0.116,-0.004,-6.113
5.090,takeoff,-0.116,-0.006,-6.202
5.124,takeoff,-0.115,-0.009,-6.314
5.158,takeoff,-0.114,-0.011,-6.403
5.190,takeoff,-0.114,-0.013,-6.493
5.224,takeoff,-0.112,-0.015,-6.582
5.258,takeoff,-0.111,-0.018,-6.672
5.290,takeoff,-0.110,-0.020,-6.762
5.324,takeoff,-0.108,-0.023,-6.875
5.358,takeoff,-0.106,-0.025,-6.965
5.390,takeoff,-0.104,-0.027,-7.055
5.424,takeoff,-0.102,-0.030,-7.146
5.458,takeoff,-0.100,-0.032,-7.236
5.490,takeoff,-0.098,-0.035,-7.327
5.524,takeoff,-0.095,-0.038,-7.440
5.558,takeoff,-0.093,-0.040,-7.530
5.590,takeoff,-0.091,-0.043,-7.621
5.624,takeoff,-0.089,-0.045,-7.711
5.658,takeoff,-0.087,-0.047,-7.802
5.690,takeoff,-0.085,-0.049,-7.893
5.724,takeoff,-0.082,-0.052,-8.006
5.758,takeoff,-0.080,-0.054,-8.097
5.790,takeoff,-0.078,-0.056,-8.187
5.824,takeoff,-0.075,-0.057,-8.278
5.858,takeoff,-0.073,-0.059,-8.368
5.891,takeoff,-0.071,-0.061,-8.459
5.925,takeoff,-0.067,-0.063,-8.573
5.959,takeoff,-0.065,-0.065,-8.663
5.991,takeoff,-0.062,-0.066,-8.754
6.025,takeoff,-0.060,-0.068,-8.845
6.059,takeoff,-0.057,-0.070,-8.935
6.091,takeoff,-0.054,-0.071,-9.026
6.125,takeoff,-0.051,-0.073,-9.140
6.159,takeoff,-0.048,-0.074,-9.230
6.191,takeoff,-0.045,-0.075,-9.321
6.225,takeoff,-0.042,-0.076,-9.412
6.259,takeoff,-0.039,-0.077,-9.504
6.291,takeoff,-0.037,-0.077,-9.595
6.325,takeoff,-0.033,-0.078,-9.709
6.359,takeoff,-0.030,-0.078,-9.801
6.391,takeoff,-0.028,-0.079,-9.892
6.425,takeoff,-0.025,-0.079,-9.984
6.459,takeoff,-0.023,-0.079,-10.076
6.491,takeoff,-0.020,-0.079,-10.167
6.525,takeoff,-0.017,-0.080,-10.282
6.559,takeoff,-0.014,-0.080,-10.374
6.591,takeoff,-0.012,-0.080,-10.466
6.625,takeoff,-0.009,-0.080,-10.558
6.659,takeoff,-0.007,-0.080,-10.650
6.692,takeoff,-0.005,-0.080,-10.742
6.726,takeoff,-0.002,-0.079,-10.857
6.760,takeoff,-0.000,-0.079,-10.949
6.792,takeoff,0.002,-0.078,-11.041
6.826,takeoff,0.003,-0.077,-11.133
6.860,takeoff,0.005,-0.077,-11.226
6.892,takeoff,0.007,-0.076,-11.318
6.926,takeoff,0.009,-0.074,-11.433
6.960,takeoff,0.010,-0.073,-11.526
6.992,takeoff,0.012,-0.072,-11.618
7.026,takeoff,0.013,-0.071,-11.711
7.060,takeoff,0.014,-0.069,-11.804
7.092,takeoff,0.015,-0.068,-11.896
7.126,takeoff,0.017,-0.065,-12.012
7.160,takeoff,0.017,-0.064,-12.105
7.192,takeoff,0.018,-0.062,-12.197
7.226,takeoff,0.019,-0.060,-12.290
7.260,takeoff,0.019,-0.058,-12.382
7.292,takeoff,0.020,-0.055,-12.475
7.326,takeoff,0.020,-0.052,-12.591
7.360,takeoff,0.021,-0.050,-12.683
7.392,takeoff,0.021,-0.048,-12.776
7.426,takeoff,0.021,-0.045,-12.869
7.460,takeoff,0.021,-0.042,-12.961
7.493,takeoff,0.021,-0.040,-13.054
7.528,takeoff,0.022,-0.037,-13.170
7.562,takeoff,0.022,-0.034,-13.263
7.595,takeoff,0.022,-0.031,-13.356
7.628,takeoff,0.022,-0.028,-13.449
7.662,takeoff,0.023,-0.025,-13.541
7.694,takeoff,0.023,-0.022,-13.634
7.736,takeoff,0.023,-0.019,-13.750
7.776,takeoff,0.024,-0.016,-13.844
7.810,takeoff,0.024,-0.013,-13.937
7.842,takeoff,0.025,-0.010,-14.030
7.876,takeoff,0.025,-0.007,-14.123
7.911,takeoff,0.025,-0.005,-14.217
7.943,takeoff,0.025,-0.002,-14.310
7.977,takeoff,0.025,0.000,-14.427
8.011,takeoff,0.026,0.002,-14.521
8.043,takeoff,0.026,0.004,-14.614
8.077,takeoff,0.026,0.006,-14.708
8.111,takeoff,0.026,0.007,-14.801
8.143,takeoff,0.026,0.009,-14.894
8.177,takeoff,0.026,0.010,-15.011
8.211,takeoff,0.026,0.011,-15.104
8.243,takeoff,0.026,0.012,-15.197
8.277,takeoff,0.026,0.013,-15.290
8.311,takeoff,0.025,0.014,-15.384
8.343,takeoff,0.025,0.015,-15.477
8.377,takeoff,0.024,0.016,-15.594
8.411,takeoff,0.024,0.016,-15.687
8.443,takeoff,0.023,0.017,-15.780
8.477,takeoff,0.022,0.017,-15.874
8.511,takeoff,0.021,0.018,-15.967
8.543,takeoff,0.020,0.018,-16.060
8.577,takeoff,0.019,0.019,-16.177
8.611,takeoff,0.018,0.019,-16.271
8.643,takeoff,0.017,0.019,-16.364
8.677,takeoff,0.016,0.020,-16.458
8.711,takeoff,0.015,0.020,-16.551
8.743,takeoff,0.014,0.020,-16.645
8.777,takeoff,0.012,0.020,-16.762
8.811,takeoff,0.011,0.020,-16.856
8.843,takeoff,0.010,0.020,-16.950
8.877,takeoff,0.008,0.020,-17.043
8.911,takeoff,0.007,0.020,-17.137
8.943,takeoff,0.006,0.020,-17.231
8.977,takeoff,0.004,0.020,-17.349
9.022,takeoff,0.002,0.020,-17.443
9.054,takeoff,0.001,0.020,-17.538
9.088,takeoff,-0.001,0.021,-17.632
9.122,takeoff,-0.002,0.021,-17.726
9.154,takeoff,-0.003,0.021,-17.821
9.188,takeoff,-0.005,0.022,-17.939
9.222,takeoff,-0.006,0.023,-18.034
9.254,takeoff,-0.008,0.023,-18.128
9.288,takeoff,-0.009,0.024,-18.223
9.322,takeoff,-0.010,0.024,-18.317
9.354,takeoff,-0.011,0.025,-18.412
9.388,takeoff,-0.012,0.025,-18.530
9.422,takeoff,-0.013,0.025,-18.625
9.454,takeoff,-0.014,0.026,-18.719
9.488,takeoff,-0.015,0.026,-18.814
9.522,takeoff,-0.017,0.026,-18.909
9.554,takeoff,-0.018,0.027,-19.004
9.588,takeoff,-0.019,0.027,-19.122
9.622,takeoff,-0.020,0.028,-19.217
9.654,takeoff,-0.021,0.028,-19.311
9.688,takeoff,-0.022,0.028,-19.406
9.722,takeoff,-0.023,0.029,-19.501
9.754,takeoff,-0.024,0.029,-19.595
9.788,takeoff,-0.026,0.030,-19.713
9.822,takeoff,-0.027,0.030,-19.808
9.854,takeoff,-0.028,0.031,-19.902
9.888,takeoff,-0.029,0.031,-19.997
9.922,takeoff,-0.030,0.032,-20.091
9.954,takeoff,-0.031,0.032,-20.186
9.988,takeoff,-0.032,0.032,-20.304
10.022,takeoff,-0.033,0.032,-20.399
10.054,takeoff,-0.034,0.032,-20.493
10.088,takeoff,-0.034,0.032,-20.588
10.122,takeoff,-0.035,0.032,-20.682
10.154,takeoff,-0.036,0.032,-20.777
10.188,takeoff,-0.036,0.032,-20.895
10.222,takeoff,-0.037,0.032,-20.989
10.254,takeoff,-0.037,0.031,-21.084
10.288,takeoff,-0.037,0.031,-21.178
10.322,takeoff,-0.038,0.030,-21.273
10.354,takeoff,-0.038,0.030,-21.367
10.388,takeoff,-0.038,0.029,-21.486
10.422,takeoff,-0.038,0.028,-21.580
10.454,takeoff,-0.037,0.027,-21.674
10.488,takeoff,-0.037,0.026,-21.769
10.522,takeoff,-0.037,0.025,-21.863
10.554,takeoff,-0.036,0.024,-21.957
10.588,takeoff,-0.036,0.022,-22.075
10.622,takeoff,-0.035,0.021,-22.170
10.654,takeoff,-0.035,0.019,-22.264
10.688,takeoff,-0.034,0.018,-22.358
10.722,takeoff,-0.033,0.016,-22.453
10.754,takeoff,-0.033,0.014,-22.547
10.788,takeoff,-0.032,0.012,-22.666
10.822,takeoff,-0.031,0.010,-22.760
10.855,takeoff,-0.031,0.009,-22.855
10.889,takeoff,-0.030,0.007,-22.949
10.923,takeoff,-0.030,0.005,-23.044
10.955,takeoff,-0.029,0.004,-23.138
10.989,takeoff,-0.029,0.002,-23.256
11.023,takeoff,-0.028,0.000,-23.351
11.055,takeoff,-0.028,-0.001,-23.445
11.089,takeoff,-0.028,-0.002,-23.540
11.123,takeoff,-0.027,-0.004,-23.634
11.155,takeoff,-0.027,-0.005,-23.729
11.189,takeoff,-0.027,-0.006,-23.847
11.223,takeoff,-0.027,-0.008,-23.941
11.256,takeoff,-0.026,-0.009,-24.036
11.290,takeoff,-0.026,-0.010,-24.130
11.324,takeoff,-0.026,-0.011,-24.225
11.356,takeoff,-0.027,-0.012,-24.319
11.390,takeoff,-0.027,-0.013,-24.437
11.424,takeoff,-0.028,-0.014,-24.532
11.456,takeoff,-0.028,-0.014,-24.627
11.490,takeoff,-0.029,-0.015,-24.721
11.524,takeoff,-0.029,-0.015,-24.816
11.556,takeoff,-0.030,-0.016,-24.911
11.590,takeoff,-0.031,-0.016,-25.029
11.624,takeoff,-0.031,-0.016,-25.123
11.656,takeoff,-0.032,-0.016,-25.218
11.690,takeoff,-0.033,-0.016,-25.313
11.724,takeoff,-0.033,-0.015,-25.407
11.757,takeoff,-0.034,-0.015,-25.502
11.790,takeoff,-0.034,-0.014,-25.620
11.824,takeoff,-0.035,-0.013,-25.714
11.856,takeoff,-0.035,-0.012,-25.809
11.890,takeoff,-0.036,-0.011,-25.903
11.924,takeoff,-0.037,-0.010,-25.998
11.956,takeoff,-0.037,-0.010,-26.093
11.990,takeoff,-0.038,-0.009,-26.211
12.024,takeoff,-0.039,-0.008,-26.306
12.056,takeoff,-0.040,-0.007,-26.401
12.090,takeoff,-0.041,-0.007,-26.496
12.124,takeoff,-0.042,-0.006,-26.591
12.156,takeoff,-0.043,-0.005,-26.686
12.190,takeoff,-0.044,-0.005,-26.806
12.224,takeoff,-0.045,-0.004,-26.901
12.256,takeoff,-0.046,-0.004,-26.996
12.290,takeoff,-0.047,-0.004,-27.091
12.324,takeoff,-0.048,-0.003,-27.187
12.356,takeoff,-0.048,-0.003,-27.281
12.390,takeoff,-0.049,-0.003,-27.398
12.424,takeoff,-0.050,-0.003,-27.489
12.456,takeoff,-0.051,-0.003,-27.579
12.490,takeoff,-0.051,-0.003,-27.666
12.524,takeoff,-0.052,-0.003,-27.750
12.556,takeoff,-0.052,-0.003,-27.831
12.590,takeoff,-0.053,-0.003,-27.929
12.624,takeoff,-0.054,-0.003,-28.004
12.656,takeoff,-0.054,-0.003,-28.076
12.690,takeoff,-0.055,-0.003,-28.145
12.724,takeoff,-0.055,-0.003,-28.211
12.756,takeoff,-0.056,-0.004,-28.274
12.790,takeoff,-0.057,-0.004,-28.349
12.824,takeoff,-0.057,-0.004,-28.406
12.856,takeoff,-0.057,-0.005,-28.461
12.890,takeoff,-0.058,-0.005,-28.513
12.924,waypoint_1,-0.058,-0.006,-28.563
12.956,waypoint_1,-0.058,-0.006,-28.610
12.990,waypoint_1,-0.058,-0.007,-28.668
13.024,waypoint_1,-0.058,-0.007,-28.713
13.056,waypoint_1,-0.058,-0.008,-28.758
13.090,waypoint_1,-0.058,-0.010,-28.803
13.124,waypoint_1,-0.058,-0.013,-28.847
13.156,waypoint_1,-0.059,-0.018,-28.890
13.190,waypoint_1,-0.060,-0.028,-28.941
13.224,waypoint_1,-0.062,-0.039,-28.980
13.256,waypoint_1,-0.066,-0.052,-29.017
13.290,waypoint_1,-0.070,-0.070,-29.052
13.324,waypoint_1,-0.077,-0.090,-29.085
13.356,waypoint_1,-0.084,-0.114,-29.116
13.390,waypoint_1,-0.096,-0.149,-29.151
13.424,waypoint_1,-0.108,-0.181,-29.178
13.456,waypoint_1,-0.122,-0.216,-29.202
13.490,waypoint_1,-0.139,-0.255,-29.225
13.524,waypoint_1,-0.158,-0.297,-29.246
13.556,waypoint_1,-0.179,-0.341,-29.266
13.590,waypoint_1,-0.210,-0.402,-29.289
13.625,waypoint_1,-0.237,-0.452,-29.306
13.657,waypoint_1,-0.267,-0.506,-29.322
13.691,waypoint_1,-0.301,-0.561,-29.338
13.725,waypoint_1,-0.337,-0.619,-29.353
13.757,waypoint_1,-0.376,-0.678,-29.367
13.791,waypoint_1,-0.430,-0.755,-29.384
13.825,waypoint_1,-0.475,-0.818,-29.398
13.857,waypoint_1,-0.523,-0.882,-29.411
13.891,waypoint_1,-0.573,-0.947,-29.423
13.925,waypoint_1,-0.625,-1.013,-29.436
13.958,waypoint_1,-0.678,-1.081,-29.448
13.993,waypoint_1,-0.746,-1.166,-29.463
14.026,waypoint_1,-0.802,-1.236,-29.475
14.059,waypoint_1,-0.857,-1.307,-29.486
14.092,waypoint_1,-0.912,-1.380,-29.498
14.127,waypoint_1,-0.967,-1.453,-29.509
14.158,waypoint_1,-1.021,-1.528,-29.520
14.192,waypoint_1,-1.088,-1.623,-29.534
14.226,waypoint_1,-1.139,-1.700,-29.545
14.258,waypoint_1,-1.190,-1.778,-29.556
14.292,waypoint_1,-1.239,-1.858,-29.566
14.326,waypoint_1,-1.286,-1.939,-29.576
14.358,waypoint_1,-1.332,-2.020,-29.586
14.392,waypoint_1,-1.387,-2.124,-29.598
14.426,waypoint_1,-1.429,-2.208,-29.608
14.459,waypoint_1,-1.470,-2.292,-29.617
14.492,waypoint_1,-1.509,-2.377,-29.626
14.526,waypoint_1,-1.547,-2.463,-29.634
14.559,waypoint_1,-1.583,-2.549,-29.643
14.593,waypoint_1,-1.627,-2.658,-29.654
14.627,waypoint_1,-1.661,-2.745,-29.662
14.659,waypoint_1,-1.694,-2.833,-29.670
14.693,waypoint_1,-1.727,-2.921,-29.678
14.727,waypoint_1,-1.758,-3.009,-29.686
14.759,waypoint_1,-1.789,-3.097,-29.694
14.793,waypoint_1,-1.827,-3.207,-29.703
14.827,waypoint_1,-1.856,-3.296,-29.710
14.859,waypoint_1,-1.885,-3.384,-29.717
14.893,waypoint_1,-1.913,-3.472,-29.724
14.927,waypoint_1,-1.941,-3.561,-29.731
14.960,waypoint_1,-1.969,-3.650,-29.738
14.993,waypoint_1,-2.002,-3.761,-29.746
15.027,waypoint_1,-2.029,-3.850,-29.752
15.061,waypoint_1,-2.055,-3.939,-29.758
15.095,waypoint_1,-2.081,-4.028,-29.763
15.129,waypoint_1,-2.107,-4.118,-29.769
15.161,waypoint_1,-2.133,-4.207,-29.774
15.196,waypoint_1,-2.165,-4.319,-29.781
15.230,waypoint_1,-2.190,-4.408,-29.786
15.262,waypoint_1,-2.215,-4.498,-29.791
15.296,waypoint_1,-2.241,-4.588,-29.796
15.330,waypoint_1,-2.266,-4.677,-29.801
15.362,waypoint_1,-2.291,-4.767,-29.805
15.396,waypoint_1,-2.322,-4.880,-29.811
15.430,waypoint_1,-2.347,-4.970,-29.815
15.462,waypoint_1,-2.371,-5.060,-29.820
15.496,waypoint_1,-2.396,-5.150,-29.824
15.530,waypoint_1,-2.421,-5.240,-29.828
15.562,waypoint_1,-2.446,-5.331,-29.832
15.596,waypoint_1,-2.477,-5.444,-29.837
15.630,waypoint_1,-2.501,-5.534,-29.840
15.662,waypoint_1,-2.526,-5.625,-29.844
15.696,waypoint_1,-2.551,-5.715,-29.847
15.730,waypoint_1,-2.575,-5.806,-29.851
15.762,waypoint_1,-2.600,-5.897,-29.854
15.796,waypoint_1,-2.631,-6.010,-29.858
15.830,waypoint_1,-2.656,-6.101,-29.861
15.862,waypoint_1,-2.681,-6.192,-29.863
15.896,waypoint_1,-2.706,-6.283,-29.866
15.930,waypoint_1,-2.731,-6.374,-29.868
15.962,waypoint_1,-2.756,-6.466,-29.870
15.996,waypoint_1,-2.788,-6.580,-29.873
16.030,waypoint_1,-2.813,-6.672,-29.875
16.062,waypoint_1,-2.838,-6.764,-29.877
16.096,waypoint_1,-2.863,-6.856,-29.879
16.130,waypoint_1,-2.888,-6.948,-29.881
16.162,waypoint_1,-2.913,-7.040,-29.882
16.196,waypoint_1,-2.944,-7.156,-29.884
16.230,waypoint_1,-2.970,-7.248,-29.886
16.262,waypoint_1,-2.995,-7.341,-29.888
16.296,waypoint_1,-3.021,-7.434,-29.890
16.330,waypoint_1,-3.046,-7.527,-29.891
16.362,waypoint_1,-3.072,-7.620,-29.893
16.396,waypoint_1,-3.104,-7.737,-29.895
16.430,waypoint_1,-3.129,-7.830,-29.896
16.462,waypoint_1,-3.155,-7.924,-29.898
16.496,waypoint_1,-3.181,-8.018,-29.899
16.530,waypoint_1,-3.206,-8.112,-29.901
16.562,waypoint_1,-3.232,-8.206,-29.903
16.596,waypoint_1,-3.264,-8.323,-29.904
16.630,waypoint_1,-3.289,-8.417,-29.906
16.663,waypoint_1,-3.315,-8.512,-29.908
16.697,waypoint_1,-3.340,-8.606,-29.909
16.731,waypoint_1,-3.366,-8.700,-29.911
16.763,waypoint_1,-3.391,-8.795,-29.913
16.797,waypoint_1,-3.423,-8.913,-29.915
16.831,waypoint_1,-3.448,-9.007,-29.916
16.863,waypoint_1,-3.473,-9.102,-29.918
16.897,waypoint_1,-3.499,-9.196,-29.920
16.931,waypoint_1,-3.524,-9.291,-29.921
16.964,waypoint_1,-3.550,-9.385,-29.923
16.997,waypoint_1,-3.582,-9.503,-29.925
17.031,waypoint_1,-3.608,-9.597,-29.927
17.063,waypoint_1,-3.633,-9.692,-29.928
17.097,waypoint_1,-3.659,-9.786,-29.930
17.131,waypoint_1,-3.685,-9.881,-29.932
17.163,waypoint_1,-3.710,-9.975,-29.933
17.197,waypoint_1,-3.743,-10.093,-29.936
17.231,waypoint_1,-3.768,-10.188,-29.937
17.263,waypoint_1,-3.794,-10.283,-29.939
17.297,waypoint_1,-3.820,-10.378,-29.940
17.331,waypoint_1,-3.846,-10.473,-29.942
17.363,waypoint_1,-3.871,-10.568,-29.943
17.397,waypoint_1,-3.904,-10.687,-29.945
17.431,waypoint_1,-3.929,-10.782,-29.947
17.463,waypoint_1,-3.955,-10.877,-29.948
17.497,waypoint_1,-3.980,-10.972,-29.950
17.531,waypoint_1,-4.005,-11.068,-29.951
17.563,waypoint_1,-4.031,-11.163,-29.953
17.597,waypoint_1,-4.063,-11.282,-29.954
17.631,waypoint_1,-4.088,-11.378,-29.956
17.663,waypoint_1,-4.114,-11.473,-29.957
17.697,waypoint_1,-4.139,-11.569,-29.958
17.731,waypoint_1,-4.165,-11.664,-29.959
17.763,waypoint_1,-4.191,-11.760,-29.960
17.797,waypoint_1,-4.223,-11.879,-29.962
17.831,waypoint_1,-4.249,-11.974,-29.963
17.863,waypoint_1,-4.275,-12.070,-29.964
17.897,waypoint_1,-4.301,-12.165,-29.965
17.931,waypoint_1,-4.326,-12.261,-29.966
17.963,waypoint_1,-4.352,-12.356,-29.966
17.997,waypoint_1,-4.385,-12.475,-29.967
18.031,waypoint_1,-4.410,-12.571,-29.968
18.063,waypoint_1,-4.436,-12.666,-29.969
18.097,waypoint_1,-4.462,-12.762,-29.969
18.131,waypoint_1,-4.488,-12.857,-29.970
18.163,waypoint_1,-4.513,-12.952,-29.971
18.197,waypoint_1,-4.546,-13.071,-29.972
18.231,waypoint_1,-4.571,-13.165,-29.973
18.264,waypoint_1,-4.597,-13.260,-29.974
18.297,waypoint_1,-4.623,-13.355,-29.974
18.331,waypoint_1,-4.649,-13.450,-29.975
18.363,waypoint_1,-4.675,-13.544,-29.976
18.397,waypoint_1,-4.707,-13.663,-29.977
18.431,waypoint_1,-4.734,-13.757,-29.977
18.463,waypoint_1,-4.760,-13.852,-29.978
18.497,waypoint_1,-4.787,-13.947,-29.979
18.531,waypoint_1,-4.813,-14.041,-29.979
18.563,waypoint_1,-4.839,-14.136,-29.980
18.597,waypoint_1,-4.872,-14.254,-29.981
18.631,waypoint_1,-4.898,-14.349,-29.982
18.663,waypoint_1,-4.925,-14.443,-29.982
18.697,waypoint_1,-4.951,-14.537,-29.983
18.731,waypoint_1,-4.976,-14.632,-29.984
18.763,waypoint_1,-5.002,-14.726,-29.984
18.797,waypoint_1,-5.034,-14.844,-29.985
18.831,waypoint_1,-5.060,-14.939,-29.985
18.863,waypoint_1,-5.085,-15.033,-29.985
18.897,waypoint_1,-5.111,-15.127,-29.986
18.931,waypoint_1,-5.136,-15.222,-29.986
18.963,waypoint_1,-5.161,-15.316,-29.986
18.997,waypoint_1,-5.192,-15.434,-29.986
19.031,waypoint_1,-5.217,-15.528,-29.986
19.063,waypoint_1,-5.242,-15.622,-29.986
19.097,waypoint_1,-5.266,-15.716,-29.986
19.131,waypoint_1,-5.291,-15.811,-29.986
19.163,waypoint_1,-5.316,-15.905,-29.986
19.197,waypoint_1,-5.346,-16.024,-29.986
19.231,waypoint_1,-5.371,-16.118,-29.985
19.264,waypoint_1,-5.395,-16.213,-29.985
19.297,waypoint_1,-5.419,-16.308,-29.985
19.331,waypoint_1,-5.444,-16.403,-29.984
19.363,waypoint_1,-5.468,-16.498,-29.984
19.397,waypoint_1,-5.499,-16.617,-29.983
19.431,waypoint_1,-5.523,-16.712,-29.982
19.463,waypoint_1,-5.547,-16.807,-29.982
19.497,waypoint_1,-5.571,-16.902,-29.981
19.531,waypoint_1,-5.595,-16.997,-29.981
19.563,waypoint_1,-5.619,-17.092,-29.980
19.597,waypoint_1,-5.649,-17.211,-29.980
19.631,waypoint_1,-5.673,-17.306,-29.980
19.663,waypoint_1,-5.697,-17.402,-29.980
19.698,waypoint_1,-5.721,-17.496,-29.980
19.731,waypoint_1,-5.745,-17.591,-29.980
19.763,waypoint_1,-5.769,-17.686,-29.980
19.797,waypoint_1,-5.799,-17.805,-29.981
19.831,waypoint_1,-5.823,-17.900,-29.981
19.864,waypoint_1,-5.848,-17.995,-29.982
19.897,waypoint_1,-5.872,-18.089,-29.982
19.931,waypoint_1,-5.896,-18.184,-29.983
19.963,waypoint_1,-5.920,-18.279,-29.983
19.997,waypoint_1,-5.951,-18.398,-29.984
20.032,waypoint_1,-5.976,-18.493,-29.984
20.063,waypoint_1,-6.000,-18.588,-29.985
20.097,waypoint_1,-6.025,-18.683,-29.985
20.131,waypoint_1,-6.049,-18.778,-29.986
20.163,waypoint_1,-6.074,-18.873,-29.986
20.198,waypoint_1,-6.105,-18.992,-29.987
20.231,waypoint_1,-6.130,-19.088,-29.987
20.263,waypoint_1,-6.154,-19.183,-29.988
20.297,waypoint_1,-6.179,-19.278,-29.988
20.331,waypoint_1,-6.204,-19.374,-29.989
20.364,waypoint_1,-6.228,-19.469,-29.989
20.397,waypoint_1,-6.259,-19.588,-29.990
20.431,waypoint_1,-6.284,-19.683,-29.991
20.463,waypoint_1,-6.309,-19.779,-29.991
20.497,waypoint_1,-6.334,-19.874,-29.992
20.532,waypoint_1,-6.359,-19.969,-29.992
20.563,waypoint_1,-6.383,-20.063,-29.992
20.597,waypoint_1,-6.415,-20.182,-29.993
20.631,waypoint_1,-6.440,-20.276,-29.993
20.663,waypoint_1,-6.465,-20.371,-29.993
20.697,waypoint_1,-6.490,-20.465,-29.993
20.731,waypoint_1,-6.515,-20.559,-29.993
20.763,waypoint_1,-6.540,-20.653,-29.993
20.797,waypoint_1,-6.571,-20.770,-29.993
20.831,waypoint_1,-6.596,-20.864,-29.993
20.863,waypoint_1,-6.621,-20.957,-29.993
20.897,waypoint_1,-6.646,-21.051,-29.993
20.931,waypoint_1,-6.671,-21.144,-29.993
20.963,waypoint_1,-6.696,-21.238,-29.993
20.997,waypoint_1,-6.727,-21.354,-29.993
21.031,waypoint_1,-6.752,-21.448,-29.993
21.063,waypoint_1,-6.777,-21.541,-29.993
21.097,waypoint_1,-6.802,-21.634,-29.992
21.131,waypoint_1,-6.827,-21.728,-29.992
21.163,waypoint_1,-6.851,-21.822,-29.992
21.197,waypoint_1,-6.882,-21.939,-29.991
21.231,waypoint_1,-6.907,-22.033,-29.991
21.263,waypoint_1,-6.932,-22.126,-29.990
21.297,waypoint_1,-6.957,-22.220,-29.990
21.331,waypoint_1,-6.982,-22.314,-29.989
21.363,waypoint_1,-7.008,-22.407,-29.989
21.397,waypoint_1,-7.040,-22.525,-29.988
21.431,waypoint_1,-7.065,-22.618,-29.988
21.463,waypoint_1,-7.091,-22.712,-29.988
21.497,waypoint_1,-7.117,-22.806,-29.988
21.531,waypoint_1,-7.142,-22.899,-29.988
21.563,waypoint_1,-7.168,-22.993,-29.988
21.597,waypoint_1,-7.200,-23.110,-29.988
21.631,waypoint_1,-7.226,-23.204,-29.988
21.663,waypoint_1,-7.252,-23.297,-29.988
21.697,waypoint_1,-7.278,-23.391,-29.989
21.731,waypoint_1,-7.303,-23.485,-29.989
21.763,waypoint_1,-7.329,-23.579,-29.989
21.797,waypoint_1,-7.361,-23.696,-29.989
21.831,waypoint_1,-7.387,-23.791,-29.989
21.863,waypoint_1,-7.412,-23.885,-29.989
21.897,waypoint_1,-7.438,-23.979,-29.990
21.931,waypoint_1,-7.463,-24.073,-29.990
21.963,waypoint_1,-7.489,-24.168,-29.990
21.999,waypoint_1,-7.520,-24.286,-29.990
22.033,waypoint_1,-7.546,-24.380,-29.990
22.065,waypoint_1,-7.571,-24.475,-29.990
22.099,waypoint_1,-7.597,-24.570,-29.990
22.133,waypoint_1,-7.622,-24.664,-29.990
22.165,waypoint_1,-7.648,-24.759,-29.990
22.199,waypoint_1,-7.679,-24.877,-29.990
22.233,waypoint_1,-7.705,-24.971,-29.990
22.265,waypoint_1,-7.730,-25.065,-29.990
22.299,waypoint_1,-7.756,-25.159,-29.990
22.333,waypoint_1,-7.781,-25.254,-29.990
22.365,waypoint_1,-7.807,-25.348,-29.990
22.399,waypoint_1,-7.838,-25.465,-29.990
22.433,waypoint_1,-7.864,-25.559,-29.990
22.465,waypoint_1,-7.890,-25.652,-29.991
22.499,waypoint_1,-7.916,-25.746,-29.991
22.533,waypoint_1,-7.942,-25.840,-29.991
22.565,waypoint_1,-7.968,-25.933,-29.991
22.599,waypoint_1,-8.000,-26.050,-29.991
22.633,waypoint_1,-8.026,-26.143,-29.990
22.665,waypoint_1,-8.053,-26.236,-29.990
22.699,waypoint_1,-8.079,-26.330,-29.990
22.734,waypoint_1,-8.105,-26.423,-29.990
22.765,waypoint_1,-8.132,-26.516,-29.989
22.799,waypoint_1,-8.165,-26.632,-29.989
22.833,waypoint_1,-8.191,-26.725,-29.989
22.865,waypoint_1,-8.218,-26.818,-29.988
22.899,waypoint_1,-8.244,-26.911,-29.988
22.933,waypoint_1,-8.271,-27.004,-29.988
22.965,waypoint_1,-8.297,-27.097,-29.987
22.999,waypoint_1,-8.331,-27.213,-29.987
23.033,waypoint_1,-8.358,-27.306,-29.987
23.065,waypoint_1,-8.385,-27.399,-29.987
23.099,waypoint_1,-8.412,-27.492,-29.987
23.133,waypoint_1,-8.439,-27.584,-29.987
23.165,waypoint_1,-8.466,-27.677,-29.987
23.199,waypoint_1,-8.499,-27.793,-29.987
23.234,waypoint_1,-8.526,-27.885,-29.987
23.265,waypoint_1,-8.553,-27.978,-29.987
23.299,waypoint_1,-8.580,-28.071,-29.987
23.333,waypoint_1,-8.606,-28.163,-29.987
23.365,waypoint_1,-8.633,-28.256,-29.988
23.399,waypoint_1,-8.666,-28.372,-29.988
23.433,waypoint_1,-8.693,-28.464,-29.989
23.465,waypoint_1,-8.719,-28.557,-29.989
23.499,waypoint_1,-8.746,-28.649,-29.989
23.533,waypoint_1,-8.773,-28.741,-29.990
23.566,waypoint_1,-8.799,-28.834,-29.990
23.599,waypoint_1,-8.833,-28.949,-29.991
23.633,waypoint_1,-8.859,-29.041,-29.992
23.665,waypoint_1,-8.886,-29.133,-29.992
23.699,waypoint_1,-8.912,-29.225,-29.993
23.733,waypoint_1,-8.938,-29.317,-29.994
23.765,waypoint_1,-8.965,-29.409,-29.994
23.799,waypoint_1,-8.997,-29.524,-29.995
23.833,waypoint_1,-9.023,-29.616,-29.996
23.865,waypoint_1,-9.049,-29.707,-29.997
23.908,waypoint_1,-9.075,-29.799,-29.997
23.957,waypoint_1,-9.100,-29.891,-29.998
23.989,waypoint_1,-9.126,-29.983,-29.999
24.023,waypoint_1,-9.158,-30.097,-30.000
24.057,waypoint_1,-9.183,-30.189,-30.001
24.089,waypoint_1,-9.209,-30.281,-30.001
24.123,waypoint_1,-9.234,-30.372,-30.002
24.157,waypoint_1,-9.260,-30.464,-30.002
24.189,waypoint_1,-9.286,-30.556,-30.002
24.223,waypoint_1,-9.318,-30.670,-30.002
24.257,waypoint_1,-9.344,-30.762,-30.003
24.289,waypoint_1,-9.370,-30.854,-30.002
24.323,waypoint_1,-9.396,-30.946,-30.002
24.357,waypoint_1,-9.422,-31.037,-30.002
24.389,waypoint_1,-9.448,-31.129,-30.002
24.423,waypoint_1,-9.480,-31.244,-30.001
24.457,waypoint_1,-9.506,-31.336,-30.001
24.489,waypoint_1,-9.532,-31.428,-30.001
24.523,waypoint_1,-9.558,-31.520,-30.000
24.557,waypoint_1,-9.584,-31.612,-30.000
24.589,waypoint_1,-9.610,-31.704,-29.999
24.623,waypoint_1,-9.643,-31.819,-29.999
24.657,waypoint_1,-9.669,-31.911,-29.998
24.689,waypoint_1,-9.695,-32.003,-29.997
24.723,waypoint_1,-9.722,-32.095,-29.996
24.757,waypoint_1,-9.748,-32.187,-29.995
24.789,waypoint_1,-9.774,-32.279,-29.994
24.823,waypoint_1,-9.807,-32.394,-29.993
24.857,waypoint_1,-9.833,-32.486,-29.992
24.889,waypoint_1,-9.860,-32.578,-29.992
24.923,waypoint_1,-9.886,-32.670,-29.991
24.957,waypoint_1,-9.912,-32.762,-29.990
24.989,waypoint_1,-9.938,-32.854,-29.989
25.023,waypoint_1,-9.971,-32.969,-29.988
25.057,waypoint_1,-9.998,-33.061,-29.987
25.089,waypoint_1,-10.025,-33.153,-29.987
25.123,waypoint_1,-10.052,-33.244,-29.986
25.157,waypoint_1,-10.079,-33.336,-29.986
25.189,waypoint_1,-10.106,-33.428,-29.985
25.223,waypoint_1,-10.140,-33.542,-29.985
25.257,waypoint_1,-10.167,-33.634,-29.984
25.289,waypoint_1,-10.194,-33.726,-29.984
25.323,waypoint_1,-10.222,-33.817,-29.984
25.357,waypoint_1,-10.249,-33.909,-29.983
25.389,waypoint_1,-10.277,-34.001,-29.983
25.423,waypoint_1,-10.312,-34.116,-29.982
25.457,waypoint_1,-10.339,-34.207,-29.982
25.489,waypoint_1,-10.367,-34.299,-29.982
25.523,waypoint_1,-10.395,-34.391,-29.981
25.557,waypoint_1,-10.422,-34.482,-29.981
25.589,waypoint_1,-10.450,-34.574,-29.981
25.623,waypoint_1,-10.485,-34.688,-29.980
25.657,waypoint_1,-10.513,-34.779,-29.980
25.689,waypoint_1,-10.541,-34.871,-29.980
25.723,waypoint_1,-10.569,-34.962,-29.980
25.757,waypoint_1,-10.597,-35.053,-29.979
25.789,waypoint_1,-10.624,-35.145,-29.979
25.823,waypoint_1,-10.659,-35.259,-29.979
25.857,waypoint_1,-10.687,-35.350,-29.979
25.889,waypoint_1,-10.714,-35.441,-29.979
25.923,waypoint_1,-10.741,-35.533,-29.979
25.957,waypoint_1,-10.769,-35.624,-29.980
25.989,waypoint_1,-10.796,-35.715,-29.980
26.023,waypoint_1,-10.830,-35.829,-29.980
26.057,waypoint_1,-10.857,-35.921,-29.981
26.089,waypoint_1,-10.883,-36.012,-29.981
26.123,waypoint_1,-10.910,-36.103,-29.982
26.157,waypoint_1,-10.937,-36.194,-29.982
26.190,waypoint_1,-10.964,-36.285,-29.983
26.224,waypoint_1,-10.997,-36.399,-29.984
26.258,waypoint_1,-11.024,-36.490,-29.984
26.290,waypoint_1,-11.050,-36.581,-29.985
26.324,waypoint_1,-11.077,-36.672,-29.985
26.358,waypoint_1,-11.104,-36.764,-29.986
26.390,waypoint_1,-11.131,-36.855,-29.987
26.424,waypoint_1,-11.164,-36.970,-29.988
26.458,waypoint_1,-11.191,-37.061,-29.988
26.490,waypoint_1,-11.218,-37.153,-29.989
26.524,waypoint_1,-11.245,-37.245,-29.990
26.558,waypoint_1,-11.272,-37.337,-29.990
26.590,waypoint_1,-11.299,-37.429,-29.991
26.624,waypoint_1,-11.333,-37.544,-29.992
26.658,waypoint_1,-11.360,-37.636,-29.993
26.691,waypoint_1,-11.387,-37.728,-29.993
26.725,waypoint_1,-11.414,-37.820,-29.994
26.759,waypoint_1,-11.441,-37.912,-29.994
26.791,waypoint_1,-11.468,-38.004,-29.995
26.825,waypoint_1,-11.502,-38.119,-29.995
26.859,waypoint_1,-11.530,-38.211,-29.996
26.891,waypoint_1,-11.557,-38.303,-29.997
26.925,waypoint_1,-11.584,-38.395,-29.997
26.959,waypoint_1,-11.612,-38.486,-29.998
26.991,waypoint_1,-11.639,-38.578,-29.998
27.025,waypoint_1,-11.673,-38.693,-29.998
27.059,waypoint_1,-11.700,-38.785,-29.999
27.091,waypoint_1,-11.727,-38.876,-29.999
27.125,waypoint_1,-11.755,-38.968,-29.999
27.160,waypoint_1,-11.782,-39.059,-29.999
27.192,waypoint_1,-11.809,-39.151,-29.999
27.226,waypoint_1,-11.843,-39.265,-29.999
27.260,waypoint_1,-11.870,-39.357,-29.999
27.292,waypoint_1,-11.898,-39.448,-29.999
27.326,waypoint_1,-11.925,-39.539,-29.999
27.360,waypoint_1,-11.953,-39.631,-29.999
27.392,waypoint_1,-11.980,-39.723,-29.998
27.426,waypoint_1,-12.014,-39.837,-29.998
27.460,waypoint_1,-12.042,-39.929,-29.998
27.492,waypoint_1,-12.070,-40.020,-29.998
27.526,waypoint_1,-12.097,-40.112,-29.998
27.560,waypoint_1,-12.125,-40.204,-29.997
27.593,waypoint_1,-12.152,-40.295,-29.997
27.627,waypoint_1,-12.187,-40.410,-29.996
27.661,waypoint_1,-12.215,-40.502,-29.996
27.693,waypoint_1,-12.242,-40.593,-29.995
27.727,waypoint_1,-12.270,-40.685,-29.995
27.761,waypoint_1,-12.298,-40.777,-29.994
27.793,waypoint_1,-12.325,-40.868,-29.994
27.827,waypoint_1,-12.360,-40.983,-29.994
27.861,waypoint_1,-12.387,-41.074,-29.993
27.893,waypoint_1,-12.415,-41.166,-29.993
27.927,waypoint_1,-12.443,-41.257,-29.992
27.961,waypoint_1,-12.471,-41.348,-29.992
27.993,waypoint_1,-12.498,-41.440,-29.992
28.027,waypoint_1,-12.533,-41.554,-29.991
28.061,waypoint_1,-12.561,-41.645,-29.991
28.093,waypoint_1,-12.589,-41.736,-29.990
28.127,waypoint_1,-12.616,-41.827,-29.989
28.161,waypoint_1,-12.644,-41.919,-29.989
28.193,waypoint_1,-12.672,-42.010,-29.988
28.227,waypoint_1,-12.706,-42.124,-29.987
28.261,waypoint_1,-12.734,-42.215,-29.986
28.293,waypoint_1,-12.761,-42.306,-29.986
28.327,waypoint_1,-12.789,-42.398,-29.985
28.361,waypoint_1,-12.817,-42.489,-29.985
28.393,waypoint_1,-12.844,-42.580,-29.984
28.427,waypoint_1,-12.879,-42.694,-29.983
28.461,waypoint_1,-12.906,-42.785,-29.983
28.493,waypoint_1,-12.933,-42.877,-29.982
28.527,waypoint_1,-12.961,-42.968,-29.982
28.561,waypoint_1,-12.988,-43.059,-29.981
28.593,waypoint_1,-13.015,-43.151,-29.981
28.627,waypoint_1,-13.049,-43.265,-29.981
28.661,waypoint_1,-13.076,-43.357,-29.981
28.693,waypoint_1,-13.103,-43.449,-29.981
28.727,waypoint_1,-13.130,-43.541,-29.981
28.761,waypoint_1,-13.157,-43.632,-29.980
28.793,waypoint_1,-13.184,-43.724,-29.980
28.827,waypoint_1,-13.218,-43.839,-29.980
28.861,waypoint_1,-13.244,-43.932,-29.980
28.893,waypoint_1,-13.271,-44.024,-29.980
28.927,waypoint_1,-13.297,-44.116,-29.980
28.961,waypoint_1,-13.324,-44.208,-29.980
28.993,waypoint_1,-13.350,-44.301,-29.980
29.027,waypoint_1,-13.383,-44.416,-29.981
29.062,waypoint_1,-13.409,-44.508,-29.981
29.094,waypoint_1,-13.435,-44.600,-29.981
29.128,waypoint_1,-13.461,-44.693,-29.981
29.162,waypoint_1,-13.487,-44.785,-29.981
29.194,waypoint_1,-13.513,-44.878,-29.981
29.228,waypoint_1,-13.546,-44.993,-29.981
29.262,waypoint_1,-13.572,-45.086,-29.981
29.294,waypoint_1,-13.598,-45.178,-29.981
29.328,waypoint_1,-13.625,-45.270,-29.981
29.362,waypoint_1,-13.651,-45.362,-29.980
29.394,waypoint_1,-13.678,-45.455,-29.980
29.428,waypoint_1,-13.711,-45.570,-29.980
29.462,waypoint_1,-13.738,-45.662,-29.979
29.494,waypoint_1,-13.765,-45.754,-29.979
29.528,waypoint_1,-13.792,-45.846,-29.978
29.563,waypoint_1,-13.819,-45.939,-29.978
29.595,waypoint_1,-13.846,-46.031,-29.978
29.629,waypoint_1,-13.880,-46.146,-29.978
29.665,waypoint_1,-13.907,-46.238,-29.978
29.697,waypoint_1,-13.935,-46.331,-29.978
29.731,waypoint_1,-13.962,-46.423,-29.978
29.765,waypoint_1,-13.989,-46.515,-29.978
29.797,waypoint_1,-14.016,-46.607,-29.978
29.831,waypoint_1,-14.050,-46.722,-29.978
29.865,waypoint_1,-14.077,-46.814,-29.977
29.897,waypoint_1,-14.104,-46.906,-29.977
29.931,waypoint_1,-14.132,-46.998,-29.977
29.965,waypoint_1,-14.159,-47.090,-29.977
29.997,waypoint_1,-14.186,-47.182,-29.977
30.031,waypoint_1,-14.219,-47.297,-29.976
30.065,waypoint_1,-14.246,-47.389,-29.976
30.097,waypoint_1,-14.273,-47.481,-29.976
30.131,waypoint_1,-14.300,-47.573,-29.975
30.165,waypoint_1,-14.327,-47.666,-29.975
30.197,waypoint_1,-14.354,-47.758,-29.975
30.231,waypoint_1,-14.387,-47.873,-29.975
30.265,waypoint_1,-14.414,-47.966,-29.975
30.297,waypoint_1,-14.441,-48.058,-29.975
30.331,waypoint_1,-14.468,-48.150,-29.975
30.365,waypoint_1,-14.495,-48.242,-29.975
30.397,waypoint_1,-14.522,-48.334,-29.975
30.431,waypoint_1,-14.556,-48.449,-29.976
30.465,waypoint_1,-14.583,-48.541,-29.976
30.497,waypoint_1,-14.609,-48.633,-29.977
30.531,waypoint_1,-14.636,-48.725,-29.977
30.565,waypoint_1,-14.663,-48.817,-29.978
30.597,waypoint_1,-14.690,-48.910,-29.979
30.631,waypoint_1,-14.724,-49.025,-29.980
30.665,waypoint_1,-14.751,-49.117,-29.981
30.697,waypoint_1,-14.778,-49.209,-29.981
30.731,waypoint_1,-14.805,-49.301,-29.982
30.765,waypoint_1,-14.832,-49.393,-29.983
30.797,waypoint_1,-14.859,-49.486,-29.984
30.831,waypoint_1,-14.893,-49.601,-29.985
30.865,waypoint_1,-14.920,-49.693,-29.985
30.897,waypoint_1,-14.948,-49.785,-29.986
30.931,waypoint_1,-14.975,-49.876,-29.987
30.965,waypoint_1,-15.002,-49.968,-29.987
30.997,waypoint_1,-15.030,-50.060,-29.988
31.031,waypoint_1,-15.064,-50.174,-29.988
31.065,waypoint_1,-15.091,-50.266,-29.989
31.097,waypoint_1,-15.119,-50.357,-29.989
31.131,waypoint_1,-15.146,-50.449,-29.990
31.165,waypoint_1,-15.174,-50.540,-29.991
31.197,waypoint_1,-15.202,-50.631,-29.991
31.231,waypoint_1,-15.237,-50.745,-29.992
31.265,waypoint_1,-15.264,-50.836,-29.993
31.297,waypoint_1,-15.292,-50.927,-29.994
31.331,waypoint_1,-15.320,-51.018,-29.994
31.365,waypoint_1,-15.348,-51.109,-29.995
31.397,waypoint_1,-15.375,-51.200,-29.996
31.431,waypoint_1,-15.410,-51.314,-29.997
31.465,waypoint_1,-15.438,-51.405,-29.997
31.497,waypoint_1,-15.466,-51.496,-29.998
31.531,waypoint_1,-15.494,-51.587,-29.998
31.565,waypoint_1,-15.522,-51.678,-29.999
31.597,waypoint_1,-15.549,-51.769,-29.999
31.631,waypoint_1,-15.584,-51.883,-30.000
31.665,waypoint_1,-15.611,-51.974,-30.000
31.697,waypoint_1,-15.639,-52.066,-30.001
31.731,waypoint_1,-15.666,-52.157,-30.001
31.766,waypoint_1,-15.693,-52.248,-30.001
31.801,waypoint_1,-15.721,-52.339,-30.001
31.835,waypoint_1,-15.754,-52.454,-30.001
31.869,waypoint_1,-15.781,-52.545,-30.002
31.901,waypoint_1,-15.808,-52.637,-30.002
31.936,waypoint_1,-15.835,-52.728,-30.002
31.970,waypoint_1,-15.862,-52.819,-30.002
32.002,waypoint_1,-15.888,-52.911,-30.002
32.036,waypoint_1,-15.922,-53.025,-30.002
32.070,waypoint_1,-15.949,-53.117,-30.002
32.103,waypoint_1,-15.975,-53.208,-30.002
32.137,waypoint_1,-16.002,-53.300,-30.001
32.171,waypoint_1,-16.029,-53.392,-30.001
32.203,waypoint_1,-16.056,-53.483,-30.001
32.237,waypoint_1,-16.090,-53.598,-30.001
32.271,waypoint_1,-16.117,-53.689,-30.001
32.303,waypoint_1,-16.144,-53.780,-30.000
32.337,waypoint_1,-16.172,-53.872,-30.000
32.371,waypoint_1,-16.199,-53.963,-30.000
32.403,waypoint_1,-16.227,-54.054,-29.999
32.437,waypoint_1,-16.262,-54.168,-29.998
32.471,waypoint_1,-16.290,-54.259,-29.998
32.503,waypoint_1,-16.318,-54.350,-29.997
32.537,waypoint_1,-16.346,-54.442,-29.997
32.571,waypoint_1,-16.374,-54.533,-29.996
32.603,waypoint_1,-16.403,-54.624,-29.996
32.637,waypoint_1,-16.438,-54.739,-29.995
32.671,waypoint_1,-16.466,-54.830,-29.995
32.703,waypoint_1,-16.494,-54.922,-29.994
32.737,waypoint_1,-16.522,-55.014,-29.994
32.772,waypoint_1,-16.550,-55.105,-29.994
32.804,waypoint_1,-16.578,-55.197,-29.993
32.838,waypoint_1,-16.613,-55.312,-29.993
32.872,waypoint_1,-16.641,-55.404,-29.992
32.904,waypoint_1,-16.669,-55.496,-29.992
32.938,waypoint_1,-16.696,-55.588,-29.992
32.972,waypoint_1,-16.724,-55.680,-29.992
33.004,waypoint_1,-16.752,-55.772,-29.991
33.038,waypoint_1,-16.787,-55.887,-29.991
33.072,waypoint_1,-16.814,-55.979,-29.990
33.104,waypoint_1,-16.842,-56.071,-29.990
33.138,waypoint_1,-16.869,-56.163,-29.989
33.172,waypoint_1,-16.897,-56.255,-29.989
33.204,waypoint_1,-16.924,-56.347,-29.989
33.238,waypoint_1,-16.958,-56.462,-29.988
33.272,waypoint_1,-16.985,-56.554,-29.988
33.304,waypoint_1,-17.012,-56.646,-29.988
33.338,waypoint_1,-17.039,-56.738,-29.988
33.372,waypoint_1,-17.067,-56.830,-29.988
33.404,waypoint_1,-17.094,-56.922,-29.987
33.438,waypoint_1,-17.127,-57.037,-29.987
33.472,waypoint_1,-17.154,-57.129,-29.987
33.505,waypoint_1,-17.181,-57.221,-29.987
33.538,waypoint_1,-17.207,-57.313,-29.987
33.572,waypoint_1,-17.234,-57.404,-29.987
33.604,waypoint_1,-17.260,-57.496,-29.987
33.638,waypoint_1,-17.293,-57.611,-29.987
33.672,waypoint_1,-17.319,-57.703,-29.987
33.704,waypoint_1,-17.346,-57.794,-29.987
33.738,waypoint_1,-17.372,-57.886,-29.987
33.772,waypoint_1,-17.397,-57.977,-29.987
33.810,waypoint_1,-17.423,-58.069,-29.987
33.851,waypoint_1,-17.456,-58.183,-29.988
33.885,waypoint_1,-17.481,-58.274,-29.988
33.917,waypoint_1,-17.507,-58.366,-29.988
33.951,waypoint_1,-17.533,-58.457,-29.988
33.985,waypoint_1,-17.559,-58.548,-29.988
34.017,waypoint_1,-17.585,-58.639,-29.988
34.051,waypoint_1,-17.617,-58.753,-29.987
34.085,waypoint_1,-17.644,-58.844,-29.987
34.117,waypoint_1,-17.670,-58.935,-29.987
34.151,waypoint_1,-17.696,-59.026,-29.987
34.186,waypoint_1,-17.722,-59.117,-29.987
34.218,waypoint_1,-17.748,-59.208,-29.986
34.252,waypoint_1,-17.781,-59.321,-29.986
34.286,waypoint_1,-17.807,-59.412,-29.986
34.318,waypoint_1,-17.834,-59.503,-29.986
34.352,waypoint_1,-17.860,-59.594,-29.985
34.386,waypoint_1,-17.887,-59.685,-29.985
34.418,waypoint_1,-17.913,-59.776,-29.985
34.452,waypoint_1,-17.947,-59.890,-29.985
34.486,waypoint_1,-17.974,-59.981,-29.985
34.518,waypoint_1,-18.001,-60.073,-29.985
34.552,waypoint_1,-18.028,-60.164,-29.985
34.586,waypoint_1,-18.055,-60.256,-29.985
34.618,waypoint_1,-18.082,-60.348,-29.986
34.652,waypoint_1,-18.116,-60.463,-29.986
34.686,waypoint_1,-18.144,-60.555,-29.986
34.719,waypoint_1,-18.171,-60.647,-29.987
34.753,waypoint_1,-18.198,-60.739,-29.987
34.787,waypoint_1,-18.225,-60.832,-29.987
34.819,waypoint_1,-18.252,-60.924,-29.988
34.853,waypoint_1,-18.286,-61.040,-29.988
34.887,waypoint_1,-18.313,-61.132,-29.989
34.919,waypoint_1,-18.339,-61.225,-29.989
34.953,waypoint_1,-18.366,-61.318,-29.990
34.987,waypoint_1,-18.393,-61.410,-29.990
35.019,waypoint_1,-18.420,-61.503,-29.991
35.053,waypoint_1,-18.454,-61.619,-29.992
35.087,waypoint_1,-18.481,-61.711,-29.992
35.119,waypoint_1,-18.508,-61.804,-29.993
35.153,waypoint_1,-18.534,-61.897,-29.994
35.187,waypoint_1,-18.561,-61.989,-29.994
35.219,waypoint_1,-18.588,-62.082,-29.995
35.253,waypoint_1,-18.621,-62.197,-29.996
35.287,waypoint_1,-18.648,-62.290,-29.996
35.319,waypoint_1,-18.675,-62.382,-29.996
35.353,waypoint_1,-18.701,-62.474,-29.997
35.387,waypoint_1,-18.728,-62.567,-29.997
35.419,waypoint_1,-18.754,-62.659,-29.997
35.453,waypoint_1,-18.787,-62.774,-29.998
35.487,waypoint_1,-18.813,-62.866,-29.998
35.519,waypoint_1,-18.840,-62.958,-29.998
35.553,waypoint_1,-18.866,-63.050,-29.998
35.587,waypoint_1,-18.893,-63.142,-29.998
35.619,waypoint_1,-18.920,-63.234,-29.998
35.653,waypoint_1,-18.953,-63.349,-29.998
35.687,waypoint_1,-18.979,-63.440,-29.998
35.719,waypoint_1,-19.006,-63.532,-29.998
35.753,waypoint_1,-19.032,-63.624,-29.999
35.787,waypoint_1,-19.058,-63.715,-29.999
35.819,waypoint_1,-19.084,-63.807,-30.000
35.853,waypoint_1,-19.117,-63.922,-30.000
35.887,waypoint_1,-19.143,-64.014,-30.001
35.919,waypoint_1,-19.169,-64.106,-30.001
35.953,waypoint_1,-19.195,-64.198,-30.002
35.987,waypoint_1,-19.221,-64.290,-30.002
36.019,waypoint_1,-19.247,-64.382,-30.002
36.054,waypoint_1,-19.279,-64.497,-30.003
36.088,waypoint_1,-19.304,-64.590,-30.003
36.120,waypoint_1,-19.330,-64.682,-30.004
36.154,waypoint_1,-19.356,-64.774,-30.004
36.188,waypoint_1,-19.381,-64.866,-30.004
36.220,waypoint_1,-19.407,-64.959,-30.004
36.254,waypoint_1,-19.439,-65.074,-30.003
36.288,waypoint_1,-19.464,-65.166,-30.003
36.320,waypoint_1,-19.489,-65.258,-30.002
36.354,waypoint_1,-19.515,-65.351,-30.002
36.388,waypoint_1,-19.540,-65.443,-30.001
36.420,waypoint_1,-19.566,-65.536,-30.001
36.454,waypoint_1,-19.598,-65.651,-30.000
36.488,waypoint_1,-19.624,-65.744,-29.999
36.520,waypoint_1,-19.650,-65.837,-29.998
36.554,waypoint_1,-19.676,-65.929,-29.998
36.588,waypoint_1,-19.702,-66.022,-29.997
36.620,waypoint_1,-19.728,-66.115,-29.996
36.654,waypoint_1,-19.761,-66.231,-29.995
36.688,waypoint_1,-19.787,-66.324,-29.994
36.720,waypoint_1,-19.813,-66.417,-29.993
36.754,waypoint_1,-19.840,-66.510,-29.993
36.788,waypoint_1,-19.866,-66.603,-29.992
36.820,waypoint_1,-19.893,-66.696,-29.991
36.854,waypoint_1,-19.926,-66.812,-29.991
36.888,waypoint_1,-19.953,-66.905,-29.990
36.920,waypoint_1,-19.980,-66.998,-29.990
36.954,waypoint_1,-20.007,-67.090,-29.990
36.988,waypoint_1,-20.033,-67.183,-29.989
37.020,waypoint_1,-20.060,-67.276,-29.989
37.054,waypoint_1,-20.093,-67.392,-29.989
37.088,waypoint_1,-20.120,-67.485,-29.989
37.120,waypoint_1,-20.146,-67.578,-29.989
37.154,waypoint_1,-20.172,-67.670,-29.988
37.190,waypoint_1,-20.198,-67.763,-29.988
37.222,waypoint_1,-20.224,-67.855,-29.988
37.256,waypoint_1,-20.256,-67.970,-29.988
37.290,waypoint_1,-20.282,-68.062,-29.988
37.322,waypoint_1,-20.307,-68.154,-29.987
37.356,waypoint_1,-20.333,-68.246,-29.987
37.407,waypoint_1,-20.359,-68.338,-29.987
37.442,waypoint_1,-20.384,-68.430,-29.988
37.476,waypoint_1,-20.416,-68.545,-29.988
37.510,waypoint_1,-20.441,-68.637,-29.988
37.542,waypoint_1,-20.467,-68.729,-29.988
37.576,waypoint_1,-20.492,-68.820,-29.988
37.610,waypoint_1,-20.517,-68.912,-29.988
37.642,waypoint_1,-20.543,-69.004,-29.989
37.676,waypoint_1,-20.574,-69.119,-29.989
37.710,waypoint_1,-20.600,-69.211,-29.989
37.742,waypoint_1,-20.625,-69.302,-29.990
37.776,waypoint_1,-20.650,-69.394,-29.990
37.810,waypoint_1,-20.675,-69.486,-29.990
37.842,waypoint_1,-20.701,-69.578,-29.990
37.876,waypoint_1,-20.732,-69.692,-29.990
37.910,waypoint_1,-20.758,-69.784,-29.990
37.942,waypoint_1,-20.783,-69.875,-29.990
37.976,waypoint_1,-20.809,-69.967,-29.990
38.010,waypoint_1,-20.834,-70.058,-29.990
38.042,waypoint_1,-20.860,-70.149,-29.990
38.076,waypoint_1,-20.892,-70.263,-29.990
38.111,waypoint_1,-20.918,-70.354,-29.990
38.143,waypoint_1,-20.943,-70.445,-29.990
38.177,waypoint_1,-20.969,-70.536,-29.991
38.232,waypoint_1,-20.994,-70.628,-29.991
38.267,waypoint_1,-21.020,-70.719,-29.991
38.301,waypoint_1,-21.052,-70.833,-29.991
38.335,waypoint_1,-21.078,-70.924,-29.991
38.367,waypoint_1,-21.104,-71.015,-29.992
38.401,waypoint_1,-21.131,-71.107,-29.992
38.435,waypoint_1,-21.157,-71.198,-29.992
38.467,waypoint_1,-21.183,-71.289,-29.992
38.501,waypoint_1,-21.216,-71.403,-29.992
38.535,waypoint_1,-21.243,-71.495,-29.993
38.567,waypoint_1,-21.269,-71.586,-29.993
38.601,waypoint_1,-21.296,-71.677,-29.993
38.635,waypoint_1,-21.323,-71.769,-29.994
38.667,waypoint_1,-21.349,-71.860,-29.994
38.701,waypoint_1,-21.382,-71.975,-29.995
38.735,waypoint_1,-21.409,-72.066,-29.995
38.767,waypoint_1,-21.435,-72.158,-29.996
38.801,waypoint_1,-21.462,-72.249,-29.996
38.835,waypoint_1,-21.488,-72.341,-29.997
38.867,waypoint_1,-21.515,-72.433,-29.997
38.901,waypoint_1,-21.548,-72.547,-29.997
38.936,waypoint_1,-21.575,-72.639,-29.998
38.968,waypoint_1,-21.602,-72.731,-29.998
39.002,waypoint_1,-21.629,-72.822,-29.998
39.036,waypoint_1,-21.656,-72.914,-29.998
39.068,waypoint_1,-21.682,-73.005,-29.998
39.102,waypoint_1,-21.716,-73.119,-29.998
39.136,waypoint_1,-21.743,-73.211,-29.999
39.168,waypoint_1,-21.770,-73.302,-29.999
39.202,waypoint_1,-21.797,-73.393,-29.999
39.236,waypoint_1,-21.823,-73.485,-30.000
39.268,waypoint_1,-21.850,-73.576,-30.000
39.302,waypoint_1,-21.883,-73.690,-30.000
39.336,waypoint_1,-21.910,-73.781,-30.001
39.368,waypoint_1,-21.937,-73.872,-30.001
39.402,waypoint_1,-21.963,-73.963,-30.001
39.436,waypoint_1,-21.990,-74.054,-30.001
39.468,waypoint_1,-22.017,-74.145,-30.002
39.502,waypoint_1,-22.051,-74.258,-30.002
39.536,waypoint_1,-22.078,-74.349,-30.002
39.568,waypoint_1,-22.105,-74.440,-30.002
39.602,waypoint_1,-22.132,-74.531,-30.002
39.636,waypoint_1,-22.160,-74.622,-30.003
39.668,waypoint_1,-22.188,-74.712,-30.003
39.702,waypoint_1,-22.222,-74.826,-30.003
39.736,waypoint_1,-22.251,-74.917,-30.003
39.768,waypoint_1,-22.279,-75.008,-30.003
39.802,waypoint_2,-22.307,-75.099,-30.004
39.836,waypoint_2,-22.335,-75.189,-30.004
39.868,waypoint_2,-22.364,-75.280,-30.007
39.902,waypoint_2,-22.399,-75.393,-30.012
39.936,waypoint_2,-22.426,-75.484,-30.017
39.968,waypoint_2,-22.453,-75.574,-30.024
40.002,waypoint_2,-22.478,-75.663,-30.031
40.036,waypoint_2,-22.500,-75.753,-30.038
40.068,waypoint_2,-22.521,-75.842,-30.044
40.102,waypoint_2,-22.542,-75.952,-30.052
40.136,waypoint_2,-22.555,-76.039,-30.057
40.168,waypoint_2,-22.565,-76.126,-30.061
40.202,waypoint_2,-22.571,-76.213,-30.064
40.236,waypoint_2,-22.573,-76.299,-30.066
40.269,waypoint_2,-22.570,-76.405,-30.067
40.301,waypoint_2,-22.563,-76.490,-30.067
40.335,waypoint_2,-22.552,-76.574,-30.067
40.369,waypoint_2,-22.537,-76.658,-30.065
40.401,waypoint_2,-22.519,-76.742,-30.063
40.435,waypoint_2,-22.497,-76.825,-30.061
40.469,waypoint_2,-22.465,-76.928,-30.057
40.501,waypoint_2,-22.435,-77.010,-30.053
40.535,waypoint_2,-22.403,-77.093,-30.050
40.569,waypoint_2,-22.367,-77.174,-30.046
40.601,waypoint_2,-22.330,-77.256,-30.042
40.635,waypoint_2,-22.290,-77.338,-30.038
40.669,waypoint_2,-22.236,-77.440,-30.033
40.701,waypoint_2,-22.192,-77.521,-30.030
40.735,waypoint_2,-22.146,-77.603,-30.027
40.769,waypoint_2,-22.098,-77.684,-30.023
40.801,waypoint_2,-22.049,-77.766,-30.020
40.835,waypoint_2,-21.998,-77.848,-30.018
40.869,waypoint_2,-21.933,-77.950,-30.015
40.901,waypoint_2,-21.881,-78.032,-30.013
40.935,waypoint_2,-21.827,-78.114,-30.011
40.969,waypoint_2,-21.773,-78.196,-30.009
41.001,waypoint_2,-21.717,-78.279,-30.007
41.035,waypoint_2,-21.662,-78.361,-30.006
41.077,waypoint_2,-21.606,-78.444,-30.004
41.118,waypoint_2,-21.535,-78.548,-30.003
41.152,waypoint_2,-21.479,-78.631,-30.001
41.186,waypoint_2,-21.422,-78.714,-30.000
41.218,waypoint_2,-21.365,-78.797,-29.999
41.252,waypoint_2,-21.308,-78.880,-29.998
41.286,waypoint_2,-21.237,-78.984,-29.997
41.318,waypoint_2,-21.180,-79.066,-29.996
41.352,waypoint_2,-21.123,-79.149,-29.995
41.386,waypoint_2,-21.066,-79.232,-29.994
41.418,waypoint_2,-21.009,-79.314,-29.993
41.452,waypoint_2,-20.952,-79.397,-29.993
41.486,waypoint_2,-20.881,-79.500,-29.992
41.518,waypoint_2,-20.824,-79.582,-29.991
41.552,waypoint_2,-20.767,-79.664,-29.990
41.586,waypoint_2,-20.710,-79.746,-29.990
41.619,waypoint_2,-20.654,-79.827,-29.989
41.652,waypoint_2,-20.597,-79.909,-29.988
41.686,waypoint_2,-20.526,-80.011,-29.988
41.718,waypoint_2,-20.469,-80.092,-29.987
41.752,waypoint_2,-20.413,-80.173,-29.987
41.786,waypoint_2,-20.356,-80.253,-29.986
41.818,waypoint_2,-20.300,-80.334,-29.986
41.852,waypoint_2,-20.243,-80.414,-29.986
41.886,waypoint_2,-20.173,-80.514,-29.985
41.918,waypoint_2,-20.116,-80.594,-29.985
41.952,waypoint_2,-20.060,-80.674,-29.984
41.986,waypoint_2,-20.003,-80.754,-29.984
42.018,waypoint_2,-19.947,-80.834,-29.984
42.052,waypoint_2,-19.890,-80.913,-29.984
42.086,waypoint_2,-19.819,-81.013,-29.983
42.118,waypoint_2,-19.763,-81.092,-29.983
42.152,waypoint_2,-19.706,-81.171,-29.983
42.186,waypoint_2,-19.649,-81.251,-29.982
42.218,waypoint_2,-19.593,-81.330,-29.982
42.252,waypoint_2,-19.536,-81.409,-29.982
42.286,waypoint_2,-19.465,-81.507,-29.982
42.318,waypoint_2,-19.408,-81.586,-29.981
42.352,waypoint_2,-19.352,-81.665,-29.981
42.386,waypoint_2,-19.295,-81.744,-29.981
42.418,waypoint_2,-19.238,-81.822,-29.981
42.452,waypoint_2,-19.181,-81.901,-29.981
42.486,waypoint_2,-19.110,-81.998,-29.981
42.518,waypoint_2,-19.053,-82.077,-29.981
42.552,waypoint_2,-18.996,-82.155,-29.981
42.586,waypoint_2,-18.939,-82.233,-29.981
42.618,waypoint_2,-18.882,-82.310,-29.981
42.652,waypoint_2,-18.824,-82.388,-29.981
42.686,waypoint_2,-18.752,-82.485,-29.981
42.718,waypoint_2,-18.695,-82.562,-29.981
42.752,waypoint_2,-18.637,-82.640,-29.981
42.786,waypoint_2,-18.580,-82.717,-29.982
42.818,waypoint_2,-18.522,-82.794,-29.982
42.852,waypoint_2,-18.464,-82.871,-29.982
42.886,waypoint_2,-18.392,-82.968,-29.982
42.918,waypoint_2,-18.334,-83.044,-29.983
42.952,waypoint_2,-18.276,-83.121,-29.983
42.986,waypoint_2,-18.218,-83.198,-29.983
43.018,waypoint_2,-18.160,-83.275,-29.983
43.052,waypoint_2,-18.102,-83.351,-29.983
43.086,waypoint_2,-18.029,-83.447,-29.983
43.118,waypoint_2,-17.971,-83.524,-29.983
43.152,waypoint_2,-17.913,-83.600,-29.983
43.186,waypoint_2,-17.855,-83.676,-29.983
43.218,waypoint_2,-17.796,-83.753,-29.983
43.252,waypoint_2,-17.738,-83.829,-29.983
43.286,waypoint_2,-17.665,-83.924,-29.983
43.318,waypoint_2,-17.606,-84.000,-29.982
43.352,waypoint_2,-17.548,-84.076,-29.982
43.386,waypoint_2,-17.489,-84.152,-29.982
43.418,waypoint_2,-17.431,-84.227,-29.982
43.452,waypoint_2,-17.372,-84.303,-29.982
43.487,waypoint_2,-17.299,-84.397,-29.982
43.519,waypoint_2,-17.241,-84.472,-29.982
43.552,waypoint_2,-17.182,-84.547,-29.982
43.590,waypoint_2,-17.124,-84.623,-29.982
43.622,waypoint_2,-17.065,-84.698,-29.982
43.656,waypoint_2,-17.006,-84.773,-29.982
43.690,waypoint_2,-16.933,-84.867,-29.982
43.722,waypoint_2,-16.875,-84.942,-29.982
43.756,waypoint_2,-16.816,-85.018,-29.982
43.790,waypoint_2,-16.758,-85.093,-29.982
43.822,waypoint_2,-16.699,-85.169,-29.982
43.856,waypoint_2,-16.640,-85.244,-29.982
43.890,waypoint_2,-16.567,-85.339,-29.982
43.922,waypoint_2,-16.508,-85.415,-29.982
43.956,waypoint_2,-16.449,-85.491,-29.981
43.990,waypoint_2,-16.389,-85.566,-29.981
44.022,waypoint_2,-16.331,-85.642,-29.980
44.056,waypoint_2,-16.272,-85.718,-29.980
44.090,waypoint_2,-16.198,-85.812,-29.979
44.122,waypoint_2,-16.139,-85.888,-29.979
44.156,waypoint_2,-16.080,-85.964,-29.978
44.190,waypoint_2,-16.021,-86.039,-29.978
44.222,waypoint_2,-15.963,-86.115,-29.978
44.256,waypoint_2,-15.904,-86.191,-29.977
44.290,waypoint_2,-15.830,-86.285,-29.977
44.322,waypoint_2,-15.771,-86.361,-29.976
44.356,waypoint_2,-15.712,-86.436,-29.976
44.390,waypoint_2,-15.653,-86.511,-29.976
44.422,waypoint_2,-15.595,-86.587,-29.976
44.456,waypoint_2,-15.536,-86.662,-29.975
44.490,waypoint_2,-15.462,-86.756,-29.975
44.522,waypoint_2,-15.404,-86.831,-29.974
44.556,waypoint_2,-15.345,-86.906,-29.974
44.590,waypoint_2,-15.286,-86.981,-29.974
44.622,waypoint_2,-15.228,-87.056,-29.974
44.656,waypoint_2,-15.170,-87.131,-29.974
44.690,waypoint_2,-15.097,-87.224,-29.974
44.722,waypoint_2,-15.039,-87.299,-29.974
44.756,waypoint_2,-14.980,-87.374,-29.974
44.790,waypoint_2,-14.922,-87.450,-29.974
44.822,waypoint_2,-14.864,-87.525,-29.974
44.856,waypoint_2,-14.806,-87.600,-29.974
44.890,waypoint_2,-14.733,-87.694,-29.974
44.922,waypoint_2,-14.675,-87.770,-29.974
44.956,waypoint_2,-14.617,-87.845,-29.974
44.990,waypoint_2,-14.559,-87.920,-29.975
45.022,waypoint_2,-14.501,-87.996,-29.975
45.056,waypoint_2,-14.443,-88.071,-29.975
45.090,waypoint_2,-14.370,-88.166,-29.975
45.122,waypoint_2,-14.312,-88.241,-29.975
45.156,waypoint_2,-14.253,-88.317,-29.976
45.190,waypoint_2,-14.195,-88.392,-29.976
45.222,waypoint_2,-14.137,-88.468,-29.977
45.256,waypoint_2,-14.078,-88.544,-29.977
45.290,waypoint_2,-14.005,-88.638,-29.978
45.322,waypoint_2,-13.947,-88.714,-29.978
45.356,waypoint_2,-13.888,-88.790,-29.978
45.390,waypoint_2,-13.829,-88.866,-29.979
45.422,waypoint_2,-13.771,-88.942,-29.979
45.456,waypoint_2,-13.712,-89.018,-29.979
45.490,waypoint_2,-13.638,-89.113,-29.980
45.522,waypoint_2,-13.579,-89.189,-29.980
45.556,waypoint_2,-13.520,-89.264,-29.981
45.590,waypoint_2,-13.461,-89.340,-29.981
45.622,waypoint_2,-13.402,-89.416,-29.981
45.656,waypoint_2,-13.343,-89.492,-29.982
45.690,waypoint_2,-13.268,-89.588,-29.982
45.722,waypoint_2,-13.209,-89.664,-29.983
45.756,waypoint_2,-13.149,-89.740,-29.984
45.790,waypoint_2,-13.089,-89.817,-29.984
45.822,waypoint_2,-13.030,-89.893,-29.985
45.856,waypoint_2,-12.970,-89.970,-29.985
45.890,waypoint_2,-12.895,-90.066,-29.986
45.922,waypoint_2,-12.835,-90.142,-29.986
45.956,waypoint_2,-12.775,-90.219,-29.987
45.991,waypoint_2,-12.715,-90.296,-29.987
46.023,waypoint_2,-12.654,-90.372,-29.987
46.057,waypoint_2,-12.594,-90.449,-29.987
46.091,waypoint_2,-12.519,-90.544,-29.988
46.123,waypoint_2,-12.459,-90.621,-29.988
46.157,waypoint_2,-12.399,-90.697,-29.988
46.191,waypoint_2,-12.339,-90.773,-29.988
46.223,waypoint_2,-12.279,-90.850,-29.988
46.257,waypoint_2,-12.219,-90.926,-29.988
46.291,waypoint_2,-12.144,-91.021,-29.988
46.323,waypoint_2,-12.084,-91.097,-29.988
46.357,waypoint_2,-12.025,-91.173,-29.988
46.391,waypoint_2,-11.965,-91.249,-29.987
46.423,waypoint_2,-11.905,-91.325,-29.987
46.457,waypoint_2,-11.845,-91.401,-29.986
46.491,waypoint_2,-11.771,-91.496,-29.986
46.523,waypoint_2,-11.711,-91.571,-29.985
46.557,waypoint_2,-11.651,-91.647,-29.985
46.591,waypoint_2,-11.592,-91.722,-29.985
46.623,waypoint_2,-11.533,-91.797,-29.985
46.657,waypoint_2,-11.473,-91.873,-29.985
46.691,waypoint_2,-11.400,-91.967,-29.985
46.723,waypoint_2,-11.341,-92.042,-29.985
46.757,waypoint_2,-11.282,-92.117,-29.985
46.791,waypoint_2,-11.223,-92.193,-29.985
46.823,waypoint_2,-11.165,-92.268,-29.986
46.858,waypoint_2,-11.107,-92.343,-29.986
46.892,waypoint_2,-11.034,-92.437,-29.986
46.924,waypoint_2,-10.975,-92.512,-29.987
46.958,waypoint_2,-10.917,-92.588,-29.987
46.992,waypoint_2,-10.858,-92.663,-29.987
47.024,waypoint_2,-10.800,-92.738,-29.987
47.058,waypoint_2,-10.741,-92.813,-29.988
47.092,waypoint_2,-10.668,-92.907,-29.987
47.124,waypoint_2,-10.609,-92.982,-29.987
47.158,waypoint_2,-10.550,-93.058,-29.987
47.192,waypoint_2,-10.491,-93.133,-29.986
47.224,waypoint_2,-10.432,-93.209,-29.986
47.258,waypoint_2,-10.373,-93.284,-29.985
47.292,waypoint_2,-10.299,-93.379,-29.985
47.324,waypoint_2,-10.240,-93.455,-29.984
47.358,waypoint_2,-10.181,-93.531,-29.984
47.392,waypoint_2,-10.122,-93.607,-29.983
47.424,waypoint_2,-10.063,-93.684,-29.982
47.458,waypoint_2,-10.004,-93.760,-29.982
47.492,waypoint_2,-9.930,-93.855,-29.981
47.524,waypoint_2,-9.871,-93.932,-29.981
47.558,waypoint_2,-9.813,-94.008,-29.980
47.592,waypoint_2,-9.755,-94.085,-29.980
47.624,waypoint_2,-9.696,-94.161,-29.980
47.658,waypoint_2,-9.638,-94.238,-29.979
47.692,waypoint_2,-9.565,-94.333,-29.979
47.724,waypoint_2,-9.507,-94.410,-29.978
47.758,waypoint_2,-9.449,-94.486,-29.978
47.792,waypoint_2,-9.391,-94.563,-29.978
47.825,waypoint_2,-9.333,-94.640,-29.977
47.858,waypoint_2,-9.275,-94.716,-29.977
47.892,waypoint_2,-9.203,-94.812,-29.977
47.924,waypoint_2,-9.145,-94.889,-29.977
47.958,waypoint_2,-9.087,-94.966,-29.977
47.992,waypoint_2,-9.029,-95.043,-29.976
48.026,waypoint_2,-8.971,-95.119,-29.976
48.060,waypoint_2,-8.913,-95.196,-29.976
48.093,waypoint_2,-8.840,-95.293,-29.977
48.126,waypoint_2,-8.782,-95.370,-29.977
48.159,waypoint_2,-8.724,-95.446,-29.977
48.194,waypoint_2,-8.665,-95.523,-29.977
48.226,waypoint_2,-8.607,-95.600,-29.978
48.259,waypoint_2,-8.548,-95.677,-29.978
48.294,waypoint_2,-8.475,-95.773,-29.978
48.326,waypoint_2,-8.417,-95.849,-29.979
48.359,waypoint_2,-8.358,-95.925,-29.979
48.394,waypoint_2,-8.299,-96.001,-29.980
48.426,waypoint_2,-8.241,-96.077,-29.980
48.460,waypoint_2,-8.182,-96.153,-29.981
48.495,waypoint_2,-8.108,-96.248,-29.981
48.527,waypoint_2,-8.049,-96.323,-29.982
48.561,waypoint_2,-7.990,-96.399,-29.982
48.594,waypoint_2,-7.931,-96.474,-29.983
48.627,waypoint_2,-7.871,-96.550,-29.984
48.660,waypoint_2,-7.812,-96.625,-29.984
48.695,waypoint_2,-7.738,-96.719,-29.985
48.727,waypoint_2,-7.679,-96.795,-29.986
48.760,waypoint_2,-7.620,-96.870,-29.986
48.795,waypoint_2,-7.561,-96.946,-29.986
48.827,waypoint_2,-7.501,-97.021,-29.987
48.861,waypoint_2,-7.442,-97.097,-29.987
48.895,waypoint_2,-7.368,-97.192,-29.987
48.927,waypoint_2,-7.309,-97.267,-29.987
48.960,waypoint_2,-7.250,-97.343,-29.987
48.995,waypoint_2,-7.191,-97.419,-29.987
49.027,waypoint_2,-7.133,-97.495,-29.987
49.061,waypoint_2,-7.074,-97.570,-29.987
49.095,waypoint_2,-7.000,-97.665,-29.987
49.127,waypoint_2,-6.942,-97.740,-29.986
49.160,waypoint_2,-6.883,-97.816,-29.986
49.194,waypoint_2,-6.825,-97.891,-29.986
49.227,waypoint_2,-6.766,-97.966,-29.985
49.260,waypoint_2,-6.708,-98.042,-29.985
49.295,waypoint_2,-6.635,-98.136,-29.984
49.326,waypoint_2,-6.577,-98.212,-29.984
49.360,waypoint_2,-6.519,-98.288,-29.983
49.395,waypoint_2,-6.461,-98.364,-29.983
49.427,waypoint_2,-6.403,-98.440,-29.982
49.460,waypoint_2,-6.344,-98.516,-29.982
49.494,waypoint_2,-6.272,-98.611,-29.981
49.527,waypoint_2,-6.213,-98.687,-29.980
49.561,waypoint_2,-6.155,-98.764,-29.980
49.595,waypoint_2,-6.096,-98.840,-29.979
49.627,waypoint_2,-6.038,-98.916,-29.979
49.660,waypoint_2,-5.979,-98.993,-29.978
49.695,waypoint_2,-5.906,-99.089,-29.978
49.727,waypoint_2,-5.848,-99.165,-29.978
49.760,waypoint_2,-5.789,-99.242,-29.977
49.795,waypoint_2,-5.731,-99.319,-29.977
49.826,waypoint_2,-5.672,-99.395,-29.977
49.860,waypoint_2,-5.614,-99.472,-29.977
49.895,waypoint_2,-5.541,-99.569,-29.976
49.926,waypoint_2,-5.482,-99.646,-29.976
49.960,waypoint_2,-5.424,-99.723,-29.976
49.994,waypoint_2,-5.365,-99.800,-29.975
50.027,waypoint_2,-5.307,-99.877,-29.975
50.060,waypoint_2,-5.249,-99.955,-29.975
50.095,waypoint_2,-5.176,-100.051,-29.974
50.127,waypoint_2,-5.117,-100.129,-29.974
50.161,waypoint_2,-5.059,-100.206,-29.973
50.194,waypoint_2,-5.000,-100.283,-29.973
50.228,waypoint_2,-4.942,-100.361,-29.973
50.262,waypoint_2,-4.883,-100.438,-29.972
50.296,waypoint_2,-4.811,-100.535,-29.972
50.329,waypoint_2,-4.753,-100.612,-29.972
50.363,waypoint_2,-4.695,-100.690,-29.972
50.397,waypoint_2,-4.637,-100.767,-29.971
50.429,waypoint_2,-4.579,-100.845,-29.971
50.463,waypoint_2,-4.521,-100.922,-29.971
50.497,waypoint_2,-4.449,-101.019,-29.971
50.529,waypoint_2,-4.392,-101.096,-29.971
50.563,waypoint_2,-4.334,-101.174,-29.971
50.597,waypoint_2,-4.277,-101.251,-29.972
50.629,waypoint_2,-4.219,-101.329,-29.972
50.663,waypoint_2,-4.162,-101.406,-29.972
50.697,waypoint_2,-4.091,-101.503,-29.972
50.730,waypoint_2,-4.033,-101.581,-29.972
50.764,waypoint_2,-3.976,-101.658,-29.973
50.798,waypoint_2,-3.919,-101.736,-29.973
50.830,waypoint_2,-3.862,-101.813,-29.973
50.864,waypoint_2,-3.805,-101.890,-29.973
50.898,waypoint_2,-3.734,-101.987,-29.973
50.930,waypoint_2,-3.677,-102.064,-29.973
50.964,waypoint_2,-3.620,-102.141,-29.973
50.998,waypoint_2,-3.563,-102.217,-29.974
51.030,waypoint_2,-3.506,-102.294,-29.974
51.064,waypoint_2,-3.449,-102.371,-29.974
51.098,waypoint_2,-3.379,-102.467,-29.974
51.130,waypoint_2,-3.322,-102.544,-29.975
51.164,waypoint_2,-3.265,-102.621,-29.975
51.198,waypoint_2,-3.209,-102.698,-29.975
51.231,waypoint_2,-3.152,-102.775,-29.975
51.265,waypoint_2,-3.095,-102.852,-29.975
51.299,waypoint_2,-3.025,-102.948,-29.975
51.331,waypoint_2,-2.968,-103.026,-29.975
51.365,waypoint_2,-2.912,-103.103,-29.975
51.399,waypoint_2,-2.855,-103.181,-29.975
51.431,waypoint_2,-2.799,-103.258,-29.975
51.465,waypoint_2,-2.743,-103.336,-29.975
51.499,waypoint_2,-2.672,-103.433,-29.974
51.531,waypoint_2,-2.616,-103.511,-29.974
51.565,waypoint_2,-2.560,-103.589,-29.974
51.599,waypoint_2,-2.504,-103.667,-29.974
51.631,waypoint_2,-2.448,-103.744,-29.974
51.665,waypoint_2,-2.393,-103.822,-29.974
51.699,waypoint_2,-2.323,-103.919,-29.974
51.731,waypoint_2,-2.267,-103.997,-29.973
51.765,waypoint_2,-2.211,-104.075,-29.973
51.799,waypoint_2,-2.156,-104.153,-29.973
51.831,waypoint_2,-2.100,-104.231,-29.973
51.865,waypoint_2,-2.044,-104.309,-29.973
51.899,waypoint_2,-1.974,-104.406,-29.973
51.931,waypoint_2,-1.917,-104.484,-29.973
51.965,waypoint_2,-1.861,-104.562,-29.974
51.999,waypoint_2,-1.804,-104.641,-29.974
52.031,waypoint_2,-1.747,-104.719,-29.974
52.065,waypoint_2,-1.691,-104.797,-29.974
52.099,waypoint_2,-1.620,-104.895,-29.975
52.131,waypoint_2,-1.563,-104.973,-29.975
52.165,waypoint_2,-1.506,-105.051,-29.975
52.199,waypoint_2,-1.449,-105.129,-29.976
52.231,waypoint_2,-1.392,-105.207,-29.976
52.265,waypoint_2,-1.335,-105.285,-29.976
52.299,waypoint_2,-1.263,-105.382,-29.976
52.331,waypoint_2,-1.206,-105.460,-29.977
52.365,waypoint_2,-1.149,-105.538,-29.977
52.402,waypoint_2,-1.093,-105.615,-29.977
52.434,waypoint_2,-1.036,-105.693,-29.977
52.468,waypoint_2,-0.979,-105.771,-29.977
52.502,waypoint_2,-0.908,-105.868,-29.977
52.534,waypoint_2,-0.851,-105.945,-29.977
52.568,waypoint_2,-0.794,-106.023,-29.977
52.602,waypoint_2,-0.738,-106.100,-29.977
52.634,waypoint_2,-0.681,-106.177,-29.978
52.668,waypoint_2,-0.624,-106.254,-29.978
52.702,waypoint_2,-0.553,-106.351,-29.978
52.734,waypoint_2,-0.496,-106.428,-29.978
52.768,waypoint_2,-0.439,-106.505,-29.978
52.802,waypoint_2,-0.382,-106.582,-29.978
52.834,waypoint_2,-0.326,-106.659,-29.978
52.868,waypoint_2,-0.269,-106.736,-29.978
52.902,waypoint_2,-0.198,-106.832,-29.978
52.934,waypoint_2,-0.141,-106.908,-29.978
52.968,waypoint_2,-0.084,-106.985,-29.978
53.002,waypoint_2,-0.028,-107.062,-29.977
53.034,waypoint_2,0.029,-107.139,-29.977
53.068,waypoint_2,0.086,-107.216,-29.977
53.102,waypoint_2,0.156,-107.312,-29.977
53.134,waypoint_2,0.212,-107.389,-29.977
53.168,waypoint_2,0.269,-107.466,-29.976
53.202,waypoint_2,0.324,-107.543,-29.976
53.234,waypoint_2,0.380,-107.621,-29.976
53.268,waypoint_2,0.436,-107.698,-29.976
53.302,waypoint_2,0.505,-107.795,-29.975
53.334,waypoint_2,0.560,-107.873,-29.975
53.368,waypoint_2,0.615,-107.951,-29.975
53.402,waypoint_2,0.671,-108.029,-29.975
53.434,waypoint_2,0.725,-108.107,-29.975
53.468,waypoint_2,0.780,-108.185,-29.975
53.502,waypoint_2,0.849,-108.282,-29.975
53.534,waypoint_2,0.904,-108.361,-29.975
53.568,waypoint_2,0.959,-108.439,-29.975
53.602,waypoint_2,1.015,-108.517,-29.975
53.634,waypoint_2,1.070,-108.595,-29.975
53.668,waypoint_2,1.125,-108.674,-29.976
53.702,waypoint_2,1.194,-108.772,-29.976
53.734,waypoint_2,1.250,-108.850,-29.977
53.768,waypoint_2,1.305,-108.929,-29.977
53.802,waypoint_2,1.360,-109.007,-29.977
53.834,waypoint_2,1.416,-109.086,-29.977
53.868,waypoint_2,1.472,-109.164,-29.977
53.902,waypoint_2,1.541,-109.262,-29.977
53.934,waypoint_2,1.597,-109.340,-29.977
53.968,waypoint_2,1.653,-109.419,-29.977
54.002,waypoint_2,1.709,-109.497,-29.977
54.035,waypoint_2,1.764,-109.576,-29.977
54.069,waypoint_2,1.820,-109.654,-29.977
54.103,waypoint_2,1.890,-109.752,-29.976
54.135,waypoint_2,1.946,-109.830,-29.976
54.169,waypoint_2,2.002,-109.909,-29.976
54.203,waypoint_2,2.058,-109.987,-29.976
54.235,waypoint_2,2.115,-110.065,-29.976
54.269,waypoint_2,2.171,-110.143,-29.976
54.303,waypoint_2,2.241,-110.241,-29.976
54.335,waypoint_2,2.297,-110.319,-29.976
54.369,waypoint_2,2.353,-110.397,-29.976
54.403,waypoint_2,2.410,-110.475,-29.976
54.435,waypoint_2,2.466,-110.553,-29.976
54.469,waypoint_2,2.522,-110.631,-29.977
54.503,waypoint_2,2.592,-110.729,-29.976
54.535,waypoint_2,2.648,-110.808,-29.976
54.569,waypoint_2,2.703,-110.886,-29.976
54.603,waypoint_2,2.759,-110.965,-29.976
54.636,waypoint_2,2.815,-111.044,-29.976
54.670,waypoint_2,2.871,-111.122,-29.976
54.704,waypoint_2,2.940,-111.221,-29.976
54.736,waypoint_2,2.996,-111.299,-29.976
54.770,waypoint_2,3.051,-111.378,-29.976
54.804,waypoint_2,3.106,-111.456,-29.976
54.836,waypoint_2,3.162,-111.535,-29.976
54.870,waypoint_2,3.217,-111.613,-29.976
54.904,waypoint_2,3.287,-111.711,-29.976
54.936,waypoint_2,3.343,-111.789,-29.976
54.970,waypoint_2,3.398,-111.867,-29.976
55.004,waypoint_2,3.454,-111.946,-29.975
55.036,waypoint_2,3.510,-112.024,-29.975
55.070,waypoint_2,3.566,-112.102,-29.975
55.104,waypoint_2,3.635,-112.199,-29.975
55.136,waypoint_2,3.691,-112.277,-29.976
55.170,waypoint_2,3.747,-112.355,-29.976
55.204,waypoint_2,3.804,-112.433,-29.976
55.236,waypoint_2,3.860,-112.511,-29.977
55.270,waypoint_2,3.916,-112.589,-29.977
55.304,waypoint_2,3.986,-112.687,-29.978
55.336,waypoint_2,4.042,-112.765,-29.979
55.370,waypoint_2,4.099,-112.843,-29.979
55.404,waypoint_2,4.155,-112.921,-29.980
55.436,waypoint_2,4.211,-112.999,-29.981
55.470,waypoint_2,4.268,-113.076,-29.981
55.504,waypoint_2,4.338,-113.174,-29.982
55.536,waypoint_2,4.394,-113.252,-29.982
55.570,waypoint_2,4.451,-113.330,-29.983
55.604,waypoint_2,4.507,-113.407,-29.984
55.636,waypoint_2,4.563,-113.485,-29.984
55.670,waypoint_2,4.619,-113.563,-29.984
55.704,waypoint_2,4.690,-113.660,-29.985
55.736,waypoint_2,4.746,-113.738,-29.985
55.770,waypoint_2,4.802,-113.815,-29.985
55.804,waypoint_2,4.858,-113.893,-29.986
55.836,waypoint_2,4.914,-113.970,-29.986
55.870,waypoint_2,4.970,-114.047,-29.986
55.904,waypoint_2,5.040,-114.144,-29.987
55.936,waypoint_2,5.096,-114.221,-29.987
55.970,waypoint_2,5.152,-114.298,-29.987
56.004,waypoint_2,5.208,-114.376,-29.987
56.036,waypoint_2,5.264,-114.453,-29.987
56.070,waypoint_2,5.319,-114.530,-29.987
56.104,waypoint_2,5.389,-114.627,-29.987
56.148,waypoint_2,5.445,-114.704,-29.987
56.206,waypoint_2,5.501,-114.782,-29.987
56.238,waypoint_2,5.557,-114.859,-29.987
56.272,waypoint_2,5.613,-114.937,-29.987
56.306,waypoint_2,5.669,-115.014,-29.987
56.338,waypoint_2,5.725,-115.091,-29.987
56.372,waypoint_2,5.795,-115.188,-29.987
56.406,waypoint_2,5.851,-115.265,-29.986
56.438,waypoint_2,5.907,-115.343,-29.986
56.472,waypoint_2,5.964,-115.420,-29.986
56.506,waypoint_2,6.020,-115.498,-29.985
56.538,waypoint_2,6.076,-115.575,-29.985
56.572,waypoint_2,6.146,-115.672,-29.984
56.606,waypoint_2,6.203,-115.750,-29.984
56.638,waypoint_2,6.259,-115.828,-29.984
56.672,waypoint_2,6.316,-115.906,-29.983
56.706,waypoint_2,6.372,-115.984,-29.983
56.738,waypoint_2,6.429,-116.061,-29.983
56.772,waypoint_2,6.500,-116.159,-29.983
56.806,waypoint_2,6.556,-116.236,-29.983
56.838,waypoint_2,6.613,-116.314,-29.983
56.872,waypoint_2,6.670,-116.392,-29.983
56.906,waypoint_2,6.726,-116.470,-29.983
56.938,waypoint_2,6.783,-116.548,-29.984
56.973,waypoint_2,6.854,-116.646,-29.984
57.007,waypoint_2,6.910,-116.724,-29.985
57.039,waypoint_2,6.967,-116.802,-29.985
57.073,waypoint_2,7.023,-116.880,-29.986
57.107,waypoint_2,7.080,-116.958,-29.986
57.140,waypoint_2,7.136,-117.036,-29.986
57.174,waypoint_2,7.207,-117.134,-29.987
57.208,waypoint_2,7.263,-117.212,-29.987
57.240,waypoint_2,7.320,-117.290,-29.988
57.274,waypoint_2,7.376,-117.368,-29.988
57.308,waypoint_2,7.433,-117.446,-29.988
57.340,waypoint_2,7.490,-117.524,-29.988
57.374,waypoint_2,7.560,-117.622,-29.988
57.408,waypoint_2,7.617,-117.700,-29.988
57.440,waypoint_2,7.674,-117.778,-29.988
57.474,waypoint_2,7.730,-117.857,-29.987
57.510,waypoint_2,7.786,-117.935,-29.987
57.542,waypoint_2,7.843,-118.013,-29.986
57.576,waypoint_2,7.913,-118.112,-29.986
57.610,waypoint_2,7.969,-118.190,-29.986
57.643,waypoint_2,8.025,-118.269,-29.985
57.677,waypoint_2,8.081,-118.347,-29.985
57.712,waypoint_2,8.136,-118.426,-29.985
57.743,waypoint_2,8.192,-118.505,-29.984
57.777,waypoint_2,8.261,-118.603,-29.984
57.811,waypoint_2,8.317,-118.682,-29.984
57.843,waypoint_2,8.373,-118.761,-29.983
57.878,waypoint_2,8.428,-118.840,-29.983
57.911,waypoint_2,8.484,-118.919,-29.983
57.943,waypoint_2,8.539,-118.998,-29.983
57.977,waypoint_2,8.609,-119.096,-29.983
58.012,waypoint_2,8.664,-119.175,-29.983
58.044,waypoint_2,8.720,-119.254,-29.983
58.077,waypoint_2,8.776,-119.333,-29.983
58.111,waypoint_2,8.832,-119.412,-29.983
58.143,waypoint_2,8.888,-119.491,-29.983
58.177,waypoint_2,8.957,-119.590,-29.982
58.211,waypoint_2,9.013,-119.669,-29.982
58.243,waypoint_2,9.069,-119.748,-29.982
58.277,waypoint_2,9.125,-119.826,-29.981
58.311,waypoint_2,9.180,-119.905,-29.980
58.343,waypoint_2,9.236,-119.984,-29.979
58.377,waypoint_2,9.306,-120.083,-29.978
58.411,waypoint_2,9.362,-120.162,-29.977
58.443,waypoint_2,9.418,-120.241,-29.976
58.477,waypoint_2,9.474,-120.319,-29.975
58.511,waypoint_2,9.530,-120.398,-29.974
58.545,waypoint_2,9.586,-120.476,-29.974
58.578,waypoint_2,9.656,-120.574,-29.973
58.612,waypoint_2,9.713,-120.652,-29.972
58.644,waypoint_2,9.769,-120.730,-29.972
58.678,waypoint_2,9.825,-120.808,-29.971
58.712,waypoint_2,9.882,-120.886,-29.971
58.744,waypoint_2,9.938,-120.964,-29.971
58.778,waypoint_2,10.009,-121.061,-29.970
58.812,waypoint_2,10.065,-121.139,-29.970
58.845,waypoint_2,10.122,-121.216,-29.970
58.880,waypoint_2,10.178,-121.294,-29.970
58.914,waypoint_2,10.235,-121.372,-29.970
58.945,waypoint_2,10.291,-121.449,-29.970
58.979,waypoint_2,10.362,-121.546,-29.971
59.013,waypoint_2,10.418,-121.624,-29.971
59.045,waypoint_2,10.474,-121.702,-29.971
59.079,waypoint_2,10.531,-121.779,-29.971
59.113,waypoint_2,10.587,-121.857,-29.972
59.146,waypoint_2,10.644,-121.935,-29.972
59.179,waypoint_2,10.715,-122.032,-29.973
59.214,waypoint_2,10.771,-122.109,-29.973
59.246,waypoint_2,10.828,-122.187,-29.974
59.279,waypoint_2,10.884,-122.264,-29.974
59.313,waypoint_2,10.941,-122.341,-29.974
59.345,waypoint_2,10.998,-122.419,-29.975
59.379,waypoint_2,11.069,-122.515,-29.975
59.414,waypoint_2,11.126,-122.593,-29.975
59.446,waypoint_2,11.183,-122.670,-29.975
59.481,waypoint_2,11.240,-122.748,-29.975
59.515,waypoint_2,11.297,-122.825,-29.975
59.548,waypoint_2,11.354,-122.902,-29.975
59.582,waypoint_2,11.425,-122.999,-29.975
59.616,waypoint_2,11.482,-123.077,-29.976
59.648,waypoint_2,11.539,-123.154,-29.976
59.682,waypoint_2,11.596,-123.232,-29.976
59.716,waypoint_2,11.652,-123.310,-29.976
59.748,waypoint_2,11.709,-123.387,-29.976
59.782,waypoint_2,11.779,-123.484,-29.977
59.816,waypoint_2,11.836,-123.562,-29.977
59.848,waypoint_2,11.892,-123.640,-29.976
59.882,waypoint_2,11.948,-123.718,-29.976
59.916,waypoint_2,12.004,-123.795,-29.976
59.948,waypoint_2,12.060,-123.873,-29.976
59.982,waypoint_2,12.129,-123.971,-29.976
60.016,waypoint_2,12.185,-124.049,-29.975
60.048,waypoint_2,12.240,-124.127,-29.975
60.082,waypoint_2,12.295,-124.204,-29.975
60.116,waypoint_2,12.351,-124.282,-29.974
60.148,waypoint_2,12.406,-124.360,-29.974
60.182,waypoint_2,12.475,-124.457,-29.973
60.216,waypoint_2,12.531,-124.535,-29.973
60.249,waypoint_2,12.586,-124.613,-29.972
60.282,waypoint_2,12.641,-124.691,-29.972
60.316,waypoint_2,12.696,-124.769,-29.971
60.348,waypoint_2,12.751,-124.847,-29.971
60.382,waypoint_2,12.820,-124.945,-29.970
60.416,waypoint_2,12.875,-125.023,-29.970
60.448,waypoint_2,12.930,-125.101,-29.969
60.482,waypoint_2,12.984,-125.180,-29.969
60.516,waypoint_2,13.039,-125.258,-29.969
60.548,waypoint_2,13.094,-125.336,-29.969
60.582,waypoint_2,13.162,-125.434,-29.969
60.616,waypoint_2,13.216,-125.513,-29.969
60.648,waypoint_2,13.271,-125.592,-29.969
60.682,waypoint_2,13.325,-125.670,-29.969
60.716,waypoint_2,13.379,-125.749,-29.969
60.748,waypoint_2,13.434,-125.827,-29.969
60.782,waypoint_3,13.502,-125.926,-29.969
60.816,waypoint_3,13.556,-126.004,-29.970
60.848,waypoint_3,13.610,-126.083,-29.970
60.882,waypoint_3,13.664,-126.161,-29.970
60.916,waypoint_3,13.719,-126.239,-29.973
60.949,waypoint_3,13.772,-126.317,-29.979
60.982,waypoint_3,13.839,-126.414,-29.991
61.016,waypoint_3,13.890,-126.491,-30.003
61.049,waypoint_3,13.939,-126.568,-30.015
61.082,waypoint_3,13.985,-126.643,-30.028
61.116,waypoint_3,14.028,-126.718,-30.040
61.148,waypoint_3,14.066,-126.793,-30.051
61.182,waypoint_3,14.107,-126.885,-30.062
61.216,waypoint_3,14.134,-126.958,-30.069
61.248,waypoint_3,14.156,-127.030,-30.075
61.282,waypoint_3,14.172,-127.102,-30.078
61.316,waypoint_3,14.183,-127.173,-30.080
61.348,waypoint_3,14.187,-127.243,-30.080
61.382,waypoint_3,14.185,-127.330,-30.079
61.416,waypoint_3,14.178,-127.399,-30.076
61.448,waypoint_3,14.164,-127.467,-30.072
61.482,waypoint_3,14.145,-127.535,-30.067
61.516,waypoint_3,14.121,-127.602,-30.061
61.548,waypoint_3,14.092,-127.668,-30.055
61.582,waypoint_3,14.050,-127.751,-30.047
61.616,waypoint_3,14.011,-127.816,-30.040
61.648,waypoint_3,13.968,-127.880,-30.034
61.682,waypoint_3,13.921,-127.944,-30.027
61.716,waypoint_3,13.870,-128.007,-30.020
61.748,waypoint_3,13.817,-128.070,-30.014
61.782,waypoint_3,13.745,-128.148,-30.006
61.816,waypoint_3,13.686,-128.210,-30.001
61.848,waypoint_3,13.623,-128.272,-29.996
61.882,waypoint_3,13.559,-128.334,-29.991
61.916,waypoint_3,13.493,-128.394,-29.987
61.948,waypoint_3,13.426,-128.455,-29.983
61.982,waypoint_3,13.339,-128.530,-29.979
62.016,waypoint_3,13.269,-128.590,-29.976
62.048,waypoint_3,13.198,-128.650,-29.973
62.082,waypoint_3,13.126,-128.710,-29.971
62.116,waypoint_3,13.053,-128.769,-29.969
62.148,waypoint_3,12.980,-128.828,-29.968
62.182,waypoint_3,12.887,-128.902,-29.966
62.216,waypoint_3,12.813,-128.961,-29.965
62.248,waypoint_3,12.739,-129.019,-29.965
62.282,waypoint_3,12.665,-129.078,-29.965
62.316,waypoint_3,12.591,-129.136,-29.965
62.348,waypoint_3,12.517,-129.195,-29.965
62.382,waypoint_3,12.424,-129.268,-29.965
62.416,waypoint_3,12.350,-129.326,-29.966
62.448,waypoint_3,12.276,-129.385,-29.966
62.482,waypoint_3,12.202,-129.444,-29.967
62.516,waypoint_3,12.128,-129.503,-29.968
62.548,waypoint_3,12.055,-129.562,-29.969
62.582,waypoint_3,11.963,-129.635,-29.970
62.616,waypoint_3,11.890,-129.695,-29.971
62.648,waypoint_3,11.817,-129.754,-29.972
62.682,waypoint_3,11.745,-129.814,-29.973
62.716,waypoint_3,11.672,-129.874,-29.975
62.748,waypoint_3,11.600,-129.934,-29.976
62.782,waypoint_3,11.510,-130.009,-29.977
62.817,waypoint_3,11.438,-130.069,-29.979
62.851,waypoint_3,11.367,-130.129,-29.980
62.884,waypoint_3,11.296,-130.189,-29.981
62.918,waypoint_3,11.225,-130.249,-29.982
62.951,waypoint_3,11.154,-130.309,-29.984
62.984,waypoint_3,11.065,-130.385,-29.985
63.018,waypoint_3,10.994,-130.445,-29.986
63.050,waypoint_3,10.923,-130.505,-29.987
63.084,waypoint_3,10.853,-130.565,-29.988
63.119,waypoint_3,10.782,-130.626,-29.989
63.150,waypoint_3,10.711,-130.686,-29.990
63.184,waypoint_3,10.623,-130.761,-29.991
63.218,waypoint_3,10.552,-130.822,-29.991
63.250,waypoint_3,10.481,-130.882,-29.991
63.285,waypoint_3,10.410,-130.943,-29.992
63.318,waypoint_3,10.339,-131.003,-29.992
63.351,waypoint_3,10.268,-131.064,-29.993
63.385,waypoint_3,10.179,-131.139,-29.993
63.419,waypoint_3,10.107,-131.200,-29.993
63.452,waypoint_3,10.036,-131.260,-29.994
63.485,waypoint_3,9.964,-131.320,-29.994
63.519,waypoint_3,9.892,-131.381,-29.995
63.551,waypoint_3,9.820,-131.441,-29.995
63.585,waypoint_3,9.730,-131.516,-29.995
63.619,waypoint_3,9.658,-131.576,-29.996
63.653,waypoint_3,9.585,-131.636,-29.996
63.687,waypoint_3,9.512,-131.696,-29.996
63.721,waypoint_3,9.439,-131.756,-29.996
63.753,waypoint_3,9.366,-131.816,-29.996
63.787,waypoint_3,9.275,-131.891,-29.995
63.821,waypoint_3,9.202,-131.951,-29.995
63.853,waypoint_3,9.128,-132.011,-29.994
63.887,waypoint_3,9.055,-132.071,-29.993
63.921,waypoint_3,8.981,-132.131,-29.993
63.954,waypoint_3,8.907,-132.191,-29.992
63.988,waypoint_3,8.815,-132.265,-29.992
64.022,waypoint_3,8.741,-132.325,-29.991
64.054,waypoint_3,8.668,-132.385,-29.990
64.088,waypoint_3,8.594,-132.445,-29.990
64.122,waypoint_3,8.520,-132.505,-29.989
64.154,waypoint_3,8.446,-132.565,-29.989
64.188,waypoint_3,8.353,-132.640,-29.988
64.226,waypoint_3,8.279,-132.701,-29.988
64.258,waypoint_3,8.205,-132.761,-29.987
64.293,waypoint_3,8.130,-132.821,-29.987
64.326,waypoint_3,8.056,-132.881,-29.987
64.358,waypoint_3,7.981,-132.942,-29.987
64.393,waypoint_3,7.888,-133.017,-29.986
64.426,waypoint_3,7.813,-133.077,-29.986
64.459,waypoint_3,7.738,-133.138,-29.986
64.493,waypoint_3,7.663,-133.198,-29.986
64.528,waypoint_3,7.588,-133.259,-29.986
64.560,waypoint_3,7.513,-133.320,-29.986
64.594,waypoint_3,7.419,-133.395,-29.986
64.628,waypoint_3,7.344,-133.456,-29.986
64.660,waypoint_3,7.269,-133.517,-29.986
64.694,waypoint_3,7.193,-133.578,-29.986
64.726,waypoint_3,7.118,-133.639,-29.986
64.760,waypoint_3,7.042,-133.699,-29.986
64.794,waypoint_3,6.947,-133.775,-29.986
64.826,waypoint_3,6.871,-133.836,-29.986
64.860,waypoint_3,6.796,-133.896,-29.986
64.894,waypoint_3,6.720,-133.957,-29.986
64.926,waypoint_3,6.644,-134.017,-29.986
64.960,waypoint_3,6.568,-134.078,-29.986
64.994,waypoint_3,6.473,-134.153,-29.986
65.026,waypoint_3,6.397,-134.213,-29.986
65.060,waypoint_3,6.321,-134.274,-29.986
65.094,waypoint_3,6.245,-134.334,-29.985
65.126,waypoint_3,6.169,-134.394,-29.985
65.160,waypoint_3,6.093,-134.454,-29.984
65.194,waypoint_3,5.997,-134.529,-29.983
65.226,waypoint_3,5.921,-134.589,-29.983
65.260,waypoint_3,5.845,-134.650,-29.982
65.294,waypoint_3,5.768,-134.710,-29.982
65.326,waypoint_3,5.691,-134.770,-29.981
65.360,waypoint_3,5.614,-134.829,-29.980
65.394,waypoint_3,5.518,-134.904,-29.979
65.426,waypoint_3,5.441,-134.964,-29.979
65.460,waypoint_3,5.364,-135.024,-29.978
65.494,waypoint_3,5.286,-135.083,-29.978
65.526,waypoint_3,5.209,-135.143,-29.977
65.560,waypoint_3,5.132,-135.202,-29.977
65.594,waypoint_3,5.035,-135.277,-29.976
65.626,waypoint_3,4.958,-135.336,-29.976
65.660,waypoint_3,4.880,-135.396,-29.976
65.694,waypoint_3,4.803,-135.455,-29.976
65.726,waypoint_3,4.726,-135.514,-29.976
65.760,waypoint_3,4.648,-135.573,-29.975
65.794,waypoint_3,4.552,-135.647,-29.976
65.826,waypoint_3,4.474,-135.706,-29.976
65.860,waypoint_3,4.397,-135.766,-29.976
65.894,waypoint_3,4.319,-135.825,-29.976
65.926,waypoint_3,4.242,-135.884,-29.977
65.960,waypoint_3,4.164,-135.943,-29.977
65.994,waypoint_3,4.067,-136.017,-29.978
66.026,waypoint_3,3.989,-136.076,-29.978
66.060,waypoint_3,3.911,-136.135,-29.978
66.094,waypoint_3,3.833,-136.194,-29.979
66.126,waypoint_3,3.756,-136.253,-29.979
66.160,waypoint_3,3.678,-136.312,-29.979
66.194,waypoint_3,3.580,-136.386,-29.980
66.226,waypoint_3,3.502,-136.446,-29.981
66.260,waypoint_3,3.425,-136.505,-29.981
66.294,waypoint_3,3.347,-136.564,-29.982
66.326,waypoint_3,3.269,-136.623,-29.982
66.360,waypoint_3,3.191,-136.683,-29.983
66.394,waypoint_3,3.094,-136.757,-29.984
66.426,waypoint_3,3.016,-136.816,-29.984
66.460,waypoint_3,2.939,-136.875,-29.985
66.494,waypoint_3,2.861,-136.935,-29.986
66.526,waypoint_3,2.783,-136.994,-29.986
66.560,waypoint_3,2.706,-137.054,-29.987
66.594,waypoint_3,2.608,-137.128,-29.988
66.626,waypoint_3,2.530,-137.187,-29.988
66.661,waypoint_3,2.452,-137.247,-29.989
66.695,waypoint_3,2.374,-137.306,-29.989
66.727,waypoint_3,2.296,-137.366,-29.990
66.761,waypoint_3,2.218,-137.426,-29.990
66.795,waypoint_3,2.120,-137.500,-29.990
66.827,waypoint_3,2.042,-137.560,-29.991
66.861,waypoint_3,1.964,-137.620,-29.991
66.895,waypoint_3,1.886,-137.680,-29.991
66.928,waypoint_3,1.807,-137.740,-29.992
66.962,waypoint_3,1.729,-137.799,-29.992
66.996,waypoint_3,1.631,-137.875,-29.992
67.028,waypoint_3,1.552,-137.935,-29.993
67.062,waypoint_3,1.474,-137.995,-29.993
67.096,waypoint_3,1.395,-138.056,-29.994
67.128,waypoint_3,1.317,-138.116,-29.994
67.162,waypoint_3,1.238,-138.177,-29.995
67.196,waypoint_3,1.140,-138.253,-29.995
67.228,waypoint_3,1.062,-138.313,-29.996
67.262,waypoint_3,0.983,-138.374,-29.996
67.296,waypoint_3,0.905,-138.435,-29.997
67.328,waypoint_3,0.827,-138.496,-29.997
67.362,waypoint_3,0.749,-138.557,-29.998
67.396,waypoint_3,0.651,-138.633,-29.999
67.428,waypoint_3,0.573,-138.694,-29.999
67.462,waypoint_3,0.495,-138.755,-29.999
67.496,waypoint_3,0.417,-138.816,-30.000
67.528,waypoint_3,0.339,-138.877,-30.000
67.562,waypoint_3,0.261,-138.938,-30.000
67.596,waypoint_3,0.164,-139.014,-30.001
67.628,waypoint_3,0.086,-139.074,-30.001
67.662,waypoint_3,0.008,-139.135,-30.002
67.696,waypoint_3,-0.070,-139.195,-30.002
67.728,waypoint_3,-0.147,-139.256,-30.003
67.762,waypoint_3,-0.225,-139.316,-30.003
67.796,waypoint_3,-0.322,-139.391,-30.004
67.828,waypoint_3,-0.400,-139.451,-30.004
67.862,waypoint_3,-0.478,-139.511,-30.005
67.896,waypoint_3,-0.557,-139.571,-30.005
67.928,waypoint_3,-0.635,-139.630,-30.006
67.962,waypoint_3,-0.713,-139.690,-30.007
67.996,waypoint_3,-0.811,-139.764,-30.007
68.028,waypoint_3,-0.889,-139.824,-30.008
68.062,waypoint_3,-0.968,-139.883,-30.009
68.096,waypoint_3,-1.046,-139.942,-30.010
68.128,waypoint_3,-1.124,-140.001,-30.010
68.162,waypoint_3,-1.203,-140.060,-30.011
68.196,waypoint_3,-1.301,-140.134,-30.012
68.228,waypoint_3,-1.379,-140.193,-30.013
68.262,waypoint_3,-1.458,-140.252,-30.013
68.296,waypoint_3,-1.536,-140.311,-30.014
68.328,waypoint_3,-1.615,-140.370,-30.015
68.362,waypoint_3,-1.693,-140.429,-30.015
68.396,waypoint_3,-1.792,-140.503,-30.016
68.428,waypoint_3,-1.870,-140.562,-30.016
68.462,waypoint_3,-1.949,-140.621,-30.017
68.496,waypoint_3,-2.027,-140.681,-30.017
68.528,waypoint_3,-2.106,-140.740,-30.018
68.562,waypoint_3,-2.184,-140.799,-30.018
68.596,waypoint_3,-2.282,-140.874,-30.018
68.628,waypoint_3,-2.360,-140.933,-30.019
68.662,waypoint_3,-2.438,-140.993,-30.019
68.696,waypoint_3,-2.516,-141.053,-30.019
68.728,waypoint_3,-2.594,-141.112,-30.020
68.762,waypoint_3,-2.672,-141.172,-30.020
68.796,waypoint_3,-2.769,-141.246,-30.021
68.828,waypoint_3,-2.846,-141.306,-30.021
68.863,waypoint_3,-2.924,-141.366,-30.021
68.897,waypoint_3,-3.001,-141.426,-30.022
68.929,waypoint_3,-3.079,-141.486,-30.022
68.963,waypoint_3,-3.156,-141.546,-30.022
68.997,waypoint_3,-3.253,-141.621,-30.023
69.029,waypoint_3,-3.330,-141.681,-30.023
69.063,waypoint_3,-3.407,-141.741,-30.023
69.097,waypoint_3,-3.484,-141.801,-30.023
69.129,waypoint_3,-3.561,-141.861,-30.023
69.165,waypoint_3,-3.638,-141.922,-30.023
69.200,waypoint_3,-3.734,-141.997,-30.023
69.232,waypoint_3,-3.811,-142.057,-30.022
69.266,waypoint_3,-3.888,-142.118,-30.022
69.300,waypoint_3,-3.964,-142.178,-30.022
69.332,waypoint_3,-4.041,-142.239,-30.021
69.366,waypoint_3,-4.118,-142.299,-30.021
69.400,waypoint_3,-4.213,-142.375,-30.020
69.432,waypoint_3,-4.290,-142.435,-30.019
69.466,waypoint_3,-4.366,-142.496,-30.019
69.500,waypoint_3,-4.443,-142.556,-30.018
69.532,waypoint_3,-4.519,-142.617,-30.017
69.566,waypoint_3,-4.596,-142.677,-30.016
69.600,waypoint_3,-4.691,-142.752,-30.015
69.632,waypoint_3,-4.767,-142.812,-30.015
69.666,waypoint_3,-4.844,-142.872,-30.014
69.701,waypoint_3,-4.920,-142.933,-30.013
69.733,waypoint_3,-4.996,-142.993,-30.013
69.767,waypoint_3,-5.072,-143.053,-30.012
69.801,waypoint_3,-5.168,-143.128,-30.012
69.833,waypoint_3,-5.244,-143.188,-30.011
69.868,waypoint_3,-5.321,-143.248,-30.011
69.902,waypoint_3,-5.397,-143.308,-30.010
69.934,waypoint_3,-5.473,-143.368,-30.010
69.968,waypoint_3,-5.550,-143.427,-30.010
70.002,waypoint_3,-5.645,-143.502,-30.009
70.034,waypoint_3,-5.722,-143.562,-30.009
70.068,waypoint_3,-5.798,-143.622,-30.010
70.102,waypoint_3,-5.874,-143.681,-30.010
70.135,waypoint_3,-5.951,-143.741,-30.010
70.169,waypoint_3,-6.027,-143.800,-30.011
70.203,waypoint_3,-6.122,-143.874,-30.012
70.235,waypoint_3,-6.198,-143.934,-30.012
70.269,waypoint_3,-6.274,-143.993,-30.013
70.303,waypoint_3,-6.351,-144.052,-30.013
70.335,waypoint_3,-6.426,-144.111,-30.014
70.369,waypoint_3,-6.502,-144.170,-30.014
70.403,waypoint_3,-6.598,-144.243,-30.015
70.435,waypoint_3,-6.674,-144.302,-30.015
70.469,waypoint_3,-6.750,-144.361,-30.016
70.503,waypoint_3,-6.826,-144.420,-30.016
70.535,waypoint_3,-6.902,-144.478,-30.016
70.569,waypoint_3,-6.979,-144.537,-30.016
70.603,waypoint_3,-7.074,-144.611,-30.017
70.635,waypoint_3,-7.150,-144.670,-30.017
70.669,waypoint_3,-7.227,-144.729,-30.017
70.703,waypoint_3,-7.303,-144.788,-30.016
70.735,waypoint_3,-7.379,-144.847,-30.016
70.769,waypoint_3,-7.455,-144.906,-30.016
70.803,waypoint_3,-7.551,-144.980,-30.016
70.835,waypoint_3,-7.627,-145.040,-30.016
70.869,waypoint_3,-7.703,-145.099,-30.016
70.903,waypoint_3,-7.779,-145.159,-30.016
70.935,waypoint_3,-7.856,-145.218,-30.016
70.969,waypoint_3,-7.932,-145.278,-30.016
71.003,waypoint_3,-8.028,-145.352,-30.016
71.035,waypoint_3,-8.104,-145.412,-30.016
71.069,waypoint_3,-8.181,-145.471,-30.017
71.103,waypoint_3,-8.257,-145.531,-30.017
71.135,waypoint_3,-8.333,-145.590,-30.017
71.169,waypoint_3,-8.410,-145.650,-30.018
71.203,waypoint_3,-8.505,-145.724,-30.018
71.235,waypoint_3,-8.582,-145.784,-30.018
71.269,waypoint_3,-8.658,-145.843,-30.019
71.303,waypoint_3,-8.734,-145.903,-30.019
71.335,waypoint_3,-8.811,-145.962,-30.020
71.369,waypoint_3,-8.887,-146.022,-30.020
71.403,waypoint_3,-8.983,-146.097,-30.021
71.435,waypoint_3,-9.059,-146.157,-30.021
71.469,waypoint_3,-9.136,-146.217,-30.021
71.503,waypoint_3,-9.212,-146.276,-30.022
71.535,waypoint_3,-9.288,-146.336,-30.022
71.569,waypoint_3,-9.364,-146.396,-30.022
71.603,waypoint_3,-9.459,-146.472,-30.022
71.635,waypoint_3,-9.535,-146.532,-30.022
71.669,waypoint_3,-9.611,-146.592,-30.021
71.703,waypoint_3,-9.687,-146.652,-30.021
71.735,waypoint_3,-9.763,-146.713,-30.021
71.769,waypoint_3,-9.839,-146.773,-30.020
71.803,waypoint_3,-9.935,-146.849,-30.020
71.835,waypoint_3,-10.011,-146.909,-30.019
71.869,waypoint_3,-10.087,-146.970,-30.019
71.903,waypoint_3,-10.163,-147.031,-30.018
71.935,waypoint_3,-10.239,-147.091,-30.017
71.969,waypoint_3,-10.315,-147.152,-30.017
72.003,waypoint_3,-10.410,-147.228,-30.016
72.035,waypoint_3,-10.486,-147.290,-30.015
72.069,waypoint_3,-10.561,-147.351,-30.015
72.103,waypoint_3,-10.637,-147.412,-30.014
72.135,waypoint_3,-10.713,-147.474,-30.014
72.169,waypoint_3,-10.788,-147.535,-30.013
72.203,waypoint_3,-10.883,-147.612,-30.013
72.235,waypoint_3,-10.959,-147.673,-30.012
72.269,waypoint_3,-11.034,-147.735,-30.012
72.303,waypoint_3,-11.110,-147.796,-30.012
72.335,waypoint_3,-11.185,-147.858,-30.011
72.369,waypoint_3,-11.261,-147.919,-30.011
72.403,waypoint_3,-11.355,-147.996,-30.011
72.435,waypoint_3,-11.431,-148.057,-30.011
72.469,waypoint_3,-11.506,-148.119,-30.011
72.503,waypoint_3,-11.581,-148.180,-30.011
72.535,waypoint_3,-11.657,-148.242,-30.012
72.569,waypoint_3,-11.732,-148.303,-30.012
72.603,waypoint_3,-11.825,-148.380,-30.013
72.635,waypoint_3,-11.900,-148.442,-30.013
72.669,waypoint_3,-11.975,-148.503,-30.014
72.703,waypoint_3,-12.050,-148.565,-30.015
72.736,waypoint_3,-12.125,-148.627,-30.015
72.770,waypoint_3,-12.200,-148.688,-30.016
72.804,waypoint_3,-12.294,-148.766,-30.017
72.836,waypoint_3,-12.369,-148.827,-30.018
72.870,waypoint_3,-12.444,-148.889,-30.018
72.904,waypoint_3,-12.519,-148.951,-30.019
72.936,waypoint_3,-12.594,-149.014,-30.020
72.970,waypoint_3,-12.669,-149.076,-30.021
73.006,waypoint_3,-12.763,-149.154,-30.022
73.037,waypoint_3,-12.838,-149.216,-30.023
73.072,waypoint_3,-12.913,-149.278,-30.023
73.106,waypoint_3,-12.989,-149.341,-30.024
73.137,waypoint_3,-13.064,-149.403,-30.025
73.172,waypoint_3,-13.140,-149.465,-30.026
73.206,waypoint_3,-13.234,-149.543,-30.026
73.237,waypoint_3,-13.310,-149.606,-30.027
73.271,waypoint_3,-13.386,-149.668,-30.028
73.306,waypoint_3,-13.461,-149.730,-30.029
73.337,waypoint_3,-13.537,-149.793,-30.029
73.371,waypoint_3,-13.613,-149.855,-30.030
73.406,waypoint_3,-13.707,-149.932,-30.031
73.437,waypoint_3,-13.782,-149.995,-30.032
73.472,waypoint_3,-13.858,-150.057,-30.032
73.506,waypoint_3,-13.933,-150.119,-30.033
73.537,waypoint_3,-14.008,-150.181,-30.033
73.572,waypoint_3,-14.084,-150.243,-30.033
73.606,waypoint_3,-14.178,-150.320,-30.034
73.638,waypoint_3,-14.253,-150.382,-30.034
73.672,waypoint_3,-14.328,-150.444,-30.034
73.707,waypoint_3,-14.403,-150.505,-30.034
73.738,waypoint_3,-14.478,-150.567,-30.034
73.772,waypoint_3,-14.553,-150.629,-30.034
73.807,waypoint_3,-14.646,-150.706,-30.033
73.838,waypoint_3,-14.721,-150.767,-30.033
73.873,waypoint_3,-14.796,-150.829,-30.033
73.907,waypoint_3,-14.870,-150.891,-30.033
73.939,waypoint_3,-14.945,-150.953,-30.033
73.973,waypoint_3,-15.019,-151.015,-30.033
74.007,waypoint_3,-15.112,-151.092,-30.033
74.038,waypoint_3,-15.187,-151.154,-30.032
74.073,waypoint_3,-15.261,-151.215,-30.032
74.107,waypoint_3,-15.335,-151.277,-30.032
74.139,waypoint_3,-15.410,-151.339,-30.032
74.172,waypoint_3,-15.484,-151.400,-30.031
74.207,waypoint_3,-15.576,-151.477,-30.031
74.239,waypoint_3,-15.651,-151.539,-30.031
74.273,waypoint_3,-15.725,-151.600,-30.030
74.307,waypoint_3,-15.799,-151.661,-30.030
74.338,waypoint_3,-15.873,-151.723,-30.029
74.372,waypoint_3,-15.947,-151.784,-30.028
74.407,waypoint_3,-16.039,-151.860,-30.028
74.438,waypoint_3,-16.113,-151.921,-30.027
74.473,waypoint_3,-16.187,-151.982,-30.027
74.507,waypoint_3,-16.261,-152.043,-30.026
74.539,waypoint_3,-16.334,-152.103,-30.026
74.572,waypoint_3,-16.408,-152.164,-30.025
74.607,waypoint_3,-16.500,-152.239,-30.024
74.639,waypoint_3,-16.573,-152.300,-30.024
74.672,waypoint_3,-16.647,-152.360,-30.023
74.707,waypoint_3,-16.720,-152.421,-30.023
74.738,waypoint_3,-16.793,-152.481,-30.022
74.772,waypoint_3,-16.866,-152.541,-30.022
74.807,waypoint_3,-16.957,-152.617,-30.021
74.838,waypoint_3,-17.030,-152.677,-30.021
74.872,waypoint_3,-17.103,-152.737,-30.021
74.907,waypoint_3,-17.177,-152.797,-30.020
74.938,waypoint_3,-17.250,-152.857,-30.020
74.972,waypoint_3,-17.324,-152.917,-30.019
75.007,waypoint_3,-17.416,-152.992,-30.019
75.038,waypoint_3,-17.489,-153.052,-30.018
75.072,waypoint_3,-17.563,-153.112,-30.018
75.107,waypoint_3,-17.637,-153.172,-30.018
75.138,waypoint_3,-17.710,-153.231,-30.017
75.172,waypoint_3,-17.784,-153.291,-30.017
75.207,waypoint_3,-17.877,-153.366,-30.017
75.239,waypoint_3,-17.951,-153.426,-30.017
75.272,waypoint_3,-18.025,-153.486,-30.017
75.307,waypoint_3,-18.099,-153.546,-30.017
75.338,waypoint_3,-18.173,-153.606,-30.017
75.372,waypoint_3,-18.247,-153.666,-30.017
75.407,waypoint_3,-18.340,-153.741,-30.017
75.438,waypoint_3,-18.414,-153.801,-30.017
75.472,waypoint_3,-18.489,-153.861,-30.017
75.507,waypoint_3,-18.563,-153.921,-30.017
75.539,waypoint_3,-18.637,-153.981,-30.017
75.572,waypoint_3,-18.711,-154.042,-30.017
75.607,waypoint_3,-18.804,-154.117,-30.017
75.638,waypoint_3,-18.879,-154.177,-30.017
75.672,waypoint_3,-18.953,-154.238,-30.017
75.707,waypoint_3,-19.027,-154.298,-30.017
75.738,waypoint_3,-19.101,-154.358,-30.017
75.773,waypoint_3,-19.175,-154.418,-30.017
75.807,waypoint_3,-19.268,-154.494,-30.017
75.839,waypoint_3,-19.342,-154.554,-30.017
75.872,waypoint_3,-19.416,-154.614,-30.017
75.907,waypoint_3,-19.490,-154.674,-30.017
75.939,waypoint_3,-19.564,-154.735,-30.017
75.973,waypoint_3,-19.638,-154.795,-30.017
76.007,waypoint_3,-19.731,-154.870,-30.016
76.040,waypoint_3,-19.805,-154.931,-30.016
76.074,waypoint_3,-19.879,-154.991,-30.015
76.108,waypoint_3,-19.953,-155.051,-30.015
76.140,waypoint_3,-20.028,-155.112,-30.014
76.174,waypoint_3,-20.102,-155.172,-30.014
76.208,waypoint_3,-20.195,-155.248,-30.013
76.240,waypoint_3,-20.269,-155.309,-30.013
76.275,waypoint_3,-20.344,-155.369,-30.012
76.309,waypoint_3,-20.418,-155.430,-30.012
76.341,waypoint_3,-20.493,-155.490,-30.011
76.377,waypoint_3,-20.568,-155.551,-30.011
76.411,waypoint_3,-20.661,-155.627,-30.011
76.443,waypoint_3,-20.736,-155.687,-30.011
76.477,waypoint_3,-20.811,-155.748,-30.010
76.511,waypoint_3,-20.885,-155.808,-30.010
76.543,waypoint_3,-20.960,-155.869,-30.010
76.577,waypoint_3,-21.035,-155.929,-30.009
76.611,waypoint_3,-21.129,-156.004,-30.009
76.643,waypoint_3,-21.203,-156.065,-30.008
76.677,waypoint_3,-21.278,-156.125,-30.007
76.711,waypoint_3,-21.353,-156.185,-30.007
76.743,waypoint_3,-21.427,-156.246,-30.006
76.777,waypoint_3,-21.502,-156.306,-30.006
76.811,waypoint_3,-21.595,-156.381,-30.005
76.843,waypoint_3,-21.670,-156.441,-30.004
76.877,waypoint_3,-21.744,-156.501,-30.004
76.911,waypoint_3,-21.819,-156.562,-30.003
76.943,waypoint_3,-21.894,-156.622,-30.003
76.977,waypoint_3,-21.968,-156.682,-30.003
77.011,waypoint_3,-22.061,-156.758,-30.003
77.043,waypoint_3,-22.136,-156.818,-30.002
77.077,waypoint_3,-22.210,-156.879,-30.002
77.111,waypoint_3,-22.285,-156.939,-30.002
77.143,waypoint_3,-22.359,-157.000,-30.003
77.177,waypoint_3,-22.433,-157.061,-30.003
77.211,waypoint_3,-22.526,-157.137,-30.003
77.243,waypoint_3,-22.599,-157.197,-30.004
77.277,waypoint_3,-22.673,-157.258,-30.004
77.311,waypoint_3,-22.747,-157.319,-30.004
77.343,waypoint_3,-22.821,-157.380,-30.005
77.377,waypoint_3,-22.895,-157.441,-30.005
77.411,waypoint_3,-22.987,-157.517,-30.006
77.443,waypoint_3,-23.060,-157.579,-30.006
77.477,waypoint_3,-23.134,-157.640,-30.006
77.511,waypoint_3,-23.207,-157.701,-30.006
77.543,waypoint_3,-23.281,-157.762,-30.006
77.577,waypoint_3,-23.355,-157.823,-30.006
77.611,waypoint_3,-23.447,-157.900,-30.006
77.643,waypoint_3,-23.520,-157.961,-30.006
77.677,waypoint_3,-23.594,-158.022,-30.005
77.711,waypoint_3,-23.668,-158.083,-30.005
77.743,waypoint_3,-23.742,-158.145,-30.005
77.777,waypoint_3,-23.816,-158.206,-30.005
77.811,waypoint_3,-23.909,-158.283,-30.004
77.843,waypoint_3,-23.983,-158.344,-30.004
77.877,waypoint_3,-24.057,-158.406,-30.004
77.911,waypoint_3,-24.131,-158.467,-30.004
77.943,waypoint_3,-24.205,-158.529,-30.004
77.977,waypoint_3,-24.279,-158.590,-30.004
78.011,waypoint_3,-24.372,-158.667,-30.004
78.044,waypoint_3,-24.447,-158.728,-30.004
78.077,waypoint_3,-24.521,-158.789,-30.004
78.111,waypoint_3,-24.596,-158.851,-30.005
78.143,waypoint_3,-24.670,-158.912,-30.005
78.177,waypoint_3,-24.745,-158.972,-30.005
78.211,waypoint_3,-24.838,-159.048,-30.005
78.243,waypoint_3,-24.912,-159.109,-30.006
78.277,waypoint_3,-24.987,-159.170,-30.006
78.311,waypoint_3,-25.061,-159.230,-30.006
78.343,waypoint_3,-25.136,-159.291,-30.006
78.377,waypoint_3,-25.210,-159.351,-30.006
78.411,waypoint_3,-25.303,-159.426,-30.007
78.443,waypoint_3,-25.378,-159.487,-30.007
78.477,waypoint_3,-25.452,-159.547,-30.008
78.511,waypoint_3,-25.526,-159.607,-30.008
78.543,waypoint_3,-25.600,-159.667,-30.009
78.577,waypoint_3,-25.675,-159.727,-30.009
78.611,waypoint_3,-25.767,-159.802,-30.010
78.643,waypoint_3,-25.841,-159.862,-30.011
78.677,waypoint_3,-25.915,-159.923,-30.011
78.711,waypoint_3,-25.989,-159.983,-30.012
78.743,waypoint_3,-26.062,-160.043,-30.012
78.777,waypoint_3,-26.136,-160.103,-30.013
78.811,waypoint_3,-26.228,-160.179,-30.013
78.843,waypoint_3,-26.302,-160.239,-30.014
78.877,waypoint_3,-26.376,-160.300,-30.015
78.911,waypoint_3,-26.450,-160.360,-30.015
78.943,waypoint_3,-26.524,-160.421,-30.016
78.978,waypoint_3,-26.598,-160.482,-30.016
79.012,waypoint_3,-26.691,-160.558,-30.017
79.044,waypoint_3,-26.765,-160.620,-30.017
79.078,waypoint_3,-26.840,-160.681,-30.018
79.112,waypoint_3,-26.914,-160.742,-30.018
79.144,waypoint_3,-26.989,-160.803,-30.019
79.178,waypoint_3,-27.064,-160.865,-30.019
79.213,waypoint_3,-27.157,-160.941,-30.020
79.244,waypoint_3,-27.232,-161.003,-30.020
79.278,waypoint_3,-27.307,-161.064,-30.020
79.313,waypoint_3,-27.382,-161.126,-30.021
79.345,waypoint_3,-27.457,-161.187,-30.021
79.380,waypoint_3,-27.531,-161.249,-30.021
79.413,waypoint_3,-27.625,-161.325,-30.021
79.446,waypoint_3,-27.699,-161.387,-30.021
79.479,waypoint_3,-27.774,-161.448,-30.021
79.513,waypoint_3,-27.849,-161.509,-30.021
79.546,waypoint_3,-27.924,-161.570,-30.021
79.579,waypoint_3,-27.998,-161.631,-30.021
79.613,waypoint_3,-28.092,-161.708,-30.021
79.645,waypoint_3,-28.166,-161.769,-30.021
79.680,waypoint_3,-28.241,-161.830,-30.021
79.714,waypoint_3,-28.316,-161.891,-30.021
79.745,waypoint_3,-28.391,-161.952,-30.021
79.779,waypoint_3,-28.465,-162.013,-30.021
79.813,waypoint_3,-28.559,-162.089,-30.021
79.845,waypoint_3,-28.633,-162.150,-30.021
79.879,waypoint_3,-28.708,-162.211,-30.022
79.913,waypoint_3,-28.783,-162.272,-30.022
79.945,waypoint_3,-28.858,-162.333,-30.022
79.980,waypoint_3,-28.932,-162.394,-30.022
80.013,waypoint_3,-29.026,-162.470,-30.022
80.045,waypoint_3,-29.101,-162.531,-30.023
80.094,waypoint_3,-29.175,-162.592,-30.023
80.133,waypoint_3,-29.250,-162.653,-30.023
80.165,waypoint_3,-29.324,-162.714,-30.023
80.199,waypoint_3,-29.399,-162.775,-30.023
80.233,waypoint_3,-29.491,-162.851,-30.022
80.265,waypoint_3,-29.565,-162.911,-30.022
80.299,waypoint_3,-29.639,-162.972,-30.022
80.333,waypoint_3,-29.713,-163.033,-30.022
80.365,waypoint_3,-29.786,-163.094,-30.021
80.399,waypoint_3,-29.860,-163.155,-30.021
80.433,waypoint_3,-29.952,-163.231,-30.021
80.465,waypoint_3,-30.025,-163.292,-30.020
80.499,waypoint_3,-30.098,-163.352,-30.020
80.533,waypoint_3,-30.171,-163.413,-30.020
80.565,waypoint_3,-30.244,-163.474,-30.019
80.599,waypoint_3,-30.316,-163.534,-30.019
80.633,waypoint_3,-30.407,-163.610,-30.019
80.665,waypoint_3,-30.480,-163.671,-30.018
80.699,waypoint_3,-30.552,-163.732,-30.018
80.733,waypoint_3,-30.624,-163.792,-30.018
80.765,waypoint_3,-30.697,-163.853,-30.018
80.799,waypoint_3,-30.769,-163.914,-30.017
80.833,waypoint_3,-30.860,-163.990,-30.017
80.865,waypoint_3,-30.932,-164.050,-30.017
80.899,waypoint_3,-31.005,-164.111,-30.017
80.933,waypoint_3,-31.078,-164.171,-30.016
80.965,waypoint_3,-31.150,-164.232,-30.016
80.999,waypoint_3,-31.223,-164.293,-30.016
81.033,waypoint_3,-31.314,-164.369,-30.015
81.065,waypoint_3,-31.387,-164.430,-30.015
81.099,waypoint_3,-31.460,-164.491,-30.015
81.133,waypoint_3,-31.533,-164.552,-30.015
81.165,waypoint_3,-31.606,-164.614,-30.015
81.199,waypoint_3,-31.679,-164.675,-30.014
81.233,waypoint_3,-31.770,-164.752,-30.014
81.265,waypoint_3,-31.843,-164.814,-30.014
81.299,waypoint_3,-31.916,-164.876,-30.014
81.333,waypoint_3,-31.989,-164.938,-30.014
81.365,waypoint_3,-32.062,-165.000,-30.014
81.399,waypoint_3,-32.135,-165.062,-30.015
81.433,waypoint_3,-32.226,-165.140,-30.015
81.465,waypoint_3,-32.298,-165.203,-30.015
81.499,waypoint_3,-32.371,-165.265,-30.015
81.533,waypoint_3,-32.444,-165.328,-30.015
81.565,waypoint_3,-32.517,-165.391,-30.015
81.600,waypoint_3,-32.590,-165.453,-30.014
81.634,waypoint_3,-32.681,-165.531,-30.014
81.666,waypoint_3,-32.754,-165.594,-30.014
81.700,waypoint_3,-32.827,-165.657,-30.013
81.734,waypoint_3,-32.900,-165.720,-30.013
81.766,waypoint_3,-32.973,-165.782,-30.013
81.800,waypoint_3,-33.046,-165.845,-30.012
81.834,waypoint_3,-33.138,-165.923,-30.012
81.866,waypoint_3,-33.211,-165.986,-30.012
81.901,waypoint_3,-33.284,-166.048,-30.012
81.935,waypoint_3,-33.357,-166.111,-30.012
81.967,waypoint_3,-33.431,-166.173,-30.012
82.001,waypoint_3,-33.504,-166.235,-30.012
82.035,waypoint_3,-33.596,-166.313,-30.013
82.067,waypoint_3,-33.669,-166.375,-30.013
82.101,waypoint_3,-33.742,-166.437,-30.013
82.135,waypoint_3,-33.816,-166.499,-30.013
82.168,waypoint_3,-33.889,-166.560,-30.013
82.201,waypoint_3,-33.963,-166.622,-30.013
82.235,waypoint_3,-34.054,-166.699,-30.013
82.267,waypoint_3,-34.128,-166.761,-30.013
82.301,waypoint_3,-34.201,-166.823,-30.013
82.335,waypoint_3,-34.274,-166.885,-30.012
82.368,waypoint_3,-34.347,-166.947,-30.012
82.402,waypoint_3,-34.420,-167.008,-30.012
82.436,waypoint_3,-34.511,-167.086,-30.012
82.468,waypoint_3,-34.584,-167.147,-30.011
82.502,waypoint_3,-34.657,-167.209,-30.011
82.536,waypoint_3,-34.729,-167.271,-30.011
82.568,waypoint_3,-34.802,-167.332,-30.010
82.602,waypoint_3,-34.875,-167.394,-30.010
82.636,waypoint_3,-34.966,-167.471,-30.009
82.669,waypoint_3,-35.039,-167.532,-30.008
82.703,waypoint_3,-35.112,-167.593,-30.008
82.737,waypoint_3,-35.185,-167.654,-30.007
82.769,waypoint_3,-35.258,-167.715,-30.007
82.803,waypoint_3,-35.331,-167.777,-30.006
82.837,waypoint_3,-35.422,-167.853,-30.006
82.869,waypoint_3,-35.495,-167.914,-30.005
82.903,waypoint_3,-35.568,-167.975,-30.005
82.937,waypoint_3,-35.642,-168.036,-30.005
82.969,waypoint_3,-35.715,-168.096,-30.004
83.003,waypoint_3,-35.788,-168.157,-30.004
83.037,waypoint_3,-35.880,-168.233,-30.003
83.069,waypoint_3,-35.953,-168.294,-30.002
83.103,waypoint_3,-36.026,-168.355,-30.002
83.137,waypoint_3,-36.100,-168.416,-30.002
83.169,waypoint_3,-36.173,-168.477,-30.002
83.203,waypoint_3,-36.246,-168.538,-30.002
83.237,waypoint_3,-36.338,-168.614,-30.002
83.269,waypoint_3,-36.411,-168.675,-30.002
83.303,waypoint_3,-36.484,-168.736,-30.003
83.337,waypoint_3,-36.557,-168.797,-30.003
83.369,waypoint_3,-36.631,-168.858,-30.004
83.403,waypoint_3,-36.704,-168.919,-30.004
83.437,waypoint_3,-36.795,-168.995,-30.005
83.469,waypoint_3,-36.868,-169.057,-30.006
83.503,waypoint_3,-36.942,-169.118,-30.007
83.537,waypoint_3,-37.015,-169.179,-30.008
83.569,waypoint_3,-37.088,-169.240,-30.009
83.603,waypoint_3,-37.162,-169.302,-30.009
83.637,waypoint_3,-37.253,-169.378,-30.010
83.669,waypoint_3,-37.326,-169.440,-30.010
83.703,waypoint_3,-37.399,-169.501,-30.011
83.737,waypoint_3,-37.473,-169.563,-30.011
83.769,waypoint_3,-37.546,-169.624,-30.012
83.803,waypoint_3,-37.619,-169.686,-30.012
83.837,waypoint_3,-37.710,-169.763,-30.012
83.869,waypoint_3,-37.783,-169.825,-30.012
83.903,waypoint_3,-37.857,-169.886,-30.012
83.937,waypoint_3,-37.930,-169.948,-30.013
83.969,waypoint_3,-38.004,-170.010,-30.013
84.003,waypoint_3,-38.077,-170.071,-30.013
84.037,waypoint_3,-38.169,-170.148,-30.014
84.069,waypoint_3,-38.243,-170.210,-30.014
84.103,waypoint_3,-38.316,-170.271,-30.015
84.137,waypoint_3,-38.390,-170.333,-30.015
84.169,waypoint_3,-38.463,-170.394,-30.016
84.204,waypoint_3,-38.536,-170.455,-30.016
84.237,waypoint_3,-38.628,-170.531,-30.017
84.269,waypoint_3,-38.701,-170.592,-30.018
84.303,waypoint_3,-38.775,-170.653,-30.018
84.337,waypoint_3,-38.848,-170.714,-30.019
84.369,waypoint_3,-38.921,-170.774,-30.019
84.403,waypoint_3,-38.994,-170.835,-30.019
84.437,waypoint_3,-39.085,-170.910,-30.020
84.469,waypoint_3,-39.158,-170.971,-30.021
84.504,waypoint_3,-39.231,-171.031,-30.021
84.538,waypoint_3,-39.304,-171.092,-30.022
84.570,waypoint_3,-39.377,-171.152,-30.023
84.604,waypoint_3,-39.450,-171.212,-30.024
84.638,waypoint_3,-39.541,-171.288,-30.025
84.670,waypoint_3,-39.614,-171.348,-30.026
84.704,waypoint_3,-39.687,-171.409,-30.026
84.738,waypoint_3,-39.760,-171.469,-30.027
84.770,waypoint_3,-39.833,-171.530,-30.027
84.804,waypoint_3,-39.906,-171.590,-30.028
84.838,waypoint_3,-39.997,-171.666,-30.028
84.871,waypoint_3,-40.071,-171.727,-30.028
84.904,waypoint_3,-40.144,-171.787,-30.029
84.938,waypoint_3,-40.216,-171.848,-30.029
84.970,waypoint_3,-40.290,-171.908,-30.029
85.004,waypoint_3,-40.363,-171.969,-30.029
85.038,waypoint_3,-40.454,-172.044,-30.029
85.070,waypoint_3,-40.527,-172.105,-30.030
85.104,waypoint_3,-40.600,-172.165,-30.030
85.138,waypoint_3,-40.673,-172.226,-30.030
85.170,waypoint_3,-40.746,-172.286,-30.030
85.204,waypoint_3,-40.819,-172.346,-30.030
85.238,waypoint_3,-40.911,-172.422,-30.030
85.270,waypoint_3,-40.984,-172.482,-30.030
85.304,waypoint_3,-41.057,-172.542,-30.030
85.338,waypoint_3,-41.131,-172.603,-30.030
85.370,waypoint_3,-41.204,-172.663,-30.030
85.404,waypoint_3,-41.278,-172.724,-30.030
85.438,waypoint_3,-41.370,-172.800,-30.030
85.470,waypoint_3,-41.444,-172.861,-30.030
85.504,waypoint_3,-41.518,-172.922,-30.030
85.538,waypoint_3,-41.591,-172.983,-30.030
85.570,waypoint_3,-41.665,-173.044,-30.030
85.604,waypoint_3,-41.739,-173.105,-30.030
85.638,waypoint_3,-41.831,-173.181,-30.030
85.670,waypoint_3,-41.905,-173.242,-30.030
85.704,waypoint_3,-41.978,-173.304,-30.030
85.738,waypoint_3,-42.052,-173.365,-30.030
85.770,waypoint_3,-42.125,-173.426,-30.030
85.805,waypoint_3,-42.199,-173.488,-30.031
85.839,waypoint_3,-42.291,-173.565,-30.031
85.871,waypoint_3,-42.364,-173.626,-30.031
85.905,waypoint_3,-42.438,-173.687,-30.031
85.939,waypoint_3,-42.512,-173.749,-30.031
85.971,waypoint_3,-42.585,-173.810,-30.031
86.005,waypoint_3,-42.659,-173.871,-30.031
86.039,waypoint_3,-42.751,-173.948,-30.031
86.071,waypoint_3,-42.825,-174.010,-30.031
86.105,waypoint_3,-42.899,-174.071,-30.031
86.139,waypoint_3,-42.973,-174.133,-30.030
86.171,waypoint_3,-43.047,-174.195,-30.030
86.205,waypoint_3,-43.120,-174.256,-30.030
86.239,waypoint_3,-43.213,-174.334,-30.029
86.271,waypoint_3,-43.287,-174.395,-30.029
86.305,waypoint_3,-43.361,-174.457,-30.028
86.339,waypoint_3,-43.435,-174.519,-30.028
86.371,waypoint_3,-43.509,-174.581,-30.027
86.405,waypoint_3,-43.583,-174.643,-30.026
86.439,waypoint_3,-43.675,-174.721,-30.025
86.471,waypoint_3,-43.749,-174.783,-30.024
86.505,waypoint_3,-43.822,-174.845,-30.023
86.539,waypoint_3,-43.896,-174.907,-30.022
86.571,waypoint_3,-43.969,-174.968,-30.021
86.605,waypoint_3,-44.043,-175.030,-30.020
86.639,waypoint_3,-44.134,-175.108,-30.019
86.671,waypoint_3,-44.207,-175.169,-30.018
86.705,waypoint_3,-44.281,-175.231,-30.017
86.739,waypoint_3,-44.354,-175.293,-30.016
86.771,waypoint_3,-44.427,-175.355,-30.016
86.805,waypoint_3,-44.500,-175.417,-30.015
86.839,waypoint_3,-44.592,-175.494,-30.014
86.871,waypoint_3,-44.665,-175.555,-30.014
86.905,waypoint_3,-44.738,-175.617,-30.014
86.939,waypoint_3,-44.811,-175.679,-30.013
86.971,waypoint_3,-44.885,-175.740,-30.013
87.005,waypoint_3,-44.958,-175.802,-30.013
87.039,waypoint_3,-45.050,-175.879,-30.012
87.071,waypoint_3,-45.123,-175.941,-30.012
87.105,waypoint_3,-45.197,-176.002,-30.012
87.139,waypoint_3,-45.270,-176.064,-30.011
87.171,waypoint_3,-45.344,-176.126,-30.011
87.205,waypoint_3,-45.418,-176.188,-30.011
87.239,waypoint_3,-45.511,-176.265,-30.011
87.271,waypoint_3,-45.585,-176.328,-30.010
87.306,waypoint_3,-45.659,-176.390,-30.010
87.339,waypoint_3,-45.733,-176.452,-30.010
87.371,waypoint_3,-45.807,-176.514,-30.009
87.405,waypoint_3,-45.881,-176.576,-30.009
87.439,waypoint_3,-45.974,-176.653,-30.009
87.471,waypoint_3,-46.048,-176.715,-30.009
87.506,waypoint_3,-46.122,-176.777,-30.009
87.540,waypoint_3,-46.196,-176.839,-30.009
87.572,waypoint_3,-46.270,-176.901,-30.009
87.606,waypoint_3,-46.344,-176.962,-30.009
87.640,waypoint_3,-46.436,-177.040,-30.010
87.672,waypoint_3,-46.510,-177.101,-30.010
87.706,waypoint_3,-46.584,-177.163,-30.010
87.740,waypoint_3,-46.657,-177.224,-30.010
87.772,waypoint_3,-46.731,-177.286,-30.010
87.806,waypoint_3,-46.805,-177.347,-30.011
87.840,waypoint_3,-46.897,-177.424,-30.011
87.872,waypoint_3,-46.970,-177.485,-30.011
87.906,waypoint_3,-47.044,-177.546,-30.012
87.940,waypoint_3,-47.118,-177.607,-30.012
87.972,waypoint_3,-47.191,-177.668,-30.012
88.006,waypoint_3,-47.265,-177.729,-30.012
88.040,waypoint_3,-47.356,-177.805,-30.012
88.072,waypoint_3,-47.430,-177.866,-30.012
88.106,waypoint_3,-47.504,-177.927,-30.012
88.140,waypoint_3,-47.577,-177.988,-30.012
88.172,waypoint_3,-47.651,-178.049,-30.013
88.206,waypoint_3,-47.725,-178.110,-30.013
88.240,waypoint_3,-47.818,-178.186,-30.013
88.272,waypoint_3,-47.892,-178.247,-30.013
88.306,waypoint_3,-47.966,-178.308,-30.013
88.340,waypoint_3,-48.040,-178.369,-30.013
88.372,waypoint_3,-48.115,-178.430,-30.014
88.406,waypoint_3,-48.189,-178.491,-30.014
88.440,waypoint_3,-48.282,-178.568,-30.015
88.472,waypoint_3,-48.357,-178.630,-30.015
88.506,waypoint_3,-48.431,-178.691,-30.015
88.540,waypoint_3,-48.505,-178.753,-30.016
88.572,waypoint_3,-48.580,-178.815,-30.016
88.607,waypoint_3,-48.654,-178.877,-30.016
88.641,waypoint_3,-48.747,-178.955,-30.016
88.673,waypoint_3,-48.821,-179.017,-30.017
88.707,waypoint_3,-48.896,-179.079,-30.017
88.741,waypoint_3,-48.970,-179.141,-30.017
88.773,waypoint_3,-49.044,-179.203,-30.017
88.807,waypoint_3,-49.119,-179.265,-30.017
88.841,waypoint_3,-49.211,-179.342,-30.017
88.873,waypoint_3,-49.285,-179.404,-30.017
88.907,waypoint_3,-49.359,-179.466,-30.017
88.941,waypoint_3,-49.433,-179.527,-30.018
88.973,waypoint_3,-49.507,-179.589,-30.018
89.007,waypoint_3,-49.581,-179.650,-30.018
89.041,waypoint_3,-49.673,-179.727,-30.018
89.073,waypoint_3,-49.747,-179.788,-30.018
89.107,waypoint_3,-49.821,-179.849,-30.018
89.141,waypoint_3,-49.894,-179.910,-30.018
89.173,waypoint_3,-49.968,-179.971,-30.018
89.207,waypoint_3,-50.041,-180.032,-30.017
89.241,waypoint_3,-50.133,-180.108,-30.017
89.273,waypoint_3,-50.207,-180.169,-30.017
89.307,waypoint_3,-50.281,-180.230,-30.017
89.341,waypoint_3,-50.354,-180.291,-30.017
89.373,waypoint_3,-50.428,-180.351,-30.017
89.407,waypoint_3,-50.501,-180.412,-30.017
89.441,waypoint_3,-50.593,-180.488,-30.017
89.473,waypoint_3,-50.667,-180.549,-30.017
89.507,waypoint_3,-50.740,-180.610,-30.018
89.541,waypoint_3,-50.814,-180.671,-30.018
89.573,waypoint_3,-50.887,-180.732,-30.018
89.607,waypoint_3,-50.961,-180.793,-30.018
89.641,waypoint_3,-51.052,-180.870,-30.018
89.673,waypoint_3,-51.126,-180.932,-30.018
89.708,waypoint_3,-51.199,-180.993,-30.018
89.741,waypoint_3,-51.272,-181.054,-30.018
89.789,waypoint_3,-51.346,-181.116,-30.018
89.854,waypoint_3,-51.419,-181.178,-30.018
89.888,waypoint_3,-51.510,-181.254,-30.018
89.920,waypoint_3,-51.583,-181.316,-30.018
89.955,waypoint_3,-51.657,-181.378,-30.018
89.989,waypoint_3,-51.730,-181.439,-30.018
90.021,waypoint_3,-51.802,-181.500,-30.018
90.055,waypoint_3,-51.875,-181.562,-30.018
90.089,waypoint_3,-51.966,-181.638,-30.018
90.121,waypoint_3,-52.039,-181.700,-30.017
90.155,waypoint_3,-52.111,-181.761,-30.017
90.189,waypoint_3,-52.184,-181.822,-30.017
90.221,waypoint_3,-52.256,-181.883,-30.017
90.255,waypoint_3,-52.329,-181.944,-30.016
90.289,waypoint_3,-52.419,-182.021,-30.016
90.321,waypoint_3,-52.492,-182.082,-30.016
90.355,waypoint_3,-52.564,-182.143,-30.016
90.389,waypoint_3,-52.636,-182.204,-30.015
90.421,waypoint_3,-52.709,-182.265,-30.015
90.455,waypoint_3,-52.782,-182.326,-30.015
90.489,waypoint_3,-52.872,-182.402,-30.014
90.521,waypoint_3,-52.945,-182.463,-30.014
90.555,waypoint_3,-53.017,-182.524,-30.014
90.590,waypoint_3,-53.090,-182.584,-30.014
90.621,waypoint_3,-53.163,-182.645,-30.013
90.655,waypoint_3,-53.235,-182.706,-30.013
90.691,waypoint_3,-53.326,-182.782,-30.013
90.722,waypoint_3,-53.399,-182.843,-30.013
90.756,waypoint_3,-53.472,-182.904,-30.012
90.791,waypoint_3,-53.544,-182.965,-30.012
90.822,waypoint_3,-53.617,-183.026,-30.012
90.856,waypoint_3,-53.690,-183.087,-30.011
90.890,waypoint_3,-53.781,-183.163,-30.011
90.922,waypoint_3,-53.854,-183.224,-30.011
90.956,waypoint_3,-53.927,-183.284,-30.010
90.990,waypoint_3,-54.000,-183.345,-30.010
91.022,waypoint_3,-54.073,-183.406,-30.009
91.056,waypoint_3,-54.146,-183.467,-30.009
91.090,waypoint_3,-54.237,-183.542,-30.009
91.122,waypoint_3,-54.310,-183.603,-30.008
91.156,waypoint_3,-54.383,-183.663,-30.008
91.190,waypoint_3,-54.456,-183.724,-30.008
91.222,waypoint_3,-54.529,-183.785,-30.008
91.256,waypoint_3,-54.602,-183.846,-30.007
91.290,waypoint_3,-54.694,-183.922,-30.007
91.322,waypoint_3,-54.767,-183.983,-30.007
91.357,waypoint_3,-54.840,-184.044,-30.007
91.390,waypoint_3,-54.913,-184.105,-30.007
91.422,waypoint_3,-54.985,-184.166,-30.007
91.456,waypoint_3,-55.058,-184.227,-30.007
91.490,waypoint_3,-55.149,-184.303,-30.007
91.522,waypoint_3,-55.222,-184.365,-30.007
91.556,waypoint_3,-55.294,-184.426,-30.007
91.590,waypoint_3,-55.367,-184.487,-30.008
91.623,waypoint_3,-55.440,-184.548,-30.008
91.658,goal,-55.512,-184.610,-30.008
91.693,goal,-55.603,-184.686,-30.009
91.725,goal,-55.676,-184.748,-30.009
91.758,goal,-55.748,-184.809,-30.010
91.792,goal,-55.821,-184.871,-30.013
91.824,goal,-55.893,-184.933,-30.020
91.858,goal,-55.964,-184.994,-30.029
91.892,goal,-56.051,-185.072,-30.043
91.925,goal,-56.119,-185.134,-30.055
91.958,goal,-56.183,-185.197,-30.067
91.992,goal,-56.244,-185.261,-30.078
92.025,goal,-56.302,-185.326,-30.089
92.059,goal,-56.356,-185.391,-30.098
92.092,goal,-56.416,-185.475,-30.107
92.125,goal,-56.460,-185.543,-30.113
92.158,goal,-56.498,-185.612,-30.117
92.193,goal,-56.532,-185.682,-30.119
92.224,goal,-56.560,-185.754,-30.119
92.258,goal,-56.583,-185.826,-30.119
92.292,goal,-56.606,-185.919,-30.116
92.324,goal,-56.618,-185.994,-30.113
92.358,goal,-56.626,-186.070,-30.109
92.392,goal,-56.629,-186.148,-30.105
92.425,goal,-56.628,-186.226,-30.100
92.459,goal,-56.622,-186.306,-30.094
92.492,goal,-56.610,-186.407,-30.087
92.525,goal,-56.597,-186.489,-30.081
92.558,goal,-56.579,-186.572,-30.075
92.592,goal,-56.559,-186.656,-30.069
92.624,goal,-56.536,-186.741,-30.063
92.658,goal,-56.511,-186.826,-30.058
92.693,goal,-56.476,-186.934,-30.051
92.724,goal,-56.446,-187.021,-30.047
92.758,goal,-56.414,-187.109,-30.042
92.792,goal,-56.380,-187.197,-30.038
92.824,goal,-56.346,-187.286,-30.035
92.858,goal,-56.310,-187.375,-30.031
92.892,goal,-56.263,-187.487,-30.028
92.924,goal,-56.225,-187.577,-30.025
92.958,goal,-56.187,-187.668,-30.023
92.992,goal,-56.148,-187.758,-30.021
93.024,goal,-56.109,-187.849,-30.019
93.058,goal,-56.069,-187.940,-30.018
93.093,goal,-56.020,-188.053,-30.016
93.124,goal,-55.980,-188.144,-30.015
93.158,goal,-55.941,-188.235,-30.013
93.192,goal,-55.902,-188.325,-30.012
93.224,goal,-55.863,-188.416,-30.011
93.258,goal,-55.824,-188.506,-30.011
93.293,goal,-55.775,-188.619,-30.010
93.324,goal,-55.737,-188.710,-30.009
93.358,goal,-55.698,-188.800,-30.009
93.393,goal,-55.660,-188.890,-30.008
93.424,goal,-55.621,-188.979,-30.008
93.458,goal,-55.583,-189.069,-30.007
93.493,goal,-55.535,-189.181,-30.007
93.524,goal,-55.497,-189.270,-30.006
93.559,goal,-55.460,-189.360,-30.006
93.592,goal,-55.422,-189.449,-30.005
93.624,goal,-55.384,-189.538,-30.005
93.658,goal,-55.346,-189.627,-30.005
93.692,goal,-55.299,-189.738,-30.004
93.725,goal,-55.261,-189.827,-30.004
93.759,goal,-55.223,-189.916,-30.004
93.793,goal,-55.186,-190.004,-30.003
93.824,goal,-55.148,-190.093,-30.003
93.858,goal,-55.110,-190.182,-30.003
93.893,goal,-55.062,-190.292,-30.002
93.926,goal,-55.024,-190.380,-30.002
93.960,goal,-54.986,-190.469,-30.002
93.994,goal,-54.948,-190.557,-30.002
94.026,goal,-54.909,-190.645,-30.002
94.060,goal,-54.871,-190.733,-30.002
94.094,goal,-54.823,-190.842,-30.003
94.126,goal,-54.784,-190.930,-30.003
94.160,goal,-54.745,-191.018,-30.003
94.194,goal,-54.705,-191.105,-30.004
94.226,goal,-54.666,-191.193,-30.004
94.260,goal,-54.627,-191.280,-30.004
94.294,goal,-54.577,-191.389,-30.004
94.326,goal,-54.538,-191.477,-30.004
94.360,goal,-54.498,-191.563,-30.005
94.394,goal,-54.458,-191.650,-30.005
94.426,goal,-54.418,-191.737,-30.005
94.460,goal,-54.378,-191.824,-30.005
94.494,goal,-54.327,-191.932,-30.005
94.526,goal,-54.287,-192.018,-30.005
94.560,goal,-54.246,-192.104,-30.006
94.594,goal,-54.205,-192.191,-30.006
94.626,goal,-54.164,-192.277,-30.006
94.660,goal,-54.123,-192.364,-30.007
94.694,goal,-54.072,-192.472,-30.007
94.727,goal,-54.030,-192.558,-30.007
94.761,goal,-53.989,-192.644,-30.008
94.795,goal,-53.947,-192.731,-30.008
94.827,goal,-53.906,-192.817,-30.008
94.861,goal,-53.864,-192.903,-30.008
94.895,goal,-53.811,-193.011,-30.008
94.927,goal,-53.769,-193.097,-30.008
94.961,goal,-53.727,-193.182,-30.008
94.995,goal,-53.685,-193.268,-30.008
95.027,goal,-53.642,-193.354,-30.008
95.061,goal,-53.600,-193.440,-30.008
95.095,goal,-53.546,-193.547,-30.008
95.127,goal,-53.504,-193.633,-30.007
95.161,goal,-53.461,-193.719,-30.007
95.195,goal,-53.418,-193.804,-30.007
95.227,goal,-53.375,-193.890,-30.007
95.261,goal,-53.331,-193.976,-30.006
95.295,goal,-53.277,-194.083,-30.006
95.327,goal,-53.234,-194.168,-30.005
95.361,goal,-53.190,-194.253,-30.005
95.395,goal,-53.146,-194.338,-30.004
95.427,goal,-53.103,-194.424,-30.004
95.461,goal,-53.059,-194.509,-30.003
95.495,goal,-53.003,-194.615,-30.002
95.527,goal,-52.959,-194.699,-30.002
95.561,goal,-52.915,-194.784,-30.001
95.595,goal,-52.870,-194.869,-30.000
95.627,goal,-52.826,-194.953,-29.999
95.661,goal,-52.782,-195.038,-29.999
95.695,goal,-52.726,-195.143,-29.998
95.727,goal,-52.681,-195.228,-29.997
95.761,goal,-52.637,-195.312,-29.997
95.795,goal,-52.592,-195.396,-29.996
95.827,goal,-52.547,-195.480,-29.996
95.861,goal,-52.502,-195.564,-29.995
95.895,goal,-52.446,-195.670,-29.994
95.927,goal,-52.401,-195.754,-29.994
95.961,goal,-52.356,-195.839,-29.993
95.995,goal,-52.311,-195.923,-29.993
96.027,goal,-52.265,-196.008,-29.993
96.061,goal,-52.220,-196.092,-29.992
96.095,goal,-52.163,-196.197,-29.992
96.127,goal,-52.118,-196.282,-29.991
96.161,goal,-52.072,-196.366,-29.991
96.195,goal,-52.026,-196.451,-29.991
96.227,goal,-51.980,-196.535,-29.990
96.261,goal,-51.934,-196.619,-29.990
96.295,goal,-51.877,-196.725,-29.989
96.327,goal,-51.831,-196.809,-29.989
96.361,goal,-51.785,-196.894,-29.989
96.395,goal,-51.739,-196.978,-29.988
96.427,goal,-51.693,-197.063,-29.988
96.461,goal,-51.646,-197.148,-29.987
96.495,goal,-51.589,-197.254,-29.986
96.527,goal,-51.542,-197.339,-29.986
96.561,goal,-51.496,-197.424,-29.985
96.595,goal,-51.449,-197.509,-29.984
96.627,goal,-51.403,-197.594,-29.983
96.661,goal,-51.357,-197.679,-29.983
96.695,goal,-51.299,-197.786,-29.982
96.727,goal,-51.253,-197.871,-29.981
96.761,goal,-51.206,-197.956,-29.981
96.795,goal,-51.160,-198.042,-29.981
96.827,goal,-51.113,-198.128,-29.980
96.861,goal,-51.067,-198.213,-29.980
96.895,goal,-51.009,-198.320,-29.980
96.927,goal,-50.962,-198.406,-29.980
96.961,goal,-50.915,-198.492,-29.980
96.995,goal,-50.869,-198.578,-29.980
97.027,goal,-50.822,-198.664,-29.980
97.061,goal,-50.775,-198.750,-29.980
97.095,goal,-50.717,-198.858,-29.980
97.127,goal,-50.671,-198.944,-29.980
97.161,goal,-50.624,-199.030,-29.979
97.195,goal,-50.578,-199.117,-29.979
97.227,goal,-50.531,-199.204,-29.979
97.261,goal,-50.485,-199.290,-29.979
97.295,goal,-50.427,-199.399,-29.978
97.327,goal,-50.380,-199.485,-29.978
97.361,goal,-50.333,-199.572,-29.978
97.395,goal,-50.287,-199.659,-29.978
97.427,goal,-50.240,-199.746,-29.977
97.461,goal,-50.193,-199.833,-29.977
97.495,goal,-50.135,-199.941,-29.977
97.527,goal,-50.088,-200.028,-29.977
97.561,goal,-50.041,-200.114,-29.977
97.595,goal,-49.994,-200.201,-29.977
97.627,goal,-49.947,-200.287,-29.976
97.661,goal,-49.900,-200.374,-29.976
97.695,goal,-49.842,-200.482,-29.976
97.727,goal,-49.795,-200.568,-29.976
97.761,goal,-49.748,-200.654,-29.976
97.795,goal,-49.701,-200.741,-29.977
97.827,goal,-49.654,-200.827,-29.977
97.861,goal,-49.607,-200.913,-29.977
97.895,goal,-49.549,-201.021,-29.977
97.927,goal,-49.502,-201.107,-29.977
97.961,goal,-49.455,-201.193,-29.977
97.995,goal,-49.408,-201.279,-29.977
98.027,goal,-49.361,-201.365,-29.976
98.061,goal,-49.314,-201.451,-29.976
98.095,goal,-49.255,-201.558,-29.975
98.127,goal,-49.208,-201.644,-29.975
98.161,goal,-49.161,-201.730,-29.974
98.195,goal,-49.114,-201.816,-29.974
98.227,goal,-49.067,-201.901,-29.974
98.262,goal,-49.020,-201.987,-29.973
98.295,goal,-48.960,-202.094,-29.973
98.327,goal,-48.913,-202.180,-29.973
98.361,goal,-48.866,-202.266,-29.973
98.395,goal,-48.818,-202.351,-29.973
98.427,goal,-48.771,-202.437,-29.973
98.461,goal,-48.724,-202.523,-29.973
98.495,goal,-48.665,-202.630,-29.974
98.527,goal,-48.618,-202.715,-29.974
98.561,goal,-48.571,-202.801,-29.974
98.595,goal,-48.524,-202.887,-29.975
98.627,goal,-48.477,-202.972,-29.976
98.661,goal,-48.430,-203.058,-29.976
98.695,goal,-48.372,-203.165,-29.977
98.727,goal,-48.325,-203.251,-29.977
98.761,goal,-48.278,-203.337,-29.978
98.795,goal,-48.232,-203.423,-29.978
98.827,goal,-48.186,-203.509,-29.978
98.861,goal,-48.139,-203.595,-29.979
98.895,goal,-48.081,-203.703,-29.979
98.927,goal,-48.035,-203.789,-29.979
98.961,goal,-47.989,-203.875,-29.979
98.995,goal,-47.944,-203.961,-29.980
99.027,goal,-47.898,-204.047,-29.980
99.061,goal,-47.852,-204.133,-29.980
99.095,goal,-47.795,-204.240,-29.980
99.127,goal,-47.750,-204.326,-29.979
99.161,goal,-47.704,-204.412,-29.979
99.195,goal,-47.659,-204.498,-29.979
99.227,goal,-47.614,-204.584,-29.979
99.261,goal,-47.569,-204.670,-29.978
99.295,goal,-47.512,-204.777,-29.978
99.328,goal,-47.467,-204.863,-29.978
99.362,goal,-47.422,-204.949,-29.978
99.396,goal,-47.376,-205.035,-29.978
99.428,goal,-47.331,-205.122,-29.978
99.462,goal,-47.286,-205.208,-29.978
99.496,goal,-47.230,-205.316,-29.978
99.528,goal,-47.185,-205.403,-29.978
99.562,goal,-47.140,-205.490,-29.978
99.596,goal,-47.095,-205.576,-29.978
99.628,goal,-47.050,-205.663,-29.977
99.662,goal,-47.005,-205.750,-29.977
99.696,goal,-46.949,-205.859,-29.977
99.728,goal,-46.904,-205.945,-29.977
99.762,goal,-46.860,-206.032,-29.976
99.796,goal,-46.815,-206.119,-29.976
99.828,goal,-46.770,-206.206,-29.976
99.862,goal,-46.726,-206.293,-29.976
99.896,goal,-46.670,-206.401,-29.975
99.928,goal,-46.626,-206.488,-29.975
99.962,goal,-46.581,-206.575,-29.975
99.996,goal,-46.537,-206.662,-29.975
100.028,goal,-46.493,-206.748,-29.975
100.062,goal,-46.449,-206.835,-29.975
100.096,goal,-46.393,-206.944,-29.975
100.128,goal,-46.349,-207.030,-29.975
100.164,goal,-46.305,-207.117,-29.975
100.198,goal,-46.261,-207.204,-29.976
100.230,goal,-46.217,-207.291,-29.976
100.264,goal,-46.173,-207.378,-29.976
100.298,goal,-46.118,-207.487,-29.977
100.331,goal,-46.074,-207.574,-29.977
100.365,goal,-46.030,-207.661,-29.978
100.399,goal,-45.986,-207.749,-29.978
100.431,goal,-45.943,-207.836,-29.978
100.466,goal,-45.899,-207.923,-29.979
100.500,goal,-45.844,-208.033,-29.979
100.532,goal,-45.800,-208.120,-29.980
100.566,goal,-45.757,-208.208,-29.980
100.600,goal,-45.713,-208.296,-29.981
100.632,goal,-45.669,-208.383,-29.981
100.666,goal,-45.626,-208.471,-29.982
100.700,goal,-45.571,-208.581,-29.982
100.732,goal,-45.527,-208.669,-29.983
100.766,goal,-45.484,-208.756,-29.983
100.800,goal,-45.440,-208.844,-29.983
100.832,goal,-45.396,-208.932,-29.984
100.866,goal,-45.353,-209.019,-29.984
100.900,goal,-45.298,-209.129,-29.984
100.932,goal,-45.254,-209.216,-29.985
100.967,goal,-45.210,-209.304,-29.985
101.001,goal,-45.166,-209.391,-29.985
101.033,goal,-45.122,-209.478,-29.985
101.067,goal,-45.078,-209.565,-29.985
101.101,goal,-45.023,-209.674,-29.985
101.134,goal,-44.978,-209.761,-29.985
101.168,goal,-44.934,-209.848,-29.985
101.202,goal,-44.890,-209.935,-29.985
101.235,goal,-44.846,-210.022,-29.985
101.269,goal,-44.802,-210.109,-29.985
101.303,goal,-44.747,-210.218,-29.984
101.335,goal,-44.702,-210.305,-29.984
101.369,goal,-44.658,-210.393,-29.984
101.403,goal,-44.614,-210.480,-29.984
101.435,goal,-44.570,-210.567,-29.984
101.469,goal,-44.526,-210.654,-29.983
101.503,goal,-44.470,-210.763,-29.983
101.535,goal,-44.426,-210.850,-29.983
101.569,goal,-44.382,-210.937,-29.983
101.603,goal,-44.338,-211.024,-29.983
101.635,goal,-44.294,-211.111,-29.983
101.669,goal,-44.250,-211.198,-29.983
101.703,goal,-44.195,-211.306,-29.983
101.735,goal,-44.150,-211.393,-29.983
101.769,goal,-44.106,-211.480,-29.983
101.803,goal,-44.062,-211.566,-29.983
101.835,goal,-44.018,-211.653,-29.983
101.869,goal,-43.975,-211.739,-29.983
101.903,goal,-43.920,-211.847,-29.983
101.935,goal,-43.876,-211.934,-29.984
101.969,goal,-43.832,-212.020,-29.984
102.004,goal,-43.788,-212.106,-29.984
102.036,goal,-43.744,-212.192,-29.984
102.070,goal,-43.700,-212.278,-29.984
102.104,goal,-43.645,-212.386,-29.984
102.136,goal,-43.601,-212.472,-29.984
102.170,goal,-43.558,-212.558,-29.984
102.204,goal,-43.514,-212.645,-29.984
102.236,goal,-43.470,-212.731,-29.984
102.270,goal,-43.426,-212.817,-29.985
102.304,goal,-43.372,-212.925,-29.985
102.336,goal,-43.328,-213.011,-29.985
102.370,goal,-43.284,-213.098,-29.985
102.404,goal,-43.241,-213.184,-29.986
102.436,goal,-43.197,-213.270,-29.986
102.470,goal,-43.153,-213.357,-29.986
102.504,goal,-43.099,-213.465,-29.986
102.536,goal,-43.055,-213.552,-29.986
102.570,goal,-43.011,-213.639,-29.985
102.604,goal,-42.968,-213.726,-29.985
102.636,goal,-42.924,-213.813,-29.985
102.670,goal,-42.880,-213.900,-29.984
102.704,goal,-42.825,-214.009,-29.984
102.736,goal,-42.782,-214.096,-29.983
102.770,goal,-42.738,-214.184,-29.983
102.804,goal,-42.694,-214.271,-29.982
102.837,goal,-42.650,-214.359,-29.982
102.870,goal,-42.607,-214.447,-29.981
102.904,goal,-42.552,-214.556,-29.981
102.936,goal,-42.509,-214.644,-29.980
102.970,goal,-42.465,-214.732,-29.980
103.004,goal,-42.421,-214.820,-29.980
103.037,goal,-42.378,-214.908,-29.980
103.070,goal,-42.334,-214.995,-29.980
103.104,goal,-42.280,-215.105,-29.980
103.136,goal,-42.236,-215.193,-29.980
103.170,goal,-42.193,-215.281,-29.980
103.204,goal,-42.149,-215.369,-29.981
103.236,goal,-42.106,-215.457,-29.981
103.270,goal,-42.063,-215.545,-29.981
103.304,goal,-42.009,-215.654,-29.982
103.337,goal,-41.966,-215.742,-29.982
103.370,goal,-41.923,-215.830,-29.983
103.404,goal,-41.880,-215.917,-29.983
103.436,goal,-41.837,-216.005,-29.984
103.470,goal,-41.795,-216.092,-29.984
103.505,goal,-41.741,-216.202,-29.984
103.536,goal,-41.699,-216.289,-29.984
103.570,goal,-41.656,-216.376,-29.984
103.604,goal,-41.614,-216.464,-29.984
103.636,goal,-41.571,-216.551,-29.984
103.670,goal,-41.529,-216.638,-29.984
103.704,goal,-41.476,-216.746,-29.984
103.736,goal,-41.433,-216.833,-29.983
103.770,goal,-41.391,-216.920,-29.983
103.804,goal,-41.349,-217.006,-29.983
103.836,goal,-41.306,-217.093,-29.982
103.870,goal,-41.264,-217.179,-29.982
103.904,goal,-41.211,-217.287,-29.981
103.936,goal,-41.169,-217.373,-29.981
103.970,goal,-41.126,-217.460,-29.981
104.004,goal,-41.084,-217.546,-29.981
104.036,goal,-41.042,-217.632,-29.980
104.070,goal,-41.000,-217.718,-29.980
104.104,goal,-40.947,-217.826,-29.980
104.136,goal,-40.905,-217.913,-29.980
104.170,goal,-40.863,-217.999,-29.980
104.204,goal,-40.821,-218.085,-29.979
104.236,goal,-40.779,-218.172,-29.979
104.270,goal,-40.737,-218.258,-29.979
104.304,goal,-40.685,-218.366,-29.978
104.336,goal,-40.643,-218.452,-29.978
104.370,goal,-40.601,-218.538,-29.977
104.404,goal,-40.560,-218.625,-29.977
104.436,goal,-40.517,-218.711,-29.977
104.470,goal,-40.475,-218.797,-29.976
104.504,goal,-40.423,-218.905,-29.976
104.536,goal,-40.380,-218.991,-29.976
104.570,goal,-40.338,-219.077,-29.975
104.604,goal,-40.295,-219.163,-29.975
104.636,goal,-40.253,-219.249,-29.975
104.670,goal,-40.210,-219.335,-29.975
104.704,goal,-40.157,-219.442,-29.975
104.736,goal,-40.115,-219.528,-29.975
104.770,goal,-40.072,-219.614,-29.975
104.804,goal,-40.030,-219.700,-29.976
104.836,goal,-39.987,-219.786,-29.976
104.870,goal,-39.945,-219.871,-29.976
104.904,goal,-39.892,-219.979,-29.976
104.936,goal,-39.849,-220.065,-29.976
104.970,goal,-39.806,-220.151,-29.977
105.004,goal,-39.764,-220.236,-29.977
105.036,goal,-39.721,-220.322,-29.977
105.070,goal,-39.679,-220.408,-29.978
105.104,goal,-39.626,-220.516,-29.978
105.136,goal,-39.584,-220.602,-29.979
105.170,goal,-39.542,-220.689,-29.979
105.204,goal,-39.500,-220.775,-29.980
105.237,goal,-39.459,-220.862,-29.980
105.270,goal,-39.417,-220.949,-29.981
105.305,goal,-39.365,-221.057,-29.981
105.336,goal,-39.323,-221.144,-29.981
105.370,goal,-39.281,-221.231,-29.981
105.404,goal,-39.240,-221.318,-29.981
105.436,goal,-39.198,-221.405,-29.981
105.473,goal,-39.156,-221.492,-29.981
105.506,goal,-39.104,-221.601,-29.981
105.539,goal,-39.062,-221.688,-29.980
105.572,goal,-39.021,-221.775,-29.980
105.606,goal,-38.979,-221.862,-29.980
105.638,goal,-38.937,-221.948,-29.980
105.672,goal,-38.896,-222.035,-29.979
105.706,goal,-38.844,-222.144,-29.979
105.738,goal,-38.802,-222.231,-29.979
105.772,goal,-38.761,-222.318,-29.979
105.806,goal,-38.719,-222.404,-29.978
105.838,goal,-38.678,-222.491,-29.978
105.872,goal,-38.636,-222.578,-29.978
105.906,goal,-38.584,-222.687,-29.978
105.938,goal,-38.543,-222.774,-29.978
105.972,goal,-38.502,-222.860,-29.978
106.006,goal,-38.460,-222.947,-29.978
106.038,goal,-38.419,-223.034,-29.978
106.072,goal,-38.378,-223.121,-29.978
106.106,goal,-38.326,-223.229,-29.979
106.138,goal,-38.285,-223.316,-29.979
106.172,goal,-38.244,-223.403,-29.980
106.206,goal,-38.202,-223.490,-29.980
106.238,goal,-38.161,-223.576,-29.981
106.272,goal,-38.120,-223.663,-29.982
106.306,goal,-38.068,-223.772,-29.982
106.338,goal,-38.027,-223.858,-29.983
106.372,goal,-37.986,-223.945,-29.984
106.406,goal,-37.944,-224.032,-29.985
106.438,goal,-37.903,-224.118,-29.986
106.472,goal,-37.861,-224.205,-29.986
106.506,goal,-37.810,-224.314,-29.987
106.538,goal,-37.768,-224.400,-29.988
106.572,goal,-37.727,-224.487,-29.988
106.606,goal,-37.686,-224.574,-29.989
106.638,goal,-37.645,-224.661,-29.989
106.672,goal,-37.604,-224.749,-29.990
106.707,goal,-37.553,-224.857,-29.990
106.738,goal,-37.512,-224.944,-29.990
106.773,goal,-37.471,-225.032,-29.990
106.807,goal,-37.430,-225.119,-29.991
106.839,goal,-37.389,-225.206,-29.991
106.873,goal,-37.348,-225.293,-29.991
106.907,goal,-37.297,-225.401,-29.991
106.939,goal,-37.257,-225.488,-29.991
106.975,goal,-37.216,-225.575,-29.991
107.009,goal,-37.175,-225.662,-29.991
107.041,goal,-37.134,-225.748,-29.991
107.075,goal,-37.093,-225.835,-29.991
107.109,goal,-37.042,-225.943,-29.991
107.141,goal,-37.002,-226.030,-29.991
107.175,goal,-36.961,-226.117,-29.991
107.210,goal,-36.920,-226.204,-29.991
107.241,goal,-36.880,-226.290,-29.992
107.275,goal,-36.839,-226.377,-29.992
107.309,goal,-36.788,-226.485,-29.992
107.341,goal,-36.748,-226.571,-29.992
107.375,goal,-36.707,-226.657,-29.992
107.409,goal,-36.667,-226.744,-29.992
107.441,goal,-36.627,-226.830,-29.992
107.475,goal,-36.587,-226.916,-29.992
107.509,goal,-36.537,-227.024,-29.992
107.541,goal,-36.497,-227.111,-29.991
107.575,goal,-36.457,-227.198,-29.991
107.609,goal,-36.417,-227.285,-29.990
107.641,goal,-36.376,-227.371,-29.990
107.675,goal,-36.336,-227.458,-29.989
107.710,goal,-36.286,-227.567,-29.988
107.741,goal,-36.246,-227.653,-29.987
107.775,goal,-36.205,-227.740,-29.986
107.809,goal,-36.165,-227.827,-29.985
107.841,goal,-36.124,-227.913,-29.984
107.875,goal,-36.083,-228.000,-29.983
107.910,goal,-36.033,-228.108,-29.982
107.941,goal,-35.992,-228.194,-29.981
107.975,goal,-35.951,-228.281,-29.980
108.009,goal,-35.911,-228.367,-29.979
108.041,goal,-35.870,-228.453,-29.978
108.076,goal,-35.829,-228.539,-29.977
108.109,goal,-35.778,-228.647,-29.976
108.141,goal,-35.738,-228.734,-29.976
108.175,goal,-35.697,-228.820,-29.975
108.210,goal,-35.656,-228.906,-29.975
108.242,goal,-35.615,-228.993,-29.974
108.275,goal,-35.574,-229.079,-29.974
108.309,goal,-35.523,-229.187,-29.974
108.341,goal,-35.482,-229.274,-29.973
108.375,goal,-35.441,-229.360,-29.973
108.410,goal,-35.400,-229.447,-29.973
108.441,goal,-35.359,-229.533,-29.973
108.475,goal,-35.317,-229.620,-29.972
108.509,goal,-35.266,-229.728,-29.972
108.541,goal,-35.225,-229.814,-29.972
108.575,goal,-35.184,-229.901,-29.972
108.609,goal,-35.142,-229.988,-29.972
108.641,goal,-35.101,-230.075,-29.972
108.675,goal,-35.060,-230.162,-29.972
108.709,goal,-35.008,-230.270,-29.972
108.742,goal,-34.967,-230.357,-29.972
108.775,goal,-34.926,-230.445,-29.972
108.809,goal,-34.884,-230.532,-29.972
108.843,goal,-34.843,-230.619,-29.972
108.877,goal,-34.802,-230.706,-29.972
108.911,goal,-34.750,-230.814,-29.972
108.943,goal,-34.709,-230.902,-29.972
108.977,goal,-34.668,-230.988,-29.972
109.011,goal,-34.627,-231.075,-29.972
109.043,goal,-34.586,-231.162,-29.973
109.077,goal,-34.544,-231.249,-29.973
109.111,goal,-34.493,-231.358,-29.973
109.144,goal,-34.452,-231.445,-29.974
109.178,goal,-34.411,-231.532,-29.974
109.212,goal,-34.369,-231.619,-29.974
109.244,goal,-34.328,-231.706,-29.975
109.278,goal,-34.287,-231.793,-29.975
109.312,goal,-34.236,-231.902,-29.976
109.344,goal,-34.194,-231.989,-29.976
109.378,goal,-34.154,-232.076,-29.977
109.412,goal,-34.113,-232.163,-29.977
109.444,goal,-34.072,-232.250,-29.978
109.478,goal,-34.031,-232.337,-29.979
109.512,goal,-33.980,-232.446,-29.979
109.544,goal,-33.939,-232.533,-29.980
109.578,goal,-33.898,-232.620,-29.980
109.612,goal,-33.857,-232.707,-29.981
109.644,goal,-33.816,-232.795,-29.981
109.678,goal,-33.775,-232.882,-29.981
109.712,goal,-33.724,-232.991,-29.981
109.744,goal,-33.683,-233.078,-29.981
109.778,goal,-33.642,-233.166,-29.982
109.812,goal,-33.601,-233.253,-29.982
109.845,goal,-33.561,-233.340,-29.982
109.879,goal,-33.520,-233.427,-29.982
109.913,goal,-33.469,-233.536,-29.982
109.945,goal,-33.429,-233.624,-29.982
109.979,goal,-33.389,-233.711,-29.982
110.013,goal,-33.348,-233.798,-29.982
110.045,goal,-33.308,-233.885,-29.982
110.079,goal,-33.267,-233.972,-29.981
110.113,goal,-33.217,-234.080,-29.981
110.145,goal,-33.176,-234.167,-29.981
110.179,goal,-33.136,-234.254,-29.981
110.213,goal,-33.095,-234.341,-29.981
110.245,goal,-33.054,-234.428,-29.981
110.279,goal,-33.014,-234.515,-29.981
110.313,goal,-32.963,-234.624,-29.981
110.345,goal,-32.922,-234.711,-29.981
110.379,goal,-32.881,-234.798,-29.981
110.413,goal,-32.840,-234.885,-29.981
110.445,goal,-32.800,-234.972,-29.981
110.479,goal,-32.759,-235.058,-29.981
110.513,goal,-32.708,-235.167,-29.981
110.546,goal,-32.667,-235.254,-29.980
110.580,goal,-32.626,-235.340,-29.980
110.614,goal,-32.585,-235.427,-29.980
110.646,goal,-32.544,-235.514,-29.979
110.680,goal,-32.504,-235.601,-29.979
110.714,goal,-32.453,-235.709,-29.978
110.746,goal,-32.412,-235.796,-29.978
110.780,goal,-32.371,-235.883,-29.977
110.814,goal,-32.330,-235.970,-29.976
110.847,goal,-32.289,-236.057,-29.976
110.881,goal,-32.248,-236.144,-29.975
110.915,goal,-32.197,-236.253,-29.975
110.947,goal,-32.156,-236.340,-29.974
110.981,goal,-32.115,-236.427,-29.974
111.015,goal,-32.074,-236.514,-29.974
111.047,goal,-32.033,-236.600,-29.974
111.081,goal,-31.993,-236.687,-29.974
111.115,goal,-31.942,-236.796,-29.974
111.147,goal,-31.901,-236.883,-29.974
111.181,goal,-31.860,-236.970,-29.973
111.215,goal,-31.820,-237.057,-29.973
111.247,goal,-31.779,-237.144,-29.973
111.281,goal,-31.738,-237.231,-29.973
111.315,goal,-31.687,-237.340,-29.972
111.347,goal,-31.647,-237.427,-29.972
111.381,goal,-31.606,-237.514,-29.972
111.415,goal,-31.565,-237.600,-29.972
111.447,goal,-31.524,-237.687,-29.972
111.481,goal,-31.483,-237.774,-29.972
111.515,goal,-31.432,-237.882,-29.972
111.547,goal,-31.391,-237.969,-29.972
111.581,goal,-31.349,-238.055,-29.972
111.615,approach,-31.308,-238.142,-29.973
111.647,approach,-31.267,-238.229,-29.973
111.681,approach,-31.225,-238.316,-29.973
111.715,approach,-31.173,-238.424,-29.972
111.748,approach,-31.132,-238.510,-29.965
111.782,approach,-31.091,-238.596,-29.951
111.816,approach,-31.050,-238.682,-29.930
111.848,approach,-31.010,-238.768,-29.903
111.882,approach,-30.969,-238.853,-29.870
111.916,approach,-30.919,-238.959,-29.823
111.948,approach,-30.880,-239.042,-29.780
111.982,approach,-30.840,-239.125,-29.734
112.016,approach,-30.801,-239.207,-29.685
112.048,approach,-30.763,-239.288,-29.635
112.082,approach,-30.725,-239.368,-29.583
112.116,approach,-30.679,-239.465,-29.516
112.150,approach,-30.642,-239.542,-29.463
112.184,approach,-30.606,-239.616,-29.408
112.218,approach,-30.572,-239.689,-29.354
112.250,approach,-30.538,-239.759,-29.299
112.284,approach,-30.505,-239.828,-29.244
112.318,approach,-30.465,-239.911,-29.176
112.350,approach,-30.434,-239.975,-29.122
112.384,approach,-30.405,-240.036,-29.067
112.418,approach,-30.376,-240.096,-29.013
112.450,approach,-30.348,-240.152,-28.959
112.484,approach,-30.322,-240.207,-28.905
112.518,approach,-30.290,-240.272,-28.839
112.550,approach,-30.266,-240.321,-28.785
112.584,approach,-30.243,-240.368,-28.732
112.618,approach,-30.221,-240.412,-28.679
112.650,approach,-30.200,-240.454,-28.626
112.684,approach,-30.180,-240.494,-28.574
112.718,approach,-30.157,-240.540,-28.508
112.750,approach,-30.139,-240.575,-28.455
112.784,approach,-30.122,-240.607,-28.402
112.818,approach,-30.106,-240.637,-28.350
112.850,approach,-30.091,-240.665,-28.297
112.884,approach,-30.078,-240.691,-28.245
112.918,approach,-30.062,-240.720,-28.179
112.950,approach,-30.050,-240.742,-28.126
112.984,approach,-30.039,-240.762,-28.074
113.018,approach,-30.029,-240.779,-28.021
113.050,approach,-30.020,-240.796,-27.969
113.084,approach,-30.012,-240.810,-27.917
113.118,approach,-30.003,-240.826,-27.851
113.150,approach,-29.996,-240.837,-27.799
113.184,approach,-29.990,-240.846,-27.747
113.218,approach,-29.985,-240.854,-27.695
113.250,approach,-29.980,-240.861,-27.644
113.284,approach,-29.976,-240.867,-27.592
113.318,approach,-29.972,-240.873,-27.528
113.350,approach,-29.970,-240.877,-27.477
113.384,approach,-29.967,-240.879,-27.426
113.418,approach,-29.966,-240.881,-27.374
113.463,approach,-29.965,-240.882,-27.323
113.500,approach,-29.964,-240.882,-27.272
113.535,approach,-29.963,-240.881,-27.209
113.567,approach,-29.963,-240.879,-27.158
113.601,approach,-29.964,-240.877,-27.108
113.635,approach,-29.964,-240.875,-27.058
113.667,approach,-29.965,-240.872,-27.008
113.701,approach,-29.965,-240.868,-26.958
113.735,approach,-29.967,-240.863,-26.895
113.767,approach,-29.968,-240.859,-26.845
113.801,approach,-29.969,-240.855,-26.795
113.835,approach,-29.971,-240.850,-26.746
113.867,approach,-29.973,-240.846,-26.696
113.901,approach,-29.974,-240.841,-26.646
113.935,approach,-29.976,-240.835,-26.585
113.967,approach,-29.978,-240.830,-26.535
114.001,approach,-29.980,-240.824,-26.485
114.035,approach,-29.982,-240.819,-26.436
114.067,approach,-29.984,-240.814,-26.386
114.101,approach,-29.985,-240.809,-26.337
114.135,approach,-29.988,-240.803,-26.275
114.167,approach,-29.989,-240.798,-26.226
114.201,approach,-29.991,-240.793,-26.177
114.235,approach,-29.993,-240.788,-26.127
114.267,approach,-29.994,-240.783,-26.078
114.301,approach,-29.996,-240.778,-26.029
114.335,approach,-29.998,-240.772,-25.968
114.367,approach,-30.000,-240.767,-25.919
114.401,approach,-30.002,-240.763,-25.870
114.435,approach,-30.004,-240.758,-25.821
114.467,approach,-30.006,-240.753,-25.772
114.501,approach,-30.008,-240.749,-25.723
114.535,approach,-30.010,-240.743,-25.662
114.567,approach,-30.013,-240.738,-25.613
114.601,approach,-30.015,-240.734,-25.564
114.635,approach,-30.018,-240.729,-25.516
114.667,approach,-30.020,-240.725,-25.467
114.701,approach,-30.023,-240.720,-25.418
114.735,approach,-30.027,-240.715,-25.357
114.767,approach,-30.029,-240.711,-25.309
114.801,approach,-30.032,-240.707,-25.260
114.835,approach,-30.035,-240.703,-25.212
114.867,approach,-30.038,-240.699,-25.164
114.901,approach,-30.041,-240.696,-25.115
114.935,approach,-30.045,-240.692,-25.055
114.967,approach,-30.048,-240.689,-25.007
115.001,approach,-30.051,-240.686,-24.959
115.035,approach,-30.053,-240.684,-24.910
115.067,approach,-30.056,-240.681,-24.862
115.101,approach,-30.059,-240.679,-24.814
115.135,approach,-30.062,-240.676,-24.754
115.167,approach,-30.065,-240.674,-24.706
115.201,approach,-30.067,-240.672,-24.659
115.235,approach,-30.069,-240.670,-24.611
115.267,approach,-30.071,-240.668,-24.563
115.301,approach,-30.073,-240.666,-24.515
115.335,approach,-30.076,-240.664,-24.455
115.367,approach,-30.078,-240.663,-24.407
115.401,approach,-30.079,-240.662,-24.359
115.435,approach,-30.081,-240.660,-24.311
115.467,approach,-30.082,-240.659,-24.262
115.501,approach,-30.084,-240.658,-24.214
115.535,approach,-30.085,-240.657,-24.154
115.568,approach,-30.086,-240.656,-24.106
115.602,approach,-30.088,-240.655,-24.058
115.636,approach,-30.089,-240.654,-24.010
115.668,approach,-30.090,-240.653,-23.962
115.702,approach,-30.091,-240.652,-23.914
115.736,approach,-30.093,-240.651,-23.854
115.768,approach,-30.094,-240.651,-23.807
115.802,approach,-30.095,-240.650,-23.759
115.836,approach,-30.096,-240.649,-23.710
115.868,approach,-30.097,-240.648,-23.662
115.902,approach,-30.098,-240.647,-23.614
115.936,approach,-30.099,-240.646,-23.554
115.968,approach,-30.100,-240.645,-23.506
116.002,approach,-30.101,-240.645,-23.458
116.036,approach,-30.102,-240.644,-23.410
116.068,approach,-30.102,-240.642,-23.362
116.102,approach,-30.102,-240.641,-23.314
116.136,approach,-30.103,-240.640,-23.253
116.168,approach,-30.103,-240.638,-23.205
116.202,approach,-30.103,-240.637,-23.157
116.237,approach,-30.103,-240.635,-23.109
116.270,approach,-30.103,-240.634,-23.060
116.303,approach,-30.103,-240.633,-23.012
116.337,approach,-30.103,-240.631,-22.952
116.369,approach,-30.102,-240.630,-22.904
116.403,approach,-30.102,-240.628,-22.856
116.437,approach,-30.101,-240.627,-22.808
116.469,approach,-30.100,-240.626,-22.760
116.503,approach,-30.099,-240.625,-22.712
116.537,approach,-30.098,-240.623,-22.652
116.569,approach,-30.097,-240.622,-22.604
116.603,approach,-30.096,-240.620,-22.556
116.637,approach,-30.095,-240.619,-22.508
116.669,approach,-30.094,-240.618,-22.460
116.703,approach,-30.093,-240.616,-22.412
116.737,approach,-30.092,-240.615,-22.351
116.769,approach,-30.091,-240.613,-22.303
116.803,approach,-30.089,-240.612,-22.255
116.837,approach,-30.088,-240.611,-22.206
116.869,approach,-30.088,-240.611,-22.158
116.903,approach,-30.087,-240.610,-22.109
116.937,approach,-30.086,-240.609,-22.049
116.969,approach,-30.085,-240.608,-22.000
117.003,approach,-30.084,-240.608,-21.952
117.037,approach,-30.083,-240.607,-21.904
117.069,approach,-30.083,-240.607,-21.855
117.103,approach,-30.082,-240.606,-21.807
117.137,approach,-30.082,-240.606,-21.746
117.169,approach,-30.082,-240.605,-21.698
117.203,approach,-30.082,-240.604,-21.650
117.237,approach,-30.082,-240.604,-21.601
117.269,approach,-30.082,-240.603,-21.553
117.303,approach,-30.083,-240.602,-21.504
117.337,approach,-30.084,-240.601,-21.444
117.369,approach,-30.084,-240.601,-21.396
117.403,approach,-30.085,-240.600,-21.347
117.437,approach,-30.086,-240.600,-21.299
117.469,approach,-30.087,-240.599,-21.250
117.503,approach,-30.089,-240.598,-21.202
117.537,approach,-30.090,-240.598,-21.141
117.569,approach,-30.092,-240.597,-21.093
117.603,approach,-30.094,-240.596,-21.045
117.637,approach,-30.096,-240.595,-20.997
117.669,approach,-30.098,-240.595,-20.948
117.703,approach,-30.100,-240.594,-20.900
117.737,approach,-30.102,-240.593,-20.840
117.769,approach,-30.104,-240.592,-20.792
117.803,approach,-30.106,-240.592,-20.743
117.837,approach,-30.108,-240.591,-20.695
117.869,approach,-30.110,-240.591,-20.647
117.903,approach,-30.112,-240.591,-20.599
117.937,approach,-30.114,-240.590,-20.538
117.969,approach,-30.116,-240.590,-20.490
118.003,approach,-30.118,-240.589,-20.441
118.037,approach,-30.119,-240.589,-20.393
118.069,approach,-30.121,-240.588,-20.344
118.103,approach,-30.122,-240.588,-20.296
118.137,approach,-30.124,-240.588,-20.235
118.169,approach,-30.125,-240.587,-20.187
118.203,approach,-30.126,-240.587,-20.138
118.237,approach,-30.127,-240.587,-20.090
118.269,approach,-30.129,-240.586,-20.042
118.303,approach,-30.130,-240.586,-19.994
118.337,approach,-30.131,-240.586,-19.934
118.369,approach,-30.132,-240.585,-19.886
118.403,approach,-30.133,-240.585,-19.838
118.437,approach,-30.134,-240.585,-19.790
118.469,approach,-30.135,-240.584,-19.742
118.503,approach,-30.136,-240.584,-19.694
118.537,approach,-30.137,-240.584,-19.634
118.569,approach,-30.138,-240.583,-19.587
118.603,approach,-30.139,-240.583,-19.539
118.637,approach,-30.139,-240.582,-19.491
118.669,approach,-30.140,-240.581,-19.444
118.703,approach,-30.141,-240.581,-19.396
118.737,approach,-30.141,-240.580,-19.336
118.769,approach,-30.141,-240.579,-19.289
118.803,approach,-30.142,-240.578,-19.241
118.837,approach,-30.142,-240.577,-19.193
118.869,approach,-30.142,-240.576,-19.145
118.903,approach,-30.142,-240.574,-19.097
118.937,approach,-30.143,-240.573,-19.038
118.969,approach,-30.143,-240.572,-18.990
119.003,approach,-30.143,-240.571,-18.942
119.037,approach,-30.143,-240.570,-18.895
119.069,approach,-30.144,-240.569,-18.847
119.103,approach,-30.144,-240.568,-18.800
119.137,approach,-30.145,-240.567,-18.740
119.169,approach,-30.145,-240.566,-18.693
119.203,approach,-30.146,-240.565,-18.645
119.237,approach,-30.147,-240.564,-18.598
119.269,approach,-30.147,-240.564,-18.551
119.303,approach,-30.148,-240.563,-18.503
119.337,approach,-30.148,-240.563,-18.444
119.369,approach,-30.149,-240.563,-18.397
119.403,approach,-30.149,-240.563,-18.349
119.437,approach,-30.150,-240.563,-18.302
119.469,approach,-30.150,-240.563,-18.254
119.503,approach,-30.151,-240.563,-18.206
119.537,approach,-30.151,-240.564,-18.147
119.569,approach,-30.152,-240.564,-18.099
119.603,approach,-30.152,-240.565,-18.051
119.637,approach,-30.153,-240.566,-18.003
119.669,approach,-30.153,-240.568,-17.956
119.703,approach,-30.153,-240.569,-17.908
119.737,approach,-30.154,-240.571,-17.848
119.769,approach,-30.154,-240.572,-17.800
119.803,approach,-30.154,-240.574,-17.752
119.837,approach,-30.154,-240.576,-17.704
119.869,approach,-30.154,-240.577,-17.657
119.903,approach,-30.154,-240.579,-17.609
119.937,approach,-30.154,-240.581,-17.549
119.969,approach,-30.154,-240.583,-17.501
120.003,approach,-30.154,-240.585,-17.453
120.037,approach,-30.153,-240.586,-17.406
120.069,approach,-30.153,-240.588,-17.358
120.103,approach,-30.152,-240.589,-17.310
120.137,approach,-30.152,-240.591,-17.250
120.169,approach,-30.151,-240.593,-17.202
120.203,approach,-30.151,-240.594,-17.154
120.237,approach,-30.150,-240.595,-17.106
120.269,approach,-30.149,-240.596,-17.058
120.303,approach,-30.148,-240.597,-17.010
120.337,approach,-30.147,-240.599,-16.949
120.369,approach,-30.146,-240.600,-16.901
120.403,approach,-30.145,-240.601,-16.853
120.437,approach,-30.144,-240.601,-16.805
120.469,approach,-30.143,-240.602,-16.757
120.503,approach,-30.142,-240.603,-16.709
120.537,approach,-30.141,-240.604,-16.649
120.569,approach,-30.141,-240.604,-16.601
120.603,approach,-30.140,-240.605,-16.553
120.637,approach,-30.139,-240.605,-16.505
120.670,approach,-30.138,-240.606,-16.457
120.704,approach,-30.138,-240.606,-16.409
120.738,approach,-30.137,-240.607,-16.349
120.770,approach,-30.137,-240.608,-16.302
120.804,approach,-30.136,-240.608,-16.254
120.838,approach,-30.136,-240.609,-16.206
120.870,approach,-30.135,-240.609,-16.158
120.904,approach,-30.135,-240.610,-16.110
120.938,approach,-30.134,-240.610,-16.050
120.970,approach,-30.133,-240.610,-16.003
121.004,approach,-30.133,-240.610,-15.955
121.038,approach,-30.132,-240.611,-15.907
121.070,approach,-30.132,-240.611,-15.859
121.104,approach,-30.131,-240.611,-15.811
121.140,approach,-30.130,-240.611,-15.751
121.172,approach,-30.130,-240.611,-15.702
121.206,approach,-30.129,-240.611,-15.654
121.240,approach,-30.129,-240.611,-15.606
121.272,approach,-30.129,-240.611,-15.558
121.306,approach,-30.128,-240.611,-15.509
121.340,approach,-30.128,-240.611,-15.449
121.372,approach,-30.128,-240.611,-15.400
121.406,approach,-30.127,-240.611,-15.351
121.440,approach,-30.127,-240.611,-15.303
121.472,approach,-30.127,-240.611,-15.254
121.506,approach,-30.127,-240.611,-15.206
121.540,approach,-30.127,-240.611,-15.145
121.572,approach,-30.128,-240.612,-15.097
121.606,approach,-30.128,-240.612,-15.048
121.641,approach,-30.128,-240.612,-15.000
121.673,approach,-30.128,-240.612,-14.951
121.707,approach,-30.128,-240.613,-14.903
121.741,approach,-30.128,-240.613,-14.842
121.773,approach,-30.128,-240.613,-14.794
121.807,approach,-30.129,-240.613,-14.746
121.841,approach,-30.129,-240.614,-14.697
121.873,approach,-30.129,-240.614,-14.649
121.907,approach,-30.129,-240.614,-14.601
121.941,approach,-30.129,-240.615,-14.541
121.973,approach,-30.129,-240.616,-14.492
122.007,approach,-30.129,-240.617,-14.444
122.041,approach,-30.128,-240.617,-14.396
122.074,approach,-30.128,-240.618,-14.348
122.108,approach,-30.127,-240.619,-14.300
122.143,approach,-30.126,-240.620,-14.240
122.175,approach,-30.126,-240.621,-14.193
122.209,approach,-30.125,-240.622,-14.145
122.243,approach,-30.124,-240.623,-14.097
122.275,approach,-30.123,-240.624,-14.049
122.309,approach,-30.122,-240.625,-14.001
122.343,approach,-30.121,-240.626,-13.942
122.375,approach,-30.120,-240.627,-13.894
122.409,approach,-30.119,-240.628,-13.846
122.443,approach,-30.117,-240.629,-13.798
122.475,approach,-30.116,-240.630,-13.751
122.509,approach,-30.115,-240.631,-13.703
122.543,approach,-30.113,-240.633,-13.643
122.575,approach,-30.112,-240.634,-13.595
122.609,approach,-30.111,-240.635,-13.547
122.644,approach,-30.109,-240.636,-13.500
122.676,approach,-30.108,-240.638,-13.452
122.710,approach,-30.106,-240.639,-13.404
122.744,approach,-30.104,-240.640,-13.344
122.776,approach,-30.103,-240.641,-13.296
122.810,approach,-30.101,-240.643,-13.248
122.844,approach,-30.100,-240.644,-13.199
122.876,approach,-30.098,-240.645,-13.151
122.910,approach,-30.097,-240.646,-13.103
122.944,approach,-30.095,-240.647,-13.043
122.976,approach,-30.093,-240.648,-12.995
123.010,approach,-30.092,-240.649,-12.947
123.044,approach,-30.091,-240.650,-12.900
123.076,approach,-30.090,-240.651,-12.852
123.110,approach,-30.089,-240.652,-12.804
123.144,approach,-30.088,-240.653,-12.745
123.176,approach,-30.087,-240.653,-12.697
123.210,approach,-30.087,-240.654,-12.650
123.244,approach,-30.086,-240.655,-12.602
123.276,approach,-30.085,-240.655,-12.555
123.310,approach,-30.085,-240.655,-12.507
123.344,approach,-30.084,-240.656,-12.447
123.376,approach,-30.084,-240.656,-12.400
123.410,approach,-30.083,-240.656,-12.352
123.444,approach,-30.083,-240.656,-12.304
123.476,approach,-30.082,-240.656,-12.256
123.510,approach,-30.081,-240.656,-12.208
123.544,approach,-30.081,-240.657,-12.148
123.576,approach,-30.080,-240.657,-12.100
123.610,approach,-30.079,-240.657,-12.052
123.644,approach,-30.078,-240.657,-12.004
123.676,approach,-30.076,-240.657,-11.956
123.710,approach,-30.075,-240.656,-11.908
123.744,approach,-30.074,-240.656,-11.848
123.776,approach,-30.072,-240.656,-11.800
123.810,approach,-30.071,-240.655,-11.752
123.844,approach,-30.070,-240.654,-11.704
123.876,approach,-30.069,-240.654,-11.656
123.910,approach,-30.068,-240.653,-11.608
123.944,approach,-30.066,-240.652,-11.548
123.976,approach,-30.065,-240.651,-11.500
124.010,approach,-30.065,-240.650,-11.452
124.044,approach,-30.064,-240.650,-11.404
124.076,approach,-30.063,-240.649,-11.355
124.110,approach,-30.063,-240.648,-11.307
124.144,approach,-30.062,-240.647,-11.246
124.176,approach,-30.061,-240.646,-11.198
124.210,approach,-30.061,-240.645,-11.149
124.244,approach,-30.061,-240.645,-11.101
124.289,approach,-30.061,-240.644,-11.052
124.341,approach,-30.060,-240.644,-11.004
124.375,approach,-30.061,-240.643,-10.944
124.407,approach,-30.061,-240.643,-10.895
124.441,approach,-30.061,-240.643,-10.847
124.475,approach,-30.062,-240.643,-10.799
124.507,approach,-30.062,-240.642,-10.751
124.541,approach,-30.063,-240.643,-10.703
124.575,approach,-30.064,-240.643,-10.643
124.607,approach,-30.065,-240.643,-10.595
124.641,approach,-30.067,-240.643,-10.547
124.675,approach,-30.068,-240.644,-10.499
124.707,approach,-30.069,-240.644,-10.451
124.741,approach,-30.071,-240.645,-10.403
124.775,approach,-30.073,-240.646,-10.343
124.807,approach,-30.074,-240.647,-10.294
124.841,approach,-30.076,-240.648,-10.246
124.875,approach,-30.078,-240.649,-10.198
124.907,approach,-30.080,-240.650,-10.149
124.941,approach,-30.082,-240.651,-10.100
124.975,approach,-30.084,-240.652,-10.040
125.007,approach,-30.086,-240.653,-9.991
125.041,approach,-30.088,-240.654,-9.942
125.075,approach,-30.090,-240.655,-9.894
125.107,approach,-30.092,-240.656,-9.845
125.141,approach,-30.093,-240.657,-9.797
125.175,approach,-30.095,-240.658,-9.737
125.207,approach,-30.097,-240.659,-9.688
125.241,approach,-30.098,-240.660,-9.640
125.275,approach,-30.100,-240.661,-9.592
125.307,approach,-30.101,-240.662,-9.543
125.341,approach,-30.103,-240.663,-9.495
125.375,approach,-30.105,-240.663,-9.435
125.407,approach,-30.106,-240.664,-9.387
125.441,approach,-30.107,-240.665,-9.339
125.475,approach,-30.108,-240.665,-9.291
125.507,approach,-30.109,-240.665,-9.242
125.541,approach,-30.110,-240.666,-9.194
125.575,approach,-30.112,-240.666,-9.134
125.607,approach,-30.113,-240.666,-9.086
125.641,approach,-30.114,-240.666,-9.038
125.675,approach,-30.114,-240.666,-8.989
125.707,approach,-30.115,-240.667,-8.941
125.741,approach,-30.116,-240.667,-8.893
125.775,approach,-30.116,-240.667,-8.833
125.807,approach,-30.116,-240.667,-8.785
125.843,approach,-30.117,-240.667,-8.737
125.877,approach,-30.117,-240.667,-8.689
125.909,approach,-30.116,-240.667,-8.642
125.943,approach,-30.116,-240.667,-8.594
125.977,approach,-30.116,-240.667,-8.535
126.009,approach,-30.115,-240.667,-8.487
126.043,approach,-30.114,-240.667,-8.439
126.077,approach,-30.114,-240.667,-8.391
126.110,approach,-30.113,-240.667,-8.343
126.144,approach,-30.112,-240.667,-8.296
126.178,approach,-30.111,-240.668,-8.236
126.210,approach,-30.110,-240.668,-8.188
126.244,approach,-30.109,-240.668,-8.140
126.278,approach,-30.108,-240.669,-8.092
126.310,approach,-30.107,-240.669,-8.045
126.345,approach,-30.105,-240.669,-7.997
126.378,approach,-30.104,-240.669,-7.938
126.412,approach,-30.103,-240.669,-7.891
126.444,approach,-30.101,-240.669,-7.843
126.478,approach,-30.100,-240.669,-7.796
126.515,approach,-30.099,-240.669,-7.748
126.548,approach,-30.097,-240.669,-7.701
126.582,approach,-30.095,-240.669,-7.642
126.615,approach,-30.093,-240.669,-7.594
126.647,approach,-30.092,-240.669,-7.547
126.682,approach,-30.090,-240.669,-7.500
126.716,approach,-30.088,-240.669,-7.452
126.747,approach,-30.087,-240.668,-7.405
126.782,approach,-30.085,-240.668,-7.345
126.815,approach,-30.083,-240.668,-7.298
126.847,approach,-30.082,-240.668,-7.250
126.882,approach,-30.081,-240.668,-7.202
126.916,approach,-30.080,-240.668,-7.155
126.947,approach,-30.078,-240.668,-7.107
126.982,approach,-30.077,-240.668,-7.048
127.016,approach,-30.076,-240.668,-7.001
127.048,approach,-30.074,-240.668,-6.953
127.082,approach,-30.073,-240.668,-6.906
127.115,approach,-30.072,-240.668,-6.858
127.147,approach,-30.071,-240.669,-6.811
127.182,approach,-30.070,-240.669,-6.752
127.215,approach,-30.069,-240.670,-6.704
127.248,approach,-30.068,-240.670,-6.657
127.282,approach,-30.067,-240.671,-6.609
127.315,approach,-30.067,-240.671,-6.562
127.348,approach,-30.066,-240.672,-6.514
127.382,approach,-30.065,-240.673,-6.454
127.416,approach,-30.065,-240.674,-6.407
127.447,approach,-30.065,-240.674,-6.359
127.482,approach,-30.064,-240.675,-6.310
127.515,approach,-30.064,-240.676,-6.262
127.547,approach,-30.064,-240.677,-6.214
127.582,approach,-30.064,-240.679,-6.154
127.616,approach,-30.063,-240.680,-6.106
127.648,approach,-30.063,-240.681,-6.058
127.682,approach,-30.063,-240.682,-6.009
127.715,approach,-30.063,-240.684,-5.961
127.748,approach,-30.063,-240.685,-5.913
127.782,approach,-30.064,-240.686,-5.852
127.815,approach,-30.064,-240.688,-5.804
127.847,approach,-30.064,-240.689,-5.756
127.882,approach,-30.064,-240.690,-5.707
127.916,approach,-30.064,-240.691,-5.659
127.947,approach,-30.064,-240.692,-5.611
127.982,approach,-30.064,-240.694,-5.551
128.015,approach,-30.064,-240.695,-5.503
128.048,approach,-30.063,-240.695,-5.456
128.082,approach,-30.063,-240.696,-5.408
128.115,approach,-30.063,-240.696,-5.360
128.148,approach,-30.062,-240.696,-5.312
128.182,approach,-30.062,-240.696,-5.252
128.215,approach,-30.061,-240.696,-5.205
128.248,approach,-30.060,-240.696,-5.157
128.282,approach,-30.059,-240.696,-5.109
128.315,approach,-30.059,-240.695,-5.061
128.348,approach,-30.058,-240.695,-5.013
128.382,approach,-30.057,-240.694,-4.954
128.416,approach,-30.056,-240.693,-4.906
128.448,approach,-30.055,-240.692,-4.858
128.482,approach,-30.055,-240.691,-4.810
128.515,approach,-30.054,-240.690,-4.762
128.547,approach,-30.053,-240.689,-4.714
128.582,approach,-30.053,-240.687,-4.655
128.615,approach,-30.053,-240.686,-4.607
128.648,approach,-30.053,-240.685,-4.559
128.682,approach,-30.053,-240.684,-4.511
128.716,approach,-30.053,-240.683,-4.464
128.748,approach,-30.053,-240.682,-4.416
128.782,approach,-30.053,-240.680,-4.356
128.815,approach,-30.054,-240.679,-4.309
128.848,approach,-30.054,-240.678,-4.261
128.882,approach,-30.055,-240.677,-4.213
128.915,approach,-30.055,-240.676,-4.165
128.947,approach,-30.056,-240.675,-4.118
128.982,approach,-30.057,-240.674,-4.058
129.015,approach,-30.058,-240.673,-4.010
129.047,approach,-30.058,-240.672,-3.962
129.082,approach,-30.059,-240.671,-3.915
129.115,approach,-30.060,-240.670,-3.867
129.148,approach,-30.061,-240.669,-3.819
129.182,approach,-30.062,-240.668,-3.759
129.215,approach,-30.063,-240.667,-3.711
129.247,approach,-30.064,-240.666,-3.662
129.281,approach,-30.065,-240.666,-3.614
129.315,approach,-30.066,-240.665,-3.566
129.348,approach,-30.067,-240.664,-3.518
129.381,approach,-30.068,-240.663,-3.457
129.416,approach,-30.069,-240.663,-3.409
129.448,approach,-30.070,-240.662,-3.361
129.481,approach,-30.071,-240.661,-3.313
129.515,approach,-30.072,-240.661,-3.264
129.547,approach,-30.073,-240.661,-3.216
129.582,approach,-30.075,-240.660,-3.155
129.615,approach,-30.076,-240.660,-3.107
129.648,approach,-30.077,-240.659,-3.058
129.682,approach,-30.078,-240.659,-3.010
129.715,approach,-30.080,-240.659,-2.961
129.747,approach,-30.081,-240.659,-2.913
129.782,approach,-30.082,-240.659,-2.852
129.816,approach,-30.084,-240.659,-2.804
129.848,approach,-30.085,-240.659,-2.755
129.882,approach,-30.086,-240.659,-2.706
129.915,approach,-30.087,-240.660,-2.658
129.947,approach,-30.087,-240.660,-2.609
129.982,approach,-30.088,-240.660,-2.548
130.016,approach,-30.089,-240.660,-2.499
130.048,approach,-30.089,-240.660,-2.451
130.082,approach,-30.089,-240.661,-2.402
130.116,approach,-30.089,-240.661,-2.354
130.148,approach,-30.090,-240.661,-2.305
130.182,approach,-30.090,-240.662,-2.245
130.215,approach,-30.090,-240.662,-2.196
130.248,approach,-30.090,-240.663,-2.148
130.282,approach,-30.090,-240.663,-2.099
130.315,approach,-30.091,-240.664,-2.051
130.348,approach,-30.091,-240.665,-2.003
130.382,approach,-30.091,-240.665,-1.945
130.416,approach,-30.091,-240.665,-1.900
130.447,approach,-30.091,-240.666,-1.856
130.482,approach,-30.091,-240.666,-1.813
130.516,approach,-30.090,-240.666,-1.772
130.548,approach,-30.090,-240.667,-1.732
130.582,approach,-30.090,-240.667,-1.684
130.616,approach,-30.089,-240.667,-1.647
