time_sec x_east_m y_north_m z_up_m
0.0 0.0 0.0 0.0
0.019965408 -0.002837851643562317 0.001244872808456421 -0.001964092254638672
0.040013744 -0.002225041389465332 0.0010819211602210999 -0.002981424331665039
0.059981721 0.002353101968765259 -0.0006125718355178833 -0.0044057369232177734
0.080220905 0.004793405532836914 -0.0014845803380012512 -0.005376338958740234
0.102255139 0.00729234516620636 -0.002407655119895935 -0.007033109664916992
0.122201538 0.00832316279411316 -0.002767302095890045 -0.00819706916809082
0.142197283 0.008980855345726013 -0.0029313117265701294 -0.009940624237060547
0.16226737 0.00883251428604126 -0.0027915313839912415 -0.011108875274658203
0.182275858 0.007736727595329285 -0.0022103488445281982 -0.012868881225585938
0.202245518 0.006429165601730347 -0.0015780478715896606 -0.01404118537902832
0.22221202 0.003599315881729126 -0.0002621486783027649 -0.01574420928955078
0.242230188 0.0009434521198272705 0.0008680671453475952 -0.016784191131591797
0.262403869 0.005380406975746155 -0.0009228885173797607 -0.01780390739440918
0.282286754 0.007669925689697266 -0.001834385097026825 -0.018459796905517578
0.302261194 0.010115638375282288 -0.0027857646346092224 -0.019416093826293945
0.322195975 0.011098384857177734 -0.003146745264530182 -0.020006179809570312
0.342238213 0.011613458395004272 -0.0032824277877807617 -0.02089214324951172
0.362346109 0.011324524879455566 -0.0031063780188560486 -0.021475791931152344
0.382407356 0.009957432746887207 -0.0024476423859596252 -0.022348880767822266
0.402259995 0.008431553840637207 -0.001749373972415924 -0.022937774658203125
0.42225017 0.005227178335189819 -0.00031601637601852417 -0.023762941360473633
0.442327033 0.0024735331535339355 0.0009003728628158569 -0.02432703971862793
0.463211896 0.004040434956550598 0.00038155168294906616 -0.024856090545654297
0.49528175 0.0065934062004089355 -0.0005804523825645447 -0.02514028549194336
0.519060495 0.009408518671989441 -0.0015769600868225098 -0.025598526000976562
0.542005681 0.010755911469459534 -0.0019463971257209778 -0.025855302810668945
0.566201434 0.011750787496566772 -0.002065606415271759 -0.026265859603881836
0.595404491 0.01173989474773407 -0.001860097050666809 -0.026556730270385742
0.633643873 0.010732099413871765 -0.0011341273784637451 -0.026976585388183594
0.665065089 0.009409308433532715 -0.00037560611963272095 -0.027262210845947266
0.685487793 0.0064615607261657715 0.0011688321828842163 -0.027698278427124023
0.705470993 0.003851667046546936 0.002470843493938446 -0.02802276611328125
0.725419425 0.002487272024154663 0.0033741071820259094 -0.0283811092376709
0.745558327 0.005551129579544067 0.0023349225521087646 -0.028409957885742188
0.766195723 0.008957892656326294 0.0012561678886413574 -0.02854609489440918
0.785454093 0.010317236185073853 0.0008508265018463135 -0.02880382537841797
0.805464081 0.011268630623817444 0.0007045567035675049 -0.029231786727905273
0.82539659 0.011189490556716919 0.0009085461497306824 -0.029544830322265625
0.845561847 0.010022848844528198 0.0016568303108215332 -0.030092477798461914
0.865516518 0.00856029987335205 0.0024444088339805603 -0.030496597290039062
0.885483813 0.005356892943382263 0.004055328667163849 -0.03119373321533203
0.905554328 0.0025517940521240234 0.005412958562374115 -0.031702280044555664
0.925433854 -0.002660602331161499 0.00787518173456192 -0.03252983093261719
0.945535735 0.0004923343658447266 0.0067175403237342834 -0.032834768295288086
0.966187623 0.004029527306556702 0.005490340292453766 -0.03334665298461914
0.985473459 0.0057831257581710815 0.005006149411201477 -0.03362631797790527
1.005644272 0.007277458906173706 0.004769355058670044 -0.034191131591796875
1.025526749 0.007522255182266235 0.004929251968860626 -0.034626007080078125
1.045599971 0.006786346435546875 0.005635283887386322 -0.03540349006652832
1.065532379 0.0055793821811676025 0.006409354507923126 -0.0359349250793457
1.085502581 0.0027166903018951416 0.00801832228899002 -0.03682231903076172
1.105447749 0.00011643767356872559 0.009384885430335999 -0.037453651428222656
1.125468898 -0.004816994071006775 0.011872835457324982 -0.03846144676208496
1.145502041 -0.004947975277900696 0.012187235057353973 -0.039018869400024414
1.165536331 -0.0006420612335205078 0.01072055846452713 -0.03966832160949707
1.18547382 0.0012323558330535889 0.01009434461593628 -0.0402677059173584
1.205444397 0.0028348565101623535 0.009668730199337006 -0.041306257247924805
1.225490662 0.0031180530786514282 0.009716920554637909 -0.04204916954040527
1.245631953 0.002396702766418457 0.010275088250637054 -0.04322934150695801
1.267152333 0.0011697709560394287 0.010964281857013702 -0.04406166076660156
1.28657717 -0.001758277416229248 0.012462615966796875 -0.04529309272766113
1.306530027 -0.004425272345542908 0.013760089874267578 -0.045891761779785156
1.326543016 -0.009810224175453186 0.016165785491466522 -0.04668617248535156
1.346649475 -0.014107495546340942 0.018066667020320892 -0.047139883041381836
1.366594425 -0.009774520993232727 0.016246981918811798 -0.04725813865661621
1.386605899 -0.007928743958473206 0.01540353149175644 -0.04750680923461914
1.406570591 -0.006441682577133179 0.014678120613098145 -0.04811239242553711
1.42648868 -0.00626826286315918 0.014543548226356506 -0.0485997200012207
1.4466813 -0.007192447781562805 0.014846675097942352 -0.04925179481506348
1.46672492 -0.008577927947044373 0.015377655625343323 -0.04965519905090332
1.486545502 -0.0117778480052948 0.016656696796417236 -0.050281524658203125
1.506538062 -0.01463279128074646 0.017817504703998566 -0.05051374435424805
1.526516487 -0.019994273781776428 0.020020142197608948 -0.0508732795715332
1.5466596 -0.02427893877029419 0.02179289609193802 -0.05104637145996094
1.567635445 -0.023490160703659058 0.02134084701538086 -0.050882816314697266
1.587632542 -0.021237894892692566 0.020217567682266235 -0.05080103874206543
1.607605327 -0.019178196787834167 0.019092261791229248 -0.050655364990234375
1.627527002 -0.018649503588676453 0.018704481422901154 -0.05057573318481445
1.647914079 -0.019086122512817383 0.01864999532699585 -0.05057716369628906
1.667684356 -0.020177125930786133 0.01895582675933838 -0.05069923400878906
1.687627333 -0.022971749305725098 0.019909456372261047 -0.05091691017150879
1.707607252 -0.025604501366615295 0.02086864411830902 -0.05109453201293945
1.727607896 -0.030978918075561523 0.02278783917427063 -0.051239728927612305
1.747713908 -0.03529781103134155 0.024380676448345184 -0.05137896537780762
1.767671061 -0.038492053747177124 0.025383301079273224 -0.0514678955078125
1.787682746 -0.035644322633743286 0.02394256740808487 -0.051297664642333984
1.807631497 -0.0327274352312088 0.022361181676387787 -0.05117177963256836
1.827556874 -0.03165969252586365 0.02168213576078415 -0.05114865303039551
1.847880918 -0.031327471137046814 0.021211206912994385 -0.05121564865112305
1.867692354 -0.03193026781082153 0.02125120908021927 -0.05135989189147949
1.887690397 -0.03402577340602875 0.021821029484272003 -0.0516054630279541
1.907646693 -0.03613913059234619 0.022532768547534943 -0.05191755294799805
1.927596285 -0.0401587188243866 0.02407614141702652 -0.05254101753234863
1.948038429 -0.04357326030731201 0.02542080730199814 -0.05295372009277344
1.967641795 -0.04978616535663605 0.027908749878406525 -0.053579092025756836
1.987605704 -0.04561521112918854 0.02609603852033615 -0.0536351203918457
2.007613174 -0.04075963795185089 0.023976780474185944 -0.0538480281829834
2.027525219 -0.038427144289016724 0.02295026183128357 -0.05403017997741699
2.047716424 -0.03623518347740173 0.021970905363559723 -0.05437326431274414
2.067648204 -0.03561975061893463 0.021680139005184174 -0.05466747283935547
2.087622008 -0.03591962158679962 0.021770000457763672 -0.05513143539428711
2.107615052 -0.036919936537742615 0.02217230200767517 -0.055646419525146484
2.127572026 -0.03956526517868042 0.023268073797225952 -0.056424617767333984
2.147730063 -0.042070746421813965 0.024316556751728058 -0.05687236785888672
2.167633123 -0.04692895710468292 0.026362188160419464 -0.057457923889160156
2.187596726 -0.0463850200176239 0.02611175924539566 -0.05773615837097168
2.207577269 -0.040150582790374756 0.0234232097864151 -0.05776858329772949
2.227521626 -0.036916330456733704 0.022024013102054596 -0.057761430740356445
2.247716726 -0.033398985862731934 0.020494714379310608 -0.05780458450317383
2.267636575 -0.03191475570201874 0.01984407752752304 -0.05786442756652832
2.287561693 -0.030936434864997864 0.019401654601097107 -0.058022260665893555
2.307542694 -0.03109040856361389 0.019451521337032318 -0.05819249153137207
2.327559541 -0.032608166337013245 0.020026706159114838 -0.05842781066894531
2.347732735 -0.0042997002601623535 0.007992848753929138 -0.056706905364990234
2.36762499 0.03666439652442932 -0.00941893458366394 -0.05422544479370117
2.387538257 0.06303814053535461 -0.020626895129680634 -0.05261397361755371
2.407536167 0.10140753537416458 -0.03691042959690094 -0.050286054611206055
2.427505833 0.12636033445596695 -0.047478966414928436 -0.04877591133117676
2.447773119 0.16269849799573421 -0.06286178156733513 -0.0465703010559082
2.46765999 0.18624947732314467 -0.07282689213752747 -0.04513907432556152
2.487559764 0.22065135464072227 -0.08737703133374453 -0.04303455352783203
2.507565091 0.2429957389831543 -0.09682090627029538 -0.0416560173034668
2.527541947 0.2756284177303314 -0.1106023769825697 -0.03988909721374512
2.54768065 0.29692844301462173 -0.11957325972616673 -0.038816213607788086
2.567851857 0.32821662724018097 -0.13270522095263004 -0.03720831871032715
2.587600632 0.3484867513179779 -0.141200490295887 -0.0361480712890625
2.607566117 0.37807393074035645 -0.15351979807019234 -0.03447985649108887
2.62752196 0.3972324728965759 -0.1614612191915512 -0.03334403038024902
2.647656045 0.4250796437263489 -0.17298146337270737 -0.03171420097351074
2.667644684 0.44304826855659485 -0.1804002746939659 -0.030666351318359375
2.687574611 0.4691067934036255 -0.1911366730928421 -0.02913808822631836
2.707570375 0.485881507396698 -0.19803380221128464 -0.02813577651977539
2.727565547 0.510173887014389 -0.20799987018108368 -0.02682805061340332
2.7476855 0.5257878303527832 -0.21439025551080704 -0.026033878326416016
2.767628631 0.5483558177947998 -0.22367435693740845 -0.024854660034179688
2.787583397 0.5628176629543304 -0.22961892932653427 -0.02409839630126953
2.807553499 0.5834730565547943 -0.2381817027926445 -0.023179054260253906
2.827516268 0.5966596305370331 -0.24367178231477737 -0.022642850875854492
2.847674499 0.6155926287174225 -0.25154996663331985 -0.021890640258789062
2.867658206 0.6276529729366302 -0.2565663829445839 -0.02141737937927246
2.887562125 0.6449107825756073 -0.2637413665652275 -0.020756006240844727
2.907610547 0.655866414308548 -0.2682935819029808 -0.02034306526184082
2.927568396 0.6715161800384521 -0.2747916951775551 -0.01985931396484375
2.947708842 0.6814311444759369 -0.2789039984345436 -0.019600629806518555
2.967655118 0.6955671906471252 -0.28476230055093765 -0.019274473190307617
2.987568872 0.7044980525970459 -0.28845901042222977 -0.019095420837402344
3.007548566 0.7173128128051758 -0.2936927452683449 -0.018787860870361328
3.027534684 0.7255648374557495 -0.29706548899412155 -0.018567562103271484
3.047742461 0.737236738204956 -0.3018308952450752 -0.018299579620361328
3.067628535 0.7445577383041382 -0.3048156276345253 -0.01816868782043457
3.087587893 0.7548665404319763 -0.30900970846414566 -0.01801586151123047
3.107551013 0.7613016366958618 -0.3116208240389824 -0.017978668212890625
3.127533121 0.7703573703765869 -0.31528306752443314 -0.018024921417236328
3.147707895 0.7760024070739746 -0.3175560459494591 -0.018103361129760742
3.167673031 0.7838920950889587 -0.3207227811217308 -0.018265962600708008
3.187629686 0.7887840270996094 -0.32268350571393967 -0.018407106399536133
3.207544588 0.7953643798828125 -0.3253859803080559 -0.01878643035888672
3.227527425 0.7994205951690674 -0.3270922526717186 -0.019118785858154297
3.247701763 0.8051448464393616 -0.32952646166086197 -0.019680261611938477
3.267664746 0.8086444735527039 -0.3310144320130348 -0.020078420639038086
3.287599546 0.8134364485740662 -0.33305131644010544 -0.020700454711914062
3.307554029 0.8163376450538635 -0.334283672273159 -0.02114248275756836
3.32756124 0.8203039765357971 -0.3359668627381325 -0.02184891700744629
3.347699762 0.8225222229957581 -0.3369784876704216 -0.02225637435913086
3.367651456 0.8253886699676514 -0.33833325654268265 -0.02285313606262207
3.387582704 0.8270863890647888 -0.339146725833416 -0.023282766342163086
3.407564647 0.8291329145431519 -0.3402154818177223 -0.024044036865234375
3.4275141 0.8301723003387451 -0.3408307507634163 -0.024624347686767578
3.447860296 0.3888848274946213 -0.14228834584355354 -0.025565147399902344
3.467878562 0.3902365565299988 -0.14319195225834846 -0.026338577270507812
3.487711176 0.39209190011024475 -0.1443173550069332 -0.027544736862182617
3.507622538 0.3932536691427231 -0.14496440812945366 -0.02835249900817871
3.527613728 0.39530470967292786 -0.14543833956122398 -0.029613494873046875
3.547855696 0.3965874910354614 -0.14571595191955566 -0.03048086166381836
3.567911236 0.39840640127658844 -0.14606282487511635 -0.03182268142700195
3.587737965 0.3995394855737686 -0.1460212618112564 -0.03270101547241211
3.607641669 0.40116575360298157 -0.14581043645739555 -0.03409910202026367
3.627606576 0.40215203166007996 -0.14558156952261925 -0.03506016731262207
3.647729315 0.4034387171268463 -0.14517193287611008 -0.03643679618835449
3.667839008 0.40419162809848785 -0.14487598836421967 -0.03731799125671387
3.687701495 0.4050649553537369 -0.14451001584529877 -0.03846597671508789
3.707610363 0.40556439757347107 -0.14425736293196678 -0.03921341896057129
3.727613235 0.4061262756586075 -0.14399288594722748 -0.040183067321777344
3.747893147 0.40643903613090515 -0.14367421716451645 -0.04066801071166992
3.7677979 0.40675462782382965 -0.14314553514122963 -0.04124569892883301
3.787777249 0.4068174958229065 -0.1428946852684021 -0.04151344299316406
3.807776316 0.4067620038986206 -0.14257535338401794 -0.04183530807495117
3.827604407 0.4065959304571152 -0.1424449123442173 -0.041973114013671875
3.847864708 0.40618064999580383 -0.14232191443443298 -0.04210782051086426
3.867803497 0.40582510828971863 -0.1422584354877472 -0.042172908782958984
3.887769194 0.405139297246933 -0.1421958990395069 -0.0421755313873291
3.907656118 0.4046013206243515 -0.142184317111969 -0.04215717315673828
3.927682346 0.40368086099624634 -0.14222104102373123 -0.042131662368774414
3.947703436 0.40288931131362915 -0.1424778774380684 -0.04221773147583008
3.96790145 0.4016474038362503 -0.14285128191113472 -0.04234433174133301
3.987737082 0.40070146322250366 -0.14311008155345917 -0.0424044132232666
4.007663642 0.3992112725973129 -0.14347954466938972 -0.042449951171875
4.027650723 0.3981495797634125 -0.14372646063566208 -0.042443037033081055
4.047680885 0.3964911550283432 -0.1440788470208645 -0.04241824150085449
4.067836245 0.3953593224287033 -0.1442883312702179 -0.04240846633911133
4.087737261 0.39354389905929565 -0.14461765065789223 -0.04237055778503418
4.107641055 0.3922925144433975 -0.14479715377092361 -0.04231548309326172
4.127641054 0.3903607428073883 -0.14500081166625023 -0.04222822189331055
4.147675431 0.3890111446380615 -0.14510607346892357 -0.04212641716003418
4.168006386 0.3869578540325165 -0.14518114924430847 -0.041973114013671875
4.187770411 0.38555842638015747 -0.14517852291464806 -0.04182863235473633
4.207643648 0.3834681659936905 -0.1450316533446312 -0.041543006896972656
4.227616981 0.3821345418691635 -0.14470090717077255 -0.041436195373535156
4.247676386 0.3801111578941345 -0.14412139356136322 -0.04122805595397949
4.267982032 0.3787536770105362 -0.14367368444800377 -0.041101932525634766
4.287735958 0.37668144702911377 -0.14293688163161278 -0.040822505950927734
4.307695505 0.37528613209724426 -0.14240005612373352 -0.040682315826416016
4.327633239 0.3731828033924103 -0.1415296457707882 -0.0404815673828125
4.347656415 0.37178725004196167 -0.14091147109866142 -0.04033493995666504
4.367866346 0.36979661881923676 -0.1396457776427269 -0.03997445106506348
4.387750825 0.3684860169887543 -0.13875706493854523 -0.03970026969909668
4.407660593 0.36652661859989166 -0.13740483671426773 -0.039246320724487305
4.42767599 0.3652249425649643 -0.1364540234208107 -0.03895068168640137
4.447673112 0.3632984608411789 -0.1350402794778347 -0.038539886474609375
4.46809554 0.3620065599679947 -0.13405410200357437 -0.038304805755615234
4.487767323 0.36006055772304535 -0.1325129270553589 -0.037993431091308594
4.507594553 0.3587569296360016 -0.13147756829857826 -0.03782463073730469
4.527626809 0.3568006455898285 -0.12992760352790356 -0.037634849548339844
4.547698625 0.35549214482307434 -0.12892869673669338 -0.037568092346191406
4.567919782 0.3535338193178177 -0.12738259136676788 -0.03752493858337402
4.587697127 0.35222452878952026 -0.12635646760463715 -0.03753995895385742
4.607784371 0.3502754420042038 -0.12487763538956642 -0.037618160247802734
4.627650406 0.34896455705165863 -0.12394141033291817 -0.03767681121826172
4.647692436 0.34690849483013153 -0.12289690971374512 -0.037583351135253906
4.669146784 0.3455450236797333 -0.12222016602754593 -0.03752779960632324
4.690179384 0.3435090035200119 -0.1212450210005045 -0.03745388984680176
4.709053105 0.34214967489242554 -0.12068092823028564 -0.03735160827636719
4.72872647 0.340120404958725 -0.11985654756426811 -0.037209510803222656
4.751814103 0.3387691527605057 -0.11935792677104473 -0.03710150718688965
4.773305723 0.33673498034477234 -0.11861930601298809 -0.036968231201171875
4.792654815 0.33536361157894135 -0.11815505847334862 -0.036861419677734375
4.812064179 0.3333296626806259 -0.11748628504574299 -0.03666114807128906
4.832408385 0.3320019990205765 -0.11699549574404955 -0.03656291961669922
4.854258625 0.3301210105419159 -0.11606684140861034 -0.0364985466003418
4.873354882 0.32886721193790436 -0.1154449237510562 -0.036470651626586914
4.891256908 0.32698632776737213 -0.11450683325529099 -0.03643989562988281
4.912763051 0.3257347047328949 -0.11390160862356424 -0.03631925582885742
4.932875477 0.32386063039302826 -0.11298979539424181 -0.03616046905517578
4.952811269 0.32261160016059875 -0.11238442454487085 -0.036048173904418945
4.972708984 0.3207571506500244 -0.11150069255381823 -0.03588223457336426
4.992703272 0.3195272386074066 -0.1109152976423502 -0.03578996658325195
5.013699384 0.31766940653324127 -0.11012804508209229 -0.03557562828063965
5.033858233 0.3164261355996132 -0.10960511304438114 -0.035462379455566406
5.053755278 0.3143850043416023 -0.10918396711349487 -0.03507375717163086
5.075720344 0.3130059391260147 -0.10892376396805048 -0.03480243682861328
5.095326273 0.3109126463532448 -0.10855419933795929 -0.03442215919494629
5.116887158 0.30950284004211426 -0.10834103031083941 -0.03424882888793945
5.137141813 0.3073868304491043 -0.10804458288475871 -0.034055233001708984
5.158512047 0.30597224831581116 -0.10788511717692018 -0.03399777412414551
5.177025781 0.303875595331192 -0.10769613599404693 -0.03402233123779297
5.198014365 0.30248595029115677 -0.10758136725053191 -0.03407716751098633
5.218192018 0.30044765770435333 -0.10740912519395351 -0.03428006172180176
5.239089347 0.2991430461406708 -0.10722864931449294 -0.03448319435119629
5.258382211 0.297332338988781 -0.10670799482613802 -0.03493309020996094
5.277939436 0.2961873188614845 -0.10634518880397081 -0.03520512580871582
5.297778795 0.2944784611463547 -0.10577936843037605 -0.03565669059753418
5.318919582 0.2933964505791664 -0.1053966626059264 -0.03599190711975098
5.340600518 0.2917972430586815 -0.10482212249189615 -0.036516427993774414
5.35898323 0.2907503768801689 -0.10444884514436126 -0.03686237335205078
5.379486194 0.28923650830984116 -0.10380585351958871 -0.03734087944030762
5.399439833 0.2882961928844452 -0.10323255287948996 -0.037596702575683594
5.420714986 0.2868923023343086 -0.10246467019896954 -0.037955284118652344
5.441317326 0.28597263991832733 -0.10196453545358963 -0.03821372985839844
5.460133224 0.2847212255001068 -0.10098862944869325 -0.03879594802856445
5.480104057 0.28391629457473755 -0.10040765616577119 -0.0391693115234375
5.501099065 0.282734677195549 -0.0995464704465121 -0.039734840393066406
5.522269446 0.2819710150361061 -0.09900373546406627 -0.040123701095581055
5.542332917 0.2808588668704033 -0.09829479269683361 -0.04069089889526367
5.561576636 0.28013236075639725 -0.09785280050709844 -0.04107975959777832
5.581166525 0.27908021211624146 -0.09723826870322227 -0.04165077209472656
5.602623146 0.27839725464582443 -0.09684177720919251 -0.04204058647155762
5.623309155 0.2774265334010124 -0.09635392623022199 -0.04256439208984375
5.641184354 0.2767663672566414 -0.09611558448523283 -0.04289746284484863
5.661220738 0.27569620311260223 -0.09603224182501435 -0.04329252243041992
5.682608062 0.27498579025268555 -0.09604128263890743 -0.04356122016906738
5.703563669 0.2739410623908043 -0.09608704643324018 -0.0439906120300293
5.723721029 0.2732602581381798 -0.09616455063223839 -0.04431295394897461
5.743654085 0.2722942978143692 -0.09632707200944424 -0.044790029525756836
5.763609746 0.27167342603206635 -0.09645067527890205 -0.04511117935180664
5.78379352 0.27084285765886307 -0.09650097461417317 -0.04547262191772461
5.803850967 0.27035806328058243 -0.09641767758876085 -0.04566550254821777
5.823675779 0.26967188715934753 -0.09627074282616377 -0.04600405693054199
5.843576835 0.2692452073097229 -0.09616854414343834 -0.04625296592712402
5.863607548 0.26865220069885254 -0.0960085648111999 -0.04664134979248047
5.883781529 0.26827507466077805 -0.09590260358527303 -0.046874046325683594
5.903812903 0.26772939413785934 -0.09572695707902312 -0.04725456237792969
5.923676345 0.26738401502370834 -0.09559657471254468 -0.047533273696899414
5.944737155 0.26686807721853256 -0.09540298068895936 -0.04794955253601074
5.964709421 0.26652735471725464 -0.09526901319622993 -0.0482335090637207
5.984919049 0.2660320922732353 -0.09512238949537277 -0.04862713813781738
6.004774757 0.2657199501991272 -0.09503091685473919 -0.04888725280761719
6.024655011 0.26527781039476395 -0.09489992121234536 -0.049246788024902344
6.044604065 0.26501375436782837 -0.09485436789691448 -0.04946160316467285
6.06469907 0.26462989300489426 -0.09479061374440789 -0.049783945083618164
6.085173856 0.26438265293836594 -0.09477057959884405 -0.049970149993896484
6.104764267 0.2640170529484749 -0.09473052015528083 -0.05025935173034668
6.124692672 0.26377153396606445 -0.09470847807824612 -0.05043148994445801
6.144664349 0.26341062784194946 -0.09468462038785219 -0.05065751075744629
6.164659007 0.26317664980888367 -0.09466287260875106 -0.05081343650817871
6.184902419 0.2627496048808098 -0.0948854056186974 -0.05109906196594238
6.204741115 0.262428842484951 -0.095113187097013 -0.051319122314453125
6.224649945 0.26193564385175705 -0.09546927968040109 -0.051654815673828125
6.244595658 0.2615978345274925 -0.09575072396546602 -0.05185556411743164
6.264774383 0.2610812187194824 -0.09617406129837036 -0.05220150947570801
6.284999408 0.26071637123823166 -0.09647691762074828 -0.052453041076660156
6.304719219 0.2601272389292717 -0.09694725088775158 -0.05282306671142578
6.324676506 0.25972533226013184 -0.0972558711655438 -0.05310487747192383
6.344629612 0.2590806484222412 -0.09771732403896749 -0.05347776412963867
6.364654922 0.2586613968014717 -0.09800492529757321 -0.05376911163330078
6.384977117 0.2579251825809479 -0.09867701237089932 -0.05431771278381348
6.404793519 0.2574382722377777 -0.09915532800368965 -0.05471467971801758
6.424668063 0.2567306458950043 -0.09987982478924096 -0.05536842346191406
6.444609783 0.25624002516269684 -0.10055935569107533 -0.055702924728393555
6.464685725 0.2555445767939091 -0.10157327404238004 -0.056240081787109375
6.484875401 0.2551315762102604 -0.10224129084963351 -0.05662727355957031
6.504975689 0.25459853932261467 -0.1032432719366625 -0.057239532470703125
6.524667606 0.25427792966365814 -0.10390044841915369 -0.05766606330871582
6.544649109 0.2538798525929451 -0.10485777095891535 -0.05832076072692871
6.564663468 0.2536396235227585 -0.10545827681198716 -0.05875873565673828
6.584860822 0.25331760570406914 -0.10630615055561066 -0.059419870376586914
6.604763494 0.25312666967511177 -0.10678911628201604 -0.05986475944519043
6.624665118 0.25286322459578514 -0.10749034769833088 -0.06058454513549805
6.644595558 0.25268184393644333 -0.10788799170404673 -0.06106853485107422
6.66465943 0.25242600962519646 -0.10844047460705042 -0.06182217597961426
6.684877521 0.2522609420120716 -0.10876065259799361 -0.062331438064575195
6.70539421 0.2520145997405052 -0.10915174568071961 -0.06308674812316895
6.724727018 0.25185900554060936 -0.10938018560409546 -0.06357741355895996
6.744668176 0.25165652111172676 -0.10956764407455921 -0.06429338455200195
6.764673881 0.2515445835888386 -0.10964411590248346 -0.06478571891784668
6.78484857 0.2513103485107422 -0.10993845760822296 -0.06569814682006836
6.805119545 0.2511771656572819 -0.11003944743424654 -0.06627368927001953
6.824697179 0.2510252743959427 -0.11005530972033739 -0.0672307014465332
6.8446157 0.25097303092479706 -0.10988874640315771 -0.06792497634887695
6.86464062 0.2509014457464218 -0.10954288020730019 -0.06893396377563477
6.884846285 0.250863254070282 -0.1092795548029244 -0.06959915161132812
6.904972598 0.2508280351758003 -0.10883408738300204 -0.07058358192443848
6.924745109 0.2508169449865818 -0.1085182218812406 -0.07124853134155273
6.94463774 0.2508057691156864 -0.10788108222186565 -0.07221055030822754
6.964713237 0.25079718977212906 -0.10741148330271244 -0.07286977767944336
6.984897387 0.2507825829088688 -0.1066393768414855 -0.07388544082641602
7.004821046 0.2507445774972439 -0.10604611365124583 -0.07453680038452148
7.024668379 0.25073570013046265 -0.10497280885465443 -0.07544064521789551
7.04464365 0.2507431320846081 -0.10411029634997249 -0.07598257064819336
7.064667705 0.25074397772550583 -0.10274440620560199 -0.07680296897888184
7.084853978 0.25074824318289757 -0.1018094096070854 -0.07739520072937012
7.104822982 0.2507322244346142 -0.10035752749536186 -0.07828879356384277
7.124690805 0.25073322281241417 -0.09935854934155941 -0.07889962196350098
7.144690132 0.25075243413448334 -0.09781666984781623 -0.07982945442199707
7.164680771 0.25075601786375046 -0.09677921514958143 -0.08045315742492676
7.18488633 0.2507512755692005 -0.09520633099600673 -0.08139610290527344
7.20514137 0.2507280483841896 -0.09417691826820374 -0.08199644088745117
7.224645962 0.25069716572761536 -0.09266186878085136 -0.08292174339294434
7.244681279 0.25066567584872246 -0.09168833680450916 -0.08352971076965332
7.264683244 0.2506936565041542 -0.09004933014512062 -0.08424711227416992
7.284829031 0.2507306598126888 -0.08894333150237799 -0.08470439910888672
7.304935744 0.250755924731493 -0.08739009872078896 -0.08533239364624023
7.324734725 0.2507569454610348 -0.08638702891767025 -0.08572006225585938
7.344680357 0.250734843313694 -0.0849334504455328 -0.08631753921508789
7.364657913 0.2506871111690998 -0.08401377685368061 -0.0867006778717041
7.384894343 0.25062989071011543 -0.08264821209013462 -0.08729839324951172
7.405290197 0.25058601051568985 -0.08175717294216156 -0.08770036697387695
7.424702424 0.25053802132606506 -0.08043721690773964 -0.08831787109375
7.44462493 0.25050704181194305 -0.0795819740742445 -0.08871126174926758
7.464680013 0.2504749558866024 -0.0783197283744812 -0.08930563926696777
7.484841606 0.25047094374895096 -0.0774841345846653 -0.08972024917602539
7.505142936 0.2504885010421276 -0.076283048838377 -0.09032416343688965
7.524756992 0.2505265772342682 -0.07550980523228645 -0.0907437801361084
7.544648115 0.2506250664591789 -0.07438941113650799 -0.09139871597290039
7.564659819 0.2506769560277462 -0.07371723093092442 -0.09179353713989258
7.584874168 0.25074679777026176 -0.07278607599437237 -0.09235548973083496
7.604967286 0.2507890574634075 -0.07219704985618591 -0.09271550178527832
7.624678339 0.250850573182106 -0.07135191559791565 -0.09325766563415527
7.644639019 0.25090574473142624 -0.0707958023995161 -0.09364438056945801
7.66466642 0.25099004432559013 -0.07001174613833427 -0.09415149688720703
7.684889133 0.2510741539299488 -0.06947966292500496 -0.09452462196350098
7.705305712 0.2511581815779209 -0.06880082190036774 -0.09502506256103516
7.724717861 0.2511964589357376 -0.06838751956820488 -0.09531450271606445
7.744647331 0.2511521615087986 -0.06800888851284981 -0.09588193893432617
7.764733546 0.2510485388338566 -0.06783777102828026 -0.0962677001953125
7.78491955 0.25088201835751534 -0.06759471073746681 -0.09688830375671387
7.804861552 0.25072764977812767 -0.06746521219611168 -0.09730839729309082
7.824695751 0.2504202723503113 -0.06732657179236412 -0.09793877601623535
7.844628166 0.25020449608564377 -0.06724033504724503 -0.09838223457336426
7.864670247 0.24978484585881233 -0.06720604375004768 -0.09906935691833496
7.884795774 0.24948829039931297 -0.06719405204057693 -0.09953927993774414
7.904982674 0.24901971966028214 -0.06718891113996506 -0.10027074813842773
7.924676287 0.24865227937698364 -0.06722630932927132 -0.10071063041687012
7.944711306 0.24814622849225998 -0.06724321469664574 -0.1014406681060791
7.964652643 0.24775835126638412 -0.06728315725922585 -0.10190892219543457
7.984873887 0.2471802942454815 -0.06735028326511383 -0.10263943672180176
8.005385943 0.246769018471241 -0.06743001192808151 -0.10312008857727051
8.024693955 0.2461511194705963 -0.06753644719719887 -0.10385537147521973
8.044631874 0.24577487260103226 -0.06754295155405998 -0.1043999195098877
8.064640171 0.24518659710884094 -0.0676361694931984 -0.10515308380126953
8.084767842 0.24478745833039284 -0.06771903112530708 -0.10565376281738281
8.104981594 0.24412640184164047 -0.06799740716814995 -0.10650324821472168
8.124681055 0.2436429113149643 -0.0682472214102745 -0.10698866844177246
8.14468836 0.2429320067167282 -0.06861215084791183 -0.10773158073425293
8.164632155 0.24244507402181625 -0.06887853890657425 -0.10819506645202637
8.184704765 0.24169224500656128 -0.06932707503437996 -0.10884618759155273
8.205097238 0.24119827151298523 -0.06962348893284798 -0.10929346084594727
8.224715357 0.24043305590748787 -0.07012156397104263 -0.1099097728729248
8.244651556 0.23990930244326591 -0.07050876505672932 -0.11036491394042969
8.264809053 0.23908045887947083 -0.07118291780352592 -0.11092567443847656
8.284709261 0.2385338470339775 -0.07163243368268013 -0.11130285263061523
8.305422716 0.2377341091632843 -0.07227609306573868 -0.1118936538696289
8.324715563 0.23718465864658356 -0.07277088612318039 -0.1122128963470459
8.344638722 0.236381433904171 -0.07350649870932102 -0.1127166748046875
8.364681667 0.2358422800898552 -0.0740257054567337 -0.11302685737609863
8.384738345 0.23504142835736275 -0.07485020533204079 -0.11344003677368164
8.405085618 0.23452631011605263 -0.07539584301412106 -0.11373329162597656
8.424677556 0.2337164431810379 -0.076261255890131 -0.11406755447387695
8.444660478 0.2331705577671528 -0.07684158347547054 -0.11427807807922363
8.464681506 0.23233510926365852 -0.07772591337561607 -0.11457371711730957
8.484770022 0.23176724091172218 -0.0783438365906477 -0.11473751068115234
8.504887396 0.23087883368134499 -0.07934088073670864 -0.1149282455444336
8.524724758 0.2302395962178707 -0.08007332123816013 -0.11490488052368164
8.544677797 0.2292167693376541 -0.0812169797718525 -0.11472630500793457
8.564708883 0.22848451882600784 -0.08203010819852352 -0.11438703536987305
8.584715263 0.22729813680052757 -0.08332329243421555 -0.11344218254089355
8.605165905 0.22645504027605057 -0.0842257235199213 -0.1125178337097168
8.62469123 0.22502683103084564 -0.08570001274347305 -0.11044025421142578
8.644657127 0.2239853199571371 -0.08673692401498556 -0.10860681533813477
8.664725259 0.22229203023016453 -0.0883824024349451 -0.10512018203735352
8.684709669 0.22105754166841507 -0.08956231083720922 -0.10211920738220215
8.705069031 0.21913419663906097 -0.09142378997057676 -0.09678030014038086
8.724699077 0.2177886627614498 -0.0927412835881114 -0.09252500534057617
8.744637656 0.21571402065455914 -0.09482652693986893 -0.08521842956542969
8.76466263 0.2142859511077404 -0.09631086979061365 -0.07961368560791016
8.784735316 0.21209153719246387 -0.0986757876817137 -0.07001996040344238
8.805301057 0.21060429885983467 -0.10032125061843544 -0.0629432201385498
8.824695579 0.20835708733648062 -0.10297630494460464 -0.0508880615234375
8.844607911 0.20685664378106594 -0.10482713719829917 -0.04206728935241699
8.864669633 0.20460554957389832 -0.10771961370483041 -0.027675867080688477
8.884722204 0.20310502219945192 -0.10975673235952854 -0.017103195190429688
8.905175793 0.20085701160132885 -0.11290398240089417 -0.00014734268188476562
8.924774202 0.1993690631352365 -0.11508702114224434 0.012022018432617188
8.944650799 0.1971669844351709 -0.11847909353673458 0.031592369079589844
8.964654413 0.19571481458842754 -0.1207867506891489 0.045375823974609375
8.9847437 0.19362589851516532 -0.12441067956387997 0.06757521629333496
9.005311146 0.192242476856336 -0.12683719396591187 0.08296895027160645
9.024714626 0.19026755332015455 -0.13057135790586472 0.10755801200866699
9.044584363 0.188993439078331 -0.1331120952963829 0.12476921081542969
9.064660467 0.18714919965714216 -0.13699143379926682 0.1518082618713379
9.084712881 0.1859817490912974 -0.13967478647828102 0.17085695266723633
9.105260062 0.18429583217948675 -0.14373238384723663 0.20052242279052734
9.124700514 0.18323533236980438 -0.14649147540330887 0.22116923332214355
9.144676349 0.1817721165716648 -0.15068267285823822 0.25345396995544434
9.164683599 0.18085409980267286 -0.15347390621900558 0.2756941318511963
9.18473492 0.1795697584748268 -0.1577724926173687 0.3105795383453369
9.205130481 0.17876019980758429 -0.1606500782072544 0.33463001251220703
9.224756876 0.17761769518256187 -0.16497802734375 0.37188100814819336
9.244603349 0.17692451551556587 -0.16793669760227203 0.39772796630859375
9.264744611 0.1759374439716339 -0.17228533327579498 0.43730878829956055
9.284708331 0.17534010857343674 -0.17521032691001892 0.46463823318481445
9.304926779 0.17449158802628517 -0.17952899634838104 0.5066370964050293
9.324703031 0.1739551890641451 -0.18238026648759842 0.5354526042938232
9.344720058 0.17317786253988743 -0.18660566210746765 0.5798721313476562
9.364640078 0.1726858951151371 -0.18936990946531296 0.6101443767547607
9.384738159 0.1720147542655468 -0.19351712614297867 0.6569359302520752
9.404938029 0.17160112969577312 -0.1962297037243843 0.6888599395751953
9.424720322 0.17103011719882488 -0.20022598654031754 0.7378294467926025
9.444610492 0.17066261172294617 -0.20284577459096909 0.7713828086853027
9.464682267 0.1701512224972248 -0.20664654672145844 0.8226594924926758
9.484708993 0.16983125731348991 -0.2091035097837448 0.8575975894927979
9.504993225 0.16939456015825272 -0.21265233308076859 0.9111344814300537
9.524736179 0.1691309940069914 -0.21492044627666473 0.9474513530731201
9.54467491 0.16879579052329063 -0.21816764771938324 1.003028392791748
9.564643483 0.16860606893897057 -0.2202417179942131 1.040696144104004
9.584698851 0.16833463683724403 -0.22324097156524658 1.0984160900115967
9.605044645 0.16817407123744488 -0.22514979541301727 1.1375148296356201
9.624702579 0.1679642517119646 -0.22788474708795547 1.1970040798187256
9.644659304 0.1678075771778822 -0.22962944954633713 1.237321138381958
9.664689556 0.16758310981094837 -0.2320980355143547 1.2983894348144531
9.684677828 0.1674287896603346 -0.23364432901144028 1.3395590782165527
9.704989931 0.16719502210617065 -0.23580830544233322 1.401885986328125
9.724711381 0.16704578883945942 -0.23715391010046005 1.4436826705932617
9.744697517 0.1668216548860073 -0.2389996573328972 1.5069499015808105
9.764686764 0.16666626930236816 -0.24013728648424149 1.54933500289917
9.784721576 0.1664230078458786 -0.24170764535665512 1.6131796836853027
9.826079472 0.1662324219942093 -0.24267416447401047 1.655867099761963
9.851024556 0.16590302996337414 -0.24400367587804794 1.7200541496276855
9.87794365 0.16563330218195915 -0.2448376640677452 1.7629966735839844
9.897971989 0.16519527323544025 -0.24598876386880875 1.827470302581787
9.917983537 0.1648452989757061 -0.24670621007680893 1.870530605316162
9.938344193 0.1642559040337801 -0.2476743385195732 1.9352054595947266
9.957993129 0.16384826228022575 -0.24824350327253342 1.9783306121826172
9.977968083 0.16308546252548695 -0.2489938661456108 2.0431675910949707
9.997957291 0.16252880915999413 -0.24941960722208023 2.0864033699035645
10.018008305 0.16162341460585594 -0.24994922429323196 2.1512675285339355
10.038145263 0.1609257198870182 -0.2502346858382225 2.1945433616638184
10.057985899 0.15984662994742393 -0.2505655661225319 2.2594361305236816
10.07792892 0.1590711958706379 -0.25073229521512985 2.302712917327881
10.097968295 0.15787426382303238 -0.2508856728672981 2.367605686187744
10.117955281 0.1570192538201809 -0.2509307637810707 2.410885810852051
10.138100904 0.1556377150118351 -0.2509048953652382 2.4758057594299316
10.157983663 0.15469425916671753 -0.2508222237229347 2.5190863609313965
10.177972464 0.1531103253364563 -0.2506183907389641 2.5840697288513184
10.197958991 0.15200753137469292 -0.2504316344857216 2.627366542816162
10.217956415 0.15028531849384308 -0.2500760927796364 2.692277431488037
10.23810771 0.1490374393761158 -0.24978268891572952 2.735562324523926
10.258014571 0.14715388417243958 -0.24926290661096573 2.8004565238952637
10.277930561 0.14585980772972107 -0.2488747462630272 2.8437161445617676
10.297954685 0.1438683345913887 -0.2482154592871666 2.9086179733276367
10.317966906 0.14253928139805794 -0.2477240487933159 2.951873779296875
10.33808943 0.14048289135098457 -0.2469371035695076 3.016794204711914
10.357994125 0.13914145529270172 -0.24636056274175644 3.060049057006836
10.377958934 0.137059073895216 -0.24548720568418503 3.1249217987060547
10.397961883 0.13567795231938362 -0.24486295133829117 3.16817045211792
10.417951048 0.13361762091517448 -0.24386780709028244 3.2330470085144043
10.438119349 0.1322314664721489 -0.24319078773260117 3.276317596435547
10.458007622 0.1301681026816368 -0.24213749915361404 3.3412294387817383
10.477937884 0.12877462804317474 -0.24142702668905258 3.384528636932373
10.497959015 0.12668637931346893 -0.24033362418413162 3.449537754058838
10.517959311 0.12532059103250504 -0.23957505077123642 3.4928927421569824
10.53810396 0.12325356900691986 -0.23840316385030746 3.5580244064331055
10.55819856 0.12189794331789017 -0.23760176450014114 3.601478099822998
10.577953988 0.1198994517326355 -0.23637112230062485 3.6667075157165527
10.597957773 0.11851134151220322 -0.2355472519993782 3.710257053375244
10.617954235 0.11651573330163956 -0.23426181823015213 3.775571346282959
10.638079194 0.11514763534069061 -0.2333972230553627 3.8191494941711426
10.658016441 0.11315219104290009 -0.23205199092626572 3.884573459625244
10.677934726 0.11183711141347885 -0.23112519830465317 3.928243637084961
10.697951446 0.10988465696573257 -0.22970587760210037 3.993833541870117
10.717934787 0.10862334817647934 -0.22873695939779282 4.037586450576782
10.738084065 0.10671438276767731 -0.2272753342986107 4.10335373878479
10.757986726 0.10545803606510162 -0.22627300024032593 4.147229433059692
10.777961884 0.10360132157802582 -0.22473081946372986 4.213087320327759
10.797967278 0.10236039757728577 -0.22364765405654907 4.257058382034302
10.817958164 0.10055527836084366 -0.22196993976831436 4.323045969009399
10.838155231 0.09935461729764938 -0.22080567479133606 4.367070436477661
10.857994771 0.09758041799068451 -0.21901140362024307 4.43316388130188
10.877950583 0.09644471108913422 -0.2177906632423401 4.47724461555481
10.897962088 0.0947699323296547 -0.21586767584085464 4.5434181690216064
10.917949069 0.09370175749063492 -0.21454966068267822 4.587554216384888
10.938098355 0.09208094328641891 -0.21249131113290787 4.653822183609009
10.958089336 0.09103209525346756 -0.2110889032483101 4.698036432266235
10.977966611 0.08950608968734741 -0.2089427039027214 4.764407396316528
10.997950118 0.08849766105413437 -0.20747390389442444 4.808728456497192
11.017961418 0.08707886189222336 -0.20526176691055298 4.875251054763794
11.038098401 0.08617638051509857 -0.20377905666828156 4.9196484088897705
11.058082683 0.08488451689481735 -0.20154203474521637 4.986322641372681
11.077941756 0.08408495038747787 -0.20004525780677795 5.030797243118286
11.097971236 0.08292051404714584 -0.19777291268110275 5.09760594367981
11.117953957 0.08219537138938904 -0.1962408572435379 5.142167329788208
11.138079998 0.08118447661399841 -0.1939200609922409 5.209043741226196
11.158026925 0.08057072758674622 -0.19234473258256912 5.253644227981567
11.177988616 0.07974138855934143 -0.18994219601154327 5.320563554763794
11.197960964 0.07923071086406708 -0.1883338764309883 5.365211725234985
11.217949963 0.07857900112867355 -0.18592212349176407 5.43220067024231
11.238103093 0.07821979373693466 -0.18431119620800018 5.476879358291626
11.258030271 0.0777818113565445 -0.1818385347723961 5.543930292129517
11.277967103 0.07755979150533676 -0.18017912656068802 5.588646173477173
11.297953049 0.07731668651103973 -0.17757759243249893 5.65578293800354
11.317984205 0.0772164911031723 -0.17580332607030869 5.700563669204712
11.338122669 0.077157162129879 -0.17308367043733597 5.767772912979126
11.357995144 0.07715663313865662 -0.1711846962571144 5.812599420547485
11.377966714 0.07726162672042847 -0.16831625998020172 5.87985634803772
11.397963157 0.07739588618278503 -0.16635768860578537 5.92470383644104
11.417953996 0.07769179344177246 -0.1634095087647438 5.991997003555298
11.438049252 0.07794754207134247 -0.16140678897500038 6.03687310218811
11.458172844 0.07840076088905334 -0.15837856009602547 6.104192018508911
11.477931386 0.07875659316778183 -0.1563650779426098 6.1490795612335205
11.497961976 0.07935964316129684 -0.15325341001152992 6.2164061069488525
11.517951704 0.07980268448591232 -0.1511763297021389 6.261307954788208
11.538077276 0.08052791655063629 -0.1480589583516121 6.32868504524231
11.558026714 0.08103549480438232 -0.1459556743502617 6.373626947402954
11.577973018 0.08185730874538422 -0.1428288370370865 6.441069841384888
11.597958625 0.08242527395486832 -0.14074880257248878 6.486052751541138
11.617956397 0.08330802619457245 -0.13765868917107582 6.553563356399536
11.638080375 0.08393339067697525 -0.13562723994255066 6.5985939502716064
11.658012081 0.08489712327718735 -0.13256149180233479 6.666192293167114
11.677953349 0.08559121936559677 -0.13055792078375816 6.7112791538238525
11.697959247 0.08668937534093857 -0.12752971053123474 6.77894139289856
11.717963309 0.08746209740638733 -0.125535374507308 6.824082612991333
11.738070725 0.08868272602558136 -0.12258150056004524 6.891844987869263
11.758043235 0.089522585272789 -0.12059237062931061 6.937059640884399
11.777968406 0.09084431082010269 -0.11764655821025372 7.00491738319397
11.79797309 0.09176445752382278 -0.11568921245634556 7.050184488296509
11.817981597 0.09321607649326324 -0.11277899239212275 7.118133783340454
11.838144242 0.09422456473112106 -0.11087383050471544 7.1634581089019775
11.857998549 0.09583649039268494 -0.10805585281923413 7.231521844863892
11.877985064 0.09695782512426376 -0.10623375000432134 7.276945352554321
11.897980281 0.09870593249797821 -0.10358260245993733 7.345147371292114
11.917959669 0.09990308433771133 -0.10185095565975644 7.3906872272491455
11.938045106 0.10174576193094254 -0.09933726629242301 7.459015130996704
11.958015509 0.1030086800456047 -0.09770655259490013 7.504650354385376
11.977987952 0.1049429178237915 -0.09535939525812864 7.573153734207153
11.997971364 0.10626042634248734 -0.09387267520651221 7.6188805103302
12.017956921 0.108272485435009 -0.0917762853205204 7.687533617019653
12.038088968 0.10963566601276398 -0.09044933598488569 7.733324289321899
12.058024176 0.11176761984825134 -0.08860673848539591 7.802105188369751
12.077959976 0.11322090029716492 -0.08744952734559774 7.847996950149536
12.097966578 0.1154465526342392 -0.08582268841564655 7.916882753372192
12.117964699 0.11697700619697571 -0.08480587974190712 7.9628918170928955
12.13801628 0.11928915977478027 -0.08336344361305237 8.031941652297974
12.158026536 0.12083885818719864 -0.08245886862277985 8.07802128791809
12.177969855 0.1232067123055458 -0.08117497712373734 8.147188425064087
12.197951296 0.12480179965496063 -0.08037145249545574 8.193315744400024
12.217947736 0.12725204974412918 -0.07924829609692097 8.26253628730774
12.238009066 0.12890653312206268 -0.07855506427586079 8.308691263198853
12.25802495 0.13145960867404938 -0.07757467962801456 8.377971887588501
12.277944064 0.13318514451384544 -0.07695883139967918 8.424182176589966
12.2979814 0.1358068250119686 -0.07609499618411064 8.493528604507446
12.317966951 0.13760799169540405 -0.0755340401083231 8.539808511734009
12.338000334 0.14032600447535515 -0.0747513398528099 8.609236001968384
12.358063615 0.14216721802949905 -0.07425565831363201 8.65553879737854
12.377952413 0.1449810154736042 -0.07356480322778225 8.72500729560852
12.397956995 0.1468673050403595 -0.07314561866223812 8.771321535110474
12.417955881 0.14976011589169502 -0.0725771002471447 8.840779542922974
12.437968044 0.1516864411532879 -0.07225773856043816 8.887069940567017
12.458134004 0.15456977859139442 -0.07186592556536198 8.956484079360962
12.477929411 0.1564861461520195 -0.07166043110191822 9.002743005752563
12.497970779 0.15935106202960014 -0.07143744453787804 9.072107553482056
12.517954758 0.16128027439117432 -0.07133328542113304 9.118330240249634
12.537980208 0.16415207274258137 -0.07121958211064339 9.1876699924469
12.558214026 0.16606080532073975 -0.07116048596799374 9.233900308609009
12.577989509 0.16892128624022007 -0.07109072245657444 9.303239107131958
12.597960788 0.17081394977867603 -0.07107070833444595 9.349469423294067
12.617962209 0.173655791208148 -0.07102501764893532 9.41883397102356
12.637976849 0.1755341850221157 -0.0710071474313736 9.465089082717896
12.65817448 0.17832670360803604 -0.0709978137165308 9.53449273109436
12.677943982 0.1801501577720046 -0.07097967527806759 9.580791711807251
12.6980262 0.18284022063016891 -0.07097386755049229 9.650249719619751
12.717961147 0.18460358027368784 -0.07096226140856743 9.696561098098755
12.737972341 0.18718168744817376 -0.07097157649695873 9.766035318374634
12.758102832 0.1888432870618999 -0.07097325287759304 9.812352418899536
12.777979583 0.1912575950846076 -0.07100354135036469 9.881852388381958
12.797978715 0.19282616075361148 -0.0710500217974186 9.928199052810669
12.817976431 0.1950709712691605 -0.07112721353769302 9.997771501541138
12.837993306 0.1965124134439975 -0.07120224460959435 10.044167757034302
12.858313238 0.19859113497659564 -0.0713503472507 10.113796472549438
12.877991923 0.19990332797169685 -0.0714624784886837 10.160234689712524
12.897975474 0.2018077215179801 -0.07166189514100552 10.229920625686646
12.918950515 0.2030265023931861 -0.07181359082460403 10.276404619216919
12.939070843 0.2047943463549018 -0.07207794673740864 10.3461754322052
12.959075984 0.20593523140996695 -0.07227493450045586 10.392709016799927
12.978958842 0.20760739222168922 -0.0726462509483099 10.462551355361938
12.998956401 0.20868501719087362 -0.07291282154619694 10.509122133255005
13.018977786 0.21023749187588692 -0.07338758185505867 10.5790274143219
13.039119844 0.2112252190709114 -0.07372748292982578 10.625637292861938
13.059032419 0.21263385005295277 -0.07427259162068367 10.695565462112427
13.078940801 0.21353459917008877 -0.07469964399933815 10.742201089859009
13.09895992 0.21484039723873138 -0.07539268396794796 10.8121817111969
13.118959574 0.2156832069158554 -0.07591494731605053 10.858862161636353
13.139029945 0.21689766086637974 -0.07679752819240093 10.928920030593872
13.159009241 0.2176724150776863 -0.07741950079798698 10.975640535354614
13.178969216 0.2187904305756092 -0.07850690372288227 11.045765161514282
13.198962031 0.21952066756784916 -0.07927674241364002 11.09252667427063
13.218957932 0.22059261240065098 -0.0804959312081337 11.162681818008423
13.239015811 0.22131345234811306 -0.08137510344386101 11.209500551223755
13.259049782 0.22233835980296135 -0.08269283920526505 11.279733896255493
13.278951846 0.2230507805943489 -0.08362429961562157 11.32659649848938
13.298964192 0.2241036631166935 -0.0850459635257721 11.396912813186646
13.319053425 0.22482316009700298 -0.08602828066796064 11.443817377090454
13.339019566 0.22593605518341064 -0.08754001837223768 11.514202356338501
13.35927292 0.22666849195957184 -0.08855813462287188 11.561135530471802
13.378975741 0.22782531008124352 -0.09014144632965326 11.631552934646606
13.398960238 0.228566225618124 -0.09121113829314709 11.678513765335083
13.418951248 0.2296324148774147 -0.09283684194087982 11.748978853225708
13.439024228 0.2303159236907959 -0.09395480016246438 11.795963525772095
13.459010342 0.23126789182424545 -0.09562046686187387 11.866441011428833
13.478949951 0.23184587806463242 -0.09672734560444951 11.91342568397522
13.498972452 0.2326355092227459 -0.09838026226498187 11.98392128944397
13.518955429 0.2331206202507019 -0.09947098116390407 12.030924081802368
13.538995438 0.2337540239095688 -0.1011507008515764 12.101446390151978
13.559027558 0.23412888497114182 -0.10227813420351595 12.148468255996704
13.57896003 0.23461657762527466 -0.10403624689206481 12.219036340713501
13.598994781 0.23490626737475395 -0.10520366788841784 12.266079187393188
13.618958024 0.23528842628002167 -0.10694995941594243 12.336637735366821
13.638966172 0.23552730679512024 -0.108154087793082 12.383659601211548
13.659052742 0.2358463518321514 -0.10993839614093304 12.45424485206604
13.678951129 0.2360389493405819 -0.11111970525234938 12.501322984695435
13.698985497 0.23628253862261772 -0.1128635834902525 12.571960687637329
13.718951144 0.23641658574342728 -0.11400553863495588 12.619062662124634
13.738991763 0.2366134561598301 -0.11571064218878746 12.689772844314575
13.759077826 0.23671425506472588 -0.116839868016541 12.736924409866333
13.778959831 0.23682114109396935 -0.11852272041141987 12.807663202285767
13.79895234 0.2368723303079605 -0.11963077448308468 12.85482144355774
13.818957386 0.23691575601696968 -0.1212716568261385 12.925556421279907
13.838973345 0.23691479861736298 -0.12237398885190487 12.972726106643677
13.859202198 0.23688699305057526 -0.12399571761488914 13.043483972549438
13.878952349 0.23686087504029274 -0.12506377883255482 13.09065842628479
13.898967567 0.23683561384677887 -0.12666486203670502 13.161460161209106
13.918961151 0.23681031167507172 -0.12771601229906082 13.208675622940063
13.939059119 0.23682700097560883 -0.12933584488928318 13.27955937385559
13.959023863 0.23685675486922264 -0.13040633872151375 13.326823472976685
13.97896948 0.23692646250128746 -0.13199661299586296 13.397727251052856
13.998974754 0.2370472252368927 -0.1330277882516384 13.445000886917114
14.018968485 0.23723945766687393 -0.13452937081456184 13.515921831130981
14.03903455 0.23741044476628304 -0.13550277426838875 13.5632164478302
14.059041069 0.23767392709851265 -0.13694727793335915 13.634167909622192
14.078930302 0.2378896251320839 -0.13792194053530693 13.681479692459106
14.098958579 0.2382497750222683 -0.13937875255942345 13.75246548652649
14.11897033 0.23848585039377213 -0.14032835513353348 13.799798250198364
14.13900465 0.23888923972845078 -0.1417989656329155 13.870816469192505
14.159051128 0.23914900422096252 -0.14277366921305656 13.918164491653442
14.178985835 0.23952438682317734 -0.14422309026122093 13.989188432693481
14.198956854 0.23979146778583527 -0.14519960060715675 14.036536455154419
14.218951688 0.2401617243885994 -0.14661291614174843 14.107566118240356
14.238967329 0.240396436303854 -0.14752878993749619 14.15493130683899
14.260047459 0.24073496460914612 -0.1488988883793354 14.226022005081177
14.278956124 0.24094083160161972 -0.14978893846273422 14.273425340652466
14.298958285 0.24127385392785072 -0.15117506682872772 14.344573259353638
14.318961671 0.24146312102675438 -0.15205511823296547 14.392003297805786
14.338978596 0.24171488359570503 -0.15343981608748436 14.46319317817688
14.359082116 0.24185046553611755 -0.15436235070228577 14.510655641555786
14.378976985 0.24200212210416794 -0.15574199706315994 14.581847429275513
14.398950806 0.24208572879433632 -0.1567263975739479 14.629315614700317
14.418952235 0.24216315522789955 -0.1581687033176422 14.700526475906372
14.438976259 0.24218537285923958 -0.15913242101669312 14.748015642166138
14.459053069 0.24215416982769966 -0.16060133278369904 14.819291353225708
14.478952276 0.2420976422727108 -0.16156188026070595 14.86681866645813
14.498968868 0.2419293187558651 -0.16309818252921104 14.938103914260864
14.518962458 0.24178827926516533 -0.164119154214859 14.985629320144653
14.538988381 0.2415333390235901 -0.1656419187784195 15.056914567947388
14.559102035 0.24132861196994781 -0.1666674241423607 15.104457139968872
14.578969115 0.24098583683371544 -0.16812320053577423 15.175763368606567
14.598981736 0.2407139614224434 -0.16910624504089355 15.223292589187622
14.618977877 0.2402457855641842 -0.17052960395812988 15.294581651687622
14.638979878 0.23988565057516098 -0.17146886885166168 15.342105150222778
14.659079547 0.2393266223371029 -0.17281468957662582 15.413396120071411
14.678937678 0.23893509432673454 -0.17366289347410202 15.460927248001099
14.698962593 0.23828133195638657 -0.17488209158182144 15.532239198684692
14.71897636 0.23779895901679993 -0.17564907670021057 15.579793214797974
14.738969287 0.23700645193457603 -0.17673157900571823 15.65114140510559
14.759116858 0.23641733080148697 -0.17741157859563828 15.698739290237427
14.778955865 0.23550369963049889 -0.17835351824760437 15.770150423049927
14.798964857 0.23486965522170067 -0.17893121391534805 15.817784547805786
14.818953239 0.23388765007257462 -0.1797413006424904 15.889289140701294
14.838975831 0.23321665078401566 -0.18023595213890076 15.93696904182434
14.859242932 0.2321663536131382 -0.1809161752462387 16.00855565071106
14.878957609 0.23144421353936195 -0.18132248520851135 16.05629849433899
14.898954565 0.23027926683425903 -0.18188732117414474 16.12794804573059
14.919010126 0.2294827625155449 -0.18221568316221237 16.17572331428528
14.938963683 0.22825518622994423 -0.18263641744852066 16.247395753860474
14.959270663 0.22740210592746735 -0.1828819066286087 16.295209169387817
14.979016742 0.2260967157781124 -0.1831866204738617 16.36693501472473
14.998955957 0.22519852593541145 -0.18335769325494766 16.414769411087036
15.018959782 0.22384999506175518 -0.18356157094240189 16.486546754837036
15.039018261 0.22294814512133598 -0.18365409225225449 16.534396409988403
15.059097014 0.22158866189420223 -0.18374791741371155 16.6061909198761
15.078956433 0.22067850641906261 -0.18376927077770233 16.654052019119263
15.098974665 0.21930855326354504 -0.18373967707157135 16.72584080696106
15.118959213 0.21838566102087498 -0.1836848184466362 16.773690462112427
15.138985366 0.21698944084346294 -0.18355130404233932 16.8454487323761
15.159061936 0.21602784655988216 -0.18341752886772156 16.8933002948761
15.179058525 0.21455911360681057 -0.18314964324235916 16.965083360671997
15.198972658 0.2135454397648573 -0.18293000012636185 17.012961626052856
15.218966589 0.21199928782880306 -0.18257717788219452 17.08478283882141
15.238967107 0.21096529439091682 -0.18231254816055298 17.132659196853638
15.259079066 0.20936879143118858 -0.1818891316652298 17.204484224319458
15.278954376 0.20831123366951942 -0.1815822273492813 17.25237011909485
15.298981603 0.20673587452620268 -0.18108447641134262 17.324200868606567
15.318955611 0.20568433310836554 -0.18074198067188263 17.372113466262817
15.338983638 0.20413083769381046 -0.18018357455730438 17.443986177444458
15.359106461 0.20311433542519808 -0.17978770285844803 17.49191975593567
15.378986921 0.2016146956011653 -0.17914718389511108 17.5638210773468
15.398980729 0.20063434215262532 -0.17869459092617035 17.61177372932434
15.41896349 0.19920053659006953 -0.17799609154462814 17.68372654914856
15.438983005 0.19826679164543748 -0.1775069236755371 17.73169255256653
15.459093234 0.19686104613356292 -0.17671599984169006 17.803717851638794
15.478963242 0.19592685368843377 -0.17613807320594788 17.85173535346985
15.498994387 0.1945284820976667 -0.17519620805978775 17.923768281936646
15.518958784 0.19358205271419138 -0.17450548708438873 17.971818208694458
15.538972541 0.19217448844574392 -0.1734360307455063 18.04388737678528
15.559067266 0.1912298931274563 -0.17269830405712128 18.091946840286255
15.579069694 0.18977904273197055 -0.17155570536851883 18.16406750679016
15.598962905 0.18881500139832497 -0.17077382653951645 18.212144136428833
15.61896179 0.18731422442942858 -0.16962186247110367 18.284344911575317
15.638963652 0.18634424824267626 -0.16883695870637894 18.332452058792114
15.659122341 0.18487273436039686 -0.16759559512138367 18.40466809272766
15.678978423 0.1838900726288557 -0.16675522178411484 18.452815294265747
15.698965451 0.18241615034639835 -0.16547738760709763 18.525044679641724
15.718956615 0.1814124770462513 -0.16462136805057526 18.573214769363403
15.738954325 0.17994018085300922 -0.16332440823316574 18.64544415473938
15.759056707 0.17896709963679314 -0.1624574214220047 18.6935932636261
15.778987101 0.17752554267644882 -0.1611517183482647 18.765807390213013
15.798990798 0.17658813297748566 -0.1602749302983284 18.813933610916138
15.818951616 0.17515002377331257 -0.15892549231648445 18.886143922805786
15.838948824 0.17421714588999748 -0.15802251175045967 18.93428349494934
15.859094454 0.17285736836493015 -0.15666230395436287 19.00648808479309
15.878998619 0.1719702947884798 -0.1557636447250843 19.05463719367981
15.898964703 0.1706952378153801 -0.15440762042999268 19.1268208026886
15.918959478 0.16985635831952095 -0.15352409332990646 19.174939393997192
15.938968652 0.16861218959093094 -0.15221690014004707 19.247077226638794
15.95904002 0.16776429675519466 -0.15137528628110886 19.295146226882935
15.978999684 0.16648506186902523 -0.15013276413083076 19.367236375808716
15.998965204 0.16565104201436043 -0.14930948987603188 19.41528058052063
16.018957142 0.16433543525636196 -0.1481071673333645 19.487334489822388
16.038994708 0.16346405819058418 -0.1473214030265808 19.53535008430481
16.059036165 0.16216927021741867 -0.14616568014025688 19.60734486579895
16.078980754 0.16126934066414833 -0.14546328410506248 19.655329942703247
16.098956663 0.15995506569743156 -0.14444325864315033 19.72728657722473
16.118949336 0.15908250212669373 -0.1438094563782215 19.775243043899536
16.138969737 0.1578056775033474 -0.14290842786431313 19.847161531448364
16.159042131 0.15698866546154022 -0.14231984689831734 19.895097017288208
16.179011407 0.1557966060936451 -0.1415114849805832 19.96695637702942
16.198970146 0.15503469482064247 -0.1409950777888298 20.014844179153442
16.218978046 0.15395041182637215 -0.14031973481178284 20.086665391921997
16.238962122 0.15327200293540955 -0.13989190757274628 20.134536027908325
16.259060217 0.1523190215229988 -0.13928301632404327 20.206326723098755
16.278984805 0.15175483748316765 -0.13892760500311852 20.25419545173645
16.298961534 0.15099170804023743 -0.1384088397026062 20.32598042488098
16.318976069 0.15054867789149284 -0.1380932591855526 20.37382435798645
16.338950604 0.15001315996050835 -0.13763369247317314 20.445569276809692
16.359092524 0.1497158147394657 -0.13732518628239632 20.493394136428833
16.379024937 0.14937738329172134 -0.1369095966219902 20.56515622138977
16.398969565 0.14918965101242065 -0.13664958998560905 20.613009691238403
16.418970439 0.1489674113690853 -0.1362839937210083 20.684808015823364
16.438955441 0.14885903522372246 -0.13605325669050217 20.73266911506653
16.45912076 0.14875249937176704 -0.13572625070810318 20.804452180862427
16.479007062 0.14875353872776031 -0.135564923286438 20.852311372756958
16.498961481 0.14882125332951546 -0.13533426448702812 20.924094438552856
16.518968709 0.148922897875309 -0.1352117918431759 20.971953630447388
16.53895003 0.1491832286119461 -0.13506948947906494 21.04373860359192
16.559134565 0.14940418675541878 -0.13497932627797127 21.09159207344055
16.579019761 0.1498723290860653 -0.13489273190498352 21.163407564163208
16.598973314 0.150223046541214 -0.13483120873570442 21.211291551589966
16.619007278 0.15080708637833595 -0.1347307227551937 21.28312611579895
16.638962231 0.15121755748987198 -0.1346769519150257 21.331036806106567
16.659123633 0.15186891704797745 -0.1345733068883419 21.40291714668274
16.678961496 0.1523292325437069 -0.13449474424123764 21.450865983963013
16.698974234 0.15304971858859062 -0.13435252010822296 21.522792100906372
16.718966819 0.15355108678340912 -0.13424177840352058 21.57075810432434
16.738947295 0.15434835106134415 -0.1340327039361 21.642741441726685
16.759109638 0.15490096434950829 -0.1338718943297863 21.69073796272278
16.779060059 0.15577508509159088 -0.13358774036169052 21.76277470588684
16.798978022 0.15637041255831718 -0.13338858634233475 21.81081509590149
16.81897039 0.15727988258004189 -0.13307424634695053 21.882895708084106
16.838951728 0.15788355097174644 -0.13285083696246147 21.930970430374146
16.859089255 0.15879632160067558 -0.1324959099292755 22.00311017036438
16.879031335 0.15940316766500473 -0.1322505958378315 22.051228761672974
16.898961184 0.1603185012936592 -0.13186641968786716 22.12342381477356
16.918963659 0.16093450784683228 -0.13159939646720886 22.171550035476685
16.938944983 0.1618708148598671 -0.13121560402214527 22.243788957595825
16.95918138 0.16250065341591835 -0.1309463493525982 22.291930437088013
16.97901907 0.16345988400280476 -0.13056369684636593 22.36418652534485
16.998983183 0.16410473734140396 -0.13029872998595238 22.412362337112427
17.018970786 0.16507898829877377 -0.12988772615790367 22.484633684158325
17.039004474 0.16574673540890217 -0.12957783415913582 22.532796144485474
17.059047789 0.16674363985657692 -0.12907130643725395 22.605008363723755
17.079004033 0.16740107908844948 -0.1286909431219101 22.65312886238098
17.098954933 0.1683569923043251 -0.1280454732477665 22.72529149055481
17.118982277 0.16898544132709503 -0.12758814543485641 22.773385286331177
17.138943476 0.16988294199109077 -0.12676449120044708 22.845515489578247
17.159021783 0.17045665346086025 -0.12616239301860332 22.893611192703247
17.179052534 0.17127982340753078 -0.12518529780209064 22.965768098831177
17.198947754 0.17178584448993206 -0.12440825998783112 23.013922929763794
17.218978726 0.17254742980003357 -0.123251648619771 23.08613133430481
17.238971218 0.1729978658258915 -0.12241588160395622 23.13430905342102
17.260053325 0.1736567746847868 -0.12113515101373196 23.206565141677856
17.279942292 0.17407059483230114 -0.12023626081645489 23.254740953445435
17.299966503 0.17465069890022278 -0.1188267432153225 23.326974153518677
17.319952328 0.17502468824386597 -0.11787625961005688 23.3751118183136
17.339957831 0.17554705776274204 -0.116333051584661 23.44724202156067
17.360051077 0.17588075250387192 -0.11527734063565731 23.49530529975891
17.380014657 0.17635740712285042 -0.11365588754415512 23.56734585762024
17.399947649 0.17663499340415 -0.11251877527683973 23.61533284187317
17.419961748 0.17703093402087688 -0.11081746686249971 23.687289476394653
17.439955224 0.17726461216807365 -0.10966598056256771 23.735244035720825
17.460068878 0.1775685902684927 -0.10788351390510798 23.807196855545044
17.480000286 0.17775763384997845 -0.10669334651902318 23.855164766311646
17.499963386 0.1780082732439041 -0.10488062095828354 23.9271080493927
17.519953363 0.17816848773509264 -0.10367984091863036 23.97506070137024
17.53995538 0.17838018760085106 -0.10178213735343888 24.046996355056763
17.560138925 0.1785389119759202 -0.10050605679862201 24.0949604511261
17.580022425 0.17880148719996214 -0.09857919812202454 24.16692090034485
17.599943438 0.1790204867720604 -0.09723685355857015 24.214926958084106
17.619962065 0.17936798185110092 -0.09524978371337056 24.286942720413208
17.639966534 0.1796251479536295 -0.09391723992303014 24.334973573684692
17.660116237 0.18005676195025444 -0.09191697463393211 24.4070827960968
17.680001719 0.18035789765417576 -0.09060734510421753 24.455167055130005
17.699971767 0.18085439875721931 -0.08864395599812269 24.527392625808716
17.719979867 0.18118322733789682 -0.08735210821032524 24.575555086135864
17.739953557 0.18167315516620874 -0.0854448489844799 24.647814989089966
17.760126011 0.18199143931269646 -0.08418508619070053 24.696004152297974
17.780060847 0.1824584286659956 -0.08231564797461033 24.76830792427063
17.799978567 0.182781339623034 -0.08102799765765667 24.816611528396606
17.819980928 0.18325704522430897 -0.07913943193852901 24.889098405838013
17.839970614 0.18356315977871418 -0.07788848876953125 24.937480211257935
17.860227885 0.1840178919956088 -0.07606056518852711 25.010127305984497
17.880013215 0.18431997951120138 -0.07488516345620155 25.058566331863403
17.899983059 0.18477653805166483 -0.0731477439403534 25.131383180618286
17.919961452 0.18507967423647642 -0.07203292660415173 25.179959535598755
17.939971136 0.1855340739712119 -0.0704254824668169 25.25286602973938
17.960090153 0.18584122881293297 -0.06941055506467819 25.30155110359192
17.980012805 0.18630062928423285 -0.06796079501509666 25.37457013130188
17.999972329 0.18660608446225524 -0.06703587993979454 25.42328190803528
18.01998859 0.18706555757671595 -0.06571495905518532 25.496318101882935
18.039991789 0.18737295223399997 -0.06487303972244263 25.545012712478638
18.060089738 0.1878310488536954 -0.06366444751620293 25.61803936958313
18.079999304 0.18813363322988153 -0.06289983168244362 25.666693925857544
18.099966483 0.18857750436291099 -0.06176573410630226 25.73969578742981
18.11996702 0.18888056743890047 -0.06105184927582741 25.788350343704224
18.139969545 0.18934212811291218 -0.06004288047552109 25.861310243606567
18.160129298 0.18965042615309358 -0.059401120990514755 25.909968614578247
18.180026956 0.19011402712203562 -0.058512426912784576 25.982905626296997
18.199966864 0.19042519782669842 -0.05796671658754349 26.031514406204224
18.219946281 0.1909129866398871 -0.05722188204526901 26.104426622390747
18.239978452 0.19124070554971695 -0.05677162483334541 26.153010606765747
18.260018988 0.19176378473639488 -0.05614015460014343 26.225951433181763
18.280076921 0.19210214796476066 -0.055759087204933167 26.27453351020813
18.299971454 0.19263769430108368 -0.05525042861700058 26.347432374954224
18.3199479 0.19300407968694344 -0.05493326485157013 26.396023988723755
18.339953086 0.19356249633710831 -0.054488472640514374 26.468899965286255
18.360016108 0.19394300504063722 -0.05418793112039566 26.517524003982544
18.380033321 0.19451205380028114 -0.053770121186971664 26.5904324054718
18.400005176 0.19489799672737718 -0.053498897701501846 26.63904309272766
18.419977744 0.19546830048784614 -0.05313779413700104 26.711968660354614
18.439972724 0.19584083720110357 -0.052929818630218506 26.76056981086731
18.460023976 0.1963948158081621 -0.05265846103429794 26.8334801197052
18.480645022 0.19676161813549697 -0.05250532925128937 26.882060289382935
18.49995591 0.1973066341597587 -0.05231563746929169 26.95489239692688
18.51996431 0.19765483820810914 -0.05221084505319595 27.003419160842896
18.539954656 0.19816008349880576 -0.05210389569401741 27.0761501789093
18.560014058 0.19849472772330046 -0.052046868950128555 27.124568223953247
18.580022598 0.19898354075849056 -0.05202791467308998 27.197007417678833
18.599971773 0.19930370338261127 -0.052070703357458115 27.245082139968872
18.619954418 0.19975181436166167 -0.052236493676900864 27.316699266433716
18.639951947 0.20003355713561177 -0.05239246040582657 27.364039659500122
18.659998119 0.20039222994819283 -0.05274771898984909 27.434220552444458
18.67999653 0.20060249138623476 -0.053033024072647095 27.480395555496216
18.699968626 0.20087448600679636 -0.053528670221567154 27.548646211624146
18.719958993 0.20102331275120378 -0.053939338773489 27.59333348274231
18.739961939 0.2012367187999189 -0.054635051637887955 27.65918469429016
18.759995856 0.20137394731864333 -0.05517822504043579 27.702189683914185
18.780049069 0.2016085684299469 -0.05609849840402603 27.76527714729309
18.799963915 0.20176822785288095 -0.05675521492958069 27.806472063064575
18.819969337 0.20205631479620934 -0.05781931430101395 27.866759538650513
18.839991604 0.2022564820945263 -0.05855865031480789 27.90605664253235
18.859992179 0.20257253665477037 -0.059766314923763275 27.963324785232544
18.880210617 0.2027758052572608 -0.06060311943292618 28.00053334236145
18.899976782 0.20306893531233072 -0.06190556287765503 28.054906129837036
18.919954038 0.20326906628906727 -0.06282427161931992 28.09002995491028
18.939986713 0.20356537587940693 -0.06423525884747505 28.14139485359192
18.96008264 0.20376926567405462 -0.06520798429846764 28.174649477005005
18.980115494 0.20407512225210667 -0.06667720153927803 28.22307515144348
18.999967033 0.20427215285599232 -0.06766335293650627 28.254531145095825
19.019967231 0.20460342802107334 -0.0690976195037365 28.300166368484497
19.040000122 0.20482697989791632 -0.07004299759864807 28.32975125312805
19.060015189 0.20516617503017187 -0.07144437357783318 28.37292981147766
19.080005619 0.20539932511746883 -0.07237779162824154 28.400920152664185
19.099974492 0.20575817674398422 -0.07377607002854347 28.441741228103638
19.119977377 0.20600478909909725 -0.07472546212375164 28.468037843704224
19.139957448 0.20637216046452522 -0.07616746984422207 28.506455659866333
19.159988227 0.2066290732473135 -0.07714910991489887 28.531298875808716
19.180119864 0.20705775078386068 -0.0786394514143467 28.56743550300598
19.199980971 0.20734916161745787 -0.07963543757796288 28.590968370437622
19.219970578 0.20784815680235624 -0.08107890374958515 28.62565541267395
19.239984713 0.2081782715395093 -0.08202255889773369 28.64871335029602
19.260005897 0.208614194765687 -0.08341200836002827 28.68321919441223
19.279994658 0.20878744591027498 -0.08433062210679054 28.70604634284973
19.299955758 0.2087406637147069 -0.08573375456035137 28.740203142166138
19.319946757 0.20842181984335184 -0.08670788537710905 28.76281476020813
19.339963338 0.2073731618002057 -0.08826626464724541 28.796456575393677
19.359984661 0.20620679296553135 -0.08940352592617273 28.818610429763794
19.380052214 0.2035937225446105 -0.09133988805115223 28.851319551467896
19.399954787 0.20123515650629997 -0.09277255926281214 28.872754335403442
19.419966483 0.1965345493517816 -0.09529774123802781 28.904160737991333
19.439941388 0.19259226380381733 -0.09723345516249537 28.924580812454224
19.459982337 0.18539931531995535 -0.10053826263174415 28.954407930374146
19.480035423 0.17958730924874544 -0.10314941371325403 28.97360920906067
19.499960766 0.16948172077536583 -0.10752745065838099 29.001527070999146
19.519959923 0.16170917078852654 -0.11085687018930912 29.019471406936646
19.539993151 0.14842645451426506 -0.11649998277425766 29.045378923416138
19.560079246 0.13856688141822815 -0.1206026766449213 29.062052965164185
19.580044495 0.12189412862062454 -0.12762876972556114 29.08595585823059
19.599977198 0.1098375990986824 -0.1325694192200899 29.10138249397278
19.619948714 0.08984693884849548 -0.1409267969429493 29.123427629470825
19.639967306 0.0754031091928482 -0.14698579534888268 29.137524843215942
19.659956661 0.05206596851348877 -0.15681089088320732 29.157809495925903
19.680064497 0.03527304530143738 -0.16413214057683945 29.170655488967896
19.699986442 0.008529961109161377 -0.1757919043302536 29.189225435256958
19.722166077 -0.010415613651275635 -0.18419837951660156 29.201104402542114
19.74214715 -0.04048281908035278 -0.197781004011631 29.21818470954895
19.762222405 -0.06151852011680603 -0.20732637494802475 29.229241609573364
19.782212595 -0.09476587176322937 -0.2229263186454773 29.2450954914093
19.802129793 -0.11790585517883301 -0.2339228317141533 29.255305528640747
19.822164781 -0.1540316641330719 -0.2513461038470268 29.270114183425903
19.842160295 -0.17914941906929016 -0.26385409384965897 29.27959370613098
19.862413711 -0.21797698736190796 -0.2832312360405922 29.2934467792511
19.882183878 -0.24479258060455322 -0.29705605655908585 29.302335023880005
19.902154304 -0.2861841320991516 -0.3186827078461647 29.315320253372192
19.922149821 -0.31459760665893555 -0.33385806530714035 29.323731660842896
19.942150674 -0.3583894968032837 -0.3577391728758812 29.335999727249146
19.96223117 -0.3882606029510498 -0.37426941841840744 29.343995332717896
19.98219611 -0.4342547059059143 -0.40037941187620163 29.3557026386261
20.002161432 -0.46554362773895264 -0.41843848675489426 29.36336636543274
20.022158491 -0.5133664608001709 -0.4464971348643303 29.37467312812805
20.042162074 -0.5459066033363342 -0.465997152030468 29.382081270217896
20.062276294 -0.5955088138580322 -0.49603550881147385 29.39299511909485
20.082177275 -0.6291460394859314 -0.5166675075888634 29.400159120559692
20.102129894 -0.6804258227348328 -0.5484509989619255 29.410767793655396
20.122153587 -0.7150793671607971 -0.5700761005282402 29.417760133743286
20.14214657 -0.7677750587463379 -0.6031984016299248 29.428120851516724
20.162319675 -0.8033276796340942 -0.6256267949938774 29.434964418411255
20.182221425 -0.857418417930603 -0.6598743125796318 29.44511914253235
20.202170711 -0.8938981294631958 -0.6829497739672661 29.451825380325317
20.22215613 -0.9492365121841431 -0.7178577706217766 29.461793184280396
20.242180129 -0.9865424633026123 -0.7412514016032219 29.468343019485474
20.262266325 -1.0430548191070557 -0.776472918689251 29.478043794631958
20.282172658 -1.0811190605163574 -0.8000317737460136 29.484421968460083
20.302161121 -1.138785481452942 -0.8353990837931633 29.493848085403442
20.322139417 -1.1775715351104736 -0.858942024409771 29.50005841255188
20.342171475 -1.2363580465316772 -0.8940858766436577 29.50920605659485
20.362897317 -1.275916576385498 -0.9173599407076836 29.515179872512817
20.383897802 -1.3357787132263184 -0.9519911333918571 29.52399182319641
20.403844748 -1.3760151863098145 -0.9748623892664909 29.5297749042511
20.423866202 -1.4368691444396973 -1.0087962076067924 29.5383083820343
20.443888958 -1.4777519702911377 -1.0311246439814568 29.54388928413391
20.463975144 -1.5395570993423462 -1.0641601011157036 29.552151918411255
20.483889522 -1.581077218055725 -1.08582853525877 29.55756115913391
20.503849447 -1.6438060998916626 -1.1177831217646599 29.56551480293274
20.523856555 -1.685923457145691 -1.1387390419840813 29.570721864700317
20.543927279 -1.7495169639587402 -1.1695650145411491 29.578355073928833
20.563948061 -1.792187213897705 -1.189744882285595 29.583333253860474
20.583867243 -1.8565902709960938 -1.2194506451487541 29.590657472610474
20.603870862 -1.8997488021850586 -1.2388421818614006 29.595444917678833
20.623871214 -1.9648427963256836 -1.2674032971262932 29.60253643989563
20.643872748 -2.0084445476531982 -1.2860839888453484 29.607190370559692
20.663937866 -2.074159622192383 -1.3135893866419792 29.614087343215942
20.683866898 -2.1181375980377197 -1.3315724655985832 29.618619203567505
20.703860337 -2.1843745708465576 -1.3580409809947014 29.62533688545227
20.72386955 -2.228700637817383 -1.37539654225111 29.629788637161255
20.743860918 -2.2954180240631104 -1.4010052010416985 29.63637661933899
20.763944614 -2.3400468826293945 -1.4177966639399529 29.6407253742218
20.783881845 -2.4072000980377197 -1.4425824210047722 29.64715313911438
20.803879366 -2.452029228210449 -1.4588786885142326 29.6513569355011
20.8238555 -2.519477605819702 -1.4829599186778069 29.657567262649536
20.843929248 -2.564544916152954 -1.4987727925181389 29.661637544631958
20.863927401 -2.6322455406188965 -1.5221562907099724 29.667680025100708
20.88388039 -2.6774709224700928 -1.537555031478405 29.67166256904602
20.903852972 -2.7453536987304688 -1.5603684708476067 29.67754864692688
20.923842742 -2.7907395362854004 -1.575408510863781 29.681432008743286
20.943876639 -2.8587398529052734 -1.5977373644709587 29.687180757522583
20.964093756 -2.9041128158569336 -1.61248629540205 29.690980195999146
20.983883321 -2.9722378253936768 -1.6344104334712029 29.696603059768677
21.00386487 -3.0175845623016357 -1.6489632651209831 29.700299501419067
21.023840702 -3.0856616497039795 -1.67067401856184 29.70573925971985
21.043863474 -3.131021499633789 -1.6850944086909294 29.70931363105774
21.064017411 -3.1990439891815186 -1.7066427990794182 29.71460461616516
21.083852819 -3.244426965713501 -1.7209549471735954 29.718079805374146
21.103942478 -3.3124125003814697 -1.742423228919506 29.723199129104614
21.123845463 -3.3577566146850586 -1.7566860243678093 29.7265522480011
21.143855455 -3.4257965087890625 -1.778019718825817 29.731488466262817
21.164207864 -3.471095323562622 -1.792258433997631 29.734662294387817
21.183917004 -3.5392000675201416 -1.813502125442028 29.73934292793274
21.203854254 -3.58451771736145 -1.8276528641581535 29.742417573928833
21.223871164 -3.6525533199310303 -1.8488078638911247 29.746995210647583
21.243882627 -3.6978940963745117 -1.8628777787089348 29.750001192092896
21.263950883 -3.765887498855591 -1.8839346691966057 29.754498720169067
21.283893282 -3.8112597465515137 -1.897929958999157 29.757466554641724
21.303858007 -3.879222869873047 -1.9189328476786613 29.76190686225891
21.32384714 -3.9245753288269043 -1.9329003617167473 29.76483654975891
21.343883607 -3.9926676750183105 -1.9538008496165276 29.76917004585266
21.363989372 -4.038003921508789 -1.9677304551005363 29.77205777168274
21.383892913 -4.106088161468506 -1.9885681197047234 29.77630352973938
21.403882671 -4.151482582092285 -2.0024437233805656 29.779107332229614
21.423854411 -4.219608783721924 -2.0232018753886223 29.78326153755188
21.443861416 -4.265085697174072 -2.0369962975382805 29.78597378730774
21.463962084 -4.333311080932617 -2.0576298758387566 29.790040254592896
21.483889061 -4.378845691680908 -2.0713387057185173 29.792718172073364
21.503858175 -4.4470930099487305 -2.0918671414256096 29.796639680862427
21.523851831 -4.492614269256592 -2.1055340096354485 29.79922604560852
21.543844546 -4.5609331130981445 -2.1260048672556877 29.803006410598755
21.564038818 -4.606411457061768 -2.1396664902567863 29.805455446243286
21.583886707 -4.67469596862793 -2.160119466483593 29.80905270576477
21.603874819 -4.720215797424316 -2.173753671348095 29.811421632766724
21.623840826 -4.788497447967529 -2.1942040249705315 29.814942598342896
21.643848973 -4.834067344665527 -2.207811765372753 29.8172390460968
21.663973912 -4.902349948883057 -2.2282447144389153 29.82071805000305
21.683894251 -4.947879791259766 -2.2418398186564445 29.823014497756958
21.703864519 -5.01618766784668 -2.2621924206614494 29.826417207717896
21.723834576 -5.0617194175720215 -2.2757286354899406 29.82867932319641
21.743858104 -5.130011558532715 -2.295986108481884 29.83202862739563
21.764003981 -5.175454616546631 -2.309467487037182 29.834271669387817
21.78409589 -5.220974445343018 -2.3229157254099846 29.83645749092102
21.803856538 -5.289114475250244 -2.3430783078074455 29.839764833450317
21.8238581 -5.357244491577148 -2.363195590674877 29.843060731887817
21.843865101 -5.402700901031494 -2.376578025519848 29.845216035842896
21.86396524 -5.470775604248047 -2.3966619297862053 29.848504304885864
21.884076647 -5.516174793243408 -2.410046748816967 29.850682497024536
21.903865911 -5.584300518035889 -2.4301187321543694 29.853909730911255
21.923863013 -5.629667282104492 -2.4435185715556145 29.8560688495636
21.943852535 -5.697786331176758 -2.46358435600996 29.859235048294067
21.963926863 -5.743195056915283 -2.4769515320658684 29.86133313179016
21.983948739 -5.8113694190979 -2.496977023780346 29.864392518997192
22.003854824 -5.85680627822876 -2.510327510535717 29.866414308547974
22.023862572 -5.924935817718506 -2.5303105637431145 29.86941647529602
22.043873399 -5.970396041870117 -2.5436040684580803 29.871354341506958
22.063931516 -6.038455486297607 -2.5634953305125237 29.874215364456177
22.084072937 -6.083836555480957 -2.576733998954296 29.876065492630005
22.103857757 -6.151920318603516 -2.5965599343180656 29.87874722480774
22.123851304 -6.197244644165039 -2.6097568795084953 29.880494356155396
22.143857632 -6.265302658081055 -2.6295096203684807 29.883042573928833
22.16394301 -6.310671329498291 -2.6426460072398186 29.88469433784485
22.183919565 -6.378736972808838 -2.662321023643017 29.88714337348938
22.203878477 -6.424168109893799 -2.6754168793559074 29.8887722492218
22.223858458 -6.492265701293945 -2.6950775906443596 29.891305208206177
22.243883989 -6.537757396697998 -2.7081665322184563 29.892918825149536
22.26396014 -6.6059088706970215 -2.7278296276926994 29.895367860794067
22.28392322 -6.65138053894043 -2.7409292981028557 29.8969624042511
22.303859303 -6.719646453857422 -2.7605664059519768 29.899335145950317
22.323840757 -6.765085697174072 -2.77367489784956 29.900956392288208
22.343841991 -6.8333210945129395 -2.7933389469981194 29.903332948684692
22.363944534 -6.878817081451416 -2.806467466056347 29.904916048049927
22.383955804 -6.947066307067871 -2.8261837288737297 29.907254457473755
22.403864705 -6.99261474609375 -2.8393265530467033 29.908753633499146
22.423864435 -7.0609307289123535 -2.859086684882641 29.910977602005005
22.443849951 -7.10651969909668 -2.872275047004223 29.91240429878235
22.463971426 -7.1749677658081055 -2.8920802399516106 29.914471864700317
22.483996237 -7.220619201660156 -2.905313901603222 29.91582989692688
22.503847669 -7.2892279624938965 -2.9251374527812004 29.917760133743286
22.523846594 -7.334956645965576 -2.9383708760142326 29.919022798538208
22.543855882 -7.403636455535889 -2.9582158848643303 29.920857667922974
22.564004045 -7.449447154998779 -2.9714519307017326 29.922059297561646
22.583916394 -7.51820707321167 -2.9913608357310295 29.92383313179016
22.603875961 -7.564103603363037 -3.004641942679882 29.924981355667114
22.623874049 -7.632960796356201 -3.024586372077465 29.926705598831177
22.643834208 -7.678905010223389 -3.0378834530711174 29.927823305130005
22.66399229 -7.7478790283203125 -3.057829789817333 29.929436922073364
22.683988199 -7.793886661529541 -3.071149043738842 29.930497407913208
22.703857737 -7.862991809844971 -3.0911254212260246 29.932069063186646
22.723839665 -7.909104824066162 -3.104462079703808 29.93314480781555
22.743891973 -7.9783549308776855 -3.124503545463085 29.934727907180786
22.764007515 -8.024584293365479 -3.1378621384501457 29.935742616653442
22.783975599 -8.09400224685669 -3.157926492393017 29.937215089797974
22.803855186 -8.14033842086792 -3.1712989136576653 29.938172578811646
22.823846576 -8.209873676300049 -3.1913875862956047 29.939645051956177
22.843874011 -8.256264209747314 -3.2047721669077873 29.940598726272583
22.863983939 -8.325899600982666 -3.2248410508036613 29.94204831123352
22.883938119 -8.372293949127197 -3.238246373832226 29.94304394721985
22.90385967 -8.441937923431396 -3.258344106376171 29.944493532180786
22.923852059 -8.488369464874268 -3.2717539593577385 29.94545865058899
22.94384925 -8.55803632736206 -3.2918626591563225 29.9468777179718
22.964089995 -8.604518413543701 -3.3052548691630363 29.947781801223755
22.983956876 -8.674238681793213 -3.3253220841288567 29.949151277542114
23.003853111 -8.72074556350708 -3.338679723441601 29.950055360794067
23.023877603 -8.79054307937622 -3.3586842343211174 29.951401948928833
23.043856769 -8.83708906173706 -3.3720063492655754 29.95229458808899
23.063933005 -8.906925678253174 -3.3919727131724358 29.95361828804016
23.083915672 -8.953447818756104 -3.4052900597453117 29.95451855659485
23.103884495 -9.023278713226318 -3.425268106162548 29.955826997756958
23.123845106 -9.069837093353271 -3.4386104866862297 29.95670437812805
23.143844413 -9.139655590057373 -3.458663634955883 29.958001375198364
23.163909566 -9.186222553253174 -3.472032718360424 29.958874940872192
23.183931508 -9.256051540374756 -3.492141418159008 29.960198640823364
23.203885434 -9.302629947662354 -3.505541257560253 29.961060762405396
23.223902614 -9.372534275054932 -3.5256346985697746 29.962315797805786
23.243838649 -9.41914701461792 -3.5390219017863274 29.963162660598755
23.263973792 -9.489115238189697 -3.5590650364756584 29.964410066604614
23.284123804 -9.535772800445557 -3.5723990723490715 29.96524167060852
23.303845692 -9.60578966140747 -3.5923580452799797 29.966466188430786
23.323853581 -9.652461528778076 -3.605624370276928 29.96731686592102
23.343881709 -9.72249174118042 -3.6254410073161125 29.968621492385864
23.363899716 -9.769209384918213 -3.6386200711131096 29.969502687454224
23.38409264 -9.839281558990479 -3.658281736075878 29.970879793167114
23.403915794 -9.886008739471436 -3.6713623329997063 29.9717915058136
23.423843588 -9.956114292144775 -3.690944842994213 29.973145723342896
23.443867967 -10.0028395652771 -3.7039582058787346 29.974076509475708
23.46389614 -10.072969913482666 -3.723459415137768 29.975377321243286
23.484042202 -10.11973237991333 -3.7364427372813225 29.976216554641724
23.503860754 -10.189915180206299 -3.755862407386303 29.977425813674927
23.523949737 -10.236735820770264 -3.768787555396557 29.97818112373352
23.543849851 -10.307016849517822 -3.7881013676524162 29.979295015335083
23.563935121 -10.353907108306885 -3.8009752556681633 29.979962587356567
23.584092097 -10.424234867095947 -3.8202068135142326 29.981000185012817
23.603859892 -10.471129894256592 -3.833013229072094 29.981675386428833
23.623849364 -10.54148244857788 -3.8522033020853996 29.982659578323364
23.643868178 -10.58839464187622 -3.864977292716503 29.983346223831177
23.663886194 -10.658803462982178 -3.884146384894848 29.98429226875305
23.683936786 -10.705764293670654 -3.8969325348734856 29.984917879104614
23.703865589 -10.776219844818115 -3.9160951897501945 29.985894441604614
23.723866255 -10.823209285736084 -3.9288636967539787 29.98653531074524
23.743851182 -10.893689632415771 -3.948029451072216 29.98757290840149
23.76390167 -10.940704822540283 -3.960821323096752 29.988297700881958
23.783965673 -11.011267185211182 -3.9800299927592278 29.989346742630005
23.803855846 -11.058323383331299 -3.9928564354777336 29.990079164505005
23.823849681 -11.128950595855713 -4.012085370719433 29.9910671710968
23.843888592 -11.176008701324463 -4.024910382926464 29.991761445999146
23.863882102 -11.24662446975708 -4.044148378074169 29.99279522895813
23.883896731 -11.293714046478271 -4.05697625130415 29.993489503860474
23.903877807 -11.364346981048584 -4.076235465705395 29.99453091621399
23.92384738 -11.41144609451294 -4.089078597724438 29.99520230293274
23.943851711 -11.482079029083252 -4.108349494636059 29.996197938919067
23.963853588 -11.529184818267822 -4.121184520423412 29.99686551094055
23.983982542 -11.599868297576904 -4.140422038733959 29.997822999954224
24.003871048 -11.647011280059814 -4.15320747345686 29.998448610305786
24.02385499 -11.717767238616943 -4.172367267310619 29.99927258491516
24.043893854 -11.764967441558838 -4.1851193234324455 29.99977993965149
24.063894655 -11.835803508758545 -4.204235248267651 30.00041699409485
24.083961366 -11.883046627044678 -4.216975383460522 30.000767946243286
24.103864297 -11.95393705368042 -4.236060313880444 30.00126004219055
24.123862512 -12.001213550567627 -4.2487766072154045 30.001572847366333
24.143857606 -12.07218313217163 -4.267827682197094 30.00200390815735
24.163880067 -12.119502544403076 -4.28052394837141 30.0023090839386
24.183985416 -12.190484523773193 -4.299563579261303 30.002705812454224
24.20385367 -12.237819194793701 -4.3122436329722404 30.00295376777649
24.223866325 -12.30884599685669 -4.331275157630444 30.0032856464386
24.243860672 -12.356217861175537 -4.343976192176342 30.00345730781555
24.263856333 -12.427280902862549 -4.363068751990795 30.003670930862427
24.284014406 -12.474661350250244 -4.375810317695141 30.0037739276886
24.303850322 -12.545753955841064 -4.3949276730418205 30.003880739212036
24.323849153 -12.593169689178467 -4.4076768681406975 30.00391125679016
24.343882505 -12.664321422576904 -4.426806144416332 30.003880739212036
24.363852635 -12.711750507354736 -4.439552955329418 30.003861665725708
24.383895619 -12.782888889312744 -4.458666495978832 30.003766298294067
24.403870395 -12.830281734466553 -4.471409969031811 30.003670930862427
24.423863976 -12.901352405548096 -4.490542583167553 30.003495454788208
24.44384632 -12.948706150054932 -4.503315143287182 30.003339052200317
24.463925968 -13.019693851470947 -4.522520713508129 30.003037691116333
24.483961747 -13.06700849533081 -4.53534048050642 30.002808809280396
24.50384382 -13.137924671173096 -4.554642848670483 30.002442598342896
24.523859015 -13.185192584991455 -4.567544154822826 30.002213716506958
24.543894 -13.256081104278564 -4.586943797767162 30.00182843208313
24.563860655 -13.30332612991333 -4.5999752804636955 30.001588106155396
24.583946294 -13.374202251434326 -4.619561366736889 30.0011990070343
24.603896931 -13.421459674835205 -4.632672004401684 30.000928163528442
24.623862546 -13.492335796356201 -4.652358703315258 30.000504732131958
24.64383725 -13.539573192596436 -4.665517024695873 30.00021481513977
24.663901662 -13.610385417938232 -4.685307674109936 29.999768495559692
24.684115594 -13.657579898834229 -4.698515586555004 29.999467134475708
24.70385504 -13.728368282318115 -4.718413047492504 29.999009370803833
24.723861646 -13.775570392608643 -4.731694392859936 29.99869656562805
24.743856312 -13.846381664276123 -4.751643352210522 29.998223543167114
24.763859343 -13.893603801727295 -4.764977626502514 29.99796414375305
24.783951449 -13.964447498321533 -4.784984759986401 29.997578859329224
24.803894085 -14.011690616607666 -4.7983371540904045 29.99731183052063
24.823886403 -14.08257532119751 -4.818387679755688 29.996934175491333
24.843859091 -14.129838466644287 -4.831757716834545 29.996690034866333
24.863873405 -14.200764179229736 -4.851861648261547 29.996373414993286
24.884222707 -14.248045444488525 -4.865255527198315 29.99615979194641
24.903886606 -14.318949222564697 -4.885369472205639 29.995911836624146
24.923883022 -14.36619520187378 -4.898766689002514 29.995763063430786
24.943851822 -14.437032222747803 -4.918845824897289 29.99556851387024
24.963921156 -14.484225749969482 -4.932197265326977 29.99554181098938
24.983947493 -14.554996967315674 -4.952179126441479 29.995503664016724
25.003875795 -14.602159976959229 -4.965447120368481 29.995476961135864
25.023877482 -14.6728835105896 -4.985284022986889 29.995465517044067
25.043858005 -14.720025539398193 -4.998486213386059 29.9954617023468
25.063850025 -14.790734767913818 -5.018161945044994 29.99548840522766
25.084304312 -14.83789587020874 -5.031234435737133 29.99551510810852
25.103890193 -14.908667087554932 -5.0507785603404045 29.995579957962036
25.123873032 -14.955889225006104 -5.063719920814037 29.9957172870636
25.143857079 -15.026716709136963 -5.083130531013012 29.99588894844055
25.163847428 -15.073981761932373 -5.096016101539135 29.996075868606567
25.184195583 -15.144897937774658 -5.115326099097729 29.996354341506958
25.203868124 -15.192209720611572 -5.128173999488354 29.996567964553833
25.223873671 -15.26323938369751 -5.147380523383617 29.996896028518677
25.243847768 -15.310604572296143 -5.160165958106518 29.997098207473755
25.263860601 -15.38175344467163 -5.179263763129711 29.997437715530396
25.283965989 -15.429192066192627 -5.1919857785105705 29.9976589679718
25.303880028 -15.500357151031494 -5.211054973304272 29.997994661331177
25.323890246 -15.54783582687378 -5.2237426564097404 29.998273134231567
25.34386393 -15.6190505027771 -5.242778949439526 29.998666048049927
25.363845058 -15.666536808013916 -5.25546520203352 29.99893307685852
25.384039449 -15.73778772354126 -5.27450006455183 29.999356508255005
25.403885954 -15.785284519195557 -5.287198714911938 29.999627351760864
25.42386904 -15.85652208328247 -5.306259803473949 30.000062227249146
25.443859178 -15.904001712799072 -5.318977050483227 30.0003445148468
25.46383375 -15.975244998931885 -5.338042430579662 30.000867128372192
25.483949123 -16.02273988723755 -5.350755862891674 30.00124478340149
25.503930231 -16.09398126602173 -5.36983697861433 30.001843690872192
25.523860574 -16.14151620864868 -5.38256423920393 30.00231671333313
25.543950695 -16.21281862258911 -5.401670150458813 30.002999544143677
25.56389284 -16.26037073135376 -5.414415530860424 30.003525972366333
25.584006478 -16.331737995147705 -5.433548621833324 30.004334688186646
25.603896793 -16.379316806793213 -5.4463145062327385 30.004864931106567
25.62386409 -16.450708866119385 -5.465507201850414 30.00573468208313
25.643911599 -16.498310565948486 -5.478316478431225 30.006295442581177
25.663853461 -16.569719791412354 -5.497553996741772 30.007134675979614
25.683983712 -16.617319583892822 -5.510383300483227 30.007683992385864
25.703962268 -16.68871545791626 -5.529632739722729 30.00847363471985
25.723866507 -16.736324787139893 -5.542511157691479 30.009000062942505
25.743851214 -16.80772066116333 -5.5618845745921135 30.009721040725708
25.763842445 -16.855316638946533 -5.574863605201244 30.010239839553833
25.783983301 -16.926689624786377 -5.594432048499584 30.01099133491516
25.803912849 -16.974253177642822 -5.607512168586254 30.011449098587036
25.823912981 -17.04558801651001 -5.6273094937205315 30.012147188186646
25.843860622 -17.09312677383423 -5.6405517384409904 30.01259732246399
25.863860912 -17.16440439224243 -5.660484962165356 30.01322293281555
25.883986317 -17.21192216873169 -5.673859290778637 30.013673067092896
25.903884042 -17.283174991607666 -5.693955115973949 30.01431393623352
25.923874363 -17.33067560195923 -5.707400970160961 30.0147488117218
25.94388188 -17.401894092559814 -5.72758262604475 30.015336275100708
25.963845868 -17.44936227798462 -5.7410604283213615 30.0157253742218
25.983976562 -17.52054262161255 -5.7613169476389885 30.016282320022583
26.003932096 -17.567976474761963 -5.774830989539623 30.016621828079224
26.023869588 -17.639111042022705 -5.795162372291088 30.017171144485474
26.043868224 -17.686520099639893 -5.808732680976391 30.01751446723938
26.063871953 -17.757606983184814 -5.829109363257885 30.01803708076477
26.083958276 -17.80500078201294 -5.84270303696394 30.018391847610474
26.103952444 -17.876078128814697 -5.863090209662914 30.018868684768677
26.123873407 -17.923471927642822 -5.876685790717602 30.01917004585266
26.143858975 -17.99455499649048 -5.897075347602367 30.019604921340942
26.163868619 -18.04192590713501 -5.910663299262524 30.01989483833313
26.183982991 -18.1130051612854 -5.931078128516674 30.020341157913208
26.203907889 -18.160366535186768 -5.944678954780102 30.020615816116333
26.223853683 -18.231428623199463 -5.96510761231184 30.021085023880005
26.243864121 -18.27879762649536 -5.978719882667065 30.021371126174927
26.263851658 -18.34984827041626 -5.999129466712475 30.021806001663208
26.283928866 -18.39720582962036 -6.012732200324535 30.022111177444458
26.303923355 -18.468214511871338 -6.033127002418041 30.02251172065735
26.323897583 -18.515541553497314 -6.046721629798412 30.02277112007141
26.343861747 -18.58652353286743 -6.067092590034008 30.02310299873352
26.36385266 -18.63382577896118 -6.080662421882153 30.023308992385864
26.384000684 -18.70478868484497 -6.101016215980053 30.023602724075317
26.403934155 -18.752092838287354 -6.114584617316723 30.0237934589386
26.423881995 -18.823036670684814 -6.134933166205883 30.024064302444458
26.443851319 -18.870340824127197 -6.148482970893383 30.024251222610474
26.463845434 -18.94125986099243 -6.168797187507153 30.024468660354614
26.483969803 -18.988502979278564 -6.182336501777172 30.024644136428833
26.503988318 -19.059340000152588 -6.202638320624828 30.024888277053833
26.523912566 -19.106550693511963 -6.216171912848949 30.025071382522583
26.543862472 -19.177345752716064 -6.236476592719555 30.02532696723938
26.563850948 -19.22452402114868 -6.250010661780834 30.025479555130005
26.583930683 -19.295294284820557 -6.270297221839428 30.025708436965942
26.603923636 -19.34244966506958 -6.283829860389233 30.025834321975708
26.623895271 -19.413147449493408 -6.304138354957104 30.0259792804718
26.643829541 -19.460270404815674 -6.31770770996809 30.02612805366516
26.663838722 -19.530928134918213 -6.338057212531567 30.026368379592896
26.683922291 -19.57802438735962 -6.351628951728344 30.02655529975891
26.703957542 -19.64867639541626 -6.3719736859202385 30.02687954902649
26.723877895 -19.695765018463135 -6.385526351630688 30.0270893573761
26.743851338 -19.766418933868408 -6.405812434852123 30.027417421340942
26.763856437 -19.813517093658447 -6.419318370521069 30.027623414993286
26.783941587 -19.88422441482544 -6.439500980079174 30.02798581123352
26.803969243 -19.931358814239502 -6.452925376594067 30.02819561958313
26.823859662 -20.002060413360596 -6.4730197712779045 30.028477907180786
26.843855435 -20.049225330352783 -6.486401252448559 30.028661012649536
26.863962275 -20.11995553970337 -6.506451301276684 30.028905153274536
26.8853929 -20.167114734649658 -6.5197960659861565 30.02905011177063
26.905648298 -20.237879276275635 -6.539777927100658 30.02924084663391
26.925094079 -20.285051822662354 -6.553085975348949 30.029324769973755
26.945071641 -20.35587167739868 -6.573046378791332 30.029435396194458
26.965028294 -20.403088092803955 -6.586352996528149 30.029523134231567
26.985066041 -20.473909854888916 -6.606310538947582 30.02960705757141
27.005013003 -20.52111291885376 -6.619602374732494 30.029629945755005
27.025006498 -20.59190034866333 -6.639520816504955 30.029610872268677
27.044983679 -20.639105319976807 -6.652789764106274 30.02959179878235
27.064997145 -20.709885120391846 -6.672667197883129 30.029553651809692
27.08510982 -20.757063388824463 -6.685890845954418 30.029523134231567
27.104990375 -20.82783555984497 -6.705664806067944 30.029446840286255
27.124998954 -20.87500810623169 -6.718827418982983 30.02936291694641
27.144995815 -20.945805072784424 -6.738485507667065 30.02917981147766
27.164963196 -20.993006229400635 -6.751562289893627 30.029019594192505
27.185091168 -21.063805103302002 -6.771135501563549 30.02874493598938
27.204992249 -21.111046314239502 -6.7841135784983635 30.028573274612427
27.224982994 -21.181908130645752 -6.803540401160717 30.0282986164093
27.244967803 -21.229179859161377 -6.816433124244213 30.02810025215149
27.264993304 -21.300068378448486 -6.835747413337231 30.027783632278442
27.285046732 -21.34733247756958 -6.848584823310375 30.0275661945343
27.305033856 -21.41823434829712 -6.867773227393627 30.02725338935852
27.324984514 -21.465492725372314 -6.880551032721996 30.027055025100708
27.344981433 -21.536448001861572 -6.899652652442455 30.026761293411255
27.364966802 -21.583752155303955 -6.912367515265942 30.026585817337036
27.385129247 -21.65471124649048 -6.931414298713207 30.02630352973938
27.405044366 -21.702045917510986 -6.944080524146557 30.026143312454224
27.425007932 -21.773033618927002 -6.963084869086742 30.025914430618286
27.44495871 -21.820374011993408 -6.975746802985668 30.02575421333313
27.464976996 -21.89139986038208 -6.994736365973949 30.025540590286255
27.485075873 -21.938738346099854 -7.007401160895824 30.025391817092896
27.505015786 -22.009798526763916 -7.0264231488108635 30.02523159980774
27.525081515 -22.05713701248169 -7.039120368659496 30.025105714797974
27.544980905 -22.128183841705322 -7.0581967160105705 30.02494168281555
27.565075106 -22.175547122955322 -7.070936374366283 30.024842500686646
27.585149357 -22.246592044830322 -7.090079002082348 30.02468228340149
27.605033847 -22.293999195098877 -7.102824382483959 30.02459454536438
27.624995411 -22.365084171295166 -7.1219479367136955 30.02445340156555
27.644992077 -22.41247034072876 -7.134690932929516 30.02435803413391
27.664987473 -22.48354959487915 -7.153789691627026 30.024213075637817
27.685140917 -22.530914783477783 -7.166526012122631 30.024102449417114
27.705024971 -22.60197114944458 -7.185641936957836 30.023968935012817
27.725033075 -22.64931344985962 -7.198400191962719 30.023881196975708
27.744974913 -22.720282077789307 -7.217559985816479 30.02373242378235
27.765013878 -22.767542362213135 -7.230355434119701 30.023633241653442
27.785093545 -22.838377475738525 -7.249575786292553 30.02344250679016
27.80509425 -22.885559558868408 -7.262390784919262 30.023331880569458
27.825026975 -22.956284046173096 -7.281644515693188 30.023144960403442
27.844983625 -23.00339937210083 -7.294501475989819 30.023030519485474
27.864987181 -23.074007511138916 -7.3138143345713615 30.0229275226593
27.885059402 -23.121044635772705 -7.326708011329174 30.022862672805786
27.905028686 -23.191540241241455 -7.346104793250561 30.022813081741333
27.925019131 -23.238510608673096 -7.359053783118725 30.022774934768677
27.94501117 -23.3089337348938 -7.3785020634531975 30.02271008491516
27.964978177 -23.35587167739868 -7.391484908759594 30.0226948261261
27.985113039 -23.42625093460083 -7.41098278015852 30.022671937942505
28.00502372 -23.47316026687622 -7.423999480903149 30.0226833820343
28.025018991 -23.543516635894775 -7.443561725318432 30.022725343704224
28.044969928 -23.590403079986572 -7.4566222950816154 30.02273678779602
28.064968289 -23.660717487335205 -7.476251296699047 30.0228054523468
28.085126888 -23.707577228546143 -7.489354304969311 30.022847414016724
28.105021797 -23.777857303619385 -7.509036712348461 30.02300763130188
28.124988076 -23.824703693389893 -7.522168330848217 30.02312970161438
28.144967513 -23.894964694976807 -7.541878394782543 30.02331280708313
28.16497153 -23.941830158233643 -7.555019550025463 30.02348828315735
28.185085117 -24.012115955352783 -7.574759177863598 30.02374005317688
28.205045284 -24.058983325958252 -7.587947063148022 30.023968935012817
28.225008737 -24.12927484512329 -7.607763938605785 30.024361848831177
28.244963392 -24.176119327545166 -7.620989494025707 30.02460217475891
28.264972368 -24.246382236480713 -7.640872173011303 30.025086641311646
28.28505314 -24.293209552764893 -7.654152564704418 30.02541470527649
28.305016038 -24.363430500030518 -7.674109630286694 30.025895357131958
28.324991045 -24.410221576690674 -7.687427215278149 30.026196718215942
28.344965333 -24.480379581451416 -7.707421474158764 30.02661633491516
28.364962384 -24.527119159698486 -7.720786266028881 30.026929140090942
28.38515375 -24.597191333770752 -7.740850143134594 30.027344942092896
28.405043974 -24.643883228302002 -7.754246406257153 30.02761960029602
28.42502667 -24.713894367218018 -7.774381332099438 30.02801251411438
28.444964577 -24.760551929473877 -7.787817649543285 30.028233766555786
28.464974188 -24.830532550811768 -7.807997398078442 30.028592348098755
28.485007633 -24.877169132232666 -7.821448974311352 30.02881360054016
28.505044475 -24.947094440460205 -7.841624431312084 30.029114961624146
28.524998321 -24.993666172027588 -7.855093650519848 30.02934765815735
28.544964205 -25.063496112823486 -7.875303916633129 30.02966046333313
28.564978897 -25.110025882720947 -7.888787917792797 30.02987790107727
28.585062095 -25.17979097366333 -7.909010104835033 30.030171632766724
28.605125723 -25.22627305984497 -7.922492675483227 30.030389070510864
28.624984644 -25.295958042144775 -7.942722491919994 30.030728578567505
28.644987283 -25.342398166656494 -7.956207923591137 30.03092312812805
28.664979635 -25.41204309463501 -7.976414851844311 30.03124737739563
28.685032056 -25.458467960357666 -7.9899007603526115 30.031449556350708
28.705065777 -25.528103351593018 -8.010148219764233 30.0317165851593
28.725033073 -25.57457971572876 -8.023651771247387 30.031922578811646
28.744974459 -25.644299030303955 -8.04390924423933 30.032181978225708
28.765020709 -25.690796375274658 -8.057425193488598 30.032304048538208
28.785003051 -25.760555744171143 -8.07770173996687 30.032479524612427
28.805109409 -25.807058811187744 -8.091215781867504 30.032574892044067
28.825004619 -25.876892566680908 -8.111442737281322 30.032750368118286
28.844988803 -25.9234299659729 -8.12491910904646 30.032819032669067
28.865001939 -25.993298053741455 -8.145094089210033 30.0329487323761
28.885001897 -26.039883136749268 -8.158535175025463 30.033013582229614
28.905073795 -26.109772205352783 -8.178684405982494 30.033063173294067
28.924987368 -26.156399250030518 -8.192098788917065 30.033108949661255
28.944964641 -26.226343631744385 -8.212197475135326 30.033143281936646
28.965087176 -26.27299737930298 -8.225572757422924 30.033231019973755
28.985036697 -26.34299325942993 -8.245601825416088 30.03335690498352
29.005070294 -26.38965082168579 -8.258941821753979 30.0334370136261
29.024998164 -26.4596905708313 -8.278957538306713 30.033612489700317
29.044972616 -26.50641107559204 -8.292318515479565 30.033707857131958
29.065004338 -26.57652711868286 -8.312384776771069 30.03381848335266
29.084969721 -26.62334108352661 -8.32580678910017 30.03389859199524
29.105038594 -26.69352388381958 -8.345933131873608 30.033951997756958
29.124995428 -26.740360736846924 -8.359404735267162 30.034005403518677
29.144962187 -26.810608386993408 -8.379627399146557 30.034039735794067
29.164975 -26.857462406158447 -8.393132381141186 30.03405499458313
29.184968571 -26.927748203277588 -8.413419894874096 30.03409695625305
29.205026631 -26.97459650039673 -8.426949672400951 30.03412365913391
29.225002785 -27.044857501983643 -8.447261981666088 30.034241914749146
29.244970272 -27.091686725616455 -8.460788898169994 30.03430676460266
29.264961723 -27.16190767288208 -8.48105924576521 30.034409761428833
29.28497132 -27.20872926712036 -8.494560413062572 30.034501314163208
29.305043676 -27.278942584991455 -8.514805011451244 30.034600496292114
29.324970055 -27.325748920440674 -8.52830045670271 30.0346577167511
29.345001407 -27.395954608917236 -8.54855077713728 30.034714937210083
29.364987059 -27.44274377822876 -8.56205003708601 30.03471875190735
29.384969299 -27.5129132270813 -8.582308940589428 30.034695863723755
29.405040997 -27.55967378616333 -8.59581582993269 30.034627199172974
29.424995635 -27.62985849380493 -8.61606615036726 30.034478425979614
29.444968029 -27.67664384841919 -8.62956827133894 30.03436017036438
29.464972102 -27.74682092666626 -8.649824313819408 30.034173250198364
29.484940339 -27.793612003326416 -8.66333406418562 30.0340359210968
29.505173824 -27.86377763748169 -8.68358438462019 30.03377652168274
29.524982026 -27.910547733306885 -8.69707315415144 30.033578157424927
29.544996262 -27.98067331314087 -8.717324428260326 30.03326153755188
29.564982746 -28.027401447296143 -8.730827502906322 30.033036470413208
29.58496542 -28.097485065460205 -8.751121692359447 30.03271222114563
29.605144363 -28.144188404083252 -8.764659099280834 30.03246808052063
29.624987692 -28.214218616485596 -8.78497713059187 30.03206753730774
29.644977487 -28.260891437530518 -8.798519305884838 30.031808137893677
29.664971045 -28.330875873565674 -8.818828754127026 30.03143048286438
29.684958355 -28.37751817703247 -8.83236139267683 30.031209230422974
29.705093628 -28.447462558746338 -8.852642230689526 30.030877351760864
29.724991616 -28.49408197402954 -8.866150073707104 30.030675172805786
29.744982845 -28.563997745513916 -8.88639371842146 30.030404329299927
29.764962468 -28.610594272613525 -8.899878673255444 30.030247926712036
29.784961483 -28.680492877960205 -8.920109920203686 30.030076265335083
29.805070167 -28.727076053619385 -8.933591060340405 30.029969453811646
29.825026258 -28.796932697296143 -8.953802280128002 30.029820680618286
29.844974623 -28.843485355377197 -8.967278651893139 30.029778718948364
29.864985757 -28.913279056549072 -8.987494640052319 30.029736757278442
29.884932823 -28.95978021621704 -9.00098054856062 30.02974820137024
29.905077897 -29.029480457305908 -9.021194629371166 30.029767274856567
29.925011411 -29.075897693634033 -9.034660510718822 30.029813051223755
29.944987369 -29.14544153213501 -9.054857425391674 30.029950380325317
29.964992639 -29.191771030426025 -9.068317584693432 30.030064821243286
29.984981813 -29.26115083694458 -9.088503055274487 30.03032422065735
30.005248713 -29.307371616363525 -9.101972751319408 30.0305073261261
30.025008083 -29.37665605545044 -9.12219350785017 30.03078579902649
30.044981229 -29.422796726226807 -9.135687045753002 30.031022310256958
30.064962493 -29.491983890533447 -9.155929736793041 30.031354188919067
30.084947502 -29.53808069229126 -9.16943757981062 30.031598329544067
30.105088478 -29.60721445083618 -9.18972509354353 30.0319721698761
30.124984408 -29.653299808502197 -9.203254871070385 30.03219723701477
30.144989024 -29.722456455230713 -9.223550967872143 30.032593965530396
30.164952841 -29.768555164337158 -9.237074069678783 30.03283429145813
30.184970442 -29.83766794204712 -9.257354907691479 30.03325390815735
30.205064292 -29.883739948272705 -9.270874194800854 30.033528566360474
30.224975651 -29.95284128189087 -9.291150264441967 30.033929109573364
30.245022788 -29.998884677886963 -9.304641894996166 30.034188508987427
30.264968026 -30.067932605743408 -9.324858836829662 30.034547090530396
30.284957105 -30.113943576812744 -9.338316135108471 30.03476071357727
30.305128761 -30.182928562164307 -9.358485393226147 30.03503155708313
30.325031918 -30.22891092300415 -9.371921710669994 30.035168886184692
30.344973421 -30.29790163040161 -9.392108134925365 30.035355806350708
30.364996963 -30.34390878677368 -9.405581645667553 30.035409212112427
30.385005727 -30.41293954849243 -9.425813846290112 30.035454988479614
30.40510585 -30.45897150039673 -9.439339809119701 30.035538911819458
30.424988045 -30.528021335601807 -9.459613971412182 30.035645723342896
30.444991461 -30.574059009552002 -9.473149470984936 30.035718202590942
30.464980039 -30.643112659454346 -9.49343317002058 30.03577160835266
30.484953428 -30.689140796661377 -9.506941966712475 30.035794496536255
30.50507864 -30.75816583633423 -9.527190379798412 30.03580594062805
30.524993771 -30.80418062210083 -9.540680103003979 30.03579068183899
30.545024062 -30.873161792755127 -9.560929469764233 30.035767793655396
30.56496582 -30.91913080215454 -9.574428729712963 30.03576397895813
30.584984866 -30.988062381744385 -9.594678096473217 30.0357563495636
30.60526799 -31.03397798538208 -9.608188800513744 30.035779237747192
30.625013422 -31.102842807769775 -9.628455333411694 30.035775423049927
30.644992453 -31.14873743057251 -9.641973666846752 30.035775423049927
30.664966703 -31.217554569244385 -9.662295512855053 30.03581738471985
30.68495304 -31.263426303863525 -9.675851993262768 30.035836458206177
30.705150864 -31.33220148086548 -9.696228198707104 30.035813570022583
30.725022849 -31.378042697906494 -9.70981901139021 30.03576397895813
30.744994813 -31.446747303009033 -9.730259113013744 30.035630464553833
30.764968758 -31.492546558380127 -9.743918590247631 30.03546643257141
30.784982926 -31.561243534088135 -9.764452151954174 30.03516125679016
30.805190413 -31.60704278945923 -9.77817838639021 30.034928560256958
30.825005577 -31.6757493019104 -9.798767261207104 30.034539461135864
30.844988551 -31.721561908721924 -9.812507800757885 30.034249544143677
30.864975976 -31.790289402008057 -9.833135776221752 30.0337917804718
30.884949121 -31.836117267608643 -9.846884898841381 30.03347134590149
30.905110755 -31.904869556427002 -9.867538623511791 30.033002138137817
30.925031832 -31.950714588165283 -9.881309680640697 30.032708406448364
30.945005402 -32.0194935798645 -9.90196531265974 30.03226590156555
30.965036148 -32.06534242630005 -9.915731601417065 30.0319721698761
30.984969648 -32.134106159210205 -9.93637578934431 30.03152585029602
31.005061108 -32.17992830276489 -9.95012491196394 30.031262636184692
31.025024891 -32.24866533279419 -9.970732860267162 30.030865907669067
31.044999164 -32.29449510574341 -9.984466724097729 30.03060269355774
31.064961665 -32.36327028274536 -10.005060367286205 30.030160188674927
31.084938944 -32.40913438796997 -10.01877897232771 30.029839754104614
31.105066871 -32.47799730300903 -10.039367847144604 30.02935528755188
31.125028294 -32.523937702178955 -10.053078822791576 30.029027223587036
31.145039369 -32.59289216995239 -10.073626689612865 30.02852749824524
31.164983156 -32.63891649246216 -10.0872947499156 30.028191804885864
31.184980534 -32.707966327667236 -10.107793979346752 30.027684450149536
31.205083489 -32.75402116775513 -10.121468715369701 30.027352571487427
31.225016709 -32.8230938911438 -10.141981296241283 30.026849031448364
31.24499422 -32.86912965774536 -10.155668430030346 30.026524782180786
31.265019586 -32.93817186355591 -10.176202945411205 30.02603268623352
31.284947384 -32.98420000076294 -10.18988435715437 30.025696992874146
31.30510338 -33.053242206573486 -10.210483722388744 30.02523159980774
31.325001799 -33.09927034378052 -10.224239520728588 30.024903535842896
31.344998918 -33.168320178985596 -10.244902782142162 30.024388551712036
31.364959763 -33.21436357498169 -10.258733920753002 30.024049043655396
31.384979227 -33.28344011306763 -10.279472522437572 30.023534059524536
31.405099101 -33.32951021194458 -10.293310336768627 30.023194551467896
31.424995788 -33.39864778518677 -10.314080409705639 30.0226833820343
31.444975511 -33.444748401641846 -10.327917270362377 30.022340059280396
31.464961909 -33.513927936553955 -10.348688296973705 30.021878480911255
31.485006803 -33.56003999710083 -10.362510852515697 30.02157711982727
31.505061822 -33.62919282913208 -10.383228473365307 30.02111554145813
31.525010797 -33.675278186798096 -10.397030048072338 30.02081799507141
31.544977423 -33.74438524246216 -10.417722873389721 30.02038311958313
31.564971734 -33.79043245315552 -10.431511096656322 30.020154237747192
31.58502849 -33.859482288360596 -10.452157191932201 30.019822359085083
31.60507388 -33.905495166778564 -10.465893916785717 30.019620180130005
31.625036936 -33.97450304031372 -10.486450366675854 30.01937222480774
31.64501523 -34.02050065994263 -10.500128917396069 30.019212007522583
31.664962558 -34.089481830596924 -10.520581416785717 30.01904034614563
31.684948314 -34.13546800613403 -10.534209422767162 30.018937349319458
31.705030468 -34.204445362091064 -10.5546380802989 30.018811464309692
31.72502421 -34.25044298171997 -10.56826227158308 30.01876187324524
31.744999317 -34.319435596466064 -10.588672809302807 30.018658876419067
31.764965956 -34.365429401397705 -10.602262668311596 30.018597841262817
31.784980342 -34.434433460235596 -10.62263410538435 30.018513917922974
31.805134889 -34.48045015335083 -10.63621061295271 30.01849102973938
31.825010224 -34.54953050613403 -10.656570605933666 30.018475770950317
31.845008053 -34.59559679031372 -10.670133762061596 30.01845669746399
31.864976008 -34.66479158401489 -10.69050519913435 30.018445253372192
31.884955191 -34.710941791534424 -10.70408933609724 30.018433809280396
31.905087619 -34.78020143508911 -10.72446744889021 30.018407106399536
31.925030779 -34.82639741897583 -10.738045863807201 30.018391847610474
31.944990697 -34.89569902420044 -10.758404903113842 30.018353700637817
31.964979776 -34.94192171096802 -10.771986179053783 30.018323183059692
31.984989052 -35.01125383377075 -10.792394809424877 30.018277406692505
32.005129516 -35.057472705841064 -10.806003741919994 30.018250703811646
32.025043795 -35.126789569854736 -10.826452426612377 30.018216371536255
32.045018742 -35.17299699783325 -10.840085200965405 30.0181782245636
32.064971023 -35.242268085479736 -10.860609225928783 30.018121004104614
32.084937408 -35.28844499588013 -10.874290637671947 30.018075227737427
32.105186624 -35.357704639434814 -10.894809894263744 30.018006563186646
32.125059393 -35.40386629104614 -10.908507518470287 30.017953157424927
32.145020456 -35.4731068611145 -10.92904108017683 30.017876863479614
32.164979181 -35.519264698028564 -10.942732028663158 30.017850160598755
32.184966892 -35.58850908279419 -10.963262729346752 30.017842531204224
32.205031308 -35.63466691970825 -10.976939372718334 30.017831087112427
32.22504265 -35.703896045684814 -10.997479610145092 30.01786160469055
32.245051323 -35.75004243850708 -11.011172465980053 30.01788067817688
32.264976278 -35.819252490997314 -11.031709842383862 30.01794934272766
32.284954195 -35.86538362503052 -11.04538743942976 30.018014192581177
32.305067155 -35.93455171585083 -11.065883807837963 30.01810574531555
32.325033262 -35.98065233230591 -11.079526118934155 30.018182039260864
32.344990556 -36.049789905548096 -11.099968127906322 30.018269777297974
32.364987147 -36.095871448516846 -11.113585643470287 30.018346071243286
32.384965618 -36.16500520706177 -11.133967570960522 30.018441438674927
32.405028306 -36.21109056472778 -11.14753644913435 30.01846432685852
32.425128719 -36.28026628494263 -11.16787164658308 30.018479585647583
32.445013445 -36.326401233673096 -11.181411914527416 30.018487215042114
32.464986002 -36.39563035964966 -11.201700381934643 30.0185329914093
32.484945507 -36.441845417022705 -11.21523778885603 30.018597841262817
32.50501326 -36.511181354522705 -11.235542468726635 30.0186665058136
32.525066574 -36.557438373565674 -11.249091319739819 30.018704652786255
32.545012779 -36.62682771682739 -11.269404582679272 30.01874279975891
32.564991549 -36.67310380935669 -11.282947711646557 30.0187885761261
32.584962675 -36.74255037307739 -11.303294353187084 30.018834352493286
32.605006317 -36.78884935379028 -11.316862277686596 30.01884961128235
32.625026401 -36.85834550857544 -11.337227992713451 30.018868684768677
32.645007273 -36.90468645095825 -11.350797824561596 30.018861055374146
32.664982993 -36.97419786453247 -11.371141605079174 30.018841981887817
32.684944545 -37.02054262161255 -11.38469236344099 30.01882290840149
32.704994868 -37.09005403518677 -11.404994182288647 30.0187771320343
32.725356159 -37.136391162872314 -11.418510608375072 30.018750429153442
32.74498047 -37.20591402053833 -11.438753299415112 30.018697023391724
32.764970318 -37.25225877761841 -11.452230624854565 30.018635988235474
32.784976464 -37.32180070877075 -11.472470454871655 30.018540620803833
32.805006773 -37.36814546585083 -11.485950641334057 30.01845669746399
32.825070267 -37.43763780593872 -11.50622671097517 30.018319368362427
32.84499496 -37.48394441604614 -11.519757442176342 30.018208742141724
32.86496931 -37.55337190628052 -11.540071658790112 30.018018007278442
32.884946982 -37.599655628204346 -11.553647212684155 30.017895936965942
32.905034219 -37.669052600860596 -11.574007205665112 30.017701387405396
32.925075149 -37.715290546417236 -11.587593249976635 30.017571687698364
32.94504824 -37.78458070755005 -11.60799615830183 30.017361879348755
32.965037574 -37.83074998855591 -11.6215965077281 30.01718258857727
32.984969531 -37.89999055862427 -11.64201658219099 30.016888856887817
33.004988595 -37.946144580841064 -11.655623607337475 30.016698122024536
33.025125719 -38.01536226272583 -11.676024608314037 30.016419649124146
33.044999389 -38.06147813796997 -11.689605884253979 30.016236543655396
33.064985276 -38.13064241409302 -11.709952525794506 30.01598858833313
33.08493433 -38.17670488357544 -11.723518542945385 30.015824556350708
33.104971031 -38.245766162872314 -11.743862323462963 30.015557527542114
33.125056004 -38.291767597198486 -11.757432155311108 30.015362977981567
33.145001872 -38.36072587966919 -11.777787379920483 30.015057802200317
33.164986808 -38.40667772293091 -11.79134862869978 30.01488995552063
33.184972919 -38.475510120391846 -11.811703853309155 30.01461148262024
33.204986255 -38.52137804031372 -11.825271777808666 30.014416933059692
33.225069886 -38.59014558792114 -11.845623187720776 30.014111757278442
33.24498611 -38.63597536087036 -11.859210185706615 30.01391339302063
33.264984108 -38.704723834991455 -11.879571132361889 30.013665437698364
33.284959118 -38.750553607940674 -11.893136195838451 30.013505220413208
33.305037621 -38.81929063796997 -11.913473300635815 30.01327633857727
33.325035345 -38.865116596221924 -11.927019290626049 30.013142824172974
33.345176352 -38.93382692337036 -11.947335414588451 30.012952089309692
33.364971586 -38.97962236404419 -11.960870914161205 30.0128071308136
33.384968788 -39.048264026641846 -11.981186084449291 30.012627840042114
33.404969362 -39.09402513504028 -11.994716815650463 30.01253628730774
33.425046606 -39.162670612335205 -12.014998607337475 30.012433290481567
33.444969177 -39.208481311798096 -12.02853124588728 30.012391328811646
33.465014858 -39.27721834182739 -12.048817805945873 30.012345552444458
33.484933523 -39.323071002960205 -12.06234472244978 30.012330293655396
33.50497034 -39.39186143875122 -12.082634143531322 30.01233410835266
33.525054014 -39.43772554397583 -12.096152476966381 30.012345552444458
33.544992679 -39.50651979446411 -12.116443805396557 30.01237988471985
33.564986017 -39.55239152908325 -12.129957370460033 30.01239514350891
33.584969216 -39.621201038360596 -12.150212459266186 30.012410402297974
33.604970959 -39.6670880317688 -12.163702182471752 30.012402772903442
33.625031715 -39.7359356880188 -12.183917216956615 30.012372255325317
33.644972464 -39.7818341255188 -12.197361163794994 30.012330293655396
33.664985999 -39.850685596466064 -12.217494182288647 30.01225781440735
33.684942659 -39.896584033966064 -12.230887584388256 30.01220440864563
33.704963478 -39.96544694900513 -12.250934772193432 30.012128114700317
33.725097885 -40.011356830596924 -12.264280490577221 30.0120747089386
33.744992984 -40.080212116241455 -12.284217052161694 30.012044191360474
33.764990566 -40.126102924346924 -12.2974998280406 30.01201367378235
33.784971211 -40.19492769241333 -12.31740777939558 30.011983156204224
33.804971133 -40.240787982940674 -12.330705814063549 30.011971712112427
33.825088616 -40.309589862823486 -12.350651912391186 30.011945009231567
33.845009899 -40.35545778274536 -12.36395662277937 30.011948823928833
33.864967722 -40.42426347732544 -12.38391225785017 30.01193356513977
33.884943761 -40.47014284133911 -12.397224597632885 30.011918306350708
33.904974741 -40.53896379470825 -12.41717927902937 30.011887788772583
33.925069411 -40.58484697341919 -12.430475406348705 30.01186490058899
33.945400493 -40.65370988845825 -12.450391940772533 30.01180386543274
33.965041858 -40.699650287628174 -12.46366422623396 30.01172375679016
33.984951626 -40.768593311309814 -12.483564548194408 30.011582612991333
34.004978373 -40.814587116241455 -12.496828250586987 30.011468172073364
34.025073925 -40.883591175079346 -12.516720943152905 30.011273622512817
34.04499061 -40.929611682891846 -12.529985599219799 30.011143922805786
34.064985538 -40.998676776885986 -12.549878291785717 30.010987520217896
34.084949968 -41.04473543167114 -12.563134364783764 30.010892152786255
34.10497126 -41.113895893096924 -12.58303277939558 30.010785341262817
34.125232625 -41.159996509552 -12.596292667090893 30.010735750198364
34.144995518 -41.22916078567505 -12.61618822067976 30.010655641555786
34.164970725 -41.27526903152466 -12.62944620102644 30.010594606399536
34.184985394 -41.34442949295044 -12.649326495826244 30.010499238967896
34.204974382 -41.39053773880005 -12.662584476172924 30.010457277297974
34.225085656 -41.45969820022583 -12.682458095252514 30.01040768623352
34.245044917 -41.50579881668091 -12.69569032639265 30.010388612747192
34.264999267 -41.57496690750122 -12.715533427894115 30.010350465774536
34.284947681 -41.62108278274536 -12.728759936988354 30.010316133499146
34.304970097 -41.69023942947388 -12.748605899512768 30.010274171829224
34.325185041 -41.73632478713989 -12.761839084327221 30.010247468948364
34.345004613 -41.80542802810669 -12.781695537269115 30.010213136672974
34.365001221 -41.85146760940552 -12.794944934546947 30.01013684272766
34.384956789 -41.92052507400513 -12.814819507300854 30.01001477241516
34.40500294 -41.9665150642395 -12.828080348670483 30.00998044013977
34.425261649 -42.03548860549927 -12.847967319190502 30.009957551956177
34.445016759 -42.08145570755005 -12.861218623816967 30.00994610786438
34.464997129 -42.15038347244263 -12.8810540959239 30.009839296340942
34.484940777 -42.196327686309814 -12.894265346229076 30.009732484817505
34.504966482 -42.265217304229736 -12.91404264420271 30.009583711624146
34.525061571 -42.311134815216064 -12.927209071815014 30.0094997882843
34.545019537 -42.38000535964966 -12.946932964026928 30.009366273880005
34.564992665 -42.425915241241455 -12.960056476294994 30.00930142402649
34.585058896 -42.49478578567505 -12.979742221534252 30.009198427200317
34.604962546 -42.54070329666138 -12.992858104407787 30.00912594795227
34.625140863 -42.60958909988403 -13.012546710669994 30.009015321731567
34.645039929 -42.65551424026489 -13.025677852332592 30.008939027786255
34.664982183 -42.724377155303955 -13.045379810035229 30.008862733840942
34.68495156 -42.77027940750122 -13.058517627418041 30.00882077217102
34.704957938 -42.8390736579895 -13.07823484390974 30.008836030960083
34.725274986 -42.88491868972778 -13.091392688453197 30.00888180732727
34.745010377 -42.95365571975708 -13.11114900559187 30.008973360061646
34.765014332 -42.999435901641846 -13.124345950782299 30.009110689163208
34.784965296 -43.0680775642395 -13.14415567368269 30.009331941604614
34.804961509 -43.11380052566528 -13.157377414405346 30.009473085403442
34.825070575 -43.18236207962036 -13.177252940833569 30.009690523147583
34.845030469 -43.22806978225708 -13.190517596900463 30.009839296340942
34.864989763 -43.2965931892395 -13.210528545081615 30.01012921333313
34.884944847 -43.342262744903564 -13.223911456763744 30.010342836380005
34.904993108 -43.410751819610596 -13.244049243628979 30.01067090034485
34.925062157 -43.45638704299927 -13.25751131027937 30.010884523391724
34.945038085 -43.524799823760986 -13.277750186622143 30.011231660842896
34.965093379 -43.57036256790161 -13.2913324162364 30.01149868965149
34.984976039 -43.63869524002075 -13.31174772232771 30.011887788772583
35.004997324 -43.68422746658325 -13.325422458350658 30.012154817581177
35.025072694 -43.75249147415161 -13.346005611121655 30.01253628730774
35.045444481 -43.79800081253052 -13.35974233597517 30.012765169143677
35.064975626 -43.866230487823486 -13.38045709580183 30.01309323310852
35.084964281 -43.911705493927 -13.394292049109936 30.013291597366333
35.104957838 -43.979904651641846 -13.415078334510326 30.01357388496399
35.125086647 -44.02534532546997 -13.428983859717846 30.013779878616333
35.145035319 -44.093510150909424 -13.449847392737865 30.014065980911255
35.164970849 -44.138935565948486 -13.463781528174877 30.014241456985474
35.184986526 -44.207069873809814 -13.4846917912364 30.01448941230774
35.204986444 -44.252480030059814 -13.498664073646069 30.014642000198364
35.2250746 -44.32058000564575 -13.51963346451521 30.0148708820343
35.245068353 -44.36599016189575 -13.533605746924877 30.015008211135864
35.265010034 -44.43407106399536 -13.55461423844099 30.015259981155396
35.284967379 -44.479469776153564 -13.568622760474682 30.015435457229614
35.304969176 -44.547585010528564 -13.589642696082592 30.01571011543274
35.325091683 -44.59302568435669 -13.60369985550642 30.015931367874146
35.345073883 -44.66122102737427 -13.624778918921947 30.016247987747192
35.36500462 -44.70671510696411 -13.63884561508894 30.016507387161255
35.384968876 -44.77502489089966 -13.659942798316479 30.01690411567688
35.404989483 -44.82059144973755 -13.673995189368725 30.01714825630188
35.425127471 -44.889015674591064 -13.695086650550365 30.017560243606567
35.445027391 -44.93464708328247 -13.7091209217906 30.017796754837036
35.465005817 -45.003117084503174 -13.730184726417065 30.018197298049927
35.484943543 -45.04876375198364 -13.744221858680248 30.018445253372192
35.504951383 -45.11724138259888 -13.765269450843334 30.0187885761261
35.525083157 -45.16289949417114 -13.77930849045515 30.01904034614563
35.54504972 -45.231422901153564 -13.800335101783276 30.019391298294067
35.565019179 -45.27713060379028 -13.814339809119701 30.01958203315735
35.584981316 -45.34573030471802 -13.835298709571362 30.019871950149536
35.604961882 -45.391483783721924 -13.849246196448803 30.020055055618286
35.625096186 -45.46017122268677 -13.87010782212019 30.020341157913208
35.645039616 -45.50598955154419 -13.883984737098217 30.020524263381958
35.665029577 -45.57475709915161 -13.904758624732494 30.020779848098755
35.684954183 -45.62063264846802 -13.918544940650463 30.02095913887024
35.704991073 -45.68945360183716 -13.93919675797224 30.02114224433899
35.725105156 -45.735336780548096 -13.952910594642162 30.0212185382843
35.745077631 -45.8041615486145 -13.973443202674389 30.02129864692688
35.765022151 -45.85003328323364 -13.98709886521101 30.0213406085968
35.784971445 -45.91881990432739 -14.007559947669506 30.021390199661255
35.804995523 -45.96467638015747 -14.021186046302319 30.02142071723938
35.825081268 -46.0334210395813 -14.041601352393627 30.021466493606567
35.84621337 -46.07925462722778 -14.055197887122631 30.021458864212036
35.866159724 -46.14801073074341 -14.075571231544018 30.0213406085968
35.886115182 -46.19384431838989 -14.089132480323315 30.02121090888977
35.906022342 -46.26260423660278 -14.109455280005932 30.021012544631958
35.926439324 -46.3084454536438 -14.122991733253002 30.020890474319458
35.946255754 -46.37719774246216 -14.143294505774975 30.020692110061646
35.966112011 -46.42303514480591 -14.156822375953197 30.020543336868286
35.986047172 -46.49176836013794 -14.177107028663158 30.020333528518677
36.006072247 -46.53759050369263 -14.190623454749584 30.02020764350891
36.026463417 -46.606342792510986 -14.210919551551342 30.020074129104614
36.046277009 -46.65217638015747 -14.224449329078197 30.019986391067505
36.066141378 -46.72094011306763 -14.244742564857006 30.019856691360474
36.086027538 -46.7668080329895 -14.258306674659252 30.019768953323364
36.10606306 -46.835617542266846 -14.278649501502514 30.01961636543274
36.126276769 -46.88149309158325 -14.292221240699291 30.01950192451477
36.146284793 -46.95031023025513 -14.312607936561108 30.019295930862427
36.166120779 -46.9961895942688 -14.326200656592846 30.019173860549927
36.186195781 -47.06501817703247 -14.346648387610912 30.018956422805786
36.206034434 -47.11090135574341 -14.360280208289623 30.01879620552063
36.226301951 -47.179726123809814 -14.380730800330639 30.0185329914093
36.246224417 -47.22558641433716 -14.394365482032299 30.018353700637817
36.266119876 -47.29434251785278 -14.41481988877058 30.018109560012817
36.286032029 -47.340153217315674 -14.428493671119213 30.01794171333313
36.306049851 -47.40886354446411 -14.449006251990795 30.01767086982727
36.326516813 -47.45465898513794 -14.462700061500072 30.017476320266724
36.346270674 -47.52332353591919 -14.48324029892683 30.017163515090942
36.366126007 -47.569096088409424 -14.49692552536726 30.016961336135864
36.386064883 -47.637733936309814 -14.5174705311656 30.01665234565735
36.406030722 -47.68349504470825 -14.531150989234447 30.016434907913208
36.426308001 -47.752140522003174 -14.551646403968334 30.0160915851593
36.446264247 -47.79787492752075 -14.565305881202221 30.0158588886261
36.466124741 -47.86647844314575 -14.585776500403881 30.01553463935852
36.486026532 -47.91220140457153 -14.59941690415144 30.015328645706177
36.506040369 -47.98077058792114 -14.619841746985912 30.01501202583313
36.526352426 -48.02645540237427 -14.633428744971752 30.014798402786255
36.546257905 -48.094974994659424 -14.653757266700268 30.01449704170227
36.566138486 -48.14065980911255 -14.667287044227123 30.014310121536255
36.586052314 -48.20916795730591 -14.687507800757885 30.014050722122192
36.606073014 -48.25483751296997 -14.700947932898998 30.013882875442505
36.626271205 -48.323341846466064 -14.721048526465893 30.013638734817505
36.646344891 -48.369003772735596 -14.734364680945873 30.013505220413208
36.666132414 -48.437511920928955 -14.754306964576244 30.013322114944458
36.686040675 -48.48318147659302 -14.767567805945873 30.013211488723755
36.706041878 -48.55168581008911 -14.787443332374096 30.0130512714386
36.726238774 -48.597355365753174 -14.800686053931713 30.01293683052063
36.746289534 -48.665871143341064 -14.820494823157787 30.012803316116333
36.766127829 -48.711559772491455 -14.833699397742748 30.01275372505188
36.786096509 -48.780067920684814 -14.853464297950268 30.01271939277649
36.806233008 -48.82573366165161 -14.866638354957104 30.012696504592896
36.826335142 -48.89421892166138 -14.886391811072826 30.012662172317505
36.84627712 -48.93985033035278 -14.899559192359447 30.012650728225708
36.866153239 -49.008305072784424 -14.919296436011791 30.01257061958313
36.886053953 -49.05392503738403 -14.932439975440502 30.01250195503235
36.906068919 -49.12237215042114 -14.952144794166088 30.012444734573364
36.926274257 -49.168015003204346 -14.965276889503002 30.012425661087036
36.946265849 -49.236496448516846 -14.984957866370678 30.012471437454224
36.966310651 -49.28216218948364 -14.998072795569897 30.012540102005005
36.986086415 -49.3506817817688 -15.017737559974194 30.012643098831177
37.006058747 -49.39639329910278 -15.030853442847729 30.012742280960083
37.026253538 -49.46498155593872 -15.050522975623608 30.012871980667114
37.046283716 -49.510719776153564 -15.06364744156599 30.012974977493286
37.066139799 -49.57933855056763 -15.083333186805248 30.013139009475708
37.086059368 -49.625080585479736 -15.096458606421947 30.013264894485474
37.106082373 -49.69369554519653 -15.116150073707104 30.013501405715942
37.126297916 -49.739445209503174 -15.129277400672436 30.01367688179016
37.146278658 -49.80803346633911 -15.14896409958601 30.0140278339386
37.166135885 -49.853771686553955 -15.162082843482494 30.014294862747192
37.18606402 -49.92239046096802 -15.181749515235424 30.014703035354614
37.206057214 -49.968151569366455 -15.194834880530834 30.01501965522766
37.226297216 -50.036808490753174 -15.214470081031322 30.015504121780396
37.2462977 -50.082600116729736 -15.227569751441479 30.015862703323364
37.266306615 -50.1513295173645 -15.247187785804272 30.01641583442688
37.286028316 -50.19716691970825 -15.260256938636303 30.016770601272583
37.306089075 -50.265942096710205 -15.279828242957592 30.01733136177063
37.326256691 -50.311806201934814 -15.292865924537182 30.017709016799927
37.346330752 -50.38060426712036 -15.312335185706615 30.01830792427063
37.366190772 -50.42648363113403 -15.325312785804272 30.01870083808899
37.386094047 -50.49530839920044 -15.34477537125349 30.019280672073364
37.406072157 -50.54121446609497 -15.357734851539135 30.01968502998352
37.426367332 -50.61007738113403 -15.377160243690014 30.020238161087036
37.446311355 -50.65599489212036 -15.390089206397533 30.020589113235474
37.466285397 -50.72487688064575 -15.409481219947338 30.021077394485474
37.486039183 -50.77080583572388 -15.422410182654858 30.02136731147766
37.506077172 -50.83973741531372 -15.441809825599194 30.021783113479614
37.526197395 -50.88570833206177 -15.454741649329662 30.02203106880188
37.546338756 -50.95469331741333 -15.474138431251049 30.022385835647583
37.566200646 -51.00067949295044 -15.487070254981518 30.022595643997192
37.586081182 -51.069660663604736 -15.50647085160017 30.022889375686646
37.606054334 -51.11563539505005 -15.519392184913158 30.023099184036255
37.626248784 -51.184582233428955 -15.538780383765697 30.02338147163391
37.646311444 -51.23052644729614 -15.551706485450268 30.02355694770813
37.666145285 -51.299362659454346 -15.571126155555248 30.02380871772766
37.686037889 -51.345234394073486 -15.584085635840893 30.023953676223755
37.706079523 -51.41397523880005 -15.603613071143627 30.02417492866516
37.726138784 -51.459789752960205 -15.616662196815014 30.024304628372192
37.746321767 -51.52850008010864 -15.636278323829174 30.02446484565735
37.766170359 -51.574291706085205 -15.649431400001049 30.024571657180786
37.786118769 -51.64297151565552 -15.66918008774519 30.024701356887817
37.806233488 -51.68874406814575 -15.68237417191267 30.024789094924927
37.82634508 -51.757397174835205 -15.702181987464428 30.024903535842896
37.846369874 -51.803146839141846 -15.715413264930248 30.024979829788208
37.866152798 -51.87173891067505 -15.735286884009838 30.025132417678833
37.886135285 -51.91746187210083 -15.748542003333569 30.025223970413208
37.906107084 -51.98601198196411 -15.768439464271069 30.02542233467102
37.92613511 -52.031715869903564 -15.781724147498608 30.02554440498352
37.946399205 -52.10027360916138 -15.80167692154646 30.02571988105774
37.966164661 -52.1459698677063 -15.815031222999096 30.025803804397583
37.986138001 -52.21451234817505 -15.835066013038158 30.025899171829224
38.006044543 -52.26019334793091 -15.848432712256908 30.025941133499146
38.026136045 -52.3287091255188 -15.868512324988842 30.025960206985474
38.046276889 -52.374393939971924 -15.881903819739819 30.02594494819641
38.066194141 -52.44292879104614 -15.90202920883894 30.02592968940735
38.086120286 -52.488632678985596 -15.915435962378979 30.025891542434692
38.106081062 -52.55712938308716 -15.935570888221264 30.02584195137024
38.126109286 -52.60279130935669 -15.949008159339428 30.02579617500305
38.146358419 -52.67128038406372 -15.969183139503002 30.02568554878235
38.166123393 -52.71691179275513 -15.982671909034252 30.025655031204224
38.186131352 -52.785351276397705 -16.002915553748608 30.025574922561646
38.206079204 -52.83095598220825 -16.016436748206615 30.025506258010864
38.226098691 -52.89935350418091 -16.036752872169018 30.025399446487427
38.246326455 -52.94495439529419 -16.0503017231822 30.025311708450317
38.26613481 -53.01329851150513 -16.070668391883373 30.02517819404602
38.28608927 -53.05886125564575 -16.08424585312605 30.025079011917114
38.306072965 -53.12720537185669 -16.104610614478588 30.024895906448364
38.326149348 -53.17275285720825 -16.11819475144148 30.024747133255005
38.346304548 -53.24110460281372 -16.13854806870222 30.024502992630005
38.366129698 -53.28664827346802 -16.152099780738354 30.024304628372192
38.386113885 -53.35497713088989 -16.172386340796947 30.023968935012817
38.406113918 -53.40053606033325 -16.185873202979565 30.023698091506958
38.426104662 -53.468891620635986 -16.206070117652416 30.023221254348755
38.446487372 -53.514477252960205 -16.21951501816511 30.02288556098938
38.46617378 -53.58286714553833 -16.239664249122143 30.02234387397766
38.486066509 -53.62847948074341 -16.25309770554304 30.021985292434692
38.506157645 -53.696918964385986 -16.273243121802807 30.02142834663391
38.526074179 -53.74257707595825 -16.286691837012768 30.021031618118286
38.546459121 -53.81109666824341 -16.30686777085066 30.020432710647583
38.566166149 -53.85680818557739 -16.32033746689558 30.0200092792511
38.586160974 -53.925400257110596 -16.34058015793562 30.01935315132141
38.606072117 -53.971142292022705 -16.3540765568614 30.01889157295227
38.626080249 -54.0397572517395 -16.374324969947338 30.018174409866333
38.646438732 -54.08550691604614 -16.387811832129955 30.017701387405396
38.666190086 -54.154160022735596 -16.408016376197338 30.01699185371399
38.686052189 -54.199955463409424 -16.421463184058666 30.01651883125305
38.706107298 -54.268688678741455 -16.441599063575268 30.01581311225891
38.72607533 -54.31456422805786 -16.455022983253002 30.015347719192505
38.746494923 -54.383408069610596 -16.47513597458601 30.014661073684692
38.766140853 -54.429340839385986 -16.48852937668562 30.014195680618286
38.786133005 -54.49829149246216 -16.508598499000072 30.01351284980774
38.806096065 -54.54427766799927 -16.521961383521557 30.013077974319458
38.826051789 -54.61334276199341 -16.541984729468822 30.0124409198761
38.846567277 -54.659409046173096 -16.555313281714916 30.012025117874146
38.86617582 -54.72854661941528 -16.575275592505932 30.01143765449524
38.886102751 -54.774643421173096 -16.588567905128002 30.011067628860474
38.906085256 -54.84380006790161 -16.608478717505932 30.010525941848755
38.926075425 -54.88992357254028 -16.621740512549877 30.010174989700317
38.946465169 -54.95910310745239 -16.641649417579174 30.009690523147583
38.966355616 -55.00521898269653 -16.654955081641674 30.009408235549927
38.986160701 -55.07436800003052 -16.67493074387312 30.0090229511261
39.006047593 -55.120460987091064 -16.688245944678783 30.00878643989563
39.026071784 -55.18957185745239 -16.708240680396557 30.008435487747192
39.046319585 -55.23563051223755 -16.72158258408308 30.00821042060852
39.066202148 -55.304707050323486 -16.741617374122143 30.007840394973755
39.086080034 -55.35073137283325 -16.755006961524487 30.007580995559692
39.106093481 -55.419762134552 -16.775095157325268 30.007195711135864
39.126096665 -55.46577501296997 -16.78851144760847 30.006940126419067
39.146421753 -55.53478288650513 -16.808649234473705 30.006566286087036
39.166169848 -55.5807728767395 -16.822109393775463 30.006314516067505
39.186134253 -55.6497540473938 -16.842355899512768 30.0059597492218
39.20605495 -55.69574785232544 -16.855861835181713 30.005749940872192
39.226053193 -55.76474046707153 -16.876161746680737 30.0054829120636
39.246337901 -55.81072664260864 -16.889705829322338 30.00529980659485
39.266173971 -55.87969636917114 -16.910036258399487 30.005059480667114
39.286100956 -55.92565965652466 -16.92362993210554 30.00490689277649
39.306067611 -55.994614124298096 -16.944025211036205 30.004681825637817
39.326170812 -56.04058504104614 -16.957641772925854 30.004525423049927
39.346414632 -56.109516620635986 -16.978103809058666 30.004285097122192
39.366207628 -56.155468463897705 -16.991747073829174 30.004101991653442
39.386107233 -56.224377155303955 -17.012273959815502 30.003804445266724
39.406066357 -56.27032136917114 -17.025936298072338 30.003617525100708
39.426083101 -56.33916139602661 -17.046528033912182 30.003308534622192
39.446439002 -56.38504457473755 -17.060289554297924 30.00310254096985
39.466223304 -56.45385026931763 -17.080980472266674 30.002827882766724
39.486089453 -56.49969530105591 -17.094841174781322 30.00265622138977
39.506068832 -56.568466663360596 -17.11563318222761 30.002415895462036
39.526095786 -56.61431550979614 -17.129524402320385 30.002270936965942
39.546404234 -56.683109760284424 -17.15038125962019 30.00204586982727
39.566169224 -56.728981494903564 -17.164280109107494 30.0019428730011
39.586123389 -56.79781770706177 -17.18515794724226 30.00174832344055
39.606118524 -56.84371614456177 -17.199083499610424 30.00161099433899
39.626094854 -56.91257905960083 -17.219980411231518 30.00140118598938
39.646323506 -56.95851945877075 -17.23398035019636 30.001240968704224
39.666177209 -57.027424335479736 -17.254932574927807 30.000989198684692
39.686088459 -57.073368549346924 -17.268943957984447 30.000809907913208
39.706070466 -57.142284870147705 -17.28995531052351 30.00055432319641
39.726098671 -57.18822526931763 -17.303989581763744 30.000394105911255
39.746534926 -57.25714159011841 -17.325073413550854 30.000169038772583
39.766163751 -57.30309343338013 -17.339124850928783 30.00002408027649
39.786140636 -57.372047901153564 -17.36026018112898 29.999818086624146
39.806168402 -57.41803026199341 -17.3743459507823 29.999703645706177
39.826066364 -57.48701524734497 -17.395467929542065 29.99956250190735
39.846319948 -57.53302812576294 -17.40957849472761 29.999493837356567
39.866196371 -57.60204744338989 -17.43072336167097 29.999436616897583
39.886080643 -57.64806795120239 -17.44482248276472 29.999425172805786
39.906068218 -57.71711015701294 -17.465969257056713 29.999451875686646
39.926086177 -57.76313829421997 -17.480047397315502 29.999493837356567
39.946367561 -57.83218050003052 -17.501169376075268 29.999600648880005
39.966175969 -57.87820482254028 -17.515234164893627 29.999680757522583
39.98612603 -57.947216510772705 -17.53629892319441 29.99980664253235
40.006053237 -57.99321794509888 -17.550329379737377 29.99988293647766
40.026060804 -58.06220293045044 -17.57135408371687 29.999985933303833
40.046350336 -58.108200550079346 -17.585376910865307 30.000062227249146
40.066207167 -58.17721223831177 -17.60638254135847 30.000226259231567
40.086085081 -58.22323656082153 -17.620382480323315 30.000375032424927
40.10604626 -58.292316913604736 -17.641346149146557 30.000622987747192
40.126072696 -58.338383197784424 -17.655294589698315 30.00079083442688
40.146344809 -58.407551288604736 -17.676141910254955 30.001073122024536
40.166196255 -58.45369005203247 -17.69000642746687 30.001275300979614
40.186152571 -58.52293062210083 -17.71075265854597 30.001580476760864
40.206061228 -58.56908845901489 -17.724548511207104 30.001816987991333
40.226102021 -58.638325214385986 -17.745187930762768 30.002206087112427
40.246308133 -58.68447160720825 -17.758913211524487 30.002496004104614
40.266192898 -58.75368928909302 -17.77944391220808 30.002965211868286
40.286121788 -58.79983568191528 -17.793087176978588 30.003289461135864
40.306072375 -58.869057178497314 -17.81349390000105 30.003777742385864
40.326114212 -58.91521120071411 -17.827066592872143 30.00408673286438
40.346294447 -58.984459400177 -17.847370319068432 30.004571199417114
40.366197268 -59.03062868118286 -17.860876254737377 30.004903078079224
40.386164905 -59.09989595413208 -17.881090335547924 30.00536847114563
40.406063377 -59.14607286453247 -17.894544772803783 30.005650758743286
40.426055386 -59.215336322784424 -17.91470354050398 30.00603222846985
40.446258853 -59.26150941848755 -17.92813127487898 30.00627636909485
40.466203712 -59.33075761795044 -17.948249988257885 30.006638765335083
40.486084218 -59.376911640167236 -17.961656741797924 30.006863832473755
40.506070876 -59.446129322052 -17.98172777146101 30.00714612007141
40.526060234 -59.492268085479736 -17.99508874863386 30.007306337356567
40.54632346 -59.561474323272705 -18.015098743140697 30.00747036933899
40.566294274 -59.60760545730591 -18.02841966599226 30.00751233100891
40.586127078 -59.676796436309814 -18.048374347388744 30.00753140449524
40.60610781 -59.72289705276489 -18.061653308570385 30.007493257522583
40.626105229 -59.79204607009888 -18.081566028296947 30.00740933418274
40.646346073 -59.83814287185669 -18.094844989478588 30.007336854934692
40.666198607 -59.90727663040161 -18.114746265113354 30.00723385810852
40.68608729 -59.95336580276489 -18.128004245460033 30.007161378860474
40.706104621 -60.02251100540161 -18.1479055210948 30.007039308547974
40.726063953 -60.06860399246216 -18.161161594092846 30.006932497024536
40.746318033 -60.13774538040161 -18.18103425949812 30.00676465034485
40.766204122 -60.18383455276489 -18.1942865177989 30.006646394729614
40.78612671 -60.25295686721802 -18.21417062729597 30.00646710395813
40.806094048 -60.29902696609497 -18.22745531052351 30.006364107131958
40.826066142 -60.3681263923645 -18.247385196387768 30.006181001663208
40.846312317 -60.414188861846924 -18.260681323707104 30.00603985786438
40.866250637 -60.48326539993286 -18.28060358017683 30.005791902542114
40.886189093 -60.529308795928955 -18.293873004615307 30.00562024116516
40.906119212 -60.59837007522583 -18.31375329941511 30.00531506538391
40.926073699 -60.64440965652466 -18.32700937241316 30.00508999824524
40.946400276 -60.713463306427 -18.346903018653393 30.0047504901886
40.96635692 -60.759464740753174 -18.360218219459057 30.004510164260864
40.986181252 -60.828468799591064 -18.38017862290144 30.004159212112427
41.006072164 -60.87444353103638 -18.393516711890697 30.003926515579224
41.0260585 -60.943405628204346 -18.413528613746166 30.003560304641724
41.046264134 -60.98937654495239 -18.426885776221752 30.003316164016724
41.066247655 -61.058327198028564 -18.446962527930737 30.002957582473755
41.086121942 -61.104286670684814 -18.46035211533308 30.00272488594055
41.106080615 -61.173168659210205 -18.480497531592846 30.00235867500305
41.12608188 -61.219059467315674 -18.493925265967846 30.002095460891724
41.146325687 -61.28785753250122 -18.514059238135815 30.001694917678833
41.166239411 -61.33367204666138 -18.527492694556713 30.001405000686646
41.186300874 -61.40237855911255 -18.547626666724682 30.000977754592896
41.206101745 -61.448166370391846 -18.561042957007885 30.000687837600708
41.226113286 -61.516830921173096 -18.581136874854565 30.000237703323364
41.246261255 -61.562599658966064 -18.594516925513744 29.99994397163391
41.266230674 -61.63120698928833 -18.61456697434187 29.99953579902649
41.286075961 -61.67693376541138 -18.627922229468822 29.999287843704224
41.306121015 -61.74546480178833 -18.64791887253523 29.998875856399536
41.326113863 -61.79116487503052 -18.66125314682722 29.998589754104614
41.346387824 -61.85973024368286 -18.68125741928816 29.9981586933136
41.366246037 -61.905441761016846 -18.694585971534252 29.997880220413208
41.386139784 -61.97402238845825 -18.714557819068432 29.99747586250305
41.40616735 -62.01974534988403 -18.7278558537364 29.997227907180786
41.426077673 -62.08833360671997 -18.7477590367198 29.996899843215942
41.446273267 -62.13406419754028 -18.76101129502058 29.996697664260864
41.466300781 -62.20267915725708 -18.780838184058666 29.996415376663208
41.486073064 -62.24841356277466 -18.79403703659773 29.996236085891724
41.506109329 -62.31700944900513 -18.813810519874096 29.99596905708313
41.526072591 -62.362736225128174 -18.82696931809187 29.995782136917114
41.546186333 -62.43131685256958 -18.846676044166088 29.995518922805786
41.566270679 -62.47703981399536 -18.859790973365307 29.995354890823364
41.58617774 -62.54563570022583 -18.879463367164135 29.995133638381958
41.60613336 -62.59136247634888 -18.892584018409252 29.995011568069458
41.626087377 -62.65996599197388 -18.912302188575268 29.994855165481567
41.646198479 -62.705708026885986 -18.925457172095776 29.994763612747192
41.666314706 -62.77438020706177 -18.94527643173933 29.994683504104614
41.68604992 -62.82018709182739 -18.958505801856518 29.99465298652649
41.706135768 -62.88894319534302 -18.97837655991316 29.9946186542511
41.726044632 -62.93480730056763 -18.9916497990489 29.994595766067505
41.746298627 -63.00363206863403 -19.011570148169994 29.994584321975708
41.766307939 -63.04954195022583 -19.02487199753523 29.99459958076477
41.786165921 -63.11844301223755 -19.044813327491283 29.994641542434692
41.806308913 -63.164413928985596 -19.05810373276472 29.99468731880188
41.826057456 -63.233410358428955 -19.078037433326244 29.994786500930786
41.846096607 -63.279423236846924 -19.091322116553783 29.9948627948761
41.866339551 -63.348515033721924 -19.11125772446394 29.995042085647583
41.886098483 -63.394604206085205 -19.124546222388744 29.995190858840942
41.90626293 -63.46378755569458 -19.144479922950268 29.99544644355774
41.926054718 -63.50996446609497 -19.15776651352644 29.995675325393677
41.946147619 -63.57924699783325 -19.177673511207104 29.99601101875305
41.966336535 -63.6254620552063 -19.190920047461987 29.996251344680786
41.986118909 -63.694828510284424 -19.21073739975691 29.996625185012817
42.006149784 -63.74108552932739 -19.22392862290144 29.99688458442688
42.026070042 -63.81051683425903 -19.24369066208601 29.997315645217896
42.04611001 -63.85680437088013 -19.256862811744213 29.99759030342102
42.066296518 -63.92622423171997 -19.27661531418562 29.998013734817505
42.086054752 -63.97250413894653 -19.289770297706127 29.998307466506958
42.106152263 -64.04191637039185 -19.309484653174877 29.9987576007843
42.126088864 -64.08817338943481 -19.32264917343855 29.99907422065735
42.146120172 -64.157555103302 -19.342403583228588 29.999528169631958
42.166311699 -64.20381212234497 -19.355592899024487 29.999818086624146
42.186121263 -64.2731785774231 -19.375387363135815 30.00024151802063
42.206128973 -64.31941270828247 -19.38858240097761 30.000516176223755
42.226095128 -64.38870286941528 -19.408380679786205 30.000931978225708
42.246067542 -64.43486833572388 -19.42157381027937 30.00118374824524
42.266323287 -64.50408220291138 -19.441354922950268 30.001477479934692
42.286019968 -64.55017900466919 -19.454534702003002 30.001622438430786
42.30614818 -64.61932420730591 -19.474296741187572 30.0018093585968
42.326092035 -64.66534471511841 -19.487489871680737 30.001900911331177
42.346070786 -64.73434495925903 -19.507278613746166 30.002030611038208
42.366439766 -64.78031206130981 -19.520473651587963 30.002129793167114
42.386109365 -64.84917497634888 -19.540285281836987 30.002305269241333
42.406141085 -64.89505815505981 -19.55349748581648 30.002434968948364
42.426208817 -64.96378374099731 -19.573373965919018 30.002713441848755
42.446078972 -65.00959062576294 -19.586637668311596 30.0029079914093
42.466323072 -65.07827806472778 -19.60655038803816 30.003209352493286
42.486057483 -65.12401628494263 -19.619854144752026 30.00342297554016
42.506112894 -65.1926121711731 -19.63978784531355 30.00372052192688
42.526053132 -65.23831987380981 -19.65305917710066 30.00390362739563
42.546057555 -65.3068470954895 -19.67297189682722 30.00417447090149
42.58412667 -65.3525242805481 -19.68624322861433 30.004353761672974
42.617805261 -65.4210057258606 -19.706131152808666 30.004613161087036
42.637809036 -65.4666600227356 -19.719379596412182 30.004769563674927
42.657739341 -65.53510332107544 -19.739219836890697 30.004998445510864
42.677687599 -65.58072710037231 -19.752428226172924 30.005139589309692
42.697944698 -65.6491551399231 -19.772213153541088 30.00534176826477
42.717792252 -65.69474840164185 -19.78540437668562 30.005494356155396
42.737778998 -65.7631459236145 -19.805181674659252 30.005696535110474
42.75777334 -65.80874681472778 -19.818359546363354 30.005818605422974
42.777663561 -65.87709093093872 -19.83811204880476 30.005975008010864
42.797855406 -65.92265367507935 -19.851272754371166 30.006051301956177
42.817839879 -65.9909520149231 -19.871000461280346 30.006173372268677
42.837915303 -66.0364842414856 -19.88414018601179 30.006261110305786
42.857741943 -66.10479021072388 -19.90383356064558 30.006394624710083
42.877698941 -66.15031480789185 -19.916938953101635 30.006482362747192
42.898098036 -66.21860551834106 -19.93656938523054 30.00658917427063
42.917822079 -66.26409959793091 -19.94960992783308 30.00667691230774
42.937769479 -66.332359790802 -19.969150714576244 30.0068142414093
42.957712181 -66.37786149978638 -19.982145480811596 30.006932497024536
42.977684746 -66.44612169265747 -20.001600436866283 30.00711178779602
42.998037646 -66.49164628982544 -20.01455896347761 30.00725293159485
43.017873954 -66.55992937088013 -20.03396051377058 30.007481813430786
43.03779473 -66.60546159744263 -20.046894244849682 30.007642030715942
43.057741425 -66.67378282546997 -20.066293887794018 30.007886171340942
43.077658986 -66.71933031082153 -20.079210452735424 30.008084535598755
43.097930183 -66.78766679763794 -20.098568134009838 30.008374452590942
43.11782537 -66.8332371711731 -20.111450366675854 30.00856900215149
43.137770991 -66.9015965461731 -20.13074892014265 30.008851289749146
43.157750735 -66.94717454910278 -20.143573932349682 30.009045839309692
43.177743072 -67.01550340652466 -20.16277902573347 30.00934338569641
43.197898377 -67.06105852127075 -20.175579242408276 30.009537935256958
43.217857064 -67.1293797492981 -20.19471948593855 30.00985836982727
43.237799558 -67.17493486404419 -20.207464389503002 30.01004910469055
43.257722775 -67.24326372146606 -20.22656076401472 30.010297060012817
43.277689127 -67.28881883621216 -20.23930185288191 30.010445833206177
43.297991131 -67.35717058181763 -20.258428744971752 30.01064419746399
43.31780506 -67.40274858474731 -20.271192722022533 30.01076626777649
43.33782493 -67.47112321853638 -20.29037683457136 30.010911226272583
43.357752906 -67.51672410964966 -20.30318658798933 30.010987520217896
43.377694786 -67.58512926101685 -20.3224603459239 30.011101961135864
43.397847204 -67.63075304031372 -20.33531778305769 30.011128664016724
43.417893241 -67.69916582107544 -20.354677371680737 30.01114010810852
43.437812553 -67.74477434158325 -20.367609195411205 30.011136293411255
43.45785313 -67.8131947517395 -20.387037448585033 30.011117219924927
43.477681953 -67.85879564285278 -20.40005510300398 30.011124849319458
43.49779634 -67.92722368240356 -20.4196283146739 30.011143922805786
43.517832832 -67.97285509109497 -20.43272989243269 30.011162996292114
43.537844758 -68.04130601882935 -20.452453784644604 30.011224031448364
43.557750303 -68.08696031570435 -20.465624026954174 30.011265993118286
43.577698638 -68.15543413162231 -20.485460452735424 30.011365175247192
43.597808546 -68.20108079910278 -20.498714618384838 30.011456727981567
43.617911183 -68.26954698562622 -20.518636874854565 30.011609315872192
43.637759659 -68.31518602371216 -20.531997852027416 30.01174283027649
43.657849402 -68.38367509841919 -20.552028827369213 30.011903047561646
43.677666869 -68.42933702468872 -20.565445117652416 30.0120632648468
43.697816475 -68.49783372879028 -20.585580997169018 30.012345552444458
43.717827225 -68.54348802566528 -20.599025897681713 30.012559175491333
43.737803314 -68.61197710037231 -20.619249515235424 30.012906312942505
43.757751194 -68.65764665603638 -20.632744006812572 30.01311993598938
43.777732729 -68.72615098953247 -20.653043918311596 30.01351284980774
43.797759379 -68.7718358039856 -20.666580371558666 30.013760805130005
43.817929482 -68.84038591384888 -20.686884097754955 30.014127016067505
43.8378031 -68.88610887527466 -20.700441531836987 30.01437497138977
43.857715075 -68.95470476150513 -20.720770053565502 30.014695405960083
43.877707751 -69.00044298171997 -20.734333209693432 30.014901399612427
43.897773957 -69.06909227371216 -20.75465028733015 30.015210390090942
43.917861121 -69.11487627029419 -20.76817911118269 30.015397310256958
43.937795947 -69.18354845046997 -20.78841608017683 30.015652894973755
43.957729456 -69.22934007644653 -20.80188386887312 30.015801668167114
43.977694682 -69.29801988601685 -20.822044543921947 30.01601529121399
43.997736112 -69.34380388259888 -20.835457019507885 30.016114473342896
44.017935256 -69.41246843338013 -20.855537585914135 30.0162250995636
44.037794118 -69.45826005935669 -20.868906192481518 30.016270875930786
44.057731352 -69.5269627571106 -20.88894670456648 30.01630139350891
44.077769137 -69.57277727127075 -20.902301959693432 30.016309022903442
44.097699662 -69.64154100418091 -20.922308139503002 30.016316652297974
44.117882449 -69.68740129470825 -20.93563287705183 30.016312837600708
44.137820728 -69.75622606277466 -20.955545596778393 30.016270875930786
44.157723748 -69.80213212966919 -20.96880166977644 30.016209840774536
44.177701229 -69.87101793289185 -20.98865907639265 30.016095399856567
44.197771409 -69.9169545173645 -21.001878909766674 30.016000032424927
44.217914415 -69.98587846755981 -21.021688632667065 30.0158588886261
44.237844422 -70.03180742263794 -21.034904651343822 30.01579785346985
44.257802265 -70.10070085525513 -21.054727725684643 30.015706300735474
44.277696112 -70.14662218093872 -21.067947559058666 30.015645265579224
44.297692488 -70.21545457839966 -21.087776355445385 30.01556897163391
44.31790045 -70.26132249832153 -21.10099046677351 30.015515565872192
44.337831643 -70.33002519607544 -21.120815448462963 30.015416383743286
44.357743713 -70.37579393386841 -21.134020023047924 30.01532483100891
44.377690467 -70.44440507888794 -21.153810672461987 30.01517605781555
44.397665931 -70.490074634552 -21.16698282212019 30.01507306098938
44.417962652 -70.55856370925903 -21.18673150986433 30.014912843704224
44.437814451 -70.60417985916138 -21.19988840073347 30.014832735061646
44.457840026 -70.67260026931763 -21.21960847824812 30.014729738235474
44.477719262 -70.71817064285278 -21.2327443882823 30.014664888381958
44.497717004 -70.78647661209106 -21.252430133521557 30.01455807685852
44.517901212 -70.83200883865356 -21.26554887741804 30.014474153518677
44.537803131 -70.900230884552 -21.28524797409773 30.014363527297974
44.557760842 -70.94569444656372 -21.29837244004011 30.0142719745636
44.577707985 -71.01388597488403 -21.318041019141674 30.014142274856567
44.597694296 -71.05929613113403 -21.331136874854565 30.014081239700317
44.617933946 -71.12741899490356 -21.350776843726635 30.01398205757141
44.637808171 -71.17282152175903 -21.363865070044994 30.013917207717896
44.657734386 -71.24093675613403 -21.38348215073347 30.013795137405396
44.677705804 -71.2863621711731 -21.3965570256114 30.01370358467102
44.697919283 -71.35451555252075 -21.416124515235424 30.01360058784485
44.717977904 -71.39997148513794 -21.429172687232494 30.013535737991333
44.737827112 -71.46814012527466 -21.448698215186596 30.013447999954224
44.757759763 -71.51359605789185 -21.46169488877058 30.01339840888977
44.777708927 -71.58180284500122 -21.48116510361433 30.013318300247192
44.797677643 -71.627281665802 -21.4940912052989 30.01322293281555
44.817962269 -71.69550371170044 -21.513469867408276 30.013081789016724
44.837827582 -71.74096727371216 -21.526363544166088 30.01299786567688
44.857729378 -71.809166431427 -21.545704059302807 30.01286816596985
44.877719478 -71.85463762283325 -21.558601550757885 30.012776613235474
44.897682243 -71.92285966873169 -21.57792680710554 30.012627840042114
44.918022182 -71.96836137771606 -21.590788058936596 30.012513399124146
44.93780349 -72.03663682937622 -21.610048465430737 30.012322664260864
44.957757231 -72.08217668533325 -21.62283342331648 30.01217770576477
44.977681305 -72.15051317214966 -21.642028979957104 30.011956453323364
44.997790989 -72.19608354568481 -21.654779605567455 30.011807680130005
45.01794383 -72.26445055007935 -21.673881702125072 30.011578798294067
45.037825873 -72.3100209236145 -21.686573199927807 30.01144528388977
45.057759789 -72.37837266921997 -21.705547504127026 30.01128125190735
45.077698105 -72.42395830154419 -21.718187503516674 30.011178255081177
45.097709457 -72.49236345291138 -21.73709123581648 30.010968446731567
45.117899131 -72.53797960281372 -21.749687366187572 30.010819673538208
45.137862704 -72.60644578933716 -21.768575839698315 30.010606050491333
45.157776877 -72.65207719802856 -21.781162433326244 30.010491609573364
45.177715292 -72.72055864334106 -21.800062350928783 30.010331392288208
45.197693571 -72.7662205696106 -21.81267374008894 30.01025128364563
45.218011842 -72.83478593826294 -21.831611804664135 30.010152101516724
45.23781744 -72.88052415847778 -21.844251804053783 30.01009488105774
45.257748946 -72.94917345046997 -21.8632375523448 30.010037660598755
45.277694197 -72.994957447052 -21.875908069312572 30.01000714302063
45.297694283 -73.06371355056763 -21.894939593970776 30.009942293167114
45.317948347 -73.10959672927856 -21.907640628516674 30.009896516799927
45.337860036 -73.17847490310669 -21.9267083927989 30.009820222854614
45.35779954 -73.224449634552 -21.939447574317455 30.009774446487427
45.377689804 -73.29343461990356 -21.958591632544994 30.00970959663391
45.397654746 -73.339439868927 -21.9713918492198 30.009721040725708
45.417993709 -73.40845537185669 -21.99061792343855 30.0097553730011
45.437838308 -73.45447587966919 -22.00345056504011 30.009774446487427
45.457790735 -73.52355241775513 -22.02273767441511 30.0098774433136
45.477809295 -73.56963396072388 -22.03560846298933 30.00995373725891
45.497674814 -73.63879442214966 -22.054933719336987 30.010106325149536
45.518162699 -73.68491411209106 -22.067825488746166 30.010228395462036
45.537844424 -73.75412034988403 -22.08717554062605 30.01044201850891
45.557703208 -73.80028581619263 -22.100084476172924 30.01061749458313
45.577689826 -73.86955308914185 -22.119465045630932 30.01086926460266
45.597667756 -73.91574907302856 -22.132398776710033 30.011021852493286
45.618099732 -73.9850697517395 -22.151802234351635 30.01123547554016
45.637834506 -74.03128099441528 -22.1647455021739 30.01134991645813
45.657736056 -74.10063982009888 -22.184164218604565 30.011494874954224
45.677726016 -74.14688158035278 -22.197118930518627 30.01156735420227
45.697701178 -74.2162709236145 -22.216562442481518 30.011670351028442
45.717868218 -74.26251268386841 -22.22953813523054 30.011754274368286
45.737837038 -74.33187913894653 -22.249019794166088 30.011868715286255
45.75781715 -74.37811326980591 -22.26201456040144 30.0119411945343
45.777730269 -74.44744157791138 -22.281513385474682 30.01202893257141
45.797689222 -74.4936375617981 -22.2945119664073 30.01208233833313
45.817905062 -74.56289720535278 -22.314005069434643 30.012162446975708
45.837822732 -74.60904741287231 -22.327005557715893 30.012189149856567
45.85773405 -74.67820024490356 -22.346512012183666 30.012253999710083
45.877710526 -74.72428178787231 -22.359518222510815 30.012295961380005
45.89771112 -74.79335832595825 -22.37903230637312 30.012406587600708
45.917965782 -74.83936357498169 -22.392021350562572 30.012505769729614
45.937902343 -74.90836381912231 -22.411518268287182 30.012654542922974
45.957737125 -74.95433855056763 -22.424520663917065 30.012826204299927
45.977724834 -75.02324724197388 -22.444023303687572 30.01367688179016
45.997695499 -75.069176197052 -22.45702188462019 30.014744997024536
46.018203101 -75.13797044754028 -22.476442508399487 30.017197847366333
46.037840406 -75.18380784988403 -22.489311389625072 30.019253969192505
46.057743279 -75.25244188308716 -22.508337192237377 30.02306866645813
46.077722778 -75.29811906814575 -22.520773105323315 30.025975465774536
46.097702839 -75.36650133132935 -22.538913898169994 30.0307514667511
46.117981112 -75.411949634552 -22.55050867050886 30.03426480293274
46.137871293 -75.4799427986145 -22.567073993384838 30.0396511554718
46.157802653 -75.52512407302856 -22.577442340552807 30.043328523635864
46.177706669 -75.59266710281372 -22.591804675757885 30.0488064289093
46.197678666 -75.63755083084106 -22.60060327500105 30.052342653274536
46.217889116 -75.70459794998169 -22.612217120826244 30.057507753372192
46.23782698 -75.749107837677 -22.618972949683666 30.06072735786438
46.257800779 -75.81559038162231 -22.627571277320385 30.0651752948761
46.277748364 -75.85966539382935 -22.63201730698347 30.067857027053833
46.297697891 -75.92555284500122 -22.63734643906355 30.071412324905396
46.317876701 -75.9692006111145 -22.639566592872143 30.073468446731567
46.337866724 -76.0343861579895 -22.641288928687572 30.07607388496399
46.357735558 -76.0776219367981 -22.641214542090893 30.0774929523468
46.377727513 -76.142174243927 -22.63922517746687 30.07914090156555
46.397706755 -76.18503618240356 -22.636802844703197 30.079964876174927
46.417966077 -76.2489857673645 -22.631052188575268 30.08075451850891
46.437878353 -76.29143571853638 -22.62604158371687 30.081002473831177
46.457772295 -76.354820728302 -22.6167775914073 30.080987215042114
46.477752538 -76.39687395095825 -22.609205417335033 30.08073925971985
46.497697554 -76.4597020149231 -22.596273593604565 30.080044984817505
46.517897595 -76.50139665603638 -22.586454562842846 30.07937741279602
46.537870022 -76.56369066238403 -22.56995027512312 30.0781147480011
46.557847695 -76.605064868927 -22.557964496314526 30.07711911201477
46.577728725 -76.66690874099731 -22.538339786231518 30.075398683547974
46.597693348 -76.70800065994263 -22.524339847266674 30.07413601875305
46.617935396 -76.76943254470825 -22.501596622169018 30.072064638137817
46.63787299 -76.8102650642395 -22.485529117286205 30.07058072090149
46.657784542 -76.87135362625122 -22.460117511451244 30.068230867385864
46.677718779 -76.91198778152466 -22.442138843238354 30.066617250442505
46.697704479 -76.97278642654419 -22.414081744849682 30.064164400100708
46.717895349 -77.01322984695435 -22.39456384629011 30.062512636184692
46.73788425 -77.07379961013794 -22.364135913550854 30.06002926826477
46.757839277 -77.11410570144653 -22.343219928443432 30.058362245559692
46.777739494 -77.17451524734497 -22.310692004859447 30.055936098098755
46.79773149 -77.21472978591919 -22.2884027287364 30.05437970161438
46.817914025 -77.27497911453247 -22.254108600318432 30.052079439163208
46.837871613 -77.31510972976685 -22.230728320777416 30.05056118965149
46.857793919 -77.37524461746216 -22.194925479590893 30.048314332962036
46.877735446 -77.41533708572388 -22.17052286118269 30.046857118606567
46.897683411 -77.47540330886841 -22.13333337754011 30.04470181465149
46.917894685 -77.51544237136841 -22.108127765357494 30.043301820755005
46.937868805 -77.57544755935669 -22.069755725562572 30.041302919387817
46.957780156 -77.61541032791138 -22.04385393112898 30.040040254592896
46.977735008 -77.675377368927 -22.004434756934643 30.03824734687805
46.997776029 -77.71533250808716 -21.977871112525463 30.03711438179016
47.017834019 -77.77526140213013 -21.937622241675854 30.03548550605774
47.037898865 -77.81523942947388 -21.91052644699812 30.03447461128235
47.057858986 -77.87517595291138 -21.86956613510847 30.03302502632141
47.0777355 -77.91516160964966 -21.842043094336987 30.032117128372192
47.097707743 -77.97511339187622 -21.80050104111433 30.030762910842896
47.117879814 -78.01511430740356 -21.77264230698347 30.029893159866333
47.137888249 -78.07514238357544 -21.730657748878002 30.028680086135864
47.157839041 -78.11514329910278 -21.70253961533308 30.02791714668274
47.177866647 -78.17523241043091 -21.66025560349226 30.02691388130188
47.197696309 -78.21530199050903 -21.631979160010815 30.026299715042114
47.217867038 -78.27539873123169 -21.58944910019636 30.025452852249146
47.23788422 -78.31555223464966 -21.56109445542097 30.024956941604614
47.25789658 -78.37575578689575 -21.518469028174877 30.024243593215942
47.277755963 -78.41591691970825 -21.490030460059643 30.023820161819458
47.297714652 -78.47619676589966 -21.447355441749096 30.023301362991333
47.317883831 -78.51636552810669 -21.418857745826244 30.022984743118286
47.337881883 -78.57671403884888 -21.37611597031355 30.022610902786255
47.357796435 -78.61688280105591 -21.347543887794018 30.022366762161255
47.377816612 -78.67718553543091 -21.304771594703197 30.022080659866333
47.397721832 -78.71736192703247 -21.276252917945385 30.021920442581177
47.417809632 -78.77758073806763 -21.233469180762768 30.02169919013977
47.437909803 -78.81771898269653 -21.205026797950268 30.021558046340942
47.457822824 -78.87785387039185 -21.16232507675886 30.02132534980774
47.477734677 -78.91791582107544 -21.13388269394636 30.02117657661438
47.497707432 -78.97797441482544 -21.091274432837963 30.020978212356567
47.517796616 -79.01796770095825 -21.06285112351179 30.020840883255005
47.537916191 -79.07799577713013 -21.020399264991283 30.02069592475891
47.557782066 -79.11798906326294 -20.99211137741804 30.020581483840942
47.577731872 -79.17795610427856 -20.94970529526472 30.02041745185852
47.597721741 -79.21793413162231 -20.92155473679304 30.020352602005005
47.617804496 -79.2777943611145 -20.8792230412364 30.020215272903442
47.637886133 -79.317711353302 -20.851154498755932 30.020161867141724
47.657823716 -79.377525806427 -20.80904596298933 30.020055055618286
47.677728664 -79.41740465164185 -20.78103654831648 30.019986391067505
47.697729922 -79.47724962234497 -20.73911302536726 30.01990246772766
47.71775884 -79.51712083816528 -20.71115129441023 30.019837617874146
47.737924145 -79.57698106765747 -20.669372729957104 30.01970410346985
47.757767976 -79.61688280105591 -20.64152543991804 30.019585847854614
47.777738816 -79.67671251296997 -20.599760226905346 30.019395112991333
47.797784629 -79.7166600227356 -20.57199304550886 30.019280672073364
47.81774996 -79.77652788162231 -20.530296497046947 30.019086122512817
47.837914278 -79.81645250320435 -20.502515964210033 30.01892590522766
47.857803303 -79.87634325027466 -20.460878543555737 30.01867413520813
47.877763856 -79.91623735427856 -20.43308847397566 30.018502473831177
47.89768457 -79.97604417800903 -20.391441516578197 30.018285036087036
47.917748118 -80.01586198806763 -20.36365144699812 30.018140077590942
47.937955973 -80.07561540603638 -20.322090320289135 30.01794171333313
47.95781183 -80.11541032791138 -20.294380359351635 30.017777681350708
47.977780491 -80.17505693435669 -20.252807788550854 30.017533540725708
47.997717997 -80.21485948562622 -20.225174121558666 30.017438173294067
48.017867313 -80.27449083328247 -20.183662585914135 30.017293214797974
48.037917053 -80.31423997879028 -20.15600412338972 30.01720929145813
48.057833236 -80.37381792068481 -20.114523105323315 30.017110109329224
48.077761197 -80.41349077224731 -20.08683031052351 30.017037630081177
48.097701151 -80.47296190261841 -20.045364551246166 30.017014741897583
48.117676157 -80.51257371902466 -20.017707996070385 30.01699185371399
48.13793285 -80.57191514968872 -19.97620790451765 30.016923189163208
48.157787113 -80.61144304275513 -19.94852464646101 30.01684308052063
48.177824479 -80.67067003250122 -19.90696542710066 30.016679048538208
48.197681725 -80.71013689041138 -19.879268817603588 30.016492128372192
48.217735026 -80.7692723274231 -19.837640933692455 30.016186952590942
48.237962611 -80.80867052078247 -19.809862308204174 30.015946626663208
48.257826771 -80.86770677566528 -19.76816575974226 30.015546083450317
48.277753638 -80.90700578689575 -19.740318469703197 30.01526379585266
48.297719944 -80.96591997146606 -19.698595218360424 30.014813661575317
48.317681107 -81.00516557693481 -19.670749835669994 30.014500856399536
48.337892692 -81.06400346755981 -19.628940753638744 30.01400876045227
48.357865799 -81.10324907302856 -19.601114444434643 30.013665437698364
48.377730843 -81.16205644607544 -19.559293918311596 30.01314663887024
48.397909741 -81.20124101638794 -19.53140275925398 30.012768983840942
48.41783723 -81.25996446609497 -19.489504031836987 30.012200593948364
48.437905346 -81.29909563064575 -19.461574725806713 30.0118305683136
48.45785097 -81.35778093338013 -19.41968172043562 30.011319398880005
48.477742296 -81.39686632156372 -19.39170854538679 30.01098370552063
48.497691326 -81.45552110671997 -19.34982507675886 30.010419130325317
48.517698153 -81.4945912361145 -19.321886233985424 30.01003384590149
48.537931928 -81.55315446853638 -19.27995126694441 30.00945782661438
48.557873786 -81.59220170974731 -19.252063922584057 30.009061098098755
48.577750422 -81.65072679519653 -19.210149936378002 30.008485078811646
48.597718081 -81.68973588943481 -19.182197742164135 30.008111238479614
48.617672466 -81.7482533454895 -19.14024370163679 30.0075581073761
48.638060093 -81.78723955154419 -19.112222842872143 30.00720715522766
48.657828097 -81.84574937820435 -19.070213489234447 30.00668454170227
48.677731371 -81.88471269607544 -19.042114429175854 30.00634503364563
48.697694319 -81.94317674636841 -19.00003259629011 30.00582242012024
48.717684202 -81.98214769363403 -18.971958331763744 30.005479097366333
48.738020892 -82.04058122634888 -18.929805926978588 30.00497555732727
48.757868977 -82.07959032058716 -18.901746921241283 30.004647493362427
48.777826291 -82.13807725906372 -18.859594516456127 30.00417447090149
48.797705432 -82.17707872390747 -18.831489734351635 30.003857851028442
48.817671422 -82.23558855056763 -18.789301089942455 30.003373384475708
48.837964874 -82.27456712722778 -18.761127643287182 30.00305676460266
48.857831549 -82.333092212677 -18.71888368576765 30.002518892288208
48.87787074 -82.37210893630981 -18.69069116562605 30.002148866653442
48.897692659 -82.43061876296997 -18.64836137741804 30.00155758857727
48.917678375 -82.46965837478638 -18.620191745460033 30.00112271308899
48.938176941 -82.52813768386841 -18.57780282944441 30.000481843948364
48.957845279 -82.5671010017395 -18.549600772559643 30.00003170967102
48.97778129 -82.6254734992981 -18.50724046677351 29.999371767044067
48.9977988 -82.66434526443481 -18.479004077613354 29.998955965042114
49.017689102 -82.72259569168091 -18.43669145554304 29.998307466506958
49.0381209 -82.76139116287231 -18.408453159034252 29.997876405715942
49.057869551 -82.8195652961731 -18.366197757422924 29.997208833694458
49.0777414 -82.85833787918091 -18.338022403419018 29.996781587600708
49.097711228 -82.9164662361145 -18.295755557715893 29.996136903762817
49.117674384 -82.95519304275513 -18.26763742417097 29.995740175247192
49.138210989 -83.01323747634888 -18.22539346665144 29.995194673538208
49.15784713 -83.05190324783325 -18.197233371436596 29.994881868362427
49.177731932 -83.10987138748169 -18.154964618384838 29.99444317817688
49.197705318 -83.14848375320435 -18.126735858619213 29.99417233467102
49.217691291 -83.206383228302 -18.08438127487898 29.99383282661438
49.237885065 -83.244957447052 -18.056099109351635 29.99362301826477
49.258973571 -83.30281114578247 -18.013691119849682 29.9933865070343
49.279046341 -83.34136247634888 -17.985378436744213 29.99325680732727
49.298875998 -83.3991551399231 -17.942850284278393 29.993077516555786
49.318893461 -83.43769121170044 -17.914489917457104 29.992982149124146
49.339088059 -83.4954686164856 -17.871875934302807 29.992833375930786
49.358975609 -83.53398180007935 -17.843437366187572 29.992722749710083
49.378865981 -83.59174394607544 -17.800729922950268 29.992562532424927
49.398840273 -83.6302342414856 -17.772213153541088 29.992478609085083
49.418868636 -83.688072681427 -17.72940080612898 29.99234127998352
49.439037083 -83.72663927078247 -17.700824908912182 29.992242097854614
49.458934621 -83.78449296951294 -17.6579152867198 29.992074251174927
49.478901685 -83.82305192947388 -17.629287891089916 29.99196743965149
49.498911341 -83.88087511062622 -17.58630197495222 29.99179196357727
49.51881378 -83.91941118240356 -17.557632617652416 29.9916775226593
49.539031512 -83.97719621658325 -17.51457803696394 29.991528749465942
49.558991451 -84.01570177078247 -17.485862903296947 29.991456270217896
49.578895676 -84.07345628738403 -17.44276063889265 29.991345643997192
49.598830329 -84.11193895339966 -17.413988284766674 29.991273164749146
49.618870619 -84.1696629524231 -17.370886020362377 29.991185426712036
49.639042151 -84.2081151008606 -17.342123202979565 29.991124391555786
49.658975795 -84.2657322883606 -17.29894082993269 29.99103283882141
49.67888689 -84.30410814285278 -17.270160846412182 29.990979433059692
49.698855604 -84.36161851882935 -17.226921252906322 29.99086880683899
49.718828813 -84.39993333816528 -17.198064975440502 29.99078869819641
49.739150565 -84.457359790802 -17.154730014503002 29.990678071975708
49.75903784 -84.49562120437622 -17.125829868018627 29.990613222122192
49.778944442 -84.55294847488403 -17.082454852759838 29.990533113479614
49.798880331 -84.59114122390747 -17.05350511521101 29.990506410598755
49.818860335 -84.64836931228638 -17.01006143540144 29.9904682636261
49.839109334 -84.6865086555481 -16.981086902320385 29.990453004837036
49.858965948 -84.74369859695435 -16.93760507553816 29.99044919013977
49.878923054 -84.781822681427 -16.908617191016674 29.990453004837036
49.898870694 -84.83896684646606 -16.865085773169994 29.990460634231567
49.918823958 -84.877037525177 -16.83604448288679 29.990453004837036
49.939000422 -84.93409013748169 -16.79244440048933 29.99044156074524
49.958994367 -84.97209978103638 -16.76335161179304 29.99044156074524
49.978907248 -85.02909898757935 -16.719661884009838 29.990433931350708
49.99895204 -85.06707811355591 -16.690492801368237 29.99044156074524
50.018826059 -85.1240086555481 -16.646682910621166 29.990433931350708
50.039060564 -85.16193437576294 -16.617445163428783 29.990426301956177
50.058984197 -85.21880388259888 -16.573539905250072 29.99040722846985
50.078880856 -85.25672960281372 -16.54422014206648 29.990418672561646
50.098875326 -85.31361436843872 -16.5002004429698 29.990472078323364
50.118836835 -85.35154008865356 -16.47082345932722 29.99052929878235
50.139042761 -85.40845537185669 -16.4267083927989 29.990643739700317
50.159001156 -85.44641160964966 -16.39726846665144 29.990731477737427
50.178901114 -85.50334978103638 -16.353050403296947 29.990922212600708
50.198872065 -85.54130601882935 -16.323549441993237 29.991040468215942
50.218857031 -85.59825944900513 -16.279270343482494 29.99123501777649
50.239208702 -85.63623094558716 -16.249723605811596 29.99137234687805
50.258968975 -85.69318437576294 -16.20536821335554 29.991570711135864
50.27892346 -85.73117113113403 -16.175808124244213 29.99169659614563
50.298872046 -85.78812456130981 -16.131431750953197 29.99191403388977
50.318816949 -85.82608842849731 -16.101825885474682 29.992058992385864
50.339145217 -85.8830418586731 -16.05741899460554 29.992268800735474
50.358993987 -85.92102098464966 -16.027804546058178 29.99240231513977
50.378900168 -85.97798204421997 -15.983383350074291 29.992566347122192
50.398868637 -86.01596879959106 -15.953747920691967 29.9926655292511
50.418836749 -86.07295274734497 -15.909263782203197 29.99280285835266
50.439040103 -86.11095476150513 -15.87959211319685 29.992875337600708
50.459028782 -86.16796922683716 -15.835080318152905 29.99298596382141
50.478983111 -86.20599412918091 -15.805406741797924 29.993054628372192
50.498888215 -86.26306200027466 -15.760917834937572 29.993115663528442
50.518807078 -86.301109790802 -15.73126333206892 29.993146181106567
50.539087967 -86.35817003250122 -15.686789683997631 29.993172883987427
50.558959083 -86.3962025642395 -15.657134227454662 29.993176698684692
50.578895337 -86.4532322883606 -15.612681560218334 29.993180513381958
50.598889749 -86.49123430252075 -15.583047084510326 29.99316906929016
50.618825992 -86.54821062088013 -15.538590602576733 29.993149995803833
50.639099942 -86.58617448806763 -15.508947543799877 29.993130922317505
50.658995284 -86.64312028884888 -15.464476756751537 29.99309277534485
50.678892633 -86.68107652664185 -15.434825114905834 29.993050813674927
50.69888203 -86.73803758621216 -15.39032381027937 29.992932558059692
50.718793381 -86.77601671218872 -15.360648326575756 29.99283719062805
50.739187521 -86.83306169509888 -15.316083125770092 29.992650270462036
50.759022369 -86.87110948562622 -15.28636758774519 29.992505311965942
50.778938512 -86.92821550369263 -15.24178522080183 29.992257356643677
50.798883375 -86.96630907058716 -15.21206396073103 29.992074251174927
50.818835483 -87.02346086502075 -15.167472057044506 29.991772890090942
50.83926737 -87.06157732009888 -15.137746028602123 29.99151349067688
50.858920756 -87.11875200271606 -15.093123607337475 29.991109132766724
50.878887233 -87.15687608718872 -15.063338451087475 29.990803956985474
50.898926395 -87.2140965461731 -15.018596820533276 29.9903461933136
50.918820614 -87.25224351882935 -14.988748721778393 29.99004864692688
50.939141176 -87.30948686599731 -14.943926982581615 29.989590883255005
50.959003774 -87.3476414680481 -14.914044551551342 29.989304780960083
50.978909802 -87.404869556427 -14.86921613663435 29.9888813495636
50.998966155 -87.44301652908325 -14.839323215186596 29.988629579544067
51.018905471 -87.50023698806763 -14.794497661292553 29.988274812698364
51.039105102 -87.53837633132935 -14.764619998633862 29.988057374954224
51.058944442 -87.59558153152466 -14.719804935157299 29.987767457962036
51.078910428 -87.63371324539185 -14.68992917984724 29.987591981887817
51.09897121 -87.69093370437622 -14.645102672278881 29.987340211868286
51.11882067 -87.72908067703247 -14.615219287574291 29.98718762397766
51.138981345 -87.78630113601685 -14.570321254432201 29.98697781562805
51.160092235 -87.82444047927856 -14.540394000709057 29.98687481880188
51.180054441 -87.88166093826294 -14.495506457984447 29.986748933792114
51.200023161 -87.91980028152466 -14.465564899146557 29.98666501045227
51.219987288 -87.97702074050903 -14.420643977820873 29.986573457717896
51.240305116 -88.01517534255981 -14.390669994056225 29.98654294013977
51.260093308 -88.07244157791138 -14.34567754715681 29.986554384231567
51.280073047 -88.11061906814575 -14.31568544358015 29.986581087112427
51.300031554 -88.16790056228638 -14.270680598914623 29.986607789993286
51.319950013 -88.20607805252075 -14.240692310035229 29.98663067817688
51.340219175 -88.26332139968872 -14.19568269699812 29.9866840839386
51.360122999 -88.30146837234497 -14.165682010352612 29.98671841621399
51.38007103 -88.35867357254028 -14.12068098038435 29.98676037788391
51.399985971 -88.39680528640747 -14.090639285743237 29.98675274848938
51.419932111 -88.45398759841919 -14.045581988990307 29.986722230911255
51.440201663 -88.49211168289185 -14.015535525977612 29.98666501045227
51.460141281 -88.54929399490356 -13.970452480018139 29.98653531074524
51.480034113 -88.58741044998169 -13.940405063331127 29.98644757270813
51.49998448 -88.64457750320435 -13.895290546119213 29.986260652542114
51.519974026 -88.68269395828247 -13.865215472877026 29.986130952835083
51.540202836 -88.73986101150513 -13.82010381668806 29.9859402179718
51.5601427 -88.77797746658325 -13.790022067725658 29.985760927200317
51.580060395 -88.83514451980591 -13.744941882789135 29.985528230667114
51.599984368 -88.87324571609497 -13.714907817542553 29.9853413105011
51.619946145 -88.93039751052856 -13.669881992042065 29.985074281692505
51.640246453 -88.96849870681763 -13.639881305396557 29.984872102737427
51.660116708 -89.02564287185669 -13.594890765845776 29.98455548286438
51.680063242 -89.06374406814575 -13.564912967383862 29.984360933303833
51.699983826 -89.12087297439575 -13.519943408668041 29.984105348587036
51.720030349 -89.15897417068481 -13.489984683692455 29.98395276069641
51.740203718 -89.21614122390747 -13.445071391761303 29.983723878860474
51.760097307 -89.25429582595825 -13.415133647620678 29.983567476272583
51.78009537 -89.31153154373169 -13.370245151221752 29.983365297317505
51.800013308 -89.34970140457153 -13.340314082801342 29.98322033882141
51.819984018 -89.40697526931763 -13.295396022498608 29.983044862747192
51.840136111 -89.445152759552 -13.265459232032299 29.98294949531555
51.860111778 -89.50243425369263 -13.220565967261791 29.982842683792114
51.880053803 -89.54062700271606 -13.19065397232771 29.982804536819458
51.900018401 -89.59794664382935 -13.145774058997631 29.982804536819458
51.920007928 -89.63616228103638 -13.115860156714916 29.982835054397583
51.940178234 -89.69347429275513 -13.070989780128002 29.982892274856567
51.960094323 -89.73168992996216 -13.041076831519604 29.98294186592102
51.980076912 -89.78900194168091 -12.996236972510815 29.983041048049927
51.999993434 -89.82720232009888 -12.966358356177807 29.983067750930786
52.020011187 -89.8845067024231 -12.92153375595808 29.9831440448761
52.040318345 -89.92269945144653 -12.891660861670971 29.98322033882141
52.060094277 -89.97998094558716 -12.846827678382397 29.983365297317505
52.080056896 -90.01816606521606 -12.816948108375072 29.983472108840942
52.100017927 -90.07543992996216 -12.772142581641674 29.983636140823364
52.119969455 -90.11361742019653 -12.742290668189526 29.983746767044067
52.140271428 -90.1708607673645 -12.69753759354353 29.983929872512817
52.160086693 -90.20899248123169 -12.667687587440014 29.98405957221985
52.180062546 -90.26617479324341 -12.622918300330639 29.984265565872192
52.199990246 -90.30426836013794 -12.593065433204174 29.98440670967102
52.21996994 -90.361412525177 -12.548310451209545 29.984612703323364
52.240226748 -90.39951372146606 -12.518490009009838 29.984769105911255
52.260090452 -90.45670366287231 -12.473781757056713 29.985028505325317
52.280060318 -90.49484300613403 -12.444007091224194 29.98520016670227
52.300074184 -90.552086353302 -12.399384669959545 29.985398530960083
52.319974606 -90.59027910232544 -12.369647197425365 29.98551297187805
52.340271132 -90.64757585525513 -12.32506101578474 29.985669374465942
52.360122847 -90.68578386306763 -12.29533689469099 29.98574948310852
52.380086161 -90.74308824539185 -12.250765971839428 29.98587155342102
52.399992467 -90.78128862380981 -12.22105997055769 29.98592495918274
52.419978204 -90.8386082649231 -12.17651765793562 29.98598599433899
52.440214856 -90.87683916091919 -12.146836452186108 29.98601269721985
52.460105447 -90.9341893196106 -12.10230653733015 29.985989809036255
52.480104731 -90.97242021560669 -12.072626285254955 29.985978364944458
52.500033132 -91.0297703742981 -12.028109721839428 29.98592495918274
52.519944438 -91.06800127029419 -11.998407535254955 29.98587155342102
52.540215036 -91.1253514289856 -11.95386140793562 29.985799074172974
52.560144828 -91.16358995437622 -11.924160175025463 29.985745668411255
52.580078022 -91.22094011306763 -11.879608325660229 29.985692262649536
52.600021344 -91.25917100906372 -11.849916629493237 29.985642671585083
52.619990497 -91.31655931472778 -11.805335216224194 29.98559308052063
52.640205295 -91.35480546951294 -11.775633983314037 29.98556637763977
52.660131374 -91.41217851638794 -11.731076411902905 29.985543489456177
52.680104397 -91.4504246711731 -11.701378040015697 29.985554933547974
52.700044678 -91.50779008865356 -11.656843356788158 29.985657930374146
52.719972016 -91.54605150222778 -11.627143077552319 29.985780000686646
52.740209516 -91.60347032546997 -11.582627467811108 29.985963106155396
52.76014243 -91.64176988601685 -11.55298250168562 29.98608136177063
52.780064263 -91.69924974441528 -11.508547000586987 29.986249208450317
52.800027895 -91.73757982254028 -11.478943042457104 29.986409425735474
52.819990669 -91.79515886306763 -11.434551410377026 29.986661195755005
52.84019952 -91.83358812332153 -11.4049798771739 29.98681378364563
52.86008797 -91.89128923416138 -11.360652141273022 29.98703122138977
52.880075691 -91.92983293533325 -11.331122569739819 29.987130403518677
52.900023829 -91.98764085769653 -11.28685586899519 29.98730969429016
52.9199876 -92.02623796463013 -11.257356815040112 29.98738980293274
52.940179376 -92.08413743972778 -11.213126353919506 29.987488985061646
52.960150302 -92.1227650642395 -11.183649234473705 29.9875271320343
52.980058137 -92.180748462677 -11.139435939490795 29.987557649612427
53.000135512 -92.21941423416138 -11.109970264136791 29.987622499465942
53.019980262 -92.27749681472778 -11.065739803016186 29.987683534622192
53.040193576 -92.31621599197388 -11.036259822547436 29.987733125686646
53.06013045 -92.37432146072388 -10.992044620215893 29.98781704902649
53.080086576 -92.41310930252075 -10.962554149329662 29.98787808418274
53.100113873 -92.471275806427 -10.918342761695385 29.98795437812805
53.119964636 -92.51007127761841 -10.888880901038647 29.98800015449524
53.140173754 -92.56827592849731 -10.844695262610912 29.98807644844055
53.160181714 -92.60707902908325 -10.815251521766186 29.98812985420227
53.180074734 -92.6652455329895 -10.77108209580183 29.98822522163391
53.200033933 -92.70401048660278 -10.741646938025951 29.988293886184692
53.219981096 -92.76214647293091 -10.697421245276928 29.98843502998352
53.240204091 -92.80088090896606 -10.667937450110912 29.988534212112427
53.260143919 -92.85894060134888 -10.623716525733471 29.98867917060852
53.280097513 -92.89759874343872 -10.594204120337963 29.988805055618286
53.300040894 -92.95556688308716 -10.549953632056713 29.989007234573364
53.319955549 -92.99418687820435 -10.520456485450268 29.989156007766724
53.34022021 -93.0521092414856 -10.476214580237865 29.989396333694458
53.360142523 -93.09070634841919 -10.446735553443432 29.989548921585083
53.380091084 -93.14862108230591 -10.402463130652905 29.989789247512817
53.400077732 -93.18723344802856 -10.37295263260603 29.98991894721985
53.420006942 -93.24516344070435 -10.328690700232983 29.990124940872192
53.440173135 -93.283775806427 -10.299192599952221 29.990269899368286
53.460145592 -93.34167528152466 -10.254966907203197 29.990491151809692
53.480102284 -93.38030290603638 -10.225506953895092 29.99065899848938
53.500053328 -93.43823289871216 -10.181344203650951 29.990994691848755
53.519979385 -93.47685289382935 -10.151914767920971 29.99125027656555
53.540199001 -93.5347752571106 -10.107772998511791 29.991650819778442
53.560147463 -93.57337236404419 -10.078355960547924 29.991925477981567
53.580148008 -93.63128709793091 -10.034234218299389 29.992345094680786
53.600034148 -93.66989183425903 -10.004841975867748 29.992623567581177
53.620018066 -93.72780656814575 -9.960778407752514 29.993035554885864
53.640177282 -93.76641893386841 -9.931428126990795 29.993321657180786
53.660142081 -93.82434129714966 -9.887440852820873 29.993726015090942
53.680048078 -93.86295366287231 -9.85814207047224 29.99398922920227
53.700036588 -93.92086839675903 -9.814214877784252 29.994336366653442
53.719975346 -93.95948076248169 -9.784934215247631 29.994542360305786
53.740234315 -94.01741075515747 -9.740999393165112 29.99483609199524
53.760184124 -94.05602312088013 -9.711719684302807 29.995015382766724
53.780246062 -94.11400651931763 -9.667764835059643 29.995316743850708
53.800034916 -94.15266466140747 -9.638459376990795 29.995503664016724
53.820014112 -94.2106556892395 -9.594502620398998 29.99579358100891
53.84014759 -94.2493748664856 -9.565143756568432 29.995984315872192
53.860149853 -94.30746507644653 -9.521112613379955 29.996258974075317
53.880099384 -94.34621477127075 -9.491741351783276 29.996442079544067
53.900034524 -94.40435838699341 -9.44764345139265 29.996720552444458
53.919985551 -94.44312334060669 -9.41824834793806 29.996899843215942
53.940119433 -94.5013279914856 -9.374071292579174 29.997151613235474
53.960196753 -94.54010820388794 -9.344659022986889 29.99731945991516
53.980098765 -94.59828996658325 -9.300441913306713 29.997559785842896
54.000029901 -94.6370701789856 -9.270951442420483 29.99776577949524
54.019985626 -94.69523668289185 -9.226702861487865 29.998032808303833
54.040163729 -94.73396348953247 -9.19713418930769 29.998154878616333
54.060232556 -94.79202318191528 -9.152802638709545 29.99828839302063
54.080100597 -94.83068132400513 -9.123242549598217 29.998360872268677
54.100075858 -94.8886342048645 -9.07889287918806 29.9984028339386
54.119979146 -94.92724657058716 -9.049340419471264 29.99841046333313
54.14014862 -94.98513078689575 -9.004953555762768 29.998337984085083
54.160119677 -95.02369737625122 -8.975370578467846 29.998238801956177
54.180087337 -95.08151292800903 -8.931002788245678 29.99805188179016
54.200092867 -95.12000322341919 -8.90140264481306 29.997880220413208
54.219996033 -95.17772722244263 -8.857065372169018 29.997636079788208
54.240144627 -95.21613359451294 -8.827490024268627 29.997437715530396
54.260173146 -95.27371263504028 -8.783147029578686 29.997140169143677
54.280072596 -95.31205797195435 -8.753576450049877 29.9969265460968
54.300087476 -95.36950731277466 -8.70922964066267 29.996567964553833
54.320020739 -95.40778398513794 -8.67968862503767 29.9963276386261
54.340135735 -95.46511125564575 -8.635361842811108 29.99593472480774
54.360194544 -95.50331163406372 -8.605820827186108 29.995686769485474
54.380095829 -95.56059312820435 -8.56152456253767 29.995328187942505
54.400128885 -95.59876298904419 -8.531944446265697 29.99505352973938
54.420122938 -95.65602159500122 -8.487595729529858 29.99466061592102
54.440108508 -95.6941990852356 -8.458023242652416 29.994393587112427
54.460224632 -95.75148820877075 -8.413628749549389 29.993993043899536
54.480093475 -95.78970384597778 -8.384042911231518 29.993741273880005
54.500037386 -95.84704637527466 -8.339633159339428 29.993401765823364
54.52004356 -95.88528490066528 -8.310041598975658 29.99319577217102
54.540088377 -95.942711353302 -8.265601329505444 29.99291729927063
54.560220024 -95.98100328445435 -8.235988788306713 29.992745637893677
54.58014026 -96.03846788406372 -8.191594295203686 29.992520570755005
54.600101027 -96.0767674446106 -8.162021808326244 29.992390871047974
54.619985684 -96.13420915603638 -8.117713145911694 29.992230653762817
54.640023467 -96.17248582839966 -8.088200740516186 29.99215817451477
54.66021539 -96.22989702224731 -8.04394405335188 29.992093324661255
54.680129347 -96.2681736946106 -8.014465503394604 29.992066621780396
54.700055719 -96.32560014724731 -7.9702355191111565 29.99203610420227
54.719959548 -96.36389207839966 -7.940754108130932 29.992024660110474
54.740014515 -96.42134141921997 -7.8965355679392815 29.99202847480774
54.760259153 -96.45965623855591 -7.867067985236645 29.9920437335968
54.780104686 -96.51712846755981 -7.822887115180492 29.99208950996399
54.800046483 -96.55544328689575 -7.793430976569653 29.992169618606567
54.820064586 -96.61291551589966 -7.74930065125227 29.992295503616333
54.840015032 -96.65121507644653 -7.719908885657787 29.992383241653442
54.86022473 -96.70864152908325 -7.6758748814463615 29.992509126663208
54.880141314 -96.746910572052 -7.646556548774242 29.992596864700317
54.900063597 -96.80422258377075 -7.602589778602123 29.992711305618286
54.919973197 -96.84241533279419 -7.573292903602123 29.99279522895813
54.939966265 -96.89967393875122 -7.529370956122875 29.9929096698761
54.960233198 -96.93778276443481 -7.500071696937084 29.99297833442688
54.980151465 -96.99494218826294 -7.456161670386791 29.99309277534485
55.000156178 -97.03302812576294 -7.426905803382397 29.9931423664093
55.020113111 -97.09016466140747 -7.383072070777416 29.993226289749146
55.039964963 -97.12825059890747 -7.353875808417797 29.99328351020813
55.060192233 -97.18534898757935 -7.3101121708750725 29.993363618850708
55.080156022 -97.22342729568481 -7.280966453254223 29.993417024612427
55.100115074 -97.28049516677856 -7.237295798957348 29.993470430374146
55.119988598 -97.31853532791138 -7.208214931190014 29.993497133255005
55.140000151 -97.37560319900513 -7.164645843207836 29.993516206741333
55.16020208 -97.41362810134888 -7.13562648743391 29.993504762649536
55.180174933 -97.4706654548645 -7.092115573585033 29.993470430374146
55.200086724 -97.50868272781372 -7.063107185065746 29.993424654006958
55.219995732 -97.56568956375122 -7.019599609076977 29.993340730667114
55.240010445 -97.60369920730591 -6.990610770881176 29.993287324905396
55.260218593 -97.66068315505981 -6.947124175727367 29.9931538105011
55.28012767 -97.6986927986145 -6.918168239295483 29.99308133125305
55.300069505 -97.75566911697388 -6.874746970832348 29.99292492866516
55.319980012 -97.79364824295044 -6.845819644629955 29.992810487747192
55.339999329 -97.85060930252075 -6.802460364997387 29.99260449409485
55.360196955 -97.88854265213013 -6.773541145026684 29.992398500442505
55.380110294 -97.94545030593872 -6.7301866337656975 29.992078065872192
55.400058034 -97.9833836555481 -6.7012864872813225 29.991833925247192
55.42000831 -98.04029893875122 -6.657967261970043 29.99142575263977
55.44003576 -98.07826280593872 -6.6291124150156975 29.991166353225708
55.460326428 -98.13522386550903 -6.585817985236645 29.990716218948364
55.480118986 -98.17321062088013 -6.556967429816723 29.990411043167114
55.500080969 -98.23020219802856 -6.513709716498852 29.989999055862427
55.51996878 -98.26818895339966 -6.484849624335766 29.989712953567505
55.539985002 -98.32519578933716 -6.441602878272533 29.989327669143677
55.560270913 -98.36321306228638 -6.412779502570629 29.989056825637817
55.580130531 -98.42025804519653 -6.369568519294262 29.988675355911255
55.600048206 -98.45829057693481 -6.340763740241528 29.98844265937805
55.620069733 -98.51533555984497 -6.2975718304514885 29.98810315132141
55.640112922 -98.55337572097778 -6.2687961384654045 29.9878933429718
55.660253881 -98.61041307449341 -6.225639991462231 29.987584352493286
55.68013458 -98.64843797683716 -6.196881942451 29.987382173538208
55.700063786 -98.70547533035278 -6.1537658497691154 29.987069368362427
55.719981013 -98.74346208572388 -6.125013045966625 29.986844301223755
55.739990518 -98.80047655105591 -6.081909827888012 29.986539125442505
55.760361365 -98.83850145339966 -6.05318658798933 29.986348390579224
55.780116448 -98.89556932449341 -6.010101489722729 29.986069917678833
55.800072379 -98.93363237380981 -5.981388740241528 29.985886812210083
55.82003333 -98.99077653884888 -5.938316993415356 29.985615968704224
55.839997164 -99.028892993927 -5.909617595374584 29.98543667793274
55.860177704 -99.08610582351685 -5.866539649665356 29.985150575637817
55.880170803 -99.12426805496216 -5.837833575904369 29.9849750995636
55.900069299 -99.18155717849731 -5.794793777167797 29.984742403030396
55.920003621 -99.21974992752075 -5.766110114753246 29.984574556350708
55.940005221 -99.27707719802856 -5.723130397498608 29.98434567451477
55.960179231 -99.31530809402466 -5.6945139691233635 29.984204530715942
55.980128538 -99.37268877029419 -5.65164440125227 29.983975648880005
56.000082002 -99.41095018386841 -5.623091869056225 29.98381543159485
56.020020875 -99.46840715408325 -5.580283813178539 29.983540773391724
56.039987655 -99.50672197341919 -5.551763705909252 29.983357667922974
56.060255385 -99.56421709060669 -5.509012393653393 29.98309826850891
56.080138295 -99.60257005691528 -5.480551414191723 29.982930421829224
56.100093014 -99.66013383865356 -5.4379174038767815 29.982693910598755
56.120003876 -99.69850206375122 -5.409529380500317 29.98251461982727
56.140023949 -99.75607347488403 -5.366964511573315 29.982251405715942
56.160232309 -99.79446458816528 -5.338595561683178 29.98205304145813
56.180154016 -99.85206651687622 -5.296031169593334 29.98174023628235
56.200084284 -99.89047288894653 -5.2676598355174065 29.981553316116333
56.220013067 -99.94809770584106 -5.225089244544506 29.981229066848755
56.239984264 -99.98652696609497 -5.196698360145092 29.981019258499146
56.260328267 -100.0441746711731 -5.154105834662914 29.980706453323364
56.280137437 -100.08264207839966 -5.12569110840559 29.980469942092896
56.300066613 -100.14035844802856 -5.0830637738108635 29.98010754585266
56.319960569 -100.17885637283325 -5.054621867835522 29.979851961135864
56.33999182 -100.23662614822388 -5.011961631476879 29.97948956489563
56.36026938 -100.27516222000122 -4.983499221503735 29.97924542427063
56.380153635 -100.33304643630981 -4.940766505897045 29.97887921333313
56.400047868 -100.37165880203247 -4.912278823554516 29.978657960891724
56.419994862 -100.4296498298645 -4.869472675025463 29.978307008743286
56.439982145 -100.468346118927 -4.840919189155102 29.978081941604614
56.460291849 -100.52643632888794 -4.7980672642588615 29.9777615070343
56.480122698 -100.56523180007935 -4.769445590674877 29.97754406929016
56.5000705 -100.62346696853638 -4.726527862250805 29.977269411087036
56.519979783 -100.66234636306763 -4.697910957038403 29.977105379104614
56.539977148 -100.72074937820435 -4.654997996985912 29.976876497268677
56.560205131 -100.75971269607544 -4.6264035031199455 29.97673535346985
56.580147233 -100.81827592849731 -4.583496741950512 29.976556062698364
56.600060004 -100.85731554031372 -4.554913692176342 29.976487398147583
56.620013046 -100.91590929031372 -4.512074641883373 29.976426362991333
56.639979777 -100.95498704910278 -4.483519725501537 29.9764187335968
56.660125626 -101.01361131668091 -4.440690688788891 29.976460695266724
56.680181979 -101.05270433425903 -4.41210525482893 29.976514101028442
56.700091632 -101.11132860183716 -4.3692199513316154 29.976639986038208
56.72001213 -101.15041399002075 -4.340600661933422 29.976739168167114
56.739988475 -101.20903062820435 -4.297643356025219 29.97693371772766
56.76067416 -101.24810838699341 -4.269010238349438 29.977086305618286
56.780297621 -101.30674028396606 -4.226016215980053 29.97738003730774
56.800078775 -101.34583330154419 -4.1973592564463615 29.97762417793274
56.82004163 -101.40448045730591 -4.1543857380747795 29.97802472114563
56.839991649 -101.44360399246216 -4.125703029334545 29.97832989692688
56.860119425 -101.502281665802 -4.082710199058056 29.978814363479614
56.880147367 -101.54139757156372 -4.054032973945141 29.979180574417114
56.900076635 -101.6000599861145 -4.011041812598705 29.979710817337036
56.920013945 -101.63916826248169 -3.982389621436596 29.980088472366333
56.940002419 -101.697838306427 -3.939430885016918 29.98068356513977
56.960165175 -101.73694658279419 -3.9108127877116203 29.981072664260864
56.980183102 -101.79564714431763 -3.8678516671061516 29.98171353340149
57.000165817 -101.83477830886841 -3.8392001911997795 29.982186555862427
57.02003925 -101.89346361160278 -3.796211414039135 29.98290753364563
57.040020494 -101.93257188796997 -3.7675165459513664 29.983426332473755
57.06021283 -101.99122667312622 -3.724481277167797 29.984235048294067
57.080191587 -102.03031969070435 -3.6957742497324944 29.984776735305786
57.100119987 -102.08894395828247 -3.6526703163981438 29.98560070991516
57.119995721 -102.128014087677 -3.6239368245005608 29.986146211624146
57.140014877 -102.18660020828247 -3.5808049961924553 29.986958742141724
57.160232046 -102.22563982009888 -3.552059106528759 29.98749279975891
57.180160077 -102.2841420173645 -3.508914403617382 29.98827862739563
57.200067465 -102.32311296463013 -3.480150394141674 29.988816499710083
57.220053503 -102.38152360916138 -3.4370071217417717 29.989609956741333
57.240015521 -102.42041063308716 -3.4082381054759026 29.990128755569458
57.260286782 -102.47871446609497 -3.3651019856333733 29.990891695022583
57.280131768 -102.5175633430481 -3.336337022483349 29.991379976272583
57.300102239 -102.57580614089966 -3.2931703850626945 29.992173433303833
57.319991316 -102.61461687088013 -3.2644056603312492 29.99270749092102
57.339966992 -102.6728367805481 -3.221208982169628 29.99343991279602
57.36020709 -102.71163988113403 -3.192418985068798 29.993855714797974
57.380194562 -102.76983690261841 -3.1492492482066154 29.994446992874146
57.400101437 -102.80862474441528 -3.1204807087779045 29.99487042427063
57.420072272 -102.86679124832153 -3.0773448273539543 29.99548077583313
57.439996079 -102.90554857254028 -3.0485903546214104 29.99588131904602
57.460122112 -102.96367692947388 -3.0054947659373283 29.996445894241333
57.48016685 -103.00241899490356 -2.976772479712963 29.99678921699524
57.500161775 -103.06053972244263 -2.9336988255381584 29.997281312942505
57.519993078 -103.09928941726685 -2.905006818473339 29.99759030342102
57.540009517 -103.1574559211731 -2.8620173260569572 29.997933626174927
57.560111744 -103.19622087478638 -2.8333951756358147 29.998116731643677
57.580223313 -103.25434923171997 -2.7905172631144524 29.998318910598755
57.600108682 -103.29308366775513 -2.761975221335888 29.99837613105774
57.620043404 -103.35118913650513 -2.719217948615551 29.99841809272766
57.639984455 -103.38993120193481 -2.6907576844096184 29.99841809272766
57.660099873 -103.44803667068481 -2.6481320187449455 29.998406648635864
57.680438646 -103.4867787361145 -2.6197699829936028 29.998364686965942
57.700207953 -103.54491472244263 -2.577297143638134 29.99828839302063
57.719984069 -103.58367204666138 -2.549016408622265 29.998231172561646
57.739996824 -103.64186143875122 -2.5066737458109856 29.998116731643677
57.760068486 -103.68070268630981 -2.478466682136059 29.998013734817505
57.780208006 -103.7389988899231 -2.436188153922558 29.99784207344055
57.800082301 -103.77792406082153 -2.4080077931284904 29.99771237373352
57.820115556 -103.83632707595825 -2.365756683051586 29.997525453567505
57.839994259 -103.87530565261841 -2.337598256766796 29.997411012649536
57.860142037 -103.93383073806763 -2.295357398688793 29.99725079536438
57.880226861 -103.97285509109497 -2.267203502357006 29.997147798538208
57.900281121 -104.03147172927856 -2.2249559685587883 29.997002840042114
57.919996727 -104.0705418586731 -2.196806363761425 29.9969265460968
57.940015364 -104.12916612625122 -2.1545872017741203 29.996800661087036
57.960080479 -104.16825914382935 -2.1264502331614494 29.996712923049927
57.980238779 -104.22690629959106 -2.084259442985058 29.996590852737427
58.000091225 -104.26604509353638 -2.056120328605175 29.996472597122192
58.020037779 -104.32476854324341 -2.0139228627085686 29.996293306350708
58.03999265 -104.36393785476685 -1.9857897087931633 29.99618649482727
58.060177219 -104.42272996902466 -1.9435986801981926 29.996045351028442
58.080221589 -104.46192216873169 -1.9154830500483513 29.995957612991333
58.100073669 -104.52077531814575 -1.8732554242014885 29.995805025100708
58.120035824 -104.5600209236145 -1.845089964568615 29.9957058429718
58.140004796 -104.61891222000122 -1.8028274103999138 29.995553255081177
58.16015035 -104.65822649002075 -1.7746189162135124 29.995415925979614
58.180188858 -104.71717119216919 -1.7323304936289787 29.9952290058136
58.20009237 -104.75648546218872 -1.7041034027934074 29.9951069355011
58.220054463 -104.81545305252075 -1.6617621704936028 29.994927644729614
58.240008681 -104.85478258132935 -1.633515052497387 29.994797945022583
58.260123566 -104.91381883621216 -1.5911021754145622 29.994588136672974
58.280222176 -104.95317125320435 -1.5628241822123528 29.994462251663208
58.30007507 -105.01225328445435 -1.520369105041027 29.994290590286255
58.32007064 -105.05163621902466 -1.4920539185404778 29.99419903755188
58.339987452 -105.11071062088013 -1.449564389884472 29.994080781936646
58.360036046 -105.15009355545044 -1.4212033078074455 29.994019746780396
58.380257015 -105.20914506912231 -1.378664068877697 29.99395489692688
58.40006961 -105.24851274490356 -1.3502892777323723 29.993958711624146
58.420026772 -105.30756425857544 -1.3077127262949944 29.993993043899536
58.439989185 -105.34692430496216 -1.2793344780802727 29.99401593208313
58.46003375 -105.4059681892395 -1.2367547079920769 29.99405026435852
58.480275328 -105.44532060623169 -1.2083741948008537 29.994080781936646
58.500111982 -105.50437211990356 -1.1658163592219353 29.994126558303833
58.520007751 -105.54373979568481 -1.1374590918421745 29.994153261184692
58.539993325 -105.60280656814575 -1.0949408933520317 29.994183778762817
58.560033157 -105.64220476150513 -1.0666009709239006 29.99417996406555
58.580259235 -105.70128679275513 -1.0241317078471184 29.99416470527649
58.600100585 -105.74066972732544 -0.9958534762263298 29.994122743606567
58.62006364 -105.79972887039185 -0.9534377977252007 29.9940083026886
58.639987294 -105.83908891677856 -0.9251738712191582 29.993932008743286
58.660004553 -105.89814043045044 -0.8827491924166679 29.993767976760864
58.680247479 -105.93750047683716 -0.8544687554240227 29.993638277053833
58.700110264 -105.99653673171997 -0.812052421271801 29.993428468704224
58.720032211 -106.03588151931763 -0.7837908193469048 29.99329113960266
58.740058677 -106.09487962722778 -0.7414190694689751 29.99307370185852
58.760021293 -106.13422441482544 -0.7131451293826103 29.992928743362427
58.780294787 -106.19321489334106 -0.6707391068339348 29.992738008499146
58.800090167 -106.2325291633606 -0.642457477748394 29.99264645576477
58.820066227 -106.29150438308716 -0.600021980702877 29.992554903030396
58.840009976 -106.33080339431763 -0.5717379674315453 29.99249768257141
58.860004295 -106.38979387283325 -0.5293006226420403 29.992459535598755
58.880234398 -106.42911577224731 -0.5010164305567741 29.99247097969055
58.900093587 -106.48806810379028 -0.4585989639163017 29.99252438545227
58.920019002 -106.52736711502075 -0.4303034767508507 29.99259305000305
58.940141323 -106.58630418777466 -0.38788091391324997 29.992730379104614
58.959997345 -106.62560319900513 -0.35960810631513596 29.992852449417114
58.980402316 -106.6845326423645 -0.3172259256243706 29.993050813674927
59.000200355 -106.72379350662231 -0.2889890745282173 29.993191957473755
59.020065884 -106.78264665603638 -0.2466479018330574 29.99343228340149
59.039985364 -106.821861743927 -0.21843276172876358 29.99361538887024
59.06000087 -106.88063859939575 -0.17613787949085236 29.993890047073364
59.080249875 -106.91979265213013 -0.14796121045947075 29.99406933784485
59.100103152 -106.9784779548645 -0.10572042549028993 29.994290590286255
59.120009122 -107.01758623123169 -0.07755315490067005 29.99440884590149
59.140013641 -107.07621812820435 -0.03532949090003967 29.99459195137024
59.159975899 -107.11529588699341 -0.007199831306934357 29.994717836380005
59.180269161 -107.17390489578247 0.03497075289487839 29.99489712715149
59.20008753 -107.21295976638794 0.06306590884923935 29.994996309280396
59.220070496 -107.27152299880981 0.10516383498907089 29.9950954914093
59.240030866 -107.31055498123169 0.13321854919195175 29.99516797065735
59.259959561 -107.36905717849731 0.17522532492876053 29.995232820510864
59.280457559 -107.408043384552 0.2031954601407051 29.99526333808899
59.300127451 -107.46647691726685 0.2451080158352852 29.99527859687805
59.319987276 -107.50537919998169 0.2730109170079231 29.99526333808899
59.339986429 -107.56369829177856 0.314839668571949 29.995232820510864
59.360026565 -107.60255479812622 0.34270549565553665 29.995194673538208
59.380342678 -107.66080522537231 0.384477861225605 29.995110750198364
59.400106206 -107.69962358474731 0.41231293231248856 29.995023012161255
59.420053406 -107.75782060623169 0.4540793374180794 29.99487042427063
59.439990233 -107.79660844802856 0.4819305017590523 29.99478268623352
59.459979261 -107.85476732254028 0.5237152650952339 29.99466824531555
59.480224156 -107.89349412918091 0.5515874102711678 29.994580507278442
59.500087549 -107.95158433914185 0.5933827236294746 29.994519472122192
59.520019479 -107.99026536941528 0.6212533786892891 29.994462251663208
59.540023605 -108.04827165603638 0.6630569770932198 29.994385957717896
59.560054264 -108.08690690994263 0.6909300163388252 29.994332551956177
59.580367541 -108.14479875564575 0.7327433302998543 29.9942409992218
59.60006779 -108.18336534500122 0.7606153562664986 29.994218111038208
59.620085343 -108.24114274978638 0.8024004772305489 29.994176149368286
59.640013933 -108.2796483039856 0.8302477672696114 29.99414563179016
59.659972726 -108.33737230300903 0.872007854282856 29.994096040725708
59.680224749 -108.37583208084106 0.8998251631855965 29.994031190872192
59.700105665 -108.43350267410278 0.9415335133671761 29.993924379348755
59.720041854 -108.47193956375122 0.969324417412281 29.993848085403442
59.740058297 -108.52960252761841 1.0110099986195564 29.993748903274536
59.759987699 -108.56804704666138 1.0387929156422615 29.99368405342102
59.780361493 -108.62567186355591 1.0804733708500862 29.99358868598938
59.800080276 -108.66408586502075 1.1082596257328987 29.993489503860474
59.820091824 -108.7216420173645 1.1499704793095589 29.99332547187805
59.840001706 -108.75998735427856 1.1777986958622932 29.993237733840942
59.859987905 -108.81747484207153 1.2195747569203377 29.99312710762024
59.880436111 -108.85575914382935 1.2474641278386116 29.99304699897766
59.900109206 -108.9131932258606 1.2893193438649178 29.99295926094055
59.920034133 -108.95146989822388 1.3172634318470955 29.992913484573364
59.940031259 -109.00891160964966 1.3592140153050423 29.99289059638977
59.959975771 -109.04721879959106 1.3871836140751839 29.992913484573364
59.980197515 -109.10468339920044 1.4291700795292854 29.99295926094055
60.000130358 -109.14300584793091 1.4571636393666267 29.99295926094055
60.020062075 -109.20050859451294 1.4991566613316536 29.992963075637817
60.040007947 -109.23883867263794 1.5271495059132576 29.992989778518677
60.059973743 -109.29633378982544 1.5691427662968636 29.993062257766724
60.080347603 -109.33462572097778 1.5971472933888435 29.99313473701477
60.100140871 -109.3920750617981 1.6391561701893806 29.99325680732727
60.120053656 -109.43035936355591 1.6671750023961067 29.993355989456177
60.140097083 -109.48779344558716 1.7092074826359749 29.99353528022766
60.159971212 -109.5260853767395 1.7372244074940681 29.993664979934692
60.180395596 -109.58349657058716 1.7792885974049568 29.993905305862427
60.200078631 -109.62178087234497 1.8073348477482796 29.994126558303833
60.220086223 -109.67923021316528 1.8494096472859383 29.9944965839386
60.240081198 -109.71753740310669 1.87748271971941 29.99480938911438
60.259974582 -109.77502489089966 1.919585533440113 29.995293855667114
60.280310933 -109.81337022781372 1.9476626589894295 29.99563717842102
60.300125283 -109.87091875076294 1.9897578433156013 29.996171236038208
60.320022723 -109.90931749343872 2.017807312309742 29.99654507637024
60.340043132 -109.96698045730591 2.059879370033741 29.997132539749146
60.359983846 -110.00544786453247 2.087920017540455 29.99752163887024
60.380258317 -110.06322526931763 2.130032129585743 29.998162508010864
60.400103476 -110.10175371170044 2.158120222389698 29.998582124710083
60.420071634 -110.15956926345825 2.2002731040120125 29.999219179153442
60.440018787 -110.19812822341919 2.228422947227955 29.999654054641724
60.459990755 -110.25597429275513 2.2706580832600594 30.000272035598755
60.480339106 -110.2945408821106 2.298851080238819 30.000687837600708
60.500129552 -110.352379322052 2.341197796165943 30.001336336135864
60.520054066 -110.39093828201294 2.3694320395588875 30.001763582229614
60.540016712 -110.44876146316528 2.4118254855275154 30.002408266067505
60.559981483 -110.48732042312622 2.440062828361988 30.002789735794067
60.580255713 -110.54511308670044 2.482459135353565 30.00336194038391
60.600089459 -110.58361864089966 2.510713405907154 30.003766298294067
60.620060997 -110.64136552810669 2.5530868247151375 30.004334688186646
60.640021042 -110.67985582351685 2.5813768580555916 30.004681825637817
60.659976464 -110.73758745193481 2.6238101199269295 30.00515866279602
60.680313429 -110.77606248855591 2.6521161273121834 30.005440950393677
60.700138458 -110.83376359939575 2.694616623222828 30.005818605422974
60.720046656 -110.87223100662231 2.722949333488941 30.006043672561646
60.740047086 -110.92990159988403 2.7655690386891365 30.00634503364563
60.760063709 -110.96836137771606 2.794003076851368 30.00652813911438
60.780161707 -111.02606248855591 2.8366845324635506 30.006791353225708
60.800199019 -111.06455278396606 2.865191049873829 30.006985902786255
60.82006641 -111.12230730056763 2.9079004004597664 30.00724148750305
60.839993376 -111.16084337234497 2.936410017311573 30.007397890090942
60.859973995 -111.21865892410278 2.979153700172901 30.007580995559692
60.880121097 -111.25721788406372 3.007654257118702 30.007691621780396
60.900148108 -111.31507921218872 3.050434894859791 30.007813692092896
60.92007461 -111.35367631912231 3.078948326408863 30.007874727249146
60.940005385 -111.4116063117981 3.1217463687062263 30.007970094680786
60.959978384 -111.45024156570435 3.1502619460225105 30.008015871047974
60.980189711 -111.50821733474731 3.1930149272084236 30.008076906204224
61.000262826 -111.54691362380981 3.2215409949421883 30.008050203323364
61.020082924 -111.60497331619263 3.2642994597554207 30.00799298286438
61.040015465 -111.64370775222778 3.2928024008870125 30.007954835891724
61.059980648 -111.7018666267395 3.3355568125844 30.007893800735474
61.080143724 -111.74065446853638 3.364038296043873 30.00783658027649
61.100163292 -111.79886674880981 3.4067669585347176 30.00772976875305
61.120087503 -111.83768510818481 3.4352379515767097 30.007649660110474
61.140025019 -111.89597368240356 3.477986641228199 30.00747799873352
61.159974717 -111.93484544754028 3.506480284035206 30.007352113723755
61.180235047 -111.99317979812622 3.549215145409107 30.00713849067688
61.200137507 -112.03207445144653 3.5777424052357674 30.006943941116333
61.220127968 -112.090416431427 3.6205123141407967 30.006612062454224
61.240043396 -112.12931108474731 3.649035759270191 30.00634503364563
61.260013997 -112.18762254714966 3.691851921379566 30.00589108467102
61.280249053 -112.22649431228638 3.7203860953450203 30.005570650100708
61.300108013 -112.28476762771606 3.763255901634693 30.005040407180786
61.320106315 -112.32360887527466 3.791836567223072 30.00467801094055
61.340053335 -112.38185930252075 3.834708996117115 30.004136323928833
61.359973372 -112.42067766189575 3.8632677271962166 30.003793001174927
61.380178011 -112.47890520095825 3.90607101470232 30.003281831741333
61.40014619 -112.51770830154419 3.9346221163868904 30.002938508987427
61.420179505 -112.57592058181763 3.97741586714983 30.00243878364563
61.440034572 -112.6147313117981 4.005938835442066 30.00213360786438
61.460014271 -112.67298173904419 4.048731155693531 30.00170636177063
61.480236069 -112.71183824539185 4.077241726219654 30.001431703567505
61.500148703 -112.77015733718872 4.120004005730152 30.00101590156555
61.520078545 -112.80905961990356 4.148498363792896 30.000748872756958
61.540071362 -112.86745500564575 4.19122201949358 30.0003559589386
61.560020987 -112.90641832351685 4.21969348937273 30.00009274482727
61.580221624 -112.96486711502075 4.262345142662525 29.999711275100708
61.600152056 -113.00385332107544 4.290747947990894 29.999459505081177
61.620158796 -113.06231737136841 4.333304710686207 29.999100923538208
61.640079171 -113.10129594802856 4.361647911369801 29.998856782913208
61.659999965 -113.15976762771606 4.404109783470631 29.998509645462036
61.680189515 -113.19875383377075 4.432384319603443 29.998292207717896
61.700290584 -113.25723314285278 4.474776573479176 29.997994661331177
61.720032825 -113.29621934890747 4.503006286919117 29.997819185256958
61.740030784 -113.35469102859497 4.545308418571949 29.997567415237427
61.760015352 -113.39366960525513 4.5735037997365 29.997395753860474
61.780307674 -113.45217180252075 4.615752525627613 29.997140169143677
61.800146434 -113.49120378494263 4.643891163170338 29.9969379901886
61.820155825 -113.54975175857544 4.6860635951161385 29.99663281440735
61.840052241 -113.58879137039185 4.714153118431568 29.996415376663208
61.86000211 -113.64737749099731 4.756280727684498 29.996060609817505
61.880166038 -113.68642473220825 4.78433782607317 29.995843172073364
61.900139905 -113.74500322341919 4.826412506401539 29.99557614326477
61.920020162 -113.7840428352356 4.854456730186939 29.995423555374146
61.940040962 -113.84256792068481 4.896515674889088 29.995225191116333
61.959995489 -113.88156938552856 4.92455131560564 29.99511456489563
61.980086833 -113.94006395339966 4.966573543846607 29.994969606399536
62.00018303 -113.97905778884888 4.99456674605608 29.994874238967896
62.020083853 -114.03756761550903 5.0365064814686775 29.994736909866333
62.040129712 -114.07657670974731 5.064440555870533 29.994675874710083
62.060012378 -114.13512468338013 5.106315441429615 29.994584321975708
62.080091272 -114.17417192459106 5.134219475090504 29.994527101516724
62.100159786 -114.2327733039856 5.176062889397144 29.99443554878235
62.120030086 -114.27186632156372 5.203965492546558 29.99435544013977
62.140053955 -114.33049058914185 5.2457912638783455 29.994244813919067
62.160013496 -114.36956834793091 5.27367240935564 29.99417233467102
62.180196886 -114.4281849861145 5.3154724314808846 29.994088411331177
62.200196712 -114.46725511550903 5.3433278277516365 29.9939968585968
62.220063747 -114.52583360671997 5.38511211425066 29.99389386177063
62.240086128 -114.56488084793091 5.412960834801197 29.993821382522583
62.259984358 -114.62345170974731 5.454757995903492 29.99373745918274
62.280077141 -114.66250658035278 5.482621021568775 29.993714570999146
62.300179974 -114.72111558914185 5.524415798485279 29.993695497512817
62.320006541 -114.76020860671997 5.552333183586597 29.993729829788208
62.340047488 -114.81886339187622 5.594209499657154 29.99382519721985
62.360047867 -114.85798692703247 5.622145958244801 29.993932008743286
62.380076845 -114.91668748855591 5.664059467613697 29.99410367012024
62.400202583 -114.95581865310669 5.6919959262013435 29.994244813919067
62.420080193 -115.01450395584106 5.7338941767811775 29.994462251663208
62.440013173 -115.05362749099731 5.7618153765797615 29.9946186542511
62.460005662 -115.1122670173645 5.803730793297291 29.994824647903442
62.480054313 -115.1513295173645 5.8316748812794685 29.994946718215942
62.500170488 -115.20986223220825 5.873590774834156 29.995049715042114
62.520039407 -115.24882555007935 5.901537723839283 29.99508786201477
62.540034614 -115.30725145339966 5.9434607699513435 29.995171785354614
62.560025923 -115.34618425369263 5.971424885094166 29.995248079299927
62.5800173 -115.40457201004028 6.013392753899097 29.995377779006958
62.600181812 -115.44348192214966 6.041368789970875 29.99544644355774
62.620118135 -115.50182390213013 6.08336479216814 29.99557614326477
62.640051548 -115.54071855545044 6.111359901726246 29.995694398880005
62.660121181 -115.59904527664185 6.153351612389088 29.99590039253235
62.679994176 -115.63791704177856 6.181349106132984 29.996068239212036
62.700681848 -115.69619035720825 6.223341770470142 29.996346712112427
62.720036073 -115.73503160476685 6.251359291374683 29.996575593948364
62.740067173 -115.79328966140747 6.293387241661549 29.996922731399536
62.760489145 -115.8321385383606 6.321429081261158 29.9971706867218
62.779992022 -115.89042711257935 6.363533325493336 29.997575044631958
62.800228191 -115.92929124832153 6.3916042521595955 29.997880220413208
62.820108337 -115.987633228302 6.433713264763355 29.99835705757141
62.840037251 -116.02652788162231 6.4617737010121346 29.998692750930786
62.860045178 -116.08486986160278 6.5038550570607185 29.999219179153442
62.879974837 -116.12380266189575 6.531923599541187 29.999600648880005
62.900240159 -116.18222093582153 6.573998756706715 30.000169038772583
62.92006316 -116.22119188308716 6.6020363047719 30.000550508499146
62.940063462 -116.27965593338013 6.644068546593189 30.001107454299927
62.960004829 -116.31864213943481 6.672080345451832 30.001477479934692
62.979960087 -116.37712144851685 6.7140968516469 30.002022981643677
63.000350244 -116.41610765457153 6.7420962527394295 30.002362489700317
63.020088304 -116.4745945930481 6.784113235771656 30.00283932685852
63.040065628 -116.51358842849731 6.8121035769581795 30.003140687942505
63.060032328 -116.57209062576294 6.854060001671314 30.003556489944458
63.07999351 -116.61109209060669 6.88202840834856 30.00380825996399
63.10021611 -116.66959428787231 6.9239505007863045 30.004136323928833
63.120034739 -116.70861101150513 6.951874561607838 30.004334688186646
63.140051447 -116.76715898513794 6.993709869682789 30.004586458206177
63.160019174 -116.80619096755981 7.021575279533863 30.0047390460968
63.17999534 -116.86472368240356 7.0633009150624275 30.004918336868286
63.200186103 -116.90374040603638 7.0911000445485115 30.00500226020813
63.220099503 -116.9622654914856 7.132753200829029 30.005067110061646
63.240063861 -117.00128221511841 7.160500355064869 30.00509762763977
63.26001949 -117.0597996711731 7.202086754143238 30.005128145217896
63.280136349 -117.09880876541138 7.229783363640308 30.005139589309692
63.300159912 -117.15730333328247 7.271302528679371 30.0051167011261
63.320062314 -117.19628190994263 7.298958130180836 30.005082368850708
63.340041762 -117.25471544265747 7.34041053801775 30.0049831867218
63.360026677 -117.29365587234497 7.368030376732349 30.004899263381958
63.379976949 -117.35199785232544 7.409405060112476 30.00476574897766
63.400289219 -117.39086198806763 7.436974354088306 30.004658937454224
63.420102822 -117.44912004470825 7.478310413658619 30.0045063495636
63.440040278 -117.48789262771606 7.505872078239918 30.004414796829224
63.460021202 -117.54605913162231 7.54720289260149 30.004288911819458
63.479996373 -117.58474779129028 7.574758358299732 30.00421643257141
63.500233013 -117.64276170730591 7.616103954613209 30.004098176956177
63.520031748 -117.68140459060669 7.643687553703785 30.00402569770813
63.540075932 -117.739342212677 7.68509990721941 30.00393795967102
63.56001359 -117.77796983718872 7.712715931236744 30.00387692451477
63.579976063 -117.83588457107544 7.754214592278004 30.003777742385864
63.600199469 -117.87448167800903 7.781890220940113 30.003716707229614
63.620099977 -117.93238115310669 7.823417015373707 30.003617525100708
63.640045962 -117.97099351882935 7.8511779978871346 30.003533601760864
63.660006246 -118.02893114089966 7.89285022765398 30.003384828567505
63.679970526 -118.06758165359497 7.920679874718189 30.0032856464386
63.700204782 -118.12558794021606 7.962514705955982 30.003140687942505
63.720055136 -118.1642689704895 7.99042684584856 30.003052949905396
63.7400812 -118.22229814529419 8.032353229820728 30.00290036201477
63.760044618 -118.26099443435669 8.06031209975481 30.0027859210968
63.779975382 -118.31904649734497 8.102262325584888 30.00260281562805
63.800265144 -118.35776567459106 8.130235500633717 30.00249218940735
63.820171862 -118.41587114334106 8.172197170555592 30.002320528030396
63.840098837 -118.45463609695435 8.20019418746233 30.002156496047974
63.859986037 -118.51278734207153 8.24218637496233 30.001893281936646
63.879960085 -118.55158281326294 8.270191974937916 30.0016987323761
63.900352087 -118.60979509353638 8.312210865318775 30.001446962356567
63.920048454 -118.64862108230591 8.340217418968678 30.001298189163208
63.940092043 -118.7068943977356 8.382217235863209 30.001080751419067
63.959981731 -118.74574327468872 8.410203762352467 30.000935792922974
63.979994151 -118.80403184890747 8.452172107994556 30.0007221698761
64.000232925 -118.84290361404419 8.480142422020435 30.00054669380188
64.020135732 -118.90122270584106 8.522084064781666 30.000291109085083
64.040073572 -118.94009447097778 8.550045795738697 30.000108003616333
64.059996984 -118.99841356277466 8.591975040733814 29.999860048294067
64.079980956 -119.03732347488403 8.619927234947681 29.99969983100891
64.100200345 -119.09574174880981 8.661858387291431 29.999478578567505
64.120069464 -119.13469743728638 8.689805813133717 29.999345064163208
64.140083659 -119.19321489334106 8.731788463890553 29.999161958694458
64.160004566 -119.23224687576294 8.759787388145924 29.99906277656555
64.179999716 -119.29082536697388 8.801800556480885 29.99893307685852
64.201246852 -119.329918384552 8.829864330589771 29.99886441230774
64.22131099 -119.38857316970825 8.871954746544361 29.998761415481567
64.247796763 -119.42771196365356 8.900026150047779 29.998677492141724
64.267817023 -119.4864354133606 8.942117519676685 29.998547792434692
64.287851702 -119.52561235427856 8.970180340111256 29.998475313186646
64.30787036 -119.58440446853638 9.012275524437428 29.998360872268677
64.327772839 -119.62361192703247 9.040325947105885 29.998284578323364
64.347833205 -119.68246507644653 9.082428760826588 29.998185396194458
64.367955231 -119.72169542312622 9.110503979027271 29.99813199043274
64.387856032 -119.78052568435669 9.152622051537037 29.998063325881958
64.407804826 -119.81972551345825 9.180739231407642 29.998028993606567
64.427818276 -119.87850999832153 9.22291261702776 29.99797558784485
64.447955289 -119.91769456863403 9.251050777733326 29.997937440872192
64.467956343 -119.97643327713013 9.29328329116106 29.99786877632141
64.487823071 -120.01557970046997 9.32143384963274 29.99782681465149
64.507814668 -120.07428026199341 9.363654918968678 29.99774670600891
64.528884402 -120.11341142654419 9.391774959862232 29.99771237373352
64.549054102 -120.17205858230591 9.43395883589983 29.997575044631958
64.568947813 -120.21113634109497 9.46205884963274 29.997472047805786
64.588961897 -120.26973009109497 9.504174061119556 29.9972927570343
64.608924276 -120.30878496170044 9.532234974205494 29.997193574905396
64.628929864 -120.36735582351685 9.57430536299944 29.99704098701477
64.649039225 -120.40639543533325 9.602343387901783 29.99691891670227
64.66897153 -120.46495866775513 9.64438135176897 29.996690034866333
64.688922801 -120.50400590896606 9.672391720116138 29.996537446975708
64.708914538 -120.56257677078247 9.714405842125416 29.99624752998352
64.728966695 -120.60160875320435 9.742402859032154 29.996049165725708
64.749032305 -120.6601414680481 9.784377880394459 29.995736360549927
64.768997576 -120.69915819168091 9.812381573021412 29.995499849319458
64.788927745 -120.75768327713013 9.8543556407094 29.99517560005188
64.808936676 -120.79665422439575 9.88235742598772 29.994961977005005
64.828912095 -120.85508012771606 9.924337215721607 29.99465298652649
64.849123083 -120.89399766921997 9.952312298119068 29.994454622268677
64.868999501 -120.95233201980591 9.994256801903248 29.994168519973755
64.888941779 -120.99121141433716 10.022201366722584 29.993985414505005
64.908936999 -121.04951524734497 10.064122028648853 29.993726015090942
64.92894297 -121.08837175369263 10.09206087142229 29.99356198310852
64.94899759 -121.14664506912231 10.133951969444752 29.993298768997192
64.968980285 -121.18552446365356 10.161869831383228 29.99310040473938
64.988927496 -121.24385118484497 10.203727550804615 29.992814302444458
65.009015329 -121.28274583816528 10.23162443190813 29.992635011672974
65.02893781 -121.34108781814575 10.273467846214771 29.992356538772583
65.048977757 -121.37998247146606 10.301355190575123 29.99219250679016
65.068978931 -121.43833208084106 10.343203373253345 29.991944551467896
65.088941571 -121.47723436355591 10.371094532310963 29.99178433418274
65.10893809 -121.53558397293091 10.412945576012135 29.991532564163208
65.128913669 -121.57448625564575 10.440837688744068 29.991368532180786
65.148955768 -121.63283586502075 10.482663936913013 29.99112057685852
65.168971641 -121.67172288894653 10.510597057640553 29.990933656692505
65.188920478 -121.730064868927 10.552492924034595 29.990670442581177
65.208927601 -121.76896715164185 10.580438442528248 29.990487337112427
65.228934569 -121.8273549079895 10.622379131615162 29.99020504951477
65.248965035 -121.86628770828247 10.650333233177662 29.99002194404602
65.268978845 -121.92472887039185 10.692364521324635 29.9897243976593
65.288932502 -121.963707447052 10.72039682418108 29.989545106887817
65.308929981 -122.02218675613403 10.762461490929127 29.989293336868286
65.328905461 -122.06118822097778 10.790510959923267 29.989144563674927
65.34896626 -122.11970567703247 10.832590885460377 29.988919496536255
65.368961181 -122.15873003005981 10.860656566917896 29.988785982131958
65.388934463 -122.21727800369263 10.902726002037525 29.9886372089386
65.408927876 -122.25632524490356 10.93076116591692 29.988629579544067
65.428947293 -122.31491136550903 10.972819156944752 29.98865246772766
65.448958859 -122.35397386550903 11.000844784080982 29.988702058792114
65.468979907 -122.41259050369263 11.042894192039967 29.988824129104614
65.488952737 -122.45166826248169 11.070922680199146 29.98891568183899
65.508950091 -122.51030778884888 11.112957783043385 29.98905301094055
65.528899194 -122.549400806427 11.140999622642994 29.989171266555786
65.549025497 -122.60803270339966 11.183036632835865 29.989362001419067
65.568968709 -122.64711809158325 11.211050815880299 29.98949933052063
65.588929253 -122.70575761795044 11.253046818077564 29.9897243976593
65.60893808 -122.74484300613403 11.281037159264088 29.989888429641724
65.628919199 -122.80345964431763 11.323009319603443 29.99017071723938
65.648913511 -122.84252214431763 11.350970096886158 29.99036145210266
65.668974357 -122.9010853767395 11.392901249229908 29.9907009601593
65.688944565 -122.94010972976685 11.420832462608814 29.990948915481567
65.708940609 -122.998619556427 11.462697811424732 29.99136471748352
65.728906841 -123.0375828742981 11.49059946089983 29.991666078567505
65.749012576 -123.09601640701294 11.532420940697193 29.992120027542114
65.7691458 -123.13494920730591 11.560283489525318 29.992417573928833
65.788974165 -123.1933217048645 11.602050609886646 29.99286389350891
65.808934356 -123.23223924636841 11.629875011742115 29.993172883987427
65.828927169 -123.29059648513794 11.671614475548267 29.993611574172974
65.848939121 -123.32950639724731 11.699416942894459 29.993890047073364
65.869162631 -123.38782548904419 11.741044826805592 29.99426770210266
65.888955362 -123.42669725418091 11.768746204674244 29.994500398635864
65.908938282 -123.48500871658325 11.810226269066334 29.99483609199524
65.928902716 -123.52385759353638 11.837792225182056 29.995068788528442
65.948918519 -123.58214616775513 11.879070110619068 29.995423555374146
65.968978293 -123.62101030349731 11.906508274376392 29.995675325393677
65.988939043 -123.67932939529419 11.947578258812428 29.996060609817505
66.008934789 -123.7182240486145 11.974922962486744 29.99630093574524
66.028933653 -123.77658891677856 12.015879459679127 29.996697664260864
66.048921121 -123.81552171707153 12.043159313499928 29.99697232246399
66.068996821 -123.87394762039185 12.084040470421314 29.997388124465942
66.088958261 -123.91293382644653 12.11126596480608 29.99770474433899
66.108951987 -123.9714207649231 12.152094669640064 29.9981586933136
66.128904047 -124.01043748855591 12.179268665611744 29.99850583076477
66.148921613 -124.06897783279419 12.220014400780201 29.99902081489563
66.169033305 -124.10802507400513 12.247163601219654 29.99936032295227
66.188952393 -124.16658067703247 12.287860698997974 29.999844789505005
66.208954077 -124.20561265945435 12.314980335533619 30.000138521194458
66.228921683 -124.26416063308716 12.35561639815569 30.000550508499146
66.248914423 -124.30319261550903 12.382691211998463 30.000821352005005
66.269009808 -124.36173295974731 12.423279590904713 30.00122570991516
66.288959199 -124.40075731277466 12.450309582054615 30.001473665237427
66.308952505 -124.45928239822388 12.490850277245045 30.0018208026886
66.328905319 -124.4982762336731 12.517870731651783 30.00203824043274
66.348908756 -124.55674028396606 12.558398075401783 30.00232434272766
66.369261472 -124.59571123123169 12.585416622459888 30.002488374710083
66.388935974 -124.65415239334106 12.625940151512623 30.002721071243286
66.408930188 -124.69311571121216 12.652953930199146 30.002881288528442
66.428916488 -124.75151109695435 12.693471737205982 30.003113985061646
66.44893423 -124.79042100906372 12.720498867332935 30.003270387649536
66.46915124 -124.84876298904419 12.761060543358326 30.003499269485474
66.488924353 -124.88760423660278 12.788141079246998 30.003636598587036
66.50896776 -124.94585466384888 12.828794308006763 30.003831148147583
66.52890384 -124.98465776443481 12.855938740074635 30.003949403762817
66.548926984 -125.04285478591919 12.896735973656178 30.004101991653442
66.56903132 -125.0816502571106 12.923957653343678 30.004197359085083
66.588982468 -125.1398549079895 12.964908428490162 30.004258394241333
66.608947395 -125.17866563796997 12.992229290306568 30.0042507648468
66.628942432 -125.236900806427 13.033233471214771 30.004212617874146
66.648901428 -125.27572679519653 13.060588665306568 30.00417447090149
66.669266236 -125.33399248123169 13.10164911299944 30.004105806350708
66.688961956 -125.37285661697388 13.129072971642017 30.004037141799927
66.708943624 -125.43119096755981 13.17022592574358 30.003983736038208
66.728915803 -125.47010087966919 13.197696514427662 30.003968477249146
66.748926807 -125.52851915359497 13.238954372704029 30.00393795967102
66.769126261 -125.56747484207153 13.266466923058033 30.003907442092896
66.788969062 -125.62595415115356 13.307827778160572 30.0038959980011
66.808937383 -125.66494798660278 13.335419483482838 30.0038959980011
66.82893439 -125.72343492507935 13.376834698021412 30.003892183303833
66.848913377 -125.76242876052856 13.40449983626604 30.003873109817505
66.869042167 -125.82091569900513 13.446011371910572 30.00381588935852
66.888967682 -125.85989427566528 13.473717518150806 30.00378918647766
66.908937522 -125.91833543777466 13.515288181602955 30.004586458206177
66.928911505 -125.95727586746216 13.54302866011858 30.00616955757141
66.948918419 -126.0156102180481 13.584645099937916 30.010220766067505
66.969049235 -126.05444383621216 13.612291164696217 30.013909578323364
66.988990758 -126.11255693435669 13.65348894149065 30.0208523273468
67.009017967 -126.15119981765747 13.68061239272356 30.026227235794067
67.028928315 -126.20900774002075 13.720571346580982 30.035081148147583
67.04893616 -126.24740648269653 13.746579952538013 30.04150891304016
67.070117256 -126.304771900177 13.78441221266985 30.051347017288208
67.089011461 -126.34284257888794 13.808712787926197 30.058011293411255
67.108930172 -126.39965105056763 13.84351808577776 30.067795991897583
67.128884354 -126.43735551834106 13.865624256432056 30.074055910110474
67.148944708 -126.4936146736145 13.89663965255022 30.082959413528442
67.169060975 -126.53095293045044 13.916159458458424 30.08846402168274
67.1890326 -126.58660936355591 13.942999668419361 30.0959255695343
67.208943521 -126.6235203742981 13.959395237267017 30.100308656692505
67.228928838 -126.67856645584106 13.981681652367115 30.10600781440735
67.248929411 -126.7150502204895 13.994685001671314 30.109124422073364
67.269081225 -126.76948595046997 14.011868305504322 30.1129047870636
67.289009235 -126.80558824539185 14.02157098799944 30.11478543281555
67.308966557 -126.85944414138794 14.03341180831194 30.11661648750305
67.328897432 -126.89516496658325 14.039691753685474 30.117284059524536
67.348907469 -126.9484486579895 14.045966930687428 30.117303133010864
67.369052036 -126.98378038406372 14.048391170799732 30.116803407669067
67.388978369 -127.03649187088013 14.049401111900806 30.115330934524536
67.409000415 -127.07148790359497 14.047986812889576 30.113839387893677
67.428924605 -127.12370347976685 14.043789692223072 30.11113476753235
67.448910348 -127.15836381912231 14.038961239159107 30.10889172554016
67.469033415 -127.21009874343872 14.02937013655901 30.105096101760864
67.488983636 -127.24443101882935 14.021217174828053 30.102269411087036
67.508956538 -127.29571580886841 14.00638372451067 30.097623109817505
67.528897679 -127.32974290847778 13.995015926659107 30.0943386554718
67.548919799 -127.38056993484497 13.975143261253834 30.089066743850708
67.56906669 -127.41429948806763 13.960392780601978 30.0854275226593
67.588985791 -127.464684009552 13.936083622276783 30.079819917678833
67.608976845 -127.49814653396606 13.9181984141469 30.075970888137817
67.628925956 -127.54814195632935 13.889529056847095 30.070164918899536
67.648909575 -127.58135271072388 13.86905462294817 30.066243410110474
67.669156997 -127.63100481033325 13.836429424583912 30.06033444404602
67.688968073 -127.66399431228638 13.81359750777483 30.056439638137817
67.708961338 -127.71332597732544 13.777643986046314 30.050694704055786
67.728908386 -127.74610948562622 13.752702541649342 30.046956300735474
67.748911251 -127.79517412185669 13.713562794029713 30.041436433792114
67.769049064 -127.82779741287231 13.686552830040455 30.03784680366516
67.789009334 -127.87662553787231 13.644732303917408 30.032628297805786
67.808958404 -127.90912675857544 13.615918941795826 30.029263734817505
67.828928408 -127.95775651931763 13.571644611656666 30.024415254592896
67.848922759 -127.99012041091919 13.541396923363209 30.02129864692688
67.86908082 -128.03859758377075 13.495012111961842 30.016846895217896
67.889006923 -128.07083940505981 13.463501758873463 30.014020204544067
67.908987181 -128.11919450759888 13.415306873619556 30.009968996047974
67.92889737 -128.15136003494263 13.382684536278248 30.007413148880005
67.948904453 -128.199547290802 13.333062000572681 30.003804445266724
67.969086865 -128.23162126541138 13.299588032066822 30.0015652179718
67.989005443 -128.2796711921692 13.248829670250416 29.998414278030396
68.008964223 -128.31163835525513 13.214690990746021 29.99646496772766
68.028956672 -128.35952043533325 13.163011379539967 29.99374508857727
68.048928938 -128.39138078689575 13.128290005028248 29.99208950996399
68.06906917 -128.43911027908325 13.075842685997486 29.9898579120636
68.089000962 -128.47087907791138 13.040623493492603 29.98849606513977
68.108958784 -128.51847124099731 12.987554378807545 29.986649751663208
68.12892265 -128.55016374588013 12.951978512108326 29.985528230667114
68.148942631 -128.5976185798645 12.898344822227955 29.984021425247192
68.169018932 -128.629234790802 12.862480945885181 29.983147859573364
68.189026815 -128.67656755447388 12.808425731956959 29.981969118118286
68.20898784 -128.708092212677 12.772257633507252 29.9813129901886
68.228988743 -128.75528764724731 12.717807598412037 29.980443239212036
68.248934667 -128.78672075271606 12.681436367332935 29.979954957962036
68.269170683 -128.83380937576294 12.626777477562428 29.979352235794067
68.289027192 -128.86515092849731 12.590227909386158 29.979016542434692
68.308962076 -128.912193775177 12.535427875816822 29.978638887405396
68.328922461 -128.94352006912231 12.498835392296314 29.978436708450317
68.348920606 -128.9904866218567 12.443866558372974 29.978204011917114
68.369022003 -129.02182817459106 12.40726263076067 29.978108644485474
68.389028714 -129.06877946853638 12.35225660353899 29.978013277053833
68.408950269 -129.10007524490356 12.31558496505022 29.977994203567505
68.42897827 -129.14696550369263 12.260613270103931 29.978013277053833
68.448916499 -129.1781849861145 12.223914928734303 29.978036165237427
68.469025926 -129.22504472732544 12.169027157127857 29.978089570999146
68.489010049 -129.25620317459106 12.132313556969166 29.978135347366333
68.508935269 -129.30295610427856 12.077453441917896 29.978307008743286
68.528905021 -129.33409929275513 12.040891475975513 29.978455781936646
68.548937209 -129.38076066970825 11.986064739525318 29.978680849075317
68.569027744 -129.41188859939575 11.949652500450611 29.978821992874146
68.589008191 -129.45851945877075 11.894983120262623 29.979050874710083
68.608951062 -129.489586353302 11.858589954674244 29.9792377948761
68.628923789 -129.53617143630981 11.804056949913502 29.97954297065735
68.648918694 -129.56717729568481 11.767658062279224 29.979756593704224
68.668981244 -129.6137776374817 11.713259525597095 29.980115175247192
68.68900624 -129.64482927322388 11.676978893578053 29.980355501174927
68.7089427 -129.69135332107544 11.62253362685442 29.9806911945343
68.728908648 -129.72240495681763 11.586349315941334 29.98092770576477
68.748927158 -129.76891374588013 11.531884975731373 29.981263399124146
68.769086017 -129.79991960525513 11.495676822960377 29.98153042793274
68.78907379 -129.84636735916138 11.441305942833424 29.98193860054016
68.80894411 -129.8773274421692 11.405103512108326 29.982247591018677
68.828928893 -129.9237141609192 11.35085279494524 29.98272442817688
68.849046297 -129.9545979499817 11.314637966454029 29.983041048049927
68.869016742 -130.00089311599731 11.260453052818775 29.983533143997192
68.889137143 -130.03173112869263 11.224309749901295 29.983872652053833
68.908968398 -130.07790422439575 11.170058079063892 29.984421968460083
68.928943336 -130.10869646072388 11.13398439437151 29.984811067581177
68.948947867 -130.15483903884888 11.07978517562151 29.985398530960083
68.968965774 -130.18558549880981 11.043663807213306 29.98580288887024
68.989296453 -130.23175859451294 10.989503689110279 29.98644757270813
69.009072012 -130.26255083084106 10.953342266380787 29.986871004104614
69.028930486 -130.30875444412231 10.899126835167408 29.98751950263977
69.048947215 -130.33953142166138 10.862921543419361 29.987958192825317
69.06899776 -130.38578081130981 10.8087652400136 29.988602876663208
69.089315693 -130.4166340827942 10.7726324275136 29.989014863967896
69.108959341 -130.46292924880981 10.718377895653248 29.98955273628235
69.128912276 -130.49384355545044 10.682278461754322 29.98987317085266
69.148939025 -130.54021501541138 10.628027744591236 29.990311861038208
69.16897836 -130.57114458084106 10.591858692467213 29.99057126045227
69.189474162 -130.6175618171692 10.53760702162981 29.990948915481567
69.208959135 -130.64850664138794 10.501374073326588 29.99120831489563
69.228946361 -130.69498491287231 10.44715292006731 29.99160122871399
69.248918296 -130.72592973709106 10.410977192223072 29.991841554641724
69.268980262 -130.77233171463013 10.356671161949635 29.992169618606567
69.290005792 -130.80324602127075 10.320458240807056 29.992379426956177
69.308953345 -130.84955644607544 10.266114063560963 29.992650270462036
69.328903851 -130.88039445877075 10.229991741478443 29.992810487747192
69.348944311 -130.92658281326294 10.175734348595142 29.99304699897766
69.368954911 -130.957359790802 10.139604397118092 29.993218660354614
69.38902176 -131.00345659255981 10.08547193557024 29.993462800979614
69.408961921 -131.0341420173645 10.049330540001392 29.99362301826477
69.428914708 -131.08014726638794 9.995300121605396 29.993844270706177
69.448949187 -131.1108021736145 9.959244556725025 29.993970155715942
69.469037502 -131.15676164627075 9.90510255843401 29.99413800239563
69.489152524 -131.18741655349731 9.869069881737232 29.994229555130005
69.508932227 -131.2333607673645 9.814901180565357 29.994366884231567
69.528901703 -131.264000415802 9.778775043785572 29.99445080757141
69.548944593 -131.309898853302 9.724465198814869 29.99455761909485
69.568926933 -131.34050798416138 9.688249416649342 29.99462628364563
69.589361288 -131.38640642166138 9.633900471031666 29.99471402168274
69.608954679 -131.41696977615356 9.597585506737232 29.9947292804718
69.628950685 -131.46276140213013 9.543166942894459 29.994763612747192
69.64894152 -131.493248462677 9.506837673485279 29.994786500930786
69.668952847 -131.53893327713013 9.452259846031666 29.994828462600708
69.690455521 -131.56931352615356 9.415906734764576 29.994847536087036
69.710323667 -131.6148762702942 9.361241169273853 29.994824647903442
69.730286745 -131.64521074295044 9.324752636253834 29.99479031562805
69.750305477 -131.6906819343567 9.269919224083424 29.994733095169067
69.770498194 -131.72097063064575 9.233265705406666 29.994698762893677
69.790499829 -131.7663655281067 9.178209133446217 29.994611024856567
69.810337951 -131.7965931892395 9.141373462975025 29.994561433792114
69.83032837 -131.841881275177 9.086131878197193 29.994420289993286
69.850300405 -131.87206315994263 9.049247570335865 29.99431347846985
69.870430696 -131.91729021072388 8.993827648460865 29.994134187698364
69.890804692 -131.94742631912231 8.956890888512135 29.99402356147766
69.91034375 -131.99257707595825 8.901358433067799 29.993851900100708
69.930298468 -132.02268266677856 8.864294834434986 29.993748903274536
69.95031516 -132.06778764724731 8.808637447655201 29.993619203567505
69.970411229 -132.09783220291138 8.771450825035572 29.993558168411255
69.99041227 -132.14289140701294 8.715661831200123 29.993481874465942
70.01030738 -132.17290544509888 8.678416080772877 29.99340558052063
70.030326882 -132.21791887283325 8.622464008629322 29.993302583694458
70.050359588 -132.24791765213013 8.585196323692799 29.993233919143677
70.070428504 -132.29288530349731 8.529126949608326 29.993119478225708
70.091478183 -132.32282304763794 8.491784878075123 29.993043184280396
70.111500838 -132.3676838874817 8.435669727623463 29.992936372756958
70.131456826 -132.39757585525513 8.398240871727467 29.992875337600708
70.151462826 -132.4423451423645 8.342062778770924 29.992799043655396
70.171605305 -132.47216081619263 8.304547138512135 29.992749452590942
70.192734641 -132.5168538093567 8.248347111046314 29.992696046829224
70.212665802 -132.5466389656067 8.210857219994068 29.99268078804016
70.23266016 -132.59130144119263 8.154581852257252 29.99267315864563
70.252665266 -132.6211018562317 8.117076702415943 29.99269986152649
70.27311895 -132.66582536697388 8.060734577476978 29.992753267288208
70.292715179 -132.695641040802 8.023156948387623 29.99279522895813
70.312696386 -132.74039506912231 7.966802425682545 29.99286389350891
70.332625253 -132.77024126052856 7.929190464317799 29.992913484573364
70.352650327 -132.81501054763794 7.872811622917652 29.992997407913208
70.372830144 -132.84487199783325 7.835188217461109 29.99304699897766
70.392683371 -132.88964128494263 7.778862781822681 29.99318814277649
70.412668081 -132.91950273513794 7.741303272545338 29.99328351020813
70.432651822 -132.96428728103638 7.684942074120045 29.993462800979614
70.452662909 -132.99417924880981 7.647406883537769 29.993638277053833
70.472974982 -133.03900957107544 7.591017551720142 29.993909120559692
70.492668762 -133.06891679763794 7.553405590355396 29.994115114212036
70.512672975 -133.11379289627075 7.4969227984547615 29.994466066360474
70.532637384 -133.14371538162231 7.45920354872942 29.994706392288208
70.552635929 -133.18863725662231 7.402584381401539 29.995099306106567
70.572748752 -133.21860551834106 7.364785499870777 29.995370149612427
70.592677169 -133.26358842849731 7.308009929955006 29.995763063430786
70.61274157 -133.2935872077942 7.270120449364185 29.99606442451477
70.632684602 -133.33860063552856 7.213228531181812 29.99651074409485
70.65268409 -133.36864519119263 7.175275154411793 29.996846437454224
70.672767902 -133.4137043952942 7.118277855217457 29.99734616279602
70.692672713 -133.44376420974731 7.080269165337086 29.997693300247192
70.712749355 -133.488853931427 7.023226089775562 29.9982693195343
70.732638195 -133.51891374588013 6.985151596367359 29.998658418655396
70.752647579 -133.564049243927 6.928049869835377 29.99926495552063
70.772738497 -133.59415483474731 6.889954395592213 29.999642610549927
70.792688103 -133.63930559158325 6.8327663615345955 30.000191926956177
70.812772097 -133.66945695877075 6.794630832970142 30.00057339668274
70.832660882 -133.714684009552 6.737362690269947 30.001107454299927
70.852657928 -133.74485063552856 6.69915658980608 30.001466035842896
70.872733037 -133.79010820388794 6.641787834465504 30.00197720527649
70.892654841 -133.82029008865356 6.603525944054127 30.002301454544067
70.912732705 -133.86557817459106 6.546113796532154 30.00274395942688
70.932656456 -133.8957600593567 6.507802791893482 30.003010988235474
70.952651987 -133.94098711013794 6.450302429497242 30.00338101387024
70.972805605 -133.97112321853638 6.411917515099049 30.003602266311646
70.992703501 -134.01630449295044 6.354258365929127 30.00390362739563
71.012759634 -134.04637956619263 6.315791912376881 30.004151582717896
71.032648773 -134.0915150642395 6.258042640984058 30.00447964668274
71.05265759 -134.1215901374817 6.219530411064625 30.00467801094055
71.072824633 -134.16667985916138 6.161758251488209 30.004956483840942
71.093153556 -134.19670915603638 6.123218365013599 30.0051167011261
71.112656562 -134.24176836013794 6.065472908318043 30.005353212356567
71.132635346 -134.271812915802 6.026927776634693 30.005479097366333
71.152677839 -134.31679582595825 5.969224281609058 30.00563931465149
71.172774071 -134.34673357009888 5.9307606890797615 30.0057270526886
71.192674798 -134.39162492752075 5.873071499168873 30.005845308303833
71.212686209 -134.421471118927 5.834636516869068 30.005955934524536
71.232656325 -134.46622514724731 5.776940174400806 30.006112337112427
71.252648018 -134.49604082107544 5.738471336662769 30.006207704544067
71.272773427 -134.5407338142395 5.680738277733326 30.006356477737427
71.292654297 -134.57050371170044 5.642218418419361 30.006451845169067
71.312686453 -134.61513566970825 5.584425754845142 30.0065815448761
71.332669272 -134.64487504959106 5.54587871581316 30.00664258003235
71.352649741 -134.68950700759888 5.4880226328969 30.006726503372192
71.372942527 -134.7192463874817 5.449441261589527 30.00677990913391
71.392664675 -134.7638783454895 5.391516514122486 30.006837129592896
71.412679598 -134.79361772537231 5.352932758629322 30.00689435005188
71.432650877 -134.8382649421692 5.295027084648609 30.006970643997192
71.452660465 -134.86803483963013 5.256420440971851 30.007027864456177
71.472743791 -134.912682056427 5.198552913963795 30.00711178779602
71.492686803 -134.94245195388794 5.159968204796314 30.007161378860474
71.512696107 -134.98709917068481 5.1021755412220955 30.007279634475708
71.532656736 -135.01686906814575 5.063653774559498 30.00735592842102
71.552656787 -135.06154680252075 5.005872555077076 30.007481813430786
71.572752997 -135.09130144119263 4.967399902641773 30.007577180862427
71.592674332 -135.13591814041138 4.909675903618336 30.007703065872192
71.612720507 -135.1656575202942 4.87121469527483 30.00777554512024
71.632656892 -135.2102131843567 4.813532657921314 30.007867097854614
71.652641356 -135.23992204666138 4.775061435997486 30.007920503616333
71.672798332 -135.28441667556763 4.717377491295338 30.007996797561646
71.692695876 -135.31407976150513 4.678910084068775 30.008031129837036
71.712701617 -135.35845232009888 4.621232815086842 30.008099794387817
71.732638526 -135.388023853302 4.582755871117115 30.008145570755005
71.752682509 -135.43235063552856 4.525006599724293 30.008225679397583
71.772783626 -135.46184587478638 4.486491985619068 30.008309602737427
71.792673541 -135.50609636306763 4.428666420280933 30.008416414260864
71.812735032 -135.53557634353638 4.390087433159351 30.008496522903442
71.832656607 -135.57981157302856 4.33214408904314 30.008591890335083
71.852655108 -135.60929155349731 4.293476410210133 30.00863003730774
71.872744149 -135.65349626541138 4.235408611595631 30.008683443069458
71.89268821 -135.68297624588013 4.196673221886158 30.008713960647583
71.912696059 -135.7271809577942 4.138533420860767 30.008801698684692
71.932654657 -135.75664567947388 4.099753208458424 30.008870363235474
71.952663302 -135.80085039138794 4.041559524834156 30.00896191596985
71.972776013 -135.83023881912231 4.002727337181568 30.009049654006958
71.992712194 -135.87433671951294 3.944433517754078 30.009171724319458
72.012682792 -135.90372514724731 3.905538387596607 30.009278535842896
72.032652652 -135.94774675369263 3.847143717110157 30.009442567825317
72.052643814 -135.97710466384888 3.80818659812212 30.00951886177063
72.072775869 -136.02101945877075 3.7497561648488045 30.00960659980774
72.092734121 -136.0503010749817 3.7108090594410896 30.009652376174927
72.11267711 -136.09421586990356 3.6523888781666756 30.009705781936646
72.132627244 -136.1234211921692 3.613456316292286 30.009759187698364
72.152653404 -136.16725969314575 3.5550656989216805 30.009835481643677
72.172793912 -136.1964955329895 3.5161669924855232 30.009900331497192
72.192744237 -136.2403645515442 3.457830972969532 30.0099995136261
72.212693157 -136.26960039138794 3.4189735129475594 30.01006817817688
72.23265992 -136.31346940994263 3.360731430351734 30.01019787788391
72.252657805 -136.34275102615356 3.321907587349415 30.010300874710083
72.272743479 -136.38666582107544 3.263720817863941 30.01054883003235
72.292713401 -136.41596269607544 3.2249260619282722 30.0107204914093
72.312689367 -136.45993852615356 3.16672832518816 30.010937929153442
72.332652262 -136.4892659187317 3.1279230788350105 30.01107907295227
72.352644778 -136.53330278396606 3.0696960166096687 30.011265993118286
72.372731182 -136.5627064704895 3.0308764651417732 30.011380434036255
72.392733553 -136.6068196296692 2.9726348593831062 30.011548280715942
72.412678966 -136.63625383377075 2.933796711266041 30.011685609817505
72.432664935 -136.68039751052856 2.8755167201161385 30.011922121047974
72.452613575 -136.70986223220825 2.836654730141163 30.01204800605774
72.472728829 -136.75405168533325 2.77840668708086 30.01226544380188
72.492704474 -136.78350114822388 2.7395892813801765 30.012410402297974
72.512669812 -136.82766008377075 2.681388922035694 30.012593507766724
72.532638896 -136.8570637702942 2.642642565071583 30.012715578079224
72.552653482 -136.90116167068481 2.5845413878560066 30.012887239456177
72.572740019 -136.9305500984192 2.545843906700611 30.013013124465942
72.592728065 -136.97464799880981 2.4878428652882576 30.013196229934692
72.612667525 -137.00405168533325 2.4491809085011482 30.013291597366333
72.632665373 -137.04814958572388 2.3912432864308357 30.01342511177063
72.652630819 -137.07755327224731 2.352627582848072 30.013501405715942
72.672760107 -137.12168169021606 2.2947107031941414 30.01358914375305
72.692748892 -137.15110063552856 2.2561197951436043 30.01364254951477
72.712689455 -137.19525957107544 2.1982191279530525 30.01366925239563
72.73264366 -137.224693775177 2.159676857292652 30.0136616230011
72.75266065 -137.26885271072388 2.101883716881275 30.013619661331177
72.772821831 -137.2983021736145 2.06339318305254 30.013570070266724
72.792766329 -137.34246110916138 2.0057330802083015 30.013463258743286
72.812685694 -137.371910572052 1.9673104956746101 30.013375520706177
72.832673025 -137.41603899002075 1.9097791388630867 30.013196229934692
72.852647733 -137.44547319412231 1.8714483454823494 30.01305890083313
72.872801221 -137.4896321296692 1.813987322151661 30.01281476020813
72.893071964 -137.5190510749817 1.7757013514637947 30.01262402534485
72.912644144 -137.56317949295044 1.7182660773396492 30.012288331985474
72.932675266 -137.59259843826294 1.6799871399998665 30.012032747268677
72.952647963 -137.63671159744263 1.6226067021489143 30.011605501174927
72.972803011 -137.66613054275513 1.5843572095036507 30.011292695999146
72.992724524 -137.71022844314575 1.5270274356007576 30.01083493232727
73.012744362 -137.7396321296692 1.4888163283467293 30.01053738594055
73.032669605 -137.78371477127075 1.4315591529011726 30.01009488105774
73.052641191 -137.81310319900513 1.393387146294117 30.009801149368286
73.072709187 -137.85721635818481 1.33613271266222 30.009358644485474
73.092782719 -137.8866047859192 1.2979555800557137 30.009068727493286
73.112640588 -137.93073320388794 1.2406553700566292 30.008649110794067
73.132622784 -137.96015214920044 1.2024290040135384 30.008382081985474
73.15265399 -138.00429582595825 1.1450449898838997 30.007996797561646
73.172704298 -138.03373003005981 1.1067680791020393 30.007752656936646
73.193070116 -138.07782793045044 1.0492892935872078 30.00740933418274
73.212636766 -138.107262134552 1.010939784348011 30.007184267044067
73.232656349 -138.15140581130981 0.9533645585179329 30.006856203079224
73.25265247 -138.18085527420044 0.9149580672383308 30.00664258003235
73.272780333 -138.22504472732544 0.8573160246014595 30.006333589553833
73.292713965 -138.254478931427 0.8188418224453926 30.00612759590149
73.312670387 -138.29863786697388 0.7611020281910896 30.005845308303833
73.332628244 -138.3280873298645 0.7225750759243965 30.005658388137817
73.352648199 -138.37223100662231 0.6647636964917183 30.005372285842896
73.372723923 -138.40168046951294 0.6262133792042732 30.005173921585083
73.392781212 -138.44577836990356 0.5682895854115486 30.004895448684692
73.412665691 -138.47516679763794 0.5296468213200569 30.004735231399536
73.432682204 -138.51926469802856 0.471647210419178 30.00451397895813
73.452651915 -138.54862260818481 0.43292833119630814 30.0043842792511
73.472756247 -138.59268999099731 0.3748323991894722 30.004220247268677
73.492737831 -138.62206315994263 0.3360794559121132 30.0041401386261
73.512661725 -138.66613054275513 0.2779547646641731 30.004071474075317
73.532643655 -138.69550371170044 0.23920566588640213 30.00406002998352
73.552653968 -138.73957109451294 0.1811191812157631 30.004109621047974
73.572677387 -138.76895952224731 0.14241106063127518 30.004166841506958
73.592758189 -138.81304216384888 0.08432889729738235 30.004327058792114
73.612656838 -138.84244585037231 0.045587800443172455 30.004533052444458
73.63265429 -138.886559009552 -0.01254650205373764 30.004868745803833
73.652664292 -138.91596269607544 -0.051347170025110245 30.005135774612427
73.672701398 -138.9600911140442 -0.10957063920795918 30.00553250312805
73.692764494 -138.98952531814575 -0.1484207771718502 30.005818605422974
73.712658969 -139.03366899490356 -0.20675759762525558 30.00628399848938
73.732649142 -139.0631184577942 -0.24566391855478287 30.006592988967896
73.752640062 -139.10729265213013 -0.3041378781199455 30.007100343704224
73.772668467 -139.13678789138794 -0.3430982753634453 30.007401704788208
73.792756581 -139.18097734451294 -0.40162690728902817 30.007889986038208
73.812670698 -139.21044206619263 -0.4406666085124016 30.008225679397583
73.832664164 -139.25466203689575 -0.4992500767111778 30.00871777534485
73.852647452 -139.28412675857544 -0.5383685752749443 30.009053468704224
73.872686276 -139.32834672927856 -0.597063235938549 30.009515047073364
73.892926149 -139.35782670974731 -0.636237733066082 30.009812593460083
73.912658358 -139.4020619392395 -0.6950608417391777 30.010239839553833
73.932765202 -139.43155717849731 -0.734281949698925 30.010499238967896
73.952672627 -139.47582292556763 -0.7932518050074577 30.010892152786255
73.972666763 -139.50536394119263 -0.8325802013278008 30.011124849319458
73.993029209 -139.54970598220825 -0.8915930911898613 30.011468172073364
74.012686785 -139.57927751541138 -0.930973045527935 30.011674165725708
74.032693036 -139.62368059158325 -0.9899888560175896 30.0119411945343
74.052652429 -139.65329790115356 -1.0293375179171562 30.012131929397583
74.072655646 -139.69774675369263 -1.0883465930819511 30.01238751411438
74.093828813 -139.72740983963013 -1.127700261771679 30.01257061958313
74.113747963 -139.77191972732544 -1.1867446228861809 30.01284909248352
74.133712665 -139.80161333084106 -1.226090244948864 30.013020753860474
74.153745394 -139.8461537361145 -1.2852002903819084 30.013306856155396
74.173906244 -139.87587785720825 -1.3245958611369133 30.01347851753235
74.193849866 -139.92050981521606 -1.3836670443415642 30.013726472854614
74.213779826 -139.95031023025513 -1.4230741783976555 30.013856172561646
74.233807441 -139.99501848220825 -1.482143573462963 30.01403546333313
74.25371987 -140.02484941482544 -1.521509937942028 30.0141499042511
74.273973359 -140.0695881843567 -1.5805692002177238 30.014294862747192
74.29396058 -140.09943437576294 -1.6199238821864128 30.014371156692505
74.313734583 -140.1441731452942 -1.6789426133036613 30.014474153518677
74.333731154 -140.17400407791138 -1.7182558104395866 30.01452374458313
74.353749188 -140.21868181228638 -1.7772287651896477 30.01457715034485
74.373868615 -140.24846696853638 -1.8165216967463493 30.014596223831177
74.394053923 -140.29314470291138 -1.8754262253642082 30.014607667922974
74.413756211 -140.32292985916138 -1.914678268134594 30.014615297317505
74.433770173 -140.36760759353638 -1.9734966084361076 30.014596223831177
74.453739942 -140.39740800857544 -2.01267521828413 30.014573335647583
74.473972451 -140.4421010017395 -2.071382097899914 30.014535188674927
74.494177602 -140.47190141677856 -2.110478810966015 30.014500856399536
74.513797952 -140.51659440994263 -2.169073276221752 30.014477968215942
74.533760374 -140.54642534255981 -2.208097867667675 30.014458894729614
74.55375571 -140.59117937088013 -2.266581229865551 30.014432191848755
74.573821844 -140.62101030349731 -2.3055300042033195 30.014439821243286
74.594066573 -140.66574907302856 -2.363895110785961 30.01443600654602
74.61377095 -140.6955647468567 -2.4027306362986565 30.01440930366516
74.633802967 -140.74030351638794 -2.460915260016918 30.014344453811646
74.653756234 -140.77013444900513 -2.499653272330761 30.014294862747192
74.673854842 -140.8149037361145 -2.5577015206217766 30.014203310012817
74.6939234 -140.84476518630981 -2.5963618084788322 30.014127016067505
74.713816444 -140.88951921463013 -2.6543194577097893 30.01397442817688
74.733758231 -140.91933488845825 -2.6929477974772453 30.013848543167114
74.753750944 -140.96405839920044 -2.7508684918284416 30.013646364212036
74.773821135 -140.99382829666138 -2.789502792060375 30.01352047920227
74.794038602 -141.03849077224731 -2.8474265858531 30.013333559036255
74.813785277 -141.06827592849731 -2.886036805808544 30.013226747512817
74.833834767 -141.11295366287231 -2.943904809653759 30.013062715530396
74.853757995 -141.14272356033325 -2.9824597164988518 30.01297116279602
74.873814791 -141.18735551834106 -3.0402523800730705 30.01284909248352
74.894091667 -141.21711015701294 -3.0787493512034416 30.012757539749146
74.913778153 -141.26177263259888 -3.136489324271679 30.012669801712036
74.93376073 -141.29157304763794 -3.174981288611889 30.012616395950317
74.953774353 -141.3363118171692 -3.2327143475413322 30.01253628730774
74.973775224 -141.36615800857544 -3.271234206855297 30.012486696243286
74.993878816 -141.41095781326294 -3.3289977833628654 30.012391328811646
75.013892346 -141.44084978103638 -3.367516927421093 30.012303590774536
75.033778897 -141.48575639724731 -3.4253045842051506 30.012162446975708
75.053745159 -141.515709400177 -3.463816575706005 30.0120632648468
75.073745927 -141.56070756912231 -3.521600417792797 30.011883974075317
75.093964302 -141.59072160720825 -3.5600885674357414 30.01175808906555
75.113762966 -141.63581132888794 -3.6178511902689934 30.011590242385864
75.133752192 -141.66588640213013 -3.6563581749796867 30.01147961616516
75.153799784 -141.71103715896606 -3.714114837348461 30.011304140090942
75.173764762 -141.74115800857544 -3.7526566311717033 30.011178255081177
75.19402158 -141.78636980056763 -3.8104621693491936 30.01099133491516
75.213771691 -141.8165364265442 -3.8490225598216057 30.010823488235474
75.233813396 -141.86180925369263 -3.9068950936198235 30.01058316230774
75.253789601 -141.89200639724731 -3.9454652592539787 30.01041531562805
75.273774887 -141.93727922439575 -4.0034269616007805 30.010159730911255
75.293870612 -141.96747636795044 -4.042089872062206 30.0099880695343
75.33171682 -142.01276445388794 -4.100107364356518 30.009717226028442
75.364061681 -142.0429768562317 -4.138853721320629 30.00951886177063
75.381080507 -142.08831071853638 -4.196908168494701 30.009202241897583
75.401052986 -142.11850786209106 -4.235624484717846 30.008954286575317
75.421050567 -142.1637806892395 -4.293656043708324 30.008591890335083
75.441127464 -142.19394731521606 -4.3323361203074455 30.008389711380005
75.461128218 -142.23920488357544 -4.390341453254223 30.00808072090149
75.481059542 -142.26938676834106 -4.428981475532055 30.00786328315735
75.501048979 -142.3146595954895 -4.486977271735668 30.007527589797974
75.521053901 -142.34484148025513 -4.5256344601511955 30.007306337356567
75.541109378 -142.39012956619263 -4.583607845008373 30.00696301460266
75.561124333 -142.42031145095825 -4.62227313965559 30.006730318069458
75.581074937 -142.46561479568481 -4.6802317425608635 30.00637936592102
75.601146526 -142.49584245681763 -4.7188622280955315 30.00614285469055
75.621060699 -142.54119157791138 -4.776789836585522 30.005784273147583
75.641090974 -142.57143449783325 -4.815380744636059 30.005540132522583
75.661173474 -142.61679887771606 -4.873246364295483 30.005204439163208
75.681047561 -142.64704179763794 -4.911793403327465 30.005021333694458
75.701050007 -142.69240617752075 -4.969635181128979 30.004803895950317
75.721054019 -142.72264909744263 -5.008188895881176 30.004674196243286
75.741085069 -142.76804399490356 -5.066005401313305 30.0045063495636
75.761219513 -142.79831743240356 -5.1045481488108635 30.00442624092102
75.781066578 -142.8437581062317 -5.162307433784008 30.00431180000305
75.801118395 -142.8740315437317 -5.200784377753735 30.00424313545227
75.821054095 -142.91945695877075 -5.258459262549877 30.00417447090149
75.841075512 -142.94976091384888 -5.296871833503246 30.004117250442505
75.861134833 -142.995201587677 -5.354484252631664 30.004101991653442
75.881071244 -143.02549028396606 -5.392866782844067 30.00411343574524
75.901272658 -143.07096147537231 -5.45039813965559 30.004163026809692
75.921053742 -143.10126543045044 -5.488716296851635 30.00420880317688
75.941062054 -143.14675188064575 -5.54614370316267 30.00432324409485
75.961081677 -143.17710161209106 -5.58441799134016 30.00443387031555
75.9810541 -143.22263383865356 -5.641795329749584 30.004597902297974
76.001069467 -143.25298357009888 -5.680044822394848 30.004708528518677
76.021043829 -143.29853105545044 -5.737445525825024 30.004925966262817
76.04106327 -143.32891130447388 -5.775695018470287 30.00513195991516
76.061113674 -143.37445878982544 -5.833151035010815 30.005505800247192
76.081067311 -143.40482378005981 -5.871471099555492 30.00574231147766
76.101173434 -143.45037126541138 -5.928971938788891 30.006078004837036
76.121043429 -143.4807209968567 -5.967356376349926 30.006306886672974
76.141047333 -143.52622270584106 -6.024913959205151 30.00656247138977
76.161070243 -143.55655717849731 -6.063307456672192 30.00671887397766
76.181074104 -143.6020588874817 -6.120854072272778 30.006940126419067
76.201056108 -143.63237810134888 -6.159214667975903 30.007088899612427
76.221044611 -143.677818775177 -6.216720275580883 30.00732159614563
76.241051096 -143.70810747146606 -6.255023650825024 30.007455110549927
76.261183041 -143.7534260749817 -6.31244008988142 30.007664918899536
76.281108839 -143.78360795974731 -6.350703410804272 30.0077908039093
76.301071603 -143.8288655281067 -6.408076457679272 30.00795865058899
76.321043602 -143.85898637771606 -6.446374110877514 30.008038759231567
76.341066875 -143.90415239334106 -6.503804378211498 30.00814175605774
76.361146034 -143.93424272537231 -6.5421115681529045 30.008179903030396
76.381077565 -143.9793782234192 -6.599625758826733 30.008191347122192
76.401061627 -144.00946855545044 -6.637961082160473 30.008160829544067
76.421052548 -144.05455827713013 -6.695548705756664 30.00810742378235
76.441053534 -144.08461809158325 -6.733894519507885 30.008065462112427
76.461132461 -144.12966203689575 -6.7914706990122795 30.007981538772583
76.481077563 -144.1596760749817 -6.829837016761303 30.0079128742218
76.501072677 -144.204674243927 -6.887364082038403 30.0077908039093
76.521052737 -144.2346272468567 -6.925715617835522 30.00769543647766
76.541058226 -144.27956438064575 -6.983208350837231 30.007523775100708
76.561254178 -144.30951738357544 -7.021540813148022 30.007397890090942
76.581068748 -144.35443925857544 -7.079044036567211 30.007195711135864
76.601066526 -144.38439226150513 -7.117350749671459 30.0070698261261
76.621050904 -144.42925310134888 -7.174897365272045 30.006848573684692
76.641064364 -144.45916032791138 -7.213284187018871 30.006688356399536
76.661305296 -144.50402116775513 -7.2708884999156 30.00643277168274
76.681061489 -144.5338978767395 -7.309367351233959 30.00625729560852
76.701103092 -144.5787434577942 -7.367008857429028 30.00597882270813
76.721062406 -144.60855913162231 -7.405526332557201 30.005810976028442
76.741060802 -144.65329790115356 -7.463285140693188 30.005566835403442
76.761164495 -144.6830677986145 -7.501826457679272 30.00541043281555
76.781066478 -144.7276692390442 -7.559680633246899 30.00518536567688
76.801090477 -144.757408618927 -7.598231963813305 30.005048036575317
76.82105186 -144.80193376541138 -7.656141929328442 30.004868745803833
76.84105647 -144.83161211013794 -7.694736652076244 30.00479245185852
76.861157126 -144.87613725662231 -7.752610854804516 30.004685640335083
76.881058399 -144.90581560134888 -7.7912170216441154 30.004655122756958
76.901123437 -144.95034074783325 -7.8490783497691154 30.004647493362427
76.92106445 -144.98001909255981 -7.887648276984692 30.004658937454224
76.941071678 -145.02451372146606 -7.945469550788403 30.0047504901886
76.961166275 -145.05419206619263 -7.983976535499096 30.004830598831177
76.981068015 -145.09870195388794 -8.041694335639477 30.004990816116333
77.00107288 -145.12839555740356 -8.080131225287914 30.00509762763977
77.021053584 -145.17290544509888 -8.137766055762768 30.005330324172974
77.041184102 -145.20256853103638 -8.176157169044018 30.00551724433899
77.061208245 -145.24706315994263 -8.233696155250072 30.00580334663391
77.081059698 -145.276695728302 -8.272071056067944 30.006016969680786
77.101094738 -145.32115983963013 -8.329598598182201 30.006329774856567
77.12104913 -145.3507924079895 -8.367959193885326 30.00656247138977
77.141052714 -145.39525651931763 -8.425518207252026 30.00689435005188
77.161107134 -145.4249348640442 -8.463867358863354 30.00710415840149
77.181062947 -145.4694447517395 -8.521442584693432 30.00745129585266
77.201067493 -145.49913835525513 -8.559800319373608 30.007703065872192
77.221052431 -145.54369401931763 -8.617299251258373 30.00806164741516
77.241066745 -145.57338762283325 -8.655594043433666 30.008260011672974
77.261291338 -145.61795854568481 -8.712988071143627 30.00854992866516
77.281058814 -145.64765214920044 -8.751230411231518 30.008721590042114
77.301093743 -145.69223833084106 -8.808530978858471 30.008923768997192
77.321070145 -145.72199296951294 -8.846696071326733 30.009042024612427
77.341074501 -145.76662492752075 -8.903928928077221 30.009171724319458
77.361146477 -145.79641008377075 -8.94205491989851 30.00924038887024
77.381089945 -145.84108781814575 -8.99926870316267 30.009278535842896
77.401075885 -145.87088823318481 -9.037406139075756 30.00927472114563
77.421072515 -145.91558122634888 -9.094606570899487 30.00924801826477
77.441064461 -145.94535112380981 -9.132768802344799 30.009236574172974
77.461456054 -145.9899983406067 -9.189985446631908 30.00918698310852
77.481058944 -146.01976823806763 -9.228138141334057 30.009148836135864
77.501076762 -146.06443071365356 -9.285335712134838 30.00908398628235
77.521069888 -146.0942006111145 -9.323467426002026 30.009019136428833
77.541067229 -146.13881731033325 -9.380639247596264 30.00887417793274
77.561254553 -146.1685872077942 -9.418722324073315 30.008755922317505
77.581074376 -146.21320390701294 -9.475856952369213 30.00859570503235
77.60110291 -146.24294328689575 -9.513918094336987 30.008492708206177
77.62104518 -146.28759050369263 -9.570973567664623 30.008355379104614
77.641057315 -146.31732988357544 -9.609029941260815 30.008267641067505
77.661174221 -146.36199235916138 -9.666071109473705 30.008145570755005
77.681086107 -146.39177751541138 -9.70409219712019 30.008076906204224
77.701119802 -146.43647050857544 -9.761116199195385 30.008012056350708
77.721070029 -146.4662709236145 -9.799101047217846 30.007977724075317
77.741066318 -146.51100969314575 -9.856065921485424 30.00795865058899
77.761190899 -146.540855884552 -9.893997363746166 30.00793194770813
77.781084835 -146.58564043045044 -9.950843028724194 30.007951021194458
77.80109058 -146.61553239822388 -9.988716296851635 30.00798535346985
77.821051869 -146.66043901443481 -10.04549615830183 30.0080463886261
77.841062464 -146.6904377937317 -10.083331279456615 30.008099794387817
77.861150805 -146.73549699783325 -10.14004247635603 30.008172273635864
77.88106659 -146.7655873298645 -10.177839450538158 30.00822949409485
77.901100274 -146.8107991218567 -10.23454587906599 30.00832486152649
77.92106401 -146.84098100662231 -10.27232950180769 30.008382081985474
77.941085742 -146.88634538650513 -10.329032115638256 30.008557558059692
77.96111525 -146.9166340827942 -10.366820506751537 30.008683443069458
77.981090315 -146.96213579177856 -10.423483066260815 30.008843660354614
78.001094089 -146.9925618171692 -10.461250476539135 30.008939027786255
78.021065702 -147.03820085525513 -10.517834834754467 30.00905728340149
78.041079333 -147.06867265701294 -10.555566005408764 30.009167909622192
78.061163433 -147.11440324783325 -10.61214654892683 30.00932812690735
78.08108493 -147.14492082595825 -10.649883441627026 30.00945019721985
78.10111486 -147.19071245193481 -10.706532649695873 30.009637117385864
78.12104434 -147.22124528884888 -10.74429052323103 30.009751558303833
78.141061611 -147.26714372634888 -10.801015071570873 30.00992703437805
78.161154421 -147.29776811599731 -10.838832072913647 30.01004910469055
78.181110628 -147.34374284744263 -10.895557574927807 30.01025128364563
78.201091615 -147.37442827224731 -10.933373622596264 30.010411500930786
78.221038381 -147.420494556427 -10.990040950477123 30.010640382766724
78.241074401 -147.45122575759888 -11.027795009315014 30.01080822944641
78.261208451 -147.49735307693481 -11.084420375525951 30.011059999465942
78.281101864 -147.52809953689575 -11.1221429631114 30.011197328567505
78.301065876 -147.5742268562317 -11.178713969886303 30.011399507522583
78.321059045 -147.6049885749817 -11.21640508621931 30.01152539253235
78.341084668 -147.6511311531067 -11.272969417273998 30.0117084980011
78.361138737 -147.68190813064575 -11.310671024024487 30.011815309524536
78.381078921 -147.72808122634888 -11.36721532791853 30.011948823928833
78.401084938 -147.75888872146606 -11.404949359595776 30.01202893257141
78.421047729 -147.80510759353638 -11.461528949439526 30.012120485305786
78.441053184 -147.83591508865356 -11.49926870316267 30.0121853351593
78.461228727 -147.882164478302 -11.555908374488354 30.012253999710083
78.481089477 -147.91300249099731 -11.593653850257397 30.01226544380188
78.501073688 -147.95932817459106 -11.650346927344799 30.012234926223755
78.521048268 -147.9901967048645 -11.688143901526928 30.01221203804016
78.541070102 -148.03652238845825 -11.74483697861433 30.01214337348938
78.561342616 -148.06742143630981 -11.782612971961498 30.01208233833313
78.581103343 -148.11376237869263 -11.839254550635815 30.01201367378235
78.601066603 -148.14467668533325 -11.877008609473705 30.01200222969055
78.621060707 -148.19103288650513 -11.933604411780834 30.011983156204224
78.641074007 -148.22196245193481 -11.971328906714916 30.011964082717896
78.661176437 -148.26836442947388 -12.027912311255932 30.01193356513977
78.681101161 -148.29929399490356 -12.06561391800642 30.01189160346985
78.701055024 -148.34574174880981 -12.122158221900463 30.01186490058899
78.721066185 -148.37668657302856 -12.159830264747143 30.011853456497192
78.741057728 -148.42311906814575 -12.216303996741772 30.011857271194458
78.761178431 -148.4540638923645 -12.25394170731306 30.011887788772583
78.781122975 -148.5004963874817 -12.31035440415144 30.01193356513977
78.80106528 -148.53142595291138 -12.347946338355541 30.011979341506958
78.821199611 -148.57782793045044 -12.404297046363354 30.012040376663208
78.841060849 -148.6087727546692 -12.4418451115489 30.012086153030396
78.861172114 -148.65520524978638 -12.498150996863842 30.012154817581177
78.881101241 -148.6861653327942 -12.535663776099682 30.0121853351593
78.901054028 -148.73258256912231 -12.591962985694408 30.012200593948364
78.921047599 -148.76354265213013 -12.629478625953197 30.012192964553833
78.941058578 -148.8099446296692 -12.68573396652937 30.012097597122192
78.961206811 -148.84087419509888 -12.723268680274487 30.012006044387817
78.981122367 -148.8872151374817 -12.77954500168562 30.011861085891724
79.001067219 -148.91808366775513 -12.817067317664623 30.01175808906555
79.021071632 -148.96437883377075 -12.873354129493237 30.011605501174927
79.041152833 -148.99523210525513 -12.910861186683178 30.01149868965149
79.061169951 -149.04148149490356 -12.967168025672436 30.011365175247192
79.081111212 -149.07230424880981 -13.004672221839428 30.01126217842102
79.101059071 -149.1185383796692 -13.060963802039623 30.011143922805786
79.121093791 -149.14934587478638 -13.09846418350935 30.011082887649536
79.141053796 -149.1955647468567 -13.154684238135815 30.011006593704224
79.161098968 -149.22638750076294 -13.192144565284252 30.01098370552063
79.181130621 -149.27262163162231 -13.248306445777416 30.010960817337036
79.201052606 -149.30345964431763 -13.285735301673412 30.0109646320343
79.221052134 -149.3497395515442 -13.341878108680248 30.010968446731567
79.241065727 -149.38060808181763 -13.379292659461498 30.010972261428833
79.261136451 -149.42702531814575 -13.435435466468334 30.010995149612427
79.281127305 -149.45800065994263 -13.472857646644115 30.01101040840149
79.30107165 -149.50450944900513 -13.52898233383894 30.01102566719055
79.321054484 -149.53562211990356 -13.566428355872631 30.011056184768677
79.341087866 -149.58225297927856 -13.622553996741772 30.01110577583313
79.361141019 -149.61342668533325 -13.659993343055248 30.01119351387024
79.381146499 -149.66019487380981 -13.71612661331892 30.0113308429718
79.401054176 -149.6914143562317 -13.753537349402905 30.011449098587036
79.42106037 -149.7382893562317 -13.80962198227644 30.011632204055786
79.441058048 -149.7695393562317 -13.846990756690502 30.011735200881958
79.461099813 -149.816490650177 -13.903001956641674 30.011914491653442
79.481141348 -149.84780168533325 -13.940323047339916 30.012040376663208
79.501061951 -149.8947834968567 -13.996277026832104 30.012234926223755
79.521074876 -149.92614030838013 -14.033584766089916 30.012425661087036
79.541052046 -149.9731526374817 -14.08951585739851 30.01275372505188
79.561076865 -150.00450944900513 -14.126789264380932 30.013001680374146
79.581148238 -150.05155229568481 -14.182707004249096 30.013394594192505
79.601066892 -150.0828938484192 -14.219976596534252 30.0136501789093
79.621061101 -150.1298909187317 -14.275901965796947 30.014024019241333
79.641044113 -150.16118669509888 -14.313181094825268 30.014233827590942
79.661118339 -150.20810747146606 -14.369132213294506 30.014539003372192
79.681127752 -150.23935747146606 -14.406426601111889 30.014729738235474
79.701080023 -150.28620195388794 -14.46236913651228 30.014989137649536
79.721052476 -150.31737565994263 -14.499699763953686 30.01516842842102
79.741060286 -150.36412858963013 -14.555692844092846 30.01542019844055
79.761035389 -150.3952717781067 -14.593041591346264 30.015576601028442
79.781159306 -150.44194841384888 -14.64908903092146 30.01577877998352
79.801065554 -150.47306108474731 -14.68645017594099 30.015881776809692
79.821067454 -150.51972246170044 -14.74252813309431 30.016034364700317
79.841049122 -150.55081987380981 -14.779915027320385 30.01613736152649
79.861082431 -150.59743547439575 -14.836000613868237 30.016278505325317
79.88114436 -150.62848711013794 -14.87337987869978 30.016366243362427
79.901061581 -150.67502641677856 -14.929432086646557 30.016488313674927
79.921061332 -150.70600175857544 -14.966815166175365 30.016595125198364
79.941068544 -150.7524495124817 -15.022872142493725 30.016743898391724
79.961053729 -150.78339433670044 -15.060241870582104 30.016858339309692
79.981119939 -150.82973527908325 -15.116276912391186 30.0170795917511
80.00110205 -150.86058855056763 -15.153617076575756 30.017239809036255
80.021080997 -150.90673112869263 -15.209617786109447 30.0175678730011
80.041050181 -150.9374623298645 -15.24693887680769 30.01778531074524
80.061054305 -150.983482837677 -15.30290525406599 30.01811718940735
80.081098641 -151.01407670974731 -15.340206317603588 30.018365144729614
80.101078374 -151.05995988845825 -15.396120242774487 30.018693208694458
80.121083451 -151.09050798416138 -15.433375529944897 30.018914461135864
80.141057349 -151.13629961013794 -15.489216975867748 30.01925015449524
80.161055486 -151.16680192947388 -15.526412181556225 30.019498109817505
80.181112848 -151.21250200271606 -15.582163028419018 30.01990246772766
80.20107092 -151.24294328689575 -15.619308643043041 30.020150423049927
80.221080461 -151.28850603103638 -15.674986056983471 30.020581483840942
80.241065196 -151.31887102127075 -15.712095431983471 30.020890474319458
80.261063802 -151.36437273025513 -15.767749957740307 30.02135968208313
80.281240131 -151.39467668533325 -15.80485074967146 30.02173352241516
80.301048804 -151.44013261795044 -15.86047475785017 30.022279024124146
80.321087155 -151.47043657302856 -15.897544078528881 30.022656679153442
80.34106609 -151.51584672927856 -15.953127078711987 30.02321743965149
80.36105823 -151.54612016677856 -15.990165881812572 30.02356457710266
80.381311155 -151.59153032302856 -16.045725040137768 30.024110078811646
80.401055952 -151.62181901931763 -16.082744769752026 30.024426698684692
80.421074162 -151.66722917556763 -16.13824289292097 30.024850130081177
80.44105385 -151.69750261306763 -16.175241641700268 30.025113344192505
80.461057084 -151.74291276931763 -16.230739764869213 30.025433778762817
80.481256965 -151.77317094802856 -16.26772516220808 30.0256245136261
80.501117139 -151.8185658454895 -16.32318513840437 30.025872468948364
80.521047115 -151.84882402420044 -16.360143832862377 30.025983095169067
80.541059668 -151.89418840408325 -16.415537051856518 30.02604031562805
80.561023613 -151.92443132400513 -16.452442340552807 30.02603268623352
80.581296576 -151.96974992752075 -16.507772617042065 30.025967836380005
80.601048036 -151.99993181228638 -16.544639758765697 30.02588391304016
80.621097343 -152.0451741218567 -16.599916629493237 30.02572751045227
80.641102885 -152.07526445388794 -16.63677804917097 30.025609254837036
80.6610671 -152.12041521072388 -16.69204919785261 30.025391817092896
80.681130595 -152.15044450759888 -16.72890680283308 30.025216341018677
80.701065711 -152.19548845291138 -16.784193210303783 30.024937868118286
80.721074138 -152.2254719734192 -16.82106225937605 30.024720430374146
80.741059171 -152.27045488357544 -16.87637536972761 30.024396181106567
80.761036013 -152.3004231452942 -16.913250140845776 30.024171113967896
80.781199447 -152.34536027908325 -16.968601398169994 30.0237934589386
80.801089649 -152.37531328201294 -17.00549715012312 30.023541688919067
80.821094861 -152.42023515701294 -17.06084268540144 30.023114442825317
80.841060733 -152.45017290115356 -17.097732715308666 30.022778749465942
80.861066085 -152.4951252937317 -17.153038196265697 30.02225613594055
80.88124984 -152.52509355545044 -17.189882449805737 30.021897554397583
80.90107078 -152.57006120681763 -17.245096378028393 30.021363496780396
80.921095904 -152.6000599861145 -17.281883411109447 30.02100110054016
80.941060869 -152.64504289627075 -17.336996249854565 30.020516633987427
80.96104154 -152.67504167556763 -17.373714618384838 30.020215272903442
80.981268885 -152.7199788093567 -17.42869394272566 30.019726991653442
81.001075286 -152.74994707107544 -17.46532266587019 30.019368410110474
81.021088751 -152.79491472244263 -17.520229510962963 30.018811464309692
81.041118536 -152.82486772537231 -17.556789569556713 30.018399477005005
81.061044277 -152.8698353767395 -17.61161630600691 30.017781496047974
81.081197456 -152.89981889724731 -17.648142032325268 30.017377138137817
81.101089813 -152.94480180740356 -17.70292680710554 30.01675534248352
81.12108717 -152.97480058670044 -17.739446811378002 30.016343355178833
81.141064821 -153.01982927322388 -17.794191531836987 30.015763521194458
81.16104763 -153.04987382888794 -17.830681018531322 30.015393495559692
81.181186765 -153.09496355056763 -17.88540666550398 30.01486325263977
81.201095787 -153.12505388259888 -17.92187898606062 30.01453137397766
81.221085348 -153.17018938064575 -17.976564578711987 30.014054536819458
81.241073971 -153.20031023025513 -18.012989215552807 30.01381802558899
81.261060141 -153.24552202224731 -18.067619495093822 30.01348614692688
81.281173378 -153.27568864822388 -18.104025058448315 30.01326870918274
81.301090868 -153.32096147537231 -18.15863435715437 30.012955904006958
81.321084782 -153.35117387771606 -18.19504564255476 30.012757539749146
81.341082558 -153.39655351638794 -18.24971979111433 30.012555360794067
81.361041543 -153.42682695388794 -18.28617876023054 30.0124409198761
81.381276698 -153.47226762771606 -18.340891055762768 30.012276887893677
81.40108198 -153.50255632400513 -18.37740533798933 30.012173891067505
81.421077141 -153.54801225662231 -18.4322015568614 30.012025117874146
81.441090664 -153.57834672927856 -18.468759708106518 30.01196789741516
81.461056294 -153.62387895584106 -18.523613147437572 30.011883974075317
81.481108449 -153.65424394607544 -18.560199908912182 30.01183819770813
81.501085608 -153.6998372077942 -18.615127734839916 30.011796236038208
81.521081277 -153.7302327156067 -18.651762180030346 30.011765718460083
81.541066974 -153.77590227127075 -18.70679872483015 30.011735200881958
81.561049229 -153.80638933181763 -18.743517093360424 30.01172375679016
81.581345623 -153.85215044021606 -18.798631839454174 30.0116970539093
81.601102802 -153.88268327713013 -18.835470370948315 30.01168942451477
81.621091799 -153.9284749031067 -18.890756778419018 30.011670351028442
81.641060342 -153.95902299880981 -18.927654437720776 30.01166272163391
81.661106707 -154.00482988357544 -18.983061008155346 30.01166272163391
81.681187266 -154.0353627204895 -19.02001779526472 30.011651277542114
81.701107542 -154.08112382888794 -19.075561694800854 30.011639833450317
81.721088323 -154.11164140701294 -19.11257951706648 30.011624574661255
81.741054846 -154.15737199783325 -19.168153934180737 30.011704683303833
81.761023972 -154.18785905838013 -19.205219440162182 30.011780977249146
81.781260008 -154.2336049079895 -19.26083581894636 30.011903047561646
81.801105822 -154.26409196853638 -19.297952823340893 30.01198697090149
81.821083408 -154.3098225593567 -19.35362832993269 30.012097597122192
81.841049461 -154.3402943611145 -19.390754871070385 30.0121967792511
81.861052755 -154.3859944343567 -19.44645517319441 30.012330293655396
81.881138942 -154.41645097732544 -19.48358552902937 30.012402772903442
81.90108868 -154.46213579177856 -19.539306811988354 30.012513399124146
81.921144678 -154.49259233474731 -19.576444797217846 30.012582063674927
81.941090029 -154.53827714920044 -19.6321527287364 30.012650728225708
81.961034592 -154.56871843338013 -19.669321231544018 30.0126850605011
81.981228442 -154.6143879890442 -19.7250482365489 30.012688875198364
82.001109201 -154.6447834968567 -19.76221101731062 30.012688875198364
82.021095358 -154.6903920173645 -19.817959003150463 30.012681245803833
82.041058452 -154.72077226638794 -19.85514085739851 30.01265835762024
82.061105883 -154.76633501052856 -19.910915546119213 30.012635469436646
82.081160755 -154.796715259552 -19.94809167832136 30.01262402534485
82.101138602 -154.84226274490356 -20.003858737647533 30.012646913528442
82.121116042 -154.872642993927 -20.041025333106518 30.01265835762024
82.141057318 -154.91820573806763 -20.096754245460033 30.012715578079224
82.161049465 -154.94858598709106 -20.133930377662182 30.012776613235474
82.181217161 -154.99417924880981 -20.189689807593822 30.012845277786255
82.201102326 -155.02460527420044 -20.22686593979597 30.01286816596985
82.221100453 -155.07029008865356 -20.282676868140697 30.012887239456177
82.241074046 -155.10076189041138 -20.31988923996687 30.01291012763977
82.2610769 -155.14652299880981 -20.375692538917065 30.012906312942505
82.281185382 -155.17704057693481 -20.412878207862377 30.01287579536438
82.301117275 -155.22284746170044 -20.468603305518627 30.012791872024536
82.321074931 -155.2533802986145 -20.505724124610424 30.012711763381958
82.341049121 -155.29917192459106 -20.561363391578197 30.012582063674927
82.361051601 -155.32970476150513 -20.598451785743237 30.01248288154602
82.381191831 -155.37551164627075 -20.65407007187605 30.0123188495636
82.401122564 -155.40605974197388 -20.69114511460066 30.012208223342896
82.42108503 -155.45192766189575 -20.74675004929304 30.01205563545227
82.441052519 -155.482506275177 -20.783809833228588 30.011945009231567
82.461050582 -155.52835893630981 -20.839403323829174 30.011822938919067
82.481133603 -155.55893754959106 -20.87645547837019 30.01176953315735
82.501110483 -155.60479021072388 -20.93202417343855 30.011727571487427
82.521068797 -155.63535356521606 -20.969051532447338 30.011704683303833
82.541079764 -155.68120622634888 -21.024557285010815 30.01168942451477
82.561027538 -155.711754322052 -21.061571292579174 30.01171612739563
82.581122905 -155.75754594802856 -21.11707704514265 30.011746644973755
82.601090228 -155.78806352615356 -21.154079608619213 30.011773347854614
82.621054233 -155.833824634552 -21.209587268531322 30.011842012405396
82.641057025 -155.86432695388794 -21.246582202613354 30.011903047561646
82.66104838 -155.91005754470825 -21.302084140479565 30.01202893257141
82.681156277 -155.94054460525513 -21.339071445167065 30.012101411819458
82.701136751 -155.98627519607544 -21.394537143409252 30.012200593948364
82.72108325 -156.01676225662231 -21.431493930518627 30.012288331985474
82.741070752 -156.0625081062317 -21.4868947789073 30.0124294757843
82.761090796 -156.09299516677856 -21.52380197495222 30.012524843215942
82.781143575 -156.13874101638794 -21.579128436744213 30.012650728225708
82.801106986 -156.16921281814575 -21.61599176377058 30.012723207473755
82.821057912 -156.21491289138794 -21.671274356544018 30.01284909248352
82.841061534 -156.24538469314575 -21.708110980689526 30.012925386428833
82.861067934 -156.29103899002075 -21.76341073960066 30.01309323310852
82.881150815 -156.32148027420044 -21.800285510718822 30.013192415237427
82.90111417 -156.36713457107544 -21.855604343116283 30.013325929641724
82.921058312 -156.397545337677 -21.89250772446394 30.0134060382843
82.941072779 -156.44313859939575 -21.947855167090893 30.013524293899536
82.961042305 -156.47350358963013 -21.984764270484447 30.013596773147583
82.981151114 -156.5190052986145 -22.040170840919018 30.013692140579224
83.001105529 -156.54935503005981 -22.077108554542065 30.013745546340942
83.021040712 -156.594810962677 -22.132583789527416 30.01383328437805
83.041128886 -156.6251301765442 -22.169534854590893 30.013871431350708
83.061057807 -156.67057085037231 -22.225025348365307 30.01398205757141
83.081143095 -156.70085954666138 -22.262020282447338 30.0140278339386
83.101101946 -156.74626970291138 -22.317512683570385 30.01406979560852
83.121057088 -156.77654314041138 -22.35453622788191 30.01409649848938
83.141060126 -156.82196855545044 -22.410049609839916 30.014127016067505
83.1610415 -156.85227251052856 -22.44705980271101 30.0141499042511
83.181165923 -156.89774370193481 -22.502544574439526 30.01418423652649
83.201127785 -156.92807817459106 -22.539512805640697 30.014195680618286
83.221042197 -156.95844316482544 -22.576513461768627 30.01419186592102
83.241047288 -157.00402116775513 -22.63199060410261 30.014176607131958
83.261073987 -157.049644947052 -22.6874505802989 30.014146089553833
83.28117583 -157.08005571365356 -22.72446458786726 30.014153718948364
83.301127516 -157.1256947517395 -22.779947452247143 30.014153718948364
83.321066696 -157.15610551834106 -22.816963367164135 30.01419186592102
83.34107397 -157.20172929763794 -22.872463397681713 30.014294862747192
83.361053177 -157.23215532302856 -22.90945451706648 30.014390230178833
83.381147492 -157.2777943611145 -22.964958362281322 30.01452374458313
83.401117368 -157.3082356452942 -23.001949481666088 30.01459240913391
83.421077114 -157.35385942459106 -23.057483844459057 30.014718294143677
83.441074217 -157.38427019119263 -23.094516925513744 30.01479458808899
83.461103691 -157.42987871170044 -23.150074176490307 30.01489758491516
83.481098162 -157.460289478302 -23.187160663306713 30.0149929523468
83.501147796 -157.50592851638794 -23.242792300879955 30.01513409614563
83.521079388 -157.53636980056763 -23.279901675879955 30.015218019485474
83.541069874 -157.5820393562317 -23.335598163306713 30.015275239944458
83.561043455 -157.6125111579895 -23.37272661179304 30.015286684036255
83.581067988 -157.65819597244263 -23.428455524146557 30.015328645706177
83.601122343 -157.68866777420044 -23.46560113877058 30.015355348587036
83.621081661 -157.73436784744263 -23.521419696509838 30.01546597480774
83.6410677 -157.76483964920044 -23.558643512427807 30.01556897163391
83.661057243 -157.81060075759888 -23.614490680396557 30.015755891799927
83.681113583 -157.84110307693481 -23.651760272681713 30.01592755317688
83.70113329 -157.88686418533325 -23.707643680274487 30.01617932319641
83.721100253 -157.91738176345825 -23.744899921119213 30.016377687454224
83.741082325 -157.9631428718567 -23.80076616257429 30.016717195510864
83.761038106 -157.9936604499817 -23.837991885840893 30.016942262649536
83.781069653 -158.039391040802 -23.893839053809643 30.017342805862427
83.801085946 -158.06987810134888 -23.93105524033308 30.017625093460083
83.821077036 -158.11559343338013 -23.986856631934643 30.018052339553833
83.841072755 -158.14606523513794 -24.024034671485424 30.018326997756958
83.86106515 -158.19175004959106 -24.079775027930737 30.01873517036438
83.881067587 -158.22214555740356 -24.116901569068432 30.01904034614563
83.901132547 -158.26773881912231 -24.1725637242198 30.019482851028442
83.921084211 -158.29811906814575 -24.209657840430737 30.0197651386261
83.941073628 -158.34368181228638 -24.26529138535261 30.0201313495636
83.961046589 -158.37406206130981 -24.302364520728588 30.020333528518677
83.981075351 -158.41965532302856 -24.357958011329174 30.020589113235474
84.001085888 -158.45006608963013 -24.395008258521557 30.020707368850708
84.021084917 -158.49570512771606 -24.45055978745222 30.020856142044067
84.041076012 -158.5261311531067 -24.487571887671947 30.020928621292114
84.061046987 -158.5717854499817 -24.543066196143627 30.021004915237427
84.081096139 -158.60222673416138 -24.580051593482494 30.02105450630188
84.101129449 -158.6479115486145 -24.635498218238354 30.021138429641724
84.121086861 -158.6783528327942 -24.67244928330183 30.02120327949524
84.141068843 -158.7240071296692 -24.727857761085033 30.021302461624146
84.161056077 -158.75444841384888 -24.764776401221752 30.02135968208313
84.181058684 -158.8000569343567 -24.8201467320323 30.02153515815735
84.201166806 -158.8304524421692 -24.857061557471752 30.021680116653442
84.221132606 -158.87599992752075 -24.912429980933666 30.021905183792114
84.241058866 -158.90634965896606 -24.949390582740307 30.02203106880188
84.261047154 -158.9518666267395 -25.004823856055737 30.0222065448761
84.281056424 -158.98221635818481 -25.04179399460554 30.0223171710968
84.301108687 -159.02776384353638 -25.097238712012768 30.02248501777649
84.321082241 -159.05814409255981 -25.13418786972761 30.02258038520813
84.341071615 -159.10375261306763 -25.18962686508894 30.022748231887817
84.361048909 -159.1341633796692 -25.226562671363354 30.02282452583313
84.38105339 -159.17980241775513 -25.281961612403393 30.023003816604614
84.401138709 -159.21024370193481 -25.318901233375072 30.023133516311646
84.421078033 -159.25591325759888 -25.37431924790144 30.023316621780396
84.441068339 -159.2863850593567 -25.411302737891674 30.02343487739563
84.461065977 -159.33208513259888 -25.46677415817976 30.023568391799927
84.48104287 -159.3625569343567 -25.503770999610424 30.02364468574524
84.501132088 -159.40824174880981 -25.55929010361433 30.023755311965942
84.521087914 -159.4386830329895 -25.59629648178816 30.023804903030396
84.541123835 -159.48432207107544 -25.651857547461987 30.02386975288391
84.561036326 -159.51476335525513 -25.68889444321394 30.023900270462036
84.581057242 -159.56040239334106 -25.74443643540144 30.0239040851593
84.60114554 -159.59081315994263 -25.78149240463972 30.023919343948364
84.621063948 -159.6364369392395 -25.837042026221752 30.023892641067505
84.641078955 -159.66681718826294 -25.874084644019604 30.023881196975708
84.661076099 -159.71239519119263 -25.929634265601635 30.02382779121399
84.681049519 -159.742760181427 -25.96667306870222 30.0237820148468
84.701384444 -159.78830766677856 -26.022245578467846 30.023698091506958
84.721079748 -159.81867265701294 -26.0592824742198 30.02361798286438
84.741102438 -159.86417436599731 -26.11491983383894 30.02346158027649
84.761038684 -159.89450883865356 -26.152012042701244 30.023328065872192
84.781051862 -159.940025806427 -26.20764558762312 30.023083925247192
84.80112759 -159.97036027908325 -26.244756869971752 30.022923707962036
84.821086125 -160.01590776443481 -26.300407581031322 30.022652864456177
84.841073118 -160.04628801345825 -26.337513141334057 30.022477388381958
84.861054861 -160.09185075759888 -26.39315240830183 30.022202730178833
84.881044741 -160.12224626541138 -26.430225543677807 30.022008180618286
84.901421839 -160.16782426834106 -26.485819034278393 30.02172589302063
84.921067085 -160.1982045173645 -26.522861652076244 30.021531343460083
84.941088961 -160.2437825202942 -26.578424625098705 30.021302461624146
84.961035489 -160.27416276931763 -26.61546915024519 30.021161317825317
84.981045477 -160.31972551345825 -26.67103784531355 30.020943880081177
85.001407746 -160.35009050369263 -26.708126239478588 30.020779848098755
85.021102813 -160.3956379890442 -26.763759784400463 30.020520448684692
85.04115442 -160.42600297927856 -26.80087297409773 30.02031445503235
85.061071247 -160.47153520584106 -26.856588535010815 30.02001690864563
85.081063901 -160.50190019607544 -26.89372842758894 30.019795656204224
85.101168375 -160.54738664627075 -26.949545077979565 30.019471406936646
85.121101751 -160.57770586013794 -26.98675935715437 30.019253969192505
85.141098337 -160.6231770515442 -27.042583636939526 30.018933534622192
85.161058892 -160.65348100662231 -27.0797902867198 30.01871609687805
85.181067774 -160.6989369392395 -27.13558977097273 30.018372774124146
85.201168913 -160.7292103767395 -27.172830753028393 30.01811718940735
85.221091126 -160.7746205329895 -27.228674106299877 30.017720460891724
85.24108583 -160.8048939704895 -27.265918903052807 30.017457246780396
85.261076311 -160.85025835037231 -27.321825198829174 30.017064332962036
85.281044446 -160.8805012702942 -27.3590871617198 30.016804933547974
85.30116935 -160.92585039138794 -27.415081195533276 30.016446352005005
85.321087619 -160.9560627937317 -27.45242326706648 30.016209840774536
85.34108273 -161.00139665603638 -27.508449725806713 30.015885591506958
85.361065488 -161.0316243171692 -27.545829944312572 30.015671968460083
85.381069143 -161.07697343826294 -27.601864032447338 30.0153591632843
85.401217017 -161.10720109939575 -27.63921182602644 30.01516079902649
85.421072319 -161.15256547927856 -27.695200137794018 30.014859437942505
85.441088752 -161.18280839920044 -27.732525043189526 30.014607667922974
85.461059794 -161.22820329666138 -27.788486652076244 30.014237642288208
85.481045824 -161.25849199295044 -27.825765781104565 30.013970613479614
85.501305089 -161.3039174079895 -27.881693057715893 30.013585329055786
85.521088114 -161.33422136306763 -27.918960742652416 30.01333737373352
85.541067023 -161.37967729568481 -27.974840335547924 30.012986421585083
85.561044867 -161.41001176834106 -28.01206796616316 30.012765169143677
85.581063141 -161.45549821853638 -28.067857913672924 30.012425661087036
85.601217505 -161.48583269119263 -28.10501306504011 30.012189149856567
85.621124638 -161.531334400177 -28.160686664283276 30.011857271194458
85.641071626 -161.56168413162231 -28.197767429053783 30.01164746284485
85.661069186 -161.6071858406067 -28.253376178443432 30.011372804641724
85.681056762 -161.63752031326294 -28.290418796241283 30.011189699172974
85.701120101 -161.68300676345825 -28.345962695777416 30.010918855667114
85.721098433 -161.71331071853638 -28.38297861069441 30.010743379592896
85.741076639 -161.7587513923645 -28.438482455909252 30.01049542427063
85.761028899 -161.7890248298645 -28.475473575294018 30.010369539260864
85.781046834 -161.83441972732544 -28.530920200049877 30.010194063186646
85.801147753 -161.86467790603638 -28.56786172837019 30.010098695755005
85.821126287 -161.91002702713013 -28.623239688575268 30.009957551956177
85.84110682 -161.940269947052 -28.66012781113386 30.009839296340942
85.861041151 -161.98558855056763 -28.71544473618269 30.009656190872192
85.881044278 -162.01580095291138 -28.752298526465893 30.00951886177063
85.901143058 -162.06113481521606 -28.80754106491804 30.009297609329224
85.921108582 -162.09136247634888 -28.844360522925854 30.009122133255005
85.941098817 -162.13675737380981 -28.899557285010815 30.008866548538208
85.961038024 -162.16701555252075 -28.936313800513744 30.008675813674927
85.981086934 -162.2124104499817 -28.99141900986433 30.008374452590942
86.001209997 -162.2426838874817 -29.028133563697338 30.0081570148468
86.021089524 -162.28810930252075 -29.083179645240307 30.007855653762817
86.041091136 -162.31839799880981 -29.11985795944929 30.007703065872192
86.061051039 -162.36383867263794 -29.17485635727644 30.00747799873352
86.081050783 -162.39414262771606 -29.211527042090893 30.00732922554016
86.101174534 -162.43962907791138 -29.266529254615307 30.00711178779602
86.121150549 -162.46996355056763 -29.303224734961987 30.006978273391724
86.141093651 -162.51548051834106 -29.358272723853588 30.00677227973938
86.161037513 -162.54584550857544 -29.394994907081127 30.00663113594055
86.181042032 -162.59140825271606 -29.45011918991804 30.006409883499146
86.201135781 -162.6217885017395 -29.486871890723705 30.006261110305786
86.221125735 -162.6673665046692 -29.542005710303783 30.006024599075317
86.24109364 -162.6977620124817 -29.57875268906355 30.00586438179016
86.261061473 -162.74332475662231 -29.633846454322338 30.005616426467896
86.281037706 -162.77370500564575 -29.670555286109447 30.005486726760864
86.301175865 -162.81926774978638 -29.725593738257885 30.005337953567505
86.321108017 -162.84963274002075 -29.76227205246687 30.005265474319458
86.341068238 -162.89518022537231 -29.817255191504955 30.005120515823364
86.361038407 -162.9255452156067 -29.85388582199812 30.005013704299927
86.381060271 -162.97109270095825 -29.90882509201765 30.004838228225708
86.401192807 -163.00145769119263 -29.945440463721752 30.00468945503235
86.421133297 -163.04698991775513 -30.00036447495222 30.004491090774536
86.44107361 -163.0773549079895 -30.036974124610424 30.004353761672974
86.461090774 -163.1229329109192 -30.0918752476573 30.004151582717896
86.48105954 -163.1533284187317 -30.128452472388744 30.004021883010864
86.501244416 -163.19896745681763 -30.183290652930737 30.00383496284485
86.521143526 -163.2293782234192 -30.219829730689526 30.003724336624146
86.541063414 -163.27500200271606 -30.27462213486433 30.00354504585266
86.561043571 -163.30541276931763 -30.31114023178816 30.00342297554016
86.58104065 -163.35105180740356 -30.3659230992198 30.00323987007141
86.601262938 -163.38149309158325 -30.40243738144636 30.00311017036438
86.621170577 -163.42711687088013 -30.457206897437572 30.002923250198364
86.641073218 -163.4575276374817 -30.493707828223705 30.002850770950317
86.661066058 -163.5031361579895 -30.548437289893627 30.002747774124146
86.681068347 -163.533531665802 -30.584928683936596 30.00268292427063
86.701174258 -163.5791096687317 -30.639658145606518 30.00258755683899
86.721121919 -163.60948991775513 -30.67614572495222 30.002537965774536
86.741085448 -163.65505266189575 -30.730856113135815 30.002476930618286
86.761041846 -163.68540239334106 -30.76731698960066 30.002457857131958
86.781091474 -163.73090410232544 -30.822014026343822 30.002454042434692
86.801499236 -163.76125383377075 -30.858478717505932 30.002457857131958
86.821142176 -163.80670976638794 -30.913208179175854 30.002488374710083
86.841082143 -163.83701372146606 -30.949703387916088 30.0025417804718
86.861054125 -163.8824543952942 -31.004455737769604 30.002640962600708
86.881035662 -163.91274309158325 -31.040977649390697 30.00272488594055
86.901180062 -163.95819902420044 -31.095770053565502 30.002835512161255
86.921144822 -163.98850297927856 -31.132318668067455 30.002911806106567
86.941075145 -164.03398942947388 -31.18719308823347 30.00298810005188
86.961049916 -164.0643391609192 -31.22377984970808 30.0030300617218
86.981074179 -164.1098713874817 -31.278770618140697 30.00307583808899
87.00111565 -164.14025163650513 -31.31542032212019 30.003098726272583
87.021131763 -164.18586015701294 -31.37051408737898 30.00317883491516
87.041140183 -164.21630144119263 -31.40725915879011 30.003220796585083
87.061051099 -164.26198625564575 -31.462408237159252 30.003312349319458
87.081062785 -164.29245805740356 -31.49919717758894 30.003400087356567
87.101139722 -164.33818864822388 -31.554361514747143 30.003552675247192
87.121159402 -164.36870622634888 -31.591133289039135 30.003670930862427
87.141066965 -164.41449785232544 -31.64629190415144 30.00386929512024
87.161052873 -164.44506120681763 -31.683057956397533 30.0040066242218
87.181070477 -164.49091386795044 -31.738216571509838 30.004197359085083
87.201094368 -164.5214924812317 -31.774984531104565 30.004327058792114
87.221228698 -164.56736040115356 -31.830131702125072 30.00451397895813
87.241062413 -164.59795427322388 -31.8668939396739 30.004624605178833
87.26112338 -164.64385271072388 -31.922020129859447 30.004773378372192
87.28107242 -164.6744465827942 -31.958759479224682 30.00485348701477
87.301104105 -164.7203450202942 -32.01385896652937 30.00494122505188
87.32117346 -164.7509388923645 -32.050592593848705 30.004987001419067
87.341054819 -164.79682207107544 -32.10568826645613 30.00503659248352
87.36103623 -164.82741594314575 -32.1424123570323 30.005059480667114
87.381074104 -164.87331438064575 -32.19747369736433 30.005086183547974
87.401139379 -164.90390825271606 -32.23416727036238 30.0051167011261
87.421214903 -164.94980669021606 -32.28920190781355 30.005135774612427
87.441078474 -164.98041582107544 -32.325914554297924 30.005143404006958
87.461075127 -165.02634477615356 -32.38097207993269 30.005135774612427
87.481071127 -165.05693864822388 -32.417684726417065 30.0051052570343
87.501089398 -165.10282182693481 -32.472772769629955 30.00503659248352
87.521191664 -165.13341569900513 -32.50949304550886 30.0049831867218
87.541045868 -165.17929887771606 -32.56456582993269 30.004876375198364
87.561030307 -165.20989274978638 -32.60127084702253 30.004796266555786
87.581046861 -165.2558217048645 -32.6563283726573 30.004727602005005
87.601091913 -165.286461353302 -32.69302957504988 30.00470471382141
87.621181536 -165.33243608474731 -32.74807184189558 30.00467038154602
87.641088979 -165.36310625076294 -32.78478830307722 30.004632234573364
87.661064681 -165.4091420173645 -32.83984964340925 30.004563570022583
87.681063851 -165.43984270095825 -32.876554660499096 30.004510164260864
87.70109911 -165.48590898513794 -32.931608371436596 30.00443387031555
87.721147122 -165.5166096687317 -32.96830194443464 30.004380464553833
87.741066182 -165.5627064704895 -33.02337854355574 30.00429654121399
87.761049011 -165.59342241287231 -33.060106448829174 30.004231691360474
87.781061214 -165.63950395584106 -33.11520593613386 30.0041401386261
87.801050763 -165.67021989822388 -33.15192621201277 30.00409436225891
87.821174866 -165.71630144119263 -33.206998996436596 30.004029512405396
87.841163181 -165.74700212478638 -33.24373834580183 30.003983736038208
87.861078407 -165.79303789138794 -33.29883401840925 30.003915071487427
87.881074029 -165.82370805740356 -33.33555429428816 30.003861665725708
87.901088318 -165.869713306427 -33.390653781592846 30.003766298294067
87.921236072 -165.90038347244263 -33.42738168686628 30.00370144844055
87.941084282 -165.946373462677 -33.48247354477644 30.003594636917114
87.961059693 -165.97704362869263 -33.51919763535261 30.00351071357727
87.981062635 -166.02304887771606 -33.57427041977644 30.00335431098938
88.001055268 -166.05370378494263 -33.61097162216902 30.003228425979614
88.021177538 -166.09970903396606 -33.666002444922924 30.003026247024536
88.041080781 -166.13036394119263 -33.70268075913191 30.00286602973938
88.0610586 -166.17636919021606 -33.757677249610424 30.002618074417114
88.081050499 -166.20702409744263 -33.79432886093855 30.002427339553833
88.101042502 -166.25302934646606 -33.849332980811596 30.002103090286255
88.121298322 -166.2836995124817 -33.88600366562605 30.001878023147583
88.141056085 -166.3297200202942 -33.94109933823347 30.001553773880005
88.161049287 -166.36040544509888 -33.97785394638777 30.00134778022766
88.181047843 -166.4064564704895 -34.03302209824324 30.001031160354614
88.201043787 -166.43717241287231 -34.069872073829174 30.000836610794067
88.221185226 -166.48325395584106 -34.125150851905346 30.00055432319641
88.241063823 -166.51396989822388 -34.162042789161205 30.000375032424927
88.261132469 -166.5600666999817 -34.21744745224714 30.000115633010864
88.281049389 -166.5907826423645 -34.25439279526472 29.99997067451477
88.301049455 -166.6368489265442 -34.30993860214949 29.999802827835083
88.321141492 -166.667564868927 -34.346944980323315 29.999696016311646
88.341050945 -166.71360063552856 -34.40255945175886 29.999566316604614
88.361052883 -166.74428606033325 -34.43964593857527 29.999493837356567
88.381042835 -166.79032182693481 -34.49529092758894 29.999398469924927
88.401166403 -166.82099199295044 -34.5324270054698 29.999341249465942
88.421391024 -166.86701250076294 -34.588102512061596 29.99927258491516
88.441068598 -166.8977131843567 -34.62520807236433 29.999280214309692
88.461105951 -166.94377946853638 -34.68085687607527 29.999303102493286
88.481042619 -166.97451066970825 -34.71793573349714 29.99932599067688
88.501055704 -167.02065324783325 -34.773527316749096 29.99941372871399
88.521235552 -167.05144548416138 -34.810568027198315 29.999478578567505
88.541062679 -167.0976643562317 -34.86610620468855 29.999581575393677
88.561065427 -167.1285481452942 -34.90314691513777 29.999669313430786
88.581070119 -167.17487382888794 -34.95866983383894 29.99977993965149
88.601066708 -167.20578813552856 -34.9956723973155 29.9998676776886
88.621174181 -167.2521595954895 -35.05114953964949 30.000012636184692
88.641059312 -167.28310441970825 -35.088129214942455 30.00015377998352
88.66108328 -167.32952165603638 -35.14358728379011 30.000394105911255
88.681046855 -167.3604817390442 -35.18054407089949 30.000558137893677
88.701068939 -167.4069447517395 -35.23599832504988 30.0008442401886
88.721122385 -167.43792009353638 -35.27296655625105 30.001038789749146
88.74107353 -167.48439836502075 -35.32842843979597 30.0013325214386
88.761061322 -167.51540422439575 -35.3654348179698 30.001553773880005
88.781061107 -167.56192827224731 -35.42095010727644 30.00188183784485
88.801044737 -167.59294939041138 -35.457994632422924 30.002103090286255
88.821204514 -167.63951921463013 -35.51361291855574 30.002442598342896
88.841084081 -167.67055559158325 -35.550687961280346 30.00265622138977
88.861062427 -167.71711015701294 -35.60631387680769 30.002984285354614
88.881066177 -167.74814653396606 -35.64338510483503 30.003194093704224
88.90105698 -167.79470109939575 -35.69901864975691 30.003556489944458
88.921282647 -167.82572221755981 -35.736112765967846 30.00380825996399
88.941071767 -167.8722767829895 -35.791776828467846 30.004224061965942
88.961085984 -167.90329790115356 -35.82893197983503 30.00457501411438
88.981051303 -167.9498372077942 -35.88466089218855 30.005074739456177
89.001051928 -167.98085832595825 -35.9218313023448 30.005406618118286
89.0212004 -168.02741289138794 -35.9776059910655 30.005929231643677
89.041216421 -168.05846452713013 -36.01478021591902 30.00629162788391
89.061080488 -168.10509538650513 -36.070585422217846 30.006913423538208
89.081069891 -168.13620805740356 -36.107809238135815 30.007340669631958
89.101042285 -168.18291521072388 -36.16367166489363 30.00800061225891
89.121158004 -168.21404314041138 -36.20091836899519 30.008439302444458
89.141051834 -168.26076555252075 -36.25678461045027 30.00912594795227
89.161059102 -168.29193925857544 -36.29410379379988 30.009629487991333
89.181062089 -168.33869218826294 -36.350092105567455 30.0103542804718
89.201054123 -168.3698811531067 -36.38745706528425 30.0108425617218
89.221360461 -168.41666460037231 -36.44354074448347 30.0115749835968
89.241075326 -168.44785356521606 -36.480924777686596 30.012070894241333
89.261097875 -168.4946370124817 -36.53703897446394 30.012860536575317
89.281072832 -168.52581071853638 -36.57444208115339 30.01334500312805
89.301060513 -168.57256364822388 -36.63053720444441 30.0140163898468
89.321515035 -168.6037220954895 -36.667955569922924 30.014466524124146
89.341048079 -168.65044450759888 -36.724054507911205 30.01507306098938
89.361067628 -168.68157243728638 -36.76147287338972 30.015454530715942
89.381047708 -168.7282795906067 -36.81756799668074 30.0159809589386
89.401043142 -168.75942277908325 -36.85495965927839 30.01632046699524
89.421192529 -168.80614519119263 -36.911031894385815 30.016820192337036
89.441107987 -168.8372883796692 -36.948393039405346 30.017091035842896
89.461090418 -168.8840413093567 -37.00445383042097 30.01752209663391
89.481043313 -168.91521501541138 -37.04179971665144 30.017796754837036
89.501079999 -168.961998462677 -37.09778039902449 30.01819348335266
89.521226549 -168.99318742752075 -37.13508050888777 30.018468141555786
89.541073725 -169.03995561599731 -37.1909963414073 30.01889157295227
89.561050526 -169.07111406326294 -37.22826211899519 30.019181489944458
89.581064485 -169.11786699295044 -37.28414361923933 30.019601106643677
89.601073215 -169.14904069900513 -37.3213674351573 30.01986050605774
89.621247967 -169.1957631111145 -37.377191714942455 30.020238161087036
89.641101336 -169.226891040802 -37.41436975449324 30.020459413528442
89.661099852 -169.27358293533325 -37.470079593360424 30.02079129219055
89.681058388 -169.3046956062317 -37.507196597754955 30.02099347114563
89.701092168 -169.35134172439575 -37.56284158676863 30.02127194404602
89.721204787 -169.38239336013794 -37.599943332374096 30.0214626789093
89.741064745 -169.42894792556763 -37.65556924790144 30.021710634231567
89.761086798 -169.45998430252075 -37.692648105323315 30.02187466621399
89.781061267 -169.50652360916138 -37.74826257675886 30.022107362747192
89.801065134 -169.53752946853638 -37.78532236069441 30.022259950637817
89.821230391 -169.58403825759888 -37.84093301743269 30.022462129592896
89.841071357 -169.61502885818481 -37.87799280136824 30.022530794143677
89.861090897 -169.66147661209106 -37.93356912583113 30.022603273391724
89.881060907 -169.69240617752075 -37.97064035385847 30.022664308547974
89.901078413 -169.73880815505981 -38.02619379013777 30.022725343704224
89.92123354 -169.76969194412231 -38.06323450058699 30.022786378860474
89.94110741 -169.816002368927 -38.11878030747175 30.022839784622192
89.961080645 -169.84685564041138 -38.15580575913191 30.02286648750305
89.981048854 -169.89308977127075 -38.21134775131941 30.022908449172974
90.001065361 -169.923912525177 -38.2483579441905 30.02291989326477
90.021212051 -169.97007036209106 -38.303922824561596 30.022942781448364
90.041096185 -170.000816822052 -38.34096734970808 30.02297329902649
90.061065915 -170.04689836502075 -38.39653604477644 30.022992372512817
90.081044711 -170.07755327224731 -38.433641605079174 30.02298855781555
90.101066911 -170.12351274490356 -38.48928277939558 30.022942781448364
90.12124159 -170.15412187576294 -38.52639215439558 30.02289319038391
90.141104743 -170.1999592781067 -38.582086734473705 30.022801637649536
90.161048676 -170.23049211502075 -38.61920373886824 30.022725343704224
90.181083943 -170.27626848220825 -38.6748716160655 30.022618532180786
90.201080388 -170.30675554275513 -38.711961917579174 30.0225613117218
90.221210867 -170.35240983963013 -38.767599277198315 30.022481203079224
90.241108904 -170.3828206062317 -38.80467813462019 30.0224392414093
90.261080276 -170.42841386795044 -38.86027353256941 30.02234387397766
90.281046417 -170.45876359939575 -38.89731424301863 30.022271394729614
90.30106862 -170.50429582595825 -38.952825717628 30.02211880683899
90.321198118 -170.53466081619263 -38.98980539292097 30.02201199531555
90.341107418 -170.58022356033325 -39.045255832374096 30.021802186965942
90.361029703 -170.6106038093567 -39.082201175391674 30.02163815498352
90.381049077 -170.65615129470825 -39.13763254135847 30.021363496780396
90.401064542 -170.68651628494263 -39.17456644028425 30.02115750312805
90.421187414 -170.7320637702942 -39.2299367710948 30.020825624465942
90.441090416 -170.76242876052856 -39.26684778183699 30.020585298538208
90.461069622 -170.807945728302 -39.32220285385847 30.020203828811646
90.4810504 -170.83824968338013 -39.359125308692455 30.01992917060852
90.501047201 -170.88369035720825 -39.414495639503 30.01952862739563
90.52122481 -170.91393327713013 -39.45141427963972 30.019238710403442
90.541112753 -170.95925188064575 -39.506822757422924 30.0187885761261
90.561040181 -170.9894642829895 -39.543756656348705 30.01848340034485
90.581066858 -171.03470659255981 -39.59925287216902 30.018021821975708
90.60105862 -171.06485795974731 -39.63624399155378 30.017716646194458
90.62118767 -171.11005449295044 -39.6917287632823 30.017258882522583
90.641102582 -171.14012956619263 -39.72876565903425 30.016976594924927
90.661073188 -171.18524980545044 -39.784288577735424 30.016541719436646
90.681035496 -171.21532487869263 -39.82129877060652 30.016244173049927
90.701043178 -171.26042985916138 -39.87677972763777 30.015794038772583
90.721180741 -171.2904896736145 -39.913751773536205 30.015496492385864
90.741093987 -171.335533618927 -39.9691945835948 30.01507306098938
90.761039811 -171.36554765701294 -40.006132297217846 30.01480221748352
90.78105943 -171.41050004959106 -40.06153696030378 30.014413118362427
90.801057908 -171.4404377937317 -40.098470859229565 30.014142274856567
90.82119153 -171.48534440994263 -40.153856448829174 30.01373791694641
90.841098614 -171.515221118927 -40.19079416245222 30.013421297073364
90.861073375 -171.56005144119263 -40.246183566749096 30.012959718704224
90.881050533 -171.589928150177 -40.28312128037214 30.012688875198364
90.901069239 -171.63471269607544 -40.33855264633894 30.012322664260864
90.921210016 -171.66457414627075 -40.37549798935652 30.01208233833313
90.941163533 -171.70934343338013 -40.431017093360424 30.011735200881958
90.961048634 -171.73923540115356 -40.46799676865339 30.011510133743286
90.981038473 -171.78400468826294 -40.523466281592846 30.011189699172974
91.001064098 -171.8138508796692 -40.56043451279402 30.011002779006958
91.021165635 -171.85862016677856 -40.61586969345808 30.010743379592896
91.041268724 -171.8884358406067 -40.652860812842846 30.010594606399536
91.061076911 -171.93317461013794 -40.7083303257823 30.010396242141724
91.081049371 -171.96299028396606 -40.7453176304698 30.010297060012817
91.101061108 -172.007652759552 -40.800836734473705 30.010178804397583
91.121216839 -172.037437915802 -40.837850742042065 30.010113954544067
91.141079281 -172.0819935798645 -40.89347665756941 30.010045289993286
91.161039384 -172.11171770095825 -40.93057458847761 30.010003328323364
91.181050532 -172.15628862380981 -40.986253909766674 30.009942293167114
91.201062686 -172.1859974861145 -41.023424319922924 30.00993847846985
91.221198314 -172.23061418533325 -41.07913415879011 30.009915590286255
91.241086897 -172.260338306427 -41.116293124854565 30.009965181350708
91.261077972 -172.3049397468567 -41.17201440781355 30.01003384590149
91.281069525 -172.3346791267395 -41.20916955918074 30.010079622268677
91.301044031 -172.37932634353638 -41.26490228623152 30.01013684272766
91.321211873 -172.40911149978638 -41.30203836411238 30.01017117500305
91.341136294 -172.4538197517395 -41.35775964707136 30.010228395462036
91.361093254 -172.4836506843567 -41.39489953964949 30.010262727737427
91.381078296 -172.52841997146606 -41.450590305030346 30.010297060012817
91.401047191 -172.55829668045044 -41.487692050635815 30.010342836380005
91.421118804 -172.60314226150513 -41.543302707374096 30.01040768623352
91.441137945 -172.63308000564575 -41.580343417823315 30.010438203811646
91.461084191 -172.67804765701294 -41.63587778061628 30.01052212715149
91.481061723 -172.70806169509888 -41.672872714698315 30.010571718215942
91.501050653 -172.75310564041138 -41.72833459824324 30.010663270950317
91.521133582 -172.78315019607544 -41.765279941260815 30.0107204914093
91.541242689 -172.82831621170044 -41.82068460434675 30.010857820510864
91.561080089 -172.85845232009888 -41.85760324448347 30.010941743850708
91.581062359 -172.9036946296692 -41.91295450180769 30.01107907295227
91.601071791 -172.93390703201294 -41.94983118027449 30.011197328567505
91.621126486 -172.97928667068481 -42.00510232895613 30.011372804641724
91.641114681 -173.00957536697388 -42.04191034287214 30.011475801467896
91.661061662 -173.05504655838013 -42.09705942124128 30.01164746284485
91.681054813 -173.08538103103638 -42.13379877060652 30.01175045967102
91.701066459 -173.13089799880981 -42.18886774033308 30.011918306350708
91.721110846 -173.1612629890442 -42.225546054542065 30.012032747268677
91.741136007 -173.20685625076294 -42.28051965683699 30.012223482131958
91.761122801 -173.23725175857544 -42.31714837998152 30.012356996536255
91.781052493 -173.28287553787231 -42.372064761817455 30.012547731399536
91.801068842 -173.31330156326294 -42.408651523292065 30.012669801712036
91.821091609 -173.35895586013794 -42.46349161118269 30.012830018997192
91.841139657 -173.3894124031067 -42.500021152198315 30.0129292011261
91.861048011 -173.43512773513794 -42.55475061386824 30.013062715530396
91.881034928 -173.46563005447388 -42.591207675635815 30.013139009475708
91.901056655 -173.51140642166138 -42.6458303257823 30.013245820999146
91.921067683 -173.5419545173645 -42.682211093604565 30.013287782669067
91.941189119 -173.58779191970825 -42.73674600571394 30.013333559036255
91.96105407 -173.61834001541138 -42.77308099716902 30.01335644721985
91.981052588 -173.66416215896606 -42.82756631821394 30.01336407661438
92.00103685 -173.69469499588013 -42.86386697739363 30.013348817825317
92.02109766 -173.74050188064575 -42.91829889267683 30.013306856155396
92.041255037 -173.77103471755981 -42.95456903427839 30.01326870918274
92.061057834 -173.81682634353638 -43.00897424668074 30.013219118118286
92.081046619 -173.84735918045044 -43.04523675888777 30.013200044631958
92.101041141 -173.89316606521606 -43.09964960068464 30.013257265090942
92.121073283 -173.9237141609192 -43.135931186378 30.013299226760864
92.141144687 -173.969566822052 -43.19035165756941 30.013322114944458
92.161037409 -174.00016069412231 -43.22662561386824 30.013348817825317
92.181063312 -174.04608964920044 -43.28102319687605 30.013386964797974
92.201051282 -174.07671403884888 -43.31727045029402 30.013428926467896
92.22107786 -174.12271928787231 -43.37161462754011 30.01352047920227
92.24110815 -174.153404712677 -43.407831363379955 30.013577699661255
92.261166802 -174.19950151443481 -43.462125949561596 30.01372265815735
92.281068838 -174.2302327156067 -43.49831598252058 30.013779878616333
92.30103349 -174.2763752937317 -43.55254190415144 30.013890504837036
92.32107425 -174.30712175369263 -43.58867471665144 30.01398205757141
92.34117054 -174.35326433181763 -43.64284723252058 30.014146089553833
92.36102383 -174.3840413093567 -43.678941898047924 30.01430630683899
92.381126802 -174.43021440505981 -43.733087711036205 30.014546632766724
92.401128282 -174.46099138259888 -43.769186191260815 30.014729738235474
92.4210772 -174.50714921951294 -43.82337015122175 30.015023469924927
92.441113637 -174.53794145584106 -43.85950296372175 30.015179872512817
92.461082734 -174.58414506912231 -43.913751773536205 30.015462160110474
92.48105796 -174.61496782302856 -43.94992654770613 30.015668153762817
92.501053824 -174.661217212677 -44.004205875098705 30.01598858833313
92.52108765 -174.69208574295044 -44.040434055030346 30.016228914260864
92.541196556 -174.73839616775513 -44.09477060288191 30.016515016555786
92.561056901 -174.76927995681763 -44.13104455918074 30.016724824905396
92.58105664 -174.81565141677856 -44.185491733253 30.01701855659485
92.601064963 -174.84658098220825 -44.221830539405346 30.017228364944458
92.621092345 -174.8930287361145 -44.2764341160655 30.01754117012024
92.641116776 -174.92400407791138 -44.312860660254955 30.017735719680786
92.661078875 -174.970543384552 -44.36765497177839 30.01802945137024
92.681054802 -175.00156450271606 -44.40422647446394 30.018224000930786
92.701053113 -175.04813432693481 -44.45915048569441 30.018506288528442
92.721097255 -175.079185962677 -44.495836429297924 30.01871609687805
92.741145463 -175.12575578689575 -44.550897769629955 30.01900601387024
92.761040933 -175.15680742263794 -44.58764856308699 30.01919674873352
92.781039637 -175.20339250564575 -44.642843417823315 30.019490480422974
92.801051967 -175.234459400177 -44.67965143173933 30.019681215286255
92.821092529 -175.28107500076294 -44.73493783921003 30.019986391067505
92.84114562 -175.31215715408325 -44.77180307358503 30.020188570022583
92.86106476 -175.35875749588013 -44.82721918076277 30.020543336868286
92.881048372 -175.38983964920044 -44.86419885605574 30.020795106887817
92.901053424 -175.43645524978638 -44.91971796005964 30.021188020706177
92.921085993 -175.46750688552856 -44.95678537338972 30.021485567092896
92.941341373 -175.51406145095825 -45.012384586036205 30.02188992500305
92.961071652 -175.54508256912231 -45.04947488754988 30.02215313911438
92.98105349 -175.59160661697388 -45.10513895004988 30.022473573684692
93.001078216 -175.62261247634888 -45.14224451035261 30.022626161575317
93.021078274 -175.66910600662231 -45.197965793311596 30.022820711135864
93.041308249 -175.7000813484192 -45.23511712998152 30.022942781448364
93.06106655 -175.7465443611145 -45.29084604233503 30.023099184036255
93.081046684 -175.77750444412231 -45.327997379004955 30.023186922073364
93.101051072 -175.8239369392395 -45.383722476661205 30.0233051776886
93.121108323 -175.85489702224731 -45.42084711045027 30.02337384223938
93.141159659 -175.88584184646606 -45.45794885605574 30.023411989212036
93.161050684 -175.93228960037231 -45.513578586280346 30.023438692092896
93.181063963 -175.97875261306763 -45.569181613624096 30.023423433303833
93.201067595 -176.0097279548645 -45.606229953467846 30.02336621284485
93.221090648 -176.05614519119263 -45.661798648536205 30.023324251174927
93.241156845 -176.08707475662231 -45.69882410019636 30.023335695266724
93.2610877 -176.13346147537231 -45.75433176010847 30.02335476875305
93.281064321 -176.16434526443481 -45.79132287949324 30.023419618606567
93.301045791 -176.21068620681763 -45.84678094834089 30.02350354194641
93.321104565 -176.24156999588013 -45.88375299423933 30.023579835891724
93.341186455 -176.28786516189575 -45.93918054550886 30.023736238479614
93.361062492 -176.31870317459106 -45.976129703223705 30.02386975288391
93.381051313 -176.36496782302856 -46.031541995704174 30.024094820022583
93.401043079 -176.39582109451294 -46.06846063584089 30.02423596382141
93.421096795 -176.4420247077942 -46.12378900498152 30.024502992630005
93.441167964 -176.47280168533325 -46.16064279526472 30.024670839309692
93.461087173 -176.51894426345825 -46.2158872410655 30.024937868118286
93.481049783 -176.54970598220825 -46.25269144028425 30.025166749954224
93.501046437 -176.59581804275513 -46.30784433335066 30.0254909992218
93.52106936 -176.626549243927 -46.34458749741316 30.025708436965942
93.541154496 -176.67263078689575 -46.39966028183699 30.025986909866333
93.561048231 -176.70334672927856 -46.43635004013777 30.026131868362427
93.581104944 -176.74938249588013 -46.49135797470808 30.026376008987427
93.601050042 -176.78008317947388 -46.528001956641674 30.026505708694458
93.621103221 -176.8261342048645 -46.58294504135847 30.026692628860474
93.64119666 -176.8568196296692 -46.61954706162214 30.02676510810852
93.661106665 -176.9028401374817 -46.67441385239363 30.0268337726593
93.68104502 -176.9335560798645 -46.710985355079174 30.026864290237427
93.701064484 -176.97960710525513 -46.76582162827253 30.02685284614563
93.721090998 -177.01030778884888 -46.80237405747175 30.026829957962036
93.741178661 -177.05634355545044 -46.85719507187605 30.026795625686646
93.761078091 -177.08702898025513 -46.893732242286205 30.026761293411255
93.781049244 -177.1330189704895 -46.94857995957136 30.026715517044067
93.801057188 -177.163658618927 -46.985155276954174 30.02667737007141
93.821083869 -177.20963335037231 -47.04002969712019 30.0265896320343
93.841489379 -177.24025774002075 -47.07663553208113 30.026475191116333
93.861129022 -177.286217212677 -47.13151376694441 30.02626919746399
93.881064112 -177.31684160232544 -47.16807382553816 30.026131868362427
93.901050871 -177.3628010749817 -47.22290246933699 30.025914430618286
93.921062731 -177.39342546463013 -47.25945871323347 30.025765657424927
93.941155337 -177.43940019607544 -47.314317874610424 30.025513887405396
93.961081096 -177.47007036209106 -47.350885562598705 30.02532696723938
93.981059123 -177.51606035232544 -47.40579812973738 30.02506375312805
94.001044423 -177.54673051834106 -47.44240777939558 30.0248920917511
94.021048277 -177.59275102615356 -47.49733179062605 30.024625062942505
94.041142352 -177.62345170974731 -47.53395288437605 30.024449586868286
94.061092488 -177.669517993927 -47.58888452500105 30.024171113967896
94.08107025 -177.70026445388794 -47.62552087754011 30.023972749710083
94.101090688 -177.74645280838013 -47.6804982945323 30.0236599445343
94.121073761 -177.77726030349731 -47.71714609116316 30.023438692092896
94.141162235 -177.82352495193481 -47.77212732285261 30.023064851760864
94.161073122 -177.8543782234192 -47.808771304786205 30.022794008255005
94.181051333 -177.900719165802 -47.86377160996199 30.022393465042114
94.201073697 -177.93161821365356 -47.90044229477644 30.022130250930786
94.221057583 -177.97797441482544 -47.95545785874128 30.021722078323364
94.24115202 -178.008873462677 -47.99215143173933 30.021409273147583
94.261085786 -178.05521440505981 -48.0471975132823 30.02094006538391
94.281039884 -178.08609819412231 -48.08392160385847 30.02062726020813
94.301038282 -178.132408618927 -48.13905160874128 30.02014660835266
94.321063706 -178.1632924079895 -48.17580621689558 30.019822359085083
94.341174908 -178.20963335037231 -48.231004886329174 30.01929211616516
94.361063747 -178.24054765701294 -48.267816714942455 30.018922090530396
94.38283959 -178.286949634552 -48.323053531348705 30.018338441848755
94.402820077 -178.31789445877075 -48.35988061875105 30.0179340839386
94.422873603 -178.364342212677 -48.41514032334089 30.017327547073364
94.443228243 -178.39531755447388 -48.452020816504955 30.01688504219055
94.462846107 -178.44179582595825 -48.50733011215925 30.01624035835266
94.482837648 -178.47277116775513 -48.54422204941511 30.015824556350708
94.502859105 -178.51921892166138 -48.59958093613386 30.0152370929718
94.52285872 -178.5501790046692 -48.63647287338972 30.014859437942505
94.542912463 -178.59659624099731 -48.69183557480574 30.014359712600708
94.562826928 -178.627525806427 -48.728727512061596 30.014050722122192
94.582851491 -178.673912525177 -48.78404062241316 30.013612031936646
94.602836167 -178.7048420906067 -48.82092111557722 30.013341188430786
94.622877397 -178.75125932693481 -48.87622659653425 30.012955904006958
94.643005008 -178.78221940994263 -48.91311090439558 30.012749910354614
94.662845944 -178.82865190505981 -48.968404941260815 30.012471437454224
94.682848339 -178.85961198806763 -49.00526254624128 30.012322664260864
94.702847056 -178.90599870681763 -49.06055276840925 30.01213574409485
94.722864559 -178.93691301345825 -49.09739129990339 30.012017488479614
94.743310228 -178.98322343826294 -49.15268152207136 30.0118191242218
94.762833335 -179.01406145095825 -49.189542941749096 30.011674165725708
94.782854592 -179.06029558181763 -49.24482171982527 30.01147198677063
94.802842464 -179.0910725593567 -49.28171747177839 30.011327028274536
94.822863638 -179.13723039627075 -49.33704965561628 30.0110981464386
94.842981926 -179.16796159744263 -49.37394540756941 30.0109646320343
94.862857611 -179.2139973640442 -49.42932718247175 30.010743379592896
94.882833071 -179.24468278884888 -49.46623819321394 30.01056408882141
94.902823934 -179.29070329666138 -49.521688632667065 30.01025891304016
94.922866314 -179.32138872146606 -49.55861871689558 30.010056734085083
94.942926837 -179.36737871170044 -49.614069156348705 30.009732484817505
94.962845879 -179.39804887771606 -49.65103357285261 30.0095112323761
94.982826965 -179.4440541267395 -49.70648019760847 30.00918698310852
95.00280413 -179.47475481033325 -49.74349420517683 30.008980989456177
95.022869151 -179.52079057693481 -49.79901330918074 30.008687257766724
95.043057786 -179.55150651931763 -49.836054019629955 30.00850796699524
95.06293057 -179.59758806228638 -49.8916799351573 30.00824475288391
95.082875868 -179.62831926345825 -49.92876260727644 30.008073091506958
95.102825571 -179.67441606521606 -49.9844419285655 30.007821321487427
95.122879469 -179.70514726638794 -50.0215513035655 30.007664918899536
95.142994603 -179.75125932693481 -50.07718866318464 30.007405519485474
95.162836256 -179.78200578689575 -50.114305667579174 30.007245302200317
95.182863408 -179.8281331062317 -50.169916324317455 30.007035493850708
95.202824713 -179.85886430740356 -50.20701425522566 30.0069477558136
95.222851668 -179.90496110916138 -50.262621097266674 30.0068256855011
95.242935932 -179.93569231033325 -50.29969613999128 30.006757020950317
95.262840248 -179.981773853302 -50.355272464454174 30.006699800491333
95.282833905 -180.01250505447388 -50.3922902867198 30.00667691230774
95.302841219 -180.05857133865356 -50.4478208348155 30.00671124458313
95.322877525 -180.08927202224731 -50.48482721298933 30.00674557685852
95.342946782 -180.13532304763794 -50.540311984717846 30.00680661201477
95.362839748 -180.16600847244263 -50.57729547470808 30.006879091262817
95.382874213 -180.21207475662231 -50.63273065537214 30.007001161575317
95.40281801 -180.242760181427 -50.66967599838972 30.007107973098755
95.422868395 -180.28881120681763 -50.72504632920027 30.0073025226593
95.442972371 -180.31951189041138 -50.761923007667065 30.007420778274536
95.462867856 -180.36554765701294 -50.81719797104597 30.00761914253235
95.482839947 -180.3962483406067 -50.85402124375105 30.007760286331177
95.502842864 -180.4422688484192 -50.90921609848738 30.008042573928833
95.522885517 -180.47295427322388 -50.94599359482527 30.00822949409485
95.542977626 -180.51897478103638 -51.001127414405346 30.008496522903442
95.562842089 -180.54966020584106 -51.037870578467846 30.008713960647583
95.582878178 -180.5957112312317 -51.092962436378 30.00903820991516
95.602822697 -180.62639665603638 -51.12968271225691 30.009270906448364
95.622852597 -180.67246294021606 -51.184782199561596 30.0096333026886
95.643251946 -180.70317888259888 -51.22150629013777 30.0098774433136
95.662871846 -180.7492756843567 -51.27662485092878 30.010289430618286
95.682904339 -180.78000688552856 -51.31336801499128 30.010560274124146
95.702831607 -180.82614946365356 -51.3684865757823 30.010953187942505
95.722862221 -180.85692644119263 -51.405218295753 30.011197328567505
95.742959286 -180.90313005447388 -51.46029870957136 30.01153302192688
95.762873758 -180.9339680671692 -51.497030429542065 30.011773347854614
95.782822052 -180.9802327156067 -51.55209558457136 30.012112855911255
95.802840576 -181.0111165046692 -51.58880441635847 30.01233410835266
95.822841636 -181.05747270584106 -51.64383523911238 30.0126850605011
95.843129599 -181.0883870124817 -51.68049447983503 30.012871980667114
95.862856804 -181.13480424880981 -51.73544900864363 30.013226747512817
95.882844025 -181.16574907302856 -51.77205865830183 30.01347851753235
95.902845416 -181.21218156814575 -51.826933078467846 30.01387906074524
95.922869481 -181.24314165115356 -51.86350458115339 30.01416516304016
95.942954219 -181.28958940505981 -51.918356113135815 30.014527559280396
95.962849212 -181.3205647468567 -51.95492761582136 30.014744997024536
95.982855511 -181.367027759552 -52.00977151840925 30.015027284622192
96.002857432 -181.39798784255981 -52.04632776230574 30.01519513130188
96.02286445 -181.444420337677 -52.101129703223705 30.015424013137817
96.042940026 -181.47538042068481 -52.137640170753 30.015538454055786
96.062864499 -181.52178239822388 -52.19234674423933 30.015713930130005
96.082832563 -181.55271196365356 -52.22879999130964 30.015801668167114
96.102854046 -181.59909868240356 -52.28345697373152 30.015889406204224
96.122858107 -181.63002824783325 -52.319872073829174 30.015946626663208
96.142948087 -181.67641496658325 -52.37447565048933 30.015973329544067
96.162882311 -181.70734453201294 -52.410875491797924 30.0159695148468
96.182843719 -181.753746509552 -52.465475253760815 30.015938997268677
96.202838989 -181.78469133377075 -52.50186365097761 30.015897035598755
96.222868881 -181.83112382888794 -52.556451968848705 30.015828371047974
96.242962993 -181.86208391189575 -52.59283273667097 30.01579785346985
96.26290176 -181.90854692459106 -52.64737527817488 30.015755891799927
96.28283174 -181.93950700759888 -52.68372934311628 30.0157253742218
96.302857967 -181.98593950271606 -52.73825662583113 30.015668153762817
96.322835797 -182.01689958572388 -52.77458017319441 30.015626192092896
96.342950155 -182.06333208084106 -52.829046420753 30.015511751174927
96.362876129 -182.09429216384888 -52.86533945053816 30.01541256904602
96.382844697 -182.14069414138794 -52.91976373642683 30.01526379585266
96.402821963 -182.17162370681763 -52.95603387802839 30.015137910842896
96.422852006 -182.21796464920044 -53.010397128760815 30.014973878860474
96.443352347 -182.24884843826294 -53.04663675278425 30.014817476272583
96.462891322 -182.29515886306763 -53.10098474472761 30.014588594436646
96.482843666 -182.32598161697388 -53.137193851172924 30.014439821243286
96.502838347 -182.37223100662231 -53.19149988144636 30.01419949531555
96.52284544 -182.40300798416138 -53.22767847031355 30.014039278030396
96.542992514 -182.44915056228638 -53.28193490952253 30.01379895210266
96.562892836 -182.47989702224731 -53.31809442490339 30.013638734817505
96.58284863 -182.525963306427 -53.372335605323315 30.013375520706177
96.602827013 -182.55666399002075 -53.408495120704174 30.013177156448364
96.622838735 -182.6026692390442 -53.46274393051863 30.012879610061646
96.643013357 -182.63332414627075 -53.498922519385815 30.01269268989563
96.662920328 -182.6793293952942 -53.553209476172924 30.012433290481567
96.682842282 -182.70995378494263 -53.58943002671003 30.012295961380005
96.702829311 -182.75591325759888 -53.643766574561596 30.012093782424927
96.722840126 -182.78655290603638 -53.68001764267683 30.011998414993286
96.74318344 -182.81719255447388 -53.716276340186596 30.011918306350708
96.76296726 -182.86315202713013 -53.77067392319441 30.0118191242218
96.782866023 -182.9090657234192 -53.82505243271589 30.01177716255188
96.802871117 -182.93969011306763 -53.86129968613386 30.01174283027649
96.82283598 -182.9856038093567 -53.91564004868269 30.011826753616333
96.843029125 -183.01621294021606 -53.951864413917065 30.0119526386261
96.862883531 -183.06215715408325 -54.006212405860424 30.0121853351593
96.882838651 -183.09279680252075 -54.04245584458113 30.012418031692505
96.902850082 -183.13877153396606 -54.096822910010815 30.01278042793274
96.922855982 -183.1694416999817 -54.13308160752058 30.013047456741333
96.942991309 -183.21547746658325 -54.18749826401472 30.01351284980774
96.962902845 -183.246178150177 -54.22377984970808 30.01382565498352
96.982827075 -183.2922444343567 -54.27825754135847 30.014355897903442
97.002804811 -183.3229603767395 -54.31458108872175 30.014718294143677
97.022843361 -183.36904191970825 -54.369074039161205 30.01522946357727
97.043025312 -183.39977312088013 -54.40539377182722 30.015530824661255
97.06291787 -183.44585466384888 -54.45987527817488 30.01595425605774
97.08285218 -183.47658586502075 -54.496183566749096 30.016221284866333
97.102835419 -183.5226674079895 -54.550619296729565 30.01657223701477
97.122901822 -183.55338335037231 -54.586881808936596 30.016785860061646
97.144291117 -183.599449634552 -54.64122598618269 30.017022371292114
97.164147825 -183.63018083572388 -54.67743890732527 30.017136812210083
97.184122813 -183.6762318611145 -54.73172967880964 30.017274141311646
97.204109779 -183.70693254470825 -54.76791971176863 30.017327547073364
97.224152639 -183.7529377937317 -54.82220666855574 30.017361879348755
97.244228352 -183.7835774421692 -54.858419589698315 30.017388582229614
97.264156778 -183.82953691482544 -54.91275613754988 30.01738476753235
97.284116182 -183.86016130447388 -54.94901102036238 30.01735806465149
97.304120281 -183.906090259552 -55.003404788672924 30.017300844192505
97.324143477 -183.93669939041138 -55.03968637436628 30.017239809036255
97.34424954 -183.98256731033325 -55.09411447495222 30.017186403274536
97.364174725 -184.0131459236145 -55.13040369004011 30.01715588569641
97.384112681 -184.0589680671692 -55.1848813816905 30.01708722114563
97.40410792 -184.08951616287231 -55.22120111435652 30.01703381538391
97.424116288 -184.13535356521606 -55.275682620704174 30.01693081855774
97.44426113 -184.1659016609192 -55.31202142685652 30.016820192337036
97.46422674 -184.21173906326294 -55.3665220066905 30.016648530960083
97.484115249 -184.24233293533325 -55.40286462754011 30.016534090042114
97.504112464 -184.28826189041138 -55.45737283676863 30.016366243362427
97.524135636 -184.31888628005981 -55.493707828223705 30.016247987747192
97.544205482 -184.36492204666138 -55.548177890479565 30.01611065864563
97.56416653 -184.39560747146606 -55.58448999375105 30.016007661819458
97.584132765 -184.44168901443481 -55.6388723179698 30.0158588886261
97.604125301 -184.47243547439575 -55.6751157566905 30.015740633010864
97.62413178 -184.5185627937317 -55.72946374863386 30.015549898147583
97.644198696 -184.54935503005981 -55.765680484473705 30.015401124954224
97.664188895 -184.595543384552 -55.81998651474714 30.01529812812805
97.684120085 -184.62633562088013 -55.85618036240339 30.015828371047974
97.704123427 -184.67250871658325 -55.91040628403425 30.018048524856567
97.7241279 -184.70328569412231 -55.94647043198347 30.02047085762024
97.744672653 -184.74948930740356 -56.00033777207136 30.025471925735474
97.764148988 -184.78032732009888 -56.03599374741316 30.029568910598755
97.784128052 -184.82668352127075 -56.088915042579174 30.036614656448364
97.804109707 -184.85770463943481 -56.12368219345808 30.041939973831177
97.824123783 -184.9044270515442 -56.17494409531355 30.05019497871399
97.844229208 -184.93576860427856 -56.2083303257823 30.056050539016724
97.864183156 -184.9830403327942 -56.25715082138777 30.064812898635864
97.88412484 -185.0147786140442 -56.28873270004988 30.070611238479614
97.904117514 -185.0627522468567 -56.33444803208113 30.07901120185852
97.92412231 -185.0949788093567 -56.363859347999096 30.08431363105774
97.944215931 -185.1438069343567 -56.40591638535261 30.091744661331177
97.964178272 -185.17665910720825 -56.43266122788191 30.096253633499146
97.984119353 -185.22635698318481 -56.4707814976573 30.102315187454224
98.004107327 -185.25988054275513 -56.49458139389753 30.1058132648468
98.024117411 -185.31061601638794 -56.52825754135847 30.110303163528442
98.044234674 -185.34478044509888 -56.54916971176863 30.112767457962036
98.064166622 -185.39658403396606 -56.578172855079174 30.115681886672974
98.084130686 -185.4314045906067 -56.59610193222761 30.117139101028442
98.104117545 -185.48420000076294 -56.620565585792065 30.118573427200317
98.124108789 -185.51967668533325 -56.63544671982527 30.119088411331177
98.144236681 -185.57360124588013 -56.65503519028425 30.119168519973755
98.164166496 -185.60990190505981 -56.666593722999096 30.11882519721985
98.18410938 -185.66489458084106 -56.68170373886824 30.117749452590942
98.204104452 -185.7020344734192 -56.69006936997175 30.11662793159485
98.224104563 -185.7581868171692 -56.70059793442488 30.114484071731567
98.244236515 -185.79599809646606 -56.7061330601573 30.112794160842896
98.26418209 -185.85331010818481 -56.712248019874096 30.10983395576477
98.284113779 -185.8918080329895 -56.71505182236433 30.10763669013977
98.304116584 -185.95023393630981 -56.71695154160261 30.103951692581177
98.324110561 -185.98952531814575 -56.71693246811628 30.101319551467896
98.34422914 -186.04894304275513 -56.71502893418074 30.097119569778442
98.364606813 -186.08886003494263 -56.71256845444441 30.094189882278442
98.384138382 -186.14920854568481 -56.707147769629955 30.089635133743286
98.404120161 -186.18985795974731 -56.70224588364363 30.08649182319641
98.424108865 -186.25119829177856 -56.69339578598738 30.081742525100708
98.444214311 -186.29241228103638 -56.686430148780346 30.07854962348938
98.464186451 -186.35468339920044 -56.674467258155346 30.07379651069641
98.484124684 -186.39641618728638 -56.66561334580183 30.070672273635864
98.504100906 -186.459557056427 -56.650804691016674 30.06606411933899
98.524099377 -186.5019154548645 -56.64010827988386 30.063050508499146
98.544189101 -186.56578874588013 -56.622892551124096 30.058621644973755
98.564166294 -186.60871171951294 -56.61059778183699 30.055737733840942
98.584143929 -186.67337846755981 -56.591180972754955 30.051533937454224
98.604102725 -186.71672868728638 -56.577570132911205 30.04882550239563
98.624101103 -186.78202104568481 -56.556295566260815 30.04488492012024
98.644235985 -186.825767993927 -56.54154413193464 30.042340517044067
98.664205648 -186.8917317390442 -56.5186330601573 30.038655519485474
98.684153925 -186.93584489822388 -56.50288217514753 30.03627896308899
98.704100254 -187.00237321853638 -56.47858636826277 30.032811403274536
98.724099667 -187.04686784744263 -56.46197336167097 30.030579805374146
98.744189981 -187.11380815505981 -56.436468295753 30.0273220539093
98.76459339 -187.15862321853638 -56.41911142319441 30.025227785110474
98.784150348 -187.22597551345825 -56.39257638901472 30.022237062454224
98.804095832 -187.2710041999817 -56.37457101792097 30.020341157913208
98.824133133 -187.3387532234192 -56.34714715927839 30.01760983467102
98.844202342 -187.38398027420044 -56.32859247177839 30.015881776809692
98.864352678 -187.45209550857544 -56.30050104111433 30.013402223587036
98.884128015 -187.49750566482544 -56.28151910752058 30.011807680130005
98.904112123 -187.56584978103638 -56.25290124863386 30.009522676467896
98.924121834 -187.6114583015442 -56.23368280380964 30.008073091506958
98.944198128 -187.67992448806763 -56.204645328223705 30.006001710891724
98.964268689 -187.72563982009888 -56.18527811020613 30.00472378730774
98.984153676 -187.7941975593567 -56.156027011573315 30.002949953079224
99.004112415 -187.83991289138794 -56.13646524399519 30.00188946723938
99.024147732 -187.90848588943481 -56.10706155747175 30.000436067581177
99.0443602 -187.95417070388794 -56.08735101670027 29.999539613723755
99.064263302 -188.02269792556763 -56.057806186378 29.99838376045227
99.084112847 -188.0683674812317 -56.03802698105574 29.997689485549927
99.104119988 -188.136803150177 -56.008245639503 29.99675488471985
99.124113853 -188.18242692947388 -55.98841684311628 29.996228456497192
99.144156206 -188.25077104568481 -55.95844476670027 29.99550747871399
99.164275646 -188.29628801345825 -55.93852060288191 29.99512219429016
99.1842202 -188.36449480056763 -55.90851037949324 29.994637727737427
99.204113435 -188.4099202156067 -55.88849847763777 29.994412660598755
99.224108092 -188.47802019119263 -55.858480624854565 29.994157075881958
99.244154694 -188.52335405349731 -55.83840387314558 29.99402356147766
99.264286923 -188.59133195877075 -55.80834787338972 29.99392819404602
99.284156709 -188.63658952713013 -55.788274936378 29.993905305862427
99.304127807 -188.70439958572388 -55.75811975449324 29.993916749954224
99.324111291 -188.74958086013794 -55.738084964454174 29.993993043899536
99.344166568 -188.81728410720825 -55.70794504135847 29.994176149368286
99.36522298 -188.86235857009888 -55.687860660254955 29.99434781074524
99.385183229 -188.92990922927856 -55.65774744004011 29.994691133499146
99.405109268 -188.97487688064575 -55.63761346787214 29.99493908882141
99.425129765 -189.0422444343567 -55.60743539780378 29.99539303779602
99.445215057 -189.08709001541138 -55.58725183457136 29.995721101760864
99.4654752 -189.15428972244263 -55.55711954087019 29.996331453323364
99.485137257 -189.19899797439575 -55.53700464218855 29.996751070022583
99.505138867 -189.26596879959106 -55.5067922398448 29.99739956855774
99.525123469 -189.3105092048645 -55.48674600571394 29.99789547920227
99.545187007 -189.37723588943481 -55.45660226792097 29.998631715774536
99.566240528 -189.42162370681763 -55.43653314560652 29.999139070510864
99.586206923 -189.48810625076294 -55.406454257667065 29.999932527542114
99.606233081 -189.5323567390442 -55.386339358985424 30.000455141067505
99.626230504 -189.59862565994263 -55.356290988624096 30.001282930374146
99.646754952 -189.64275407791138 -55.33621423691511 30.00183606147766
99.667661267 -189.70885515213013 -55.30603235214949 30.002652406692505
99.688223308 -189.75284624099731 -55.28587930649519 30.00317883491516
99.71966362 -189.81874895095825 -55.25560586899519 30.003941774368286
99.740989411 -189.86257219314575 -55.23551767319441 30.004449129104614
99.761052124 -189.92824602127075 -55.20528619736433 30.00515103340149
99.782357687 -189.97194719314575 -55.185140781104565 30.005597352981567
99.802261287 -190.03740739822388 -55.154955081641674 30.00625729560852
99.823298842 -190.08098649978638 -55.13477151840925 30.00668454170227
99.846299651 -190.14621782302856 -55.10461633652449 30.00725293159485
99.86762761 -190.18964433670044 -55.08448999375105 30.007603883743286
99.887703801 -190.25473833084106 -55.05426233261824 30.008057832717896
99.907728942 -190.29808855056763 -55.034200839698315 30.00832486152649
99.933304555 -190.36307573318481 -55.00401132553816 30.00866436958313
99.953002478 -190.40634965896606 -54.98389261215925 30.00885510444641
99.97298096 -190.47121477127075 -54.95363061875105 30.00911831855774
99.992930345 -190.5144124031067 -54.93348520249128 30.009286165237427
100.013690534 -190.57912492752075 -54.90331094712019 30.00951886177063
100.034155583 -190.62224626541138 -54.8831350132823 30.009644746780396
100.054017741 -190.68683671951294 -54.85300271958113 30.00982403755188
100.074068669 -190.7298665046692 -54.83288782089949 30.009900331497192
100.094142016 -190.7943959236145 -54.80267541855574 30.009984254837036
100.114443837 -190.8373646736145 -54.78262536972761 30.010022401809692
100.134234675 -190.90178728103638 -54.75244729965925 30.010030031204224
100.154036724 -190.94467973709106 -54.73235147446394 30.010018587112427
100.174058152 -191.00894975662231 -54.70223443955183 30.009984254837036
100.194072817 -191.05178117752075 -54.682089023292065 30.00994610786438
100.214819422 -191.11591386795044 -54.651998691260815 30.009900331497192
100.234277103 -191.15868425369263 -54.631796054542065 30.009843111038208
100.254036375 -191.22275590896606 -54.60162561386824 30.009774446487427
100.274684745 -191.26541948318481 -54.58148019760847 30.00978970527649
100.294087921 -191.32938432693481 -54.55121820420027 30.00979733467102
100.314350069 -191.37194108963013 -54.531122379004955 30.009820222854614
100.334148506 -191.43578386306763 -54.50085275620222 30.00985836982727
100.354054321 -191.47832536697388 -54.4806691929698 30.0098659992218
100.374057299 -191.5421223640442 -54.45038812607527 30.00979733467102
100.394065484 -191.58466386795044 -54.430120639503 30.009721040725708
100.414916047 -191.6484456062317 -54.39977853745222 30.00957989692688
100.435547505 -191.69097185134888 -54.37949579209089 30.00948452949524
100.455217095 -191.75473833084106 -54.348985843360424 30.00931668281555
100.475269364 -191.79726457595825 -54.32864969223738 30.00917935371399
100.49530123 -191.86106157302856 -54.29793756455183 30.00895047187805
100.515520864 -191.90358781814575 -54.27749078720808 30.0087788105011
100.535343228 -191.96738481521606 -54.24668329209089 30.00850796699524
100.555242666 -192.00991106033325 -54.22610681504011 30.00832486152649
100.575285035 -192.07370805740356 -54.19519250839949 30.0080463886261
100.595261394 -192.11624956130981 -54.174493961036205 30.00785183906555
100.616218529 -192.1800618171692 -54.14344232529402 30.007630586624146
100.635280693 -192.22263383865356 -54.12265603989363 30.007500886917114
100.655262279 -192.2865071296692 -54.091356448829174 30.0073139667511
100.675252338 -192.32909440994263 -54.07045953720808 30.00722622871399
100.695294887 -192.39301347732544 -54.03898065537214 30.007096529006958
100.716661454 -192.43566179275513 -54.01795404404402 30.007031679153442
100.736430584 -192.49962663650513 -53.98636072129011 30.006974458694458
100.756266114 -192.54229021072388 -53.96521966904402 30.006940126419067
100.776297704 -192.60631608963013 -53.93344705551863 30.00692105293274
100.79670574 -192.64902544021606 -53.9121877476573 30.006913423538208
100.816553975 -192.7130970954895 -53.880315952003 30.00695538520813
100.836358692 -192.75583696365356 -53.85901086777449 30.006974458694458
100.856303398 -192.81992387771606 -53.8269712254405 30.00700879096985
100.876233055 -192.86266374588013 -53.80560129135847 30.007066011428833
100.896779537 -192.92679643630981 -53.773431949317455 30.007123231887817
100.916474145 -192.969566822052 -53.75194375962019 30.007157564163208
100.936348817 -193.03373003005981 -53.71966760605574 30.007195711135864
100.956243573 -193.07651567459106 -53.698080234229565 30.00720715522766
100.976288133 -193.14066362380981 -53.66569345444441 30.007272005081177
100.996355176 -193.183434009552 -53.644064120948315 30.007317781448364
101.016464095 -193.24758195877075 -53.61154382675886 30.007359743118286
101.036343813 -193.29033708572388 -53.589830569922924 30.00737500190735
101.056376524 -193.35446977615356 -53.55722253769636 30.00739026069641
101.076335057 -193.3972249031067 -53.535490207374096 30.00739026069641
101.096492324 -193.46137285232544 -53.50279825180769 30.007378816604614
101.11650569 -193.50412797927856 -53.48096673935652 30.007371187210083
101.13631487 -193.56830644607544 -53.448209933936596 30.007367372512817
101.156255652 -193.61110734939575 -53.426325015723705 30.00735592842102
101.176369803 -193.67533159255981 -53.39356058090925 30.007367372512817
101.196303751 -193.7181477546692 -53.37170236557722 30.00736355781555
101.216477629 -193.78240251541138 -53.338888339698315 30.00734829902649
101.236392157 -193.82523393630981 -53.31703012436628 30.007340669631958
101.25630241 -193.88950395584106 -53.28414361923933 30.007310152053833
101.27643807 -193.93236589431763 -53.26219003647566 30.0073139667511
101.296355545 -193.996666431427 -53.229192905128 30.00729489326477
101.316501182 -194.03954362869263 -53.20718973129988 30.00726819038391
101.336318761 -194.10390520095825 -53.17419641464949 30.007214784622192
101.356246385 -194.146812915802 -53.15215890854597 30.00717282295227
101.376243686 -194.21122026443481 -53.11918085068464 30.007031679153442
101.396318216 -194.2541584968567 -53.09717386215925 30.006905794143677
101.416501897 -194.3185658454895 -53.064134769141674 30.00668454170227
101.43643126 -194.36148881912231 -53.042143039405346 30.006531953811646
101.456286176 -194.42589616775513 -53.009081058204174 30.006299257278442
101.476236147 -194.46881914138794 -52.987020663917065 30.006150484085083
101.496334664 -194.53318071365356 -52.95389764755964 30.005936861038208
101.516435527 -194.57610368728638 -52.93176477402449 30.005784273147583
101.536308739 -194.64049577713013 -52.898554019629955 30.005528688430786
101.556266729 -194.683434009552 -52.87634485214949 30.005357027053833
101.576230387 -194.74787187576294 -52.84303110092878 30.00505566596985
101.596292532 -194.79087114334106 -52.82076471298933 30.00484585762024
101.61648551 -194.85540056228638 -52.787286929786205 30.004525423049927
101.636334704 -194.89850664138794 -52.764921359717846 30.004300355911255
101.656264884 -194.96317338943481 -52.73127572983503 30.00397229194641
101.67634485 -195.0063099861145 -52.70878046005964 30.00375485420227
101.696352392 -195.0710530281067 -52.67495935410261 30.00344204902649
101.716428982 -195.11423540115356 -52.65236108750105 30.003216981887817
101.736430327 -195.17900896072388 -52.61840646713972 30.002850770950317
101.756266966 -195.22220659255981 -52.59572809189558 30.002606630325317
101.77623976 -195.28701066970825 -52.56165521591902 30.00222134590149
101.796291361 -195.33022356033325 -52.538961581885815 30.001946687698364
101.81648176 -195.39501237869263 -52.504842929542065 30.00154995918274
101.836326248 -195.4381947517395 -52.48211496323347 30.001282930374146
101.856265675 -195.50290727615356 -52.44798868149519 30.000890016555786
101.876236481 -195.5460286140442 -52.42524545639753 30.000596284866333
101.896371266 -195.61064958572388 -52.39116495102644 30.00015377998352
101.916540013 -195.65370988845825 -52.36843317002058 29.999863862991333
101.936347111 -195.71825456619263 -52.33440988510847 29.99942898750305
101.956290183 -195.76126909255981 -52.3117238804698 29.999131441116333
101.976282204 -195.82572221755981 -52.27770059555769 29.998673677444458
101.99630776 -195.86862993240356 -52.25507562607527 29.99832272529602
102.016487689 -195.932945728302 -52.22112863510847 29.99780011177063
102.036332541 -195.97576189041138 -52.198534183204174 29.997437715530396
102.056229681 -196.03995561599731 -52.164640597999096 29.996899843215942
102.076355348 -196.0827260017395 -52.14201944321394 29.99658703804016
102.096356234 -196.14679765701294 -52.10807626694441 29.99609875679016
102.116488072 -196.18947649002075 -52.08542840927839 29.99577832221985
102.136376643 -196.25345659255981 -52.05145090073347 29.995240449905396
102.156271505 -196.29608964920044 -52.02878396958113 29.994885683059692
102.176291829 -196.36003923416138 -51.99475686997175 29.994332551956177
102.196290699 -196.40262651443481 -51.97208612412214 29.99393582344055
102.216483421 -196.46653032302856 -51.938043765723705 29.993375062942505
102.236428705 -196.50913286209106 -51.915338687598705 29.9930202960968
102.256250918 -196.5730061531067 -51.88127725571394 29.992509126663208
102.27632079 -196.6156086921692 -51.85854547470808 29.99219250679016
102.296412352 -196.67949724197388 -51.82449548691511 29.991746187210083
102.316474644 -196.72209978103638 -51.801786594092846 29.991463899612427
102.336429461 -196.7860188484192 -51.76771371811628 29.9910671710968
102.356277409 -196.82865190505981 -51.744981937110424 29.990800142288208
102.376226354 -196.89263200759888 -51.71085565537214 29.99042248725891
102.396247739 -196.9352650642395 -51.68812768906355 29.99017071723938
102.416476647 -196.99926042556763 -51.65401666611433 29.989800691604614
102.436368174 -197.0419545173645 -51.63127725571394 29.989545106887817
102.456271764 -197.10601091384888 -51.59714334458113 29.98922085762024
102.476234694 -197.14873552322388 -51.574369601905346 29.989014863967896
102.496288442 -197.2128529548645 -51.540189914405346 29.988778352737427
102.516504939 -197.2556233406067 -51.51738565415144 29.98864483833313
102.536298337 -197.3197865486145 -51.48315637558699 29.988476991653442
102.556280502 -197.36260271072388 -51.46029108017683 29.988385438919067
102.57632954 -197.42685747146606 -51.42593973129988 29.9882595539093
102.59623373 -197.46971940994263 -51.40299432724714 29.98819851875305
102.616432092 -197.53400468826294 -51.36853235214949 29.98812985420227
102.636301812 -197.5768666267395 -51.34551828354597 29.98809552192688
102.656257537 -197.64116716384888 -51.31091897934675 29.98807644844055
102.676289726 -197.68402910232544 -51.28782480210066 29.988045930862427
102.696299795 -197.74834489822388 -51.25312250107527 29.9880154132843
102.716563193 -197.79123735427856 -51.229948215186596 29.988003969192505
102.736380864 -197.8555989265442 -51.19512765854597 29.98800015449524
102.756360373 -197.89853715896606 -51.17187326401472 29.987992525100708
102.776329497 -197.962975025177 -51.136957339942455 29.987992525100708
102.796342634 -198.00595903396606 -51.11365335434675 29.987992525100708
102.81696687 -198.07047319412231 -51.07863824814558 29.98797345161438
102.836374563 -198.11350297927856 -51.05528085678816 29.98794674873352
102.856304388 -198.17804765701294 -51.020162753760815 29.987927675247192
102.876254776 -198.2210774421692 -50.99675577133894 29.98794674873352
102.896341932 -198.28562211990356 -50.961603336036205 29.987996339797974
102.917278235 -198.32865190505981 -50.93814676254988 29.988030672073364
102.936380718 -198.39321184158325 -50.90293329209089 29.988084077835083
102.95624981 -198.4362416267395 -50.87942712754011 29.988145112991333
102.976282025 -198.500816822052 -50.844164066016674 29.98825192451477
102.996294494 -198.54386186599731 -50.820638827979565 29.988328218460083
103.016518401 -198.60843706130981 -50.78531091660261 29.98843502998352
103.036413 -198.65148210525513 -50.76175134629011 29.9885036945343
103.056259176 -198.71604204177856 -50.72635858505964 29.988606691360474
103.076351945 -198.75908708572388 -50.702745608985424 29.988690614700317
103.096326324 -198.82363176345825 -50.6673032566905 29.988812685012817
103.116513159 -198.86664628982544 -50.64365976303816 29.98888897895813
103.136476017 -198.93117570877075 -50.60821741074324 29.988995790481567
103.156276325 -198.97415971755981 -50.58456628769636 29.98907971382141
103.17628339 -199.0385823249817 -50.54910486191511 29.989209413528442
103.196300695 -199.0815052986145 -50.5254575535655 29.98930859565735
103.216447884 -199.14580583572388 -50.48999994248152 29.9894802570343
103.236371553 -199.18863725662231 -50.46638315171003 29.989609956741333
103.25627422 -199.25280046463013 -50.430936984717846 29.989800691604614
103.276353264 -199.29557085037231 -50.407316379249096 29.98986554145813
103.296315084 -199.359703540802 -50.37190072983503 29.989964723587036
103.316491301 -199.402428150177 -50.348322086036205 29.99002194404602
103.336375494 -199.46654558181763 -50.31298654526472 29.990121126174927
103.356278647 -199.5092854499817 -50.28946512192488 29.990185976028442
103.376244346 -199.5733723640442 -50.254240207374096 29.9902241230011
103.396266009 -199.6160969734192 -50.2307912632823 29.99023175239563
103.416505667 -199.68016862869263 -50.19567697495222 29.990220308303833
103.436355121 -199.7228627204895 -50.172296695411205 29.990189790725708
103.456278689 -199.78688859939575 -50.13724344223738 29.99013638496399
103.476255377 -199.82956743240356 -50.113886050879955 29.990128755569458
103.496319147 -199.89359331130981 -50.07885568588972 29.990128755569458
103.516398543 -199.93622636795044 -50.0554982945323 29.990124940872192
103.536550877 -200.00019121170044 -50.02049081772566 29.990128755569458
103.556273797 -200.04282426834106 -49.99717538803816 29.990128755569458
103.576334656 -200.10675859451294 -49.96223276108503 29.99013638496399
103.596306644 -200.1493763923645 -49.938959293067455 29.990147829055786
103.616510297 -200.21328020095825 -49.904161624610424 29.9901020526886
103.636452445 -200.25588274002075 -49.88100641220808 29.990018129348755
103.656305424 -200.3197865486145 -49.84634988754988 29.98989224433899
103.676263445 -200.362389087677 -49.82330530136824 29.989808320999146
103.696253698 -200.42629289627075 -49.78882806748152 29.98968243598938
103.716527626 -200.4688801765442 -49.76592081040144 29.98956799507141
103.737107219 -200.53278398513794 -49.73160379379988 29.98937726020813
103.756331173 -200.57538652420044 -49.70877664536238 29.989239931106567
103.776294813 -200.63930559158325 -49.67460077255964 29.98898434638977
103.796350383 -200.68192338943481 -49.65183847397566 29.988812685012817
103.816679735 -200.74588823318481 -49.61780755966902 29.9885151386261
103.838384424 -200.78852128982544 -49.59515207260847 29.988328218460083
103.858216212 -200.8525013923645 -49.561224155128 29.988057374954224
103.878224381 -200.8951497077942 -49.538664035499096 29.98788571357727
103.898305618 -200.95916032791138 -49.50484674423933 29.98764157295227
103.918571543 -201.0018391609192 -49.482328586280346 29.98748517036438
103.938354577 -201.06584978103638 -49.448595218360424 29.98727536201477
103.958194702 -201.10851335525513 -49.42616098374128 29.987134218215942
103.978228691 -201.17255449295044 -49.39256113022566 29.986890077590942
103.99823827 -201.21524858474731 -49.370172671973705 29.98672604560852
104.018431257 -201.2792592048645 -49.33659189194441 29.98645520210266
104.03833353 -201.32195329666138 -49.314195804297924 29.98626446723938
104.058236943 -201.3859944343567 -49.2805845066905 29.98599362373352
104.078250846 -201.4287190437317 -49.25816171616316 29.9858295917511
104.098280202 -201.49283647537231 -49.22452371567488 29.985615968704224
104.118593008 -201.53562211990356 -49.20209711045027 29.985486268997192
104.138452482 -201.59983110427856 -49.16845910996199 29.9853298664093
104.15834194 -201.642662525177 -49.14603631943464 29.985249757766724
104.17822243 -201.70696306228638 -49.1123716160655 29.98513913154602
104.198226058 -201.74985551834106 -49.08992975205183 29.98507809638977
104.218370531 -201.8142170906067 -49.05622308701277 29.985001802444458
104.238366087 -201.8571400642395 -49.03376214951277 29.984967470169067
104.258254115 -201.92156267166138 -49.00007455796003 29.984933137893677
104.278290756 -201.96451616287231 -48.97761362046003 29.984879732131958
104.298388602 -202.02896928787231 -48.94391839951277 29.98483395576477
104.318465584 -202.0719838142395 -48.921442203223705 29.98483395576477
104.338389612 -202.13654375076294 -48.887716464698315 29.984883546829224
104.358284959 -202.17958879470825 -48.865228824317455 29.984933137893677
104.378347696 -202.244225025177 -48.831468753516674 29.98505139350891
104.398233609 -202.28734636306763 -48.808946780860424 29.985142946243286
104.418453621 -202.3520588874817 -48.77516000717878 29.985284090042114
104.438354726 -202.39524126052856 -48.75260751694441 29.985379457473755
104.458380731 -202.46003007888794 -48.71879022568464 29.985535860061646
104.478203532 -202.50322771072388 -48.69623773545027 29.985631227493286
104.498338004 -202.56801652908325 -48.66241662949324 29.985780000686646
104.51863554 -202.6112141609192 -48.639879398047924 29.985882997512817
104.538337857 -202.67600297927856 -48.60606973618269 29.986043214797974
104.558247748 -202.7192006111145 -48.58352869004011 29.986161470413208
104.578280858 -202.78395891189575 -48.54972665756941 29.98635220527649
104.598282106 -202.8271565437317 -48.52719705551863 29.986493349075317
104.61846783 -202.89194536209106 -48.493402652442455 29.98673367500305
104.638354367 -202.935142993927 -48.47086923569441 29.98693585395813
104.65830514 -202.9999623298645 -48.4370786473155 29.98724865913391
104.678273587 -203.0431752204895 -48.41454904526472 29.987481355667114
104.698299571 -203.1080403327942 -48.38072030991316 29.987847566604614
104.718713339 -203.15128374099731 -48.35816400498152 29.988080263137817
104.738365216 -203.216148853302 -48.324300937354565 29.988404512405396
104.758274654 -203.2594075202942 -48.30172174423933 29.988621950149536
104.778362826 -203.32425737380981 -48.267767123878 29.988927125930786
104.798295445 -203.36748552322388 -48.245104007422924 29.9891254901886
104.81864573 -203.43232011795044 -48.21106546372175 29.98941922187805
104.838381408 -203.47551774978638 -48.1883107945323 29.9896023273468
104.858314699 -203.5402913093567 -48.15418069809675 29.989869356155396
104.878236915 -203.58344316482544 -48.13141077011824 29.990010499954224
104.898323043 -203.6481556892395 -48.0972348973155 29.990216493606567
104.918519274 -203.69127702713013 -48.07445352524519 29.990342378616333
104.938371477 -203.755943775177 -48.04025857895613 29.990514039993286
104.958227607 -203.79904985427856 -48.01746576279402 29.99062466621399
104.978299452 -203.86368608474731 -47.98329370468855 29.990784883499146
104.998247654 -203.90676164627075 -47.9605275914073 29.99088406562805
105.018530474 -203.97136735916138 -47.92639368027449 29.991040468215942
105.038364662 -204.0144124031067 -47.90360849350691 29.991158723831177
105.058362919 -204.07897233963013 -47.86945550888777 29.9913227558136
105.078326817 -204.12200212478638 -47.84668939560652 29.991421937942505
105.09828164 -204.18651628494263 -47.812547855079174 29.991544008255005
105.118595894 -204.22953081130981 -47.78980081528425 29.99160885810852
105.138361043 -204.29399919509888 -47.755670718848705 29.99163556098938
105.158213002 -204.33696794509888 -47.73291604965925 29.991647005081177
105.178211197 -204.40142107009888 -47.698785953223705 29.99169659614563
105.198247991 -204.44435930252075 -47.67600458115339 29.99173092842102
105.21858106 -204.50876665115356 -47.64182870835066 29.991769075393677
105.238368765 -204.55170488357544 -47.61902063339949 29.991769075393677
105.258224331 -204.6160969734192 -47.584825687110424 29.991761445999146
105.278273432 -204.65898942947388 -47.56202142685652 29.991746187210083
105.298285846 -204.72332048416138 -47.527826480567455 29.991719484329224
105.318505745 -204.766197681427 -47.505052737891674 29.99169659614563
105.33834104 -204.8304524421692 -47.47088449448347 29.99163556098938
105.3582631 -204.8732991218567 -47.44812219589949 29.991593599319458
105.378212986 -204.93753862380981 -47.41401117295027 29.991502046585083
105.3982505 -204.98037004470825 -47.39126031845808 29.991437196731567
105.418512304 -205.04462480545044 -47.35715311020613 29.991368532180786
105.438358258 -205.087486743927 -47.33440988510847 29.991349458694458
105.458261365 -205.1517415046692 -47.300279788672924 29.9913227558136
105.478191839 -205.1945881843567 -47.27754037827253 29.991284608840942
105.498285982 -205.25888872146606 -47.24338739365339 29.99123501777649
105.518492977 -205.3017659187317 -47.22065561264753 29.99120831489563
105.538360272 -205.3660969734192 -47.186517886817455 29.991132020950317
105.558221983 -205.40897417068481 -47.16375940293074 29.991082429885864
105.578255069 -205.47328996658325 -47.129625491797924 29.990967988967896
105.59840095 -205.51616716384888 -47.10685174912214 29.99087643623352
105.618442016 -205.58049821853638 -47.072714023292065 29.990765810012817
105.638405218 -205.62340593338013 -47.04994409531355 29.9907124042511
105.65825057 -205.687828540802 -47.015741519629955 29.990674257278442
105.67823398 -205.73078203201294 -46.99294488877058 29.9907009601593
105.698258436 -205.7952961921692 -46.95865838974714 29.99078869819641
105.718417363 -205.8383412361145 -46.93578927963972 29.990861177444458
105.738333887 -205.90297746658325 -46.90146463364363 29.990983247756958
105.758244188 -205.94609880447388 -46.878568820655346 29.99108624458313
105.778236113 -206.01079607009888 -46.844293765723705 29.991257905960083
105.798244038 -206.05393266677856 -46.82142465561628 29.99138379096985
105.818460943 -206.1186604499817 -46.787157230079174 29.991551637649536
105.838356286 -206.16181230545044 -46.76431482285261 29.991639375686646
105.858250005 -206.2265706062317 -46.73007791489363 29.991761445999146
105.878233207 -206.26975297927856 -46.70728509873152 29.991822481155396
105.898259592 -206.33452653884888 -46.67310159653425 29.991898775100708
105.918489797 -206.37770891189575 -46.65034311264753 29.99197506904602
105.93836334 -206.4425129890442 -46.61623590439558 29.992120027542114
105.95824903 -206.48571062088013 -46.59354608505964 29.992242097854614
105.978186496 -206.5504994392395 -46.55958002060652 29.99239468574524
105.998196943 -206.5937123298645 -46.536981754004955 29.99249768257141
106.018494229 -206.65854692459106 -46.5031301304698 29.992657899856567
106.038387085 -206.70175981521606 -46.48059671372175 29.99276852607727
106.0596278 -206.76657915115356 -46.44681375473738 29.99292492866516
106.079628477 -206.80979204177856 -46.42431848496199 29.993035554885864
106.09978063 -206.87461137771606 -46.39056222885847 29.993176698684692
106.119912539 -206.91782426834106 -46.36807458847761 29.993268251419067
106.139771963 -206.98265886306763 -46.33436792343855 29.993409395217896
106.159628571 -207.02590227127075 -46.311884097754955 29.993512392044067
106.179627258 -207.09076738357544 -46.27818887680769 29.993699312210083
106.199669702 -207.13401079177856 -46.25572030991316 29.993836641311646
106.219835421 -207.19887590408325 -46.22202508896589 29.99404263496399
106.239748684 -207.24210405349731 -46.19958322495222 29.99417996406555
106.259606905 -207.30698442459106 -46.165888004004955 29.994378328323364
106.279661698 -207.35024309158325 -46.143453769385815 29.994488954544067
106.299756203 -207.41518449783325 -46.10983865708113 29.99465298652649
106.319850585 -207.45847368240356 -46.08745401352644 29.994786500930786
106.339758412 -207.52341508865356 -46.05390756577253 29.99501919746399
106.359642291 -207.56670427322388 -46.03156488388777 29.995179414749146
106.379631407 -207.63164567947388 -45.99809091538191 29.995457887649536
106.399649343 -207.6749348640442 -45.97579400986433 29.99565625190735
106.419851263 -207.7398762702942 -45.94238107651472 29.99597668647766
106.439765057 -207.78318071365356 -45.920133762061596 29.996201753616333
106.459654456 -207.8481526374817 -45.88681619614363 29.996506929397583
106.479611275 -207.89147233963013 -45.86463754624128 29.996644258499146
106.499681358 -207.95644426345825 -45.83141153305769 29.996827363967896
106.519857892 -207.99973344802856 -45.809251956641674 29.99691128730774
106.539758983 -208.06461381912231 -45.77604120224714 29.99703335762024
106.559714611 -208.10784196853638 -45.753900699317455 29.997098207473755
106.579645555 -208.17266130447388 -45.72072046250105 29.997105836868286
106.599646564 -208.21581315994263 -45.698602847754955 29.99706768989563
106.619832443 -208.28049516677856 -45.66544931381941 29.99698758125305
106.639759122 -208.32360124588013 -45.64336984604597 29.99691891670227
106.6596776 -208.38811540603638 -45.61023538559675 29.996793031692505
106.679637124 -208.43109941482544 -45.58817117661238 29.99670147895813
106.699672768 -208.49553728103638 -45.555101566016674 29.996537446975708
106.719912497 -208.53847551345825 -45.53303354233503 29.99639630317688
106.739768169 -208.60288286209106 -45.499967746436596 29.99617886543274
106.75963224 -208.64582109451294 -45.47793786972761 29.99601101875305
106.779632294 -208.71025896072388 -45.44492547959089 29.99569058418274
106.799600588 -208.75322771072388 -45.42294519394636 29.995465517044067
106.819847892 -208.817711353302 -45.38994424790144 29.9950954914093
106.839882546 -208.86071062088013 -45.367975406348705 29.994866609573364
106.859699438 -208.9251790046692 -45.33497446030378 29.994488954544067
106.879625967 -208.9681477546692 -45.312975101172924 29.9942409992218
106.899688726 -209.0326008796692 -45.27997796982527 29.993870973587036
106.91986899 -209.07558488845825 -45.25794809311628 29.99362301826477
106.939758813 -209.14005327224731 -45.22492807358503 29.99328351020813
106.9596374 -209.18302202224731 -45.20291345566511 29.993058443069458
106.979614318 -209.24750566482544 -45.169866733253 29.992676973342896
106.99964649 -209.29052019119263 -45.147848300635815 29.992417573928833
107.019965851 -209.35504961013794 -45.11475580185652 29.991997957229614
107.039773 -209.3980793952942 -45.09271066635847 29.991715669631958
107.059654356 -209.46263933181763 -45.05965631455183 29.991299867630005
107.079699526 -209.50568437576294 -45.03760354965925 29.991009950637817
107.099660412 -209.57025957107544 -45.00458734482527 29.990613222122192
107.119815971 -209.61330461502075 -44.98260324448347 29.9903461933136
107.139776722 -209.67787981033325 -44.94967859238386 29.98995327949524
107.159644861 -209.72094011306763 -44.92775934189558 29.98969006538391
107.179628449 -209.78554582595825 -44.894884280860424 29.98930859565735
107.199593 -209.8286213874817 -44.872991733253 29.989075899124146
107.219740792 -209.89325761795044 -44.84011285752058 29.988763093948364
107.239796335 -209.93634843826294 -44.81818979233503 29.988595247268677
107.259684591 -210.00101518630981 -44.78529565781355 29.98836636543274
107.27966963 -210.04413652420044 -44.76334970444441 29.98819088935852
107.299693126 -210.1088490486145 -44.73045938462019 29.987950563430786
107.319863092 -210.15200090408325 -44.70853631943464 29.98779034614563
107.339784406 -210.2167592048645 -44.675680331885815 29.987565279006958
107.359704705 -210.25994157791138 -44.653803043067455 29.98743176460266
107.379671321 -210.32474565505981 -44.62100809067488 29.987260103225708
107.399597867 -210.36795854568481 -44.599168948829174 29.987168550491333
107.41980211 -210.43277788162231 -44.56638925522566 29.987073183059692
107.439779851 -210.47597551345825 -44.54455392807722 29.987054109573364
107.459748861 -210.54079484939575 -44.51183145493269 29.98703122138977
107.479660605 -210.58403825759888 -44.49002283066511 29.9870388507843
107.499629889 -210.64890336990356 -44.45734994858503 29.98706555366516
107.519903996 -210.6921467781067 -44.43559091538191 29.98709225654602
107.539786979 -210.7570881843567 -44.40296762436628 29.987134218215942
107.559679407 -210.80039262771606 -44.38123529404402 29.9871723651886
107.57963016 -210.86539506912231 -44.348653964698315 29.987237215042114
107.599581846 -210.90874528884888 -44.32694070786238 29.9872944355011
107.619853618 -210.97377824783325 -44.29438608139753 29.987385988235474
107.639770684 -211.01712846755981 -44.27271097153425 29.987443208694458
107.659679302 -211.0821614265442 -44.24024026840925 29.987534761428833
107.679610576 -211.12551164627075 -44.218595676124096 29.987584352493286
107.69965159 -211.19054460525513 -44.18615549057722 29.98767590522766
107.71985364 -211.23386430740356 -44.16454904526472 29.987759828567505
107.739781123 -211.29882097244263 -44.13215463608503 29.9879047870636
107.759691112 -211.34211015701294 -44.11057107895613 29.98800778388977
107.779651862 -211.40696001052856 -44.0782033726573 29.988126039505005
107.799599736 -211.4501576423645 -44.056627444922924 29.98819851875305
107.819847278 -211.51493120193481 -44.02426736801863 29.988301515579224
107.839783199 -211.5581135749817 -44.002645663917065 29.988354921340942
107.859695698 -211.62284135818481 -43.97021310776472 29.988450288772583
107.889072626 -211.6659779548645 -43.94857233017683 29.988484621047974
107.921428052 -211.73069047927856 -43.91611307114363 29.988545656204224
107.947356098 -211.7738118171692 -43.894457034766674 29.98858380317688
107.96729972 -211.838463306427 -43.86194055527449 29.988656282424927
107.987502904 -211.88156938552856 -43.840265445411205 29.988717317581177
108.00734947 -211.94620561599731 -43.80775278061628 29.988770723342896
108.027208378 -211.98929643630981 -43.7860891148448 29.988797426223755
108.047209252 -212.05393266677856 -43.7536184117198 29.988839387893677
108.067282606 -212.09702348709106 -43.73197763413191 29.988866090774536
108.087525977 -212.16169023513794 -43.6995412632823 29.98892331123352
108.107334204 -212.20481157302856 -43.677923373878 29.988969087600708
108.127263203 -212.26950883865356 -43.645502261817455 29.98906445503235
108.147208896 -212.31266069412231 -43.62390344589949 29.98914074897766
108.167275564 -212.37738847732544 -43.59153192490339 29.98925518989563
108.187610673 -212.4205403327942 -43.569975070655346 29.989339113235474
108.207351359 -212.48526811599731 -43.53769510239363 29.989484071731567
108.227204162 -212.52841997146606 -43.51620691269636 29.98959469795227
108.247207294 -212.59316301345825 -43.48401086777449 29.989762544631958
108.267257709 -212.6363606452942 -43.462579898536205 29.989896059036255
108.287440828 -212.70116472244263 -43.430467776954174 29.99010968208313
108.307354042 -212.74437761306763 -43.40909021347761 29.990227937698364
108.32724668 -212.80919694900513 -43.377062015235424 29.990418672561646
108.347222929 -212.85240983963013 -43.355734042823315 29.99054455757141
108.367271661 -212.91721391677856 -43.32372873276472 29.9907124042511
108.387456906 -212.96038103103638 -43.30240457504988 29.9908230304718
108.407371537 -213.02513933181763 -43.27042596787214 29.99092984199524
108.427210617 -213.06829118728638 -43.24910943955183 29.99096417427063
108.447207989 -213.1330189704895 -43.21716134995222 29.991040468215942
108.467238212 -213.17617082595825 -43.19587152451277 29.991101503372192
108.487502364 -213.24089860916138 -43.16395776718855 29.991193056106567
108.507358086 -213.2840657234192 -43.14268320053816 29.99125027656555
108.527266006 -213.3488392829895 -43.110765628516674 29.991307497024536
108.547210173 -213.3920521736145 -43.08949106186628 29.99135708808899
108.567239965 -213.4569172859192 -43.05758874863386 29.991395235061646
108.587433407 -213.50017595291138 -43.03631799668074 29.99139904975891
108.607402391 -213.56508684158325 -43.00440423935652 29.991360902786255
108.62720806 -213.60837602615356 -42.98312585800886 29.99129605293274
108.647205 -213.67331743240356 -42.95121591538191 29.991193056106567
108.667247313 -213.716637134552 -42.92994134873152 29.991105318069458
108.687437919 -213.78165483474731 -42.89800851792097 29.99093747138977
108.707391728 -213.82502031326294 -42.87672250717878 29.9908344745636
108.727284141 -213.89006853103638 -42.8447934910655 29.99065899848938
108.747236692 -213.933434009552 -42.823515109717846 29.99053692817688
108.767240511 -213.99851274490356 -42.79159753769636 29.990304231643677
108.787407524 -214.04192399978638 -42.77032678574324 29.990147829055786
108.807390546 -214.10704851150513 -42.738424472510815 29.989991426467896
108.827241371 -214.15049028396606 -42.71715372055769 29.989911317825317
108.847192834 -214.21567583084106 -42.685262851417065 29.989793062210083
108.867222997 -214.2591633796692 -42.66400354355574 29.989701509475708
108.887477668 -214.32439470291138 -42.632101230323315 29.98956799507141
108.907440373 -214.36789751052856 -42.610834293067455 29.9894917011261
108.927281633 -214.4332356452942 -42.578939609229565 29.989362001419067
108.947207712 -214.47683000564575 -42.55769174546003 29.989285707473755
108.967286058 -214.5422444343567 -42.52583139389753 29.989182710647583
108.987421211 -214.58586931228638 -42.504598788917065 29.989110231399536
109.007372434 -214.65128374099731 -42.47276895493269 29.98897671699524
109.02720827 -214.69489336013794 -42.451566867530346 29.988866090774536
109.047206518 -214.76030778884888 -42.419786624610424 29.988724946975708
109.067200441 -214.80390214920044 -42.39860361069441 29.98864483833313
109.087387756 -214.86930131912231 -42.366842441260815 29.988541841506958
109.1075145 -214.91288042068481 -42.34567468613386 29.988499879837036
109.127235323 -214.97824907302856 -42.31388681381941 29.988431215286255
109.147271865 -215.02182817459106 -42.29269998520613 29.988396883010864
109.16724904 -215.0871663093567 -42.26092737168074 29.988358736038208
109.187426973 -215.13076066970825 -42.23971002548933 29.988351106643677
109.207397068 -215.19614458084106 -42.20788782089949 29.988358736038208
109.227197237 -215.23973894119263 -42.18666284531355 29.988370180130005
109.247200531 -215.30512285232544 -42.15483682602644 29.988404512405396
109.267208973 -215.34867143630981 -42.13361947983503 29.98843502998352
109.287471462 -215.4140248298645 -42.10178583115339 29.988480806350708
109.307394601 -215.45757341384888 -42.08056848496199 29.98848843574524
109.327254246 -215.5229115486145 -42.04871576279402 29.98846173286438
109.347231098 -215.56646013259888 -42.02748315781355 29.988419771194458
109.367213472 -215.63175249099731 -41.99564187973738 29.98833203315735
109.38747383 -215.67527055740356 -41.974394015967846 29.988255739212036
109.40736547 -215.74054765701294 -41.942533664405346 29.988145112991333
109.427220862 -215.7840657234192 -41.92128961533308 29.98806881904602
109.447215443 -215.84934282302856 -41.889425449073315 29.987950563430786
109.467212308 -215.89284563064575 -41.868192844092846 29.987870454788208
109.487439262 -215.95807695388794 -41.83634775131941 29.987759828567505
109.507385724 -216.001549243927 -41.8151418492198 29.98769497871399
109.527303197 -216.06671953201294 -41.78331582993269 29.987603425979614
109.547193178 -216.11014604568481 -41.76210229843855 29.987565279006958
109.567215313 -216.17527055740356 -41.73028390854597 29.9875385761261
109.587438892 -216.21865129470825 -41.70903604477644 29.9875271320343
109.607433642 -216.28371477127075 -41.67715661972761 29.987508058547974
109.627218716 -216.32709550857544 -41.655870608985424 29.987508058547974
109.64729919 -216.39211320877075 -41.623930148780346 29.9875385761261
109.667207091 -216.43544816970825 -41.60264413803816 29.987565279006958
109.687470608 -216.50038957595825 -41.57067697495222 29.987611055374146
109.707422324 -216.54367876052856 -41.54937952011824 29.9876492023468
109.727289049 -216.6086049079895 -41.51745813339949 29.987714052200317
109.74724463 -216.65189409255981 -41.4961721226573 29.9877712726593
109.767208053 -216.71682024002075 -41.46427743881941 29.98787808418274
109.787450328 -216.76006364822388 -41.44299142807722 29.987958192825317
109.807396958 -216.82492876052856 -41.41108530014753 29.988080263137817
109.8272408 -216.86814165115356 -41.38981073349714 29.988168001174927
109.84722741 -216.93296098709106 -41.35792749375105 29.98833203315735
109.86722119 -216.976158618927 -41.33669488877058 29.98846936225891
109.887479366 -217.0409779548645 -41.30484598129988 29.988724946975708
109.907384614 -217.0841908454895 -41.283636264503 29.988900423049927
109.927302345 -217.149010181427 -41.25184076279402 29.98917508125305
109.94728392 -217.19225358963013 -41.23067682236433 29.989392518997192
109.967246689 -217.25710344314575 -41.198961429297924 29.989762544631958
109.987441057 -217.30033159255981 -41.17783182114363 29.990006685256958
110.007407128 -217.36515092849731 -41.14613550156355 29.990391969680786
110.027249929 -217.40834856033325 -41.12501733750105 29.990655183792114
110.04720824 -217.47307634353638 -41.093343906104565 29.991070985794067
110.067215427 -217.516197681427 -41.07224100083113 29.991368532180786
110.087337732 -217.58083391189575 -41.04055994004011 29.99179196357727
110.1076151 -217.6239094734192 -41.01944559067488 29.992078065872192
110.127275349 -217.68849992752075 -40.987779788672924 29.992512941360474
110.147276814 -217.73156023025513 -40.96665018051863 29.992814302444458
110.167255813 -217.7961506843567 -40.93497674912214 29.9932644367218
110.187399628 -217.83918046951294 -40.913866214454174 29.99356198310852
110.207427215 -217.90374040603638 -40.88221948593855 29.993977785110474
110.227226086 -217.94677019119263 -40.861139468848705 29.9942409992218
110.247230504 -218.01133012771606 -40.82951944321394 29.9946186542511
110.267229218 -218.05439043045044 -40.80845468491316 29.994855165481567
110.287370112 -218.11899614334106 -40.776876620948315 29.995171785354614
110.307464626 -218.16205644607544 -40.75584238022566 29.99536633491516
110.327295107 -218.226646900177 -40.72431390732527 29.995621919631958
110.347318032 -218.26967668533325 -40.70327966660261 29.995782136917114
110.367209685 -218.3342366218567 -40.671739749610424 29.996045351028442
110.387308848 -218.377281665802 -40.65070550888777 29.99622082710266
110.407458537 -218.44184160232544 -40.619188480079174 29.996506929397583
110.427242833 -218.48490190505981 -40.598192386329174 29.996705293655396
110.44721343 -218.54946184158325 -40.56668680161238 29.99697995185852
110.467178816 -218.5924916267395 -40.54569833725691 29.99716305732727
110.48728056 -218.65702104568481 -40.51423471421003 29.9974262714386
110.507431012 -218.70005083084106 -40.493253879249096 29.997586488723755
110.527315564 -218.7646107673645 -40.46180170029402 29.997803926467896
110.54724962 -218.80765581130981 -40.44083993881941 29.997937440872192
110.567207567 -218.87221574783325 -40.409418277442455 29.998109102249146
110.587288661 -218.9152455329895 -40.38847940415144 29.99820828437805
110.607431781 -218.97975969314575 -40.357103519141674 29.998276948928833
110.62728185 -219.02275896072388 -40.336202792823315 29.99829602241516
110.64726704 -219.0871663093567 -40.304876498878 29.99828839302063
110.667168273 -219.1300892829895 -40.28399866074324 29.99826169013977
110.687265344 -219.1944661140442 -40.25269144028425 29.998204469680786
110.707466789 -219.23734331130981 -40.23181741684675 29.998101472854614
110.727223493 -219.30167436599731 -40.20053308457136 29.99795651435852
110.747256962 -219.344566822052 -40.17969339340925 29.997857332229614
110.767232205 -219.40891313552856 -40.14845102280378 29.997708559036255
110.787260017 -219.45182085037231 -40.12763421982527 29.99761700630188
110.807488631 -219.51618242263794 -40.09644144028425 29.997437715530396
110.827227956 -219.5590901374817 -40.07565896958113 29.997323274612427
110.84727343 -219.62346696853638 -40.04453103989363 29.9971821308136
110.867215424 -219.6663899421692 -40.02380960434675 29.997113466262817
110.887302637 -219.73076677322388 -39.99277704209089 29.99701428413391
110.907465837 -219.77372026443481 -39.972154788672924 29.9969379901886
110.927309144 -219.83818864822388 -39.94125955551863 29.99683117866516
110.947277927 -219.88120317459106 -39.92070596665144 29.996758699417114
110.967377494 -219.9458088874817 -39.88992517441511 29.99663281440735
110.987286946 -219.98891496658325 -39.86942117661238 29.996556520462036
111.007671787 -220.0536732673645 -39.838812045753 29.996411561965942
111.027231679 -220.09685564041138 -39.818441562354565 29.996312379837036
111.047253862 -220.16167497634888 -39.78793542832136 29.996171236038208
111.067226872 -220.204918384552 -39.76764123886824 29.99609112739563
111.087295744 -220.26979875564575 -39.73719613999128 29.995984315872192
111.10766627 -220.31305742263794 -39.716974429786205 29.995919466018677
111.12729688 -220.37796831130981 -39.68665903061628 29.9958279132843
111.147254996 -220.42125749588013 -39.66647546738386 29.995763063430786
111.167225554 -220.48619890213013 -39.63623254746199 29.995652437210083
111.187289153 -220.5295033454895 -39.61607950180769 29.995587587356567
111.207444611 -220.59447526931763 -39.585836581885815 29.99551510810852
111.227259725 -220.63781023025513 -39.56567590683699 29.995484590530396
111.247257148 -220.70282793045044 -39.53544061630964 29.995476961135864
111.267245016 -220.74619340896606 -39.515287570655346 29.995518922805786
111.28727044 -220.8112416267395 -39.485052280128 29.9955952167511
111.307440434 -220.85460710525513 -39.46488397568464 29.995621919631958
111.327330804 -220.9196400642395 -39.43460672348738 29.995713472366333
111.347275376 -220.96300554275513 -39.41441171616316 29.995782136917114
111.367242872 -221.02802324295044 -39.38410776108503 29.995923280715942
111.387255315 -221.07134294509888 -39.36389749497175 29.996033906936646
111.407580053 -221.13628435134888 -39.33354776352644 29.996262788772583
111.427324049 -221.1795735359192 -39.31328409165144 29.99642300605774
111.447236719 -221.24449968338013 -39.28284662216902 29.996686220169067
111.467214061 -221.28775835037231 -39.26254861801863 29.996888399124146
111.487244277 -221.35265398025513 -39.23208826035261 29.99719738960266
111.507480085 -221.39592790603638 -39.21177118271589 29.997418642044067
111.527368038 -221.46083879470825 -39.18126504868269 29.997742891311646
111.54734013 -221.5041127204895 -39.16091363877058 29.997945070266724
111.567208092 -221.56913042068481 -39.13031213730574 29.998238801956177
111.5873581 -221.61249589920044 -39.10988061875105 29.998433351516724
111.607536378 -221.677574634552 -39.079183749854565 29.9987690448761
111.627281329 -221.72100114822388 -39.05871408432722 29.99899411201477
111.647270883 -221.78615617752075 -39.02798669785261 29.99931836128235
111.667247058 -221.82962846755981 -39.00746362656355 29.99953579902649
111.687391531 -221.89487504959106 -38.97663705796003 29.99984097480774
111.707572677 -221.93840837478638 -38.95603006333113 30.00003170967102
111.727222884 -222.00373125076294 -38.92502801865339 30.000298738479614
111.747275949 -222.04727983474731 -38.90433328598738 30.00043225288391
111.767248511 -222.112633228302 -38.87320917099714 30.000577211380005
111.787342803 -222.1562123298645 -38.852445773780346 30.00066113471985
111.807594787 -222.22158098220825 -38.82127969712019 30.00077176094055
111.827322791 -222.26519060134888 -38.800462894141674 30.000836610794067
111.847267264 -222.33060503005981 -38.769231967628 30.0009663105011
111.867246308 -222.37421464920044 -38.748399905860424 30.00109601020813
111.887277125 -222.43962907791138 -38.717149905860424 30.00130581855774
111.907450828 -222.48325395584106 -38.69629495590925 30.00148892402649
111.927372212 -222.54869890213013 -38.665006808936596 30.001797914505005
111.947309209 -222.59233903884888 -38.64415567368269 30.00201153755188
111.967207668 -222.65786027908325 -38.612875156104565 30.002415895462036
111.987260847 -222.70156145095825 -38.59201639145613 30.002701997756958
112.007547731 -222.76712846755981 -38.560716800391674 30.003121614456177
112.02727595 -222.81086015701294 -38.53979318588972 30.003400087356567
112.047278539 -222.8764729499817 -38.508390597999096 30.00380825996399
112.067253763 -222.92023515701294 -38.487421207129955 30.004082918167114
112.087259498 -222.98589372634888 -38.455927066504955 30.004468202590942
112.107461838 -223.0296711921692 -38.43492715805769 30.00467801094055
112.127334383 -223.0953450202942 -38.403402499854565 30.00496792793274
112.147263923 -223.13910722732544 -38.382406406104565 30.005139589309692
112.167212595 -223.20473527908325 -38.35095422714949 30.00539517402649
112.187253141 -223.24846696853638 -38.3300344273448 30.00555920600891
112.207644187 -223.314049243927 -38.29872339218855 30.005807161331177
112.227314604 -223.3577961921692 -38.2779104039073 30.0059711933136
112.247258229 -223.42340898513794 -38.246751956641674 30.00618863105774
112.267274078 -223.46715593338013 -38.22603815048933 30.006314516067505
112.287248572 -223.53278398513794 -38.19503229111433 30.006512880325317
112.307461299 -223.576500415802 -38.17439096421003 30.006608247756958
112.327394905 -223.64208269119263 -38.143541507422924 30.00677990913391
112.347300577 -223.6857991218567 -38.12298791855574 30.006898164749146
112.367242747 -223.7513508796692 -38.09218042343855 30.0070698261261
112.387269544 -223.79503679275513 -38.07165735214949 30.007188081741333
112.407450184 -223.8605580329895 -38.04089181870222 30.00732159614563
112.427308281 -223.9041829109192 -38.02040307968855 30.007397890090942
112.447343351 -223.96958208084106 -37.98968332260847 30.007493257522583
112.467227422 -224.0131459236145 -37.969225101172924 30.0075466632843
112.487219943 -224.078453540802 -37.938532046973705 30.007615327835083
112.507441878 -224.12198686599731 -37.918077640235424 30.00766110420227
112.527371849 -224.18724870681763 -37.887418918311596 30.007725954055786
112.547300108 -224.23073625564575 -37.866991214454174 30.00775647163391
112.567263924 -224.2959065437317 -37.83636301010847 30.00777554512024
112.587264629 -224.3393177986145 -37.81598871201277 30.00778317451477
112.607484805 -224.404381275177 -37.78544443100691 30.007798433303833
112.627335466 -224.44774675369263 -37.765096835792065 30.00780987739563
112.6472659 -224.51274919509888 -37.73459833115339 30.007794618606567
112.667240528 -224.55608415603638 -37.71427362412214 30.007779359817505
112.687231016 -224.62102556228638 -37.68384759873152 30.007725954055786
112.707552097 -224.6643147468567 -37.66358011215925 30.0076801776886
112.727234558 -224.7292103767395 -37.633226566016674 30.007569551467896
112.747261054 -224.7724690437317 -37.61300867050886 30.00750470161438
112.767246468 -224.83733415603638 -37.58271234482527 30.00741696357727
112.787273181 -224.88060808181763 -37.562528781592846 30.007306337356567
112.807429484 -224.9455647468567 -37.53226297348738 30.007161378860474
112.827332648 -224.9888997077942 -37.51210229843855 30.007062196731567
112.847290125 -225.05393266677856 -37.48186319321394 30.006879091262817
112.867252929 -225.09728288650513 -37.46170251816511 30.006749391555786
112.887236385 -225.16233110427856 -37.431478671729565 30.00653576850891
112.907453014 -225.2056965827942 -37.411337070167065 30.00637936592102
112.927378333 -225.27072954177856 -37.38113611191511 30.006131410598755
112.947258367 -225.31407976150513 -37.36101358383894 30.005963563919067
112.967260785 -225.37909746170044 -37.33083551377058 30.00570034980774
112.987199151 -225.42240190505981 -37.31077402085066 30.005547761917114
113.007412039 -225.48734331130981 -37.280695132911205 30.0053608417511
113.027335884 -225.53061723709106 -37.260675601661205 30.00527310371399
113.04725915 -225.59549760818481 -37.23066156357527 30.005173921585083
113.067241425 -225.63872575759888 -37.210653476417065 30.005128145217896
113.08721022 -225.7034993171692 -37.18065469712019 30.005074739456177
113.10747356 -225.746666431427 -37.16064660996199 30.005025148391724
113.127387888 -225.8114094734192 -37.13062112778425 30.00496792793274
113.147280957 -225.85451555252075 -37.11060541123152 30.00493359565735
113.167249122 -225.91916704177856 -37.08057229965925 30.00488781929016
113.187214758 -225.962242603302 -37.06055658310652 30.004857301712036
113.207421718 -226.0268177986145 -37.03053491562605 30.004796266555786
113.227342869 -226.0698323249817 -37.01053827255964 30.00475811958313
113.24726436 -226.134361743927 -36.980558566749096 30.00470471382141
113.267222646 -226.1773762702942 -36.96056955307722 30.004658937454224
113.287195313 -226.2419056892395 -36.93059366196394 30.00460171699524
113.307393033 -226.28495073318481 -36.91058176010847 30.004552125930786
113.327397585 -226.34951066970825 -36.88053338974714 30.004464387893677
113.34736731 -226.39257097244263 -36.860468082129955 30.004380464553833
113.367245193 -226.45719194412231 -36.83032815903425 30.004239320755005
113.38722258 -226.50031328201294 -36.81018655747175 30.004136323928833
113.407397038 -226.56501054763794 -36.77988260239363 30.003922700881958
113.427331122 -226.60817766189575 -36.75964563339949 30.003770112991333
113.447297664 -226.67299699783325 -36.72916620224714 30.00356411933899
113.467292752 -226.71620988845825 -36.70884149521589 30.003430604934692
113.487215574 -226.78112077713013 -36.678270511329174 30.003255128860474
113.507439254 -226.82440996170044 -36.65787332504988 30.003129243850708
113.5274122 -226.88933610916138 -36.62725656479597 30.002957582473755
113.547358289 -226.93261003494263 -36.606832675635815 30.002850770950317
113.567222907 -226.99755144119263 -36.576193027198315 30.002705812454224
113.587226226 -227.040855884552 -36.55576913803816 30.002606630325317
113.60740906 -227.10582780838013 -36.52513711899519 30.002442598342896
113.627363932 -227.14914751052856 -36.50470941513777 30.002335786819458
113.647376597 -227.21413469314575 -36.47403924912214 30.002148866653442
113.667265702 -227.25746965408325 -36.453581027686596 30.00201153755188
113.68722487 -227.3224720954895 -36.42289178818464 30.001805543899536
113.707441722 -227.36579179763794 -36.40241830796003 30.001675844192505
113.727259481 -227.43077898025513 -36.37170236557722 30.00148892402649
113.747287562 -227.4740834236145 -36.351244144141674 30.00134778022766
113.76726785 -227.53904008865356 -36.32057016342878 30.001126527786255
113.787259365 -227.58234453201294 -36.300131015479565 30.0009663105011
113.807495459 -227.64733171463013 -36.269498996436596 30.000699281692505
113.827385694 -227.69066667556763 -36.24908655136824 30.00051999092102
113.847305974 -227.75571489334106 -36.21845834702253 30.000237703323364
113.867250229 -227.79909563064575 -36.19803827255964 30.00005078315735
113.887198746 -227.86415910720825 -36.16741769760847 29.999749422073364
113.907414103 -227.907555103302 -36.146993808448315 29.999467134475708
113.927422709 -227.97264909744263 -36.11635034531355 29.999058961868286
113.947271907 -228.01606035232544 -36.0959035679698 29.99877667427063
113.967249286 -228.08120012283325 -36.065206699073315 29.99833035469055
113.987272977 -228.1246418952942 -36.044733218848705 29.99804425239563
114.0074 -228.18979692459106 -36.01397531479597 29.997586488723755
114.027391321 -228.23325395584106 -35.99345987290144 29.997281312942505
114.047316574 -228.29848527908325 -35.96259897202253 29.99676251411438
114.067255082 -228.34198808670044 -35.942011050879955 29.99640393257141
114.08731647 -228.4072346687317 -35.91110818833113 29.995866060256958
114.107387313 -228.45075273513794 -35.89047830551863 29.995526552200317
114.127454613 -228.51604509353638 -35.859525851905346 29.99502682685852
114.147339985 -228.55959367752075 -35.83888071030378 29.994664430618286
114.167258049 -228.62493181228638 -35.807890109717846 29.994092226028442
114.187242247 -228.66849565505981 -35.78722970932722 29.99371838569641
114.207423387 -228.73386430740356 -35.75620477646589 29.99307370185852
114.227386147 -228.7774739265442 -35.735529117286205 29.99263882637024
114.247314927 -228.84288835525513 -35.70451944321394 29.99198269844055
114.267379136 -228.88651323318481 -35.68385522812605 29.991544008255005
114.287212387 -228.95195817947388 -35.65287225693464 29.990906953811646
114.307404171 -228.99559831619263 -35.63221567124128 29.99048352241516
114.327431674 -229.0610432624817 -35.60122888535261 29.98987317085266
114.347305349 -229.10468339920044 -35.580560855567455 29.98947262763977
114.367227315 -229.17014360427856 -35.54954355210066 29.9888813495636
114.387240469 -229.21376848220825 -35.52887170761824 29.988507509231567
114.407339427 -229.27924394607544 -35.497789554297924 29.987996339797974
114.427351014 -229.3228840827942 -35.47704141587019 29.987691164016724
114.447289102 -229.38832902908325 -35.445890597999096 29.987263917922974
114.467237109 -229.43193864822388 -35.42505853623152 29.986981630325317
114.487225588 -229.49735307693481 -35.39378946274519 29.98661160469055
114.50731791 -229.54094743728638 -35.37290399521589 29.98641324043274
114.527453498 -229.60630083084106 -35.34155862778425 29.98615002632141
114.547303193 -229.64981889724731 -35.32062738388777 29.985974550247192
114.567198383 -229.7150959968567 -35.289179019629955 29.985726594924927
114.587203709 -229.75858354568481 -35.26820199936628 29.985581636428833
114.60731141 -229.82376909255981 -35.236601047217846 29.98535656929016
114.627355215 -229.86721086502075 -35.21550577133894 29.985215425491333
114.647311009 -229.93235063552856 -35.18382852524519 29.98501706123352
114.667221037 -229.97574663162231 -35.16265695542097 29.984879732131958
114.687228054 -230.04081010818481 -35.130914859473705 29.984692811965942
114.707265421 -230.08416032791138 -35.10973947495222 29.98458218574524
114.727258913 -230.14916276931763 -35.077936343848705 29.984429597854614
114.747355529 -230.19248247146606 -35.05673425644636 29.98434567451477
114.76720598 -230.2574543952942 -35.02490442246199 29.984208345413208
114.787256099 -230.30075883865356 -35.00371377915144 29.984143495559692
114.807272612 -230.3656849861145 -34.97192590683699 29.98405957221985
114.827505139 -230.40895891189575 -34.95075815171003 29.984009981155396
114.847340935 -230.4738392829895 -34.91904657334089 29.983964204788208
114.867202098 -230.5170979499817 -34.89795129746199 29.983956575393677
114.887374531 -230.5819935798645 -34.86636560410261 29.983968019485474
114.907291788 -230.6252522468567 -34.84535425156355 29.984002351760864
114.927577299 -230.6901478767395 -34.81388681381941 29.984051942825317
114.947356027 -230.7334065437317 -34.792936496436596 29.98409390449524
114.967223621 -230.7983021736145 -34.76157205551863 29.984158754348755
114.987222884 -230.84157609939575 -34.74069803208113 29.98421597480774
115.007315229 -230.9065022468567 -34.70943658798933 29.98431134223938
115.027307706 -230.94980669021606 -34.68865793198347 29.984360933303833
115.04734707 -231.01474809646606 -34.65751474350691 29.984452486038208
115.067247241 -231.05803728103638 -34.63683908432722 29.98450207710266
115.087202973 -231.12299394607544 -34.60587137192488 29.984570741653442
115.107388087 -231.16628313064575 -34.58527963608503 29.984574556350708
115.127514297 -231.23119401931763 -34.55445306748152 29.984566926956177
115.147318467 -231.27448320388794 -34.53393381088972 29.984566926956177
115.16724191 -231.33937883377075 -34.503221683204174 29.984509706497192
115.187220504 -231.38263750076294 -34.48276727646589 29.98446011543274
115.207294669 -231.44748735427856 -34.452108554542065 29.984387636184692
115.227367034 -231.49071550369263 -34.431696109473705 29.984330415725708
115.247356317 -231.5555500984192 -34.40109460800886 29.98427700996399
115.267228117 -231.5987629890442 -34.38071268051863 29.984265565872192
115.287241508 -231.66355180740356 -34.3501760289073 29.984235048294067
115.307335965 -231.70673418045044 -34.32983224838972 29.984193086624146
115.327425179 -231.7714924812317 -34.29936807602644 29.98413586616516
115.347339153 -231.8146595954895 -34.279073886573315 29.984112977981567
115.367224279 -231.87937211990356 -34.248705081641674 29.984086275100708
115.387225738 -231.92252397537231 -34.228483371436596 29.984082460403442
115.407268019 -231.98723649978638 -34.19817941635847 29.984086275100708
115.427411615 -232.030357837677 -34.17798822373152 29.984097719192505
115.447336503 -232.09502458572388 -34.14769571274519 29.98415493965149
115.467199678 -232.1381459236145 -34.12750070542097 29.9842312335968
115.487216134 -232.20278215408325 -34.09720437973738 29.98440670967102
115.507379573 -232.24587297439575 -34.07700555771589 29.984544038772583
115.527591871 -232.31047868728638 -34.04671686142683 29.984849214553833
115.547339406 -232.35355424880981 -34.02649515122175 29.985081911087036
115.567229053 -232.4181752204895 -33.99611871689558 29.98547863960266
115.587223784 -232.46123552322388 -33.97583597153425 29.98577618598938
115.607290614 -232.5258412361145 -33.94537179917097 29.98629117012024
115.627572274 -232.56890153884888 -33.92498605698347 29.9866840839386
115.647348771 -232.6335072517395 -33.894376926124096 29.987260103225708
115.667222669 -232.67658281326294 -33.873922519385815 29.987630128860474
115.687209661 -232.74118852615356 -33.843187503516674 29.988171815872192
115.707338535 -232.78427934646606 -33.82268350571394 29.98849606513977
115.727324543 -232.84890031814575 -33.7918264195323 29.988919496536255
115.747343047 -232.89199113845825 -33.77123086899519 29.989182710647583
115.767270262 -232.95661211013794 -33.74030893296003 29.989548921585083
115.787225449 -232.99968767166138 -33.71961801499128 29.98974347114563
115.807256388 -233.06432390213013 -33.68857400864363 29.990033388137817
115.827483703 -233.10739946365356 -33.66785638779402 29.990201234817505
115.847349643 -233.17202043533325 -33.63677041977644 29.990426301956177
115.867264608 -233.21508073806763 -33.61602609604597 29.990548372268677
115.887226115 -233.27965593338013 -33.58488290756941 29.990689516067505
115.907255548 -233.32268571853638 -33.56411951035261 29.990800142288208
115.927401908 -233.38719987869263 -33.5329152867198 29.99091076850891
115.947338282 -233.43021440505981 -33.51208703964949 29.990960359573364
115.967223889 -233.49472856521606 -33.48081415146589 29.99100613594055
115.987208727 -233.5377278327942 -33.45993249863386 29.991002321243286
116.007253847 -233.6022572517395 -33.42860620468855 29.991044282913208
116.027580295 -233.64528703689575 -33.40769403427839 29.991070985794067
116.047336939 -233.70986223220825 -33.3762876316905 29.99108624458313
116.067227215 -233.75290727615356 -33.35534875839949 29.99109387397766
116.087261734 -233.81752824783325 -33.32385080307722 29.99109387397766
116.107251276 -233.8606038093567 -33.30287378281355 29.991101503372192
116.127454509 -233.92527055740356 -33.27133386582136 29.99112820625305
116.147354816 -233.96842241287231 -33.25029581040144 29.99114727973938
116.167211819 -234.0331654548645 -33.21872537583113 29.991170167922974
116.187215388 -234.07634782791138 -33.19764917343855 29.99118161201477
116.207247456 -234.14113664627075 -33.166036777198315 29.991231203079224
116.227410309 -234.18434953689575 -33.14493768662214 29.991280794143677
116.247345854 -234.24918413162231 -33.11324518173933 29.991368532180786
116.267444659 -234.29241228103638 -33.092123202979565 29.9914448261261
116.28720319 -234.35732316970825 -33.06035440415144 29.991570711135864
116.307243109 -234.40062761306763 -33.039171390235424 29.99161648750305
116.327869634 -234.4655842781067 -33.0073911473155 29.991685152053833
116.347339458 -234.50893449783325 -32.98616998642683 29.99175763130188
116.367267264 -234.5739369392395 -32.954393558204174 29.99188733100891
116.387231851 -234.61725664138794 -32.93322580307722 29.991990327835083
116.407241274 -234.68222856521606 -32.90152948349714 29.992146730422974
116.427369021 -234.72553300857544 -32.88043420761824 29.992261171340942
116.447348034 -234.79045915603638 -32.8488332554698 29.99246335029602
116.467232897 -234.83371782302856 -32.82779901474714 29.992600679397583
116.487220793 -234.89862871170044 -32.796285800635815 29.992841005325317
116.507211862 -234.94188737869263 -32.77530496567488 29.992993593215942
116.527494606 -235.00678300857544 -32.74387948960066 29.99323010444641
116.547417765 -235.05004167556763 -32.72294443100691 29.993367433547974
116.567271693 -235.11490678787231 -32.69157999008894 29.993550539016724
116.587246867 -235.15813493728638 -32.67069070786238 29.99365735054016
116.607204101 -235.22300004959106 -32.63935296982527 29.99382519721985
116.627424436 -235.2662434577942 -32.61847894638777 29.993939638137817
116.647377645 -235.33109331130981 -32.58716409653425 29.99411129951477
116.667265569 -235.37432146072388 -32.566305331885815 29.994237184524536
116.687203222 -235.43918657302856 -32.53503625839949 29.994397401809692
116.707187863 -235.4824299812317 -32.51420038193464 29.994500398635864
116.727358578 -235.54734086990356 -32.48295419663191 29.994637727737427
116.747437978 -235.59064531326294 -32.46211069077253 29.99471402168274
116.767271523 -235.65563249588013 -32.43087213486433 29.99484372138977
116.787274894 -235.6989827156067 -32.41005151718855 29.99493908882141
116.807216379 -235.7640461921692 -32.37881677597761 29.995068788528442
116.827378309 -235.80742692947388 -32.35800760239363 29.99514889717102
116.84737713 -235.87255144119263 -32.326830081641674 29.99529767036438
116.867300694 -235.91599321365356 -32.30606286972761 29.995408296585083
116.887256345 -235.98117876052856 -32.27494638413191 29.9955837726593
116.907218921 -236.02463579177856 -32.25423639267683 29.99569821357727
116.927385833 -236.08982133865356 -32.22321527451277 29.995858430862427
116.94740276 -236.1333088874817 -32.202562503516674 29.995938539505005
116.967279563 -236.198570728302 -32.171625308692455 29.996026277542114
116.987227349 -236.24208879470825 -32.15103738754988 29.996079683303833
117.007208322 -236.3073811531067 -32.12021081894636 29.996171236038208
117.027458581 -236.35092973709106 -32.099691562354565 29.996236085891724
117.047376937 -236.41628313064575 -32.06896608322859 29.996320009231567
117.067296159 -236.45986223220825 -32.048530749976635 29.996373414993286
117.08724365 -236.525230884552 -32.01794069260359 29.996434450149536
117.107298495 -236.56882524490356 -31.99762361496687 29.996461153030396
117.127459683 -236.6342396736145 -31.967191867530346 29.99649930000305
117.147395429 -236.6778645515442 -31.946947269141674 29.996537446975708
117.167243242 -236.74330949783325 -31.91661661118269 29.996609926223755
117.187246739 -236.78693437576294 -31.8964349552989 29.996655702590942
117.207204112 -236.85239458084106 -31.866203479468822 29.996678590774536
117.227454147 -236.89603471755981 -31.84606759995222 29.9966824054718
117.247338461 -236.96154069900513 -31.81590097397566 29.99670910835266
117.26725357 -237.005211353302 -31.79580896347761 29.99672818183899
117.287228808 -237.07073259353638 -31.765693835914135 29.99673581123352
117.30722612 -237.11444902420044 -31.74565141648054 29.99677014350891
117.327476045 -237.180016040802 -31.715616397559643 29.9968044757843
117.347414932 -237.2237629890442 -31.6956292912364 29.996808290481567
117.367367579 -237.28940629959106 -31.66570108383894 29.99679684638977
117.387211904 -237.33316850662231 -31.645767383277416 29.996785402297974
117.407197891 -237.39890336990356 -31.615974597632885 29.996739625930786
117.427373368 -237.44269609451294 -31.596109561622143 29.996712923049927
117.447413822 -237.5084309577942 -31.56643884629011 29.99662137031555
117.467230494 -237.55226945877075 -31.546688251197338 29.99654507637024
117.48722333 -237.6180500984192 -31.517105273902416 29.996434450149536
117.50719296 -237.66191911697388 -31.49742715805769 29.996415376663208
117.527411431 -237.72773027420044 -31.467916660010815 29.99638867378235
117.547399435 -237.7716145515442 -31.448265247046947 29.99636197090149
117.56737042 -237.83747148513794 -31.41880815476179 29.99630856513977
117.587198712 -237.8813557624817 -31.399170093238354 29.99627423286438
117.607196608 -237.9472279548645 -31.369713000953197 29.995957612991333
117.627403832 -237.99112749099731 -31.350078754127026 29.994736909866333
117.647402512 -238.05690813064575 -31.32065599411726 29.990185976028442
117.66728616 -238.10074663162231 -31.301082782447338 29.985013246536255
117.687226916 -238.16642045974731 -31.271764926612377 29.974156618118286
117.707266656 -238.2101674079895 -31.252300433814526 29.964619874954224
117.727508169 -238.27570390701294 -31.223171405494213 29.94733166694641
117.747393588 -238.3193440437317 -31.203815631568432 29.93380856513977
117.7672758 -238.3846516609192 -31.174860171973705 29.910630464553833
117.787370361 -238.4281086921692 -31.155597858130932 29.893624544143677
117.80723864 -238.49309587478638 -31.126831226050854 29.865350008010864
117.827475985 -238.53627824783325 -31.10769670456648 29.845174074172974
117.847440188 -238.6008381843567 -31.07907121628523 29.81314206123352
117.867358168 -238.64370012283325 -31.06004159897566 29.790467500686646
117.887208384 -238.70768022537231 -31.03158777207136 29.75525403022766
117.907202456 -238.75011491775513 -31.012687854468822 29.730942964553833
117.927500077 -238.8133625984192 -30.984422855079174 29.69338345527649
117.947454778 -238.85527849197388 -30.9656545445323 29.667847871780396
117.967276388 -238.91767168045044 -30.93765466660261 29.628796815872192
117.987308951 -238.95896196365356 -30.919094257056713 29.602429628372192
118.007198727 -239.0202717781067 -30.89140146225691 29.562203645706177
118.027371161 -239.06076860427856 -30.873060397803783 29.535149812698364
118.047441035 -239.12090349197388 -30.845745258033276 29.49431347846985
118.067320023 -239.16051530838013 -30.827692203223705 29.466878175735474
118.087210845 -239.21929216384888 -30.800863437354565 29.425645112991333
118.107234661 -239.25798845291138 -30.783184222877026 29.3980610370636
118.127415553 -239.31523942947388 -30.756973437964916 29.356621980667114
118.147423738 -239.3529133796692 -30.739700488746166 29.32903027534485
118.16729686 -239.4084553718567 -30.714166812598705 29.287610292434692
118.187259406 -239.444908618927 -30.697374515235424 29.26002812385559
118.207215919 -239.49871110916138 -30.672542743384838 29.218716859817505
118.22735167 -239.5339436531067 -30.65621965378523 29.191235780715942
118.247435159 -239.58588457107544 -30.632099322974682 29.150113344192505
118.267307552 -239.61977434158325 -30.616293124854565 29.122723817825317
118.287188253 -239.66970109939575 -30.592966251075268 29.081742525100708
118.307204363 -239.70230913162231 -30.577694110572338 29.05444836616516
118.327350545 -239.75019121170044 -30.555229358375072 29.013570070266724
118.347440235 -239.7815022468567 -30.540523700416088 28.98639225959778
118.367372414 -239.82726335525513 -30.518947772681713 28.94565510749817
118.387189508 -239.85707902908325 -30.504856280982494 28.918561220169067
118.407234644 -239.90074968338013 -30.48415582627058 28.878031969070435
118.427275805 -239.92899370193481 -30.47068803757429 28.851060152053833
118.447439304 -239.97037553787231 -30.45092599838972 28.81072735786438
118.46732252 -239.9972004890442 -30.438076190650463 28.783904314041138
118.487246124 -240.03644609451294 -30.419229678809643 28.743781328201294
118.507218838 -240.061851978302 -30.406974963843822 28.717097520828247
118.527300442 -240.09882402420044 -30.38903634995222 28.67716336250305
118.547428969 -240.12278032302856 -30.377359561622143 28.6506130695343
118.567330357 -240.15746355056763 -30.360365085303783 28.61085820198059
118.587293621 -240.17987871170044 -30.349340610206127 28.58441472053528
118.607249451 -240.21242570877075 -30.333259753882885 28.54484486579895
118.627221734 -240.2332844734192 -30.322910480201244 28.51851773262024
118.647445625 -240.26357316970825 -30.30782525986433 28.47909665107727
118.667353951 -240.28302812576294 -30.298090152442455 28.452845811843872
118.687198339 -240.31108903884888 -30.283975772559643 28.413522005081177
118.707255362 -240.32915544509888 -30.2748586460948 28.387385606765747
118.727331913 -240.35504961013794 -30.261720828711987 28.34821629524231
118.747419927 -240.3717885017395 -30.253215961158276 28.322165727615356
118.767347403 -240.39574480056763 -30.240966968238354 28.283175706863403
118.787202441 -240.41104936599731 -30.233108691871166 28.257209062576294
118.807355281 -240.4330677986145 -30.22177141159773 28.21832776069641
118.827219593 -240.44699907302856 -30.214540652930737 28.19243550300598
118.847562216 -240.4670491218567 -30.204097919166088 28.153653383255005
118.867348519 -240.47975969314575 -30.197422198951244 28.127833604812622
118.887235888 -240.49787187576294 -30.18783586472273 28.089141130447388
118.907212212 -240.50939226150513 -30.18169992417097 28.06338620185852
118.927284962 -240.5256428718567 -30.172949008643627 28.024794816970825
118.947396009 -240.53591203689575 -30.16737001389265 27.999127626419067
118.967330573 -240.55046892166138 -30.1593801304698 27.960707902908325
118.987193734 -240.5595326423645 -30.154325656592846 27.93510937690735
119.007239425 -240.57248735427856 -30.14706438034773 27.896748781204224
119.027245344 -240.58048295974731 -30.14245431870222 27.87117314338684
119.047433176 -240.59178972244263 -30.135858707129955 27.832860231399536
119.067360574 -240.59879350662231 -30.13167779892683 27.807355165481567
119.087214803 -240.60854387283325 -30.125728778541088 27.7691433429718
119.107277423 -240.61461687088013 -30.121969394385815 27.743701219558716
119.127253039 -240.6229329109192 -30.116590671241283 27.705607652664185
119.147518307 -240.62802934646606 -30.11318986862898 27.680258989334106
119.16736433 -240.63503313064575 -30.108364276587963 27.64229702949524
119.187203401 -240.63919878005981 -30.10532968491316 27.6170494556427
119.20723129 -240.644859790802 -30.101053409278393 27.579270601272583
119.227256786 -240.64818620681763 -30.098383121192455 27.554139375686646
119.247648653 -240.65253496170044 -30.09463708847761 27.516535997390747
119.267367066 -240.65506792068481 -30.092312030494213 27.49151349067688
119.287210857 -240.65827226638794 -30.089071445167065 27.45406460762024
119.307217145 -240.66005754470825 -30.08707445114851 27.429147005081177
119.327276997 -240.66210222244263 -30.08432214707136 27.391871690750122
119.347442866 -240.66315507888794 -30.082637958228588 27.367045640945435
119.36731844 -240.66423845291138 -30.080330066382885 27.329835176467896
119.387232873 -240.664635181427 -30.078939609229565 27.30507206916809
119.407249931 -240.6648030281067 -30.077083759009838 27.267985582351685
119.427325701 -240.664635181427 -30.075998477637768 27.243300676345825
119.447494434 -240.66400957107544 -30.07458322495222 27.206315279006958
119.467347858 -240.66335344314575 -30.073780231177807 27.181662797927856
119.487194608 -240.66204118728638 -30.07281320542097 27.144768953323364
119.507238901 -240.660973072052 -30.072305850684643 27.120204210281372
119.527261497 -240.6590657234192 -30.071743182837963 27.08338475227356
119.547562106 -240.65761613845825 -30.071481876075268 27.058873414993286
119.567352434 -240.65518999099731 -30.07125299423933 27.022151231765747
119.587231358 -240.65348100662231 -30.071188144385815 26.997748613357544
119.607265059 -240.65070390701294 -30.0712453648448 26.961161851882935
119.627233784 -240.64872026443481 -30.071371249854565 26.93680500984192
119.647478628 -240.645592212677 -30.07168596237898 26.900302171707153
119.667413526 -240.64336442947388 -30.071989230811596 26.875956773757935
119.687233796 -240.63996171951294 -30.072572879493237 26.83951497077942
119.707211839 -240.63762712478638 -30.073032550513744 26.81526494026184
119.727231319 -240.63398027420044 -30.073827914893627 26.77890133857727
119.747406243 -240.63153886795044 -30.074398212134838 26.754685640335083
119.767378746 -240.62775468826294 -30.075384311378002 26.718352556228638
119.78720063 -240.62519121170044 -30.076118640601635 26.69411587715149
119.807220147 -240.6212239265442 -30.077333621680737 26.657727479934692
119.827217134 -240.61856889724731 -30.078207187354565 26.63345456123352
119.847534077 -240.61457109451294 -30.07962053269148 26.597058534622192
119.867397987 -240.61185503005981 -30.0806390568614 26.57281231880188
119.887210346 -240.60782670974731 -30.08225839585066 26.53646206855774
119.907224499 -240.60514116287231 -30.083400897681713 26.512233018875122
119.927245588 -240.60106706619263 -30.08520334213972 26.47589421272278
119.947441388 -240.5983967781067 -30.086462192237377 26.45173192024231
119.96738588 -240.59433794021606 -30.088445834815502 26.415526628494263
119.987198218 -240.591637134552 -30.08982866257429 26.39140248298645
120.00723208 -240.5875325202942 -30.091980151832104 26.35527729988098
120.027185684 -240.58475542068481 -30.093471698462963 26.331197023391724
120.047522718 -240.58060503005981 -30.095785312354565 26.295092821121216
120.067377168 -240.5777668952942 -30.097385577857494 26.271004915237427
120.087223239 -240.57358598709106 -30.09985750168562 26.234883546829224
120.10721955 -240.57077836990356 -30.101556949317455 26.210776567459106
120.127257992 -240.56658220291138 -30.104179553687572 26.17459797859192
120.147433268 -240.56383562088013 -30.105970554053783 26.15046238899231
120.167384549 -240.55971574783325 -30.1087209507823 26.114230394363403
120.187291318 -240.5570149421692 -30.110595874488354 26.09005093574524
120.207244697 -240.55301713943481 -30.113466434180737 26.05378270149231
120.227186703 -240.55033159255981 -30.11541574448347 26.02959370613098
120.247463257 -240.54648637771606 -30.11839120835066 25.993260622024536
120.267381551 -240.54393815994263 -30.120388202369213 25.96901249885559
120.287318122 -240.5401692390442 -30.12340372055769 25.932599306106567
120.307268967 -240.53775835037231 -30.12541215866804 25.908332109451294
120.327215959 -240.53405046463013 -30.12846200913191 25.87190556526184
120.347582448 -240.53165483474731 -30.130500964820385 25.84761929512024
120.367398207 -240.52806901931763 -30.13357561081648 25.81119465827942
120.387243485 -240.525719165802 -30.13562410324812 25.78689694404602
120.407255091 -240.522301197052 -30.138679675757885 25.750439882278442
120.427216371 -240.52004289627075 -30.140722446143627 25.72612690925598
120.44742924 -240.51686906814575 -30.143751315772533 25.689648866653442
120.467409531 -240.51482439041138 -30.145759753882885 25.665332078933716
120.487302325 -240.51183366775513 -30.148769550025463 25.62883496284485
120.507215567 -240.51004838943481 -30.1507131382823 25.60446858406067
120.527236902 -240.50739336013794 -30.15361040085554 25.567918062210083
120.547576302 -240.50571489334106 -30.155512027442455 25.54358983039856
120.567381835 -240.50336503982544 -30.158325366675854 25.50713849067688
120.587290765 -240.50180864334106 -30.160192660987377 25.48282742500305
120.607256005 -240.499596118927 -30.162973575294018 25.446364641189575
120.627200969 -240.49814653396606 -30.16482751816511 25.42205548286438
120.647463062 -240.49614763259888 -30.167541675269604 25.38556408882141
120.667453657 -240.4948811531067 -30.169332675635815 25.36123013496399
120.687328536 -240.49303483963013 -30.17199533432722 25.324721574783325
120.707248855 -240.49196672439575 -30.173711948096752 25.30035901069641
120.727228229 -240.49037981033325 -30.17625444382429 25.263810396194458
120.747588106 -240.48940324783325 -30.177904300391674 25.239449739456177
120.767387166 -240.4880452156067 -30.18031518906355 25.202903032302856
120.787270275 -240.48712968826294 -30.181900195777416 25.178527116775513
120.807230617 -240.4859700202942 -30.184131793677807 25.141980409622192
120.827222441 -240.4852375984192 -30.185573749244213 25.117621660232544
120.847471482 -240.48418474197388 -30.187669925391674 25.081103563308716
120.867404551 -240.4835286140442 -30.189026050269604 25.056777238845825
120.887275455 -240.48259782791138 -30.191002063453197 25.020289659500122
120.907257067 -240.48209428787231 -30.192234210669994 24.995997667312622
120.92722799 -240.48131608963013 -30.194038562476635 24.95957112312317
120.947398201 -240.4808430671692 -30.195179156959057 24.935315370559692
120.967398335 -240.48020219802856 -30.196830920875072 24.89896321296692
120.987313567 -240.47975969314575 -30.197916202247143 24.874728441238403
121.007231811 -240.47924089431763 -30.199449710547924 24.83849263191223
121.027198048 -240.47892045974731 -30.20043008774519 24.814366579055786
121.047426341 -240.47843217849731 -30.201843433082104 24.778205156326294
121.067399985 -240.4782338142395 -30.202732257544994 24.754117250442505
121.087377151 -240.47789812088013 -30.204029254615307 24.71797490119934
121.107315995 -240.47771501541138 -30.20484559983015 24.693881273269653
121.127226537 -240.47739458084106 -30.206047229468822 24.657731294631958
121.147432454 -240.47721147537231 -30.206808261573315 24.633647203445435
121.167393708 -240.4770131111145 -30.207887820899487 24.597562074661255
121.187297845 -240.47684526443481 -30.208593539893627 24.573500871658325
121.207262875 -240.47675371170044 -30.209568195044994 24.53744626045227
121.22720371 -240.4766926765442 -30.21018808335066 24.5134174823761
121.247411852 -240.47660112380981 -30.211082629859447 24.47738766670227
121.267418222 -240.47663164138794 -30.21164148300886 24.453412294387817
121.287386112 -240.47660112380981 -30.212469272315502 24.417449235916138
121.307223373 -240.47660112380981 -30.213001422584057 24.393508195877075
121.327224564 -240.47660112380981 -30.213771991431713 24.357611894607544
121.347439591 -240.4765706062317 -30.214281253516674 24.33367085456848
121.367421535 -240.4765706062317 -30.214994601905346 24.297816514968872
121.387351342 -240.47650957107544 -30.215477161109447 24.273886919021606
121.407252187 -240.47646379470825 -30.216135196387768 24.238127946853638
121.427212549 -240.47641801834106 -30.216558627784252 24.214320421218872
121.44740955 -240.47631120681763 -30.217163257300854 24.178645372390747
121.467469344 -240.47629594802856 -30.217516116797924 24.15493130683899
121.487325989 -240.47621965408325 -30.21802919358015 24.119332551956177
121.507249561 -240.476158618927 -30.218345813453197 24.095593690872192
121.527253042 -240.47606706619263 -30.218786410987377 24.059977769851685
121.547465335 -240.47597551345825 -30.219076327979565 24.03622555732727
121.567403029 -240.47582292556763 -30.219415836036205 24.000596284866333
121.587296722 -240.47570085525513 -30.219625644385815 23.976819276809692
121.607273749 -240.4754719734192 -30.219923190772533 23.94113278388977
121.627183296 -240.47531938552856 -30.22008340805769 23.917309999465942
121.647458379 -240.47499895095825 -30.220338992774487 23.881537675857544
121.667485496 -240.47477006912231 -30.220440082252026 23.857672929763794
121.687296966 -240.47435808181763 -30.220575504004955 23.82183575630188
121.707272544 -240.47406816482544 -30.220628909766674 23.797932863235474
121.727195173 -240.47354936599731 -30.220695666968822 23.762046098709106
121.747384071 -240.47316789627075 -30.220752887427807 23.73810887336731
121.767454283 -240.4725422859192 -30.220760516822338 23.70220112800598
121.787338877 -240.47206926345825 -30.220745258033276 23.678250551223755
121.807248173 -240.47129106521606 -30.220697574317455 23.642346620559692
121.827188375 -240.47075700759888 -30.220630817115307 23.618417024612427
121.847377991 -240.46987199783325 -30.220554523169994 23.582515001296997
121.867443301 -240.4692463874817 -30.220516376197338 23.558589220046997
121.887335493 -240.4682698249817 -30.220466785132885 23.5226833820343
121.907334573 -240.46756792068481 -30.220447711646557 23.498700380325317
121.927202237 -240.4664387702942 -30.220398120582104 23.46273159980774
121.947380739 -240.46564531326294 -30.22037523239851 23.438740968704224
121.967422158 -240.46445512771606 -30.220318011939526 23.402791261672974
121.987336349 -240.46364641189575 -30.220277957618237 23.378827333450317
122.007294981 -240.4624104499817 -30.22021882981062 23.342955827713013
122.027193076 -240.46157121658325 -30.220155887305737 23.319060564041138
122.047376128 -240.460289478302 -30.220087222754955 23.283229112625122
122.067463508 -240.45941972732544 -30.220045261085033 23.259373903274536
122.087326539 -240.458092212677 -30.219959430396557 23.22356915473938
122.107335502 -240.45719194412231 -30.219909839332104 23.19969868659973
122.127232005 -240.45587968826294 -30.219755344092846 23.16391110420227
122.147384971 -240.45499467849731 -30.219646625220776 23.14005398750305
122.16744123 -240.4536213874817 -30.219482593238354 23.104268312454224
122.187317153 -240.45270586013794 -30.219370059669018 23.08040738105774
122.207243315 -240.45133256912231 -30.2191945835948 23.04461979866028
122.227206836 -240.45047807693481 -30.219061069190502 23.020768404006958
122.247455423 -240.4491810798645 -30.218895129859447 22.98497700691223
122.267479096 -240.448326587677 -30.21879404038191 22.961119890213013
122.287312421 -240.44707536697388 -30.218635730445385 22.925320863723755
122.307285871 -240.44623613357544 -30.218546085059643 22.901437044143677
122.327215402 -240.44500017166138 -30.21840112656355 22.865567445755005
122.347339974 -240.444176197052 -30.218315295875072 22.84161877632141
122.367468221 -240.44294023513794 -30.218206577003002 22.8056480884552
122.387329049 -240.44211626052856 -30.218101672828197 22.781630754470825
122.407338724 -240.44086503982544 -30.21794717758894 22.745631456375122
122.427196981 -240.44004106521606 -30.217828921973705 22.72163701057434
122.447373261 -240.43875932693481 -30.21766870468855 22.68563961982727
122.46752136 -240.43790483474731 -30.21755426377058 22.661647081375122
122.487335399 -240.43663835525513 -30.217367343604565 22.625651597976685
122.507286317 -240.43576860427856 -30.217250995337963 22.601699113845825
122.527290318 -240.4344563484192 -30.21705835312605 22.565720796585083
122.547252981 -240.43358659744263 -30.216947726905346 22.541728258132935
122.567542014 -240.43228960037231 -30.216810397803783 22.505723237991333
122.58736304 -240.43149614334106 -30.216756992042065 22.481690645217896
122.60730557 -240.43033647537231 -30.21670549362898 22.445651292800903
122.627199172 -240.42963457107544 -30.21668642014265 22.421618700027466
122.647278495 -240.4285969734192 -30.216709308326244 22.385546922683716
122.667565702 -240.42792558670044 -30.2167474552989 22.361493349075317
122.6873584 -240.42691850662231 -30.216854266822338 22.325394868850708
122.707360731 -240.4262318611145 -30.216938190162182 22.301329851150513
122.72730064 -240.4252552986145 -30.21707933396101 22.26519513130188
122.747277162 -240.42462968826294 -30.21719377487898 22.241111040115356
122.767506182 -240.42368364334106 -30.21739023178816 22.204991579055786
122.787345638 -240.42307329177856 -30.217542819678783 22.180876970291138
122.807301699 -240.42215776443481 -30.217794589698315 22.144688844680786
122.827205272 -240.42154741287231 -30.2179738804698 22.120545625686646
122.847241616 -240.42064714431763 -30.21825998276472 22.084304094314575
122.867533781 -240.4200520515442 -30.2184621617198 22.06015133857727
122.887318921 -240.4191517829895 -30.218769244849682 22.023881196975708
122.907292709 -240.418541431427 -30.218975238502026 21.999696016311646
122.927232936 -240.41762590408325 -30.219293765723705 21.963401079177856
122.947232752 -240.41703081130981 -30.219524554908276 21.93918538093567
122.96746777 -240.41611528396606 -30.219877414405346 21.90286946296692
122.987363351 -240.41550493240356 -30.220094852149487 21.878642320632935
123.007281607 -240.4145588874817 -30.220413379371166 21.84227681159973
123.027201454 -240.413902759552 -30.220609836280346 21.818015336990356
123.047218389 -240.41291093826294 -30.220878772437572 21.781642198562622
123.067479273 -240.4122395515442 -30.22105424851179 21.757420778274536
123.087332465 -240.41120195388794 -30.221279315650463 21.721064805984497
123.107398495 -240.41050004959106 -30.22143381088972 21.696847200393677
123.127213495 -240.4094319343567 -30.221666507422924 21.660516023635864
123.147275107 -240.40868425369263 -30.221830539405346 21.636271715164185
123.167495048 -240.40757036209106 -30.22207086533308 21.599908113479614
123.187297041 -240.406822681427 -30.22221963852644 21.5756618976593
123.207268238 -240.40569353103638 -30.222454242408276 21.539349794387817
123.227189099 -240.40494585037231 -30.222618274390697 21.515156984329224
123.247207968 -240.40383195877075 -30.222889117896557 21.478881120681763
123.267479535 -240.40309953689575 -30.223077945411205 21.45470356941223
123.287296735 -240.40201616287231 -30.223350696265697 21.41845440864563
123.307268832 -240.40131425857544 -30.22353570908308 21.394301652908325
123.327212893 -240.40030717849731 -30.223816089332104 21.358086824417114
123.347474424 -240.3996663093567 -30.22398393601179 21.33395504951477
123.367517105 -240.39873552322388 -30.224250964820385 21.29776883125305
123.387303778 -240.39812517166138 -30.2244378849864 21.2736599445343
123.407302099 -240.3972249031067 -30.224739246070385 21.23752522468567
123.427167179 -240.39662981033325 -30.224950961768627 21.21344494819641
123.447220307 -240.39572954177856 -30.225294284522533 21.177369356155396
123.467710837 -240.39511919021606 -30.225526981055737 21.153327226638794
123.487295642 -240.39423418045044 -30.225877933204174 21.117257356643677
123.507305168 -240.39365434646606 -30.22611825913191 21.093222856521606
123.527207256 -240.3927845954895 -30.22648637741804 21.057175874710083
123.547259863 -240.39218950271606 -30.22674386948347 21.03314709663391
123.567650483 -240.3913197517395 -30.227159671485424 20.997096300125122
123.587334494 -240.39073991775513 -30.227474384009838 20.97307324409485
123.607276155 -240.38987016677856 -30.22799127548933 20.937100648880005
123.627180503 -240.3892903327942 -30.228347949683666 20.913132905960083
123.647264304 -240.3884358406067 -30.228904895484447 20.877244234085083
123.667468092 -240.38788652420044 -30.229271106421947 20.85333752632141
123.687355147 -240.38706254959106 -30.229816608130932 20.81749653816223
123.707321949 -240.38654375076294 -30.230179004371166 20.793639421463013
123.727222615 -240.38576555252075 -30.230714969336987 20.75785756111145
123.747240216 -240.38523149490356 -30.231071643531322 20.73405385017395
123.767592297 -240.38446855545044 -30.231590442359447 20.698394060134888
123.787275613 -240.38396501541138 -30.231928043067455 20.674638032913208
123.807284475 -240.3832631111145 -30.232443027198315 20.639085054397583
123.827183036 -240.38280534744263 -30.232782535254955 20.61539387702942
123.847235628 -240.38211870193481 -30.23330133408308 20.57995343208313
123.86761635 -240.381676197052 -30.233652286231518 20.556315660476685
123.887305053 -240.38103532791138 -30.234180621802807 20.520867586135864
123.907289629 -240.38060808181763 -30.234573535621166 20.497287034988403
123.927240095 -240.37998247146606 -30.23515909165144 20.4618923664093
123.947243489 -240.37955522537231 -30.235555820167065 20.438302278518677
123.967596768 -240.37892961502075 -30.236179523169994 20.402928590774536
123.987308656 -240.37851762771606 -30.236599139869213 20.379332780838013
124.007274106 -240.37787675857544 -30.237272433936596 20.343995332717896
124.027162244 -240.37748003005981 -30.23770349472761 20.32040524482727
124.047260155 -240.37685441970825 -30.238369159400463 20.28509259223938
124.067504688 -240.37645769119263 -30.23881547898054 20.261563539505005
124.087321361 -240.37584733963013 -30.239483051002026 20.226269960403442
124.107283566 -240.37546586990356 -30.239978961646557 20.202779054641724
124.127223235 -240.37491655349731 -30.240724734961987 20.16751790046692
124.147236581 -240.37458086013794 -30.24124162644148 20.144030809402466
124.167440393 -240.374107837677 -30.242054156959057 20.108819246292114
124.187330798 -240.37383317947388 -30.24259965866804 20.085322618484497
124.207269906 -240.37343645095825 -30.243477039039135 20.05008816719055
124.227218318 -240.3731770515442 -30.244058780372143 20.02658200263977
124.247229445 -240.37284135818481 -30.244926624000072 19.991318941116333
124.267657959 -240.37262773513794 -30.245523624122143 19.967841386795044
124.287342288 -240.37233781814575 -30.24637620896101 19.932568788528442
124.307308439 -240.3722004890442 -30.24695222824812 19.909072160720825
124.327195874 -240.37200212478638 -30.24778573960066 19.873786211013794
124.347212579 -240.37189531326294 -30.248331241309643 19.85027050971985
124.367461628 -240.37175798416138 -30.249107532203197 19.81497883796692
124.387331796 -240.37169694900513 -30.24959772080183 19.79141354560852
124.407272022 -240.37160539627075 -30.250278644263744 19.75599980354309
124.427185388 -240.37157487869263 -30.250690631568432 19.732360124588013
124.447277289 -240.3715443611145 -30.25125139206648 19.696866273880005
124.467616291 -240.37155961990356 -30.251579456031322 19.6731960773468
124.487385229 -240.37160539627075 -30.252027682960033 19.637660264968872
124.507295083 -240.37168169021606 -30.252287082374096 19.613951921463013
124.527191955 -240.37186479568481 -30.252613238990307 19.57837986946106
124.547205655 -240.37201738357544 -30.252802066504955 19.55465817451477
124.567501336 -240.37235307693481 -30.253013782203197 19.519084215164185
124.587367984 -240.37259721755981 -30.253118686378002 19.49535298347473
124.60730934 -240.3730549812317 -30.253160648047924 19.45976948738098
124.627169897 -240.37340593338013 -30.253147296607494 19.43603253364563
124.647288691 -240.37397050857544 -30.253059558570385 19.400389909744263
124.667509657 -240.3743977546692 -30.25295465439558 19.376607179641724
124.687371651 -240.375084400177 -30.252775363624096 19.3409264087677
124.707353286 -240.375572681427 -30.2526418492198 19.317099809646606
124.727205881 -240.37636613845825 -30.252416782081127 19.28139042854309
124.747256159 -240.37693071365356 -30.252252750098705 19.25760579109192
124.767494767 -240.37780046463013 -30.252010516822338 19.22198796272278
124.787425679 -240.3783802986145 -30.251836948096752 19.198243379592896
124.807298488 -240.3792805671692 -30.25155656784773 19.162673234939575
124.827226325 -240.37987565994263 -30.251377277076244 19.13897442817688
124.847249065 -240.38079118728638 -30.251112155616283 19.103434801101685
124.867521803 -240.38138628005981 -30.25096147507429 19.079753160476685
124.887371642 -240.38230180740356 -30.250732593238354 19.044215440750122
124.907307915 -240.38291215896606 -30.250599078834057 19.020537614822388
124.927215248 -240.38382768630981 -30.250419788062572 18.985001802444458
124.947244493 -240.38443803787231 -30.250297717750072 18.961299180984497
124.967493635 -240.38535356521606 -30.250158481299877 18.925734758377075
124.987358241 -240.38596391677856 -30.250061206519604 18.902011156082153
125.007301445 -240.38687944412231 -30.249912433326244 18.866379976272583
125.027215954 -240.3874592781067 -30.24984949082136 18.84262204170227
125.047220506 -240.3883137702942 -30.249735049903393 18.80697751045227
125.067480302 -240.38884782791138 -30.249641589820385 18.783223390579224
125.087386579 -240.38967180252075 -30.24947565048933 18.747599840164185
125.107337847 -240.39019060134888 -30.249355487525463 18.723910570144653
125.127261062 -240.390953540802 -30.249193362891674 18.68842053413391
125.147219944 -240.39145708084106 -30.24908273667097 18.664763689041138
125.167518421 -240.39220476150513 -30.248928241431713 18.629369020462036
125.187390347 -240.39269304275513 -30.248819522559643 18.60577130317688
125.207407192 -240.39341020584106 -30.248636417090893 18.57037854194641
125.227214329 -240.39389848709106 -30.248531512916088 18.54681897163391
125.247220215 -240.39463090896606 -30.248367480933666 18.511475801467896
125.267522782 -240.395103931427 -30.248270206153393 18.487937211990356
125.287354283 -240.39582109451294 -30.248123340308666 18.452643632888794
125.307293554 -240.39629411697388 -30.24801652878523 18.429099321365356
125.327257273 -240.39691972732544 -30.24786775559187 18.393807649612427
125.347275628 -240.3973469734192 -30.247749499976635 18.370255708694458
125.367526563 -240.39789628982544 -30.24760454148054 18.334986925125122
125.387377158 -240.39823198318481 -30.247511081397533 18.31146550178528
125.407356858 -240.3986897468567 -30.247364215552807 18.276170015335083
125.427210956 -240.39894914627075 -30.24729173630476 18.252654314041138
125.447195438 -240.39931535720825 -30.247173480689526 18.217355012893677
125.467533163 -240.39952898025513 -30.24710100144148 18.1938259601593
125.48740199 -240.39975786209106 -30.24699991196394 18.15854001045227
125.507380366 -240.39989519119263 -30.246923618018627 18.13501286506653
125.527318017 -240.40001726150513 -30.246820621192455 18.099786043167114
125.547213568 -240.4001088142395 -30.246744327247143 18.07629895210266
125.567479207 -240.400230884552 -30.246622256934643 18.041064500808716
125.587387714 -240.40029191970825 -30.246528796851635 18.017634630203247
125.607274165 -240.40041399002075 -30.24637048691511 17.982430696487427
125.627255834 -240.4005208015442 -30.246244601905346 17.95898938179016
125.647227215 -240.40067338943481 -30.246038608253002 17.92381978034973
125.667475443 -240.40079545974731 -30.24589364975691 17.900405168533325
125.687373734 -240.4010090827942 -30.245659045875072 17.865321397781372
125.707279687 -240.40114641189575 -30.24548738449812 17.84195828437805
125.727220457 -240.40136003494263 -30.245187930762768 17.806967973709106
125.747229823 -240.40151262283325 -30.244960956275463 17.78362202644348
125.767484853 -240.40171098709106 -30.244573764503002 17.74857449531555
125.787405324 -240.40184831619263 -30.24426668137312 17.725215196609497
125.807326767 -240.4020619392395 -30.243780307471752 17.690110445022583
125.827282083 -240.40221452713013 -30.24342554062605 17.666695833206177
125.847217586 -240.40245866775513 -30.242855243384838 17.631516695022583
125.867425847 -240.40262651443481 -30.24246232956648 17.60802960395813
125.887413158 -240.40290117263794 -30.241848163306713 17.57276463508606
125.907295512 -240.4030842781067 -30.241428546607494 17.54923939704895
125.927266078 -240.40337419509888 -30.24076669663191 17.513928651809692
125.947200402 -240.40358781814575 -30.240305118262768 17.490351915359497
125.967420356 -240.40392351150513 -30.239576511085033 17.454941987991333
125.98738331 -240.404137134552 -30.23902528733015 17.431296586990356
126.007294774 -240.40445756912231 -30.238155536353588 17.395779848098755
126.02726653 -240.4046711921692 -30.237524203956127 17.372065782546997
126.047220733 -240.40496110916138 -30.23651521652937 17.336459398269653
126.067368885 -240.4051594734192 -30.235826663672924 17.312699556350708
126.087435009 -240.40541887283325 -30.234720401465893 17.277007341384888
126.107344046 -240.405601978302 -30.233976535499096 17.253230333328247
126.127252282 -240.40586137771606 -30.23285310715437 17.217530488967896
126.147211339 -240.40604448318481 -30.232111148536205 17.1937096118927
126.167347045 -240.40634965896606 -30.230999164283276 17.15795063972473
126.187432736 -240.40654802322388 -30.23022287338972 17.13411831855774
126.207371677 -240.4068684577942 -30.22903650254011 17.098389863967896
126.227324465 -240.407066822052 -30.228220157325268 17.07457661628723
126.247219731 -240.40738725662231 -30.226957492530346 17.03885769844055
126.267319806 -240.4076008796692 -30.22610681504011 17.01503872871399
126.287399217 -240.40790605545044 -30.224798373878002 16.979302644729614
126.307353275 -240.40811967849731 -30.22392290085554 16.955424547195435
126.327300813 -240.4084553718567 -30.222603015601635 16.919583559036255
126.347246589 -240.40866899490356 -30.221714191138744 16.895655870437622
126.367415382 -240.40900468826294 -30.220400027930737 16.859734773635864
126.387413147 -240.40921831130981 -30.219530276954174 16.835776567459106
126.407311013 -240.40953874588013 -30.21824663132429 16.79984974861145
126.427256619 -240.409752368927 -30.21740549057722 16.77588963508606
126.447246789 -240.41008806228638 -30.21620386093855 16.73989224433899
126.467331931 -240.41031694412231 -30.215427570044994 16.715867280960083
126.487443888 -240.41069841384888 -30.214317493140697 16.67977261543274
126.507302183 -240.410973072052 -30.213611774146557 16.65567708015442
126.527278916 -240.41140031814575 -30.212600879371166 16.619515657424927
126.547210959 -240.411705493927 -30.211967639625072 16.595425844192505
126.567346706 -240.41216325759888 -30.21104448288679 16.55933117866516
126.587421548 -240.41245317459106 -30.210449390113354 16.53528141975403
126.607341354 -240.41286516189575 -30.20957200974226 16.499228715896606
126.627229571 -240.41312456130981 -30.208999805152416 16.4751980304718
126.647262139 -240.4135365486145 -30.208158664405346 16.439168214797974
126.667295037 -240.41381120681763 -30.20761888474226 16.415126085281372
126.687428166 -240.41423845291138 -30.206844501197338 16.379090547561646
126.707319133 -240.41454362869263 -30.206348590552807 16.35503888130188
126.727267652 -240.4150013923645 -30.205633334815502 16.3189537525177
126.747250226 -240.4152913093567 -30.205167941749096 16.294890642166138
126.767296222 -240.41570329666138 -30.20450036972761 16.25879216194153
126.787427123 -240.41596269607544 -30.204076938331127 16.23470425605774
126.807304962 -240.416344165802 -30.203487567603588 16.19854474067688
126.827254536 -240.41660356521606 -30.203117541968822 16.17443013191223
126.847196728 -240.4169545173645 -30.2025930210948 16.138196229934692
126.867273841 -240.41718339920044 -30.202263049781322 16.11401104927063
126.887439603 -240.4174885749817 -30.201790027320385 16.07772183418274
126.90731735 -240.41767168045044 -30.20150201767683 16.0534565448761
126.927294878 -240.41794633865356 -30.20109384506941 16.0170738697052
126.947225229 -240.4180989265442 -30.20083635300398 15.99282956123352
126.967286502 -240.41832780838013 -30.20047777146101 15.956490755081177
126.987450393 -240.41844987869263 -30.20026033371687 15.932265520095825
127.007318267 -240.41864824295044 -30.19994180649519 15.895909547805786
127.027256534 -240.41877031326294 -30.19973772019148 15.871669054031372
127.04721732 -240.4189076423645 -30.199375323951244 15.835334062576294
127.067283849 -240.41899919509888 -30.199125461280346 15.811148881912231
127.087420232 -240.41913652420044 -30.198740176856518 15.77487301826477
127.10742415 -240.4191975593567 -30.198482684791088 15.750693559646606
127.127276668 -240.41930437088013 -30.198129825294018 15.714436769485474
127.147204596 -240.41938066482544 -30.19792192429304 15.690249681472778
127.16724549 -240.41947221755981 -30.197639636695385 15.653947114944458
127.187435587 -240.41953325271606 -30.197469882667065 15.629754304885864
127.20732364 -240.41960954666138 -30.19722955673933 15.593507051467896
127.227252563 -240.41965532302856 -30.19708078354597 15.569356203079224
127.247270352 -240.41973161697388 -30.196878604590893 15.533150911331177
127.267347876 -240.41977739334106 -30.196758441627026 15.509007692337036
127.287410566 -240.41985368728638 -30.196594409644604 15.472808122634888
127.307297071 -240.4198842048645 -30.196500949561596 15.448735475540161
127.327324574 -240.41994524002075 -30.196384601294994 15.412633180618286
127.347230674 -240.41999101638794 -30.196338824927807 15.388589143753052
127.367277578 -240.42006731033325 -30.196270160377026 15.352538347244263
127.387506333 -240.42014360427856 -30.196228198707104 15.328503847122192
127.407310106 -240.42026567459106 -30.19615762680769 15.292449235916138
127.427256568 -240.42035722732544 -30.196113757789135 15.2684166431427
127.447187436 -240.420494556427 -30.196052722632885 15.232369661331177
127.467198972 -240.42058610916138 -30.196031741797924 15.208342790603638
127.489006175 -240.42070817947388 -30.19602983444929 15.17232632637024
127.508901241 -240.4207844734192 -30.196052722632885 15.148337602615356
127.528862608 -240.4209065437317 -30.196108035743237 15.112353563308716
127.548834816 -240.420982837677 -30.196169070899487 15.08837628364563
127.569089877 -240.42112016677856 -30.196317844092846 15.052409410476685
127.588968787 -240.421226978302 -30.196434192359447 15.0284264087677
127.608912964 -240.42137956619263 -30.196647815406322 14.992509126663208
127.628806851 -240.42150163650513 -30.196806125342846 14.968575716018677
127.648816446 -240.42165422439575 -30.197055988013744 14.932667970657349
127.669119646 -240.42173051834106 -30.197252444922924 14.908742189407349
127.688996571 -240.4218373298645 -30.19755380600691 14.872849702835083
127.708934415 -240.42191362380981 -30.197759799659252 14.848893404006958
127.728801524 -240.42202043533325 -30.1980706974864 14.812962770462036
127.748905353 -240.4220814704895 -30.198276691138744 14.789023637771606
127.769065528 -240.42218828201294 -30.19857233017683 14.753142595291138
127.789010141 -240.42226457595825 -30.19876306504011 14.729228258132935
127.808944936 -240.42235612869263 -30.199028186500072 14.693333864212036
127.82881754 -240.42240190505981 -30.19920938462019 14.669398546218872
127.848828498 -240.4224934577942 -30.199482135474682 14.633521318435669
127.86901781 -240.42252397537231 -30.19969194382429 14.609614610671997
127.889182611 -240.42260026931763 -30.200020007789135 14.57374882698059
127.908995927 -240.42266130447388 -30.200264148414135 14.549821138381958
127.928838495 -240.4227375984192 -30.200657062232494 14.513921022415161
127.948823529 -240.42279863357544 -30.20092599838972 14.489989519119263
127.968972814 -240.4228596687317 -30.20139329880476 14.454095125198364
127.988984941 -240.422935962677 -30.20169847458601 14.430161714553833
128.008964164 -240.4229817390442 -30.20218675583601 14.394202470779419
128.028830656 -240.42302751541138 -30.202514819800854 14.370215654373169
128.048814919 -240.42308855056763 -30.203018359839916 14.3342125415802
128.069051201 -240.42307329177856 -30.20337312668562 14.310176134109497
128.089024876 -240.4230580329895 -30.203884296119213 14.27410626411438
128.108920102 -240.42302751541138 -30.204204730689526 14.250050783157349
128.128874745 -240.42295122146606 -30.2046624943614 14.213977098464966
128.148796778 -240.42290544509888 -30.20495431870222 14.189944505691528
128.169066711 -240.42278337478638 -30.205379657447338 14.153937578201294
128.188989077 -240.42270708084106 -30.20565240830183 14.129920244216919
128.208914128 -240.42260026931763 -30.206047229468822 14.093861818313599
128.228831157 -240.42252397537231 -30.206272296607494 14.069804430007935
128.248832983 -240.42243242263794 -30.206606082618237 14.033728837966919
128.268998653 -240.42235612869263 -30.206796817481518 14.009680986404419
128.289001201 -240.4222493171692 -30.207058124244213 13.973605394363403
128.308971687 -240.42215776443481 -30.207206897437572 13.949557542800903
128.328870485 -240.42203569412231 -30.207403354346752 13.913459062576294
128.348852394 -240.42197465896606 -30.20752351731062 13.889399766921997
128.368947882 -240.42189836502075 -30.207662753760815 13.853274583816528
128.389028548 -240.42186784744263 -30.207742862403393 13.829175233840942
128.408961457 -240.4218373298645 -30.2078420445323 13.793004274368286
128.428820239 -240.42182207107544 -30.20787065476179 13.768862962722778
128.448809842 -240.42185258865356 -30.207882098853588 13.732653856277466
128.4689184 -240.42189836502075 -30.20784967392683 13.708512544631958
128.48906909 -240.42198991775513 -30.207744769752026 13.67228627204895
128.509030182 -240.4220814704895 -30.207657031714916 13.648131608963013
128.528895296 -240.42223405838013 -30.20748346298933 13.611891984939575
128.548804004 -240.4223713874817 -30.207359485328197 13.58773159980774
128.568872223 -240.42258501052856 -30.20714395493269 13.551455736160278
128.589075239 -240.4227375984192 -30.20700281113386 13.527268648147583
128.608991609 -240.42299699783325 -30.206802539527416 13.490994691848755
128.628820778 -240.42321062088013 -30.206667117774487 13.466771364212036
128.648871975 -240.42356157302856 -30.206468753516674 13.430432558059692
128.668814428 -240.42382097244263 -30.20633714646101 13.406192064285278
128.689047174 -240.42423295974731 -30.206123523414135 13.369786500930786
128.708996896 -240.4245228767395 -30.20597665756941 13.34548306465149
128.728856628 -240.42496538162231 -30.20570581406355 13.308955430984497
128.748851549 -240.4252552986145 -30.2055169865489 13.284605264663696
128.768825257 -240.42569780349731 -30.205215625464916 13.24807858467102
128.789043447 -240.42601823806763 -30.205013446509838 13.223706483840942
128.808950015 -240.42649126052856 -30.204704456031322 13.187136888504028
128.828838325 -240.42682695388794 -30.204473666846752 13.162728548049927
128.848835157 -240.42736101150513 -30.20411317795515 13.12611699104309
128.868807318 -240.4277424812317 -30.203851871192455 13.10169243812561
128.889015114 -240.4283528327942 -30.203422717750072 13.065035104751587
128.908902609 -240.42878007888794 -30.20312898606062 13.040600061416626
128.928919773 -240.42948198318481 -30.202644519507885 13.00389313697815
128.948821693 -240.43000078201294 -30.20231454819441 12.97941517829895
128.968814421 -240.43080949783325 -30.201811008155346 12.942692995071411
128.989217787 -240.43141984939575 -30.20146768540144 12.91817593574524
129.008943169 -240.43236589431763 -30.200962238013744 12.881433725357056
129.028841389 -240.43302202224731 -30.20062654465437 12.856923341751099
129.048841119 -240.43401384353638 -30.20013826340437 12.820167779922485
129.06878669 -240.43468523025513 -30.19981973618269 12.795647859573364
129.089232417 -240.43569231033325 -30.19931810349226 12.758836030960083
129.109047822 -240.43637895584106 -30.198984317481518 12.734340906143188
129.128930477 -240.4373860359192 -30.198482684791088 12.697555780410767
129.148841786 -240.438072681427 -30.198146991431713 12.673033952713013
129.168816857 -240.43911027908325 -30.197645358741283 12.636253595352173
129.189148789 -240.43981218338013 -30.197281055152416 12.611700296401978
129.208942213 -240.44084978103638 -30.19674890488386 12.574915170669556
129.228834518 -240.44155168533325 -30.196397952735424 12.550394296646118
129.248840726 -240.4425892829895 -30.19590585678816 12.513603448867798
129.268824916 -240.44329118728638 -30.195596866309643 12.489086389541626
129.289190464 -240.44432878494263 -30.19521539658308 12.452287912368774
129.308884664 -240.4450306892395 -30.194975070655346 12.427784204483032
129.328914512 -240.4460530281067 -30.19467180222273 12.391030550003052
129.348859017 -240.4467396736145 -30.194481067359447 12.366553544998169
129.368842007 -240.4477620124817 -30.194215945899487 12.329872369766235
129.38900521 -240.44843339920044 -30.194019488990307 12.305433511734009
129.408919489 -240.44944047927856 -30.193731479346752 12.268802881240845
129.428849592 -240.4500813484192 -30.193531207740307 12.244399309158325
129.448839282 -240.45102739334106 -30.19327562302351 12.207801103591919
129.468784998 -240.45163774490356 -30.19312684983015 12.183403253555298
129.489035134 -240.4525227546692 -30.192920856177807 12.146812677383423
129.508929534 -240.4530873298645 -30.19279306381941 12.12245774269104
129.528884242 -240.45392656326294 -30.192615680396557 12.085947275161743
129.548838771 -240.45446062088013 -30.192510776221752 12.061603784561157
129.568796079 -240.45523881912231 -30.192375354468822 12.025116205215454
129.589090258 -240.45572710037231 -30.19229143112898 12.00081753730774
129.608917141 -240.45641374588013 -30.192180804908276 11.964431047439575
129.628856632 -240.45684099197388 -30.19211023300886 11.940197229385376
129.648858133 -240.45742082595825 -30.191991977393627 11.903854608535767
129.668819381 -240.45780229568481 -30.19191949814558 11.879619836807251
129.688993466 -240.45832109451294 -30.191795520484447 11.843300104141235
129.708887053 -240.45865678787231 -30.191698245704174 11.819091081619263
129.72885542 -240.45909929275513 -30.191536121070385 11.782809495925903
129.748925938 -240.45937395095825 -30.191393069922924 11.7586510181427
129.768833837 -240.45977067947388 -30.191169910132885 11.722458124160767
129.789142896 -240.46001482009888 -30.191002063453197 11.698350191116333
129.808901228 -240.46035051345825 -30.19072549790144 11.662209749221802
129.8289202 -240.46056413650513 -30.190538577735424 11.638128519058228
129.848871934 -240.4608235359192 -30.19023721665144 11.602027177810669
129.868812718 -240.46099138259888 -30.19004075974226 11.577978372573853
129.889131945 -240.4611439704895 -30.189731769263744 11.54192566871643
129.908888743 -240.46122026443481 -30.18951814621687 11.517918825149536
129.928876651 -240.46129655838013 -30.189188174903393 11.481926202774048
129.948900584 -240.46129655838013 -30.188961200416088 11.45797085762024
129.968817964 -240.46129655838013 -30.18862932175398 11.422053575515747
129.989088572 -240.46125078201294 -30.188408069312572 11.39810299873352
130.008908509 -240.46115922927856 -30.188089542090893 11.362160921096802
130.02889801 -240.46109819412231 -30.187889270484447 11.338196039199829
130.048877098 -240.46093034744263 -30.187553577125072 11.302250146865845
130.06882386 -240.46080827713013 -30.1873342320323 11.27827763557434
130.089204229 -240.4606556892395 -30.18700998276472 11.242319345474243
130.108894647 -240.4605793952942 -30.18679254502058 11.218398332595825
130.128880018 -240.46047258377075 -30.186464481055737 11.18251919746399
130.14886764 -240.46042680740356 -30.18624895066023 11.158618211746216
130.168816924 -240.4603352546692 -30.185939960181713 11.122774362564087
130.189044979 -240.46025896072388 -30.185735873878002 11.098879098892212
130.208922728 -240.46015214920044 -30.185426883399487 11.063064813613892
130.228845136 -240.46007585525513 -30.185236148536205 11.039193391799927
130.248844855 -240.45990800857544 -30.184881381690502 11.003426790237427
130.26879609 -240.459801197052 -30.1846429631114 10.97958779335022
130.289310085 -240.4596028327942 -30.1842824742198 10.943848848342896
130.308918077 -240.4594807624817 -30.184017352759838 10.920057535171509
130.328904433 -240.45929765701294 -30.18363969773054 10.884364366531372
130.348850885 -240.45917558670044 -30.18339555710554 10.860571146011353
130.368874194 -240.45902299880981 -30.183044604957104 10.824880838394165
130.389024072 -240.45891618728638 -30.182810001075268 10.80109429359436
130.40889792 -240.45877885818481 -30.18245904892683 10.765403032302856
130.428869047 -240.4587025642395 -30.182243518531322 10.741599321365356
130.44887086 -240.458580493927 -30.18191545456648 10.705898523330688
130.468805693 -240.45851945877075 -30.181709460914135 10.682085275650024
130.489132787 -240.45842790603638 -30.18142145127058 10.646333932876587
130.508942413 -240.45836687088013 -30.181236438453197 10.62248158454895
130.528923157 -240.45829057693481 -30.180977039039135 10.586685419082642
130.548852079 -240.45822954177856 -30.18081109970808 10.562803506851196
130.5689376 -240.45816850662231 -30.180582217872143 10.526953935623169
130.589094195 -240.4581379890442 -30.180448703467846 10.503043413162231
130.608898 -240.45804643630981 -30.18029611557722 10.46712040901184
130.628878437 -240.45798540115356 -30.18021409958601 10.443168878555298
130.648851084 -240.45787858963013 -30.1801320835948 10.407216310501099
130.668809443 -240.45778703689575 -30.18009775131941 10.383239030838013
130.68909444 -240.45761919021606 -30.180080585181713 10.347249269485474
130.708912423 -240.45745134353638 -30.180101566016674 10.323228120803833
130.728886356 -240.45720720291138 -30.180151157081127 10.28718876838684
130.748867852 -240.45702409744263 -30.180196933448315 10.263147592544556
130.768852198 -240.4567494392395 -30.18028848618269 10.227065324783325
130.789098801 -240.45656633377075 -30.180366687476635 10.203006982803345
130.808904926 -240.4562611579895 -30.180528812110424 10.166878938674927
130.82886809 -240.4560627937317 -30.180658511817455 10.142784357070923
130.848857836 -240.45580339431763 -30.18088548630476 10.106642007827759
130.868823705 -240.45562028884888 -30.181057147681713 10.082556962966919
130.889052597 -240.45536088943481 -30.181329898536205 10.0464346408844
130.908933854 -240.45517778396606 -30.181533984839916 10.022345781326294
130.928894385 -240.454918384552 -30.18186777085066 9.986225366592407
130.948844093 -240.45475053787231 -30.18211381882429 9.962163209915161
130.968830384 -240.45452165603638 -30.18254678696394 9.92608380317688
130.989032777 -240.45436906814575 -30.182863406836987 9.902036905288696
131.009005539 -240.45417070388794 -30.183447055518627 9.865982294082642
131.028862943 -240.45404863357544 -30.183860950171947 9.841962099075317
131.048906288 -240.45391130447388 -30.184524707496166 9.805975198745728
131.068817647 -240.4538197517395 -30.18502252548933 9.78200364112854
131.089175174 -240.45371294021606 -30.18578165024519 9.746048212051392
131.109061438 -240.45365190505981 -30.186306171119213 9.722079515457153
131.128900496 -240.4535756111145 -30.187135867774487 9.686129808425903
131.148841446 -240.45352983474731 -30.187702350318432 9.662165880203247
131.168800515 -240.45346879959106 -30.188587360084057 9.62625241279602
131.189093247 -240.45343828201294 -30.189190082252026 9.602318048477173
131.208963329 -240.45334672927856 -30.19010942429304 9.566432237625122
131.228874002 -240.4532551765442 -30.190715961158276 9.542510271072388
131.248869409 -240.45310258865356 -30.19162004441023 9.50662350654602
131.268827957 -240.45295000076294 -30.19222467392683 9.482689142227173
131.289041075 -240.45273637771606 -30.193123035132885 9.446800470352173
131.308973664 -240.45256853103638 -30.193714313209057 9.42290711402893
131.328936476 -240.45232439041138 -30.19455163925886 9.387084245681763
131.348870803 -240.4521565437317 -30.195091418921947 9.363220453262329
131.368808702 -240.4518666267395 -30.195787601172924 9.3274405002594
131.389056399 -240.45168352127075 -30.196220569312572 9.303573846817017
131.408995963 -240.45139360427856 -30.19682901352644 9.267757654190063
131.428892747 -240.45122575759888 -30.197218112647533 9.243877649307251
131.44887692 -240.45096635818481 -30.197775058448315 9.208061456680298
131.468811586 -240.45078325271606 -30.19812410324812 9.184197664260864
131.489072359 -240.45050859451294 -30.198608569800854 9.14838433265686
131.508985688 -240.4503254890442 -30.19887750595808 9.124503374099731
131.528905493 -240.450035572052 -30.199205569922924 9.088655710220337
131.548892429 -240.44986772537231 -30.199402026832104 9.06475281715393
131.568872482 -240.44965410232544 -30.19956796616316 9.028858423233032
131.589032718 -240.44953203201294 -30.19963663071394 9.00491738319397
131.608989099 -240.44939470291138 -30.19967859238386 8.968985795974731
131.628874367 -240.44928789138794 -30.199638538062572 8.945019006729126
131.648891204 -240.44915056228638 -30.1995355412364 8.909072160720825
131.668826392 -240.449059009552 -30.199411563575268 8.885112047195435
131.689063654 -240.4489369392395 -30.199192218482494 8.849174737930298
131.708973243 -240.44884538650513 -30.198995761573315 8.825252771377563
131.728891053 -240.4486927986145 -30.198610477149487 8.789371728897095
131.748891184 -240.4486165046692 -30.198332004249096 8.765458345413208
131.768822353 -240.44840288162231 -30.197759799659252 8.72962498664856
131.789045934 -240.4482502937317 -30.197336368262768 8.705740213394165
131.809017212 -240.44799089431763 -30.196636371314526 8.669917345046997
131.828880554 -240.4477620124817 -30.196092776954174 8.646028757095337
131.848888972 -240.44744157791138 -30.1952630802989 8.61020016670227
131.868840702 -240.44721269607544 -30.194677524268627 8.58632493019104
131.889040896 -240.44687700271606 -30.193765811622143 8.550529718399048
131.909000759 -240.4466633796692 -30.19315927475691 8.526662111282349
131.928909315 -240.44635820388794 -30.1922113224864 8.490901231765747
131.948876422 -240.4461750984192 -30.1916009709239 8.467039346694946
131.968797318 -240.445885181427 -30.190654926002026 8.431274652481079
131.9889741 -240.4456868171692 -30.190021686255932 8.407434701919556
132.009062585 -240.44536638259888 -30.18907182663679 8.371686220169067
132.028883647 -240.44512224197388 -30.188429050147533 8.347893953323364
132.048828108 -240.44480180740356 -30.18747156113386 8.312223672866821
132.068866952 -240.4445881843567 -30.186807803809643 8.288475275039673
132.088887056 -240.44428300857544 -30.185793094336987 8.252868890762329
132.109012147 -240.4440999031067 -30.1851312443614 8.229119539260864
132.128945813 -240.44382524490356 -30.18405931442976 8.193518877029419
132.148842098 -240.44367265701294 -30.183345966041088 8.169782876968384
132.168812035 -240.44345903396606 -30.182279758155346 8.134175539016724
132.188955805 -240.44333696365356 -30.18155687302351 8.110426187515259
132.209008731 -240.44318437576294 -30.180523090064526 8.074785470962524
132.228855225 -240.44309282302856 -30.17986124008894 8.051026582717896
132.248826075 -240.44297075271606 -30.17892663925886 8.015353441238403
132.268850864 -240.44292497634888 -30.178341083228588 7.991542100906372
132.288977751 -240.4428791999817 -30.177499942481518 7.955814599990845
132.309037119 -240.44289445877075 -30.17697160691023 7.9320127964019775
132.328925552 -240.44297075271606 -30.176244907081127 7.896310091018677
132.348841687 -240.44304704666138 -30.17579286545515 7.872507333755493
132.368882989 -240.443199634552 -30.175159625709057 7.83679986000061
132.388934775 -240.44335222244263 -30.1747609898448 7.813004732131958
132.409030906 -240.44362688064575 -30.174207858741283 7.777262926101685
132.428904984 -240.44384050369263 -30.173868350684643 7.753418207168579
132.448839479 -240.44419145584106 -30.17339151352644 7.717646837234497
132.468871383 -240.44445085525513 -30.173103503882885 7.693806886672974
132.488941512 -240.44486284255981 -30.17269914597273 7.658055543899536
132.50809046 -240.44513750076294 -30.172453097999096 7.634233713150024
132.527743519 -240.44562578201294 -30.172107867896557 7.59851861000061
132.547695804 -240.44597673416138 -30.171903781592846 7.574701547622681
132.567727366 -240.4465413093567 -30.171632938086987 7.538968324661255
132.587725126 -240.44693803787231 -30.17148607224226 7.515160799026489
132.607877868 -240.44754838943481 -30.17131631821394 7.47943902015686
132.627725095 -240.44794511795044 -30.171238116919994 7.455631494522095
132.647708381 -240.44855546951294 -30.171171359717846 7.419921159744263
132.667718916 -240.44896745681763 -30.171156100928783 7.39609169960022
132.687710108 -240.44962358474731 -30.171131305396557 7.360366106033325
132.707983739 -240.4500813484192 -30.17112749069929 7.336549997329712
132.727754298 -240.45078325271606 -30.17114084213972 7.300827264785767
132.747718506 -240.45127153396606 -30.171182803809643 7.277027368545532
132.767718239 -240.451988697052 -30.171293430030346 7.241350412368774
132.787722333 -240.45246171951294 -30.17143266648054 7.217592477798462
132.807815409 -240.45316362380981 -30.171693973243237 7.181905031204224
132.827718123 -240.4536213874817 -30.17192094773054 7.158097505569458
132.847759749 -240.45427751541138 -30.17227380722761 7.122364282608032
132.86771997 -240.45470476150513 -30.17252366989851 7.098533868789673
132.887753631 -240.45531511306763 -30.172914676368237 7.062743425369263
132.907837853 -240.4556965827942 -30.173183612525463 7.038873910903931
132.927737718 -240.45624589920044 -30.17359559983015 7.003051042556763
132.947736137 -240.45656633377075 -30.17387407273054 6.979140520095825
132.967724645 -240.4570393562317 -30.174303226172924 6.943244218826294
132.987724312 -240.45731401443481 -30.17458551377058 6.919311761856079
133.007825842 -240.45775651931763 -30.17501848191023 6.883440256118774
133.027734887 -240.45804643630981 -30.17530458420515 6.859529733657837
133.04774289 -240.45848894119263 -30.175743274390697 6.823664903640747
133.067703656 -240.45880937576294 -30.176040820777416 6.799752473831177
133.087746543 -240.45925188064575 -30.17649095505476 6.763884782791138
133.107888843 -240.45954179763794 -30.176777057349682 6.739964723587036
133.127745787 -240.45999956130981 -30.17718332260847 6.704069375991821
133.147706643 -240.46030473709106 -30.17740648239851 6.680119752883911
133.167707984 -240.46074724197388 -30.17771928757429 6.64418625831604
133.187734546 -240.46105241775513 -30.177885226905346 6.620224237442017
133.208015085 -240.46149492263794 -30.17806451767683 6.584280252456665
133.227716603 -240.46178483963013 -30.178169421851635 6.560315370559692
133.247763974 -240.46221208572388 -30.17826669663191 6.524364709854126
133.26770628 -240.46250200271606 -30.17834299057722 6.500395059585571
133.287711977 -240.46292924880981 -30.17837732285261 6.464425325393677
133.307828244 -240.46318864822388 -30.178394488990307 6.440424203872681
133.32772879 -240.4635853767395 -30.178405933082104 6.404404878616333
133.347720548 -240.46379899978638 -30.17838876694441 6.380354166030884
133.367709586 -240.4641194343567 -30.17834871262312 6.344241380691528
133.387713618 -240.46430253982544 -30.178285770118237 6.320153474807739
133.407851068 -240.46454668045044 -30.178136996924877 6.283981561660767
133.427721049 -240.4647297859192 -30.17803018540144 6.259857416152954
133.447726141 -240.46489763259888 -30.177805118262768 6.223610162734985
133.467725405 -240.46498918533325 -30.177639178931713 6.199425935745239
133.487761832 -240.4650959968567 -30.17736642807722 6.163119554519653
133.507834902 -240.46514177322388 -30.177143268287182 6.138848543167114
133.527772577 -240.46523332595825 -30.176832370460033 6.102463960647583
133.547726161 -240.46527910232544 -30.176609210669994 6.07819676399231
133.567716779 -240.4653401374817 -30.176283054053783 6.041811227798462
133.587739605 -240.46537065505981 -30.176059894263744 6.017542123794556
133.607845739 -240.465416431427 -30.175699405372143 5.981163263320923
133.627695949 -240.46544694900513 -30.17545907944441 5.956924676895142
133.647728962 -240.46547746658325 -30.175035648047924 5.920573472976685
133.667713267 -240.46549272537231 -30.174743823707104 5.896340608596802
133.687726053 -240.4655385017395 -30.174291782081127 5.859995126724243
133.707828842 -240.4655385017395 -30.173973254859447 5.835740327835083
133.727767502 -240.46555376052856 -30.173504047095776 5.79935097694397
133.747715199 -240.4655842781067 -30.173170261085033 5.775074243545532
133.767723694 -240.46556901931763 -30.17264001816511 5.738632440567017
133.787756381 -240.4655385017395 -30.172294788062572 5.714335680007935
133.807867197 -240.46547746658325 -30.171753101050854 5.677875757217407
133.827724267 -240.46543169021606 -30.171396426856518 5.65357518196106
133.847726542 -240.4653401374817 -30.170839481055737 5.617089509963989
133.867815191 -240.46527910232544 -30.17046182602644 5.592771768569946
133.887757408 -240.465172290802 -30.169889621436596 5.556303262710571
133.907811892 -240.46506547927856 -30.169500522315502 5.5320494174957275
133.927773931 -240.46494340896606 -30.168951205909252 5.495695352554321
133.947723464 -240.4648518562317 -30.168594531714916 5.4714930057525635
133.967715931 -240.4647297859192 -30.168049030005932 5.435258150100708
133.987757774 -240.46466875076294 -30.16770189255476 5.411119699478149
134.007828439 -240.4646077156067 -30.167122058570385 5.374943017959595
134.027720928 -240.46457719802856 -30.166721515357494 5.350829362869263
134.047725788 -240.4645619392395 -30.166099719703197 5.314661264419556
134.067711852 -240.4645619392395 -30.16566675156355 5.290557146072388
134.087738022 -240.4646077156067 -30.164987735450268 5.254422426223755
134.107806226 -240.46465349197388 -30.164495639503002 5.230377435684204
134.127769827 -240.46476030349731 -30.16378801316023 5.194322824478149
134.147731522 -240.46482133865356 -30.163318805396557 5.170283555984497
134.167716096 -240.4649739265442 -30.162607364356518 5.134225130081177
134.187724436 -240.46508073806763 -30.16215532273054 5.110194444656372
134.207842507 -240.4652943611145 -30.161443881690502 5.074146509170532
134.227735762 -240.4654622077942 -30.16098802536726 5.050109148025513
134.247735917 -240.46575212478638 -30.16032426804304 5.01405930519104
134.267715792 -240.4659504890442 -30.15989511460066 4.99004864692688
134.287757759 -240.4662709236145 -30.15930002182722 4.954044580459595
134.307855694 -240.46646928787231 -30.158924274146557 4.93005108833313
134.327790479 -240.46677446365356 -30.158407382667065 4.894072771072388
134.347748588 -240.46697282791138 -30.158086948096752 4.87011456489563
134.367711899 -240.46727800369263 -30.157634906470776 4.8342125415802
134.387740845 -240.46747636795044 -30.15736597031355 4.810281991958618
134.409024547 -240.4677815437317 -30.156976871192455 4.7743752002716064
134.428880355 -240.4679799079895 -30.156757526099682 4.750436067581177
134.448833124 -240.46830034255981 -30.15647905319929 4.714524507522583
134.468832959 -240.4685139656067 -30.156311206519604 4.690579652786255
134.489009521 -240.46884965896606 -30.156101398169994 4.654649972915649
134.509032909 -240.46909379959106 -30.155967883765697 4.630717515945435
134.528947427 -240.46947526931763 -30.155775241553783 4.594818353652954
134.548847996 -240.4697346687317 -30.155674152076244 4.5708935260772705
134.568827428 -240.47016191482544 -30.15548723191023 4.535027742385864
134.588886852 -240.47045183181763 -30.155405215919018 4.511110544204712
134.609019624 -240.47092485427856 -30.155262164771557 4.475262880325317
134.628901695 -240.47124528884888 -30.155180148780346 4.45136570930481
134.648841039 -240.47170305252075 -30.15506761521101 4.4155027866363525
134.668820824 -240.472008228302 -30.15500658005476 4.391563653945923
134.68888981 -240.47245073318481 -30.15495889633894 4.355630159378052
134.709022891 -240.472740650177 -30.154943637549877 4.3316709995269775
134.728932985 -240.4731526374817 -30.154934100806713 4.295693635940552
134.748885339 -240.47342729568481 -30.154949359595776 4.271695375442505
134.768824303 -240.47380876541138 -30.154962711036205 4.235610246658325
134.78888317 -240.47405290603638 -30.15499322861433 4.211524248123169
134.809055916 -240.47441911697388 -30.15506761521101 4.175365686416626
134.828944539 -240.4746174812317 -30.15512102097273 4.15121865272522
134.848873601 -240.47489213943481 -30.155254535377026 4.115007638931274
134.868839781 -240.47501420974731 -30.15533273667097 4.0908215045928955
134.888889024 -240.475182056427 -30.15546052902937 4.054534196853638
134.909059306 -240.47524309158325 -30.15553491562605 4.0303356647491455
134.928969663 -240.47533464431763 -30.155626468360424 3.9940195083618164
134.948939643 -240.47538042068481 -30.15569894760847 3.9697937965393066
134.968854707 -240.47544145584106 -30.155775241553783 3.9333744049072266
134.988865595 -240.4754719734192 -30.155822925269604 3.9090805053710938
135.00903562 -240.47551774978638 -30.155885867774487 3.8725991249084473
135.028919118 -240.4755482673645 -30.155883960425854 3.848207473754883
135.048857431 -240.47557878494263 -30.15590112656355 3.8116297721862793
135.068836884 -240.4755940437317 -30.155899219214916 3.787235736846924
135.088854194 -240.47562456130981 -30.155891589820385 3.750593662261963
135.109252908 -240.47563982009888 -30.15590112656355 3.726134777069092
135.128971676 -240.475670337677 -30.15591638535261 3.689401626586914
135.148869412 -240.47568559646606 -30.155941180884838 3.6648945808410645
135.168853474 -240.47568559646606 -30.155906848609447 3.6280436515808105
135.188891422 -240.47568559646606 -30.15588205307722 3.6034836769104004
135.209011535 -240.475670337677 -30.155836276710033 3.566643714904785
135.228942117 -240.47563982009888 -30.155788592994213 3.5420541763305664
135.248849493 -240.47560930252075 -30.15575235337019 3.505187511444092
135.268833432 -240.47557878494263 -30.15574472397566 3.4805984497070312
135.288861606 -240.47548723220825 -30.155777148902416 3.44370698928833
135.309008557 -240.47541093826294 -30.155824832618237 3.4191479682922363
135.329003929 -240.47527360916138 -30.155950717628002 3.382270336151123
135.348870819 -240.47516679763794 -30.156067065894604 3.3576955795288086
135.368827563 -240.47499895095825 -30.156286410987377 3.320852756500244
135.388870236 -240.47487688064575 -30.15646379441023 3.296304702758789
135.40905067 -240.47470903396606 -30.15676897019148 3.2595276832580566
135.428918354 -240.47460222244263 -30.157001666724682 3.23500919342041
135.448884448 -240.47446489334106 -30.157385043799877 3.1982579231262207
135.468807786 -240.4743733406067 -30.157673053443432 3.1737632751464844
135.4888581 -240.47423601150513 -30.158157519996166 3.137021541595459
135.508981584 -240.47414445877075 -30.158504657447338 3.1125659942626953
135.528981997 -240.47397661209106 -30.159046344459057 3.075887680053711
135.54886668 -240.47385454177856 -30.15942209213972 3.051461696624756
135.56879284 -240.47365617752075 -30.160000018775463 3.0148587226867676
135.588840706 -240.4735188484192 -30.160379581153393 2.990478515625
135.608992381 -240.47333574295044 -30.160968951880932 2.953975200653076
135.628970616 -240.47324419021606 -30.161365680396557 2.9296727180480957
135.648887886 -240.47312211990356 -30.16196458786726 2.8932647705078125
135.668809073 -240.47306108474731 -30.162359409034252 2.869029998779297
135.68885608 -240.47301530838013 -30.162952594459057 2.8326869010925293
135.708954324 -240.47300004959106 -30.16335504502058 2.808452606201172
135.728948078 -240.4730305671692 -30.16395204514265 2.7721076011657715
135.748925027 -240.47306108474731 -30.16434495896101 2.7479143142700195
135.76881965 -240.47313737869263 -30.164922885596752 2.711674690246582
135.788851261 -240.473228931427 -30.165298633277416 2.687504768371582
135.809025628 -240.47341203689575 -30.165882281959057 2.6512861251831055
135.82893514 -240.47354936599731 -30.166286639869213 2.6271448135375977
135.848929638 -240.47380876541138 -30.16690271347761 2.5909175872802734
135.868891665 -240.47399187088013 -30.16732233017683 2.566771984100342
135.888874827 -240.4743275642395 -30.167957477271557 2.530508041381836
135.909080174 -240.47455644607544 -30.168396167457104 2.506338119506836
135.9289962 -240.474937915802 -30.169069461524487 2.4700746536254883
135.94886545 -240.47521257400513 -30.1695119664073 2.445910930633545
135.968835018 -240.475670337677 -30.170168094336987 2.409684181213379
135.988857807 -240.47602128982544 -30.170574359595776 2.385528564453125
136.008997521 -240.47655534744263 -30.17118089646101 2.349335193634033
136.028965995 -240.4769368171692 -30.171575717628002 2.3252248764038086
136.048910053 -240.4775013923645 -30.17214982956648 2.2890634536743164
136.068810467 -240.477867603302 -30.17252939194441 2.2649388313293457
136.088865359 -240.47846269607544 -30.173101596534252 2.228756904602051
136.109075582 -240.47885942459106 -30.173481158912182 2.204669952392578
136.129027804 -240.47948503494263 -30.174045734107494 2.16854190826416
136.148922395 -240.4799427986145 -30.174440555274487 2.144461154937744
136.168817196 -240.4805989265442 -30.175045184791088 2.108341693878174
136.188863387 -240.48107194900513 -30.175470523536205 2.0843496322631836
136.208996873 -240.48178911209106 -30.176120929419994 2.048536777496338
136.22895065 -240.482262134552 -30.17657297104597 2.024840831756592
136.248898204 -240.48297929763794 -30.17727106064558 1.9896354675292969
136.268893531 -240.48343706130981 -30.177740268409252 1.9664216041564941
136.288850499 -240.48415422439575 -30.178434543311596 1.9321064949035645
136.308927051 -240.48461198806763 -30.17889230698347 1.9095745086669922
136.329041269 -240.48529863357544 -30.179567508399487 1.8763384819030762
136.348917715 -240.4857258796692 -30.179998569190502 1.85463285446167
136.368817238 -240.4863362312317 -30.18063371628523 1.8227033615112305
136.388867429 -240.48671770095825 -30.181049518287182 1.8018717765808105
136.408973621 -240.48723649978638 -30.181663684546947 1.7712788581848145
136.429088851 -240.4875569343567 -30.18206613510847 1.7512993812561035
136.448968382 -240.48801469802856 -30.182632617652416 1.7220520973205566
136.468941106 -240.4882893562317 -30.18299501389265 1.7029924392700195
136.488866604 -240.48871660232544 -30.183500461280346 1.6751809120178223
136.508970408 -240.48900651931763 -30.183818988502026 1.657088279724121
136.529000264 -240.48940324783325 -30.184272937476635 1.6306171417236328
136.548937964 -240.48969316482544 -30.184557132422924 1.6134600639343262
136.568822401 -240.49010515213013 -30.184950046241283 1.5883150100708008
136.588859199 -240.4903645515442 -30.185177020728588 1.5721020698547363
136.608920051 -240.4907307624817 -30.185434512794018 1.5489187240600586
136.628994058 -240.49095964431763 -30.185573749244213 1.534226417541504
136.648935245 -240.49132585525513 -30.18568628281355 1.513521671295166
136.668842527 -240.49156999588013 -30.185745410621166 1.500523567199707
136.688920311 -240.4919056892395 -30.18580835312605 1.482198715209961
136.708872911 -240.49211931228638 -30.185833148658276 1.4707155227661133
136.72890082 -240.49242448806763 -30.18585031479597 1.4544425010681152
136.748923755 -240.49260759353638 -30.185840778052807 1.4442834854125977
136.768872557 -240.49286699295044 -30.185812167823315 1.4296841621398926
136.78891165 -240.49301958084106 -30.185779742896557 1.420389175415039
136.808917865 -240.49320268630981 -30.185732059180737 1.406975269317627
136.828964143 -240.49330949783325 -30.18569963425398 1.3982439041137695
136.848990138 -240.49344682693481 -30.185630969703197 1.3855295181274414
136.868839871 -240.49352312088013 -30.18557947129011 1.3771438598632812
136.888865413 -240.4936146736145 -30.185487918555737 1.3646240234375
136.908885546 -240.49364519119263 -30.185403995215893 1.3563098907470703
136.929049878 -240.49369096755981 -30.18527238816023 1.343719482421875
136.948928961 -240.49367570877075 -30.185169391334057 1.3352437019348145
136.968919917 -240.49364519119263 -30.185012988746166 1.3222990036010742
136.988871083 -240.49356889724731 -30.184889011085033 1.3135013580322266
137.008878863 -240.4934163093567 -30.184667758643627 1.2999958992004395
137.029019668 -240.4932942390442 -30.184517078101635 1.290764570236206
137.048909108 -240.4930500984192 -30.18421571701765 1.276515245437622
137.068840136 -240.49285173416138 -30.183994464576244 1.2667510509490967
137.088837167 -240.49253129959106 -30.183633975684643 1.251688003540039
137.108950318 -240.492271900177 -30.183342151343822 1.2413358688354492
137.128982047 -240.49185991287231 -30.182897739112377 1.2254433631896973
137.148915859 -240.491539478302 -30.182577304542065 1.2146053314208984
137.168832453 -240.491051197052 -30.182068042457104 1.1980020999908447
137.188855555 -240.49071550369263 -30.181730441749096 1.1867561340332031
137.208948039 -240.49021196365356 -30.18119066208601 1.1695911884307861
137.228970051 -240.4898762702942 -30.180854968726635 1.158038854598999
137.248920219 -240.4893879890442 -30.180307559669018 1.140486240386963
137.268780021 -240.48905229568481 -30.179933719336987 1.1286864280700684
137.288876883 -240.48857927322388 -30.179369144141674 1.1108570098876953
137.308858014 -240.48827409744263 -30.17894571274519 1.0988750457763672
137.329683576 -240.48781633377075 -30.178312472999096 1.0808117389678955
137.348941086 -240.4875111579895 -30.17786806076765 1.068701982498169
137.36883327 -240.4870686531067 -30.17714899033308 1.0504491329193115
137.388947399 -240.48679399490356 -30.176672153174877 1.0382494926452637
137.408846569 -240.48638200759888 -30.175876788794994 1.0198912620544434
137.429115672 -240.48612260818481 -30.175340823829174 1.007648229598999
137.448940334 -240.48575639724731 -30.174528293311596 0.9892737865447998
137.468909117 -240.48554277420044 -30.17396753281355 0.9770224094390869
137.488821793 -240.4852375984192 -30.17318742722273 0.9586648941040039
137.50890337 -240.4850697517395 -30.17265146225691 0.9464190006256104
137.528999787 -240.4848256111145 -30.17189233750105 0.9280645847320557
137.548963236 -240.48468828201294 -30.17140405625105 0.9158332347869873
137.568868293 -240.4845051765442 -30.17068498581648 0.8974840641021729
137.588966784 -240.48441362380981 -30.17023103684187 0.8852677345275879
137.608863671 -240.48429155349731 -30.169563464820385 0.8669829368591309
137.628972399 -240.48423051834106 -30.16915338486433 0.8548202514648438
137.648928626 -240.48412370681763 -30.16859071701765 0.8366110324859619
137.668856916 -240.48406267166138 -30.168209247291088 0.8244681358337402
137.68884885 -240.48395586013794 -30.16766756027937 0.8062853813171387
137.708905675 -240.48391008377075 -30.1673147007823 0.7941763401031494
137.72885105 -240.4838490486145 -30.166767291724682 0.7760353088378906
137.748932112 -240.48381853103638 -30.166418246924877 0.763974666595459
137.76884984 -240.48375749588013 -30.165888004004955 0.7459399700164795
137.788905335 -240.48371171951294 -30.16555231064558 0.7339522838592529
137.808879016 -240.48358964920044 -30.164985828101635 0.7160012722015381
137.82902484 -240.48349809646606 -30.164627246558666 0.704059362411499
137.848940734 -240.48339128494263 -30.164119891822338 0.6861815452575684
137.868904252 -240.48331499099731 -30.163791827857494 0.6742711067199707
137.888894707 -240.48322343826294 -30.163353137671947 0.6564469337463379
137.908859083 -240.48317766189575 -30.16308992356062 0.6445941925048828
137.928942601 -240.48314714431763 -30.162738971412182 0.6268520355224609
137.948934583 -240.48314714431763 -30.16254060715437 0.615079402923584
137.968790758 -240.48314714431763 -30.16222970932722 0.5974540710449219
137.988879845 -240.4831624031067 -30.162044696509838 0.5857067108154297
138.008883153 -240.48322343826294 -30.161796741187572 0.5681154727935791
138.02895699 -240.48329973220825 -30.161649875342846 0.5564067363739014
138.048959634 -240.48343706130981 -30.161453418433666 0.5388643741607666
138.068870491 -240.48354387283325 -30.161377124488354 0.5271823406219482
138.088851551 -240.48368120193481 -30.161323718726635 0.5096912384033203
138.108864017 -240.48375749588013 -30.1613332554698 0.49805116653442383
138.128962238 -240.48386430740356 -30.161405734717846 0.4806082248687744
138.148941227 -240.48392534255981 -30.161491565406322 0.46899962425231934
138.168819081 -240.483971118927 -30.161640338599682 0.4516329765319824
138.188871057 -240.483971118927 -30.161752872169018 0.44008445739746094
138.208962286 -240.483971118927 -30.1619436070323 0.4228019714355469
138.228996197 -240.48395586013794 -30.162069492042065 0.41130876541137695
138.248988812 -240.48392534255981 -30.162288837134838 0.39409852027893066
138.268837641 -240.4838948249817 -30.162450961768627 0.38264989852905273
138.288827827 -240.4838490486145 -30.16272371262312 0.36551737785339355
138.308849047 -240.48380327224731 -30.162918262183666 0.35413599014282227
138.329033507 -240.48371171951294 -30.163221530616283 0.33708739280700684
138.348998156 -240.48366594314575 -30.16344278305769 0.32573485374450684
138.368879308 -240.48351335525513 -30.163763217628002 0.3087286949157715
138.388828779 -240.4834065437317 -30.163994006812572 0.2973968982696533
138.408900634 -240.48320817947388 -30.16437166184187 0.2804222106933594
138.429045721 -240.48302507400513 -30.16463678330183 0.26911139488220215
138.44896794 -240.482750415802 -30.165054492652416 0.2521514892578125
138.468877267 -240.4825520515442 -30.165336780250072 0.24085140228271484
138.488833537 -240.48220109939575 -30.165819339454174 0.22391247749328613
138.508856554 -240.48195695877075 -30.16616838425398 0.21262669563293457
138.529079985 -240.48151445388794 -30.166740588843822 0.19574356079101562
138.548999844 -240.48123979568481 -30.16713922470808 0.18449115753173828
138.568869214 -240.48075151443481 -30.1677972599864 0.16764116287231445
138.588862547 -240.48041582107544 -30.16825120896101 0.15641307830810547
138.608866362 -240.47992753982544 -30.168953113257885 0.13959670066833496
138.629050303 -240.47956132888794 -30.169441394507885 0.1283879280090332
138.648955133 -240.47902727127075 -30.170189075171947 0.11156511306762695
138.668831477 -240.47867631912231 -30.17069833725691 0.1003415584564209
138.688843662 -240.478111743927 -30.171463184058666 0.08349800109863281
138.708873105 -240.4777455329895 -30.171976260840893 0.07226705551147461
138.729036744 -240.477135181427 -30.172779254615307 0.05540275573730469
138.748998075 -240.47672319412231 -30.17332475632429 0.044150352478027344
138.768854589 -240.47609758377075 -30.174156360328197 0.027257919311523438
138.788867416 -240.475670337677 -30.174759082496166 0.015970230102539062
138.808887097 -240.4750599861145 -30.17567079514265 -0.0009579658508300781
138.829103291 -240.47466325759888 -30.1763421818614 -0.012279033660888672
138.848970508 -240.47409868240356 -30.177377872169018 -0.029280424118041992
138.868858267 -240.47373247146606 -30.17809884995222 -0.04063987731933594
138.888827946 -240.47318315505981 -30.179233722388744 -0.05771279335021973
138.908872859 -240.47283220291138 -30.180008105933666 -0.06907367706298828
138.929011339 -240.47228288650513 -30.1812249943614 -0.08616280555725098
138.948963472 -240.47191667556763 -30.18205087631941 -0.09756231307983398
138.96894513 -240.47136735916138 -30.18331354111433 -0.1146688461303711
138.988920824 -240.47101640701294 -30.184158496558666 -0.12610626220703125
139.00887435 -240.47049760818481 -30.18540780991316 -0.1432650089263916
139.029147194 -240.47014665603638 -30.186231784522533 -0.15471529960632324
139.048975996 -240.46965837478638 -30.1874505802989 -0.1719071865081787
139.068871739 -240.46935319900513 -30.18824975937605 -0.1833658218383789
139.088852902 -240.46892595291138 -30.189413242042065 -0.20054340362548828
139.108941388 -240.46866655349731 -30.190174274146557 -0.21198201179504395
139.12904968 -240.46830034255981 -30.191284351050854 -0.22913312911987305
139.148983543 -240.46807146072388 -30.19200723618269 -0.24054288864135742
139.168878229 -240.46772050857544 -30.193063907325268 -0.25762510299682617
139.188854961 -240.46747636795044 -30.193754367530346 -0.26898932456970215
139.208874576 -240.46714067459106 -30.194769077003002 -0.2859973907470703
139.229029137 -240.46695756912231 -30.195430926978588 -0.2972989082336426
139.249006353 -240.46671342849731 -30.196426562964916 -0.3142232894897461
139.26895147 -240.46659135818481 -30.197084598243237 -0.32549142837524414
139.288869997 -240.46645402908325 -30.198064975440502 -0.3423502445220947
139.308872067 -240.466392993927 -30.19871347397566 -0.3535745143890381
139.328982665 -240.46636247634888 -30.199674777686596 -0.3703932762145996
139.348981703 -240.46636247634888 -30.20032136887312 -0.3815755844116211
139.368896919 -240.46642351150513 -30.201296024024487 -0.39830827713012695
139.388874634 -240.46648454666138 -30.2019826695323 -0.4094090461730957
139.408896587 -240.46660661697388 -30.202991656959057 -0.4260382652282715
139.429000513 -240.4666829109192 -30.203655414283276 -0.43709635734558105
139.449143895 -240.46683549880981 -30.204656772315502 -0.45366406440734863
139.468858584 -240.46694231033325 -30.205316714942455 -0.4647026062011719
139.488892602 -240.467125415802 -30.206319980323315 -0.48126673698425293
139.508864662 -240.46726274490356 -30.206983737647533 -0.4923102855682373
139.529056855 -240.46747636795044 -30.20797746628523 -0.5088927745819092
139.548975945 -240.46764421463013 -30.208639316260815 -0.5199518203735352
139.568870595 -240.46791887283325 -30.20959871262312 -0.5365490913391113
139.588835958 -240.46811723709106 -30.210218600928783 -0.5476164817810059
139.608917506 -240.46843767166138 -30.211107425391674 -0.5642380714416504
139.629041508 -240.46868181228638 -30.211692981421947 -0.5753288269042969
139.649065927 -240.46918535232544 -30.212652377784252 -0.5919508934020996
139.668899211 -240.469566822052 -30.213379077613354 -0.6029064655303955
139.688822559 -240.47036027908325 -30.214843921363354 -0.6181385517120361
139.70888815 -240.47098588943481 -30.215969257056713 -0.6279277801513672
139.728996577 -240.4720540046692 -30.217870883643627 -0.6421723365783691
139.749008863 -240.4729084968567 -30.219387225806713 -0.6510410308837891
139.76894149 -240.47428178787231 -30.22180574387312 -0.6641535758972168
139.788854645 -240.47527360916138 -30.223560504615307 -0.6725413799285889
139.808898547 -240.47684526443481 -30.226387195289135 -0.6846113204956055
139.829036548 -240.4779133796692 -30.228334598243237 -0.6925954818725586
139.849014574 -240.47963762283325 -30.231487445533276 -0.7037851810455322
139.868937719 -240.48078203201294 -30.233570270240307 -0.7114721536636353
139.888836632 -240.48258256912231 -30.236843280494213 -0.7222381830215454
139.908908167 -240.48381853103638 -30.239053897559643 -0.7293111085891724
139.928986515 -240.485680103302 -30.242397479712963 -0.7398021221160889
139.949045912 -240.48696184158325 -30.244678668677807 -0.7463595867156982
139.968907947 -240.48888444900513 -30.24807184189558 -0.7562941312789917
139.988821502 -240.4901967048645 -30.250345401465893 -0.7627629041671753
140.008877373 -240.4921498298645 -30.25376718491316 -0.7721929550170898
140.02893741 -240.49344682693481 -30.25601404160261 -0.7785804271697998
140.049037016 -240.495445728302 -30.259399585425854 -0.7876018285751343
140.068997832 -240.49677324295044 -30.261633090674877 -0.7936217784881592
140.088843451 -240.4987416267395 -30.264942340552807 -0.8027138710021973
140.108889714 -240.50009965896606 -30.267166309058666 -0.8084375858306885
140.128996412 -240.50205278396606 -30.270364932715893 -0.8176683187484741
140.149021674 -240.50341081619263 -30.272516421973705 -0.8234893083572388
140.168925254 -240.50542497634888 -30.27565973252058 -0.8324956893920898
140.188848841 -240.50676774978638 -30.27773492783308 -0.8384671211242676
140.208895867 -240.50878190994263 -30.280803851783276 -0.8473763465881348
140.228958796 -240.510094165802 -30.282783679664135 -0.8535382747650146
140.249042953 -240.5120930671692 -30.285740070044994 -0.8623888492584229
140.268983194 -240.51342058181763 -30.28764932602644 -0.8683913946151733
140.288927109 -240.51537370681763 -30.29042261093855 -0.8775759935379028
140.308878574 -240.516685962677 -30.292270831763744 -0.8834612369537354
140.32894753 -240.518639087677 -30.294918231666088 -0.8926682472229004
140.349002465 -240.51992082595825 -30.296636752784252 -0.8988090753555298
140.3689263 -240.5218586921692 -30.299133472144604 -0.9080314636230469
140.388857337 -240.52312517166138 -30.300707034766674 -0.9144426584243774
140.408922723 -240.52500200271606 -30.302946262061596 -0.9240413904190063
140.428907335 -240.52623796463013 -30.30435960739851 -0.9306349754333496
140.449044029 -240.52811479568481 -30.30638139694929 -0.9398717880249023
140.46890582 -240.52932024002075 -30.307617358863354 -0.9459264278411865
140.488851295 -240.531090259552 -30.30935876816511 -0.9549322128295898
140.508890615 -240.53232622146606 -30.310491733253002 -0.9604945182800293
140.528920971 -240.53398942947388 -30.31219881027937 -0.9690119028091431
140.549191696 -240.53311967849731 -30.31177156418562 -0.9706990718841553
140.56890795 -240.53095293045044 -30.310495547950268 -0.9714863300323486
140.59466278 -240.52953386306763 -30.30966966599226 -0.9726448059082031
140.632116512 -240.52750444412231 -30.30831354111433 -0.974176287651062
140.661786081 -240.52550554275513 -30.30682199448347 -0.9745197296142578
140.681830823 -240.5219349861145 -30.304207019507885 -0.9747198820114136
140.701757361 -240.51955461502075 -30.302408389747143 -0.9748755693435669
140.72166975 -240.5158772468567 -30.299637012183666 -0.9751205444335938
140.741718442 -240.51361894607544 -30.297935657203197 -0.9751091003417969
140.761705982 -240.51030778884888 -30.29540842026472 -0.9753812551498413
140.781805546 -240.50823259353638 -30.293810062110424 -0.9755078554153442
140.801756647 -240.50530290603638 -30.291561298072338 -0.975608229637146
140.82170397 -240.5033802986145 -30.290081195533276 -0.9758660793304443
140.841732959 -240.50096940994263 -30.288261584937572 -0.9759504795074463
140.861690402 -240.49945878982544 -30.28713434189558 -0.9760961532592773
140.88183407 -240.4973225593567 -30.285448245704174 -0.9763625860214233
140.901780164 -240.49611711502075 -30.284534625709057 -0.9762969017028809
140.921701916 -240.49433183670044 -30.28320138901472 -0.9764827489852905
140.941723527 -240.49323320388794 -30.282430820167065 -0.9765242338180542
140.961708051 -240.49161577224731 -30.281351260840893 -0.9768849611282349
140.98186873 -240.49065446853638 -30.28080575913191 -0.9771264791488647
141.001750259 -240.48932695388794 -30.280138187110424 -0.9774353504180908
141.021713733 -240.48844194412231 -30.27970140427351 -0.9778215885162354
141.041639575 -240.48737382888794 -30.279333285987377 -0.9780341386795044
141.061666406 -240.48673295974731 -30.27911775559187 -0.9782470464706421
141.081770387 -240.48586320877075 -30.27884119004011 -0.9786720275878906
141.101763767 -240.48549699783325 -30.27879159897566 -0.9787161350250244
141.121717135 -240.48496294021606 -30.278692416846752 -0.9790523052215576
141.141803037 -240.484703540802 -30.278675250709057 -0.9792157411575317
141.161712509 -240.484459400177 -30.278747729957104 -0.9794266223907471
141.181850822 -240.48430681228638 -30.27878587692976 -0.9797375202178955
141.201788545 -240.48430681228638 -30.2790090367198 -0.9798715114593506
141.22169214 -240.48420000076294 -30.27896898239851 -0.9802645444869995
141.241702167 -240.48430681228638 -30.279071979224682 -0.9804553985595703
141.261668452 -240.48441362380981 -30.279142551124096 -0.9806268215179443
141.28199601 -240.4846272468567 -30.2792474552989 -0.9809861183166504
141.301849722 -240.48493242263794 -30.279392413794994 -0.9809962511062622
141.32168918 -240.48539018630981 -30.27956598252058 -0.9812535047531128
141.341687721 -240.48577165603638 -30.279804401099682 -0.9814344644546509
141.36170474 -240.48644304275513 -30.280119113624096 -0.9817514419555664
141.381939224 -240.48687028884888 -30.28025835007429 -0.982124924659729
141.40175251 -240.48781633377075 -30.280552081763744 -0.9823101758956909
141.421704675 -240.48847246170044 -30.280750446021557 -0.9824975728988647
141.441679124 -240.4895100593567 -30.28104989975691 -0.9828333854675293
141.461662474 -240.49034929275513 -30.281299762427807 -0.9828366041183472
141.481971747 -240.49144792556763 -30.281570605933666 -0.9833571910858154
141.501764929 -240.49230241775513 -30.281780414283276 -0.9834798574447632
141.521693984 -240.4935383796692 -30.282058887183666 -0.9839015007019043
141.541691519 -240.4943928718567 -30.282268695533276 -0.9841333627700806
141.561695091 -240.4957356452942 -30.282640628516674 -0.9844392538070679
141.581934949 -240.4965901374817 -30.282871417701244 -0.9848006963729858
141.60178078 -240.49799394607544 -30.283352069556713 -0.9850015640258789
141.621713617 -240.49893999099731 -30.283678226172924 -0.9851937294006348
141.641727572 -240.50035905838013 -30.284181766211987 -0.9855748414993286
141.661674911 -240.50136613845825 -30.28456323593855 -0.9856158494949341
141.681810821 -240.5028157234192 -30.28508584946394 -0.9858640432357788
141.701778351 -240.50376176834106 -30.285259418189526 -0.9858502149581909
141.721726903 -240.505211353302 -30.285503558814526 -0.9857536554336548
141.74166938 -240.50614213943481 -30.285638980567455 -0.9858078956604004
141.761728642 -240.50756120681763 -30.285850696265697 -0.9858273267745972
141.781862712 -240.50846147537231 -30.285968951880932 -0.9859541654586792
141.801760543 -240.50991106033325 -30.286207370460033 -0.9857525825500488
141.821758754 -240.51084184646606 -30.28635995835066 -0.9856586456298828
141.841674472 -240.51224565505981 -30.286581210792065 -0.9855607748031616
141.861672638 -240.51320695877075 -30.286791019141674 -0.9852561950683594
141.881811144 -240.5146107673645 -30.28714769333601 -0.9849786758422852
141.901760887 -240.51557207107544 -30.28764169663191 -0.9846796989440918
141.921757171 -240.51703691482544 -30.288427524268627 -0.9841632843017578
141.941724671 -240.51796770095825 -30.288936786353588 -0.9839545488357544
141.961746243 -240.51944780349731 -30.289783649146557 -0.9833205938339233
141.9819221 -240.52040910720825 -30.290353946387768 -0.9829326868057251
142.001756036 -240.52184343338013 -30.291315250098705 -0.9824711084365845
142.021903856 -240.52281999588013 -30.292102985084057 -0.9822964668273926
142.041740057 -240.5243000984192 -30.293310336768627 -0.9820652008056641
142.061702225 -240.52536821365356 -30.29417245835066 -0.9816876649856567
142.081876543 -240.526939868927 -30.295450381934643 -0.9813269376754761
142.101932563 -240.52799272537231 -30.296335391700268 -0.9810426235198975
142.121736714 -240.52957963943481 -30.297722034156322 -0.9805793762207031
142.141739385 -240.530601978302 -30.298641376197338 -0.9803481101989746
142.161703992 -240.53220415115356 -30.300117664039135 -0.9797366857528687
142.181805456 -240.53327226638794 -30.301096133887768 -0.9793782234191895
142.201761722 -240.53482866287231 -30.302557162940502 -0.9789235591888428
142.221694416 -240.53591203689575 -30.303447894752026 -0.9783855676651001
142.241679091 -240.5374836921692 -30.30458276718855 -0.9776899814605713
142.261692936 -240.53855180740356 -30.30517404526472 -0.9772984981536865
142.28182475 -240.54009294509888 -30.306024722754955 -0.9769250154495239
142.301785169 -240.5411458015442 -30.30661027878523 -0.976642370223999
142.321742137 -240.54274797439575 -30.30748575180769 -0.9761931896209717
142.341745407 -240.543785572052 -30.308050327003002 -0.9759793281555176
142.361707661 -240.54540300369263 -30.308901004493237 -0.9753961563110352
142.38188645 -240.546471118927 -30.309406451880932 -0.9750385284423828
142.401782869 -240.54801225662231 -30.309904269874096 -0.9744541645050049
142.421710521 -240.54906511306763 -30.31027238816023 -0.9739153385162354
142.441719646 -240.55059099197388 -30.310806445777416 -0.9733333587646484
142.461691936 -240.55158281326294 -30.31117456406355 -0.9729423522949219
142.48180333 -240.55303239822388 -30.31176584213972 -0.9723068475723267
142.501825585 -240.5539631843567 -30.312154941260815 -0.9719955921173096
142.52171819 -240.55532121658325 -30.312818698585033 -0.9712691307067871
142.541770261 -240.55617570877075 -30.313232593238354 -0.9710423946380615
142.561745719 -240.55744218826294 -30.31399553269148 -0.9704430103302002
142.581891589 -240.55825090408325 -30.314527682960033 -0.9700603485107422
142.601792494 -240.55944108963013 -30.315416507422924 -0.9694924354553223
142.621682911 -240.56024980545044 -30.316244296729565 -0.9688341617584229
142.64172368 -240.56143999099731 -30.31746881455183 -0.968021035194397
142.661726593 -240.56223344802856 -30.31830232590437 -0.9674458503723145
142.681877879 -240.5634388923645 -30.319559268653393 -0.9665499925613403
142.701771817 -240.56424760818481 -30.320387057960033 -0.9660718441009521
142.72171197 -240.5654377937317 -30.321682147681713 -0.9650709629058838
142.741684239 -240.5661702156067 -30.322443179786205 -0.9643737077713013
142.761716702 -240.567223072052 -30.323427371680737 -0.9633054733276367
142.781846476 -240.5678791999817 -30.32410066574812 -0.9623799324035645
142.801796919 -240.56884050369263 -30.32507722824812 -0.9613962173461914
142.821758728 -240.569420337677 -30.325746707618237 -0.9605333805084229
142.841687816 -240.57022905349731 -30.326736621558666 -0.9594134092330933
142.861722583 -240.57074785232544 -30.327392749488354 -0.9586349725723267
142.88182419 -240.57146501541138 -30.328369311988354 -0.9574160575866699
142.901821672 -240.57193803787231 -30.329008273780346 -0.956696629524231
142.921722358 -240.57257890701294 -30.32995431870222 -0.9554084539413452
142.941668151 -240.57297563552856 -30.33055704087019 -0.9545673131942749
142.961768943 -240.573570728302 -30.331426791846752 -0.9533987045288086
142.981792039 -240.57395219802856 -30.331998996436596 -0.952470064163208
143.001919541 -240.574547290802 -30.332840137183666 -0.9512556791305542
143.021735495 -240.5749592781067 -30.33339136093855 -0.9504420757293701
143.041682939 -240.57558488845825 -30.334228686988354 -0.949149489402771
143.061719743 -240.576012134552 -30.334783725440502 -0.948397159576416
143.081855274 -240.5766682624817 -30.33560960739851 -0.947238564491272
143.101802995 -240.57712602615356 -30.336157016456127 -0.9465687274932861
143.12173826 -240.57782793045044 -30.3369924351573 -0.9453704357147217
143.141770954 -240.57830095291138 -30.337539844214916 -0.9446157217025757
143.161787782 -240.57903337478638 -30.33835046738386 -0.9435769319534302
143.181794492 -240.57952165603638 -30.338869266211987 -0.9427268505096436
143.201940585 -240.58026933670044 -30.339639835059643 -0.9416134357452393
143.221703879 -240.58078813552856 -30.34015291184187 -0.9408642053604126
143.241676243 -240.5815510749817 -30.340915851294994 -0.9396688938140869
143.261717311 -240.58206987380981 -30.341423206031322 -0.9389739036560059
143.281730148 -240.58286333084106 -30.34213464707136 -0.9377464056015015
143.30192337 -240.58339738845825 -30.342596225440502 -0.936985969543457
143.321704775 -240.5841908454895 -30.343277148902416 -0.9359413385391235
143.341681281 -240.5847249031067 -30.343717746436596 -0.9352740049362183
143.361756726 -240.58550310134888 -30.34437196701765 -0.9343600273132324
143.381854932 -240.58599138259888 -30.344801120460033 -0.9336521625518799
143.40193644 -240.58673906326294 -30.345438174903393 -0.9327743053436279
143.421711402 -240.58721208572388 -30.34585016220808 -0.9322105646133423
143.44167506 -240.58791399002075 -30.34642618149519 -0.9313453435897827
143.461688663 -240.5883870124817 -30.346803836524487 -0.9308751821517944
143.481861179 -240.58904314041138 -30.347295932471752 -0.930044412612915
143.501842305 -240.58947038650513 -30.347618274390697 -0.9295526742935181
143.521702976 -240.5900959968567 -30.3481008335948 -0.928923487663269
143.541691486 -240.59052324295044 -30.348381213843822 -0.9283398389816284
143.56173511 -240.59120988845825 -30.34928720444441 -0.9276806116104126
143.581805863 -240.59166765213013 -30.349985294044018 -0.9272091388702393
143.601957011 -240.592369556427 -30.351049594581127 -0.9266270399093628
143.62172397 -240.59284257888794 -30.351761035621166 -0.92622971534729
143.641670716 -240.59355974197388 -30.352857761085033 -0.9255688190460205
143.66174593 -240.59403276443481 -30.35360734909773 -0.9252128601074219
143.681838075 -240.59471940994263 -30.354778461158276 -0.9244985580444336
143.701851711 -240.5951771736145 -30.355564288794994 -0.9240610599517822
143.721716595 -240.59586381912231 -30.3567621037364 -0.9234609603881836
143.741681775 -240.5963215827942 -30.357532672584057 -0.9229329824447632
143.761715651 -240.597008228302 -30.358684711158276 -0.9222879409790039
143.781827998 -240.59745073318481 -30.359430484473705 -0.9218419790267944
143.802452521 -240.59813737869263 -30.360521487891674 -0.9211417436599731
143.821752589 -240.59861040115356 -30.36125200241804 -0.9207702875137329
143.841689851 -240.59928178787231 -30.362272433936596 -0.9199329614639282
143.86167512 -240.59975481033325 -30.362981967628002 -0.9195548295974731
143.881909818 -240.60041093826294 -30.363912753760815 -0.9187604188919067
143.902184918 -240.6008381843567 -30.364507846534252 -0.9182373285293579
143.921767795 -240.60149431228638 -30.365146808326244 -0.9173648357391357
143.941645476 -240.60187578201294 -30.365411929786205 -0.9165743589401245
143.961755734 -240.60247087478638 -30.365804843604565 -0.9155216217041016
143.981736477 -240.60285234451294 -30.366024188697338 -0.9147847890853882
144.00185486 -240.60343217849731 -30.366306476294994 -0.9136377573013306
144.021730805 -240.60382890701294 -30.366497211158276 -0.9129664897918701
144.041676074 -240.60440874099731 -30.366678409278393 -0.9117617607116699
144.061675138 -240.604820728302 -30.36679285019636 -0.9109897613525391
144.081764107 -240.60544633865356 -30.366966418921947 -0.9098395109176636
144.102137842 -240.60585832595825 -30.367059879004955 -0.9088830947875977
144.121738034 -240.60654497146606 -30.367262057960033 -0.9077515602111816
144.141699123 -240.607017993927 -30.3673822209239 -0.906813383102417
144.161715837 -240.60776567459106 -30.367609195411205 -0.9055449962615967
144.181708676 -240.6082844734192 -30.367778949439526 -0.9046845436096191
144.201967174 -240.60904741287231 -30.368055514991283 -0.9033780097961426
144.221728785 -240.6095814704895 -30.368267230689526 -0.9026013612747192
144.241672893 -240.61032915115356 -30.36858957260847 -0.9012765884399414
144.261676562 -240.6108479499817 -30.368814639747143 -0.9004300832748413
144.281744019 -240.61162614822388 -30.369177035987377 -0.8992000818252563
144.301927932 -240.61212968826294 -30.36953752487898 -0.898161768913269
144.321740652 -240.61290788650513 -30.370193652808666 -0.8967019319534302
144.341719146 -240.61339616775513 -30.370634250342846 -0.8957220315933228
144.361722142 -240.614098072052 -30.3712941929698 -0.894227147102356
144.381711296 -240.61457109451294 -30.371751956641674 -0.8932934999465942
144.402760397 -240.61527299880981 -30.372432880103588 -0.8918040990829468
144.421791184 -240.6157307624817 -30.372905902564526 -0.8908877372741699
