time_sec x_east_m y_north_m z_up_m
0.0 0.0 0.0 0.0
0.020033139 -2.625212073326111e-05 -0.0011361734941601753 0.00031638145446777344
0.039622459 -2.553313970565796e-05 -0.0018642684444785118 0.0005204677581787109
0.059637909 1.8347054719924927e-06 -0.0029163649305701256 0.0007884502410888672
0.079690322 4.4500455260276794e-05 -0.0036006318405270576 0.0009789466857910156
0.099709743 0.00010712724179029465 -0.004601472057402134 0.001245260238647461
0.119700741 0.00014924351125955582 -0.005242376588284969 0.0014498233795166016
0.139563062 0.00021768920123577118 -0.006159796379506588 0.0017609596252441406
0.159591391 0.0002634180709719658 -0.006756945513188839 0.0019462108612060547
0.179601042 0.00032707303762435913 -0.007575376890599728 0.002234220504760742
0.200459614 0.00036568380892276764 -0.008122065104544163 0.002396821975708008
0.221994257 0.00043689459562301636 -0.008869252167642117 0.002694368362426758
0.241961856 0.000494430772960186 -0.009360880590975285 0.002892732620239258
0.261982015 0.0006699683144688606 -0.009946254082024097 0.003289937973022461
0.282705412 0.000851198099553585 -0.010231372900307178 0.0036759376525878906
0.303051706 0.0011214371770620346 -0.010658296756446362 0.004244089126586914
0.322981832 0.001254003494977951 -0.011022522114217281 0.004719734191894531
0.342964712 0.0013649025931954384 -0.011703741736710072 0.005541801452636719
0.3629854 0.0014313189312815666 -0.01216339971870184 0.006077289581298828
0.383108885 0.001481667160987854 -0.012827287428081036 0.006907463073730469
0.403032757 0.0014954432845115662 -0.013263544999063015 0.0074481964111328125
0.424073373 0.00148752611130476 -0.013911702670156956 0.008187055587768555
0.444079676 0.0014271102845668793 -0.014294524677097797 0.008685588836669922
0.464143988 0.0013333382084965706 -0.014891247265040874 0.009388208389282227
0.484155085 0.0012410106137394905 -0.01522428635507822 0.00986480712890625
0.50433457 0.0010587899014353752 -0.015765096060931683 0.010585546493530273
0.524075458 0.0008325688540935516 -0.016251769848167896 0.011165380477905273
0.544037197 0.0004588766023516655 -0.016955391503870487 0.012034416198730469
0.564050382 0.0001991763710975647 -0.01742533314973116 0.012590885162353516
0.58414241 -0.00022601522505283356 -0.018049483187496662 0.013428688049316406
0.604102541 -0.0005225008353590965 -0.018462409265339375 0.013971805572509766
0.624067029 -0.0009857062250375748 -0.019079354591667652 0.014720439910888672
0.64405229 -0.0013385703787207603 -0.01946250442415476 0.015221357345581055
0.664037229 -0.0018671127036213875 -0.020029854960739613 0.01596522331237793
0.684405591 -0.0022198213264346123 -0.02037194836884737 0.01645660400390625
0.704076866 -0.002731943503022194 -0.02085157949477434 0.017186403274536133
0.724035902 -0.0030676433816552162 -0.021177002228796482 0.017673969268798828
0.744028256 -0.003539910539984703 -0.02160599548369646 0.018382549285888672
0.764041512 -0.00384559016674757 -0.021889780648052692 0.01884746551513672
0.784196197 -0.004294746555387974 -0.02220145706087351 0.019542217254638672
0.804087642 -0.004581419751048088 -0.022389140911400318 0.01999378204345703
0.824026834 -0.0049943686462938786 -0.02264538500458002 0.020674943923950195
0.844050618 -0.00521676754578948 -0.022759967483580112 0.021143436431884766
0.864029502 -0.005532669369131327 -0.02294010017067194 0.021790504455566406
0.884717741 -0.005716313142329454 -0.02303162682801485 0.02220296859741211
0.904079255 -0.005965365096926689 -0.023122810758650303 0.02279520034790039
0.925088749 -0.006062209606170654 -0.023064357228577137 0.02324843406677246
0.945011924 -0.006107714492827654 -0.02285029459744692 0.023933887481689453
0.965187987 -0.006123250816017389 -0.022714083082973957 0.024378061294555664
0.986024837 -0.006125495303422213 -0.022520766593515873 0.0250246524810791
1.005100053 -0.006111732218414545 -0.02237908635288477 0.025440454483032227
1.026455148 -0.006070831324905157 -0.0221511023119092 0.026071786880493164
1.046480605 -0.006042503286153078 -0.021930416114628315 0.026488780975341797
1.066544841 -0.00602710573002696 -0.021627438254654408 0.02708721160888672
1.086887714 -0.006040976382791996 -0.021419749595224857 0.027468204498291016
1.106413016 -0.0060919723473489285 -0.021107387728989124 0.027996540069580078
1.126544397 -0.006138834170997143 -0.02092082519084215 0.02832961082458496
1.146361887 -0.006238807924091816 -0.020589345134794712 0.028770923614501953
1.166564254 -0.006321984343230724 -0.0203696982935071 0.029042482376098633
1.186452542 -0.006378575693815947 -0.01987489778548479 0.02931356430053711
1.206435679 -0.006411929614841938 -0.019510545767843723 0.02947545051574707
1.226415122 -0.006467183120548725 -0.018978365696966648 0.02974843978881836
1.246407963 -0.006505392491817474 -0.018601623363792896 0.029911279678344727
1.267595146 -0.006568301469087601 -0.018047654069960117 0.03014373779296875
1.287797232 -0.0066095441579818726 -0.01764813531190157 0.0302884578704834
1.307466928 -0.006702629383653402 -0.017029554583132267 0.030498504638671875
1.327488626 -0.006809913087636232 -0.016693112440407276 0.030671119689941406
1.347382195 -0.007044941186904907 -0.016189207322895527 0.030972957611083984
1.367814667 -0.007207690272480249 -0.015837212093174458 0.031167268753051758
1.387501785 -0.007460960187017918 -0.015287785790860653 0.031449079513549805
1.407452289 -0.007629936095327139 -0.014833907596766949 0.031650543212890625
1.427476832 -0.007885022554546595 -0.014155679382383823 0.03199124336242676
1.447432802 -0.008053645491600037 -0.013661048375070095 0.03223156929016113
1.467671991 -0.008313821163028479 -0.012876096181571484 0.03264284133911133
1.487469543 -0.008491829503327608 -0.012364544905722141 0.032929182052612305
1.507458842 -0.008796861860901117 -0.011464477516710758 0.0333709716796875
1.527405125 -0.009002288337796926 -0.010919694788753986 0.03365492820739746
1.547368575 -0.009343648562207818 -0.010026971809566021 0.034094810485839844
1.567645749 -0.009587700478732586 -0.00944343488663435 0.034386396408081055
1.587792956 -0.009978319983929396 -0.008585530333220959 0.03482365608215332
1.607434503 -0.010278413770720363 -0.007975741289556026 0.03511619567871094
1.627619205 -0.010750307003036141 -0.007099266164004803 0.03552675247192383
1.647435233 -0.011095559573732316 -0.006510677747428417 0.035776615142822266
1.668483883 -0.011710052262060344 -0.005724520422518253 0.036055803298950195
1.688791723 -0.012139876489527524 -0.005239878781139851 0.03622078895568848
1.708926937 -0.01284641309757717 -0.004459836520254612 0.036428213119506836
1.728775837 -0.013333443785086274 -0.003963750787079334 0.03655362129211426
1.748866718 -0.014088848838582635 -0.0032555358484387398 0.03672480583190918
1.76900591 -0.014631219790317118 -0.0027680909261107445 0.036802053451538086
1.788848104 -0.01543677831068635 -0.0021183816716074944 0.03692913055419922
1.808786769 -0.015995722031220794 -0.0016924655064940453 0.03696155548095703
1.829771047 -0.016840789932757616 -0.0011101020500063896 0.03699183464050293
1.849941234 -0.017417101189494133 -0.0007439823821187019 0.036986351013183594
1.870211009 -0.018302266020327806 -0.0001978529617190361 0.03695511817932129
1.889785613 -0.018896945752203465 0.0001408066600561142 0.03693032264709473
1.909800137 -0.019815316889435053 0.0006476249545812607 0.03685331344604492
1.930987685 -0.02042255364358425 0.0009318571537733078 0.03680682182312012
1.952169969 -0.021332248114049435 0.0013112546876072884 0.03671669960021973
1.972056749 -0.021965318359434605 0.0015754709020256996 0.03664112091064453
1.99204186 -0.02290420699864626 0.0019298531115055084 0.03652667999267578
2.012004379 -0.023519990034401417 0.0021596914157271385 0.036443471908569336
2.032090721 -0.024408739991486073 0.0024656960740685463 0.03634953498840332
2.052152395 -0.024979110807180405 0.002607596106827259 0.036333560943603516
2.072064175 -0.025831655599176884 0.0027569951489567757 0.03649020195007324
2.092050131 -0.026403474621474743 0.002808844670653343 0.036786556243896484
2.112015399 -0.027346567250788212 0.002862190827727318 0.037610769271850586
2.13206473 -0.02802739292383194 0.0028433185070753098 0.03850078582763672
2.152255079 -0.02910495735704899 0.0027373982593417168 0.04043078422546387
2.172062781 -0.029841771349310875 0.002639089711010456 0.0422062873840332
2.192059437 -0.030946902930736542 0.0023969346657395363 0.04562830924987793
2.212017622 -0.031661203131079674 0.002180313691496849 0.04848074913024902
2.232074676 -0.032694075256586075 0.001768280752003193 0.05375957489013672
2.252887915 -0.03335016034543514 0.0014416100457310677 0.057888031005859375
2.27207855 -0.03422560356557369 0.0008520623669028282 0.06526732444763184
2.292154805 -0.03472459688782692 0.00042491406202316284 0.07089495658874512
2.312011227 -0.03533433564007282 -0.00026053842157125473 0.08040022850036621
2.332092316 -0.03563966602087021 -0.0007392624393105507 0.08747029304504395
2.353094319 -0.03593762218952179 -0.0014875708147883415 0.09918999671936035
2.373052781 -0.03596189804375172 -0.0019964883103966713 0.10786986351013184
2.393055145 -0.0358252078294754 -0.002786773256957531 0.12198734283447266
2.413009187 -0.03557860478758812 -0.003319990821182728 0.1322028636932373
2.433195636 -0.034988829866051674 -0.004133268259465694 0.1487720012664795
2.453151759 -0.03448575362563133 -0.004690208472311497 0.16057467460632324
2.473127638 -0.03344236873090267 -0.005512452684342861 0.17963361740112305
2.493095578 -0.03262097015976906 -0.006064143963158131 0.19314360618591309
2.513024384 -0.031219542026519775 -0.006918267346918583 0.21461105346679688
2.533148532 -0.030108023434877396 -0.007455970160663128 0.2298738956451416
2.553158051 -0.028299794532358646 -0.008267183788120747 0.2539234161376953
2.57307109 -0.02697370108217001 -0.008807315491139889 0.2708103656768799
2.593057033 -0.02486751414835453 -0.009622550569474697 0.29729127883911133
2.613020037 -0.02335725910961628 -0.010139930061995983 0.3157942295074463
2.633156576 -0.0209411159157753 -0.010891306214034557 0.34484004974365234
2.653336334 -0.0192736703902483 -0.011411449871957302 0.36496806144714355
2.673093998 -0.01656710938550532 -0.012115041725337505 0.3966219425201416
2.69304364 -0.014675839920528233 -0.012554588727653027 0.41854357719421387
2.713028357 -0.011727906297892332 -0.013188271783292294 0.45264363288879395
2.733221881 -0.0096551061142236 -0.013565837405622005 0.47636866569519043
2.753377393 -0.007578909397125244 -0.01395669486373663 0.5006086826324463
2.773106844 -0.004312267526984215 -0.01448782067745924 0.5384149551391602
2.793153043 -0.0009530140087008476 -0.01500245463103056 0.57767653465271
2.813019546 0.001311885192990303 -0.015337376855313778 0.604583740234375
2.833288131 0.004842625930905342 -0.01575410645455122 0.6463291645050049
2.853124305 0.007166093215346336 -0.016058222390711308 0.6747825145721436
2.87326888 0.010780423879623413 -0.01645111758261919 0.7187836170196533
2.89308997 0.01319991797208786 -0.01668929774314165 0.74886155128479
2.913043631 0.016839195042848587 -0.0170142175629735 0.7950847148895264
2.933218715 0.01929190568625927 -0.017182902432978153 0.8267507553100586
2.953424517 0.022927848622202873 -0.017432467080652714 0.8752906322479248
2.973090622 0.02534361369907856 -0.017571930773556232 0.908423662185669
2.993046221 0.028941499069333076 -0.01776276994496584 0.9592773914337158
3.013032478 0.03129623271524906 -0.017897934652864933 0.9938638210296631
3.033152557 0.03477371670305729 -0.018048853613436222 1.0469870567321777
3.053506463 0.03704256750643253 -0.018138830550014973 1.0831139087677002
3.073096089 0.04036274366080761 -0.018277578987181187 1.1383037567138672
3.093055 0.04254625178873539 -0.018331394530832767 1.1758520603179932
3.11308222 0.04570095054805279 -0.01845852006226778 1.2328212261199951
3.133117483 0.04775982163846493 -0.01848496589809656 1.2714269161224365
3.153598034 0.050733307376503944 -0.018552382476627827 1.3299338817596436
3.173060228 0.05264769680798054 -0.01859258208423853 1.3693645000457764
3.193070761 0.05540239252150059 -0.01864668820053339 1.429051160812378
3.213033664 0.05715520121157169 -0.01870810706168413 1.4691088199615479
3.233115244 0.059682952240109444 -0.01875941175967455 1.529667615890503
3.253715453 0.06129547394812107 -0.018813935108482838 1.5702593326568604
3.27307417 0.06360188312828541 -0.018933945335447788 1.6314489841461182
3.293100895 0.06508124805986881 -0.018993024714291096 1.6724703311920166
3.3130357 0.0671693030744791 -0.01912593934684992 1.7341840267181396
3.334309265 0.06847595609724522 -0.01923356670886278 1.7754652500152588
3.354594409 0.07032407261431217 -0.01939761731773615 1.837561845779419
3.37447118 0.07147371955215931 -0.019525599665939808 1.879040002822876
3.394142182 0.07307489402592182 -0.019745335914194584 1.94138503074646
3.414268743 0.074057312682271 -0.01991990301758051 1.9830090999603271
3.434299857 0.07538960315287113 -0.020162773318588734 2.045555830001831
3.454224414 0.07619268633425236 -0.020335246808826923 2.0873119831085205
3.474219601 0.07727210409939289 -0.020609521307051182 2.1500260829925537
3.49423082 0.07790122367441654 -0.02078887913376093 2.1919171810150146
3.514122264 0.07873075641691685 -0.021077794022858143 2.254807233810425
3.534276521 0.07921402342617512 -0.0212631793692708 2.2967841625213623
3.555310421 0.07981079258024693 -0.021550715900957584 2.3598501682281494
3.575360573 0.08012624271214008 -0.021762718446552753 2.4019343852996826
3.595322866 0.08047725446522236 -0.022092812694609165 2.465174913406372
3.615304125 0.08063529618084431 -0.022343025542795658 2.507380723953247
3.635997513 0.0807598028331995 -0.022761081345379353 2.5707905292510986
3.655376132 0.08076939173042774 -0.023060166276991367 2.6131131649017334
3.675340253 0.08067514933645725 -0.02354000974446535 2.6766698360443115
3.695332568 0.08053817041218281 -0.023896210826933384 2.719141721725464
3.715291013 0.0802184883505106 -0.024483677931129932 2.7829153537750244
3.73555623 0.07992578484117985 -0.02491860557347536 2.8255131244659424
3.755362302 0.07939686067402363 -0.02562952507287264 2.8895394802093506
3.775355185 0.07898211665451527 -0.026132517494261265 2.932267427444458
3.795331879 0.07827922143042088 -0.02697428036481142 2.996553659439087
3.81527982 0.07774733193218708 -0.027566918171942234 3.039476156234741
3.835600399 0.07685924507677555 -0.028501478023827076 3.1039559841156006
3.855355894 0.07620525546371937 -0.02914851624518633 3.147068738937378
3.875335536 0.07513823546469212 -0.030149553902447224 3.2117860317230225
3.895316856 0.07437238283455372 -0.030840259976685047 3.25500226020813
3.915300687 0.07313931174576283 -0.03192333597689867 3.3198602199554443
3.935687617 0.07226098515093327 -0.03269172180444002 3.3631508350372314
3.956785182 0.0708951149135828 -0.033933316357433796 3.4281413555145264
3.976513989 0.06994413025677204 -0.03479184675961733 3.4714858531951904
3.996665396 0.06845124252140522 -0.036198084242641926 3.536567449569702
4.016460295 0.06742131896317005 -0.03717676270753145 3.579970598220825
4.036657509 0.06582579202950001 -0.03870305512100458 3.6451003551483154
4.05657758 0.06473375298082829 -0.03978563565760851 3.688535451889038
4.076493237 0.06304219551384449 -0.041441080160439014 3.753695249557495
4.096552717 0.06188221462070942 -0.04258839879184961 3.7971456050872803
4.116486822 0.06009537912905216 -0.044380669482052326 3.8623340129852295
4.137945716 0.058872463181614876 -0.045591712929308414 3.9058034420013428
4.157820018 0.0569786224514246 -0.04753783065825701 3.9710452556610107
4.177843722 0.05568880774080753 -0.048816983588039875 4.014552354812622
4.197846521 0.05370858497917652 -0.05084544140845537 4.079854249954224
4.217985172 0.05236502178013325 -0.05223121214658022 4.123396158218384
4.23791988 0.050317684188485146 -0.0543568255379796 4.188727617263794
4.257854294 0.04894002340734005 -0.05587741453200579 4.232268571853638
4.277848251 0.04685479216277599 -0.058181081898510456 4.297602891921997
4.297845871 0.04546302743256092 -0.05977537948638201 4.341166734695435
4.317996327 0.04337303526699543 -0.06221300084143877 4.406526327133179
4.338055067 0.0419705118983984 -0.06383491028100252 4.45011830329895
4.357810755 0.03983430750668049 -0.06630884576588869 4.515517473220825
4.377854439 0.03840014897286892 -0.06795748043805361 4.559142827987671
4.397841159 0.036236679181456566 -0.07042813021689653 4.624620676040649
4.417923232 0.03480442054569721 -0.07210865337401628 4.668278455734253
4.438156518 0.0326427947729826 -0.074562375433743 4.73381781578064
4.457851277 0.031223053112626076 -0.07619593013077974 4.77750039100647
4.477832465 0.029085712507367134 -0.07859848160296679 4.843050241470337
4.49789007 0.027659786865115166 -0.08018167782574892 4.886751413345337
4.517881361 0.0255280751734972 -0.08251931983977556 4.952333688735962
4.538733235 0.024107126519083977 -0.0840422110632062 4.9960877895355225
4.558942105 0.02197357825934887 -0.08632113505154848 5.061744928359985
4.57896627 0.020557543262839317 -0.08782519865781069 5.105547189712524
4.598914972 0.018444154411554337 -0.0900527210906148 5.171301603317261
4.619050476 0.017056675627827644 -0.09154770243912935 5.215158224105835
4.640002904 0.014983458444476128 -0.09373741317540407 5.2810022830963135
4.659942782 0.013612814247608185 -0.09518287796527147 5.32492995262146
4.679991408 0.011548114940524101 -0.09732180554419756 5.390878915786743
4.699929978 0.010171769186854362 -0.098707583732903 5.434887170791626
4.720465534 0.008112490177154541 -0.10075668711215258 5.500955820083618
4.739992277 0.00674431212246418 -0.10208239126950502 5.545044183731079
4.75992138 0.004725603386759758 -0.10403310228139162 5.611214876174927
4.779940484 0.0033962465822696686 -0.10527389962226152 5.6553661823272705
4.799933208 0.0014291638508439064 -0.10704791266471148 5.721648454666138
4.820081552 0.0001748809590935707 -0.10814368445426226 5.7658751010894775
4.840004738 -0.001672188751399517 -0.1096725957468152 5.832282304763794
4.85996261 -0.002866898663341999 -0.11059905309230089 5.876596689224243
4.879997478 -0.004605541005730629 -0.11185735184699297 5.943117380142212
4.899929846 -0.0057439664378762245 -0.11262783128768206 5.987504243850708
4.920677596 -0.0073856995441019535 -0.11360354442149401 6.054105997085571
4.939998091 -0.008457692805677652 -0.11418646294623613 6.0985376834869385
4.959908139 -0.010033708764240146 -0.11495974380522966 6.165231943130493
4.979942849 -0.011063381447456777 -0.11540442425757647 6.209709405899048
4.999915646 -0.012577102213981561 -0.11596604902297258 6.276453256607056
5.020105398 -0.013553835218772292 -0.11624967772513628 6.3209450244903564
5.04002286 -0.014998443657532334 -0.11659247893840075 6.387726068496704
5.0599618 -0.015946118161082268 -0.11675284523516893 6.432257890701294
5.079978159 -0.017339599318802357 -0.1169118108227849 6.499067544937134
5.099946406 -0.018254007678478956 -0.1169708939269185 6.543639421463013
5.120989838 -0.019652567338198423 -0.11697470862418413 6.610489130020142
5.141067158 -0.02059468813240528 -0.11693609971553087 6.655077219009399
5.16117169 -0.022019870579242706 -0.11681970674544573 6.721994638442993
5.181077739 -0.023009544238448143 -0.11667515058070421 6.766581773757935
5.201089174 -0.024505432695150375 -0.11639387626200914 6.83351731300354
5.22262535 -0.025531655177474022 -0.11615761835128069 6.878156900405884
5.242245049 -0.02708386816084385 -0.11575558502227068 6.9451611042022705
5.262228572 -0.02815157826989889 -0.11545632500201464 6.989835023880005
5.282245862 -0.029764419421553612 -0.11496635992079973 7.05685830116272
5.303458312 -0.03083307109773159 -0.11461017746478319 7.10157322883606
5.323603562 -0.03248424455523491 -0.11406571883708239 7.168612718582153
5.343259364 -0.03359443135559559 -0.11368170101195574 7.21332573890686
5.363195674 -0.03527156077325344 -0.1130731226876378 7.280428171157837
5.384487401 -0.03643214702606201 -0.11262993235141039 7.325159311294556
5.404520206 -0.03816601820290089 -0.11191910225898027 7.392298936843872
5.424913155 -0.03933366760611534 -0.11141422111541033 7.437062501907349
5.444462424 -0.041089000180363655 -0.11057653743773699 7.504216432571411
5.464445287 -0.04224795661866665 -0.10998113173991442 7.549020051956177
5.484406732 -0.0439749862998724 -0.10901563335210085 7.616182565689087
5.50448298 -0.04509974457323551 -0.10835054237395525 7.661025285720825
5.525502407 -0.04675583355128765 -0.10729387123137712 7.728250741958618
5.545475911 -0.047830114141106606 -0.10656471271067858 7.773094415664673
5.565448251 -0.049397921189665794 -0.10543221700936556 7.84040379524231
5.585541256 -0.05042308755218983 -0.10461295861750841 7.885269403457642
5.605561488 -0.05193598009645939 -0.10333974380046129 7.952636003494263
5.626671419 -0.05293739028275013 -0.10244611371308565 7.997571229934692
5.646772058 -0.05440965108573437 -0.10104088205844164 8.065030336380005
5.666644757 -0.05536730773746967 -0.1000798987224698 8.110048055648804
5.68680639 -0.05675465427339077 -0.09859392512589693 8.177587270736694
5.706839649 -0.057661281898617744 -0.09757487196475267 8.222650289535522
5.726681181 -0.05899295024573803 -0.09600747097283602 8.290302038192749
5.746670264 -0.059879930689930916 -0.09494877327233553 8.335405111312866
5.766649008 -0.06116529367864132 -0.09335993696004152 8.403154134750366
5.787105688 -0.06203628517687321 -0.09226955194026232 8.448289632797241
5.807856024 -0.06331478245556355 -0.0906332777813077 8.51605772972107
5.827859752 -0.06415975652635098 -0.08954016584903002 8.561259984970093
5.84780393 -0.06538604758679867 -0.08788389433175325 8.629083395004272
5.867885774 -0.06617375276982784 -0.08677661139518023 8.674340963363647
5.887904102 -0.06732795573771 -0.08506577927619219 8.742198705673218
5.907834206 -0.06806839071214199 -0.08389912266284227 8.787469625473022
5.927834405 -0.0691355261951685 -0.08211611676961184 8.855428457260132
5.947815725 -0.0698204692453146 -0.08087381441146135 8.900741338729858
5.967758297 -0.07080907188355923 -0.078988884575665 8.968799352645874
5.987903402 -0.07144982181489468 -0.07769326586276293 9.014219045639038
6.007852483 -0.07237972505390644 -0.07571436185389757 9.082395315170288
6.027824868 -0.0729720201343298 -0.07439336646348238 9.127893209457397
6.047820375 -0.07384737394750118 -0.07239293772727251 9.196182012557983
6.067826879 -0.0744097251445055 -0.07106337416917086 9.24175238609314
6.088736544 -0.07522827200591564 -0.06898975092917681 9.310121297836304
6.107865483 -0.07575867883861065 -0.06760111171752214 9.355733633041382
6.127832357 -0.07653067819774151 -0.06551024038344622 9.424197912216187
6.147790628 -0.07703190855681896 -0.06408106256276369 9.469836950302124
6.167790213 -0.07774785719811916 -0.06195118743926287 9.53833556175232
6.188048176 -0.07820882461965084 -0.06052533257752657 9.583999395370483
6.207912581 -0.07886121235787868 -0.058373321779072285 9.652509450912476
6.227805399 -0.07926739566028118 -0.056949940510094166 9.698215246200562
6.247871987 -0.07985561899840832 -0.05481808353215456 9.766757726669312
6.267840543 -0.08022845350205898 -0.0534279840067029 9.812474966049194
6.288233062 -0.08075954578816891 -0.051390801556408405 9.881088018417358
6.30780867 -0.08108810894191265 -0.0500536160543561 9.926843404769897
6.327859853 -0.0815430786460638 -0.04807997215539217 9.995498418807983
6.347873934 -0.08181179128587246 -0.04678176809102297 10.041263341903687
6.367905388 -0.08216672949492931 -0.04487671051174402 10.109973669052124
6.388162096 -0.08236966840922832 -0.0436330521479249 10.15580153465271
6.407876748 -0.08262575976550579 -0.04178082291036844 10.224569082260132
6.427807464 -0.08276662789285183 -0.04056691098958254 10.270454168319702
6.447949078 -0.08292832784354687 -0.03878323454409838 10.339269399642944
6.467823507 -0.08300705812871456 -0.037630640901625156 10.385169744491577
6.487836737 -0.08308354578912258 -0.035955932922661304 10.454055547714233
6.507877533 -0.08311598561704159 -0.03484645579010248 10.4999520778656
6.52780811 -0.08311661146581173 -0.03319413308054209 10.568851232528687
6.547843172 -0.08308193646371365 -0.0320780323818326 10.614791631698608
6.567801963 -0.082993870601058 -0.03043405059725046 10.683748006820679
6.588046454 -0.08291598223149776 -0.029345077462494373 10.729720830917358
6.607862352 -0.08278933726251125 -0.027754132635891438 10.798673391342163
6.627820193 -0.08268637768924236 -0.026724607683718204 10.844672918319702
6.64785717 -0.08252317272126675 -0.025243946351110935 10.91361403465271
6.667833955 -0.08238966576755047 -0.024288066662847996 10.959598302841187
6.688037587 -0.08215165697038174 -0.02289822045713663 11.028609991073608
6.707861452 -0.08195522986352444 -0.022000913508236408 11.074622869491577
6.727813695 -0.08162598125636578 -0.020690073259174824 11.143708944320679
6.747854891 -0.08138365112245083 -0.019830544479191303 11.189800024032593
6.767766475 -0.08096358738839626 -0.018563237972557545 11.258971929550171
6.787874733 -0.08065482787787914 -0.01774409878998995 11.305125951766968
6.807856101 -0.08009963296353817 -0.01650137919932604 11.374360799789429
6.82786041 -0.07971092872321606 -0.015707380138337612 11.420573949813843
6.847833724 -0.07900869660079479 -0.01448576245456934 11.489869832992554
6.867874709 -0.07850253395736217 -0.013669061474502087 11.536073446273804
6.887961298 -0.07768779806792736 -0.012441611848771572 11.605392217636108
6.908068866 -0.07709596119821072 -0.011602123267948627 11.65157675743103
6.927798656 -0.0761698093265295 -0.01037148479372263 11.720903158187866
6.947836198 -0.07551356218755245 -0.009550015442073345 11.767133474349976
6.967766776 -0.07446310855448246 -0.008320369757711887 11.836490392684937
6.987914381 -0.07373633794486523 -0.007520624436438084 11.882758855819702
7.007856499 -0.07259307987987995 -0.006336049176752567 11.952106237411499
7.027797084 -0.0718007031828165 -0.0055623846128582954 11.998353719711304
7.047843726 -0.07056787423789501 -0.004423786886036396 12.067748785018921
7.067841474 -0.06971472315490246 -0.0036416547372937202 12.114000082015991
7.087903579 -0.06843174435198307 -0.0025282567366957664 12.183461904525757
7.107933964 -0.06755232997238636 -0.001716158352792263 12.229751348495483
7.12924248 -0.06622523628175259 -0.0005124611780047417 12.299232244491577
7.149247748 -0.06533490307629108 0.00030780117958784103 12.34555983543396
7.169188193 -0.064008554443717 0.0015519782900810242 12.415040731430054
7.189337485 -0.06312640942633152 0.0023638783022761345 12.461385488510132
7.209264833 -0.06184511072933674 0.003600507043302059 12.530860662460327
7.229232242 -0.061002342030406 0.0044124191626906395 12.57718825340271
7.249291215 -0.05975485034286976 0.005611279979348183 12.646695852279663
7.269213566 -0.05893487669527531 0.006448918022215366 12.693008184432983
7.289396031 -0.05773320607841015 0.00768933305516839 12.762532949447632
7.309255782 -0.056965289637446404 0.008538147900253534 12.808906316757202
7.329245775 -0.05586150847375393 0.009840443264693022 12.878503561019897
7.349242687 -0.05514088459312916 0.010693905875086784 12.924958944320679
7.369192795 -0.05412214808166027 0.012005092343315482 12.994649648666382
7.389289409 -0.053462130948901176 0.012864538002759218 13.041139364242554
7.409289657 -0.05251053534448147 0.014221635996364057 13.110839605331421
7.429249481 -0.05189410783350468 0.015103542333235964 13.157306432723999
7.44964074 -0.05099677853286266 0.016389762284234166 13.227025747299194
7.469227641 -0.05040124990046024 0.017257867148146033 13.273462057113647
7.489462321 -0.049509795382618904 0.018508933717384934 13.343158483505249
7.509240097 -0.048914944753050804 0.019326746463775635 13.389625310897827
7.529225754 -0.04801839031279087 0.02055626781657338 13.459331274032593
7.549256726 -0.0474212821573019 0.021350061986595392 13.505828619003296
7.569186957 -0.04657015763223171 0.022578646894544363 13.575582265853882
7.589345866 -0.04602102376520634 0.023376818746328354 13.622112035751343
7.609224307 -0.04522373341023922 0.024542532861232758 13.69194769859314
7.629221312 -0.044700464233756065 0.02530492376536131 13.738513708114624
7.649359282 -0.04392995871603489 0.026424446143209934 13.808381795883179
7.669229374 -0.04342700354754925 0.027218318544328213 13.854938268661499
7.68950248 -0.042666081339120865 0.02837594412267208 13.924815893173218
7.709299139 -0.042148543521761894 0.02916306909173727 13.971404790878296
7.729215945 -0.04133949428796768 0.030366563238203526 14.04128623008728
7.749256089 -0.04079495556652546 0.031143120490014553 14.08791708946228
7.769181689 -0.03990411013364792 0.032400825060904026 14.157809972763062
7.789363215 -0.039312396198511124 0.033215862698853016 14.204423666000366
7.80924105 -0.03842905908823013 0.03440039698034525 14.274368047714233
7.829233235 -0.037847645580768585 0.03521774988621473 14.320970296859741
7.849274874 -0.03697218559682369 0.036394896917045116 14.390918493270874
7.869276883 -0.036374880000948906 0.03717862907797098 14.43755316734314
7.889411643 -0.03547009266912937 0.038295590318739414 14.507552862167358
7.909935044 -0.0348470713943243 0.03902918752282858 14.554229497909546
7.929210492 -0.03391037508845329 0.04009258281439543 14.624244451522827
7.949343028 -0.03329160250723362 0.04075619112700224 14.670947790145874
7.969171202 -0.032393746078014374 0.041720434091985226 14.740978002548218
7.989715276 -0.03180859796702862 0.04231650847941637 14.787681341171265
8.009279727 -0.030948571860790253 0.04313855338841677 14.857761144638062
8.029236936 -0.03038235753774643 0.043630181811749935 14.904474020004272
8.049273837 -0.02955913171172142 0.04426073934882879 14.974595785140991
8.069226808 -0.02903296798467636 0.044605678878724575 15.021360158920288
8.089546901 -0.028278893791139126 0.04502544645220041 15.091539144515991
8.109252145 -0.027791555039584637 0.04524567071348429 15.138360738754272
8.129221431 -0.02707807905972004 0.04551777523010969 15.208554983139038
8.149265675 -0.026613444089889526 0.04564305115491152 15.255409002304077
8.169195378 -0.025928565301001072 0.04576173145323992 15.32564902305603
8.18958166 -0.02548388857394457 0.045803298242390156 15.372474431991577
8.209254752 -0.02483447454869747 0.045809331350028515 15.44271445274353
8.22925099 -0.024393395520746708 0.045807053335011005 15.489513158798218
8.249275591 -0.02372713666409254 0.04573849495500326 15.559747457504272
8.269214224 -0.023267601616680622 0.0456561679020524 15.606563329696655
8.289752127 -0.022560869343578815 0.04550687316805124 15.676786184310913
8.309256537 -0.022091914899647236 0.045375107787549496 15.72362494468689
8.329206157 -0.02137045655399561 0.045187980867922306 15.793866872787476
8.349288793 -0.020894301123917103 0.04504733998328447 15.84072470664978
8.369294276 -0.020189227536320686 0.044811698608100414 15.91103720664978
8.389358916 -0.01969698630273342 0.04466182831674814 15.957893133163452
8.409253521 -0.018985033966600895 0.044367519207298756 16.02825140953064
8.429245298 -0.018498606514185667 0.044172060675919056 16.075137853622437
8.449312186 -0.017780957743525505 0.04384282883256674 16.145515203475952
8.469255865 -0.017301322426646948 0.043621149845421314 16.192445516586304
8.490258033 -0.016572824213653803 0.043318149633705616 16.26283621788025
8.510241423 -0.016092937672510743 0.04310286697000265 16.30978751182556
8.530306204 -0.015318846330046654 0.04287926945835352 16.380168676376343
8.550309338 -0.014785183360800147 0.0427364157512784 16.427091360092163
8.570222833 -0.013959358097054064 0.042528714053332806 16.497474431991577
8.590557952 -0.013363776030018926 0.042431204579770565 16.544334173202515
8.610303469 -0.012485692248446867 0.04224978480488062 16.614640951156616
8.630225708 -0.01189666532445699 0.04212755057960749 16.661487340927124
8.650265344 -0.011004312196746469 0.04195257741957903 16.731727361679077
8.670224666 -0.010418439982458949 0.04181505274027586 16.778573751449585
8.690453234 -0.009515601675957441 0.04160656686872244 16.848825216293335
8.710252663 -0.00891805742867291 0.04144445527344942 16.89568305015564
8.730240442 -0.00798580702394247 0.041260587982833385 16.96585440635681
8.75023734 -0.007375026121735573 0.04112327005714178 17.012630224227905
8.770198857 -0.006474901922047138 0.040896289981901646 17.082786321640015
8.790290434 -0.0058839330449700356 0.04077893402427435 17.12948775291443
8.810281901 -0.005028578452765942 0.04056223388761282 17.19957709312439
8.830231735 -0.004474610090255737 0.040413993410766125 17.246288061141968
8.850266928 -0.003643602132797241 0.04016443807631731 17.31632971763611
8.870279979 -0.003103017807006836 0.03996762540191412 17.36305022239685
8.890493107 -0.002308427356183529 0.0396247087046504 17.433055639266968
8.9102965 -0.0017826976254582405 0.03936007712036371 17.47973608970642
8.930242769 -0.0010011401027441025 0.03891074936836958 17.549772024154663
8.950251686 -0.0004879869520664215 0.0385712506249547 17.59646964073181
8.970192827 0.00027033500373363495 0.03800633456557989 17.66653037071228
8.990367479 0.0007882174104452133 0.03755656722933054 17.713197469711304
9.010239549 0.0015441421419382095 0.036819434724748135 17.783252477645874
9.030298745 0.0020492635667324066 0.03627714794129133 17.829953908920288
9.050257882 0.0027909260243177414 0.03542094398289919 17.90001082420349
9.070400286 0.0032637696713209152 0.03482104558497667 17.94675040245056
9.090299706 0.004003267735242844 0.033893403597176075 18.016849279403687
9.110326816 0.0044904183596372604 0.03325835335999727 18.063609838485718
9.13023752 0.005212569609284401 0.0322797866538167 18.133792638778687
9.150278891 0.005720984190702438 0.031597829423844814 18.180562734603882
9.170190496 0.006462564691901207 0.030559321865439415 18.250776052474976
9.190434449 0.006958650425076485 0.029866392724215984 18.29759383201599
9.210238757 0.007687177509069443 0.028810760006308556 18.367870092391968
9.2302462 0.008185278624296188 0.028107876889407635 18.414724111557007
9.250241212 0.008934779092669487 0.027071382850408554 18.48501753807068
9.270245926 0.009417958557605743 0.026376486755907536 18.531915426254272
9.29034506 0.01014963909983635 0.025395873002707958 18.602241277694702
9.310279168 0.010618064552545547 0.024744844064116478 18.649150609970093
9.330241169 0.011289779096841812 0.023774423636496067 18.719552755355835
9.350285472 0.011715732514858246 0.023144911043345928 18.76648497581482
9.370225881 0.01231357827782631 0.02218439942225814 18.836938619613647
9.390366268 0.012692315503954887 0.021539030130952597 18.883922338485718
9.410297565 0.013261141255497932 0.020585826132446527 18.954435110092163
9.430238067 0.013623643666505814 0.01994882244616747 19.00148367881775
9.450254826 0.014213291928172112 0.019016406498849392 19.072044134140015
9.470238579 0.014569098129868507 0.01838021306321025 19.119136571884155
9.49047774 0.015117775648832321 0.01739417784847319 19.18975043296814
9.510343637 0.015469476580619812 0.016724656452424824 19.236839056015015
9.530237817 0.01597491092979908 0.01570634642848745 19.307491064071655
9.55024053 0.016335710883140564 0.015003182384589309 19.354610204696655
9.570328368 0.01683882251381874 0.013933958136476576 19.42534041404724
9.590315778 0.017161449417471886 0.013209825847297907 19.472516775131226
9.610351017 0.017651524394750595 0.012087395647540689 19.543309926986694
9.630228402 0.01796060986816883 0.01132543757557869 19.590537786483765
9.650378145 0.01846478320658207 0.010117410216480494 19.661397695541382
9.670246447 0.018792210146784782 0.009296976495534182 19.70866370201111
9.69031473 0.019270258024334908 0.008046462200582027 19.779597997665405
9.710268073 0.019606618210673332 0.007187835872173309 19.826902151107788
9.730259893 0.02005266584455967 0.005906347185373306 19.897918462753296
9.750254192 0.020375965163111687 0.005059192888438702 19.945266485214233
9.770179195 0.020820746198296547 0.0037957187741994858 20.016319036483765
9.790307906 0.02110266499221325 0.002960813231766224 20.063688039779663
9.810281184 0.021515069529414177 0.0017355028539896011 20.134721517562866
9.830224985 0.02176572196185589 0.0009306939318776131 20.182090520858765
9.850237693 0.022157935425639153 -0.00026716943830251694 20.253066778182983
9.870244608 0.022410592064261436 -0.0010746745392680168 20.300372838974
9.890296844 0.022777648642659187 -0.0022959457710385323 20.37135100364685
9.910293957 0.02306767739355564 -0.0031144870445132256 20.418655157089233
9.930227551 0.023482443764805794 -0.00432142149657011 20.48964285850525
9.950252831 0.023771414533257484 -0.005111583508551121 20.536967992782593
9.970171861 0.02421012707054615 -0.006255342625081539 20.607974767684937
9.990296773 0.024482930079102516 -0.006997906602919102 20.655338048934937
10.010267058 0.024923430755734444 -0.008097871206700802 20.726388692855835
10.030207983 0.02520638145506382 -0.008820577524602413 20.77377676963806
10.05026719 0.02572927437722683 -0.009893869049847126 20.84483313560486
10.070335197 0.02607796899974346 -0.010594704188406467 20.892219305038452
10.090317215 0.026599572971463203 -0.011622176505625248 20.96331763267517
10.110388029 0.026992550119757652 -0.012287377379834652 21.01071333885193
10.130213938 0.027548672631382942 -0.013259469531476498 21.081842184066772
10.150248897 0.02791939117014408 -0.013887695036828518 21.129268407821655
10.170188287 0.02845681644976139 -0.014783489517867565 21.200414419174194
10.190363045 0.028785860165953636 -0.015357431955635548 21.247865438461304
10.210278973 0.029323114082217216 -0.016182747669517994 21.319051504135132
10.23018881 0.029670851305127144 -0.016730033792555332 21.366527318954468
10.250240356 0.030174681916832924 -0.0175446392968297 21.437766790390015
10.270226405 0.030491499230265617 -0.018087544478476048 21.48527693748474
10.290389307 0.030940162017941475 -0.01890061516314745 21.556562185287476
10.310257781 0.031242789700627327 -0.01946097705513239 21.604081869125366
10.330192022 0.031646253541111946 -0.0202871011570096 21.675374746322632
10.350297419 0.03189207427203655 -0.020835344679653645 21.722894430160522
10.370204387 0.03223634697496891 -0.021651034243404865 21.794143438339233
10.390439017 0.03243563510477543 -0.0221830727532506 21.84164786338806
10.411089369 0.03273756988346577 -0.023017377592623234 21.91284155845642
10.43020817 0.03292428143322468 -0.023597036488354206 21.96029257774353
10.450259551 0.03318279795348644 -0.024497774429619312 22.031457662582397
10.47024577 0.03336717747151852 -0.0251815440133214 22.07886290550232
10.4903547 0.03360368870198727 -0.026223004795610905 22.149991750717163
10.510298824 0.03375260718166828 -0.02696166653186083 22.19740080833435
10.531744358 0.03393041528761387 -0.028085527010262012 22.268535375595093
10.551416923 0.03403010405600071 -0.02888058964163065 22.315953969955444
10.571611153 0.034125758334994316 -0.030121267773211002 22.387065649032593
10.593231517 0.03415141813457012 -0.030947760678827763 22.43449378013611
10.613683814 0.03413424827158451 -0.03223702032119036 22.505637884140015
10.633682273 0.034099483862519264 -0.03307918179780245 22.553083181381226
10.654152266 0.03401574678719044 -0.034315590746700764 22.624271154403687
10.67373626 0.033957021310925484 -0.03514279145747423 22.67172598838806
10.694488191 0.03381521813571453 -0.03635003138333559 22.742957830429077
10.713680248 0.03368903510272503 -0.03714457992464304 22.79046607017517
10.733807949 0.03346780128777027 -0.03834354970604181 22.8617742061615
10.754669825 0.03329278342425823 -0.03912567812949419 22.90934157371521
10.779370862 0.03301202319562435 -0.04032315779477358 22.980701208114624
10.798951283 0.032791802659630775 -0.041081746108829975 23.028302907943726
10.819053852 0.032426318153738976 -0.042240736074745655 23.099664449691772
10.838984534 0.03214698098599911 -0.0429929168894887 23.147254705429077
10.860825155 0.03167605586349964 -0.04408824164420366 23.218663930892944
10.880035719 0.031330956146121025 -0.04480509180575609 23.26625418663025
10.900173249 0.03076965920627117 -0.04583342466503382 23.337657690048218
10.920002577 0.030365729704499245 -0.046500430442392826 23.385247945785522
10.940153403 0.029693027958273888 -0.047468979842960835 23.456605672836304
10.961981358 0.02921147085726261 -0.048081700690090656 23.50418448448181
10.981390043 0.028403664007782936 -0.048922416754066944 23.575494527816772
11.001491728 0.027820544317364693 -0.049458940513432026 23.62303328514099
11.021480462 0.026882944628596306 -0.05022808630019426 23.694343328475952
11.043069001 0.02619490586221218 -0.05072314012795687 23.74185538291931
11.062553444 0.02514575980603695 -0.0514026777818799 23.81319785118103
11.082558735 0.024373909458518028 -0.051845197565853596 23.860721349716187
11.102561642 0.023177826777100563 -0.05247132945805788 23.932010412216187
11.123981427 0.02234085090458393 -0.05287790019065142 23.97951102256775
11.143926309 0.021023007109761238 -0.053480480797588825 24.05072569847107
11.163856077 0.0201223436743021 -0.053858269937336445 24.09821105003357
11.183834718 0.018658654764294624 -0.05444272328168154 24.169370412826538
11.203858391 0.017640430480241776 -0.05481908190995455 24.216806173324585
11.223990034 0.01605507917702198 -0.05536321271210909 24.287959814071655
11.244030205 0.014903035014867783 -0.05572149623185396 24.33537268638611
11.263862477 0.013142198324203491 -0.056209986098110676 24.406522512435913
11.283866803 0.011920338496565819 -0.05651253927499056 24.45395827293396
11.303869906 0.010031931102275848 -0.05690515507012606 24.525115728378296
11.324008005 0.008762137964367867 -0.05712704826146364 24.572574377059937
11.34397638 0.006833141669631004 -0.05741508025676012 24.64374327659607
11.363857312 0.005548397079110146 -0.05757398623973131 24.691203832626343
11.383869897 0.003590129315853119 -0.05779572296887636 24.762357473373413
11.403828276 0.002287345938384533 -0.057914634235203266 24.80980086326599
11.424019055 0.000339544378221035 -0.058052365668118 24.88097357749939
11.445313327 -0.0009661000221967697 -0.05811398196965456 24.928409337997437
11.465151955 -0.0029119057580828667 -0.05815323907881975 24.999583959579468
11.485192983 -0.004210030660033226 -0.05814505834132433 25.04702925682068
11.505170429 -0.006151274312287569 -0.05808392632752657 25.11820387840271
11.525923145 -0.00742992153391242 -0.0580111863091588 25.165670156478882
11.545201083 -0.009365440113469958 -0.05784886796027422 25.23685622215271
11.565297314 -0.010645023547112942 -0.05772487539798021 25.284326314926147
11.585144022 -0.012545097299152985 -0.057517592795193195 25.355548620224
11.606361434 -0.013799306587316096 -0.05735472310334444 25.40304160118103
11.628474307 -0.015658740419894457 -0.05707403738051653 25.474292516708374
11.647616414 -0.01690984470769763 -0.05685779917985201 25.521787405014038
11.667723708 -0.018777331802994013 -0.0564882131293416 25.593061208724976
11.687617385 -0.020038560964167118 -0.056211610324680805 25.64059042930603
11.707802638 -0.02196466736495495 -0.05575874913483858 25.71189856529236
11.728033703 -0.023240608163177967 -0.055433024652302265 25.75946021080017
11.747631233 -0.02519967593252659 -0.05491142440587282 25.830821752548218
11.767669589 -0.026502839289605618 -0.05453415680676699 25.878419637680054
11.787549547 -0.028450127691030502 -0.053925697691738605 25.94985556602478
11.807772439 -0.02975141815841198 -0.05347994435578585 25.997499227523804
11.827757636 -0.03166051581501961 -0.05277505237609148 26.06900191307068
11.847664684 -0.03291771374642849 -0.05227856058627367 26.116695165634155
11.867632791 -0.034777337685227394 -0.05150702316313982 26.188262701034546
11.887650469 -0.03602314367890358 -0.05097078252583742 26.235984563827515
11.907778694 -0.03786303475499153 -0.050130379386246204 26.307571172714233
11.928039437 -0.03905809298157692 -0.04955362994223833 26.355306386947632
11.94773008 -0.04081832803785801 -0.04865965712815523 26.42691206932068
11.96764139 -0.04195624589920044 -0.04805371630936861 26.47465682029724
11.98756561 -0.043609680607914925 -0.047134009189903736 26.54628348350525
12.007792317 -0.044662436470389366 -0.04654912371188402 26.594035863876343
12.028856866 -0.04617060534656048 -0.04567347560077906 26.665687322616577
12.048720711 -0.047124823555350304 -0.04510184098035097 26.713460683822632
12.068741829 -0.04848829470574856 -0.04425529111176729 26.78513503074646
12.088732264 -0.0493533369153738 -0.043687899596989155 26.832929372787476
12.108845477 -0.0505890641361475 -0.04287500772625208 26.90460753440857
12.129010671 -0.05136984772980213 -0.04232229385524988 26.952409505844116
12.148799228 -0.05249018408358097 -0.04154555592685938 27.024076223373413
12.168743981 -0.05319075472652912 -0.04103702772408724 27.071845769882202
12.188694607 -0.05417144484817982 -0.04028708953410387 27.143489599227905
12.208847512 -0.05477459542453289 -0.039784097112715244 27.191200017929077
12.228818965 -0.05562991835176945 -0.0390190901234746 27.2626531124115
12.248720402 -0.056177230551838875 -0.038505726493895054 27.310109853744507
12.268717149 -0.05695526488125324 -0.03770665917545557 27.38085913658142
12.288787155 -0.05744236893951893 -0.03716637659817934 27.427669286727905
12.308854528 -0.058127542957663536 -0.036300075240433216 27.497127294540405
12.328780337 -0.05855896510183811 -0.03569669742137194 27.542884588241577
12.348734335 -0.059173690155148506 -0.03475909028202295 27.61060118675232
12.368725292 -0.059564268216490746 -0.03404941130429506 27.654966115951538
12.388736636 -0.060103150084614754 -0.03301407862454653 27.720544576644897
12.40882216 -0.060449110344052315 -0.03225468937307596 27.76335120201111
12.428821149 -0.06092826463282108 -0.031124440021812916 27.826375722885132
12.448785203 -0.061222298070788383 -0.03035800624638796 27.867500066757202
12.468719697 -0.0616373922675848 -0.029202126897871494 27.927791357040405
12.488777111 -0.06189335696399212 -0.028443348594009876 27.967143774032593
12.50903496 -0.06224106065928936 -0.027315945364534855 28.024564504623413
12.528866408 -0.0624441672116518 -0.02656127978116274 28.06192183494568
12.548753205 -0.06271056644618511 -0.025430881418287754 28.116586446762085
12.568745676 -0.06285014562308788 -0.02462590578943491 28.15194869041443
12.588690936 -0.06302470155060291 -0.023438596166670322 28.20371413230896
12.608785967 -0.06311840377748013 -0.02264626044780016 28.237260580062866
12.62881852 -0.0632390920072794 -0.021444478072226048 28.286182165145874
12.648748328 -0.06330017186701298 -0.02065266389399767 28.318000555038452
12.66873146 -0.0633664820343256 -0.019441564567387104 28.364423513412476
12.688882487 -0.06339023821055889 -0.018641323782503605 28.394601583480835
12.708769817 -0.0634403508156538 -0.017388836480677128 28.43840003013611
12.728820014 -0.06346534006297588 -0.01654419768601656 28.46680998802185
12.748751489 -0.06348873861134052 -0.015264743007719517 28.508277654647827
12.768720634 -0.06352259404957294 -0.014345330186188221 28.535016775131226
12.78869516 -0.06354258023202419 -0.012966261245310307 28.574134588241577
12.808820701 -0.06354168988764286 -0.012016461230814457 28.59948706626892
12.828861678 -0.06352807022631168 -0.010555366985499859 28.63644766807556
12.848820871 -0.06350087933242321 -0.009589186869561672 28.660484075546265
12.868737218 -0.06345519609749317 -0.008014255203306675 28.696365118026733
12.888749324 -0.06340153329074383 -0.0069250790402293205 28.721051931381226
12.908868961 -0.063350735232234 -0.005237285979092121 28.759441137313843
12.928929237 -0.06342419050633907 -0.004098155535757542 28.78594183921814
12.948755837 -0.06392010860145092 -0.002403068356215954 28.826719045639038
12.968738164 -0.06466135196387768 -0.0012915479019284248 28.8544442653656
12.988687755 -0.06661065854132175 0.00022956356406211853 28.89646887779236
13.008806884 -0.06861463747918606 0.0011266376823186874 28.92462706565857
13.029029913 -0.07293843664228916 0.0021862229332327843 28.96678137779236
13.048719973 -0.07673805765807629 0.002666081301867962 28.994619131088257
13.068709391 -0.0842056106775999 0.0028680963441729546 29.035783529281616
13.088770554 -0.09037644974887371 0.0026218676939606667 29.062646627426147
13.108913279 -0.10151458345353603 0.0016630869358778 29.101951360702515
13.129106312 -0.11049631796777248 0.0004283646121621132 29.12731909751892
13.148756868 -0.12605643086135387 -0.002189300023019314 29.16419005393982
13.168735191 -0.1380279716104269 -0.004590080119669437 29.18789267539978
13.189179734 -0.15828568302094936 -0.009082087315618992 29.222188711166382
13.208843375 -0.17353319190442562 -0.012844354845583439 29.244142293930054
13.228975211 -0.19912323914468288 -0.019749988801777363 29.275686025619507
13.248759219 -0.21788848005235195 -0.025037621147930622 29.295892477035522
13.268731694 -0.24919508956372738 -0.034667850472033024 29.324641942977905
13.288844907 -0.27197672985494137 -0.04198459256440401 29.342960119247437
13.308826782 -0.309081694111228 -0.05436972249299288 29.369209051132202
13.329202438 -0.33609660528600216 -0.06401292700320482 29.385764837265015
13.348750101 -0.37955709360539913 -0.07995801884680986 29.40956473350525
13.368757484 -0.41069301031529903 -0.09191681910306215 29.424670934677124
13.388743805 -0.46068488620221615 -0.11201610881835222 29.446243047714233
13.408846514 -0.4960030224174261 -0.1266668112948537 29.460025548934937
13.428942547 -0.552529951557517 -0.1515451641753316 29.479503393173218
13.448741269 -0.5919408407062292 -0.1692826421931386 29.491966009140015
13.468722256 -0.6543948855251074 -0.19908487517386675 29.50952124595642
13.488744181 -0.6979537215083838 -0.22073207516223192 29.52055335044861
13.508817298 -0.7660652603954077 -0.2560518952086568 29.536113500595093
13.528824867 -0.8135699238628149 -0.281954494304955 29.545745611190796
13.548737905 -0.8873080220073462 -0.3236322673037648 29.559341192245483
13.568729976 -0.938281973823905 -0.353600618429482 29.567813634872437
13.58872483 -1.0174293126910925 -0.40180316288024187 29.57961630821228
13.608823309 -1.071717819198966 -0.4359283121302724 29.586986303329468
13.629160622 -1.1560786571353674 -0.49066579062491655 29.597129583358765
13.648763288 -1.2139066066592932 -0.5292049618437886 29.603423833847046
13.668837592 -1.3029886092990637 -0.5900354357436299 29.612197637557983
13.688774033 -1.3642947282642126 -0.6327574225142598 29.617568731307983
13.708829644 -1.458057126030326 -0.6992847891524434 29.625232458114624
13.729993657 -1.5224352683871984 -0.7455472918227315 29.629958868026733
13.749748089 -1.6211689319461584 -0.8172679515555501 29.636668920516968
13.769889123 -1.6886720266193151 -0.8666281076148152 29.64092230796814
13.789719831 -1.7925158347934484 -0.9426950188353658 29.64691138267517
13.809857257 -1.8632492627948523 -0.994566080160439 29.650710821151733
13.831419402 -1.9723707046359777 -1.0740077467635274 29.656036138534546
13.851241555 -2.046799024567008 -1.1278362246230245 29.659404516220093
13.871297664 -2.160996278747916 -1.2096369238570333 29.664241552352905
13.891240926 -2.2391906585544348 -1.264782783575356 29.667251348495483
13.911385888 -2.3588817920535803 -1.3480558367446065 29.671565771102905
13.931306134 -2.440520128235221 -1.4038114519789815 29.674285650253296
13.951260003 -2.5657418575137854 -1.4875396462157369 29.678149938583374
13.971285552 -2.6508482303470373 -1.5433102818205953 29.68066382408142
13.991218843 -2.7811125125736 -1.626649615354836 29.684272527694702
14.01135155 -2.8695212211459875 -1.6819207640364766 29.68656897544861
14.031318593 -3.004917224869132 -1.7640815945342183 29.68986487388611
14.051247397 -3.0967810954898596 -1.8183300467208028 29.691959142684937
14.071315946 -3.236947378143668 -1.8987776013091207 29.69499182701111
14.091243195 -3.3321157302707434 -1.9516550274565816 29.69691824913025
14.111408334 -3.477005084976554 -2.0298676462844014 29.699683904647827
14.131285348 -3.5751088466495275 -2.0811612578108907 29.701438665390015
14.151312378 -3.7244382705539465 -2.156787154264748 29.703956365585327
14.171276926 -3.825302204117179 -2.2063486548140645 29.705589056015015
14.191235374 -3.9787672366946936 -2.279258486814797 29.707900762557983
14.211479002 -4.082326969131827 -2.3269569845870137 29.70937705039978
14.232390812 -4.239465793594718 -2.397127387113869 29.71151328086853
14.252310666 -4.345306953415275 -2.4429635973647237 29.712905645370483
14.272359424 -4.505618652328849 -2.5103135081008077 29.714973211288452
14.292388027 -4.613492568954825 -2.554240700788796 29.716338872909546
14.31279678 -4.776654800400138 -2.618853566236794 29.718456029891968
14.332325511 -4.886293491348624 -2.661052462644875 29.719920873641968
14.352364894 -5.051954349502921 -2.7231292696669698 29.722171545028687
14.372292062 -5.163160404190421 -2.763758418150246 29.723735570907593
14.392258284 -5.331008991226554 -2.823555705137551 29.726165533065796
14.412541452 -5.443573554977775 -2.86272191721946 29.727855443954468
14.432339766 -5.6133566703647375 -2.9204788180068135 29.730491399765015
14.452275615 -5.727072319015861 -2.9583651991561055 29.73233389854431
14.47230569 -5.898467620834708 -3.0143561335280538 29.73522162437439
14.492289165 -6.013217529281974 -3.051149127073586 29.737220525741577
14.512585465 -6.185997089371085 -3.105629918165505 29.740352392196655
14.532340311 -6.301520427688956 -3.141516205854714 29.742534399032593
14.552308641 -6.4752364959567785 -3.1947896452620625 29.745921850204468
14.572311923 -6.59140451811254 -3.2299480410292745 29.748271703720093
14.592240583 -6.765867790207267 -3.2822926016524434 29.751941442489624
14.61234641 -6.882431587204337 -3.316931483335793 29.754451513290405
14.632335737 -7.057634433731437 -3.3685493441298604 29.758304357528687
14.652309192 -7.174496730789542 -3.4027786226943135 29.760932683944702
14.672308929 -7.350159725174308 -3.45382880885154 29.764961004257202
14.692347235 -7.467390140518546 -3.4877235861495137 29.76768469810486
14.712386656 -7.643403133377433 -3.5384077997878194 29.77182364463806
14.732404094 -7.76096018217504 -3.5720670195296407 29.77459692955017
14.752301824 -7.937239250168204 -3.622534510679543 29.778819799423218
14.772305551 -8.055066665634513 -3.656042334623635 29.781627416610718
14.792263973 -8.231607994064689 -3.7062973948195577 29.785903692245483
14.812809577 -8.349382003769279 -3.739752289839089 29.788795232772827
14.83234218 -8.526156982406974 -3.7898793192580342 29.793182134628296
14.852365568 -8.643902381882071 -3.8233182402327657 29.796153783798218
14.872317236 -8.820748886093497 -3.873423811979592 29.800708532333374
14.892554434 -8.938664993271232 -3.906847951002419 29.80375647544861
14.913468972 -9.115541061386466 -3.957065341062844 29.808353185653687
14.934557308 -9.23359545134008 -3.9905359717085958 29.81140112876892
14.954364904 -9.410482009872794 -4.040896174497902 29.815990209579468
14.974389667 -9.528464874252677 -4.074484107084572 29.819041967391968
14.994455721 -9.705528816208243 -4.124889609403908 29.823577642440796
15.014439274 -9.82337816618383 -4.158595320768654 29.826602697372437
15.034394194 -10.000551780685782 -4.209054228849709 29.83104681968689
15.0543624 -10.118402084335685 -4.242804286070168 29.83400321006775
15.074410265 -10.295319160446525 -4.293402430601418 29.83848547935486
15.094469984 -10.41319235228002 -4.32716488558799 29.841453313827515
15.114459367 -10.58991583250463 -4.377840754576027 29.84587836265564
15.134387033 -10.70783861540258 -4.411601779051125 29.848785161972046
15.154346453 -10.88441046141088 -4.462309596128762 29.853164434432983
15.174414662 -11.002158721908927 -4.496098753996193 29.856075048446655
15.19451153 -11.178836425766349 -4.546757933683693 29.86037802696228
15.214419653 -11.296451171860099 -4.580575701780617 29.863250494003296
15.23442179 -11.473052581772208 -4.631238696165383 29.867469549179077
15.254353287 -11.590753158554435 -4.66499447543174 29.870254278182983
15.274398101 -11.767253478989005 -4.715584513731301 29.874412298202515
15.294518936 -11.885030349716544 -4.74927878100425 29.87712836265564
15.314671191 -12.061606964096427 -4.7997868033126 29.881187200546265
15.334397132 -12.179434379562736 -4.833412406034768 29.88384222984314
15.354400171 -12.35588034056127 -4.883855578489602 29.88780951499939
15.374411556 -12.473551353439689 -4.91744923312217 29.89043402671814
15.394503735 -12.650127967819571 -4.967776057310402 29.89427924156189
15.414404687 -12.767646392807364 -5.001300093717873 29.896796941757202
15.434472743 -12.94410570524633 -5.0515377493575215 29.90047812461853
15.454336235 -13.061726173385978 -5.085007903166115 29.902873754501343
15.47454046 -13.23814638517797 -5.135195490904152 29.90639090538025
15.49449334 -13.3558936920017 -5.168619868345559 29.90866446495056
15.514466856 -13.532320579513907 -5.21874260623008 29.91204047203064
15.535706095 -13.650016387924552 -5.252116915769875 29.91423773765564
15.555720891 -13.826676925644279 -5.30211662966758 29.917449712753296
15.575735347 -13.944510063156486 -5.335418459959328 29.919543981552124
15.595875476 -14.12135942839086 -5.38530754763633 29.922603368759155
15.615759854 -14.239135345444083 -5.418546435423195 29.92460608482361
15.635715859 -14.416019042953849 -5.468336340971291 29.92753577232361
15.655757466 -14.533965667709708 -5.501491782255471 29.92943549156189
15.675821747 -14.710920890793204 -5.551181552000344 29.932201147079468
15.695916139 -14.829039176926017 -5.584266421385109 29.933982610702515
15.715733999 -15.0061040725559 -5.633906123228371 29.93664526939392
15.73569284 -15.124261459335685 -5.666970011778176 29.938392400741577
15.755789669 -15.301669677719474 -5.716523406095803 29.940955877304077
15.77573555 -15.419910034164786 -5.749572989530861 29.942729711532593
15.795979452 -15.597529968246818 -5.799097773618996 29.94530463218689
15.815745421 -15.716022094711661 -5.832094428129494 29.946983098983765
15.835706784 -15.893989166244864 -5.881539103575051 29.9494206905365
15.855825801 -16.012672981247306 -5.914496180601418 29.95101523399353
15.875745862 -16.1907382812351 -5.963889834471047 29.953433752059937
15.895790297 -16.30959471128881 -5.996781107969582 29.954993963241577
15.915823408 -16.487758239731193 -6.046107527799904 29.957298040390015
15.93809863 -16.606643280014396 -6.078970191068947 29.95876669883728
15.958188368 -16.78514059446752 -6.128228900022805 29.96087622642517
15.978297328 -16.90412481687963 -6.161032912321389 29.962222814559937
15.998236515 -17.082851013168693 -6.210195777006447 29.96414542198181
16.018147461 -17.202087005600333 -6.242945429868996 29.965381383895874
16.038082726 -17.381034454330802 -6.292024848051369 29.967204809188843
16.058146706 -17.50048597715795 -6.324713465757668 29.968379735946655
16.078248851 -17.6796241607517 -6.373685595579445 29.970134496688843
16.098176276 -17.799291213974357 -6.406299349851906 29.97125220298767
16.118098278 -17.97864874266088 -6.455142256803811 29.972877264022827
16.138116956 -18.098302444443107 -6.487670180387795 29.973914861679077
16.15812536 -18.277913650497794 -6.536406275816262 29.975410223007202
16.178215644 -18.397590240463614 -6.568858382292092 29.97641348838806
16.198188972 -18.577331146225333 -6.617512461729348 29.977863073349
16.218094532 -18.697227081283927 -6.649934050627053 29.97879385948181
16.238101399 -18.877204498276114 -6.698557135649025 29.980144262313843
16.258110062 -18.997344573959708 -6.73095774371177 29.981014013290405
16.278265512 -19.17760237120092 -6.779544589109719 29.982295751571655
16.298206663 -19.2979102935642 -6.811928507871926 29.98311972618103
16.318139968 -19.478562911972404 -6.86049818713218 29.984355688095093
16.338131246 -19.599027236923575 -6.892886874265969 29.985172033309937
16.358129088 -19.78003462217748 -6.941446063108742 29.98634696006775
16.378247718 -19.90070684812963 -6.9737789602950215 29.987128973007202
16.398142241 -20.08190687559545 -7.0222408743575215 29.98825430870056
16.418074947 -20.202766021713614 -7.054516074247658 29.988990545272827
16.438091417 -20.384130081161857 -7.102867362089455 29.99005103111267
16.458108047 -20.50516470335424 -7.135077712126076 29.99072241783142
16.47924169 -20.686679443344474 -7.183327910490334 29.991618871688843
16.499182895 -20.80777128599584 -7.215479609556496 29.992183446884155
16.519141515 -20.989528259262443 -7.2636864157393575 29.993030309677124
16.539198293 -21.11066206358373 -7.295799490995705 29.993594884872437
16.559142723 -21.29252584837377 -7.343963381834328 29.99443030357361
16.579246518 -21.413800796493888 -7.37606739718467 29.995006322860718
16.599200347 -21.595786651596427 -7.4242393942549825 29.99590277671814
16.619107946 -21.7172218170017 -7.456359622068703 29.996501684188843
16.639275425 -21.89943846128881 -7.504534480161965 29.99743628501892
16.659121762 -22.021026214584708 -7.536648985929787 29.998058080673218
16.679273835 -22.20337446592748 -7.584842440672219 29.99901556968689
16.700367205 -22.3250099029392 -7.616978880949318 29.99966025352478
16.720262534 -22.507567962631583 -7.665194747038186 30.00065588951111
16.740283769 -22.62924917601049 -7.697375533170998 30.001346349716187
16.760279537 -22.81193502806127 -7.745661017484963 30.002368688583374
16.78035991 -22.933778366073966 -7.777869460172951 30.003047704696655
16.800247405 -23.116618713364005 -7.826210734434426 30.00406241416931
16.820234828 -23.238612731918693 -7.858449217863381 30.00472617149353
16.840302924 -23.421605667099357 -7.906854865141213 30.00573706626892
16.860292562 -23.543679794296622 -7.93914866168052 30.006412267684937
16.880684353 -23.726901611313224 -7.987622496671975 30.00744605064392
16.901565081 -23.849095901474357 -8.01995110232383 30.008136510849
16.92149717 -24.03245504759252 -8.068465468473732 30.00921607017517
16.941602521 -24.15466650389135 -8.100817915983498 30.009971380233765
16.961687796 -24.338115295395255 -8.149354216642678 30.011066198349
16.981830522 -24.460445007309318 -8.181719061918557 30.011768102645874
17.001473284 -24.643981536850333 -8.230282065458596 30.012798070907593
17.021544583 -24.766418060287833 -8.262665984220803 30.013450384140015
17.041579578 -24.950042327865958 -8.311259505338967 30.014400243759155
17.061588235 -25.072509368881583 -8.343661543913186 30.015002965927124
17.081632638 -25.256288131698966 -8.392276999540627 30.01590323448181
17.101577172 -25.378804763779044 -8.42471241671592 30.016467809677124
17.12154981 -25.562713226303458 -8.473397490568459 30.017287969589233
17.141589774 -25.685363372787833 -8.50588917452842 30.017810583114624
17.161582199 -25.869424423202872 -8.554661032743752 30.01855444908142
17.182163682 -25.9921298827976 -8.587213751859963 30.019031286239624
17.201500853 -26.176200469955802 -8.636113402433693 30.01970648765564
17.221699945 -26.298976501449943 -8.668740508146584 30.020156621932983
17.241562407 -26.4830966796726 -8.717772719450295 30.020816564559937
17.261540603 -26.605889877304435 -8.750479933805764 30.021220922470093
17.28210784 -26.790141662582755 -8.799572226591408 30.02183508872986
17.301566703 -26.91297491453588 -8.832334754057229 30.022193670272827
17.321538784 -27.097352584823966 -8.88148903567344 30.02272391319275
17.34157482 -27.22032698057592 -8.914274451322854 30.023051977157593
17.361637771 -27.404887756332755 -8.963448760099709 30.02349829673767
17.381619466 -27.528009017929435 -8.996231314726174 30.023826360702515
17.401504376 -27.712760528549552 -9.045423743315041 30.024280309677124
17.421528111 -27.836024841293693 -9.078220603056252 30.024593114852905
17.442688722 -28.020873626694083 -9.127425429411232 30.02505850791931
17.462822653 -28.144147476181388 -9.160229918546975 30.0253484249115
17.482771548 -28.32911833189428 -9.209436652250588 30.025718450546265
17.502678279 -28.45241125486791 -9.242261168546975 30.025962591171265
17.522686931 -28.637425979599357 -9.291514632292092 30.0263249874115
17.542668933 -28.760781845077872 -9.324364897795022 30.026572942733765
17.562788944 -28.945840438827872 -9.373678443022072 30.026981115341187
17.582801267 -29.06926496885717 -9.406566855497658 30.02727484703064
17.602646625 -29.254363616928458 -9.455893752165139 30.0277898311615
17.622653173 -29.377795776352286 -9.48876499850303 30.02812933921814
17.642727466 -29.562997421249747 -9.538052794523537 30.028621435165405
17.662857484 -29.686456283554435 -9.570887801237404 30.02894949913025
17.683820965 -29.871764739975333 -9.620142218656838 30.029487371444702
17.702688737 -29.995238861069083 -9.652930495329201 30.029842138290405
17.722715884 -30.180507263168693 -9.702089545316994 30.03036856651306
17.742686069 -30.30402143858373 -9.734825369901955 30.030723333358765
17.76289241 -30.489307006821036 -9.783886191435158 30.031253576278687
17.782815839 -30.61287268064916 -9.816585776396096 30.03164267539978
17.802636252 -30.798204025253654 -9.865562674589455 30.032222509384155
17.82268851 -30.921794494614005 -9.89819645602256 30.03261923789978
17.842672229 -31.10722883604467 -9.947126624174416 30.033218145370483
17.862804659 -31.230887969955802 -9.979686019010842 30.033611059188843
17.882906128 -31.416463455185294 -10.02850651461631 30.03422522544861
17.902800047 -31.54022749327123 -10.0610172720626 30.03460669517517
17.922676129 -31.725932678207755 -10.10976814944297 30.035171270370483
17.942697726 -31.84978254698217 -10.142271277494729 30.035537481307983
17.96278936 -32.03557928465307 -10.191000220365822 30.036052465438843
17.982766802 -32.1594768371433 -10.223490950651467 30.036357641220093
18.002664562 -32.34537466429174 -10.272187468595803 30.03679633140564
18.02267986 -32.46935614012182 -10.304635283537209 30.037090063095093
18.042685136 -32.655402740463614 -10.353286978788674 30.037532567977905
18.062729676 -32.7794833984226 -10.38568424899131 30.03784155845642
18.082795975 -32.96567495726049 -10.434290167875588 30.0382878780365
18.102713876 -33.08984716795385 -10.466681716032326 30.03857398033142
18.122679734 -33.276191314682364 -10.515255209989846 30.03896689414978
18.142691639 -33.400466522201896 -10.547649619169533 30.039214849472046
18.162787402 -33.58694036863744 -10.596193549223244 30.039565801620483
18.183429418 -33.71128042601049 -10.628564116545022 30.039806127548218
18.202735902 -33.897815307602286 -10.677135703153908 30.04014563560486
18.222790244 -34.0221591796726 -10.709518668241799 30.040382146835327
18.242748041 -34.208667358383536 -10.758095023222268 30.04073691368103
18.275436946 -34.332954009994864 -10.790459868498147 30.040958166122437
18.297144522 -34.51939352415502 -10.839046713896096 30.04134726524353
18.316901167 -34.643657287582755 -10.871451613493264 30.041587591171265
18.336833517 -34.830031951889396 -10.920093772001565 30.041938543319702
18.356817641 -34.9542880859226 -10.952553984709084 30.042163610458374
18.376820522 -35.14062460325658 -11.001299140043557 30.04245352745056
18.39710674 -35.26485784910619 -11.033820387907326 30.042640447616577
18.416837123 -35.45121725462377 -11.082649466581643 30.042896032333374
18.436835022 -35.57543524168432 -11.11526417452842 30.04305624961853
18.456807273 -35.761794647201896 -11.164244887419045 30.043315649032593
18.47678522 -35.8860393371433 -11.196944472379982 30.043464422225952
18.496991524 -36.07240637205541 -11.246046301908791 30.04375433921814
18.516867953 -36.196635803207755 -11.27881455142051 30.043941259384155
18.536818561 -36.382976135239005 -11.32802986819297 30.044204473495483
18.556807044 -36.50721319578588 -11.360882041044533 30.04437232017517
18.576813372 -36.6935458984226 -11.410267111845315 30.044585943222046
18.597340171 -36.81777532957494 -11.443224188871682 30.04473090171814
18.617252323 -37.00412710569799 -11.492711302824318 30.044925451278687
18.637009077 -37.12836798094213 -11.525767561979592 30.045066595077515
18.656807587 -37.3147617187351 -11.575404402799904 30.045284032821655
18.676921207 -37.43903692625463 -11.608530280180275 30.045425176620483
18.697153601 -37.62549169920385 -11.658282515592873 30.04562735557556
18.716880315 -37.74981268309057 -11.691484686918557 30.04576086997986
18.736842106 -37.93633993528783 -11.741368529386818 30.045928716659546
18.756833062 -38.06070669554174 -11.774648902006447 30.046035528182983
18.776806427 -38.24718817137182 -11.82461762148887 30.046180486679077
18.797130199 -38.37150534056127 -11.857955214567482 30.046275854110718
18.817487445 -38.55797918699682 -11.907995459623635 30.046416997909546
18.836829851 -38.6823039855808 -11.941397902555764 30.046512365341187
18.85681265 -38.868808349594474 -11.991533515043557 30.04666495323181
18.876847808 -38.99316748045385 -12.024970290251076 30.04677176475525
18.89714211 -39.1797405090183 -12.075141188688576 30.047061681747437
18.916898901 -39.3041416015476 -12.108606574125588 30.047256231307983
18.936848752 -39.490790924057364 -12.158818480558693 30.04758048057556
18.956924641 -39.61525686644018 -12.192299124784768 30.047805547714233
18.976837964 -39.801990112289786 -12.24253296572715 30.048137426376343
18.997086149 -39.92655905149877 -12.276023146696389 30.04846167564392
19.016885551 -40.11341436766088 -12.326294180937111 30.048927068710327
19.036853735 -40.23803671263158 -12.359826323576272 30.049266576766968
19.056804705 -40.424995025619864 -12.410169837065041 30.049785375595093
19.076819959 -40.549663146957755 -12.44376873690635 30.050124883651733
19.097003513 -40.736709197983146 -12.494208571501076 30.050628423690796
19.116903453 -40.86141928099096 -12.527859923429787 30.05094885826111
19.136959772 -41.048564514145255 -12.57836460787803 30.05136466026306
19.156807264 -41.17336614988744 -12.612056967802346 30.051624059677124
19.176923938 -41.360610565170646 -12.662626502104104 30.052009344100952
19.196895454 -41.48551901243627 -12.696361777372658 30.05229163169861
19.216830977 -41.6729160156101 -12.746970412321389 30.052715063095093
19.236846907 -41.7979045715183 -12.780697104521096 30.053027868270874
19.256790678 -41.98548468016088 -12.8312809439376 30.053546667099
19.276854491 -42.11055715940893 -12.865008589811623 30.05389380455017
19.296965519 -42.29820211790502 -12.91558098513633 30.054431676864624
19.316870361 -42.42330130003393 -12.94929623324424 30.054797887802124
19.336848109 -42.610995849594474 -12.999816176481545 30.055400609970093
19.356806859 -42.73612173460424 -13.033478018827736 30.05580496788025
19.376821693 -42.923808654770255 -13.083943602629006 30.05639624595642
19.396862209 -43.04896887205541 -13.117537734098732 30.056777715682983
19.416856097 -43.236709197983146 -13.167930838651955 30.057323217391968
19.436909109 -43.36188848875463 -13.201504942961037 30.057697057724
19.456807046 -43.549663146957755 -13.251832243986428 30.05827307701111
19.476834165 -43.67483099363744 -13.285387274809182 30.058635473251343
19.496863533 -43.86260946653783 -13.335701224394143 30.059161901474
19.517044425 -43.987781127914786 -13.36925530154258 30.05948233604431
19.536843709 -44.17549856565893 -13.419604537077248 30.05990958213806
19.55681755 -44.30059774778783 -13.453164336271584 30.06016516685486
19.576848435 -44.48817785643041 -13.503497359342873 30.06051993370056
19.596855412 -44.613200744614005 -13.537029501982033 30.06077551841736
19.617098399 -44.80070455931127 -13.587341544218361 30.06114172935486
19.636994488 -44.92569692991674 -13.62086891848594 30.06137442588806
19.656793357 -45.11317785643041 -13.671155211515725 30.061687231063843
19.676900444 -45.238147338852286 -13.704697844572365 30.061877965927124
19.69693109 -45.42565115354955 -13.75502133090049 30.06212592124939
19.717013924 -45.55065496824682 -13.788583991117775 30.06228232383728
19.736867733 -45.73815878294408 -13.838948485441506 30.062530279159546
19.756810415 -45.86320455931127 -13.87253021914512 30.062671422958374
19.776820328 -46.05076559446752 -13.9229557486251 30.062862157821655
19.79680871 -46.1758342590183 -13.956604239530861 30.062965154647827
19.817173397 -46.363391479477286 -14.00712322909385 30.06310248374939
19.836882744 -46.48840673826635 -14.040831801481545 30.06319785118103
19.856803247 -46.67592962644994 -14.09146046359092 30.06338095664978
19.876783699 -46.800918182358146 -14.125251051969826 30.06350302696228
19.898141403 -46.98842962644994 -14.176030394621193 30.06378149986267
19.91808242 -47.11342581175268 -14.209923979826272 30.063968420028687
19.938022386 -47.30091436766088 -14.260823485441506 30.06426215171814
19.957986457 -47.42594869993627 -14.29482960421592 30.064460515975952
19.977946643 -47.613498291000724 -14.345906493254006 30.06475043296814
19.998105977 -47.738574584946036 -14.380016562528908 30.06496024131775
20.018042252 -47.92623861692846 -14.431273696012795 30.065269231796265
20.038026049 -48.051337799057364 -14.465488669462502 30.06544852256775
20.059103399 -48.23911245726049 -14.51690983492881 30.06570792198181
20.079082705 -48.364245971664786 -14.551215407438576 30.065871953964233
20.09937637 -48.552035888656974 -14.602740523405373 30.066108465194702
20.119136543 -48.67723806761205 -14.637113806791604 30.06625723838806
20.139095813 -48.8650546874851 -14.688706633634865 30.066505193710327
20.15910116 -48.99031790159643 -14.723124739713967 30.066665410995483
20.179091334 -49.17817266844213 -14.774797675199807 30.06688666343689
20.19946436 -49.3034091796726 -14.80928158480674 30.06700873374939
20.219643923 -49.49129827879369 -14.861059424467385 30.067168951034546
20.239132639 -49.616530975326896 -14.895608183927834 30.06727957725525
20.259250048 -49.804492553696036 -14.947497603483498 30.06743597984314
20.279097744 -49.92980154417455 -14.982106444425881 30.067527532577515
20.299629049 -50.11775930784643 -15.034040686674416 30.067634344100952
20.320842435 -50.24314077757299 -15.06866001803428 30.06768012046814
20.340885633 -50.43110998533666 -15.120618102140725 30.067729711532593
20.360826291 -50.55642660520971 -15.155254599638283 30.06774115562439
20.380803686 -50.74433477781713 -15.207226035185158 30.067752599716187
20.40093553 -50.86958654783666 -15.241876837797463 30.067744970321655
20.420779268 -51.05742987059057 -15.293862578459084 30.06774878501892
20.440813882 -51.18261679075658 -15.328532454557717 30.067771673202515
20.460899952 -51.370402893051505 -15.380561110563576 30.067825078964233
20.480879838 -51.49557455442846 -15.415259596891701 30.067859411239624
20.501376687 -51.68330725096166 -15.467322585172951 30.067970037460327
20.520857741 -51.8085246887058 -15.502007720060647 30.0680730342865
20.540878941 -51.99630697630346 -15.55405640322715 30.068259954452515
20.562132849 -52.121501525864005 -15.588760611601174 30.068401098251343
20.582388003 -52.30929525755346 -15.64083790499717 30.068614721298218
20.602250334 -52.434463104233146 -15.675570723600686 30.06875205039978
20.622100631 -52.622138580307364 -15.727691886015236 30.068977117538452
20.643211854 -52.747207244858146 -15.762458083219826 30.069141149520874
20.663194975 -52.934733947739005 -15.814637419767678 30.069408178329468
20.683534036 -53.059707244858146 -15.849447485990822 30.06957983970642
20.703247349 -53.24709280394018 -15.901698348112404 30.06985068321228
20.723228806 -53.37197836302221 -15.936549422331154 30.070029973983765
20.74320228 -53.55924185179174 -15.98886322695762 30.070323705673218
20.763175401 -53.68405111692846 -16.023767706938088 30.070525884628296
20.783334602 -53.87123449705541 -16.07620453555137 30.070815801620483
20.803356481 -53.995986541733146 -16.11119293887168 30.07098364830017
20.823197887 -54.18315084837377 -16.16377091128379 30.071204900741577
20.843249797 -54.30791815184057 -16.19885086733848 30.07133460044861
20.863237049 -54.4950481262058 -16.2515108557418 30.071502447128296
20.887351849 -54.61976965330541 -16.28663468081504 30.07158637046814
20.90586878 -54.806804260239005 -16.339344260282815 30.071704626083374
20.926362403 -54.93151815794408 -16.37451004702598 30.071719884872437
20.945843977 -55.118537506088614 -16.427271124906838 30.071731328964233
20.966575518 -55.24320181272924 -16.462454077787697 30.071696996688843
20.985853691 -55.43017538450658 -16.515226599760354 30.071590185165405
21.005834517 -55.554790100082755 -16.55041527468711 30.071494817733765
21.025761544 -55.741706451401114 -16.603246924467385 30.071269750595093
21.045805344 -55.86629446409643 -16.63850044924766 30.071120977401733
21.065956938 -56.05315740965307 -16.69141983706504 30.070899724960327
21.085889605 -56.177768310531974 -16.726722952909768 30.070708990097046
21.105840505 -56.36462362669408 -16.779707190580666 30.07040762901306
21.125866189 -56.48918112181127 -16.815059897489846 30.070186376571655
21.145820582 -56.67594107054174 -16.868105170316994 30.069839239120483
21.165938008 -56.800403198227286 -16.9034826727584 30.06957983970642
21.185898677 -56.98705633543432 -16.956581351347268 30.06915259361267
21.205831518 -57.111457427963614 -16.99199127871543 30.068877935409546
21.22574598 -57.298022827133536 -17.045109030790627 30.06842017173767
21.245798575 -57.42237432859838 -17.08053803164512 30.068130254745483
21.266022219 -57.608867248520255 -17.133711096830666 30.067718267440796
21.286080374 -57.733203491196036 -17.169162985868752 30.067458868026733
21.305892863 -57.919650634750724 -17.222368475981057 30.06713080406189
21.325797538 -58.043933471664786 -17.257864234037697 30.06692099571228
21.345814876 -58.23033865354955 -17.311132666654885 30.066673040390015
21.365972773 -58.35457952879369 -17.346657034941018 30.066535711288452
21.386037814 -58.54097326658666 -17.399984595365822 30.0663640499115
21.405825852 -58.66518362425268 -17.43554520327598 30.06631064414978
21.425760472 -58.851481994614005 -17.488861319608986 30.066241979599
21.445790037 -58.975661834701896 -17.52440094668418 30.06622290611267
21.466026213 -59.161899169906974 -17.577707526274025 30.066241979599
21.485879753 -59.286086639389396 -17.613241431303322 30.06630301475525
21.506045072 -59.47231634519994 -17.666561362333596 30.066421270370483
21.525808763 -59.59646566770971 -17.702116248197854 30.066524267196655
21.545789924 -59.78268392942846 -17.755462882108986 30.06670355796814
21.565975463 -59.90679891966283 -17.79103493411094 30.066829442977905
21.58590202 -60.09301718138158 -17.84443306643516 30.067081212997437
21.605870007 -60.217151245102286 -17.88003754336387 30.06727957725525
21.625751268 -60.40335043333471 -17.933449027128518 30.06761145591736
21.645799276 -60.527515014633536 -17.96904205996543 30.06787085533142
21.665972868 -60.71367987059057 -18.022449729032815 30.06825613975525
21.686343428 -60.83776434324682 -18.05800270754844 30.06852698326111
21.705984676 -61.02382238768041 -18.111337897367775 30.06899619102478
21.725793832 -61.14783056639135 -18.146888968534768 30.069312810897827
21.745811507 -61.33382376097143 -18.200224158354104 30.06979727745056
21.766013265 -61.45778997801244 -18.23579239565879 30.070117712020874
21.785952164 -61.64374884031713 -18.289127585478127 30.070567846298218
21.805836189 -61.76769598387182 -18.324701544828713 30.07084631919861
21.825793264 -61.95357092283666 -18.378086325712502 30.07125449180603
21.845817275 -62.077495178207755 -18.41369652468711 30.071502447128296
21.86599539 -62.26333197019994 -18.467130896635354 30.07182288169861
21.886644365 -62.38720663450658 -18.502769705839455 30.07201361656189
21.905848586 -62.573005279526114 -18.556234595365822 30.072276830673218
21.92584744 -62.6968417968601 -18.591888663358986 30.07243323326111
21.945816447 -62.88254507444799 -18.645345923490822 30.072662115097046
21.965955335 -63.00630911253393 -18.680984732694924 30.072803258895874
21.985873942 -63.19195516966283 -18.734424826689065 30.072967290878296
22.005875524 -63.31570013426244 -18.77005219180137 30.073013067245483
22.025743001 -63.5012851562351 -18.823494193144143 30.07305121421814
22.045865659 -63.625041564926505 -18.859092948026955 30.07305121421814
22.065951154 -63.81064566038549 -18.91250252444297 30.07305121421814
22.086021699 -63.93438681028783 -18.94809937197715 30.07302451133728
22.105859111 -64.12000997923315 -19.001501318998635 30.072952032089233
22.125818822 -64.24373587034643 -19.037111517973244 30.072887182235718
22.145808805 -64.42936666868627 -19.09056305605918 30.072776556015015
22.165858286 -64.55310781858861 -19.12621903140098 30.07268500328064
22.186238968 -64.73871572874486 -19.179737326689065 30.072520971298218
22.205874305 -64.86243399046361 -19.21545433718711 30.07235312461853
22.225788137 -65.04795797728002 -19.269079443998635 30.07205557823181
22.245807193 -65.17165335081518 -19.30488991457969 30.071815252304077
22.26580906 -65.35713919065893 -19.358633277006447 30.07147192955017
22.286027069 -65.48078115843236 -19.39448952395469 30.071239233016968
22.305856972 -65.66622885130346 -19.448318717069924 30.07090735435486
22.325850977 -65.78983267210424 -19.484228369779885 30.070701360702515
22.345853756 -65.97524984739721 -19.53815865237266 30.07042670249939
22.365832077 -66.09883840940893 -19.5741369696334 30.0702702999115
22.386070269 -66.28420217894018 -19.628147360868752 30.07006812095642
22.405844575 -66.40780599974096 -19.66421150881797 30.06997275352478
22.425761403 -66.59318502806127 -19.71834969241172 30.069854497909546
22.445804206 -66.71678121946752 -19.75448250491172 30.069774389266968
22.465852273 -66.90213735960424 -19.808723685331643 30.069656133651733
22.485932436 -67.0256877746433 -19.844927069731057 30.069587469100952
22.505866837 -67.21098287962377 -19.89925789553672 30.06945776939392
22.52580918 -67.33449514769018 -19.935489890165627 30.069385290145874
22.545922501 -67.51979025267065 -19.989835974760354 30.06924033164978
22.565801655 -67.64331777952611 -20.026077506132424 30.069141149520874
22.586011218 -67.82859762571752 -20.080454108305275 30.069000005722046
22.605834381 -67.95217092894018 -20.116689917631447 30.068889379501343
22.625740284 -68.1375041808933 -20.171045538969338 30.068721532821655
22.645817755 -68.26106985472143 -20.207277533598244 30.06860327720642
22.665793251 -68.44649465940893 -20.261654135771096 30.06841254234314
22.686098122 -68.57010610960424 -20.297922370024025 30.068286657333374
22.70585298 -68.75566061399877 -20.3523409338668 30.068050146102905
22.725807801 -68.87931784056127 -20.388628241606057 30.067912817001343
22.745813328 -69.06488760374486 -20.44308113772422 30.067668676376343
22.765809372 -69.18859823606908 -20.4794161291793 30.06750464439392
22.786010376 -69.37416799925268 -20.53396820742637 30.067249059677124
22.805842238 -69.49795492552221 -20.57038521487266 30.0670964717865
22.825755666 -69.68360098265111 -20.625065085478127 30.06687903404236
22.845852958 -69.80738027952611 -20.661577460356057 30.066749334335327
22.865823494 -69.99305685423315 -20.716453787870705 30.06655478477478
22.886161156 -70.11681326292455 -20.75307106692344 30.06643271446228
22.905856436 -70.30250509642065 -20.808181998319924 30.06622290611267
22.925830367 -70.42629202269018 -20.844988104887307 30.066089391708374
22.945839591 -70.61195333860815 -20.90029549319297 30.065898656845093
22.965792764 -70.73570974729955 -20.93726753909141 30.06576132774353
22.985952427 -70.92122610472143 -20.992706534452736 30.06557822227478
23.00611616 -71.04481466673315 -21.029714819975197 30.06544852256775
23.025757876 -71.2300334777683 -21.08523201663047 30.065295934677124
23.045881961 -71.35337789915502 -21.122270819731057 30.06521201133728
23.065795515 -71.53814657591283 -21.177816626615822 30.06515860557556
23.086366716 -71.66111715696752 -21.214813468046486 30.06520438194275
23.105869996 -71.84517630003393 -21.270258185453713 30.065471410751343
23.125792446 -71.96755941770971 -21.30714058596641 30.065742254257202
23.145839047 -72.15055807493627 -21.36231636721641 30.066299200057983
23.165807953 -72.27207907103002 -21.39898514468223 30.066787481307983
23.185960391 -72.45362814329565 -21.453792807646096 30.067725896835327
23.205833714 -72.57408865354955 -21.49017929751426 30.06847357749939
23.225732156 -72.75378378294408 -21.54448723513633 30.069812536239624
23.245808924 -72.87290151976049 -21.58050369936973 30.070850133895874
23.265775781 -73.05031546019018 -21.6342012854293 30.072646856307983
23.286089677 -73.16776998899877 -21.669773337431252 30.073982000350952
23.305884015 -73.3423381652683 -21.72272324282676 30.07619071006775
23.32579169 -73.45768698118627 -21.7577307196334 30.07779288291931
23.345844494 -73.62909658811986 -21.809778449125588 30.080371618270874
23.365852026 -73.74204977415502 -21.84409546572715 30.082217931747437
23.386097964 -73.90976675413549 -21.89506745059043 30.085124731063843
23.405849712 -74.02027090452611 -21.928665396757424 30.087215185165405
23.425767913 -74.18393667601049 -21.9784338446334 30.09044623374939
23.445807026 -74.29177053831518 -22.01122307498008 30.09264349937439
23.4657943 -74.45106466673315 -22.059675452299416 30.09600806236267
23.48592958 -74.55581625364721 -22.091516730375588 30.098270177841187
23.506242517 -74.71072348020971 -22.138565299101174 30.10164999961853
23.525821638 -74.81246908567846 -22.16944527346641 30.103893041610718
23.545859873 -74.96276052854955 -22.215017554350197 30.107249975204468
23.565821618 -75.06108053587377 -22.24477028567344 30.109458684921265
23.586402312 -75.2062526550144 -22.288664099760354 30.112693548202515
23.6058865 -75.30129202269018 -22.317352530546486 30.114803075790405
23.625829261 -75.44118460081518 -22.359499213285744 30.117847204208374
23.64581715 -75.53282888792455 -22.387087103910744 30.119788885116577
23.665800006 -75.66727407835424 -22.427398917265236 30.122501134872437
23.68603054 -75.75510366819799 -22.453676459379494 30.12425971031189
23.706026499 -75.88375814817846 -22.49206566531211 30.12758994102478
23.725813114 -75.96712454222143 -22.516819235868752 30.130229711532593
23.745814144 -76.08940084837377 -22.552980658598244 30.134586095809937
23.765780947 -76.16892202757299 -22.576277014799416 30.137798070907593
23.786137962 -76.28563650511205 -22.609934088774025 30.143378973007202
23.805862496 -76.36161764524877 -22.6312658758834 30.14775824546814
23.825805882 -76.47315176390111 -22.661331412382424 30.15548300743103
23.847276118 -76.54625662229955 -22.680092093534768 30.161323308944702
23.867330413 -76.65384634397924 -22.70566773135215 30.17112708091736
23.88740965 -76.72472341917455 -22.721105811186135 30.17815375328064
23.907283264 -76.83003958128393 -22.741750952787697 30.1891667842865
23.927258193 -76.89965017698705 -22.75342392642051 30.196841955184937
23.947239791 -77.00373037718236 -22.768318411894143 30.208438634872437
23.967310899 -77.07294424436986 -22.776220557279885 30.21618628501892
23.98742136 -77.17681845091283 -22.78492569644004 30.227618932724
24.007318203 -77.24618490599096 -22.78887200076133 30.235015630722046
24.027234188 -77.35075338743627 -22.791071173734963 30.245723485946655
24.047240061 -77.4207073058933 -22.79090523440391 30.252452611923218
24.06727548 -77.52647360228002 -22.786916968412697 30.261848211288452
24.088193819 -77.59749563597143 -22.78217911440879 30.267581701278687
24.107294789 -77.7048869933933 -22.771942374296486 30.275340795516968
24.127356578 -77.77733572386205 -22.762577292509377 30.27987265586853
24.147251828 -77.88696249388158 -22.745573279447854 30.285701513290405
24.167532142 -77.96086080931127 -22.731971976347268 30.288909673690796
24.188674449 -78.07302053831518 -22.708151099272072 30.292720556259155
24.208510834 -78.14850576780736 -22.69027924258262 30.294620275497437
24.228448421 -78.26344259642065 -22.659651038236916 30.29643225669861
24.248532177 -78.34095724485815 -22.637092825956643 30.297027349472046
24.268599331 -78.45858724974096 -22.60006355959922 30.297034978866577
24.288645144 -78.53827627561986 -22.57280182559043 30.29641318321228
24.308517757 -78.6587444152683 -22.529379126615822 30.294742345809937
24.328475487 -78.7403102722019 -22.49797844607383 30.29306387901306
24.348486144 -78.86393698118627 -22.448002097196877 30.28982901573181
24.368619 -78.94742544554174 -22.412538764066994 30.287200689315796
24.388646167 -79.07431753538549 -22.356134650297463 30.282603979110718
24.408551664 -79.15976675413549 -22.316684958525002 30.279189825057983
24.428505943 -79.28987844847143 -22.254062888212502 30.273502111434937
24.448490255 -79.37757070921361 -22.21044945437461 30.269397497177124
24.46873472 -79.51052053831518 -22.14229225832969 30.262832403182983
24.488574088 -79.60041006468236 -22.094722983427346 30.25819754600525
24.50860283 -79.73644979856908 -22.02094673831016 30.25094199180603
24.528484132 -79.82813986204565 -21.969978568144143 30.245940923690796
24.548502259 -79.96708639524877 -21.890955206938088 30.238223791122437
24.568644404 -80.06045492552221 -21.83680557925254 30.232986211776733
24.588571956 -80.20179708860815 -21.753256079740822 30.22503638267517
24.608519413 -80.29669149778783 -21.69621491152793 30.219733953475952
24.628458117 -80.44045980833471 -21.608259436674416 30.21176505088806
24.648497618 -80.53696401976049 -21.548334357328713 30.206477880477905
24.668647534 -80.68265493772924 -21.456594702787697 30.198615789413452
24.6890731 -80.78063162229955 -21.394079443998635 30.193439245224
24.708845877 -80.92832907103002 -21.2987463446334 30.18580985069275
24.728488439 -81.0273967590183 -21.234091040678322 30.180827856063843
24.748492297 -81.17684896849096 -21.13557266909629 30.17356848716736
24.781616655 -81.27690084837377 -21.06900238711387 30.168853521347046
24.812720918 -81.42787130735815 -20.967668768949807 30.161994695663452
24.841660936 -81.52890737913549 -20.899294135160744 30.15759253501892
24.8614573 -81.68099935911596 -20.795576331205666 30.151187658309937
24.88152003 -81.78269155882299 -20.725757834501565 30.147063970565796
24.901582067 -81.93563803099096 -20.620081183500588 30.14110541343689
24.921624132 -82.03795584104955 -20.549036261625588 30.137305974960327
24.94155722 -82.19169577024877 -20.44167732913047 30.131831884384155
24.961547376 -82.29441793821752 -20.36961388308555 30.128337621688843
24.981542977 -82.44882162474096 -20.26085114199668 30.123302221298218
25.001668277 -82.55187185667455 -20.1879065008834 30.1200749874115
25.021699917 -82.7067409362644 -20.07794022280723 30.115501165390015
25.041920044 -82.81007345579565 -20.004276511259377 30.112624883651733
25.061480905 -82.96518667601049 -19.893287894316018 30.108531713485718
25.081508606 -83.06872518919408 -19.819086310453713 30.10599112510681
25.101588362 -83.22403677366674 -19.70736908633262 30.102367162704468
25.121748807 -83.32761343382299 -19.63268875796348 30.100101232528687
25.141593077 -83.48289450071752 -19.520347830839455 30.09692358970642
25.161521596 -83.58637197874486 -19.44534516055137 30.094947576522827
25.181519781 -83.74150045774877 -19.332723853178322 30.092193365097046
25.201513977 -83.84484060667455 -19.257475134916604 30.090461492538452
25.221693596 -83.99976309202611 -19.14471459109336 30.088123083114624
25.241570839 -84.1029582824558 -19.069462058134377 30.086692571640015
25.261490821 -84.25759085081518 -18.956476447172463 30.08470129966736
25.281564367 -84.36060293577611 -18.881277319975197 30.083503484725952
25.30153673 -84.51496084593236 -18.768301245756447 30.081817388534546
25.321673919 -84.61776693724096 -18.69299149233848 30.080791234970093
25.341594022 -84.77178915403783 -18.580068823881447 30.07936453819275
25.361556933 -84.8743434753269 -18.504688498564065 30.078468084335327
25.381531586 -85.02798422239721 -18.391823050566018 30.07730460166931
25.401589246 -85.13027914427221 -18.316362616606057 30.076553106307983
25.421847094 -85.28341635130346 -18.203481909818947 30.075557470321655
25.441578069 -85.38533743284643 -18.1282198401168 30.074939489364624
25.461530718 -85.53797872923315 -18.0153048010543 30.074077367782593
25.481517448 -85.63955648802221 -17.9402315588668 30.073570013046265
25.501560806 -85.79169424436986 -17.827495810575783 30.07286047935486
25.521658405 -85.89295156858861 -17.752388236112893 30.07244086265564
25.54165453 -86.04460104368627 -17.63982987124473 30.071876287460327
25.561531554 -86.14556845091283 -17.56471085269004 30.071510076522827
25.581639156 -86.29679067991674 -17.45237183291465 30.071025609970093
25.601554879 -86.39745291136205 -17.377470252104104 30.070708990097046
25.621645826 -86.54825552366674 -17.265093085356057 30.07025122642517
25.641582692 -86.6486354675144 -17.190391776151955 30.069926977157593
25.661503748 -86.79906423948705 -17.077993628568947 30.069434881210327
25.681534282 -86.89920004270971 -17.00330185610801 30.06914496421814
25.701528026 -87.04926260374486 -16.89113259036094 30.068729162216187
25.721664337 -87.14920004270971 -16.81640648562461 30.068458318710327
25.741667996 -87.29898031614721 -16.704395529814065 30.068057775497437
25.761497535 -87.39874990843236 -16.62962364871055 30.06778311729431
25.781510849 -87.54828604124486 -16.517725226469338 30.06737494468689
25.801500825 -87.64791067503393 -16.443090674467385 30.0670964717865
25.821739568 -87.79724081419408 -16.33107399661094 30.06665015220642
25.842680059 -87.89670523069799 -16.256553885526955 30.066306829452515
25.862610994 -88.04579885862768 -16.14457916934043 30.065772771835327
25.882712481 -88.14512594603002 -16.069921729154885 30.06539511680603
25.90283724 -88.29401358030736 -15.957909819670022 30.06480383872986
25.922753103 -88.39321859739721 -15.88309979159385 30.064395666122437
25.942660452 -88.54189260862768 -15.770881888456643 30.063735723495483
25.962637098 -88.64095266722143 -15.69594216067344 30.063281774520874
25.982654207 -88.78941305540502 -15.583725211210549 30.062515020370483
26.002749783 -88.88833578489721 -15.508817908354104 30.061992406845093
26.022746551 -89.03664358519018 -15.396311041899025 30.06118369102478
26.042705046 -89.13546713255346 -15.321351286955178 30.06060004234314
26.062612996 -89.2836452331394 -15.20871185977012 30.059741735458374
26.082727831 -89.3823772277683 -15.133589026518166 30.05916953086853
26.102719561 -89.53040274046361 -15.020850417204201 30.058318853378296
26.123400349 -89.62904318235815 -14.945547339506447 30.057761907577515
26.142664144 -89.77691610716283 -14.832716223783791 30.056960821151733
26.162705892 -89.87545736692846 -14.757406470365822 30.05645728111267
26.182653562 -90.02321585081518 -14.644309279508889 30.055763006210327
26.202707272 -90.12168844603002 -14.568871733732522 30.055347204208374
26.222941721 -90.2693401183933 -14.455651518888772 30.054778814315796
26.243214764 -90.3677287902683 -14.380324599333107 30.05446219444275
26.262606047 -90.51527365110815 -14.267148253507912 30.05400061607361
26.282622535 -90.61358602903783 -14.191713568754494 30.05371069908142
26.302733584 -90.7610393371433 -14.078539130277932 30.053294897079468
26.322892434 -90.8593288268894 -14.00295662600547 30.05303168296814
26.342688539 -91.00674398802221 -13.88974213320762 30.05266547203064
26.362655148 -91.10500296019018 -13.814178702421486 30.052444219589233
26.382650658 -91.25237997435033 -13.700694319792092 30.052127599716187
26.402765063 -91.35063131712377 -13.62504315096885 30.05191397666931
26.422766549 -91.49800833128393 -13.511349913664162 30.05162024497986
26.44267441 -91.59627493284643 -13.435472724027932 30.051448583602905
26.462709971 -91.74366720579565 -13.321458098478615 30.051204442977905
26.482631615 -91.84191854856908 -13.245424506254494 30.051067113876343
26.502672728 -91.98930319212377 -13.131346938200295 30.050872564315796
26.522778553 -92.08756216429174 -13.055165526457131 30.0507390499115
26.542680392 -92.23490866087377 -12.940952536650002 30.050498723983765
26.562658276 -92.33312948606908 -12.864737746305764 30.05035376548767
26.582673171 -92.48047598265111 -12.750278708525002 30.05014395713806
26.602641075 -92.57874258421361 -12.67401718813926 30.049976110458374
26.623480631 -92.72617300413549 -12.559439894743264 30.049720525741577
26.642722858 -92.82450827024877 -12.483016249723732 30.049487829208374
26.662761804 -92.97208364866674 -12.368275878019631 30.049094915390015
26.682675885 -93.0704875793308 -12.291638609953225 30.048839330673218
26.70264721 -93.21820791624486 -12.176706549711525 30.04840064048767
26.722759257 -93.31668814085424 -12.09986996371299 30.048125982284546
26.742717737 -93.46442373655736 -11.98467564303428 30.047630071640015
26.76265998 -93.56292684935033 -11.907791373319924 30.04728674888611
26.782627348 -93.71070059202611 -11.792333838529885 30.046756505966187
26.802654797 -93.80921133421361 -11.715373274870217 30.04635977745056
26.822715209 -93.95699270628393 -11.599728819914162 30.045779943466187
26.842656418 -94.05551870726049 -11.522587058134377 30.04542899131775
26.862640362 -94.20334585569799 -11.406801459379494 30.044902563095093
26.882631654 -94.30192526243627 -11.32948708254844 30.044566869735718
26.902684291 -94.44982107542455 -11.21356510836631 30.04404044151306
26.922768813 -94.54843862913549 -11.136183020658791 30.043716192245483
26.942669836 -94.69638784788549 -11.01995396334678 30.043262243270874
26.962677226 -94.79506643675268 -10.942462203092873 30.04295325279236
26.982651887 -94.9430690612644 -10.825961348600686 30.042545080184937
27.002638503 -95.04176290892065 -10.748295065946877 30.042251348495483
27.022813928 -95.18980368040502 -10.631605383940041 30.041816473007202
27.042997857 -95.28852041624486 -10.55375408846885 30.041492223739624
27.062597481 -95.43662222288549 -10.436873671598732 30.04101538658142
27.082684036 -95.53536947630346 -10.358826872892678 30.04071021080017
27.102642486 -95.68353231810033 -10.24173187930137 30.040202856063843
27.123475956 -95.78231771849096 -10.163598296232522 30.039874792099
27.142669494 -95.93050344847143 -10.046271559782326 30.039397954940796
27.162736503 -96.02933462522924 -9.968066451139748 30.039043188095093
27.182634498 -96.17758901976049 -9.850622412748635 30.038551092147827
27.202670867 -96.27645071409643 -9.77229714114219 30.03822684288025
27.222724594 -96.42479666136205 -9.65474056918174 30.037742376327515
27.242659117 -96.52371939085424 -9.576266524381936 30.037452459335327
27.262594323 -96.67213400267065 -9.458540198393166 30.03704810142517
27.2826456 -96.77108724974096 -9.379966971464455 30.03679633140564
27.304163045 -96.91957815550268 -9.262129065580666 30.036414861679077
27.324118924 -97.01857717894018 -9.183497664518654 30.03616690635681
27.344084017 -97.16708334349096 -9.065445181913674 30.03575873374939
27.364044696 -97.26612814329565 -8.986725089140236 30.03546118736267
27.384034658 -97.41468771360815 -8.868495223112404 30.03508734703064
27.404115848 -97.51374014280736 -8.789636847563088 30.034854650497437
27.424122353 -97.66236074827611 -8.671268698759377 30.034507513046265
27.444070913 -97.76145132444799 -8.592262503691018 30.034278631210327
27.46398598 -97.91015585325658 -8.473794219084084 30.03390860557556
27.484008978 -98.00929983519018 -8.394773718900979 30.033694982528687
27.504176124 -98.15805776976049 -8.276171919889748 30.03341269493103
27.524126405 -98.25723989866674 -8.19707512576133 30.03322958946228
27.544129682 -98.40600546263158 -8.078408476896584 30.032989263534546
27.564042532 -98.50524099729955 -7.999325034208596 30.032798528671265
27.584037148 -98.65409048460424 -7.880592581816018 30.032535314559937
27.604136202 -98.7533489074558 -7.801429030485451 30.032363653182983
27.624713203 -98.90226705931127 -7.682649848051369 30.03210425376892
27.64409741 -99.00154837034643 -7.603390452452004 30.03194785118103
27.664058935 -99.15057333372533 -7.484486338682473 30.031684637069702
27.684107843 -99.24994619749486 -7.405165431089699 30.031516790390015
27.704176269 -99.39904745481908 -7.286087271757424 30.031272649765015
27.724100419 -99.49856527708471 -7.206654307432473 30.031085729599
27.74425941 -99.64787252806127 -7.087390181608498 30.030826330184937
27.76402895 -99.74745138548315 -7.00781845767051 30.03065848350525
27.784034803 -99.89683493040502 -6.888353583402932 30.030418157577515
27.804081237 -99.99645956419408 -6.808665511198342 30.03025794029236
27.824109086 -100.14591940306127 -6.689058062620461 30.030036687850952
27.844032154 -100.24557455442846 -6.609242198057473 30.02990698814392
27.864051873 -100.39516409300268 -6.489440199919045 30.029693365097046
27.88409934 -100.4949260558933 -6.409507510252297 30.029571294784546
27.904082628 -100.64461477659643 -6.289513346739113 30.02940344810486
27.924282117 -100.74451406858861 -6.209446188993752 30.029266119003296
27.944087639 -100.8943630065769 -6.089247462339699 30.029102087020874
27.96406809 -100.99430044554174 -6.009074446745217 30.028980016708374
27.9840144 -101.14423330686986 -5.8887240858748555 30.02873206138611
28.004078174 -101.24418600462377 -5.808428523130715 30.028568029403687
28.024255107 -101.39418753050268 -5.687910315580666 30.028274297714233
28.044080967 -101.49415548704565 -5.6075069876387715 30.028156042099
28.063993709 -101.6441188659519 -5.486899611540139 30.027950048446655
28.084034653 -101.7440944518894 -5.406459090299904 30.027839422225952
28.104063722 -101.89403494261205 -5.285765883512795 30.027717351913452
28.124176456 -101.99404104612768 -5.205306765623391 30.027618169784546
28.144064701 -102.14403494261205 -5.084564444608986 30.027496099472046
28.164035423 -102.24406393431127 -5.004059550352395 30.027419805526733
28.184062643 -102.39413412474096 -4.883277175016701 30.027347326278687
28.204079923 -102.49418600462377 -4.8027207823470235 30.02732825279236
28.22431498 -102.64439352415502 -4.681856867857277 30.027290105819702
28.244571602 -102.7445598449558 -4.601257083006203 30.027320623397827
28.263979795 -102.89486654661596 -4.4803097220137715 30.027374029159546
28.284049484 -102.99518545530736 -4.399608847685158 30.027419805526733
28.304036971 -103.14559896849096 -4.2785203428938985 30.027564764022827
28.324618912 -103.24596365354955 -4.1977708311751485 30.02764868736267
28.345776603 -103.39650686644018 -4.076606032438576 30.02781653404236
28.365763386 -103.4969020690769 -3.995804068632424 30.027923345565796
28.385759876 -103.6475368347019 -3.8745803805068135 30.028072118759155
28.405943558 -103.74795492552221 -3.7937414618209004 30.02818274497986
28.425830436 -103.89865835569799 -3.672424075193703 30.028297185897827
28.445783964 -103.99913748167455 -3.591517207212746 30.028388738632202
28.465744348 -104.14984854124486 -3.4701168509200215 30.028541326522827
28.485791709 -104.25038870237768 -3.3891119929030538 30.028606176376343
28.505928962 -104.40119131468236 -3.2675526114180684 30.028709173202515
28.526038135 -104.50173147581518 -3.1864676447585225 30.02877402305603
28.545807684 -104.65257986448705 -3.064769265241921 30.028857946395874
28.565796651 -104.75314291380346 -2.9836127730086446 30.028926610946655
28.585775059 -104.9039836730808 -2.8618826838210225 30.0290105342865
28.605843328 -105.00452383421361 -2.78073048312217 30.029075384140015
28.625938444 -105.15533407591283 -2.6590087385848165 30.029121160507202
28.64580539 -105.25586660765111 -2.577877995558083 30.029121160507202
28.665724054 -105.40663107298315 -2.456224915571511 30.029144048690796
28.685803225 -105.50716360472143 -2.3751535387709737 30.029102087020874
28.705851769 -105.65794332884252 -2.253560778684914 30.02904486656189
28.725866926 -105.75845297239721 -2.1725211115553975 30.02898383140564
28.745810863 -105.90921743772924 -2.050961491651833 30.028857946395874
28.765769748 -106.00971182249486 -1.9699215861037374 30.028789281845093
28.785827463 -106.16048391722143 -1.8483740063384175 30.028560400009155
28.805867968 -106.26100881956518 -1.7673618765547872 30.02840781211853
28.826050257 -106.41182669065893 -1.6458599539473653 30.02818274497986
28.845792295 -106.51235922239721 -1.5648940773680806 30.02806067466736
28.865712726 -106.66313131712377 -1.4435079069808125 30.027881383895874
28.885793642 -106.76366384886205 -1.3626412125304341 30.027724981307983
28.905862316 -106.91444357298315 -1.2413597078993917 30.027507543563843
28.925825386 -107.01497610472143 -1.160524127073586 30.027347326278687
28.945815009 -107.16580160520971 -1.0393121214583516 30.027034521102905
28.965765124 -107.26634176634252 -0.9585162969306111 30.02683997154236
28.985758517 -107.41719778440893 -0.8373283119872212 30.026439428329468
29.005864836 -107.5177760925144 -0.7565516205504537 30.026180028915405
29.025894406 -107.66864736936986 -0.6354112597182393 30.02580237388611
29.045764512 -107.76929434202611 -0.5546401115134358 30.025527715682983
29.065754188 -107.92026480101049 -0.43346929270774126 30.025161504745483
29.085789932 -108.02094229124486 -0.3526698024943471 30.024944067001343
29.105865483 -108.17194326780736 -0.23149324674159288 30.024688482284546
29.12583294 -108.27261312864721 -0.150720220990479 30.024524450302124
29.145807605 -108.42362173460424 -0.02956333477050066 30.024287939071655
29.165754258 -108.52428396604955 0.051198082976043224 30.024158239364624
29.185793224 -108.67533071897924 0.1723953215405345 30.023936986923218
29.205900119 -108.77603109739721 0.25319309812039137 30.02380347251892
29.225847127 -108.9270778503269 0.37436971347779036 30.023616552352905
29.246846887 -109.02783163450658 0.45520183723419905 30.023486852645874
29.266809942 -109.17897756956518 0.5764484433457255 30.023326635360718
29.286854293 -109.27976950071752 0.6572966603562236 30.023189306259155
29.306954905 -109.43102987669408 0.7785992054268718 30.02294135093689
29.327207271 -109.53186758421361 0.8594651846215129 30.02280020713806
29.346841175 -109.68325765989721 0.980837288312614 30.022529363632202
29.366884693 -109.78414114378393 1.0617113141342998 30.022414922714233
29.386790611 -109.93553884886205 1.183034780435264 30.022098302841187
29.407116339 -110.03648336790502 1.2639094619080424 30.021880865097046
29.42685605 -110.18790396116674 1.3851987151429057 30.021560430526733
29.446817978 -110.28888662718236 1.4660788802430034 30.02128577232361
29.466758261 -110.4403835143894 1.587384226731956 30.020911931991577
29.486796356 -110.54141958616674 1.6682690409943461 30.02064871788025
29.506998302 -110.69301565550268 1.7895864276215434 30.02025580406189
29.526857579 -110.79408224485815 1.870446446351707 30.020023107528687
29.546820063 -110.94580801390111 1.9917627600952983 30.019668340682983
29.5680654 -111.0469508972019 2.0726244477555156 30.019458532333374
29.588048971 -111.1986842956394 2.1938915280625224 30.019180059432983
29.608235612 -111.29990347288549 2.2747752694413066 30.01897406578064
29.628103412 -111.45169027708471 2.3960330514237285 30.01877188682556
29.648094204 -111.55287893675268 2.4768760232254863 30.018638372421265
29.668006987 -111.7046657409519 2.598096373490989 30.01849341392517
29.688072559 -111.80586965940893 2.678894284181297 30.018409490585327
29.708292377 -111.95772512815893 2.8000600365921855 30.01829504966736
29.728094234 -112.05895956419408 2.880803587846458 30.018260717391968
29.748267404 -112.21094473265111 3.0019381074234843 30.01827597618103
29.768098269 -112.3123088683933 3.0826852349564433 30.018298864364624
29.788051303 -112.46440084837377 3.203773739747703 30.018352270126343
29.808155489 -112.56587942503393 3.2845315961167216 30.01837134361267
29.828123293 -112.71811636351049 3.4056201009079814 30.018443822860718
29.848170169 -112.81966360472143 3.4863302735611796 30.01846671104431
29.868082768 -112.97206076048315 3.6073834924027324 30.01852011680603
29.888085883 -113.07367666624486 3.6880514649674296 30.018584966659546
29.909421633 -113.22611959837377 3.809000018052757 30.018680334091187
29.929270316 -113.32773550413549 3.8895757226273417 30.01877188682556
29.949944186 -113.48022421263158 4.010400774888694 30.018871068954468
29.969280742 -113.58190115354955 4.090919259004295 30.018951177597046
29.989357996 -113.7344280090183 4.211639645509422 30.019099950790405
30.009381271 -113.83618124388158 4.292094471864402 30.01916480064392
30.029285578 -113.9888225402683 4.412721398286521 30.019298315048218
30.04928004 -114.09063681028783 4.4931237725541 30.019416570663452
30.069204552 -114.24342306517065 4.613699200563133 30.019580602645874
30.089459651 -114.34528311155736 4.694046261720359 30.01967978477478
30.110546379 -114.4982219543308 4.814576390199363 30.01970648765564
30.130505124 -114.60019644163549 4.894901993684471 30.019729375839233
30.150481948 -114.75318106077611 5.01534581463784 30.019813299179077
30.170488685 -114.85516317747533 5.095602276735008 30.01987051963806
30.190581654 -115.00811727903783 5.2159278420731425 30.01991629600525
30.210543467 -115.11009939573705 5.296106102876365 30.019878149032593
30.230512296 -115.26306875608861 5.4163062600418925 30.019851446151733
30.250517339 -115.36507376097143 5.496410611085594 30.019786596298218
30.270431996 -115.51808889769018 5.616527798585594 30.019675970077515
30.29058822 -115.62008627317846 5.696560147218406 30.01963782310486
30.310550968 -115.77317007444799 5.816592934541404 30.019542455673218
30.330546296 -115.87522848509252 5.896576168946922 30.01949667930603
30.35050823 -116.02828176878393 6.016479256562889 30.01944327354431
30.370479928 -116.13037069700658 6.096389534883201 30.019389867782593
30.390627645 -116.2835002746433 6.216180088929832 30.019397497177124
30.410544564 -116.38563497923315 6.296002152375877 30.019431829452515
30.430544706 -116.53880270384252 6.415636780671775 30.019534826278687
30.450505942 -116.64093740843236 6.49533677380532 30.01962637901306
30.470409808 -116.79416616819799 6.614807846955955 30.019778966903687
30.490643344 -116.89630087278783 6.694389107637107 30.019912481307983
30.510534725 -117.04955252073705 6.813732388429344 30.020087957382202
30.530593005 -117.15171011351049 6.8932654885575175 30.020210027694702
30.550501199 -117.30492361448705 7.012511017732322 30.020461797714233
30.570471368 -117.40707357786596 7.09203505795449 30.020591497421265
30.590566111 -117.56027182005346 7.21127391140908 30.020854711532593
30.610505447 -117.66241415403783 7.290769341401756 30.021037817001343
30.630493271 -117.8156276550144 7.410053971223533 30.02132773399353
30.650503942 -117.91776235960424 7.489554646424949 30.02150321006775
30.670425649 -118.07102926634252 7.608904126100242 30.021766424179077
30.690609 -118.1731716003269 7.688387635163963 30.021987676620483
30.710558734 -118.3263698425144 7.8076822785660625 30.022300481796265
30.730473117 -118.42850454710424 7.887198212556541 30.022517919540405
30.750495247 -118.58169515989721 8.006449940614402 30.022823095321655
30.770460743 -118.68384512327611 8.086006882600486 30.023006200790405
30.790569562 -118.83706625364721 8.205293419770896 30.023326635360718
30.81052038 -118.93920858763158 8.284838440828025 30.02354407310486
30.830500757 -119.0924602355808 8.404193642549217 30.02384924888611
30.850519747 -119.19462545774877 8.483728173188865 30.024055242538452
30.870452229 -119.34794577024877 8.603149178437889 30.024287939071655
30.890687916 -119.45017202757299 8.6827571419999 30.024429082870483
30.910825229 -119.60352285765111 8.80214476864785 30.024627447128296
30.930493392 -119.70581777952611 8.881838562898338 30.024715185165405
30.95051947 -119.85922201536596 9.001221421174705 30.024898290634155
30.970553459 -119.96150930784643 9.080886605195701 30.024986028671265
30.99064538 -120.1149211730808 9.20029807370156 30.025115728378296
31.010935864 -120.2172160949558 9.27990126889199 30.02519965171814
31.031065667 -120.3706813659519 9.399306061677635 30.025336980819702
31.050506545 -120.47298391722143 9.478844407014549 30.02545142173767
31.070461045 -120.62648733519018 9.598191979341209 30.025554418563843
31.090630636 -120.7288356628269 9.67770743649453 30.025623083114624
31.110595663 -120.88238485716283 9.796896698884666 30.02572989463806
31.130666866 -120.98480184935033 9.876334908418357 30.025764226913452
31.150551995 -121.13841970823705 9.995369675569236 30.025893926620483
31.170563401 -121.24085195921361 10.074678185395896 30.025977849960327
31.190603349 -121.39456137083471 10.193567994050682 30.026084661483765
31.210569987 -121.49704702757299 10.27274966519326 30.02617621421814
31.230509773 -121.6508098449558 10.391429665498435 30.026286840438843
31.250504503 -121.75331838987768 10.47045588772744 30.02638602256775
31.270458445 -121.90716513060033 10.588930848054588 30.02645468711853
31.290641955 -122.00975759886205 10.66784072201699 30.026469945907593
31.310543381 -122.16367300413549 10.786085846833885 30.026450872421265
31.330497623 -122.26632650755346 10.86488890927285 30.026382207870483
31.350508461 -122.42028005979955 10.98294139187783 30.02629065513611
31.37050175 -122.5229030456394 11.061563256196678 30.026206731796265
31.390648055 -122.67674215696752 11.179362061433494 30.02610754966736
31.410552582 -122.77921255491674 11.257753136567771 30.02609610557556
31.43048999 -122.93276174925268 11.37521434109658 30.026077032089233
31.450502934 -123.03498037718236 11.453360321931541 30.02612280845642
31.470446232 -123.18799551390111 11.57028270047158 30.02629828453064
31.49062957 -123.28974111936986 11.647987130098045 30.026485204696655
31.51056292 -123.44189413450658 11.764128449372947 30.026897192001343
31.530544703 -123.54293020628393 11.841267350129783 30.027229070663452
31.55050359 -123.69388540647924 11.956416848115623 30.02798819541931
31.570645788 -123.79405935667455 12.032792809419334 30.028606176376343
31.590596239 -123.9435344543308 12.146696808747947 30.029700994491577
31.610562274 -124.04266317747533 12.22214103024453 30.030582189559937
31.630806547 -124.19032247923315 12.334542038850486 30.032020330429077
31.650498979 -124.28805502317846 12.408889534883201 30.03309988975525
31.670440058 -124.43357809446752 12.519465210847557 30.034908056259155
31.690639025 -124.52969320677221 12.592473748140037 30.036182165145874
31.710572609 -124.67263754270971 12.700913193635643 30.038280248641968
31.730489436 -124.76699789427221 12.772422554902732 30.039756536483765
31.750610281 -124.90714987181127 12.878500702790916 30.04210638999939
31.770479935 -124.99953421019018 12.948351624421775 30.04372000694275
31.790476943 -125.13647421263158 13.051788094453514 30.046199560165405
31.810598104 -125.22672994993627 13.119873764924705 30.047908544540405
31.830535813 -125.3601833190769 13.220444443635643 30.050445318222046
31.850520739 -125.44798239134252 13.2865169076249 30.05214285850525
31.870447794 -125.57788809202611 13.384129288606346 30.054698705673218
31.890490119 -125.66307791136205 13.44806647580117 30.05631995201111
31.910715067 -125.78902395628393 13.542433503083885 30.058738470077515
31.930490336 -125.87161215208471 13.604219201020896 30.060298681259155
31.950513547 -125.99338491819799 13.695139649324119 30.062507390975952
31.970464861 -126.07326467894018 13.75466990750283 30.063953161239624
31.990437604 -126.19071157835424 13.842026474885643 30.065940618515015
32.010671041 -126.26770742796361 13.899184945039451 30.067527532577515
32.030513938 -126.38027914427221 13.982571366243064 30.070918798446655
32.050530104 -126.45358236692846 14.036722901277244 30.07389807701111
32.070498284 -126.56101950071752 14.115748169831932 30.07933783531189
32.090472709 -126.63072164915502 14.16662287991494 30.083682775497437
32.110573714 -126.73306997679174 14.240467789582908 30.091285467147827
32.130552916 -126.79978903196752 14.287823441438377 30.09697699546814
32.15050198 -126.89782675169408 14.35589003842324 30.106326818466187
32.170474329 -126.96215780638158 14.399427178315818 30.11291480064392
32.190483736 -127.05688436888158 14.461270096711814 30.12322211265564
32.211375401 -127.11927755735815 14.500411751680076 30.130195379257202
32.230530175 -127.21188314817846 14.555927994661033 30.140647649765015
32.251599782 -127.27300985716283 14.590368035249412 30.14752173423767
32.271419773 -127.36422689817846 14.639208558015525 30.157546758651733
32.291599475 -127.42474325560033 14.669080498628318 30.163890600204468
32.311646039 -127.51527365110815 14.710535767488182 30.172923803329468
32.33150477 -127.57553060911596 14.735630753450096 30.178546667099
32.351514362 -127.6659465637058 14.769337418489158 30.186347723007202
32.371472073 -127.72622640989721 14.789431336335838 30.191169500350952
32.391581374 -127.81695516966283 14.8150813607499 30.19763159751892
32.411564839 -127.8776164855808 14.82956004422158 30.20153021812439
32.431498678 -127.96890982054174 14.847288849763572 30.20677924156189
32.451573301 -128.0302272643894 14.855946305207908 30.20976233482361
32.471483393 -128.12257345579565 14.865043404512107 30.213733434677124
32.491602364 -128.18456991575658 14.868185761384666 30.215999364852905
32.511644273 -128.2782741393894 14.868408921174705 30.218841314315796
32.531517164 -128.34107931517065 14.865856888704002 30.22045874595642
32.551560327 -128.4361110534519 14.85750079434365 30.222366094589233
32.571500718 -128.49986227415502 14.849190476350486 30.223411321640015
32.591564405 -128.59669454954565 14.831674340181053 30.22445273399353
32.611621199 -128.66180380247533 14.817087891511619 30.22487235069275
32.631503208 -128.76029928587377 14.790904763154685 30.22503638267517
32.651599569 -128.82682760618627 14.770113709382713 30.22475028038025
32.671414487 -128.9273219909519 14.734953644685447 30.223792791366577
32.691507948 -128.99497946165502 14.708571198396385 30.222713232040405
32.712638609 -129.09750326536596 14.664646866731346 30.220409154891968
32.732607265 -129.1663356628269 14.632812264375389 30.21849799156189
32.752617108 -129.27087362669408 14.580370667390525 30.21490454673767
32.772571133 -129.34115560911596 14.542789223603904 30.212112188339233
32.793094029 -129.44743307493627 14.482543709687889 30.207359075546265
32.812634477 -129.51884420774877 14.439894440583885 30.203834295272827
32.832619935 -129.62681539915502 14.372251274995506 30.19804358482361
32.85261428 -129.69958456419408 14.324428322724998 30.1938054561615
32.872540881 -129.80941732786596 14.249342682771385 30.18707251548767
32.892731548 -129.8832546081394 14.196873429231346 30.182327032089233
32.912666356 -129.99487265013158 14.114666703157127 30.174869298934937
32.932596643 -130.06971701048315 14.057769539766014 30.16973853111267
32.95262871 -130.18296774290502 13.968789818696678 30.161739110946655
32.972543077 -130.2589412536472 13.90741706173867 30.156326055526733
32.992764413 -130.37358053587377 13.812363388948143 30.1481511592865
33.012639743 -130.4505916442722 13.746842148713768 30.142661809921265
33.032604274 -130.5666042175144 13.645899537019432 30.13442587852478
33.052641973 -130.6443630065769 13.576748612336814 30.128921270370483
33.072589447 -130.7614284362644 13.470593216829002 30.120742559432983
33.092688132 -130.83982809446752 13.398172142915428 30.11537528038025
33.113161916 -130.95793112181127 13.287202599458396 30.107486486434937
33.132589545 -131.0368953552097 13.211778405122459 30.102336645126343
33.152697946 -131.1559139098972 13.096422913484275 30.094856023788452
33.172577498 -131.23545797728002 13.018183472566307 30.090022802352905
33.192861947 -131.3550563659519 12.898904564790428 30.083080053329468
33.212640951 -131.4350124206394 12.818162682466209 30.07867407798767
33.232589623 -131.5550838317722 12.695366623811424 30.072337865829468
33.252615165 -131.63523825071752 12.612422707490623 30.068313360214233
33.272573234 -131.75561483763158 12.486530068330467 30.062610387802124
33.293804031 -131.8358913268894 12.401646378450096 30.059024572372437
33.313742607 -131.95651205442846 12.273057701997459 30.054065465927124
33.333743013 -132.0368953552097 12.186451676301658 30.050933599472046
33.353738262 -132.15753134153783 12.055627587251365 30.04663062095642
33.373730595 -132.23796041868627 11.967736962251365 30.043987035751343
33.393883351 -132.35856588743627 11.83494448941201 30.040385961532593
33.413759331 -132.43897970579565 11.745988610200584 30.038249731063843
33.433790277 -132.55949362181127 11.61167788784951 30.035335302352905
33.453745147 -132.6398006286472 11.521691086702049 30.033591985702515
33.473681497 -132.7601619567722 11.38612914364785 30.031314611434937
33.493840394 -132.84031637571752 11.295264962129295 30.02996802330017
33.513748708 -132.9604793395847 11.15868830960244 30.02832007408142
33.533799876 -133.04049642942846 11.067292931489646 30.02740454673767
33.553756476 -133.1603542175144 10.929714920930564 30.02627921104431
33.573715523 -133.24020346067846 10.837903740815818 30.025752782821655
33.593790812 -133.35974081419408 10.69943595211953 30.025066137313843
33.613767022 -133.43930014036596 10.607176545076072 30.024818181991577
33.633802861 -133.55845602415502 10.46836734097451 30.024604558944702
33.653742341 -133.63775595091283 10.375745537690818 30.024608373641968
33.673650013 -133.75651510618627 10.236727478913963 30.02480673789978
33.694159591 -133.83555563353002 10.14380336087197 30.02500891685486
33.713748595 -133.95396383665502 10.004625084809959 30.025508642196655
33.733803105 -134.03276022337377 9.911707642488182 30.02592444419861
33.753817123 -134.1507869567722 9.772142174653709 30.02660346031189
33.773809169 -134.22933920286596 9.679287674836814 30.027175664901733
33.793836118 -134.3469539489597 9.539702179841697 30.028091192245483
33.813748576 -134.42523153685033 9.446646454744041 30.0287663936615
33.833750797 -134.54246481321752 9.307044747285545 30.02987265586853
33.853751843 -134.62049826048315 9.213775399141014 30.030647039413452
33.873681447 -134.73736532591283 9.073916199617088 30.031875371932983
33.893814924 -134.81516989134252 8.980499031953514 30.032718420028687
33.913756637 -134.93173178099096 8.840693238191307 30.03407645225525
33.933741862 -135.00933798216283 8.747401955537498 30.034991979599
33.953758309 -135.1255641784519 8.60733104031533 30.036380529403687
33.973712392 -135.20294149778783 8.514158966951072 30.037360906600952
33.993794971 -135.31883200071752 8.374134781770408 30.038829565048218
34.013769842 -135.39599569700658 8.280808213166893 30.039836645126343
34.033741647 -135.51161154173315 8.14084983151406 30.041343450546265
34.053743205 -135.5885768737644 8.047362091951072 30.04232382774353
34.073771569 -135.70391806028783 7.907492878846824 30.043834447860718
34.093858612 -135.78073080442846 7.8141896752640605 30.04483389854431
34.114033061 -135.89584310911596 7.674144986085594 30.04631781578064
34.133735967 -135.97250326536596 7.580744507722557 30.04730200767517
34.153734692 -136.08737142942846 7.440578701905906 30.048774480819702
34.173732257 -136.1638942565769 7.347410920076072 30.04977011680603
34.193847298 -136.27857931517065 7.207414868287742 30.051170110702515
34.213780463 -136.35498007200658 7.114145043306053 30.052085638046265
34.233769855 -136.4695125427097 6.9743387727066875 30.053428411483765
34.253729098 -136.5458064880222 6.880963566713035 30.054282903671265
34.273749081 -136.6602321472019 6.7412903336808085 30.055564641952515
34.293858186 -136.73646505735815 6.6480872659012675 30.056384801864624
34.313768144 -136.85076864622533 6.508144143037498 30.057563543319702
34.333757736 -136.9269557800144 6.415076973848045 30.058311223983765
34.353733689 -137.04119833372533 6.2751624612137675 30.059364080429077
34.373722311 -137.11735494993627 6.181875946931541 30.060035467147827
34.3937932 -137.23153646849096 6.041673901490867 30.06094717979431
34.41376596 -137.3076930847019 5.948258641175926 30.061527013778687
34.433743407 -137.42192037962377 5.80819773953408 30.062358617782593
34.453720785 -137.49804647825658 5.7146365670487285 30.06288504600525
34.473672317 -137.61224325560033 5.574684384278953 30.0636785030365
34.493812946 -137.68835409544408 5.481287243776023 30.0641667842865
34.513782153 -137.80247457884252 5.341033223085105 30.06484580039978
34.533725972 -137.87852438353002 5.247751000337303 30.065288305282593
34.553744955 -137.9925838317722 5.107533219270408 30.065871953964233
34.57373051 -138.06861837767065 5.01404547970742 30.066230535507202
34.59379887 -138.1826473083347 4.873756649903953 30.066749334335327
34.613824534 -138.25866659544408 4.780009034089744 30.06707739830017
34.633735988 -138.37274130247533 4.639574292115867 30.067519903182983
34.653766811 -138.4487605895847 4.545537712983787 30.067790746688843
34.673658071 -138.56272848509252 4.404708626680076 30.068153142929077
34.693888143 -138.63871725462377 4.310700657777488 30.068382024765015
34.713800075 -138.75266989134252 4.169476750306785 30.068702459335327
34.733793964 -138.82861288450658 4.075444939546287 30.06889319419861
34.753757454 -138.9425350036472 3.934057000093162 30.069160223007202
34.773801171 -139.01847799681127 3.8397398022934794 30.069331884384155
34.793826475 -139.13238485716283 3.698184016160667 30.069556951522827
34.813964682 -139.20829733274877 3.6035831002518535 30.06968665122986
34.833719825 -139.32220419310033 3.461867335252464 30.069896459579468
34.853755541 -139.3981014098972 3.36723995488137 30.07006049156189
34.87366801 -139.51190145872533 3.225072386674583 30.070316076278687
34.893854757 -139.5877986755222 3.130425217561424 30.07052969932556
34.913844955 -139.70162924192846 2.987865927629173 30.070808172225952
34.933720999 -139.77748068235815 2.8930003670975566 30.071033239364624
34.953746551 -139.89121969603002 2.750375750474632 30.071353673934937
34.973729236 -139.96705587767065 2.6552701024338603 30.07157874107361
34.993712285 -140.08079489134252 2.512529614381492 30.07194495201111
35.013913454 -140.15660055540502 2.41714549344033 30.072181463241577
35.033721089 -140.27030905149877 2.2742283372208476 30.072566747665405
35.053729774 -140.34612997435033 2.1788227586075664 30.072856664657593
35.073676531 -140.45985372923315 2.0355105428025126 30.07326102256775
35.09378713 -140.53565939329565 1.9400692014023662 30.073501348495483
35.113852153 -140.6493678893894 1.79657984059304 30.07382559776306
35.13372958 -140.72515829466283 1.7008399991318583 30.074016332626343
35.15376753 -140.8387752380222 1.5570960072800517 30.074199438095093
35.173741326 -140.91451986692846 1.4610415725037456 30.074290990829468
35.193834573 -141.02809103392065 1.3168840436264873 30.07437491416931
35.213807763 -141.10377462767065 1.220566394738853 30.074397802352905
35.233739485 -141.21725424192846 1.0762199191376567 30.074432134628296
35.253747286 -141.29290731810033 0.979863646440208 30.07445502281189
35.273757623 -141.40635641478002 0.835118773393333 30.074477910995483
35.293822992 -141.48197897337377 0.7386913327500224 30.07448172569275
35.313939611 -141.59544332884252 0.5937307504937053 30.07446265220642
35.333739633 -141.67111166380346 0.49700537603348494 30.07443594932556
35.353754133 -141.78465231321752 0.3518030373379588 30.074409246444702
35.373712213 -141.86035116575658 0.2547904131934047 30.07437491416931
35.393819515 -141.9740291442722 0.10935672651976347 30.07432532310486
35.413961395 -142.04985006712377 0.012242125114426017 30.074283361434937
35.43373261 -142.16361959837377 -0.13366658706218004 30.074187994003296
35.453760406 -142.23947103880346 -0.23106372077018023 30.074119329452515
35.473669447 -142.35328634642065 -0.3773435624316335 30.07399344444275
35.493791063 -142.4291530456394 -0.4748147400096059 30.07387137413025
35.513793951 -142.54293783567846 -0.6213163109496236 30.073638677597046
35.533747463 -142.61881979368627 -0.7190434308722615 30.073467016220093
35.553773921 -142.73260458372533 -0.8657467337325215 30.073196172714233
35.573715237 -142.80845602415502 -0.9637414189055562 30.07299780845642
35.593757215 -142.92224081419408 -1.110693451948464 30.072704076766968
35.613814428 -142.99810751341283 -1.2088028164580464 30.072505712509155
35.633754975 -143.1118923034519 -1.3561814995482564 30.072181463241577
35.65376149 -143.18774374388158 -1.454426166601479 30.07192587852478
35.673652224 -143.30157431028783 -1.6020730705931783 30.07151770591736
35.693702841 -143.37745626829565 -1.7006046744063497 30.071216344833374
35.71381568 -143.49127157591283 -1.8486630888655782 30.070750951766968
35.733733593 -143.56713827513158 -1.947429177351296 30.07041907310486
35.753821326 -143.68092306517065 -2.095651146955788 30.069942235946655
35.773765359 -143.75677450560033 -2.1946299048140645 30.06962561607361
35.793779479 -143.87048300169408 -2.343037602491677 30.06915259361267
35.814619829 -143.94630392454565 -2.4420828791335225 30.068835973739624
35.833751355 -144.05999716185033 -2.590827223844826 30.068362951278687
35.8538088 -144.13575704954565 -2.6899540396407247 30.06805396080017
35.873649099 -144.24938925169408 -2.838871714659035 30.06761145591736
35.893714244 -144.32513388060033 -2.93820643145591 30.06732153892517
35.913777405 -144.43870504759252 -3.0872790785506368 30.066905736923218
35.933784773 -144.51440390013158 -3.186806675978005 30.066638708114624
35.953757186 -144.62789877317846 -3.336040494032204 30.066295385360718
35.973757528 -144.70358236692846 -3.435769555158913 30.066070318222046
35.993693936 -144.81695516966283 -3.5852975817397237 30.06582999229431
36.013815183 -144.89251669310033 -3.6850731344893575 30.06570029258728
36.033756572 -145.00579794310033 -3.8348698588088155 30.065547704696655
36.053765556 -145.08126791380346 -3.934691664762795 30.065479040145874
36.073660428 -145.19447286985815 -4.084623095579445 30.06540274620056
36.093726497 -145.26994284056127 -4.184604403562844 30.065406560897827
36.113807709 -145.38314779661596 -4.334652182646096 30.065479040145874
36.133731706 -145.45861776731908 -4.434817549772561 30.065540075302124
36.15376191 -145.5718532409519 -4.585024592466652 30.065688848495483
36.173736321 -145.6473689880222 -4.685273882932961 30.065799474716187
36.19367617 -145.76068075560033 -4.835817095823586 30.065997838974
36.213877939 -145.83622702024877 -4.9361765356734395 30.066165685653687
36.234945025 -145.94959982298315 -5.08699965197593 30.06639075279236
36.254938479 -146.02516134642065 -5.187457320280373 30.06658148765564
36.274892902 -146.13854940794408 -5.338291403837502 30.06686758995056
36.295067806 -146.2141414489597 -5.438842532224953 30.06706976890564
36.31677524 -146.3275905456394 -5.589660403318703 30.06736731529236
36.336066289 -146.4032283630222 -5.690300700254738 30.067554235458374
36.356085525 -146.5166774597019 -5.841211554594338 30.067813634872437
36.376034722 -146.59233053587377 -5.941902396269143 30.06798529624939
36.397058276 -146.7058406677097 -6.093077895231545 30.06823706626892
36.416082652 -146.78147848509252 -6.193867919035256 30.068439245224
36.436128891 -146.89498861692846 -6.345237013883889 30.068732976913452
36.456036043 -146.97064169310033 -6.446223017759621 30.068938970565796
36.476011711 -147.08410604856908 -6.597808596678078 30.069228887557983
36.49670266 -147.15975912474096 -6.698983428068459 30.069411993026733
36.517548997 -147.27325399778783 -6.85078549105674 30.06967520713806
36.53752091 -147.34892233274877 -6.952086684294045 30.06982398033142
36.557543616 -147.46234091185033 -7.10404705721885 30.069953680038452
36.577568811 -147.53797872923315 -7.205443141050637 30.070029973983765
36.597619132 -147.65142782591283 -7.357663390226662 30.070106267929077
36.617557775 -147.72706564329565 -7.459167239256203 30.070152044296265
36.637561883 -147.84054525755346 -7.6115844221785665 30.070201635360718
36.657513043 -147.91624411009252 -7.713253733702004 30.07022452354431
36.67749346 -148.02984579466283 -7.865855452604592 30.070232152938843
36.697718978 -148.10560568235815 -7.967689272947609 30.07021689414978
36.717536547 -148.21932943724096 -8.120505568571389 30.070159673690796
36.737586545 -148.29515036009252 -8.22247624117881 30.070106267929077
36.75751212 -148.40891989134252 -8.375571486540139 30.069961309432983
36.777570811 -148.4847713317722 -8.477712866850197 30.06985068321228
36.797649735 -148.5985866393894 -8.631025549955666 30.069671392440796
36.8175547 -148.67443807981908 -8.73323464114219 30.069560766220093
36.837569845 -148.78825338743627 -8.88665318209678 30.069404363632202
36.857543886 -148.8641658630222 -8.988954779691994 30.069312810897827
36.877469766 -148.97804220579565 -9.14244866091758 30.069209814071655
36.897709881 -149.05396994017065 -9.244847533293068 30.069164037704468
36.91755921 -149.1679225768894 -9.398495909757912 30.069122076034546
36.937577845 -149.24395712278783 -9.50098252017051 30.069099187850952
36.957539912 -149.35804708860815 -9.654802558012307 30.06912589073181
36.977640463 -149.43414266966283 -9.757378813810647 30.069160223007202
36.997606534 -149.54832418821752 -9.911350485868752 30.069209814071655
37.017577068 -149.6244655456394 -10.014051673002541 30.069251775741577
37.037577814 -149.7386775817722 -10.168195960111916 30.069305181503296
37.057531388 -149.81481893919408 -10.27098869998008 30.06938147544861
37.077486623 -149.92904623411596 -10.425205466337502 30.06949210166931
37.097621194 -150.0052028503269 -10.52807163912803 30.0695378780365
37.117635778 -150.11947592161596 -10.682390448637307 30.06957221031189
37.137555685 -150.19569357298315 -10.785303351469338 30.069583654403687
37.157521249 -150.31005819700658 -10.939721343107522 30.069621801376343
37.177527915 -150.3863063659519 -11.04266667086631 30.069637060165405
37.197636072 -150.50070150755346 -11.197174307890236 30.069652318954468
37.217601143 -150.57702597044408 -11.300215003080666 30.069659948349
37.237586793 -150.69152792356908 -11.454851386137307 30.069656133651733
37.257556533 -150.76786764524877 -11.55799984652549 30.069621801376343
37.277475831 -150.88244589231908 -11.712765929289162 30.069568395614624
37.297616914 -150.95884664915502 -11.815999266691506 30.069522619247437
37.317560547 -151.07347067259252 -11.970795867033303 30.069446325302124
37.33754013 -151.14988668821752 -12.074013945646584 30.069400548934937
37.357538245 -151.26457174681127 -12.228857276029885 30.069324254989624
37.377541293 -151.34103353880346 -12.332068678922951 30.069289922714233
37.397741151 -151.4557185973972 -12.48694443423301 30.06924796104431
37.417614427 -151.5321803893894 -12.590214011259377 30.069225072860718
37.437594814 -151.64691122435033 -12.745106932707131 30.069175481796265
37.457564808 -151.72340353392065 -12.848392722196877 30.069122076034546
37.477616174 -151.83814962767065 -13.003239867277443 30.06901526451111
37.497626722 -151.91468771360815 -13.106470343656838 30.068950414657593
37.51761698 -152.02952536009252 -13.261326071806252 30.068855047225952
37.537631798 -152.1061092223972 -13.364539382047951 30.068763494491577
37.557573197 -152.22103842161596 -13.519421813078225 30.06860327720642
37.577545695 -152.2976833190769 -13.622642752714455 30.068462133407593
37.597726809 -152.41265829466283 -13.777517554350197 30.068244695663452
37.617791106 -152.4893337097019 -13.880781409330666 30.06809973716736
37.637578655 -152.60441549681127 -14.035680052824318 30.067874670028687
37.657563497 -152.68115194700658 -14.13897251803428 30.06774115562439
37.677473905 -152.79632528685033 -14.293968436308205 30.067527532577515
37.697611535 -152.87315328978002 -14.397324797697365 30.06740164756775
37.717580139 -152.98846395872533 -14.552394148893654 30.06722617149353
37.737585612 -153.0653835143894 -14.65579151827842 30.067119359970093
37.757650166 -153.1808162536472 -14.810936209745705 30.06698966026306
37.777540357 -153.25779684446752 -14.914390799589455 30.066898107528687
37.797575219 -153.37335165403783 -15.069632765837014 30.066749334335327
37.817583788 -153.45040853880346 -15.17315983492881 30.06665015220642
37.837593519 -153.56602438353002 -15.328456160612404 30.066486120224
37.857564949 -153.64312704466283 -15.432000395841897 30.066413640975952
37.877491439 -153.75883444212377 -15.587330100126565 30.066299200057983
37.89755372 -153.8359676208347 -15.69091057498008 30.06622290611267
37.917572368 -153.9516902770847 -15.846307990141213 30.066112279891968
37.937577047 -154.0288844909519 -15.949918982572854 30.066020727157593
37.957572588 -154.1446834411472 -16.105356452055275 30.065913915634155
37.977540113 -154.22190817259252 -16.208988425321877 30.065833806991577
37.997598393 -154.3378444518894 -16.364443060941994 30.065723180770874
38.017882768 -154.41517599485815 -16.46809029299766 30.065650701522827
38.037548138 -154.53121908567846 -16.62360787112266 30.065562963485718
38.057667774 -154.60861166380346 -16.727304694242775 30.06552481651306
38.077487329 -154.72473104856908 -16.882883307524025 30.065479040145874
38.097608808 -154.8021541442722 -16.986614462919533 30.065479040145874
38.117641476 -154.91830404661596 -17.142215964384377 30.06552481651306
38.137562306 -154.99574240110815 -17.24595665652305 30.065559148788452
38.157578201 -155.11190756224096 -17.401573416776955 30.065620183944702
38.177532678 -155.18934591673315 -17.50532364565879 30.065669775009155
38.197902649 -155.30551107786596 -17.660984274931252 30.065749883651733
38.217565826 -155.38294943235815 -17.764772650785744 30.065803289413452
38.237567355 -155.49906881712377 -17.920526740141213 30.06595206260681
38.257580849 -155.57647665403783 -18.024368521757424 30.06603980064392
38.277481211 -155.69259603880346 -18.18014168459922 30.066203832626343
38.297661305 -155.77000387571752 -18.28402924258262 30.066375494003296
38.317602824 -155.88612326048315 -18.43985199648887 30.066653966903687
38.337542848 -155.96354635618627 -18.54372811038047 30.066848516464233
38.357561839 -156.0796657409519 -18.69949555117637 30.067195653915405
38.377513412 -156.15707357786596 -18.80329727847129 30.06744360923767
38.397568066 -156.27320822142065 -18.958973166532815 30.06785559654236
38.417584393 -156.3506160583347 -19.062740561552346 30.068130254745483
38.437562517 -156.46676596067846 -19.218399283476174 30.068633794784546
38.45760419 -156.54420431517065 -19.322168585844338 30.06895422935486
38.477502593 -156.66039999388158 -19.477808234281838 30.069438695907593
38.497655566 -156.73788412474096 -19.581598517484963 30.069801092147827
38.51765085 -156.85409506224096 -19.737285849638283 30.07033896446228
38.53754897 -156.93157919310033 -19.841085669584572 30.070693731307983
38.557706699 -157.04783590696752 -19.996795889921486 30.071189641952515
38.577490352 -157.12535055540502 -20.100595709867775 30.071513891220093
38.597622616 -157.24162252806127 -20.25637459475547 30.072028875350952
38.617602436 -157.3191676940769 -20.360199210233986 30.072345495224
38.637557232 -157.43547018431127 -20.515934226103127 30.072829961776733
38.657572372 -157.5130153503269 -20.619745490141213 30.07311987876892
38.677477603 -157.62933309935033 -20.7754309149459 30.07353949546814
38.697601969 -157.70687826536596 -20.879232642240822 30.073821783065796
38.71759755 -157.82321127317846 -21.034919974394143 30.074229955673218
38.737553435 -157.90075643919408 -21.138715979643166 30.074504613876343
38.757548536 -158.0171199645847 -21.294407126493752 30.074958562850952
38.777517234 -158.09469564817846 -21.398189780302346 30.075252294540405
38.797630813 -158.21110494993627 -21.55385994631797 30.075706243515015
38.817600644 -158.2887264098972 -21.65762543398887 30.075999975204468
38.837542886 -158.40516622923315 -21.813247916288674 30.07645010948181
38.85758456 -158.4828182067722 -21.91704582888633 30.076751470565796
38.877446432 -158.59930380247533 -22.072687384672463 30.077163457870483
38.897667043 -158.6769557800144 -22.176475760526955 30.077483892440796
38.917610391 -158.79344137571752 -22.33213257510215 30.07796835899353
38.937536365 -158.87110861204565 -22.43591141421348 30.078296422958374
38.957565967 -158.9876247253269 -22.591575858183205 30.07878088951111
38.977520933 -159.06530722044408 -22.69533180911094 30.07908606529236
38.99768065 -159.18176229856908 -22.851049658842385 30.079540014266968
39.017918316 -159.25938375853002 -22.954872366972268 30.07981848716736
39.03754221 -159.37579306028783 -23.110611197538674 30.08019995689392
39.057718417 -159.45333822630346 -23.214527365751565 30.08046317100525
39.07749582 -159.56967123411596 -23.3704073401168 30.08081030845642
39.097704717 -159.64721640013158 -23.47437882144004 30.081008672714233
39.117577664 -159.76354940794408 -23.63038468081504 30.081268072128296
39.137536903 -159.84110983274877 -23.734377142973244 30.08142066001892
39.15758344 -159.95741232298315 -23.890371558256447 30.081580877304077
39.177554176 -160.0349422302097 -23.994333502836525 30.081668615341187
39.197602624 -160.15113790892065 -24.150339362211525 30.081733465194702
39.217604061 -160.22857626341283 -24.254324194975197 30.081748723983765
39.237539407 -160.34474142454565 -24.410261389799416 30.0817449092865
39.257561739 -160.42217977903783 -24.514244315214455 30.0817449092865
39.277547553 -160.53834494017065 -24.67017960269004 30.08171820640564
39.297698604 -160.61581381224096 -24.774143454618752 30.081695318222046
39.317598904 -160.73202474974096 -24.930061575956643 30.081660985946655
39.337508885 -160.8095241393894 -25.033970114775002 30.081626653671265
39.357565127 -160.92576559446752 -25.189850089140236 30.081641912460327
39.377531274 -161.00328024290502 -25.29373383242637 30.081653356552124
39.397720679 -161.1195827331394 -25.449499365873635 30.081668615341187
39.41758844 -161.19712789915502 -25.553308722563088 30.081676244735718
39.437551211 -161.31344564817846 -25.708973166532815 30.08169150352478
39.457553521 -161.39099081419408 -25.81277107913047 30.08171820640564
39.477468021 -161.50736959837377 -25.968427893705666 30.08176016807556
39.497652296 -161.58496054075658 -26.07221817690879 30.081809759140015
39.517891769 -161.70141561888158 -26.227928397245705 30.081924200057983
39.537541749 -161.77906759642065 -26.3317053290084 30.08199667930603
39.557559007 -161.89562948606908 -26.487449881620705 30.082134008407593
39.577531287 -161.97337301634252 -26.59127449709922 30.082229375839233
39.597790928 -162.0900417175144 -26.746992346830666 30.08236289024353
39.617598426 -162.1678768005222 -26.85085701663047 30.082446813583374
39.637563154 -162.28466757200658 -27.006601569242775 30.082561254501343
39.657596072 -162.3625789489597 -27.110437628813088 30.08267569541931
39.677491111 -162.4794460143894 -27.266107794828713 30.082835912704468
39.697680501 -162.55738790892065 -27.369863745756447 30.082950353622437
39.717607949 -162.67433126829565 -27.525459525175393 30.083152532577515
39.737544512 -162.75231893919408 -27.629133460111916 30.083289861679077
39.757664761 -162.86938436888158 -27.784672019071877 30.083579778671265
39.777520045 -162.94744833372533 -27.888336417265236 30.083781957626343
39.797641959 -163.06462057493627 -28.04378151614219 30.084110021591187
39.817610099 -163.14276083372533 -28.14744782168418 30.084354162216187
39.837542915 -163.25999411009252 -28.302885291166604 30.08471655845642
39.857597183 -163.3381648864597 -28.40650772769004 30.084956884384155
39.877465512 -163.4554744567722 -28.56192230898887 30.085342168807983
39.897672949 -163.53370626829565 -28.665487525053322 30.085601568222046
39.917794255 -163.65104635618627 -28.820863959379494 30.086021184921265
39.937568939 -163.72929342649877 -28.924366232939065 30.086272954940796
39.957571288 -163.84664877317846 -29.07956909853965 30.086623907089233
39.977547274 -163.92489584349096 -29.183006522245705 30.086841344833374
39.997634572 -164.0422664489597 -29.338112113066018 30.08714270591736
40.017604163 -164.1205135192722 -29.441559073515236 30.087371587753296
40.037596737 -164.2378688659519 -29.59667801577598 30.08769965171814
40.057589826 -164.31610067747533 -29.700102088041604 30.087962865829468
40.077477371 -164.43347128294408 -29.855266806669533 30.088393926620483
40.097639074 -164.51173361204565 -29.95867752749473 30.08868384361267
40.11758538 -164.62913473509252 -30.113847968168557 30.08916449546814
40.137585781 -164.70741232298315 -30.217294928617775 30.08946967124939
40.157563107 -164.8248592223972 -30.372453925199807 30.089919805526733
40.177542839 -164.90313681028783 -30.47595810610801 30.090198278427124
40.197559194 -165.0205837097019 -30.63107514102012 30.09057593345642
40.21759871 -165.09881552122533 -30.734533545561135 30.090808629989624
40.237572919 -165.21615560911596 -30.88964867312461 30.091129064559937
40.257608445 -165.29435690306127 -30.993063208647072 30.091384649276733
40.277472181 -165.4116512145847 -31.148210761137307 30.09176993370056
40.297596258 -165.48985250853002 -31.251594779081643 30.091995000839233
40.317622464 -165.60707052610815 -31.40677094180137 30.092361211776733
40.337593469 -165.6852107848972 -31.51020455081016 30.092605352401733
40.357583103 -165.80241354368627 -31.665321585722268 30.092986822128296
40.377556891 -165.8805232848972 -31.76881050784141 30.09325385093689
40.397627022 -165.99766500853002 -31.923988577909768 30.093631505966187
40.417600882 -166.0757594909519 -32.02746414858848 30.093875646591187
40.437583838 -166.1929012145847 -32.18269562441856 30.09423041343689
40.457554093 -166.27099569700658 -32.28613877017051 30.094428777694702
40.477479504 -166.38810690306127 -32.44128250796348 30.094714879989624
40.49754076 -166.46618612669408 -32.54464935977012 30.09488272666931
40.517654671 -166.58322103880346 -32.6997473211959 30.09514594078064
40.537551529 -166.66125448606908 -32.80312180239707 30.09530997276306
40.557577234 -166.77828939817846 -32.958132025785744 30.09554648399353
40.577529235 -166.85632284544408 -33.06153702456504 30.095710515975952
40.597632802 -166.97338827513158 -33.216554877348244 30.09593176841736
40.617571974 -167.05145223997533 -33.319887396879494 30.096084356307983
40.637766433 -167.16856344603002 -33.47487473208457 30.096324682235718
40.657553807 -167.24667318724096 -33.578134772367775 30.09645438194275
40.677488009 -167.36386068724096 -33.73308777529746 30.09669852256775
40.697619996 -167.44203146360815 -33.8363554449752 30.096877813339233
40.717599739 -167.5593562927097 -33.99119782168418 30.097171545028687
40.737577104 -167.6376033630222 -34.09438538271934 30.09738516807556
40.757570359 -167.75500448606908 -34.24910568911582 30.097736120224
40.777543473 -167.8332820739597 -34.35229325015098 30.098037481307983
40.79753759 -167.95072897337377 -34.50699066836387 30.098472356796265
40.8175721 -168.02905233763158 -34.61012482363731 30.09878134727478
40.837567983 -168.14652975462377 -34.764833685941994 30.09927725791931
40.857577288 -168.22489889524877 -34.86791443545371 30.099639654159546
40.877502825 -168.34240682981908 -35.0226232977584 30.100261449813843
40.897530874 -168.42076071165502 -35.125761267729104 30.10069251060486
40.91756628 -168.53831442259252 -35.28045105654746 30.101360082626343
40.938595976 -168.61669882200658 -35.383695838041604 30.101829290390015
40.958593336 -168.7343288268894 -35.538515326566994 30.102473974227905
40.978595 -168.81280477903783 -35.64177155215293 30.10290503501892
40.998721611 -168.9305721130222 -35.796579596586525 30.103511571884155
41.019002423 -169.00909384153783 -35.89980530459434 30.10391592979431
41.038568654 -169.12696798704565 -36.054662940092385 30.104503393173218
41.058594874 -169.20558126829565 -36.15784287173301 30.104816198349
41.078554553 -169.32354696653783 -36.31271576602012 30.105323553085327
41.098617268 -169.40219076536596 -36.4159452887252 30.10565161705017
41.118669182 -169.52018698118627 -36.57076477725059 30.106128454208374
41.138691074 -169.59884603880346 -36.67404389102012 30.106475591659546
41.158583458 -169.71685751341283 -36.82887863833457 30.107024908065796
41.1786197 -169.79551657103002 -36.932104346342385 30.1073796749115
41.198637778 -169.9135280456394 -37.08693527895957 30.107913732528687
41.218665667 -169.99223287962377 -37.190092322416604 30.108237981796265
41.23858419 -170.1103053893894 -37.34490418154746 30.10873770713806
41.258600018 -170.18905599974096 -37.44798493105918 30.109031438827515
41.27854497 -170.30717428587377 -37.602575537748635 30.109519720077515
41.298659545 -170.38595541380346 -37.70557236392051 30.109805822372437
41.318670371 -170.50411947630346 -37.85998367983848 30.110175848007202
41.338570709 -170.58293112181127 -37.962919470854104 30.110469579696655
41.358596055 -170.7012019958347 -38.11720108706504 30.110904455184937
41.378553244 -170.78008993528783 -38.2200109930709 30.111213445663452
41.398583604 -170.89848287962377 -38.37417053896934 30.111690282821655
41.418668753 -170.97746237181127 -38.4768583746627 30.11198401451111
41.438631249 -171.0960231628269 -38.63094544131309 30.11246085166931
41.458569119 -171.17509420774877 -38.73362946230918 30.112739324569702
41.478532953 -171.29376181028783 -38.887583014555275 30.113113164901733
41.498559585 -171.37289389036596 -38.990263220854104 30.11338782310486
41.518681881 -171.49163778685033 -39.14410233218223 30.113719701766968
41.538600932 -171.57076986692846 -39.246687171049416 30.113956212997437
41.558582211 -171.68949850462377 -39.40044617373496 30.114330053329468
41.57857686 -171.76864584349096 -39.50293564517051 30.114558935165405
41.598582078 -171.8873592223972 -39.6566565008834 30.114856481552124
41.618678634 -171.96653707884252 -39.759069678373635 30.11500906944275
41.638655972 -172.08531149290502 -39.91277527529746 30.115241765975952
41.658604676 -172.16451986692846 -40.015207526274025 30.11540198326111
41.678631082 -172.2833553161472 -40.168798682279885 30.115615606307983
41.698565467 -172.36263998411596 -40.27126526553184 30.115745306015015
41.718879853 -172.48161276243627 -40.424867865629494 30.11587119102478
41.738601793 -172.56095846556127 -40.52727722842246 30.115916967391968
41.758730716 -172.6800075378269 -40.680891272611916 30.115943670272827
41.778603523 -172.75939901731908 -40.78323578555137 30.115920782089233
41.798601202 -172.87846334837377 -40.93675446230918 30.115825414657593
41.818677644 -172.9578395690769 -41.03903412539512 30.11572241783142
41.838582039 -173.07687338255346 -41.192514655180275 30.115581274032593
41.858616973 -173.15623434446752 -41.29478668887168 30.11544394493103
41.878540023 -173.27525289915502 -41.448122260160744 30.115222692489624
41.898564307 -173.35458334349096 -41.550363776274025 30.115066289901733
41.918951406 -173.47361715696752 -41.70360398013145 30.114784002304077
41.938669926 -173.55297811888158 -41.80573105532676 30.11458945274353
41.958592602 -173.67204244993627 -41.95884155947715 30.11437964439392
41.978601757 -173.75144918821752 -42.06082367617637 30.114227056503296
41.998564591 -173.87060507200658 -42.2137968512252 30.113994359970093
42.018708054 -173.95007284544408 -42.315737006254494 30.113818883895874
42.038611511 -174.06930502317846 -42.46857285220176 30.113540410995483
42.058639369 -174.14878805540502 -42.57037949282676 30.113338232040405
42.078535811 -174.2680202331394 -42.72296738345176 30.113033056259155
42.098562926 -174.3474880065769 -42.824648139066994 30.11282706260681
42.118581793 -174.46673544310033 -42.97704910952598 30.112495183944702
42.138601048 -174.5462184753269 -43.07860398013145 30.11227774620056
42.158631942 -174.6654353942722 -43.23089050967246 30.11192297935486
42.178608863 -174.74493368528783 -43.332338568754494 30.11167883872986
42.198565889 -174.86418112181127 -43.4845373602584 30.11141562461853
42.218989464 -174.94370993040502 -43.58595871645957 30.11126685142517
42.238603022 -175.0630184020847 -43.738020178861916 30.11106848716736
42.258607495 -175.14259298704565 -43.83941483218223 30.110984563827515
42.278536921 -175.26200827024877 -43.99143433291465 30.110870122909546
42.298558124 -175.34164389036596 -44.092783209867775 30.11082434654236
42.318872956 -175.46112020872533 -44.24471115786582 30.11073660850525
42.339587089 -175.54075582884252 -44.34597992617637 30.110713720321655
42.359599985 -175.66024740599096 -44.497846839018166 30.110725164413452
42.379621756 -175.73992880247533 -44.59902405459434 30.110725164413452
42.399646036 -175.85948141478002 -44.7507841559127 30.110755681991577
42.41964699 -175.93919332884252 -44.85191559512168 30.11077094078064
42.439605574 -176.0587917175144 -45.003549811430275 30.110793828964233
42.459600557 -176.13851889036596 -45.104677435941994 30.110904455184937
42.48060066 -176.25817831419408 -45.2562773199752 30.11104941368103
42.500723039 -176.33798178099096 -45.35732102114707 30.111167669296265
42.520695856 -176.45774801634252 -45.50884842593223 30.11138129234314
42.540644089 -176.5376277770847 -45.6097929449752 30.11151099205017
42.560662991 -176.6575466003269 -45.76122879702598 30.111716985702515
42.580631516 -176.73753317259252 -45.86208557803184 30.11180853843689
42.600721083 -176.85754354856908 -46.01331162173301 30.11196494102478
42.620733597 -176.9375758972019 -46.11406159121543 30.11205267906189
42.640671736 -177.05767782591283 -46.26508927065879 30.112159490585327
42.66065024 -177.13778646849096 -46.36574768740684 30.11227774620056
42.680571858 -177.25802572630346 -46.516630408354104 30.112415075302124
42.700750236 -177.3382106628269 -46.61717438418418 30.112510442733765
42.720790067 -177.45855673216283 -46.76793884951621 30.112685918807983
42.740637387 -177.53881796263158 -46.868383643217385 30.112781286239624
42.760678656 -177.65931661985815 -47.018965003080666 30.11300253868103
42.780628 -177.7396999206394 -47.119299170561135 30.113147497177124
42.800878351 -177.86036642454565 -47.26972031313926 30.113361120224
42.820699819 -177.94085653685033 -47.36996674258262 30.11352515220642
42.8406732 -178.06166036985815 -47.52020096499473 30.113704442977905
42.860660959 -178.14221151731908 -47.6202795477584 30.113868474960327
42.880754863 -178.26306112669408 -47.77028107363731 30.114070653915405
42.900769132 -178.3436580505222 -47.870214697904885 30.114200353622437
42.920683568 -178.46453817747533 -48.02002548892051 30.114394903182983
42.940662424 -178.54515036009252 -48.11983322817832 30.114497900009155
42.960642049 -178.66606100462377 -48.26949143130332 30.114654302597046
42.980630481 -178.74670370481908 -48.36921906191856 30.114734411239624
43.000806884 -178.86767538450658 -48.518747565336525 30.114837408065796
43.020693253 -178.94834860228002 -48.6184484930709 30.114917516708374
43.040660756 -179.06939657591283 -48.76795029360801 30.11498999595642
43.060641388 -179.15011557005346 -48.867624518461525 30.11507773399353
43.080583143 -179.27122457884252 -49.01712250430137 30.115180730819702
43.100794729 -179.35198934935033 -49.1167395086959 30.11523413658142
43.12068124 -179.47314413450658 -49.26611923892051 30.115314245224
43.140642537 -179.55392416380346 -49.3656523199752 30.115333318710327
43.160673751 -179.67510946653783 -49.514936682768166 30.11541724205017
43.180674421 -179.75592001341283 -49.61442780215293 30.115455389022827
43.20076892 -179.8771510925144 -49.76361679751426 30.115485906600952
43.221292731 -179.95799215696752 -49.86309647280723 30.115554571151733
43.240695363 -180.07928427122533 -50.01225495059043 30.11564612388611
43.260679338 -180.16015585325658 -50.11169266421348 30.115730047225952
43.281952994 -180.28147848509252 -50.26085495669395 30.115886449813843
43.302091407 -180.36239584349096 -50.36025452334434 30.115981817245483
43.321933508 -180.48382528685033 -50.50938629824668 30.116187810897827
43.342027162 -180.56478842161596 -50.60878967959434 30.116340398788452
43.361915005 -180.68627890013158 -50.75787186343223 30.11659598350525
43.382009934 -180.76727255247533 -50.8572294684127 30.116771459579468
43.402006727 -180.8887477722019 -51.006227728910744 30.117027044296265
43.421962994 -180.96972616575658 -51.105592963285744 30.11724066734314
43.441924797 -181.0912166442722 -51.25458359438926 30.117534399032593
43.461916127 -181.17222555540502 -51.353918311186135 30.11773657798767
43.481865457 -181.2937312927097 -51.50294327456504 30.118072271347046
43.502010993 -181.37475546263158 -51.60226654727012 30.11827063560486
43.521973902 -181.4962917175144 -51.75132965762168 30.118640661239624
43.541915725 -181.57733114622533 -51.85070252139121 30.11888098716736
43.561922202 -181.69891317747533 -51.999738928861916 30.119220495224
43.581915435 -181.7799831237644 -52.0991613836959 30.11950659751892
43.602053669 -181.90161093138158 -52.248205420561135 30.119903326034546
43.62195694 -181.9826961364597 -52.347543952055275 30.120189428329468
43.641946277 -182.10424765013158 -52.496401068754494 30.12062430381775
43.661915654 -182.1852107848972 -52.595556494779885 30.12101721763611
43.681877537 -182.30648764036596 -52.744081732816994 30.12169623374939
43.701991946 -182.3872371520847 -52.842905280180275 30.122188329696655
43.721979966 -182.50805624388158 -52.99085831362754 30.12310767173767
43.74191741 -182.58842428587377 -53.08922028262168 30.12381339073181
43.761997943 -182.70861776731908 -53.23628449160606 30.125030279159546
43.781894726 -182.78845175169408 -53.333959815092385 30.125999212265015
43.801998673 -182.9077449645847 -53.47981095034629 30.127605199813843
43.821934148 -182.98690756224096 -53.57655167300254 30.128814458847046
43.841881686 -183.1050563659519 -53.720834967680275 30.130847692489624
43.861914824 -183.18341024778783 -53.816450354643166 30.13229727745056
43.881944588 -183.30010946653783 -53.95887589175254 30.134746313095093
43.902097947 -183.37745626829565 -54.05315613467246 30.136436223983765
43.922075155 -183.49240072630346 -54.193327185697854 30.13920569419861
43.94190712 -183.56835897825658 -54.28597092349082 30.14114737510681
43.961923559 -183.6812282409519 -54.423620459623635 30.144160985946655
43.981905202 -183.75563009642065 -54.5143339606002 30.14630103111267
44.002032809 -183.86608847044408 -54.64900040347129 30.149585485458374
44.021993464 -183.93885763548315 -54.737707373686135 30.151836156845093
44.041916243 -184.04664572142065 -54.869055029936135 30.15526556968689
44.061954416 -184.11769064329565 -54.95553803164512 30.157535314559937
44.081874853 -184.22262533567846 -55.083315131254494 30.161006689071655
44.102054617 -184.29162557981908 -55.16729187685996 30.163306951522827
44.121967661 -184.39369161985815 -55.29139923769981 30.166717290878296
44.14189574 -184.46058615110815 -55.372690436430275 30.169025182724
44.161953699 -184.55966146849096 -55.492929694242775 30.17232871055603
44.181920973 -184.62451132200658 -55.57156586367637 30.174529790878296
44.201971247 -184.72027548216283 -55.68757462222129 30.1776921749115
44.221972824 -184.7829891052097 -55.7634794684127 30.17973303794861
44.241942597 -184.87510641478002 -55.874887702055275 30.18325400352478
44.261910224 -184.93524130247533 -55.947477576322854 30.186290502548218
44.281844161 -185.02316244505346 -56.053388831205666 30.19182562828064
44.302035067 -185.08053549192846 -56.122167822904885 30.196124792099
44.321977406 -185.16490133665502 -56.22248673159629 30.203559637069702
44.341949582 -185.2199245300144 -56.287092444486916 30.209312200546265
44.36193175 -185.30139120481908 -56.38113617617637 30.21876883506775
44.38193522 -185.35502584837377 -56.44170593935996 30.225589513778687
44.402017843 -185.43481405638158 -56.529333350248635 30.236377477645874
44.422730811 -185.4878230895847 -56.585844275541604 30.243724584579468
44.441911099 -185.5672908630222 -56.66737961489707 30.254932165145874
44.461911761 -185.6203914489597 -56.71982788760215 30.262340307235718
44.48184562 -185.70053060911596 -56.79494690615684 30.27343726158142
44.501979515 -185.75439413450658 -56.84299683291465 30.28062415122986
44.522113381 -185.83599813841283 -56.9120275946334 30.29100775718689
44.541918646 -185.89117391966283 -56.955663916654885 30.29765295982361
44.561923652 -185.97497518919408 -57.018232581205666 30.306987524032593
44.581885689 -186.0316921081394 -57.0577909918502 30.312812566757202
44.60202074 -186.11825521849096 -57.11387085635215 30.32092261314392
44.621990034 -186.1768337097019 -57.14928269106895 30.3258855342865
44.641939542 -186.26669271849096 -57.198759314604104 30.332652807235718
44.661922421 -186.3277126159519 -57.22959351260215 30.33675742149353
44.681872191 -186.42095907591283 -57.27257370669395 30.34225058555603
44.702068072 -186.48431356810033 -57.29904389102012 30.345470190048218
44.722323606 -186.58119161985815 -57.33542847353965 30.34965491294861
44.741922662 -186.64739950560033 -57.357153174467385 30.35203528404236
44.761942047 -186.74853475950658 -57.386484381742775 30.355022192001343
44.781889256 -186.81742819212377 -57.403635260649025 30.356651067733765
44.802014124 -186.9230495300144 -57.42575287539512 30.358569860458374
44.821984546 -186.99475057981908 -57.43831848818809 30.359473943710327
44.8418647 -187.10498007200658 -57.45326065737754 30.360198736190796
44.861959244 -187.17987020872533 -57.460966345854104 30.36022925376892
44.881877246 -187.29431112669408 -57.4691679449752 30.3595769405365
44.903058712 -187.37240560911596 -57.47210144717246 30.358657598495483
44.923594514 -187.49143942259252 -57.47340225894004 30.35658621788025
44.942937913 -187.57232626341283 -57.472013709135354 30.35473608970642
44.9631103 -187.69547994993627 -57.46692490298301 30.351348638534546
44.982932356 -187.77902182005346 -57.46137070376426 30.348647832870483
45.003068392 -187.90647848509252 -57.44985413271934 30.344035863876343
45.02300725 -187.99264486692846 -57.44024109560996 30.340591192245483
45.042925891 -188.1242976989597 -57.4225256415084 30.334876775741577
45.062979889 -188.21331747435033 -57.40877747256309 30.330745458602905
45.082875443 -188.34869345091283 -57.385290381498635 30.32406973838806
45.103058932 -188.44042929075658 -57.36757492739707 30.319339513778687
45.12302617 -188.5796657409519 -57.33835053164512 30.311870336532593
45.142935905 -188.6737361755222 -57.31701492983848 30.306670904159546
45.162939309 -188.81669577024877 -57.28233551699668 30.298614263534546
45.182933793 -188.91302450560033 -57.25757431704551 30.293071508407593
45.203029131 -189.05950888060033 -57.21770691592246 30.284629583358765
45.223025942 -189.15794332884252 -57.189672705717385 30.278884649276733
45.242947904 -189.30737265013158 -57.14515518862754 30.270244359970093
45.262954804 -189.4079128112644 -57.11400055605918 30.264468908309937
45.28289479 -189.56005819700658 -57.0651152106002 30.255801916122437
45.30308986 -189.66253622435033 -57.03108048159629 30.250125646591187
45.32299747 -189.81739767454565 -56.97807526309043 30.241668462753296
45.34292756 -189.9214626159519 -56.941435095854104 30.236133337020874
45.362956921 -190.07873495481908 -56.88462280947715 30.228084325790405
45.382909897 -190.1842342223972 -56.845583197660744 30.22279715538025
45.403118035 -190.3436580505222 -56.78531098086387 30.215251684188843
45.423698741 -190.45053060911596 -56.74408554751426 30.21037268638611
45.442949899 -190.61169393919408 -56.68074249941856 30.203262090682983
45.462974257 -190.71977194212377 -56.63757919985801 30.198821783065796
45.48289615 -190.88244589231908 -56.57143616396934 30.192241430282593
45.503698661 -190.99137838743627 -56.52659058291465 30.188148260116577
45.524006956 -191.15533407591283 -56.458132025785744 30.182220220565796
45.544078575 -191.26502951048315 -56.4117948981002 30.17849326133728
45.563994242 -191.43009909056127 -56.341337439604104 30.173248052597046
45.583963818 -191.5404353942722 -56.293676611967385 30.16988730430603
45.605182277 -191.70646627806127 -56.2214872809127 30.16530203819275
45.625052893 -191.8174129333347 -56.17281174380332 30.162429571151733
45.645074629 -191.98417623899877 -56.09901642519981 30.15837073326111
45.664996842 -192.09558065794408 -56.04952072817832 30.155933141708374
45.685109149 -192.26292379759252 -55.9745275946334 30.152461767196655
45.705380773 -192.37461813353002 -55.92418503481895 30.15037512779236
45.725066756 -192.5423122253269 -55.848207709379494 30.147586584091187
45.745045313 -192.65418966673315 -55.79712509829551 30.145831823349
45.765141377 -192.82203634642065 -55.72015976626426 30.14346671104431
45.78502396 -192.93395956419408 -55.66847824770957 30.141978979110718
45.805151638 -193.10179098509252 -55.59091400820762 30.14017081260681
45.825054683 -193.2136531677097 -55.53895401675254 30.13909125328064
45.84508891 -193.38143881224096 -55.46065354067832 30.13762640953064
45.865035706 -193.4931941833347 -55.40847992617637 30.136882543563843
45.885006717 -193.6607967223972 -55.329782721586525 30.135833501815796
45.90653407 -193.77246054075658 -55.277204749174416 30.135276556015015
45.926060315 -193.93981893919408 -55.19819473940879 30.134624242782593
45.946088276 -194.05136068724096 -55.14525818545371 30.13421607017517
45.966044539 -194.2184139098972 -55.06601166445762 30.13388419151306
45.986147018 -194.32969625853002 -55.01302551943809 30.13370108604431
46.006184419 -194.49650534056127 -54.933325049467385 30.13348364830017
46.026127601 -194.60760458372533 -54.880068060941994 30.133365392684937
46.046116197 -194.77406271360815 -54.80000138003379 30.133216619491577
46.0660437 -194.88481100462377 -54.74682068545371 30.13323187828064
46.086281252 -195.05082662962377 -54.66674256045371 30.13323187828064
46.106123809 -195.16137655638158 -54.61335587222129 30.13327383995056
46.126073149 -195.3269801940769 -54.533266303129494 30.13341498374939
46.146095541 -195.4373317565769 -54.47966980654746 30.13348364830017
46.166065673 -195.60252340696752 -54.399580237455666 30.133811712265015
46.186083868 -195.71258505247533 -54.346098181791604 30.13403296470642
46.206169208 -195.87754782103002 -54.26574158389121 30.134387731552124
46.226120948 -195.98731954954565 -54.212351080961525 30.134711980819702
46.246108656 -196.1519313659519 -54.131960150785744 30.135135412216187
46.266078184 -196.26156576536596 -54.078352210111916 30.13549780845642
46.286049248 -196.42591818235815 -53.99764084536582 30.135967016220093
46.30633203 -196.53533895872533 -53.943823096342385 30.136306524276733
46.326119802 -196.69927938841283 -53.863046881742775 30.136829137802124
46.346078728 -196.80853231810033 -53.80898499209434 30.13711905479431
46.366076273 -196.97210653685033 -53.728132483549416 30.137672185897827
46.38607588 -197.08110006712377 -53.674116370268166 30.138023138046265
46.406129821 -197.24450643919408 -53.592905280180275 30.138561010360718
46.426145636 -197.3533016052097 -53.53891968447715 30.139026403427124
46.44610128 -197.5165096130222 -53.457617041654885 30.139617681503296
46.466124093 -197.62525900267065 -53.40337586123496 30.139976263046265
46.486015657 -197.7882839050144 -53.32191300112754 30.140479803085327
46.507252514 -197.8970027770847 -53.26738190371543 30.14074683189392
46.527244175 -198.05995138548315 -53.18572449404746 30.141238927841187
46.547279844 -198.16867025755346 -53.130903479643166 30.141437292099
46.567240204 -198.33155783079565 -53.0488684149459 30.141841650009155
46.588109598 -198.44015463255346 -52.99407410342246 30.142093420028687
46.609034776 -198.60304220579565 -52.91172241885215 30.14242148399353
46.628953097 -198.71153219603002 -52.8569738836959 30.142711400985718
46.648950182 -198.8743434753269 -52.774538275785744 30.14305090904236
46.668986789 -198.98283346556127 -52.71954941470176 30.143287420272827
46.689063391 -199.14559896849096 -52.63698792178184 30.143646001815796
46.709036863 -199.25414999388158 -52.581735846586525 30.143810033798218
46.728953764 -199.41693075560033 -52.49905609805137 30.144122838974
46.74895156 -199.5254665222019 -52.44380783755332 30.144294500350952
46.768909629 -199.68829306028783 -52.36073898989707 30.144485235214233
46.789056265 -199.79679830931127 -52.305448767729104 30.14463782310486
46.808944747 -199.95970114134252 -52.221952673979104 30.144668340682983
46.828939097 -200.06822164915502 -52.166418311186135 30.144721746444702
46.848950714 -200.23107870481908 -52.082826850004494 30.144695043563843
46.868942493 -200.3396297302097 -52.027082678861916 30.14468741416931
46.88907728 -200.50244100950658 -51.94345307070762 30.144634008407593
46.909069566 -200.6110378112644 -51.887514350004494 30.14453101158142
46.929015587 -200.77378805540502 -51.803835150785744 30.14442801475525
46.948925934 -200.88232382200658 -51.74794602114707 30.144309759140015
46.968949056 -201.04518087767065 -51.663950202055275 30.14407706260681
46.989091914 -201.1537166442722 -51.6080839606002 30.143924474716187
47.009028435 -201.31663473509252 -51.5239660711959 30.143604040145874
47.028976027 -201.42527731321752 -51.467836615629494 30.143359899520874
47.048935146 -201.5882869567722 -51.38356995303184 30.142955541610718
47.068918581 -201.69702108763158 -51.3271887274459 30.142696142196655
47.089202269 -201.86010702513158 -51.242563483305275 30.1422917842865
47.108966342 -201.96887167356908 -51.1859533758834 30.14195990562439
47.129020849 -202.13197286985815 -51.10120987612754 30.141517400741577
47.148930084 -202.24073751829565 -51.04460358340293 30.141196966171265
47.168958295 -202.40393026731908 -50.95952820498496 30.140647649765015
47.189107305 -202.51267965696752 -50.90294480044395 30.14031958580017
47.209167276 -202.67588766478002 -50.8177893133834 30.13977026939392
47.228952265 -202.78471334837377 -50.760988471098244 30.139407873153687
47.249047005 -202.9479518737644 -50.67571472842246 30.13884711265564
47.268931546 -203.0568385925144 -50.61866593081504 30.138450384140015
47.289330823 -203.22009237669408 -50.53322815615684 30.13791251182556
47.310576818 -203.32896383665502 -50.47614884097129 30.137523412704468
47.3305974 -203.49230917356908 -50.39034104067832 30.136905431747437
47.35055987 -203.60119589231908 -50.33303284365684 30.136489629745483
47.370626304 -203.76454122923315 -50.24690460879356 30.135852575302124
47.391008292 -203.87333639524877 -50.18958878237754 30.13549780845642
47.410566568 -204.03659017942846 -50.10331940371543 30.13490653038025
47.430570303 -204.1454158630222 -50.04575562197715 30.134525060653687
47.45056212 -204.30863912962377 -49.95931458193809 30.133952856063843
47.470628163 -204.41749533079565 -49.90149521548301 30.13352942466736
47.491208253 -204.5807643737644 -49.81481384951621 30.132949590682983
47.510568727 -204.6896510925144 -49.756880042143166 30.13255286216736
47.530668307 -204.85304220579565 -49.66975617129356 30.13194251060486
47.550604787 -204.96195944212377 -49.61168503481895 30.13153052330017
47.570595644 -205.1254421081394 -49.52428650576621 30.130870580673218
47.590868229 -205.23448141478002 -49.465952155180275 30.130409002304077
47.610585379 -205.39813192747533 -49.37816834170371 30.129642248153687
47.630581486 -205.50726278685033 -49.31957077700645 30.129104375839233
47.650573452 -205.67098959349096 -49.23156571108848 30.128253698349
47.670549194 -205.78019674681127 -49.17270874697715 30.127654790878296
47.691082691 -205.94403036497533 -49.08444428164512 30.12674307823181
47.710603605 -206.05328329466283 -49.02544617373496 30.126106023788452
47.73060754 -206.2172389831394 -48.93673920352012 30.12510657310486
47.750648013 -206.32650717161596 -48.87755036074668 30.12444281578064
47.770634838 -206.49049337767065 -48.788461920805275 30.123370885849
47.791294482 -206.5998073425144 -48.728945014066994 30.122649908065796
47.810571842 -206.76379354856908 -48.63948273379356 30.12157416343689
47.830586577 -206.87316854856908 -48.57964920718223 30.120837926864624
47.850550901 -207.03721578978002 -48.48982071597129 30.11977744102478
47.870548034 -207.14665182493627 -48.429689642973244 30.11907935142517
47.890685769 -207.3107448425144 -48.33948349673301 30.11806082725525
47.910602593 -207.42016561888158 -48.27922272402793 30.117366552352905
47.93059338 -207.5843044128269 -48.18865799624473 30.116321325302124
47.950572507 -207.69369467161596 -48.128271338529885 30.11564612388611
47.9705752 -207.8578639831394 -48.037451026029885 30.11464285850525
47.990753756 -207.96733053587377 -47.97682785708457 30.113990545272827
48.010571771 -208.13153036497533 -47.88579010684043 30.113048315048218
48.030597199 -208.24105795286596 -47.824953314848244 30.11241126060486
48.050569641 -208.4053493347019 -47.73363709170371 30.111522436141968
48.070593492 -208.51490744017065 -47.672643897123635 30.110957860946655
48.090667489 -208.67929037474096 -47.58098816592246 30.110110998153687
48.110563921 -208.78890951536596 -47.51987671572715 30.109569311141968
48.13059321 -208.9534450378269 -47.42790436465293 30.10869574546814
48.15056692 -209.06307943724096 -47.36664414126426 30.108142614364624
48.170610562 -209.22763021849096 -47.274564978666604 30.10731863975525
48.190905855 -209.33734091185033 -47.21312546450645 30.106773138046265
48.210572423 -209.50196798704565 -47.12087464053184 30.105998754501343
48.230624265 -209.61178549192846 -47.0592558356002 30.105476140975952
48.250611072 -209.77659567259252 -46.9668486090377 30.104717016220093
48.270533627 -209.88651998899877 -46.90517639834434 30.104175329208374
48.292202764 -210.05151327513158 -46.81258225161582 30.10335898399353
48.31196066 -210.1615749206394 -46.750898596830666 30.10281729698181
48.332050011 -210.32678182981908 -46.65822815615684 30.101978063583374
48.351934534 -210.43699606321752 -46.59642624575645 30.10144019126892
48.372140222 -210.60240133665502 -46.50366806704551 30.10068106651306
48.392202868 -210.7127223815769 -46.44172882754356 30.100162267684937
48.411975759 -210.8783260192722 -46.3488066168502 30.099403142929077
48.431989075 -210.98876913450658 -46.286779639311135 30.098891973495483
48.451942611 -211.15451010130346 -46.19384216982871 30.09816336631775
48.472042221 -211.26506002806127 -46.13182282168418 30.09767508506775
48.492836617 -211.43096884153783 -46.03869461733848 30.096954107284546
48.51195945 -211.54164083860815 -45.97662186343223 30.09649634361267
48.531985866 -211.7077174987644 -45.883371588774025 30.09580969810486
48.551940717 -211.81846578978002 -45.82118057925254 30.095359563827515
48.572114593 -211.98467977903783 -45.72788452822715 30.09465765953064
48.592312276 -212.09551962278783 -45.66560959536582 30.094192266464233
48.611968753 -212.2619167175144 -45.57226395327598 30.09362006187439
48.632007614 -212.37290914915502 -45.509977576322854 30.093276739120483
48.65194757 -212.53947409056127 -45.41646790225059 30.092796087265015
48.672170314 -212.65057333372533 -45.35407089907676 30.092498540878296
48.692073419 -212.81727560423315 -45.26038956362754 30.092071294784546
48.711974797 -212.92843588255346 -45.197965857572854 30.091804265975952
48.731989856 -213.0952449645847 -45.104215857572854 30.091373205184937
48.751949759 -213.2064967956394 -45.04168533999473 30.091075658798218
48.772025037 -213.37342794798315 -44.94786667544395 30.09059500694275
48.794202852 -213.48475607298315 -44.88525223452598 30.090259313583374
48.8141413 -213.65183981321752 -44.79134583193809 30.089725255966187
48.834142069 -213.76327474974096 -44.72868561465293 30.08935523033142
48.854122602 -213.93048056028783 -44.63461518008262 30.088783025741577
48.875076203 -214.0420223083347 -44.57190537173301 30.088428258895874
48.894105809 -214.2093807067722 -44.477731940336525 30.08787512779236
48.914315515 -214.3209987487644 -44.41492294985801 30.087486028671265
48.934129994 -214.48844869993627 -44.32063507754356 30.086860418319702
48.954105201 -214.60011251829565 -44.257780310697854 30.086421728134155
48.976587877 -214.76763876341283 -44.1634924383834 30.085704565048218
48.996652609 -214.87933309935033 -44.10058045107871 30.085216283798218
49.016549295 -215.04693563841283 -44.006262061186135 30.084460973739624
49.03653591 -215.15870626829565 -43.943342444486916 30.083965063095093
49.057244871 -215.32640036009252 -43.84890961367637 30.08324408531189
49.077655549 -215.43829306028783 -43.78598999697715 30.082774877548218
49.097624842 -215.6061549987644 -43.69153427798301 30.08207678794861
49.117628585 -215.71810873411596 -43.62856507021934 30.081607580184937
49.137618738 -215.88609274290502 -43.534086463041604 30.080901861190796
49.157772926 -215.99810751341283 -43.47104859072715 30.08044409751892
49.177665107 -216.16619833372533 -43.3765165777877 30.079803228378296
49.197789521 -216.27825888060033 -43.31341385561973 30.07937979698181
49.217615557 -216.44633444212377 -43.21881699282676 30.07873511314392
49.237642159 -216.55841024778783 -43.155702826566994 30.078296422958374
49.257742719 -216.72656210325658 -43.06096100527793 30.077659368515015
49.277689369 -216.83866842649877 -42.997724768705666 30.077266454696655
49.297638649 -217.00685079954565 -42.90276550967246 30.07667899131775
49.317619554 -217.11900289915502 -42.8394072027877 30.07628607749939
49.337669622 -217.2872615661472 -42.74431061465293 30.075713872909546
49.357688546 -217.3994441833347 -42.68086075503379 30.07534384727478
49.377680021 -217.56780966185033 -42.585634467191994 30.07482886314392
49.397685824 -217.6800838317722 -42.522104498930275 30.074500799179077
49.417609064 -217.84851034544408 -42.42675614077598 30.074077367782593
49.437644419 -217.9608455505222 -42.36315369326621 30.07382559776306
49.457692525 -218.12933309935033 -42.267668006010354 30.0734441280365
49.477647188 -218.24163778685033 -42.20397019106895 30.07320761680603
49.497668324 -218.41007955931127 -42.10836243350059 30.072864294052124
49.517641208 -218.52235372923315 -42.04458832461387 30.072639226913452
49.537810555 -218.69078024290502 -41.948881384916604 30.072337865829468
49.557792382 -218.80303915403783 -41.885046240873635 30.07214331626892
49.577628397 -218.9715114440769 -41.78924011904746 30.071784734725952
49.597690825 -219.08384664915502 -41.725351569242775 30.07155203819275
49.617641703 -219.2523952331394 -41.62948822695762 30.071197271347046
49.637602253 -219.36483724974096 -41.565588233061135 30.07094931602478
49.657644368 -219.53355368040502 -41.46971344668418 30.07059073448181
49.677653435 -219.64610250853002 -41.405790564604104 30.070377111434937
49.697594654 -219.81500204466283 -41.30992340762168 30.070098638534546
49.717639777 -219.92762716673315 -41.24600434023887 30.069923162460327
49.737637074 -220.09666403196752 -41.150156256742775 30.069709539413452
49.757692208 -220.20936544798315 -41.08626007754356 30.069576025009155
49.777804896 -220.37853964231908 -40.99049591738731 30.069526433944702
49.797607512 -220.49134786985815 -40.92666077334434 30.06950354576111
49.817663221 -220.66061361692846 -40.83092713076621 30.069522619247437
49.837648226 -220.77349813841283 -40.76710724551231 30.06957221031189
49.857731901 -220.94285543821752 -40.671369788236916 30.069637060165405
49.877681212 -221.05578573606908 -40.60754990298301 30.06963324546814
49.89760248 -221.2252498473972 -40.51181244570762 30.06962561607361
49.917635355 -221.33824118040502 -40.447981116361916 30.06962561607361
49.937630105 -221.5078426208347 -40.352174994535744 30.06961417198181
49.957739075 -221.62097128294408 -40.288278815336525 30.069591283798218
49.977693307 -221.79069479368627 -40.19240402895957 30.069495916366577
49.997701662 -221.90386923216283 -40.12847733218223 30.06943106651306
50.017623902 -222.07366903685033 -40.03258728701621 30.069347143173218
50.037679971 -222.18699606321752 -39.968656775541604 30.06930899620056
50.057725898 -222.35699423216283 -39.872770545072854 30.06924033164978
50.077769494 -222.47038229368627 -39.808847662992775 30.069190740585327
50.097580173 -222.64051779173315 -39.71299195010215 30.069114446640015
50.117626521 -222.75392111204565 -39.64910340029746 30.06909155845642
50.137589706 -222.9241023864597 -39.55327057559043 30.069068670272827
50.157699499 -223.03756674192846 -39.48940491396934 30.069034337997437
50.177689368 -223.20777853392065 -39.39363693911582 30.068931341171265
50.197623745 -223.32133444212377 -39.32980560977012 30.068835973739624
50.217655174 -223.49163778685033 -39.23408722598106 30.06874442100525
50.23762506 -223.60520895384252 -39.17030548769981 30.068683385849
50.257823432 -223.77548178099096 -39.07467865664512 30.0685613155365
50.277737181 -223.8889919128269 -39.01095795352012 30.068439245224
50.297579964 -224.0592799987644 -38.91543030459434 30.068233251571655
50.317627377 -224.17277487181127 -38.851774451322854 30.068084478378296
50.337631686 -224.34301718138158 -38.756357428617775 30.067847967147827
50.357834397 -224.45648153685033 -38.69277023989707 30.067691564559937
50.377650243 -224.62664755247533 -38.59742951113731 30.067466497421265
50.397615259 -224.74009664915502 -38.53389572817832 30.067310094833374
50.417609248 -224.91021688841283 -38.43861603457481 30.067031621932983
50.437702309 -225.02365072630346 -38.37510895449668 30.06682562828064
50.457704674 -225.19377096556127 -38.27986359316856 30.066509008407593
50.477638031 -225.30717428587377 -38.21638321597129 30.066280126571655
50.49760294 -225.47734030149877 -38.12120651919395 30.065894842147827
50.517625786 -225.59075888060033 -38.057775733061135 30.065643072128296
50.537664646 -225.7608943786472 -37.96267914492637 30.065200567245483
50.557738513 -225.87431295774877 -37.899301764555275 30.064895391464233
50.577789704 -226.04443319700658 -37.80427384097129 30.064491033554077
50.597636957 -226.15788229368627 -37.74095368105918 30.064162969589233
50.617715024 -226.3280330505222 -37.64601349551231 30.06364417076111
50.637609417 -226.44146688841283 -37.58274292666465 30.063262701034546
50.65770615 -226.6116481628269 -37.487890479154885 30.062663793563843
50.677660058 -226.72506674192846 -37.42468857485801 30.06228232383728
50.697569539 -226.89526327513158 -37.32991623599082 30.061694860458374
50.717650279 -227.00875814817846 -37.26674866396934 30.061301946640015
50.737664875 -227.17900045774877 -37.172025916166604 30.06071448326111
50.757744385 -227.29258688353002 -37.108869788236916 30.06032156944275
50.777689587 -227.46289022825658 -37.014189002104104 30.059783697128296
50.797602266 -227.57647665403783 -36.95110916811973 30.059417486190796
50.817642645 -227.74679525755346 -36.856542822904885 30.058910131454468
50.837625124 -227.86035116575658 -36.79353165347129 30.05858588218689
50.857729812 -228.03070028685033 -36.69903015810996 30.058120489120483
50.877810636 -228.14425619505346 -36.636057135649025 30.057807683944702
50.897602026 -228.3146510925144 -36.541593787260354 30.057342290878296
50.917640134 -228.42826803587377 -36.478639838285744 30.05705237388611
50.937626585 -228.59867819212377 -36.38425659853965 30.056648015975952
50.957706568 -228.71232565306127 -36.321386572904885 30.056400060653687
50.977897446 -228.88278158567846 -36.22713684756309 30.056060552597046
50.997655605 -228.99645956419408 -36.16433167178184 30.055858373641968
51.017633971 -229.16700704954565 -36.07019638735801 30.05556845664978
51.037653095 -229.2807155456394 -36.007482764311135 30.055389165878296
51.05775741 -229.45129354856908 -35.91347717959434 30.055137395858765
51.07841436 -229.5650173034519 -35.85084747988731 30.05493140220642
51.097612288 -229.7356716003269 -35.75698303896934 30.05459952354431
51.117757346 -229.8494411315769 -35.69444870669395 30.05437445640564
51.137601237 -230.02014120481908 -35.60071396548301 30.054038763046265
51.157698633 -230.13403280638158 -35.53822922427207 30.05380606651306
51.177699906 -230.30485494993627 -35.44455933291465 30.05346655845642
51.197658378 -230.41880758665502 -35.38214707095176 30.053260564804077
51.217662257 -230.58981283567846 -35.288583991117775 30.05294394493103
51.237615939 -230.70382650755346 -35.22625183779746 30.05275321006775
51.257710527 -230.8750301208347 -35.132875678129494 30.05247473716736
51.277683622 -230.98922689817846 -35.07067703921348 30.05233359336853
51.297563558 -231.1605525817722 -34.9774572821334 30.052139043807983
51.317637114 -231.27477987669408 -34.91536926943809 30.05203604698181
51.337623367 -231.44616659544408 -34.82232117373496 30.05190634727478
51.357711778 -231.56053121946752 -34.760351416654885 30.051795721054077
51.377708003 -231.73207052610815 -34.667463538236916 30.05154013633728
51.397661922 -231.84648092649877 -34.60558151919395 30.051360845565796
51.418874262 -232.01817282103002 -34.512827155180275 30.051105260849
51.438816526 -232.13262899778783 -34.45104431826621 30.05094885826111
51.459156503 -232.30445822142065 -34.35844635684043 30.050689458847046
51.478877764 -232.4190212097019 -34.296762702055275 30.050517797470093
51.498799449 -232.59088095091283 -34.20430969912559 30.05028510093689
51.518864758 -232.7055202331394 -34.142675635404885 30.050147771835327
51.538849678 -232.8774715270847 -34.050268408842385 30.049995183944702
51.558917376 -232.99212606810033 -33.98866486269981 30.049907445907593
51.579095323 -233.16404684446752 -33.89634155947715 30.04973578453064
51.598941595 -233.27865560911596 -33.83483719546348 30.049640417099
51.618871002 -233.45053060911596 -33.742658850736916 30.049537420272827
51.63893526 -233.56507833860815 -33.68126129824668 30.04949164390564
51.659320669 -233.7368923034519 -33.58923172671348 30.04943060874939
51.680676677 -233.85142477415502 -33.52789139468223 30.04940390586853
51.700036518 -234.02320822142065 -33.435915228910744 30.04936957359314
51.719847337 -234.13775595091283 -33.37457108218223 30.049327611923218
51.73987008 -234.30949362181127 -33.2826330633834 30.049266576766968
51.761086663 -234.42393453978002 -33.22136902529746 30.049224615097046
51.781019465 -234.59550436399877 -33.12953400332481 30.049155950546265
51.800929179 -234.70973165892065 -33.0683996649459 30.049148321151733
51.820892522 -234.88090475462377 -32.976755377836525 30.04915976524353
51.840915316 -234.99479635618627 -32.915815589018166 30.049243688583374
51.861035106 -235.16522177122533 -32.824568030424416 30.049495458602905
51.880941493 -235.27850302122533 -32.763891455717385 30.049785375595093
51.900921449 -235.44789083860815 -32.6731474371627 30.050395727157593
51.920915135 -235.56034811399877 -32.6128447027877 30.050941228866577
51.940947165 -235.7283016052097 -32.52279877383262 30.05197501182556
51.960980061 -235.83970602415502 -32.46304535586387 30.052806615829468
51.980916057 -236.0058894958347 -32.37391495425254 30.054301977157593
52.000958762 -236.1160426940769 -32.31486725527793 30.055434942245483
52.020890083 -236.28013571165502 -32.22686600405723 30.05730414390564
52.040932585 -236.38871725462377 -32.1686193915084 30.058669805526733
52.060965342 -236.55033834837377 -32.08192658144981 30.060889959335327
52.080924777 -236.65707357786596 -32.02463745791465 30.062461614608765
52.100904643 -236.81585653685033 -31.939474341459572 30.064983129501343
52.120908184 -236.92054708860815 -31.883310553617775 30.06673789024353
52.14098853 -237.07597311399877 -31.79995941836387 30.06947684288025
52.161596324 -237.1783748473972 -31.7450411291793 30.071357488632202
52.180885106 -237.33006246946752 -31.663660285063088 30.074207067489624
52.20094036 -237.42999227903783 -31.610063788481057 30.07615637779236
52.220913017 -237.57768209837377 -31.53082298953086 30.079078435897827
52.241011796 -237.67478903196752 -31.478748557157815 30.081031560897827
52.261032734 -237.81834371946752 -31.401796576566994 30.083945989608765
52.280911647 -237.91241415403783 -31.351389166899025 30.085845708847046
52.300937195 -238.05143698118627 -31.27695679385215 30.088653326034546
52.320892142 -238.14254721067846 -31.228193518705666 30.090469121932983
52.340959435 -238.2767635192722 -31.15639137942344 30.093101263046265
52.360998006 -238.3646541442722 -31.109409567900002 30.095050573349
52.380924011 -238.49339254759252 -31.04062866885215 30.09924292564392
52.400970183 -238.57720907591283 -30.995867011137307 30.103038549423218
52.42089656 -238.69943197630346 -30.930645224638283 30.110034704208374
52.440917933 -238.77877767942846 -30.888330695219338 30.115428686141968
52.46105818 -238.8946071472019 -30.8265840979293 30.124274969100952
52.480964466 -238.96929891966283 -30.78681778628379 30.13064169883728
52.500920137 -239.07823141478002 -30.728851553983986 30.14044165611267
52.520889955 -239.14852865599096 -30.69147896487266 30.147071599960327
52.540905456 -239.25047262571752 -30.63730072695762 30.156928777694702
52.561161486 -239.31632955931127 -30.60229325015098 30.163333654403687
52.580950064 -239.4111629333347 -30.55186676699668 30.172588109970093
52.600947088 -239.47210653685033 -30.519445654936135 30.178428411483765
52.620905956 -239.56007345579565 -30.47262215334922 30.186633825302124
52.640925864 -239.6164089050144 -30.442629096098244 30.19169592857361
52.660985624 -239.69737203978002 -30.39948677737266 30.1986882686615
52.680941224 -239.7486110534519 -30.37218498904258 30.202850103378296
52.700930354 -239.82200582884252 -30.333065268583596 30.208526372909546
52.720898656 -239.86837728880346 -30.308370825834572 30.211864233016968
52.740942023 -239.9339900817722 -30.273454901762307 30.216228246688843
52.761006151 -239.97534140013158 -30.25143646914512 30.21880316734314
52.781025101 -240.03294332884252 -30.220859763212502 30.22206473350525
52.800922318 -240.06874044798315 -30.201860663481057 30.223926305770874
52.820910346 -240.11849935911596 -30.175451514311135 30.226260900497437
52.840914864 -240.1486354675144 -30.15954613406211 30.22747778892517
52.861011192 -240.19000204466283 -30.137691733427346 30.22897696495056
52.880990654 -240.2147518005222 -30.12466072756797 30.22973608970642
52.90089712 -240.24803121946752 -30.10711693484336 30.230605840682983
52.920947911 -240.26739462278783 -30.096952673979104 30.23098349571228
52.940906929 -240.29212911985815 -30.084022757597268 30.231265783309937
52.961022164 -240.30599935911596 -30.076746222563088 30.23132300376892
52.980939507 -240.32211264036596 -30.068416831083596 30.231216192245483
53.000924939 -240.33009298704565 -30.06429695803672 30.231048345565796
53.020927824 -240.3379207458347 -30.06025337893516 30.230640172958374
53.04097266 -240.3399959411472 -30.05926537234336 30.230293035507202
53.060986384 -240.33917196653783 -30.05978035647422 30.229705572128296
53.080933502 -240.3357234802097 -30.061641928739846 30.229270696640015
53.100910345 -240.3262019958347 -30.0666906805709 30.228564977645874
53.120921434 -240.3172145690769 -30.071375128813088 30.228069067001343
53.140939096 -240.29905661009252 -30.080955740995705 30.227309942245483
53.160987237 -240.2845760192722 -30.088474509306252 30.22679114341736
53.18094432 -240.25830038450658 -30.10223221499473 30.2260320186615
53.200977224 -240.23805197142065 -30.112789389677346 30.225528478622437
53.220937698 -240.20362814329565 -30.130693671293557 30.224799871444702
53.240956321 -240.17765768431127 -30.144256827421486 30.224342107772827
53.261037631 -240.13485678099096 -30.1665441961959 30.22366690635681
53.28104277 -240.10356100462377 -30.182857749052346 30.223216772079468
53.300875674 -240.0525203552097 -30.209514853544533 30.222503423690796
53.320909665 -240.01603659056127 -30.228540656156838 30.221927404403687
53.34091238 -239.95712240599096 -30.259456870146096 30.22084403038025
53.360995248 -239.91540487669408 -30.281345603056252 30.219947576522827
53.380936561 -239.84925802610815 -30.316057440824807 30.218284368515015
53.400978358 -239.80259664915502 -30.340675589628518 30.216956853866577
53.420920578 -239.72955282591283 -30.379051444120705 30.21451163291931
53.440898213 -239.6784969177097 -30.405988928861916 30.212623357772827
53.461029646 -239.5987850036472 -30.44799828249961 30.209373235702515
53.48093521 -239.5434871520847 -30.477190253324807 30.206939458847046
53.500919177 -239.45739706419408 -30.52271866519004 30.202922582626343
53.520995511 -239.39805563353002 -30.55408882815391 30.19999670982361
53.540941966 -239.30592306517065 -30.602981803007424 30.195316076278687
53.561188855 -239.24259909056127 -30.63659691531211 30.191993474960327
53.580936343 -239.14479025267065 -30.688520667143166 30.186748266220093
53.600912404 -239.0776668395847 -30.724268195219338 30.18315863609314
53.620974484 -238.97433432005346 -30.779239890165627 30.17755103111267
53.640933392 -238.90367086790502 -30.816869971342385 30.173713445663452
53.661053341 -238.79510458372533 -30.87473511416465 30.167861700057983
53.680925186 -238.72108419798315 -30.914146658964455 30.16387915611267
53.700908418 -238.60777243040502 -30.97457527834922 30.15789008140564
53.720932425 -238.53073080442846 -31.015640494413674 30.153838872909546
53.740939326 -238.41308554075658 -31.078560111112893 30.147849798202515
53.76100871 -238.33325155638158 -31.12124275881797 30.14388632774353
53.781264399 -238.2114559020847 -31.18634056765586 30.138023138046265
53.80092216 -238.12904318235815 -31.23048042971641 30.134258031845093
53.821088655 -238.0034938659519 -31.29762100894004 30.128700017929077
53.840894569 -237.91859396360815 -31.34301018435508 30.125129461288452
53.86099282 -237.78956564329565 -31.411983725614846 30.119998693466187
53.880958728 -237.70239218138158 -31.458517310209572 30.116668462753296
53.90088038 -237.57019003294408 -31.52910637576133 30.112041234970093
53.920969223 -237.48101766966283 -31.576633688993752 30.109107732772827
53.940905045 -237.3457790222019 -31.6485998602584 30.104949712753296
53.961047963 -237.25474508665502 -31.69697403628379 30.10234808921814
53.980946658 -237.11692770384252 -31.770103690214455 30.098724126815796
54.000893171 -237.02445944212377 -31.819170233793557 30.09661078453064
54.020925267 -236.88452108763158 -31.893306967802346 30.09365439414978
54.040879384 -236.7906032409519 -31.943037268705666 30.091895818710327
54.060977799 -236.6488338317722 -32.01805329043418 30.089595556259155
54.081114313 -236.55360372923315 -32.06837677676231 30.088176488876343
54.100856243 -236.41026266478002 -32.144132849760354 30.086509466171265
54.12093222 -236.31414755247533 -32.19488358218223 30.085582494735718
54.140911961 -236.16917379759252 -32.27136063296348 30.08444571495056
54.161001841 -236.0722957458347 -32.32246994692832 30.08395743370056
54.180942428 -235.92611654661596 -32.39946198184043 30.083354711532593
54.200959093 -235.8283229675144 -32.45093369204551 30.083125829696655
54.220933515 -235.68089254759252 -32.52841400820762 30.082908391952515
54.240938221 -235.5823512878269 -32.58015274722129 30.082927465438843
54.261024106 -235.43418844603002 -32.65785431582481 30.08316397666931
54.281167172 -235.33497579954565 -32.70979904849082 30.083362340927124
54.300887325 -235.1861873473972 -32.787660834379494 30.08400321006775
54.320954049 -235.08671530149877 -32.8396513434127 30.08452582359314
54.340896065 -234.9370876159519 -32.91774964053184 30.085429906845093
54.361117073 -234.8374324645847 -32.96970581728965 30.08620810508728
54.380964123 -234.68742330931127 -33.047800299711525 30.08733344078064
54.400928311 -234.5873103942722 -33.09985184390098 30.088176488876343
54.420936071 -234.43701132200658 -33.17790436465293 30.089576482772827
54.440900741 -234.33648641966283 -33.2300322027877 30.09050726890564
54.461033372 -234.18588217161596 -33.30800461489707 30.09209418296814
54.481010065 -234.08493002317846 -33.36018585879356 30.09307074546814
54.500848458 -233.93380697630346 -33.43819641787559 30.094672918319702
54.52091771 -233.83287008665502 -33.490217444486916 30.095741033554077
54.540903638 -233.6811824645847 -33.56826996523887 30.097347021102905
54.561055146 -233.58024557493627 -33.620153662748635 30.09848380088806
54.580956537 -233.42839010618627 -33.698095557279885 30.100139379501343
54.600901642 -233.3271022643894 -33.75000595767051 30.101260900497437
54.620921168 -233.17504843138158 -33.82780670840293 30.102935552597046
54.640911847 -233.07337911985815 -33.87975144106895 30.10398840904236
54.661023095 -232.92108114622533 -33.957460639066994 30.105647802352905
54.680936661 -232.8193660583347 -34.009287116117775 30.10671591758728
54.700878768 -232.66651876829565 -34.087072608061135 30.108257055282593
54.720921791 -232.56478842161596 -34.13877320010215 30.109336614608765
54.740935663 -232.41143759153783 -34.21662735659629 30.11077094078064
54.761068083 -232.30946310423315 -34.26836609560996 30.111770391464233
54.782406913 -232.15612753294408 -34.34610199648887 30.11321234703064
54.802283543 -232.05392416380346 -34.397890326566994 30.11415457725525
54.822292875 -231.90061911009252 -34.47549652773887 30.11551260948181
54.842218897 -231.79818685911596 -34.52731537539512 30.116336584091187
54.862945231 -231.6449733581394 -34.60478424746543 30.11760687828064
54.882277119 -231.54270895384252 -34.656461951322854 30.118354558944702
54.902373336 -231.38914450071752 -34.73403000552207 30.119395971298218
54.92222161 -231.28703268431127 -34.78562378603965 30.12010931968689
54.942221568 -231.13348348997533 -34.863161322660744 30.121062994003296
54.962314945 -231.03111227415502 -34.914839026518166 30.121692419052124
54.982254642 -230.87753256224096 -34.99234223086387 30.122691869735718
55.002241027 -230.77488668821752 -35.0441191168502 30.123298406600952
55.022230399 -230.6210018005222 -35.12173676211387 30.124217748641968
55.042212719 -230.51818807981908 -35.17357849795371 30.12477469444275
55.06232731 -230.36442526243627 -35.251127478666604 30.125709295272827
55.082252322 -230.26180990599096 -35.30287003237754 30.126312017440796
55.1021883 -230.1077419128269 -35.380563971586525 30.12718176841736
55.122221623 -230.0052791442722 -35.43224167544395 30.127822637557983
55.142228926 -229.8512264098972 -35.50993561465293 30.128684759140015
55.162310065 -229.74851950071752 -35.561743018217385 30.12924551963806
55.182259455 -229.59440573118627 -35.63948273379356 30.13005042076111
55.203459228 -229.49137838743627 -35.69143891055137 30.130508184432983
55.223400761 -229.33712728880346 -35.76925110537559 30.131263494491577
55.243430734 -229.23411520384252 -35.82119965273887 30.13171362876892
55.263599508 -229.07931478880346 -35.89923691470176 30.132278203964233
55.283486278 -228.9759822692722 -35.951322791166604 30.132579565048218
55.303395038 -228.82078512571752 -36.029543158598244 30.13292670249939
55.323473956 -228.71752890013158 -36.0815832586959 30.13317084312439
55.343500169 -228.56224020384252 -36.15981507021934 30.133426427841187
55.364046775 -228.4586940612644 -36.2119657965377 30.13356375694275
55.383440379 -228.30328329466283 -36.29020905215293 30.13371253013611
55.403678877 -228.19940145872533 -36.342497107572854 30.133743047714233
55.423429744 -228.04380758665502 -36.42072891909629 30.13378882408142
55.443597752 -227.93991049192846 -36.4729406805709 30.13376212120056
55.463614505 -227.83592184446752 -36.52516388613731 30.133708715438843
55.483432689 -227.6798396911472 -36.60350250918418 30.13357138633728
55.503390168 -227.52349813841283 -36.681928870268166 30.133373022079468
55.523413818 -227.41918905638158 -36.73422455508262 30.133228063583374
55.543425454 -227.2623592223972 -36.81284546572715 30.132922887802124
55.563638255 -227.15776022337377 -36.86524796206504 30.132697820663452
55.583486516 -227.00077780149877 -36.94380402285606 30.132327795028687
55.603455191 -226.89587362669408 -36.99628281313926 30.132026433944702
55.623453778 -226.73870809935033 -37.07480072695762 30.131572484970093
55.64341591 -226.6337428893894 -37.12721466738731 30.131221532821655
55.663533255 -226.47605856321752 -37.20595001894981 30.130645513534546
55.683507027 -226.37101705931127 -37.258329627104104 30.13024115562439
55.703404176 -226.21302755735815 -37.33709549624473 30.12956213951111
55.723420993 -226.10758932493627 -37.38962769228965 30.129112005233765
55.743424125 -225.94926412962377 -37.468473670072854 30.128432989120483
55.763825747 -225.84344442747533 -37.52117752749473 30.12792944908142
55.783583303 -225.68479879759252 -37.60017227847129 30.127177953720093
55.803469662 -225.57861288450658 -37.65307450015098 30.126617193222046
55.823424668 -225.4194637145847 -37.73235535342246 30.125728368759155
55.84338485 -225.31320150755346 -37.78529190737754 30.12509512901306
55.863803207 -225.15353353880346 -37.86482071597129 30.124099493026733
55.88348648 -225.04713400267065 -37.917768714018166 30.123481512069702
55.903441992 -224.8871608581394 -37.99739289004356 30.1225163936615
55.923445507 -224.78041036985815 -38.050504920072854 30.121883153915405
55.94350891 -224.62016256712377 -38.13019394595176 30.12095618247986
55.96350561 -224.51307638548315 -38.18345093447715 30.1203191280365
55.983483663 -224.35258444212377 -38.26324295718223 30.11941885948181
56.003459554 -224.2454372253269 -38.316530463285744 30.118804693222046
56.023476873 -224.08447225950658 -38.396608588285744 30.117873907089233
56.043406589 -223.97723348997533 -38.44997620303184 30.11729407310486
56.063532508 -223.81581076048315 -38.53036713320762 30.116355657577515
56.083459039 -223.7083278503269 -38.58391022402793 30.11578345298767
56.103424755 -223.54676779173315 -38.66442322451621 30.114898443222046
56.123459205 -223.43901022337377 -38.71813416201621 30.114322423934937
56.143430493 -223.2772975768894 -38.798742529936135 30.113460302352905
56.163562154 -223.1692653503269 -38.85261368472129 30.112869024276733
56.183446465 -223.00741537474096 -38.933325049467385 30.112022161483765
56.203430479 -222.89938314817846 -38.987192389555275 30.111465215682983
56.223439679 -222.73715170286596 -39.068090674467385 30.11062216758728
56.24341641 -222.6291042175144 -39.12196182925254 30.11010718345642
56.263583936 -222.4667049255222 -39.20295929629356 30.109325170516968
56.283463715 -222.35836752317846 -39.25699066836387 30.108836889266968
56.303390322 -222.19578512571752 -39.33807968813926 30.10812735557556
56.323465891 -222.0871883239597 -39.3922636481002 30.107654333114624
56.343430606 -221.92423971556127 -39.473581549711525 30.107002019882202
56.363628602 -221.81544454954565 -39.52791428286582 30.10655188560486
56.383446422 -221.65235861204565 -39.60933899600059 30.10597586631775
56.403443047 -221.54350241087377 -39.663698432035744 30.105579137802124
56.423432291 -221.38005026243627 -39.74534058291465 30.104995489120483
56.443460643 -221.2711482848972 -39.79968857485801 30.104594945907593
56.463879249 -221.1074977722019 -39.88138031680137 30.103950262069702
56.483593587 -220.99833639524877 -39.93585800845176 30.103545904159546
56.503397485 -220.83451803587377 -40.01763367373496 30.102908849716187
56.523434218 -220.72511251829565 -40.07227158267051 30.10244345664978
56.543414912 -220.56109579466283 -40.15417313296348 30.10174536705017
56.563599555 -220.4516139831394 -40.20885681826621 30.10125708580017
56.58347035 -220.28717001341283 -40.29101013857871 30.1005437374115
56.603441339 -220.17742880247533 -40.34585785586387 30.100059270858765
56.623437893 -220.01261862181127 -40.428251502104104 30.099292516708374
56.643486048 -219.9027858581394 -40.483137366361916 30.098777532577515
56.663575129 -219.73779257200658 -40.565641638822854 30.097980260849
56.683451344 -219.62774618528783 -40.62067246157676 30.09743094444275
56.70338651 -219.46256979368627 -40.7032873602584 30.09657645225525
56.723465204 -219.35227926634252 -40.75848221499473 30.09599280357361
56.743434996 -219.18687399290502 -40.841222998686135 30.095115423202515
56.763671816 -219.07646139524877 -40.89646362978965 30.094524145126343
56.783488381 -218.91061361692846 -40.97944855410606 30.093616247177124
56.80343795 -218.80003317259252 -41.03477692324668 30.093028783798218
56.82345511 -218.63388021849096 -41.1179716559127 30.092143774032593
56.843409551 -218.52299459837377 -41.173525092191994 30.091563940048218
56.863510525 -218.35644491575658 -41.257021185941994 30.090701818466187
56.883447893 -218.24533041380346 -41.31273865420371 30.09012198448181
56.903370748 -218.07855184935033 -41.39636826235801 30.08928656578064
56.923457155 -217.96720846556127 -41.45222687441856 30.088721990585327
56.943450698 -217.8002010192722 -41.535959479399025 30.08791708946228
56.963531085 -217.68873556517065 -41.59185242373496 30.08738684654236
56.984279658 -217.5213924255222 -41.67580246645957 30.0866277217865
57.003475311 -217.4098201598972 -41.7317411871627 30.086150884628296
57.023521777 -217.2422176208347 -41.81579422671348 30.085418462753296
57.043458978 -217.13038595579565 -41.871862647123635 30.084941625595093
57.063577773 -216.96249349974096 -41.955995795316994 30.084258794784546
57.083488775 -216.8504176940769 -42.01217865664512 30.083820104599
57.103388958 -216.68225057981908 -42.09642243105918 30.083198308944702
57.123437961 -216.56994589231908 -42.152746436186135 30.082767248153687
57.143386841 -216.40150411985815 -42.23713898379356 30.082160711288452
57.163801686 -216.28912313841283 -42.29344391543418 30.081775426864624
57.1834756 -216.12040670774877 -42.3779699774459 30.081245183944702
57.203427141 -216.0079646911472 -42.4342443915084 30.080940008163452
57.223426121 -215.83909567259252 -42.51876282412559 30.080459356307983
57.243369355 -215.72644003294408 -42.57510590273887 30.080150365829468
57.263541064 -215.55734213255346 -42.65961289126426 30.07970404624939
57.283546725 -215.4444881286472 -42.71602463442832 30.07937216758728
57.303395119 -215.27514608763158 -42.80055069644004 30.078868627548218
57.32343859 -215.1621394958347 -42.85693955142051 30.07852530479431
57.343408211 -214.99249227903783 -42.94158386904746 30.07799506187439
57.363534458 -214.8793483581394 -42.99795746523887 30.07762885093689
57.383453187 -214.70941122435033 -43.082739111967385 30.077102422714233
57.403489769 -214.59611471556127 -43.139169928617775 30.07676672935486
57.423437046 -214.42604025267065 -43.2239286871627 30.076244115829468
57.443381713 -214.31260641478002 -43.2804357977584 30.075889348983765
57.463516236 -214.1424098815769 -43.36524033267051 30.075366735458374
57.483976825 -214.0288387145847 -43.42186188418418 30.075019598007202
57.503391404 -213.85848959349096 -43.506750342436135 30.07451605796814
57.523509922 -213.74485739134252 -43.563390967436135 30.074161291122437
57.543387399 -213.5742946472019 -43.648420569486916 30.073604345321655
57.563624197 -213.46057089231908 -43.705080267973244 30.073222875595093
57.583482201 -213.28985556028783 -43.7902014227584 30.072608709335327
57.60345586 -213.17599447630346 -43.84698319155723 30.072192907333374
57.623431477 -213.00511129759252 -43.93221497256309 30.07151770591736
57.643380453 -212.89109762571752 -43.989118811674416 30.071059942245483
57.66355478 -212.7200466003269 -44.074506995268166 30.07035803794861
57.68349437 -212.60594137571752 -44.131506201811135 30.06991934776306
57.703436795 -212.43482931517065 -44.21698593813926 30.069221258163452
57.723516286 -212.32067831419408 -44.27402710635215 30.06874442100525
57.74341304 -212.14939840696752 -44.359663245268166 30.06801962852478
57.76359902 -212.03517111204565 -44.41670059878379 30.06753134727478
57.784107707 -211.8637233581394 -44.502355811186135 30.06679892539978
57.80341144 -211.74935873411596 -44.55946945864707 30.066322088241577
57.823444143 -211.57772787474096 -44.64513992983848 30.065589666366577
57.843367801 -211.46324118040502 -44.70231842715293 30.06510901451111
57.863565714 -211.2914119567722 -44.787992713041604 30.064403295516968
57.883696669 -211.17680319212377 -44.84514069277793 30.063918828964233
57.903385077 -211.0047908630222 -44.93090653140098 30.06320548057556
57.923437075 -210.89007528685033 -44.98809265810996 30.062747716903687
57.943392843 -210.7179714050144 -45.073889014311135 30.06209921836853
57.963519518 -210.60319479368627 -45.13100266177207 30.061660528182983
57.98451909 -210.43096884153783 -45.216764685697854 30.061023473739624
58.004562658 -210.3161159362644 -45.273935553617775 30.060596227645874
58.024531601 -210.14378317259252 -45.35970139224082 30.05996298789978
58.044467677 -210.0288387145847 -45.416940924711525 30.05955481529236
58.0653619 -209.85644491575658 -45.5027258368209 30.058967351913452
58.084567992 -209.7414851989597 -45.55995773989707 30.05859351158142
58.104454438 -209.5689998473972 -45.64587235171348 30.058067083358765
58.12448373 -209.45397909544408 -45.70312332827598 30.05773138999939
58.144450037 -209.28138693235815 -45.78911804873496 30.057265996932983
58.164573012 -209.16627462767065 -45.846479651518166 30.056976079940796
58.184531678 -208.9935603942722 -45.932626959867775 30.056586980819702
58.204516647 -208.87841757200658 -45.990087744779885 30.056346654891968
58.224486249 -208.70567282103002 -46.076303717680275 30.05600333213806
58.244452566 -208.5904842223972 -46.13384842593223 30.05578589439392
58.264621857 -208.41764791868627 -46.22014069277793 30.05548071861267
58.284540461 -208.30236776731908 -46.277746436186135 30.055309057235718
58.310036811 -208.12939413450658 -46.364267584867775 30.055076360702515
58.342621073 -208.01402243040502 -46.42197632510215 30.054935216903687
58.376448312 -207.8408962097019 -46.50868057925254 30.054759740829468
58.396018555 -207.7254176940769 -46.56655335146934 30.054656744003296
58.416008687 -207.55209310911596 -46.653505560941994 30.054485082626343
58.435942161 -207.43649252317846 -46.711576697416604 30.054385900497437
58.455951041 -207.26300009153783 -46.798811194486916 30.05424475669861
58.475918735 -207.14732321165502 -46.85706925112754 30.054160833358765
58.496088812 -206.97373922728002 -46.94455933291465 30.05406165122986
58.516019233 -206.85795553587377 -47.0029699774459 30.054004430770874
58.535913553 -206.68421896360815 -47.090708014555275 30.05393958091736
58.555964437 -206.5683132018894 -47.14927124697715 30.05395483970642
58.575932184 -206.39439352415502 -47.2372343512252 30.054019689559937
58.595930192 -206.27841146849096 -47.29594635684043 30.05409598350525
58.616231895 -206.10433920286596 -47.384096381254494 30.05425238609314
58.635952282 -205.98828085325658 -47.44292664248496 30.05436682701111
58.655948862 -205.81408651731908 -47.53124451357871 30.05461859703064
58.675926838 -205.69793661497533 -47.59017395693809 30.054813146591187
58.695963957 -205.52368124388158 -47.67864823061973 30.055145025253296
58.716067737 -205.40747030638158 -47.737673041410744 30.055450201034546
58.735961484 -205.23319967649877 -47.82631897646934 30.055888891220093
58.755956364 -205.11704977415502 -47.885439154691994 30.056209325790405
58.775985092 -204.9428249206394 -47.97419571597129 30.05668616294861
58.79594831 -204.82670553587377 -48.03339981753379 30.057018041610718
58.81618579 -204.6525417175144 -48.12225174624473 30.057533025741577
58.83595706 -204.5364528503269 -48.18153595644981 30.057864904403687
58.856019725 -204.36239584349096 -48.270475623197854 30.058433294296265
58.875988501 -204.24639852903783 -48.32979035098106 30.058818578720093
58.89615556 -204.07244833372533 -48.41879486758262 30.059394598007202
58.916057462 -203.9564967956394 -48.47812866885215 30.059791326522827
58.935920086 -203.7826228942722 -48.5671789618209 30.06035590171814
58.955982199 -203.66671713255346 -48.62655091006309 30.060710668563843
58.976012868 -203.49285848997533 -48.715612647123635 30.061206579208374
58.995949034 -203.3769832458347 -48.77501892764121 30.06151556968689
59.016028169 -203.20321615599096 -48.86409210879356 30.06195044517517
59.035991704 -203.08740194700658 -48.92349457461387 30.06222128868103
59.055971689 -202.9137264098972 -49.01257157046348 30.062625646591187
59.075966349 -202.79797323606908 -49.071962592191994 30.062888860702515
59.095949326 -202.62440451048315 -49.16107010561973 30.06325125694275
59.116055204 -202.50872763060033 -49.22042298037559 30.063438177108765
59.135937755 -202.33526571653783 -49.30949616152793 30.06368613243103
59.155976882 -202.2196346130222 -49.368879553861916 30.063819646835327
59.175947303 -202.0462184753269 -49.45797180850059 30.063976049423218
59.195939963 -201.9306178893894 -49.517404791899025 30.06405997276306
59.215996757 -201.75724752806127 -49.606535193510354 30.064124822616577
59.235960134 -201.64169271849096 -49.66598725039512 30.06414771080017
59.255943339 -201.46835287474096 -49.75521301943809 30.06413245201111
59.275963172 -201.35284384153783 -49.814707037992775 30.064098119735718
59.295950907 -201.1795955505222 -49.9039709540084 30.064021825790405
59.316007127 -201.06410177610815 -49.96347260195762 30.06395697593689
59.335923192 -200.8908992614597 -50.05278229434043 30.06384253501892
59.355955058 -200.77543600462377 -50.11233734805137 30.06373953819275
59.375935224 -200.6022487487644 -50.201669928617775 30.063552618026733
59.395974027 -200.48680075071752 -50.26124787051231 30.063422918319702
59.416226054 -200.3136287536472 -50.35060333926231 30.063255071640015
59.436010642 -200.19818075560033 -50.41021179873496 30.06314444541931
59.455936907 -200.02499349974096 -50.499670264311135 30.062965154647827
59.475953525 -199.90948446653783 -50.55934357363731 30.062812566757202
59.495954868 -199.73622091673315 -50.648908850736916 30.062591314315796
59.516010955 -199.6206813659519 -50.70865082461387 30.062446355819702
59.535985685 -199.4474178161472 -50.798322913236916 30.06224036216736
59.55592575 -199.33190878294408 -50.858129736967385 30.06210684776306
59.5759513 -199.15867575071752 -50.94789337832481 30.061927556991577
59.595927325 -199.04321249388158 -51.00777649600059 30.061809301376343
59.61600197 -198.87005575560033 -51.097658392973244 30.06164526939392
59.63596492 -198.75463827513158 -51.157621619291604 30.061538457870483
59.655935356 -198.58155783079565 -51.24763321597129 30.061397314071655
59.675964906 -198.46615560911596 -51.307687995024025 30.06129813194275
59.695935307 -198.29307516478002 -51.397829291410744 30.061168432235718
59.716009077 -198.17767294310033 -51.457956549711525 30.061099767684937
59.735982847 -198.00460775755346 -51.54820847231895 30.06100821495056
59.755937726 -197.88925131224096 -51.60841583926231 30.060970067977905
59.775974084 -197.71617086790502 -51.69874405581504 30.06096625328064
59.79594646 -197.60084494017065 -51.759001013822854 30.06097388267517
59.816189841 -197.42785604856908 -51.849348303861916 30.060996770858765
59.835978252 -197.3125301208347 -51.909590003080666 30.061023473739624
59.855949362 -197.13958700560033 -51.99997925478965 30.061115026474
59.875943331 -197.0242458190769 -52.06022858340293 30.061206579208374
59.895970158 -196.85125692747533 -52.150644537992775 30.061378240585327
59.916012761 -196.73594625853002 -52.21093201357871 30.061527013778687
59.936190451 -196.56292684935033 -52.30139755923301 30.06175971031189
59.955919867 -196.44761618040502 -52.3617346258834 30.061912298202515
59.976025448 -196.27455099485815 -52.45225739199668 30.062144994735718
59.995918639 -196.15919454954565 -52.5126249762252 30.06231665611267
60.016013236 -195.9861598815769 -52.6032011481002 30.062564611434937
60.035962391 -195.87074240110815 -52.66359162051231 30.062751531600952
60.055909982 -195.69773825071752 -52.75422882754356 30.06304144859314
60.075953085 -195.58236654661596 -52.81463455874473 30.06325888633728
60.095939784 -195.40934713743627 -52.90526413638145 30.063594579696655
60.115978648 -195.29400595091283 -52.96568512637168 30.063873052597046
60.136084987 -195.12098654173315 -53.05628037173301 30.064311742782593
60.155969632 -195.00567587278783 -53.11668610293418 30.064613103866577
60.175933132 -194.8326717223972 -53.207258460111916 30.06515860557556
60.195953944 -194.7173610534519 -53.26765274722129 30.06555151939392
60.216032361 -194.54444845579565 -53.35826706606895 30.06614661216736
60.236018556 -194.42912252806127 -53.41865372378379 30.066585302352905
60.25590674 -194.25619467161596 -53.50927567202598 30.06729483604431
60.275960319 -194.14088400267065 -53.569704291410744 30.06780982017517
60.295875237 -193.9679256286472 -53.660402533598244 30.06862998008728
60.315966188 -193.85266073606908 -53.72090744692832 30.069175481796265
60.335944983 -193.67979391478002 -53.81169342715293 30.070010900497437
60.355956698 -193.56459005735815 -53.87224793154746 30.070552587509155
60.375950587 -193.3917995300144 -53.96315979678184 30.071407079696655
60.395951595 -193.27662619017065 -54.02380966860801 30.071964025497437
60.416019183 -193.10392721556127 -54.114843604154885 30.072757482528687
60.436635826 -192.98881491087377 -54.175565955229104 30.073306798934937
60.45593862 -192.81625326536596 -54.26668762881309 30.07406973838806
60.476210518 -192.70127828978002 -54.32745194155723 30.074592351913452
60.495913496 -192.5289607848972 -54.41860031802207 30.07542395591736
60.516059132 -192.41422994993627 -54.47934937197715 30.076030492782593
60.535956288 -192.24230917356908 -54.57046723086387 30.07707190513611
60.555908892 -192.12792929075658 -54.631174323149025 30.07781195640564
60.575982308 -191.95675619505346 -54.72214722353965 30.07901358604431
60.59591666 -191.84295614622533 -54.782697913236916 30.079898595809937
60.616043879 -191.67282064817846 -54.87334656435996 30.081355810165405
60.636027784 -191.55985983274877 -54.93359970767051 30.08245825767517
60.655938821 -191.39112814329565 -55.023691412992775 30.084300756454468
60.675952614 -191.27918966673315 -55.083524939604104 30.085670232772827
60.69592892 -191.11219747923315 -55.172861334867775 30.087959051132202
60.716041342 -191.00152548216283 -55.23213410098106 30.08961844444275
60.735927036 -190.83659323118627 -55.32045960146934 30.09238028526306
60.755955246 -190.72743185423315 -55.378969428129494 30.09436011314392
60.7759554 -190.56495626829565 -55.466135260649025 30.097522497177124
60.79593916 -190.45761068724096 -55.52377533633262 30.099761724472046
60.816083655 -190.29801901243627 -55.60955643374473 30.10325598716736
60.835999633 -190.19267233274877 -55.66622376162559 30.10567831993103
60.855947196 -190.03625448606908 -55.750437018461525 30.109431982040405
60.875929938 -189.93316610716283 -55.805979010649025 30.112010717391968
60.895917819 -189.7804256286472 -55.88832688052207 30.11593985557556
60.916101819 -189.67982443235815 -55.94262146670371 30.118571996688843
60.936930939 -189.53109701536596 -56.022897955961525 30.12259268760681
60.957042347 -189.43331869505346 -56.07570481020957 30.125274419784546
60.977029809 -189.2887264098972 -56.15382981020957 30.129276037216187
60.996962396 -189.19395407103002 -56.2050077887252 30.131938695907593
61.017431428 -189.05389364622533 -56.280668494291604 30.135783910751343
61.036977994 -188.96208151243627 -56.33024811465293 30.138320684432983
61.056936721 -188.82679708860815 -56.40331101138145 30.142070531845093
61.076989723 -188.73817404173315 -56.45118927676231 30.144725561141968
61.096954788 -188.60848959349096 -56.52124619204551 30.149844884872437
61.1182593 -188.52374227903783 -56.567053076811135 30.15386939048767
61.138002572 -188.39982565306127 -56.63381409365684 30.16094183921814
61.158019916 -188.31907614134252 -56.67710327822715 30.16637396812439
61.178011879 -188.20054586790502 -56.74006485659629 30.175479650497437
61.198030196 -188.12342794798315 -56.78038239199668 30.182212591171265
61.218135923 -188.00974996946752 -56.83867859560996 30.192832708358765
61.238069891 -187.9353786315769 -56.87584137637168 30.200252294540405
61.258080196 -187.8255916442722 -56.928861853666604 30.21160864830017
61.278026373 -187.75329550169408 -56.96251129824668 30.21916174888611
61.298009796 -187.64637716673315 -57.009645697660744 30.230506658554077
61.318355556 -187.57577474974096 -57.039064642973244 30.237857580184937
61.337986577 -187.47074850462377 -57.08009552676231 30.248481512069702
61.358055058 -187.40122946165502 -57.10491776186973 30.25526785850525
61.378018085 -187.29745443724096 -57.13942169863731 30.264846563339233
61.399674799 -187.22851522825658 -57.15976166445762 30.270801305770874
61.419497304 -187.12541159056127 -57.186960455961525 30.27901816368103
61.439491645 -187.0567928161472 -57.202551123686135 30.28403067588806
61.459467528 -186.95391806028783 -57.22199845034629 30.290839910507202
61.479445403 -186.88539083860815 -57.232607123441994 30.294933080673218
61.499574492 -186.7823787536472 -57.24392914492637 30.300330877304077
61.520732187 -186.71362265013158 -57.24885391909629 30.303516149520874
61.540627892 -186.6103053893894 -57.25225281435996 30.30766272544861
61.560670448 -186.5410915222019 -57.25131439883262 30.30999732017517
61.580694469 -186.43705709837377 -57.24605011660606 30.31298804283142
61.601063659 -186.36741598509252 -57.23960327822715 30.314643621444702
61.620680753 -186.26243551634252 -57.22547745425254 30.31667685508728
61.64072687 -186.19224508665502 -57.21343445498496 30.317756414413452
61.660651462 -186.08639486692846 -57.190954443998635 30.318958044052124
61.680654108 -186.01560934446752 -57.173383948393166 30.319473028182983
61.700772635 -185.90858419798315 -57.14219879824668 30.31976294517517
61.720750739 -185.83691366575658 -57.11872696597129 30.319610357284546
61.740642935 -185.7289119567722 -57.079572913236916 30.31884741783142
61.760646383 -185.65634115599096 -57.050382849760354 30.31796622276306
61.78064255 -185.54708822630346 -57.00301575381309 30.31608557701111
61.800766452 -185.47381552122533 -56.968759772367775 30.314449071884155
61.820836922 -185.3632350768894 -56.91344666201621 30.311458349227905
61.840636275 -185.28924520872533 -56.87428497988731 30.30910849571228
61.860646987 -185.17735250853002 -56.81130051333457 30.305064916610718
61.880651802 -185.10240133665502 -56.76696610171348 30.30203604698181
61.900746729 -184.98947103880346 -56.697004553861916 30.297027349472046
61.920687605 -184.9138484802097 -56.64814591128379 30.293407201766968
61.940590208 -184.79992636106908 -56.57160019595176 30.287585973739624
61.960642156 -184.72349508665502 -56.5181066961959 30.283485174179077
61.980678582 -184.6084743347019 -56.434938666410744 30.277042150497437
62.000757797 -184.5314479675144 -56.3773710699752 30.27257513999939
62.020715869 -184.41537435911596 -56.28796982485801 30.26567053794861
62.040750431 -184.33778341673315 -56.22656082827598 30.260936498641968
62.060711185 -184.22079428099096 -56.13131165225059 30.25374960899353
62.080829272 -184.14256246946752 -56.06604599673301 30.248904943466187
62.10141414 -184.02487142942846 -55.96558212954551 30.241588354110718
62.121832259 -183.94604452513158 -55.89674591738731 30.23680090904236
62.142059983 -183.82757528685033 -55.79123139102012 30.229610204696655
62.161794605 -183.7483669128269 -55.719309088774025 30.224876165390015
62.181798932 -183.62936361692846 -55.609377142973244 30.21780753135681
62.202178231 -183.54985006712377 -55.534704443998635 30.213199377059937
62.221808344 -183.43029745481908 -55.420744177885354 30.206428289413452
62.241796386 -183.3505397643894 -55.3435575934127 30.201980352401733
62.266147223 -183.23055990599096 -55.225961920805275 30.19560217857361
62.287169941 -183.15048178099096 -55.14645600039512 30.191463232040405
62.307187982 -183.03027304075658 -55.025610205717385 30.185432195663452
62.327198923 -182.94993551634252 -54.94404816348106 30.18164038658142
62.347256729 -182.82940634153783 -54.820287940092385 30.176116704940796
62.367209169 -182.74894674681127 -54.73689102847129 30.17260718345642
62.387167352 -182.6281276550144 -54.61059021670371 30.167609930038452
62.407122012 -182.54759176634252 -54.52558731753379 30.164382696151733
62.427134688 -182.42657431028783 -54.397138831205666 30.15993857383728
62.447116002 -182.34600790403783 -54.310732123441994 30.157012701034546
62.467297214 -182.22502096556127 -54.180464026518166 30.153018712997437
62.487278024 -182.14440878294408 -54.0930578680709 30.15049719810486
62.507131784 -182.0235133972019 -53.96114563662559 30.146915197372437
62.527136996 -181.94285543821752 -53.87289643008262 30.144782781600952
62.547124336 -181.8219753112644 -53.739755866117775 30.141738653182983
62.567193376 -181.74139364622533 -53.65062546450645 30.139888525009155
62.58723227 -181.62057455442846 -53.51644348818809 30.13736319541931
62.607133807 -181.5401149597019 -53.42654633242637 30.13576102256775
62.627148763 -181.41941793821752 -53.2914335699752 30.13366675376892
62.647136462 -181.3390193786472 -53.201017615385354 30.132373571395874
62.667200434 -181.21849020384252 -53.06490540225059 30.130603551864624
62.687280706 -181.13810690306127 -52.97404694277793 30.12963843345642
62.707142889 -181.0177760925144 -52.83704209048301 30.128154516220093
62.727107749 -180.93759115599096 -52.74568390566856 30.127387762069702
62.747066851 -180.81747396849096 -52.60820984560996 30.126289129257202
62.767243934 -180.7374568786472 -52.51643204409629 30.125659704208374
62.787281132 -180.61753805540502 -52.37859940249473 30.124831914901733
62.807145925 -180.53770407103002 -52.286447760649025 30.124290227890015
62.82713859 -180.41802938841283 -52.148344275541604 30.123660802841187
62.84718399 -180.3383327331394 -52.05612396914512 30.12328314781189
62.867285212 -180.21893270872533 -51.91756653506309 30.122783422470093
62.887450677 -180.13932760618627 -51.82531571108848 30.122581243515015
62.907177085 -180.02006491087377 -51.686613318510354 30.122268438339233
62.927193948 -179.9406276550144 -51.59411072451621 30.122142553329468
62.947051101 -179.82153280638158 -51.455324408598244 30.12203574180603
62.967196664 -179.74223287962377 -51.3625891180709 30.12194800376892
62.987222681 -179.62335165403783 -51.2235624762252 30.121917486190796
63.007132747 -179.54420431517065 -51.130712744779885 30.121894598007202
63.027201528 -179.42547567747533 -50.99181198794395 30.12204337120056
63.047128559 -179.3463893737644 -50.89914917666465 30.122173070907593
63.067220852 -179.22784384153783 -50.76005768496543 30.12242865562439
63.087251525 -179.14878805540502 -50.667577979154885 30.122737646102905
63.10713826 -179.03033407591283 -50.52858566958457 30.12316870689392
63.127161968 -178.95140036009252 -50.435949561186135 30.12351965904236
63.14707771 -178.83299215696752 -50.29700302798301 30.124114751815796
63.167311513 -178.75413473509252 -50.20417999941856 30.124492406845093
63.187338116 -178.63575704954565 -50.06526779849082 30.12526297569275
63.207154628 -178.55685385130346 -49.972578284330666 30.125774145126343
63.227165973 -178.43853720091283 -49.833410498686135 30.126563787460327
63.247152042 -178.35971029661596 -49.740576026029885 30.127082586288452
63.267142878 -178.2415309753269 -49.60122132021934 30.12785315513611
63.287465864 -178.16268881224096 -49.50856613833457 30.12846350669861
63.307154194 -178.04455526731908 -49.369299170561135 30.129283666610718
63.327151524 -177.96580465696752 -49.276464697904885 30.129871129989624
63.347077543 -177.84771688841283 -49.13722061831504 30.130733251571655
63.367127551 -177.76905783079565 -49.04419541079551 30.131240606307983
63.387519134 -177.6510310973972 -48.9049589606002 30.13206458091736
63.407467072 -177.57240255735815 -48.81203674990684 30.132549047470093
63.427165885 -177.4545436706394 -48.67251038271934 30.133174657821655
63.457734844 -177.37594564817846 -48.57966446597129 30.13359808921814
63.483278526 -177.25814779661596 -48.440092322416604 30.13409399986267
63.50357542 -177.1796413268894 -48.34704041201621 30.134368658065796
63.52331148 -177.06199606321752 -48.20718598086387 30.134650945663452
63.543303154 -176.98361166380346 -48.11397385317832 30.134795904159546
63.563234636 -176.86605795286596 -47.97416901309043 30.13494086265564
63.583253394 -176.78778036497533 -47.88076996523887 30.134979009628296
63.603666456 -176.67033346556127 -47.74094605166465 30.135059118270874
63.6233168 -176.5920711364597 -47.64760040957481 30.135047674179077
63.643322124 -176.47474630735815 -47.507387396879494 30.134963750839233
63.663334698 -176.39649923704565 -47.414072272367775 30.13491415977478
63.683249779 -176.2792049255222 -47.27376770693809 30.134769201278687
63.70345297 -176.20103414915502 -47.18018936831504 30.134658575057983
63.723864435 -176.08380087278783 -47.039762732572854 30.1344792842865
63.743337295 -176.00570639036596 -46.94592117983848 30.13431143760681
63.763303847 -175.8885036315769 -46.80535340029746 30.134101629257202
63.783258115 -175.81047018431127 -46.71124100405723 30.133865118026733
63.803824838 -175.69345053099096 -46.57031082827598 30.13354468345642
63.823386458 -175.61547811888158 -46.4762365790084 30.133308172225952
63.843403827 -175.4986110534519 -46.33494019228965 30.13291907310486
63.863310749 -175.4206844177097 -46.240881201811135 30.132694005966187
63.883256723 -175.30387838743627 -46.099455115385354 30.13226294517517
63.903919314 -175.22601278685033 -46.005110022611916 30.131965398788452
63.923289591 -175.1092830505222 -45.86350464541465 30.131526708602905
63.943322278 -175.03150900267065 -45.76887345034629 30.131187200546265
63.96321383 -174.91484030149877 -45.62706207949668 30.130740880966187
63.983238569 -174.8371120300144 -45.532377478666604 30.130412817001343
64.003450764 -174.72056539915502 -45.39013123232871 30.129886388778687
64.023312582 -174.64283712767065 -45.29539704043418 30.129565954208374
64.043322427 -174.52638204954565 -45.15271591860801 30.128989934921265
64.063297399 -174.44871481321752 -45.05773377139121 30.128631353378296
64.083283893 -174.3323055114597 -44.91493820864707 30.128055334091187
64.103655381 -174.25472982786596 -44.81968903262168 30.12767004966736
64.123328592 -174.1383815612644 -44.67668366152793 30.127063512802124
64.143309623 -174.06088217161596 -44.581117865629494 30.12660574913025
64.163210988 -173.9446101989597 -44.43786072451621 30.125896215438843
64.183274303 -173.8671413268894 -44.34218430239707 30.125388860702515
64.203504423 -173.75097616575658 -44.198408362455666 30.12457251548767
64.223321739 -173.6734920348972 -44.10257172305137 30.124030828475952
64.243304966 -173.55735739134252 -43.958479163236916 30.123061895370483
64.263303849 -173.47996481321752 -43.86232208926231 30.122413396835327
64.283349516 -173.3638454284519 -43.717931983061135 30.121402502059937
64.304056381 -173.28648336790502 -43.62144684512168 30.12069296836853
64.323326842 -173.1704402770847 -43.47667526919395 30.119624853134155
64.343390877 -173.09313925169408 -43.37996887881309 30.118911504745483
64.363217729 -172.97717245481908 -43.23504471499473 30.117870092391968
64.383278627 -172.89988668821752 -43.13829636294395 30.11715292930603
64.403431768 -172.78398092649877 -42.992990729399025 30.116058111190796
64.423345699 -172.70671041868627 -42.896181342191994 30.11537528038025
64.44331575 -172.59086569212377 -42.75066971499473 30.114436864852905
64.463305908 -172.51364096067846 -42.653608557768166 30.113826513290405
64.483272697 -172.39779623411596 -42.507910010404885 30.11296057701111
64.503464596 -172.32060202024877 -42.41058182436973 30.112380743026733
64.523317592 -172.20471151731908 -42.264692542143166 30.111594915390015
64.543299506 -172.12745626829565 -42.16729187685996 30.111087560653687
64.563234688 -172.01158102415502 -42.020979163236916 30.11033606529236
64.583266666 -171.93432577513158 -41.92333817202598 30.109840154647827
64.603531113 -171.81840475462377 -41.77674698550254 30.10909628868103
64.623424306 -171.7410426940769 -41.67908310610801 30.10863471031189
64.643330169 -171.62501486204565 -41.53232025820762 30.107898473739624
64.66328353 -171.54762228392065 -41.434416052885354 30.107410192489624
64.683261339 -171.43150289915502 -41.287451026029885 30.106712102890015
64.703430955 -171.35412557981908 -41.18929123599082 30.10623526573181
64.723329611 -171.2379451598972 -41.04207825381309 30.10552191734314
64.743287322 -171.16049154661596 -40.943815466947854 30.104987859725952
64.763241389 -171.04428060911596 -40.796213385649025 30.104175329208374
64.783269508 -170.96676596067846 -40.6978056402877 30.103633642196655
64.803602105 -170.85055502317846 -40.549928900785744 30.10277533531189
64.823303535 -170.77307089231908 -40.45124649722129 30.102176427841187
64.843399222 -170.6569362487644 -40.30297684390098 30.101333379745483
64.86329311 -170.57951315306127 -40.204050299711525 30.10075354576111
64.883378702 -170.46339376829565 -40.05556320864707 30.09987235069275
64.90499101 -170.38600119017065 -39.95641159731895 30.09926962852478
64.92459956 -170.26988180540502 -39.80768418032676 30.098396062850952
64.944663917 -170.19248922728002 -39.708410498686135 30.097747564315796
64.964547451 -170.07640036009252 -39.55932450015098 30.096771001815796
64.984587995 -169.9989772643894 -39.459928748197854 30.0961492061615
65.004766401 -169.88290365599096 -39.31060623843223 30.09524893760681
65.024597005 -169.8054958190769 -39.211000678129494 30.094661474227905
65.044626237 -169.68939169310033 -39.061498877592385 30.093753576278687
65.064567999 -169.6120143737644 -38.96168732363731 30.093154668807983
65.084564506 -169.49589498899877 -38.81200241763145 30.092296361923218
65.104915466 -169.4185329284519 -38.712003943510354 30.09170889854431
65.124632304 -169.3025203552097 -38.56208634097129 30.090896368026733
65.14461101 -169.22521932981908 -38.462038275785744 30.090415716171265
65.164531398 -169.1092830505222 -38.31184982974082 30.08969473838806
65.184563013 -169.03199728392065 -38.2117216559127 30.08921790122986
65.204799588 -168.91613729856908 -38.061308142729104 30.088462591171265
65.224620733 -168.83892782591283 -37.96095108706504 30.087955236434937
65.244618735 -168.72311361692846 -37.81027435977012 30.08719229698181
65.264574399 -168.64593466185033 -37.70967697817832 30.086673498153687
65.284592534 -168.53016622923315 -37.55871414858848 30.08587622642517
65.304718676 -168.45301779173315 -37.45796417910606 30.085330724716187
65.324622218 -168.33732565306127 -37.30665421206504 30.08449912071228
65.344601934 -168.26022299192846 -37.205717322416604 30.083930730819702
65.36453558 -168.14463766478002 -37.05407547671348 30.083064794540405
65.384646285 -168.06761129759252 -36.952970740385354 30.082515478134155
65.40474492 -167.95216329954565 -36.80115341860801 30.081714391708374
65.424752065 -167.87522848509252 -36.699892279691994 30.081187963485718
65.444608833 -167.75987203978002 -36.547922370024025 30.08032202720642
65.464597218 -167.6830135192722 -36.44649719912559 30.079753637313843
65.484566387 -167.56773336790502 -36.29433655459434 30.078899145126343
65.504728218 -167.4908748473972 -36.192819830961525 30.078319311141968
65.524622652 -167.37562521360815 -36.04042648989707 30.07742667198181
65.54457938 -167.29875143431127 -35.93879914004356 30.076770544052124
65.564507637 -167.18347128294408 -35.78619217593223 30.07579016685486
65.584555362 -167.10661276243627 -35.68440079409629 30.07511878013611
65.604647895 -166.99130209349096 -35.531625983305275 30.07411551475525
65.624633398 -166.91444357298315 -35.42968201357871 30.07345175743103
65.644597708 -166.79920919798315 -35.276762244291604 30.072463750839233
65.664592225 -166.72239645384252 -35.17474961001426 30.07182288169861
65.68459367 -166.6072078552097 -35.02178406435996 30.07090735435486
65.70485606 -166.53044088743627 -34.919767615385354 30.070327520370483
65.724640845 -166.41532858274877 -34.766699072904885 30.069507360458374
65.744616637 -166.33859213255346 -34.66469406802207 30.068980932235718
65.764515684 -166.22349508665502 -34.511579749174416 30.068233251571655
65.784580035 -166.1467586364597 -34.40948319155723 30.06776785850525
65.804701694 -166.03161581419408 -34.256288764066994 30.06713843345642
65.824603632 -165.95484884642065 -34.15408539492637 30.066749334335327
65.844776736 -165.8396755065769 -34.00071930605918 30.066306829452515
65.864582065 -165.7628932800144 -33.89840912539512 30.06603217124939
65.884618613 -165.64771994017065 -33.744821784086525 30.065635442733765
65.904908879 -165.57096823118627 -33.64238953310996 30.0653874874115
65.924806093 -165.45585592649877 -33.488691565580666 30.065032720565796
65.944586419 -165.37911947630346 -33.38622879702598 30.064868688583374
65.964548461 -165.26405294798315 -33.23243927676231 30.064624547958374
65.984537964 -165.18731649778783 -33.12987351138145 30.064483404159546
66.00491896 -165.07218893431127 -32.97597717959434 30.064265966415405
66.024617994 -164.99545248411596 -32.873319861479104 30.064117193222046
66.044588474 -164.88029440306127 -32.71926331240684 30.063823461532593
66.064601234 -164.80352743528783 -32.6164953680709 30.063621282577515
66.084557281 -164.6883846130222 -32.462255713529885 30.06333899497986
66.104829347 -164.61161764524877 -32.35931992251426 30.063133001327515
66.124609217 -164.4964900817722 -32.20480560977012 30.062812566757202
66.144625542 -164.41973837278783 -32.1017248602584 30.062591314315796
66.164556374 -164.30462606810033 -31.94700836855918 30.062251806259155
66.184616175 -164.22788961790502 -31.84379791934043 30.062034368515015
66.204953542 -164.11280783079565 -31.688898322172463 30.0617253780365
66.224607534 -164.0360866393894 -31.58557724673301 30.06151556968689
66.244554313 -163.92100485228002 -31.43050026614219 30.061168432235718
66.264599105 -163.84428366087377 -31.327057120390236 30.060928106307983
66.284543529 -163.7292018737644 -31.171837088651955 30.06054663658142
66.304782622 -163.6524959411472 -31.06830429751426 30.060271978378296
66.324608756 -163.53744467161596 -30.912927863188088 30.059852361679077
66.344606973 -163.4607234802097 -30.809293982572854 30.059551000595093
66.36454103 -163.3456111755222 -30.653736350126565 30.05910849571228
66.384589835 -163.2688747253269 -30.549976584501565 30.05883002281189
66.404703831 -163.15374716185033 -30.39417862612754 30.058425664901733
66.425289741 -163.07699545286596 -30.290306326933205 30.058170080184937
66.444588023 -162.96191366575658 -30.134437796659768 30.05775809288025
66.464727992 -162.88519247435033 -30.030477759428322 30.057491064071655
66.484557055 -162.77012594603002 -29.87448334414512 30.057082891464233
66.504679458 -162.69342001341283 -29.770429846830666 30.05680823326111
66.525635903 -162.5783992614597 -29.61431908328086 30.05641531944275
66.545610091 -162.5017391052097 -29.510215994901955 30.056133031845093
66.565547955 -162.38677938841283 -29.354032752104104 30.05572485923767
66.58556979 -162.3101344909519 -29.24989151675254 30.05548071861267
66.605707454 -162.19520529173315 -29.09351944644004 30.055152654647827
66.625608187 -162.1186061706394 -28.98922371584922 30.054954290390015
66.645636692 -162.00372274778783 -28.832718131132424 30.05467963218689
66.665591536 -161.92712362669408 -28.72828316409141 30.054519414901733
66.685576137 -161.81225546263158 -28.57164787966758 30.054317235946655
66.705818038 -161.73565634153783 -28.467233893461525 30.054202795028687
66.725620104 -161.62078817747533 -28.310617682524025 30.054054021835327
66.745622821 -161.54420431517065 -28.20620941836387 30.053992986679077
66.765534699 -161.4292751159519 -28.04963516909629 30.053924322128296
66.785560979 -161.35264547728002 -27.945272681303322 30.053909063339233
66.80581544 -161.23760946653783 -27.788782355375588 30.05392813682556
66.825595636 -161.16088827513158 -27.68446755129844 30.053951025009155
66.845600265 -161.04576071165502 -27.528038260526955 30.05395483970642
66.865596173 -160.96893270872533 -27.42375397402793 30.053943395614624
66.885546643 -160.85368307493627 -27.26734757144004 30.053909063339233
66.905682246 -160.7768092956394 -27.16309189517051 30.053870916366577
66.926281205 -160.66143759153783 -27.006742713041604 30.053790807724
66.945581362 -160.58451803587377 -26.90252518374473 30.05374503135681
66.96557535 -160.46913107298315 -26.74622750002891 30.053653478622437
66.985551728 -160.39218099974096 -26.642065283842385 30.053592443466187
67.005985105 -160.27671774290502 -26.485817191191018 30.053481817245483
67.025632985 -160.19972189329565 -26.381649252958596 30.053409337997437
67.04563453 -160.0841823425144 -26.225410697050393 30.053245306015015
67.065594199 -160.00714071653783 -26.121198889799416 30.053096532821655
67.085558594 -159.89158590696752 -25.96486305911094 30.05284857749939
67.106138077 -159.81455953978002 -25.86059403140098 30.052661657333374
67.125602839 -159.6990047302097 -25.704178092069924 30.052348852157593
67.14566525 -159.6219783630222 -25.599905249662697 30.052085638046265
67.165519691 -159.50645407103002 -25.443422553129494 30.051673650741577
67.185548926 -159.42942770384252 -25.339094397611916 30.05141806602478
67.205688606 -159.3139186706394 -25.18259644228965 30.051055669784546
67.225644324 -159.23692282103002 -25.078275916166604 30.050819158554077
67.245588182 -159.12144430540502 -24.921810385771096 30.050487279891968
67.265548927 -159.0444637145847 -24.817474600858986 30.05026602745056
67.285562572 -158.92901571653783 -24.660986182279885 30.04989981651306
67.305656488 -158.85206564329565 -24.55664086062461 30.049644231796265
67.32604467 -158.7366023864597 -24.40007805544883 30.04928183555603
67.34565348 -158.6596217956394 -24.295709845609963 30.049068212509155
67.365507268 -158.54411276243627 -24.13903641421348 30.04875159263611
67.385608425 -158.46710165403783 -24.034576651640236 30.0485417842865
67.405732408 -158.35154684446752 -23.877897498197854 30.048225164413452
67.425805714 -158.2744899597019 -23.773372885771096 30.047996282577515
67.445624551 -158.1588893737644 -23.616613623686135 30.047706365585327
67.465568706 -158.08183248899877 -23.512100455351174 30.047500371932983
67.485576976 -157.96623190306127 -23.35539459902793 30.047244787216187
67.506119456 -157.8891902770847 -23.250940558500588 30.047080755233765
67.525661389 -157.77365072630346 -23.094274756498635 30.046828985214233
67.545783533 -157.69662435911596 -22.989876029081643 30.04668402671814
67.565512071 -157.58111532591283 -22.833235022611916 30.046451330184937
67.585580368 -157.50411947630346 -22.728830573149025 30.046302556991577
67.605768321 -157.3886257018894 -22.57227730471641 30.046088933944702
67.6257258 -157.31164511106908 -22.46790909487754 30.045936346054077
67.645612982 -157.19616659544408 -22.31139969546348 30.045730352401733
67.665560484 -157.1191707458347 -22.20706391055137 30.04559302330017
67.68564349 -157.0036159362644 -22.05055069644004 30.04540228843689
67.705698243 -156.92657431028783 -21.94622826296836 30.045291662216187
67.725701893 -156.81091268919408 -21.789680716581643 30.045120000839233
67.745669009 -156.7337947692722 -21.685381171293557 30.04501700401306
67.765531084 -156.61808737181127 -21.528934714384377 30.044868230819702
67.785574367 -156.5409236755222 -21.424642798490822 30.044776678085327
67.805738516 -156.42515524290502 -21.26822113711387 30.04465079307556
67.825670233 -156.34794577024877 -21.16389870364219 30.044566869735718
67.845771858 -156.23210104368627 -21.00744652468711 30.04447913169861
67.865563469 -156.15483053587377 -20.90312981326133 30.044429540634155
67.885594017 -156.0388484802097 -20.746610877104104 30.04440665245056
67.905721637 -155.9615016784519 -20.64228653628379 30.044421911239624
67.925794739 -155.8453670348972 -20.48566269595176 30.044463872909546
67.945624442 -155.7678981628269 -20.38124489504844 30.044517278671265
67.965537459 -155.65161093138158 -20.22463631350547 30.044627904891968
67.985559766 -155.57401998899877 -20.12016510684043 30.04472327232361
68.006012725 -155.45764120481908 -19.963577506132424 30.044925451278687
68.025670458 -155.3800350036472 -19.859152075834572 30.045055150985718
68.045711589 -155.26359518431127 -19.702585455961525 30.04519248008728
68.065562467 -155.18595846556127 -19.598207709379494 30.045284032821655
68.085562012 -155.0694881286472 -19.441627738066018 30.04537558555603
68.105704948 -154.99183615110815 -19.33729195315391 30.045440435409546
68.125687588 -154.8753963317722 -19.1807043524459 30.045501470565796
68.145606675 -154.79777487181127 -19.076330420561135 30.04559302330017
68.165583127 -154.68136557005346 -18.919817206449807 30.045722723007202
68.18560026 -154.60375936888158 -18.81543564517051 30.045818090438843
68.205701131 -154.48736532591283 -18.658916709013283 30.04600501060486
68.225703625 -154.40977438353002 -18.55455803591758 30.046130895614624
68.245598726 -154.29338034056127 -18.3979952307418 30.046287298202515
68.26557349 -154.21578939817846 -18.29365372378379 30.04640555381775
68.285606552 -154.09945639036596 -18.137140509672463 30.04656195640564
68.305733077 -154.0219264831394 -18.03285050112754 30.046672582626343
68.325689341 -153.9056697692722 -17.87634873110801 30.046764135360718
68.3456335 -153.82818563841283 -17.77202057559043 30.04678702354431
68.365528216 -153.7119441833347 -17.61554550845176 30.046794652938843
68.385593778 -153.63446005247533 -17.511165854521096 30.046722173690796
68.405755206 -153.5182185973972 -17.3546602698043 30.046592473983765
68.425914715 -153.44071920774877 -17.250313040800393 30.046485662460327
68.445616553 -153.32446249388158 -17.093788382597268 30.04629111289978
68.465552707 -153.24696310423315 -16.989490744657815 30.04616904258728
68.485602294 -153.1306911315769 -16.832914588041604 30.04595923423767
68.505691198 -153.0531764831394 -16.728546378202736 30.04583716392517
68.525742357 -152.9369197692722 -16.57203507144004 30.04567313194275
68.545669756 -152.85942037962377 -16.467722174711525 30.04552435874939
68.565540061 -152.7431941833347 -16.31129288394004 30.045310735702515
68.585705802 -152.66575582884252 -16.20697617251426 30.04515051841736
68.606173559 -152.5495906677097 -16.050575491972268 30.044925451278687
68.627235232 -152.47216757200658 -15.946304556913674 30.04477286338806
68.646878944 -152.35604818724096 -15.789906737394631 30.044563055038452
68.66685246 -152.27860983274877 -15.685707327909768 30.044437170028687
68.686879805 -152.16247518919408 -15.529335257597268 30.044204473495483
68.707189441 -152.08502157591283 -15.425110098905861 30.044055700302124
68.726931022 -151.9688258972019 -15.268824812956154 30.04382300376892
68.746854222 -151.89132650755346 -15.164599654264748 30.043617010116577
68.766835274 -151.7750545348972 -15.008342978544533 30.043330907821655
68.786855084 -151.69752462767065 -14.904183623380959 30.04312491416931
68.807003357 -151.58123739622533 -14.74807381350547 30.042823553085327
68.826958225 -151.50370748899877 -14.644044158048928 30.042579412460327
68.846872812 -151.38742025755346 -14.488039252348244 30.042232275009155
68.866837133 -151.3098903503269 -14.384105917997658 30.04201102256775
68.886860723 -151.19360311888158 -14.228209731169045 30.041576147079468
68.907148677 -151.1160426940769 -14.124313590116799 30.041282415390015
68.926969883 -150.99969442747533 -13.968520400114357 30.040862798690796
68.946869154 -150.92208822630346 -13.864634749479592 30.040549993515015
68.966836174 -150.80564840696752 -13.70887875277549 30.040115118026733
68.986842091 -150.72801168821752 -13.60504460055381 30.039802312850952
69.006966485 -150.61149557493627 -13.4493229361251 30.039321660995483
69.027070863 -150.53381307981908 -13.345567938871682 30.03903555870056
69.046878269 -150.41725119017065 -13.189873930998147 30.038684606552124
69.066867504 -150.33953817747533 -13.08617710787803 30.038501501083374
69.086900792 -150.2229762878269 -12.93062233645469 30.038223028182983
69.106973661 -150.1452937927097 -12.826942679472268 30.03807044029236
69.127946601 -150.02877767942846 -12.671456572599709 30.03789496421814
69.14683299 -149.95114096067846 -12.567749259062111 30.03778052330017
69.166849887 -149.8346706237644 -12.4122717352584 30.037673711776733
69.186857593 -149.7570339050144 -12.30862068850547 30.037635564804077
69.207207027 -149.64059408567846 -12.153122183866799 30.037627935409546
69.227003509 -149.5629421081394 -12.049515006132424 30.037654638290405
69.246908276 -149.44650228880346 -11.893942114897072 30.03762412071228
69.266858768 -149.36886557005346 -11.790216681547463 30.037647008895874
69.286871619 -149.2523952331394 -11.634629485197365 30.037730932235718
69.30718163 -149.1747585143894 -11.530765769071877 30.037784337997437
69.327723618 -149.05827291868627 -11.375135657377541 30.037933111190796
69.346878953 -148.98065145872533 -11.271289107389748 30.038013219833374
69.366813894 -148.86419638060033 -11.1155827017501 30.038158178329468
69.386855886 -148.78655966185033 -11.011730429716408 30.038284063339233
69.406971824 -148.6701198425144 -10.855905768461525 30.03850531578064
69.427111879 -148.5924831237644 -10.752072569914162 30.038665533065796
69.446876064 -148.47604330442846 -10.596169707365334 30.038848638534546
69.466859032 -148.39842184446752 -10.492244956083596 30.038963079452515
69.486857076 -148.28198202513158 -10.336374518461525 30.03911566734314
69.506942719 -148.20440634153783 -10.232385871000588 30.039188146591187
69.526931224 -148.08802755735815 -10.076470610685647 30.039317846298218
69.546888049 -148.0104518737644 -9.972499129362404 30.03944754600525
69.566831609 -147.89410360716283 -9.81652092654258 30.039623022079468
69.586920447 -147.81651266478002 -9.712590453214943 30.039737462997437
69.60706561 -147.70021017454565 -9.556721922941506 30.039859533309937
69.62747656 -147.62266500853002 -9.452877280302346 30.03995108604431
69.646860109 -147.50643881224096 -9.297019240446389 30.040054082870483
69.667008248 -147.4289851989597 -9.193132636137307 30.040122747421265
69.686870634 -147.3128200378269 -9.037334677763283 30.04022192955017
69.707114544 -147.23545797728002 -8.93340325076133 30.04026770591736
69.727083944 -147.11938436888158 -8.777609107084572 30.04037070274353
69.746862736 -147.0420223083347 -8.6737463446334 30.04043173789978
69.766848877 -146.92604025267065 -8.51795029360801 30.040549993515015
69.786869471 -146.84869345091283 -8.414160964079201 30.04064154624939
69.807034704 -146.73275717161596 -8.258408782072365 30.040759801864624
69.82702217 -146.6554714050144 -8.154625174589455 30.040855169296265
69.847009165 -146.53951986692846 -7.9990427466109395 30.04104971885681
69.86690598 -146.46221884153783 -7.895401713438332 30.04119086265564
69.886855612 -146.34628256224096 -7.74005198199302 30.041431188583374
69.906961541 -146.2689967956394 -7.636510130949318 30.041579961776733
69.927201434 -146.1530299987644 -7.481333014555275 30.041827917099
69.946868239 -146.0757137145847 -7.377921340055764 30.042007207870483
69.966871319 -145.95970114134252 -7.22286915499717 30.042285680770874
69.98683811 -145.88230856321752 -7.119588133879006 30.042484045028687
70.006999593 -145.7661891784519 -6.964707610197365 30.04277777671814
70.026998596 -145.68873556517065 -6.861512419767678 30.04298758506775
70.046859524 -145.57249411009252 -6.70681166369468 30.043338537216187
70.066906455 -145.49497946165502 -6.603667018003762 30.043586492538452
70.086868864 -145.37863119505346 -6.4490621061995625 30.04397940635681
70.107054527 -145.30104025267065 -6.3460252257063985 30.044246435165405
70.128149678 -145.18461569212377 -6.191618201322854 30.044666051864624
70.14808842 -145.10697897337377 -6.088749644346535 30.044959783554077
70.168070437 -144.99052389524877 -5.934508559294045 30.045390844345093
70.188053865 -144.91285665892065 -5.831757781095803 30.045669317245483
70.208939249 -144.7963405456394 -5.67762875277549 30.04602026939392
70.228726623 -144.7186580505222 -5.574921843595803 30.046245336532593
70.248239259 -144.6020809020847 -5.420930621214211 30.046523809432983
70.268094818 -144.52438314817846 -5.318248984403908 30.046672582626343
70.288161849 -144.40777548216283 -5.164332148618996 30.04686713218689
70.308178342 -144.3300319518894 -5.061737773008645 30.04697012901306
70.329159191 -144.21337850950658 -4.907860037870705 30.04711127281189
70.349181121 -144.13555868528783 -4.805348631925881 30.047183752059937
70.369042996 -144.01884420774877 -4.651510474272072 30.047244787216187
70.389108326 -143.9409938659519 -4.549062964506447 30.0473210811615
70.409185598 -143.82423361204565 -4.395401236601174 30.047378301620483
70.4291391 -143.7463680114597 -4.293019053526223 30.047412633895874
70.449135804 -143.62953146360815 -4.139525649137795 30.047435522079468
70.469114732 -143.55163534544408 -4.037159678526223 30.047378301620483
70.489103025 -143.43470724485815 -3.8837022753432393 30.04729437828064
70.509211848 -143.35673483274877 -3.781389948911965 30.047210454940796
70.529131986 -143.2396999206394 -3.627926346845925 30.047054052352905
70.549156689 -143.16162069700658 -3.525679108686745 30.046954870224
70.569049247 -143.04441793821752 -3.3722302885726094 30.046741247177124
70.589098862 -142.96624716185033 -3.269957778044045 30.046607732772827
70.609250324 -142.8489070739597 -3.11659097392112 30.04642081260681
70.629159901 -142.77062948606908 -3.0143065424636006 30.04624915122986
70.649129465 -142.6531520690769 -2.8610446425154805 30.046111822128296
70.669093318 -142.57481344603002 -2.7588455649092793 30.046001195907593
70.689180148 -142.45724447630346 -2.6056611509993672 30.045848608016968
70.709207787 -142.37884481810033 -2.503572699613869 30.045734167099
70.729162595 -142.26121481321752 -2.350501057691872 30.045547246932983
70.749484808 -142.1827693786472 -2.2485234709456563 30.045448064804077
70.769050207 -142.06510885618627 -2.095601555891335 30.04525351524353
70.789159641 -141.9866481628269 -1.9937000246718526 30.0451238155365
70.809220204 -141.8689266052097 -1.8409143658354878 30.044929265975952
70.829149743 -141.79045065306127 -1.7390098543837667 30.044749975204468
70.849123692 -141.67265280149877 -1.5862317057326436 30.044456243515015
70.869096812 -141.59410055540502 -1.4843794079497457 30.044269323349
70.889188117 -141.47618063353002 -1.3315789671614766 30.043948888778687
70.909271729 -141.39752157591283 -1.229767200537026 30.043750524520874
70.929158323 -141.27952536009252 -1.0770546169951558 30.04344153404236
70.949139135 -141.2008357848972 -0.9752957196906209 30.04323172569275
70.969065559 -141.08274801634252 -0.8225942822173238 30.04287314414978
70.989086959 -141.0039821472019 -0.7208256693556905 30.042644262313843
71.009211118 -140.88580282591283 -0.5682176323607564 30.04233145713806
71.029153665 -140.80697592161596 -0.46644764859229326 30.042091131210327
71.049139284 -140.68868978880346 -0.3138748975470662 30.04177451133728
71.069098676 -140.6098171081394 -0.21215237397700548 30.041545629501343
71.089135917 -140.49146994017065 -0.05957723129540682 30.041167974472046
71.109243892 -140.41253622435033 0.04208177234977484 30.04093909263611
71.129177109 -140.2940975036472 0.19464884977787733 30.04058814048767
71.149133639 -140.2151180114597 0.2963390378281474 30.04037833213806
71.169072414 -140.0966335143894 0.4488368956372142 30.040111303329468
71.189087744 -140.01762350462377 0.5504496721550822 30.039958715438843
71.209201521 -139.89909323118627 0.7028104094788432 30.039771795272827
71.229168296 -139.82012899778783 0.8044283417984843 30.03965735435486
71.249232671 -139.70165975950658 0.9567670254036784 30.039558172225952
71.269101224 -139.6227107848972 1.058315041474998 30.039500951766968
71.28937062 -139.50428732298315 1.2106101540848613 30.039417028427124
71.309508895 -139.42533834837377 1.3120842007920146 30.039382696151733
71.329177193 -139.30694540403783 1.4642932442948222 30.03927969932556
71.349106574 -139.22801168821752 1.565714600495994 30.039268255233765
71.369057682 -139.10960348509252 1.7177695063874125 30.039260625839233
71.38909505 -139.03065451048315 1.819137099198997 30.03924536705017
71.409367359 -138.9121852722019 1.9710987834259868 30.039287328720093
71.429200073 -138.8332057800144 2.072390797547996 30.039321660995483
71.449107635 -138.71470602415502 2.22422933857888 30.03942084312439
71.469147037 -138.63572653196752 2.3254013089463115 30.039504766464233
71.489099445 -138.51725729368627 2.477128985337913 30.039615392684937
71.509246005 -138.43824728392065 2.578226569108665 30.03970694541931
71.529203277 -138.31979330442846 2.7298769978806376 30.039806127548218
71.5491383 -138.24081381224096 2.8309433488175273 30.039897680282593
71.569093056 -138.12231405638158 2.982499840669334 30.040046453475952
71.589087903 -138.04333456419408 3.0835607079789042 30.04009985923767
71.609419611 -137.92481954954565 3.235049012117088 30.040202856063843
71.629179916 -137.84579428099096 3.3360161809250712 30.040252447128296
71.649118845 -137.72723348997533 3.4874165086075664 30.040290594100952
71.669118866 -137.6481471862644 3.588283541612327 30.04032874107361
71.689143073 -137.52946432493627 3.739622118882835 30.040290594100952
71.709215615 -137.45030172728002 3.8404274014756083 30.04030966758728
71.729377257 -137.33158834837377 3.991631749086082 30.040218114852905
71.749118717 -137.25241049192846 4.092384579591453 30.040130376815796
71.769089356 -137.13363607786596 4.2434570817276835 30.039985418319702
71.789153619 -137.0543971862644 4.3442189721390605 30.039836645126343
71.809242374 -136.93547018431127 4.495279076509178 30.039642095565796
71.829419326 -136.8561092223972 4.595975640229881 30.039500951766968
71.849229341 -136.7369685973972 4.747044804506004 30.039252996444702
71.869122611 -136.6575008239597 4.847718956880271 30.03910803794861
71.889162059 -136.53819235228002 4.998819592408836 30.038799047470093
71.909191891 -136.45863302610815 5.099547150544822 30.03860068321228
71.929452014 -136.33921774290502 5.2506282357499 30.038310766220093
71.949112464 -136.25956686399877 5.351432087831199 30.03811240196228
71.96909036 -136.1400447692722 5.502481701783836 30.03790259361267
71.989168956 -136.06034811399877 5.603225472383201 30.037700414657593
72.009236966 -135.94078024290502 5.754263642244041 30.03741431236267
72.029196766 -135.86105307005346 5.854934456758201 30.03719687461853
72.049105268 -135.74145468138158 6.005923035554588 30.036739110946655
72.069119778 -135.66168173216283 6.106527569703758 30.036449193954468
72.089110201 -135.54197653196752 6.257510903291404 30.035842657089233
72.109217469 -135.46214254759252 6.358145001344383 30.035442113876343
72.1292824 -135.3423610534519 6.509066822938621 30.034839391708374
72.149095119 -135.26249655149877 6.6097781686112285 30.03440833091736
72.169159285 -135.1426540222019 6.760763409547508 30.033828496932983
72.189136363 -135.06274374388158 6.86143899243325 30.033435583114624
72.209254317 -134.9428249206394 7.012473347596824 30.032840490341187
72.230469403 -134.86283834837377 7.113108876161277 30.03248953819275
72.25040917 -134.74281271360815 7.264054539613426 30.031924962997437
72.270395159 -134.66276510618627 7.364632370881736 30.031585454940796
72.290514157 -134.54264791868627 7.515559914521873 30.030959844589233
72.310870985 -134.46252401731908 7.616145375184715 30.030555486679077
72.331881788 -134.34228475950658 7.76699376385659 30.029990911483765
72.351718674 -134.26208456419408 7.86764073651284 30.02956748008728
72.371632959 -134.14173849485815 8.018537285737693 30.02901816368103
72.391747375 -134.06144674681127 8.119150879792869 30.02865195274353
72.411980977 -133.94096334837377 8.270086052827537 30.028087377548218
72.43169045 -133.86061056517065 8.370658638887107 30.027766942977905
72.451709359 -133.74000509642065 8.521606209687889 30.027271032333374
72.471666675 -133.65956076048315 8.622228386811912 30.02696204185486
72.49168152 -133.53886373899877 8.773142579011619 30.026530981063843
72.511909065 -133.4584041442722 8.873720887117088 30.02626395225525
72.53169621 -133.33770712278783 9.024536850862205 30.025890111923218
72.551748693 -133.25726278685033 9.125161889009178 30.025588750839233
72.571608483 -133.13658102415502 9.2760188607499 30.025161504745483
72.591693766 -133.05612142942846 9.376582863740623 30.024829626083374
72.611763914 -132.9354549255222 9.52743315976113 30.02425742149353
72.631712331 -132.85499533079565 9.627928498201072 30.02389121055603
72.651741454 -132.73442037962377 9.778699639253318 30.02321219444275
72.671648646 -132.65406759642065 9.879137757234275 30.022804021835327
72.691690463 -132.53361471556127 10.02964663784951 30.022266149520874
72.711717273 -132.45342977903783 10.129953148774803 30.021934270858765
72.731703177 -132.3332820739597 10.280091050080955 30.02160620689392
72.751773428 -132.25331076048315 10.380000832490623 30.021453619003296
72.771589618 -132.13365133665502 10.529427292756736 30.02144980430603
72.791644497 -132.0541072692722 10.628748658113182 30.021564245224
72.811880402 -131.9352565612644 10.777220490388572 30.02194571495056
72.83208494 -131.85630758665502 10.875780823640525 30.02238440513611
72.851699643 -131.73858602903783 11.0229671029374 30.02325415611267
72.871697814 -131.66052206419408 11.120540383271873 30.02403235435486
72.891713472 -131.54411276243627 11.2660090951249 30.025520086288452
72.91206802 -131.46708639524877 11.36230922024697 30.026710271835327
72.931686771 -131.35230978392065 11.505656006745994 30.02877402305603
72.951782545 -131.27642782591283 11.600417855195701 30.030315160751343
72.971589982 -131.16358908079565 11.74123931210488 30.03287100791931
72.991638445 -131.08900411985815 11.834237816743553 30.034717321395874
73.011949287 -130.97839315794408 11.972166779451072 30.037673711776733
73.031688839 -130.90527304075658 12.063194039277732 30.03976035118103
73.051740865 -130.79699667356908 12.197942498140037 30.04302191734314
73.07164313 -130.72564657591283 12.286644699983299 30.04527258872986
73.091670214 -130.61991842649877 12.41794944088906 30.048713445663452
73.111869546 -130.5504909362644 12.5041101006791 30.051021337509155
73.131700858 -130.44764669798315 12.631541970185935 30.054515600204468
73.151719698 -130.38011129759252 12.71518016140908 30.05681586265564
73.171735263 -130.28036459349096 12.838548424653709 30.06019949913025
73.191886998 -130.2147975768894 12.91950202267617 30.062427282333374
73.211891728 -130.11827047728002 13.038576844148338 30.065574407577515
73.231683603 -130.05497702024877 13.11655020993203 30.06760001182556
73.251740412 -129.96163900755346 13.231358292512596 30.070502996444702
73.271692571 -129.90069540403783 13.306233170442283 30.072303533554077
73.291684147 -129.8106990661472 13.416648629121482 30.074992895126343
73.311851774 -129.75218161009252 13.488355400972068 30.07713294029236
73.332974631 -129.66639669798315 13.593289139680564 30.08144736289978
73.352954532 -129.6106258239597 13.66137385647744 30.084876775741577
73.37287287 -129.5290065612644 13.760559800080955 30.090896368026733
73.393020254 -129.47567709349096 13.82479644101113 30.09557318687439
73.413557381 -129.39758261106908 13.917626145295799 30.10356879234314
73.432968254 -129.3463893737644 13.97736335080117 30.109512090682983
73.453096238 -129.27056845091283 14.063696625642478 30.119056463241577
73.47292367 -129.22068746946752 14.118661644868553 30.125808477401733
73.493173797 -129.14617880247533 14.197892907075584 30.136192083358765
73.513006902 -129.09669454954565 14.248309853486717 30.143211126327515
73.532979638 -129.0224147643894 14.320242646150291 30.15368628501892
73.553025321 -128.9727321472019 14.365992310456932 30.16050696372986
73.572879903 -128.89779623411596 14.430862191133201 30.170371770858765
73.592989585 -128.8474880065769 14.471853020600975 30.176650762557983
73.613286099 -128.77120932005346 14.529093506745994 30.185474157333374
73.63294377 -128.71978720091283 14.564815285615623 30.19096350669861
73.65295535 -128.6416774597019 14.6147058038041 30.19851279258728
73.672943087 -128.58872946165502 14.645060303620994 30.203052282333374
73.693034786 -128.50819357298315 14.687001946382225 30.209235906600952
73.713009961 -128.45358236692846 14.712279084138572 30.21290946006775
73.732968194 -128.37022360228002 14.746116402558982 30.21776556968689
73.752957186 -128.3137966003269 14.766199829988182 30.220618963241577
73.772897725 -128.22730978392065 14.791740181855857 30.224197149276733
73.793067119 -128.1686092223972 14.806090119294822 30.226238012313843
73.813047102 -128.07890280149877 14.823573830537498 30.22882056236267
73.83301661 -128.0179744567722 14.832523110322654 30.230235815048218
73.853067781 -127.92485006712377 14.841874840669334 30.231937170028687
73.872938264 -127.8612819518894 14.84496760647744 30.232715368270874
73.89300364 -127.76422842405736 14.845770600251853 30.23351263999939
73.913358411 -127.6981960143894 14.843509438447654 30.23370337486267
73.932998801 -127.59709127806127 14.835967781953514 30.23342490196228
73.953017604 -127.52854879759252 14.828499558381736 30.23289465904236
73.972865015 -127.42333181761205 14.812842133454978 30.231387853622437
73.993009508 -127.35193594358861 14.799911263398826 30.229968786239624
74.013027536 -127.2429729308933 14.776831391267478 30.227222204208374
74.032953487 -127.16873129270971 14.758631470613182 30.224902868270874
74.052954737 -127.05567892454565 14.727968933992088 30.220882177352905
74.072935361 -126.97897299192846 14.705063584260643 30.217803716659546
74.092960616 -126.86228903196752 14.667485955171287 30.212653875350952
74.113030279 -126.78322561644018 14.640101197175682 30.20884680747986
74.132989278 -126.66276510618627 14.595628502778709 30.202647924423218
74.152983805 -126.58142050169408 14.563953164033592 30.198264837265015
74.172899557 -126.4573283996433 14.512911560945213 30.191211462020874
74.193012283 -126.37351187132299 14.476878884248435 30.18630576133728
74.213003656 -126.24620779417455 14.419893029145896 30.178691625595093
74.233066926 -126.16007192991674 14.379779580049217 30.17342734336853
74.252968698 -126.02951010130346 14.316974404267967 30.165462255477905
74.272933955 -125.94142874144018 14.273250344209373 30.16006064414978
74.292978812 -125.80776937864721 14.205007317475975 30.151862859725952
74.313015397 -125.71783407591283 14.157901528291404 30.146384954452515
74.332989467 -125.58127554319799 14.084600212983787 30.13814902305603
74.352954434 -125.48963125608861 14.034327271394432 30.132678747177124
74.372887007 -125.35070761106908 13.956618073396385 30.12453818321228
74.392925707 -125.25738485716283 13.903431656770408 30.11919379234314
74.413691109 -125.1163860168308 13.82165217678994 30.11131262779236
74.43299237 -125.02159078978002 13.76585269253701 30.106162786483765
74.452983583 -124.87853964231908 13.680364373140037 30.0985906124115
74.472942239 -124.78250845335424 13.622217896394432 30.093669652938843
74.493062801 -124.63758047483861 13.533348801545799 30.086482763290405
74.513034211 -124.54049642942846 13.473036530427635 30.08184790611267
74.533074932 -124.3939739074558 13.381051781587303 30.075164556503296
74.552978765 -124.29586752317846 13.318773034028709 30.07092261314392
74.57290372 -124.14810140989721 13.22397971432656 30.064857244491577
74.592949103 -124.0491252746433 13.160003426484764 30.06103491783142
74.613035491 -123.90030630491674 13.06271434109658 30.055579900741577
74.632975442 -123.80079611204565 12.9972741631791 30.0522038936615
74.652977433 -123.65120657347143 12.898024323396385 30.04738974571228
74.672940595 -123.55125387571752 12.831251862458885 30.04440665245056
74.692949698 -123.4010539855808 12.730257752351463 30.04030966758728
74.713122098 -123.30077322386205 12.662290337495506 30.037788152694702
74.732992002 -123.15019186399877 12.559763672761619 30.03432822227478
74.752951842 -123.04970510862768 12.490916970185935 30.032214879989624
74.77293347 -122.8988567199558 12.386936905793846 30.029300451278687
74.792945968 -122.79822500608861 12.317394974641502 30.027557134628296
74.813096224 -122.64719351194799 12.212380173616111 30.02519202232361
74.833597872 -122.54647024534643 12.142068627290428 30.02380347251892
74.852965742 -122.3953395690769 12.036194565705955 30.02196478843689
74.873005649 -122.29456289671361 11.965198281221092 30.020885229110718
74.892944383 -122.14343222044408 11.85842681210488 30.01950430870056
74.913022429 -122.0426784362644 11.786889794282615 30.018707036972046
74.93299463 -121.89163931272924 11.679580452851951 30.01780676841736
74.953023258 -121.79098471067846 11.607806923799217 30.017341375350952
74.972901981 -121.6400676574558 11.499811890535057 30.01683783531189
74.99296603 -121.53956564329565 11.427909615449607 30.016681432724
75.013056469 -121.38889273069799 11.319619896821678 30.01660132408142
75.033797931 -121.28853567503393 11.247331383638084 30.016681432724
75.052977843 -121.1381374206394 11.138782265596092 30.016925573349
75.07298214 -121.03793295286596 11.066154244355857 30.017173528671265
75.092918423 -120.88784750364721 10.957438233308494 30.01781439781189
75.113145825 -120.7878948058933 10.884818795137107 30.018340826034546
75.13297865 -120.6381145324558 10.775683167390525 30.019241094589233
75.152984789 -120.5383830871433 10.702828171662986 30.01988196372986
75.172931132 -120.38897665403783 10.593398812226951 30.02092719078064
75.192919327 -120.28958090208471 10.52067446988076 30.021732091903687
75.213059914 -120.14059408567846 10.411270859651268 30.022952795028687
75.232983443 -120.04138906858861 10.338336708955467 30.02383017539978
75.252976991 -119.89276083372533 10.228943589143455 30.02518057823181
75.27296548 -119.79374655149877 10.155810120515525 30.02609610557556
75.29292146 -119.64545400999486 10.04641795437783 30.027599096298218
75.313205479 -119.5466838683933 9.973376992158592 30.02862524986267
75.333128684 -119.39865072630346 9.86364436428994 30.030174016952515
75.35292879 -119.3001247253269 9.790659668855369 30.031280279159546
75.3729209 -119.15238912962377 9.680857422761619 30.032909154891968
75.392895742 -119.05399282835424 9.607623818330467 30.033992528915405
75.413084152 -118.90645559690893 9.497480156831443 30.035560369491577
75.433039141 -118.80819662474096 9.42405581753701 30.036590337753296
75.454064012 -118.66090353392065 9.31394553463906 30.03813910484314
75.473991434 -118.56274374388158 9.240345719270408 30.039142370224
75.493983021 -118.41564901731908 9.130291703157127 30.040687322616577
75.514143894 -118.31763418577611 9.0568444756791 30.0417058467865
75.536257963 -118.17064627073705 8.946550133638084 30.04321265220642
75.556033806 -118.07273825071752 8.87327170651406 30.044246435165405
75.575997691 -117.92588766478002 8.763067963533103 30.045737981796265
75.596150315 -117.82802542112768 8.689617875032127 30.046699285507202
75.61691902 -117.68129690550268 8.579446556977928 30.048106908798218
75.636036684 -117.58348806761205 8.505797150544822 30.04901099205017
75.656493844 -117.43690451048315 8.39563727658242 30.050376653671265
75.676003159 -117.33914907835424 8.321797135286033 30.051231145858765
75.696120719 -117.19264944456518 8.211403611116111 30.05248999595642
75.716056744 -117.09500082395971 8.137725594453514 30.053291082382202
75.736041874 -116.9485622253269 8.027081253938377 30.05444312095642
75.756047437 -116.85099752806127 7.953534844331443 30.05519461631775
75.775973014 -116.70460470579565 7.842901471070945 30.05624747276306
75.79611325 -116.60700186155736 7.769131901673973 30.056915044784546
75.816084234 -116.46060140989721 7.658452752046287 30.057883977890015
75.836066388 -116.36297567747533 7.584452393464744 30.05849051475525
75.856160269 -116.21659048460424 7.47370648663491 30.059451818466187
75.876007779 -116.11899526976049 7.399765255860984 30.06005072593689
75.896142914 -115.97257955931127 7.288683655671775 30.06088614463806
75.916093768 -115.87496908567846 7.21478486340493 30.06143546104431
75.936025806 -115.72848471067846 7.10333466809243 30.06219458580017
75.956026539 -115.63086660765111 7.029192212037742 30.06274390220642
75.975960626 -115.48441275022924 6.917655709199607 30.063525915145874
75.996128896 -115.38678701780736 6.843266728334129 30.064044713974
76.016091294 -115.24038656614721 6.73161196988076 30.064800024032593
76.036013189 -115.14276846311986 6.656954052858055 30.065261602401733
76.056070157 -114.99640615843236 6.545163872651756 30.06591010093689
76.076068651 -114.89883383177221 6.4704983262345195 30.06631827354431
76.096160547 -114.75247152708471 6.3582899598404765 30.066882848739624
76.117205155 -114.65497549436986 6.283581021241844 30.067256689071655
76.13731944 -114.50869711302221 6.17115521710366 30.067779302597046
76.157197364 -114.41120108030736 6.0961110619828105 30.068111181259155
76.177122132 -114.26498373411596 5.983418705873191 30.068599462509155
76.19760875 -114.16748770140111 5.908056023530662 30.068897008895874
76.217201601 -114.02133139036596 5.794952156953514 30.06932044029236
76.2372757 -113.92389639280736 5.719341996125877 30.069576025009155
76.257190598 -113.77786978147924 5.606112244538963 30.070018529891968
76.277192137 -113.68052633665502 5.530497315339744 30.07030463218689
76.297577149 -113.53452261351049 5.416882279329002 30.070728063583374
76.317213801 -113.43725546263158 5.3412234811112285 30.071025609970093
76.337191934 -113.29132040403783 5.227408173494041 30.071433782577515
76.357201491 -113.1940456237644 5.151461842469871 30.071696996688843
76.377142555 -113.04815634153783 5.0374491242691875 30.072070837020874
76.397349436 -112.95086630247533 4.961229088716209 30.07228446006775
76.417196628 -112.80499990843236 4.8469655541703105 30.07263159751892
76.43719016 -112.70772512815893 4.770639660768211 30.07286047935486
76.457206182 -112.56176718138158 4.65592837613076 30.073211431503296
76.477217465 -112.46445425413549 4.579341652803123 30.073432683944702
76.497289846 -112.31846578978002 4.464290860109031 30.07371497154236
76.517272634 -112.22117575071752 4.387702229432762 30.073920965194702
76.537233213 -112.07517965696752 4.272542241029441 30.07419180870056
76.557187836 -111.9778362121433 4.195737126283348 30.074321508407593
76.577139958 -111.83178671263158 4.08046508114785 30.074493169784546
76.597332974 -111.73437460325658 4.003428938798606 30.074588537216187
76.617230256 -111.58825643919408 3.887989046983421 30.07473349571228
76.637206964 -111.49081381224096 3.8109002141281962 30.074817419052124
76.657215762 -111.34460409544408 3.6950755147263408 30.07497000694275
76.677176297 -111.24716146849096 3.617911580018699 30.075069189071655
76.698122529 -111.10092886351049 3.5018680123612285 30.07518744468689
76.71722195 -111.00342520140111 3.4244267968460917 30.075259923934937
76.737331752 -110.8571315612644 3.3080062894150615 30.075355291366577
76.757177115 -110.75962789915502 3.230357172898948 30.075481176376343
76.777137206 -110.61339529417455 3.1138184098526835 30.07566809654236
76.797293184 -110.51588400267065 3.0359537629410625 30.07577109336853
76.817223699 -110.36966665647924 2.9193127183243632 30.075965642929077
76.837276791 -110.27215536497533 2.841459753923118 30.076087713241577
76.857204912 -110.12585409544408 2.7245407132431865 30.076263189315796
76.877163631 -110.02831228636205 2.646684410981834 30.07640814781189
76.897659016 -109.88195761106908 2.5296554593369365 30.07658362388611
76.917186334 -109.78438528440893 2.451604607515037 30.07670569419861
76.937227172 -109.63800009153783 2.334468605928123 30.07688879966736
76.957214101 -109.54036672972143 2.25621700566262 30.07699942588806
76.977128818 -109.39395864866674 2.1389646558091044 30.07717490196228
76.997272247 -109.29629476927221 2.0605211285874248 30.07723593711853
77.017216815 -109.14990957640111 1.943029168061912 30.077342748641968
77.037185298 -109.0523219909519 1.8645975617691875 30.07741141319275
77.057185749 -108.9059367980808 1.74679637234658 30.077537298202515
77.077153736 -108.80841024778783 1.6683255461975932 30.07762122154236
77.097300054 -108.66208609007299 1.5503904847428203 30.077720403671265
77.117280752 -108.56455191038549 1.4717257050797343 30.07777762413025
77.137192146 -108.41825827024877 1.3536566523835063 30.077850103378296
77.157191339 -108.32070120237768 1.274793746881187 30.07786536216736
77.177157809 -108.17440756224096 1.1565767554566264 30.07788062095642
77.197385229 -108.07685049436986 1.0776681927964091 30.07788062095642
77.217223924 -107.93048056028783 0.9591606287285686 30.077857732772827
77.237238143 -107.83289297483861 0.8802146343514323 30.07786536216736
77.257192127 -107.68642385862768 0.7614371804520488 30.077823400497437
77.277191211 -107.5888210143894 0.68234724085778 30.07781195640564
77.297338635 -107.44239004515111 0.5635160831734538 30.077789068222046
77.317226567 -107.34476431272924 0.48427173774689436 30.077773809432983
77.337231237 -107.19833334349096 0.3653930751606822 30.077766180038452
77.357196333 -107.10067709349096 0.2860216526314616 30.077766180038452
77.377133688 -106.95420797728002 0.16712284367531538 30.077796697616577
77.397294602 -106.8565212097019 0.08778166305273771 30.07780432701111
77.417257956 -106.70993765257299 -0.031341602094471455 30.077789068222046
77.437193348 -106.61218222044408 -0.11068038363009691 30.07779288291931
77.457210797 -106.46547659300268 -0.22988128382712603 30.077701330184937
77.477188614 -106.36763723753393 -0.3093803497031331 30.077647924423218
77.497331544 -106.22081716917455 -0.4286951990798116 30.077556371688843
77.517271945 -106.12288626097143 -0.508366939611733 30.07748007774353
77.537180903 -105.97598226927221 -0.6279010148718953 30.07735800743103
77.557198801 -105.87801321409643 -0.7077039452269673 30.07729697227478
77.577156604 -105.73107107542455 -0.8273177118971944 30.077213048934937
77.597271346 -105.63308676145971 -0.9071550937369466 30.077125310897827
77.617225422 -105.48606832884252 -1.027051088400185 30.076953649520874
77.637186605 -105.38803060911596 -1.106960174627602 30.0768620967865
77.657199461 -105.24091299436986 -1.227013942785561 30.076751470565796
77.67719427 -105.14279898069799 -1.3071057768538594 30.07667899131775
77.697338658 -104.99557455442846 -1.427327391691506 30.076575994491577
77.717225564 -104.89737661741674 -1.5075964899733663 30.076507329940796
77.737247182 -104.74999197386205 -1.6279832096770406 30.076419591903687
77.75719693 -104.65167196653783 -1.7083071442320943 30.076350927352905
77.777292946 -104.50409658811986 -1.8288900824263692 30.076251745224
77.797310688 -104.40566976927221 -1.9093344183638692 30.076186895370483
77.817283769 -104.25797232054174 -2.0300836535170674 30.07608389854431
77.837203629 -104.15942343138158 -2.1105182142928243 30.076026678085327
77.857266388 -104.0115276183933 -2.2313125105574727 30.075908422470093
77.877180816 -103.91287191770971 -2.3118622275069356 30.07583975791931
77.897336125 -103.76479299925268 -2.4327206583693624 30.07573676109314
77.917241302 -103.66603048704565 -2.513387438841164 30.075660467147827
77.937206418 -103.5177532043308 -2.6343038054183125 30.075584173202515
77.957242705 -103.41883047483861 -2.7149739237502217 30.075519323349
77.977131486 -103.27036245726049 -2.836066004820168 30.075416326522827
77.997264212 -103.17128713987768 -2.916775939054787 30.07536292076111
78.017234028 -103.02261312864721 -3.0379922362044454 30.075275182724
78.037185407 -102.92343862913549 -3.1188476057723165 30.07524085044861
78.057202532 -102.77464254759252 -3.240259167738259 30.07522177696228
78.077213304 -102.67541464231908 -3.3212237330153584 30.07522177696228
78.097295111 -102.52652700804174 -3.442696806974709 30.07522177696228
78.117334072 -102.42724569700658 -3.5237579317763448 30.075217962265015
78.137210453 -102.27828176878393 -3.645340439863503 30.07516837120056
78.157182028 -102.17895468138158 -3.7264785738661885 30.07516074180603
78.177116283 -102.02991445921361 -3.8483045073226094 30.075122594833374
78.197309069 -101.93053396604955 -3.9295334788039327 30.075088262557983
78.217251148 -101.78140982054174 -4.051498171873391 30.075015783309937
78.237222105 -101.68195303343236 -4.132842776365578 30.074954748153687
78.257226423 -101.53272207640111 -4.254908320493996 30.074878454208374
78.277286593 -101.43321951292455 -4.336357829160988 30.074825048446655
78.297290445 -101.2838893737644 -4.4585506888106465 30.07480216026306
78.317471878 -101.18431814573705 -4.540122744627297 30.074771642684937
78.337230569 -101.03494985960424 -4.662446734495461 30.074783086776733
78.357216664 -100.93534048460424 -4.744025466032326 30.074786901474
78.377158535 -100.78588064573705 -4.8664371939376 30.074817419052124
78.397362599 -100.68617971800268 -4.948032614775002 30.074931859970093
78.417287982 -100.53660543821752 -5.070524451322854 30.075137853622437
78.43719148 -100.43685873411596 -5.1522152395918965 30.07529044151306
78.45721956 -100.28720053099096 -5.274798628874123 30.075572729110718
78.477174747 -100.18741567991674 -5.35658383090049 30.075748205184937
78.497341211 -100.03769644163549 -5.479276892729104 30.07601523399353
78.517259045 -99.93785818479955 -5.561112162657082 30.076186895370483
78.537218625 -99.78807028196752 -5.683926341123879 30.076438665390015
78.557233902 -99.6881633605808 -5.765792605467141 30.07665228843689
78.577123075 -99.53830679319799 -5.8887121649459 30.07693076133728
78.597488967 -99.43839224241674 -5.970603701658547 30.077159643173218
78.61741738 -99.28851278685033 -6.093497988767922 30.07749915122986
78.637188994 -99.18858297728002 -6.175426718778908 30.07773184776306
78.657196367 -99.03869589231908 -6.298330542631447 30.078052282333374
78.677195332 -98.93876608274877 -6.380304572172463 30.07824683189392
78.69727717 -98.78887899778783 -6.503262278623879 30.078567266464233
78.717261204 -98.68895681761205 -6.585268256254494 30.078773260116577
78.737286493 -98.53908499144018 -6.708324667997658 30.079063177108765
78.757249714 -98.4391628112644 -6.790362116880715 30.079246282577515
78.777256574 -98.28929098509252 -6.913470503874123 30.07948660850525
78.797206964 -98.18937643431127 -6.995553252287209 30.07962393760681
78.817578531 -98.03952749632299 -7.118707415647805 30.079776525497437
78.837176929 -97.93963583372533 -7.200845477171242 30.07985281944275
78.857199716 -97.78986318968236 -7.3240244360640645 30.079875707626343
78.877196424 -97.69003256224096 -7.406158682890236 30.079875707626343
78.897209819 -97.5403591003269 -7.529264685697854 30.07982611656189
78.917441253 -97.44058187864721 -7.611346480436623 30.079768896102905
78.937212606 -97.29093893431127 -7.734483000822365 30.079665899276733
78.957349585 -97.19119223020971 -7.816558596678078 30.07961630821228
78.977105204 -97.04158743284643 -7.939711329527199 30.07952857017517
78.997229758 -96.94187887571752 -8.02181935030967 30.079463720321655
79.017374088 -96.7923122253269 -8.145004508085549 30.07937979698181
79.037227696 -96.69259603880346 -8.227154013700783 30.079322576522827
79.057247086 -96.54301412962377 -8.350454566068947 30.079334020614624
79.077175138 -96.44330557249486 -8.432696578092873 30.079353094100952
79.097203439 -96.29374655149877 -8.556117293424904 30.079425573349
79.117272141 -96.19405325315893 -8.63842034060508 30.07948660850525
79.137218683 -96.04451712034643 -8.76190781313926 30.07958960533142
79.157227654 -95.94484671019018 -8.84424423892051 30.07973074913025
79.177121172 -95.7953410949558 -8.967781302519143 30.07992911338806
79.197165285 -95.69567831419408 -9.050160643644631 30.080085515975952
79.217337277 -95.54620321653783 -9.173751113004982 30.080344915390015
79.238384356 -95.44656332395971 -9.256161925382912 30.080512762069702
79.258382979 -95.29711874388158 -9.379808661527932 30.080791234970093
79.278375631 -95.19747885130346 -9.462257620878518 30.080962896347046
79.29849242 -95.04799612425268 -9.585952994413674 30.081184148788452
79.318619793 -94.9483180847019 -9.668411490507424 30.081313848495483
79.338382746 -94.7987590637058 -9.792116400785744 30.081485509872437
79.358867786 -94.69901998899877 -9.874598738737404 30.081573247909546
79.37836092 -94.54939993284643 -9.998304602690041 30.08169913291931
79.398715261 -94.44964559935033 -10.080744025297463 30.081783056259155
79.418446349 -94.29999502561986 -10.204343077726662 30.08190131187439
79.438352137 -94.20021017454565 -10.286727187223732 30.08196997642517
79.458387234 -94.05052908323705 -10.410208937712014 30.082042455673218
79.478346706 -93.95071371458471 -10.492491957731545 30.08209204673767
79.498591142 -93.80094107054174 -10.615857359953225 30.082168340682983
79.518434048 -93.70104940794408 -10.69805454928428 30.08224081993103
79.538359784 -93.55117758177221 -10.821330306120217 30.082347631454468
79.558388387 -93.4512248840183 -10.903478858061135 30.08236289024353
79.578345229 -93.30123098753393 -11.026644942350686 30.08238959312439
79.598497069 -93.20120199583471 -11.108739134855568 30.08241629600525
79.618545667 -93.0510783996433 -11.231775519438088 30.08245062828064
79.638396787 -92.9509807433933 -11.313803908415139 30.082462072372437
79.65839785 -92.80081137083471 -11.436710593290627 30.08243155479431
79.678355187 -92.70067556761205 -11.518615004606545 30.082408666610718
79.698552569 -92.55045278929174 -11.64142441470176 30.08233618736267
79.718648196 -92.4502483215183 -11.723244902677834 30.082298040390015
79.738359095 -92.29988821409643 -11.845959899015725 30.08224081993103
79.758383619 -92.19961508177221 -11.927744147367775 30.082221746444702
79.778298575 -92.04917868040502 -12.050365683622658 30.082221746444702
79.79850149 -91.94886740110815 -12.132093665190041 30.082229375839233
79.818477732 -91.79832418821752 -12.254591223783791 30.082305669784546
79.838392111 -91.6979289855808 -12.33624577242881 30.08236289024353
79.858564617 -91.5472942199558 -12.45870899874717 30.082481145858765
79.878353446 -91.44680746458471 -12.540337798185647 30.082584142684937
79.899735961 -91.2960735168308 -12.662774321623147 30.082713842391968
79.918438856 -91.19553335569799 -12.74435066897422 30.08282446861267
79.938374448 -91.04470022581518 -12.866711852140725 30.082977056503296
79.95839347 -90.94411428831518 -12.948287245817482 30.083045721054077
79.978318566 -90.79318197630346 -13.070645567961037 30.083160161972046
79.998516973 -90.69254263304174 -13.152210471220315 30.08323645591736
80.018667908 -90.54148062132299 -13.274602171964943 30.083404302597046
80.038411315 -90.44074209593236 -13.356186148710549 30.08352255821228
80.058393723 -90.28959616087377 -13.478544470854104 30.083781957626343
80.078366266 -90.18876608274877 -13.560106513090432 30.083995580673218
80.098504927 -90.03747518919408 -13.682420966215432 30.08433508872986
80.118437481 -89.93656881712377 -13.76394295413047 30.084583044052124
80.13839195 -89.78511770628393 -13.88623356539756 30.084964513778687
80.158423242 -89.68412741087377 -13.96775269228965 30.085227727890015
80.178325371 -89.53259237669408 -14.0900061102584 30.08561682701111
80.198445095 -89.43154867552221 -14.17148804385215 30.08586096763611
80.218461348 -89.27986868284643 -14.293703314848244 30.08620810508728
80.238409557 -89.17871817015111 -14.37516522128135 30.08642554283142
80.258394642 -89.02693899534643 -14.497331854887307 30.08671545982361
80.278361447 -88.92568930052221 -14.578811881132424 30.086910009384155
80.29842311 -88.77376516722143 -14.701028105802834 30.087188482284546
80.318812037 -88.6724391784519 -14.782526251859963 30.087390661239624
80.338394919 -88.52034719847143 -14.904775855131447 30.08770728111267
80.358414161 -88.41892965696752 -14.986256835050881 30.087905645370483
80.3783122 -88.2666545715183 -15.108529326505959 30.088268041610718
80.39848648 -88.16509970091283 -15.190039870329201 30.088504552841187
80.418445328 -88.01270254515111 -15.312299964018166 30.08885931968689
80.438549412 -87.9110637512058 -15.393771407194436 30.089099645614624
80.458386611 -87.75856741331518 -15.515927550382912 30.089526891708374
80.478370199 -87.65678366087377 -15.597379920072854 30.089851140975952
80.498420256 -87.50411184690893 -15.719528433866799 30.090343236923218
80.518541329 -87.40228994749486 -15.800963637419045 30.09069037437439
80.53839606 -87.24951132200658 -15.923131224699318 30.091224431991577
80.558445374 -87.14765127561986 -16.004554984159768 30.091594457626343
80.578324476 -86.99475820921361 -16.12672829348594 30.092193365097046
80.598390803 -86.89282186888158 -16.208160636015236 30.09258246421814
80.618517138 -86.73989065550268 -16.33028053957969 30.093143224716187
80.638430879 -86.63792379759252 -16.411699530668557 30.093555212020874
80.658417436 -86.48498495481908 -16.533781287260354 30.094154119491577
80.678435602 -86.38300283811986 -16.6151583166793 30.094558477401733
80.698368269 -86.2300563659519 -16.73716950137168 30.095130681991577
80.718454071 -86.12808950804174 -16.818498847074807 30.095515966415405
80.738396535 -85.97514303587377 -16.940468070097268 30.09609580039978
80.758397284 -85.87319143675268 -17.021738287992775 30.096442937850952
80.778344544 -85.72021444700658 -17.143673178739846 30.096988439559937
80.798368686 -85.61823233030736 -17.224935767240822 30.097301244735718
80.818461423 -85.46525534056127 -17.346779105253518 30.09769034385681
80.838389556 -85.36325796507299 -17.42801117617637 30.097957372665405
80.858391303 -85.2102809753269 -17.549787756986916 30.09832739830017
80.878386065 -85.10827597044408 -17.630951163358986 30.098552465438843
80.898384748 -84.95523794554174 -17.75268578249961 30.09889578819275
80.918421735 -84.85321005247533 -17.833797690458596 30.099109411239624
80.938493906 -84.70006521604955 -17.955536124296486 30.099387884140015
80.958367509 -84.59799154661596 -18.036609885282815 30.099490880966187
80.978319211 -84.44483145140111 -18.158218619413674 30.09962821006775
80.998347816 -84.34271963499486 -18.23924278933555 30.099685430526733
81.018484425 -84.18952139280736 -18.360700842924416 30.09973120689392
81.038398321 -84.08734854124486 -18.44168305117637 30.099742650985718
81.058422953 -83.93408163450658 -18.563072440214455 30.09977698326111
81.078349071 -83.83187063597143 -18.64398026186973 30.09978461265564
81.098365938 -83.67849691770971 -18.765316245146096 30.099769353866577
81.118414911 -83.57626303099096 -18.846134421415627 30.099746465682983
81.13839445 -83.42291983030736 -18.96735214907676 30.09970450401306
81.158414231 -83.32073934935033 -19.048084494657815 30.099719762802124
81.178313405 -83.16760214231908 -19.169027564115822 30.09979224205017
81.198333832 -83.06558187864721 -19.249614951200783 30.09990668296814
81.218489721 -82.91284902952611 -19.37014984805137 30.100177526474
81.238564973 -82.81121786497533 -19.450388190336525 30.100475072860718
81.258378992 -82.65918692015111 -19.57037186343223 30.10109305381775
81.278393126 -82.55813558958471 -19.65011810977012 30.101642370224
81.298368497 -82.40712698362768 -19.769270178861916 30.102718114852905
81.318488088 -82.30687673948705 -19.848329779691994 30.103587865829468
81.338390531 -82.15724905394018 -19.966324088163674 30.10521674156189
81.358409615 -82.05804403685033 -20.044515845365822 30.10647177696228
81.378335491 -81.91011770628393 -20.161035773344338 30.1086003780365
81.3983639 -81.81221731565893 -20.23811173159629 30.110225439071655
81.418459703 -81.66641958616674 -20.35278153140098 30.112891912460327
81.438992645 -81.57001455686986 -20.428529975004494 30.114818334579468
81.458357929 -81.42673452757299 -20.541031119413674 30.117961645126343
81.478487892 -81.33206900022924 -20.615297553129494 30.12015128135681
81.498337156 -81.19158895872533 -20.725445029325783 30.12358832359314
81.518440992 -81.09887655638158 -20.798071143217385 30.125938177108765
81.538404853 -80.9616008605808 -20.90545487124473 30.129600286483765
81.558401903 -80.87119253538549 -20.976104971952736 30.132091283798218
81.578356599 -80.73728140257299 -21.08063339907676 30.135867834091187
81.598348101 -80.64936025999486 -21.149160620756447 30.138450384140015
81.618487204 -80.51919515989721 -21.250492331571877 30.142303228378296
81.6384463 -80.43370016478002 -21.316951987333596 30.144878149032593
81.658614425 -80.30746420286596 -21.414972540922463 30.148746252059937
81.678390132 -80.22453268431127 -21.479297873564065 30.151267766952515
81.698325198 -80.10242422483861 -21.5738928290084 30.15499472618103
81.718601648 -80.02237661741674 -21.635807272978127 30.157451391220093
81.73839799 -79.90468557737768 -21.726667639799416 30.161895513534546
81.758383086 -79.82788809202611 -21.785843131132424 30.165420293807983
81.778324041 -79.71501119993627 -21.87255882937461 30.17131018638611
81.798323466 -79.64150961302221 -21.92872452456504 30.1757390499115
81.818472463 -79.53321798704565 -22.010744330473244 30.18328070640564
81.838381034 -79.46234854124486 -22.063698050566018 30.188995122909546
81.858491483 -79.35767324827611 -22.140419241972268 30.198508977890015
81.878374491 -79.28860433958471 -22.189903494901955 30.205329656600952
81.898320536 -79.18609579466283 -22.261049506254494 30.216312170028687
81.918472271 -79.11802633665502 -22.306656119413674 30.223884344100952
81.939213467 -79.01605947874486 -22.372318503446877 30.235423803329468
81.958413088 -78.94799765013158 -22.413957831449807 30.243282079696655
81.978474814 -78.84539755247533 -22.473770377226174 30.254859685897827
81.998311672 -78.7765422668308 -22.511665579862893 30.262412786483765
82.018604098 -78.67237814329565 -22.565820929594338 30.273261785507202
82.038426479 -78.60219534300268 -22.59992813784629 30.280181646347046
82.058393871 -78.49557455442846 -22.648113486357033 30.289966344833374
82.078399462 -78.42368276976049 -22.67845177371055 30.29598593711853
82.098322095 -78.31394155882299 -22.720684287138283 30.30421805381775
82.118584429 -78.23971517942846 -22.746958014555275 30.309093236923218
82.138448899 -78.12670095823705 -22.783546683378518 30.31544852256775
82.158415689 -78.04987295530736 -22.805740592069924 30.318984746932983
82.178340703 -77.93292196653783 -22.836338278837502 30.32327628135681
82.198303682 -77.85355337522924 -22.854744193144143 30.325435400009155
82.219273023 -77.73231466673315 -22.87940621096641 30.327613592147827
82.238725885 -77.65026815794408 -22.89407562930137 30.32842993736267
82.258386065 -77.52455099485815 -22.912876364775002 30.32858633995056
82.278396669 -77.43974264524877 -22.923845526762307 30.328140020370483
82.298329911 -77.30988272093236 -22.93720078188926 30.326507329940796
82.318508589 -77.22190054319799 -22.944330451078713 30.324870824813843
82.33842879 -77.0878215637058 -22.952400443144143 30.321662664413452
82.358362575 -76.99660452269018 -22.955852744169533 30.31899619102478
82.378307493 -76.85782583616674 -22.958620307035744 30.31438422203064
82.398316554 -76.76374014280736 -22.958742377348244 30.310920476913452
82.41863607 -76.62029989622533 -22.956415412016213 30.305206060409546
82.439759091 -76.52341421507299 -22.953359839506447 30.301097631454468
82.459670365 -76.37544973753393 -22.946169135160744 30.294578313827515
82.480042463 -76.27547415159643 -22.93987297732383 30.290000677108765
82.499568799 -76.12355764769018 -22.928238150663674 30.282817602157593
82.520300918 -76.02061422728002 -22.91892456728965 30.277873754501343
82.539574027 -75.86487539671361 -22.90318512637168 30.270271062850952
82.559851781 -75.75958212278783 -22.89129471499473 30.26510977745056
82.579501761 -75.60009725950658 -22.87171578127891 30.257285833358765
82.599544647 -75.49259146116674 -22.857477423734963 30.25205969810486
82.619652382 -75.32958181761205 -22.83441757876426 30.244243383407593
82.639628838 -75.21997030638158 -22.817995307035744 30.239036321640015
82.659588588 -75.05369528196752 -22.791729209013283 30.231364965438843
82.679576651 -74.94193228147924 -22.77324700076133 30.22630286216736
82.700699324 -74.77296408079565 -22.74411987978965 30.21879553794861
82.720728798 -74.65924795530736 -22.723757025785744 30.213935613632202
82.740682853 -74.4876018371433 -22.691957709379494 30.20677161216736
82.760684217 -74.37233694456518 -22.669944998808205 30.202144384384155
82.781807918 -74.19831045530736 -22.63576912600547 30.195415258407593
82.801993298 -74.08168753050268 -22.61224198061973 30.191035985946655
82.821917061 -73.90582998655736 -22.575983283109963 30.184741735458374
82.841835811 -73.78808554075658 -22.551155325956643 30.18066382408142
82.861892786 -73.6105495300144 -22.513130423612893 30.174937963485718
82.881852326 -73.49172933958471 -22.487220999784768 30.171287298202515
82.901978292 -73.31287344358861 -22.4475500555709 30.166045904159546
82.921917508 -73.1931911315769 -22.42066597659141 30.162830114364624
82.94191528 -73.01319845579565 -22.379553076811135 30.158206701278687
82.961894795 -72.8928752746433 -22.35169625002891 30.155311346054077
82.981792408 -72.71197470091283 -22.309293982572854 30.151286840438843
83.001992867 -72.5911403503269 -22.2805635901168 30.148738622665405
83.021921802 -72.40953024290502 -22.23707413394004 30.14535117149353
83.041930247 -72.28829153440893 -22.207731482572854 30.14324164390564
83.061934933 -72.10621603392065 -22.16321396548301 30.140327215194702
83.081857111 -71.98474081419408 -22.13323807436973 30.13851523399353
83.102381961 -71.80240591429174 -22.08784317690879 30.135989904403687
83.121924862 -71.68084677122533 -22.057478186674416 30.13454794883728
83.141952005 -71.49844320677221 -22.01145958621055 30.132488012313843
83.161899103 -71.37684591673315 -21.98059105593711 30.131267309188843
83.181864901 -71.19448812864721 -21.934049841947854 30.12963080406189
83.201965989 -71.07290609739721 -21.902744528837502 30.128577947616577
83.2219087 -70.89063986204565 -21.855770346708596 30.127265691757202
83.241908411 -70.76915701292455 -21.824274298734963 30.126468420028687
83.261873835 -70.58697470091283 -21.776767966337502 30.125388860702515
83.281849424 -70.46562155149877 -21.7451574774459 30.124835729599
83.302045209 -70.28362997435033 -21.697410819120705 30.124019384384155
83.32194798 -70.16237600706518 -21.665516135282815 30.12355399131775
83.341879778 -69.98055227659643 -21.61736893374473 30.122871160507202
83.361870711 -69.85943563841283 -21.58522438723594 30.122504949569702
83.381810194 -69.67793997190893 -21.536962744779885 30.122051000595093
83.40197283 -69.55699880979955 -21.504598853178322 30.121726751327515
83.421913917 -69.37583883665502 -21.456245657987893 30.12139868736267
83.441910083 -69.25514944456518 -21.423904654569924 30.121204137802124
83.461875178 -69.07424124144018 -21.37523102480918 30.120891332626343
83.481918346 -68.95385702513158 -21.34289574343711 30.12078070640564
83.502014117 -68.7733684387058 -21.294117209501565 30.120609045028687
83.521968132 -68.65315969847143 -21.261574027128518 30.120525121688843
83.541892524 -68.47301443479955 -21.212728735990822 30.12042212486267
83.561881954 -68.3529582824558 -21.17999291140586 30.120315313339233
83.581816211 -68.17307241819799 -21.131166693754494 30.12026572227478
83.602083933 -68.05310781858861 -21.098297354765236 30.12016272544861
83.621929393 -67.87340505979955 -21.049312827177346 30.120166540145874
83.641969095 -67.75365408323705 -21.01660752017051 30.12016272544861
83.661886416 -67.57406576536596 -20.967485663481057 30.120155096054077
83.681889494 -67.45447500608861 -20.934938666410744 30.12022376060486
83.701937726 -67.2751003112644 -20.885885474272072 30.120261907577515
83.721928409 -67.15557821653783 -20.853204962797463 30.12030005455017
83.741915924 -66.97636373899877 -20.80420517642051 30.120372533798218
83.761866753 -66.8568874206394 -20.771377799101174 30.120410680770874
83.781815129 -66.67780264280736 -20.72236275393516 30.12054419517517
83.801963411 -66.55841787718236 -20.689604041166604 30.120616674423218
83.821930035 -66.37936361692846 -20.640321967191994 30.12071204185486
83.841849214 -66.26005514524877 -20.607607123441994 30.1208074092865
83.861960799 -66.08099325560033 -20.558067557401955 30.120830297470093
83.881860844 -65.9617229308933 -20.525251624174416 30.120891332626343
83.901978712 -65.7827907409519 -20.475794074125588 30.120959997177124
83.921958013 -65.66353567503393 -20.442827460356057 30.12101721763611
83.941888193 -65.48468740843236 -20.39339852053672 30.121097326278687
83.961897119 -65.36542471311986 -20.360285040922463 30.12113928794861
83.981833265 -65.18665274046361 -20.310840842314065 30.12126898765564
84.001941681 -65.0674587097019 -20.277786490507424 30.121341466903687
84.021944509 -64.88864096067846 -20.228061911650002 30.121429204940796
84.04186142 -64.76946981810033 -20.19502663332969 30.121558904647827
84.061892514 -64.59065969847143 -20.14520287234336 30.121684789657593
84.081878075 -64.47145803831518 -20.111959693022072 30.1217839717865
84.101982021 -64.29264791868627 -20.061994788236916 30.12196707725525
84.121967378 -64.17340048216283 -20.028494116850197 30.122051000595093
84.142002459 -63.99459036253393 -19.97817635256797 30.12221121788025
84.161893837 -63.87535818479955 -19.944454428739846 30.12234091758728
84.182023475 -63.696670135483146 -19.893965003080666 30.12266516685486
84.202040265 -63.577548583969474 -19.860185858793557 30.122871160507202
84.221929304 -63.39884909056127 -19.80935883242637 30.123157262802124
84.241920067 -63.27980383299291 -19.77553200442344 30.12341284751892
84.261899545 -63.101176818832755 -19.724502799101174 30.123721837997437
84.281843016 -62.982097228989005 -19.690407034941018 30.123912572860718
84.301913675 -62.80346258543432 -19.639137503691018 30.12424063682556
84.321968323 -62.68431814573705 -19.604765173979104 30.12441611289978
84.341869134 -62.50561865232885 -19.553245780058205 30.12468695640564
84.361892995 -62.386447509750724 -19.518774268217385 30.124805212020874
84.381812129 -62.207648834213614 -19.466861960478127 30.124900579452515
84.401896843 -62.088454803451896 -19.43214249331504 30.124942541122437
84.422101737 -61.90965231321752 -19.379904028959572 30.124969244003296
84.441882769 -61.79052313230932 -19.345136878080666 30.12501883506775
84.46190923 -61.611762603744864 -19.292761084623635 30.125015020370483
84.481885473 -61.49259146116674 -19.25781845767051 30.12498450279236
84.501850234 -61.313823303207755 -19.20537018496543 30.124881505966187
84.522030425 -61.19459875486791 -19.170248267240822 30.12474799156189
84.54298751 -61.01576956175268 -19.117693183012307 30.124587774276733
84.562937862 -60.896499237045646 -19.0825598211959 30.124480962753296
84.582859997 -60.71750601194799 -19.029714819975197 30.124278783798218
84.603007376 -60.59812887571752 -18.994577643461525 30.124210119247437
84.622965239 -60.418952545151114 -18.941625830717385 30.124088048934937
84.642941791 -60.29943807981908 -18.90628266055137 30.12401556968689
84.662954551 -60.12008245848119 -18.853031394071877 30.123916387557983
84.682969692 -60.00049169920385 -18.81748413760215 30.123870611190796
84.702998606 -59.821052154526114 -18.76408600527793 30.12380576133728
84.723463615 -59.701369842514396 -18.728336569853127 30.12371802330017
84.742929875 -59.521838745102286 -18.674780127592385 30.123687505722046
84.76293769 -59.40210302732885 -18.638971564359963 30.12364935874939
84.782846513 -59.22242315672338 -18.585121390409768 30.123546361923218
84.803057479 -59.10262640379369 -18.54925560671836 30.123515844345093
84.822975513 -58.922832092270255 -18.495233771391213 30.123416662216187
84.842897908 -58.8029094543308 -18.459177252836525 30.12332510948181
84.862960499 -58.62296255491674 -18.405012366361916 30.12313437461853
84.882900272 -58.50294073484838 -18.368749854154885 30.122966527938843
84.903038456 -58.32290228269994 -18.314380881376565 30.122779607772827
84.922945802 -58.202792724594474 -18.277914282865822 30.12258505821228
84.942936033 -58.02270849607885 -18.22321915347129 30.122283697128296
84.962946457 -57.90263327024877 -18.18666481692344 30.12203574180603
84.982860442 -57.722480377182364 -18.131708380766213 30.121597051620483
85.002988851 -57.60240896604955 -18.095108267851174 30.12132239341736
85.02321493 -57.42223318479955 -18.040008780546486 30.120872259140015
85.04296929 -57.30210073851049 -18.003231284208596 30.120574712753296
85.062952515 -57.12186392210424 -17.947986838407815 30.12013602256775
85.082888706 -57.001662811264396 -17.91101669985801 30.119819402694702
85.103005764 -56.82134588621557 -17.855566260404885 30.11940360069275
85.123003537 -56.70111044310033 -17.81850075442344 30.119121313095093
85.143981913 -56.52071340940893 -17.762764212675393 30.11870551109314
85.164023307 -56.400432189926505 -17.72564530093223 30.118560552597046
85.183901457 -56.219924530014396 -17.669658896513283 30.118247747421265
85.204066052 -56.099624237045646 -17.63241219241172 30.11810278892517
85.22471257 -55.919135650619864 -17.57636093813926 30.117862462997437
85.243988736 -55.79881246946752 -17.538957831449807 30.117725133895874
85.264042517 -55.618300994858146 -17.482813117094338 30.117622137069702
85.283934302 -55.49792440794408 -17.445268866606057 30.11752676963806
85.304103257 -55.31740148924291 -17.38901734072715 30.11747717857361
85.324029126 -55.19701345823705 -17.35143303591758 30.117427587509155
85.343989709 -55.016372283920646 -17.294950720854104 30.11730170249939
85.363978291 -54.89593466185033 -17.257313010282815 30.117255926132202
85.383895008 -54.71520574949682 -17.20068192202598 30.117130041122437
85.404142262 -54.59468420408666 -17.1628820868209 30.11704993247986
85.424004087 -54.41385610960424 -17.106155631132424 30.116946935653687
85.444014215 -54.293262084946036 -17.06823563296348 30.11684775352478
85.463987115 -54.11236151121557 -17.01135277468711 30.11674475669861
85.483919273 -53.99172933958471 -16.973350760526955 30.116634130477905
85.504080548 -53.81078298948705 -16.91644310671836 30.116565465927124
85.523985797 -53.690105041489005 -16.87844490725547 30.116512060165405
85.543952214 -53.509013732895255 -16.82136940676719 30.11637854576111
85.563975283 -53.388225158676505 -16.783363577909768 30.11632513999939
85.583891781 -53.2069736327976 -16.72619652468711 30.116157293319702
85.604121709 -53.08608587644994 -16.68804192263633 30.11601996421814
85.624010273 -52.904651245102286 -16.630775687284768 30.11578345298767
85.643965459 -52.78364141844213 -16.592502829618752 30.11557364463806
85.663965824 -52.602038940414786 -16.535084006376565 30.115245580673218
85.68393074 -52.480910858139396 -16.496727225370705 30.114993810653687
85.704175678 -52.2991367187351 -16.439081427641213 30.114593267440796
85.724128517 -52.177924713119864 -16.40057205874473 30.11430335044861
85.743982645 -51.996066650375724 -16.342689749784768 30.11382269859314
85.764004883 -51.874797424301505 -16.304092642851174 30.11351752281189
85.783906839 -51.69285543821752 -16.24604439456016 30.113006353378296
85.804211754 -51.57154425047338 -16.20728707034141 30.112640142440796
85.824020702 -51.38952978514135 -16.149065253324807 30.112067937850952
85.843947299 -51.26815374754369 -16.1101534338668 30.111663579940796
85.864051787 -51.08607061766088 -16.051748511381447 30.11112952232361
85.883949714 -50.964675506576896 -16.01272797305137 30.110755681991577
85.905251735 -50.78255804441869 -15.95409702975303 30.110198736190796
85.925032824 -50.66116293333471 -15.914972540922463 30.109870672225952
85.944996429 -50.47904165647924 -15.856145140714943 30.109351873397827
85.964998739 -50.357612213119864 -15.816869971342385 30.109046697616577
85.98494897 -50.17546041868627 -15.757850882597268 30.10856604576111
86.005081066 -50.054030975326896 -15.718469855375588 30.10826086997986
86.02502355 -49.8718791808933 -15.659351584501565 30.10781455039978
86.04499968 -49.75042303465307 -15.619879958219826 30.107497930526733
86.064983843 -49.56822927854955 -15.56073307711631 30.107166051864624
86.084948723 -49.44674642942846 -15.521284339018166 30.10693335533142
86.105081037 -49.26448782347143 -15.462097403593361 30.106639623641968
86.125013948 -49.142993530258536 -15.422713515348732 30.10649847984314
86.145008959 -48.960742553696036 -15.363547560758889 30.106258153915405
86.164976779 -48.83925207518041 -15.324094054289162 30.10613226890564
86.184945922 -48.65697439573705 -15.264908072538674 30.105945348739624
86.20506606 -48.53543051145971 -15.225392577238381 30.105781316757202
86.225051673 -48.353068908676505 -15.16615700442344 30.105525732040405
86.244993152 -48.23147161863744 -15.126570937223732 30.10531210899353
86.265015066 -48.04904898069799 -15.067217108793557 30.105010747909546
86.284998451 -47.9274211730808 -15.027608153410256 30.10479712486267
86.305898728 -47.74494512937963 -14.968137023039162 30.10446524620056
86.325035282 -47.62329443357885 -14.928479430265725 30.10423254966736
86.345158847 -47.44079931639135 -14.868888136930764 30.103835821151733
86.364996076 -47.319133361801505 -14.829111334867775 30.10354971885681
86.384933853 -47.13660772703588 -14.769402739591897 30.10311484336853
86.405057913 -47.01490362547338 -14.729541060514748 30.10281729698181
86.425013476 -46.832343658432364 -14.669750449247658 30.102439641952515
86.445000876 -46.710639556869864 -14.629884001798928 30.10219168663025
86.465001915 -46.52808721922338 -14.57008766848594 30.10179877281189
86.484988946 -46.40642889402807 -14.530304190702736 30.101585149765015
86.505106735 -46.22391470335424 -14.470508811064065 30.101238012313843
86.525032683 -46.102328857406974 -14.430723425932229 30.101043462753296
86.544962808 -45.91995199583471 -14.371018645353615 30.100723028182983
86.564999986 -45.798389038071036 -14.331244704313576 30.100475072860718
86.584925886 -45.61604650877416 -14.271610495634377 30.100112676620483
86.605246914 -45.49446829222143 -14.231833693571389 30.099860906600952
86.625087621 -45.31211813353002 -14.172290083952248 30.09947180747986
86.646029345 -45.19054373167455 -14.132577178068459 30.099197149276733
86.666043538 -45.008159240707755 -14.072991606779397 30.098743200302124
86.685980853 -44.886550506576896 -14.033313033170998 30.098438024520874
86.706091925 -44.70410498045385 -13.973731276579201 30.097984075546265
86.726092324 -44.582446655258536 -13.9340002508834 30.097678899765015
86.746021494 -44.399936279281974 -13.874404189176857 30.097217321395874
86.765986382 -44.278247436508536 -13.834634062834084 30.096904516220093
86.785940549 -44.09575994871557 -13.774981734342873 30.09642767906189
86.806126738 -43.97410543821752 -13.73518490511924 30.096091985702515
86.826027124 -43.791659912094474 -13.675552603788674 30.095588445663452
86.846043762 -43.670024475082755 -13.63576912600547 30.095245122909546
86.866031419 -43.48757513426244 -13.576050040312111 30.094730138778687
86.886110719 -43.36595114134252 -13.53624748904258 30.09437918663025
86.906080094 -43.18350180052221 -13.47647309023887 30.093799352645874
86.926110101 -43.061862548813224 -13.436596152372658 30.093391180038452
86.946024097 -42.879382690414786 -13.376721617765725 30.092803716659546
86.966008861 -42.75771292112768 -13.336759802885354 30.092414617538452
86.98592127 -42.575202545151114 -13.276768920011818 30.09189200401306
87.006082868 -42.453498443588614 -13.236740347929299 30.091548681259155
87.026029165 -42.27089270018041 -13.17666268069297 30.09103751182556
87.046012564 -42.149158081039786 -13.136593100614846 30.090709447860718
87.066005207 -41.966559967026114 -13.076462027616799 30.090286016464233
87.085988464 -41.84483297728002 -13.036381003446877 30.090034246444702
87.106263643 -41.66222341917455 -12.976211783476174 30.08968710899353
87.126033978 -41.54046591185033 -12.936070677824318 30.089484930038452
87.146025537 -41.35782583616674 -12.875784155912697 30.089210271835327
87.165991173 -41.236056884750724 -12.835561034269631 30.089072942733765
87.185929678 -41.05341680906713 -12.775172469206154 30.088924169540405
87.20607853 -40.93164022825658 -12.73489021975547 30.088817358016968
87.22606468 -40.7489543762058 -12.674442526884377 30.08864188194275
87.246039837 -40.62714727781713 -12.634129759855568 30.08854651451111
87.266017099 -40.44439657591283 -12.573617217130959 30.088367223739624
87.285990667 -40.32253225706518 -12.533249136991799 30.08824133872986
87.306075125 -40.13972052000463 -12.472682234831154 30.088054418563843
87.326372587 -40.01784094236791 -12.432293173857033 30.087928533554077
87.345981609 -39.83501776121557 -12.371673819608986 30.08773398399353
87.366010004 -39.71313055418432 -12.331245657987893 30.087600469589233
87.38601435 -39.530322631821036 -12.270584342069924 30.08743643760681
87.406172366 -39.40844305418432 -12.230117079801857 30.08734107017517
87.426102524 -39.22561605833471 -12.169376608915627 30.087215185165405
87.445981538 -39.10369451902807 -12.128856894560158 30.087127447128296
87.466024062 -38.92079885862768 -12.068055388517678 30.08697485923767
87.485982104 -38.79885443113744 -12.027508017607033 30.0868718624115
87.506134016 -38.615886291489005 -11.966697928495705 30.08672308921814
87.526035209 -38.49389227293432 -11.926158186979592 30.086616277694702
87.545982818 -38.310824951156974 -11.865350005216897 30.08645224571228
87.566005743 -38.18878134153783 -11.824803587980568 30.08634924888611
87.58593334 -38.00569876097143 -11.764015433378518 30.086158514022827
87.606115238 -37.883639892563224 -11.72350620944053 30.086013555526733
87.626077786 -37.70053823851049 -11.662764784879982 30.085769414901733
87.647264428 -37.57842596434057 -11.622264144010842 30.08560538291931
87.667237534 -37.39524801634252 -11.561519858427346 30.085365056991577
87.687247119 -37.273105224594474 -11.521024939604104 30.08518958091736
87.707317016 -37.089858612045646 -11.460249182768166 30.084914922714233
87.727338493 -36.96768148802221 -11.419732329435647 30.084724187850952
87.747228292 -36.78439291380346 -11.35888218600303 30.08449149131775
87.767253247 -36.662177642807364 -11.318294760771096 30.084296941757202
87.787167863 -36.478828033432364 -11.257397887296975 30.08401846885681
87.807362247 -36.35654409788549 -11.216750380583107 30.08388113975525
87.827237514 -36.17312582395971 -11.155801055021584 30.08365225791931
87.84846684 -36.05084188841283 -11.115171668119729 30.08352255821228
87.868352128 -35.867412170395255 -11.054248091764748 30.083228826522827
87.888297403 -35.74510916136205 -11.01362728793174 30.08303427696228
87.908305836 -35.561626037582755 -10.952657935209572 30.082751989364624
87.928258043 -35.43930014036596 -10.912015196867287 30.082557439804077
87.94825118 -35.25576742552221 -10.851017233915627 30.08226752281189
87.968310057 -35.13340719603002 -10.810342070646584 30.082061529159546
87.988265795 -34.949863037094474 -10.749316451139748 30.081741094589233
88.008546214 -34.82747991941869 -10.708582160063088 30.08157706260681
88.028260112 -34.64389761351049 -10.647484061308205 30.081367254257202
88.048295734 -34.52149542234838 -10.606727835722268 30.081241369247437
88.068235654 -34.33788259886205 -10.54555916506797 30.08107352256775
88.08830571 -34.21547659300268 -10.504784819670022 30.080962896347046
88.108372341 -34.031901916489005 -10.443611380644143 30.08079504966736
88.128250045 -33.90953024290502 -10.402841803617775 30.08068060874939
88.14827904 -33.72598226927221 -10.341600653715432 30.0805242061615
88.168250559 -33.60361441038549 -10.300746199674904 30.08037543296814
88.188268354 -33.420058807358146 -10.239425894804299 30.08013892173767
88.208382856 -33.297656616196036 -10.198491332121193 30.079963445663452
88.228233056 -33.114047607406974 -10.1371252508834 30.07970404624939
88.248279909 -32.99161489866674 -10.096214530058205 30.079524755477905
88.268227916 -32.807929595932364 -10.034892317838967 30.079261541366577
88.288382502 -32.685466369614005 -9.994054076261818 30.079089879989624
88.308514956 -32.50172766111791 -9.932839629240334 30.078914403915405
88.328235055 -32.3792148437351 -9.892062422819436 30.078819036483765
88.349275577 -32.19543035887182 -9.830953833647072 30.078685522079468
88.36926195 -32.07291372679174 -9.79025196749717 30.078620672225952
88.389338682 -31.889142593368888 -9.72925114352256 30.078559637069702
88.409276784 -31.766608795151114 -9.688608405180275 30.078548192977905
88.429251869 -31.582810958847404 -9.627721068449318 30.07852530479431
88.449278312 -31.4602695312351 -9.587170836515725 30.07852530479431
88.469261292 -31.27644689939916 -9.526371237821877 30.078559637069702
88.489332674 -31.15390165708959 -9.485874411650002 30.07857871055603
88.510091419 -30.970075210556388 -9.425151106901467 30.078681707382202
88.529252404 -30.847503265365958 -9.384690520353615 30.07876181602478
88.549469607 -30.66361959837377 -9.324036833830178 30.07888388633728
88.569246286 -30.540982803329825 -9.28361248690635 30.07897162437439
88.589361253 -30.35699995420873 -9.223006484098732 30.07908606529236
88.60929596 -30.23429067991674 -9.182601210661232 30.079158544540405
88.629251329 -30.050218185409904 -9.122032401151955 30.079253911972046
88.649287323 -29.927472671493888 -9.081648108549416 30.079314947128296
88.669328018 -29.74330480955541 -9.021053549833596 30.07944083213806
88.689318707 -29.620519241318107 -8.980680701322854 30.079517126083374
88.709359497 -29.43624266050756 -8.920109030790627 30.079627752304077
88.72924679 -29.31337316893041 -8.879752394743264 30.07971167564392
88.74927919 -29.129048904404044 -8.819256064482033 30.079849004745483
88.769278949 -29.00610121153295 -8.778908965177834 30.079967260360718
88.789343995 -28.82166632078588 -8.71843743044883 30.080135107040405
88.809306078 -28.6986728515476 -8.678126570768654 30.08026099205017
88.829272529 -28.514106353744864 -8.617666480131447 30.08047080039978
88.850262147 -28.391053756698966 -8.577403304167092 30.080604314804077
88.870302022 -28.206307968124747 -8.516980406828225 30.080737829208374
88.890450239 -28.08317526243627 -8.476761099882424 30.08081030845642
88.910285728 -27.898439010605216 -8.416463133879006 30.08091711997986
88.930243738 -27.77528723143041 -8.376283881254494 30.080974340438843
88.950256214 -27.590570053085685 -8.316044089384377 30.081043004989624
88.97024649 -27.467382034286857 -8.27584767062217 30.08111548423767
88.990352833 -27.282607635483146 -8.215611693449318 30.081199407577515
89.010341007 -27.15939482115209 -8.175451514311135 30.08122992515564
89.030240167 -26.974542221054435 -8.115227934904397 30.081214666366577
89.050290965 -26.851312240585685 -8.075121161527932 30.081191778182983
89.070258664 -26.66639288328588 -8.014928099699318 30.0810124874115
89.091020639 -26.54310758970678 -7.974824664182961 30.08089804649353
89.110322951 -26.35817106626928 -7.914709326811135 30.08074164390564
89.130330263 -26.23484762571752 -7.874634024687111 30.080642461776733
89.15027437 -26.049920639023185 -7.814618823118508 30.080486059188843
89.170233923 -25.926644882187247 -7.7746541472151875 30.08037543296814
89.190339961 -25.7417579498142 -7.714805361814797 30.080207586288452
89.210282345 -25.618499359115958 -7.674965140409768 30.080093145370483
89.230279275 -25.433606704697013 -7.615273711271584 30.079952001571655
89.25028425 -25.3103614654392 -7.575534102506936 30.079864263534546
89.270249932 -25.125487884506583 -7.515961405821145 30.079795598983765
89.290374296 -25.002250274643302 -7.4762814017012715 30.079749822616577
89.310313435 -24.81740721128881 -7.41681503970176 30.079673528671265
89.330256979 -24.694167694076896 -7.377145525999367 30.07961630821228
89.35138248 -24.509339889511466 -7.317706820555031 30.079524755477905
89.371363279 -24.38612516783178 -7.2780954809859395 30.079463720321655
89.391619906 -24.201329788193107 -7.218698260374367 30.079387426376343
89.411403563 -24.078160842880607 -7.179147955961525 30.07934546470642
89.431406612 -23.89350469969213 -7.119874236173928 30.079314947128296
89.45140952 -23.7704501952976 -7.080406901426613 30.079295873641968
89.471452427 -23.5859962310642 -7.021253821440041 30.079261541366577
89.491495482 -23.463061889633536 -6.981858012266457 30.079238653182983
89.511419062 -23.27871092222631 -6.922817942686379 30.079219579696655
89.531514704 -23.15582807920873 -6.883471724577248 30.07922339439392
89.551404408 -22.971540054306388 -6.824520346708596 30.079231023788452
89.571392673 -22.848695358261466 -6.7852318258956075 30.07920813560486
89.592063201 -22.664411148056388 -6.7263352843001485 30.079173803329468
89.61141849 -22.541564544662833 -6.6871178122237325 30.079150915145874
89.631507278 -22.357204040512443 -6.628294703550637 30.07912039756775
89.651383554 -22.234288772568107 -6.5891025038436055 30.07910132408142
89.671539111 -22.049909194931388 -6.530351874418557 30.0790593624115
89.691493382 -21.92701300047338 -6.491231200285256 30.079021215438843
89.711429688 -21.742696365341544 -6.4326083632186055 30.078960180282593
89.731371443 -21.61982878111303 -6.393530127592385 30.07891821861267
89.751399434 -21.435546478256583 -6.334978816099465 30.078860998153687
89.771380491 -21.31269415281713 -6.295962092466652 30.07878851890564
89.791462838 -21.12839468382299 -6.237470862455666 30.078696966171265
89.811440018 -21.005534728989005 -6.198518035002053 30.078651189804077
89.831394333 -20.82121237181127 -6.140091178007424 30.07864737510681
89.851395529 -20.698333343490958 -6.101174590177834 30.078655004501343
89.87145774 -20.514016708359122 -6.042850730009377 30.07873511314392
89.891776989 -20.39111097715795 -6.00397324282676 30.078792333602905
89.911483602 -20.206760009750724 -5.945729014463723 30.07885718345642
89.931391717 -20.083840927109122 -5.906923052854836 30.078872442245483
89.951378858 -19.899495681747794 -5.848797080107033 30.078887701034546
89.971402529 -19.776610931381583 -5.810100314207375 30.07884955406189
89.991462424 -19.592300018295646 -5.752073523588479 30.078784704208374
90.011416168 -19.46944006346166 -5.713424918241799 30.078731298446655
90.03139042 -19.285144409164786 -5.655431983061135 30.07859778404236
90.051398782 -19.162284454330802 -5.616792914457619 30.078513860702515
90.071417356 -18.97799833677709 -5.558865782804787 30.078391790390015
90.091493055 -18.85511358641088 -5.520230528898537 30.078315496444702
90.111543666 -18.670789321884513 -5.462326285429299 30.07818579673767
90.131434786 -18.547887405380607 -5.423711058683693 30.07809042930603
90.151424014 -18.363456329330802 -5.365764853544533 30.077945470809937
90.171583516 -18.24048956297338 -5.327164408750832 30.077861547470093
90.191461862 -18.05591352842748 -5.269186255522072 30.077735662460327
90.211469336 -17.932891448959708 -5.230603453703225 30.07763648033142
90.231371852 -17.748324951156974 -5.172692057676613 30.077468633651733
90.251393304 -17.625272354111075 -5.134121653623879 30.07736563682556
90.271394442 -17.44067724607885 -5.0763108702376485 30.077213048934937
90.291542115 -17.317559799179435 -5.0377695532515645 30.077125310897827
90.311473278 -17.132899841293693 -4.980029818601906 30.07702612876892
90.33139648 -17.009786209091544 -4.941555735655129 30.076987981796265
90.351383123 -16.825082382187247 -4.883888957090676 30.076976537704468
90.371386983 -16.70194967649877 -4.845494505949318 30.07699179649353
90.391454886 -16.517171462997794 -4.787903067655861 30.077056646347046
90.411429298 -16.39397200010717 -4.7495334120467305 30.077094793319702
90.431380506 -16.209159454330802 -4.692016837187111 30.07714056968689
90.451396204 -16.085883697494864 -4.653715369291604 30.077197790145874
90.471433186 -15.901017745956779 -4.59637522418052 30.077239751815796
90.49150052 -15.777752479538321 -4.558169600553811 30.077266454696655
90.511453046 -15.592868408188224 -4.500929114408791 30.07728934288025
90.531442988 -15.469603141769767 -4.4627950163558125 30.07729697227478
90.551441748 -15.284707626327872 -4.405622241087258 30.07729697227478
90.571387666 -15.161460479721427 -4.367552516050637 30.07727026939392
90.591484318 -14.976544937118888 -4.3104488821700215 30.077220678329468
90.611439055 -14.85325582884252 -4.272413489408791 30.077171087265015
90.631424767 -14.668307861313224 -4.215410468168557 30.077075719833374
90.651507852 -14.544953903183341 -4.1774227591231465 30.07701849937439
90.671462988 -14.359934410080314 -4.120517489500344 30.07690405845642
90.691600391 -14.236568054184318 -4.082590815611184 30.076839208602905
90.711533089 -14.051486572250724 -4.025690314359963 30.07670569419861
90.731397152 -13.928106864914298 -3.987797019071877 30.076610326766968
90.751417623 -13.743061622604728 -3.93097519595176 30.07647681236267
90.771398762 -13.619722923263907 -3.8931369753554463 30.07641577720642
90.791516304 -13.434719642624259 -3.8363530607894063 30.0763738155365
90.81144855 -13.311393341049552 -3.7985217543318868 30.076343297958374
90.831385623 -13.126413902267814 -3.741802212782204 30.076305150985718
90.851405698 -13.003056129440665 -3.7039563627913594 30.076316595077515
90.871413339 -12.818039497360587 -3.647272345609963 30.076335668563843
90.891500998 -12.694685539230704 -3.6095068426802754 30.076362371444702
90.911425497 -12.509625038132071 -3.5528824301436543 30.076396703720093
90.931393516 -12.386258682236075 -3.5151817770674825 30.07641577720642
90.951442371 -12.201113304123282 -3.458607670851052 30.076480627059937
90.972441346 -12.07768209837377 -3.420914408750832 30.076534032821655
90.992574628 -11.892537673935294 -3.3644106360152364 30.07662558555603
91.012519659 -11.769144615158439 -3.3267757864668965 30.076698064804077
91.032460864 -11.58410414122045 -3.2703747721388936 30.076820135116577
91.05249572 -11.460763534530997 -3.2327859373763204 30.076919317245483
91.072481203 -11.27577837370336 -3.1764883967116475 30.07701849937439
91.092605253 -11.152462562546134 -3.138994929380715 30.077090978622437
91.112528541 -10.967507919296622 -3.082796332426369 30.07720160484314
91.132460753 -10.84422262571752 -3.0453844042494893 30.077277898788452
91.152514072 -10.659316619858146 -2.989219662733376 30.07737708091736
91.17247161 -10.536051353439689 -2.9517970057204366 30.07744574546814
91.19272684 -10.351161560043693 -2.895694729872048 30.07753348350525
91.212712694 -10.22788198851049 -2.8582577677443624 30.077579259872437
91.232477845 -10.04298265837133 -2.8021578760817647 30.077640295028687
91.252585801 -9.919714530929923 -2.764734742231667 30.077674627304077
91.27248914 -9.734859069809318 -2.7086489172652364 30.077705144882202
91.292609995 -9.611659606918693 -2.671240326948464 30.077712774276733
91.312554944 -9.426923355087638 -2.6151063414290547 30.077701330184937
91.332456125 -9.30379351042211 -2.577723023481667 30.077686071395874
91.352534908 -9.11914881132543 -2.521566388197243 30.07763648033142
91.37243683 -8.996087631210685 -2.4841685267165303 30.077583074569702
91.392562275 -8.811539253219962 -2.428122994489968 30.077495336532593
91.412519606 -8.688520034775138 -2.390727278776467 30.077396154403687
91.432482569 -8.50401266478002 -2.334732768125832 30.077228307724
91.452492433 -8.381023010239005 -2.297427889890969 30.077110052108765
91.473761305 -8.196562370285392 -2.2415003748610616 30.07692313194275
91.493975751 -8.073599418625236 -2.2042779894545674 30.07680106163025
91.513766473 -7.889164527878165 -2.1484332056716084 30.076534032821655
91.53378643 -7.76621731184423 -2.1113100023940206 30.07634711265564
91.553757072 -7.5818625297397375 -2.055611846037209 30.07601523399353
91.574981018 -7.45896633528173 -2.0185394259169698 30.075782537460327
91.594872939 -7.274635395035148 -1.9630229445174336 30.075416326522827
91.614844907 -7.151737770065665 -1.9260219307616353 30.075164556503296
91.634874011 -6.967424472793937 -1.8706510039046407 30.074790716171265
91.654818645 -6.8445812072604895 -1.833809015341103 30.074554204940796
91.674962028 -6.660394748672843 -1.7786626787856221 30.074226140975952
91.694923107 -6.537696918472648 -1.7420051069930196 30.074054479599
91.714877705 -6.353854259476066 -1.6871196003630757 30.073856115341187
91.73492391 -6.231463035568595 -1.650644895620644 30.073795080184937
91.754863235 -6.048202594742179 -1.5961233349516988 30.073840856552124
91.774995691 -5.926278671249747 -1.5598582001402974 30.073989629745483
91.795471308 -5.743894657120109 -1.5057550640776753 30.07438635826111
91.81487636 -5.622749885544181 -1.4698159666731954 30.074771642684937
91.835032875 -5.441755851730704 -1.4162007542327046 30.07552695274353
91.854817085 -5.3216648902744055 -1.3806459875777364 30.076160192489624
91.875025815 -5.142527660354972 -1.327639696188271 30.077247381210327
91.895952583 -5.023766120895743 -1.2925543757155538 30.07811713218689
91.915882656 -4.8469029273837805 -1.240267631597817 30.079654455184937
91.935920334 -4.729808887466788 -1.2056882353499532 30.080821752548218
91.955892456 -4.555479129776359 -1.154265877790749 30.08278250694275
91.977619887 -4.440335830673575 -1.1203397484496236 30.084216833114624
91.997275374 -4.269097408279777 -1.0699945660308003 30.086543798446655
92.017351974 -4.156065067276359 -1.0368239851668477 30.088199377059937
92.037314988 -3.9883092250674963 -0.9876997442916036 30.09081244468689
92.057300335 -3.8776079025119543 -0.9553619595244527 30.09263586997986
92.077503585 -3.713566144928336 -0.9075447292998433 30.09542441368103
92.097326774 -3.605454286560416 -0.8761150809004903 30.097339391708374
92.117333128 -3.4456742610782385 -0.8297710986807942 30.100269079208374
92.137306388 -3.340591510757804 -0.7993547888472676 30.10223364830017
92.157303042 -3.185175498947501 -0.7544637294486165 30.105193853378296
92.177575498 -3.083343109115958 -0.7251245947554708 30.10711646080017
92.197276868 -2.9328103866428137 -0.6818762393668294 30.10996985435486
92.217426422 -2.8341465797275305 -0.6535755367949605 30.111827611923218
92.23735341 -2.6887825336307287 -0.611977037973702 30.114585638046265
92.257335645 -2.593674501404166 -0.5848329039290547 30.116912603378296
92.277531176 -2.454715332016349 -0.545241174288094 30.121909856796265
92.297334255 -2.3643256034702063 -0.519538757391274 30.12621283531189
92.317393827 -2.232108673080802 -0.48203080613166094 30.133846044540405
92.337323668 -2.1462682094424963 -0.45774316508322954 30.13958716392517
92.357297707 -2.0209396686404943 -0.42237710673362017 30.148860692977905
92.378092636 -1.940144618973136 -0.399627891369164 30.15545630455017
92.397311792 -1.8222405519336462 -0.3665399821475148 30.16551947593689
92.417432298 -1.7461365070194006 -0.34526166040450335 30.172309637069702
92.437325662 -1.635711869224906 -0.3145293565467 30.182395696640015
92.457368778 -1.564305266365409 -0.2947457702830434 30.1889226436615
92.477585307 -1.4613890256732702 -0.26644974667578936 30.198352575302124
92.497350594 -1.3951568212360144 -0.24835183937102556 30.204314947128296
92.517334308 -1.2994212713092566 -0.2223670156672597 30.21270728111267
92.537299141 -1.238452633842826 -0.20598210114985704 30.217899084091187
92.557311549 -1.150517424568534 -0.18254828173667192 30.225108861923218
92.577394143 -1.0945413913577795 -0.16779808420687914 30.22953772544861
92.597410211 -1.0141931381076574 -0.14684866089373827 30.235603094100952
92.61732954 -0.9633285608142614 -0.13377889711409807 30.239234685897827
92.637345903 -0.8911616411060095 -0.11553176958113909 30.24407935142517
92.657354809 -0.8455579485744238 -0.10417083371430635 30.246955633163452
92.692564896 -0.7818625774234533 -0.08859541732817888 30.250617742538452
92.725126699 -0.7421374525874853 -0.07908608485013247 30.25271964073181
92.753137697 -0.6866905298084021 -0.06613860744982958 30.25540518760681
92.772318619 -0.6529619302600622 -0.05855815578252077 30.256847143173218
92.792544735 -0.6063555683940649 -0.048443046398460865 30.258628606796265
92.812599041 -0.5782603826373816 -0.04265058133751154 30.259559392929077
92.832887691 -0.5406146850436926 -0.035435774363577366 30.26059317588806
92.852379214 -0.5182253327220678 -0.03148187417536974 30.261085271835327
92.872314779 -0.4896578099578619 -0.027242452837526798 30.261512517929077
92.894379973 -0.473046263679862 -0.025148876942694187 30.261668920516968
92.916215216 -0.4530734922736883 -0.02369802165776491 30.261714696884155
92.935932117 -0.44265194796025753 -0.02365796361118555 30.261626958847046
92.95593617 -0.4313636627048254 -0.024981689639389515 30.261367559432983
92.976006338 -0.42716660164296627 -0.027019941247999668 30.26110053062439
92.996045622 -0.4250060226768255 -0.03137617651373148 30.260589361190796
93.015954895 -0.4266087915748358 -0.03528348822146654 30.260162115097046
93.035906505 -0.43361501954495907 -0.0426492216065526 30.259422063827515
93.055946191 -0.44105579517781734 -0.048417446203529835 30.258899450302124
93.076018977 -0.4572402145713568 -0.05878229159861803 30.258060216903687
93.096006406 -0.4709399249404669 -0.06661129463464022 30.25746512413025
93.115990722 -0.4958456363528967 -0.07972677517682314 30.256534337997437
93.135950281 -0.5157680120319128 -0.08955435175448656 30.255908727645874
93.15593281 -0.5493579115718603 -0.10534026939421892 30.254932165145874
93.175935272 -0.5749348010867834 -0.11691023129969835 30.254302740097046
93.196003599 -0.6173579301685095 -0.13548886496573687 30.253368139266968
93.21600043 -0.6485728826373816 -0.1488113822415471 30.25278067588806
93.235921254 -0.6997838225215673 -0.1701662065461278 30.251914739608765
93.255960021 -0.7365751471370459 -0.18518387991935015 30.251296758651733
93.276009389 -0.7963684406131506 -0.20920553524047136 30.25029730796814
93.29617273 -0.8388837780803442 -0.22602902073413134 30.249500036239624
93.315977707 -0.9065482225269079 -0.2524476023390889 30.247997045516968
93.335982298 -0.9545549359172583 -0.27103975135833025 30.246806859970093
93.355920144 -1.0301063861697912 -0.299986538477242 30.244643926620483
93.376012435 -1.083001097664237 -0.32010906655341387 30.24295401573181
93.396026239 -1.166041811928153 -0.3515095980837941 30.24000906944275
93.416110063 -1.2236427869647741 -0.3731104703620076 30.237800359725952
93.435938935 -1.3134413566440344 -0.40660828072577715 30.234077215194702
93.456006266 -1.3754219617694616 -0.4295605095103383 30.23130774497986
93.475938995 -1.4718485679477453 -0.4651986928656697 30.226752996444702
93.496023477 -1.5382256116718054 -0.48960369545966387 30.22347617149353
93.515958035 -1.6408710088580847 -0.5271580191329122 30.218211889266968
93.535934965 -1.7114449348300695 -0.5529252858832479 30.214549779891968
93.555953148 -1.820165118202567 -0.5923834415152669 30.20880103111267
93.57596199 -1.8945982065051794 -0.6192920776084065 30.204837560653687
93.596083336 -2.0091012325137854 -0.6604987354949117 30.198726415634155
93.615943015 -2.087223371490836 -0.688454088754952 30.194526433944702
93.635907023 -2.2072051372379065 -0.7312695356085896 30.188159704208374
93.655950745 -2.2889033164829016 -0.7602739902213216 30.18387198448181
93.675932388 -2.4139505233615637 -0.804449257440865 30.177398443222046
93.696015505 -2.498874505981803 -0.8343145223334432 30.17309546470642
93.715950009 -2.628531774505973 -0.8797100754454732 30.166663885116577
93.735955998 -2.7164424266666174 -0.9104159446433187 30.16249442100525
93.755975211 -2.8504284229129553 -0.956992563791573 30.15634512901306
93.775917909 -2.9411173667758703 -0.9884086819365621 30.15237021446228
93.796787778 -3.079083761200309 -1.0360410185530782 30.146610021591187
93.81595128 -3.172334274277091 -1.068092462606728 30.142844915390015
93.835963874 -3.313888868317008 -1.116672989912331 30.137553930282593
93.855943905 -3.4093867149204016 -1.1493197651579976 30.13418173789978
93.875924542 -3.554259141907096 -1.1986547680571675 30.129371404647827
93.896127159 -3.651742061600089 -1.2317862482741475 30.126468420028687
93.916076365 -3.799484333023429 -1.2817902537062764 30.122318029403687
93.935960241 -3.8988719787448645 -1.3153271647170186 30.11976981163025
93.956040391 -4.049293598160148 -1.365881440229714 30.116130590438843
93.975948782 -4.150315364822745 -1.3997340174391866 30.113929510116577
93.996144746 -4.302855571731925 -1.4506671400740743 30.110965490341187
94.015972183 -4.4053321685642 -1.4847395392134786 30.109084844589233
94.035962371 -4.5596762504428625 -1.5359885664656758 30.106769323349
94.055958319 -4.663197120651603 -1.5702466936782002 30.105415105819702
94.076023173 -4.819374641403556 -1.6217567892745137 30.103652715682983
94.096215662 -4.923777183517814 -1.656129834242165 30.102840185165405
94.115969446 -5.081270774826407 -1.7077919216826558 30.101875066757202
94.135961889 -5.186656078323722 -1.7422678442671895 30.101451635360718
94.155961325 -5.345250686630607 -1.7940133782103658 30.101123571395874
94.175897952 -5.451500972732902 -1.8285577269271016 30.100990056991577
94.19614596 -5.610993942245841 -1.8803476067259908 30.10119605064392
94.215965527 -5.717994770035148 -1.9149414272978902 30.10134482383728
94.23598953 -5.878398021683097 -1.9667345257475972 30.101939916610718
94.255945516 -5.9856029357761145 -2.0012450190261006 30.102432012557983
94.275903401 -6.146795829758048 -2.0529904337599874 30.10329031944275
94.296210991 -6.254113277420402 -2.087364432401955 30.104095220565796
94.315974257 -6.415627559646964 -2.138925072737038 30.105376958847046
94.335963267 -6.523404678329825 -2.1732397051528096 30.10632300376892
94.355949696 -6.68522365950048 -2.22463917452842 30.107860326766968
94.375948755 -6.79344423674047 -2.2589063616469502 30.10887122154236
94.396098406 -6.955550750717521 -2.3101437063887715 30.110625982284546
94.416017911 -7.063818534836173 -2.344270941801369 30.111873388290405
94.435899394 -7.226510604843497 -2.395417687483132 30.113750219345093
94.45604444 -7.334816535934806 -2.4293899508193135 30.115119695663452
94.475900979 -7.49808987043798 -2.4804341765120625 30.116954565048218
94.496114071 -7.606678565964103 -2.5143244238570333 30.118293523788452
94.51597113 -7.769952377304435 -2.565152403898537 30.120261907577515
94.535925162 -7.878793319687247 -2.5989708872511983 30.121597051620483
94.555928224 -8.0420509185642 -2.6496374579146504 30.12364172935486
94.57590587 -8.151153167709708 -2.683426138944924 30.124934911727905
94.596041634 -8.314407905563712 -2.7339763613417745 30.127002477645874
94.615979778 -8.423384269699454 -2.7676539393141866 30.12834906578064
94.635931677 -8.58705004118383 -2.8181538553908467 30.130290746688843
94.655984757 -8.695955833420157 -2.8517577620223165 30.131660223007202
94.675917967 -8.859724601730704 -2.902188536711037 30.133601903915405
94.696062238 -8.968927940353751 -2.9357817145064473 30.134895086288452
94.715973077 -9.132781585678458 -2.9861106844618917 30.136821508407593
94.735942476 -9.242294868454337 -3.0196771593764424 30.138011693954468
94.755953912 -9.40653189085424 -3.06995224673301 30.139808416366577
94.775912593 -9.516268333420157 -3.103488680906594 30.140918493270874
94.796037593 -9.680452903732657 -3.153650519438088 30.142657995224
94.815945506 -9.790041526779532 -3.1870820494368672 30.143745183944702
94.835912792 -9.954622825607657 -3.237226244993508 30.145267248153687
94.855955825 -10.064092239364982 -3.270587203092873 30.146316289901733
94.875938841 -10.228691658005118 -3.320661780424416 30.147746801376343
94.896203287 -10.3384376373142 -3.354012963362038 30.14867377281189
94.916014552 -10.503090461716056 -3.404009816236794 30.1501042842865
94.935952198 -10.613132080063224 -3.437368390150368 30.150954961776733
94.95600332 -10.777921279892325 -3.4873645277693868 30.152332067489624
94.975912625 -10.887944778427482 -3.520716425962746 30.15319037437439
94.99665857 -11.053232749924064 -3.570774313993752 30.154380559921265
95.015986897 -11.163552841171622 -3.604164835996926 30.155120611190796
95.0359993 -11.329233726486564 -3.654282090254128 30.156135320663452
95.055947069 -11.439439376816154 -3.6876690359786153 30.15684485435486
95.075966772 -11.605148872360587 -3.737813946790993 30.157752752304077
95.096092707 -11.71565111540258 -3.7712476225569844 30.158328771591187
95.115980502 -11.881462654098868 -3.8214204283431172 30.159148931503296
95.135955654 -11.992281517013907 -3.8549172850325704 30.159595251083374
95.155921418 -12.158250411972404 -3.9050788851454854 30.160300970077515
95.175901418 -12.269072135910392 -3.9385304423049092 30.160693883895874
95.19601783 -12.435564598068595 -3.9887344809249043 30.161170721054077
95.215969725 -12.546412071213126 -4.022150275297463 30.161556005477905
95.235925095 -12.71312483213842 -4.072344061918557 30.16197943687439
95.255923631 -12.824350913986564 -4.105818030424416 30.16221594810486
95.275980933 -12.991593917831779 -4.156085726805031 30.162425756454468
95.296031808 -13.103138526901603 -4.189579245634377 30.162517309188843
95.315976415 -13.27054556272924 -4.2398006888106465 30.162559270858765
95.335971857 -13.382423957809806 -4.27332663256675 30.162498235702515
95.355974505 -13.55000933073461 -4.323526141233742 30.16246771812439
95.375925778 -13.661903938278556 -4.357004878111184 30.162395238876343
95.396392435 -13.830002387985587 -4.407249686308205 30.16221594810486
95.41595716 -13.94196947477758 -4.440678832121193 30.162097692489624
95.435914749 -14.110372146591544 -4.490882155485451 30.161807775497437
95.455982536 -14.222755989059806 -4.524336096830666 30.16159415245056
95.475908743 -14.391526779159904 -4.574514147825539 30.16122031211853
95.496349199 -14.50434168241918 -4.608010527677834 30.160896062850952
95.515998413 -14.673569282516837 -4.65813994128257 30.160407781600952
95.536054068 -14.786844810470939 -4.691654440946877 30.159969091415405
95.555949603 -14.956656059250236 -4.7417843313887715 30.15933585166931
95.575912521 -15.070069869980216 -4.7752010794356465 30.15886664390564
95.596081593 -15.240501007065177 -4.825323817320168 30.15807318687439
95.615955093 -15.354108413681388 -4.858641860075295 30.157500982284546
95.635906905 -15.524956306442618 -4.908669230528176 30.15652823448181
95.655946519 -15.638992866501212 -4.941990134306252 30.155830144882202
95.675921757 -15.810256561264396 -4.9919698210433125 30.15472388267517
95.696239952 -15.924714645370841 -5.025338408537209 30.15392279624939
95.716004543 -16.096404632553458 -5.07529139239341 30.152660131454468
95.735924683 -16.21107061766088 -5.1085984678938985 30.151782751083374
95.755939408 -16.383370956405997 -5.158574339933693 30.150420904159546
95.775905598 -16.498221954330802 -5.191785571165383 30.149532079696655
95.79605711 -16.67110594175756 -5.241759059019387 30.148101568222046
95.815982536 -16.786288818344474 -5.274935481138527 30.14718985557556
95.835925017 -16.959434112533927 -5.3247473211959 30.14577841758728
95.855931878 -17.07496221922338 -5.357911345548928 30.14482092857361
95.875938173 -17.248406967148185 -5.407650229521096 30.14337134361267
95.896195706 -17.364278396591544 -5.440863844938576 30.14237952232361
95.916077496 -17.538032134994864 -5.490600821562111 30.140987157821655
95.93595554 -17.654038986191154 -5.523798224516213 30.14004111289978
95.955948181 -17.828307708725333 -5.573652026243508 30.138564825057983
95.97592297 -17.94445570372045 -5.606864211149514 30.137588262557983
95.996076534 -18.119039138779044 -5.656780001707375 30.136085271835327
96.015977994 -18.235536178573966 -5.690083739347756 30.135089635849
96.035986787 -18.41048582457006 -5.7400963278487325 30.13359808921814
96.055938148 -18.52736051939428 -5.773505923338234 30.132583379745483
96.076024468 -18.702788909897208 -5.823654887266457 30.1310613155365
96.096050735 -18.81994970701635 -5.857149359770119 30.13003134727478
96.116023594 -18.9956699218601 -5.907411810941994 30.128581762313843
96.135924773 -19.112983306869864 -5.940976378507912 30.12760901451111
96.155966265 -19.289197525009513 -5.9914061995223165 30.126167058944702
96.17592233 -19.40663298033178 -6.02503561694175 30.125255346298218
96.196049702 -19.583097061142325 -6.075574633665383 30.12387442588806
96.216028591 -19.700828155502677 -6.109300849027932 30.123016119003296
96.235925531 -19.877606948837638 -6.159916636534035 30.12173056602478
96.255947053 -19.995675643905997 -6.193714854307473 30.12083411216736
96.275950697 -20.17282255552709 -6.244389292784035 30.119502782821655
96.296017882 -20.2910800781101 -6.278211352415383 30.118613958358765
96.316001935 -20.468698104843497 -6.3290011854842305 30.117271184921265
96.335974296 -20.587241729721427 -6.362893817014992 30.116370916366577
96.355949321 -20.765246948227286 -6.4137837858870625 30.115028142929077
96.375936579 -20.883876403793693 -6.447682616300881 30.11413550376892
96.396096832 -21.06208952330053 -6.498614070005715 30.11277747154236
96.41601672 -21.1809726562351 -6.532592532224953 30.111865758895874
96.435893665 -21.35937841795385 -6.583596942014992 30.11050772666931
96.455926517 -21.478484710678458 -6.617652175016701 30.109565496444702
96.475946709 -21.657064041122794 -6.668751952238381 30.10813879966736
96.496130596 -21.776218017563224 -6.7028624983504415 30.107200384140015
96.516015598 -21.955100616440177 -6.754088637419045 30.105777502059937
96.536119462 -22.07428511045873 -6.788242098875344 30.104873418807983
96.555947934 -22.25329359434545 -6.839552161283791 30.10350775718689
96.576016846 -22.372676452621818 -6.873789069242775 30.102618932724
96.596121113 -22.551953872665763 -6.925202605314553 30.101287603378296
96.616018096 -22.671483596786857 -6.959490058012307 30.10042929649353
96.635931413 -22.850776275619864 -7.010953185148537 30.09914755821228
96.655945377 -22.970431884750724 -7.045306918211281 30.09831213951111
96.675912632 -23.14972456358373 -7.096829649992287 30.097137212753296
96.696050618 -23.26933248899877 -7.13120484072715 30.096362829208374
96.716039875 -23.44885786436498 -7.182807204313576 30.095218420028687
96.735971924 -23.56844480894506 -7.2171590300276875 30.094489812850952
96.755925806 -23.74803121946752 -7.268733260221779 30.093406438827515
96.775991212 -23.867776473984122 -7.303109881468117 30.092693090438843
96.796005623 -24.047418197616935 -7.3546569319441915 30.091624975204468
96.816016862 -24.16730841062963 -7.3890526266768575 30.09090781211853
96.835889215 -24.347018798813224 -7.440528628416359 30.089885473251343
96.85595986 -24.46705778501928 -7.47492050845176 30.089187383651733
96.875938694 -24.646979888901114 -7.526398894377053 30.088157415390015
96.896043683 -24.767011245712638 -7.560724494047463 30.087478399276733
96.916293029 -24.94718893431127 -7.612224337644875 30.086501836776733
96.935947928 -25.067275604233146 -7.646467921324074 30.085880041122437
96.955947258 -25.247619232162833 -7.697868105955422 30.084964513778687
96.97592635 -25.367902358993888 -7.7321102591231465 30.08438467979431
96.996013556 -25.548410018905997 -7.783423182554543 30.083560705184937
97.016065304 -25.668885787948966 -7.817648169584572 30.083057165145874
97.035914198 -25.849582275375724 -7.868889567442238 30.082332372665405
97.055925395 -25.970166763290763 -7.903073546476662 30.081836462020874
97.076023182 -26.151223739609122 -7.954374548979104 30.08108878135681
97.095977536 -26.27194364927709 -7.988548514433205 30.080581426620483
97.116173632 -26.453317245468497 -8.03992294985801 30.079837560653687
97.135993654 -26.574206909164786 -8.074178931303322 30.079341650009155
97.155966663 -26.755738815292716 -8.125631568022072 30.078563451766968
97.175935003 -26.87682875059545 -8.15996575076133 30.07803702354431
97.195969148 -27.05855139158666 -8.211524245329201 30.07726263999939
97.215997665 -27.179822525009513 -8.245946166105568 30.076759099960327
97.235891496 -27.3617530670017 -8.297636267729104 30.076003789901733
97.255977336 -27.48313101194799 -8.332149741239846 30.075488805770874
97.275939268 -27.665326675400138 -8.383995291776955 30.074710607528687
97.295967031 -27.78683622740209 -8.4186193915084 30.074168920516968
97.316042063 -27.96928366087377 -8.470640418119729 30.073318243026733
97.335955454 -28.090995391830802 -8.505375144071877 30.07274603843689
97.355960497 -28.273643096908927 -8.557563063688576 30.071887731552124
97.375947686 -28.395515045151114 -8.592409369535744 30.07132315635681
97.395969942 -28.578342041000724 -8.644742247648537 30.070502996444702
97.416007882 -28.700309356674552 -8.679676291532815 30.069995641708374
97.435920529 -28.883206924423575 -8.732139823026955 30.06927466392517
97.455971442 -29.00519903562963 -8.767178771086037 30.068790197372437
97.475958124 -29.18827780149877 -8.819828269071877 30.06805396080017
97.495936852 -29.31032141111791 -8.855005499906838 30.067573308944702
97.516093601 -29.49353559873998 -8.907859084196389 30.066856145858765
97.535945636 -29.615724166855216 -8.943174597807229 30.066383123397827
97.555999074 -29.799064239487052 -8.996244666166604 30.06567358970642
97.575967934 -29.921380599960685 -9.031666037626565 30.06520438194275
97.595940721 -30.10485609434545 -9.084893462248147 30.06448721885681
97.616672074 -30.22725065611303 -9.120427367277443 30.06399893760681
97.635888946 -30.410958847030997 -9.173790213651955 30.063297033309937
97.656091184 -30.533475479111075 -9.209402319975197 30.062846899032593
97.675944839 -30.717315277084708 -9.262880560941994 30.062202215194702
97.695922438 -30.83986051939428 -9.29857659060508 30.061805486679077
97.716172577 -31.023795684799552 -9.352163550443947 30.061221837997437
97.735948884 -31.14644201658666 -9.387933013029397 30.060855627059937
97.756015976 -31.33044775389135 -9.4416325064376 30.060340642929077
97.776005446 -31.4531894531101 -9.477454421110451 30.060012578964233
97.796087694 -31.63729246519506 -9.531216857023537 30.059558629989624
97.816347075 -31.760091384872794 -9.567078826017678 30.059280157089233
97.83594427 -31.944383224472404 -9.620904204435647 30.058902502059937
97.855971955 -32.06729086302221 -9.656833884306252 30.058696508407593
97.875961798 -32.2517734374851 -9.710763213224709 30.058398962020874
97.895949123 -32.37482794187963 -9.746743437834084 30.05822730064392
97.916241681 -32.55950506590307 -9.800733801908791 30.05795645713806
97.935963934 -32.68265493772924 -9.83674740511924 30.057796239852905
97.956024057 -32.86745413206518 -9.8907873602584 30.057578802108765
97.975923282 -32.99072225950658 -9.926828620024025 30.057445287704468
97.99597621 -33.175708374008536 -9.980909583158791 30.05725073814392
98.016065372 -33.29910238645971 -10.016968962736428 30.057132482528687
98.035909932 -33.4843059387058 -10.07106423098594 30.056968450546265
98.056012779 -33.60784872435033 -10.107126471586525 30.05686926841736
98.075972362 -33.79326971434057 -10.161228415556252 30.056720495224
98.095902839 -33.916946014389396 -10.1973059149459 30.056628942489624
98.11657277 -34.102546295151114 -10.251434561796486 30.056480169296265
98.135941055 -34.22634466551244 -10.287517783232033 30.05638098716736
98.156172576 -34.41214712522924 -10.341661688871682 30.056220769882202
98.175954159 -34.5360751952976 -10.377764937467873 30.05613684654236
98.195918263 -34.7219882812351 -10.431934592314065 30.05596137046814
98.216198435 -34.84595831297338 -10.46804451663047 30.05580496788025
98.235948369 -35.03194387815893 -10.522206542082131 30.055549383163452
98.255957398 -35.155925353989005 -10.558314559049904 30.05534338951111
98.275935055 -35.341952880844474 -10.612473723478615 30.05505347251892
98.295911091 -35.465976318344474 -10.648595091886818 30.054858922958374
98.316050923 -35.652053436264396 -10.702820059843361 30.054622411727905
98.33594645 -35.77614172361791 -10.73897957522422 30.05446982383728
98.356043402 -35.96233709715307 -10.793224570341408 30.05423331260681
98.375970612 -36.08651312254369 -10.829374548979104 30.054088354110718
98.395910717 -36.27283056639135 -10.883578536100686 30.053905248641968
98.416091926 -36.39709051512182 -10.919662711210549 30.05377173423767
98.435899529 -36.58353384397924 -10.9737951727584 30.053592443466187
98.455921475 -36.70778616331518 -11.009840247221291 30.053481817245483
98.475936774 -36.894198974594474 -11.063887831754982 30.053302526474
98.495944423 -37.01847036741674 -11.099901434965432 30.053191900253296
98.516062718 -37.204902252182364 -11.153921362943947 30.053016424179077
98.53592912 -37.32921560667455 -11.189937827177346 30.052913427352905
98.55596675 -37.515693267807364 -11.243970152921975 30.05284094810486
98.575946581 -37.64002569578588 -11.279993292875588 30.052818059921265
98.595901322 -37.82653387449682 -11.334030386991799 30.052810430526733
98.616134237 -37.95086630247533 -11.370064017362893 30.052852392196655
98.635909419 -38.137397369369864 -11.4241125555709 30.0529363155365
98.656069176 -38.261767944321036 -11.460143324919045 30.053001165390015
98.675922226 -38.44837530516088 -11.51416325289756 30.053115606307983
98.695992438 -38.5728069152683 -11.550160643644631 30.053203344345093
98.716055599 -38.759440978989005 -11.604124304838479 30.053355932235718
98.735976284 -38.88386877439916 -11.64009499270469 30.053462743759155
98.755979677 -39.07051809690893 -11.694037673063576 30.053638219833374
98.77592987 -39.19497259519994 -11.730000731535256 30.05376410484314
98.795956191 -39.38167913816869 -11.783950087614357 30.053962469100952
98.816144869 -39.5061679687351 -11.819927451200783 30.054126501083374
98.835927561 -39.6929241027683 -11.873908278532326 30.054378271102905
98.855963462 -39.8174358215183 -11.909927603788674 30.054534673690796
98.875949151 -40.004218658432364 -11.964020964689553 30.054771184921265
98.895958635 -40.12874945066869 -12.00010132510215 30.054935216903687
98.91604778 -40.31557806394994 -12.054319617338479 30.05526328086853
98.935918038 -40.44015463255346 -12.090504881925881 30.055476903915405
98.956022527 -40.627063354477286 -12.14484238345176 30.055801153182983
98.975950147 -40.751681884750724 -12.181088683195412 30.05600333213806
98.995996509 -40.93861730955541 -12.235510108061135 30.056297063827515
99.016004773 -41.06321676634252 -12.271867987699807 30.05651831626892
99.035913408 -41.250110229477286 -12.326433417387307 30.056834936141968
99.055948915 -41.3746982421726 -12.362858054228127 30.057048559188843
99.075944677 -41.56158026121557 -12.417567488737404 30.057376623153687
99.095937189 -41.68616827391088 -12.454062697477639 30.05758261680603
99.116237722 -41.8731113281101 -12.508835074491799 30.05783438682556
99.135924219 -41.99774130247533 -12.545383688993752 30.057990789413452
99.156028446 -42.18469580076635 -12.600251433439553 30.058242559432983
99.175950081 -42.30935247801244 -12.63689446169883 30.058406591415405
99.196123904 -42.49634130857885 -12.691889044828713 30.058643102645874
99.216041722 -42.62100942991674 -12.728607413358986 30.058765172958374
99.235913142 -42.80798300169408 -12.783698317594826 30.05895209312439
99.255925294 -42.93261297605932 -12.82044052798301 30.059058904647827
99.275944873 -43.11952932737768 -12.875599143095315 30.059215307235718
99.295916251 -43.24412496946752 -12.912378546781838 30.059322118759155
99.316038107 -43.4310832824558 -12.967610594816506 30.059505224227905
99.33602788 -43.555732330307364 -13.004442450590432 30.05963110923767
99.355962807 -43.742724975571036 -13.059709784574807 30.05984091758728
99.375931829 -43.86741598509252 -13.096559760160744 30.05998969078064
99.395931889 -44.054458221420646 -13.151808020658791 30.060210943222046
99.416083839 -44.17916448973119 -13.188642737455666 30.06033682823181
99.43593273 -44.36627157591283 -13.243895766325295 30.0605046749115
99.455936072 -44.491015991196036 -13.28071713168174 30.06060767173767
99.475976306 -44.678203186020255 -13.335921523161232 30.06076407432556
99.495944501 -44.80297430418432 -13.372708556242287 30.060863256454468
99.516089305 -44.990085205063224 -13.427880522795022 30.061084508895874
99.536071729 -45.11481817625463 -13.464627501554787 30.0612370967865
99.555932092 -45.30189093016088 -13.51971745211631 30.06146216392517
99.575924618 -45.42661245726049 -13.556432959623635 30.06161856651306
99.595917496 -45.61367758177221 -13.611484763212502 30.061847448349
99.616471494 -45.738383850082755 -13.648183104582131 30.062022924423218
99.635932378 -45.925448974594474 -13.703249213285744 30.062270879745483
99.65596538 -46.050151428207755 -13.739957091398537 30.062415838241577
99.675959737 -46.237250884994864 -13.79504990298301 30.06260657310486
99.696082355 -46.36199530027807 -13.831768271513283 30.06272864341736
99.716076739 -46.5491367187351 -13.88683342654258 30.062904119491577
99.736046405 -46.673965057358146 -13.923511740751565 30.063018560409546
99.75594017 -46.86116751097143 -13.978496787138283 30.063178777694702
99.775953491 -46.985976776108146 -14.01508164126426 30.063304662704468
99.79593418 -47.17317541502416 -14.069895979948342 30.063499212265015
99.816070618 -47.29799230955541 -14.10635590273887 30.063613653182983
99.835984018 -47.48524053953588 -14.160956618376076 30.063796758651733
99.855934898 -47.61006887815893 -14.197324988432229 30.0639226436615
99.875938129 -47.797412475571036 -14.25173878390342 30.064124822616577
99.895922626 -47.92232092283666 -14.287977454252541 30.064258337020874
99.916137188 -48.10969122312963 -14.342286345548928 30.06449866294861
99.935980095 -48.23464163206518 -14.378443953581154 30.064666509628296
99.955917988 -48.42206915281713 -14.432635542936623 30.064929723739624
99.975941934 -48.54705770872533 -14.468726393766701 30.065112829208374
99.995929635 -48.73458059690893 -14.522852179594338 30.065398931503296
100.016101337 -48.85958822630346 -14.558923956938088 30.065608739852905
100.036022988 -49.04708059690893 -14.613011595793068 30.06591773033142
100.05594754 -49.1720500793308 -14.64906716067344 30.066123723983765
100.075952268 -49.35951956175268 -14.703155753202736 30.066409826278687
100.095929751 -49.48449285887182 -14.739212271757424 30.066577672958374
100.116052064 -49.6719280090183 -14.793312308378518 30.066795110702515
100.136000778 -49.796916564926505 -14.829393622465432 30.066917181015015
100.155970913 -49.98437460325658 -14.883512732572854 30.067085027694702
100.175969791 -50.109355529770255 -14.91959881503135 30.06716513633728
100.195963092 -50.29682501219213 -14.973754164762795 30.06723380088806
100.216060986 -50.42178305052221 -15.009865996427834 30.06724524497986
100.236269139 -50.60928305052221 -15.06409287173301 30.06719946861267
100.255973115 -50.73428305052221 -15.100272414274514 30.067142248153687
100.275929596 -50.921786865219474 -15.154578444547951 30.067012548446655
100.295900691 -51.04675634764135 -15.190804717130959 30.06692099571228
100.316021961 -51.234164794906974 -15.245172736234963 30.066753149032593
100.33600985 -51.35909613035619 -15.281455275602639 30.066604375839233
100.35592381 -51.54645880125463 -15.335880515165627 30.066402196884155
100.375957722 -51.67137106321752 -15.372166869230568 30.06626868247986
100.395913406 -51.85876806639135 -15.426611182279885 30.066043615341187
100.416043905 -51.98368032835424 -15.462908026762307 30.065906286239624
100.436004628 -52.17110021971166 -15.51736378390342 30.065662145614624
100.455956064 -52.29604681394994 -15.553672072477639 30.06546378135681
100.476044186 -52.48347052000463 -15.608141181059182 30.065128087997437
100.495929183 -52.60845907591283 -15.644507643766701 30.064822912216187
100.516021471 -52.79591711424291 -15.699063536711037 30.064353704452515
100.536014839 -52.92089804075658 -15.735473868437111 30.064002752304077
100.55592685 -53.10830648802221 -15.790087935514748 30.063483953475952
100.57702005 -53.233222564682364 -15.826503035612404 30.063117742538452
100.596980773 -53.420547088608146 -15.881141898222268 30.062556982040405
100.61713466 -53.545383056625724 -15.917569396086037 30.062209844589233
100.637017877 -53.73261602781713 -15.972252127714455 30.061660528182983
100.657048879 -53.85741384886205 -16.008716818876565 30.06130576133728
100.677015846 -54.044562896713614 -16.063450095243752 30.060794591903687
100.696961757 -54.16938360594213 -16.100012061186135 30.06044363975525
100.717172389 -54.35659750364721 -16.154848334379494 30.059913396835327
100.737570515 -54.48144491575658 -16.19142555911094 30.059581518173218
100.757040492 -54.66878088377416 -16.246315238066018 30.05912756919861
100.777136055 -54.793654998764396 -16.282907721586525 30.05885672569275
100.797014504 -54.98112448118627 -16.337784049101174 30.058509588241577
100.817704266 -55.106032928451896 -16.374351737089455 30.058318853378296
100.837042447 -55.29346807859838 -16.429208991117775 30.0580632686615
100.857023531 -55.41840704344213 -16.465748068876565 30.05791449546814
100.877027057 -55.60579641722143 -16.520517584867775 30.05772376060486
100.897028648 -55.730754455551505 -16.557014700956643 30.057620763778687
100.917185009 -55.91813619993627 -16.611746069975197 30.057517766952515
100.937030013 -56.04305609129369 -16.648216483183205 30.057475805282593
100.957065019 -56.230475982651114 -16.70291351992637 30.05743384361267
100.977091833 -56.3553996887058 -16.739368674345315 30.05742621421814
100.99812519 -56.54284628294408 -16.79400658328086 30.057437658309937
101.018730016 -56.66781576536596 -16.83039688784629 30.057449102401733
101.038159439 -56.85526235960424 -16.88494133669883 30.05748724937439
101.058195092 -56.980327209457755 -16.921287772245705 30.057536840438843
101.0781893 -57.167819580063224 -16.975773093290627 30.057628393173218
101.098172897 -57.292861541733146 -17.01205086428672 30.057719945907593
101.118285053 -57.48036535643041 -17.066427466459572 30.05789542198181
101.138182052 -57.605361541733146 -17.102630850858986 30.058048009872437
101.158214897 -57.79283865354955 -17.156898734159768 30.05833411216736
101.178156622 -57.91778143309057 -17.193063971586525 30.058547735214233
101.198133868 -58.105258544906974 -17.247287985868752 30.058917760849
101.218256064 -58.230239471420646 -17.283422705717385 30.059192419052124
101.238159307 -58.41768988035619 -17.337623831816018 30.05963110923767
101.258218704 -58.54272802732885 -17.373796698637307 30.059940099716187
101.278172242 -58.73021658323705 -17.42807221133262 30.060432195663452
101.298121096 -58.85520132444799 -17.464290854521096 30.06079077720642
101.318631576 -59.04267462156713 -17.51863503176719 30.061347723007202
101.33817651 -59.16761358641088 -17.554865119047463 30.061729192733765
101.358346303 -59.35498388670385 -17.60919213015586 30.06237769126892
101.378181756 -59.479838928207755 -17.64540505129844 30.06283164024353
101.39814348 -59.667121490463614 -17.699749228544533 30.06356406211853
101.418215551 -59.79195745848119 -17.73598885256797 30.064094305038452
101.438147378 -59.9791789855808 -17.79036354739219 30.064895391464233
101.458196079 -60.10403021238744 -17.82666039187461 30.065471410751343
101.478175878 -60.29124411009252 -17.881105658598244 30.066325902938843
101.498144132 -60.416057189926505 -17.91740631777793 30.066901922225952
101.518438481 -60.60329779051244 -17.971901175566018 30.06774878501892
101.538206589 -60.728095611557364 -18.00823807436973 30.06829810142517
101.558180051 -60.91542395018041 -18.06280541140586 30.06908392906189
101.579349576 -61.04031332395971 -18.099210974760354 30.06957983970642
101.599389685 -61.22766073606908 -18.15385651309043 30.070293188095093
101.619449159 -61.35253103636205 -18.190315482206643 30.07078528404236
101.639396556 -61.539809783920646 -18.245023963041604 30.071483373641968
101.659403017 -61.66467626951635 -18.28154205996543 30.071902990341187
101.679391264 -61.851909240707755 -18.33633064944297 30.072486639022827
101.699361791 -61.97672994993627 -18.37287735659629 30.07284903526306
101.719617946 -62.16395910643041 -18.427738425321877 30.07347846031189
101.739377756 -62.28874166868627 -18.46432137209922 30.073875188827515
101.759417316 -62.47597845457494 -18.51931976992637 30.074466466903687
101.779339912 -62.600802978500724 -18.556020972318947 30.07484793663025
101.799357779 -62.788032134994864 -18.61113762576133 30.07540488243103
101.820136027 -62.91296347044408 -18.6479952307418 30.075786352157593
101.839340854 -63.10032614134252 -18.70330643374473 30.076343297958374
101.85964457 -63.225268920883536 -18.740249869413674 30.076701879501343
101.879343287 -63.41263540647924 -18.795683142729104 30.07720923423767
101.899495833 -63.53756674192846 -18.832691428251565 30.07754111289978
101.919518517 -63.72498663328588 -18.888239142484963 30.078025579452515
101.939375862 -63.84989889524877 -18.925276038236916 30.078330755233765
101.959407639 -64.03738363645971 -18.980940100736916 30.078803777694702
101.979355756 -64.16236074827611 -19.01805901248008 30.079108953475952
102.007970574 -64.34982260130346 -19.07374405581504 30.07955527305603
102.030804507 -64.47487600706518 -19.110910651274025 30.07982611656189
102.050894922 -64.6624294128269 -19.166649100370705 30.080203771591187
102.071120447 -64.78749807737768 -19.20381569582969 30.080421209335327
102.090856808 -64.97516592405736 -19.259603735990822 30.080695867538452
102.110833427 -65.10025747679174 -19.2967932196334 30.08086371421814
102.130854913 -65.28803213499486 -19.35265373904258 30.081104040145874
102.151012544 -65.41312368772924 -19.38985848147422 30.081248998641968
102.171160844 -65.60084494017065 -19.445713278837502 30.081435918807983
102.190916515 -65.72598226927221 -19.482952353544533 30.081554174423218
102.210790694 -65.91365774534643 -19.53879761416465 30.081733465194702
102.230816321 -66.03882559202611 -19.576053855009377 30.081863164901733
102.250914218 -66.22650869749486 -19.63192963320762 30.082069158554077
102.270903576 -66.35163076780736 -19.669197318144143 30.082217931747437
102.290832456 -66.53932150267065 -19.72509026248008 30.082462072372437
102.310772611 -66.66439779661596 -19.762333151884377 30.08262610435486
102.330843941 -66.85208090208471 -19.818205115385354 30.082908391952515
102.350951402 -66.97718771360815 -19.855436560697854 30.08309531211853
102.370935963 -67.16482504270971 -19.911270377226174 30.083377599716187
102.390806667 -67.28997763060033 -19.94849991519004 30.083572149276733
102.410792692 -67.47754629515111 -20.004282233305275 30.083839178085327
102.430833888 -67.60256918333471 -20.04146980959922 30.08397650718689
102.450852077 -67.78998525999486 -20.097204443998635 30.08415961265564
102.470935993 -67.91487844847143 -20.134332892484963 30.084235906600952
102.490807065 -68.10219534300268 -20.189975974150002 30.084296941757202
102.510819298 -68.22701986692846 -20.227039572782815 30.08432364463806
102.530855677 -68.41428335569799 -20.282583472318947 30.08433508872986
102.550945973 -68.53906973265111 -20.319587943144143 30.08433508872986
102.570966098 -68.72618826292455 -20.37505936343223 30.08431601524353
102.590822492 -68.85093649290502 -20.412018057890236 30.084293127059937
102.61079728 -69.03797109983861 -20.467415091581643 30.084251165390015
102.630852798 -69.16263540647924 -20.504307028837502 30.08425498008728
102.650837333 -69.34958609007299 -20.559608695097268 30.084258794784546
102.671257889 -69.47416647337377 -20.596451041288674 30.08425498008728
102.690890014 -69.66098745726049 -20.651689765043557 30.084243535995483
102.710831813 -69.78548391722143 -20.68849587161094 30.084239721298218
102.731034921 -69.97219808958471 -20.743694541044533 30.084243535995483
102.75091135 -70.09662588499486 -20.780494925566018 30.084251165390015
102.771302593 -70.28320272825658 -20.835682150907815 30.084251165390015
102.790843206 -70.40760000608861 -20.87246918398887 30.08425498008728
102.810807026 -70.59410818479955 -20.927635428495705 30.08424735069275
102.830802395 -70.71841390989721 -20.964407202787697 30.084243535995483
102.850806207 -70.90481527708471 -21.019554373808205 30.084224462509155
102.871102422 -71.02899130247533 -21.056303259916604 30.084178686141968
102.890831764 -71.21517904661596 -21.111427542753518 30.08407950401306
102.910792631 -71.33917959593236 -21.148140189237893 30.084041357040405
102.930849746 -71.52492483519018 -21.20315193850547 30.084048986434937
102.950865773 -71.64852865599096 -21.239763495512307 30.084113836288452
102.971055134 -71.83353384397924 -21.294557807035744 30.084346532821655
102.990861632 -71.95655783079565 -21.330957648344338 30.084605932235718
103.01080882 -72.14049490354955 -21.38538956362754 30.085147619247437
103.030885371 -72.26266439817846 -21.421531912870705 30.08563208580017
103.050830607 -72.44510610960424 -21.475513693876565 30.08656668663025
103.071438297 -72.56616934202611 -21.511347052641213 30.087310552597046
103.090812068 -72.74669607542455 -21.56480431277305 30.088638067245483
103.110801491 -72.86631735228002 -21.60024666506797 30.089671850204468
103.130818764 -73.04454763792455 -21.653085944242775 30.091472387313843
103.150842852 -73.16245230101049 -21.6880285711959 30.09281897544861
103.170970357 -73.33795126341283 -21.740047690458596 30.09498953819275
103.190872537 -73.4539333190769 -21.77442574221641 30.09654974937439
103.210790983 -73.62633474729955 -21.825531241483986 30.09905219078064
103.230880296 -73.74008901976049 -21.859243628568947 30.10085654258728
103.250789173 -73.90879782103002 -21.90923905093223 30.1037175655365
103.271090891 -74.02006491087377 -21.942215201444924 30.105682134628296
103.290823108 -74.18469961546361 -21.99098038394004 30.10874915122986
103.310779745 -74.29308279417455 -22.02308487612754 30.110835790634155
103.330869035 -74.45352896116674 -22.07061028201133 30.114028692245483
103.350817273 -74.55878408811986 -22.101797339506447 30.116187810897827
103.370939236 -74.71450765989721 -22.147945639677346 30.119395971298218
103.390845637 -74.81669577024877 -22.178230521269143 30.121509313583374
103.410808957 -74.9674602355808 -22.222936865873635 30.12463355064392
103.430806202 -75.06644400022924 -22.252292868681252 30.126731634140015
103.450772546 -75.2119899597019 -22.295496222563088 30.12980628013611
103.47100537 -75.30758627317846 -22.323868033476174 30.131843328475952
103.490831118 -75.44751699827611 -22.365394827909768 30.135677099227905
103.510801889 -75.53875692747533 -22.39244866091758 30.138770818710327
103.530868085 -75.67273672483861 -22.43208145815879 30.14390540122986
103.550815317 -75.7598186340183 -22.457710501737893 30.14776587486267
103.571005225 -75.88784750364721 -22.494911429472268 30.15444540977478
103.59081762 -75.97132070921361 -22.51867508608848 30.159618139266968
103.610793825 -76.09393270872533 -22.552494284696877 30.16851019859314
103.630831392 -76.1743694152683 -22.573801276274025 30.175037145614624
103.650758014 -76.29266317747533 -22.603403327055275 30.18571448326111
103.671030405 -76.37055166624486 -22.621607062406838 30.193187475204468
103.690896268 -76.48619039915502 -22.64651703555137 30.20469641685486
103.71081703 -76.56244619749486 -22.661154028959572 30.212600469589233
103.730860897 -76.67645223997533 -22.68084740359336 30.224258184432983
103.750859827 -76.75205191038549 -22.691841361112893 30.231990575790405
103.771089463 -76.86532553099096 -22.705621954984963 30.243243932724
103.791817878 -76.94078787229955 -22.71275543887168 30.250484228134155
103.811989428 -77.05417593382299 -22.720245596952736 30.260791540145874
103.831834111 -77.12991293333471 -22.723324057646096 30.267219305038452
103.851886189 -77.24401815794408 -22.724216696806252 30.276069402694702
103.872111046 -77.32042654417455 -22.722721335478127 30.281394720077515
103.891883476 -77.4355998840183 -22.717329260893166 30.28847098350525
103.911808758 -77.51295431517065 -22.711223837919533 30.292510747909546
103.931945594 -77.62964590452611 -22.699060675688088 30.297618627548218
103.95192253 -77.70801504515111 -22.688677069731057 30.300334692001343
103.972101282 -77.82653005979955 -22.66966461855918 30.30340552330017
103.991805725 -77.90607412718236 -22.65495514590293 30.304832220077515
104.011793604 -78.02638967894018 -22.62950920779258 30.305980443954468
104.031803527 -78.10716970823705 -22.61052155215293 30.306167364120483
104.051901114 -78.22965200804174 -22.5782873602584 30.30545401573181
104.072026278 -78.31199606321752 -22.55464577395469 30.304412603378296
104.091840151 -78.43654592894018 -22.515972373075783 30.302051305770874
104.111810955 -78.52049978636205 -22.487688300199807 30.299907445907593
104.131801907 -78.64739950560033 -22.44228005129844 30.29598593711853
104.151867122 -78.73278768919408 -22.409792182035744 30.292922735214233
104.172161843 -78.86209829710424 -22.357797858305275 30.287715673446655
104.191818698 -78.94894369505346 -22.321222540922463 30.28390860557556
104.211816468 -79.08068807981908 -22.26282906252891 30.277671575546265
104.231846709 -79.16925772093236 -22.22194313723594 30.273250341415405
104.251822369 -79.30320700071752 -22.15774178225547 30.266242742538452
104.273006571 -79.39319570921361 -22.113115546293557 30.26135230064392
104.292808663 -79.52921255491674 -22.043501135893166 30.253738164901733
104.312878675 -79.62079580686986 -21.99508881289512 30.24850058555603
104.332850502 -79.75904043577611 -21.920072791166604 30.240550756454468
104.353204384 -79.85192831419408 -21.8683321448043 30.23516821861267
104.372903556 -79.99231680296361 -21.788210150785744 30.227000951766968
104.392832029 -80.08644064329565 -21.733339545316994 30.221526861190796
104.412822401 -80.2288127746433 -21.648460623808205 30.213355779647827
104.432833731 -80.32428701780736 -21.59047341067344 30.207950353622437
104.452914896 -80.46829183958471 -21.501472708769143 30.19993567466736
104.473203278 -80.5649944152683 -21.44067215640098 30.194682836532593
104.492817086 -80.71066244505346 -21.347767111845315 30.18692374229431
104.512808373 -80.80828817747533 -21.284635779447854 30.18187689781189
104.532838688 -80.95524557493627 -21.18844818789512 30.174506902694702
104.552971418 -81.05363424681127 -21.12331795413047 30.169749975204468
104.573111613 -81.20181234739721 -21.02423119265586 30.162853002548218
104.592826722 -81.30089529417455 -20.957325217314065 30.158389806747437
104.612832914 -81.4501262512058 -20.855694052763283 30.152053594589233
104.632808215 -81.54988821409643 -20.78718971926719 30.147956609725952
104.652985739 -81.69989736936986 -20.683367011137307 30.14206290245056
104.673020654 -81.8002467956394 -20.613514182157815 30.138347387313843
104.692876972 -81.95103414915502 -20.507816550321877 30.132991552352905
104.712814196 -82.05178793333471 -20.43677353579551 30.12960410118103
104.732839712 -82.20320852659643 -20.329456564970315 30.12475562095642
104.752985205 -82.3042751159519 -20.257416007108986 30.121665716171265
104.773615333 -82.45618399046361 -20.148800131864846 30.11730170249939
104.79282315 -82.55750234983861 -20.07592606265098 30.114505529403687
104.812864865 -82.70969351194799 -19.96628021914512 30.110576391220093
104.832986389 -82.81122549436986 -19.892893073149025 30.10809302330017
104.853242653 -82.96361502073705 -19.782404181547463 30.104575872421265
104.873103209 -83.06534536741674 -19.708620307035744 30.102397680282593
104.892961915 -83.21798666380346 -19.597557303495705 30.09930396080017
104.912822173 -83.31981619261205 -19.523372885771096 30.097388982772827
104.932866083 -83.47262533567846 -19.411915061064065 30.09472632408142
104.952884298 -83.57450064085424 -19.337398764677346 30.093059301376343
104.973117494 -83.72740896604955 -19.2256319494918 30.090816259384155
104.992866718 -83.82935293577611 -19.15098786074668 30.089439153671265
105.012807962 -83.98227651976049 -19.038835761137307 30.087531805038452
105.032829231 -84.08427389524877 -18.96411728579551 30.086402654647827
105.052846235 -84.23717459104955 -18.851646658964455 30.084773778915405
105.072977946 -84.33908804319799 -18.77679466921836 30.083812475204468
105.092866571 -84.49186666868627 -18.66433930117637 30.082462072372437
105.112815564 -84.59365805052221 -18.589384314604104 30.081645727157593
105.132829185 -84.74626119993627 -18.4769747229293 30.08055090904236
105.152916727 -84.84793051145971 -18.401924368925393 30.07986807823181
105.173178017 -85.00034292601049 -18.28955673892051 30.078990697860718
105.19285744 -85.1018825378269 -18.214601752348244 30.078452825546265
105.212829871 -85.25411184690893 -18.10211014468223 30.07768225669861
105.232816153 -85.35557516478002 -18.027252432890236 30.07726263999939
105.252818979 -85.50769003294408 -17.914810416288674 30.076656103134155
105.273141299 -85.6090617980808 -17.839866873808205 30.07627844810486
105.292854268 -85.76107748411596 -17.727485892362893 30.075740575790405
105.31284824 -85.86235006712377 -17.65246605593711 30.075389623641968
105.332820987 -86.01415213011205 -17.54001068789512 30.07492423057556
105.352943427 -86.11527212522924 -17.464954611845315 30.07461905479431
105.373035503 -86.26686056517065 -17.35272240359336 30.074226140975952
105.393009977 -86.3678508605808 -17.277895209379494 30.07397437095642
105.412823559 -86.51924856565893 -17.165643927641213 30.073611974716187
105.432833248 -86.62012442015111 -17.09102272707969 30.07339835166931
105.452837974 -86.77136190794408 -16.97895645815879 30.07308554649353
105.473149553 -86.8721462097019 -16.90430283267051 30.072917699813843
105.492843546 -87.02329214476049 -16.792389151640236 30.07271933555603
105.512805948 -87.12400015257299 -16.717682120390236 30.072593450546265
105.532833829 -87.27505453489721 -16.6058752508834 30.072490453720093
105.552851023 -87.37572439573705 -16.53129791934043 30.07242178916931
105.572946412 -87.52665670774877 -16.419374701566994 30.072345495224
105.592824546 -87.62721975706518 -16.344747778959572 30.072295904159546
105.612797124 -87.77797659300268 -16.232784506864846 30.072211980819702
105.632799106 -87.87841757200658 -16.158359763212502 30.072166204452515
105.652782022 -88.0289836730808 -16.046560523100197 30.07205557823181
105.673017454 -88.12929495237768 -15.972061392851174 30.071956396102905
105.692955197 -88.27969320677221 -15.86030983645469 30.071780920028687
105.712793628 -88.37992056272924 -15.785678145475686 30.07164740562439
105.7328753 -88.53019674681127 -15.673913237638772 30.071548223495483
105.752863025 -88.6303249206394 -15.59933685977012 30.07150626182556
105.772911422 -88.78041799925268 -15.487369772978127 30.071483373641968
105.793743067 -88.88043936155736 -15.412851569242775 30.07153296470642
105.813898136 -89.03041036985815 -15.300867316313088 30.07158637046814
105.833952619 -89.13034780882299 -15.226196524687111 30.071605443954468
105.854053088 -89.28015859983861 -15.113997695036232 30.07162833213806
105.874154362 -89.37995108030736 -15.039200064726174 30.07165503501892
105.894735085 -89.52954824827611 -14.926971671171486 30.071712255477905
105.913861927 -89.62923391722143 -14.852010962553322 30.071738958358765
105.934095547 -89.77866323851049 -14.739719626493752 30.071807622909546
105.953970618 -89.8782497253269 -14.664775130338967 30.071834325790405
105.975172198 -90.02757223509252 -14.552232977934182 30.071792364120483
105.995170402 -90.12709005735815 -14.47728752810508 30.07174277305603
106.016804355 -90.27630575560033 -14.364663359709084 30.07165503501892
106.036619225 -90.37573965452611 -14.289562460966408 30.071601629257202
106.056570759 -90.52484854124486 -14.176886794157326 30.071521520614624
106.076611727 -90.62422903440893 -14.101630446501076 30.07143759727478
106.096585487 -90.77327688597143 -13.988869902677834 30.07130789756775
106.116573249 -90.8726116027683 -13.913435217924416 30.071197271347046
106.136621818 -91.02158316038549 -13.80048203188926 30.071052312850952
106.156662463 -91.12086447142065 -13.725107428617775 30.070964574813843
106.176609866 -91.26975973509252 -13.611934897489846 30.07085394859314
106.196552028 -91.36901052854955 -13.536597487516701 30.070811986923218
106.21658839 -91.5178752746433 -13.423373457975686 30.070735692977905
106.236624159 -91.6171184387058 -13.34785866457969 30.070720434188843
106.256708314 -91.76600607298315 -13.234563109464943 30.070716619491577
106.276630469 -91.86526449583471 -13.158894774504006 30.07073187828064
106.296547243 -92.0142131652683 -13.045525786466897 30.070815801620483
106.316573643 -92.11351736448705 -12.969849822111428 30.07086157798767
106.336634045 -92.26248892210424 -12.856188056059182 30.070880651474
106.356750654 -92.36188467405736 -12.780450102873147 30.070899724960327
106.376610712 -92.5109401550144 -12.666466948576272 30.070873022079468
106.396562515 -92.61034353636205 -12.590564009733498 30.070865392684937
106.416579978 -92.75944479368627 -12.476508376188576 30.07082724571228
106.436647832 -92.85887106321752 -12.40044712740928 30.07083487510681
106.45659212 -93.00803335569799 -12.286305663175881 30.07081961631775
106.476924065 -93.10748251341283 -12.210073706693947 30.070781469345093
106.496546557 -93.25675161741674 -12.095827338285744 30.070701360702515
106.516627313 -93.3562770690769 -12.019567725248635 30.070636510849
106.536606053 -93.50560720823705 -11.905031439848244 30.070564031600952
106.55685651 -93.60521658323705 -11.828725096769631 30.070510625839233
106.576669359 -93.75465353392065 -11.714038130827248 30.070396184921265
106.596585561 -93.85431631468236 -11.63751530367881 30.07030463218689
106.616600211 -94.00384481810033 -11.522606131620705 30.070159673690796
106.636620859 -94.10353048704565 -11.445845839567482 30.070056676864624
106.656789084 -94.25304373167455 -11.330642935819924 30.069888830184937
106.676620427 -94.3527141418308 -11.253709075041115 30.06978964805603
106.696581713 -94.50223501585424 -11.13835930544883 30.06966757774353
106.716589897 -94.60191305540502 -11.06137013155967 30.06957983970642
106.73659434 -94.7514186706394 -10.945753333158791 30.06945013999939
106.756679383 -94.85109671019018 -10.868659255094826 30.06933569908142
106.776637581 -95.00059469603002 -10.752798316068947 30.069129705429077
106.796556612 -95.10024984739721 -10.675478217191994 30.06896948814392
106.816558975 -95.24970205686986 -10.559389350004494 30.06869101524353
106.836651025 -95.34932669065893 -10.481858489103615 30.06846594810486
106.856786926 -95.49877890013158 -10.365533110685647 30.068118810653687
106.876937018 -95.59842642210424 -10.28787445742637 30.067893743515015
106.896567187 -95.74790914915502 -10.171228644438088 30.067561864852905
106.916550016 -95.84754904173315 -10.093393561430275 30.067329168319702
106.93658705 -95.9970012512058 -9.976532218046486 30.066978216171265
106.956715883 -96.09664877317846 -9.898651358671486 30.066730260849
106.977016665 -96.24611624144018 -9.781658408232033 30.066367864608765
106.996552249 -96.3457790222019 -9.70361923892051 30.0661199092865
107.016621975 -96.49527700804174 -9.586511847563088 30.06573462486267
107.036607282 -96.59493215940893 -9.508334395475686 30.06547522544861
107.057196363 -96.74442251585424 -9.391103026457131 30.06506323814392
107.076719778 -96.84408529661596 -9.312889334745705 30.064765691757202
107.096596893 -96.99357565306127 -9.195481535978615 30.064288854599
107.116576969 -97.09322317503393 -9.117238280363381 30.06393790245056
107.136609207 -97.24270590208471 -8.999718901701272 30.063419103622437
107.156841393 -97.34238394163549 -8.921335455961525 30.063056707382202
107.176655762 -97.4918742980808 -8.80361580569297 30.062530279159546
107.196595763 -97.59152182005346 -8.725105521269143 30.06217932701111
107.216567483 -97.74097402952611 -8.607304808683693 30.06169104576111
107.23659025 -97.84060629270971 -8.528683898039162 30.061397314071655
107.256732931 -97.99005850218236 -8.410784003324807 30.060981512069702
107.276726794 -98.08969076536596 -8.332113501615822 30.060706853866577
107.296565707 -98.23913534544408 -8.214003798551857 30.060291051864624
107.316569882 -98.33872183226049 -8.135247466154397 30.060039281845093
107.336607097 -98.48808248899877 -8.016953703947365 30.059688329696655
107.356715169 -98.58763082884252 -7.938020464964211 30.059478521347046
107.376649331 -98.73696859739721 -7.819532153196633 30.05917716026306
107.397609384 -98.83653219603002 -7.740446803160012 30.05898642539978
107.417586052 -98.9858928527683 -7.621776339598 30.058692693710327
107.437618224 -99.08545645140111 -7.542538878507912 30.058509588241577
107.457743123 -99.23477896116674 -7.423694369383156 30.058170080184937
107.477769506 -99.33432730101049 -7.344385382719338 30.05791449546814
107.49762549 -99.48365744017065 -7.225307700224221 30.057506322860718
107.517606767 -99.58319815061986 -7.145899531431496 30.057185888290405
107.537629498 -99.73250540159643 -7.026670691557229 30.056743383407593
107.558415689 -99.83205374144018 -6.947143790312111 30.056426763534546
107.577630147 -99.98142965696752 -6.827800509519875 30.05595374107361
107.597708815 -100.08102377317846 -6.74816679675132 30.055644750595093
107.617613351 -100.23049124144018 -6.628681895323098 30.05514883995056
107.637671689 -100.33016165159643 -6.548981425352395 30.054786443710327
107.658686736 -100.47971304319799 -6.429367777891457 30.05423331260681
107.67862017 -100.57947500608861 -6.349667784757912 30.053855657577515
107.698645354 -100.72909506224096 -6.2299764128401875 30.05333685874939
107.718707133 -100.82887228392065 -6.150265929289162 30.052966833114624
107.738979277 -100.97853811644018 -6.030634638853371 30.052451848983765
107.758687066 -101.07833822630346 -5.950884100981057 30.05210852622986
107.778697413 -101.22805746458471 -5.831256148405373 30.051555395126343
107.798620664 -101.32787283323705 -5.75145744998008 30.05119299888611
107.818645359 -101.47768362425268 -5.631837126798928 30.05065131187439
107.838795724 -101.57758291624486 -5.552065608091652 30.05028510093689
107.858820021 -101.7274700012058 -5.432372805662453 30.0497624874115
107.878674884 -101.8274455871433 -5.352592227049172 30.04940390586853
107.898629805 -101.97741659544408 -5.2328283758834 30.04891562461853
107.918637254 -102.07743032835424 -5.15295195300132 30.048591375350952
107.93898281 -102.22753866575658 -5.033106562681496 30.048076391220093
107.958733762 -102.32762106321752 -4.953160521574318 30.04775595664978
107.978693103 -102.47777517698705 -4.833239790983498 30.04724097251892
107.998629507 -102.57787283323705 -4.753253695555031 30.04690909385681
108.018608928 -102.72801168821752 -4.63331198412925 30.046363592147827
108.038797537 -102.82810171507299 -4.55330013949424 30.04602026939392
108.058704239 -102.97824819944799 -4.433210131712258 30.04551672935486
108.078702604 -103.07836874388158 -4.353107211180031 30.04515814781189
108.098678432 -103.2285686340183 -4.232866999693215 30.04466223716736
108.118662922 -103.32871969603002 -4.1526610823348165 30.044326543807983
108.138712143 -103.47897299192846 -4.032296416349709 30.043784856796265
108.158694757 -103.57914694212377 -3.9520063372328877 30.04344153404236
108.178940268 -103.72946890257299 -3.831546542234719 30.042857885360718
108.198627148 -103.82971914671361 -3.751204011030495 30.04247260093689
108.218604105 -103.98013265989721 -3.6306393118575215 30.041900396347046
108.238693657 -104.0803981628269 -3.5502471895888448 30.041511297225952
108.258674257 -104.23080404661596 -3.4296336146071553 30.04093909263611
108.278683062 -104.3311076965183 -3.34918808657676 30.040523290634155
108.298633805 -104.48155172728002 -3.2284603090956807 30.03995108604431
108.31863685 -104.58184774778783 -3.1479432554915547 30.039573431015015
108.338717085 -104.73229940794408 -3.027131554670632 30.039039373397827
108.358677111 -104.8325954284519 -2.946557995863259 30.03871512413025
108.378646713 -104.98306997679174 -2.8256256552413106 30.038249731063843
108.398640872 -105.08338125608861 -2.7449653120711446 30.037975072860718
108.418633931 -105.23384817503393 -2.6239204378798604 30.037593603134155
108.438792738 -105.33417471311986 -2.543205020017922 30.03728461265564
108.458650309 -105.48465689085424 -2.4220893355086446 30.036853551864624
108.478678512 -105.58499105833471 -2.341320035047829 30.036540746688843
108.498641389 -105.73546560667455 -2.2201497526839375 30.036094427108765
108.51865356 -105.83578451536596 -2.13937306124717 30.03578543663025
108.538679532 -105.9862590637058 -2.0182261439040303 30.035274267196655
108.558648442 -106.08657034300268 -1.9374548168852925 30.034953832626343
108.578661592 -106.23706015013158 -1.8163301916792989 30.034431219100952
108.598623085 -106.33740194700658 -1.7355680437758565 30.034087896347046
108.618646221 -106.48793753050268 -1.6144082518294454 30.033580541610718
108.63871473 -106.58834036253393 -1.5336414547637105 30.03318762779236
108.658751378 -106.73895986936986 -1.4124803515151143 30.032634496688843
108.678857032 -106.83940084837377 -1.3317103357985616 30.032264471054077
108.698702448 -106.99008901976049 -1.2105609150603414 30.03171133995056
108.718615068 -107.09054525755346 -1.1297903032973409 30.031375646591187
108.738663161 -107.24132498167455 -1.0086609097197652 30.030898809432983
108.758744366 -107.34182699583471 -0.927898702211678 30.030643224716187
108.778648654 -107.49266012571752 -0.8068098993971944 30.03025794029236
108.798620988 -107.59323080442846 -0.7260916801169515 30.030025243759155
108.818636691 -107.74411734007299 -0.605028030462563 30.029700994491577
108.838687471 -107.84475668333471 -0.524353084154427 30.02947974205017
108.858672034 -107.99572714231908 -0.40335112530738115 30.029189825057983
108.878641735 -108.09639700315893 -0.32270115334540606 30.029002904891968
108.898601823 -108.24742849729955 -0.20173504669219255 30.028709173202515
108.918614885 -108.34811361692846 -0.12109380681067705 30.02853751182556
108.938691408 -108.49921377561986 -0.00015150289982557297 30.028266668319702
108.958924855 -108.59995993040502 0.08047214429825544 30.028079748153687
108.978689581 -108.75110586546361 0.20139833074063063 30.027801275253296
108.998596478 -108.85193594358861 0.28199231904000044 30.027538061141968
109.018626968 -109.00315054319799 0.40287730377167463 30.027232885360718
109.038654616 -109.10400350950658 0.4834231464192271 30.026988744735718
109.058709723 -109.25526388548315 0.6042221216484904 30.02666449546814
109.080204775 -109.35610922239721 0.6847341684624553 30.026458501815796
109.100074832 -109.50736196897924 0.8054868606850505 30.02616858482361
109.120096871 -109.60818441770971 0.8859791783615947 30.026012182235718
109.140966047 -109.75937612913549 1.0067135719582438 30.025691747665405
109.161057102 -109.8601604308933 1.087195280008018 30.025508642196655
109.179174893 -110.01131399534643 1.2079048184677958 30.025272130966187
109.199101544 -110.11205252073705 1.2883943347260356 30.025127172470093
109.219189624 -110.26315267942846 1.4091315297409892 30.024959325790405
109.239124604 -110.36386831663549 1.4896386889740825 30.024863958358765
109.259346136 -110.51495321653783 1.610434534959495 30.02471899986267
109.279136799 -110.6156764831394 1.6909672049805522 30.024635076522827
109.299071845 -110.76671560667455 1.8117746142670512 30.02450156211853
109.31909227 -110.86739309690893 1.8923064498230815 30.024444341659546
109.339118493 -111.01840170286596 2.013115051202476 30.024295568466187
109.359147622 -111.11907919310033 2.0936465291306376 30.02420401573181
109.379113904 -111.27008016966283 2.214429381303489 30.02408194541931
109.399060323 -111.37079580686986 2.2949302224442363 30.023948431015015
109.419090743 -111.52187307737768 2.415644886903465 30.02376914024353
109.439130489 -111.62259634397924 2.4960949448868632 30.02361273765564
109.459144388 -111.7737346496433 2.6167356995865703 30.02336859703064
109.479255448 -111.87450369261205 2.6971385506913066 30.023235082626343
109.499073206 -112.02572592161596 2.8177366284653544 30.02297568321228
109.519105657 -112.12656362913549 2.8981127766892314 30.02281928062439
109.53921034 -112.27786215208471 3.0186438588425517 30.022563695907593
109.559868075 -112.37873037718236 3.098966839723289 30.022407293319702
109.579113518 -112.53004415892065 3.219403269700706 30.022197484970093
109.599088954 -112.63095816038549 3.2996492413803935 30.02203345298767
109.619077662 -112.78234060667455 3.419983866624534 30.021854162216187
109.639155114 -112.88330038450658 3.5001871613785625 30.02178168296814
109.659323977 -113.03479727171361 3.620476963929832 30.02169394493103
109.680496184 -113.1358180847019 3.7006497411057353 30.021655797958374
109.70044388 -113.28745993040502 3.8209605244919658 30.02157187461853
109.7204683 -113.38858755491674 3.9011688260361552 30.021548986434937
109.740554308 -113.54030569456518 4.021481278352439 30.021587133407593
109.760868866 -113.64154013060033 4.101708653382957 30.021602392196655
109.780487601 -113.79344900511205 4.222015145234764 30.0216863155365
109.800651115 -113.89479025267065 4.302210095338523 30.021770238876343
109.82044924 -114.0468288268894 4.422449829988182 30.021949529647827
109.840531099 -114.14822348020971 4.502577546052635 30.022063970565796
109.860504459 -114.30040701292455 4.622742894105613 30.02226233482361
109.880471979 -114.40188558958471 4.702825787477195 30.02243399620056
109.9004391 -114.55421408079565 4.822924378328025 30.022716283798218
109.920437589 -114.65580709837377 4.902963402681053 30.022937536239624
109.94066644 -114.80825765989721 5.02298045437783 30.023372411727905
109.960475702 -114.90995748899877 5.102992775849998 30.023662328720093
109.980469633 -115.06252249144018 5.222984078340232 30.02416205406189
110.000465263 -115.16427572630346 5.302978280000389 30.024516820907593
110.020438057 -115.31693991087377 5.422968151979148 30.025066137313843
110.040548406 -115.41871603392065 5.502937558107078 30.025489568710327
110.060486872 -115.57147177122533 5.622902634553611 30.026138067245483
110.080468457 -115.67327841185033 5.702832940034568 30.026588201522827
110.100467206 -115.82601889036596 5.822751763276756 30.027271032333374
110.120437771 -115.92784841917455 5.902689221315086 30.027740240097046
110.140564066 -116.08057363890111 6.022581818513572 30.028457403182983
110.160483061 -116.18241079710424 6.102518799714744 30.028945684432983
110.180497056 -116.33515127561986 6.2223856477066875 30.02966284751892
110.20044791 -116.43698843382299 6.302295449189842 30.030132055282593
110.220448927 -116.58973654173315 6.422190430574119 30.03084921836853
110.240536519 -116.69157369993627 6.502102616243064 30.031333684921265
110.260974475 -116.84439047239721 6.622034314088523 30.032039403915405
110.280480156 -116.94629629515111 6.701966526918113 30.03250479698181
110.300585742 -117.09920462034643 6.821827176027 30.03318762779236
110.320434164 -117.20120962522924 6.9017493752762675 30.033599615097046
110.340538359 -117.35419424436986 7.021543744020164 30.034259557724
110.361521321 -117.45620687864721 7.101393464021385 30.034656286239624
110.381519029 -117.60921438597143 7.221110108308494 30.035232305526733
110.401500406 -117.7112346496433 7.300901654176414 30.035571813583374
110.421536057 -117.86428030394018 7.420568230561912 30.036021947860718
110.441631315 -117.96629293821752 7.500308278016746 30.03631567955017
110.46154719 -118.11937673948705 7.61993336956948 30.03662085533142
110.481543344 -118.22142752073705 7.699672940187156 30.036815404891968
110.501494922 -118.37449606321752 7.819260838441551 30.037097692489624
110.52150424 -118.47654684446752 7.899039986543357 30.037212133407593
110.541605378 -118.62961538694799 8.018672707490623 30.03738760948181
110.561572515 -118.73165853880346 8.098448517732322 30.037482976913452
110.581527819 -118.88472708128393 8.218158486299217 30.037578344345093
110.601519959 -118.98676260374486 8.297940018586814 30.037639379501343
110.621500528 -119.13977774046361 8.417629006318748 30.037700414657593
110.641661358 -119.24175985716283 8.497385743074119 30.037776708602905
110.661494707 -119.39471395872533 8.617085221223533 30.03786063194275
110.681501086 -119.49667318724096 8.696878197602928 30.037910223007202
110.701554336 -119.64961965940893 8.816550972871482 30.037971258163452
110.721502721 -119.75159414671361 8.896348717622459 30.03800940513611
110.741601483 -119.90457113645971 9.01596141140908 30.038047552108765
110.762165865 -120.00658377073705 9.095677140168846 30.038093328475952
110.781559251 -120.15966757200658 9.215203049592674 30.038177251815796
110.801566757 -120.26173361204565 9.294824364595115 30.03826117515564
110.821510057 -120.41493185423315 9.414254906587303 30.038387060165405
110.84234531 -120.51708944700658 9.49383235257119 30.03850531578064
110.861545237 -120.67037161253393 9.613128426484764 30.03872275352478
110.881549926 -120.77255972288549 9.692584755830467 30.038875341415405
110.901538727 -120.92584951780736 9.811660530976951 30.03912329673767
110.921517779 -121.02807577513158 9.890993836335838 30.039268255233765
110.941650494 -121.18143423460424 10.00988459866494 30.039466619491577
110.961588405 -121.28371389769018 10.089088204316795 30.039588689804077
110.981549279 -121.43715628050268 10.207813027314842 30.03977942466736
111.001491609 -121.53945883177221 10.286887886933982 30.039924383163452
111.021496542 -121.69297750853002 10.405452492646873 30.040080785751343
111.041647589 -121.79534872435033 10.484427216462791 30.040149450302124
111.061557729 -121.94894369505346 10.602784874849021 30.040229558944702
111.08155936 -122.05142172239721 10.681657555513084 30.04020667076111
111.10153167 -122.20516165159643 10.799840691499412 30.040141820907593
111.12153579 -122.3076930847019 10.878559830598533 30.04007315635681
111.141665493 -122.4614787902683 10.996483567170799 30.039973974227905
111.161566335 -122.56398733519018 11.074998619966209 30.039897680282593
111.181612603 -122.71766622923315 11.192615273408592 30.039790868759155
111.201540014 -122.82002981565893 11.270884278230369 30.039764165878296
111.221561726 -122.97342642210424 11.388064148835838 30.039741277694702
111.241643738 -123.07553823851049 11.46601081173867 30.0397527217865
111.261596779 -123.22839315794408 11.582621338777244 30.03989005088806
111.281568007 -123.3300319518894 11.660165551118553 30.04002356529236
111.301563622 -123.48202474974096 11.776051285676658 30.04038977622986
111.321539013 -123.58297689817846 11.853006127290428 30.040733098983765
111.341651851 -123.73374899290502 11.967904808931053 30.04136633872986
111.361648861 -123.8338161315769 12.044103386811912 30.04193091392517
111.381776932 -123.98302420042455 12.157713654451072 30.04290747642517
111.401498149 -124.08196981810033 12.232969048433006 30.04372000694275
111.42153419 -124.22927053831518 12.344980957917869 30.04509711265564
111.441607516 -124.32675131224096 12.419046166352928 30.046165227890015
111.461555778 -124.47180899046361 12.529176476411521 30.04796576499939
111.481554112 -124.56757315061986 12.601842644624412 30.049251317977905
111.501504307 -124.70996054075658 12.709764244966209 30.05133032798767
111.521508747 -124.80393179319799 12.780905487947166 30.052814245224
111.541647526 -124.94334371946752 12.886320832185447 30.05516791343689
111.561598987 -125.03531607054174 12.955775978974998 30.05682349205017
111.581566672 -125.17136343382299 13.058411362580955 30.05934500694275
111.601509667 -125.2609401550144 13.125900986604393 30.061057806015015
111.621506587 -125.39354666136205 13.225698235444725 30.063674688339233
111.641590949 -125.4805446472019 13.291089775972068 30.065444707870483
111.661515862 -125.60948904417455 13.387862923555076 30.068153142929077
111.681551542 -125.69390829466283 13.451138260774314 30.069915533065796
111.701496346 -125.81866415403783 13.544504883699119 30.072547674179077
111.721540483 -125.90039022825658 13.605586769990623 30.074260473251343
111.741550481 -126.02077444456518 13.695413353852928 30.076759099960327
111.761609769 -126.09971578978002 13.754216912202537 30.078380346298218
111.781563001 -126.21556051634252 13.840332749299705 30.080684423446655
111.801499318 -126.29114492796361 13.896416428498924 30.082664251327515
111.821506023 -126.40183981321752 13.978394272737205 30.08681082725525
111.84157838 -126.47364004515111 14.031388047151268 30.09024405479431
111.861564722 -126.57891806028783 14.108693840913475 30.096477270126343
111.881670486 -126.64736135862768 14.158522370271385 30.10137152671814
111.901547971 -126.74758108519018 14.230509522370994 30.10978674888611
111.921593424 -126.81311758421361 14.276790383271873 30.11596655845642
111.941654107 -126.90946920774877 14.343195679597557 30.125991582870483
111.961621174 -126.9727321472019 14.385617974214256 30.13296103477478
111.981551645 -127.06594808958471 14.445721390657127 30.143768072128296
112.001532637 -127.12738760374486 14.48370051663369 30.151012182235718
112.021536379 -127.21865042112768 14.53746962826699 30.16176199913025
112.041551734 -127.27891500853002 14.570746186189353 30.168742895126343
112.061634154 -127.36886557005346 14.61746287625283 30.17881751060486
112.081564244 -127.42855032347143 14.646174195222557 30.185195684432983
112.10150581 -127.51786001585424 14.685457947663963 30.194171667099
112.121519112 -127.57730062864721 14.709369423799217 30.199790716171265
112.141560668 -127.66654928587377 14.740823510102928 30.20745825767517
112.161643113 -127.7261272277683 14.759253266267478 30.212146520614624
112.181555298 -127.81565817259252 14.783025505952537 30.21855902671814
112.201488525 -127.87552603147924 14.796246293000877 30.222419500350952
112.2215582 -127.96564443968236 14.812082055024803 30.227611303329468
112.241551035 -128.02613790892065 14.819490197114646 30.23058295249939
112.261590206 -128.11727865599096 14.82671809475869 30.23453116416931
112.281561206 -128.17843588255346 14.828605416230857 30.23678946495056
112.301501096 -128.27081259153783 14.826949837617576 30.239661931991577
112.321531287 -128.33273275755346 14.823156121186912 30.241290807724
112.341551071 -128.42652853392065 14.812383416108787 30.243186712265015
112.361621065 -128.48950155638158 14.80227446835488 30.244205236434937
112.382174346 -128.5846706237644 14.7827327279374 30.24535346031189
112.40151628 -128.64880331419408 14.766275170259178 30.245795965194702
112.42164864 -128.7456355895847 14.737555268220603 30.246009588241577
112.44150708 -128.81076010130346 14.7154138116166 30.24584174156189
112.461552961 -128.90911825560033 14.67831492703408 30.245044469833374
112.4816178 -128.97526510618627 14.650710823945701 30.244109869003296
112.501502011 -129.0753932800144 14.605064156465232 30.24206519126892
112.521493836 -129.14262350462377 14.572135689668357 30.240302801132202
112.541528683 -129.24464376829565 14.518199685029685 30.236926794052124
112.561728844 -129.31324728392065 14.479676011018455 30.234267950057983
112.581630301 -129.41699179075658 14.418094399385154 30.22965979576111
112.60148711 -129.48698385618627 14.374159577302635 30.22611975669861
112.621559652 -129.59269674681127 14.30481410305947 30.220317602157593
112.641536147 -129.66380270384252 14.256072762422264 30.216071844100952
112.661696529 -129.77140768431127 14.179306748323143 30.209235906600952
112.681555627 -129.84361227415502 14.125962021760643 30.20443320274353
112.701553614 -129.95301779173315 14.042093041352928 30.196819067001343
112.721507887 -130.02624472044408 13.984326126985252 30.191604375839233
112.741565371 -130.13705404661596 13.894136193208396 30.183547735214233
112.761609577 -130.2113796081394 13.831993821077049 30.178062200546265
112.78162018 -130.3235622253269 13.73583674710244 30.16970419883728
112.801512432 -130.3989559020847 13.669582131318748 30.164039373397827
112.82149645 -130.51255758665502 13.56757331173867 30.155521154403687
112.841493013 -130.58872946165502 13.497728112153709 30.149863958358765
112.861651925 -130.70358236692846 13.390326264314353 30.141406774520874
112.882427943 -130.78044088743627 13.317145111970603 30.135814428329468
112.901509709 -130.8963924255222 13.20479083340615 30.127517461776733
112.921553291 -130.97396810911596 13.12840152066201 30.12210440635681
112.941531769 -131.09071310423315 13.011676552705467 30.114131689071655
112.961658613 -131.16891439817846 12.932379486970603 30.108966588974
112.98162056 -131.28636129759252 12.81167388241738 30.10145926475525
113.001527515 -131.36492880247533 12.730009797029197 30.096660375595093
113.021509039 -131.48297079466283 12.60589003842324 30.089744329452515
113.041540798 -131.56182821653783 12.52210212033242 30.085342168807983
113.0615788 -131.68038900755346 12.394977333955467 30.079055547714233
113.081618611 -131.75952108763158 12.30929923336953 30.075053930282593
113.101516093 -131.87850912474096 12.179569008760154 30.069427251815796
113.121586953 -131.9579158630222 12.092298272065818 30.065898656845093
113.141561952 -132.07711752317846 11.960279229097068 30.060977697372437
113.161684342 -132.15666159056127 11.871673348359764 30.057937383651733
113.182282697 -132.27601583860815 11.737781289033592 30.0536687374115
113.201507042 -132.3556209411472 11.647971871308982 30.05105185508728
113.221518138 -132.47506674192846 11.512552979402244 30.04747748374939
113.241546155 -132.55467184446752 11.421734574250877 30.045303106307983
113.261656314 -132.6740260925144 11.285003426484764 30.042381048202515
113.281606088 -132.75353964231908 11.193403008393943 30.04061484336853
113.301491389 -132.87281759642065 11.055819275788963 30.038318395614624
113.321519218 -132.9523006286472 10.963787796907127 30.03697180747986
113.341530473 -133.0714412536472 10.825303795747459 30.035144567489624
113.361621898 -133.15086325071752 10.732972863130271 30.034156560897827
113.382677827 -133.26991232298315 10.59400153439492 30.03286337852478
113.402630237 -133.34924276731908 10.501212838105857 30.032169103622437
113.422682361 -133.4681697692722 10.361873391084373 30.031360387802124
113.442678993 -133.54737814329565 10.268714669160545 30.030921697616577
113.463206588 -133.66615255735815 10.129137757234275 30.03053641319275
113.482898509 -133.74525411985815 10.035931351594627 30.030399084091187
113.502743234 -133.86378439329565 9.89590239804238 30.03036093711853
113.522591297 -133.9427028503269 9.802462342195213 30.03042960166931
113.54265731 -134.06091268919408 9.66217494290322 30.03063178062439
113.562693734 -134.13963278196752 9.56889224331826 30.030887365341187
113.582662315 -134.25756796263158 9.428717377595603 30.03133749961853
113.602644463 -134.33607443235815 9.335311654023826 30.03171133995056
113.622595539 -134.45371969603002 9.19525885861367 30.03236746788025
113.642645075 -134.53202780149877 9.101721527986228 30.03280997276306
113.66320706 -134.64938314817846 8.96178603451699 30.033576726913452
113.682705622 -134.72752340696752 8.868441346101463 30.034106969833374
113.702644329 -134.84458883665502 8.728343727998435 30.03493857383728
113.722600519 -134.92254598997533 8.635209801606834 30.03554892539978
113.742645039 -135.0393367614597 8.495263817720115 30.03653311729431
113.762971244 -135.11712606810033 8.402007821016014 30.03722357749939
113.782815775 -135.2336726989597 8.261921647004783 30.038280248641968
113.80261788 -135.3113094177097 8.168617012910545 30.039012670516968
113.822602061 -135.4276424255222 8.028770211152732 30.040141820907593
113.842695676 -135.50512655638158 7.935386898927391 30.040851354599
113.862665095 -135.62127645872533 7.795726063661277 30.041972875595093
113.882661063 -135.6986385192722 7.702594521455467 30.04270911216736
113.902642831 -135.81459005735815 7.5628492860123515 30.043803930282593
113.922643796 -135.89183004759252 7.469977620057762 30.044578313827515
113.942729457 -136.00758322142065 7.3304202584549785 30.04570746421814
113.96310565 -136.08470114134252 7.2374355820938945 30.04648184776306
113.982721552 -136.20031698606908 7.098027947358787 30.04765295982361
114.002671714 -136.27734335325658 7.004909756593406 30.048415899276733
114.022642752 -136.39283712767065 6.86557603161782 30.049636602401733
114.042694522 -136.46977194212377 6.772295239381492 30.05038046836853
114.062773183 -136.58506735228002 6.632799389772117 30.051551580429077
114.082690526 -136.66188009642065 6.539730313234031 30.052310705184937
114.102636067 -136.77702291868627 6.4000074891373515 30.053416967391968
114.122596998 -136.85374411009252 6.307103875093162 30.05418372154236
114.142650635 -136.96876486204565 6.1674587754532695 30.05528998374939
114.162760848 -137.04542501829565 6.0743777779862285 30.05602240562439
114.182906854 -137.1603542175144 5.9347879914566875 30.05711340904236
114.202633838 -137.23693807981908 5.841530564241111 30.057811498641968
114.222605912 -137.35177572630346 5.701968434266746 30.058887243270874
114.242652196 -137.4282985534519 5.608804943971336 30.059581518173218
114.262643471 -137.54305990599096 5.468881371431053 30.06056571006775
114.282770414 -137.61952169798315 5.375732663087547 30.06120276451111
114.30264548 -137.73417623899877 5.235392811708152 30.062091588974
114.32260177 -137.8105769958347 5.141992810182273 30.06264090538025
114.342644073 -137.92513998411596 5.001550438813865 30.063377141952515
114.362965065 -138.00147970579565 4.907866719178855 30.063823461532593
114.383065268 -138.11595114134252 4.767263176850975 30.064399480819702
114.402643613 -138.19224508665502 4.673301937989891 30.064735174179077
114.422596267 -138.30660971067846 4.532524826936424 30.06517767906189
114.442623663 -138.38282736204565 4.438516858033836 30.065433263778687
114.463118457 -138.4971004333347 4.297273877076805 30.065765142440796
114.483306829 -138.5732723083347 4.2031948594376445 30.065948247909546
114.50266418 -138.68751486204565 4.061711075715721 30.066158056259155
114.522600946 -138.76367147825658 3.9673028020188212 30.06628394126892
114.542715884 -138.87792929075658 3.825581076554954 30.06645178794861
114.562800297 -138.95408590696752 3.7308621434494853 30.066550970077515
114.582706313 -139.06832846067846 3.58871007245034 30.066680669784546
114.602636652 -139.1444850768894 3.493725541047752 30.066749334335327
114.622627422 -139.25871237181127 3.3514006165787578 30.066875219345093
114.64263082 -139.3348689880222 3.2563653020188212 30.066974401474
114.662749823 -139.44908102415502 3.113582852296531 30.06711173057556
114.682661243 -139.5252223815769 3.0184927014634013 30.067241430282593
114.702661502 -139.63941915892065 2.8755021123215556 30.06742835044861
114.722603254 -139.71554525755346 2.780084135942161 30.06755042076111
114.742623677 -139.82971151731908 2.6368420151993632 30.067710638046265
114.762704476 -139.90582235716283 2.5411226777359843 30.067806005477905
114.782720958 -140.01995809935033 2.3976316479966044 30.067947149276733
114.802699271 -140.0960231628269 2.3018133668228984 30.06801962852478
114.822631426 -140.21014364622533 2.1578595666214824 30.06810736656189
114.842618994 -140.2862087097019 2.061764004640281 30.068179845809937
114.862709189 -140.4002986755222 1.9174301652237773 30.068259954452515
114.882793537 -140.4763484802097 1.8212912110611796 30.068305730819702
114.902688112 -140.59043844603002 1.6767696170136333 30.06834387779236
114.922602141 -140.66648825071752 1.58035350125283 30.068355321884155
114.942644775 -140.78057821653783 1.43562054913491 30.068347692489624
114.962727814 -140.8566432800144 1.3389272717759013 30.068320989608765
114.982692054 -140.97079428099096 1.1939688948914409 30.068252325057983
115.002687317 -141.04688986204565 1.0971915749832988 30.068191289901733
115.022630603 -141.16105612181127 0.9518259195610881 30.0680730342865
115.042690505 -141.23718222044408 0.8549793986603618 30.068008184432983
115.062700055 -141.35137899778783 0.7093884376809001 30.067878484725952
115.083484287 -141.42748983763158 0.6122307209298015 30.06776785850525
115.102669959 -141.54167135618627 0.46622976940125227 30.06755805015564
115.122622403 -141.6177516784519 0.36885375063866377 30.067397832870483
115.142612853 -141.73182638548315 0.22272399347275496 30.067153692245483
115.162695465 -141.8078914489597 0.1251274822279811 30.06698203086853
115.182721405 -141.92196615599096 -0.021180340088903904 30.066718816757202
115.202646394 -141.99803121946752 -0.11884423810988665 30.066543340682983
115.222626407 -142.11210592649877 -0.2655268283560872 30.066261053085327
115.242604954 -142.18815573118627 -0.36326262075453997 30.066020727157593
115.262781916 -142.30223043821752 -0.5101485224440694 30.06565833091736
115.282846635 -142.37826498411596 -0.6081483336165547 30.065418004989624
115.302637451 -142.49232443235815 -0.7552521200850606 30.065067052841187
115.322604503 -142.56835897825658 -0.8534988733008504 30.064841985702515
115.34261501 -142.68241842649877 -1.0008783312514424 30.064510107040405
115.362706208 -142.7584529723972 -1.0994088621810079 30.064292669296265
115.383131229 -142.87248190306127 -1.2471431465819478 30.063953161239624
115.402633523 -142.94850119017065 -1.3457348318770528 30.063735723495483
115.422622785 -143.06251486204565 -1.4937772722914815 30.06341528892517
115.442630919 -143.13853414915502 -1.592430111952126 30.063182592391968
115.462703653 -143.25256307981908 -1.7406514855101705 30.06285071372986
115.482673329 -143.32858236692846 -1.839529869146645 30.06264090538025
115.502686937 -143.44259603880346 -1.9879150362685323 30.062358617782593
115.522630091 -143.5186305847019 -2.0869822474196553 30.062175512313843
115.542682972 -143.63270529173315 -2.235486743040383 30.061988592147827
115.562707287 -143.7087703552097 -2.334581849165261 30.06188941001892
115.58276757 -143.82289083860815 -2.483355519361794 30.061763525009155
115.602675404 -143.89901693724096 -2.5824637385085225 30.061713933944702
115.622650806 -144.0132137145847 -2.7314903708174825 30.06163001060486
115.642628988 -144.08935507200658 -2.8307337732985616 30.061614751815796
115.662692697 -144.20359762571752 -2.979789731092751 30.061595678329468
115.682699721 -144.27975424192846 -3.0791888209059834 30.061591863632202
115.702689709 -144.39404257200658 -3.2282996149733663 30.061641454696655
115.722632085 -144.4702449645847 -3.327823636122048 30.06169104576111
115.742676078 -144.5845485534519 -3.4769692393019795 30.06181311607361
115.762705257 -144.66078146360815 -3.5764822931960225 30.061904668807983
115.782680671 -144.77514608763158 -3.7258748980239034 30.06203818321228
115.802687869 -144.85144003294408 -3.825422522611916 30.06216025352478
115.822613156 -144.9658962097019 -3.974953887052834 30.06234335899353
115.842584209 -145.04220541380346 -4.0746982069686055 30.06248450279236
115.862686731 -145.15673788450658 -4.224385020323098 30.062713384628296
115.882680215 -145.23309286497533 -4.3243062468245625 30.06286597251892
115.902646968 -145.34764059446752 -4.474218604154885 30.06309485435486
115.922667378 -145.42401083372533 -4.574275252409279 30.06323218345642
115.942727408 -145.53855856321752 -4.72424387652427 30.063438177108765
115.962685397 -145.6149440612644 -4.824297186918557 30.063579320907593
115.983387874 -145.7295223083347 -4.974488970823586 30.06381583213806
116.002648297 -145.80592306517065 -5.074524161405861 30.064006567001343
116.022610377 -145.92054708860815 -5.224741217680275 30.064281225204468
116.042642755 -145.99696310423315 -5.3249046774581075 30.06444525718689
116.062656155 -146.11158712767065 -5.475192305631936 30.064658880233765
116.083062326 -146.18800314329565 -5.575491187162697 30.06479239463806
116.102655366 -146.3026882018894 -5.725886103697121 30.06496787071228
116.122707396 -146.37916525267065 -5.826234576292336 30.06506323814392
116.14265408 -146.49391134642065 -5.9768788786605 30.06518530845642
116.16266849 -146.57041891478002 -6.077364680357277 30.065242528915405
116.182927891 -146.68514974974096 -6.22817921359092 30.06529974937439
116.202649309 -146.76161154173315 -6.328673598356545 30.06529974937439
116.222625158 -146.87632711790502 -6.479578730650246 30.065265417099
116.242616306 -146.95280416868627 -6.580226180143654 30.065265417099
116.262717325 -147.0675350036472 -6.731298682279885 30.06521201133728
116.282720358 -147.14402731321752 -6.832129714079201 30.065154790878296
116.302662356 -147.2588191833347 -6.983346221037209 30.06496787071228
116.322602929 -147.3353572692722 -7.084247347898781 30.064807653427124
116.342664531 -147.45017965696752 -7.235729453153908 30.064510107040405
116.362690123 -147.52679403685033 -7.336724993772805 30.06425452232361
116.382705115 -147.64173849485815 -7.488391158170998 30.063880681991577
116.402646775 -147.71839865110815 -7.589570757932961 30.063613653182983
116.422628516 -147.83341940306127 -7.741476294584572 30.06321692466736
116.442623098 -147.91007955931127 -7.842781302519143 30.06295371055603
116.462804004 -148.02508505247533 -7.994798895902932 30.062556982040405
116.48269611 -148.10174520872533 -8.09623455721885 30.062297582626343
116.503862827 -148.21673544310033 -8.248374220915139 30.061912298202515
116.523854693 -148.29338034056127 -8.349866149015725 30.061675786972046
116.543842328 -148.40834005735815 -8.502199408598244 30.06132483482361
116.563914067 -148.48496969603002 -8.603734252043068 30.061115026474
116.584136211 -148.59994467161596 -8.75617050845176 30.060813665390015
116.603869762 -148.67660482786596 -8.85784172732383 30.060615301132202
116.62389487 -148.79164083860815 -9.010451552458107 30.060306310653687
116.643838125 -148.86834677122533 -9.112281081266701 30.060149908065796
116.665016132 -148.98345907591283 -9.265094039030373 30.05986762046814
116.683921283 -149.06022604368627 -9.367088553495705 30.05968451499939
116.703893191 -149.17535360716283 -9.52009701449424 30.059409856796265
116.723820934 -149.2521053161472 -9.622166869230568 30.059245824813843
116.743839048 -149.36724813841283 -9.77536987978965 30.05905508995056
116.763954807 -149.4439998473972 -9.877537009306252 30.058940649032593
116.783879614 -149.55914266966283 -10.03090309817344 30.058814764022827
116.803887471 -149.6358943786472 -10.133202788420022 30.05876135826111
116.823831517 -149.75103720091283 -10.286693808622658 30.058730840682983
116.843822551 -149.82780416868627 -10.389083144254982 30.058753728866577
116.863957891 -149.94303854368627 -10.542664763517678 30.05882239341736
116.883886187 -150.01989706419408 -10.645098921842873 30.058879613876343
116.903903755 -150.13522299192846 -10.798815962858498 30.058974981307983
116.923832795 -150.21217306517065 -10.90131211001426 30.0590398311615
116.943822243 -150.32762106321752 -11.055189368315041 30.05917716026306
116.963992635 -150.4045711364597 -11.157760855741799 30.05926489830017
116.983847159 -150.52001913450658 -11.311701056547463 30.059398412704468
117.003852282 -150.59696920774877 -11.414358374662697 30.05949378013611
117.023831682 -150.71238668821752 -11.568404433317482 30.059634923934937
117.043841066 -150.7893367614597 -11.67115902621299 30.05972647666931
117.063887215 -150.90470846556127 -11.825298544950783 30.059856176376343
117.084187916 -150.9816432800144 -11.928100821562111 30.05997061729431
117.103901131 -151.09701498411596 -12.082364317961037 30.06018042564392
117.123867036 -151.17393453978002 -12.185209509916604 30.060344457626343
117.143838774 -151.2893367614597 -12.339540717191994 30.060615301132202
117.164070985 -151.36627157591283 -12.44244694430381 30.060798406600952
117.183886066 -151.48167379759252 -12.596843955107033 30.06113028526306
117.20391811 -151.5586238708347 -12.699814078398049 30.061362981796265
117.223890556 -151.6740260925144 -12.854271170683205 30.061748266220093
117.243845528 -151.75094564817846 -12.957271811552346 30.062015295028687
117.263871201 -151.86631735228002 -13.111679312773049 30.062503576278687
117.283939404 -151.94322164915502 -13.214622733183205 30.062846899032593
117.303909015 -152.0586238708347 -13.369044539518654 30.06338095664978
117.323830632 -152.13555868528783 -13.471946951933205 30.06378149986267
117.343850684 -152.25099142454565 -13.626330611295998 30.064353704452515
117.363914605 -152.32797201536596 -13.729248282499611 30.064738988876343
117.383917651 -152.44346578978002 -13.883641478605568 30.06532645225525
117.403876834 -152.52047689817846 -13.986600157804787 30.065711736679077
117.423808847 -152.63607748411596 -14.141027686186135 30.06631827354431
117.443839188 -152.71318014524877 -14.244008299894631 30.06673789024353
117.463908669 -152.8288875427097 -14.398522612638772 30.067359685897827
117.483893282 -152.90606649778783 -14.501532790251076 30.06777548789978
117.503865667 -153.02185018919408 -14.656056639738381 30.068401098251343
117.523828203 -153.0990749206394 -14.759063956327736 30.068858861923218
117.543826833 -153.21495016478002 -14.91360687930137 30.069576025009155
117.56399173 -153.29220541380346 -15.016638991422951 30.07006049156189
117.583907948 -153.40812643431127 -15.17119621951133 30.07082724571228
117.603863432 -153.48541220091283 -15.274258849211037 30.071326971054077
117.623853898 -153.6013484802097 -15.428871390409768 30.072131872177124
117.643812929 -153.6786647643894 -15.531982657499611 30.072673559188843
117.663994873 -153.79464682005346 -15.686700102873147 30.073467016220093
117.683893223 -153.87199362181127 -15.789902922697365 30.07402014732361
117.703921794 -153.98802145384252 -15.944775816984475 30.07479453086853
117.723820002 -154.06539877317846 -16.048090216703713 30.075305700302124
117.743848104 -154.18145712278783 -16.20310425478965 30.076026678085327
117.76396557 -154.2588191833347 -16.306474921293557 30.076514959335327
117.783923026 -154.37487753294408 -16.461586234159768 30.07725501060486
117.803878223 -154.45227011106908 -16.565019843168557 30.07773184776306
117.823833914 -154.56835897825658 -16.72024750430137 30.078410863876343
117.8438444 -154.6457820739597 -16.8237764807418 30.078860998153687
117.863904263 -154.7619167175144 -16.979135748930275 30.079482793807983
117.883905243 -154.83935507200658 -17.082760092802346 30.079864263534546
117.903863142 -154.9555202331394 -17.238216635771096 30.08037543296814
117.923872009 -155.0329891052097 -17.34188484866172 30.08068060874939
117.943911362 -155.14918478392065 -17.497411963529885 30.081016302108765
117.963999234 -155.22665365599096 -17.601099249906838 30.081199407577515
117.983890649 -155.34287985228002 -17.756660697050393 30.081443548202515
118.003948387 -155.42037924192846 -17.86036324221641 30.081580877304077
118.02383715 -155.53662069700658 -18.015899893827736 30.08176016807556
118.043884809 -155.61413534544408 -18.11957382876426 30.081851720809937
118.06389282 -155.73040731810033 -18.275060889311135 30.081947088241577
118.083888608 -155.8079372253269 -18.378725287504494 30.082000494003296
118.104510758 -155.92423971556127 -18.534204718656838 30.082061529159546
118.123814951 -156.0017848815769 -18.637851950712502 30.08208441734314
118.143845034 -156.11808737181127 -18.793331381864846 30.08215308189392
118.16392739 -156.19561727903783 -18.896980521269143 30.082183599472046
118.183938392 -156.31187399290502 -19.052467581816018 30.082221746444702
118.205037012 -156.38938864134252 -19.156131980009377 30.08224081993103
118.224854785 -156.50566061399877 -19.31163811404258 30.082256078720093
118.245270686 -156.5831600036472 -19.415352103300393 30.08230185508728
118.264960038 -156.69943197630346 -19.570884940214455 30.082347631454468
118.285087883 -156.77687033079565 -19.674610373564065 30.08239722251892
118.304936912 -156.89303549192846 -19.830190894193947 30.082462072372437
118.324917909 -156.97045858763158 -19.933922049589455 30.082496404647827
118.344904187 -157.08654745481908 -20.08953880984336 30.082549810409546
118.364971437 -157.16394003294408 -20.1932775946334 30.082568883895874
118.385014312 -157.28002890013158 -20.34895157534629 30.082576513290405
118.404993903 -157.35742147825658 -20.452741858549416 30.082568883895874
118.424902243 -157.47349508665502 -20.608433005400002 30.082549810409546
118.444917133 -157.55087240599096 -20.71226525027305 30.08253836631775
118.464940263 -157.66697653196752 -20.868004080839455 30.08251929283142
118.484913975 -157.74438436888158 -20.971857306547463 30.08251166343689
118.504910195 -157.8605037536472 -21.127689597196877 30.082526922225952
118.524886055 -157.93792684935033 -21.23156571108848 30.08253836631775
118.544948454 -158.05406149290502 -21.387357947416604 30.082629919052124
118.564938461 -158.13146932981908 -21.491192099638283 30.08268713951111
118.584955055 -158.24757345579565 -21.646934744901955 30.082805395126343
118.604909363 -158.3249812927097 -21.750742194242775 30.082874059677124
118.624876071 -158.4410701598972 -21.906423804350197 30.0829656124115
118.644863381 -158.5184627380222 -22.010231253691018 30.083049535751343
118.664946014 -158.63458212278783 -22.165895697660744 30.083152532577515
118.684948382 -158.71200521849096 -22.269657370634377 30.083198308944702
118.705079683 -158.8281551208347 -22.425276038236916 30.083232641220093
118.724872595 -158.90560873411596 -22.52899002749473 30.08324408531189
118.744938866 -159.02178915403783 -22.684585806913674 30.083293676376343
118.765082532 -159.0992732848972 -22.78830170352012 30.083316564559937
118.78506414 -159.21556051634252 -22.94385361392051 30.083354711532593
118.804892482 -159.29310568235815 -23.047519919462502 30.083381414413452
118.824906012 -159.40948446653783 -23.202966925688088 30.08340811729431
118.844867976 -159.48707540892065 -23.306600806303322 30.08348822593689
118.865029892 -159.60348471067846 -23.462000128813088 30.08361792564392
118.884950263 -159.6811061706394 -23.565572974272072 30.083747625350952
118.905008176 -159.79754598997533 -23.720869299955666 30.083999395370483
118.924857949 -159.8751979675144 -23.824356314726174 30.08416724205017
118.944881674 -159.99163778685033 -23.97958016116172 30.084522008895874
118.965018583 -160.0692897643894 -24.08304047305137 30.084766149520874
118.984933814 -160.18577536009252 -24.2382051916793 30.085174322128296
119.006147449 -160.26339682005346 -24.341642615385354 30.08547568321228
119.02612624 -160.37986715696752 -24.49675202090293 30.085906744003296
119.046112576 -160.45748861692846 -24.600149390287697 30.08616614341736
119.066178605 -160.5739284362644 -24.755182501859963 30.08653998374939
119.086171322 -160.6515193786472 -24.858497855253518 30.08679175376892
119.106158193 -160.76786764524877 -25.01344704348594 30.08717703819275
119.126111278 -160.84542807005346 -25.116716620512307 30.087417364120483
119.146118867 -160.96168478392065 -25.271621939726174 30.08786368370056
119.166570124 -161.03916891478002 -25.37487053591758 30.088165044784546
119.186163483 -161.15537985228002 -25.52971672732383 30.088626623153687
119.206221386 -161.23280294798315 -25.632938620634377 30.088985204696655
119.226126912 -161.34892233274877 -25.787714240141213 30.08950400352478
119.246167901 -161.42631491087377 -25.89087509829551 30.08981680870056
119.266251501 -161.54235800169408 -26.045629736967385 30.090312719345093
119.287069478 -161.61973532103002 -26.148777243681252 30.090644598007202
119.306160092 -161.73576315306127 -26.303591010160744 30.091258764266968
119.326249469 -161.8131404723972 -26.406748053617775 30.091621160507202
119.346107007 -161.92912252806127 -26.56154274661094 30.09239935874939
119.366248528 -162.00645407103002 -26.664728400297463 30.092925786972046
119.386199772 -162.12243612669408 -26.819488761015236 30.09368872642517
119.406142286 -162.1997371520847 -26.922691580839455 30.094249486923218
119.426107972 -162.31573446653783 -27.077457663603127 30.095069646835327
119.44616887 -162.39308126829565 -27.18063568789512 30.095638036727905
119.466222905 -162.50915487669408 -27.33540749270469 30.09653067588806
119.486175979 -162.5865779723972 -27.438562628813088 30.097102880477905
119.506139739 -162.70275839231908 -27.593364951200783 30.098052740097046
119.52611602 -162.78025778196752 -27.696563956327736 30.098670721054077
119.546109395 -162.89657553099096 -27.851356741972268 30.099590063095093
119.566225203 -162.97416647337377 -27.954612967558205 30.10024619102478
119.586306352 -163.09059103392065 -28.10939430911094 30.101154088974
119.606133304 -163.16825827024877 -28.212620017118752 30.101794958114624
119.626132672 -163.2848201598972 -28.367407080717385 30.10269522666931
119.646114122 -163.36254843138158 -28.47059273440391 30.10326361656189
119.666239692 -163.4792018737644 -28.625341651029885 30.10409140586853
119.686164105 -163.55700643919408 -28.72846817690879 30.104602575302124
119.706164818 -163.67369039915502 -28.883148428983986 30.105357885360718
119.72613471 -163.75151022337377 -28.98623871523887 30.10583472251892
119.746118385 -163.8682399597019 -29.140831229276955 30.106517553329468
119.766220206 -163.94610556028783 -29.243870017118752 30.106998205184937
119.786371419 -164.06298788450658 -29.398359534330666 30.107707738876343
119.806152572 -164.1409450378269 -29.50132965762168 30.10819983482361
119.826161145 -164.2580104675144 -29.65576004702598 30.108970403671265
119.846153289 -164.3360896911472 -29.75867294985801 30.109458684921265
119.866562548 -164.45330770872533 -29.913027045316994 30.110206365585327
119.886180665 -164.53149374388158 -30.01589607913047 30.110671758651733
119.906133858 -164.64881857298315 -30.17023300845176 30.11144232749939
119.926121922 -164.72706564329565 -30.27311920840293 30.111942052841187
119.946216816 -164.84448202513158 -30.427437064237893 30.112712621688843
119.96621817 -164.92279013060033 -30.53038048464805 30.11328101158142
119.986157596 -165.04032858274877 -30.684763190336525 30.11406683921814
120.006166422 -165.11871298216283 -30.787702796049416 30.114578008651733
120.026143364 -165.2364040222019 -30.942169425077736 30.115352392196655
120.046111926 -165.3148952331394 -31.045128104276955 30.115852117538452
120.066215641 -165.43270834349096 -31.199684378691018 30.116653203964233
120.086172614 -165.51132162474096 -31.30273270327598 30.11716055870056
120.106166251 -165.6293025817722 -31.457313773222268 30.1178777217865
120.12613523 -165.7079616393894 -31.560344931669533 30.118335485458374
120.14610547 -165.82597311399877 -31.714845892973244 30.118999242782593
120.166236499 -165.90466268919408 -31.81788468081504 30.119495153427124
120.186170443 -166.02270468138158 -31.97238373477012 30.12020468711853
120.20622406 -166.10142477415502 -32.07538437563926 30.120677709579468
120.226138447 -166.21952780149877 -32.229887244291604 30.12135672569275
120.246115108 -166.29826315306127 -32.33285736758262 30.121700048446655
120.266193568 -166.41638143919408 -32.487409827299416 30.12221884727478
120.286338729 -166.49513204954565 -32.590437171049416 30.122527837753296
120.306179185 -166.61328085325658 -32.744962927885354 30.122939825057983
120.326155998 -166.69207723997533 -32.84803986269981 30.12325644493103
120.346136596 -166.81030233763158 -33.00259613711387 30.123714208602905
120.366239215 -166.88917501829565 -33.10565018374473 30.12401556968689
120.386196488 -167.00750692747533 -33.26016449648887 30.124393224716187
120.406251728 -167.08641012571752 -33.363168952055275 30.124644994735718
120.426124892 -167.20480307005346 -33.51766419131309 30.125041723251343
120.446144493 -167.28373678587377 -33.62061905581504 30.12529730796814
120.466245686 -167.40219076536596 -33.775114295072854 30.125770330429077
120.4861567 -167.48117025755346 -33.87811112124473 30.126075506210327
120.506201862 -167.59965475462377 -34.03259873110801 30.126514196395874
120.526098482 -167.67871054075658 -34.13567948061973 30.12687659263611
120.546118667 -167.79733236692846 -34.29025482852012 30.127395391464233
120.566292497 -167.87646444700658 -34.39333557803184 30.127750158309937
120.586149433 -167.99522360228002 -34.54799484927207 30.12832236289978
120.606179289 -168.07440145872533 -34.65106033999473 30.128673315048218
120.626126455 -168.19322164915502 -34.805788275785744 30.129283666610718
120.646137795 -168.27244528196752 -34.90883087832481 30.12962317466736
120.666242505 -168.39128073118627 -35.06349777895957 30.130225896835327
120.686200943 -168.47050436399877 -35.166601416654885 30.130592107772827
120.706155257 -168.58935507200658 -35.32122635561973 30.13108801841736
120.726128808 -168.6686092223972 -35.424345252104104 30.131438970565796
120.746133238 -168.78749044798315 -35.57894348818809 30.131908178329468
120.766251633 -168.8667751159519 -35.68199753481895 30.132198095321655
120.786229286 -168.98571737669408 -35.83655380923301 30.13259482383728
120.806253881 -169.06503256224096 -35.93953156191856 30.13280463218689
120.826134602 -169.1840358581394 -36.0940344305709 30.133155584335327
120.846131182 -169.26341207884252 -36.19697785098106 30.133369207382202
120.866156627 -169.38249166868627 -36.351320502348244 30.13365912437439
120.886181262 -169.46192892454565 -36.45424866396934 30.133899450302124
120.906211081 -169.5810848083347 -36.60848068911582 30.13417410850525
120.926108563 -169.66050680540502 -36.71131729800254 30.134376287460327
120.946152189 -169.77966268919408 -36.86549210269004 30.134605169296265
120.966199488 -169.85909994505346 -36.96825623232871 30.134746313095093
120.986151831 -169.97825582884252 -37.12240051943809 30.134971380233765
121.00614578 -170.0576930847019 -37.225107428617775 30.135085821151733
121.026140154 -170.17684896849096 -37.379255530424416 30.135295629501343
121.046116238 -170.25631674192846 -37.4819853277877 30.13547110557556
121.066080851 -170.37553366087377 -37.636030432768166 30.135692358016968
121.086160229 -170.45506246946752 -37.73876404482871 30.135886907577515
121.106173921 -170.57440145872533 -37.892771002836525 30.13613486289978
121.126112362 -170.65402182005346 -37.99542069155723 30.136302709579468
121.146130154 -170.77354391478002 -38.149397131986916 30.13656210899353
121.166138044 -170.85325582884252 -38.25198578555137 30.136695623397827
121.186205364 -170.9728542175144 -38.40577912051231 30.136909246444702
121.206157515 -171.05261190794408 -38.508222815580666 30.137019872665405
121.226117869 -171.17228659056127 -38.66186356265098 30.137222051620483
121.246152261 -171.25207479856908 -38.764230963774025 30.137305974960327
121.266063046 -171.37176473997533 -38.91769623477012 30.137405157089233
121.286265498 -171.45155294798315 -39.01999878603965 30.137489080429077
121.306418817 -171.5712428893894 -39.17334580142051 30.13755774497986
121.326132768 -171.65104635618627 -39.275549170561135 30.137584447860718
121.346122836 -171.77075155638158 -39.42883133608848 30.137614965438843
121.366139525 -171.85055502317846 -39.530954596586525 30.137584447860718
121.386215483 -171.97030599974096 -39.68419098574668 30.137553930282593
121.406595465 -172.05015524290502 -39.7863066168502 30.13750433921814
121.426131533 -172.16993673704565 -39.939436194486916 30.13738226890564
121.446246044 -172.24980123899877 -40.04147553164512 30.13729453086853
121.466100082 -172.3695827331394 -40.194467780180275 30.13711905479431
121.486325525 -172.44944723509252 -40.296476599760354 30.136993169784546
121.506208037 -172.56921347044408 -40.44941544253379 30.13674521446228
121.526119807 -172.64904745481908 -40.551374671049416 30.13658118247986
121.546116995 -172.7688289489597 -40.70427918154746 30.13633704185486
121.566121078 -172.84869345091283 -40.80615830142051 30.136146306991577
121.58625779 -172.9685359802097 -40.959013220854104 30.135940313339233
121.606166356 -173.04846151731908 -41.06089234072715 30.13580298423767
121.626115808 -173.1683650817722 -41.213667151518166 30.135581731796265
121.646122117 -173.24835165403783 -41.315553900785744 30.135452032089233
121.666123853 -173.3683620300144 -41.46829437930137 30.135223150253296
121.686343717 -173.44840963743627 -41.570104834623635 30.13507056236267
121.706188911 -173.56846578978002 -41.72271179873496 30.13478446006775
121.726134859 -173.6485133972019 -41.82441544253379 30.13461661338806
121.746119368 -173.7686305847019 -41.97687363345176 30.134376287460327
121.766106651 -173.84872396849096 -42.07843613345176 30.13420081138611
121.786275333 -173.9689021911472 -42.230776068754494 30.134029150009155
121.806162538 -174.04905661009252 -42.332285162992775 30.133918523788452
121.826156747 -174.16931112669408 -42.48447632510215 30.1337468624115
121.846134584 -174.2495418395847 -42.58595490176231 30.133662939071655
121.866057424 -174.36993368528783 -42.738100287504494 30.1335027217865
121.88623457 -174.4502254333347 -42.839521643705666 30.13340735435486
121.906282325 -174.5707546081394 -42.991667029447854 30.133315801620483
121.926172251 -174.65112265013158 -43.09305023867637 30.13323950767517
121.946313194 -174.7718044128269 -43.24521088320762 30.1332585811615
121.966087042 -174.8522487487644 -43.34655213076621 30.13321280479431
121.986165096 -174.97300680540502 -43.49864792544395 30.13323187828064
122.006318088 -175.05352743528783 -43.60003494936973 30.133243322372437
122.026143144 -175.1743465270847 -43.75210022646934 30.133243322372437
122.046127822 -175.25497396849096 -43.85357117373496 30.133281469345093
122.066079641 -175.37589987181127 -44.005739447660744 30.13327383995056
122.086315011 -175.45654257200658 -44.1072294684127 30.1332585811615
122.106272138 -175.5775447692722 -44.2595617743209 30.133201360702515
122.12614715 -175.6582332458347 -44.36109757144004 30.133125066757202
122.146117451 -175.77923544310033 -44.51362442690879 30.133044958114624
122.166101049 -175.8598934020847 -44.61531281191856 30.132964849472046
122.186235343 -175.98081930540502 -44.767851111479104 30.132827520370483
122.206302564 -176.06144674681127 -44.869665381498635 30.132758855819702
122.226141154 -176.18235739134252 -45.02221131045371 30.132575750350952
122.246115439 -176.26295431517065 -45.123998877592385 30.13244605064392
122.266068634 -176.38383444212377 -45.27659058291465 30.13219428062439
122.286409617 -176.46440084837377 -45.37830948550254 30.13201117515564
122.306392417 -176.58526571653783 -45.53084778506309 30.131721258163452
122.326133076 -176.66583212278783 -45.63247132021934 30.13149619102478
122.34612308 -176.78668173216283 -45.784921881742775 30.13127112388611
122.366117044 -176.86723287962377 -45.88652252871543 30.13110327720642
122.386255621 -176.98808248899877 -46.03887772280723 30.13082480430603
122.407128445 -177.06866415403783 -46.140505072660744 30.130653142929077
122.426119488 -177.1895290222019 -46.29286408144981 30.13036322593689
122.446152241 -177.27012594603002 -46.39443421084434 30.13018774986267
122.466050154 -177.3910213317722 -46.5468046637252 30.129932165145874
122.486393144 -177.47161825560033 -46.64832901675254 30.12975287437439
122.506404352 -177.59246786497533 -46.80059265810996 30.12951636314392
122.526173264 -177.67301901243627 -46.9020292731002 30.129337072372437
122.546179864 -177.79379232786596 -47.05421662051231 30.129138708114624
122.566127628 -177.87426718138158 -47.155622717924416 30.129005193710327
122.586257363 -177.99493368528783 -47.307646033354104 30.128764867782593
122.606184463 -178.07531698606908 -47.40902924258262 30.128650426864624
122.626152688 -178.19584616087377 -47.561002966947854 30.12846350669861
122.646121036 -178.27613790892065 -47.662294623441994 30.128394842147827
122.666072647 -178.39652975462377 -47.81416153628379 30.12832236289978
122.686316794 -178.47677572630346 -47.915327307768166 30.12826895713806
122.706206952 -178.59706076048315 -48.06707215029746 30.12828803062439
122.726121617 -178.67726095579565 -48.168180701322854 30.128303289413452
122.747150811 -178.7975612487644 -48.31976914126426 30.12832999229431
122.767124871 -178.8777614440769 -48.42074799258262 30.128352880477905
122.787391834 -178.99804647825658 -48.57210373599082 30.128406286239624
122.807188346 -179.07824667356908 -48.67298721987754 30.128497838974
122.827143426 -179.1985622253269 -48.82420563418418 30.128597021102905
122.847191955 -179.27877767942846 -48.92498230654746 30.128684759140015
122.867087099 -179.39910848997533 -49.0760900946334 30.128848791122437
122.887191767 -179.47933920286596 -49.17676377017051 30.128936529159546
122.908271388 -179.59970053099096 -49.32777619082481 30.129153966903687
122.928237495 -179.67994650267065 -49.428407904691994 30.12929129600525
122.94825273 -179.8003688659519 -49.579286810941994 30.129451513290405
122.968339811 -179.88063009642065 -49.67992615420371 30.129600286483765
122.989002651 -180.00102194212377 -49.83080506045371 30.129791021347046
123.008269139 -180.08128317259252 -49.93138336855918 30.129913091659546
123.028272232 -180.20165975950658 -50.08214020449668 30.13005042076111
123.048232293 -180.2818904723972 -50.18261170107871 30.130164861679077
123.06844748 -180.40222128294408 -50.33327316958457 30.130347967147827
123.088295245 -180.4824519958347 -50.43364929873496 30.13043189048767
123.108269737 -180.6027370300144 -50.58421539980918 30.13058066368103
123.128219558 -180.68292196653783 -50.684553381986916 30.130656957626343
123.148214101 -180.80320700071752 -50.83498596865684 30.130794286727905
123.168382081 -180.88334616087377 -50.93527435977012 30.130923986434937
123.188356751 -181.00358541868627 -51.08563065249473 30.1310613155365
123.208291239 -181.08373983763158 -51.185861823149025 30.131152868270874
123.228232605 -181.20399435423315 -51.33616852480918 30.13127875328064
123.248223973 -181.28417929075658 -51.436315772123635 30.13128638267517
123.268285893 -181.40446432493627 -51.586618659086525 30.13132071495056
123.288621347 -181.4846950378269 -51.68672394473106 30.131294012069702
123.308323133 -181.6050105895847 -51.836889502592385 30.131263494491577
123.328225709 -181.68522604368627 -51.93697190005332 30.131213903427124
123.348222606 -181.80554159544408 -52.08703064639121 30.131110906600952
123.368347275 -181.88575704954565 -52.18707871157676 30.131084203720093
123.388323699 -182.00607260130346 -52.33701538760215 30.131038427352905
123.408258262 -182.0862575378269 -52.43691086489707 30.131049871444702
123.428232812 -182.20642050169408 -52.58662628848106 30.131160497665405
123.448241864 -182.2864528503269 -52.68627762515098 30.131282567977905
123.468253758 -182.40631063841283 -52.83558869082481 30.131667852401733
123.488315646 -182.48606832884252 -52.93491577822715 30.132030248641968
123.508284978 -182.60545309446752 -53.083505866117775 30.132758855819702
123.528277741 -182.68478353880346 -53.182287451811135 30.133437871932983
123.548228848 -182.80348165892065 -53.32984757144004 30.134570837020874
123.568724911 -182.8822322692722 -53.42778992373496 30.13555121421814
123.58978001 -182.99984701536596 -53.573957678861916 30.13722586631775
123.609981547 -183.07786520384252 -53.670866248197854 30.138530492782593
123.629590346 -183.19418295286596 -53.81529831606895 30.140762090682983
123.649648611 -183.27128561399877 -53.91093659121543 30.142406225204468
123.67001081 -183.38598593138158 -54.053232428617775 30.145198583602905
123.689856068 -183.4618678893894 -54.14729904849082 30.147193670272827
123.709637764 -183.57475241087377 -54.287138220854104 30.150344610214233
123.729644431 -183.64921530149877 -54.379377600736916 30.152599096298218
123.749634537 -183.75988729856908 -54.51634812075645 30.156036138534546
123.769719819 -183.83288534544408 -54.60663437563926 30.158389806747437
123.789678643 -183.94108541868627 -54.74044251162559 30.16197943687439
123.809642149 -184.01245077513158 -54.82860398013145 30.164363622665405
123.829614823 -184.11808737181127 -54.959055182524025 30.16796088218689
123.849643602 -184.1876521911472 -55.044904944486916 30.17026114463806
123.872173498 -184.2562557067722 -55.12959885317832 30.172618627548218
123.894062075 -184.3578182067722 -55.25484680850059 30.17607092857361
123.914063038 -184.45758016966283 -55.37776398379356 30.179439306259155
123.934050092 -184.5228572692722 -55.45823883730918 30.18168616294861
123.954425448 -184.6193385925144 -55.57701325137168 30.184905767440796
123.974132692 -184.68254049681127 -55.65476441103965 30.18698477745056
123.994098259 -184.7755885925144 -55.769201514311135 30.189998388290405
124.014086823 -184.8365779723972 -55.84412216860801 30.19194769859314
124.034076387 -184.92579611204565 -55.95362686831504 30.195728063583374
124.054198966 -184.9839168395847 -56.024824378080666 30.198936223983765
124.074133772 -185.0691676940769 -56.128935095854104 30.204604864120483
124.094044356 -185.12480123899877 -56.19647812563926 30.20903754234314
124.114117239 -185.20663412474096 -56.294889685697854 30.21670889854431
124.134046474 -185.26000936888158 -56.35820984560996 30.222598791122437
124.154193233 -185.33917196653783 -56.45031571108848 30.23217749595642
124.17411178 -185.39134176634252 -56.50960373599082 30.239051580429077
124.1941174 -185.46910055540502 -56.59530853945762 30.249915838241577
124.214075025 -185.52084310911596 -56.65052628237754 30.257285833358765
124.234154909 -185.59837301634252 -56.72976898867637 30.268714666366577
124.254137745 -185.65028341673315 -56.78058457095176 30.27627921104431
124.274230912 -185.72868307493627 -56.85379242617637 30.287437200546265
124.294042371 -185.78149374388158 -56.900217291899025 30.294776678085327
124.314096705 -185.86155661009252 -56.96697449404746 30.305286169052124
124.334042756 -185.91564901731908 -57.0093176336959 30.311980962753296
124.35413487 -185.9978786315769 -57.06994461733848 30.321368932724
124.374117195 -186.05358847044408 -57.108198401518166 30.327216863632202
124.394046588 -186.13859518431127 -57.162321326322854 30.335368871688843
124.414071918 -186.19615133665502 -57.196420905180275 30.34035086631775
124.434046237 -186.28440817259252 -57.243940589018166 30.34716010093689
124.454194702 -186.34435995481908 -57.27349304873496 30.351211309432983
124.474130221 -186.4359889831394 -57.31458878237754 30.35661292076111
124.49406765 -186.49855001829565 -57.339460608549416 30.35977530479431
124.514057361 -186.59413107298315 -57.373605963774025 30.36387610435486
124.534067793 -186.6592555847019 -57.394026038236916 30.36621069908142
124.55415894 -186.75909384153783 -57.42106842715293 30.369083166122437
124.574112363 -186.82691915892065 -57.436918494291604 30.370635747909546
124.594067978 -186.93124349974096 -57.45668244082481 30.372398138046265
124.614078353 -187.00183065794408 -57.467924353666604 30.37318778038025
124.634062137 -187.1103053893894 -57.48092865664512 30.37370276451111
124.654294903 -187.18400534056127 -57.48737930972129 30.37359595298767
124.674112122 -187.29659994505346 -57.49376511294395 30.372737646102905
124.694125583 -187.37339743040502 -57.4955351324752 30.371684789657593
124.71406436 -187.49049337767065 -57.49511170107871 30.369392156600952
124.734108416 -187.57006796263158 -57.49258637148887 30.36739706993103
124.754137227 -187.69163473509252 -57.485483405180275 30.363715887069702
124.774414042 -187.77394064329565 -57.478761908598244 30.36083197593689
124.79407632 -187.8998561706394 -57.46510529238731 30.355857610702515
124.814053371 -187.98510702513158 -57.453962561674416 30.352149724960327
124.834050897 -188.11491354368627 -57.43423676211387 30.346023321151733
124.854148097 -188.20300253294408 -57.41881394106895 30.341628789901733
124.874089032 -188.33659323118627 -57.393190619535744 30.334571599960327
124.894129961 -188.42709310911596 -57.37400269228965 30.32964301109314
124.91406959 -188.56445272825658 -57.342619177885354 30.321922063827515
124.934028351 -188.6572566833347 -57.31985687930137 30.31658911705017
124.95414731 -188.79826315306127 -57.28303742129356 30.308387517929077
124.974090308 -188.89327963255346 -57.256872412748635 30.30276083946228
124.994075697 -189.03768881224096 -57.21492981631309 30.294219732284546
125.014041297 -189.1349635925144 -57.185392615385354 30.288467168807983
125.034061496 -189.28231771849096 -57.13878464419395 30.27977728843689
125.054179601 -189.38168295286596 -57.106115576811135 30.27402091026306
125.074095902 -189.53198202513158 -57.05507111269981 30.265376806259155
125.094083876 -189.63311727903783 -57.01964020449668 30.259685277938843
125.114111275 -189.78610189817846 -56.964487311430275 30.251285314559937
125.134050797 -189.88883932493627 -56.92649292666465 30.24572730064392
125.154158345 -190.04403646849096 -56.8677275152877 30.237560033798218
125.174087325 -190.14816244505346 -56.8274443121627 30.232188940048218
125.194094063 -190.3054500427097 -56.76540589053184 30.224483251571655
125.2140861 -190.4109187927097 -56.723051306791604 30.219505071640015
125.234322993 -190.5699764098972 -56.65807938296348 30.21225333213806
125.254165881 -190.67660482786596 -56.61389755923301 30.207744359970093
125.275063206 -190.83724935911596 -56.546354529447854 30.201175451278687
125.294108379 -190.94482382200658 -56.500551459379494 30.197017431259155
125.314120196 -191.10681112669408 -56.43079971987754 30.1911199092865
125.334032116 -191.21517904661596 -56.38356995303184 30.187320470809937
125.354138297 -191.37826498411596 -56.311933753080666 30.18212103843689
125.374138301 -191.48730429075658 -56.26357102114707 30.17885184288025
125.394082883 -191.6512752380222 -56.19016480166465 30.17422842979431
125.414039553 -191.7608180847019 -56.140730139799416 30.171340703964233
125.43404322 -191.92541464231908 -56.065866705961525 30.16728949546814
125.454131281 -192.03526266478002 -56.01569199282676 30.164920568466187
125.474059211 -192.20030172728002 -55.9397375555709 30.16154456138611
125.494072755 -192.31043966673315 -55.888777014799416 30.159492254257202
125.514061984 -192.47576864622533 -55.81188416201621 30.156680822372437
125.534040453 -192.58610494993627 -55.76021790225059 30.154903173446655
125.554117521 -192.75163229368627 -55.682592627592385 30.15263342857361
125.574166115 -192.86206015013158 -55.630556342191994 30.15124487876892
125.594085253 -193.02780111692846 -55.552091834135354 30.14935278892517
125.614050027 -193.13830526731908 -55.49976181704551 30.148303747177124
125.634059873 -193.3041530456394 -55.4208166571334 30.146800756454468
125.65420912 -193.41473348997533 -55.36806320864707 30.145915746688843
125.674066283 -193.5806423034519 -55.28855347353965 30.144641637802124
125.694085564 -193.69120748899877 -55.235483405180275 30.143882513046265
125.714076877 -193.85697897337377 -55.1558134527877 30.142894506454468
125.734104901 -193.96749838255346 -55.10247254092246 30.142261266708374
125.754159081 -194.13302572630346 -55.02265000063926 30.141563177108765
125.774549119 -194.24333151243627 -54.96930527407676 30.141170263290405
125.794082752 -194.4087673034519 -54.88909744936973 30.14067053794861
125.814104864 -194.51893576048315 -54.835790869779885 30.140525579452515
125.834034117 -194.68418844603002 -54.75552582461387 30.140315771102905
125.854274295 -194.79429586790502 -54.702009436674416 30.14028525352478
125.874081027 -194.95939596556127 -54.62173676211387 30.140361547470093
125.894179966 -195.06947286985815 -54.568029639311135 30.140395879745483
125.914066578 -195.23443563841283 -54.4877226324752 30.140640020370483
125.934053933 -195.34446676634252 -54.433813330717385 30.140697240829468
125.954349837 -195.5093074645847 -54.35326981265098 30.14097571372986
125.97413052 -195.61915548704565 -54.29949783999473 30.141177892684937
125.994065167 -195.78387411497533 -54.218717810697854 30.14147162437439
126.014067973 -195.89353903196752 -54.165067908354104 30.141792058944702
126.034043371 -196.05802877806127 -54.08431076724082 30.142207860946655
126.054352159 -196.16761740110815 -54.03047775942832 30.142493963241577
126.074084789 -196.3318630065769 -53.94977402407676 30.142993688583374
126.094083745 -196.44137533567846 -53.895796057768166 30.143279790878296
126.114069214 -196.60543783567846 -53.81518006045371 30.14385962486267
126.134042754 -196.71478231810033 -53.76134323794395 30.144222021102905
126.154220985 -196.87878378294408 -53.68045258242637 30.144763708114624
126.17438392 -196.9879909362644 -53.62668060977012 30.145198583602905
126.194093618 -197.15191610716283 -53.5454618902877 30.145679235458374
126.21406687 -197.26103170774877 -53.4915068121627 30.146075963974
126.234089052 -197.4247127380222 -53.410288092680275 30.14657187461853
126.254152909 -197.53373678587377 -53.3561308356002 30.146922826766968
126.275149952 -197.69715841673315 -53.274885413236916 30.14746069908142
126.295089998 -197.80612142942846 -53.22052597720176 30.14775061607361
126.315142873 -197.96932943724096 -53.13922714907676 30.14829993247986
126.335108567 -198.07810934446752 -53.08491730410606 30.148635625839233
126.355376608 -198.24125631712377 -53.00328659731895 30.149089574813843
126.375146691 -198.34989889524877 -52.9490148993209 30.14944815635681
126.395221224 -198.51287802122533 -52.86729645449668 30.149917364120483
126.415120856 -198.62147482298315 -52.812788245268166 30.150230169296265
126.435124204 -198.78428610228002 -52.73097824770957 30.150691747665405
126.456478973 -198.89286764524877 -52.67623352725059 30.150989294052124
126.476409032 -199.05563314817846 -52.59412979800254 30.151397466659546
126.496387807 -199.16415365599096 -52.53920197207481 30.15160346031189
126.516362468 -199.3267360534519 -52.457067725248635 30.151992559432983
126.536361931 -199.43510397337377 -52.402204749174416 30.152198553085327
126.556712894 -199.59762533567846 -52.319746253080666 30.152473211288452
126.576416352 -199.70587118528783 -52.26491379458457 30.152690649032593
126.596365264 -199.8683162536472 -52.182356116361916 30.15287756919861
126.616362918 -199.97657736204565 -52.12728333193809 30.15297293663025
126.636358637 -200.13897665403783 -52.04457688052207 30.153079748153687
126.656485164 -200.24729879759252 -51.98921799380332 30.153037786483765
126.676332744 -200.40968283079565 -51.906313178129494 30.153026342391968
126.696422658 -200.5179744567722 -51.85090470034629 30.152992010116577
126.716387508 -200.6804958190769 -51.76757263857871 30.152889013290405
126.736379185 -200.78886373899877 -51.71190857607871 30.1527898311615
126.756728124 -200.95147665403783 -51.62824082095176 30.152625799179077
126.776407127 -201.05982931517065 -51.57259201724082 30.152568578720093
126.796373815 -201.22247274778783 -51.488813635893166 30.152385473251343
126.832657959 -201.33090170286596 -51.432924506254494 30.152251958847046
126.863911779 -201.4935603942722 -51.34900498110801 30.152053594589233
126.890647517 -201.6020809020847 -51.29284500796348 30.15185523033142
126.910467894 -201.76481588743627 -51.20873093325645 30.151618719100952
126.930259003 -201.87335165403783 -51.15252518374473 30.15142035484314
126.95027176 -202.03622396849096 -51.068022009916604 30.151065587997437
126.970254715 -202.14477499388158 -51.01178574282676 30.150909185409546
126.990355157 -202.30773886106908 -50.92711472231895 30.15053153038025
127.010315321 -202.41642721556127 -50.87059616763145 30.15028738975525
127.030282696 -202.57955892942846 -50.785524603910744 30.14983344078064
127.050262295 -202.68833883665502 -50.728769537992775 30.149532079696655
127.070257462 -202.85154684446752 -50.64354920107871 30.14909338951111
127.090576362 -202.96043356321752 -50.58653473574668 30.148723363876343
127.110300575 -203.12371786497533 -50.5011389227584 30.14824652671814
127.130258259 -203.23265036009252 -50.44407105166465 30.147903203964233
127.150312269 -203.39613302610815 -50.35825562197715 30.147353887557983
127.170281497 -203.50514181517065 -50.30109238345176 30.147022008895874
127.190362382 -203.6687770690769 -50.2150175543502 30.146434545516968
127.210323374 -203.77793844603002 -50.15753769595176 30.14604163169861
127.230319121 -203.94178732298315 -50.07114624697715 30.145442724227905
127.250305912 -204.0511012878269 -50.01333832461387 30.145000219345093
127.270371801 -204.2151637878269 -49.926603552885354 30.144416570663452
127.290409019 -204.32463034056127 -49.868471381254494 30.14396643638611
127.310446986 -204.4887996520847 -49.78129791934043 30.14335608482361
127.330246178 -204.5982967223972 -49.723051306791604 30.142925024032593
127.350286675 -204.76261862181127 -49.63548874575645 30.142249822616577
127.370253405 -204.87216146849096 -49.57713532168418 30.141834020614624
127.390408139 -205.03660543821752 -49.489301917143166 30.141181707382202
127.410326003 -205.1462703552097 -49.43065094668418 30.140735387802124
127.430295203 -205.31088217161596 -49.34255432803184 30.14006781578064
127.450288 -205.42069967649877 -49.283640143461525 30.139575719833374
127.470251173 -205.58549459837377 -49.19527268130332 30.13888144493103
127.4905446 -205.69543417356908 -49.13622498232871 30.138416051864624
127.51046763 -205.86041220091283 -49.04744553286582 30.13766837120056
127.530257061 -205.97045858763158 -48.98827957827598 30.137168645858765
127.550287385 -206.1356502380222 -48.89913010317832 30.13629126548767
127.570255992 -206.2458034362644 -48.83974289614707 30.135749578475952
127.590408158 -206.41111715696752 -48.750429389066994 30.13490653038025
127.610333317 -206.52137716673315 -48.690832373686135 30.134353399276733
127.630255367 -206.68682821653783 -48.6013700934127 30.133521795272827
127.650266046 -206.79717977903783 -48.54157852847129 30.13293433189392
127.670264191 -206.96273764036596 -48.45197128970176 30.132110357284546
127.69037601 -207.07316549681127 -48.3921301336959 30.131580114364624
127.711520246 -207.23886068724096 -48.30222534853965 30.130775213241577
127.731464947 -207.34934957884252 -48.242338416166604 30.13026785850525
127.751497959 -207.5151668395847 -48.15229630190879 30.129432439804077
127.771490081 -207.6257625427097 -48.09222244936973 30.12887167930603
127.79162427 -207.7917018737644 -48.002058264799416 30.12803626060486
127.812089285 -207.90238912962377 -47.941816565580666 30.127448797225952
127.831484252 -208.0683894958347 -47.85140442568809 30.126544713974
127.85165042 -208.17909201048315 -47.79100250918418 30.125911474227905
127.871478793 -208.34507711790502 -47.7004797430709 30.124946355819702
127.891612521 -208.45574911497533 -47.64002823550254 30.12431311607361
127.911468386 -208.62182577513158 -47.54920029360801 30.123313665390015
127.931549915 -208.73251303099096 -47.488649603910744 30.122642278671265
127.951488868 -208.89862020872533 -47.397619483061135 30.121597051620483
127.971463814 -209.0093532409519 -47.33687424380332 30.12089514732361
127.991727879 -209.17546041868627 -47.24566101748496 30.119876623153687
128.011491218 -209.28623922728002 -47.18471741396934 30.119182348251343
128.031457901 -209.45236166380346 -47.09326004702598 30.11815619468689
128.051504889 -209.56315573118627 -47.032175299711525 30.117461919784546
128.071463394 -209.7294002380222 -46.94038605410606 30.11642050743103
128.091593776 -209.8402400817722 -46.87911438662559 30.115684270858765
128.111458765 -210.0065456237644 -46.787092444486916 30.114600896835327
128.131487729 -210.11741598509252 -46.7257597418502 30.11391043663025
128.1515128 -210.2837673034519 -46.633589026518166 30.11283850669861
128.171446677 -210.3946834411472 -46.57209992129356 30.112136602401733
128.191641065 -210.56109579466283 -46.479799506254494 30.111140966415405
128.211590299 -210.67205770872533 -46.418161627836525 30.110477209091187
128.231485291 -210.83850057981908 -46.32576203066856 30.109580755233765
128.251499894 -210.94944723509252 -46.264101264066994 30.10899329185486
128.271478038 -211.11589010618627 -46.17152237612754 30.108123540878296
128.291786127 -211.22682150267065 -46.10985779482871 30.107574224472046
128.312275555 -211.39327963255346 -46.01720261294395 30.106754064559937
128.331484102 -211.50425680540502 -45.955385443754494 30.106239080429077
128.351580778 -211.67074545286596 -45.86250900942832 30.105464696884155
128.371487822 -211.78172262571752 -45.80055069644004 30.104961156845093
128.391749578 -211.94818075560033 -45.7075712652877 30.104243993759155
128.411557427 -212.05917318724096 -45.64549469668418 30.103755712509155
128.431482973 -212.22560079954565 -45.552438971586525 30.103091955184937
128.451539493 -212.33656271360815 -45.49034332949668 30.10264563560486
128.471457071 -212.50305136106908 -45.39711594302207 30.101978063583374
128.492389764 -212.61405905149877 -45.33499359805137 30.101543188095093
128.512012053 -212.78065451048315 -45.24168991763145 30.10087561607361
128.531484367 -212.8917537536472 -45.179472205229104 30.100440740585327
128.55148757 -213.05847128294408 -45.08611893374473 30.099796056747437
128.571471721 -213.16966207884252 -45.02380966860801 30.09935736656189
128.591780912 -213.33651693724096 -44.930387732572854 30.098716497421265
128.611616009 -213.4477840270847 -44.86797928530723 30.09826636314392
128.631505088 -213.6146999206394 -44.77450012881309 30.097598791122437
128.651538092 -213.7260280456394 -44.71215653140098 30.097156286239624
128.671494687 -213.89308126829565 -44.61860871035606 30.09648108482361
128.691763724 -214.00448568724096 -44.55628800112754 30.09600806236267
128.712509636 -214.17164572142065 -44.46270584780723 30.095279455184937
128.732574389 -214.28314169310033 -44.400312659330666 30.094756841659546
128.752584368 -214.45042379759252 -44.3066809149459 30.093944311141968
128.772588154 -214.56198080442846 -44.2441923590377 30.093398809432983
128.792940697 -214.72938497923315 -44.15049957949668 30.092567205429077
128.814689031 -214.84103353880346 -44.08799195010215 30.092017889022827
128.834683266 -215.0085750427097 -43.994169470854104 30.09123206138611
128.85464396 -215.12034567259252 -43.93165802676231 30.090739965438843
128.874783805 -215.28802450560033 -43.83773255068809 30.08999228477478
128.895175001 -215.39984091185033 -43.77517151553184 30.089542150497437
128.914604025 -215.56761129759252 -43.68123841006309 30.08885931968689
128.934761035 -215.67950399778783 -43.618601080961525 30.088409185409546
128.95471239 -215.84739645384252 -43.524633643217385 30.08774161338806
128.975411911 -215.9593807067722 -43.46193527895957 30.087295293807983
128.99470246 -216.12741049192846 -43.36794495303184 30.086612462997437
129.014698121 -216.2394557800144 -43.30526184756309 30.08615469932556
129.034714759 -216.40756185911596 -43.21119522769004 30.08543372154236
129.054660178 -216.51966818235815 -43.1484777899459 30.08495306968689
129.074762715 -216.68783529661596 -43.05430054385215 30.08424735069275
129.094698675 -216.79998739622533 -42.99146866519004 30.08373999595642
129.114629741 -216.96823080442846 -42.8971350165084 30.08299231529236
129.134712514 -217.08042868040502 -42.83418106753379 30.082496404647827
129.15469931 -217.2486873473972 -42.73969864565879 30.08175253868103
129.174795402 -217.3608699645847 -42.67665314394981 30.0812566280365
129.194699392 -217.52914389036596 -42.58207916934043 30.0805242061615
129.214670504 -217.64132650755346 -42.518984076566994 30.080039739608765
129.234745646 -217.80956991575658 -42.42428803164512 30.079322576522827
129.254665263 -217.92176779173315 -42.36114334780723 30.078845739364624
129.274872782 -218.09005697630346 -42.26635575015098 30.078128576278687
129.294735481 -218.20227011106908 -42.20313858706504 30.077686071395874
129.316191613 -218.37058981321752 -42.10826706606895 30.077003240585327
129.336316463 -218.4828182067722 -42.04497742373496 30.076553106307983
129.356228438 -218.65116842649877 -41.94995712954551 30.075877904891968
129.376330978 -218.76341207884252 -41.886579749174416 30.075427770614624
129.396276253 -218.9317928161472 -41.79145645815879 30.074626684188843
129.416232632 -219.04403646849096 -41.72800659853965 30.07409644126892
129.436297663 -219.21237142942846 -41.63277649600059 30.073283910751343
129.456335027 -219.32455404661596 -41.56926941592246 30.072730779647827
129.476588073 -219.49279745481908 -41.47395539004356 30.07191824913025
129.496271464 -219.60490377806127 -41.410383460111916 30.071365118026733
129.516307773 -219.77305563353002 -41.31498932559043 30.07054114341736
129.536238202 -219.88514669798315 -41.25136780459434 30.06999945640564
129.556382642 -220.0532527770847 -41.155927893705666 30.069175481796265
129.576477529 -220.16532858274877 -41.09229111392051 30.06862998008728
129.596280368 -220.3334499206394 -40.99681305605918 30.0678288936615
129.616222819 -220.44557150267065 -40.93318390566856 30.067302465438843
129.636244023 -220.61376913450658 -40.83772110659629 30.066524267196655
129.656300007 -220.72593649290502 -40.774084326811135 30.06601309776306
129.676832364 -220.89417990110815 -40.67861008364707 30.065288305282593
129.696311159 -221.00634725950658 -40.61496948916465 30.064815282821655
129.716179762 -221.17460592649877 -40.51951813418418 30.064136266708374
129.736265239 -221.28678854368627 -40.455881354399025 30.063701391220093
129.756314161 -221.45506246946752 -40.36042999941856 30.06308341026306
129.776362473 -221.56724508665502 -40.29680847842246 30.062705755233765
129.796270603 -221.73558004759252 -40.201391455717385 30.062198400497437
129.816219616 -221.8478084411472 -40.137800452299416 30.06188941001892
129.836253585 -222.01620443724096 -40.0423986883834 30.06145453453064
129.856239041 -222.12850912474096 -39.97878479678184 30.06118369102478
129.876392992 -222.2970271911472 -39.88335632998496 30.060821294784546
129.896412758 -222.40940817259252 -39.81973480898887 30.060577154159546
129.916196933 -222.57806356810033 -39.72426056582481 30.06021475791931
129.936251073 -222.6905055847019 -39.660612341947854 30.05998969078064
129.956261252 -222.85923727415502 -39.565126654691994 30.059642553329468
129.976324787 -222.97174032591283 -39.501466986723244 30.05942130088806
129.996373351 -223.1405330505222 -39.405988928861916 30.059097051620483
130.016267301 -223.25309713743627 -39.34234070498496 30.05889105796814
130.036266706 -223.42199667356908 -39.2468664618209 30.058624029159546
130.05631598 -223.5346217956394 -39.183210608549416 30.058467626571655
130.076327304 -223.70365866087377 -39.08772492129356 30.058238744735718
130.096371292 -223.81637533567846 -39.02407288271934 30.058143377304077
130.116175541 -223.98559530638158 -38.92859482485801 30.057952642440796
130.136249867 -224.0984645690769 -38.864938971586525 30.057815313339233
130.156212898 -224.26780661009252 -38.76945709902793 30.057597875595093
130.176319447 -224.38078268431127 -38.705751654691994 30.057456731796265
130.19631652 -224.55023153685033 -38.610231635160744 30.057300329208374
130.216223632 -224.66325338743627 -38.54652619082481 30.057220220565796
130.236266204 -224.83276327513158 -38.45097565371543 30.05706763267517
130.256220994 -224.94580038450658 -38.38725495059043 30.056976079940796
130.276370406 -225.11535604856908 -38.29164719302207 30.056873083114624
130.296281058 -225.22839315794408 -38.22791886050254 30.056831121444702
130.31617943 -225.3980251159519 -38.13225006777793 30.056751012802124
130.336253198 -225.51112326048315 -38.068464514799416 30.056682348251343
130.356227483 -225.68083151243627 -37.972780463285744 30.056567907333374
130.376334037 -225.79399069212377 -37.90893387515098 30.056472539901733
130.3963873 -225.96375997923315 -37.81317734438926 30.056289434432983
130.416233741 -226.0769801940769 -37.749311682768166 30.056159734725952
130.436264067 -226.24682577513158 -37.65345596987754 30.055972814559937
130.456311402 -226.36007650755346 -37.58956360537559 30.055862188339233
130.476385371 -226.52992208860815 -37.49373459536582 30.05569815635681
130.496277353 -226.64312704466283 -37.42988419253379 30.0556218624115
130.516198556 -226.8129421081394 -37.33405899722129 30.055511236190796
130.536273289 -226.92616232298315 -37.27019715029746 30.05546545982361
130.556329058 -227.0959773864597 -37.174440619535744 30.055434942245483
130.576448078 -227.20922811888158 -37.11060929019004 30.055415868759155
130.596397494 -227.37911947630346 -37.01491379458457 30.05539298057556
130.616212659 -227.49240072630346 -36.95112442690879 30.055389165878296
130.636263167 -227.66236837767065 -36.855451819486916 30.05538535118103
130.656230781 -227.77569540403783 -36.79170441348106 30.055389165878296
130.676513461 -227.94576986692846 -36.696020361967385 30.055408239364624
130.696306866 -228.05920370481908 -36.632238623686135 30.055457830429077
130.71619642 -228.22941549681127 -36.53658127505332 30.055557012557983
130.736281323 -228.34287985228002 -36.47282623965293 30.055640935897827
130.756246206 -228.5130916442722 -36.37722229678184 30.05577826499939
130.776315521 -228.62660177610815 -36.31345581728965 30.055877447128296
130.796274459 -228.79684408567846 -36.21790146548301 30.05604910850525
130.816241371 -228.9103542175144 -36.15423416811973 30.056167364120483
130.836260663 -229.0806423034519 -36.05880951602012 30.056331396102905
130.856257535 -229.1941676940769 -35.99526428896934 30.056434392929077
130.876325907 -229.36448629759252 -35.89998459536582 30.056617498397827
130.896319845 -229.47802694700658 -35.83651947695762 30.056743383407593
130.916174352 -229.64833029173315 -35.741403815336525 30.056941747665405
130.936307633 -229.76190145872533 -35.67802643496543 30.057090520858765
130.956242355 -229.9322810973972 -35.583078620024025 30.057307958602905
130.976366378 -230.04589804075658 -35.519846198149025 30.05746817588806
130.996296558 -230.21630819700658 -35.42512345034629 30.05764365196228
131.016310799 -230.32994039915502 -35.36205506045371 30.05776572227478
131.036263551 -230.5003963317722 -35.26758408267051 30.05792212486267
131.056275783 -230.6140437927097 -35.20469116885215 30.058021306991577
131.076541476 -230.78454550169408 -35.11049866396934 30.05816626548767
131.096621398 -230.89823873899877 -35.0477812262252 30.058238744735718
131.116200966 -231.0688014831394 -34.95382141787559 30.058364629745483
131.136312914 -231.18260153196752 -34.89126801211387 30.058440923690796
131.156255457 -231.35331686399877 -34.79757904727012 30.05855917930603
131.176304916 -231.4671932067722 -34.73521637637168 30.05863928794861
131.196318025 -231.63806112669408 -34.641821143217385 30.05873465538025
131.216259832 -231.7519832458347 -34.57964920718223 30.058799505233765
131.236284278 -231.92295797728002 -34.48655914980918 30.058879613876343
131.256244756 -232.0369411315769 -34.42458557803184 30.058936834335327
131.276351915 -232.20790060423315 -34.33180451113731 30.05901312828064
131.296263435 -232.32188375853002 -34.2700598211959 30.059077978134155
131.316179828 -232.49284323118627 -34.17760300356895 30.059173345565796
131.336271645 -232.60685690306127 -34.116056677885354 30.059234380722046
131.356248305 -232.77789266966283 -34.02386307436973 30.059341192245483
131.376324178 -232.89195211790502 -33.96248459536582 30.059398412704468
131.396332344 -233.06307943724096 -33.8705351324752 30.059367895126343
131.41624143 -233.17718466185033 -33.80931687075645 30.059356451034546
131.436307333 -233.34840353392065 -33.71763062197715 30.059337377548218
131.456244224 -233.46258505247533 -33.65657639224082 30.05932593345642
131.476725524 -233.63388021849096 -33.56511139590293 30.05929160118103
131.496286985 -233.74816854856908 -33.504194495268166 30.059200048446655
131.516222407 -233.91955526731908 -33.412939307279885 30.05906653404236
131.536268964 -234.03382833860815 -33.35214447695762 30.05895209312439
131.556291939 -234.20519979856908 -33.26106857974082 30.058753728866577
131.576331517 -234.31942709349096 -33.200422522611916 30.05861258506775
131.596858242 -234.4906764831394 -33.109567877836525 30.05847144126892
131.616241291 -234.60475119017065 -33.049101111479104 30.058406591415405
131.636447625 -234.7756648864597 -32.95851731020957 30.058311223983765
131.656255899 -234.88946493528783 -32.89826035220176 30.05828833580017
131.676414044 -235.0598445739597 -32.80809998232871 30.058345556259155
131.696484117 -235.17318685911596 -32.74815582949668 30.05846381187439
131.716204234 -235.34277304075658 -32.65857529360801 30.058799505233765
131.736237642 -235.45550497435033 -32.599104163236916 30.059154272079468
131.75622886 -235.6239772643894 -32.510324713774025 30.059890508651733
131.776446728 -235.73582418821752 -32.451444861479104 30.06051230430603
131.796329601 -235.90277059935033 -32.36366867739707 30.061580419540405
131.816264843 -236.0134578552097 -32.30552887637168 30.06242346763611
131.836270067 -236.1784206237644 -32.21893906313926 30.063884496688843
131.856243815 -236.2876277770847 -32.16164231020957 30.06500220298767
131.876438762 -236.45024069212377 -32.076399085111916 30.06688666343689
131.896355571 -236.5576473083347 -32.02014755923301 30.068328619003296
131.916192921 -236.71739157103002 -31.936573264189065 30.070647954940796
131.936265444 -236.82284506224096 -31.881458518095315 30.072280645370483
131.956250636 -236.97935446165502 -31.799751517362893 30.074859380722046
131.976537278 -237.08262594603002 -31.74589752871543 30.07665228843689
131.996436302 -237.23556478880346 -31.666256186552346 30.07939887046814
132.016238084 -237.33628805540502 -31.613861319608986 30.081275701522827
132.036290109 -237.48544271849096 -31.536346671171486 30.084163427352905
132.056266887 -237.58355673216283 -31.485433814115822 30.086101293563843
132.076356126 -237.72865255735815 -31.410232779569924 30.089004278182983
132.096846876 -237.82373007200658 -31.36102127749473 30.09090781211853
132.116182108 -237.96424826048315 -31.288358923979104 30.09373450279236
132.136426252 -238.05636557005346 -31.240774390287697 30.095569372177124
132.156255311 -238.1920924987644 -31.17072701174766 30.098224401474
132.176576208 -238.28109701536596 -31.124840018339455 30.09994864463806
132.196312052 -238.41180380247533 -31.057523963041604 30.10243582725525
132.21622941 -238.49729879759252 -31.013538596220315 30.104011297225952
132.236235574 -238.62298544310033 -30.94895958621055 30.106502294540405
132.256270834 -238.70445211790502 -30.90711807925254 30.1088445186615
132.277611111 -238.82357748411596 -30.84601425845176 30.113849401474
132.297514778 -238.9007106628269 -30.806474921293557 30.11806082725525
132.317425036 -239.01327474974096 -30.748821494169533 30.125476598739624
132.337480743 -239.0860133972019 -30.71158051211387 30.13096594810486
132.357501407 -239.19161947630346 -30.657556769438088 30.139800786972046
132.377578682 -239.2599178161472 -30.62262558657676 30.145904302597046
132.39745048 -239.3584743347019 -30.572246787138283 30.155383825302124
132.417447809 -239.42193563841283 -30.539812323637307 30.16165518760681
132.437508825 -239.51379354856908 -30.49289154727012 30.170840978622437
132.457463414 -239.5724178161472 -30.462934729643166 30.17673087120056
132.477873781 -239.6571346130222 -30.41966271121055 30.185107946395874
132.497485059 -239.71119650267065 -30.392067191191018 30.190337896347046
132.517442918 -239.78861959837377 -30.35258698184043 30.197585821151733
132.537497727 -239.83801229856908 -30.32741951663047 30.202068090438843
132.557487553 -239.90795858763158 -30.29184174258262 30.208144903182983
132.577541128 -239.9525447692722 -30.269169089384377 30.21187949180603
132.59754625 -240.0152126159519 -30.23737168032676 30.21672797203064
132.617479563 -240.0545192565769 -30.21746086794883 30.21959662437439
132.637495997 -240.1096950378269 -30.18954109866172 30.223396062850952
132.657467062 -240.14356954954565 -30.17243790347129 30.22555136680603
132.678144261 -240.19071920774877 -30.148649451322854 30.228370428085327
132.697583428 -240.2194362487644 -30.134180304594338 30.2299382686615
132.717545425 -240.25836141966283 -30.114572760649025 30.23189902305603
132.73750098 -240.28178366087377 -30.102764365263283 30.232990026474
132.757482517 -240.31234701536596 -30.087393042631447 30.234229803085327
132.777582979 -240.33001669310033 -30.07848953921348 30.234874486923218
132.797519411 -240.3524471130222 -30.067148444242775 30.235610723495483
132.817514033 -240.36424215696752 -30.06114220339805 30.23590064048767
132.837516961 -240.3784480895847 -30.053856131620705 30.23619818687439
132.857450955 -240.38478048704565 -30.05055069644004 30.236255407333374
132.877530957 -240.39038046263158 -30.047514197416604 30.236194372177124
132.897550685 -240.39121969603002 -30.046898123808205 30.236045598983765
132.917421024 -240.38816793821752 -30.048111197538674 30.235664129257202
132.937489869 -240.3834987487644 -30.050207373686135 30.235328435897827
132.957504857 -240.37179525755346 -30.05567002017051 30.234657049179077
132.977517378 -240.36122091673315 -30.060676810331643 30.234153509140015
132.997499614 -240.34124716185033 -30.070234534330666 30.233279943466187
133.017439875 -240.32484396360815 -30.07818436343223 30.232612371444702
133.037508216 -240.29627951048315 -30.09205460269004 30.23154044151306
133.057502243 -240.2743678893894 -30.102739569731057 30.230777502059937
133.077586229 -240.23719747923315 -30.120960471220315 30.229610204696655
133.097545407 -240.20982321165502 -30.134409186430275 30.228816747665405
133.117426071 -240.16455038450658 -30.156700369901955 30.22766089439392
133.137512809 -240.13182028196752 -30.17283653933555 30.226871252059937
133.157516801 -240.0783229675144 -30.199331519193947 30.22563910484314
133.177520002 -240.0401149597019 -30.218311545439065 30.22472357749939
133.197531068 -239.97904928587377 -30.248714682646096 30.223064184188843
133.21752703 -239.93565328978002 -30.27044701296836 30.221790075302124
133.237489612 -239.8671413268894 -30.30480217654258 30.21952795982361
133.25772701 -239.81907614134252 -30.328996893949807 30.21776556968689
133.277505118 -239.7434841003269 -30.367182013578713 30.21472144126892
133.297558834 -239.69093283079565 -30.39375138003379 30.21240210533142
133.317414203 -239.60858114622533 -30.43565582949668 30.208499670028687
133.337467926 -239.5515437927097 -30.46473335940391 30.205608129501343
133.357483869 -239.46287496946752 -30.51003670413047 30.20085883140564
133.377554724 -239.40177877806127 -30.54130768496543 30.19744849205017
133.397554136 -239.3072048034519 -30.589792487211525 30.191962957382202
133.417493078 -239.24217184446752 -30.62329125124961 30.188106298446655
133.437469752 -239.14186056517065 -30.67499375063926 30.182044744491577
133.457487311 -239.0731502380222 -30.71051048953086 30.17784857749939
133.4775846 -238.96740682981908 -30.765268561430275 30.17138648033142
133.497554712 -238.89520223997533 -30.802667853422463 30.16696524620056
133.517433678 -238.78428610228002 -30.86030983645469 30.160274267196655
133.537495331 -238.70870932005346 -30.89960884768516 30.155776739120483
133.557494131 -238.59295614622533 -30.95982575137168 30.14901328086853
133.577567364 -238.5142360534519 -31.000856635160744 30.14458441734314
133.597539227 -238.39393576048315 -31.063539740629494 30.13805365562439
133.617433305 -238.31230123899877 -31.10611176211387 30.133796453475952
133.637457505 -238.18785055540502 -31.170994040556252 30.127506017684937
133.657488395 -238.10362203978002 -31.214927908964455 30.12344717979431
133.67762391 -237.97550924681127 -31.28179192263633 30.11759924888611
133.697825356 -237.88888510130346 -31.32697891909629 30.113807439804077
133.717476581 -237.75749166868627 -31.395664450712502 30.108474493026733
133.737481536 -237.66883810423315 -31.442013022489846 30.105083227157593
133.75757171 -237.5343776550144 -31.51234078127891 30.100261449813843
133.777620958 -237.44393881224096 -31.55970406252891 30.09732413291931
133.797554751 -237.30680807493627 -31.631452796049416 30.093169927597046
133.817436172 -237.2145534362644 -31.67971443850547 30.090633153915405
133.837473042 -237.07504232786596 -31.752702948637307 30.087165594100952
133.857502145 -236.98117025755346 -31.801773306913674 30.084998846054077
133.877621841 -236.83953817747533 -31.87579941470176 30.082229375839233
133.89789959 -236.74420126341283 -31.925558325834572 30.08046317100525
133.917547508 -236.60063131712377 -32.00049423892051 30.07829260826111
133.937511201 -236.50433309935033 -32.05071472842246 30.077037572860718
133.957503803 -236.35905416868627 -32.12642502505332 30.075427770614624
133.977580886 -236.2619930114597 -32.17703461367637 30.074668645858765
133.997673665 -236.1155086364597 -32.253340003080666 30.07372260093689
134.017429727 -236.01747091673315 -32.30439591128379 30.07328772544861
134.037444496 -235.86991842649877 -32.381166693754494 30.072898626327515
134.057494484 -235.7710262145847 -32.43256211001426 30.07272696495056
134.07760185 -235.62254293821752 -32.50963806826621 30.072856664657593
134.097792454 -235.52316244505346 -32.561159369535744 30.073116064071655
134.117440429 -235.37358053587377 -32.63863205630332 30.073680639266968
134.137475982 -235.2738338317722 -32.69024109560996 30.074321508407593
134.157495109 -235.12326010130346 -32.768049475736916 30.07524085044861
134.177566089 -235.02296408079565 -32.81981491763145 30.076080083847046
134.197540343 -234.87194784544408 -32.897672888822854 30.07745337486267
134.218550192 -234.7711482848972 -32.949594733305275 30.078468084335327
134.238631478 -234.61975057981908 -33.027494666166604 30.08010458946228
134.258601452 -234.51847799681127 -33.07955383975059 30.08119559288025
134.278631065 -234.3667751159519 -33.157453772611916 30.08306097984314
134.298913133 -234.26544149778783 -33.20943665225059 30.08431601524353
134.318536735 -234.11314352415502 -33.287477728910744 30.08622717857361
134.338604573 -234.0117946472019 -33.33935379702598 30.087642431259155
134.358569541 -233.8593288268894 -33.41731857974082 30.089729070663452
134.378659104 -233.75762899778783 -33.46927094180137 30.09115958213806
134.398671487 -233.6050105895847 -33.5471708746627 30.09331488609314
134.418566727 -233.50297506712377 -33.599210974760354 30.09469962120056
134.438649472 -233.34995993040502 -33.67720246035606 30.096771001815796
134.458577905 -233.24769552610815 -33.729284522123635 30.09808325767517
134.478671579 -233.0946803893894 -33.80710816103965 30.100169897079468
134.498727741 -232.99253805540502 -33.85900711733848 30.101531744003296
134.518556557 -232.83912619017065 -33.93688416201621 30.103526830673218
134.538629984 -232.7370906677097 -33.988615271635354 30.10487723350525
134.558588974 -232.58366354368627 -34.06633972842246 30.106769323349
134.578655412 -232.4813533630222 -34.11809754092246 30.10802435874939
134.598623152 -232.32784994505346 -34.19564270693809 30.109912633895874
134.618540793 -232.22526510618627 -34.24743103701621 30.111099004745483
134.638675316 -232.07170065306127 -34.324804541654885 30.112945318222046
134.658566177 -231.9691921081394 -34.37640213686973 30.11412787437439
134.678680119 -231.8152156677097 -34.453840491361916 30.115821599960327
134.698615965 -231.71246298216283 -34.50547241885215 30.116878271102905
134.718565258 -231.55815084837377 -34.58294129092246 30.11838126182556
134.738689553 -231.45555075071752 -34.63439392764121 30.119388341903687
134.758613493 -231.30126913450658 -34.71173691470176 30.120757818222046
134.778636972 -231.19845541380346 -34.76326966006309 30.121658086776733
134.799012696 -231.04423483274877 -34.84052109438926 30.12301993370056
134.818541628 -230.94117697142065 -34.89213776309043 30.123855352401733
134.838673779 -230.7869411315769 -34.96935486514121 30.1252019405365
134.858596326 -230.6839900817722 -35.02090668398887 30.126052618026733
134.878639477 -230.52935751341283 -35.098356482572854 30.12725806236267
134.898652797 -230.42643698118627 -35.149877783842385 30.128040075302124
134.918542347 -230.2716365661472 -35.22737335879356 30.12908911705017
134.938594987 -230.16838034056127 -35.279062506742775 30.129768133163452
134.958649231 -230.01312216185033 -35.35680603701621 30.130683660507202
134.978632867 -229.90959127806127 -35.40865540225059 30.131267309188843
134.998678621 -229.7542262878269 -35.48647141177207 30.13204550743103
