time_sec x_east_m y_north_m z_up_m
0.0 0.0 0.0 0.0
0.019863706 8.527189493179321e-06 -0.0007368579972535372 0.00040841102600097656
0.039838545 9.462237358093262e-07 -0.0012428632471710443 0.0006737709045410156
0.059806383 -3.141164779663086e-05 -0.0020208361092954874 0.0010280609130859375
0.079828503 -6.146356463432312e-05 -0.0025576872285455465 0.0012583732604980469
0.099951452 -0.00013440102338790894 -0.0033544462639838457 0.0015735626220703125
0.119884354 -0.0001862943172454834 -0.003871717257425189 0.0017609596252441406
0.139819892 -0.00013694912195205688 -0.004389972193166614 0.0018780231475830078
0.159838395 -9.612739086151123e-05 -0.004723540274426341 0.0019817352294921875
0.179856235 5.476176738739014e-07 -0.00522782769985497 0.002185344696044922
0.199892362 6.542354822158813e-05 -0.0055627424735575914 0.002315998077392578
0.219996804 0.00018841400742530823 -0.006068993592634797 0.0025742053985595703
0.239849885 0.00026697292923927307 -0.006414506817236543 0.002739429473876953
0.259842334 0.00040563754737377167 -0.006893266225233674 0.002979755401611328
0.279868618 0.000604681670665741 -0.0070974614936858416 0.0032646656036376953
0.299897913 0.0008835513144731522 -0.0074200204107910395 0.003682374954223633
0.321201431 0.0010656919330358505 -0.007662809686735272 0.003985166549682617
0.340871836 0.0014770850539207458 -0.007810498820617795 0.004302024841308594
0.360965074 0.0017607994377613068 -0.007879531243816018 0.0044841766357421875
0.38087924 0.002210564911365509 -0.007994709769263864 0.004738807678222656
0.401057176 0.0025070998817682266 -0.008070580894127488 0.004895925521850586
0.422409308 0.0029476284980773926 -0.008218082832172513 0.0051305294036865234
0.442435874 0.003230523318052292 -0.008346922928467393 0.005284309387207031
0.462400608 0.003638703376054764 -0.00858455547131598 0.005535602569580078
0.482389621 0.0039491429924964905 -0.008788880193606019 0.005744218826293945
0.502512731 0.004393937066197395 -0.009122798452153802 0.006048917770385742
0.522422346 0.004687037318944931 -0.00938955252058804 0.006228446960449219
0.542419112 0.005216663703322411 -0.009619316319003701 0.006369352340698242
0.562362315 0.005563331767916679 -0.009754570433869958 0.006425619125366211
0.582372062 0.006032422184944153 -0.010045228758826852 0.006522178649902344
0.602507663 0.006325190886855125 -0.01026413426734507 0.0065801143646240234
0.622402546 0.00673464871942997 -0.010626945877447724 0.006723165512084961
0.642472755 0.006963483989238739 -0.010879360372200608 0.006809234619140625
0.662422543 0.00727337971329689 -0.011224052170291543 0.006954193115234375
0.68242122 0.007535653188824654 -0.011299001285806298 0.007193565368652344
0.702551259 0.007899060845375061 -0.011405579978600144 0.007551908493041992
0.722419166 0.008115474134683609 -0.01148235728032887 0.007827997207641602
0.742467337 0.008395353332161903 -0.011584874475374818 0.008255958557128906
0.762400124 0.008560845628380775 -0.011643316829577088 0.008560419082641602
0.782390993 0.008739518001675606 -0.011712149949744344 0.009079694747924805
0.802622563 0.008847920224070549 -0.011730064870789647 0.009417533874511719
0.823465271 0.00899285264313221 -0.01171833579428494 0.00990438461303711
0.843461242 0.009079260751605034 -0.011688938597217202 0.010230541229248047
0.86344894 0.009153088554739952 -0.011744971619918942 0.010640144348144531
0.883547256 0.009136538952589035 -0.011921678902581334 0.01080465316772461
0.904278042 0.00909424014389515 -0.012189843924716115 0.011002779006958008
0.923505646 0.009054670110344887 -0.012376348720863461 0.011101007461547852
0.943557808 0.008965466171503067 -0.012675348902121186 0.011182069778442383
0.963376559 0.008892109617590904 -0.012878936948254704 0.011222124099731445
0.983447073 0.008799482136964798 -0.013235708931460977 0.011205673217773438
1.003561065 0.00874408520758152 -0.013488967204466462 0.011153697967529297
1.023398731 0.008666500449180603 -0.013891412178054452 0.011039018630981445
1.043462105 0.008644947782158852 -0.014159022131934762 0.010928153991699219
1.063416481 0.008618133142590523 -0.014563853153958917 0.010684728622436523
1.083454499 0.008618371561169624 -0.014841081807389855 0.010482549667358398
1.103544932 0.008626153692603111 -0.015280194813385606 0.01016378402709961
1.12344054 0.008627889677882195 -0.015578992897644639 0.009933710098266602
1.143427143 0.008739637210965157 -0.015932984882965684 0.009505748748779297
1.163435847 0.008853573352098465 -0.016071455786004663 0.009164810180664062
1.183427849 0.009090006351470947 -0.016308030346408486 0.008654356002807617
1.203584794 0.009250685572624207 -0.016465315828099847 0.00830531120300293
1.223530195 0.00949685275554657 -0.01670368597842753 0.00776982307434082
1.243450167 0.009696867316961288 -0.016847038874402642 0.007396221160888672
1.263421644 0.010004956275224686 -0.017039820784702897 0.006800174713134766
1.283465188 0.010264076292514801 -0.01709244237281382 0.006424427032470703
1.303584683 0.010782955214381218 -0.016899958485737443 0.0060291290283203125
1.323429652 0.011122997850179672 -0.016761049861088395 0.005806446075439453
1.343403394 0.011637529358267784 -0.016493845963850617 0.005492210388183594
1.363455478 0.011964861303567886 -0.0162996428553015 0.005300045013427734
1.383435976 0.01243266649544239 -0.015988912666216493 0.005032777786254883
1.403936006 0.012725817039608955 -0.015759106958284974 0.0048902034759521484
1.423451351 0.013144388794898987 -0.015429983148351312 0.004648923873901367
1.443494251 0.013388462364673615 -0.015228938544169068 0.004537105560302734
1.463409548 0.013719435781240463 -0.014940683031454682 0.004375934600830078
1.483546622 0.013908516615629196 -0.014755901182070374 0.004288911819458008
1.503525273 0.014150246977806091 -0.014493135968223214 0.004164934158325195
1.5234409 0.014293614774942398 -0.01432937034405768 0.004071712493896484
1.543408226 0.014495324343442917 -0.014097066828981042 0.003937721252441406
1.563380986 0.014534464105963707 -0.014104785630479455 0.0039408206939697266
1.583408231 0.01452852413058281 -0.014218347379937768 0.003993511199951172
1.603499423 0.014493443071842194 -0.01431534462608397 0.004055023193359375
1.623424568 0.014419443905353546 -0.01447401032783091 0.0041544437408447266
1.643548109 0.01435043290257454 -0.01458646566607058 0.004235982894897461
1.663407485 0.014215636998414993 -0.01473324024118483 0.004425525665283203
1.683463857 0.014113962650299072 -0.014830634230747819 0.0045659542083740234
1.703644735 0.013948051258921623 -0.01502826833166182 0.004820585250854492
1.723451172 0.013830877840518951 -0.015183121198788285 0.004979133605957031
1.743409313 0.013623543083667755 -0.015458941692486405 0.0052721500396728516
1.763411376 0.013542523607611656 -0.015507448697462678 0.005393028259277344
1.783500291 0.013432221487164497 -0.015516374493017793 0.005548238754272461
1.803638381 0.013346968218684196 -0.015478387707844377 0.005686044692993164
1.823516305 0.013210708275437355 -0.01541475229896605 0.005929708480834961
1.843452275 0.013112979009747505 -0.01534642861224711 0.0060956478118896484
1.8634462 0.012969134375452995 -0.015204042429104447 0.006392240524291992
1.883388781 0.012871714308857918 -0.015106434235349298 0.0065937042236328125
1.90350824 0.012736145406961441 -0.014864335069432855 0.006899595260620117
1.923470954 0.012640461325645447 -0.01468542986549437 0.00713348388671875
1.943506588 0.012491706758737564 -0.014394559198990464 0.007471323013305664
1.963400493 0.012349139899015427 -0.014284063363447785 0.007737398147583008
1.983483911 0.012069165706634521 -0.014243370154872537 0.008201122283935547
2.003596849 0.011918794363737106 -0.014187349239364266 0.008530616760253906
2.023437602 0.01169491559267044 -0.014114566380158067 0.009041547775268555
2.043465844 0.01155395619571209 -0.014057064661756158 0.009383678436279297
2.063426625 0.011298775672912598 -0.013974199304357171 0.009870767593383789
2.083447822 0.011111525818705559 -0.013934295857325196 0.010177135467529297
2.103487396 0.010767754167318344 -0.013811836251989007 0.010612964630126953
2.12345916 0.010529305785894394 -0.013704130658879876 0.010939359664916992
2.143435228 0.0101579949259758 -0.013506641844287515 0.011418581008911133
2.163444268 0.009972600266337395 -0.013149949023500085 0.011681795120239258
2.183404208 0.00972096249461174 -0.012544066878035665 0.01203775405883789
2.203723194 0.009541822597384453 -0.012109053554013371 0.012276172637939453
2.223483447 0.009253637865185738 -0.011455950560048223 0.012582063674926758
2.243469724 0.009036976844072342 -0.010989017086103559 0.012779474258422852
2.263475599 0.008706584572792053 -0.010242839576676488 0.013054132461547852
2.283465921 0.008483879268169403 -0.009749193908646703 0.01322174072265625
2.30347201 0.008280046284198761 -0.008754372829571366 0.013562202453613281
2.323464387 0.008190536871552467 -0.008025751681998372 0.013789892196655273
2.343380621 0.00807178020477295 -0.006941202329471707 0.014099597930908203
2.363418906 0.008066028356552124 -0.006114733638241887 0.014219522476196289
2.38341875 0.00813269428908825 -0.004779047099873424 0.014293193817138672
2.403514814 0.008178401738405228 -0.003911530366167426 0.014329195022583008
2.42347044 0.008270315825939178 -0.002649255795404315 0.014444828033447266
2.443474846 0.008336097002029419 -0.0018357497174292803 0.01450967788696289
2.463439762 0.008409280329942703 -0.0006767101585865021 0.01451730728149414
2.483478028 0.00845274142920971 6.684311665594578e-05 0.01450490951538086
2.503490112 0.008533412590622902 0.0011112169595435262 0.014434099197387695
2.523569175 0.00857875868678093 0.0017557457322254777 0.014360189437866211
2.5433604 0.008634133264422417 0.002646459295647219 0.01422882080078125
2.563423298 0.00871618464589119 0.003268322558142245 0.014032840728759766
2.583396588 0.008909160271286964 0.004285483970306814 0.013623952865600586
2.60353501 0.009036554023623466 0.004920302191749215 0.013328313827514648
2.623462757 0.009249674156308174 0.005819322075694799 0.012849807739257812
2.64344032 0.009396303445100784 0.006391532951965928 0.012528657913208008
2.66345221 0.009642409160733223 0.007229395443573594 0.012053728103637695
2.683416468 0.009799903258681297 0.0077699723187834024 0.011739253997802734
2.703612442 0.009922543540596962 0.00836032978259027 0.011144399642944336
2.723504946 0.009957674890756607 0.008651366224512458 0.010718345642089844
2.743416532 0.009998150169849396 0.00905814883299172 0.01009058952331543
2.763454837 0.010017788037657738 0.009267391869798303 0.009680509567260742
2.783462294 0.010035969316959381 0.009526723762974143 0.009081840515136719
2.803608989 0.010040642693638802 0.009646029444411397 0.008699178695678711
2.823490869 0.0100269615650177 0.00974843860603869 0.008126974105834961
2.843442859 0.01000562310218811 0.009784547379240394 0.007754087448120117
2.86345597 0.009961212053894997 0.009789680829271674 0.00722956657409668
2.883454571 0.00993124209344387 0.009777934988960624 0.0069026947021484375
2.903715674 0.009883971884846687 0.009737435495480895 0.006444215774536133
2.923431064 0.00989014282822609 0.009691788582131267 0.0061779022216796875
2.943369645 0.009912559762597084 0.00959876156412065 0.005810976028442383
2.963452474 0.009956156834959984 0.009518080623820424 0.0056073665618896484
2.983446894 0.010045453906059265 0.009369232458993793 0.005361318588256836
3.003531352 0.010107023641467094 0.009253873722627759 0.005214691162109375
3.023536304 0.01023394986987114 0.009093659231439233 0.005074739456176758
3.043399583 0.010322431102395058 0.008984193904325366 0.0049855709075927734
3.063536061 0.01049920916557312 0.008843432879075408 0.004927396774291992
3.083396907 0.010621918365359306 0.008723450591787696 0.004908323287963867
3.103907198 0.010812399908900261 0.008507243124768138 0.0048980712890625
3.123511088 0.010950511321425438 0.008332244819030166 0.004924297332763672
3.143352499 0.011159487068653107 0.00803558505140245 0.004978179931640625
3.163439236 0.01131550781428814 0.007807682501152158 0.0050449371337890625
3.183403888 0.011576220393180847 0.007426352007314563 0.005184173583984375
3.203536543 0.011750364676117897 0.007154240505769849 0.005281686782836914
3.223553204 0.012051960453391075 0.006711549358442426 0.005446672439575195
3.243406495 0.012260662391781807 0.006412105867639184 0.005554676055908203
3.263456045 0.012584518641233444 0.005955935223028064 0.005768299102783203
3.28343348 0.012797664850950241 0.005649547325447202 0.00592350959777832
3.303573073 0.013111429288983345 0.0051855663768947124 0.006145954132080078
3.322643411 0.013329215347766876 0.004860871471464634 0.006261587142944336
3.342368136 0.013733470812439919 0.004549182718619704 0.0065462589263916016
3.362445244 0.014021733775734901 0.004386711400002241 0.0067708492279052734
3.382384953 0.014488030225038528 0.0042036689119413495 0.0070438385009765625
3.402475814 0.014851918444037437 0.004187751328572631 0.00714421272277832
3.422694495 0.015373960137367249 0.004134656861424446 0.007329463958740234
3.442399144 0.01570306159555912 0.004087921464815736 0.007448911666870117
3.462424151 0.016170981340110302 0.004001219291239977 0.007646799087524414
3.482448443 0.016474834643304348 0.003950665122829378 0.007785320281982422
3.502526052 0.016907294280827045 0.0038663765881210566 0.007971525192260742
3.522551643 0.017177904956042767 0.003808259731158614 0.008033275604248047
3.542377776 0.01756497658789158 0.0037228872533887625 0.008106231689453125
3.562468447 0.017810332588851452 0.003676474094390869 0.008127689361572266
3.582394257 0.01816112268716097 0.0036091936053708196 0.00811624526977539
3.602451601 0.018383881077170372 0.003560897894203663 0.008098363876342773
3.622482235 0.018704942427575588 0.003489960450679064 0.008078575134277344
3.642394204 0.018894235603511333 0.0034492950653657317 0.008051156997680664
3.662445104 0.019141485914587975 0.0033969064825214446 0.007962226867675781
3.682384743 0.019266914576292038 0.003363114781677723 0.007858753204345703
3.702510189 0.01943780481815338 0.0033039001864381135 0.007693767547607422
3.722480919 0.01953944843262434 0.003262377518694848 0.007560014724731445
3.742376205 0.019663776271045208 0.0032131962361745536 0.007355213165283203
3.762459415 0.019731764681637287 0.0031793858506716788 0.007221221923828125
3.782397043 0.019793170504271984 0.0031504658982157707 0.007033109664916992
3.802451201 0.01977413520216942 0.0030233985162340105 0.006845951080322266
3.822575103 0.01965923421084881 0.0026815835444722325 0.006449699401855469
3.84242539 0.019581140018999577 0.0024425016199529637 0.0061910152435302734
3.862452637 0.019411269575357437 0.001978101208806038 0.005842685699462891
3.882405194 0.01922896970063448 0.0015350846224464476 0.0056798458099365234
3.902390039 0.018932322040200233 0.0008445618441328406 0.005431413650512695
3.922473347 0.018711517564952374 0.0003624279052019119 0.005300283432006836
3.942369919 0.01833364088088274 -0.00041605066508054733 0.005114555358886719
3.962440165 0.018063598312437534 -0.0009557397570461035 0.004999637603759766
3.982407924 0.01766466721892357 -0.001785740489140153 0.004840373992919922
4.002403402 0.017402665689587593 -0.0023647553753107786 0.004736185073852539
4.023623119 0.017015278339385986 -0.0032688898500055075 0.004601240158081055
4.043415276 0.016756185330450535 -0.0038882282096892595 0.0045130252838134766
4.063962699 0.016354184597730637 -0.004827564815059304 0.004342317581176758
4.083436382 0.01609458588063717 -0.0054828880820423365 0.004214763641357422
4.103676332 0.01570698246359825 -0.006487980717793107 0.004005908966064453
4.146908373 0.015460168942809105 -0.00717957247979939 0.003846406936645508
4.16663109 0.015092674642801285 -0.008221245603635907 0.0035812854766845703
4.186945635 0.014841953292489052 -0.008919789688661695 0.003396749496459961
4.20811869 0.014440232887864113 -0.009954657638445497 0.003056049346923828
4.227809466 0.014153342694044113 -0.010639033513143659 0.0028166770935058594
4.24772629 0.013698451220989227 -0.011658820556476712 0.0024623870849609375
4.267702905 0.01339874230325222 -0.012257904978469014 0.002237081527709961
4.287812791 0.013041038066148758 -0.012936637969687581 0.002027750015258789
4.307768061 0.012792214751243591 -0.013363749021664262 0.001882314682006836
4.327706607 0.012377966195344925 -0.013937611365690827 0.0016956329345703125
4.347735654 0.012083515524864197 -0.014304762938991189 0.0016057491302490234
4.36764688 0.011628955602645874 -0.014797698939219117 0.001476287841796875
4.387790026 0.011317823082208633 -0.015114730456843972 0.001407623291015625
4.407772223 0.010816942900419235 -0.015482437098398805 0.0013427734375
4.427725441 0.010483009740710258 -0.01571806729771197 0.0012993812561035156
4.447728365 0.00998050905764103 -0.01605828502215445 0.0012412071228027344
4.467719686 0.009649049490690231 -0.016209697583690286 0.0012145042419433594
4.48782313 0.009183939546346664 -0.016386509174481034 0.0011968612670898438
4.507804526 0.008969282731413841 -0.016333036357536912 0.0012788772583007812
4.527740486 0.008692186325788498 -0.016242899233475327 0.001390218734741211
4.547722656 0.008441222831606865 -0.016325563425198197 0.0015590190887451172
4.567678685 0.008118553087115288 -0.016413847217336297 0.0018219947814941406
4.587823294 0.00792420282959938 -0.016473189229145646 0.002009868621826172
4.6083179 0.007661575451493263 -0.01656379015184939 0.002310514450073242
4.627702721 0.0075052883476018906 -0.016623115399852395 0.0025048255920410156
4.647764798 0.0072983019053936005 -0.016711591044440866 0.0028090476989746094
4.667707542 0.0072129834443330765 -0.01678145886398852 0.002993345260620117
4.688349536 0.007087470963597298 -0.016908208141103387 0.0032758712768554688
4.707808204 0.007025472819805145 -0.016995065147057176 0.0034494400024414062
4.727898091 0.0070024896413087845 -0.017048519337549806 0.0036308765411376953
4.747755597 0.007038021460175514 -0.01700219721533358 0.0036830902099609375
4.767715159 0.007144484668970108 -0.016900703543797135 0.003709077835083008
4.78778034 0.0072165727615356445 -0.016834648558869958 0.003726959228515625
4.807789315 0.00732811912894249 -0.0167396052274853 0.003755807876586914
4.827729639 0.007414862513542175 -0.01664015301503241 0.0037610530853271484
4.847733032 0.007505007088184357 -0.016496099764481187 0.003760814666748047
4.867684864 0.007533049210906029 -0.016378658125177026 0.0037491321563720703
4.88779192 0.007543150335550308 -0.01622409955598414 0.003737211227416992
4.908272273 0.0075269341468811035 -0.01612040982581675 0.003734111785888672
4.927720825 0.007482936605811119 -0.015984444180503488 0.003723621368408203
4.947751014 0.007438080385327339 -0.015914445975795388 0.0037419795989990234
4.967663283 0.007377268746495247 -0.01580132939852774 0.0037698745727539062
4.987868424 0.007330864667892456 -0.015732709551230073 0.0037899017333984375
5.008114473 0.007251603528857231 -0.015640529105439782 0.0038247108459472656
5.027731356 0.007218724116683006 -0.015563018852844834 0.003871917724609375
5.047721703 0.007161568850278854 -0.015463514486327767 0.004006624221801758
5.067741887 0.0071325358003377914 -0.015389994019642472 0.004121541976928711
5.087828233 0.007114587351679802 -0.01529621914960444 0.004381895065307617
5.107797992 0.007100319489836693 -0.015253730351105332 0.004578351974487305
5.127709479 0.00708625465631485 -0.015206737676635385 0.0049591064453125
5.147725336 0.00705697201192379 -0.015205906936898828 0.005202293395996094
5.16765378 0.007042033597826958 -0.015222473302856088 0.005629777908325195
5.187849134 0.007047468796372414 -0.01524182059802115 0.00593113899230957
5.207833923 0.007078574970364571 -0.015285501489415765 0.006403923034667969
5.227772258 0.007140824571251869 -0.0153155701700598 0.006754636764526367
5.247837026 0.007214503362774849 -0.01537536852993071 0.007287502288818359
5.267746997 0.007259499281644821 -0.015408398816362023 0.007663726806640625
5.287771003 0.007334668189287186 -0.015462188282981515 0.008270263671875
5.308144628 0.007376218214631081 -0.01551378914155066 0.00867772102355957
5.32771306 0.007445989176630974 -0.015600925544276834 0.00934910774230957
5.347743126 0.0074811093509197235 -0.01567403064109385 0.009813070297241211
5.367679369 0.007501956075429916 -0.01585103035904467 0.010553836822509766
5.387837394 0.00753171369433403 -0.015985340112820268 0.011090755462646484
5.408105863 0.007595079019665718 -0.016153162578120828 0.011911869049072266
5.427737897 0.007690854370594025 -0.01625696220435202 0.012476444244384766
5.447731221 0.007851805537939072 -0.016434030840173364 0.013357162475585938
5.467708941 0.008002376183867455 -0.01655681082047522 0.013945817947387695
5.487859362 0.008289029821753502 -0.016768202418461442 0.014819622039794922
5.508097144 0.00848841480910778 -0.01692702085711062 0.015386819839477539
5.527734644 0.00884891115128994 -0.017156187677755952 0.016231536865234375
5.547743917 0.0090708639472723 -0.017319867620244622 0.01677846908569336
5.567686613 0.009361999109387398 -0.01759913587011397 0.017544984817504883
5.587835593 0.009582895785570145 -0.017770257079973817 0.018043994903564453
5.60823282 0.009886257350444794 -0.01803349726833403 0.018772125244140625
5.627710674 0.010091964155435562 -0.018195925513282418 0.019253969192504883
5.647730482 0.010414134711027145 -0.018422665307298303 0.020000934600830078
5.667736791 0.010647755116224289 -0.018601749325171113 0.02051067352294922
5.687827568 0.011004576459527016 -0.0189500676933676 0.021411895751953125
5.70784619 0.01121036522090435 -0.019244304159656167 0.022156715393066406
5.727747651 0.011422671377658844 -0.019740382442250848 0.02361917495727539
5.74772274 0.011499466374516487 -0.02010567137040198 0.024869918823242188
5.767787587 0.011540470644831657 -0.020706797251477838 0.027256250381469727
5.787774882 0.011532364413142204 -0.021141920471563935 0.02925848960876465
5.808041625 0.011480152606964111 -0.021855943137779832 0.03292989730834961
5.827720979 0.011436689645051956 -0.022360205883160233 0.03587484359741211
5.847728095 0.011408990249037743 -0.02316643320955336 0.04115581512451172
5.867708547 0.011419106274843216 -0.023741265991702676 0.045249223709106445
5.88786348 0.011550111696124077 -0.024628242710605264 0.05243730545043945
5.908060938 0.011701937764883041 -0.025241090217605233 0.05790448188781738
5.927753556 0.012041840702295303 -0.02618801617063582 0.06714367866516113
5.947747537 0.012359809130430222 -0.026821514824405313 0.07407426834106445
5.967697517 0.012981297448277473 -0.027772564673796296 0.08556437492370605
5.987801152 0.013539662584662437 -0.02837740839459002 0.09412550926208496
6.007909641 0.014530763030052185 -0.029293218860402703 0.10809826850891113
6.02775252 0.015324953943490982 -0.029888304183259606 0.11823916435241699
6.047750731 0.016747551038861275 -0.030761888483539224 0.13469672203063965
6.067891252 0.017809064127504826 -0.031347727635875344 0.14641880989074707
6.087891471 0.019693508744239807 -0.03212826908566058 0.16539239883422852
6.108743875 0.021079099737107754 -0.032628229120746255 0.17883872985839844
6.127718726 0.02333043236285448 -0.033374699065461755 0.20020103454589844
6.147736321 0.025035064667463303 -0.03378237993456423 0.2153487205505371
6.167667615 0.02773486776277423 -0.03437798307277262 0.23920416831970215
6.187810689 0.02965937741100788 -0.03474381775595248 0.25594496726989746
6.208060634 0.03265240089967847 -0.035290474304929376 0.2821810245513916
6.227758924 0.034748425241559744 -0.03561196313239634 0.3004946708679199
6.24779428 0.03801498981192708 -0.036024233559146523 0.3291776180267334
6.267754356 0.040235298685729504 -0.036309423157945275 0.34904050827026367
6.287708571 0.04370355140417814 -0.036574730882421136 0.38019418716430664
6.308495405 0.04606832657009363 -0.03672035993076861 0.4017612934112549
6.327726666 0.049674661830067635 -0.03691454813815653 0.4353005886077881
6.347737147 0.052159665152430534 -0.036960995057597756 0.458606481552124
6.367654963 0.05592312291264534 -0.037022346863523126 0.4946870803833008
6.387762218 0.05847945064306259 -0.0370270072016865 0.5195772647857666
6.407880133 0.06236562319099903 -0.037002926925197244 0.5581622123718262
6.427706942 0.06495895609259605 -0.036981245735660195 0.5846209526062012
6.44775811 0.06892101839184761 -0.03683686465956271 0.625709056854248
6.467708963 0.07152042165398598 -0.03677715570665896 0.6537375450134277
6.487708842 0.07545597106218338 -0.03652869747020304 0.6971390247344971
6.507941826 0.07806102558970451 -0.036326399305835366 0.726834774017334
6.527728333 0.08193393051624298 -0.03597068623639643 0.7725117206573486
6.547722278 0.0845005065202713 -0.0356525017414242 0.8038358688354492
6.567652314 0.08826600015163422 -0.03517820150591433 0.8518831729888916
6.587683906 0.09072602167725563 -0.034832569072023034 0.8847064971923828
6.608000714 0.0943300724029541 -0.03428083495236933 0.9351241588592529
6.627734448 0.09666392207145691 -0.03392103151418269 0.9694316387176514
6.647758117 0.10003478825092316 -0.03327247709967196 1.0221810340881348
6.667722098 0.10219774395227432 -0.03284025774337351 1.0580699443817139
6.687715148 0.10531385987997055 -0.03220908925868571 1.1129341125488281
6.708056049 0.10728932172060013 -0.0317782370839268 1.1502652168273926
6.727732371 0.11012343317270279 -0.031195381889119744 1.206946611404419
6.747763461 0.11190187931060791 -0.03082559467293322 1.2453575134277344
6.767679412 0.11442160606384277 -0.030324274906888604 1.303602933883667
6.787688019 0.11599142104387283 -0.030010013142600656 1.3428771495819092
6.80837484 0.11820196360349655 -0.029558336595073342 1.4024033546447754
6.828948242 0.11958401650190353 -0.029293162981048226 1.4423837661743164
6.849091791 0.12152276933193207 -0.028898308286443353 1.502922534942627
6.868914936 0.12273185700178146 -0.02865329966880381 1.5435185432434082
6.889064749 0.12442229688167572 -0.02831804403103888 1.6047286987304688
6.90916021 0.12546174228191376 -0.028102886164560914 1.6457877159118652
6.928931883 0.12688837200403214 -0.027847182238474488 1.707575798034668
6.948982349 0.12775088101625443 -0.02771435515023768 1.7489285469055176
6.968860086 0.12889739871025085 -0.027594046900048852 1.8111481666564941
6.989077841 0.12957001477479935 -0.02756275632418692 1.8527116775512695
7.009431896 0.1304294764995575 -0.027599467197433114 1.9151854515075684
7.02897308 0.13091127574443817 -0.027675293618813157 1.956892967224121
7.048986158 0.1314713954925537 -0.027830090606585145 2.019566059112549
7.068909994 0.1317429468035698 -0.0279760065022856 2.0614027976989746
7.089071319 0.13200171291828156 -0.028258128324523568 2.1242318153381348
7.109736776 0.13208314031362534 -0.028507264563813806 2.166171073913574
7.128919094 0.13209383934736252 -0.02897015050984919 2.229121685028076
7.148977391 0.13202974945306778 -0.029356243321672082 2.2711219787597656
7.16888194 0.13182582706212997 -0.030004365602508187 2.3341760635375977
7.189004893 0.13161730021238327 -0.03047689632512629 2.376237392425537
7.209161812 0.1312086507678032 -0.031228022882714868 2.439366340637207
7.23018838 0.1308862492442131 -0.03177116275765002 2.481472969055176
7.250335845 0.13032995909452438 -0.032644527265802026 2.5446653366088867
7.270116602 0.1299125999212265 -0.033272246131673455 2.5868043899536133
7.290266571 0.1292165443301201 -0.03427807823754847 2.6500306129455566
7.311167424 0.12872517108917236 -0.03499025315977633 2.6922011375427246
7.330166332 0.1279144287109375 -0.03610768378712237 2.755490779876709
7.350225387 0.12734419107437134 -0.03689150349237025 2.7977066040039062
7.37010846 0.12646616995334625 -0.03811288462020457 2.8610520362854004
7.390856302 0.12584271281957626 -0.03895181627012789 2.903303623199463
7.410225892 0.12489034980535507 -0.040273534366860986 2.9666996002197266
7.430311549 0.12421037256717682 -0.041187318274751306 3.0089874267578125
7.450151909 0.12312349677085876 -0.04260342777706683 3.072457790374756
7.470123507 0.12238560616970062 -0.04356773407198489 3.114765167236328
7.490274686 0.12120508402585983 -0.045035710791125894 3.1782732009887695
7.510400644 0.12037717550992966 -0.0460299311671406 3.220639705657959
7.530154119 0.11907327175140381 -0.04754455224610865 3.284235954284668
7.550144079 0.1181730404496193 -0.04857370466925204 3.3266587257385254
7.570098975 0.11677945405244827 -0.05016105459071696 3.390324592590332
7.590348273 0.11581262201070786 -0.051234746584668756 3.432800769805908
7.610322763 0.11431825906038284 -0.052872309694066644 3.4965038299560547
7.630191766 0.1132807582616806 -0.0539630523417145 3.5389957427978516
7.650187932 0.11166561394929886 -0.05559491575695574 3.6027698516845703
7.670126806 0.11052756011486053 -0.056700637796893716 3.645289897918701
7.690279932 0.10876128077507019 -0.05836588726378977 3.709122657775879
7.710240016 0.1075427308678627 -0.059489125618711114 3.751697540283203
7.730164436 0.10566505789756775 -0.061219131806865335 3.8155899047851562
7.750185149 0.10438287258148193 -0.06238079653121531 3.8582229614257812
7.770118774 0.10239763557910919 -0.0642111434135586 3.92218017578125
7.790257165 0.10104679316282272 -0.06541601405479014 3.9648804664611816
7.811358146 0.09896611422300339 -0.06724775419570506 4.028963088989258
7.831370509 0.09753933548927307 -0.0684564693365246 4.071732997894287
7.851382167 0.09534364938735962 -0.07025163457728922 4.135959625244141
7.871294218 0.09380767866969109 -0.07146157906390727 4.178829193115234
7.891617119 0.09147338569164276 -0.07329017505981028 4.243212699890137
7.911335377 0.0898943766951561 -0.0745461790356785 4.286179542541504
7.931381124 0.08747472241520882 -0.0764780177269131 4.350717544555664
7.951334799 0.0858398862183094 -0.07776802615262568 4.393802165985107
7.971437438 0.08332734555006027 -0.07980419532395899 4.458518028259277
7.991626965 0.08163882419466972 -0.08117344067431986 4.501709938049316
8.011329357 0.07908931747078896 -0.08324325666762888 4.56657075881958
8.031319277 0.07737496122717857 -0.08466870174743235 4.609869956970215
8.051449384 0.07480063661932945 -0.08675354556180537 4.674905776977539
8.071294223 0.07308360934257507 -0.08819687948562205 4.7182936668396
8.091532214 0.07051597535610199 -0.09035438881255686 4.783445358276367
8.111337044 0.06881814822554588 -0.09181652055121958 4.826915740966797
8.131298264 0.06631394475698471 -0.0940544216427952 4.892187118530273
8.151339274 0.06465929374098778 -0.09553765342570841 4.935751914978027
8.171236909 0.062245141714811325 -0.09783986792899668 5.0011396408081055
8.191406185 0.060655100271105766 -0.09936338500119746 5.044771671295166
8.211434749 0.05829939618706703 -0.101630067685619 5.1102824211120605
8.23131623 0.056764792650938034 -0.10316937253810465 5.153984069824219
8.251323279 0.054488588124513626 -0.10541898594237864 5.219608306884766
8.271332162 0.05300302617251873 -0.10688654915429652 5.263394832611084
8.291524857 0.05082879215478897 -0.10904671088792384 5.329164505004883
8.311406044 0.04940005950629711 -0.1104467345867306 5.373067855834961
8.331317016 0.04726993851363659 -0.11250818357802927 5.439008712768555
8.351336906 0.045860097743570805 -0.11384002701379359 5.483025550842285
8.371276227 0.04377536103129387 -0.1157500057015568 5.549111366271973
8.39146205 0.04240432661026716 -0.11696582124568522 5.593222618103027
8.411351805 0.04037793818861246 -0.11870254413224757 5.6594696044921875
8.431384203 0.03902048524469137 -0.1197858436498791 5.703688621520996
8.451322914 0.0369925145059824 -0.12132596806623042 5.770098686218262
8.471393642 0.03563854983076453 -0.12229217425920069 5.814430236816406
8.491408141 0.0336056393571198 -0.12363558844663203 5.88099479675293
8.511338637 0.03225806000409648 -0.12446904019452631 5.925416946411133
8.531366097 0.03021631168667227 -0.12560786143876612 5.992064476013184
8.551323294 0.028872993076220155 -0.12630051211453974 6.03652286529541
8.571240395 0.026887219864875078 -0.12724245921708643 6.10324764251709
8.591429653 0.025599305983632803 -0.12780915037728846 6.147744178771973
8.611384079 0.023719170596450567 -0.12856794730760157 6.214509963989258
8.631291209 0.022489337250590324 -0.12902471260167658 6.258991241455078
8.651333759 0.020679766312241554 -0.12962645129300654 6.325739860534668
8.671360495 0.01950065791606903 -0.12996798590756953 6.37022590637207
8.691488715 0.017786160111427307 -0.1303453876171261 6.43692684173584
8.711390616 0.01667199842631817 -0.1305287613067776 6.481414794921875
8.731307276 0.015032481402158737 -0.13066743151284754 6.548064231872559
8.751345049 0.013958459720015526 -0.13068735436536372 6.592504501342773
8.771249169 0.012375427410006523 -0.13061246112920344 6.6591796875
8.79140497 0.011347701773047447 -0.13048867718316615 6.7035932540893555
8.811454497 0.009843781590461731 -0.1302349402103573 6.770258903503418
8.831330089 0.008868690580129623 -0.1300186945591122 6.814694404602051
8.851326073 0.007441334426403046 -0.129628716269508 6.881387710571289
8.871302368 0.006511852145195007 -0.12932318286038935 6.925839424133301
8.891563372 0.005096022039651871 -0.12880782620050013 6.992532730102539
8.911384696 0.004158236086368561 -0.12842608825303614 7.0370378494262695
8.931355467 0.0027190502732992172 -0.1278238280210644 7.103754997253418
8.951341512 0.001755986362695694 -0.12737980321981013 7.148271560668945
8.971378954 0.0003077685832977295 -0.12665049568749964 7.21510124206543
8.991425868 -0.0007054582238197327 -0.12609800533391535 7.259654998779297
9.011801853 -0.002218637615442276 -0.12520183459855616 7.326556205749512
9.031313348 -0.003248315304517746 -0.12454472319222987 7.371175765991211
9.051395523 -0.004810161888599396 -0.12343948916532099 7.438149452209473
9.071322634 -0.0058414265513420105 -0.12265313998796046 7.482851028442383
9.091407336 -0.007415056228637695 -0.12133996025659144 7.549882888793945
9.111823956 -0.008431635797023773 -0.12044472829438746 7.5946455001831055
9.131321505 -0.0099530890583992 -0.11904048756696284 7.661738395690918
9.15134259 -0.010950237512588501 -0.11807033256627619 7.7064924240112305
9.171233675 -0.012418955564498901 -0.11656703636981547 7.773663520812988
9.191386234 -0.01341327279806137 -0.11553267226554453 7.818448066711426
9.211626858 -0.014872122555971146 -0.11395198688842356 7.885702133178711
9.231298246 -0.015832237899303436 -0.11287345574237406 7.930563926696777
9.251435185 -0.017274469137191772 -0.11122862831689417 7.997891426086426
9.271299387 -0.018218714743852615 -0.1101192666683346 8.042826652526855
9.291463598 -0.019682075828313828 -0.10839947895146906 8.110217571258545
9.311667703 -0.02064952254295349 -0.10722249583341181 8.155171871185303
9.331337106 -0.022086244076490402 -0.10541537241078913 8.222644329071045
9.351344577 -0.023067928850650787 -0.10419171885587275 8.26761770248413
9.371243208 -0.02448192611336708 -0.10235115722753108 8.335193157196045
9.391430717 -0.025451425462961197 -0.10113738314248621 8.380208492279053
9.411392789 -0.026876244693994522 -0.09933037147857249 8.447797298431396
9.431310219 -0.027827724814414978 -0.09814799414016306 8.492866039276123
9.451388837 -0.029257282614707947 -0.09642740921117365 8.560500621795654
9.471338937 -0.030190471559762955 -0.09529567346908152 8.605638027191162
9.491415231 -0.03161925822496414 -0.09363037929870188 8.673329830169678
9.512108841 -0.032570675015449524 -0.09252438531257212 8.718493938446045
9.531299297 -0.03399341553449631 -0.09087443933822215 8.786290645599365
9.55134 -0.0349632203578949 -0.08976417616941035 8.831485271453857
9.571246977 -0.03638958930969238 -0.08809876278974116 8.899352550506592
9.591399681 -0.03734894096851349 -0.08698881254531443 8.94461965560913
9.611693509 -0.03876533359289169 -0.08528793440200388 9.012561321258545
9.631317195 -0.03967628628015518 -0.08414537296630442 9.05790662765503
9.651412913 -0.04102411866188049 -0.08242522762157023 9.125937938690186
9.671303239 -0.0418916717171669 -0.08128232345916331 9.171334743499756
9.691397324 -0.04316499084234238 -0.07951187924481928 9.239409923553467
9.711422604 -0.043984659016132355 -0.07832036004401743 9.284825801849365
9.731347929 -0.04516807198524475 -0.07651889161206782 9.35299825668335
9.751365233 -0.04596482217311859 -0.07530534849502146 9.398427486419678
9.771245345 -0.04711471498012543 -0.07349264458753169 9.466620922088623
9.791354669 -0.047874271869659424 -0.07227718667127192 9.51207685470581
9.811520749 -0.049016423523426056 -0.0704360066447407 9.580256938934326
9.831337426 -0.04975055158138275 -0.06921393261291087 9.625743389129639
9.851366623 -0.050861068069934845 -0.06735319481231272 9.693915843963623
9.871320363 -0.05157789587974548 -0.06610060320235789 9.739396572113037
9.891432932 -0.05261657387018204 -0.06420569703914225 9.807668209075928
9.912508061 -0.0532834529876709 -0.06292890594340861 9.853221416473389
9.932324281 -0.054242826998233795 -0.06099730567075312 9.921613216400146
9.952453402 -0.05489705502986908 -0.059658104786649346 9.967212200164795
9.972284656 -0.05582807958126068 -0.05766393453814089 10.035687923431396
9.992501292 -0.05643894523382187 -0.05632223398424685 10.081374645233154
10.012812251 -0.05732632428407669 -0.054296167800202966 10.149970531463623
10.032319411 -0.05788036435842514 -0.05295971245504916 10.195754528045654
10.05254772 -0.05866188555955887 -0.050907312193885446 10.264455318450928
10.072324571 -0.05914604663848877 -0.049549887189641595 10.310296535491943
10.092512632 -0.059816211462020874 -0.04752977774478495 10.379117488861084
10.112571262 -0.060280755162239075 -0.04616731614805758 10.425023555755615
10.132338346 -0.06091408431529999 -0.044152537593618035 10.493951320648193
10.152361915 -0.06130530685186386 -0.04280994669534266 10.539931774139404
10.172292914 -0.06183207780122757 -0.040840002009645104 10.608972072601318
10.192435317 -0.06215888261795044 -0.03954209596849978 10.655036449432373
10.21273349 -0.06260323524475098 -0.037583166966214776 10.724193096160889
10.232320694 -0.0628579631447792 -0.036296246806159616 10.77034330368042
10.252385724 -0.06322787702083588 -0.034286247799173 10.839589595794678
10.272339948 -0.0634446069598198 -0.03295543254353106 10.88578748703003
10.292503587 -0.06372375041246414 -0.030975705245509744 10.955134868621826
10.312479867 -0.06388495862483978 -0.02960215345956385 11.001412868499756
10.332322782 -0.06407614797353745 -0.027581464732065797 11.07089376449585
10.352380787 -0.06418628245592117 -0.026237825164571404 11.117255687713623
10.372282173 -0.06431900709867477 -0.024223832646384835 11.18683385848999
10.392514093 -0.06437148153781891 -0.022907540434971452 11.233251094818115
10.412382508 -0.06447512656450272 -0.02091721468605101 11.302876949310303
10.433470168 -0.06449296325445175 -0.019637624034658074 11.349334239959717
10.453452595 -0.06450047343969345 -0.017727175960317254 11.419002056121826
10.473414429 -0.06446795165538788 -0.016485106432810426 11.465470790863037
10.493527525 -0.06436041742563248 -0.014669146621599793 11.53520917892456
10.513629847 -0.06425584852695465 -0.013473522150889039 11.581695079803467
10.533467122 -0.06403562426567078 -0.011726313503459096 11.651456356048584
10.553441942 -0.06385120749473572 -0.010574165964499116 11.697970867156982
10.573378008 -0.06350287050008774 -0.008869275683537126 11.76773977279663
10.593610104 -0.06322583556175232 -0.007768669398501515 11.814273357391357
10.613459529 -0.06272023171186447 -0.006098397308960557 11.884059429168701
10.633554411 -0.06232978403568268 -0.005012044450268149 11.930598735809326
10.653454286 -0.06166759878396988 -0.003426809562370181 12.000424861907959
10.673403309 -0.06115032732486725 -0.00237827911041677 12.046950817108154
10.693571758 -0.060325250029563904 -0.0008927760645747185 12.11679983139038
10.713461393 -0.0597279891371727 9.94289293885231e-05 12.163304805755615
10.733485463 -0.05877108871936798 0.0015287890564650297 12.23307180404663
10.753446716 -0.05808534473180771 0.0024612870620330796 12.279555797576904
10.773351772 -0.056999050080776215 0.003825004561804235 12.349231243133545
10.793559977 -0.05624329298734665 0.004692138405516744 12.395688533782959
10.813439155 -0.05504419654607773 0.006002477835863829 12.465278148651123
10.833445992 -0.05420703440904617 0.006845016730949283 12.51166296005249
10.853439488 -0.05289997160434723 0.008060418767854571 12.581231594085693
10.87342043 -0.05198931694030762 0.00885322061367333 12.627576351165771
10.893503106 -0.05058858543634415 0.009969002334401011 12.697137355804443
10.913628106 -0.04962729662656784 0.010672199307009578 12.743516445159912
10.933476837 -0.04816431552171707 0.011677270522341132 12.813075542449951
10.953470754 -0.047175779938697815 0.012302510207518935 12.85947561264038
10.973409088 -0.04566900432109833 0.013194856932386756 12.929080486297607
10.993583322 -0.04465141147375107 0.01374565507285297 12.975518703460693
11.013610578 -0.04309187829494476 0.01456820941530168 13.045125484466553
11.033431062 -0.042032390832901 0.015096771297976375 13.091552257537842
11.053453011 -0.04041578620672226 0.015858603408560157 13.161227703094482
11.073415829 -0.03931620717048645 0.016380872344598174 13.207665920257568
11.093512198 -0.037643611431121826 0.017112503526732326 13.2773756980896
11.113398432 -0.036504946649074554 0.017589632188901305 13.323863506317139
11.133499956 -0.034758441150188446 0.018262542551383376 13.393615245819092
11.15344401 -0.033580370247364044 0.01866979687474668 13.440148830413818
11.173533467 -0.03176236152648926 0.019299724837765098 13.509984493255615
11.193535867 -0.030524976551532745 0.01969918399117887 13.55657148361206
11.21346202 -0.028635170310735703 0.020268400898203254 13.6264967918396
11.233429205 -0.027355961501598358 0.020632348721846938 13.67314100265503
11.253524287 -0.02541165053844452 0.021155629074200988 13.743144512176514
11.273452748 -0.024110540747642517 0.02149962051771581 13.789798259735107
11.293519073 -0.02217017114162445 0.021961608668789268 13.859818935394287
11.313499643 -0.020883604884147644 0.02225064649246633 13.906508922576904
11.333419139 -0.018972262740135193 0.02264819829724729 13.976539134979248
11.353457179 -0.01770908012986183 0.02287683612667024 14.023252010345459
11.373379359 -0.015820953994989395 0.02320230915211141 14.09324598312378
11.393508907 -0.014570817351341248 0.023394519230350852 14.139922618865967
11.413578915 -0.012710072100162506 0.023646069457754493 14.209950923919678
11.433434135 -0.011473584920167923 0.0238480509724468 14.256606578826904
11.453434431 -0.00964382290840149 0.02411023317836225 14.326615810394287
11.473412902 -0.008443687111139297 0.024279206758365035 14.37327527999878
11.493541371 -0.006675239652395248 0.02447450696490705 14.44329023361206
11.513473245 -0.005523666739463806 0.02457778318785131 14.489943981170654
11.533419999 -0.003855474293231964 0.02468617237173021 14.559888362884521
11.553443784 -0.002768121659755707 0.024720407789573073 14.606536388397217
11.573372748 -0.0011976398527622223 0.02476217574439943 14.676452159881592
11.593555636 -0.00016728416085243225 0.02477822988294065 14.723065853118896
11.613500125 0.0013561416417360306 0.024781107669696212 14.792996883392334
11.633502207 0.0023677032440900803 0.024810600792989135 14.839589595794678
11.653424279 0.0038683582097291946 0.024822972482070327 14.909532070159912
11.673542638 0.004861045628786087 0.024830030044540763 14.956176280975342
11.69348694 0.006353411823511124 0.024814937030896544 15.026164531707764
11.713478836 0.007339712232351303 0.024773813551291823 15.07286024093628
11.733410908 0.008841784670948982 0.02466974756680429 15.142873287200928
11.753420578 0.009822912514209747 0.024560549994930625 15.1896071434021
11.773375571 0.01133618876338005 0.024372549494728446 15.259667873382568
11.793528347 0.012359488755464554 0.024230845039710402 15.306382656097412
11.81383253 0.013910392299294472 0.0239939799066633 15.376466274261475
11.833491476 0.014978455379605293 0.02384625910781324 15.42314863204956
11.853468734 0.016582198441028595 0.02359768166206777 15.493205547332764
11.873412888 0.017675358802080154 0.023439809447154403 15.539893627166748
11.893551216 0.019335240125656128 0.023196384077891707 15.609948635101318
11.913628519 0.020434560254216194 0.02301307558082044 15.656690120697021
11.933430759 0.022156978957355022 0.022781803971156478 15.726781368255615
11.953443158 0.023306638933718204 0.02262434340082109 15.77353048324585
11.973452125 0.02503084298223257 0.022381623974069953 15.843682765960693
11.993710417 0.02621972793713212 0.02225844911299646 15.890422344207764
12.013550891 0.027952975826337934 0.02201648964546621 15.960620403289795
12.033405462 0.029114664299413562 0.021887544309720397 16.007367610931396
12.05346248 0.030815782432910055 0.0216856577899307 16.077523708343506
12.073418528 0.0319295528170187 0.021577825536951423 16.12428617477417
12.093505513 0.03358952119015157 0.021468121325597167 16.19440984725952
12.113631345 0.03467558976262808 0.02139002433978021 16.24118185043335
12.133415525 0.036307078786194324 0.021387152140960097 16.311286449432373
12.153428639 0.037371475249528885 0.021396459778770804 16.358062267303467
12.173475342 0.03893379447981715 0.021422475343570113 16.428256511688232
12.193582963 0.039933945052325726 0.021502541145309806 16.47504186630249
12.214506834 0.04138727206736803 0.021611844887956977 16.545274257659912
12.233391042 0.04232833627611399 0.02171092270873487 16.59211492538452
12.253434356 0.043688397854566574 0.021910896291956306 16.6623854637146
12.273420898 0.04456197377294302 0.02203791751526296 16.709266185760498
12.293515804 0.045826228335499763 0.02228736295364797 16.779597759246826
12.313478287 0.04663649946451187 0.02244905917905271 16.826514720916748
12.333385423 0.04779728129506111 0.022832184797152877 16.896823406219482
12.353441275 0.04854296334087849 0.02311972132883966 16.94370985031128
12.37337448 0.049619004130363464 0.0235953105147928 17.01405668258667
12.393540788 0.05033579096198082 0.024026088183745742 17.06091070175171
12.413974362 0.05138196609914303 0.02467768802307546 17.131227016448975
12.433380977 0.05207371897995472 0.025171145563945174 17.178102016448975
12.453455369 0.05310081131756306 0.025969765847548842 17.248414516448975
12.473398743 0.05376327410340309 0.02649057819508016 17.295316219329834
12.493509245 0.05472457408905029 0.02742834179662168 17.365607738494873
12.513826018 0.05533759854733944 0.028071578359231353 17.41246747970581
12.533413454 0.05621541291475296 0.029060471570119262 17.48275899887085
12.553451899 0.05676554515957832 0.02973856939934194 17.529618740081787
12.573358362 0.05753961578011513 0.030780609464272857 17.599910259246826
12.593529039 0.05801286920905113 0.03153278469108045 17.646714687347412
12.613580151 0.05868098884820938 0.03261943138204515 17.716952800750732
12.633458369 0.059106698259711266 0.033355351304635406 17.76376485824585
12.653450986 0.05968356877565384 0.034475201508030295 17.833978176116943
12.673473724 0.06003054231405258 0.035192148527130485 17.880813121795654
12.693507599 0.06048593297600746 0.03632908104918897 17.951026439666748
12.71402743 0.06076532602310181 0.037079563131555915 17.997840404510498
12.733397865 0.06114634871482849 0.03818842186592519 18.068076610565186
12.753455936 0.06137583777308464 0.0389469841029495 18.114882946014404
12.773351914 0.061663154512643814 0.04001366882584989 18.185140132904053
12.793475708 0.06181307137012482 0.04070253833197057 18.23197889328003
12.813539932 0.06198970973491669 0.04165270715020597 18.302287578582764
12.833418903 0.06207685172557831 0.042249629041180015 18.349162578582764
12.853491769 0.062184929847717285 0.043098842492327094 18.419494152069092
12.873444535 0.06223461404442787 0.04361275746487081 18.466418743133545
12.893482438 0.062279410660266876 0.04434587596915662 18.536838054656982
12.913587396 0.062283849343657494 0.04479023232124746 18.583823680877686
12.933434136 0.06225207448005676 0.045389259001240134 18.654353618621826
12.953444881 0.06222972087562084 0.04573823674581945 18.701377391815186
12.973367862 0.06219146586954594 0.046166775515303016 18.77196455001831
12.993481699 0.062185801565647125 0.04639429389499128 18.819037914276123
13.013712969 0.06220014952123165 0.04663434415124357 18.889703273773193
13.033428572 0.062202829867601395 0.04673039331100881 18.93685293197632
13.053515531 0.06225023604929447 0.04678195877932012 19.00763463973999
13.073407096 0.062252575531601906 0.046758381417021155 19.054866313934326
13.093427075 0.06233886629343033 0.04664925648830831 19.12577199935913
13.11356795 0.0624009445309639 0.04650482698343694 19.173078060150146
13.133394779 0.06250165961682796 0.0461900697555393 19.24408483505249
13.153496544 0.06262188404798508 0.045913478126749396 19.29142713546753
13.173388235 0.06278764829039574 0.04541190876625478 19.362487316131592
13.193409233 0.06291067227721214 0.045015414943918586 19.409879207611084
13.214892047 0.06311026215553284 0.044334778329357505 19.481000423431396
13.234502037 0.06323226168751717 0.04383159591816366 19.528441905975342
13.254823118 0.0634746141731739 0.04296903847716749 19.59962797164917
13.274500663 0.06362875550985336 0.04234378947876394 19.647090435028076
13.294715711 0.06385107338428497 0.041329985251650214 19.718297481536865
13.314657536 0.0640239343047142 0.040605215122923255 19.765746593475342
13.334467601 0.06423367187380791 0.03946759714744985 19.836961269378662
13.354570079 0.06441371887922287 0.03866293071769178 19.884385585784912
13.374472551 0.06466279551386833 0.03741160943172872 19.955527782440186
13.394603537 0.06483616679906845 0.03655214770697057 20.00294065475464
13.414779406 0.06510050967335701 0.035224066814407706 20.07403326034546
13.434492882 0.0652620792388916 0.03431208594702184 20.121432781219482
13.45456265 0.06562087684869766 0.03289316198788583 20.19239377975464
13.474501988 0.06587819755077362 0.031919087981805205 20.239686489105225
13.494698425 0.06628945097327232 0.03041835851036012 20.310607433319092
13.514631185 0.06662392616271973 0.029378551756963134 20.357821941375732
13.534517783 0.06711817532777786 0.027769867097958922 20.42866086959839
13.554538318 0.06747407093644142 0.02665406814776361 20.475884914398193
13.574474633 0.06803938746452332 0.024921769043430686 20.546695232391357
13.594660985 0.0684068389236927 0.023740842705592513 20.593915462493896
13.614613273 0.06899082660675049 0.02192551246844232 20.664702892303467
13.635851587 0.06937067210674286 0.02069679251872003 20.711904048919678
13.655692383 0.06998499482870102 0.01876176311634481 20.782630443572998
13.675642217 0.07038014009594917 0.017443057848140597 20.82978391647339
13.695814908 0.07095301523804665 0.015427033184096217 20.900521755218506
13.715812562 0.07134000957012177 0.014019965892657638 20.947635173797607
13.735666336 0.07187873125076294 0.011888519627973437 21.01833486557007
13.755707152 0.07222185283899307 0.010439772857353091 21.065457820892334
13.77563029 0.07271173596382141 0.008224535500630736 21.136157512664795
13.796061723 0.07301018759608269 0.006739163538441062 21.18332052230835
13.81573084 0.07346723228693008 0.004444516729563475 21.254062175750732
13.835941692 0.07375951111316681 0.002906357025494799 21.301246166229248
13.855709702 0.07417687028646469 0.0005889738677069545 21.372060298919678
13.875673651 0.07444430515170097 -0.0009550682734698057 21.419272899627686
13.896902413 0.07482890039682388 -0.003267736406996846 21.49010419845581
13.91670461 0.07510385662317276 -0.004835696192458272 21.537292003631592
13.936700479 0.07547825574874878 -0.007181512424722314 21.608109951019287
13.956674637 0.07571765780448914 -0.00875730556435883 21.655316829681396
13.977862789 0.07606613263487816 -0.011105638230219483 21.726136684417725
13.997873269 0.07627394422888756 -0.012652411358430982 21.773377895355225
14.017787708 0.07658830657601357 -0.014962723711505532 21.84420919418335
14.037813342 0.0767698884010315 -0.01649337843991816 21.89144277572632
14.057807404 0.07699976861476898 -0.01877210126258433 21.962308406829834
14.077861478 0.07712892815470695 -0.020309832179918885 22.00952672958374
14.09787671 0.07728854939341545 -0.022578699747100472 22.080390453338623
14.117814074 0.07738777622580528 -0.02407442615367472 22.12762975692749
14.137814513 0.07749750837683678 -0.02629138925112784 22.198520183563232
14.157782111 0.07756156474351883 -0.02776514575816691 22.245770931243896
14.177799815 0.07765723764896393 -0.029958864906802773 22.316638469696045
14.197861752 0.07769995182752609 -0.031397132435813546 22.36390447616577
14.217915381 0.07772507518529892 -0.03354878188110888 22.43477201461792
14.237878855 0.0777156613767147 -0.0349605327937752 22.482030391693115
14.257808327 0.07766551896929741 -0.037042690673843026 22.55296277999878
14.277836201 0.07762812823057175 -0.03839384228922427 22.600221157073975
14.298244004 0.07752978801727295 -0.04035822139121592 22.671151638031006
14.317829362 0.0774458572268486 -0.04162639216519892 22.718451976776123
14.337826049 0.07729636505246162 -0.0434894657228142 22.789443492889404
14.357784048 0.07717178761959076 -0.04469586373306811 22.836808681488037
14.377851437 0.07697554677724838 -0.04645711020566523 22.907874584197998
14.397866893 0.07681075111031532 -0.04758814559318125 22.95529317855835
14.417931865 0.07653949782252312 -0.04923079372383654 23.02643346786499
14.437773037 0.07634647190570831 -0.05030572251416743 23.073890209197998
14.457836628 0.07604271918535233 -0.051886828849092126 23.145118236541748
14.477789724 0.07586431875824928 -0.05295270890928805 23.192622661590576
14.497880133 0.07556683197617531 -0.054523090133443475 23.26392698287964
14.517840573 0.07536185532808304 -0.05557663575746119 23.311484813690186
14.53780597 0.07506470009684563 -0.05714272172190249 23.3828444480896
14.557784983 0.07485198974609375 -0.05815537483431399 23.430440425872803
14.577739708 0.0745338574051857 -0.059701441088691354 23.501830577850342
14.597987616 0.07430192455649376 -0.06071080849505961 23.549437999725342
14.617826651 0.07392321154475212 -0.06218838528729975 23.62086820602417
14.637789043 0.073651522397995 -0.06319976435042918 23.668473720550537
14.65780939 0.07320224866271019 -0.06463531986810267 23.739923000335693
14.677813055 0.07292482629418373 -0.06560192839242518 23.787522792816162
14.697948243 0.07249486818909645 -0.06698928610421717 23.858943462371826
14.717869566 0.0722171775996685 -0.0678851215634495 23.90655279159546
14.737788955 0.0717962346971035 -0.06919703469611704 23.977965831756592
14.757843821 0.07150190323591232 -0.0700329898390919 24.02558660507202
14.777784669 0.07108766213059425 -0.0712619258556515 24.096992015838623
14.797945774 0.0707891508936882 -0.07204747037030756 24.144601345062256
14.817825238 0.07031329348683357 -0.07317523495294154 24.216023921966553
14.837801269 0.06996075436472893 -0.0739004819188267 24.263617992401123
14.857817775 0.06937951222062111 -0.07492802129127085 24.335031032562256
14.877945044 0.06895009055733681 -0.07558853016234934 24.382638454437256
14.897871546 0.06824499741196632 -0.07652902440167964 24.45405149459839
14.917807595 0.06774439290165901 -0.07711352244950831 24.501677989959717
14.937800181 0.06694808229804039 -0.0779208226595074 24.57309865951538
14.957855626 0.06639564782381058 -0.07841308251954615 24.620721340179443
14.977727275 0.06553533300757408 -0.07912183389998972 24.692128658294678
14.998034157 0.06494716554880142 -0.07955310330726206 24.739739894866943
15.01779629 0.0640466995537281 -0.080141810933128 24.81116247177124
15.037805758 0.06343530490994453 -0.08047874853946269 24.858747005462646
15.057845227 0.0625095721334219 -0.08091457770206034 24.93013906478882
15.077842998 0.0618941318243742 -0.0811617358122021 24.97771978378296
15.097888275 0.06098424084484577 -0.08145132497884333 25.049071788787842
15.117816022 0.0603752825409174 -0.08159567252732813 25.096648693084717
15.1377941 0.05954395979642868 -0.0817408470902592 25.16795301437378
15.157816079 0.05900831148028374 -0.08180895284749568 25.215487957000732
15.177738957 0.05823357030749321 -0.08186887041665614 25.28678846359253
15.197898372 0.057734884321689606 -0.08186837867833674 25.33430814743042
15.217824323 0.057012712582945824 -0.08180782035924494 25.405566692352295
15.237786007 0.05655607394874096 -0.08174791769124568 25.453023433685303
15.257987829 0.05586555786430836 -0.08160021738149226 25.52422857284546
15.277813129 0.05541180819272995 -0.08146539912559092 25.571691036224365
15.298046385 0.054728880524635315 -0.08121441141702235 25.642884731292725
15.317830188 0.054267195984721184 -0.08101431862451136 25.69036626815796
15.337785462 0.05357850529253483 -0.08065977529622614 25.761584758758545
15.357825961 0.05311448499560356 -0.08038859651423991 25.809091091156006
15.377751649 0.05241413973271847 -0.07993458048440516 25.880380153656006
15.397911328 0.05193062499165535 -0.07959291920997202 25.92789602279663
15.420745091 0.05117390863597393 -0.07903957949019969 25.999188899993896
15.440711508 0.05063638091087341 -0.07864506379701197 26.04670476913452
15.460803097 0.0498147364705801 -0.0780247210059315 26.117984294891357
15.480816005 0.049248477444052696 -0.0776018260512501 26.16547918319702
15.500927287 0.048386454582214355 -0.07696551666595042 26.236676692962646
15.520733531 0.047808242961764336 -0.07652746723033488 26.284146785736084
15.540796147 0.04691866971552372 -0.07581910328008235 26.355262279510498
15.560720294 0.04631430469453335 -0.07531548128463328 26.40266752243042
15.580975498 0.04539137054234743 -0.07451587007381022 26.473771572113037
15.600745923 0.04474068060517311 -0.07397780404426157 26.521108150482178
15.620696472 0.04373418167233467 -0.07314125285483897 26.592137813568115
15.640721759 0.043019797652959824 -0.07256752834655344 26.639480113983154
15.660695237 0.04189751669764519 -0.07168604270555079 26.71048879623413
15.680765712 0.0411366019397974 -0.07108042226172984 26.757850170135498
15.700758061 0.039931075647473335 -0.07016326324082911 26.82882070541382
15.720702594 0.0391370146535337 -0.06953456834889948 26.876180171966553
15.740713144 0.03788217902183533 -0.06862827972508967 26.947150707244873
15.760704689 0.03702682536095381 -0.06801754818297923 26.994475841522217
15.780969134 0.035718724597245455 -0.06709306524135172 27.065480709075928
15.800886118 0.03479273454286158 -0.06647711084224284 27.11280393600464
15.820703946 0.033386648865416646 -0.06553698913194239 27.183784008026123
15.840726696 0.032414760964456946 -0.06490491167642176 27.231011867523193
15.860737923 0.030907294363714755 -0.0639723299536854 27.30156660079956
15.880901096 0.029896979220211506 -0.063353760400787 27.348342418670654
15.900805978 0.02825379674322903 -0.062467446783557534 27.417903423309326
15.922107346 0.027130049653351307 -0.06189602450467646 27.463822841644287
15.942066249 0.02540656365454197 -0.06107129738666117 27.531896114349365
15.962129629 0.024180595763027668 -0.06056427047587931 27.57661771774292
15.982138814 0.02238166518509388 -0.059806430945172906 27.642804622650146
16.002117271 0.021114652045071125 -0.05934657366015017 27.686105251312256
16.022130095 0.019224059768021107 -0.05868269340135157 27.74994421005249
16.042282507 0.017947982996702194 -0.058271156856790185 27.7916579246521
16.062158323 0.016040854156017303 -0.05770809040404856 27.852899074554443
16.083241739 0.01478758454322815 -0.05735298083163798 27.89291524887085
16.103109182 0.012873133644461632 -0.0568401797208935 27.951415538787842
16.123272534 0.011611264199018478 -0.05650834576226771 27.989537715911865
16.143063377 0.00974111258983612 -0.056029109517112374 28.045400142669678
16.163170723 0.008491011336445808 -0.05570205138064921 28.08161497116089
16.18313033 0.0066497791558504105 -0.05520962388254702 28.13468313217163
16.20312301 0.0054319631308317184 -0.0548710806760937 28.169131755828857
16.223155644 0.00360683910548687 -0.054350277641788125 28.21943426132202
16.243086794 0.0024101287126541138 -0.05400343821384013 28.25216817855835
16.263212483 0.0006512012332677841 -0.05349659384228289 28.2999587059021
16.283160499 -0.0004917383193969727 -0.053167870501056314 28.33103895187378
16.303130638 -0.002199854701757431 -0.052649745950475335 28.376262187957764
16.323135689 -0.003324374556541443 -0.05230529070831835 28.405627727508545
16.343081546 -0.004988323897123337 -0.05178955779410899 28.4485125541687
16.363193242 -0.006114602088928223 -0.05142416269518435 28.47624158859253
16.383135418 -0.007755789905786514 -0.05086291045881808 28.516814708709717
16.403120115 -0.008827544748783112 -0.05046357796527445 28.543124675750732
16.424378357 -0.01039007306098938 -0.04984040395356715 28.581519603729248
16.444284243 -0.011394239962100983 -0.049421934643760324 28.606486797332764
16.464524695 -0.012879006564617157 -0.0487314781639725 28.642920970916748
16.484352677 -0.013831045478582382 -0.04823575378395617 28.666953563690186
16.50434623 -0.015211217105388641 -0.04743750230409205 28.702884197235107
16.524375289 -0.016137633472681046 -0.046877397457137704 28.726781368255615
16.54431045 -0.017632707953453064 -0.04600947932340205 28.7624831199646
16.564532467 -0.018778592348098755 -0.0454261286649853 28.78614568710327
16.585005551 -0.020855717360973358 -0.044601219007745385 28.821397304534912
16.604318062 -0.022581763565540314 -0.044090947369113564 28.844661235809326
16.624385057 -0.025846436619758606 -0.04342942894436419 28.879109859466553
16.644313518 -0.028516285121440887 -0.04309999034740031 28.90172529220581
16.664704901 -0.03354369103908539 -0.042799184331670403 28.934998989105225
16.684391011 -0.037593208253383636 -0.04277694062329829 28.9566912651062
16.704299186 -0.04479038715362549 -0.043039204785600305 28.988425731658936
16.724427156 -0.05052445828914642 -0.04347608448006213 29.008948802947998
16.744275667 -0.060387298464775085 -0.04456245363689959 29.038840770721436
16.764458697 -0.0679340586066246 -0.045627920189872384 29.058112621307373
16.784345294 -0.08060385286808014 -0.04769500927068293 29.086076259613037
16.804345658 -0.09009423851966858 -0.04947053478099406 29.1040358543396
16.824376851 -0.10597404837608337 -0.052816355833783746 29.12992811203003
16.844326499 -0.11755096912384033 -0.055437693605199456 29.146560192108154
16.864531023 -0.13675551116466522 -0.06031128601171076 29.170405864715576
16.8843993 -0.15062256157398224 -0.06406553671695292 29.185645580291748
16.90434219 -0.1730239987373352 -0.07046352908946574 29.207528591156006
16.924372544 -0.18921996653079987 -0.0754803775344044 29.221375942230225
16.944285156 -0.2150396853685379 -0.08374726609326899 29.241332530975342
16.964530922 -0.2333839386701584 -0.08990564034320414 29.25403928756714
16.984329744 -0.2625769227743149 -0.10015293047763407 29.2722430229187
17.004374342 -0.2830239087343216 -0.10751235322095454 29.283921718597412
17.024344449 -0.3155001848936081 -0.11986081884242594 29.3005633354187
17.044312542 -0.3379838615655899 -0.12849068478681147 29.311309337615967
17.064452508 -0.3733740299940109 -0.14282789663411677 29.32668447494507
17.084428655 -0.3979082554578781 -0.1530889852438122 29.336543560028076
17.104347068 -0.4360640197992325 -0.16957400576211512 29.350839138031006
17.124409347 -0.4625060707330704 -0.18158629373647273 29.359975337982178
17.144337643 -0.5033070594072342 -0.20062018767930567 29.37325429916382
17.164547268 -0.531308725476265 -0.2141834779176861 29.381803035736084
17.18437234 -0.5744237452745438 -0.23584918514825404 29.394212245941162
17.204522372 -0.603804424405098 -0.25102172628976405 29.402257442474365
17.224455468 -0.6489617973566055 -0.2753491832409054 29.413896083831787
17.244283809 -0.6796437054872513 -0.29236189858056605 29.42146062850952
17.264556429 -0.7264749556779861 -0.3190794421825558 29.432530879974365
17.284406266 -0.7582826763391495 -0.3378469480667263 29.439713954925537
17.304347427 -0.8066034466028214 -0.366839392343536 29.45035696029663
17.324348515 -0.8393063098192215 -0.3870119883213192 29.457322597503662
17.344342965 -0.8889538198709488 -0.41820253268815577 29.46762228012085
17.364540666 -0.9224565178155899 -0.4396948947105557 29.47438955307007
17.384326341 -0.9732912927865982 -0.4728928341064602 29.484384059906006
17.404340822 -1.007529154419899 -0.49554063216783106 29.490983486175537
17.424389714 -1.0594848543405533 -0.530456735054031 29.50073766708374
17.444326031 -1.0944591909646988 -0.554165972629562 29.50715398788452
17.464441748 -1.1474203020334244 -0.5903046859893948 29.516656398773193
17.484407713 -1.1830963045358658 -0.6147864593658596 29.52288579940796
17.50438276 -1.2371037155389786 -0.6518618001136929 29.53218984603882
17.524384364 -1.2734687477350235 -0.6768052114639431 29.538323879241943
17.544308794 -1.32854463160038 -0.7144301070366055 29.547372341156006
17.564477591 -1.365589752793312 -0.7395874394569546 29.55334234237671
17.584378553 -1.421668902039528 -0.7773986591491848 29.562154293060303
17.604348736 -1.4593815952539444 -0.8025919927749783 29.567960262298584
17.62436966 -1.516467347741127 -0.8403160704765469 29.57650136947632
17.644352233 -1.554851308465004 -0.8653623594436795 29.582112789154053
17.664489347 -1.6129250675439835 -0.9027179016266018 29.590436458587646
17.684448059 -1.6519918590784073 -0.9274357093963772 29.59586477279663
17.704459308 -1.7110979706048965 -0.9641674293670803 29.60389471054077
17.724358792 -1.7508502155542374 -0.9883909358177334 29.609151363372803
17.744359316 -1.8109839111566544 -1.0242263211403042 29.616910457611084
17.764475505 -1.8514061123132706 -1.0477907790336758 29.622029781341553
17.784352163 -1.9125492721796036 -1.082495583454147 29.62955617904663
17.804362531 -1.9536341577768326 -1.1052507294807583 29.634477138519287
17.824357409 -2.0157382637262344 -1.1387914551887661 29.641709804534912
17.84437081 -2.0574257522821426 -1.160732282558456 29.64644765853882
17.864496715 -2.1203761249780655 -1.1930004491005093 29.65340566635132
17.884434762 -2.162597194314003 -1.2140456570778042 29.657952785491943
17.904360775 -2.2263405472040176 -1.2450195683632046 29.664693355560303
17.924422516 -2.26908041536808 -1.2652448548469692 29.669114589691162
17.944347996 -2.3335325866937637 -1.2949402465019375 29.67561101913452
17.964450035 -2.3767469078302383 -1.31434346572496 29.679887294769287
17.984356061 -2.441838040947914 -1.3427995576057583 29.686151027679443
18.004460597 -2.4854366928339005 -1.361368907848373 29.690267086029053
18.024385112 -2.5511264950037003 -1.3886348141822964 29.696340084075928
18.04431172 -2.594993844628334 -1.4064642323646694 29.700307369232178
18.064515318 -2.6610634475946426 -1.4327018393669277 29.706178188323975
18.084374538 -2.7052381187677383 -1.449836744228378 29.71002721786499
18.104369697 -2.7717058807611465 -1.4751225842628628 29.715760707855225
18.12441245 -2.816096320748329 -1.4916961325798184 29.719537258148193
18.144338796 -2.8828151375055313 -1.5161833895836025 29.7251296043396
18.164392064 -2.927424445748329 -1.5322643651161343 29.728829860687256
18.184359384 -2.994337573647499 -1.5560852421913296 29.734281063079834
18.204406859 -3.039021745324135 -1.5717394484672695 29.737870693206787
18.224382225 -3.106153264641762 -1.5948996676597744 29.743192195892334
18.244438459 -3.1508510261774063 -1.6101641787681729 29.746686458587646
18.264332692 -3.218012586236 -1.632801307598129 29.7518630027771
18.284493136 -3.2628042846918106 -1.6477131976280361 29.75527334213257
18.304366399 -3.3300223499536514 -1.6698354615364224 29.760335445404053
18.324434311 -3.374898687005043 -1.6844591035041958 29.76366949081421
18.34435779 -3.4421627670526505 -1.7061779631767422 29.768598079681396
18.364360183 -3.487135425209999 -1.720523370662704 29.771825313568115
18.384562322 -3.5544440895318985 -1.74182309047319 29.77662420272827
18.40434868 -3.599326863884926 -1.755888236919418 29.779801845550537
18.424398665 -3.6666717678308487 -1.7767870558891445 29.784532070159912
18.444375568 -3.7114951759576797 -1.7906451357994229 29.787660121917725
18.464362474 -3.77882219851017 -1.811325920978561 29.792340755462646
18.484463484 -3.8237190395593643 -1.8250444068107754 29.79541540145874
18.504387648 -3.8911047130823135 -1.8455462588462979 29.799977779388428
18.524362029 -3.9360966831445694 -1.8591545952949673 29.802972316741943
18.544371588 -4.003547206521034 -1.8795240058097988 29.80741262435913
18.564359931 -4.0485706478357315 -1.8930635584983975 29.810330867767334
18.584616416 -4.116189017891884 -1.9133160247001797 29.814637660980225
18.604356191 -4.161242976784706 -1.926784290233627 29.817464351654053
18.624386946 -4.2289829403162 -1.9468898905906826 29.82163381576538
18.644362238 -4.274098411202431 -1.9602494372520596 29.824349880218506
18.664354892 -4.341861262917519 -1.9802014960441738 29.828328609466553
18.684436001 -4.387050166726112 -1.9934443368110806 29.830918788909912
18.705695767 -4.454867854714394 -2.0132223500404507 29.834706783294678
18.725551468 -4.500142112374306 -2.026357306400314 29.837178707122803
18.745558102 -4.568027034401894 -2.0459936989936978 29.840745449066162
18.765689545 -4.613325133919716 -2.05902279750444 29.843106746673584
18.785956814 -4.681334987282753 -2.0784784688148648 29.846543788909912
18.805505639 -4.726660743355751 -2.091362131992355 29.848771572113037
18.826140715 -4.794726863503456 -2.110605133930221 29.8520827293396
18.845495242 -4.8401098400354385 -2.1233650578651577 29.85421133041382
18.865666672 -4.908172622323036 -2.1424101723823696 29.85729742050171
18.885654481 -4.953594222664833 -2.155057324329391 29.859300136566162
18.905489443 -5.0217104107141495 -2.173970831790939 29.8622145652771
18.92552074 -5.067164912819862 -2.186549319187179 29.86411428451538
18.945494789 -5.135248675942421 -2.205357207218185 29.86684560775757
18.965685946 -5.180654540657997 -2.2178756131324917 29.86865758895874
18.985875164 -5.2487893253564835 -2.2366269959602505 29.87128973007202
19.005509834 -5.294133201241493 -2.2491275204811245 29.87301015853882
19.025518248 -5.362218871712685 -2.267840279499069 29.87556219100952
19.04551097 -5.4076028019189835 -2.2802912129554898 29.877225399017334
19.065584866 -5.475651279091835 -2.2989632023964077 29.87970495223999
19.085621023 -5.521057620644569 -2.311400784412399 29.881330013275146
19.105517337 -5.589077487587929 -2.3301111592445523 29.88373327255249
19.126547818 -5.634444251656532 -2.3425985707435757 29.885308742523193
19.146502253 -5.702523246407509 -2.36135114566423 29.887620449066162
19.166639141 -5.747914329171181 -2.3738650216255337 29.889180660247803
19.186574864 -5.816006675362587 -2.3926631344947964 29.89148473739624
19.206535997 -5.861345782876015 -2.405278099933639 29.8929762840271
19.226541922 -5.929444804787636 -2.424217595020309 29.8951735496521
19.246504451 -5.974866881966591 -2.4368831051979214 29.896623134613037
19.26675833 -6.043037906289101 -2.455916060367599 29.89877462387085
19.287605923 -6.0885439068078995 -2.4686094655189663 29.900189876556396
19.307558376 -6.156829372048378 -2.4877675904426724 29.90228796005249
19.327636587 -6.2024097591638565 -2.5005785359535366 29.90366506576538
19.347534189 -6.270864024758339 -2.519848240772262 29.90567922592163
19.36794675 -6.316502586007118 -2.532744778553024 29.90692663192749
19.387560992 -6.385036006569862 -2.552095307270065 29.90875768661499
19.407651841 -6.430738463997841 -2.565025938907638 29.909928798675537
19.427576957 -6.4993505626916885 -2.584424866596237 29.9116530418396
19.447526478 -6.54509212076664 -2.597371710697189 29.912774562835693
19.467842775 -6.613677993416786 -2.616814030567184 29.914449214935303
19.487615947 -6.659434333443642 -2.629774702945724 29.91555166244507
19.507580306 -6.72800113260746 -2.649242772022262 29.917134761810303
19.527593112 -6.7737364917993546 -2.662228478351608 29.918172359466553
19.547550694 -6.842374816536903 -2.6817170514259487 29.919698238372803
19.567688447 -6.888110175728798 -2.694741619983688 29.92067861557007
19.587550769 -6.956786170601845 -2.7142740620765835 29.922135829925537
19.607549343 -7.00257970392704 -2.7273193730507046 29.92310094833374
19.629064945 -7.071289554238319 -2.7468971146736294 29.92456579208374
19.648981618 -7.1171436458826065 -2.7599383725319058 29.92554998397827
19.669103925 -7.185948863625526 -2.779570712009445 29.926991939544678
19.688986022 -7.231892600655556 -2.7926379574928433 29.927953243255615
19.709036789 -7.300799384713173 -2.8122640980873257 29.929444789886475
19.728986033 -7.346777454018593 -2.825344695011154 29.9304518699646
19.749024893 -7.415803447365761 -2.844965113559738 29.931954860687256
19.769059747 -7.461831584572792 -2.8580564393196255 29.932969570159912
19.788941555 -7.530941501259804 -2.87766612903215 29.934484004974365
19.809037307 -7.577035918831825 -2.89072765246965 29.935494899749756
19.829016326 -7.646224990487099 -2.9103218449745327 29.937005519866943
19.848997463 -7.692400470376015 -2.9233752621803433 29.938004970550537
19.870247888 -7.761701598763466 -2.9429656399879605 29.939469814300537
19.890027798 -7.80794383585453 -2.9560278786811978 29.94043493270874
19.910352416 -7.8773646503686905 -2.97562493220903 29.941937923431396
19.929985926 -7.923652663826942 -2.9887205495033413 29.942914485931396
19.950339654 -7.993175521492958 -3.0083316697273403 29.9443678855896
19.970081999 -8.039490714669228 -3.0214449299965054 29.94531011581421
19.989963175 -8.10900117456913 -3.041104210773483 29.946698665618896
20.01002758 -8.15534020960331 -3.0542134179268032 29.947618007659912
20.03002445 -8.224831596016884 -3.0738786591682583 29.94897985458374
20.051121713 -8.27118207514286 -3.0869802369270474 29.949864864349365
20.071087517 -8.34065629541874 -3.1066311730537564 29.951138973236084
20.091062774 -8.387000098824501 -3.1197379960212857 29.95196294784546
20.111046107 -8.456552520394325 -3.1394091977272183 29.953176021575928
20.131019803 -8.50291921198368 -3.1525534524116665 29.95394277572632
20.151133201 -8.57252313196659 -3.172243250766769 29.95508337020874
20.171073847 -8.618941321969032 -3.1853617562446743 29.95588445663452
20.191034037 -8.688571944832802 -3.2050391568336636 29.95705556869507
20.211072064 -8.735017791390419 -3.21814669505693 29.957841396331787
20.231006728 -8.804686561226845 -3.237780941883102 29.95902395248413
20.251107833 -8.851156249642372 -3.2508553399238735 29.959798336029053
20.271072054 -8.920821204781532 -3.270450962940231 29.96097707748413
20.291054979 -8.967281356453896 -3.283505095401779 29.96174383163452
20.311065413 -9.03699304163456 -3.303076161304489 29.962846279144287
20.331029907 -9.08348561823368 -3.3161043061409146 29.96355962753296
20.351134576 -9.15327550470829 -3.3356119527015835 29.96462392807007
20.371096487 -9.19982148706913 -3.3485888375435024 29.9653639793396
20.391015103 -9.269674316048622 -3.3680075539741665 29.966458797454834
20.411060228 -9.316275611519814 -3.3809331788215786 29.96718740463257
20.431027758 -9.38618852198124 -3.4002782239113003 29.96826696395874
20.451395816 -9.432814612984657 -3.413158787647262 29.968968868255615
20.471064117 -9.502782836556435 -3.4324587716255337 29.970017910003662
20.491170454 -9.549435630440712 -3.44529570476152 29.97071599960327
20.511053703 -9.619428649544716 -3.464507950702682 29.97177267074585
20.531058006 -9.666062369942665 -3.477278365055099 29.972493648529053
20.551132498 -9.736038222908974 -3.49642194644548 29.973565578460693
20.571076688 -9.782685294747353 -3.5091701878700405 29.974339962005615
20.590995782 -9.852671638131142 -3.528303278842941 29.975507259368896
20.611018488 -9.899354949593544 -3.5410615338478237 29.976274013519287
20.631036203 -9.969367995858192 -3.56024874583818 29.97745656967163
20.651136438 -10.01605798304081 -3.5730430020485073 29.978246212005615
20.671110207 -10.086114898324013 -3.5922409428749233 29.979482173919678
20.691048955 -10.132826820015907 -3.6050580872688442 29.980329036712646
20.711035216 -10.20293714106083 -3.6242867840919644 29.98162603378296
20.731022896 -10.249692931771278 -3.637117041507736 29.982503414154053
20.75108641 -10.319856658577919 -3.656362189212814 29.983800411224365
20.771119852 -10.366636291146278 -3.669194115558639 29.984696865081787
20.791020403 -10.43681813776493 -3.688422335544601 29.986024379730225
20.811044346 -10.483627334237099 -3.701236857334152 29.986897945404053
20.831066674 -10.553845420479774 -3.7204476727638394 29.98824453353882
20.851145833 -10.60068990290165 -3.7332581414375454 29.989137172698975
20.87112744 -10.671001449227333 -3.7524830235634 29.990529537200928
20.89103183 -10.717918410897255 -3.7653020753059536 29.991471767425537
20.911047345 -10.78834344446659 -3.7845205201301724 29.992909908294678
20.93104239 -10.835327163338661 -3.7973197831306607 29.993878841400146
20.951163102 -10.905851379036903 -3.8164955510292202 29.995301723480225
20.971094528 -10.952895179390907 -3.829276694217697 29.996236324310303
20.991030431 -11.023520484566689 -3.8484157456550747 29.997655391693115
21.011036283 -11.070624366402626 -3.861182583728805 29.998555660247803
21.031206471 -11.141300216317177 -3.880284203449264 29.999921321868896
21.051221409 -11.188457503914833 -3.89300979510881 30.00080633163452
21.071274786 -11.259251609444618 -3.912084950366989 30.002137660980225
21.091038035 -11.30650807917118 -3.9247867001686245 30.002999782562256
21.111068875 -11.377432838082314 -3.943859232822433 30.00427770614624
21.131024162 -11.424754157662392 -3.9565929307136685 30.005120754241943
21.151139257 -11.495784774422646 -3.9757281674537808 30.006349086761475
21.171213538 -11.543161407113075 -3.988499297061935 30.007150173187256
21.190989011 -11.614255920052528 -4.007676733890548 30.008347988128662
21.211061342 -11.66167165338993 -4.020477904239669 30.009137630462646
21.23102142 -11.732823386788368 -4.039704932132736 30.010301113128662
21.251153704 -11.780312553048134 -4.052557124057785 30.011083126068115
21.271886331 -11.851551070809364 -4.071839941898361 30.012174129486084
21.291050862 -11.899065986275673 -4.084690703311935 30.01289129257202
21.311024919 -11.970359817147255 -4.103963507572189 30.013936519622803
21.331018588 -12.017914786934853 -4.116803778568283 30.014623165130615
21.351182059 -12.08928968012333 -4.136030806461349 30.015618801116943
21.371120111 -12.136885657906532 -4.148842467227951 30.0162672996521
21.391009349 -12.208311095833778 -4.168001784244552 30.01725149154663
21.411055391 -12.25594712793827 -4.180760039249435 30.017884731292725
21.431069386 -12.327421203255653 -4.199879301944748 30.018807888031006
21.451155221 -12.37507440149784 -4.212568415561691 30.01942205429077
21.471303062 -12.446553245186806 -4.231590880313888 30.020352840423584
21.491047996 -12.49420739710331 -4.2442494763527066 30.020963191986084
21.511033387 -12.56566621363163 -4.263208521762863 30.021901607513428
21.53111339 -12.613293662667274 -4.275844706455246 30.02251958847046
21.551186319 -12.684722915291786 -4.294757975498214 30.023438930511475
21.571213782 -12.732332244515419 -4.307360781589523 30.024022579193115
21.590973628 -12.803729072213173 -4.326205862918869 30.024930477142334
21.611028172 -12.851315513253212 -4.338743819156662 30.02552556991577
21.631038281 -12.922678008675575 -4.357514990726486 30.026395320892334
21.651137019 -12.970255866646767 -4.3699771298561245 30.026978969573975
21.671149817 -13.041620269417763 -4.388665331760421 30.02787160873413
21.691071473 -13.089204803109169 -4.4011002911720425 30.028443813323975
21.711056921 -13.160608306527138 -4.419738425174728 30.029252529144287
21.731013704 -13.208215728402138 -4.432167662540451 30.02975606918335
21.751155464 -13.279686942696571 -4.4507852925453335 30.030519008636475
21.77113439 -13.327340140938759 -4.463192595401779 30.03104543685913
21.791019133 -13.398825660347939 -4.481799258152023 30.031800746917725
21.81105151 -13.446474090218544 -4.494203223148361 30.032289028167725
21.831037019 -13.517934814095497 -4.512808932224289 30.0329909324646
21.851109183 -13.565553680062294 -4.5251847638282925 30.033448696136475
21.871177095 -13.636949554085732 -4.5437675847206265 30.034165859222412
21.891084109 -13.684520736336708 -4.556165350833908 30.034623622894287
21.911048179 -13.755829825997353 -4.574769629398361 30.03528356552124
21.931051502 -13.803348556160927 -4.587184084812179 30.035695552825928
21.951083763 -13.874560371041298 -4.605829371372238 30.036263942718506
21.971163691 -13.92199994623661 -4.61827196017839 30.036637783050537
21.991009224 -13.993106856942177 -4.636954440036789 30.03713369369507
22.011065772 -14.040442481637001 -4.649438036838546 30.037442684173584
22.031078648 -14.11139203608036 -4.668192995944992 30.037877559661865
22.051061074 -14.158628478646278 -4.68071617023088 30.03815984725952
22.071478675 -14.229416862130165 -4.699532641330734 30.038602352142334
22.091062412 -14.27652932703495 -4.712103499332443 30.03888463973999
22.111076342 -14.347101226449013 -4.73097480670549 30.03930425643921
22.131046085 -14.394118323922157 -4.743567599216476 30.03956365585327
22.151068938 -14.464552894234657 -4.762492312351242 30.03994131088257
22.171229087 -14.511503234505653 -4.775116099277511 30.040257930755615
22.190996124 -14.581918731331825 -4.794062746921554 30.040700435638428
22.211097181 -14.628851905465126 -4.806675566593185 30.041017055511475
22.231025918 -14.69927503168583 -4.825601710239425 30.04147481918335
22.251089857 -14.746251121163368 -4.838216437259689 30.04178762435913
22.271269399 -14.816755309700966 -4.857151640811935 30.042253017425537
22.291047902 -14.863770499825478 -4.869785918155685 30.042542934417725
22.311134022 -14.934328094124794 -4.8887359036598355 30.042962551116943
22.331033511 -14.981364265084267 -4.901383055606857 30.043199062347412
22.351043468 -15.051931396126747 -4.920344485202804 30.043565273284912
22.371139433 -15.09899140894413 -4.932997836032882 30.043839931488037
22.39099419 -15.169605270028114 -4.951998366275802 30.044232845306396
22.411041512 -15.21670438349247 -4.964660777011886 30.044515132904053
22.431085229 -15.287353530526161 -4.98366559878923 30.04491949081421
22.451029522 -15.334458366036415 -4.996339930454269 30.04516363143921
22.471159598 -15.405144706368446 -5.015360964694992 30.045522212982178
22.491061454 -15.452274337410927 -5.028050555149093 30.045735836029053
22.511087559 -15.52302934229374 -5.047104014316574 30.046029567718506
22.531075177 -15.57021714746952 -5.059808863559738 30.046189785003662
22.551031792 -15.641021743416786 -5.078868044773117 30.046376705169678
22.571401016 -15.688276305794716 -5.091563834110275 30.046483516693115
22.590989757 -15.759145751595497 -5.110624445835128 30.04660177230835
22.611183262 -15.806430831551552 -5.123337401309982 30.0466628074646
22.631044243 -15.877366080880165 -5.142429007450119 30.046739101409912
22.651037104 -15.924676910042763 -5.155174864688888 30.04675054550171
22.67113196 -15.995705619454384 -5.174292220035568 30.04675054550171
22.691047264 -16.043068900704384 -5.187041415134445 30.04673147201538
22.711079376 -16.114203467965126 -5.206175459781662 30.046735286712646
22.731041483 -16.16164304316044 -5.218931807437912 30.046742916107178
22.752348964 -16.232825294137 -5.238067759433761 30.046735286712646
22.772138154 -16.280301108956337 -5.250819815555587 30.046773433685303
22.792035373 -16.351508155465126 -5.269951476017013 30.046815395355225
22.812102128 -16.39898969233036 -5.282701147953048 30.046857357025146
22.832080828 -16.470206275582314 -5.301815165439621 30.04693365097046
22.852223008 -16.517670646309853 -5.314560545841232 30.04697561264038
22.872171783 -16.58883573114872 -5.333697451511398 30.047017574310303
22.892064933 -16.636261954903603 -5.346466196933761 30.04703664779663
22.912092127 -16.707327857613564 -5.365682257572189 30.047059535980225
22.93210069 -16.754693046212196 -5.378521098056808 30.047059535980225
22.95247682 -16.825724616646767 -5.397819651523605 30.047044277191162
22.972160531 -16.873078361153603 -5.410716189304367 30.047078609466553
22.992044038 -16.944092765450478 -5.4300872220192105 30.047105312347412
23.012077173 -16.991433158516884 -5.4430290593300015 30.047112941741943
23.032072944 -17.06242848932743 -5.46250499621965 30.04709768295288
23.052855008 -17.109745994210243 -5.47551072970964 30.047074794769287
23.072871052 -17.180691733956337 -5.49509776965715 30.047044277191162
23.092122236 -17.227984443306923 -5.508189333835617 30.04702138900757
23.112168988 -17.29891110956669 -5.527877940097824 30.0470290184021
23.132169631 -17.346184745430946 -5.541022433200851 30.047040462493896
23.152376352 -17.417078986763954 -5.5607658757362515 30.047040462493896
23.172189557 -17.46434499323368 -5.573974741855636 30.04705572128296
23.192024141 -17.535235419869423 -5.593811644474044 30.047078609466553
23.212160989 -17.582507148385048 -5.6070658101234585 30.047101497650146
23.232089189 -17.653435721993446 -5.626959456363693 30.0471510887146
23.252174435 -17.700716987252235 -5.640226496616378 30.04718542098999
23.272379498 -17.77164174616337 -5.660161150852218 30.047284603118896
23.292129618 -17.818909659981728 -5.673459185520187 30.04736089706421
23.312114868 -17.88978673517704 -5.693421496311203 30.04754400253296
23.332078447 -17.937052741646767 -5.706793917575851 30.047711849212646
23.352138672 -18.00792981684208 -5.7268754376564175 30.047963619232178
23.372256475 -18.055176749825478 -5.74029458896257 30.048139095306396
23.392063146 -18.126002326607704 -5.760455264011398 30.048387050628662
23.412149044 -18.173182502388954 -5.773937834659591 30.04856252670288
23.432113368 -18.24390698969364 -5.794220580020919 30.048837184906006
23.452133337 -18.291033759713173 -5.807758940616623 30.049005031585693
23.472172368 -18.361660972237587 -5.828118456760421 30.04932928085327
23.492133892 -18.408719077706337 -5.841700686374679 30.049520015716553
23.512126857 -18.479268088936806 -5.862090243259445 30.04982900619507
23.532096161 -18.526249900460243 -5.875673903385177 30.050031185150146
23.552094102 -18.59670163691044 -5.896030081668869 30.05029058456421
23.57227669 -18.643660560250282 -5.909583701053634 30.0504469871521
23.592074543 -18.71408750116825 -5.929874552646652 30.050618648529053
23.612149692 -18.761027351021767 -5.94338764087297 30.0506911277771
23.632106121 -18.83143140375614 -5.963599814334884 30.05069875717163
23.652223387 -18.87835218012333 -5.977073325077072 30.050687313079834
23.672221699 -18.94866468012333 -5.997208727756515 30.05059576034546
23.692202538 -18.995516791939735 -6.010608805576339 30.050511837005615
23.712107258 -19.065766349434853 -6.030677451053634 30.05036687850952
23.732099877 -19.11255933344364 -6.044019354740158 30.050225734710693
23.752181745 -19.18272878229618 -6.064032210269943 30.04999303817749
23.772210096 -19.22950078547001 -6.077371252933517 30.0498366355896
23.792057016 -19.29964543879032 -6.097367895999923 30.049554347991943
23.812121026 -19.34639836847782 -6.1106950177345425 30.049363613128662
23.832092005 -19.416569724678993 -6.130702628055587 30.049054622650146
23.852118473 -19.46336080133915 -6.144054545322433 30.04883337020874
23.872170203 -19.533562675118446 -6.164103640476242 30.04852056503296
23.892129104 -19.580382362008095 -6.177499426761642 30.04827642440796
23.912099083 -19.650591865181923 -6.197589053073898 30.047929286956787
23.932116793 -19.69741155207157 -6.21102155582048 30.047704219818115
23.952094696 -19.767632499337196 -6.231182707706466 30.047364711761475
23.972227304 -19.814446464180946 -6.244645251194015 30.04713201522827
23.992074518 -19.8846864849329 -6.264866484561935 30.046788692474365
24.012076448 -19.931511893868446 -6.278354300418869 30.046590328216553
24.032101634 -20.001809135079384 -6.298621310153976 30.046327114105225
24.052096429 -20.04868794977665 -6.312159670749679 30.046170711517334
24.072694977 -20.119030967354774 -6.3325063122902066 30.045941829681396
24.092125096 -20.16597081720829 -6.346126688877121 30.045827388763428
24.112121024 -20.23638440668583 -6.366567267337814 30.045716762542725
24.132108703 -20.28334905207157 -6.380218161502853 30.04567861557007
24.152168282 -20.353821769356728 -6.40073217288591 30.04563283920288
24.172184696 -20.400803580880165 -6.414412630954757 30.04559850692749
24.192247665 -20.471291556954384 -6.434987677494064 30.045548915863037
24.212101605 -20.518280997872353 -6.44871629611589 30.045522212982178
24.232098427 -20.588826194405556 -6.469379557529464 30.04549551010132
24.252070438 -20.635870948433876 -6.4831878079567105 30.045472621917725
24.272163959 -20.706458106637 -6.503945483127609 30.045445919036865
24.292161575 -20.753567710518837 -6.517836703220382 30.04544973373413
24.31208731 -20.82423497736454 -6.538669718662277 30.045464992523193
24.332090973 -20.8713750988245 -6.552574767032638 30.045491695404053
24.352090277 -20.94214726984501 -6.573421133914962 30.045533657073975
24.372690985 -20.98933507502079 -6.587304247776046 30.045602321624756
24.392064467 -21.060217872262 -6.608136786380783 30.04571294784546
24.412076504 -21.107480064034462 -6.622008932987228 30.045804500579834
24.432092103 -21.178385749459267 -6.642792357364669 30.045976161956787
24.452087005 -21.225647941231728 -6.656632079044357 30.04608678817749
24.472277414 -21.296528831124306 -6.677369250217453 30.04635000228882
24.492131495 -21.34378530085087 -6.691153658786789 30.04651403427124
24.512072895 -21.41463567316532 -6.711787833133712 30.046735286712646
24.532131951 -21.461852088570595 -6.725503100315109 30.046876430511475
24.55207538 -21.532660499215126 -6.745996607700363 30.047086238861084
24.572168897 -21.579846397042274 -6.759626521030441 30.04721975326538
24.592072417 -21.65063001215458 -6.779964579502121 30.047460079193115
24.612097656 -21.69780446588993 -6.793484820285812 30.0476393699646
24.632095401 -21.76854421198368 -6.813712252536789 30.04792547225952
24.652125364 -21.815714851021767 -6.827116621891037 30.048150539398193
24.672328987 -21.886452689766884 -6.847198618808761 30.04845952987671
24.692683991 -21.933611884713173 -6.860560549655929 30.048665523529053
24.712064963 -22.004317298531532 -6.88057721988298 30.04896306991577
24.73219864 -22.051440253853798 -6.893889559665695 30.049169063568115
24.752064478 -22.1221075206995 -6.913832796970382 30.049493312835693
24.772220843 -22.169201865792274 -6.927118910709396 30.0497145652771
24.792078888 -22.239859595894814 -6.946995867649093 30.05005407333374
24.812049034 -22.286959663033485 -6.960220469394699 30.05029058456421
24.832143711 -22.357602134346962 -6.980023039737716 30.050652980804443
24.852084553 -22.40469838678837 -6.993161333957687 30.050897121429443
24.872260283 -22.475308433175087 -7.012849463382736 30.051251888275146
24.892130902 -22.52236844599247 -7.0259429349098355 30.051473140716553
24.912074914 -22.592932716012 -7.045531882205978 30.05182409286499
24.932100696 -22.639952674508095 -7.058578623691574 30.052056789398193
24.952083562 -22.7104921489954 -7.078032626071945 30.052377223968506
24.972150953 -22.757491126656532 -7.091012610355392 30.052606105804443
24.992823278 -22.827956214547157 -7.110355509677902 30.05298376083374
25.012076929 -22.87489987909794 -7.123225344577804 30.0532546043396
25.032104073 -22.945265784859657 -7.1424943341407925 30.05368947982788
25.052068859 -22.99214841425419 -7.155300272861496 30.05402135848999
25.072175533 -23.062445655465126 -7.174514902988449 30.05452871322632
25.092119622 -23.109292045235634 -7.187315596500412 30.054879665374756
25.112072681 -23.179545417428017 -7.206503046909347 30.05543279647827
25.132088017 -23.226363196969032 -7.219301356235519 30.055787563323975
25.15208787 -23.296574607491493 -7.238429678836837 30.056329250335693
25.172385744 -23.343367591500282 -7.2511745824012905 30.05669927597046
25.192520107 -23.41353704035282 -7.270285738864914 30.057218074798584
25.212089071 -23.460286155343056 -7.28300584689714 30.057572841644287
25.232172058 -23.530381217598915 -7.302122248569503 30.058064937591553
25.252071447 -23.5770692974329 -7.314807547489181 30.058377742767334
25.272439495 -23.64707089960575 -7.333853854099289 30.05875539779663
25.292149739 -23.69371511042118 -7.346548212924972 30.058980464935303
25.312078539 -23.763630881905556 -7.365608824649826 30.059285640716553
25.332110396 -23.810221686959267 -7.378336085239425 30.05946111679077
25.352078278 -23.88003446161747 -7.397448672214523 30.059674739837646
25.372183606 -23.926533713936806 -7.410210265079513 30.059857845306396
25.392064478 -23.996222510933876 -7.429381026187912 30.060075283050537
25.412090671 -24.042641654610634 -7.442159308353439 30.06018590927124
25.432083467 -24.112250342965126 -7.4613372220192105 30.06030035018921
25.452103654 -24.15864087641239 -7.474111212650314 30.060346126556396
25.472240804 -24.228215232491493 -7.493260039249435 30.060357570648193
25.492226581 -24.274588599801064 -7.506034029880539 30.0603346824646
25.512059635 -24.344134345650673 -7.525216711917892 30.060250759124756
25.53209418 -24.390486732125282 -7.538025988498703 30.060170650482178
25.552068314 -24.46006490290165 -7.557228697696701 30.05999517440796
25.572232814 -24.506461158394814 -7.570046557346359 30.05990743637085
25.592149851 -24.57607938349247 -7.5892974270973355 30.059739589691162
25.612126881 -24.62252141535282 -7.602131022373214 30.059525966644287
25.632120675 -24.692187324166298 -7.62140859500505 30.05914068222046
25.652084175 -24.738654151558876 -7.63426841632463 30.058839321136475
25.67217445 -24.80838491022587 -7.653582705417648 30.05831289291382
25.692249168 -24.854876533150673 -7.6664787663612515 30.057942867279053
25.712066898 -24.92459012567997 -7.685839308658615 30.05734395980835
25.732144076 -24.971041694283485 -7.698775423923507 30.05695104598999
25.752051661 -25.0406923443079 -7.718221796909347 30.05635976791382
25.772320804 -25.08709241449833 -7.7312065495643765 30.05593252182007
25.792120685 -25.15664006769657 -7.750713480869308 30.055280208587646
25.812078275 -25.20297147333622 -7.763716830173507 30.054826259613037
25.832120651 -25.272448554635048 -7.783236159244552 30.05413579940796
25.852093509 -25.318743720650673 -7.79624523059465 30.05365514755249
25.87216968 -25.38817311823368 -7.815744055667892 30.052911281585693
25.892144127 -25.434453025460243 -7.828749789157882 30.052419185638428
25.91204708 -25.50388242304325 -7.848197115818039 30.051576137542725
25.932143852 -25.550177589058876 -7.861146582523361 30.051007747650146
25.952072568 -25.619629874825478 -7.880550040164962 30.050160884857178
25.972255557 -25.665947929024696 -7.893427504459396 30.04955816268921
25.992101552 -25.735426917672157 -7.9127346409950405 30.048661708831787
26.012094849 -25.781752601265907 -7.925571574131027 30.04804754257202
26.032125682 -25.85122586786747 -7.944824828067794 30.0471510887146
26.052095358 -25.89753057062626 -7.957630766788498 30.046517848968506
26.072196906 -25.96696950495243 -7.9767862691078335 30.045579433441162
26.092114345 -26.01325322687626 -7.989553584018722 30.044972896575928
26.112107477 -26.082661643624306 -8.008614672580734 30.04400396347046
26.132079896 -26.128933921456337 -8.021314753452316 30.043370723724365
26.152122648 -26.198344245553017 -8.040354861179367 30.04244375228882
26.172245927 -26.244626060128212 -8.053019656101242 30.041860103607178
26.192129686 -26.31404973566532 -8.072030199924484 30.04102087020874
26.212110538 -26.36034108698368 -8.084688319126144 30.040467739105225
26.232154817 -26.42978574335575 -8.103662623325363 30.039655208587646
26.252089071 -26.476080909371376 -8.116326464572921 30.039140224456787
26.272304783 -26.545517936348915 -8.135302676120773 30.038331508636475
26.292165745 -26.59179975092411 -8.14798559085466 30.037835597991943
26.312072498 -26.66122342646122 -8.166974200168625 30.037118434906006
26.332091887 -26.707512870430946 -8.179637087741867 30.036668300628662
26.352104641 -26.776955619454384 -8.198640955844894 30.036012172698975
26.373349361 -26.82327176630497 -8.21126283542253 30.035558223724365
26.39323689 -26.892754569649696 -8.230205668369308 30.034921169281006
26.413292783 -26.939093604683876 -8.242812289157882 30.03452444076538
26.433231879 -27.00864125788212 -8.261666430393234 30.033986568450928
26.453280472 -27.055012717843056 -8.274239672580734 30.03366231918335
26.473545285 -27.124627128243446 -8.2929784192238 30.03321599960327
26.493243977 -27.171059623360634 -8.305455340305343 30.032933712005615
26.513203697 -27.24073888361454 -8.324149264255539 30.032567501068115
26.533231107 -27.28723432123661 -8.336567057529464 30.032338619232178
26.553190592 -27.35694982111454 -8.35526098147966 30.032044887542725
26.573370453 -27.403449073433876 -8.367681635776535 30.031911373138428
26.593215266 -27.4731817394495 -8.38632787601091 30.03176259994507
26.613222534 -27.519665732979774 -8.398734225193039 30.03170919418335
26.633224327 -27.58937932550907 -8.417299403110519 30.03169012069702
26.653244823 -27.635844245553017 -8.429687632480636 30.03170156478882
26.673454357 -27.705565467476845 -8.448225153842941 30.031636714935303
26.693252657 -27.75203801691532 -8.460601939121261 30.031606197357178
26.713204693 -27.82174016535282 -8.479191912570968 30.031583309173584
26.733225737 -27.868184104561806 -8.491561068454757 30.03156805038452
26.753222079 -27.937825217843056 -8.510147227207199 30.031583309173584
26.773333599 -27.984231010079384 -8.522532595554367 30.03162145614624
26.793193451 -28.053820624947548 -8.541114939609542 30.031720638275146
26.813252466 -28.100199714303017 -8.553526057163253 30.03181219100952
26.833243558 -28.169732108712196 -8.572148455539718 30.03198766708374
26.853358945 -28.21606732904911 -8.584589136997238 30.032121181488037
26.873310053 -28.285574927926064 -8.603293551364914 30.03234624862671
26.893237853 -28.331902518868446 -8.615787638584152 30.032517910003662
26.913200686 -28.401373878121376 -8.634561671176925 30.03280019760132
26.933230007 -28.447720542550087 -8.647078646579757 30.03303289413452
26.953218567 -28.51723386347294 -8.665908945957199 30.03339910507202
26.973321053 -28.563582435250282 -8.67849267856218 30.033673763275146
26.993257464 -28.633116737008095 -8.697405947605148 30.03413152694702
27.013175074 -28.679471030831337 -8.71004785434343 30.034467220306396
27.033232265 -28.74899198114872 -8.729033602634445 30.035054683685303
27.053213944 -28.7953310161829 -8.741730822483078 30.035462856292725
27.073328465 -28.86482907831669 -8.760831011692062 30.036107540130615
27.093258149 -28.911137595772743 -8.773597849765792 30.036546230316162
27.113208211 -28.980568900704384 -8.792794360080734 30.03723669052124
27.133225666 -29.026873603463173 -8.805616511264816 30.037709712982178
27.153207629 -29.09632398188114 -8.824903620639816 30.038384914398193
27.173401872 -29.142626777291298 -8.837799204746261 30.038751125335693
27.193246351 -29.212111487984657 -8.857207430759445 30.039288997650146
27.213205523 -29.25843907892704 -8.870179308811203 30.039632320404053
27.233223003 -29.32798482477665 -8.889692438999191 30.04012441635132
27.253239634 -29.37436391413212 -8.90273298160173 30.04044485092163
27.273419261 -29.443957343697548 -8.922340525547042 30.040887355804443
27.293299526 -29.490408912301064 -8.935462130466476 30.04119634628296
27.313254649 -29.56008817255497 -8.955185069004074 30.041673183441162
27.333218469 -29.606568351387978 -8.968365801731125 30.041993618011475
27.353294969 -29.676283851265907 -8.98815549747087 30.04245901107788
27.373341524 -29.72277356684208 -9.001356257358566 30.042714595794678
27.393257252 -29.792548194527626 -9.02117551700212 30.04309606552124
27.413198672 -29.839068427681923 -9.034404887119308 30.04334020614624
27.433278025 -29.908953681588173 -9.054272784153 30.043668270111084
27.453207002 -29.955573096871376 -9.067532671848312 30.043870449066162
27.473382668 -30.025540366768837 -9.087450159946457 30.044156551361084
27.493313034 -30.072237983345985 -9.10075773135759 30.044339656829834
27.513208846 -30.14228154718876 -9.120739115634933 30.04459524154663
27.533252684 -30.18900014460087 -9.134068621555343 30.044759273529053
27.553216642 -30.259125724434853 -9.154079569736496 30.044991970062256
27.573367468 -30.30588246881962 -9.167432917514816 30.045148372650146
27.593273301 -30.376116767525673 -9.187505854526535 30.04537343978882
27.61320647 -30.422909751534462 -9.200899256626144 30.045522212982178
27.633214376 -30.493142142891884 -9.22100461856462 30.04573965072632
27.653215684 -30.539956107735634 -9.23442472354509 30.04586172103882
27.673365009 -30.610165610909462 -9.254573000827804 30.046021938323975
27.693289082 -30.656979575753212 -9.268034113803878 30.04608678817749
27.713211493 -30.72716809809208 -9.288240565219894 30.04614019393921
27.733249761 -30.77394963800907 -9.301724566379562 30.04614782333374
27.753237186 -30.844100013375282 -9.321943415561691 30.046163082122803
27.773309734 -30.89084340631962 -9.335422648349777 30.04620122909546
27.793246556 -30.960936561226845 -9.355621470371261 30.046231746673584
27.813238964 -31.00763989984989 -9.369084490695968 30.04626989364624
27.833253627 -31.077656760811806 -9.389272822299972 30.046353816986084
27.85327729 -31.124316230416298 -9.402742518344894 30.046441555023193
27.87335964 -31.194260612130165 -9.422952784458175 30.04659414291382
27.894451478 -31.240872398018837 -9.436435831943527 30.04671621322632
27.913215981 -31.310774818062782 -9.456671847263351 30.046903133392334
27.933227348 -31.357375159859657 -9.470173014560714 30.0470290184021
27.95322769 -31.42725469172001 -9.490420473972335 30.047208309173584
27.973332398 -31.473820701241493 -9.503919733921066 30.047330379486084
27.993392112 -31.543671622872353 -9.524176730075851 30.047513484954834
28.013203625 -31.590241447091103 -9.53767885104753 30.047643184661865
28.033234243 -31.660096183419228 -9.557930125156417 30.04784917831421
28.053227868 -31.70669461786747 -9.571430338779464 30.04798650741577
28.073348598 -31.77658750116825 -9.59167112247087 30.04813528060913
28.093317186 -31.82320500910282 -9.605148447910324 30.048238277435303
28.113214604 -31.893155112862587 -9.62535203830339 30.04839849472046
28.133271973 -31.939784064888954 -9.63881982699968 30.04850149154663
28.153222117 -32.00973607599735 -9.659032000461593 30.04865789413452
28.173288365 -32.05636312067509 -9.67251123324968 30.048757076263428
28.193306974 -32.12632466852665 -9.692750109592453 30.048932552337646
28.213235325 -32.17294408380985 -9.70626081363298 30.049081325531006
28.233304145 -32.2428407818079 -9.72655118838884 30.049352169036865
28.253223935 -32.289448752999306 -9.740133418003097 30.04953145980835
28.273248531 -32.35934163630009 -9.760516299167648 30.049787044525146
28.29329148 -32.405938163399696 -9.774114741245285 30.049947261810303
28.313221545 -32.47582723200321 -9.794527186313644 30.05018377304077
28.33325383 -32.52240850031376 -9.808138026157394 30.050336360931396
28.353238889 -32.59230901300907 -9.8285647763405 30.050511837005615
28.373301892 -32.638901725411415 -9.842188013950363 30.050614833831787
28.393664627 -32.70877553522587 -9.862630976596847 30.050748348236084
28.413210553 -32.75534535944462 -9.876266611972824 30.050797939300537
28.433293555 -32.82517720758915 -9.896731509128585 30.050828456878662
28.453232537 -32.8717355877161 -9.910418642917648 30.05082082748413
28.473320636 -32.941548362374306 -9.930973185459152 30.050771236419678
28.493367998 -32.988076224923134 -9.944709910312667 30.05072546005249
28.513216558 -33.05784322321415 -9.965335024753585 30.05063009262085
28.533322495 -33.104329124093056 -9.97908796207048 30.05056142807007
28.553248832 -33.17405416071415 -9.99978937045671 30.050405025482178
28.573224983 -33.220505729317665 -10.01359952823259 30.050279140472412
28.59340193 -33.290146842598915 -10.034325732151046 30.05007314682007
28.613222546 -33.336567893624306 -10.048164500156417 30.049909114837646
28.633257093 -33.40618611872196 -10.068920267978683 30.049657344818115
28.653228956 -33.452595725655556 -10.082760943332687 30.049466609954834
28.673209952 -33.522175803780556 -10.103503359714523 30.049134731292725
28.693349168 -33.56853963434696 -10.117316378513351 30.048898220062256
28.713278942 -33.638039603829384 -10.138034953037277 30.04852819442749
28.73324683 -33.68435002863407 -10.151842249790207 30.048287868499756
28.753225456 -33.75381948053837 -10.172509325901046 30.047898769378662
28.773228198 -33.800129905343056 -10.186281336704269 30.047624111175537
28.793259754 -33.86958409845829 -10.20692933932878 30.04720449447632
28.813222169 -33.91588307917118 -10.220709933200851 30.046910762786865
28.833306965 -33.98530675470829 -10.241371287265792 30.046498775482178
28.853233475 -34.03157140314579 -10.255143298069015 30.04623556137085
28.873230681 -34.100972190499306 -10.275792254367843 30.045838832855225
28.894083728 -34.14723302423954 -10.28954996005632 30.045587062835693
28.913233112 -34.216572776436806 -10.310211314121261 30.04523229598999
28.933422195 -34.26278020441532 -10.323974741855636 30.04501485824585
28.95321332 -34.33197118341923 -10.344652308383957 30.04468297958374
28.973179216 -34.378064170479774 -10.358439577976242 30.04445791244507
28.993222111 -34.44714452326298 -10.379121912876144 30.044137477874756
29.013240406 -34.493142142891884 -10.392937792697921 30.04395055770874
29.033228106 -34.56211568415165 -10.413660181919113 30.043710231781006
29.053215213 -34.60806752741337 -10.427482737461105 30.04358434677124
29.073271216 -34.676953330636024 -10.44821466342546 30.04340124130249
29.093413729 -34.722859397530556 -10.462028635898605 30.043290615081787
29.11321927 -34.79167653620243 -10.482727183261886 30.043099880218506
29.133234485 -34.83755208551884 -10.496514452854171 30.04297399520874
29.153247059 -34.90637685358524 -10.517177714267746 30.042794704437256
29.173240702 -34.952256217598915 -10.530977381626144 30.042699337005615
29.193274174 -35.021077170968056 -10.55165590182878 30.04257345199585
29.213228654 -35.066948905587196 -10.565472735324875 30.04248571395874
29.233246075 -35.135727897286415 -10.586197985569015 30.042367458343506
29.253214238 -35.18153478205204 -10.600031031528488 30.042279720306396
29.273419475 -35.25018788874149 -10.620788706699386 30.0421462059021
29.29332317 -35.295937553048134 -10.634620798984542 30.04206609725952
29.313219695 -35.36446858942509 -10.655407084384933 30.04193639755249
29.333276272 -35.41013814508915 -10.669266833225265 30.04186773300171
29.353239715 -35.47861196100712 -10.690058840671554 30.041764736175537
29.373216295 -35.52423192560673 -10.703967226902023 30.041680812835693
29.393657627 -35.59266759455204 -10.724831713596359 30.04156255722046
29.413246258 -35.638283744454384 -10.738760126987472 30.041478633880615
29.433376374 -35.70668889582157 -10.759640826145187 30.04133367538452
29.453278861 -35.75228597223759 -10.77354825870134 30.041242122650146
29.473508539 -35.820672050118446 -10.794377459445968 30.041059017181396
29.493428194 -35.86626149713993 -10.808244837680832 30.040940761566162
29.513229598 -35.93459416925907 -10.828992976108566 30.04077672958374
29.533257506 -35.980149284005165 -10.842810763278976 30.040685176849365
29.553227506 -36.04847814142704 -10.863518847385421 30.040570735931396
29.573172924 -36.094014182686806 -10.87731565372087 30.04047155380249
29.593247463 -36.16231633722782 -10.897986544528976 30.040334224700928
29.613252973 -36.207837119698524 -10.911753786960617 30.04022741317749
29.633233616 -36.27610494196415 -10.932370318332687 30.040055751800537
29.653237481 -36.32161809504032 -10.946097506443039 30.039952754974365
29.673201356 -36.3899240642786 -10.966622485080734 30.039777278900146
29.693479082 -36.435471549630165 -10.980275286594406 30.039674282073975
29.713229584 -36.503804221749306 -11.000711573520675 30.039533138275146
29.733237894 -36.549355521798134 -11.014300478855148 30.039445400238037
29.753232111 -36.61767674982548 -11.034634722629562 30.039342403411865
29.773210397 -36.663228049874306 -11.048133982578292 30.039281368255615
29.79340211 -36.73156835138798 -11.068354739109054 30.0392165184021
29.813268379 -36.77713491022587 -11.081805361667648 30.039193630218506
29.833240108 -36.8454904705286 -11.10194124118425 30.039193630218506
29.853220481 -36.89106847345829 -11.11535276309587 30.03920888900757
29.873180465 -36.95944310724735 -11.135504855075851 30.039205074310303
29.893299311 -37.00503255426884 -11.148944987216964 30.039212703704834
29.91322857 -37.07343389093876 -11.169112337986007 30.03924322128296
29.933248473 -37.119038596749306 -11.182562960544601 30.039262294769287
29.953286887 -37.18745519220829 -11.202725542942062 30.039296627044678
29.973289608 -37.233071342110634 -11.21615136996843 30.039353847503662
29.993438944 -37.30150319635868 -11.236265314975753 30.039449214935303
30.013266418 -37.34713079035282 -11.249647272983566 30.039533138275146
30.033228868 -37.41557790338993 -11.269682063022628 30.039674282073975
30.053247666 -37.4612131267786 -11.283027781406417 30.039769649505615
30.073195981 -37.52966786921024 -11.302993906894699 30.03985357284546
30.093321974 -37.575329795479774 -11.316282404819503 30.039903163909912
30.113277938 -37.64385701715946 -11.336184634128585 30.04000997543335
30.133208408 -37.689595237374306 -11.349404467502609 30.04006338119507
30.153246612 -37.75824071466923 -11.36922754184343 30.04013967514038
30.173196553 -37.80404759943485 -11.382425440708175 30.040212154388428
30.193303508 -37.872788444161415 -11.402184618869796 30.04029607772827
30.213255219 -37.91862966120243 -11.415350092807785 30.040345668792725
30.23453796 -37.98744298517704 -11.435069216648117 30.04040288925171
30.25453959 -38.03332234919071 -11.448223246494308 30.040448665618896
30.274533084 -38.10213948786259 -11.467925204196945 30.040528774261475
30.294576208 -38.148022666573524 -11.481053484836593 30.040597438812256
30.314505476 -38.21685887873173 -11.500735415378585 30.04070806503296
30.334528089 -38.26276113092899 -11.513817919651046 30.040799617767334
30.35457128 -38.33162786066532 -11.533436907688156 30.040956020355225
30.374507604 -38.37756063044071 -11.546503199497238 30.04108953475952
30.394556477 -38.44647695124149 -11.566050661960617 30.041310787200928
30.414603405 -38.49242879450321 -11.579072131076828 30.04146718978882
30.434531089 -38.561352744698524 -11.598521365085617 30.041688442230225
30.454571679 -38.60730840265751 -11.611475123325363 30.04182195663452
30.474521741 -38.676247611641884 -11.630887164035812 30.042008876800537
30.494676147 -38.72222615778446 -11.6438084973488 30.04211950302124
30.514659139 -38.79119969904423 -11.663211001316085 30.042279720306396
30.534526036 -38.83717443048954 -11.676160944858566 30.042359828948975
30.554640652 -38.90613652765751 -11.695602549472824 30.042470455169678
30.574533255 -38.952107444405556 -11.708573473850265 30.042527675628662
30.594701491 -39.02105809748173 -11.72805322543718 30.04262685775757
30.614552219 -39.06702138483524 -11.741055621067062 30.04272222518921
30.634557974 -39.135945335030556 -11.760578287998214 30.042909145355225
30.654535953 -39.181904807686806 -11.773614062229171 30.04303503036499
30.674516684 -39.250847831368446 -11.793199671665207 30.04323720932007
30.694728361 -39.29678823053837 -11.806304110446945 30.043405055999756
30.714518819 -39.36570455133915 -11.825990809360519 30.04367208480835
30.734561795 -39.41164876520634 -11.83914483920671 30.043870449066162
30.754548806 -39.48055745661259 -11.85891260043718 30.044179439544678
30.774478498 -39.52649404108524 -11.872110499301925 30.044423580169678
30.794637175 -39.595376029610634 -11.891912592807785 30.044793605804443
30.814533761 -39.641289725899696 -11.905122889438644 30.045053005218506
30.83457383 -39.710103049874306 -11.924945963779464 30.04547643661499
30.854558425 -39.755967155098915 -11.938182009616867 30.045743465423584
30.874506263 -39.824753776192665 -11.958064211765304 30.046159267425537
30.89464819 -39.87059499323368 -11.971361292758957 30.04642629623413
30.914542161 -39.9393625408411 -11.991347445407882 30.04681921005249
30.934518065 -39.98520375788212 -12.004714144626632 30.04707098007202
30.954547954 -40.05395604670048 -12.024805201450363 30.047433376312256
30.974520843 -40.09979344904423 -12.038215769687667 30.047685146331787
30.994611935 -40.16856099665165 -12.058411730686203 30.048028469085693
31.014579733 -40.214402213692665 -12.071887148777023 30.04825735092163
31.034525799 -40.28315831720829 -12.092117442050949 30.048593044281006
31.054693596 -40.328991904854774 -12.105617655673996 30.04879140853882
31.074516136 -40.39772893488407 -12.125886095920578 30.04900884628296
31.094576422 -40.443528190255165 -12.139402522007003 30.049119472503662
31.114558007 -40.51221562922001 -12.159679545322433 30.049241542816162
31.134553023 -40.55799199640751 -12.173196925083175 30.049291133880615
31.154555177 -40.62664891779423 -12.1934911145363 30.049298763275146
31.174496946 -40.67242147028446 -12.207026614109054 30.04927968978882
31.195094606 -40.741066947579384 -12.227362765232101 30.049180507659912
31.214559086 -40.786824241280556 -12.240943087497726 30.049100399017334
31.234512495 -40.85545827448368 -12.26134122745134 30.04895544052124
31.254560368 -40.901177421212196 -12.274990214267746 30.048837184906006
31.274666713 -40.96975041925907 -12.295476092258468 30.048673152923584
31.29460167 -41.01545812189579 -12.309151781955734 30.04854726791382
31.314479417 -41.084004417061806 -12.329679621616378 30.04835271835327
31.334526826 -41.1296816021204 -12.343392504611984 30.04821538925171
31.355750766 -41.19817830622196 -12.363998545566574 30.048020839691162
31.375923813 -41.24384023249149 -12.377740992465988 30.047906398773193
31.396003644 -41.312310233712196 -12.398397578159347 30.0477614402771
31.415808546 -41.35797215998173 -12.412168635288253 30.04770803451538
31.435799335 -41.42647649347782 -12.43282331363298 30.047696590423584
31.455737238 -41.472180381417274 -12.446604861179367 30.04770040512085
31.475797379 -41.540757194161415 -12.467266215244308 30.047711849212646
31.495941653 -41.58649541437626 -12.48104108707048 30.047719478607178
31.515764487 -41.65512563288212 -12.501704348484054 30.047704219818115
31.535796217 -41.70089055597782 -12.515473498264328 30.047685146331787
31.555824415 -41.76959706842899 -12.536151064792648 30.047650814056396
31.575797607 -41.815407767891884 -12.54992307559587 30.047616481781006
31.596427969 -41.88413716852665 -12.570568217197433 30.04755163192749
31.61576007 -41.9299631267786 -12.584327830234542 30.04749059677124
31.635888899 -41.99872685968876 -12.604959620395675 30.047383785247803
31.655781595 -42.044610038399696 -12.618698252597824 30.04730749130249
31.675829004 -42.113457694649696 -12.639289988437667 30.047215938568115
31.695861434 -42.159375205636024 -12.653008593479171 30.04715871810913
31.71575526 -42.228264823555946 -12.673568858066574 30.04708242416382
31.735821295 -42.274189963936806 -12.6872655285988 30.04703664779663
31.755735669 -42.343117728829384 -12.707818163791671 30.046937465667725
31.775761208 -42.389084830880165 -12.72151674167253 30.046803951263428
31.796235139 -42.45805837213993 -12.742059840122238 30.046605587005615
31.815760059 -42.50405217707157 -12.755738390842453 30.04646062850952
31.835782379 -42.573037162423134 -12.776246203342453 30.046258449554443
31.855743767 -42.61903478205204 -12.789899958530441 30.046117305755615
31.875790572 -42.6880312114954 -12.810365809360519 30.045888423919678
31.89585898 -42.73403264582157 -12.82399476901628 30.045732021331787
31.915767744 -42.80305577814579 -12.84438051120378 30.045506954193115
31.935792278 -42.84907628595829 -12.857950343051925 30.04536199569702
31.955780146 -42.918171897530556 -12.878256930271164 30.04514455795288
31.9757735 -42.964245811104774 -12.891790522495285 30.04499578475952
31.995979615 -43.033364310860634 -12.912082804599777 30.04476308822632
32.015736504 -43.07943059504032 -12.925606860080734 30.044591426849365
32.035783948 -43.14853383600712 -12.945900095859542 30.044373989105225
32.055797581 -43.19460774958134 -12.959439410129562 30.044225215911865
32.075869591 -43.2637033611536 -12.979767931858078 30.044049739837646
32.098507118 -43.30975820124149 -12.993325365940109 30.043927669525146
32.118451833 -43.37880803644657 -13.013682497898117 30.043748378753662
32.138484926 -43.42482854425907 -13.027260912815109 30.043630123138428
32.158471811 -43.49384404718876 -13.047683848300949 30.043424129486084
32.178919429 -43.53985311090946 -13.061303271213546 30.04325246810913
32.198414494 -43.60886861383915 -13.0817386044655 30.0430006980896
32.218576193 -43.65488149225712 -13.095369471469894 30.042802333831787
32.238464948 -43.723896995186806 -13.11579336063005 30.042497158050537
32.258439206 -43.769909873604774 -13.129387988010421 30.042306423187256
32.280211277 -43.83891774713993 -13.149753703037277 30.042020320892334
32.299545526 -43.8849191814661 -13.163322581211105 30.04184103012085
32.319579251 -43.95394612848759 -13.183668269077316 30.041600704193115
32.339549567 -43.999978080391884 -13.197226656833664 30.041444301605225
32.35955482 -44.06903935968876 -13.217554224887863 30.041207790374756
32.379562889 -44.11507894098759 -13.231084956089035 30.04103994369507
32.39949911 -44.18414022028446 -13.2513524426613 30.040791988372803
32.419562063 -44.23019506037235 -13.264840258518234 30.040635585784912
32.439591079 -44.299294486641884 -13.285071505466476 30.040414333343506
32.459558857 -44.34538747370243 -13.298560274997726 30.040273189544678
32.479613293 -44.41453267633915 -13.31880678073503 30.040048122406006
32.499556559 -44.46062947809696 -13.332306040683761 30.039906978607178
32.519586886 -44.52978231012821 -13.352598322788253 30.039659023284912
32.539545216 -44.57589818537235 -13.366137637058273 30.03950262069702
32.559584954 -44.645092979073524 -13.386462344089523 30.039288997650146
32.57970657 -44.691235557198524 -13.400035990634933 30.039205074310303
32.599485988 -44.76043416559696 -13.420386446872726 30.039105892181396
32.619543042 -44.8065614849329 -13.433949603000656 30.03906011581421
32.639584616 -44.87572957575321 -13.454301012912765 30.03903341293335
32.659553643 -44.92181874811649 -13.467887057224289 30.03902578353882
32.679852391 -44.990899100899696 -13.488305224338546 30.039083003997803
32.699551938 -45.03693486750126 -13.50192560092546 30.039124965667725
32.719626996 -45.105908408761024 -13.522390498081222 30.039170742034912
32.73955106 -45.151867881417274 -13.536053790012375 30.039193630218506
32.759752835 -45.22078801691532 -13.55657590762712 30.039235591888428
32.779605098 -45.26671315729618 -13.570258273044601 30.03925848007202
32.799521516 -45.33559896051884 -13.5907718075905 30.039292812347412
32.819605094 -45.381516471505165 -13.604446543613449 30.039288997650146
32.839555772 -45.45037557184696 -13.6249514950905 30.03925848007202
32.859566194 -45.49628163874149 -13.638613833347335 30.03924322128296
32.879581093 -45.56514836847782 -13.659174097934738 30.039212703704834
32.89958158 -45.61105825006962 -13.672868861118332 30.03920888900757
32.919588084 -45.67991353571415 -13.69348062411882 30.039151668548584
32.939585785 -45.725815787911415 -13.707241190830246 30.0390944480896
32.959528302 -45.794663444161415 -13.727906359592453 30.03896474838257
32.979605269 -45.84057332575321 -13.741753710666671 30.038774013519287
32.999561221 -45.90944768488407 -13.762530459323898 30.038495540618896
33.019554424 -45.95538426935673 -13.776408327976242 30.038285732269287
33.039548024 -46.02430059015751 -13.797278536716476 30.037946224212646
33.059581336 -46.07025243341923 -13.811196459690109 30.03772497177124
33.079665183 -46.13922597467899 -13.832145823398605 30.03729772567749
33.099628062 -46.18521596491337 -13.846120013156906 30.037023067474365
33.119575782 -46.25420857965946 -13.867089404026046 30.036614894866943
33.139579555 -46.30025579035282 -13.881124628940597 30.03632879257202
33.159524422 -46.36932469904423 -13.902137888828292 30.035951137542725
33.179827705 -46.41539479792118 -13.916194094577804 30.03566884994507
33.199503954 -46.48450566828251 -13.937276972690597 30.03528356552124
33.219586403 -46.530598655343056 -13.951353205600753 30.035027980804443
33.23959392 -46.599751487374306 -13.972513331333175 30.034627437591553
33.259621113 -46.645859733223915 -13.986617220798507 30.03438711166382
33.279730906 -46.71503163874149 -14.007823122898117 30.03400182723999
33.29963006 -46.7611513286829 -14.021965159336105 30.033769130706787
33.319561144 -46.83034612238407 -14.043183459201828 30.03344488143921
33.339595576 -46.87649251520634 -14.057379855075851 30.03326940536499
33.359540119 -46.9457101970911 -14.07866300479509 30.033063411712646
33.379797918 -46.991860404610634 -14.09287084476091 30.033013820648193
33.399542297 -47.06110478937626 -14.114223612705246 30.032968044281006
33.419553375 -47.10727025568485 -14.128452433506027 30.03296422958374
33.439569124 -47.17651845514774 -14.149778498569503 30.0329909324646
33.459540394 -47.22268392145634 -14.163971079746261 30.03303289413452
33.479655963 -47.291909232735634 -14.185296191135421 30.033124446868896
33.499599777 -47.338059440255165 -14.199510706821457 30.033189296722412
33.519547612 -47.407280936837196 -14.220827235141769 30.03328847885132
33.539567582 -47.4534006267786 -14.235080851474777 30.03334951400757
33.559534575 -47.522568717598915 -14.256446970859542 30.033441066741943
33.579719882 -47.56866551935673 -14.270712984958664 30.033509731292725
33.599793395 -47.63778783380985 -14.292125834384933 30.03359365463257
33.619523877 -47.68386556208134 -14.30638231174089 30.033650875091553
33.639588614 -47.7529611736536 -14.327800883213058 30.033711910247803
33.659564384 -47.79900075495243 -14.342069758335128 30.033738613128662
33.679718011 -47.868035331368446 -14.363454951206222 30.033769130706787
33.699593373 -47.91401769220829 -14.377697123447433 30.033772945404053
33.719576138 -47.9829416424036 -14.399032725254074 30.03377676010132
33.739583566 -48.02884389460087 -14.413259638706222 30.033742427825928
33.75960731 -48.097676292061806 -14.43456663028337 30.033692836761475
33.779687206 -48.14353658258915 -14.448769701877609 30.03365468978882
33.799907634 -48.21226979792118 -14.47006524936296 30.033570766448975
33.819520534 -48.258076682686806 -14.484240664402023 30.033524990081787
33.839574703 -48.32671834528446 -14.505531443515792 30.033448696136475
33.859562233 -48.37247182428837 -14.519720209995285 30.033402919769287
33.879725887 -48.441086784005165 -14.540992869297042 30.033315181732178
33.899590668 -48.48679830133915 -14.555181635776535 30.033254146575928
33.919523691 -48.555371299386024 -14.5764256848488 30.03320837020874
33.939585491 -48.60108281672001 -14.590577258029953 30.033196926116943
33.959533664 -48.66964055597782 -14.611758364597335 30.033223628997803
33.979761478 -48.71532155573368 -14.625855578342453 30.03328847885132
33.999543525 -48.78380300104618 -14.646978510776535 30.03341817855835
34.019518082 -48.829453483223915 -14.661035670200363 30.03351354598999
34.039576817 -48.897908225655556 -14.682072771945968 30.03366994857788
34.059548088 -48.943535819649696 -14.696064127841964 30.033788204193115
34.07975878 -49.01197148859501 -14.717004908481613 30.03400945663452
34.099610586 -49.05756093561649 -14.730923785129562 30.03415822982788
34.11954805 -49.12593938410282 -14.751752032199875 30.034413814544678
34.139572402 -49.17150594294071 -14.765598429599777 30.03460454940796
34.159519405 -49.239827170968056 -14.786331309238449 30.034902095794678
34.179662327 -49.28537465631962 -14.800129069248214 30.0350661277771
34.199526442 -49.35364629328251 -14.820830477634445 30.035340785980225
34.219544496 -49.39917470514774 -14.83460725680925 30.03552770614624
34.239598862 -49.46739675104618 -14.855248583713546 30.035794734954834
34.259590848 -49.51286794245243 -14.868990076938644 30.035966396331787
34.279664464 -49.58106328547001 -14.889571322361007 30.036263942718506
34.300462311 -49.6265077739954 -14.903312815586105 30.03643560409546
34.31955012 -49.69468404352665 -14.923907412448898 30.036656856536865
34.339673344 -49.740124717354774 -14.937636507907882 30.036778926849365
34.359526396 -49.80828572809696 -14.958249224582687 30.036942958831787
34.379659313 -49.85374166071415 -14.971985949436203 30.0370192527771
34.399535108 -49.921895042061806 -14.992649210849777 30.037118434906006
34.419569292 -49.967324271798134 -15.006444109836593 30.03719472885132
34.439587978 -50.035454764962196 -15.027162684360519 30.037320613861084
34.459524059 -50.080857291817665 -15.04106248752214 30.03741216659546
34.479639497 -50.14899159967899 -15.061872614780441 30.037526607513428
34.499585672 -50.1943788677454 -15.07580198184587 30.037599086761475
34.519577789 -50.26245976984501 -15.096691264072433 30.03773260116577
34.539574815 -50.30783177912235 -15.110633982578292 30.037835597991943
34.560857672 -50.37587834894657 -15.131558550754562 30.038007259368896
34.581012816 -50.421250358223915 -15.145500315586105 30.03815221786499
34.600881524 -50.489331260323524 -15.166424883762375 30.038365840911865
34.620880562 -50.534741416573524 -15.180357111850753 30.038514614105225
34.640912124 -50.602890983223915 -15.201228274265304 30.03875494003296
34.660852542 -50.64833165705204 -15.215149058261886 30.038922786712646
34.681059254 -50.716530814766884 -15.236013544956222 30.039205074310303
34.700897338 -50.76203252375126 -15.24992479220964 30.039384365081787
34.72088478 -50.83032323420048 -15.27080930606462 30.03963613510132
34.740938708 -50.87587071955204 -15.28472532168962 30.039796352386475
34.760879803 -50.944226279854774 -15.305573595920578 30.040013790130615
34.780980167 -50.98981572687626 -15.319453371921554 30.040151119232178
34.800970433 -51.05822469294071 -15.340260638156906 30.040273189544678
34.820886685 -51.103833213448524 -15.354105128208175 30.04034185409546
34.841095876 -51.17224980890751 -15.374835146823898 30.040433406829834
34.860870361 -51.21785070002079 -15.388616694370285 30.040460109710693
34.881283739 -51.28626348078251 -15.409249438205734 30.040521144866943
34.900911607 -51.33187963068485 -15.422971857944503 30.040544033050537
34.921053872 -51.40031911432743 -15.443505419651046 30.040574550628662
34.940902652 -51.44595815241337 -15.457170618930832 30.04060125350952
34.960859518 -51.51446248590946 -15.477598322788253 30.040669918060303
34.981113588 -51.560132041573524 -15.491188181797042 30.040700435638428
35.000878411 -51.628647819161415 -15.511532915988937 30.040746212005615
35.020878039 -51.674328818917274 -15.525063647190109 30.040772914886475
35.040911697 -51.74286748468876 -15.54531110660173 30.040807247161865
35.060875875 -51.78855611383915 -15.558790339389816 30.04083013534546
35.081269281 -51.8570871502161 -15.5789891614113 30.040868282318115
35.100913495 -51.902756705880165 -15.592439783969894 30.040894985198975
35.120930983 -51.971264854073524 -15.612567080417648 30.040929317474365
35.140918998 -52.016945853829384 -15.625964297214523 30.040956020355225
35.160868503 -52.085434928536415 -15.645998133579269 30.040929317474365
35.181172355 -52.13109304010868 -15.659336222568527 30.04087209701538
35.200887893 -52.19958211481571 -15.679316653171554 30.04076910018921
35.22095645 -52.245190635323524 -15.69262327090837 30.04065465927124
35.240910571 -52.31360341608524 -15.712563647190109 30.040482997894287
35.26088156 -52.35920049250126 -15.7258397473488 30.04036855697632
35.281150527 -52.427605643868446 -15.745731486240402 30.04022741317749
35.300934192 -52.473198905587196 -15.758969439426437 30.04013204574585
35.32089629 -52.54158879816532 -15.778805865207687 30.040013790130615
35.340953864 -52.5871896892786 -15.792019022861496 30.039945125579834
35.360886454 -52.655625358223915 -15.811785830417648 30.039842128753662
35.381905299 -52.701252952218056 -15.824948443332687 30.03977346420288
35.400894706 -52.76970387995243 -15.844669474521652 30.039700984954834
35.421033015 -52.815346732735634 -15.857804430881515 30.03967046737671
35.440904395 -52.8838319927454 -15.877508295932785 30.039662837982178
35.46088655 -52.92949391901493 -15.890651835361496 30.039659023284912
35.48113239 -52.99801732599735 -15.910383356967941 30.0397047996521
35.500906035 -53.043713584542274 -15.923541201511398 30.03973913192749
35.520892136 -53.11225225031376 -15.943286074558273 30.039781093597412
35.540915025 -53.15795613825321 -15.956445826450363 30.039815425872803
35.560914184 -53.226521506905556 -15.976163042942062 30.039845943450928
35.581164253 -53.272229209542274 -15.989310397068039 30.039845943450928
35.60088867 -53.34078313410282 -16.009039057651535 30.039842128753662
35.620869629 -53.38644887506962 -16.02220548526384 30.039823055267334
35.640902675 -53.454941764473915 -16.04195989505388 30.039796352386475
35.660890309 -53.500588431954384 -16.05513204471208 30.039750576019287
35.681011514 -53.56903554499149 -16.07491315738298 30.039632320404053
35.700914578 -53.614670768380165 -16.08810438052751 30.03955602645874
35.720925193 -53.6831483989954 -16.107916010776535 30.039437770843506
35.740956371 -53.72882176935673 -16.121135844150558 30.039369106292725
35.760890866 -53.79736424982548 -16.14098752872087 30.03926992416382
35.780988875 -53.843071952462196 -16.154241694370285 30.03918981552124
35.801976346 -53.9116525799036 -16.17412198917009 30.039090633392334
35.821978226 -53.95734120905399 -16.187391413608566 30.039018154144287
35.842021178 -54.025891318917274 -16.207296503940597 30.038930416107178
35.861983287 -54.07159520685673 -16.220567835727707 30.038869380950928
35.882080635 -54.14015294611454 -16.240486277500167 30.038808345794678
35.90199796 -54.18586827814579 -16.25376714603044 30.038785457611084
35.922058406 -54.254448905587196 -16.273685587802902 30.03879690170288
35.941998947 -54.30017949640751 -16.286964548984542 30.038812160491943
35.962091166 -54.368794456124306 -16.30688680545427 30.038846492767334
35.982051976 -54.414563193917274 -16.320169581333175 30.03887701034546
36.001989371 -54.48323918879032 -16.340067042270675 30.03893804550171
36.021995243 -54.529046073555946 -16.35330213443376 30.03899908065796
36.042017615 -54.59776784479618 -16.373100413242355 30.039132595062256
36.06206328 -54.64358998835087 -16.386282099643722 30.039231777191162
36.08207636 -54.71229650080204 -16.406026972690597 30.03939962387085
36.102014085 -54.758095756173134 -16.419183863559738 30.03951406478882
36.12200359 -54.8267030864954 -16.438898219028488 30.039708614349365
36.142003846 -54.87243367731571 -16.452034129062667 30.039849758148193
36.161997062 -54.94101049005985 -16.471721781650558 30.040059566497803
36.182092882 -54.98668386042118 -16.48486532107927 30.04020071029663
36.201956374 -55.05519200861454 -16.504589213291183 30.040406703948975
36.221970628 -55.10084630548954 -16.517746104160324 30.040544033050537
36.24202651 -55.16930867731571 -16.53750432864763 30.040738582611084
36.261997455 -55.214959159493446 -16.550684107700363 30.04086446762085
36.282086599 -55.28338719904423 -16.57047857181169 30.041036128997803
36.302006115 -55.32898427546024 -16.583692683139816 30.04114294052124
36.321966717 -55.39734365046024 -16.603540553012863 30.0412917137146
36.34204747 -55.44289495050907 -16.61679090396501 30.041371822357178
36.362015075 -55.511189475655556 -16.63669408694841 30.041471004486084
36.382165507 -55.55664922297001 -16.649997843662277 30.04152822494507
36.40195422 -55.624836936593056 -16.669962061801925 30.04159688949585
36.421992437 -55.67027761042118 -16.683282984653488 30.041612148284912
36.441993418 -55.738396659493446 -16.703268183628097 30.041600704193115
36.462043304 -55.78381444513798 -16.716591013828292 30.04158926010132
36.48212424 -55.85191060602665 -16.73660291568376 30.041539669036865
36.502133919 -55.89732076227665 -16.74994863406755 30.04150152206421
36.521970659 -55.96545888483524 -16.76997579471208 30.04145574569702
36.542016543 -56.0108957439661 -16.783346308628097 30.041398525238037
36.562000928 -56.07906819880009 -16.803396357456222 30.04129934310913
36.5821742 -56.12451650202274 -16.816759241977707 30.04126501083374
36.601974404 -56.192700400948524 -16.836803568759933 30.041207790374756
36.622018979 -56.238144889473915 -16.850170267978683 30.04115056991577
36.642006923 -56.306313529610634 -16.870220316806808 30.041070461273193
36.661998743 -56.35176946222782 -16.883585108676925 30.04102087020874
36.682335117 -56.419941917061806 -16.90365423099138 30.040997982025146
36.70203686 -56.46538259088993 -16.917040003696457 30.040990352630615
36.721963889 -56.53353978693485 -16.937126292148605 30.040997982025146
36.742023867 -56.57894231379032 -16.950542582431808 30.041009426116943
36.761962051 -56.647072806954384 -16.970667017856613 30.04103994369507
36.782071128 -56.69249440729618 -16.984096659580246 30.04110860824585
36.80199816 -56.7606630474329 -17.004263056674972 30.041219234466553
36.821975057 -56.80612660944462 -17.0177098645363 30.041306972503662
36.842001095 -56.874348655343056 -17.03789914981462 30.04144811630249
36.861999188 -56.91985036432743 -17.05134786502458 30.041547298431396
36.882106219 -56.988076224923134 -17.071514262119308 30.04169988632202
36.902019733 -57.03357030451298 -17.084953440586105 30.041791439056396
36.922038136 -57.101819053292274 -17.10510457889177 30.041917324066162
36.942019724 -57.147332206368446 -17.118551386753097 30.041966915130615
36.961976614 -57.21564199030399 -17.13872159854509 30.042039394378662
36.982205627 -57.26121236383915 -17.152179850498214 30.042073726654053
37.002173572 -57.32959844172001 -17.172342432895675 30.042115688323975
37.022030052 -57.37520696222782 -17.18576635257341 30.042161464691162
37.042038387 -57.4436464458704 -17.20586027042009 30.042226314544678
37.061970675 -57.4893007427454 -17.219246043125167 30.042256832122803
37.082107445 -57.557820335030556 -17.23930753604509 30.042359828948975
37.102001516 -57.60353948175907 -17.25266088382341 30.04239797592163
37.121980084 -57.672139182686806 -17.272676600376144 30.042462825775146
37.142016198 -57.71786595880985 -17.28601278201677 30.04247808456421
37.161966166 -57.786458030343056 -17.306015147129074 30.042500972747803
37.182078148 -57.832173362374306 -17.319355143466964 30.04248571395874
37.202006569 -57.900734916329384 -17.339410914340988 30.04245901107788
37.22197722 -57.9464426189661 -17.3527928723488 30.04243230819702
37.242027858 -58.01499654352665 -17.37294782535173 30.042375087738037
37.261968944 -58.0607118755579 -17.38640226260759 30.04232931137085
37.2821917 -58.12929631769657 -17.406610621372238 30.042298793792725
37.302041865 -58.175000205636024 -17.420105112949386 30.042264461517334
37.321974443 -58.24355794489384 -17.440347803989425 30.04221487045288
37.342011232 -58.289258018136024 -17.45385373965837 30.042176723480225
37.361981126 -58.35779668390751 -17.47414983646013 30.042130947113037
37.382090039 -58.403496757149696 -17.4876862897072 30.042130947113037
37.401991807 -58.47201253473759 -17.508033884922042 30.042134761810303
37.421995271 -58.517685905098915 -17.52160848514177 30.0421462059021
37.441970582 -58.586167350411415 -17.542011393466964 30.04218816757202
37.461990597 -58.63181783258915 -17.55561841861345 30.042222499847412
37.482094491 -58.70028783380985 -17.57603277103044 30.042317867279053
37.502243148 -58.745930686593056 -17.58970464603044 30.04239797592163
37.52198365 -58.81441976130009 -17.610216273227707 30.04255437850952
37.541989233 -58.86008931696415 -17.623912943759933 30.042680263519287
37.562011966 -58.928601279854774 -17.64450658694841 30.04287099838257
37.582078101 -58.974282279610634 -17.658243311801925 30.042985439300537
37.602012051 -59.042798057198524 -17.678865565219894 30.043141841888428
37.621997535 -59.08848287165165 -17.692613734165207 30.043275356292725
37.642026101 -59.1570139080286 -17.713230265537277 30.043519496917725
37.662008863 -59.20271398127079 -17.726974619785324 30.04366445541382
37.6820807 -59.271279349923134 -17.74758161441423 30.043878078460693
37.702051749 -59.317002311348915 -17.761345042148605 30.04395818710327
37.72198972 -59.385605826973915 -17.781967295566574 30.04400396347046
37.741978573 -59.43135167658329 -17.795707835117355 30.0439772605896
37.761964789 -59.499993339180946 -17.816322459140792 30.043900966644287
37.78205363 -59.54576589167118 -17.830051554599777 30.04382848739624
37.801998583 -59.61446858942509 -17.850639475742355 30.043691158294678
37.82197755 -59.66028310358524 -17.864338053623214 30.04357671737671
37.841991119 -59.72903157770634 -17.884851588169113 30.04337453842163
37.861954525 -59.77489949762821 -17.89851392642595 30.043229579925537
37.882095314 -59.84371663630009 -17.91898168460466 30.043038845062256
37.902065084 -59.889607444405556 -17.93261350528337 30.042916774749756
37.92200201 -59.95843984186649 -17.953024043003097 30.042768001556396
37.942006397 -60.0043153911829 -17.96660245792009 30.04268789291382
37.961972462 -60.07310201227665 -17.98692144290544 30.042569637298584
37.982198862 -60.11895848810673 -18.00044263736345 30.042474269866943
38.002823984 -60.18774892389774 -18.020742548862472 30.042344570159912
38.023421808 -60.23362447321415 -18.034261835971847 30.0422682762146
38.043483873 -60.30245687067509 -18.05451978580095 30.042169094085693
38.063405848 -60.34835912287235 -18.0680085553322 30.042100429534912
38.083704098 -60.417222037911415 -18.08821882144548 30.0420241355896
38.103428819 -60.46313573420048 -18.101677073398605 30.041978359222412
38.123426258 -60.532063499093056 -18.12185682193376 30.04188299179077
38.143435081 -60.57803060114384 -18.13529790774919 30.04182195663452
38.163382868 -60.64703847467899 -18.15541852847673 30.041703701019287
38.183517619 -60.693047538399696 -18.168813837924972 30.0416579246521
38.203389041 -60.76206685602665 -18.188850535312667 30.04157018661499
38.223459284 -60.80807973444462 -18.202201975742355 30.04152822494507
38.243419507 -60.87709142267704 -18.222219599643722 30.041490077972412
38.263408748 -60.923073783516884 -18.23555768863298 30.041444301605225
38.283516568 -60.99203588068485 -18.25553716556169 30.041417598724365
38.303457986 -61.03799153864384 -18.268833292881027 30.041398525238037
38.323434189 -61.10693456232548 -18.28874029056169 30.041383266448975
38.343380446 -61.15289784967899 -18.30199064151384 30.041383266448975
38.363413619 -61.22181798517704 -18.32182134524919 30.041383266448975
38.383513142 -61.26776219904423 -18.335020197788253 30.04136037826538
38.403379765 -61.33667089045048 -18.354791773715988 30.041329860687256
38.424611983 -61.382615104317665 -18.367954386631027 30.041322231292725
38.444562689 -61.451531425118446 -18.38768400088884 30.04133367538452
38.464648023 -61.4974794536829 -18.400825632968917 30.041348934173584
38.484760136 -61.56640340387821 -18.42052854434587 30.04139471054077
38.504622633 -61.61236287653446 -18.43365682498552 30.04144048690796
38.524594198 -61.6813059002161 -18.453355921665207 30.0415358543396
38.544591163 -61.727273002266884 -18.466486109653488 30.041608333587646
38.564678141 -61.79621221125126 -18.48619474307634 30.04171133041382
38.584933914 -61.84219075739384 -18.499336375156417 30.04175329208374
38.60456314 -61.911171928048134 -18.519054545322433 30.041829586029053
38.624638331 -61.957192435860634 -18.532213343540207 30.041905879974365
38.644645057 -62.02624990046024 -18.551962031284347 30.042043209075928
38.664825858 -62.07231618463993 -18.56515325442888 30.04215383529663
38.684649044 -62.14143468439579 -18.584987772861496 30.042325496673584
38.704590883 -62.18751622736454 -18.598219050327316 30.042455196380615
38.724581001 -62.2566232830286 -18.618089808383957 30.04268789291382
38.744597663 -62.302685752511024 -18.631340159336105 30.04285955429077
38.764633117 -62.371785178780556 -18.651277674594894 30.04315710067749
38.785033676 -62.417859092354774 -18.664577616611496 30.043370723724365
38.804658515 -62.486977592110634 -18.68453802005388 30.04369878768921
38.8246021 -62.53307820856571 -18.697874201694503 30.043939113616943
38.844652947 -62.60223104059696 -18.717876566806808 30.044305324554443
38.864667998 -62.64833165705204 -18.7312165631447 30.04453420639038
38.884737554 -62.717515006661415 -18.751247538486496 30.044862270355225
38.904619964 -62.76364614069462 -18.764600886264816 30.04506826400757
38.924588455 -62.832879081368446 -18.78465665713884 30.04532766342163
38.944624534 -62.879048362374306 -18.798025263706222 30.045491695404053
38.964752539 -62.94831945002079 -18.81807721988298 30.04572057723999
38.984684743 -62.99450398981571 -18.83144964114763 30.045899868011475
39.004591078 -63.06377889215946 -18.85151113406755 30.046151638031006
39.024565744 -63.10998250544071 -18.864914072910324 30.046292781829834
39.044594929 -63.17928411066532 -18.8850194348488 30.046498775482178
39.06465325 -63.22549153864384 -18.898441447177902 30.046613216400146
39.084986895 -63.29481603205204 -18.9185944928322 30.04668951034546
39.104608699 -63.34103108942509 -18.932031763950363 30.046735286712646
39.124668835 -63.41037084162235 -18.952190531650558 30.046796321868896
39.144593716 -63.456597343087196 -18.96564687625505 30.046830654144287
39.164818211 -63.52594472467899 -18.9858495129738 30.04687261581421
39.184801269 -63.572197929024696 -18.99937833682634 30.046891689300537
39.204593861 -63.64158345758915 -19.01968969241716 30.046918392181396
39.224594464 -63.687851920723915 -19.033270014682785 30.046937465667725
39.244566235 -63.75723744928837 -19.05365194217302 30.04696798324585
39.264823087 -63.80348302423954 -19.0672704114113 30.046998500823975
39.284826722 -63.8728342205286 -19.08774389163591 30.047025203704834
39.304658754 -63.91905690729618 -19.101392878452316 30.047051906585693
39.324595008 -63.98837377130985 -19.12191785709001 30.04700994491577
39.344603957 -64.03456212580204 -19.135612620273605 30.04696798324585
39.364668222 -64.10382176935673 -19.156170023838058 30.046884059906006
39.384675568 -64.14997197687626 -19.16992391482927 30.0467848777771
39.404602167 -64.21918584406376 -19.190542353549972 30.046613216400146
39.424597354 -64.26532079279423 -19.204292429843917 30.04647970199585
39.444629628 -64.33453465998173 -19.224891795078292 30.046258449554443
39.464637968 -64.3806696087122 -19.238607539096847 30.04610586166382
39.484702484 -64.44986821711063 -19.259203089633957 30.045857906341553
39.504632174 -64.4960031658411 -19.272907389560714 30.045705318450928
39.524579093 -64.56516362726688 -19.29345334903337 30.045472621917725
39.544580743 -64.6112604290247 -19.30713094607927 30.04532766342163
39.564606538 -64.68038274347782 -19.32762540713884 30.045125484466553
39.584672163 -64.72644902765751 -19.341272486606613 30.045003414154053
39.604617973 -64.79553319513798 -19.36172307864763 30.044835567474365
39.624600523 -64.84159184992313 -19.375352991977707 30.04471731185913
39.644599169 -64.91065312922001 -19.39580167667009 30.044530391693115
39.664659444 -64.95668889582157 -19.40942586795427 30.044423580169678
39.68468628 -65.02567388117313 -19.429908884922042 30.04426336288452
39.70488209 -65.07163335382938 -19.44355977908708 30.044171810150146
39.724577976 -65.1405344158411 -19.464023722568527 30.044023036956787
39.744590843 -65.18642522394657 -19.477659357944503 30.04391622543335
39.764579346 -65.25527288019657 -19.49807752505876 30.04377508163452
39.784728221 -65.30112554132938 -19.511682642856613 30.043668270111084
39.804604627 -65.36988164484501 -19.532076014438644 30.04353094100952
39.824571428 -65.41568852961063 -19.54567159549333 30.043458461761475
39.84458564 -65.48436833918095 -19.5660497082863 30.043363094329834
39.864584466 -65.53014470636845 -19.579616679111496 30.04331350326538
39.884903158 -65.59877111017704 -19.59997190372087 30.043241024017334
39.904653389 -65.64453221857548 -19.6135350598488 30.043206691741943
39.924599381 -65.7131891399622 -19.633863581577316 30.04317617416382
39.944616235 -65.75895787775517 -19.647426737705246 30.04316473007202
39.964567333 -65.82763768732548 -19.66774763003923 30.043172359466553
39.984663084 -65.87342168390751 -19.681285990634933 30.04321813583374
40.004613905 -65.94210149347782 -19.701603068271652 30.04331350326538
40.024577803 -65.98789311945438 -19.71513761417009 30.043370723724365
40.044588278 -66.05654241144657 -19.73544896976091 30.04342794418335
40.064617143 -66.10229589045048 -19.748981608310714 30.043473720550537
40.084758479 -66.17089940607548 -19.769298685947433 30.04357671737671
40.104635451 -66.21664525568485 -19.782856120029464 30.043633937835693
40.124586871 -66.28527928888798 -19.803207529941574 30.043694972991943
40.144570266 -66.33107091486454 -19.816797388950363 30.04370641708374
40.164644722 -66.39977361261845 -19.8371678723488 30.04371404647827
40.184715062 -66.4455881267786 -19.850753916660324 30.04370641708374
40.204798826 -66.51432134211063 -19.87114347354509 30.043691158294678
40.224574794 -66.56015874445438 -19.884725703159347 30.04370641708374
40.244579887 -66.62891484797001 -19.905155314365402 30.043721675872803
40.264573453 -66.67475225031376 -19.918789042392746 30.043729305267334
40.284747636 -66.74352361261845 -19.939256800571457 30.043691158294678
40.304632053 -66.7893610149622 -19.952894343296066 30.043660640716553
40.324583569 -66.85810185968876 -19.973335398593917 30.043607234954834
40.344621111 -66.90393163263798 -19.98698247806169 30.04355764389038
40.364580831 -66.97270299494267 -20.007427348056808 30.0434889793396
40.384732 -67.01855565607548 -20.021047724643722 30.04345464706421
40.404621109 -67.08735753595829 -20.041483057895675 30.04339361190796
40.424547574 -67.13324071466923 -20.055095805088058 30.043363094329834
40.444595458 -67.2020807415247 -20.07549680606462 30.043328762054443
40.464569981 -67.24798680841923 -20.089075220981613 30.043302059173584
40.484697362 -67.31688024103642 -20.109407557407394 30.043324947357178
40.505046963 -67.36286260187626 -20.12294210330583 30.04334783554077
40.524580321 -67.43185521662235 -20.14321721927263 30.04337453842163
40.544620025 -67.47789098322392 -20.156719340244308 30.04340124130249
40.564592427 -67.54694463312626 -20.176948679843917 30.04345464706421
40.584722742 -67.59298802912235 -20.190429819980636 30.043504238128662
40.604591809 -67.66207982599735 -20.210659159580246 30.043599605560303
40.624592709 -67.70815373957157 -20.224134577671066 30.043660640716553
40.644574163 -67.7772760540247 -20.244382990757003 30.043736934661865
40.664610524 -67.82337285578251 -20.257881297031417 30.043790340423584
40.684844906 -67.89254094660282 -20.278123988071457 30.04386281967163
40.705055766 -67.93866063654423 -20.29164327518083 30.043904781341553
40.724593336 -68.00782872736454 -20.311914576450363 30.04398488998413
40.74469191 -68.05393315851688 -20.32544149295427 30.044053554534912
40.764597834 -68.12310887873173 -20.34572042361833 30.044145107269287
40.784683899 -68.16922856867313 -20.359224451938644 30.044206142425537
40.805649803 -68.23841191828251 -20.37945760623552 30.044286251068115
40.82563405 -68.28452397882938 -20.392923487583175 30.04432439804077
40.84677417 -68.35362340509892 -20.41310323611833 30.044328212738037
40.866802424 -68.39965154230595 -20.426540507236496 30.04432439804077
40.886953987 -68.46865178644657 -20.446674479404464 30.044297695159912
40.90681413 -68.51462651789188 -20.460083140293136 30.044232845306396
40.926793364 -68.58358861505985 -20.480177058139816 30.04414129257202
40.946756901 -68.6295480877161 -20.49356664554216 30.04406499862671
40.966795311 -68.69849492609501 -20.513649119297042 30.043931484222412
40.986851485 -68.74445439875126 -20.527029169956222 30.04383611679077
41.006752659 -68.81341649591923 -20.547144068637863 30.043656826019287
41.026780194 -68.85939885675907 -20.560550822177902 30.043527126312256
41.046775268 -68.92839147150517 -20.580652369419113 30.043317317962646
41.066796909 -68.97440434992313 -20.594045771518722 30.043126583099365
41.086997362 -69.04341222345829 -20.614099635044113 30.042890071868896
41.106773663 -69.08945561945438 -20.627508295932785 30.04267644882202
41.127857793 -69.15853215754032 -20.647617472568527 30.0423903465271
41.147837202 -69.20459081232548 -20.66104139224626 30.042191982269287
41.167969422 -69.2737131267786 -20.681203974643722 30.041886806488037
41.193104742 -69.31980992853642 -20.694639338413253 30.04169988632202
41.227638034 -69.38901616632938 -20.71484006778337 30.04140615463257
41.251929518 -69.43518163263798 -20.72832883731462 30.04121160507202
41.273181011 -69.5044489055872 -20.748588694492355 30.040914058685303
41.293185174 -69.55066777765751 -20.762119425693527 30.04070806503296
41.313255001 -69.62001134455204 -20.782390726963058 30.040448665618896
41.333187422 -69.66626836359501 -20.79589475528337 30.040284633636475
41.353483345 -69.73567296564579 -20.816162241855636 30.04009771347046
41.37327366 -69.78194524347782 -20.829662455478683 30.04000234603882
41.393162206 -69.8513498455286 -20.849928034702316 30.03988790512085
41.413182599 -69.89762212336063 -20.863430155673996 30.039815425872803
41.433121209 -69.96694280207157 -20.883720530429855 30.039723873138428
41.454514799 -70.01314641535282 -20.897243632236496 30.03968572616577
41.473203502 -70.08244420588017 -20.917518748203292 30.039655208587646
41.493232381 -70.12861730158329 -20.931068552890792 30.03963613510132
41.513162068 -70.19787694513798 -20.95139135257341 30.03959035873413
41.53319675 -70.2440500408411 -20.96496213809587 30.039571285247803
41.555343482 -70.31331731379032 -20.98530782596208 30.039578914642334
41.574610785 -70.35949040949345 -20.998853815952316 30.039605617523193
41.594603351 -70.42872716486454 -21.019146098056808 30.039681911468506
41.614589397 -70.47487737238407 -21.03266347781755 30.039723873138428
41.63474775 -70.54408361017704 -21.05291952029802 30.039823055267334
41.654785805 -70.59021092951298 -21.06640256778337 30.039906978607178
41.674651431 -70.65937902033329 -21.086599482456222 30.040048122406006
41.694601916 -70.70548345148563 -21.100021494785324 30.04015874862671
41.714573986 -70.77463628351688 -21.120111597934738 30.04041051864624
41.734713056 -70.8207330852747 -21.133470667758957 30.040574550628662
41.7547098 -70.88984014093876 -21.153450144687667 30.0408034324646
41.774632573 -70.93589879572392 -21.166740549961105 30.04095220565796
41.794662639 -71.00492192804813 -21.186588419834152 30.041127681732178
41.814582386 -71.05091954767704 -21.199789179721847 30.04123067855835
41.834705772 -71.11991216242313 -21.219549311557785 30.04135274887085
41.854783598 -71.16589452326298 -21.232664240757003 30.04139471054077
41.874635022 -71.23486424982548 -21.252300394931808 30.04144811630249
41.894625461 -71.28083898127079 -21.265358103672042 30.04145574569702
41.91459382 -71.34979344904423 -21.2849217785988 30.04145574569702
41.934755426 -71.39574529230595 -21.29794324771501 30.041432857513428
41.956236654 -71.46463872492313 -21.317447794834152 30.04134511947632
41.976107644 -71.51056005060673 -21.330438746372238 30.041280269622803
41.996135992 -71.5794000774622 -21.349853648105636 30.041127681732178
42.016108434 -71.62529088556767 -21.36276830569841 30.041001796722412
42.03705996 -71.69413091242313 -21.382105006137863 30.040799617767334
42.056195949 -71.74000646173954 -21.394952906528488 30.040624141693115
42.076215141 -71.80882360041142 -21.41421331302263 30.04034948348999
42.096116128 -71.85469152033329 -21.42703832522966 30.040154933929443
42.116116082 -71.92348577082157 -21.446220530429855 30.039865016937256
42.136276297 -71.96934606134892 -21.458992136875167 30.03967809677124
42.156851067 -72.03813268244267 -21.478094233432785 30.039388179779053
42.176104409 -72.08400060236454 -21.490831507602707 30.03922414779663
42.196101671 -72.15283299982548 -21.509859217563644 30.03895330429077
42.216114151 -72.19872380793095 -21.522514475742355 30.038774013519287
42.236336205 -72.26757146418095 -21.541463984409347 30.038503170013428
42.256186193 -72.31347753107548 -21.554067744174972 30.03830099105835
42.276131621 -72.3823557049036 -21.57296766177751 30.038011074066162
42.296082348 -72.42829991877079 -21.585550440708175 30.037808895111084
42.316120135 -72.49723912775517 -21.60443319217302 30.03749990463257
42.336203591 -72.54321385920048 -21.617031229892746 30.03730535507202
42.356495179 -72.61224462091923 -21.635910166660324 30.036981105804443
42.376108722 -72.65828038752079 -21.648479594150558 30.03676748275757
42.396096566 -72.72734166681767 -21.66731275455095 30.036454677581787
42.41615928 -72.77343846857548 -21.679849757114425 30.03621816635132
42.436215298 -72.84256841242313 -21.698673380771652 30.03591299057007
42.456297058 -72.88865758478642 -21.71119893924333 30.03571844100952
42.476111339 -72.95777989923954 -21.7299901379738 30.035481929779053
42.496090251 -73.00386907160282 -21.742513789096847 30.03533697128296
42.516171854 -73.07302190363407 -21.761272562900558 30.035104274749756
42.536587823 -73.11912633478642 -21.773777140537277 30.034959316253662
42.556170826 -73.18836309015751 -21.792493952671066 30.03468084335327
42.576526841 -73.23453618586063 -21.80496038333513 30.034486293792725
42.596100791 -73.30382634699345 -21.823646677890792 30.03419256210327
42.616202841 -73.35004521906376 -21.8360749615822 30.033998012542725
42.636234145 -73.41937352716923 -21.854749812046066 30.0337233543396
42.656223774 -73.46560002863407 -21.867221964756027 30.03354787826538
42.676128408 -73.53495885431767 -21.885967387119308 30.03329610824585
42.696127911 -73.58120061457157 -21.898485316196457 30.033135890960693
42.716121925 -73.65055944025517 -21.917291773715988 30.03286123275757
42.736218332 -73.69680120050907 -21.929847849765792 30.032689571380615
42.756292189 -73.76615239679813 -21.948696268955246 30.032323360443115
42.776168897 -73.81237126886845 -21.961277140537277 30.03206777572632
42.79613284 -73.88168431818485 -21.980169428745285 30.031693935394287
42.816107578 -73.92790319025517 -21.992792261997238 30.031480312347412
42.836294755 -73.9972238689661 -22.011743678012863 30.031190395355225
42.85622328 -74.04341985285282 -22.024391306797042 30.031022548675537
42.876132873 -74.11271001398563 -22.043369425693527 30.030808925628662
42.89611438 -74.15889836847782 -22.056034220615402 30.030686855316162
42.916128245 -74.22816564142704 -22.075060023227707 30.030442714691162
42.936207317 -74.27436162531376 -22.087766779819503 30.03031301498413
42.95656557 -74.3436594158411 -22.106863154331222 30.03017568588257
42.976142711 -74.38984014093876 -22.11961759463884 30.03011465072632
42.996127537 -74.45907689630985 -22.138780726352707 30.03006887435913
43.016114733 -74.50519658625126 -22.151582850376144 30.03009557723999
43.036222342 -74.57437993586063 -22.170816553989425 30.030168056488037
43.056422047 -74.62049962580204 -22.183662547031417 30.030202388763428
43.076160983 -74.68968297541142 -22.202982081333175 30.030263423919678
43.096102017 -74.73581029474735 -22.21588338748552 30.030328273773193
43.116255959 -74.80500127375126 -22.23528684512712 30.030431270599365
43.136227098 -74.85112096369267 -22.248241557041183 30.030503749847412
43.156790489 -74.92028905451298 -22.267698420444503 30.030622005462646
43.176123706 -74.96643163263798 -22.280651225009933 30.030702114105225
43.196115722 -75.03564549982548 -22.300075663486496 30.030839443206787
43.216119984 -75.08179570734501 -22.313013209262863 30.030980587005615
43.236244176 -75.15101720392704 -22.3324128522072 30.03133535385132
43.256396523 -75.19716741144657 -22.34531988040544 30.03195333480835
43.276128212 -75.26638127863407 -22.364610804477707 30.033677577972412
43.296105255 -75.31249333918095 -22.377418650547042 30.03535223007202
43.316266815 -75.38159276545048 -22.39643300906755 30.038594722747803
43.336222099 -75.42759038507938 -22.408933772007003 30.041188716888428
43.356373547 -75.49647618830204 -22.42729581729509 30.04557180404663
43.376128328 -75.54229833185673 -22.43919767276384 30.048837184906006
43.396173777 -75.61085607111454 -22.456398142734542 30.0539870262146
43.416109141 -75.6564264446497 -22.467327250400558 30.057542324066162
43.436222671 -75.7245187908411 -22.482730997959152 30.06294012069702
43.45649744 -75.76976872980595 -22.4923192395363 30.066483974456787
43.476126636 -75.83728887140751 -22.50532544986345 30.07172155380249
43.49608401 -75.88214208185673 -22.51326764957048 30.075047969818115
43.516140714 -75.94903661310673 -22.523597849765792 30.07972478866577
43.536227039 -75.99341680109501 -22.529493464389816 30.082616329193115
43.556217859 -76.05967046320438 -22.53680051700212 30.086591243743896
43.576168466 -76.10359288752079 -22.540416850009933 30.088963985443115
43.596102385 -76.16916753351688 -22.544277323642746 30.092111110687256
43.61619127 -76.21266271173954 -22.54565633670427 30.09393072128296
43.636285299 -76.27761174738407 -22.54588140384294 30.096219539642334
43.657206174 -76.32072545588017 -22.544956339756027 30.09747076034546
43.67614452 -76.38507176935673 -22.54145254031755 30.09887456893921
43.696116777 -76.42778111994267 -22.537941111484542 30.099530696868896
43.716108524 -76.49156285822392 -22.530929697910324 30.100125789642334
43.736289932 -76.53389073908329 -22.524868143955246 30.10022497177124
43.756190393 -76.59714604914188 -22.514444483676925 30.100091457366943
43.776131456 -76.63913823664188 -22.506176127353683 30.099767208099365
43.796139574 -76.70189763605595 -22.49227155582048 30.099019527435303
43.816116742 -76.7435846477747 -22.481878413120285 30.09834051132202
43.836195857 -76.80592443048954 -22.464637888828292 30.097089290618896
43.8565561 -76.84735967218876 -22.452209605136886 30.096120357513428
43.876112461 -76.9093561321497 -22.43182577029802 30.094449520111084
43.896122704 -76.95056249201298 -22.417310847202316 30.09322500228882
43.916137038 -77.01219274103642 -22.394191874423996 30.09131383895874
43.936153489 -77.05318547785282 -22.377718104282394 30.08993673324585
43.956675781 -77.11452580988407 -22.351854456821457 30.087857723236084
43.976123575 -77.15534307062626 -22.3337556256447 30.086434841156006
43.996119508 -77.21650029718876 -22.305412424961105 30.084245204925537
44.016174979 -77.25718785822392 -22.285846842685714 30.082749843597412
44.036104329 -77.31816197931767 -22.255437983432785 30.08050298690796
44.057079801 -77.35874272882938 -22.234562052646652 30.079015254974365
44.076140459 -77.41964818537235 -22.202135218540207 30.0768141746521
44.096121214 -77.46022130548954 -22.179924143711105 30.07537603378296
44.116143431 -77.52104283869267 -22.1457673443947 30.07332754135132
44.136113454 -77.56164647638798 -22.12233175174333 30.072015285491943
44.156528457 -77.62250615656376 -22.086479319492355 30.070119380950928
44.176152604 -77.66310216486454 -22.062053812900558 30.068891048431396
44.196211793 -77.72401525080204 -22.024706019321457 30.06711721420288
44.216122137 -77.76459600031376 -21.99942029849626 30.065995693206787
44.236244915 -77.82557775080204 -21.96079076663591 30.06435537338257
44.256292591 -77.86622716486454 -21.934686793247238 30.063294887542725
44.276136969 -77.92719365656376 -21.895031107822433 30.06174612045288
44.296139779 -77.96784307062626 -21.86831678287126 30.06076192855835
44.3161046 -78.02882482111454 -21.82784856692888 30.059335231781006
44.336135615 -78.06956578791142 -21.800638331333175 30.05846929550171
44.35638162 -78.13065434992313 -21.759534968296066 30.057252407073975
44.376131568 -78.17142583429813 -21.73195661441423 30.056500911712646
44.39612592 -78.23264409601688 -21.690353526035324 30.0554518699646
44.416112768 -78.27343846857548 -21.66246427432634 30.054845333099365
44.436123105 -78.33472539484501 -21.620470179477707 30.05404043197632
44.457239454 -78.37558080255985 -21.592352045932785 30.053548336029053
44.477162289 -78.43686772882938 -21.55000318423845 30.05288076400757
44.497116422 -78.47782231867313 -21.521686686435714 30.05246877670288
44.517131082 -78.53922368586063 -21.479042185703292 30.05183172225952
44.537260335 -78.58018590509892 -21.45051587955095 30.05143117904663
44.557522699 -78.64158727228642 -21.40759481326677 30.050893306732178
44.577159479 -78.68253423273563 -21.37890828982927 30.0505690574646
44.597123877 -78.74396611750126 -21.33578313724138 30.05010747909546
44.617113149 -78.78489018976688 -21.30696309939958 30.049790859222412
44.637311638 -78.84630681574345 -21.263672007480636 30.0493483543396
44.658575292 -78.88721562922001 -21.234779490390792 30.04906988143921
44.678511074 -78.94853307306767 -21.19139493838884 30.048665523529053
44.6985336 -78.98942662775517 -21.162502421298996 30.048417568206787
44.718529082 -79.05070592463017 -21.119121683994308 30.04794454574585
44.739795546 -79.09156133234501 -21.09021200076677 30.047627925872803
44.758662908 -79.15284825861454 -21.0468846692238 30.0471510887146
44.778623216 -79.19365026056767 -21.01797498599626 30.04683828353882
44.798515303 -79.25490666925907 -20.974731577793136 30.046380519866943
44.818489819 -79.29564763605595 -20.945840968051925 30.046132564544678
44.838727394 -79.35672856867313 -20.90262426272966 30.045762538909912
44.858582514 -79.39740087091923 -20.873834742465988 30.04552984237671
44.878524381 -79.45832158625126 -20.830680979648605 30.04520559310913
44.898511882 -79.49891759455204 -20.802007807651535 30.045003414154053
44.918516619 -79.55968572199345 -20.75900091067888 30.044713497161865
44.938639709 -79.60013677179813 -20.73039068118669 30.044545650482178
44.958674071 -79.66071416437626 -20.687582148471847 30.044305324554443
44.97853871 -79.70102788507938 -20.659042490879074 30.04415273666382
44.998516525 -79.76146794855595 -20.61639608279802 30.043973445892334
45.018483106 -79.80171300470829 -20.58798231021501 30.0438551902771
45.038602127 -79.86200810968876 -20.54539884463884 30.04370641708374
45.058631639 -79.90217687189579 -20.517137659946457 30.043626308441162
45.078522348 -79.96229650080204 -20.47463811771013 30.043511867523193
45.098498448 -80.0023508220911 -20.446449412265792 30.043477535247803
45.118529546 -80.06231786310673 -20.404194010654464 30.0434889793396
45.13863923 -80.10225011408329 -20.376102579990402 30.04351568222046
45.159221235 -80.16207219660282 -20.334072245517746 30.043546199798584
45.178511692 -80.20189763605595 -20.306051386753097 30.043561458587646
45.198530127 -80.26160527765751 -20.264234675327316 30.043595790863037
45.218552211 -80.30137731134892 -20.236375941196457 30.0436110496521
45.238951841 -80.36098577082157 -20.194614542881027 30.04364538192749
45.259324067 -80.40071202814579 -20.166891230503097 30.043694972991943
45.278631504 -80.46021367609501 -20.125251902500167 30.04377508163452
45.298498537 -80.49986363947392 -20.097511423984542 30.04382085800171
45.318723794 -80.55928899347782 -20.055946482578292 30.043912410736084
45.338674494 -80.59886266291142 -20.028202189365402 30.04396963119507
45.358690112 -80.65816594660282 -19.986625803867355 30.04409170150757
45.378507573 -80.69764806330204 -19.9588719739113 30.044179439544678
45.398496091 -80.75681401789188 -19.91737569705583 30.044332027435303
45.418563405 -80.79621984064579 -19.889703883090988 30.044415950775146
45.438596414 -80.8552560955286 -19.848178996006027 30.044549465179443
45.45860186 -80.89459325373173 -19.82059301272966 30.044644832611084
45.478523778 -80.95353795588017 -19.779155863681808 30.044782161712646
45.498488012 -80.99280644953251 -19.751546992221847 30.04488515853882
45.518527435 -81.0516901165247 -19.71014036075212 30.044991970062256
45.538602347 -81.09089757502079 -19.682499064365402 30.045060634613037
45.558591666 -81.14972020685673 -19.641151560703292 30.045156002044678
45.578506384 -81.18891240656376 -19.613559855381027 30.045213222503662
45.598505784 -81.24765874445438 -19.57213987247087 30.045281887054443
45.618518775 -81.28678990900517 -19.544498576084152 30.045304775238037
45.638658779 -81.34545232355595 -19.502985133090988 30.0453200340271
45.658629624 -81.38452245295048 -19.475383891025558 30.045297145843506
45.678535122 -81.44307042658329 -19.43391622439958 30.045243740081787
45.698493229 -81.4820871502161 -19.406261576572433 30.045167446136475
45.718507054 -81.54060460627079 -19.364759577671066 30.04504156112671
45.738851867 -81.57958318293095 -19.337036265293136 30.04494619369507
45.75858562 -81.63810063898563 -19.295465601840988 30.044755458831787
45.779256961 -81.67710973322392 -19.267706049839035 30.044618129730225
45.798532142 -81.73561955988407 -19.22600187198259 30.044393062591553
45.818637367 -81.77464391291142 -19.198221339145675 30.044209957122803
45.838691161 -81.83310796320438 -19.156459940830246 30.043935298919678
45.8585762 -81.87206365168095 -19.128601206699386 30.043756008148193
45.878555017 -81.93042851984501 -19.086752070346847 30.0434889793396
45.898516223 -81.96928502619267 -19.05886091128923 30.043290615081787
45.918502054 -82.0274973064661 -19.017009867588058 30.042943477630615
45.93867944 -82.06626226007938 -18.989053858676925 30.04270315170288
45.958617776 -82.12433721125126 -18.947204722324386 30.042287349700928
45.978514673 -82.1630182415247 -18.919262064853683 30.04199743270874
45.998480618 -82.2210016399622 -18.87728704349138 30.041547298431396
46.018488064 -82.25965215265751 -18.84933484927751 30.041249752044678
46.038598138 -82.31758214533329 -18.807317866245285 30.040814876556396
46.058607933 -82.35617162287235 -18.779281748691574 30.040536403656006
46.078580271 -82.41401769220829 -18.73721326724626 30.04010534286499
46.098491467 -82.45255376398563 -18.7091218365822 30.039823055267334
46.118508027 -82.51035405695438 -18.667024744907394 30.039350032806396
46.138728852 -82.5488596111536 -18.63886464969255 30.03906011581421
46.158609658 -82.60656072199345 -18.596725596347824 30.038655757904053
46.178518614 -82.64500524103642 -18.56862081424333 30.038407802581787
46.198518616 -82.70263768732548 -18.526439799228683 30.03805685043335
46.218507417 -82.7410211712122 -18.498378886142746 30.03784704208374
46.238637601 -82.79856206476688 -18.456215037265792 30.03757619857788
46.258614508 -82.83689977228642 -18.428087366977707 30.03742742538452
46.278614568 -82.89437963068485 -18.385885371128097 30.037225246429443
46.298487953 -82.93266393244267 -18.357704295078292 30.037103176116943
46.318596934 -82.99007512629032 -18.315502299228683 30.03695821762085
46.338626682 -83.02832891047001 -18.287332667270675 30.036866664886475
46.358754997 -83.08567906916142 -18.245029581943527 30.03675603866577
46.378523805 -83.12390233576298 -18.21685994998552 30.036702632904053
46.398510307 -83.1812067180872 -18.17446149722673 30.03664541244507
46.418556253 -83.21935369074345 -18.14622892276384 30.036664485931396
46.438585963 -83.2765436321497 -18.103820933261886 30.03672170639038
46.458705579 -83.3146295696497 -18.07555021182634 30.036778926849365
46.478537518 -83.37172032892704 -18.033134592929855 30.0368971824646
46.498555547 -83.40976049005985 -18.004808558383957 30.03699254989624
46.518511464 -83.46673680841923 -17.962396754184738 30.037137508392334
46.538571567 -83.50470067560673 -17.93410505191423 30.037248134613037
46.558677633 -83.56160070002079 -17.891639841953292 30.037408351898193
46.578689332 -83.59951116144657 -17.863407267490402 30.037518978118896
46.598514964 -83.65634252130985 -17.821018351474777 30.037702083587646
46.618517356 -83.69420720636845 -17.79278196231462 30.037827968597412
46.638526283 -83.75097753107548 -17.75047124759294 30.03803014755249
46.658621905 -83.78881169855595 -17.72223867313005 30.038190364837646
46.67856518 -83.84553624689579 -17.679943217197433 30.03849172592163
46.698536675 -83.88334752619267 -17.65171636478044 30.038697719573975
46.71851624 -83.94004155695438 -17.609483851352707 30.038995265960693
46.738654678 -83.97782231867313 -17.581304682651535 30.039193630218506
46.75867089 -84.03448583185673 -17.538999689975753 30.0394606590271
46.779213203 -84.07226659357548 -17.510803355136886 30.039628505706787
46.798526325 -84.12890721857548 -17.468408717075363 30.039865016937256
46.818559681 -84.1666574627161 -17.440084589878097 30.04001760482788
46.838582779 -84.22327519953251 -17.397512568393722 30.040231227874756
46.859346588 -84.26102544367313 -17.369070185581222 30.040364742279053
46.878559676 -84.31762029230595 -17.326362742343917 30.04055166244507
46.898490964 -84.35534001886845 -17.297828806797042 30.04066228866577
46.918482782 -84.41190434992313 -17.254942072788253 30.040814876556396
46.938568482 -84.44960118830204 -17.226312769809738 30.040902614593506
46.958651661 -84.5061350017786 -17.183300150791183 30.041009426116943
46.978542279 -84.54381658136845 -17.15458501712419 30.0410475730896
46.998521612 -84.60034276545048 -17.111421717563644 30.04110097885132
47.018458916 -84.63802434504032 -17.082586420932785 30.04114294052124
47.038484147 -84.69458867609501 -17.039264811435714 30.041188716888428
47.059059598 -84.73230077326298 -17.01033224002458 30.04119634628296
47.078939997 -84.78889562189579 -16.966882838169113 30.04114294052124
47.098519235 -84.82663823664188 -16.937860621372238 30.04110097885132
47.118504078 -84.88327123224735 -16.89424146548845 30.04102849960327
47.138532521 -84.92104436457157 -16.865089548984542 30.040956020355225
47.158877979 -84.97772313654423 -16.821279658237472 30.040849208831787
47.178569519 -85.0155344158411 -16.792011393466964 30.040772914886475
47.198523785 -85.07225896418095 -16.748031748691574 30.040658473968506
47.218478351 -85.11008550226688 -16.718666209140792 30.040589809417725
47.238473801 -85.16684056818485 -16.674547327915207 30.04049825668335
47.25896448 -85.20467473566532 -16.645094050327316 30.040433406829834
47.279108892 -85.26143743097782 -16.600877894321457 30.04030752182007
47.298518037 -85.29926396906376 -16.571384562412277 30.04021978378296
47.318620093 -85.35599614679813 -16.527118815341964 30.040086269378662
47.338582015 -85.39378453791142 -16.497583521762863 30.039998531341553
47.359293363 -85.45044042170048 -16.453233851352707 30.03988790512085
47.378542619 -85.48817540705204 -16.423629893222824 30.0398268699646
47.398670598 -85.54474736750126 -16.379144801059738 30.039750576019287
47.418558948 -85.5824518352747 -16.349453104892746 30.03967809677124
47.438495367 -85.63896276056767 -16.30485929385759 30.039578914642334
47.458743226 -85.67664434015751 -16.275106562534347 30.03952169418335
47.478564556 -85.73314000666142 -16.230463160434738 30.03944158554077
47.498521147 -85.77079869806767 -16.20068563357927 30.039388179779053
47.518480831 -85.82728673517704 -16.155986918369308 30.039334774017334
47.538536762 -85.86493779718876 -16.12616170779802 30.039266109466553
47.5586211 -85.92141057550907 -16.08137525455095 30.039151668548584
47.578558058 -85.95904637873173 -16.05146993533708 30.039044857025146
47.598501823 -86.01548101007938 -16.006557597080246 30.038865566253662
47.618476373 -86.05310918390751 -15.976589335361496 30.038766384124756
47.638505904 -86.10949040949345 -15.931551112094894 30.03855276107788
47.658672533 -86.14708806574345 -15.901492251316085 30.038411617279053
47.678541519 -86.20348455011845 -15.85635961429216 30.03820562362671
47.698511812 -86.24109746515751 -15.826237811008468 30.038045406341553
47.718468903 -86.29752446711063 -15.78105558292009 30.037824153900146
47.738540386 -86.3351373821497 -15.750902308383957 30.037675380706787
47.758629541 -86.39155675470829 -15.70565046207048 30.03743886947632
47.779681477 -86.42916966974735 -15.67546190158464 30.037278652191162
47.799641978 -86.48557378351688 -15.630164278903976 30.037042140960693
47.819622909 -86.52317906916142 -15.59996427432634 30.036893367767334
47.839730192 -86.57952977716923 -15.554645670810714 30.036668300628662
47.860372302 -86.61708165705204 -15.524443758884445 30.036550045013428
47.879657069 -86.6733942180872 -15.479154719272628 30.036420345306396
47.899705409 -86.71089269220829 -15.448954714694992 30.036317348480225
47.919585022 -86.76713658869267 -15.403649462619796 30.03619909286499
47.940000433 -86.80461217463017 -15.3734227551613 30.036115169525146
47.959824539 -86.86081792414188 -15.328072680393234 30.035951137542725
47.979662227 -86.89828588068485 -15.297845972934738 30.035844326019287
47.999633272 -86.95445348322392 -15.252516879001632 30.035665035247803
48.019598261 -86.99189855158329 -15.222307337680832 30.03552770614624
48.039705155 -87.04802037775517 -15.176964892307296 30.0353102684021
48.059822122 -87.08542729914188 -15.146744860569015 30.035172939300537
48.079669738 -87.14154149591923 -15.101417673984542 30.034982204437256
48.099634788 -87.17894841730595 -15.071195734897628 30.034844875335693
48.119599062 -87.23506261408329 -15.025881899753585 30.03461217880249
48.139733222 -87.27246190607548 -14.995675219455734 30.034471035003662
48.15988108 -87.32855321466923 -14.950387133518234 30.03427267074585
48.179681601 -87.36596013605595 -14.920210017124191 30.034154415130615
48.199629665 -87.42208196222782 -14.874994410434738 30.033998012542725
48.219614563 -87.45953465998173 -14.84487451449968 30.033902645111084
48.239656319 -87.51577092707157 -14.79972947970964 30.033788204193115
48.259742379 -87.55326940119267 -14.769671572605148 30.0337233543396
48.279662404 -87.60954381525517 -14.724640978733078 30.033639430999756
48.299619779 -87.64704228937626 -14.694668902317062 30.033597469329834
48.319609716 -87.70332433283329 -14.649743212619796 30.033524990081787
48.339661259 -87.74086095392704 -14.619831217685714 30.033475399017334
48.360218228 -87.79721929132938 -14.575022829929367 30.033376216888428
48.379662283 -87.83481694757938 -14.545173777500167 30.033311367034912
48.399654557 -87.89128209650517 -14.500522746006027 30.03320074081421
48.419666238 -87.92895604670048 -14.470793856540695 30.03312063217163
48.439734525 -87.98552037775517 -14.426256312290207 30.033002376556396
48.459725489 -88.02328588068485 -14.396603716770187 30.032899379730225
48.479688434 -88.07997228205204 -14.35214532748796 30.032762050628662
48.499648995 -88.11781407892704 -14.322520388523117 30.032674312591553
48.519610237 -88.1746149212122 -14.278093470493332 30.03254461288452
48.539682139 -88.21251012384892 -14.248490466037765 30.03244924545288
48.560400294 -88.26937963068485 -14.204113139072433 30.032273769378662
48.579694599 -88.3073053508997 -14.174537791172042 30.032155513763428
48.599625008 -88.36420537531376 -14.13018430606462 30.03191900253296
48.619597366 -88.40214635431767 -14.100636614719406 30.03171682357788
48.639629098 -88.45906926691532 -14.056335581699386 30.031388759613037
48.659788857 -88.49701787531376 -14.026810778537765 30.031114101409912
48.679648994 -88.55394078791142 -13.982510699192062 30.03072500228882
48.699618712 -88.59189702570438 -13.952956332126632 30.03043508529663
48.719582297 -88.64882756769657 -13.908574236789718 30.029950618743896
48.73966104 -88.6867990642786 -13.878973139682785 30.029637813568115
48.759935066 -88.74377538263798 -13.834516657749191 30.02907705307007
48.779672286 -88.7817697674036 -13.804885996738449 30.028748989105225
48.799611312 -88.83874608576298 -13.76041234866716 30.028199672698975
48.819623027 -88.87672521173954 -13.730767382541671 30.02785634994507
48.852633451 -88.93367864191532 -13.686307085910812 30.027333736419678
48.875752162 -88.97164250910282 -13.656619204441085 30.026963710784912
48.895717924 -89.0285959392786 -13.612084521213546 30.026463985443115
48.915615516 -89.06656743586063 -13.58238614932634 30.02613592147827
48.935608453 -89.12355901300907 -13.537829531589523 30.025636196136475
48.95561294 -89.16156865656376 -13.508128298679367 30.025323390960693
48.976008284 -89.21864415705204 -13.463548792758957 30.024869441986084
48.995648959 -89.25671483576298 -13.433815134922042 30.024587154388428
49.015612053 -89.31384374201298 -13.389190806308761 30.024190425872803
49.035598244 -89.35194493830204 -13.35939802066423 30.023927211761475
49.05557254 -89.4090891033411 -13.314738406101242 30.023595333099365
49.075872779 -89.44718267023563 -13.284968508640304 30.023370265960693
49.095638456 -89.50431157648563 -13.240350855747238 30.023087978363037
49.115635373 -89.54238225519657 -13.21064199344255 30.022916316986084
49.135609022 -89.59943486750126 -13.166138781467453 30.022645473480225
49.155596264 -89.63745214045048 -13.136492861667648 30.02248525619507
49.176068064 -89.69442845880985 -13.092068804660812 30.022218227386475
49.195658318 -89.73240758478642 -13.062480105319992 30.02203893661499
49.215618597 -89.78938390314579 -13.018130434909835 30.02178716659546
49.235600484 -89.82733251154423 -12.988571299472824 30.021607875823975
49.255579753 -89.88427068293095 -12.94425023929216 30.021371364593506
49.275811624 -89.92221929132938 -12.91470922366716 30.02121877670288
49.295643665 -89.97914983332157 -12.870406283298507 30.020997524261475
49.315604896 -90.01710607111454 -12.84088052646257 30.02087163925171
49.335809373 -90.07401372492313 -12.796613825717941 30.020699977874756
49.355640576 -90.11194707453251 -12.767110957065597 30.020616054534912
49.376130625 -90.16882421076298 -12.722855700412765 30.020501613616943
49.395735656 -90.20674993097782 -12.693361414829269 30.020448207855225
49.415608493 -90.26362706720829 -12.64913476840593 30.02038335800171
49.435602678 -90.30152226984501 -12.619671954074875 30.02030324935913
49.455554821 -90.35836888849735 -12.575484408298507 30.02021551132202
49.475770537 -90.39624883234501 -12.546032084384933 30.02016592025757
49.495656902 -90.4530573040247 -12.501813067356125 30.020081996917725
49.515648423 -90.49093724787235 -12.472325457492843 30.020040035247803
49.535620951 -90.54773046076298 -12.428012980381027 30.019944667816162
49.55560632 -90.58561040461063 -12.398452891269699 30.019887447357178
49.57574254 -90.64244939386845 -12.354080332675949 30.01978826522827
49.595689806 -90.6803522258997 -12.324494494358078 30.019731044769287
49.615637842 -90.73719121515751 -12.280120028415695 30.019662380218506
49.635652138 -90.77507115900517 -12.250513209262863 30.01959753036499
49.655582373 -90.83189488947392 -12.206086291233078 30.019521236419678
49.675756968 -90.86976720392704 -12.17643846408464 30.019464015960693
49.69566715 -90.9265451580286 -12.13195432559587 30.019383907318115
49.715656976 -90.96440221369267 -12.102301730075851 30.01934576034546
49.735629358 -91.02118779718876 -12.057749880710617 30.019246578216553
49.755589344 -91.05904485285282 -12.028039111057296 30.01918935775757
49.775686372 -91.11584569513798 -11.983453883090988 30.019113063812256
49.795832122 -91.1537180095911 -11.953658236423507 30.019036769866943
49.815632582 -91.21051885187626 -11.90898527042009 30.018949031829834
49.835684367 -91.24837590754032 -11.87920011417009 30.018907070159912
49.855638445 -91.30516912043095 -11.834539545932785 30.018880367279053
49.875804988 -91.34301854670048 -11.804763926425949 30.01888418197632
49.895745099 -91.39978124201298 -11.76011766330339 30.018922328948975
49.915635984 -91.43763829767704 -11.730364931980148 30.018968105316162
49.935664256 -91.49443151056767 -11.685743464389816 30.01912832260132
49.955606725 -91.53229619562626 -11.65602601901628 30.019254207611084
49.975683335 -91.58911229670048 -11.611496104160324 30.01950979232788
49.997279434 -91.62703038752079 -11.58185781375505 30.019704341888428
50.017266792 -91.68396092951298 -11.537423266330734 30.02001714706421
50.037270962 -91.72194005548954 -11.507816447177902 30.02022695541382
50.05729186 -91.77897740900517 -11.463393343845382 30.020535945892334
50.077419461 -91.81702519953251 -11.433780802646652 30.020741939544678
50.097287141 -91.87416173517704 -11.389343394199386 30.02100896835327
50.117256058 -91.9122629314661 -11.359739436069503 30.02121114730835
50.137264697 -91.96945287287235 -11.315285815158859 30.021531581878662
50.15726718 -92.00759221613407 -11.285650385776535 30.021745204925537
50.177372648 -92.06481267511845 -11.241206301609054 30.02204656600952
50.1973059 -92.10299779474735 -11.211548937717453 30.02224111557007
50.217270792 -92.16031743586063 -11.167067660251632 30.022531032562256
50.237256667 -92.19855596125126 -11.137397898593917 30.022725582122803
50.257214571 -92.25597478449345 -11.092846049228683 30.022992610931396
50.277644349 -92.29428197443485 -11.06314386264421 30.02317190170288
50.297287336 -92.35180760920048 -11.018522395053878 30.023393154144287
50.317279489 -92.39018346369267 -10.988766802707687 30.023526668548584
50.337253893 -92.4478082805872 -10.944116724887863 30.02375555038452
50.357289074 -92.48629857599735 -10.91430295840837 30.023850917816162
50.377417206 -92.54403783380985 -10.869633807102218 30.024037837982178
50.397370257 -92.58256627619267 -10.839830531040207 30.024129390716553
50.417311234 -92.64036656916142 -10.795148981967941 30.02427053451538
50.437281074 -92.67891789972782 -10.765363825717941 30.02435827255249
50.457275659 -92.73678685724735 -10.720707072177902 30.024484157562256
50.477965971 -92.77538396418095 -10.690955294528976 30.02457571029663
50.497327562 -92.83333684504032 -10.64627374545671 30.024678707122803
50.517344443 -92.87198735773563 -10.616495264926925 30.02475118637085
50.537253628 -92.92999364435673 -10.571841372409835 30.02484655380249
50.557240023 -92.96866704523563 -10.54210008517839 30.02489995956421
50.577406179 -93.02667333185673 -10.497524393955246 30.024983882904053
50.597253669 -93.06531621515751 -10.467832697788253 30.025041103363037
50.617285311 -93.12325383722782 -10.4232913388405 30.025155544281006
50.637315623 -93.16187383234501 -10.393608225742355 30.02528142929077
50.657233619 -93.21974278986454 -10.349136485019699 30.02549123764038
50.677433572 -93.25829412043095 -10.31951822177507 30.02564001083374
50.697295018 -93.31601811945438 -10.275075091281906 30.025887966156006
50.717281777 -93.35445500910282 -10.245461596408859 30.02606725692749
50.737279481 -93.41204930841923 -10.201073779026046 30.026360988616943
50.757253167 -93.45034123957157 -10.171483172336593 30.026566982269287
50.777597178 -93.50775243341923 -10.127113474765792 30.026875972747803
50.797306316 -93.54597570002079 -10.097535265842453 30.027085781097412
50.817306331 -93.60328008234501 -10.053172243991867 30.027390956878662
50.837340328 -93.64147283136845 -10.023611201206222 30.027608394622803
50.857259055 -93.69875432550907 -9.979279650608078 30.02796697616577
50.87876545 -93.73695470392704 -9.949725283542648 30.028245449066162
50.898646082 -93.79425908625126 -9.905388964572921 30.028714656829834
50.91860025 -93.83247472345829 -9.875834597507492 30.02905035018921
50.938670598 -93.8898019939661 -9.831512583652511 30.029542446136475
50.958659895 -93.92802526056767 -9.8019534482155 30.029901027679443
50.979538404 -93.98536778986454 -9.757638110080734 30.03043508529663
50.998652204 -94.02360631525517 -9.728096140781417 30.030805110931396
51.018636425 -94.08094884455204 -9.683783663669601 30.03136968612671
51.038685182 -94.11917974054813 -9.654254092136398 30.031781673431396
51.058801874 -94.17649175226688 -9.609900607028976 30.03237295150757
51.080021139 -94.21469213068485 -9.58031858340837 30.032777309417725
51.10001549 -94.27197362482548 -9.535928858676925 30.03339910507202
51.119900927 -94.31018163263798 -9.506267680088058 30.03381109237671
51.139949152 -94.3674860149622 -9.461796893039718 30.03437566757202
51.160027981 -94.40568639338017 -9.432145251194015 30.034745693206787
51.179993871 -94.46297551691532 -9.387697352329269 30.035329341888428
51.199946215 -94.50116826593876 -9.358066691318527 30.03572988510132
51.219904041 -94.55844213068485 -9.313643587986007 30.036344051361084
51.239976967 -94.59662725031376 -9.284052981296554 30.036771297454834
51.260030103 -94.65390111505985 -9.239615572849289 30.03745412826538
51.279994033 -94.69210149347782 -9.209993494907394 30.037930965423584
51.299935256 -94.7494211345911 -9.165575159946457 30.038671016693115
51.319916962 -94.78764440119267 -9.135915888706222 30.03919744491577
51.340110151 -94.84499455988407 -9.091446055332199 30.0399489402771
51.360052332 -94.88322545588017 -9.061795367160812 30.040448665618896
51.380021446 -94.94057561457157 -9.01731981174089 30.04121160507202
51.399962643 -94.97882176935673 -8.987688197055832 30.04171133041382
51.419942246 -95.03620244562626 -8.943247927585617 30.042489528656006
51.439951788 -95.07446385920048 -8.913664950290695 30.042989253997803
51.460038493 -95.13185216486454 -8.86929906741716 30.0437331199646
51.480205117 -95.17011357843876 -8.839753283420578 30.04420232772827
51.499929978 -95.22750951349735 -8.795481814304367 30.04486608505249
51.519935562 -95.26577092707157 -8.765995158115402 30.045289516448975
51.539919474 -95.32314397394657 -8.72181428805925 30.045880794525146
51.560114964 -95.36137486994267 -8.692391528049484 30.046247005462646
51.579997998 -95.41867162287235 -8.648331774631515 30.046739101409912
51.59999628 -95.45686437189579 -8.618995798984542 30.047044277191162
51.619898377 -95.5140695720911 -8.575024737278 30.04743719100952
51.639932443 -95.55218602716923 -8.545743121067062 30.047688961029053
51.66010087 -95.60931493341923 -8.501869334140792 30.048020839691162
51.68000879 -95.64733220636845 -8.472643031040207 30.04821538925171
51.69998194 -95.70439244806767 -8.428846491733566 30.048463344573975
51.719951715 -95.74235631525517 -8.39970506564714 30.04858922958374
51.73996488 -95.79930974543095 -8.356036318698898 30.048757076263428
51.760039423 -95.83725835382938 -8.326949252048507 30.048844814300537
51.78000821 -95.89415074884892 -8.28335870639421 30.048943996429443
51.799928419 -95.93207646906376 -8.254323138156906 30.049005031585693
51.819912064 -95.98890782892704 -8.210806979099289 30.04901647567749
51.839949478 -96.02680303156376 -8.181792391696945 30.04904317855835
51.86008933 -96.0836496502161 -8.138272417942062 30.049058437347412
51.881028958 -96.12156011164188 -8.109231127658859 30.049073696136475
51.899959481 -96.17846776545048 -8.065671099582687 30.04909658432007
51.91989169 -96.21642400324345 -8.036615504184738 30.049119472503662
51.939930985 -96.2733698040247 -7.993033541599289 30.04913091659546
51.960021177 -96.31134893000126 -7.963990820804611 30.04913854598999
51.98011711 -96.36832524836063 -7.920437945285812 30.04913091659546
51.999970591 -96.40631200373173 -7.891424311557785 30.049123287200928
52.019911327 -96.46328069269657 -7.847858084598556 30.049066066741943
52.039929634 -96.5012750774622 -7.81880439654924 30.049031734466553
52.060010654 -96.55827428400517 -7.775214327732101 30.048978328704834
52.079986207 -96.59626866877079 -7.7460991276893765 30.048932552337646
52.100028744 -96.65326024591923 -7.702427996555343 30.0488600730896
52.119928512 -96.69125463068485 -7.6732865704689175 30.048810482025146
52.140048959 -96.74823857843876 -7.629540099063888 30.048715114593506
52.159963893 -96.78623296320438 -7.600379599491134 30.04865026473999
52.180035927 -96.84318639338017 -7.5565639866981655 30.048566341400146
52.199929215 -96.88115026056767 -7.52734817401506 30.048509120941162
52.219920393 -96.93809606134892 -7.483516825595871 30.048402309417725
52.239908554 -96.97605992853642 -7.454297675052658 30.048326015472412
52.259911808 -97.03299809992313 -7.410475386539474 30.04819631576538
52.280129318 -97.07093144953251 -7.381222857395187 30.04810857772827
52.299975375 -97.1278619915247 -7.3373586072120816 30.04799795150757
52.319914432 -97.16584111750126 -7.308100356021896 30.047914028167725
52.339921763 -97.22281743586063 -7.264219893375412 30.04779577255249
52.359982389 -97.26082707941532 -7.234985960880294 30.04770803451538
52.38015644 -97.31784154474735 -7.191138399997726 30.047505855560303
52.399939094 -97.35587407648563 -7.161932124057785 30.047349452972412
52.419950846 -97.41294194757938 -7.118168009677902 30.04709005355835
52.439933813 -97.45099736750126 -7.0890041722450405 30.04688024520874
52.459935734 -97.50811864435673 -7.045288695255294 30.046552181243896
52.48017168 -97.54620458185673 -7.016152991214767 30.046308040618896
52.499973069 -97.60334111750126 -6.9724856747779995 30.045941829681396
52.519939636 -97.64143468439579 -6.943382872501388 30.04566717147827
52.539911861 -97.69854833185673 -6.899752272525802 30.045262813568115
52.559960131 -97.73663426935673 -6.870695723453537 30.04499578475952
52.580173748 -97.79377843439579 -6.827140463748947 30.04459524154663
52.60001035 -97.83191014826298 -6.7981053723488 30.044347286224365
52.619907494 -97.88914586603642 -6.754560126224533 30.04398488998413
52.640045949 -97.92731572687626 -6.725514544406906 30.04370641708374
52.659936451 -97.98459722101688 -6.681976450840011 30.043321132659912
52.680735377 -98.02280522882938 -6.652956618228927 30.043073177337646
52.701033714 -98.08012486994267 -6.609442843357101 30.042699337005615
52.72100772 -98.11835576593876 -6.580455435672775 30.042462825775146
52.740994129 -98.17568303644657 -6.536947382846847 30.042161464691162
52.761165733 -98.21392919123173 -6.507978094974533 30.041982173919678
52.781156537 -98.27126409113407 -6.464514864841476 30.041688442230225
52.800988593 -98.30949498713017 -6.435550822177902 30.041490077972412
52.820960855 -98.3668527752161 -6.392120970645919 30.041188716888428
52.841016186 -98.40509130060673 -6.363168372074142 30.040936946868896
52.861124672 -98.46246434748173 -6.319783343235031 30.040574550628662
52.881075576 -98.50072576105595 -6.29088462726213 30.040334224700928
52.901017179 -98.5581369549036 -6.247584475437179 30.039998531341553
52.921005274 -98.59642888605595 -6.218747748294845 30.03979253768921
52.941012031 -98.65393163263798 -6.175513876834884 30.039430141448975
52.961117745 -98.6922922283411 -6.146706713596359 30.039212703704834
52.981361145 -98.74985601007938 -6.103524817386642 30.038930416107178
53.000999168 -98.78827001154423 -6.074737681308761 30.038758754730225
53.020995158 -98.84590245783329 -6.031599654117599 30.03853750228882
53.040968602 -98.8843317180872 -6.00285972491838 30.038377285003662
53.061043756 -98.94198705255985 -5.959787024417892 30.038156032562256
53.081066487 -98.98044683039188 -5.931090964237228 30.038018703460693
53.101008058 -99.0381403118372 -5.888065470615402 30.03781270980835
53.120966454 -99.07660008966923 -5.859404696384445 30.037686824798584
53.141019382 -99.13429357111454 -5.816443575778976 30.03756093978882
53.161046593 -99.17276860773563 -5.7878514660988 30.03748083114624
53.181671135 -99.23050786554813 -5.745036257663742 30.037347316741943
53.200999179 -99.26904393732548 -5.716536177555099 30.037240505218506
53.221053112 -99.32688237726688 -5.673824442783371 30.037099361419678
53.240981795 -99.36547185480595 -5.645381583133712 30.03699254989624
53.261036652 -99.42340947687626 -5.602705611148849 30.03684377670288
53.281125013 -99.46204473078251 -5.574257983127609 30.03675603866577
53.301002712 -99.52004338800907 -5.531592501560226 30.036607265472412
53.320975328 -99.55871678888798 -5.503161086002365 30.036515712738037
53.34105787 -99.61676122248173 -5.460487021366134 30.03638219833374
53.361054761 -99.6554498821497 -5.432018412509933 30.036302089691162
53.38108461 -99.71347905695438 -5.3892876042518765 30.036180019378662
53.401006483 -99.75214482843876 -5.360726488986984 30.03606939315796
53.421001397 -99.81014348566532 -5.317872179904953 30.035909175872803
53.440963451 -99.84879399836063 -5.289266241947189 30.03579092025757
53.460971972 -99.90675450861454 -5.246365202823654 30.035611629486084
53.481120918 -99.94539739191532 -5.217779292026535 30.035497188568115
53.500990561 -100.0033502727747 -5.174876345554367 30.035298824310303
53.521017946 -100.04200078547001 -5.1462737454567105 30.035176753997803
53.540978901 -100.09999181330204 -5.1033755673561245 30.035035610198975
53.561058735 -100.13866521418095 -5.074792994419113 30.034947872161865
53.581061737 -100.19670201838017 -5.031941546360031 30.034860134124756
53.60098968 -100.23543645441532 -5.003387106815353 30.03481435775757
53.620999207 -100.29354955255985 -4.960591925540939 30.03476095199585
53.641006025 -100.33231450617313 -4.932087553897873 30.034684658050537
53.660993155 -100.39050389826298 -4.889350546756759 30.0345778465271
53.681662066 -100.42931462824345 -4.860878600040451 30.034532070159912
53.700999683 -100.48759557306767 -4.8181792630348355 30.034467220306396
53.721095343 -100.52647496759892 -4.7897063626442105 30.034432888031006
53.740986701 -100.58483220636845 -4.746991766849533 30.03438711166382
53.761003622 -100.62378789484501 -4.718470705905929 30.034379482269287
53.7811616 -100.68225957453251 -4.675680769840255 30.034383296966553
53.80099271 -100.72126866877079 -4.647121561923996 30.034406185150146
53.820994654 -100.77980138361454 -4.604278696933761 30.034467220306396
53.84097775 -100.81885625422001 -4.575682295719162 30.034535884857178
53.860980309 -100.87744237482548 -4.5327483548317105 30.034642696380615
53.88115739 -100.91650487482548 -4.5041300191078335 30.0346999168396
53.900998756 -100.97510625422001 -4.461140765110031 30.03476095199585
53.920981035 -101.01417638361454 -4.432487620273605 30.03480291366577
53.940984641 -101.07279302179813 -4.38951743976213 30.03488302230835
53.961023153 -101.11187840998173 -4.3608733548317105 30.034932613372803
53.981256914 -101.17052556574345 -4.317927493015304 30.035001277923584
54.000982319 -101.20964147150517 -4.289298190036789 30.035043239593506
54.02096491 -101.26834966242313 -4.246359480777755 30.035111904144287
54.040965792 -101.30749608576298 -4.217747820774093 30.03515386581421
54.061011519 -101.36627294123173 -4.174825323978439 30.035199642181396
54.081247024 -101.40544225275517 -4.146234644809738 30.03524923324585
54.101008892 -101.46424962580204 -4.103349341312423 30.035325527191162
54.120979621 -101.50346471369267 -4.0747710599098355 30.03537893295288
54.141015945 -101.56229497492313 -4.03192581073381 30.03550100326538
54.161034786 -101.60154058039188 -4.003345621982589 30.035573482513428
54.181358544 -101.66040898859501 -3.960493697086349 30.03568410873413
54.200987388 -101.69966222345829 -3.931922091403976 30.03574514389038
54.221061175 -101.75854589045048 -3.8890973462257534 30.035817623138428
54.240977972 -101.79779149591923 -3.8605758084449917 30.035855770111084
54.26109594 -101.85665227472782 -3.8178008927498013 30.035874843597412
54.281204565 -101.89588262140751 -3.789282454410568 30.035874843597412
54.300993019 -101.95471288263798 -3.746506585041061 30.03585195541382
54.32098715 -101.99391271173954 -3.71796358958818 30.0357985496521
54.340973497 -102.05269719660282 -3.675184143939987 30.035741329193115
54.362279299 -102.09186650812626 -3.6466490163002163 30.035653591156006
54.382244701 -102.15060521662235 -3.603860510746017 30.035512447357178
54.402209983 -102.1897516399622 -3.5753198994789273 30.035401821136475
54.422175763 -102.24847508966923 -3.532484663883224 30.035199642181396
54.442141618 -102.28760625422001 -3.5039354695472866 30.03511953353882
54.462284596 -102.34629155695438 -3.4611042870674282 30.0349440574646
54.482245373 -102.38539220392704 -3.43256319896318 30.0348219871521
54.502194898 -102.44398595392704 -3.3897718323860317 30.03463125228882
54.522156779 -102.48301030695438 -3.3612603081855923 30.034486293792725
54.542131843 -102.54152013361454 -3.318521393695846 30.034322261810303
54.562289793 -102.5804987102747 -3.290043248096481 30.034215450286865
54.582239357 -102.63896276056767 -3.2473219765815884 30.03408193588257
54.602172544 -102.67792607843876 -3.218850745121017 30.034013271331787
54.622164497 -102.73635198175907 -3.1761371030006558 30.033921718597412
54.64216256 -102.77529241144657 -3.147672070423141 30.03387212753296
54.662293412 -102.83371068537235 -3.1049291028175503 30.03381109237671
54.682249499 -102.87265111505985 -3.07642043964006 30.03378438949585
54.702166177 -102.93107701838017 -3.033639325061813 30.033753871917725
54.722186528 -102.97003270685673 -3.0050689114723355 30.033738613128662
54.742146041 -103.02844335138798 -2.9622205628547817 30.033708095550537
54.762356733 -103.06737615168095 -2.9336325062904507 30.03369665145874
54.782225892 -103.12577916681767 -2.8907107247505337 30.033692836761475
54.802281125 -103.1647043377161 -2.8621033562812954 30.033711910247803
54.822160138 -103.2230768352747 -2.819119347492233 30.033742427825928
54.842164836 -103.26196385920048 -2.7904695405159146 30.033780574798584
54.862256418 -103.32028295099735 -2.7475117577705532 30.0338454246521
54.88227303 -103.35913182795048 -2.7188753022346646 30.033891201019287
54.902188031 -103.41736699640751 -2.6759222878608853 30.033952236175537
54.922139901 -103.45614720880985 -2.647267950931564 30.03397512435913
54.94216527 -103.51429845392704 -2.6043032540474087 30.033982753753662
54.962225669 -103.55304051935673 -2.5756396187935024 30.033963680267334
54.982255996 -103.61114598810673 -2.5325955285225064 30.03389883041382
55.00218491 -103.64987279474735 -2.5039020909462124 30.033856868743896
55.022149768 -103.70793248713017 -2.460787190357223 30.03371572494507
55.042190232 -103.7466364055872 -2.4320191277656704 30.03357458114624
55.062208585 -103.80469609797001 -2.388833893695846 30.033353328704834
55.082207939 -103.84337712824345 -2.359980715671554 30.03318166732788
55.102194807 -103.9013986736536 -2.3167215718422085 30.032952785491943
55.122153737 -103.94007207453251 -2.2878729237709194 30.03278875350952
55.142197461 -103.99806310236454 -2.2446271313820034 30.03253698348999
55.162218637 -104.03672124445438 -2.2157923115883023 30.032365322113037
55.18255772 -104.09468175470829 -2.172527445713058 30.032151699066162
55.202193731 -104.13332463800907 -2.1436983479652554 30.03204107284546
55.222189031 -104.19126226007938 -2.100445164600387 30.031842708587646
55.242193318 -104.22989751398563 -2.071621788898483 30.03170156478882
55.262248895 -104.28786565363407 -2.0284053219947964 30.031484127044678
55.282373995 -104.32652379572392 -1.9995740784797817 30.031297206878662
55.302208682 -104.38451482355595 -1.9563578499946743 30.03103017807007
55.322168609 -104.42319585382938 -1.9275487794075161 30.030843257904053
55.342384055 -104.48121739923954 -1.8843339814338833 30.03055715560913
55.362168553 -104.51989842951298 -1.8555468453560024 30.030377864837646
55.382256612 -104.57792760431767 -1.8123092784080654 30.030045986175537
55.402176098 -104.61662389338017 -1.783520950237289 30.029862880706787
55.422166308 -104.67465306818485 -1.7402933968696743 30.029534816741943
55.442168435 -104.71334935724735 -1.7114846839103848 30.02930974960327
55.462138478 -104.77140142023563 -1.668283952632919 30.028977870941162
55.482299829 -104.8101129680872 -1.639443768421188 30.028707027435303
55.502307322 -104.86820317804813 -1.596222890773788 30.028329372406006
55.522155778 -104.90692998468876 -1.5674176348838955 30.028062343597412
55.542190091 -104.96504308283329 -1.5241967572364956 30.027631282806396
55.562269929 -105.00378514826298 -1.495399488369003 30.027360439300537
55.582843524 -105.06188298761845 -1.4521429671440274 30.026822566986084
55.602172102 -105.1006174236536 -1.4233083857689053 30.02646017074585
55.622146759 -105.15873052179813 -1.3800627125892788 30.025926113128662
55.642181797 -105.19748021662235 -1.3512154950294644 30.025479793548584
55.662148134 -105.25560857355595 -1.3080037964973599 30.02489995956421
55.68239724 -105.29433538019657 -1.279177917400375 30.024457454681396
55.702185809 -105.35242559015751 -1.2359784974250942 30.023820400238037
55.72218351 -105.39113713800907 -1.2071874274406582 30.023393154144287
55.742146369 -105.44917394220829 -1.1640108956489712 30.022756099700928
55.762236829 -105.48786260187626 -1.1352480782661587 30.0223708152771
55.782361382 -105.54586888849735 -1.0920833481941372 30.021783351898193
55.802197916 -105.58453465998173 -1.0633369816932827 30.02142858505249
55.822156401 -105.64251805841923 -1.0202621354255825 30.020936489105225
55.842218329 -105.68116094172001 -0.9915712608490139 30.02063512802124
55.862108913 -105.73914434015751 -0.9485841526184231 30.020238399505615
55.88237967 -105.77779485285282 -0.9199525250587612 30.019994258880615
55.902184812 -105.83578588068485 -0.8770199550781399 30.019670009613037
55.922148109 -105.8744440227747 -0.8484240903053433 30.019486904144287
55.94214056 -105.93239690363407 -0.8055580391082913 30.019208431243896
55.962155062 -105.97103215754032 -0.777005864540115 30.019063472747803
55.982630214 -106.0289621502161 -0.7342319621238858 30.018834590911865
56.002166265 -106.06758977472782 -0.7057535781059414 30.018693447113037
56.022147553 -106.12553502619267 -0.6630892886314541 30.01852560043335
56.042154431 -106.16414739191532 -0.6346738471183926 30.018487453460693
56.062113799 -106.22206975519657 -0.5921101106796414 30.01849126815796
56.082306921 -106.26069737970829 -0.5637750758323818 30.01852560043335
56.102201559 -106.31860448420048 -0.5213012231979519 30.01862859725952
56.122175507 -106.3572092205286 -0.4930085076484829 30.018731594085693
56.142159016 -106.41503240168095 -0.4506513609085232 30.019002437591553
56.162124731 -106.45356847345829 -0.4224482311401516 30.019227504730225
56.182315883 -106.51136113703251 -0.38019339577294886 30.019586086273193
56.202192749 -106.54986669123173 -0.3520802988205105 30.01984930038452
56.222209903 -106.60759069025517 -0.3099858893547207 30.020291805267334
56.242128832 -106.64604283869267 -0.2820230557117611 30.020596981048584
56.262121266 -106.70372869074345 -0.24013350741006434 30.021085262298584
56.282315035 -106.74218846857548 -0.2122635378036648 30.021424770355225
56.302199362 -106.79989720880985 -0.1705302877817303 30.02194356918335
56.322154218 -106.83837224543095 -0.14273595646955073 30.022298336029053
56.342238988 -106.89612676203251 -0.10111509100534022 30.022794246673584
56.362131265 -106.93464757502079 -0.07339050457812846 30.02312994003296
56.382765263 -106.99245549738407 -0.03183548734523356 30.023637294769287
56.402184403 -107.03105260431767 -0.004177972441539168 30.02396535873413
56.422181073 -107.08895970880985 0.037276161601766944 30.02447271347046
56.442173251 -107.12757970392704 0.06488344608806074 30.024831295013428
56.462079939 -107.18551732599735 0.10627082898281515 30.02536916732788
56.482322619 -107.22414495050907 0.1338297741021961 30.025723934173584
56.502200355 -107.28209020197392 0.17515126033686101 30.026246547698975
56.52216412 -107.3207330852747 0.20269262953661382 30.026593685150146
56.542171908 -107.37867070734501 0.24401530786417425 30.027066707611084
56.562117678 -107.4172907024622 0.27154995664022863 30.027371883392334
56.582288031 -107.47521306574345 0.3128347264137119 30.02783727645874
56.602179047 -107.51383306086063 0.3403441475238651 30.02813482284546
56.622142819 -107.57176305353642 0.3815971480216831 30.02856969833374
56.642144815 -107.61039830744267 0.4090927408542484 30.02883291244507
56.662094593 -107.6683664470911 0.45034729107283056 30.02919912338257
56.68233755 -107.70702458918095 0.47785259946249425 30.02944326400757
56.702227618 -107.76500035822392 0.5190729962196201 30.029794216156006
56.723340073 -107.80366612970829 0.5465577708091587 30.030038356781006
56.743299494 -107.86159612238407 0.5877574549522251 30.03033208847046
56.763340672 -107.90019322931767 0.6152227388229221 30.03053045272827
56.783457643 -107.9580621868372 0.6564256416168064 30.030782222747803
56.803331747 -107.99660588800907 0.6839241252746433 30.030930995941162
56.823376108 -108.05441381037235 0.7252003417816013 30.031156063079834
56.843348612 -108.09294225275517 0.7527520523872226 30.0312819480896
56.863344478 -108.15068151056767 0.794100628932938 30.031423091888428
56.883910005 -108.18917180597782 0.8216743932571262 30.031510829925537
56.903336907 -108.24685002863407 0.8630465732421726 30.031571865081787
56.923442472 -108.2853098064661 0.890651868423447 30.031602382659912
56.943297254 -108.34298802912235 0.9320937262382358 30.031659603118896
56.963331066 -108.38143254816532 0.9597536788787693 30.031667232513428
56.983593093 -108.43912602961063 1.0012422071304172 30.031693935394287
57.003309988 -108.47754766047001 1.0289215908851475 30.031663417816162
57.023364804 -108.53518010675907 1.0704469548072666 30.031617641448975
57.043318527 -108.57358647882938 1.0981340275611728 30.03156805038452
57.063280116 -108.6311578899622 1.1396765576209873 30.03143835067749
57.083460804 -108.66953374445438 1.1673744784202427 30.03134298324585
57.103324511 -108.72706700861454 1.2089222536887974 30.03109121322632
57.123310897 -108.7654352337122 1.236602054676041 30.030904293060303
57.143292238 -108.82301427423954 1.2780973778571934 30.03061819076538
57.163321287 -108.86139012873173 1.3057465420570225 30.030354976654053
57.183460854 -108.91898442804813 1.347189293941483 30.029935359954834
57.203348299 -108.95739080011845 1.3747871981468052 30.02961492538452
57.22331106 -109.0150461345911 1.4161454306449741 30.029096126556396
57.243291711 -109.05350591242313 1.4437037573661655 30.028756618499756
57.263283546 -109.11121465265751 1.4850054846610874 30.0282301902771
57.283506932 -109.14969731867313 1.5125310288276523 30.02789831161499
57.303336755 -109.2074289470911 1.5537791119422764 30.02736806869507
57.323310973 -109.24592687189579 1.5812740193214267 30.027020931243896
57.343412284 -109.30366612970829 1.6225174532737583 30.02646017074585
57.363315474 -109.34217168390751 1.649980412563309 30.026082515716553
57.383501018 -109.3999567180872 1.6911668644752353 30.025556087493896
57.403338462 -109.4385080486536 1.7186137305106968 30.025216579437256
57.423381858 -109.49638463556767 1.7597868309821934 30.02473211288452
57.443321244 -109.53498937189579 1.7872391806449741 30.0244460105896
57.463291139 -109.59297277033329 1.828424678882584 30.02398443222046
57.483451153 -109.6316461712122 1.8558876381721348 30.02369451522827
57.503340743 -109.68970586359501 1.8970885144080967 30.023282527923584
57.523344645 -109.72843267023563 1.9245512352790684 30.02301549911499
57.543242976 -109.78654576838017 1.9657369719352573 30.022565364837646
57.563283583 -109.82533361017704 1.9931958781089634 30.02222967147827
57.583478789 -109.88353063166142 2.034401284297928 30.021771907806396
57.603338791 -109.92233373224735 2.06188522442244 30.021474361419678
57.623314351 -109.98054601252079 2.1031468973960727 30.021066188812256
57.643328068 -110.01936437189579 2.130667553981766 30.020829677581787
57.663284415 -110.07762242853642 2.172008858760819 30.02048635482788
57.68344985 -110.1164865642786 2.1995800600852817 30.02026891708374
57.70336471 -110.17482854425907 2.2409547434654087 30.01996374130249
57.72331439 -110.21378423273563 2.2685655222740024 30.01973867416382
57.743242785 -110.2722482830286 2.3099924193229526 30.01944875717163
57.763296739 -110.31125737726688 2.3376322851981968 30.019261837005615
57.783429119 -110.3698053508997 2.3790961371269077 30.019017696380615
57.803382452 -110.40885259211063 2.4067424403037876 30.018853664398193
57.823325052 -110.46744634211063 2.4482160673942417 30.018617153167725
57.843282845 -110.50651647150517 2.4758669005241245 30.01847219467163
57.863244761 -110.56513310968876 2.5173901186790317 30.01822805404663
57.883538852 -110.60421086847782 2.545077191432938 30.018083095550537
57.903352335 -110.66285802423954 2.586620675167069 30.017892360687256
57.923367045 -110.70200444757938 2.614314185222611 30.01773977279663
57.943250885 -110.76073552668095 2.6558569537010044 30.01751470565796
57.963429272 -110.79990483820438 2.683559285243973 30.0173659324646
57.98347469 -110.85865880548954 2.7251270876731724 30.01710271835327
58.003383727 -110.89782048761845 2.752841340145096 30.01694631576538
58.023311401 -110.95656682550907 2.7944396601524204 30.016698360443115
58.043247598 -110.99572850763798 2.8221689329948276 30.016499996185303
58.063322472 -111.05439855158329 2.863807784160599 30.01621389389038
58.083457067 -111.09349919855595 2.891593085369095 30.016038417816162
58.103352149 -111.15212346613407 2.9333048926200718 30.01581335067749
58.123303682 -111.19118596613407 2.9611743555869907 30.015653133392334
58.143251579 -111.24975682795048 3.0030041800346226 30.015485286712646
58.163315391 -111.28877355158329 3.0309246645774692 30.01540517807007
58.18347487 -111.34729100763798 3.072857485851273 30.015309810638428
58.203354474 -111.38629247248173 3.1008242235984653 30.015275478363037
58.223327657 -111.44476415216923 3.142855511745438 30.015225887298584
58.24323306 -111.48374272882938 3.170882330974564 30.01517629623413
58.263323671 -111.54219152033329 3.2129324541892856 30.01510763168335
58.28341486 -111.58117009699345 3.2409783469047397 30.015031337738037
58.303392643 -111.63961888849735 3.2830217943992466 30.014989376068115
58.323312332 -111.67858220636845 3.3110321627464145 30.014947414398193
58.343334538 -111.73703099787235 3.3530331717338413 30.015023708343506
58.363301862 -111.77600957453251 3.3810254202689976 30.01510763168335
58.383480432 -111.8345270305872 3.4230033026542515 30.015302181243896
58.403354262 -111.87354375422001 3.450979577144608 30.01547384262085
58.423338458 -111.93216802179813 3.4929829703178257 30.01574468612671
58.443281727 -111.97126866877079 3.5209971533622593 30.01595449447632
58.463412264 -112.0299387127161 3.563040600856766 30.016286373138428
58.483519153 -112.06907750666142 3.5910750494804233 30.01649236679077
58.503447725 -112.12780095636845 3.6331120596732944 30.01682424545288
58.52331869 -112.16696263849735 3.661137686809525 30.017056941986084
58.543244163 -112.22570134699345 3.7031665907707065 30.017446041107178
58.56334638 -112.26484777033329 3.7311750517692417 30.017716884613037
58.583452377 -112.32354833185673 3.7731755839195102 30.018144130706787
58.603363121 -112.36267186701298 3.8011659251060337 30.01844549179077
58.62333141 -112.42134954035282 3.8432282076682895 30.018849849700928
58.643274725 -112.46047307550907 3.8712881670799106 30.019147396087646
58.663252713 -112.51915837824345 3.9134040938224643 30.019578456878662
58.683428981 -112.55831243097782 3.9415274725761265 30.019845485687256
58.70337261 -112.61703588068485 3.9837144480552524 30.02026891708374
58.723325873 -112.6561823040247 4.011857377132401 30.020528316497803
58.743287462 -112.71490575373173 4.0541576014366 30.020867824554443
58.763321476 -112.75405217707157 4.082373486598954 30.02108907699585
58.78348523 -112.81272222101688 4.124824391445145 30.021378993988037
58.80340355 -112.85181523859501 4.153149949153885 30.021565914154053
58.823322692 -112.9104318767786 4.195676194271073 30.02182912826538
58.843289282 -112.94947911798954 4.224047051509842 30.021966457366943
58.863338894 -113.00800420343876 4.266622887691483 30.022172451019287
58.883560323 -113.04699803888798 4.295071946224198 30.02229070663452
58.903380206 -113.10546208918095 4.337763653835282 30.0224928855896
58.923315556 -113.14441777765751 4.366275178035721 30.022634029388428
58.943299146 -113.20282842218876 4.409125195583329 30.022782802581787
58.963291172 -113.24176122248173 4.437702046474442 30.02288579940796
58.983469031 -113.30008794367313 4.480707036098465 30.022984981536865
59.00346617 -113.33895207941532 4.509398804744706 30.02304983139038
59.023336918 -113.39723302423954 4.552473889430985 30.023149013519287
59.04325751 -113.4360895305872 4.581270085414872 30.023160457611084
59.063245371 -113.49437810480595 4.624442444881424 30.02320623397827
59.083437743 -113.53324224054813 4.653235779842362 30.023236751556396
59.104509926 -113.59152318537235 4.6963962183799595 30.02331304550171
59.12448153 -113.63036443293095 4.725169049343094 30.023362636566162
59.144426311 -113.68859960138798 4.768299923976883 30.023473262786865
59.164435765 -113.72741796076298 4.797027932247147 30.02355718612671
59.184654337 -113.78563787043095 4.840114461025223 30.023614406585693
59.204504325 -113.82444860041142 4.86881767376326 30.02364492416382
59.224486475 -113.88266088068485 4.911839829524979 30.023698329925537
59.244435495 -113.92147924005985 4.940545426448807 30.023751735687256
59.264403002 -113.97970677912235 4.983568535884842 30.023847103118896
59.284633753 -114.01853276789188 5.012235985836014 30.023908138275146
59.304489061 -114.07676030695438 5.055202351650223 30.02401113510132
59.324444233 -114.11557866632938 5.083815919002518 30.024095058441162
59.34451398 -114.17379094660282 5.12670456035994 30.024190425872803
59.364452234 -114.21260167658329 5.155259953578934 30.024281978607178
59.384612195 -114.2707834392786 5.198047028621659 30.02439260482788
59.40452133 -114.30956365168095 5.226529465755448 30.02448034286499
59.424485355 -114.36771489679813 5.269186364253983 30.02463674545288
59.444427057 -114.40645696222782 5.297601567348465 30.024747371673584
59.464419993 -114.46457768976688 5.340181218227372 30.02494192123413
59.484611724 -114.50331975519657 5.36853920086287 30.025079250335693
59.50483764 -114.56141759455204 5.411057339748368 30.025304317474365
59.52447646 -114.60014440119267 5.4393819437827915 30.025472164154053
59.544684612 -114.65830327570438 5.481901036342606 30.02569341659546
59.564491851 -114.69710637629032 5.510225163539872 30.025846004486084
59.58481544 -114.75534917414188 5.5526865588035434 30.026051998138428
59.6056416 -114.7942438274622 5.5810116396751255 30.02614736557007
59.625692083 -114.8525705486536 5.623447762569413 30.026326656341553
59.645612262 -114.8915109783411 5.651769028743729 30.02642583847046
59.66567025 -114.94995214045048 5.694239960750565 30.026570796966553
59.68599229 -114.98896123468876 5.722570286830887 30.026654720306396
59.705672571 -115.04753209650517 5.765086518367752 30.02675771713257
59.725636992 -115.08659459650517 5.793422089656815 30.02682638168335
59.745607696 -115.1452951580286 5.835968361934647 30.02689504623413
59.765710133 -115.18444921076298 5.864329682430252 30.02694082260132
59.785725328 -115.24322606623173 5.906864987453446 30.027020931243896
59.805678021 -115.28246404230595 5.935235844692215 30.027059078216553
59.825649219 -115.34132482111454 5.977778302272782 30.027127742767334
59.845588645 -115.38057042658329 6.006149159511551 30.027120113372803
59.865673374 -115.43946935236454 6.0487006769981235 30.027116298675537
59.886259895 -115.47873021662235 6.0770491228904575 30.02712392807007
59.9056323 -115.53766728937626 6.1195529566612095 30.02715826034546
59.925683085 -115.5769586712122 6.147867070278153 30.027204036712646
59.945577553 -115.63592626154423 6.190361844142899 30.0272536277771
59.965669327 -115.67524816095829 6.218670712551102 30.027291774749756
59.985825738 -115.73423101007938 6.261096345027909 30.02732229232788
60.005651735 -115.77362157404423 6.289348946651444 30.027299404144287
60.025660657 -115.83272649347782 6.331697331508622 30.02728796005249
60.045589111 -115.87217046320438 6.3599141703452915 30.027257442474365
60.06562776 -115.93138219416142 6.402234421810135 30.027196407318115
60.086862337 -115.97086431086063 6.430431233486161 30.02717351913452
60.10674864 -116.0301828533411 6.472747670253739 30.027127742767334
60.126703897 -116.06974126398563 6.5009430514182895 30.02709722518921
60.146618697 -116.12910558283329 6.543217526515946 30.0270094871521
60.167002075 -116.16868688166142 6.571371422847733 30.026944637298584
60.187329608 -116.2280588299036 6.613555298885331 30.026856899261475
60.206673024 -116.26764012873173 6.641622887691483 30.026761531829834
60.226665925 -116.32699681818485 6.683669434627518 30.026620388031006
60.246629439 -116.36656285822392 6.711650715908036 30.026483058929443
60.266769331 -116.42589665949345 6.753550873836502 30.02624273300171
60.287186131 -116.46543218195438 6.781454907497391 30.02609395980835
60.306733292 -116.5246896892786 6.8232577906455845 30.0257887840271
60.326667996 -116.56416417658329 6.851086007198319 30.02558660507202
60.346659252 -116.6233453899622 6.892771111568436 30.025254726409912
60.366710859 -116.6627741008997 6.9204963312949985 30.02502965927124
60.386913158 -116.72189427912235 6.962048874935135 30.02475881576538
60.406693828 -116.7612848430872 6.9897078142967075 30.024606227874756
60.426661784 -116.82033635675907 7.03114734753035 30.024423122406006
60.446632612 -116.85966588556767 7.05872188671492 30.024320125579834
60.466724266 -116.91861821711063 7.100021229824051 30.024213314056396
60.487047633 -116.95789434015751 7.127532349666581 30.024178981781006
60.506727923 -117.01679326593876 7.168741093715653 30.024137020111084
60.526667963 -117.05604650080204 7.19619976147078 30.024125576019287
60.54661905 -117.11491490900517 7.237362252315506 30.024125576019287
60.566690603 -117.15416051447392 7.264803753932938 30.024137020111084
60.587071719 -117.21301366388798 7.305968152126297 30.024163722991943
60.606708273 -117.25223638117313 7.333409176906571 30.024190425872803
60.626742995 -117.31108190119267 7.374559269985184 30.02424383163452
60.646606223 -117.35030461847782 7.401992665370926 30.024293422698975
60.666825876 -117.40919591486454 7.443172799190506 30.024343013763428
60.68735122 -117.44844152033329 7.470622883876786 30.024404048919678
60.70670238 -117.50734044611454 7.511806355556473 30.024510860443115
60.726688375 -117.54661656916142 7.539273606380448 30.024587154388428
60.746677791 -117.6055231243372 7.580484257778153 30.02467107772827
60.766701833 -117.64478398859501 7.607990132411942 30.02468252182007
60.78713806 -117.7036676555872 7.649267541011795 30.024678707122803
60.806672627 -117.74292089045048 7.676812516292557 30.024644374847412
60.826680112 -117.80177403986454 7.7181833849754184 30.024556636810303
60.846616663 -117.8409967571497 7.745782242855057 30.02450704574585
60.866713999 -117.89981938898563 7.787261830409989 30.024343013763428
60.886813466 -117.9390192180872 7.814939366420731 30.024232387542725
60.906723147 -117.99781896173954 7.856490479549393 30.024064540863037
60.926690213 -118.03700353205204 7.884237633785233 30.02390432357788
60.946699851 -118.09577275812626 7.92585121258162 30.023728847503662
60.966732794 -118.13493444025517 7.953596936305985 30.023580074310303
60.987046054 -118.19367314875126 7.995213376125321 30.02335500717163
61.006750176 -118.23283483088017 8.022958623012528 30.02319097518921
61.026662871 -118.2915582805872 8.06457601650618 30.02294683456421
61.046677109 -118.33070470392704 8.092317448696122 30.02283239364624
61.066676028 -118.38940526545048 8.133928166469559 30.02264928817749
61.086832764 -118.42855168879032 8.161655293544754 30.022531032562256
61.106731023 -118.48725987970829 8.203216420253739 30.022355556488037
61.126698451 -118.52640630304813 8.230918751796708 30.022233486175537
61.14676011 -118.5851144939661 8.2724512682762 30.02203893661499
61.166768358 -118.62425328791142 8.30011354549788 30.021920680999756
61.187285541 -118.68296147882938 8.341581212123856 30.021771907806396
61.206779085 -118.72209264338017 8.369214879116043 30.021703243255615
61.226672322 -118.7807932049036 8.410637723049149 30.021626949310303
61.246671581 -118.81992436945438 8.438238011440262 30.021623134613037
61.266695655 -118.87863256037235 8.479575024684891 30.02161931991577
61.287208014 -118.9177789837122 8.507124768337235 30.02163076400757
61.306714208 -118.97651006281376 8.54843603237532 30.02167272567749
61.326685549 -119.01570989191532 8.575975285610184 30.021703243255615
61.346767795 -119.0745172649622 8.617293225368485 30.021852016448975
61.366693532 -119.11373235285282 8.64485059841536 30.021958827972412
61.387246072 -119.17258550226688 8.686233388027176 30.022088527679443
61.406719291 -119.21180821955204 8.713835583766922 30.02218008041382
61.426667405 -119.2706842571497 8.755315648159012 30.022267818450928
61.446677058 -119.30993749201298 8.78297315700911 30.02230978012085
61.466658315 -119.36882115900517 8.824467526515946 30.02236318588257
61.487248444 -119.40806676447392 8.852126942714676 30.02237844467163
61.506716532 -119.46691228449345 8.893613682826981 30.022382259368896
61.526671114 -119.50611974298954 8.921260701259598 30.022347927093506
61.546715268 -119.56491185724735 8.962728367885575 30.02231740951538
61.566765008 -119.60408116877079 8.990375386318192 30.022279262542725
61.586915314 -119.66280461847782 9.031858311733231 30.02219533920288
61.606732807 -119.70194341242313 9.05951295956038 30.022145748138428
61.626686473 -119.7606516033411 9.101055966457352 30.02207326889038
61.646690749 -119.79977513849735 9.128755436977372 30.02203130722046
61.66672879 -119.85844518244267 9.170307026943192 30.021993160247803
61.687067231 -119.89754582941532 9.198024617275223 30.021955013275146
61.707254228 -119.95617772638798 9.239616261562333 30.021932125091553
61.726699327 -119.99524785578251 9.267368184169754 30.021913051605225
61.746725567 -120.05381871759892 9.30899797542952 30.021913051605225
61.766651694 -120.09282018244267 9.336769925197586 30.021913051605225
61.787035199 -120.15125371515751 9.378456936916336 30.02191686630249
61.807886614 -120.19018651545048 9.406247960170731 30.02193593978882
61.827869383 -120.24850560724735 9.448013173183426 30.02197027206421
61.847924234 -120.28737737238407 9.475869999965653 30.021989345550537
61.867870281 -120.34566594660282 9.517668591579422 30.022054195404053
61.888020108 -120.38448430597782 9.545579777797684 30.02211904525757
61.907924917 -120.44272710382938 9.587469922145829 30.022271633148193
61.927902909 -120.48156835138798 9.615439282497391 30.022386074066162
61.947852677 -120.5398264080286 9.657442914089188 30.02254629135132
61.967893034 -120.57867528498173 9.685455189784989 30.022672176361084
61.987975803 -120.63694097101688 9.72753988369368 30.022855281829834
62.007901965 -120.67577458918095 9.755575047573075 30.02300786972046
62.027902691 -120.73403264582157 9.79764829738997 30.023229122161865
62.047884824 -120.77288915216923 9.825698720058426 30.02332830429077
62.067869062 -120.83118535578251 9.86777196987532 30.023473262786865
62.08805419 -120.87003423273563 9.895832882961258 30.02355718612671
62.107902049 -120.92830754816532 9.937903271755204 30.0237135887146
62.12788829 -120.96714879572392 9.965935574611649 30.02381658554077
62.147876402 -121.02541448175907 10.007974492153153 30.023919582366943
62.167893644 -121.06425572931767 10.035988675197586 30.023995876312256
62.1883995 -121.12252141535282 10.07806478603743 30.0240797996521
62.207902535 -121.16134740412235 10.10611425503157 30.024129390716553
62.227873499 -121.21958257257938 10.148177014430985 30.02419424057007
62.247940912 -121.25838567316532 10.1762598620262 30.02417516708374
62.267851938 -121.31660558283329 10.218354092678055 30.024190425872803
62.288448971 -121.3554010540247 10.246456013759598 30.024156093597412
62.307898616 -121.41361333429813 10.288599835475907 30.024102687835693
62.327887792 -121.45243169367313 10.316709385951981 30.02405309677124
62.347904921 -121.51068212091923 10.358872281154618 30.024056911468506
62.367898771 -121.54951573908329 10.38696657284163 30.02406072616577
62.388942184 -121.60781194269657 10.42907796963118 30.02398443222046
62.40790385 -121.64669896662235 10.457135068019852 30.023900508880615
62.427900715 -121.70505620539188 10.499191151699051 30.023751735687256
62.447877609 -121.74400426447392 10.52720152004622 30.0235915184021
62.467819557 -121.80246068537235 10.569197522243485 30.023366451263428
62.488009341 -121.8414621502161 10.597185956081375 30.02319860458374
62.507909653 -121.89999486505985 10.639138089260086 30.02291250228882
62.527893704 -121.9390192180872 10.66708837612532 30.0227370262146
62.547929622 -121.99758245050907 10.708986149867997 30.02243185043335
62.567901355 -122.03662206232548 10.736900197109208 30.022244930267334
62.58806293 -122.09519292414188 10.778779851039872 30.021932125091553
62.607888269 -122.13424779474735 10.806694851955399 30.021729946136475
62.627885 -122.19282628595829 10.84856210811995 30.02143621444702
62.647885387 -122.23187352716923 10.876512394985184 30.021188259124756
62.667838048 -122.29044438898563 10.918430195888504 30.020856380462646
62.688001664 -122.32948400080204 10.946382390102372 30.020616054534912
62.708053224 -122.38803197443485 10.98829542263411 30.020272731781006
62.727899621 -122.4270563274622 11.0162256823387 30.02007818222046
62.747943214 -122.48557378351688 11.058120595058426 30.019803524017334
62.767843266 -122.52458287775517 11.086044179042801 30.019635677337646
62.788464932 -122.58309270441532 11.127914296230301 30.019399166107178
62.807911999 -122.62209416925907 11.155811177333817 30.019261837005615
62.827876807 -122.68058110773563 11.197633610805497 30.019086360931396
62.847882807 -122.71954442560673 11.22550474270247 30.01894521713257
62.867883334 -122.77797795832157 11.267282353481278 30.018784999847412
62.887994754 -122.81693364679813 11.295114384731278 30.018720149993896
62.907875238 -122.87535192072392 11.336854802211747 30.01868200302124
62.927881164 -122.91429997980595 11.364669667324051 30.018685817718506
62.947899717 -122.97271825373173 11.406387196620926 30.01873540878296
62.967851199 -123.01168157160282 11.434176312526688 30.018792629241943
62.988069673 -123.0701227337122 11.475823269924149 30.018887996673584
63.007945655 -123.10910893976688 11.503572331508622 30.018922328948975
63.027889341 -123.16760350763798 11.545186863979325 30.019010066986084
63.04789924 -123.20662786066532 11.572929249843583 30.01905584335327
63.067845612 -123.26518346369267 11.614531384548172 30.01914358139038
63.087999171 -123.3042535930872 11.642268048366532 30.0191969871521
63.107908935 -123.36286260187626 11.683853016933426 30.01925039291382
63.127901838 -123.40193273127079 11.711564885219559 30.01929998397827
63.147893116 -123.46055699884892 11.753152714809403 30.01938009262085
63.167884485 -123.49962712824345 11.780878888210282 30.01943349838257
63.187996424 -123.55822850763798 11.822467671474442 30.019521236419678
63.207906234 -123.59726811945438 11.850195752223954 30.019559383392334
63.227885824 -123.6558160930872 11.891771184047684 30.019635677337646
63.24792101 -123.69482518732548 11.919477330287918 30.019670009613037
63.267847258 -123.75331975519657 11.96102605923079 30.019696712493896
63.289119028 -123.79230596125126 11.988715993007645 30.019715785980225
63.309234063 -123.8507394939661 12.030258046230301 30.01965856552124
63.329284111 -123.88968755304813 12.057941304286942 30.01965856552124
63.349317924 -123.94802190363407 12.099463330348954 30.019517421722412
63.369484355 -123.98688603937626 12.127132283290848 30.019425868988037
63.389319717 -124.04514409601688 12.16861711605452 30.019254207611084
63.409234194 -124.08395482599735 12.196257458766922 30.019090175628662
63.429247292 -124.14215947687626 12.23771177395247 30.01888418197632
63.449203799 -124.18095494806767 12.265351162990555 30.01876211166382
63.469226192 -124.2391672283411 12.30683504207991 30.018590450286865
63.489442992 -124.27797032892704 12.334489689907059 30.018502712249756
63.509346621 -124.3362131267786 12.376035557826981 30.018357753753662
63.529222727 -124.3750543743372 12.403738843044266 30.01828145980835
63.549207803 -124.43332006037235 12.44529996975325 30.018147945404053
63.569226944 -124.47216130793095 12.473025189479813 30.018052577972412
63.589467302 -124.5304269939661 12.514595852931961 30.01794958114624
63.609271346 -124.56923009455204 12.542331563076004 30.017865657806396
63.629304492 -124.62741948664188 12.583923207363114 30.017777919769287
63.649228943 -124.6661920696497 12.611653195461258 30.017716884613037
63.669208607 -124.72432805597782 12.653242932399735 30.017629146575928
63.689447015 -124.76308538019657 12.680960522731766 30.017587184906006
63.709246197 -124.82119084894657 12.722573147853836 30.01748037338257
63.729191333 -124.85994817316532 12.750323163112625 30.01742696762085
63.749225611 -124.91810704767704 12.791961537441239 30.017362117767334
63.769241888 -124.95690251886845 12.819761143764481 30.017316341400146
63.789460911 -125.01512242853642 12.86146150692366 30.017289638519287
63.809246606 -125.05397893488407 12.889276372035965 30.017274379730225
63.82926658 -125.1123361736536 12.931034909328446 30.017240047454834
63.849232708 -125.15126897394657 12.958877430995926 30.01725149154663
63.869381191 -125.20973302423954 13.000667439540848 30.017262935638428
63.889357052 -125.24872685968876 13.02852808102034 30.017301082611084
63.909407476 -125.30725194513798 13.070376263698563 30.017308712005615
63.929250192 -125.34627629816532 13.098287449916825 30.017316341400146
63.949235231 -125.4048395305872 13.140169964870438 30.01737356185913
63.969244069 -125.44387151300907 13.168148861965165 30.0173659324646
63.989399332 -125.50242711603642 13.210115300258622 30.01735830307007
64.009348845 -125.54146672785282 13.238111363491043 30.01733922958374
64.029206368 -125.6000299602747 13.28015218838118 30.01730489730835
64.049231029 -125.6390695720911 13.308178769191727 30.017320156097412
64.069200644 -125.69761754572392 13.35025774105452 30.01727056503296
64.089393383 -125.73667241632938 13.378303395351395 30.017240047454834
64.109279419 -125.79528142511845 13.420355664333329 30.017194271087646
64.129227494 -125.83436681330204 13.448377476772293 30.017167568206787
64.149186345 -125.89302159845829 13.490392552455887 30.017140865325928
64.169234193 -125.9321603924036 13.518376217922196 30.017125606536865
64.189407352 -125.99086858332157 13.560326443752274 30.017747402191162
64.209373647 -126.03002263605595 13.58829771145247 30.019139766693115
64.22922448 -126.08876897394657 13.630213605007157 30.022874355316162
64.249246543 -126.12790776789188 13.658063756069168 30.026353359222412
64.269177018 -126.18660832941532 13.699550496181473 30.032941341400146
64.289465118 -126.22567082941532 13.726876126369461 30.03808355331421
64.30929684 -126.28413487970829 13.767152653774247 30.046620845794678
64.329250007 -126.32297612726688 13.793380604824051 30.05288076400757
64.34922044 -126.3810129314661 13.831597195705399 30.06258535385132
64.369248509 -126.41951848566532 13.85618864162825 30.06918478012085
64.389384579 -126.47699834406376 13.891550885280594 30.07897710800171
64.409382067 -126.51509191095829 13.91394411190413 30.085355281829834
64.429210732 -126.57186986505985 13.945559369167313 30.094457149505615
64.449216 -126.60951329767704 13.9653805361595 30.100175380706787
64.469154364 -126.66556645929813 13.99262605770491 30.10804510116577
64.489427466 -126.70272161066532 14.009286748012528 30.112767696380615
64.509247993 -126.75812627375126 14.031963215908036 30.11904287338257
64.529229386 -126.79482366144657 14.045205937465653 30.12258291244507
64.549223902 -126.84956456720829 14.062754498561844 30.12701940536499
64.569213937 -126.88584233820438 14.072685109218583 30.129380702972412
64.589370009 -126.93991948664188 14.084846364101395 30.13199758529663
64.609279295 -126.97577001154423 14.091347561916336 30.13321828842163
64.629240154 -127.02918340265751 14.097971783718094 30.134103298187256
64.649234494 -127.06461431086063 14.100996838649735 30.13424825668335
64.669223609 -127.11737157404423 14.102446423610672 30.133653163909912
64.689498422 -127.15229894220829 14.101680623134598 30.132806301116943
64.709251034 -127.20433904230595 14.097959385951981 30.13093328475952
64.729186521 -127.23875524103642 14.093441830715165 30.129205226898193
64.749215159 -127.29005528986454 14.084348546108231 30.12615728378296
64.769199527 -127.32399846613407 14.07654939754866 30.123795986175537
64.789375176 -127.37455846369267 14.062287198146805 30.119828701019287
64.809254337 -127.40807439386845 14.051319943508133 30.116990566253662
64.82924147 -127.45803166925907 14.032102452358231 30.1123366355896
64.849252688 -127.49115087091923 14.017811642726883 30.109113216400146
64.869328849 -127.5405817180872 13.994228230556473 30.104115962982178
64.889403846 -127.57331945002079 13.976819859584793 30.10064458847046
64.909402355 -127.62223149836063 13.94913755520247 30.095448970794678
64.929230161 -127.65463353693485 13.929187642177567 30.091908931732178
64.949396281 -127.70300389826298 13.89757047756575 30.086610317230225
64.969201298 -127.73507787287235 13.875242100795731 30.083085536956787
64.989356806 -127.78294469416142 13.839985714992508 30.077847957611084
65.009287997 -127.81471349298954 13.81549440487288 30.074422359466553
65.029226362 -127.8621149212122 13.776972638210282 30.06933355331421
65.049220716 -127.8935861736536 13.750348912319168 30.066022396087646
65.069173883 -127.94061376154423 13.709066258510575 30.061204433441162
65.089341923 -127.97181798517704 13.680534230312333 30.058099269866943
65.1092578 -128.0184641033411 13.636636601528153 30.053651332855225
65.129251016 -128.04943944513798 13.606574879726395 30.05082082748413
65.149219425 -128.09570409357548 13.560392247280106 30.046788692474365
65.169209381 -128.12645055353642 13.528996335109696 30.044240474700928
65.189425582 -128.1723947674036 13.480995999416336 30.04064702987671
65.209335896 -128.20294286310673 13.448479519924149 30.03839635848999
65.229238192 -128.24850560724735 13.398846493801102 30.03527593612671
65.249246269 -128.27879430353642 13.365292416652665 30.03330373764038
65.26917114 -128.32409764826298 13.31430803402327 30.030572414398193
65.289375962 -128.3541574627161 13.279872761806473 30.028913021087646
65.309244869 -128.39914037287235 13.22769628628157 30.026620388031006
65.329256626 -128.4290323406458 13.19255624874495 30.025216579437256
65.349320468 -128.47377111017704 13.139372693141922 30.02335500717163
65.369226216 -128.50355626642704 13.103639470180497 30.022218227386475
65.389389301 -128.54818822443485 13.049608098110184 30.0206618309021
65.409377072 -128.5779123455286 13.013350354274735 30.01971960067749
65.429220185 -128.62243749201298 12.958634244045243 30.018449306488037
65.449346331 -128.65210057795048 12.921983586391434 30.017686367034912
65.469215962 -128.69651891291142 12.866768704494461 30.01664113998413
65.48940999 -128.72607518732548 12.829828129848465 30.01600408554077
65.510349178 -128.77037145197392 12.774209843715653 30.015145778656006
65.530277875 -128.79986669123173 12.737017499050125 30.01462697982788
65.550297163 -128.84408666193485 12.681103573879227 30.014020442962646
65.570278312 -128.87353612482548 12.643725262722 30.013673305511475
65.59047982 -128.9176798015833 12.587579594692215 30.013204097747803
65.610299382 -128.94708348810673 12.550079213222489 30.012933254241943
65.630321793 -128.99119664728642 12.493730412563309 30.01259756088257
65.650280215 -129.02056981623173 12.456162320217118 30.012357234954834
65.670213887 -129.06463719904423 12.399727688869461 30.01206350326538
65.690712633 -129.0940256267786 12.362093792995438 30.011929988861084
65.710319975 -129.1380930095911 12.305591450771317 30.01180410385132
65.730286173 -129.16749669611454 12.267943249782547 30.011765956878662
65.750254549 -129.21159459650517 12.211519108852372 30.01174306869507
65.77024306 -129.2409982830286 12.173875676235184 30.011762142181396
65.790403469 -129.28512670099735 12.117563115200028 30.0118727684021
65.810310208 -129.31456090509892 12.080042706569657 30.01198720932007
65.830283648 -129.3587198406458 12.023790227016434 30.012208461761475
65.850248897 -129.38818456232548 11.98641668423079 30.01240301132202
65.870204815 -129.4324045330286 11.930316792568192 30.012738704681396
65.890490192 -129.46189977228642 11.892950879177079 30.012986660003662
65.911490354 -129.50616551935673 11.836959706386551 30.013402462005615
65.93148864 -129.53570653498173 11.799613820156083 30.013700008392334
65.951509406 -129.5800333172083 11.743807660182938 30.014264583587646
65.971587677 -129.60960485041142 11.706516133388504 30.01464605331421
65.992732512 -129.65394689142704 11.650852070888504 30.015305995941162
66.012482851 -129.6835031658411 11.613800870021805 30.0157790184021
66.032577905 -129.72784520685673 11.558285580715165 30.01651906967163
66.052501715 -129.7574014812708 11.52146135433577 30.017076015472412
66.072697944 -129.80177403986454 11.466217862209305 30.01792287826538
66.092576006 -129.83136083185673 11.429466115077958 30.01850652694702
66.112529304 -129.8757639080286 11.374471531948075 30.01938009262085
66.132556242 -129.90536595880985 11.337795125087723 30.01995611190796
66.152538273 -129.94983007013798 11.283048497280106 30.02081060409546
66.172635817 -129.97947789728642 11.246567593654618 30.021363735198975
66.192584503 -130.02398778498173 11.191869603237137 30.022183895111084
66.212532193 -130.05368138849735 11.155538426479325 30.022733211517334
66.232523686 -130.09825231134892 11.100869999965653 30.023534297943115
66.252517396 -130.12799169123173 11.064561711391434 30.02411413192749
66.272631757 -130.17260839045048 11.010043011745438 30.024945735931396
66.292603132 -130.2023477703333 10.973746167263016 30.02545690536499
66.312561552 -130.24694921076298 10.919374333461747 30.02616262435913
66.332499192 -130.27667333185673 10.883087025722489 30.026612758636475
66.352487663 -130.3213205486536 10.828814374050125 30.027265071868896
66.372637638 -130.35107518732548 10.792618619045243 30.027684688568115
66.392585076 -130.39575292170048 10.738299237331375 30.028260707855225
66.41254397 -130.42552281916142 10.70218645199202 30.028619289398193
66.432504578 -130.4702463299036 10.64795290096663 30.029130458831787
66.45252309 -130.50006200373173 10.611825810512528 30.029473781585693
66.472664406 -130.54480077326298 10.55765234096907 30.029977321624756
66.493699726 -130.57463170588017 10.521476613124833 30.030324459075928
66.513635501 -130.61937047541142 10.467228756984696 30.03086233139038
66.533657009 -130.6492014080286 10.430995808681473 30.031209468841553
66.553624574 -130.69389440119267 10.376847134670243 30.03176259994507
66.574187205 -130.7237100750208 10.340750561794266 30.03212881088257
66.593680996 -130.76843358576298 10.286592351039872 30.03265142440796
66.613718187 -130.7982492595911 10.25057684048079 30.03296422958374
66.633607717 -130.8429727703333 10.196457730373368 30.033406734466553
66.653602552 -130.87278844416142 10.160386906703934 30.033685207366943
66.673909605 -130.91746617853642 10.106304036220536 30.034039974212646
66.693701052 -130.94725133478642 10.070183621486649 30.034226894378662
66.713638453 -130.99194432795048 10.016130314907059 30.03443670272827
66.733654968 -131.02174474298954 9.98006902798079 30.03455877304077
66.753611364 -131.06642247736454 9.925936566432938 30.03467321395874
66.773836708 -131.09623815119267 9.889831410488114 30.034738063812256
66.793689703 -131.14099217951298 9.835645543178543 30.034833431243896
66.813630288 -131.17086888849735 9.799619542201981 30.03488302230835
66.833634647 -131.21571446955204 9.745478497585282 30.03493642807007
66.853594063 -131.24565221369267 9.70940195186995 30.034921169281006
66.873709371 -131.29061986505985 9.65528474911116 30.03489065170288
66.893649619 -131.32060338556767 9.619130002101883 30.03488302230835
66.913647251 -131.3656320720911 9.56504045589827 30.03490972518921
66.933633091 -131.39567662775517 9.52894197567366 30.034932613372803
66.953611843 -131.4407510906458 9.474728451808915 30.03505849838257
66.973874759 -131.47084142267704 9.438642369350418 30.035146236419678
66.995004526 -131.51603795588017 9.384408818325028 30.03530263900757
67.014786279 -131.54618932306767 9.348248349269852 30.03542470932007
67.03484302 -131.59143163263798 9.293905125698075 30.03560781478882
67.054853957 -131.62162877619267 9.257688389858231 30.035722255706787
67.074908789 -131.66697789728642 9.20338331325911 30.035890102386475
67.094857203 -131.69720555841923 9.167110310634598 30.035993099212646
67.114863721 -131.74261571466923 9.112832890590653 30.03615713119507
67.134804727 -131.77291966974735 9.076620923122391 30.036283016204834
67.154930441 -131.81840611994267 9.022250042995438 30.036561489105225
67.174863374 -131.84880162775517 8.9860743151512 30.03675603866577
67.194921697 -131.89439488947392 8.931704388698563 30.03707265853882
67.214815841 -131.92482091486454 8.895459996303543 30.03729772567749
67.234812548 -131.97052098810673 8.84107576473616 30.037644863128662
67.25483768 -132.0010080486536 8.804740773281083 30.03790807723999
67.274861523 -132.04687596857548 8.750365124782547 30.038331508636475
67.294870284 -132.07743932306767 8.713970051845536 30.038594722747803
67.314817584 -132.12330724298954 8.65952287777327 30.039002895355225
67.334837696 -132.15391637384892 8.623199330409989 30.039273738861084
67.354945974 -132.1998605877161 8.568674908718094 30.039647579193115
67.37495067 -132.23053075373173 8.532418118556961 30.039899349212646
67.394876656 -132.27653600275517 8.47792993648909 30.040265560150146
67.414828562 -132.30723668634892 8.441617833217606 30.040513515472412
67.434847839 -132.35331822931767 8.387150631984696 30.04087209701538
67.454839061 -132.38403417170048 8.350767003139481 30.04110860824585
67.474895297 -132.43014623224735 8.296281682094559 30.04145574569702
67.494877924 -132.4608926922083 8.259902821620926 30.041680812835693
67.514801469 -132.50702001154423 8.205249653896317 30.042008876800537
67.534825077 -132.5377969890833 8.168844090541825 30.04219961166382
67.554845087 -132.5839395672083 8.114039288600907 30.042474269866943
67.574890978 -132.6147012859583 8.077540265163407 30.042623043060303
67.594844988 -132.66081334650517 8.02268205746077 30.042821407318115
67.614866403 -132.6915598064661 7.986100541194901 30.042928218841553
67.634830824 -132.7377023845911 7.931186066707596 30.043046474456787
67.654903218 -132.76844884455204 7.894494401058182 30.04309606552124
67.674826166 -132.81459142267704 7.839489804347977 30.0431227684021
67.694923743 -132.84535314142704 7.80277763470076 30.0431227684021
67.714830763 -132.8914346843958 7.747639523586258 30.04309606552124
67.734825309 -132.9221506267786 7.710888730129227 30.043065547943115
67.754812341 -132.96820165216923 7.655639039119706 30.042996883392334
67.774970093 -132.99890233576298 7.6187618838157505 30.04293203353882
67.794889731 -133.04492284357548 7.563385830959305 30.04285192489624
67.814814982 -133.0755930095911 7.526388035854325 30.042802333831787
67.834825531 -133.12159825861454 7.470861779293045 30.042718410491943
67.854832864 -133.1522531658411 7.43377243145369 30.04266119003296
67.874882621 -133.1981973797083 7.378155098995194 30.042577266693115
67.894902209 -133.22882176935673 7.3410261736717075 30.04252004623413
67.914804118 -133.2747354656458 7.2852610216941684 30.04243230819702
67.934868341 -133.30534459650517 7.248099671443924 30.04237127304077
67.954828317 -133.35124303400517 7.192248688777909 30.042245388031006
67.974951226 -133.38185216486454 7.154984341701493 30.042161464691162
67.994883336 -133.42770482599735 7.099045620998368 30.0420241355896
68.014806255 -133.45826818048954 7.061686383327469 30.04192876815796
68.034854296 -133.5040598064661 7.005679474910721 30.041795253753662
68.054837961 -133.53454686701298 6.968297825893387 30.04169225692749
68.074894192 -133.58024694025517 6.9121554957237095 30.041551113128662
68.094872232 -133.61068822443485 6.874698506435379 30.041459560394287
68.114834568 -133.6563272625208 6.818480835994706 30.04133367538452
68.13485479 -133.68670751154423 6.78102003200911 30.041261196136475
68.154837845 -133.73223973810673 6.724738942226395 30.041139125823975
68.174911943 -133.76258946955204 6.687196599086747 30.041070461273193
68.194950243 -133.80807591974735 6.63089214428328 30.04097890853882
68.214833701 -133.83839513361454 6.593311177333817 30.040929317474365
68.234935151 -133.88385106623173 6.537006245693192 30.040894985198975
68.254837821 -133.9141397625208 6.499447213253006 30.04089117050171
68.2748875 -133.95958043634892 6.443065987667069 30.040914058685303
68.294824704 -133.98985387384892 6.405492173274979 30.040963649749756
68.314799942 -134.03527928888798 6.349053727230057 30.04103994369507
68.334871042 -134.06555272638798 6.311402665218338 30.041120052337646
68.354797285 -134.11094762384892 6.254851208766922 30.04121160507202
68.374926241 -134.14120580255985 6.217133389553055 30.0412917137146
68.394889918 -134.1866007000208 6.160537587245926 30.04139471054077
68.414814759 -134.2168741375208 6.1227596865501255 30.041463375091553
68.434843666 -134.2622385174036 6.066134320339188 30.041539669036865
68.454825423 -134.29245091974735 6.028355942806229 30.041547298431396
68.474930143 -134.33775426447392 5.971645699581131 30.041539669036865
68.494897848 -134.36789037287235 5.933823929866776 30.041497707366943
68.514827619 -134.41308690607548 5.877021657070145 30.041432857513428
68.534902145 -134.44320775568485 5.83914409740828 30.04137945175171
68.554802953 -134.48834325373173 5.782272206386551 30.041329860687256
68.574898064 -134.51841832697392 5.744303093990311 30.04129934310913
68.594863186 -134.5635080486536 5.687326775630936 30.041253566741943
68.614836765 -134.59356786310673 5.6492794619407505 30.04123067855835
68.634851014 -134.63856603205204 5.592220173915848 30.041192531585693
68.654875431 -134.6685342937708 5.554139481624588 30.041127681732178
68.674870424 -134.71344090998173 5.4969686137046665 30.04102087020874
68.695592287 -134.74334813654423 5.458843098720536 30.0409255027771
68.71483479 -134.78819371759892 5.401590214809403 30.04077672958374
68.735018729 -134.81805516779423 5.363402710994706 30.040677547454834
68.75482447 -134.86283971369267 5.306073056301102 30.040509700775146
68.775155563 -134.89267064630985 5.267807828029618 30.04040288925171
68.795373782 -134.93737889826298 5.210391865810379 30.040231227874756
68.814824055 -134.9671945720911 5.172090397914872 30.04012441635132
68.834869318 -135.01190282404423 5.114595280727372 30.039971828460693
68.854826822 -135.0417032390833 5.076239930232987 30.039857387542725
68.874971011 -135.08641149103642 5.018642293056473 30.039700984954834
68.894941849 -135.11621190607548 4.98022018535994 30.039594173431396
68.914808879 -135.16090489923954 4.922520981868729 30.039430141448975
68.934850983 -135.19069005548954 4.884008751949295 30.03931951522827
68.954830564 -135.2353830486536 4.826210843166336 30.039227962493896
68.974905428 -135.2651682049036 4.787647114833817 30.03918218612671
68.994898543 -135.30978490412235 4.72976909740828 30.03913640975952
69.014787135 -135.33953954279423 4.691150055965409 30.039117336273193
69.034854692 -135.38414098322392 4.633175240596756 30.039105892181396
69.05486038 -135.4138956218958 4.594485627254471 30.039140224456787
69.074947206 -135.45854283869267 4.536403523525223 30.03920888900757
69.094886159 -135.48832799494267 4.497655259212479 30.03925848007202
69.116047198 -135.53306676447392 4.439479695400223 30.039353847503662
69.13608088 -135.5628976970911 4.400667058071122 30.03942632675171
69.155969754 -135.60771276056767 4.342433796962723 30.039601802825928
69.176069468 -135.6376047283411 4.303595887264237 30.039720058441162
69.196155821 -135.68248082697392 4.245356427272782 30.039899349212646
69.215969476 -135.71240331232548 4.206526623805985 30.040013790130615
69.235989135 -135.75732518732548 4.148284779628739 30.040177822113037
69.255942424 -135.7873087078333 4.1094916926231235 30.040303707122803
69.276757419 -135.83232213556767 4.051298008998856 30.040486812591553
69.296027441 -135.86236669123173 4.01252113445662 30.04061269760132
69.315934983 -135.90753270685673 3.9543682204093784 30.040765285491943
69.335947256 -135.93766881525517 3.915591345867142 30.04085683822632
69.356036812 -135.9829874187708 3.8574284182395786 30.0409255027771
69.376036539 -136.01324559748173 3.818653212627396 30.040956020355225
69.396029223 -136.05870153009892 3.760484086116776 30.04097890853882
69.416010147 -136.08900548517704 3.7216936217155308 30.040982723236084
69.435977664 -136.1344766765833 3.6634956465568393 30.040971279144287
69.455958141 -136.16481114923954 3.624692545970902 30.040990352630615
69.476058791 -136.21029759943485 3.566455947002396 30.041001796722412
69.495949733 -136.2406320720911 3.527604924282059 30.040990352630615
69.515968229 -136.28614903986454 3.4693080054130405 30.040975093841553
69.535987769 -136.31646825373173 3.430429326137528 30.04096746444702
69.555959626 -136.3619699627161 3.372078047832474 30.040948390960693
69.57606613 -136.3922891765833 3.333149062236771 30.04093313217163
69.596001259 -136.43779088556767 3.2747164831962436 30.04089879989624
69.616095962 -136.46811009943485 3.2357095347251743 30.04085683822632
69.635980044 -136.5135812908411 3.177175866207108 30.04079580307007
69.655953705 -136.5439005047083 3.1381338702049106 30.04073476791382
69.676174428 -136.58935643732548 3.079576598247513 30.04064702987671
69.69698777 -136.6196603924036 3.040546284755692 30.04060125350952
69.716952817 -136.66508580744267 2.982001648982987 30.040536403656006
69.736971671 -136.69537450373173 2.942972527584061 30.040494441986084
69.756972289 -136.7407999187708 2.8844474421348423 30.040330410003662
69.777683106 -136.77108861505985 2.845431195339188 30.04023504257202
69.797361231 -136.81651403009892 2.7869182692375034 30.040143489837646
69.817017764 -136.84678746759892 2.747915612300858 30.04013967514038
69.836970179 -136.8921671062708 2.6894074545707554 30.04015874862671
69.857008883 -136.9223947674036 2.6503971682395786 30.040208339691162
69.877042813 -136.96769811213017 2.591894017299637 30.040303707122803
69.896983793 -136.99789525568485 2.5528977976646274 30.040395259857178
69.91694159 -137.04310704767704 2.494423256954178 30.040574550628662
69.936941573 -137.07325841486454 2.455452071269974 30.040692806243896
69.956962604 -137.11839391291142 2.397021876415238 30.04097890853882
69.977108922 -137.14845372736454 2.358074771007523 30.04117727279663
69.996979896 -137.19349767267704 2.299669133266434 30.041459560394287
70.016953828 -137.2234659343958 2.260726319393143 30.041635036468506
70.036981954 -137.26841832697392 2.202317582210526 30.04189443588257
70.056960104 -137.29838658869267 2.1633812056388706 30.04205083847046
70.077228612 -137.34330846369267 2.1049591170158237 30.0422682762146
70.0969683 -137.3732462078333 2.0660058127250522 30.042420864105225
70.116963307 -137.41813756525517 2.0075231657829136 30.042619228363037
70.136959184 -137.44804479181767 1.9685318337287754 30.042752742767334
70.15696818 -137.49292089045048 1.910040603717789 30.042928218841553
70.177056355 -137.5227823406458 1.8710156546439976 30.043023586273193
70.197005943 -137.56759740412235 1.8124937878455967 30.043168544769287
70.216966803 -137.59741307795048 1.773468600353226 30.043256282806396
70.237002948 -137.64213658869267 1.7149329052772373 30.043382167816162
70.256964972 -137.67192174494267 1.675903664669022 30.043416500091553
70.277033252 -137.71661473810673 1.6173509226646274 30.043450832366943
70.296979536 -137.7464151531458 1.5783195362892002 30.04348134994507
70.31698572 -137.7910928875208 1.519757972797379 30.04354238510132
70.33696965 -137.82090856134892 1.4807232485618442 30.04357671737671
70.357111916 -137.86564733088017 1.422186599811539 30.043588161468506
70.377090656 -137.89549352228642 1.3832036124076694 30.043607234954834
70.397044398 -137.94027806818485 1.3247465954627842 30.043660640716553
70.416976231 -137.97015477716923 1.2857886420097202 30.043702602386475
70.436974767 -138.0149698406458 1.227386818965897 30.04376745223999
70.456979364 -138.04484654963017 1.188467608531937 30.0438551902771
70.477205245 -138.0896768718958 1.130109535297379 30.043992519378662
70.497026448 -138.11956883966923 1.0912190543022007 30.044087886810303
70.51697174 -138.1643839031458 1.0329367981757969 30.04428243637085
70.536980258 -138.19426061213017 0.9940895901527256 30.04440450668335
70.556948247 -138.23907567560673 0.9358345137443393 30.04451894760132
70.577074844 -138.26893712580204 0.8969911800231785 30.044583797454834
70.597001053 -138.3137521892786 0.8387307988014072 30.044713497161865
70.616974355 -138.34362889826298 0.7998900876846164 30.04479742050171
70.636952846 -138.38848973810673 0.7416338787879795 30.04491949081421
70.656974005 -138.4184122234583 0.7028000818099827 30.04499578475952
70.677097524 -138.4633340984583 0.64450822933577 30.04510259628296
70.697050129 -138.49328710138798 0.605642365058884 30.045186519622803
70.716980198 -138.53822423517704 0.5473393069114536 30.045331478118896
70.736982818 -138.56817723810673 0.5084858404006809 30.04543447494507
70.756962755 -138.61309911310673 0.45022814138792455 30.04555654525757
70.777044732 -138.6430215984583 0.4114455746021122 30.04566717147827
70.797105756 -138.68791295588017 0.353297428926453 30.04586935043335
70.816963189 -138.71783544123173 0.3145570324268192 30.04602575302124
70.836986024 -138.76274205744267 0.2564886079635471 30.046258449554443
70.857066163 -138.7926798015833 0.21779465838335454 30.046430110931396
70.877033027 -138.83751012384892 0.1597955988254398 30.046708583831787
70.897535287 -138.8673868328333 0.12116127624176443 30.04688787460327
70.916977701 -138.91221715509892 0.0632634365465492 30.047135829925537
70.936961909 -138.94207860529423 0.024699637433514 30.047311305999756
70.956957096 -138.98687840998173 -0.03313894779421389 30.047662258148193
70.977203088 -139.0167551189661 -0.0716915784869343 30.04789113998413
70.996998395 -139.06157018244267 -0.12950743571855128 30.04821538925171
71.01697685 -139.09144689142704 -0.1680486632976681 30.04841375350952
71.036983049 -139.13627721369267 -0.22585545317269862 30.04871129989624
71.056941614 -139.16618444025517 -0.2643800510559231 30.048879146575928
71.077043443 -139.21103002130985 -0.32213978306390345 30.04914617538452
71.097006893 -139.2409219890833 -0.36063451902009547 30.049325466156006
71.116973153 -139.28576757013798 -0.4183543159160763 30.049603939056396
71.137003165 -139.31569005548954 -0.45682333246804774 30.049790859222412
71.156970593 -139.36058141291142 -0.5145136846695095 30.0500807762146
71.177105724 -139.39050389826298 -0.5529707206878811 30.050248622894287
71.197101534 -139.43544103205204 -0.6106871499214321 30.05048131942749
71.216961645 -139.4654092937708 -0.6491692198906094 30.05062246322632
71.237004102 -139.5104074627161 -0.7069956792984158 30.0508131980896
71.256988641 -139.54040624201298 -0.7455246581230313 30.050946712493896
71.277041963 -139.58541966974735 -0.803418709198013 30.05115270614624
71.29700109 -139.61544896662235 -0.8420483006630093 30.05129384994507
71.318416654 -139.6604776531458 -0.9000391496811062 30.05151128768921
71.338424192 -139.69047643244267 -0.9388132824096829 30.051629543304443
71.358516854 -139.73548986017704 -0.9970077408943325 30.051785945892334
71.378460809 -139.76550389826298 -1.035875333705917 30.051881313323975
71.398470746 -139.81051732599735 -1.0942638053093106 30.051988124847412
71.418394486 -139.84051610529423 -1.1331992282066494 30.052037715911865
71.438528185 -139.8854532390833 -1.1916961802635342 30.05210256576538
71.458409977 -139.91537572443485 -1.2307042016182095 30.05212163925171
71.478533011 -139.9602365642786 -1.2892223729286343 30.05213689804077
71.498410226 -139.99008275568485 -1.3282891644630581 30.05216360092163
71.518413697 -140.03488256037235 -1.3868304623756558 30.05221700668335
71.538411667 -140.06466771662235 -1.4259325398597866 30.05228567123413
71.558386713 -140.1093301922083 -1.4845720662269741 30.052354335784912
71.578573383 -140.1390695720911 -1.5236926211509854 30.05244207382202
71.598435145 -140.18359471857548 -1.5824310912285 30.052667140960693
71.618400572 -140.21327306330204 -1.6215818061027676 30.05283498764038
71.638437133 -140.25769139826298 -1.6804255379829556 30.053216457366943
71.658399772 -140.28727819025517 -1.7196512355003506 30.053502559661865
71.678476185 -140.33166600763798 -1.7784789933357388 30.053964138031006
71.698455298 -140.36120702326298 -1.8177504672203213 30.054322719573975
71.718425342 -140.40553380548954 -1.876640452304855 30.054826259613037
71.738418205 -140.43507482111454 -1.9159256352577358 30.055169582366943
71.758413991 -140.47937108576298 -1.974889291683212 30.055745601654053
71.778549281 -140.50891210138798 -2.014183653751388 30.056107997894287
71.798445847 -140.5531778484583 -2.073126686969772 30.056630611419678
71.818438798 -140.5826730877161 -2.112393034854904 30.056954860687256
71.838447823 -140.6268625408411 -2.1713057889137417 30.05745840072632
71.858398068 -140.6563272625208 -2.2105461491737515 30.057775020599365
71.878511036 -140.7005167156458 -2.2693563832435757 30.05824041366577
71.898913008 -140.72992040216923 -2.3085638417396694 30.058602809906006
71.918409391 -140.77403356134892 -2.3673123253975064 30.05914068222046
71.938502784 -140.80340673029423 -2.4064482583198696 30.059499263763428
71.95841503 -140.84745885431767 -2.4651214017067105 30.059987545013428
71.978596809 -140.87683202326298 -2.504199637332931 30.060292720794678
71.998489428 -140.9208536297083 -2.562804593006149 30.06075429916382
72.018388885 -140.9502267986536 -2.601846112171188 30.06104803085327
72.038435471 -140.99432469904423 -2.6603590382728726 30.061479091644287
72.05841629 -141.0237589031458 -2.6993276013527066 30.061803340911865
72.078513539 -141.0679025799036 -2.757720364490524 30.062257289886475
72.098490591 -141.09735204279423 -2.7966309918556362 30.06257390975952
72.118434292 -141.14157201349735 -2.8549362553749233 30.063024044036865
72.138410678 -141.17108251154423 -2.8937786950264126 30.06330633163452
72.158420157 -141.21534825861454 -2.95202554599382 30.063703060150146
72.178707938 -141.2449045330286 -2.990822924533859 30.06394338607788
72.19844557 -141.28924657404423 -3.0490466488990933 30.064260005950928
72.218401114 -141.31884862482548 -3.087852372089401 30.064446926116943
72.238458318 -141.3633127361536 -3.1460396184120327 30.064713954925537
72.258437828 -141.3930215984583 -3.1848400963936 30.06493902206421
72.278552089 -141.43763829767704 -3.242997063556686 30.06524419784546
72.298460216 -141.4674387127161 -3.2817555798683316 30.06544256210327
72.319604995 -141.51217748224735 -3.3398331536445767 30.06573247909546
72.339611025 -141.5420236736536 -3.3785265816841274 30.06591558456421
72.359629996 -141.5868692547083 -3.4365412129554898 30.066213130950928
72.379745985 -141.61680699884892 -3.47518433467485 30.066400051116943
72.399594055 -141.66180516779423 -3.533181561389938 30.066701412200928
72.419598462 -141.69188024103642 -3.5718373192939907 30.06689214706421
72.43961616 -141.73704625666142 -3.629806889453903 30.067159175872803
72.459571862 -141.7672434002161 -3.6684624089393765 30.067311763763428
72.480474613 -141.8125772625208 -3.7264136208686978 30.06750249862671
72.499630758 -141.8428507000208 -3.765049590030685 30.067616939544678
72.519731519 -141.88830663263798 -3.822990549961105 30.067777156829834
72.539590211 -141.91864110529423 -3.8615924252662808 30.06786870956421
72.559609291 -141.96415807306767 -3.9195400609169155 30.068082332611084
72.579676839 -141.9945383220911 -3.9581276311073452 30.068192958831787
72.599628814 -142.0401163250208 -4.015967501560226 30.068360805511475
72.619600412 -142.0705118328333 -4.054496897617355 30.06845998764038
72.639622466 -142.11613561213017 -4.112245692173019 30.068593502044678
72.659606305 -142.14654637873173 -4.150736941257492 30.06869649887085
72.679688004 -142.19218541681767 -4.208419932285324 30.068814754486084
72.699602912 -142.22259618341923 -4.246850146213546 30.068891048431396
72.719590805 -142.26820470392704 -4.304474486270919 30.0690016746521
72.739601226 -142.2986154705286 -4.342860354343429 30.069058895111084
72.759592939 -142.3441934734583 -4.400470866123214 30.06915044784546
72.779703366 -142.37457372248173 -4.438861979404464 30.069188594818115
72.799612018 -142.42015172541142 -4.496421469608322 30.069234371185303
72.819643711 -142.45054723322392 -4.534798754611984 30.069264888763428
72.839680435 -142.49615575373173 -4.592311514774337 30.06927251815796
72.859669175 -142.5265665203333 -4.6306816472206265 30.06930685043335
72.87964596 -142.5722208172083 -4.688214911380783 30.069325923919678
72.899623192 -142.60267736017704 -4.726589335361496 30.069322109222412
72.919590048 -142.64837743341923 -4.784168375888839 30.069291591644287
72.939609209 -142.6788644939661 -4.822537077823654 30.069257259368896
72.959620813 -142.72462560236454 -4.880119456211105 30.069146633148193
72.979735482 -142.7551584392786 -4.9185000790748745 30.069066524505615
72.999628176 -142.80096532404423 -4.976060522953048 30.068917751312256
73.019656094 -142.83154393732548 -5.014447821537033 30.06881856918335
73.039591333 -142.87741185724735 -5.0720082654152066 30.068665981292725
73.059720719 -142.9079904705286 -5.110390795627609 30.068559169769287
73.079683927 -142.9538889080286 -5.16798652545549 30.068410396575928
73.099623156 -142.98449803888798 -5.2063700093422085 30.068299770355225
73.119595235 -143.03044225275517 -5.263966692844406 30.06813955307007
73.139615805 -143.06108190119267 -5.3023501767311245 30.068028926849365
73.15959754 -143.10704137384892 -5.35996593371965 30.067975521087646
73.179695284 -143.13766576349735 -5.398354185977951 30.06793737411499
73.199620918 -143.1836252361536 -5.455903185764328 30.06789541244507
73.219607005 -143.21424962580204 -5.49425376788713 30.067891597747803
73.239592168 -143.2602090984583 -5.551722659030929 30.067880153656006
73.259608462 -143.2908487468958 -5.5900040997657925 30.0679030418396
73.279657207 -143.33680821955204 -5.647420538822189 30.06795644760132
73.299600167 -143.3674631267786 -5.6856719388160855 30.067979335784912
73.319602719 -143.4134073406458 -5.743050230899826 30.068028926849365
73.339614591 -143.44401647150517 -5.7812858952675015 30.06806707382202
73.359707359 -143.4898996502161 -5.838610781589523 30.068109035491943
73.379926205 -143.52047826349735 -5.876814497867599 30.068135738372803
73.399625484 -143.56628514826298 -5.934103144565597 30.06813955307007
73.419597359 -143.59678746759892 -5.9723330868873745 30.068170070648193
73.439606642 -143.64251805841923 -6.029651297489181 30.068212032318115
73.459620301 -143.67295934259892 -6.067871226230636 30.068246364593506
73.479664138 -143.7185373455286 -6.125254763523117 30.068334102630615
73.499603287 -143.74890233576298 -6.163503302494064 30.06842565536499
73.519647283 -143.79432775080204 -6.221006525913253 30.06860876083374
73.539614807 -143.82457067072392 -6.2593532933387905 30.06872320175171
73.559649772 -143.86987401545048 -6.316886557498947 30.068898677825928
73.579855415 -143.90002538263798 -6.35530866519548 30.06899404525757
73.599614908 -143.94523717463017 -6.412924899021164 30.06909704208374
73.619606311 -143.97535802423954 -6.451358450809494 30.06913137435913
73.639584942 -144.02055455744267 -6.508978022495285 30.069154262542725
73.659624691 -144.05066014826298 -6.547397746006027 30.06918478012085
73.67970444 -144.09582616388798 -6.6050187482032925 30.069200038909912
73.699650287 -144.1259317547083 -6.643404139438644 30.069180965423584
73.719593058 -144.17108251154423 -6.701023711124435 30.0691237449646
73.739602847 -144.20118810236454 -6.739418639102951 30.069077968597412
73.759599778 -144.24635411798954 -6.7969814671669155 30.068978786468506
73.779688172 -144.27645970880985 -6.835386885562912 30.06892156600952
73.799630956 -144.32162572443485 -6.892962588230148 30.06886053085327
73.819614272 -144.3517618328333 -6.931357993045822 30.06885290145874
73.839675224 -144.39695836603642 -6.988974703708664 30.068868160247803
73.859575788 -144.42712499201298 -7.027363432804123 30.068849086761475
73.879683192 -144.47233678400517 -7.085040701786056 30.068864345550537
73.899696071 -144.50250340998173 -7.123438013950363 30.06885290145874
73.919590837 -144.54773046076298 -7.181105746189132 30.06885290145874
73.939631902 -144.57788182795048 -7.219544066349044 30.06884527206421
73.959646669 -144.62309361994267 -7.277192725101486 30.068849086761475
73.979661353 -144.65321446955204 -7.315693510929123 30.06885290145874
73.999635141 -144.69841100275517 -7.373421801486984 30.068833827972412
74.019575008 -144.72853185236454 -7.411939276615158 30.068807125091553
74.039615045 -144.77369786798954 -7.469735754886642 30.068753719329834
74.059638759 -144.80383397638798 -7.508241309085861 30.068715572357178
74.079677041 -144.84901525080204 -7.566060675540939 30.068665981292725
74.099778527 -144.87915135920048 -7.604606284061447 30.068620204925537
74.119586553 -144.9243936687708 -7.66242422000505 30.068532466888428
74.1396109 -144.95460607111454 -7.701000346103683 30.06848669052124
74.159587773 -144.99992467463017 -7.758774413028732 30.06843328475952
74.179662986 -145.03016759455204 -7.797331465641037 30.06841802597046
74.199677378 -145.0755167156458 -7.855116022983566 30.068406581878662
74.219616476 -145.1057443767786 -7.893630160251632 30.068410396575928
74.23963062 -145.15106298029423 -7.951394213596359 30.068421840667725
74.259604243 -145.18126012384892 -7.989872111240402 30.068437099456787
74.279605209 -145.22648717463017 -8.047594202915207 30.068536281585693
74.299656081 -145.2566232830286 -8.08605874911882 30.068604946136475
74.319645327 -145.30180455744267 -8.143731249729171 30.068711757659912
74.3396396 -145.33187963068485 -8.182166232028976 30.068803310394287
74.35963713 -145.37699986994267 -8.23975862399675 30.068891048431396
74.379656308 -145.4070596843958 -8.278134478488937 30.06894826889038
74.399676229 -145.45213414728642 -8.335684908786789 30.06904363632202
74.419606971 -145.48219396173954 -8.374014033237472 30.069100856781006
74.439632614 -145.52722264826298 -8.431494845310226 30.06917715072632
74.459592892 -145.55725194513798 -8.469782961765304 30.06922674179077
74.479686271 -145.60221959650517 -8.527214182773605 30.06931447982788
74.499650883 -145.63221837580204 -8.565482272068039 30.069383144378662
74.519617356 -145.67721654474735 -8.622855318943039 30.06949758529663
74.539635829 -145.7072305828333 -8.661109103122726 30.069596767425537
74.559599913 -145.7522745281458 -8.71843351260759 30.069737911224365
74.579691256 -145.7823038250208 -8.756637705722824 30.06984853744507
74.599724519 -145.8273477703333 -8.813957346836105 30.07003164291382
74.619615793 -145.85739232599735 -8.852144373813644 30.070146083831787
74.639623957 -145.90243627130985 -8.909499300876632 30.070363521575928
74.6596028 -145.93248082697392 -8.947738779941574 30.070485591888428
74.679670151 -145.97754003107548 -9.005098475376144 30.070668697357178
74.699649247 -146.00758458673954 -9.043341769138351 30.070794582366943
74.719597781 -146.05265904963017 -9.100713862339035 30.07098150253296
74.739618304 -146.08268834650517 -9.139025820652023 30.07111120223999
74.759596165 -146.12774755060673 -9.196461810031906 30.071271419525146
74.779669269 -146.15776158869267 -9.23476709262468 30.071370601654053
74.79961767 -146.2027902752161 -9.292266978183761 30.071527004241943
74.819612422 -146.2328195720911 -9.330585612216964 30.071614742279053
74.839727928 -146.27781774103642 -9.388129366794601 30.071797847747803
74.859596389 -146.30783177912235 -9.426496638217941 30.071961879730225
74.879620138 -146.35287572443485 -9.484052790561691 30.07220983505249
74.899653664 -146.3828897625208 -9.522479189792648 30.072423458099365
74.91960982 -146.42796422541142 -9.580061091342941 30.072709560394287
74.939617759 -146.45802403986454 -9.618435992160812 30.072926998138428
74.959619468 -146.50315953791142 -9.675942553440109 30.073224544525146
74.979638482 -146.5332803875208 -9.714254511753097 30.073441982269287
74.999668909 -146.5785226970911 -9.771685732761398 30.073792934417725
75.020608835 -146.6087198406458 -9.80993284122087 30.07401418685913
75.040645468 -146.65403844416142 -9.867330683628097 30.07440710067749
75.060650889 -146.68425084650517 -9.905570162693039 30.0746169090271
75.080929792 -146.7295694500208 -9.962890757480636 30.074918270111084
75.100719985 -146.75978185236454 -10.001129282871261 30.075101375579834
75.120672454 -146.80511571466923 -10.05844415561296 30.075326442718506
75.140758003 -146.83534337580204 -10.096660746494308 30.0754714012146
75.160637854 -146.88072301447392 -10.153969897190109 30.075673580169678
75.180809788 -146.91099645197392 -10.19213785068132 30.075780391693115
75.200660823 -146.9563760906458 -10.249442233005539 30.07599401473999
75.220645361 -146.98666478693485 -10.287588251987472 30.07610845565796
75.240669039 -147.03207494318485 -10.34482396976091 30.076295375823975
75.260637342 -147.06237889826298 -10.382948054233566 30.07642889022827
75.280669192 -147.1078195720911 -10.440091265598312 30.07659673690796
75.300675599 -147.13810826838017 -10.478176249423996 30.076688289642334
75.320642219 -147.18356420099735 -10.535233630100265 30.076768398284912
75.340685924 -147.21385289728642 -10.573232783237472 30.076798915863037
75.360735229 -147.25927831232548 -10.630168093601242 30.07678747177124
75.380731477 -147.2895822674036 -10.66807950870134 30.07674551010132
75.400771195 -147.33502294123173 -10.724886073032394 30.076669216156006
75.420614712 -147.36532689630985 -10.762724055210128 30.076589107513428
75.440690677 -147.41082860529423 -10.819434298435226 30.07642889022827
75.460634527 -147.4411935955286 -10.857250346103683 30.076303005218506
75.48073902 -147.48675633966923 -10.913903368869796 30.076077938079834
75.500665403 -147.51715184748173 -10.951668871799484 30.07590627670288
75.520629618 -147.56276036798954 -11.008278025547042 30.075623989105225
75.54067935 -147.5931711345911 -11.04600633517839 30.07541799545288
75.560628488 -147.63871861994267 -11.102606905857101 30.075063228607178
75.5806924 -147.6690988689661 -11.14031900302507 30.074815273284912
75.600673763 -147.7145548015833 -11.196921481052414 30.074429988861084
75.620631764 -147.74485875666142 -11.234633578220382 30.07416296005249
75.640736861 -147.79028417170048 -11.29117120639421 30.073747158050537
75.660646453 -147.82052709162235 -11.328870905796066 30.07346487045288
75.680935813 -147.86589147150517 -11.385381831089035 30.073033809661865
75.700674015 -147.89611913263798 -11.423051966587082 30.072743892669678
75.720682492 -147.94142247736454 -11.47957624332048 30.072316646575928
75.740660303 -147.97161962091923 -11.517241610446945 30.07203435897827
75.760623574 -148.0169229656458 -11.573723925510421 30.07167959213257
75.780680593 -148.04713536798954 -11.611353053012863 30.071439266204834
75.80066327 -148.09242345392704 -11.667779101291671 30.071099758148193
75.820668624 -148.1226358562708 -11.705383433261886 30.07087469100952
75.840717322 -148.16796971857548 -11.76177610293962 30.070531368255615
75.860610824 -148.1981973797083 -11.799371851840988 30.070329189300537
75.880686365 -148.24354650080204 -11.855721606174484 30.07000494003296
75.900674535 -148.27378942072392 -11.89327253238298 30.069779872894287
75.920688033 -148.31915380060673 -11.949604166904464 30.069413661956787
75.940659161 -148.3493967205286 -11.987139834323898 30.069161891937256
75.960628673 -148.3947305828333 -12.04348291293718 30.068788051605225
75.980753353 -148.4249582439661 -12.081054819980636 30.068532466888428
76.000678089 -148.47027684748173 -12.137424601474777 30.068150997161865
76.020699384 -148.50048924982548 -12.174990786472335 30.067891597747803
76.040669805 -148.54579259455204 -12.231320513645187 30.067498683929443
76.060705508 -148.57598973810673 -12.268879069248214 30.067235469818115
76.080827829 -148.62127782404423 -12.325179232517257 30.066850185394287
76.100684736 -148.65149022638798 -12.362699641147628 30.066598415374756
76.120663851 -148.6968088299036 -12.419003619113937 30.066232204437256
76.140683689 -148.72705174982548 -12.456527842441574 30.065988063812256
76.160632253 -148.77240087091923 -12.512895716587082 30.065629482269287
76.180886777 -148.80265904963017 -12.550469530979171 30.06540060043335
76.200699857 -148.84806920588017 -12.606823100009933 30.06507635116577
76.220724745 -148.87835790216923 -12.644431246677414 30.064889430999756
76.240639339 -148.9238596111536 -12.700806750217453 30.064610958099365
76.260609206 -148.95420934259892 -12.738395823398605 30.064420223236084
76.280681227 -148.99977208673954 -12.794744624057785 30.064141750335693
76.30068086 -149.03016759455204 -12.832306040683761 30.063966274261475
76.320675157 -149.07580663263798 -12.888637675205246 30.06373357772827
76.340639823 -149.10626317560673 -12.92617048160173 30.063588619232178
76.360677768 -149.15197850763798 -12.982509745517746 30.063470363616943
76.380672885 -149.18246556818485 -13.020047320285812 30.063397884368896
76.400683832 -149.22824193537235 -13.076329363742843 30.063310146331787
76.42065028 -149.25877477228642 -13.113861216465011 30.0632643699646
76.440650542 -149.30461217463017 -13.170122279087082 30.06317663192749
76.46065945 -149.33519078791142 -13.207622660556808 30.063127040863037
76.480647359 -149.38111974298954 -13.263849390903488 30.06306219100952
76.500694186 -149.41175939142704 -13.301308764377609 30.062997341156006
76.520677367 -149.45774938166142 -13.357523096958175 30.062917232513428
76.54062417 -149.48841954767704 -13.394962443271652 30.062852382659912
76.560634489 -149.53440953791142 -13.451142443576828 30.06282949447632
76.580657782 -149.56507970392704 -13.48857511417009 30.06281042098999
76.600688516 -149.61110021173954 -13.544695032993332 30.062814235687256
76.620660569 -149.64177037775517 -13.582131518283859 30.062833309173584
76.640737569 -149.6877756267786 -13.638260973850265 30.062840938568115
76.660647841 -149.71847631037235 -13.675677431980148 30.06284475326538
76.680697333 -149.76451207697392 -13.731825007358566 30.06284475326538
76.700696204 -149.79522801935673 -13.769245280185714 30.062848567962646
76.720747228 -149.84129430353642 -13.825440539279953 30.06287908554077
76.74061862 -149.8720255047083 -13.86288751498796 30.0628981590271
76.760712304 -149.91813756525517 -13.919037951389328 30.062909603118896
76.780661438 -149.94886876642704 -13.956503046909347 30.062928676605225
76.800679903 -149.99498082697392 -14.012638224521652 30.062921047210693
76.820663523 -150.02569676935673 -14.050060404697433 30.06292486190796
76.840657513 -150.0717325359583 -14.106147898593917 30.06290578842163
76.860629656 -150.10241796076298 -14.143514765659347 30.062909603118896
76.880625578 -150.1483926922083 -14.199531687656417 30.06290578842163
76.900691337 -150.1790323406458 -14.236848009983078 30.062901973724365
76.920666155 -150.22490026056767 -14.292834414402023 30.062909603118896
76.940635299 -150.25547887384892 -14.330152644077316 30.06290578842163
76.960718425 -150.30131627619267 -14.386129511753097 30.062848567962646
76.980658335 -150.33183385431767 -14.423481120029464 30.062791347503662
77.000711883 -150.37765599787235 -14.47948087588884 30.06268835067749
77.020628189 -150.40820409357548 -14.516817225376144 30.06260061264038
77.040594565 -150.4540567547083 -14.572828425327316 30.062425136566162
77.060682966 -150.48462010920048 -14.610150469699875 30.062283992767334
77.080681272 -150.53048802912235 -14.66613401309587 30.06203603744507
77.100830263 -150.5610666424036 -14.703440798679367 30.061864376068115
77.120651174 -150.60691930353642 -14.75942243472673 30.061601161956787
77.140666761 -150.63749791681767 -14.79672540561296 30.061410427093506
77.160663314 -150.68339635431767 -14.852655543247238 30.061044216156006
77.180659621 -150.71400548517704 -14.889965189853683 30.06078863143921
77.200685962 -150.75993444025517 -14.945915354648605 30.060410976409912
77.220675561 -150.79054357111454 -14.983225954929367 30.06015157699585
77.240626678 -150.8364572674036 -15.03920759097673 30.059747219085693
77.260794197 -150.86706639826298 -15.076515330234542 30.059499263763428
77.280666114 -150.9128732830286 -15.13253034488298 30.05910634994507
77.300727192 -150.94337560236454 -15.169860972324386 30.05885076522827
77.321761847 -150.98910619318485 -15.225837840000167 30.058473110198975
77.341767624 -151.0195627361536 -15.26314844028093 30.058217525482178
77.361815921 -151.0652170330286 -15.319096697727218 30.057889461517334
77.381818799 -151.09559728205204 -15.356411112705246 30.05768346786499
77.401795795 -151.1411447674036 -15.4123631848488 30.05738592147827
77.421890941 -151.17147924005985 -15.449668063083664 30.05719518661499
77.441747173 -151.21696569025517 -15.505665911594406 30.05692434310913
77.461730516 -151.24728490412235 -15.54299177066423 30.05672597885132
77.481853533 -151.29277135431767 -15.599061144748703 30.056451320648193
77.501818014 -151.32312108576298 -15.636431826511398 30.05627202987671
77.52175725 -151.36863805353642 -15.692479266086593 30.05600881576538
77.541752406 -151.39897252619267 -15.729836596408859 30.055833339691162
77.561762427 -151.4444894939661 -15.785831583896652 30.055543422698975
77.581823745 -151.47482396662235 -15.823146952548996 30.055352687835693
77.601830199 -151.52032567560673 -15.879072321811691 30.055089473724365
77.621778061 -151.55062963068485 -15.916328562656417 30.05492925643921
77.641799196 -151.59607030451298 -15.972161425510421 30.054738521575928
77.661741104 -151.62635900080204 -16.009351862827316 30.054643154144287
77.681855823 -151.67175389826298 -16.06513990298845 30.054593563079834
77.701796032 -151.70201207697392 -16.10231794253923 30.054582118988037
77.721756615 -151.74743749201298 -16.158065928379074 30.054585933685303
77.741715776 -151.77769567072392 -16.195236338535324 30.05463171005249
77.761784809 -151.82310582697392 -16.250955714145675 30.05469274520874
77.781844994 -151.85339452326298 -16.288086069980636 30.05474615097046
77.801908947 -151.89881993830204 -16.34375203982927 30.054856777191162
77.82177133 -151.92912389338017 -16.380836619297042 30.054940700531006
77.841849739 -151.97454930841923 -16.436409129062667 30.055074214935303
77.861726628 -152.00486852228642 -16.473426951328292 30.05517339706421
77.881900602 -152.05027867853642 -16.528875483432785 30.05531072616577
77.90182524 -152.08055211603642 -16.565803660312667 30.055394649505615
77.921777644 -152.12594701349735 -16.621135844150558 30.05550527572632
77.941778724 -152.1561594158411 -16.65798200503923 30.05554723739624
77.961696075 -152.20147801935673 -16.71321309939958 30.055631160736084
77.981866665 -152.23167516291142 -16.750003947177902 30.055673122406006
78.001791595 -152.27694799005985 -16.80516446963884 30.055741786956787
78.022936032 -152.30714513361454 -16.841922892490402 30.05578374862671
78.042932637 -152.35238744318485 -16.89704336063005 30.05585241317749
78.062922268 -152.38255406916142 -16.933771265903488 30.055890560150146
78.082982677 -152.42778111994267 -16.988844050327316 30.055959224700928
78.102940468 -152.45793248713017 -17.025594843784347 30.056039333343506
78.122938545 -152.50317479670048 -17.080694331089035 30.056153774261475
78.142942226 -152.53329564630985 -17.11743368045427 30.05621862411499
78.162950083 -152.57849217951298 -17.17254842654802 30.05628728866577
78.183039196 -152.60862828791142 -17.20931257144548 30.056329250335693
78.20293996 -152.65380956232548 -17.26446164981462 30.056439876556396
78.22438886 -152.68394567072392 -17.301220072666183 30.056519985198975
78.244345903 -152.72911168634892 -17.35642064944841 30.056668758392334
78.26433999 -152.7592325359583 -17.393234385410324 30.05676794052124
78.284382567 -152.80441381037235 -17.448471201816574 30.05689764022827
78.304431878 -152.8345041424036 -17.48532689944841 30.05695867538452
78.324399102 -152.87963964045048 -17.54060567752458 30.05703115463257
78.344354626 -152.90971471369267 -17.57746900455095 30.057076930999756
78.364354286 -152.95480443537235 -17.632776392856613 30.057199001312256
78.384479768 -152.98487950861454 -17.66964544192888 30.057267665863037
78.404372634 -153.03001500666142 -17.724933756748214 30.057389736175537
78.424381268 -153.06010533869267 -17.761778010288253 30.057469844818115
78.444348628 -153.10524083673954 -17.817058695713058 30.057633876800537
78.464380104 -153.13536168634892 -17.85391248599626 30.057775020599365
78.485187199 -153.1805734783411 -17.909185542026535 30.05800771713257
78.50437564 -153.21066381037235 -17.94606794253923 30.058187007904053
78.524355681 -153.25582982599735 -18.001369608798996 30.058438777923584
78.544377814 -153.28593541681767 -18.038229121128097 30.05861806869507
78.564364811 -153.3310861736536 -18.09347356692888 30.0588698387146
78.584397758 -153.36122228205204 -18.130283488193527 30.059030055999756
78.604343685 -153.4064035564661 -18.185457362094894 30.05928945541382
78.624369823 -153.43653966486454 -18.22222532168962 30.059464931488037
78.644374341 -153.48178197443485 -18.277368678012863 30.059739589691162
78.664357105 -153.51196385920048 -18.314121378818527 30.05990743637085
78.68465997 -153.55723668634892 -18.36922468082048 30.060166835784912
78.704419279 -153.5874338299036 -18.40596212283708 30.06036901473999
78.725428994 -153.63275243341923 -18.46106161014177 30.060655117034912
78.745431634 -153.66298009455204 -18.49780477420427 30.060861110687256
78.765539076 -153.70831395685673 -18.552957667270675 30.061192989349365
78.78553743 -153.7385568767786 -18.5897313489113 30.061410427093506
78.805440025 -153.78392125666142 -18.644962443271652 30.06179189682007
78.825806993 -153.8141641765833 -18.681804789463058 30.0620436668396
78.845468793 -153.85955907404423 -18.737095011631027 30.062398433685303
78.865505288 -153.88983251154423 -18.77402318851091 30.062650203704834
78.88562424 -153.93528844416142 -18.82943548099138 30.063004970550537
78.905458201 -153.96562291681767 -18.866418970981613 30.063241481781006
78.925491744 -154.0111856609583 -18.921899928012863 30.06357717514038
78.94545734 -154.0415811687708 -18.958917750278488 30.063798427581787
78.965846426 -154.08725072443485 -19.014478815952316 30.064107418060303
78.986735869 -154.11773778498173 -19.051513804355636 30.064298152923584
79.006830727 -154.16354466974735 -19.107135905185714 30.064637660980225
79.026652937 -154.1941232830286 -19.144231928745285 30.064866542816162
79.046647519 -154.24003697931767 -19.199890269199386 30.065206050872803
79.066806903 -154.27067662775517 -19.237095011631027 30.06546926498413
79.08672798 -154.31665135920048 -19.292921198764816 30.065831661224365
79.106673442 -154.3473215252161 -19.33020223514177 30.066068172454834
79.126680188 -154.39332677423954 -19.386196268955246 30.066422939300537
79.146661275 -154.4240274578333 -19.423530711093917 30.066636562347412
79.166750524 -154.47009374201298 -19.47968496219255 30.066976070404053
79.186675695 -154.50082494318485 -19.517076624790207 30.067166805267334
79.206693578 -154.54693700373173 -19.57322515384294 30.067437648773193
79.226652271 -154.57769872248173 -19.610662592807785 30.067601680755615
79.246679463 -154.62387181818485 -19.66682447330095 30.06783437728882
79.266804263 -154.65464879572392 -19.70429433719255 30.067967891693115
79.286756122 -154.70082189142704 -19.760471476474777 30.068162441253662
79.306699364 -154.73158361017704 -19.79792989627458 30.06830358505249
79.326707486 -154.77771092951298 -19.85410894290544 30.068509578704834
79.346665043 -154.80847264826298 -19.89154256717302 30.06862783432007
79.366855757 -154.8545694500208 -19.947754038730636 30.06885290145874
79.386682388 -154.88531590998173 -19.985216273227707 30.068986415863037
79.406686773 -154.9314279705286 -20.04139913455583 30.06918478012085
79.426724383 -154.96215917170048 -20.07887472049333 30.06934881210327
79.446651007 -155.00827123224735 -20.135030878940597 30.06954336166382
79.466929285 -155.0389719158411 -20.17246068851091 30.069764614105225
79.486687037 -155.08500768244267 -20.228574885288253 30.070069789886475
79.506772189 -155.11569310724735 -20.265981806674972 30.07027578353882
79.526623096 -155.16171361505985 -20.32207120792009 30.070584774017334
79.546678035 -155.19238378107548 -20.35943807498552 30.070767879486084
79.566739485 -155.2383585125208 -20.415472163120285 30.07101583480835
79.586705679 -155.26898290216923 -20.45281614200212 30.071156978607178
79.606700113 -155.31492711603642 -20.5088044537697 30.0713210105896
79.626654591 -155.34550572931767 -20.546148432651535 30.071401119232178
79.646675369 -155.39135839045048 -20.602144373813644 30.071473598480225
79.666763594 -155.4219064861536 -20.63948835269548 30.071500301361084
79.686721672 -155.46771337091923 -20.695530070224777 30.07151174545288
79.706669587 -155.4982462078333 -20.73287977115251 30.071481227874756
79.72665102 -155.54406835138798 -20.78892339603044 30.07138204574585
79.746660008 -155.5746164470911 -20.826267374912277 30.071290493011475
79.766749318 -155.62046910822392 -20.882290018955246 30.071156978607178
79.786694245 -155.65106298029423 -20.91961873904802 30.07105016708374
79.80666529 -155.69700719416142 -20.975570811191574 30.070851802825928
79.826625148 -155.72767736017704 -21.012905253330246 30.070733547210693
79.846675215 -155.77368260920048 -21.068872584262863 30.07053518295288
79.86677008 -155.80438329279423 -21.106180323520675 30.07038640975952
79.886849104 -155.85044957697392 -21.1621247662697 30.070176601409912
79.906782739 -155.88116551935673 -21.19939817325212 30.070058345794678
79.92668361 -155.92723180353642 -21.255336893955246 30.06994390487671
79.946710429 -155.9579630047083 -21.29262555972673 30.06986379623413
79.96675974 -156.0040598064661 -21.34854711429216 30.069722652435303
79.986703941 -156.03480626642704 -21.385814799228683 30.069631099700928
80.006745759 -156.08093358576298 -21.441692484775558 30.069501399993896
80.026630771 -156.11169530451298 -21.47896016971208 30.06943655014038
80.04673282 -156.15788365900517 -21.534832133213058 30.069329738616943
80.066724963 -156.18869115412235 -21.57208455936052 30.06927251815796
80.086792821 -156.23491002619267 -21.62797941104509 30.069203853607178
80.106673739 -156.26573278009892 -21.665228022495285 30.069146633148193
80.126629902 -156.31195165216923 -21.72113241092302 30.06911611557007
80.146753385 -156.34275914728642 -21.758396281162277 30.06909704208374
80.166723287 -156.38897801935673 -21.814270152011886 30.069093227386475
80.18673143 -156.41980077326298 -21.85153783694841 30.069112300872803
80.206675734 -156.46598912775517 -21.90741933719255 30.069142818450928
80.226648209 -156.4967813640833 -21.944679392734542 30.069173336029053
80.24668278 -156.54293920099735 -22.000530375400558 30.06921148300171
80.26670943 -156.57370091974735 -22.037759913364425 30.069215297698975
80.286704352 -156.61981298029423 -22.093605173984542 30.06925344467163
80.306659982 -156.65055944025517 -22.130811823764816 30.069276332855225
80.326639971 -156.6966867595911 -22.186653269687667 30.069371700286865
80.346680501 -156.72741796076298 -22.223890437046066 30.06943655014038
80.366717681 -156.7735147625208 -22.279749049106613 30.069566249847412
80.38675359 -156.8042307049036 -22.317051066318527 30.06966543197632
80.406676693 -156.8502969890833 -22.37298787967302 30.069791316986084
80.426657425 -156.88099767267704 -22.41030134097673 30.069879055023193
80.446663655 -156.9270792156458 -22.46630491153337 30.07000494003296
80.466660261 -156.95777989923954 -22.50362981692888 30.070043087005615
80.48676602 -157.00384618341923 -22.5597020520363 30.070165157318115
80.506714311 -157.03454686701298 -22.59703458682634 30.070210933685303
80.526670216 -157.08061315119267 -22.65309919253923 30.070329189300537
80.546836807 -157.11131383478642 -22.69047368899919 30.07041311264038
80.566700856 -157.15736486017704 -22.74653638736345 30.070523738861084
80.586775951 -157.18805028498173 -22.783956660190597 30.07062292098999
80.60667374 -157.23410131037235 -22.840068949619308 30.070729732513428
80.626638151 -157.2648019939661 -22.877496851840988 30.070809841156006
80.646666593 -157.31085301935673 -22.933675898471847 30.070950984954834
80.666659294 -157.34155370295048 -22.971117152133957 30.07105779647827
80.686727355 -157.38763524591923 -23.027324808994308 30.07126760482788
80.70665763 -157.41835118830204 -23.064779414096847 30.07140874862671
80.726644006 -157.46441747248173 -23.12093366519548 30.071622371673584
80.746665064 -157.49513341486454 -23.15841497317888 30.071771144866943
80.76666039 -157.5412149578333 -23.214563502231613 30.07202672958374
80.786924188 -157.57190038263798 -23.25202955142595 30.072194576263428
80.806662688 -157.6179514080286 -23.308200968662277 30.072396755218506
80.82666275 -157.64865209162235 -23.345663203159347 30.07251501083374
80.846669433 -157.69470311701298 -23.401868952671066 30.072682857513428
80.866663163 -157.72540380060673 -23.43931402103044 30.07273244857788
80.887007312 -157.77142430841923 -23.495494975009933 30.07282781600952
80.906662474 -157.80210973322392 -23.53292669192888 30.072892665863037
80.926653299 -157.84819127619267 -23.58903898135759 30.072988033294678
80.946647347 -157.87890721857548 -23.626457346836105 30.073087215423584
80.966658129 -157.9250040203333 -23.682548655429855 30.073216915130615
80.98678597 -157.95573522150517 -23.71993841067888 30.073331356048584
81.006742532 -158.00184728205204 -23.775987757602707 30.0735182762146
81.026649256 -158.03259374201298 -23.81332410709001 30.073625087738037
81.046734776 -158.07870580255985 -23.869295252719894 30.07383108139038
81.066648408 -158.10943700373173 -23.90657819644548 30.073949337005615
81.08745466 -158.15553380548954 -23.96249212161638 30.074185848236084
81.106689043 -158.18624974787235 -23.99975789920427 30.07433843612671
81.126654481 -158.23236180841923 -24.05563939944841 30.074559688568115
81.145698418 -158.26307775080204 -24.092943324008957 30.07471990585327
81.165664391 -158.30917455255985 -24.148876322666183 30.074971675872803
81.185762214 -158.33989049494267 -24.18617452518083 30.075124263763428
81.205692123 -158.38600255548954 -24.242107523838058 30.075299739837646
81.225652225 -158.41673375666142 -24.279369486728683 30.07538366317749
81.245718359 -158.46289159357548 -24.335260523715988 30.075494289398193
81.265649536 -158.4936838299036 -24.372505320468917 30.075555324554443
81.285732965 -158.53991796076298 -24.42834676639177 30.07562017440796
81.305697851 -158.5707559734583 -24.465555323520675 30.075639247894287
81.325651054 -158.6170206218958 -24.521339548984542 30.075639247894287
81.345679419 -158.6478586345911 -24.558530939975753 30.075608730316162
81.365779345 -158.69413854181767 -24.614292277256027 30.075589656829834
81.385828934 -158.72499181330204 -24.651468409458175 30.07555913925171
81.405738776 -158.77125646173954 -24.70723165408708 30.075459957122803
81.426650673 -158.80209447443485 -24.744382990757003 30.075360774993896
81.446673056 -158.84838964045048 -24.800150050083175 30.07519292831421
81.466636715 -158.87927342951298 -24.837333811679855 30.07502508163452
81.486746416 -158.92562963068485 -24.89311612979509 30.07473134994507
81.506705681 -158.95655919611454 -24.93037618533708 30.074498653411865
81.526631762 -159.00294591486454 -24.98626912967302 30.07410955429077
81.546680734 -159.0338907390833 -25.0235749615822 30.073846340179443
81.566666032 -159.08029271662235 -25.079515589633957 30.073419094085693
81.586931256 -159.11122228205204 -25.1168366803322 30.073155879974365
81.606678722 -159.15760900080204 -25.17284788028337 30.072804927825928
81.626637344 -159.18852330744267 -25.210170878330246 30.072579860687256
81.646680177 -159.23486424982548 -25.26627172366716 30.072274684906006
81.666625771 -159.26576329767704 -25.30366720096208 30.072072505950928
81.687771098 -159.31205846369267 -25.359747065464035 30.07178258895874
81.707714974 -159.34291173517704 -25.397133006015792 30.07163381576538
81.727692888 -159.38916112482548 -25.45316137210466 30.071404933929443
81.747698648 -159.41998387873173 -25.490490092197433 30.071279048919678
81.767742954 -159.4662180095911 -25.546442164340988 30.071218013763428
81.788272332 -159.4970255047083 -25.583706034580246 30.07117986679077
81.807746394 -159.54318334162235 -25.6395417584572 30.071160793304443
81.827683114 -159.57396031916142 -25.676723612705246 30.071122646331787
81.848858074 -159.62008763849735 -25.732408656040207 30.071134090423584
81.868972023 -159.65081883966923 -25.76948751346208 30.071088314056396
81.889001813 -159.6969309002161 -25.825046671787277 30.07101583480835
81.90884574 -159.72760106623173 -25.862072123447433 30.070985317230225
81.92894057 -159.77360631525517 -25.91755880252458 30.070897579193115
81.948873613 -159.80426122248173 -25.954521311679855 30.070836544036865
81.968994368 -159.85020543634892 -26.009914530673996 30.070794582366943
81.988909646 -159.88084508478642 -26.046804560581222 30.070748805999756
82.008879768 -159.9267892986536 -26.102098597446457 30.070672512054443
82.028858712 -159.9574289470911 -26.138940943637863 30.070607662200928
82.048873649 -160.00341893732548 -26.194173945346847 30.070497035980225
82.069026587 -160.0340891033411 -26.230999125400558 30.07041311264038
82.089314053 -160.08009435236454 -26.286193980136886 30.07025671005249
82.108873265 -160.1107492595911 -26.32300008670427 30.0701003074646
82.128919509 -160.15672399103642 -26.3781892193947 30.069825649261475
82.148878865 -160.18736363947392 -26.41499341861345 30.069634914398193
82.169152373 -160.2333078533411 -26.470214976230636 30.06934881210327
82.188907669 -160.26391698420048 -26.507017268100753 30.069154262542725
82.208958827 -160.30980016291142 -26.56229223147966 30.06887197494507
82.228880042 -160.34034825861454 -26.599142207065597 30.06867742538452
82.248894212 -160.38617040216923 -26.654417170444503 30.068387508392334
82.268972196 -160.41668798029423 -26.691295756259933 30.068231105804443
82.288891525 -160.46244908869267 -26.746589793125167 30.067994594573975
82.308902049 -160.49293614923954 -26.783451212802902 30.067857265472412
82.328842654 -160.53866674005985 -26.83874715701677 30.067681789398193
82.348900934 -160.56915380060673 -26.875595225254074 30.067559719085693
82.3689668 -160.61485387384892 -26.930893076816574 30.067433834075928
82.388912064 -160.64532567560673 -26.967750681797042 30.06734609603882
82.408909984 -160.69097997248173 -27.023077143589035 30.06723928451538
82.428913345 -160.7213907390833 -27.05995382205583 30.06716299057007
82.448890561 -160.7669992595911 -27.115259303012863 30.067063808441162
82.468990215 -160.79734899103642 -27.152155054965988 30.067067623138428
82.488882405 -160.84286595880985 -27.20748723880388 30.06707525253296
82.508927053 -160.87316991388798 -27.244398249546066 30.067086696624756
82.528847145 -160.91856481134892 -27.29978765384294 30.067121028900146
82.548893447 -160.94882299005985 -27.33669866458513 30.067140102386475
82.568985221 -160.9941721111536 -27.392171992221847 30.06722402572632
82.589063887 -161.02439977228642 -27.42915548221208 30.067269802093506
82.608895138 -161.06976415216923 -27.484624995151535 30.067281246185303
82.628895897 -161.10002233088017 -27.52160276309587 30.067254543304443
82.648889225 -161.14543248713017 -27.577064646640792 30.067189693450928
82.668922644 -161.1757364422083 -27.614040507236496 30.0671706199646
82.688901173 -161.22120763361454 -27.669458521762863 30.06714391708374
82.70904635 -161.25155736505985 -27.70639051334001 30.067121028900146
82.728838367 -161.29708959162235 -27.761770380893722 30.067113399505615
82.748868597 -161.3274698406458 -27.79866804019548 30.06710958480835
82.768899613 -161.37304784357548 -27.854038371006027 30.067166805267334
82.788943719 -161.40345861017704 -27.890937937656417 30.06721258163452
82.808909861 -161.44911290705204 -27.946268214145675 30.067243099212646
82.82882361 -161.47955419123173 -27.98317159549333 30.0672926902771
82.848884949 -161.52526952326298 -28.038494242588058 30.067368984222412
82.868927249 -161.55575658380985 -28.07536710635759 30.067445278167725
82.888906406 -161.60153295099735 -28.130649699131027 30.067555904388428
82.908856765 -161.63205052912235 -28.16750348941423 30.067655086517334
82.928868676 -161.67784215509892 -28.222789896884933 30.067830562591553
82.94890057 -161.70837499201298 -28.259637965122238 30.067941188812256
82.968924108 -161.75424291193485 -28.314968241611496 30.0681471824646
82.988933811 -161.78485204279423 -28.351862086215988 30.068280696868896
83.008894013 -161.8307657390833 -28.40720952884294 30.068463802337646
83.028845761 -161.86139012873173 -28.444147242465988 30.068597316741943
83.048884047 -161.90733434259892 -28.49953473941423 30.068768978118896
83.068883008 -161.93795873224735 -28.536472453037277 30.068841457366943
83.088915396 -161.9839182049036 -28.591900004306808 30.068925380706787
83.108902189 -162.01457311213017 -28.628835810581222 30.06894826889038
83.128867315 -162.06056310236454 -28.68428052798845 30.068963527679443
83.148906464 -162.09123326838017 -28.721210612216964 30.06894826889038
83.168927792 -162.13729955255985 -28.776632441440597 30.06891393661499
83.18907171 -162.16801549494267 -28.813598765293136 30.068891048431396
83.209169853 -162.21412755548954 -28.869074000278488 30.06887197494507
83.228826376 -162.2449045330286 -28.90612424747087 30.0688796043396
83.249035586 -162.29110814630985 -28.96170057193376 30.06888723373413
83.268906213 -162.32194615900517 -28.9987946881447 30.068929195404053
83.288892833 -162.36822606623173 -29.054483546176925 30.06899404525757
83.308900765 -162.39910985529423 -29.091600550571457 30.069032192230225
83.328836663 -162.44542028009892 -29.147403849521652 30.069108486175537
83.348877762 -162.47630406916142 -29.184635294834152 30.069146633148193
83.368982492 -162.5226602703333 -29.240524424472824 30.069154262542725
83.388965763 -162.55360509455204 -29.27789510623552 30.069154262542725
83.408898698 -162.60002233088017 -29.333881510654464 30.069127559661865
83.428873532 -162.63096715509892 -29.37131322757341 30.069100856781006
83.448878489 -162.6773996502161 -29.42745221988298 30.069024562835693
83.468869587 -162.70834447443485 -29.464916361728683 30.06896734237671
83.489050671 -162.75477696955204 -29.521169794956222 30.068875789642334
83.508894825 -162.7857217937708 -29.55866445438005 30.06879949569702
83.528849789 -162.83216954767704 -29.61501325503923 30.068673610687256
83.548886596 -162.86314488947392 -29.65258420840837 30.068570613861084
83.56886817 -162.90959264338017 -29.70894063846208 30.068475246429443
83.589070844 -162.94052220880985 -29.74654973880388 30.068387508392334
83.60890103 -162.98692418634892 -29.802917612949386 30.06821584701538
83.628852309 -163.01783849298954 -29.840494288364425 30.068074703216553
83.648888686 -163.06420995295048 -29.89686788455583 30.067838191986084
83.668931563 -163.09510900080204 -29.934421671787277 30.067681789398193
83.689051911 -163.14140416681767 -29.990709437290207 30.06740713119507
83.70889086 -163.17225743830204 -30.02819455997087 30.067220211029053
83.728845824 -163.2184152752161 -30.084402216831222 30.066930294036865
83.749022339 -163.2491769939661 -30.1218415631447 30.06673574447632
83.768908627 -163.29530431330204 -30.177955759922042 30.066476345062256
83.788929091 -163.32603551447392 -30.215364588657394 30.066327571868896
83.808891639 -163.3721475750208 -30.271423472324386 30.06607961654663
83.828851844 -163.40289403498173 -30.308782709995285 30.065900325775146
83.848897715 -163.44902135431767 -30.364812983432785 30.065659999847412
83.868861177 -163.47978307306767 -30.402134074131027 30.065537929534912
83.889025478 -163.5259103924036 -30.45811284915544 30.065396785736084
83.908886218 -163.5566721111536 -30.495420588413253 30.06531286239624
83.928855646 -163.60279943048954 -30.551365031162277 30.06520986557007
83.948922954 -163.63356114923954 -30.588630808750167 30.06514883041382
83.968861122 -163.67967320978642 -30.644495142856613 30.065114498138428
83.989105914 -163.71038915216923 -30.681728495517746 30.065106868743896
84.008910076 -163.75647069513798 -30.73753179446794 30.0650954246521
84.028857954 -163.7871866375208 -30.774719370761886 30.065091609954834
84.048905564 -163.83323766291142 -30.83048070804216 30.065083980560303
84.068857854 -163.86395360529423 -30.867626322666183 30.06512212753296
84.089159559 -163.9099893718958 -30.92333616153337 30.065167903900146
84.108941917 -163.94067479670048 -30.96043790713884 30.065202236175537
84.128850733 -163.98671056330204 -31.016033305088058 30.065263271331787
84.148875853 -164.0174112468958 -31.053077830234542 30.065309047698975
84.168910945 -164.06346227228642 -31.10859693423845 30.065412044525146
84.189045501 -164.09416295588017 -31.14559186832048 30.065480709075928
84.210092202 -164.1402139812708 -31.201027048984542 30.065568447113037
84.2299887 -164.17091466486454 -31.23794568912126 30.065629482269287
84.25006411 -164.21691991388798 -31.293247355381027 30.06571340560913
84.270037691 -164.2475900799036 -31.330076350132003 30.065797328948975
84.290788813 -164.2935342937708 -31.38524259463884 30.06591558456421
84.310034413 -164.3241739422083 -31.421970499912277 30.06601095199585
84.330154097 -164.37010289728642 -31.476989878574386 30.066171169281006
84.350031403 -164.4007120281458 -31.513609064975753 30.06629705429077
84.370029183 -164.44664098322392 -31.568489207187667 30.066422939300537
84.39019336 -164.47723485529423 -31.605041636386886 30.066522121429443
84.41002688 -164.52313329279423 -31.65981305972673 30.06667470932007
84.429987964 -164.55371190607548 -31.696296824375167 30.066762447357178
84.450053976 -164.59954930841923 -31.750967158237472 30.066895961761475
84.469997265 -164.63011266291142 -31.78739751712419 30.066972255706787
84.490255766 -164.67588903009892 -31.841985834995285 30.06707525253296
84.51006732 -164.70639134943485 -31.87834562198259 30.067124843597412
84.530014358 -164.7521066814661 -31.932846201816574 30.067174434661865
84.550008597 -164.78256322443485 -31.969135416904464 30.06721258163452
84.57005402 -164.82824803888798 -32.023544444004074 30.067246913909912
84.590271181 -164.85868932306767 -32.059799326816574 30.067269802093506
84.610020499 -164.90434361994267 -32.11418546573259 30.06733465194702
84.630013594 -164.93480016291142 -32.150444163242355 30.067368984222412
84.65001908 -164.98053075373173 -32.20483030215837 30.067426204681396
84.670007827 -165.01103307306767 -32.2410928143654 30.06744909286499
84.690121528 -165.0567941814661 -32.295490397373214 30.06745672225952
84.710034928 -165.08732701838017 -32.33176435367204 30.06744146347046
84.730065384 -165.1331339031458 -32.386161936679855 30.067365169525146
84.750032614 -165.16366674005985 -32.42244733707048 30.0672926902771
84.770010061 -165.20947362482548 -32.476894511142746 30.067113399505615
84.790986143 -165.24005223810673 -32.51321805850603 30.06697988510132
84.810036709 -165.28593541681767 -32.56775678531267 30.066720485687256
84.83015259 -165.31652928888798 -32.6041299237404 30.06652593612671
84.850032279 -165.36251927912235 -32.65869916812517 30.06620168685913
84.870043976 -165.39320470392704 -32.69509138003923 30.065968990325928
84.890086748 -165.43927098810673 -32.749687327304855 30.06561040878296
84.910051475 -165.4700021892786 -32.78611005679704 30.06537389755249
84.929998596 -165.51612950861454 -32.840751780429855 30.06501531600952
84.950078783 -165.54689122736454 -32.87720884219743 30.064801692962646
84.971424821 -165.5930490642786 -32.93195356265642 30.06442403793335
84.991277573 -165.62382604181767 -32.96846021548845 30.064191341400146
85.011192315 -165.67001439630985 -33.02325834170915 30.063897609710693
85.031188912 -165.70080663263798 -33.05979169742204 30.063722133636475
85.051188591 -165.7470255047083 -33.1146394147072 30.063527584075928
85.071283267 -165.77784825861454 -33.151210917392746 30.063397884368896
85.09122973 -165.82411290705204 -33.20608533755876 30.06323766708374
85.111219338 -165.85496617853642 -33.242702616611496 30.063146114349365
85.132500699 -165.90126134455204 -33.29763044253923 30.06300115585327
85.152490765 -165.93214513361454 -33.33427060977556 30.0628981590271
85.172669125 -165.97844029963017 -33.389274729648605 30.062737941741943
85.192534121 -166.00929357111454 -33.42595304385759 30.06262731552124
85.21254913 -166.05554296076298 -33.481002940097824 30.062528133392334
85.232494101 -166.08635045588017 -33.5177041424904 30.062486171722412
85.252495716 -166.13256932795048 -33.5727578534279 30.062425136566162
85.272580065 -166.16334630548954 -33.60945905582048 30.06238317489624
85.29255334 -166.20951940119267 -33.66450513736345 30.062306880950928
85.312487397 -166.24023534357548 -33.70120633975603 30.062264919281006
85.33252948 -166.2862863689661 -33.75625623599626 30.06221914291382
85.352476336 -166.3169717937708 -33.79295743838884 30.06219244003296
85.372983232 -166.36291600763798 -33.848014964023605 30.062188625335693
85.392504705 -166.39354039728642 -33.88471616641618 30.06217336654663
85.412614147 -166.4393625408411 -33.9398232831154 30.062135219573975
85.433549598 -166.46991063654423 -33.9765664471779 30.06208562850952
85.453692431 -166.51568700373173 -34.03168500796892 30.061997890472412
85.473651722 -166.54618932306767 -34.06846250430681 30.061925411224365
85.49353823 -166.5919504314661 -34.12363065616228 30.0617995262146
85.513587462 -166.62245275080204 -34.16044248477556 30.061692714691162
85.533564879 -166.6681680828333 -34.21564878360368 30.061490535736084
85.553627522 -166.69860936701298 -34.25246442691423 30.061349391937256
85.573696592 -166.74424840509892 -34.307663096347824 30.061143398284912
85.593556787 -166.77467443048954 -34.34444440738298 30.06099843978882
85.613565085 -166.8202219158411 -34.39962781802751 30.060781002044678
85.633593933 -166.85057164728642 -34.43639768497087 30.06063222885132
85.653602085 -166.8960733562708 -34.49153913394548 30.06038808822632
85.673681823 -166.92636205255985 -34.52829374209978 30.06022024154663
85.693532517 -166.97180272638798 -34.58340848819353 30.059964656829834
85.713551358 -167.00207616388798 -34.62015928165056 30.059781551361084
85.733615037 -167.0475168377161 -34.675293101230636 30.0594801902771
85.753587035 -167.07782079279423 -34.71204389468767 30.059274196624756
85.773657754 -167.1232462078333 -34.767212046543136 30.058919429779053
85.793602952 -167.15355016291142 -34.80396665469743 30.05868673324585
85.813553544 -167.1990060955286 -34.85914243594743 30.058343410491943
85.833561542 -167.22931005060673 -34.89592374698259 30.058125972747803
85.853547609 -167.27479650080204 -34.95109189883806 30.057816982269287
85.873646603 -167.3051309734583 -34.987873209873214 30.057672023773193
85.893534307 -167.3506632000208 -35.04301847354509 30.057477474212646
85.913620111 -167.3810587078333 -35.079773081699386 30.057359218597412
85.933582505 -167.42665196955204 -35.1349030865822 30.057210445404053
85.953675654 -167.45707799494267 -35.17163862125017 30.057118892669678
85.973686636 -167.50274755060673 -35.226764811435714 30.057023525238037
85.993655194 -167.53320409357548 -35.26350416080095 30.056966304779053
86.013526562 -167.57890416681767 -35.31861127750017 30.056893825531006
86.03355909 -167.60936070978642 -35.355373515048996 30.056851863861084
86.053564118 -167.65509130060673 -35.41047681705095 30.05678701400757
86.073672644 -167.6855783611536 -35.447204722324386 30.056729793548584
86.093578399 -167.73133946955204 -35.502285136142746 30.05664587020874
86.113537535 -167.7618723064661 -35.53900922671892 30.05657720565796
86.1336086 -167.8076944500208 -35.59406675235368 30.056447505950928
86.153587195 -167.83827306330204 -35.6307526959572 30.056355953216553
86.173739189 -167.8841867595911 -35.68577207461931 30.05621862411499
86.193600887 -167.91484166681767 -35.72241987125017 30.056142330169678
86.213536749 -167.9608469158411 -35.77735532657243 30.056046962738037
86.23354924 -167.99154759943485 -35.81394590274431 30.055985927581787
86.25354566 -168.03761388361454 -35.868820322910324 30.05590581893921
86.27368408 -168.06836034357548 -35.905395640293136 30.055856227874756
86.293586223 -168.11450292170048 -35.96027387515642 30.055787563323975
86.313548206 -168.14527989923954 -35.99685682193376 30.05573797225952
86.333576534 -168.19146825373173 -36.051723612705246 30.05566930770874
86.353567252 -168.22227574884892 -36.08828748599626 30.055623531341553
86.373668183 -168.26855565607548 -36.14318479434587 30.05550527572632
86.393600632 -168.29942418634892 -36.17977918521501 30.05541753768921
86.413560571 -168.34579564630985 -36.234665049472824 30.055238246917725
86.433589525 -168.37677098810673 -36.27127088443376 30.055089473724365
86.453745256 -168.4232492595911 -36.326172007480636 30.05486822128296
86.473794391 -168.45428563654423 -36.362785471836105 30.0547194480896
86.493763387 -168.50087071955204 -36.41776288882829 30.054479122161865
86.513529303 -168.5319376140833 -36.454425944248214 30.054296016693115
86.533583145 -168.57861424982548 -36.50946821109392 30.05397939682007
86.55357199 -168.60974217951298 -36.54616559878923 30.053765773773193
86.573686668 -168.65647985041142 -36.601215495029464 30.053449153900146
86.593587032 -168.68763829767704 -36.63792051211931 30.053239345550537
86.613547407 -168.7344064861536 -36.692978037754074 30.05292272567749
86.633593265 -168.76559545099735 -36.72972501651384 30.052693843841553
86.653573197 -168.81236363947392 -36.78482831851579 30.05236577987671
86.673700417 -168.84355260431767 -36.82157148257829 30.052186489105225
86.693536027 -168.89036656916142 -36.87668622867204 30.051957607269287
86.713540218 -168.9215860515833 -36.91341413394548 30.051812648773193
86.733613952 -168.9684610515833 -36.9685098065529 30.051595211029053
86.753562011 -168.99972631037235 -37.00524534122087 30.05145788192749
86.773710369 -169.04663182795048 -37.060356272617355 30.05122137069702
86.793628828 -169.0779123455286 -37.09712995425798 30.051072597503662
86.813537753 -169.12484838068485 -37.152275217929855 30.050843715667725
86.833572941 -169.15612889826298 -37.189052714267746 30.05068349838257
86.853566821 -169.20304967463017 -37.24420560733415 30.050450801849365
86.873629147 -169.2343301922083 -37.28097928897478 30.05029821395874
86.893577528 -169.28123570978642 -37.33614362613298 30.050057888031006
86.913517107 -169.31248570978642 -37.372909678379074 30.049909114837646
86.933599156 -169.35934545099735 -37.42808164493181 30.049676418304443
86.953649315 -169.39054967463017 -37.46485532657243 30.04952383041382
86.973691123 -169.43731786310673 -37.52000059024431 30.049325466156006
86.993888064 -169.46844579279423 -37.55675901309587 30.04917287826538
87.013510389 -169.51515294611454 -37.611877573886886 30.04894781112671
87.033624858 -169.54628087580204 -37.64860929385759 30.04879140853882
87.053565338 -169.5929727703333 -37.70369733707048 30.048539638519287
87.073668973 -169.6241007000208 -37.74040616885759 30.048329830169678
87.093572662 -169.67082311213017 -37.79550947085954 30.048017024993896
87.113549086 -169.70195104181767 -37.83221830264665 30.04781484603882
87.133577078 -169.74865819513798 -37.88729871646501 30.047494411468506
87.153550808 -169.77977086603642 -37.92402662173845 30.047288417816162
87.173732652 -169.82641698420048 -37.97912229434587 30.046956539154053
87.193605875 -169.8574991375208 -38.01589979068376 30.046754360198975
87.213548884 -169.90409947931767 -38.071064127841964 30.046464443206787
87.23360854 -169.93516637384892 -38.10784543887712 30.04628896713257
87.253563726 -169.9817209392786 -38.16302122012712 30.046056270599365
87.273620243 -170.01274205744267 -38.19979108707048 30.045899868011475
87.293584552 -170.0592355877161 -38.2550088299904 30.045682430267334
87.313548501 -170.09022618830204 -38.29180539981462 30.045575618743896
87.333560175 -170.13668920099735 -38.34698881045915 30.045464992523193
87.353603629 -170.1676798015833 -38.38376249209978 30.04540777206421
87.373837689 -170.21412755548954 -38.438888682285324 30.04537343978882
87.39363397 -170.24510289728642 -38.475612772861496 30.045396327972412
87.41359252 -170.29156590998173 -38.53067411319353 30.045453548431396
87.433588195 -170.3225412517786 -38.56736387149431 30.045518398284912
87.453581427 -170.36901952326298 -38.62237943545915 30.04566717147827
87.473681235 -170.39999486505985 -38.65904630557634 30.0458083152771
87.494141766 -170.4464883953333 -38.714016093173996 30.046063899993896
87.513519865 -170.47746373713017 -38.75065244571306 30.04626989364624
87.533667567 -170.52394200861454 -38.805595530429855 30.04662847518921
87.553559352 -170.55491735041142 -38.84222806827165 30.0469069480896
87.573674374 -170.60138036310673 -38.897174967685714 30.047345638275146
87.594707496 -170.6323557049036 -38.93380750552751 30.047650814056396
87.614639214 -170.67880345880985 -38.9887734784279 30.048165798187256
87.634727008 -170.70976354181767 -39.02541364566423 30.04852056503296
87.654695778 -170.7561807781458 -39.08036435977556 30.04903554916382
87.674819646 -170.78712560236454 -39.11698545352556 30.049317836761475
87.694690921 -170.83354283869267 -39.17190946475603 30.04974889755249
87.714646427 -170.8644571453333 -39.208515299716964 30.05001974105835
87.734726313 -170.9108438640833 -39.26340497867204 30.05041265487671
87.754666645 -170.94175817072392 -39.300006998935714 30.050675868988037
87.774865446 -170.98812963068485 -39.35490049258806 30.051106929779053
87.794783824 -171.01902867853642 -39.39149106875993 30.051393032073975
87.814633678 -171.06536962091923 -39.44635785953142 30.05182409286499
87.834712255 -171.09625340998173 -39.4829255475197 30.05210256576538
87.854650746 -171.14257909357548 -39.53775419131853 30.052537441253662
87.874872247 -171.17344762384892 -39.574306620517746 30.05280065536499
87.894613778 -171.21972753107548 -39.62913144961931 30.053182125091553
87.914637276 -171.25053502619267 -39.66568387881853 30.05343008041382
87.934702673 -171.29673863947392 -39.720512522617355 30.053781032562256
87.954657635 -171.32748509943485 -39.75705732242204 30.054002285003662
87.974893842 -171.3736124187708 -39.81186689273454 30.054296016693115
87.994860871 -171.4043283611536 -39.8484040631447 30.054479122161865
88.014627135 -171.45044042170048 -39.90320600406267 30.054723262786865
88.034700894 -171.48120214045048 -39.93973554507829 30.054864406585693
88.054672555 -171.52734471857548 -39.99455655948259 30.055108547210693
88.07522197 -171.55812169611454 -40.03110517398454 30.055272579193115
88.09465924 -171.60429479181767 -40.085930003086105 30.05550527572632
88.114737215 -171.63510228693485 -40.122482432285324 30.05563497543335
88.134706897 -171.68132115900517 -40.17730344668962 30.05578374862671
88.154666179 -171.71214391291142 -40.21384824649431 30.055863857269287
88.174802911 -171.7583780437708 -40.26865018741228 30.05600881576538
88.194685085 -171.78918553888798 -40.30518354312517 30.05610418319702
88.214683253 -171.8354044109583 -40.35999692813493 30.056214809417725
88.234691781 -171.86622716486454 -40.396537913242355 30.05627202987671
88.25467273 -171.91249181330204 -40.45138563052751 30.056405544281006
88.274810883 -171.94334508478642 -40.48794568912126 30.056466579437256
88.294704837 -171.98964025080204 -40.542785777011886 30.056554317474365
88.314728852 -172.0205392986536 -40.57938016788103 30.056626796722412
88.334696567 -172.06688024103642 -40.634262217441574 30.056718349456787
88.354677883 -172.09779454767704 -40.67085279361345 30.056771755218506
88.37479313 -172.14418126642704 -40.72571576968767 30.056798458099365
88.394682116 -172.17511083185673 -40.76227964297868 30.056809902191162
88.415474087 -172.22148229181767 -40.81709302798845 30.05683660507202
88.43466775 -172.2523965984583 -40.85361493960954 30.056840419769287
88.454668985 -172.29872228205204 -40.90836347476579 30.056832790374756
88.474798696 -172.32960607111454 -40.944843424716964 30.05685567855835
88.494678081 -172.3759317547083 -40.99951948062517 30.05686330795288
88.514660637 -172.4068155437708 -41.03596509830095 30.056867122650146
88.534719216 -172.45314122736454 -41.09063352481462 30.056878566741943
88.554669703 -172.48405553400517 -41.127094401279464 30.05689001083374
88.574834694 -172.5304727703333 -41.181823862949386 30.056878566741943
88.594718018 -172.56141759455204 -41.21831907168962 30.056878566741943
88.614768038 -172.60792638361454 -41.27312864200212 30.056893825531006
88.634678355 -172.6389475017786 -41.309684885898605 30.05690908432007
88.654654771 -172.68551732599735 -41.364555491367355 30.05695104598999
88.67478182 -172.71659947931767 -41.40117277042009 30.057000637054443
88.694679449 -172.7632150799036 -41.4560700787697 30.057061672210693
88.714751747 -172.79431249201298 -41.4926911725197 30.057137966156006
88.734659692 -172.84092809259892 -41.5476228131447 30.057252407073975
88.754670601 -172.87199498713017 -41.58426298038103 30.057328701019287
88.77477888 -172.91859532892704 -41.63926328555681 30.05741262435913
88.794813892 -172.94964696466923 -41.67593778506853 30.057450771331787
88.814767698 -172.99623204767704 -41.731044901767746 30.057462215423584
88.834658123 -173.02728368341923 -41.767788065830246 30.057443141937256
88.85467802 -173.07383824884892 -41.82290662662126 30.057382106781006
88.874842608 -173.1048898845911 -41.85971464053728 30.057298183441162
88.894711628 -173.15145970880985 -41.91492856875993 30.05716848373413
88.91468418 -173.18251134455204 -41.951774729648605 30.05708074569702
88.934638817 -173.22905065119267 -42.007106913486496 30.056939601898193
88.954660581 -173.26007176935673 -42.044006480136886 30.05683660507202
88.974787302 -173.30656529963017 -42.099411143222824 30.05669927597046
88.994767915 -173.3375559002161 -42.136345042148605 30.056596279144287
89.014667799 -173.38400365412235 -42.191818369785324 30.05642080307007
89.034718906 -173.41497899591923 -42.22880185977556 30.05631399154663
89.054698257 -173.46144200861454 -42.284267558017746 30.05615758895874
89.075604295 -173.49243260920048 -42.32127775088884 30.056031703948975
89.094710256 -173.53891088068485 -42.37677396670915 30.05585241317749
89.114784417 -173.5699014812708 -42.413776530185714 30.055741786956787
89.134627512 -173.61639501154423 -42.4692536725197 30.05560064315796
89.154807586 -173.64740087091923 -42.50621427432634 30.05551290512085
89.174811256 -173.6939249187708 -42.56168378726579 30.0554518699646
89.194713834 -173.72494603693485 -42.5986482037697 30.055428981781006
89.214678459 -173.77148534357548 -42.654079569736496 30.0554518699646
89.234662659 -173.80250646173954 -42.69102109805681 30.055490016937256
89.254683667 -173.8490305095911 -42.74641050235368 30.05555486679077
89.274791594 -173.8800363689661 -42.783352030673996 30.055570125579834
89.29466969 -173.9265451580286 -42.838737620273605 30.055589199066162
89.314640037 -173.9575510174036 -42.875656260410324 30.05561590194702
89.334686539 -174.00404454767704 -42.931022776523605 30.05567693710327
89.354701291 -174.03503514826298 -42.967914713779464 30.055715084075928
89.375003721 -174.08148290216923 -43.02326978580095 30.055802822113037
89.394745207 -174.11242772638798 -43.060165537754074 30.05587148666382
89.414682293 -174.1588449627161 -43.11550153628923 30.055985927581787
89.43464148 -174.18974401056767 -43.15241636172868 30.056127071380615
89.454696098 -174.23605443537235 -43.207790507236496 30.056344509124756
89.47474538 -174.26689244806767 -43.24472440616228 30.05652379989624
89.494701299 -174.31311132013798 -43.30011381045915 30.056798458099365
89.514694158 -174.34385778009892 -43.3370515240822 30.05701208114624
89.534649811 -174.3899240642786 -43.39247907535173 30.057359218597412
89.554678951 -174.42064000666142 -43.42941678897478 30.057584285736084
89.574777543 -174.46659947931767 -43.48485196963884 30.05805730819702
89.594757097 -174.4972238689661 -43.521789683261886 30.05837392807007
89.61471626 -174.5431223064661 -43.57715619937517 30.0588698387146
89.634644967 -174.57365514338017 -43.614067210117355 30.059232234954834
89.654927124 -174.61944676935673 -43.66939557925798 30.05975103378296
89.674754882 -174.6499338299036 -43.70627225772478 30.0600905418396
89.694743407 -174.69566442072392 -43.761562479892746 30.06061315536499
89.714673266 -174.72616674005985 -43.79840482608415 30.06093740463257
89.734628494 -174.77185155451298 -43.85367216006853 30.06146764755249
89.75477381 -174.80233861505985 -43.890487803379074 30.061784267425537
89.774713878 -174.84800817072392 -43.94571317569353 30.062299251556396
89.794901196 -174.87846471369267 -43.98252500430681 30.062638759613037
89.81463907 -174.92413426935673 -44.0377351178322 30.06314992904663
89.834655754 -174.95460607111454 -44.074550761142746 30.063512325286865
89.854696199 -175.0003214031458 -44.129760874668136 30.064027309417725
89.874707389 -175.03080846369267 -44.16657270328142 30.064359188079834
89.89466758 -175.0765695720911 -44.2218057049904 30.064862728118896
89.914666781 -175.1070871502161 -44.25861753360368 30.065179347991943
89.934660446 -175.1529092937708 -44.31390775577165 30.06568670272827
89.954707814 -175.18348790705204 -44.35078061954118 30.06601095199585
89.974675615 -175.22941686213017 -44.40608991519548 30.06653356552124
89.99476703 -175.2600870281458 -44.443039072910324 30.066884517669678
90.014654326 -175.30612279474735 -44.49840940372087 30.067384243011475
90.034650608 -175.33680821955204 -44.535385264316574 30.067742824554443
90.054671218 -175.38285924494267 -44.590847147861496 30.06825017929077
90.074711281 -175.41357518732548 -44.627853526035324 30.06858205795288
90.094702609 -175.4596262127161 -44.68341459170915 30.069051265716553
90.114643611 -175.49032689630985 -44.720451487461105 30.06933355331421
90.134664148 -175.53636266291142 -44.776088847080246 30.06976079940796
90.154759675 -175.56703282892704 -44.81317533389665 30.070024013519287
90.174669555 -175.61302281916142 -44.8687898053322 30.070409297943115
90.194906947 -175.64361669123173 -44.90588010684587 30.070664882659912
90.214642707 -175.6895303875208 -44.96150220767595 30.071038722991943
90.234666483 -175.72010900080204 -44.99860013858415 30.071290493011475
90.254670485 -175.76597692072392 -45.054260386386886 30.071641445159912
90.274692264 -175.79657079279423 -45.09135831729509 30.07186269760132
90.296295997 -175.84242345392704 -45.14700330630876 30.07220220565796
90.31582628 -175.87301732599735 -45.18407834903337 30.072423458099365
90.345722394 -175.9188547283411 -45.239738596836105 30.07279348373413
90.371397064 -175.94943334162235 -45.276847971836105 30.07302236557007
90.401073053 -175.9952707439661 -45.332519663730636 30.07331609725952
90.421496857 -176.0258340984583 -45.369655741611496 30.073506832122803
90.441491518 -176.0716867595911 -45.42535032168962 30.073758602142334
90.461605844 -176.1022501140833 -45.46249784366228 30.07391881942749
90.481508985 -176.14808751642704 -45.51822294131853 30.07413625717163
90.501459705 -176.17865087091923 -45.555351389804855 30.07428503036499
90.521453315 -176.22450353205204 -45.61110700503923 30.07448720932007
90.541475865 -176.25506688654423 -45.64825834170915 30.074586391448975
90.561618538 -176.30095006525517 -45.70395673648454 30.074689388275146
90.58148664 -176.33152867853642 -45.74105848209001 30.07471990585327
90.60145231 -176.37738133966923 -45.79666532413103 30.074693202972412
90.621492767 -176.40795995295048 -45.83372129336931 30.074666500091553
90.641535613 -176.45384313166142 -45.88925565616228 30.074586391448975
90.661559663 -176.4844522625208 -45.92624296084978 30.074513912200928
90.681499596 -176.53039647638798 -45.981674326816574 30.0743727684021
90.70151209 -176.56102086603642 -46.01859296695329 30.074296474456787
90.721456115 -176.6070108562708 -46.07393659488298 30.07418203353882
90.741483342 -176.63768102228642 -46.11081708804704 30.074113368988037
90.761522433 -176.68371678888798 -46.16611493960954 30.07401418685913
90.781510431 -176.7144327312708 -46.20294965640642 30.07395315170288
90.801489282 -176.7605295330286 -46.258171214023605 30.073819637298584
90.821510539 -176.79127599298954 -46.29497159854509 30.073731899261475
90.841544582 -176.8374338299036 -46.35012067691423 30.073541164398193
90.862133495 -176.86821080744267 -46.386860026279464 30.07340383529663
90.881552511 -176.91441442072392 -46.441921366611496 30.073182582855225
90.901609536 -176.9452219158411 -46.47859968082048 30.072991847991943
90.921434096 -176.99145604670048 -46.53355802432634 30.072679042816162
90.941477329 -177.02227880060673 -46.570175303379074 30.072442531585693
90.961592518 -177.06854344904423 -46.62507261172868 30.07204580307007
90.98150367 -177.09942723810673 -46.66163267032243 30.071767330169678
91.001493749 -177.14576818048954 -46.71642698184587 30.071378231048584
91.021465511 -177.17668248713017 -46.752929819980636 30.07111120223999
91.042607144 -177.22308446466923 -46.807602061191574 30.070668697357178
91.062575472 -177.25402928888798 -46.84401716128923 30.070355892181396
91.082542104 -177.3004465252161 -46.8985749615822 30.069905757904053
91.102548289 -177.33139134943485 -46.934929026523605 30.06960439682007
91.122472729 -177.37780858576298 -46.98941434756853 30.069188594818115
91.142573691 -177.4087228924036 -47.02571882144548 30.068902492523193
91.162589269 -177.45509435236454 -47.08015073672868 30.068471431732178
91.182541136 -177.48597814142704 -47.11642850772478 30.068212032318115
91.202521833 -177.53228856623173 -47.17082609073259 30.067891597747803
91.222530232 -177.56315709650517 -47.207084788242355 30.067704677581787
91.247415794 -177.60943700373173 -47.26145185367204 30.067479610443115
91.272756672 -177.6402902752161 -47.29768384830095 30.067342281341553
91.289629753 -177.68658544123173 -47.3520547284279 30.06719732284546
91.309830227 -177.71745397150517 -47.388298167148605 30.06708288192749
91.329866209 -177.76377965509892 -47.44264997378923 30.06693410873413
91.349654351 -177.79464818537235 -47.47887815372087 30.06683874130249
91.369635128 -177.84098912775517 -47.533203257480636 30.06666326522827
91.389633002 -177.8718576580286 -47.56939329043962 30.066579341888428
91.409892116 -177.9181680828333 -47.6236726178322 30.06646490097046
91.429748288 -177.9490518718958 -47.65987409488298 30.06640386581421
91.449660166 -177.9953928142786 -47.71421064273454 30.066312313079834
91.469636854 -178.0262766033411 -47.75044263736345 30.066243648529053
91.48964171 -178.07264806330204 -47.80483259097673 30.06615972518921
91.509710439 -178.10356236994267 -47.84112943545915 30.066094875335693
91.530489717 -178.14991857111454 -47.89561857120134 30.065972805023193
91.549662974 -178.18080236017704 -47.932052744785324 30.065873622894287
91.569664621 -178.22711278498173 -47.986740244785324 30.06569814682007
91.589635664 -178.25798131525517 -48.023254527011886 30.06556463241577
91.609841611 -178.30424596369267 -48.07807172671892 30.065362453460693
91.629762585 -178.33508397638798 -48.114624155918136 30.0652174949646
91.649666938 -178.38131810724735 -48.169494761386886 30.06501531600952
91.669616122 -178.41212560236454 -48.20607770816423 30.06487798690796
91.68963151 -178.45831395685673 -48.26103605167009 30.06469488143921
91.709750316 -178.48910619318485 -48.29771818057634 30.064565181732178
91.729910035 -178.53529454767704 -48.352810038486496 30.064382076263428
91.749646458 -178.5660715252161 -48.3896638287697 30.064263820648193
91.769665637 -178.6122598797083 -48.44497693912126 30.06406545639038
91.7896342 -178.64305211603642 -48.481918467441574 30.06393575668335
91.809661719 -178.68922521173954 -48.53742231265642 30.063748836517334
91.83017925 -178.7200021892786 -48.57443632022478 30.063619136810303
91.849673434 -178.76622106134892 -48.63008893863298 30.063432216644287
91.869640335 -178.7970285564661 -48.66721357242204 30.063313961029053
91.8896608 -178.84327794611454 -48.722927225986496 30.063153743743896
91.909679804 -178.87411595880985 -48.76008619205095 30.06307363510132
91.930320429 -178.9203653484583 -48.815849436679855 30.062963008880615
91.949694267 -178.95118810236454 -48.85309232608415 30.062917232513428
91.969629589 -178.99742223322392 -48.90894330875017 30.062821865081787
91.989680559 -179.02824498713017 -48.94619764224626 30.06276845932007
92.009653092 -179.0744943767786 -49.00208295718767 30.062676906585693
92.03023964 -179.10533238947392 -49.0393220318947 30.062615871429443
92.049675115 -179.15153600275517 -49.09522260562517 30.06253957748413
92.069668686 -179.18235875666142 -49.132499827304855 30.062486171722412
92.089676817 -179.22856236994267 -49.18842710391618 30.0624098777771
92.109734396 -179.25938512384892 -49.22575010196306 30.062367916107178
92.129787487 -179.3056192547083 -49.281723154941574 30.062306880950928
92.149873884 -179.3364572674036 -49.319049967685714 30.062276363372803
92.169618619 -179.38269139826298 -49.3750039471779 30.06225347518921
92.189650785 -179.41351415216923 -49.41230787173845 30.062264919281006
92.209726533 -179.45973302423954 -49.46825040713884 30.06229543685913
92.229979317 -179.49052526056767 -49.50551618472673 30.062318325042725
92.249667386 -179.53666783869267 -49.56145109073259 30.062360286712646
92.269613265 -179.5674142986536 -49.59872831241228 30.06238317489624
92.289658172 -179.61351110041142 -49.654628886142746 30.062406063079834
92.309641712 -179.6441965252161 -49.6919099225197 30.06241750717163
92.330004306 -179.69018651545048 -49.7478066815529 30.062421321868896
92.349718464 -179.72082616388798 -49.78507627383806 30.062428951263428
92.369629798 -179.76677037775517 -49.8409577740822 30.06243658065796
92.389656912 -179.79741002619267 -49.87818159000017 30.062432765960693
92.409638811 -179.84330846369267 -49.93400968448259 30.062394618988037
92.429835578 -179.8739328533411 -49.97118772403337 30.06235647201538
92.449674472 -179.9198312908411 -50.02692426578142 30.062310695648193
92.469645913 -179.95044042170048 -50.064052714267746 30.06228017807007
92.489692521 -179.99635411798954 -50.11970151797868 30.06222677230835
92.509690538 -180.02697850763798 -50.15681089297868 30.06217336654663
92.530292931 -180.07292272150517 -50.21244443790056 30.062093257904053
92.549751467 -180.10353185236454 -50.249538554111496 30.062039852142334
92.569661302 -180.1494455486536 -50.30516446963884 30.06196355819702
92.589691378 -180.18005467951298 -50.34222806827165 30.061910152435303
92.609674296 -180.22595311701298 -50.39788450137712 30.061810970306396
92.629928177 -180.25657750666142 -50.434990061679855 30.06173086166382
92.649980041 -180.30255223810673 -50.49065793887712 30.061612606048584
92.669644161 -180.33323766291142 -50.52779401675798 30.061524868011475
92.689803974 -180.37928868830204 -50.583435191074386 30.061376094818115
92.709650326 -180.41001988947392 -50.6204987897072 30.061227321624756
92.729663594 -180.45616246759892 -50.676044596591964 30.060983180999756
92.74970418 -180.48693944513798 -50.71305097476579 30.060792446136475
92.769638123 -180.53312779963017 -50.7685586346779 30.060468196868896
92.789695852 -180.56395055353642 -50.805542124668136 30.060243129730225
92.80964962 -180.61021520197392 -50.861068858066574 30.059831142425537
92.829867567 -180.6410684734583 -50.8980866803322 30.059560298919678
92.849699871 -180.68739415705204 -50.9536172284279 30.059136867523193
92.869612935 -180.71827794611454 -50.99067701236345 30.05887746810913
92.889666015 -180.76463414728642 -51.04624189273454 30.05851125717163
92.909654152 -180.79554845392704 -51.08330167667009 30.058309078216553
92.929650639 -180.84191991388798 -51.138908518711105 30.058053493499756
92.949675165 -180.87284947931767 -51.175956858554855 30.057889461517334
92.969668126 -180.9192667156458 -51.231498850742355 30.05770254135132
92.989671034 -180.9502267986536 -51.26848997012712 30.057599544525146
93.009620701 -180.99668981134892 -51.323993815341964 30.057565212249756
93.029718446 -181.02768041193485 -51.360981120029464 30.057572841644287
93.049673698 -181.07418920099735 -51.416435374179855 30.057633876800537
93.069615417 -181.10521031916142 -51.45342649356462 30.057733058929443
93.089668366 -181.15178014338017 -51.508876933017746 30.05790090560913
93.109660261 -181.18284703791142 -51.54584134952165 30.05804204940796
93.129868555 -181.22950841486454 -51.60126890079118 30.058282375335693
93.150221254 -181.26062108576298 -51.63819517032243 30.058427333831787
93.169633272 -181.30734349787235 -51.69358457461931 30.058663845062256
93.189765229 -181.33848668634892 -51.73049940005876 30.058824062347412
93.209693347 -181.38517858088017 -51.78586591617204 30.059003353118896
93.23002782 -181.41630651056767 -51.8227578534279 30.059125423431396
93.249669654 -181.4629678875208 -51.878070963779464 30.059346675872803
93.269603395 -181.4940500408411 -51.9149323834572 30.059510707855225
93.289661171 -181.5406809002161 -51.970153941074386 30.059739589691162
93.309638194 -181.57176305353642 -52.00691999332048 30.059876918792725
93.329697065 -181.61837865412235 -52.062038554111496 30.0600905418396
93.349688417 -181.6494455486536 -52.098755015293136 30.060216426849365
93.369609195 -181.69606114923954 -52.15378965274431 30.060407161712646
93.389666608 -181.72714330255985 -52.19046033755876 30.060521602630615
93.409744219 -181.7737589031458 -52.24543775455095 30.060685634613037
93.429758345 -181.80481053888798 -52.2821084393654 30.060784816741943
93.449700085 -181.8513956218958 -52.33707822696306 30.06092596054077
93.469620326 -181.88243199884892 -52.373710764804855 30.061002254486084
93.489683002 -181.92897130548954 -52.428615702548996 30.061097621917725
93.509630895 -181.95997716486454 -52.46518339053728 30.061089992523193
93.529746269 -182.00645543634892 -52.51999296084978 30.06104803085327
93.549685445 -182.03744603693485 -52.556503428379074 30.061017513275146
93.569641602 -182.08386327326298 -52.61121381656267 30.06095266342163
93.589671663 -182.1148233562708 -52.64765943423845 30.060903072357178
93.609670682 -182.16124059259892 -52.70228208438493 30.060781002044678
93.629734011 -182.19218541681767 -52.73864377872087 30.060689449310303
93.650080407 -182.2386026531458 -52.79314054385759 30.06054449081421
93.669619217 -182.26951695978642 -52.829433573642746 30.06043767929077
93.689922626 -182.31588841974735 -52.88385404483415 30.06025457382202
93.709633548 -182.34680272638798 -52.92010892764665 30.060113430023193
93.730394301 -182.39315892755985 -52.97443021670915 30.05988836288452
93.749683889 -182.42408849298954 -53.01062787906267 30.059747219085693
93.769637392 -182.47047521173954 -53.06483091250993 30.059564113616943
93.789708968 -182.5014200359583 -53.100910319248214 30.059434413909912
93.809636065 -182.54785253107548 -53.15496457950212 30.05924367904663
93.829712584 -182.57875157892704 -53.19091428653337 30.059117794036865
93.849735267 -182.62510778009892 -53.24480070010759 30.058892726898193
93.86962182 -182.65599156916142 -53.28069700137712 30.05872869491577
93.889708467 -182.7023019939661 -53.33451093570329 30.058480739593506
93.909633084 -182.73317052423954 -53.37037290469743 30.058377742767334
93.929773985 -182.77946569025517 -53.42412961856462 30.058221340179443
93.949716711 -182.8103342205286 -53.459945811191574 30.05811834335327
93.969594234 -182.8566446453333 -53.51364911929704 30.057969570159912
93.989664603 -182.88751317560673 -53.5494424237404 30.057889461517334
94.009625892 -182.93383885920048 -53.603115214267746 30.05783224105835
94.029796066 -182.96470738947392 -53.63891233340837 30.057847499847412
94.049874045 -183.01100255548954 -53.69260038272478 30.057889461517334
94.069647298 -183.04187108576298 -53.728393687168136 30.057942867279053
94.089700922 -183.08818151056767 -53.782062662998214 30.058045864105225
94.109681155 -183.1190500408411 -53.817836893955246 30.058133602142334
94.129755247 -183.16539098322392 -53.871486796298996 30.058297634124756
94.151728817 -183.19629003107548 -53.907245768466964 30.058427333831787
94.171686979 -183.24269200861454 -53.96086515323259 30.058640956878662
94.191673746 -183.27366735041142 -53.99662031070329 30.05880880355835
94.211730025 -183.32016088068485 -54.05022825137712 30.059022426605225
94.232878097 -183.35119725763798 -54.08594907657243 30.059163570404053
94.252814198 -183.39775182306767 -54.13950742618181 30.059373378753662
94.272891003 -183.4287882000208 -54.17520536319353 30.059503078460693
94.292792135 -183.47532750666142 -54.22872175113298 30.059674739837646
94.313040244 -183.50634862482548 -54.264389170566574 30.059804439544678
94.332827021 -183.55284215509892 -54.3178864850197 30.059945583343506
94.352813946 -183.58383275568485 -54.35353864566423 30.06002187728882
94.372808065 -183.63031102716923 -54.4069978131447 30.06011724472046
94.392790076 -183.66125585138798 -54.442611826816574 30.06015920639038
94.412980227 -183.7076730877161 -54.49602140323259 30.060197353363037
94.432848417 -183.73863317072392 -54.53161252872087 30.060197353363037
94.452803837 -183.78509618341923 -54.58499158755876 30.060163021087646
94.472831401 -183.81608678400517 -54.62058271304704 30.060121059417725
94.492794639 -183.86259557306767 -54.674011362949386 30.06005620956421
94.512942864 -183.8936319500208 -54.709640635410324 30.060067653656006
94.532827986 -183.94020177423954 -54.763107432285324 30.060052394866943
94.552811869 -183.97128392755985 -54.79875577823259 30.060040950775146
94.572800118 -184.01791478693485 -54.852226389804855 30.06001043319702
94.59279582 -184.04905797541142 -54.88791288272478 30.06000280380249
94.613642743 -184.09581090509892 -54.94147123233415 30.06000280380249
94.633286775 -184.12701512873173 -54.977199686923996 30.06000280380249
94.658081999 -184.17389012873173 -55.03084577457048 30.06002187728882
94.678540833 -184.2051553875208 -55.06662763492204 30.06003713607788
94.698535074 -184.25213719904423 -55.120327128330246 30.06009817123413
94.718522219 -184.28344823420048 -55.1561433209572 30.06009817123413
94.738503044 -184.33043004572392 -55.20989622012712 30.060105800628662
94.758513184 -184.36175633966923 -55.245773447910324 30.06014394760132
94.778513728 -184.40873815119267 -55.299606455722824 30.06020498275757
94.798661063 -184.44006444513798 -55.335510386386886 30.06025457382202
94.818580373 -184.48704625666142 -55.38937772647478 30.060250759124756
94.838513507 -184.5183420330286 -55.42528928653337 30.060269832611084
94.858530287 -184.56529332697392 -55.47916425601579 30.060311794281006
94.87858768 -184.59657384455204 -55.51509107486345 30.060346126556396
94.898718156 -184.64347936213017 -55.568969859043136 30.060414791107178
94.918557984 -184.67474462091923 -55.604885233798996 30.060445308685303
94.938482674 -184.72161962091923 -55.65875638858415 30.060536861419678
94.958510211 -184.75285436213017 -55.69464887515642 30.061055660247803
94.978616132 -184.79968358576298 -55.74845518008806 30.063226222991943
94.99870849 -184.83087255060673 -55.78427137271501 30.065629482269287
95.018516172 -184.8776407390833 -55.83783735171892 30.070584774017334
95.038498848 -184.9088449627161 -55.87334836856462 30.07460927963257
95.058521276 -184.95575048029423 -55.92612470523454 30.081761837005615
95.078518435 -184.98710729181767 -55.96088041202165 30.08689260482788
95.098595929 -185.03430272638798 -56.01214994327165 30.09534215927124
95.11855842 -185.06590367853642 -56.045646799961105 30.10117483139038
95.138463793 -185.11357213556767 -56.09472288028337 30.110032558441162
95.15853468 -185.14555455744267 -56.126430643955246 30.115987300872803
95.178535673 -185.19384862482548 -56.17252744571306 30.12459707260132
95.198790497 -185.2262735515833 -56.2021523846779 30.130094051361084
95.218681081 -185.27533055841923 -56.24472440616228 30.137818813323975
95.238568387 -185.30828954279423 -56.27194227115251 30.142564296722412
95.258567607 -185.3582315593958 -56.31053556338884 30.148946285247803
95.278519977 -185.39181615412235 -56.33491147891618 30.15271520614624
95.298600735 -185.4426584392786 -56.369403971591964 30.15763235092163
95.318611534 -185.47694493830204 -56.390712870517746 30.160325527191162
95.338447522 -185.5287180095911 -56.420890940586105 30.16369390487671
95.358545657 -185.56361486017704 -56.43928159610368 30.165387630462646
95.378521245 -185.61637975275517 -56.464767588535324 30.167245388031006
95.398798865 -185.6518869549036 -56.480163706699386 30.16800832748413
95.41864874 -185.7056436687708 -56.500846995273605 30.168477535247803
95.438567362 -185.74176122248173 -56.51323331729509 30.16839361190796
95.458545034 -185.79655553400517 -56.52908719913103 30.167630672454834
95.478565795 -185.83342076838017 -56.538166178623214 30.166776180267334
95.498632974 -185.8891916424036 -56.549587382236496 30.16500234603882
95.518679443 -185.9267892986536 -56.555446757236496 30.16343069076538
95.538459174 -185.98361302912235 -56.5622712506447 30.16070318222046
95.558537988 -186.02182103693485 -56.565353526035324 30.15863561630249
95.578515543 -186.07965184748173 -56.56782544986345 30.15521001815796
95.598575212 -186.1184854656458 -56.5682526959572 30.152753353118896
95.618573963 -186.17723180353642 -56.56687559024431 30.14892339706421
95.638486965 -186.21664525568485 -56.564811839023605 30.14625310897827
95.658528031 -186.27633763849735 -56.55963529483415 30.14206838607788
95.678499384 -186.31639195978642 -56.555072916904464 30.139207363128662
95.698547646 -186.37684728205204 -56.546615733066574 30.13483953475952
95.71856534 -186.41746617853642 -56.53976453677751 30.131890773773193
95.738455566 -186.4787149578333 -56.52809919253923 30.12746572494507
95.758585334 -186.51983739435673 -56.51931775943376 30.124528408050537
95.778526183 -186.58189488947392 -56.504718912998214 30.120187282562256
95.798661138 -186.62347508966923 -56.49417127505876 30.11733388900757
95.818584262 -186.68629552423954 -56.476928843418136 30.113179683685303
95.838501689 -186.72840978205204 -56.46466840640642 30.11047124862671
95.858557278 -186.7919016033411 -56.4451943768654 30.106542110443115
95.878506583 -186.83444310724735 -56.43156064883806 30.104005336761475
95.898591388 -186.8985147625208 -56.41019452945329 30.10032033920288
95.918544559 -186.94146825373173 -56.395324839511886 30.097997188568115
95.938471006 -187.00611974298954 -56.372253550449386 30.094640254974365
95.958539056 -187.0493936687708 -56.35635389224626 30.09250783920288
95.97855815 -187.11460973322392 -56.3318025006447 30.089486598968506
95.998746358 -187.15821935236454 -56.31500638858415 30.08756399154663
96.01889107 -187.22392369806767 -56.28921522037126 30.084859371185303
96.038484315 -187.26786901056767 -56.27167524234392 30.083165645599365
96.058720449 -187.3339395672083 -56.2448884381447 30.08078908920288
96.078512581 -187.37814427912235 -56.22676862613298 30.07935094833374
96.098720573 -187.44458104670048 -56.19918836490251 30.077313899993896
96.118558814 -187.48902989923954 -56.18058408633806 30.07608938217163
96.138464467 -187.55580236017704 -56.15233243838884 30.074349880218506
96.158551128 -187.60044957697392 -56.133319987216964 30.073297023773193
96.178514892 -187.66758824884892 -56.10456479922868 30.07189702987671
96.198616986 -187.71240331232548 -56.08521284000017 30.07102346420288
96.218569609 -187.77983190119267 -56.0560456647072 30.069955348968506
96.238479322 -187.82484532892704 -56.036464823642746 30.069322109222412
96.258589802 -187.89245702326298 -56.00690091983415 30.06847906112671
96.278528984 -187.93762303888798 -55.98717130557634 30.068048000335693
96.298747384 -188.00541783869267 -55.9574014081154 30.067452907562256
96.31859244 -188.05066014826298 -55.93750776187517 30.067124843597412
96.338452629 -188.11859227716923 -55.90761579410173 30.066747188568115
96.359738609 -188.16388036310673 -55.887592448154464 30.066518306732178
96.379699983 -188.2318887859583 -55.857685221591964 30.066335201263428
96.399907571 -188.27719213068485 -55.83759321109392 30.066190242767334
96.419736288 -188.3451700359583 -55.80761350528337 30.066049098968506
96.439707223 -188.39048863947392 -55.787590159336105 30.06597661972046
96.459733966 -188.4584512859583 -55.75749601260759 30.065900325775146
96.479724033 -188.50375463068485 -55.73749174014665 30.065907955169678
96.499906079 -188.5716867595911 -55.70737470523454 30.065904140472412
96.520120954 -188.61695958673954 -55.68729795352556 30.06591558456421
96.539636852 -188.68481542170048 -55.65718854800798 30.065972805023193
96.559769801 -188.73002721369267 -55.63704694644548 30.06600332260132
96.579699844 -188.79782201349735 -55.60694135562517 30.066121578216553
96.599858724 -188.84298802912235 -55.58683027164079 30.0661940574646
96.619763565 -188.9106760174036 -55.556598795810714 30.066346645355225
96.639728665 -188.95579625666142 -55.53652204410173 30.066457271575928
96.659726392 -189.0233926922083 -55.506210459629074 30.066564083099365
96.681087769 -189.06846715509892 -55.48609556094743 30.066670894622803
96.708920892 -189.1360178142786 -55.455829752841964 30.066789150238037
96.729125329 -189.18101598322392 -55.435653819004074 30.066842555999756
96.748580683 -189.2484903484583 -55.40540708438493 30.066903591156006
96.768937511 -189.2934122234583 -55.385177744785324 30.066915035247803
96.788518444 -189.36076451838017 -55.35495008365251 30.066937923431396
96.808691587 -189.4055948406458 -55.33478559390642 30.066930294036865
96.828479339 -189.47277928888798 -55.30451978580095 30.066834926605225
96.849152557 -189.51750279963017 -55.28441251651384 30.066762447357178
96.870708942 -189.58447362482548 -55.25416196719743 30.066575527191162
96.890879243 -189.62904454767704 -55.23400510684587 30.06641912460327
96.910767576 -189.69578649103642 -55.203815592685714 30.06617498397827
96.930781978 -189.74023534357548 -55.18363584415056 30.065980434417725
96.953306993 -189.80677892267704 -55.15342344180681 30.065690517425537
96.973384244 -189.85109044611454 -55.13323606387712 30.065480709075928
96.993386994 -189.9173898845911 -55.103080881992355 30.065206050872803
97.013296281 -189.96151830255985 -55.08295072452165 30.06502676010132
97.037505573 -190.02763463556767 -55.052719248691574 30.064759731292725
97.061521836 -190.07164098322392 -55.03265775577165 30.06461477279663
97.081561396 -190.13757421076298 -55.002460612216964 30.064435482025146
97.102598567 -190.18148900568485 -54.982326640048996 30.06433629989624
97.122459331 -190.24725438654423 -54.95212186709978 30.06420660018921
97.142612239 -190.29103185236454 -54.93191541568376 30.064107418060303
97.162423127 -190.3566446453333 -54.90170301334001 30.06397008895874
97.183138784 -190.4003458172083 -54.881549967685714 30.063870906829834
97.20254144 -190.46583653986454 -54.85129178897478 30.063703060150146
97.222466615 -190.50944615900517 -54.83111966983415 30.063573360443115
97.242477858 -190.5747842937708 -54.80085386172868 30.06337881088257
97.262443628 -190.61830236017704 -54.780788554111496 30.063226222991943
97.282576277 -190.6835489422083 -54.750610484043136 30.06295156478882
97.302773 -190.72702123224735 -54.730514658847824 30.06274175643921
97.322507855 -190.79222203791142 -54.700424326816574 30.062425136566162
97.342521285 -190.83566381037235 -54.6803017987404 30.062180995941162
97.362425685 -190.90084935724735 -54.65031064883806 30.06180715560913
97.382583505 -190.9442911297083 -54.63031400577165 30.06154775619507
97.402546864 -191.00944615900517 -54.60029615298845 30.061147212982178
97.422487554 -191.05290319025517 -54.580429209629074 30.060868740081787
97.442560913 -191.11808873713017 -54.550537241855636 30.060468196868896
97.462463306 -191.1615305095911 -54.5306550397072 30.06020498275757
97.482595937 -191.22668553888798 -54.5007363690529 30.05979299545288
97.502548521 -191.27011205255985 -54.480819834629074 30.059510707855225
97.52410725 -191.3352365642786 -54.450981272617355 30.05908727645874
97.544081977 -191.37864781916142 -54.431030405918136 30.05884313583374
97.568211281 -191.44377233088017 -54.40125669375993 30.058465480804443
97.587649053 -191.48716832697392 -54.381374491611496 30.05822515487671
97.608666577 -191.55224706232548 -54.35151304141618 30.057870388031006
97.628531766 -191.59564305841923 -54.331665171543136 30.05762243270874
97.648786056 -191.66070653498173 -54.301777018466964 30.05725622177124
97.668664556 -191.70410253107548 -54.28184903995134 30.05701208114624
97.688630227 -191.76916600763798 -54.251953257480636 30.056634426116943
97.708590232 -191.8125314861536 -54.23194517032243 30.05637502670288
97.728537531 -191.87757970392704 -54.20204938785173 30.05600881576538
97.749120526 -191.9209299236536 -54.181972636142746 30.055726528167725
97.769162487 -191.98593236505985 -54.15201963321306 30.055345058441162
97.788646649 -192.0292520672083 -54.13200773135759 30.055100917816162
97.80864418 -192.0941934734583 -54.1019326581154 30.05475378036499
97.828543691 -192.13746739923954 -54.08190549747087 30.054547786712646
97.848764352 -192.20231725275517 -54.051696909824386 30.054242610931396
97.868659714 -192.24553014338017 -54.031494273105636 30.054044246673584
97.888638891 -192.31027318537235 -54.00112928287126 30.05373525619507
97.908627375 -192.3534250408411 -53.980793131748214 30.053521633148193
97.928585681 -192.41810704767704 -53.95029081241228 30.05318593978882
97.948685331 -192.46122838556767 -53.92988599673845 30.052979946136475
97.968728635 -192.52586461603642 -53.89917768375017 30.052663326263428
97.988647296 -192.56897069513798 -53.87870420352556 30.05244207382202
98.008589286 -192.6336221843958 -53.84778989688493 30.052110195159912
98.028548363 -192.67668248713017 -53.827209605136886 30.05185079574585
98.048706941 -192.7412424236536 -53.79620756045915 30.051507472991943
98.06872997 -192.78424169123173 -53.775505198398605 30.05126714706421
98.088645521 -192.84869481623173 -53.74442304507829 30.05088186264038
98.108591417 -192.8916330486536 -53.723625315586105 30.050618648529053
98.128609911 -192.95597936213017 -53.69248212710954 30.05021047592163
98.148657189 -192.99884130060673 -53.67166150943376 30.049954891204834
98.169981062 -193.06308080255985 -53.64035428897478 30.049581050872803
98.19003861 -193.1058664470911 -53.61948026553728 30.04931402206421
98.210055272 -193.17001439630985 -53.58804716006853 30.048879146575928
98.230009829 -193.21276952326298 -53.56704725162126 30.048566341400146
98.25022201 -193.2768869549036 -53.535480631748214 30.04806661605835
98.270102541 -193.31964208185673 -53.51435102359392 30.04773473739624
98.290016755 -193.38379003107548 -53.48259366885759 30.047231197357178
98.310048561 -193.42656041681767 -53.46134580508806 30.04689931869507
98.330019791 -193.49073888361454 -53.42947400943376 30.04636526107788
98.3504674 -193.5335245281458 -53.40817655459978 30.04604482650757
98.370021959 -193.59771825373173 -53.37616361514665 30.04555654525757
98.390439744 -193.64051915705204 -53.35482801334001 30.045213222503662
98.409984102 -193.70472814142704 -53.32270063296892 30.044694423675537
98.43014404 -193.74752904474735 -53.30123151675798 30.044339656829834
98.450253411 -193.81170751154423 -53.268940104404464 30.04382848739624
98.470068244 -193.85450841486454 -53.24732602969743 30.0434889793396
98.490024658 -193.91868688166142 -53.2148476971779 30.042951107025146
98.509977487 -193.9614572674036 -53.19312681094743 30.042584896087646
98.529978737 -194.02560521662235 -53.160453928867355 30.042035579681396
98.550228974 -194.06834508478642 -53.13861860171892 30.04163885116577
98.570037296 -194.13244725763798 -53.10578931705095 30.041043758392334
98.590030398 -194.17514134943485 -53.08390439883806 30.04062032699585
98.610059007 -194.2392130047083 -53.05098737613298 30.040021419525146
98.629963404 -194.2818918377161 -53.029010905185714 30.039632320404053
98.650215931 -194.34591771662235 -52.99602140323259 30.03906011581421
98.670068147 -194.38859654963017 -52.97398008243181 30.03870153427124
98.690021784 -194.45260716974735 -52.94094098941423 30.038175106048584
98.709984793 -194.49528600275517 -52.918884409824386 30.03784704208374
98.729971716 -194.55929662287235 -52.8857575787697 30.037396907806396
98.750171786 -194.6020059734583 -52.863666666904464 30.037118434906006
98.770083314 -194.66610814630985 -52.8304482831154 30.036736965179443
98.790018619 -194.70886327326298 -52.80827726260759 30.036500453948975
98.81000236 -194.7730264812708 -52.77496732608415 30.03619146347046
98.830056585 -194.8158273845911 -52.75275434390642 30.03600835800171
98.850162641 -194.88005162775517 -52.719421519199386 30.035722255706787
98.870136693 -194.9228830486536 -52.69716657535173 30.035550594329834
98.89110848 -194.98716832697392 -52.66384138003923 30.03535223007202
98.911075796 -195.03004552423954 -52.641601694980636 30.03524923324585
98.931081316 -195.09436132013798 -52.60821164981462 30.03513479232788
98.951375618 -195.1372842937708 -52.58596052066423 30.035104274749756
98.97127906 -195.20170690119267 -52.55252088443376 30.035085201263428
98.991074013 -195.2446603924036 -52.530212534824386 30.035077571868896
99.01105818 -195.30909825861454 -52.4967080487404 30.035069942474365
99.0310166 -195.35206700861454 -52.47432721988298 30.035081386566162
99.05126001 -195.41655065119267 -52.440788401523605 30.035050868988037
99.071122829 -195.45953465998173 -52.41837324039079 30.035043239593506
99.091122507 -195.52403356134892 -52.3847810162697 30.03504705429077
99.111078172 -195.56701757013798 -52.362358225742355 30.035050868988037
99.131023773 -195.63148595392704 -52.32868970767595 30.035062313079834
99.151355933 -195.67443944513798 -52.30626310245134 30.035062313079834
99.171043997 -195.73886205255985 -52.272602213779464 30.035069942474365
99.191100526 -195.78178502619267 -52.250183237949386 30.03507375717163
99.211123729 -195.84616185724735 -52.21659482852556 30.035069942474365
99.231049563 -195.8890695720911 -52.19418729678728 30.035077571868896
99.251652326 -195.95341588556767 -52.160629404941574 30.03510808944702
99.271137313 -195.99632360041142 -52.13825620547868 30.03511953353882
99.291060117 -196.06068517267704 -52.104702128330246 30.03510808944702
99.311083768 -196.1035928875208 -52.08237089053728 30.0350661277771
99.331048789 -196.16795445978642 -52.048786295810714 30.035020351409912
99.351536573 -196.21081639826298 -52.02646268741228 30.034974575042725
99.373099134 -196.2751016765833 -51.992965830722824 30.03490972518921
99.403895053 -196.31793309748173 -51.97066511050798 30.034860134124756
99.425713034 -196.3821573406458 -51.937248362461105 30.034776210784912
99.445724605 -196.4249582439661 -51.91495145694353 30.034722805023193
99.465840812 -196.48918248713017 -51.88162626163103 30.034600734710693
99.485907195 -196.53196813166142 -51.859420908847824 30.03452444076538
99.505725424 -196.59616185724735 -51.82611860171892 30.034417629241943
99.52571342 -196.63891698420048 -51.80396284000017 30.03434133529663
99.545765811 -196.70306493341923 -51.770691050449386 30.034226894378662
99.565724957 -196.74583531916142 -51.74851621524431 30.034135341644287
99.586419619 -196.80995275080204 -51.71525968448259 30.034005641937256
99.605776659 -196.8526926189661 -51.69306196109392 30.03391408920288
99.625708134 -196.91681005060673 -51.659782542148605 30.033788204193115
99.645778179 -196.95953465998173 -51.637573374668136 30.033719539642334
99.66576081 -197.02362157404423 -51.604362620273605 30.033559322357178
99.686106025 -197.06634618341923 -51.58222211734392 30.033456325531006
99.705751207 -197.13041783869267 -51.54901899234392 30.033250331878662
99.725691438 -197.17311193048954 -51.52692045108415 30.03308629989624
99.745737893 -197.23716832697392 -51.49372114078142 30.03284978866577
99.76571441 -197.27984715998173 -51.471576823154464 30.032670497894287
99.785845843 -197.34387303888798 -51.438346995273605 30.03242254257202
99.805795253 -197.3865518718958 -51.416164530673996 30.032277584075928
99.825695672 -197.45057775080204 -51.38288892642595 30.032060146331787
99.845860439 -197.49325658380985 -51.360675944248214 30.031938076019287
99.865690905 -197.55725194513798 -51.327316416660324 30.031793117523193
99.886087418 -197.59991551935673 -51.30505002872087 30.03171682357788
99.905729891 -197.66391088068485 -51.27161420718767 30.0316481590271
99.925713094 -197.7065744549036 -51.24930967227556 30.03165578842163
99.945706843 -197.77055455744267 -51.215812815586105 30.03170156478882
99.965688763 -197.81320287287235 -51.19347013370134 30.031754970550537
99.986162487 -197.87721349298954 -51.15994657413103 30.031854152679443
100.005775577 -197.9198770672083 -51.137573374668136 30.031922817230225
100.025722493 -197.9839182049036 -51.103996409336105 30.032029628753662
100.046309223 -198.02659703791142 -51.081569804111496 30.03210973739624
100.067221473 -198.09062291681767 -51.04788221255876 30.032277584075928
100.087351267 -198.13328649103642 -51.02537931338884 30.032399654388428
100.107140233 -198.1972971111536 -50.991577280918136 30.03257131576538
100.127121688 -198.23996068537235 -50.9690095318947 30.03268575668335
100.14713176 -198.3039102703333 -50.93510068790056 30.03284978866577
100.167243606 -198.34652806818485 -50.91245283023454 30.032948970794678
100.187325778 -198.41037084162235 -50.87842573062517 30.033097743988037
100.207119552 -198.45292760431767 -50.855713023105636 30.033212184906006
100.227146946 -198.51666356623173 -50.821518076816574 30.033402919769287
100.247522425 -198.55912877619267 -50.798664225498214 30.03352117538452
100.277831441 -198.62280370295048 -50.76430524722673 30.03368902206421
100.301644377 -198.66522313654423 -50.74132169620134 30.033772945404053
100.322354636 -198.7288370281458 -50.70679868594743 30.033902645111084
100.342475225 -198.77124120295048 -50.683735026279464 30.033971309661865
100.362309327 -198.83480931818485 -50.64908613101579 30.034047603607178
100.382334128 -198.87719823420048 -50.625961436191574 30.03408193588257
100.403663705 -198.94073583185673 -50.591213358798996 30.034101009368896
100.423700897 -198.9831094890833 -50.56804288760759 30.034120082855225
100.443623853 -199.0466623455286 -50.5332070721779 30.0340895652771
100.463594019 -199.0890665203333 -50.50995649234392 30.03406286239624
100.483650539 -199.1526651531458 -50.47505201236345 30.034017086029053
100.503728629 -199.19511510431767 -50.45175565616228 30.03395986557007
100.523644885 -199.25880528986454 -50.41678632632829 30.0338454246521
100.543601973 -199.30131627619267 -50.39344037906267 30.033734798431396
100.563586348 -199.36512853205204 -50.358390940586105 30.03353261947632
100.583654313 -199.40770055353642 -50.335022105136886 30.033395290374756
100.604279185 -199.47166539728642 -50.2999307049904 30.03315496444702
100.623624771 -199.5143594890833 -50.276542796054855 30.032994747161865
100.643682943 -199.5784464031458 -50.24146284000017 30.03275442123413
100.663594163 -199.62126256525517 -50.21808256045915 30.032586574554443
100.683749246 -199.68547154963017 -50.18302167789079 30.0323805809021
100.703729497 -199.7283487468958 -50.15966428653337 30.032227993011475
100.723631242 -199.79269506037235 -50.12464155093767 30.03202199935913
100.74370216 -199.8356485515833 -50.101303233066574 30.031888484954834
100.763620177 -199.90013219416142 -50.06629194156267 30.031693935394287
100.783648665 -199.94313146173954 -50.04295743838884 30.03157949447632
100.804470387 -200.00769139826298 -50.0079499615822 30.031388759613037
100.823633124 -200.05075170099735 -49.984604014316574 30.0312819480896
100.844022974 -200.1153879314661 -49.94957364932634 30.03115224838257
100.863626736 -200.15849401056767 -49.9261628522072 30.031053066253662
100.883827787 -200.2231760174036 -49.89102949039079 30.03095769882202
100.903858338 -200.26632787287235 -49.86756147281267 30.030900478363037
100.923653565 -200.33105565607548 -49.83231748477556 30.03084707260132
100.943631693 -200.3742227703333 -49.80882657901384 30.03082799911499
100.96358745 -200.43898107111454 -49.77355588809587 30.0307936668396
100.983608964 -200.48217870295048 -49.750045908847824 30.03075933456421
101.003727997 -200.54701329767704 -49.714706553379074 30.030660152435303
101.023665532 -200.5902414470911 -49.69115079776384 30.03060293197632
101.043640563 -200.65512181818485 -49.65583433047868 30.03052282333374
101.065283327 -200.69841100275517 -49.63229383365251 30.030465602874756
101.085401317 -200.76335240900517 -49.59701551334001 30.030351161956787
101.10533248 -200.80665685236454 -49.573513163486496 30.03027868270874
101.125256391 -200.87167455255985 -49.53824628726579 30.0301833152771
101.145253154 -200.91502477228642 -49.51474393741228 30.030133724212646
101.165250354 -200.98014928400517 -49.47946943179704 30.030080318450928
101.1854346 -201.02360631525517 -49.4559480084572 30.030023097991943
101.205270798 -201.0888223797083 -49.42066205875017 30.029962062835693
101.225320739 -201.13232518732548 -49.397140635410324 30.029935359954834
101.245228182 -201.1975870281458 -49.361869944492355 30.029927730560303
101.265259689 -201.24115087091923 -49.338344706455246 30.029942989349365
101.285367368 -201.30648900568485 -49.303093089023605 30.02997350692749
101.305363826 -201.3500528484583 -49.27960599795915 30.03000783920288
101.325285417 -201.41546727716923 -49.24438108340837 30.030076503753662
101.345267986 -201.45907689630985 -49.22091688052751 30.030137538909912
101.365295916 -201.5244913250208 -49.18570722476579 30.030232906341553
101.385463125 -201.56810094416142 -49.162250651279464 30.030320644378662
101.405275891 -201.63346959650517 -49.1270791424904 30.030446529388428
101.425611959 -201.67704869806767 -49.103622569004074 30.030538082122803
101.445236769 -201.7423868328333 -49.0684853924904 30.030675411224365
101.465379715 -201.7859201580286 -49.04508603946306 30.030770778656006
101.485524289 -201.85119725763798 -49.010036600986496 30.030900478363037
101.505374407 -201.8946848064661 -48.98670209781267 30.03100347518921
101.525285289 -201.9599161297083 -48.95173658267595 30.03116750717163
101.545256588 -202.00340367853642 -48.92845548526384 30.031285762786865
101.565242301 -202.06865026056767 -48.8935700787697 30.03149175643921
101.585427512 -202.11215306818485 -48.870319498935714 30.03161382675171
101.605300877 -202.17743016779423 -48.83545698062517 30.03181219100952
101.625274236 -202.22096349298954 -48.81217588321306 30.031964778900146
101.64530135 -202.28624059259892 -48.77728666202165 30.032216548919678
101.665290581 -202.32977391779423 -48.754028452793136 30.032395839691162
101.685424266 -202.39508153498173 -48.71914686099626 30.032670497894287
101.705377137 -202.43859960138798 -48.69591916934587 30.032865047454834
101.725266722 -202.5039377361536 -48.66105283633806 30.033204555511475
101.745269438 -202.54748632013798 -48.63784803287126 30.033437252044678
101.765266349 -202.61279393732548 -48.60309614078142 30.033833980560303
101.785408724 -202.6563272625208 -48.57996381656267 30.03408193588257
101.805434665 -202.72161962091923 -48.54532255069353 30.034459590911865
101.825277389 -202.76513768732548 -48.522243632236496 30.034711360931396
101.845310514 -202.83041478693485 -48.48764814273454 30.03510808944702
101.865258556 -202.8739328533411 -48.464584483066574 30.035390377044678
101.885391345 -202.9392404705286 -48.42997373477556 30.035756587982178
101.905328411 -202.98277379572392 -48.40691770450212 30.03600835800171
101.925325356 -203.04815770685673 -48.37230314151384 30.036393642425537
101.945252169 -203.09176732599735 -48.349235667148605 30.036656856536865
101.965543967 -203.15721227228642 -48.31464780704118 30.037057399749756
101.98531365 -203.20091344416142 -48.29157270328142 30.037301540374756
102.005492359 -203.2664346843958 -48.257019175449386 30.037660121917725
102.025273327 -203.31018163263798 -48.23398984805681 30.037869930267334
102.045281194 -203.37577916681767 -48.199489725986496 30.038133144378662
102.065255675 -203.41954137384892 -48.17650998965837 30.03828191757202
102.085299027 -203.48519994318485 -48.14206708804704 30.03842306137085
102.105528762 -203.52897740900517 -48.11912931338884 30.038506984710693
102.125302774 -203.5946817547083 -48.08472837344743 30.03854513168335
102.145254489 -203.63848973810673 -48.06181730167009 30.03854513168335
102.16630531 -203.70416356623173 -48.027485026279464 30.03851079940796
102.186402825 -203.74794103205204 -48.00461591617204 30.038419246673584
102.206532997 -203.81358434259892 -47.97036756412126 30.03828191757202
102.226330494 -203.85734654963017 -47.94757474795915 30.03817129135132
102.246293986 -203.92302037775517 -47.913444651523605 30.03800344467163
102.267616172 -203.96678258478642 -47.89072812930681 30.03790044784546
102.287780552 -204.0324258953333 -47.85670102969743 30.037747859954834
102.307656929 -204.07617284357548 -47.834045542636886 30.037652492523193
102.327626573 -204.14177037775517 -47.80009092227556 30.03744649887085
102.347658803 -204.18547154963017 -47.7774812115822 30.037301540374756
102.367626825 -204.2510080486536 -47.74360669986345 30.037095546722412
102.388233306 -204.2947092205286 -47.72101606265642 30.03693914413452
102.407628417 -204.36021520197392 -47.68714155093767 30.036717891693115
102.427639297 -204.4038858562708 -47.66454709903337 30.036580562591553
102.447640699 -204.46936132013798 -47.63064969913103 30.03637456893921
102.467673951 -204.51300145685673 -47.60806287662126 30.036244869232178
102.487780365 -204.57841588556767 -47.57414640323259 30.03605031967163
102.50774442 -204.6220255047083 -47.55154432193376 30.035916805267334
102.527606827 -204.68739415705204 -47.51765073672868 30.035665035247803
102.547701037 -204.73095799982548 -47.495056284824386 30.035462856292725
102.567610235 -204.7962961345911 -47.46115888492204 30.035138607025146
102.587777249 -204.8397989422083 -47.43851865665056 30.03492498397827
102.607804344 -204.90501500666142 -47.40456403628923 30.03461980819702
102.627603986 -204.94845677912235 -47.38191236392595 30.03439474105835
102.647642449 -205.0135812908411 -47.347919596591964 30.03402853012085
102.667662981 -205.0569620281458 -47.32526792422868 30.033799648284912
102.687826338 -205.1220255047083 -47.29129804507829 30.03344488143921
102.70768716 -205.16539098322392 -47.26866544620134 30.033219814300537
102.727613813 -205.23040868341923 -47.234741343418136 30.032918453216553
102.747639167 -205.2737589031458 -47.212116373935714 30.032704830169678
102.76761822 -205.33874608576298 -47.178215159336105 30.032395839691162
102.787853854 -205.38205052912235 -47.155624522129074 30.032155513763428
102.807612555 -205.44700719416142 -47.12177671329118 30.031816005706787
102.827615281 -205.49029637873173 -47.09922422305681 30.031575679779053
102.847667653 -205.55517674982548 -47.06539930240251 30.031205654144287
102.867596876 -205.5984201580286 -47.04286970035173 30.030980587005615
102.8877577 -205.66322423517704 -47.00905622378923 30.030667781829834
102.907692388 -205.70642186701298 -46.98654569522478 30.030465602874756
102.927638004 -205.77118016779423 -46.95283140079118 30.03017568588257
102.947610907 -205.8143625408411 -46.93034757510759 30.029954433441162
102.967633641 -205.8791055828333 -46.89664091006853 30.029645442962646
102.987777268 -205.92228795588017 -46.8741608990822 30.0294508934021
103.00823719 -205.98703099787235 -46.840412272373214 30.029164791107178
103.027631113 -206.03019811213017 -46.81792081729509 30.029000759124756
103.047693178 -206.09495641291142 -46.78415693179704 30.028729915618896
103.06759186 -206.13812352716923 -46.76168073550798 30.028584957122803
103.088946329 -206.20286656916142 -46.72794355289079 30.02828359603882
103.108927655 -206.24603368341923 -46.70547880069353 30.02808141708374
103.129134048 -206.31079198420048 -46.67181028262712 30.027753353118896
103.148886373 -206.35398961603642 -46.64939512149431 30.027493953704834
103.168907632 -206.41876317560673 -46.61581815616228 30.027127742767334
103.189364278 -206.46196080744267 -46.593464030185714 30.026883602142334
103.2088946 -206.5267648845911 -46.559990061679855 30.0265212059021
103.228902354 -206.56996251642704 -46.53770841495134 30.026296138763428
103.248937112 -206.63478185236454 -46.50431455508806 30.025941371917725
103.270853141 -206.67802526056767 -46.48206342593767 30.025716304779053
103.291032538 -206.7428751140833 -46.44870389834978 30.025338649749756
103.310713422 -206.7861642986536 -46.42645658389665 30.025067806243896
103.330703355 -206.85107518732548 -46.393119944492355 30.024755001068115
103.35070114 -206.8943643718958 -46.370903147617355 30.02451467514038
103.370879056 -206.95929051935673 -46.33759702579118 30.024178981781006
103.390781051 -207.00256444513798 -46.31539167300798 30.023961544036865
103.410710398 -207.0674600750208 -46.282070292392746 30.02361822128296
103.430712914 -207.11070348322392 -46.25986493960954 30.023404598236084
103.4506952 -207.17553807795048 -46.22649015323259 30.023046016693115
103.470880035 -207.21875096857548 -46.20424665347673 30.022809505462646
103.490846305 -207.28355504572392 -46.17087949649431 30.022450923919678
103.51069502 -207.3267374187708 -46.148613108554855 30.02218770980835
103.530702551 -207.39149571955204 -46.11522306338884 30.021779537200928
103.550704979 -207.4346475750208 -46.092941416660324 30.021493434906006
103.570828439 -207.49939061701298 -46.05948652164079 30.02107000350952
103.591338564 -207.54254247248173 -46.03718580142595 30.02079153060913
103.610670606 -207.60722447931767 -46.00373090640642 30.020387172698975
103.630752941 -207.6503458172083 -45.981445444980636 30.020150661468506
103.650693268 -207.71496678888798 -45.948017252841964 30.01979970932007
103.671637853 -207.75804235041142 -45.925747050205246 30.01959753036499
103.690928287 -207.82261754572392 -45.89235700503923 30.01929998397827
103.712829214 -207.8656778484583 -45.87006391421892 30.019120693206787
103.732697439 -207.93023778498173 -45.83664335147478 30.01888418197632
103.752830993 -207.97326757013798 -45.814350260654464 30.018739223480225
103.772795058 -208.03781224787235 -45.78090680972673 30.01855230331421
103.792753816 -208.08081151545048 -45.75862134830095 30.018453121185303
103.812663394 -208.14531041681767 -45.72513975040056 30.018311977386475
103.832682762 -208.18829442560673 -45.70282377139665 30.01824712753296
103.852724298 -208.25277806818485 -45.66936124698259 30.018197536468506
103.87281966 -208.29574681818485 -45.647060526767746 30.018189907073975
103.892729405 -208.3601846843958 -45.61362089053728 30.01815176010132
103.91275879 -208.40312291681767 -45.59130491153337 30.01813268661499
103.932686297 -208.46753026545048 -45.55784238711931 30.018128871917725
103.95270623 -208.5104532390833 -45.53551877872087 30.01813268661499
103.972882709 -208.5748605877161 -45.501999033847824 30.018170833587646
103.992736335 -208.61778356134892 -45.479660166660324 30.018208980560303
104.012665499 -208.68219090998173 -45.4460488690529 30.018292903900146
104.0327263 -208.72514440119267 -45.423637522617355 30.01836919784546
104.05273574 -208.7895822674036 -45.39001096622087 30.018514156341553
104.072952345 -208.83258153498173 -45.36757673160173 30.018601894378662
104.092763248 -208.89709569513798 -45.333950175205246 30.01871633529663
104.112751515 -208.9401407390833 -45.31153501407243 30.018781185150146
104.132684616 -209.0047159343958 -45.27793134585954 30.018868923187256
104.152719067 -209.04777623713017 -45.255519999423996 30.018922328948975
104.17332977 -209.11241246759892 -45.221881998935714 30.01904058456421
104.192782381 -209.15551854670048 -45.19947065250017 30.019120693206787
104.212789824 -209.22023107111454 -45.165817393222824 30.01925802230835
104.232689414 -209.2633829265833 -45.14339460269548 30.01936101913452
104.252853904 -209.32814122736454 -45.10977567569353 30.019540309906006
104.272826532 -209.3713693767786 -45.0872956647072 30.019662380218506
104.292763044 -209.43621923029423 -45.05359662906267 30.019856929779053
104.312702366 -209.47947789728642 -45.031112803379074 30.01998281478882
104.332696248 -209.54441930353642 -44.99739087955095 30.02016592025757
104.352712012 -209.5877237468958 -44.97492994205095 30.020299434661865
104.372765544 -209.65275670588017 -44.941249979892746 30.020463466644287
104.392816437 -209.69610692560673 -44.918842448154464 30.020616054534912
104.412707862 -209.76117040216923 -44.885254038730636 30.020814418792725
104.432687707 -209.80455113947392 -44.86289228335954 30.020936489105225
104.452705773 -209.86964513361454 -44.829399241367355 30.021108150482178
104.472773544 -209.91310216486454 -44.80708326236345 30.021207332611084
104.492790115 -209.97827245295048 -44.77365888492204 30.021329402923584
104.512736777 -210.02174474298954 -44.751396311679855 30.021417140960693
104.532726553 -210.08696080744267 -44.71802534000017 30.02157735824585
104.552719534 -210.13046361505985 -44.69580854312517 30.02169942855835
104.573016353 -210.19577123224735 -44.662468089023605 30.021867275238037
104.592802023 -210.23931981623173 -44.64025510684587 30.021974086761475
104.612675796 -210.30470372736454 -44.606960429111496 30.022141933441162
104.632710186 -210.3483438640833 -44.584777964511886 30.022260189056396
104.652713126 -210.41378881037235 -44.551567210117355 30.022481441497803
104.672905385 -210.45745946466923 -44.52945722476579 30.02260732650757
104.692773178 -210.52296544611454 -44.49634565250017 30.02277135848999
104.712748395 -210.56666661798954 -44.474304331699386 30.022881984710693
104.732730391 -210.63220311701298 -44.44128049747087 30.02301549911499
104.752796301 -210.67590428888798 -44.419296397129074 30.023114681243896
104.773177733 -210.7414102703333 -44.38636030093767 30.02325963973999
104.792880841 -210.78509618341923 -44.36442197696306 30.023370265960693
104.812667573 -210.8506174236536 -44.33155454532243 30.023541927337646
104.832702757 -210.89434911310673 -44.30964292422868 30.023648738861084
104.852724247 -210.95994664728642 -44.276821268955246 30.023824214935303
104.873643476 -211.0036935955286 -44.25496686832048 30.023934841156006
104.8927937 -211.06933690607548 -44.222213877597824 30.02417516708374
104.912771615 -211.11308385431767 -44.200405253330246 30.024343013763428
104.932684486 -211.17871190607548 -44.16771329776384 30.024613857269287
104.952773544 -211.2224435955286 -44.14593900577165 30.02480459213257
104.972873302 -211.2880411297083 -44.11325849429704 30.025075435638428
104.992792311 -211.33175756037235 -44.09148801700212 30.025243282318115
105.0126703 -211.39733983576298 -44.058857096591964 30.02548360824585
105.03268922 -211.44110204279423 -44.037075175205246 30.025582790374756
105.052701689 -211.50671483576298 -44.00443662540056 30.025716304779053
105.072964335 -211.55047704279423 -43.982685221591964 30.025784969329834
105.092781107 -211.6161203533411 -43.95009626285173 30.025834560394287
105.112688011 -211.65988256037235 -43.928398264804855 30.025872707366943
105.132693141 -211.72560216486454 -43.895832194248214 30.025907039642334
105.152720193 -211.76941014826298 -43.87413419620134 30.025926113128662
105.172813544 -211.83509923517704 -43.841606272617355 30.025941371917725
105.192801324 -211.87889195978642 -43.81994260684587 30.02593755722046
105.212706686 -211.9445352703333 -43.7874795331154 30.0259108543396
105.232692765 -211.98828221857548 -43.765854014316574 30.02589178085327
105.252745881 -212.05384923517704 -43.73344053165056 30.025887966156006
105.2730006 -212.09751988947392 -43.71183027164079 30.02589178085327
105.292768312 -212.1629953533411 -43.679409159580246 30.02589178085327
105.312734209 -212.20660497248173 -43.65781415835954 30.025907039642334
105.332760513 -212.27197362482548 -43.62540830508806 30.025868892669678
105.35278192 -212.31552220880985 -43.603813303867355 30.025838375091553
105.374025784 -212.3807687908411 -43.57144178287126 30.0257887840271
105.393812046 -212.4242258220911 -43.54986204043962 30.025746822357178
105.413678868 -212.48935033380985 -43.51752485171892 30.025697231292725
105.433723129 -212.53270055353642 -43.495971812168136 30.0256667137146
105.45373632 -212.59767247736454 -43.463676585117355 30.02564001083374
105.473853051 -212.64091588556767 -43.4421540631447 30.025609493255615
105.494079744 -212.7057199627161 -43.409870280185714 30.025502681732178
105.513789415 -212.74888707697392 -43.38836301700212 30.025445461273193
105.533742742 -212.81356908380985 -43.35609067813493 30.02535390853882
105.553741484 -212.85665990412235 -43.334594859043136 30.02530813217163
105.573943085 -212.92128087580204 -43.3023721112404 30.025258541107178
105.593794427 -212.96434117853642 -43.28091825381853 30.025243282318115
105.613698326 -213.02893163263798 -43.24877561465837 30.025224208831787
105.633797635 -213.07196141779423 -43.22737134830095 30.025174617767334
105.653742186 -213.13649083673954 -43.195297373691574 30.025052547454834
105.675213619 -213.17950536310673 -43.17393888370134 30.024980068206787
105.695146719 -213.24401952326298 -43.141906870761886 30.024808406829834
105.715107193 -213.28703404963017 -43.12057889834978 30.024728298187256
105.735104499 -213.35153295099735 -43.0886269940529 30.02457571029663
105.755216145 -213.39454747736454 -43.06736387149431 30.02447271347046
105.775190625 -213.4590616375208 -43.03553022281267 30.02433156967163
105.795235452 -213.50207616388798 -43.014343394199386 30.024205684661865
105.815060894 -213.56663610041142 -42.98260892764665 30.024049282073975
105.835134801 -213.6096964031458 -42.96149076358415 30.023942470550537
105.855135704 -213.67428685724735 -42.92988218204118 30.023793697357178
105.876743257 -213.7173624187708 -42.908840311923996 30.0237135887146
105.896100368 -213.78199864923954 -42.87733091250993 30.023622035980225
105.916197536 -213.82508946955204 -42.8563386334572 30.023576259613037
105.936114644 -213.88974095880985 -42.82487119571306 30.023541927337646
105.956365539 -213.93286229670048 -42.803886546054855 30.02352285385132
105.977625822 -213.99752904474735 -42.77243436709978 30.023541927337646
105.997548944 -214.04065038263798 -42.75147642032243 30.023580074310303
106.017589355 -214.10531713068485 -42.72006620303728 30.02366018295288
106.037543303 -214.14843846857548 -42.699142588535324 30.02370595932007
106.058092913 -214.21315099298954 -42.667785777011886 30.023732662200928
106.077590909 -214.25628758966923 -42.646896494785324 30.023763179779053
106.09755165 -214.32101537287235 -42.61558927432634 30.023789882659912
106.117541808 -214.3641672283411 -42.59473813907243 30.023797512054443
106.13754123 -214.42889501154423 -42.563476694980636 30.023789882659912
106.157968923 -214.47206212580204 -42.54265226260759 30.023751735687256
106.17762296 -214.53683568537235 -42.51142896548845 30.02368688583374
106.197574897 -214.5800333172083 -42.490619791904464 30.023637294769287
106.217501442 -214.64486791193485 -42.45940030948259 30.023515224456787
106.237643962 -214.68811132013798 -42.438591135898605 30.023412227630615
106.257972293 -214.75299169123173 -42.407409800449386 30.023202419281006
106.277585628 -214.79626561701298 -42.386642588535324 30.023072719573975
106.297597728 -214.86126805841923 -42.355514658847824 30.022870540618896
106.317542995 -214.9046182781458 -42.33476652042009 30.022740840911865
106.337541468 -214.9696817547083 -42.303650034824386 30.022557735443115
106.358096201 -215.01312352716923 -42.28290189639665 30.02240514755249
106.377939043 -215.07830907404423 -42.25177778140642 30.02219533920288
106.397533078 -215.12179662287235 -42.23102582828142 30.022050380706787
106.417582326 -215.18707372248173 -42.19990171329118 30.02185583114624
106.437586276 -215.23060704767704 -42.17915357486345 30.021756649017334
106.458542902 -215.2959757000208 -42.148029459873214 30.02157735824585
106.478637524 -215.3395548015833 -42.127277506748214 30.021470546722412
106.498680199 -215.40492345392704 -42.09614576236345 30.02130651473999
106.518607631 -215.44850255548954 -42.07540906802751 30.021214962005615
106.538693898 -215.5138254314661 -42.04431928531267 30.02111577987671
106.558988525 -215.55737401545048 -42.02362455264665 30.021050930023193
106.578622792 -215.62266637384892 -41.99258817569353 30.020989894866943
106.59866251 -215.6661691814661 -41.97190488711931 30.020951747894287
106.618529576 -215.73143102228642 -41.94086469546892 30.020890712738037
106.638617392 -215.7749338299036 -41.92016233340837 30.020860195159912
106.659224187 -215.8401651531458 -41.889083994785324 30.020795345306396
106.678602823 -215.88363744318485 -41.86837018863298 30.020768642425537
106.698592054 -215.94882299005985 -41.837307108798996 30.020841121673584
106.718584957 -215.99228002130985 -41.81662382022478 30.02087163925171
106.738606968 -216.05746556818485 -41.78562177554704 30.020928859710693
106.759078204 -216.10093785822392 -41.76498426334001 30.02095937728882
106.778623431 -216.16612340509892 -41.73405088321306 30.021031856536865
106.798645244 -216.20956517755985 -41.713459147373214 30.021050930023193
106.818537013 -216.27475072443485 -41.682582987705246 30.02108144760132
106.838710362 -216.3181924968958 -41.662006510654464 30.021111965179443
106.85908121 -216.38334752619267 -41.63116086856462 30.02111577987671
106.878636089 -216.42677403986454 -41.61058439151384 30.021138668060303
106.89861942 -216.4918985515833 -41.579704417148605 30.0211501121521
106.918617081 -216.5353098064661 -41.559108866611496 30.02115774154663
106.938605208 -216.6004190593958 -41.52819455997087 30.021195888519287
106.959867973 -216.64381505548954 -41.5075723065529 30.021222591400146
106.979720541 -216.7089395672083 -41.47660077945329 30.021291255950928
106.999776142 -216.7523508220911 -41.45594037906267 30.021382808685303
107.019644058 -216.81749059259892 -41.4249307049904 30.02149724960327
107.039877671 -216.86090184748173 -41.404255045810714 30.02160406112671
107.060503322 -216.92601110041142 -41.37321103946306 30.02175283432007
107.079786888 -216.96940709650517 -41.352497233310714 30.021859645843506
107.099716666 -217.0345010906458 -41.321396006504074 30.022042751312256
107.119676911 -217.07786656916142 -41.30062879459001 30.022149562835693
107.139794505 -217.1428995281458 -41.269470347324386 30.02234411239624
107.160239686 -217.18621923029423 -41.248676432529464 30.022481441497803
107.179790061 -217.2511758953333 -41.21747983829118 30.022695064544678
107.199710001 -217.2944650799036 -41.196682108798996 30.02283239364624
107.219629764 -217.35937596857548 -41.165451182285324 30.02304983139038
107.239810051 -217.4026651531458 -41.14460004703142 30.02321767807007
107.259940628 -217.46762181818485 -41.11329282657243 30.02350378036499
107.279777567 -217.5109415203333 -41.09235776797868 30.02368688583374
107.299704612 -217.57591344416142 -41.060974253574386 30.024030208587646
107.319703405 -217.61924840509892 -41.04001249209978 30.024251461029053
107.339807255 -217.68426610529423 -41.00855649844743 30.024587154388428
107.359944284 -217.72763158380985 -40.98756040469743 30.024808406829834
107.37978071 -217.79269506037235 -40.956054819980636 30.025128841400146
107.3997074 -217.83607579767704 -40.93504728213884 30.02532720565796
107.419680525 -217.90113927423954 -40.90350736514665 30.025575160980225
107.439790386 -217.9445352703333 -40.882465495029464 30.025712490081787
107.460642824 -218.00961400568485 -40.850883616367355 30.025880336761475
107.479798827 -218.05304051935673 -40.829799784580246 30.025926113128662
107.499837905 -218.1181955486536 -40.798156870761886 30.026029109954834
107.519703052 -218.1616525799036 -40.77702726260759 30.02607488632202
107.539877344 -218.22686864435673 -40.74531186954118 30.02612066268921
107.559849925 -218.27035619318485 -40.724167002597824 30.0261549949646
107.579834138 -218.33563329279423 -40.692497385898605 30.02618932723999
107.59970529 -218.37915135920048 -40.671405924716964 30.026204586029053
107.619658017 -218.44452001154423 -40.63980878726579 30.026212215423584
107.639793534 -218.4881143718958 -40.618766917148605 30.026231288909912
107.659882756 -218.55352880060673 -40.58723462955095 30.026296138763428
107.679766998 -218.59716893732548 -40.56627286807634 30.02633047103882
107.699839758 -218.6626291424036 -40.53485883609392 30.02639150619507
107.719699154 -218.70626927912235 -40.51393903628923 30.026422023773193
107.739721258 -218.77174474298954 -40.482605112949386 30.026414394378662
107.759856673 -218.8153848797083 -40.461731089511886 30.02640676498413
107.779730867 -218.88087560236454 -40.43047727481462 30.026353359222412
107.799736565 -218.92454625666142 -40.409652842441574 30.02631139755249
107.819660914 -218.99005223810673 -40.37844861880876 30.02625799179077
107.839727448 -219.03373815119267 -40.3576699628029 30.026254177093506
107.859846863 -219.09924413263798 -40.32654966250993 30.026288509368896
107.879756042 -219.14294530451298 -40.30580915347673 30.02631902694702
107.899702782 -219.20846654474735 -40.27471555606462 30.026387691497803
107.919708479 -219.2521524578333 -40.25399030582048 30.026448726654053
107.93974598 -219.31768895685673 -40.222946299472824 30.02658224105835
107.960197094 -219.3613596111536 -40.20226682559587 30.026700496673584
107.979765522 -219.42688085138798 -40.17127241031267 30.026898860931396
107.999735572 -219.47058202326298 -40.150619639316574 30.02704381942749
108.019671537 -219.53613378107548 -40.11966337100603 30.02728796005249
108.040974718 -219.57985021173954 -40.09903348819353 30.02746343612671
108.060879632 -219.64538671076298 -40.06809629336931 30.027738094329834
108.080820399 -219.68905736505985 -40.047470225254074 30.02792501449585
108.100760115 -219.75453282892704 -40.01655210391618 30.028199672698975
108.131894929 -219.7981729656458 -39.99596036807634 30.028382778167725
108.151789768 -219.86361791193485 -39.96511091128923 30.02864980697632
108.17176393 -219.90722753107548 -39.94455732242204 30.02883291244507
108.191908115 -219.97265721857548 -39.9137116803322 30.029099941253662
108.211872033 -220.0162668377161 -39.89314283267595 30.02924871444702
108.231757544 -220.0816965252161 -39.86227811709978 30.029469966888428
108.251774866 -220.12530614435673 -39.84166349307634 30.029588222503662
108.271753414 -220.19067479670048 -39.81072629825212 30.029759883880615
108.291846261 -220.23423863947392 -39.79007734195329 30.02985906600952
108.311831956 -220.29956151545048 -39.759060038486496 30.029988765716553
108.331781901 -220.34311009943485 -39.73837293521501 30.03008794784546
108.351751373 -220.4084024578333 -39.707267893711105 30.030194759368896
108.371806613 -220.45192052423954 -39.68654645816423 30.030274868011475
108.391870794 -220.51718236505985 -39.65542997256853 30.030370235443115
108.411893819 -220.56068517267704 -39.63467420474626 30.030457973480225
108.431745313 -220.6259317547083 -39.60352338687517 30.030595302581787
108.451786106 -220.66941930353642 -39.58272565738298 30.030667781829834
108.471754973 -220.7346506267786 -39.55152524844743 30.03078603744507
108.491905123 -220.77812291681767 -39.53070844546892 30.03086233139038
108.513046148 -220.84335424005985 -39.49947370425798 30.030911922454834
108.532974615 -220.88682653009892 -39.47864927188493 30.030946254730225
108.552952486 -220.95204259455204 -39.44738401309587 30.030961513519287
108.572950188 -220.99554540216923 -39.42654813663103 30.030980587005615
108.593114639 -221.06080724298954 -39.39530195132829 30.031022548675537
108.613002752 -221.10434056818485 -39.37446607486345 30.03106451034546
108.632909327 -221.1696329265833 -39.343227518955246 30.031156063079834
108.652973274 -221.21318151056767 -39.322372569004074 30.03120183944702
108.674226586 -221.2784738689661 -39.29109205142595 30.031285762786865
108.694256054 -221.32202245295048 -39.270229472080246 30.03134298324585
108.715633654 -221.38733007013798 -39.23892606631853 30.03136968612671
108.735643506 -221.43084813654423 -39.218063486972824 30.03139638900757
108.755558246 -221.4961710125208 -39.18679059878923 30.031362056732178
108.776039764 -221.5397043377161 -39.16595090762712 30.031331539154053
108.795742309 -221.60498143732548 -39.13471235171892 30.031293392181396
108.815609265 -221.64849950373173 -39.11389936343767 30.031236171722412
108.836816862 -221.71376134455204 -39.082695139804855 30.031156063079834
108.856742073 -221.75726415216923 -39.06190122500993 30.031095027923584
108.877116337 -221.82249547541142 -39.030719889560714 30.030992031097412
108.896783251 -221.86596776545048 -39.00993741885759 30.030938625335693
108.916800915 -221.93116857111454 -38.978813303867355 30.030953884124756
108.936774539 -221.97461034357548 -38.95808423892595 30.03097677230835
108.95674308 -222.03976537287235 -38.92704404727556 30.031007289886475
108.977339196 -222.08319188654423 -38.906356944004074 30.031033992767334
108.997204053 -222.14831639826298 -38.875332011142746 30.03109121322632
109.016772071 -222.19169713556767 -38.85467924014665 30.031110286712646
109.036843209 -222.25677587091923 -38.82370771304704 30.031163692474365
109.056730525 -222.30017186701298 -38.80306257144548 30.031205654144287
109.077571958 -222.36523534357548 -38.772094859043136 30.03127431869507
109.096832967 -222.40861608088017 -38.751457346836105 30.03132390975952
109.116796741 -222.47369481623173 -38.720443858066574 30.031365871429443
109.136751982 -222.51707555353642 -38.69974912540056 30.0314040184021
109.156719906 -222.58213903009892 -38.668693674961105 30.03151845932007
109.176907188 -222.62550450861454 -38.64797986880876 30.031606197357178
109.196824008 -222.69056798517704 -38.61689390079118 30.031739711761475
109.216777887 -222.73393346369267 -38.59618009463884 30.03182363510132
109.236765936 -222.7989816814661 -38.56511320010759 30.031957149505615
109.256725829 -222.84233190119267 -38.544399393955246 30.032029628753662
109.277300764 -222.90739537775517 -38.51331724063493 30.03212881088257
109.296899923 -222.9507608562708 -38.49259580508806 30.032201290130615
109.316797207 -223.01583959162235 -38.461471690097824 30.032220363616943
109.336851479 -223.05922032892704 -38.44071592227556 30.032254695892334
109.356728015 -223.12425328791142 -38.409572733798996 30.03235387802124
109.376881764 -223.16758824884892 -38.388778819004074 30.03242254257202
109.396818581 -223.23259069025517 -38.35758222476579 30.03252935409546
109.416824918 -223.27589513361454 -38.33676542178728 30.032613277435303
109.436762161 -223.34082128107548 -38.3055459393654 30.032735347747803
109.456755601 -223.38407994806767 -38.28470624820329 30.032777309417725
109.477512047 -223.44896031916142 -38.25338758365251 30.03277349472046
109.497258217 -223.49220372736454 -38.23249830142595 30.032765865325928
109.516895731 -223.55709935724735 -38.20108808414079 30.03265142440796
109.536803152 -223.60035802423954 -38.18012250796892 30.03256368637085
109.556752419 -223.66525365412235 -38.14863218204118 30.032460689544678
109.578097065 -223.70849706232548 -38.12757505313493 30.032365322113037
109.598004999 -223.77336217463017 -38.09598935977556 30.03223943710327
109.618152248 -223.8166055828333 -38.07489789859392 30.032166957855225
109.637890526 -223.88147069513798 -38.0432282818947 30.032029628753662
109.657888115 -223.9247141033411 -38.022121561923996 30.03194570541382
109.67909255 -223.98951818048954 -37.990375651279464 30.031747341156006
109.699045762 -224.03273107111454 -37.9692422284279 30.03164052963257
109.71904547 -224.0974435955286 -37.93744291202165 30.031442165374756
109.739005561 -224.1405801922083 -37.91623319522478 30.03130865097046
109.75918582 -224.20524694025517 -37.88440717593767 30.03110647201538
109.779105678 -224.2483225017786 -37.8631631268654 30.030946254730225
109.799063784 -224.31292821466923 -37.831325663486496 30.03074026107788
109.819033132 -224.3559885174036 -37.81009687320329 30.030606746673584
109.838993487 -224.42054845392704 -37.77823652164079 30.030423641204834
109.859144377 -224.46356298029423 -37.75700773135759 30.03033208847046
109.879147141 -224.52804662287235 -37.72507871524431 30.03019094467163
109.899100907 -224.57101537287235 -37.703781260410324 30.03010320663452
109.919067961 -224.63542272150517 -37.67182554141618 30.02999258041382
109.939016376 -224.67833043634892 -37.65046323672868 30.02990484237671
109.959147005 -224.7427072674036 -37.61848081485368 30.029786586761475
109.97911146 -224.78558446466923 -37.59711088077165 30.02967596054077
109.99910861 -224.84991551935673 -37.56508649722673 30.029531002044678
110.019009332 -224.8927774578333 -37.54372419253923 30.0294508934021
110.039008075 -224.9570627361536 -37.51166166202165 30.02930974960327
110.059175291 -224.99993993341923 -37.49030317203142 30.029225826263428
110.079123598 -225.0642404705286 -37.45817197696306 30.029042720794678
110.099063802 -225.10711766779423 -37.43673719302751 30.028932094573975
110.119076216 -225.17143346369267 -37.40457166568376 30.028825283050537
110.139038156 -225.21429540216923 -37.38307966128923 30.0287184715271
110.159131433 -225.27862645685673 -37.35087217227556 30.028581142425537
110.179094409 -225.32150365412235 -37.32939542667009 30.028478145599365
110.199059406 -225.38583470880985 -37.297180308261886 30.028321743011475
110.219046611 -225.42871190607548 -37.27573026553728 30.02820348739624
110.239002812 -225.49302770197392 -37.24355329410173 30.02802801132202
110.259035206 -225.53590489923954 -37.222126139560714 30.02793264389038
110.279099184 -225.60022069513798 -37.18994916812517 30.027780055999756
110.299055885 -225.64311315119267 -37.16851438418962 30.027692317962646
110.319051935 -225.70745946466923 -37.136371745029464 30.0276198387146
110.339046968 -225.75035192072392 -37.11491025821306 30.027562618255615
110.359111866 -225.81469823420048 -37.08274091617204 30.027520656585693
110.379124666 -225.85759069025517 -37.0612832440529 30.027501583099365
110.399067832 -225.92192174494267 -37.02906431094743 30.027448177337646
110.419051528 -225.96482945978642 -37.00760663882829 30.027413845062256
110.438994458 -226.02917577326298 -36.97535337344743 30.02732229232788
110.459055328 -226.07206822931767 -36.95385373965837 30.027284145355225
110.479126645 -226.1364298015833 -36.92161191836931 30.027257442474365
110.499068093 -226.17933751642704 -36.90011991397478 30.02723455429077
110.519104347 -226.2436838299036 -36.86789335147478 30.027207851409912
110.539051197 -226.2865762859583 -36.84636320010759 30.027162075042725
110.559028235 -226.35093785822392 -36.8140908612404 30.027127742767334
110.579194245 -226.39386083185673 -36.792560709873214 30.02710485458374
110.59908728 -226.45829869806767 -36.76026166812517 30.02706289291382
110.619056851 -226.50128270685673 -36.738754404941574 30.027055263519287
110.638994858 -226.5657510906458 -36.70650495425798 30.02699041366577
110.659047415 -226.60873509943485 -36.68503202334978 30.026944637298584
110.679152233 -226.67320348322392 -36.65286268130876 30.026875972747803
110.699196602 -226.71617223322392 -36.63143171207048 30.02679204940796
110.71906451 -226.78061009943485 -36.59931577579118 30.026776790618896
110.739033521 -226.8235635906458 -36.5778962506447 30.026761531829834
110.759008647 -226.88800145685673 -36.54581464664079 30.02674627304077
110.779268281 -226.93092443048954 -36.52445234195329 30.026727199554443
110.799081689 -226.9953165203333 -36.492450846591964 30.026708126068115
110.819051553 -227.03825475275517 -36.47115339175798 30.026700496673584
110.839001868 -227.10264684259892 -36.43925107852556 30.026654720306396
110.85897832 -227.14560033380985 -36.418014658847824 30.026628017425537
110.87938157 -227.21002294123173 -36.38620008365251 30.026597499847412
110.899072149 -227.25299169123173 -36.36500181094743 30.026544094085693
110.919044106 -227.3174600750208 -36.33324827090837 30.026414394378662
110.939056264 -227.3604288250208 -36.31209577457048 30.02631139755249
110.959006422 -227.42489720880985 -36.280395640293136 30.02612829208374
110.979268922 -227.46786595880985 -36.2592927350197 30.02601385116577
110.99905458 -227.5323801189661 -36.22765745059587 30.025784969329834
111.019008988 -227.57537938654423 -36.20660795108415 30.02565908432007
111.039035598 -227.6399240642786 -36.175094736972824 30.025445461273193
111.058970393 -227.68298436701298 -36.15412534610368 30.025319576263428
111.079169355 -227.74760533869267 -36.12271894351579 30.025147914886475
111.09908171 -227.7907266765833 -36.101806773105636 30.025044918060303
111.119052542 -227.85540868341923 -36.07048429385759 30.02492666244507
111.139084074 -227.89857579767704 -36.049640787998214 30.02485418319702
111.159062231 -227.96331883966923 -36.01840986148454 30.02475118637085
111.179299754 -228.0065012127161 -35.997619761386886 30.024701595306396
111.199182231 -228.0712442547083 -35.96647275821306 30.024613857269287
111.219025862 -228.1144113689661 -35.945732249179855 30.02454900741577
111.23917488 -228.17918492853642 -35.914657725254074 30.024468898773193
111.258998385 -228.22238256037235 -35.893974436679855 30.02438497543335
111.279135795 -228.2871866375208 -35.86299146548845 30.02429723739624
111.299059243 -228.33038426935673 -35.84236158267595 30.02424383163452
111.319054664 -228.3951730877161 -35.811447276035324 30.02416753768921
111.339073286 -228.43835546076298 -35.79085554019548 30.02413320541382
111.359010207 -228.5030832439661 -35.75999082461931 30.02404546737671
111.379193837 -228.54623509943485 -35.73942960635759 30.023995876312256
111.399075843 -228.61085607111454 -35.70856107608415 30.023892879486084
111.419049773 -228.65393163263798 -35.687988413730636 30.023797512054443
111.439023041 -228.71855260431767 -35.65713514224626 30.023667812347412
111.458991752 -228.7616281658411 -35.636520518222824 30.023568630218506
111.47912981 -228.8262491375208 -35.60560239688493 30.023465633392334
111.499081849 -228.8693399578333 -35.58497251407243 30.02338933944702
111.519137495 -228.93400670588017 -35.55400480167009 30.02327871322632
111.539067065 -228.9771280437708 -35.53336347476579 30.023221492767334
111.558980008 -229.04184056818485 -35.50241865054704 30.023072719573975
111.579239212 -229.08497716486454 -35.481804026523605 30.022977352142334
111.599084731 -229.14972020685673 -35.450893534580246 30.022786617279053
111.619072699 -229.1929025799036 -35.43028653995134 30.022721767425537
111.639025464 -229.25769139826298 -35.399379862705246 30.02262258529663
111.659021303 -229.30091954767704 -35.378776682773605 30.022515773773193
111.679164351 -229.36578465998173 -35.34788907901384 30.022382259368896
111.69914449 -229.40904332697392 -35.32730115787126 30.02227544784546
111.71904568 -229.4739542156458 -35.29641736880876 30.021993160247803
111.739112142 -229.51722814142704 -35.27584089175798 30.021817684173584
111.759062074 -229.58216954767704 -35.24495710269548 30.021501064300537
111.779314113 -229.62545873224735 -35.2243806256447 30.021302700042725
111.799124819 -229.69036962091923 -35.193527354160324 30.0210280418396
111.81906561 -229.73365880548954 -35.1729775799904 30.02088689804077
111.839021278 -229.79856969416142 -35.14218534366228 30.020707607269287
111.859043621 -229.8418283611536 -35.12169278995134 30.02056646347046
111.879171671 -229.9066934734583 -35.090988291660324 30.02038335800171
111.89908349 -229.94993688166142 -35.07053769961931 30.020272731781006
111.919077519 -230.01481725275517 -35.03986753360368 30.02013921737671
111.939043567 -230.05807591974735 -35.01943220035173 30.020074367523193
111.959079933 -230.1230020672083 -34.98879255191423 30.019994258880615
111.979365963 -230.16630651056767 -34.96836103335954 30.019967555999756
111.999105265 -230.23129369318485 -34.93771757022478 30.01995611190796
112.019004937 -230.27467443048954 -34.917263163486496 30.01992177963257
112.039032614 -230.33978368341923 -34.88658536807634 30.01990270614624
112.059055446 -230.3832559734583 -34.86611188785173 30.01990270614624
112.079198713 -230.44850255548954 -34.83539976016618 30.019944667816162
112.09910344 -230.4920206218958 -34.814907206455246 30.01999044418335
112.119051017 -230.55735875666142 -34.784145487705246 30.020028591156006
112.139045891 -230.60092259943485 -34.763637675205246 30.020081996917725
112.159085602 -230.6662912517786 -34.7327920331154 30.020204067230225
112.179224894 -230.70990087091923 -34.71221555606462 30.020318508148193
112.199215542 -230.77531529963017 -34.68133176700212 30.0205397605896
112.219070041 -230.81897069513798 -34.66071332828142 30.020680904388428
112.2391015 -230.88444615900517 -34.629787577548996 30.02091360092163
112.259020857 -230.92811681330204 -34.609157694736496 30.02108907699585
112.27927342 -230.99365331232548 -34.57820142642595 30.021363735198975
112.299072881 -231.03735448420048 -34.55757154361345 30.02155828475952
112.319064638 -231.1029825359583 -34.526603831211105 30.021825313568115
112.339024098 -231.14672948420048 -34.505981577793136 30.022023677825928
112.359042948 -231.21240331232548 -34.47503293887712 30.022374629974365
112.379397689 -231.25619603693485 -34.45439542667009 30.022630214691162
112.399082971 -231.32191564142704 -34.423427714267746 30.02303457260132
112.419072198 -231.36578465998173 -34.40278257266618 30.02325963973999
112.439021174 -231.4315958172083 -34.3718415631447 30.023614406585693
112.459022715 -231.4754953533411 -34.351223124423996 30.023850917816162
112.479235892 -231.54138280451298 -34.320305003086105 30.024205684661865
112.499062313 -231.58529759943485 -34.299701823154464 30.024449825286865
112.519043713 -231.65126134455204 -34.26884092227556 30.024888515472412
112.539047767 -231.69525243341923 -34.248291148105636 30.025197505950928
112.55905243 -231.76127721369267 -34.21749891177751 30.025662899017334
112.579392565 -231.8053293377161 -34.196979655185714 30.025990962982178
112.59906338 -231.8713693767786 -34.16622938052751 30.02649450302124
112.619051636 -231.91537572443485 -34.14576352969743 30.026837825775146
112.639003889 -231.98133946955204 -34.11509336368181 30.027371883392334
112.659080752 -232.02531529963017 -34.09467710391618 30.0277419090271
112.679167464 -232.09124852716923 -34.06406797305681 30.028321743011475
112.699106094 -232.13517858088017 -34.04367460147478 30.028714656829834
112.719049604 -232.20106603205204 -34.013088358798996 30.029340267181396
112.739100895 -232.24498082697392 -33.99271024600603 30.029767513275146
112.759114294 -232.31083776056767 -33.9621621503029 30.030396938323975
112.779425992 -232.3546915203333 -33.94181455508806 30.03082799911499
112.79909674 -232.4204416424036 -33.91132367984392 30.031476497650146
112.819062482 -232.46424962580204 -33.89101423160173 30.031941890716553
112.839023361 -232.52989293634892 -33.86059202090837 30.03265142440796
112.859057068 -232.5736398845911 -33.84032834903337 30.033132076263428
112.880207766 -232.63916112482548 -33.81000532046892 30.033841609954834
112.900140142 -232.68280126154423 -33.78981794253923 30.03429937362671
112.920121384 -232.74818517267704 -33.75963987247087 30.034947872161865
112.940094401 -232.79173375666142 -33.739555491367355 30.035356044769287
112.960092882 -232.85698033869267 -33.7094766034279 30.03595495223999
112.980232727 -232.90043736994267 -33.68946088687517 30.036317348480225
113.000138331 -232.9656076580286 -33.65945447818376 30.03682851791382
113.020085747 -233.00901891291142 -33.63946927920915 30.037160396575928
113.040066178 -233.07411290705204 -33.609497202793136 30.03760290145874
113.060127322 -233.1175089031458 -33.58951963321306 30.0378737449646
113.080220784 -233.1825266033411 -33.55955900088884 30.03820562362671
113.100146636 -233.22584630548954 -33.53959287540056 30.038407802581787
113.120129967 -233.29081822931767 -33.50965131656267 30.0386061668396
113.14011133 -233.33409215509892 -33.48970044986345 30.038724422454834
113.160115606 -233.3989572674036 -33.45979322330095 30.03889226913452
113.180356552 -233.44215489923954 -33.43984998599626 30.038960933685303
113.200188242 -233.50689794123173 -33.40992368594743 30.039052486419678
113.220117193 -233.55001927912235 -33.38996518985368 30.039079189300537
113.240116585 -233.61462499201298 -33.36002363101579 30.039083003997803
113.260104367 -233.65768529474735 -33.34006894961931 30.03906774520874
113.280284018 -233.72215367853642 -33.310165537754074 30.03898000717163
113.300124065 -233.76510716974735 -33.29024518863298 30.038907527923584
113.320140255 -233.8294992595911 -33.26038373843767 30.03873586654663
113.340100004 -233.87237645685673 -33.24051679507829 30.0386061668396
113.360289024 -233.93669225275517 -33.21073545352556 30.038445949554443
113.38121594 -233.9795694500208 -33.190902842441574 30.038339138031006
113.401186684 -234.04388524591923 -33.16114057437517 30.038175106048584
113.421190815 -234.08676244318485 -33.14128507510759 30.03806447982788
113.441132421 -234.15109349787235 -33.11145795718767 30.037877559661865
113.461156135 -234.1940012127161 -33.09156049625017 30.037755489349365
113.481274468 -234.25836278498173 -33.061630381504074 30.037553310394287
113.501192695 -234.30128575861454 -33.04163755313493 30.037423610687256
113.521281101 -234.3656778484583 -33.01159299747087 30.03719472885132
113.541197817 -234.40863133966923 -32.99149717227556 30.037034511566162
113.561220978 -234.47306920588017 -32.96134199039079 30.03681707382202
113.581269586 -234.51603795588017 -32.941208018222824 30.036675930023193
113.601199407 -234.5804758220911 -32.910949839511886 30.03647756576538
113.621190868 -234.6234445720911 -32.890766276279464 30.036324977874756
113.641143764 -234.68786717951298 -32.860412730136886 30.036122798919678
113.661194163 -234.73083592951298 -32.84019101993181 30.03600835800171
113.681285808 -234.79525853693485 -32.80979169742204 30.03586721420288
113.701203477 -234.83819676935673 -32.789489878574386 30.03580617904663
113.721150205 -234.90258885920048 -32.758991373935714 30.035768032073975
113.74118094 -234.94548131525517 -32.73857511417009 30.035760402679443
113.761159963 -235.00982762873173 -32.70792020694353 30.035760402679443
113.781425978 -235.05272008478642 -32.68741620914079 30.035760402679443
113.801199186 -235.1170206218958 -32.65657819644548 30.03576421737671
113.821249988 -235.15989781916142 -32.63599790469743 30.035741329193115
113.841095399 -235.22422887384892 -32.60501111880876 30.035691738128662
113.861230231 -235.2671213299036 -32.58432020084001 30.035672664642334
113.881245213 -235.33148290216923 -32.55323423282243 30.035661220550537
113.90135133 -235.37440587580204 -32.532436503330246 30.035630702972412
113.921169553 -235.43881322443485 -32.50128950015642 30.03562307357788
113.941154657 -235.4817667156458 -32.48045743838884 30.03560781478882
113.961131286 -235.54620458185673 -32.449203623691574 30.035600185394287
113.982277485 -235.5891885906458 -32.42833341495134 30.035584926605225
114.001209516 -235.6536417156458 -32.396991862216964 30.03554677963257
114.021153149 -235.6966104656458 -32.3761025799904 30.03549337387085
114.041130094 -235.76104833185673 -32.344684733310714 30.035401821136475
114.061144023 -235.80401708185673 -32.323749674716964 30.03533697128296
114.081289053 -235.86851598322392 -32.292358530918136 30.035233974456787
114.101209652 -235.91154576838017 -32.27143110171892 30.035165309906006
114.121165864 -235.9761057049036 -32.240078104892746 30.035054683685303
114.141155576 -236.01916600763798 -32.21919263736345 30.03499746322632
114.161164609 -236.08378697931767 -32.18788923160173 30.034921169281006
114.181359887 -236.1268625408411 -32.167045725742355 30.034879207611084
114.201198073 -236.1914835125208 -32.135795725742355 30.0348219871521
114.22118054 -236.2345743328333 -32.11498655215837 30.034764766693115
114.241121419 -236.29921056330204 -32.08376325503923 30.034661769866943
114.261145492 -236.3423166424036 -32.062954081455246 30.034608364105225
114.281233422 -236.40696813166142 -32.031757487216964 30.03455114364624
114.301177095 -236.45007421076298 -32.01095594302751 30.03449010848999
114.321184412 -236.51474095880985 -31.979795588413253 30.034471035003662
114.341149496 -236.55786229670048 -31.95904744998552 30.03446340560913
114.361226956 -236.62255956232548 -31.92795385257341 30.03444814682007
114.38125962 -236.66571141779423 -31.907253397861496 30.034451961517334
114.401270775 -236.73048497736454 -31.87620939151384 30.034444332122803
114.421170483 -236.77366735041142 -31.85553182498552 30.03442907333374
114.441229542 -236.8384561687708 -31.82454122439958 30.034413814544678
114.461134725 -236.8816690593958 -31.803907526889816 30.034417629241943
114.48138128 -236.94651891291142 -31.772995127597824 30.034432888031006
114.501202895 -236.98974706232548 -31.752388132968917 30.034451961517334
114.521171359 -237.05462743341923 -31.72151388064958 30.034520626068115
114.541154675 -237.09788610041142 -31.700948847690597 30.03457021713257
114.561123152 -237.16276647150517 -31.670143259922042 30.034642696380615
114.582580319 -237.20602513849735 -31.649639262119308 30.0346999168396
114.602466432 -237.2709512859583 -31.61889280215837 30.034722805023193
114.622429548 -237.31425572931767 -31.598413599887863 30.03472661972046
114.642366389 -237.3792276531458 -31.567726267734542 30.034715175628662
114.662396603 -237.4225626140833 -31.5472566022072 30.034627437591553
114.68247448 -237.48759557306767 -31.516588343540207 30.03449010848999
114.702420171 -237.53097631037235 -31.496158732334152 30.034390926361084
114.722415023 -237.59605504572392 -31.465555323520675 30.03417730331421
114.742406555 -237.6394815593958 -31.445177210727707 30.034013271331787
114.762407962 -237.70463658869267 -31.414644373813644 30.033711910247803
114.782530499 -237.74810887873173 -31.394312037387863 30.03350591659546
114.802430243 -237.81334020197392 -31.36384595767595 30.033189296722412
114.82239824 -237.85685826838017 -31.34356893436052 30.032994747161865
114.84235019 -237.92216588556767 -31.313203944126144 30.032701015472412
114.862405071 -237.9657297283411 -31.292989863315597 30.032453060150146
114.882464221 -238.03109838068485 -31.262708796421066 30.032071590423584
114.902450921 -238.0746622234583 -31.24255575076677 30.031461238861084
114.921361771 -238.14000035822392 -31.212421549716964 30.02828359603882
114.941497348 -238.18351842463017 -31.19240583316423 30.02424383163452
114.961329671 -238.2487344890833 -31.162473811069503 30.0149245262146
114.981481181 -238.29217626154423 -31.1425935162697 30.00672674179077
115.00262362 -238.35723973810673 -31.112875117221847 29.991071224212646
115.022600214 -238.4005441814661 -31.093137873569503 29.9786696434021
115.042569964 -238.4654092937708 -31.063638819614425 29.95731496810913
115.062653135 -238.50856114923954 -31.044033183017746 29.940965175628662
115.083799843 -238.57316686213017 -31.014728678623214 29.91425848007202
115.103788708 -238.61613561213017 -30.995266093173996 29.8949294090271
115.123723479 -238.68042089045048 -30.966194285312667 29.863942623138428
115.14371052 -238.72316075861454 -30.94689573184587 29.84226369857788
115.163886616 -238.78697301447392 -30.918008936801925 29.80790090560913
115.183791783 -238.82934667170048 -30.89883245364763 29.784154415130615
115.203835226 -238.8926096111536 -30.870197428623214 29.74743413925171
115.223724781 -238.93455602228642 -30.851169718662277 29.722127437591553
115.243665843 -238.99713231623173 -30.822813166538253 29.683671474456787
115.263955713 -239.03855992853642 -30.803962840000167 29.657453060150146
115.283818832 -239.10028173029423 -30.775863779941574 29.617692470550537
115.303682153 -239.14109899103642 -30.757242335239425 29.590863704681396
115.324824526 -239.20178319513798 -30.729526652256027 29.550328731536865
115.344796414 -239.2418985515833 -30.711206568637863 29.52315664291382
115.365230061 -239.30139257013798 -30.68392766849138 29.482099056243896
115.384865521 -239.3406534343958 -30.66591657535173 29.454644680023193
115.404834997 -239.3988809734583 -30.639179362216964 29.413381099700928
115.424814525 -239.4371652752161 -30.62153638736345 29.385785579681396
115.444791499 -239.49391271173954 -30.59539426700212 29.344409465789795
115.465025448 -239.5312051922083 -30.578186167636886 29.316829204559326
115.484881173 -239.58631993830204 -30.552715433994308 29.275500774383545
115.504845209 -239.62254430353642 -30.535970820346847 29.24799871444702
115.524995576 -239.67596532404423 -30.511251582065597 29.20673131942749
115.544818292 -239.71103002130985 -30.49503148929216 29.17928647994995
115.565154468 -239.76258946955204 -30.47115911380388 29.138200283050537
115.585947206 -239.7963419109583 -30.455530299106613 29.110881328582764
115.60599689 -239.84600926935673 -30.432520045200363 29.070003032684326
115.625892793 -239.87835790216923 -30.41750348941423 29.04276418685913
115.645894125 -239.9259348064661 -30.395412577548996 29.002023220062256
115.667782363 -239.95695592463017 -30.38099874393083 28.974914073944092
115.686981414 -240.00238133966923 -30.35988630191423 28.934361934661865
115.707011516 -240.0320139080286 -30.346122874179855 28.907413005828857
115.726977313 -240.07524205744267 -30.326055659214035 28.86711072921753
115.747047333 -240.1033487468958 -30.313020838657394 28.840320110321045
115.768558879 -240.14447118341923 -30.293985499301925 28.800265789031982
115.788184119 -240.1711740642786 -30.281641138950363 28.77363157272339
115.808180567 -240.21014501154423 -30.263637675205246 28.73376989364624
115.82817758 -240.2353067547083 -30.252040995517746 28.707213878631592
115.848441639 -240.27201940119267 -30.235132349887863 28.667470455169678
115.868249114 -240.2957315593958 -30.224229945102707 28.64103651046753
115.888246904 -240.33017064630985 -30.208416117588058 28.601460933685303
115.90818613 -240.35246373713017 -30.19819082156755 28.57512617111206
115.928184305 -240.38464452326298 -30.183389796176925 28.53572416305542
115.948294794 -240.40539647638798 -30.173826350132003 28.509494304656982
115.968223169 -240.43547154963017 -30.15992940799333 28.470208644866943
115.989238948 -240.45469762384892 -30.151014460483566 28.444034099578857
116.009189003 -240.48256017267704 -30.138088358798996 28.404834270477295
116.029216976 -240.50041295588017 -30.129799021640792 28.378764629364014
116.049464865 -240.52624608576298 -30.117809428134933 28.339721202850342
116.070585843 -240.54274083673954 -30.110147608676925 28.313735485076904
116.090648032 -240.56645299494267 -30.099153651157394 28.274823665618896
116.11055048 -240.58165074884892 -30.09211744205095 28.24891424179077
116.130699371 -240.60327245295048 -30.082086695590988 28.210116863250732
116.15094871 -240.61705113947392 -30.075678004184738 28.184285640716553
116.170617758 -240.6367960125208 -30.066475047031417 28.145619869232178
116.190650156 -240.64926244318485 -30.06063856021501 28.119887828826904
116.210581604 -240.66711522638798 -30.05226339236833 28.081321239471436
116.230733984 -240.67839147150517 -30.046941889682785 28.055657863616943
116.250610202 -240.69439794123173 -30.039314402500167 28.017179012298584
116.270569271 -240.7045450359583 -30.034458292881027 27.99154806137085
116.29057088 -240.71879674494267 -30.027517451206222 27.953124523162842
116.310555042 -240.7278604656458 -30.023111475864425 27.927531719207764
116.330642216 -240.74054051935673 -30.01686300174333 27.889155864715576
116.350701561 -240.7484903484583 -30.01292241946794 27.86359930038452
116.370601198 -240.75964452326298 -30.00734151736833 27.825278759002686
116.390680451 -240.76654149591923 -30.003849162021652 27.79972219467163
116.411757179 -240.77623082697392 -29.998933924594894 27.761403560638428
116.431928071 -240.78221227228642 -29.995884074131027 27.735854625701904
116.452016799 -240.79046727716923 -29.991623057285324 27.6975359916687
116.47177542 -240.7955637127161 -29.98898137942888 27.6720290184021
116.491759353 -240.8025217205286 -29.985359324375167 27.633779048919678
116.511755436 -240.80676366388798 -29.983148707309738 27.608285427093506
116.531929919 -240.8125314861536 -29.980127467075363 27.570125102996826
116.551812328 -240.81597997248173 -29.978284968296066 27.544660091400146
116.571789262 -240.8206339031458 -29.975776804843917 27.506507396697998
116.591763957 -240.82341100275517 -29.974254740634933 27.481069087982178
116.611734627 -240.82708837091923 -29.972194804111496 27.442941188812256
116.631883532 -240.82922460138798 -29.970951212802902 27.41756772994995
116.651940771 -240.8319864422083 -29.969263209262863 27.379516124725342
116.671759744 -240.83354283869267 -29.9682713879738 27.354173183441162
116.691760948 -240.83541966974735 -29.966913355747238 27.316178798675537
116.711801006 -240.83639623224735 -29.966131342807785 27.29085874557495
116.731920093 -240.83744908869267 -29.96513189212419 27.252963542938232
116.751830111 -240.83790685236454 -29.964550150791183 27.227683544158936
116.771881131 -240.8382120281458 -29.96385587588884 27.189809322357178
116.7917351 -240.83819676935673 -29.963491572299972 27.1645770072937
116.811736541 -240.83786107599735 -29.963106287876144 27.126756191253662
116.831866553 -240.8374338299036 -29.962965144077316 27.10162115097046
116.851834872 -240.83654882013798 -29.962888850132003 27.063939571380615
116.871829565 -240.8357706218958 -29.962944163242355 27.03884267807007
116.891714097 -240.8344278484583 -29.963125361362472 27.001214504241943
116.911782354 -240.8334055095911 -29.963338984409347 26.97614812850952
116.931874137 -240.83166600763798 -29.96379484073259 26.938527584075928
116.951837415 -240.83041478693485 -29.96415532962419 26.91345739364624
116.971772695 -240.8283243328333 -29.96482671634294 26.8758807182312
116.991737398 -240.8268137127161 -29.965337885776535 26.850837230682373
117.011753867 -240.82444860041142 -29.966184748569503 26.81328535079956
117.031886752 -240.82273961603642 -29.96682752505876 26.788289546966553
117.051791895 -240.82011510431767 -29.967874659458175 26.750810146331787
117.071778018 -240.81828404963017 -29.968641413608566 26.725844860076904
117.091765084 -240.81536962091923 -29.969896449008957 26.68843412399292
117.111780836 -240.81337071955204 -29.970802439609542 26.663522243499756
117.131919737 -240.81024266779423 -29.972267283359542 26.62623357772827
117.151806811 -240.80821324884892 -29.973261011997238 26.60139799118042
117.171798679 -240.8050089031458 -29.974857462802902 26.56417989730835
117.191745695 -240.80285741388798 -29.975971354404464 26.53938627243042
117.211761093 -240.79957677423954 -29.977733744541183 26.502192974090576
117.231899992 -240.7973184734583 -29.97897924319841 26.477431774139404
117.252810794 -240.79400731623173 -29.980922831455246 26.44027853012085
117.272863305 -240.79174901545048 -29.982286585727707 26.41553258895874
117.292761465 -240.78830052912235 -29.98443235293962 26.378448009490967
117.312913125 -240.78605748713017 -29.98591054813005 26.353732585906982
117.332937454 -240.78263951838017 -29.988218439975753 26.316672801971436
117.352957138 -240.78036595880985 -29.98980916873552 26.291982173919678
117.372766091 -240.77691747248173 -29.992288721958175 26.254964351654053
117.392749276 -240.77464391291142 -29.993999613681808 26.230302333831787
117.412773375 -240.7712717205286 -29.996593607822433 26.193355083465576
117.432915409 -240.76896764338017 -29.998357905307785 26.168796062469482
117.452829797 -240.7656564861536 -30.001003397861496 26.13201665878296
117.472790857 -240.76342870295048 -30.002781046787277 26.107518672943115
117.492790688 -240.76007176935673 -30.005466593662277 26.070804119110107
117.512779315 -240.7578897625208 -30.00725950137712 26.046342372894287
117.533318439 -240.75456334650517 -30.009983195224777 26.00966787338257
117.552939491 -240.75236608088017 -30.01180280582048 25.985230922698975
117.572791065 -240.74911595880985 -30.014551295200363 25.94853925704956
117.592784055 -240.7469034343958 -30.016410960117355 25.92406988143921
117.6128387 -240.74377538263798 -30.019170893589035 25.887330532073975
117.632944624 -240.74159337580204 -30.02104581729509 25.862868785858154
117.652873808 -240.73852635920048 -30.023790491977707 25.82613706588745
117.672780346 -240.73651219904423 -30.025629176059738 25.801673412322998
117.692781102 -240.73350621759892 -30.028394831577316 25.765008449554443
117.71276644 -240.7316446453333 -30.030223978916183 25.740554332733154
117.732937122 -240.7288370281458 -30.032980097690597 25.703946590423584
117.752834558 -240.72702123224735 -30.034809245029464 25.679547786712646
117.772826407 -240.7243967205286 -30.03754629031755 25.642999172210693
117.792778675 -240.72264195978642 -30.03937734500505 25.618648052215576
117.812844861 -240.72021581232548 -30.042080058017746 25.58213186264038
117.832945872 -240.71864415705204 -30.043871058383957 25.557803630828857
117.853020252 -240.71632482111454 -30.046554697910324 25.521317958831787
117.872752305 -240.71495153009892 -30.048311366001144 25.497025966644287
117.892825785 -240.71273900568485 -30.050970209995285 25.460618495941162
117.912765561 -240.71142674982548 -30.052715433994308 25.43635320663452
117.932912834 -240.7094278484583 -30.05535520450212 25.399945735931396
117.952854213 -240.70814611017704 -30.057115687290207 25.375678539276123
117.97277697 -240.70631505548954 -30.059772623935714 25.33931875228882
117.992793097 -240.70507909357548 -30.06155980960466 25.31508779525757
118.012742503 -240.70335485041142 -30.064230097690597 25.27877378463745
118.032949714 -240.70221044123173 -30.06599439517595 25.254563808441162
118.052807875 -240.7004709392786 -30.0686189068947 25.21824026107788
118.072793757 -240.6994180828333 -30.070316447177902 25.19404363632202
118.092764039 -240.6977853924036 -30.072834147373214 25.15776014328003
118.112792142 -240.69674779474735 -30.074466837802902 25.133573055267334
118.132941933 -240.69525243341923 -30.076881541172042 25.09737539291382
118.15345207 -240.69423009455204 -30.078477991977707 25.07323980331421
118.172766339 -240.69276525080204 -30.080845011631027 25.037055492401123
118.192775387 -240.69175817072392 -30.082416666904464 25.01293706893921
118.212825456 -240.69035436213017 -30.084680689731613 24.976748943328857
118.232938928 -240.68939305841923 -30.08615697757341 24.952598094940186
118.252929183 -240.68791295588017 -30.088318003574386 24.91636037826538
118.272789229 -240.68699742853642 -30.089685572544113 24.892215251922607
118.292785145 -240.68554784357548 -30.091701640048996 24.855994701385498
118.312835161 -240.68458653986454 -30.093002451816574 24.831855297088623
118.332962178 -240.68315221369267 -30.09491170779802 24.79569959640503
118.353735659 -240.6821603924036 -30.096170557895675 24.771592617034912
118.372787716 -240.68075658380985 -30.09801114932634 24.735433101654053
118.392922849 -240.67981053888798 -30.099220408359542 24.711318492889404
118.412781027 -240.67836095392704 -30.101017130771652 24.675132274627686
118.432905252 -240.67741490900517 -30.10219015018083 24.651023387908936
118.453177767 -240.6759805828333 -30.10391248599626 24.614848613739014
118.472806047 -240.67511083185673 -30.105020655551925 24.5907244682312
118.492794196 -240.6737375408411 -30.106649531284347 24.554538249969482
118.512773284 -240.67283727228642 -30.107690943637863 24.530383586883545
118.532874345 -240.67150975763798 -30.109199656406417 24.494187831878662
118.552883582 -240.67057897150517 -30.110195292392746 24.47004270553589
118.572807807 -240.66923619806767 -30.11160100833513 24.43376874923706
118.592808138 -240.66833592951298 -30.11250509158708 24.409568309783936
118.612787528 -240.66693212091923 -30.113821162143722 24.373246669769287
118.63291781 -240.66603185236454 -30.114650858798996 24.349013805389404
118.652787127 -240.6646280437708 -30.11587346927263 24.31266736984253
118.672824482 -240.66368199884892 -30.116659296909347 24.288442134857178
118.692777845 -240.66221715509892 -30.117832316318527 24.25209951400757
118.712780778 -240.66124059259892 -30.11859334842302 24.22786283493042
118.732867565 -240.65977574884892 -30.119690073886886 24.191501140594482
118.752860939 -240.6587686687708 -30.120409144321457 24.16725492477417
118.772832202 -240.6573038250208 -30.121441019931808 24.130908489227295
118.792806779 -240.65631200373173 -30.122125758090988 24.106677532196045
118.812785019 -240.65478612482548 -30.12314428226091 24.07032537460327
118.832791341 -240.65382482111454 -30.123834742465988 24.046077251434326
118.853893401 -240.65231420099735 -30.124858988681808 24.009694576263428
118.872808127 -240.65130712091923 -30.125526560703292 23.985429286956787
118.892876917 -240.64975072443485 -30.126539362827316 23.949031352996826
118.91276366 -240.64868260920048 -30.12721456424333 23.92476224899292
118.93283444 -240.64709569513798 -30.12817586795427 23.888335704803467
118.953297715 -240.64599706232548 -30.128811015048996 23.864049434661865
118.972836833 -240.64434911310673 -30.12974370853044 23.827638149261475
118.992778865 -240.6432199627161 -30.13035406009294 23.803359508514404
119.012742135 -240.64149571955204 -30.13125623599626 23.766921520233154
119.032822285 -240.64035131037235 -30.13185895816423 23.74259328842163
119.05306312 -240.6385812908411 -30.132757319370285 23.706090450286865
119.072798772 -240.6374063640833 -30.13335050479509 23.681758403778076
119.092813861 -240.63563634455204 -30.134224070468917 23.645265102386475
119.112770831 -240.6344309002161 -30.134803904453292 23.620927333831787
119.13280537 -240.63263036310673 -30.135673655429855 23.584414958953857
119.152940832 -240.63140965998173 -30.136238230625167 23.56005620956421
119.172813338 -240.62956334650517 -30.137077464023605 23.52349042892456
119.193829237 -240.62834264338017 -30.137634409824386 23.499074459075928
119.213789245 -240.62643529474735 -30.13845647708513 23.462466716766357
119.233938821 -240.62516881525517 -30.13899434939958 23.438058376312256
119.253836674 -240.6232004314661 -30.139795435825363 23.401437282562256
119.273832819 -240.62187291681767 -30.140318049350753 23.377002239227295
119.293813929 -240.6198282390833 -30.141052378574386 23.340314388275146
119.313760737 -240.6184396892786 -30.141527308383957 23.31585454940796
119.333880249 -240.61631871759892 -30.14217962161638 23.279141902923584
119.353873504 -240.61488439142704 -30.142589701572433 23.254661083221436
119.373821609 -240.61271764338017 -30.14316381351091 23.217950344085693
119.393886598 -240.61126805841923 -30.143499506870285 23.19343900680542
119.413794509 -240.60907079279423 -30.143959177890792 23.156671047210693
119.434099528 -240.60760594904423 -30.144212855258957 23.132201671600342
119.453818681 -240.60539342463017 -30.144565714756027 23.09548330307007
119.474082252 -240.60389806330204 -30.144786967197433 23.07100820541382
119.493849647 -240.6016397625208 -30.14507688418962 23.034297466278076
119.513816804 -240.6001291424036 -30.14525236026384 23.00983190536499
119.534047056 -240.59788610041142 -30.14553846255876 22.97312307357788
119.55387743 -240.59640599787235 -30.145731104770675 22.948638439178467
119.57382104 -240.59417821466923 -30.146022929111496 22.911887645721436
119.593787902 -240.59269811213017 -30.14626897708513 22.887345790863037
119.614847612 -240.59051610529423 -30.14665616885759 22.850539684295654
119.635027611 -240.58908177912235 -30.14694036380388 22.82600164413452
119.654990067 -240.5869913250208 -30.147392405429855 22.789191722869873
119.674878123 -240.58561803400517 -30.147697581211105 22.7646803855896
119.69483585 -240.58363439142704 -30.148201121250167 22.727904796600342
119.714885014 -240.5823526531458 -30.148552073398605 22.70339345932007
119.735010508 -240.58044530451298 -30.149101389804855 22.666680812835693
119.754924208 -240.57919408380985 -30.149488581577316 22.64221715927124
119.774892104 -240.57736302912235 -30.150093211093917 22.605552196502686
119.794888581 -240.57621861994267 -30.150554789463058 22.581115245819092
119.814863778 -240.57452489435673 -30.15124143497087 22.544480800628662
119.835132003 -240.57342626154423 -30.15170110599138 22.52005910873413
119.854870916 -240.57179357111454 -30.152397288242355 22.48345708847046
119.874839133 -240.5707101970911 -30.15285505191423 22.45910406112671
119.894902079 -240.56910802423954 -30.15352643863298 22.422601222991943
119.914841804 -240.56803990900517 -30.15395940677263 22.398269176483154
119.935093903 -240.56645299494267 -30.154581202426925 22.361810207366943
119.9549074 -240.5653848797083 -30.154968394199386 22.337491512298584
119.975185409 -240.5637979656458 -30.155498637119308 22.30107069015503
119.994840366 -240.56274510920048 -30.155807627597824 22.276801586151123
120.015022976 -240.5611887127161 -30.156231058994308 22.240411281585693
120.034969907 -240.56015111505985 -30.15646947757341 22.216134548187256
120.054873661 -240.55860997736454 -30.156784190097824 22.179723262786865
120.074867849 -240.5575723797083 -30.156973017612472 22.155457973480225
120.094864976 -240.55601598322392 -30.157190455356613 22.11909818649292
120.114841391 -240.55497838556767 -30.157291544834152 22.09486722946167
120.13497637 -240.55343724787235 -30.157381190219894 22.058574199676514
120.154966851 -240.55238439142704 -30.15737928287126 22.034362316131592
120.174868573 -240.55084325373173 -30.157341135898605 21.998097896575928
120.194808306 -240.54982091486454 -30.157280100742355 21.97393560409546
120.214883074 -240.54831029474735 -30.157138956943527 21.93768072128296
120.23500353 -240.54730321466923 -30.15703214542009 21.91351079940796
120.254896596 -240.5458078533411 -30.15681470767595 21.877261638641357
120.274879896 -240.54481603205204 -30.15666021243669 21.853103160858154
120.294836583 -240.54335118830204 -30.156376017490402 21.81690740585327
120.314866708 -240.5423898845911 -30.156162394443527 21.79277753829956
120.335017432 -240.54094029963017 -30.155801905551925 21.75655508041382
120.354909723 -240.53997899591923 -30.15553487674333 21.732408046722412
120.374881048 -240.53857518732548 -30.155115260044113 21.696208477020264
120.394872588 -240.53764440119267 -30.154811991611496 21.67208433151245
120.414854934 -240.53627111017704 -30.154295100132003 21.635911464691162
120.43505816 -240.53537084162235 -30.15393270389177 21.61177968978882
120.454875625 -240.53402806818485 -30.153272761264816 21.575582027435303
120.474912676 -240.53314305841923 -30.152795924106613 21.55145025253296
120.49485989 -240.53187657892704 -30.15202726260759 21.515254497528076
120.514950006 -240.53106786310673 -30.151466502109542 21.491105556488037
120.534984722 -240.52989293634892 -30.150629176059738 21.45490026473999
120.554960452 -240.5291299968958 -30.150024546543136 21.43073034286499
120.574856519 -240.52801610529423 -30.149116648593917 21.394469738006592
120.59486141 -240.52731420099735 -30.148502482334152 21.370273113250732
120.614828072 -240.52630712091923 -30.14758504764177 21.333940029144287
120.635072332 -240.52568151056767 -30.146976603427902 21.30971670150757
120.654899546 -240.5248575359583 -30.146070612827316 21.27333402633667
120.674912784 -240.52435399591923 -30.145460261264816 21.24906873703003
120.694853635 -240.52365209162235 -30.14452756778337 21.21265745162964
120.71485625 -240.52324010431767 -30.143863810459152 21.188388347625732
120.734988582 -240.52267552912235 -30.14285291568376 21.152045726776123
120.754982691 -240.52233983576298 -30.142154826084152 21.12781858444214
120.774946362 -240.5218820720911 -30.14108098880388 21.091472148895264
120.794912081 -240.52160741388798 -30.140367640415207 21.067243099212646
120.814867302 -240.52121068537235 -30.1392918957863 21.0309100151062
120.835040679 -240.52096654474735 -30.13858045474626 21.00669240951538
120.855145421 -240.52063085138798 -30.137451304355636 20.970397472381592
120.874885562 -240.52043248713017 -30.136692179599777 20.946248531341553
120.896115259 -240.5201730877161 -30.135543955722824 20.91009283065796
120.916071211 -240.52003575861454 -30.13474096194841 20.88599157333374
120.936259441 -240.51983739435673 -30.1335603131447 20.84985876083374
120.956126311 -240.5197305828333 -30.132778300205246 20.825765132904053
120.976107219 -240.51959325373173 -30.131599558750167 20.789680004119873
120.996100828 -240.51951695978642 -30.13082708255388 20.765639781951904
121.016124911 -240.51945592463017 -30.12964071170427 20.72957181930542
121.036246483 -240.51942540705204 -30.128858698764816 20.70553159713745
121.056790314 -240.51942540705204 -30.127704752841964 20.66947317123413
121.076133358 -240.51945592463017 -30.126958979526535 20.64543867111206
121.096123596 -240.51953221857548 -30.12587179080583 20.609395503997803
121.116069183 -240.5196085125208 -30.125190867343917 20.585361003875732
121.136367253 -240.51977635920048 -30.124225748935714 20.549291133880615
121.156130255 -240.51991368830204 -30.12362684146501 20.52523374557495
121.176059396 -240.52015782892704 -30.122806681552902 20.48912763595581
121.196101634 -240.52035619318485 -30.122293604770675 20.465049266815186
121.216067897 -240.52063085138798 -30.121593607822433 20.42884397506714
121.236212176 -240.52085973322392 -30.121158732334152 20.404672145843506
121.256280969 -240.52122594416142 -30.12055410281755 20.368388652801514
121.276070509 -240.5215158611536 -30.120182169834152 20.34418249130249
121.296094024 -240.52195836603642 -30.119676722446457 20.307898998260498
121.316074478 -240.52226354181767 -30.119382990757003 20.283677577972412
121.336225064 -240.5227365642786 -30.11900152103044 20.247315883636475
121.356129516 -240.52304174005985 -30.118812693515792 20.223052501678467
121.37605296 -240.5235147625208 -30.118618143955246 20.186694622039795
121.396093624 -240.5238351970911 -30.118522776523605 20.162471294403076
121.416067687 -240.52433873713017 -30.11847127811052 20.126115322113037
121.436240859 -240.52467443048954 -30.118456019321457 20.10189390182495
121.456093117 -240.52519322931767 -30.118456019321457 20.06554937362671
121.476071833 -240.52555944025517 -30.118450297275558 20.041276454925537
121.496064842 -240.52610875666142 -30.11845220462419 20.004868984222412
121.516124036 -240.52645970880985 -30.11845220462419 19.980580806732178
121.536331647 -240.52696324884892 -30.118477000156417 19.944182872772217
121.556654704 -240.5272989422083 -30.118509425083175 19.919923305511475
121.576079217 -240.5277414470911 -30.118576182285324 19.88353681564331
121.596170698 -240.52806188166142 -30.118631495395675 19.859296321868896
121.616095726 -240.52841283380985 -30.11864866153337 19.822917461395264
121.636302827 -240.52862645685673 -30.118637217441574 19.798680782318115
121.656149001 -240.52893163263798 -30.118585719028488 19.762332439422607
121.676104211 -240.52905370295048 -30.118520869174972 19.738120555877686
121.69611718 -240.5292520672083 -30.118440760532394 19.70184087753296
121.716085689 -240.52935887873173 -30.118385447422042 19.6776385307312
121.736241627 -240.52948094904423 -30.11831487552263 19.641330242156982
121.756145138 -240.5295725017786 -30.118276728549972 19.61712408065796
121.776113703 -240.52963353693485 -30.11823476688005 19.58080244064331
121.796104416 -240.52966405451298 -30.118223322788253 19.556582927703857
121.81606615 -240.52972508966923 -30.118232859531417 19.52024221420288
121.836224484 -240.5297403484583 -30.118290079990402 19.496018886566162
121.856123961 -240.5298166424036 -30.118387354770675 19.45970106124878
121.87612912 -240.5298624187708 -30.118456019321457 19.43549871444702
121.897701769 -240.5299844890833 -30.118564738193527 19.399232387542725
121.917670453 -240.53007604181767 -30.11864103213884 19.375075817108154
121.93805941 -240.5302286297083 -30.11874212161638 19.33883810043335
121.957726067 -240.5303507000208 -30.118806971469894 19.314691066741943
121.97770478 -240.53056432306767 -30.118868006626144 19.278502941131592
121.997739047 -240.5307169109583 -30.118894709507003 19.254390239715576
122.017692374 -240.53097631037235 -30.11891378299333 19.21822500228882
122.037994951 -240.5311594158411 -30.11889280215837 19.194114208221436
122.057930381 -240.53146459162235 -30.118847025791183 19.157939434051514
122.077822804 -240.53167821466923 -30.118787897983566 19.133822917938232
122.097739845 -240.53209020197392 -30.11864866153337 19.097636699676514
122.117694247 -240.5323801189661 -30.11854757205583 19.07350492477417
122.139580304 -240.5328684002161 -30.118339671054855 19.037295818328857
122.15927202 -240.53321935236454 -30.118185175815597 19.013152599334717
122.1792845 -240.53381444513798 -30.117864741245285 18.976962566375732
122.199254306 -240.53424169123173 -30.11763776675798 18.952853679656982
122.219574974 -240.53491307795048 -30.117267741123214 18.916703701019287
122.239317117 -240.53538610041142 -30.116977824131027 18.89261770248413
122.259194568 -240.53610326349735 -30.116542948642746 18.856496334075928
122.279303336 -240.53659154474735 -30.11623395816423 18.832414150238037
122.299237213 -240.53736974298954 -30.115747584262863 18.796292781829834
122.319347722 -240.5379190593958 -30.115425242343917 18.772218227386475
122.339510281 -240.5387277752161 -30.114872111240402 18.736140727996826
122.359245849 -240.53927709162235 -30.11449064151384 18.71209478378296
122.37922949 -240.54013158380985 -30.1139012707863 18.676061153411865
122.399236125 -240.54069615900517 -30.113498820224777 18.652059078216553
122.419449741 -240.5415353924036 -30.112888468662277 18.61607313156128
122.439435312 -240.54208470880985 -30.11246312991716 18.592078685760498
122.45921377 -240.54289342463017 -30.111824168125167 18.55608892440796
122.479226186 -240.54342748224735 -30.11138547793962 18.53211545944214
122.499267914 -240.54423619806767 -30.11070646182634 18.496177196502686
122.519328252 -240.54478551447392 -30.110254420200363 18.472217082977295
122.53952612 -240.54553319513798 -30.109518183628097 18.436341762542725
122.559228142 -240.54602147638798 -30.109027995029464 18.41242742538452
122.579276795 -240.54672338068485 -30.108287943759933 18.376580715179443
122.599218368 -240.5471506267786 -30.10777677432634 18.352694988250732
122.619336531 -240.54777623713017 -30.10702527896501 18.316854000091553
122.63967526 -240.5481729656458 -30.106517924228683 18.292975902557373
122.659205108 -240.5487375408411 -30.105779780307785 18.257142543792725
122.679276088 -240.54908849298954 -30.105299128452316 18.233264446258545
122.699278297 -240.5495920330286 -30.104578150669113 18.19747304916382
122.719491943 -240.54994298517704 -30.104107035556808 18.173606395721436
122.739457293 -240.5504465252161 -30.103420390048996 18.137794017791748
122.759350407 -240.5508127361536 -30.10298932925798 18.113912105560303
122.779223847 -240.55136205255985 -30.102375162998214 18.078111171722412
122.799247395 -240.55177403986454 -30.101968897739425 18.05425786972046
122.819260808 -240.55238439142704 -30.10138906375505 18.018468379974365
122.839361464 -240.55279637873173 -30.101011408725753 17.99462652206421
122.859199866 -240.55345250666142 -30.100456370273605 17.958856105804443
122.879232774 -240.55389501154423 -30.100097788730636 17.935012340545654
122.899217331 -240.55456639826298 -30.099582804599777 17.89925718307495
122.91926741 -240.55502416193485 -30.0992585553322 17.875409603118896
122.939340681 -240.5556955486536 -30.098745478549972 17.839593410491943
122.959272044 -240.55612279474735 -30.09840597049333 17.815715312957764
122.979233577 -240.55676366388798 -30.097900523105636 17.779922008514404
122.999242328 -240.55717565119267 -30.097538126865402 17.75606107711792
123.019222173 -240.5577707439661 -30.09700216189958 17.720248699188232
123.039368183 -240.55816747248173 -30.09664739505388 17.69638967514038
123.059245663 -240.5587473064661 -30.096090449253097 17.66059637069702
123.079224443 -240.5591592937708 -30.09572614566423 17.63673162460327
123.099242296 -240.5597696453333 -30.095127238193527 17.600911617279053
123.119309261 -240.56019689142704 -30.094724787632003 17.577014446258545
123.13941734 -240.56085301935673 -30.09411825076677 17.541120052337646
123.159269777 -240.56128026545048 -30.093700541416183 17.517167568206787
123.179271253 -240.56190587580204 -30.093118800083175 17.481238842010498
123.199273874 -240.5622873455286 -30.09270872012712 17.45728063583374
123.21929456 -240.56286717951298 -30.092123164096847 17.42133665084839
123.239377461 -240.5632639080286 -30.091749323764816 17.397361278533936
123.259646146 -240.56384374201298 -30.091159953037277 17.361377239227295
123.279228815 -240.56422521173954 -30.09076894656755 17.337369441986084
123.299243833 -240.56480504572392 -30.09012426272966 17.301297664642334
123.319243346 -240.5652170330286 -30.08967794314958 17.2772479057312
123.339368704 -240.56585790216923 -30.08897794620134 17.24116086959839
123.359285052 -240.56630040705204 -30.08844198123552 17.217111110687256
123.379282524 -240.56695653498173 -30.087667597690597 17.181058406829834
123.39921723 -240.56738378107548 -30.087152613559738 17.157031536102295
123.419291343 -240.5680704265833 -30.08639348880388 17.1209979057312
123.439444376 -240.56852819025517 -30.085910929599777 17.09700345993042
123.459214721 -240.5692453533411 -30.085199488559738 17.06100606918335
123.479226982 -240.5697336345911 -30.08474553958513 17.037023067474365
123.499231373 -240.57048131525517 -30.08406080142595 17.001067638397217
123.519213769 -240.57096959650517 -30.083608759799972 16.97709035873413
123.539657278 -240.57171727716923 -30.082937373081222 16.941035747528076
123.559256527 -240.5722208172083 -30.082470072666183 16.91698408126831
123.579228715 -240.5729532390833 -30.08178914920427 16.880908489227295
123.599209905 -240.57342626154423 -30.08132947818376 16.856866359710693
123.61923264 -240.5741281658411 -30.080621851840988 16.82081174850464
123.639403296 -240.57458592951298 -30.080165995517746 16.796769618988037
123.659215465 -240.5752725750208 -30.07951177493669 16.760711193084717
123.679267459 -240.57574559748173 -30.079095972934738 16.736688137054443
123.699250334 -240.57643224298954 -30.07850850955583 16.700677394866943
123.719298407 -240.57689000666142 -30.0781346692238 16.676684856414795
123.739537232 -240.5775919109583 -30.077608241001144 16.640716075897217
123.759514786 -240.57806493341923 -30.077247752109542 16.616767406463623
123.77923646 -240.57878209650517 -30.07673849002458 16.58088445663452
123.799436619 -240.5792551189661 -30.07641233340837 16.55698537826538
123.819246634 -240.57997228205204 -30.07594503299333 16.521161556243896
123.839554936 -240.58046056330204 -30.07565893069841 16.497275829315186
123.859191156 -240.58117772638798 -30.075229777256027 16.46145009994507
123.879248181 -240.5816202312708 -30.074972285190597 16.437564373016357
123.89922739 -240.58224584162235 -30.074623240390792 16.401727199554443
123.919282176 -240.58262731134892 -30.074443949619308 16.377858638763428
123.939414651 -240.58317662775517 -30.074230326572433 16.342095851898193
123.959319568 -240.58349706232548 -30.07412732974626 16.318259716033936
123.979256664 -240.58398534357548 -30.074016703525558 16.282517910003662
123.999236743 -240.58427526056767 -30.073972834507003 16.258708477020264
124.019235091 -240.58473302423954 -30.073967112461105 16.223012447357178
124.039518772 -240.58502294123173 -30.073993815341964 16.199206829071045
124.059243492 -240.58546544611454 -30.074049128452316 16.163548946380615
124.079217624 -240.58574010431767 -30.074108256259933 16.1397967338562
124.099244184 -240.58612157404423 -30.0742284192238 16.104196071624756
124.119211075 -240.5863351970911 -30.07433713809587 16.080482006072998
124.13941202 -240.58667089045048 -30.074535502353683 16.044908046722412
124.159291628 -240.58688451349735 -30.07469571963884 16.021193981170654
124.179276173 -240.58717443048954 -30.074941767612472 15.9856276512146
124.199241629 -240.58737279474735 -30.075115336338058 15.961909770965576
124.219278627 -240.58764745295048 -30.075351847568527 15.92638349533081
124.23993156 -240.58783055841923 -30.07553113834001 15.90268850326538
124.259343136 -240.58810521662235 -30.07579435245134 15.867209911346436
124.279229346 -240.5882883220911 -30.075981272617355 15.843562602996826
124.299329408 -240.58856298029423 -30.076278819004074 15.808099269866943
124.31922606 -240.5887003093958 -30.076511515537277 15.784471035003662
124.339435607 -240.58891393244267 -30.07687200442888 15.749139308929443
124.359287575 -240.58903600275517 -30.07711805240251 15.725596904754639
124.379240353 -240.58921910822392 -30.07747091189958 15.690297603607178
124.399238138 -240.58934117853642 -30.077709330478683 15.666755199432373
124.419209623 -240.5895090252161 -30.078022135654464 15.63144063949585
124.439455869 -240.58964635431767 -30.078220499912277 15.60788869857788
124.459243883 -240.58985997736454 -30.078497065464035 15.572530269622803
124.479217971 -240.59001256525517 -30.078638209262863 15.54893445968628
124.499241537 -240.59025670588017 -30.078878535190597 15.51348066329956
124.519226841 -240.59043981134892 -30.078991068759933 15.489833354949951
124.539386569 -240.59074498713017 -30.079139841953292 15.454356670379639
124.559280556 -240.5909738689661 -30.07919896976091 15.430690288543701
124.579236831 -240.5913400799036 -30.079235209384933 15.395226955413818
124.599231811 -240.5915842205286 -30.079250468173996 15.371583461761475
124.619215837 -240.59196569025517 -30.07919896976091 15.336108684539795
124.639605627 -240.5922403484583 -30.079174174228683 15.312434673309326
124.659245241 -240.59266759455204 -30.07914556399919 15.276893138885498
124.680433606 -240.59294225275517 -30.079143656650558 15.253167629241943
124.700364532 -240.59336949884892 -30.07916463748552 15.217555522918701
124.72036072 -240.59364415705204 -30.079197062412277 15.193793773651123
124.740478536 -240.59408666193485 -30.079256190219894 15.158141613006592
124.760700724 -240.5943918377161 -30.079305781284347 15.134353160858154
124.780406671 -240.5948801189661 -30.07940305606462 15.098645687103271
124.800430732 -240.59523107111454 -30.079479350009933 15.074826717376709
124.820356821 -240.59571935236454 -30.07967962161638 15.039100170135498
124.841394236 -240.59605504572392 -30.07983030215837 15.015347957611084
124.861460504 -240.59655858576298 -30.080082072177902 14.979699611663818
124.881614352 -240.5968790203333 -30.080259455600753 14.955907344818115
124.90148934 -240.5973673015833 -30.080526484409347 14.92018461227417
124.921605956 -240.5976877361536 -30.080700053134933 14.896350383758545
124.942584131 -240.59811498224735 -30.080959452548996 14.860555171966553
124.962562736 -240.59838964045048 -30.081134928623214 14.836671352386475
124.982535691 -240.59875585138798 -30.081440104404464 14.800788402557373
125.002498388 -240.59898473322392 -30.081659449497238 14.776854991912842
125.022604323 -240.59933568537235 -30.08200658694841 14.740943431854248
125.042550588 -240.5995645672083 -30.08225835696794 14.717074871063232
125.06246908 -240.59990026056767 -30.082668436923996 14.681251049041748
125.082540477 -240.60011388361454 -30.08296979800798 14.657382488250732
125.10247154 -240.60040380060673 -30.08343709842302 14.621583461761475
125.122669337 -240.60058690607548 -30.083765162387863 14.597712993621826
125.142709653 -240.60083104670048 -30.084295405307785 14.56190824508667
125.162502797 -240.6009836345911 -30.084659708896652 14.538037776947021
125.183791108 -240.60121251642704 -30.085252894321457 14.502265453338623
125.203718447 -240.60136510431767 -30.085670603672042 14.478421688079834
125.223889224 -240.6015939861536 -30.086328638950363 14.442655086517334
125.243760202 -240.6017160564661 -30.0868073834572 14.418818950653076
125.264753729 -240.60189916193485 -30.0875398053322 14.383054256439209
125.284765079 -240.6020059734583 -30.08805669681169 14.359214305877686
125.304862841 -240.60215856134892 -30.08885587588884 14.323434352874756
125.324855366 -240.60223485529423 -30.089420451084152 14.299563884735107
125.344797729 -240.6023264080286 -30.090305460849777 14.263715267181396
125.364790794 -240.6023721843958 -30.090906275669113 14.239808559417725
125.3848015 -240.60240270197392 -30.09184659854509 14.203952312469482
125.404825023 -240.60240270197392 -30.092481745639816 14.180043697357178
125.425522077 -240.60238744318485 -30.093450678745285 14.144179821014404
125.444825122 -240.60234166681767 -30.094106806674972 14.120328426361084
125.464819975 -240.60228063166142 -30.095085276523605 14.084561824798584
125.484772453 -240.60221959650517 -30.095737589756027 14.060739040374756
125.504889671 -240.60209752619267 -30.096693171421066 14.025031566619873
125.526047754 -240.60202123224735 -30.097316874423996 14.001231670379639
125.546120732 -240.60179235041142 -30.09824956790544 13.965564250946045
125.565961997 -240.60165502130985 -30.09886564151384 13.941773891448975
125.585984498 -240.60136510431767 -30.099800242343917 13.906127452850342
125.606186613 -240.60116674005985 -30.10041822330095 13.882373332977295
125.62605769 -240.60087682306767 -30.10134138003923 13.846765041351318
125.646117185 -240.60067845880985 -30.10195936099626 13.823045253753662
125.665931092 -240.60038854181767 -30.102871073642746 13.787465572357178
125.685984394 -240.60020543634892 -30.10347188846208 13.763757228851318
125.706098109 -240.59994603693485 -30.104356898227707 13.728192806243896
125.72608161 -240.59977819025517 -30.10492910281755 13.704474925994873
125.746030827 -240.59954930841923 -30.105737818637863 13.668912410736084
125.766014799 -240.5993967205286 -30.106254710117355 13.645196437835693
125.785999329 -240.59918309748173 -30.107000483432785 13.609628200531006
125.80617787 -240.5990305095911 -30.10747159854509 13.585898876190186
125.826075839 -240.5988321453333 -30.108160151401535 13.550279140472412
125.846038816 -240.5987100750208 -30.108585490146652 13.52658224105835
125.865947371 -240.5985422283411 -30.10920156375505 13.49101972579956
125.885983306 -240.59843541681767 -30.10959447757341 13.46733045578003
125.906138983 -240.59828282892704 -30.110159052768722 13.431792736053467
125.926104394 -240.59819127619267 -30.110519541660324 13.408078670501709
125.946011628 -240.59806920588017 -30.111002100864425 13.37248945236206
125.966015472 -240.59799291193485 -30.111293925205246 13.348735332489014
125.985967186 -240.5979318767786 -30.111700190464035 13.31308126449585
126.006219109 -240.5979318767786 -30.111936701694503 13.289296627044678
126.026084575 -240.59794713556767 -30.112262858310714 13.25359296798706
126.046198546 -240.5979776531458 -30.112453593173996 13.22980260848999
126.065952155 -240.59802342951298 -30.112695826450363 13.194087505340576
126.086011421 -240.59806920588017 -30.112835062900558 13.170255184173584
126.106122346 -240.59814549982548 -30.113010538974777 13.134482860565186
126.126064565 -240.59820653498173 -30.11311544314958 13.110620021820068
126.145987477 -240.59832860529423 -30.113214625278488 13.074843883514404
126.165968357 -240.59845067560673 -30.113266123691574 13.05098295211792
126.18598569 -240.59864903986454 -30.113323344150558 13.015214443206787
126.20613339 -240.5988321453333 -30.113334788242355 12.991359233856201
126.226063652 -240.59912206232548 -30.113323344150558 12.955556392669678
126.245978684 -240.59933568537235 -30.113292826572433 12.931695461273193
126.265929701 -240.59967137873173 -30.11318792239763 12.895860195159912
126.286011628 -240.5999307781458 -30.113090647617355 12.871951580047607
126.306075578 -240.60035802423954 -30.112894190708175 12.836026668548584
126.326068336 -240.60067845880985 -30.112753046909347 12.812066555023193
126.346041679 -240.60121251642704 -30.112527979770675 12.776147365570068
126.365992184 -240.6015939861536 -30.11236776248552 12.752185344696045
126.385996225 -240.6022043377161 -30.112114085117355 12.716237545013428
126.406087862 -240.60263158380985 -30.111919535556808 12.692271709442139
126.426446275 -240.6033029705286 -30.11161626712419 12.656314373016357
126.445961892 -240.60374547541142 -30.111400736728683 12.632379055023193
126.465951041 -240.6044473797083 -30.11105932132341 12.596459865570068
126.485989648 -240.6049356609583 -30.110826624790207 12.572503566741943
126.506141023 -240.60569860041142 -30.110481394687667 12.536527156829834
126.526119103 -240.60621739923954 -30.11024679080583 12.512526988983154
126.546068453 -240.60699559748173 -30.10989393130876 12.476512432098389
126.565950821 -240.60751439630985 -30.10966886417009 12.452455043792725
126.586145674 -240.60832311213017 -30.109335078159347 12.41635274887085
126.606060929 -240.60887242853642 -30.10911954776384 12.392261028289795
126.626078619 -240.60972692072392 -30.108799113193527 12.356122493743896
126.646073872 -240.6103067547083 -30.10858358279802 12.332004070281982
126.665932445 -240.61119176447392 -30.10825170413591 12.295825481414795
126.686057022 -240.61178685724735 -30.108030451694503 12.271695613861084
126.706040181 -240.61267186701298 -30.107671870151535 12.235463619232178
126.726073827 -240.61326695978642 -30.1074315442238 12.211305141448975
126.74598865 -240.61413671076298 -30.107076777378097 12.175086498260498
126.765989883 -240.61468602716923 -30.1068269147072 12.15093183517456
126.785985891 -240.6155100017786 -30.106435908237472 12.11466932296753
126.806053617 -240.6160440593958 -30.10615743533708 12.090478420257568
126.82617352 -240.61683751642704 -30.10573591128923 12.05417776107788
126.846674199 -240.61735631525517 -30.10545171634294 12.03000020980835
126.865928025 -240.61813451349735 -30.105039729038253 11.993735790252686
126.885990298 -240.61863805353642 -30.10476507083513 11.969569683074951
126.905972441 -240.61938573420048 -30.104356898227707 11.933318614959717
126.926126048 -240.61987401545048 -30.104086054721847 11.909144878387451
126.946002557 -240.62059117853642 -30.10368169681169 11.87291669845581
126.965984901 -240.62106420099735 -30.103445185581222 11.848756313323975
126.985996361 -240.62175084650517 -30.103096140781417 11.8125319480896
127.006040294 -240.62220861017704 -30.102869166294113 11.78838300704956
127.026132631 -240.62286473810673 -30.102543009677902 11.752160549163818
127.046168214 -240.62327672541142 -30.10233129397966 11.728042125701904
127.065949069 -240.6238565593958 -30.10205282107927 11.691859722137451
127.086110095 -240.6242227703333 -30.101871622959152 11.66774320602417
127.105966031 -240.62472631037235 -30.101608408847824 11.631577968597412
127.126337097 -240.6250314861536 -30.101444376865402 11.607470989227295
127.145995241 -240.62548924982548 -30.101200236240402 11.571317195892334
127.165973444 -240.62574864923954 -30.101047648349777 11.547250270843506
127.185963136 -240.6261301189661 -30.100814951816574 11.511176586151123
127.20597058 -240.6263742595911 -30.100652827182785 11.487155437469482
127.226409138 -240.62669469416142 -30.100395335117355 11.451161861419678
127.246000187 -240.62689305841923 -30.10022176639177 11.427192211151123
127.265921866 -240.62712194025517 -30.100008143344894 11.39128828048706
127.285970916 -240.62725926935673 -30.0998689068947 11.367360591888428
127.306007655 -240.62742711603642 -30.099668635288253 11.331475734710693
127.326293914 -240.6275186687708 -30.099546564975753 11.30757474899292
127.346015873 -240.62765599787235 -30.099371088901535 11.271680355072021
127.365994807 -240.6277170330286 -30.09926618472673 11.247752666473389
127.385986585 -240.62779332697392 -30.09914983646013 11.211804866790771
127.405969873 -240.62782384455204 -30.099079264560714 11.187819957733154
127.426283017 -240.6278848797083 -30.098972453037277 11.151843547821045
127.446042577 -240.62793065607548 -30.098901881137863 11.127843379974365
127.465965821 -240.6279611736536 -30.098793162265792 11.091845989227295
127.486000916 -240.62799169123173 -30.098707331577316 11.067880153656006
127.506039302 -240.62802220880985 -30.098558558383957 11.031968593597412
127.526491372 -240.62803746759892 -30.09842504397966 11.008042812347412
127.546172221 -240.62805272638798 -30.098209513584152 10.972150325775146
127.565972334 -240.62805272638798 -30.0980378522072 10.948230266571045
127.586044388 -240.62803746759892 -30.09777463809587 10.912314891815186
127.605995388 -240.6280069500208 -30.097599162021652 10.888360500335693
127.626868365 -240.6278848797083 -30.097330225864425 10.852372646331787
127.646087859 -240.62779332697392 -30.097145213047042 10.82832670211792
127.665995578 -240.62761022150517 -30.096868647495285 10.792235851287842
127.685984433 -240.62748815119267 -30.09667600528337 10.768144130706787
127.70596172 -240.6272745281458 -30.09637655154802 10.7319655418396
127.72611554 -240.62709142267704 -30.09615339175798 10.707826137542725
127.746009899 -240.6267862468958 -30.095815791049972 10.67162275314331
127.765977019 -240.62657262384892 -30.09556974307634 10.647483348846436
127.785987806 -240.6261758953333 -30.095165385166183 10.611213207244873
127.807204656 -240.62590123713017 -30.094894541660324 10.58702039718628
127.827410992 -240.6253976970911 -30.094442500034347 10.550685405731201
127.847139655 -240.62506200373173 -30.094137324253097 10.526441097259521
127.867062466 -240.62452794611454 -30.093675745883957 10.490062236785889
127.88708786 -240.62416173517704 -30.093355311313644 10.465772151947021
127.907191365 -240.62362767755985 -30.09287847415544 10.429345607757568
127.927601421 -240.62326146662235 -30.09255231753923 10.405040264129639
127.947129498 -240.6227579265833 -30.092067850986496 10.368598461151123
127.967115889 -240.62240697443485 -30.091728342929855 10.344312191009521
127.987111481 -240.62191869318485 -30.091194285312667 10.307904720306396
128.007110748 -240.62159825861454 -30.090841425815597 10.283650875091553
128.027424127 -240.62110997736454 -30.090257777133957 10.247275829315186
128.047170503 -240.62078954279423 -30.089851511875167 10.22300672531128
128.067127636 -240.6203165203333 -30.08921636478044 10.186622142791748
128.088157805 -240.61999608576298 -30.088785303989425 10.162400722503662
128.108364063 -240.6195383220911 -30.08816350833513 10.126109600067139
128.128602317 -240.61923314630985 -30.087762965122238 10.101918697357178
128.148195757 -240.6188059002161 -30.087179316440597 10.065640926361084
128.168247349 -240.61851598322392 -30.086799754062667 10.041459560394287
128.188141611 -240.61808873713017 -30.08623136417009 10.00516653060913
128.208434426 -240.61781407892704 -30.085868967929855 9.980985164642334
128.229279419 -240.61740209162235 -30.085338725009933 9.944690227508545
128.249387935 -240.6171426922083 -30.085001124301925 9.920470714569092
128.269193399 -240.6167764812708 -30.084520472446457 9.884141445159912
128.289259336 -240.61650182306767 -30.084222926059738 9.859889507293701
128.309468377 -240.61613561213017 -30.08381856814958 9.823510646820068
128.329277523 -240.61589147150517 -30.083582056919113 9.799245357513428
128.349278384 -240.61552526056767 -30.083278788486496 9.762914180755615
128.369223549 -240.6153116375208 -30.08310521976091 9.738698482513428
128.390250238 -240.6149454265833 -30.082941187778488 9.70233678817749
128.410465683 -240.6147012859583 -30.082864893833175 9.678077220916748
128.430319176 -240.61435033380985 -30.08280767337419 9.641673564910889
128.450283762 -240.61412145197392 -30.082788599887863 9.61741018295288
128.470184549 -240.61381627619267 -30.082777155796066 9.581035137176514
128.490255777 -240.6136026531458 -30.082756174961105 9.556766033172607
128.510576439 -240.61332799494267 -30.082756174961105 9.520375728607178
128.530284699 -240.61317540705204 -30.0827790631447 9.496108531951904
128.550276737 -240.6129465252161 -30.082843912998214 9.459744930267334
128.570241435 -240.6128244549036 -30.082906855503097 9.43551778793335
128.590286041 -240.61265660822392 -30.083034647861496 9.399230480194092
128.610362882 -240.61256505548954 -30.083128107944503 9.375056743621826
128.630296945 -240.61242772638798 -30.08328069583513 9.33881139755249
128.650286699 -240.61235143244267 -30.083377970615402 9.31465482711792
128.670220394 -240.61227513849735 -30.083530558506027 9.278451442718506
128.690363965 -240.61222936213017 -30.0836335553322 9.254355907440186
128.711050119 -240.6122141033411 -30.08376897708513 9.218272686004639
128.730314562 -240.6122141033411 -30.083852900424972 9.19423246383667
128.750321874 -240.61222936213017 -30.08395398990251 9.158286571502686
128.770248276 -240.61224462091923 -30.084018839756027 9.134337902069092
128.790440906 -240.61232091486454 -30.084100855747238 9.098447322845459
128.811661025 -240.61239720880985 -30.08414281741716 9.074531078338623
128.831682781 -240.61253453791142 -30.084186686435714 9.038676738739014
128.851540307 -240.6126260906458 -30.084171427646652 9.014842510223389
128.871452848 -240.61276341974735 -30.084152354160324 8.97908353805542
128.891660253 -240.6128702312708 -30.084133280673996 8.95523977279663
128.911985907 -240.61300756037235 -30.084087504306808 8.91943883895874
128.931588043 -240.6131143718958 -30.084058894077316 8.895556926727295
128.951532666 -240.61326695978642 -30.083965433994308 8.85966444015503
128.971510272 -240.61338903009892 -30.083904398838058 8.835715770721436
128.991703326 -240.61358739435673 -30.083814753452316 8.799756526947021
129.011675517 -240.6137247234583 -30.0837556256447 8.775767803192139
129.031551895 -240.61393834650517 -30.08366216556169 8.739762783050537
129.051563302 -240.61410619318485 -30.08359350101091 8.715770244598389
129.071479293 -240.61436559259892 -30.083503855625167 8.679769039154053
129.091646085 -240.6145792156458 -30.083440913120285 8.655761241912842
129.111757456 -240.6148996502161 -30.083366526523605 8.619750499725342
129.131607356 -240.6151437908411 -30.083332194248214 8.595740795135498
129.151527188 -240.6155557781458 -30.083299769321457 8.559611797332764
129.171521831 -240.61583043634892 -30.083286417881027 8.535518169403076
129.191586032 -240.61627294123173 -30.083276881137863 8.499364376068115
129.211963493 -240.61654759943485 -30.083242548862472 8.475297451019287
129.231567789 -240.6169748455286 -30.083196772495285 8.439204692840576
129.251691882 -240.61724950373173 -30.083162440219894 8.415128231048584
129.271473412 -240.61767674982548 -30.083122385898605 8.379035472869873
129.291704153 -240.61796666681767 -30.08309759036638 8.354989528656006
129.311713776 -240.61842443048954 -30.083072794834152 8.318931102752686
129.331748542 -240.61874486505985 -30.08306516543962 8.294898509979248
129.351522057 -240.61920262873173 -30.083007944980636 8.258983135223389
129.371522128 -240.61949254572392 -30.082960261264816 8.235061168670654
129.391578111 -240.6199045330286 -30.082880152622238 8.199180126190186
129.411643252 -240.62013341486454 -30.08278669253923 8.175307750701904
129.43156001 -240.62046910822392 -30.08265890018083 8.139516353607178
129.451516594 -240.62066747248173 -30.082573069492355 8.115695476531982
129.471477106 -240.62094213068485 -30.08246816531755 8.079997539520264
129.491539901 -240.6211252361536 -30.082416666904464 8.056190013885498
129.51164014 -240.6213693767786 -30.082357539096847 8.020506858825684
129.531584293 -240.62155248224735 -30.082327021518722 7.996708869934082
129.551618129 -240.62182714045048 -30.082294596591964 7.961043357849121
129.571506363 -240.62201024591923 -30.082275523105636 7.937263488769531
129.591533187 -240.6222696453333 -30.082252634922042 7.901613235473633
129.611767287 -240.62242223322392 -30.082225932041183 7.877849578857422
129.631587099 -240.62265111505985 -30.082185877719894 7.842197418212891
129.651563584 -240.62281896173954 -30.08213628665544 7.818450927734375
129.671545089 -240.6230783611536 -30.082031382480636 7.782831192016602
129.6915153 -240.6232462078333 -30.08195890323259 7.7590837478637695
129.71160731 -240.6234903484583 -30.08180440799333 7.723444938659668
129.731559391 -240.62367345392704 -30.081707133213058 7.699677467346191
129.751569963 -240.62394811213017 -30.08156598941423 7.663994789123535
129.77152937 -240.62413121759892 -30.081455363193527 7.640201568603516
129.79159262 -240.62440587580204 -30.081306590000167 7.604527473449707
129.811782377 -240.62457372248173 -30.08117879764177 7.580758094787598
129.831756679 -240.62480260431767 -30.080974711338058 7.545072555541992
129.851568874 -240.62493993341923 -30.08081258670427 7.5212602615356445
129.871560301 -240.62512303888798 -30.080539835849777 7.485535621643066
129.891528751 -240.62524510920048 -30.080354823032394 7.46170711517334
129.911742507 -240.62533666193485 -30.080051554599777 7.425933837890625
129.931576372 -240.62538243830204 -30.0798493756447 7.402073860168457
129.951539958 -240.6253976970911 -30.079548014560714 7.366231918334961
129.971540074 -240.6253976970911 -30.07933439151384 7.342331886291504
129.991525996 -240.62536717951298 -30.079034937778488 7.3064680099487305
130.01174545 -240.62535192072392 -30.07884038821794 7.282547950744629
130.03154992 -240.62530614435673 -30.07856763736345 7.246649742126465
130.051525913 -240.6252756267786 -30.07840551272966 7.222681999206543
130.071518126 -240.62521459162235 -30.078224314609542 7.186708450317383
130.091524624 -240.62518407404423 -30.078125132480636 7.162717819213867
130.111769535 -240.62512303888798 -30.078064097324386 7.126702308654785
130.13155225 -240.62510778009892 -30.07805265323259 7.102677345275879
130.151581012 -240.62509252130985 -30.07807935611345 7.066577911376953
130.171520701 -240.62510778009892 -30.07815565005876 7.042470932006836
130.191506919 -240.62512303888798 -30.07830442325212 7.006319999694824
130.21223263 -240.62512303888798 -30.078441752353683 6.982207298278809
130.231552215 -240.62510778009892 -30.078682078281417 6.946017265319824
130.251544411 -240.62509252130985 -30.078857554355636 6.921904563903809
130.271539303 -240.62498570978642 -30.079187525669113 6.8857269287109375
130.291549402 -240.62489415705204 -30.079414500156417 6.861601829528809
130.311769397 -240.62472631037235 -30.079771174350753 6.825404167175293
130.331819015 -240.62461949884892 -30.080015314975753 6.801248550415039
130.351526909 -240.62443639338017 -30.080387247959152 6.764960289001465
130.371624451 -240.62431432306767 -30.080646647373214 6.740744590759277
130.391539792 -240.62411595880985 -30.08103765384294 6.704412460327148
130.411643563 -240.6239786297083 -30.081298960605636 6.680179595947266
130.431652365 -240.62376500666142 -30.08170141116716 6.643825531005859
130.451526843 -240.62362767755985 -30.08197225467302 6.619610786437988
130.47148628 -240.62338353693485 -30.08239950076677 6.583261489868164
130.491503754 -240.62321569025517 -30.082679881015792 6.55902099609375
130.512763044 -240.6229562908411 -30.083089960971847 6.522648811340332
130.532603085 -240.62277318537235 -30.083351267734542 6.498396873474121
130.552589968 -240.62249852716923 -30.083727015415207 6.462035179138184
130.572581173 -240.62231542170048 -30.08395208255388 6.437779426574707
130.592600968 -240.62205602228642 -30.084266795078292 6.401439666748047
130.612738139 -240.6219034343958 -30.084453715244308 6.377223014831543
130.632646342 -240.6217355877161 -30.08469213382341 6.340912818908691
130.652547937 -240.6216592937708 -30.084838999668136 6.316730499267578
130.672506109 -240.62156774103642 -30.08495725528337 6.280461311340332
130.692571722 -240.6215372234583 -30.085014475742355 6.256287574768066
130.712848138 -240.6214914470911 -30.085064066806808 6.220032691955566
130.732582475 -240.62146092951298 -30.085067881504074 6.195843696594238
130.752562731 -240.62146092951298 -30.085062159458175 6.159549713134766
130.772614011 -240.62147618830204 -30.085029734531417 6.135343551635742
130.79257314 -240.62155248224735 -30.084934367099777 6.0990190505981445
130.812878418 -240.6216135174036 -30.08486188785173 6.074806213378906
130.832697391 -240.62176610529423 -30.08473409549333 6.0384626388549805
130.85258795 -240.62188817560673 -30.084655894199386 6.014235496520996
130.872548105 -240.6221475750208 -30.08450139896013 5.977878570556641
130.892573938 -240.6223459392786 -30.084392680088058 5.953651428222656
130.91374794 -240.62268163263798 -30.08421148196794 5.917325019836426
130.933644814 -240.62291051447392 -30.08408178226091 5.893092155456543
130.95371896 -240.62327672541142 -30.083894862094894 5.856746673583984
130.973599476 -240.62353612482548 -30.08377088443376 5.832517623901367
130.993939151 -240.6239328533411 -30.08358587161638 5.796208381652832
131.015136507 -240.62420751154423 -30.08346380130388 5.7720184326171875
131.035045479 -240.62460424005985 -30.083257807651535 5.735774040222168
131.055099613 -240.62486363947392 -30.083107127109542 5.711583137512207
131.075049238 -240.62524510920048 -30.082857264438644 5.6753129959106445
131.09581817 -240.6255197674036 -30.082618845859542 5.651150703430176
131.115134339 -240.6259317547083 -30.08227743045427 5.614920616149902
131.1350979 -240.62622167170048 -30.082008494297042 5.59078311920166
131.155062223 -240.6266641765833 -30.081607951084152 5.554591178894043
131.175042544 -240.62696935236454 -30.08133520022966 5.530470848083496
131.195281114 -240.62742711603642 -30.080917490879074 5.494317054748535
131.215145353 -240.6277170330286 -30.08064283267595 5.4702253341674805
131.235081064 -240.62817479670048 -30.080225123325363 5.434098243713379
131.255090816 -240.62847997248173 -30.079935206333175 5.409998893737793
131.275067992 -240.62892247736454 -30.079481257358566 5.373849868774414
131.295580323 -240.62921239435673 -30.079134119907394 5.349726676940918
131.3151145 -240.6296701580286 -30.078619135776535 5.313540458679199
131.335146694 -240.62997533380985 -30.078260554233566 5.289412498474121
131.35510076 -240.63047887384892 -30.07767309085466 5.253166198730469
131.375115945 -240.6308145672083 -30.0772801770363 5.229009628295898
131.395640205 -240.63133336603642 -30.076654566684738 5.192750930786133
131.415156716 -240.63168431818485 -30.076238764682785 5.168575286865234
131.435113623 -240.63224889338017 -30.0755769147072 5.132340908050537
131.455116503 -240.6326456218958 -30.075145853916183 5.108177661895752
131.475043047 -240.63328649103642 -30.074510706821457 5.071955680847168
131.496139712 -240.63372899591923 -30.074087275424972 5.047820091247559
131.51622408 -240.63441564142704 -30.073471201816574 5.011624813079834
131.536357037 -240.63488866388798 -30.07306112186052 4.987490653991699
131.556314561 -240.63560582697392 -30.072439326206222 4.951321601867676
131.576382711 -240.63607884943485 -30.0720368756447 4.927212715148926
131.59828033 -240.6367960125208 -30.071401728549972 4.891055583953857
131.617721602 -240.6372385174036 -30.070976389804855 4.866959571838379
131.637680141 -240.6378946453333 -30.07034124271013 4.830837726593018
131.657655542 -240.63830663263798 -30.06992162601091 4.80678129196167
131.677790063 -240.63888646662235 -30.06929792300798 4.770715713500977
131.697803264 -240.6392374187708 -30.068882121006027 4.746696472167969
131.717665684 -240.6397257000208 -30.068288935581222 4.710696697235107
131.737644063 -240.64001561701298 -30.06791509524919 4.6867218017578125
131.757688274 -240.64042760431767 -30.067381037632003 4.650752544403076
131.777805994 -240.64068700373173 -30.06704725162126 4.626786708831787
131.798917491 -240.64100743830204 -30.066600932041183 4.590883255004883
131.818863922 -240.6411905437708 -30.066322459140792 4.566952228546143
131.838842132 -240.64144994318485 -30.065931452671066 4.531070232391357
131.85884258 -240.64157201349735 -30.065668238559738 4.507186412811279
131.878904549 -240.64172460138798 -30.065298212924972 4.471354007720947
131.899202955 -240.64178563654423 -30.065055979648605 4.447472095489502
131.918866884 -240.64186193048954 -30.06471456424333 4.411674499511719
131.938792039 -240.64186193048954 -30.064495219150558 4.387825965881348
131.958849105 -240.64181615412235 -30.06419767276384 4.352103233337402
131.978959629 -240.64177037775517 -30.06402219668962 4.328279495239258
131.999090908 -240.64164830744267 -30.06375135318376 4.2925028800964355
132.018824309 -240.6415567547083 -30.063591135898605 4.268628120422363
132.038833113 -240.6414346843958 -30.06337751285173 4.232789993286133
132.05883804 -240.64135839045048 -30.063213480869308 4.208791732788086
132.079500224 -240.6412668377161 -30.06299032107927 4.172753810882568
132.098903226 -240.64122106134892 -30.062843455234542 4.148680210113525
132.118884416 -240.64117528498173 -30.06267179385759 4.11250638961792
132.138816736 -240.6411447674036 -30.062585963169113 4.08837366104126
132.15893634 -240.64111424982548 -30.062526835361496 4.052120685577393
132.178956705 -240.64108373224735 -30.062507761875167 4.0279622077941895
132.198959265 -240.6410684734583 -30.062568797031417 3.9916205406188965
132.218884731 -240.6410684734583 -30.062660349765792 3.967357635498047
132.238828144 -240.6410684734583 -30.06286825076677 3.930922508239746
132.25882231 -240.64108373224735 -30.063070429721847 3.9066338539123535
132.278973803 -240.64109899103642 -30.063387049594894 3.870208263397217
132.298910099 -240.64111424982548 -30.063610209384933 3.8459272384643555
132.318843381 -240.64112950861454 -30.063955439487472 3.809515953063965
132.338805044 -240.6411447674036 -30.06419767276384 3.7852487564086914
132.358860384 -240.64117528498173 -30.064548624912277 3.7488150596618652
132.378965303 -240.6411905437708 -30.06478132144548 3.7245264053344727
132.398944749 -240.64122106134892 -30.065128458896652 3.6880645751953125
132.41882216 -240.64123632013798 -30.065334452548996 3.663741111755371
132.43883328 -240.64125157892704 -30.065672053257003 3.6272873878479004
132.458819047 -240.64125157892704 -30.065899027744308 3.603048324584961
132.478947408 -240.64125157892704 -30.066265238681808 3.5667104721069336
132.499121756 -240.64125157892704 -30.066536082187667 3.5425000190734863
132.518819874 -240.64125157892704 -30.06698430911638 3.506211757659912
132.538823487 -240.64125157892704 -30.067299021640792 3.4820327758789062
132.558803655 -240.64128209650517 -30.06777776614763 3.4457993507385254
132.578918615 -240.64129735529423 -30.068105830112472 3.421657085418701
132.599321863 -240.64132787287235 -30.06860555545427 3.385476589202881
132.618893174 -240.64132787287235 -30.06893171207048 3.36136531829834
132.638852595 -240.64134313166142 -30.069431437412277 3.325211524963379
132.658920924 -240.64132787287235 -30.069769038120285 3.301102638244629
132.67900824 -240.64132787287235 -30.07024015323259 3.2649245262145996
132.699055771 -240.64134313166142 -30.070549143711105 3.2408204078674316
132.718832358 -240.64134313166142 -30.070987833896652 3.2046923637390137
132.738821 -240.64134313166142 -30.071273936191574 3.1806116104125977
132.758806669 -240.64137364923954 -30.071645869174972 3.1444149017333984
132.778951125 -240.64140416681767 -30.071899546543136 3.12028169631958
132.799508448 -240.64141942560673 -30.072286738315597 3.084059238433838
132.818845367 -240.6414346843958 -30.072549952426925 3.059905529022217
132.838855148 -240.64146520197392 -30.072963847080246 3.0236830711364746
132.858840648 -240.64149571955204 -30.07325948611833 2.999533176422119
132.878934717 -240.64157201349735 -30.073715342441574 2.9633350372314453
132.899033846 -240.64161778986454 -30.07402433292009 2.9392075538635254
132.918844708 -240.64178563654423 -30.074489725986496 2.9030160903930664
132.938861762 -240.64190770685673 -30.07479871646501 2.8788928985595703
132.958852019 -240.64213658869267 -30.075256480136886 2.8426852226257324
132.978962304 -240.64230443537235 -30.07555784122087 2.8185601234436035
132.998977094 -240.6426096111536 -30.07601179019548 2.782388687133789
133.01881986 -240.64282323420048 -30.076305521884933 2.758296012878418
133.038895209 -240.6431436687708 -30.07675184146501 2.7221813201904297
133.058815357 -240.6433420330286 -30.077058924594894 2.6981444358825684
133.078893672 -240.64364720880985 -30.077528132358566 2.6621017456054688
133.099226951 -240.6438303142786 -30.07784284488298 2.638068199157715
133.118892248 -240.64413549005985 -30.07827009097673 2.6020326614379883
133.138828053 -240.6443185955286 -30.07851995364763 2.5780372619628906
133.158876067 -240.64459325373173 -30.078834666172042 2.542128562927246
133.178985454 -240.64477635920048 -30.078970087924972 2.51823091506958
133.200205357 -240.64503575861454 -30.079168452182785 2.4824271202087402
133.220099397 -240.64520360529423 -30.07928098575212 2.4585862159729004
133.240200649 -240.64544774591923 -30.079441203037277 2.422828197479248
133.26005595 -240.64561559259892 -30.07953084842302 2.399050712585449
133.280329754 -240.6458292156458 -30.079637659946457 2.3633790016174316
133.300755115 -240.64598180353642 -30.07970060245134 2.3395843505859375
133.320086158 -240.64618016779423 -30.079792155185714 2.3038582801818848
133.340082477 -240.6463174968958 -30.079874171176925 2.2800345420837402
133.360075783 -240.64650060236454 -30.080024851718917 2.2442851066589355
133.380215664 -240.64662267267704 -30.080181254306808 2.220425605773926
133.400176859 -240.6468057781458 -30.080431116977707 2.1846208572387695
133.420079855 -240.64691258966923 -30.080621851840988 2.1607561111450195
133.440090798 -240.64708043634892 -30.080938471714035 2.125020980834961
133.460101637 -240.64718724787235 -30.081157816806808 2.1013402938842773
133.480168707 -240.64733983576298 -30.081543101230636 2.066016674041748
133.500182808 -240.64743138849735 -30.081794871250167 2.0426673889160156
133.520079663 -240.64758397638798 -30.082195414463058 2.007967948913574
133.540076554 -240.64767552912235 -30.08247579471208 1.9851131439208984
133.560139484 -240.64781285822392 -30.082924021640792 1.9512667655944824
133.580208497 -240.6478586345911 -30.083257807651535 1.9290618896484375
133.600161056 -240.6479044109583 -30.083747996250167 1.896322250366211
133.620105579 -240.6478586345911 -30.084079874912277 1.874894618988037
133.640119065 -240.64772130548954 -30.08459104434587 1.8433899879455566
133.660126185 -240.64759923517704 -30.084924830356613 1.82277250289917
133.68019363 -240.64726354181767 -30.085453165927902 1.792588710784912
133.701377007 -240.64703465998173 -30.08579839603044 1.7729301452636719
133.721236424 -240.64665319025517 -30.086303843418136 1.7441377639770508
133.7412961 -240.64636327326298 -30.086649073520675 1.7254633903503418
133.761192305 -240.64596654474735 -30.087143076816574 1.6980867385864258
133.781362324 -240.64564611017704 -30.087476862827316 1.6803464889526367
133.801282325 -240.64515782892704 -30.087949885288253 1.6544122695922852
133.821193037 -240.64482213556767 -30.08824552432634 1.6377596855163574
133.841204693 -240.64428807795048 -30.08864034549333 1.613966464996338
133.861198656 -240.6439523845911 -30.088874949375167 1.5988826751708984
133.881373173 -240.64341832697392 -30.08917440311052 1.5776166915893555
133.901255523 -240.64306737482548 -30.08935750857927 1.564262866973877
133.921214782 -240.64254857599735 -30.089613093296066 1.5453996658325195
133.941234485 -240.64221288263798 -30.089780939975753 1.533651351928711
133.961211284 -240.64172460138798 -30.090007914463058 1.5169429779052734
133.981332213 -240.64140416681767 -30.090154780307785 1.506411075592041
134.001370015 -240.64093114435673 -30.090351237216964 1.4914097785949707
134.02120549 -240.64062596857548 -30.0904694928322 1.4817829132080078
134.041213435 -240.64018346369267 -30.09065259830095 1.4678845405578613
134.061212063 -240.63989354670048 -30.090772761264816 1.4588685035705566
134.081332571 -240.63945104181767 -30.090974940219894 1.4457316398620605
134.101326411 -240.63917638361454 -30.091119898715988 1.4370899200439453
134.121291012 -240.63876439630985 -30.09135831729509 1.4242300987243652
134.141229547 -240.63848973810673 -30.09155477420427 1.4157075881958008
134.161211178 -240.6380930095911 -30.091879023471847 1.4029459953308105
134.181433689 -240.63783361017704 -30.09213842288591 1.3943629264831543
134.202299683 -240.63745214045048 -30.092569483676925 1.3812861442565918
134.222265445 -240.63719274103642 -30.092867030063644 1.3724093437194824
134.242296861 -240.63681127130985 -30.09334577457048 1.3587861061096191
134.262289092 -240.6365518718958 -30.093675745883957 1.3494811058044434
134.283760508 -240.6361398845911 -30.09417356387712 1.3351562023162842
134.303662873 -240.63584996759892 -30.094503535190597 1.3253495693206787
134.323698966 -240.6354074627161 -30.09499944583513 1.3102452754974365
134.343621246 -240.6350870281458 -30.09531988040544 1.299891471862793
134.363966122 -240.63462926447392 -30.095790995517746 1.2840023040771484
134.383715673 -240.63432408869267 -30.09609998599626 1.273169994354248
134.40366908 -240.63385106623173 -30.096565379062667 1.256603717803955
134.423647451 -240.63354589045048 -30.096874369541183 1.2453899383544922
134.443620979 -240.63304235041142 -30.09732641116716 1.2282867431640625
134.463854876 -240.63269139826298 -30.097629679599777 1.2167394161224365
134.483654255 -240.6321573406458 -30.098087443271652 1.199223279953003
134.503645494 -240.6317911297083 -30.098402155796066 1.187410593032837
134.523642847 -240.63127233088017 -30.098871363559738 1.1695568561553955
134.54360377 -240.6309366375208 -30.09919752017595 1.1575541496276855
134.563832441 -240.6304483562708 -30.09968770877458 1.1394879817962646
134.583700409 -240.63014318048954 -30.100023402133957 1.1273751258850098
134.603661327 -240.62970067560673 -30.10052694217302 1.1091256141662598
134.623634619 -240.62944127619267 -30.100855006137863 1.0969290733337402
134.643645323 -240.62904454767704 -30.101343287387863 1.078566074371338
134.663782125 -240.62878514826298 -30.101656092563644 1.0663104057312012
134.683681135 -240.62843419611454 -30.102111948886886 1.0479164123535156
134.704767454 -240.62819005548954 -30.10237134830095 1.0356674194335938
134.724708026 -240.6278848797083 -30.102735651889816 1.0173099040985107
134.744720185 -240.6277170330286 -30.102960719028488 1.0050873756408691
134.764822062 -240.62750340998173 -30.103258265415207 0.986760139465332
134.784738544 -240.62738133966923 -30.103441370883957 0.974555492401123
134.804752212 -240.62721349298954 -30.103698862949386 0.9562668800354004
134.824746972 -240.6271066814661 -30.103866709629074 0.9440994262695312
134.844758776 -240.6269846111536 -30.104099406162277 0.9258532524108887
134.86514442 -240.62689305841923 -30.104248179355636 0.9137160778045654
134.884747263 -240.62677098810673 -30.10446752444841 0.8955309391021729
134.904856285 -240.62667943537235 -30.104601038852707 0.8834249973297119
134.924710802 -240.6265421062708 -30.104782236972824 0.8653213977813721
134.944718438 -240.62646581232548 -30.104885233798996 0.8532922267913818
134.965026223 -240.6263742595911 -30.105039729038253 0.8352968692779541
134.984792133 -240.62632848322392 -30.105137003818527 0.8233296871185303
