time_sec x_east_m y_north_m z_up_m
0.0 0.0 0.0 0.0
0.020008665 -0.00023851357400417328 -0.000260818749666214 6.031990051269531e-05
0.039982149 -0.0005960538983345032 -0.0006641317158937454 0.00018358230590820312
0.06007291 -0.0008361954241991043 -0.0009486433118581772 0.0002682209014892578
0.079981663 -0.0011898819357156754 -0.0014038514345884323 0.0003886222839355469
0.100034253 -0.001423584297299385 -0.0017162561416625977 0.0004639625549316406
0.119983428 -0.0017708875238895416 -0.00221363827586174 0.0005900859832763672
0.139992861 -0.0020022857934236526 -0.002552766352891922 0.0007016658782958984
0.160089737 -0.002327891066670418 -0.0030945558100938797 0.0008916854858398438
0.180012866 -0.0024682171642780304 -0.0033126790076494217 0.0009429454803466797
0.199961428 -0.0026434697210788727 -0.003563394770026207 0.0009925365447998047
0.220018774 -0.0027621202170848846 -0.003748808056116104 0.0010221004486083984
0.240006337 -0.0029501859098672867 -0.0040391553193330765 0.0010528564453125
0.260097924 -0.0030878279358148575 -0.004251604899764061 0.0010530948638916016
0.279991895 -0.003297414630651474 -0.004579409956932068 0.0009927749633789062
0.299981477 -0.0034392699599266052 -0.004798866808414459 0.0009305477142333984
0.32001571 -0.0036539677530527115 -0.0051093269139528275 0.0007841587066650391
0.339941558 -0.003804324194788933 -0.005307585000991821 0.00067138671875
0.360072547 -0.004042778164148331 -0.005594892427325249 0.0004723072052001953
0.379980944 -0.004250848665833473 -0.005869466811418533 0.0003566741943359375
0.40001328 -0.004637395963072777 -0.006405813619494438 0.0002124309539794922
0.419981979 -0.00489157997071743 -0.0067176781594753265 7.081031799316406e-05
0.439984038 -0.0052668433636426926 -0.00717853382229805 -0.00019407272338867188
0.460177011 -0.005507275462150574 -0.007474668323993683 -0.0003879070281982422
0.480011934 -0.00585942342877388 -0.007891017943620682 -0.0006785392761230469
0.499955389 -0.006094362586736679 -0.008163468912243843 -0.0008687973022460938
0.519991917 -0.006449444219470024 -0.008498167619109154 -0.0011718273162841797
0.539982696 -0.006685953587293625 -0.008697638288140297 -0.001371622085571289
0.560673814 -0.007042385637760162 -0.008965400978922844 -0.0016863346099853516
0.580002135 -0.007196981459856033 -0.008971968665719032 -0.002031564712524414
0.599998673 -0.007383393123745918 -0.008915770798921585 -0.002608060836791992
0.619989802 -0.007496090605854988 -0.00886993296444416 -0.0029990673065185547
0.640118798 -0.007650002837181091 -0.008797982707619667 -0.0036411285400390625
0.660070173 -0.007728146389126778 -0.00873480923473835 -0.004075050354003906
0.680300566 -0.00781271606683731 -0.008621996268630028 -0.004727602005004883
0.699972964 -0.007864285260438919 -0.008547687903046608 -0.005155324935913086
0.719983134 -0.007763741537928581 -0.008235126733779907 -0.00564265251159668
0.73996073 -0.007656438276171684 -0.007978526875376701 -0.005948781967163086
0.760128362 -0.007489487528800964 -0.007621085271239281 -0.006367921829223633
0.779997124 -0.007314398884773254 -0.007333654910326004 -0.0066716670989990234
0.799962945 -0.006979092955589294 -0.006800919771194458 -0.0071871280670166016
0.819981168 -0.00675378181040287 -0.006482081487774849 -0.0075109004974365234
0.83995242 -0.006422342732548714 -0.006034333258867264 -0.007912635803222656
0.860365314 -0.006209198385477066 -0.005749531090259552 -0.008172273635864258
0.879999286 -0.0059273261576890945 -0.005427185446023941 -0.008574247360229492
0.899972874 -0.005750574171543121 -0.005220206454396248 -0.008835315704345703
0.919977077 -0.005520431324839592 -0.004990393295884132 -0.009235382080078125
0.93996397 -0.005387905985116959 -0.004881201311945915 -0.009474754333496094
0.960136829 -0.005219465121626854 -0.004779564216732979 -0.009830236434936523
0.980046869 -0.0050742048770189285 -0.004678728058934212 -0.010131120681762695
0.999963527 -0.004794605076313019 -0.004420032724738121 -0.010658979415893555
1.019984927 -0.004625990986824036 -0.004285605624318123 -0.01100015640258789
1.039940191 -0.004391418769955635 -0.004139211028814316 -0.011571407318115234
1.060463168 -0.0042434558272361755 -0.004058392718434334 -0.01194310188293457
1.080069647 -0.004011796787381172 -0.004030860960483551 -0.012502670288085938
1.099998855 -0.0038648899644613266 -0.004045363515615463 -0.012871980667114258
1.120006455 -0.003542717546224594 -0.00390995666384697 -0.013282537460327148
1.139953577 -0.003314424306154251 -0.003849957138299942 -0.013521432876586914
1.160053952 -0.0029854122549295425 -0.003747750073671341 -0.01386880874633789
1.180002217 -0.0027960967272520065 -0.003791412338614464 -0.014068841934204102
1.199979242 -0.0025344695895910263 -0.0038982462137937546 -0.014337539672851562
1.219996326 -0.0023823510855436325 -0.004034005105495453 -0.014513015747070312
1.239971128 -0.0021487530320882797 -0.004320261999964714 -0.014786481857299805
1.260252226 -0.001994948834180832 -0.004528220742940903 -0.014960289001464844
1.279984628 -0.0017769727855920792 -0.004996566101908684 -0.015216588973999023
1.299977215 -0.0016338136047124863 -0.0053247008472681046 -0.015387773513793945
1.31999353 -0.0015621911734342575 -0.006093805655837059 -0.0157926082611084
1.339974763 -0.0015371721237897873 -0.006681717932224274 -0.01607370376586914
1.360069044 -0.001507507637143135 -0.007573062554001808 -0.016493558883666992
1.379999018 -0.0014893338084220886 -0.008199693635106087 -0.016770124435424805
1.399970016 -0.00145643949508667 -0.009178068488836288 -0.017190933227539062
1.419979401 -0.0014366041868925095 -0.009832127019762993 -0.017473697662353516
1.439963973 -0.0014009848237037659 -0.010828983038663864 -0.017901897430419922
1.460145787 -0.001378016546368599 -0.011487376876175404 -0.01818227767944336
1.480020273 -0.0013350490480661392 -0.012494302354753017 -0.01853799819946289
1.499976433 -0.0013180170208215714 -0.013141666539013386 -0.018750905990600586
1.51997129 -0.0013113673776388168 -0.014079080894589424 -0.019054174423217773
1.539974697 -0.0013290848582983017 -0.014673014171421528 -0.01926422119140625
1.560040299 -0.0013676043599843979 -0.015535795129835606 -0.019560813903808594
1.579993312 -0.0013976432383060455 -0.016074467450380325 -0.01973700523376465
1.599976935 -0.0013294089585542679 -0.016598958522081375 -0.020125150680541992
1.619968665 -0.0012934822589159012 -0.01692422293126583 -0.020384550094604492
1.640082446 -0.001268753781914711 -0.017304567620158195 -0.020690441131591797
1.660109175 -0.0012563932687044144 -0.01753994170576334 -0.020880937576293945
1.68056742 -0.001243390142917633 -0.017869816161692142 -0.02115011215209961
1.699967981 -0.00125093013048172 -0.01807256042957306 -0.021326303482055664
1.719978255 -0.0012789275497198105 -0.01833699829876423 -0.021576642990112305
1.739962585 -0.0012342706322669983 -0.018299011047929525 -0.021638870239257812
1.760095104 -0.0011777542531490326 -0.018222284968942404 -0.02173447608947754
1.780011518 -0.0011651106178760529 -0.01817241171374917 -0.021825790405273438
1.799979683 -0.0011857934296131134 -0.018124094232916832 -0.02197551727294922
1.819979778 -0.0012137982994318008 -0.018098894972354174 -0.022072315216064453
1.839991312 -0.0013190004974603653 -0.018110881559550762 -0.022233009338378906
1.860048091 -0.0014179795980453491 -0.018135678954422474 -0.02233290672302246
1.880047281 -0.0016046743839979172 -0.018197004683315754 -0.022489547729492188
1.899966241 -0.0017811097204685211 -0.018350258003920317 -0.02260279655456543
1.9199887 -0.0020560063421726227 -0.018629199359565973 -0.02277517318725586
1.939945532 -0.002257527783513069 -0.018884725868701935 -0.022919893264770508
1.960510156 -0.002576865255832672 -0.019312615040689707 -0.023131132125854492
1.980019169 -0.0028161294758319855 -0.01966382097452879 -0.023276805877685547
1.999970372 -0.0032257679849863052 -0.0203565894626081 -0.023418903350830078
2.01998407 -0.0035663824528455734 -0.02095725852996111 -0.023427248001098633
2.039992545 -0.004076408222317696 -0.021955170901492238 -0.02337193489074707
2.060204155 -0.004420766606926918 -0.022644147975370288 -0.023317337036132812
2.080004253 -0.00494181364774704 -0.023712957045063376 -0.023207664489746094
2.099986544 -0.005274906754493713 -0.02445917541626841 -0.023091793060302734
2.12000979 -0.005765976384282112 -0.02557352080475539 -0.022913455963134766
2.139997146 -0.006084717810153961 -0.026324848586227745 -0.02278280258178711
2.160080595 -0.006524913012981415 -0.027423635707236826 -0.022577285766601562
2.180011864 -0.00680556520819664 -0.028141740476712584 -0.022447824478149414
2.19996818 -0.007184494286775589 -0.02916441299021244 -0.02224874496459961
2.219997357 -0.007439030334353447 -0.029839653056114912 -0.022126197814941406
2.239990214 -0.007917804643511772 -0.03103523375466466 -0.021737098693847656
2.260344142 -0.008255651220679283 -0.03185166232287884 -0.021462678909301758
2.280024706 -0.008763132616877556 -0.033061943016946316 -0.021032333374023438
2.300008405 -0.009070252999663353 -0.03384337481111288 -0.020750045776367188
2.319978447 -0.009512469172477722 -0.03499838523566723 -0.02034163475036621
2.340014916 -0.009781179949641228 -0.035748619586229324 -0.020067453384399414
2.360105739 -0.01014205627143383 -0.03682779520750046 -0.01966714859008789
2.380037482 -0.010343492031097412 -0.03748327121138573 -0.019359111785888672
2.399969955 -0.010437702760100365 -0.038119738921523094 -0.018747568130493164
2.419969881 -0.010484469123184681 -0.038517397828400135 -0.01835036277770996
2.439982673 -0.010583605617284775 -0.03916780836880207 -0.01769113540649414
2.460074116 -0.01068961527198553 -0.039673269726336 -0.01720285415649414
2.480044747 -0.010863942094147205 -0.04044428560882807 -0.016494274139404297
2.500006122 -0.010920261032879353 -0.040898445062339306 -0.016057252883911133
2.519970936 -0.010997285135090351 -0.04157564416527748 -0.01542973518371582
2.539968793 -0.011029988527297974 -0.04201268218457699 -0.01504373550415039
2.560092909 -0.011070115491747856 -0.04264300689101219 -0.014511346817016602
2.580029493 -0.011101978830993176 -0.043061455711722374 -0.014171838760375977
2.599976371 -0.011104668490588665 -0.04362274520099163 -0.013687372207641602
2.619996412 -0.011091229505836964 -0.04399687424302101 -0.013380050659179688
2.639996283 -0.011151009239256382 -0.04473648779094219 -0.012763023376464844
2.660108834 -0.011191761121153831 -0.04531540162861347 -0.012337446212768555
2.680042484 -0.011254506185650826 -0.04620181396603584 -0.01173853874206543
2.699988236 -0.01128353551030159 -0.046805428341031075 -0.011362314224243164
2.719976699 -0.011311559937894344 -0.04769081249833107 -0.010831117630004883
2.739980723 -0.011332524009048939 -0.048281602561473846 -0.010500669479370117
2.760049647 -0.011363253928720951 -0.04913400486111641 -0.01004338264465332
2.780038996 -0.011487223207950592 -0.049871768802404404 -0.009853839874267578
2.799976105 -0.011622710153460503 -0.05086180567741394 -0.009646892547607422
2.820002177 -0.011689181439578533 -0.051501236855983734 -0.009533405303955078
2.839991959 -0.011756962165236473 -0.052431708201766014 -0.009355783462524414
2.860106356 -0.011761631816625595 -0.05298824422061443 -0.009261131286621094
2.88002093 -0.011781400069594383 -0.05381680838763714 -0.009142637252807617
2.899988681 -0.011790599673986435 -0.05433546379208565 -0.009083032608032227
2.919994404 -0.011791915632784367 -0.05509093217551708 -0.00901341438293457
2.940003679 -0.01179918460547924 -0.05560036189854145 -0.008980512619018555
2.96006875 -0.011767931282520294 -0.05630890652537346 -0.008978605270385742
2.980042144 -0.01174909994006157 -0.05677374638617039 -0.00896906852722168
2.999981277 -0.011726032942533493 -0.05745799094438553 -0.008943319320678711
3.020031608 -0.011727656237781048 -0.05790290981531143 -0.008915185928344727
3.039982371 -0.011751260608434677 -0.0585537925362587 -0.008776426315307617
3.060087389 -0.011770316399633884 -0.058903228491544724 -0.008659124374389648
3.080088333 -0.011820994317531586 -0.05942327901721001 -0.008452415466308594
3.100003375 -0.011862662620842457 -0.05972784757614136 -0.00830078125
3.120068529 -0.011939642950892448 -0.06011543422937393 -0.00806879997253418
3.1399909 -0.012007064186036587 -0.0603707954287529 -0.007883787155151367
3.160041087 -0.012074497528374195 -0.06066437065601349 -0.007606983184814453
3.180037806 -0.012109845876693726 -0.06084524095058441 -0.007428169250488281
3.200001957 -0.012150810100138187 -0.06109419837594032 -0.0071697235107421875
3.2200188 -0.01212797686457634 -0.06117992848157883 -0.006975650787353516
3.239980585 -0.012111342512071133 -0.06131638213992119 -0.0066530704498291016
3.260068409 -0.012101058848202229 -0.06137625873088837 -0.006424903869628906
3.280046458 -0.012101640924811363 -0.06147829070687294 -0.006064891815185547
3.300003917 -0.012103807181119919 -0.06151878461241722 -0.005822181701660156
3.320009863 -0.012102860026061535 -0.06155258044600487 -0.005450010299682617
3.33998651 -0.012112380005419254 -0.061589159071445465 -0.005211353302001953
3.360036959 -0.012084957212209702 -0.06154313683509827 -0.004827022552490234
3.38004742 -0.012075777165591717 -0.06149933487176895 -0.004583597183227539
3.399989171 -0.01210127305239439 -0.061462096869945526 -0.004265308380126953
3.420010439 -0.01219892781227827 -0.06154460087418556 -0.0041637420654296875
3.440000525 -0.012359646148979664 -0.0616903118789196 -0.004029989242553711
3.46011906 -0.012464961037039757 -0.0617690235376358 -0.00395512580871582
3.480064672 -0.012638905085623264 -0.06185440346598625 -0.003840208053588867
3.500009086 -0.012770372442901134 -0.0619259737432003 -0.0037620067596435547
3.520023311 -0.012970605865120888 -0.061949487775564194 -0.0036437511444091797
3.53999007 -0.01312422938644886 -0.062013689428567886 -0.0035414695739746094
3.560010028 -0.013406114652752876 -0.062020737677812576 -0.0033767223358154297
3.580065404 -0.013599514029920101 -0.06200495362281799 -0.0032591819763183594
3.599986633 -0.013896779157221317 -0.061951346695423126 -0.003074169158935547
3.620056761 -0.014093917794525623 -0.0618438683450222 -0.0029687881469726562
3.640084568 -0.014424593187868595 -0.06170707568526268 -0.0028536319732666016
3.660057891 -0.014753427356481552 -0.06174595654010773 -0.002888202667236328
3.680085993 -0.015286174602806568 -0.06179692596197128 -0.0029764175415039062
3.699996006 -0.015659659169614315 -0.06184878200292587 -0.003041982650756836
3.720000181 -0.016192656010389328 -0.061843425035476685 -0.0031499862670898438
3.740058161 -0.01653865911066532 -0.06184693053364754 -0.003167867660522461
3.759953471 -0.0170455239713192 -0.061862777918577194 -0.0031986236572265625
3.78009382 -0.017366300337016582 -0.061855267733335495 -0.0032205581665039062
3.799973522 -0.017874108161777258 -0.06191941350698471 -0.003255605697631836
3.820053863 -0.01819053152576089 -0.06191828101873398 -0.003293275833129883
3.840000116 -0.018685029353946447 -0.06192852929234505 -0.0033714771270751953
3.86001137 -0.019024495966732502 -0.06190205737948418 -0.003422975540161133
3.880225262 -0.019570533651858568 -0.061936795711517334 -0.003560781478881836
3.899982116 -0.020001784432679415 -0.06209418550133705 -0.0037260055541992188
3.920022143 -0.02057414874434471 -0.06232404336333275 -0.004011631011962891
3.940026211 -0.020856568589806557 -0.06237329542636871 -0.004280567169189453
3.959965483 -0.021245276555418968 -0.06247636675834656 -0.004697561264038086
3.980113771 -0.021437509451061487 -0.06251610070466995 -0.0049896240234375
3.999989429 -0.021708731772378087 -0.06261729449033737 -0.005427360534667969
4.020016187 -0.0218487367965281 -0.06268878653645515 -0.005719661712646484
4.03999253 -0.02198937674984336 -0.06278154253959656 -0.006087779998779297
4.059987939 -0.022073556203395128 -0.06286298483610153 -0.006337642669677734
4.080090544 -0.02215868327766657 -0.06297257542610168 -0.006661891937255859
4.099993037 -0.022215019445866346 -0.06306423619389534 -0.006865024566650391
4.120027949 -0.02221593400463462 -0.0631556324660778 -0.007143497467041016
4.140037205 -0.02228215360082686 -0.06334948539733887 -0.00720977783203125
4.159975786 -0.022381948307156563 -0.06366842612624168 -0.00729680061340332
4.180054992 -0.02239180146716535 -0.06384292617440224 -0.007340669631958008
4.200002429 -0.0223961160518229 -0.06413167715072632 -0.0074062347412109375
4.220006334 -0.02235631295479834 -0.0643153004348278 -0.00745081901550293
4.240001726 -0.022221527760848403 -0.06453264877200127 -0.0075321197509765625
4.259958619 -0.02210439322516322 -0.06464669480919838 -0.007571697235107422
4.280077311 -0.021776016103103757 -0.06454190611839294 -0.007525205612182617
4.299992303 -0.02149149775505066 -0.06436686217784882 -0.0075571537017822266
4.319991512 -0.021021826658397913 -0.06404231116175652 -0.0076427459716796875
4.340004829 -0.020702567417174578 -0.06380042806267738 -0.007695913314819336
4.359951258 -0.02021514857187867 -0.06340095400810242 -0.007796049118041992
4.380153298 -0.01985320495441556 -0.06306127831339836 -0.007860898971557617
4.400005121 -0.01932259975001216 -0.06256468966603279 -0.007949590682983398
4.419972803 -0.018947341479361057 -0.062194425612688065 -0.007988452911376953
4.440008605 -0.018262664321810007 -0.061479099094867706 -0.007904291152954102
4.459980636 -0.017809269949793816 -0.06102311983704567 -0.007844924926757812
4.48009992 -0.017091955989599228 -0.06033255532383919 -0.007715940475463867
4.500002653 -0.01661408506333828 -0.05988437682390213 -0.007632732391357422
4.519976302 -0.015925701707601547 -0.059278182685375214 -0.007479190826416016
4.539992073 -0.015515015460550785 -0.058908943086862564 -0.007324695587158203
4.559960728 -0.014935812912881374 -0.058402031660079956 -0.007107734680175781
4.58025376 -0.014567354694008827 -0.058078084141016006 -0.006961822509765625
4.599993706 -0.01404691394418478 -0.05763573944568634 -0.006739377975463867
4.619978249 -0.013708922080695629 -0.057349760085344315 -0.006602048873901367
4.640023284 -0.013180430047214031 -0.05695296823978424 -0.006420135498046875
4.659964959 -0.012836631387472153 -0.056723035871982574 -0.006310462951660156
4.680127474 -0.012243426404893398 -0.05636841803789139 -0.006211042404174805
4.699986656 -0.011848106049001217 -0.05614314414560795 -0.006167173385620117
4.719998807 -0.011255783028900623 -0.055821919813752174 -0.0061321258544921875
4.739996238 -0.010862020775675774 -0.055572040379047394 -0.006133317947387695
4.759948776 -0.010293133556842804 -0.05519483983516693 -0.006166934967041016
4.780069025 -0.009912857785820961 -0.05490013211965561 -0.006222963333129883
4.799995539 -0.009341618046164513 -0.054444948211312294 -0.006307363510131836
4.819969787 -0.008992068469524384 -0.05418314039707184 -0.006384849548339844
4.84000037 -0.008458718657493591 -0.05377131141722202 -0.006547689437866211
4.859966645 -0.008129209280014038 -0.053539151325821877 -0.006654977798461914
4.880035162 -0.007589563727378845 -0.053113823756575584 -0.006882905960083008
4.899988736 -0.007232276722788811 -0.05281079560518265 -0.007052898406982422
4.919969298 -0.006702898070216179 -0.05230081453919411 -0.007355451583862305
4.939996646 -0.006327394396066666 -0.051891034469008446 -0.0075876712799072266
4.959918713 -0.005791734904050827 -0.05129886977374554 -0.007940053939819336
4.980390419 -0.005443677306175232 -0.05089007318019867 -0.008185863494873047
5.000003574 -0.004909655079245567 -0.050269367173314095 -0.008572578430175781
5.020005957 -0.00456356443464756 -0.049880264326930046 -0.008833885192871094
5.040014062 -0.0039678532630205154 -0.0493162851780653 -0.009221315383911133
5.060028151 -0.0035648364573717117 -0.04899049922823906 -0.009423971176147461
5.080059457 -0.0030251052230596542 -0.048589833080768585 -0.00952768325805664
5.100000597 -0.0027042627334594727 -0.048383697867393494 -0.00939488410949707
5.11996598 -0.00235721655189991 -0.04818280600011349 -0.008784055709838867
5.139995261 -0.002155296504497528 -0.048110783100128174 -0.00800466537475586
5.15997381 -0.0019363630563020706 -0.048094792291522026 -0.006216526031494141
5.180104034 -0.0018217545002698898 -0.04813635163009167 -0.004543781280517578
5.199993819 -0.0016873981803655624 -0.04828770272433758 -0.0011937618255615234
5.219977722 -0.0016214177012443542 -0.04844788834452629 0.0015921592712402344
5.239985216 -0.001522112637758255 -0.048729484900832176 0.006859779357910156
5.259983557 -0.0014610923826694489 -0.04896085523068905 0.011036872863769531
5.280106089 -0.0013635940849781036 -0.049371469765901566 0.01835036277770996
5.300018173 -0.0012657232582569122 -0.0496777705848217 0.024068355560302734
5.319977444 -0.0010662712156772614 -0.05019463039934635 0.03371071815490723
5.34001235 -0.0008738934993743896 -0.05056701600551605 0.04094386100769043
5.359920869 -0.0005110260099172592 -0.05118853971362114 0.053022146224975586
5.380032962 -0.0002261139452457428 -0.05163581669330597 0.0618131160736084
5.399998645 0.00027778372168540955 -0.052368007600307465 0.07624268531799316
5.419965994 0.000651627779006958 -0.052895886823534966 0.0866081714630127
5.439994615 0.001290827989578247 -0.053770070895552635 0.10354042053222656
5.45996941 0.0017571710050106049 -0.05440317094326019 0.11562275886535645
5.480077406 0.002514531835913658 -0.055421093478798866 0.13495469093322754
5.500007115 0.0030848421156406403 -0.056157831102609634 0.14879798889160156
5.519982202 0.004000993445515633 -0.05728357285261154 0.17069196701049805
5.539989069 0.0046602655202150345 -0.058043502271175385 0.18613409996032715
5.55993209 0.005743665620684624 -0.059208180755376816 0.21053719520568848
5.58011625 0.0065062083303928375 -0.059999700635671616 0.2275559902191162
5.600043886 0.0077642276883125305 -0.06117432937026024 0.25447750091552734
5.619980185 0.008653394877910614 -0.06195349991321564 0.27321887016296387
5.640123498 0.010045479983091354 -0.06313715502619743 0.30251646041870117
5.65998228 0.011013932526111603 -0.06392206996679306 0.32283663749694824
5.680192225 0.01251966878771782 -0.06509213522076607 0.3544912338256836
5.700040408 0.013538230210542679 -0.06587491184473038 0.3765089511871338
5.719975732 0.015059564262628555 -0.06705279648303986 0.4106559753417969
5.740014067 0.01607203111052513 -0.06781869381666183 0.43430447578430176
5.759922842 0.017582714557647705 -0.06893947720527649 0.4710068702697754
5.780286085 0.01857408881187439 -0.06969426572322845 0.4962005615234375
5.80002819 0.020034518092870712 -0.07074537500739098 0.5353279113769531
5.819983032 0.020991358906030655 -0.07143079116940498 0.5621695518493652
5.839994202 0.02239173650741577 -0.07244770601391792 0.6035599708557129
5.860002721 0.02328772097826004 -0.07307810708880424 0.6320488452911377
5.880259434 0.02458501234650612 -0.07400332391262054 0.6758663654327393
5.90004206 0.025411348789930344 -0.07458526641130447 0.7058935165405273
5.91997084 0.0265912264585495 -0.07544800639152527 0.751995325088501
5.939994603 0.02733417972922325 -0.0759783387184143 0.7835242748260498
5.959931698 0.028386924415826797 -0.07672811672091484 0.8320202827453613
5.980069834 0.0290493406355381 -0.07722274214029312 0.8650515079498291
6.000091062 0.03004346415400505 -0.07785513252019882 0.9159173965454102
6.019951404 0.030677221715450287 -0.07825766131281853 0.9505565166473389
6.04000844 0.03157902508974075 -0.0788334533572197 1.003614902496338
6.059956189 0.03215290978550911 -0.0791756808757782 1.0398719310760498
6.08037592 0.03295522928237915 -0.07968313619494438 1.0952448844909668
6.100058391 0.033455148339271545 -0.08000247180461884 1.1328604221343994
6.119959579 0.034133173525333405 -0.08044807612895966 1.1902194023132324
6.140006821 0.0345388688147068 -0.08074355125427246 1.2289366722106934
6.159921725 0.03505131974816322 -0.08117811381816864 1.2879254817962646
6.180096456 0.035349953919649124 -0.08148278668522835 1.3275353908538818
6.200032212 0.035668112337589264 -0.08192086964845657 1.3876557350158691
6.220006152 0.03582354635000229 -0.08221481740474701 1.4280405044555664
6.240036326 0.0359722301363945 -0.08266004920005798 1.4890213012695312
6.259969909 0.03600326180458069 -0.08296632766723633 1.529998779296875
6.280083631 0.035969555377960205 -0.0834592916071415 1.5917267799377441
6.3000329 0.03588132560253143 -0.08381097763776779 1.6330881118774414
6.319995495 0.03565427288413048 -0.08440949022769928 1.6954045295715332
6.340027437 0.035451747477054596 -0.0848446823656559 1.737070083618164
6.359929365 0.035035036504268646 -0.08556164801120758 1.7998418807983398
6.380061077 0.034710031002759933 -0.08607129380106926 1.841782569885254
6.400049073 0.03415298089385033 -0.08688215911388397 1.9048166275024414
6.419976756 0.03371855244040489 -0.08750324323773384 1.946962833404541
6.440033916 0.033015817403793335 -0.08844442665576935 2.0102100372314453
6.459979575 0.032503146678209305 -0.08916983753442764 2.0524678230285645
6.480098192 0.03167681768536568 -0.09029106050729752 2.115902900695801
6.500040398 0.031084056943655014 -0.09107945114374161 2.1582469940185547
6.519984214 0.030149545520544052 -0.09229956567287445 2.2218446731567383
6.540005731 0.029496394097805023 -0.09312605112791061 2.264270782470703
6.559926551 0.028470519930124283 -0.09447130560874939 2.327998161315918
6.580103908 0.027762308716773987 -0.09539084881544113 2.370511054992676
6.600048944 0.02666511759161949 -0.0967983528971672 2.4343223571777344
6.619995403 0.025914162397384644 -0.09779403358697891 2.4769139289855957
6.640003831 0.024746596813201904 -0.0993039458990097 2.5408315658569336
6.65998691 0.023941684514284134 -0.10033795237541199 2.5834827423095703
6.680091961 0.02271600440144539 -0.10193605720996857 2.6475272178649902
6.701586449 0.02188051864504814 -0.10300973057746887 2.690242290496826
6.721557644 0.020614411681890488 -0.10465887188911438 2.7543368339538574
6.741590334 0.019754953682422638 -0.1057615801692009 2.7970824241638184
6.761488007 0.01848440244793892 -0.10745840519666672 2.8612442016601562
6.781689664 0.017627358436584473 -0.1085984855890274 2.904038906097412
6.801581876 0.016329608857631683 -0.11031991988420486 2.9682607650756836
6.821557626 0.01551719382405281 -0.11152193695306778 3.011117935180664
6.84158968 0.014289017766714096 -0.11332438886165619 3.075437068939209
6.861511053 0.013475220650434494 -0.11454606056213379 3.118358612060547
6.881906985 0.01223723590373993 -0.11639485508203506 3.182781219482422
6.901547877 0.011398255825042725 -0.11761984974145889 3.2257461547851562
6.921534781 0.010083619505167007 -0.11948534846305847 3.2902450561523438
6.941578929 0.00919543206691742 -0.12073064595460892 3.3332619667053223
6.961487037 0.007846098393201828 -0.12259992212057114 3.397813320159912
6.981723218 0.006932549178600311 -0.12386243790388107 3.4408578872680664
7.001567143 0.005542151629924774 -0.12577590346336365 3.5054469108581543
7.021535884 0.004618784412741661 -0.12706900388002396 3.5485477447509766
7.041592676 0.0032224804162979126 -0.12898193299770355 3.6132407188415527
7.061527099 0.002285929396748543 -0.13025359064340591 3.656407356262207
7.081709608 0.000867404043674469 -0.1321471706032753 3.7212343215942383
7.101543605 -8.665025234222412e-05 -0.13338585197925568 3.7644877433776855
7.121529862 -0.0015415400266647339 -0.1351935938000679 3.8295092582702637
7.1415729 -0.002528797835111618 -0.13635101914405823 3.872912883758545
7.161481343 -0.004033785313367844 -0.1380179524421692 3.9380974769592285
7.181834469 -0.0050621796399354935 -0.13909773528575897 3.981619358062744
7.201571838 -0.006627650931477547 -0.14066118746995926 4.046960830688477
7.221522887 -0.007697202265262604 -0.14166604727506638 4.090569972991943
7.241557783 -0.009306183084845543 -0.1431070640683174 4.156017780303955
7.261546325 -0.010382338427007198 -0.14401543140411377 4.199679374694824
7.281605568 -0.011976998299360275 -0.1453157141804695 4.265192985534668
7.301566997 -0.013033242896199226 -0.1461411714553833 4.308886528015137
7.321565358 -0.014604434370994568 -0.14730605483055115 4.374430179595947
7.341538422 -0.01565724890679121 -0.14804758876562119 4.418145179748535
7.361477744 -0.01724129170179367 -0.14910615235567093 4.483747959136963
7.382004959 -0.018295636866241693 -0.14980094134807587 4.527520656585693
7.401553589 -0.019874448888003826 -0.1507944092154503 4.593229293823242
7.421593202 -0.0209255232475698 -0.15143153816461563 4.6370744705200195
7.441550689 -0.022496257442981005 -0.15235749632120132 4.702915191650391
7.461551999 -0.023538287612609565 -0.15294244140386581 4.7468461990356445
7.481674946 -0.02515670543652959 -0.15380076318979263 4.812817573547363
7.501582588 -0.026226407731883228 -0.15432827919721603 4.856822490692139
7.521549255 -0.027871968690305948 -0.15511872619390488 4.922855854034424
7.541566027 -0.028970533283427358 -0.1556195393204689 4.966894626617432
7.561482261 -0.030618483666330576 -0.15632987767457962 5.032982349395752
7.581751116 -0.031737508717924356 -0.15678488463163376 5.0770392417907715
7.601557061 -0.03342441935092211 -0.15740733593702316 5.143163681030273
7.621548153 -0.03457189816981554 -0.15778671950101852 5.187266826629639
7.641649842 -0.03630490507930517 -0.15832195430994034 5.25345516204834
7.66160258 -0.03745563328266144 -0.15864520519971848 5.297608375549316
7.681607557 -0.03922463208436966 -0.1590890809893608 5.363901138305664
7.701585843 -0.04040426202118397 -0.15935825556516647 5.408134460449219
7.721553327 -0.04217325337231159 -0.1597202941775322 5.474544525146484
7.741546714 -0.04338739812374115 -0.15993330627679825 5.518869400024414
7.761513658 -0.04517401196062565 -0.1601850464940071 5.585404396057129
7.781656474 -0.046401819214224815 -0.16031748801469803 5.629787445068359
7.801587082 -0.048250712454319 -0.16047348827123642 5.6964006423950195
7.821567262 -0.049512943252921104 -0.160562165081501 5.740827560424805
7.841544633 -0.05142294615507126 -0.16067824512720108 5.807493209838867
7.861545638 -0.05268736369907856 -0.16072777658700943 5.85196590423584
7.881623623 -0.05459919199347496 -0.16083284467458725 5.918684005737305
7.901581316 -0.055865589529275894 -0.16087859123945236 5.963186264038086
7.921562274 -0.057752471417188644 -0.16091179102659225 6.029973983764648
7.941530898 -0.05900187790393829 -0.1609274223446846 6.074514389038086
7.96147771 -0.06083476543426514 -0.1609080359339714 6.141378402709961
7.981639206 -0.06203391030430794 -0.16088246554136276 6.1859846115112305
8.001586503 -0.0638120174407959 -0.16083242744207382 6.252951622009277
8.021558885 -0.06497514992952347 -0.160774327814579 6.297634124755859
8.041556923 -0.06670394912362099 -0.16069305688142776 6.364716529846191
8.061524303 -0.06783480569720268 -0.16061850637197495 6.409476280212402
8.081647818 -0.06952005624771118 -0.16051066666841507 6.476644515991211
8.101533791 -0.07063654437661171 -0.16042447835206985 6.521459579467773
8.121550488 -0.07229660078883171 -0.16027366369962692 6.588737487792969
8.141562532 -0.07343063876032829 -0.16017816215753555 6.63360595703125
8.161496074 -0.07511968910694122 -0.15998301655054092 6.700952529907227
8.181646391 -0.07626437395811081 -0.15982676297426224 6.745872497558594
8.201580923 -0.07801130414009094 -0.15957016497850418 6.813286781311035
8.221565278 -0.079164519906044 -0.15937180072069168 6.8582611083984375
8.241548495 -0.08097517490386963 -0.15911001712083817 6.925722122192383
8.261549893 -0.08218541741371155 -0.1589307114481926 6.970721244812012
8.281692884 -0.08400064334273338 -0.15865445882081985 7.0382585525512695
8.30157428 -0.0852171815931797 -0.15847096592187881 7.08329963684082
8.321533945 -0.08704820275306702 -0.1581943854689598 7.150890350341797
8.341558128 -0.08834826946258545 -0.15803828090429306 7.195934295654297
8.361477038 -0.09028070420026779 -0.15778342634439468 7.263531684875488
8.381658734 -0.09159447997808456 -0.15762848407030106 7.308597564697266
8.401585612 -0.09362420439720154 -0.15739307552576065 7.376221656799316
8.421544548 -0.09496751427650452 -0.15721230953931808 7.4213361740112305
8.441544722 -0.09710870683193207 -0.15692707151174545 7.489006996154785
8.46156672 -0.0985306054353714 -0.15671884268522263 7.534147262573242
8.481624193 -0.10065224021673203 -0.1563795581459999 7.601900100708008
8.501585726 -0.1021081730723381 -0.15614183992147446 7.647078514099121
8.521540175 -0.10424009710550308 -0.15573441237211227 7.714877128601074
8.541566532 -0.1056535392999649 -0.15543683618307114 7.760092735290527
8.561500837 -0.10772527754306793 -0.15493019670248032 7.827939987182617
8.581687395 -0.10910426825284958 -0.15455251187086105 7.873156547546387
8.601598727 -0.11114808917045593 -0.1539110764861107 7.940979957580566
8.6215505 -0.11246718466281891 -0.15344173461198807 7.986223220825195
8.641552753 -0.1144300028681755 -0.15264122933149338 8.054062843322754
8.6615459 -0.11570790410041809 -0.1520642414689064 8.099316596984863
8.681696145 -0.11757318675518036 -0.15113406628370285 8.167236328125
8.701619493 -0.11882619559764862 -0.15045083314180374 8.212510108947754
8.721539847 -0.12064465880393982 -0.1493786796927452 8.280482292175293
8.741568772 -0.12184489518404007 -0.148626908659935 8.325830459594727
8.761536943 -0.12363938242197037 -0.14745275676250458 8.393888473510742
8.781668271 -0.12479615211486816 -0.1466434746980667 8.439299583435059
8.801634849 -0.12653851509094238 -0.14536113291978836 8.507407188415527
8.821541501 -0.12762312591075897 -0.14448704570531845 8.552864074707031
8.841546027 -0.12925145030021667 -0.1430954858660698 8.620993614196777
8.861546926 -0.13030998408794403 -0.14212456345558167 8.666420936584473
8.881690655 -0.131855808198452 -0.1406070590019226 8.734576225280762
8.901640949 -0.13291427493095398 -0.13950197398662567 8.779953956604004
8.921566988 -0.1344292238354683 -0.13779041171073914 8.848052024841309
8.94156913 -0.13542021065950394 -0.13658598065376282 8.89343547821045
8.961490341 -0.1368837058544159 -0.13468783348798752 8.961495399475098
8.981606597 -0.1378118246793747 -0.133392833173275 9.006896018981934
9.001602095 -0.13924627006053925 -0.13134101778268814 9.074942588806152
9.021560826 -0.14016931504011154 -0.12992705404758453 9.120319366455078
9.041562695 -0.14150314778089523 -0.1277417242527008 9.188407897949219
9.061577898 -0.14238221943378448 -0.12617400288581848 9.233760833740234
9.08164984 -0.1435828134417534 -0.12384240329265594 9.301910400390625
9.101594083 -0.14437364041805267 -0.12216005474328995 9.347308158874512
9.121552105 -0.14547211676836014 -0.11958838999271393 9.415452003479004
9.141577752 -0.14616398513317108 -0.11779491603374481 9.460882186889648
9.161523902 -0.14713580161333084 -0.11499538272619247 9.529036521911621
9.181692177 -0.14772461354732513 -0.11310829222202301 9.574512481689453
9.201647641 -0.14851585775613785 -0.11014781892299652 9.642717361450195
9.221541549 -0.14897625148296356 -0.10815510898828506 9.688214302062988
9.241615436 -0.14956463873386383 -0.10514194518327713 9.75649642944336
9.261568784 -0.14990630000829697 -0.1030837744474411 9.801985740661621
9.281674842 -0.15032865852117538 -0.10002734512090683 9.870284080505371
9.301618232 -0.15055924654006958 -0.09799431264400482 9.915826797485352
9.321548992 -0.150795578956604 -0.09493773430585861 9.984159469604492
9.341578364 -0.15088367462158203 -0.09291892498731613 10.029757499694824
9.361510901 -0.15091580152511597 -0.08987212181091309 10.098163604736328
9.381620737 -0.15087111294269562 -0.0878562293946743 10.143808364868164
9.401666479 -0.1507190465927124 -0.08479452133178711 10.212270736694336
9.421538416 -0.150553360581398 -0.08275282382965088 10.257940292358398
9.441625716 -0.15021109580993652 -0.0796939916908741 10.32648754119873
9.46157764 -0.1499084010720253 -0.07763031870126724 10.37218189239502
9.481636307 -0.14935822039842606 -0.07457853108644485 10.44078540802002
9.501645075 -0.1489231362938881 -0.07255242392420769 10.48653507232666
9.521568417 -0.14820441603660583 -0.06952248141169548 10.55517292022705
9.541569299 -0.14767681062221527 -0.067535400390625 10.600970268249512
9.561508095 -0.1468462347984314 -0.06457983702421188 10.6696195602417
9.581607084 -0.14624425768852234 -0.06264873966574669 10.715405464172363
9.601624485 -0.1452738270163536 -0.059812501072883606 10.784114837646484
9.621584005 -0.14460086077451706 -0.057957973331213 10.829927444458008
9.641680644 -0.1435558795928955 -0.05523129552602768 10.898661613464355
9.661567087 -0.1428709253668785 -0.05344068817794323 10.94442367553711
9.681634171 -0.14178533107042313 -0.05081997439265251 11.013132095336914
9.701622625 -0.14103634655475616 -0.04910007677972317 11.058953285217285
9.721564855 -0.13985756039619446 -0.04654037579894066 11.127695083618164
9.741580005 -0.13903197646141052 -0.04487432353198528 11.173562049865723
9.761504868 -0.13770677894353867 -0.0423622764647007 11.242328643798828
9.781562701 -0.13677655160427094 -0.04073124099522829 11.288188934326172
9.801594951 -0.13531488925218582 -0.03835039306432009 11.35700798034668
9.821582331 -0.1343073770403862 -0.036804244853556156 11.402853012084961
9.841587221 -0.13274438679218292 -0.03455333225429058 11.471692085266113
9.861564582 -0.13166452199220657 -0.033076995983719826 11.517606735229492
9.881576971 -0.13000856339931488 -0.030917656607925892 11.586541175842285
9.901805365 -0.12888812273740768 -0.02948705875314772 11.632508277893066
9.921576152 -0.12717580050230026 -0.027363196364603937 11.701469421386719
9.941605897 -0.126010462641716 -0.025990642665419728 11.747481346130371
9.961481292 -0.12419874221086502 -0.02394588547758758 11.816469192504883
9.981572193 -0.12296681106090546 -0.02262540953233838 11.862475395202637
10.001791927 -0.12108144164085388 -0.02070898376405239 11.931506156921387
10.021558598 -0.11978407204151154 -0.01941501535475254 11.977499961853027
10.041568926 -0.11779691278934479 -0.017546700313687325 12.04658317565918
10.061550886 -0.11643581837415695 -0.016327052377164364 12.09266185760498
10.081537795 -0.11434260755777359 -0.014540567062795162 12.161808013916016
10.101777161 -0.11292481422424316 -0.013400886207818985 12.207947731018066
10.121548419 -0.1107487827539444 -0.011705795302987099 12.277166366577148
10.141644923 -0.10928895324468613 -0.010647549293935299 12.323376655578613
10.161507665 -0.10706930607557297 -0.009058969095349312 12.392705917358398
10.181523866 -0.10558712482452393 -0.00804736278951168 12.438957214355469
10.20177547 -0.10335914045572281 -0.006600417196750641 12.508380889892578
10.221570145 -0.10186772048473358 -0.005665099248290062 12.554657936096191
10.241566773 -0.09963441640138626 -0.004354197531938553 12.624140739440918
10.261615921 -0.09815655648708344 -0.00353185273706913 12.670480728149414
10.281578107 -0.09592316299676895 -0.0023616068065166473 12.740021705627441
10.301655101 -0.09442908316850662 -0.0016343500465154648 12.786419868469238
10.321550635 -0.09213226288557053 -0.0005663279443979263 12.855982780456543
10.341570089 -0.09059492498636246 0.00012099184095859528 12.902360916137695
10.361494169 -0.08828043192625046 0.0011134371161460876 12.971935272216797
10.381533162 -0.0866958312690258 0.0017878618091344833 13.018292427062988
10.401725122 -0.08433616906404495 0.002704620361328125 13.087918281555176
10.42155216 -0.08271472156047821 0.0033126715570688248 13.134308815002441
10.44155953 -0.08026869595050812 0.00416996143758297 13.203946113586426
10.461554984 -0.07860937714576721 0.004732940346002579 13.250381469726562
10.481551974 -0.07611419633030891 0.005541522055864334 13.32007884979248
10.501654079 -0.07445783913135529 0.006035938858985901 13.36658763885498
10.52156463 -0.0719216912984848 0.006776314228773117 13.436387062072754
10.541571558 -0.07022525370121002 0.007244415581226349 13.482956886291504
10.561506407 -0.06767155975103378 0.007906079292297363 13.552865028381348
10.58154078 -0.06593761220574379 0.008327342569828033 13.599486351013184
10.601848732 -0.06335530802607536 0.008891545236110687 13.669486045837402
10.62158645 -0.06163271144032478 0.009238418191671371 13.716198921203613
10.641644691 -0.05903618410229683 0.009689874947071075 13.786320686340332
10.661586439 -0.057317256927490234 0.009938802570104599 13.833107948303223
10.681550685 -0.05473395064473152 0.01025189459323883 13.90332317352295
10.701648348 -0.0530262216925621 0.010411426424980164 13.950165748596191
10.721558185 -0.05043653957545757 0.010616481304168701 14.020438194274902
10.741563804 -0.04872390814125538 0.010689754039049149 14.067313194274902
10.761566816 -0.04617982171475887 0.010706566274166107 14.137661933898926
10.781593249 -0.04447840712964535 0.010673366487026215 14.184565544128418
10.801700149 -0.04195469617843628 0.010549981147050858 14.25495433807373
10.821642751 -0.040272717364132404 0.0104224793612957 14.30189037322998
10.841574627 -0.03775130771100521 0.010161373764276505 14.37230396270752
10.861550856 -0.03609348740428686 0.009940456598997116 14.419264793395996
10.881545777 -0.03352639265358448 0.00955548882484436 14.489705085754395
10.902248197 -0.03182113356888294 0.009251810610294342 14.53669261932373
10.92159907 -0.029276957269757986 0.008727312088012695 14.607213020324707
10.941590836 -0.027585725532844663 0.008325625211000443 14.65424633026123
10.96152727 -0.025058554572751746 0.007651418447494507 14.724827766418457
10.981572539 -0.02333232923410833 0.007168188691139221 14.771866798400879
11.001798232 -0.02077890234068036 0.006394688040018082 14.842446327209473
11.021574282 -0.019073798321187496 0.0058536045253276825 14.889494895935059
11.041579406 -0.016547619365155697 0.005008425563573837 14.960076332092285
11.061587868 -0.014901194721460342 0.004414204508066177 15.007153511047363
11.081563813 -0.012435241602361202 0.003494987264275551 15.077742576599121
11.101588477 -0.01081813219934702 0.0028538107872009277 15.124812126159668
11.1215843 -0.008434094488620758 0.0018484126776456833 15.19543170928955
11.141562454 -0.006827574223279953 0.0011434480547904968 15.242520332336426
11.161503692 -0.004461411386728287 4.895031452178955e-05 15.313185691833496
11.181643 -0.002885127440094948 -0.0006988402456045151 15.360302925109863
11.201651086 -0.0005792137235403061 -0.001871524378657341 15.430989265441895
11.221588096 0.0009442362934350967 -0.002689465880393982 15.478095054626465
11.241537833 0.003214048221707344 -0.003933241590857506 15.548724174499512
11.26153721 0.004689520224928856 -0.004782374948263168 15.595818519592285
11.28153877 0.006920713931322098 -0.006062841042876244 15.666382789611816
11.301714001 0.0083775594830513 -0.006917331367731094 15.713419914245605
11.321572345 0.010518815368413925 -0.008198520168662071 15.783963203430176
11.341555658 0.011957745999097824 -0.009023750200867653 15.830954551696777
11.36148858 0.014053300023078918 -0.010271689854562283 15.90145206451416
11.381626118 0.015432190150022507 -0.01109435223042965 15.948426246643066
11.401659656 0.017469990998506546 -0.012329423800110817 16.018853187561035
11.421561864 0.01878274232149124 -0.01316201314330101 16.065815925598145
11.441559429 0.020718306303024292 -0.014400568790733814 16.13621425628662
11.461554907 0.021939001977443695 -0.015241915360093117 16.183194160461426
11.481625841 0.02374928817152977 -0.016474446281790733 16.253548622131348
11.501813942 0.024901270866394043 -0.017288848757743835 16.300442695617676
11.52157189 0.026550211012363434 -0.018496515229344368 16.37077236175537
11.541569609 0.02763475477695465 -0.019292045384645462 16.417580604553223
11.561513413 0.029183082282543182 -0.020486440043896437 16.487805366516113
11.581580075 0.030181892216205597 -0.021269706543534994 16.534592628479004
11.601728894 0.03162781521677971 -0.022414401872083545 16.604723930358887
11.621572179 0.03254000470042229 -0.02317282883450389 16.65149211883545
11.641788925 0.033897943794727325 -0.024290397414006293 16.721570014953613
11.661622181 0.03476300835609436 -0.025027811818290502 16.768317222595215
11.681559027 0.035995963960886 -0.026122813404072076 16.83848285675049
11.701669351 0.03679453209042549 -0.026824097032658756 16.88526439666748
11.721554293 0.037891827523708344 -0.02788480115123093 16.95552349090576
11.741570408 0.03861617296934128 -0.02854737057350576 17.002371788024902
11.76151483 0.03964007645845413 -0.02951842499896884 17.072699546813965
11.781561822 0.04030665010213852 -0.030130377039313316 17.119601249694824
11.802105139 0.041251108050346375 -0.031004895456135273 17.189963340759277
11.821648487 0.041828542947769165 -0.031577888410538435 17.236903190612793
11.841555449 0.042656391859054565 -0.03237525653094053 17.307286262512207
11.861560568 0.043178677558898926 -0.0329068168066442 17.35423183441162
11.881545722 0.043914489448070526 -0.033702148124575615 17.424681663513184
11.901670833 0.04443337023258209 -0.03420437406748533 17.47164249420166
11.921656397 0.045151449739933014 -0.03496338799595833 17.54212474822998
11.941544645 0.045618198812007904 -0.03546535223722458 17.58912181854248
11.96150448 0.04629390686750412 -0.036218815483152866 17.65963649749756
11.981585199 0.04670265316963196 -0.03672374412417412 17.70667552947998
12.001636227 0.047322116792201996 -0.03748208377510309 17.77723979949951
12.021590175 0.0477057546377182 -0.03798929788172245 17.82430934906006
12.041548298 0.048305049538612366 -0.03873970452696085 17.894858360290527
12.061544094 0.048676662147045135 -0.03925765119493008 17.941908836364746
12.081560974 0.049193963408470154 -0.04005593713372946 18.012505531311035
12.101594018 0.04952087253332138 -0.04062584321945906 18.05955410003662
12.121597772 0.04994576424360275 -0.041476158425211906 18.130167961120605
12.141636243 0.05020630359649658 -0.04204213619232178 18.177250862121582
12.161607972 0.05056772381067276 -0.042896851897239685 18.24788188934326
12.181545057 0.05076628923416138 -0.04346587881445885 18.29499340057373
12.201875928 0.051067449152469635 -0.044331980869174004 18.365612983703613
12.221617014 0.051237210631370544 -0.04492085985839367 18.412707328796387
12.241556724 0.05144481360912323 -0.04582158476114273 18.483363151550293
12.261553728 0.05156278610229492 -0.04644062556326389 18.530476570129395
12.281549326 0.051706716418266296 -0.04739278368651867 18.601162910461426
12.301629562 0.051861733198165894 -0.04806188866496086 18.648259162902832
12.321606589 0.052068643271923065 -0.04907652363181114 18.718937873840332
12.341533352 0.05223170667886734 -0.04978120140731335 18.766053199768066
12.361530752 0.052518583834171295 -0.050860755145549774 18.836722373962402
12.381544144 0.052689358592033386 -0.05157961882650852 18.883858680725098
12.401648156 0.05302193760871887 -0.052744850516319275 18.954524040222168
12.421588408 0.0532398447394371 -0.05355079285800457 19.001652717590332
12.441544813 0.0535578578710556 -0.05480291694402695 19.07236957550049
12.461571361 0.05381091684103012 -0.055712996050715446 19.119500160217285
12.481551105 0.054133541882038116 -0.05707010626792908 19.19022846221924
12.501596619 0.05433940887451172 -0.057986799627542496 19.237378120422363
12.521597945 0.05458952486515045 -0.05936378985643387 19.30814266204834
12.541556012 0.05474472790956497 -0.060310248285532 19.35532855987549
12.561522962 0.05493420362472534 -0.06173199415206909 19.426133155822754
12.581537326 0.055014468729496 -0.06266644224524498 19.473366737365723
12.601672132 0.05511290580034256 -0.06412766501307487 19.544217109680176
12.621609412 0.055141255259513855 -0.06512657180428505 19.591479301452637
12.641539151 0.05512835830450058 -0.06665704771876335 19.662419319152832
12.661555854 0.05511126667261124 -0.06777870282530785 19.70974063873291
12.6815582 0.0550159215927124 -0.06946111470460892 19.780766487121582
12.701696717 0.054922327399253845 -0.07061940059065819 19.828131675720215
12.721608355 0.05473291873931885 -0.07243897020816803 19.899189949035645
12.741538186 0.054561346769332886 -0.07365541160106659 19.946585655212402
12.761547642 0.05430476367473602 -0.07563813403248787 20.017664909362793
12.781575469 0.05407998710870743 -0.07691024243831635 20.065083503723145
12.801667167 0.05375774949789047 -0.07898395881056786 20.136197090148926
12.821705526 0.05351477116346359 -0.08038364350795746 20.183621406555176
12.841523458 0.0531080961227417 -0.08250283822417259 20.254782676696777
12.861586689 0.05281873792409897 -0.08398478105664253 20.302220344543457
12.881552668 0.05234523117542267 -0.08617330715060234 20.37339687347412
12.901620489 0.052028924226760864 -0.08764590322971344 20.420845985412598
12.921618618 0.05154426395893097 -0.08988462388515472 20.49201488494873
12.941546555 0.05119241029024124 -0.09135427325963974 20.53947353363037
12.961537805 0.05065655708312988 -0.09362739324569702 20.61068630218506
12.981567394 0.050285011529922485 -0.09513657540082932 20.658183097839355
13.00166546 0.04970846325159073 -0.09738604724407196 20.72946262359619
13.021627916 0.049313850700855255 -0.09893441200256348 20.776999473571777
13.041546119 0.04865515977144241 -0.10115019977092743 20.848347663879395
13.061622127 0.048194676637649536 -0.10267123579978943 20.895941734313965
13.081558629 0.047455087304115295 -0.10490982979536057 20.96736431121826
13.101570482 0.04693854600191116 -0.10641784965991974 21.01499652862549
13.121637219 0.046123161911964417 -0.10870041698217392 21.08646297454834
13.141549264 0.045547157526016235 -0.11018659919500351 21.13412570953369
13.161546018 0.044658079743385315 -0.11251764744520187 21.20564556121826
13.18154997 0.044038571417331696 -0.11405552923679352 21.253352165222168
13.201752967 0.043071553111076355 -0.11633740365505219 21.324952125549316
13.221625501 0.04240672290325165 -0.11788885295391083 21.372708320617676
13.241569133 0.0413738489151001 -0.12012326717376709 21.44437885284424
13.261592651 0.04067201167345047 -0.12157744914293289 21.492180824279785
13.281571095 0.03960280120372772 -0.12370167672634125 21.563895225524902
13.301622737 0.038869187235832214 -0.12505432963371277 21.611716270446777
13.321628228 0.037738047540187836 -0.12700262665748596 21.683409690856934
13.341565158 0.03696199506521225 -0.1282315030694008 21.731202125549316
13.361548091 0.03571333363652229 -0.13001231849193573 21.80282497406006
13.38153788 0.034845031797885895 -0.13112468272447586 21.85057544708252
13.401620283 0.03349212929606438 -0.1326807588338852 21.922202110290527
13.421640433 0.032554905861616135 -0.1336914598941803 21.969904899597168
13.441588259 0.031109031289815903 -0.13509710133075714 22.041443824768066
13.461574259 0.030113503336906433 -0.13597337901592255 22.089097023010254
13.481571232 0.028577011078596115 -0.13720260560512543 22.16053295135498
13.501601815 0.027530819177627563 -0.13794954866170883 22.20815372467041
13.521626905 0.02588733285665512 -0.13903634250164032 22.279479026794434
13.541561766 0.024764452129602432 -0.13969500362873077 22.32702350616455
13.561544814 0.02304258942604065 -0.140584297478199 22.398314476013184
13.581569258 0.021864645183086395 -0.1411152184009552 22.44581890106201
13.601615718 0.020056169480085373 -0.1418215110898018 22.517050743103027
13.621616763 0.018789131194353104 -0.1422758549451828 22.564465522766113
13.641644059 0.01686348393559456 -0.14286839216947556 22.63559627532959
13.661569535 0.015550684183835983 -0.14322694391012192 22.682990074157715
13.681557532 0.013561423867940903 -0.14375635981559753 22.754061698913574
13.701621917 0.012229643762111664 -0.14406593143939972 22.801453590393066
13.721985695 0.010205753147602081 -0.1445358768105507 22.872509956359863
13.742635883 0.008852995932102203 -0.1448078453540802 22.919894218444824
13.769076284 0.0068261511623859406 -0.14515533298254013 22.99099063873291
13.788929249 0.0054460372775793076 -0.14537762850522995 23.038384437561035
13.80893082 0.0033677667379379272 -0.14564210921525955 23.109511375427246
13.828929845 0.0019651371985673904 -0.14580389857292175 23.15693187713623
13.848914029 -0.00012103840708732605 -0.1459796205163002 23.228083610534668
13.871571591 -0.0015016142278909683 -0.1460816115140915 23.275507926940918
13.891206551 -0.0035708732903003693 -0.1461993083357811 23.34662914276123
13.911238406 -0.004940405488014221 -0.14623259007930756 23.394055366516113
13.931194336 -0.006975648924708366 -0.14624058455228806 23.46513271331787
13.95127636 -0.008346598595380783 -0.14618168771266937 23.512524604797363
13.971439916 -0.010418357327580452 -0.14600061625242233 23.58362102508545
13.991180555 -0.011812424287199974 -0.14582615345716476 23.63099956512451
14.011165833 -0.01388824824243784 -0.1454765945672989 23.702099800109863
14.031162169 -0.015274529345333576 -0.14519033581018448 23.749506950378418
14.051179794 -0.017359549179673195 -0.14467709511518478 23.820624351501465
14.071259783 -0.0187375177629292 -0.14427921921014786 23.86805820465088
14.091179119 -0.02086838660761714 -0.143569715321064 23.939200401306152
14.111177804 -0.02225938276387751 -0.14304376393556595 23.98666286468506
14.131180743 -0.02440952160395682 -0.14218612015247345 24.057812690734863
14.151192881 -0.02584027743432671 -0.14157875627279282 24.105252265930176
14.171422445 -0.027980273589491844 -0.14061353355646133 24.17642116546631
14.191177752 -0.029413701966404915 -0.13996147364377975 24.223828315734863
14.211175922 -0.0315334009937942 -0.13893354684114456 24.29495334625244
14.231172944 -0.032941156066954136 -0.13822883367538452 24.342358589172363
14.251193745 -0.03505919501185417 -0.13714402168989182 24.413418769836426
14.271257667 -0.03645333833992481 -0.1363895758986473 24.46079730987549
14.291166039 -0.03855869732797146 -0.13524670153856277 24.53180980682373
14.311184814 -0.03995159734040499 -0.1344531551003456 24.579161643981934
14.331179057 -0.0420221071690321 -0.13321922719478607 24.65019702911377
14.351192705 -0.04340643435716629 -0.13238099217414856 24.697535514831543
14.37122437 -0.04542073793709278 -0.13106350600719452 24.76860523223877
14.391183921 -0.04676389507949352 -0.1301596537232399 24.815970420837402
14.411172183 -0.04873953387141228 -0.1287577822804451 24.887043952941895
14.431171432 -0.05004519782960415 -0.12779778242111206 24.93442440032959
14.451181199 -0.05198817141354084 -0.12631500512361526 25.005471229553223
14.47122943 -0.05325610749423504 -0.12529907375574112 25.052851676940918
14.491185093 -0.055137159302830696 -0.12373145669698715 25.123835563659668
14.511164721 -0.05635613389313221 -0.12265992909669876 25.171151161193848
14.531181538 -0.05813323333859444 -0.12101592868566513 25.24211597442627
14.551185783 -0.05928549915552139 -0.11989237368106842 25.28938579559326
14.57140569 -0.06095835193991661 -0.11815188825130463 25.360304832458496
14.591200272 -0.062043096870183945 -0.11694342643022537 25.40756320953369
14.611177295 -0.06364721059799194 -0.11508077383041382 25.47843647003174
14.631171866 -0.064683698117733 -0.11381502449512482 25.525704383850098
14.651225265 -0.06618586927652359 -0.11188040673732758 25.596611976623535
14.671442727 -0.0671469196677208 -0.11057260632514954 25.64391040802002
14.691218486 -0.0685817338526249 -0.10860602557659149 25.714856147766113
14.711151174 -0.06950736418366432 -0.10728318989276886 25.762181282043457
14.731203568 -0.07084924355149269 -0.105281300842762 25.833197593688965
14.75122015 -0.07170714437961578 -0.10395531356334686 25.88052463531494
14.771248538 -0.07292644307017326 -0.10196299850940704 25.951537132263184
14.791193303 -0.07369956374168396 -0.10064063966274261 25.998867988586426
14.811151155 -0.07481188327074051 -0.09868070483207703 26.069844245910645
14.831164197 -0.07551213726401329 -0.09737929701805115 26.117178916931152
14.851202584 -0.07647768780589104 -0.09544655680656433 26.188124656677246
14.871441332 -0.07707122340798378 -0.09416533261537552 26.23543071746826
14.891279255 -0.07788899540901184 -0.09226049482822418 26.306408882141113
14.911173462 -0.07840399071574211 -0.09100692719221115 26.353734016418457
14.931256689 -0.07913113012909889 -0.08915018290281296 26.424735069274902
14.951182702 -0.07959657534956932 -0.08793821930885315 26.472041130065918
14.971255068 -0.08023679256439209 -0.0861312597990036 26.543023109436035
14.991212791 -0.08063110336661339 -0.084942277520895 26.59033489227295
15.0111617 -0.0811610221862793 -0.08320600166916847 26.66129207611084
15.031161544 -0.08147426322102547 -0.0820651687681675 26.708613395690918
15.051165036 -0.08190958946943283 -0.08036723360419273 26.779540061950684
15.07134512 -0.08216826990246773 -0.07924854010343552 26.826828956604004
15.091421288 -0.0825112983584404 -0.07759124785661697 26.897774696350098
15.111167205 -0.0827108770608902 -0.07653186842799187 26.945034980773926
15.131231528 -0.08295421674847603 -0.07494775950908661 27.01594638824463
15.151187286 -0.08308585733175278 -0.0738956555724144 27.06320285797119
15.17140954 -0.08324440196156502 -0.07233061641454697 27.134085655212402
15.19120535 -0.08333353698253632 -0.07129981368780136 27.18125629425049
15.2111834 -0.08343292027711868 -0.06977306306362152 27.251761436462402
15.231201766 -0.08347279950976372 -0.06876873597502708 27.298548698425293
15.25118194 -0.08352328836917877 -0.06723329052329063 27.3681058883667
15.271315271 -0.08352671936154366 -0.06621449068188667 27.41404438018799
15.291197904 -0.08349080756306648 -0.06469728797674179 27.482184410095215
15.311156774 -0.08347344025969505 -0.06368773430585861 27.52693271636963
15.331199533 -0.08341014757752419 -0.06220944970846176 27.593119621276855
15.351176867 -0.08335045725107193 -0.061246782541275024 27.63650608062744
15.371377625 -0.08323826640844345 -0.05981505662202835 27.70039653778076
15.391255305 -0.08314236626029015 -0.058879297226667404 27.74225902557373
15.411167215 -0.0830099955201149 -0.0574275366961956 27.803650856018066
15.431211526 -0.08289468288421631 -0.05649213679134846 27.843886375427246
15.451172059 -0.08275548368692398 -0.05504041910171509 27.902737617492676
15.471613801 -0.08265648782253265 -0.054080868139863014 27.941105842590332
15.491202412 -0.08249819651246071 -0.052656618878245354 27.997361183166504
15.511172146 -0.0824051946401596 -0.051712654531002045 28.03382968902588
15.531203681 -0.0822390504181385 -0.05032195895910263 28.087302207946777
15.55116889 -0.08211755380034447 -0.049394864588975906 28.122029304504395
15.571268766 -0.08190049603581429 -0.047989193350076675 28.172751426696777
15.591295061 -0.08173410594463348 -0.04706544242799282 28.205784797668457
15.611173477 -0.0814727172255516 -0.04564240202307701 28.253891944885254
15.631223267 -0.0812714584171772 -0.04469550400972366 28.28515338897705
15.651280927 -0.08093186095356941 -0.04327794164419174 28.330862998962402
15.671266489 -0.08070340380072594 -0.04230387136340141 28.360400199890137
15.691200609 -0.080323476344347 -0.040898132137954235 28.403815269470215
15.71120478 -0.08010612055659294 -0.03995147906243801 28.431870460510254
15.731212621 -0.07976410537958145 -0.03856424428522587 28.47292995452881
15.751172107 -0.07953505963087082 -0.037645635195076466 28.49954319000244
15.771345742 -0.0791923888027668 -0.03627393953502178 28.53835391998291
15.791217638 -0.07895124703645706 -0.03537872340530157 28.563599586486816
15.811181309 -0.0785515047609806 -0.03406057972460985 28.600272178649902
15.831220724 -0.07827029377222061 -0.03319963486865163 28.624075889587402
15.851204067 -0.07782560586929321 -0.0319349211640656 28.658846855163574
15.871291154 -0.07757431641221046 -0.031084110029041767 28.68128490447998
15.891230384 -0.0771905891597271 -0.029834935907274485 28.71443271636963
15.911165719 -0.07695082575082779 -0.028999751433730125 28.736409187316895
15.931203 -0.07661214098334312 -0.02775058732368052 28.76936435699463
15.951164026 -0.07642922177910805 -0.026935437112115324 28.791380882263184
15.97129362 -0.07633749768137932 -0.025726040526933502 28.82432270050049
15.991200947 -0.07647092640399933 -0.024959011236205697 28.84622097015381
16.011160463 -0.07713919878005981 -0.023865790688432753 28.878783226013184
16.031204347 -0.0779719352722168 -0.023217404261231422 28.90028667449951
16.051188683 -0.07993551716208458 -0.02240794966928661 28.93215274810791
16.071236122 -0.08185779675841331 -0.022016694070771337 28.953017234802246
16.091360908 -0.0856996662914753 -0.021722976118326187 28.983759880065918
16.111182867 -0.08899696916341782 -0.021761774085462093 29.003785133361816
16.131218413 -0.09519970417022705 -0.022254229756072164 29.032986640930176
16.15117574 -0.1001366376876831 -0.022838195553049445 29.051907539367676
16.171253432 -0.10909917205572128 -0.02436759474221617 29.079243659973145
16.191239661 -0.11603328585624695 -0.02578008213367866 29.096854209899902
16.211167146 -0.1279006227850914 -0.02848285250365734 29.122340202331543
16.231276808 -0.13683149963617325 -0.03072767099365592 29.138705253601074
16.251179799 -0.15179641544818878 -0.03477565199136734 29.162257194519043
16.271295467 -0.16299739480018616 -0.038116772659122944 29.17722225189209
16.29123897 -0.18135549128055573 -0.04378132335841656 29.19881534576416
16.311191527 -0.1947464942932129 -0.04811425507068634 29.212578773498535
16.331292384 -0.21658968925476074 -0.055490680038928986 29.232293128967285
16.35116343 -0.23220695555210114 -0.060860805213451385 29.244986534118652
16.371348995 -0.25749683380126953 -0.07009032368659973 29.26303195953369
16.391229506 -0.2754438817501068 -0.07682453468441963 29.274544715881348
16.411209839 -0.30397045612335205 -0.08780302479863167 29.291081428527832
16.431225609 -0.3241773843765259 -0.095995232462883 29.30153751373291
16.451198115 -0.35593804717063904 -0.10909025371074677 29.316641807556152
16.471317133 -0.3781397342681885 -0.11856161803007126 29.32626438140869
16.491264417 -0.41279417276382446 -0.13361327350139618 29.340195655822754
16.511190915 -0.4368305504322052 -0.14442399889230728 29.34910297393799
16.531217467 -0.4742422103881836 -0.16185658425092697 29.361947059631348
16.551160879 -0.49999183416366577 -0.1741185560822487 29.370232582092285
16.571294556 -0.5399250388145447 -0.1940077319741249 29.382149696350098
16.591223121 -0.5672961473464966 -0.2080160602927208 29.38984775543213
16.611188397 -0.6094079613685608 -0.23019324988126755 29.401055335998535
16.631212424 -0.6382272243499756 -0.24602361768484116 29.408238410949707
16.651206365 -0.6823592185974121 -0.2708210274577141 29.418747901916504
16.67126016 -0.7123929858207703 -0.2882165089249611 29.42558002471924
16.691256337 -0.7583125233650208 -0.3155520334839821 29.435616493225098
16.711175376 -0.7894272804260254 -0.3344695642590523 29.442208290100098
16.731268789 -0.8369624018669128 -0.36421192437410355 29.45185947418213
16.751179494 -0.8690599799156189 -0.3845736160874367 29.458210945129395
16.771259011 -0.9179173111915588 -0.41640395671129227 29.46749973297119
16.791239379 -0.9509109854698181 -0.438265360891819 29.473607063293457
16.811175269 -1.0010038614273071 -0.47197509557008743 29.482659339904785
16.831260057 -1.034835696220398 -0.49514246731996536 29.48857593536377
16.851218863 -1.0861212015151978 -0.5305776074528694 29.49733066558838
16.871236068 -1.1206966638565063 -0.5546901300549507 29.503087043762207
16.891273398 -1.155583381652832 -0.5791326239705086 29.50877857208252
16.911176036 -1.2084656953811646 -0.616315133869648 29.517212867736816
16.931182038 -1.262054443359375 -0.65411526709795 29.525452613830566
16.951196125 -1.2981358766555786 -0.6795352175831795 29.530945777893066
16.971380755 -1.3527905941009521 -0.7179148867726326 29.539082527160645
16.991189653 -1.3896156549453735 -0.7436526492238045 29.544384956359863
17.011163348 -1.4453212022781372 -0.7822732999920845 29.55232334136963
17.031201629 -1.4827818870544434 -0.808091051876545 29.557469367980957
17.051162949 -1.5394456386566162 -0.8467271402478218 29.565091133117676
17.07128288 -1.5775353908538818 -0.8724021390080452 29.570076942443848
17.091251409 -1.6351251602172852 -0.9107155874371529 29.57741641998291
17.111167768 -1.6738383769989014 -0.936083622276783 29.58225727081299
17.131181433 -1.732340693473816 -0.9738145545125008 29.58935260772705
17.151184952 -1.7716631889343262 -0.9987331703305244 29.59404468536377
17.171280695 -1.8311299085617065 -1.035717137157917 29.600979804992676
17.191241039 -1.87108314037323 -1.0600568130612373 29.60550022125244
17.211176866 -1.931493878364563 -1.096093900501728 29.61222553253174
17.231176314 -1.9720693826675415 -1.1197867467999458 29.616639137268066
17.251173414 -2.033362865447998 -1.1547832563519478 29.623230934143066
17.2712188 -2.0745294094085693 -1.177754171192646 29.62757968902588
17.291390252 -2.136674165725708 -1.2116428688168526 29.63398838043213
17.311201515 -2.1783902645111084 -1.2338637188076973 29.63820743560791
17.331193055 -2.241255521774292 -1.2665796354413033 29.644421577453613
17.351158336 -2.2834160327911377 -1.2879995182156563 29.648533821105957
17.371211234 -2.3470187187194824 -1.3195465877652168 29.654622077941895
17.391200888 -2.3896067142486572 -1.3401646688580513 29.658642768859863
17.411176736 -2.4538590908050537 -1.3705248907208443 29.664647102355957
17.431171628 -2.496901273727417 -1.3903665617108345 29.668587684631348
17.451152577 -2.5617408752441406 -1.41953993588686 29.674439430236816
17.471232102 -2.6051599979400635 -1.4386621788144112 29.678296089172363
17.491198751 -2.6704747676849365 -1.4667725637555122 29.683995246887207
17.511201887 -2.714191436767578 -1.4851788356900215 29.687752723693848
17.531193932 -2.780012369155884 -1.5123021677136421 29.6932954788208
17.551195491 -2.8240299224853516 -1.5300906971096992 29.696938514709473
17.571238567 -2.890270471572876 -1.5563125684857368 29.70231342315674
17.591241631 -2.934459686279297 -1.5734829977154732 29.70580005645752
17.611211141 -3.0009186267852783 -1.5988752916455269 29.71095371246338
17.631184209 -3.0452797412872314 -1.6155585125088692 29.714322090148926
17.651319522 -3.1118743419647217 -1.6402287557721138 29.719273567199707
17.67116197 -3.156372308731079 -1.6564546898007393 29.722538948059082
17.691409905 -3.223025321960449 -1.680532582104206 29.727330207824707
17.711235881 -3.267524242401123 -1.6963913515210152 29.730496406555176
17.731166833 -3.3343610763549805 -1.7199066951870918 29.735177040100098
17.751194971 -3.378883123397827 -1.7353835180401802 29.738255500793457
17.771205185 -3.4457898139953613 -1.7583565786480904 29.74282169342041
17.79122944 -3.4904215335845947 -1.7734932973980904 29.74583911895752
17.811255254 -3.5574848651885986 -1.7959592416882515 29.75034809112549
17.831142372 -3.6021926403045654 -1.8107976987957954 29.753300666809082
17.851246486 -3.6692821979522705 -1.8328558281064034 29.75761127471924
17.871209787 -3.7140848636627197 -1.847436435520649 29.76045322418213
17.891342633 -3.781270742416382 -1.8691481426358223 29.764599800109863
17.9111955 -3.8261144161224365 -1.883520133793354 29.76731586456299
17.931161177 -3.8934590816497803 -1.9049261882901192 29.77132511138916
17.951241834 -3.93833589553833 -1.919113166630268 29.77394962310791
17.971165523 -4.00574254989624 -1.9402754381299019 29.77785587310791
17.991413303 -4.050687074661255 -1.9543083980679512 29.78042697906494
18.011204825 -4.118126153945923 -1.9752222374081612 29.784234046936035
18.031152835 -4.1631505489349365 -1.9890821054577827 29.786751747131348
18.051171628 -4.230665922164917 -2.0097333267331123 29.79054355621338
18.071159018 -4.275790452957153 -2.023426778614521 29.79306125640869
18.091384085 -4.343384504318237 -2.043832190334797 29.796807289123535
18.111193774 -4.388476133346558 -2.0573693588376045 29.799275398254395
18.131164633 -4.456156492233276 -2.077577717602253 29.802918434143066
18.151185054 -4.501228094100952 -2.0909715965390205 29.805306434631348
18.171149645 -4.568930387496948 -2.1109584644436836 29.80886173248291
18.191697486 -4.614079236984253 -2.1242052391171455 29.811211585998535
18.21119088 -4.681811571121216 -2.143988974392414 29.814702033996582
18.231160475 -4.727024793624878 -2.157127507030964 29.81701374053955
18.251194157 -4.794790029525757 -2.1767355278134346 29.820515632629395
18.271154142 -4.839990854263306 -2.189760096371174 29.822819709777832
18.29122695 -4.907829523086548 -2.2092291191220284 29.826260566711426
18.311229108 -4.952986001968384 -2.2221659496426582 29.828511238098145
18.33120362 -5.020882844924927 -2.2415140941739082 29.831856727600098
18.351222515 -5.066026449203491 -2.2543789222836494 29.83407688140869
18.371159622 -5.133801698684692 -2.273627646267414 29.837342262268066
18.39126207 -5.178961992263794 -2.286426432430744 29.83945941925049
18.411203406 -5.2467076778411865 -2.305618889629841 29.842564582824707
18.431179859 -5.291928052902222 -2.318398840725422 29.844605445861816
18.451217813 -5.359728574752808 -2.3375932052731514 29.847603797912598
18.471168319 -5.404975175857544 -2.3503733947873116 29.849560737609863
18.49121256 -5.4729087352752686 -2.3695222213864326 29.852490425109863
18.51117226 -5.518183469772339 -2.382263071835041 29.85441303253174
18.531197157 -5.586195707321167 -2.4013425186276436 29.857243537902832
18.551200898 -5.6315672397613525 -2.4140518978238106 29.859124183654785
18.571158915 -5.69969916343689 -2.433114178478718 29.86189365386963
18.591255264 -5.745192289352417 -2.445810444653034 29.863728523254395
18.611174097 -5.813492059707642 -2.4648653343319893 29.86643695831299
18.631149635 -5.859089136123657 -2.477566607296467 29.868210792541504
18.651263168 -5.927477598190308 -2.4965900257229805 29.870800971984863
18.67117174 -5.9731199741363525 -2.509244330227375 29.872498512268066
18.691493346 -6.0416529178619385 -2.5281950309872627 29.87501621246338
18.711470642 -6.087337255477905 -2.54078758507967 29.876641273498535
18.73115975 -6.155957460403442 -2.5596441105008125 29.87902545928955
18.751195776 -6.201740503311157 -2.5721868351101875 29.880593299865723
18.771143679 -6.270461797714233 -2.590949662029743 29.88286304473877
18.791289533 -6.316331624984741 -2.6034394577145576 29.884358406066895
18.811348163 -6.385138273239136 -2.6221393421292305 29.88652515411377
18.831139107 -6.431049585342407 -2.6346112564206123 29.88793659210205
18.85125572 -6.499975919723511 -2.653324969112873 29.890103340148926
18.871145918 -6.545947790145874 -2.6658033207058907 29.89151096343994
18.891401681 -6.614940881729126 -2.684525616466999 29.893589973449707
18.911192755 -6.660871267318726 -2.697007544338703 29.894917488098145
18.931165495 -6.7298362255096436 -2.7157386615872383 29.896859169006348
18.951247787 -6.775831460952759 -2.728233940899372 29.89817523956299
18.971172574 -6.84483790397644 -2.7469841316342354 29.900078773498535
18.991256595 -6.890882730484009 -2.759484179317951 29.90133762359619
19.011247998 -6.959907293319702 -2.7782808616757393 29.903149604797363
19.031172015 -7.005951642990112 -2.7908314540982246 29.904316902160645
19.051221382 -7.0750572681427 -2.809687979519367 29.90603733062744
19.071152867 -7.1211278438568115 -2.8223255947232246 29.907124519348145
19.091423758 -7.19031834602356 -2.8412937000393867 29.908703804016113
19.111184865 -7.236480474472046 -2.853968508541584 29.90971851348877
19.131164818 -7.305797815322876 -2.8730074241757393 29.911213874816895
19.151190782 -7.352039098739624 -2.8857380226254463 29.912198066711426
19.17113886 -7.42144513130188 -2.90490210801363 29.913613319396973
19.191479652 -7.46776270866394 -2.917696602642536 29.91454029083252
19.211229063 -7.537259340286255 -2.936978228390217 29.915871620178223
19.231166659 -7.583629369735718 -2.9498466327786446 29.91674518585205
19.251207757 -7.653239488601685 -2.969176657497883 29.91805362701416
19.271160278 -7.699676275253296 -2.9820798709988594 29.918896675109863
19.291267712 -7.76940655708313 -3.001419670879841 29.920178413391113
19.311210807 -7.815933465957642 -3.014307387173176 29.921025276184082
19.331193461 -7.885807275772095 -3.0336037948727608 29.922276496887207
19.351213513 -7.9324424266815186 -3.046454079449177 29.923142433166504
19.371137122 -8.002475023269653 -3.0657032802700996 29.924412727355957
19.39128639 -8.049212217330933 -3.0785292461514473 29.92529010772705
19.411195648 -8.119335889816284 -3.097740299999714 29.92663288116455
19.431206882 -8.166100263595581 -3.1105378940701485 29.92752170562744
19.451255324 -8.236271619796753 -3.129718668758869 29.928845405578613
19.471162503 -8.283013105392456 -3.1424921825528145 29.929699897766113
19.491361509 -8.353171110153198 -3.1616553142666817 29.931015968322754
19.511219546 -8.399959325790405 -3.174433596432209 29.931889533996582
19.53119298 -8.470144033432007 -3.1936212852597237 29.9331636428833
19.551195331 -8.51695704460144 -3.2064174488186836 29.9340181350708
19.571156141 -8.587125539779663 -3.22562063485384 29.935250282287598
19.591494776 -8.633910894393921 -3.2384229972958565 29.93608570098877
19.61120472 -8.704097509384155 -3.257631428539753 29.93734836578369
19.63116477 -8.750898122787476 -3.270411618053913 29.93814182281494
19.651354208 -8.821162939071655 -3.289573796093464 29.93935489654541
19.671217154 -8.86800742149353 -3.3023129776120186 29.940110206604004
19.691341708 -8.93831992149353 -3.321412928402424 29.94124698638916
19.711202456 -8.985214948654175 -3.3341354206204414 29.94198703765869
19.73118266 -9.055576086044312 -3.3531829193234444 29.943074226379395
19.751212966 -9.10250735282898 -3.3658710792660713 29.943821907043457
19.771120501 -9.172905683517456 -3.3848956897854805 29.94493579864502
19.791268204 -9.21985125541687 -3.3975697830319405 29.94571018218994
19.811218043 -9.290286779403687 -3.416572220623493 29.946904182434082
19.831148035 -9.337260007858276 -3.429231770336628 29.947731971740723
19.851332564 -9.407739400863647 -3.4482132270932198 29.949048042297363
19.871159714 -9.454720258712769 -3.460857279598713 29.949944496154785
19.891476221 -9.525212049484253 -3.4798218086361885 29.95134449005127
19.911218748 -9.572228193283081 -3.4924653843045235 29.95228672027588
19.931151836 -9.642755270004272 -3.5114244297146797 29.953682899475098
19.951419298 -9.689788579940796 -3.524066098034382 29.954598426818848
19.971157736 -9.760284185409546 -3.543004162609577 29.955941200256348
19.991233803 -9.80728793144226 -3.5556174591183662 29.95683765411377
20.011385541 -9.877800703048706 -3.5745204761624336 29.958176612854004
20.031149934 -9.924781560897827 -3.5870913341641426 29.95908832550049
20.051200615 -9.995270490646362 -3.6059318855404854 29.96049976348877
20.071154325 -10.04226279258728 -3.6184629276394844 29.96144199371338
20.091300794 -10.112765073776245 -3.6372250393033028 29.96286106109619
20.111263444 -10.159784078598022 -3.6497274711728096 29.96379566192627
20.131175552 -10.230326414108276 -3.668425925076008 29.96520709991455
20.151209824 -10.277357816696167 -3.6808766201138496 29.96621036529541
20.171152716 -10.347906827926636 -3.699535734951496 29.967686653137207
20.191276787 -10.39493441581726 -3.7119637802243233 29.968667030334473
20.211279355 -10.465472936630249 -3.7305888012051582 29.97012424468994
20.231221564 -10.512444257736206 -3.7429586723446846 29.971081733703613
20.251252579 -10.582903623580933 -3.7615221813321114 29.972477912902832
20.271195051 -10.629860639572144 -3.7738944366574287 29.973389625549316
20.291333909 -10.700283765792847 -3.792454607784748 29.974751472473145
20.311247355 -10.747237920761108 -3.804837353527546 29.97563648223877
20.331159917 -10.817695379257202 -3.8234332874417305 29.976963996887207
20.35134935 -10.864695310592651 -3.8358346298336983 29.97782611846924
20.371191009 -10.93523383140564 -3.854444868862629 29.979104042053223
20.391256466 -10.982283353805542 -3.866860993206501 29.979985237121582
20.411240499 -11.05286955833435 -3.885490544140339 29.98128604888916
20.431194429 -11.0999276638031 -3.897904522716999 29.982155799865723
20.451211356 -11.170509099960327 -3.9165114238858223 29.983532905578613
20.471191262 -11.217543363571167 -3.9288832023739815 29.984421730041504
20.491284302 -11.288072347640991 -3.9474145248532295 29.98571491241455
20.511238501 -11.335092306137085 -3.9597696140408516 29.986546516418457
20.531239804 -11.405604124069214 -3.978237994015217 29.987732887268066
20.551177574 -11.452623128890991 -3.9905291870236397 29.98854160308838
20.571152584 -11.523171186447144 -4.00893510133028 29.989689826965332
20.591294032 -11.570194005966187 -4.0211635902523994 29.990464210510254
20.611205573 -11.640745878219604 -4.039522536098957 29.991612434387207
20.631227814 -11.687792539596558 -4.051760084927082 29.99235248565674
20.651245106 -11.758385419845581 -4.070118315517902 29.993504524230957
20.671188276 -11.805458784103394 -4.082369215786457 29.994236946105957
20.691403364 -11.876096487045288 -4.100781328976154 29.995320320129395
20.711224008 -11.923198461532593 -4.11307705193758 29.996018409729004
20.731184417 -11.99387526512146 -4.131504900753498 29.997010231018066
20.751200818 -12.041015386581421 -4.1438115909695625 29.997624397277832
20.771164062 -12.11175799369812 -4.1623028591275215 29.998486518859863
20.791270464 -12.158962965011597 -4.174633391201496 29.999035835266113
20.811293749 -12.229804754257202 -4.193142779171467 29.999825477600098
20.831216092 -12.277072668075562 -4.20547903329134 30.000309944152832
20.851173511 -12.348053693771362 -4.223977454006672 30.00105381011963
20.871211273 -12.395399808883667 -4.236319430172443 30.0015230178833
20.891262569 -12.46653151512146 -4.254850752651691 30.002171516418457
20.911201208 -12.514008283615112 -4.267224200069904 30.002575874328613
20.931189367 -12.585298299789429 -4.285814173519611 30.003148078918457
20.951197047 -12.632908582687378 -4.298234827816486 30.00352954864502
20.971168082 -12.704310178756714 -4.316898711025715 30.004067420959473
20.991276175 -12.751954793930054 -4.329349882900715 30.004399299621582
21.011259718 -12.823428869247437 -4.348059542477131 30.004868507385254
21.03124185 -12.871098279953003 -4.360553152859211 30.005166053771973
21.051185874 -12.942638158798218 -4.379297144711018 30.005566596984863
21.071175148 -12.990334272384644 -4.391806490719318 30.00581455230713
21.091239289 -13.061952352523804 -4.410527594387531 30.00619602203369
21.111182495 -13.10972285270691 -4.423015005886555 30.00644016265869
21.131189966 -13.181415319442749 -4.441756136715412 30.006768226623535
21.151211137 -13.229286909103394 -4.454236872494221 30.00695514678955
21.171162988 -13.301122426986694 -4.472963221371174 30.007206916809082
21.191250693 -13.349068403244019 -4.485431082546711 30.007325172424316
21.211188001 -13.421053647994995 -4.504119761288166 30.007439613342285
21.231173209 -13.469050168991089 -4.51658571511507 30.007508277893066
21.25115326 -13.541064977645874 -4.535269148647785 30.007596015930176
21.271193431 -13.589067220687866 -4.547729857265949 30.007649421691895
21.291290805 -13.661091566085815 -4.566399939358234 30.007702827453613
21.311240984 -13.709110975265503 -4.578847773373127 30.00773334503174
21.331179973 -13.781150579452515 -4.597519285976887 30.00777530670166
21.35117656 -13.829210042953491 -4.609919436275959 30.007798194885254
21.371193242 -13.901288747787476 -4.628520376980305 30.00783634185791
21.391196862 -13.9493567943573 -4.640903361141682 30.007866859436035
21.411247404 -14.021487951278687 -4.659452326595783 30.007927894592285
21.431170792 -14.069565534591675 -4.6718219593167305 30.00796604156494
21.45117376 -14.141717672348022 -4.6903203800320625 30.00809955596924
21.471153869 -14.189814329147339 -4.702656634151936 30.008187294006348
21.491253553 -14.261942625045776 -4.721166975796223 30.00832462310791
21.512318736 -14.31000304222107 -4.73349941521883 30.008423805236816
21.532246651 -14.382060766220093 -4.7519868686795235 30.008584022521973
21.552270907 -14.43009638786316 -4.764277823269367 30.008694648742676
21.572263185 -14.502119779586792 -4.782728083431721 30.008851051330566
21.592350816 -14.550131559371948 -4.795020945370197 30.00896167755127
21.612308255 -14.622124433517456 -4.813448794186115 30.00911045074463
21.632229342 -14.67009425163269 -4.825743086636066 30.00919818878174
21.652477525 -14.742037534713745 -4.844154246151447 30.009297370910645
21.672238208 -14.789985418319702 -4.856438525021076 30.009350776672363
21.692423199 -14.861884832382202 -4.87488067895174 30.009465217590332
21.712362836 -14.909825086593628 -4.8871539905667305 30.009549140930176
21.73226027 -14.981699705123901 -4.905578024685383 30.00967502593994
21.75230568 -15.02960467338562 -4.917852766811848 30.009778022766113
21.772243675 -15.10142207145691 -4.936275847256184 30.009926795959473
21.792387664 -15.14928412437439 -4.948546774685383 30.01002597808838
21.812609385 -15.221081495285034 -4.9669622257351875 30.010186195373535
21.832260628 -15.268930196762085 -4.979257948696613 30.010293006896973
21.852399403 -15.340753316879272 -4.997698672115803 30.010502815246582
21.872243202 -15.38862681388855 -5.010015852749348 30.010628700256348
21.892358442 -15.460424184799194 -5.028527624905109 30.010807991027832
21.912325818 -15.508300542831421 -5.040890105068684 30.01091480255127
21.932252743 -15.580096006393433 -5.059472925961018 30.011052131652832
21.952284361 -15.627973318099976 -5.071882613003254 30.011128425598145
21.972250034 -15.699816465377808 -5.090508826076984 30.011216163635254
21.992399391 -15.747697591781616 -5.102942354977131 30.01127338409424
22.012338305 -15.819505453109741 -5.121599562466145 30.011338233947754
22.032277164 -15.867340803146362 -5.134063608944416 30.011387825012207
22.052287197 -15.939086675643921 -5.152706034481525 30.011509895324707
22.072260055 -15.986898183822632 -5.16512954980135 30.011590003967285
22.092403845 -16.058587789535522 -5.183762438595295 30.011780738830566
22.11234658 -16.1064031124115 -5.196168787777424 30.01189136505127
22.132269004 -16.178096532821655 -5.214817889034748 30.012032508850098
22.152272164 -16.225888967514038 -5.227276213467121 30.012131690979004
22.172242492 -16.297549962997437 -5.24599827080965 30.012261390686035
22.192368108 -16.345292806625366 -5.258501417934895 30.012337684631348
22.212418143 -16.416890859603882 -5.277349837124348 30.01240634918213
22.232244685 -16.464601278305054 -5.289959795773029 30.01243305206299
22.252283554 -16.536134481430054 -5.308936960995197 30.012452125549316
22.272300226 -16.583808660507202 -5.321658976376057 30.012425422668457
22.292342149 -16.65526556968689 -5.340765841305256 30.01237964630127
22.312317582 -16.70286726951599 -5.353547461330891 30.012288093566895
22.332249859 -16.774232625961304 -5.372746832668781 30.012158393859863
22.352286768 -16.82179045677185 -5.385568030178547 30.012093544006348
22.372240631 -16.893134832382202 -5.404816038906574 30.011982917785645
22.392359633 -16.940681219100952 -5.41766107827425 30.011914253234863
22.412299988 -17.01198172569275 -5.436894781887531 30.011773109436035
22.432266688 -17.059491872787476 -5.449721224606037 30.011693000793457
22.45226952 -17.13072943687439 -5.4689692333340645 30.01157855987549
22.472238204 -17.178210973739624 -5.481765158474445 30.011509895324707
22.492316242 -17.249398946762085 -5.500955946743488 30.011448860168457
22.512335162 -17.296844244003296 -5.513729460537434 30.01142978668213
22.532317489 -17.36802840232849 -5.532867796719074 30.011418342590332
22.552248108 -17.415469884872437 -5.5456293895840645 30.011460304260254
22.572242423 -17.486594915390015 -5.5647381618618965 30.011536598205566
22.592282126 -17.533986806869507 -5.577475436031818 30.01161289215088
22.612310871 -17.60508131980896 -5.596523649990559 30.011765480041504
22.632269815 -17.652463674545288 -5.609209425747395 30.011876106262207
22.65235819 -17.723521947860718 -5.628218539059162 30.012070655822754
22.67226089 -17.770898580551147 -5.640839941799641 30.012200355529785
22.692278319 -17.841930150985718 -5.659778006374836 30.012455940246582
22.712308094 -17.889270544052124 -5.672390349209309 30.012646675109863
22.732292479 -17.960290670394897 -5.691336043179035 30.01292896270752
22.752266415 -18.007623434066772 -5.7039851024746895 30.013123512268066
22.77225761 -18.07863211631775 -5.7229412868618965 30.01342487335205
22.792312065 -18.125959157943726 -5.735588915646076 30.013638496398926
22.812324463 -18.19692587852478 -5.754576571285725 30.013989448547363
22.832255917 -18.244212865829468 -5.767247565090656 30.014229774475098
22.852339737 -18.31510901451111 -5.786272414028645 30.014573097229004
22.872266172 -18.36235022544861 -5.799009211361408 30.01482105255127
22.892265209 -18.433162450790405 -5.818151839077473 30.01522922515869
22.912370503 -18.48033881187439 -5.830943949520588 30.015522956848145
22.932272875 -18.55105185508728 -5.850152380764484 30.015976905822754
22.952260684 -18.59816336631775 -5.862975008785725 30.01633930206299
22.972266124 -18.668826818466187 -5.882259257137775 30.016907691955566
22.992245718 -18.71591544151306 -5.895135290920734 30.01729679107666
23.012471323 -18.78652548789978 -5.914480097591877 30.017888069152832
23.032252701 -18.833568334579468 -5.92742670327425 30.018315315246582
23.052296144 -18.904081106185913 -5.946864493191242 30.018990516662598
23.072263544 -18.95105528831482 -5.959829695522785 30.01945972442627
23.092260612 -19.021466970443726 -5.979299910366535 30.020161628723145
23.112279564 -19.06837248802185 -5.99229372292757 30.02064609527588
23.132239107 -19.138667821884155 -6.011767752468586 30.021397590637207
23.152295253 -19.185502767562866 -6.02475393563509 30.021878242492676
23.172239697 -19.25568175315857 -6.044229872524738 30.022622108459473
23.192255542 -19.302451848983765 -6.057222731411457 30.023125648498535
23.212346442 -19.37258505821228 -6.0767291858792305 30.02388858795166
23.232259877 -19.419341802597046 -6.0897368267178535 30.024415016174316
23.252284931 -19.4894540309906 -6.109280474483967 30.02517032623291
23.272254356 -19.536182165145874 -6.122336752712727 30.02566623687744
23.292304947 -19.60625433921814 -6.14195478707552 30.026413917541504
23.312579844 -19.652950048446655 -6.155050165951252 30.026890754699707
23.332264377 -19.723003149032593 -6.174747832119465 30.027600288391113
23.352288089 -19.76968741416931 -6.18789280205965 30.028042793273926
23.372243622 -19.83974051475525 -6.207632906734943 30.02866840362549
23.392291922 -19.886443853378296 -6.220788843929768 30.029080390930176
23.413107201 -19.956493139266968 -6.2405194118618965 30.029690742492676
23.432310234 -20.003211736679077 -6.253692992031574 30.03007984161377
23.452287717 -20.07327437400818 -6.273474581539631 30.03065586090088
23.47226822 -20.11997961997986 -6.286681540310383 30.031014442443848
23.492270047 -20.19005560874939 -6.306507475674152 30.031567573547363
23.512318895 -20.236766576766968 -6.319737799465656 30.031926155090332
23.532276567 -20.306894063949585 -6.339607127010822 30.032464027404785
23.552259398 -20.353645086288452 -6.3528593853116035 30.03280735015869
23.572241962 -20.42377257347107 -6.372747786343098 30.033291816711426
23.592262299 -20.47054648399353 -6.386041529476643 30.033616065979004
23.612293055 -20.54067587852478 -6.405997641384602 30.03407382965088
23.632241116 -20.587453603744507 -6.419325239956379 30.03437900543213
23.652395365 -20.65761923789978 -6.439333327114582 30.034871101379395
23.672228417 -20.704414129257202 -6.452683813869953 30.03518772125244
23.692263277 -20.774617910385132 -6.472704775631428 30.035649299621582
23.713063118 -20.82141661643982 -6.486055262386799 30.035935401916504
23.732277022 -20.891671895980835 -6.506049044430256 30.036351203918457
23.75227045 -20.938504934310913 -6.519372828304768 30.036595344543457
23.772301967 -21.008748769760132 -6.5393499210476875 30.03691577911377
23.792257912 -21.055600881576538 -6.552657015621662 30.037114143371582
23.812296694 -21.12585997581482 -6.572621233761311 30.03736972808838
23.832253043 -21.172696828842163 -6.585926897823811 30.03749942779541
23.852295028 -21.242976903915405 -6.60584581643343 30.037739753723145
23.872284612 -21.289823293685913 -6.619117625057697 30.037861824035645
23.892272779 -21.360124349594116 -6.638970740139484 30.03798770904541
23.912488198 -21.40698790550232 -6.6521943882107735 30.038044929504395
23.93228268 -21.47733473777771 -6.671960242092609 30.038025856018066
23.952247175 -21.524224996566772 -6.68512237817049 30.03798770904541
23.972305351 -21.59454894065857 -6.704842455685139 30.03786563873291
23.992282373 -21.641446828842163 -6.717983610928059 30.037697792053223
24.012442083 -21.711780309677124 -6.737705118954182 30.037392616271973
24.032274869 -21.758676290512085 -6.750851519405842 30.037148475646973
24.052252072 -21.829023122787476 -6.770575888454914 30.036751747131348
24.072266391 -21.875913381576538 -6.783732779324055 30.036473274230957
24.092239626 -21.9462411403656 -6.803491480648518 30.03596591949463
24.112313422 -21.993119955062866 -6.816671259701252 30.03561496734619
24.132308397 -22.0634286403656 -6.836451895534992 30.03505802154541
24.152246656 -22.110280752182007 -6.849631674587727 30.034626960754395
24.172272145 -22.18052840232849 -6.869391806423664 30.033974647521973
24.192278733 -22.227344274520874 -6.882521040737629 30.03353977203369
24.212323934 -22.29753851890564 -6.902217276394367 30.032933235168457
24.23234902 -22.344321966171265 -6.915337927639484 30.032536506652832
24.252254941 -22.414472341537476 -6.935021288692951 30.03197193145752
24.272321884 -22.46122145652771 -6.9481514766812325 30.03161334991455
24.292252887 -22.531347036361694 -6.96785581856966 30.03109073638916
24.312323995 -22.578115224838257 -6.981006510555744 30.030762672424316
24.332300153 -22.64829421043396 -7.000753290951252 30.030308723449707
24.352270761 -22.695138692855835 -7.013907797634602 30.0300874710083
24.372285909 -22.765405416488647 -7.033637888729572 30.029793739318848
24.392295836 -22.812278509140015 -7.046779043972492 30.029648780822754
24.412293296 -22.882585287094116 -7.066469080746174 30.029484748840332
24.432303489 -22.92947745323181 -7.079557783901691 30.02940845489502
24.452229925 -22.999841451644897 -7.099147208034992 30.029362678527832
24.472378523 -23.046748876571655 -7.112198241055012 30.029351234436035
24.492310131 -23.117149114608765 -7.131714232265949 30.029431343078613
24.512472892 -23.164085149765015 -7.144714243710041 30.02951145172119
24.532300952 -23.234494924545288 -7.164199240505695 30.029664039611816
24.552251019 -23.28147864341736 -7.177180655300617 30.029812812805176
24.572276999 -23.35193419456482 -7.196663744747639 30.03002643585205
24.59228818 -23.398908376693726 -7.209657080471516 30.03018283843994
24.612454825 -23.469362020492554 -7.2291554287076 30.03042697906494
24.632322538 -23.5163152217865 -7.2421625927090645 30.030583381652832
24.652286629 -23.58671736717224 -7.261697180569172 30.03090000152588
24.672273419 -23.633624792099 -7.274729140102863 30.031094551086426
24.692265798 -23.703925848007202 -7.29426134377718 30.03139591217041
24.712363227 -23.75076460838318 -7.307276137173176 30.03158664703369
24.732295121 -23.820977926254272 -7.326787360012531 30.031861305236816
24.752246463 -23.867767095565796 -7.339792616665363 30.032036781311035
24.772278166 -23.9379403591156 -7.359326250851154 30.03226947784424
24.792228419 -23.984721899032593 -7.372368223965168 30.032402992248535
24.812383038 -24.054906606674194 -7.391972906887531 30.03257465362549
24.832319773 -24.10169005393982 -7.405062086880207 30.03267765045166
24.852285405 -24.171951055526733 -7.424739249050617 30.03286075592041
24.872281797 -24.218801259994507 -7.437874682247639 30.032971382141113
24.892262887 -24.289090871810913 -7.457603819668293 30.033135414123535
24.912354218 -24.336005926132202 -7.470783121883869 30.033223152160645
24.932278981 -24.406333684921265 -7.490569479763508 30.033337593078613
24.952224687 -24.453254461288452 -7.503774531185627 30.03341007232666
24.97231478 -24.523631811141968 -7.523603327572346 30.03349781036377
24.992240292 -24.570560216903687 -7.536839850246906 30.033562660217285
25.012473742 -24.640992879867554 -7.556730635464191 30.03368854522705
25.032275987 -24.6879460811615 -7.570009119808674 30.03376865386963
25.052258238 -24.75845694541931 -7.58994997292757 30.033947944641113
25.072350674 -24.805484533309937 -7.603265173733234 30.03405475616455
25.092295452 -24.876054525375366 -7.623266585171223 30.034207344055176
25.112371055 -24.923158407211304 -7.636613734066486 30.034310340881348
25.132266404 -24.993791341781616 -7.65665090829134 30.034459114074707
25.152245289 -25.04087996482849 -7.6700214222073555 30.034539222717285
25.172307154 -25.111547231674194 -7.690077669918537 30.034672737121582
25.19225062 -25.158651113510132 -7.703453429043293 30.034764289855957
25.212353474 -25.229303121566772 -7.723492033779621 30.034947395324707
25.232318525 -25.276382207870483 -7.736848719418049 30.035069465637207
25.252270027 -25.34701132774353 -7.756847746670246 30.03532886505127
25.272386574 -25.39409041404724 -7.770183451473713 30.035500526428223
25.292265718 -25.464698553085327 -7.790189631283283 30.035740852355957
25.31237124 -25.51175284385681 -7.803523905575275 30.03587818145752
25.332313334 -25.582299947738647 -7.823542959988117 30.03606128692627
25.352254367 -25.62931990623474 -7.83690107613802 30.03616428375244
25.372285036 -25.699849843978882 -7.8569487407803535 30.036290168762207
25.392245568 -25.74685263633728 -7.870322115719318 30.03637409210205
25.41237255 -25.817386388778687 -7.890380747616291 30.036465644836426
25.432277504 -25.864404439926147 -7.9037555530667305 30.036503791809082
25.452263599 -25.934924840927124 -7.923819430172443 30.036564826965332
25.472302987 -25.98192572593689 -7.937199003994465 30.036595344543457
25.492238141 -26.052404165267944 -7.9572728946805 30.036625862121582
25.512383561 -26.09940505027771 -7.970631964504719 30.03664493560791
25.532311847 -26.169896841049194 -7.9906624630093575 30.036648750305176
25.552252943 -26.21690344810486 -8.003998644649982 30.036641120910645
25.572316346 -26.28744101524353 -8.023979552090168 30.03657627105713
25.592251421 -26.33445715904236 -8.037297137081623 30.03651523590088
25.612376398 -26.405040502548218 -8.057259447872639 30.036389350891113
25.632366787 -26.452083349227905 -8.070549853146076 30.036293983459473
25.652363493 -26.522620916366577 -8.09045971184969 30.03609561920166
25.672347601 -26.5696542263031 -8.103695757687092 30.035935401916504
25.692237636 -26.640157461166382 -8.12355125695467 30.03568744659424
25.712390531 -26.68713355064392 -8.136779673397541 30.035515785217285
25.732297613 -26.757537603378296 -8.15662182122469 30.035252571105957
25.75226487 -26.804424047470093 -8.169836886227131 30.035080909729004
25.772304651 -26.874696493148804 -8.189614184200764 30.034810066223145
25.792231298 -26.921510457992554 -8.202790148556232 30.03465747833252
25.812444498 -26.99169898033142 -8.222498781979084 30.034417152404785
25.832358036 -27.038463354110718 -8.235620386898518 30.034249305725098
25.852287811 -27.10857367515564 -8.255281336605549 30.0339937210083
25.872287987 -27.15531325340271 -8.268324740231037 30.033806800842285
25.892251806 -27.22540831565857 -8.287879832088947 30.03355884552002
25.912380832 -27.272149801254272 -8.300887949764729 30.033406257629395
25.932300193 -27.34228491783142 -8.320367701351643 30.033204078674316
25.952263859 -27.389034032821655 -8.333351977169514 30.033089637756348
25.972274212 -27.45916724205017 -8.352805025875568 30.032937049865723
25.99226091 -27.50589346885681 -8.365791209042072 30.032849311828613
26.012334854 -27.57595419883728 -8.385217554867268 30.03279209136963
26.032317071 -27.622649908065796 -8.398177988827229 30.03276538848877
26.052276673 -27.692678213119507 -8.417631037533283 30.03280735015869
26.072286582 -27.739354848861694 -8.430600054562092 30.032864570617676
26.092242487 -27.809348821640015 -8.450072176754475 30.032959938049316
26.112413999 -27.85600256919861 -8.46306312829256 30.033032417297363
26.132293504 -27.925924062728882 -8.482532389461994 30.033127784729004
26.152264093 -27.972511053085327 -8.495514757931232 30.033211708068848
26.172316545 -28.042299032211304 -8.514961130917072 30.03328800201416
26.192239949 -28.08877730369568 -8.527932055294514 30.03332233428955
26.212377348 -28.15842604637146 -8.547394640743732 30.033345222473145
26.232280103 -28.204810857772827 -8.560396082699299 30.03335666656494
26.252265177 -28.274362325668335 -8.579920656979084 30.033390998840332
26.272286215 -28.32064986228943 -8.592966921627522 30.03341007232666
26.292262909 -28.390043020248413 -8.61256492882967 30.03346347808838
26.312342497 -28.436267614364624 -8.625651247799397 30.033509254455566
26.332323079 -28.50554633140564 -8.645320780575275 30.03355884552002
26.352268924 -28.551706075668335 -8.65845287591219 30.0336275100708
26.37227639 -28.62087607383728 -8.678199656307697 30.033738136291504
26.392271985 -28.66696524620056 -8.691401369869709 30.033822059631348
26.412342761 -28.73606848716736 -8.71125591546297 30.033955574035645
26.432797513 -28.78211760520935 -8.724535830318928 30.034043312072754
26.452304284 -28.85118842124939 -8.744492419064045 30.03413486480713
26.472265264 -28.89723563194275 -8.757837183773518 30.034188270568848
26.49225436 -28.96629309654236 -8.777917750179768 30.034245491027832
26.512320659 -29.012325048446655 -8.79132641106844 30.03427219390869
26.532273508 -29.08132529258728 -8.811436541378498 30.034287452697754
26.552260453 -29.127309560775757 -8.824846155941486 30.034302711486816
26.57226444 -29.196216344833374 -8.844980128109455 30.034306526184082
26.592249943 -29.242128133773804 -8.858422167599201 30.034321784973145
26.612414763 -29.310954809188843 -8.878615267574787 30.034363746643066
26.632342762 -29.356818914413452 -8.892110712826252 30.03440570831299
26.652287536 -29.4256112575531 -8.912377245724201 30.03447437286377
26.672255692 -29.471463918685913 -8.925913698971272 30.034531593322754
26.692223159 -29.540220022201538 -8.94626796990633 30.034607887268066
26.712304048 -29.58605170249939 -8.95985496789217 30.034653663635254
26.732454691 -29.654828786849976 -8.980276949703693 30.03471851348877
26.752294249 -29.70068907737732 -8.993906863033772 30.034768104553223
26.772231961 -29.769494771957397 -9.014368899166584 30.034859657287598
26.792244232 -29.81536078453064 -9.028015978634357 30.03493595123291
26.812290165 -29.884151220321655 -9.048496134579182 30.035061836242676
26.832286121 -29.92999815940857 -9.062131769955158 30.03517246246338
26.852324262 -29.998780965805054 -9.08259666711092 30.035325050354004
26.872247622 -30.044645071029663 -9.096257098019123 30.03542423248291
26.892234237 -30.113454580307007 -9.116798289120197 30.035595893859863
26.912325927 -30.159332036972046 -9.13050640374422 30.035714149475098
26.932317292 -30.22818160057068 -9.151094324886799 30.035874366760254
26.952312767 -30.27408766746521 -9.164832957088947 30.03599262237549
26.972246292 -30.34295630455017 -9.185458071529865 30.03614902496338
26.992229132 -30.38888907432556 -9.199222452938557 30.03623676300049
27.012240152 -30.457799673080444 -9.2198780849576 30.036343574523926
27.032271049 -30.50374960899353 -9.233671076595783 30.036377906799316
27.052300315 -30.572673559188843 -9.254369623959064 30.03639316558838
27.072287387 -30.618621587753296 -9.26819122582674 30.036381721496582
27.092270042 -30.687507390975952 -9.288950808346272 30.036301612854004
27.112227538 -30.733421087265015 -9.302792437374592 30.036229133605957
27.132592942 -30.80227828025818 -9.323569186031818 30.036046028137207
27.152264172 -30.848195791244507 -9.337416537106037 30.035901069641113
27.172244031 -30.91708540916443 -9.35818088799715 30.035653114318848
27.192248517 -30.963062047958374 -9.372021563351154 30.03545093536377
27.212236021 -31.032058477401733 -9.392775423824787 30.035141944885254
27.232436141 -31.078094244003296 -9.406617052853107 30.034924507141113
27.252309128 -31.147186040878296 -9.427410013973713 30.03466510772705
27.272260638 -31.193261861801147 -9.44127357751131 30.034493446350098
27.292269983 -31.26242995262146 -9.462085612118244 30.034268379211426
27.312305747 -31.308536291122437 -9.475945360958576 30.034127235412598
27.332294817 -31.377750158309937 -9.49666202813387 30.033936500549316
27.352294347 -31.423904180526733 -9.510443575680256 30.033818244934082
27.372240914 -31.49314856529236 -9.531073458492756 30.033638954162598
27.392287701 -31.539335012435913 -9.544773943722248 30.033516883850098
27.412263186 -31.60862898826599 -9.565295107662678 30.03334903717041
27.432302586 -31.654844045639038 -9.578943140804768 30.03322696685791
27.45231935 -31.724159002304077 -9.599380381405354 30.033055305480957
27.472254054 -31.770360708236694 -9.612991221249104 30.032944679260254
27.492270551 -31.839650869369507 -9.633363611996174 30.032780647277832
27.512245681 -31.885841131210327 -9.646921999752522 30.032681465148926
27.532344219 -31.95512366294861 -9.66722858697176 30.032544136047363
27.552254784 -32.00129294395447 -9.680711634457111 30.032456398010254
27.572228785 -32.07054114341736 -9.700938113033772 30.03233051300049
27.59227509 -32.11669135093689 -9.714359171688557 30.032238960266113
27.612260348 -32.185901403427124 -9.734470255672932 30.032113075256348
27.632519597 -32.23203635215759 -9.747848398983479 30.032021522521973
27.652449418 -32.301238775253296 -9.767859347164631 30.031983375549316
27.672241439 -32.347373723983765 -9.781186945736408 30.031960487365723
27.692285009 -32.41657996177673 -9.801100619137287 30.03195285797119
27.712229454 -32.4627149105072 -9.814362414181232 30.031960487365723
27.732353819 -32.531909704208374 -9.834237940609455 30.03197956085205
27.752271347 -32.57804465293884 -9.847474940121174 30.03200626373291
27.772233126 -32.64723181724548 -9.867347605526447 30.032055854797363
27.792271736 -32.693355321884155 -9.880605585873127 30.03210163116455
27.812230423 -32.76252722740173 -9.900495417416096 30.032170295715332
27.832401456 -32.80863928794861 -9.913761027157307 30.032219886779785
27.852345849 -32.87778067588806 -9.933654673397541 30.032383918762207
27.872238934 -32.92386603355408 -9.946920283138752 30.03248691558838
27.892306659 -32.99298453330994 -9.966853983700275 30.032681465148926
27.912233239 -33.03906607627869 -9.980149157345295 30.03281879425049
27.932395272 -33.10818076133728 -10.000098116695881 30.033024787902832
27.952309566 -33.154258489608765 -10.013414271175861 30.033169746398926
27.972246968 -33.22336554527283 -10.033406145870686 30.03340244293213
27.992307433 -33.26942420005798 -10.046749956905842 30.033577919006348
28.012258772 -33.338496923446655 -10.06679142266512 30.03386402130127
28.032338566 -33.384544134140015 -10.0801657512784 30.034050941467285
28.052287977 -33.45360541343689 -10.100247271358967 30.034348487854004
28.072249864 -33.49964499473572 -10.11363971978426 30.03452777862549
28.092317319 -33.56869864463806 -10.133734591305256 30.03478717803955
28.112228205 -33.61472678184509 -10.147143252193928 30.03494358062744
28.132364918 -33.68375754356384 -10.167273409664631 30.035161018371582
28.152273212 -33.72977805137634 -10.18068016320467 30.035286903381348
28.172251078 -33.798816442489624 -10.200778849422932 30.0354585647583
28.192273512 -33.84485602378845 -10.214155085384846 30.035534858703613
28.21224929 -33.913902044296265 -10.234191782772541 30.035603523254395
28.232512561 -33.959930181503296 -10.247545130550861 30.03564167022705
28.252275689 -34.02897620201111 -10.267548449337482 30.0357027053833
28.272247418 -34.07500433921814 -10.280875094234943 30.035740852355957
28.292273814 -34.14404654502869 -10.300853617489338 30.03579807281494
28.312272325 -34.19010138511658 -10.314144022762775 30.035855293273926
28.332353071 -34.25920844078064 -10.334069140255451 30.035943031311035
28.352271511 -34.30530905723572 -10.347330935299397 30.03602695465088
28.372238769 -34.37445425987244 -10.36720646172762 30.036152839660645
28.392274606 -34.42054343223572 -10.380420573055744 30.03623676300049
28.412235963 -34.489673376083374 -10.400198824703693 30.036377906799316
28.432594654 -34.53575873374939 -10.413375742733479 30.03646945953369
28.452283566 -34.60486960411072 -10.433126337826252 30.036625862121582
28.472231562 -34.65092444419861 -10.446286089718342 30.03673267364502
28.49229203 -34.71998190879822 -10.466013796627522 30.03688907623291
28.512243234 -34.766021490097046 -10.479143030941486 30.036980628967285
28.532449442 -34.835078954696655 -10.498844988644123 30.03709125518799
28.552280348 -34.88111853599548 -10.51197899132967 30.03713321685791
28.572239273 -34.950191259384155 -10.531689532101154 30.03715229034424
28.592275745 -34.996238470077515 -10.544838793575764 30.037129402160645
28.612236564 -35.06536078453064 -10.564623720943928 30.037026405334473
28.632386109 -35.11143469810486 -10.57782257348299 30.036953926086426
28.652300021 -35.18056082725525 -10.597639925777912 30.036805152893066
28.672289241 -35.22663855552673 -10.610860712826252 30.03669834136963
28.692298503 -35.29575324058533 -10.630703814327717 30.036545753479004
28.712246499 -35.34186148643494 -10.643959887325764 30.036423683166504
28.732582404 -35.411033391952515 -10.66386116296053 30.036232948303223
28.752301155 -35.45716452598572 -10.677141077816486 30.036057472229004
28.772242518 -35.52637076377869 -10.69707191735506 30.035771369934082
28.792282371 -35.57250189781189 -10.71036709100008 30.035576820373535
28.812268493 -35.64168906211853 -10.730317004024982 30.035264015197754
28.832377926 -35.68780493736267 -10.743624575436115 30.035054206848145
28.852324468 -35.75696158409119 -10.763599283993244 30.03474521636963
28.872251483 -35.803062200546265 -10.776906855404377 30.03452777862549
28.892270258 -35.87220740318298 -10.79688061028719 30.034253120422363
28.912218436 -35.91827368736267 -10.810202486813068 30.03407382965088
28.932349986 -35.98735785484314 -10.830186732113361 30.033806800842285
28.952629987 -36.03340125083923 -10.843506701290607 30.033650398254395
28.97224755 -36.10245490074158 -10.863479502499104 30.033379554748535
28.99227831 -36.14848303794861 -10.8767966106534 30.03318500518799
29.012245557 -36.21751379966736 -10.89673412591219 30.032814979553223
29.033060329 -36.263519048690796 -10.910031206905842 30.03256320953369
29.05227426 -36.33250403404236 -10.929983027279377 30.032219886779785
29.072236681 -36.37845969200134 -10.943268664181232 30.03196430206299
29.092284997 -36.44737982749939 -10.96320904046297 30.03157138824463
29.112234469 -36.49331259727478 -10.97650707513094 30.03130054473877
29.132358541 -36.56218695640564 -10.996487505733967 30.03091526031494
29.152282478 -36.60809302330017 -11.009824641048908 30.03068256378174
29.172305445 -36.67691397666931 -11.029861338436604 30.030354499816895
29.192444254 -36.72277808189392 -11.043234713375568 30.03014850616455
29.212244392 -36.79154562950134 -11.063321955502033 30.029847145080566
29.232394135 -36.83737921714783 -11.076719172298908 30.029664039611816
29.252289711 -36.90610861778259 -11.096824534237385 30.029454231262207
29.272269937 -36.95187735557556 -11.110207445919514 30.02932834625244
29.292294565 -37.02050757408142 -11.130281336605549 30.029187202453613
29.312240961 -37.06623816490173 -11.143648989498615 30.029126167297363
29.33241154 -37.134788274765015 -11.163696177303791 30.029057502746582
29.352290631 -37.18047308921814 -11.177064783871174 30.029026985168457
29.372244648 -37.24894309043884 -11.197155840694904 30.02901554107666
29.392330995 -37.294585943222046 -11.210565455257893 30.029030799865723
29.412289185 -37.36302924156189 -11.230698473751545 30.029091835021973
29.432365874 -37.40864539146423 -11.244123347103596 30.02914524078369
29.452349312 -37.47705054283142 -11.264262087643147 30.02919864654541
29.472245726 -37.52262473106384 -11.277670748531818 30.029248237609863
29.492276252 -37.59098029136658 -11.297791369259357 30.029332160949707
29.512231225 -37.63653540611267 -11.311206705868244 30.029377937316895
29.532399223 -37.70482611656189 -11.331337817013264 30.02944278717041
29.5523141 -37.75034689903259 -11.344765551388264 30.02949619293213
29.572223268 -37.81860327720642 -11.364932902157307 30.029553413391113
29.592307437 -37.86412787437439 -11.378389246761799 30.029610633850098
29.612234185 -37.93244528770447 -11.398591883480549 30.029725074768066
29.632362275 -37.9779736995697 -11.412073023617268 30.029797554016113
29.652466092 -38.04627585411072 -11.432300455868244 30.02990436553955
29.672270753 -38.09180808067322 -11.445789225399494 30.029961585998535
29.692339903 -38.16012167930603 -11.466034777462482 30.03005313873291
29.712223059 -38.20566153526306 -11.47954262048006 30.030102729797363
29.732356736 -38.27400183677673 -11.499858744442463 30.030156135559082
29.752340705 -38.319576025009155 -11.513421900570393 30.03018283843994
29.772319947 -38.38794684410095 -11.533837206661701 30.030186653137207
29.792276172 -38.43354392051697 -11.547470934689045 30.030163764953613
29.812270468 -38.50195288658142 -11.567956812679768 30.030102729797363
29.832390215 -38.5475652217865 -11.581641085445881 30.030037879943848
29.852321947 -38.615997076034546 -11.602177508175373 30.029961585998535
29.872263203 -38.66162848472595 -11.615882761776447 30.029892921447754
29.892281705 -38.73007559776306 -11.636425860226154 30.02978229522705
29.912279264 -38.77571082115173 -11.650113947689533 30.02970600128174
29.932384538 -38.8441846370697 -11.67065704613924 30.029519081115723
29.952285459 -38.88984656333923 -11.684347994625568 30.029438972473145
29.972271839 -38.95835471153259 -11.704912073910236 30.029255867004395
29.992271065 -39.00402808189392 -11.718628771603107 30.029114723205566
30.012277323 -39.07253623008728 -11.739211924374104 30.028882026672363
30.032516234 -39.11820960044861 -11.75296963006258 30.028706550598145
30.05228612 -39.1867139339447 -11.773621447384357 30.028477668762207
30.072238302 -39.23237204551697 -11.787416346371174 30.028321266174316
30.09226049 -39.30085730552673 -11.808141596615314 30.028061866760254
30.112263877 -39.346519231796265 -11.821965105831623 30.027886390686035
30.132333555 -39.41502356529236 -11.842749483883381 30.027592658996582
30.152293933 -39.46068549156189 -11.856597788631916 30.027413368225098
30.172262952 -39.529170751571655 -11.87736213952303 30.02715015411377
30.19226063 -39.574798345565796 -11.891170389950275 30.026951789855957
30.212313289 -39.64326453208923 -11.91186798363924 30.02670383453369
30.232331159 -39.688873052597046 -11.925645716488361 30.026497840881348
30.252293045 -39.75727438926697 -11.946307070553303 30.02620792388916
30.272260046 -39.80284857749939 -11.960077174007893 30.025994300842285
30.292224548 -39.87120032310486 -11.98072899132967 30.02565860748291
30.312279775 -39.916778326034546 -11.994490511715412 30.025437355041504
30.332386821 -39.985130071640015 -12.015112765133381 30.02510929107666
30.352311051 -40.030696630477905 -12.028845675289631 30.024914741516113
30.372263405 -40.09905982017517 -12.049422152340412 30.02464771270752
30.392244165 -40.144614934921265 -12.0631398037076 30.02449131011963
30.412244385 -40.21295523643494 -12.083723910152912 30.024270057678223
30.432354617 -40.25852179527283 -12.097459681332111 30.02412509918213
30.452305963 -40.32688117027283 -12.118080027401447 30.023919105529785
30.472264245 -40.37246298789978 -12.131829150021076 30.023789405822754
30.49224406 -40.44082999229431 -12.152443774044514 30.023613929748535
30.512293176 -40.486407995224 -12.16618049889803 30.023507118225098
30.532285642 -40.554771184921265 -12.186819918453693 30.02333164215088
30.552276919 -40.60035300254822 -12.200576670467854 30.023171424865723
30.572279749 -40.66874289512634 -12.221202738583088 30.02293872833252
30.592251873 -40.71433997154236 -12.234954722225666 30.02278995513916
30.612287918 -40.782745122909546 -12.255568392574787 30.022603034973145
30.632278191 -40.828357458114624 -12.26930034905672 30.02248477935791
30.652318596 -40.89679312705994 -12.289866335690022 30.02229404449463
30.672237348 -40.942432165145874 -12.303563006222248 30.02217960357666
30.69224828 -41.01090979576111 -12.324045069515705 30.022034645080566
30.712337055 -41.0565869808197 -12.337688334286213 30.021958351135254
30.732277715 -41.12514090538025 -12.358135111629963 30.021870613098145
30.752278865 -41.17085242271423 -12.371750719845295 30.021817207336426
30.772250903 -41.23944067955017 -12.392154581844807 30.021756172180176
30.792276776 -41.28515982627869 -12.405745394527912 30.02171039581299
30.812259108 -41.35375189781189 -12.426133044064045 30.021626472473145
30.8322867 -41.39947867393494 -12.439732439815998 30.021565437316895
30.852299449 -41.46805930137634 -12.460163958370686 30.021496772766113
30.872269741 -41.513782262802124 -12.473791964352131 30.021458625793457
30.892251089 -41.58235144615173 -12.49430263787508 30.021363258361816
30.912281367 -41.62806296348572 -12.507985956966877 30.021306037902832
30.932273611 -41.696624517440796 -12.528526194393635 30.02123737335205
30.952298423 -41.74232459068298 -12.542240984737873 30.02116107940674
30.972306704 -41.810901403427124 -12.562812693417072 30.021065711975098
30.992250751 -41.85664343833923 -12.576537974178791 30.021008491516113
31.012277422 -41.925281286239624 -12.597129710018635 30.020939826965332
31.03225982 -41.97105383872986 -12.610876925289631 30.02089786529541
31.052305623 -42.039756536483765 -12.63148582726717 30.020817756652832
31.072257788 -42.08557868003845 -12.64521587640047 30.02078342437744
31.092242622 -42.15435767173767 -12.665807612240314 30.020737648010254
31.112276554 -42.20022177696228 -12.679535754024982 30.020718574523926
31.132270388 -42.26903510093689 -12.700127489864826 30.0206880569458
31.152298662 -42.31492209434509 -12.713863261044025 30.020710945129395
31.172237644 -42.383758306503296 -12.734470255672932 30.020756721496582
31.192242911 -42.4296452999115 -12.748225100338459 30.020791053771973
31.212285836 -42.4984929561615 -12.768888361752033 30.020848274230957
31.232363616 -42.54439902305603 -12.782668001949787 30.02089786529541
31.252383709 -42.61325812339783 -12.803370364010334 30.021000862121582
31.272258786 -42.659175634384155 -12.817156679928303 30.02108097076416
31.292243422 -42.72804236412048 -12.837838061153889 30.021252632141113
31.312247887 -42.77396750450134 -12.85162628442049 30.02137851715088
31.332258188 -42.84288001060486 -12.872309572994709 30.021592140197754
31.352383003 -42.88883566856384 -12.886117823421955 30.02177906036377
31.372278239 -42.957786321640015 -12.90681541711092 30.022088050842285
31.392242987 -43.003772497177124 -12.920610316097736 30.022316932678223
31.412305241 -43.07276892662048 -12.94128978997469 30.022713661193848
31.432251564 -43.11877799034119 -12.955062754452229 30.022988319396973
31.452607494 -43.18784689903259 -12.975708849728107 30.02351474761963
31.472285328 -43.23392081260681 -12.98945415765047 30.023884773254395
31.492249803 -43.30307364463806 -13.010046847164631 30.024460792541504
31.512274503 -43.34922766685486 -13.023756869137287 30.024876594543457
31.532254498 -43.41845679283142 -13.04430092126131 30.02547550201416
31.552353218 -43.46464133262634 -13.057998545467854 30.02587604522705
31.572233077 -43.53391242027283 -13.078530199825764 30.026467323303223
31.59229619 -43.58008933067322 -13.092209704220295 30.026875495910645
31.612281054 -43.649348974227905 -13.112753756344318 30.027512550354004
31.632235624 -43.695518255233765 -13.126451380550861 30.02792453765869
31.652599354 -43.76477026939392 -13.147041209042072 30.028538703918457
31.672248186 -43.81092429161072 -13.160784609615803 30.02892780303955
31.692277099 -43.88014578819275 -13.181422121822834 30.029473304748535
31.712289573 -43.92627692222595 -13.195211298763752 30.029793739318848
31.732249155 -43.99547553062439 -13.215889818966389 30.030224800109863
31.752358141 -44.04161810874939 -13.229681856930256 30.030465126037598
31.772249052 -44.11083197593689 -13.250372774899006 30.03075122833252
31.79225702 -44.15697455406189 -13.264159090816975 30.03092670440674
31.812282478 -44.22616934776306 -13.284860499203205 30.031155586242676
31.832237612 -44.272296667099 -13.29866112023592 30.03128147125244
31.852377903 -44.34147238731384 -13.319359667599201 30.031498908996582
31.872243624 -44.38757681846619 -13.33314312249422 30.031620979309082
31.892253142 -44.456714391708374 -13.353796847164631 30.03178882598877
31.912247324 -44.502765417099 -13.367549784481525 30.031899452209473
31.932257965 -44.57180380821228 -13.388176806271076 30.032071113586426
31.952345486 -44.61778235435486 -13.40193546563387 30.03221607208252
31.972247723 -44.68670630455017 -13.422585375607014 30.032444953918457
31.992268113 -44.73263907432556 -13.436349757015705 30.032597541809082
32.012280679 -44.8014714717865 -13.45695961266756 30.032830238342285
32.032250819 -44.84735083580017 -13.470683939754963 30.032979011535645
32.052349365 -44.916160345077515 -13.491246111690998 30.033215522766113
32.072280132 -44.96201682090759 -13.504941828548908 30.03334903717041
32.092273463 -45.03078818321228 -13.525466807186604 30.033520698547363
32.112296357 -45.0766065120697 -13.53910244256258 30.033596992492676
32.132240233 -45.14530920982361 -13.55952251702547 30.033684730529785
32.152472825 -45.19107794761658 -13.573103792965412 30.033699989318848
32.172236171 -45.25965476036072 -13.593454249203205 30.03368854522705
32.192287283 -45.305354833602905 -13.607011683285236 30.03367328643799
32.212280822 -45.373775243759155 -13.627327807247639 30.03359317779541
32.232259634 -45.41937613487244 -13.640851862728596 30.033528327941895
32.252870057 -45.487754583358765 -13.661107905209064 30.033486366271973
32.272292963 -45.53331732749939 -13.674591906368732 30.03343677520752
32.292286599 -45.601653814315796 -13.694805033504963 30.033337593078613
32.312291668 -45.64718985557556 -13.708271868526936 30.033249855041504
32.332246516 -45.715476751327515 -13.728461153805256 30.03311252593994
32.352334123 -45.760955572128296 -13.741913683712482 30.033024787902832
32.372256984 -45.82912802696228 -13.762122042477131 30.03287982940674
32.392236552 -45.874568700790405 -13.775601275265217 30.032784461975098
32.412265377 -45.94269919395447 -13.795876391232014 30.03262424468994
32.432290228 -45.98813223838806 -13.809411890804768 30.032509803771973
32.452320951 -46.056297063827515 -13.829740412533283 30.032299995422363
32.472288604 -46.10173773765564 -13.84332836419344 30.032116889953613
32.492340432 -46.16992163658142 -13.863706476986408 30.031865119934082
32.512272481 -46.21538519859314 -13.877299197018147 30.031682014465332
32.532276368 -46.28360724449158 -13.897679217159748 30.031380653381348
32.55242768 -46.32910513877869 -13.911255724728107 30.03117847442627
32.572268213 -46.39733862876892 -13.931648142635822 30.030835151672363
32.592360181 -46.44284415245056 -13.94523323327303 30.030613899230957
32.61229419 -46.511043310165405 -13.965597994625568 30.03024387359619
32.632264836 -46.55651068687439 -13.979169733822346 30.029976844787598
32.65269303 -46.6247022151947 -13.999524004757404 30.02958393096924
32.672267834 -46.670127630233765 -14.01305378228426 30.02926731109619
32.692277187 -46.738277196884155 -14.033326990902424 30.02880573272705
32.712270687 -46.78370642662048 -14.046825297176838 30.028477668762207
32.7322318 -46.85186743736267 -14.067047961056232 30.027958869934082
32.752441851 -46.89732336997986 -14.08051861077547 30.02763843536377
32.772238488 -46.96550726890564 -14.100718386471272 30.027119636535645
32.792307069 -47.01095938682556 -14.114171870052814 30.026768684387207
32.812269405 -47.07913947105408 -14.134337313473225 30.026230812072754
32.832262549 -47.12460684776306 -14.147766001522541 30.02587604522705
32.852578956 -47.19283652305603 -14.167900927364826 30.02543354034424
32.872259077 -47.23833441734314 -14.181268580257893 30.025151252746582
32.892293945 -47.306609869003296 -14.201300509274006 30.02476978302002
32.912259328 -47.35214591026306 -14.214634783565998 30.024537086486816
32.932279365 -47.420459508895874 -14.234607584774494 30.024205207824707
32.952348305 -47.46601462364197 -14.247913248836994 30.023991584777832
32.972287377 -47.53435492515564 -14.267858393490314 30.023655891418457
32.992273908 -47.57992148399353 -14.281163103878498 30.02343463897705
33.012284186 -47.648284673690796 -14.301132090389729 30.023110389709473
33.032243863 -47.69387412071228 -14.314451105892658 30.022892951965332
33.052352501 -47.762286901474 -14.334433443844318 30.022664070129395
33.072309113 -47.807910680770874 -14.34775722771883 30.02251148223877
33.092263805 -47.87635397911072 -14.367713816463947 30.022324562072754
33.112290146 -47.92199683189392 -14.381009943783283 30.022229194641113
33.132255464 -47.99042868614197 -14.400887377560139 30.022095680236816
33.152434743 -48.03604865074158 -14.414119608700275 30.021958351135254
33.172295816 -48.10448431968689 -14.433920748531818 30.02177143096924
33.192271249 -48.15011191368103 -14.447115786373615 30.021676063537598
33.212316456 -48.21855902671814 -14.46690071374178 30.02156162261963
33.23224948 -48.26419806480408 -14.480103380978107 30.021531105041504
33.252356853 -48.33267569541931 -14.499919779598713 30.021458625793457
33.272345806 -48.37832999229431 -14.513143427670002 30.021443367004395
33.292273792 -48.44681525230408 -14.533037073910236 30.021477699279785
33.312319403 -48.492480993270874 -14.546319849789143 30.02152729034424
33.332282567 -48.56095862388611 -14.566340334713459 30.02163791656494
33.352315764 -48.60662817955017 -14.579723246395588 30.021706581115723
33.372282145 -48.67516303062439 -14.599847681820393 30.02183246612549
33.392262611 -48.72086691856384 -14.61328399926424 30.021924018859863
33.412288017 -48.78944754600525 -14.633468516170979 30.02207660675049
33.432315651 -48.835193395614624 -14.64698589593172 30.02219867706299
33.452704337 -48.903831243515015 -14.667291529476643 30.022404670715332
33.472316628 -48.94961142539978 -14.680870898067951 30.02255344390869
33.492251329 -49.01832175254822 -14.701292879879475 30.02278232574463
33.512262209 -49.06415152549744 -14.71492088586092 30.022942543029785
33.532265391 -49.13298010826111 -14.735472567379475 30.02316379547119
33.552354834 -49.17889380455017 -14.74920929223299 30.023335456848145
33.572301272 -49.24780249595642 -14.7698630169034 30.02358341217041
33.592230388 -49.293781042099 -14.78368366509676 30.023736000061035
33.612266864 -49.36276602745056 -14.804406054317951 30.023953437805176
33.632279159 -49.408771276474 -14.81822670251131 30.024086952209473
33.652588599 -49.47779059410095 -14.8389548137784 30.02426242828369
33.672283605 -49.52381110191345 -14.85278595238924 30.02436923980713
33.692258579 -49.59284567832947 -14.873546488583088 30.024502754211426
33.712339381 -49.6388738155365 -14.887381441891193 30.02458667755127
33.732259804 -49.70794653892517 -14.90810764580965 30.024643898010254
33.752405419 -49.753986120224 -14.921905405819416 30.024643898010254
33.772351742 -49.823028326034546 -14.942576296627522 30.024624824523926
33.792286302 -49.86903357505798 -14.956331141293049 30.02456760406494
33.812287712 -49.93802237510681 -14.976953394711018 30.02446460723877
33.83228978 -49.98398947715759 -14.99070156365633 30.02438449859619
33.852396461 -50.05292105674744 -15.011330492794514 30.024258613586426
33.872267436 -50.098872900009155 -15.025078661739826 30.024170875549316
33.892269679 -50.16775107383728 -15.045756228268147 30.024033546447754
33.91226648 -50.21367621421814 -15.059524424374104 30.023961067199707
33.932272221 -50.282520055770874 -15.080235369503498 30.023812294006348
33.952376433 -50.328399419784546 -15.094050295650959 30.02365207672119
33.972314303 -50.39720892906189 -15.114783175289631 30.02341938018799
33.992250095 -50.44305396080017 -15.128642924129963 30.023240089416504
34.012266713 -50.51180624961853 -15.149438746273518 30.022995948791504
34.032239954 -50.55761694908142 -15.163323290646076 30.02284336090088
34.052345132 -50.62627387046814 -15.184150584042072 30.022671699523926
34.072279107 -50.67203497886658 -15.198025591671467 30.02258014678955
34.092291877 -50.74061179161072 -15.218822367489338 30.022522926330566
34.112259638 -50.78632712364197 -15.232660181820393 30.022526741027832
34.132268287 -50.85489630699158 -15.253376848995686 30.022587776184082
34.152401509 -50.900596380233765 -15.267158396542072 30.02270221710205
34.172299145 -50.969165563583374 -15.287813074886799 30.0228853225708
34.192267083 -51.01484274864197 -15.301560290157795 30.02306842803955
34.21227147 -51.08335089683533 -15.322166331112385 30.023362159729004
34.232250715 -51.12900519371033 -15.33589256554842 30.02359104156494
34.252362826 -51.19748663902283 -15.356452830135822 30.024014472961426
34.272453001 -51.24314856529236 -15.370144732296467 30.024312019348145
34.292298848 -51.31163001060486 -15.390612490475178 30.0248384475708
34.312265786 -51.35730338096619 -15.404234774410725 30.025200843811035
34.332259929 -51.425838232040405 -15.424632914364338 30.02575397491455
34.352372339 -51.471553564071655 -15.4381979778409 30.026177406311035
34.372732137 -51.54016470909119 -15.458516962826252 30.026803016662598
34.392259139 -51.585933446884155 -15.472034342586994 30.027234077453613
34.41225802 -51.65461325645447 -15.49227798730135 30.02788257598877
34.432250102 -51.700408697128296 -15.505760081112385 30.028294563293457
34.452333509 -51.769099950790405 -15.525954134762287 30.028878211975098
34.472320645 -51.8148992061615 -15.539405710995197 30.029255867004395
34.492240383 -51.88360953330994 -15.559553034603596 30.029847145080566
34.512279476 -51.929431676864624 -15.572978861629963 30.030240058898926
34.532252771 -51.99818396568298 -15.59310806542635 30.030823707580566
34.552282689 -52.044036626815796 -15.60648525506258 30.031197547912598
34.572283338 -52.112823247909546 -15.626527674496174 30.031743049621582
34.592278958 -52.15869116783142 -15.639861948788166 30.03209400177002
34.612257905 -52.2274968624115 -15.659820444881916 30.032593727111816
34.63224114 -52.273372411727905 -15.67311180382967 30.03291416168213
34.652343918 -52.34217810630798 -15.693025477230549 30.033387184143066
34.672341786 -52.38807272911072 -15.706305392086506 30.033669471740723
34.692246654 -52.45694708824158 -15.726232416927814 30.034077644348145
34.712274162 -52.502864599227905 -15.73951519280672 30.034321784973145
34.73229235 -52.57174277305603 -15.759435541927814 30.03463840484619
34.752269384 -52.61766791343689 -15.772702105343342 30.034825325012207
34.772315441 -52.686553716659546 -15.792595751583576 30.03506565093994
34.792254007 -52.732471227645874 -15.805847056210041 30.035202980041504
34.812290452 -52.80137228965759 -15.825709231197834 30.03535556793213
34.83227649 -52.84731650352478 -15.838948138058186 30.035435676574707
34.852275358 -52.91628623008728 -15.858748324215412 30.035500526428223
34.872379909 -52.962276220321655 -15.871933825314045 30.035527229309082
34.892259511 -53.03127646446228 -15.891687281429768 30.03556537628174
34.912250956 -53.07730460166931 -15.904832728207111 30.03556537628174
34.932276616 -53.14637351036072 -15.924540407955647 30.035561561584473
34.952243053 -53.192439794540405 -15.937659151852131 30.035557746887207
34.972307394 -53.2615430355072 -15.957326777279377 30.03554630279541
34.992260394 -53.307613134384155 -15.970412142574787 30.035557746887207
35.012253446 -53.37672400474548 -15.990018732845783 30.035595893859863
35.032252117 -53.42280173301697 -16.00308883935213 30.035622596740723
35.05224438 -53.491973638534546 -16.022666819393635 30.03566074371338
35.072484229 -53.53809714317322 -16.035725481808186 30.035691261291504
35.092272628 -53.60729956626892 -16.055323489010334 30.035759925842285
35.112268239 -53.65341925621033 -16.068425066769123 30.035855293273926
35.132304667 -53.72258734703064 -16.088093645870686 30.03600025177002
35.152267034 -53.768672704696655 -16.1012200191617 30.03610324859619
35.172451193 -53.837756872177124 -16.120938189327717 30.03627872467041
35.192272138 -53.88380026817322 -16.13409698754549 30.03640079498291
35.212264795 -53.95282340049744 -16.153828509151936 30.036595344543457
35.232261699 -53.99884009361267 -16.166985400021076 30.03671360015869
35.252254764 -54.06783652305603 -16.18670929223299 30.036953926086426
35.27234259 -54.11382269859314 -16.199869997799397 30.037110328674316
35.292265124 -54.18278479576111 -16.2196282222867 30.037354469299316
35.312259706 -54.22873663902283 -16.23283088952303 30.037529945373535
35.332292594 -54.29764533042908 -16.252638705074787 30.0377779006958
35.352259887 -54.343562841415405 -16.265847094357014 30.037903785705566
35.372282222 -54.412383794784546 -16.285645373165607 30.038105964660645
35.392262973 -54.45825171470642 -16.29883850365877 30.038262367248535
35.412299483 -54.52699637413025 -16.31864059716463 30.038575172424316
35.432276227 -54.5728223323822 -16.331854708492756 30.038792610168457
35.452239741 -54.64155173301697 -16.351689226925373 30.039151191711426
35.472288296 -54.68735480308533 -16.364914782345295 30.039414405822754
35.492263788 -54.7560613155365 -16.384753115475178 30.03976535797119
35.512272412 -54.80181860923767 -16.39797104150057 30.039982795715332
35.532263815 -54.87043738365173 -16.41780174523592 30.04027271270752
35.552268197 -54.91615271568298 -16.431023485958576 30.040410041809082
35.572338643 -54.98472189903259 -16.45086181908846 30.040589332580566
35.592259841 -55.03043723106384 -16.464089281857014 30.04069232940674
35.612262892 -55.09901785850525 -16.483933337032795 30.040837287902832
35.632265444 -55.14475226402283 -16.497176058590412 30.04091739654541
35.652357472 -55.21336340904236 -16.51705826073885 30.041089057922363
35.672436124 -55.259113073349 -16.530312426388264 30.04118824005127
35.692250575 -55.32774329185486 -16.550188906490803 30.041333198547363
35.712275054 -55.373496770858765 -16.563433535397053 30.04143238067627
35.732268949 -55.442134618759155 -16.58330238610506 30.04155445098877
35.752259631 -55.48789954185486 -16.596550829708576 30.041638374328613
35.772350386 -55.556514501571655 -16.616394884884357 30.041733741760254
35.792297154 -55.60224890708923 -16.62961471825838 30.041787147521973
35.812277714 -55.670825719833374 -16.649460680782795 30.041848182678223
35.83228408 -55.71652579307556 -16.662703402340412 30.041882514953613
35.852263972 -55.78506064414978 -16.682581789791584 30.042012214660645
35.872330247 -55.83072638511658 -16.695855028927326 30.042092323303223
35.89226363 -55.899226903915405 -16.71576965600252 30.042168617248535
35.912261754 -55.94487738609314 -16.729056246578693 30.042195320129395
35.932284452 -56.013335943222046 -16.748989947140217 30.04219913482666
35.952287876 -56.05897498130798 -16.76227844506502 30.042241096496582
35.972432622 -56.127410650253296 -16.782193072140217 30.04227924346924
35.992254839 -56.17302680015564 -16.795475848019123 30.042298316955566
36.012257156 -56.24143576622009 -16.815409548580647 30.04232120513916
36.0322889 -56.28703284263611 -16.828709490597248 30.042332649230957
36.052285737 -56.3554151058197 -16.848679430782795 30.042363166809082
36.072356871 -56.40098547935486 -16.862025149166584 30.042378425598145
36.092307065 -56.46934103965759 -16.88206184655428 30.042359352111816
36.112264371 -56.51489996910095 -16.895445711910725 30.04232120513916
36.132292961 -56.58321738243103 -16.91554916650057 30.042222023010254
36.152304125 -56.62876486778259 -16.928959734737873 30.042141914367676
36.172408839 -56.69703650474548 -16.9491204097867 30.041977882385254
36.192277733 -56.742542028427124 -16.962559588253498 30.04186725616455
36.212285175 -56.81079077720642 -16.98271644860506 30.041699409484863
36.232279711 -56.85623526573181 -16.996127016842365 30.041573524475098
36.252287942 -56.924400091171265 -17.016240008175373 30.04136371612549
36.272660045 -56.96981406211853 -17.02964485436678 30.041203498840332
36.292280297 -57.037925481796265 -17.049748308956623 30.040940284729004
36.312266985 -57.08329367637634 -17.063145525753498 30.040738105773926
36.332297937 -57.151267766952515 -17.08324707299471 30.040379524230957
36.352282329 -57.19656729698181 -17.09664810448885 30.040108680725098
36.372343547 -57.26441550254822 -17.116772539913654 30.03966236114502
36.392278954 -57.30964255332947 -17.130185015499592 30.039341926574707
36.412262426 -57.37747931480408 -17.150296099483967 30.038838386535645
36.432264922 -57.42264914512634 -17.163721926510334 30.03844928741455
36.452282167 -57.49040198326111 -17.183873064815998 30.03783893585205
36.472365307 -57.53552985191345 -17.197325594723225 30.037415504455566
36.492277832 -57.603198766708374 -17.217509157955647 30.036789894104004
36.512302261 -57.64831900596619 -17.230963595211506 30.036389350891113
36.532270002 -57.71592688560486 -17.25115478783846 30.035744667053223
36.552273239 -57.76103186607361 -17.264607317745686 30.03532123565674
36.572400853 -57.82859778404236 -17.284815676510334 30.034619331359863
36.5922731 -57.873645544052124 -17.29830253869295 30.034127235412598
36.612300112 -57.94122290611267 -17.31855858117342 30.03336811065674
36.632260703 -57.98627066612244 -17.33209503442049 30.032830238342285
36.652261124 -58.05387091636658 -17.352400667965412 30.032071113586426
36.672323506 -58.09893774986267 -17.365950472652912 30.031559944152832
36.692300712 -58.16654181480408 -17.386284716427326 30.03079319000244
36.712286088 -58.2116277217865 -17.399838335812092 30.030301094055176
36.732292481 -58.279224157333374 -17.420140154659748 30.029568672180176
36.752255374 -58.32431387901306 -17.433661349117756 30.029088020324707
36.772377231 -58.39197516441345 -17.45392692834139 30.028409004211426
36.792311528 -58.43715262413025 -17.467440493404865 30.028016090393066
36.812262296 -58.50495505332947 -17.487702257931232 30.027501106262207
36.832295038 -58.55018591880798 -17.50123680382967 30.027195930480957
36.852283987 -58.61806845664978 -17.521542437374592 30.026745796203613
36.872355868 -58.663352727890015 -17.535094149410725 30.02647113800049
36.892305786 -58.73133444786072 -17.55541504174471 30.026074409484863
36.912242578 -58.77668738365173 -17.568957217037678 30.025826454162598
36.932258354 -58.844775915145874 -17.589280016720295 30.02543354034424
36.952246298 -58.890220403671265 -17.602827914059162 30.025155067443848
36.972776024 -58.9584538936615 -17.62315071374178 30.02476215362549
36.99229309 -59.003963232040405 -17.63670814782381 30.02449131011963
37.012250742 -59.072261571884155 -17.657036669552326 30.024136543273926
37.032273291 -59.11781287193298 -17.67058838158846 30.023900032043457
37.052274389 -59.18617224693298 -17.69093979150057 30.023503303527832
37.072370803 -59.231769323349 -17.70451057702303 30.023259162902832
37.092322435 -59.300201177597046 -17.724844820797443 30.02293872833252
37.112261008 -59.345847845077515 -17.738390810787678 30.022751808166504
37.132396485 -59.41434454917908 -17.758702166378498 30.022480964660645
37.152266894 -59.4600293636322 -17.77223861962557 30.02236270904541
37.172368511 -59.52859091758728 -17.792540438473225 30.022210121154785
37.192606446 -59.57430624961853 -17.806071169674397 30.022114753723145
37.212236536 -59.64290976524353 -17.826348192989826 30.021985054016113
37.232310627 -59.6886670589447 -17.839850313961506 30.0219087600708
37.252237601 -59.75735831260681 -17.860085375607014 30.02177143096924
37.272386214 -59.80317664146423 -17.873568423092365 30.021687507629395
37.29230876 -59.87196326255798 -17.89375961571932 30.02148151397705
37.312247362 -59.91784644126892 -17.90721596032381 30.021328926086426
37.332288067 -59.98670554161072 -17.9273918941617 30.02108097076416
37.352256215 -60.032615423202515 -17.940827257931232 30.020886421203613
37.37248703 -60.101489782333374 -17.96095932275057 30.020581245422363
37.39229309 -60.14741492271423 -17.97437370568514 30.02035617828369
37.412253079 -60.21631217002869 -17.994492419064045 30.02007007598877
37.432357406 -60.26225256919861 -18.00790298730135 30.01986026763916
37.452250741 -60.33116888999939 -18.028019793331623 30.019490242004395
37.472373371 -60.37712073326111 -18.041428454220295 30.01925754547119
37.492312361 -60.446067571640015 -18.061535723507404 30.01887607574463
37.512280836 -60.49204611778259 -18.074925310909748 30.018628120422363
37.532273584 -60.56102728843689 -18.09499252587557 30.01826572418213
37.552232175 -60.60703253746033 -18.10834015160799 30.018017768859863
37.572306625 -60.676055669784546 -18.128340609371662 30.017674446105957
37.592313886 -60.72208762168884 -18.141646273434162 30.01744556427002
37.612277476 -60.791133642196655 -18.16160286217928 30.017136573791504
37.632271204 -60.83716559410095 -18.174898989498615 30.01693820953369
37.652333982 -60.906219244003296 -18.194859392940998 30.01665210723877
37.672322378 -60.95225501060486 -18.208170779049397 30.016480445861816
37.692301312 -61.02134299278259 -18.22815979272127 30.0161714553833
37.712256565 -61.067413091659546 -18.241482622921467 30.01598072052002
37.732296877 -61.136531591415405 -18.261465914547443 30.01572895050049
37.75223878 -61.18262839317322 -18.274767763912678 30.01558780670166
37.772404951 -61.25178122520447 -18.294730074703693 30.01542377471924
37.792308232 -61.29789710044861 -18.308045275509357 30.015339851379395
37.812331044 -61.36705756187439 -18.328015215694904 30.01525592803955
37.832287858 -61.41315817832947 -18.341328509151936 30.01522922515869
37.852247963 -61.48230338096619 -18.361325152218342 30.01521396636963
37.872408462 -61.52839255332947 -18.37465561181307 30.01522922515869
37.892298939 -61.59748435020447 -18.394673235714436 30.01525592803955
37.912260777 -61.64352011680603 -18.40803039819002 30.01529026031494
37.932326061 -61.71253561973572 -18.428080447018147 30.01537036895752
37.952225884 -61.75849509239197 -18.44147575646639 30.01543140411377
37.972319638 -61.827422857284546 -18.461583025753498 30.015549659729004
37.99227335 -61.87336325645447 -18.475010760128498 30.015637397766113
38.012295096 -61.94226431846619 -18.495179064571857 30.01576328277588
38.0322482 -61.98819327354431 -18.508633501827717 30.01585865020752
38.05226101 -62.05708289146423 -18.528834231197834 30.015950202941895
38.072336352 -62.10301184654236 -18.54231346398592 30.01601505279541
38.09231527 -62.17190909385681 -18.562552340328693 30.016121864318848
38.112235034 -62.217853307724 -18.576067812740803 30.0161714553833
38.132265444 -62.286765813827515 -18.596339114010334 30.01627826690674
38.152248335 -62.332698583602905 -18.609862215816975 30.01632785797119
38.172364377 -62.40158438682556 -18.63013733178377 30.016419410705566
38.192683517 -62.44748282432556 -18.643648989498615 30.01647663116455
38.212256955 -62.51628088951111 -18.66391647607088 30.016568183898926
38.232265887 -62.562129735946655 -18.677428133785725 30.01664447784424
38.252243666 -62.63080954551697 -18.697684176266193 30.016777992248535
38.272316775 -62.67655920982361 -18.711174853146076 30.016880989074707
38.292658004 -62.74513220787048 -18.73139274865389 30.017048835754395
38.312239196 -62.79078269004822 -18.74484909325838 30.01717472076416
38.332283372 -62.85923361778259 -18.76502311974764 30.017380714416504
38.352244194 -62.904834508895874 -18.778454668819904 30.01753330230713
38.372338709 -62.97320532798767 -18.798615343868732 30.01778507232666
38.392359107 -63.01877951622009 -18.812058337032795 30.017949104309082
38.41223795 -63.087066411972046 -18.832213290035725 30.018193244934082
38.432320919 -63.13257193565369 -18.845646746456623 30.01836109161377
38.45223755 -63.20075583457947 -18.865769274532795 30.018567085266113
38.472346746 -63.24620795249939 -18.879176028072834 30.018696784973145
38.49228817 -63.314388036727905 -18.899275667965412 30.018929481506348
38.512241894 -63.359824895858765 -18.91266144067049 30.019062995910645
38.532239089 -63.42798209190369 -18.932732470333576 30.01926898956299
38.552248808 -63.47340750694275 -18.946104891598225 30.019387245178223
38.572356554 -63.54155707359314 -18.966158755123615 30.019577980041504
38.59228373 -63.586997747421265 -18.979527361690998 30.019700050354004
38.612257934 -63.65521597862244 -18.999552614986897 30.019875526428223
38.632255246 -63.70071768760681 -19.012926943600178 30.02000141143799
38.652263553 -63.769004583358765 -19.033024676144123 30.020230293273926
38.67233899 -63.81455206871033 -19.046446688473225 30.02038288116455
38.692472264 -63.882903814315796 -19.06661308556795 30.02062702178955
38.712271575 -63.92850852012634 -19.080092318356037 30.02076816558838
38.732248866 -63.996936559677124 -19.100308306515217 30.020974159240723
38.752240177 -64.04258704185486 -19.1137932613492 30.021103858947754
38.772278265 -64.1110532283783 -19.13400162011385 30.021275520324707
38.792309094 -64.1567075252533 -19.14746368676424 30.021401405334473
38.812232909 -64.22518134117126 -19.16765297204256 30.02156925201416
38.83225427 -64.2708203792572 -19.181103594601154 30.021676063537598
38.852277865 -64.33928656578064 -19.201268084347248 30.021851539611816
38.872348747 -64.38494086265564 -19.21470344811678 30.02194309234619
38.893686862 -64.4534604549408 -19.23485267907381 30.022068977355957
38.913641269 -64.49915289878845 -19.248284228146076 30.02214527130127
38.933671391 -64.56770300865173 -19.268420107662678 30.022263526916504
38.953627343 -64.61341071128845 -19.281840212643147 30.02235507965088
38.973724881 -64.68196845054626 -19.301960833370686 30.02250385284424
38.993648174 -64.72767615318298 -19.315365679562092 30.022595405578613
39.01364013 -64.7962110042572 -19.33545769006014 30.022709846496582
39.033689362 -64.84190344810486 -19.348847277462482 30.02278995513916
39.053646749 -64.91046118736267 -19.3689259365201 30.02291965484619
39.073774451 -64.95618414878845 -19.382321245968342 30.0230073928833
39.093667455 -65.02478766441345 -19.402422793209553 30.023167610168457
39.113637214 -65.07054877281189 -19.415844805538654 30.023289680480957
39.133676671 -65.13919043540955 -19.436020739376545 30.023503303527832
39.153639991 -65.18496680259705 -19.449480898678303 30.023640632629395
39.173737847 -65.25370764732361 -19.46971596032381 30.02388858795166
39.193675454 -65.29953742027283 -19.483195193111897 30.02407169342041
39.213644837 -65.36838507652283 -19.50348175317049 30.024392127990723
39.233648103 -65.41432929039001 -19.517012484371662 30.024605751037598
39.253664376 -65.48330664634705 -19.537312395870686 30.024956703186035
39.27373007 -65.52935767173767 -19.550846941769123 30.025200843811035
39.293666336 -65.5984570980072 -19.571137316524982 30.02553653717041
39.313634603 -65.64455389976501 -19.584662325680256 30.025757789611816
39.333654122 -65.71373724937439 -19.60494125634432 30.02612018585205
39.353651631 -65.75987982749939 -19.618452914059162 30.026345252990723
39.373724829 -65.82916235923767 -19.638655550777912 30.026745796203613
39.393676976 -65.87537360191345 -19.65209472924471 30.027031898498535
39.413727245 -65.94472479820251 -19.672213442623615 30.027485847473145
39.433650086 -65.99101996421814 -19.685606844723225 30.02782154083252
39.453668979 -66.06044745445251 -19.705685503780842 30.028237342834473
39.473752666 -66.10678839683533 -19.719042666256428 30.028557777404785
39.493667039 -66.17633032798767 -19.73906410485506 30.029057502746582
39.513631468 -66.2227246761322 -19.752394564449787 30.029412269592285
39.533648275 -66.29235053062439 -19.772351153194904 30.0299654006958
39.553650765 -66.33876776695251 -19.78563965111971 30.030339241027832
39.573736725 -66.4083936214447 -19.805542834103107 30.030930519104004
39.593669988 -66.45479559898376 -19.818793185055256 30.031319618225098
39.613626184 -66.5243833065033 -19.838641054928303 30.031907081604004
39.633646878 -66.57080817222595 -19.85180938988924 30.032315254211426
39.653797124 -66.64043402671814 -19.871540911495686 30.032849311828613
39.673786287 -66.68686652183533 -19.88465965539217 30.033230781555176
39.693653689 -66.75654578208923 -19.90429199486971 30.03384494781494
39.713634504 -66.80299353599548 -19.91736877709627 30.034249305725098
39.733638047 -66.87268042564392 -19.936934359371662 30.03489398956299
39.753657915 -66.9191358089447 -19.949965365231037 30.035317420959473
39.773781983 -66.9888379573822 -19.969447024166584 30.036038398742676
39.793678385 -67.03531622886658 -19.982428438961506 30.03654956817627
39.813646279 -67.1050488948822 -20.001885302364826 30.037358283996582
39.833631984 -67.15157294273376 -20.01484001427889 30.037938117980957
39.853689774 -67.22135138511658 -20.03426254540682 30.038750648498535
39.873781615 -67.26787543296814 -20.047198183834553 30.039307594299316
39.8936914 -67.33769202232361 -20.066586382687092 30.04018497467041
39.913679868 -67.3842236995697 -20.079514391720295 30.04075336456299
39.933660863 -67.45408606529236 -20.09889305382967 30.041687965393066
39.953644729 -67.5006787776947 -20.111813433468342 30.0422945022583
39.973765444 -67.57057929039001 -20.13119400292635 30.043190956115723
39.993680786 -67.61717200279236 -20.144116289913654 30.0437593460083
40.01364165 -67.68704962730408 -20.163498766720295 30.044568061828613
40.033640574 -67.73366522789001 -20.1764153316617 30.045117378234863
40.0536378 -67.80356574058533 -20.195805437862873 30.045891761779785
40.073745588 -67.8501660823822 -20.208741076290607 30.046387672424316
40.093713192 -67.92004370689392 -20.228169329464436 30.04711627960205
40.113634095 -67.96660590171814 -20.241133578121662 30.04757022857666
40.133621938 -68.03646063804626 -20.260586626827717 30.048256874084473
40.153631086 -68.08302283287048 -20.273556597530842 30.048665046691895
40.173672478 -68.15285468101501 -20.293013460934162 30.049221992492676
40.193671694 -68.19942450523376 -20.306023485958576 30.04957675933838
40.213642033 -68.2692563533783 -20.32558334618807 30.050049781799316
40.233615498 -68.31582617759705 -20.33867347985506 30.050332069396973
40.253652233 -68.38563513755798 -20.358364947140217 30.05070209503174
40.273674671 -68.43215918540955 -20.371556170284748 30.050923347473145
40.293667521 -68.50193762779236 -20.391430743038654 30.051213264465332
40.313642099 -68.54843878746033 -20.404711611568928 30.05137348175049
40.333636461 -68.61818671226501 -20.424763567745686 30.05153751373291
40.353639928 -68.66468787193298 -20.438176043331623 30.05161762237549
40.373630738 -68.73442816734314 -20.458357699215412 30.0516939163208
40.393674966 -68.78091406822205 -20.47188461571932 30.051709175109863
40.413621466 -68.85061621665955 -20.492205508053303 30.0516939163208
40.433621044 -68.8970639705658 -20.505791552364826 30.051671028137207
40.453645822 -68.9667432308197 -20.52619255334139 30.051594734191895
40.473658386 -69.01318335533142 -20.539799578487873 30.051522254943848
40.493742925 -69.0828549861908 -20.560280688107014 30.051384925842285
40.51362154 -69.12927985191345 -20.57392967492342 30.05126667022705
40.533629947 -69.19889044761658 -20.59447181969881 30.05110263824463
40.553643995 -69.24527716636658 -20.608181841671467 30.050957679748535
40.573626724 -69.31483435630798 -20.62876594811678 30.050721168518066
40.593736736 -69.36122870445251 -20.64252746850252 30.050538063049316
40.613700035 -69.43080115318298 -20.66318405419588 30.050244331359863
40.633644885 -69.47717261314392 -20.67698372155428 30.05003833770752
40.653696728 -69.54670691490173 -20.697684176266193 30.049717903137207
40.673617978 -69.59304022789001 -20.71147621423006 30.0494966506958
40.693914145 -69.66252112388611 -20.73219383507967 30.04911518096924
40.713641582 -69.70882391929626 -20.7459954097867 30.048836708068848
40.73367106 -69.77827429771423 -20.766680605709553 30.0483980178833
40.753643944 -69.82456946372986 -20.780489809811115 30.048027992248535
40.773613335 -69.89398169517517 -20.801178820431232 30.047478675842285
40.793851754 -69.94024634361267 -20.81498420983553 30.04707431793213
40.813647357 -70.00962042808533 -20.835671313107014 30.046483039855957
40.833623657 -70.05584692955017 -20.849451906979084 30.046074867248535
40.85367275 -70.12515234947205 -20.870104677975178 30.045430183410645
40.873627113 -70.17132544517517 -20.883856661617756 30.045010566711426
40.894035641 -70.2405698299408 -20.904477007687092 30.04439640045166
40.913640093 -70.2867124080658 -20.918225176632404 30.04398822784424
40.933690623 -70.3559033870697 -20.938847430050373 30.04336643218994
40.953649465 -70.40201544761658 -20.952629931271076 30.042920112609863
40.973598384 -70.47116827964783 -20.973305590450764 30.042275428771973
40.993713221 -70.51725745201111 -20.98711097985506 30.041863441467285
41.013623626 -70.5863721370697 -21.00785530358553 30.041279792785645
41.033638178 -70.63243079185486 -21.021685488522053 30.040905952453613
41.053671049 -70.70149970054626 -21.042464144527912 30.040364265441895
41.073604201 -70.7475278377533 -21.05631721764803 30.040024757385254
41.09374129 -70.81652808189392 -21.077160723507404 30.039498329162598
41.113682227 -70.86251044273376 -21.09107292443514 30.03913974761963
41.133641521 -70.9314649105072 -21.111966021358967 30.038620948791504
41.153648048 -70.97740149497986 -21.125981219112873 30.03828525543213
41.173594093 -71.04629492759705 -21.147013552486897 30.037816047668457
41.193682717 -71.09219336509705 -21.161072619259357 30.03749942779541
41.21374927 -71.16101050376892 -21.182225115597248 30.037014961242676
41.237304535 -71.20687079429626 -21.19633186608553 30.03671360015869
41.257882839 -71.2756040096283 -21.217617876827717 30.03627109527588
41.277865107 -71.32141089439392 -21.23182762414217 30.035988807678223
41.297841312 -71.39009833335876 -21.253167040646076 30.03560733795166
41.317885634 -71.4358594417572 -21.267414934933186 30.035367012023926
41.337842019 -71.50447058677673 -21.288819201290607 30.035019874572754
41.357874705 -71.55015540122986 -21.30314338952303 30.034783363342285
41.377959703 -71.61867499351501 -21.324612505733967 30.034443855285645
41.39784194 -71.66434454917908 -21.33893860131502 30.03423023223877
41.417861279 -71.73281073570251 -21.360459215939045 30.033909797668457
41.437854662 -71.77845740318298 -21.37479294091463 30.033699989318848
41.457871321 -71.84688544273376 -21.396315462887287 30.03341007232666
41.477916882 -71.89250922203064 -21.410635836422443 30.033223152160645
41.497835826 -71.96095252037048 -21.432080157101154 30.03294849395752
41.517844693 -72.00659155845642 -21.446385271847248 30.032784461975098
41.537856554 -72.07507300376892 -21.46781624108553 30.032551765441895
41.557861232 -72.12073493003845 -21.48211181908846 30.0324068069458
41.577907069 -72.18922400474548 -21.503512270748615 30.03220844268799
41.597863706 -72.23488593101501 -21.517767794430256 30.032078742980957
41.617846518 -72.30339026451111 -21.539141543209553 30.031865119934082
41.637857685 -72.34907507896423 -21.55336654931307 30.031723976135254
41.657978055 -72.41764807701111 -21.57469642907381 30.031521797180176
41.677882066 -72.46337866783142 -21.588892824947834 30.03138828277588
41.697842717 -72.53202033042908 -21.610152132809162 30.03117084503174
41.717849247 -72.57778906822205 -21.624319918453693 30.031006813049316
41.737855111 -72.64647650718689 -21.6455372646451 30.030770301818848
41.757849248 -72.69230628013611 -21.65967834740877 30.03060245513916
41.778148041 -72.76109290122986 -21.68087089806795 30.030339241027832
41.797848438 -72.80696845054626 -21.6949700191617 30.030152320861816
41.817860654 -72.87583136558533 -21.71612823754549 30.02982807159424
41.837840247 -72.92174506187439 -21.730189211666584 30.029629707336426
41.857844508 -72.99063849449158 -21.75129783898592 30.02925968170166
41.877975183 -73.03657507896423 -21.765354998409748 30.028996467590332
41.897853141 -73.10549139976501 -21.78641403466463 30.028565406799316
41.917856092 -73.1514356136322 -21.8004444912076 30.02822208404541
41.937928893 -73.22035193443298 -21.821408160030842 30.02772617340088
41.95788406 -73.26631140708923 -21.835320360958576 30.02739429473877
41.977897769 -73.33525061607361 -21.85606849938631 30.02689838409424
41.997844275 -73.38121008872986 -21.869843371212482 30.02657413482666
42.017867515 -73.4501645565033 -21.89039696007967 30.026066780090332
42.037851123 -73.49612402915955 -21.904045946896076 30.02575397491455
42.057855933 -73.56506323814392 -21.92444694787264 30.025254249572754
42.077902976 -73.61104559898376 -21.93799865990877 30.024949073791504
42.097851 -73.68000769615173 -21.9582814052701 30.02455234527588
42.117863085 -73.72599768638611 -21.97176445275545 30.024331092834473
42.137880053 -73.79499793052673 -21.991928942501545 30.024041175842285
42.15785512 -73.8410336971283 -22.00532043725252 30.02390766143799
42.1779216 -73.91008734703064 -22.02535331994295 30.02375888824463
42.19783758 -73.95613074302673 -22.03867805749178 30.02367877960205
42.217858674 -74.0252149105072 -22.058628924190998 30.02361011505127
42.237863186 -74.07128119468689 -22.07191551476717 30.023579597473145
42.257875172 -74.14037299156189 -22.0918206050992 30.023499488830566
42.278048196 -74.18646216392517 -22.105074770748615 30.02346897125244
42.29784733 -74.25559210777283 -22.12491501122713 30.023449897766113
42.317834963 -74.30169653892517 -22.13811195641756 30.023449897766113
42.337824179 -74.37088751792908 -22.157864458858967 30.023491859436035
42.357848557 -74.41703009605408 -22.171007998287678 30.023503303527832
42.377903459 -74.46317267417908 -22.184117205440998 30.023537635803223
42.397817353 -74.5324170589447 -22.20372474938631 30.023625373840332
42.417837496 -74.60166907310486 -22.22326935082674 30.023781776428223
42.437850765 -74.64786505699158 -22.236279375851154 30.02392292022705
42.457903817 -74.71719336509705 -22.255772478878498 30.02419376373291
42.477878712 -74.76345801353455 -22.268729098141193 30.02440357208252
42.497842393 -74.83288550376892 -22.288145907223225 30.02470874786377
42.517844318 -74.87920355796814 -22.301072008907795 30.024910926818848
42.537854045 -74.94871497154236 -22.32042396813631 30.025219917297363
42.557877579 -74.9950635433197 -22.333311922848225 30.0254487991333
42.577922788 -75.06465888023376 -22.352606661617756 30.025784492492676
42.597856288 -75.11109137535095 -22.365450747311115 30.026001930236816
42.617842662 -75.18079352378845 -22.384690172970295 30.026310920715332
42.637857059 -75.22727179527283 -22.397501833736897 30.026535987854004
42.657871326 -75.29701209068298 -22.41668213158846 30.027363777160645
42.678032775 -75.34354376792908 -22.429448015987873 30.028401374816895
42.697884625 -75.41331458091736 -22.448525317013264 30.03074359893799
42.717838402 -75.4598081111908 -22.46115768700838 30.032776832580566
42.7378789 -75.52947974205017 -22.479872591793537 30.036473274230957
42.757886604 -75.57583594322205 -22.492119677364826 30.03921604156494
42.778022226 -75.64526343345642 -22.510016329586506 30.043850898742676
42.797894323 -75.69142127037048 -22.52152717858553 30.04714298248291
42.817858885 -75.7604672908783 -22.538039095699787 30.05226230621338
42.837868672 -75.8063428401947 -22.548413164913654 30.055771827697754
42.857829744 -75.87490057945251 -22.562931902706623 30.060887336730957
42.877908147 -75.92042517662048 -22.571804888546467 30.064221382141113
42.897856932 -75.98842597007751 -22.58390510827303 30.06898593902588
42.917847424 -76.03356146812439 -22.591015703976154 30.071980476379395
42.937879832 -76.10096716880798 -22.600115664303303 30.076119422912598
42.957861618 -76.14569067955017 -22.605223543941975 30.078625679016113
42.977920761 -76.21244788169861 -22.611061938107014 30.081902503967285
42.997853214 -76.25675940513611 -22.613844759762287 30.083779335021973
43.017838886 -76.32292151451111 -22.616337664425373 30.086129188537598
43.037873541 -76.36684393882751 -22.616665728390217 30.087342262268066
43.057854404 -76.43245673179626 -22.615538485348225 30.088791847229004
43.077919901 -76.4760205745697 -22.613564379513264 30.08944797515869
43.097893213 -76.54109930992126 -22.608748324215412 30.08996295928955
43.117816129 -76.5842969417572 -22.604456789791584 30.09005069732666
43.137907297 -76.6488721370697 -22.59593666344881 30.089730262756348
43.157832272 -76.69172644615173 -22.589346773922443 30.08937931060791
43.178092968 -76.75579810142517 -22.577420122921467 30.08849048614502
43.197848214 -76.79835486412048 -22.568350680172443 30.087716102600098
43.217848479 -76.86196875572205 -22.55311096459627 30.086323738098145
43.237893996 -76.9042661190033 -22.54164779931307 30.08522891998291
43.261447979 -76.96750617027283 -22.52301872521639 30.083420753479004
43.286745056 -77.00955939292908 -22.50951660424471 30.08210849761963
43.306791292 -77.07247138023376 -22.48770797997713 30.07999897003174
43.326853755 -77.11428809165955 -22.47230613976717 30.078526496887207
43.346771519 -77.1769483089447 -22.44758690148592 30.07624912261963
43.366893814 -77.21862769126892 -22.43026626855135 30.074685096740723
43.38677016 -77.28101325035095 -22.403073199093342 30.07230854034424
43.406734582 -77.32258582115173 -22.384018786251545 30.070713996887207
43.426854657 -77.38474249839783 -22.354571230709553 30.06832981109619
43.447384368 -77.42617774009705 -22.334107287228107 30.06675434112549
43.467857561 -77.48821997642517 -22.3025196865201 30.06442356109619
43.487831798 -77.52955603599548 -22.28081787377596 30.062893867492676
43.507808387 -77.59152960777283 -22.247345812618732 30.060627937316895
43.527885191 -77.63278937339783 -22.224512942135334 30.059144020080566
43.547860452 -77.69474005699158 -22.189297564327717 30.056984901428223
43.567816269 -77.73602271080017 -22.165341265499592 30.05563449859619
43.587808565 -77.7979199886322 -22.128723986446857 30.05369281768799
43.607773033 -77.83926367759705 -22.103777773678303 30.052464485168457
43.627903048 -77.9012143611908 -22.065787203609943 30.050705909729004
43.648105171 -77.94252753257751 -22.04004181176424 30.049595832824707
43.667949139 -78.00453162193298 -22.000853426754475 30.048035621643066
43.687784556 -78.04583716392517 -21.974413760006428 30.0470552444458
43.707791853 -78.10781073570251 -21.934292681515217 30.045674324035645
43.72788335 -78.14908576011658 -21.90728271752596 30.044800758361816
43.74782748 -78.2111508846283 -21.866303332149982 30.043606758117676
43.767833206 -78.25251746177673 -21.838742144405842 30.042847633361816
43.787822505 -78.31455969810486 -21.79706085473299 30.04179859161377
43.807880643 -78.35600256919861 -21.769041903316975 30.04118824005127
43.827898868 -78.41811347007751 -21.726757891476154 30.040345191955566
43.847852337 -78.4595410823822 -21.698397524654865 30.039830207824707
43.867783835 -78.5216977596283 -21.65564239770174 30.039109230041504
43.887860164 -78.56308722496033 -21.62700928002596 30.03866672515869
43.909111405 -78.62525153160095 -21.583922274410725 30.038090705871582
43.930514787 -78.66665625572205 -21.555106051266193 30.03774356842041
43.950357051 -78.72871375083923 -21.51175583153963 30.03726291656494
43.970311032 -78.77003455162048 -21.482788927853107 30.036919593811035
43.991988023 -78.83194708824158 -21.43925178796053 30.036442756652832
44.013981845 -78.8732373714447 -21.410214312374592 30.03615665435791
44.033964738 -78.93507361412048 -21.366589434444904 30.035752296447754
44.053943186 -78.97624945640564 -21.337504275143147 30.03550434112549
44.073900088 -79.03794836997986 -21.293909914791584 30.035183906555176
44.093991616 -79.07900977134705 -21.26482666283846 30.034993171691895
44.113987502 -79.14061713218689 -21.221312411129475 30.034802436828613
44.133920345 -79.18162512779236 -21.192320711910725 30.034714698791504
44.153907836 -79.24302649497986 -21.148863680660725 30.03462314605713
44.17388867 -79.28393530845642 -21.12000549584627 30.03464984893799
44.194128642 -79.34517645835876 -21.07671631127596 30.034687995910645
44.216215363 -79.38594031333923 -21.04791534692049 30.03471851348877
44.236162194 -79.44695258140564 -21.004717715084553 30.03474521636963
44.256696689 -79.48754858970642 -20.975987322628498 30.03477191925049
44.276287764 -79.54835486412048 -20.933003313839436 30.034810066223145
44.299724271 -79.5888135433197 -20.90435303002596 30.034836769104004
44.326959609 -79.64942145347595 -20.861592181026936 30.034913063049316
44.37148694 -79.68975043296814 -20.833117373287678 30.034951210021973
44.391597881 -79.75014472007751 -20.790453799068928 30.03500461578369
44.416627316 -79.79035925865173 -20.762143023312092 30.035035133361816
44.438571849 -79.85057044029236 -20.719672091305256 30.035073280334473
44.458616829 -79.89065527915955 -20.69142235070467 30.0350923538208
44.480835226 -79.95071387290955 -20.649147875607014 30.035088539123535
44.502367429 -79.99068427085876 -20.62097442895174 30.035080909729004
44.524703117 -80.05063605308533 -20.578905947506428 30.035046577453613
44.545098942 -80.09050726890564 -20.550782091915607 30.035012245178223
44.565868082 -80.15032172203064 -20.508807070553303 30.034966468811035
44.585803073 -80.19014716148376 -20.480835802853107 30.03493595123291
44.605769333 -80.24981665611267 -20.438889391720295 30.03487491607666
44.626447048 -80.28958868980408 -20.411011584103107 30.034863471984863
44.64694103 -80.34916663169861 -20.369171984493732 30.034852027893066
44.667078309 -80.3888623714447 -20.341296084225178 30.03483295440674
44.68797045 -80.44837164878845 -20.299490816891193 30.034794807434082
44.707908335 -80.4879834651947 -20.271584399044514 30.03477191925049
44.728056418 -80.54746222496033 -20.229784853756428 30.034829139709473
44.748000887 -80.58709692955017 -20.20188606530428 30.034871101379395
44.767907018 -80.64652991294861 -20.159991152584553 30.03492832183838
44.787900116 -80.68616461753845 -20.132067568600178 30.034966468811035
44.807948073 -80.74549841880798 -20.090052492916584 30.035000801086426
44.828075275 -80.78501105308533 -20.06205452233553 30.03501605987549
44.848003727 -80.84416937828064 -20.01999557763338 30.03502368927002
44.867924677 -80.88353705406189 -19.991944201290607 30.03500461578369
44.887921783 -80.94248175621033 -19.949849016964436 30.034924507141113
44.907901082 -80.98171210289001 -19.921736605465412 30.034859657287598
44.928007917 -81.04048132896423 -19.879612810909748 30.03474521636963
44.947956456 -81.07961249351501 -19.85149658471346 30.034646034240723
44.967926074 -81.13823676109314 -19.809271700680256 30.034459114074707
44.987916519 -81.17727637290955 -19.781153567135334 30.034295082092285
45.007893596 -81.23577094078064 -19.738905794918537 30.034035682678223
45.028012843 -81.2747266292572 -19.7107170894742 30.033833503723145
45.047967624 -81.33311438560486 -19.66839111596346 30.033513069152832
45.067926074 -81.37200140953064 -19.640129931271076 30.033303260803223
45.087905199 -81.43025183677673 -19.597689516842365 30.03297519683838
45.107910614 -81.46903204917908 -19.56933868676424 30.032753944396973
45.128001934 -81.52719855308533 -19.52678955346346 30.03237247467041
45.147948147 -81.56593298912048 -19.49837578088045 30.032109260559082
45.167945888 -81.62398505210876 -19.455675967037678 30.031685829162598
45.187921313 -81.6626660823822 -19.42716682702303 30.031384468078613
45.207894026 -81.72061133384705 -19.38432014733553 30.03093433380127
45.227994404 -81.75921607017517 -19.355698473751545 30.030659675598145
45.248064231 -81.81706976890564 -19.312741167843342 30.03024387359619
45.267911839 -81.85561347007751 -19.284062273800373 30.029969215393066
45.287902191 -81.91340613365173 -19.241047747433186 30.029541969299316
45.30787774 -81.95191168785095 -19.212342150509357 30.029255867004395
45.327970215 -82.00963568687439 -19.16923988610506 30.02877140045166
45.348008768 -82.04809546470642 -19.140488512814045 30.028462409973145
45.367965106 -82.10577368736267 -19.097321398556232 30.02803897857666
45.387912321 -82.1442563533783 -19.068562395870686 30.027745246887207
45.407874681 -82.2019727230072 -19.025374300777912 30.027318000793457
45.427960163 -82.24047064781189 -18.99657142907381 30.0270357131958
45.448000889 -82.29821753501892 -18.95332992821932 30.02660846710205
45.467928077 -82.33669257164001 -18.924458391964436 30.02633762359619
45.48788243 -82.39442420005798 -18.881157763302326 30.02590274810791
45.507880798 -82.43288397789001 -18.85225761681795 30.02561664581299
45.527926695 -82.49053931236267 -18.808855898678303 30.02522373199463
45.548108311 -82.52897620201111 -18.77991760522127 30.024956703186035
45.567952173 -82.58660864830017 -18.736437685787678 30.02457904815674
45.587901892 -82.62502264976501 -18.70740593224764 30.024331092834473
45.6079113 -82.68261694908142 -18.663790591061115 30.02397632598877
45.627931282 -82.72100043296814 -18.634688265621662 30.023804664611816
45.648123669 -82.77854895591736 -18.590975649654865 30.023526191711426
45.667936531 -82.81688666343689 -18.561787493526936 30.02333927154541
45.687891751 -82.87437415122986 -18.517969973385334 30.023003578186035
45.708012306 -82.91268134117126 -18.488739855587482 30.022774696350098
45.728014358 -82.97010016441345 -18.444863207638264 30.022439002990723
45.74800818 -83.00837683677673 -18.415633089840412 30.022160530090332
45.767917292 -83.0657651424408 -18.371777422726154 30.021740913391113
45.787892062 -83.10401129722595 -18.342554934322834 30.02144718170166
45.808030257 -83.16133093833923 -18.298760302364826 30.021008491516113
45.827912185 -83.19952368736267 -18.269556887447834 30.020737648010254
45.848090226 -83.25685095787048 -18.225815661251545 30.0203218460083
45.867987187 -83.29504370689392 -18.196606524288654 30.0200777053833
45.887904887 -83.35235571861267 -18.152878649532795 30.019707679748535
45.907932945 -83.39054083824158 -18.123719103634357 30.019471168518066
45.927928132 -83.44779181480408 -18.079956896603107 30.01915454864502
45.948068949 -83.48596167564392 -18.05080307275057 30.018967628479004
45.967936374 -83.54318976402283 -18.007052309811115 30.018715858459473
45.98791839 -83.58133673667908 -17.97789467126131 30.018567085266113
46.007937643 -83.63852667808533 -17.93417251855135 30.01836109161377
46.027942614 -83.67663550376892 -17.905009157955647 30.018223762512207
46.047997708 -83.73375678062439 -17.8613575771451 30.01802158355713
46.067959819 -83.77182745933533 -17.832255251705647 30.017884254455566
46.08791492 -83.82891821861267 -17.7885979488492 30.017674446105957
46.107878773 -83.86699652671814 -17.75954330712557 30.017552375793457
46.127909913 -83.92406439781189 -17.71590317040682 30.017441749572754
46.147987132 -83.96213507652283 -17.686854250729084 30.017373085021973
46.167955746 -84.01921820640564 -17.643248446285725 30.017258644104004
46.187901308 -84.05728125572205 -17.614188082516193 30.017186164855957
46.207957689 -84.11435675621033 -17.570608980953693 30.017094612121582
46.228004963 -84.15239691734314 -17.541539080440998 30.017048835754395
46.24805835 -84.20947241783142 -17.49800766259432 30.016980171203613
46.267931497 -84.24751257896423 -17.468985445797443 30.01692295074463
46.287907231 -84.30455756187439 -17.425446398556232 30.016812324523926
46.30790963 -84.34258246421814 -17.39643371850252 30.016724586486816
46.327916644 -84.39958930015564 -17.352890856564045 30.016602516174316
46.347983297 -84.4375684261322 -17.323859103024006 30.016514778137207
46.367963294 -84.49449896812439 -17.280270464718342 30.01637363433838
46.387916999 -84.53243231773376 -17.25118149071932 30.016282081604004
46.40790083 -84.58925604820251 -17.207552798092365 30.01614475250244
46.4278947 -84.62711310386658 -17.178444750607014 30.01603412628174
46.448135248 -84.68383002281189 -17.13480842858553 30.015843391418457
46.467942929 -84.7216260433197 -17.105709917843342 30.01570987701416
46.487914357 -84.77829718589783 -17.0620354488492 30.01549243927002
46.507915477 -84.81605505943298 -17.03289306908846 30.015313148498535
46.527904721 -84.87268042564392 -16.989153750240803 30.014973640441895
46.548053682 -84.91041541099548 -16.9599846675992 30.014748573303223
46.567907974 -84.9670102596283 -16.916199572384357 30.014397621154785
46.587897754 -85.00473761558533 -16.886980898678303 30.014180183410645
46.607918484 -85.06130194664001 -16.843069918453693 30.01381015777588
46.627895992 -85.09901404380798 -16.813759692013264 30.013577461242676
46.648544741 -85.15557837486267 -16.76974380761385 30.013230323791504
46.668590268 -85.19325995445251 -16.740374453365803 30.013012886047363
46.687910721 -85.24976325035095 -16.696282275021076 30.01271152496338
46.707918099 -85.28740668296814 -16.666861422359943 30.012478828430176
46.72790484 -85.34384894371033 -16.622698672115803 30.012139320373535
46.748026685 -85.38144659996033 -16.593245394527912 30.011902809143066
46.76792213 -85.43779730796814 -16.54903305321932 30.011536598205566
46.787911886 -85.47534918785095 -16.519537813961506 30.01130771636963
46.807993823 -85.53163886070251 -16.475247271358967 30.010937690734863
46.827911635 -85.56915259361267 -16.445698626339436 30.010735511779785
46.851799089 -85.62541937828064 -16.401341326534748 30.01046848297119
46.875549862 -85.6629331111908 -16.371716387569904 30.010293006896973
46.895528033 -85.71919226646423 -16.32725227624178 30.01006031036377
46.915631721 -85.75669836997986 -16.29757583886385 30.009915351867676
46.935539389 -85.81294989585876 -16.253029711544514 30.009751319885254
46.955522401 -85.85041785240173 -16.223305590450764 30.009629249572754
46.975520403 -85.90663886070251 -16.17868698388338 30.00944232940674
46.995524177 -85.94412207603455 -16.148922808468342 30.009324073791504
47.015619031 -86.00035071372986 -16.104218371212482 30.009148597717285
47.035551706 -86.03783392906189 -16.07439697533846 30.009106636047363
47.055588087 -86.09407019615173 -16.029629595577717 30.00907611846924
47.075531743 -86.13158392906189 -15.99976909905672 30.009007453918457
47.095602211 -86.18785834312439 -15.954967387020588 30.00889301300049
47.115700241 -86.2254102230072 -15.925086863338947 30.008824348449707
47.135529682 -86.28177618980408 -15.880250819027424 30.008679389953613
47.155548606 -86.31937384605408 -15.850354082882404 30.008599281311035
47.175521989 -86.37580847740173 -15.80548370629549 30.008458137512207
47.195496396 -86.41343665122986 -15.775568850338459 30.00839328765869
47.215655724 -86.46988654136658 -15.730699427425861 30.008240699768066
47.235541008 -86.5075147151947 -15.700791247189045 30.008126258850098
47.25549526 -86.56395697593689 -15.655936129391193 30.007935523986816
47.275522282 -86.60158514976501 -15.626031763851643 30.0077486038208
47.2954923 -86.65805792808533 -15.58115566521883 30.007466316223145
47.315648405 -86.69571661949158 -15.551223643124104 30.007248878479004
47.335544091 -86.75223517417908 -15.50629223138094 30.006962776184082
47.355522271 -86.78993201255798 -15.476326830685139 30.006783485412598
47.375505489 -86.84651160240173 -15.431316263973713 30.00651264190674
47.395502486 -86.8842465877533 -15.401303179562092 30.006352424621582
47.415620177 -86.94087195396423 -15.35626781731844 30.006138801574707
47.435559657 -86.97866797447205 -15.326208956539631 30.006001472473145
47.455497947 -87.03535437583923 -15.281140215694904 30.00584888458252
47.475497822 -87.07319617271423 -15.25108040124178 30.005749702453613
47.495523026 -87.12996649742126 -15.205993540585041 30.00563144683838
47.515613645 -87.16783118247986 -15.175936587154865 30.005574226379395
47.535537379 -87.22462439537048 -15.130857355892658 30.005383491516113
47.555575938 -87.26248908042908 -15.100807078182697 30.005284309387207
47.575579034 -87.31933569908142 -15.055761225521564 30.005135536193848
47.59552583 -87.3572461605072 -15.025745280086994 30.005043983459473
47.615582617 -87.41416144371033 -14.980734713375568 30.004910469055176
47.635542239 -87.45214819908142 -14.95073402673006 30.00480365753174
47.660264002 -87.5091245174408 -14.905739672482014 30.00467014312744
47.682535973 -87.54711127281189 -14.875743754208088 30.004586219787598
47.702424267 -87.60413336753845 -14.830746538937092 30.004456520080566
47.722446955 -87.64216589927673 -14.800748713314533 30.004387855529785
47.742504905 -87.69920325279236 -14.755735285580158 30.004250526428223
47.762398915 -87.73723578453064 -14.725722201168537 30.00417423248291
47.782557241 -87.79429602622986 -14.680692560970783 30.00399875640869
47.802451979 -87.8323438167572 -14.650692827999592 30.003884315490723
47.822447888 -87.88941931724548 -14.605720408260822 30.00371265411377
47.842414121 -87.92748236656189 -14.575719721615314 30.00357151031494
47.862404452 -87.98459601402283 -14.530728228390217 30.003392219543457
47.882523057 -88.02268195152283 -14.50074566155672 30.003304481506348
47.902411142 -88.0798032283783 -14.455757029354572 30.00320529937744
47.922474225 -88.11787390708923 -14.425763972103596 30.003159523010254
47.942403653 -88.17494177818298 -14.380744822323322 30.003064155578613
47.962391465 -88.2129819393158 -14.350740320980549 30.003003120422363
47.98250973 -88.27003455162048 -14.305742152035236 30.002907752990723
48.002455615 -88.3080518245697 -14.275760538876057 30.00283908843994
48.022438556 -88.36505103111267 -14.230820544064045 30.002739906311035
48.042392111 -88.40301489830017 -14.200859911739826 30.00267505645752
48.062409668 -88.45995306968689 -14.155915148556232 30.00257968902588
48.082628303 -88.4978940486908 -14.1259421184659 30.002488136291504
48.102444807 -88.55477118492126 -14.080991633236408 30.002293586730957
48.122409242 -88.59268164634705 -14.051030047237873 30.002171516418457
48.142406333 -88.64952063560486 -14.006107218563557 30.001885414123535
48.162394298 -88.68740057945251 -13.976172335445881 30.00169086456299
48.182681311 -88.74422430992126 -13.931280978024006 30.001416206359863
48.202448082 -88.78211951255798 -13.901355631649494 30.00117588043213
48.222435187 -88.83897376060486 -13.856470949947834 30.00084400177002
48.242398859 -88.87689185142517 -13.826536066830158 30.00060749053955
48.262396295 -88.9337842464447 -13.7816456630826 30.00028705596924
48.282549043 -88.9717481136322 -13.751723177731037 30.000073432922363
48.30244177 -89.02873969078064 -13.706848032772541 29.99977207183838
48.322439568 -89.06675696372986 -13.676937945187092 29.99960422515869
48.342413538 -89.12390875816345 -13.632075197994709 29.999337196350098
48.362415081 -89.16203284263611 -13.602187044918537 29.999184608459473
48.382524584 -89.21926093101501 -13.557383425533772 29.998970985412598
48.402446143 -89.25743842124939 -13.52750862389803 29.998826026916504
48.422444765 -89.31471228599548 -13.482710726559162 29.998658180236816
48.442403271 -89.35288977622986 -13.452854044735432 29.99852466583252
48.462412627 -89.41017127037048 -13.408091433346272 29.9983491897583
48.482533058 -89.44836401939392 -13.37826431542635 29.998269081115723
48.502444371 -89.50569891929626 -13.333547480404377 29.99815845489502
48.522432607 -89.54392218589783 -13.303752787411213 29.99813175201416
48.542435616 -89.6012647151947 -13.259119875729084 29.998143196105957
48.562405635 -89.6394727230072 -13.229376681149006 29.998177528381348
48.582576345 -89.69676947593689 -13.184788592159748 29.99825382232666
48.602453476 -89.73493933677673 -13.155071146786213 29.998291969299316
48.622421944 -89.79215979576111 -13.11051357537508 29.998387336730957
48.642406593 -89.83026099205017 -13.080819971859455 29.998494148254395
48.662385718 -89.88734412193298 -13.03627098351717 29.998684883117676
48.682514959 -89.92537665367126 -13.006579287350178 29.99882984161377
48.702461573 -89.98234534263611 -12.961974032223225 29.99907398223877
48.722450076 -90.02029395103455 -12.932217486202717 29.999272346496582
48.742415922 -90.07717871665955 -12.887548334896564 29.999558448791504
48.762407146 -90.11506628990173 -12.857694514095783 29.99977207183838
48.782500369 -90.17191290855408 -12.812960512936115 30.00013828277588
48.802480263 -90.20976233482361 -12.783079989254475 30.000401496887207
48.822420889 -90.26654028892517 -12.738240130245686 30.000813484191895
48.842396933 -90.30436682701111 -12.708296664059162 30.00109577178955
48.862411064 -90.36108374595642 -12.663334734737873 30.001500129699707
48.882639225 -90.39888739585876 -12.633358843624592 30.00175952911377
48.902460693 -90.45559668540955 -12.588335879147053 30.002110481262207
48.922392774 -90.49341559410095 -12.558309443295002 30.00235080718994
48.942415263 -90.5501401424408 -12.513258822262287 30.002705574035645
48.962422028 -90.58795142173767 -12.483150370419025 30.002923011779785
48.982561871 -90.64467597007751 -12.437996752560139 30.00325107574463
49.002444777 -90.68249487876892 -12.407875902950764 30.003457069396973
49.022429455 -90.73921179771423 -12.362633593380451 30.003762245178223
49.042396762 -90.77703070640564 -12.33247173577547 30.00401020050049
49.06241473 -90.83374762535095 -12.287205584347248 30.00437641143799
49.082473262 -90.87155890464783 -12.257040865719318 30.004631996154785
49.102455671 -90.92826819419861 -12.21177376061678 30.00503635406494
49.122405842 -90.96607184410095 -12.181607134640217 30.005318641662598
49.142401799 -91.02275061607361 -12.136383898556232 30.00578784942627
49.162435489 -91.06054663658142 -12.106242068111897 30.00610065460205
49.182497126 -91.11726355552673 -12.061077006161213 30.00658893585205
49.202476538 -91.15509009361267 -12.030992396175861 30.006909370422363
49.222433311 -91.2118604183197 -11.985886462032795 30.0073823928833
49.242395639 -91.24971747398376 -11.955839045345783 30.00770664215088
49.262398188 -91.30652594566345 -11.910731203854084 30.008187294006348
49.282523257 -91.34439063072205 -11.88068187981844 30.00851535797119
49.302479397 -91.40118384361267 -11.835636980831623 30.00901508331299
49.322426813 -91.43904852867126 -11.805633433163166 30.009358406066895
49.342433531 -91.49584174156189 -11.76067341119051 30.009942054748535
49.362424417 -91.53369116783142 -11.730688937008381 30.01034641265869
49.382512539 -91.59049201011658 -11.685730822384357 30.0109224319458
49.402460882 -91.62837195396423 -11.655745394527912 30.011303901672363
49.422414816 -91.68521094322205 -11.610773928463459 30.011860847473145
49.442430698 -91.72312140464783 -11.580814249813557 30.012227058410645
49.462443382 -91.78002905845642 -11.535851366817951 30.012764930725098
49.482469911 -91.81799292564392 -11.505893595516682 30.013123512268066
49.502464486 -91.87497687339783 -11.460984118282795 30.013649940490723
49.522387494 -91.91300177574158 -11.431057818233967 30.0139741897583
49.542410907 -91.97007727622986 -11.386204607784748 30.014405250549316
49.562410469 -92.0081479549408 -11.356316454708576 30.014676094055176
49.582504002 -92.0652768611908 -11.311521418392658 30.0150728225708
49.602554099 -92.10338568687439 -11.281668551266193 30.01530933380127
49.622417076 -92.16056799888611 -11.236891634762287 30.015625953674316
49.64242237 -92.1986997127533 -11.2070607021451 30.015847206115723
49.662389364 -92.25590491294861 -11.1622608974576 30.016125679016113
49.682491322 -92.29402136802673 -11.132395632565022 30.01632022857666
49.702484433 -92.35118842124939 -11.087609179317951 30.01661777496338
49.722416525 -92.38928198814392 -11.057736285030842 30.016751289367676
49.742509428 -92.44643378257751 -11.01296604424715 30.016926765441895
49.762427433 -92.48453497886658 -10.98313606530428 30.017006874084473
49.782715194 -92.54166388511658 -10.938390620052814 30.017098426818848
49.802492924 -92.57974982261658 -10.908575899899006 30.017155647277832
49.822418855 -92.63684058189392 -10.86387336999178 30.01718235015869
49.84241461 -92.67491126060486 -10.834113009274006 30.017178535461426
49.862418232 -92.73197150230408 -10.78950870782137 30.017109870910645
49.882570807 -92.77000403404236 -10.759801752865314 30.01704502105713
49.902488403 -92.82704138755798 -10.715289004147053 30.016934394836426
49.922415631 -92.86504340171814 -10.685656435787678 30.016819953918457
49.942425685 -92.92203497886658 -10.641255266964436 30.016655921936035
49.962430031 -92.9600293636322 -10.611690409481525 30.016533851623535
49.982536343 -93.01699805259705 -10.567408449947834 30.01632022857666
50.002505863 -93.05499243736267 -10.53792179375887 30.016179084777832
50.022443018 -93.11198401451111 -10.493740923702717 30.015938758850098
50.042411443 -93.1499707698822 -10.464299090206623 30.015751838684082
50.062401691 -93.20693945884705 -10.420157320797443 30.01550006866455
50.082534087 -93.24491095542908 -10.39073932915926 30.01530933380127
50.102482304 -93.30189490318298 -10.346653826534748 30.015053749084473
50.122424149 -93.33985114097595 -10.31726349145174 30.014866828918457
50.142428935 -93.39681220054626 -10.273189432919025 30.014595985412598
50.162406477 -93.43479132652283 -10.243795283138752 30.014412879943848
50.18256 -93.4917905330658 -10.199691660702229 30.014100074768066
50.202518704 -93.52981543540955 -10.17030132561922 30.013901710510254
50.222426542 -93.58689856529236 -10.126179583370686 30.01352024078369
50.242408146 -93.62499976158142 -10.096758730709553 30.013279914855957
50.262387622 -93.68218207359314 -10.052626498043537 30.01290225982666
50.282511111 -93.72035956382751 -10.023149378597736 30.012585639953613
50.302771322 -93.77767157554626 -9.978939898312092 30.012120246887207
50.322405576 -93.81591773033142 -9.949445612728596 30.01179599761963
50.342411887 -93.87332892417908 -9.90516460686922 30.01131534576416
50.362381957 -93.91162085533142 -9.875647433102131 30.011013984680176
50.382532287 -93.96909308433533 -9.831343539059162 30.010621070861816
50.403089126 -94.00742316246033 -9.801820643246174 30.01039218902588
50.422420581 -94.06494879722595 -9.757460482418537 30.010079383850098
50.44240757 -94.10332465171814 -9.72789467126131 30.00990390777588
50.462384124 -94.16091132164001 -9.683565028011799 30.009682655334473
50.482458891 -94.19933295249939 -9.653980143368244 30.00956439971924
50.502502074 -94.25698828697205 -9.609603770077229 30.00942325592041
50.522418058 -94.29545569419861 -9.579989321529865 30.00936222076416
50.54241737 -94.35323309898376 -9.53552521020174 30.009350776672363
50.562399865 -94.39177680015564 -9.50588596612215 30.009377479553223
50.58245393 -94.4496762752533 -9.461335070431232 30.00939655303955
50.602525157 -94.48829627037048 -9.431630976498127 30.00941562652588
50.622448617 -94.54627203941345 -9.387070544064045 30.009472846984863
50.642456053 -94.5849072933197 -9.357369311153889 30.009549140930176
50.662382352 -94.64286780357361 -9.312825091183186 30.009690284729004
50.682414363 -94.68148016929626 -9.283092387020588 30.009804725646973
50.703121091 -94.73938727378845 -9.238501437008381 30.01002597808838
50.722436698 -94.77798438072205 -9.20874584466219 30.010186195373535
50.742441964 -94.83585333824158 -9.16407573968172 30.010369300842285
50.762409876 -94.87441992759705 -9.134305842220783 30.010499000549316
50.782408322 -94.9321973323822 -9.089573748409748 30.010659217834473
50.802519657 -94.97070288658142 -9.059749491512775 30.010750770568848
50.82241037 -95.02843451499939 -9.015019305050373 30.01088047027588
50.842420851 -95.06690955162048 -8.985154040157795 30.010903358459473
50.862376184 -95.12461829185486 -8.940385706722736 30.010960578918457
50.882414915 -95.16307044029236 -8.91053570061922 30.010998725891113
50.902538691 -95.22074103355408 -8.8658102825284 30.011055946350098
50.922413022 -95.25916266441345 -8.836007006466389 30.011082649230957
50.942441546 -95.31675696372986 -8.791303522884846 30.011059761047363
50.962398336 -95.35514044761658 -8.761532671749592 30.0110445022583
50.98240649 -95.41270422935486 -8.71684730798006 30.010933876037598
51.002480716 -95.45108008384705 -8.687072642147541 30.01084613800049
51.022472231 -95.5086362361908 -8.642436869442463 30.01072406768799
51.042407279 -95.54702734947205 -8.612671740353107 30.01060199737549
51.062410633 -95.60462164878845 -8.568087466061115 30.010445594787598
51.082403957 -95.64302802085876 -8.53839672356844 30.01033115386963
51.102430726 -95.70064520835876 -8.493910677731037 30.01014804840088
51.122421377 -95.73906683921814 -8.464291460812092 30.01004123687744
51.142460013 -95.7966992855072 -8.419882662594318 30.009900093078613
51.162396068 -95.83512854576111 -8.390327341854572 30.009835243225098
51.182412931 -95.89277625083923 -8.346018679440022 30.00968647003174
51.202494318 -95.93121314048767 -8.316514857113361 30.00959873199463
51.22242979 -95.98886847496033 -8.272313959896564 30.009495735168457
51.242452826 -96.02727484703064 -8.242841608822346 30.009446144104004
51.262379371 -96.08486914634705 -8.198683626949787 30.009404182434082
51.282416527 -96.1232602596283 -8.169265635311604 30.009373664855957
51.30247209 -96.18079352378845 -8.125205881893635 30.009316444396973
51.322427847 -96.21913886070251 -8.095874674618244 30.00929355621338
51.34239997 -96.27663397789001 -8.051931269466877 30.009182929992676
51.362396717 -96.31495642662048 -8.022685892879963 30.009106636047363
51.38240209 -96.37242102622986 -7.978896506130695 30.00903034210205
51.40250786 -96.4107129573822 -7.949718840420246 30.00896167755127
51.422438785 -96.46817755699158 -7.906006224453449 30.008904457092285
51.442442959 -96.50644659996033 -7.876924403011799 30.008793830871582
51.462377054 -96.56384253501892 -7.833363421261311 30.00864887237549
51.48240119 -96.60208868980408 -7.80436647683382 30.00852680206299
51.503183758 -96.65943121910095 -7.76090944558382 30.008313179016113
51.522410406 -96.69765448570251 -7.7319697216153145 30.008187294006348
51.542396434 -96.75493597984314 -7.688631422817707 30.007962226867676
51.562409258 -96.79312872886658 -7.659784682095051 30.007821083068848
51.582430082 -96.85040259361267 -7.616583712399006 30.0076265335083
51.602425397 -96.88856482505798 -7.587834723293781 30.00747013092041
51.622415676 -96.94580817222595 -7.544743902981281 30.007264137268066
51.64243607 -96.98396277427673 -7.516042120754719 30.007161140441895
51.662449838 -97.04116034507751 -7.473021872341633 30.00698184967041
51.682404595 -97.07929968833923 -7.444359667599201 30.00686740875244
51.702589828 -97.13646674156189 -7.401410944759846 30.006646156311035
51.722397415 -97.17457556724548 -7.372802622616291 30.00651264190674
51.74249729 -97.23170447349548 -7.329913981258869 30.00622272491455
51.762387872 -97.26979041099548 -7.3013314083218575 30.00602436065674
51.782407284 -97.32691168785095 -7.258469469845295 30.005688667297363
51.802481008 -97.3649594783783 -7.229936011135578 30.005406379699707
51.822466353 -97.42204260826111 -7.187159903347492 30.00499439239502
51.842429008 -97.46007513999939 -7.158660776913166 30.00467014312744
51.862401943 -97.51713538169861 -7.115951903164387 30.004185676574707
51.882418313 -97.55518317222595 -7.087497599422932 30.00388813018799
51.902572108 -97.61223578453064 -7.0448383167386055 30.00338840484619
51.92246463 -97.65026831626892 -7.016419775784016 30.003064155578613
51.942397904 -97.70732855796814 -6.973827727138996 30.002610206604004
51.962416264 -97.74536108970642 -6.945462591946125 30.002327919006348
51.982415096 -97.80241370201111 -6.902955897152424 30.00195026397705
52.002612623 -97.8404233455658 -6.874645598232746 30.001675605773926
52.022424239 -97.89745306968689 -6.832197554409504 30.00131320953369
52.042406497 -97.93547797203064 -6.80391014367342 30.001099586486816
52.062385416 -97.99253058433533 -6.761482127010822 30.00080966949463
52.082458012 -98.0305860042572 -6.733204253017902 30.000649452209473
52.102524492 -98.08768439292908 -6.690801031887531 30.00041675567627
52.122441618 -98.12577795982361 -6.662532217800617 30.000298500061035
52.1424641 -98.1829526424408 -6.620134241878986 30.000184059143066
52.162383491 -98.22108435630798 -6.591860182583332 30.00008487701416
52.182417684 -98.27831244468689 -6.549450285732746 29.99996280670166
52.20252301 -98.3164746761322 -6.521172888576984 29.999878883361816
52.222446122 -98.37371802330017 -6.478764422237873 29.99979877471924
52.242413294 -98.41186499595642 -6.4504851177334785 29.999794960021973
52.262415195 -98.46907782554626 -6.408031828701496 29.99979877471924
52.282416129 -98.50722479820251 -6.379723913967609 29.999825477600098
52.303197826 -98.56445288658142 -6.337215788662434 29.999817848205566
52.322425656 -98.6026074886322 -6.308878310024738 29.999821662902832
52.342409748 -98.65984320640564 -6.26637352257967 29.99980640411377
52.362421828 -98.6979672908783 -6.238020785152912 29.99977207183838
52.382414126 -98.75515723228455 -6.195469744503498 29.999703407287598
52.40258956 -98.79327368736267 -6.167065508663654 29.999642372131348
52.422506584 -98.8504331111908 -6.124433882534504 29.9995698928833
52.44241463 -98.88854193687439 -6.096010096371174 29.999531745910645
52.462418644 -98.94571661949158 -6.053279288113117 29.999463081359863
52.48241552 -98.98384833335876 -6.024805434048176 29.999455451965332
52.502506793 -99.04103064537048 -5.982007868587971 29.999390602111816
52.522478519 -99.07916235923767 -5.953460581600666 29.99935245513916
52.542431795 -99.13638281822205 -5.910617716610432 29.99923801422119
52.56241699 -99.1745297908783 -5.88200319558382 29.999104499816895
52.58241454 -99.23177313804626 -5.839083082973957 29.99895191192627
52.602510313 -99.26994299888611 -5.810450442135334 29.998833656311035
52.622491142 -99.32723212242126 -5.767470724880695 29.99863910675049
52.642409561 -99.36543250083923 -5.738821394741535 29.99850559234619
52.662379932 -99.42277503013611 -5.695797331631184 29.998234748840332
52.682437133 -99.4610288143158 -5.667093642055988 29.99807071685791
52.7025128 -99.51844000816345 -5.624014742672443 29.99784564971924
52.722445691 -99.55674719810486 -5.59524954110384 29.99765110015869
52.742435014 -99.6142270565033 -5.552133448421955 29.997498512268066
52.762413286 -99.65254950523376 -5.523350603878498 29.99733829498291
52.782406113 -99.7100522518158 -5.480183966457844 29.99712085723877
52.802582444 -99.74838995933533 -5.451384909451008 29.996953010559082
52.82248708 -99.80591559410095 -5.408170111477375 29.996705055236816
52.842444433 -99.84427618980408 -5.379369147121906 29.99657917022705
52.86240192 -99.90183997154236 -5.336088545620441 29.996342658996582
52.882416781 -99.94023108482361 -5.307236082851887 29.99620532989502
52.902524592 -99.99784827232361 -5.26396120339632 29.996026039123535
52.922489962 -100.03623175621033 -5.235084421932697 29.995919227600098
52.942431872 -100.09382605552673 -5.191781885921955 29.995823860168457
52.962402492 -100.13221716880798 -5.162905104458332 29.99577808380127
52.982389466 -100.18981909751892 -5.1195734813809395 29.995766639709473
53.002571608 -100.22822546958923 -5.090696223080158 29.995797157287598
53.022476325 -100.2858350276947 -5.047405131161213 29.99590015411377
53.042411388 -100.32425665855408 -5.0185674503445625 29.995980262756348
53.062529642 -100.3819043636322 -4.975310690701008 29.996148109436035
53.082433157 -100.42036414146423 -4.946492083370686 29.996296882629395
53.102514778 -100.47808814048767 -4.903291590511799 29.99657917022705
53.122453203 -100.51660895347595 -4.874482996761799 29.996785163879395
53.142420517 -100.57438635826111 -4.831288225948811 29.997139930725098
53.162441708 -100.61290717124939 -4.802480109035969 29.997403144836426
53.182429652 -100.67068457603455 -4.7592314556241035 29.99782657623291
53.202512219 -100.7091977596283 -4.730409987270832 29.99813175201416
53.222482797 -100.76700568199158 -4.687112219631672 29.998562812805176
53.242421527 -100.80554175376892 -4.658256895840168 29.99887180328369
53.262393594 -100.86334204673767 -4.614994414150715 29.999348640441895
53.282398111 -100.90186285972595 -4.5861591175198555 29.999688148498535
53.302502922 -100.95964026451111 -4.5429157093167305 30.000218391418457
53.322488844 -100.99815344810486 -4.514062292873859 30.000569343566895
53.342403407 -101.05593085289001 -4.470799811184406 30.00111484527588
53.362403193 -101.09446692466736 -4.441933996975422 30.001484870910645
53.382392572 -101.15230536460876 -4.398565657436848 30.00203800201416
53.402525697 -101.19087958335876 -4.369657404720783 30.00241184234619
53.422471406 -101.24879431724548 -4.326170332729816 30.00295352935791
53.442469447 -101.2874219417572 -4.297174341976643 30.00333881378174
53.462412784 -101.34538245201111 -4.2536748722195625 30.00390338897705
53.482389348 -101.38407111167908 -4.224649794399738 30.004250526428223
53.502477957 -101.44212317466736 -4.181133158504963 30.004773139953613
53.522442156 -101.48084235191345 -4.152105696499348 30.005112648010254
53.542419107 -101.53894019126892 -4.1085871532559395 30.005589485168457
53.562384187 -101.5777051448822 -4.079556353390217 30.00589084625244
53.582388249 -101.63589453697205 -4.035995848476887 30.006306648254395
53.602493961 -101.67471289634705 -4.006975777447224 30.00658130645752
53.622461836 -101.73296332359314 -3.9634059742093086 30.006951332092285
53.642408697 -101.77181220054626 -3.9343506172299385 30.00719165802002
53.662414962 -101.83010840415955 -3.8907579258084297 30.00755023956299
53.682413216 -101.86901831626892 -3.8616372421383858 30.007763862609863
53.702566542 -101.92739081382751 -3.8179794624447823 30.008076667785645
53.722573589 -101.96631598472595 -3.7888504341244698 30.008267402648926
53.742513926 -102.02474188804626 -3.745107300579548 30.008477210998535
53.762395657 -102.06369757652283 -3.7159601524472237 30.00862216949463
53.782400721 -102.12219214439392 -3.672114737331867 30.00877857208252
53.802515952 -102.16117835044861 -3.642937310039997 30.00890064239502
53.822476651 -102.21966528892517 -3.5990732982754707 30.009053230285645
53.842414819 -102.25865149497986 -3.5698369815945625 30.009140968322754
53.86240664 -102.31713080406189 -3.5259884670376778 30.009282112121582
53.882396353 -102.35611701011658 -3.4967328384518623 30.009343147277832
53.902581321 -102.41459631919861 -3.4529010131955147 30.009438514709473
53.922474151 -102.45361304283142 -3.423686869442463 30.009495735168457
53.942424365 -102.51218390464783 -3.3798927143216133 30.00957202911377
53.962401904 -102.5512387752533 -3.350733406841755 30.00963306427002
53.982396568 -102.60989356040955 -3.306987412273884 30.009713172912598
54.002506057 -102.64900946617126 -3.2778424099087715 30.00976276397705
54.022479087 -102.70770239830017 -3.2341548278927803 30.009835243225098
54.042398169 -102.74684119224548 -3.205044873058796 30.00980854034424
54.062400607 -102.80552649497986 -3.1614512279629707 30.00980854034424
54.082386459 -102.84468054771423 -3.132391817867756 30.009751319885254
54.102523426 -102.90340399742126 -3.0888844802975655 30.00966739654541
54.122584399 -102.94256567955017 -3.0599347427487373 30.009591102600098
54.142424354 -103.00131964683533 -3.0165721252560616 30.009411811828613
54.162418502 -103.04048895835876 -2.987703926861286 30.00930118560791
54.182389536 -103.09923529624939 -2.9444571807980537 30.009007453918457
54.202535735 -103.13838171958923 -2.9156578853726387 30.00880527496338
54.222478966 -103.19708228111267 -2.8725074604153633 30.00850772857666
54.242438507 -103.23622107505798 -2.8437773063778877 30.008278846740723
54.26239363 -103.29491400718689 -2.8007255867123604 30.00795841217041
54.282388625 -103.33403754234314 -2.772042639553547 30.007729530334473
54.302558592 -103.39273810386658 -2.729026682674885 30.00737476348877
54.322538296 -103.43186926841736 -2.7003747299313545 30.007161140441895
54.342432972 -103.4905469417572 -2.6574202850461006 30.00686740875244
54.362411698 -103.52964758872986 -2.628809340298176 30.006699562072754
54.382387319 -103.58828711509705 -2.5859357193112373 30.00642490386963
54.402505536 -103.62736487388611 -2.5573874786496162 30.00625705718994
54.422564382 -103.66641974449158 -2.52886188775301 30.00609302520752
54.442435238 -103.72498297691345 -2.486126311123371 30.005860328674316
54.462390191 -103.78352332115173 -2.4434658363461494 30.005669593811035
54.482385088 -103.82254767417908 -2.4150704219937325 30.0055513381958
54.502489594 -103.88106513023376 -2.372555620968342 30.00538730621338
54.522506021 -103.92006659507751 -2.3442527130246162 30.005311012268066
54.542421272 -103.97857642173767 -2.30189860612154 30.00523090362549
54.562477598 -104.01757788658142 -2.273704893887043 30.00520420074463
54.582395161 -104.07604956626892 -2.2314738109707832 30.00517749786377
54.602459757 -104.11501288414001 -2.2033675983548164 30.0051851272583
54.622663402 -104.17341589927673 -2.1612693145871162 30.00523853302002
54.642421174 -104.21236395835876 -2.1332660987973213 30.005284309387207
54.662409911 -104.27078223228455 -2.091287739574909 30.005375862121582
54.682401558 -104.30973029136658 -2.0633200481534004 30.005444526672363
54.702598432 -104.36816382408142 -2.021401770412922 30.005532264709473
54.722471323 -104.40711951255798 -1.993472345173359 30.005600929260254
54.742473251 -104.4655454158783 -1.9516053274273872 30.00554370880127
54.762433295 -104.50450110435486 -1.9236954525113106 30.005494117736816
54.782391754 -104.56294226646423 -1.8818305805325508 30.00541400909424
54.802446801 -104.60192847251892 -1.8538874462246895 30.00532627105713
54.8224604 -104.66041541099548 -1.8119655922055244 30.00521945953369
54.842436019 -104.69941687583923 -1.7839925363659859 30.005120277404785
54.86240247 -104.75789618492126 -1.7420249059796333 30.004990577697754
54.882387892 -104.79686713218689 -1.714030034840107 30.004887580871582
54.902405775 -104.85533118247986 -1.6719907596707344 30.00473117828369
54.922573141 -104.89430212974548 -1.6439554765820503 30.004647254943848
54.942493551 -104.95280432701111 -1.6017859056591988 30.00449848175049
54.962409714 -104.99182105064392 -1.5736546590924263 30.004414558410645
54.982401084 -105.05034613609314 -1.5314270332455635 30.004311561584473
55.002439801 -105.08941626548767 -1.5032363012433052 30.004216194152832
55.022621108 -105.14803290367126 -1.4609495475888252 30.004094123840332
55.042447629 -105.18714118003845 -1.432736523449421 30.003975868225098
55.062387582 -105.24582648277283 -1.390403874218464 30.00375461578369
55.082424726 -105.28495764732361 -1.3621888235211372 30.00363254547119
55.102390741 -105.3437192440033 -1.3198514059185982 30.003350257873535
55.122462746 -105.3828809261322 -1.2916427925229073 30.003209114074707
55.142439915 -105.44162726402283 -1.2493376806378365 30.00283145904541
55.162384083 -105.48078894615173 -1.221153385937214 30.00256061553955
55.182433053 -105.5395200252533 -1.1789025142788887 30.002144813537598
55.202535764 -105.57869696617126 -1.1507691219449043 30.001805305480957
55.222506135 -105.63744330406189 -1.1086021736264229 30.001336097717285
55.242420922 -105.67661261558533 -1.0805153921246529 30.00102710723877
55.262454925 -105.73536658287048 -1.0384175851941109 30.000557899475098
55.282390358 -105.77452826499939 -1.0103682354092598 30.000279426574707
55.302434809 -105.83329749107361 -0.9683216884732246 29.99983310699463
55.322562659 -105.87248969078064 -0.9402924850583076 29.999550819396973
55.342457443 -105.93128943443298 -0.8982518389821053 29.99917697906494
55.362437027 -105.97048163414001 -0.870220847427845 29.998894691467285
55.382431206 -106.0292432308197 -0.8281923606991768 29.99855899810791
55.402430604 -106.06840491294861 -0.8001783564686775 29.998311042785645
55.422503134 -106.12709784507751 -0.7581683471798897 29.997986793518066
55.442472786 -106.16617560386658 -0.7301706746220589 29.997815132141113
55.462392927 -106.22475409507751 -0.6881702020764351 29.99754810333252
55.482419095 -106.26379370689392 -0.660174734890461 29.997380256652832
55.502454609 -106.32224249839783 -0.618229515850544 29.99705219268799
55.522491955 -106.36118292808533 -0.5903056338429451 29.99685764312744
55.542427976 -106.41957068443298 -0.5484724119305611 29.99660587310791
55.562433155 -106.45850348472595 -0.5206557288765907 29.99642276763916
55.58244024 -106.51689124107361 -0.47897452861070633 29.996182441711426
55.60243244 -106.55583167076111 -0.4512307420372963 29.99601459503174
55.622657012 -106.61428809165955 -0.4096626713871956 29.995774269104004
55.642432634 -106.6532666683197 -0.38196925073862076 29.995652198791504
55.662412901 -106.71176886558533 -0.3404478207230568 29.995442390441895
55.68237684 -106.75077795982361 -0.3127724602818489 29.995335578918457
55.702402286 -106.80934882164001 -0.27127163857221603 29.99514102935791
55.722637063 -106.84841895103455 -0.24360639601945877 29.99501132965088
55.742521055 -106.90704321861267 -0.20210731774568558 29.99486255645752
55.762427556 -106.94615912437439 -0.1744253858923912 29.994694709777832
55.782397554 -107.0048291683197 -0.1328885331749916 29.994484901428223
55.802400506 -107.04396796226501 -0.10517479479312897 29.994332313537598
55.822681076 -107.10268378257751 -0.06358414888381958 29.994091987609863
55.842437251 -107.14182257652283 -0.035851153545081615 29.993962287902832
55.862405392 -107.2005078792572 0.005769941955804825 29.99373722076416
55.882420244 -107.23961615562439 0.033522844314575195 29.993603706359863
55.902397065 -107.29827094078064 0.07516087591648102 29.99342441558838
55.922503584 -107.3373486995697 0.10291295498609543 29.993332862854004
55.942467089 -107.39593482017517 0.14453204721212387 29.993294715881348
55.96241246 -107.43498206138611 0.17228031903505325 29.99324893951416
55.982445323 -107.49355292320251 0.21391569823026657 29.99324893951416
56.002401356 -107.53262305259705 0.2416839823126793 29.993260383605957
56.02254135 -107.59127020835876 0.2833794876933098 29.993287086486816
56.042423973 -107.63037848472595 0.31119220703840256 29.993313789367676
56.062389774 -107.68908667564392 0.35302188247442245 29.993351936340332
56.082402234 -107.72823309898376 0.38092782348394394 29.993409156799316
56.10239927 -107.78696417808533 0.42281728237867355 29.99354648590088
56.122527961 -107.82616400718689 0.4508194550871849 29.993653297424316
56.142441359 -107.88497138023376 0.49283891171216965 29.993836402893066
56.162408009 -107.92419409751892 0.5208887383341789 29.99398899078369
56.182424444 -107.98301672935486 0.562982015311718 29.994248390197754
56.202398773 -108.02223944664001 0.5910733863711357 29.99443531036377
56.222592119 -108.08107733726501 0.6333042904734612 29.994744300842285
56.242428061 -108.12030005455017 0.6614824458956718 29.994954109191895
56.26237352 -108.17916083335876 0.7039040848612785 29.99526309967041
56.28242011 -108.21839118003845 0.7322132512927055 29.995488166809082
56.302388228 -108.27724432945251 0.7747245952486992 29.995858192443848
56.322518121 -108.31648993492126 0.8031431958079338 29.996079444885254
56.342454522 -108.3753354549408 0.8457671329379082 29.99636936187744
56.362410691 -108.41455817222595 0.8742017671465874 29.996560096740723
56.382411561 -108.47338843345642 0.9168679043650627 29.99686908721924
56.40240275 -108.51259589195251 0.9453052207827568 29.99709415435791
56.42253445 -108.57142615318298 0.9879537746310234 29.997410774230957
56.442444148 -108.61063361167908 1.016364447772503 29.99766254425049
56.462408763 -108.66939520835876 1.058963768184185 29.998059272766113
56.482423945 -108.70854926109314 1.0873482152819633 29.998318672180176
56.502405338 -108.76724982261658 1.1299035474658012 29.998696327209473
56.522503938 -108.80639624595642 1.1582587882876396 29.99894428253174
56.542450569 -108.86509680747986 1.200768105685711 29.999367713928223
56.562406188 -108.90422797203064 1.2290917560458183 29.999661445617676
56.582409582 -108.96293616294861 1.27156113833189 30.000035285949707
56.602448254 -109.00206732749939 1.2998579666018486 30.000279426574707
56.622546016 -109.06081366539001 1.3422923013567924 30.00063419342041
56.642445264 -109.09996771812439 1.3705853149294853 30.00090503692627
56.662420014 -109.15870642662048 1.413033477962017 30.001320838928223
56.682400228 -109.19786810874939 1.4413608238101006 30.001587867736816
56.702398422 -109.25658392906189 1.4838122054934502 30.002026557922363
56.722553224 -109.29573035240173 1.5121101066470146 30.002305030822754
56.742446331 -109.3544614315033 1.5545552894473076 30.00276279449463
56.762385305 -109.39363837242126 1.5828647539019585 30.003045082092285
56.782395038 -109.45241522789001 1.6253561899065971 30.00346088409424
56.802420915 -109.49160742759705 1.6536829397082329 30.00374698638916
56.822510072 -109.55043768882751 1.6962382718920708 30.004124641418457
56.842451401 -109.5896680355072 1.7246061488986015 30.004380226135254
56.86239291 -109.6485288143158 1.7671619579195976 30.004754066467285
56.882409992 -109.68779730796814 1.7955590412020683 30.00496006011963
56.902390162 -109.74669623374939 1.8381377384066582 30.00524616241455
56.92258568 -109.7859799861908 1.8665275499224663 30.005398750305176
56.942454819 -109.8449170589447 1.909096710383892 30.005593299865723
56.962417898 -109.88420844078064 1.9374588653445244 30.005711555480957
56.982423582 -109.94313025474548 1.9799531623721123 30.005799293518066
57.002412038 -109.9823911190033 2.0082558318972588 30.005845069885254
57.022588447 -110.04128241539001 2.0507045909762383 30.005806922912598
57.042466596 -110.08052039146423 2.078991286456585 30.005784034729004
57.0623917 -110.13934302330017 2.1214028522372246 30.005742073059082
57.082395715 -110.1785352230072 2.1496950313448906 30.0056734085083
57.102396836 -110.23728919029236 2.192112796008587 30.005593299865723
57.122526687 -110.27644324302673 2.2203847095370293 30.00552463531494
57.142465536 -110.33514380455017 2.2627841159701347 30.005436897277832
57.162397531 -110.37426733970642 2.2910357639193535 30.005391120910645
57.18247578 -110.4329297542572 2.3334265872836113 30.005318641662598
57.20239554 -110.47202277183533 2.3616863414645195 30.00528049468994
57.22253935 -110.53064703941345 2.404071681201458 30.005215644836426
57.242505142 -110.56972479820251 2.432321421802044 30.005181312561035
57.262396965 -110.62831854820251 2.474680297076702 30.005131721496582
57.282461712 -110.66737341880798 2.5029143020510674 30.005040168762207
57.302402111 -110.72592902183533 2.545244090259075 30.004891395568848
57.322762056 -110.76495337486267 2.5734571143984795 30.004788398742676
57.342450912 -110.82347846031189 2.6157692596316338 30.004612922668457
57.362412909 -110.86248755455017 2.643963687121868 30.00451374053955
57.382390455 -110.92102789878845 2.6862577125430107 30.004277229309082
57.402379717 -110.96005988121033 2.7144559547305107 30.004117012023926
57.422798427 -111.0186231136322 2.7567626163363457 30.00388813018799
57.442467896 -111.0577085018158 2.785010926425457 30.003701210021973
57.462422879 -111.11631751060486 2.8273802921175957 30.00346088409424
57.482486092 -111.15540289878845 2.8556502982974052 30.003281593322754
57.502394758 -111.21401953697205 2.898050658404827 30.003018379211426
57.522515679 -111.25310492515564 2.9263361617922783 30.00283145904541
57.542499814 -111.31172156333923 2.968780629336834 30.002556800842285
57.562430772 -111.3507993221283 2.997070662677288 30.00239658355713
57.582587367 -111.40943884849548 3.0395468398928642 30.002110481262207
57.602415286 -111.44853949546814 3.067854754626751 30.001927375793457
57.622507125 -111.50720191001892 3.1103011295199394 30.001648902893066
57.64247624 -111.54636359214783 3.1386197730898857 30.001412391662598
57.662442382 -111.60511755943298 3.1810878440737724 30.001091957092285
57.682403014 -111.64431738853455 3.209409348666668 30.00089740753174
57.702408492 -111.70317053794861 3.2518905326724052 30.000615119934082
57.723557715 -111.74242377281189 3.280195824801922 30.00044345855713
57.743568604 -111.80139136314392 3.322683684527874 30.00013828277588
57.763460196 -111.84068274497986 3.3509772941470146 29.999985694885254
57.783420371 -111.89969611167908 3.3934904262423515 29.99974536895752
57.803426735 -111.93904089927673 3.421849839389324 29.99962329864502
57.823516637 -111.99807715415955 3.4644042178988457 29.999489784240723
57.844724619 -112.03745245933533 3.492831103503704 29.999436378479004
57.864576281 -112.09651923179626 3.535459391772747 29.999402046203613
57.88467099 -112.13590979576111 3.5638917610049248 29.999382972717285
57.904663504 -112.1950147151947 3.6065450832247734 29.999367713928223
57.92482352 -112.23441290855408 3.634965054690838 29.999390602111816
57.944707427 -112.29359412193298 3.6776391193270683 29.999470710754395
57.964623066 -112.33305335044861 3.706083171069622 29.999547004699707
57.984619951 -112.39224982261658 3.74874459952116 29.99965763092041
58.00466271 -112.43175482749939 3.7771948501467705 29.99968433380127
58.024734143 -112.49097418785095 3.8198136016726494 29.99978733062744
58.044709851 -112.53044867515564 3.848191373050213 29.999802589416504
58.064587845 -112.58963751792908 3.8906966373324394 29.99984836578369
58.084641866 -112.62908148765564 3.918982617557049 29.999863624572754
58.104620386 -112.6882016658783 3.961346499621868 29.99987506866455
58.124748244 -112.72759222984314 3.9895554706454277 29.99990177154541
58.14466503 -112.78663611412048 4.031799428164959 29.999939918518066
58.16463024 -112.82598853111267 4.059927098453045 29.999974250793457
58.184605232 -112.88498663902283 4.102067582309246 29.999985694885254
58.204625256 -112.92430090904236 4.13013469427824 29.999951362609863
58.224737159 -112.9832456111908 4.172231309115887 29.99992847442627
58.244681232 -113.02251410484314 4.200306050479412 29.999913215637207
58.264556702 -113.08139777183533 4.242435090243816 29.999897956848145
58.284610626 -113.12063574790955 4.270514123141766 29.999897956848145
58.304620544 -113.1794126033783 4.312630288302898 29.999882698059082
58.324797652 -113.21856665611267 4.340693108737469 29.999897956848145
58.344698844 -113.27722144126892 4.382852666079998 29.999958992004395
58.364620279 -113.31629920005798 4.4109674617648125 29.99999713897705
58.384625654 -113.37485480308533 4.45314609259367 30.000035285949707
58.404610001 -113.41384863853455 4.481260411441326 30.000020027160645
58.424749224 -113.47231268882751 4.523413769900799 30.00003147125244
58.444772701 -113.51125311851501 4.551511876285076 30.00001621246338
58.464609313 -113.56964087486267 4.593656174838543 29.999974250793457
58.484633995 -113.60855078697205 4.621741406619549 29.99997043609619
58.50463668 -113.66688513755798 4.663867108523846 29.99990940093994
58.524880673 -113.70576453208923 4.691939942538738 29.99986743927002
58.544697548 -113.76406073570251 4.734040848910809 29.999791145324707
58.564604658 -113.80287909507751 4.762098900973797 29.999741554260254
58.584635295 -113.8610532283783 4.8041678592562675 29.999611854553223
58.604651161 -113.89979529380798 4.832218281924725 29.99948215484619
58.624887618 -113.95789313316345 4.87428056448698 29.99931812286377
58.644713318 -113.99660468101501 4.902327172458172 29.99916934967041
58.664600228 -114.05464911460876 4.9444147273898125 29.998955726623535
58.684646869 -114.09334540367126 4.97247039526701 29.998852729797363
58.704608426 -114.15134406089783 5.014560334384441 29.99865436553955
58.724879156 -114.18999457359314 5.042614571750164 29.998528480529785
58.744715085 -114.24793982505798 5.084686391055584 29.998353004455566
58.764617242 -114.28652930259705 5.112769238650799 29.998196601867676
58.784627281 -114.34440588951111 5.154903523623943 29.997963905334473
58.804628788 -114.38298010826111 5.1830178424716 29.997796058654785
58.824740575 -114.44083380699158 5.225178353488445 29.997578620910645
58.844669841 -114.47940039634705 5.2532902881503105 29.997380256652832
58.864570389 -114.53724646568298 5.295415036380291 29.997109413146973
58.884638552 -114.57582068443298 5.323474995791912 29.996960639953613
58.904612942 -114.63368964195251 5.365513436496258 29.996716499328613
58.924778421 -114.67229437828064 5.393514268100262 29.996575355529785
58.94467411 -114.73022437095642 5.4354754611849785 29.99641513824463
58.964613399 -114.76889777183533 5.463402383029461 29.996281623840332
58.984632108 -114.82693457603455 5.505276791751385 29.996132850646973
59.004636591 -114.86566138267517 5.533184163272381 29.996045112609863
59.024759426 -114.92382025718689 5.575008504092693 29.995938301086426
59.044700777 -114.96260809898376 5.602872483432293 29.995930671691895
59.064577192 -115.02090430259705 5.644686333835125 29.995884895324707
59.084701631 -115.05976843833923 5.672545067965984 29.995915412902832
59.10458861 -115.11814093589783 5.7143098041415215 29.99595355987549
59.12473295 -115.15706610679626 5.74214231222868 29.995999336242676
59.144683947 -115.21547675132751 5.7838736698031425 29.996113777160645
59.164618403 -115.25444769859314 5.81168519705534 29.996209144592285
59.184633228 -115.3129346370697 5.853392235934734 29.996426582336426
59.204623178 -115.35195899009705 5.881193749606609 29.99659824371338
59.224941664 -115.41052985191345 5.922893159091473 29.996861457824707
59.24472112 -115.44958472251892 5.950689427554607 29.997071266174316
59.264566828 -115.50823950767517 5.9923883602023125 29.997368812561035
59.284645118 -115.54735541343689 6.020179383456707 29.997597694396973
59.304619434 -115.60603308677673 6.061852090060711 29.997986793518066
59.324767911 -115.64517951011658 6.089636914432049 29.99820041656494
59.344693507 -115.70388007164001 6.131300561130047 29.99862766265869
59.364635446 -115.74301886558533 6.1590729877352715 29.99885654449463
59.384628963 -115.80171179771423 6.200730435550213 29.99918842315674
59.404613564 -115.84084296226501 6.2285076305270195 29.99938678741455
59.424751102 -115.89954352378845 6.270169846713543 29.999642372131348
59.444685721 -115.93867468833923 6.29793893545866 29.999825477600098
59.464579872 -115.99739050865173 6.339620225131512 30.00005054473877
59.484629582 -116.03654456138611 6.367404572665691 30.000210762023926
59.504644417 -116.0952832698822 6.409070126712322 30.00047779083252
59.524749013 -116.13444495201111 6.436877362430096 30.000615119934082
59.544695585 -116.1931836605072 6.478585354983807 30.000916481018066
59.56463219 -116.23234534263611 6.506395451724529 30.001084327697754
59.584625559 -116.2910840511322 6.548112027347088 30.001275062561035
59.60461038 -116.33024573326111 6.575918786227703 30.00139331817627
59.624767721 -116.38897681236267 6.617616288363934 30.001503944396973
59.644798489 -116.42812323570251 6.645403020083904 30.001614570617676
59.664584079 -116.48683142662048 6.687080018222332 30.00167942047119
59.684641655 -116.52596259117126 6.714855305850506 30.001729011535645
59.70465884 -116.58467078208923 6.756502263247967 30.00182056427002
59.724756287 -116.62381720542908 6.784266106784344 30.001835823059082
59.744838205 -116.68253302574158 6.825903527438641 30.001896858215332
59.764631086 -116.72167181968689 6.853654019534588 30.001927375793457
59.784652472 -116.78039526939392 6.895263783633709 30.001965522766113
59.804615255 -116.81953406333923 6.922999493777752 30.002007484436035
59.824724207 -116.8782422542572 6.964579693973064 30.002049446105957
59.844735432 -116.91737341880798 6.992286793887615 30.002060890197754
59.864590628 -116.9760434627533 7.033827893435955 30.002083778381348
59.884654565 -117.01515173912048 7.061501614749432 30.002110481262207
59.90465514 -117.07379126548767 7.102983586490154 30.00216770172119
59.92470267 -117.11286902427673 7.130571000277996 30.002190589904785
59.944805536 -117.17146277427673 7.171933762729168 30.002293586730957
59.964636645 -117.2105176448822 7.199480168521404 30.002366065979004
59.984634877 -117.2691113948822 7.240757577121258 30.00243854522705
60.004619959 -117.3081738948822 7.268264405429363 30.002488136291504
60.024739057 -117.3667905330658 7.309483163058758 30.00257968902588
60.044715123 -117.40587592124939 7.336959473788738 30.00266742706299
60.064580445 -117.46451544761658 7.378161542117596 30.002820014953613
60.084607125 -117.50366187095642 7.405655972659588 30.002903938293457
60.104624178 -117.56237769126892 7.446905724704266 30.003045082092285
60.12473733 -117.60153937339783 7.474410645663738 30.003148078918457
60.144784707 -117.66027045249939 7.515680901706219 30.003369331359863
60.164628876 -117.6994321346283 7.543211571872234 30.00352191925049
60.184613044 -117.75817847251892 7.584543816745281 30.003819465637207
60.204592798 -117.7973325252533 7.612105958163738 30.00405216217041
60.224779335 -117.85610938072205 7.65350591391325 30.004399299621582
60.244698172 -117.89529395103455 7.681130044162273 30.004616737365723
60.264611069 -117.9540708065033 7.722595803439617 30.00496006011963
60.284636995 -117.99327063560486 7.7502690479159355 30.0051851272583
60.304671166 -118.05206274986267 7.791789166629314 30.00553607940674
60.324768168 -118.09126257896423 7.819484822452068 30.00578784942627
60.344706754 -118.15007758140564 7.861027352511883 30.00614643096924
60.364651358 -118.18928503990173 7.888723485171795 30.00639820098877
60.384630829 -118.24818396568298 7.930278412997723 30.00679111480713
60.404616416 -118.28743720054626 7.957977883517742 30.007081031799316
60.424743799 -118.34631323814392 7.999554745852947 30.007451057434082
60.44472223 -118.38555121421814 8.02727996557951 30.007699012756348
60.46459041 -118.44438910484314 8.068878285586834 30.008057594299316
60.484651583 -118.4835889339447 8.096609227359295 30.008244514465332
60.504600058 -118.54237341880798 8.138200871646404 30.00851535797119
60.524890243 -118.58155035972595 8.16592513769865 30.00868320465088
60.54472224 -118.64028906822205 8.207507245242596 30.008938789367676
60.564647474 -118.67943549156189 8.235227696597576 30.009121894836426
60.584626735 -118.73811316490173 8.276790730655193 30.009392738342285
60.604603176 -118.77722144126892 8.304508320987225 30.009587287902832
60.624735521 -118.8358838558197 8.346091382205486 30.009896278381348
60.644775425 -118.87499976158142 8.37382137030363 30.01008701324463
60.664619534 -118.93365454673767 8.41541587561369 30.010396003723145
60.684624736 -118.97275519371033 8.4431496784091 30.010621070861816
60.704610085 -119.03140234947205 8.484758488833904 30.010979652404785
60.724725382 -119.07049536705017 8.51250945776701 30.011235237121582
60.744835407 -119.12910437583923 8.554129712283611 30.01170825958252
60.764664278 -119.16815161705017 8.581868283450603 30.01204013824463
60.78463199 -119.22672247886658 8.623479001224041 30.01257038116455
60.804646227 -119.26576972007751 8.651228062808514 30.012940406799316
60.82480464 -119.32433295249939 8.692856900393963 30.013527870178223
60.844709015 -119.36339545249939 8.720622174441814 30.01393222808838
60.864602729 -119.42201209068298 8.762259595096111 30.014554023742676
60.884627311 -119.46111273765564 8.790006749331951 30.015019416809082
60.904631508 -119.51979804039001 8.831642262637615 30.015782356262207
60.924761147 -119.55892157554626 8.859405629336834 30.016297340393066
60.944936331 -119.61762976646423 8.901071660220623 30.017041206359863
60.96468612 -119.65676093101501 8.928852193057537 30.017537117004395
60.984631532 -119.7155225276947 8.970570676028728 30.018311500549316
61.004626743 -119.75472235679626 8.998392216861248 30.018826484680176
61.024696615 -119.81353735923767 9.040139310061932 30.01957416534424
61.044795861 -119.85277533531189 9.067988507449627 30.020073890686035
61.064628391 -119.91161322593689 9.109744183719158 30.02078342437744
61.084654756 -119.95083594322205 9.137563817203045 30.021191596984863
61.104605334 -120.00968146324158 9.179290883243084 30.021729469299316
61.124683412 -120.0488965511322 9.207105748355389 30.022072792053223
61.144857261 -120.10770392417908 9.248778454959393 30.02249240875244
61.164684605 -120.14688849449158 9.276548497378826 30.02274799346924
61.184617113 -120.20562720298767 9.318182103335857 30.023125648498535
61.204618857 -120.24476599693298 9.345930211246014 30.02335834503174
61.224670104 -120.30345892906189 9.387541882693768 30.023659706115723
61.244737054 -120.34258246421814 9.41526996344328 30.023804664611816
61.264629188 -120.40125250816345 9.456856839358807 30.023999214172363
61.284626025 -120.44036078453064 9.48457633703947 30.024083137512207
61.304633728 -120.49900794029236 9.526128880679607 30.024147987365723
61.324713543 -120.53809332847595 9.553817860782146 30.024182319641113
61.344772118 -120.59671759605408 9.595340840518475 30.024113655090332
61.364656282 -120.63579535484314 9.623037450015545 30.024056434631348
61.384624808 -120.69439673423767 9.664597623050213 30.02394962310791
61.404649545 -120.73350501060486 9.69230567663908 30.023831367492676
61.42463289 -120.79216742515564 9.733879201114178 30.023640632629395
61.444841032 -120.83129858970642 9.761610142886639 30.023526191711426
61.464608473 -120.88999152183533 9.80321704596281 30.023343086242676
61.484624612 -120.92912268638611 9.830978505313396 30.023198127746582
61.504627092 -120.98783850669861 9.872634999454021 30.022957801818848
61.524624366 -121.02696967124939 9.90040885657072 30.02279758453369
61.54491471 -121.08570075035095 9.942082516849041 30.022557258605957
61.564661484 -121.12483954429626 9.969863049685955 30.022385597229004
61.584621899 -121.18352484703064 10.011536709964275 30.022088050842285
61.604644963 -121.22264838218689 10.039289586246014 30.02183246612549
61.624617855 -121.28130316734314 10.080917470157146 30.021462440490723
61.644786948 -121.32041144371033 10.108662717044353 30.021214485168457
61.66461643 -121.37905859947205 10.150281064212322 30.020817756652832
61.684623484 -121.41815161705017 10.178030125796795 30.02055835723877
61.704607332 -121.47679877281189 10.21968661993742 30.020134925842285
61.724638209 -121.51587653160095 10.247459523379803 30.019883155822754
61.744887456 -121.57447028160095 10.289157025516033 30.019417762756348
61.764677345 -121.61350989341736 10.316984288394451 30.0191011428833
61.784622741 -121.67203497886658 10.358766667544842 30.018654823303223
61.804615323 -121.7110059261322 10.386686436831951 30.01832675933838
61.824638549 -121.76941657066345 10.428595654666424 30.017861366271973
61.844749558 -121.80832648277283 10.4565774127841 30.01750659942627
61.864630384 -121.8666455745697 10.49863063544035 30.01696491241455
61.884613465 -121.90550208091736 10.526684872806072 30.016640663146973
61.904631458 -121.96376013755798 10.568846814334393 30.016140937805176
61.924696029 -122.00257849693298 10.596988789737225 30.0158052444458
61.94477056 -122.06079840660095 10.639244191348553 30.015271186828613
61.964639638 -122.09962439537048 10.667482487857342 30.014859199523926
61.984612712 -122.15785956382751 10.709820859134197 30.014344215393066
62.004627364 -122.19669318199158 10.738093487918377 30.013970375061035
62.024670437 -122.25492835044861 10.780502431094646 30.013432502746582
62.044730962 -122.2937695980072 10.80879508703947 30.013054847717285
62.064635647 -122.35205054283142 10.851240269839764 30.01246738433838
62.084619842 -122.39089941978455 10.879528157413006 30.012097358703613
62.104622605 -122.4491879940033 10.921972386538982 30.011483192443848
62.124621042 -122.48804450035095 10.950261227786541 30.011086463928223
62.144747181 -122.54631781578064 10.992681615054607 30.010567665100098
62.164630975 -122.5851514339447 11.020938031375408 30.010193824768066
62.184658202 -122.6433789730072 11.06330119818449 30.009682655334473
62.204616136 -122.68218970298767 11.091529957950115 30.009346961975098
62.224606771 -122.74037909507751 11.133839718997478 30.008835792541504
62.244780747 -122.77916693687439 11.162025563418865 30.00851535797119
62.264614981 -122.83733344078064 11.20428191870451 30.00802707672119
62.284609386 -122.87610602378845 11.232437245547771 30.007725715637207
62.304635278 -122.93424963951111 11.274622075259686 30.007195472717285
62.324618712 -122.97301459312439 11.302723042666912 30.006848335266113
62.344792361 -123.03114295005798 11.344841115176678 30.00633716583252
62.364611865 -123.06990027427673 11.372878186404705 30.00595188140869
62.384663845 -123.12803626060486 11.414884679019451 30.00542163848877
62.404623876 -123.1668164730072 11.442843548953533 30.00505542755127
62.424614318 -123.22502112388611 11.484730832278728 30.00450611114502
62.444780653 -123.26382422447205 11.512630574405193 30.004109382629395
62.464595697 -123.32205176353455 11.554445378482342 30.00349521636963
62.48461172 -123.36088538169861 11.582297436892986 30.003121376037598
62.504654188 -123.41915106773376 11.624036900699139 30.00260639190674
62.524628158 -123.45800757408142 11.65183936804533 30.002278327941895
62.544910542 -123.5163037776947 11.693511120975018 30.001904487609863
62.564612073 -123.55518317222595 11.72127067297697 30.001633644104004
62.584609581 -123.61353278160095 11.762895695865154 30.001267433166504
62.604621269 -123.65247321128845 11.790641896426678 30.00102710723877
62.624620138 -123.71093726158142 11.832255475223064 30.000676155090332
62.644898845 -123.74993109703064 11.859990231692791 30.000489234924316
62.664602235 -123.80846381187439 11.901652447879314 30.000187873840332
62.684650381 -123.8475034236908 11.929449193179607 30.000012397766113
62.704611366 -123.9060742855072 11.97117244452238 29.99977970123291
62.724603077 -123.9451367855072 11.99902068823576 29.999608039855957
62.744792629 -124.00373816490173 12.04079257696867 29.99935245513916
62.76463331 -124.0428159236908 12.068650357425213 29.9992036819458
62.784627034 -124.10142493247986 12.110415570437908 29.999016761779785
62.804639347 -124.14048743247986 12.138243786990643 29.998902320861816
62.824605767 -124.19907355308533 12.179953686892986 29.99874973297119
62.844798798 -124.2381284236908 12.207746617496014 29.99865436553955
62.864633874 -124.29668402671814 12.249374501407146 29.99850559234619
62.884624007 -124.33570837974548 12.277112118899822 29.99841022491455
62.904623973 -124.39424109458923 12.318694226443768 29.998276710510254
62.924605755 -124.43325018882751 12.346381299197674 29.998181343078613
62.94485417 -124.49176001548767 12.387903325259686 29.998051643371582
62.964622889 -124.53076148033142 12.415578000247478 29.997979164123535
62.984625624 -124.58925604820251 12.457095257937908 29.997883796691895
63.004664236 -124.6282422542572 12.484771840274334 29.99785327911377
63.024603417 -124.68670630455017 12.526329152286053 29.99781894683838
63.044809692 -124.72566962242126 12.554029576480389 29.99787998199463
63.064624947 -124.78407263755798 12.59559165686369 29.997998237609863
63.084631475 -124.82300543785095 12.62330161780119 29.998127937316895
63.10464428 -124.88140845298767 12.664870373904705 29.998379707336426
63.124590852 -124.9203565120697 12.692594639956951 29.998562812805176
63.144789994 -124.97877478599548 12.73417293280363 29.998913764953613
63.164639661 -125.01773810386658 12.76189624518156 29.99916172027588
63.184614069 -125.07619452476501 12.80349837988615 29.999600410461426
63.20462056 -125.11517310142517 12.831233136355877 29.999924659729004
63.224617414 -125.17368292808533 12.872868649661541 30.000432014465332
63.244783222 -125.21269965171814 12.90064250677824 30.000786781311035
63.264639931 -125.27126288414001 12.94232951849699 30.001336097717285
63.284636511 -125.31033301353455 12.970177762210369 30.001709938049316
63.304615056 -125.36892676353455 13.011938206851482 30.00230121612549
63.324625715 -125.40798163414001 13.039808385074139 30.00270938873291
63.344762531 -125.46654486656189 13.081617467105389 30.003365516662598
63.364695386 -125.5055615901947 13.109506718814373 30.00380039215088
63.384617827 -125.56404089927673 13.151381604373455 30.004429817199707
63.404627125 -125.6029965877533 13.179307095706463 30.004841804504395
63.424639738 -125.66139197349548 13.22120200842619 30.00542163848877
63.444742122 -125.70030951499939 13.249131314456463 30.00582218170166
63.464649532 -125.75866675376892 13.29102336615324 30.006428718566895
63.484641369 -125.7975537776947 13.318939320743084 30.00681781768799
63.504630639 -125.85588049888611 13.360792271792889 30.007390022277832
63.524601527 -125.89475989341736 13.388676755130291 30.00777530670166
63.544756055 -125.9530713558197 13.430495373904705 30.00834369659424
63.564680598 -125.99193549156189 13.458362691104412 30.008721351623535
63.584643222 -126.05021643638611 13.500166051089764 30.009270668029785
63.604616031 -126.0890576839447 13.5280467197299 30.010125160217285
63.624689869 -126.14733862876892 13.569912068545818 30.0128755569458
63.644845612 -126.18617987632751 13.597811810672283 30.015759468078613
63.664676564 -126.24439215660095 13.639521710574627 30.02147388458252
63.684651286 -126.28315711021423 13.66714584082365 30.02615451812744
63.704623424 -126.3411557674408 13.708051793277264 30.034127235412598
63.724618896 -126.3797070980072 13.734840504825115 30.039978981018066
63.744849326 -126.4373242855072 13.774020306766033 30.04929828643799
63.764733863 -126.47560095787048 13.799386136233807 30.05568027496338
63.784673047 -126.53272223472595 13.835937611758709 30.065415382385254
63.804626407 -126.57060217857361 13.859256856143475 30.071789741516113
63.824602778 -126.62711310386658 13.892532460391521 30.081028938293457
63.844706379 -126.66459631919861 13.913450352847576 30.08678150177002
63.864881699 -126.72048163414001 13.942813985049725 30.094799995422363
63.88466629 -126.75745368003845 13.960720174014568 30.099595069885254
63.904616 -126.81259894371033 13.985436551272869 30.105984687805176
63.9246326 -126.84910559654236 14.000268094241619 30.109646797180176
63.944745325 -126.90347266197205 14.019932858645916 30.114205360412598
63.964690251 -126.93950629234314 14.031503789126873 30.116677284240723
63.984637134 -126.9931104183197 14.045823208987713 30.11931324005127
64.004618849 -127.02861762046814 14.053641431033611 30.12048053741455
64.024633494 -127.08151984214783 14.062769047915936 30.121384620666504
64.044773277 -127.11647772789001 14.06671916693449 30.12131977081299
64.064637488 -127.16862463951111 14.07019817084074 30.120549201965332
64.084654478 -127.20314764976501 14.070648305118084 30.11952304840088
64.104625178 -127.25463843345642 14.068913571536541 30.117383003234863
64.124635458 -127.28872656822205 14.065938107669353 30.11552143096924
64.144747126 -127.33953070640564 14.05874740332365 30.112156867980957
64.164703968 -127.37321448326111 14.052394978702068 30.10964298248291
64.184692121 -127.42341589927673 14.039862744510174 30.105351448059082
64.204603792 -127.45671057701111 14.029896847903728 30.102272987365723
64.224644987 -127.50638556480408 14.012589566409588 30.097386360168457
64.244778509 -127.53930640220642 13.999192349612713 30.09391498565674
64.264700287 -127.58846259117126 13.977040402591228 30.088582038879395
64.284648054 -127.62107825279236 13.9607278034091 30.084927558898926
64.304610073 -127.66975378990173 13.934034459292889 30.079354286193848
64.324651851 -127.70205664634705 13.914998166263103 30.075634956359863
64.344729 -127.75023627281189 13.884065739810467 30.07003879547119
64.364805868 -127.78223395347595 13.862488858401775 30.06637668609619
64.384637203 -127.82994818687439 13.82801353186369 30.060856819152832
64.404597653 -127.86161780357361 13.803930394351482 30.05724048614502
64.424611294 -127.9089047908783 13.76622974127531 30.051934242248535
64.444737636 -127.94022345542908 13.739876858890057 30.048466682434082
64.464684637 -127.98701453208923 13.699069134891033 30.04344654083252
64.484652844 -128.01805090904236 13.670931927859783 30.040207862854004
64.504621769 -128.06441473960876 13.627457730472088 30.03555393218994
64.524646871 -128.09523749351501 13.597760312259197 30.032593727111816
64.544753449 -128.14127326011658 13.551992528140545 30.028428077697754
64.564714691 -128.17188239097595 13.520843617618084 30.02579975128174
64.584642909 -128.21767401695251 13.473222844302654 30.022080421447754
64.604635081 -128.24810004234314 13.440866582095623 30.019749641418457
64.624644393 -128.2936475276947 13.391661755740643 30.01646900177002
64.644838019 -128.3239209651947 13.358383290469646 30.014416694641113
64.664715258 -128.36923956871033 13.307864300906658 30.011555671691895
64.684649778 -128.39937567710876 13.273797146975994 30.009819984436035
64.704604023 -128.44451117515564 13.222187153995037 30.007458686828613
64.724624457 -128.47454047203064 13.18745719641447 30.006020545959473
64.744813681 -128.5195233821869 13.134928815066814 30.00402545928955
64.764844346 -128.54944586753845 13.099661938846111 30.002820014953613
64.784679885 -128.59426093101501 13.046422116458416 30.001179695129395
64.804627204 -128.62407660484314 13.010751836001873 30.00020694732666
64.824645077 -128.66875433921814 12.956947438418865 29.998902320861816
64.844764811 -128.69852423667908 12.920920483767986 29.998143196105957
64.86479029 -128.74312567710876 12.866703145205975 29.99714756011963
64.884677914 -128.7728192806244 12.830409161746502 29.996590614318848
64.904637372 -128.8173291683197 12.775885693728924 29.995896339416504
64.924656047 -128.84696173667908 12.739425770938396 29.99549961090088
64.944788428 -128.89141058921814 12.684791676700115 29.995007514953613
64.964709321 -128.92104315757751 12.648314587771893 29.994751930236816
64.984638892 -128.96547675132751 12.59352409094572 29.99446964263916
65.004608708 -128.9951093196869 12.557047002017498 29.99437427520752
65.024664657 -129.03955817222595 12.502212636172771 29.994324684143066
65.044704028 -129.06917548179626 12.465649716556072 29.994328498840332
65.064820371 -129.11354804039001 12.410826794803143 29.994439125061035
65.084649357 -129.14311957359314 12.374220006167889 29.99455738067627
65.104612502 -129.18741583824158 12.319484822452068 29.994816780090332
65.12464182 -129.2169110774994 12.28300105780363 29.99502658843994
65.144683747 -129.26114630699158 12.228286854922771 29.995408058166504
65.164717186 -129.2905957698822 12.19184123724699 29.99569797515869
65.184713184 -129.33473944664001 12.137211911380291 29.996190071105957
65.204616891 -129.36409735679626 12.100972287356853 29.996602058410645
65.224651903 -129.40813422203064 12.046573750674725 29.997258186340332
65.244690086 -129.43746161460876 12.010382764041424 29.99778461456299
65.264690264 -129.4814374446869 11.956190221011639 29.998623847961426
65.284666809 -129.51076483726501 11.920024029910564 29.99919605255127
65.30460408 -129.55471014976501 11.866037480533123 30.000134468078613
65.32461377 -129.58400702476501 11.830053441226482 30.000767707824707
65.344676404 -129.62793707847595 11.77608024328947 30.001694679260254
65.364826987 -129.6572186946869 11.74021827429533 30.002346992492676
65.384667268 -129.70119452476501 11.686359517276287 30.003315925598145
65.404625178 -129.73050665855408 11.650482289493084 30.003975868225098
65.424633444 -129.77449774742126 11.5965920612216 30.004952430725098
65.444637608 -129.80384039878845 11.560705296695232 30.005654335021973
65.464728346 -129.84786200523376 11.506914250552654 30.006680488586426
65.484683696 -129.87723517417908 11.470994107425213 30.007332801818848
65.504614344 -129.9213330745697 11.417280308902264 30.00827121734619
65.524613065 -129.95078253746033 11.38145362585783 30.008870124816895
65.544648262 -129.99500250816345 11.327670209109783 30.009827613830566
65.564817014 -130.02454352378845 11.291913144290447 30.010445594787598
65.584626161 -130.0689160823822 11.238207928836346 30.011319160461426
65.604627555 -130.09853339195251 11.202441327273846 30.011868476867676
65.624614008 -130.1430127620697 11.14884864538908 30.012642860412598
65.644683368 -130.17269110679626 11.113064877688885 30.013089179992676
65.664743864 -130.2173535823822 11.059546582400799 30.013707160949707
65.684641804 -130.24712347984314 11.023718945682049 30.014073371887207
65.704611321 -130.29192328453064 10.970145337283611 30.014554023742676
65.724614536 -130.32183051109314 10.934411160647869 30.014851570129395
65.744783825 -130.36673712730408 10.880781285464764 30.015294075012207
65.764752263 -130.39673590660095 10.845145337283611 30.015557289123535
65.784651782 -130.44173407554626 10.791588895022869 30.015915870666504
65.804640169 -130.47177863121033 10.755909077823162 30.01612949371338
65.824643309 -130.51685309410095 10.702395550906658 30.01644992828369
65.8446476 -130.54692816734314 10.666643254458904 30.01664447784424
65.864805466 -130.59209418296814 10.6131297275424 30.016972541809082
65.884642376 -130.62223029136658 10.577402226626873 30.017212867736816
65.904633106 -130.66748785972595 10.523730389773846 30.01759433746338
65.924608229 -130.69766974449158 10.488009564578533 30.01787281036377
65.944626221 -130.74297308921814 10.434208028018475 30.018288612365723
65.964825925 -130.77315497398376 10.398450009524822 30.01857852935791
65.984660249 -130.81841254234314 10.344711415469646 30.018990516662598
66.004627039 -130.84854865074158 10.308905713260174 30.01926898956299
66.024614503 -130.89376044273376 10.255203358829021 30.01969623565674
66.044607461 -130.9238965511322 10.219323270022869 30.019978523254395
66.064805768 -130.96904730796814 10.165557019412518 30.0204439163208
66.084652476 -130.99916815757751 10.129660718142986 30.020771980285645
66.104663678 -131.04436469078064 10.075727574527264 30.021286964416504
66.124607378 -131.07450079917908 10.03981315344572 30.021634101867676
66.14461482 -131.11972784996033 9.98582088202238 30.022168159484863
66.164791196 -131.1498944759369 9.949811093509197 30.022507667541504
66.184666286 -131.19515204429626 9.89577018469572 30.023015022277832
66.204638992 -131.2253339290619 9.859657399356365 30.023343086242676
66.224624423 -131.2706220149994 9.805503003299236 30.023831367492676
66.244590644 -131.30080389976501 9.769322507083416 30.02409076690674
66.264796116 -131.3460614681244 9.715147130191326 30.024441719055176
66.284643944 -131.37624335289001 9.678972356021404 30.024666786193848
66.30464927 -131.42151618003845 9.624625317752361 30.02497959136963
66.324625224 -131.45166754722595 9.588380925357342 30.02517032623291
66.344611277 -131.49687933921814 9.533863179385662 30.02550220489502
66.364814393 -131.52701544761658 9.497471921145916 30.025708198547363
66.384668124 -131.57218146324158 9.442822568118572 30.025952339172363
66.404633133 -131.60225653648376 9.406299702823162 30.02609348297119
66.424662124 -131.64734625816345 9.351541630923748 30.026238441467285
66.444620663 -131.67740607261658 9.314978711307049 30.026299476623535
66.464728694 -131.72246527671814 9.260045163333416 30.02635669708252
66.484691407 -131.75249457359314 9.223374478518963 30.026368141174316
66.504658187 -131.79753851890564 9.168309323489666 30.02635669708252
66.524632365 -131.82756781578064 9.13163387030363 30.02632236480713
66.544598143 -131.87258124351501 9.076515309512615 30.026223182678223
66.565010011 -131.90259528160095 9.039764516055584 30.02613925933838
66.584668162 -131.94754767417908 8.984639279544353 30.02595615386963
66.604654216 -131.97750067710876 8.947820775210857 30.025822639465332
66.624634536 -132.02237677574158 8.89264976233244 30.02559757232666
66.6446862 -132.05226874351501 8.855831257998943 30.025460243225098
66.664870232 -132.09709906578064 8.800536267459393 30.025242805480957
66.684659759 -132.12691473960876 8.763738743960857 30.02511692047119
66.704637501 -132.17165350914001 8.708441846072674 30.02493381500244
66.724637029 -132.20145392417908 8.671561352908611 30.024807929992676
66.744636865 -132.24613165855408 8.616145245730877 30.02458667755127
66.764903024 -132.27590155601501 8.579195134341717 30.024449348449707
66.784667524 -132.32056403160095 8.523738019168377 30.02428913116455
66.804624528 -132.3503339290619 8.486693494021893 30.024205207824707
66.824620863 -132.3949658870697 8.43116008490324 30.024128913879395
66.844640638 -132.42472052574158 8.394104115664959 30.024086952209473
66.864899354 -132.4693524837494 8.338468663394451 30.02406406402588
66.884671283 -132.49912238121033 8.301393620669842 30.024048805236816
66.904629165 -132.54380011558533 8.245664708316326 30.02401065826416
66.92463809 -132.5736005306244 8.208480946719646 30.02401065826416
66.944631149 -132.61830878257751 8.152657620608807 30.0241060256958
66.964786997 -132.6481397151947 8.115371815860271 30.024174690246582
66.984669277 -132.69292426109314 8.059475056827068 30.024357795715332
67.004643391 -132.72280097007751 8.022106282413006 30.024479866027832
67.024601447 -132.76763129234314 7.966071717441082 30.02468967437744
67.044631431 -132.79752326011658 7.928671948611736 30.024846076965332
67.064713817 -132.84241461753845 7.872517220675945 30.025078773498535
67.084715661 -132.87232184410095 7.835078351199627 30.02523899078369
67.10464762 -132.91719794273376 7.7788311168551445 30.025444984436035
67.124603548 -132.94710516929626 7.741318337619305 30.025574684143066
67.144629636 -132.99196600914001 7.685007683932781 30.02584171295166
67.164780637 -133.02187323570251 7.647403351962566 30.02601718902588
67.184716228 -133.06670355796814 7.590986363589764 30.026280403137207
67.204642779 -133.09661078453064 7.553333394229412 30.026448249816895
67.224609857 -133.1414716243744 7.4967828914523125 30.026677131652832
67.244631394 -133.17136359214783 7.459082715213299 30.026768684387207
67.264749573 -133.21623969078064 7.4024039432406425 30.026890754699707
67.284670129 -133.24611639976501 7.364640824496746 30.026989936828613
67.304662334 -133.29091620445251 7.307907693088055 30.027161598205566
67.324623611 -133.32076239585876 7.270055405795574 30.02727222442627
67.344647789 -133.36550116539001 7.213243119418621 30.027413368225098
67.364756517 -133.39530158042908 7.175312630832195 30.027504920959473
67.384678239 -133.43999457359314 7.118416897952557 30.027634620666504
67.404635053 -133.4697949886322 7.080455414950848 30.02770709991455
67.42463962 -133.51450324058533 7.023467652499676 30.02779483795166
67.444722318 -133.54431891441345 6.985494248569012 30.027779579162598
67.464670001 -133.58904242515564 6.92845069617033 30.02774143218994
67.484660595 -133.61887335777283 6.890397183597088 30.02769947052002
67.504653637 -133.6636426448822 6.833263508975506 30.027626991271973
67.52463637 -133.69348883628845 6.795121781527996 30.02757740020752
67.544696242 -133.73825812339783 6.737867467105389 30.02749729156494
67.564723886 -133.76810431480408 6.699650876224041 30.027443885803223
67.584674817 -133.8128583431244 6.642314068973064 30.02737522125244
67.604650436 -133.8427197933197 6.604058854281902 30.027337074279785
67.62460666 -133.8875195980072 6.546640031039715 30.0272798538208
67.644678683 -133.91741156578064 6.508375756442547 30.02726459503174
67.664737446 -133.96225714683533 6.450933568179607 30.027241706848145
67.684667822 -133.99219489097595 6.412641160190105 30.027234077453613
67.704626671 -134.03713202476501 6.355182759463787 30.02720355987549
67.724596207 -134.06710028648376 6.316840760409832 30.027180671691895
67.74474884 -134.11209845542908 6.2593070194125175 30.027165412902832
67.764770376 -134.14211249351501 6.220916382968426 30.02714252471924
67.784685561 -134.18717169761658 6.163273923099041 30.027112007141113
67.804644591 -134.2172315120697 6.124825112521648 30.027092933654785
67.824626158 -134.26233649253845 6.06712781637907 30.02705478668213
67.844648321 -134.29245734214783 6.028682820498943 30.026978492736816
67.864741806 -134.33765387535095 5.970992676913738 30.026864051818848
67.884680117 -134.36780524253845 5.932544820010662 30.026768684387207
67.904630826 -134.41310858726501 5.87489902228117 30.026616096496582
67.924610308 -134.44332098960876 5.83645211905241 30.02651309967041
67.944657079 -134.48874640464783 5.778803937137127 30.02641010284424
67.964784468 -134.51905035972595 5.740352265536785 30.026368141174316
67.98470062 -134.56455206871033 5.682647816836834 30.026318550109863
68.004623956 -134.59490180015564 5.644186608493328 30.02632999420166
68.024606117 -134.64043402671814 5.586461178958416 30.026368141174316
68.044630648 -134.67082953453064 5.547979943454266 30.026482582092285
68.064666743 -134.71639227867126 5.490242592990398 30.02665424346924
68.084714608 -134.74675726890564 5.4517694637179375 30.026780128479004
68.104645966 -134.7923047542572 5.39406930655241 30.026982307434082
68.124616196 -134.82266974449158 5.355586640536785 30.02711582183838
68.144630067 -134.86820197105408 5.297905556857586 30.027337074279785
68.164809694 -134.89853644371033 5.259441487491131 30.02748203277588
68.184768922 -134.94405341148376 5.201741807162762 30.02769947052002
68.204641439 -134.97440314292908 5.1632867977023125 30.027859687805176
68.224634856 -135.01993536949158 5.105565659701824 30.02809238433838
68.244632871 -135.0502851009369 5.067071549594402 30.028252601623535
68.264706061 -135.0958173274994 5.009343259036541 30.02847385406494
68.284707918 -135.1261670589447 4.9708453342318535 30.02860736846924
68.304644452 -135.1716992855072 4.913119904696941 30.028775215148926
68.324634176 -135.20206427574158 4.874611012637615 30.028882026672363
68.344639535 -135.24758124351501 4.8168889209628105 30.029011726379395
68.364746152 -135.2779004573822 4.778374783694744 30.029088020324707
68.384710454 -135.32337164878845 4.720563046634197 30.02919101715088
68.404629252 -135.35366034507751 4.681969754397869 30.029255867004395
68.424607084 -135.39908576011658 4.624027363955975 30.0293550491333
68.444669358 -135.42935919761658 4.585353009402752 30.029438972473145
68.464688924 -135.47476935386658 4.527293793857098 30.02957248687744
68.484746194 -135.50504279136658 4.488562695682049 30.029664039611816
68.504642248 -135.55039191246033 4.430392853915691 30.029805183410645
68.524625444 -135.58060431480408 4.391586892306805 30.029892921447754
68.544616448 -135.62587714195251 4.3333402797579765 30.0300874710083
68.564734245 -135.65601325035095 4.294486157596111 30.03022861480713
68.584693615 -135.70120978355408 4.236184231936932 30.030430793762207
68.60464146 -135.7312695980072 4.1973162814974785 30.030583381652832
68.62463174 -135.77634406089783 4.138999097049236 30.030808448791504
68.644682398 -135.80635809898376 4.100114934146404 30.03096103668213
68.664745406 -135.85132575035095 4.04176913946867 30.031182289123535
68.684715277 -135.8812940120697 4.002860181033611 30.03133487701416
68.704634102 -135.92620062828064 3.944442145526409 30.03157901763916
68.724637788 -135.9561231136322 3.9054652377963066 30.03173542022705
68.744649838 -136.00099921226501 3.8469623252749443 30.032017707824707
68.764784401 -136.03089118003845 3.8079279586672783 30.03219699859619
68.784999091 -136.07572150230408 3.749357096850872 30.032437324523926
68.804638943 -136.10559821128845 3.71028982847929 30.032578468322754
68.824619012 -136.15039801597595 3.65167485922575 30.032750129699707
68.8446334 -136.18025946617126 3.6125923320651054 30.032845497131348
68.864738305 -136.2250440120697 3.553983084857464 30.032944679260254
68.884730295 -136.25490546226501 3.5149196311831474 30.032979011535645
68.904654259 -136.2996747493744 3.4563258811831474 30.03299045562744
68.924602267 -136.3295361995697 3.417255513370037 30.032994270324707
68.944644702 -136.37432074546814 3.3586443588137627 30.032979011535645
68.96477981 -136.4041669368744 3.3195985481142998 30.032998085021973
68.984869981 -136.44893622398376 3.261051766574383 30.03306293487549
69.004652559 -136.47878241539001 3.2220491096377373 30.03312397003174
69.024614244 -136.52353644371033 3.1635926887392998 30.033257484436035
69.044638875 -136.55338263511658 3.124634377658367 30.033345222473145
69.064624893 -136.59812140464783 3.0662478134036064 30.033516883850098
69.084703761 -136.62795233726501 3.0273410007357597 30.033635139465332
69.104642926 -136.6727216243744 2.9690045043826103 30.033818244934082
69.124624931 -136.70256781578064 2.9301367923617363 30.033940315246582
69.144637744 -136.74732184410095 2.8718691989779472 30.03417682647705
69.164694987 -136.77712225914001 2.8330444023013115 30.034340858459473
69.184788706 -136.82183051109314 2.7748030349612236 30.034626960754395
69.204644499 -136.85161566734314 2.735976330935955 30.034836769104004
69.224633928 -136.89632391929626 2.6777080222964287 30.035141944885254
69.24461475 -136.92612433433533 2.638852469623089 30.03537082672119
69.264584566 -136.97083258628845 2.5805462524294853 30.03568744659424
69.284731471 -137.00064826011658 2.541661135852337 30.035881996154785
69.30463268 -137.04538702964783 2.4833203479647636 30.03614902496338
69.324654106 -137.07520270347595 2.4443625137209892 30.03633213043213
69.344617681 -137.11991095542908 2.385907046496868 30.036595344543457
69.364617441 -137.14968085289001 2.3469108268618584 30.036763191223145
69.384839775 -137.19435858726501 2.28843342512846 30.036995887756348
69.404704713 -137.2241132259369 2.249459855258465 30.037144660949707
69.424625387 -137.26871466636658 2.1910012885928154 30.037339210510254
69.444612923 -137.2984540462494 2.1520358249545097 30.03744602203369
69.46460928 -137.34297919273376 2.093557946383953 30.037602424621582
69.484849102 -137.37264227867126 2.054563634097576 30.037686347961426
69.504655271 -137.41715216636658 1.9960650131106377 30.037781715393066
69.524634122 -137.44678473472595 1.9570180103182793 30.037827491760254
69.544625272 -137.49124884605408 1.8984403535723686 30.037827491760254
69.564628418 -137.52085089683533 1.8593708202242851 30.037819862365723
69.584895047 -137.56526923179626 1.8007507249712944 30.037800788879395
69.604650727 -137.59487128257751 1.7616709396243095 30.037785530090332
69.624641135 -137.63930487632751 1.7029997035861015 30.037774085998535
69.644666424 -137.6689374446869 1.6639035865664482 30.03774356842041
69.664595845 -137.7133710384369 1.6052467748522758 30.037713050842285
69.6848744 -137.7429883480072 1.566152684390545 30.037705421447754
69.704634314 -137.78740668296814 1.50752841681242 30.03770923614502
69.724631408 -137.81702399253845 1.4684714004397392 30.037724494934082
69.744726193 -137.86145758628845 1.409888617694378 30.037755012512207
69.764638713 -137.8911054134369 1.3708246871829033 30.03777027130127
69.7848235 -137.93558478355408 1.3122193738818169 30.037781715393066
69.804688044 -137.96526312828064 1.27315603941679 30.0377779006958
69.824667489 -138.00980353355408 1.2145314142107964 30.037781715393066
69.844613952 -138.03951239585876 1.1754555627703667 30.037781715393066
69.864609678 -138.08411383628845 1.1168610975146294 30.037785530090332
69.884747722 -138.1138837337494 1.0778102800250053 30.03777027130127
69.904674918 -138.1585614681244 1.0192657634615898 30.037720680236816
69.92462725 -138.18837714195251 0.9802817031741142 30.03768253326416
69.944625584 -138.23316168785095 0.9218245074152946 30.037590980529785
69.964648043 -138.2630536556244 0.8828537985682487 30.0375337600708
69.984740795 -138.30796027183533 0.8244019076228142 30.03744602203369
70.004671964 -138.33794379234314 0.7854507490992546 30.037388801574707
70.026263258 -138.38303351402283 0.727055124938488 30.03732395172119
70.046244019 -138.41312384605408 0.6881338879466057 30.03730869293213
70.066382305 -138.45830512046814 0.6297696158289909 30.037304878234863
70.086399574 -138.48845648765564 0.5908419415354729 30.03732395172119
70.106315146 -138.53372931480408 0.5324637815356255 30.037346839904785
70.126256425 -138.56394171714783 0.4935436174273491 30.037354469299316
70.146268123 -138.6093213558197 0.4351612254977226 30.037320137023926
70.166466069 -138.6395947933197 0.39624612778425217 30.037293434143066
70.186549952 -138.68498969078064 0.337873212993145 30.037236213684082
70.206291018 -138.7152783870697 0.2989689037203789 30.037198066711426
70.22631914 -138.76065802574158 0.24061017483472824 30.037114143371582
70.246259228 -138.79091620445251 0.20168880373239517 30.03706455230713
70.266445706 -138.8362958431244 0.14328167587518692 30.03698444366455
70.286660313 -138.86655402183533 0.1043010726571083 30.0369234085083
70.306300414 -138.91194891929626 0.04582207649946213 30.036831855773926
70.326229582 -138.9422070980072 0.006804570555686951 30.036751747131348
70.346256551 -138.98764777183533 -0.051785506308078766 30.03671360015869
70.366399468 -139.01795172691345 -0.09085386991500854 30.0366792678833
70.386571616 -139.06339240074158 -0.14953577518463135 30.03667163848877
70.406268109 -139.09368109703064 -0.18867730349302292 30.03667163848877
70.426246236 -139.13913702964783 -0.24740969389677048 30.03667163848877
70.447310148 -139.16947150230408 -0.2865776792168617 30.03665256500244
70.467663259 -139.21497321128845 -0.345348097383976 30.036625862121582
70.487548935 -139.2453534603119 -0.3845616653561592 30.03665256500244
70.507300398 -139.29093146324158 -0.44335759431123734 30.036709785461426
70.527291157 -139.32131171226501 -0.48256058245897293 30.03676700592041
70.547270057 -139.36690497398376 -0.541383869946003 30.03691577911377
70.567399489 -139.39731574058533 -0.5805835798382759 30.03701877593994
70.587313767 -139.44292426109314 -0.63942701369524 30.03718662261963
70.60728719 -139.4733350276947 -0.6786447837948799 30.037293434143066
70.627271072 -139.51895880699158 -0.7374462559819221 30.03743839263916
70.647348659 -139.54936957359314 -0.7766586616635323 30.037541389465332
70.667340772 -139.59499335289001 -0.8354444578289986 30.03767490386963
70.687357104 -139.62537360191345 -0.8746278956532478 30.03773593902588
70.707271748 -139.67093634605408 -0.9333634451031685 30.037793159484863
70.727240945 -139.70127081871033 -0.9725149348378181 30.03783130645752
70.747314719 -139.74675726890564 -1.0312593057751656 30.03792667388916
70.767417721 -139.77706122398376 -1.0704056099057198 30.037983894348145
70.787309393 -139.82248663902283 -1.129148967564106 30.038105964660645
70.807332731 -139.85276007652283 -1.1682859733700752 30.038186073303223
70.827290055 -139.8981397151947 -1.2269566133618355 30.038296699523926
70.847347946 -139.92838263511658 -1.266073353588581 30.03844165802002
70.867397512 -139.9737470149994 -1.324699528515339 30.038655281066895
70.887385056 -140.0039746761322 -1.36375642567873 30.03880023956299
70.907307959 -140.04932379722595 -1.4223266914486885 30.039006233215332
70.927257123 -140.07955145835876 -1.4613500908017159 30.039124488830566
70.947276865 -140.12488532066345 -1.5198546722531319 30.03928852081299
70.96737511 -140.15511298179626 -1.5588207319378853 30.039380073547363
70.987464704 -140.20041632652283 -1.6171984747052193 30.039498329162598
71.007306855 -140.23059821128845 -1.6560791805386543 30.039559364318848
71.027275801 -140.27585577964783 -1.7143485620617867 30.039616584777832
71.047309116 -140.30603766441345 -1.7531340196728706 30.03965473175049
71.067406758 -140.35129523277283 -1.8112570121884346 30.039692878723145
71.087406878 -140.3814618587494 -1.8499678447842598 30.03970432281494
71.107228674 -140.42668890953064 -1.907991774380207 30.03970432281494
71.127250864 -140.45684027671814 -1.9466416910290718 30.039692878723145
71.147296117 -140.50203680992126 -2.0046061351895332 30.039692878723145
71.167422966 -140.53214240074158 -2.0432370975613594 30.039677619934082
71.187388701 -140.57730841636658 -2.1011620834469795 30.039605140686035
71.20729887 -140.60738348960876 -2.1398133113980293 30.039551734924316
71.227263286 -140.6525342464447 -2.197746880352497 30.03946018218994
71.247306718 -140.68259406089783 -2.2363778427243233 30.039402961730957
71.267347934 -140.72769904136658 -2.294299729168415 30.03930377960205
71.28734241 -140.7577588558197 -2.3329192474484444 30.03921604156494
71.307306259 -140.8028485774994 -2.390869028866291 30.03907871246338
71.32739618 -140.83292365074158 -2.429492361843586 30.03899097442627
71.347284435 -140.8779981136322 -2.4874907806515694 30.038891792297363
71.367353766 -140.90805792808533 -2.526159889996052 30.038811683654785
71.387370457 -140.95316290855408 -2.584165222942829 30.03868579864502
71.407287664 -140.98323798179626 -2.622871048748493 30.03860569000244
71.427289536 -141.02837347984314 -2.6809228733181953 30.03847599029541
71.447324619 -141.05847907066345 -2.7196451500058174 30.038365364074707
71.467442854 -141.10367560386658 -2.777735359966755 30.038201332092285
71.487439763 -141.13379645347595 -2.8164492920041084 30.038098335266113
71.507269962 -141.17900824546814 -2.8744775131344795 30.037983894348145
71.527260567 -141.20915961265564 -2.9131342247128487 30.037911415100098
71.547279817 -141.25440192222595 -2.9710561111569405 30.037915229797363
71.567355548 -141.28455328941345 -3.009638674557209 30.037941932678223
71.587429796 -141.3297803401947 -3.0674659088253975 30.038010597229004
71.6073229 -141.35991644859314 -3.105958826839924 30.038105964660645
71.62726966 -141.40511298179626 -3.16365659981966 30.038254737854004
71.647299431 -141.43523383140564 -3.202097065746784 30.038357734680176
71.667361305 -141.48043036460876 -3.2597104385495186 30.038548469543457
71.687430347 -141.5105664730072 -3.298086293041706 30.03865909576416
71.707286743 -141.55579352378845 -3.3556016758084297 30.03883457183838
71.72730109 -141.58597540855408 -3.3939172104001045 30.038960456848145
71.747355695 -141.63126349449158 -3.4513417556881905 30.039132118225098
71.767476257 -141.66147589683533 -3.4895712211728096 30.03926181793213
71.787371768 -141.70680975914001 -3.5468431785702705 30.039475440979004
71.807397132 -141.73706793785095 -3.5849753692746162 30.039658546447754
71.827371532 -141.7824628353119 -3.64212454110384 30.039917945861816
71.847646327 -141.8127362728119 -3.680187590420246 30.04012393951416
71.867513949 -141.85817694664001 -3.737212784588337 30.040410041809082
71.898872974 -141.88848090171814 -3.7751945331692696 30.040574073791504
71.927704311 -141.93399786949158 -3.8320928886532784 30.04080295562744
71.946618558 -141.96436285972595 -3.869987852871418 30.04094409942627
71.966543255 -142.0099561214447 -3.9267796352505684 30.04112720489502
71.986617342 -142.04041266441345 -3.9645978286862373 30.041226387023926
72.006571846 -142.08611273765564 -4.021298058331013 30.041348457336426
72.026584442 -142.11659979820251 -4.059075243771076 30.04139804840088
72.046558496 -142.16237616539001 -4.115705855190754 30.041443824768066
72.066543205 -142.19290900230408 -4.153432257473469 30.041436195373535
72.086969393 -142.2387158870697 -4.210015185177326 30.041417121887207
72.106584687 -142.2692792415619 -4.247729189693928 30.04140567779541
72.126572512 -142.31514716148376 -4.304258234798908 30.04137897491455
72.146573035 -142.34575629234314 -4.341923125088215 30.041356086730957
72.166663927 -142.39170050621033 -4.3983892276883125 30.041287422180176
72.186701714 -142.42237067222595 -4.436011679470539 30.04124927520752
72.206597182 -142.46836066246033 -4.492424376308918 30.041176795959473
72.226532539 -142.49903082847595 -4.530019171535969 30.04112720489502
72.246580265 -142.54505133628845 -4.586373217403889 30.041085243225098
72.266577189 -142.5757520198822 -4.623922236263752 30.0410737991333
72.287729868 -142.62178778648376 -4.68021047860384 30.041081428527832
72.309320529 -142.65247321128845 -4.717730887234211 30.041104316711426
72.329251551 -142.69852423667908 -4.773954756557941 30.04122257232666
72.350203004 -142.72920966148376 -4.811433203518391 30.04130268096924
72.37108398 -142.7752149105072 -4.867646582424641 30.04153537750244
72.392909186 -142.8058545589447 -4.9051216915249825 30.041714668273926
72.412645026 -142.85178351402283 -4.961328394711018 30.04198169708252
72.432637279 -142.88237738609314 -4.998803503811359 30.04216480255127
72.4538141 -142.92819952964783 -5.0550054386258125 30.0424165725708
72.476107364 -142.95874762535095 -5.092468149960041 30.042561531066895
72.496044331 -143.00449347496033 -5.148640997707844 30.04277515411377
72.516074526 -143.03496527671814 -5.186085112392902 30.042920112609863
72.536872287 -143.08065009117126 -5.242247469723225 30.04313373565674
72.556159898 -143.1110761165619 -5.279687292873859 30.043274879455566
72.576138932 -143.1567304134369 -5.335843928158283 30.04341220855713
72.596092041 -143.18715643882751 -5.37329376488924 30.043477058410645
72.616203027 -143.2327802181244 -5.429479964077473 30.043572425842285
72.637336843 -143.2631757259369 -5.466960318386555 30.043633460998535
72.65727834 -143.30872321128845 -5.52323854714632 30.043709754943848
72.677301872 -143.33907294273376 -5.560774691402912 30.043747901916504
72.697166622 -143.38457465171814 -5.617199786007404 30.04379367828369
72.717205549 -143.41489386558533 -5.654850848019123 30.043831825256348
72.737496978 -143.46038031578064 -5.7113727405667305 30.043885231018066
72.75721235 -143.49063849449158 -5.749115355312824 30.04393482208252
72.777264675 -143.53604865074158 -5.805754072964191 30.044068336486816
72.797217592 -143.56629157066345 -5.843560107052326 30.044163703918457
72.817248655 -143.61165595054626 -5.900339491665363 30.044304847717285
72.837385668 -143.64189887046814 -5.938200362026691 30.044392585754395
72.857303727 -143.6872479915619 -5.99501121789217 30.044541358947754
72.87728536 -143.71746039390564 -6.03288210183382 30.04466724395752
72.897133863 -143.76274847984314 -6.089733965694904 30.044888496398926
72.917307771 -143.7929151058197 -6.1276372745633125 30.045037269592285
72.940112007 -143.83815741539001 -6.184497244656086 30.045266151428223
72.96005755 -143.8682782649994 -6.222400076687336 30.04542636871338
72.980021482 -143.9134442806244 -6.279235728085041 30.04560947418213
72.999989504 -143.9435498714447 -6.317128069698811 30.045716285705566
73.02012427 -143.98867011070251 -6.37399185448885 30.04588794708252
73.040119256 -144.01876044273376 -6.411897070705891 30.045987129211426
73.060033165 -144.06388068199158 -6.468799956142902 30.046154975891113
73.080009426 -144.09395575523376 -6.506730921566486 30.04628849029541
73.099930227 -144.13907599449158 -6.563620455563068 30.046467781066895
73.120307328 -144.16916632652283 -6.601525671780109 30.046570777893066
73.141363195 -144.21427130699158 -6.6583589389920235 30.046704292297363
73.161179253 -144.24434638023376 -6.696241743862629 30.046792030334473
73.181159237 -144.28946661949158 -6.753033526241779 30.046879768371582
73.201207274 -144.31954169273376 -6.790877230465412 30.046929359436035
73.221280422 -144.36464667320251 -6.847654707729816 30.04701328277588
73.241203899 -144.3947217464447 -6.885497458279133 30.047066688537598
73.26121684 -144.4398877620697 -6.9422992542386055 30.04716968536377
73.281195526 -144.46999335289001 -6.980168707668781 30.047234535217285
73.3012021 -144.51517462730408 -7.036975271999836 30.047310829162598
73.321239552 -144.54531073570251 -7.074879057705402 30.047383308410645
73.34218597 -144.5905225276947 -7.131739027798176 30.047505378723145
73.362703861 -144.62068915367126 -7.169681437313557 30.047585487365723
73.382685638 -144.66594672203064 -7.226585753262043 30.04772663116455
73.404037686 -144.6961133480072 -7.264533884823322 30.04783344268799
73.446463456 -144.74134039878845 -7.321501143276691 30.048020362854004
73.473659803 -144.77149176597595 -7.359478838741779 30.04813861846924
73.498339326 -144.81673407554626 -7.416502840816975 30.04833698272705
73.518563066 -144.84693121910095 -7.45452106744051 30.04848575592041
73.540789669 -144.89224982261658 -7.511548884212971 30.048691749572754
73.559449603 -144.92249274253845 -7.549630053341389 30.048863410949707
73.579446853 -144.9678876399994 -7.6067255809903145 30.04911518096924
73.599437311 -144.9981610774994 -7.64479673653841 30.049302101135254
73.619847736 -145.04358649253845 -7.701954729855061 30.04958438873291
73.639500843 -145.07389044761658 -7.740057356655598 30.049763679504395
73.659472742 -145.1193768978119 -7.797266371548176 30.050049781799316
73.680436724 -145.14971137046814 -7.835369952023029 30.050198554992676
73.700436033 -145.19524359703064 -7.892528899013996 30.05049228668213
73.721298831 -145.22562384605408 -7.930628187954426 30.05068302154541
73.740983698 -145.27121710777283 -7.987775690853596 30.050976753234863
73.762808091 -145.3016278743744 -8.02590549737215 30.05122470855713
73.782848922 -145.34726691246033 -8.083080179989338 30.051594734191895
73.802910676 -145.37770819664001 -8.121204264461994 30.05185031890869
73.823078621 -145.4234082698822 -8.178407557308674 30.052178382873535
73.842842372 -145.45388007164001 -8.216528780758381 30.052376747131348
73.862819702 -145.49964118003845 -8.27377212792635 30.0526704788208
73.882812252 -145.53012824058533 -8.311925776302814 30.05284595489502
73.902903954 -145.5758740901947 -8.369144327938557 30.053101539611816
73.9229173 -145.60636115074158 -8.407307513058186 30.053231239318848
73.94411978 -145.65210700035095 -8.464489825069904 30.053383827209473
73.965448285 -145.68262457847595 -8.502605326473713 30.053486824035645
73.985538714 -145.72843146324158 -8.559741862118244 30.053608894348145
74.005560406 -145.75901007652283 -8.597815401852131 30.053669929504395
74.025543477 -145.80493903160095 -8.654931910336018 30.053807258605957
74.045459884 -145.83557868003845 -8.692991144955158 30.05387592315674
74.065379211 -145.88167548179626 -8.750068552792072 30.053963661193848
74.085482922 -145.91243720054626 -8.788087733089924 30.05399799346924
74.105511609 -145.95862555503845 -8.845070727169514 30.054017066955566
74.125408917 -145.98946356773376 -8.88306225091219 30.054062843322754
74.145322954 -146.0357129573822 -8.94001854211092 30.054097175598145
74.165385183 -146.06655097007751 -8.9779928997159 30.054089546203613
74.185468624 -146.11281561851501 -9.034934885799885 30.054062843322754
74.205499602 -146.1436688899994 -9.07286823540926 30.054028511047363
74.225486019 -146.1899335384369 -9.12973964959383 30.05394458770752
74.245397847 -146.2207715511322 -9.167626269161701 30.053868293762207
74.265412631 -146.26699042320251 -9.224440462887287 30.053765296936035
74.285511723 -146.29776740074158 -9.262290842831135 30.05368137359619
74.305700481 -146.34390997886658 -9.319034464657307 30.053536415100098
74.325400041 -146.37461066246033 -9.356871493160725 30.05346393585205
74.345324617 -146.4206464290619 -9.41360080987215 30.05332660675049
74.365447214 -146.45131659507751 -9.451422579586506 30.053227424621582
74.386766632 -146.4972608089447 -9.508182413876057 30.053093910217285
74.40675995 -146.52786993980408 -9.54600990563631 30.052998542785645
74.426692115 -146.57373785972595 -9.60278595238924 30.05284595489502
74.446663216 -146.6043164730072 -9.64063061028719 30.052727699279785
74.466736727 -146.65016913414001 -9.697391398251057 30.052525520324707
74.486765188 -146.6807324886322 -9.735229380428791 30.052376747131348
74.506794165 -146.72656989097595 -9.791979677975178 30.052136421203613
74.527758421 -146.75710272789001 -9.829868204891682 30.051926612854004
74.547731018 -146.80289435386658 -9.886690981686115 30.051594734191895
74.567769564 -146.83342719078064 -9.924596674740314 30.051365852355957
74.587865639 -146.87918829917908 -9.981468088924885 30.05101490020752
74.60797328 -146.90969061851501 -10.019363291561604 30.050774574279785
74.627748272 -146.95540595054626 -10.076280482113361 30.050454139709473
74.647703569 -146.98587775230408 -10.114249117672443 30.050240516662598
74.667730108 -147.0315625667572 -10.171234019100666 30.049931526184082
74.687805694 -147.06201910972595 -10.209330447018147 30.049736976623535
74.707871027 -147.10767340660095 -10.266484148800373 30.049439430236816
74.727719047 -147.13811469078064 -10.304654009640217 30.04927921295166
74.747752827 -147.18373847007751 -10.361902125179768 30.04904270172119
74.767740844 -147.21411871910095 -10.400107271969318 30.048893928527832
74.787848952 -147.2596356868744 -10.457460291683674 30.048691749572754
74.807926458 -147.2899854183197 -10.495683558285236 30.04855442047119
74.827744428 -147.33538031578064 -10.553120501339436 30.04838275909424
74.847724102 -147.36565375328064 -10.591406710445881 30.048279762268066
74.867714633 -147.41103339195251 -10.648829348385334 30.04812717437744
74.887821428 -147.44124579429626 -10.687143214046955 30.04808521270752
74.907790126 -147.48654913902283 -10.744568713009357 30.04802417755127
74.927721563 -147.51674628257751 -10.782856829464436 30.048008918762207
74.947712543 -147.56197333335876 -10.84028709679842 30.048001289367676
74.967666812 -147.59212470054626 -10.878544695675373 30.048001289367676
74.988006897 -147.63729071617126 -10.935971148312092 30.04805850982666
75.007746386 -147.66741156578064 -10.97420109063387 30.048073768615723
75.02774464 -147.71250128746033 -11.031552202999592 30.048169136047363
75.047767518 -147.7425458431244 -11.069748766720295 30.048222541809082
75.067894133 -147.78762030601501 -11.126986391842365 30.048283576965332
75.087948073 -147.81768012046814 -11.165115244686604 30.04830265045166
75.10871202 -147.86280035972595 -11.222249872982502 30.04830265045166
75.127691615 -147.8928906917572 -11.26030720025301 30.04831027984619
75.147754523 -147.9380567073822 -11.317369349300861 30.04829502105713
75.16770935 -147.96816229820251 -11.355378992855549 30.048279762268066
75.187832353 -148.01334357261658 -11.412409670650959 30.0482759475708
75.208934244 -148.04346442222595 -11.450412638485432 30.048272132873535
75.228938351 -148.08866095542908 -11.507392771542072 30.048256874084473
75.248904828 -148.11878180503845 -11.5453757122159 30.048256874084473
75.268959856 -148.16399359703064 -11.602271921932697 30.048222541809082
75.289181554 -148.19411444664001 -11.640196688473225 30.048222541809082
75.30896645 -148.23929572105408 -11.69704044610262 30.048203468322754
75.328926224 -148.26941657066345 -11.73492706567049 30.048256874084473
75.348893434 -148.31462836265564 -11.791745074093342 30.048344612121582
75.368905266 -148.34477972984314 -11.829596407711506 30.048386573791504
75.389115413 -148.39002203941345 -11.88640297204256 30.048466682434082
75.408958051 -148.42021918296814 -11.924260027706623 30.048516273498535
75.428903378 -148.46553778648376 -11.981025584042072 30.048623085021973
75.448936909 -148.49578070640564 -12.0188864544034 30.04870319366455
75.468926946 -148.54114508628845 -12.075620539486408 30.048821449279785
75.489089137 -148.5714032649994 -12.113421328365803 30.048901557922363
75.508969956 -148.6168134212494 -12.170103915035725 30.04904270172119
75.528938471 -148.64710211753845 -12.20786464959383 30.049092292785645
75.548939598 -148.69254279136658 -12.264504320919514 30.04921054840088
75.568954635 -148.72286200523376 -12.302243120968342 30.04928684234619
75.589322017 -148.76834845542908 -12.358882792294025 30.049450874328613
75.610307741 -148.79868292808533 -12.396631129086018 30.049561500549316
75.629996961 -148.84419989585876 -12.453234560787678 30.049702644348145
75.650036591 -148.87453436851501 -12.491015322506428 30.049805641174316
75.669969541 -148.92005133628845 -12.547664530575275 30.049946784973145
75.690838448 -148.95041632652283 -12.585439570248127 30.05004596710205
75.70998035 -148.9959638118744 -12.642135508358479 30.050175666809082
75.730127417 -149.02634406089783 -12.679921992123127 30.050271034240723
75.749911933 -149.07190680503845 -12.736700899899006 30.05041217803955
75.770048564 -149.10230231285095 -12.774560816586018 30.050480842590332
75.79059058 -149.14788031578064 -12.831364519894123 30.050541877746582
75.810008123 -149.17827582359314 -12.869254000484943 30.050576210021973
75.830090955 -149.22388434410095 -12.926108248531818 30.05062961578369
75.84997702 -149.25429511070251 -12.964077837765217 30.05070209503174
75.871334225 -149.2999188899994 -13.021011240780354 30.050827980041504
75.891369096 -149.33034491539001 -13.058981783688068 30.050930976867676
75.911210205 -149.37598395347595 -13.115943796932697 30.05110263824463
75.931225053 -149.40639472007751 -13.153900034725666 30.051262855529785
75.951134117 -149.4520184993744 -13.210904963314533 30.05151081085205
75.971345143 -149.48245978355408 -13.24889076501131 30.05165195465088
75.9914514 -149.52811408042908 -13.305853731930256 30.051831245422363
76.011213052 -149.55861639976501 -13.343869097530842 30.051945686340332
76.032269398 -149.60439276695251 -13.400842554867268 30.05217456817627
76.052347204 -149.63492560386658 -13.4388083294034 30.05228900909424
76.07239077 -149.6807782649994 -13.49570930749178 30.052422523498535
76.092413726 -149.7113721370697 -13.53362262994051 30.05248737335205
76.112351422 -149.75730109214783 -13.590450175106525 30.052544593811035
76.132322688 -149.7879102230072 -13.628302462399006 30.05257511138916
76.152231113 -149.83386969566345 -13.685032732784748 30.05256748199463
76.172385466 -149.86450934410095 -13.722810633480549 30.0525484085083
76.193395138 -149.9104688167572 -13.779417879879475 30.052502632141113
76.213350393 -149.94112372398376 -13.817098505795002 30.052422523498535
76.233382889 -149.98711371421814 -13.873562701046467 30.052334785461426
76.253377633 -150.01778388023376 -13.911165125668049 30.05224323272705
76.274335199 -150.06375861167908 -13.967533953487873 30.05202579498291
76.293381364 -150.09439826011658 -14.005082972347736 30.051846504211426
76.31343902 -150.14028143882751 -14.061388857662678 30.051465034484863
76.333320388 -150.17087531089783 -14.098891146481037 30.051220893859863
76.353376501 -150.21665167808533 -14.155125506222248 30.050740242004395
76.374547628 -150.24715399742126 -14.192590601742268 30.050393104553223
76.394519879 -150.29285407066345 -14.24874771386385 30.04982852935791
76.41446048 -150.32324957847595 -14.286184199154377 30.049382209777832
76.43449524 -150.36882758140564 -14.342308886349201 30.048771858215332
76.454528564 -150.39919257164001 -14.37971580773592 30.048348426818848
76.474513294 -150.4446942806244 -14.43580997735262 30.047677040100098
76.494468751 -150.47501349449158 -14.473185427486897 30.04723072052002
76.514354538 -150.52043890953064 -14.529234774410725 30.046536445617676
76.534406003 -150.55069708824158 -14.566580660641193 30.04609775543213
76.554508511 -150.59603095054626 -14.62257183343172 30.04545307159424
76.574623601 -150.62618231773376 -14.659916765987873 30.045029640197754
76.594458071 -150.67143988609314 -14.715878374874592 30.044411659240723
76.614396683 -150.70151495933533 -14.753178484737873 30.044026374816895
76.634403376 -150.74658942222595 -14.809088595211506 30.043572425842285
76.654549931 -150.77658820152283 -14.846341021358967 30.04329776763916
76.674551869 -150.82151007652283 -14.902158625423908 30.04289722442627
76.694529707 -150.85144782066345 -14.939337618649006 30.042641639709473
76.714378059 -150.89627814292908 -14.995066531002522 30.042298316955566
76.73438549 -150.9261395931244 -15.032193072140217 30.04204273223877
76.754476232 -150.97095465660095 -15.087844736874104 30.0416841506958
76.774989336 -151.00077033042908 -15.124932177364826 30.041455268859863
76.794463018 -151.04550909996033 -15.180543787777424 30.041123390197754
76.814432116 -151.07532477378845 -15.217615015804768 30.040921211242676
76.834404775 -151.12003302574158 -15.273228533565998 30.040623664855957
76.855062282 -151.1498486995697 -15.310293085873127 30.04043674468994
76.875639133 -151.19458746910095 -15.365858919918537 30.040181159973145
76.895917983 -151.22441840171814 -15.402880556881428 30.04002094268799
76.915580631 -151.2691571712494 -15.458418734371662 30.039834022521973
76.93564745 -151.29898810386658 -15.495428927242756 30.039746284484863
76.955612365 -151.34378790855408 -15.550914652645588 30.03964328765869
76.975636354 -151.37363409996033 -15.58788002282381 30.039605140686035
76.995568632 -151.41843390464783 -15.643314249813557 30.039555549621582
77.01550888 -151.44832587242126 -15.680270083248615 30.039544105529785
77.035595552 -151.49321722984314 -15.735701449215412 30.039673805236816
77.055657136 -151.52317023277283 -15.772645838558674 30.039769172668457
77.075635682 -151.5681073665619 -15.82807720452547 30.03995990753174
77.095589142 -151.5980908870697 -15.865035898983479 30.0400972366333
77.115553146 -151.64308905601501 -15.92048729211092 30.04033374786377
77.135631639 -151.67310309410095 -15.957446940243244 30.040555000305176
77.155613302 -151.7181317806244 -16.012868769466877 30.040928840637207
77.175897347 -151.74820685386658 -16.04981315881014 30.041234016418457
77.195588264 -151.7933270931244 -16.105212099850178 30.041695594787598
77.215535342 -151.8234326839447 -16.142136462032795 30.04204273223877
77.235550949 -151.86862921714783 -16.19751823693514 30.04264545440674
77.255645667 -151.89878058433533 -16.23443115502596 30.043034553527832
77.275621624 -151.94406867027283 -16.289801485836506 30.043644905090332
77.29555437 -151.9743115901947 -16.32669723778963 30.044053077697754
77.315521793 -152.0197217464447 -16.38201416283846 30.044655799865723
77.335553785 -152.05007147789001 -16.418888933956623 30.045037269592285
77.355618692 -152.09563422203064 -16.474186785519123 30.04557514190674
77.375599434 -152.12606024742126 -16.511040575802326 30.045903205871582
77.396067883 -152.1717450618744 -16.56629455834627 30.04634952545166
77.415545419 -152.20223212242126 -16.60311210900545 30.046635627746582
77.435882105 -152.24800848960876 -16.658305056393147 30.04707431793213
77.455661178 -152.2785565853119 -16.69508446007967 30.047341346740723
77.475733994 -152.3244092464447 -16.750241167843342 30.047783851623535
77.495569244 -152.35500311851501 -16.78700340539217 30.04806613922119
77.51552467 -152.40093207359314 -16.842127688229084 30.048470497131348
77.535536805 -152.43155646324158 -16.87887466698885 30.048733711242676
77.5555914 -152.47750067710876 -16.933991320431232 30.049080848693848
77.575636485 -152.50815558433533 -16.9707325771451 30.04928684234619
77.595565227 -152.55413031578064 -17.02583397179842 30.04955768585205
77.615537616 -152.5847852230072 -17.062561877071857 30.049710273742676
77.635539674 -152.63075995445251 -17.11762321740389 30.049927711486816
77.654520835 -152.66143012046814 -17.154316790401936 30.05003833770752
77.674634329 -152.70745062828064 -17.209303744137287 30.05016803741455
77.694545978 -152.7381513118744 -17.245945818722248 30.05022144317627
77.7144995 -152.78423285484314 -17.30088508874178 30.050259590148926
77.73462736 -152.8150098323822 -17.33750046044588 30.050236701965332
77.75451715 -152.8611524105072 -17.39241112023592 30.050164222717285
77.774581142 -152.89192938804626 -17.429009325802326 30.050084114074707
77.794529332 -152.93808722496033 -17.4839161708951 30.049931526184082
77.814535434 -152.96884894371033 -17.520520098507404 30.049813270568848
77.834664964 -153.01494574546814 -17.57546127587557 30.04960346221924
77.854587553 -153.04569220542908 -17.612099535763264 30.049447059631348
77.874882274 -153.09180426597595 -17.66707504540682 30.049214363098145
77.895188246 -153.1225507259369 -17.703747637569904 30.049057960510254
77.914528991 -153.1686475276947 -17.758746035397053 30.048806190490723
77.934833848 -153.19939398765564 -17.795414812862873 30.048623085021973
77.954514929 -153.24550604820251 -17.850409395992756 30.048333168029785
77.97479736 -153.2762372493744 -17.88707435876131 30.04813861846924
77.994574913 -153.3223798274994 -17.942118532955647 30.047825813293457
78.014505575 -153.3531415462494 -17.978825457394123 30.047600746154785
78.03455405 -153.39929938316345 -18.033987887203693 30.047215461730957
78.054490138 -153.43009161949158 -18.070788271725178 30.04695987701416
78.074637981 -153.4763104915619 -18.12601364403963 30.046589851379395
78.094627552 -153.5071485042572 -18.16289222985506 30.046353340148926
78.114519176 -153.5534131526947 -18.21823013573885 30.04600238800049
78.134539981 -153.58428168296814 -18.255158312618732 30.045781135559082
78.154500558 -153.63062262535095 -18.310574419796467 30.04545307159424
78.174856541 -153.66153693199158 -18.347521670162678 30.045228004455566
78.194535537 -153.70792365074158 -18.40296257287264 30.044873237609863
78.214496585 -153.73886847496033 -18.439919359982014 30.04463291168213
78.234643312 -153.78533148765564 -18.49541176110506 30.04423999786377
78.254495305 -153.81630682945251 -18.532408602535725 30.043984413146973
78.274725872 -153.86276984214783 -18.58790100365877 30.043587684631348
78.294540345 -153.89376044273376 -18.62492073327303 30.04333209991455
78.314538024 -153.9402539730072 -18.680439837276936 30.042962074279785
78.334636201 -153.9712598323822 -18.717459566891193 30.042717933654785
78.354513174 -154.01782965660095 -18.772993929684162 30.04238224029541
78.374620509 -154.04886603355408 -18.810009844601154 30.0421724319458
78.395192003 -154.09549689292908 -18.865530855953693 30.041909217834473
78.414537271 -154.12660956382751 -18.90252197533846 30.041752815246582
78.43507449 -154.17330145835876 -18.957981951534748 30.041577339172363
78.454540132 -154.20444464683533 -18.994934923946857 30.04148578643799
78.474710615 -154.25115180015564 -19.050331957638264 30.041386604309082
78.494543414 -154.2823407649994 -19.087244875729084 30.04137897491455
78.514528082 -154.3290936946869 -19.142605669796467 30.041382789611816
78.534564425 -154.36026740074158 -19.17951477319002 30.041443824768066
78.5544954 -154.4070508480072 -19.234854586422443 30.041565895080566
78.574678345 -154.4382245540619 -19.271733172237873 30.041638374328613
78.594534146 -154.48502326011658 -19.327053911983967 30.041783332824707
78.614520291 -154.51621222496033 -19.363936312496662 30.04189395904541
78.634514917 -154.56299567222595 -19.41925323754549 30.042092323303223
78.654512773 -154.59421515464783 -19.45614517480135 30.04226016998291
78.674660784 -154.64101386070251 -19.51146972924471 30.042515754699707
78.694525825 -154.6722333431244 -19.548344500362873 30.042698860168457
78.714540366 -154.71901679039001 -19.603636629879475 30.04296588897705
78.734551249 -154.7501904964447 -19.640488512814045 30.043137550354004
78.754492233 -154.79692816734314 -19.69578254967928 30.043389320373535
78.775231982 -154.8280713558197 -19.732638247311115 30.043553352355957
78.795563111 -154.87479376792908 -19.787991411983967 30.043782234191895
78.816831832 -154.90593695640564 -19.82490051537752 30.043919563293457
78.836775892 -154.95264410972595 -19.880267031490803 30.044137001037598
78.856926057 -154.98380255699158 -19.917237170040607 30.04427433013916
78.876850623 -155.0305097103119 -19.97272003442049 30.044495582580566
78.896796325 -155.0616376399994 -20.009758837521076 30.04464817047119
78.91683247 -155.10828375816345 -20.06539810448885 30.04485034942627
78.936791109 -155.1393506526947 -20.102505572140217 30.044915199279785
78.956895221 -155.1859052181244 -20.1582268550992 30.0449800491333
78.977577978 -155.21692633628845 -20.19534958153963 30.044983863830566
78.996796778 -155.2633740901947 -20.251133807003498 30.044907569885254
79.017031676 -155.29431891441345 -20.28834045678377 30.04483127593994
79.036789643 -155.34065985679626 -20.344178088009357 30.044636726379395
79.057000361 -155.37154364585876 -20.381440050899982 30.04451084136963
79.076928016 -155.41782355308533 -20.437323458492756 30.044339179992676
79.096812338 -155.44866156578064 -20.474587328732014 30.044228553771973
79.116793971 -155.49489569664001 -20.530482180416584 30.044079780578613
79.136763809 -155.5257031917572 -20.567728884518147 30.0440034866333
79.156903747 -155.57186102867126 -20.62361229211092 30.043904304504395
79.176873108 -155.6026074886322 -20.66086471825838 30.043850898742676
79.196790046 -155.64871954917908 -20.716732867062092 30.04377841949463
79.216783195 -155.67940497398376 -20.754002459347248 30.043763160705566
79.236775779 -155.72544074058533 -20.809862978756428 30.043721199035645
79.25693378 -155.75606513023376 -20.84712303429842 30.043713569641113
79.276905024 -155.8019483089447 -20.902979739010334 30.043686866760254
79.296793125 -155.8325116634369 -20.94020736962557 30.043667793273926
79.316839401 -155.8782880306244 -20.996033556759357 30.0436372756958
79.336792606 -155.90879034996033 -21.033228762447834 30.0436372756958
79.356910191 -155.95449042320251 -21.089041598141193 30.043618202209473
79.376852805 -155.9849317073822 -21.126225359737873 30.043606758117676
79.396793333 -156.03057074546814 -21.181958086788654 30.04359531402588
79.416797728 -156.06096625328064 -21.21911896020174 30.043587684631348
79.436808913 -156.10652899742126 -21.274834521114826 30.04354953765869
79.456964295 -156.1369092464447 -21.311968691647053 30.0435152053833
79.47684284 -156.18245673179626 -21.36767853051424 30.043511390686035
79.49679665 -156.21282172203064 -21.4048088863492 30.043511390686035
79.516819073 -156.25833868980408 -21.46050537377596 30.043519020080566
79.536840515 -156.28867316246033 -21.49762237817049 30.043511390686035
79.557027494 -156.33414435386658 -21.55331314355135 30.043522834777832
79.576871431 -156.3644483089447 -21.590437777340412 30.04353427886963
79.596829386 -156.4099042415619 -21.64612091332674 30.043557167053223
79.616766363 -156.44022345542908 -21.68323601037264 30.043583869934082
79.636773022 -156.4856641292572 -21.738888628780842 30.043625831604004
79.65686045 -156.51595282554626 -21.775986559689045 30.04365634918213
79.676903901 -156.56136298179626 -21.831623919308186 30.043686866760254
79.696838042 -156.59165167808533 -21.868698962032795 30.04369831085205
79.716806119 -156.6370313167572 -21.92433822900057 30.04369068145752
79.736804786 -156.66728949546814 -21.961432345211506 30.043713569641113
79.756848624 -156.71266913414001 -22.01706589013338 30.043736457824707
79.776906185 -156.74289679527283 -22.054152376949787 30.043766975402832
79.796856686 -156.78824591636658 -22.109782107174397 30.043831825256348
79.816791855 -156.81844305992126 -22.14690674096346 30.043877601623535
79.836919708 -156.86374640464783 -22.202574618160725 30.04394245147705
79.856918193 -156.89394354820251 -22.239689715206623 30.04397678375244
79.877001188 -156.9392011165619 -22.295382387936115 30.044053077697754
79.896834834 -156.96939826011658 -22.33250129967928 30.044102668762207
79.916804235 -157.01461005210876 -22.38825500756502 30.044182777404785
79.936796571 -157.0447461605072 -22.42542541772127 30.044270515441895
79.95684248 -157.0899121761322 -22.481171496212482 30.044392585754395
79.977244101 -157.11995673179626 -22.518378145992756 30.044461250305176
79.996837586 -157.1650311946869 -22.574185259640217 30.04452610015869
80.016809509 -157.19504523277283 -22.61141289025545 30.044568061828613
80.036831851 -157.24007391929626 -22.667240984737873 30.044621467590332
80.056891809 -157.27005743980408 -22.70447815209627 30.04465961456299
80.076896437 -157.3150098323822 -22.76035202294588 30.044690132141113
80.096976604 -157.34499335289001 -22.797587282955647 30.04469394683838
80.116819029 -157.3898847103119 -22.853468783199787 30.044682502746582
80.136801314 -157.41982245445251 -22.89072311669588 30.04463291168213
80.156926203 -157.4647138118744 -22.94660461694002 30.044541358947754
80.1780089 -157.49460577964783 -22.983879931271076 30.044499397277832
80.197929748 -157.53948187828064 -23.039778597652912 30.044442176818848
80.217937243 -157.5694043636322 -23.077057726681232 30.044407844543457
80.238014891 -157.61429572105408 -23.132979281246662 30.04438877105713
80.258095471 -157.6442334651947 -23.170241244137287 30.0443696975708
80.278015539 -157.68914008140564 -23.226176150143147 30.044400215148926
80.297979546 -157.7191083431244 -23.26343048363924 30.04442310333252
80.317947076 -157.76399970054626 -23.319401629269123 30.044445991516113
80.33801229 -157.7939374446869 -23.35673225671053 30.044434547424316
80.358038451 -157.8388135433197 -23.412747271358967 30.04439640045166
80.377997483 -157.8687207698822 -23.450133211910725 30.04435443878174
80.397966048 -157.91361212730408 -23.506171114742756 30.044278144836426
80.417939809 -157.94356513023376 -23.543524630367756 30.044224739074707
80.437974409 -157.98850226402283 -23.59954345971346 30.04414463043213
80.458113045 -158.0185010433197 -23.636860735714436 30.044095039367676
80.478016316 -158.06348395347595 -23.69286049157381 30.044045448303223
80.497940178 -158.09351325035095 -23.730177767574787 30.044011116027832
80.517962014 -158.13860297203064 -23.786124117672443 30.043957710266113
80.537991273 -158.16870856285095 -23.823426134884357 30.043992042541504
80.558059939 -158.21388983726501 -23.87932289391756 30.04402256011963
80.578058049 -158.24402594566345 -23.91658104211092 30.04405689239502
80.598089398 -158.28928351402283 -23.97243393212557 30.04411029815674
80.617937123 -158.31946539878845 -24.0096730068326 30.04415225982666
80.638504263 -158.36476874351501 -24.065523989498615 30.044224739074707
80.659148689 -158.39499640464783 -24.10273254662752 30.044270515441895
80.679834347 -158.44039130210876 -24.15857780724764 30.044377326965332
80.700074862 -158.47067999839783 -24.195807345211506 30.044453620910645
80.720139976 -158.5161817073822 -24.251652605831623 30.04457950592041
80.740117281 -158.54654669761658 -24.288924105465412 30.04470157623291
80.760195465 -158.59212470054626 -24.34481132775545 30.04488468170166
80.780164745 -158.62253546714783 -24.382077105343342 30.045018196105957
80.800062713 -158.66817450523376 -24.438013918697834 30.045247077941895
80.820068387 -158.69863104820251 -24.47529686242342 30.04539203643799
80.840048189 -158.74436163902283 -24.531235583126545 30.045586585998535
80.860175699 -158.77487921714783 -24.568516619503498 30.04570484161377
80.880108318 -158.82076239585876 -24.624516375362873 30.04589557647705
80.900053128 -158.85137152671814 -24.661848910152912 30.046025276184082
80.920119336 -158.89736151695251 -24.71785057336092 30.046231269836426
80.94005531 -158.9280469417572 -24.755202181637287 30.04636859893799
80.960171172 -158.97414374351501 -24.811211474239826 30.046563148498535
80.980114887 -159.00490546226501 -24.848564989864826 30.0466890335083
81.00003302 -159.05110907554626 -24.904633410274982 30.046883583068848
81.02009016 -159.08193182945251 -24.942000277340412 30.047009468078613
81.040070863 -159.12818121910095 -24.998143084347248 30.047303199768066
81.060171568 -159.15903449058533 -25.035580523312092 30.047493934631348
81.080068328 -159.20534491539001 -25.091750033199787 30.04777240753174
81.10008089 -159.23621344566345 -25.129208452999592 30.047940254211426
81.120113511 -159.2825391292572 -25.185416109859943 30.048169136047363
81.140077148 -159.31343817710876 -25.222954638302326 30.048306465148926
81.160151372 -159.35982489585876 -25.279232867062092 30.048466682434082
81.180478804 -159.39076972007751 -25.316758044064045 30.048550605773926
81.200109098 -159.43723273277283 -25.37306869775057 30.0486421585083
81.220246975 -159.46822333335876 -25.41059387475252 30.04867649078369
81.240113922 -159.5147626399994 -25.46693504601717 30.04868793487549
81.260488556 -159.54579901695251 -25.504486925899982 30.04867649078369
81.280089472 -159.5923993587494 -25.56080711632967 30.048619270324707
81.300042438 -159.62351202964783 -25.598358996212482 30.048584938049316
81.320055084 -159.6701581478119 -25.654642947018147 30.048531532287598
81.340041126 -159.70127081871033 -25.69214714318514 30.048508644104004
81.360221246 -159.7479169368744 -25.74834717065096 30.048462867736816
81.380679974 -159.77898383140564 -25.785778887569904 30.048428535461426
81.400106393 -159.82556891441345 -25.84189499169588 30.04835605621338
81.42013841 -159.85660529136658 -25.87927521020174 30.048298835754395
81.441072231 -159.90317511558533 -25.93529213219881 30.04821491241455
81.46119147 -159.93418097496033 -25.97259796410799 30.048142433166504
81.481104708 -159.9806592464447 -26.028496630489826 30.048020362854004
81.50105294 -160.01161932945251 -26.065739519894123 30.047932624816895
81.521052816 -160.0580518245697 -26.12157142907381 30.047791481018066
81.541066904 -160.0889813899994 -26.158783800899982 30.04769229888916
81.561179662 -160.1353681087494 -26.214598543941975 30.047547340393066
81.581078586 -160.16628241539001 -26.251789934933186 30.047444343566895
81.601135203 -160.21269965171814 -26.307574160397053 30.04731845855713
81.621066974 -160.24362921714783 -26.344731219112873 30.047226905822754
81.64107879 -160.2899854183197 -26.40043342858553 30.047120094299316
81.661767099 -160.32088446617126 -26.437548525631428 30.0470552444458
81.682282736 -160.36719489097595 -26.4931935146451 30.04698657989502
81.702405699 -160.3980176448822 -26.530259020626545 30.046963691711426
81.722303629 -160.44425177574158 -26.58581817895174 30.04690647125244
81.742479615 -160.47505927085876 -26.622841723263264 30.046826362609863
81.763183739 -160.52126288414001 -26.67834747582674 30.046685218811035
81.782259085 -160.5520703792572 -26.715323336422443 30.0465669631958
81.802489198 -160.59827399253845 -26.7707814052701 30.04638385772705
81.82228172 -160.6290967464447 -26.80771530419588 30.04625415802002
81.842612952 -160.67531561851501 -26.863064654171467 30.046059608459473
81.863883408 -160.7061688899994 -26.899914629757404 30.045907020568848
81.883313175 -160.7524335384369 -26.95514953881502 30.045674324035645
81.903335843 -160.78325629234314 -26.99194610863924 30.045491218566895
81.923309145 -160.82947516441345 -27.047097094357014 30.045205116271973
81.944786148 -160.86028265953064 -27.083834536373615 30.044957160949707
81.964353991 -160.9064404964447 -27.138903506100178 30.0446138381958
81.984377151 -160.93718695640564 -27.17559326440096 30.04440402984619
82.004385013 -160.9832684993744 -27.2306202724576 30.0441255569458
82.024352785 -161.01396918296814 -27.26731003075838 30.043946266174316
82.044462385 -161.06002020835876 -27.32235039025545 30.043709754943848
82.06438349 -161.09072089195251 -27.359066851437092 30.043564796447754
82.08438466 -161.13674139976501 -27.414135821163654 30.043347358703613
82.104349259 -161.16741156578064 -27.450859911739826 30.04321002960205
82.124347246 -161.21341681480408 -27.50598991662264 30.043030738830566
82.144499317 -161.2440869808197 -27.542744524776936 30.0429048538208
82.164355879 -161.29012274742126 -27.59791649132967 30.04274082183838
82.184405421 -161.32082343101501 -27.63469970971346 30.042641639709473
82.204356861 -161.3668897151947 -27.689955599606037 30.042546272277832
82.22440766 -161.39762091636658 -27.72680938988924 30.042500495910645
82.244543314 -161.4437177181244 -27.78211296349764 30.042473793029785
82.26438862 -161.4744336605072 -27.81899154931307 30.042481422424316
82.284417737 -161.52051520347595 -27.874279864132404 30.04250431060791
82.304366107 -161.5512158870697 -27.911129839718342 30.042542457580566
82.324383372 -161.59722113609314 -27.96640671044588 30.04261875152588
82.344724917 -161.6278760433197 -28.00324524194002 30.042675971984863
82.364349656 -161.67385077476501 -28.058491595089436 30.042794227600098
82.384532427 -161.70447516441345 -28.095314867794514 30.04287815093994
82.404369471 -161.75041937828064 -28.1505364254117 30.043015480041504
82.424352555 -161.78101325035095 -28.18733299523592 30.04310703277588
82.46081839 -161.82688117027283 -28.242506869137287 30.043225288391113
82.487071795 -161.85739874839783 -28.279297716915607 30.043328285217285
82.507041045 -161.90317511558533 -28.334458239376545 30.043465614318848
82.527192707 -161.93364691734314 -28.37122429162264 30.04356098175049
82.547069843 -161.9793164730072 -28.426371462643147 30.043705940246582
82.567067504 -162.0097577571869 -28.463126070797443 30.04379367828369
82.587040912 -162.05538153648376 -28.51825989037752 30.043950080871582
82.607054561 -162.08577704429626 -28.555006869137287 30.04403781890869
82.627166332 -162.13138556480408 -28.610112078487873 30.044140815734863
82.647171728 -162.16179633140564 -28.646822817623615 30.044243812561035
82.667071434 -162.20745062828064 -28.70186699181795 30.04438877105713
82.687027586 -162.2379071712494 -28.7385548427701 30.0444917678833
82.707044189 -162.28360724449158 -28.79356086999178 30.044663429260254
82.72711011 -162.31410956382751 -28.830212481319904 30.04479694366455
82.747253228 -162.35987067222595 -28.88518226891756 30.04501438140869
82.767144727 -162.39038825035095 -28.921820528805256 30.04514789581299
82.787022506 -162.43621039390564 -28.97677505761385 30.045418739318848
82.807082209 -162.46677374839783 -29.013401873409748 30.045598030090332
82.827153934 -162.51262640953064 -29.068325884640217 30.04586124420166
82.847177805 -162.54322028160095 -29.104920275509357 30.046059608459473
82.867062451 -162.58913397789001 -29.159788973629475 30.046395301818848
82.887032851 -162.6197431087494 -29.196354754269123 30.04662036895752
82.907042222 -162.66568732261658 -29.251204378902912 30.04695224761963
82.927176678 -162.69632697105408 -29.287760622799397 30.047154426574707
82.947109788 -162.7423017024994 -29.342581637203693 30.047436714172363
82.967439291 -162.77295660972595 -29.379116900265217 30.04759693145752
82.98703622 -162.8189160823822 -29.433892138302326 30.047795295715332
83.007126244 -162.8495557308197 -29.470381624996662 30.047905921936035
83.027115235 -162.89553046226501 -29.525082476437092 30.048043251037598
83.047093885 -162.92618536949158 -29.56151283532381 30.048130989074707
83.067144277 -162.97217535972595 -29.616143114864826 30.0482759475708
83.087067372 -163.00284552574158 -29.652558214962482 30.04835605621338
83.107053241 -163.04883551597595 -29.70716369897127 30.04845905303955
83.127156182 -163.07949042320251 -29.743557818233967 30.04851245880127
83.147119946 -163.12544989585876 -29.798123247921467 30.04861545562744
83.167045186 -163.15608954429626 -29.83448112756014 30.048718452453613
83.187065742 -163.2020184993744 -29.88898742944002 30.048867225646973
83.207052681 -163.23264288902283 -29.925312884151936 30.04897403717041
83.227167979 -163.27860236167908 -29.97978676110506 30.049084663391113
83.247082518 -163.30918097496033 -30.01608932763338 30.049168586730957
83.267153124 -163.3550488948822 -30.070536501705647 30.04928684234619
83.287028313 -163.3856122493744 -30.106823809444904 30.04936695098877
83.307113768 -163.43140387535095 -30.161238558590412 30.049477577209473
83.327140408 -163.46193671226501 -30.197510607540607 30.049538612365723
83.347112622 -163.50774359703064 -30.25190246850252 30.049622535705566
83.367063134 -163.53826117515564 -30.288153536617756 30.049633979797363
83.387039331 -163.58402228355408 -30.342514880001545 30.049622535705566
83.407067354 -163.61450934410095 -30.378754504024982 30.049630165100098
83.427133657 -163.66023993492126 -30.433119662106037 30.0496187210083
83.44711047 -163.69072699546814 -30.46937645226717 30.049588203430176
83.467111926 -163.7364423274994 -30.523800738155842 30.049500465393066
83.487031829 -163.76692938804626 -30.560089953243732 30.04942035675049
83.507138702 -163.81264472007751 -30.614506609737873 30.049267768859863
83.527144001 -163.8431317806244 -30.65077865868807 30.04914951324463
83.547071433 -163.88884711265564 -30.705164797604084 30.048954963684082
83.567069415 -163.91933417320251 -30.741427309811115 30.048779487609863
83.587006381 -163.96504950523376 -30.795838244259357 30.04851245880127
83.607044793 -163.99549078941345 -30.832131274044514 30.048325538635254
83.627223846 -164.04117560386658 -30.886570818722248 30.04802417755127
83.64712251 -164.07163214683533 -30.922869570553303 30.047810554504395
83.667054753 -164.11731696128845 -30.97736442834139 30.047505378723145
83.687054716 -164.14778876304626 -31.013710863888264 30.04729175567627
83.707029273 -164.19345831871033 -31.06825912743807 30.04696750640869
83.727172372 -164.22391486167908 -31.104632265865803 30.04675006866455
83.74713377 -164.2695996761322 -31.159199602901936 30.046414375305176
83.767238064 -164.30005621910095 -31.19556701928377 30.04621982574463
83.787037595 -164.34574103355408 -31.250101931393147 30.04592990875244
83.807110292 -164.3761670589447 -31.28644645959139 30.045750617980957
83.827143944 -164.4218213558197 -31.3409718349576 30.045483589172363
83.84763996 -164.45224738121033 -31.37732780724764 30.04531955718994
83.867150975 -164.49785590171814 -31.43187988549471 30.045018196105957
83.887117858 -164.5282666683197 -31.468253023922443 30.04482364654541
83.907059871 -164.57381415367126 -31.52284897118807 30.044533729553223
83.927106272 -164.60416388511658 -31.55925453454256 30.04434299468994
83.947120856 -164.64969611167908 -31.613877184689045 30.044072151184082
83.967029819 -164.6800000667572 -31.65031898766756 30.04391574859619
83.987019652 -164.72542548179626 -31.7049855068326 30.04369068145752
84.007226035 -164.7556836605072 -31.74144447594881 30.04356098175049
84.027102146 -164.80103278160095 -31.796135790646076 30.043374061584473
84.047163591 -164.83122992515564 -31.832594759762287 30.043259620666504
84.067059114 -164.87647223472595 -31.887295611202717 30.04305362701416
84.087069093 -164.90662360191345 -31.923767931759357 30.042916297912598
84.10706248 -164.95175909996033 -31.978487856686115 30.04272174835205
84.127099943 -164.98184943199158 -32.01497543603182 30.04259204864502
84.147126221 -165.0269696712494 -32.0697201564908 30.0424165725708
84.167049966 -165.0569989681244 -32.1062420681119 30.042336463928223
84.187062266 -165.10208868980408 -32.161036379635334 30.04223346710205
84.207034876 -165.1321485042572 -32.19758499413729 30.042183876037598
84.227078214 -165.17728400230408 -32.25243652611971 30.042141914367676
84.247130476 -165.20740485191345 -32.28901565819979 30.042122840881348
84.267092326 -165.25260138511658 -32.34393585473299 30.042183876037598
84.287070123 -165.28276801109314 -32.38054550439119 30.042214393615723
84.308053792 -165.32801032066345 -32.43547333031893 30.04227924346924
84.328169197 -165.35820746421814 -32.47209060937166 30.042309761047363
84.348200406 -165.40352606773376 -32.52702606469393 30.042351722717285
84.368052447 -165.4337842464447 -32.56367386132479 30.042386054992676
84.388108678 -165.4791944026947 -32.61864746361971 30.042420387268066
84.408049325 -165.50948309898376 -32.655306704342365 30.042428016662598
84.428159246 -165.55495429039001 -32.710333712399006 30.042420387268066
84.448127569 -165.5852735042572 -32.74701965600252 30.04240894317627
84.468050229 -165.6308057308197 -32.80212677270174 30.04237461090088
84.488070379 -165.66115546226501 -32.83888901025057 30.042336463928223
84.508089729 -165.70670294761658 -32.8940609768033 30.04222583770752
84.528167652 -165.73708319664001 -32.93088424950838 30.04210376739502
84.548877769 -165.78267645835876 -32.98609436303377 30.041916847229004
84.568083838 -165.81308722496033 -33.02290619164705 30.041768074035645
84.588162942 -165.85869574546814 -33.07811249047518 30.04152774810791
84.608047833 -165.88912177085876 -33.11491287499666 30.041348457336426
84.628146751 -165.93474555015564 -33.17011917382479 30.041050910949707
84.649323389 -165.96517157554626 -33.206915743649006 30.04084873199463
84.66933748 -166.01082587242126 -33.26215637475252 30.04052448272705
84.689263501 -166.04128241539001 -33.298983462154865 30.04030704498291
84.709293319 -166.08701300621033 -33.35423553735018 30.039978981018066
84.730747678 -166.11753058433533 -33.39108932763338 30.03978443145752
84.750375036 -166.16336798667908 -33.44636810570955 30.03950595855713
84.770365849 -166.1939618587494 -33.483240969479084 30.03934955596924
84.790363909 -166.23990607261658 -33.53859604150057 30.039143562316895
84.810322264 -166.27056097984314 -33.575499422848225 30.03901767730713
84.831367654 -166.31658148765564 -33.630858309566975 30.038865089416504
84.850342377 -166.3472821712494 -33.6677540615201 30.038777351379395
84.870313685 -166.3933789730072 -33.72310531884432 30.03874683380127
84.890352217 -166.42411017417908 -33.75999344140291 30.03874683380127
84.910314895 -166.47022223472595 -33.81531036645174 30.03874683380127
84.930624435 -166.50095343589783 -33.85222137719393 30.038765907287598
84.950344796 -166.54705023765564 -33.90758026391268 30.03880023956299
84.970387861 -166.57779669761658 -33.9444989040494 30.038887977600098
84.990298312 -166.62390875816345 -33.9999188259244 30.03902530670166
85.010344318 -166.6546552181244 -34.03686798363924 30.03910541534424
85.030910396 -166.70072150230408 -34.09238708764315 30.039204597473145
85.050354376 -166.73142218589783 -34.1294125393033 30.039265632629395
85.070373946 -166.7774579524994 -34.18497360497713 30.039307594299316
85.090360591 -166.80811285972595 -34.22203720360994 30.039326667785645
85.110304631 -166.8540723323822 -34.27765167504549 30.03934955596924
85.132243957 -166.88469672203064 -34.31476867944002 30.039361000061035
85.15143913 -166.93064093589783 -34.370421297848225 30.039361000061035
85.17172789 -166.96126532554626 -34.40751541405916 30.03933811187744
85.191393387 -167.00717902183533 -34.463168032467365 30.039292335510254
85.211473178 -167.03780341148376 -34.50026596337557 30.039254188537598
85.232851249 -167.08370184898376 -34.55596054345369 30.039204597473145
85.252749636 -167.11429572105408 -34.59309280663729 30.03917407989502
85.272792206 -167.16017889976501 -34.64879501610994 30.0391206741333
85.292841672 -167.19075751304626 -34.68596924096346 30.03911304473877
85.314126391 -167.2366406917572 -34.74171341210604 30.03914737701416
85.334121256 -167.2672040462494 -34.77888763695955 30.039212226867676
85.354177261 -167.31302618980408 -34.8346241787076 30.039311408996582
85.374092134 -167.34355902671814 -34.87178314477205 30.039422035217285
85.395262528 -167.38933539390564 -34.92752731591463 30.039605140686035
85.415159153 -167.41983771324158 -34.96467483788729 30.039719581604004
85.435158963 -167.46555304527283 -35.020445711910725 30.039910316467285
85.4551129 -167.49600958824158 -35.0576351955533 30.04003620147705
85.475107508 -167.5416944026947 -35.11341751366854 30.040181159973145
85.495198957 -167.57215094566345 -35.150633700191975 30.040295600891113
85.515153648 -167.61782050132751 -35.20643509179354 30.040471076965332
85.535099884 -167.6482617855072 -35.24364364892244 30.040596961975098
85.555077188 -167.6939160823822 -35.2994679287076 30.040791511535645
85.575068225 -167.7243573665619 -35.33666504174471 30.04088306427002
85.595135512 -167.7700116634369 -35.392462618649006 30.041054725646973
85.615523342 -167.80045294761658 -35.429625399410725 30.04116153717041
85.636388032 -167.84610724449158 -35.48540771752596 30.041359901428223
85.656360561 -167.8765332698822 -35.5226010158658 30.04148578643799
85.676375839 -167.92220282554626 -35.5783871486783 30.041695594787598
85.696839934 -167.95264410972595 -35.61561477929354 30.041874885559082
85.716385506 -167.99834418296814 -35.67143142968416 30.042122840881348
85.736387541 -168.02881598472595 -35.70863998681307 30.042305946350098
85.756347413 -168.0745313167572 -35.76444137841463 30.04259967803955
85.776339323 -168.10501837730408 -35.80161941796541 30.042778968811035
85.796680026 -168.15073370933533 -35.85740555077791 30.04308032989502
85.81641648 -168.1812207698822 -35.89458359032869 30.04329013824463
85.836522037 -168.22696661949158 -35.95033157616854 30.04361057281494
85.856360473 -168.25749945640564 -35.987486727535725 30.043850898742676
85.876458327 -168.30330634117126 -36.04316223412752 30.04415225982666
85.896421866 -168.3338544368744 -36.08025635033846 30.04439640045166
85.916693693 -168.37969183921814 -36.135863192379475 30.044732093811035
85.936414927 -168.4102704524994 -36.17291534692049 30.044957160949707
85.95638612 -168.45615363121033 -36.2284230068326 30.045292854309082
85.976394389 -168.48674750328064 -36.26539505273104 30.04552173614502
85.996415471 -168.53269171714783 -36.320834048092365 30.04586887359619
86.016427491 -168.56333136558533 -36.35778320580721 30.046109199523926
86.036347684 -168.60929083824158 -36.41318786889315 30.046483039855957
86.056318071 -168.63989996910095 -36.45014465600252 30.046765327453613
86.076371013 -168.68584418296814 -36.50556839257479 30.04715061187744
86.096470282 -168.71646857261658 -36.54253662377596 30.047417640686035
86.116400957 -168.76241278648376 -36.59803665429354 30.047825813293457
86.136371139 -168.7930371761322 -36.635035403072834 30.04808521270752
86.156348218 -168.83902716636658 -36.6905697658658 30.04845905303955
86.176428756 -168.8696973323822 -36.72758758813143 30.048684120178223
86.196520775 -168.91573309898376 -36.78318298608065 30.049038887023926
86.216369859 -168.94643378257751 -36.82025421410799 30.049248695373535
86.236447466 -168.99251532554626 -36.87585724145174 30.049534797668457
86.256322495 -169.02327704429626 -36.91297424584627 30.04970645904541
86.276329882 -169.0694501399994 -36.96864212304354 30.04988956451416
86.296440861 -169.10025763511658 -37.005770571529865 30.049992561340332
86.316417685 -169.14650702476501 -37.061495669186115 30.050103187561035
86.336764164 -169.17734503746033 -37.098639376461506 30.05015277862549
86.356349031 -169.22365546226501 -37.15442932397127 30.05021381378174
86.37647037 -169.25455451011658 -37.19161880761385 30.05026340484619
86.396455154 -169.30092597007751 -37.247408755123615 30.050320625305176
86.41642855 -169.3318555355072 -37.284605868160725 30.05034351348877
86.436477709 -169.37827277183533 -37.34041107445955 30.0503511428833
86.456321503 -169.40921759605408 -37.377623446285725 30.0503511428833
86.476401301 -169.4556348323822 -37.43340194970369 30.050374031066895
86.496476758 -169.48659491539001 -37.47057235985994 30.050381660461426
86.516578039 -169.53304266929626 -37.52628982812166 30.05039691925049
86.536343655 -169.56401801109314 -37.56340683251619 30.050400733947754
86.556346222 -169.61045050621033 -37.61906326562166 30.050415992736816
86.576367107 -169.64141058921814 -37.656134493649006 30.05043888092041
86.59644644 -169.6878583431244 -37.711676485836506 30.050442695617676
86.616403557 -169.71880316734314 -37.748663790524006 30.05044651031494
86.636435356 -169.76523566246033 -37.804083712399006 30.050423622131348
86.65632353 -169.79618048667908 -37.840975649654865 30.05039691925049
86.676425948 -169.84258246421814 -37.89626205712557 30.050332069396973
86.696510371 -169.87351202964783 -37.93307388573885 30.05028247833252
86.716431073 -169.91985297203064 -37.98826874047518 30.050183296203613
86.736369529 -169.95073676109314 -38.02504623681307 30.050103187561035
86.756351578 -169.99703192710876 -38.08023727685213 30.049996376037598
86.776398271 -170.02786993980408 -38.11701858788729 30.04992389678955
86.796437663 -170.07413458824158 -38.172152407467365 30.049805641174316
86.81644775 -170.1049726009369 -38.20889938622713 30.049736976623535
86.836423106 -170.1512372493744 -38.26399505883455 30.049622535705566
86.856338193 -170.18209052085876 -38.300726778805256 30.04954242706299
86.876525969 -170.2283856868744 -38.35581482201815 30.04946231842041
86.896494779 -170.25925421714783 -38.39252746850252 30.04940128326416
86.916653257 -170.30559515953064 -38.44760788232088 30.049344062805176
86.936356598 -170.3364942073822 -38.48430527001619 30.049290657043457
86.956349821 -170.38285040855408 -38.53938949853182 30.04922580718994
86.97640326 -170.41374945640564 -38.57611358910799 30.04914951324463
86.996457066 -170.46009039878845 -38.631197817623615 30.04902744293213
87.016443658 -170.49100470542908 -38.66794479638338 30.048951148986816
87.036345753 -170.53737616539001 -38.7230633571744 30.048836708068848
87.056348964 -170.56829047203064 -38.759825594723225 30.048745155334473
87.076370532 -170.61466193199158 -38.81497848778963 30.048596382141113
87.096405335 -170.6455762386322 -38.851744540035725 30.048481941223145
87.1169202 -170.6918866634369 -38.90690506249666 30.0482759475708
87.136381164 -170.7227246761322 -38.94366730004549 30.04812717437744
87.156351315 -170.76894354820251 -38.99878204613924 30.047886848449707
87.176368144 -170.79970526695251 -39.03552521020174 30.04769992828369
87.196496112 -170.84583258628845 -39.09061325341463 30.047417640686035
87.216445414 -170.87651801109314 -39.12732971459627 30.047200202941895
87.236373361 -170.92252326011658 -39.182379610836506 30.046868324279785
87.25639901 -170.95316290855408 -39.21906936913729 30.04664707183838
87.276369221 -170.99906134605408 -39.2740887477994 30.046299934387207
87.296388628 -171.02963995933533 -39.31075180321932 30.046067237854004
87.31647062 -171.07546210289001 -39.36570633202791 30.045720100402832
87.33641768 -171.10601019859314 -39.40232742577791 30.045491218566895
87.356385313 -171.15181708335876 -39.457220919430256 30.04515552520752
87.376475108 -171.1823651790619 -39.49381149560213 30.044941902160645
87.39637362 -171.22818732261658 -39.548704989254475 30.044644355773926
87.416579037 -171.2587354183197 -39.58531463891268 30.044480323791504
87.436395017 -171.30457282066345 -39.64026916772127 30.044278144836426
87.456351009 -171.33513617515564 -39.676905520260334 30.04415225982666
87.476422312 -171.3809735774994 -39.73190201073885 30.043953895568848
87.496322253 -171.41152167320251 -39.768561251461506 30.043816566467285
87.517666539 -171.4573438167572 -39.82360351830721 30.04356861114502
87.537464191 -171.48787665367126 -39.86030472069979 30.043396949768066
87.557512417 -171.53371405601501 -39.91536224633455 30.043137550354004
87.577479836 -171.56426215171814 -39.952113039791584 30.04295063018799
87.597558822 -171.6100995540619 -40.0072430446744 30.04268741607666
87.617568952 -171.64066290855408 -40.044031985104084 30.042527198791504
87.637458147 -171.68648505210876 -40.09925354272127 30.042305946350098
87.657502945 -171.7170331478119 -40.13606537133455 30.04216480255127
87.677474666 -171.76287055015564 -40.191317446529865 30.042000770568848
87.697534696 -171.79343390464783 -40.228155978024006 30.041905403137207
87.717534408 -171.83928656578064 -40.283411867916584 30.041752815246582
87.737496396 -171.86984992027283 -40.32025421410799 30.041653633117676
87.757536576 -171.91565680503845 -40.3755177333951 30.041531562805176
87.777455338 -171.9461591243744 -40.412379153072834 30.04145908355713
87.79755548 -171.99192023277283 -40.467657931149006 30.041375160217285
87.81825827 -172.0224072933197 -40.50451172143221 30.041356086730957
87.837527086 -172.06815314292908 -40.55974472314119 30.041375160217285
87.857510059 -172.09865546226501 -40.59654129296541 30.041401863098145
87.877556237 -172.1444013118744 -40.65168274194002 30.041558265686035
87.897580123 -172.17490363121033 -40.68840301781893 30.04167652130127
87.918528635 -172.2206952571869 -40.74341095238924 30.041916847229004
87.938553649 -172.25124335289001 -40.780035860836506 30.04213809967041
87.958619913 -172.29708075523376 -40.83491791039705 30.04246997833252
87.97856399 -172.32768988609314 -40.87146271020174 30.042683601379395
87.998784075 -172.3736035823822 -40.92622268944979 30.042988777160645
88.018842928 -172.40421271324158 -40.9626759365201 30.04320240020752
88.03854412 -172.4501416683197 -41.01732528954744 30.043538093566895
88.058569814 -172.4807813167572 -41.0537403896451 30.04375171661377
88.078582024 -172.52678656578064 -41.10832107812166 30.044175148010254
88.098730287 -172.55745673179626 -41.14470947533846 30.044453620910645
88.118605295 -172.60349249839783 -41.199278719723225 30.0448579788208
88.138545173 -172.6342236995697 -41.23567474633455 30.045170783996582
88.15854845 -172.68035101890564 -41.29027069360018 30.045620918273926
88.178547119 -172.71114325523376 -41.3266781643033 30.045968055725098
88.198717085 -172.7573926448822 -41.38129699975252 30.046467781066895
88.218616748 -172.78824591636658 -41.41771209985018 30.046761512756348
88.238544903 -172.83455634117126 -41.47236908227205 30.047146797180176
88.259677814 -172.86545538902283 -41.508795626461506 30.047364234924316
88.279702093 -172.91182684898376 -41.563483126461506 30.04771137237549
88.299853735 -172.9427411556244 -41.59996307641268 30.047924995422363
88.319717511 -172.9891278743744 -41.6547039821744 30.04820728302002
88.340776547 -173.02005743980408 -41.69124115258455 30.0483980178833
88.360696431 -173.06645941734314 -41.74605072289705 30.0486421585083
88.380821091 -173.09738898277283 -41.78261459618807 30.048760414123535
88.401219998 -173.1437909603119 -41.837496645748615 30.048916816711426
88.420744019 -173.17472052574158 -41.874091036617756 30.04902744293213
88.440816378 -173.22107672691345 -41.92902649194002 30.0492525100708
88.460688947 -173.2519452571869 -41.965662844479084 30.049386024475098
88.480810722 -173.29824042320251 -42.02063263207674 30.049546241760254
88.501657297 -173.3290479183197 -42.057318575680256 30.04967212677002
88.520744125 -173.37528204917908 -42.11232651025057 30.04982852935791
88.540803639 -173.40602850914001 -42.14903152734041 30.049935340881348
88.56071147 -173.45212531089783 -42.20408905297518 30.050061225891113
88.580937426 -173.48281073570251 -42.24082077294588 30.050114631652832
88.601919685 -173.52881598472595 -42.29596222192049 30.050175666809082
88.621921044 -173.55948615074158 -42.33272445946932 30.050206184387207
88.641904322 -173.6054151058197 -42.38795364648104 30.050267219543457
88.661894437 -173.63603949546814 -42.42480743676424 30.050293922424316
88.682023901 -173.68198370933533 -42.48011673241854 30.05034351348877
88.701907515 -173.71260809898376 -42.51703918725252 30.050374031066895
88.721906982 -173.75856757164001 -42.57243240624666 30.05037021636963
88.741892434 -173.78920722007751 -42.609400637447834 30.05034351348877
88.761891298 -173.83518195152283 -42.66493118554354 30.050301551818848
88.781975242 -173.86582159996033 -42.701964266598225 30.050251960754395
88.80193852 -173.91178107261658 -42.757567293941975 30.050183296203613
88.821979738 -173.94240546226501 -42.79463470727205 30.050129890441895
88.841931816 -173.98830389976501 -42.85033310204744 30.05009937286377
88.86192983 -174.01888251304626 -42.88747299462557 30.050068855285645
88.881932644 -174.06470465660095 -42.94318664819002 30.050042152404785
88.901950729 -174.09522223472595 -42.9803875759244 30.05001163482666
88.921920732 -174.14099860191345 -43.03617752343416 30.04996967315674
88.941861005 -174.1715009212494 -43.073389895260334 30.049939155578613
88.961865315 -174.21726202964783 -43.12922180444002 30.04988193511963
88.981966982 -174.24777960777283 -43.16643036156893 30.049813270568848
89.002976815 -174.2935254573822 -43.222323305904865 30.049717903137207
89.022914453 -174.32401251792908 -43.259589083492756 30.049626350402832
89.042906031 -174.3697431087494 -43.315489657223225 30.049443244934082
89.062957105 -174.4002149105072 -43.35276687890291 30.049317359924316
89.083961831 -174.44589972496033 -43.408697970211506 30.049065589904785
89.10294858 -174.47632575035095 -43.44602478295565 30.048916816711426
89.122985142 -174.5219647884369 -43.50199020653963 30.048741340637207
89.142875473 -174.55239081382751 -43.53930176049471 30.048645973205566
89.16296062 -174.59804511070251 -43.59527099877596 30.048527717590332
89.183035138 -174.6284863948822 -43.63256347924471 30.0483980178833
89.202918488 -174.67415595054626 -43.688544161617756 30.04824161529541
89.222908014 -174.70461249351501 -43.72586715966463 30.048134803771973
89.242866704 -174.75032782554626 -43.78184784203768 30.047966957092285
89.262911347 -174.78079962730408 -43.819178469479084 30.04790210723877
89.28300152 -174.8265302181244 -43.8751515224576 30.04787540435791
89.302935238 -174.85703253746033 -43.91247070580721 30.04788303375244
89.322885945 -174.90279364585876 -43.968409426510334 30.047898292541504
89.342925245 -174.93331122398376 -44.005701906979084 30.047924995422363
89.362910589 -174.9790723323822 -44.061617739498615 30.048001289367676
89.383000469 -175.00957465171814 -44.09886062890291 30.048043251037598
89.402975101 -175.05530524253845 -44.15474212914705 30.048161506652832
89.422960386 -175.08579230308533 -44.19198501855135 30.04824924468994
89.442908002 -175.13150763511658 -44.247836001217365 30.0483980178833
89.462880952 -175.1619794368744 -44.2850750759244 30.048542976379395
89.483040974 -175.20767951011658 -44.34089935570955 30.048741340637207
89.502955941 -175.23813605308533 -44.378111727535725 30.0488862991333
89.522893625 -175.28379034996033 -44.43394745141268 30.049107551574707
89.542880715 -175.31423163414001 -44.47115219384432 30.049241065979004
89.562889611 -175.35982489585876 -44.526976473629475 30.049485206604004
89.583045559 -175.39023566246033 -44.56415069848299 30.049622535705566
89.60297834 -175.43581366539001 -44.619906313717365 30.0498628616333
89.622992774 -175.46616339683533 -44.65705765038729 30.05004596710205
89.642880995 -175.51169562339783 -44.71274841576815 30.0503511428833
89.66317589 -175.54199957847595 -44.74983490258455 30.0505952835083
89.68302838 -175.58745551109314 -44.80541122704744 30.050938606262207
89.703053516 -175.6177442073822 -44.8424252346158 30.051167488098145
89.722928355 -175.66316962242126 -44.89793289452791 30.051518440246582
89.742886068 -175.69344305992126 -44.93490494042635 30.051732063293457
89.762887735 -175.7388379573822 -44.99042022973299 30.05203342437744
89.783005925 -175.7691113948822 -45.02742279320955 30.05220127105713
89.803039502 -175.8145215511322 -45.08289993554354 30.052407264709473
89.822911446 -175.84481024742126 -45.1198910549283 30.05250644683838
89.842872927 -175.89026618003845 -45.1753224208951 30.052597999572754
89.862923789 -175.92058539390564 -45.21226394921541 30.05264377593994
89.883084303 -175.96608710289001 -45.26763428002596 30.05266284942627
89.903000693 -175.99642157554626 -45.304530031979084 30.052651405334473
89.922933219 -176.04190802574158 -45.359869845211506 30.052586555480957
89.942906912 -176.0722577571869 -45.39673889428377 30.05251407623291
89.962933769 -176.1177899837494 -45.452086336910725 30.05241870880127
89.982996192 -176.14815497398376 -45.48897445946932 30.052353858947754
90.003009445 -176.19373297691345 -45.54430282860994 30.05222797393799
90.022892816 -176.2241132259369 -45.58119858056307 30.052163124084473
90.042888563 -176.2697217464447 -45.63652694970369 30.052071571350098
90.062891069 -176.3001172542572 -45.673426516354084 30.052021980285645
90.083025687 -176.34572577476501 -45.72880829125643 30.051857948303223
90.102985863 -176.37615180015564 -45.76571548730135 30.051735877990723
90.12295275 -176.4218213558197 -45.821078188717365 30.051514625549316
90.142910374 -176.45229315757751 -45.85796631127596 30.051350593566895
90.162954018 -176.49797797203064 -45.913275606930256 30.05105686187744
90.182998261 -176.52846503257751 -45.95014465600252 30.050847053527832
90.203127824 -176.57418036460876 -46.005438692867756 30.050503730773926
90.222906185 -176.60463690757751 -46.04234207421541 30.05027484893799
90.242906193 -176.65032172203064 -46.09769333153963 30.049935340881348
90.26288558 -176.68074774742126 -46.13463104516268 30.049702644348145
90.283013477 -176.72640204429626 -46.19008529931307 30.049370765686035
90.303033164 -176.75684332847595 -46.22704208642244 30.049141883850098
90.322867195 -176.80249762535095 -46.28250778466463 30.048768043518066
90.34290877 -176.83293890953064 -46.319483645260334 30.04850482940674
90.362923035 -176.87863898277283 -46.37494934350252 30.048108100891113
90.383012563 -176.90909552574158 -46.41190994530916 30.047810554504395
90.403071896 -176.9547803401947 -46.46733368188143 30.047364234924316
90.422904787 -176.9852216243744 -46.5042904689908 30.047036170959473
90.44291437 -177.03090643882751 -46.55969513207674 30.046528816223145
90.462907862 -177.06136298179626 -46.59663284569979 30.0462007522583
90.483031845 -177.10707831382751 -46.65207947045565 30.045735359191895
90.503040115 -177.1375653743744 -46.689032442867756 30.045430183410645
90.522918474 -177.18331122398376 -46.744540102779865 30.044957160949707
90.542926791 -177.21382880210876 -46.781554110348225 30.044644355773926
90.562897532 -177.2596356868744 -46.83708465844393 30.04418659210205
90.583018519 -177.29018378257751 -46.874152071774006 30.04386615753174
90.603027591 -177.33603644371033 -46.9297283962369 30.043404579162598
90.62294614 -177.36663031578064 -46.96678436547518 30.043118476867676
90.642909196 -177.41255927085876 -47.022311098873615 30.04272174835205
90.662989786 -177.4431836605072 -47.05930221825838 30.04246234893799
90.683045556 -177.48914313316345 -47.11473358422518 30.0420503616333
90.70387119 -177.51978278160095 -47.15164840966463 30.041783332824707
90.723935168 -177.5657880306244 -47.20698440819979 30.041390419006348
90.744061101 -177.59645819664001 -47.243861086666584 30.041138648986816
90.763897894 -177.64250922203064 -47.29915130883455 30.040757179260254
90.784012208 -177.67327094078064 -47.33601654320955 30.040505409240723
90.804154175 -177.71945929527283 -47.3912762477994 30.040127754211426
90.823915893 -177.75029730796814 -47.42810333520174 30.039856910705566
90.843935968 -177.79665350914001 -47.48335922509432 30.03941059112549
90.863933445 -177.82759833335876 -47.52017868310213 30.039109230041504
90.885262847 -177.87410712242126 -47.57548797875643 30.03862476348877
90.905025086 -177.90511298179626 -47.6123226955533 30.038315773010254
90.925015158 -177.9516522884369 -47.667609103024006 30.037793159484863
90.945047975 -177.98270392417908 -47.70445526391268 30.03743839263916
90.964981574 -178.0292890071869 -47.759711153805256 30.036904335021973
90.985169042 -178.0603711605072 -47.79655349999666 30.036511421203613
91.004967971 -178.10701727867126 -47.85179031640291 30.035935401916504
91.025000135 -178.13811469078064 -47.88861358910799 30.035542488098145
91.045026563 -178.18477606773376 -47.943880923092365 30.034951210021973
91.064958639 -178.2158887386322 -47.98071563988924 30.034565925598145
91.085091481 -178.26255011558533 -48.036017306149006 30.03401279449463
91.105013348 -178.29366278648376 -48.07287109643221 30.033658027648926
91.126369614 -178.3403241634369 -48.12813461571932 30.033169746398926
91.146302407 -178.37142157554626 -48.16499222069979 30.032849311828613
91.166353381 -178.4180829524994 -48.22021759301424 30.032395362854004
91.186530668 -178.44911932945251 -48.25707138329744 30.03210163116455
91.206295458 -178.49568915367126 -48.31231201440096 30.031678199768066
91.226351047 -178.52669501304626 -48.34913528710604 30.031407356262207
91.246558213 -178.5731885433197 -48.40436065942049 30.031033515930176
91.266355897 -178.6041944026947 -48.44115722924471 30.030797004699707
91.287045678 -178.6507031917572 -48.496363528072834 30.03047275543213
91.306336169 -178.68169379234314 -48.533148653805256 30.030278205871582
91.326764989 -178.72818732261658 -48.5882977321744 30.030022621154785
91.346308094 -178.75919318199158 -48.625086672604084 30.02987003326416
91.366336545 -178.80570197105408 -48.68025482445955 30.029664039611816
91.387754327 -178.83672308921814 -48.7170590236783 30.029541969299316
91.407649626 -178.88327765464783 -48.77227295190096 30.02937412261963
91.427671382 -178.91432929039001 -48.80906570702791 30.029274940490723
91.44769766 -178.9608838558197 -48.86429489403963 30.029122352600098
91.469496914 -178.9919354915619 -48.90111053735018 30.029030799865723
91.488865767 -179.03849005699158 -48.95636261254549 30.02889347076416
91.508823131 -179.06954169273376 -48.993189699947834 30.028801918029785
91.528798461 -179.11612677574158 -49.04841507226229 30.02871036529541
91.550525378 -179.14717841148376 -49.08524215966463 30.028653144836426
91.570546368 -179.19377875328064 -49.140440829098225 30.028565406799316
91.590386454 -179.22483038902283 -49.17722976952791 30.028512001037598
91.610321172 -179.27144598960876 -49.23239029198885 30.028420448303223
91.631426521 -179.30254340171814 -49.269137270748615 30.02837085723877
91.651533912 -179.34920477867126 -49.32426346093416 30.028279304504395
91.671532018 -179.38030219078064 -49.36099899560213 30.02821445465088
91.691466927 -179.42697882652283 -49.41607178002596 30.02807331085205
91.711439587 -179.45809149742126 -49.45275390893221 30.02797794342041
91.731452543 -179.5047528743744 -49.50772751122713 30.02781391143799
91.751880916 -179.53585028648376 -49.544337160885334 30.027714729309082
91.77152828 -179.58245062828064 -49.59923065453768 30.02756977081299
91.791607923 -179.61350226402283 -49.635828860104084 30.027493476867676
91.811385863 -179.66004157066345 -49.690707094967365 30.027390480041504
91.831426365 -179.69107794761658 -49.72727859765291 30.027329444885254
91.851540538 -179.73755621910095 -49.78212631493807 30.027222633361816
91.871877807 -179.76853156089783 -49.81867874413729 30.027161598205566
91.891610779 -179.81499457359314 -49.87349594384432 30.027146339416504
91.911469036 -179.84595465660095 -49.91004837304354 30.027165412902832
91.931416264 -179.89238715171814 -49.96485412865877 30.027207374572754
91.952323498 -179.92336249351501 -50.00138748437166 30.027256965637207
91.971514818 -179.96981024742126 -50.056158907711506 30.027344703674316
91.991552148 -180.00078558921814 -50.09266174584627 30.02739429473877
92.01141431 -180.04726386070251 -50.14740265160799 30.027474403381348
92.031429941 -180.0782392024994 -50.1838787868619 30.027535438537598
92.052548622 -180.12467169761658 -50.23859680444002 30.02761936187744
92.072540924 -180.15561652183533 -50.27507293969393 30.027668952941895
92.09257734 -180.20200324058533 -50.32979095727205 30.02769947052002
92.112484745 -180.2328565120697 -50.366331942379475 30.02772617340088
92.132531386 -180.27913641929626 -50.42115677148104 30.027764320373535
92.1527242 -180.30997443199158 -50.45775116235018 30.02778720855713
92.172557427 -180.35617804527283 -50.5127133205533 30.027832984924316
92.192519866 -180.38698554039001 -50.54936493188143 30.027832984924316
92.212459584 -180.43311285972595 -50.60447967797518 30.027878761291504
92.232510737 -180.46388983726501 -50.64119613915682 30.02790927886963
92.252608581 -180.50998663902283 -50.696356661617756 30.027989387512207
92.27254505 -180.5407178401947 -50.73313415795565 30.028061866760254
92.292554147 -180.58682990074158 -50.78831375390291 30.028203010559082
92.312471512 -180.61759161949158 -50.825140841305256 30.028325080871582
92.332556599 -180.66374945640564 -50.88035858422518 30.028489112854004
92.352638197 -180.6945264339447 -50.91717804223299 30.02859592437744
92.373005057 -180.74073004722595 -50.97240722924471 30.02877140045166
92.392577507 -180.7715528011322 -51.009215243160725 30.0288667678833
92.412440297 -180.8178174495697 -51.06444824486971 30.029053688049316
92.43249596 -180.84868597984314 -51.10125244408846 30.02919864654541
92.452860989 -180.89502692222595 -51.15643585473299 30.02944278717041
92.472549436 -180.92591071128845 -51.19320572167635 30.029667854309082
92.492648028 -180.97226691246033 -51.24831283837557 30.029946327209473
92.512479802 -181.0031659603119 -51.28502929955721 30.03018283843994
92.532709741 -181.04949164390564 -51.34006393700838 30.03054904937744
92.552566835 -181.08037543296814 -51.37671936303377 30.030823707580566
92.572569739 -181.12667059898376 -51.431700594723225 30.031270027160645
92.592716747 -181.1575391292572 -51.46833694726229 30.031559944152832
92.612446792 -181.20378851890564 -51.52330292016268 30.032044410705566
92.632508194 -181.23459601402283 -51.55994690209627 30.03237247467041
92.652613615 -181.28079962730408 -51.61491287499666 30.03286838531494
92.672556331 -181.31157660484314 -51.65159500390291 30.033207893371582
92.692520756 -181.35774970054626 -51.706602938473225 30.03373432159424
92.712472607 -181.38851141929626 -51.743285067379475 30.034092903137207
92.732507239 -181.43465399742126 -51.79831970483065 30.034619331359863
92.752671581 -181.46543097496033 -51.834994204342365 30.03495502471924
92.772608179 -181.51157355308533 -51.89002502709627 30.035496711730957
92.792527353 -181.54233527183533 -51.926703341305256 30.035786628723145
92.812442477 -181.58846259117126 -51.981696017086506 30.036263465881348
92.83253498 -181.61922430992126 -52.01834762841463 30.036587715148926
92.852640101 -181.6653516292572 -52.073309786617756 30.03709125518799
92.872757865 -181.6961133480072 -52.10996139794588 30.03745746612549
92.892581196 -181.74224066734314 -52.16491211205721 30.038060188293457
92.912491074 -181.77298712730408 -52.20154083520174 30.038460731506348
92.932494837 -181.8190839290619 -52.25646484643221 30.039029121398926
92.952884733 -181.8497998714447 -52.293063051998615 30.039376258850098
92.972602146 -181.89585089683533 -52.34797561913729 30.039902687072754
92.992570763 -181.92653632164001 -52.3845623806119 30.040215492248535
93.012441828 -181.97255682945251 -52.439417727291584 30.040661811828613
93.032651036 -182.00321173667908 -52.475958712399006 30.040928840637207
93.052653513 -182.0491864681244 -52.53073013573885 30.04129123687744
93.072853456 -182.0797803401947 -52.567225344479084 30.041516304016113
93.092563839 -182.12566351890564 -52.62193954735994 30.041794776916504
93.112492175 -182.1561963558197 -52.65839660912752 30.041970252990723
93.132520328 -182.20195746421814 -52.71305740624666 30.042195320129395
93.15260569 -182.23245978355408 -52.749476321041584 30.042325019836426
93.172671312 -182.2781445980072 -52.8041066005826 30.042515754699707
93.192563919 -182.3085858821869 -52.84051025658846 30.042637825012207
93.212461836 -182.35420966148376 -52.89509475976229 30.042790412902832
93.232504049 -182.38457465171814 -52.93147934228182 30.04288959503174
93.252567357 -182.43013739585876 -52.986021883785725 30.043015480041504
93.272599955 -182.46048712730408 -53.022372134029865 30.04308795928955
93.292542719 -182.50601935386658 -53.07686508446932 30.043129920959473
93.312500665 -182.53633856773376 -53.11316955834627 30.043137550354004
93.34669218 -182.58176398277283 -53.16761291772127 30.04310703277588
93.372132143 -182.61203742027283 -53.20389450341463 30.043068885803223
93.391750505 -182.65737128257751 -53.2583302333951 30.04301166534424
93.411633693 -182.68759894371033 -53.29461181908846 30.04301929473877
93.431605035 -182.73294806480408 -53.34902084618807 30.04301929473877
93.451660272 -182.7631757259369 -53.385279543697834 30.043042182922363
93.472351427 -182.8085401058197 -53.43964660912752 30.04307270050049
93.491636483 -182.83879828453064 -53.47588623315096 30.043103218078613
93.511640301 -182.88417792320251 -53.53025711327791 30.043126106262207
93.53163742 -182.91445136070251 -53.566500551998615 30.04314136505127
93.551645649 -182.95984625816345 -53.62089813500643 30.043179512023926
93.571999492 -182.99013495445251 -53.65714157372713 30.04318332672119
93.591653064 -183.03554511070251 -53.711493380367756 30.04321002960205
93.611640729 -183.06581854820251 -53.74772918969393 30.043217658996582
93.631566815 -183.11122870445251 -53.80207718163729 30.043232917785645
93.651639068 -183.14148688316345 -53.83831299096346 30.043259620666504
93.672039605 -183.1868817806244 -53.892664797604084 30.04329776763916
93.69165013 -183.21713995933533 -53.92891586571932 30.043347358703613
93.71160808 -183.2625195980072 -53.98332489281893 30.043423652648926
93.73160405 -183.29280829429626 -54.01960266381502 30.04347324371338
93.751601021 -183.33818793296814 -54.07411850243807 30.043633460998535
93.771749419 -183.3684766292572 -54.1104916408658 30.04375171661377
93.79161643 -183.41391730308533 -54.16508758813143 30.043950080871582
93.811642861 -183.44423651695251 -54.20159042626619 30.044121742248535
93.831567131 -183.48976874351501 -54.256293185055256 30.044346809387207
93.851625622 -183.52014899253845 -54.29284942895174 30.04454517364502
93.872098393 -183.5657880306244 -54.34769333153963 30.044861793518066
93.89162234 -183.5962598323822 -54.3842953518033 30.0451021194458
93.91174019 -183.64202094078064 -54.439242251217365 30.04546070098877
93.931599932 -183.67256903648376 -54.47587478905916 30.045693397521973
93.951588692 -183.71848273277283 -54.53093231469393 30.04606342315674
93.971979918 -183.7491376399994 -54.56764877587557 30.046311378479004
93.991799917 -183.79520392417908 -54.622748263180256 30.0466890335083
94.011690272 -183.82596564292908 -54.65952957421541 30.046956062316895
94.03161447 -183.8721845149994 -54.71467865258455 30.04733371734619
94.051604643 -183.9030225276947 -54.75145996361971 30.047558784484863
94.071995546 -183.94934821128845 -54.80662048608065 30.047852516174316
94.091650912 -183.98026251792908 -54.84337509423494 30.048027992248535
94.11166124 -184.02669501304626 -54.89850128442049 30.0482759475708
94.131618826 -184.0576856136322 -54.93522918969393 30.048420906066895
94.151644899 -184.10420966148376 -54.99033630639315 30.048653602600098
94.172993904 -184.13523077964783 -55.02704895287752 30.048794746398926
94.192683438 -184.18181586265564 -55.08208740502596 30.04898166656494
94.2127097 -184.21289801597595 -55.118800051510334 30.04917621612549
94.232590406 -184.25960516929626 -55.173827059566975 30.04945468902588
94.254063587 -184.29079413414001 -55.21048630028963 30.049660682678223
94.273902803 -184.3376386165619 -55.26545608788729 30.050007820129395
94.293831906 -184.3688886165619 -55.30207336694002 30.050225257873535
94.313824162 -184.4158856868744 -55.35704696923494 30.050549507141113
94.334955643 -184.44724249839783 -55.39368713647127 30.050747871398926
94.355220706 -184.49436163902283 -55.448641665279865 30.051026344299316
94.374949431 -184.52579474449158 -55.48527420312166 30.051201820373535
94.394981636 -184.5729901790619 -55.54019821435213 30.05144214630127
94.414981133 -184.60449957847595 -55.57682693749666 30.051587104797363
94.434879491 -184.6518018245697 -55.6317318752408 30.051777839660645
94.455141821 -184.68337225914001 -55.66833008080721 30.051892280578613
94.474957952 -184.73079657554626 -55.7231854274869 30.05258274078369
94.495963176 -184.7624433040619 -55.759703524410725 30.0538911819458
94.515918457 -184.8100507259369 -55.814417727291584 30.057255744934082
94.536018907 -184.84185004234314 -55.85076034814119 30.060402870178223
94.556012425 -184.88967108726501 -55.904940493404865 30.06625461578369
94.577416499 -184.92166876792908 -55.940760500729084 30.07089328765869
94.597385996 -184.96985602378845 -55.99378860741854 30.078537940979004
94.617360087 -185.00211310386658 -56.02857864648104 30.08401584625244
94.637681831 -185.05075812339783 -56.07972229272127 30.092476844787598
94.658684672 -185.0833661556244 -56.11301697045565 30.09823703765869
94.67873525 -185.13265204429626 -56.16155136376619 30.10682773590088
94.698670145 -185.16570258140564 -56.19295013695955 30.11238193511963
94.718624728 -185.21575140953064 -56.23823440819979 30.120415687561035
94.739526399 -185.24936652183533 -56.2672528102994 30.125420570373535
94.75865194 -185.30017828941345 -56.30895508080721 30.13232135772705
94.778759021 -185.33438849449158 -56.33531463891268 30.136448860168457
94.798618324 -185.38607001304626 -56.372923739254475 30.141934394836426
94.818656259 -185.42081427574158 -56.396544344723225 30.145081520080566
94.83977715 -185.47336554527283 -56.42973221093416 30.149022102355957
94.859717898 -185.5086591243744 -56.45049179345369 30.15115451812744
94.879663756 -185.5621259212494 -56.47901428490877 30.153512001037598
94.899655143 -185.59798407554626 -56.49678695946932 30.154664039611816
94.919909558 -185.65232062339783 -56.52078903466463 30.155587196350098
94.939776873 -185.68886542320251 -56.53528106957674 30.15575122833252
94.959722795 -185.74410223960876 -56.55477035790682 30.155354499816895
94.97969813 -185.78134894371033 -56.56600082665682 30.154587745666504
94.999666603 -185.8376386165619 -56.580748446285725 30.15290927886963
95.019877709 -185.87549567222595 -56.5890187099576 30.151448249816895
95.039715813 -185.93282294273376 -56.59910476952791 30.14875888824463
95.059699379 -185.9713056087494 -56.604491122066975 30.146702766418457
95.079676254 -186.0296552181244 -56.61004913598299 30.143147468566895
95.099679778 -186.06885504722595 -56.612391360104084 30.140564918518066
95.119782288 -186.12808966636658 -56.61390579491854 30.13642978668213
95.139827759 -186.16799139976501 -56.61337936669588 30.133484840393066
95.159736255 -186.22811102867126 -56.61106766015291 30.12894916534424
95.17970151 -186.26856207847595 -56.60811126977205 30.125786781311035
95.199656799 -186.32961249351501 -56.602049715816975 30.120984077453613
95.219815931 -186.3705976009369 -56.59682358056307 30.11775302886963
95.240758671 -186.43253302574158 -56.5873097255826 30.11290454864502
95.260786586 -186.47402167320251 -56.58000458031893 30.109707832336426
95.280740492 -186.53676581382751 -56.567328341305256 30.10497760772705
95.300708816 -186.5788037776947 -56.55796325951815 30.1018648147583
95.32083966 -186.64218878746033 -56.542601473629475 30.097222328186035
95.340743414 -186.68473029136658 -56.5314129665494 30.094212532043457
95.360866322 -186.74881720542908 -56.51354492455721 30.089810371398926
95.38068809 -186.79177069664001 -56.5008839443326 30.08696460723877
95.400690948 -186.85652899742126 -56.480833895504475 30.082852363586426
95.420820136 -186.89986395835876 -56.46684540063143 30.080239295959473
95.440978896 -186.96512579917908 -56.4449757412076 30.076470375061035
95.4608329 -187.00876593589783 -56.42986191064119 30.07405948638916
95.480696339 -187.07454657554626 -56.406405337154865 30.07066059112549
95.500755398 -187.11853766441345 -56.39030731469393 30.06847858428955
95.52083944 -187.18474555015564 -56.3655079677701 30.065342903137207
95.540794654 -187.22905707359314 -56.348578341305256 30.063332557678223
95.560737096 -187.29567694664001 -56.32264221459627 30.06047534942627
95.580702577 -187.3402020931244 -56.30503738671541 30.058674812316895
95.600726467 -187.40718817710876 -56.278204806149006 30.056126594543457
95.620827061 -187.45191168785095 -56.26002395898104 30.054509162902832
95.640744693 -187.5192334651947 -56.23245895653963 30.052254676818848
95.660757225 -187.56418585777283 -56.21385467797518 30.0508394241333
95.680688561 -187.63173651695251 -56.18562973290682 30.048840522766113
95.700729055 -187.67684149742126 -56.166632540524006 30.047593116760254
95.720808394 -187.74459052085876 -56.13788879662752 30.045830726623535
95.740855054 -187.7898633480072 -56.11863983422518 30.04475498199463
95.760759099 -187.85782599449158 -56.08952224999666 30.043225288391113
95.780704983 -187.9031903743744 -56.070006258785725 30.04227924346924
95.800713047 -187.9713056087494 -56.04059875756502 30.040974617004395
95.82082314 -188.01674628257751 -56.02085388451815 30.040162086486816
95.840756714 -188.08496832847595 -55.991209872066975 30.039097785949707
95.86080396 -188.13047003746033 -55.97136581689119 30.03844928741455
95.880703248 -188.19870734214783 -55.94148910790682 30.037564277648926
95.90075159 -188.24422430992126 -55.921603091061115 30.037087440490723
95.920901489 -188.3124463558197 -55.89164627343416 30.036484718322754
95.940792006 -188.35793280601501 -55.871668703854084 30.036141395568848
95.960728558 -188.42610907554626 -55.841612704098225 30.035691261291504
95.980689642 -188.4715497493744 -55.82160843163729 30.03544330596924
96.000765883 -188.53969550132751 -55.79163635522127 30.03513813018799
96.020871736 -188.5850751399994 -55.77159775048494 30.034951210021973
96.041036382 -188.65312933921814 -55.74169052392244 30.03475284576416
96.060754654 -188.69844794273376 -55.72171676903963 30.034653663635254
96.080750865 -188.76638007164001 -55.69170654565096 30.03454303741455
96.100732908 -188.81162238121033 -55.67176330834627 30.034497261047363
96.120835781 -188.87940192222595 -55.64174545556307 30.034489631652832
96.140809551 -188.92453742027283 -55.621737368404865 30.034493446350098
96.160728892 -188.9921796321869 -55.59174621850252 30.034493446350098
96.180698257 -189.0372235774994 -55.57169235497713 30.034485816955566
96.200703496 -189.10466742515564 -55.54171646386385 30.03450107574463
96.220816134 -189.14957404136658 -55.52159393578768 30.034470558166504
96.241062188 -189.21683478355408 -55.491549380123615 30.03445529937744
96.260745678 -189.2615888118744 -55.47149170190096 30.03444004058838
96.280725268 -189.32862067222595 -55.44136322289705 30.034398078918457
96.300758792 -189.37320685386658 -55.42133606225252 30.03439426422119
96.320813788 -189.43999457359314 -55.39118850976229 30.03442096710205
96.34085705 -189.48445868492126 -55.37108505517244 30.03444766998291
96.360791914 -189.5510938167572 -55.340941317379475 30.03447437286377
96.380711279 -189.59548163414001 -55.32078064233065 30.034478187561035
96.400809112 -189.66199469566345 -55.290648348629475 30.034520149230957
96.420794809 -189.70630621910095 -55.27052963525057 30.034512519836426
96.441223718 -189.77271246910095 -55.240294344723225 30.034497261047363
96.460722298 -189.81697821617126 -55.22020233422518 30.0344820022583
96.480692565 -189.88330817222595 -55.1898487880826 30.03440570831299
96.500731112 -189.92749762535095 -55.16973388940096 30.034367561340332
96.520775617 -189.99370551109314 -55.13948715478182 30.034371376037598
96.54084199 -190.03781867027283 -55.11936462670565 30.03438663482666
96.560724466 -190.10391974449158 -55.0892514064908 30.03444004058838
96.580698982 -190.1479413509369 -55.069125063717365 30.034470558166504
96.600732647 -190.21396613121033 -55.03913391381502 30.03451633453369
96.6219185 -190.25795722007751 -55.01913345605135 30.034554481506348
96.641897349 -190.32389044761658 -54.98911560326815 30.03458881378174
96.661826416 -190.36783576011658 -54.96923340111971 30.034592628479004
96.681813076 -190.43367743492126 -54.93931091576815 30.03457736968994
96.701807514 -190.47754645347595 -54.91938675194979 30.034565925598145
96.721916121 -190.54329657554626 -54.88951385766268 30.034581184387207
96.741948203 -190.5871045589447 -54.8695248439908 30.034581184387207
96.761814574 -190.65274786949158 -54.83956802636385 30.03456211090088
96.781858579 -190.69646430015564 -54.81953323632479 30.034531593322754
96.801814159 -190.7619092464447 -54.789618380367756 30.034485816955566
96.823011176 -190.80547308921814 -54.76964462548494 30.03445529937744
96.842938891 -190.87070441246033 -54.7396420314908 30.034398078918457
96.864131782 -190.91410040855408 -54.7197445705533 30.034375190734863
96.884114644 -190.97913336753845 -54.68979538232088 30.03434467315674
96.904110949 -191.02243781089783 -54.66984451562166 30.034329414367676
96.924213219 -191.08733344078064 -54.63994491845369 30.034234046936035
96.944406019 -191.1305615901947 -54.61993683129549 30.034165382385254
96.964109267 -191.19536566734314 -54.590025790035725 30.03408145904541
96.984148599 -191.2385175228119 -54.570040591061115 30.03402042388916
97.00411175 -191.3032147884369 -54.53999985009432 30.03393268585205
97.024780367 -191.3463056087494 -54.519930727779865 30.033841133117676
97.045482091 -191.41091132164001 -54.48976028710604 30.033699989318848
97.06557571 -191.45391058921814 -54.46971786767244 30.033604621887207
97.085499618 -191.51839423179626 -54.43952453881502 30.03342914581299
97.105648562 -191.56133246421814 -54.41938675194979 30.033303260803223
97.126704951 -191.6256787776947 -54.38915527611971 30.03306293487549
97.146511307 -191.66855597496033 -54.36891830712557 30.032902717590332
97.166561018 -191.73274970054626 -54.33859909325838 30.032761573791504
97.18651412 -191.7755048274994 -54.31831634789705 30.032692909240723
97.206768198 -191.83960700035095 -54.28779114037752 30.032601356506348
97.226625241 -191.88230109214783 -54.26740921288729 30.032559394836426
97.24650581 -191.94632697105408 -54.23667801171541 30.032490730285645
97.266544269 -191.9890058040619 -54.216124422848225 30.03245258331299
97.286523485 -192.05301642417908 -54.185152895748615 30.032410621643066
97.30681888 -192.09567999839783 -54.16445053368807 30.032387733459473
97.328132255 -192.15964484214783 -54.133326418697834 30.032315254211426
97.34770317 -192.20229315757751 -54.112494356930256 30.032261848449707
97.369535322 -192.26619696617126 -54.08126724511385 30.03218173980713
97.38975351 -192.30879950523376 -54.06038559228182 30.032124519348145
97.409831365 -192.37265753746033 -54.02896774560213 30.032029151916504
97.429544349 -192.41516852378845 -54.00799072533846 30.031987190246582
97.449501768 -192.47893500328064 -53.97638214379549 30.031899452209473
97.46952376 -192.52144598960876 -53.95524490624666 30.031819343566895
97.489643724 -192.58518195152283 -53.92344558984041 30.03166675567627
97.510119838 -192.6276776790619 -53.90215576440096 30.0315523147583
97.529656748 -192.6913983821869 -53.870142824947834 30.03142261505127
97.549527393 -192.73389410972595 -53.848692782223225 30.03132724761963
97.569555766 -192.79756903648376 -53.81647766381502 30.031201362609863
97.589722474 -192.8400342464447 -53.794928438961506 30.031121253967285
97.610122225 -192.90373969078064 -53.76249969750643 30.03102207183838
97.629589334 -192.94620490074158 -53.7408627346158 30.030980110168457
97.649755887 -193.00992560386658 -53.70829666405916 30.030922889709473
97.669527233 -193.05242133140564 -53.68653381615877 30.03090000152588
97.690049917 -193.11617255210876 -53.65380371361971 30.030892372131348
97.709598439 -193.1586835384369 -53.63189972192049 30.030888557434082
97.729549783 -193.22243475914001 -53.59900940209627 30.03096866607666
97.749585566 -193.2649610042572 -53.57702148705721 30.03102970123291
97.769558617 -193.3287274837494 -53.54395569115877 30.03114414215088
97.789644665 -193.37125372886658 -53.521910555660725 30.03124713897705
97.80968155 -193.43508124351501 -53.48870361596346 30.031384468078613
97.829582525 -193.4776074886322 -53.46660126000643 30.031529426574707
97.849523791 -193.54138922691345 -53.433382876217365 30.03173542022705
97.869516764 -193.58390021324158 -53.41123855859041 30.031865119934082
97.889717963 -193.64766669273376 -53.37802780419588 30.032052040100098
97.90979143 -193.69019293785095 -53.35584915429354 30.032174110412598
97.929668132 -193.75392889976501 -53.32265365868807 30.032334327697754
97.949526726 -193.7964551448822 -53.30051697045565 30.032444953918457
97.969568791 -193.86025214195251 -53.267306216061115 30.03263568878174
97.989706159 -193.9027783870697 -53.24521911889315 30.032776832580566
98.009597188 -193.96660590171814 -53.212042696774006 30.032963752746582
98.029588512 -194.0091474056244 -53.18994415551424 30.03305149078369
98.049518093 -194.0729444026947 -53.15684021264315 30.033169746398926
98.069540693 -194.1154706478119 -53.134737856686115 30.033230781555176
98.089700488 -194.17928290367126 -53.10163391381502 30.033303260803223
98.109901195 -194.22182440757751 -53.079535372555256 30.033337593078613
98.129599655 -194.28560614585876 -53.046542055904865 30.033421516418457
98.149587939 -194.32814764976501 -53.02453125268221 30.033467292785645
98.169554641 -194.39199042320251 -52.99149215966463 30.033547401428223
98.190123043 -194.4345624446869 -52.969508059322834 30.033604621887207
98.210056099 -194.49842047691345 -52.93648041039705 30.033669471740723
98.229769347 -194.54102301597595 -52.91448486596346 30.03370761871338
98.249525032 -194.6049268245697 -52.881502993404865 30.0337495803833
98.269567475 -194.6475293636322 -52.85947693139315 30.03376865386963
98.289693976 -194.71146368980408 -52.82649887353182 30.033791542053223
98.30965322 -194.75411200523376 -52.804503329098225 30.03379535675049
98.329604797 -194.81807684898376 -52.77148712426424 30.03389072418213
98.349514954 -194.86074042320251 -52.74946869164705 30.033940315246582
98.370766185 -194.9247510433197 -52.71642578393221 30.03398609161377
98.391482579 -194.96741461753845 -52.694456942379475 30.034024238586426
98.411999815 -195.03140997886658 -52.66145218163729 30.03408145904541
98.43201022 -195.0740888118744 -52.63945282250643 30.034138679504395
98.451902418 -195.13809943199158 -52.60644806176424 30.034214973449707
98.471985109 -195.18076300621033 -52.58440674096346 30.03426456451416
98.492087369 -195.24475836753845 -52.55131424218416 30.034340858459473
98.511968078 -195.2874219417572 -52.5292157009244 30.034375190734863
98.531971057 -195.35144782066345 -52.4960125759244 30.03435230255127
98.551908289 -195.39412665367126 -52.47386444360018 30.034302711486816
98.572005623 -195.45816779136658 -52.44056595116854 30.034207344055176
98.592101204 -195.50087714195251 -52.41833008080721 30.034123420715332
98.611981135 -195.5649335384369 -52.38493240624666 30.033982276916504
98.631965691 -195.60764288902283 -52.36266601830721 30.033841133117676
98.651898572 -195.67172980308533 -52.3292530849576 30.03359317779541
98.672064271 -195.71445441246033 -52.306944735348225 30.033413887023926
98.692334437 -195.77857184410095 -52.27360809594393 30.033085823059082
98.712012559 -195.82134222984314 -52.25139129906893 30.032845497131348
98.731995285 -195.8854901790619 -52.218077547848225 30.03246021270752
98.751898976 -195.92827582359314 -52.195929415524006 30.032166481018066
98.772178962 -195.99246954917908 -52.162665255367756 30.031689643859863
98.792088262 -196.03530097007751 -52.14050567895174 30.031346321105957
98.812183576 -196.09957098960876 -52.10727966576815 30.03083896636963
98.831961822 -196.1424481868744 -52.0851010158658 30.03051471710205
98.851889099 -196.20684027671814 -52.05187118798494 30.03004550933838
98.87193889 -196.24976325035095 -52.02965820580721 30.029732704162598
98.892083786 -196.31418585777283 -51.99642074853182 30.0292329788208
98.912024347 -196.35718512535095 -51.97426498681307 30.028916358947754
98.931980183 -196.4217450618744 -51.94102752953768 30.028428077697754
98.951909999 -196.4648358821869 -51.91894806176424 30.02809238433838
98.971971833 -196.52950263023376 -51.88579834252596 30.027581214904785
98.992044589 -196.5726239681244 -51.86372268944979 30.027234077453613
99.011996358 -196.63738226890564 -51.83062256127596 30.026707649230957
99.031928268 -196.68057990074158 -51.80853546410799 30.02635669708252
99.051875019 -196.7454755306244 -51.775458224117756 30.025818824768066
99.071925464 -196.7887647151947 -51.75337875634432 30.025479316711426
99.092035554 -196.8537518978119 -51.72022522240877 30.02498722076416
99.111998118 -196.89713263511658 -51.6981495693326 30.02467441558838
99.131930651 -196.96218085289001 -51.664950259029865 30.024296760559082
99.15194266 -197.00559210777283 -51.64287079125643 30.024052619934082
99.17198503 -197.07068610191345 -51.60970962792635 30.02373218536377
99.192050449 -197.11409735679626 -51.58760345727205 30.023533821105957
99.212066223 -197.17922186851501 -51.55442322045565 30.02323627471924
99.231975695 -197.22263312339783 -51.53227127343416 30.023079872131348
99.251903759 -197.28772711753845 -51.4990528896451 30.022835731506348
99.271985879 -197.3311231136322 -51.47688186913729 30.02267551422119
99.292179947 -197.39620184898376 -51.443575747311115 30.022435188293457
99.312173431 -197.43959784507751 -51.421358950436115 30.02229404449463
99.331940522 -197.50469183921814 -51.387999422848225 30.022080421447754
99.351951133 -197.54810309410095 -51.36575973778963 30.021958351135254
99.371925964 -197.6132276058197 -51.33238113671541 30.02177143096924
99.392305123 -197.65663886070251 -51.3100994899869 30.021653175354004
99.411982666 -197.72176337242126 -51.27662170678377 30.021504402160645
99.431982334 -197.76515936851501 -51.25426376610994 30.021431922912598
99.451973716 -197.83028388023376 -51.2207211330533 30.021328926086426
99.471964664 -197.87369513511658 -51.19831360131502 30.02127170562744
99.492059121 -197.93881964683533 -51.16464889794588 30.02120304107666
99.512076214 -197.98226141929626 -51.14216125756502 30.0211763381958
99.531934345 -198.04738593101501 -51.10835922509432 30.021183967590332
99.551917112 -198.09079718589783 -51.085760958492756 30.02120304107666
99.571919088 -198.15590643882751 -51.05173767358065 30.021233558654785
99.592077653 -198.19930243492126 -51.02900589257479 30.021260261535645
99.612139186 -198.26438117027283 -50.994776614010334 30.021340370178223
99.631917998 -198.30774664878845 -50.97190368920565 30.02140522003174
99.651986749 -198.3727490901947 -50.93751037865877 30.021523475646973
99.67192816 -198.41605353355408 -50.91454208642244 30.02163028717041
99.692138964 -198.48096442222595 -50.880030520260334 30.021828651428223
99.712054812 -198.52413153648376 -50.85698211938143 30.02196979522705
99.731953257 -198.5888135433197 -50.82238281518221 30.022229194641113
99.751986148 -198.63188910484314 -50.79928482323885 30.022408485412598
99.771989619 -198.6964032649994 -50.76459778100252 30.022683143615723
99.792053012 -198.73938727378845 -50.741454012691975 30.022862434387207
99.813099848 -198.8038251399994 -50.706671603024006 30.0231294631958
99.833008164 -198.84676337242126 -50.683443911373615 30.02328586578369
99.853119151 -198.91117072105408 -50.64855087548494 30.023507118225098
99.873019398 -198.9540936946869 -50.62522781640291 30.023659706115723
99.893278742 -199.01845526695251 -50.5902279689908 30.02388858795166
99.913020885 -199.06136298179626 -50.56687820702791 30.024041175842285
99.933067472 -199.1257245540619 -50.53184784203768 30.02422046661377
99.952970757 -199.16863226890564 -50.50849426537752 30.024331092834473
99.973021403 -199.23299384117126 -50.47345245629549 30.024460792541504
99.993235567 -199.27591681480408 -50.4500912502408 30.024537086486816
100.013704894 -199.34030890464783 -50.41501892358065 30.024632453918457
100.033014876 -199.38326239585876 -50.3916424587369 30.024712562561035
100.052965174 -199.44773077964783 -50.3565853908658 30.024827003479004
100.07298091 -199.49076056480408 -50.333250887691975 30.024888038635254
100.093141675 -199.55530524253845 -50.29827011376619 30.02497959136963
100.113019619 -199.59836554527283 -50.274962313473225 30.025025367736816
100.133035802 -199.66300177574158 -50.239989168941975 30.025029182434082
100.153036204 -199.70609259605408 -50.21667755395174 30.025017738342285
100.173010807 -199.77075934410095 -50.18171966820955 30.024949073791504
100.193173176 -199.81386542320251 -50.15842331200838 30.024907112121582
100.213072745 -199.87850165367126 -50.1235531643033 30.024788856506348
100.232998771 -199.92156195640564 -50.10032547265291 30.02464771270752
100.252984528 -199.98616766929626 -50.06551254540682 30.024422645568848
100.273027069 -200.02919745445251 -50.042323000729084 30.0242280960083
100.293127677 -200.09371161460876 -50.00755584985018 30.023919105529785
100.31416985 -200.13669562339783 -49.98438537865877 30.023690223693848
100.334155988 -200.20113348960876 -49.94968689233065 30.023404121398926
100.35408741 -200.24405646324158 -49.92657745629549 30.023213386535645
100.374170424 -200.3084180355072 -49.89202392846346 30.022881507873535
100.395182731 -200.35129523277283 -49.86901367455721 30.022656440734863
100.414115486 -200.4155957698822 -49.834532625973225 30.02230930328369
100.434300881 -200.45839667320251 -49.81160629540682 30.022000312805176
100.454050875 -200.52263617515564 -49.77722442895174 30.021573066711426
100.474206444 -200.56539130210876 -49.75434387475252 30.021252632141113
100.49613351 -200.62953925132751 -49.720057375729084 30.02078342437744
100.515225363 -200.67227911949158 -49.69723404198885 30.02046298980713
100.535227477 -200.73636603355408 -49.66303909569979 30.019959449768066
100.555135215 -200.77909064292908 -49.64025390893221 30.019646644592285
100.576424576 -200.84314703941345 -49.6060971096158 30.019143104553223
100.59630633 -200.8858563899994 -49.58335006982088 30.018807411193848
100.616257774 -200.94992804527283 -49.54927337914705 30.018315315246582
100.636265647 -200.9926221370697 -49.52659881860018 30.017971992492676
100.656226545 -201.0566327571869 -49.492579348385334 30.017491340637207
100.676686994 -201.09929633140564 -49.46989715844393 30.017170906066895
100.696316178 -201.16323065757751 -49.43587387353182 30.016697883605957
100.716266044 -201.20586371421814 -49.41319168359041 30.016411781311035
100.737512085 -201.26973700523376 -49.3791798427701 30.016057014465332
100.778870781 -201.3123242855072 -49.356512911617756 30.015843391418457
100.811051188 -201.37610602378845 -49.32250488549471 30.01553440093994
100.834940311 -201.41861701011658 -49.299837954342365 30.015347480773926
100.854941803 -201.48235297203064 -49.26583755761385 30.01510715484619
100.875072716 -201.52483344078064 -49.24315536767244 30.014939308166504
100.895309073 -201.58855414390564 -49.2091244533658 30.014721870422363
100.914926814 -201.63103461265564 -49.18642318993807 30.0145845413208
100.934961522 -201.69480109214783 -49.1523617580533 30.01439380645752
100.954891119 -201.73732733726501 -49.12964905053377 30.014286994934082
100.975341487 -201.80117011070251 -49.095553286373615 30.01413059234619
100.995003102 -201.84375739097595 -49.07280624657869 30.014046669006348
101.014931838 -201.90767645835876 -49.03865326195955 30.013943672180176
101.034963634 -201.95029425621033 -49.015868075191975 30.013894081115723
101.054892142 -202.01424384117126 -48.98167312890291 30.013840675354004
101.076010644 -202.05690741539001 -48.958868868649006 30.013802528381348
101.095958035 -202.12093329429626 -48.92467010766268 30.01375675201416
101.115959585 -202.16362738609314 -48.90186966210604 30.013718605041504
101.135942396 -202.22768378257751 -48.867701418697834 30.013619422912598
101.155909778 -202.27042365074158 -48.84493149071932 30.013554573059082
101.176060258 -202.3345410823822 -48.8108319118619 30.013344764709473
101.1959723 -202.3773114681244 -48.7881268337369 30.01319980621338
101.21596606 -202.4414746761322 -48.75411117821932 30.013001441955566
101.235920222 -202.48421454429626 -48.73146713525057 30.012837409973145
101.255900883 -202.54836249351501 -48.69753158837557 30.012600898742676
101.289032761 -202.5911328792572 -48.67494095116854 30.012455940246582
101.31191574 -202.65531134605408 -48.641085512936115 30.01223850250244
101.331158903 -202.69809699058533 -48.61854446679354 30.01204013824463
101.351358024 -202.76224493980408 -48.58479202538729 30.011670112609863
101.371126853 -202.80501532554626 -48.56230819970369 30.01142978668213
101.39139745 -202.86914801597595 -48.52862823754549 30.01101779937744
101.412233364 -202.91191840171814 -48.50618637353182 30.01075839996338
101.432325194 -202.97608160972595 -48.47254455834627 30.01039981842041
101.452144912 -203.0188672542572 -48.45012176781893 30.01015567779541
101.472134619 -203.08304572105408 -48.41649139672518 30.0098237991333
101.49228628 -203.12583136558533 -48.394076235592365 30.00959873199463
101.51219412 -203.19004034996033 -48.36044967919588 30.00927448272705
101.532176035 -203.2328565120697 -48.33803451806307 30.009095191955566
101.552167245 -203.29709601402283 -48.30444610863924 30.00883960723877
101.572099069 -203.33992743492126 -48.28205765038729 30.008706092834473
101.592285155 -203.40421271324158 -48.24852264672518 30.008450508117676
101.612269959 -203.44707465171814 -48.22619140893221 30.008309364318848
101.632232967 -203.51140570640564 -48.192721255123615 30.008156776428223
101.652122718 -203.55429816246033 -48.17038620263338 30.008057594299316
101.672121456 -203.6186444759369 -48.13687790185213 30.007939338684082
101.692237487 -203.66155219078064 -48.11451614648104 30.007866859436035
101.712331912 -203.7259442806244 -48.080931551754475 30.007756233215332
101.732163682 -203.76888251304626 -48.058531649410725 30.007699012756348
101.752152951 -203.83330512046814 -48.02485931664705 30.007588386535645
101.772117786 -203.87625861167908 -48.00239456444979 30.007512092590332
101.792297877 -203.94072699546814 -47.96867264062166 30.007424354553223
101.812577782 -203.9837110042572 -47.94612015038729 30.00734043121338
101.832181677 -204.04817938804626 -47.91232193261385 30.007290840148926
101.852138204 -204.0911786556244 -47.88976562768221 30.007248878479004
101.872131624 -204.15564703941345 -47.855929262936115 30.007206916809082
101.892537018 -204.19861578941345 -47.83335769921541 30.007222175598145
101.912354104 -204.26303839683533 -47.79948318749666 30.007256507873535
101.932314213 -204.30599188804626 -47.77690780907869 30.007283210754395
101.952160648 -204.37041449546814 -47.74303711205721 30.007302284240723
101.972136357 -204.41336798667908 -47.72046936303377 30.007317543029785
101.992348821 -204.47782111167908 -47.68664062768221 30.00740146636963
102.012224218 -204.52078986167908 -47.66407287865877 30.007439613342285
102.032216872 -204.58524298667908 -47.63023269921541 30.007485389709473
102.052233203 -204.62819647789001 -47.607672579586506 30.007493019104004
102.07216702 -204.69266486167908 -47.57384384423494 30.00747013092041
102.092287223 -204.7356641292572 -47.551302798092365 30.00748920440674
102.11234745 -204.80013251304626 -47.51750839501619 30.007493019104004
102.132204586 -204.84311652183533 -47.494994051754475 30.0075044631958
102.152137363 -204.90755438804626 -47.461268313229084 30.00746250152588
102.172180952 -204.9505078792572 -47.43879974633455 30.007424354553223
102.192228159 -205.01489996910095 -47.40511978417635 30.007359504699707
102.212218064 -205.0578076839447 -47.38268554955721 30.00727939605713
102.23212604 -205.12216925621033 -47.34904373437166 30.007180213928223
102.252132857 -205.16507697105408 -47.32662094384432 30.007100105285645
102.272170219 -205.22945380210876 -47.293028719723225 30.006970405578613
102.292182152 -205.27237677574158 -47.270655520260334 30.00688648223877
102.312303997 -205.31528449058533 -47.248316653072834 30.0067720413208
102.332121641 -205.3796308040619 -47.21483124047518 30.006619453430176
102.352137322 -205.4439618587494 -47.18137253075838 30.006455421447754
102.372190017 -205.48682379722595 -47.159090884029865 30.00634479522705
102.392167731 -205.55106329917908 -47.12571228295565 30.006138801574707
102.412375556 -205.59384894371033 -47.10349548608065 30.005986213684082
102.432433376 -205.65804266929626 -47.070189364254475 30.005791664123535
102.452153508 -205.70082831382751 -47.04801071435213 30.005669593811035
102.472269794 -205.7650067806244 -47.01477325707674 30.005501747131348
102.492168187 -205.80779242515564 -46.99263656884432 30.00545597076416
102.512671431 -205.87197089195251 -46.95946777611971 30.00542163848877
102.53216786 -205.91475653648376 -46.93736923485994 30.00540256500244
102.552148816 -205.9789502620697 -46.904242403805256 30.005391120910645
102.57219147 -206.02176642417908 -46.88218963891268 30.005379676818848
102.592180038 -206.08599066734314 -46.84914291650057 30.00533390045166
102.612274228 -206.12882208824158 -46.82713592797518 30.0053071975708
102.632223 -206.19309210777283 -46.79415024071932 30.005276679992676
102.652154199 -206.23596930503845 -46.77219284325838 30.005242347717285
102.67219704 -206.3002851009369 -46.7392987087369 30.005173683166504
102.692415117 -206.34319281578064 -46.71738708764315 30.00510883331299
102.712210528 -206.40755438804626 -46.68454635888338 30.004944801330566
102.732140675 -206.45047736167908 -46.66265381127596 30.004830360412598
102.752144037 -206.51485419273376 -46.629820711910725 30.004658699035645
102.772179171 -206.55779242515564 -46.60793197900057 30.00454807281494
102.792169875 -206.62221503257751 -46.5751026943326 30.00447177886963
102.812209841 -206.66516852378845 -46.55320251733065 30.00444507598877
102.83215914 -206.72962164878845 -46.52034271508455 30.00443744659424
102.852141383 -206.77260565757751 -46.49843490868807 30.004464149475098
102.872138989 -206.83711981773376 -46.46556747704744 30.004525184631348
102.892169519 -206.88013434410095 -46.44366730004549 30.00462055206299
102.912200459 -206.9446485042572 -46.41078842431307 30.004788398742676
102.932599218 -206.98769354820251 -46.388861544430256 30.004910469055176
102.952132296 -207.05225348472595 -46.35595978051424 30.00511646270752
102.97255008 -207.09531378746033 -46.33397568017244 30.005253791809082
102.992156326 -207.15993475914001 -46.30099380761385 30.005547523498535
103.012339157 -207.20301032066345 -46.27898300439119 30.005749702453613
103.03214265 -207.2676465511322 -46.24594772607088 30.00603199005127
103.052129145 -207.31075263023376 -46.22392547875643 30.006218910217285
103.072123962 -207.37540411949158 -46.19087875634432 30.006508827209473
103.092139547 -207.41849493980408 -46.168856509029865 30.006733894348145
103.112309185 -207.4831464290619 -46.13584030419588 30.00707721710205
103.132169637 -207.5262372493744 -46.11381424218416 30.007325172424316
103.15212803 -207.59085822105408 -46.08080566674471 30.007702827453613
103.172146067 -207.63394904136658 -46.05879867821932 30.00797748565674
103.192135138 -207.69858527183533 -46.02580917626619 30.008416175842285
103.212274258 -207.74167609214783 -46.00383270531893 30.0087251663208
103.232169761 -207.80629706382751 -45.97091568261385 30.009156227111816
103.252136006 -207.84937262535095 -45.949000246822834 30.009434700012207
103.272159247 -207.9140088558197 -45.91620910912752 30.009835243225098
103.292132149 -207.9570996761322 -45.89436996728182 30.01010227203369
103.31223434 -208.02176642417908 -45.86164367944002 30.010506629943848
103.332173007 -208.06490302085876 -45.83981979638338 30.01077365875244
103.352140215 -208.12961554527283 -45.80708969384432 30.011181831359863
103.372110309 -208.17278265953064 -45.78526199609041 30.011441230773926
103.392182301 -208.23757147789001 -45.75252044945955 30.011815071105957
103.41244927 -208.28076910972595 -45.73070038110018 30.012063026428223
103.43319203 -208.34558844566345 -45.69797790795565 30.012398719787598
103.453244962 -208.38881659507751 -45.6761769130826 30.012612342834473
103.473221749 -208.45366644859314 -45.64345443993807 30.01290988922119
103.493211945 -208.4968945980072 -45.62163437157869 30.013127326965332
103.514240277 -208.56174445152283 -45.5888966396451 30.013463020324707
103.534537584 -208.60500311851501 -45.566988833248615 30.01371479034424
103.554683348 -208.66989874839783 -45.534117586910725 30.014134407043457
103.574542001 -208.7132031917572 -45.51216400414705 30.014412879943848
103.595104807 -208.75652289390564 -45.490179903805256 30.014683723449707
103.615624903 -208.8215253353119 -45.457178957760334 30.01509952545166
103.635613139 -208.8865888118744 -45.42407501488924 30.015480995178223
103.655622953 -208.92996954917908 -45.40198791772127 30.015725135803223
103.675676496 -208.99507880210876 -45.36883819848299 30.016098976135254
103.697037466 -209.0385205745697 -45.346739657223225 30.016377449035645
103.716722853 -209.10369086265564 -45.31358993798494 30.016804695129395
103.736815546 -209.14719367027283 -45.29145706444979 30.017098426818848
103.756741722 -209.21242499351501 -45.258273012936115 30.017521858215332
103.776783396 -209.25591254234314 -45.23613632470369 30.017807960510254
103.796821724 -209.29941534996033 -45.21399963647127 30.018086433410645
103.816702274 -209.36466193199158 -45.18079651147127 30.018521308898926
103.836724316 -209.42996954917908 -45.14759338647127 30.018990516662598
103.856692576 -209.4735028743744 -45.12546432763338 30.019322395324707
103.876705012 -209.5388104915619 -45.092284090816975 30.019822120666504
103.896843356 -209.58237433433533 -45.070128329098225 30.020127296447754
103.916687539 -209.6476972103119 -45.03690994530916 30.02058506011963
103.937994576 -209.69126105308533 -45.01475036889315 30.02089786529541
103.957969355 -209.75659918785095 -44.98155868798494 30.02134418487549
103.97805076 -209.80017828941345 -44.959444887936115 30.021634101867676
103.998230502 -209.8655469417572 -44.9262989833951 30.02205753326416
104.018031223 -209.90911078453064 -44.90422714501619 30.022324562072754
104.03801743 -209.97449469566345 -44.87109649926424 30.02266788482666
104.057995028 -210.01807379722595 -44.8490170314908 30.0228853225708
104.078094068 -210.0834424495697 -44.81592071801424 30.023198127746582
104.099503083 -210.12703680992126 -44.793787844479084 30.023388862609863
104.119039678 -210.19242072105408 -44.760592348873615 30.02365207672119
104.139025256 -210.23599982261658 -44.738436587154865 30.02378559112549
104.159008684 -210.30135321617126 -44.70518005639315 30.02392292022705
104.180501769 -210.3449170589447 -44.68302810937166 30.024006843566895
104.200313132 -210.41020941734314 -44.64974106103182 30.024041175842285
104.220670609 -210.4537274837494 -44.6275929287076 30.024075508117676
104.240266354 -210.51895880699158 -44.594324953854084 30.02407169342041
104.26050744 -210.56243109703064 -44.57215774804354 30.024048805236816
104.28167578 -210.62758612632751 -44.53892792016268 30.02400302886963
104.301464906 -210.67099738121033 -44.51676071435213 30.023991584777832
104.321290573 -210.73609137535095 -44.48355758935213 30.023964881896973
104.341306713 -210.7794873714447 -44.46143615990877 30.023919105529785
104.361444373 -210.84453558921814 -44.42826736718416 30.02382755279541
104.381354241 -210.88790106773376 -44.40618027001619 30.02376651763916
104.401352621 -210.95291876792908 -44.37298095971346 30.02363681793213
104.421306447 -210.99625372886658 -44.35084045678377 30.02354907989502
104.441359279 -211.06124091148376 -44.31761444360018 30.02343463897705
104.461514425 -211.1045606136322 -44.29539383202791 30.02333164215088
104.481483652 -211.16953253746033 -44.262144930660725 30.023198127746582
104.501388599 -211.21285223960876 -44.2399090602994 30.023056983947754
104.521292586 -211.27780890464783 -44.20658005028963 30.022847175598145
104.541324834 -211.32109808921814 -44.18433655053377 30.02269458770752
104.561459698 -211.38603949546814 -44.15093506127596 30.02244281768799
104.58140466 -211.42934393882751 -44.12868393212557 30.0222749710083
104.60134959 -211.49431586265564 -44.09522903710604 30.021977424621582
104.621293819 -211.53765082359314 -44.07292450219393 30.021767616271973
104.641371126 -211.6026532649994 -44.03946579247713 30.021424293518066
104.661520533 -211.64601874351501 -44.017115481197834 30.021145820617676
104.68149214 -211.71108222007751 -43.98361862450838 30.02074146270752
104.70135943 -211.7544629573822 -43.961268313229084 30.02046298980713
104.721310143 -211.81955695152283 -43.92771423608065 30.02003574371338
104.741333801 -211.86293768882751 -43.90536392480135 30.019787788391113
104.762140679 -211.92803168296814 -43.871851809322834 30.019410133361816
104.782460535 -211.97141242027283 -43.84954345971346 30.019165992736816
104.802631178 -212.03652167320251 -43.816012270748615 30.018807411193848
104.82236581 -212.07993292808533 -43.79368484765291 30.018574714660645
104.842449134 -212.14504218101501 -43.760226137936115 30.018258094787598
104.862686959 -212.18845343589783 -43.73786438256502 30.01802921295166
104.882435347 -212.25359320640564 -43.70433700829744 30.017712593078613
104.902394111 -212.29701972007751 -43.68194855004549 30.0175142288208
104.922359065 -212.36214423179626 -43.64832962304354 30.01720142364502
104.942375049 -212.40555548667908 -43.62593353539705 30.01701831817627
104.962491462 -212.47067999839783 -43.59226501733065 30.016758918762207
104.982987313 -212.51409125328064 -43.56982696801424 30.016610145568848
105.002430083 -212.57920050621033 -43.53618133813143 30.016419410705566
105.02236426 -212.62259650230408 -43.51378143578768 30.016301155090332
105.04245175 -212.68765997886658 -43.480223543941975 30.016152381896973
105.062456983 -212.73099493980408 -43.45786178857088 30.01602268218994
105.082436859 -212.79598212242126 -43.42438019067049 30.01585865020752
105.102443425 -212.8393018245697 -43.40206802636385 30.015774726867676
105.12245223 -212.9042432308197 -43.36860931664705 30.01564884185791
105.142426735 -212.94751715660095 -43.346339114010334 30.015583992004395
105.162456268 -213.01242804527283 -43.31290329247713 30.01548480987549
105.182587596 -213.05570197105408 -43.29063308984041 30.015427589416504
105.202399809 -213.12056708335876 -43.257262118160725 30.01536273956299
105.222362213 -213.16382575035095 -43.23500717431307 30.015297889709473
105.242413749 -213.22872138023376 -43.201685793697834 30.015225410461426
105.262510741 -213.27199530601501 -43.179503329098225 30.015172004699707
105.282469942 -213.33689093589783 -43.14631164819002 30.015103340148926
105.30266625 -213.38014960289001 -43.12422836571932 30.015042304992676
105.32237454 -213.44504523277283 -43.091185458004475 30.014954566955566
105.342505128 -213.48830389976501 -43.06920898705721 30.01490879058838
105.362462613 -213.5532147884369 -43.03629959374666 30.01482105255127
105.382472923 -213.59648871421814 -43.01439941674471 30.014779090881348
105.402422141 -213.66138434410095 -42.98161590844393 30.014809608459473
105.422403804 -213.70467352867126 -42.959776766598225 30.014824867248535
105.442381488 -213.7695996761322 -42.92707336694002 30.014798164367676
105.462505363 -213.81288886070251 -42.9052914455533 30.014756202697754
105.482446286 -213.87786078453064 -42.872645266354084 30.014683723449707
105.502382001 -213.92119574546814 -42.85092056542635 30.014615058898926
105.522386501 -213.98624396324158 -42.81831253319979 30.01452350616455
105.542391929 -214.02959418296814 -42.796629793941975 30.014473915100098
105.562515703 -214.09464240074158 -42.764044649899006 30.014382362365723
105.582508027 -214.13802313804626 -42.7423275783658 30.0143404006958
105.602413566 -214.20310187339783 -42.70975387841463 30.014283180236816
105.622401005 -214.24648261070251 -42.68803299218416 30.014241218566895
105.642427947 -214.31156134605408 -42.655489809811115 30.0142183303833
105.662484598 -214.3549726009369 -42.633795626461506 30.014206886291504
105.682501026 -214.4201123714447 -42.601282961666584 30.014172554016113
105.702564756 -214.46353888511658 -42.57963836938143 30.01415729522705
105.722395246 -214.52873969078064 -42.54715622216463 30.014058113098145
105.742430776 -214.5722119808197 -42.525519259274006 30.013978004455566
105.762533503 -214.6374433040619 -42.49309814721346 30.013848304748535
105.78244979 -214.68096137046814 -42.471468813717365 30.01372241973877
105.803900107 -214.74622321128845 -42.439093478024006 30.013550758361816
105.823856142 -214.78977179527283 -42.4174984768033 30.01342487335205
105.843840033 -214.85507941246033 -42.385138399899006 30.01327610015869
105.864213193 -214.89864325523376 -42.36357010155916 30.013188362121582
105.884516574 -214.9639813899994 -42.33122146874666 30.013081550598145
105.903842899 -215.00754523277283 -42.30967605859041 30.01305866241455
105.923915096 -215.07291388511658 -42.27730072289705 30.01302433013916
105.943810009 -215.11649298667908 -42.25572098046541 30.013009071350098
105.963953172 -215.18186163902283 -42.223360903561115 30.01298999786377
105.983847077 -215.2254559993744 -42.20174301415682 30.012959480285645
106.003930404 -215.29082465171814 -42.16931427270174 30.012879371643066
106.023835848 -215.3344190120697 -42.14765442162752 30.012810707092285
106.043824655 -215.39981818199158 -42.115111239254475 30.01269245147705
106.063933942 -215.4434278011322 -42.093417055904865 30.012619972229004
106.084150684 -215.50882697105408 -42.06083572655916 30.012463569641113
106.103854751 -215.55242133140564 -42.039122469723225 30.01235294342041
106.123875379 -215.61782050132751 -42.00648010522127 30.01211643218994
106.143827314 -215.66143012046814 -41.98472870141268 30.011971473693848
106.164186029 -215.72684454917908 -41.95212448388338 30.011784553527832
106.18386819 -215.77048468589783 -41.93035019189119 30.011658668518066
106.203843509 -215.8359296321869 -41.89772690087557 30.011540412902832
106.223847202 -215.8795850276947 -41.875983126461506 30.011467933654785
106.243822511 -215.94509100914001 -41.84337509423494 30.011330604553223
106.264005162 -215.98877692222595 -41.82166565209627 30.01124668121338
106.283847098 -216.05437445640564 -41.78907287865877 30.01109027862549
106.303842336 -216.09810614585876 -41.767359621822834 30.010987281799316
106.323844672 -216.16370368003845 -41.73481262475252 30.010849952697754
106.343835393 -216.20743536949158 -41.713141329586506 30.010777473449707
106.367736558 -216.2730176448822 -41.680670626461506 30.010701179504395
106.388632271 -216.3167188167572 -41.65903366357088 30.01063632965088
106.40864704 -216.3822705745697 -41.6266163662076 30.010594367980957
106.428653907 -216.42595648765564 -41.605006106197834 30.010579109191895
106.449313574 -216.49149298667908 -41.572577364742756 30.010533332824707
106.468815519 -216.53517889976501 -41.55097854882479 30.01051425933838
106.488596886 -216.60073065757751 -41.51856506615877 30.010491371154785
106.508672419 -216.64441657066345 -41.496981509029865 30.010483741760254
106.528650286 -216.70993781089783 -41.46464432030916 30.010510444641113
106.549305948 -216.7536084651947 -41.443121798336506 30.010560035705566
106.568672365 -216.81909918785095 -41.41090286523104 30.010655403137207
106.588625341 -216.86275458335876 -41.38946808129549 30.01073169708252
106.608640844 -216.92818427085876 -41.357386477291584 30.010926246643066
106.628692597 -216.97177863121033 -41.33604706078768 30.011052131652832
106.649998093 -217.03711676597595 -41.304102785885334 30.011235237121582
106.669761922 -217.0806348323822 -41.282843478024006 30.01136875152588
106.689797854 -217.14588141441345 -41.250975497066975 30.011563301086426
106.709750334 -217.18935370445251 -41.22975052148104 30.01170063018799
106.729871897 -217.25455451011658 -41.19795883446932 30.011910438537598
106.74986945 -217.29801154136658 -41.17677200585604 30.012070655822754
106.769761393 -217.36321234703064 -41.14502228051424 30.012341499328613
106.789776991 -217.40669989585876 -41.12385834008455 30.012513160705566
106.80977808 -217.47196173667908 -41.09212005883455 30.0127534866333
106.829900407 -217.51546454429626 -41.07097519189119 30.012925148010254
106.849854997 -217.58081793785095 -41.03923309594393 30.01313877105713
106.869747624 -217.62435126304626 -41.018099673092365 30.013291358947754
106.889841508 -217.68970465660095 -40.98638046532869 30.013501167297363
106.909771949 -217.73328375816345 -40.96524704247713 30.013623237609863
106.929891458 -217.79866766929626 -40.93356979638338 30.013798713684082
106.949854856 -217.8422772884369 -40.912447817623615 30.01389789581299
106.970793774 -217.90767645835876 -40.880804903805256 30.014050483703613
106.99078784 -217.95127081871033 -40.85972488671541 30.01414203643799
107.01079985 -218.0166699886322 -40.82814682275057 30.01426410675049
107.030855325 -218.0602490901947 -40.80712021142244 30.014351844787598
107.051440504 -218.1256024837494 -40.775572665035725 30.014500617980957
107.070811354 -218.16916632652283 -40.7545460537076 30.01461124420166
107.090931544 -218.23450446128845 -40.72302521020174 30.01478672027588
107.110797755 -218.27809882164001 -40.701998598873615 30.014893531799316
107.131421086 -218.3434522151947 -40.67050064355135 30.015076637268066
107.151969569 -218.3870313167572 -40.64948929101229 30.015172004699707
107.172128019 -218.45236945152283 -40.61799133569002 30.015297889709473
107.191911708 -218.49593329429626 -40.596991427242756 30.01537036895752
107.211937284 -218.56130194664001 -40.56550110131502 30.01545810699463
107.233080632 -218.60486578941345 -40.54452408105135 30.015530586242676
107.253041187 -218.67026495933533 -40.51305664330721 30.015637397766113
107.272975413 -218.71387457847595 -40.492091067135334 30.015713691711426
107.292952882 -218.77927374839783 -40.46065414696932 30.015835762023926
107.313063107 -218.82289862632751 -40.43968475610018 30.015873908996582
107.333044311 -218.88834357261658 -40.4082325771451 30.015934944152832
107.352970332 -218.93198370933533 -40.387240298092365 30.015957832336426
107.372945408 -218.99747443199158 -40.35572708398104 30.015969276428223
107.393018978 -219.04114508628845 -40.33471954613924 30.015984535217285
107.413056512 -219.10665106773376 -40.30321777611971 30.016003608703613
107.433082501 -219.15032172203064 -40.28222931176424 30.016018867492676
107.452963153 -219.21587347984314 -40.25075424462557 30.015999794006348
107.473007168 -219.2595899105072 -40.22978485375643 30.01598072052002
107.493031228 -219.32520270347595 -40.19835556298494 30.015950202941895
107.512985993 -219.36899542808533 -40.17740524560213 30.015843391418457
107.533000613 -219.43471503257751 -40.14599884301424 30.015694618225098
107.552961443 -219.47856879234314 -40.12505234032869 30.015564918518066
107.572972905 -219.54441046714783 -40.093653567135334 30.015328407287598
107.59295192 -219.58829474449158 -40.07274139672518 30.01517963409424
107.612965297 -219.65421271324158 -40.04136932641268 30.01488208770752
107.633024033 -219.6981885433197 -40.02046097069979 30.01469135284424
107.652976198 -219.76413702964783 -39.989100344479084 30.014389991760254
107.673417347 -219.8080976009369 -39.96819198876619 30.01419162750244
107.692989046 -219.87406134605408 -39.936835177242756 30.01390552520752
107.713106264 -219.91805243492126 -39.91587341576815 30.013684272766113
107.733080451 -219.98401618003845 -39.88443649560213 30.013394355773926
107.753061051 -220.02800726890564 -39.863470919430256 30.013188362121582
107.772972284 -220.09403204917908 -39.83198059350252 30.01283359527588
107.792938993 -220.13803839683533 -39.81098831444979 30.012612342834473
107.813075058 -220.20410895347595 -39.7794598415494 30.012276649475098
107.833014426 -220.2481610774994 -39.75843704491854 30.012063026428223
107.852979069 -220.31423163414001 -39.72690475732088 30.01175022125244
107.873006542 -220.35831427574158 -39.70584762841463 30.0115327835083
107.892952907 -220.42441534996033 -39.674288637936115 30.011235237121582
107.913030532 -220.46848273277283 -39.65325058251619 30.01103687286377
107.933745403 -220.53456854820251 -39.6217449977994 30.010781288146973
107.953070032 -220.57863593101501 -39.60077942162752 30.01060962677002
107.97296694 -220.64475226402283 -39.56935013085604 30.010342597961426
107.993010262 -220.68881964683533 -39.54841507226229 30.0101900100708
108.013104351 -220.75496649742126 -39.517035372555256 30.009907722473145
108.03300129 -220.79903388023376 -39.4961117580533 30.009739875793457
108.053031549 -220.86511969566345 -39.46471298485994 30.00950336456299
108.072945638 -220.90918707847595 -39.44376266747713 30.009339332580566
108.092954996 -220.9752118587494 -39.41236389428377 30.009129524230957
108.112949111 -221.01921820640564 -39.391444094479084 30.009011268615723
108.133102372 -221.0851972103119 -39.36006058007479 30.008862495422363
108.153127099 -221.12917304039001 -39.33914840966463 30.00881290435791
108.172973235 -221.19512152671814 -39.30776108056307 30.008767127990723
108.192958507 -221.23905158042908 -39.286864168941975 30.00877094268799
108.213162794 -221.3049237728119 -39.25551498681307 30.008755683898926
108.233184799 -221.3488233089447 -39.2346371486783 30.008740425109863
108.253079151 -221.4146192073822 -39.20335663110018 30.008687019348145
108.272988526 -221.45845770835876 -39.18251693993807 30.0086030960083
108.292965886 -221.52417731285095 -39.1512860134244 30.00850009918213
108.313138417 -221.56795477867126 -39.13048446923494 30.00838565826416
108.333021884 -221.63358283042908 -39.09931839257479 30.00821018218994
108.352998368 -221.67729926109314 -39.078558810055256 30.00813388824463
108.373021433 -221.74283576011658 -39.04741562157869 30.008030891418457
108.393040818 -221.7864911556244 -39.02664840966463 30.00795841217041
108.412960841 -221.85190558433533 -38.99548614770174 30.00782871246338
108.433053649 -221.89548468589783 -38.974696047604084 30.007718086242676
108.453023998 -221.9608075618744 -38.94353760033846 30.007607460021973
108.472973638 -222.00427985191345 -38.922728426754475 30.007512092590332
108.493006088 -222.0694501399994 -38.8915203884244 30.007393836975098
108.512959981 -222.11283087730408 -38.870699770748615 30.007317543029785
108.533022658 -222.17783331871033 -38.839449770748615 30.007222175598145
108.553124943 -222.2211377620697 -38.81861770898104 30.007161140441895
108.572976139 -222.28603339195251 -38.78726852685213 30.00700855255127
108.592955827 -222.3292920589447 -38.76634491235018 30.00692081451416
108.612964322 -222.39418768882751 -38.734923250973225 30.006821632385254
108.633104259 -222.43746161460876 -38.7138966396451 30.00673007965088
108.654455752 -222.50237250328064 -38.68235672265291 30.00657367706299
108.674417736 -222.5456464290619 -38.6612957790494 30.006455421447754
108.694420708 -222.61060309410095 -38.629645235836506 30.006299018859863
108.714488721 -222.6539227962494 -38.6085385158658 30.006203651428223
108.734492242 -222.71887946128845 -38.57682693749666 30.00608539581299
108.754817767 -222.76218390464783 -38.555689699947834 30.00601291656494
108.77444003 -222.82715582847595 -38.52391708642244 30.00589084625244
108.79464449 -222.87046027183533 -38.50273025780916 30.005833625793457
108.814483145 -222.93543219566345 -38.470946200191975 30.00575351715088
108.834420957 -222.9787518978119 -38.449732668697834 30.00569248199463
108.854373904 -223.04373908042908 -38.417933352291584 30.00563907623291
108.874420876 -223.08707404136658 -38.39672363549471 30.00561237335205
108.894383467 -223.15212225914001 -38.36491287499666 30.005589485168457
108.914398666 -223.19548773765564 -38.34372986108065 30.00559711456299
108.934549687 -223.2606122493744 -38.31194580346346 30.00558567047119
108.954388846 -223.30405402183533 -38.290770418941975 30.00558567047119
108.97437369 -223.36927008628845 -38.25902069360018 30.00558567047119
108.994373265 -223.41277289390564 -38.23787582665682 30.005589485168457
109.014382867 -223.47804999351501 -38.206183321774006 30.005555152893066
109.034443454 -223.52164435386658 -38.18500793725252 30.005505561828613
109.054371469 -223.5870282649994 -38.153258211910725 30.00546360015869
109.074397023 -223.63066840171814 -38.13206756860018 30.005433082580566
109.094395307 -223.69617438316345 -38.1002491787076 30.005375862121582
109.114439247 -223.73984503746033 -38.07905090600252 30.00539493560791
109.134616109 -223.8054120540619 -38.04716385155916 30.005406379699707
109.154340532 -223.8491132259369 -38.02590072900057 30.00540256500244
109.174387572 -223.9146649837494 -37.99400604516268 30.00538730621338
109.194364 -223.95833563804626 -37.97270477563143 30.00534152984619
109.214385244 -224.02384161949158 -37.94078338891268 30.00529193878174
109.234513281 -224.06751227378845 -37.919493563473225 30.005249977111816
109.25467348 -224.1330029964447 -37.887606509029865 30.0051851272583
109.274375652 -224.17664313316345 -37.866366274654865 30.005127906799316
109.294577613 -224.24210333824158 -37.834505923092365 30.00502109527588
109.314368183 -224.28574347496033 -37.813292391598225 30.004952430725098
109.334767158 -224.35121893882751 -37.78143585473299 30.004796028137207
109.355526123 -224.39487433433533 -37.76020706444979 30.00468921661377
109.375549436 -224.4603192806244 -37.72836960107088 30.004536628723145
109.395569921 -224.50391364097595 -37.70710266381502 30.004414558410645
109.415682291 -224.56926703453064 -37.67524231225252 30.004277229309082
109.436668247 -224.61281561851501 -37.65400207787752 30.00419330596924
109.456635066 -224.67807745933533 -37.622156985104084 30.00411319732666
109.476656838 -224.72156500816345 -37.600951083004475 30.004097938537598
109.496617308 -224.78675055503845 -37.56916702538729 30.004033088684082
109.516947772 -224.8301923274994 -37.54802215844393 30.004033088684082
109.536670876 -224.8952558040619 -37.51634872704744 30.003987312316895
109.55665696 -224.93860602378845 -37.49526108056307 30.003968238830566
109.576679565 -225.00357794761658 -37.46366775780916 30.003968238830566
109.596625836 -225.04688239097595 -37.44264114648104 30.003945350646973
109.616774314 -225.11182379722595 -37.4111622646451 30.00394916534424
109.63667454 -225.15511298179626 -37.39021576195955 30.003952980041504
109.656647559 -225.22000861167908 -37.358858950436115 30.003926277160645
109.676656074 -225.26328253746033 -37.33799255639315 30.003918647766113
109.696630267 -225.3281934261322 -37.306788332760334 30.0038423538208
109.716750413 -225.37146735191345 -37.286036379635334 30.003849983215332
109.736694935 -225.4363934993744 -37.25498092919588 30.003872871398926
109.756694996 -225.4796826839447 -37.23437011986971 30.00386905670166
109.776634894 -225.54459357261658 -37.20348633080721 30.003914833068848
109.796638793 -225.5878827571869 -37.18297851830721 30.00393009185791
109.816754226 -225.65280890464783 -37.15225876122713 30.003952980041504
109.83718538 -225.69608283042908 -37.131808169186115 30.003960609436035
109.856635873 -225.76100897789001 -37.10116470605135 30.0039644241333
109.876903776 -225.80429816246033 -37.080756075680256 30.003979682922363
109.896624466 -225.8692548274994 -37.0502117946744 30.003952980041504
109.917302829 -225.91255927085876 -37.02987564355135 30.003899574279785
109.937687811 -225.97756171226501 -36.999415285885334 30.003823280334473
109.957746576 -226.02089667320251 -36.9791439846158 30.003769874572754
109.977680889 -226.08591437339783 -36.948763735592365 30.003750801086426
109.997639276 -226.1292645931244 -36.92853058129549 30.00374698638916
110.017915549 -226.19426703453064 -36.89821518212557 30.00364398956299
110.03768378 -226.23758673667908 -36.878023989498615 30.00359058380127
110.057708238 -226.30257391929626 -36.84779251366854 30.003483772277832
110.077647144 -226.34587836265564 -36.8276547268033 30.003426551818848
110.097648089 -226.4108350276947 -36.79749573022127 30.003262519836426
110.11789815 -226.45413947105408 -36.777411349117756 30.003159523010254
110.137663196 -226.51908087730408 -36.74731720238924 30.002995491027832
110.157728909 -226.56240057945251 -36.72729004174471 30.002812385559082
110.177652002 -226.62737250328064 -36.697264559566975 30.002556800842285
110.197663072 -226.67069220542908 -36.67725647240877 30.0023775100708
110.217745869 -226.7357099056244 -36.64726532250643 30.00206470489502
110.237664587 -226.7790448665619 -36.62727630883455 30.00188159942627
110.257685875 -226.84407782554626 -36.5973080471158 30.001587867736816
110.277668186 -226.8874433040619 -36.57732666283846 30.001412391662598
110.29768203 -226.95249152183533 -36.54735077172518 30.00118350982666
110.317892426 -226.99585700035095 -36.52735412865877 30.0010347366333
110.337737748 -227.0609052181244 -36.4973439052701 30.000832557678223
110.358748307 -227.10427069664001 -36.47730530053377 30.000683784484863
110.378722276 -227.16927313804626 -36.44724167138338 30.00050449371338
110.398778502 -227.21260809898376 -36.427183993160725 30.000401496887207
110.419223754 -227.27759528160095 -36.39707840234041 30.00026798248291
110.43874803 -227.3209149837494 -36.37699783593416 30.000210762023926
110.458795294 -227.38591742515564 -36.34681213647127 30.000130653381348
110.478736825 -227.42925238609314 -36.32665527611971 30.000096321105957
110.49885197 -227.49427008628845 -36.29638183861971 30.000081062316895
110.518781629 -227.53762030601501 -36.27613342553377 30.00008487701416
110.538722517 -227.6026532649994 -36.24571884423494 30.000123023986816
110.5587354 -227.64601874351501 -36.22538650780916 30.000142097473145
110.578708598 -227.71106696128845 -36.194849856197834 30.000184059143066
110.598742084 -227.75443243980408 -36.174445040524006 30.00020694732666
110.618800735 -227.8195264339447 -36.143744356930256 30.000252723693848
110.638708978 -227.86293768882751 -36.123255617916584 30.000298500061035
110.658777411 -227.92812323570251 -36.09240234643221 30.000271797180176
110.678713007 -227.97161078453064 -36.07179916650057 30.000252723693848
110.698771201 -228.03690314292908 -36.04084289819002 30.00022602081299
110.718801681 -228.08049750328064 -36.02011764794588 30.000184059143066
110.738705128 -228.1458661556244 -35.98902405053377 30.000149726867676
110.758712501 -228.18946051597595 -35.968268282711506 30.00011920928955
110.778698146 -228.2548749446869 -35.937098391354084 30.000035285949707
110.798760126 -228.29848456382751 -35.91631592065096 29.99999713897705
110.818802872 -228.36392951011658 -35.885096438229084 29.999890327453613
110.83871497 -228.4075391292572 -35.86430252343416 29.999863624572754
110.858736225 -228.47298407554626 -35.83309067040682 29.99977970123291
110.878707901 -228.5165936946869 -35.81229294091463 29.99974536895752
110.898776795 -228.5820233821869 -35.78110397607088 29.999730110168457
110.919087395 -228.62566351890564 -35.760313875973225 29.999714851379395
110.93880794 -228.6911084651947 -35.7291439846158 29.999733924865723
110.958793471 -228.73474860191345 -35.70836914330721 29.99977970123291
110.978701965 -228.8002393245697 -35.677252657711506 29.999886512756348
110.998910184 -228.84390997886658 -35.65653122216463 29.999974250793457
111.018912331 -228.9094159603119 -35.6255177333951 30.00005054473877
111.038774288 -228.95308661460876 -35.6048878505826 30.00011157989502
111.058730928 -229.01859259605408 -35.57399643212557 30.000184059143066
111.078710685 -229.0622479915619 -35.55345428735018 30.00021457672119
111.098733189 -229.12770819664001 -35.52266205102205 30.000313758850098
111.118828364 -229.1713330745697 -35.502161867916584 30.000344276428223
111.138827189 -229.2367627620697 -35.471442110836506 30.000420570373535
111.158722484 -229.28035712242126 -35.450995333492756 30.000473976135254
111.178746844 -229.34574103355408 -35.420374758541584 30.000542640686035
111.198769722 -229.38932013511658 -35.399989016354084 30.00059986114502
111.218802059 -229.45464301109314 -35.36952102929354 30.000615119934082
111.238786761 -229.49817633628845 -35.3492611721158 30.00060749053955
111.258732802 -229.56345343589783 -35.31894958764315 30.000618934631348
111.278731832 -229.60695624351501 -35.298800356686115 30.000557899475098
111.298723815 -229.67217230796814 -35.2685955837369 30.00047016143799
111.318861893 -229.71562933921814 -35.248473055660725 30.000359535217285
111.338759142 -229.7807538509369 -35.21831787377596 30.000184059143066
111.358777707 -229.8241651058197 -35.19822586327791 30.000088691711426
111.378773084 -229.8892285823822 -35.16812790185213 29.999943733215332
111.398743245 -229.93259406089783 -35.148077853024006 29.999871253967285
111.418788442 -229.99759650230408 -35.11802948266268 29.999730110168457
111.438847306 -230.04091620445251 -35.09800995141268 29.99965000152588
111.45880116 -230.10587286949158 -35.06799591332674 29.99959659576416
111.478744179 -230.14914679527283 -35.04798401147127 29.99954319000244
111.498765473 -230.21402716636658 -35.01796615868807 29.999497413635254
111.519161281 -230.2572705745697 -34.997950442135334 29.99950122833252
111.538796027 -230.32210516929626 -34.967921145260334 29.999516487121582
111.558737776 -230.36533331871033 -34.9478939846158 29.99956226348877
111.578742338 -230.43015265464783 -34.917872317135334 29.999642372131348
111.598720467 -230.47335028648376 -34.897860415279865 29.999714851379395
111.6190459 -230.53813910484314 -34.86784256249666 29.999878883361816
111.638771648 -230.5812909603119 -34.84783066064119 29.999993324279785
111.658757844 -230.64600348472595 -34.817808993160725 30.000161170959473
111.678749262 -230.68910956382751 -34.797762759029865 30.000218391418457
111.69873248 -230.75374579429626 -34.76768005639315 30.00032138824463
111.718827045 -230.7968213558197 -34.74761474877596 30.000401496887207
111.738849419 -230.8613965511322 -34.71748626977205 30.000500679016113
111.758753176 -230.90445685386658 -34.69739044457674 30.000561714172363
111.778752752 -230.96895575523376 -34.66721618920565 30.000557899475098
111.798759368 -231.01192450523376 -34.64708603173494 30.000550270080566
111.818831783 -231.07634711265564 -34.61687744408846 30.00053119659424
111.838743381 -231.11923956871033 -34.59672439843416 30.000496864318848
111.858708228 -231.18355536460876 -34.56650436669588 30.000473976135254
111.878709374 -231.22640204429626 -34.546351321041584 30.000462532043457
111.898727304 -231.29065680503845 -34.51615036278963 30.00047779083252
111.91883424 -231.3334882259369 -34.496039278805256 30.00051975250244
111.938775578 -231.39774298667908 -34.46592224389315 30.000584602355957
111.958877001 -231.44058966636658 -34.44585693627596 30.000645637512207
111.978773829 -231.5048291683197 -34.415839083492756 30.00069522857666
111.998728442 -231.54766058921814 -34.39585769921541 30.000725746154785
112.01896742 -231.61186957359314 -34.36592376977205 30.000733375549316
112.039243929 -231.65468573570251 -34.34599960595369 30.00072956085205
112.058728648 -231.71892523765564 -34.316126711666584 30.000802040100098
112.078737323 -231.76174139976501 -34.296236880123615 30.000866889953613
112.098704803 -231.8259961605072 -34.26640976220369 30.00099277496338
112.118824762 -231.86882758140564 -34.24652374535799 30.001099586486816
112.138805178 -231.93314337730408 -34.2167042568326 30.001255989074707
112.158735037 -231.9760205745697 -34.1968182399869 30.001408576965332
112.178796981 -232.04033637046814 -34.16697204858065 30.001652717590332
112.19872138 -232.08322882652283 -34.147066958248615 30.001835823059082
112.218804933 -232.1475751399994 -34.117194063961506 30.002156257629395
112.238764944 -232.19052863121033 -34.09726990014315 30.00236225128174
112.258716459 -232.2549970149994 -34.06737030297518 30.002659797668457
112.278796308 -232.29799628257751 -34.04742706567049 30.002846717834473
112.298727256 -232.3625409603119 -34.01750076562166 30.003148078918457
112.318919807 -232.4055860042572 -33.99754608422518 30.003376960754395
112.338772254 -232.4702069759369 -33.967623598873615 30.00373935699463
112.358733094 -232.5132977962494 -33.9476727321744 30.00401020050049
112.378748561 -232.5779492855072 -33.9177426174283 30.004456520080566
112.3987384 -232.6210401058197 -33.897799380123615 30.004761695861816
112.419237128 -232.68569159507751 -33.86787308007479 30.005215644836426
112.438810907 -232.72878241539001 -33.847906954586506 30.00551700592041
112.458757983 -232.79341864585876 -33.81793487817049 30.00597095489502
112.478792809 -232.83650946617126 -33.797919161617756 30.006279945373535
112.498754 -232.90117621421814 -33.7678402736783 30.006760597229004
112.518791269 -232.94429755210876 -33.747767336666584 30.00706958770752
112.539325636 -233.0090253353119 -33.71760452538729 30.007546424865723
112.558745996 -233.05217719078064 -33.697474367916584 30.007878303527832
112.578774523 -233.11692023277283 -33.66725052148104 30.008400917053223
112.598725135 -233.1601026058197 -33.647040255367756 30.00874423980713
112.618916745 -233.22489142417908 -33.61671341210604 30.00917148590088
112.639795037 -233.26810431480408 -33.5964649990201 30.0094575881958
112.659761538 -233.33298468589783 -33.56604278832674 30.009846687316895
112.679784898 -233.37624335289001 -33.545748598873615 30.010098457336426
112.699759918 -233.4411542415619 -33.515257723629475 30.010457038879395
112.720036927 -233.48442816734314 -33.49492157250643 30.01069736480713
112.740123161 -233.54936957359314 -33.4643734768033 30.011025428771973
112.759748832 -233.59265875816345 -33.444002993404865 30.011231422424316
112.779760807 -233.65761542320251 -33.41344726830721 30.01152515411377
112.799761218 -233.70093512535095 -33.39307678490877 30.011704444885254
112.819939561 -233.76590704917908 -33.362547762691975 30.01200580596924
112.839786215 -233.80922675132751 -33.342223055660725 30.012181282043457
112.859780503 -233.8742139339447 -33.31175125390291 30.012391090393066
112.879758534 -233.91753363609314 -33.29144562035799 30.012524604797363
112.899758874 -233.98247504234314 -33.26097000390291 30.01268482208252
112.919931781 -234.02577948570251 -33.24064911156893 30.01278781890869
112.939743934 -234.09073615074158 -33.21016205102205 30.01293659210205
112.959776444 -234.13404059410095 -33.18982208520174 30.013039588928223
112.979764958 -234.19898200035095 -33.159300692379475 30.01319980621338
112.999761213 -234.24231696128845 -33.13889969140291 30.013306617736816
113.020009569 -234.30733466148376 -33.10829056054354 30.013501167297363
113.04271256 -234.35068488121033 -33.08786667138338 30.013638496398926
113.062618599 -234.41573309898376 -33.057223208248615 30.013867378234863
113.082573326 -234.45911383628845 -33.03679550439119 30.014031410217285
113.102720123 -234.52422308921814 -33.006075747311115 30.014302253723145
113.123625698 -234.56763434410095 -32.98557937890291 30.014512062072754
113.143634695 -234.6328046321869 -32.95480240136385 30.014840126037598
113.163622124 -234.6762616634369 -32.93422592431307 30.01505756378174
113.183628494 -234.74146246910095 -32.903353579342365 30.01539707183838
113.204467368 -234.78491950035095 -32.882758028805256 30.01562213897705
113.223678775 -234.85012030601501 -32.85187805444002 30.01598834991455
113.243721413 -234.89360785484314 -32.831305392086506 30.016228675842285
113.263627316 -234.95882391929626 -32.800448305904865 30.016602516174316
113.283637481 -235.0023114681244 -32.77989090234041 30.016858100891113
113.304156041 -235.06754279136658 -32.7490528896451 30.01723575592041
113.323661601 -235.1110303401947 -32.72849930077791 30.01747989654541
113.343653221 -235.17623114585876 -32.69768036156893 30.017868995666504
113.363597024 -235.21970343589783 -32.67713821679354 30.018132209777832
113.383636095 -235.2849042415619 -32.646334536373615 30.018555641174316
113.403888222 -235.32837653160095 -32.625800020992756 30.01883029937744
113.423651368 -235.39360785484314 -32.59498489648104 30.019234657287598
113.4436818 -235.43709540367126 -32.57444656640291 30.019497871398926
113.463606094 -235.50235724449158 -32.54365051537752 30.01982593536377
113.483669597 -235.5458447933197 -32.52313507348299 30.02004337310791
113.503757686 -235.61109137535095 -32.49239242821932 30.02030658721924
113.523646094 -235.65456366539001 -32.47189987450838 30.020493507385254
113.543683859 -235.71974921226501 -32.44117630273104 30.020745277404785
113.563619464 -235.76322150230408 -32.420679934322834 30.02089023590088
113.583656686 -235.8284375667572 -32.38995636254549 30.02110004425049
113.603733227 -235.87192511558533 -32.36948669701815 30.021241188049316
113.623630674 -235.93723273277283 -32.33879745751619 30.02150821685791
113.643660262 -235.9807813167572 -32.31835068017244 30.021687507629395
113.66365381 -236.04622626304626 -32.28764999657869 30.02190113067627
113.683618575 -236.08986639976501 -32.26719177514315 30.02202320098877
113.704127424 -236.1553876399994 -32.23652160912752 30.02219867706299
113.723627948 -236.19911932945251 -32.216090090572834 30.022244453430176
113.743942832 -236.26468634605408 -32.18546188622713 30.022324562072754
113.763627691 -236.30843329429626 -32.1650570705533 30.022316932678223
113.783628815 -236.37407660484314 -32.134459383785725 30.022286415100098
113.805019742 -236.41785407066345 -32.11406982690096 30.022236824035645
113.824861519 -236.48357367515564 -32.08351028710604 30.022194862365723
113.844876704 -236.52739691734314 -32.06314743310213 30.022168159484863
113.864918578 -236.59317755699158 -32.0326222255826 30.022080421447754
113.886174761 -236.63704657554626 -32.01226509362459 30.022011756896973
113.906111825 -236.7028729915619 -31.9817189052701 30.02190113067627
113.926055158 -236.7468183040619 -31.961295016109943 30.02175235748291
113.946044771 -236.81275153160095 -31.930636294186115 30.02153491973877
113.966069739 -236.85674262046814 -31.910157091915607 30.02138614654541
113.986225193 -236.92275214195251 -31.879412539303303 30.021180152893066
114.006164086 -236.9667432308197 -31.858919985592365 30.021058082580566
114.026206028 -237.03275275230408 -31.828171618282795 30.020920753479004
114.046064384 -237.07674384117126 -31.807679064571857 30.02082920074463
114.066053927 -237.14282965660095 -31.776888735592365 30.020703315734863
114.086191541 -237.18686652183533 -31.756348498165607 30.020642280578613
114.106190511 -237.25290656089783 -31.725529558956623 30.020562171936035
114.126152684 -237.29697394371033 -31.704939730465412 30.020501136779785
114.14606447 -237.36304450035095 -31.674046404659748 30.02043628692627
114.166065282 -237.4070966243744 -31.653420336544514 30.020405769348145
114.186160922 -237.47316718101501 -31.62249267846346 30.02038288116455
114.206170859 -237.51718878746033 -31.60188949853182 30.020379066467285
114.226090725 -237.58321356773376 -31.570929415524006 30.020405769348145
114.246078358 -237.6271893978119 -31.55030144006014 30.02043628692627
114.266070258 -237.69313788414001 -31.51937187463045 30.020535469055176
114.286425459 -237.73703742027283 -31.498772509396076 30.02062702178955
114.306142866 -237.8028485774994 -31.467896349728107 30.020787239074707
114.326374125 -237.84665656089783 -31.4472950771451 30.020970344543457
114.34613916 -237.9122998714447 -31.416394121944904 30.021260261535645
114.366138634 -237.95603156089783 -31.3957814052701 30.02147388458252
114.386177074 -238.02152228355408 -31.364861376583576 30.02180576324463
114.40618401 -238.06516242027283 -31.34426010400057 30.0220308303833
114.42611065 -238.13054633140564 -31.313279040157795 30.02241611480713
114.446077627 -238.17407965660095 -31.292616732418537 30.022683143615723
114.466105026 -238.2393262386322 -31.261614687740803 30.023133277893066
114.486256841 -238.28275275230408 -31.240937121212482 30.02346897125244
114.506180072 -238.3478467464447 -31.209952242672443 30.023873329162598
114.526086681 -238.39115118980408 -31.189328081905842 30.023343086242676
114.546062726 -238.45601630210876 -31.15848434716463 30.019932746887207
114.566117517 -238.49918341636658 -31.137972719967365 30.01562213897705
114.58625409 -238.56380438804626 -31.1073235347867 30.00587558746338
114.606152737 -238.60681891441345 -31.086979754269123 29.997334480285645
114.626160502 -238.67119574546814 -31.056538470089436 29.98119068145752
114.64607736 -238.71401190757751 -31.036303408443928 29.968464851379395
114.666153977 -238.77808356285095 -31.00605285912752 29.946724891662598
114.686144758 -238.82068610191345 -30.985928423702717 29.930241584777832
114.70614595 -238.88437628746033 -30.955876238644123 29.90343189239502
114.726080894 -238.92667365074158 -30.93592155724764 29.884148597717285
114.746058498 -238.9898145198822 -30.906126864254475 29.853318214416504
114.766085623 -239.0316846370697 -30.88637436181307 29.831799507141113
114.786109352 -239.09409308433533 -30.856873400509357 29.79781436920166
114.806194689 -239.13545966148376 -30.837359316647053 29.774563789367676
114.82613605 -239.19702887535095 -30.808274157345295 29.738457679748535
114.846065818 -239.23775458335876 -30.789032824337482 29.713810920715332
114.866211594 -239.2983319759369 -30.760420687496662 29.676175117492676
114.886089895 -239.33829474449158 -30.74149788171053 29.65055561065674
114.906358892 -239.39768195152283 -30.71337402611971 29.61168384552002
114.92608573 -239.43685126304626 -30.694798357784748 29.585461616516113
114.946024882 -239.49489569664001 -30.667229540646076 29.54573154449463
114.966063423 -239.53313422203064 -30.649062044918537 29.519097328186035
114.98610574 -239.58962225914001 -30.622116930782795 29.47883701324463
115.006351664 -239.62674689292908 -30.604403384029865 29.45188617706299
115.026085436 -239.68161749839783 -30.578217394649982 29.411404609680176
115.046070782 -239.71753668785095 -30.56104553490877 29.384316444396973
115.066084666 -239.77068305015564 -30.535672076046467 29.34371280670166
115.086086766 -239.80539679527283 -30.51904571801424 29.31661891937256
115.106479365 -239.85662055015564 -30.494519121944904 29.27601909637451
115.126123128 -239.8901288509369 -30.478459246456623 29.24897861480713
115.146071617 -239.93936896324158 -30.454819567501545 29.208443641662598
115.166123806 -239.97159552574158 -30.43935287743807 29.181469917297363
115.186099305 -240.0187909603119 -30.416640169918537 29.141057014465332
115.206104591 -240.0495526790619 -30.401829607784748 29.114157676696777
115.226094368 -240.0946729183197 -30.380112536251545 29.073935508728027
115.246091252 -240.12395453453064 -30.3659905269742 29.047141075134277
115.266097134 -240.16687750816345 -30.34529960900545 29.007012367248535
115.286079713 -240.19475531578064 -30.33185661584139 28.98029613494873
115.306211753 -240.23548102378845 -30.31224525719881 28.940302848815918
115.326114131 -240.26197028160095 -30.299506075680256 28.91372585296631
115.346046567 -240.3006055355072 -30.280922777950764 28.873957633972168
115.366686787 -240.32569098472595 -30.26886261254549 28.847514152526855
115.386093522 -240.36209845542908 -30.25131881982088 28.807984352111816
115.406229668 -240.38567328453064 -30.23995292931795 28.78169345855713
115.426079162 -240.41997504234314 -30.22340477257967 28.7423677444458
115.44604732 -240.44203925132751 -30.212725527584553 28.71621608734131
115.466082131 -240.47417426109314 -30.197182543575764 28.677069664001465
115.486083645 -240.49488043785095 -30.187151797115803 28.65101718902588
115.506161936 -240.5248944759369 -30.172612078487873 28.612019538879395
115.526058692 -240.5442578792572 -30.163233645260334 28.586098670959473
115.546052513 -240.57216620445251 -30.14970863610506 28.54731273651123
115.5660765 -240.59011054039001 -30.141005404293537 28.52150821685791
115.586177818 -240.61605048179626 -30.12842644006014 28.48287296295166
115.606158127 -240.63271307945251 -30.120358355343342 28.45714282989502
115.626118032 -240.6567304134369 -30.10872543603182 28.418646812438965
115.656399405 -240.67205023765564 -30.101275332272053 28.393019676208496
115.683803892 -240.69414496421814 -30.090533144772053 28.354680061340332
115.703727154 -240.70825934410095 -30.083664782345295 28.329174995422363
115.724013725 -240.72847723960876 -30.07381332665682 28.290959358215332
115.743854292 -240.74138617515564 -30.0675286129117 28.265517234802246
115.763687498 -240.75980353355408 -30.05854881554842 28.22738742828369
115.783717943 -240.77150702476501 -30.05284584313631 28.201972007751465
115.803735208 -240.78823065757751 -30.0447071865201 28.163859367370605
115.82445185 -240.79878973960876 -30.039543993771076 28.13843822479248
115.843687919 -240.81388068199158 -30.032193072140217 28.100308418273926
115.863808597 -240.82340216636658 -30.027565844357014 28.074896812438965
115.883687698 -240.83695197105408 -30.021010287106037 28.036805152893066
115.903724028 -240.84548163414001 -30.016905672848225 28.011418342590332
115.924821728 -240.8575360774994 -30.01111686974764 27.97335910797119
115.944757553 -240.86511969566345 -30.007494814693928 27.94804859161377
115.964778795 -240.87577033042908 -30.0024651363492 27.91011333465576
115.984768825 -240.88240790367126 -29.99935806542635 27.884854316711426
116.004942076 -240.89170050621033 -29.995056994259357 27.84700870513916
116.02479265 -240.89742255210876 -29.992417223751545 27.821797370910645
116.044862973 -240.9053876399994 -29.988774187862873 27.78400707244873
116.064754668 -240.91025519371033 -29.986552126705647 27.758841514587402
116.084718505 -240.91692328453064 -29.983525164425373 27.721171379089355
116.104864653 -240.9209668636322 -29.98170555382967 27.69608211517334
116.124789461 -240.92639899253845 -29.979220278561115 27.658560752868652
116.144759681 -240.92966437339783 -29.97775162011385 27.633496284484863
116.164746577 -240.93398261070251 -29.97577751427889 27.5960111618042
116.184732981 -240.9365155696869 -29.97461212426424 27.57105541229248
116.204848223 -240.9398114681244 -29.973090060055256 27.533677101135254
116.224943838 -240.94165778160095 -29.97217071801424 27.50880527496338
116.24476516 -240.94397711753845 -29.971012957394123 27.47148036956787
116.264804249 -240.94521307945251 -29.970364458858967 27.446614265441895
116.284758202 -240.9466016292572 -29.969571001827717 27.4093656539917
116.304873453 -240.94724249839783 -29.969178088009357 27.384549140930176
116.32506293 -240.94776129722595 -29.968727953732014 27.3473539352417
116.344770574 -240.9478223323822 -29.968558199703693 27.322569847106934
116.364835293 -240.9475018978119 -29.968493349850178 27.28541851043701
116.384725273 -240.94707465171814 -29.968581087887287 27.260682106018066
116.405039229 -240.9460370540619 -29.968920595943928 27.223584175109863
116.424809937 -240.94516730308533 -29.9692620113492 27.198885917663574
116.44476023 -240.94353461265564 -29.969944842159748 27.161845207214355
116.467786954 -240.9422528743744 -29.970497973263264 27.13716983795166
116.488135531 -240.94007086753845 -29.9714649990201 27.100224494934082
116.509118979 -240.9384229183197 -29.972214587032795 27.075610160827637
116.529277334 -240.93576788902283 -29.973446734249592 27.038689613342285
116.549119635 -240.9338300228119 -29.974358446896076 27.01410961151123
116.569009648 -240.93068671226501 -29.975861437618732 26.9772310256958
116.589219605 -240.92848944664001 -29.976900942623615 26.952662467956543
116.609113323 -240.92494940757751 -29.978581316769123 26.915818214416504
116.629086855 -240.9224774837494 -29.979756243526936 26.891263008117676
116.64905036 -240.91858649253845 -29.9815968349576 26.854483604431152
116.669083507 -240.91585516929626 -29.982897646725178 26.829960823059082
116.689169188 -240.91158270835876 -29.98491943627596 26.793177604675293
116.70907894 -240.90860724449158 -29.986334688961506 26.768651008605957
116.729179249 -240.90407538414001 -29.988499529659748 26.731863975524902
116.749104265 -240.9009473323822 -29.99000633507967 26.7073335647583
116.768988827 -240.89615607261658 -29.992356188595295 26.670517921447754
116.789153518 -240.89296698570251 -29.993956454098225 26.645983695983887
116.809106853 -240.8880536556244 -29.99644172936678 26.609206199645996
116.829096461 -240.88474249839783 -29.99813736230135 26.584689140319824
116.849074835 -240.8797070980072 -30.00069511681795 26.54800319671631
116.869041452 -240.87627387046814 -30.002440340816975 26.52354907989502
116.88920723 -240.87117743492126 -30.004979021847248 26.486912727355957
116.909097617 -240.8677442073822 -30.006684191524982 26.462510108947754
116.929034932 -240.86252570152283 -30.009261019527912 26.425938606262207
116.949114621 -240.85903143882751 -30.01097572594881 26.40156078338623
116.969160864 -240.8537518978119 -30.01353920251131 26.365025520324707
116.989805251 -240.85027289390564 -30.015185244381428 26.340720176696777
117.009096304 -240.84497809410095 -30.01768196374178 26.30427837371826
117.02920921 -240.84146857261658 -30.019314654171467 26.280001640319824
117.049116891 -240.83620429039001 -30.02172363549471 26.243733406066895
117.069070309 -240.83264899253845 -30.023346789181232 26.21955394744873
117.089321246 -240.82741522789001 -30.0256584957242 26.18336009979248
117.109070793 -240.82390570640564 -30.027205355465412 26.159235954284668
117.129063199 -240.81865668296814 -30.029528506100178 26.123038291931152
117.14905875 -240.81520819664001 -30.031041033565998 26.098946571350098
117.169027973 -240.80998969078064 -30.033339388668537 26.06278705596924
117.189192403 -240.80652594566345 -30.03485954552889 26.038689613342285
117.209080242 -240.80129218101501 -30.037167437374592 26.002530097961426
117.229091587 -240.79782843589783 -30.038695223629475 25.978419303894043
117.249079817 -240.79268622398376 -30.040966875851154 25.942248344421387
117.2690937 -240.78923773765564 -30.042498476803303 25.918116569519043
117.289210871 -240.78415656089783 -30.044737704098225 25.8818941116333
117.309104301 -240.78076910972595 -30.04621208459139 25.857733726501465
117.329093627 -240.7757031917572 -30.048401720821857 25.821494102478027
117.349102078 -240.7724072933197 -30.049771197140217 25.797362327575684
117.369045155 -240.76746344566345 -30.051812060177326 25.76115131378174
117.389101957 -240.76421332359314 -30.053107149899006 25.737025260925293
117.409143578 -240.75943732261658 -30.054963000118732 25.700860023498535
117.429044204 -240.75627875328064 -30.05619514733553 25.676737785339355
117.449085718 -240.75174689292908 -30.057907946407795 25.640633583068848
117.469107296 -240.74867987632751 -30.059096224606037 25.616543769836426
117.489496421 -240.74430060386658 -30.060789950191975 25.58044147491455
117.509152191 -240.74141669273376 -30.06190574914217 25.55638027191162
117.529458839 -240.73715949058533 -30.06355942040682 25.520304679870605
117.549108039 -240.73441290855408 -30.06458366662264 25.496310234069824
117.569123183 -240.73030829429626 -30.066128619015217 25.460314750671387
117.589444394 -240.72763800621033 -30.067116625607014 25.436348915100098
117.60911954 -240.72367072105408 -30.068556673824787 25.400431632995605
117.629043445 -240.72104620933533 -30.069531328976154 25.376477241516113
117.649076978 -240.71720099449158 -30.070889361202717 25.3406343460083
117.669056471 -240.71465277671814 -30.07178772240877 25.316718101501465
117.689135642 -240.71089911460876 -30.07313621789217 25.280823707580566
117.709115098 -240.70851874351501 -30.073979265987873 25.256918907165527
117.72905992 -240.7049024105072 -30.075310595333576 25.221013069152832
117.749061171 -240.70259833335876 -30.076146014034748 25.19711399078369
117.769150751 -240.6992108821869 -30.077427752315998 25.161242485046387
117.789221609 -240.69705939292908 -30.07826317101717 25.137330055236816
117.80914565 -240.6939618587494 -30.079474337399006 25.10146427154541
117.829077368 -240.69193243980408 -30.08029068261385 25.07753849029541
117.849067645 -240.68910956382751 -30.081412203609943 25.04166316986084
117.869066349 -240.68730902671814 -30.082136996090412 25.017741203308105
117.889146836 -240.6846845149994 -30.083197481930256 24.981894493103027
117.909156061 -240.68308234214783 -30.083859331905842 24.95803165435791
117.929077293 -240.68071722984314 -30.084872134029865 24.92220973968506
117.949070949 -240.67923712730408 -30.085524447262287 24.898341178894043
117.969016935 -240.67710089683533 -30.08651054650545 24.86251735687256
117.989170563 -240.67569708824158 -30.087191469967365 24.83861255645752
118.009199691 -240.67372870445251 -30.08819092065096 24.80275249481201
118.029110444 -240.6724317073822 -30.088871844112873 24.778830528259277
118.049150722 -240.67069220542908 -30.08984649926424 24.74293804168701
118.069140687 -240.66957831382751 -30.090500719845295 24.71899700164795
118.089139531 -240.6679608821869 -30.091484911739826 24.68307399749756
118.109275186 -240.66699957847595 -30.092121966183186 24.659110069274902
118.12908937 -240.66561102867126 -30.093098528683186 24.62313175201416
118.149049917 -240.66475653648376 -30.093733675777912 24.599133491516113
118.169003464 -240.6635663509369 -30.09468735009432 24.56309986114502
118.189156149 -240.66280341148376 -30.09534538537264 24.539055824279785
118.209147277 -240.66176581382751 -30.096283800899982 24.502985954284668
118.229052906 -240.6610791683197 -30.09691322594881 24.47892665863037
118.249081447 -240.66005682945251 -30.097866900265217 24.442795753479004
118.269043169 -240.65938544273376 -30.098511584103107 24.418696403503418
118.289130162 -240.65837836265564 -30.099493868649006 24.38257884979248
118.309249834 -240.65776801109314 -30.100149996578693 24.358525276184082
118.329097192 -240.65683722496033 -30.10115707665682 24.32242488861084
118.349096496 -240.6562421321869 -30.10181701928377 24.298338890075684
118.369037689 -240.65540289878845 -30.10279358178377 24.262200355529785
118.389082447 -240.65482306480408 -30.10345733910799 24.238076210021973
118.409196436 -240.65409064292908 -30.10440719872713 24.20186710357666
118.42904712 -240.65360236167908 -30.105042345821857 24.17771816253662
118.44912839 -240.65288519859314 -30.105997927486897 24.14144802093506
118.469076517 -240.65244269371033 -30.106614001095295 24.117243766784668
118.489169352 -240.65175604820251 -30.107556231319904 24.080933570861816
118.509147078 -240.6513135433197 -30.108185656368732 24.0567045211792
118.529123376 -240.65059638023376 -30.109145052731037 24.020344734191895
118.549101175 -240.6501386165619 -30.109772570431232 23.996098518371582
118.569311274 -240.64946722984314 -30.110701449215412 23.95973491668701
118.58914754 -240.64902472496033 -30.111327059566975 23.935494422912598
118.609319046 -240.6484296321869 -30.1122120693326 23.899178504943848
118.629095905 -240.64803290367126 -30.112791903316975 23.874958992004395
118.649114671 -240.64743781089783 -30.113646395504475 23.838658332824707
118.669087948 -240.6470868587494 -30.11419189721346 23.81443691253662
118.68908438 -240.64656805992126 -30.115029223263264 23.778103828430176
118.709119307 -240.64624762535095 -30.11558235436678 23.75386333465576
118.729064462 -240.64578986167908 -30.11640251427889 23.717467308044434
118.749107241 -240.6454999446869 -30.116961367428303 23.693188667297363
118.768985839 -240.64516425132751 -30.11774528771639 23.656733512878418
118.789073451 -240.6448895931244 -30.118290789425373 23.632437705993652
118.809300253 -240.64456915855408 -30.119036562740803 23.595980644226074
118.829092973 -240.64437079429626 -30.119519121944904 23.57168674468994
118.849096637 -240.64408087730408 -30.120217211544514 23.53529453277588
118.86924841 -240.64392828941345 -30.120606310665607 23.51102352142334
118.889026912 -240.64368414878845 -30.121186144649982 23.474604606628418
118.909479194 -240.6435468196869 -30.12152946740389 23.450325965881348
118.929082855 -240.64336371421814 -30.122027285397053 23.41390323638916
118.949082137 -240.64322638511658 -30.12237060815096 23.38961696624756
118.968998707 -240.64311957359314 -30.12281883507967 23.353201866149902
118.989025267 -240.6430585384369 -30.12311065942049 23.32894802093506
119.009240886 -240.64299750328064 -30.123532183468342 23.292597770690918
119.029131007 -240.64302802085876 -30.12378204613924 23.268366813659668
119.049121791 -240.64299750328064 -30.12419594079256 23.23201274871826
119.069066823 -240.64304327964783 -30.124464876949787 23.207768440246582
119.089036094 -240.6430585384369 -30.124916918575764 23.171456336975098
119.110004122 -240.64307379722595 -30.125256426632404 23.14725399017334
119.130274238 -240.64308905601501 -30.125800020992756 23.110947608947754
119.15069865 -240.64308905601501 -30.126185305416584 23.086752891540527
119.170209168 -240.64310431480408 -30.12677276879549 23.050436973571777
119.190370863 -240.6431348323822 -30.127180941402912 23.026204109191895
119.210342143 -240.6431806087494 -30.12781608849764 22.98982334136963
119.230247673 -240.64328742027283 -30.12825859338045 22.965567588806152
119.250299108 -240.64344000816345 -30.12894333153963 22.929200172424316
119.270254617 -240.64356207847595 -30.129401095211506 22.904963493347168
119.290382648 -240.6437909603119 -30.13010299950838 22.86862277984619
119.310368989 -240.6439130306244 -30.13059128075838 22.844399452209473
119.330268988 -240.64414191246033 -30.13134277611971 22.80808925628662
119.350300467 -240.64429450035095 -30.13185776025057 22.78391170501709
119.371255945 -240.64458441734314 -30.13263214379549 22.747693061828613
119.391551474 -240.6447675228119 -30.13316047936678 22.723551750183105
119.411404538 -240.64505743980408 -30.133971102535725 22.68735408782959
119.431310014 -240.64528632164001 -30.134520418941975 22.66324520111084
119.451396823 -240.64559149742126 -30.135380633175373 22.62711238861084
119.47133934 -240.64578986167908 -30.135971911251545 22.603026390075684
119.491454095 -240.64607977867126 -30.136868365108967 22.566868782043457
119.511338923 -240.64624762535095 -30.137476809322834 22.542752265930176
119.532553132 -240.6465985774994 -30.138411410152912 22.506556510925293
119.552512714 -240.64682745933533 -30.139050371944904 22.482420921325684
119.572456714 -240.64717841148376 -30.140026934444904 22.446202278137207
119.592766266 -240.64739203453064 -30.140698321163654 22.422072410583496
119.612738534 -240.64772772789001 -30.141724474728107 22.38589382171631
119.63255907 -240.64797186851501 -30.142426379024982 22.361777305603027
119.652991938 -240.64832282066345 -30.143490679562092 22.325642585754395
119.672473627 -240.6485517024994 -30.144211657345295 22.301554679870605
119.693694864 -240.64888739585876 -30.145281679928303 22.26547908782959
119.712530637 -240.64907050132751 -30.14599121361971 22.241442680358887
119.732624653 -240.64929938316345 -30.147024996578693 22.205405235290527
119.752490805 -240.64943671226501 -30.14770019799471 22.18138027191162
119.772438002 -240.64957404136658 -30.14869201928377 22.145352363586426
119.792708975 -240.64963507652283 -30.149317629635334 22.121350288391113
119.812530286 -240.64969611167908 -30.15022362023592 22.08535099029541
119.832512915 -240.64968085289001 -30.150782473385334 22.061360359191895
119.8525139 -240.64961981773376 -30.15159309655428 22.02539348602295
119.872494405 -240.6495282649994 -30.152096636593342 22.001444816589355
119.892599861 -240.6493604183197 -30.152768023312092 21.965577125549316
119.91251081 -240.64920783042908 -30.15318764001131 21.941676139831543
119.932563357 -240.6489942073822 -30.153714068233967 21.90588665008545
119.95250973 -240.64881110191345 -30.154038317501545 21.882079124450684
119.972485438 -240.64849066734314 -30.154478915035725 21.846369743347168
119.992643133 -240.64829230308533 -30.15473259240389 21.822604179382324
120.012528714 -240.6479413509369 -30.155121691524982 21.78695011138916
120.032531263 -240.6476972103119 -30.155373461544514 21.763197898864746
120.052608628 -240.64726996421814 -30.155762560665607 21.72761058807373
120.072533744 -240.64694952964783 -30.1560295894742 21.70387554168701
120.09262647 -240.6464307308197 -30.15642250329256 21.66832447052002
120.112539361 -240.6460645198822 -30.156683810055256 21.644604682922363
120.132503343 -240.64543890953064 -30.157082445919514 21.60900592803955
120.152542804 -240.64498114585876 -30.157353289425373 21.585288047790527
120.172490204 -240.64426398277283 -30.157761462032795 21.549683570861816
120.193442856 -240.6437451839447 -30.158034212887287 21.525927543640137
120.212514663 -240.6429364681244 -30.158451922237873 21.490246772766113
120.232772994 -240.64238715171814 -30.15874183923006 21.466452598571777
120.252500609 -240.64153265953064 -30.159165270626545 21.43070888519287
120.27273061 -240.6409375667572 -30.159441836178303 21.406868934631348
120.292767733 -240.64006781578064 -30.159809954464436 21.37109661102295
120.31254096 -240.63945746421814 -30.160027392208576 21.34723949432373
120.332498697 -240.6385419368744 -30.160303957760334 21.311440467834473
120.352507796 -240.63790106773376 -30.16047752648592 21.287585258483887
120.372457165 -240.63693976402283 -30.160731203854084 21.251774787902832
120.392676967 -240.63625311851501 -30.16086471825838 21.227925300598145
120.412593608 -240.63521552085876 -30.161038286983967 21.19215488433838
120.432507894 -240.63449835777283 -30.16112793236971 21.168295860290527
120.452505327 -240.6334149837494 -30.161229021847248 21.132439613342285
120.472564545 -240.63269782066345 -30.1612843349576 21.10851764678955
120.492745863 -240.6315839290619 -30.16132438927889 21.072627067565918
120.51252914 -240.63083624839783 -30.16133201867342 21.04868793487549
120.532520309 -240.62972235679626 -30.16131103783846 21.012747764587402
120.5525158 -240.62900519371033 -30.161288149654865 20.98878765106201
120.572495544 -240.62793707847595 -30.161261446774006 20.952813148498535
120.592746771 -240.62725043296814 -30.161246187984943 20.928805351257324
120.612537865 -240.62625861167908 -30.161259539425373 20.89274501800537
120.632504386 -240.62561774253845 -30.16127670556307 20.86868381500244
120.652521062 -240.62467169761658 -30.16131866723299 20.8325777053833
120.672480064 -240.62406134605408 -30.16134537011385 20.808491706848145
120.694054186 -240.62320685386658 -30.16139305382967 20.772297859191895
120.713653266 -240.6226727962494 -30.161435015499592 20.748147010803223
120.73366498 -240.62192511558533 -30.161503680050373 20.71190357208252
120.753638305 -240.62148261070251 -30.161538012325764 20.68767261505127
120.773801475 -240.6208417415619 -30.16158951073885 20.6513090133667
120.793749023 -240.62046027183533 -30.161621935665607 20.62704372406006
120.81381734 -240.61992621421814 -30.161675341427326 20.590609550476074
120.83362629 -240.6195752620697 -30.161707766354084 20.566309928894043
120.85364037 -240.6191327571869 -30.16180694848299 20.52982807159424
120.873613528 -240.61885809898376 -30.161883242428303 20.505480766296387
120.893973454 -240.6184766292572 -30.1620167568326 20.468899726867676
120.913654269 -240.6182324886322 -30.162108309566975 20.44448757171631
120.933656453 -240.61789679527283 -30.16225326806307 20.407845497131348
120.953658185 -240.61769843101501 -30.162379153072834 20.38339138031006
120.973649585 -240.61743903160095 -30.162556536495686 20.346714973449707
120.993685251 -240.61728644371033 -30.16267479211092 20.32224750518799
121.013677507 -240.61710333824158 -30.16283119469881 20.285523414611816
121.033634912 -240.61698126792908 -30.16292465478182 20.261042594909668
121.053686378 -240.61684393882751 -30.16307533532381 20.22428607940674
121.07363545 -240.6167676448822 -30.163172610104084 20.19977855682373
121.093828734 -240.6166913509369 -30.163309939205647 20.16305446624756
121.113655951 -240.61667609214783 -30.163411028683186 20.138562202453613
121.13362396 -240.61666083335876 -30.163557894527912 20.10183620452881
121.153646519 -240.61667609214783 -30.163653261959553 20.077366828918457
121.173553357 -240.61670660972595 -30.16378677636385 20.04068088531494
121.193703598 -240.6167676448822 -30.163878329098225 20.016222953796387
121.213662606 -240.6168897151947 -30.164034731686115 19.979544639587402
121.233631194 -240.61698126792908 -30.164141543209553 19.955105781555176
121.25367658 -240.61719489097595 -30.16431701928377 19.91840648651123
121.273668458 -240.61734747886658 -30.164442904293537 19.89395236968994
121.293727348 -240.61760687828064 -30.164643175899982 19.857287406921387
121.314445011 -240.6177899837494 -30.16479004174471 19.832833290100098
121.333610168 -240.61807990074158 -30.165005572140217 19.796177864074707
121.353676881 -240.6182782649994 -30.16515053063631 19.771756172180176
121.373571849 -240.61858344078064 -30.165345080196857 19.735146522521973
121.393888024 -240.6187665462494 -30.165467150509357 19.7107515335083
121.413640403 -240.61902594566345 -30.16559685021639 19.674141883850098
121.433594451 -240.61919379234314 -30.1656788662076 19.649758338928223
121.45364839 -240.61939215660095 -30.165709383785725 19.61323833465576
121.473644324 -240.61951422691345 -30.165730364620686 19.58889865875244
121.493758919 -240.61968207359314 -30.165758974850178 19.552430152893066
121.513708009 -240.6197431087494 -30.16579330712557 19.528115272521973
121.533616353 -240.61983466148376 -30.16584289819002 19.491646766662598
121.55369417 -240.6198651790619 -30.165881045162678 19.467358589172363
121.573584181 -240.61989569664001 -30.165953524410725 19.430888175964355
121.593772913 -240.61989569664001 -30.166003115475178 19.406590461730957
121.613653291 -240.6198651790619 -30.166056521236897 19.370097160339355
121.633605674 -240.61983466148376 -30.16608703881502 19.34574794769287
121.653655256 -240.61977362632751 -30.166123278439045 19.309250831604004
121.673594851 -240.6196973323822 -30.166138537228107 19.284863471984863
121.693725348 -240.6196210384369 -30.166157610714436 19.248332023620605
121.713596131 -240.61952948570251 -30.166176684200764 19.223952293395996
121.733605304 -240.6193768978119 -30.16619385033846 19.187399864196777
121.753681731 -240.61928534507751 -30.16620720177889 19.163046836853027
121.7735919 -240.61914801597595 -30.16621483117342 19.126519203186035
121.793719426 -240.61904120445251 -30.166211016476154 19.102173805236816
121.814298848 -240.61893439292908 -30.166226275265217 19.065634727478027
121.833605615 -240.61887335777283 -30.166239626705647 19.041281700134277
121.853739319 -240.61881232261658 -30.166256792843342 19.00477123260498
121.87359834 -240.61879706382751 -30.166293032467365 18.980429649353027
121.893740124 -240.61878180503845 -30.166346438229084 18.943949699401855
121.913693731 -240.61878180503845 -30.16638458520174 18.91963481903076
121.933601675 -240.61879706382751 -30.16645134240389 18.883164405822754
121.953645917 -240.61881232261658 -30.166491396725178 18.858881950378418
121.973556868 -240.6188886165619 -30.166571505367756 18.822447776794434
121.993726632 -240.6189649105072 -30.166619189083576 18.798157691955566
122.013650937 -240.61911749839783 -30.166731722652912 18.761696815490723
122.033619701 -240.61922430992126 -30.166827090084553 18.73738956451416
122.053753849 -240.6193768978119 -30.166998751461506 18.70093822479248
122.073603289 -240.61946845054626 -30.167172320187092 18.67661762237549
122.093859193 -240.61960577964783 -30.16744125634432 18.64020824432373
122.113679184 -240.61966681480408 -30.167651064693928 18.61595058441162
122.133598875 -240.61972784996033 -30.168003924190998 18.579556465148926
122.153629473 -240.61977362632751 -30.1682423427701 18.555325508117676
122.17356411 -240.61978888511658 -30.168694384396076 18.518969535827637
122.193715571 -240.61980414390564 -30.168999560177326 18.494744300842285
122.213667222 -240.61983466148376 -30.1694630458951 18.45841693878174
122.233641743 -240.6198651790619 -30.169764406979084 18.434199333190918
122.253665546 -240.61991095542908 -30.17020881921053 18.397791862487793
122.273632556 -240.61991095542908 -30.17048729211092 18.373526573181152
122.293776331 -240.61992621421814 -30.170868761837482 18.337153434753418
122.314211902 -240.6199414730072 -30.171099551022053 18.312928199768066
122.333605688 -240.61997199058533 -30.17142380028963 18.27662754058838
122.354219734 -240.62000250816345 -30.171622164547443 18.252453804016113
122.373566677 -240.62007880210876 -30.171934969723225 18.21623706817627
122.394348622 -240.62013983726501 -30.172144778072834 18.192099571228027
122.413663212 -240.62024664878845 -30.172451861202717 18.155905723571777
122.4335847 -240.6203076839447 -30.172686465084553 18.13181209564209
122.453642308 -240.6204297542572 -30.173031695187092 18.095749855041504
122.473608822 -240.62049078941345 -30.17326057702303 18.07173252105713
122.493750411 -240.6205976009369 -30.17359436303377 18.035740852355957
122.513653478 -240.62064337730408 -30.173821337521076 18.011773109436035
122.533606444 -240.62070441246033 -30.174200899899006 17.975863456726074
122.55381906 -240.62076544761658 -30.174452669918537 17.951926231384277
122.574799267 -240.62078070640564 -30.174872286617756 17.916081428527832
122.594940679 -240.62081122398376 -30.175148852169514 17.892216682434082
122.614850856 -240.6208417415619 -30.17555893212557 17.856459617614746
122.634867893 -240.62085700035095 -30.175816424190998 17.832642555236816
122.654834086 -240.62093329429626 -30.176159746944904 17.796944618225098
122.674806698 -240.62100958824158 -30.17636764794588 17.773152351379395
122.69493288 -240.62113165855408 -30.176640398800373 17.737452507019043
122.71484898 -240.62122321128845 -30.176796801388264 17.71364116668701
122.734830683 -240.62137579917908 -30.176989443600178 17.67790699005127
122.754834895 -240.62151312828064 -30.177096255123615 17.654099464416504
122.774782993 -240.62171149253845 -30.177218325436115 17.618351936340332
122.794940901 -240.62186408042908 -30.1772698238492 17.594508171081543
122.814997628 -240.62210822105408 -30.17730987817049 17.558720588684082
122.834924113 -240.6222608089447 -30.177266009151936 17.5348482131958
122.854885252 -240.62252020835876 -30.177130587399006 17.499045372009277
122.874816992 -240.6226727962494 -30.176968462765217 17.475167274475098
122.895720866 -240.6229169368744 -30.17663849145174 17.439339637756348
122.914849953 -240.62306952476501 -30.176382906734943 17.415446281433105
122.935024974 -240.6232831478119 -30.175869829952717 17.379572868347168
122.954818 -240.62342047691345 -30.175476916134357 17.35562038421631
122.97486385 -240.62363409996033 -30.17480743676424 17.31968402862549
122.994959092 -240.62378668785095 -30.17426574975252 17.295722007751465
123.014842556 -240.6240155696869 -30.17345131188631 17.25977611541748
123.034896172 -240.62418341636658 -30.172810442745686 17.23580837249756
123.054865088 -240.6244580745697 -30.17180908471346 17.19983196258545
123.074834956 -240.62464118003845 -30.17109192162752 17.1758451461792
123.094972497 -240.62493109703064 -30.16997230798006 17.139803886413574
123.114855969 -240.62514472007751 -30.169209368526936 17.115757942199707
123.134866065 -240.62546515464783 -30.168030627071857 17.079649925231934
123.15486751 -240.62566351890564 -30.16723144799471 17.055588722229004
123.174808362 -240.6259686946869 -30.166012652218342 17.019492149353027
123.194966078 -240.6260907649994 -30.16518295556307 16.9954195022583
123.214859595 -240.62627387046814 -30.16395080834627 16.959303855895996
123.234826808 -240.62635016441345 -30.163145907223225 16.93520450592041
123.254832162 -240.62639594078064 -30.161967165768147 16.899033546447754
123.274834529 -240.62642645835876 -30.16118896752596 16.87490940093994
123.295030593 -240.6264111995697 -30.16007126122713 16.838692665100098
123.314843936 -240.62639594078064 -30.159342654049397 16.814539909362793
123.334841591 -240.6262891292572 -30.15832031518221 16.77827739715576
123.354838698 -240.6262128353119 -30.157671816647053 16.75412082672119
123.374838135 -240.6260907649994 -30.15675438195467 16.717873573303223
123.395771864 -240.62601447105408 -30.156174547970295 16.69370937347412
123.414839885 -240.62590765953064 -30.155321963131428 16.657477378845215
123.43502469 -240.62583136558533 -30.15478027611971 16.63331699371338
123.454834201 -240.62570929527283 -30.154003985226154 16.597092628479004
123.47500129 -240.62563300132751 -30.153496630489826 16.572941780090332
123.495012622 -240.62552618980408 -30.152832873165607 16.53665256500244
123.514944359 -240.62546515464783 -30.152418978512287 16.512444496154785
123.534855531 -240.62540411949158 -30.151835329830647 16.47611713409424
123.554830946 -240.62537360191345 -30.151459582149982 16.451899528503418
123.574775608 -240.62532782554626 -30.15092170983553 16.415575981140137
123.595015437 -240.6253125667572 -30.150633700191975 16.39136028289795
123.614861233 -240.62529730796814 -30.150219805538654 16.355050086975098
123.634843879 -240.62529730796814 -30.14997185021639 16.33084011077881
123.654824601 -240.62529730796814 -30.14962089806795 16.294543266296387
123.674853063 -240.62529730796814 -30.14939010888338 16.270346641540527
123.69492599 -240.6252362728119 -30.149113543331623 16.234034538269043
123.714881724 -240.62517523765564 -30.148939974606037 16.209837913513184
123.734821963 -240.6250684261322 -30.148701556026936 16.17356777191162
123.754820524 -240.6249463558197 -30.14855469018221 16.149386405944824
123.774788274 -240.62476325035095 -30.148329623043537 16.11311626434326
123.794953221 -240.6246259212494 -30.148186571896076 16.088936805725098
123.814895688 -240.62444281578064 -30.14798630028963 16.052672386169434
123.834826385 -240.62432074546814 -30.147875674068928 16.028489112854004
123.85483771 -240.62412238121033 -30.147772677242756 15.992218971252441
123.874854257 -240.62400031089783 -30.147719271481037 15.968035697937012
123.894980485 -240.62378668785095 -30.147751696407795 15.931700706481934
123.914859004 -240.6236493587494 -30.14781654626131 15.907456398010254
123.935374808 -240.62349677085876 -30.147976763546467 15.871071815490723
123.954850624 -240.62338995933533 -30.14814270287752 15.846758842468262
123.974918947 -240.62326788902283 -30.14839256554842 15.810280799865723
123.994914836 -240.62320685386658 -30.148587115108967 15.785948753356934
124.014948908 -240.62314581871033 -30.148892290890217 15.749436378479004
124.034811574 -240.6231153011322 -30.149088747799397 15.72509479522705
124.05492832 -240.62308478355408 -30.14942253381014 15.688555717468262
124.074845229 -240.62308478355408 -30.149624712765217 15.664216041564941
124.09495323 -240.6231153011322 -30.149933703243732 15.627701759338379
124.11486262 -240.62317633628845 -30.15012825280428 15.603363990783691
124.134860675 -240.62329840660095 -30.15040100365877 15.566874504089355
124.154846544 -240.62342047691345 -30.150599367916584 15.542561531066895
124.174815096 -240.62361884117126 -30.15088165551424 15.50611400604248
124.194923328 -240.62378668785095 -30.151074297726154 15.48183536529541
124.214904243 -240.62407660484314 -30.151366122066975 15.445446968078613
124.23491007 -240.62430548667908 -30.151543505489826 15.4212007522583
124.254878085 -240.62467169761658 -30.151791460812092 15.384879112243652
124.274825982 -240.62496161460876 -30.151955492794514 15.360672950744629
124.29496515 -240.6254346370697 -30.152195818722248 15.324389457702637
124.314916143 -240.62575507164001 -30.1523732021451 15.300217628479004
124.334810604 -240.62625861167908 -30.15259636193514 15.263976097106934
124.354838157 -240.6265790462494 -30.15276611596346 15.239819526672363
124.374775348 -240.62709784507751 -30.152987368404865 15.203600883483887
124.394984165 -240.6274335384369 -30.15311897546053 15.179478645324707
124.415099783 -240.62795233726501 -30.153300173580647 15.143336296081543
124.434886419 -240.62830328941345 -30.153401263058186 15.119250297546387
124.454864555 -240.62882208824158 -30.153490908443928 15.083178520202637
124.474969504 -240.62918829917908 -30.153521426022053 15.059151649475098
124.494932828 -240.6297528743744 -30.15352714806795 15.023144721984863
124.515040932 -240.6301190853119 -30.153500445187092 14.999188423156738
124.53481431 -240.63069891929626 -30.15340507775545 14.963263511657715
124.554831012 -240.63108038902283 -30.153294451534748 14.939360618591309
124.574765412 -240.63162970542908 -30.153067477047443 14.903523445129395
124.594919713 -240.63199591636658 -30.152890093624592 14.879616737365723
124.614881601 -240.63252997398376 -30.15257728844881 14.843741416931152
124.634817212 -240.6328809261322 -30.152350313961506 14.819823265075684
124.654860332 -240.63338446617126 -30.15194023400545 14.784028053283691
124.674829807 -240.63372015953064 -30.15163315087557 14.760180473327637
124.694932455 -240.6342694759369 -30.15113342553377 14.7244291305542
124.714989968 -240.63466620445251 -30.1507805660367 14.700638771057129
124.734818473 -240.63526129722595 -30.15023124963045 14.664946556091309
124.754841358 -240.63567328453064 -30.149847872555256 14.64110279083252
124.774782525 -240.6362988948822 -30.14927376061678 14.605360984802246
124.794921727 -240.63672614097595 -30.14888847619295 14.581530570983887
124.814927306 -240.6373212337494 -30.14829719811678 14.545767784118652
124.83485196 -240.63771796226501 -30.14789665490389 14.52192211151123
124.854842697 -240.63831305503845 -30.14728630334139 14.486176490783691
124.874829625 -240.63869452476501 -30.146864779293537 14.462334632873535
124.89492779 -240.63924384117126 -30.146214373409748 14.42653751373291
124.914887218 -240.63954901695251 -30.145764239132404 14.4026517868042
124.934847813 -240.64002203941345 -30.14506233483553 14.366806983947754
124.954833868 -240.64031195640564 -30.1445607021451 14.342915534973145
124.974871656 -240.6407392024994 -30.14376724511385 14.307034492492676
124.994928498 -240.64102911949158 -30.143227465450764 14.28310489654541
125.01516178 -240.64139533042908 -30.142340548336506 14.247191429138184
125.034886588 -240.64163947105408 -30.14172638207674 14.22322940826416
125.055001995 -240.64199042320251 -30.140780337154865 14.187260627746582
125.074832928 -240.6422040462494 -30.14008606225252 14.163252830505371
125.094932174 -240.64253973960876 -30.139035113155842 14.12723445892334
125.114953808 -240.64275336265564 -30.138312228024006 14.103203773498535
125.134829432 -240.6430585384369 -30.137251742184162 14.067156791687012
125.154885023 -240.6432569026947 -30.13655937463045 14.043143272399902
125.174762556 -240.6435468196869 -30.135563738644123 14.007115364074707
125.194901115 -240.64372992515564 -30.134919054806232 13.983105659484863
125.214956779 -240.6439893245697 -30.133950121700764 13.947113990783691
125.234826467 -240.64417243003845 -30.133305437862873 13.923117637634277
125.254936054 -240.64446234703064 -30.13234604150057 13.887124061584473
125.274846781 -240.64466071128845 -30.131710894405842 13.863129615783691
125.2948571 -240.64499640464783 -30.130782015621662 13.827115058898926
125.314952412 -240.64522528648376 -30.13018310815096 13.80309772491455
125.334822246 -240.64556097984314 -30.129332430660725 13.767067909240723
125.3548728 -240.64578986167908 -30.12877929955721 13.743023872375488
125.374769337 -240.64607977867126 -30.128016360104084 13.706961631774902
125.394880862 -240.64629340171814 -30.127514727413654 13.682908058166504
125.414859284 -240.64662909507751 -30.12682045251131 13.646815299987793
125.434858992 -240.64685797691345 -30.12639320641756 13.622754096984863
125.45489331 -240.64719367027283 -30.12580383569002 13.586674690246582
125.475131811 -240.64743781089783 -30.125458605587482 13.562649726867676
125.494851282 -240.64780402183533 -30.12496841698885 13.526633262634277
125.516259073 -240.64804816246033 -30.124674685299397 13.50263500213623
125.536179032 -240.64844489097595 -30.124268420040607 13.466645240783691
125.556899365 -240.64873480796814 -30.124010927975178 13.442645072937012
125.576124983 -240.6491620540619 -30.123696215450764 13.40660572052002
125.596484454 -240.64945197105408 -30.123509295284748 13.382584571838379
125.616203048 -240.64990973472595 -30.123274691402912 13.34656047821045
125.636147273 -240.6502149105072 -30.123165972530842 13.322521209716797
125.656228289 -240.65067267417908 -30.123003847897053 13.286433219909668
125.676161206 -240.65100836753845 -30.122944720089436 13.262377738952637
125.696366787 -240.65151190757751 -30.12288559228182 13.226293563842773
125.716211852 -240.65187811851501 -30.122881777584553 13.202239036560059
125.736162674 -240.6524579524994 -30.12294090539217 13.16616153717041
125.756284561 -240.65285468101501 -30.123003847897053 13.142105102539062
125.776135218 -240.65348029136658 -30.12319076806307 13.106034278869629
125.796312797 -240.65389227867126 -30.12332809716463 13.082005500793457
125.816253842 -240.6545331478119 -30.123555071651936 13.045988082885742
125.836146413 -240.65494513511658 -30.12373436242342 13.021987915039062
125.856246066 -240.6555860042572 -30.12401283532381 12.986000061035156
125.876147497 -240.65601325035095 -30.124211199581623 12.96202278137207
125.896380016 -240.65666937828064 -30.124525912106037 12.926071166992188
125.916270661 -240.6570966243744 -30.124735720455647 12.902106285095215
125.9361874 -240.65772223472595 -30.12507713586092 12.866183280944824
125.956223251 -240.65813422203064 -30.125311739742756 12.842283248901367
125.976114237 -240.65871405601501 -30.12570083886385 12.806472778320312
125.99628858 -240.65911078453064 -30.125950701534748 12.782611846923828
126.017079808 -240.65969061851501 -30.126316912472248 12.746837615966797
126.036184001 -240.66008734703064 -30.126564867794514 12.723018646240234
126.056634136 -240.66069769859314 -30.12692154198885 12.687310218811035
126.076185055 -240.66110968589783 -30.127154238522053 12.663512229919434
126.09679168 -240.6617352962494 -30.12749756127596 12.627820014953613
126.116222045 -240.66216254234314 -30.12772262841463 12.604019165039062
126.136323829 -240.6628339290619 -30.128052599728107 12.568351745605469
126.156222674 -240.66329169273376 -30.128260500729084 12.544571876525879
126.176131369 -240.66397833824158 -30.12856186181307 12.508896827697754
126.196297964 -240.66445136070251 -30.128727801144123 12.485102653503418
126.216173628 -240.66518378257751 -30.12892807275057 12.449394226074219
126.236191264 -240.66570258140564 -30.129029162228107 12.425602912902832
126.25624309 -240.6664960384369 -30.129176028072834 12.389978408813477
126.276168716 -240.66701483726501 -30.129269488155842 12.36623764038086
126.296280413 -240.6677930355072 -30.129408724606037 12.330666542053223
126.317155516 -240.66831183433533 -30.12949836999178 12.306955337524414
126.359262922 -240.66910529136658 -30.129603274166584 12.271430015563965
126.379042526 -240.66963934898376 -30.129656679928303 12.247697830200195
126.399255601 -240.67044806480408 -30.12971580773592 12.212102890014648
126.418910898 -240.67099738121033 -30.129767306149006 12.188392639160156
126.438959084 -240.67183661460876 -30.129847414791584 12.15280818939209
126.45890975 -240.67240118980408 -30.129908449947834 12.129070281982422
126.479022209 -240.67325568199158 -30.130001910030842 12.09348201751709
126.498988494 -240.67383551597595 -30.13006103783846 12.069746971130371
126.518937812 -240.67470526695251 -30.130154497921467 12.034124374389648
126.538895045 -240.6752851009369 -30.13021744042635 12.01036262512207
126.573027699 -240.67617011070251 -30.130261309444904 11.97470760345459
126.600818495 -240.67678046226501 -30.130289919674397 11.950934410095215
126.620745646 -240.67769598960876 -30.13032615929842 11.915260314941406
126.640771572 -240.67830634117126 -30.130364306271076 11.891477584838867
126.660778507 -240.67920660972595 -30.130417712032795 11.855786323547363
126.680862524 -240.6798017024994 -30.130450136959553 11.831981658935547
126.700801071 -240.6807324886322 -30.130507357418537 11.796277046203613
126.720879273 -240.6813428401947 -30.130547411739826 11.77246379852295
126.740767864 -240.68227362632751 -30.130602724850178 11.736741065979004
126.760856344 -240.68288397789001 -30.130633242428303 11.71291732788086
126.781062055 -240.68381476402283 -30.13067901879549 11.67715072631836
126.800814897 -240.68442511558533 -30.13069999963045 11.653302192687988
126.820733655 -240.68535590171814 -30.130715258419514 11.61752700805664
126.840772219 -240.6859815120697 -30.130715258419514 11.593673706054688
126.860779155 -240.68691229820251 -30.130675204098225 11.557884216308594
126.880895012 -240.68750739097595 -30.130600817501545 11.533995628356934
126.900787346 -240.68839240074158 -30.130406267940998 11.498045921325684
126.920741139 -240.6889569759369 -30.13025749474764 11.474065780639648
126.940787731 -240.68978095054626 -30.129944689571857 11.43802261352539
126.960767012 -240.69033026695251 -30.12971580773592 11.413972854614258
126.980928413 -240.69113898277283 -30.12934959679842 11.377898216247559
127.000809457 -240.69165778160095 -30.129059679806232 11.35384464263916
127.020699685 -240.69240546226501 -30.128628619015217 11.317768096923828
127.040769454 -240.69289374351501 -30.12829101830721 11.293708801269531
127.060785934 -240.69358038902283 -30.127774126827717 11.257622718811035
127.080857294 -240.6940381526947 -30.12740982323885 11.233551025390625
127.101224716 -240.69467902183533 -30.12683380395174 11.197362899780273
127.120765687 -240.69509100914001 -30.126444704830647 11.173233985900879
127.140782821 -240.69564032554626 -30.125792391598225 11.137007713317871
127.160762021 -240.69596076011658 -30.125325091183186 11.112852096557617
127.180996638 -240.69637274742126 -30.124577410519123 11.07662296295166
127.200841747 -240.69657111167908 -30.124030001461506 11.052453994750977
127.220807111 -240.69686102867126 -30.123207934200764 11.016202926635742
127.240784816 -240.6970136165619 -30.122647173702717 10.992019653320312
127.260889352 -240.69722723960876 -30.121806032955647 10.955729484558105
127.280890301 -240.69734930992126 -30.121254809200764 10.931544303894043
127.300996912 -240.69756293296814 -30.120402224361897 10.895313262939453
127.320814869 -240.69768500328064 -30.11983574181795 10.871166229248047
127.340768006 -240.69791388511658 -30.11894691735506 10.834912300109863
127.360788316 -240.6980664730072 -30.118353731930256 10.81074047088623
127.38085943 -240.69828009605408 -30.117466814815998 10.774497032165527
127.400906549 -240.69841742515564 -30.11689270287752 10.750372886657715
127.420718807 -240.69861578941345 -30.11604393273592 10.714186668395996
127.440844839 -240.69873785972595 -30.115477450191975 10.690074920654297
127.460777979 -240.69890570640564 -30.114594347774982 10.653919219970703
127.480839554 -240.69901251792908 -30.114014513790607 10.629812240600586
127.500831222 -240.69914984703064 -30.113097079098225 10.593605995178223
127.520794586 -240.69924139976501 -30.112492449581623 10.569479942321777
127.540792209 -240.69934821128845 -30.111605532467365 10.533285140991211
127.560765347 -240.69942450523376 -30.11100471764803 10.509172439575195
127.580839246 -240.69954657554626 -30.110094912350178 10.47303581237793
127.60089049 -240.69963812828064 -30.109454043209553 10.448963165283203
127.620688267 -240.69979071617126 -30.108504183590412 10.412879943847656
127.640734477 -240.69991278648376 -30.107849963009357 10.388859748840332
127.660782081 -240.70012640953064 -30.106844790279865 10.352851867675781
127.680884369 -240.70027899742126 -30.106186755001545 10.328848838806152
127.700873158 -240.70056891441345 -30.105149157345295 10.29280948638916
127.720922055 -240.70076727867126 -30.10446060448885 10.268782615661621
127.740746328 -240.7011182308197 -30.103438265621662 10.232715606689453
127.760900226 -240.70137763023376 -30.10277260094881 10.20864486694336
127.780875803 -240.7017743587494 -30.101803667843342 10.17253303527832
127.800891317 -240.70203375816345 -30.101166613399982 10.148449897766113
127.820723926 -240.70241522789001 -30.1002491787076 10.112321853637695
127.840786356 -240.70265936851501 -30.099654085934162 10.088234901428223
127.860817542 -240.7029950618744 -30.098759539425373 10.052088737487793
127.880888057 -240.7031934261322 -30.098177798092365 10.027983665466309
127.900890016 -240.70346808433533 -30.097315676510334 9.991772651672363
127.920755456 -240.70365118980408 -30.09675110131502 9.96763801574707
127.940755023 -240.70389533042908 -30.095919497311115 9.931441307067871
127.960765863 -240.7040479183197 -30.095375902950764 9.907325744628906
127.980869042 -240.70424628257751 -30.094590075314045 9.871153831481934
128.000850431 -240.70438361167908 -30.09406555444002 9.847064018249512
128.020706253 -240.70455145835876 -30.093281634151936 9.81091022491455
128.040746049 -240.70464301109314 -30.09278381615877 9.7868070602417
128.060754101 -240.70474982261658 -30.092013247311115 9.750615119934082
128.080871498 -240.70479559898376 -30.091538317501545 9.726493835449219
128.100923965 -240.70484137535095 -30.090773470699787 9.690293312072754
128.120744286 -240.70485663414001 -30.090268023312092 9.666135787963867
128.140761573 -240.70487189292908 -30.089516527950764 9.629868507385254
128.160761739 -240.7048261165619 -30.08897102624178 9.605616569519043
128.1808654 -240.70476508140564 -30.088189013302326 9.569221496582031
128.20111466 -240.70473456382751 -30.087672121822834 9.544910430908203
128.22182756 -240.70467352867126 -30.086880572140217 9.508416175842285
128.241848014 -240.70462775230408 -30.086369402706623 9.484092712402344
128.261911376 -240.7045819759369 -30.08556640893221 9.447529792785645
128.282032031 -240.70452094078064 -30.085049517452717 9.423129081726074
128.302421095 -240.7044141292572 -30.084301836788654 9.386475563049316
128.321856595 -240.70435309410095 -30.083805926144123 9.361964225769043
128.342023397 -240.70423102378845 -30.083126910030842 9.325264930725098
128.361849515 -240.70412421226501 -30.082680590450764 9.30075454711914
128.382010367 -240.7039716243744 -30.082056887447834 9.26401138305664
128.402560506 -240.70386481285095 -30.081656344234943 9.23950481414795
128.421805251 -240.7036817073822 -30.081087954342365 9.2027587890625
128.441919358 -240.70354437828064 -30.080742724239826 9.178288459777832
128.461866897 -240.70330023765564 -30.080225832760334 9.141594886779785
128.481994836 -240.7031171321869 -30.079907305538654 9.117140769958496
128.501918453 -240.70281195640564 -30.079474337399006 9.080485343933105
128.521817589 -240.70255255699158 -30.079190142452717 9.056057929992676
128.54188618 -240.70215582847595 -30.07880676537752 9.019481658935547
128.561850916 -240.7018506526947 -30.07856071740389 8.995128631591797
128.582297174 -240.7013623714447 -30.078213579952717 8.95862865447998
128.601898053 -240.70102667808533 -30.07801330834627 8.93431568145752
128.621808541 -240.70047736167908 -30.077723391354084 8.897872924804688
128.641843349 -240.70009589195251 -30.077555544674397 8.873600959777832
128.66189193 -240.6994550228119 -30.07728088647127 8.837185859680176
128.682027684 -240.6990430355072 -30.07711685448885 8.812920570373535
128.701933543 -240.69838690757751 -30.076901324093342 8.776542663574219
128.721802942 -240.6979444026947 -30.076762087643147 8.752284049987793
128.741871697 -240.69730353355408 -30.076599963009357 8.715916633605957
128.761884247 -240.6968915462494 -30.07650078088045 8.691667556762695
128.782013346 -240.69631171226501 -30.076382525265217 8.655275344848633
128.802467271 -240.69596076011658 -30.07633102685213 8.63105297088623
128.82178325 -240.69541144371033 -30.076332934200764 8.594666481018066
128.841937432 -240.69504523277283 -30.076359637081623 8.57040023803711
128.861837726 -240.69449591636658 -30.07643783837557 8.533991813659668
128.882305587 -240.69411444664001 -30.07650650292635 8.509710311889648
128.901937311 -240.69356513023376 -30.076624758541584 8.473264694213867
128.921819662 -240.6931836605072 -30.07671631127596 8.448955535888672
128.941896386 -240.69263434410095 -30.076895602047443 8.41249942779541
128.961896443 -240.69229865074158 -30.07703483849764 8.388191223144531
128.984287487 -240.69181036949158 -30.07726562768221 8.35171890258789
129.003182088 -240.69148993492126 -30.077441103756428 8.327418327331543
129.0231353 -240.6911084651947 -30.077694781124592 8.29091739654541
129.043121782 -240.69089484214783 -30.07787025719881 8.266557693481445
129.063228178 -240.69060492515564 -30.078144915401936 8.229984283447266
129.083273242 -240.6904981136322 -30.078322298824787 8.205595970153809
129.103157504 -240.69033026695251 -30.078617937862873 8.16901969909668
129.123132014 -240.6902539730072 -30.078822024166584 8.144631385803223
129.143134974 -240.6901776790619 -30.07914436608553 8.108073234558105
129.163270274 -240.69014716148376 -30.079357989132404 8.08370304107666
129.18336487 -240.6901319026947 -30.079703219234943 8.04716968536377
129.203177532 -240.6901319026947 -30.079949267208576 8.022857666015625
129.2231425 -240.69016242027283 -30.080366976559162 7.986419677734375
129.243135953 -240.69019293785095 -30.080666430294514 7.962161064147949
129.263177713 -240.6902539730072 -30.081150896847248 7.925819396972656
129.283358956 -240.6902997493744 -30.081496126949787 7.901605606079102
129.303203418 -240.69039130210876 -30.08203399926424 7.865303993225098
129.323140719 -240.69043707847595 -30.082390673458576 7.84110164642334
129.343146579 -240.6905438899994 -30.082951433956623 7.8048095703125
129.363218989 -240.69060492515564 -30.083338625729084 7.78062629699707
129.38413043 -240.69072699546814 -30.08393944054842 7.744342803955078
129.4031885 -240.69080328941345 -30.084351427853107 7.720156669616699
129.4232568 -240.69092535972595 -30.084957964718342 7.683855056762695
129.443180942 -240.69101691246033 -30.085368044674397 7.6596174240112305
129.463239649 -240.69116950035095 -30.085984118282795 7.623213768005371
129.484862147 -240.69129157066345 -30.08635986596346 7.598910331726074
129.504717377 -240.69148993492126 -30.08693016320467 7.562517166137695
129.52463739 -240.69162726402283 -30.0873040035367 7.538246154785156
129.544670609 -240.6918408870697 -30.087847597897053 7.501801490783691
129.565872853 -240.69199347496033 -30.08821190148592 7.477502822875977
129.586153112 -240.6922070980072 -30.088717348873615 7.441006660461426
129.605748819 -240.69235968589783 -30.089043505489826 7.416626930236816
129.625632303 -240.69255805015564 -30.089512713253498 7.380040168762207
129.64574152 -240.69266486167908 -30.089802630245686 7.355607986450195
129.665827196 -240.69280219078064 -30.090256579220295 7.318997383117676
129.685766252 -240.69284796714783 -30.090535052120686 7.2945756912231445
129.705745248 -240.69292426109314 -30.090960390865803 7.257988929748535
129.725704976 -240.6929395198822 -30.09124267846346 7.233588218688965
129.745718654 -240.6929852962494 -30.091662295162678 7.196965217590332
129.7658726 -240.69300055503845 -30.091944582760334 7.172554969787598
129.786275461 -240.69304633140564 -30.092303164303303 7.135918617248535
129.805966309 -240.69307684898376 -30.092526324093342 7.111513137817383
129.825686305 -240.69313788414001 -30.09284294396639 7.07491397857666
129.845722252 -240.6931836605072 -30.093016512691975 7.050507545471191
129.86583324 -240.69327521324158 -30.093266375362873 7.013934135437012
129.885820833 -240.6933515071869 -30.093401797115803 6.989548683166504
129.905740672 -240.69348883628845 -30.093544848263264 6.952951431274414
129.925682238 -240.69356513023376 -30.09363067895174 6.928562164306641
129.945720427 -240.6937177181244 -30.09371078759432 6.891988754272461
129.965864916 -240.69380927085876 -30.093754656612873 6.867622375488281
129.985872188 -240.69394659996033 -30.093762286007404 6.831076622009277
130.006246263 -240.6940381526947 -30.09376610070467 6.806728363037109
130.025641967 -240.69414496421814 -30.093762286007404 6.770237922668457
130.045817117 -240.69422125816345 -30.09373939782381 6.745911598205566
130.065901289 -240.6943280696869 -30.093720324337482 6.709433555603027
130.085784794 -240.6944043636322 -30.093708880245686 6.685126304626465
130.105830885 -240.69451117515564 -30.09368408471346 6.648686408996582
130.125661544 -240.69458746910095 -30.093672640621662 6.6244096755981445
130.145707168 -240.69472479820251 -30.093668825924397 6.588052749633789
130.165859794 -240.69483160972595 -30.09367073327303 6.563844680786133
130.185798611 -240.69498419761658 -30.09367836266756 6.527573585510254
130.205743232 -240.69510626792908 -30.09371078759432 6.503409385681152
130.225644617 -240.69531989097595 -30.093794710934162 6.467182159423828
130.245734521 -240.69545722007751 -30.093863375484943 6.442996978759766
130.265754245 -240.69565558433533 -30.09397018700838 6.406706809997559
130.285775113 -240.6957929134369 -30.094038851559162 6.382505416870117
130.305787483 -240.69597601890564 -30.094115145504475 6.346199989318848
130.325673828 -240.69608283042908 -30.094164736568928 6.3220014572143555
130.346868885 -240.6962354183197 -30.094208605587482 6.2856550216674805
130.367022335 -240.69631171226501 -30.094229586422443 6.261421203613281
130.386965823 -240.69641852378845 -30.094244845211506 6.225067138671875
130.406893671 -240.69644904136658 -30.09422767907381 6.200838088989258
130.426831682 -240.6964795589447 -30.094210512936115 6.1645002365112305
130.446865283 -240.69646430015564 -30.094189532101154 6.140268325805664
130.466894587 -240.69638800621033 -30.094155199825764 6.103935241699219
130.486979307 -240.69629645347595 -30.094115145504475 6.079705238342285
130.507347607 -240.69606757164001 -30.094019778072834 6.04339599609375
130.526824986 -240.69588446617126 -30.09395492821932 6.019198417663574
130.547188323 -240.69548773765564 -30.093756563961506 5.982891082763672
130.56696494 -240.69519782066345 -30.093626864254475 5.958691596984863
130.587036086 -240.69470953941345 -30.09343422204256 5.922406196594238
130.606932704 -240.69434332847595 -30.093274004757404 5.898261070251465
130.626828347 -240.69377875328064 -30.0930470302701 5.862061500549316
130.646856578 -240.69338202476501 -30.092879183590412 5.837943077087402
130.667005363 -240.69277167320251 -30.09259308129549 5.801753044128418
130.686948154 -240.6923749446869 -30.092404253780842 5.777627944946289
130.706883664 -240.69174933433533 -30.09206283837557 5.741450309753418
130.726850884 -240.69133734703064 -30.09186065942049 5.717342376708984
130.746835785 -240.69069647789001 -30.091519244015217 5.6811628341674805
130.767018565 -240.69028449058533 -30.09130371361971 5.657037734985352
130.786931699 -240.68965888023376 -30.09099853783846 5.620849609375
130.806912402 -240.6892774105072 -30.090786822140217 5.596745491027832
130.826814195 -240.68872809410095 -30.090494997799397 5.560593605041504
130.846892199 -240.6884229183197 -30.090315707027912 5.536489486694336
130.866956996 -240.68801093101501 -30.090065844357014 5.500335693359375
130.886947553 -240.68776679039001 -30.089918978512287 5.476239204406738
130.906926434 -240.68755316734314 -30.089701540768147 5.440147399902344
130.926827399 -240.68746161460876 -30.089569933712482 5.416082382202148
130.946852461 -240.68738532066345 -30.089390642940998 5.379961013793945
130.966953173 -240.68738532066345 -30.08927620202303 5.3558807373046875
130.987004905 -240.68740057945251 -30.089138872921467 5.31976842880249
131.006880932 -240.68741583824158 -30.089047320187092 5.295705318450928
131.026874255 -240.68746161460876 -30.088915713131428 5.259613990783691
131.047172265 -240.68752264976501 -30.088818438351154 5.23557710647583
131.066973411 -240.68762946128845 -30.088688738644123 5.19956636428833
131.087351748 -240.68770575523376 -30.088616259396076 5.175562858581543
131.107000793 -240.68787360191345 -30.088532336056232 5.1396026611328125
131.126833288 -240.68801093101501 -30.08851135522127 5.115628719329834
131.146876356 -240.6882245540619 -30.08852279931307 5.0796356201171875
131.166958532 -240.68837714195251 -30.088581927120686 5.055642604827881
131.186946236 -240.68862128257751 -30.088723070919514 5.019657135009766
131.206883699 -240.6887891292572 -30.08886230736971 4.99567174911499
131.226824129 -240.68906378746033 -30.089171297848225 4.959697723388672
131.246867042 -240.68924689292908 -30.089415438473225 4.935739517211914
131.266936483 -240.68955206871033 -30.089878924190998 4.8998332023620605
131.286961688 -240.68978095054626 -30.09022033959627 4.875893592834473
131.3069796 -240.6901776790619 -30.090872652828693 4.839992523193359
131.326870649 -240.69046759605408 -30.091357119381428 4.81606388092041
131.346868758 -240.69094061851501 -30.092146761715412 4.7801737785339355
131.366941947 -240.6912763118744 -30.092732317745686 4.756262302398682
131.386960958 -240.69177985191345 -30.09362304955721 4.720394134521484
131.406906144 -240.6921308040619 -30.094242937862873 4.696483612060547
131.426868538 -240.69263434410095 -30.095187075436115 4.660643100738525
131.446864644 -240.69295477867126 -30.09582031518221 4.636751174926758
131.466882704 -240.69338202476501 -30.09678352624178 4.600942134857178
131.486929213 -240.69364142417908 -30.097418673336506 4.577090263366699
131.506889197 -240.69397711753845 -30.098355181515217 4.541313648223877
131.526840563 -240.69419074058533 -30.09898079186678 4.517472743988037
131.546890326 -240.69446539878845 -30.09992302209139 4.4817304611206055
131.567106777 -240.6946485042572 -30.100516207516193 4.457921028137207
131.587889655 -240.69490790367126 -30.101393587887287 4.422206401824951
131.606902032 -240.69507575035095 -30.101963885128498 4.398416519165039
131.627049861 -240.6953046321869 -30.10279167443514 4.362715244293213
131.64689053 -240.69545722007751 -30.103331454098225 4.338901042938232
131.666994832 -240.69565558433533 -30.104084856808186 4.303176403045654
131.688449578 -240.69577765464783 -30.10455597192049 4.279356002807617
131.708400187 -240.69593024253845 -30.105217821896076 4.243619441986084
131.728374305 -240.69600653648376 -30.105597384274006 4.219790458679199
131.748396124 -240.69609808921814 -30.106154330074787 4.184028625488281
131.768536436 -240.69612860679626 -30.106503374874592 4.1601715087890625
131.788449348 -240.69617438316345 -30.10701645165682 4.124361515045166
131.808447217 -240.69617438316345 -30.107338793575764 4.100456237792969
131.828365308 -240.69617438316345 -30.107848055660725 4.064554691314697
131.848409162 -240.69618964195251 -30.108189471065998 4.040611267089844
131.869479131 -240.69618964195251 -30.108744509518147 4.004659652709961
131.889483163 -240.69620490074158 -30.109127886593342 3.980678081512451
131.909492007 -240.69620490074158 -30.109724886715412 3.944610595703125
131.930553666 -240.69622015953064 -30.11015785485506 3.9205594062805176
131.950691813 -240.69622015953064 -30.11082161217928 3.884481906890869
131.970722522 -240.6962354183197 -30.111292727291584 3.8604416847229004
131.99061036 -240.69626593589783 -30.11201561242342 3.8244104385375977
132.010574774 -240.6962811946869 -30.11249817162752 3.8003954887390137
132.030503875 -240.69632697105408 -30.113217242062092 3.7643895149230957
132.050645605 -240.6963574886322 -30.113686449825764 3.7403769493103027
132.070686978 -240.69643378257751 -30.114411242306232 3.704397678375244
132.09062594 -240.69646430015564 -30.114893801510334 3.680415630340576
132.110805237 -240.69651007652283 -30.115626223385334 3.6444616317749023
132.130532932 -240.69654059410095 -30.116135485470295 3.620497703552246
132.150673226 -240.69658637046814 -30.11689079552889 3.5845537185668945
132.171220615 -240.6966016292572 -30.117398150265217 3.5605998039245605
132.190625816 -240.69666266441345 -30.118142016232014 3.5246763229370117
132.210707994 -240.69669318199158 -30.118624575436115 3.500706195831299
132.230513933 -240.69678473472595 -30.11934555321932 3.4647741317749023
132.250807993 -240.6968457698822 -30.11982239037752 3.4408302307128906
132.270708498 -240.69692206382751 -30.120522387325764 3.4049277305603027
132.290615775 -240.69699835777283 -30.12101448327303 3.380969524383545
132.310578574 -240.6970899105072 -30.121737368404865 3.3449954986572266
132.330522931 -240.69715094566345 -30.122233279049397 3.3209996223449707
132.350622064 -240.69724249839783 -30.12296188622713 3.2850170135498047
132.37125853 -240.69730353355408 -30.123440630733967 3.26101016998291
132.390627405 -240.69739508628845 -30.124144442379475 3.224961280822754
132.410603333 -240.6974561214447 -30.124600298702717 3.200901508331299
132.430524691 -240.69754767417908 -30.125269778072834 3.1647324562072754
132.450626025 -240.69760870933533 -30.12570846825838 3.1406102180480957
132.470741065 -240.69771552085876 -30.126356966793537 3.104416847229004
132.490633738 -240.69780707359314 -30.12676513940096 3.0802502632141113
132.510590057 -240.69795966148376 -30.1273487880826 3.0439515113830566
132.530537678 -240.69808173179626 -30.127718813717365 3.0197291374206543
132.550576882 -240.69832587242126 -30.12826431542635 2.9833645820617676
132.570791861 -240.69850897789001 -30.128619082272053 2.9591197967529297
132.590858538 -240.69881415367126 -30.129141695797443 2.9227333068847656
132.611194653 -240.6990430355072 -30.129481203854084 2.898451805114746
132.630566578 -240.6994550228119 -30.129992373287678 2.862013339996338
132.650574658 -240.6997754573822 -30.13032043725252 2.8377370834350586
132.67324888 -240.70027899742126 -30.13080108910799 2.801346778869629
132.69335586 -240.70066046714783 -30.131094820797443 2.777070999145508
132.713388353 -240.70122504234314 -30.131501086056232 2.7407455444335938
132.733275937 -240.70162177085876 -30.131741411983967 2.7165369987487793
132.754220963 -240.70224738121033 -30.132052309811115 2.680232524871826
132.773400332 -240.70265936851501 -30.132235415279865 2.6560397148132324
132.793366357 -240.7033154964447 -30.132433779537678 2.619741439819336
132.813272912 -240.70378851890564 -30.132555849850178 2.5955028533935547
132.833421984 -240.70450568199158 -30.13271225243807 2.5591354370117188
132.853504781 -240.70497870445251 -30.13280189782381 2.534895896911621
132.873384981 -240.7056806087494 -30.132918246090412 2.4985437393188477
132.89335146 -240.7061688899994 -30.132973559200764 2.474275588989258
132.913252206 -240.70688605308533 -30.133036501705647 2.437938690185547
132.933341514 -240.70737433433533 -30.133057482540607 2.4137015342712402
132.953423191 -240.70809149742126 -30.133070833981037 2.377330780029297
132.973384305 -240.70857977867126 -30.13306511193514 2.353085517883301
132.993340109 -240.70928168296814 -30.133047945797443 2.3167176246643066
133.013272458 -240.70973944664001 -30.13302505761385 2.2924680709838867
133.033274023 -240.71041083335876 -30.132973559200764 2.2561211585998535
133.053348569 -240.71085333824158 -30.132925875484943 2.231919288635254
133.073350814 -240.71147894859314 -30.1328362300992 2.1956353187561035
133.093317717 -240.71189093589783 -30.132769472897053 2.1714606285095215
133.113311414 -240.71248602867126 -30.132649309933186 2.1352572441101074
133.13329759 -240.71286749839783 -30.132552035152912 2.1112070083618164
133.153554912 -240.71343207359314 -30.132372744381428 2.0753722190856934
133.173345991 -240.71378302574158 -30.132233507931232 2.0516724586486816
133.193319046 -240.71431708335876 -30.132012255489826 2.0165200233459473
133.213290085 -240.7146680355072 -30.131855852901936 1.9933562278747559
133.233385905 -240.71518683433533 -30.131619341671467 1.9590978622436523
133.25419069 -240.71553778648376 -30.13143242150545 1.9366693496704102
133.273375734 -240.71604132652283 -30.131117708981037 1.9036078453063965
133.293323146 -240.71636176109314 -30.130873568356037 1.8820152282714844
133.313317083 -240.71680426597595 -30.130494005978107 1.8503708839416504
133.333434116 -240.71709418296814 -30.130228884518147 1.8296914100646973
133.353391863 -240.71750617027283 -30.129805453121662 1.799428939819336
133.37357815 -240.71775031089783 -30.129513628780842 1.7796263694763184
133.393335358 -240.71807074546814 -30.12904442101717 1.7507338523864746
133.413299584 -240.71826910972595 -30.12873161584139 1.7319297790527344
133.433323047 -240.71851325035095 -30.128270037472248 1.7044053077697754
133.453512847 -240.71865057945251 -30.1279591396451 1.6865973472595215
133.473403689 -240.7188184261322 -30.127489931881428 1.6605095863342285
133.493336658 -240.71890997886658 -30.127180941402912 1.643603801727295
133.513283837 -240.71901679039001 -30.126747973263264 1.6193289756774902
133.53328079 -240.71907782554626 -30.12645424157381 1.603869915008545
133.553392246 -240.71915411949158 -30.126034624874592 1.5820732116699219
133.573393773 -240.71919989585876 -30.125752337276936 1.5683751106262207
133.593303393 -240.7192304134369 -30.125319369137287 1.5490522384643555
133.613313686 -240.71921515464783 -30.125075228512287 1.5371274948120117
133.633285385 -240.71916937828064 -30.124678499996662 1.5200953483581543
133.653383578 -240.71913886070251 -30.124468691647053 1.5095396041870117
133.673467892 -240.71903204917908 -30.124165423214436 1.4944500923156738
133.693311243 -240.7189404964447 -30.123997576534748 1.484907627105713
133.713531394 -240.71875739097595 -30.12381637841463 1.4712166786193848
133.733301727 -240.7186200618744 -30.12371338158846 1.462355136871338
133.753388337 -240.71836066246033 -30.123644717037678 1.4495553970336914
133.773580318 -240.71816229820251 -30.12361992150545 1.4411702156066895
133.793805342 -240.71785712242126 -30.12361992150545 1.4287304878234863
133.813298402 -240.71765875816345 -30.12367904931307 1.4205279350280762
133.833487748 -240.71732306480408 -30.123791582882404 1.4081592559814453
133.853399549 -240.71707892417908 -30.12391174584627 1.3998713493347168
133.87389823 -240.71668219566345 -30.124138720333576 1.3873004913330078
133.893323001 -240.7164227962494 -30.12430465966463 1.378779411315918
133.913319066 -240.71599555015564 -30.124577410519123 1.3657541275024414
133.933275488 -240.71570563316345 -30.124773867428303 1.3568735122680664
133.953452223 -240.71524786949158 -30.125128634274006 1.3432426452636719
133.973348804 -240.71492743492126 -30.12537658959627 1.3339028358459473
133.993339519 -240.71448493003845 -30.125767596065998 1.3194851875305176
134.013338106 -240.71419501304626 -30.126042254269123 1.30961012840271
134.033383702 -240.71375250816345 -30.126465685665607 1.2943816184997559
134.054718828 -240.71347784996033 -30.126763232052326 1.2839586734771729
134.074616995 -240.71306586265564 -30.127203829586506 1.2679216861724854
134.094652012 -240.71279120445251 -30.127495653927326 1.2570099830627441
134.114714904 -240.71236395835876 -30.12791908532381 1.240274429321289
134.134497277 -240.71207404136658 -30.128205187618732 1.228919506072998
134.154979485 -240.7116162776947 -30.128632433712482 1.2116200923919678
134.175759551 -240.7112958431244 -30.12889564782381 1.199939489364624
134.195730263 -240.7108075618744 -30.129258044064045 1.1822242736816406
134.215712642 -240.7104413509369 -30.12945068627596 1.1702816486358643
134.235705905 -240.7099072933197 -30.12972152978182 1.152228832244873
134.257364252 -240.7095410823822 -30.12987793236971 1.1400938034057617
134.277453254 -240.70900702476501 -30.130078203976154 1.121802806854248
134.296907813 -240.70865607261658 -30.13019645959139 1.1095659732818604
134.316881924 -240.70813727378845 -30.130335696041584 1.09114408493042
134.337720861 -240.70780158042908 -30.130417712032795 1.0788586139678955
134.358478244 -240.70729804039001 -30.130526430904865 1.0604286193847656
134.378482738 -240.70700812339783 -30.130541689693928 1.0481672286987305
134.398509786 -240.70656561851501 -30.1305226162076 1.0297868251800537
134.418403875 -240.7062909603119 -30.130459673702717 1.0175578594207764
134.438515347 -240.70590949058533 -30.13033378869295 0.9992365837097168
134.459473786 -240.70566534996033 -30.130207903683186 0.9870510101318359
134.479445512 -240.70532965660095 -30.12996757775545 0.9688284397125244
134.49950035 -240.70510077476501 -30.129794009029865 0.9567053318023682
134.519602784 -240.70481085777283 -30.12949836999178 0.9385952949523926
134.541558245 -240.70462775230408 -30.129279024899006 0.9265508651733398
134.562017083 -240.70438361167908 -30.128920443356037 0.908527135848999
134.582005951 -240.7042157649994 -30.12861145287752 0.8965585231781006
134.603300197 -240.7039716243744 -30.128132708370686 0.8786430358886719
134.625772554 -240.7038037776947 -30.127795107662678 0.866736888885498
134.645663542 -240.7035596370697 -30.127259142696857 0.8489408493041992
134.665756124 -240.70340704917908 -30.126892931759357 0.8371047973632812
134.685695584 -240.7031934261322 -30.126307375729084 0.819411039352417
134.706437533 -240.70305609703064 -30.125927813351154 0.8076250553131104
134.725770652 -240.70288825035095 -30.12528694421053 0.7899913787841797
134.745850756 -240.70279669761658 -30.124848254024982 0.7782554626464844
134.765761898 -240.7027051448822 -30.1241692379117 0.7606806755065918
134.785710483 -240.70267462730408 -30.123682864010334 0.7489659786224365
134.807613739 -240.70267462730408 -30.122969515621662 0.7314028739929199
134.8286443 -240.7027051448822 -30.122494585812092 0.7197134494781494
134.848504642 -240.70278143882751 -30.121785052120686 0.7021863460540771
134.868498749 -240.70284247398376 -30.12131965905428 0.6905102729797363
134.890354204 -240.7029950618744 -30.12058151513338 0.6729896068572998
134.90966462 -240.70310187339783 -30.12007797509432 0.6613168716430664
134.929627349 -240.70328497886658 -30.119307406246662 0.6438190937042236
134.949616266 -240.70345282554626 -30.118754275143147 0.6321442127227783
134.969674399 -240.70369696617126 -30.117951281368732 0.6146485805511475
134.989662453 -240.70389533042908 -30.11738670617342 0.6029708385467529
