elapsed_sec,phase,north_m,east_m,down_m
0.016,takeoff,-0.006,0.086,-0.028
0.048,takeoff,-0.005,0.085,-0.029
0.082,takeoff,-0.003,0.085,-0.029
0.116,takeoff,-0.002,0.084,-0.029
0.148,takeoff,-0.001,0.083,-0.029
0.182,takeoff,-0.001,0.083,-0.030
0.216,takeoff,-0.000,0.082,-0.030
0.248,takeoff,0.000,0.082,-0.030
0.282,takeoff,0.000,0.082,-0.031
0.316,takeoff,-0.000,0.081,-0.031
0.348,takeoff,-0.001,0.081,-0.032
0.382,takeoff,-0.002,0.080,-0.032
0.416,takeoff,-0.003,0.079,-0.032
0.448,takeoff,-0.003,0.078,-0.033
0.482,takeoff,-0.004,0.078,-0.033
0.516,takeoff,-0.006,0.076,-0.034
0.548,takeoff,-0.007,0.075,-0.034
0.582,takeoff,-0.008,0.074,-0.034
0.616,takeoff,-0.008,0.072,-0.034
0.648,takeoff,-0.009,0.071,-0.034
0.682,takeoff,-0.009,0.069,-0.034
0.716,takeoff,-0.010,0.067,-0.034
0.748,takeoff,-0.010,0.066,-0.034
0.782,takeoff,-0.010,0.064,-0.033
0.816,takeoff,-0.011,0.062,-0.033
0.848,takeoff,-0.011,0.060,-0.033
0.882,takeoff,-0.011,0.057,-0.032
0.916,takeoff,-0.011,0.055,-0.032
0.948,takeoff,-0.011,0.053,-0.031
0.982,takeoff,-0.011,0.051,-0.031
1.016,takeoff,-0.011,0.049,-0.030
1.048,takeoff,-0.011,0.047,-0.030
1.082,takeoff,-0.011,0.044,-0.029
1.116,takeoff,-0.011,0.042,-0.029
1.148,takeoff,-0.011,0.040,-0.028
1.182,takeoff,-0.011,0.038,-0.028
1.216,takeoff,-0.011,0.035,-0.027
1.248,takeoff,-0.011,0.034,-0.027
1.282,takeoff,-0.011,0.032,-0.027
1.316,takeoff,-0.010,0.030,-0.026
1.348,takeoff,-0.010,0.028,-0.026
1.382,takeoff,-0.010,0.026,-0.026
1.416,takeoff,-0.010,0.024,-0.025
1.448,takeoff,-0.010,0.023,-0.025
1.482,takeoff,-0.010,0.021,-0.025
1.516,takeoff,-0.010,0.019,-0.024
1.548,takeoff,-0.010,0.018,-0.023
1.582,takeoff,-0.010,0.017,-0.023
1.616,takeoff,-0.010,0.015,-0.022
1.648,takeoff,-0.010,0.014,-0.022
1.682,takeoff,-0.010,0.013,-0.022
1.716,takeoff,-0.010,0.012,-0.022
1.748,takeoff,-0.009,0.011,-0.021
1.782,takeoff,-0.009,0.010,-0.021
1.816,takeoff,-0.009,0.009,-0.021
1.848,takeoff,-0.008,0.008,-0.021
1.882,takeoff,-0.008,0.007,-0.020
1.916,takeoff,-0.007,0.007,-0.020
1.948,takeoff,-0.006,0.006,-0.020
1.982,takeoff,-0.006,0.006,-0.020
2.016,takeoff,-0.005,0.006,-0.020
2.048,takeoff,-0.004,0.006,-0.020
2.082,takeoff,-0.003,0.006,-0.020
2.116,takeoff,-0.002,0.005,-0.020
2.148,takeoff,-0.001,0.005,-0.020
2.182,takeoff,-0.000,0.006,-0.019
2.216,takeoff,0.001,0.006,-0.019
2.248,takeoff,0.002,0.006,-0.019
2.282,takeoff,0.002,0.006,-0.019
2.316,takeoff,0.003,0.006,-0.020
2.348,takeoff,0.003,0.005,-0.022
2.382,takeoff,0.004,0.005,-0.026
2.416,takeoff,0.004,0.005,-0.031
2.448,takeoff,0.004,0.005,-0.038
2.482,takeoff,0.004,0.005,-0.047
2.516,takeoff,0.003,0.005,-0.062
2.548,takeoff,0.003,0.005,-0.076
2.582,takeoff,0.002,0.005,-0.093
2.616,takeoff,0.002,0.006,-0.113
2.648,takeoff,0.001,0.006,-0.135
2.682,takeoff,0.000,0.007,-0.160
2.716,takeoff,-0.001,0.009,-0.195
2.748,takeoff,-0.002,0.010,-0.227
2.782,takeoff,-0.003,0.012,-0.261
2.816,takeoff,-0.004,0.013,-0.297
2.848,takeoff,-0.006,0.015,-0.336
2.882,takeoff,-0.008,0.017,-0.378
2.916,takeoff,-0.010,0.019,-0.433
2.948,takeoff,-0.012,0.021,-0.481
2.982,takeoff,-0.014,0.023,-0.531
3.016,takeoff,-0.016,0.025,-0.584
3.048,takeoff,-0.018,0.027,-0.640
3.082,takeoff,-0.020,0.029,-0.697
3.117,takeoff,-0.023,0.031,-0.773
3.148,takeoff,-0.024,0.032,-0.837
3.182,takeoff,-0.026,0.033,-0.903
3.216,takeoff,-0.028,0.034,-0.972
3.248,takeoff,-0.030,0.035,-1.043
3.282,takeoff,-0.032,0.036,-1.117
3.316,takeoff,-0.034,0.036,-1.212
3.348,takeoff,-0.036,0.037,-1.291
3.382,takeoff,-0.038,0.037,-1.371
3.416,takeoff,-0.039,0.038,-1.453
3.448,takeoff,-0.041,0.038,-1.536
3.482,takeoff,-0.043,0.038,-1.620
3.516,takeoff,-0.046,0.039,-1.725
3.548,takeoff,-0.048,0.039,-1.810
3.582,takeoff,-0.050,0.040,-1.896
3.616,takeoff,-0.052,0.040,-1.981
3.648,takeoff,-0.055,0.040,-2.067
3.682,takeoff,-0.058,0.040,-2.153
3.716,takeoff,-0.061,0.040,-2.260
3.748,takeoff,-0.064,0.040,-2.346
3.782,takeoff,-0.067,0.039,-2.432
3.816,takeoff,-0.071,0.039,-2.518
3.848,takeoff,-0.074,0.038,-2.604
3.882,takeoff,-0.077,0.038,-2.690
3.916,takeoff,-0.081,0.037,-2.798
3.948,takeoff,-0.085,0.036,-2.884
3.982,takeoff,-0.089,0.035,-2.971
4.016,takeoff,-0.092,0.034,-3.057
4.048,takeoff,-0.096,0.032,-3.143
4.082,takeoff,-0.100,0.031,-3.230
4.116,takeoff,-0.105,0.028,-3.338
4.148,takeoff,-0.108,0.026,-3.425
4.182,takeoff,-0.112,0.024,-3.512
4.216,takeoff,-0.116,0.022,-3.598
4.248,takeoff,-0.119,0.020,-3.685
4.282,takeoff,-0.123,0.017,-3.772
4.316,takeoff,-0.127,0.014,-3.880
4.348,takeoff,-0.131,0.012,-3.967
4.382,takeoff,-0.134,0.009,-4.055
4.416,takeoff,-0.137,0.007,-4.142
4.448,takeoff,-0.140,0.004,-4.229
4.482,takeoff,-0.143,0.002,-4.317
4.516,takeoff,-0.147,-0.001,-4.426
4.548,takeoff,-0.150,-0.004,-4.514
4.582,takeoff,-0.153,-0.007,-4.602
4.616,takeoff,-0.156,-0.009,-4.691
4.648,takeoff,-0.159,-0.012,-4.779
4.682,takeoff,-0.162,-0.015,-4.867
4.716,takeoff,-0.165,-0.019,-4.978
4.748,takeoff,-0.167,-0.022,-5.066
4.782,takeoff,-0.169,-0.025,-5.155
4.816,takeoff,-0.172,-0.028,-5.244
4.848,takeoff,-0.174,-0.032,-5.333
4.882,takeoff,-0.175,-0.035,-5.422
4.916,takeoff,-0.178,-0.040,-5.533
4.948,takeoff,-0.179,-0.043,-5.622
4.982,takeoff,-0.181,-0.047,-5.711
5.016,takeoff,-0.182,-0.051,-5.800
5.048,takeoff,-0.183,-0.054,-5.889
5.082,takeoff,-0.184,-0.058,-5.979
5.116,takeoff,-0.185,-0.063,-6.091
5.148,takeoff,-0.186,-0.066,-6.180
5.182,takeoff,-0.186,-0.070,-6.270
5.216,takeoff,-0.186,-0.074,-6.360
5.248,takeoff,-0.186,-0.078,-6.450
5.282,takeoff,-0.185,-0.081,-6.541
5.316,takeoff,-0.184,-0.086,-6.654
5.348,takeoff,-0.183,-0.090,-6.744
5.382,takeoff,-0.182,-0.093,-6.835
5.416,takeoff,-0.180,-0.097,-6.926
5.448,takeoff,-0.178,-0.100,-7.017
5.482,takeoff,-0.176,-0.103,-7.108
5.516,takeoff,-0.173,-0.107,-7.222
5.548,takeoff,-0.170,-0.110,-7.313
5.582,takeoff,-0.168,-0.113,-7.404
5.616,takeoff,-0.165,-0.116,-7.496
5.648,takeoff,-0.162,-0.118,-7.587
5.682,takeoff,-0.159,-0.121,-7.679
5.716,takeoff,-0.154,-0.124,-7.793
5.748,takeoff,-0.151,-0.126,-7.885
5.782,takeoff,-0.147,-0.128,-7.976
5.816,takeoff,-0.143,-0.130,-8.068
5.848,takeoff,-0.139,-0.132,-8.160
5.882,takeoff,-0.135,-0.134,-8.251
5.916,takeoff,-0.129,-0.135,-8.366
5.948,takeoff,-0.125,-0.137,-8.458
5.982,takeoff,-0.120,-0.138,-8.550
6.016,takeoff,-0.115,-0.139,-8.642
6.048,takeoff,-0.110,-0.140,-8.734
6.082,takeoff,-0.105,-0.140,-8.826
6.116,takeoff,-0.099,-0.141,-8.942
6.148,takeoff,-0.093,-0.142,-9.034
6.182,takeoff,-0.087,-0.142,-9.127
6.216,takeoff,-0.081,-0.142,-9.220
6.248,takeoff,-0.075,-0.142,-9.312
6.282,takeoff,-0.069,-0.142,-9.405
6.316,takeoff,-0.061,-0.142,-9.520
6.348,takeoff,-0.055,-0.142,-9.613
6.382,takeoff,-0.048,-0.141,-9.705
6.416,takeoff,-0.041,-0.140,-9.797
6.448,takeoff,-0.035,-0.139,-9.890
6.482,takeoff,-0.028,-0.138,-9.982
6.516,takeoff,-0.020,-0.137,-10.098
6.548,takeoff,-0.014,-0.136,-10.191
6.582,takeoff,-0.008,-0.134,-10.283
6.616,takeoff,-0.002,-0.133,-10.376
6.648,takeoff,0.004,-0.131,-10.469
6.682,takeoff,0.009,-0.129,-10.562
6.716,takeoff,0.016,-0.127,-10.678
6.748,takeoff,0.022,-0.125,-10.771
6.782,takeoff,0.027,-0.122,-10.864
6.816,takeoff,0.032,-0.120,-10.957
6.848,takeoff,0.037,-0.117,-11.050
6.882,takeoff,0.042,-0.114,-11.143
6.916,takeoff,0.047,-0.110,-11.260
6.948,takeoff,0.051,-0.107,-11.354
6.982,takeoff,0.054,-0.104,-11.448
7.016,takeoff,0.058,-0.100,-11.542
7.048,takeoff,0.061,-0.096,-11.636
7.082,takeoff,0.064,-0.093,-11.730
7.116,takeoff,0.067,-0.088,-11.848
7.148,takeoff,0.069,-0.084,-11.943
7.182,takeoff,0.071,-0.080,-12.038
7.216,takeoff,0.073,-0.076,-12.133
7.248,takeoff,0.074,-0.071,-12.228
7.282,takeoff,0.075,-0.067,-12.323
7.316,takeoff,0.076,-0.062,-12.441
7.348,takeoff,0.076,-0.058,-12.536
7.382,takeoff,0.076,-0.054,-12.631
7.416,takeoff,0.075,-0.049,-12.726
7.448,takeoff,0.075,-0.045,-12.820
7.482,takeoff,0.074,-0.040,-12.915
7.516,takeoff,0.073,-0.035,-13.034
7.548,takeoff,0.072,-0.031,-13.129
7.582,takeoff,0.071,-0.027,-13.223
7.616,takeoff,0.069,-0.022,-13.318
7.648,takeoff,0.068,-0.018,-13.413
7.683,takeoff,0.066,-0.014,-13.507
7.717,takeoff,0.064,-0.009,-13.625
7.748,takeoff,0.063,-0.005,-13.719
7.784,takeoff,0.061,-0.001,-13.814
7.818,takeoff,0.059,0.003,-13.908
7.851,takeoff,0.057,0.007,-14.002
7.886,takeoff,0.056,0.011,-14.096
7.917,takeoff,0.053,0.016,-14.214
7.951,takeoff,0.052,0.020,-14.308
7.986,takeoff,0.050,0.023,-14.402
8.017,takeoff,0.048,0.026,-14.496
8.051,takeoff,0.046,0.029,-14.590
8.085,takeoff,0.044,0.033,-14.707
8.117,takeoff,0.041,0.035,-14.802
8.151,takeoff,0.039,0.038,-14.896
8.185,takeoff,0.037,0.040,-14.990
8.217,takeoff,0.035,0.041,-15.085
8.251,takeoff,0.032,0.043,-15.179
8.285,takeoff,0.029,0.045,-15.298
8.317,takeoff,0.026,0.046,-15.392
8.351,takeoff,0.023,0.047,-15.487
8.385,takeoff,0.021,0.048,-15.582
8.417,takeoff,0.018,0.049,-15.677
8.451,takeoff,0.015,0.049,-15.772
8.485,takeoff,0.011,0.050,-15.890
8.517,takeoff,0.007,0.050,-15.985
8.551,takeoff,0.004,0.050,-16.080
8.585,takeoff,0.001,0.050,-16.175
8.617,takeoff,-0.003,0.050,-16.270
8.651,takeoff,-0.006,0.051,-16.365
8.685,takeoff,-0.011,0.050,-16.484
8.717,takeoff,-0.014,0.050,-16.579
8.751,takeoff,-0.018,0.050,-16.675
8.785,takeoff,-0.021,0.050,-16.770
8.817,takeoff,-0.024,0.050,-16.865
8.851,takeoff,-0.028,0.050,-16.960
8.886,takeoff,-0.032,0.050,-17.079
8.917,takeoff,-0.035,0.050,-17.174
8.951,takeoff,-0.039,0.050,-17.269
8.986,takeoff,-0.042,0.050,-17.365
9.017,takeoff,-0.045,0.050,-17.460
9.051,takeoff,-0.048,0.049,-17.555
9.086,takeoff,-0.051,0.049,-17.675
9.117,takeoff,-0.054,0.048,-17.770
9.152,takeoff,-0.057,0.047,-17.866
9.185,takeoff,-0.060,0.047,-17.962
9.217,takeoff,-0.062,0.046,-18.057
9.251,takeoff,-0.065,0.045,-18.153
9.285,takeoff,-0.068,0.044,-18.273
9.317,takeoff,-0.071,0.043,-18.368
9.351,takeoff,-0.073,0.042,-18.464
9.385,takeoff,-0.075,0.041,-18.560
9.417,takeoff,-0.078,0.040,-18.656
9.459,takeoff,-0.080,0.039,-18.751
9.493,takeoff,-0.082,0.037,-18.871
9.525,takeoff,-0.084,0.036,-18.967
9.559,takeoff,-0.086,0.035,-19.062
9.593,takeoff,-0.088,0.033,-19.158
9.625,takeoff,-0.090,0.032,-19.254
9.659,takeoff,-0.091,0.030,-19.349
9.693,takeoff,-0.093,0.029,-19.469
9.725,takeoff,-0.094,0.027,-19.564
9.759,takeoff,-0.095,0.025,-19.660
9.793,takeoff,-0.096,0.024,-19.755
9.825,takeoff,-0.097,0.022,-19.851
9.859,takeoff,-0.098,0.020,-19.947
9.893,takeoff,-0.099,0.017,-20.067
9.925,takeoff,-0.099,0.015,-20.163
9.959,takeoff,-0.100,0.013,-20.259
9.993,takeoff,-0.100,0.011,-20.355
10.025,takeoff,-0.101,0.009,-20.452
10.059,takeoff,-0.101,0.007,-20.548
10.093,takeoff,-0.102,0.004,-20.669
10.125,takeoff,-0.102,0.002,-20.766
10.159,takeoff,-0.102,0.000,-20.863
10.193,takeoff,-0.102,-0.002,-20.959
10.225,takeoff,-0.102,-0.004,-21.056
10.259,takeoff,-0.102,-0.006,-21.153
10.293,takeoff,-0.102,-0.008,-21.273
10.325,takeoff,-0.101,-0.010,-21.370
10.359,takeoff,-0.100,-0.012,-21.467
10.393,takeoff,-0.099,-0.014,-21.563
10.425,takeoff,-0.098,-0.015,-21.660
10.459,takeoff,-0.097,-0.017,-21.757
10.491,takeoff,-0.095,-0.018,-21.854
10.525,takeoff,-0.093,-0.019,-21.975
10.559,takeoff,-0.091,-0.021,-22.071
10.591,takeoff,-0.088,-0.022,-22.168
10.625,takeoff,-0.086,-0.023,-22.264
10.659,takeoff,-0.084,-0.024,-22.361
10.691,takeoff,-0.081,-0.025,-22.458
10.725,takeoff,-0.078,-0.026,-22.579
10.759,takeoff,-0.075,-0.027,-22.675
10.791,takeoff,-0.072,-0.028,-22.772
10.825,takeoff,-0.069,-0.028,-22.868
10.859,takeoff,-0.067,-0.030,-22.965
10.891,takeoff,-0.064,-0.031,-23.062
10.925,takeoff,-0.061,-0.032,-23.182
10.959,takeoff,-0.058,-0.033,-23.279
10.991,takeoff,-0.055,-0.034,-23.376
11.025,takeoff,-0.053,-0.035,-23.472
11.059,takeoff,-0.050,-0.036,-23.569
11.091,takeoff,-0.048,-0.037,-23.666
11.125,takeoff,-0.045,-0.038,-23.786
11.159,takeoff,-0.043,-0.038,-23.883
11.191,takeoff,-0.040,-0.039,-23.980
11.225,takeoff,-0.038,-0.040,-24.077
11.259,takeoff,-0.036,-0.040,-24.174
11.291,takeoff,-0.034,-0.041,-24.271
11.325,takeoff,-0.031,-0.041,-24.392
11.359,takeoff,-0.029,-0.041,-24.489
11.391,takeoff,-0.027,-0.042,-24.586
11.425,takeoff,-0.026,-0.042,-24.682
11.459,takeoff,-0.024,-0.042,-24.779
11.491,takeoff,-0.023,-0.042,-24.876
11.525,takeoff,-0.021,-0.042,-24.997
11.559,takeoff,-0.020,-0.042,-25.094
11.591,takeoff,-0.019,-0.041,-25.190
11.625,takeoff,-0.018,-0.041,-25.287
11.659,takeoff,-0.017,-0.041,-25.383
11.691,takeoff,-0.016,-0.040,-25.479
11.725,takeoff,-0.015,-0.039,-25.600
11.759,takeoff,-0.014,-0.038,-25.696
11.791,takeoff,-0.013,-0.038,-25.793
11.825,takeoff,-0.013,-0.037,-25.889
11.859,takeoff,-0.012,-0.036,-25.985
11.891,takeoff,-0.012,-0.035,-26.082
11.925,takeoff,-0.011,-0.034,-26.203
11.959,takeoff,-0.011,-0.033,-26.300
11.991,takeoff,-0.011,-0.031,-26.396
12.025,takeoff,-0.011,-0.030,-26.493
12.059,takeoff,-0.011,-0.029,-26.589
12.091,takeoff,-0.012,-0.028,-26.686
12.125,takeoff,-0.012,-0.027,-26.806
12.159,takeoff,-0.012,-0.025,-26.902
12.191,takeoff,-0.013,-0.024,-26.999
12.225,takeoff,-0.013,-0.023,-27.095
12.259,takeoff,-0.013,-0.022,-27.190
12.291,takeoff,-0.014,-0.021,-27.285
12.325,takeoff,-0.014,-0.020,-27.402
12.359,takeoff,-0.014,-0.019,-27.494
12.391,takeoff,-0.015,-0.019,-27.583
12.425,takeoff,-0.015,-0.018,-27.670
12.459,takeoff,-0.015,-0.017,-27.754
12.491,takeoff,-0.016,-0.017,-27.835
12.525,takeoff,-0.016,-0.017,-27.933
12.559,takeoff,-0.017,-0.016,-28.007
12.591,takeoff,-0.017,-0.016,-28.078
12.625,takeoff,-0.017,-0.016,-28.147
12.659,takeoff,-0.017,-0.015,-28.212
12.691,takeoff,-0.018,-0.015,-28.275
12.725,takeoff,-0.018,-0.015,-28.349
12.759,takeoff,-0.018,-0.014,-28.406
12.791,takeoff,-0.018,-0.014,-28.460
12.825,takeoff,-0.018,-0.013,-28.512
12.859,waypoint_1,-0.018,-0.012,-28.561
12.891,waypoint_1,-0.018,-0.011,-28.609
12.925,waypoint_1,-0.018,-0.011,-28.666
12.959,waypoint_1,-0.019,-0.010,-28.712
12.991,waypoint_1,-0.019,-0.010,-28.758
13.025,waypoint_1,-0.019,-0.010,-28.803
13.059,waypoint_1,-0.019,-0.012,-28.848
13.091,waypoint_1,-0.020,-0.015,-28.892
13.125,waypoint_1,-0.022,-0.022,-28.945
13.159,waypoint_1,-0.024,-0.030,-28.986
13.191,waypoint_1,-0.027,-0.041,-29.025
13.225,waypoint_1,-0.031,-0.056,-29.062
13.259,waypoint_1,-0.037,-0.074,-29.096
13.291,waypoint_1,-0.044,-0.096,-29.129
13.325,waypoint_1,-0.056,-0.128,-29.167
13.359,waypoint_1,-0.066,-0.158,-29.195
13.391,waypoint_1,-0.079,-0.191,-29.221
13.425,waypoint_1,-0.093,-0.228,-29.245
13.459,waypoint_1,-0.110,-0.269,-29.268
13.491,waypoint_1,-0.128,-0.313,-29.289
13.525,waypoint_1,-0.154,-0.372,-29.314
13.559,waypoint_1,-0.178,-0.423,-29.333
13.591,waypoint_1,-0.203,-0.478,-29.350
13.625,waypoint_1,-0.231,-0.534,-29.367
13.659,waypoint_1,-0.261,-0.593,-29.383
13.691,waypoint_1,-0.293,-0.655,-29.398
13.725,waypoint_1,-0.336,-0.734,-29.416
13.759,waypoint_1,-0.372,-0.800,-29.430
13.791,waypoint_1,-0.410,-0.868,-29.444
13.825,waypoint_1,-0.449,-0.937,-29.457
13.859,waypoint_1,-0.490,-1.009,-29.470
13.891,waypoint_1,-0.532,-1.081,-29.483
13.925,waypoint_1,-0.586,-1.173,-29.499
13.959,waypoint_1,-0.629,-1.249,-29.511
13.991,waypoint_1,-0.673,-1.325,-29.523
14.025,waypoint_1,-0.716,-1.403,-29.535
14.059,waypoint_1,-0.760,-1.481,-29.547
14.091,waypoint_1,-0.803,-1.561,-29.558
14.125,waypoint_1,-0.857,-1.662,-29.572
14.159,waypoint_1,-0.899,-1.743,-29.583
14.191,waypoint_1,-0.940,-1.826,-29.594
14.225,waypoint_1,-0.981,-1.909,-29.604
14.259,waypoint_1,-1.020,-1.992,-29.614
14.291,waypoint_1,-1.059,-2.077,-29.624
14.325,waypoint_1,-1.106,-2.183,-29.636
14.359,waypoint_1,-1.142,-2.269,-29.646
14.391,waypoint_1,-1.177,-2.355,-29.655
14.425,waypoint_1,-1.212,-2.442,-29.663
14.459,waypoint_1,-1.246,-2.529,-29.672
14.491,waypoint_1,-1.279,-2.616,-29.680
14.525,waypoint_1,-1.319,-2.725,-29.690
14.559,waypoint_1,-1.350,-2.813,-29.697
14.591,waypoint_1,-1.381,-2.901,-29.705
14.625,waypoint_1,-1.411,-2.989,-29.712
14.659,waypoint_1,-1.441,-3.077,-29.719
14.691,waypoint_1,-1.470,-3.165,-29.726
14.725,waypoint_1,-1.506,-3.276,-29.735
14.759,waypoint_1,-1.535,-3.365,-29.742
14.791,waypoint_1,-1.563,-3.454,-29.748
14.825,waypoint_1,-1.590,-3.543,-29.755
14.859,waypoint_1,-1.617,-3.633,-29.762
14.892,waypoint_1,-1.644,-3.722,-29.768
14.925,waypoint_1,-1.678,-3.834,-29.776
14.959,waypoint_1,-1.704,-3.924,-29.782
14.991,waypoint_1,-1.731,-4.014,-29.788
15.025,waypoint_1,-1.757,-4.103,-29.794
15.059,waypoint_1,-1.783,-4.193,-29.800
15.091,waypoint_1,-1.809,-4.283,-29.805
15.125,waypoint_1,-1.842,-4.396,-29.812
15.159,waypoint_1,-1.868,-4.486,-29.818
15.192,waypoint_1,-1.893,-4.576,-29.823
15.226,waypoint_1,-1.919,-4.666,-29.828
15.260,waypoint_1,-1.945,-4.756,-29.833
15.294,waypoint_1,-1.970,-4.846,-29.838
15.327,waypoint_1,-2.003,-4.959,-29.844
15.361,waypoint_1,-2.028,-5.049,-29.849
15.394,waypoint_1,-2.054,-5.140,-29.853
15.427,waypoint_1,-2.080,-5.230,-29.858
15.461,waypoint_1,-2.106,-5.321,-29.862
15.494,waypoint_1,-2.132,-5.411,-29.867
15.527,waypoint_1,-2.164,-5.525,-29.872
15.561,waypoint_1,-2.190,-5.616,-29.877
15.594,waypoint_1,-2.216,-5.706,-29.881
15.627,waypoint_1,-2.242,-5.797,-29.885
15.661,waypoint_1,-2.268,-5.888,-29.890
15.694,waypoint_1,-2.294,-5.980,-29.894
15.727,waypoint_1,-2.326,-6.093,-29.899
15.761,waypoint_1,-2.352,-6.185,-29.903
15.794,waypoint_1,-2.378,-6.276,-29.907
15.827,waypoint_1,-2.403,-6.367,-29.911
15.861,waypoint_1,-2.429,-6.458,-29.915
15.894,waypoint_1,-2.455,-6.550,-29.918
15.928,waypoint_1,-2.487,-6.664,-29.922
15.961,waypoint_1,-2.512,-6.755,-29.925
15.993,waypoint_1,-2.538,-6.847,-29.928
16.027,waypoint_1,-2.564,-6.939,-29.930
16.061,waypoint_1,-2.589,-7.030,-29.933
16.093,waypoint_1,-2.615,-7.122,-29.935
16.127,waypoint_1,-2.647,-7.237,-29.938
16.161,waypoint_1,-2.673,-7.329,-29.940
16.194,waypoint_1,-2.699,-7.421,-29.942
16.227,waypoint_1,-2.725,-7.513,-29.944
16.261,waypoint_1,-2.751,-7.605,-29.945
16.293,waypoint_1,-2.777,-7.698,-29.947
16.327,waypoint_1,-2.809,-7.813,-29.949
16.361,waypoint_1,-2.835,-7.905,-29.951
16.394,waypoint_1,-2.861,-7.998,-29.952
16.427,waypoint_1,-2.887,-8.090,-29.954
16.461,waypoint_1,-2.913,-8.183,-29.956
16.493,waypoint_1,-2.938,-8.276,-29.957
16.527,waypoint_1,-2.970,-8.392,-29.959
16.561,waypoint_1,-2.996,-8.485,-29.961
16.594,waypoint_1,-3.022,-8.578,-29.963
16.627,waypoint_1,-3.047,-8.671,-29.964
16.661,waypoint_1,-3.072,-8.764,-29.965
16.694,waypoint_1,-3.098,-8.857,-29.967
16.727,waypoint_1,-3.130,-8.974,-29.968
16.761,waypoint_1,-3.155,-9.067,-29.969
16.794,waypoint_1,-3.181,-9.161,-29.970
16.827,waypoint_1,-3.206,-9.254,-29.972
16.861,waypoint_1,-3.232,-9.348,-29.973
16.894,waypoint_1,-3.258,-9.441,-29.974
16.927,waypoint_1,-3.290,-9.558,-29.976
16.961,waypoint_1,-3.316,-9.652,-29.977
16.994,waypoint_1,-3.342,-9.746,-29.978
17.027,waypoint_1,-3.368,-9.839,-29.979
17.061,waypoint_1,-3.395,-9.933,-29.980
17.094,waypoint_1,-3.421,-10.027,-29.981
17.127,waypoint_1,-3.454,-10.145,-29.982
17.161,waypoint_1,-3.481,-10.239,-29.983
17.194,waypoint_1,-3.508,-10.333,-29.984
17.227,waypoint_1,-3.534,-10.427,-29.985
17.261,waypoint_1,-3.562,-10.521,-29.985
17.294,waypoint_1,-3.589,-10.615,-29.986
17.327,waypoint_1,-3.623,-10.733,-29.987
17.361,waypoint_1,-3.650,-10.827,-29.988
17.394,waypoint_1,-3.677,-10.921,-29.989
17.428,waypoint_1,-3.704,-11.015,-29.990
17.461,waypoint_1,-3.731,-11.109,-29.991
17.494,waypoint_1,-3.759,-11.204,-29.992
17.527,waypoint_1,-3.793,-11.321,-29.993
17.562,waypoint_1,-3.820,-11.416,-29.994
17.594,waypoint_1,-3.848,-11.510,-29.995
17.627,waypoint_1,-3.875,-11.604,-29.996
17.661,waypoint_1,-3.902,-11.699,-29.997
17.694,waypoint_1,-3.930,-11.793,-29.998
17.727,waypoint_1,-3.964,-11.911,-30.000
17.761,waypoint_1,-3.991,-12.006,-30.000
17.794,waypoint_1,-4.018,-12.101,-30.001
17.827,waypoint_1,-4.045,-12.196,-30.002
17.861,waypoint_1,-4.072,-12.291,-30.003
17.894,waypoint_1,-4.099,-12.386,-30.004
17.928,waypoint_1,-4.133,-12.505,-30.004
17.961,waypoint_1,-4.159,-12.600,-30.005
17.994,waypoint_1,-4.185,-12.695,-30.006
18.027,waypoint_1,-4.212,-12.791,-30.006
18.061,waypoint_1,-4.238,-12.886,-30.007
18.094,waypoint_1,-4.264,-12.982,-30.008
18.127,waypoint_1,-4.297,-13.101,-30.009
18.161,waypoint_1,-4.323,-13.197,-30.009
18.194,waypoint_1,-4.349,-13.292,-30.010
18.228,waypoint_1,-4.374,-13.387,-30.011
18.261,waypoint_1,-4.400,-13.483,-30.012
18.294,waypoint_1,-4.426,-13.578,-30.012
18.328,waypoint_1,-4.458,-13.697,-30.013
18.362,waypoint_1,-4.484,-13.793,-30.013
18.394,waypoint_1,-4.510,-13.888,-30.014
18.428,waypoint_1,-4.535,-13.984,-30.014
18.461,waypoint_1,-4.561,-14.079,-30.014
18.494,waypoint_1,-4.587,-14.174,-30.014
18.527,waypoint_1,-4.619,-14.293,-30.014
18.561,waypoint_1,-4.645,-14.389,-30.014
18.594,waypoint_1,-4.671,-14.484,-30.014
18.627,waypoint_1,-4.697,-14.579,-30.014
18.661,waypoint_1,-4.723,-14.675,-30.014
18.694,waypoint_1,-4.749,-14.770,-30.013
18.727,waypoint_1,-4.781,-14.889,-30.013
18.761,waypoint_1,-4.807,-14.984,-30.013
18.794,waypoint_1,-4.834,-15.080,-30.013
18.828,waypoint_1,-4.860,-15.175,-30.013
18.861,waypoint_1,-4.886,-15.271,-30.013
18.894,waypoint_1,-4.912,-15.366,-30.013
18.928,waypoint_1,-4.945,-15.486,-30.013
18.961,waypoint_1,-4.971,-15.581,-30.013
18.994,waypoint_1,-4.997,-15.677,-30.013
19.027,waypoint_1,-5.023,-15.773,-30.013
19.061,waypoint_1,-5.049,-15.868,-30.013
19.094,waypoint_1,-5.075,-15.964,-30.014
19.128,waypoint_1,-5.107,-16.083,-30.014
19.161,waypoint_1,-5.133,-16.179,-30.014
19.194,waypoint_1,-5.159,-16.274,-30.014
19.228,waypoint_1,-5.185,-16.370,-30.015
19.261,waypoint_1,-5.211,-16.465,-30.015
19.294,waypoint_1,-5.237,-16.560,-30.015
19.328,waypoint_1,-5.270,-16.680,-30.015
19.361,waypoint_1,-5.296,-16.775,-30.015
19.394,waypoint_1,-5.322,-16.870,-30.015
19.428,waypoint_1,-5.348,-16.965,-30.015
19.461,waypoint_1,-5.374,-17.060,-30.015
19.494,waypoint_1,-5.401,-17.155,-30.015
19.527,waypoint_1,-5.433,-17.273,-30.015
19.562,waypoint_1,-5.460,-17.368,-30.015
19.594,waypoint_1,-5.486,-17.463,-30.015
19.628,waypoint_1,-5.512,-17.558,-30.015
19.662,waypoint_1,-5.539,-17.654,-30.015
19.694,waypoint_1,-5.565,-17.749,-30.014
19.729,waypoint_1,-5.598,-17.867,-30.014
19.763,waypoint_1,-5.625,-17.962,-30.014
19.795,waypoint_1,-5.652,-18.057,-30.014
19.829,waypoint_1,-5.679,-18.152,-30.013
19.863,waypoint_1,-5.706,-18.247,-30.013
19.895,waypoint_1,-5.733,-18.342,-30.013
19.929,waypoint_1,-5.767,-18.461,-30.013
19.963,waypoint_1,-5.794,-18.555,-30.013
19.995,waypoint_1,-5.821,-18.650,-30.013
20.029,waypoint_1,-5.849,-18.745,-30.013
20.063,waypoint_1,-5.876,-18.839,-30.013
20.095,waypoint_1,-5.903,-18.934,-30.013
20.129,waypoint_1,-5.938,-19.052,-30.013
20.163,waypoint_1,-5.965,-19.146,-30.013
20.195,waypoint_1,-5.992,-19.240,-30.013
20.229,waypoint_1,-6.019,-19.335,-30.013
20.263,waypoint_1,-6.047,-19.429,-30.013
20.295,waypoint_1,-6.074,-19.523,-30.013
20.329,waypoint_1,-6.108,-19.640,-30.013
20.363,waypoint_1,-6.135,-19.734,-30.013
20.395,waypoint_1,-6.162,-19.828,-30.013
20.429,waypoint_1,-6.189,-19.922,-30.013
20.463,waypoint_1,-6.217,-20.016,-30.013
20.495,waypoint_1,-6.244,-20.110,-30.013
20.529,waypoint_1,-6.278,-20.227,-30.013
20.563,waypoint_1,-6.305,-20.321,-30.014
20.595,waypoint_1,-6.333,-20.415,-30.014
20.629,waypoint_1,-6.360,-20.508,-30.015
20.663,waypoint_1,-6.388,-20.602,-30.016
20.695,waypoint_1,-6.416,-20.696,-30.017
20.729,waypoint_1,-6.450,-20.814,-30.018
20.763,waypoint_1,-6.478,-20.908,-30.019
20.795,waypoint_1,-6.506,-21.002,-30.019
20.829,waypoint_1,-6.533,-21.096,-30.020
20.863,waypoint_1,-6.561,-21.190,-30.021
20.895,waypoint_1,-6.588,-21.285,-30.022
20.929,waypoint_1,-6.623,-21.403,-30.024
20.963,waypoint_1,-6.651,-21.497,-30.025
20.995,waypoint_1,-6.678,-21.592,-30.026
21.029,waypoint_1,-6.706,-21.686,-30.026
21.063,waypoint_1,-6.734,-21.780,-30.027
21.095,waypoint_1,-6.762,-21.875,-30.028
21.129,waypoint_1,-6.797,-21.993,-30.029
21.163,waypoint_1,-6.825,-22.087,-30.030
21.195,waypoint_1,-6.854,-22.182,-30.030
21.229,waypoint_1,-6.882,-22.276,-30.031
21.263,waypoint_1,-6.910,-22.370,-30.032
21.295,waypoint_1,-6.938,-22.465,-30.033
21.329,waypoint_1,-6.974,-22.583,-30.033
21.363,waypoint_1,-7.002,-22.677,-30.034
21.395,waypoint_1,-7.030,-22.771,-30.034
21.429,waypoint_1,-7.059,-22.866,-30.034
21.463,waypoint_1,-7.087,-22.960,-30.034
21.495,waypoint_1,-7.116,-23.055,-30.034
21.529,waypoint_1,-7.151,-23.173,-30.034
21.563,waypoint_1,-7.180,-23.267,-30.034
21.595,waypoint_1,-7.208,-23.361,-30.033
21.629,waypoint_1,-7.236,-23.456,-30.033
21.663,waypoint_1,-7.265,-23.550,-30.033
21.695,waypoint_1,-7.293,-23.644,-30.032
21.729,waypoint_1,-7.329,-23.762,-30.032
21.763,waypoint_1,-7.357,-23.856,-30.031
21.795,waypoint_1,-7.385,-23.951,-30.031
21.829,waypoint_1,-7.412,-24.045,-30.030
21.863,waypoint_1,-7.440,-24.139,-30.030
21.895,waypoint_1,-7.468,-24.233,-30.030
21.929,waypoint_1,-7.502,-24.351,-30.030
21.963,waypoint_1,-7.529,-24.445,-30.029
21.995,waypoint_1,-7.556,-24.539,-30.029
22.029,waypoint_1,-7.583,-24.633,-30.029
22.063,waypoint_1,-7.609,-24.727,-30.029
22.095,waypoint_1,-7.636,-24.821,-30.029
22.129,waypoint_1,-7.669,-24.939,-30.030
22.163,waypoint_1,-7.696,-25.032,-30.030
22.195,waypoint_1,-7.723,-25.126,-30.030
22.229,waypoint_1,-7.749,-25.220,-30.030
22.263,waypoint_1,-7.776,-25.314,-30.031
22.295,waypoint_1,-7.802,-25.408,-30.031
22.329,waypoint_1,-7.835,-25.526,-30.031
22.363,waypoint_1,-7.862,-25.620,-30.031
22.395,waypoint_1,-7.889,-25.713,-30.032
22.429,waypoint_1,-7.915,-25.807,-30.032
22.463,waypoint_1,-7.942,-25.901,-30.032
22.495,waypoint_1,-7.969,-25.995,-30.032
22.529,waypoint_1,-8.003,-26.112,-30.032
22.563,waypoint_1,-8.030,-26.206,-30.032
22.595,waypoint_1,-8.057,-26.300,-30.032
22.629,waypoint_1,-8.084,-26.394,-30.032
22.663,waypoint_1,-8.111,-26.487,-30.032
22.695,waypoint_1,-8.138,-26.581,-30.032
22.729,waypoint_1,-8.172,-26.697,-30.031
22.763,waypoint_1,-8.199,-26.791,-30.031
22.795,waypoint_1,-8.226,-26.884,-30.031
22.829,waypoint_1,-8.253,-26.977,-30.030
22.863,waypoint_1,-8.280,-27.071,-30.030
22.895,waypoint_1,-8.307,-27.164,-30.029
22.929,waypoint_1,-8.341,-27.280,-30.028
22.963,waypoint_1,-8.367,-27.373,-30.028
22.995,waypoint_1,-8.394,-27.466,-30.027
23.029,waypoint_1,-8.421,-27.560,-30.027
23.063,waypoint_1,-8.448,-27.653,-30.026
23.095,waypoint_1,-8.474,-27.746,-30.026
23.129,waypoint_1,-8.508,-27.862,-30.025
23.163,waypoint_1,-8.534,-27.955,-30.025
23.195,waypoint_1,-8.561,-28.048,-30.024
23.229,waypoint_1,-8.588,-28.141,-30.023
23.263,waypoint_1,-8.614,-28.234,-30.023
23.295,waypoint_1,-8.641,-28.327,-30.022
23.329,waypoint_1,-8.674,-28.443,-30.021
23.363,waypoint_1,-8.701,-28.536,-30.021
23.395,waypoint_1,-8.727,-28.629,-30.020
23.429,waypoint_1,-8.754,-28.721,-30.019
23.465,waypoint_1,-8.781,-28.814,-30.019
23.496,waypoint_1,-8.807,-28.906,-30.018
23.530,waypoint_1,-8.840,-29.022,-30.017
23.564,waypoint_1,-8.867,-29.115,-30.017
23.596,waypoint_1,-8.893,-29.207,-30.016
23.630,waypoint_1,-8.919,-29.300,-30.016
23.664,waypoint_1,-8.946,-29.392,-30.015
23.696,waypoint_1,-8.973,-29.484,-30.015
23.730,waypoint_1,-9.006,-29.600,-30.015
23.764,waypoint_1,-9.032,-29.692,-30.015
23.796,waypoint_1,-9.059,-29.785,-30.014
23.830,waypoint_1,-9.086,-29.877,-30.014
23.864,waypoint_1,-9.113,-29.969,-30.015
23.896,waypoint_1,-9.140,-30.062,-30.015
23.930,waypoint_1,-9.173,-30.177,-30.015
23.964,waypoint_1,-9.200,-30.270,-30.015
23.996,waypoint_1,-9.226,-30.362,-30.016
24.030,waypoint_1,-9.253,-30.454,-30.016
24.064,waypoint_1,-9.280,-30.546,-30.017
24.096,waypoint_1,-9.306,-30.638,-30.018
24.130,waypoint_1,-9.340,-30.754,-30.018
24.164,waypoint_1,-9.366,-30.846,-30.019
24.196,waypoint_1,-9.393,-30.939,-30.019
24.230,waypoint_1,-9.420,-31.031,-30.020
24.264,waypoint_1,-9.447,-31.123,-30.020
24.296,waypoint_1,-9.474,-31.216,-30.020
24.330,waypoint_1,-9.507,-31.331,-30.020
24.364,waypoint_1,-9.534,-31.423,-30.020
24.396,waypoint_1,-9.561,-31.515,-30.020
24.430,waypoint_1,-9.588,-31.608,-30.020
24.464,waypoint_1,-9.615,-31.700,-30.019
24.496,waypoint_1,-9.641,-31.792,-30.019
24.530,waypoint_1,-9.675,-31.907,-30.019
24.564,waypoint_1,-9.702,-31.999,-30.018
24.596,waypoint_1,-9.729,-32.091,-30.018
24.630,waypoint_1,-9.756,-32.183,-30.018
24.664,waypoint_1,-9.783,-32.276,-30.017
24.696,waypoint_1,-9.811,-32.368,-30.017
24.730,waypoint_1,-9.845,-32.483,-30.016
24.764,waypoint_1,-9.872,-32.575,-30.015
24.796,waypoint_1,-9.900,-32.668,-30.015
24.830,waypoint_1,-9.928,-32.760,-30.014
24.864,waypoint_1,-9.956,-32.852,-30.014
24.896,waypoint_1,-9.984,-32.944,-30.013
24.930,waypoint_1,-10.019,-33.059,-30.013
24.964,waypoint_1,-10.047,-33.152,-30.013
24.996,waypoint_1,-10.075,-33.244,-30.012
25.030,waypoint_1,-10.103,-33.336,-30.012
25.064,waypoint_1,-10.131,-33.428,-30.012
25.096,waypoint_1,-10.159,-33.520,-30.012
25.130,waypoint_1,-10.194,-33.634,-30.012
25.164,waypoint_1,-10.222,-33.726,-30.012
25.196,waypoint_1,-10.250,-33.819,-30.012
25.230,waypoint_1,-10.278,-33.911,-30.012
25.264,waypoint_1,-10.306,-34.003,-30.013
25.296,waypoint_1,-10.333,-34.095,-30.013
25.330,waypoint_1,-10.368,-34.210,-30.013
25.364,waypoint_1,-10.396,-34.303,-30.013
25.396,waypoint_1,-10.424,-34.395,-30.013
25.430,waypoint_1,-10.452,-34.488,-30.013
25.464,waypoint_1,-10.480,-34.580,-30.013
25.496,waypoint_1,-10.508,-34.673,-30.014
25.530,waypoint_1,-10.543,-34.788,-30.014
25.564,waypoint_1,-10.571,-34.881,-30.014
25.596,waypoint_1,-10.599,-34.973,-30.014
25.630,waypoint_1,-10.628,-35.066,-30.014
25.664,waypoint_1,-10.656,-35.159,-30.014
25.696,waypoint_1,-10.684,-35.251,-30.014
25.730,waypoint_1,-10.720,-35.367,-30.014
25.764,waypoint_1,-10.748,-35.460,-30.014
25.796,waypoint_1,-10.776,-35.553,-30.013
25.830,waypoint_1,-10.804,-35.646,-30.013
25.864,waypoint_1,-10.833,-35.739,-30.013
25.896,waypoint_1,-10.861,-35.832,-30.012
25.930,waypoint_1,-10.896,-35.948,-30.012
25.964,waypoint_1,-10.924,-36.041,-30.012
25.996,waypoint_1,-10.952,-36.134,-30.011
26.030,waypoint_1,-10.980,-36.227,-30.011
26.064,waypoint_1,-11.008,-36.320,-30.011
26.096,waypoint_1,-11.035,-36.412,-30.011
26.130,waypoint_1,-11.070,-36.529,-30.010
26.164,waypoint_1,-11.097,-36.621,-30.010
26.196,waypoint_1,-11.124,-36.714,-30.010
26.230,waypoint_1,-11.151,-36.807,-30.010
26.264,waypoint_1,-11.178,-36.900,-30.009
26.296,waypoint_1,-11.205,-36.993,-30.009
26.330,waypoint_1,-11.238,-37.109,-30.009
26.364,waypoint_1,-11.264,-37.201,-30.008
26.396,waypoint_1,-11.290,-37.294,-30.008
26.430,waypoint_1,-11.316,-37.386,-30.008
26.464,waypoint_1,-11.342,-37.479,-30.008
26.496,waypoint_1,-11.368,-37.571,-30.008
26.530,waypoint_1,-11.400,-37.687,-30.009
26.564,waypoint_1,-11.426,-37.780,-30.009
26.596,waypoint_1,-11.452,-37.872,-30.009
26.630,waypoint_1,-11.478,-37.964,-30.010
26.664,waypoint_1,-11.503,-38.057,-30.010
26.696,waypoint_1,-11.529,-38.149,-30.011
26.730,waypoint_1,-11.562,-38.264,-30.012
26.764,waypoint_1,-11.588,-38.356,-30.012
26.796,waypoint_1,-11.614,-38.448,-30.013
26.830,waypoint_1,-11.640,-38.540,-30.013
26.864,waypoint_1,-11.666,-38.632,-30.014
26.896,waypoint_1,-11.692,-38.723,-30.014
26.930,waypoint_1,-11.725,-38.838,-30.015
26.964,waypoint_1,-11.751,-38.930,-30.016
26.996,waypoint_1,-11.777,-39.022,-30.016
27.030,waypoint_1,-11.803,-39.114,-30.017
27.064,waypoint_1,-11.828,-39.206,-30.017
27.096,waypoint_1,-11.854,-39.298,-30.018
27.130,waypoint_1,-11.887,-39.413,-30.018
27.164,waypoint_1,-11.913,-39.505,-30.019
27.196,waypoint_1,-11.939,-39.597,-30.019
27.230,waypoint_1,-11.964,-39.689,-30.020
27.264,waypoint_1,-11.990,-39.781,-30.020
27.296,waypoint_1,-12.016,-39.874,-30.021
27.330,waypoint_1,-12.048,-39.989,-30.021
27.364,waypoint_1,-12.074,-40.082,-30.022
27.396,waypoint_1,-12.099,-40.174,-30.022
27.452,waypoint_1,-12.125,-40.267,-30.023
27.489,waypoint_1,-12.151,-40.359,-30.023
27.521,waypoint_1,-12.176,-40.452,-30.023
27.555,waypoint_1,-12.208,-40.567,-30.023
27.589,waypoint_1,-12.234,-40.660,-30.023
27.621,waypoint_1,-12.260,-40.752,-30.023
27.655,waypoint_1,-12.286,-40.845,-30.023
27.689,waypoint_1,-12.312,-40.937,-30.023
27.721,waypoint_1,-12.339,-41.030,-30.023
27.755,waypoint_1,-12.372,-41.145,-30.023
27.789,waypoint_1,-12.398,-41.238,-30.022
27.821,waypoint_1,-12.425,-41.331,-30.022
27.855,waypoint_1,-12.451,-41.423,-30.022
27.889,waypoint_1,-12.478,-41.516,-30.022
27.921,waypoint_1,-12.505,-41.609,-30.022
27.956,waypoint_1,-12.538,-41.725,-30.022
27.990,waypoint_1,-12.565,-41.817,-30.022
28.023,waypoint_1,-12.592,-41.910,-30.021
28.057,waypoint_1,-12.619,-42.003,-30.021
28.091,waypoint_1,-12.646,-42.095,-30.020
28.123,waypoint_1,-12.673,-42.188,-30.020
28.157,waypoint_1,-12.706,-42.304,-30.019
28.191,waypoint_1,-12.733,-42.397,-30.019
28.223,waypoint_1,-12.760,-42.490,-30.018
28.257,waypoint_1,-12.787,-42.583,-30.018
28.291,waypoint_1,-12.814,-42.675,-30.017
28.323,waypoint_1,-12.841,-42.767,-30.016
28.357,waypoint_1,-12.874,-42.883,-30.016
28.391,waypoint_1,-12.901,-42.975,-30.015
28.423,waypoint_1,-12.928,-43.067,-30.014
28.457,waypoint_1,-12.954,-43.159,-30.014
28.491,waypoint_1,-12.981,-43.251,-30.014
28.523,waypoint_1,-13.007,-43.343,-30.013
28.557,waypoint_1,-13.040,-43.458,-30.013
28.591,waypoint_1,-13.066,-43.550,-30.013
28.623,waypoint_1,-13.093,-43.642,-30.013
28.657,waypoint_1,-13.119,-43.734,-30.013
28.691,waypoint_1,-13.145,-43.826,-30.013
28.723,waypoint_1,-13.172,-43.918,-30.013
28.757,waypoint_1,-13.204,-44.033,-30.013
28.791,waypoint_1,-13.231,-44.125,-30.013
28.823,waypoint_1,-13.257,-44.217,-30.013
28.857,waypoint_1,-13.284,-44.308,-30.013
28.891,waypoint_1,-13.310,-44.400,-30.013
28.923,waypoint_1,-13.337,-44.492,-30.013
28.957,waypoint_1,-13.370,-44.607,-30.013
28.991,waypoint_1,-13.396,-44.699,-30.013
29.023,waypoint_1,-13.423,-44.791,-30.013
29.057,waypoint_1,-13.450,-44.883,-30.013
29.091,waypoint_1,-13.477,-44.975,-30.013
29.123,waypoint_1,-13.503,-45.067,-30.013
29.157,waypoint_1,-13.537,-45.181,-30.013
29.191,waypoint_1,-13.564,-45.273,-30.013
29.223,waypoint_1,-13.590,-45.364,-30.014
29.257,waypoint_1,-13.617,-45.456,-30.014
29.291,waypoint_1,-13.644,-45.547,-30.014
29.323,waypoint_1,-13.671,-45.639,-30.014
29.357,waypoint_1,-13.704,-45.753,-30.014
29.391,waypoint_1,-13.731,-45.844,-30.014
29.423,waypoint_1,-13.757,-45.935,-30.014
29.457,waypoint_1,-13.784,-46.027,-30.014
29.491,waypoint_1,-13.810,-46.118,-30.014
29.523,waypoint_1,-13.836,-46.209,-30.014
29.557,waypoint_1,-13.869,-46.322,-30.013
29.591,waypoint_1,-13.895,-46.413,-30.013
29.623,waypoint_1,-13.922,-46.504,-30.013
29.657,waypoint_1,-13.948,-46.595,-30.013
29.691,waypoint_1,-13.974,-46.686,-30.012
29.723,waypoint_1,-14.001,-46.776,-30.012
29.757,waypoint_1,-14.034,-46.890,-30.012
29.791,waypoint_1,-14.061,-46.981,-30.012
29.823,waypoint_1,-14.087,-47.072,-30.012
29.857,waypoint_1,-14.114,-47.162,-30.012
29.891,waypoint_1,-14.141,-47.253,-30.013
29.923,waypoint_1,-14.168,-47.344,-30.013
29.957,waypoint_1,-14.201,-47.458,-30.013
29.991,waypoint_1,-14.228,-47.549,-30.013
30.023,waypoint_1,-14.255,-47.640,-30.013
30.057,waypoint_1,-14.283,-47.731,-30.013
30.091,waypoint_1,-14.310,-47.822,-30.014
30.123,waypoint_1,-14.337,-47.913,-30.014
30.157,waypoint_1,-14.370,-48.027,-30.015
30.191,waypoint_1,-14.397,-48.118,-30.015
30.223,waypoint_1,-14.424,-48.209,-30.016
30.257,waypoint_1,-14.452,-48.301,-30.016
30.291,waypoint_1,-14.479,-48.392,-30.017
30.323,waypoint_1,-14.506,-48.484,-30.017
30.357,waypoint_1,-14.539,-48.598,-30.018
30.391,waypoint_1,-14.567,-48.689,-30.018
30.423,waypoint_1,-14.594,-48.781,-30.019
30.457,waypoint_1,-14.621,-48.872,-30.019
30.491,waypoint_1,-14.649,-48.964,-30.019
30.523,waypoint_1,-14.676,-49.055,-30.019
30.557,waypoint_1,-14.710,-49.170,-30.020
30.591,waypoint_1,-14.738,-49.261,-30.020
30.623,waypoint_1,-14.765,-49.352,-30.020
30.657,waypoint_1,-14.792,-49.443,-30.020
30.691,waypoint_1,-14.820,-49.535,-30.019
30.723,waypoint_1,-14.847,-49.626,-30.019
30.757,waypoint_1,-14.881,-49.740,-30.019
30.791,waypoint_1,-14.908,-49.831,-30.019
30.823,waypoint_1,-14.936,-49.922,-30.019
30.857,waypoint_1,-14.963,-50.013,-30.019
30.891,waypoint_1,-14.990,-50.104,-30.019
30.923,waypoint_1,-15.017,-50.195,-30.019
30.957,waypoint_1,-15.051,-50.309,-30.019
30.991,waypoint_1,-15.079,-50.400,-30.018
31.023,waypoint_1,-15.106,-50.491,-30.018
31.057,waypoint_1,-15.133,-50.582,-30.018
31.091,waypoint_1,-15.160,-50.673,-30.018
31.123,waypoint_1,-15.187,-50.764,-30.018
31.157,waypoint_1,-15.221,-50.877,-30.018
31.191,waypoint_1,-15.248,-50.968,-30.018
31.223,waypoint_1,-15.276,-51.059,-30.017
31.257,waypoint_1,-15.303,-51.149,-30.017
31.291,waypoint_1,-15.330,-51.240,-30.017
31.323,waypoint_1,-15.357,-51.331,-30.017
31.357,waypoint_1,-15.391,-51.444,-30.016
31.391,waypoint_1,-15.418,-51.535,-30.016
31.423,waypoint_1,-15.445,-51.626,-30.016
31.457,waypoint_1,-15.472,-51.716,-30.015
31.491,waypoint_1,-15.499,-51.807,-30.015
31.523,waypoint_1,-15.526,-51.898,-30.015
31.557,waypoint_1,-15.559,-52.011,-30.015
31.591,waypoint_1,-15.586,-52.102,-30.015
31.623,waypoint_1,-15.613,-52.193,-30.015
31.657,waypoint_1,-15.640,-52.284,-30.015
31.691,waypoint_1,-15.667,-52.375,-30.015
31.723,waypoint_1,-15.694,-52.467,-30.015
31.757,waypoint_1,-15.728,-52.581,-30.015
31.791,waypoint_1,-15.755,-52.672,-30.016
31.823,waypoint_1,-15.781,-52.763,-30.016
31.858,waypoint_1,-15.808,-52.855,-30.016
31.891,waypoint_1,-15.834,-52.946,-30.016
31.923,waypoint_1,-15.861,-53.037,-30.017
31.957,waypoint_1,-15.894,-53.151,-30.017
31.991,waypoint_1,-15.920,-53.243,-30.017
32.023,waypoint_1,-15.946,-53.334,-30.017
32.057,waypoint_1,-15.973,-53.426,-30.017
32.091,waypoint_1,-15.999,-53.518,-30.017
32.123,waypoint_1,-16.025,-53.609,-30.018
32.157,waypoint_1,-16.058,-53.724,-30.018
32.191,waypoint_1,-16.084,-53.816,-30.018
32.223,waypoint_1,-16.110,-53.908,-30.018
32.257,waypoint_1,-16.136,-54.000,-30.018
32.291,waypoint_1,-16.162,-54.091,-30.019
32.323,waypoint_1,-16.188,-54.183,-30.019
32.357,waypoint_1,-16.221,-54.298,-30.020
32.391,waypoint_1,-16.247,-54.390,-30.020
32.423,waypoint_1,-16.273,-54.481,-30.021
32.457,waypoint_1,-16.299,-54.573,-30.021
32.491,waypoint_1,-16.325,-54.665,-30.022
32.523,waypoint_1,-16.351,-54.757,-30.022
32.557,waypoint_1,-16.384,-54.871,-30.022
32.591,waypoint_1,-16.410,-54.963,-30.023
32.623,waypoint_1,-16.436,-55.055,-30.023
32.657,waypoint_1,-16.463,-55.146,-30.024
32.691,waypoint_1,-16.489,-55.238,-30.024
32.723,waypoint_1,-16.516,-55.330,-30.024
32.757,waypoint_1,-16.549,-55.444,-30.025
32.791,waypoint_1,-16.575,-55.536,-30.025
32.823,waypoint_1,-16.602,-55.627,-30.025
32.857,waypoint_1,-16.629,-55.719,-30.025
32.891,waypoint_1,-16.655,-55.811,-30.026
32.923,waypoint_1,-16.682,-55.902,-30.026
32.957,waypoint_1,-16.716,-56.017,-30.026
32.991,waypoint_1,-16.742,-56.109,-30.026
33.024,waypoint_1,-16.770,-56.200,-30.026
33.057,waypoint_1,-16.797,-56.292,-30.026
33.091,waypoint_1,-16.824,-56.384,-30.026
33.123,waypoint_1,-16.851,-56.476,-30.026
33.157,waypoint_1,-16.885,-56.590,-30.026
33.191,waypoint_1,-16.912,-56.682,-30.026
33.223,waypoint_1,-16.939,-56.774,-30.026
33.257,waypoint_1,-16.967,-56.866,-30.026
33.291,waypoint_1,-16.994,-56.958,-30.026
33.323,waypoint_1,-17.021,-57.050,-30.026
33.357,waypoint_1,-17.055,-57.165,-30.025
33.391,waypoint_1,-17.082,-57.257,-30.025
33.423,waypoint_1,-17.109,-57.349,-30.025
33.457,waypoint_1,-17.136,-57.441,-30.025
33.491,waypoint_1,-17.163,-57.533,-30.025
33.523,waypoint_1,-17.190,-57.626,-30.024
33.557,waypoint_1,-17.224,-57.741,-30.024
33.591,waypoint_1,-17.251,-57.833,-30.024
33.623,waypoint_1,-17.278,-57.925,-30.023
33.657,waypoint_1,-17.305,-58.018,-30.023
33.691,waypoint_1,-17.332,-58.110,-30.023
33.723,waypoint_1,-17.359,-58.202,-30.022
33.757,waypoint_1,-17.393,-58.318,-30.022
33.791,waypoint_1,-17.419,-58.410,-30.022
33.824,waypoint_1,-17.446,-58.502,-30.022
33.857,waypoint_1,-17.473,-58.595,-30.021
33.891,waypoint_1,-17.500,-58.687,-30.021
33.923,waypoint_1,-17.527,-58.779,-30.021
33.957,waypoint_1,-17.561,-58.895,-30.021
33.991,waypoint_1,-17.588,-58.987,-30.021
34.023,waypoint_1,-17.615,-59.079,-30.020
34.057,waypoint_1,-17.642,-59.172,-30.020
34.091,waypoint_1,-17.669,-59.264,-30.020
34.123,waypoint_1,-17.697,-59.356,-30.020
34.157,waypoint_1,-17.730,-59.472,-30.019
34.191,waypoint_1,-17.758,-59.564,-30.019
34.223,waypoint_1,-17.785,-59.656,-30.019
34.257,waypoint_1,-17.812,-59.749,-30.019
34.291,waypoint_1,-17.839,-59.841,-30.018
34.324,waypoint_1,-17.866,-59.934,-30.018
34.357,waypoint_1,-17.900,-60.049,-30.018
34.391,waypoint_1,-17.927,-60.142,-30.017
34.423,waypoint_1,-17.954,-60.235,-30.017
34.457,waypoint_1,-17.981,-60.327,-30.016
34.491,waypoint_1,-18.008,-60.420,-30.016
34.523,waypoint_1,-18.035,-60.512,-30.016
34.557,waypoint_1,-18.069,-60.628,-30.016
34.591,waypoint_1,-18.096,-60.720,-30.015
34.623,waypoint_1,-18.123,-60.812,-30.015
34.657,waypoint_1,-18.151,-60.904,-30.015
34.691,waypoint_1,-18.178,-60.996,-30.014
34.723,waypoint_1,-18.205,-61.089,-30.014
34.757,waypoint_1,-18.239,-61.204,-30.013
34.791,waypoint_1,-18.266,-61.296,-30.013
34.823,waypoint_1,-18.292,-61.389,-30.012
34.857,waypoint_1,-18.319,-61.481,-30.012
34.891,waypoint_1,-18.346,-61.574,-30.011
34.923,waypoint_1,-18.372,-61.667,-30.011
34.957,waypoint_1,-18.406,-61.782,-30.010
34.991,waypoint_1,-18.432,-61.875,-30.010
35.023,waypoint_1,-18.458,-61.967,-30.009
35.057,waypoint_1,-18.485,-62.059,-30.009
35.091,waypoint_1,-18.511,-62.152,-30.008
35.123,waypoint_1,-18.538,-62.244,-30.007
35.157,waypoint_1,-18.571,-62.360,-30.007
35.191,waypoint_1,-18.598,-62.452,-30.006
35.223,waypoint_1,-18.624,-62.544,-30.006
35.257,waypoint_1,-18.651,-62.635,-30.006
35.291,waypoint_1,-18.678,-62.727,-30.006
35.323,waypoint_1,-18.705,-62.819,-30.006
35.357,waypoint_1,-18.739,-62.933,-30.006
35.391,waypoint_1,-18.765,-63.025,-30.007
35.423,waypoint_1,-18.792,-63.116,-30.007
35.457,waypoint_1,-18.819,-63.208,-30.008
35.491,waypoint_1,-18.846,-63.299,-30.009
35.523,waypoint_1,-18.873,-63.390,-30.010
35.557,waypoint_1,-18.906,-63.504,-30.011
35.591,waypoint_1,-18.933,-63.595,-30.013
35.623,waypoint_1,-18.960,-63.686,-30.014
35.657,waypoint_1,-18.986,-63.777,-30.015
35.691,waypoint_1,-19.013,-63.868,-30.016
35.723,waypoint_1,-19.040,-63.959,-30.018
35.757,waypoint_1,-19.073,-64.072,-30.019
35.791,waypoint_1,-19.100,-64.163,-30.020
35.823,waypoint_1,-19.127,-64.254,-30.021
35.857,waypoint_1,-19.154,-64.345,-30.022
35.891,waypoint_1,-19.181,-64.435,-30.023
35.923,waypoint_1,-19.209,-64.526,-30.024
35.957,waypoint_1,-19.242,-64.639,-30.025
35.991,waypoint_1,-19.269,-64.730,-30.026
36.023,waypoint_1,-19.297,-64.820,-30.026
36.057,waypoint_1,-19.324,-64.911,-30.027
36.091,waypoint_1,-19.351,-65.002,-30.027
36.123,waypoint_1,-19.379,-65.093,-30.028
36.157,waypoint_1,-19.413,-65.206,-30.028
36.191,waypoint_1,-19.441,-65.297,-30.028
36.223,waypoint_1,-19.469,-65.388,-30.028
36.258,waypoint_1,-19.497,-65.479,-30.028
36.291,waypoint_1,-19.525,-65.570,-30.028
36.323,waypoint_1,-19.553,-65.662,-30.028
36.357,waypoint_1,-19.587,-65.776,-30.028
36.391,waypoint_1,-19.615,-65.867,-30.028
36.423,waypoint_1,-19.643,-65.959,-30.027
36.457,waypoint_1,-19.671,-66.050,-30.027
36.491,waypoint_1,-19.699,-66.142,-30.027
36.523,waypoint_1,-19.727,-66.234,-30.026
36.557,waypoint_1,-19.762,-66.349,-30.026
36.591,waypoint_1,-19.791,-66.441,-30.025
36.623,waypoint_1,-19.819,-66.533,-30.025
36.657,waypoint_1,-19.847,-66.625,-30.024
36.691,waypoint_1,-19.875,-66.718,-30.024
36.723,waypoint_1,-19.903,-66.810,-30.023
36.757,waypoint_1,-19.938,-66.925,-30.023
36.791,waypoint_1,-19.965,-67.018,-30.022
36.823,waypoint_1,-19.993,-67.110,-30.021
36.857,waypoint_1,-20.021,-67.203,-30.021
36.891,waypoint_1,-20.048,-67.295,-30.020
36.923,waypoint_1,-20.076,-67.388,-30.020
36.957,waypoint_1,-20.109,-67.503,-30.019
36.991,waypoint_1,-20.137,-67.596,-30.019
37.023,waypoint_1,-20.164,-67.689,-30.018
37.057,waypoint_1,-20.191,-67.781,-30.018
37.091,waypoint_1,-20.218,-67.874,-30.018
37.123,waypoint_1,-20.245,-67.966,-30.017
37.157,waypoint_1,-20.278,-68.082,-30.017
37.191,waypoint_1,-20.305,-68.175,-30.017
37.223,waypoint_1,-20.332,-68.267,-30.017
37.257,waypoint_1,-20.358,-68.360,-30.016
37.291,waypoint_1,-20.385,-68.452,-30.016
37.323,waypoint_1,-20.412,-68.545,-30.016
37.357,waypoint_1,-20.445,-68.661,-30.016
37.391,waypoint_1,-20.472,-68.753,-30.015
37.423,waypoint_1,-20.498,-68.846,-30.015
37.457,waypoint_1,-20.525,-68.939,-30.015
37.491,waypoint_1,-20.552,-69.031,-30.015
37.523,waypoint_1,-20.578,-69.124,-30.015
37.557,waypoint_1,-20.611,-69.240,-30.015
37.591,waypoint_1,-20.638,-69.332,-30.015
37.623,waypoint_1,-20.665,-69.425,-30.015
37.657,waypoint_1,-20.692,-69.517,-30.015
37.691,waypoint_1,-20.718,-69.610,-30.014
37.723,waypoint_1,-20.745,-69.702,-30.014
37.757,waypoint_1,-20.779,-69.817,-30.014
37.791,waypoint_1,-20.805,-69.910,-30.013
37.823,waypoint_1,-20.832,-70.002,-30.013
37.857,waypoint_1,-20.859,-70.094,-30.012
37.891,waypoint_1,-20.886,-70.186,-30.012
37.923,waypoint_1,-20.913,-70.278,-30.011
37.957,waypoint_1,-20.947,-70.393,-30.010
37.991,waypoint_1,-20.974,-70.485,-30.010
38.023,waypoint_1,-21.001,-70.577,-30.009
38.057,waypoint_1,-21.028,-70.669,-30.008
38.091,waypoint_1,-21.056,-70.761,-30.007
38.123,waypoint_1,-21.083,-70.852,-30.007
38.157,waypoint_1,-21.118,-70.967,-30.006
38.191,waypoint_1,-21.145,-71.059,-30.005
38.223,waypoint_1,-21.173,-71.151,-30.004
38.257,waypoint_1,-21.201,-71.243,-30.004
38.291,waypoint_1,-21.229,-71.334,-30.003
38.323,waypoint_1,-21.256,-71.426,-30.003
38.357,waypoint_1,-21.291,-71.540,-30.002
38.391,waypoint_1,-21.319,-71.632,-30.002
38.423,waypoint_1,-21.347,-71.723,-30.002
38.457,waypoint_1,-21.375,-71.815,-30.002
38.491,waypoint_1,-21.403,-71.906,-30.002
38.523,waypoint_1,-21.431,-71.998,-30.002
38.557,waypoint_1,-21.466,-72.112,-30.002
38.591,waypoint_1,-21.494,-72.204,-30.002
38.623,waypoint_1,-21.523,-72.295,-30.002
38.657,waypoint_1,-21.550,-72.387,-30.003
38.691,waypoint_1,-21.578,-72.479,-30.003
38.723,waypoint_1,-21.606,-72.570,-30.004
38.757,waypoint_1,-21.641,-72.685,-30.005
38.791,waypoint_1,-21.668,-72.777,-30.005
38.823,waypoint_1,-21.696,-72.868,-30.006
38.857,waypoint_1,-21.723,-72.960,-30.006
38.891,waypoint_1,-21.750,-73.051,-30.007
38.923,waypoint_1,-21.777,-73.142,-30.007
38.957,waypoint_1,-21.811,-73.256,-30.008
38.991,waypoint_1,-21.838,-73.347,-30.008
39.023,waypoint_1,-21.865,-73.438,-30.009
39.057,waypoint_1,-21.892,-73.529,-30.009
39.091,waypoint_1,-21.919,-73.620,-30.009
39.123,waypoint_1,-21.946,-73.711,-30.009
39.157,waypoint_1,-21.980,-73.825,-30.010
39.191,waypoint_1,-22.007,-73.916,-30.010
39.223,waypoint_1,-22.034,-74.006,-30.010
39.257,waypoint_1,-22.061,-74.097,-30.010
39.291,waypoint_1,-22.088,-74.188,-30.010
39.323,waypoint_1,-22.115,-74.279,-30.011
39.357,waypoint_1,-22.148,-74.392,-30.011
39.391,waypoint_1,-22.175,-74.483,-30.011
39.423,waypoint_1,-22.202,-74.574,-30.011
39.457,waypoint_1,-22.229,-74.664,-30.012
39.491,waypoint_1,-22.256,-74.755,-30.012
39.523,waypoint_1,-22.283,-74.846,-30.012
39.557,waypoint_1,-22.316,-74.959,-30.012
39.591,waypoint_2,-22.343,-75.050,-30.012
39.623,waypoint_2,-22.369,-75.141,-30.012
39.657,waypoint_2,-22.396,-75.232,-30.013
39.691,waypoint_2,-22.422,-75.323,-30.013
39.723,waypoint_2,-22.448,-75.414,-30.016
39.757,waypoint_2,-22.481,-75.527,-30.021
39.791,waypoint_2,-22.505,-75.617,-30.027
39.823,waypoint_2,-22.529,-75.708,-30.033
39.857,waypoint_2,-22.551,-75.797,-30.040
39.891,waypoint_2,-22.570,-75.887,-30.047
39.923,waypoint_2,-22.587,-75.976,-30.054
39.957,waypoint_2,-22.604,-76.087,-30.062
39.991,waypoint_2,-22.613,-76.175,-30.067
40.023,waypoint_2,-22.619,-76.262,-30.071
40.057,waypoint_2,-22.621,-76.349,-30.075
40.091,waypoint_2,-22.618,-76.435,-30.077
40.123,waypoint_2,-22.612,-76.521,-30.078
40.157,waypoint_2,-22.599,-76.628,-30.079
40.191,waypoint_2,-22.584,-76.712,-30.079
40.223,waypoint_2,-22.565,-76.797,-30.078
40.257,waypoint_2,-22.543,-76.880,-30.076
40.291,waypoint_2,-22.517,-76.964,-30.074
40.323,waypoint_2,-22.488,-77.047,-30.071
40.357,waypoint_2,-22.447,-77.150,-30.067
40.391,waypoint_2,-22.412,-77.232,-30.064
40.423,waypoint_2,-22.373,-77.314,-30.060
40.457,waypoint_2,-22.333,-77.396,-30.057
40.491,waypoint_2,-22.290,-77.477,-30.053
40.523,waypoint_2,-22.246,-77.559,-30.050
40.557,waypoint_2,-22.187,-77.661,-30.045
40.591,waypoint_2,-22.139,-77.742,-30.042
40.623,waypoint_2,-22.089,-77.824,-30.039
40.657,waypoint_2,-22.038,-77.905,-30.036
40.691,waypoint_2,-21.986,-77.986,-30.033
40.723,waypoint_2,-21.933,-78.067,-30.031
40.757,waypoint_2,-21.865,-78.169,-30.028
40.791,waypoint_2,-21.811,-78.250,-30.026
40.823,waypoint_2,-21.756,-78.331,-30.025
40.857,waypoint_2,-21.700,-78.412,-30.023
40.891,waypoint_2,-21.644,-78.492,-30.022
40.923,waypoint_2,-21.587,-78.573,-30.021
40.957,waypoint_2,-21.517,-78.674,-30.020
40.991,waypoint_2,-21.460,-78.755,-30.020
41.023,waypoint_2,-21.403,-78.836,-30.019
41.057,waypoint_2,-21.346,-78.916,-30.019
41.091,waypoint_2,-21.289,-78.997,-30.018
41.123,waypoint_2,-21.231,-79.078,-30.018
41.157,waypoint_2,-21.160,-79.179,-30.017
41.191,waypoint_2,-21.103,-79.260,-30.017
41.223,waypoint_2,-21.046,-79.340,-30.016
41.257,waypoint_2,-20.990,-79.421,-30.016
41.291,waypoint_2,-20.933,-79.501,-30.016
41.323,waypoint_2,-20.877,-79.581,-30.015
41.357,waypoint_2,-20.807,-79.681,-30.015
41.391,waypoint_2,-20.751,-79.761,-30.015
41.423,waypoint_2,-20.694,-79.840,-30.015
41.457,waypoint_2,-20.638,-79.920,-30.015
41.491,waypoint_2,-20.583,-79.999,-30.015
41.523,waypoint_2,-20.527,-80.078,-30.015
41.557,waypoint_2,-20.457,-80.177,-30.015
41.591,waypoint_2,-20.401,-80.256,-30.015
41.623,waypoint_2,-20.346,-80.334,-30.016
41.657,waypoint_2,-20.290,-80.413,-30.016
41.691,waypoint_2,-20.234,-80.492,-30.016
41.723,waypoint_2,-20.179,-80.570,-30.017
41.757,waypoint_2,-20.109,-80.669,-30.017
41.791,waypoint_2,-20.053,-80.747,-30.017
41.823,waypoint_2,-19.998,-80.826,-30.018
41.857,waypoint_2,-19.942,-80.904,-30.018
41.891,waypoint_2,-19.886,-80.982,-30.018
41.923,waypoint_2,-19.830,-81.060,-30.018
41.957,waypoint_2,-19.760,-81.158,-30.018
41.991,waypoint_2,-19.704,-81.236,-30.018
42.023,waypoint_2,-19.649,-81.313,-30.018
42.057,waypoint_2,-19.593,-81.391,-30.017
42.091,waypoint_2,-19.537,-81.469,-30.017
42.123,waypoint_2,-19.481,-81.546,-30.016
42.157,waypoint_2,-19.412,-81.642,-30.016
42.191,waypoint_2,-19.356,-81.719,-30.015
42.223,waypoint_2,-19.300,-81.796,-30.014
42.257,waypoint_2,-19.244,-81.873,-30.013
42.291,waypoint_2,-19.188,-81.950,-30.012
42.323,waypoint_2,-19.132,-82.027,-30.012
42.357,waypoint_2,-19.062,-82.123,-30.011
42.391,waypoint_2,-19.006,-82.199,-30.010
42.423,waypoint_2,-18.950,-82.276,-30.010
42.457,waypoint_2,-18.893,-82.353,-30.009
42.491,waypoint_2,-18.836,-82.430,-30.009
42.523,waypoint_2,-18.780,-82.507,-30.008
42.557,waypoint_2,-18.709,-82.603,-30.008
42.591,waypoint_2,-18.652,-82.680,-30.007
42.623,waypoint_2,-18.595,-82.757,-30.007
42.657,waypoint_2,-18.538,-82.834,-30.006
42.691,waypoint_2,-18.481,-82.911,-30.006
42.723,waypoint_2,-18.424,-82.988,-30.006
42.757,waypoint_2,-18.352,-83.084,-30.006
42.791,waypoint_2,-18.294,-83.161,-30.006
42.823,waypoint_2,-18.237,-83.237,-30.006
42.857,waypoint_2,-18.179,-83.314,-30.006
42.891,waypoint_2,-18.121,-83.390,-30.006
42.923,waypoint_2,-18.063,-83.467,-30.006
42.957,waypoint_2,-17.991,-83.562,-30.006
42.991,waypoint_2,-17.933,-83.638,-30.006
43.023,waypoint_2,-17.875,-83.715,-30.006
43.057,waypoint_2,-17.817,-83.791,-30.007
43.091,waypoint_2,-17.759,-83.866,-30.007
43.123,waypoint_2,-17.701,-83.942,-30.007
43.157,waypoint_2,-17.628,-84.037,-30.007
43.191,waypoint_2,-17.570,-84.112,-30.007
43.223,waypoint_2,-17.512,-84.188,-30.007
43.257,waypoint_2,-17.454,-84.264,-30.007
43.291,waypoint_2,-17.396,-84.339,-30.007
43.323,waypoint_2,-17.338,-84.415,-30.007
43.357,waypoint_2,-17.265,-84.509,-30.007
43.391,waypoint_2,-17.207,-84.584,-30.007
43.423,waypoint_2,-17.148,-84.660,-30.007
43.457,waypoint_2,-17.090,-84.735,-30.007
43.491,waypoint_2,-17.031,-84.811,-30.007
43.523,waypoint_2,-16.972,-84.887,-30.007
43.557,waypoint_2,-16.899,-84.981,-30.007
43.591,waypoint_2,-16.840,-85.057,-30.007
43.623,waypoint_2,-16.781,-85.132,-30.007
43.657,waypoint_2,-16.722,-85.208,-30.007
43.691,waypoint_2,-16.663,-85.284,-30.007
43.723,waypoint_2,-16.604,-85.359,-30.007
43.757,waypoint_2,-16.531,-85.454,-30.006
43.791,waypoint_2,-16.471,-85.529,-30.006
43.823,waypoint_2,-16.412,-85.605,-30.006
43.857,waypoint_2,-16.353,-85.680,-30.006
43.891,waypoint_2,-16.294,-85.756,-30.006
43.923,waypoint_2,-16.234,-85.831,-30.006
43.957,waypoint_2,-16.160,-85.925,-30.006
43.991,waypoint_2,-16.101,-86.001,-30.005
44.023,waypoint_2,-16.041,-86.076,-30.005
44.057,waypoint_2,-15.982,-86.152,-30.005
44.091,waypoint_2,-15.923,-86.227,-30.004
44.123,waypoint_2,-15.863,-86.303,-30.004
44.157,waypoint_2,-15.789,-86.397,-30.003
44.191,waypoint_2,-15.730,-86.473,-30.003
44.223,waypoint_2,-15.670,-86.549,-30.002
44.257,waypoint_2,-15.611,-86.625,-30.002
44.291,waypoint_2,-15.551,-86.701,-30.001
44.323,waypoint_2,-15.492,-86.776,-30.000
44.357,waypoint_2,-15.417,-86.871,-30.000
44.391,waypoint_2,-15.357,-86.947,-29.999
44.423,waypoint_2,-15.298,-87.023,-29.998
44.457,waypoint_2,-15.238,-87.100,-29.997
44.491,waypoint_2,-15.178,-87.176,-29.997
44.523,waypoint_2,-15.118,-87.252,-29.996
44.557,waypoint_2,-15.042,-87.347,-29.995
44.591,waypoint_2,-14.982,-87.423,-29.994
44.623,waypoint_2,-14.922,-87.499,-29.993
44.657,waypoint_2,-14.861,-87.575,-29.993
44.691,waypoint_2,-14.801,-87.651,-29.992
44.723,waypoint_2,-14.741,-87.727,-29.991
44.757,waypoint_2,-14.666,-87.822,-29.990
44.791,waypoint_2,-14.606,-87.898,-29.990
44.823,waypoint_2,-14.546,-87.974,-29.989
44.857,waypoint_2,-14.486,-88.050,-29.989
44.891,waypoint_2,-14.426,-88.126,-29.989
44.923,waypoint_2,-14.366,-88.202,-29.988
44.957,waypoint_2,-14.291,-88.297,-29.988
44.991,waypoint_2,-14.231,-88.373,-29.988
45.023,waypoint_2,-14.172,-88.449,-29.989
45.057,waypoint_2,-14.112,-88.525,-29.989
45.091,waypoint_2,-14.052,-88.601,-29.989
45.123,waypoint_2,-13.992,-88.677,-29.989
45.157,waypoint_2,-13.917,-88.773,-29.989
45.191,waypoint_2,-13.857,-88.848,-29.990
45.224,waypoint_2,-13.797,-88.924,-29.990
45.256,waypoint_2,-13.737,-89.000,-29.990
45.290,waypoint_2,-13.677,-89.076,-29.991
45.324,waypoint_2,-13.616,-89.152,-29.991
45.356,waypoint_2,-13.556,-89.228,-29.992
45.390,waypoint_2,-13.481,-89.322,-29.993
45.424,waypoint_2,-13.421,-89.398,-29.993
45.456,waypoint_2,-13.361,-89.474,-29.994
45.490,waypoint_2,-13.301,-89.550,-29.995
45.524,waypoint_2,-13.242,-89.625,-29.995
45.556,waypoint_2,-13.182,-89.701,-29.996
45.590,waypoint_2,-13.108,-89.796,-29.996
45.624,waypoint_2,-13.048,-89.872,-29.997
45.656,waypoint_2,-12.989,-89.947,-29.997
45.690,waypoint_2,-12.930,-90.023,-29.998
45.724,waypoint_2,-12.871,-90.099,-29.999
45.756,waypoint_2,-12.812,-90.175,-29.999
45.790,waypoint_2,-12.738,-90.270,-30.000
45.824,waypoint_2,-12.679,-90.345,-30.000
45.856,waypoint_2,-12.620,-90.421,-30.001
45.890,waypoint_2,-12.561,-90.497,-30.001
45.924,waypoint_2,-12.502,-90.573,-30.001
45.956,waypoint_2,-12.443,-90.648,-30.001
45.990,waypoint_2,-12.369,-90.743,-30.002
46.024,waypoint_2,-12.310,-90.819,-30.002
46.056,waypoint_2,-12.250,-90.895,-30.002
46.090,waypoint_2,-12.191,-90.970,-30.002
46.124,waypoint_2,-12.131,-91.046,-30.002
46.156,waypoint_2,-12.072,-91.122,-30.002
46.190,waypoint_2,-11.998,-91.217,-30.002
46.224,waypoint_2,-11.938,-91.293,-30.002
46.256,waypoint_2,-11.879,-91.368,-30.002
46.290,waypoint_2,-11.819,-91.444,-30.002
46.324,waypoint_2,-11.760,-91.520,-30.002
46.356,waypoint_2,-11.701,-91.596,-30.002
46.390,waypoint_2,-11.626,-91.691,-30.002
46.424,waypoint_2,-11.567,-91.766,-30.002
46.456,waypoint_2,-11.507,-91.842,-30.002
46.490,waypoint_2,-11.447,-91.918,-30.001
46.524,waypoint_2,-11.388,-91.994,-30.002
46.556,waypoint_2,-11.328,-92.071,-30.002
46.590,waypoint_2,-11.253,-92.166,-30.002
46.624,waypoint_2,-11.193,-92.242,-30.002
46.656,waypoint_2,-11.134,-92.319,-30.002
46.690,waypoint_2,-11.074,-92.395,-30.001
46.724,waypoint_2,-11.014,-92.472,-30.001
46.756,waypoint_2,-10.954,-92.548,-30.000
46.790,waypoint_2,-10.880,-92.644,-30.000
46.824,waypoint_2,-10.820,-92.720,-29.999
46.856,waypoint_2,-10.761,-92.797,-29.998
46.890,waypoint_2,-10.701,-92.873,-29.997
46.924,waypoint_2,-10.642,-92.950,-29.996
46.956,waypoint_2,-10.582,-93.027,-29.995
46.990,waypoint_2,-10.508,-93.123,-29.994
47.024,waypoint_2,-10.449,-93.200,-29.993
47.056,waypoint_2,-10.390,-93.277,-29.992
47.090,waypoint_2,-10.331,-93.355,-29.991
47.124,waypoint_2,-10.272,-93.432,-29.990
47.156,waypoint_2,-10.212,-93.510,-29.989
47.190,waypoint_2,-10.138,-93.607,-29.988
47.224,waypoint_2,-10.079,-93.684,-29.988
47.256,waypoint_2,-10.020,-93.762,-29.987
47.290,waypoint_2,-9.960,-93.840,-29.987
47.324,waypoint_2,-9.901,-93.918,-29.986
47.356,waypoint_2,-9.842,-93.995,-29.986
47.390,waypoint_2,-9.768,-94.093,-29.986
47.424,waypoint_2,-9.708,-94.171,-29.985
47.456,waypoint_2,-9.649,-94.249,-29.985
47.490,waypoint_2,-9.590,-94.327,-29.985
47.524,waypoint_2,-9.530,-94.405,-29.985
47.556,waypoint_2,-9.471,-94.483,-29.985
47.590,waypoint_2,-9.397,-94.581,-29.985
47.624,waypoint_2,-9.337,-94.659,-29.985
47.656,waypoint_2,-9.278,-94.737,-29.984
47.690,waypoint_2,-9.219,-94.815,-29.984
47.724,waypoint_2,-9.160,-94.893,-29.984
47.756,waypoint_2,-9.100,-94.971,-29.983
47.790,waypoint_2,-9.027,-95.069,-29.983
47.824,waypoint_2,-8.968,-95.147,-29.983
47.856,waypoint_2,-8.909,-95.225,-29.983
47.890,waypoint_2,-8.850,-95.304,-29.982
47.924,waypoint_2,-8.791,-95.382,-29.982
47.956,waypoint_2,-8.733,-95.460,-29.982
47.990,waypoint_2,-8.659,-95.558,-29.981
48.026,waypoint_2,-8.601,-95.637,-29.980
48.058,waypoint_2,-8.542,-95.715,-29.980
48.092,waypoint_2,-8.484,-95.793,-29.979
48.126,waypoint_2,-8.425,-95.872,-29.978
48.158,waypoint_2,-8.367,-95.950,-29.978
48.192,waypoint_2,-8.294,-96.048,-29.978
48.226,waypoint_2,-8.236,-96.126,-29.977
48.258,waypoint_2,-8.178,-96.204,-29.977
48.292,waypoint_2,-8.119,-96.283,-29.977
48.326,waypoint_2,-8.061,-96.361,-29.977
48.358,waypoint_2,-8.003,-96.439,-29.977
48.392,waypoint_2,-7.930,-96.537,-29.977
48.426,waypoint_2,-7.872,-96.616,-29.977
48.458,waypoint_2,-7.814,-96.694,-29.977
48.492,waypoint_2,-7.755,-96.772,-29.977
48.526,waypoint_2,-7.697,-96.850,-29.977
48.558,waypoint_2,-7.639,-96.928,-29.977
48.591,waypoint_2,-7.566,-97.025,-29.977
48.626,waypoint_2,-7.508,-97.103,-29.977
48.658,waypoint_2,-7.450,-97.181,-29.977
48.691,waypoint_2,-7.391,-97.258,-29.978
48.726,waypoint_2,-7.333,-97.336,-29.978
48.758,waypoint_2,-7.274,-97.413,-29.978
48.794,waypoint_2,-7.200,-97.510,-29.978
48.828,waypoint_2,-7.142,-97.587,-29.979
48.860,waypoint_2,-7.083,-97.664,-29.979
48.894,waypoint_2,-7.024,-97.741,-29.979
48.928,waypoint_2,-6.965,-97.819,-29.979
48.959,waypoint_2,-6.906,-97.896,-29.980
48.994,waypoint_2,-6.833,-97.992,-29.980
49.028,waypoint_2,-6.774,-98.069,-29.980
49.060,waypoint_2,-6.716,-98.146,-29.981
49.094,waypoint_2,-6.657,-98.223,-29.981
49.128,waypoint_2,-6.599,-98.300,-29.982
49.160,waypoint_2,-6.541,-98.376,-29.982
49.194,waypoint_2,-6.468,-98.472,-29.983
49.228,waypoint_2,-6.410,-98.548,-29.983
49.259,waypoint_2,-6.352,-98.625,-29.984
49.294,waypoint_2,-6.294,-98.701,-29.984
49.327,waypoint_2,-6.236,-98.777,-29.985
49.359,waypoint_2,-6.178,-98.854,-29.985
49.394,waypoint_2,-6.106,-98.949,-29.985
49.427,waypoint_2,-6.048,-99.026,-29.986
49.460,waypoint_2,-5.991,-99.102,-29.986
49.494,waypoint_2,-5.933,-99.179,-29.986
49.528,waypoint_2,-5.875,-99.255,-29.987
49.560,waypoint_2,-5.818,-99.332,-29.987
49.594,waypoint_2,-5.746,-99.428,-29.987
49.628,waypoint_2,-5.688,-99.505,-29.988
49.659,waypoint_2,-5.631,-99.582,-29.988
49.694,waypoint_2,-5.574,-99.659,-29.988
49.728,waypoint_2,-5.516,-99.736,-29.988
49.759,waypoint_2,-5.459,-99.813,-29.988
49.794,waypoint_2,-5.387,-99.910,-29.989
49.828,waypoint_2,-5.329,-99.987,-29.989
49.859,waypoint_2,-5.272,-100.064,-29.989
49.894,waypoint_2,-5.214,-100.141,-29.989
49.928,waypoint_2,-5.156,-100.218,-29.990
49.959,waypoint_2,-5.099,-100.294,-29.990
49.994,waypoint_2,-5.027,-100.390,-29.990
50.028,waypoint_2,-4.969,-100.467,-29.991
50.060,waypoint_2,-4.911,-100.544,-29.991
50.094,waypoint_2,-4.854,-100.621,-29.991
50.128,waypoint_2,-4.796,-100.697,-29.992
50.160,waypoint_2,-4.738,-100.774,-29.992
50.194,waypoint_2,-4.666,-100.870,-29.992
50.228,waypoint_2,-4.608,-100.946,-29.993
50.260,waypoint_2,-4.550,-101.023,-29.993
50.294,waypoint_2,-4.493,-101.100,-29.994
50.328,waypoint_2,-4.435,-101.177,-29.994
50.360,waypoint_2,-4.378,-101.254,-29.995
50.394,waypoint_2,-4.306,-101.350,-29.995
50.428,waypoint_2,-4.249,-101.427,-29.996
50.459,waypoint_2,-4.192,-101.504,-29.996
50.494,waypoint_2,-4.134,-101.581,-29.997
50.528,waypoint_2,-4.077,-101.658,-29.997
50.560,waypoint_2,-4.020,-101.736,-29.997
50.594,waypoint_2,-3.948,-101.832,-29.998
50.628,waypoint_2,-3.891,-101.909,-29.998
50.660,waypoint_2,-3.834,-101.986,-29.998
50.694,waypoint_2,-3.777,-102.064,-29.999
50.728,waypoint_2,-3.719,-102.141,-29.999
50.760,waypoint_2,-3.662,-102.218,-30.000
50.794,waypoint_2,-3.590,-102.315,-30.000
50.828,waypoint_2,-3.532,-102.392,-30.000
50.860,waypoint_2,-3.474,-102.469,-30.001
50.894,waypoint_2,-3.416,-102.547,-30.001
50.928,waypoint_2,-3.358,-102.624,-30.001
50.960,waypoint_2,-3.300,-102.701,-30.002
50.994,waypoint_2,-3.227,-102.797,-30.002
51.028,waypoint_2,-3.169,-102.875,-30.002
51.059,waypoint_2,-3.111,-102.952,-30.002
51.093,waypoint_2,-3.053,-103.029,-30.002
51.128,waypoint_2,-2.995,-103.106,-30.003
51.160,waypoint_2,-2.937,-103.184,-30.003
51.194,waypoint_2,-2.864,-103.280,-30.003
51.228,waypoint_2,-2.806,-103.358,-30.003
51.260,waypoint_2,-2.748,-103.435,-30.003
51.294,waypoint_2,-2.690,-103.512,-30.004
51.328,waypoint_2,-2.632,-103.590,-30.004
51.359,waypoint_2,-2.574,-103.667,-30.004
51.394,waypoint_2,-2.501,-103.763,-30.004
51.428,waypoint_2,-2.443,-103.841,-30.003
51.460,waypoint_2,-2.385,-103.918,-30.003
51.494,waypoint_2,-2.327,-103.995,-30.003
51.528,waypoint_2,-2.269,-104.072,-30.002
51.559,waypoint_2,-2.211,-104.150,-30.002
51.594,waypoint_2,-2.139,-104.246,-30.002
51.628,waypoint_2,-2.081,-104.323,-30.001
51.660,waypoint_2,-2.024,-104.401,-30.001
51.693,waypoint_2,-1.966,-104.478,-30.000
51.728,waypoint_2,-1.909,-104.555,-30.000
51.759,waypoint_2,-1.852,-104.633,-29.999
51.794,waypoint_2,-1.780,-104.729,-29.999
51.828,waypoint_2,-1.723,-104.806,-29.998
51.859,waypoint_2,-1.666,-104.884,-29.998
51.894,waypoint_2,-1.609,-104.961,-29.997
51.928,waypoint_2,-1.552,-105.039,-29.997
51.959,waypoint_2,-1.496,-105.116,-29.996
51.994,waypoint_2,-1.425,-105.213,-29.995
52.028,waypoint_2,-1.368,-105.290,-29.995
52.059,waypoint_2,-1.312,-105.368,-29.994
52.094,waypoint_2,-1.255,-105.445,-29.994
52.128,waypoint_2,-1.199,-105.523,-29.993
52.159,waypoint_2,-1.143,-105.600,-29.992
52.194,waypoint_2,-1.073,-105.697,-29.992
52.228,waypoint_2,-1.017,-105.774,-29.991
52.259,waypoint_2,-0.961,-105.851,-29.990
52.293,waypoint_2,-0.905,-105.928,-29.990
52.328,waypoint_2,-0.848,-106.006,-29.989
52.360,waypoint_2,-0.792,-106.083,-29.988
52.393,waypoint_2,-0.722,-106.179,-29.987
52.428,waypoint_2,-0.665,-106.257,-29.987
52.460,waypoint_2,-0.609,-106.334,-29.986
52.494,waypoint_2,-0.552,-106.411,-29.985
52.528,waypoint_2,-0.496,-106.488,-29.985
52.560,waypoint_2,-0.439,-106.566,-29.984
52.594,waypoint_2,-0.369,-106.662,-29.983
52.627,waypoint_2,-0.313,-106.739,-29.983
52.660,waypoint_2,-0.256,-106.816,-29.982
52.693,waypoint_2,-0.200,-106.894,-29.982
52.727,waypoint_2,-0.144,-106.971,-29.981
52.760,waypoint_2,-0.088,-107.048,-29.981
52.793,waypoint_2,-0.017,-107.145,-29.980
52.828,waypoint_2,0.039,-107.223,-29.980
52.860,waypoint_2,0.095,-107.300,-29.979
52.893,waypoint_2,0.151,-107.378,-29.979
52.927,waypoint_2,0.207,-107.456,-29.979
52.959,waypoint_2,0.263,-107.533,-29.979
52.993,waypoint_2,0.334,-107.630,-29.979
53.028,waypoint_2,0.390,-107.708,-29.979
53.059,waypoint_2,0.446,-107.786,-29.980
53.094,waypoint_2,0.502,-107.863,-29.980
53.128,waypoint_2,0.558,-107.941,-29.980
53.160,waypoint_2,0.614,-108.019,-29.981
53.193,waypoint_2,0.684,-108.116,-29.981
53.228,waypoint_2,0.740,-108.193,-29.982
53.259,waypoint_2,0.797,-108.271,-29.983
53.294,waypoint_2,0.853,-108.349,-29.983
53.328,waypoint_2,0.909,-108.426,-29.984
53.359,waypoint_2,0.966,-108.504,-29.985
53.394,waypoint_2,1.036,-108.601,-29.986
53.428,waypoint_2,1.093,-108.678,-29.986
53.459,waypoint_2,1.149,-108.756,-29.987
53.493,waypoint_2,1.206,-108.834,-29.988
53.528,waypoint_2,1.262,-108.912,-29.988
53.560,waypoint_2,1.319,-108.990,-29.989
53.594,waypoint_2,1.389,-109.088,-29.990
53.628,waypoint_2,1.446,-109.166,-29.991
53.660,waypoint_2,1.502,-109.244,-29.992
53.694,waypoint_2,1.559,-109.322,-29.993
53.728,waypoint_2,1.615,-109.401,-29.994
53.760,waypoint_2,1.672,-109.479,-29.995
53.794,waypoint_2,1.742,-109.577,-29.996
53.828,waypoint_2,1.799,-109.656,-29.997
53.859,waypoint_2,1.855,-109.735,-29.998
53.894,waypoint_2,1.911,-109.814,-29.999
53.928,waypoint_2,1.967,-109.892,-30.000
53.960,waypoint_2,2.023,-109.971,-30.001
53.994,waypoint_2,2.093,-110.070,-30.002
54.028,waypoint_2,2.149,-110.149,-30.003
54.060,waypoint_2,2.205,-110.228,-30.004
54.094,waypoint_2,2.261,-110.306,-30.005
54.128,waypoint_2,2.317,-110.385,-30.006
54.160,waypoint_2,2.373,-110.464,-30.006
54.194,waypoint_2,2.443,-110.562,-30.008
54.228,waypoint_2,2.499,-110.641,-30.009
54.259,waypoint_2,2.555,-110.720,-30.010
54.293,waypoint_2,2.610,-110.798,-30.010
54.328,waypoint_2,2.666,-110.877,-30.011
54.359,waypoint_2,2.722,-110.955,-30.012
54.394,waypoint_2,2.791,-111.053,-30.012
54.428,waypoint_2,2.847,-111.132,-30.013
54.460,waypoint_2,2.903,-111.210,-30.013
54.494,waypoint_2,2.959,-111.289,-30.013
54.528,waypoint_2,3.014,-111.367,-30.014
54.560,waypoint_2,3.070,-111.445,-30.014
54.594,waypoint_2,3.139,-111.543,-30.014
54.628,waypoint_2,3.195,-111.621,-30.014
54.660,waypoint_2,3.251,-111.699,-30.014
54.694,waypoint_2,3.306,-111.777,-30.014
54.728,waypoint_2,3.362,-111.855,-30.013
54.760,waypoint_2,3.417,-111.933,-30.013
54.794,waypoint_2,3.487,-112.030,-30.013
54.828,waypoint_2,3.543,-112.108,-30.012
54.859,waypoint_2,3.599,-112.186,-30.012
54.894,waypoint_2,3.655,-112.263,-30.011
54.928,waypoint_2,3.711,-112.341,-30.011
54.959,waypoint_2,3.767,-112.419,-30.010
54.993,waypoint_2,3.837,-112.516,-30.010
55.028,waypoint_2,3.893,-112.594,-30.009
55.060,waypoint_2,3.949,-112.672,-30.009
55.094,waypoint_2,4.005,-112.749,-30.008
55.128,waypoint_2,4.061,-112.827,-30.008
55.160,waypoint_2,4.118,-112.904,-30.007
55.194,waypoint_2,4.188,-113.000,-30.007
55.228,waypoint_2,4.244,-113.078,-30.006
55.260,waypoint_2,4.300,-113.155,-30.005
55.294,waypoint_2,4.356,-113.232,-30.005
55.328,waypoint_2,4.413,-113.309,-30.004
55.360,waypoint_2,4.469,-113.387,-30.004
55.394,waypoint_2,4.539,-113.483,-30.004
55.428,waypoint_2,4.595,-113.561,-30.003
55.460,waypoint_2,4.651,-113.638,-30.003
55.494,waypoint_2,4.707,-113.715,-30.003
55.528,waypoint_2,4.762,-113.792,-30.003
55.560,waypoint_2,4.818,-113.869,-30.003
55.594,waypoint_2,4.887,-113.965,-30.003
55.628,waypoint_2,4.942,-114.042,-30.003
55.660,waypoint_2,4.997,-114.119,-30.003
55.694,waypoint_2,5.053,-114.196,-30.003
55.728,waypoint_2,5.108,-114.273,-30.003
55.759,waypoint_2,5.163,-114.350,-30.003
55.794,waypoint_2,5.231,-114.446,-30.003
55.828,waypoint_2,5.286,-114.523,-30.002
55.860,waypoint_2,5.341,-114.600,-30.002
55.894,waypoint_2,5.396,-114.677,-30.002
55.927,waypoint_2,5.451,-114.754,-30.002
55.960,waypoint_2,5.506,-114.831,-30.002
55.994,waypoint_2,5.574,-114.928,-30.001
56.027,waypoint_2,5.629,-115.005,-30.001
56.060,waypoint_2,5.684,-115.083,-30.001
56.094,waypoint_2,5.739,-115.160,-30.001
56.128,waypoint_2,5.794,-115.238,-30.001
56.160,waypoint_2,5.849,-115.315,-30.000
56.194,waypoint_2,5.918,-115.412,-30.000
56.228,waypoint_2,5.973,-115.490,-30.000
56.260,waypoint_2,6.028,-115.568,-29.999
56.294,waypoint_2,6.083,-115.646,-29.999
56.328,waypoint_2,6.139,-115.725,-29.999
56.360,waypoint_2,6.194,-115.803,-29.999
56.394,waypoint_2,6.263,-115.901,-29.999
56.428,waypoint_2,6.318,-115.980,-29.998
56.460,waypoint_2,6.373,-116.059,-29.998
56.494,waypoint_2,6.428,-116.137,-29.998
56.528,waypoint_2,6.483,-116.216,-29.998
56.560,waypoint_2,6.538,-116.295,-29.998
56.594,waypoint_2,6.607,-116.393,-29.997
56.628,waypoint_2,6.662,-116.471,-29.997
56.660,waypoint_2,6.717,-116.550,-29.996
56.694,waypoint_2,6.773,-116.628,-29.996
56.728,waypoint_2,6.828,-116.707,-29.995
56.760,waypoint_2,6.883,-116.785,-29.994
56.794,waypoint_2,6.951,-116.884,-29.993
56.828,waypoint_2,7.006,-116.962,-29.992
56.860,waypoint_2,7.061,-117.040,-29.991
56.894,waypoint_2,7.116,-117.119,-29.991
56.928,waypoint_2,7.172,-117.197,-29.990
56.960,waypoint_2,7.227,-117.275,-29.989
56.994,waypoint_2,7.296,-117.373,-29.989
57.028,waypoint_2,7.351,-117.451,-29.988
57.060,waypoint_2,7.407,-117.529,-29.988
57.094,waypoint_2,7.462,-117.607,-29.988
57.128,waypoint_2,7.518,-117.685,-29.988
57.160,waypoint_2,7.573,-117.762,-29.988
57.194,waypoint_2,7.643,-117.859,-29.988
57.228,waypoint_2,7.699,-117.937,-29.989
57.260,waypoint_2,7.756,-118.014,-29.989
57.294,waypoint_2,7.812,-118.092,-29.989
57.328,waypoint_2,7.869,-118.169,-29.990
57.360,waypoint_2,7.925,-118.247,-29.990
57.394,waypoint_2,7.996,-118.344,-29.991
57.428,waypoint_2,8.053,-118.421,-29.991
57.460,waypoint_2,8.110,-118.499,-29.992
57.494,waypoint_2,8.166,-118.577,-29.992
57.528,waypoint_2,8.223,-118.655,-29.993
57.560,waypoint_2,8.280,-118.733,-29.993
57.594,waypoint_2,8.351,-118.830,-29.993
57.628,waypoint_2,8.408,-118.908,-29.993
57.660,waypoint_2,8.465,-118.986,-29.993
57.694,waypoint_2,8.521,-119.064,-29.993
57.728,waypoint_2,8.578,-119.143,-29.993
57.760,waypoint_2,8.635,-119.221,-29.993
57.794,waypoint_2,8.706,-119.319,-29.993
57.828,waypoint_2,8.762,-119.397,-29.993
57.860,waypoint_2,8.818,-119.475,-29.992
57.894,waypoint_2,8.875,-119.553,-29.992
57.928,waypoint_2,8.931,-119.632,-29.992
57.960,waypoint_2,8.988,-119.710,-29.992
57.994,waypoint_2,9.058,-119.807,-29.992
58.028,waypoint_2,9.114,-119.885,-29.992
58.060,waypoint_2,9.170,-119.963,-29.992
58.094,waypoint_2,9.226,-120.041,-29.992
58.128,waypoint_2,9.282,-120.119,-29.992
58.160,waypoint_2,9.338,-120.197,-29.992
58.194,waypoint_2,9.408,-120.294,-29.993
58.228,waypoint_2,9.463,-120.372,-29.993
58.260,waypoint_2,9.519,-120.449,-29.993
58.294,waypoint_2,9.575,-120.527,-29.993
58.328,waypoint_2,9.630,-120.605,-29.994
58.360,waypoint_2,9.686,-120.682,-29.994
58.394,waypoint_2,9.755,-120.779,-29.995
58.428,waypoint_2,9.810,-120.857,-29.995
58.460,waypoint_2,9.866,-120.935,-29.996
58.494,waypoint_2,9.921,-121.012,-29.996
58.528,waypoint_2,9.977,-121.090,-29.996
58.560,waypoint_2,10.032,-121.167,-29.997
58.594,waypoint_2,10.102,-121.265,-29.997
58.628,waypoint_2,10.157,-121.342,-29.998
58.660,waypoint_2,10.213,-121.420,-29.998
58.694,waypoint_2,10.269,-121.498,-29.998
58.728,waypoint_2,10.325,-121.575,-29.999
58.760,waypoint_2,10.381,-121.653,-29.999
58.794,waypoint_2,10.451,-121.751,-29.999
58.828,waypoint_2,10.507,-121.828,-30.000
58.860,waypoint_2,10.563,-121.906,-30.000
58.894,waypoint_2,10.619,-121.984,-30.000
58.928,waypoint_2,10.674,-122.061,-30.000
58.960,waypoint_2,10.730,-122.139,-29.999
58.994,waypoint_2,10.800,-122.236,-29.999
59.028,waypoint_2,10.856,-122.313,-29.999
59.060,waypoint_2,10.911,-122.391,-29.999
59.094,waypoint_2,10.967,-122.468,-29.999
59.128,waypoint_2,11.023,-122.546,-29.998
59.160,waypoint_2,11.079,-122.623,-29.998
59.194,waypoint_2,11.149,-122.720,-29.998
59.228,waypoint_2,11.205,-122.798,-29.998
59.260,waypoint_2,11.261,-122.875,-29.997
59.294,waypoint_2,11.317,-122.953,-29.997
59.328,waypoint_2,11.373,-123.031,-29.997
59.360,waypoint_2,11.430,-123.109,-29.998
59.394,waypoint_2,11.500,-123.207,-29.998
59.428,waypoint_2,11.556,-123.285,-29.998
59.460,waypoint_2,11.613,-123.362,-29.999
59.494,waypoint_2,11.669,-123.440,-29.999
59.528,waypoint_2,11.726,-123.518,-29.999
59.560,waypoint_2,11.783,-123.596,-29.999
59.594,waypoint_2,11.853,-123.693,-30.000
59.628,waypoint_2,11.910,-123.770,-30.000
59.660,waypoint_2,11.967,-123.848,-30.000
59.694,waypoint_2,12.023,-123.926,-30.001
59.728,waypoint_2,12.080,-124.003,-30.002
59.760,waypoint_2,12.136,-124.081,-30.002
59.794,waypoint_2,12.207,-124.177,-30.003
59.828,waypoint_2,12.264,-124.255,-30.003
59.860,waypoint_2,12.320,-124.332,-30.004
59.894,waypoint_2,12.377,-124.410,-30.005
59.928,waypoint_2,12.434,-124.487,-30.005
59.960,waypoint_2,12.491,-124.564,-30.006
59.994,waypoint_2,12.562,-124.661,-30.006
60.028,waypoint_2,12.619,-124.738,-30.006
60.060,waypoint_2,12.676,-124.815,-30.007
60.115,waypoint_2,12.733,-124.893,-30.007
60.157,waypoint_2,12.790,-124.970,-30.007
60.189,waypoint_2,12.848,-125.047,-30.007
60.223,waypoint_2,12.919,-125.144,-30.007
60.257,waypoint_2,12.976,-125.221,-30.007
60.289,waypoint_2,13.033,-125.299,-30.007
60.323,waypoint_2,13.090,-125.376,-30.007
60.357,waypoint_2,13.147,-125.454,-30.007
60.389,waypoint_2,13.204,-125.531,-30.006
60.423,waypoint_2,13.276,-125.628,-30.006
60.457,waypoint_2,13.333,-125.706,-30.006
60.489,waypoint_2,13.389,-125.784,-30.005
60.523,waypoint_2,13.446,-125.861,-30.004
60.557,waypoint_3,13.502,-125.939,-30.004
60.589,waypoint_3,13.559,-126.016,-30.003
60.623,waypoint_3,13.629,-126.113,-30.003
60.657,waypoint_3,13.685,-126.191,-30.005
60.690,waypoint_3,13.741,-126.268,-30.012
60.723,waypoint_3,13.796,-126.345,-30.021
60.757,waypoint_3,13.849,-126.422,-30.031
60.789,waypoint_3,13.900,-126.498,-30.043
60.823,waypoint_3,13.959,-126.592,-30.059
60.857,waypoint_3,14.002,-126.666,-30.070
60.890,waypoint_3,14.041,-126.740,-30.081
60.923,waypoint_3,14.075,-126.814,-30.090
60.957,waypoint_3,14.104,-126.886,-30.097
60.989,waypoint_3,14.128,-126.958,-30.102
61.023,waypoint_3,14.149,-127.047,-30.107
61.057,waypoint_3,14.160,-127.118,-30.108
61.089,waypoint_3,14.165,-127.187,-30.107
61.123,waypoint_3,14.164,-127.256,-30.106
61.157,waypoint_3,14.157,-127.325,-30.102
61.189,waypoint_3,14.145,-127.393,-30.098
61.223,waypoint_3,14.122,-127.477,-30.091
61.257,waypoint_3,14.098,-127.544,-30.085
61.289,waypoint_3,14.068,-127.610,-30.079
61.323,waypoint_3,14.034,-127.676,-30.072
61.357,waypoint_3,13.996,-127.742,-30.064
61.389,waypoint_3,13.953,-127.807,-30.057
61.423,waypoint_3,13.895,-127.887,-30.049
61.457,waypoint_3,13.844,-127.952,-30.042
61.492,waypoint_3,13.790,-128.015,-30.036
61.531,waypoint_3,13.733,-128.079,-30.030
61.582,waypoint_3,13.673,-128.143,-30.025
61.661,waypoint_3,13.611,-128.206,-30.020
61.697,waypoint_3,13.531,-128.285,-30.014
61.730,waypoint_3,13.465,-128.347,-30.010
61.763,waypoint_3,13.397,-128.410,-30.006
61.797,waypoint_3,13.328,-128.473,-30.003
61.830,waypoint_3,13.258,-128.535,-30.000
61.863,waypoint_3,13.187,-128.598,-29.997
61.896,waypoint_3,13.097,-128.676,-29.994
61.930,waypoint_3,13.025,-128.738,-29.993
61.963,waypoint_3,12.952,-128.800,-29.991
61.997,waypoint_3,12.879,-128.863,-29.990
62.031,waypoint_3,12.805,-128.925,-29.989
62.063,waypoint_3,12.731,-128.987,-29.988
62.097,waypoint_3,12.639,-129.064,-29.987
62.130,waypoint_3,12.565,-129.127,-29.987
62.163,waypoint_3,12.491,-129.189,-29.987
62.196,waypoint_3,12.417,-129.251,-29.987
62.231,waypoint_3,12.343,-129.314,-29.987
62.263,waypoint_3,12.270,-129.376,-29.988
62.296,waypoint_3,12.178,-129.455,-29.988
62.330,waypoint_3,12.104,-129.517,-29.989
62.363,waypoint_3,12.031,-129.580,-29.989
62.396,waypoint_3,11.957,-129.643,-29.990
62.431,waypoint_3,11.884,-129.706,-29.990
62.464,waypoint_3,11.812,-129.768,-29.991
62.498,waypoint_3,11.721,-129.847,-29.992
62.532,waypoint_3,11.648,-129.910,-29.993
62.564,waypoint_3,11.576,-129.973,-29.993
62.598,waypoint_3,11.503,-130.036,-29.994
62.632,waypoint_3,11.431,-130.099,-29.995
62.664,waypoint_3,11.359,-130.161,-29.995
62.698,waypoint_3,11.269,-130.240,-29.996
62.732,waypoint_3,11.197,-130.303,-29.997
62.764,waypoint_3,11.125,-130.365,-29.997
62.798,waypoint_3,11.053,-130.428,-29.998
62.832,waypoint_3,10.981,-130.491,-29.998
62.864,waypoint_3,10.910,-130.553,-29.999
62.898,waypoint_3,10.820,-130.631,-29.999
62.932,waypoint_3,10.748,-130.693,-30.000
62.964,waypoint_3,10.677,-130.756,-30.000
62.998,waypoint_3,10.605,-130.818,-30.000
63.032,waypoint_3,10.534,-130.880,-30.001
63.064,waypoint_3,10.463,-130.942,-30.001
63.098,waypoint_3,10.373,-131.020,-30.001
63.132,waypoint_3,10.301,-131.082,-30.001
63.164,waypoint_3,10.230,-131.143,-30.001
63.198,waypoint_3,10.158,-131.205,-30.002
63.232,waypoint_3,10.086,-131.267,-30.002
63.264,waypoint_3,10.015,-131.329,-30.002
63.298,waypoint_3,9.925,-131.406,-30.001
63.332,waypoint_3,9.854,-131.467,-30.001
63.364,waypoint_3,9.782,-131.529,-30.001
63.398,waypoint_3,9.710,-131.590,-30.001
63.432,waypoint_3,9.638,-131.651,-30.001
63.464,waypoint_3,9.566,-131.712,-30.001
63.498,waypoint_3,9.475,-131.788,-30.001
63.532,waypoint_3,9.403,-131.849,-30.000
63.564,waypoint_3,9.330,-131.909,-30.000
63.598,waypoint_3,9.257,-131.970,-30.000
63.632,waypoint_3,9.184,-132.030,-30.000
63.664,waypoint_3,9.111,-132.090,-30.000
63.698,waypoint_3,9.020,-132.165,-29.999
63.732,waypoint_3,8.946,-132.225,-29.999
63.764,waypoint_3,8.873,-132.285,-29.999
63.798,waypoint_3,8.799,-132.345,-29.999
63.832,waypoint_3,8.726,-132.404,-29.999
63.864,waypoint_3,8.653,-132.464,-29.999
63.898,waypoint_3,8.561,-132.538,-29.998
63.932,waypoint_3,8.487,-132.598,-29.998
63.964,waypoint_3,8.414,-132.657,-29.998
63.998,waypoint_3,8.340,-132.716,-29.999
64.032,waypoint_3,8.266,-132.776,-29.999
64.064,waypoint_3,8.192,-132.835,-29.999
64.098,waypoint_3,8.099,-132.909,-29.999
64.132,waypoint_3,8.025,-132.969,-30.000
64.164,waypoint_3,7.950,-133.028,-30.000
64.198,waypoint_3,7.875,-133.088,-30.000
64.232,waypoint_3,7.800,-133.147,-30.001
64.264,waypoint_3,7.725,-133.207,-30.001
64.298,waypoint_3,7.631,-133.282,-30.002
64.332,waypoint_3,7.555,-133.341,-30.002
64.364,waypoint_3,7.479,-133.401,-30.002
64.398,waypoint_3,7.403,-133.461,-30.003
64.432,waypoint_3,7.327,-133.521,-30.003
64.464,waypoint_3,7.251,-133.581,-30.003
64.498,waypoint_3,7.156,-133.656,-30.004
64.532,waypoint_3,7.079,-133.716,-30.004
64.564,waypoint_3,7.003,-133.776,-30.004
64.598,waypoint_3,6.927,-133.836,-30.004
64.632,waypoint_3,6.850,-133.896,-30.004
64.664,waypoint_3,6.774,-133.955,-30.004
64.698,waypoint_3,6.678,-134.030,-30.004
64.732,waypoint_3,6.602,-134.089,-30.004
64.764,waypoint_3,6.526,-134.149,-30.004
64.798,waypoint_3,6.449,-134.208,-30.004
64.832,waypoint_3,6.373,-134.267,-30.004
64.864,waypoint_3,6.296,-134.326,-30.004
64.898,waypoint_3,6.200,-134.400,-30.005
64.932,waypoint_3,6.124,-134.458,-30.005
64.964,waypoint_3,6.047,-134.517,-30.005
64.998,waypoint_3,5.970,-134.576,-30.006
65.032,waypoint_3,5.893,-134.634,-30.006
65.064,waypoint_3,5.816,-134.693,-30.006
65.098,waypoint_3,5.720,-134.765,-30.007
65.132,waypoint_3,5.643,-134.824,-30.007
65.164,waypoint_3,5.566,-134.882,-30.007
65.198,waypoint_3,5.490,-134.940,-30.008
65.232,waypoint_3,5.413,-134.999,-30.008
65.264,waypoint_3,5.336,-135.057,-30.008
65.298,waypoint_3,5.239,-135.131,-30.009
65.332,waypoint_3,5.162,-135.189,-30.009
65.364,waypoint_3,5.085,-135.248,-30.010
65.398,waypoint_3,5.009,-135.307,-30.010
65.432,waypoint_3,4.932,-135.366,-30.010
65.464,waypoint_3,4.855,-135.425,-30.011
65.498,waypoint_3,4.759,-135.499,-30.011
65.532,waypoint_3,4.681,-135.558,-30.012
65.564,waypoint_3,4.604,-135.617,-30.012
65.598,waypoint_3,4.527,-135.677,-30.012
65.632,waypoint_3,4.450,-135.736,-30.012
65.664,waypoint_3,4.373,-135.795,-30.013
65.698,waypoint_3,4.277,-135.870,-30.013
65.732,waypoint_3,4.199,-135.929,-30.013
65.764,waypoint_3,4.122,-135.989,-30.013
65.799,waypoint_3,4.045,-136.048,-30.013
65.833,waypoint_3,3.968,-136.107,-30.013
65.865,waypoint_3,3.890,-136.167,-30.014
65.899,waypoint_3,3.793,-136.241,-30.014
65.933,waypoint_3,3.716,-136.300,-30.014
65.965,waypoint_3,3.638,-136.360,-30.015
65.999,waypoint_3,3.561,-136.419,-30.015
66.033,waypoint_3,3.483,-136.479,-30.015
66.065,waypoint_3,3.405,-136.538,-30.015
66.099,waypoint_3,3.308,-136.613,-30.015
66.133,waypoint_3,3.231,-136.673,-30.015
66.165,waypoint_3,3.154,-136.732,-30.015
66.200,waypoint_3,3.076,-136.792,-30.015
66.234,waypoint_3,2.999,-136.852,-30.015
66.266,waypoint_3,2.921,-136.912,-30.014
66.300,waypoint_3,2.825,-136.987,-30.014
66.334,waypoint_3,2.747,-137.046,-30.014
66.366,waypoint_3,2.670,-137.106,-30.013
66.400,waypoint_3,2.593,-137.166,-30.013
66.434,waypoint_3,2.516,-137.225,-30.012
66.466,waypoint_3,2.438,-137.285,-30.012
66.500,waypoint_3,2.342,-137.359,-30.011
66.534,waypoint_3,2.265,-137.419,-30.011
66.566,waypoint_3,2.188,-137.478,-30.010
66.600,waypoint_3,2.111,-137.538,-30.010
66.634,waypoint_3,2.034,-137.598,-30.010
66.666,waypoint_3,1.956,-137.657,-30.009
66.700,waypoint_3,1.860,-137.732,-30.009
66.734,waypoint_3,1.783,-137.792,-30.009
66.766,waypoint_3,1.706,-137.851,-30.008
66.800,waypoint_3,1.628,-137.911,-30.008
66.834,waypoint_3,1.551,-137.971,-30.008
66.866,waypoint_3,1.473,-138.030,-30.007
66.900,waypoint_3,1.376,-138.105,-30.007
66.934,waypoint_3,1.298,-138.165,-30.007
66.966,waypoint_3,1.220,-138.224,-30.007
67.000,waypoint_3,1.142,-138.284,-30.006
67.034,waypoint_3,1.063,-138.343,-30.006
67.066,waypoint_3,0.985,-138.402,-30.006
67.100,waypoint_3,0.887,-138.477,-30.006
67.134,waypoint_3,0.808,-138.536,-30.005
67.166,waypoint_3,0.729,-138.595,-30.005
67.200,waypoint_3,0.650,-138.655,-30.005
67.234,waypoint_3,0.571,-138.714,-30.005
67.266,waypoint_3,0.492,-138.773,-30.005
67.300,waypoint_3,0.393,-138.848,-30.005
67.334,waypoint_3,0.314,-138.907,-30.005
67.366,waypoint_3,0.235,-138.966,-30.005
67.400,waypoint_3,0.156,-139.026,-30.005
67.434,waypoint_3,0.077,-139.085,-30.005
67.466,waypoint_3,-0.001,-139.144,-30.005
67.500,waypoint_3,-0.100,-139.218,-30.005
67.534,waypoint_3,-0.178,-139.277,-30.006
67.566,waypoint_3,-0.257,-139.337,-30.006
67.600,waypoint_3,-0.336,-139.396,-30.006
67.634,waypoint_3,-0.414,-139.455,-30.006
67.666,waypoint_3,-0.493,-139.513,-30.007
67.700,waypoint_3,-0.591,-139.587,-30.007
67.734,waypoint_3,-0.669,-139.646,-30.007
67.766,waypoint_3,-0.748,-139.705,-30.008
67.800,waypoint_3,-0.827,-139.764,-30.008
67.834,waypoint_3,-0.906,-139.822,-30.008
67.866,waypoint_3,-0.985,-139.882,-30.008
67.900,waypoint_3,-1.083,-139.956,-30.008
67.934,waypoint_3,-1.162,-140.015,-30.008
67.966,waypoint_3,-1.241,-140.074,-30.008
68.000,waypoint_3,-1.320,-140.133,-30.009
68.034,waypoint_3,-1.399,-140.192,-30.009
68.066,waypoint_3,-1.477,-140.252,-30.009
68.100,waypoint_3,-1.576,-140.326,-30.009
68.135,waypoint_3,-1.654,-140.385,-30.009
68.166,waypoint_3,-1.733,-140.445,-30.009
68.200,waypoint_3,-1.811,-140.505,-30.009
68.234,waypoint_3,-1.889,-140.564,-30.008
68.266,waypoint_3,-1.967,-140.624,-30.008
68.300,waypoint_3,-2.065,-140.699,-30.008
68.334,waypoint_3,-2.143,-140.759,-30.008
68.366,waypoint_3,-2.221,-140.819,-30.008
68.400,waypoint_3,-2.298,-140.880,-30.008
68.434,waypoint_3,-2.376,-140.940,-30.008
68.466,waypoint_3,-2.454,-141.001,-30.009
68.500,waypoint_3,-2.551,-141.076,-30.009
68.534,waypoint_3,-2.628,-141.137,-30.010
68.571,waypoint_3,-2.706,-141.198,-30.010
68.605,waypoint_3,-2.783,-141.259,-30.010
68.639,waypoint_3,-2.861,-141.319,-30.011
68.672,waypoint_3,-2.938,-141.380,-30.011
68.706,waypoint_3,-3.034,-141.456,-30.012
68.741,waypoint_3,-3.111,-141.517,-30.012
68.773,waypoint_3,-3.188,-141.578,-30.012
68.807,waypoint_3,-3.265,-141.639,-30.012
68.841,waypoint_3,-3.342,-141.699,-30.012
68.873,waypoint_3,-3.419,-141.760,-30.012
68.907,waypoint_3,-3.515,-141.836,-30.012
68.941,waypoint_3,-3.591,-141.897,-30.012
68.973,waypoint_3,-3.668,-141.958,-30.012
69.007,waypoint_3,-3.744,-142.018,-30.012
69.041,waypoint_3,-3.820,-142.079,-30.012
69.073,waypoint_3,-3.897,-142.140,-30.012
69.107,waypoint_3,-3.992,-142.216,-30.012
69.141,waypoint_3,-4.068,-142.277,-30.012
69.173,waypoint_3,-4.144,-142.338,-30.013
69.207,waypoint_3,-4.220,-142.399,-30.013
69.241,waypoint_3,-4.296,-142.459,-30.013
69.273,waypoint_3,-4.371,-142.520,-30.013
69.307,waypoint_3,-4.466,-142.596,-30.013
69.341,waypoint_3,-4.542,-142.657,-30.013
69.373,waypoint_3,-4.618,-142.718,-30.014
69.407,waypoint_3,-4.694,-142.779,-30.014
69.441,waypoint_3,-4.770,-142.839,-30.014
69.473,waypoint_3,-4.847,-142.900,-30.015
69.507,waypoint_3,-4.942,-142.976,-30.015
69.541,waypoint_3,-5.018,-143.036,-30.016
69.573,waypoint_3,-5.095,-143.097,-30.016
69.607,waypoint_3,-5.171,-143.157,-30.016
69.641,waypoint_3,-5.248,-143.218,-30.017
69.673,waypoint_3,-5.325,-143.278,-30.017
69.707,waypoint_3,-5.421,-143.353,-30.017
69.741,waypoint_3,-5.498,-143.413,-30.017
69.773,waypoint_3,-5.575,-143.473,-30.017
69.807,waypoint_3,-5.652,-143.533,-30.017
69.841,waypoint_3,-5.729,-143.593,-30.017
69.873,waypoint_3,-5.806,-143.653,-30.017
69.907,waypoint_3,-5.903,-143.728,-30.017
69.941,waypoint_3,-5.980,-143.787,-30.016
69.973,waypoint_3,-6.056,-143.847,-30.016
70.007,waypoint_3,-6.133,-143.906,-30.016
70.041,waypoint_3,-6.210,-143.966,-30.015
70.073,waypoint_3,-6.286,-144.025,-30.015
70.107,waypoint_3,-6.382,-144.099,-30.014
70.141,waypoint_3,-6.459,-144.158,-30.014
70.173,waypoint_3,-6.535,-144.218,-30.014
70.207,waypoint_3,-6.612,-144.277,-30.014
70.241,waypoint_3,-6.689,-144.336,-30.014
70.273,waypoint_3,-6.765,-144.396,-30.014
70.307,waypoint_3,-6.861,-144.470,-30.014
70.341,waypoint_3,-6.937,-144.529,-30.013
70.373,waypoint_3,-7.013,-144.589,-30.013
70.407,waypoint_3,-7.090,-144.648,-30.013
70.441,waypoint_3,-7.166,-144.707,-30.012
70.473,waypoint_3,-7.243,-144.767,-30.012
70.507,waypoint_3,-7.339,-144.841,-30.012
70.541,waypoint_3,-7.415,-144.900,-30.011
70.573,waypoint_3,-7.492,-144.960,-30.011
70.607,waypoint_3,-7.569,-145.019,-30.010
70.641,waypoint_3,-7.645,-145.079,-30.009
70.673,waypoint_3,-7.722,-145.138,-30.009
70.707,waypoint_3,-7.818,-145.213,-30.008
70.741,waypoint_3,-7.895,-145.273,-30.007
70.773,waypoint_3,-7.972,-145.332,-30.006
70.807,waypoint_3,-8.049,-145.392,-30.006
70.841,waypoint_3,-8.125,-145.452,-30.005
70.873,waypoint_3,-8.202,-145.511,-30.005
70.907,waypoint_3,-8.297,-145.586,-30.005
70.941,waypoint_3,-8.373,-145.646,-30.004
70.973,waypoint_3,-8.449,-145.706,-30.004
71.007,waypoint_3,-8.525,-145.766,-30.005
71.041,waypoint_3,-8.601,-145.825,-30.005
71.073,waypoint_3,-8.676,-145.885,-30.006
71.107,waypoint_3,-8.771,-145.960,-30.007
71.141,waypoint_3,-8.846,-146.020,-30.007
71.173,waypoint_3,-8.921,-146.079,-30.008
71.207,waypoint_3,-8.996,-146.139,-30.009
71.241,waypoint_3,-9.071,-146.199,-30.010
71.273,waypoint_3,-9.146,-146.259,-30.011
71.307,waypoint_3,-9.239,-146.334,-30.012
71.341,waypoint_3,-9.313,-146.394,-30.013
71.374,waypoint_3,-9.388,-146.454,-30.014
71.407,waypoint_3,-9.462,-146.514,-30.015
71.441,waypoint_3,-9.537,-146.574,-30.016
71.473,waypoint_3,-9.611,-146.635,-30.016
71.507,waypoint_3,-9.704,-146.710,-30.017
71.541,waypoint_3,-9.779,-146.771,-30.018
71.573,waypoint_3,-9.854,-146.831,-30.019
71.607,waypoint_3,-9.928,-146.892,-30.019
71.641,waypoint_3,-10.002,-146.952,-30.020
71.673,waypoint_3,-10.077,-147.012,-30.020
71.707,waypoint_3,-10.169,-147.087,-30.020
71.741,waypoint_3,-10.243,-147.148,-30.021
71.773,waypoint_3,-10.317,-147.208,-30.021
71.807,waypoint_3,-10.391,-147.269,-30.021
71.841,waypoint_3,-10.465,-147.329,-30.021
71.873,waypoint_3,-10.539,-147.389,-30.021
71.907,waypoint_3,-10.632,-147.465,-30.020
71.941,waypoint_3,-10.706,-147.526,-30.020
71.973,waypoint_3,-10.780,-147.586,-30.020
72.007,waypoint_3,-10.854,-147.646,-30.019
72.043,waypoint_3,-10.928,-147.707,-30.018
72.075,waypoint_3,-11.002,-147.767,-30.018
72.110,waypoint_3,-11.095,-147.843,-30.017
72.144,waypoint_3,-11.169,-147.903,-30.017
72.176,waypoint_3,-11.244,-147.963,-30.016
72.210,waypoint_3,-11.318,-148.024,-30.015
72.244,waypoint_3,-11.393,-148.084,-30.015
72.276,waypoint_3,-11.468,-148.144,-30.014
72.310,waypoint_3,-11.561,-148.220,-30.014
72.344,waypoint_3,-11.636,-148.280,-30.013
72.376,waypoint_3,-11.712,-148.341,-30.013
72.410,waypoint_3,-11.787,-148.401,-30.012
72.444,waypoint_3,-11.863,-148.462,-30.012
72.476,waypoint_3,-11.938,-148.522,-30.012
72.510,waypoint_3,-12.033,-148.598,-30.012
72.544,waypoint_3,-12.109,-148.658,-30.012
72.576,waypoint_3,-12.184,-148.718,-30.012
72.610,waypoint_3,-12.260,-148.779,-30.013
72.644,waypoint_3,-12.336,-148.839,-30.013
72.676,waypoint_3,-12.411,-148.899,-30.013
72.710,waypoint_3,-12.506,-148.975,-30.014
72.744,waypoint_3,-12.582,-149.035,-30.014
72.776,waypoint_3,-12.657,-149.095,-30.015
72.810,waypoint_3,-12.733,-149.155,-30.015
72.844,waypoint_3,-12.808,-149.216,-30.015
72.876,waypoint_3,-12.884,-149.276,-30.016
72.910,waypoint_3,-12.978,-149.352,-30.016
72.944,waypoint_3,-13.054,-149.412,-30.017
72.976,waypoint_3,-13.129,-149.473,-30.017
73.010,waypoint_3,-13.204,-149.533,-30.018
73.044,waypoint_3,-13.279,-149.594,-30.018
73.076,waypoint_3,-13.355,-149.654,-30.019
73.110,waypoint_3,-13.449,-149.730,-30.019
73.144,waypoint_3,-13.524,-149.790,-30.020
73.177,waypoint_3,-13.599,-149.850,-30.020
73.211,waypoint_3,-13.675,-149.911,-30.020
73.245,waypoint_3,-13.750,-149.971,-30.020
73.278,waypoint_3,-13.826,-150.031,-30.020
73.312,waypoint_3,-13.920,-150.106,-30.020
73.346,waypoint_3,-13.996,-150.167,-30.020
73.378,waypoint_3,-14.071,-150.227,-30.020
73.412,waypoint_3,-14.147,-150.287,-30.020
73.446,waypoint_3,-14.222,-150.348,-30.020
73.478,waypoint_3,-14.297,-150.408,-30.019
73.512,waypoint_3,-14.391,-150.484,-30.019
73.546,waypoint_3,-14.467,-150.544,-30.018
73.578,waypoint_3,-14.542,-150.605,-30.018
73.612,waypoint_3,-14.617,-150.666,-30.017
73.646,waypoint_3,-14.692,-150.726,-30.017
73.678,waypoint_3,-14.767,-150.787,-30.017
73.712,waypoint_3,-14.861,-150.863,-30.016
73.746,waypoint_3,-14.936,-150.924,-30.016
73.778,waypoint_3,-15.011,-150.984,-30.016
73.812,waypoint_3,-15.086,-151.045,-30.016
73.846,waypoint_3,-15.161,-151.106,-30.016
73.878,waypoint_3,-15.236,-151.167,-30.016
73.912,waypoint_3,-15.330,-151.243,-30.016
73.946,waypoint_3,-15.405,-151.304,-30.016
73.978,waypoint_3,-15.480,-151.364,-30.016
74.012,waypoint_3,-15.555,-151.425,-30.016
74.046,waypoint_3,-15.630,-151.486,-30.017
74.078,waypoint_3,-15.705,-151.547,-30.017
74.112,waypoint_3,-15.799,-151.623,-30.017
74.146,waypoint_3,-15.874,-151.684,-30.017
74.178,waypoint_3,-15.950,-151.745,-30.017
74.212,waypoint_3,-16.025,-151.807,-30.017
74.247,waypoint_3,-16.100,-151.868,-30.018
74.279,waypoint_3,-16.175,-151.929,-30.018
74.313,waypoint_3,-16.269,-152.006,-30.018
74.347,waypoint_3,-16.344,-152.067,-30.018
74.379,waypoint_3,-16.419,-152.129,-30.018
74.413,waypoint_3,-16.494,-152.190,-30.018
74.447,waypoint_3,-16.569,-152.252,-30.018
74.479,waypoint_3,-16.645,-152.313,-30.018
74.513,waypoint_3,-16.739,-152.390,-30.018
74.547,waypoint_3,-16.814,-152.452,-30.018
74.579,waypoint_3,-16.889,-152.513,-30.018
74.613,waypoint_3,-16.964,-152.575,-30.018
74.647,waypoint_3,-17.039,-152.636,-30.018
74.679,waypoint_3,-17.114,-152.698,-30.018
74.713,waypoint_3,-17.207,-152.774,-30.018
74.747,waypoint_3,-17.282,-152.835,-30.018
74.779,waypoint_3,-17.357,-152.897,-30.018
74.813,waypoint_3,-17.432,-152.958,-30.018
74.847,waypoint_3,-17.507,-153.019,-30.018
74.879,waypoint_3,-17.582,-153.079,-30.018
74.913,waypoint_3,-17.676,-153.155,-30.018
74.947,waypoint_3,-17.751,-153.216,-30.018
74.979,waypoint_3,-17.827,-153.277,-30.018
75.013,waypoint_3,-17.902,-153.337,-30.018
75.047,waypoint_3,-17.978,-153.398,-30.018
75.079,waypoint_3,-18.053,-153.459,-30.018
75.113,waypoint_3,-18.148,-153.534,-30.018
75.147,waypoint_3,-18.224,-153.595,-30.018
75.179,waypoint_3,-18.300,-153.656,-30.018
75.213,waypoint_3,-18.376,-153.716,-30.018
75.247,waypoint_3,-18.452,-153.777,-30.018
75.279,waypoint_3,-18.527,-153.837,-30.018
75.313,waypoint_3,-18.622,-153.913,-30.018
75.347,waypoint_3,-18.697,-153.974,-30.018
75.379,waypoint_3,-18.773,-154.034,-30.018
75.413,waypoint_3,-18.848,-154.095,-30.018
75.447,waypoint_3,-18.923,-154.155,-30.018
75.479,waypoint_3,-18.998,-154.216,-30.018
75.513,waypoint_3,-19.091,-154.291,-30.018
75.547,waypoint_3,-19.166,-154.352,-30.018
75.579,waypoint_3,-19.241,-154.412,-30.018
75.613,waypoint_3,-19.315,-154.472,-30.019
75.647,waypoint_3,-19.390,-154.533,-30.019
75.679,waypoint_3,-19.464,-154.593,-30.019
75.713,waypoint_3,-19.557,-154.668,-30.020
75.747,waypoint_3,-19.632,-154.728,-30.020
75.779,waypoint_3,-19.706,-154.789,-30.021
75.813,waypoint_3,-19.781,-154.849,-30.021
75.847,waypoint_3,-19.855,-154.909,-30.021
75.879,waypoint_3,-19.929,-154.970,-30.022
75.913,waypoint_3,-20.021,-155.046,-30.022
75.947,waypoint_3,-20.095,-155.106,-30.023
75.979,waypoint_3,-20.169,-155.167,-30.023
76.013,waypoint_3,-20.243,-155.228,-30.023
76.047,waypoint_3,-20.316,-155.289,-30.023
76.079,waypoint_3,-20.390,-155.350,-30.023
76.113,waypoint_3,-20.482,-155.426,-30.024
76.147,waypoint_3,-20.556,-155.487,-30.024
76.179,waypoint_3,-20.629,-155.548,-30.024
76.213,waypoint_3,-20.703,-155.608,-30.024
76.247,waypoint_3,-20.777,-155.669,-30.024
76.279,waypoint_3,-20.851,-155.730,-30.024
76.313,waypoint_3,-20.943,-155.806,-30.024
76.347,waypoint_3,-21.017,-155.866,-30.024
76.379,waypoint_3,-21.091,-155.927,-30.024
76.413,waypoint_3,-21.165,-155.988,-30.025
76.447,waypoint_3,-21.239,-156.048,-30.025
76.479,waypoint_3,-21.312,-156.109,-30.025
76.513,waypoint_3,-21.405,-156.185,-30.025
76.547,waypoint_3,-21.478,-156.245,-30.025
76.579,waypoint_3,-21.552,-156.306,-30.025
76.613,waypoint_3,-21.625,-156.366,-30.026
76.647,waypoint_3,-21.699,-156.426,-30.026
76.679,waypoint_3,-21.772,-156.487,-30.026
76.713,waypoint_3,-21.864,-156.562,-30.026
76.747,waypoint_3,-21.938,-156.622,-30.027
76.779,waypoint_3,-22.012,-156.683,-30.027
76.813,waypoint_3,-22.085,-156.743,-30.027
76.847,waypoint_3,-22.159,-156.803,-30.028
76.879,waypoint_3,-22.232,-156.864,-30.028
76.913,waypoint_3,-22.324,-156.940,-30.028
76.947,waypoint_3,-22.397,-157.000,-30.028
76.979,waypoint_3,-22.470,-157.061,-30.029
77.013,waypoint_3,-22.543,-157.122,-30.029
77.047,waypoint_3,-22.617,-157.182,-30.029
77.079,waypoint_3,-22.690,-157.243,-30.029
77.113,waypoint_3,-22.781,-157.319,-30.029
77.147,waypoint_3,-22.855,-157.380,-30.030
77.179,waypoint_3,-22.928,-157.441,-30.030
77.213,waypoint_3,-23.001,-157.501,-30.030
77.247,waypoint_3,-23.075,-157.562,-30.030
77.279,waypoint_3,-23.148,-157.623,-30.030
77.313,waypoint_3,-23.240,-157.699,-30.030
77.347,waypoint_3,-23.314,-157.760,-30.030
77.379,waypoint_3,-23.388,-157.821,-30.031
77.413,waypoint_3,-23.462,-157.882,-30.031
77.447,waypoint_3,-23.536,-157.943,-30.031
77.479,waypoint_3,-23.610,-158.004,-30.031
77.513,waypoint_3,-23.703,-158.080,-30.031
77.547,waypoint_3,-23.777,-158.141,-30.031
77.579,waypoint_3,-23.852,-158.202,-30.030
77.613,waypoint_3,-23.926,-158.263,-30.030
77.647,waypoint_3,-24.001,-158.323,-30.030
77.679,waypoint_3,-24.075,-158.384,-30.030
77.713,waypoint_3,-24.168,-158.460,-30.029
77.747,waypoint_3,-24.242,-158.521,-30.029
77.779,waypoint_3,-24.316,-158.582,-30.029
77.813,waypoint_3,-24.391,-158.643,-30.029
77.847,waypoint_3,-24.465,-158.704,-30.029
77.879,waypoint_3,-24.539,-158.765,-30.029
77.913,waypoint_3,-24.632,-158.842,-30.029
77.947,waypoint_3,-24.706,-158.903,-30.029
77.979,waypoint_3,-24.781,-158.965,-30.028
78.013,waypoint_3,-24.855,-159.026,-30.028
78.047,waypoint_3,-24.929,-159.088,-30.028
78.079,waypoint_3,-25.003,-159.150,-30.028
78.113,waypoint_3,-25.096,-159.227,-30.028
78.147,waypoint_3,-25.170,-159.289,-30.028
78.179,waypoint_3,-25.245,-159.351,-30.027
78.213,waypoint_3,-25.319,-159.413,-30.027
78.247,waypoint_3,-25.393,-159.475,-30.026
78.279,waypoint_3,-25.467,-159.537,-30.026
78.313,waypoint_3,-25.560,-159.614,-30.026
78.347,waypoint_3,-25.634,-159.675,-30.026
78.379,waypoint_3,-25.708,-159.737,-30.025
78.413,waypoint_3,-25.782,-159.798,-30.025
78.447,waypoint_3,-25.856,-159.860,-30.025
78.479,waypoint_3,-25.930,-159.921,-30.025
78.513,waypoint_3,-26.022,-159.998,-30.025
78.547,waypoint_3,-26.095,-160.059,-30.025
78.579,waypoint_3,-26.169,-160.121,-30.025
78.613,waypoint_3,-26.242,-160.182,-30.024
78.647,waypoint_3,-26.315,-160.243,-30.024
78.679,waypoint_3,-26.388,-160.304,-30.023
78.713,waypoint_3,-26.480,-160.381,-30.023
78.747,waypoint_3,-26.553,-160.442,-30.023
78.779,waypoint_3,-26.626,-160.503,-30.022
78.813,waypoint_3,-26.699,-160.564,-30.022
78.847,waypoint_3,-26.772,-160.626,-30.021
78.879,waypoint_3,-26.845,-160.687,-30.021
78.913,waypoint_3,-26.937,-160.763,-30.020
78.947,waypoint_3,-27.010,-160.824,-30.020
78.979,waypoint_3,-27.083,-160.884,-30.019
79.013,waypoint_3,-27.156,-160.945,-30.019
79.047,waypoint_3,-27.230,-161.006,-30.019
79.079,waypoint_3,-27.303,-161.067,-30.018
79.113,waypoint_3,-27.395,-161.143,-30.018
79.147,waypoint_3,-27.468,-161.203,-30.018
79.179,waypoint_3,-27.542,-161.264,-30.017
79.213,waypoint_3,-27.615,-161.325,-30.017
79.247,waypoint_3,-27.689,-161.386,-30.017
79.279,waypoint_3,-27.762,-161.447,-30.017
79.313,waypoint_3,-27.854,-161.524,-30.016
79.348,waypoint_3,-27.927,-161.585,-30.016
79.380,waypoint_3,-28.000,-161.646,-30.016
79.414,waypoint_3,-28.074,-161.707,-30.016
79.448,waypoint_3,-28.147,-161.768,-30.016
79.480,waypoint_3,-28.221,-161.830,-30.016
79.514,waypoint_3,-28.313,-161.907,-30.016
79.548,waypoint_3,-28.387,-161.969,-30.016
79.580,waypoint_3,-28.460,-162.031,-30.016
79.614,waypoint_3,-28.534,-162.092,-30.017
79.648,waypoint_3,-28.607,-162.154,-30.017
79.680,waypoint_3,-28.681,-162.216,-30.017
79.714,waypoint_3,-28.773,-162.293,-30.017
79.748,waypoint_3,-28.847,-162.356,-30.017
79.780,waypoint_3,-28.920,-162.418,-30.017
79.814,waypoint_3,-28.994,-162.480,-30.017
79.848,waypoint_3,-29.068,-162.542,-30.017
79.880,waypoint_3,-29.141,-162.605,-30.017
79.914,waypoint_3,-29.233,-162.682,-30.017
79.948,waypoint_3,-29.307,-162.744,-30.018
79.980,waypoint_3,-29.380,-162.807,-30.018
80.014,waypoint_3,-29.454,-162.869,-30.018
80.048,waypoint_3,-29.527,-162.931,-30.018
80.080,waypoint_3,-29.601,-162.993,-30.018
80.114,waypoint_3,-29.692,-163.071,-30.018
80.148,waypoint_3,-29.765,-163.133,-30.017
80.180,waypoint_3,-29.838,-163.195,-30.017
80.214,waypoint_3,-29.912,-163.257,-30.017
80.248,waypoint_3,-29.984,-163.318,-30.016
80.280,waypoint_3,-30.057,-163.380,-30.016
80.314,waypoint_3,-30.148,-163.458,-30.015
80.348,waypoint_3,-30.221,-163.520,-30.015
80.380,waypoint_3,-30.294,-163.582,-30.014
80.414,waypoint_3,-30.366,-163.644,-30.013
80.448,waypoint_3,-30.439,-163.706,-30.013
80.480,waypoint_3,-30.511,-163.768,-30.012
80.514,waypoint_3,-30.602,-163.845,-30.012
80.548,waypoint_3,-30.675,-163.906,-30.011
80.580,waypoint_3,-30.748,-163.968,-30.011
80.614,waypoint_3,-30.821,-164.029,-30.011
80.648,waypoint_3,-30.893,-164.091,-30.010
80.680,waypoint_3,-30.966,-164.152,-30.010
80.714,waypoint_3,-31.058,-164.229,-30.010
80.748,waypoint_3,-31.130,-164.290,-30.009
80.780,waypoint_3,-31.203,-164.351,-30.009
80.814,waypoint_3,-31.276,-164.413,-30.008
80.848,waypoint_3,-31.349,-164.474,-30.008
80.880,waypoint_3,-31.422,-164.535,-30.007
80.914,waypoint_3,-31.513,-164.612,-30.007
80.948,waypoint_3,-31.586,-164.673,-30.006
80.981,waypoint_3,-31.658,-164.734,-30.005
81.014,waypoint_3,-31.731,-164.796,-30.005
81.048,waypoint_3,-31.804,-164.857,-30.004
81.080,waypoint_3,-31.877,-164.918,-30.004
81.114,waypoint_3,-31.968,-164.994,-30.004
81.148,waypoint_3,-32.040,-165.055,-30.003
81.180,waypoint_3,-32.113,-165.116,-30.003
81.214,waypoint_3,-32.186,-165.177,-30.003
81.248,waypoint_3,-32.259,-165.238,-30.003
81.280,waypoint_3,-32.332,-165.299,-30.003
81.314,waypoint_3,-32.424,-165.375,-30.004
81.348,waypoint_3,-32.497,-165.436,-30.004
81.380,waypoint_3,-32.571,-165.497,-30.004
81.414,waypoint_3,-32.644,-165.558,-30.004
81.448,waypoint_3,-32.717,-165.618,-30.005
81.480,waypoint_3,-32.791,-165.679,-30.005
81.514,waypoint_3,-32.882,-165.755,-30.005
81.548,waypoint_3,-32.956,-165.815,-30.006
81.580,waypoint_3,-33.029,-165.876,-30.006
81.614,waypoint_3,-33.103,-165.936,-30.006
81.648,waypoint_3,-33.176,-165.997,-30.006
81.680,waypoint_3,-33.250,-166.057,-30.006
81.714,waypoint_3,-33.342,-166.133,-30.006
81.748,waypoint_3,-33.415,-166.193,-30.006
81.780,waypoint_3,-33.489,-166.253,-30.006
81.814,waypoint_3,-33.562,-166.313,-30.006
81.848,waypoint_3,-33.636,-166.374,-30.006
81.880,waypoint_3,-33.710,-166.434,-30.006
81.914,waypoint_3,-33.802,-166.509,-30.006
81.948,waypoint_3,-33.875,-166.569,-30.006
81.980,waypoint_3,-33.949,-166.630,-30.007
82.014,waypoint_3,-34.022,-166.690,-30.007
82.048,waypoint_3,-34.096,-166.750,-30.007
82.080,waypoint_3,-34.170,-166.811,-30.007
82.114,waypoint_3,-34.262,-166.886,-30.008
82.148,waypoint_3,-34.335,-166.947,-30.008
82.181,waypoint_3,-34.409,-167.008,-30.008
82.217,waypoint_3,-34.482,-167.069,-30.009
82.251,waypoint_3,-34.556,-167.130,-30.009
82.283,waypoint_3,-34.629,-167.191,-30.009
82.317,waypoint_3,-34.721,-167.267,-30.009
82.351,waypoint_3,-34.795,-167.328,-30.010
82.383,waypoint_3,-34.869,-167.390,-30.010
82.417,waypoint_3,-34.942,-167.451,-30.010
82.451,waypoint_3,-35.016,-167.513,-30.011
82.483,waypoint_3,-35.090,-167.574,-30.011
82.517,waypoint_3,-35.182,-167.651,-30.012
82.551,waypoint_3,-35.256,-167.713,-30.012
82.583,waypoint_3,-35.330,-167.775,-30.012
82.617,waypoint_3,-35.404,-167.836,-30.013
82.651,waypoint_3,-35.478,-167.898,-30.013
82.683,waypoint_3,-35.552,-167.960,-30.014
82.717,waypoint_3,-35.645,-168.038,-30.015
82.751,waypoint_3,-35.719,-168.099,-30.015
82.783,waypoint_3,-35.793,-168.161,-30.016
82.817,waypoint_3,-35.867,-168.223,-30.017
82.851,waypoint_3,-35.941,-168.285,-30.018
82.883,waypoint_3,-36.015,-168.346,-30.018
82.917,waypoint_3,-36.107,-168.423,-30.019
82.951,waypoint_3,-36.181,-168.485,-30.019
82.983,waypoint_3,-36.255,-168.546,-30.020
83.017,waypoint_3,-36.330,-168.608,-30.021
83.051,waypoint_3,-36.404,-168.669,-30.021
83.083,waypoint_3,-36.478,-168.731,-30.022
83.117,waypoint_3,-36.570,-168.807,-30.022
83.151,waypoint_3,-36.644,-168.869,-30.023
83.183,waypoint_3,-36.718,-168.930,-30.023
83.217,waypoint_3,-36.792,-168.992,-30.023
83.251,waypoint_3,-36.866,-169.053,-30.023
83.283,waypoint_3,-36.940,-169.115,-30.024
83.317,waypoint_3,-37.032,-169.191,-30.024
83.351,waypoint_3,-37.105,-169.253,-30.024
83.383,waypoint_3,-37.179,-169.314,-30.024
83.417,waypoint_3,-37.253,-169.375,-30.024
83.451,waypoint_3,-37.326,-169.437,-30.024
83.483,waypoint_3,-37.399,-169.499,-30.024
83.517,waypoint_3,-37.491,-169.576,-30.025
83.551,waypoint_3,-37.564,-169.637,-30.025
83.583,waypoint_3,-37.637,-169.699,-30.025
83.617,waypoint_3,-37.710,-169.761,-30.025
83.651,waypoint_3,-37.783,-169.823,-30.026
83.683,waypoint_3,-37.856,-169.885,-30.026
83.718,waypoint_3,-37.947,-169.962,-30.026
83.752,waypoint_3,-38.019,-170.024,-30.027
83.784,waypoint_3,-38.092,-170.085,-30.027
83.818,waypoint_3,-38.165,-170.147,-30.027
83.852,waypoint_3,-38.237,-170.208,-30.027
83.884,waypoint_3,-38.310,-170.270,-30.027
83.918,waypoint_3,-38.401,-170.347,-30.028
83.952,waypoint_3,-38.474,-170.408,-30.028
83.984,waypoint_3,-38.547,-170.469,-30.028
84.018,waypoint_3,-38.619,-170.530,-30.029
84.052,waypoint_3,-38.692,-170.592,-30.029
84.084,waypoint_3,-38.765,-170.653,-30.029
84.118,waypoint_3,-38.857,-170.729,-30.030
84.152,waypoint_3,-38.930,-170.791,-30.030
84.184,waypoint_3,-39.003,-170.852,-30.030
84.218,waypoint_3,-39.076,-170.913,-30.030
84.252,waypoint_3,-39.150,-170.975,-30.031
84.284,waypoint_3,-39.223,-171.036,-30.031
84.318,waypoint_3,-39.315,-171.113,-30.030
84.352,waypoint_3,-39.389,-171.174,-30.030
84.384,waypoint_3,-39.463,-171.235,-30.029
84.418,waypoint_3,-39.537,-171.297,-30.029
84.452,waypoint_3,-39.611,-171.358,-30.028
84.484,waypoint_3,-39.685,-171.420,-30.028
84.518,waypoint_3,-39.777,-171.496,-30.027
84.552,waypoint_3,-39.851,-171.558,-30.027
84.584,waypoint_3,-39.925,-171.619,-30.026
84.618,waypoint_3,-39.999,-171.681,-30.025
84.652,waypoint_3,-40.073,-171.742,-30.025
84.684,waypoint_3,-40.147,-171.804,-30.024
84.718,waypoint_3,-40.239,-171.880,-30.023
84.752,waypoint_3,-40.313,-171.942,-30.022
84.784,waypoint_3,-40.387,-172.003,-30.021
84.818,waypoint_3,-40.460,-172.065,-30.020
84.852,waypoint_3,-40.534,-172.126,-30.019
84.884,waypoint_3,-40.607,-172.188,-30.018
84.918,waypoint_3,-40.699,-172.264,-30.017
84.952,waypoint_3,-40.773,-172.326,-30.016
84.985,waypoint_3,-40.846,-172.387,-30.015
85.019,waypoint_3,-40.919,-172.449,-30.015
85.053,waypoint_3,-40.992,-172.510,-30.014
85.085,waypoint_3,-41.065,-172.572,-30.013
85.119,waypoint_3,-41.157,-172.649,-30.012
85.153,waypoint_3,-41.230,-172.710,-30.011
85.185,waypoint_3,-41.302,-172.772,-30.011
85.219,waypoint_3,-41.375,-172.833,-30.010
85.253,waypoint_3,-41.448,-172.895,-30.009
85.285,waypoint_3,-41.521,-172.956,-30.009
85.319,waypoint_3,-41.613,-173.033,-30.008
85.353,waypoint_3,-41.686,-173.095,-30.008
85.385,waypoint_3,-41.758,-173.156,-30.008
85.419,waypoint_3,-41.831,-173.217,-30.008
85.453,waypoint_3,-41.904,-173.279,-30.007
85.487,waypoint_3,-41.977,-173.340,-30.007
85.521,waypoint_3,-42.068,-173.416,-30.007
85.555,waypoint_3,-42.140,-173.478,-30.006
85.587,waypoint_3,-42.213,-173.539,-30.006
85.621,waypoint_3,-42.285,-173.600,-30.005
85.655,waypoint_3,-42.358,-173.662,-30.005
85.687,waypoint_3,-42.430,-173.723,-30.005
85.721,waypoint_3,-42.521,-173.800,-30.004
85.755,waypoint_3,-42.594,-173.862,-30.004
85.787,waypoint_3,-42.666,-173.924,-30.004
85.821,waypoint_3,-42.739,-173.985,-30.004
85.855,waypoint_3,-42.812,-174.047,-30.003
85.887,waypoint_3,-42.885,-174.109,-30.003
85.921,waypoint_3,-42.976,-174.186,-30.003
85.955,waypoint_3,-43.049,-174.247,-30.003
85.987,waypoint_3,-43.122,-174.309,-30.003
86.021,waypoint_3,-43.196,-174.370,-30.003
86.055,waypoint_3,-43.269,-174.431,-30.003
86.087,waypoint_3,-43.342,-174.493,-30.003
86.121,waypoint_3,-43.434,-174.570,-30.003
86.155,waypoint_3,-43.507,-174.631,-30.003
86.187,waypoint_3,-43.580,-174.692,-30.003
86.222,waypoint_3,-43.654,-174.753,-30.003
86.256,waypoint_3,-43.727,-174.815,-30.003
86.288,waypoint_3,-43.801,-174.876,-30.003
86.322,waypoint_3,-43.893,-174.953,-30.003
86.356,waypoint_3,-43.966,-175.014,-30.003
86.388,waypoint_3,-44.040,-175.076,-30.003
86.422,waypoint_3,-44.113,-175.137,-30.003
86.456,waypoint_3,-44.186,-175.199,-30.003
86.488,waypoint_3,-44.260,-175.260,-30.003
86.522,waypoint_3,-44.351,-175.337,-30.003
86.556,waypoint_3,-44.425,-175.399,-30.003
86.588,waypoint_3,-44.498,-175.460,-30.003
86.622,waypoint_3,-44.571,-175.522,-30.003
86.656,waypoint_3,-44.645,-175.583,-30.003
86.688,waypoint_3,-44.718,-175.645,-30.003
86.722,waypoint_3,-44.810,-175.721,-30.003
86.756,waypoint_3,-44.883,-175.783,-30.003
86.788,waypoint_3,-44.956,-175.844,-30.003
86.822,waypoint_3,-45.029,-175.905,-30.003
86.856,waypoint_3,-45.102,-175.966,-30.003
86.888,waypoint_3,-45.176,-176.027,-30.003
86.922,waypoint_3,-45.267,-176.103,-30.004
86.956,waypoint_3,-45.340,-176.164,-30.004
86.988,waypoint_3,-45.413,-176.225,-30.004
87.022,waypoint_3,-45.486,-176.286,-30.004
87.056,waypoint_3,-45.559,-176.346,-30.005
87.088,waypoint_3,-45.632,-176.407,-30.005
87.122,waypoint_3,-45.723,-176.483,-30.005
87.156,waypoint_3,-45.796,-176.543,-30.005
87.188,waypoint_3,-45.869,-176.604,-30.005
87.222,waypoint_3,-45.942,-176.664,-30.005
87.259,waypoint_3,-46.015,-176.725,-30.005
87.292,waypoint_3,-46.088,-176.785,-30.005
87.329,waypoint_3,-46.180,-176.861,-30.005
87.364,waypoint_3,-46.253,-176.922,-30.005
87.397,waypoint_3,-46.326,-176.982,-30.006
87.432,waypoint_3,-46.400,-177.043,-30.006
87.467,waypoint_3,-46.474,-177.103,-30.006
87.500,waypoint_3,-46.547,-177.164,-30.006
87.533,waypoint_3,-46.639,-177.240,-30.006
87.567,waypoint_3,-46.713,-177.300,-30.006
87.599,waypoint_3,-46.787,-177.361,-30.007
87.633,waypoint_3,-46.861,-177.422,-30.007
87.667,waypoint_3,-46.935,-177.482,-30.008
87.699,waypoint_3,-47.009,-177.543,-30.009
87.733,waypoint_3,-47.101,-177.618,-30.009
87.767,waypoint_3,-47.175,-177.679,-30.010
87.800,waypoint_3,-47.249,-177.740,-30.011
87.834,waypoint_3,-47.323,-177.800,-30.011
87.868,waypoint_3,-47.397,-177.860,-30.011
87.901,waypoint_3,-47.470,-177.921,-30.012
87.934,waypoint_3,-47.563,-177.997,-30.012
87.968,waypoint_3,-47.637,-178.057,-30.012
88.000,waypoint_3,-47.711,-178.118,-30.013
88.034,waypoint_3,-47.785,-178.179,-30.013
88.068,waypoint_3,-47.859,-178.240,-30.013
88.100,waypoint_3,-47.934,-178.301,-30.013
88.134,waypoint_3,-48.027,-178.377,-30.013
88.168,waypoint_3,-48.101,-178.437,-30.013
88.200,waypoint_3,-48.176,-178.498,-30.013
88.234,waypoint_3,-48.250,-178.560,-30.013
88.268,waypoint_3,-48.325,-178.621,-30.013
88.301,waypoint_3,-48.399,-178.682,-30.013
88.334,waypoint_3,-48.492,-178.759,-30.013
88.369,waypoint_3,-48.566,-178.820,-30.013
88.401,waypoint_3,-48.640,-178.882,-30.013
88.435,waypoint_3,-48.714,-178.943,-30.013
88.468,waypoint_3,-48.788,-179.005,-30.012
88.500,waypoint_3,-48.862,-179.067,-30.012
88.535,waypoint_3,-48.954,-179.144,-30.012
88.568,waypoint_3,-49.028,-179.206,-30.012
88.600,waypoint_3,-49.102,-179.267,-30.012
88.634,waypoint_3,-49.175,-179.329,-30.012
88.668,waypoint_3,-49.249,-179.391,-30.013
88.701,waypoint_3,-49.322,-179.453,-30.013
88.735,waypoint_3,-49.414,-179.531,-30.013
88.768,waypoint_3,-49.487,-179.593,-30.013
88.800,waypoint_3,-49.560,-179.655,-30.014
88.834,waypoint_3,-49.633,-179.717,-30.014
88.868,waypoint_3,-49.706,-179.779,-30.014
88.900,waypoint_3,-49.779,-179.841,-30.014
88.934,waypoint_3,-49.870,-179.918,-30.014
88.968,waypoint_3,-49.944,-179.980,-30.014
89.000,waypoint_3,-50.017,-180.042,-30.014
89.034,waypoint_3,-50.090,-180.104,-30.014
89.068,waypoint_3,-50.164,-180.166,-30.014
89.100,waypoint_3,-50.237,-180.228,-30.014
89.134,waypoint_3,-50.329,-180.306,-30.014
89.168,waypoint_3,-50.403,-180.368,-30.014
89.200,waypoint_3,-50.477,-180.430,-30.015
89.234,waypoint_3,-50.551,-180.492,-30.015
89.268,waypoint_3,-50.625,-180.553,-30.015
89.300,waypoint_3,-50.699,-180.615,-30.015
89.334,waypoint_3,-50.792,-180.693,-30.014
89.368,waypoint_3,-50.866,-180.754,-30.014
89.400,waypoint_3,-50.940,-180.816,-30.014
89.434,waypoint_3,-51.014,-180.878,-30.014
89.468,waypoint_3,-51.089,-180.940,-30.014
89.500,waypoint_3,-51.163,-181.002,-30.014
89.534,waypoint_3,-51.256,-181.079,-30.014
89.568,waypoint_3,-51.330,-181.141,-30.014
89.600,waypoint_3,-51.404,-181.203,-30.014
89.634,waypoint_3,-51.479,-181.265,-30.013
89.668,waypoint_3,-51.553,-181.327,-30.013
89.700,waypoint_3,-51.627,-181.388,-30.013
89.734,waypoint_3,-51.720,-181.466,-30.013
89.768,waypoint_3,-51.794,-181.527,-30.013
89.800,waypoint_3,-51.868,-181.589,-30.013
89.834,waypoint_3,-51.942,-181.651,-30.013
89.869,waypoint_3,-52.016,-181.712,-30.013
89.900,waypoint_3,-52.090,-181.774,-30.013
89.934,waypoint_3,-52.182,-181.851,-30.013
89.968,waypoint_3,-52.256,-181.912,-30.013
90.000,waypoint_3,-52.329,-181.974,-30.013
90.034,waypoint_3,-52.402,-182.035,-30.013
90.068,waypoint_3,-52.475,-182.097,-30.013
90.100,waypoint_3,-52.548,-182.159,-30.013
90.134,waypoint_3,-52.639,-182.235,-30.013
90.168,waypoint_3,-52.712,-182.297,-30.013
90.200,waypoint_3,-52.785,-182.358,-30.013
90.234,waypoint_3,-52.857,-182.420,-30.012
90.268,waypoint_3,-52.930,-182.481,-30.012
90.300,waypoint_3,-53.002,-182.543,-30.012
90.334,waypoint_3,-53.093,-182.619,-30.012
90.368,waypoint_3,-53.166,-182.681,-30.012
90.400,waypoint_3,-53.238,-182.742,-30.012
90.434,waypoint_3,-53.311,-182.804,-30.011
90.468,waypoint_3,-53.383,-182.865,-30.011
90.500,waypoint_3,-53.456,-182.927,-30.011
90.534,waypoint_3,-53.547,-183.003,-30.011
90.568,waypoint_3,-53.620,-183.064,-30.011
90.600,waypoint_3,-53.692,-183.126,-30.011
90.634,waypoint_3,-53.765,-183.187,-30.012
90.668,waypoint_3,-53.837,-183.248,-30.012
90.700,waypoint_3,-53.910,-183.309,-30.012
90.734,waypoint_3,-54.001,-183.386,-30.012
90.768,waypoint_3,-54.074,-183.447,-30.013
90.800,waypoint_3,-54.147,-183.509,-30.013
90.834,waypoint_3,-54.220,-183.570,-30.013
90.868,waypoint_3,-54.293,-183.632,-30.013
90.900,waypoint_3,-54.367,-183.693,-30.014
90.934,waypoint_3,-54.458,-183.770,-30.014
90.968,waypoint_3,-54.532,-183.832,-30.015
91.000,waypoint_3,-54.605,-183.894,-30.015
91.034,waypoint_3,-54.678,-183.955,-30.015
91.068,waypoint_3,-54.752,-184.017,-30.015
91.100,waypoint_3,-54.825,-184.079,-30.015
91.134,waypoint_3,-54.917,-184.156,-30.016
91.168,waypoint_3,-54.990,-184.218,-30.016
91.200,waypoint_3,-55.064,-184.280,-30.016
91.234,waypoint_3,-55.138,-184.341,-30.016
91.268,waypoint_3,-55.211,-184.403,-30.016
91.300,waypoint_3,-55.285,-184.465,-30.016
91.334,waypoint_3,-55.377,-184.542,-30.017
91.368,waypoint_3,-55.451,-184.604,-30.017
91.400,goal,-55.525,-184.665,-30.017
91.434,goal,-55.599,-184.727,-30.017
91.468,goal,-55.673,-184.789,-30.018
91.500,goal,-55.746,-184.851,-30.018
91.534,goal,-55.838,-184.928,-30.023
91.568,goal,-55.911,-184.989,-30.030
91.600,goal,-55.983,-185.051,-30.039
91.634,goal,-56.053,-185.113,-30.049
91.668,goal,-56.122,-185.175,-30.061
91.700,goal,-56.187,-185.238,-30.072
91.734,goal,-56.264,-185.317,-30.086
91.768,goal,-56.321,-185.382,-30.096
91.800,goal,-56.374,-185.447,-30.104
91.834,goal,-56.423,-185.513,-30.111
91.868,goal,-56.467,-185.580,-30.115
91.900,goal,-56.506,-185.649,-30.119
91.934,goal,-56.547,-185.736,-30.121
91.968,goal,-56.575,-185.807,-30.120
92.000,goal,-56.597,-185.880,-30.119
92.034,goal,-56.614,-185.953,-30.116
92.068,goal,-56.627,-186.028,-30.113
92.100,goal,-56.635,-186.103,-30.108
92.134,goal,-56.638,-186.200,-30.102
92.168,goal,-56.636,-186.279,-30.096
92.200,goal,-56.629,-186.358,-30.090
92.236,goal,-56.619,-186.439,-30.083
92.270,goal,-56.605,-186.521,-30.077
92.301,goal,-56.588,-186.604,-30.071
92.336,goal,-56.562,-186.709,-30.063
92.370,goal,-56.538,-186.794,-30.057
92.402,goal,-56.512,-186.880,-30.051
92.459,goal,-56.483,-186.967,-30.046
92.502,goal,-56.452,-187.054,-30.041
92.534,goal,-56.420,-187.142,-30.036
92.568,goal,-56.377,-187.253,-30.030
92.602,goal,-56.341,-187.342,-30.026
92.634,goal,-56.304,-187.432,-30.022
92.668,goal,-56.267,-187.522,-30.019
92.702,goal,-56.229,-187.612,-30.016
92.734,goal,-56.190,-187.702,-30.013
92.768,goal,-56.140,-187.815,-30.009
92.802,goal,-56.101,-187.906,-30.007
92.834,goal,-56.061,-187.997,-30.005
92.868,goal,-56.021,-188.087,-30.003
92.902,goal,-55.981,-188.178,-30.001
92.934,goal,-55.941,-188.269,-30.000
92.968,goal,-55.891,-188.383,-29.998
93.002,goal,-55.851,-188.474,-29.997
93.034,goal,-55.810,-188.564,-29.996
93.068,goal,-55.770,-188.655,-29.996
93.102,goal,-55.730,-188.746,-29.995
93.134,goal,-55.690,-188.836,-29.995
93.168,goal,-55.640,-188.949,-29.994
93.202,goal,-55.600,-189.040,-29.994
93.234,goal,-55.560,-189.130,-29.994
93.268,goal,-55.520,-189.220,-29.994
93.302,goal,-55.480,-189.310,-29.994
93.334,goal,-55.440,-189.399,-29.994
93.368,goal,-55.391,-189.511,-29.994
93.402,goal,-55.351,-189.600,-29.994
93.434,goal,-55.312,-189.689,-29.994
93.468,goal,-55.273,-189.778,-29.994
93.502,goal,-55.233,-189.866,-29.994
93.534,goal,-55.194,-189.954,-29.994
93.568,goal,-55.145,-190.065,-29.994
93.602,goal,-55.105,-190.152,-29.995
93.634,goal,-55.066,-190.240,-29.995
93.668,goal,-55.027,-190.328,-29.995
93.702,goal,-54.987,-190.415,-29.995
93.734,goal,-54.948,-190.503,-29.995
93.768,goal,-54.899,-190.612,-29.995
93.802,goal,-54.860,-190.699,-29.995
93.834,goal,-54.820,-190.787,-29.995
93.868,goal,-54.781,-190.874,-29.995
93.902,goal,-54.741,-190.961,-29.995
93.934,goal,-54.702,-191.048,-29.995
93.968,goal,-54.652,-191.156,-29.995
94.002,goal,-54.613,-191.244,-29.995
94.034,goal,-54.573,-191.331,-29.995
94.068,goal,-54.533,-191.418,-29.995
94.102,goal,-54.493,-191.505,-29.995
94.134,goal,-54.453,-191.592,-29.995
94.168,goal,-54.403,-191.701,-29.994
94.202,goal,-54.363,-191.788,-29.994
94.234,goal,-54.323,-191.874,-29.994
94.268,goal,-54.283,-191.961,-29.994
94.302,goal,-54.242,-192.047,-29.994
94.334,goal,-54.202,-192.134,-29.994
94.369,goal,-54.152,-192.242,-29.994
94.403,goal,-54.111,-192.328,-29.994
94.435,goal,-54.071,-192.414,-29.993
94.469,goal,-54.031,-192.500,-29.993
94.505,goal,-53.990,-192.585,-29.992
94.536,goal,-53.950,-192.671,-29.992
94.570,goal,-53.899,-192.778,-29.991
94.605,goal,-53.858,-192.864,-29.991
94.636,goal,-53.818,-192.949,-29.990
94.670,goal,-53.777,-193.034,-29.990
94.705,goal,-53.736,-193.119,-29.990
94.736,goal,-53.695,-193.204,-29.990
94.770,goal,-53.643,-193.311,-29.990
94.806,goal,-53.602,-193.395,-29.990
94.837,goal,-53.561,-193.480,-29.990
94.871,goal,-53.519,-193.565,-29.991
94.906,goal,-53.477,-193.649,-29.991
94.938,goal,-53.436,-193.734,-29.991
94.971,goal,-53.383,-193.839,-29.991
95.006,goal,-53.341,-193.924,-29.991
95.037,goal,-53.299,-194.008,-29.992
95.071,goal,-53.257,-194.093,-29.992
95.107,goal,-53.214,-194.177,-29.992
95.139,goal,-53.171,-194.262,-29.992
95.173,goal,-53.118,-194.368,-29.992
95.207,goal,-53.075,-194.453,-29.993
95.239,goal,-53.032,-194.538,-29.993
95.273,goal,-52.989,-194.623,-29.993
95.307,goal,-52.945,-194.708,-29.993
95.339,goal,-52.902,-194.793,-29.993
95.373,goal,-52.847,-194.899,-29.993
95.407,goal,-52.803,-194.984,-29.993
95.439,goal,-52.760,-195.069,-29.993
95.473,goal,-52.716,-195.154,-29.992
95.507,goal,-52.672,-195.240,-29.992
95.539,goal,-52.628,-195.325,-29.992
95.573,goal,-52.573,-195.431,-29.991
95.607,goal,-52.529,-195.516,-29.991
95.639,goal,-52.484,-195.601,-29.990
95.673,goal,-52.440,-195.686,-29.990
95.707,goal,-52.395,-195.772,-29.989
95.739,goal,-52.351,-195.857,-29.989
95.773,goal,-52.295,-195.963,-29.988
95.807,goal,-52.250,-196.048,-29.988
95.839,goal,-52.205,-196.134,-29.988
95.873,goal,-52.160,-196.219,-29.988
95.907,goal,-52.115,-196.304,-29.988
95.939,goal,-52.069,-196.389,-29.987
95.973,goal,-52.012,-196.496,-29.987
96.007,goal,-51.967,-196.581,-29.988
96.039,goal,-51.921,-196.667,-29.988
96.073,goal,-51.875,-196.752,-29.988
96.107,goal,-51.829,-196.837,-29.988
96.139,goal,-51.783,-196.923,-29.988
96.173,goal,-51.725,-197.029,-29.988
96.207,goal,-51.678,-197.115,-29.988
96.239,goal,-51.631,-197.200,-29.989
96.273,goal,-51.585,-197.286,-29.989
96.307,goal,-51.538,-197.371,-29.989
96.339,goal,-51.491,-197.456,-29.990
96.373,goal,-51.433,-197.563,-29.990
96.407,goal,-51.386,-197.649,-29.991
96.439,goal,-51.339,-197.734,-29.991
96.473,goal,-51.292,-197.820,-29.991
96.507,goal,-51.245,-197.905,-29.991
96.539,goal,-51.198,-197.991,-29.991
96.573,goal,-51.140,-198.098,-29.992
96.607,goal,-51.093,-198.184,-29.992
96.639,goal,-51.046,-198.270,-29.992
96.673,goal,-50.999,-198.355,-29.993
96.707,goal,-50.952,-198.441,-29.993
96.739,goal,-50.905,-198.526,-29.993
96.773,goal,-50.847,-198.633,-29.993
96.807,goal,-50.800,-198.719,-29.993
96.839,goal,-50.754,-198.805,-29.993
96.873,goal,-50.707,-198.890,-29.993
96.907,goal,-50.661,-198.976,-29.993
96.939,goal,-50.615,-199.061,-29.993
96.973,goal,-50.557,-199.168,-29.993
97.007,goal,-50.511,-199.254,-29.993
97.039,goal,-50.464,-199.340,-29.993
97.073,goal,-50.418,-199.425,-29.993
97.107,goal,-50.372,-199.511,-29.993
97.139,goal,-50.326,-199.597,-29.993
97.173,goal,-50.269,-199.704,-29.993
97.207,goal,-50.223,-199.790,-29.994
97.239,goal,-50.177,-199.876,-29.994
97.272,goal,-50.131,-199.962,-29.995
97.306,goal,-50.085,-200.048,-29.995
97.340,goal,-50.027,-200.155,-29.996
97.372,goal,-49.981,-200.241,-29.997
97.406,goal,-49.935,-200.327,-29.997
97.440,goal,-49.889,-200.414,-29.998
97.472,goal,-49.843,-200.500,-29.999
97.506,goal,-49.797,-200.586,-29.999
97.540,goal,-49.739,-200.694,-30.000
97.572,goal,-49.692,-200.780,-30.001
97.606,goal,-49.646,-200.866,-30.001
97.640,goal,-49.599,-200.952,-30.002
97.672,goal,-49.552,-201.038,-30.002
97.706,goal,-49.506,-201.124,-30.002
97.740,goal,-49.447,-201.231,-30.002
97.772,goal,-49.400,-201.316,-30.002
97.806,goal,-49.353,-201.402,-30.002
97.840,goal,-49.306,-201.488,-30.002
97.872,goal,-49.259,-201.573,-30.002
97.906,goal,-49.212,-201.659,-30.002
97.940,goal,-49.153,-201.765,-30.002
97.972,goal,-49.106,-201.851,-30.002
98.006,goal,-49.058,-201.936,-30.002
98.040,goal,-49.011,-202.021,-30.002
98.072,goal,-48.964,-202.106,-30.003
98.106,goal,-48.917,-202.191,-30.003
98.140,goal,-48.858,-202.298,-30.003
98.172,goal,-48.811,-202.383,-30.003
98.206,goal,-48.765,-202.468,-30.004
98.240,goal,-48.718,-202.553,-30.004
98.272,goal,-48.671,-202.638,-30.004
98.314,goal,-48.625,-202.723,-30.004
98.346,goal,-48.578,-202.808,-30.005
98.380,goal,-48.520,-202.914,-30.005
98.414,goal,-48.474,-202.999,-30.005
98.446,goal,-48.428,-203.083,-30.005
98.480,goal,-48.381,-203.168,-30.005
98.515,goal,-48.335,-203.253,-30.005
98.547,goal,-48.289,-203.338,-30.005
98.581,goal,-48.231,-203.444,-30.005
98.615,goal,-48.185,-203.529,-30.005
98.647,goal,-48.140,-203.614,-30.005
98.681,goal,-48.094,-203.700,-30.004
98.715,goal,-48.048,-203.785,-30.004
98.747,goal,-48.002,-203.871,-30.004
98.781,goal,-47.946,-203.978,-30.004
98.815,goal,-47.900,-204.064,-30.004
98.847,goal,-47.855,-204.150,-30.004
98.881,goal,-47.809,-204.236,-30.004
98.915,goal,-47.764,-204.322,-30.004
98.947,goal,-47.718,-204.408,-30.005
98.981,goal,-47.661,-204.515,-30.005
99.015,goal,-47.616,-204.601,-30.006
99.047,goal,-47.570,-204.688,-30.006
99.081,goal,-47.525,-204.774,-30.006
99.115,goal,-47.479,-204.860,-30.007
99.147,goal,-47.434,-204.946,-30.008
99.181,goal,-47.377,-205.054,-30.008
99.215,goal,-47.331,-205.140,-30.009
99.247,goal,-47.286,-205.226,-30.009
99.281,goal,-47.241,-205.312,-30.010
99.315,goal,-47.195,-205.398,-30.010
99.347,goal,-47.150,-205.484,-30.011
99.381,goal,-47.094,-205.591,-30.011
99.415,goal,-47.048,-205.677,-30.011
99.447,goal,-47.003,-205.762,-30.012
99.481,goal,-46.958,-205.848,-30.012
99.515,goal,-46.912,-205.934,-30.012
99.547,goal,-46.867,-206.020,-30.013
99.581,goal,-46.810,-206.127,-30.013
99.615,goal,-46.765,-206.213,-30.013
99.647,goal,-46.719,-206.299,-30.013
99.681,goal,-46.674,-206.386,-30.013
99.715,goal,-46.628,-206.472,-30.013
99.747,goal,-46.583,-206.558,-30.013
99.781,goal,-46.527,-206.667,-30.013
99.815,goal,-46.481,-206.753,-30.013
99.847,goal,-46.436,-206.840,-30.013
99.881,goal,-46.391,-206.927,-30.012
99.915,goal,-46.346,-207.013,-30.012
99.947,goal,-46.301,-207.100,-30.012
99.981,goal,-46.244,-207.208,-30.011
100.015,goal,-46.199,-207.295,-30.011
100.047,goal,-46.154,-207.382,-30.010
100.081,goal,-46.108,-207.468,-30.010
100.115,goal,-46.063,-207.555,-30.009
100.147,goal,-46.018,-207.641,-30.009
100.181,goal,-45.962,-207.749,-30.008
100.216,goal,-45.917,-207.835,-30.007
100.247,goal,-45.873,-207.921,-30.006
100.281,goal,-45.828,-208.007,-30.006
100.315,goal,-45.783,-208.093,-30.005
100.348,goal,-45.739,-208.179,-30.004
100.381,goal,-45.684,-208.286,-30.003
100.415,goal,-45.640,-208.372,-30.002
100.447,goal,-45.596,-208.457,-30.001
100.481,goal,-45.552,-208.543,-30.001
100.515,goal,-45.508,-208.628,-30.000
100.547,goal,-45.464,-208.713,-29.999
100.581,goal,-45.410,-208.819,-29.998
100.615,goal,-45.366,-208.905,-29.998
100.647,goal,-45.322,-208.990,-29.997
100.681,goal,-45.279,-209.075,-29.996
100.715,goal,-45.235,-209.160,-29.996
100.747,goal,-45.192,-209.246,-29.995
100.781,goal,-45.137,-209.352,-29.995
100.815,goal,-45.094,-209.438,-29.994
100.848,goal,-45.050,-209.524,-29.994
100.881,goal,-45.007,-209.610,-29.993
100.915,goal,-44.964,-209.696,-29.993
100.947,goal,-44.921,-209.782,-29.993
100.981,goal,-44.867,-209.890,-29.992
101.015,goal,-44.823,-209.976,-29.992
101.047,goal,-44.780,-210.062,-29.992
101.081,goal,-44.737,-210.149,-29.991
101.115,goal,-44.694,-210.235,-29.991
101.147,goal,-44.651,-210.322,-29.991
101.181,goal,-44.597,-210.430,-29.991
101.215,goal,-44.554,-210.517,-29.991
101.247,goal,-44.511,-210.603,-29.991
101.281,goal,-44.468,-210.690,-29.991
101.315,goal,-44.424,-210.777,-29.991
101.347,goal,-44.381,-210.863,-29.991
101.381,goal,-44.327,-210.972,-29.991
101.417,goal,-44.283,-211.058,-29.991
101.448,goal,-44.240,-211.145,-29.991
101.482,goal,-44.196,-211.231,-29.992
101.518,goal,-44.153,-211.318,-29.992
101.550,goal,-44.109,-211.404,-29.992
101.584,goal,-44.055,-211.513,-29.993
101.618,goal,-44.011,-211.599,-29.993
101.650,goal,-43.967,-211.686,-29.993
101.684,goal,-43.924,-211.772,-29.994
101.718,goal,-43.880,-211.859,-29.994
101.750,goal,-43.836,-211.945,-29.994
101.784,goal,-43.782,-212.053,-29.995
101.818,goal,-43.738,-212.139,-29.995
101.850,goal,-43.694,-212.226,-29.995
101.884,goal,-43.650,-212.312,-29.995
101.918,goal,-43.606,-212.398,-29.995
101.950,goal,-43.562,-212.484,-29.995
101.984,goal,-43.507,-212.592,-29.995
102.018,goal,-43.463,-212.679,-29.995
102.050,goal,-43.419,-212.765,-29.995
102.084,goal,-43.375,-212.851,-29.994
102.118,goal,-43.331,-212.938,-29.994
102.150,goal,-43.286,-213.024,-29.994
102.184,goal,-43.231,-213.132,-29.994
102.218,goal,-43.187,-213.218,-29.994
102.250,goal,-43.142,-213.305,-29.994
102.284,goal,-43.098,-213.391,-29.993
102.318,goal,-43.054,-213.477,-29.993
102.350,goal,-43.010,-213.563,-29.993
102.384,goal,-42.954,-213.671,-29.993
102.420,goal,-42.910,-213.757,-29.993
102.455,goal,-42.866,-213.843,-29.992
102.489,goal,-42.822,-213.929,-29.992
102.523,goal,-42.778,-214.015,-29.992
102.555,goal,-42.735,-214.101,-29.992
102.589,goal,-42.680,-214.209,-29.992
102.623,goal,-42.637,-214.295,-29.992
102.655,goal,-42.593,-214.381,-29.992
102.689,goal,-42.550,-214.467,-29.993
102.723,goal,-42.507,-214.552,-29.993
102.755,goal,-42.464,-214.638,-29.993
102.789,goal,-42.410,-214.745,-29.993
102.823,goal,-42.367,-214.831,-29.993
102.855,goal,-42.324,-214.916,-29.993
102.889,goal,-42.281,-215.002,-29.993
102.923,goal,-42.239,-215.087,-29.994
102.955,goal,-42.196,-215.173,-29.994
102.989,goal,-42.142,-215.279,-29.994
103.023,goal,-42.100,-215.365,-29.995
103.055,goal,-42.057,-215.450,-29.995
103.089,goal,-42.014,-215.535,-29.995
103.123,goal,-41.972,-215.620,-29.996
103.155,goal,-41.929,-215.706,-29.996
103.189,goal,-41.876,-215.812,-29.997
103.223,goal,-41.833,-215.898,-29.998
103.255,goal,-41.791,-215.983,-29.999
103.289,goal,-41.749,-216.069,-29.999
103.323,goal,-41.707,-216.155,-30.000
103.355,goal,-41.665,-216.241,-30.001
103.389,goal,-41.612,-216.348,-30.002
103.423,goal,-41.570,-216.434,-30.003
103.455,goal,-41.529,-216.520,-30.004
103.489,goal,-41.487,-216.606,-30.004
103.523,goal,-41.445,-216.692,-30.005
103.555,goal,-41.403,-216.779,-30.005
103.589,goal,-41.351,-216.887,-30.006
103.623,goal,-41.309,-216.973,-30.006
103.655,goal,-41.268,-217.060,-30.006
103.689,goal,-41.226,-217.146,-30.007
103.723,goal,-41.184,-217.233,-30.007
103.755,goal,-41.142,-217.320,-30.007
103.789,goal,-41.090,-217.429,-30.007
103.823,goal,-41.048,-217.516,-30.006
103.855,goal,-41.005,-217.603,-30.006
103.889,goal,-40.963,-217.690,-30.006
103.923,goal,-40.921,-217.777,-30.006
103.955,goal,-40.879,-217.864,-30.006
103.989,goal,-40.826,-217.974,-30.005
104.023,goal,-40.784,-218.061,-30.005
104.055,goal,-40.741,-218.148,-30.005
104.089,goal,-40.699,-218.236,-30.004
104.123,goal,-40.657,-218.323,-30.004
104.155,goal,-40.614,-218.411,-30.004
104.189,goal,-40.561,-218.520,-30.004
104.223,goal,-40.519,-218.608,-30.004
104.255,goal,-40.477,-218.696,-30.004
104.289,goal,-40.434,-218.784,-30.004
104.323,goal,-40.392,-218.871,-30.003
104.355,goal,-40.350,-218.959,-30.003
104.389,goal,-40.297,-219.069,-30.003
104.423,goal,-40.255,-219.157,-30.002
104.455,goal,-40.213,-219.245,-30.002
104.489,goal,-40.171,-219.333,-30.002
104.523,goal,-40.128,-219.420,-30.002
104.555,goal,-40.086,-219.508,-30.001
104.589,goal,-40.034,-219.617,-30.001
104.623,goal,-39.992,-219.705,-30.001
104.655,goal,-39.950,-219.792,-30.000
104.689,goal,-39.908,-219.879,-30.000
104.723,goal,-39.866,-219.966,-30.000
104.755,goal,-39.825,-220.054,-30.000
104.789,goal,-39.773,-220.162,-30.000
104.823,goal,-39.731,-220.249,-29.999
104.855,goal,-39.690,-220.336,-29.999
104.889,goal,-39.648,-220.423,-29.999
104.923,goal,-39.607,-220.510,-29.999
104.955,goal,-39.565,-220.597,-29.998
104.989,goal,-39.514,-220.705,-29.998
105.023,goal,-39.472,-220.792,-29.998
105.055,goal,-39.431,-220.879,-29.998
105.089,goal,-39.389,-220.965,-29.997
105.123,goal,-39.348,-221.052,-29.997
105.155,goal,-39.307,-221.139,-29.997
105.189,goal,-39.255,-221.248,-29.997
105.223,goal,-39.213,-221.335,-29.997
105.255,goal,-39.172,-221.422,-29.996
105.289,goal,-39.130,-221.509,-29.996
105.323,goal,-39.089,-221.596,-29.996
105.355,goal,-39.047,-221.683,-29.996
105.389,goal,-38.995,-221.791,-29.996
105.423,goal,-38.954,-221.878,-29.997
105.455,goal,-38.912,-221.965,-29.997
105.489,goal,-38.871,-222.052,-29.997
105.523,goal,-38.829,-222.139,-29.997
105.555,goal,-38.788,-222.226,-29.997
105.589,goal,-38.736,-222.335,-29.997
105.623,goal,-38.695,-222.423,-29.996
105.655,goal,-38.653,-222.510,-29.996
105.689,goal,-38.612,-222.597,-29.997
105.723,goal,-38.570,-222.685,-29.997
105.755,goal,-38.528,-222.772,-29.997
105.789,goal,-38.476,-222.881,-29.997
105.823,goal,-38.435,-222.968,-29.997
105.855,goal,-38.393,-223.055,-29.996
105.889,goal,-38.351,-223.142,-29.996
105.923,goal,-38.310,-223.229,-29.996
105.955,goal,-38.268,-223.316,-29.996
105.989,goal,-38.216,-223.424,-29.996
106.023,goal,-38.174,-223.511,-29.996
106.055,goal,-38.133,-223.597,-29.996
106.089,goal,-38.092,-223.684,-29.996
106.123,goal,-38.050,-223.771,-29.996
106.155,goal,-38.009,-223.857,-29.996
106.189,goal,-37.958,-223.966,-29.996
106.224,goal,-37.916,-224.052,-29.995
106.256,goal,-37.875,-224.139,-29.995
106.290,goal,-37.834,-224.226,-29.995
106.324,goal,-37.793,-224.313,-29.995
106.356,goal,-37.752,-224.400,-29.995
106.390,goal,-37.701,-224.508,-29.995
106.425,goal,-37.660,-224.596,-29.995
106.457,goal,-37.619,-224.683,-29.995
106.491,goal,-37.578,-224.770,-29.995
106.525,goal,-37.537,-224.857,-29.995
106.557,goal,-37.496,-224.944,-29.995
106.591,goal,-37.445,-225.053,-29.995
106.625,goal,-37.404,-225.140,-29.995
106.657,goal,-37.364,-225.227,-29.995
106.691,goal,-37.323,-225.315,-29.995
106.725,goal,-37.282,-225.402,-29.995
106.757,goal,-37.241,-225.489,-29.995
106.791,goal,-37.190,-225.598,-29.995
106.825,goal,-37.149,-225.685,-29.995
106.857,goal,-37.108,-225.772,-29.996
106.891,goal,-37.068,-225.860,-29.996
106.926,goal,-37.027,-225.947,-29.996
106.958,goal,-36.986,-226.034,-29.996
106.992,goal,-36.935,-226.143,-29.997
107.026,goal,-36.894,-226.231,-29.997
107.058,goal,-36.853,-226.318,-29.997
107.092,goal,-36.812,-226.405,-29.997
107.126,goal,-36.771,-226.493,-29.997
107.158,goal,-36.730,-226.580,-29.997
107.192,goal,-36.678,-226.689,-29.997
107.226,goal,-36.637,-226.776,-29.997
107.258,goal,-36.596,-226.863,-29.996
107.292,goal,-36.555,-226.951,-29.996
107.326,goal,-36.513,-227.038,-29.996
107.358,goal,-36.472,-227.125,-29.995
107.392,goal,-36.420,-227.235,-29.995
107.426,goal,-36.378,-227.322,-29.994
107.458,goal,-36.336,-227.410,-29.994
107.492,goal,-36.294,-227.497,-29.994
107.526,goal,-36.253,-227.585,-29.993
107.558,goal,-36.211,-227.673,-29.993
107.592,goal,-36.158,-227.782,-29.993
107.626,goal,-36.116,-227.870,-29.992
107.658,goal,-36.074,-227.957,-29.992
107.692,goal,-36.032,-228.044,-29.992
107.726,goal,-35.990,-228.132,-29.992
107.758,goal,-35.948,-228.219,-29.992
107.792,goal,-35.896,-228.328,-29.992
107.826,goal,-35.854,-228.415,-29.992
107.858,goal,-35.811,-228.502,-29.992
107.892,goal,-35.769,-228.589,-29.992
107.926,goal,-35.727,-228.676,-29.992
107.958,goal,-35.685,-228.762,-29.992
107.992,goal,-35.633,-228.871,-29.992
108.026,goal,-35.591,-228.958,-29.992
108.059,goal,-35.549,-229.045,-29.992
108.093,goal,-35.507,-229.132,-29.992
108.127,goal,-35.466,-229.219,-29.992
108.159,goal,-35.424,-229.305,-29.992
108.193,goal,-35.372,-229.414,-29.991
108.227,goal,-35.331,-229.501,-29.991
108.259,goal,-35.289,-229.588,-29.991
108.293,goal,-35.248,-229.675,-29.990
108.327,goal,-35.207,-229.761,-29.990
108.359,goal,-35.166,-229.848,-29.989
108.393,goal,-35.114,-229.956,-29.988
108.427,goal,-35.073,-230.043,-29.987
108.459,goal,-35.032,-230.130,-29.987
108.493,goal,-34.991,-230.216,-29.986
108.527,goal,-34.950,-230.302,-29.985
108.559,goal,-34.909,-230.389,-29.985
108.593,goal,-34.857,-230.497,-29.984
108.627,goal,-34.816,-230.583,-29.983
108.659,goal,-34.776,-230.669,-29.983
108.693,goal,-34.735,-230.756,-29.982
108.727,goal,-34.694,-230.842,-29.981
108.759,goal,-34.653,-230.928,-29.981
108.793,goal,-34.602,-231.036,-29.981
108.827,goal,-34.562,-231.122,-29.980
108.859,goal,-34.521,-231.209,-29.980
108.893,goal,-34.480,-231.295,-29.980
108.927,goal,-34.439,-231.381,-29.980
108.959,goal,-34.399,-231.468,-29.980
108.993,goal,-34.348,-231.576,-29.980
109.027,goal,-34.308,-231.662,-29.980
109.059,goal,-34.267,-231.749,-29.980
109.093,goal,-34.227,-231.835,-29.980
109.127,goal,-34.187,-231.922,-29.980
109.159,goal,-34.147,-232.008,-29.980
109.193,goal,-34.098,-232.116,-29.980
109.228,goal,-34.058,-232.203,-29.980
109.260,goal,-34.018,-232.289,-29.980
109.294,goal,-33.979,-232.376,-29.980
109.328,goal,-33.939,-232.462,-29.981
109.361,goal,-33.900,-232.549,-29.981
109.395,goal,-33.850,-232.657,-29.981
109.430,goal,-33.810,-232.743,-29.981
109.462,goal,-33.771,-232.830,-29.982
109.496,goal,-33.731,-232.916,-29.982
109.530,goal,-33.691,-233.003,-29.982
109.562,goal,-33.652,-233.089,-29.982
109.596,goal,-33.602,-233.197,-29.982
109.630,goal,-33.562,-233.283,-29.982
109.662,goal,-33.522,-233.369,-29.982
109.696,goal,-33.482,-233.455,-29.982
109.740,goal,-33.442,-233.540,-29.981
109.783,goal,-33.402,-233.626,-29.981
109.818,goal,-33.352,-233.734,-29.981
109.852,goal,-33.311,-233.820,-29.981
109.884,goal,-33.271,-233.906,-29.981
109.918,goal,-33.231,-233.992,-29.981
109.952,goal,-33.190,-234.078,-29.980
109.984,goal,-33.150,-234.164,-29.980
110.018,goal,-33.099,-234.271,-29.980
110.052,goal,-33.059,-234.357,-29.980
110.084,goal,-33.019,-234.444,-29.980
110.118,goal,-32.978,-234.530,-29.980
110.152,goal,-32.938,-234.616,-29.980
110.184,goal,-32.897,-234.702,-29.980
110.220,goal,-32.847,-234.810,-29.980
110.254,goal,-32.806,-234.897,-29.980
110.286,goal,-32.766,-234.983,-29.981
110.319,goal,-32.725,-235.070,-29.981
110.354,goal,-32.685,-235.156,-29.981
110.386,goal,-32.644,-235.243,-29.981
110.419,goal,-32.594,-235.352,-29.981
110.454,goal,-32.553,-235.438,-29.981
110.486,goal,-32.513,-235.525,-29.982
110.520,goal,-32.473,-235.612,-29.982
110.554,goal,-32.432,-235.699,-29.982
110.586,goal,-32.392,-235.786,-29.982
110.620,goal,-32.342,-235.895,-29.983
110.655,goal,-32.302,-235.982,-29.984
110.686,goal,-32.262,-236.069,-29.984
110.720,goal,-32.222,-236.156,-29.985
110.751,goal,-32.182,-236.243,-29.985
110.786,goal,-32.142,-236.331,-29.986
110.820,goal,-32.092,-236.440,-29.986
110.851,goal,-32.051,-236.527,-29.987
110.886,goal,-32.011,-236.614,-29.988
110.920,goal,-31.971,-236.701,-29.988
110.951,goal,-31.931,-236.788,-29.989
110.986,goal,-31.891,-236.875,-29.990
111.020,goal,-31.840,-236.984,-29.991
111.051,goal,-31.800,-237.071,-29.992
111.086,goal,-31.759,-237.158,-29.993
111.119,goal,-31.718,-237.245,-29.994
111.151,goal,-31.678,-237.332,-29.994
111.186,goal,-31.637,-237.418,-29.995
111.220,goal,-31.586,-237.527,-29.996
111.251,goal,-31.546,-237.614,-29.997
111.285,goal,-31.505,-237.700,-29.997
111.319,goal,-31.465,-237.787,-29.998
111.351,goal,-31.424,-237.874,-29.999
111.386,goal,-31.383,-237.961,-29.999
111.420,goal,-31.332,-238.069,-30.000
111.451,approach,-31.292,-238.156,-30.001
111.486,approach,-31.251,-238.243,-30.001
111.520,approach,-31.210,-238.330,-30.002
111.552,approach,-31.170,-238.416,-30.000
111.586,approach,-31.129,-238.503,-29.993
111.620,approach,-31.079,-238.611,-29.975
111.651,approach,-31.039,-238.697,-29.953
111.685,approach,-31.000,-238.783,-29.924
111.720,approach,-30.960,-238.869,-29.890
111.751,approach,-30.921,-238.954,-29.851
111.785,approach,-30.883,-239.038,-29.809
111.820,approach,-30.835,-239.143,-29.751
111.852,approach,-30.797,-239.225,-29.702
111.885,approach,-30.760,-239.307,-29.652
111.920,approach,-30.723,-239.387,-29.600
111.951,approach,-30.687,-239.467,-29.547
111.985,approach,-30.652,-239.544,-29.493
112.019,approach,-30.608,-239.639,-29.426
112.051,approach,-30.575,-239.713,-29.371
112.085,approach,-30.542,-239.784,-29.317
112.119,approach,-30.510,-239.854,-29.263
112.151,approach,-30.479,-239.922,-29.209
112.185,approach,-30.449,-239.988,-29.154
112.219,approach,-30.413,-240.066,-29.087
112.251,approach,-30.386,-240.127,-29.034
112.285,approach,-30.359,-240.185,-28.980
112.319,approach,-30.333,-240.241,-28.927
112.351,approach,-30.308,-240.294,-28.874
112.385,approach,-30.284,-240.345,-28.821
112.419,approach,-30.255,-240.405,-28.755
112.451,approach,-30.234,-240.451,-28.702
112.485,approach,-30.213,-240.494,-28.650
112.519,approach,-30.193,-240.535,-28.598
112.551,approach,-30.175,-240.573,-28.546
112.585,approach,-30.157,-240.609,-28.494
112.619,approach,-30.136,-240.650,-28.429
112.651,approach,-30.120,-240.681,-28.377
112.685,approach,-30.105,-240.710,-28.326
112.719,approach,-30.091,-240.736,-28.274
112.751,approach,-30.078,-240.761,-28.223
112.785,approach,-30.066,-240.783,-28.172
112.819,approach,-30.051,-240.808,-28.108
112.851,approach,-30.040,-240.826,-28.057
112.885,approach,-30.030,-240.842,-28.007
112.919,approach,-30.021,-240.856,-27.956
112.951,approach,-30.013,-240.869,-27.906
112.985,approach,-30.005,-240.880,-27.856
113.019,approach,-29.996,-240.892,-27.793
113.051,approach,-29.990,-240.899,-27.743
113.085,approach,-29.984,-240.906,-27.693
113.119,approach,-29.979,-240.911,-27.643
113.151,approach,-29.974,-240.915,-27.593
113.185,approach,-29.970,-240.918,-27.543
113.219,approach,-29.965,-240.920,-27.481
113.251,approach,-29.962,-240.921,-27.431
113.285,approach,-29.960,-240.921,-27.381
113.319,approach,-29.958,-240.920,-27.332
113.351,approach,-29.956,-240.919,-27.282
113.385,approach,-29.955,-240.916,-27.233
113.419,approach,-29.954,-240.913,-27.171
113.451,approach,-29.953,-240.909,-27.121
113.485,approach,-29.953,-240.905,-27.072
113.519,approach,-29.954,-240.900,-27.023
113.551,approach,-29.955,-240.895,-26.974
113.585,approach,-29.956,-240.890,-26.925
113.619,approach,-29.958,-240.883,-26.863
113.651,approach,-29.960,-240.877,-26.815
113.685,approach,-29.963,-240.870,-26.766
113.719,approach,-29.966,-240.863,-26.717
113.751,approach,-29.969,-240.857,-26.668
113.785,approach,-29.972,-240.850,-26.620
113.819,approach,-29.976,-240.841,-26.559
113.851,approach,-29.980,-240.834,-26.510
113.885,approach,-29.984,-240.827,-26.462
113.919,approach,-29.988,-240.821,-26.413
113.951,approach,-29.992,-240.814,-26.365
113.985,approach,-29.996,-240.807,-26.317
114.019,approach,-30.001,-240.799,-26.256
114.051,approach,-30.005,-240.793,-26.208
114.085,approach,-30.009,-240.786,-26.160
114.119,approach,-30.013,-240.780,-26.112
114.151,approach,-30.016,-240.774,-26.064
114.185,approach,-30.020,-240.768,-26.016
114.219,approach,-30.024,-240.761,-25.955
114.251,approach,-30.028,-240.755,-25.907
114.285,approach,-30.032,-240.750,-25.859
114.319,approach,-30.035,-240.744,-25.811
114.351,approach,-30.039,-240.739,-25.762
114.385,approach,-30.042,-240.734,-25.714
114.419,approach,-30.046,-240.727,-25.653
114.451,approach,-30.050,-240.722,-25.605
114.485,approach,-30.053,-240.717,-25.556
114.519,approach,-30.057,-240.713,-25.508
114.551,approach,-30.061,-240.708,-25.459
114.585,approach,-30.064,-240.703,-25.411
114.619,approach,-30.069,-240.698,-25.350
114.651,approach,-30.073,-240.694,-25.302
114.685,approach,-30.076,-240.690,-25.253
114.719,approach,-30.079,-240.686,-25.205
114.751,approach,-30.083,-240.682,-25.157
114.785,approach,-30.086,-240.678,-25.108
114.819,approach,-30.089,-240.674,-25.048
114.851,approach,-30.092,-240.671,-25.000
114.885,approach,-30.095,-240.668,-24.952
114.919,approach,-30.097,-240.665,-24.903
114.951,approach,-30.099,-240.663,-24.855
114.985,approach,-30.101,-240.660,-24.807
115.019,approach,-30.103,-240.658,-24.746
115.051,approach,-30.105,-240.656,-24.698
115.085,approach,-30.106,-240.654,-24.650
115.119,approach,-30.107,-240.653,-24.601
115.151,approach,-30.108,-240.651,-24.553
115.185,approach,-30.109,-240.650,-24.504
115.219,approach,-30.109,-240.649,-24.444
115.251,approach,-30.110,-240.648,-24.396
115.286,approach,-30.110,-240.647,-24.348
115.319,approach,-30.110,-240.647,-24.299
115.351,approach,-30.111,-240.647,-24.251
115.385,approach,-30.110,-240.646,-24.203
115.419,approach,-30.110,-240.646,-24.143
115.451,approach,-30.110,-240.645,-24.095
115.485,approach,-30.109,-240.645,-24.047
115.519,approach,-30.109,-240.645,-23.999
115.551,approach,-30.108,-240.644,-23.952
115.585,approach,-30.108,-240.644,-23.904
115.619,approach,-30.108,-240.643,-23.844
115.651,approach,-30.107,-240.643,-23.797
115.685,approach,-30.107,-240.642,-23.749
115.719,approach,-30.107,-240.642,-23.701
115.751,approach,-30.106,-240.641,-23.653
115.785,approach,-30.106,-240.641,-23.605
115.819,approach,-30.106,-240.640,-23.545
115.853,approach,-30.106,-240.639,-23.498
115.887,approach,-30.105,-240.639,-23.450
115.921,approach,-30.105,-240.638,-23.402
115.953,approach,-30.105,-240.638,-23.354
115.987,approach,-30.105,-240.637,-23.306
116.021,approach,-30.105,-240.636,-23.245
116.053,approach,-30.105,-240.635,-23.197
116.087,approach,-30.104,-240.634,-23.149
116.121,approach,-30.104,-240.633,-23.101
116.153,approach,-30.104,-240.632,-23.052
116.187,approach,-30.103,-240.631,-23.004
116.221,approach,-30.103,-240.630,-22.944
116.253,approach,-30.102,-240.629,-22.895
116.287,approach,-30.102,-240.628,-22.847
116.321,approach,-30.101,-240.627,-22.799
116.353,approach,-30.101,-240.626,-22.751
116.387,approach,-30.100,-240.625,-22.703
116.423,approach,-30.100,-240.623,-22.643
116.455,approach,-30.099,-240.622,-22.595
116.489,approach,-30.099,-240.621,-22.547
116.523,approach,-30.098,-240.620,-22.500
116.555,approach,-30.097,-240.619,-22.452
116.589,approach,-30.097,-240.617,-22.405
116.623,approach,-30.096,-240.616,-22.345
116.655,approach,-30.096,-240.614,-22.298
116.689,approach,-30.096,-240.613,-22.250
116.723,approach,-30.095,-240.611,-22.203
116.755,approach,-30.095,-240.609,-22.156
116.789,approach,-30.096,-240.607,-22.108
116.823,approach,-30.096,-240.605,-22.049
116.855,approach,-30.096,-240.603,-22.002
116.889,approach,-30.097,-240.600,-21.954
116.923,approach,-30.097,-240.598,-21.907
116.955,approach,-30.098,-240.596,-21.859
116.989,approach,-30.099,-240.593,-21.812
117.023,approach,-30.100,-240.590,-21.752
117.055,approach,-30.101,-240.588,-21.705
117.089,approach,-30.102,-240.586,-21.657
117.123,approach,-30.103,-240.583,-21.609
117.155,approach,-30.104,-240.581,-21.562
117.189,approach,-30.105,-240.579,-21.514
117.224,approach,-30.106,-240.576,-21.454
117.256,approach,-30.107,-240.575,-21.406
117.290,approach,-30.108,-240.573,-21.358
117.324,approach,-30.110,-240.571,-21.311
117.356,approach,-30.111,-240.569,-21.263
117.390,approach,-30.112,-240.568,-21.215
117.424,approach,-30.114,-240.566,-21.154
117.456,approach,-30.116,-240.565,-21.106
117.490,approach,-30.117,-240.564,-21.058
117.524,approach,-30.118,-240.563,-21.010
117.556,approach,-30.120,-240.562,-20.961
117.590,approach,-30.121,-240.562,-20.913
117.624,approach,-30.123,-240.561,-20.852
117.656,approach,-30.124,-240.561,-20.804
117.690,approach,-30.125,-240.561,-20.755
117.724,approach,-30.127,-240.561,-20.707
117.756,approach,-30.128,-240.561,-20.658
117.790,approach,-30.129,-240.562,-20.610
117.824,approach,-30.131,-240.562,-20.550
117.856,approach,-30.132,-240.563,-20.502
117.890,approach,-30.133,-240.564,-20.453
117.924,approach,-30.134,-240.564,-20.405
117.956,approach,-30.135,-240.565,-20.357
117.990,approach,-30.136,-240.566,-20.309
118.024,approach,-30.137,-240.568,-20.249
118.059,approach,-30.137,-240.569,-20.200
118.093,approach,-30.138,-240.570,-20.152
118.127,approach,-30.139,-240.571,-20.104
118.159,approach,-30.139,-240.572,-20.056
118.193,approach,-30.140,-240.573,-20.008
118.227,approach,-30.140,-240.575,-19.947
118.259,approach,-30.141,-240.576,-19.899
118.293,approach,-30.141,-240.577,-19.851
118.327,approach,-30.141,-240.577,-19.803
118.359,approach,-30.142,-240.578,-19.755
118.393,approach,-30.142,-240.579,-19.707
118.427,approach,-30.142,-240.580,-19.647
118.459,approach,-30.142,-240.581,-19.599
118.493,approach,-30.143,-240.581,-19.551
118.527,approach,-30.143,-240.582,-19.503
118.559,approach,-30.143,-240.582,-19.454
118.593,approach,-30.143,-240.583,-19.406
118.627,approach,-30.143,-240.583,-19.346
118.659,approach,-30.144,-240.584,-19.298
118.693,approach,-30.144,-240.584,-19.250
118.727,approach,-30.144,-240.584,-19.201
118.759,approach,-30.145,-240.584,-19.153
118.793,approach,-30.145,-240.584,-19.105
118.827,approach,-30.145,-240.585,-19.045
118.859,approach,-30.145,-240.585,-18.997
118.893,approach,-30.145,-240.585,-18.949
118.927,approach,-30.145,-240.585,-18.901
118.959,approach,-30.145,-240.585,-18.853
118.993,approach,-30.144,-240.585,-18.805
119.027,approach,-30.144,-240.586,-18.746
119.059,approach,-30.143,-240.586,-18.698
119.093,approach,-30.142,-240.587,-18.650
119.127,approach,-30.142,-240.587,-18.603
119.159,approach,-30.141,-240.588,-18.555
119.193,approach,-30.140,-240.589,-18.507
119.227,approach,-30.139,-240.589,-18.448
119.259,approach,-30.139,-240.590,-18.401
119.293,approach,-30.138,-240.591,-18.353
119.327,approach,-30.138,-240.592,-18.306
119.359,approach,-30.137,-240.593,-18.259
119.393,approach,-30.137,-240.594,-18.211
119.427,approach,-30.137,-240.595,-18.152
119.459,approach,-30.136,-240.596,-18.105
119.493,approach,-30.136,-240.597,-18.057
119.527,approach,-30.136,-240.598,-18.010
119.559,approach,-30.135,-240.599,-17.962
119.593,approach,-30.135,-240.600,-17.914
119.627,approach,-30.135,-240.601,-17.855
119.659,approach,-30.135,-240.602,-17.807
119.693,approach,-30.135,-240.602,-17.759
119.727,approach,-30.134,-240.603,-17.711
119.759,approach,-30.134,-240.604,-17.664
119.793,approach,-30.134,-240.604,-17.616
119.827,approach,-30.134,-240.605,-17.556
119.859,approach,-30.134,-240.605,-17.508
119.893,approach,-30.134,-240.605,-17.460
119.927,approach,-30.134,-240.605,-17.412
119.959,approach,-30.134,-240.604,-17.364
119.993,approach,-30.134,-240.604,-17.316
120.027,approach,-30.134,-240.604,-17.256
120.059,approach,-30.134,-240.604,-17.208
120.093,approach,-30.135,-240.604,-17.160
120.127,approach,-30.135,-240.604,-17.112
120.159,approach,-30.135,-240.604,-17.063
120.193,approach,-30.135,-240.604,-17.015
120.228,approach,-30.135,-240.604,-16.955
120.260,approach,-30.135,-240.604,-16.907
120.294,approach,-30.135,-240.604,-16.859
120.328,approach,-30.134,-240.605,-16.810
120.360,approach,-30.134,-240.605,-16.762
120.394,approach,-30.134,-240.605,-16.714
120.428,approach,-30.133,-240.606,-16.653
120.460,approach,-30.133,-240.606,-16.605
120.494,approach,-30.132,-240.607,-16.557
120.528,approach,-30.131,-240.607,-16.509
120.560,approach,-30.131,-240.608,-16.460
120.594,approach,-30.130,-240.609,-16.412
120.628,approach,-30.128,-240.610,-16.352
120.660,approach,-30.127,-240.611,-16.304
120.694,approach,-30.126,-240.612,-16.257
120.728,approach,-30.125,-240.612,-16.209
120.760,approach,-30.123,-240.613,-16.161
120.794,approach,-30.122,-240.614,-16.113
120.828,approach,-30.120,-240.616,-16.054
120.860,approach,-30.119,-240.617,-16.006
120.894,approach,-30.117,-240.618,-15.958
120.928,approach,-30.115,-240.620,-15.911
120.960,approach,-30.114,-240.621,-15.863
120.994,approach,-30.112,-240.622,-15.815
121.028,approach,-30.111,-240.624,-15.756
121.060,approach,-30.109,-240.625,-15.708
121.094,approach,-30.108,-240.627,-15.660
121.128,approach,-30.107,-240.628,-15.612
121.160,approach,-30.107,-240.629,-15.564
121.194,approach,-30.106,-240.630,-15.516
121.228,approach,-30.105,-240.632,-15.457
121.260,approach,-30.105,-240.633,-15.409
121.294,approach,-30.105,-240.634,-15.361
121.328,approach,-30.104,-240.635,-15.313
121.360,approach,-30.104,-240.636,-15.265
121.394,approach,-30.104,-240.637,-15.217
121.428,approach,-30.104,-240.638,-15.158
121.460,approach,-30.104,-240.639,-15.110
121.494,approach,-30.104,-240.640,-15.062
121.528,approach,-30.104,-240.640,-15.013
121.560,approach,-30.104,-240.641,-14.965
121.594,approach,-30.104,-240.641,-14.917
121.628,approach,-30.104,-240.641,-14.856
121.660,approach,-30.104,-240.642,-14.808
121.694,approach,-30.104,-240.642,-14.759
121.728,approach,-30.104,-240.642,-14.710
121.760,approach,-30.103,-240.642,-14.662
121.794,approach,-30.103,-240.642,-14.613
121.828,approach,-30.103,-240.642,-14.553
121.860,approach,-30.102,-240.641,-14.504
121.894,approach,-30.102,-240.641,-14.456
121.928,approach,-30.102,-240.641,-14.407
121.960,approach,-30.101,-240.640,-14.359
121.994,approach,-30.101,-240.640,-14.311
122.028,approach,-30.100,-240.639,-14.251
122.060,approach,-30.100,-240.638,-14.202
122.094,approach,-30.100,-240.638,-14.154
122.128,approach,-30.100,-240.637,-14.106
122.160,approach,-30.099,-240.636,-14.058
122.194,approach,-30.099,-240.636,-14.010
122.228,approach,-30.098,-240.635,-13.950
122.260,approach,-30.098,-240.634,-13.902
122.294,approach,-30.098,-240.634,-13.854
122.328,approach,-30.097,-240.633,-13.806
122.360,approach,-30.096,-240.632,-13.758
122.394,approach,-30.096,-240.632,-13.710
122.428,approach,-30.095,-240.631,-13.650
122.460,approach,-30.094,-240.630,-13.602
122.494,approach,-30.093,-240.630,-13.554
122.528,approach,-30.092,-240.629,-13.506
122.560,approach,-30.091,-240.629,-13.459
122.594,approach,-30.090,-240.629,-13.411
122.628,approach,-30.088,-240.628,-13.351
122.660,approach,-30.087,-240.628,-13.304
122.694,approach,-30.086,-240.628,-13.256
122.728,approach,-30.085,-240.628,-13.208
122.760,approach,-30.084,-240.628,-13.161
122.794,approach,-30.083,-240.628,-13.113
122.828,approach,-30.082,-240.628,-13.054
122.860,approach,-30.081,-240.628,-13.007
122.894,approach,-30.080,-240.628,-12.959
122.928,approach,-30.079,-240.629,-12.911
122.960,approach,-30.078,-240.629,-12.863
122.994,approach,-30.077,-240.630,-12.815
123.028,approach,-30.077,-240.631,-12.755
123.060,approach,-30.076,-240.632,-12.707
123.094,approach,-30.076,-240.632,-12.659
123.128,approach,-30.075,-240.633,-12.611
123.160,approach,-30.075,-240.634,-12.562
123.194,approach,-30.075,-240.635,-12.514
123.228,approach,-30.074,-240.635,-12.454
123.260,approach,-30.074,-240.636,-12.405
123.294,approach,-30.074,-240.636,-12.357
123.328,approach,-30.075,-240.637,-12.309
123.360,approach,-30.075,-240.637,-12.260
123.394,approach,-30.075,-240.638,-12.212
123.428,approach,-30.076,-240.638,-12.151
123.460,approach,-30.076,-240.638,-12.103
123.494,approach,-30.077,-240.638,-12.054
123.528,approach,-30.077,-240.638,-12.006
123.560,approach,-30.078,-240.639,-11.958
123.594,approach,-30.079,-240.638,-11.910
123.628,approach,-30.080,-240.638,-11.849
123.660,approach,-30.081,-240.638,-11.801
123.694,approach,-30.082,-240.637,-11.753
123.728,approach,-30.083,-240.637,-11.705
123.760,approach,-30.084,-240.636,-11.657
123.794,approach,-30.085,-240.636,-11.609
123.828,approach,-30.087,-240.635,-11.548
123.860,approach,-30.088,-240.634,-11.500
123.894,approach,-30.089,-240.634,-11.452
123.928,approach,-30.090,-240.633,-11.403
123.960,approach,-30.091,-240.632,-11.355
123.994,approach,-30.092,-240.632,-11.307
124.028,approach,-30.093,-240.631,-11.246
124.060,approach,-30.094,-240.630,-11.198
124.094,approach,-30.095,-240.629,-11.150
124.128,approach,-30.096,-240.628,-11.102
124.160,approach,-30.096,-240.627,-11.054
124.194,approach,-30.097,-240.626,-11.005
124.228,approach,-30.098,-240.625,-10.945
124.260,approach,-30.098,-240.625,-10.897
124.294,approach,-30.099,-240.624,-10.849
124.328,approach,-30.099,-240.623,-10.802
124.360,approach,-30.099,-240.622,-10.754
124.394,approach,-30.100,-240.621,-10.706
124.428,approach,-30.100,-240.620,-10.647
124.460,approach,-30.101,-240.619,-10.599
124.494,approach,-30.101,-240.618,-10.552
124.528,approach,-30.101,-240.618,-10.504
124.560,approach,-30.102,-240.617,-10.456
124.594,approach,-30.102,-240.617,-10.409
124.628,approach,-30.102,-240.616,-10.349
124.660,approach,-30.102,-240.616,-10.301
124.694,approach,-30.102,-240.616,-10.253
124.728,approach,-30.102,-240.615,-10.205
124.760,approach,-30.102,-240.615,-10.157
124.794,approach,-30.102,-240.614,-10.109
124.828,approach,-30.102,-240.614,-10.049
124.860,approach,-30.102,-240.614,-10.002
124.894,approach,-30.102,-240.614,-9.954
124.928,approach,-30.101,-240.614,-9.906
124.960,approach,-30.101,-240.615,-9.859
124.994,approach,-30.101,-240.615,-9.811
125.028,approach,-30.101,-240.616,-9.752
125.060,approach,-30.100,-240.616,-9.704
125.094,approach,-30.100,-240.617,-9.657
125.128,approach,-30.099,-240.618,-9.609
125.160,approach,-30.098,-240.619,-9.561
125.206,approach,-30.098,-240.620,-9.514
125.253,approach,-30.097,-240.621,-9.454
125.286,approach,-30.096,-240.622,-9.406
125.320,approach,-30.095,-240.623,-9.358
125.352,approach,-30.094,-240.624,-9.311
125.386,approach,-30.094,-240.625,-9.262
125.420,approach,-30.093,-240.627,-9.202
125.452,approach,-30.092,-240.628,-9.154
125.486,approach,-30.091,-240.630,-9.105
125.520,approach,-30.090,-240.631,-9.057
125.552,approach,-30.089,-240.633,-9.009
125.586,approach,-30.088,-240.634,-8.960
125.620,approach,-30.087,-240.637,-8.900
125.652,approach,-30.087,-240.638,-8.852
125.686,approach,-30.086,-240.640,-8.804
125.720,approach,-30.085,-240.642,-8.756
125.752,approach,-30.085,-240.644,-8.708
125.786,approach,-30.085,-240.646,-8.660
125.820,approach,-30.084,-240.648,-8.599
125.853,approach,-30.084,-240.650,-8.551
125.887,approach,-30.084,-240.652,-8.503
125.921,approach,-30.084,-240.654,-8.455
125.953,approach,-30.083,-240.656,-8.407
125.987,approach,-30.083,-240.658,-8.358
126.021,approach,-30.083,-240.661,-8.298
126.053,approach,-30.084,-240.663,-8.249
126.087,approach,-30.084,-240.664,-8.201
126.122,approach,-30.084,-240.666,-8.152
126.154,approach,-30.085,-240.668,-8.103
126.188,approach,-30.085,-240.670,-8.055
126.222,approach,-30.086,-240.672,-7.994
126.254,approach,-30.086,-240.673,-7.945
126.288,approach,-30.087,-240.674,-7.896
126.322,approach,-30.087,-240.675,-7.847
126.354,approach,-30.088,-240.676,-7.798
126.388,approach,-30.088,-240.677,-7.749
126.422,approach,-30.089,-240.678,-7.688
126.454,approach,-30.089,-240.679,-7.640
126.488,approach,-30.089,-240.679,-7.591
126.522,approach,-30.089,-240.680,-7.542
126.554,approach,-30.089,-240.680,-7.494
126.588,approach,-30.089,-240.680,-7.445
126.622,approach,-30.089,-240.681,-7.384
126.654,approach,-30.088,-240.681,-7.336
126.688,approach,-30.088,-240.681,-7.287
126.722,approach,-30.088,-240.681,-7.239
126.754,approach,-30.088,-240.681,-7.191
126.788,approach,-30.088,-240.681,-7.142
126.822,approach,-30.087,-240.681,-7.082
126.854,approach,-30.087,-240.680,-7.034
126.888,approach,-30.086,-240.680,-6.985
126.922,approach,-30.086,-240.679,-6.937
126.954,approach,-30.085,-240.679,-6.889
126.988,approach,-30.085,-240.678,-6.841
127.022,approach,-30.084,-240.677,-6.781
127.054,approach,-30.084,-240.676,-6.733
127.088,approach,-30.084,-240.675,-6.685
127.122,approach,-30.084,-240.674,-6.637
127.154,approach,-30.083,-240.673,-6.589
127.188,approach,-30.083,-240.672,-6.541
127.222,approach,-30.083,-240.671,-6.481
127.254,approach,-30.083,-240.670,-6.434
127.288,approach,-30.082,-240.669,-6.386
127.322,approach,-30.082,-240.668,-6.338
127.354,approach,-30.082,-240.667,-6.290
127.388,approach,-30.082,-240.666,-6.242
127.422,approach,-30.082,-240.665,-6.183
127.454,approach,-30.082,-240.664,-6.135
127.488,approach,-30.081,-240.663,-6.088
127.522,approach,-30.081,-240.662,-6.040
127.554,approach,-30.081,-240.661,-5.992
127.588,approach,-30.081,-240.661,-5.945
127.622,approach,-30.081,-240.660,-5.885
127.654,approach,-30.081,-240.659,-5.837
127.688,approach,-30.080,-240.659,-5.789
127.722,approach,-30.080,-240.658,-5.741
127.754,approach,-30.080,-240.658,-5.693
127.788,approach,-30.079,-240.657,-5.645
127.822,approach,-30.079,-240.656,-5.585
127.854,approach,-30.078,-240.655,-5.537
127.888,approach,-30.078,-240.655,-5.489
127.922,approach,-30.077,-240.654,-5.441
127.954,approach,-30.076,-240.653,-5.392
127.988,approach,-30.076,-240.652,-5.344
128.022,approach,-30.075,-240.651,-5.284
128.055,approach,-30.075,-240.651,-5.235
128.088,approach,-30.074,-240.650,-5.187
128.122,approach,-30.074,-240.650,-5.139
128.154,approach,-30.074,-240.649,-5.090
128.188,approach,-30.074,-240.649,-5.042
128.222,approach,-30.073,-240.649,-4.981
128.254,approach,-30.073,-240.649,-4.933
128.294,approach,-30.073,-240.649,-4.885
128.329,approach,-30.073,-240.649,-4.836
128.361,approach,-30.074,-240.649,-4.788
128.395,approach,-30.074,-240.649,-4.740
128.431,approach,-30.074,-240.649,-4.679
128.463,approach,-30.074,-240.650,-4.631
128.497,approach,-30.074,-240.650,-4.584
128.531,approach,-30.074,-240.650,-4.536
128.563,approach,-30.074,-240.651,-4.488
128.597,approach,-30.074,-240.652,-4.440
128.631,approach,-30.074,-240.653,-4.380
128.663,approach,-30.074,-240.654,-4.333
128.697,approach,-30.073,-240.655,-4.285
128.731,approach,-30.073,-240.656,-4.237
128.763,approach,-30.073,-240.657,-4.190
128.797,approach,-30.072,-240.658,-4.142
128.831,approach,-30.072,-240.660,-4.082
128.863,approach,-30.071,-240.661,-4.035
128.897,approach,-30.071,-240.663,-3.987
128.931,approach,-30.070,-240.664,-3.939
128.963,approach,-30.070,-240.665,-3.891
128.997,approach,-30.069,-240.667,-3.843
129.031,approach,-30.068,-240.668,-3.784
129.063,approach,-30.067,-240.670,-3.736
129.097,approach,-30.066,-240.671,-3.688
129.131,approach,-30.066,-240.673,-3.641
129.163,approach,-30.065,-240.674,-3.593
129.197,approach,-30.064,-240.675,-3.546
129.231,approach,-30.063,-240.677,-3.486
129.263,approach,-30.062,-240.678,-3.439
129.297,approach,-30.061,-240.680,-3.391
129.331,approach,-30.061,-240.681,-3.344
129.363,approach,-30.060,-240.682,-3.297
129.397,approach,-30.059,-240.682,-3.249
129.431,approach,-30.058,-240.683,-3.190
129.463,approach,-30.057,-240.684,-3.143
129.497,approach,-30.057,-240.685,-3.095
129.531,approach,-30.056,-240.685,-3.048
129.563,approach,-30.056,-240.686,-3.000
129.597,approach,-30.056,-240.686,-2.952
129.631,approach,-30.056,-240.687,-2.893
129.663,approach,-30.056,-240.687,-2.845
129.697,approach,-30.056,-240.687,-2.796
129.731,approach,-30.056,-240.688,-2.748
129.763,approach,-30.056,-240.688,-2.700
129.797,approach,-30.057,-240.687,-2.652
129.831,approach,-30.058,-240.687,-2.592
129.863,approach,-30.058,-240.687,-2.543
129.897,approach,-30.059,-240.687,-2.495
129.931,approach,-30.060,-240.686,-2.447
129.963,approach,-30.061,-240.686,-2.398
129.997,approach,-30.062,-240.685,-2.350
130.031,approach,-30.063,-240.684,-2.290
130.063,approach,-30.064,-240.683,-2.241
130.097,approach,-30.064,-240.682,-2.193
130.131,approach,-30.065,-240.681,-2.145
130.163,approach,-30.066,-240.680,-2.097
130.197,approach,-30.066,-240.679,-2.049
130.231,approach,-30.067,-240.677,-1.990
130.263,approach,-30.068,-240.676,-1.943
130.297,approach,-30.068,-240.674,-1.898
130.331,approach,-30.069,-240.673,-1.854
130.364,approach,-30.069,-240.671,-1.811
130.398,approach,-30.069,-240.670,-1.770
130.432,approach,-30.070,-240.668,-1.720
130.464,approach,-30.070,-240.667,-1.682
130.498,approach,-30.070,-240.666,-1.646
