time_sec x_east_m y_north_m z_up_m
0.0 0.0 0.0 0.0
0.019403613 -0.0007932931184768677 -0.0004042685031890869 0.00017642974853515625
0.039383982 -0.001316174864768982 -0.0006811767816543579 0.0002715587615966797
0.060459009 -0.0020994283258914948 -0.0011313613504171371 0.0004570484161376953
0.080604872 -0.002678152173757553 -0.0015863869339227676 0.0006678104400634766
0.101736967 -0.0035688616335392 -0.0023528840392827988 0.0010256767272949219
0.121645932 -0.004173465073108673 -0.0028879977762699127 0.0012881755828857422
0.141564905 -0.005068864673376083 -0.0036970581859350204 0.0016465187072753906
0.161575921 -0.005657777190208435 -0.00424453429877758 0.0018787384033203125
0.181952915 -0.006513271480798721 -0.00506540946662426 0.002207040786743164
0.201831876 -0.007072489708662033 -0.0056144725531339645 0.002415895462036133
0.221588369 -0.007864650338888168 -0.006437670439481735 0.0027000904083251953
0.24158016 -0.00837773084640503 -0.0069898683577775955 0.002898693084716797
0.261538885 -0.009031035006046295 -0.007789405062794685 0.0031273365020751953
0.281693845 -0.00936206802725792 -0.008180581033229828 0.003181934356689453
0.30164249 -0.009767584502696991 -0.008702989667654037 0.0032033920288085938
0.322790582 -0.009959999471902847 -0.009025149047374725 0.0031735897064208984
0.342715735 -0.01021430641412735 -0.00950479507446289 0.0030498504638671875
0.362714538 -0.010333564132452011 -0.009810315445065498 0.002947568893432617
0.383059814 -0.010415200144052505 -0.010249391198158264 0.0027527809143066406
0.402765202 -0.0104464590549469 -0.010541722178459167 0.0026111602783203125
0.422774299 -0.010369818657636642 -0.010924475267529488 0.0023844242095947266
0.442765017 -0.010295074433088303 -0.011172665283083916 0.0022115707397460938
0.462679313 -0.010150175541639328 -0.01153595931828022 0.0019631385803222656
0.482908169 -0.010071329772472382 -0.01186126098036766 0.0018389225006103516
0.502846009 -0.00998014584183693 -0.01247570849955082 0.0017189979553222656
0.522713351 -0.00985649973154068 -0.01283777691423893 0.0016384124755859375
0.54274485 -0.009663227945566177 -0.013370348140597343 0.0014853477478027344
0.5627045 -0.009503327310085297 -0.013694167137145996 0.0013804435729980469
0.583053522 -0.009209729731082916 -0.014137107878923416 0.0012044906616210938
0.602722548 -0.00900828093290329 -0.014429155737161636 0.001085519790649414
0.622710309 -0.008600357919931412 -0.01479041576385498 0.0008833408355712891
0.642697529 -0.0083048976957798 -0.014999084174633026 0.0007174015045166016
0.66266577 -0.007825750857591629 -0.015267759561538696 0.0004591941833496094
0.682827232 -0.007373657077550888 -0.015220597386360168 0.00017976760864257812
0.702797314 -0.006657864898443222 -0.015066638588905334 -0.0002789497375488281
0.722738047 -0.006147272884845734 -0.014927610754966736 -0.0005955696105957031
0.742796542 -0.005369119346141815 -0.014726236462593079 -0.0010933876037597656
0.7627381 -0.0048065707087516785 -0.014570027589797974 -0.0014188289642333984
0.782826706 -0.003913350403308868 -0.014295961707830429 -0.0018956661224365234
0.802808723 -0.003317415714263916 -0.014116711914539337 -0.0022041797637939453
0.823153954 -0.0022759996354579926 -0.01354745589196682 -0.0025281906127929688
0.842738457 -0.0015606284141540527 -0.013091055676341057 -0.0027031898498535156
0.862714497 -0.0005001910030841827 -0.012398084625601768 -0.002946138381958008
0.882836996 0.0002817213535308838 -0.011806108057498932 -0.003168344497680664
0.9032877 0.0014871098101139069 -0.010796409100294113 -0.0035736560821533203
0.922768563 0.002284664660692215 -0.010122040286660194 -0.003837108612060547
0.942725708 0.0034668203443288803 -0.009104123339056969 -0.004240274429321289
0.96373566 0.004232577979564667 -0.008442535996437073 -0.004506349563598633
0.983866001 0.005355745553970337 -0.007450096309185028 -0.0049211978912353516
1.00375493 0.006072362884879112 -0.006825137883424759 -0.005187273025512695
1.023917939 0.007126279175281525 -0.00591675378382206 -0.005585193634033203
1.043733609 0.007794413715600967 -0.0053475648164749146 -0.0058443546295166016
1.06371667 0.008746959269046783 -0.004547057673335075 -0.0062236785888671875
1.084669579 0.009401421993970871 -0.0039709266275167465 -0.006525278091430664
1.104891448 0.010396169498562813 -0.0030060764402151108 -0.007034778594970703
1.124951474 0.01102462224662304 -0.002392752096056938 -0.0073621273040771484
1.144906091 0.011916086077690125 -0.0015010815113782883 -0.007861614227294922
1.165027328 0.012480461969971657 -0.0009327307343482971 -0.008183717727661133
1.186084677 0.013253569602966309 -8.632615208625793e-05 -0.008636713027954102
1.20603503 0.013738565146923065 0.0004555974155664444 -0.00893259048461914
1.226037598 0.014508280903100967 0.0014520026743412018 -0.009242534637451172
1.246039405 0.014998402446508408 0.0021587228402495384 -0.009384870529174805
1.26613874 0.015702666714787483 0.003170134499669075 -0.009596109390258789
1.286082708 0.016113251447677612 0.0038042478263378143 -0.009678125381469727
1.306078549 0.016698259860277176 0.004699621349573135 -0.009760379791259766
1.32602855 0.01706719771027565 0.005256839096546173 -0.009786844253540039
1.346038719 0.01757587492465973 0.006017678417265415 -0.009796142578125
1.366248268 0.01789153553545475 0.00648871622979641 -0.009792089462280273
1.386100626 0.01833672635257244 0.007088902406394482 -0.009705781936645508
1.406058595 0.018613655120134354 0.007440976798534393 -0.009630441665649414
1.426040219 0.01889398694038391 0.007632320746779442 -0.009664297103881836
1.446117496 0.01905279140919447 0.007672064937651157 -0.009635448455810547
1.466401305 0.01928431261330843 0.0077104708179831505 -0.009588003158569336
1.486111635 0.019441230222582817 0.007725187577307224 -0.009534835815429688
1.506061077 0.019666558131575584 0.007738657295703888 -0.00943899154663086
1.526038754 0.01980785932391882 0.007735418155789375 -0.009378671646118164
1.546056417 0.020045991986989975 0.007730511948466301 -0.009278535842895508
1.566395453 0.020206967368721962 0.007716282270848751 -0.009208917617797852
1.58669797 0.020464474335312843 0.007699864916503429 -0.009078502655029297
1.606023381 0.02062713447958231 0.00768763292580843 -0.008976459503173828
1.626048856 0.020858854055404663 0.0076660215854644775 -0.008795738220214844
1.646042056 0.020996084436774254 0.007664416916668415 -0.008629798889160156
1.667454609 0.021175657398998737 0.007635630667209625 -0.008363485336303711
1.687280271 0.021278418600559235 0.007613915018737316 -0.008154869079589844
1.707227941 0.02148300502449274 0.007826024666428566 -0.007943391799926758
1.727181545 0.021597450599074364 0.007959616370499134 -0.007801532745361328
1.747310689 0.021717755123972893 0.008127928711473942 -0.007528066635131836
1.767856483 0.021776089444756508 0.008215600624680519 -0.007341146469116211
1.787270171 0.021829992532730103 0.008312243036925793 -0.007044076919555664
1.807202241 0.021846817806363106 0.008364396169781685 -0.006829261779785156
1.827258035 0.021850474178791046 0.00843795295804739 -0.006479740142822266
1.84718833 0.02188535500317812 0.008681107312440872 -0.0060923099517822266
1.867328944 0.02191757969558239 0.009050579741597176 -0.005498170852661133
1.88739136 0.02190707717090845 0.00929176714271307 -0.005065202713012695
1.907156239 0.021889611147344112 0.009670261293649673 -0.004353761672973633
1.927158445 0.02187590580433607 0.009919073432683945 -0.0038831233978271484
1.947181199 0.02187342941761017 0.010307289194315672 -0.003095388412475586
1.967278951 0.021864657290279865 0.010557210072875023 -0.0025451183319091797
1.987226466 0.021841413341462612 0.010918661952018738 -0.0016543865203857422
2.007169146 0.02180707175284624 0.011134029366075993 -0.0009930133819580078
2.027187881 0.021749932318925858 0.011421727947890759 -1.5735626220703125e-05
2.047149514 0.02170818392187357 0.011583431623876095 0.0006728172302246094
2.067329614 0.021626762114465237 0.01179605396464467 0.0016918182373046875
2.087198502 0.021548024378716946 0.011912122834473848 0.0024039745330810547
2.107210697 0.021358605474233627 0.011965332087129354 0.0035605430603027344
2.127174745 0.02116710226982832 0.011858469806611538 0.0043904781341552734
2.147183457 0.02083729486912489 0.01165439235046506 0.005711078643798828
2.167533292 0.020603952929377556 0.011504305992275476 0.006585359573364258
2.187364832 0.02035912312567234 0.011342703364789486 0.0074613094329833984
2.207163461 0.01997287943959236 0.011059457901865244 0.008783578872680664
2.227186089 0.01955653727054596 0.010717124678194523 0.010088443756103516
2.247218724 0.01925325207412243 0.01044539362192154 0.011002063751220703
2.267333934 0.018770724534988403 0.009989778976887465 0.012318611145019531
2.287219825 0.018440745770931244 0.009665521793067455 0.013142824172973633
2.307205663 0.017896104604005814 0.009117809124290943 0.014320611953735352
2.327170231 0.017535937950015068 0.008744820021092892 0.015065431594848633
2.347183463 0.01690172217786312 0.007951567880809307 0.016322612762451172
2.367675316 0.016459355130791664 0.007409697398543358 0.017143964767456055
2.38717664 0.01578751765191555 0.006620919331908226 0.018317699432373047
2.407175193 0.015325993299484253 0.006101776845753193 0.019072294235229492
2.427166214 0.01462455466389656 0.005307071842253208 0.020171403884887695
2.447139903 0.014145130291581154 0.004768694750964642 0.020899534225463867
2.467475043 0.0134225282818079 0.003957414999604225 0.021960735321044922
2.48768749 0.012961011379957199 0.003461528569459915 0.022661685943603516
2.507162243 0.012326996773481369 0.0030160611495375633 0.0237886905670166
2.527168545 0.011888246983289719 0.002735638990998268 0.024518251419067383
2.547188173 0.011165875941514969 0.0022425660863518715 0.02565932273864746
2.567288735 0.010592136532068253 0.0018332693725824356 0.026472091674804688
2.587223426 0.009736116975545883 0.0011974368244409561 0.027664899826049805
2.607174943 0.009143898263573647 0.0008121263235807419 0.028436899185180664
2.627159443 0.008245794102549553 0.00024224258959293365 0.029552698135375977
2.64716934 0.007631706073880196 -0.00011108443140983582 0.030276060104370117
2.66746028 0.006678106263279915 -0.0006470438092947006 0.03130340576171875
2.687204879 0.006033672019839287 -0.0010157153010368347 0.03197336196899414
2.707164968 0.005016526207327843 -0.0015732720494270325 0.03292083740234375
2.727176405 0.004321301355957985 -0.001938173547387123 0.03352069854736328
2.747237513 0.0031734108924865723 -0.0026674848049879074 0.034508466720581055
2.767534244 0.0023421160876750946 -0.003173576667904854 0.03516077995300293
2.78719299 0.0010847188532352448 -0.003935057669878006 0.03608894348144531
2.807202596 0.00022693723440170288 -0.004427064210176468 0.036669015884399414
2.828178597 -0.0010927021503448486 -0.005122639238834381 0.03750300407409668
2.848134942 -0.001979544758796692 -0.0055844224989414215 0.03804659843444824
2.869906592 -0.0033416002988815308 -0.006265085190534592 0.0388178825378418
2.889293729 -0.004329271614551544 -0.006906306371092796 0.03918743133544922
2.909211149 -0.005789075046777725 -0.007810603827238083 0.039649248123168945
2.929228394 -0.006745878607034683 -0.008400032296776772 0.039952754974365234
2.949341373 -0.00815870612859726 -0.009265076369047165 0.040389299392700195
2.969511358 -0.00904642790555954 -0.009802635759115219 0.040666818618774414
2.989221518 -0.010348740965127945 -0.01062481664121151 0.04108095169067383
3.009293031 -0.011178728193044662 -0.011166250333189964 0.04133248329162598
3.029237488 -0.012377500534057617 -0.011953439563512802 0.04166984558105469
3.049252671 -0.013162147253751755 -0.012485375627875328 0.041902780532836914
3.07122387 -0.014280147850513458 -0.013204533606767654 0.042214393615722656
3.090361986 -0.015013571828603745 -0.013684304431080818 0.042402029037475586
3.110271466 -0.016095630824565887 -0.01440662145614624 0.04265761375427246
3.130358383 -0.016795668751001358 -0.01490294560790062 0.042830467224121094
3.150383953 -0.01781557872891426 -0.015670523047447205 0.043073415756225586
3.170367363 -0.01844673976302147 -0.01617329567670822 0.04321479797363281
3.190339661 -0.019383065402507782 -0.016960736364126205 0.043425559997558594
3.21028929 -0.019983191043138504 -0.01750067248940468 0.0435636043548584
3.230323459 -0.020833570510149002 -0.018317770212888718 0.04376387596130371
3.251540747 -0.02139093354344368 -0.018880505114793777 0.04390764236450195
3.27175984 -0.022180218249559402 -0.019692182540893555 0.04413437843322754
3.291414121 -0.02270013466477394 -0.02024119347333908 0.04428744316101074
3.31136244 -0.023470677435398102 -0.02107781171798706 0.044519901275634766
3.331445621 -0.023955591022968292 -0.021627534180879593 0.04467129707336426
3.351906809 -0.024791143834590912 -0.022709865123033524 0.0450742244720459
3.384183939 -0.02535628154873848 -0.02345769852399826 0.04536151885986328
3.409042823 -0.02619379386305809 -0.0245942622423172 0.04582929611206055
3.432123061 -0.026726286858320236 -0.025337930768728256 0.04614567756652832
3.452789313 -0.02749522030353546 -0.026421107351779938 0.04664182662963867
3.472173173 -0.028007015585899353 -0.027150891721248627 0.0469670295715332
3.492063467 -0.028716370463371277 -0.02825349196791649 0.047396183013916016
3.512107214 -0.029222488403320312 -0.02909841388463974 0.04759669303894043
3.532091279 -0.029953062534332275 -0.03033537045121193 0.04788994789123535
3.552662947 -0.03035999834537506 -0.031083371490240097 0.048067331314086914
3.572186423 -0.030944399535655975 -0.03220851719379425 0.04833507537841797
3.592150297 -0.03127674013376236 -0.032924845814704895 0.04851698875427246
3.612120185 -0.03172999620437622 -0.03391048312187195 0.0487828254699707
3.63211803 -0.0320320650935173 -0.034562818706035614 0.04896354675292969
3.652629946 -0.032364048063755035 -0.03538396209478378 0.049225807189941406
3.672179238 -0.03261362761259079 -0.03597753867506981 0.04942035675048828
3.692070091 -0.03284851461648941 -0.03673618659377098 0.04974937438964844
3.712109128 -0.032973676919937134 -0.03722785413265228 0.04996514320373535
3.73210835 -0.0331166535615921 -0.037946417927742004 0.05028510093688965
3.752454302 -0.03312190622091293 -0.0383448451757431 0.05051016807556152
3.772626642 -0.03312608599662781 -0.03895790874958038 0.050858497619628906
3.792130027 -0.03309045732021332 -0.03933839499950409 0.051102399826049805
3.812092788 -0.0329614132642746 -0.03990864008665085 0.05148172378540039
3.832105294 -0.03287053108215332 -0.04031161963939667 0.0517420768737793
3.852304559 -0.03259927034378052 -0.04084065183997154 0.052167415618896484
3.872561076 -0.03240036219358444 -0.04119089990854263 0.052454233169555664
3.892084514 -0.03207777440547943 -0.041715916246175766 0.052889347076416016
3.912089281 -0.03179959952831268 -0.04201650246977806 0.05316638946533203
3.932117731 -0.03144592046737671 -0.04254169762134552 0.053595781326293945
3.95266423 -0.031166166067123413 -0.042819734662771225 0.0538637638092041
3.972539782 -0.030766859650611877 -0.04324989393353462 0.054290771484375
3.992093047 -0.03048841655254364 -0.04350657761096954 0.054581642150878906
4.012079212 -0.03005397319793701 -0.04385515674948692 0.05501747131347656
4.032096717 -0.029780685901641846 -0.044100865721702576 0.05530881881713867
4.052474693 -0.029356978833675385 -0.044400833547115326 0.05574202537536621
4.07234981 -0.02908702939748764 -0.0446084700524807 0.05603456497192383
4.092090964 -0.028701074421405792 -0.04493080824613571 0.05648016929626465
4.112094343 -0.028432436287403107 -0.04509597644209862 0.05676913261413574
4.132166198 -0.02805798500776291 -0.04536779969930649 0.05720067024230957
4.1531937 -0.027805890887975693 -0.04553431272506714 0.05748271942138672
4.173177234 -0.02743864431977272 -0.045803509652614594 0.05790519714355469
4.193162893 -0.027216915041208267 -0.046012893319129944 0.05818939208984375
4.213122608 -0.026897501200437546 -0.04632633179426193 0.058632850646972656
4.233126076 -0.026708193123340607 -0.046558819711208344 0.058936119079589844
4.253900113 -0.02638429030776024 -0.0468921884894371 0.05939316749572754
4.273221693 -0.026175521314144135 -0.04712183028459549 0.05970287322998047
4.293108549 -0.025873519480228424 -0.04747898876667023 0.06017327308654785
4.31311868 -0.02562835067510605 -0.0477035716176033 0.06046724319458008
4.33320511 -0.02527812495827675 -0.04808194190263748 0.06089472770690918
4.353774571 -0.025027956813573837 -0.048341602087020874 0.061162471771240234
4.373167546 -0.024641413241624832 -0.04872824251651764 0.06153106689453125
4.393142393 -0.024400383234024048 -0.049006715416908264 0.06176877021789551
4.41315077 -0.023974698036909103 -0.0493890643119812 0.06209564208984375
4.43315507 -0.02369612082839012 -0.04964974522590637 0.06230306625366211
4.454172437 -0.02328415960073471 -0.050049327313899994 0.06259346008300781
4.473193286 -0.023005392402410507 -0.05031199753284454 0.06278681755065918
4.493102742 -0.022583454847335815 -0.05070297420024872 0.06307411193847656
4.513106457 -0.022258516401052475 -0.05088038742542267 0.06325864791870117
4.533143062 -0.02178911864757538 -0.05116528272628784 0.06353569030761719
4.553930406 -0.02149733528494835 -0.05142556130886078 0.06362724304199219
4.573160662 -0.02096593752503395 -0.05160672962665558 0.0636446475982666
4.593126514 -0.020618870854377747 -0.05172959715127945 0.06364846229553223
4.61311624 -0.020024772733449936 -0.05179432034492493 0.06362414360046387
4.633113683 -0.01964002102613449 -0.051816292107105255 0.06361174583435059
4.653563462 -0.01907983422279358 -0.0518224835395813 0.0635995864868164
4.673744574 -0.018668219447135925 -0.05174814164638519 0.06358551979064941
4.693086681 -0.018069550395011902 -0.05163753777742386 0.06357765197753906
4.713117238 -0.017657309770584106 -0.051510632038116455 0.06359386444091797
4.733158186 -0.017062224447727203 -0.05133187025785446 0.06364750862121582
4.754139331 -0.016658108681440353 -0.051170773804187775 0.06369185447692871
4.773307564 -0.016024768352508545 -0.050883203744888306 0.0637509822845459
4.793144649 -0.015614200383424759 -0.05070725083351135 0.06379032135009766
4.813164 -0.014967136085033417 -0.05034466087818146 0.0638270378112793
4.833112529 -0.014542162418365479 -0.05009974539279938 0.06383872032165527
4.853720905 -0.013913910835981369 -0.049730852246284485 0.06383800506591797
4.873208198 -0.01348649337887764 -0.04943409562110901 0.06381916999816895
4.893096459 -0.012841075658798218 -0.04896844923496246 0.06381559371948242
4.913151136 -0.012395773082971573 -0.04863360524177551 0.06380057334899902
4.933139569 -0.011730387806892395 -0.048134081065654755 0.06374311447143555
4.953872803 -0.011305581778287888 -0.04783206433057785 0.06369876861572266
4.97323285 -0.01064974069595337 -0.047355301678180695 0.06354784965515137
4.993176569 -0.010249141603708267 -0.04709514230489731 0.0634610652923584
5.013150807 -0.009610481560230255 -0.04665464907884598 0.06327509880065918
5.033163408 -0.00918545201420784 -0.046365804970264435 0.06313610076904297
5.05357007 -0.008549641817808151 -0.04594257473945618 0.06290674209594727
5.0738643 -0.008095890283584595 -0.04562525451183319 0.06273031234741211
5.093138334 -0.007435835897922516 -0.04517236351966858 0.06243562698364258
5.113133358 -0.006988082081079483 -0.044890597462654114 0.06222677230834961
5.13323714 -0.006329208612442017 -0.04448310658335686 0.061902761459350586
5.153552649 -0.00590776652097702 -0.04424295574426651 0.06169247627258301
5.173184293 -0.005262497812509537 -0.04385866969823837 0.061365365982055664
5.193125408 -0.004814203828573227 -0.043617404997348785 0.0611720085144043
5.213156296 -0.00412890687584877 -0.04328189045190811 0.06101870536804199
5.233158883 -0.0036561675369739532 -0.04303497448563576 0.06108260154724121
5.253887852 -0.0030339546501636505 -0.04277513176202774 0.06155896186828613
5.273203455 -0.002628050744533539 -0.042618751525878906 0.06219959259033203
5.293163014 -0.002068709582090378 -0.042469706386327744 0.06372261047363281
5.313150188 -0.0016809403896331787 -0.04239468649029732 0.06517291069030762
5.333268749 -0.0010581836104393005 -0.04227105900645256 0.06808662414550781
5.353282831 -0.0006330050528049469 -0.04219857230782509 0.0705420970916748
5.373174479 0.00011610612273216248 -0.042025353759527206 0.0751485824584961
5.393133408 0.0006760619580745697 -0.04188894107937813 0.07882571220397949
5.413168888 0.0016268715262413025 -0.04163772240281105 0.08529186248779297
5.433125139 0.0023859702050685883 -0.04138797149062157 0.09029841423034668
5.453304302 0.0036506671458482742 -0.04094116762280464 0.09881949424743652
5.47317362 0.00461956113576889 -0.04056595265865326 0.10522150993347168
5.493105092 0.006275789812207222 -0.03988414630293846 0.11595463752746582
5.513120807 0.007485188543796539 -0.03935539349913597 0.12383437156677246
5.533129458 0.009497202932834625 -0.038387689739465714 0.13683199882507324
5.553319266 0.010942157357931137 -0.03766650706529617 0.1462421417236328
5.573193085 0.013326393440365791 -0.03630171716213226 0.1616525650024414
5.593109948 0.015007808804512024 -0.035251434892416 0.17273283004760742
5.613132731 0.0176649522036314 -0.03347178176045418 0.1905660629272461
5.633105153 0.019539425149559975 -0.0321112722158432 0.2033536434173584
5.654271435 0.02247428521513939 -0.029913194477558136 0.22371935844421387
5.673159844 0.0245169410482049 -0.028294570744037628 0.23815512657165527
5.693097844 0.02769327675923705 -0.02567727491259575 0.26110148429870605
5.713168473 0.029875106643885374 -0.02385614812374115 0.27718663215637207
5.733172059 0.03324461786542088 -0.0208771713078022 0.3027164936065674
5.754774725 0.035538838361389935 -0.018802881240844727 0.3205714225769043
5.774653551 0.03903899621218443 -0.01561356708407402 0.34859657287597656
5.794502697 0.04139239760115743 -0.013425193727016449 0.368088960647583
5.81451218 0.04494248889386654 -0.01005890779197216 0.39854884147644043
5.834526027 0.04730720352381468 -0.007707048207521439 0.4197812080383301
5.85489164 0.05086321383714676 -0.00414661131799221 0.4527738094329834
5.87454806 0.05322692543268204 -0.0016980208456516266 0.4756050109863281
5.894478023 0.05673286318778992 0.002068435773253441 0.5111212730407715
5.914528081 0.05905117839574814 0.004571642726659775 0.5355567932128906
5.934521661 0.06246218457818031 0.008447980508208275 0.5735933780670166
5.955521891 0.06470981612801552 0.011039076838642359 0.5997493267059326
5.974538649 0.068034328520298 0.01491542998701334 0.6401677131652832
5.994503696 0.07018736749887466 0.017515947140054777 0.6680216789245605
6.014490368 0.0733480378985405 0.021360144950449467 0.7109086513519287
6.03453691 0.07539229840040207 0.023901821114122868 0.7403130531311035
6.056035112 0.07835598662495613 0.027637730352580547 0.7855019569396973
6.075886911 0.0802372433245182 0.03011351078748703 0.8164186477661133
6.095883897 0.08290007337927818 0.0337879303842783 0.8639721870422363
6.115883289 0.08459468558430672 0.03617686405777931 0.8963847160339355
6.136014629 0.08690491691231728 0.03973299264907837 0.9463047981262207
6.156518662 0.0883435606956482 0.042054977267980576 0.9803392887115479
6.175893903 0.09034872427582741 0.045458972454071045 1.0325126647949219
6.195879303 0.09152492508292198 0.04770546406507492 1.0681719779968262
6.215868189 0.09315948188304901 0.05095181614160538 1.1226613521575928
6.235969268 0.09413450211286545 0.053049057722091675 1.1596903800964355
6.256774597 0.09544799476861954 0.05606965348124504 1.2161874771118164
6.275880422 0.09624697268009186 0.057987671345472336 1.254349708557129
6.295815425 0.09732335060834885 0.060731492936611176 1.3124959468841553
6.315845411 0.09798513352870941 0.0624554306268692 1.3515734672546387
6.335960876 0.09886271506547928 0.06492916494607925 1.4109125137329102
6.357851711 0.09937199205160141 0.06648032367229462 1.4508004188537598
6.37739444 0.10002338886260986 0.0686570405960083 1.5110678672790527
6.397405299 0.10036637634038925 0.07000735774636269 1.5515766143798828
6.417427435 0.10076847672462463 0.07185258343815804 1.612605094909668
6.437664732 0.1009412631392479 0.0729532428085804 1.6534857749938965
6.45759099 0.10106802731752396 0.07440673932433128 1.7150444984436035
6.477417913 0.10108473896980286 0.07525788620114326 1.7562012672424316
6.497347485 0.10097246617078781 0.07630469650030136 1.8181805610656738
6.517396767 0.10084326565265656 0.07688021287322044 1.859619140625
6.538116743 0.100566066801548 0.07756257802248001 1.9219388961791992
6.557596241 0.10029345750808716 0.07787211984395981 1.96360445022583
6.577420981 0.09982767701148987 0.07819318026304245 2.0261616706848145
6.597380054 0.09944582730531693 0.07827689126133919 2.0679569244384766
6.617395373 0.09879125654697418 0.07823686674237251 2.1307191848754883
6.637527419 0.0982825756072998 0.0780843123793602 2.1726179122924805
6.65747125 0.09740526229143143 0.07766549661755562 2.235560894012451
6.677412539 0.09676823019981384 0.0772821195423603 2.277566909790039
6.69735704 0.09571309760212898 0.07650598511099815 2.3406858444213867
6.717406355 0.09496214240789413 0.07589274644851685 2.382805347442627
6.737858654 0.09376658499240875 0.07483571395277977 2.4460415840148926
6.757619455 0.0929124765098095 0.07402407005429268 2.4882545471191406
6.777462638 0.09159329161047935 0.07268590107560158 2.551616668701172
6.797425986 0.09068556129932404 0.07170819491147995 2.5938987731933594
6.817509133 0.08928349241614342 0.07012645900249481 2.657360553741455
6.837560806 0.08832547813653946 0.06900187581777573 2.6996898651123047
6.858043635 0.08684168383479118 0.06721263006329536 2.7631912231445312
6.877422282 0.08582935109734535 0.0659584105014801 2.805539131164551
6.89740426 0.08424670249223709 0.0639856643974781 2.869070529937744
6.917402402 0.0831659659743309 0.06262185797095299 2.911449909210205
6.937737647 0.08150983229279518 0.060508180409669876 2.9750585556030273
6.957429342 0.08039109036326408 0.05902659893035889 3.0174970626831055
6.977418146 0.07870551943778992 0.056725502014160156 3.081198215484619
6.997398855 0.07758388295769691 0.05513438582420349 3.123699188232422
7.017428384 0.07590185478329659 0.05266442522406578 3.1874890327453613
7.037673285 0.07477439194917679 0.05097353830933571 3.230043888092041
7.057543628 0.07312317565083504 0.048342494294047356 3.2939224243164062
7.077445753 0.07204242795705795 0.04654392600059509 3.336544990539551
7.09734061 0.07045333459973335 0.04378160648047924 3.4005374908447266
7.117414473 0.06941375508904457 0.041906075552105904 3.443242073059082
7.137655219 0.06788381561636925 0.03904728963971138 3.5073628425598145
7.157462308 0.06690284237265587 0.03709780238568783 3.5501580238342285
7.177414679 0.06545552797615528 0.034148409962654114 3.6144051551818848
7.197408012 0.06453200802206993 0.03216456063091755 3.657275676727295
7.217413632 0.06323917768895626 0.029149088077247143 3.7216339111328125
7.237594714 0.0624017920345068 0.02712404355406761 3.7645769119262695
7.257465081 0.06127774715423584 0.024039641488343477 3.8290514945983887
7.277428076 0.060567308217287064 0.021991072222590446 3.872074604034424
7.297381956 0.05955786630511284 0.01892994507215917 3.936668872833252
7.317451188 0.05897349677979946 0.01691247004782781 3.9797511100769043
7.337570144 0.058131856843829155 0.013885901076719165 4.044416189193726
7.358164158 0.057631487026810646 0.01186814159154892 4.087544202804565
7.377434079 0.056935060769319534 0.008854568935930729 4.152268171310425
7.397407018 0.056555964052677155 0.006858733482658863 4.195422887802124
7.417425043 0.05607734993100166 0.0038953274488449097 4.260172605514526
7.437538579 0.05577608570456505 0.0019352985545992851 4.3033692836761475
7.457473543 0.05547378584742546 -0.0009691398590803146 4.368136167526245
7.477439084 0.05530782230198383 -0.002879546955227852 4.411338567733765
7.497381445 0.05510731600224972 -0.005703888833522797 4.476180791854858
7.517400601 0.05504198931157589 -0.007552426308393478 4.5194385051727295
7.537570954 0.05495095066726208 -0.010297253727912903 4.584398984909058
7.557523016 0.054927581921219826 -0.012103844434022903 4.6277501583099365
7.577436962 0.05491849407553673 -0.014786757528781891 4.692858457565308
7.597428888 0.054907301440835 -0.016555335372686386 4.73631739616394
7.617437254 0.054951103404164314 -0.019095338881015778 4.801620244979858
7.637542277 0.05495140329003334 -0.020765651017427444 4.845206022262573
7.658037252 0.05499889515340328 -0.023186009377241135 4.910670042037964
7.677420987 0.05503935366868973 -0.02477223426103592 4.954365491867065
7.697378728 0.055112309753894806 -0.027109447866678238 5.019984006881714
7.717454449 0.05520407482981682 -0.02863244339823723 5.06377387046814
7.737507608 0.055323636159300804 -0.0308714359998703 5.129531621932983
7.75771342 0.055410318076610565 -0.03232567384839058 5.173419713973999
7.777524292 0.055533330887556076 -0.034461360424757004 5.23933482170105
7.797419091 0.05559648759663105 -0.035855840891599655 5.28332781791687
7.817488801 0.05569041706621647 -0.037955377250909805 5.349388837814331
7.838554043 0.055728886276483536 -0.03933095559477806 5.393468618392944
7.858589236 0.055750422179698944 -0.04135590419173241 5.459645986557007
7.878437702 0.05573011748492718 -0.042726363986730576 5.503791570663452
7.898380906 0.05565047077834606 -0.04472808539867401 5.5700767040252686
7.918432003 0.05556492507457733 -0.046048521995544434 5.61431097984314
7.938560703 0.05539075843989849 -0.04798823595046997 5.680734395980835
7.958503762 0.0552444439381361 -0.04926428198814392 5.725068807601929
7.97848175 0.05497420392930508 -0.05116970092058182 5.791648626327515
7.99844256 0.05476234667003155 -0.05241654813289642 5.836080312728882
8.018434615 0.05435829982161522 -0.054242879152297974 5.902781248092651
8.038624477 0.054040128365159035 -0.05544343590736389 5.947271108627319
8.058608475 0.053491612896323204 -0.05721702426671982 6.014042615890503
8.078439373 0.05304606631398201 -0.058376163244247437 6.058554410934448
8.098381148 0.05232522450387478 -0.06006673723459244 6.125361204147339
8.118415548 0.051795369014143944 -0.061168961226940155 6.169910192489624
8.13856879 0.05091478116810322 -0.06276628375053406 6.236746549606323
8.159208346 0.05029228888452053 -0.06379342079162598 6.281330823898315
8.178467838 0.04931574780493975 -0.06526865065097809 6.348225355148315
8.199592617 0.04864182695746422 -0.06621140986680984 6.392842054367065
8.219619024 0.04759071208536625 -0.06756218522787094 6.459754705429077
8.239876704 0.046880957670509815 -0.06841901689767838 6.504368543624878
8.259840672 0.04580421093851328 -0.06963719427585602 6.571302175521851
8.279589382 0.04508448578417301 -0.07039329409599304 6.61588454246521
8.299558606 0.043977866880595684 -0.07146894931793213 6.682814359664917
8.319587206 0.04322072118520737 -0.07214342802762985 6.727452039718628
8.339918178 0.042050732765346766 -0.07309471070766449 6.794447660446167
8.359631598 0.04125414090231061 -0.0736931636929512 6.83915114402771
8.379634932 0.04002698045223951 -0.0745236948132515 6.906247854232788
8.399688355 0.039188440423458815 -0.0750342532992363 6.95101523399353
8.419615909 0.03790173679590225 -0.07573546469211578 7.018218755722046
8.439708914 0.037034788401797414 -0.07617487013339996 7.0630528926849365
8.45965708 0.03572282043751329 -0.0767940804362297 7.130351781845093
8.479610604 0.03484603737888392 -0.07717885076999664 7.175227880477905
8.499555873 0.03352425608318299 -0.0777096077799797 7.242602109909058
8.519602769 0.03263991046696901 -0.07803051173686981 7.2875449657440186
8.539804306 0.03130325907841325 -0.07847805321216583 7.35503077507019
8.559669795 0.030408924911171198 -0.0787494108080864 7.40007472038269
8.579637851 0.029055673629045486 -0.07910282164812088 7.467695951461792
8.599621257 0.028151969891041517 -0.079306960105896 7.512812376022339
8.619606577 0.0267933439463377 -0.07956817001104355 7.580540418624878
8.639740619 0.02586792502552271 -0.07972272485494614 7.625694990158081
8.659648458 0.024468405172228813 -0.07992757856845856 7.693472623825073
8.679625882 0.02351725846529007 -0.08005335181951523 7.738672971725464
8.699564793 0.02208750881254673 -0.08019803464412689 7.806515455245972
8.718604429 0.021125996485352516 -0.08026064932346344 7.851752042770386
8.738757598 0.019663064740598202 -0.08030246943235397 7.91961932182312
8.758793166 0.018687086179852486 -0.08030353486537933 7.96489691734314
8.778581647 0.01723063364624977 -0.08023437857627869 8.032799482345581
8.798614125 0.016259603202342987 -0.08016802370548248 8.078084707260132
8.818697954 0.014805750921368599 -0.08004026114940643 8.146040678024292
8.838787869 0.01383475586771965 -0.0799114778637886 8.19133448600769
8.858807966 0.012400569394230843 -0.07967808842658997 8.259320974349976
8.87861461 0.011462785303592682 -0.07948623597621918 8.304651021957397
8.898584333 0.010089332237839699 -0.07913023978471756 8.372665166854858
8.918603216 0.009191988036036491 -0.07886452972888947 8.418040990829468
8.938714045 0.00784062035381794 -0.07840781658887863 8.48612666130066
8.959257311 0.006955916061997414 -0.07809346914291382 8.531570196151733
8.978682636 0.005604797974228859 -0.07762803882360458 8.599719762802124
8.998610152 0.004708535969257355 -0.07729397714138031 8.645172834396362
9.018648042 0.003371424973011017 -0.07675804197788239 8.71338438987732
9.038680914 0.002493802458047867 -0.07635002583265305 8.758861303329468
9.05893843 0.001200702041387558 -0.07570859789848328 8.827133893966675
9.078625036 0.0003501288592815399 -0.0752514898777008 8.872670888900757
9.098632812 -0.00090031698346138 -0.07453885674476624 8.94097113609314
9.118593051 -0.001713927835226059 -0.0740521177649498 8.986531972885132
9.138665945 -0.0029027648270130157 -0.07328354567289352 9.054827451705933
9.158976187 -0.003672763705253601 -0.0727524533867836 9.100370168685913
9.178652749 -0.004794061183929443 -0.07192962616682053 9.168705701828003
9.198640389 -0.005525644868612289 -0.07135432958602905 9.21423888206482
9.218656933 -0.0065902359783649445 -0.07048773765563965 9.282642126083374
9.238747284 -0.0072785355150699615 -0.0698794350028038 9.32822585105896
9.258987543 -0.008274417370557785 -0.06895168870687485 9.396654844284058
9.278611574 -0.008910540491342545 -0.06831498444080353 9.44228720664978
9.298583286 -0.009850606322288513 -0.06735781580209732 9.510766744613647
9.31863318 -0.010461095720529556 -0.0667189508676529 9.55646014213562
9.338879347 -0.011380065232515335 -0.06579268723726273 9.62500262260437
9.359802266 -0.011979427188634872 -0.06518770009279251 9.670737981796265
9.37968422 -0.012856416404247284 -0.06429609656333923 9.739399671554565
9.399696542 -0.013432133942842484 -0.06371196359395981 9.785195112228394
9.419685844 -0.01426970586180687 -0.06284306943416595 9.8539559841156
9.440022576 -0.014815568923950195 -0.062273189425468445 9.899825811386108
9.459784098 -0.015611398965120316 -0.06141529232263565 9.96871542930603
9.47972113 -0.016121670603752136 -0.06084335595369339 10.014694929122925
9.49966987 -0.016874801367521286 -0.05999472737312317 10.08372187614441
9.51970129 -0.017359480261802673 -0.05943252146244049 10.129782438278198
9.539890634 -0.018098875880241394 -0.05859013646841049 10.198921918869019
9.559807074 -0.01857992634177208 -0.05801944434642792 10.245055913925171
9.57974039 -0.019281055778265 -0.057153090834617615 10.314316511154175
9.599706199 -0.01974102482199669 -0.05656592547893524 10.360506772994995
9.619699135 -0.020394299179315567 -0.055673934519290924 10.429845571517944
9.639907976 -0.02080646902322769 -0.055060990154743195 10.476096868515015
9.660355794 -0.021380428224802017 -0.054124608635902405 10.545499563217163
9.679758134 -0.02173609659075737 -0.05349759757518768 10.591796636581421
9.699655759 -0.022248730063438416 -0.05255459249019623 10.661259412765503
9.71970278 -0.022570472210645676 -0.05193009972572327 10.707588911056519
9.739902687 -0.023023635149002075 -0.05100066214799881 10.777113676071167
9.76098393 -0.023306265473365784 -0.050390079617500305 10.823494672775269
9.780886722 -0.023702409118413925 -0.0494876354932785 10.893121480941772
9.800818182 -0.02396317943930626 -0.04889541119337082 10.939547300338745
9.820852407 -0.024322770535945892 -0.04800531268119812 11.009225606918335
9.84319555 -0.024542387574911118 -0.047401659190654755 11.055698156356812
9.863127564 -0.0248563252389431 -0.046474799513816833 11.125424146652222
9.88311812 -0.025048814713954926 -0.04585324972867966 11.171930074691772
9.903081129 -0.025313757359981537 -0.04486379772424698 11.241705656051636
9.923231851 -0.025476638227701187 -0.044198185205459595 11.288249731063843
9.943205583 -0.025700554251670837 -0.043190665543079376 11.358104467391968
9.963147603 -0.025857634842395782 -0.04249263182282448 11.404694318771362
9.983112162 -0.026073429733514786 -0.041437167674303055 11.474621534347534
10.003124183 -0.026213325560092926 -0.04071413353085518 11.521264791488647
10.023218993 -0.026392508298158646 -0.03964817896485329 11.591273069381714
10.043226982 -0.0264950692653656 -0.03894749656319618 11.637973546981812
10.064201116 -0.02663348615169525 -0.037882380187511444 11.708039045333862
10.084192099 -0.02670959383249283 -0.037176355719566345 11.754767179489136
10.104112716 -0.026816487312316895 -0.03611889109015465 11.82487177848816
10.124458639 -0.02687791734933853 -0.03541046753525734 11.871625661849976
10.144191113 -0.02695522829890251 -0.034342821687459946 11.94177794456482
10.164175146 -0.02700551599264145 -0.03358575701713562 11.988532781600952
10.184170055 -0.027066539973020554 -0.03244364634156227 12.058692693710327
10.204171882 -0.027106307446956635 -0.03165619820356369 12.105475187301636
10.224255245 -0.027148723602294922 -0.030443504452705383 12.175663709640503
10.24422693 -0.027160435914993286 -0.02963576465845108 12.222470998764038
10.265396766 -0.02721549943089485 -0.028346657752990723 12.292681455612183
10.285387552 -0.02722974121570587 -0.0275116004049778 12.339536428451538
10.305580364 -0.027341004461050034 -0.026174217462539673 12.409777402877808
10.325649975 -0.02742375060915947 -0.025268401950597763 12.45660948753357
10.34537144 -0.027556031942367554 -0.023890502750873566 12.526865720748901
10.365356144 -0.027674216777086258 -0.022945571690797806 12.573660612106323
10.385429839 -0.027818817645311356 -0.021541226655244827 12.643855810165405
10.405534878 -0.027899660170078278 -0.0205950029194355 12.690631628036499
10.425423352 -0.027989625930786133 -0.01916731521487236 12.760761976242065
10.445376267 -0.028026364743709564 -0.018228787928819656 12.807522535324097
10.466455709 -0.028033986687660217 -0.016818571835756302 12.877622365951538
10.486413686 -0.028016969561576843 -0.015893209725618362 12.924374341964722
10.506514278 -0.02795751392841339 -0.014526136219501495 12.994531393051147
10.52646524 -0.027889765799045563 -0.013617485761642456 13.041285276412964
10.546427954 -0.027755260467529297 -0.01230081357061863 13.1114661693573
10.566425898 -0.02764977142214775 -0.011441672220826149 13.158221960067749
10.586444245 -0.027467094361782074 -0.01016959734261036 13.228381872177124
10.606530523 -0.02733490616083145 -0.009314201772212982 13.275152921676636
10.626459832 -0.027098901569843292 -0.008021468296647072 13.34530520439148
10.646439485 -0.026919156312942505 -0.007173672318458557 13.392087697982788
10.666435544 -0.026600472629070282 -0.005864765495061874 13.46225905418396
10.686417579 -0.026350654661655426 -0.005008595064282417 13.509057760238647
10.706477375 -0.025921624153852463 -0.0037502609193325043 13.579286336898804
10.726541449 -0.025597702711820602 -0.002901913598179817 13.626081228256226
10.746469998 -0.025057263672351837 -0.0016589295119047165 13.696311712265015
10.766436814 -0.02464265003800392 -0.0008315183222293854 13.74314284324646
10.786460036 -0.023943118751049042 0.0004072580486536026 13.813413381576538
10.806580014 -0.02344517782330513 0.0012130234390497208 13.860286474227905
10.82675909 -0.022628825157880783 0.00239537563174963 13.930614233016968
10.846495349 -0.022058553993701935 0.003155757673084736 13.977523565292358
10.866451276 -0.02111528441309929 0.004268103279173374 14.047849416732788
10.886489085 -0.020455457270145416 0.004963343963027 14.094747304916382
10.906609699 -0.01942339539527893 0.005938262678682804 14.165118932723999
10.926486533 -0.018711309880018234 0.006555590778589249 14.212020635604858
10.946461709 -0.017625324428081512 0.0074237678200006485 14.282409429550171
10.966448752 -0.01688205450773239 0.00796162523329258 14.329347372055054
10.986530348 -0.015737734735012054 0.008746338076889515 14.399755239486694
11.006557991 -0.014967098832130432 0.009244915097951889 14.446712255477905
11.026474783 -0.013762105256319046 0.009975325781852007 14.517114400863647
11.046435425 -0.012943021953105927 0.010447528678923845 14.56405234336853
11.066477397 -0.011694442480802536 0.011134309694170952 14.634464025497437
11.086461062 -0.01085904985666275 0.011583706364035606 14.68140959739685
11.106508236 -0.009603165090084076 0.012242669705301523 14.751832723617554
11.126554901 -0.008768308907747269 0.012667312286794186 14.798774480819702
11.146502326 -0.007507059723138809 0.013261736370623112 14.869222402572632
11.16643634 -0.006651062518358231 0.013638196745887399 14.916196584701538
11.186496624 -0.005372814834117889 0.01416581030935049 14.986661672592163
11.206984635 -0.004527367651462555 0.014488527551293373 15.03365683555603
11.226874754 -0.0032407157123088837 0.014961698791012168 15.104150533676147
11.246461288 -0.0023810602724552155 0.015268020564690232 15.151160955429077
11.266438991 -0.0010910779237747192 0.015710872365161777 15.221696615219116
11.286449564 -0.0002428591251373291 0.016026147874072194 15.268707036972046
11.306568213 0.0010115131735801697 0.0164693349506706 15.339254140853882
11.326508685 0.0018362030386924744 0.016758490062784404 15.386287450790405
11.346500203 0.00304500013589859 0.01716042179032229 15.456851720809937
11.366449861 0.003828972578048706 0.01742111420389847 15.503875494003296
11.386498041 0.004952285438776016 0.017806949035730213 15.574363470077515
11.406578539 0.005676906555891037 0.018045170523691922 15.621358633041382
11.426517867 0.006757402792572975 0.01840166060719639 15.691772222518921
11.446467203 0.007458778098225594 0.018627454061061144 15.73871397972107
11.466489396 0.008482644334435463 0.018949062563478947 15.809131383895874
11.486449199 0.00913131982088089 0.01916372950654477 15.856054067611694
11.506524435 0.010075131431221962 0.019459187984466553 15.926477193832397
11.526556589 0.010680200532078743 0.019655156414955854 15.97344183921814
11.546469813 0.011558281257748604 0.019941252889111638 16.043915510177612
11.566456069 0.012128444388508797 0.020114217419177294 16.090920209884644
11.586455312 0.012956026941537857 0.02040631463751197 16.1613872051239
11.606533096 0.013493362814188004 0.02056922996416688 16.208407163619995
11.626483864 0.01428760401904583 0.02080542454496026 16.27888560295105
11.646473442 0.014805441722273827 0.02092806063592434 16.325873136520386
11.666485754 0.015563864260911942 0.021064615342766047 16.39636492729187
11.686454851 0.016061123460531235 0.021101684775203466 16.443312406539917
11.706554159 0.0168048907071352 0.021110836882144213 16.51376986503601
11.726496166 0.01731128618121147 0.021080527920275927 16.560747861862183
11.746471683 0.018083132803440094 0.02098702033981681 16.63125491142273
11.76646846 0.018592678010463715 0.02089795656502247 16.67829394340515
11.786549306 0.019355672411620617 0.020719795022159815 16.748886823654175
11.806442674 0.019863223657011986 0.02057373709976673 16.795973539352417
11.826576226 0.02062211837619543 0.020312441512942314 16.866642713546753
11.846467069 0.021130599081516266 0.020094484323635697 16.913801908493042
11.866458229 0.021868307143449783 0.019742783857509494 16.984591245651245
11.886442941 0.02235263679176569 0.01948837307281792 17.03182291984558
11.906471673 0.023048938252031803 0.019072560826316476 17.10271716117859
11.926602697 0.023489942774176598 0.0187656112248078 17.15000605583191
11.946490745 0.024112258106470108 0.01826808729674667 17.220982313156128
11.96649728 0.024508527480065823 0.017918586207088083 17.2683265209198
11.986469092 0.02507480699568987 0.017398863588823588 17.33935236930847
12.006526759 0.025449045933783054 0.01706379614188336 17.386719465255737
12.026564988 0.02600596286356449 0.016578418319113553 17.457794904708862
12.046498357 0.026380992494523525 0.01627161237411201 17.505186796188354
12.066491792 0.026928826235234737 0.01581057207658887 17.57629656791687
12.086477223 0.02728750789538026 0.015513721969909966 17.623705625534058
12.106429836 0.027802424505352974 0.015074316645041108 17.694811582565308
12.126522429 0.028130263090133667 0.014778419397771358 17.74222445487976
12.146500129 0.02862814301624894 0.014346413314342499 17.81331706047058
12.16746978 0.028953927103430033 0.014056528685614467 17.860716581344604
12.187464436 0.02941702865064144 0.013598924037069082 17.931755781173706
12.207576082 0.029708932153880596 0.01327801775187254 17.979119062423706
12.227751716 0.030123407021164894 0.012776047922670841 18.05017352104187
12.247426357 0.030363010708242655 0.012448491994291544 18.097532987594604
12.267448099 0.030690341256558895 0.011958404444158077 18.168585538864136
12.287468802 0.030877961311489344 0.011639595497399569 18.215946912765503
12.307579994 0.031129444716498256 0.011167376767843962 18.286965131759644
12.328592528 0.03128254390321672 0.010850373189896345 18.334316968917847
12.348485223 0.031480775913223624 0.010413177777081728 18.405293226242065
12.368497571 0.03160303691402078 0.010128347668796778 18.452624082565308
12.388487543 0.03177254693582654 0.009707971476018429 18.52364420890808
12.408569024 0.0318729393184185 0.009417015127837658 18.570990324020386
12.428525484 0.03200642275623977 0.008967901580035686 18.642014265060425
12.448460793 0.03207629988901317 0.008650530129671097 18.689345121383667
12.468491027 0.032168853329494596 0.00815433356910944 18.760359525680542
12.488447785 0.032224579714238644 0.007803885266184807 18.807696104049683
12.508564729 0.03229048987850547 0.007229829207062721 18.878702878952026
12.528494142 0.03232555859722197 0.006830260157585144 18.92605471611023
12.548466267 0.032341685611754656 0.006149067543447018 18.997050046920776
12.568485492 0.0323508963920176 0.0056688496842980385 19.04439616203308
12.588466877 0.03236266295425594 0.004915532656013966 19.115450620651245
12.60854249 0.032384664518758655 0.004367107525467873 19.16280436515808
12.628510423 0.03241644217632711 0.00353204645216465 19.233872175216675
12.648458091 0.03244113060645759 0.0029554087668657303 19.2812659740448
12.668509692 0.03246928169392049 0.002102252095937729 19.352387189865112
12.688468002 0.03248144872486591 0.0015422012656927109 19.39980959892273
12.708746267 0.03250474249944091 0.0007099825888872147 19.4709575176239
12.728534855 0.03252028627321124 0.00016189180314540863 19.51840853691101
12.748461935 0.03256026818417013 -0.0006685126572847366 19.589573621749878
12.768469455 0.032601826125755906 -0.0012208018451929092 19.637017011642456
12.788477891 0.03268546599429101 -0.002045614644885063 19.70818781852722
12.808569546 0.03277674119453877 -0.002582147717475891 19.75561785697937
12.828685541 0.03290690295398235 -0.00336516834795475 19.826796293258667
12.848451252 0.03298994502983987 -0.003868281841278076 19.87424921989441
12.868481363 0.033095780527219176 -0.004600755870342255 19.945421934127808
12.888454383 0.03315630473662168 -0.005077052861452103 19.992884397506714
12.908518603 0.03322016424499452 -0.005764380097389221 20.064072370529175
12.928499491 0.033257933682762086 -0.006213311105966568 20.11155390739441
12.948579052 0.033308151410892606 -0.006860634312033653 20.182753324508667
12.968488685 0.03332896274514496 -0.0072923265397548676 20.230215787887573
12.988484755 0.03334271302446723 -0.007938574999570847 20.301405668258667
13.009443743 0.03333334473427385 -0.008380632847547531 20.34883189201355
13.028595256 0.03329577879048884 -0.009026093408465385 20.41999316215515
13.048457372 0.03324428154155612 -0.009443050250411034 20.467434644699097
13.068493595 0.03312336059752852 -0.010067952796816826 20.53860354423523
13.088449191 0.03302726964466274 -0.010477997362613678 20.586066007614136
13.108537033 0.03284751670435071 -0.011099627241492271 20.65722918510437
13.12877473 0.03273514716420323 -0.01149475947022438 20.704676389694214
13.14851096 0.0325760543346405 -0.012059872969985008 20.775852918624878
13.168480463 0.03247885499149561 -0.012448122724890709 20.823323011398315
13.188461905 0.032324988627806306 -0.01300937868654728 20.89456820487976
13.208563852 0.03224734403192997 -0.013423796743154526 20.94205927848816
13.228548169 0.032137722009792924 -0.014035385102033615 21.013319730758667
13.248478899 0.03207712038420141 -0.014446746557950974 21.06082797050476
13.268494781 0.03197669540531933 -0.015079975128173828 21.132097959518433
13.288471596 0.031903899274766445 -0.015499085187911987 21.179627180099487
13.308527383 0.03179751452989876 -0.01615779846906662 21.25089716911316
13.328568165 0.03171616489998996 -0.01659855991601944 21.298414945602417
13.34851093 0.03158091614022851 -0.017261575907468796 21.369694471359253
13.369967971 0.03147544455714524 -0.01774255558848381 21.41719698905945
13.389915549 0.03128587384708226 -0.01845628395676613 21.48847270011902
13.409963594 0.03112339088693261 -0.01894473284482956 21.53599238395691
13.429976603 0.030812924029305577 -0.019693847745656967 21.607283353805542
13.450093341 0.03058497654274106 -0.02018563821911812 21.654825925827026
13.469944272 0.030195067636668682 -0.020930707454681396 21.726135969161987
13.489984136 0.029920323751866817 -0.021420158445835114 21.773688077926636
13.509983607 0.029464750085026026 -0.022206876426935196 21.844988584518433
13.530001892 0.02914905408397317 -0.02272868901491165 21.89253306388855
13.5499464 0.028659094590693712 -0.02350534126162529 21.963867902755737
13.56998778 0.028307851403951645 -0.024075143039226532 22.011425733566284
13.589962258 0.02777994889765978 -0.02490871772170067 22.082781553268433
13.610207031 0.027421471197158098 -0.025463148951530457 22.130348920822144
13.629973866 0.026880395598709583 -0.026304874569177628 22.20168375968933
13.649941488 0.026521533727645874 -0.02685404196381569 22.249251127243042
13.669992473 0.025987785309553146 -0.027686312794685364 22.3205726146698
13.689962798 0.02562881540507078 -0.02823975309729576 22.368130445480347
13.710204874 0.025087089277803898 -0.02906455472111702 22.4394690990448
13.730006081 0.024736596271395683 -0.02960025519132614 22.487025022506714
13.749964322 0.02422467526048422 -0.030382189899683 22.55835795402527
13.769937162 0.023903273977339268 -0.030904561281204224 22.605873823165894
13.790040773 0.023435735143721104 -0.0316537469625473 22.677151441574097
13.810219427 0.023137436248362064 -0.03214114159345627 22.724650144577026
13.830091384 0.022725798189640045 -0.03287404030561447 22.795870542526245
13.849973732 0.022464893758296967 -0.033344995230436325 22.843353986740112
13.8699673 0.022089321166276932 -0.0341249518096447 22.914520978927612
13.890046197 0.021848305128514767 -0.034630145877599716 22.96197772026062
13.910062102 0.021500357426702976 -0.035365212708711624 23.03318476676941
13.930007875 0.021307802759110928 -0.03585847467184067 23.08064913749695
13.949965789 0.021039247512817383 -0.036546867340803146 23.151869535446167
13.969978502 0.020881418138742447 -0.036978960037231445 23.1993510723114
13.990012579 0.02067369595170021 -0.037591662257909775 23.270581007003784
14.010072622 0.02057071588933468 -0.03799084201455116 23.31804919242859
14.029974653 0.020498632453382015 -0.038554999977350235 23.389204740524292
14.04993433 0.020479186438024044 -0.038901735097169876 23.436646223068237
14.069944454 0.020554453134536743 -0.03940826654434204 23.507755994796753
14.089917848 0.020636466331779957 -0.03971802815794945 23.555163145065308
14.110139235 0.02080491930246353 -0.04014405608177185 23.626274824142456
14.129977055 0.020977260544896126 -0.04042777046561241 23.673659086227417
14.149961661 0.021255300380289555 -0.04080304130911827 23.7447669506073
14.169960842 0.021471341140568256 -0.041022613644599915 23.79217791557312
14.190023053 0.021819488145411015 -0.041300226002931595 23.86333918571472
14.21002818 0.022057191468775272 -0.041452806442976 23.910799741744995
14.230016908 0.022507769986987114 -0.04158409684896469 23.982014417648315
14.24999135 0.022801310755312443 -0.04164327308535576 24.02952265739441
14.269970717 0.02336328849196434 -0.041642747819423676 24.10076594352722
14.289969474 0.02374969981610775 -0.04159914329648018 24.14828372001648
14.310051445 0.02434779517352581 -0.04147133231163025 24.219591856002808
14.33009662 0.024763112887740135 -0.041320569813251495 24.267128705978394
14.349950548 0.02539633959531784 -0.041049178689718246 24.33845019340515
14.369948134 0.025843708775937557 -0.04083304479718208 24.3859965801239
14.38995707 0.026546914130449295 -0.04046637564897537 24.457295179367065
14.410013912 0.027021102607250214 -0.04019823297858238 24.504835844039917
14.43001393 0.027826397214084864 -0.039747204631567 24.57610011100769
14.449944597 0.028361513279378414 -0.03941543400287628 24.623600721359253
14.469952446 0.029159868136048317 -0.03887633979320526 24.6948459148407
14.489947351 0.029701650142669678 -0.038472361862659454 24.742293119430542
14.509986594 0.03048970689997077 -0.03784455358982086 24.81351351737976
14.529968685 0.031029373640194535 -0.03740574046969414 24.860941648483276
14.549961504 0.03182197571732104 -0.036719005554914474 24.93208956718445
14.569964715 0.03234372707083821 -0.03623722121119499 24.97950053215027
14.589951686 0.03312403603922576 -0.03548586368560791 25.050602674484253
14.610027971 0.033634598716162145 -0.03497098386287689 25.098015546798706
14.630014116 0.034376861032797024 -0.03419819474220276 25.169111967086792
14.649913234 0.0348313558351947 -0.03367046266794205 25.216519117355347
14.669944203 0.03545682429103181 -0.032861460000276566 25.287636518478394
14.689907626 0.035800144891254604 -0.03231392428278923 25.33501887321472
14.709988336 0.03625903534702957 -0.03147633746266365 25.40612483024597
14.729971371 0.03650760999880731 -0.030907772481441498 25.45354723930359
14.749944274 0.0367843359708786 -0.030036449432373047 25.52469515800476
14.769986321 0.036931197391822934 -0.029444929212331772 25.572144269943237
14.789938359 0.03705174196511507 -0.028549503535032272 25.64333415031433
14.810100034 0.03709534648805857 -0.027946434915065765 25.6908175945282
14.830005291 0.0370029469486326 -0.02700893208384514 25.762036085128784
14.849948136 0.036892992444336414 -0.026376280933618546 25.80952525138855
14.870009012 0.03665729006752372 -0.025414831936359406 25.880778074264526
14.889933767 0.03644265478942543 -0.024782400578260422 25.92833971977234
14.910026769 0.03608347428962588 -0.02382945641875267 25.999708890914917
14.930517182 0.035800143145024776 -0.023192595690488815 26.047301054000854
14.950000349 0.035325545992236584 -0.022242281585931778 26.118712186813354
14.970017961 0.03499218341312371 -0.021609235554933548 26.16634249687195
14.989975496 0.03442027760320343 -0.020672544836997986 26.237828016281128
15.010092508 0.034019681392237544 -0.02004770189523697 26.285506010055542
15.030006276 0.033391611999832094 -0.019109483808279037 26.35705256462097
15.049959155 0.03295027406420559 -0.01849556714296341 26.40476107597351
15.069985616 0.032255342695862055 -0.017591409385204315 26.476338148117065
15.089933727 0.03174480050802231 -0.017011914402246475 26.5240581035614
15.110099673 0.030959700234234333 -0.01615874096751213 26.59565806388855
15.130380876 0.030408195219933987 -0.015612751245498657 26.643404722213745
15.149992747 0.02954578399658203 -0.014831099659204483 26.715052366256714
15.170004208 0.028964438010007143 -0.014322206377983093 26.762835264205933
15.189975162 0.028040256816893816 -0.013620257377624512 26.83452868461609
15.210067815 0.02739935414865613 -0.013176929205656052 26.882344007492065
15.230295116 0.02640285063534975 -0.01254761777818203 26.954100370407104
15.249962451 0.025711103342473507 -0.01215730607509613 27.001951932907104
15.26999474 0.02468757051974535 -0.011578107252717018 27.073750257492065
15.29002728 0.02400950714945793 -0.011200981214642525 27.121622800827026
15.310080547 0.023003493435680866 -0.0106307752430439 27.193352460861206
15.330043486 0.022334463894367218 -0.010247806087136269 27.24103808403015
15.349977376 0.02135212905704975 -0.009675558656454086 27.312186002731323
15.369954154 0.020710605196654797 -0.009297069162130356 27.359291791915894
15.389953231 0.019792824052274227 -0.008745165541768074 27.42927050590515
15.410055601 0.019188430160284042 -0.008395424112677574 27.47540545463562
15.430104885 0.018292153254151344 -0.007898567244410515 27.543747663497925
15.449951069 0.017700746655464172 -0.007606470957398415 27.588606595993042
15.469956755 0.016832441091537476 -0.007192866876721382 27.65484118461609
15.489946233 0.01626301370561123 -0.006943905726075172 27.69820284843445
15.510083557 0.015448013320565224 -0.006586182862520218 27.76195216178894
15.530041017 0.014925504103302956 -0.006356777623295784 27.80364680290222
15.549954686 0.01418035477399826 -0.006036229431629181 27.864685773849487
15.569949 0.013697940856218338 -0.005830841138958931 27.904616117477417
15.589962633 0.013003511354327202 -0.005565715953707695 27.962942838668823
15.610086489 0.012540781870484352 -0.00539984367787838 28.000914335250854
15.630138623 0.011849988251924515 -0.005167199298739433 28.056502103805542
15.64995375 0.011366583406925201 -0.005023881793022156 28.09249186515808
15.669949418 0.010645361617207527 -0.00483536534011364 28.145195722579956
15.691122737 0.010153409093618393 -0.004734331741929054 28.179428815841675
15.71176612 0.00938883051276207 -0.004606997594237328 28.22937846183777
15.73184348 0.00888139009475708 -0.004532594233751297 28.261881589889526
15.751139171 0.008043214678764343 -0.00444570928812027 28.30915904045105
15.77117894 0.007476482540369034 -0.004403699189424515 28.339827299118042
15.791267276 0.00661587156355381 -0.00436079315841198 28.38457942008972
15.811535215 0.005986075848340988 -0.004371361806988716 28.41345477104187
15.831217375 0.005080802366137505 -0.004390619695186615 28.455816984176636
15.851186341 0.0044296663254499435 -0.0044107697904109955 28.483158826828003
15.871170779 0.003459164872765541 -0.004449177533388138 28.52312922477722
15.891184047 0.0027962513267993927 -0.0044836681336164474 28.54900813102722
15.91125335 0.0017986707389354706 -0.004536757245659828 28.586710691452026
15.931239933 0.0011479705572128296 -0.004573950543999672 28.611212491989136
15.951193562 0.00017180666327476501 -0.004631847143173218 28.646795988082886
15.971130438 -0.0004642754793167114 -0.004663361236453056 28.669888257980347
15.991129824 -0.0013946108520030975 -0.004700012505054474 28.703755140304565
16.011191121 -0.0020028427243232727 -0.0047044940292835236 28.72600817680359
16.031444733 -0.002864982932806015 -0.0047028549015522 28.759419202804565
16.05116704 -0.0034353621304035187 -0.004702327772974968 28.781643629074097
16.071127981 -0.0043450891971588135 -0.004692865535616875 28.814881086349487
16.091157492 -0.005083858966827393 -0.004698164761066437 28.83697009086609
16.111379963 -0.00650985911488533 -0.004754573106765747 28.869908094406128
16.131708753 -0.0077733807265758514 -0.0048492904752492905 28.891693830490112
16.151188557 -0.010269112884998322 -0.005121435970067978 28.923990964889526
16.171129871 -0.012445792555809021 -0.005422379821538925 28.945196866989136
16.191167937 -0.016595009714365005 -0.006091354414820671 28.97644877433777
16.211251549 -0.02005479857325554 -0.00677645206451416 28.996803998947144
16.231208247 -0.026345722377300262 -0.008143605664372444 29.026604413986206
16.25116558 -0.03136689215898514 -0.009348083287477493 29.045912504196167
16.271168654 -0.04023014008998871 -0.011663410812616348 29.073958158493042
16.291155417 -0.04698595404624939 -0.013465024530887604 29.092079877853394
16.311328327 -0.05871997028589249 -0.016923680901527405 29.1181857585907
16.331203153 -0.0675368458032608 -0.019643954932689667 29.134953260421753
16.351149624 -0.08228517323732376 -0.02435624599456787 29.159159421920776
16.371142962 -0.09314773976802826 -0.027965422719717026 29.174656629562378
16.391172968 -0.11100594699382782 -0.03408723324537277 29.19695544242859
16.411236992 -0.12406174838542938 -0.038875095546245575 29.211090803146362
16.431209946 -0.14517256617546082 -0.04672034829854965 29.231478452682495
16.451156994 -0.16033786535263062 -0.05254466086626053 29.244457960128784
16.471208454 -0.18471144139766693 -0.0622122660279274 29.26301646232605
16.49115655 -0.201968252658844 -0.06913349032402039 29.274893522262573
16.511275148 -0.22955463826656342 -0.0807972326874733 29.2917697429657
16.531211101 -0.2489660233259201 -0.08918894082307816 29.302538633346558
16.551203403 -0.2795788198709488 -0.10273407399654388 29.3180091381073
16.571180824 -0.30106933414936066 -0.11269423365592957 29.32780146598816
16.59119409 -0.33467666804790497 -0.12853196263313293 29.341904401779175
16.611246897 -0.35803867876529694 -0.13989251852035522 29.350903272628784
16.631235576 -0.39434628188610077 -0.15788720548152924 29.363959074020386
16.651166713 -0.419417068362236 -0.17071633040905 29.37231707572937
16.67118702 -0.45825840532779694 -0.19120055437088013 29.38436007499695
16.69120687 -0.48488982021808624 -0.20554491877555847 29.39214587211609
16.71206163 -0.5260559469461441 -0.22855991125106812 29.40338397026062
16.731332321 -0.5541920214891434 -0.24466893076896667 29.41064715385437
16.751202427 -0.597377672791481 -0.26999321579933167 29.421221494674683
16.771134769 -0.6268731504678726 -0.2878129482269287 29.428045988082886
16.791203958 -0.6719677001237869 -0.31553295254707336 29.438135862350464
16.811231458 -0.7026223093271255 -0.3347676694393158 29.44470477104187
16.831261093 -0.7494436055421829 -0.3646717667579651 29.45438265800476
16.851195561 -0.7811522036790848 -0.3851955235004425 29.460745573043823
16.871149244 -0.8295460492372513 -0.41707849502563477 29.47006869316101
16.891182669 -0.8622250705957413 -0.43876469135284424 29.476221799850464
16.911267265 -0.9119678884744644 -0.47222277522087097 29.485270261764526
16.931868208 -0.9455785304307938 -0.49496009945869446 29.491217374801636
16.951157494 -0.9966539889574051 -0.5296385586261749 29.5000216960907
16.971142851 -1.0311830788850784 -0.5531081855297089 29.505797147750854
16.991140068 -1.0835955888032913 -0.5886609852313995 29.5144145488739
17.01130843 -1.118980959057808 -0.6125716269016266 29.52010226249695
17.031222604 -1.1727394610643387 -0.6486187875270844 29.528544187545776
17.051176749 -1.208989456295967 -0.6726811826229095 29.534125089645386
17.07116394 -1.2641030102968216 -0.7087871134281158 29.54238772392273
17.091185865 -1.3012734204530716 -0.7328415811061859 29.547850370407104
17.111250696 -1.3576678782701492 -0.7688312828540802 29.55594515800476
17.131883693 -1.3957175761461258 -0.7926981151103973 29.56125521659851
17.15121296 -1.4533607512712479 -0.8282606303691864 29.56916308403015
17.171132327 -1.4921729117631912 -0.8517173826694489 29.57434344291687
17.191164874 -1.550956442952156 -0.88653364777565 29.5820529460907
17.211256173 -1.5905192643404007 -0.9094489514827728 29.58711886405945
17.231274733 -1.6504090577363968 -0.9433439075946808 29.594584226608276
17.251167819 -1.690699890255928 -0.9656268060207367 29.59948992729187
17.27111974 -1.7516791373491287 -0.9984149634838104 29.606734037399292
17.291184534 -1.7926759272813797 -1.0199036300182343 29.61151385307312
17.311133482 -1.8546748906373978 -1.0515657365322113 29.618578672409058
17.33120014 -1.896319106221199 -1.0722588002681732 29.623217344284058
17.351169064 -1.9592760354280472 -1.1027462184429169 29.63009524345398
17.371124087 -2.001560166478157 -1.1226724088191986 29.634608030319214
17.3911174 -2.065424397587776 -1.15196892619133 29.641344785690308
17.411179109 -2.1082925349473953 -1.1711338460445404 29.6457736492157
17.431234037 -2.1729669123888016 -1.1992978751659393 29.652327299118042
17.451210699 -2.2163416892290115 -1.217718094587326 29.656641721725464
17.471131625 -2.281661704182625 -1.2447995841503143 29.662981748580933
17.491165737 -2.3254093676805496 -1.2625006139278412 29.667113065719604
17.511145402 -2.3913154155015945 -1.2885393798351288 29.67322039604187
17.531228381 -2.435376837849617 -1.3055181205272675 29.677218198776245
17.551186232 -2.50168938934803 -1.3306338489055634 29.68317675590515
17.571122548 -2.5460536032915115 -1.3470666110515594 29.68707537651062
17.59113103 -2.612817481160164 -1.3713030517101288 29.692858457565308
17.61116264 -2.657481864094734 -1.3872286975383759 29.696669340133667
17.631195797 -2.7246238738298416 -1.4107368886470795 29.702322721481323
17.651147364 -2.769530490040779 -1.426191657781601 29.706045866012573
17.671125564 -2.837094262242317 -1.4490661323070526 29.7115695476532
17.691156727 -2.8822285681962967 -1.4641594588756561 29.715235471725464
17.711154517 -2.950088456273079 -1.48654505610466 29.72067904472351
17.731191524 -2.995348885655403 -1.5013329684734344 29.724268674850464
17.75116035 -3.0633570700883865 -1.5233456790447235 29.72959017753601
17.771124505 -3.1087274104356766 -1.537922590970993 29.73308825492859
17.791228493 -3.17681522667408 -1.5596536099910736 29.738314390182495
17.811185686 -3.2222809344530106 -1.5740431249141693 29.741747617721558
17.831215847 -3.290373757481575 -1.5955698192119598 29.746851682662964
17.851163027 -3.335807278752327 -1.6098348796367645 29.750216245651245
17.871158982 -3.4040107280015945 -1.631115049123764 29.75519824028015
17.891159897 -3.4494118243455887 -1.645268052816391 29.758528470993042
17.911125707 -3.517595961689949 -1.6664195954799652 29.763434171676636
17.931215293 -3.5630583316087723 -1.6804716289043427 29.766642332077026
17.951187131 -3.631320431828499 -1.7014637887477875 29.7713725566864
17.971162313 -3.676798537373543 -1.715431421995163 29.774458646774292
17.991138237 -3.744998410344124 -1.7363145053386688 29.77902865409851
18.011103681 -3.790512517094612 -1.7501878440380096 29.78201937675476
18.031258149 -3.8586544543504715 -1.7709471881389618 29.786425352096558
18.051182545 -3.9040972739458084 -1.7847566306591034 29.789297819137573
18.071194489 -3.9722878485918045 -1.8054207265377045 29.79351305961609
18.09114407 -4.017692282795906 -1.8191436231136322 29.79621386528015
18.111109769 -4.085863307118416 -1.8396579921245575 29.800188779830933
18.131187378 -4.131303027272224 -1.8532709777355194 29.802782773971558
18.151180644 -4.199442103505135 -1.8736097514629364 29.80661654472351
18.171179646 -4.244909957051277 -1.887124627828598 29.809130430221558
18.191165963 -4.312980368733406 -1.907315582036972 29.81290316581726
18.211110317 -4.358460620045662 -1.9207393825054169 29.81537890434265
18.231197876 -4.426490977406502 -1.940810889005661 29.819029569625854
18.251163706 -4.471836760640144 -1.95416721701622 29.821429014205933
18.27117566 -4.5398513823747635 -1.974162071943283 29.824969053268433
18.291158136 -4.585091784596443 -1.9874761998653412 29.827296018600464
18.311095925 -4.653002455830574 -2.0074072778224945 29.830736875534058
18.331294015 -4.6982423812150955 -2.0206700265407562 29.83301043510437
18.351159974 -4.766033843159676 -2.040524333715439 29.83637499809265
18.371135946 -4.811258509755135 -2.053732246160507 29.838576078414917
18.39115326 -4.878978446125984 -2.0734687745571136 29.84185290336609
18.411108243 -4.924146845936775 -2.086613744497299 29.844000577926636
18.431208044 -4.9919340163469315 -2.1063149869441986 29.847208738327026
18.451179901 -5.037099555134773 -2.1194420754909515 29.849322080612183
18.471394692 -5.104999259114265 -2.139094203710556 29.852431058883667
18.491192744 -5.150208190083504 -2.1521752774715424 29.85442614555359
18.511085052 -5.218098357319832 -2.171771615743637 29.85735583305359
18.531245664 -5.26336307823658 -2.184820979833603 29.8592746257782
18.551169153 -5.331278994679451 -2.2043298184871674 29.862105131149292
18.571163867 -5.37661238014698 -2.217306226491928 29.86395525932312
18.59115608 -5.444629862904549 -2.236685127019882 29.86657977104187
18.611119201 -5.490043833851814 -2.2495566308498383 29.868292570114136
18.631284959 -5.558265879750252 -2.2687993943691254 29.87082552909851
18.651140553 -5.60376663506031 -2.281550019979477 29.872469663619995
18.671130694 -5.672127440571785 -2.3006316125392914 29.874895811080933
18.691097032 -5.717752173542976 -2.3133085668087006 29.87652087211609
18.711082436 -5.786266997456551 -2.3322614133358 29.878905057907104
18.731283182 -5.832010462880135 -2.344873994588852 29.880472898483276
18.751162569 -5.900676921010017 -2.3637236058712006 29.88278079032898
18.771152369 -5.946513369679451 -2.3762668073177338 29.884295225143433
18.79118802 -6.015278533101082 -2.3949590623378754 29.886603116989136
18.81113201 -6.061182215809822 -2.4073759019374847 29.888113737106323
18.831246921 -6.1301223784685135 -2.4259413182735443 29.890368223190308
18.851182334 -6.176108554005623 -2.4382286965847015 29.891859769821167
18.871163053 -6.2451712638139725 -2.45662459731102 29.894060850143433
18.891182673 -6.291246131062508 -2.468839019536972 29.895582914352417
18.911097111 -6.3603775054216385 -2.487100213766098 29.897852659225464
18.931763706 -6.406506255269051 -2.4992617070674896 29.89936327934265
18.951230695 -6.475725844502449 -2.517371743917465 29.901636838912964
18.971155271 -6.521917536854744 -2.529421418905258 29.903128385543823
18.991194379 -6.591272547841072 -2.5474623143672943 29.905367612838745
19.013377184 -6.63753767311573 -2.5594755113124847 29.90683627128601
19.031201872 -6.706978037953377 -2.5774775445461273 29.909022092819214
19.051178714 -6.753272727131844 -2.589465469121933 29.91048312187195
19.071140485 -6.8227822333574295 -2.6074765622615814 29.91262698173523
19.091162781 -6.869148448109627 -2.619497150182724 29.914015531539917
19.111075532 -6.938719943165779 -2.6375273168087006 29.916060209274292
19.131484739 -6.985139563679695 -2.649559825658798 29.917406797409058
19.151287112 -7.0547697097063065 -2.667597860097885 29.919432401657104
19.171124887 -7.1012270003557205 -2.6796348989009857 29.92074465751648
19.191163623 -7.170964911580086 -2.6977106034755707 29.922747373580933
19.211099816 -7.21747513115406 -2.7097712457180023 29.92404055595398
19.231236078 -7.28731270134449 -2.7278967797756195 29.92593264579773
19.251160161 -7.333909228444099 -2.740006297826767 29.927141904830933
19.271101642 -7.403847888112068 -2.758202165365219 29.928885221481323
19.291142176 -7.450481608510017 -2.7703486382961273 29.930041074752808
19.311122138 -7.520460799336433 -2.7885869443416595 29.931700468063354
19.331249831 -7.567147448658943 -2.800764411687851 29.932764768600464
19.351212406 -7.637212947010994 -2.8190692365169525 29.93428683280945
19.371173017 -7.6839625388383865 -2.8312827050685883 29.93527102470398
19.391238402 -7.7541410475969315 -2.849623531103134 29.9366672039032
19.411204896 -7.800950244069099 -2.861856073141098 29.937548398971558
19.431295052 -7.871207430958748 -2.8802262246608734 29.938814878463745
19.451215909 -7.9180604964494705 -2.8924809396266937 29.939615964889526
19.471270589 -7.988366320729256 -2.91090926527977 29.940787076950073
19.491310832 -8.03526420891285 -2.9232214391231537 29.941614866256714
19.511134847 -8.105630114674568 -2.9417801797389984 29.942835569381714
19.531285481 -8.152578547596931 -2.954171746969223 29.943648099899292
19.551227449 -8.222977831959724 -2.9728408753871918 29.944910764694214
19.57243925 -8.269922450184822 -2.98533234000206 29.945746183395386
19.592322275 -8.340354159474373 -3.0041345059871674 29.946985960006714
19.612338141 -8.38728542625904 -3.0167342126369476 29.947806119918823
19.632550364 -8.457699969410896 -3.0356706082820892 29.949015378952026
19.652371493 -8.50463505089283 -3.0483294427394867 29.949816465377808
19.672323323 -8.575041964650154 -3.067340701818466 29.951014280319214
19.692411154 -8.621999934315681 -3.080026239156723 29.951826810836792
19.712258896 -8.692442134022713 -3.099104017019272 29.953020811080933
19.732395175 -8.739422038197517 -3.111853688955307 29.95382571220398
19.752325404 -8.809918597340584 -3.1310223042964935 29.955034971237183
19.772392796 -8.856937602162361 -3.143834203481674 29.95584750175476
19.792523302 -8.927512362599373 -3.1630543172359467 29.957037687301636
19.812292478 -8.97455807030201 -3.1758893430233 29.957838773727417
19.832632865 -9.045166209340096 -3.195148319005966 29.959044218063354
19.852355337 -9.092264369130135 -3.207991451025009 29.95984148979187
19.872332312 -9.162944987416267 -3.2272444665431976 29.961004972457886
19.892330097 -9.210088923573494 -3.240079253911972 29.961779356002808
19.912235886 -9.2808086425066 -3.259330600500107 29.962904691696167
19.932514662 -9.327977374196053 -3.272160142660141 29.963656187057495
19.952331869 -9.398756220936775 -3.291402906179428 29.96478533744812
19.972287212 -9.445959284901619 -3.3042357861995697 29.965521574020386
19.992308631 -9.516803935170174 -3.3235014379024506 29.966578245162964
20.01226408 -9.564065173268318 -3.336364358663559 29.96725344657898
20.032491872 -9.634969905018806 -3.3556807935237885 29.96826434135437
20.052336083 -9.682253077626228 -3.3685685098171234 29.96892809867859
20.072293701 -9.753155902028084 -3.3878913819789886 29.969881772994995
20.092312642 -9.80042476952076 -3.4007748067379 29.97049593925476
20.112251136 -9.871290400624275 -3.420022815465927 29.971358060836792
20.132416418 -9.918531611561775 -3.4328318536281586 29.971903562545776
20.152321343 -9.989387705922127 -3.452014058828354 29.97268557548523
20.172274559 -10.036639407277107 -3.464756339788437 29.97318148612976
20.192342856 -10.107531741261482 -3.483855575323105 29.973986387252808
20.212291085 -10.15480251610279 -3.4965575635433197 29.9744975566864
20.232381007 -10.225740626454353 -3.515575498342514 29.97525668144226
20.252328902 -10.273047640919685 -3.5282505452632904 29.975752592086792
20.272293612 -10.344045832753181 -3.5472770631313324 29.976500272750854
20.292307679 -10.391397669911385 -3.5599821507930756 29.976980924606323
20.312259079 -10.462454989552498 -3.5790694653987885 29.9776828289032
20.332394232 -10.509840205311775 -3.591813176870346 29.978140592575073
20.352331753 -10.580940440297127 -3.610954612493515 29.97881579399109
20.372287243 -10.628361895680428 -3.62373885512352 29.979273557662964
20.392360763 -10.69952316582203 -3.6429360806941986 29.980028867721558
20.41231332 -10.746998980641365 -3.655747503042221 29.98052477836609
20.43243014 -10.81826038658619 -3.675006717443466 29.98129153251648
20.452318425 -10.865783885121346 -3.687866061925888 29.981798887252808
20.47228138 -10.93714065849781 -3.707209676504135 29.98258090019226
20.492311373 -10.98473472893238 -3.720132440328598 29.983080625534058
20.512245959 -11.056153491139412 -3.7395592629909515 29.98380160331726
20.53243425 -11.103825762867928 -3.7525473535060883 29.984293699264526
20.552344844 -11.175364688038826 -3.7720604836940765 29.985037565231323
20.572279526 -11.223102763295174 -3.7851057946681976 29.985525846481323
20.592297662 -11.29471130669117 -3.8046880662441254 29.986231565475464
20.612280999 -11.342460826039314 -3.8177586495876312 29.986677885055542
20.632542901 -11.41411705315113 -3.8373797833919525 29.98729968070984
20.652348778 -11.461892321705818 -3.8504692018032074 29.987688779830933
20.672282599 -11.533615306019783 -3.8701742589473724 29.988253355026245
20.692307317 -11.581444934010506 -3.883324235677719 29.988634824752808
20.712262792 -11.653209879994392 -3.9030700623989105 29.989184141159058
20.732635136 -11.701085284352303 -3.91624316573143 29.98953890800476
20.752338456 -11.772894099354744 -3.9360125958919525 29.990065336227417
20.772286679 -11.820776179432869 -3.9492028653621674 29.990404844284058
20.792342813 -11.892612650990486 -3.9690018594264984 29.99090075492859
20.812293653 -11.94050045311451 -3.9822061955928802 29.991225004196167
20.832505632 -12.012331202626228 -4.002066940069199 29.9917094707489
20.852340375 -12.060204699635506 -4.01530584692955 29.99202609062195
20.872277789 -12.13200207054615 -4.035199016332626 29.992464780807495
20.892287544 -12.179855540394783 -4.048487514257431 29.992754697799683
20.912230874 -12.25162048637867 -4.068455547094345 29.993162870407104
20.932361659 -12.29944820702076 -4.081794112920761 29.993426084518433
20.952360963 -12.371173098683357 -4.101820796728134 29.993822813034058
20.972290762 -12.418981745839119 -4.115200847387314 29.99408221244812
20.992317599 -12.490685656666756 -4.135275691747665 29.99448275566101
21.012367236 -12.538478091359138 -4.148656219244003 29.994742155075073
21.032536918 -12.610148623585701 -4.16872438788414 29.995115995407104
21.052334107 -12.657919123768806 -4.182084888219833 29.995367765426636
21.072290516 -12.729557231068611 -4.202101081609726 29.995733976364136
21.092299619 -12.777281001210213 -4.215409129858017 29.995997190475464
21.112237826 -12.848845675587654 -4.235358089208603 29.996386289596558
21.132389531 -12.896514132618904 -4.248624175786972 29.996634244918823
21.152346313 -12.967989161610603 -4.268514007329941 29.996996641159058
21.172295276 -13.015619471669197 -4.281767696142197 29.997210264205933
21.192319582 -13.087027743458748 -4.301632732152939 29.9974582195282
21.212268153 -13.134612277150154 -4.314868301153183 29.997618436813354
21.232376686 -13.205951884388924 -4.334701389074326 29.99783968925476
21.252333559 -13.253497317433357 -4.347916454076767 29.997977018356323
21.272283125 -13.324794963002205 -4.367731899023056 29.99814486503601
21.292324097 -13.372299388051033 -4.38091978430748 29.99822497367859
21.312261357 -13.443532183766365 -4.400685638189316 29.998331785202026
21.332358679 -13.491004183888435 -4.413845866918564 29.998377561569214
21.352335585 -13.56219120323658 -4.433562129735947 29.998419523239136
21.372309704 -13.609634593129158 -4.4466985166072845 29.998438596725464
21.392322774 -13.680763438344002 -4.466384738683701 29.99840807914734
21.412263669 -13.728163912892342 -4.479504436254501 29.998385190963745
21.432384455 -13.799236491322517 -4.499147742986679 29.998339414596558
21.452333891 -13.846600726246834 -4.512239307165146 29.99832034111023
21.472308764 -13.917620852589607 -4.531874030828476 29.998289823532104
21.492334808 -13.964942172169685 -4.544941276311874 29.998274564743042
21.512258553 -14.035903170704842 -4.564538806676865 29.998247861862183
21.532420179 -14.083193972706795 -4.577590316534042 29.99825167655945
21.552337602 -14.154106333851814 -4.59714874625206 29.99829363822937
21.57230807 -14.201367571949959 -4.61018642783165 29.99832797050476
21.592318083 -14.272265627980232 -4.6297286450862885 29.99838137626648
21.612282177 -14.319530680775642 -4.642753452062607 29.99841570854187
21.632377441 -14.390422061085701 -4.662285178899765 29.99849581718445
21.652328931 -14.437661364674568 -4.675294727087021 29.998560667037964
21.672309903 -14.50849075615406 -4.694793075323105 29.998675107955933
21.692347989 -14.555683329701424 -4.707752078771591 29.998778104782104
21.712252874 -14.626462176442146 -4.727187007665634 29.99893832206726
21.732461522 -14.673643305897713 -4.740125507116318 29.999068021774292
21.752334808 -14.744412615895271 -4.759517520666122 29.9992892742157
21.772298326 -14.79158516228199 -4.772445529699326 29.999438047409058
21.792422831 -14.862405970692635 -4.79181894659996 29.999735593795776
21.812276477 -14.909635737538338 -4.804727882146835 29.999937772750854
21.832359029 -14.980506137013435 -4.824080318212509 30.00027346611023
21.85237688 -15.027798846364021 -4.836956351995468 30.000494718551636
21.8722988 -15.098755076527596 -4.85626682639122 30.00081515312195
21.892309107 -15.146094515919685 -4.869121879339218 30.001017332077026
21.912238411 -15.217086985707283 -4.888409465551376 30.001314878463745
21.932364596 -15.264405444264412 -4.901256412267685 30.001505613327026
21.952343028 -15.335392192006111 -4.9205072820186615 30.001784086227417
21.972315228 -15.382714465260506 -4.933343261480331 30.001967191696167
21.992332014 -15.4537183791399 -4.952600806951523 30.002291440963745
22.012294776 -15.501059725880623 -4.9654363095760345 30.002501249313354
22.032441278 -15.572082713246346 -4.984687179327011 30.00280261039734
22.052395351 -15.619487956166267 -4.99747833609581 30.002997159957886
22.072334765 -15.690602496266365 -5.0166681706905365 30.003294706344604
22.092302321 -15.738038256764412 -5.029448360204697 30.003462553024292
22.112227193 -15.809225276112556 -5.048594802618027 30.003729581832886
22.132383968 -15.856683924794197 -5.061361640691757 30.003905057907104
22.152333857 -15.927942469716072 -5.080425590276718 30.004149198532104
22.172315104 -15.975429728627205 -5.093156188726425 30.004313230514526
22.192308353 -16.046686366200447 -5.112159579992294 30.004584074020386
22.21228471 -16.094196513295174 -5.1248153150081635 30.004767179489136
22.232370863 -16.165466502308846 -5.143780559301376 30.00507616996765
22.252566285 -16.21300335228443 -5.156411498785019 30.00528597831726
22.272271376 -16.284300044178963 -5.175399154424667 30.005602598190308
22.292322179 -16.331842616200447 -5.188088744878769 30.005812406539917
22.312259664 -16.40318889915943 -5.2071588933467865 30.00613284111023
22.332416536 -16.45074863731861 -5.219896644353867 30.0063693523407
22.352372375 -16.522121623158455 -5.23902353644371 30.0067241191864
22.372314566 -16.569681361317635 -5.251798003911972 30.006949186325073
22.392330126 -16.640985682606697 -5.2709945142269135 30.007281064987183
22.412285522 -16.68851490318775 -5.283815234899521 30.007498502731323
22.432371985 -16.75976963341236 -5.303078979253769 30.007860898971558
22.452363822 -16.807304576039314 -5.315941661596298 30.008108854293823
22.472304272 -16.878587916493416 -5.335256904363632 30.008471250534058
22.492324289 -16.926115229725838 -5.348140090703964 30.008719205856323
22.512242316 -16.99743290245533 -5.367468684911728 30.009077787399292
22.532406563 -17.04497356712818 -5.380368083715439 30.009325742721558
22.552363379 -17.116340830922127 -5.399739593267441 30.009711027145386
22.572289704 -17.163919642567635 -5.41266855597496 30.009966611862183
22.592338388 -17.235298350453377 -5.432082980871201 30.010424375534058
22.612325326 -17.282896235585213 -5.445028632879257 30.010729551315308
22.632359383 -17.354276850819588 -5.464455455541611 30.01119112968445
22.652377662 -17.401870921254158 -5.477398246526718 30.011500120162964
22.672348316 -17.47328396141529 -5.496816009283066 30.011961698532104
22.692312705 -17.52088375389576 -5.5097711980342865 30.012232542037964
22.712257548 -17.59230823814869 -5.529210418462753 30.012652158737183
22.732450711 -17.639917567372322 -5.542180389165878 30.01293444633484
22.75237678 -17.711406901478767 -5.561626762151718 30.01340365409851
22.772311161 -17.759079173207283 -5.57457908987999 30.01370120048523
22.792326441 -17.83061046898365 -5.5939925611019135 30.01423144340515
22.812292907 -17.878349497914314 -5.606914848089218 30.01456332206726
22.832416441 -17.9499341994524 -5.626303523778915 30.01508593559265
22.852366301 -17.997659876942635 -5.639217704534531 30.015459775924683
22.872308648 -18.06925220787525 -5.6586054265499115 30.0160014629364
22.892335358 -18.116958811879158 -5.671543926000595 30.016340970993042
22.912233271 -18.18852825462818 -5.690968841314316 30.01684832572937
22.932321619 -18.236219599843025 -5.703930228948593 30.017199277877808
22.952358311 -18.307724192738533 -5.723390907049179 30.01773715019226
22.972307246 -18.355358317494392 -5.736379951238632 30.018099546432495
22.992358133 -18.426752284169197 -5.755884975194931 30.018633604049683
23.012317369 -18.47432728111744 -5.768890708684921 30.019026517868042
23.032330594 -18.54564495384693 -5.788412421941757 30.01962161064148
23.052429087 -18.593168452382088 -5.8014300763607025 30.020033597946167
23.072309093 -18.6644117385149 -5.820984214544296 30.0206515789032
23.09233491 -18.71187610924244 -5.834036201238632 30.021021604537964
23.112252085 -18.783035472035408 -5.853624671697617 30.0216166973114
23.132366361 -18.830429270863533 -5.866691917181015 30.02200961112976
23.152401313 -18.901457026600838 -5.886304706335068 30.022600889205933
23.172351882 -18.94877453148365 -5.899408668279648 30.023016691207886
23.192343928 -19.019701197743416 -5.919094890356064 30.023638486862183
23.212290643 -19.06695766746998 -5.93224510550499 30.024046659469604
23.232289398 -19.137802317738533 -5.951979488134384 30.024641752243042
23.252387269 -19.185011103749275 -5.965135902166367 30.025038480758667
23.272338733 -19.255806162953377 -5.984839290380478 30.02563738822937
23.2924011 -19.302986338734627 -5.997972816228867 30.02603793144226
23.312262727 -19.373766139149666 -6.017648547887802 30.026663541793823
23.332335681 -19.420952036976814 -6.030782550573349 30.027083158493042
23.352367717 -19.491731837391853 -6.050511211156845 30.02771258354187
23.372348351 -19.538974955677986 -6.063654273748398 30.028143644332886
23.392321836 -19.609831050038338 -6.083377689123154 30.028780698776245
23.412345163 -19.657089427113533 -6.096528381109238 30.029188871383667
23.432280706 -19.728021815419197 -6.116270869970322 30.029764890670776
23.45239466 -19.775303080677986 -6.129442542791367 30.030123472213745
23.472304626 -19.846328929066658 -6.149184077978134 30.030619382858276
23.492323709 -19.893644526600838 -6.162354797124863 30.03094744682312
23.512234521 -19.964695170521736 -6.18210443854332 30.031420469284058
23.532276378 -20.012052729725838 -6.195276111364365 30.03170657157898
23.552557431 -20.08307094871998 -6.215040057897568 30.032103300094604
23.572381485 -20.130424693226814 -6.228228896856308 30.03232455253601
23.592322336 -20.20141811668873 -6.248012870550156 30.03266406059265
23.612319505 -20.248737528920174 -6.261196941137314 30.03286623954773
23.632292891 -20.31969280540943 -6.280964225530624 30.03316378593445
23.65237405 -20.366975978016853 -6.294143527746201 30.0333468914032
23.672313284 -20.437881663441658 -6.313867419958115 30.03363299369812
23.69229491 -20.48511715233326 -6.3270038068294525 30.033827543258667
23.712275749 -20.555921748280525 -6.346693843603134 30.03411364555359
23.732285791 -20.603059962391853 -6.359832137823105 30.034319639205933
23.752408409 -20.673725321888924 -6.379554122686386 30.03460192680359
23.772314668 -20.72076053917408 -6.392695754766464 30.034788846969604
23.792420761 -20.791254237294197 -6.412412017583847 30.035048246383667
23.812352432 -20.83819980919361 -6.425550788640976 30.035204648971558
23.832307431 -20.908563807606697 -6.4452546536922455 30.03543734550476
23.852429689 -20.95544834434986 -6.458395332098007 30.035582304000854
23.872332531 -21.025716975331306 -6.478093475103378 30.03572726249695
23.892325831 -21.072534754872322 -6.491238921880722 30.035792112350464
23.912275943 -21.14273090660572 -6.510976642370224 30.03585696220398
23.93225753 -21.189527705311775 -6.524170249700546 30.0359103679657
23.952366051 -21.259699061512947 -6.5439814031124115 30.03598666191101
23.972298129 -21.306465342640877 -6.557209819555283 30.03600573539734
23.992285397 -21.376592829823494 -6.577058643102646 30.03597140312195
24.012315489 -21.423324778676033 -6.590296119451523 30.03592562675476
24.032270917 -21.493393138051033 -6.610141605138779 30.035872220993042
24.052480693 -21.540086939930916 -6.623371928930283 30.035834074020386
24.073332328 -21.610105708241463 -6.643203586339951 30.035723447799683
24.093850383 -21.656791880726814 -6.656418174505234 30.03560519218445
24.114099402 -21.726831629872322 -6.676229804754257 30.035387754440308
24.138977942 -21.77352924644947 -6.6894658505916595 30.035216093063354
24.160112618 -21.84356327354908 -6.709320396184921 30.034956693649292
24.179683577 -21.89025516808033 -6.722554057836533 30.034769773483276
24.19963694 -21.960287287831306 -6.742396205663681 30.034491300582886
24.219646091 -22.006963923573494 -6.75562509894371 30.03430438041687
24.239646575 -22.07702274620533 -6.775452941656113 30.033983945846558
24.259671753 -22.123729899525642 -6.788684219121933 30.03376269340515
24.279718599 -22.193800166249275 -6.808549255132675 30.03342318534851
24.301921911 -22.240511134266853 -6.821797698736191 30.033217191696167
24.32146778 -22.31057758629322 -6.84167942404747 30.03290057182312
24.3430349 -22.357298091053963 -6.854949802160263 30.032694578170776
24.362997057 -22.427374079823494 -6.874867290258408 30.032400846481323
24.383063817 -22.47409649193287 -6.888155788183212 30.03219485282898
24.404705481 -22.544187739491463 -6.9080937802791595 30.031851530075073
24.424055897 -22.590910151600838 -6.921389430761337 30.03161883354187
24.444094614 -22.661003306508064 -6.9413155019283295 30.031309843063354
24.464073643 -22.707727625966072 -6.954592078924179 30.031119108200073
24.484204715 -22.777811244130135 -6.974496215581894 30.03081774711609
24.5045264 -22.8245737105608 -6.987783759832382 30.030604124069214
24.524160781 -22.894725993275642 -7.007726043462753 30.030279874801636
24.544080082 -22.941520884633064 -7.021030753850937 30.030062437057495
24.564106383 -23.011713221669197 -7.0409954488277435 30.029738187789917
24.584643267 -23.058519557118416 -7.0543073117733 30.02951693534851
24.612934587 -23.128742411732674 -7.074262946844101 30.029280424118042
24.632838237 -23.175550654530525 -7.087564319372177 30.029131650924683
24.652944283 -23.24578495323658 -7.107534259557724 30.028971433639526
24.672873293 -23.29260654747486 -7.120847076177597 30.02889132499695
24.692858574 -23.36282940208912 -7.1408160626888275 30.02877688407898
24.712856135 -23.4096452742815 -7.1541241109371185 30.028677701950073
24.732802284 -23.4798471480608 -7.174080699682236 30.028548002243042
24.753013722 -23.52663441002369 -7.187372535467148 30.02847933769226
24.772872773 -23.596801951527596 -7.207294791936874 30.028387784957886
24.792830488 -23.643562510609627 -7.220574706792831 30.0283305644989
24.812856401 -23.71368809044361 -7.240469306707382 30.028292417526245
24.832821109 -23.760418131947517 -7.253740161657333 30.028273344039917
24.852981649 -23.83048839867115 -7.273650497198105 30.028258085250854
24.8728857 -23.87718792259693 -7.286928981542587 30.028258085250854
24.892872348 -23.94722194969654 -7.306854099035263 30.028258085250854
24.912890901 -23.993910029530525 -7.320167392492294 30.028307676315308
24.93280123 -24.06390590965748 -7.340150207281113 30.028387784957886
24.952964702 -24.11053867638111 -7.353482097387314 30.0284526348114
24.9728924 -24.180462077260017 -7.373511642217636 30.028536558151245
24.992845326 -24.22706051170826 -7.38687738776207 30.028589963912964
25.012899602 -24.296943858265877 -7.406947940587997 30.028704404830933
25.032824944 -24.343530848622322 -7.420330852270126 30.028773069381714
25.052994963 -24.413404658436775 -7.440409988164902 30.02883791923523
25.072889243 -24.45999927818775 -7.453837722539902 30.028853178024292
25.092856801 -24.529865458607674 -7.473984092473984 30.02887225151062
25.112871953 -24.576416209340096 -7.487428992986679 30.02887225151062
25.132829918 -24.6462289839983 -7.507605403661728 30.02886462211609
25.153212501 -24.692762568593025 -7.521066516637802 30.02887988090515
25.17290017 -24.76254864037037 -7.541292995214462 30.028937101364136
25.192855228 -24.809061244130135 -7.5547893941402435 30.02896761894226
25.212859383 -24.878830149769783 -7.575100749731064 30.029093503952026
25.232843303 -24.92533703148365 -7.588670581579208 30.029181241989136
25.253089784 -24.99508686363697 -7.609064906835556 30.029375791549683
25.272883034 -25.041578486561775 -7.622700065374374 30.0295512676239
25.29286572 -25.11129017174244 -7.643149226903915 30.029810667037964
25.312873382 -25.157743647694588 -7.656782001256943 30.03003191947937
25.332807978 -25.227396205067635 -7.677246421575546 30.030382871627808
25.353012218 -25.273817256093025 -7.690891593694687 30.03061556816101
25.372905604 -25.34338779747486 -7.711336463689804 30.030962705612183
25.392845299 -25.389743998646736 -7.72495636343956 30.031180143356323
25.412881163 -25.459182932972908 -7.745352119207382 30.03149676322937
25.432836132 -25.505447581410408 -7.758955806493759 30.031718015670776
25.452961294 -25.574794963002205 -7.779372066259384 30.03209948539734
25.472892396 -25.62096233665943 -7.793001025915146 30.032400846481323
25.492823403 -25.69018192589283 -7.813454478979111 30.032843351364136
25.512869301 -25.73629017174244 -7.827104419469833 30.033125638961792
25.532794332 -25.80542202293873 -7.847591727972031 30.03354525566101
25.55308583 -25.851499751210213 -7.861252158880234 30.03384280204773
25.572902392 -25.920564845204353 -7.881720870733261 30.034292936325073
25.592829251 -25.96660251915455 -7.895361751317978 30.03457522392273
25.612911817 -26.03564663231373 -7.915817588567734 30.035032987594604
25.632836329 -26.08166904747486 -7.929458469152451 30.035319089889526
25.652949247 -26.150690272450447 -7.949924796819687 30.035765409469604
25.672900221 -26.196670725941658 -7.96356663107872 30.03607439994812
25.692847095 -26.265636637806892 -7.984017223119736 30.03650164604187
25.712873214 -26.311605647206306 -7.997639507055283 30.03680682182312
25.732813017 -26.380560114979744 -8.018052905797958 30.037230253219604
25.752947298 -26.42653103172779 -8.031653255224228 30.03751254081726
25.772920263 -26.49548740684986 -8.052034229040146 30.03792452812195
25.792837808 -26.5414812117815 -8.06561455130577 30.038172483444214
25.812963128 -26.610500529408455 -8.085975497961044 30.038466215133667
25.832841008 -26.65656490623951 -8.099540561437607 30.038641691207886
25.853024312 -26.725679591298103 -8.119884341955185 30.03891634941101
25.872895961 -26.771776393055916 -8.133445590734482 30.039080381393433
25.892840581 -26.840923503041267 -8.153777927160263 30.039286375045776
25.912879239 -26.88702030479908 -8.167322963476181 30.039385557174683
25.932816295 -26.95616741478443 -8.18763718008995 30.03949999809265
25.952975548 -27.00226230919361 -8.201178401708603 30.039564847946167
25.972905144 -27.07142086327076 -8.221500247716904 30.039625883102417
25.992824808 -27.117540553212166 -8.235058635473251 30.039644956588745
26.012880924 -27.18673725426197 -8.255408138036728 30.039705991744995
26.032846157 -27.232896998524666 -8.268960803747177 30.039713621139526
26.052977986 -27.30214710533619 -8.289275020360947 30.039732694625854
26.072893413 -27.34832973778248 -8.30280289053917 30.039759397506714
26.092844229 -27.417671397328377 -8.323072284460068 30.03979754447937
26.112943513 -27.46391887962818 -8.336577266454697 30.039854764938354
26.132808896 -27.53345127403736 -8.356794208288193 30.039957761764526
26.15295836 -27.57979603111744 -8.37027058005333 30.04004168510437
26.172912504 -27.649408534169197 -8.390457957983017 30.040255308151245
26.192901759 -27.695841029286385 -8.403910487890244 30.040404081344604
26.212873974 -27.765527918934822 -8.424084514379501 30.04061770439148
26.2328474 -27.81205005943775 -8.437524646520615 30.040785551071167
26.252966974 -27.88183803856373 -8.457694858312607 30.041060209274292
26.272892983 -27.92838115990162 -8.471151202917099 30.041258573532104
26.292837598 -27.99822635948658 -8.491328090429306 30.04155993461609
26.312866633 -28.0447885543108 -8.50477585196495 30.04171633720398
26.332812637 -28.114671900868416 -8.524977535009384 30.041929960250854
26.352939254 -28.161268427968025 -8.53845676779747 30.042040586471558
26.372930928 -28.231172755360603 -8.558688014745712 30.04217028617859
26.392865177 -28.277843669056892 -8.572202533483505 30.042250394821167
26.412872096 -28.34781475365162 -8.592468112707138 30.042364835739136
26.432845165 -28.394539073109627 -8.606015056371689 30.04244112968445
26.452948571 -28.464628413319588 -8.626343578100204 30.042540311813354
26.472906758 -28.51138325035572 -8.639912456274033 30.042593717575073
26.492867204 -28.581548884510994 -8.66025623679161 30.042662382125854
26.512862562 -28.62832660973072 -8.67381176352501 30.042704343795776
26.53281869 -28.698585703969 -8.694129794836044 30.042776823043823
26.55292159 -28.74543209373951 -8.707671016454697 30.042818784713745
26.572936868 -28.81570453941822 -8.727977603673935 30.04287600517273
26.592840745 -28.86257191002369 -8.741512149572372 30.042898893356323
26.612895185 -28.93286342918873 -8.761806339025497 30.042952299118042
26.632839364 -28.979736521840096 -8.77533134818077 30.0429790019989
26.65297408 -29.050070002675056 -8.795596927404404 30.043055295944214
26.672931249 -29.096950724720955 -8.809099048376083 30.043104887008667
26.692830701 -29.167297556996346 -8.829336017370224 30.043169736862183
26.712889696 -29.214187815785408 -8.842820018529892 30.043196439743042
26.732807079 -29.284580424427986 -8.863035053014755 30.043226957321167
26.752970107 -29.33148594200611 -8.876521915197372 30.04324221611023
26.772893683 -29.40181179344654 -8.896763652563095 30.043246030807495
26.792834893 -29.448703959584236 -8.910267680883408 30.0432345867157
26.812885279 -29.519010737538338 -8.930526584386826 30.04321551322937
26.832846854 -29.565868571400642 -8.944042056798935 30.043200254440308
26.852937439 -29.63611812889576 -8.96434673666954 30.04318881034851
26.872930831 -29.682922556996346 -8.977891772985458 30.043177366256714
26.892877386 -29.753063395619392 -8.998251765966415 30.04312777519226
26.912866014 -29.7997877150774 -9.011831134557724 30.043108701705933
26.932806889 -29.869823649525642 -9.032206386327744 30.04306674003601
26.952957864 -29.916471675038338 -9.045788615942001 30.043043851852417
26.972938008 -29.986383631825447 -9.066157191991806 30.043009519577026
26.992888803 -30.03296299278736 -9.079712718725204 30.043001890182495
27.012944012 -30.102796748280525 -9.100026935338974 30.042986631393433
27.032870546 -30.14933033287525 -9.113550990819931 30.042982816696167
27.053020238 -30.219108775258064 -9.133825153112411 30.04292941093445
27.072904216 -30.265606120228767 -9.147333949804306 30.04287600517273
27.092881046 -30.335394099354744 -9.167554706335068 30.042834043502808
27.112887032 -30.381912425160408 -9.181025356054306 30.04280734062195
27.132875668 -30.451679423451424 -9.201221317052841 30.04278063774109
27.152949868 -30.49819965660572 -9.214659541845322 30.04278063774109
27.172948113 -30.567957118153572 -9.234804958105087 30.042757749557495
27.192887006 -30.61445064842701 -9.24822410941124 30.0427463054657
27.212888537 -30.68416614830494 -9.268337100744247 30.042750120162964
27.23285327 -30.730632975697517 -9.281727641820908 30.042765378952026
27.252917133 -30.80034466087818 -9.301792949438095 30.042818784713745
27.27389574 -30.846809580922127 -9.315165370702744 30.042853116989136
27.293817898 -30.916544154286385 -9.335197299718857 30.04290270805359
27.313902438 -30.963028147816658 -9.348551601171494 30.04292941093445
27.333830915 -31.032741740345955 -9.368580669164658 30.042959928512573
27.353949391 -31.079223826527596 -9.381916850805283 30.043001890182495
27.373926503 -31.148933604359627 -9.401935428380966 30.043074369430542
27.393867671 -31.195415690541267 -9.415293544530869 30.043116331100464
27.413900657 -31.265165522694588 -9.435339778661728 30.043165922164917
27.433877469 -31.31166286766529 -9.448707431554794 30.043192625045776
27.453964535 -31.381441310048103 -9.468786090612411 30.043246030807495
27.473941587 -31.427936747670174 -9.482172816991806 30.04327654838562
27.493887303 -31.497678950428963 -9.502270549535751 30.04333758354187
27.513888292 -31.544162943959236 -9.515683978796005 30.043341398239136
27.533805219 -31.6138746291399 -9.535827487707138 30.04333758354187
27.55397825 -31.660345271229744 -9.549293369054794 30.0433452129364
27.573899832 -31.73003788292408 -9.569504588842392 30.043349027633667
27.593857572 -31.776495173573494 -9.582996219396591 30.043341398239136
27.613907143 -31.846164897084236 -9.603242725133896 30.04336428642273
27.633886107 -31.89259548485279 -9.616741985082626 30.043368101119995
27.65397147 -31.962261393666267 -9.63702854514122 30.043349027633667
27.67389191 -32.008693888783455 -9.650560230016708 30.043326139450073
27.693876609 -32.07832355797291 -9.670867770910263 30.043261289596558
27.713893093 -32.12473697960377 -9.684411853551865 30.043204069137573
27.733792327 -32.194336131215096 -9.704724162817001 30.043097257614136
27.753947274 -32.240715220570564 -9.718246310949326 30.042986631393433
27.773924798 -32.31025715172291 -9.738513797521591 30.04278826713562
27.793842379 -32.35659809410572 -9.752007335424423 30.04263949394226
27.81399799 -32.426078990101814 -9.772235721349716 30.04247546195984
27.833869169 -32.472385600209236 -9.785714954137802 30.04236102104187
27.854019045 -32.54185123741627 -9.805942386388779 30.042250394821167
27.87393576 -32.588169291615486 -9.819427341222763 30.042193174362183
27.893864068 -32.65765018761158 -9.839656680822372 30.042120695114136
27.913905765 -32.703998759388924 -9.853144496679306 30.042067289352417
27.933806671 -32.773517802357674 -9.873382419347763 30.041975736618042
27.953961661 -32.819877818226814 -9.88688549399376 30.04192614555359
27.973916618 -32.8893930464983 -9.907154887914658 30.041853666305542
27.993887956 -32.935722544789314 -9.920670360326767 30.041792631149292
28.013894241 -33.00519581139088 -9.940930217504501 30.041720151901245
28.033839791 -33.0514909774065 -9.954429477453232 30.04166293144226
28.053948838 -33.120929911732674 -9.974673122167587 30.041517972946167
28.073934301 -33.1672250777483 -9.988161891698837 30.0414035320282
28.093880428 -33.236671641469 -10.008385509252548 30.04122042655945
28.113901637 -33.28299732506275 -10.021842807531357 30.041102170944214
28.133798068 -33.35248585045338 -10.042030185461044 30.040911436080933
28.153941414 -33.39882679283619 -10.055492252111435 30.040785551071167
28.17392937 -33.468342021107674 -10.075687259435654 30.040606260299683
28.19390937 -33.51467914879322 -10.08915027976036 30.040484189987183
28.213900586 -33.58419056236744 -10.109344333410263 30.040308713912964
28.233846705 -33.630527690052986 -10.12281021475792 30.04019045829773
28.253981721 -33.70002003014088 -10.14301285147667 30.040053129196167
28.273939772 -33.74633426964283 -10.15647491812706 30.03997302055359
28.293899935 -33.81577701866627 -10.176659435033798 30.039843320846558
28.313914033 -33.862053111195564 -10.190125316381454 30.039747953414917
28.333800408 -33.93145389854908 -10.210309833288193 30.039599180221558
28.35392482 -33.97770710289478 -10.223747104406357 30.03951144218445
28.373948933 -34.04707355797291 -10.24386677145958 30.039381742477417
28.39390424 -34.09330387413502 -10.25726780295372 30.039294004440308
28.413902944 -34.16265507042408 -10.277293056249619 30.039229154586792
28.433841374 -34.20888538658619 -10.290626376867294 30.03918719291687
28.453940599 -34.27822132408619 -10.310602992773056 30.03912615776062
28.473952818 -34.324436381459236 -10.323914378881454 30.03909945487976
28.493870965 -34.393757060170174 -10.343882411718369 30.039061307907104
28.513914386 -34.43997211754322 -10.357194751501083 30.03905749320984
28.533815676 -34.509277537465096 -10.37718853354454 30.03903841972351
28.553902295 -34.555481150746346 -10.390548557043076 30.03901171684265
28.57393256 -34.62477131187916 -10.410655826330185 30.038939237594604
28.593860074 -34.670952036976814 -10.424081653356552 30.038878202438354
28.613909571 -34.74023075401783 -10.444288104772568 30.038737058639526
28.633848402 -34.78641529381275 -10.457785457372665 30.038622617721558
28.653966375 -34.85569782555103 -10.478063434362411 30.038397550582886
28.673941987 -34.90190525352955 -10.491617053747177 30.03821063041687
28.693906734 -34.97121448814869 -10.511957973241806 30.037920713424683
28.713884549 -35.017433360219 -10.525537341833115 30.037745237350464
28.733833776 -35.086784556508064 -10.545938342809677 30.037466764450073
28.753887889 -35.133022502064705 -10.55954822897911 30.03728747367859
28.77393859 -35.202427104115486 -10.579965442419052 30.03696322441101
28.793895318 -35.24868030846119 -10.593572467565536 30.0367534160614
28.813916774 -35.318054392933846 -10.61396011710167 30.03635287284851
28.833843658 -35.36429615318775 -10.62753376364708 30.03607439994812
28.853903396 -35.433654978871346 -10.647867053747177 30.035635709762573
28.874026857 -35.47988910973072 -10.661411136388779 30.035303831100464
28.893890611 -35.54921741783619 -10.681737750768661 30.034815549850464
28.913912196 -35.595424845814705 -10.695304721593857 30.03448748588562
28.933802294 -35.66471500694752 -10.715684741735458 30.034014463424683
28.953892507 -35.71089191734791 -10.729278415441513 30.033739805221558
28.973937804 -35.78019352257252 -10.749734729528427 30.03339648246765
28.993890275 -35.8264047652483 -10.763409465551376 30.03317904472351
29.013926332 -35.89573307335377 -10.78397735953331 30.03290057182312
29.033848152 -35.94198627769947 -10.797748416662216 30.03271746635437
29.053892844 -36.01134891808033 -10.818384975194931 30.03247332572937
29.073938814 -36.05758686363697 -10.832182735204697 30.032335996627808
29.093912841 -36.12693805992603 -10.852870792150497 30.03216052055359
29.1139424 -36.17317982017994 -10.866665691137314 30.03207278251648
29.133797024 -36.24255008995533 -10.887363284826279 30.031969785690308
29.153860816 -36.288791850209236 -10.901157230138779 30.03189730644226
29.174177561 -36.35818500816822 -10.92185291647911 30.031790494918823
29.193936804 -36.40445728600025 -10.935645908117294 30.031721830368042
29.213931759 -36.47387333214283 -10.956329196691513 30.031634092330933
29.233856388 -36.52015705406666 -10.970135539770126 30.031573057174683
29.253837688 -36.58956165611744 -10.99084934592247 30.0315043926239
29.273937697 -36.63581867516041 -11.004675716161728 30.031458616256714
29.293883526 -36.705200389027596 -11.025449603796005 30.031359434127808
29.313921334 -36.75144977867603 -11.039301723241806 30.03127932548523
29.333816986 -36.82081623375416 -11.060108989477158 30.031153440475464
29.35382488 -36.86704654991627 -11.073983043432236 30.031065702438354
29.373924237 -36.93636341392994 -11.094824641942978 30.030936002731323
29.39386764 -36.98255176842213 -11.10869774222374 30.03085970878601
29.413937683 -37.051792338490486 -11.129475444555283 30.03085207939148
29.433871715 -37.09791202843189 -11.143320888280869 30.030863523483276
29.453855545 -37.167080119252205 -11.164074748754501 30.030901670455933
29.473992232 -37.21318073570728 -11.177905887365341 30.030936002731323
29.493904928 -37.282314494252205 -11.198616832494736 30.03100085258484
29.513888338 -37.32839222252369 -11.212406009435654 30.031012296676636
29.533815105 -37.39750690758228 -11.233038753271103 30.031058073043823
29.553887882 -37.443577006459236 -11.246775478124619 30.031084775924683
29.574151742 -37.512668803334236 -11.267352908849716 30.031119108200073
29.593868032 -37.55871982872486 -11.281054347753525 30.031141996383667
29.613858808 -37.627784922719 -11.301584094762802 30.03115725517273
29.633845765 -37.6738168746233 -11.315260738134384 30.03116488456726
29.653829066 -37.74285526573658 -11.335776180028915 30.031176328659058
29.673979006 -37.788879588246346 -11.349461406469345 30.03118395805359
29.693913621 -37.85792179405689 -11.37000259757042 30.031187772750854
29.713914913 -37.903949931263924 -11.383694499731064 30.031233549118042
29.733805443 -37.97300739586353 -11.404224246740341 30.03132128715515
29.753852899 -38.019062235951424 -11.417896121740341 30.031389951705933
29.773937831 -38.088154032826424 -11.438381046056747 30.0315043926239
29.793862976 -38.13428898155689 -11.45205482840538 30.03158450126648
29.81401356 -38.203510478138924 -11.472571223974228 30.03173327445984
29.833867786 -38.24969883263111 -11.486267894506454 30.031832456588745
29.85384541 -38.31898136436939 -11.506797641515732 30.031954526901245
29.873946497 -38.36518879234791 -11.520479053258896 30.032027006149292
29.893889576 -38.43451328575611 -11.540989726781845 30.032122373580933
29.913900117 -38.48072834312916 -11.554653972387314 30.032171964645386
29.93380186 -38.550068095326424 -11.575137943029404 30.032191038131714
29.953819078 -38.596286967396736 -11.588769763708115 30.032183408737183
29.973999987 -38.66560383141041 -11.609184116125107 30.032137632369995
29.993892183 -38.711818888783455 -11.622767299413681 30.0321147441864
30.01390236 -38.781105235219 -11.643110126256943 30.03208041191101
30.033878224 -38.82727451622486 -11.656641811132431 30.032068967819214
30.053837849 -38.89648075401783 -11.676915973424911 30.032084226608276
30.074045206 -38.942600443959236 -11.69042095541954 30.03210711479187
30.093897711 -39.011772349476814 -11.710649341344833 30.032179594039917
30.113901973 -39.05787678062916 -11.724129527807236 30.032252073287964
30.133833544 -39.126987650990486 -11.744306415319443 30.032400846481323
30.153824427 -39.17305012047291 -11.757743686437607 30.032484769821167
30.173972544 -39.242126658558846 -11.777878612279892 30.032583951950073
30.193927346 -39.288181498646736 -11.791287273168564 30.03266406059265
30.213852447 -39.35725040733814 -11.81139263510704 30.032793760299683
30.233867337 -39.4032976180315 -11.824789851903915 30.032870054244995
30.253872146 -39.47233600914478 -11.84489044547081 30.032938718795776
30.274014637 -39.51834888756275 -11.858289569616318 30.03296160697937
30.293892934 -39.587272837758064 -11.87840923666954 30.03298830986023
30.313861809 -39.63319034874439 -11.891822665929794 30.032976865768433
30.333830468 -39.7020151168108 -11.911942332983017 30.032957792282104
30.353840786 -39.747856333851814 -11.925359576940536 30.03290057182312
30.373978477 -39.816608622670174 -11.945481151342392 30.03279757499695
30.393900684 -39.86238117516041 -11.958898395299911 30.032732725143433
30.413877225 -39.93101520836353 -11.979030460119247 30.032580137252808
30.433862854 -39.97674198448658 -11.99246296286583 30.032477140426636
30.453850792 -40.045307353138924 -12.012614101171494 30.03235125541687
30.47396453 -40.09101124107838 -12.02604565024376 30.032274961471558
30.493908907 -40.159572795033455 -12.046219676733017 30.032149076461792
30.513845606 -40.205280497670174 -12.059679836034775 30.032042264938354
30.533827546 -40.273857310414314 -12.07988914847374 30.03188967704773
30.553839365 -40.31959171593189 -12.093362659215927 30.031782865524292
30.574036676 -40.38819904625416 -12.113574832677841 30.03164553642273
30.593903345 -40.433952525258064 -12.127056926488876 30.031538724899292
30.613861863 -40.50258655846119 -12.147325366735458 30.031389951705933
30.633876543 -40.548340037465096 -12.160851329565048 30.03128695487976
30.653856074 -40.616962626576424 -12.181152194738388 30.031115293502808
30.674047277 -40.6627084761858 -12.194686740636826 30.030997037887573
30.69394045 -40.73131962120533 -12.215012401342392 30.030787229537964
30.713863589 -40.777065470814705 -12.22856792807579 30.03064227104187
30.733861898 -40.84569950401783 -12.24890884757042 30.030413389205933
30.75383401 -40.89144916832447 -12.262510150671005 30.030245542526245
30.774104488 -40.96009083092213 -12.282910197973251 30.030035734176636
30.793903146 -41.00586719810963 -12.29651626944542 30.029894590377808
30.813868883 -41.074585154652596 -12.316927760839462 30.029696226119995
30.833873756 -41.120414927601814 -12.330529063940048 30.029574155807495
30.853858089 -41.18915195763111 -12.351012080907822 30.029364347457886
30.874133854 -41.234962657094 -12.36468967795372 30.029227018356323
30.893895983 -41.30364628136158 -12.385241359472275 30.029017210006714
30.913851471 -41.34942264854908 -12.39895710349083 30.028929471969604
30.933869133 -41.41806049644947 -12.419550746679306 30.028788328170776
30.953838434 -41.46381779015064 -12.43330654501915 30.028673887252808
30.973933754 -41.5324594527483 -12.453930705785751 30.028490781784058
30.993924575 -41.57823200523853 -12.467684596776962 30.028353452682495
31.013861778 -41.64690037071705 -12.48826488852501 30.02811312675476
31.0338812 -41.69268436729908 -12.50196060538292 30.027945280075073
31.053840694 -41.76135654747486 -12.52245220541954 30.027655363082886
31.073976335 -41.80714435875416 -12.536087840795517 30.027445554733276
31.093918539 -41.8758432418108 -12.556503146886826 30.0271098613739
31.113889577 -41.92164249718189 -12.570088237524033 30.02685809135437
31.133841978 -41.99033756554127 -12.590451091527939 30.02649188041687
31.153861483 -42.036125376820564 -12.604019969701767 30.026243925094604
31.173964767 -42.104816630482674 -12.624374240636826 30.02590823173523
31.193929452 -42.1506120711565 -12.637953609228134 30.02569079399109
31.213836426 -42.21929569542408 -12.6583431661129 30.025343656539917
31.233921318 -42.26508350670338 -12.671936839818954 30.025133848190308
31.253853451 -42.33374424278736 -12.69233974814415 30.02486300468445
31.273935552 -42.37952060997486 -12.705931514501572 30.024710416793823
31.293979606 -42.44819660484791 -12.726304858922958 30.024527311325073
31.313870681 -42.493976786732674 -12.739881366491318 30.024405241012573
31.333832048 -42.562648966908455 -12.760246127843857 30.024248838424683
31.353879834 -42.608425334095955 -12.77383503317833 30.0241801738739
31.373938216 -42.677089884877205 -12.79421791434288 30.024134397506714
31.394197761 -42.722866252064705 -12.80780205130577 30.024115324020386
31.413858956 -42.791530802845955 -12.828175395727158 30.024149656295776
31.433886531 -42.83731098473072 -12.841749995946884 30.0241801738739
31.453864908 -42.90594120323658 -12.862116664648056 30.024245023727417
31.473947224 -42.95169849693775 -12.875675052404404 30.024309873580933
31.493953718 -43.020343974232674 -12.895985454320908 30.024447202682495
31.513857283 -43.06610508263111 -12.909500926733017 30.024569272994995
31.533837938 -43.134739115834236 -12.929773181676865 30.024771451950073
31.553869731 -43.180481150746346 -12.94329246878624 30.024935483932495
31.57394162 -43.24911518394947 -12.963601917028427 30.025240659713745
31.593907842 -43.29487247765064 -12.97715076804161 30.025450468063354
31.613870876 -43.36354084312916 -12.997509807348251 30.025816679000854
31.633884426 -43.40931721031666 -13.011094897985458 30.02606463432312
31.653825891 -43.47798939049244 -13.031492084264755 30.026427030563354
31.673954887 -43.52375431358814 -13.045128673315048 30.026671171188354
31.693927393 -43.592407420277596 -13.065567821264267 30.027025938034058
31.713849707 -43.638122752308846 -13.079224437475204 30.027228116989136
31.733823918 -43.706684306263924 -13.09970936179161 30.027525663375854
31.753832267 -43.75237675011158 -13.113375514745712 30.027708768844604
31.773946622 -43.82093830406666 -13.133890002965927 30.02799105644226
31.793923193 -43.866657450795174 -13.147565692663193 30.02817416191101
31.813936142 -43.935295298695564 -13.168120235204697 30.028517484664917
31.833871978 -43.98110218346119 -13.181836932897568 30.028746366500854
31.853849513 -44.04987354576588 -13.202432483434677 30.029112577438354
31.873934042 -44.09581013023853 -13.216205447912216 30.02936816215515
31.893909225 -44.164753153920174 -13.236864894628525 30.029730558395386
31.913846929 -44.210773661732674 -13.250654071569443 30.029940366744995
31.933841727 -44.27988834679127 -13.271336406469345 30.030260801315308
31.953892856 -44.325988963246346 -13.285117954015732 30.03046679496765
31.973955077 -44.395195201039314 -13.30580124258995 30.030749082565308
31.99391419 -44.441345408558846 -13.319588512182236 30.030928373336792
32.013859005 -44.51064319908619 -13.340289920568466 30.031214475631714
32.033868184 -44.5568620711565 -13.35409340262413 30.031397581100464
32.053862503 -44.6262094527483 -13.374804347753525 30.03164553642273
32.073908491 -44.67243595421314 -13.388620227575302 30.031817197799683
32.093916057 -44.74177189171314 -13.409328311681747 30.03207278251648
32.113847227 -44.787990763783455 -13.423125118017197 30.03222918510437
32.133827329 -44.85732288658619 -13.44378837943077 30.032461881637573
32.153844974 -44.90353412926197 -13.457549899816513 30.032606840133667
32.17403986 -44.972858622670174 -13.478138774633408 30.03281283378601
32.193940009 -45.01907368004322 -13.491844981908798 30.032946348190308
32.21393073 -45.08838672935963 -13.512379497289658 30.033175230026245
32.233874769 -45.134582713246346 -13.526065677404404 30.03332018852234
32.253857485 -45.203849986195564 -13.54658779501915 30.03348422050476
32.273945462 -45.25001545250416 -13.560278743505478 30.033583402633667
32.293939821 -45.319267466664314 -13.580814212560654 30.033709287643433
32.313889946 -45.36544819176197 -13.594507068395615 30.03378176689148
32.333847014 -45.43472309410572 -13.615091174840927 30.03386950492859
32.353859747 -45.48090000450611 -13.62882313132286 30.033915281295776
32.373972057 -45.55015583336353 -13.649468272924423 30.033919095993042
32.393970822 -45.59631748497486 -13.663238376379013 30.033907651901245
32.413901742 -45.66554279625416 -13.683901637792587 30.033800840377808
32.433888202 -45.711689189076424 -13.697687953710556 30.033709287643433
32.453845886 -45.78089542686939 -13.718359798192978 30.0335795879364
32.473958529 -45.827026560902596 -13.73214802145958 30.033472776412964
32.493956216 -45.89619465172291 -13.752805560827255 30.03332018852234
32.513894396 -45.942287638783455 -13.766563266515732 30.033255338668823
32.533846576 -46.011387065052986 -13.78717789053917 30.033140897750854
32.553860609 -46.05744190514088 -13.80090793967247 30.033053159713745
32.573962793 -46.12646122276783 -13.821498721837997 30.032889127731323
32.594138266 -46.172462657094 -13.835217326879501 30.032774686813354
32.613893945 -46.24145145714283 -13.855786174535751 30.032557249069214
32.633913306 -46.287433817982674 -13.869482845067978 30.032389402389526
32.653863825 -46.35639210045338 -13.890012592077255 30.032156705856323
32.673924273 -46.402363017201424 -13.903693050146103 30.0320041179657
32.694105138 -46.47132511436939 -13.924227565526962 30.03176760673523
32.713894308 -46.517299845814705 -13.937915652990341 30.03158450126648
32.733841671 -46.586303904652596 -13.958478778600693 30.03128695487976
32.753871372 -46.632297709584236 -13.97217258810997 30.031115293502808
32.773936089 -46.701320841908455 -13.992732852697372 30.030840635299683
32.794100863 -46.74733753502369 -14.00644764304161 30.030657529830933
32.813880208 -46.81636066734791 -14.027026981115341 30.03033709526062
32.833892743 -46.86238880455494 -14.040751308202744 30.03010058403015
32.8538719 -46.931415751576424 -14.06134209036827 30.029757261276245
32.873924102 -46.97743244469166 -14.075087398290634 30.029532194137573
32.893933801 -47.046447947621346 -14.09575542807579 30.029200315475464
32.913885993 -47.09244938194752 -14.109539836645126 30.029009580612183
32.933836158 -47.16148395836353 -14.130281299352646 30.028712034225464
32.953868843 -47.20752353966236 -14.144123882055283 30.02851366996765
32.973907571 -47.276611521840096 -14.164910167455673 30.028223752975464
32.993952799 -47.32270450890064 -14.178823322057724 30.028033018112183
33.013867023 -47.39183063805103 -14.199660152196884 30.027777433395386
33.033882936 -47.43793506920338 -14.21357998251915 30.027621030807495
33.053874982 -47.507106974720955 -14.234453052282333 30.027411222457886
33.073878548 -47.55325336754322 -14.248381465673447 30.027296781539917
33.093972448 -47.62247867882252 -14.269298404455185 30.027148008346558
33.113885524 -47.66862125694752 -14.283239215612411 30.027056455612183
33.13382813 -47.737854197621346 -14.304173320531845 30.026976346969604
33.15387232 -47.78400821983814 -14.31811699271202 30.026949644088745
33.173870406 -47.853244975209236 -14.339012950658798 30.02694582939148
33.193992082 -47.89945240318775 -14.35293659567833 30.026991605758667
33.213943724 -47.96877308189869 -14.373785823583603 30.02715563774109
33.23387577 -48.015014842152596 -14.387657970190048 30.02729296684265
33.253902556 -48.0844614058733 -14.408428996801376 30.027559995651245
33.273845252 -48.13077564537525 -14.422254413366318 30.027754545211792
33.294041778 -48.200309947133064 -14.442946285009384 30.028109312057495
33.313907003 -48.246681407094 -14.456716388463974 30.02837634086609
33.333825284 -48.31632633507252 -14.477330058813095 30.028841733932495
33.353875545 -48.3627702742815 -14.491048663854599 30.029154539108276
33.373860925 -48.432460978627205 -14.511592715978622 30.02963900566101
33.394127818 -48.478962138295174 -14.525247424840927 30.02997088432312
33.434227027 -48.54872150719166 -14.545677036046982 30.03049349784851
33.459319435 -48.59525699913502 -14.55924305319786 30.03085207939148
33.478479293 -48.66510410606861 -14.579528659582138 30.03136706352234
33.498376015 -48.71167393028736 -14.593026965856552 30.03169894218445
33.518379963 -48.781589701771736 -14.613205760717392 30.03218722343445
33.53836009 -48.828205302357674 -14.626640170812607 30.032484769821167
33.558514452 -48.89814014732838 -14.64676746726036 30.03290057182312
33.578455313 -48.94474430382252 -14.66016086935997 30.033156156539917
33.598375534 -49.01463337242603 -14.68021759390831 30.03350329399109
33.618381259 -49.06124134361744 -14.693565219640732 30.03374743461609
33.638398859 -49.13113422691822 -14.713559001684189 30.034109830856323
33.658504632 -49.17773075401783 -14.726859897375107 30.034342527389526
33.678444542 -49.247593119740486 -14.746794551610947 30.03466296195984
33.698372779 -49.294147685170174 -14.76007542014122 30.034857511520386
33.718397529 -49.363926127552986 -14.779998630285263 30.035109281539917
33.738478749 -49.410419657826424 -14.79327568411827 30.035250425338745
33.758422819 -49.480121806263924 -14.813184589147568 30.035433530807495
33.778417498 -49.52655811607838 -14.826421588659286 30.03551745414734
33.798360892 -49.59617252647877 -14.846258968114853 30.03558611869812
33.81837919 -49.642551615834236 -14.859462589025497 30.03559374809265
33.838524385 -49.71207828819752 -14.879246562719345 30.035601377487183
33.858518373 -49.75839252769947 -14.892409175634384 30.035563230514526
33.87847428 -49.82783527672291 -14.912108272314072 30.03539538383484
33.898389992 -49.874111369252205 -14.925227969884872 30.03524661064148
33.918390268 -49.94355411827564 -14.944854587316513 30.034956693649292
33.938381017 -49.989826396107674 -14.95794853568077 30.034746885299683
33.958423068 -50.05920048058033 -14.977599948644638 30.034415006637573
33.978431877 -50.1054460555315 -14.990708202123642 30.034167051315308
33.998375299 -50.1747934371233 -15.010390132665634 30.03377413749695
34.018392335 -50.221000865101814 -15.023538440465927 30.03348422050476
34.038376318 -50.29029484093189 -15.043308109045029 30.032942533493042
34.058484404 -50.336479380726814 -15.056501239538193 30.032580137252808
34.078432623 -50.40574283897877 -15.076366275548935 30.031969785690308
34.098392479 -50.45190830528736 -15.089605182409286 30.031580686569214
34.118427599 -50.521137431263924 -15.109521716833115 30.030951261520386
34.138383571 -50.567295268177986 -15.122818797826767 30.030516386032104
34.158412941 -50.636535838246346 -15.14278969168663 30.02987551689148
34.178510611 -50.682712748646736 -15.156118243932724 30.029402494430542
34.198378764 -50.75196094810963 -15.176110118627548 30.028685331344604
34.218381855 -50.79811878502369 -15.189439624547958 30.028212308883667
34.23839551 -50.86732502281666 -15.209448665380478 30.027571439743042
34.258428208 -50.913452342152596 -15.222791522741318 30.02716326713562
34.278424261 -50.98262043297291 -15.242770045995712 30.02658724784851
34.298373446 -51.02871723473072 -15.256075710058212 30.026232481002808
34.318419624 -51.097839549183846 -15.276017040014267 30.025728940963745
34.338405469 -51.14392490684986 -15.289307445287704 30.02539324760437
34.358360037 -51.21304340660572 -15.309239238500595 30.024943113327026
34.378430484 -51.25907917320728 -15.322479099035263 30.02465319633484
34.398378321 -51.32812900841236 -15.342309802770615 30.02426028251648
34.418408358 -51.37414951622486 -15.355491489171982 30.024012327194214
34.438391343 -51.443195536732674 -15.375186771154404 30.02364230155945
34.45851482 -51.489223673939705 -15.38829693198204 30.023421049118042
34.47843736 -51.558281138539314 -15.407882541418076 30.02315402030945
34.498397305 -51.604328349232674 -15.420922130346298 30.02302050590515
34.518372482 -51.67341251671314 -15.440455287694931 30.02285647392273
34.538357332 -51.719474986195564 -15.45343193411827 30.022791624069214
34.558334189 -51.788574412465096 -15.472887843847275 30.0227267742157
34.578461088 -51.83465214073658 -15.48583397269249 30.02270007133484
34.598396255 -51.90378971397877 -15.505211681127548 30.022692441940308
34.618375132 -51.94988651573658 -15.518125385046005 30.02270007133484
34.638362468 -52.01902408897877 -15.537462085485458 30.022810697555542
34.658378283 -52.06511326134205 -15.550349086523056 30.02289843559265
34.67853233 -52.111206248402596 -15.563201755285263 30.0229594707489
34.698436931 -52.18034000694752 -15.582492679357529 30.023058652877808
34.718386905 -52.24948139488697 -15.601789325475693 30.023150205612183
34.738435154 -52.295593455433846 -15.614672511816025 30.023176908493042
34.758313146 -52.364765360951424 -15.634010165929794 30.02322268486023
34.778471333 -52.4108774214983 -15.646901935338974 30.023260831832886
34.798400946 -52.48003788292408 -15.666234821081161 30.02331042289734
34.818367164 -52.526142314076424 -15.679131358861923 30.023340940475464
34.838409042 -52.59527988731861 -15.698460429906845 30.0233256816864
34.858352373 -52.64136905968189 -15.711350291967392 30.02331042289734
34.878589833 -52.71049137413502 -15.730688899755478 30.023272275924683
34.898400181 -52.75656147301197 -15.743570178747177 30.023237943649292
34.918397135 -52.82565326988697 -15.762878268957138 30.023176908493042
34.93838184 -52.87171192467213 -15.77573475241661 30.02312731742859
34.958320282 -52.94081135094166 -15.795028537511826 30.023035764694214
34.978436185 -52.98690052330494 -15.807886928319931 30.022955656051636
34.99837113 -53.05604191124439 -15.827183574438095 30.022814512252808
35.018380608 -53.10214252769947 -15.84005817770958 30.0227267742157
35.038357801 -53.17129535973072 -15.859333842992783 30.02253222465515
35.0583597 -53.21739216148853 -15.87220749258995 30.022398710250854
35.078491855 -53.28654117882252 -15.891550868749619 30.02217745780945
35.098385407 -53.332634165883064 -15.904504626989365 30.02200198173523
35.118361457 -53.40177173912525 -15.923972934484482 30.021754026412964
35.138386133 -53.447868540883064 -15.936987727880478 30.021586179733276
35.158330454 -53.51699848473072 -15.956543773412704 30.021361112594604
35.178522113 -53.563068583607674 -15.969615787267685 30.021204710006714
35.198403322 -53.63212604820728 -15.989263385534286 30.020960569381714
35.218367919 -53.678154185414314 -16.002378314733505 30.02081561088562
35.238383969 -53.74711628258228 -16.02210983633995 30.020594358444214
35.258366075 -53.79307575523853 -16.035281985998154 30.02045702934265
35.278463744 -53.86200733482838 -16.055065006017685 30.020254850387573
35.298406244 -53.907917216420174 -16.06829246878624 30.020132780075073
35.31835957 -53.976772502064705 -16.088140338659286 30.019984006881714
35.338380906 -54.02264805138111 -16.101383060216904 30.0199077129364
35.358341513 -54.09142704308033 -16.12127098441124 30.019819974899292
35.378472657 -54.137268260121346 -16.134534686803818 30.019781827926636
35.398422404 -54.205967143177986 -16.154491275548935 30.019755125045776
35.4183401 -54.25177402794361 -16.167791217565536 30.019758939743042
35.43837235 -54.32035847008228 -16.18779167532921 30.019800901412964
35.458373195 -54.366047099232674 -16.201137393712997 30.01984667778015
35.478450417 -54.43453998863697 -16.22117218375206 30.019903898239136
35.4983887 -54.480129435658455 -16.234569400548935 30.0199077129364
35.518343235 -54.548496440052986 -16.254678577184677 30.019922971725464
35.538369176 -54.59404011070728 -16.268110126256943 30.019896268844604
35.558325474 -54.66233845055103 -16.288307040929794 30.01985812187195
35.578467762 -54.7078744918108 -16.301784366369247 30.019835233688354
35.598402519 -54.7761117964983 -16.32207092642784 30.019808530807495
35.618357547 -54.821586802601814 -16.335609287023544 30.019800901412964
35.638371258 -54.88978214561939 -16.35593780875206 30.01986575126648
35.658373654 -54.9351694136858 -16.36950859427452 30.019922971725464
35.678460644 -55.0032846480608 -16.389850467443466 30.02001452445984
35.698444175 -55.04859562218189 -16.403404086828232 30.02010989189148
35.718376409 -55.116550639271736 -16.423724979162216 30.020289182662964
35.738365122 -55.16180820763111 -16.437265247106552 30.020418882369995
35.758380776 -55.2296030074358 -16.45758232474327 30.0206515789032
35.778445647 -55.27478428184986 -16.471122592687607 30.02081561088562
35.798388013 -55.34241504967213 -16.49144157767296 30.021101713180542
35.818350522 -55.38748951256275 -16.505004733800888 30.021307706832886
35.838459348 -55.45507450401783 -16.525369495153427 30.021586179733276
35.858358042 -55.500087931752205 -16.538993686437607 30.021776914596558
35.878407309 -55.567627146840096 -16.559448093175888 30.022078275680542
35.89839151 -55.61264057457447 -16.573119968175888 30.022276639938354
35.91833997 -55.68014545738697 -16.593685001134872 30.022574186325073
35.938387761 -55.725158885121346 -16.607406467199326 30.02282977104187
35.95832115 -55.79265995323658 -16.628030627965927 30.02318835258484
35.978463447 -55.83766956627369 -16.641784518957138 30.023421049118042
35.998418081 -55.90514774620533 -16.662498325109482 30.02374529838562
36.018337047 -55.95013828575611 -16.676328510046005 30.02395510673523
36.038379091 -56.01762790977955 -16.697105258703232 30.0243136882782
36.058356698 -56.06260700523853 -16.711011737585068 30.024542570114136
36.078467311 -56.130100443959236 -16.731878131628036 30.0249125957489
36.098425258 -56.17508716881275 -16.745818942785263 30.0251681804657
36.118376059 -56.24256534874439 -16.766755908727646 30.025572538375854
36.138376133 -56.287563517689705 -16.780710071325302 30.02587389945984
36.158336189 -56.35502643883228 -16.801605075597763 30.026346921920776
36.178405886 -56.399997904896736 -16.81551918387413 30.026678800582886
36.198424074 -56.46745701134205 -16.836364597082138 30.027193784713745
36.218355367 -56.51241321861744 -16.850242465734482 30.02753710746765
36.238380751 -56.579826548695564 -16.871030658483505 30.028033018112183
36.258362144 -56.624695017933846 -16.88490280508995 30.028364896774292
36.278455932 -56.69203205406666 -16.905698627233505 30.02884554862976
36.298429159 -56.7369272261858 -16.919568866491318 30.02915072441101
36.318411803 -56.804279521107674 -16.940385669469833 30.029581785202026
36.338396568 -56.84920521080494 -16.95425781607628 30.02986788749695
36.358319992 -56.91658039391041 -16.975107043981552 30.030291318893433
36.378442205 -56.96150226891041 -16.989009708166122 30.030577421188354
36.39842384 -57.028907969594 -17.00986847281456 30.03100848197937
36.418328467 -57.073810771107674 -17.023828357458115 30.031283140182495
36.438386134 -57.141201213002205 -17.044763416051865 30.03161883354187
36.458371492 -57.186130717396736 -17.058738559484482 30.031824827194214
36.478515397 -57.25355549156666 -17.079669803380966 30.032091856002808
36.498408387 -57.29850406944752 -17.093612521886826 30.032244443893433
36.518334417 -57.365925028920174 -17.114507526159286 30.03241991996765
36.538371946 -57.410888865590096 -17.128417819738388 30.032496213912964
36.558325699 -57.47831363976002 -17.149291843175888 30.03252673149109
36.578451079 -57.52330036461353 -17.163213580846786 30.032519102096558
36.598411069 -57.59082813560963 -17.18409714102745 30.03247332572937
36.618335663 -57.63586063683033 -17.198037952184677 30.03238558769226
36.638371417 -57.70347233116627 -17.218931049108505 30.032225370407104
36.658373197 -57.74857731163502 -17.2328642308712 30.03210711479187
36.678479568 -57.81629200279713 -17.25380501151085 30.03188967704773
36.698445116 -57.86147327721119 -17.267761081457138 30.03174090385437
36.718378735 -57.929321482777596 -17.28874573111534 30.03148913383484
36.738397031 -57.97459049522877 -17.302705615758896 30.031328916549683
36.758324164 -58.04252643883228 -17.32365784049034 30.031073331832886
36.778492351 -58.08783359825611 -17.337612003087997 30.030897855758667
36.798800359 -58.155822947621346 -17.35852226614952 30.030630826950073
36.818333104 -58.2011491805315 -17.37245163321495 30.03045153617859
36.83839164 -58.26917286217213 -17.393310397863388 30.03018069267273
36.858371786 -58.314533427357674 -17.40719971060753 30.030016660690308
36.87846773 -58.38258381187916 -17.428029865026474 30.02978014945984
36.898408729 -58.427971079945564 -17.441900104284286 30.029635190963745
36.918346659 -58.49607487022877 -17.46275505423546 30.02947497367859
36.938435144 -58.54150791466236 -17.47665771842003 30.029364347457886
36.958331815 -58.60969562828541 -17.497514575719833 30.02923846244812
36.978519055 -58.655185893177986 -17.511409610509872 30.02917742729187
36.998480336 -58.72345753014088 -17.532203525304794 30.02908205986023
37.018327053 -58.76896305382252 -17.54606804251671 30.029040098190308
37.038384996 -58.837246134877205 -17.566833347082138 30.02901339530945
37.058353669 -58.882770732045174 -17.58066353201866 30.02901339530945
37.078476275 -58.951049998402596 -17.601390689611435 30.02902865409851
37.098421065 -58.99657841026783 -17.6151884496212 30.029051542282104
37.118330502 -59.064796641469 -17.635873645544052 30.029097318649292
37.138363331 -59.11027927696705 -17.64965996146202 30.029127836227417
37.15832446 -59.17851276695728 -17.670333713293076 30.0291850566864
37.178424585 -59.223999217152596 -17.684182971715927 30.029234647750854
37.198439076 -59.29223270714283 -17.704953998327255 30.029322385787964
37.218336364 -59.337707713246346 -17.718829959630966 30.029402494430542
37.238377123 -59.40591450035572 -17.739675372838974 30.029585599899292
37.258339615 -59.4513933211565 -17.753566592931747 30.029715299606323
37.278447755 -59.519611552357674 -17.774440616369247 30.029864072799683
37.298617815 -59.56510181725025 -17.78835090994835 30.029947996139526
37.318348701 -59.633320048451424 -17.809287875890732 30.030062437057495
37.338412073 -59.67881794273853 -17.82324394583702 30.030123472213745
37.358343341 -59.747097209095955 -17.844177097082138 30.030211210250854
37.378465455 -59.79261417686939 -17.858163684606552 30.030245542526245
37.398577103 -59.86090488731861 -17.87911781668663 30.030264616012573
37.418338847 -59.906433299183846 -17.89308723807335 30.030253171920776
37.438395915 -59.9747201949358 -17.91404899954796 30.030150175094604
37.458383067 -60.020256236195564 -17.928008884191513 30.030077695846558
37.478440607 -60.08852405846119 -17.948959201574326 30.029925107955933
37.498554933 -60.13404102623463 -17.962909549474716 30.0298068523407
37.518350354 -60.20232029259205 -17.983808368444443 30.029616117477417
37.538399985 -60.24784107506275 -17.99772247672081 30.029425382614136
37.558374191 -60.31611652672291 -18.018564075231552 30.029131650924683
37.578478229 -60.36161442101002 -18.03245911002159 30.02892565727234
37.598517453 -60.429897502064705 -18.053275913000107 30.02862811088562
37.61834628 -60.475441172719 -18.067148059606552 30.02841830253601
37.638397407 -60.54380817711353 -18.08794578909874 30.028136014938354
37.65838521 -60.58941288292408 -18.10179314017296 30.02794909477234
37.67844453 -60.657890513539314 -18.122615665197372 30.027579069137573
37.6984713 -60.70356006920338 -18.13650879263878 30.02731966972351
37.718341833 -60.77209873497486 -18.157358020544052 30.02691912651062
37.738370048 -60.817775920033455 -18.171304553747177 30.026636838912964
37.758349415 -60.88631458580494 -18.192205280065536 30.026228666305542
37.778473861 -60.93201465904713 -18.20614418387413 30.025938749313354
37.798463666 -61.00056476891041 -18.227035373449326 30.02551531791687
37.818349753 -61.0462533980608 -18.240966647863388 30.025240659713745
37.838494562 -61.114772990345955 -18.261857837438583 30.024771451950073
37.85839443 -61.160461619496346 -18.27577194571495 30.024473905563354
37.878451898 -61.228935435414314 -18.296649783849716 30.0239474773407
37.898542462 -61.274589732289314 -18.31055435538292 30.0235812664032
37.918333701 -61.343071177601814 -18.331392139196396 30.023028135299683
37.938395947 -61.38870258629322 -18.3452909886837 30.022627592086792
37.958315386 -61.45716114342213 -18.36610969901085 30.02204394340515
37.978468068 -61.50278873741627 -18.37997993826866 30.02163577079773
37.998561653 -61.57119770348072 -18.400760501623154 30.020983457565308
38.018361198 -61.616798594594 -18.414594501256943 30.020552396774292
38.038404353 -61.68512745201588 -18.43535026907921 30.019789457321167
38.058356986 -61.7307016402483 -18.449163287878036 30.019327878952026
38.078437427 -61.798969462513924 -18.469880908727646 30.0185763835907
38.098522763 -61.8444711714983 -18.483669131994247 30.0180766582489
38.118376813 -61.91271610558033 -18.504318088293076 30.01733660697937
38.138417723 -61.958164408802986 -18.518062442541122 30.0168673992157
38.158321767 -62.026340678334236 -18.538644641637802 30.016207456588745
38.178544157 -62.07178516685963 -18.552337497472763 30.01578402519226
38.198577303 -62.13993091881275 -18.572839587926865 30.015185117721558
38.218374747 -62.18536777794361 -18.586484760046005 30.014815092086792
38.238410145 -62.25344868004322 -18.606929630041122 30.0141704082489
38.258326512 -62.29884357750416 -18.620544284582138 30.01375460624695
38.278380884 -62.36693973839283 -18.6409452855587 30.01318621635437
38.298489153 -62.41233463585377 -18.65457519888878 30.012800931930542
38.318406438 -62.48046512901783 -18.674993366003036 30.01228976249695
38.338421805 -62.52584095299244 -18.68864807486534 30.01191210746765
38.358312035 -62.593925669789314 -18.709115833044052 30.011397123336792
38.378423335 -62.63931293785572 -18.722761005163193 30.011065244674683
38.398487801 -62.707370951771736 -18.743230670690536 30.01058077812195
38.418386774 -62.75275440514088 -18.756868213415146 30.01029086112976
38.438415096 -62.82076282799244 -18.77737793326378 30.009947538375854
38.458375764 -62.86609669029713 -18.791059345006943 30.00976061820984
38.478413296 -62.93408985435963 -18.811593860387802 30.00952410697937
38.498436296 -62.97937412559986 -18.825282901525497 30.009363889694214
38.518396438 -63.04731388390064 -18.845786899328232 30.00915789604187
38.538396885 -63.09259815514088 -18.85943779349327 30.009016752243042
38.558324079 -63.16053028404713 -18.879878848791122 30.0088107585907
38.578384578 -63.20583362877369 -18.89348778128624 30.008707761764526
38.598441031 -63.27378483116627 -18.913841098546982 30.0085551738739
38.618406993 -63.31909580528736 -18.927385181188583 30.008475065231323
38.638377357 -63.387043192982674 -18.94761833548546 30.00839114189148
38.658391203 -63.432346537709236 -18.961091846227646 30.008349180221558
38.678365154 -63.50031299889088 -18.9812773168087 30.008314847946167
38.698493791 -63.545620158314705 -18.994720309972763 30.008284330368042
38.718394785 -63.613620951771736 -19.01486572623253 30.00827670097351
38.738402543 -63.658970072865486 -19.028282016515732 30.0083110332489
38.758326557 -63.7270395308733 -19.048385471105576 30.008368253707886
38.778401218 -63.7724496871233 -19.06176933646202 30.008421659469604
38.798856193 -63.84066791832447 -19.081825107336044 30.008517026901245
38.818401677 -63.886188700795174 -19.09518799185753 30.008593320846558
38.838370542 -63.954529002308846 -19.115226596593857 30.008700132369995
38.858374987 -64.00011463463306 -19.128583759069443 30.008776426315308
38.878380217 -64.06852741539478 -19.148616641759872 30.008890867233276
38.89846107 -64.11418934166431 -19.161983340978622 30.00896716117859
38.918453334 -64.1827394515276 -19.18201431632042 30.009100675582886
38.938367174 -64.22848530113697 -19.19536194205284 30.009196043014526
38.958320015 -64.29720325767994 -19.215377658605576 30.009356260299683
38.978360507 -64.34305591881275 -19.228711932897568 30.009474515914917
38.998648526 -64.4119874984026 -19.248718112707138 30.009649991989136
39.018455112 -64.45799274742603 -19.2620447576046 30.009779691696167
39.038366787 -64.52706165611744 -19.28201660513878 30.009962797164917
39.058387677 -64.57317371666431 -19.295362323522568 30.01009249687195
39.078418114 -64.64234943687916 -19.315364688634872 30.010332822799683
39.098595745 -64.6884767562151 -19.328691333532333 30.010523557662964
39.118406454 -64.75768299400806 -19.348663181066513 30.01083254814148
39.138361877 -64.8038332015276 -19.361970752477646 30.011091947555542
39.158328394 -64.87306232750416 -19.38190445303917 30.011488676071167
39.178422254 -64.91922016441822 -19.39517769217491 30.011751890182495
39.198449625 -64.98848743736744 -19.415042728185654 30.012137174606323
39.218447009 -65.03468342125416 -19.42827209830284 30.012404203414917
39.238372541 -65.10399647057056 -19.44809326529503 30.012835264205933
39.258353636 -65.15022297203541 -19.461303561925888 30.01311755180359
39.278363793 -65.21955128014088 -19.481103748083115 30.013556241989136
39.298543637 -65.26577015221119 -19.494293063879013 30.013842344284058
39.31838366 -65.33509083092213 -19.514060825109482 30.014246702194214
39.338390045 -65.38130970299244 -19.52722916007042 30.01452136039734
39.358346955 -65.45067615807056 -19.546960681676865 30.014918088912964
39.378366879 -65.496925547719 -19.560104221105576 30.015188932418823
39.398756354 -65.56627674400806 -19.579818576574326 30.015623807907104
39.418428821 -65.61251850426197 -19.5929716527462 30.015921354293823
39.438357226 -65.68187732994556 -19.61271271109581 30.01642870903015
39.458400301 -65.72811146080494 -19.625871509313583 30.016783475875854
39.478353081 -65.79743976891041 -19.64560303092003 30.01733660697937
39.498443735 -65.84363575279713 -19.658761829137802 30.017706632614136
39.518419558 -65.91291065514088 -19.678489536046982 30.01822543144226
39.538381221 -65.959083750844 -19.691634982824326 30.01853060722351
39.558337683 -66.02828235924244 -19.71135124564171 30.01895785331726
39.578349676 -66.07439441978931 -19.724471896886826 30.019213438034058
39.598537007 -66.14354725182056 -19.744117587804794 30.019572019577026
39.618391518 -66.18960590660572 -19.757184833288193 30.019827604293823
39.638361655 -66.25869770348072 -19.77677521109581 30.02023959159851
39.658380721 -66.30473347008228 -19.78981575369835 30.0205295085907
39.678360045 -66.3737794905901 -19.809383243322372 30.020994901657104
39.699155764 -66.41980762779713 -19.822440952062607 30.021319150924683
39.718398208 -66.48887653648853 -19.842046588659286 30.021837949752808
39.738352816 -66.53492756187916 -19.85511764883995 30.022215604782104
39.758334534 -66.60407276451588 -19.874738544225693 30.022825956344604
39.778345306 -66.65016956627369 -19.88781914114952 30.023245573043823
39.798538922 -66.71932239830494 -19.90744385123253 30.02389407157898
39.818388567 -66.76541920006275 -19.92055305838585 30.024306058883667
39.838476459 -66.83458729088306 -19.940223544836044 30.02486300468445
39.858382104 -66.880714610219 -19.95335754752159 30.025221586227417
39.8783512 -66.94990558922291 -19.97305855154991 30.02570605278015
39.898570503 -66.99602527916431 -19.986188739538193 30.02600359916687
39.918414214 -67.06520862877369 -20.005925983190536 30.026419401168823
39.938343857 -67.1113283187151 -20.01909050345421 30.026663541793823
39.958333893 -67.18050403892994 -20.038871616125107 30.02704882621765
39.978347441 -67.22662372887135 -20.052053302526474 30.027289152145386
39.998639229 -67.29579944908619 -20.071822971105576 30.027628660202026
40.018412916 -67.341896250844 -20.085019916296005 30.027865171432495
40.038416544 -67.41101856529713 -20.104801028966904 30.028246641159058
40.058388761 -67.45706959068775 -20.117973178625107 30.028490781784058
40.078356081 -67.52611561119556 -20.137733310461044 30.028795957565308
40.098609103 -67.5721437484026 -20.150903552770615 30.028982877731323
40.11839307 -67.64113636314869 -20.17065605521202 30.02923846244812
40.138371002 -67.68712635338306 -20.183830112218857 30.02939486503601
40.158365767 -67.7561037093401 -20.20360168814659 30.029608488082886
40.178342435 -67.80207844078541 -20.216802448034286 30.029730558395386
40.198521166 -67.87102527916431 -20.23662742972374 30.029886960983276
40.218405291 -67.91693134605885 -20.249877780675888 30.029955625534058
40.238384958 -67.98580189049244 -20.26976189017296 30.030062437057495
40.258359628 -68.03170795738697 -20.2830408513546 30.030104398727417
40.278376624 -68.10057087242603 -20.302970737218857 30.03014636039734
40.298587684 -68.1464845687151 -20.31625732779503 30.030169248580933
40.318408785 -68.21534748375416 -20.336191028356552 30.030131101608276
40.338381954 -68.26128406822681 -20.349483340978622 30.030131101608276
40.35834454 -68.33020801842213 -20.36942657828331 30.030096769332886
40.378360773 -68.37619037926197 -20.38271126151085 30.030047178268433
40.398937653 -68.44518299400806 -20.40262398123741 30.029967069625854
40.418392006 -68.49120350182056 -20.41588768362999 30.0299174785614
40.438365658 -68.56021900475025 -20.435775607824326 30.029844999313354
40.458384674 -68.60621662437916 -20.449031680822372 30.029803037643433
40.478358912 -68.67518635094166 -20.46891960501671 30.029757261276245
40.498606751 -68.72116108238697 -20.482175678014755 30.029738187789917
40.518394629 -68.79011555016041 -20.502052158117294 30.029722929000854
40.538374936 -68.83608265221119 -20.515298694372177 30.02972674369812
40.558340138 -68.90503711998463 -20.53515800833702 30.029757261276245
40.57835866 -68.95100422203541 -20.548393100500107 30.0297954082489
40.598661471 -69.01994343101978 -20.56823143362999 30.02987551689148
40.618388191 -69.06588001549244 -20.581445544958115 30.029940366744995
40.63835359 -69.13481159508228 -20.601268619298935 30.03003191947937
40.658431059 -69.18077869713306 -20.61448273062706 30.030096769332886
40.678356403 -69.24972553551197 -20.634248584508896 30.030195951461792
40.698468154 -69.29569263756275 -20.647422641515732 30.03026843070984
40.718400254 -69.36457081139088 -20.667157977819443 30.03039813041687
40.738380788 -69.41046924889088 -20.680307239294052 30.030482053756714
40.758357194 -69.47929401695728 -20.70001968741417 30.030623197555542
40.778340709 -69.52513141930103 -20.71314987540245 30.03073763847351
40.798492873 -69.59388752281666 -20.73284325003624 30.030909299850464
40.818458271 -69.63970966637135 -20.745967715978622 30.03103518486023
40.838375571 -69.70841999351978 -20.76564010977745 30.031229734420776
40.858388317 -69.75422687828541 -20.778751224279404 30.031359434127808
40.878357195 -69.82286854088306 -20.79848274588585 30.03155779838562
40.898474821 -69.86861439049244 -20.81163963675499 30.03168749809265
40.918410995 -69.93721790611744 -20.831382602453232 30.031874418258667
40.938372392 -69.98291797935963 -20.844560474157333 30.03195071220398
40.958332678 -70.05148334801197 -20.864322513341904 30.03206515312195
40.978340854 -70.09715290367603 -20.877502292394638 30.03209948539734
40.998472746 -70.1656496077776 -20.897268146276474 30.032130002975464
41.018454105 -70.2113039046526 -20.91044792532921 30.03213381767273
41.038366096 -70.27977009117603 -20.930221408605576 30.032145261764526
41.058388928 -70.32540912926197 -20.943405002355576 30.032145261764526
41.078346699 -70.39386005699635 -20.963188022375107 30.03210711479187
41.098497274 -70.43951435387135 -20.97638115286827 30.032068967819214
41.118397678 -70.50801105797291 -20.996185153722763 30.031996488571167
41.138371167 -70.5537111312151 -21.009403079748154 30.031912565231323
41.15837124 -70.62229938805103 -21.029231876134872 30.0317599773407
41.178362985 -70.66805286705494 -21.04245361685753 30.031599760055542
41.198499585 -70.73672504723072 -21.062278598546982 30.031294584274292
41.218401033 -70.78250904381275 -21.075490802526474 30.03108859062195
41.238347901 -70.85120411217213 -21.095336765050888 30.030802488327026
41.258371696 -70.89700336754322 -21.108573764562607 30.030611753463745
41.278412295 -70.9656984359026 -21.128408282995224 30.03031039237976
41.298463667 -71.01149769127369 -21.141631931066513 30.030096769332886
41.318409669 -71.08018513023853 -21.161470264196396 30.02976107597351
41.33837368 -71.12599201500416 -21.174686282873154 30.029467344284058
41.35833538 -71.1947023421526 -21.19450554251671 30.029043912887573
41.378380975 -71.24052448570728 -21.207713931798935 30.02876925468445
41.398475048 -71.30923481285572 -21.227510303258896 30.028338193893433
41.418391934 -71.35504169762135 -21.24070343375206 30.028063535690308
41.438350296 -71.42371387779713 -21.260433048009872 30.02754855155945
41.458395644 -71.46949024498463 -21.273559421300888 30.02719759941101
41.478357043 -71.53814716637135 -21.293208926916122 30.026636838912964
41.498473538 -71.58390827476978 -21.30628952383995 30.026259183883667
41.518449443 -71.65254230797291 -21.325883716344833 30.02570605278015
41.538351813 -71.69829578697681 -21.338910907506943 30.02530550956726
41.558358211 -71.76692982017994 -21.358444064855576 30.024744749069214
41.578358029 -71.81269855797291 -21.37144646048546 30.02438235282898
41.598479285 -71.88136310875416 -21.390939563512802 30.02387499809265
41.618432362 -71.92714710533619 -21.403936237096786 30.023566007614136
41.638355074 -71.99588795006275 -21.4234159886837 30.023150205612183
41.658406739 -72.04171772301197 -21.43640312552452 30.022894620895386
41.67836128 -72.11048145592213 -21.455880969762802 30.022555112838745
41.698461674 -72.15631885826588 -21.46884712576866 30.0223605632782
41.718473475 -72.22509022057056 -21.488294452428818 30.02213168144226
41.738365341 -72.27093525230885 -21.501247256994247 30.02203631401062
41.758374977 -72.33971424400806 -21.520654529333115 30.021929502487183
41.778374397 -72.38555927574635 -21.53355774283409 30.021902799606323
41.798495573 -72.45436115562916 -21.552867740392685 30.02192187309265
41.818427774 -72.50023670494556 -21.565732806921005 30.02194857597351
41.838510005 -72.5690691024065 -21.584979861974716 30.0219943523407
41.858409474 -72.6149675399065 -21.597804874181747 30.02204394340515
41.87838537 -72.6838380843401 -21.617030948400497 30.02212405204773
41.898596132 -72.72977466881275 -21.629854053258896 30.02219271659851
41.91844441 -72.79869098961353 -21.64908966422081 30.022310972213745
41.93837814 -72.84464283287525 -21.661910861730576 30.022425413131714
41.958360132 -72.91359730064869 -21.681163638830185 30.02261233329773
41.978384355 -72.959572032094 -21.694009631872177 30.022738218307495
41.998492438 -73.02861805260181 -21.71330437064171 30.022928953170776
42.01842258 -73.07464618980885 -21.72617706656456 30.023058652877808
42.038377193 -73.14370746910572 -21.745488971471786 30.023253202438354
42.058394517 -73.18975086510181 -21.758380740880966 30.023394346237183
42.078359803 -73.25883503258228 -21.777740329504013 30.023611783981323
42.098457455 -73.30490131676197 -21.79064354300499 30.023741483688354
42.118396851 -73.3740007430315 -21.81000503897667 30.023932218551636
42.138392772 -73.42006702721119 -21.822913974523544 30.023993253707886
42.158370673 -73.48917408287525 -21.842267841100693 30.024080991744995
42.178371962 -73.535255625844 -21.85517105460167 30.024126768112183
42.199121233 -73.60442371666431 -21.874528735876083 30.024149656295776
42.218395412 -73.65055103600025 -21.887454837560654 30.024168729782104
42.238388168 -73.71975727379322 -21.906869739294052 30.024237394332886
42.258357991 -73.76593036949635 -21.91983589529991 30.02426791191101
42.278376787 -73.83516712486744 -21.939296573400497 30.024344205856323
42.298419035 -73.88134022057056 -21.952302783727646 30.02437472343445
42.318467053 -73.95059223473072 -21.971828311681747 30.02441668510437
42.338379061 -73.99675770103931 -21.984863132238388 30.0244243144989
42.358343922 -74.06599445641041 -22.004413455724716 30.02441668510437
42.378383189 -74.11214466392994 -22.01745018362999 30.024420499801636
42.398471356 -74.18134327232838 -22.03696236014366 30.024386167526245
42.418456487 -74.22747059166431 -22.04996284842491 30.02435564994812
42.438394718 -74.29664631187916 -22.06945213675499 30.02432131767273
42.458379117 -74.3427507430315 -22.082406848669052 30.024275541305542
42.478381368 -74.41188831627369 -22.101844638586044 30.024229764938354
42.498391711 -74.45797748863697 -22.11479553580284 30.024183988571167
42.518640522 -74.5270769149065 -22.134212344884872 30.02407717704773
42.538395897 -74.57313556969166 -22.147159427404404 30.024027585983276
42.558344674 -74.64220447838306 -22.16657242178917 30.023924589157104
42.578390955 -74.68824024498463 -22.179513782262802 30.023852109909058
42.598451259 -74.75727863609791 -22.198978275060654 30.023707151412964
42.618486816 -74.80330677330494 -22.21196922659874 30.023611783981323
42.638411953 -74.87236805260181 -22.231477588415146 30.023485898971558
42.65837487 -74.9184572249651 -22.24454101920128 30.02338671684265
42.678394269 -74.98759479820728 -22.264163821935654 30.02322268486023
42.698373272 -75.0336915999651 -22.27727684378624 30.02310824394226
42.718584867 -75.10285206139088 -22.296993106603622 30.022921323776245
42.738400118 -75.14895649254322 -22.310151904821396 30.022814512252808
42.75833796 -75.21816273033619 -22.329946368932724 30.022722959518433
42.778371001 -75.26429004967213 -22.34315475821495 30.023016691207886
42.798365865 -75.33345814049244 -22.36296448111534 30.024210691452026
42.81843775 -75.37950916588306 -22.37614044547081 30.02550768852234
42.838385371 -75.44847889244556 -22.39577278494835 30.028120756149292
42.858368442 -75.49435444176197 -22.408721774816513 30.030260801315308
42.878380275 -75.56300373375416 -22.427766650915146 30.03399157524109
42.89840659 -75.60863514244556 -22.440128177404404 30.036741971969604
42.918433616 -75.6768800765276 -22.45799431204796 30.04117465019226
42.938408868 -75.72225208580494 -22.46938881278038 30.04424548149109
42.958322103 -75.79004688560963 -22.48541435599327 30.048933744430542
42.978386911 -75.83507557213306 -22.495353549718857 30.052019834518433
42.998409628 -75.90235157310963 -22.509076923131943 30.056509733200073
43.018464378 -75.94697590172291 -22.517236560583115 30.05932879447937
43.038393031 -76.0136491805315 -22.528100818395615 30.0632426738739
43.05835358 -76.05789966881275 -22.53429588675499 30.065619230270386
43.078373638 -76.12394733726978 -22.542112201452255 30.06878924369812
43.098420697 -76.16776295006275 -22.54618439078331 30.070605039596558
43.118509134 -76.23316211998463 -22.550502628087997 30.07284426689148
43.138419751 -76.27657337486744 -22.552306979894638 30.07409930229187
43.158316009 -76.34131641685963 -22.552875369787216 30.075423002243042
43.178360535 -76.38428516685963 -22.55206474661827 30.075976133346558
43.198381773 -76.4484636336565 -22.549068301916122 30.076342344284058
43.218460384 -76.49103565514088 -22.54563507437706 30.07624316215515
43.238416624 -76.55464954674244 -22.538823932409286 30.075819730758667
43.258347231 -76.59687824547291 -22.53301414847374 30.075289487838745
43.278366065 -76.65997333824635 -22.52243599295616 30.074175596237183
43.298364136 -76.70188923180103 -22.514325946569443 30.073267698287964
43.318441959 -76.7645265609026 -22.500118106603622 30.07157015800476
43.338421857 -76.80613727867603 -22.48978790640831 30.07034182548523
43.358324522 -76.86835499107838 -22.47238716483116 30.06823992729187
43.378386595 -76.90970630943775 -22.459770053625107 30.066729307174683
43.398382877 -76.9715578109026 -22.439361423254013 30.06433367729187
43.418480834 -77.0126726180315 -22.424579471349716 30.062655210494995
43.438378443 -77.07417316734791 -22.40112480521202 30.060118436813354
43.458367875 -77.11505146324635 -22.384530872106552 30.05840563774109
43.478380235 -77.17621631920338 -22.358295291662216 30.055819272994995
43.498372859 -77.21688099205494 -22.340053409337997 30.05410647392273
43.518458867 -77.27777881920338 -22.311317294836044 30.051554441452026
43.53846116 -77.31830616295338 -22.29144462943077 30.04990267753601
43.558324301 -77.37899036705494 -22.260616153478622 30.04748797416687
43.578400517 -77.41942615807056 -22.23930534720421 30.045931577682495
43.598378081 -77.47993488609791 -22.206601947546005 30.043688535690308
43.618435911 -77.52024860680103 -22.184156268835068 30.0422580242157
43.638392575 -77.58064289391041 -22.149736255407333 30.040175199508667
43.658380045 -77.62088795006275 -22.12625488638878 30.038862943649292
43.678381855 -77.68124409019947 -22.090289920568466 30.037012815475464
43.698336596 -77.7214357405901 -22.065894931554794 30.035845518112183
43.718634181 -77.78177662193775 -22.028596729040146 30.0341899394989
43.738408291 -77.8219987899065 -22.0033720433712 30.033201932907104
43.758394986 -77.88233967125416 -21.965030521154404 30.03182864189148
43.778386192 -77.92264576256275 -21.939126819372177 30.03100848197937
43.798338992 -77.98308582603931 -21.899831622838974 30.02984881401062
43.818534525 -78.02342243492603 -21.873336642980576 30.02913546562195
43.83852435 -78.08399982750416 -21.833183139562607 30.028155088424683
43.858357294 -78.12437458336353 -21.806176990270615 30.02754855155945
43.878377629 -78.18502064049244 -21.76535591483116 30.026732206344604
43.898350838 -78.22544880211353 -21.737947314977646 30.026236295700073
43.918471254 -78.2862550765276 -21.69657501578331 30.02554202079773
43.938399922 -78.32680530846119 -21.66884407401085 30.025164365768433
43.958336055 -78.38766498863697 -21.627040714025497 30.024649381637573
43.97837808 -78.42832966148853 -21.599082797765732 30.02432894706726
43.99837692 -78.48928852379322 -21.556972354650497 30.023878812789917
44.018638783 -78.52994556725025 -21.52881035208702 30.02362322807312
44.038387524 -78.59096546471119 -21.486461490392685 30.02331042289734
44.05836502 -78.63161487877369 -21.458141177892685 30.02312731742859
44.078380345 -78.69267292320728 -21.415626376867294 30.022867918014526
44.098364156 -78.73336811363697 -21.38722214102745 30.022711515426636
44.118429716 -78.79438038170338 -21.344528049230576 30.022501707077026
44.13840199 -78.83502979576588 -21.31602653861046 30.02237582206726
44.158326183 -78.89595814049244 -21.273223727941513 30.022204160690308
44.17836026 -78.93659992516041 -21.24472412467003 30.022120237350464
44.198354004 -78.99748249351978 -21.20192512869835 30.02203631401062
44.218423566 -79.03804798424244 -21.173410266637802 30.02200198173523
44.238385095 -79.09886951744556 -21.130653232336044 30.021971464157104
44.25835413 -79.13937397301197 -21.102115482091904 30.021960020065308
44.278384681 -79.20012684166431 -21.059432834386826 30.0219943523407
44.298347629 -79.24058552086353 -21.030996173620224 30.02203631401062
44.31848381 -79.30119343101978 -20.98837074637413 30.022108793258667
44.338484095 -79.34161396324635 -20.960054248571396 30.022135496139526
44.358312626 -79.40215320885181 -20.917550891637802 30.022181272506714
44.378440088 -79.442482188344 -20.889251559972763 30.022207975387573
44.398392493 -79.50288410484791 -20.846786350011826 30.022242307662964
44.418447318 -79.54311390221119 -20.81852898001671 30.02228045463562
44.438408508 -79.60340137779713 -20.776206821203232 30.022387266159058
44.458358211 -79.64353962242603 -20.74797233939171 30.022467374801636
44.478369844 -79.70376606285572 -20.705779880285263 30.022616147994995
44.498354261 -79.74388141930103 -20.677665561437607 30.0227267742157
44.518464493 -79.80399341881275 -20.63551315665245 30.022902250289917
44.538410219 -79.84404011070728 -20.60751900076866 30.02297854423523
44.558342367 -79.90402241051197 -20.565494388341904 30.0230929851532
44.578393164 -79.94398517906666 -20.537521213293076 30.02316164970398
44.598359126 -80.0038835555315 -20.49563965201378 30.023241758346558
44.6184197 -80.04374714195728 -20.467710345983505 30.023287534713745
44.638385937 -80.10356159508228 -20.42595276236534 30.0233256816864
44.658388808 -80.14335651695728 -20.398027271032333 30.023356199264526
44.678377958 -80.20305652916431 -20.356313556432724 30.023409605026245
44.698369267 -80.24280567467213 -20.328504413366318 30.023451566696167
44.71845288 -80.30238361656666 -20.28678497672081 30.023512601852417
44.738387723 -80.34210224449635 -20.25906929373741 30.023573637008667
44.758339136 -80.40160389244556 -20.217447131872177 30.02365756034851
44.77838504 -80.44125385582447 -20.189708560705185 30.02371859550476
44.798348091 -80.50070209801197 -20.148130267858505 30.023810148239136
44.818489183 -80.5402833968401 -20.12037643790245 30.02386736869812
44.838409017 -80.59967060387135 -20.078897327184677 30.0239474773407
44.858380088 -80.63923664391041 -20.05123695731163 30.024000883102417
44.878371078 -80.69854755699635 -20.009736865758896 30.02405047416687
44.8983718 -80.73807545006275 -19.982175678014755 30.02407717704773
44.918532057 -80.79727192223072 -19.94067558646202 30.024115324020386
44.938403827 -80.83670826256275 -19.913123935461044 30.02413821220398
44.958347594 -80.89578266441822 -19.871764987707138 30.02417254447937
44.978382751 -80.93511982262135 -19.84424003958702 30.024210691452026
44.99840104 -80.99408741295338 -19.803008884191513 30.024279356002808
45.018463445 -81.03334827721119 -19.775483936071396 30.02432131767273
45.038408468 -81.09222431480885 -19.734340518712997 30.0243136882782
45.05837362 -81.13143177330494 -19.706893771886826 30.02429461479187
45.078387267 -81.19020099937916 -19.66569694876671 30.024298429489136
45.098365906 -81.229347422719 -19.638290256261826 30.024298429489136
45.118483958 -81.28799457848072 -19.59708771109581 30.0243022441864
45.138403719 -81.32703419029713 -19.56959518790245 30.024279356002808
45.158361658 -81.38553638756275 -19.528312534093857 30.02422595024109
45.178443008 -81.42448444664478 -19.50072655081749 30.024187803268433
45.198382248 -81.48284931480885 -19.459348529577255 30.024122953414917
45.218502363 -81.52171345055103 -19.431707233190536 30.024073362350464
45.23837998 -81.57997913658619 -19.39035400748253 30.023939847946167
45.258345809 -81.61879749596119 -19.362762302160263 30.023836851119995
45.278382121 -81.67699451744556 -19.321332782506943 30.0236918926239
45.298380721 -81.71580524742603 -19.29376396536827 30.02355456352234
45.318469622 -81.77397938072681 -19.252345889806747 30.023340940475464
45.338480003 -81.81276722252369 -19.22474655508995 30.02319598197937
45.358338799 -81.87092609703541 -19.18335708975792 30.022963285446167
45.378399736 -81.9096681624651 -19.1557157933712 30.022810697555542
45.39835594 -81.96778126060963 -19.114364475011826 30.022589445114136
45.418424025 -82.00652332603931 -19.08676704764366 30.02245593070984
45.438420763 -82.06461353600025 -19.045320361852646 30.022257566452026
45.458392207 -82.10331745445728 -19.017671436071396 30.022135496139526
45.478410345 -82.16134662926197 -18.9761560857296 30.02200198173523
45.49837876 -82.20005817711353 -18.948512881994247 30.021944761276245
45.518514466 -82.25807209312916 -18.90696319937706 30.021876096725464
45.538396165 -82.29674549400806 -18.87925323843956 30.02185320854187
45.558322752 -82.35476703941822 -18.837669223546982 30.021868467330933
45.578383668 -82.3934328109026 -18.809886783361435 30.021883726119995
45.598387326 -82.45145435631275 -18.768287509679794 30.02194094657898
45.618534338 -82.49012775719166 -18.74051460623741 30.021998167037964
45.64020386 -82.54811115562916 -18.698800891637802 30.022120237350464
45.660163737 -82.5867921859026 -18.671045154333115 30.0222384929657
45.680193032 -82.6447755843401 -18.629318088293076 30.02242159843445
45.700171162 -82.68341846764088 -18.601472705602646 30.02255892753601
45.720288098 -82.74134083092213 -18.55962547659874 30.022764921188354
45.740146542 -82.77993030846119 -18.531730502843857 30.0229709148407
45.760114453 -82.83779926598072 -18.489866107702255 30.02326464653015
45.780169285 -82.87635059654713 -18.461898654699326 30.023463010787964
45.800163377 -82.93415088951588 -18.419940799474716 30.023794889450073
45.820301581 -82.97264118492603 -18.39191421866417 30.02401614189148
45.840278724 -83.03032703697681 -18.349788516759872 30.024283170700073
45.860148806 -83.06874866783619 -18.32168373465538 30.024481534957886
45.880195248 -83.12630482017994 -18.279432147741318 30.024771451950073
45.900146111 -83.16462726891041 -18.251218646764755 30.024977445602417
45.920249315 -83.22206135094166 -18.20883736014366 30.0252902507782
45.940193207 -83.26032276451588 -18.180524677038193 30.02545428276062
45.96012767 -83.31761188805103 -18.13799461722374 30.025721311569214
45.980179646 -83.35578937828541 -18.109556049108505 30.025896787643433
46.00015358 -83.41294880211353 -18.066865772008896 30.02617907524109
46.020470161 -83.45101185142994 -18.03836616873741 30.026358366012573
46.040211452 -83.50804920494556 -17.995542377233505 30.026678800582886
46.060164672 -83.54603596031666 -17.9669950902462 30.026888608932495
46.080183936 -83.60299701988697 -17.92411407828331 30.027186155319214
46.100158044 -83.640968516469 -17.895519107580185 30.027376890182495
46.120998352 -83.69794483482838 -17.852617114782333 30.02764391899109
46.140203821 -83.73592396080494 -17.823972553014755 30.02779269218445
46.160116843 -83.79292316734791 -17.781059116125107 30.027987241744995
46.180183646 -83.8309328109026 -17.75241455435753 30.02810549736023
46.200196787 -83.88794727623463 -17.709396213293076 30.02826189994812
46.220327187 -83.92599506676197 -17.68071159720421 30.028326749801636
46.24027883 -83.9830324202776 -17.63758072257042 30.028448820114136
46.260166787 -84.02107258141041 -17.608836978673935 30.02847933769226
46.280183758 -84.07810993492603 -17.565650790929794 30.028460264205933
46.300144943 -84.11614246666431 -17.536844104528427 30.028414487838745
46.321211586 -84.173195078969 -17.493614047765732 30.028326749801636
46.340248214 -84.21122761070728 -17.464753955602646 30.028239011764526
46.360169661 -84.26835651695728 -17.4214685857296 30.02805209159851
46.380169074 -84.30645771324635 -17.392568439245224 30.02792239189148
46.400154659 -84.36361713707447 -17.349147647619247 30.027724027633667
46.420723027 -84.40176410973072 -17.32017692923546 30.02755618095398
46.440173636 -84.45899219810963 -17.27665314078331 30.02727770805359
46.460151765 -84.49717731773853 -17.247598499059677 30.02706789970398
46.480195989 -84.55448932945728 -17.203950732946396 30.026720762252808
46.500160409 -84.59269733726978 -17.174808353185654 30.02649188041687
46.520295622 -84.65003986656666 -17.131042331457138 30.026102781295776
46.540188769 -84.68827076256275 -17.10182175040245 30.02587389945984
46.560130072 -84.74569721519947 -17.057927936315536 30.02547335624695
46.580182236 -84.78398151695728 -17.028636783361435 30.02521014213562
46.600156913 -84.84142322838306 -16.98464760184288 30.02480959892273
46.620296698 -84.87973041832447 -16.95531639456749 30.024519681930542
46.640183702 -84.93719501793385 -16.911258548498154 30.024046659469604
46.660166644 -84.97550983726978 -16.881849139928818 30.02371859550476
46.680199938 -85.03299732506275 -16.83768829703331 30.02326464653015
46.700168441 -85.07131977379322 -16.808210223913193 30.022982358932495
46.720245321 -85.12884540855885 -16.763999789953232 30.02251696586609
46.740182632 -85.16719837486744 -16.73450455069542 30.0222270488739
46.760123272 -85.2247316390276 -16.690229266881943 30.02178454399109
46.780188681 -85.26308460533619 -16.66070732474327 30.021471738815308
46.800176973 -85.32060261070728 -16.616416782140732 30.020979642868042
46.820273595 -85.35895557701588 -16.586917728185654 30.020643949508667
46.840232374 -85.41645832359791 -16.542646259069443 30.020140409469604
46.86021331 -85.45479603111744 -16.513149112462997 30.01981234550476
46.880176005 -85.512306407094 -16.468902438879013 30.019362211227417
46.900141592 -85.550636485219 -16.439388126134872 30.019095182418823
46.920246609 -85.6081544905901 -16.39515671133995 30.018751859664917
46.94018009 -85.64650745689869 -16.365672916173935 30.018561124801636
46.960116046 -85.70404072105885 -16.321443408727646 30.0183207988739
46.980169805 -85.74247761070728 -16.29195961356163 30.018179655075073
47.000153705 -85.80012531578541 -16.247707217931747 30.017992734909058
47.020271221 -85.83858509361744 -16.21818718314171 30.017897367477417
47.040220561 -85.89627857506275 -16.173887103796005 30.01779055595398
47.060168593 -85.93476887047291 -16.14435562491417 30.017740964889526
47.080180336 -85.9925539046526 -16.100063174962997 30.01770281791687
47.100167774 -86.03108234703541 -16.070522159337997 30.01769518852234
47.12025215 -86.08894367516041 -16.026227802038193 30.017706632614136
47.140229415 -86.12751789391041 -15.996688693761826 30.017733335494995
47.160139937 -86.18537922203541 -15.952353328466415 30.017809629440308
47.180180051 -86.22395344078541 -15.922786563634872 30.017874479293823
47.200167014 -86.28174610435963 -15.878400653600693 30.01798129081726
47.22028731 -86.32022877037525 -15.84878620505333 30.018072843551636
47.240182438 -86.37792225182056 -15.804330676794052 30.0181987285614
47.260158327 -86.416359141469 -15.774672359228134 30.018294095993042
47.280174547 -86.473976328969 -15.730206340551376 30.018458127975464
47.300158302 -86.51236744225025 -15.700541347265244 30.0185763835907
47.320298836 -86.56993122398853 -15.65612205862999 30.01875948905945
47.340211663 -86.60829181969166 -15.626540035009384 30.01891589164734
47.360151352 -86.66580219566822 -15.582210391759872 30.01916003227234
47.38018315 -86.70411701500416 -15.552702754735947 30.01931643486023
47.400159576 -86.76152820885181 -15.508437007665634 30.019549131393433
47.420313927 -86.79975147545338 -15.478955119848251 30.019694089889526
47.440199678 -86.85702534019947 -15.434756129980087 30.019938230514526
47.460175851 -86.89517994225025 -15.405285686254501 30.020094633102417
47.480244958 -86.95233936607838 -15.361142963171005 30.020281553268433
47.500178061 -86.99041767418385 -15.331697314977646 30.020392179489136
47.52030437 -87.04750080406666 -15.287499278783798 30.020552396774292
47.540205178 -87.08556385338306 -15.258014529943466 30.020617246627808
47.5601239 -87.14262409508228 -15.213770717382431 30.020724058151245
47.580197781 -87.1806642562151 -15.18428310751915 30.02078890800476
47.600167772 -87.23772449791431 -15.14004310965538 30.020880460739136
47.620299226 -87.27577991783619 -15.110556453466415 30.020926237106323
47.64018547 -87.3328859359026 -15.066322177648544 30.02103304862976
47.660162861 -87.37095661461353 -15.0368193089962 30.021109342575073
47.680188049 -87.42811603844166 -14.992564052343369 30.021281003952026
47.700154839 -87.46621723473072 -14.96304401755333 30.02141833305359
47.720313158 -87.52339954674244 -14.91873249411583 30.021647214889526
47.740208065 -87.56154651939869 -14.889162868261337 30.021837949752808
47.760112872 -87.6187746077776 -14.844796985387802 30.02212405204773
47.780195666 -87.65693683922291 -14.81521400809288 30.022310972213745
47.800170056 -87.71418781578541 -14.770795673131943 30.022570371627808
47.820337482 -87.75235767662525 -14.741165965795517 30.02274203300476
47.840292217 -87.80957813560963 -14.69670757651329 30.022932767868042
47.860171979 -87.84771747887135 -14.66705498099327 30.023054838180542
47.880218949 -87.90493030846119 -14.622517436742783 30.023199796676636
47.900198778 -87.94306965172291 -14.592796176671982 30.023295164108276
47.920278031 -88.00029011070728 -14.548175662755966 30.023443937301636
47.940214765 -88.03844471275806 -14.518367618322372 30.023604154586792
47.960128899 -88.09566517174244 -14.473618358373642 30.023844480514526
47.980181181 -88.13380451500416 -14.443749278783798 30.024012327194214
48.000171842 -88.19100208580494 -14.398929446935654 30.02425265312195
48.020328856 -88.22911854088306 -14.369041293859482 30.024405241012573
48.040253723 -88.2862550765276 -14.324221462011337 30.024588346481323
48.060193172 -88.32432575523853 -14.294319957494736 30.02472186088562
48.080201703 -88.38140125572681 -14.249435275793076 30.02493166923523
48.100183218 -88.41942615807056 -14.21951088309288 30.02508044242859
48.120368732 -88.476417735219 -14.174630969762802 30.025309324264526
48.140231735 -88.51439686119556 -14.144717067480087 30.025450468063354
48.160140546 -88.57135029137135 -14.099845737218857 30.025660276412964
48.180213542 -88.60929889976978 -14.069934695959091 30.025801420211792
48.200164997 -88.66622944176197 -14.025050967931747 30.02600359916687
48.220255577 -88.70419330894947 -13.995122760534286 30.026137113571167
48.24023763 -88.76115436851978 -13.95020279288292 30.026331663131714
48.260187599 -88.79913349449635 -13.920249789953232 30.02645754814148
48.280168261 -88.85610981285572 -13.875303119421005 30.0266215801239
48.300216213 -88.89409656822681 -13.845295757055283 30.026716947555542
48.320331041 -88.95108814537525 -13.800283282995224 30.026854276657104
48.340244295 -88.98909778892994 -13.770261615514755 30.026934385299683
48.360163114 -89.04609699547291 -13.725246280431747 30.027052640914917
48.380166647 -89.08409138023853 -13.695251315832138 30.027113676071167
48.400169404 -89.14104481041431 -13.650265544652939 30.027205228805542
48.420283019 -89.17900104820728 -13.62027820944786 30.027270078659058
48.440254374 -89.23588581383228 -13.57530102133751 30.02737307548523
48.460227472 -89.27378864586353 -13.545312732458115 30.027445554733276
48.480210162 -89.33063526451588 -13.500325053930283 30.02756381034851
48.500184413 -89.368507578969 -13.47032055258751 30.02765917778015
48.520240092 -89.42530842125416 -13.425317615270615 30.027788877487183
48.540228846 -89.46315021812916 -13.395320743322372 30.027876615524292
48.56012849 -89.51989002525806 -13.350313991308212 30.027979612350464
48.580181098 -89.55770130455494 -13.320310443639755 30.028021574020386
48.600186531 -89.61442585289478 -13.275243610143661 30.02802538871765
48.620203903 -89.65224476158619 -13.245212405920029 30.028029203414917
48.640254673 -89.70895405113697 -13.200075954198837 30.028059720993042
48.660181426 -89.74675007164478 -13.169965595006943 30.028082609176636
48.680168949 -89.80342884361744 -13.12478432059288 30.028109312057495
48.700170267 -89.84117145836353 -13.094625324010849 30.028128385543823
48.720245979 -89.89776630699635 -13.049372524023056 30.028162717819214
48.740267689 -89.93547840416431 -13.019173473119736 30.028181791305542
48.760148914 -89.99205799400806 -12.973849147558212 30.0282084941864
48.780151473 -90.02979297935963 -12.943633884191513 30.02822756767273
48.800190752 -90.0864259749651 -12.898257106542587 30.028265714645386
48.820182485 -90.12419910728931 -12.868000835180283 30.028292417526245
48.840749696 -90.1808855086565 -12.82260212302208 30.028338193893433
48.860191591 -90.21873493492603 -12.792313426733017 30.02834963798523
48.880188022 -90.2755128890276 -12.746922343969345 30.028368711471558
48.900199253 -90.31340046226978 -12.716671794652939 30.028353452682495
48.920208743 -90.37026996910572 -12.67133030295372 30.028311491012573
48.940249544 -90.40821094810963 -12.641123622655869 30.028284788131714
48.96012836 -90.46514149010181 -12.595845073461533 30.028185606002808
48.980156878 -90.50310535728931 -12.56567844748497 30.028094053268433
49.000176654 -90.56005115807056 -12.520484775304794 30.027830839157104
49.020176232 -90.59803028404713 -12.490383952856064 30.02762484550476
49.040230128 -90.65499897301197 -12.445275157690048 30.02731204032898
49.060173044 -90.69298572838306 -12.415234416723251 30.02704119682312
49.080160933 -90.74996204674244 -12.370208591222763 30.026659727096558
49.100168788 -90.78793354332447 -12.340223163366318 30.0263774394989
49.120170325 -90.84488697350025 -12.295272678136826 30.0258891582489
49.14038616 -90.88285084068775 -12.265326350927353 30.02558398246765
49.160133774 -90.93977375328541 -12.220454066991806 30.02505373954773
49.180150406 -90.97772236168385 -12.190565913915634 30.024698972702026
49.200176993 -91.03459949791431 -12.145749896764755 30.024046659469604
49.220171022 -91.07250232994556 -12.115877002477646 30.02358889579773
49.240380492 -91.12933368980885 -12.071085780858994 30.022894620895386
49.260221287 -91.16717548668385 -12.041208118200302 30.0223491191864
49.280187711 -91.22395344078541 -11.996394962072372 30.02151370048523
49.300176645 -91.26178760826588 -11.966505855321884 30.020922422409058
49.320263124 -91.31853504478931 -11.92164596915245 30.020006895065308
49.340734083 -91.35637684166431 -11.891743510961533 30.019407987594604
49.360199447 -91.41316242516041 -11.846829265356064 30.018481016159058
49.380146555 -91.451027110219 -11.816870540380478 30.017889738082886
49.400178367 -91.50785084068775 -11.771903842687607 30.01705050468445
49.420153257 -91.54573078453541 -11.74192413687706 30.016520261764526
49.440216681 -91.60254688560963 -11.696957439184189 30.015822172164917
49.460178637 -91.64038868248463 -11.66692242026329 30.015387296676636
49.480165541 -91.6971437484026 -11.621898502111435 30.0147922039032
49.500181709 -91.73497791588306 -11.591888278722763 30.0144259929657
49.520165179 -91.79170246422291 -11.546909183263779 30.013930082321167
49.54031328 -91.82952137291431 -11.516946643590927 30.013628721237183
49.560124928 -91.88623829185963 -11.47201618552208 30.013201475143433
49.580151813 -91.9240495711565 -11.442067950963974 30.01294207572937
49.600178293 -91.98078174889088 -11.397154659032822 30.012591123580933
49.620144077 -92.01861591637135 -11.36718925833702 30.012369871139526
49.640274575 -92.07535572350025 -11.322254985570908 30.012083768844604
49.6602056 -92.11316700279713 -11.292293399572372 30.011908292770386
49.680150391 -92.16986866295338 -11.247364848852158 30.01167941093445
49.700168475 -92.2076417952776 -11.21739849448204 30.011549711227417
49.720167623 -92.26427479088306 -11.172432750463486 30.011378049850464
49.74029351 -92.30202503502369 -11.142468303442001 30.01123309135437
49.760181498 -92.35860462486744 -11.09751495718956 30.0110080242157
49.780243045 -92.39630909264088 -11.067559093236923 30.010908842086792
49.800180075 -92.45285053551197 -11.022653430700302 30.010817289352417
49.820137322 -92.49052448570728 -10.992701381444931 30.01074481010437
49.84038368 -92.54705066978931 -10.947794765233994 30.010687589645386
49.860199843 -92.58472461998463 -10.917855113744736 30.0106418132782
49.880185313 -92.64122028648853 -10.872948497533798 30.010565519332886
49.900185183 -92.67889423668385 -10.843028873205185 30.01052737236023
49.920158677 -92.73543567955494 -10.798120349645615 30.010462522506714
49.940358911 -92.77314014732838 -10.768221706151962 30.010462522506714
49.96015616 -92.82971973717213 -10.723378032445908 30.01045870780945
49.980149153 -92.86745472252369 -10.693497508764267 30.010477781295776
50.000182527 -92.92410297691822 -10.648706287145615 30.010538816452026
50.020159106 -92.96192951500416 -10.618800014257431 30.010557889938354
50.040285378 -93.01871509850025 -10.573966830968857 30.010634183883667
50.060202331 -93.05661030113697 -10.54407200217247 30.01068377494812
50.080139694 -93.11351795494556 -10.499247401952744 30.0107524394989
50.100164448 -93.15148182213306 -10.469387859106064 30.01080584526062
50.12015623 -93.20848865807056 -10.424553722143173 30.01085925102234
50.140319043 -93.24651356041431 -10.394675105810165 30.0108859539032
50.160192561 -93.30357380211353 -10.349874347448349 30.01094698905945
50.180151839 -93.34163685142994 -10.31998810172081 30.010992765426636
50.200188923 -93.39875049889088 -10.275220721960068 30.011095762252808
50.220193329 -93.43684406578541 -10.245388835668564 30.01117205619812
50.240341181 -93.4940187484026 -10.200682491064072 30.01132082939148
50.260202335 -93.53216572105885 -10.170893520116806 30.011420011520386
50.280177461 -93.58940906822681 -10.126233905553818 30.011542081832886
50.300194482 -93.62758655846119 -10.09648784995079 30.01162600517273
50.32015495 -93.684913828969 -10.051922649145126 30.011751890182495
50.34043076 -93.7231447249651 -10.022247165441513 30.011885404586792
50.3601861 -93.78051014244556 -9.97778782248497 30.0120952129364
50.380143943 -93.81877918541431 -9.948160976171494 30.01220202445984
50.400180637 -93.8761980086565 -9.90375503897667 30.012346982955933
50.420152778 -93.91448993980885 -9.874164432287216 30.012430906295776
50.440244892 -93.97197742760181 -9.829805225133896 30.01257586479187
50.460203263 -94.01030750572681 -9.800257533788681 30.01267123222351
50.480153499 -94.06782551109791 -9.755943149328232 30.01281237602234
50.500178337 -94.1061784774065 -9.726422160863876 30.012919187545776
50.520162164 -94.16371174156666 -9.6821468770504 30.013048887252808
50.540257544 -94.20207996666431 -9.652637332677841 30.013163328170776
50.560193792 -94.25962848961353 -9.608386844396591 30.013331174850464
50.580192534 -94.29800434410572 -9.5788753926754 30.013418912887573
50.600191154 -94.35559864342213 -9.534620136022568 30.0135600566864
50.620155611 -94.39400501549244 -9.50510773062706 30.013663053512573
50.640311 -94.4516374617815 -9.460821002721786 30.01386523246765
50.660195825 -94.49006672203541 -9.431303828954697 30.01401400566101
50.680152507 -94.54775257408619 -9.386936038732529 30.014219999313354
50.700176045 -94.58621998131275 -9.357355922460556 30.014342069625854
50.720191937 -94.64395160973072 -9.31298241019249 30.01452136039734
50.740331732 -94.68244953453541 -9.283411830663681 30.014620542526245
50.760194074 -94.74021930992603 -9.239073604345322 30.01474642753601
50.780195423 -94.77874012291431 -9.209529727697372 30.014796018600464
50.800187718 -94.836525157094 -9.165245860815048 30.01486086845398
50.820171554 -94.87504597008228 -9.135739177465439 30.014891386032104
50.840274152 -94.9328386336565 -9.091502994298935 30.014864683151245
50.860225752 -94.97136707603931 -9.062030643224716 30.01486086845398
50.880169213 -95.02920551598072 -9.017811626195908 30.01482653617859
50.900182765 -95.06778736412525 -8.98834976553917 30.01479983329773
50.920171519 -95.12567920982838 -8.944187968969345 30.014769315719604
50.940239752 -95.16431446373463 -8.914790958166122 30.01477313041687
50.960158959 -95.22227497398853 -8.870746463537216 30.0147922039032
50.980149613 -95.26093311607838 -8.841431468725204 30.01479983329773
51.000177814 -95.31891651451588 -8.797499507665634 30.014811277389526
51.020195773 -95.35758228600025 -8.76824077963829 30.014811277389526
51.040268031 -95.41558857262135 -8.724377483129501 30.014830350875854
51.060193505 -95.45426197350025 -8.695154994726181 30.014849424362183
51.080171587 -95.51235218346119 -8.651352733373642 30.014849424362183
51.100185469 -95.55109424889088 -8.622158855199814 30.014849424362183
51.120208871 -95.60921497642994 -8.578385204076767 30.014857053756714
51.140275939 -95.64797230064869 -8.549202769994736 30.01483416557312
51.160189882 -95.70611591637135 -8.505455821752548 30.014822721481323
51.180166615 -95.74488849937916 -8.476311534643173 30.014815092086792
51.200213754 -95.80306263267994 -8.43261894583702 30.014815092086792
51.220178284 -95.84184284508228 -8.403504222631454 30.01482653617859
51.240336495 -95.90001697838306 -8.35990223288536 30.014891386032104
51.260242546 -95.93878956139088 -8.330850452184677 30.01494860649109
51.280167987 -95.99690265953541 -8.287291377782822 30.015013456344604
51.300175819 -96.0356218367815 -8.258264392614365 30.015059232711792
51.320171634 -96.09366627037525 -8.214741557836533 30.015135526657104
51.34025153 -96.13233204185963 -8.185767978429794 30.015230894088745
51.360255838 -96.19030018150806 -8.142343372106552 30.015394926071167
51.380157879 -96.22892017662525 -8.113427966833115 30.0155131816864
51.400224585 -96.28682728111744 -8.070104449987411 30.01571536064148
51.420183509 -96.32542438805103 -8.04124340415001 30.015860319137573
51.440222608 -96.38329334557056 -7.998015254735947 30.016031980514526
51.460255105 -96.42185993492603 -7.9692204892635345 30.016161680221558
51.480169896 -96.47969074547291 -7.926075786352158 30.016375303268433
51.500207648 -96.51822681725025 -7.897356361150742 30.016524076461792
51.520177407 -96.576027110219 -7.854287952184677 30.016764402389526
51.540273074 -96.61454792320728 -7.825628608465195 30.01696276664734
51.560204757 -96.67231006920338 -7.782667487859726 30.017271757125854
51.580184501 -96.71082325279713 -7.754052966833115 30.0174777507782
51.600207774 -96.76859302818775 -7.711140960454941 30.01778292655945
51.620188142 -96.80709858238697 -7.682544559240341 30.017988920211792
51.640280421 -96.86488361656666 -7.639645904302597 30.018297910690308
51.660215674 -96.903419688344 -7.611062377691269 30.018492460250854
51.680157267 -96.96124286949635 -7.568213790655136 30.018755674362183
51.700228582 -96.99981708824635 -7.539661258459091 30.018893003463745
51.720201415 -97.05767078697681 -7.496829837560654 30.019083738327026
51.740240828 -97.09625263512135 -7.4682649075984955 30.019232511520386
51.760214664 -97.15411396324635 -7.425450176000595 30.019449949264526
51.780164839 -97.19268818199635 -7.396919101476669 30.019610166549683
51.800193659 -97.25052662193775 -7.3541363179683685 30.019869565963745
51.820202173 -97.28907032310963 -7.325625270605087 30.020045042037964
51.840368032 -97.34684009850025 -7.282894462347031 30.020312070846558
51.86022153 -97.38534565269947 -7.254418700933456 30.020495176315308
51.880167834 -97.44307728111744 -7.211719363927841 30.020796537399292
51.90017936 -97.48155994713306 -7.183231204748154 30.020987272262573
51.92019415 -97.53926868736744 -7.140484660863876 30.0212504863739
51.940241793 -97.57772846519947 -7.111959785223007 30.021380186080933
51.960547853 -97.63542957603931 -7.069139808416367 30.021536588668823
51.980225666 -97.67389698326588 -7.0405867993831635 30.021620512008667
52.000194104 -97.73157520592213 -6.997706741094589 30.021681547164917
52.020186949 -97.7700197249651 -6.969107955694199 30.021715879440308
52.040272726 -97.82765980064869 -6.926201194524765 30.02173113822937
52.060247891 -97.86607380211353 -6.8975909650325775 30.0217387676239
52.080201173 -97.92365284264088 -6.85466656088829 30.021746397018433
52.100204536 -97.96199055016041 -6.826020568609238 30.021734952926636
52.120188569 -98.01947803795338 -6.783036559820175 30.021719694137573
52.140234866 -98.05776996910572 -6.754346698522568 30.021692991256714
52.160238398 -98.11517353355885 -6.711267322301865 30.021654844284058
52.180184031 -98.15342731773853 -6.682545036077499 30.021654844284058
52.200162353 -98.21083088219166 -6.6394356191158295 30.021654844284058
52.220179691 -98.24910755455494 -6.6107037961483 30.021651029586792
52.240246321 -98.30654163658619 -6.567621558904648 30.021631956100464
52.260234421 -98.34481830894947 -6.538912624120712 30.02160906791687
52.280202843 -98.40224476158619 -6.495858997106552 30.0216166973114
52.300168947 -98.440529063344 -6.467156261205673 30.0216281414032
52.320183249 -98.49794025719166 -6.42411932349205 30.02164340019226
52.340287309 -98.53620930016041 -6.395427078008652 30.0216281414032
52.360202386 -98.59361286461353 -6.35238441824913 30.021570920944214
52.380188781 -98.63188953697681 -6.323696941137314 30.021517515182495
52.400189995 -98.68933887779713 -6.280619949102402 30.021414518356323
52.42017717 -98.72766895592213 -6.251898139715195 30.021349668502808
52.440320726 -98.78517933189869 -6.208809703588486 30.021292448043823
52.460239105 -98.82356281578541 -6.180053561925888 30.0212504863739
52.480180057 -98.88114948570728 -6.136922210454941 30.02120089530945
52.500171613 -98.91957111656666 -6.108159393072128 30.02117419242859
52.520196671 -98.97721882164478 -6.064980834722519 30.021132230758667
52.54024645 -99.01564808189869 -6.036191314458847 30.021109342575073
52.560197481 -99.07332630455494 -5.992944091558456 30.021044492721558
52.580195827 -99.11178608238697 -5.964129775762558 30.021029233932495
52.600235065 -99.16947193443775 -5.920900195837021 30.020994901657104
52.620174838 -99.20793934166431 -5.892070144414902 30.02097201347351
52.640205201 -99.26564045250416 -5.848812431097031 30.020922422409058
52.660395092 -99.30410785973072 -5.819942325353622 30.020865201950073
52.680189076 -99.36182422935963 -5.776642173528671 30.020758390426636
52.700153744 -99.40031452476978 -5.747761100530624 30.02065920829773
52.72019035 -99.45806904137135 -5.704441398382187 30.020472288131714
52.740240327 -99.49656696617603 -5.675574153661728 30.020342588424683
52.760186102 -99.55434437096119 -5.632284492254257 30.02010226249695
52.78018014 -99.59288807213306 -5.603443473577499 30.019942045211792
52.800165254 -99.65074940025806 -5.560213893651962 30.019697904586792
52.820187305 -99.68935413658619 -5.531390994787216 30.01950716972351
52.840195991 -99.74726124107838 -5.488180488348007 30.01923632621765
52.860260316 -99.78588123619556 -5.459383338689804 30.019030332565308
52.88019724 -99.84381885826588 -5.416201442480087 30.018755674362183
52.900163583 -99.88245411217213 -5.387406677007675 30.018572568893433
52.920181574 -99.94043751060963 -5.34423241019249 30.018297910690308
52.940148271 -99.97909565269947 -5.315464347600937 30.018091917037964
52.960191474 -100.0371095687151 -5.2723468244075775 30.017767667770386
52.980205072 -100.07579059898853 -5.243620723485947 30.017561674118042
53.000166758 -100.13381214439869 -5.200558990240097 30.01727557182312
53.020162381 -100.17250080406666 -5.171859115362167 30.01708483695984
53.040153559 -100.23053760826588 -5.128823131322861 30.0168559551239
53.060406878 -100.26923389732838 -5.100137561559677 30.016722440719604
53.080244207 -100.32725544273853 -5.057123512029648 30.016505002975464
53.100164436 -100.36592121422291 -5.028461784124374 30.0163676738739
53.120203886 -100.42388935387135 -4.985521167516708 30.016188383102417
53.140201046 -100.46251697838306 -4.95691904425621 30.01605486869812
53.1602147 -100.52042408287525 -4.914048045873642 30.01586413383484
53.180187001 -100.55899830162525 -4.885475963354111 30.01574969291687
53.200180876 -100.61683674156666 -4.842634528875351 30.015589475631714
53.220175888 -100.65534229576588 -4.814074367284775 30.015475034713745
53.240181935 -100.71308918297291 -4.771256297826767 30.01526141166687
53.260312409 -100.75155659019947 -4.742719978094101 30.015116453170776
53.280209365 -100.80921955406666 -4.699905246496201 30.014910459518433
53.300162484 -100.84764881432056 -4.671373218297958 30.0147922039032
53.320169972 -100.90528126060963 -4.628551334142685 30.014540433883667
53.340308791 -100.94371815025806 -4.600005954504013 30.01435351371765
53.360232156 -101.00137348473072 -4.557196468114853 30.014071226119995
53.380190908 -101.03981037437916 -4.528658717870712 30.01389193534851
53.400170382 -101.09744282066822 -4.485855907201767 30.01364016532898
53.420195095 -101.13582630455494 -4.457313388586044 30.013445615768433
53.440261184 -101.19339008629322 -4.414519160985947 30.013167142868042
53.460254547 -101.23175831139088 -4.385984271764755 30.012987852096558
53.480230005 -101.28931446373463 -4.34318146109581 30.012720823287964
53.500159211 -101.32768268883228 -4.314658492803574 30.012560606002808
53.520180208 -101.38527698814869 -4.271866172552109 30.01226305961609
53.540169318 -101.42369861900806 -4.243335098028183 30.012083768844604
53.560447434 -101.48136158287525 -4.200532287359238 30.011831998825073
53.580195466 -101.51988239586353 -4.17196449637413 30.01163363456726
53.600213152 -101.57769031822681 -4.12911257147789 30.0113742351532
53.620168733 -101.61626453697681 -4.1005280911922455 30.011202573776245
53.640172115 -101.67415638267994 -4.057667106389999 30.010985136032104
53.660482554 -101.71278400719166 -4.029088348150253 30.010851621627808
53.68023454 -101.77079792320728 -3.986214965581894 30.01068377494812
53.700286748 -101.80948658287525 -3.9576400220394135 30.01059603691101
53.720191957 -101.86763019859791 -3.914764016866684 30.010470151901245
53.740174854 -101.90641804039478 -3.8861840665340424 30.010355710983276
53.760253786 -101.96465320885181 -3.843318074941635 30.01020312309265
53.780185852 -102.00356312096119 -3.814724773168564 30.01010775566101
53.800197016 -102.06194324791431 -3.77185782790184 30.010008573532104
53.820194995 -102.10090656578541 -3.7432866990566254 30.00995135307312
53.840270074 -102.15938587486744 -3.7004514634609222 30.009871244430542
53.860258302 -102.1983644515276 -3.6719139516353607 30.009840726852417
53.8802365 -102.25694294273853 -3.6290849149227142 30.00984835624695
53.900183052 -102.29597492516041 -3.600548356771469 30.009894132614136
53.920193001 -102.35459919273853 -3.557717889547348 30.00998568534851
53.940170704 -102.39370746910572 -3.529171794652939 30.01004672050476
53.960266994 -102.4523927718401 -3.486360877752304 30.010176420211792
53.980199183 -102.49156208336353 -3.4578250348567963 30.010267972946167
54.000180916 -102.55031605064869 -3.415036290884018 30.010420560836792
54.020163075 -102.58950825035572 -3.386505216360092 30.010531187057495
54.040160611 -102.64830799400806 -3.343688815832138 30.010664701461792
54.060281141 -102.6875001937151 -3.315149873495102 30.010767698287964
54.08019697 -102.7463380843401 -3.272305816411972 30.010878324508667
54.100178896 -102.78556843101978 -3.2437373101711273 30.01094698905945
54.120187287 -102.84441395103931 -3.2008775174617767 30.01104998588562
54.14016863 -102.88365955650806 -3.172287553548813 30.011091947555542
54.16026764 -102.94248981773853 -3.129432290792465 30.011183500289917
54.180196932 -102.98171253502369 -3.100843995809555 30.011229276657104
54.20016707 -103.0405275374651 -3.057981103658676 30.011339902877808
54.220175211 -103.07973499596119 -3.029407352209091 30.011412382125854
54.2401554 -103.13854236900806 -2.9865432679653168 30.011473417282104
54.260641487 -103.1777345687151 -2.9579754769802094 30.011526823043823
54.280194812 -103.23651905357838 -2.9151476323604584 30.0116183757782
54.300257464 -103.27570362389088 -2.8866046369075775 30.011690855026245
54.320178854 -103.33445759117603 -2.8438049256801605 30.01181674003601
54.340188618 -103.373634532094 -2.8152593076229095 30.011908292770386
54.360299328 -103.43238849937916 -2.772469848394394 30.01205325126648
54.380248913 -103.47155018150806 -2.743957132101059 30.012129545211792
54.400185799 -103.53028889000416 -2.7012029588222504 30.01224398612976
54.420199983 -103.56944294273853 -2.672719329595566 30.012327909469604
54.440183064 -103.62816639244556 -2.62998303771019 30.01251482963562
54.460282602 -103.66731281578541 -2.6014975011348724 30.012640714645386
54.480252188 -103.72602863609791 -2.558751195669174 30.01279330253601
54.500208818 -103.76517505943775 -2.5302601754665375 30.01290774345398
54.520189761 -103.82389087975025 -2.487529844045639 30.013087034225464
54.540158174 -103.86306782066822 -2.459007829427719 30.013182401657104
54.560265032 -103.92183704674244 -2.41624054312706 30.013331174850464
54.58020844 -103.961036875844 -2.3877197206020355 30.013411283493042
54.600169503 -104.0198976546526 -2.344904989004135 30.01349139213562
54.620174262 -104.05914326012135 -2.3163653314113617 30.013548612594604
54.640170024 -104.11808796226978 -2.273493617773056 30.013476133346558
54.660280736 -104.15740223228931 -2.2448874413967133 30.013426542282104
54.680221307 -104.21640034019947 -2.201943725347519 30.013373136520386
54.700176577 -104.25572223961353 -2.1732986867427826 30.013338804244995
54.720188538 -104.31470508873463 -2.130302280187607 30.01327395439148
54.74016972 -104.35405750572681 -2.1015511453151703 30.013216733932495
54.760255595 -104.4130632430315 -2.0584095418453217 30.013148069381714
54.780224129 -104.45241566002369 -2.0295976102352142 30.013109922409058
54.800171152 -104.51141376793385 -1.9862843453884125 30.013052701950073
54.820176122 -104.55073566734791 -1.957395762205124 30.01302218437195
54.840169788 -104.60970325767994 -1.9139184653759003 30.01294207572937
54.860249197 -104.64899463951588 -1.8849124610424042 30.01290011405945
54.880206561 -104.70791645348072 -1.8413757979869843 30.012842893600464
54.900235589 -104.74717731773853 -1.8123080432415009 30.01276659965515
54.920191295 -104.80604572594166 -1.76871857047081 30.012667417526245
54.940170648 -104.84528370201588 -1.7396343648433685 30.012617826461792
54.960226277 -104.90410633385181 -1.6960279643535614 30.01256823539734
54.980188651 -104.94329853355885 -1.6669500768184662 30.01254153251648
55.000178506 -105.0020753890276 -1.6233151853084564 30.012499570846558
55.020203288 -105.04124470055103 -1.5942401587963104 30.012484312057495
55.040171099 -105.09999103844166 -1.5505809485912323 30.012423276901245
55.061067339 -105.13914509117603 -1.5214916169643402 30.012381315231323
55.080247711 -105.197853282094 -1.4778798520565033 30.012282133102417
55.100150196 -105.23696155846119 -1.4487936198711395 30.01214098930359
55.120232637 -105.29560108482838 -1.4052251279354095 30.011946439743042
55.140180777 -105.33467121422291 -1.3762087523937225 30.01180148124695
55.160271167 -105.39324207603931 -1.3327426612377167 30.011576414108276
55.180248567 -105.43226642906666 -1.30380579829216 30.01144289970398
55.20015933 -105.49080677330494 -1.2604350745677948 30.011168241500854
55.220212078 -105.52981586754322 -1.2315585315227509 30.011019468307495
55.240185198 -105.58832569420338 -1.188334435224533 30.01064944267273
55.260263004 -105.62731190025806 -1.1595635116100311 30.010409116744995
55.280191395 -105.6857683211565 -1.116463989019394 30.0100200176239
55.300162959 -105.72469349205494 -1.0877645909786224 30.009745359420776
55.320197972 -105.78304310142994 -1.0447714030742645 30.009390592575073
55.340188877 -105.82191486656666 -1.0161504447460175 30.009188413619995
55.360256406 -105.88018055260181 -0.9732911884784698 30.008929014205933
55.38022709 -105.91900654137135 -0.9447550475597382 30.008787870407104
55.400198197 -105.97720356285572 -0.9019958078861237 30.00858187675476
55.420251436 -106.01597614586353 -0.8734995424747467 30.008482694625854
55.440192302 -106.0740968734026 -0.8307691514492035 30.0084331035614
55.460302767 -106.1127931624651 -0.8022737801074982 30.0084331035614
55.480205868 -106.17082996666431 -0.7595703899860382 30.008471250534058
55.500157924 -106.20946522057056 -0.7311199009418488 30.008536100387573
55.520215411 -106.26740284264088 -0.6884765326976776 30.008681058883667
55.540198856 -106.30599994957447 -0.6600704491138458 30.008772611618042
55.560229168 -106.3638917952776 -0.6174720823764801 30.00894808769226
55.580230985 -106.40248127281666 -0.5890874564647675 30.00909686088562
55.60014825 -106.46035023033619 -0.546517938375473 30.00937533378601
55.620190345 -106.49893207848072 -0.5181417167186737 30.009573698043823
55.640165323 -106.55680866539478 -0.47558069229125977 30.009936094284058
55.660203444 -106.59536762535572 -0.4471686780452728 30.010180234909058
55.680248181 -106.65320606529713 -0.40456321835517883 30.01055407524109
55.70016804 -106.691749766469 -0.3761444687843323 30.01079821586609
55.720239629 -106.749611094594 -0.3334999978542328 30.011149168014526
55.740206965 -106.78820057213306 -0.3050774037837982 30.01134753227234
55.760228417 -106.84610004723072 -0.26240527629852295 30.011610746383667
55.780204749 -106.88471241295338 -0.2339574694633484 30.011786222457886
55.800173081 -106.94264240562916 -0.19122591614723206 30.012003660202026
55.820197626 -106.98127765953541 -0.16273921728134155 30.012144804000854
55.840277562 -107.03924579918385 -0.12000575661659241 30.012404203414917
55.860256331 -107.07791920006275 -0.09149405360221863 30.012537717819214
55.880212075 -107.13591785728931 -0.04874862730503082 30.012743711471558
55.900158744 -107.17459125816822 -0.020253680646419525 30.012861967086792
55.920212836 -107.23262043297291 0.022463244386017323 30.013018369674683
55.940170025 -107.27131672203541 0.05092298984527588 30.013121366500854
55.960258096 -107.32939167320728 0.09362968057394028 30.013235807418823
55.980214879 -107.36811847984791 0.12209346890449524 30.013304471969604
56.000178911 -107.42623157799244 0.16477827727794647 30.013392210006714
56.020194141 -107.46495838463306 0.1932229995727539 30.01345705986023
56.040179394 -107.523048594594 0.23587341606616974 30.013521909713745
56.060247591 -107.56178303062916 0.2642861604690552 30.0135600566864
56.080235308 -107.6198732405901 0.30686694383621216 30.013655424118042
56.100173366 -107.65860004723072 0.33521610498428345 30.013716459274292
56.120193789 -107.71672077476978 0.377677321434021 30.0138041973114
56.140199497 -107.75548572838306 0.40595772862434387 30.013872861862183
56.160775801 -107.81364460289478 0.44832032918930054 30.013968229293823
56.180274031 -107.85243244469166 0.4765391945838928 30.014044523239136
56.200176912 -107.91065998375416 0.5188323557376862 30.01418948173523
56.220176641 -107.94950886070728 0.5469917953014374 30.014269590377808
56.240211373 -108.0077898055315 0.5892024338245392 30.014391660690308
56.260282133 -108.04666157066822 0.6173237860202789 30.01450228691101
56.28025145 -108.10493488609791 0.6594802439212799 30.01464343070984
56.300168528 -108.14375324547291 0.6875604093074799 30.014742612838745
56.320244674 -108.20193500816822 0.7296724021434784 30.0149142742157
56.340192729 -108.24070759117603 0.7577400505542755 30.01505160331726
56.360226661 -108.29878254234791 0.7998293936252594 30.015272855758667
56.380252787 -108.33746357262135 0.8278613984584808 30.015421628952026
56.400202578 -108.39544697105885 0.8698746263980865 30.015642881393433
56.420169022 -108.43402881920338 0.8978794515132904 30.015795469284058
56.440189512 -108.49189777672291 0.9398814141750336 30.01604723930359
56.460172328 -108.53044910728931 0.9678871929645538 30.01623034477234
56.480251736 -108.58826465904713 1.009903460741043 30.01650881767273
56.500229101 -108.62680073082447 1.0379123985767365 30.016703367233276
56.520198279 -108.68460865318775 1.0799483358860016 30.017000913619995
56.5401827 -108.72315235435963 1.1079629957675934 30.01718783378601
56.56016981 -108.78092975914478 1.1499702036380768 30.017462491989136
56.580250717 -108.81945057213306 1.177990585565567 30.01763415336609
56.600176858 -108.87725086510181 1.2200429737567902 30.01788592338562
56.62016647 -108.91578693687916 1.2481272518634796 30.01802706718445
56.640199313 -108.97361774742603 1.2902715504169464 30.018263578414917
56.660210086 -109.01219196617603 1.3183943331241608 30.018404722213745
56.680242022 -109.0700685530901 1.3606013357639313 30.018538236618042
56.700196134 -109.10865803062916 1.3887410461902618 30.018606901168823
56.720208988 -109.16658039391041 1.4309833347797394 30.018664121627808
56.740193566 -109.20520801842213 1.4591259062290192 30.018641233444214
56.760166093 -109.26316852867603 1.5013149082660675 30.018587827682495
56.780463179 -109.30183430016041 1.5294268429279327 30.01853060722351
56.800200985 -109.35983295738697 1.5715766251087189 30.018484830856323
56.820214594 -109.39849109947681 1.5996568500995636 30.01842761039734
56.840184899 -109.45647449791431 1.6417588293552399 30.018297910690308
56.860158997 -109.49513264000416 1.6698053181171417 30.018194913864136
56.880268974 -109.5531007796526 1.7118693888187408 30.01800799369812
56.9001868 -109.59174366295338 1.7399074137210846 30.01788592338562
56.920176976 -109.6496583968401 1.781962662935257 30.01766085624695
56.940188055 -109.68824024498463 1.809982806444168 30.01754641532898
56.961250823 -109.74608631432056 1.8519963324069977 30.01737093925476
56.981339514 -109.78463001549244 1.8799776136875153 30.017218351364136
57.001232582 -109.84243793785572 1.9219242632389069 30.0169894695282
57.021476563 -109.880958750844 1.949864536523819 30.016825437545776
57.041240756 -109.93872852623463 1.9917528927326202 30.016566038131714
57.061269571 -109.97723408043385 2.0196687281131744 30.016409635543823
57.081256169 -110.03498096764088 2.0615278780460358 30.01618456840515
57.10119096 -110.07347889244556 2.089429050683975 30.01605486869812
57.121223188 -110.13124103844166 2.131272464990616 30.0158793926239
57.141237597 -110.16976185142994 2.159163862466812 30.015753507614136
57.161291921 -110.22755451500416 2.2009953558444977 30.015608549118042
57.181261808 -110.26608295738697 2.2288803160190582 30.015551328659058
57.201211283 -110.32388325035572 2.270709902048111 30.015509366989136
57.221210651 -110.36241169273853 2.2985989153385162 30.015501737594604
57.241216171 -110.42021198570728 2.3404280245304108 30.015486478805542
57.261306419 -110.45875568687916 2.368312269449234 30.01549792289734
57.28127284 -110.51649494469166 2.4101714193820953 30.015494108200073
57.301245965 -110.55496998131275 2.4380766451358795 30.015501737594604
57.321231579 -110.61265583336353 2.479935795068741 30.015536069869995
57.341238598 -110.65107746422291 2.5078300535678864 30.015581846237183
57.361296661 -110.70866413414478 2.549647957086563 30.01569628715515
57.381287779 -110.74701710045338 2.5774966776371 30.015787839889526
57.401272867 -110.80453510582447 2.61923685669899 30.015944242477417
57.421222345 -110.84284992516041 2.647017627954483 30.016058683395386
57.441226903 -110.90029926598072 2.6886374056339264 30.01617693901062
57.461294449 -110.9385988265276 2.7163712084293365 30.016260862350464
57.481276184 -110.995948985219 2.7579120695590973 30.016432523727417
57.501258368 -111.03416462242603 2.785579591989517 30.01657748222351
57.521239905 -111.09145374596119 2.827049642801285 30.016810178756714
57.541241108 -111.12959308922291 2.854639917612076 30.017027616500854
57.561199603 -111.18679066002369 2.896008640527725 30.017378568649292
57.581266051 -111.22489185631275 2.923563152551651 30.017653226852417
57.601292239 -111.28203602135181 2.9648899137973785 30.018107175827026
57.621236324 -111.32009144127369 2.9924258291721344 30.01843523979187
57.641245447 -111.37712879478931 3.0337051451206207 30.019030332565308
57.661319755 -111.4151613265276 3.061225086450577 30.019434690475464
57.681288865 -111.47216053307056 3.102455288171768 30.02013659477234
57.701258662 -111.51014728844166 3.1299218237400055 30.020617246627808
57.721243763 -111.56713123619556 3.1710945665836334 30.021349668502808
57.741247263 -111.6051027327776 3.1985441744327545 30.021864652633667
57.761256622 -111.6621095687151 3.239729791879654 30.022616147994995
57.781280271 -111.70012684166431 3.267184406518936 30.023123502731323
57.801263766 -111.75717182457447 3.308378130197525 30.02389407157898
57.821230278 -111.79522724449635 3.335851103067398 30.02438998222351
57.841363756 -111.85234089195728 3.3771161139011383 30.02509570121765
57.861247856 -111.89044208824635 3.4046360552310944 30.02554202079773
57.881273784 -111.94762440025806 3.4459294378757477 30.026201963424683
57.901248817 -111.98577137291431 3.4734672605991364 30.026625394821167
57.921511832 -112.04302234947681 3.514780193567276 30.0272433757782
57.94121464 -112.08123798668385 3.5423428118228912 30.027655363082886
57.961196783 -112.13861866295338 3.5837155878543854 30.02825427055359
57.981281889 -112.17691059410572 3.6113230288028717 30.02863574028015
58.001241266 -112.23444385826588 3.652806907892227 30.02916979789734
58.021229556 -112.27283497154713 3.6804896891117096 30.029505491256714
58.04117913 -112.3305437117815 3.7221430838108063 30.0299289226532
58.061232202 -112.36904926598072 3.7499472200870514 30.030192136764526
58.081271372 -112.42686481773853 3.7917098104953766 30.03058123588562
58.101316647 -112.46546955406666 3.819604068994522 30.030806303024292
58.12120857 -112.52339191734791 3.8614422380924225 30.03113055229187
58.141236911 -112.56205768883228 3.889343172311783 30.03124499320984
58.161205586 -112.62007923424244 3.9312035143375397 30.031386137008667
58.181269727 -112.65877552330494 3.959123283624649 30.03144335746765
58.201265068 -112.71685047447681 4.00104346871376 30.031477689743042
58.221232754 -112.75557728111744 4.029004722833633 30.031485319137573
58.241301095 -112.81370563805103 4.071043640375137 30.031500577926636
58.261239365 -112.85246296226978 4.0990873873233795 30.03148913383484
58.281287039 -112.9106218367815 4.141177326440811 30.031412839889526
58.3012467 -112.94940204918385 4.169304519891739 30.03130602836609
58.321190012 -113.00757618248463 4.211528450250626 30.03112292289734
58.341229973 -113.0463640242815 4.239725261926651 30.030962705612183
58.361166599 -113.10455341637135 4.282080799341202 30.030665159225464
58.381291674 -113.14335651695728 4.310331493616104 30.030462980270386
58.401282028 -113.20157642662525 4.352755218744278 30.030123472213745
58.421210244 -113.24039478600025 4.381045967340469 30.029890775680542
58.441249065 -113.29866047203541 4.423557430505753 30.0294406414032
58.461205768 -113.33751697838306 4.451899200677872 30.029127836227417
58.48137051 -113.39579792320728 4.494406849145889 30.028624296188354
58.501240708 -113.43467731773853 4.522765785455704 30.028231382369995
58.521190674 -113.49302692711353 4.5652948915958405 30.027640104293823
58.541223687 -113.5319597274065 4.593649059534073 30.027212858200073
58.561183931 -113.59038563072681 4.636186748743057 30.026537656784058
58.581259235 -113.62934131920338 4.664539486169815 30.02609133720398
58.601247782 -113.68782825767994 4.707073837518692 30.02535891532898
58.621195129 -113.72682972252369 4.735425621271133 30.024882078170776
58.641263201 -113.78536243736744 4.777949959039688 30.024100065231323
58.661229765 -113.82438679039478 4.806289821863174 30.02359652519226
58.6812874 -113.8829347640276 4.8487798273563385 30.022867918014526
58.70124452 -113.921974375844 4.877076297998428 30.02234148979187
58.72119827 -113.98052997887135 4.9194938242435455 30.02157473564148
58.741232335 -114.01956959068775 4.947752147912979 30.02105212211609
58.761153892 -114.0781023055315 4.990103870630264 30.02025866508484
58.781325105 -114.11711139976978 5.018320232629776 30.01977038383484
58.801228604 -114.17557545006275 5.060630947351456 30.018999814987183
58.82118323 -114.21453113853931 5.088818222284317 30.018500089645386
58.841298238 -114.27291889488697 5.131068855524063 30.017840147018433
58.861205641 -114.31179828941822 5.159227043390274 30.01739001274109
58.881317684 -114.37010212242603 5.201455742120743 30.0167453289032
58.901308616 -114.40894336998463 5.229607254266739 30.016329526901245
58.921189908 -114.46717853844166 5.271806865930557 30.01574969291687
58.941200305 -114.50597400963306 5.299919754266739 30.015398740768433
58.961136747 -114.5640871077776 5.342050701379776 30.014883756637573
58.981349096 -114.60281391441822 5.370118290185928 30.01456332206726
59.001261841 -114.66084308922291 5.412232547998428 30.01410174369812
59.021192857 -114.69953174889088 5.440309673547745 30.013827085494995
59.041188995 -114.75756092369556 5.4824210703372955 30.013495206832886
59.061192824 -114.79621906578541 5.5104643404483795 30.013323545455933
59.081352856 -114.85419483482838 5.552520424127579 30.01313281059265
59.101255745 -114.8928224593401 5.580554634332657 30.013052701950073
59.121193199 -114.95076771080494 5.622599273920059 30.012987852096558
59.141215582 -114.98940296471119 5.650621086359024 30.01301074028015
59.161162601 -115.04734821617603 5.692680507898331 30.013087034225464
59.18139728 -115.08599109947681 5.72070375084877 30.01315951347351
59.20125247 -115.14389057457447 5.762715011835098 30.013289213180542
59.221203913 -115.182472422719 5.790699630975723 30.01339602470398
59.241212356 -115.24032612144947 5.832641273736954 30.01362109184265
59.261252235 -115.27886219322681 5.860543876886368 30.013781309127808
59.281376538 -115.33666248619556 5.902352958917618 30.01403307914734
59.301272124 -115.37519092857838 5.930173546075821 30.014200925827026
59.321230207 -115.43296833336353 5.971851974725723 30.0144259929657
59.341206628 -115.47149677574635 5.9996210634708405 30.014578580856323
59.361143342 -115.52931995689869 6.041168361902237 30.014757871627808
59.381321472 -115.56787891685963 6.068847328424454 30.014857053756714
59.401239031 -115.62574024498463 6.1103388369083405 30.014986753463745
59.421182501 -115.66432209312916 6.137965828180313 30.015066862106323
59.441196258 -115.72220630943775 6.17940679192543 30.01521944999695
59.461223037 -115.76078052818775 6.207001358270645 30.015299558639526
59.481321738 -115.81864948570728 6.248385578393936 30.015398740768433
59.501278496 -115.85723896324635 6.275966793298721 30.01543688774109
59.521194672 -115.91510792076588 6.317320019006729 30.015467405319214
59.541187835 -115.95368213951588 6.344884067773819 30.01547884941101
59.561135991 -116.0114748030901 6.386225372552872 30.015433073043823
59.581348948 -116.04996509850025 6.413797527551651 30.01538348197937
59.601272931 -116.1076662093401 6.455164581537247 30.01528811454773
59.621201842 -116.14606495201588 6.482769161462784 30.015181303024292
59.641196749 -116.20365162193775 6.524195820093155 30.014994382858276
59.661178675 -116.24200458824635 6.551836162805557 30.014837980270386
59.681749729 -116.29952259361744 6.593331009149551 30.014567136764526
59.70128826 -116.33786030113697 6.621004730463028 30.014391660690308
59.721213424 -116.39534778892994 6.662538677453995 30.014097929000854
59.741287523 -116.43366260826588 6.690227657556534 30.01395297050476
59.76115555 -116.4910890609026 6.731847435235977 30.01370882987976
59.781320419 -116.52938862144947 6.759617477655411 30.013548612594604
59.801259771 -116.58685322105885 6.801298767328262 30.0133159160614
59.821205302 -116.62517566978931 6.82912078499794 30.013167142868042
59.841340893 -116.68268604576588 6.870858818292618 30.01291537284851
59.861199906 -116.72103901207447 6.89870086312294 30.01276659965515
59.881648091 -116.77860279381275 6.9404803812503815 30.012579679489136
59.901269778 -116.81700153648853 6.968335777521133 30.012484312057495
59.921215599 -116.87464161217213 7.010206371545792 30.012381315231323
59.941204787 -116.91310139000416 7.03812375664711 30.0123507976532
59.961166878 -116.97081013023853 7.080005794763565 30.0123507976532
59.98130475 -117.00930805504322 7.107923656702042 30.012381315231323
60.0012698 -117.06709308922291 7.149797111749649 30.012465238571167
60.021207373 -117.10564441978931 7.177695423364639 30.01252245903015
60.041216652 -117.16349811851978 7.219518333673477 30.012606382369995
60.061193269 -117.20207996666431 7.247381836175919 30.01267123222351
60.081339343 -117.26002521812916 7.289144665002823 30.01276659965515
60.101248519 -117.298683360219 7.316972881555557 30.012835264205933
60.121228222 -117.35676594078541 7.3586699068546295 30.01290011405945
60.14120755 -117.39551563560963 7.386458545923233 30.012926816940308
60.161151692 -117.45368976891041 7.428121715784073 30.01296877861023
60.181310142 -117.49249286949635 7.455888420343399 30.012980222702026
60.201251455 -117.55070514976978 7.497515827417374 30.012999296188354
60.221196077 -117.58951587975025 7.525242954492569 30.013006925582886
60.241206918 -117.64772816002369 7.566821247339249 30.013045072555542
60.261219172 -117.68653126060963 7.594529777765274 30.0130717754364
60.281302932 -117.74472065269947 7.636084228754044 30.013140439987183
60.301262134 -117.78351612389088 7.663779407739639 30.0132052898407
60.321228173 -117.84165973961353 7.705330520868301 30.013331174850464
60.341230199 -117.88041706383228 7.733028560876846 30.013476133346558
60.361163799 -117.93853779137135 7.774571090936661 30.013705015182495
60.381311491 -117.97728748619556 7.80226531624794 30.01384997367859
60.401263576 -118.03543873131275 7.8438102304935455 30.014071226119995
60.421202876 -118.0742189437151 7.87151637673378 30.01422381401062
60.44119696 -118.13243885338306 7.913109928369522 30.014464139938354
60.461211759 -118.1712648421526 7.940850406885147 30.014628171920776
60.481303093 -118.22953052818775 7.982526928186417 30.014849424362183
60.501280696 -118.26837940514088 8.010303646326065 30.015005826950073
60.521234468 -118.32667560875416 8.052025943994522 30.015211820602417
60.541294318 -118.36557026207447 8.079871326684952 30.015352964401245
60.561151556 -118.4239503890276 8.121683269739151 30.015562772750854
60.581282301 -118.46292896568775 8.14964309334755 30.015684843063354
60.601260728 -118.52141590416431 8.191609531641006 30.0158793926239
60.621197889 -118.56043262779713 8.219632297754288 30.016005277633667
60.641220528 -118.618995860219 8.261713176965714 30.016249418258667
60.661204935 -118.65805073082447 8.289774090051651 30.01642107963562
60.681283724 -118.7166749984026 8.33197608590126 30.01669192314148
60.701308431 -118.75576801598072 8.360120922327042 30.016871213912964
60.721238674 -118.81442280113697 8.402342945337296 30.01714587211609
60.741196213 -118.85356159508228 8.4305240213871 30.017306089401245
60.761153037 -118.91224689781666 8.47277083992958 30.017557859420776
60.781337057 -118.95135517418385 8.500965267419815 30.01770281791687
60.801261241 -119.01002521812916 8.543249279260635 30.01791262626648
60.821208649 -119.04913349449635 8.571448475122452 30.018023252487183
60.841203618 -119.10780353844166 8.61376491189003 30.018160581588745
60.861205974 -119.14691181480885 8.641968876123428 30.01824450492859
60.881278353 -119.20558948814869 8.684359699487686 30.018351316452026
60.901321238 -119.24471302330494 8.712638050317764 30.018419981002808
60.921226393 -119.30342121422291 8.755073696374893 30.018507719039917
60.941210305 -119.34258289635181 8.783410221338272 30.018561124801636
60.961166671 -119.40132160484791 8.82592311501503 30.01862597465515
60.981267504 -119.44049091637135 8.854294925928116 30.01863741874695
61.001283043 -119.49920673668385 8.896874576807022 30.01861071586609
61.021247913 -119.5383302718401 8.925259739160538 30.018587827682495
61.041233592 -119.59701557457447 8.9678193628788 30.018538236618042
61.061196001 -119.63613148033619 8.996173053979874 30.018507719039917
61.081288649 -119.6948015242815 9.038741260766983 30.018423795700073
61.101276394 -119.73390217125416 9.06712356209755 30.018358945846558
61.121241806 -119.79254932701588 9.10970225930214 30.018255949020386
61.141227782 -119.8316652327776 9.138072162866592 30.018114805221558
61.161161048 -119.89033527672291 9.18059840798378 30.01792025566101
61.1812811 -119.92945881187916 9.208933025598526 30.017779111862183
61.201289592 -119.98816700279713 9.251414448022842 30.01755404472351
61.221263412 -120.02731342613697 9.279720455408096 30.017420530319214
61.241207021 -120.08609791100025 9.32216277718544 30.017225980758667
61.261206809 -120.12529011070728 9.350439220666885 30.017122983932495
61.281343221 -120.18410511314869 9.392821460962296 30.0169894695282
61.301442039 -120.22332020103931 9.421065479516983 30.016897916793823
61.321302207 -120.28214283287525 9.463419109582901 30.016764402389526
61.341240401 -120.32137317955494 9.491673618555069 30.01665759086609
61.361177686 -120.38020344078541 9.534030109643936 30.016524076461792
61.381316942 -120.41941852867603 9.562256008386612 30.01642870903015
61.401282949 -120.47821064293385 9.604580074548721 30.01629137992859
61.421224474 -120.51738758385181 9.632778316736221 30.016222715377808
61.441196609 -120.57613392174244 9.67505756020546 30.016165494918823
61.461192392 -120.61528034508228 9.703223377466202 30.016146421432495
61.481315556 -120.67399616539478 9.74543872475624 30.0161349773407
61.501288444 -120.7131120711565 9.773548275232315 30.016131162643433
61.521228064 -120.77177448570728 9.815684467554092 30.01614260673523
61.541222777 -120.81086750328541 9.843756824731827 30.016138792037964
61.561169746 -120.869484141469 9.885830074548721 30.016146421432495
61.58137696 -120.90856190025806 9.913852840662003 30.01616930961609
61.601277642 -120.96717090904713 9.955845028162003 30.016222715377808
61.621197305 -121.00624103844166 9.98381820321083 30.01626467704773
61.64119193 -121.06486530601978 10.025747448205948 30.016234159469604
61.661183338 -121.10396595299244 10.053685337305069 30.016222715377808
61.681321429 -121.16262836754322 10.095571666955948 30.016226530075073
61.701298677 -121.20175190269947 10.123479038476944 30.016215085983276
61.721225503 -121.26044483482838 10.165327221155167 30.016215085983276
61.741216856 -121.29957599937916 10.1932193338871 30.0162456035614
61.761165091 -121.3582765609026 10.235039860010147 30.016295194625854
61.781271991 -121.39740772545338 10.262910038232803 30.016356229782104
61.80135354 -121.45607776939869 10.304740101099014 30.01647448539734
61.821274599 -121.49518604576588 10.332616001367569 30.01656985282898
61.841283914 -121.55381794273853 10.37443271279335 30.01667284965515
61.86118927 -121.5928957015276 10.402319103479385 30.01672625541687
61.881229825 -121.65149708092213 10.444160610437393 30.016764402389526
61.901271224 -121.69053669273853 10.472114711999893 30.016756772994995
61.921226398 -121.74909229576588 10.514048725366592 30.01675295829773
61.941287574 -121.78812427818775 10.542025715112686 30.01676058769226
61.961150789 -121.84661121666431 10.584033161401749 30.01676058769226
61.981233625 -121.88558979332447 10.612038761377335 30.016772031784058
62.001274614 -121.9439699202776 10.65413299202919 30.01672625541687
62.021219364 -121.98286457359791 10.682224422693253 30.016703367233276
62.041231557 -122.04119129478931 10.724393993616104 30.01666522026062
62.061215713 -122.08004017174244 10.752544552087784 30.016619443893433
62.081219956 -122.1383058577776 10.794735103845596 30.016581296920776
62.101351784 -122.17710895836353 10.822889477014542 30.01653552055359
62.121266725 -122.23529072105885 10.865100055932999 30.016497373580933
62.141193597 -122.27405567467213 10.89324203133583 30.016505002975464
62.161151318 -122.33217640221119 10.935480266809464 30.0165011882782
62.181233617 -122.37091846764088 10.963630825281143 30.016520261764526
62.20131233 -122.42899341881275 11.005890041589737 30.01650881767273
62.221233358 -122.46769733726978 11.034067302942276 30.016497373580933
62.241233181 -122.52571888267994 11.07633700966835 30.01647448539734
62.261209071 -122.56436939537525 11.104522854089737 30.01644778251648
62.281196797 -122.62233753502369 11.146792560815811 30.016402006149292
62.301594897 -122.66094990074635 11.17498603463173 30.0163676738739
62.321253475 -122.71882648766041 11.217269092798233 30.016337156295776
62.341239106 -122.75739307701588 11.24544158577919 30.016390562057495
62.361157123 -122.81520862877369 11.287696033716202 30.01648211479187
62.381194445 -122.85375232994556 11.315851360559464 30.016554594039917
62.401421896 -122.91155262291431 11.358101040124893 30.016676664352417
62.421243175 -122.95010395348072 11.386268764734268 30.016764402389526
62.441223261 -123.00796528160572 11.428521305322647 30.016951322555542
62.461199262 -123.04654712975025 11.456715732812881 30.01705050468445
62.481228684 -123.10443897545338 11.49899497628212 30.017225980758667
62.501769669 -123.14305897057056 11.527196079492569 30.017348051071167
62.521240604 -123.20099659264088 11.5695039331913 30.017534971237183
62.541200262 -123.2396242171526 11.597694545984268 30.017664670944214
62.561308149 -123.29757709801197 11.639985233545303 30.017836332321167
62.58122724 -123.33624286949635 11.66815772652626 30.0179545879364
62.601452594 -123.39427204430103 11.71038356423378 30.018141508102417
62.621234822 -123.43296833336353 11.738511234521866 30.01825976371765
62.641210513 -123.49102802574635 11.780671268701553 30.01837420463562
62.661183442 -123.52975483238697 11.808784633874893 30.018412351608276
62.681186577 -123.58786030113697 11.850927501916885 30.01849627494812
62.701295073 -123.62660999596119 11.879015117883682 30.018545866012573
62.721261218 -123.68473835289478 11.921136051416397 30.01858401298523
62.741187107 -123.72349567711353 11.949199825525284 30.018599271774292
62.761217623 -123.78163166344166 11.991284519433975 30.01854968070984
62.781186222 -123.82040424644947 12.019320636987686 30.018507719039917
62.801332328 -123.87856312096119 12.061340481042862 30.01843523979187
62.821265172 -123.917335703969 12.089325100183487 30.018358945846558
62.84123762 -123.97548694908619 12.131252437829971 30.018255949020386
62.861211268 -124.01425190269947 12.159159809350967 30.018172025680542
62.881193952 -124.07241840660572 12.200983196496964 30.01803469657898
62.901313434 -124.11119861900806 12.228836208581924 30.017927885055542
62.921218171 -124.16937275230885 12.270562320947647 30.017752408981323
62.941193988 -124.20816059410572 12.298357158899307 30.017664670944214
62.961174025 -124.26634235680103 12.339981228113174 30.017489194869995
62.981200699 -124.30513782799244 12.367722660303116 30.01737093925476
63.001389504 -124.36332722008228 12.409322887659073 30.017195463180542
63.021255778 -124.40213795006275 12.4370576441288 30.017073392868042
63.041207783 -124.46035785973072 12.478655010461807 30.016890287399292
63.061267634 -124.49916858971119 12.506391674280167 30.01676058769226
63.081186662 -124.55739612877369 12.548015743494034 30.01656985282898
63.10139227 -124.59621448814869 12.57576385140419 30.016459226608276
63.1212363 -124.65444965660572 12.617414623498917 30.016260862350464
63.141196838 -124.69327564537525 12.645172268152237 30.01617693901062
63.161215052 -124.75154133141041 12.686727672815323 30.016035795211792
63.181248548 -124.79037494957447 12.71441188454628 30.015955686569214
63.201460845 -124.84864063560963 12.755911976099014 30.015856504440308
63.22126932 -124.88746662437916 12.783563762903214 30.01577639579773
63.241226804 -124.94571705162525 12.825024753808975 30.01568865776062
63.261204218 -124.98455066978931 12.85265365242958 30.0156352519989
63.281202207 -125.042823985219 12.894068866968155 30.01549792289734
63.301989342 -125.08168049156666 12.921669155359268 30.015406370162964
63.321272903 -125.13993854820728 12.963004261255264 30.01521944999695
63.341215497 -125.17876453697681 12.990533977746964 30.0150363445282
63.361208101 -125.23698444664478 13.031790882349014 30.014761686325073
63.381201158 -125.27576465904713 13.059225231409073 30.014551877975464
63.401281446 -125.33395405113697 13.100383907556534 30.0143039226532
63.421271359 -125.37268848717213 13.127750545740128 30.014124631881714
63.441217212 -125.4307863265276 13.168779522180557 30.013842344284058
63.461216754 -125.46949787437916 13.196100383996964 30.013663053512573
63.481186918 -125.52758045494556 13.237035900354385 30.013479948043823
63.501647851 -125.56632252037525 13.264316707849503 30.01340365409851
63.52128227 -125.62445087730885 13.305178791284561 30.01333498954773
63.541216759 -125.66321583092213 13.33240333199501 30.013285398483276
63.561154497 -125.72138996422291 13.373217731714249 30.013243436813354
63.581196435 -125.76020069420338 13.400417476892471 30.01321291923523
63.601432288 -125.81842823326588 13.441208988428116 30.01318621635437
63.621238936 -125.85726185142994 13.468386799097061 30.013170957565308
63.641238752 -125.91551990807056 13.509141117334366 30.013140439987183
63.661195436 -125.95436878502369 13.536307483911514 30.013128995895386
63.681193832 -126.01260395348072 13.577034145593643 30.013140439987183
63.701364389 -126.05140705406666 13.604181438684464 30.013224363327026
63.721257586 -126.10958881676197 13.644912868738174 30.014349699020386
63.741231503 -126.14835377037525 13.672073513269424 30.01617693901062
63.761173503 -126.20642872154713 13.71275344491005 30.020487546920776
63.781196102 -126.24504871666431 13.739759594202042 30.02435564994812
63.801351014 -126.30284138023853 13.779894024133682 30.031359434127808
63.821690867 -126.34124012291431 13.806281238794327 30.036715269088745
63.84138428 -126.39861316978931 13.845090061426163 30.045611143112183
63.861272814 -126.43671436607838 13.870333820581436 30.05182909965515
63.881214144 -126.49354572594166 13.90697780251503 30.06156039237976
63.901319236 -126.5312501937151 13.93046298623085 30.068033933639526
63.92126781 -126.58751697838306 13.964129596948624 30.077540159225464
63.941243092 -126.62483234703541 13.98540511727333 30.08356738090515
63.961319725 -126.68048878014088 14.015449672937393 30.092089414596558
63.981214388 -126.71731586754322 14.033924251794815 30.0973117351532
64.001325324 -126.77226276695728 14.059597164392471 30.10440707206726
64.021268123 -126.80865497887135 14.075151592493057 30.10857653617859
64.041229732 -126.862892344594 14.096035152673721 30.113936185836792
64.061210576 -126.89885731041431 14.108473926782608 30.116957426071167
64.081186175 -126.95236225426197 14.124255329370499 30.120482206344604
64.101312714 -126.98780842125416 14.133114010095596 30.122267484664917
64.121247514 -127.04065723717213 14.143887668848038 30.124109983444214
64.141224986 -127.07560749351978 14.14905658364296 30.12472414970398
64.161156642 -127.12776203453541 14.154408603906631 30.12491488456726
64.181197218 -127.16230030357838 14.15616050362587 30.12450671195984
64.201319181 -127.21382923424244 14.15640464425087 30.12325167655945
64.221253345 -127.24794025719166 14.154781490564346 30.1219699382782
64.241226303 -127.29879017174244 14.149696499109268 30.119463682174683
64.26121124 -127.3325197249651 14.144764095544815 30.117480039596558
64.281203687 -127.38277454674244 14.1345035135746 30.113932371139526
64.301341842 -127.41612263023853 14.12606731057167 30.111292600631714
64.321300198 -127.465919688344 14.111072689294815 30.106981992721558
64.341234143 -127.49891681969166 14.099258571863174 30.103785276412964
64.361166913 -127.54821033775806 14.079456478357315 30.09881091117859
64.38119539 -127.58091755211353 14.064709812402725 30.0953586101532
64.401315951 -127.6297609359026 14.040338665246964 30.090018033981323
64.421631287 -127.66220112144947 14.022820621728897 30.086413145065308
64.441238237 -127.71062488853931 13.994147449731827 30.080931425094604
64.461207752 -127.74280567467213 13.974030643701553 30.077315092086792
64.481166352 -127.790870860219 13.941699177026749 30.07190203666687
64.501309875 -127.82281513512135 13.91899886727333 30.068342924118042
64.521256836 -127.87057514488697 13.883301883935928 30.063093900680542
64.541250135 -127.90232868492603 13.858255535364151 30.059672117233276
64.561168004 -127.949806407094 13.819309383630753 30.05469012260437
64.581185095 -127.98135395348072 13.792336612939835 30.051470518112183
64.601275126 -128.0285188704729 13.750493198633194 30.04682421684265
64.621251425 -128.0598909407854 13.72182384133339 30.04385256767273
64.647403082 -128.10675068199635 13.677470356225967 30.03963351249695
64.680172448 -128.1379396468401 13.64718547463417 30.036959409713745
64.703449443 -128.16905231773853 13.61633124947548 30.03442645072937
64.722897697 -128.21562214195728 13.569041401147842 30.0308940410614
64.742827057 -128.2620851546526 13.520762592554092 30.027605772018433
64.762855214 -128.2929689437151 13.48800578713417 30.02558398246765
64.782818716 -128.3391878157854 13.438194423913956 30.022757291793823
64.803035002 -128.36993427574635 13.40453639626503 30.02103304862976
64.822919341 -128.41595478355885 13.353453785181046 30.01867938041687
64.842826895 -128.44657917320728 13.31903663277626 30.0172336101532
64.862863879 -128.49241657555103 13.266882091760635 30.015337705612183
64.88283361 -128.52288837730885 13.23180690407753 30.014193296432495
64.90296219 -128.56851215660572 13.178774029016495 30.01264452934265
64.922881773 -128.59884662926197 13.143201023340225 30.01174807548523
64.942836907 -128.6442873030901 13.08949962258339 30.010546445846558
64.962836828 -128.67453022301197 13.053507000207901 30.00984835624695
64.982822195 -128.71981830894947 12.999263912439346 30.0089328289032
65.002976149 -128.74996967613697 12.962922245264053 30.008379697799683
65.02287391 -128.7951204329729 12.908243328332901 30.00763964653015
65.042886966 -128.8251955062151 12.871650844812393 30.007208585739136
65.062843975 -128.87016315758228 12.816718250513077 30.006624937057495
65.082816613 -128.9001009017229 12.78002181649208 30.006277799606323
65.102991491 -128.94491596519947 12.724876552820206 30.00582003593445
65.122872189 -128.97471638023853 12.68816962838173 30.00554919242859
65.142850413 -129.01937885582447 12.633006244897842 30.005202054977417
65.162856452 -129.04911823570728 12.596236377954483 30.005018949508667
65.182791298 -129.09368915855885 12.541102558374405 30.00479006767273
65.202957429 -129.12338276207447 12.504289776086807 30.0046603679657
65.222895947 -129.1679231673479 12.449205547571182 30.00447726249695
65.242847053 -129.19761677086353 12.412467151880264 30.004374265670776
65.262836858 -129.24215717613697 12.357333332300186 30.004263639450073
65.282798227 -129.27183552086353 12.320593982934952 30.004210233688354
65.303050628 -129.3163606673479 12.265504032373428 30.0041606426239
65.322861649 -129.34605427086353 12.22891154885292 30.004149198532104
65.342856258 -129.3905794173479 12.173975139856339 30.00415301322937
65.362862026 -129.4202425032854 12.13740649819374 30.0041606426239
65.382775244 -129.4647218734026 12.082601696252823 30.004191160202026
65.403110819 -129.49436970055103 12.046021610498428 30.004217863082886
65.422872589 -129.53887958824635 11.991348415613174 30.004256010055542
65.442834915 -129.5685579329729 11.954909473657608 30.004305601119995
65.462842028 -129.61309833824635 11.90026107430458 30.00437045097351
65.482816874 -129.64280720055103 11.863968044519424 30.004435300827026
65.502977079 -129.68740864098072 11.80946746468544 30.004534482955933
65.522954316 -129.7171632796526 11.773177295923233 30.004610776901245
65.542825107 -129.76182575523853 11.718690067529678 30.004751920700073
65.562860067 -129.7916261702776 11.68242660164833 30.00485110282898
65.582798234 -129.83639545738697 11.628117710351944 30.00503420829773
65.603022659 -129.86625690758228 11.591870456933975 30.005194425582886
65.622883923 -129.91111774742603 11.537731319665909 30.005553007125854
65.642850235 -129.94107075035572 11.501647144556046 30.005823850631714
65.662879578 -129.98599262535572 11.447516590356827 30.006239652633667
65.682795474 -130.01597614586353 11.411554485559464 30.006563901901245
65.703011198 -130.06095905601978 11.357546001672745 30.007078886032104
65.722927929 -130.09095783531666 11.321583896875381 30.007452726364136
65.742880345 -130.1359407454729 11.267701297998428 30.008074522018433
65.762867753 -130.16593952476978 11.231727749109268 30.008517026901245
65.782795691 -130.21095295250416 11.178012996912003 30.00925326347351
65.802970551 -130.2409669905901 11.142057567834854 30.009722471237183
65.822890789 -130.28599567711353 11.088354259729385 30.010504484176636
65.842842385 -130.3160402327776 11.052559047937393 30.011046171188354
65.862974888 -130.36114521324635 10.99887004494667 30.01184344291687
65.882803249 -130.39125080406666 10.963222652673721 30.012415647506714
65.902935115 -130.43641681969166 10.90967383980751 30.013228178024292
65.922906411 -130.46658344566822 10.874028354883194 30.013781309127808
65.942919017 -130.51187153160572 10.820624500513077 30.014635801315308
65.962848772 -130.5420686751604 10.784962803125381 30.015223264694214
65.98279607 -130.58750934898853 10.731630474328995 30.016131162643433
66.002953723 -130.61781330406666 10.696054607629776 30.016714811325073
66.022879815 -130.66329975426197 10.642650753259659 30.017565488815308
66.042848043 -130.69364948570728 10.607184559106827 30.01813006401062
66.062847648 -130.73918171226978 10.553750187158585 30.01895785331726
66.082812886 -130.76956196129322 10.518298298120499 30.019503355026245
66.10293723 -130.8151399642229 10.465027958154678 30.020254850387573
66.122887745 -130.84552021324635 10.429551273584366 30.020724058151245
66.142858885 -130.8911134749651 10.37635913491249 30.02139163017273
66.162836887 -130.92149372398853 10.340820461511612 30.02178454399109
66.182775379 -130.96705646812916 10.287602573633194 30.02233386039734
66.202951575 -130.9974367171526 10.252068668603897 30.02265429496765
66.222902927 -131.04301472008228 10.198676258325577 30.02307391166687
66.24290094 -131.07339496910572 10.163058429956436 30.023295164108276
66.262866266 -131.11895771324635 10.109470516443253 30.023546934127808
66.282820585 -131.1493684798479 10.07368579506874 30.02368426322937
66.302972001 -131.19496174156666 10.0199433863163 30.02384066581726
66.322910119 -131.22535724937916 9.984016567468643 30.023924589157104
66.342870904 -131.2709505110979 9.93010726571083 30.024019956588745
66.362868665 -131.3013460189104 9.894081264734268 30.024092435836792
66.382796459 -131.3469240218401 9.840100437402725 30.024157285690308
66.402938632 -131.3773195296526 9.804043918848038 30.0241801738739
66.422934672 -131.42289753258228 9.749859005212784 30.024176359176636
66.442899625 -131.45327778160572 9.713775783777237 30.02414584159851
66.462856218 -131.4988557845354 9.659526973962784 30.02407717704773
66.482831338 -131.5292512923479 9.62335029244423 30.02402377128601
66.502955856 -131.5747835189104 9.569040447473526 30.02390170097351
66.52289749 -131.60513325035572 9.532745510339737 30.02380633354187
66.542912617 -131.65061970055103 9.478331714868546 30.023634672164917
66.562874767 -131.68092365562916 9.44200149178505 30.023531675338745
66.58280485 -131.72636432945728 9.387418895959854 30.023375272750854
66.60299459 -131.75662250816822 9.350992351770401 30.02328372001648
66.62292507 -131.8020021468401 9.296303898096085 30.023157835006714
66.642933367 -131.83221454918385 9.259889751672745 30.023051023483276
66.662855554 -131.87750263512135 9.205151706933975 30.02290987968445
66.682805503 -131.90765400230885 9.168645054101944 30.022806882858276
66.702927544 -131.9528352767229 9.11384978890419 30.022631406784058
66.722926888 -131.98294086754322 9.07723918557167 30.022509336471558
66.742873894 -132.02801533043385 9.022387653589249 30.022303342819214
66.762859238 -132.0580598860979 8.985790401697159 30.022146940231323
66.782794085 -132.10308857262135 8.930838733911514 30.02191424369812
66.802989286 -132.13308735191822 8.894262462854385 30.021769285202026
66.822912442 -132.17807026207447 8.839301258325577 30.021578550338745
66.842882824 -132.20802326500416 8.8026582300663 30.021456480026245
66.862832957 -132.25291462242603 8.74759116768837 30.021227598190308
66.882821561 -132.28282184898853 8.710873752832413 30.02107882499695
66.902930795 -132.3276369124651 8.655789524316788 30.02082324028015
66.922900727 -132.35751362144947 8.618995815515518 30.020647764205933
66.942888616 -132.40228290855885 8.563869625329971 30.020403623580933
66.962888487 -132.4321290999651 8.527065426111221 30.020243406295776
66.982805292 -132.47689838707447 8.471780925989151 30.02002215385437
67.002932528 -132.50675983726978 8.43490806221962 30.019884824752808
67.022929274 -132.55152912437916 8.379456669092178 30.01969027519226
67.042902093 -132.5813753157854 8.34242931008339 30.019579648971558
67.06285631 -132.62615986168385 8.286777645349503 30.01949191093445
67.082847358 -132.6560060530901 8.249583393335342 30.019442319869995
67.102964292 -132.70079059898853 8.193719059228897 30.019392728805542
67.122966464 -132.73065204918385 8.156368404626846 30.019373655319214
67.142881205 -132.77543659508228 8.100333362817764 30.01935076713562
67.162847508 -132.8052980452776 8.0629121363163 30.01932406425476
67.182818147 -132.85006733238697 8.006697326898575 30.019274473190308
67.202977714 -132.87992878258228 7.969179302453995 30.019209623336792
67.222924494 -132.92469806969166 7.912787109613419 30.019121885299683
67.242870526 -132.9545442610979 7.875145584344864 30.0190532207489
67.262837111 -132.99929828941822 7.818599849939346 30.01888155937195
67.282841233 -133.02911396324635 7.780826717615128 30.018770933151245
67.303009258 -133.07386799156666 7.724135547876358 30.018614530563354
67.322907818 -133.1037141829729 7.686304718255997 30.018519163131714
67.342881298 -133.1485139876604 7.629495292901993 30.01837420463562
67.362833692 -133.17839069664478 7.591645389795303 30.018275022506714
67.382791979 -133.2232210189104 7.534744411706924 30.01814913749695
67.402939528 -133.25311298668385 7.496845871210098 30.0180881023407
67.422922724 -133.29795856773853 7.43993678689003 30.018049955368042
67.442882923 -133.32785053551197 7.402002960443497 30.018023252487183
67.462902097 -133.37266559898853 7.345110088586807 30.017950773239136
67.482816204 -133.4025423079729 7.307138115167618 30.01790499687195
67.502968271 -133.4473421126604 7.250219970941544 30.01779055595398
67.523059563 -133.47721882164478 7.212247520685196 30.017725706100464
67.542869662 -133.52203388512135 7.155246883630753 30.017637968063354
67.562844758 -133.55191059410572 7.117259174585342 30.01757311820984
67.58278623 -133.5967561751604 7.060216575860977 30.017470121383667
67.602980649 -133.62667866051197 7.022191196680069 30.017386198043823
67.622937636 -133.67157001793385 6.965130478143692 30.017210721969604
67.642871698 -133.70150776207447 6.927044540643692 30.01708483695984
67.662817907 -133.74642963707447 6.869938522577286 30.016852140426636
67.682816747 -133.77638264000416 6.831838756799698 30.01669955253601
67.70292282 -133.82131977379322 6.774782806634903 30.016424894332886
67.722929421 -133.8512727767229 6.736739784479141 30.01623034477234
67.742903283 -133.8961946517229 6.679670482873917 30.01593279838562
67.762855971 -133.92611713707447 6.641680866479874 30.015703916549683
67.782798777 -133.97097797691822 6.584634453058243 30.015372037887573
67.802880097 -134.00086994469166 6.546597629785538 30.0151584148407
67.822920262 -134.04568500816822 6.48950257897377 30.014857053756714
67.842889693 -134.0755617171526 6.451391369104385 30.0146701335907
67.862945947 -134.12034626305103 6.394239574670792 30.01438021659851
67.882835725 -134.15020771324635 6.356117397546768 30.01419711112976
67.902882786 -134.1950227767229 6.298896938562393 30.013933897018433
67.922980002 -134.22488422691822 6.2607413828372955 30.01376986503601
67.942875411 -134.26966877281666 6.20349708199501 30.013540983200073
67.962850733 -134.29948444664478 6.165346771478653 30.013365507125854
67.982851538 -134.34420795738697 6.108043342828751 30.013136625289917
68.002885468 -134.37399311363697 6.069800049066544 30.01301074028015
68.02295787 -134.41868610680103 6.012383133172989 30.012861967086792
68.042869082 -134.44847126305103 5.974056392908096 30.012770414352417
68.062856531 -134.49310322105885 5.91651263833046 30.012675046920776
68.082844307 -134.52285785973072 5.878117710351944 30.012606382369995
68.102814319 -134.5675050765276 5.820478588342667 30.01248812675476
68.122943771 -134.59722919762135 5.782047897577286 30.012369871139526
68.144018745 -134.64181537926197 5.72435536980629 30.012194395065308
68.163973715 -134.67152424156666 5.685888916254044 30.012083768844604
68.18391775 -134.7160646468401 5.628147274255753 30.011942625045776
68.204085954 -134.7457277327776 5.589648872613907 30.01187014579773
68.224058606 -134.79022236168385 5.531881481409073 30.01179003715515
68.243984793 -134.81988544762135 5.493339687585831 30.011744260787964
68.263964844 -134.86434955894947 5.435539871454239 30.01162600517273
68.283968175 -134.89398212730885 5.396994739770889 30.011549711227417
68.304074586 -134.93844623863697 5.339166313409805 30.01143527030945
68.32402935 -134.96804828941822 5.300601154565811 30.01132845878601
68.3440286 -135.01246662437916 5.242695480585098 30.011194944381714
68.363960718 -135.0420686751604 5.2040630877017975 30.0111186504364
68.38392298 -135.08645649254322 5.146091610193253 30.011030912399292
68.404086532 -135.1160432845354 5.10741725564003 30.01098132133484
68.424095366 -135.1604005843401 5.049429565668106 30.01089358329773
68.443976669 -135.19000263512135 5.0107389986515045 30.010855436325073
68.463987094 -135.23434467613697 4.952757507562637 30.010828733444214
68.483970041 -135.26388569176197 4.91410556435585 30.010821104049683
68.504046476 -135.30821247398853 4.856132656335831 30.010809659957886
68.524054273 -135.33775348961353 4.817537933588028 30.010821104049683
68.543982393 -135.3820802718401 4.759621292352676 30.010863065719604
68.563974098 -135.41163654625416 4.72101417183876 30.010916471481323
68.583923681 -135.4560091048479 4.66310515999794 30.011030912399292
68.604085148 -135.4855958968401 4.624481350183487 30.011133909225464
68.624048923 -135.5300294905901 4.566540390253067 30.011332273483276
68.643992559 -135.55967731773853 4.527883678674698 30.01146960258484
68.663983907 -135.60418720543385 4.469857841730118 30.011717557907104
68.683950792 -135.6338655501604 4.431132942438126 30.01187014579773
68.704075924 -135.67840595543385 4.373004585504532 30.01214861869812
68.724572628 -135.7080843001604 4.334238201379776 30.012354612350464
68.744014351 -135.75259418785572 4.276076465845108 30.01267123222351
68.764012798 -135.78228779137135 4.23731055855751 30.012892484664917
68.783929752 -135.8268587142229 4.1791678965091705 30.013197660446167
68.804062306 -135.85659809410572 4.140396267175674 30.01338839530945
68.824058598 -135.90123005211353 4.082224041223526 30.01363253593445
68.843988864 -135.93099994957447 4.043448597192764 30.01378893852234
68.863978135 -135.9757082015276 3.9852994978427887 30.013983488082886
68.88397422 -136.00555439293385 3.946573406457901 30.014124631881714
68.904208055 -136.05033893883228 3.8884736597537994 30.014368772506714
68.924111264 -136.08021564781666 3.849755674600601 30.014544248580933
68.944024868 -136.12506122887135 3.7916926443576813 30.014830350875854
68.964015244 -136.1549837142229 3.752977281808853 30.0150363445282
68.983931027 -136.1999055892229 3.694918066263199 30.015368223190308
69.004152881 -136.22987385094166 3.656210094690323 30.015589475631714
69.024087951 -136.27484150230885 3.598172813653946 30.015928983688354
69.044008552 -136.30484028160572 3.5594727098941803 30.016157865524292
69.063975561 -136.34982319176197 3.5014168322086334 30.01650881767273
69.083981025 -136.37982197105885 3.4627179205417633 30.016749143600464
69.104077952 -136.42482014000416 3.404651790857315 30.017073392868042
69.124079574 -136.45481891930103 3.365938574075699 30.01729464530945
69.144010679 -136.49981708824635 3.3078812658786774 30.017645597457886
69.163997489 -136.52983112633228 3.2691687643527985 30.017847776412964
69.183913133 -136.57485981285572 3.211146980524063 30.018160581588745
69.20402852 -136.60488910973072 3.1724824011325836 30.018351316452026
69.224166454 -136.64993305504322 3.1145056784152985 30.01861834526062
69.244005324 -136.67996235191822 3.0758682787418365 30.018786191940308
69.264000295 -136.72499103844166 3.0179344713687897 30.019030332565308
69.283984561 -136.75498981773853 2.979349762201309 30.019171476364136
69.304023154 -136.79998798668385 2.9214674532413483 30.01940417289734
69.324169646 -136.82997150719166 2.882890611886978 30.01956057548523
69.344011234 -136.87492389976978 2.8250490725040436 30.019789457321167
69.363987726 -136.9049074202776 2.786487251520157 30.019938230514526
69.383932166 -136.9498292952776 2.728644520044327 30.020155668258667
69.403988857 -136.97978229820728 2.6900724470615387 30.02030062675476
69.424137076 -137.0247346907854 2.632209450006485 30.020525693893433
69.443994183 -137.05470295250416 2.5936292707920074 30.020628690719604
69.463976297 -137.09965534508228 2.535736709833145 30.02082324028015
69.483952833 -137.12962360680103 2.4971281588077545 30.020933866500854
69.5039982 -137.1745607405901 2.4392100870609283 30.02107882499695
69.52412286 -137.20449848473072 2.400597006082535 30.021162748336792
69.544022445 -137.2493440657854 2.342642456293106 30.021273374557495
69.563993084 -137.2792512923479 2.3039938509464264 30.0213840007782
69.583956603 -137.32408161461353 2.245981127023697 30.02152132987976
69.603956602 -137.3539583235979 2.2072886526584625 30.02160143852234
69.624079417 -137.39877338707447 2.1492301523685455 30.021712064743042
69.644005395 -137.42860431969166 2.110486179590225 30.021788358688354
69.663961385 -137.4733430892229 2.0523461401462555 30.02188754081726
69.683977764 -137.50315876305103 2.013559252023697 30.02194857597351
69.703973921 -137.54789753258228 1.9553584158420563 30.02205538749695
69.724230887 -137.57772846519947 1.9165481626987457 30.02213168144226
69.744029329 -137.62249775230885 1.8582821190357208 30.022242307662964
69.76397214 -137.65235920250416 1.8194412291049957 30.02236819267273
69.78393058 -137.6971437484026 1.7611824572086334 30.02255892753601
69.803972147 -137.7270051985979 1.722341924905777 30.02270007133484
69.824283905 -137.77177448570728 1.6640762388706207 30.022928953170776
69.84400845 -137.80162067711353 1.6252215206623077 30.023085355758667
69.864047175 -137.84637470543385 1.5669247210025787 30.023375272750854
69.883975794 -137.87619037926197 1.5280409157276154 30.023566007614136
69.903995855 -137.9208986312151 1.4697189629077911 30.023844480514526
69.924247795 -137.95069904625416 1.4308400452136993 30.024027585983276
69.944013174 -137.99534626305103 1.3725363314151764 30.024298429489136
69.96397959 -138.02511616051197 1.333672434091568 30.024447202682495
69.983924395 -138.06974811851978 1.2753904163837433 30.02465319633484
70.004007315 -138.09950275719166 1.236539751291275 30.02478289604187
70.024117148 -138.14413471519947 1.178271323442459 30.025004148483276
70.044020265 -138.17387409508228 1.1394074261188507 30.02514910697937
70.063978568 -138.2185060530901 1.081110268831253 30.025347471237183
70.083964678 -138.24827595055103 1.042233020067215 30.02547335624695
70.104005215 -138.29293842613697 0.9839042723178864 30.025660276412964
70.124141069 -138.32273884117603 0.9450241029262543 30.025782346725464
70.144024322 -138.36744709312916 0.8866438567638397 30.025973081588745
70.163980405 -138.39724750816822 0.8476909101009369 30.0261332988739
70.183918669 -138.44198627769947 0.7892202436923981 30.026354551315308
70.204012136 -138.47181721031666 0.7501733005046844 30.026476621627808
70.224328274 -138.51658649742603 0.6915944516658783 30.02664828300476
70.243998799 -138.54643268883228 0.6525154411792755 30.02676272392273
70.263976949 -138.59124775230885 0.5938976109027863 30.02695345878601
70.28396161 -138.62113972008228 0.5548283755779266 30.027083158493042
70.303953464 -138.6659700423479 0.496224969625473 30.027273893356323
70.324099971 -138.69586201012135 0.45716795325279236 30.027392148971558
70.344044735 -138.7407228499651 0.39859136939048767 30.027552366256714
70.363997565 -138.77066059410572 0.3595307767391205 30.02764391899109
70.383947966 -138.81556721031666 0.3009268045425415 30.02776598930359
70.403958346 -138.8455354720354 0.2618325799703598 30.02786135673523
70.424085156 -138.89053364098072 0.20318233966827393 30.02801775932312
70.444026613 -138.92054767906666 0.16404761373996735 30.02810549736023
70.464008185 -138.96563740074635 0.10530481487512589 30.028223752975464
70.483948792 -138.99569721519947 0.06614399701356888 30.028292417526245
70.503971149 -139.04087848961353 0.007327311672270298 30.028414487838745
70.524077497 -139.0709993392229 -0.03190375864505768 30.02850604057312
70.544071992 -139.1162111312151 -0.0907692015171051 30.028643369674683
70.563987664 -139.14634723961353 -0.13001586496829987 30.02872347831726
70.583943033 -139.19154377281666 -0.1888878047466278 30.02884554862976
70.603971013 -139.22164936363697 -0.22814998030662537 30.028937101364136
70.624326152 -139.2668458968401 -0.28700822591781616 30.029085874557495
70.644072396 -139.29696674644947 -0.32623523473739624 30.029200315475464
70.664004073 -139.34217853844166 -0.3850444257259369 30.029436826705933
70.683978139 -139.37232990562916 -0.42421960830688477 30.02960467338562
70.703965872 -139.41758747398853 -0.48296377062797546 30.02985644340515
70.724178523 -139.44778461754322 -0.5221092402935028 30.03000521659851
70.744064945 -139.4931184798479 -0.5807954370975494 30.030211210250854
70.763956865 -139.52337665855885 -0.6199082434177399 30.030287504196167
70.783974728 -139.56878681480885 -0.6785521805286407 30.030382871627808
70.803981529 -139.5990755110979 -0.717645138502121 30.03042483329773
70.824366477 -139.64456196129322 -0.776251882314682 30.03047823905945
70.844039745 -139.67489643394947 -0.8153224289417267 30.030508756637573
70.863995048 -139.7204591780901 -0.8739276826381683 30.030508756637573
70.883959825 -139.75083942711353 -0.9129770696163177 30.03051257133484
70.903958104 -139.7964632064104 -0.9715782701969147 30.03052020072937
70.92410156 -139.8269044905901 -1.0106391608715057 30.0305278301239
70.944064422 -139.87257404625416 -1.0692192018032074 30.03054690361023
70.963995535 -139.90306110680103 -1.1082703769207 30.030565977096558
70.983952396 -139.94877643883228 -1.1668088138103485 30.030623197555542
71.00394911 -139.97927875816822 -1.205821007490158 30.03067660331726
71.024105609 -140.0250246077776 -1.2643117606639862 30.030768156051636
71.044094288 -140.05552692711353 -1.3032782971858978 30.030836820602417
71.063990088 -140.10121174156666 -1.3617083728313446 30.030916929244995
71.083961278 -140.1316682845354 -1.4006259143352509 30.03097414970398
71.103935247 -140.17727680504322 -1.4589669406414032 30.03109622001648
71.124068412 -140.2076417952776 -1.4978477656841278 30.031172513961792
71.144088025 -140.2531740218401 -1.5561477839946747 30.031275510787964
71.16398971 -140.28347797691822 -1.5950170457363129 30.031351804733276
71.183936655 -140.32891865074635 -1.6532971560955048 30.03148913383484
71.203948121 -140.35919208824635 -1.6921564042568207 30.031588315963745
71.224082523 -140.40452595055103 -1.7504423558712006 30.031729459762573
71.244059963 -140.43475361168385 -1.7892769277095795 30.031824827194214
71.264014716 -140.47999592125416 -1.8475709855556488 30.032015562057495
71.283973565 -140.51014728844166 -1.8864236772060394 30.03213381767273
71.303992307 -140.55534382164478 -1.9446836411952972 30.03230929374695
71.324091267 -140.58541889488697 -1.9835263192653656 30.032442808151245
71.344099264 -140.63055439293385 -2.041735976934433 30.032633543014526
71.363989719 -140.6605989485979 -2.080505222082138 30.032782316207886
71.383934941 -140.70565815269947 -2.13861283659935 30.0329806804657
71.403967412 -140.73565693199635 -2.177330106496811 30.0330913066864
71.424079157 -140.7806398421526 -2.2353614270687103 30.033255338668823
71.44430623 -140.81060810387135 -2.274016946554184 30.033365964889526
71.46399233 -140.85557575523853 -2.3319481313228607 30.033575773239136
71.483984426 -140.88555927574635 -2.370537608861923 30.03372836112976
71.503967317 -140.93055744469166 -2.428375333547592 30.03399920463562
71.524081179 -140.96055622398853 -2.4669202268123627 30.034231901168823
71.544068475 -141.00558491051197 -2.524705022573471 30.034579038619995
71.564003494 -141.0356447249651 -2.5632167756557465 30.034838438034058
71.583924804 -141.0807649642229 -2.6209743916988373 30.03523898124695
71.604032985 -141.11085529625416 -2.6594599187374115 30.03549838066101
71.62409259 -141.15602131187916 -2.7171739041805267 30.035902738571167
71.644040899 -141.18612690269947 -2.755631297826767 30.03616213798523
71.664030207 -141.2312776595354 -2.8133436143398285 30.03656268119812
71.68397648 -141.26136799156666 -2.851818174123764 30.036818265914917
71.703977728 -141.3064729720354 -2.9095273911952972 30.037195920944214
71.724074867 -141.33648701012135 -2.948021739721298 30.03745150566101
71.744060371 -141.38150043785572 -3.0057476460933685 30.03781008720398
71.764082919 -141.4114534407854 -3.0442467629909515 30.03808856010437
71.783922511 -141.4563753157854 -3.1020074784755707 30.038470029830933
71.80396559 -141.48631305992603 -3.140498250722885 30.03869891166687
71.824118154 -141.53117389976978 -3.1982859075069427 30.03902316093445
71.84406227 -141.56108112633228 -3.236818164587021 30.03921389579773
71.864111635 -141.60592670738697 -3.29462131857872 30.03948473930359
71.883955467 -141.6358186751604 -3.3331452310085297 30.03964114189148
71.903974161 -141.6806184798479 -3.390915960073471 30.039828062057495
71.924071193 -141.71046467125416 -3.4294448792934418 30.0399272441864
71.944166761 -141.7552492171526 -3.4871970117092133 30.0400493144989
71.964006049 -141.7851106673479 -3.5256820619106293 30.040144681930542
71.983927728 -141.82986469566822 -3.583378881216049 30.04027819633484
72.003954505 -141.85971088707447 -3.621816247701645 30.040362119674683
72.024046704 -141.90443439781666 -3.6794446408748627 30.040472745895386
72.044078521 -141.93421955406666 -3.717853397130966 30.04052996635437
72.065246405 -141.97889728844166 -3.7754524648189545 30.040594816207886
72.085149871 -142.00863666832447 -3.813837617635727 30.04064440727234
72.105148261 -142.05323810875416 -3.8713837563991547 30.040682554244995
72.125481812 -142.0829622298479 -3.9097364842891693 30.040716886520386
72.145209339 -142.12757892906666 -3.9672256410121918 30.040770292282104
72.165191481 -142.15733356773853 -4.005533069372177 30.040831327438354
72.18510615 -142.2019807845354 -4.062967151403427 30.040953397750854
72.205147031 -142.2317659407854 -4.101233810186386 30.0410258769989
72.225299107 -142.27647419273853 -4.158620685338974 30.04120135307312
72.245192008 -142.30628986656666 -4.196868747472763 30.04133105278015
72.265201736 -142.35105915367603 -4.254225581884384 30.0415141582489
72.285151113 -142.38087482750416 -4.292501300573349 30.0416362285614
72.305153992 -142.42562885582447 -4.349909633398056 30.04180407524109
72.325467513 -142.45547504723072 -4.388207286596298 30.041903257369995
72.34520342 -142.5002443343401 -4.44568333029747 30.042032957077026
72.365178887 -142.5301057845354 -4.483990520238876 30.042128324508667
72.38512426 -142.57485981285572 -4.541525214910507 30.042261838912964
72.405161839 -142.60470600426197 -4.579848617315292 30.042341947555542
72.425286672 -142.64944477379322 -4.637385219335556 30.042479276657104
72.445205365 -142.6792757064104 -4.675735324621201 30.042547941207886
72.465183449 -142.72401447594166 -4.733252376317978 30.04260516166687
72.485164904 -142.75383014976978 -4.771618694067001 30.042654752731323
72.505159485 -142.7985841780901 -4.829139083623886 30.0427463054657
72.525265008 -142.82839985191822 -4.867490619421005 30.04281497001648
72.545201502 -142.87313862144947 -4.925006240606308 30.04291796684265
72.565220569 -142.90300007164478 -4.963329643011093 30.042982816696167
72.585109693 -142.9477540999651 -5.0208114087581635 30.043116331100464
72.605145731 -142.9776155501604 -5.05911859869957 30.04318881034851
72.625261148 -143.02243061363697 -5.1165593564510345 30.043272733688354
72.645210925 -143.0523225814104 -5.154850333929062 30.04333758354187
72.665195472 -143.09719868004322 -5.212240070104599 30.043387174606323
72.685188663 -143.12713642418385 -5.2504585683345795 30.04341769218445
72.705155149 -143.1720735579729 -5.30773863196373 30.04345965385437
72.725576253 -143.20204181969166 -5.345894664525986 30.0434787273407
72.745199174 -143.2470247298479 -5.403116077184677 30.043482542037964
72.765196169 -143.27700825035572 -5.441245406866074 30.043490171432495
72.785105489 -143.32200641930103 -5.49846014380455 30.04348635673523
72.805149838 -143.3520051985979 -5.536600440740585 30.043474912643433
72.825264077 -143.3970491439104 -5.593803733587265 30.043440580368042
72.845237263 -143.42704792320728 -5.631955951452255 30.043410062789917
72.865198374 -143.47207660973072 -5.68917116522789 30.04330325126648
72.885205129 -143.50210590660572 -5.727330058813095 30.0432231426239
72.9051561 -143.5471193343401 -5.7845586240291595 30.043062925338745
72.925267326 -143.5771486312151 -5.822688907384872 30.042940855026245
72.945203822 -143.62216205894947 -5.879849761724472 30.042757749557495
72.965180911 -143.65219135582447 -5.917932361364365 30.04263949394226
72.985118643 -143.69718952476978 -5.975039333105087 30.042464017868042
73.005152175 -143.72720356285572 -6.013093799352646 30.042349576950073
73.025415527 -143.77223224937916 -6.070154041051865 30.042181730270386
73.04521269 -143.80226154625416 -6.108191341161728 30.042052030563354
73.06524849 -143.84732075035572 -6.1652253568172455 30.041876554489136
73.085149841 -143.87735004723072 -6.203253597021103 30.04172396659851
73.105138358 -143.92240925133228 -6.26029047369957 30.041510343551636
73.12528041 -143.9524690657854 -6.298297733068466 30.041369199752808
73.145235666 -143.99758930504322 -6.355339854955673 30.041109800338745
73.165189324 -144.02769489586353 -6.393354743719101 30.04092288017273
73.185121068 -144.0728761702776 -6.450356334447861 30.04062533378601
73.205159102 -144.10301227867603 -6.488337367773056 30.040419340133667
73.225293435 -144.14823932945728 -6.545283645391464 30.040098905563354
73.245248105 -144.17839069664478 -6.583250850439072 30.039835691452026
73.2651931 -144.22361774742603 -6.640183299779892 30.039416074752808
73.285150201 -144.2537385970354 -6.678144782781601 30.039095640182495
73.305189113 -144.29888935387135 -6.735094398260117 30.038553953170776
73.325265139 -144.32899494469166 -6.773050159215927 30.03818392753601
73.345248109 -144.37408466637135 -6.830009788274765 30.037550687789917
73.365186759 -144.4041292220354 -6.8679793775081635 30.037092924118042
73.385099548 -144.4491731673479 -6.924927085638046 30.036394834518433
73.405147133 -144.47915668785572 -6.962917655706406 30.035906553268433
73.425260417 -144.52413959801197 -7.019889205694199 30.035189390182495
73.445274672 -144.55410785973072 -7.057882159948349 30.03472399711609
73.46520326 -144.59904499351978 -7.114846080541611 30.034075498580933
73.485153828 -144.62899799644947 -7.152814716100693 30.03365206718445
73.505185348 -144.67391987144947 -7.209789603948593 30.033079862594604
73.525273289 -144.70388813316822 -7.24776491522789 30.032732725143433
73.545257083 -144.74882526695728 -7.304780811071396 30.032240629196167
73.565202079 -144.77877826988697 -7.342795222997665 30.031927824020386
73.585149236 -144.82374592125416 -7.399822562932968 30.031492948532104
73.605177771 -144.85369892418385 -7.437862724065781 30.031195402145386
73.625253113 -144.8986360579729 -7.49489626288414 30.030760526657104
73.645241182 -144.92860431969166 -7.53292116522789 30.030501127243042
73.66519138 -144.97357197105885 -7.589929431676865 30.03012728691101
73.685153132 -145.00357075035572 -7.627907603979111 30.02990221977234
73.705164023 -145.04855366051197 -7.684858173131943 30.02961230278015
73.725248524 -145.0785676985979 -7.722794383764267 30.029433012008667
73.745227948 -145.12356586754322 -7.77967295050621 30.029223203659058
73.765202647 -145.15357990562916 -7.8175643384456635 30.02904772758484
73.785114236 -145.1986085921526 -7.874364227056503 30.028822660446167
73.805151576 -145.2286378890276 -7.9122088849544525 30.028704404830933
73.825216568 -145.27371235191822 -7.968926757574081 30.028570890426636
73.845226838 -145.3037874251604 -8.006706088781357 30.028502225875854
73.865430662 -145.34889240562916 -8.063342899084091 30.028429746627808
73.885167136 -145.3789827376604 -8.101077884435654 30.02839159965515
73.905154494 -145.42416401207447 -8.157700389623642 30.028345823287964
73.925416305 -145.4543001204729 -8.19543632864952 30.0283305644989
73.94525922 -145.49954243004322 -8.252022594213486 30.0283305644989
73.965188585 -145.52970905601978 -8.289770931005478 30.0283305644989
73.985119436 -145.57499714195728 -8.346346706151962 30.028334379196167
74.005151993 -145.60520954430103 -8.38402447104454 30.02834963798523
74.025294286 -145.65054340660572 -8.440501064062119 30.028399229049683
74.045226315 -145.6807863265276 -8.478120654821396 30.02844500541687
74.065269979 -145.72621174156666 -8.534525722265244 30.02854037284851
74.085158372 -145.75653095543385 -8.572108119726181 30.028612852096558
74.105191658 -145.80203266441822 -8.628454059362411 30.02875018119812
74.125504316 -145.83238239586353 -8.666004031896591 30.028853178024292
74.145232997 -145.8779298812151 -8.722307056188583 30.029005765914917
74.165200446 -145.90829487144947 -8.759862750768661 30.029093503952026
74.185099554 -145.95387287437916 -8.8161800801754 30.029227018356323
74.205169102 -145.98426838219166 -8.85373768210411 30.0293185710907
74.22529146 -146.0299074202776 -8.91010269522667 30.02945590019226
74.245274284 -146.06034870445728 -8.947672694921494 30.029547452926636
74.265178589 -146.10601826012135 -9.004039615392685 30.0296847820282
74.285144445 -146.13649006187916 -9.041608661413193 30.029776334762573
74.305157212 -146.18219013512135 -9.09802421927452 30.030020475387573
74.325280825 -146.21269245445728 -9.135650485754013 30.03020739555359
74.345292458 -146.25846882164478 -9.192115634679794 30.030504941940308
74.365193581 -146.28904743492603 -9.229786723852158 30.03071093559265
74.385108286 -146.33493061363697 -9.286275714635849 30.031012296676636
74.405150129 -146.36553974449635 -9.323942989110947 30.031214475631714
74.425288855 -146.41151447594166 -9.380462497472763 30.031542539596558
74.445278919 -146.44216938316822 -9.418133586645126 30.03176760673523
74.465214446 -146.48820514976978 -9.474690288305283 30.03218722343445
74.485171511 -146.5189210921526 -9.512401431798935 30.032458066940308
74.505154369 -146.5650178939104 -9.568973392248154 30.032816648483276
74.525267863 -146.59576435387135 -9.606679767370224 30.033037900924683
74.545291804 -146.64187641441822 -9.6632259786129 30.033358335494995
74.565206822 -146.6726076155901 -9.700951427221298 30.0335795879364
74.585119233 -146.71868915855885 -9.757531017065048 30.033888578414917
74.60518619 -146.74940510094166 -9.79526600241661 30.034090757369995
74.625217588 -146.79547138512135 -9.851881831884384 30.034388303756714
74.64527546 -146.8261720687151 -9.889613002538681 30.03457522392273
74.665227537 -146.87220783531666 -9.94625934958458 30.034865140914917
74.685167298 -146.9029085189104 -9.984029620885849 30.035048246383667
74.70515283 -146.9489748030901 -10.04069122672081 30.03536105155945
74.725213806 -146.9796907454729 -10.078544467687607 30.035597562789917
74.74538374 -147.02578754723072 -10.13532242178917 30.03592562675476
74.765200497 -147.0565187484026 -10.173217624425888 30.036139249801636
74.785147126 -147.1026155501604 -10.2300566136837 30.036452054977417
74.805143015 -147.13336201012135 -10.267978519201279 30.036680936813354
74.825202343 -147.17950458824635 -10.324909061193466 30.03704333305359
74.845297826 -147.21026630699635 -10.362857669591904 30.037272214889526
74.86518944 -147.25645466148853 -10.419890254735947 30.037623167037964
74.885152115 -147.28724689781666 -10.457919925451279 30.0378634929657
74.905147254 -147.33341999351978 -10.514983028173447 30.0382182598114
74.925143016 -147.3642122298479 -10.553062289953232 30.038466215133667
74.945259078 -147.41038532555103 -10.610145419836044 30.038805723190308
74.965213007 -147.44114704430103 -10.64820083975792 30.039046049118042
74.985120839 -147.4873048812151 -10.705247730016708 30.039347410202026
75.005154805 -147.51808185875416 -10.743246883153915 30.039522886276245
75.025155488 -147.56423969566822 -10.800255626440048 30.03970980644226
75.045694624 -147.59501667320728 -10.838217586278915 30.039820432662964
75.065289005 -147.64114399254322 -10.895178645849228 30.039881467819214
75.085164716 -147.6718751937151 -10.933134883642197 30.03989291191101
75.105123191 -147.71794147789478 -10.990043491125107 30.03988528251648
75.12529082 -147.7486116439104 -11.028041690587997 30.039839506149292
75.145272855 -147.79458637535572 -11.085025638341904 30.03974413871765
75.16624223 -147.82521076500416 -11.123037189245224 30.03970217704773
75.186165102 -147.8710939437151 -11.180097430944443 30.039591550827026
75.20618168 -147.90167255699635 -11.218127101659775 30.039496183395386
75.226265766 -147.94744892418385 -11.27524933218956 30.03930163383484
75.246225522 -147.97795124351978 -11.313334316015244 30.039164304733276
75.266242855 -148.02365131676197 -11.370467990636826 30.03897738456726
75.286176034 -148.0540773421526 -11.408630222082138 30.038836240768433
75.306151611 -148.09974689781666 -11.465784877538681 30.03863024711609
75.326261403 -148.13015766441822 -11.503943294286728 30.038485288619995
75.346283984 -148.17575092613697 -11.56113514304161 30.038248777389526
75.366613876 -148.2061311751604 -11.599256366491318 30.03808856010437
75.386138313 -148.25167866051197 -11.656418651342392 30.037829160690308
75.406162969 -148.28202839195728 -11.694493144750595 30.037646055221558
75.426262117 -148.32754535973072 -11.751622051000595 30.037333250045776
75.446328309 -148.3579103499651 -11.789676517248154 30.0371310710907
75.466240816 -148.40348835289478 -11.846717685461044 30.036890745162964
75.486179294 -148.43389911949635 -11.884752124547958 30.03671908378601
75.506192408 -148.47952289879322 -11.941748470067978 30.03647494316101
75.526286238 -148.50994892418385 -11.979732364416122 30.036322355270386
75.546310294 -148.55558796226978 -12.036703914403915 30.036131620407104
75.566236213 -148.58602924644947 -12.074656337499619 30.036059141159058
75.586158071 -148.63163776695728 -12.13156971335411 30.03597903251648
75.606148101 -148.66201801598072 -12.169480174779892 30.035940885543823
75.626292981 -148.70753498375416 -12.22641834616661 30.03594470024109
75.646324067 -148.73785419762135 -12.264370769262314 30.035956144332886
75.666239018 -148.78329487144947 -12.321289867162704 30.03594470024109
75.686199024 -148.81353779137135 -12.359280437231064 30.035956144332886
75.706163802 -148.8588869124651 -12.416222423315048 30.03601336479187
75.726282466 -148.88908405601978 -12.454179614782333 30.036078214645386
75.746335978 -148.93437214195728 -12.511127322912216 30.036207914352417
75.766210371 -148.9645540267229 -12.549068301916122 30.03631091117859
75.786143875 -149.0097658187151 -12.606007426977158 30.0365092754364
75.806154636 -149.03990192711353 -12.64395222067833 30.036665678024292
75.826259655 -149.08509846031666 -12.700845569372177 30.036932706832886
75.846351154 -149.11521930992603 -12.738761752843857 30.037115812301636
75.866299011 -149.16037006676197 -12.795614093542099 30.03742480278015
75.886182476 -149.1904298812151 -12.833549350500107 30.037649869918823
75.906148574 -149.23551960289478 -12.890426486730576 30.03796648979187
75.926233816 -149.26554889976978 -12.928361743688583 30.038180112838745
75.946323049 -149.31056232750416 -12.985287517309189 30.03851580619812
75.966219317 -149.34056110680103 -13.023218959569931 30.03869128227234
75.986179112 -149.3854982405901 -13.080184787511826 30.038965940475464
76.006161261 -149.41545124351978 -13.11814197897911 30.039141416549683
76.026236744 -149.46037311851978 -13.175051540136337 30.03939700126648
76.046428755 -149.49028034508228 -13.21301445364952 30.0395610332489
76.066227061 -149.53517170250416 -13.26992878317833 30.03975558280945
76.086195611 -149.56507892906666 -13.307884067296982 30.039873838424683
76.106148827 -149.60995502769947 -13.364778369665146 30.040056943893433
76.126203871 -149.6398469954729 -13.402706950902939 30.040175199508667
76.146320125 -149.68472309410572 -13.459576457738876 30.040350675582886
76.166600857 -149.71466083824635 -13.497460216283798 30.040472745895386
76.186150985 -149.75956745445728 -13.554303973913193 30.04065203666687
76.206167718 -149.78953571617603 -13.592161983251572 30.04076647758484
76.226235689 -149.83453388512135 -13.648892253637314 30.04093050956726
76.246281319 -149.86456318199635 -13.686704486608505 30.041056394577026
76.26621471 -149.9096681624651 -13.743384212255478 30.041239500045776
76.286200608 -149.93978901207447 -13.78115925192833 30.041365385055542
76.306165073 -149.98503132164478 -13.837826579809189 30.041544675827026
76.326188414 -150.0152132064104 -13.875585407018661 30.041651487350464
76.346290298 -150.06057758629322 -13.932256549596786 30.041823148727417
76.366266582 -150.09083576500416 -13.969992488622665 30.041910886764526
76.386156491 -150.1362306624651 -14.026586383581161 30.042067289352417
76.406179959 -150.1665040999651 -14.064303249120712 30.04218554496765
76.426191723 -150.21192951500416 -14.120856136083603 30.042372465133667
76.446348288 -150.24220295250416 -14.158574908971786 30.04253649711609
76.466261877 -150.28765888512135 -14.215146869421005 30.04284930229187
76.486202357 -150.31797809898853 -14.252887576818466 30.04306674003601
76.506147907 -150.3634798079729 -14.309528201818466 30.043402433395386
76.526217249 -150.39384479820728 -14.347272723913193 30.04361605644226
76.546327796 -150.43943805992603 -14.404017299413681 30.043963193893433
76.566246288 -150.46986408531666 -14.441847652196884 30.044173002243042
76.586141979 -150.5155031234026 -14.498595088720322 30.044466733932495
76.606141823 -150.54591389000416 -14.536517947912216 30.044665098190308
76.626208371 -150.5915529280901 -14.593319743871689 30.044901609420776
76.646282073 -150.62196369469166 -14.63123020529747 30.045084714889526
76.66650474 -150.66758747398853 -14.688058704137802 30.045382261276245
76.686168554 -150.6979982405901 -14.725947231054306 30.04558825492859
76.706166255 -150.7436067610979 -14.782774776220322 30.045965909957886
76.726243653 -150.77403278648853 -14.8206327855587 30.046217679977417
76.746270725 -150.81964130699635 -14.877498477697372 30.046663999557495
76.766259782 -150.85006733238697 -14.91539940237999 30.0470073223114
76.786173005 -150.8957063704729 -14.97223362326622 30.047510862350464
76.806149301 -150.92613239586353 -15.01013359427452 30.0478618144989
76.826201174 -150.97181721031666 -15.066929668188095 30.048353910446167
76.846480462 -151.0022737532854 -15.104771465063095 30.048693418502808
76.866239353 -151.04798908531666 -15.16153034567833 30.049296140670776
76.88619844 -151.07847614586353 -15.199339717626572 30.049673795700073
76.906151446 -151.1242219954729 -15.256021350622177 30.050223112106323
76.926161437 -151.1547395735979 -15.293773502111435 30.050562620162964
76.946295634 -151.20050068199635 -15.350457042455673 30.05108141899109
76.966248869 -151.23101826012135 -15.388220638036728 30.051382780075073
76.986158942 -151.27677936851978 -15.44482597708702 30.051790952682495
77.006153536 -151.3072511702776 -15.482555240392685 30.052050352096558
77.026172196 -151.35292072594166 -15.539095729589462 30.052386045455933
77.046343313 -151.38334675133228 -15.576761096715927 30.052584409713745
77.066325556 -151.42894001305103 -15.633236736059189 30.052855253219604
77.086181152 -151.45933552086353 -15.670857280492783 30.05301547050476
77.106155985 -151.50486774742603 -15.727322429418564 30.053274869918823
77.126172027 -151.5352327376604 -15.764946788549423 30.053431272506714
77.14629473 -151.58078022301197 -15.821360439062119 30.05361819267273
77.166433063 -151.6111604720354 -15.858959048986435 30.05367159843445
77.186129694 -151.65675373375416 -15.915337413549423 30.053717374801636
77.2061485 -151.6871339827776 -15.952940791845322 30.053736448287964
77.226242507 -151.73272724449635 -16.009303897619247 30.053751707077026
77.246309305 -151.76310749351978 -16.04686340689659 30.053759336471558
77.266242416 -151.8087160140276 -16.10315689444542 30.05379366874695
77.286189218 -151.83914203941822 -16.140651553869247 30.05379366874695
77.306152454 -151.88479633629322 -16.196868747472763 30.05383563041687
77.32616413 -151.9152376204729 -16.23431572318077 30.053858518600464
77.346339659 -151.96092243492603 -16.290445178747177 30.05386996269226
77.366259914 -151.99137897789478 -16.327852100133896 30.053892850875854
77.386164091 -152.03709430992603 -16.383920520544052 30.05390429496765
77.406154989 -152.06761188805103 -16.42127212882042 30.053892850875854
77.426197456 -152.11338825523853 -16.477258533239365 30.0538547039032
77.446289579 -152.14390583336353 -16.51456245779991 30.053824186325073
77.466295471 -152.18971271812916 -16.570472568273544 30.053770780563354
77.486185931 -152.22026081383228 -16.60771545767784 30.0537211894989
77.506177981 -152.26603718101978 -16.663539737462997 30.053648710250854
77.526150631 -152.29655475914478 -16.700734943151474 30.053587675094604
77.546436514 -152.34234638512135 -16.756486743688583 30.053480863571167
77.566232261 -152.37289448082447 -16.793666690587997 30.053419828414917
77.586143781 -152.4187013655901 -16.84942039847374 30.053301572799683
77.606190243 -152.44924946129322 -16.886594623327255 30.05321764945984
77.626164101 -152.49504108726978 -16.94236931204796 30.053072690963745
77.646279056 -152.52557392418385 -16.97953972220421 30.052962064743042
77.666426453 -152.57130451500416 -17.03538116812706 30.052759885787964
77.686190183 -152.60182209312916 -17.07257255911827 30.05260729789734
77.706191623 -152.64750690758228 -17.1283720433712 30.052420377731323
77.726163073 -152.67794819176197 -17.16556152701378 30.052294492721558
77.746289115 -152.7235872298479 -17.221322864294052 30.052107572555542
77.766275771 -152.7539827376604 -17.2585047185421 30.052016019821167
77.786146017 -152.7995607405901 -17.31426414847374 30.05188250541687
77.806188229 -152.8299104720354 -17.35144791007042 30.05182909965515
77.826173401 -152.87539692223072 -17.407218784093857 30.0517680644989
77.846323046 -152.90573139488697 -17.44438347220421 30.05171847343445
77.866384661 -152.9511720687151 -17.500196307897568 30.05167269706726
77.886163003 -152.98147602379322 -17.537410587072372 30.05163836479187
77.906187253 -153.02694721519947 -17.59323677420616 30.051581144332886
77.926173825 -153.05728168785572 -17.630496829748154 30.051554441452026
77.946286668 -153.1027833968401 -17.686332553625107 30.051485776901245
77.966275462 -153.13311786949635 -17.72356590628624 30.05142855644226
77.986152096 -153.17861957848072 -17.779397815465927 30.051321744918823
78.006192883 -153.20896930992603 -17.816633075475693 30.05123782157898
78.026167709 -153.25445576012135 -17.872487872838974 30.051104307174683
78.046273691 -153.28480549156666 -17.909707874059677 30.051005125045776
78.066476538 -153.33029194176197 -17.965572208166122 30.05085253715515
78.086176715 -153.36062641441822 -18.002803653478622 30.050738096237183
78.106165439 -153.40617389976978 -18.058631747961044 30.050570249557495
78.126159134 -153.43656940758228 -18.095878452062607 30.050463438034058
78.146280734 -153.48220844566822 -18.151725620031357 30.050291776657104
78.166279325 -153.5126497298479 -18.188955157995224 30.050158262252808
78.186170474 -153.55838032066822 -18.244775623083115 30.049944639205933
78.20620828 -153.58888264000416 -18.28196892142296 30.04978060722351
78.226186086 -153.63468952476978 -18.337766498327255 30.049505949020386
78.246292226 -153.6652376204729 -18.374950259923935 30.049315214157104
78.266392898 -153.7110597640276 -18.43076118826866 30.048990964889526
78.286189189 -153.74162311851978 -18.467962116003036 30.04876971244812
78.306203019 -153.78744526207447 -18.523742526769638 30.048434019088745
78.326153926 -153.8179933577776 -18.560932010412216 30.048205137252808
78.346302897 -153.86383076012135 -18.616697162389755 30.04785418510437
78.366540615 -153.89439411461353 -18.653882831335068 30.0476176738739
78.386226007 -153.94023151695728 -18.709674686193466 30.047259092330933
78.406207919 -153.9707796126604 -18.74686226248741 30.047030210494995
78.426203255 -154.01658649742603 -18.802743762731552 30.04670214653015
78.446305057 -154.04713459312916 -18.840009540319443 30.046480894088745
78.466342364 -154.09294147789478 -18.895919650793076 30.046126127243042
78.486189364 -154.12347431480885 -18.933189243078232 30.045897245407104
78.506176178 -154.16923542320728 -18.989087909460068 30.04558825492859
78.526163416 -154.19972248375416 -19.026359409093857 30.04537844657898
78.546300059 -154.2454378157854 -19.082246631383896 30.045058012008667
78.566344697 -154.27589435875416 -19.11951431632042 30.044848203659058
78.586134937 -154.32156391441822 -19.175414890050888 30.04452395439148
78.606175207 -154.3520051985979 -19.212663501501083 30.04431414604187
78.626188907 -154.39764423668385 -19.268558353185654 30.044024229049683
78.64625681 -154.42808552086353 -19.305808871984482 30.0438334941864
78.666559719 -154.4737550765276 -19.361663669347763 30.043585538864136
78.686209833 -154.50418110191822 -19.398862689733505 30.043421506881714
78.706183417 -154.54985065758228 -19.45459732413292 30.043177366256714
78.726159796 -154.58030720055103 -19.491699069738388 30.043017148971558
78.74627242 -154.62599201500416 -19.54730400443077 30.042773008346558
78.766436389 -154.65643329918385 -19.584340900182724 30.042567014694214
78.786143535 -154.70208759605885 -19.639854282140732 30.042277097702026
78.806197077 -154.73252888023853 -19.6768339574337 30.04209017753601
78.826158736 -154.7781526595354 -19.732305377721786 30.041788816452026
78.846263301 -154.80856342613697 -19.769271701574326 30.04158663749695
78.866397103 -154.85415668785572 -19.824699252843857 30.041212797164917
78.886198225 -154.8845216780901 -19.861650317907333 30.04094958305359
78.906225754 -154.93006916344166 -19.917051166296005 30.040545225143433
78.926160255 -154.96041889488697 -19.953977435827255 30.04027819633484
78.946276272 -155.00596638023853 -20.00938019156456 30.039870023727417
78.966298814 -155.0363313704729 -20.046310275793076 30.03961443901062
78.986168401 -155.08183307945728 -20.101749271154404 30.039232969284058
79.006165166 -155.1121828109026 -20.138685077428818 30.03900408744812
79.026184058 -155.15769977867603 -20.19408020377159 30.038676023483276
79.046235832 -155.18803425133228 -20.231000751256943 30.03845477104187
79.067238377 -155.23355121910572 -20.286355823278427 30.038126707077026
79.086232499 -155.26390095055103 -20.323255389928818 30.03789782524109
79.106208644 -155.30943317711353 -20.378579944372177 30.03753924369812
79.126186971 -155.33981342613697 -20.415450900793076 30.03729510307312
79.146300622 -155.38543720543385 -20.470760196447372 30.036944150924683
79.166622562 -155.41587848961353 -20.50762352347374 30.03669238090515
79.186156082 -155.46160908043385 -20.562930911779404 30.036322355270386
79.206214284 -155.49211139976978 -20.599790424108505 30.03610873222351
79.226183593 -155.53790302574635 -20.655055850744247 30.03583025932312
79.246292878 -155.5684358626604 -20.691879123449326 30.035685300827026
79.266636507 -155.61427326500416 -20.74708542227745 30.03549075126648
79.28623381 -155.64480610191822 -20.783843845129013 30.03537631034851
79.306189634 -155.69059772789478 -20.838937610387802 30.035200834274292
79.326161128 -155.72111530601978 -20.875629276037216 30.035082578659058
79.346281076 -155.76687641441822 -20.9306238591671 30.034918546676636
79.366559438 -155.79737873375416 -20.967264026403427 30.03481936454773
79.386181251 -155.84304828941822 -21.022214740514755 30.034674406051636
79.406183432 -155.8734895735979 -21.05885300040245 30.034590482711792
79.426203285 -155.91912861168385 -21.113807529211044 30.034476041793823
79.446330089 -155.94952411949635 -21.15049919486046 30.03441882133484
79.466450448 -155.99514789879322 -21.20553955435753 30.034289121627808
79.48621393 -156.02555866539478 -21.242252200841904 30.034205198287964
79.506199193 -156.0711671859026 -21.297361224889755 30.034117460250854
79.526179157 -156.1015626937151 -21.334106296300888 30.034071683883667
79.546294956 -156.14715595543385 -21.389285892248154 30.034041166305542
79.566604332 -156.17755146324635 -21.426084369421005 30.03397250175476
79.58618088 -156.22312946617603 -21.48137840628624 30.033919095993042
79.60626054 -156.25350971519947 -21.518272250890732 30.03390383720398
79.626179151 -156.29913349449635 -21.57365593314171 30.03390383720398
79.64628185 -156.32952900230885 -21.6106718480587 30.033926725387573
79.666433084 -156.37513752281666 -21.666217654943466 30.033968687057495
79.686212014 -156.4055177718401 -21.703298419713974 30.034022092819214
79.706201175 -156.45114155113697 -21.758991092443466 30.03414034843445
79.726157795 -156.4815675765276 -21.796125262975693 30.034224271774292
79.746778436 -156.52725239098072 -21.851941913366318 30.03437304496765
79.766466824 -156.55772419273853 -21.88916191458702 30.03449511528015
79.786205538 -156.60348530113697 -21.94500145316124 30.034682035446167
79.806197104 -156.63400287926197 -21.982230991125107 30.03479266166687
79.82619394 -156.67979450523853 -22.038083881139755 30.034945249557495
79.846225717 -156.7103273421526 -22.075363010168076 30.035032987594604
79.866422117 -156.7561800032854 -22.13125404715538 30.035135984420776
79.886214715 -156.78675861656666 -22.16851982474327 30.035197019577026
79.90621431 -156.83265705406666 -22.224431842565536 30.03528094291687
79.92618405 -156.86326618492603 -22.261689990758896 30.035330533981323
79.946225982 -156.9091798812151 -22.317609637975693 30.03540301322937
79.966362912 -156.9397737532854 -22.354884952306747 30.035433530807495
79.986167912 -156.98565693199635 -22.410785526037216 30.035486936569214
80.006166655 -157.0162355452776 -22.448085635900497 30.0355441570282
80.026162356 -157.06211872398853 -22.50401481986046 30.03564715385437
80.04619334 -157.09271259605885 -22.541311115026474 30.035719633102417
80.066387131 -157.13861103355885 -22.597221225500107 30.03583788871765
80.08621424 -157.16920490562916 -22.634500354528427 30.035929441452026
80.106161862 -157.21507282555103 -22.69040283560753 30.036116361618042
80.126191351 -157.24565143883228 -22.727645725011826 30.036246061325073
80.146200176 -157.2914583235979 -22.78355583548546 30.036452054977417
80.166934544 -157.3219759017229 -22.820819705724716 30.03662371635437
80.186255062 -157.36773701012135 -22.87670311331749 30.036883115768433
80.206178742 -157.39823932945728 -22.91396126151085 30.037047147750854
80.226182156 -157.44395466148853 -22.96981605887413 30.037283658981323
80.246192454 -157.47441120445728 -23.007043689489365 30.037440061569214
80.26654287 -157.52006550133228 -23.06286796927452 30.03766894340515
80.286237905 -157.55050678551197 -23.100059360265732 30.037806272506714
80.306185241 -157.59608478844166 -23.15585121512413 30.038008451461792
80.326228442 -157.62648029625416 -23.19301399588585 30.03812289237976
80.346201886 -157.67201252281666 -23.2487390935421 30.038328886032104
80.3663292 -157.7023469954729 -23.285884708166122 30.038492918014526
80.386151805 -157.74784870445728 -23.34160026907921 30.038740873336792
80.406184753 -157.77816791832447 -23.37877830862999 30.03891634941101
80.426162918 -157.82366962730885 -23.434533923864365 30.03913378715515
80.446183058 -157.8540040999651 -23.471725314855576 30.039271116256714
80.466446079 -157.8995363265276 -23.527549594640732 30.0394389629364
80.486204806 -157.92990131676197 -23.564756244421005 30.03954577445984
80.506179369 -157.97550983726978 -23.62062630057335 30.039698362350464
80.526236771 -158.00595112144947 -23.657876819372177 30.03979754447937
80.54617604 -158.05168171226978 -23.713750690221786 30.039961576461792
80.566381487 -158.08224506676197 -23.751020282506943 30.040117979049683
80.586159973 -158.12811298668385 -23.806869357824326 30.04032015800476
80.606178037 -158.15873737633228 -23.844112247228622 30.040449857711792
80.626194259 -158.2047121077776 -23.89993843436241 30.04061770439148
80.646177917 -158.2354280501604 -23.937143176794052 30.04073214530945
80.666367446 -158.28152485191822 -23.99292740225792 30.04088854789734
80.686268669 -158.31228657066822 -24.030090183019638 30.04097628593445
80.706168087 -158.35845966637135 -24.085840076208115 30.04110598564148
80.726179718 -158.38926716148853 -24.122991412878036 30.041182279586792
80.746186117 -158.43547077476978 -24.178695529699326 30.041277647018433
80.766327631 -158.46627826988697 -24.215829700231552 30.041292905807495
80.786182743 -158.51248188316822 -24.27152046561241 30.04128909111023
80.806179337 -158.5432893782854 -24.308664172887802 30.04128909111023
80.826145066 -158.5894777327776 -24.364389270544052 30.041292905807495
80.846174338 -158.62026996910572 -24.40152534842491 30.0412814617157
80.866425785 -158.6664583235979 -24.457219928503036 30.041163206100464
80.886224922 -158.69725055992603 -24.494329303503036 30.041083097457886
80.90618866 -158.74339313805103 -24.549991458654404 30.04098391532898
80.926182351 -158.77413959801197 -24.587066501379013 30.040907621383667
80.946216572 -158.82023639976978 -24.64262756705284 30.040770292282104
80.966323093 -158.8509523421526 -24.67962059378624 30.040693998336792
80.986159437 -158.89701862633228 -24.735055774450302 30.040587186813354
81.006165071 -158.9277345687151 -24.77196678519249 30.040514707565308
81.026185255 -158.97378559410572 -24.827276080846786 30.040419340133667
81.046140279 -159.00448627769947 -24.864114612340927 30.040362119674683
81.066368944 -159.0504152327776 -24.91929230093956 30.0403048992157
81.086231114 -159.0810091048479 -24.956046909093857 30.04025912284851
81.106172933 -159.12687702476978 -25.01112923026085 30.04013705253601
81.12619856 -159.15740986168385 -25.0478113591671 30.040037870407104
81.146268693 -159.20318622887135 -25.102781146764755 30.03989291191101
81.166291197 -159.2335969954729 -25.139386981725693 30.0398051738739
81.186196166 -159.27920551598072 -25.194253772497177 30.039660215377808
81.206222828 -159.30953998863697 -25.230800479650497 30.03952670097351
81.226174117 -159.35496540367603 -25.285589069128036 30.039271116256714
81.246169501 -159.38523884117603 -25.3220976293087 30.039095640182495
81.26649844 -159.4304964095354 -25.376823276281357 30.038782835006714
81.286250633 -159.46063251793385 -25.41330322623253 30.038565397262573
81.306271005 -159.5058137923479 -25.46801933646202 30.038214445114136
81.326189636 -159.53587360680103 -25.504529803991318 30.037955045700073
81.346180323 -159.58097858726978 -25.559297412633896 30.037569761276245
81.366524137 -159.61102314293385 -25.595823138952255 30.03729510307312
81.386219754 -159.65609760582447 -25.650598376989365 30.036890745162964
81.406170047 -159.68609638512135 -25.68711456656456 30.036619901657104
81.426182904 -159.7310335189104 -25.741880267858505 30.036226987838745
81.446185283 -159.7609865218401 -25.778386920690536 30.035975217819214
81.466448471 -159.80581684410572 -25.83315834403038 30.035597562789917
81.48629917 -159.8356935530901 -25.869689792394638 30.035357236862183
81.506192901 -159.88046284019947 -25.924512714147568 30.03496813774109
81.526192772 -159.91026325523853 -25.96112236380577 30.034716367721558
81.546178945 -159.95497150719166 -26.016052097082138 30.034361600875854
81.566282129 -159.98477192223072 -26.052699893712997 30.03412890434265
81.586225603 -160.02944965660572 -26.107738345861435 30.033800840377808
81.606198662 -160.05926533043385 -26.144439548254013 30.033602476119995
81.626187734 -160.10397358238697 -26.19957146048546 30.0333468914032
81.646158758 -160.13380451500416 -26.236310809850693 30.033186674118042
81.666320363 -160.1785432845354 -26.291480869054794 30.032976865768433
81.686234727 -160.20838947594166 -26.32827553153038 30.032843351364136
81.706207714 -160.25315876305103 -26.383483737707138 30.032644987106323
81.726233478 -160.28300495445728 -26.420318454504013 30.03252673149109
81.746180723 -160.32782001793385 -26.475564807653427 30.032362699508667
81.766586066 -160.35771198570728 -26.512416690587997 30.032259702682495
81.786197837 -160.4025880843401 -26.56772217154503 30.032137632369995
81.806188127 -160.43255634605885 -26.60458740592003 30.032076597213745
81.826175622 -160.47752399742603 -26.659963458776474 30.032057523727417
81.846190491 -160.50753803551197 -26.69688782095909 30.032061338424683
81.866434766 -160.55258198082447 -26.752281039953232 30.03214144706726
81.886224666 -160.58265705406666 -26.78925308585167 30.03222155570984
81.906216093 -160.62779255211353 -26.84467300772667 30.032339811325073
81.926161644 -160.65789814293385 -26.881652683019638 30.032427549362183
81.946193002 -160.70309467613697 -26.937103122472763 30.032557249069214
81.966285987 -160.73324604332447 -26.974073261022568 30.032625913619995
81.986202235 -160.77850361168385 -27.029506534337997 30.032728910446167
82.006193276 -160.80870075523853 -27.06644043326378 30.032789945602417
82.026175962 -160.85406513512135 -27.121826022863388 30.032889127731323
82.046184069 -160.88433857262135 -27.158750385046005 30.032957792282104
82.066419202 -160.92979450523853 -27.214135974645615 30.033045530319214
82.086248162 -160.96012897789478 -27.251083225011826 30.033140897750854
82.10618966 -161.00564594566822 -27.306508868932724 30.033312559127808
82.126160839 -161.0360109359026 -27.34349998831749 30.033427000045776
82.146170719 -161.08158893883228 -27.39904198050499 30.03360629081726
82.166334295 -161.11198444664478 -27.436065524816513 30.033743619918823
82.186223752 -161.15760822594166 -27.49164566397667 30.0339572429657
82.206187786 -161.18803425133228 -27.528697818517685 30.034109830856323
82.22619982 -161.23373432457447 -27.584346622228622 30.034327268600464
82.246194261 -161.26422138512135 -27.621438831090927 30.034456968307495
82.266363724 -161.30998249351978 -27.677062839269638 30.034651517868042
82.286277894 -161.3405763655901 -27.71416077017784 30.034754514694214
82.306197797 -161.38649006187916 -27.76977714896202 30.034876585006714
82.326175102 -161.41716022789478 -27.806854099035263 30.034945249557495
82.346188533 -161.46322651207447 -27.86248955130577 30.035013914108276
82.366351623 -161.49395771324635 -27.89956459403038 30.035021543502808
82.386476081 -161.54008503258228 -27.955196231603622 30.034998655319214
82.406175939 -161.57086201012135 -27.99227699637413 30.034956693649292
82.426173629 -161.61705036461353 -28.04788765311241 30.034857511520386
82.446164282 -161.64787311851978 -28.08493408560753 30.034777402877808
82.466282385 -161.6940919905901 -28.140468448400497 30.03464388847351
82.486255492 -161.72491474449635 -28.177469104528427 30.0345561504364
82.506210949 -161.77116413414478 -28.232921451330185 30.03442645072937
82.526169655 -161.80201740562916 -28.269866794347763 30.034350156784058
82.546181889 -161.8483430892229 -28.325227588415146 30.034228086471558
82.566284317 -161.8792268782854 -28.36210235953331 30.03414034843445
82.586234525 -161.92564411461353 -28.417396396398544 30.034003019332886
82.606198095 -161.95660419762135 -28.454254001379013 30.033915281295776
82.626186289 -162.00303669273853 -28.50953659415245 30.03378939628601
82.646179279 -162.0340120345354 -28.546403735876083 30.0337016582489
82.666338736 -162.08047504723072 -28.601688235998154 30.03357195854187
82.686243657 -162.1114503890276 -28.63855156302452 30.033499479293823
82.70621666 -162.15789814293385 -28.693843692541122 30.03341555595398
82.726196679 -162.18885822594166 -28.73072800040245 30.033369779586792
82.746236788 -162.23527546226978 -28.78610023856163 30.0333354473114
82.766354438 -162.26622028648853 -28.82301887869835 30.033369779586792
82.786222449 -162.31259174644947 -28.878450244665146 30.0334689617157
82.806198382 -162.34352131187916 -28.91539177298546 30.033541440963745
82.826191946 -162.38987751305103 -28.970786899328232 30.03366732597351
82.84618948 -162.42079181969166 -29.007720798254013 30.033777952194214
82.866342565 -162.4671632796526 -29.063108295202255 30.03387713432312
82.886269942 -162.49807758629322 -29.100040286779404 30.033949613571167
82.906209457 -162.54444904625416 -29.15544494986534 30.034075498580933
82.926186628 -162.57536335289478 -29.19237121939659 30.03415560722351
82.946186021 -162.62179584801197 -29.247772067785263 30.0343234539032
82.966365183 -162.65274067223072 -29.284684985876083 30.034407377243042
82.986258804 -162.69923420250416 -29.34005531668663 30.034529447555542
83.006236389 -162.73025532066822 -29.37696823477745 30.03461718559265
83.026194446 -162.7768098860979 -29.432338565587997 30.034762144088745
83.046181853 -162.80784626305103 -29.46925339102745 30.03484606742859
83.067081157 -162.85440082848072 -29.524595111608505 30.03496813774109
83.087714391 -162.88543720543385 -29.561473697423935 30.035052061080933
83.107631433 -162.93194599449635 -29.61680778861046 30.035170316696167
83.12763665 -162.9629671126604 -29.653690189123154 30.03523898124695
83.147646926 -163.00944538414478 -29.709041446447372 30.03533434867859
83.167732958 -163.04039020836353 -29.74594673514366 30.035383939743042
83.187733921 -163.0867921859026 -29.80131897330284 30.03545641899109
83.207669826 -163.1176301985979 -29.838254779577255 30.03552508354187
83.227657178 -163.16391010582447 -29.893621295690536 30.03561282157898
83.247738769 -163.19467182457447 -29.930524677038193 30.035689115524292
83.267808916 -163.24075336754322 -29.98585495352745 30.035750150680542
83.287704768 -163.2714387923479 -30.022729724645615 30.035799741744995
83.307671261 -163.31739826500416 -30.078000873327255 30.03586459159851
83.327632202 -163.34803791344166 -30.114826053380966 30.035902738571167
83.347660797 -163.3939210921526 -30.170053333044052 30.035914182662964
83.36793079 -163.42449970543385 -30.20685562491417 30.035902738571167
83.387675647 -163.4703371077776 -30.2620390355587 30.03585696220398
83.407675544 -163.50088520348072 -30.298852771520615 30.035807371139526
83.427654703 -163.54673786461353 -30.35405907034874 30.035746335983276
83.447649594 -163.57731647789478 -30.390867084264755 30.035689115524292
83.467811147 -163.62326069176197 -30.44611343741417 30.035609006881714
83.487713959 -163.65391559898853 -30.48294433951378 30.0355441570282
83.507670872 -163.69992084801197 -30.53820213675499 30.035425901412964
83.52765832 -163.73060627281666 -30.575034946203232 30.03534197807312
83.547645849 -163.7766878157854 -30.63036522269249 30.035204648971558
83.567789693 -163.80743427574635 -30.667280048131943 30.03510546684265
83.587678855 -163.85357685387135 -30.72269806265831 30.03494906425476
83.607649048 -163.88438434898853 -30.759683459997177 30.034849882125854
83.627673117 -163.93060322105885 -30.81516060233116 30.034708738327026
83.647659268 -163.9614259749651 -30.852168887853622 30.034590482711792
83.66791237 -164.00770588219166 -30.907691806554794 30.034395933151245
83.687733632 -164.0385744124651 -30.944700092077255 30.034254789352417
83.707661945 -164.08488483726978 -31.000192493200302 30.033949613571167
83.727645899 -164.11576862633228 -31.037170261144638 30.03372836112976
83.747703544 -164.14663715660572 -31.074136584997177 30.033499479293823
83.767764366 -164.1929475814104 -31.129543155431747 30.033167600631714
83.787679715 -164.2392122298479 -31.184894412755966 30.032850980758667
83.807648792 -164.2700197249651 -31.221746295690536 30.032644987106323
83.827651845 -164.31622333824635 -31.276983112096786 30.032366514205933
83.847639211 -164.34701557457447 -31.31376823782921 30.03220248222351
83.867916472 -164.3931428939104 -31.36894401907921 30.03209948539734
83.887695392 -164.4239046126604 -31.4057157933712 30.03204607963562
83.907650295 -164.47001667320728 -31.460887759923935 30.032068967819214
83.927638455 -164.50077839195728 -31.497676700353622 30.03210711479187
83.947632703 -164.54692097008228 -31.552867740392685 30.032179594039917
83.967812374 -164.57768268883228 -31.58968910574913 30.0322482585907
83.987675231 -164.6238557845354 -31.64491829276085 30.03234362602234
84.007639668 -164.65464802086353 -31.68175682425499 30.032400846481323
84.027650921 -164.70082111656666 -31.736991733312607 30.032488584518433
84.047666854 -164.73161335289478 -31.773809283971786 30.032549619674683
84.067931484 -164.77781696617603 -31.829044193029404 30.032641172409058
84.087718059 -164.80863972008228 -31.86585983633995 30.032706022262573
84.107658045 -164.8548585921526 -31.921121448278427 30.03283190727234
84.127646408 -164.88566608726978 -31.9579618871212 30.03291964530945
84.147662229 -164.93186970055103 -32.01322349905968 30.03304934501648
84.167815873 -164.96266193687916 -32.05008873343468 30.03317141532898
84.187878266 -165.0088655501604 -32.10535988211632 30.033350706100464
84.207651933 -165.0396730452776 -32.14220604300499 30.033488035202026
84.227640908 -165.0858919173479 -32.19746574759483 30.033732175827026
84.247693122 -165.11671467125416 -32.23429283499718 30.033892393112183
84.267824691 -165.16293354332447 -32.28950676321983 30.034125089645386
84.287704264 -165.19374103844166 -32.326291888952255 30.03427004814148
84.30765127 -165.23995991051197 -32.38136467337608 30.0344340801239
84.327625919 -165.27078266441822 -32.41803154349327 30.034533262252808
84.347654753 -165.31704731285572 -32.47296318411827 30.03467059135437
84.367802537 -165.34788532555103 -32.50953850150108 30.034735441207886
84.387789451 -165.39413471519947 -32.56437858939171 30.03482699394226
84.407659184 -165.42497272789478 -32.600915759801865 30.034868955612183
84.427657783 -165.47122211754322 -32.65568718314171 30.034926176071167
84.447691689 -165.50204487144947 -32.69218620657921 30.034960508346558
84.467742276 -165.54830951988697 -32.74693474173546 30.035143613815308
84.487741595 -165.57916279137135 -32.78342995047569 30.03527331352234
84.507654225 -165.62545795738697 -32.838167041540146 30.03546404838562
84.52763359 -165.6563264876604 -32.87465462088585 30.03562045097351
84.547656001 -165.70265217125416 -32.92936500906944 30.035834074020386
84.567738606 -165.73350544273853 -32.965844959020615 30.035982847213745
84.587724471 -165.77977009117603 -33.020559161901474 30.036192655563354
84.60764565 -165.81060810387135 -33.057031482458115 30.036333799362183
84.627634436 -165.85682697594166 -33.11175712943077 30.03652834892273
84.647639761 -165.88761921226978 -33.14824852347374 30.0366427898407
84.667819926 -165.93377704918385 -33.202993243932724 30.036700010299683
84.687750432 -165.96452350914478 -33.23948845267296 30.036734342575073
84.707674952 -166.01060505211353 -33.29424461722374 30.036795377731323
84.727641846 -166.04130573570728 -33.33076652884483 30.036837339401245
84.747654824 -166.08732624351978 -33.38554558157921 30.03689455986023
84.767778571 -166.1179964095354 -33.42207130789757 30.03692889213562
84.787687711 -166.16395588219166 -33.476892322301865 30.037005186080933
84.807654722 -166.1945802718401 -33.51344475150108 30.03705859184265
84.827632382 -166.24050922691822 -33.568288654088974 30.037150144577026
84.847648501 -166.27110309898853 -33.60485252737999 30.037211179733276
84.867796687 -166.31694050133228 -33.65977272391319 30.037256956100464
84.887735627 -166.34747333824635 -33.69640526175499 30.037283658981323
84.907697061 -166.39324970543385 -33.75138267874718 30.03732943534851
84.927632089 -166.42369098961353 -33.788118213415146 30.037352323532104
84.947663278 -166.46933002769947 -33.843252032995224 30.037371397018433
84.967771167 -166.49974079430103 -33.88004478812218 30.03739047050476
84.988633949 -166.54530353844166 -33.935335010290146 30.037379026412964
85.008646123 -166.57566852867603 -33.972219318151474 30.03735613822937
85.028646092 -166.6212160140276 -34.027681201696396 30.03731417655945
85.048631672 -166.65158100426197 -34.064668506383896 30.037283658981323
85.068865896 -166.6971437484026 -34.12017235159874 30.037264585494995
85.089699769 -166.72750873863697 -34.15717872977257 30.03726077079773
85.109657968 -166.77308674156666 -34.21268638968468 30.03723406791687
85.129660372 -166.80345173180103 -34.24970039725304 30.03726077079773
85.149672757 -166.8489992171526 -34.30521568655968 30.037317991256714
85.169976835 -166.8793489485979 -34.34222969412804 30.037386655807495
85.189621111 -166.92485065758228 -34.39777168631554 30.037535429000854
85.209662875 -166.95518513023853 -34.43479332327843 30.037646055221558
85.229659145 -167.00070209801197 -34.490354388952255 30.037867307662964
85.249656313 -167.03105182945728 -34.52739891409874 30.038023710250854
85.270041967 -167.0766145735979 -34.582971423864365 30.03823733329773
85.289693977 -167.10699482262135 -34.6200769841671 30.03840136528015
85.309706238 -167.15255756676197 -34.67573723196983 30.03866457939148
85.329675045 -167.1829378157854 -34.71286949515343 30.03884768486023
85.349674348 -167.22850055992603 -34.76856026053429 30.03912615776062
85.369934797 -167.25885029137135 -34.80570396780968 30.039294004440308
85.389637451 -167.30436725914478 -34.86140617728233 30.039576292037964
85.409651295 -167.3347169905901 -34.89852699637413 30.03977084159851
85.429654966 -167.38017292320728 -34.95422539114952 30.040140867233276
85.44963769 -167.4104768782854 -34.99134239554405 30.040392637252808
85.469955934 -167.4559328109026 -35.046995013952255 30.04080080986023
85.489719803 -167.48619098961353 -35.08411583304405 30.041109800338745
85.50966947 -167.53160114586353 -35.13977989554405 30.04155993461609
85.529632377 -167.56185932457447 -35.17688927054405 30.041876554489136
85.549644802 -167.60723896324635 -35.23258003592491 30.0423686504364
85.569855885 -167.63751240074635 -35.26969704031944 30.04269289970398
85.589677949 -167.6828615218401 -35.325437396764755 30.0432345867157
85.609672591 -167.71311970055103 -35.36256584525108 30.043558835983276
85.629657613 -167.75845356285572 -35.4182833135128 30.04410433769226
85.649656917 -167.78868122398853 -35.45542320609093 30.044451475143433
85.66980182 -167.83403034508228 -35.51111778616905 30.04489016532898
85.68973181 -167.86428852379322 -35.54828438162804 30.0451877117157
85.709675209 -167.90968342125416 -35.60399803519249 30.045618772506714
85.72964463 -167.93997211754322 -35.64113029837608 30.04590106010437
85.749646073 -167.98538227379322 -35.696809619665146 30.046309232711792
85.769792165 -168.01567097008228 -35.73390755057335 30.046549558639526
85.789650916 -168.0611116439104 -35.78953346610069 30.046919584274292
85.809676243 -168.09141559898853 -35.82659325003624 30.047152280807495
85.82966097 -168.1369173079729 -35.8821505010128 30.04748034477234
85.849755065 -168.1673128157854 -35.91921791434288 30.047693967819214
85.869952846 -168.21292133629322 -35.97476753592491 30.04791522026062
85.889696665 -168.2434083968401 -36.0117891728878 30.04807162284851
85.909677845 -168.28920002281666 -36.06728157401085 30.048296689987183
85.930049091 -168.31976337730885 -36.10426124930382 30.048445463180542
85.949677294 -168.3657228499651 -36.15971168875694 30.048659086227417
85.969837742 -168.39640827476978 -36.19666084647179 30.04877734184265
85.989673693 -168.44253559410572 -36.25208076834679 30.048914670944214
86.009689189 -168.47332783043385 -36.28900322318077 30.0489718914032
86.029654574 -168.51957722008228 -36.344350665807724 30.04901385307312
86.049685465 -168.55046100914478 -36.381250232458115 30.049017667770386
86.069839693 -168.59681721031666 -36.436574786901474 30.04906725883484
86.089733476 -168.62774677574635 -36.473440021276474 30.049086332321167
86.109693992 -168.67416401207447 -36.528718799352646 30.0490939617157
86.129653004 -168.70512409508228 -36.56555351614952 30.049078702926636
86.149650261 -168.75157184898853 -36.62076744437218 30.048994779586792
86.169833663 -168.7825471907854 -36.657556384801865 30.048933744430542
86.189656768 -168.82901020348072 -36.71274361014366 30.048758268356323
86.209644627 -168.86000080406666 -36.74951729178429 30.04861330986023
86.229696527 -168.90650959312916 -36.804651111364365 30.0483500957489
86.249638868 -168.93751545250416 -36.84140953421593 30.048144102096558
86.270051788 -168.98403950035572 -36.89652428030968 30.04780077934265
86.289724533 -169.01504535973072 -36.933252185583115 30.047560453414917
86.30967316 -169.06153889000416 -36.98835930228233 30.04719042778015
86.32966101 -169.0925294905901 -37.02509102225304 30.04693865776062
86.349643952 -169.1390382796526 -37.080232471227646 30.046595335006714
86.369780034 -169.17002888023853 -37.11698326468468 30.046351194381714
86.389694974 -169.2165071517229 -37.17210564017296 30.045992612838745
86.40966261 -169.24748249351978 -37.208825916051865 30.04575228691101
86.429647085 -169.29393024742603 -37.26386818289757 30.045397520065308
86.449664642 -169.32484455406666 -37.30051216483116 30.045180082321167
86.469851318 -169.3711702376604 -37.35544762015343 30.04487109184265
86.489719319 -169.40202350914478 -37.3920381963253 30.044691801071167
86.509684153 -169.4482423812151 -37.44690117239952 30.0444438457489
86.529614323 -169.47903461754322 -37.48346504569054 30.04428744316101
86.549657997 -169.52517719566822 -37.538266986608505 30.044134855270386
86.569821343 -169.55593891441822 -37.57478508353233 30.044047117233276
86.589722129 -169.6020509749651 -37.62952598929405 30.043959379196167
86.609654087 -169.63275165855885 -37.66600212454796 30.043970823287964
86.629645928 -169.67880268394947 -37.72071251273155 30.04401659965515
86.649658001 -169.7094728499651 -37.75718864798546 30.04407000541687
86.669787076 -169.75547809898853 -37.81190285086632 30.044146299362183
86.689721115 -169.78610248863697 -37.84838280081749 30.0442111492157
86.709666194 -169.83204670250416 -37.90311607718468 30.044291257858276
86.729645328 -169.8626710921526 -37.93960365653038 30.044329404830933
86.749642995 -169.90853901207447 -37.994348376989365 30.0444438457489
86.769842042 -169.93911762535572 -38.03085884451866 30.04453158378601
86.789748572 -169.98497028648853 -38.08563789725304 30.044661283493042
86.809685651 -170.01554889976978 -38.122190326452255 30.044752836227417
86.829653304 -170.06141681969166 -38.17702278494835 30.044867277145386
86.84965103 -170.09201069176197 -38.2135828435421 30.044935941696167
86.869795374 -170.13790912926197 -38.268464893102646 30.04507327079773
86.889757848 -170.16851826012135 -38.30505928397179 30.04516100883484
86.909670944 -170.2144777327776 -38.36001381278038 30.045305967330933
86.929675011 -170.2451173812151 -38.396631091833115 30.04538607597351
86.949658032 -170.2910921126604 -38.4516199529171 30.045523405075073
86.969808595 -170.32176227867603 -38.48829826712608 30.045584440231323
86.989705138 -170.3677980452776 -38.54334053397179 30.0456759929657
87.009714716 -170.39849872887135 -38.58007225394249 30.045748472213745
87.02963924 -170.44454975426197 -38.635183185338974 30.04584765434265
87.049648503 -170.47525043785572 -38.67195305228233 30.045916318893433
87.069809887 -170.52130146324635 -38.72717842459679 30.045977354049683
87.089772088 -170.55198688805103 -38.76400551199913 30.046011686325073
87.109690487 -170.59800739586353 -38.81931480765343 30.04610323905945
87.129650883 -170.62867756187916 -38.85620293021202 30.0461642742157
87.149672974 -170.67465229332447 -38.91156181693077 30.046248197555542
87.169820587 -170.70524616539478 -38.94854149222374 30.046316862106323
87.189711197 -170.75115986168385 -39.0039766728878 30.046393156051636
87.20968848 -170.7817384749651 -39.04096779227257 30.046454191207886
87.229635964 -170.82757587730885 -39.09644874930382 30.046526670455933
87.249656895 -170.85809345543385 -39.133455127477646 30.046561002731323
87.26982724 -170.90382404625416 -39.18894752860069 30.046583890914917
87.289764692 -170.9342805892229 -39.225923389196396 30.04658007621765
87.309672787 -170.97990436851978 -39.28137382864952 30.0466525554657
87.329643592 -171.01031513512135 -39.318330615758896 30.046717405319214
87.34965217 -171.05592365562916 -39.37373527884483 30.046801328659058
87.369847443 -171.08631916344166 -39.41069206595421 30.046873807907104
87.389718666 -171.13192768394947 -39.46611198782921 30.046950101852417
87.409673569 -171.16232319176197 -39.50305733084679 30.047003507614136
87.429666572 -171.20794697105885 -39.558469623327255 30.04707980155945
87.449653821 -171.23837299644947 -39.59539207816124 30.047110319137573
87.469821955 -171.28404255211353 -39.65073952078819 30.04707980155945
87.489777555 -171.31451435387135 -39.68760475516319 30.047045469284058
87.509680837 -171.36027546226978 -39.7428682744503 30.04699969291687
87.529644735 -171.39079304039478 -39.779695361852646 30.04697299003601
87.549726256 -171.43656940758228 -39.83491691946983 30.046934843063354
87.56976628 -171.46710224449635 -39.871736377477646 30.046980619430542
87.589713168 -171.5129396468401 -39.9269503057003 30.047045469284058
87.609686575 -171.5435335189104 -39.96376213431358 30.047098875045776
87.629634192 -171.58944721519947 -40.018979877233505 30.047198057174683
87.649636661 -171.6200716048479 -40.055776447057724 30.047259092330933
87.669812618 -171.66604633629322 -40.110959857702255 30.047381162643433
87.689831587 -171.6967317610979 -40.147737354040146 30.04748034477234
87.709696627 -171.74281330406666 -40.20288643240929 30.04764437675476
87.729631531 -171.77354450523853 -40.23962959647179 30.04775881767273
87.749645692 -171.81964130699635 -40.29471382498741 30.04794192314148
87.769790397 -171.85043354332447 -40.33143028616905 30.048075437545776
87.789793777 -171.89663715660572 -40.38648018240929 30.048258543014526
87.809689993 -171.92747516930103 -40.4231661260128 30.048384428024292
87.829632492 -171.97373981773853 -40.478200763463974 30.04855227470398
87.849659331 -172.00457783043385 -40.51487526297569 30.048651456832886
87.869889455 -172.05079670250416 -40.56993278861046 30.048800230026245
87.889881955 -172.08158893883228 -40.60664162039757 30.048907041549683
87.909679526 -172.12777729332447 -40.661714404821396 30.049052000045776
87.92964011 -172.15853901207447 -40.698457568883896 30.04916262626648
87.949669228 -172.20468159019947 -40.75357612967491 30.0493266582489
87.969743751 -172.2354280501604 -40.79034599661827 30.049486875534058
87.989745244 -172.28154011070728 -40.84549507498741 30.049700498580933
88.009685655 -172.31224079430103 -40.88227638602257 30.04984164237976
88.029627037 -172.35824604332447 -40.93747505545616 30.050062894821167
88.049655688 -172.38890095055103 -40.97426399588585 30.0501925945282
88.069736153 -172.43479938805103 -41.029477924108505 30.050459623336792
88.089778996 -172.46537800133228 -41.06628975272179 30.05061984062195
88.109700123 -172.51120014488697 -41.12150368094444 30.05085253715515
88.129632671 -172.5417024642229 -41.15831169486046 30.050978422164917
88.149659843 -172.58746357262135 -41.21351417899132 30.05112338066101
88.169797743 -172.61793537437916 -41.2503260076046 30.051180601119995
88.190783629 -172.66362018883228 -41.30555900931358 30.05123019218445
88.210755737 -172.69407673180103 -41.34237465262413 30.05123019218445
88.230675243 -172.7397005110979 -41.39765724539757 30.051180601119995
88.250693228 -172.7701417952776 -41.434480518102646 30.051127195358276
88.270896435 -172.81573505699635 -41.48975548148155 30.051005125045776
88.290824126 -172.84613056480885 -41.52662453055382 30.0509135723114
88.310764147 -172.89170856773853 -41.58195289969444 30.050764799118042
88.330686361 -172.92208881676197 -41.61890587210655 30.0506694316864
88.350716381 -172.96768207848072 -41.67433342337608 30.050501585006714
88.370869284 -172.99807758629322 -41.71130928397179 30.050398588180542
88.39080799 -173.0437013655901 -41.76677879691124 30.050230741500854
88.41073168 -173.07412739098072 -41.80373939871788 30.05012011528015
88.430702153 -173.11972065269947 -41.8592127263546 30.049978971481323
88.450697545 -173.1501466780901 -41.89619240164757 30.049872159957886
88.470871624 -173.19583149254322 -41.95165428519249 30.049669981002808
88.490838601 -173.22630329430103 -41.988672107458115 30.049532651901245
88.510744952 -173.27203388512135 -42.0441492497921 30.04934573173523
88.530700493 -173.3025667220354 -42.08116325736046 30.049254179000854
88.550687297 -173.3483888655901 -42.13667091727257 30.049116849899292
88.57090258 -173.3789827376604 -42.17369255423546 30.049052000045776
88.590811261 -173.42491169273853 -42.229245990514755 30.04895281791687
88.610760383 -173.45555134117603 -42.266267627477646 30.048876523971558
88.630698095 -173.5015413314104 -42.321836322546005 30.04877734184265
88.650700642 -173.53221149742603 -42.35888847708702 30.0487163066864
88.670894347 -173.5782472640276 -42.41446480154991 30.048624753952026
88.690828904 -173.6089632064104 -42.45153984427452 30.048563718795776
88.710736636 -173.65504474937916 -42.50711998343468 30.04849123954773
88.730690288 -173.6857912093401 -42.54416832327843 30.048441648483276
88.750698335 -173.7319337874651 -42.599721759557724 30.0483500957489
88.770889805 -173.7626955062151 -42.63673576712608 30.048292875289917
88.791266076 -173.80882282555103 -42.69223579764366 30.04815936088562
88.810816552 -173.83956928551197 -42.729211658239365 30.04806399345398
88.830737432 -173.8857423812151 -42.784658282995224 30.047850370407104
88.850725734 -173.91654987633228 -42.82160744071007 30.047682523727417
88.870874451 -173.96279926598072 -42.87700065970421 30.04733920097351
88.890825948 -173.99368305504322 -42.913930743932724 30.047064542770386
88.91075177 -174.04002399742603 -42.96928581595421 30.046614408493042
88.930764958 -174.0709230452776 -43.00617775321007 30.0462863445282
88.950732637 -174.11732502281666 -43.06149849295616 30.045740842819214
88.97090602 -174.1482698470354 -43.09835609793663 30.045374631881714
88.990979915 -174.19473285973072 -43.15365394949913 30.04477572441101
89.010740499 -174.22572346031666 -43.19050392508507 30.044371366500854
89.030744372 -174.27223224937916 -43.24574455618858 30.04375720024109
89.050744506 -174.30323810875416 -43.282564014196396 30.043349027633667
89.070908281 -174.34977741539478 -43.33777031302452 30.042738676071167
89.090790911 -174.38076801598072 -43.37456688284874 30.042349576950073
89.110706784 -174.42726154625416 -43.42972740530968 30.04180407524109
89.130730634 -174.45822162926197 -43.46649345755577 30.041449308395386
89.150739048 -174.5046388655901 -43.52162346243858 30.04092288017273
89.170924497 -174.53558368980885 -43.558347553014755 30.040613889694214
89.190735038 -174.58201618492603 -43.61346992850304 30.040144681930542
89.210750895 -174.61297626793385 -43.65020927786827 30.039843320846558
89.231018778 -174.65940876305103 -43.70530495047569 30.039416074752808
89.250709561 -174.6903841048479 -43.742063373327255 30.039122343063354
89.270888529 -174.73683185875416 -43.797178119421005 30.038679838180542
89.29081468 -174.76779194176197 -43.83392891287804 30.038389921188354
89.310788349 -174.81423969566822 -43.88902458548546 30.038008451461792
89.330769993 -174.84518451988697 -43.92574867606163 30.03777575492859
89.350741255 -174.89157123863697 -43.98085579276085 30.037455320358276
89.370866348 -174.92250080406666 -44.01758369803429 30.03726077079773
89.390742263 -174.96878071129322 -44.072690814733505 30.037005186080933
89.410768057 -174.9996339827776 -44.10942253470421 30.036852598190308
89.430738966 -175.04586811363697 -44.1645105779171 30.036638975143433
89.450742635 -175.0766603499651 -44.20124992728233 30.0365207195282
89.470814497 -175.12283344566822 -44.25634178519249 30.036322355270386
89.49080727 -175.15359516441822 -44.29305824637413 30.036207914352417
89.510761568 -175.19973774254322 -44.348142474889755 30.036055326461792
89.530762014 -175.23049946129322 -44.384858936071396 30.035963773727417
89.550750694 -175.2765657454729 -44.43998131155968 30.03584933280945
89.570800658 -175.30728168785572 -44.47671303153038 30.0357882976532
89.59079534 -175.3532716780901 -44.531858295202255 30.035731077194214
89.610738031 -175.3839113265276 -44.56864723563194 30.035689115524292
89.630731602 -175.42982502281666 -44.623864978551865 30.035624265670776
89.650749155 -175.4604036360979 -44.66074928641319 30.03558611869812
89.670820861 -175.50628681480885 -44.716089099645615 30.035494565963745
89.690812858 -175.5368654280901 -44.75302681326866 30.03543734550476
89.710749906 -175.58273334801197 -44.80850014090538 30.035296201705933
89.730721323 -175.61332722008228 -44.84548744559288 30.03518557548523
89.750743345 -175.6591798812151 -44.9010828435421 30.035052061080933
89.771913726 -175.68974323570728 -44.938161700963974 30.034987211227417
89.79176305 -175.73558063805103 -44.99380287528038 30.034899473190308
89.811752979 -175.76608295738697 -45.03092369437218 30.034834623336792
89.831777086 -175.81187458336353 -45.08656486868858 30.034743070602417
89.851732812 -175.84237690269947 -45.12370094656944 30.034685850143433
89.8720257 -175.8881380110979 -45.17938408255577 30.034590482711792
89.891830424 -175.91864033043385 -45.21650490164757 30.034533262252808
89.911720074 -175.96437092125416 -45.272180408239365 30.034510374069214
89.931750426 -175.9948732405901 -45.3092745244503 30.03451418876648
89.951750766 -176.04058857262135 -45.36486992239952 30.034537076950073
89.971937182 -176.07106037437916 -45.40190300345421 30.034518003463745
89.991792606 -176.11679096519947 -45.45740684866905 30.03450655937195
90.011723689 -176.14724750816822 -45.494375079870224 30.034529447555542
90.031790801 -176.19296284019947 -45.549795001745224 30.034571409225464
90.051721849 -176.22344990074635 -45.58671745657921 30.034624814987183
90.071866296 -176.26919575035572 -45.64206871390343 30.034693479537964
90.091834277 -176.29972858726978 -45.678945392370224 30.034743070602417
90.111709046 -176.34552021324635 -45.73423179984093 30.03481936454773
90.13176748 -176.37606830894947 -45.7710665166378 30.034868955612183
90.151726073 -176.4218751937151 -45.826291888952255 30.03498339653015
90.171874962 -176.45242328941822 -45.8631075322628 30.035074949264526
90.191782386 -176.49826069176197 -45.91832146048546 30.035223722457886
90.211724028 -176.52879352867603 -45.95514091849327 30.035311460494995
90.231739337 -176.57456989586353 -46.01035103201866 30.0354220867157
90.251749556 -176.6050569564104 -46.04716286063194 30.03549075126648
90.271910503 -176.6507570296526 -46.10239586234093 30.035589933395386
90.291814479 -176.68121357262135 -46.13920387625694 30.035650968551636
90.311724411 -176.72686786949635 -46.19443687796593 30.035685300827026
90.331769374 -176.7572786360979 -46.231260150671005 30.035689115524292
90.351784967 -176.80290241539478 -46.28650459647179 30.03568148612976
90.371906768 -176.83331318199635 -46.32333168387413 30.035689115524292
90.39176506 -176.87892170250416 -46.37856850028038 30.03568148612976
90.411739137 -176.9093019515276 -46.41541084647179 30.035677671432495
90.431742351 -176.95487995445728 -46.47064766287804 30.035662412643433
90.451742925 -176.98526020348072 -46.50746330618858 30.035628080368042
90.471810383 -177.03085346519947 -46.56268867850304 30.035528898239136
90.491808997 -177.06126423180103 -46.59948906302452 30.035460233688354
90.511743034 -177.1068117171526 -46.65467247366905 30.035326719284058
90.53173265 -177.13717670738697 -46.69144234061241 30.03522753715515
90.551735994 -177.18275471031666 -46.74657616019249 30.03507113456726
90.571820076 -177.21310444176197 -46.78334221243858 30.034945249557495
90.5918654 -177.25865192711353 -46.83846840262413 30.034754514694214
90.611774543 -177.2890169173479 -46.875207751989365 30.03461718559265
90.631724527 -177.3345949202776 -46.93027672171593 30.03439211845398
90.651817283 -177.36500568687916 -46.96696648001671 30.034220457077026
90.671789779 -177.4106447249651 -47.021962970495224 30.033953428268433
90.691835788 -177.44110126793385 -47.05860695242882 30.03377413749695
90.711749556 -177.48678608238697 -47.11359199881554 30.03344225883484
90.731745178 -177.51727314293385 -47.15025505423546 30.033217191696167
90.751767994 -177.5629884749651 -47.20526680350304 30.032885313034058
90.771800864 -177.5934602767229 -47.24194893240929 30.032652616500854
90.791931407 -177.63920612633228 -47.2969568669796 30.03231692314148
90.811714445 -177.66970844566822 -47.33362373709679 30.032110929489136
90.831736693 -177.71550007164478 -47.38864693045616 30.031832456588745
90.851795029 -177.7460481673479 -47.42532142996788 30.03165316581726
90.871822438 -177.79185505211353 -47.480432361364365 30.031424283981323
90.891822629 -177.82240314781666 -47.51715263724327 30.031283140182495
90.911701747 -177.86822529137135 -47.572290271520615 30.031084775924683
90.931712219 -177.89877338707447 -47.60906395316124 30.03094744682312
90.951733161 -177.94461078941822 -47.66423973441124 30.030745267868042
90.971739537 -177.97515888512135 -47.70103630423546 30.030565977096558
90.991781072 -178.0209962874651 -47.75620827078819 30.030314207077026
91.011725613 -178.05154438316822 -47.79298958182335 30.03015398979187
91.031709462 -178.09735126793385 -47.84814628958702 30.029947996139526
91.051756205 -178.1278841048479 -47.88489326834679 30.029833555221558
91.07171533 -178.17364521324635 -47.94001945853233 30.029730558395386
91.091819836 -178.20416279137135 -47.97676262259483 30.0296733379364
91.111720079 -178.2499544173479 -48.03187355399132 30.02957797050476
91.131713144 -178.2804719954729 -48.06861290335655 30.02951693534851
91.151749788 -178.3262941390276 -48.12367805838585 30.029436826705933
91.171723002 -178.35684223473072 -48.16038307547569 30.029391050338745
91.191796068 -178.40269489586353 -48.2154024541378 30.029337644577026
91.211736318 -178.43325825035572 -48.25205788016319 30.02929186820984
91.23172389 -178.47914142906666 -48.30702766776085 30.029188871383667
91.251762857 -178.50975055992603 -48.34366402029991 30.02912402153015
91.271778625 -178.55567951500416 -48.39859566092491 30.02901339530945
91.291827441 -178.58631916344166 -48.43519768118858 30.02893328666687
91.311749954 -178.63230915367603 -48.490075916051865 30.028834104537964
91.331752371 -178.66297931969166 -48.526643604040146 30.028727293014526
91.351816923 -178.70903034508228 -48.58145698904991 30.02855944633484
91.371724446 -178.73973102867603 -48.617978900671005 30.028399229049683
91.391785086 -178.78582783043385 -48.672727435827255 30.02815890312195
91.41179011 -178.81657429039478 -48.70920738577843 30.028013944625854
91.431720231 -178.8627473860979 -48.76392158865929 30.02780795097351
91.451724363 -178.8935548812151 -48.80039390921593 30.027682065963745
91.471780044 -178.93980427086353 -48.855127185583115 30.027483701705933
91.491929717 -178.9706575423479 -48.89161476492882 30.027357816696167
91.511722549 -179.0169679671526 -48.94634422659874 30.027205228805542
91.531724764 -179.04788227379322 -48.9828585088253 30.02709460258484
91.55171371 -179.09428425133228 -49.037629932165146 30.026934385299683
91.571749583 -179.12525959312916 -49.07415947318077 30.02679705619812
91.592224531 -179.17178364098072 -49.12896141409874 30.026598691940308
91.61171723 -179.20282001793385 -49.16548332571983 30.026476621627808
91.631720447 -179.24940510094166 -49.22025856375694 30.02630114555359
91.651731084 -179.28048725426197 -49.25676903128624 30.026201963424683
91.671741136 -179.3271028548479 -49.31152519583702 30.02607226371765
91.691888628 -179.35821552574635 -49.34801658987999 30.02600359916687
91.711749998 -179.40487690269947 -49.402734607458115 30.025931119918823
91.731735361 -179.43602009117603 -49.43918785452843 30.025904417037964
91.751739738 -179.4827425032854 -49.49382957816124 30.025885343551636
91.771741232 -179.5139162093401 -49.53022560477257 30.025870084762573
91.791871332 -179.56069965660572 -49.58477959036827 30.025858640670776
91.811774508 -179.59188862144947 -49.62113365530968 30.02585482597351
91.831715703 -179.6386720687151 -49.67564567923546 30.025831937789917
91.851733879 -179.6698762923479 -49.71198830008507 30.02581286430359
91.871813675 -179.7166749984026 -49.76650795340538 30.025770902633667
91.892145806 -179.74789448082447 -49.80285820364952 30.025728940963745
91.911753672 -179.79470844566822 -49.85739693045616 30.025648832321167
91.931705762 -179.82591266930103 -49.89378151297569 30.02558398246765
91.951744755 -179.87271137535572 -49.94837364554405 30.02550768852234
91.971704001 -179.9038850814104 -49.984800189733505 30.02550768852234
91.9918938 -179.95062275230885 -50.03948387503624 30.02551531791687
92.011754502 -179.98178119957447 -50.075952380895615 30.02550768852234
92.031739772 -180.02845783531666 -50.130666583776474 30.025492429733276
92.051742004 -180.05958576500416 -50.16713508963585 30.025496244430542
92.071730991 -180.10624714195728 -50.22182258963585 30.025484800338745
92.092030642 -180.13735981285572 -50.258291095495224 30.025503873825073
92.111718118 -180.18402118980885 -50.31297096610069 30.025526762008667
92.131724071 -180.21510334312916 -50.34940513968468 30.025545835494995
92.151737697 -180.26173420250416 -50.404043048620224 30.025599241256714
92.171725521 -180.29281635582447 -50.440454334020615 30.0256450176239
92.191852856 -180.33944721519947 -50.49509987235069 30.02571749687195
92.211757711 -180.37054462730885 -50.53152260184288 30.025774717330933
92.231724001 -180.41714496910572 -50.58613380789757 30.025877714157104
92.25172218 -180.44821186363697 -50.622522205114365 30.02596163749695
92.271723078 -180.4948274642229 -50.67708000540733 30.02609133720398
92.29189341 -180.52590961754322 -50.71345695853233 30.026198148727417
92.311774284 -180.57252521812916 -50.76800712943077 30.0263774394989
92.331740514 -180.60362263023853 -50.80436500906944 30.02652621269226
92.351747014 -180.65025348961353 -50.85888084769249 30.026766538619995
92.371765228 -180.68133564293385 -50.89521965384483 30.026900053024292
92.391824111 -180.72799701988697 -50.94971260428429 30.027132749557495
92.411784584 -180.75909443199635 -50.98603615164757 30.027296781539917
92.431752251 -180.80572529137135 -51.040517657995224 30.027544736862183
92.451723068 -180.83680744469166 -51.076814502477646 30.027716398239136
92.47174588 -180.88340778648853 -51.13124641776085 30.027968168258667
92.491958882 -180.91444416344166 -51.16750130057335 30.02814745903015
92.51182398 -180.96096821129322 -51.22187599539757 30.02841067314148
92.531730677 -180.99197407066822 -51.25811180472374 30.0285861492157
92.551735434 -181.03848285973072 -51.3124483525753 30.02884554862976
92.571715191 -181.06950397789478 -51.34866890311241 30.029040098190308
92.592133491 -181.11602802574635 -51.4030245244503 30.029341459274292
92.611767061 -181.14706440269947 -51.43926414847374 30.0295512676239
92.63170244 -181.19361896812916 -51.49363121390343 30.02986788749695
92.651722327 -181.22465534508228 -51.529897540807724 30.030054807662964
92.671713078 -181.27120991051197 -51.584314197301865 30.030306577682495
92.691840232 -181.30226154625416 -51.62061867117882 30.030447721481323
92.711792567 -181.3488313704729 -51.67512306571007 30.03060030937195
92.731736886 -181.3798830062151 -51.71146568655968 30.03067660331726
92.751757563 -181.42648334801197 -51.76597771048546 30.030745267868042
92.771738634 -181.45755024254322 -51.80231270194054 30.030707120895386
92.792239457 -181.50418110191822 -51.856836169958115 30.03060793876648
92.811788921 -181.53530903160572 -51.893178790807724 30.030535459518433
92.831736874 -181.58200092613697 -51.947690814733505 30.03042483329773
92.851742791 -181.61317463219166 -51.98402962088585 30.03033709526062
92.871743367 -181.65994282066822 -52.03853020071983 30.030218839645386
92.892224622 -181.69113178551197 -52.07484993338585 30.03015398979187
92.9117904 -181.73793049156666 -52.12932762503624 30.030104398727417
92.931736367 -181.76913471519947 -52.16564354300499 30.030081510543823
92.951751778 -181.81594868004322 -52.22013649344444 30.030062437057495
92.971732733 -181.84715290367603 -52.25647529959679 30.03006625175476
92.991885681 -181.89396686851978 -52.31099113821983 30.030077695846558
93.011791902 -181.9251710921526 -52.34732994437218 30.030115842819214
93.031702352 -181.97196979820728 -52.40183433890343 30.03020739555359
93.05174585 -182.00314350426197 -52.43818840384483 30.030279874801636
93.071745988 -182.04989643394947 -52.49272331595421 30.030413389205933
93.091890888 -182.08103962242603 -52.52908119559288 30.030508756637573
93.111752778 -182.1277620345354 -52.583650439977646 30.030665159225464
93.13174279 -182.15890522301197 -52.62003502249718 30.030768156051636
93.15174962 -182.20553608238697 -52.67465004324913 30.03093981742859
93.171750947 -182.23660297691822 -52.71107277274132 30.031058073043823
93.192037193 -182.28318805992603 -52.76572594046593 30.031233549118042
93.211781262 -182.31419391930103 -52.8022058904171 30.031359434127808
93.231750108 -182.3607179671526 -52.85696205496788 30.031538724899292
93.251739916 -182.39170856773853 -52.89352974295616 30.03168749809265
93.271749017 -182.43817158043385 -52.94840797781944 30.03192400932312
93.291892424 -182.46913166344166 -52.98504051566124 30.032110929489136
93.311776554 -182.51553364098072 -53.04007896780968 30.03243899345398
93.331822205 -182.54644794762135 -53.07679161429405 30.03266406059265
93.351754341 -182.59278889000416 -53.13196358084679 30.033060789108276
93.371720039 -182.62367267906666 -53.168752521276474 30.03332781791687
93.391911281 -182.66996784508228 -53.2239588201046 30.03372073173523
93.411768968 -182.70079059898853 -53.26080498099327 30.033995389938354
93.43170266 -182.74699421226978 -53.316064685583115 30.03436541557312
93.451762376 -182.77775593101978 -53.35292229056358 30.034605741500854
93.471740569 -182.82383747398853 -53.40824303030968 30.034910917282104
93.491957262 -182.85455341637135 -53.445119708776474 30.035094022750854
93.511765801 -182.90054340660572 -53.50042900443077 30.035372495651245
93.531718147 -182.93121357262135 -53.53727898001671 30.0355441570282
93.551770903 -182.97711201012135 -53.59249672293663 30.035773038864136
93.571752539 -183.00772114098072 -53.62927421927452 30.035895109176636
93.591843301 -183.05360431969166 -53.68438896536827 30.036055326461792
93.611790292 -183.08415241539478 -53.721067279577255 30.0361430644989
93.631734776 -183.12997455894947 -53.77604088187218 30.036261320114136
93.651754498 -183.16049213707447 -53.812646716833115 30.03633761405945
93.671740822 -183.20623798668385 -53.86753258109093 30.036425352096558
93.691876598 -183.23674030601978 -53.904104083776474 30.03647494316101
93.711775921 -183.28240986168385 -53.95891746878624 30.036574125289917
93.731764352 -183.3128664046526 -53.99543938040733 30.036646604537964
93.751778019 -183.35856647789478 -54.05019935965538 30.036749601364136
93.771739577 -183.38902302086353 -54.08667930960655 30.03682589530945
93.791841383 -183.43475361168385 -54.14136680960655 30.03692126274109
93.811799744 -183.46522541344166 -54.17777428030968 30.03698229789734
93.831723726 -183.5109407454729 -54.232358783483505 30.03705859184265
93.851773511 -183.54142780601978 -54.268728107213974 30.037096738815308
93.87183013 -183.58714313805103 -54.323240131139755 30.037218809127808
93.891905815 -183.61764545738697 -54.35956367850304 30.03729510307312
93.911785557 -183.66339130699635 -54.41405662894249 30.037432432174683
93.931716441 -183.69390888512135 -54.45036110281944 30.037543058395386
93.951766675 -183.73973102867603 -54.504785388708115 30.037737607955933
93.97174848 -183.77030964195728 -54.54107078909874 30.037981748580933
93.991863775 -183.81620807945728 -54.59549507498741 30.038344144821167
94.011811714 -183.84683246910572 -54.6317842900753 30.038618803024292
94.031716263 -183.8927766829729 -54.68623527884483 30.039088010787964
94.051748795 -183.92340107262135 -54.72253975272179 30.03939700126648
94.071748581 -183.96934528648853 -54.77699837088585 30.039847135543823
94.091855177 -183.99998493492603 -54.8133028447628 30.04013705253601
94.111812799 -184.04594440758228 -54.867795795202255 30.040602445602417
94.131722791 -184.07659931480885 -54.90413078665733 30.04089617729187
94.15172 -184.12260456383228 -54.95863518118858 30.04131579399109
94.171762683 -184.1532747298479 -54.994985431432724 30.041605710983276
94.191782021 -184.1992952376604 -55.04950508475304 30.0420138835907
94.211810294 -184.22996540367603 -55.08585914969444 30.042288541793823
94.231721013 -184.27597065269947 -55.14038261771202 30.04270052909851
94.251747823 -184.3066408187151 -55.17672523856163 30.042956113815308
94.271721916 -184.3526155501604 -55.23124870657921 30.04345202445984
94.29181207 -184.38327045738697 -55.26757988333702 30.04377245903015
94.311812718 -184.42926044762135 -55.322053760290146 30.044234037399292
94.331716667 -184.45993061363697 -55.35835060477257 30.04453158378601
94.351714537 -184.5059358626604 -55.41276726126671 30.044955015182495
94.371802535 -184.53663654625416 -55.44902977347374 30.04524874687195
94.391765954 -184.5827180892229 -55.50341209769249 30.04565691947937
94.411787468 -184.61344929039478 -55.53964790701866 30.0459086894989
94.431735261 -184.65956135094166 -55.593957751989365 30.04626727104187
94.451697032 -184.6903078109026 -55.63014397025108 30.046492338180542
94.471739216 -184.73638935387135 -55.684350818395615 30.047075986862183
94.491780526 -184.76707477867603 -55.72046074271202 30.04815173149109
94.511804387 -184.81309528648853 -55.77455696463585 30.051207304000854
94.531755222 -184.84378071129322 -55.810544818639755 30.054205656051636
94.551714946 -184.88981647789478 -55.86427101492882 30.059866666793823
94.571790674 -184.92056293785572 -55.89982780814171 30.064322233200073
94.591782557 -184.9667970687151 -55.95257744193077 30.07174563407898
94.611961163 -184.99771137535572 -55.98724541068077 30.07711672782898
94.631759271 -185.04429645836353 -56.03827461600304 30.085612058639526
94.651725678 -185.07553119957447 -56.07158073782921 30.091360807418823
94.671762691 -185.12265034019947 -56.120149463415146 30.100104093551636
94.691733055 -185.15426655113697 -56.1515596807003 30.105791807174683
94.711821509 -185.2019807845354 -56.1971033513546 30.113970518112183
94.731733448 -185.23407001793385 -56.226186603307724 30.119131803512573
94.751723501 -185.2825929671526 -56.26807579398155 30.126280546188354
94.77174643 -185.31521625816822 -56.29469093680382 30.130621671676636
94.791724721 -185.36460895836353 -56.33250221610069 30.136385679244995
94.811844661 -185.39781208336353 -56.35642799735069 30.13974642753601
94.831722925 -185.44813556969166 -56.38983330130577 30.1439311504364
94.851711437 -185.4819337874651 -56.41090950369835 30.14626955986023
94.871762674 -185.53317280113697 -56.43995079398155 30.148951292037964
94.891760464 -185.5676271468401 -56.45781120657921 30.150233030319214
94.911818917 -185.61976642906666 -56.48235496878624 30.15145754814148
94.931737497 -185.65489216148853 -56.49690422415733 30.151747465133667
94.951713102 -185.70803852379322 -56.51661095023155 30.15157961845398
94.971737816 -185.74380512535572 -56.5281465947628 30.151034116744995
94.991732612 -185.79798908531666 -56.543054431676865 30.149611234664917
95.011823732 -185.83441181480885 -56.55161079764366 30.148329496383667
95.031755197 -185.88969440758228 -56.56183037161827 30.145811796188354
95.051692988 -185.92689533531666 -56.5672205388546 30.143851041793823
95.07175399 -185.98321552574635 -56.57319816946983 30.140536069869995
95.09170713 -186.02120991051197 -56.57554039359093 30.13802981376648
95.111869028 -186.07852192223072 -56.577451556921005 30.134051084518433
95.131764494 -186.11712665855885 -56.57716163992882 30.131178617477417
95.151715872 -186.17544575035572 -56.57496437430382 30.126688718795776
95.17173733 -186.21466083824635 -56.57219108939171 30.12360644340515
95.191683445 -186.2740022689104 -56.56619057059288 30.11884570121765
95.211880982 -186.31382770836353 -56.56113609671593 30.115633726119995
95.231766021 -186.37416096031666 -56.55164131522179 30.11078143119812
95.251738554 -186.41468830406666 -56.54429420828819 30.107561826705933
95.271758416 -186.47587604820728 -56.53180107474327 30.102843046188354
95.291754231 -186.5170442610979 -56.52240166068077 30.099718809127808
95.311977882 -186.57916279137135 -56.50706657767296 30.095091581344604
95.33175937 -186.62086506187916 -56.495969623327255 30.092055082321167
95.351718972 -186.68385334312916 -56.47808250784874 30.087584257125854
95.37175402 -186.72604389488697 -56.46544823050499 30.08465838432312
95.391665049 -186.78971882164478 -56.44541725516319 30.08038592338562
95.412037361 -186.83233661949635 -56.43144020438194 30.07761263847351
95.431770248 -186.89671345055103 -56.40944465994835 30.07357668876648
95.451717253 -186.9398195296526 -56.39420494437218 30.07097887992859
95.471772066 -187.0047609359026 -56.37052711844444 30.067244291305542
95.491705036 -187.0482942610979 -56.35419258475304 30.06488299369812
95.512180615 -187.11380024254322 -56.32904228568077 30.061529874801636
95.53174633 -187.15765400230885 -56.31184563040733 30.059431791305542
95.551734941 -187.22364826500416 -56.28549751639366 30.05647921562195
95.571755622 -187.26774616539478 -56.26758369803429 30.054644346237183
95.604906538 -187.33419819176197 -56.24025520682335 30.052115201950073
95.634706175 -187.3786165267229 -56.22175392508507 30.050535917282104
95.658924315 -187.44541950523853 -56.193593829870224 30.04831576347351
95.679012813 -187.49003620445728 -56.174585193395615 30.046934843063354
95.69896985 -187.5570833235979 -56.14573845267296 30.045027494430542
95.718919996 -187.60191364586353 -56.126367419958115 30.043871641159058
95.738918218 -187.66922016441822 -56.09703239798546 30.04223132133484
95.758913527 -187.7141878157854 -56.07734856009483 30.04122042655945
95.779059266 -187.78175373375416 -56.04768165946007 30.039847135543823
95.798944945 -187.82682819664478 -56.02776512503624 30.038958311080933
95.818885506 -187.89456196129322 -55.9978846013546 30.037760496139526
95.838937538 -187.93974323570728 -55.97788032889366 30.037035703659058
95.858912439 -188.00755329430103 -55.94775947928429 30.036051511764526
95.879052494 -188.05279560387135 -55.92772850394249 30.035502195358276
95.899054968 -188.12066669762135 -55.89755043387413 30.034708738327026
95.918906705 -188.16592426598072 -55.87742409110069 30.034254789352417
95.938934097 -188.23378010094166 -55.84713539481163 30.03366732597351
95.959004354 -188.2790071517229 -55.82697090506554 30.033343076705933
95.979117495 -188.3468019515276 -55.79676231741905 30.03293490409851
95.998939104 -188.3919679671526 -55.77656731009483 30.032706022262573
96.018868107 -188.45965595543385 -55.74646934866905 30.032496213912964
96.038919975 -188.50474567711353 -55.72638496756554 30.03241229057312
96.058921935 -188.57229633629322 -55.69623360037804 30.032355070114136
96.078991332 -188.61729450523853 -55.676233142614365 30.032339811325073
96.098961529 -188.68470783531666 -55.64613899588585 30.032347440719604
96.118906424 -188.72959919273853 -55.626096576452255 30.032355070114136
96.138930151 -188.79689045250416 -55.59606346487999 30.03230929374695
96.158916185 -188.84170551598072 -55.57599052786827 30.032259702682495
96.179145965 -188.90885944664478 -55.546010822057724 30.032198667526245
96.198943864 -188.95359821617603 -55.52589973807335 30.032171964645386
96.21886408 -189.0205843001604 -55.495881885290146 30.032137632369995
96.238950657 -189.06517048180103 -55.47586998343468 30.032103300094604
96.258916283 -189.13197346031666 -55.44584831595421 30.032023191452026
96.279060975 -189.17640705406666 -55.42595085501671 30.032015562057495
96.298927077 -189.2429964095354 -55.396028369665146 30.0320041179657
96.318916267 -189.2873079329729 -55.37610802054405 30.03201937675476
96.338950494 -189.35366840660572 -55.346250385046005 30.03203845024109
96.358905857 -189.39785785973072 -55.32628807425499 30.032042264938354
96.379169902 -189.46401996910572 -55.29645332694054 30.032095670700073
96.398999981 -189.50808735191822 -55.276540607213974 30.032118558883667
96.418875531 -189.5740968734026 -55.24663719534874 30.032152891159058
96.438959541 -189.61802692711353 -55.22680076956749 30.032191038131714
96.458967169 -189.68386860191822 -55.19684395194054 30.032232999801636
96.479101664 -189.7276613265276 -55.17697700858116 30.03225588798523
96.49897519 -189.7932893782854 -55.147092670202255 30.032278776168823
96.518900037 -189.8369905501604 -55.127187579870224 30.032286405563354
96.538957198 -189.9024202376604 -55.09735664725304 30.03232455253601
96.558904664 -189.94601459801197 -55.07740578055382 30.03235125541687
96.579028438 -190.01126118004322 -55.04764351248741 30.032362699508667
96.598944405 -190.05473347008228 -55.02778801321983 30.032339811325073
96.618874104 -190.1198732405901 -54.99798759818077 30.032286405563354
96.638943068 -190.16322346031666 -54.9782198369503 30.03222918510437
96.658897724 -190.22825641930103 -54.948457568883896 30.032118558883667
96.679015259 -190.27159138023853 -54.92862877249718 30.032034635543823
96.698967178 -190.33660908043385 -54.89890465140343 30.031920194625854
96.718904682 -190.37994404137135 -54.87902244925499 30.031843900680542
96.738920433 -190.44493122398853 -54.84922203421593 30.031737089157104
96.758938991 -190.48825092613697 -54.82929024100304 30.031660795211792
96.779070435 -190.55316181480885 -54.79956993460655 30.031569242477417
96.798946794 -190.59640522301197 -54.77972587943077 30.0315043926239
96.818878793 -190.66122455894947 -54.74991402029991 30.03140902519226
96.838928426 -190.70436115562916 -54.73013862967491 30.031378507614136
96.858943175 -190.76907368004322 -54.70036491751671 30.031328916549683
96.87904158 -190.81219501793385 -54.68052849173546 30.031309843063354
96.899289692 -190.87687702476978 -54.650789111852646 30.031317472457886
96.918926381 -190.91998310387135 -54.63088783621788 30.031325101852417
96.93895274 -190.98460407555103 -54.601125568151474 30.031386137008667
96.958948476 -191.02769489586353 -54.58125099539757 30.031447172164917
96.979146279 -191.09230060875416 -54.55138573050499 30.03155016899109
96.998955879 -191.1353761702776 -54.5314539372921 30.03159213066101
97.018869045 -191.1999513655901 -54.50152000784874 30.031664609909058
97.038925952 -191.2429964095354 -54.48169121146202 30.031721830368042
97.058940835 -191.3075716048479 -54.4518526494503 30.031786680221558
97.079036716 -191.35061664879322 -54.43198189139366 30.031840085983276
97.098983868 -191.4151613265276 -54.40220054984093 30.03193163871765
97.118940786 -191.45819111168385 -54.38227638602257 30.0319926738739
97.138965877 -191.52273578941822 -54.352502673864365 30.032122373580933
97.15891749 -191.5657503157854 -54.33260902762413 30.032198667526245
97.179003362 -191.63026447594166 -54.30271324515343 30.032294034957886
97.198977106 -191.67324848473072 -54.28283104300499 30.032332181930542
97.218876107 -191.73773212730885 -54.25287041068077 30.0323703289032
97.238961347 -191.78070087730885 -54.23287758231163 30.032389402389526
97.258911611 -191.84512348473072 -54.20276054739952 30.032400846481323
97.279194695 -191.8880617171526 -54.18266472220421 30.032397031784058
97.298907397 -191.95245380699635 -54.152498096227646 30.032362699508667
97.31894101 -191.99537678062916 -54.13230690360069 30.03232455253601
97.338938379 -192.05973835289478 -54.102144092321396 30.032274961471558
97.358905014 -192.10264606773853 -54.08196434378624 30.032232999801636
97.379011614 -192.16696186363697 -54.051606982946396 30.032156705856323
97.398963123 -192.20982380211353 -54.031343311071396 30.032088041305542
97.418854897 -192.27407856285572 -54.0008028447628 30.031962156295776
97.438923484 -192.31690998375416 -53.98038658499718 30.031851530075073
97.458917846 -192.38111896812916 -53.949697345495224 30.031649351119995
97.479086283 -192.42393513023853 -53.92914375662804 30.03149676322937
97.49899563 -192.48814411461353 -53.89832100272179 30.0312716960907
97.518898727 -192.53094501793385 -53.87763771414757 30.031119108200073
97.538948173 -192.59518451988697 -53.84662422537804 30.030928373336792
97.558903004 -192.6380159407854 -53.8258875310421 30.03079867362976
97.579008517 -192.70228596031666 -53.79468712210655 30.030592679977417
97.598996121 -192.74513264000416 -53.77391991019249 30.030482053756714
97.61891221 -192.8094026595354 -53.7426355779171 30.03030276298523
97.638941469 -192.8522493392229 -53.72174248099327 30.0301730632782
97.658901457 -192.91651935875416 -53.69037422537804 30.02997088432312
97.679059343 -192.95936603844166 -53.6693933904171 30.02982211112976
97.699028184 -193.02362079918385 -53.637937396764755 30.029494047164917
97.718917637 -193.0664827376604 -53.61691078543663 30.02925753593445
97.738937594 -193.13078327476978 -53.585290759801865 30.028910398483276
97.758937026 -193.17364521324635 -53.56421074271202 30.02866244316101
97.779020261 -193.23797626793385 -53.53241524100304 30.028300046920776
97.799003814 -193.2808382064104 -53.51123222708702 30.02807879447937
97.818884567 -193.34512348473072 -53.47934898734093 30.027743101119995
97.838939953 -193.38797016441822 -53.45805534720421 30.0274875164032
97.858928063 -193.45225544273853 -53.426050037145615 30.027052640914917
97.879044861 -193.49510212242603 -53.40464195609093 30.026758909225464
97.899101666 -193.5594026595354 -53.3725183904171 30.026285886764526
97.918954978 -193.60226459801197 -53.351045459508896 30.025973081588745
97.938945209 -193.66659565269947 -53.31876167654991 30.025477170944214
97.958941283 -193.70950336754322 -53.29724678397179 30.02514147758484
97.979047981 -193.77386493980885 -53.26487907767296 30.0246684551239
97.998982907 -193.8167726546526 -53.243276447057724 30.024344205856323
98.018868086 -193.88116474449635 -53.21082863211632 30.02389407157898
98.038943837 -193.92410297691822 -53.18913063406944 30.023634672164917
98.058948053 -193.98851032555103 -53.1565645635128 30.02331805229187
98.079025946 -194.0314485579729 -53.13480171561241 30.023131132125854
98.099239356 -194.09579487144947 -53.10220131278038 30.022875547409058
98.118902363 -194.13870258629322 -53.08042702078819 30.022719144821167
98.138921046 -194.20303364098072 -53.04770454764366 30.02251696586609
98.15894159 -194.2458498030901 -53.02590736746788 30.022406339645386
98.179051555 -194.31008930504322 -52.9931238591671 30.02225375175476
98.199079167 -194.35289020836353 -52.97123894095421 30.022162199020386
98.218886139 -194.41709919273853 -52.93837150931358 30.022047758102417
98.238942164 -194.4599153548479 -52.91639885306358 30.021971464157104
98.258915193 -194.52413959801197 -52.88346275687218 30.02185320854187
98.279026925 -194.56695576012135 -52.86146721243858 30.021788358688354
98.298998296 -194.63114948570728 -52.82842430472374 30.021776914596558
98.318923091 -194.6739503890276 -52.80637535452843 30.02176547050476
98.338925503 -194.73809833824635 -52.77327141165733 30.021715879440308
98.358919047 -194.7808382064104 -52.75123009085655 30.021681547164917
98.37899571 -194.84490986168385 -52.7180994451046 30.021631956100464
98.399010339 -194.88761921226978 -52.6960047185421 30.02158236503601
98.418884996 -194.95164509117603 -52.66284736990929 30.0214946269989
98.438942014 -194.99432392418385 -52.6407068669796 30.021448850631714
98.458928893 -195.05831928551197 -52.607541888952255 30.021361112594604
98.479024644 -195.10096760094166 -52.585412830114365 30.021300077438354
98.499202858 -195.16494770348072 -52.55219063162804 30.021197080612183
98.518927185 -195.20756550133228 -52.530027240514755 30.02111315727234
98.538924979 -195.27149982750416 -52.49668297171593 30.021002531051636
98.558958058 -195.31411762535572 -52.47440132498741 30.020922422409058
98.579026604 -195.37802143394947 -52.44091209769249 30.02080798149109
98.599271901 -195.4206087142229 -52.41854652762413 30.020731687545776
98.618891575 -195.48446674644947 -52.38495430350304 30.02059817314148
98.638924766 -195.5270540267229 -52.36251625418663 30.020506620407104
98.658925037 -195.59092731773853 -52.328855365514755 30.02035403251648
98.679028156 -195.63352985680103 -52.30637535452843 30.020247220993042
98.699051129 -195.69744892418385 -52.27260002493858 30.020106077194214
98.718970284 -195.74008198082447 -52.25006279349327 30.020010709762573
98.738934143 -195.80406208336353 -52.21618828177452 30.019896268844604
98.758945812 -195.84672565758228 -52.19357094168663 30.019835233688354
98.778987876 -195.9107210189104 -52.15957435965538 30.01977801322937
98.799010731 -195.95339985191822 -52.13686165213585 30.019762754440308
98.818881941 -196.01747150719166 -52.102754443883896 30.019758939743042
98.839023438 -196.06019611656666 -52.07996925711632 30.019758939743042
98.858943436 -196.12431354820728 -52.04574379324913 30.019762754440308
98.878984912 -196.16708393394947 -52.02288994193077 30.01977038383484
98.899015416 -196.23126240074635 -51.98856529593468 30.01971697807312
98.918952599 -196.27406330406666 -51.96564278006554 30.019705533981323
98.93890862 -196.33827228844166 -51.93119224905968 30.019705533981323
98.958935467 -196.38108845055103 -51.908174365758896 30.01972460746765
98.979034197 -196.44535847008228 -51.87357887625694 30.01977801322937
98.999019829 -196.48820514976978 -51.85047706961632 30.0197970867157
99.018871964 -196.55250568687916 -51.81570991873741 30.019854307174683
99.038925812 -196.59536762535572 -51.79248222708702 30.01989245414734
99.058922505 -196.65968342125416 -51.757566303014755 30.01996111869812
99.079031784 -196.70254535973072 -51.73426994681358 30.020033597946167
99.099166311 -196.76687641441822 -51.69929298758507 30.020167112350464
99.118932366 -196.80970783531666 -51.6759737432003 30.020277738571167
99.138885084 -196.87394733726978 -51.64098533987999 30.020495176315308
99.158921549 -196.9167482405901 -51.617673724889755 30.02066683769226
99.179005335 -196.98089618980885 -51.58270820975304 30.02094531059265
99.199020615 -197.02366657555103 -51.5593965947628 30.021143674850464
99.2188881 -197.08775348961353 -51.52449211478233 30.02144503593445
99.238889873 -197.13047809898853 -51.50122627615929 30.021639585494995
99.258913037 -197.1945344954729 -51.466340869665146 30.02191424369812
99.279030862 -197.23722858726978 -51.44310173392296 30.0221164226532
99.299213333 -197.30128498375416 -51.40824303030968 30.022372007369995
99.318952476 -197.34397907555103 -51.38502678275108 30.022555112838745
99.338949968 -197.40798969566822 -51.35022911429405 30.022860288619995
99.358898711 -197.45065326988697 -51.32703575491905 30.02306628227234
99.37898852 -197.5146028548479 -51.29227623343468 30.02338671684265
99.39935416 -197.55722065269947 -51.26910957694054 30.023604154586792
99.418894912 -197.6210481673479 -51.23443016409874 30.023958921432495
99.438879979 -197.66360493004322 -51.21132072806358 30.024210691452026
99.458901135 -197.7274171859026 -51.176668018102646 30.02460741996765
99.478955972 -197.76991291344166 -51.15360817313194 30.02487826347351
99.499058513 -197.83366413414478 -51.119016498327255 30.025259733200073
99.518996783 -197.87615986168385 -51.09596428275108 30.02550768852234
99.538919014 -197.93986530601978 -51.06139549612999 30.025877714157104
99.55889229 -197.98233051598072 -51.038354724645615 30.026114225387573
99.578937225 -198.0460207015276 -51.00380501151085 30.02645754814148
99.599053762 -198.08847065269947 -50.98077949881554 30.026686429977417
99.618888634 -198.15216083824635 -50.9462488591671 30.027025938034058
99.638934687 -198.19461078941822 -50.923250049352646 30.027239561080933
99.658898163 -198.25828571617603 -50.888791888952255 30.027552366256714
99.678940693 -198.3007356673479 -50.86585029959679 30.02776598930359
99.699052599 -198.36442585289478 -50.83146080374718 30.028101682662964
99.718932246 -198.40689106285572 -50.80857262015343 30.028326749801636
99.738896393 -198.47059650719166 -50.774282306432724 30.028666257858276
99.758910369 -198.51307697594166 -50.7514246404171 30.028883695602417
99.778907767 -198.57679767906666 -50.717195361852646 30.029227018356323
99.799132016 -198.61929340660572 -50.694360584020615 30.029436826705933
99.81889963 -198.68304462730885 -50.660093158483505 30.02975344657898
99.838915348 -198.7255403548479 -50.63726219534874 30.029955625534058
99.858905705 -198.78932209312916 -50.60301384329796 30.03024172782898
99.878923724 -198.83184833824635 -50.58019432425499 30.030428647994995
99.899138475 -198.89567585289478 -50.5459803044796 30.030653715133667
99.918928622 -198.9382326155901 -50.52319511771202 30.03079104423523
99.938920174 -199.0020753890276 -50.48904976248741 30.03095507621765
99.958942561 -199.04466266930103 -50.46628364920616 30.031046628952026
99.978924431 -199.10855121910572 -50.43216881155968 30.031145811080933
99.999062364 -199.15116901695728 -50.40941032767296 30.03121066093445
100.018889245 -199.21514911949635 -50.37525352835655 30.03127932548523
100.038911001 -199.25782795250416 -50.35248360037804 30.031264066696167
100.058899227 -199.32188434898853 -50.31831154227257 30.031214475631714
100.078920605 -199.3646242171526 -50.295522540807724 30.03115725517273
100.099183475 -199.42881794273853 -50.26132759451866 30.03106188774109
100.118983968 -199.47161884605885 -50.23851951956749 30.030997037887573
100.138909985 -199.5358888655901 -50.2042940557003 30.030924558639526
100.158889254 -199.57875080406666 -50.18146309256554 30.030882596969604
100.178901162 -199.64305134117603 -50.14721855521202 30.030787229537964
100.199049666 -199.68592853844166 -50.124387592077255 30.03071093559265
100.218896292 -199.75022907555103 -50.09012779593468 30.030592679977417
100.238896024 -199.79310627281666 -50.06731590628624 30.03051257133484
100.258902067 -199.85740680992603 -50.03310188651085 30.0304172039032
100.278898382 -199.90028400719166 -50.010312885046005 30.03036379814148
100.29903956 -199.96461506187916 -49.9761446416378 30.0302836894989
100.318921584 -200.00750751793385 -49.953367084264755 30.030237913131714
100.338925735 -200.0718996077776 -49.9192598760128 30.030157804489136
100.358972438 -200.11485309898853 -49.89652809500694 30.030096769332886
100.37890506 -200.1793214827776 -49.86244377493858 30.030016660690308
100.399064159 -200.22233600914478 -49.83976158499718 30.030001401901245
100.418884752 -200.28685016930103 -49.80573067069054 30.029982328414917
100.438962199 -200.3299104720354 -49.78309044241905 30.02997851371765
100.458919032 -200.3945314437151 -49.74913963675499 30.02997088432312
100.478934672 -200.4376222640276 -49.7265222966671 30.029959440231323
100.499081442 -200.50233478844166 -49.69261345267296 30.029947996139526
100.518947522 -200.5454866439104 -49.670007556676865 30.029940366744995
100.538946682 -200.61026020348072 -49.63611397147179 30.0299174785614
100.558919476 -200.6534425765276 -49.61352714896202 30.029886960983276
100.578958987 -200.71824665367603 -49.5796602666378 30.02982211112976
100.599073479 -200.7614290267229 -49.557119220495224 30.02975344657898
100.618875148 -200.82620258629322 -49.52330955862999 30.02965807914734
100.638897726 -200.8693849593401 -49.50077232718468 30.029589414596558
100.658900614 -200.93418903648853 -49.46696648001671 30.02947497367859
100.678918111 -200.9773714095354 -49.444421619176865 30.029398679733276
100.699098819 -201.04220600426197 -49.41061195731163 30.029253721237183
100.718956257 -201.08543415367603 -49.38807091116905 30.029162168502808
100.738955632 -201.15032978355885 -49.35425743460655 30.029032468795776
100.758909773 -201.1936037093401 -49.331716388463974 30.028971433639526
100.7789287 -201.25856037437916 -49.29789528250694 30.02889132499695
100.799176136 -201.3018800765276 -49.2753504216671 30.02883791923523
100.818910677 -201.36685200035572 -49.24151787161827 30.028765439987183
100.838951528 -201.41017170250416 -49.21894630789757 30.028727293014526
100.858902147 -201.47518940269947 -49.18507561087608 30.028650999069214
100.878954986 -201.51852436363697 -49.16248115897179 30.028597593307495
100.899038315 -201.5835725814104 -49.12859520316124 30.02851366996765
100.918946914 -201.6269533187151 -49.10598549246788 30.02844500541687
100.938916492 -201.69204731285572 -49.07205757498741 30.028311491012573
100.958880399 -201.73544330894947 -49.049436420202255 30.0282084941864
100.978929733 -201.80055256187916 -49.015500873327255 30.028048276901245
100.999193566 -201.8439943343401 -48.99285301566124 30.027941465377808
101.018905673 -201.9091341048479 -48.958860248327255 30.027804136276245
101.038922388 -201.95260639488697 -48.93617424368858 30.02771258354187
101.058879709 -202.0178224593401 -48.90213569998741 30.02759051322937
101.078901166 -202.06131000816822 -48.87944206595421 30.02752184867859
101.099020045 -202.12657184898853 -48.845369189977646 30.027498960494995
101.118944015 -202.17005939781666 -48.82265266776085 30.0274875164032
101.138926828 -202.2353059798479 -48.78856834769249 30.027491331100464
101.158883965 -202.27883930504322 -48.76585564017296 30.0274875164032
101.178921463 -202.34410114586353 -48.7317713201046 30.027479887008667
101.199279968 -202.38763447105885 -48.70902809500694 30.027437925338745
101.218913405 -202.45289631187916 -48.67491325736046 30.027392148971558
101.238963952 -202.4964143782854 -48.65216240286827 30.027350187301636
101.258899306 -202.56167621910572 -48.618013232946396 30.027270078659058
101.278909053 -202.6051790267229 -48.595247119665146 30.0272319316864
101.299118624 -202.67044086754322 -48.56106361746788 30.027167081832886
101.318946186 -202.71392841637135 -48.538266986608505 30.027125120162964
101.338953644 -202.77915973961353 -48.50406822562218 30.02709460258484
101.358941705 -202.82267780601978 -48.48124870657921 30.02706027030945
101.378934332 -202.88790912926197 -48.44703468680382 30.027003049850464
101.399255626 -202.93141193687916 -48.424218982458115 30.02693819999695
101.418927321 -202.99667377769947 -48.389951556921005 30.02680468559265
101.438921707 -203.0401613265276 -48.36710152029991 30.026686429977417
101.458927289 -203.10548420250416 -48.332761615514755 30.026468992233276
101.478912475 -203.14901752769947 -48.3098963201046 30.02633547782898
101.499176435 -203.21434040367603 -48.27556785941124 30.026087522506714
101.518946187 -203.2578889876604 -48.252675861120224 30.02591586112976
101.53890495 -203.32321186363697 -48.21833595633507 30.02563738822937
101.558900404 -203.3668214827776 -48.195398181676865 30.025404691696167
101.578908669 -203.4322511702776 -48.161008685827255 30.025057554244995
101.599087642 -203.47589130699635 -48.13807472586632 30.024821043014526
101.618934822 -203.54141254723072 -48.10365852713585 30.024439573287964
101.638957231 -203.58509846031666 -48.080720752477646 30.024183988571167
101.658926487 -203.65068073570728 -48.046296924352646 30.02377200126648
101.678911197 -203.6944124251604 -48.02335152029991 30.023497343063354
101.699180298 -203.76005573570728 -47.988942950963974 30.023096799850464
101.718956533 -203.80389423668385 -47.96596321463585 30.022833585739136
101.738916125 -203.8695833235979 -47.931550830602646 30.02245593070984
101.758908431 -203.91342182457447 -47.90857109427452 30.022188901901245
101.778912553 -203.97917194664478 -47.874116748571396 30.02181887626648
101.799147954 -204.02301044762135 -47.851133197546005 30.02160143852234
101.818946605 -204.08879108726978 -47.81666740775108 30.02129626274109
101.838906381 -204.13262958824635 -47.79371437430382 30.02111315727234
101.858920267 -204.1984407454729 -47.759248584508896 30.020846128463745
101.878916224 -204.24229450523853 -47.73626884818077 30.02066683769226
101.899166176 -204.30807514488697 -47.701806873083115 30.020369291305542
101.9190327 -204.35194416344166 -47.67888054251671 30.020155668258667
101.938944778 -204.41770954430103 -47.64454445242882 30.01983141899109
101.958897524 -204.46156330406666 -47.62168297171593 30.019617795944214
101.978900974 -204.52735920250416 -47.587400287389755 30.01931643486023
101.999006089 -204.57118244469166 -47.56456932425499 30.019091367721558
102.019011404 -204.63690204918385 -47.53034004569054 30.01879382133484
102.038951928 -204.68071003258228 -47.50754722952843 30.018606901168823
102.05890952 -204.74639911949635 -47.473386615514755 30.018351316452026
102.078902008 -204.79019184410572 -47.45062813162804 30.0182101726532
102.099192856 -204.85585041344166 -47.41652092337608 30.018065214157104
102.118958217 -204.89962787926197 -47.39377388358116 30.017985105514526
102.138941838 -204.9652864485979 -47.35968574881554 30.017889738082886
102.158909164 -205.00904865562916 -47.33696922659874 30.0178325176239
102.178917396 -205.0747072249651 -47.30286964774132 30.01776385307312
102.199076223 -205.1184846907854 -47.28015312552452 30.017752408981323
102.218945349 -205.18417377769947 -47.24606117606163 30.01775622367859
102.238921428 -205.2279817610979 -47.22334465384483 30.01778292655945
102.258889504 -205.29367084801197 -47.1892794072628 30.017847776412964
102.278909935 -205.33746357262135 -47.16657051444054 30.017897367477417
102.29910902 -205.40313740074635 -47.13250908255577 30.01800799369812
102.31897332 -205.44693012535572 -47.10973533987999 30.01806902885437
102.338894875 -205.51260395348072 -47.075586169958115 30.018141508102417
102.358936729 -205.55641193687916 -47.05280098319054 30.018172025680542
102.378917767 -205.62210102379322 -47.018579334020615 30.01819109916687
102.399127669 -205.6658937484026 -46.99577125906944 30.01813769340515
102.418936747 -205.73158283531666 -46.96142753958702 30.017992734909058
102.438948754 -205.77536030113697 -46.93852028250694 30.017882108688354
102.458922012 -205.84100361168385 -46.90415367484093 30.017687559127808
102.478922033 -205.88475055992603 -46.88120445609093 30.017531156539917
102.499137966 -205.95036335289478 -46.84681114554405 30.017245054244995
102.518994021 -205.99412555992603 -46.82387337088585 30.017054319381714
102.538942255 -206.05973835289478 -46.78949531912804 30.01679491996765
102.55889264 -206.1034700423479 -46.7665613591671 30.0166232585907
102.578883773 -206.16903705894947 -46.732141345739365 30.016371488571167
102.59910252 -206.2127229720354 -46.70920738577843 30.01621127128601
102.61895721 -206.27822895348072 -46.67473015189171 30.015955686569214
102.638942778 -206.3218538314104 -46.65174278616905 30.015780210494995
102.658914368 -206.38723774254322 -46.6172579228878 30.015520811080933
102.678910073 -206.4307863265276 -46.59420570731163 30.015364408493042
102.699163417 -206.49607868492603 -46.559655994176865 30.0151469707489
102.71895807 -206.53958149254322 -46.53661522269249 30.01501727104187
102.738935429 -206.60484333336353 -46.502046436071396 30.014849424362183
102.758905186 -206.64833088219166 -46.479028552770615 30.014757871627808
102.778906638 -206.71359272301197 -46.444429248571396 30.01459765434265
102.799063047 -206.7570802718401 -46.421418994665146 30.014525175094604
102.818982299 -206.8223421126604 -46.38690742850304 30.014410734176636
102.838932394 -206.86582966148853 -46.363923877477646 30.01433825492859
102.858931695 -206.9310304671526 -46.32948860526085 30.014246702194214
102.878916447 -206.97450275719166 -46.30652412772179 30.014193296432495
102.899103799 -207.0396730452776 -46.272127002477646 30.014200925827026
102.918978563 -207.08309955894947 -46.24921211600304 30.014212369918823
102.938951042 -207.14823932945728 -46.21487221121788 30.01428484916687
102.95892126 -207.1916505843401 -46.192014545202255 30.014357328414917
102.978901768 -207.2567903548479 -46.15772041678429 30.01449465751648
102.999036173 -207.30021686851978 -46.13488182425499 30.01462435722351
103.01897665 -207.36540241539478 -46.10065254569054 30.014830350875854
103.038933461 -207.4088899642229 -46.07782539725304 30.01492190361023
103.058969779 -207.47406025230885 -46.043664783239365 30.015074491500854
103.07891517 -207.51751728355885 -46.02091011404991 30.0151469707489
103.098991467 -207.58268757164478 -45.986867755651474 30.015249967575073
103.119022109 -207.6260988265276 -45.96423515677452 30.015307188034058
103.13893751 -207.69125385582447 -45.9303797185421 30.015406370162964
103.158917286 -207.73468036949635 -45.90786537528038 30.015486478805542
103.178932302 -207.79989643394947 -45.87418922781944 30.0155246257782
103.199014381 -207.84335346519947 -45.85178169608116 30.01556658744812
103.219026725 -207.9085695296526 -45.81823906302452 30.015604734420776
103.238941998 -207.95211811363697 -45.795888751745224 30.015581846237183
103.258940159 -208.01742573082447 -45.762414783239365 30.015536069869995
103.278910824 -208.06100483238697 -45.74012550711632 30.01549792289734
103.298968989 -208.1264192610979 -45.70674309134483 30.015448331832886
103.319001377 -208.17002888023853 -45.6845186650753 30.015421628952026
103.338948184 -208.23545856773853 -45.651269763708115 30.01537585258484
103.35887458 -208.27906818687916 -45.629148334264755 30.015352964401245
103.378892464 -208.34452839195728 -45.59605202078819 30.015265226364136
103.398977027 -208.3881837874651 -45.574025958776474 30.015204191207886
103.418965698 -208.45364399254322 -45.541047900915146 30.01513934135437
103.438971288 -208.49732990562916 -45.51908668875694 30.015082120895386
103.458904462 -208.56288166344166 -45.4861658513546 30.014986753463745
103.478902628 -208.60659809410572 -45.464223712682724 30.014925718307495
103.498939152 -208.6721956282854 -45.43131431937218 30.01480746269226
103.519109274 -208.71592731773853 -45.409387439489365 30.014742612838745
103.538956249 -208.7816164046526 -45.37651237845421 30.014620542526245
103.558910005 -208.8254396468401 -45.35462364554405 30.014544248580933
103.578915194 -208.8911897689104 -45.32182487845421 30.0144259929657
103.598942589 -208.93504352867603 -45.29997047781944 30.01434588432312
103.618973642 -209.00082416832447 -45.26720604300499 30.014235258102417
103.63894607 -209.04473896324635 -45.24533638358116 30.014143705368042
103.65891337 -209.1105958968401 -45.212549060583115 30.014036893844604
103.678934881 -209.15451069176197 -45.19068321585655 30.013964414596558
103.698959568 -209.2204134017229 -45.15788063406944 30.01389193534851
103.71901129 -209.26432819664478 -45.13602241873741 30.013861417770386
103.738940739 -209.33026142418385 -45.10318931937218 30.013869047164917
103.758904789 -209.3742219954729 -45.081289142370224 30.013899564743042
103.778901308 -209.44020099937916 -45.048425525426865 30.013975858688354
103.798907528 -209.48422260582447 -45.02645668387413 30.014052152633667
103.819062084 -209.55023212730885 -44.99351677298546 30.0141818523407
103.838958431 -209.5942384749651 -44.971528857946396 30.0143039226532
103.858926143 -209.6602327376604 -44.93855461478233 30.014532804489136
103.878954529 -209.70423908531666 -44.916555255651474 30.014681577682495
103.899006736 -209.7702180892229 -44.883516162633896 30.01484179496765
103.919052473 -209.81419391930103 -44.86149010062218 30.01496386528015
103.938947918 -209.8802034407854 -44.828428119421005 30.015124082565308
103.958955614 -209.92417927086353 -44.80641350150108 30.015230894088745
103.978916612 -209.99012775719166 -44.77344307303429 30.0153911113739
103.998899702 -210.03410358726978 -44.751489490270615 30.015455961227417
104.018939542 -210.10002155601978 -44.718591541051865 30.015547513961792
104.03893729 -210.14395160973072 -44.69666466116905 30.015581846237183
104.058905622 -210.20985431969166 -44.6637781560421 30.015608549118042
104.078925938 -210.25375385582447 -44.64187416434288 30.01562762260437
104.098928822 -210.31961078941822 -44.60898765921593 30.015623807907104
104.119003953 -210.3634798079729 -44.58710274100304 30.015642881393433
104.138932789 -210.42926044762135 -44.5542810857296 30.0156352519989
104.158898396 -210.47311420738697 -44.5324304997921 30.015631437301636
104.178897528 -210.53884907066822 -44.49970802664757 30.015631437301636
104.198933151 -210.58267231285572 -44.47791847586632 30.015639066696167
104.219075924 -210.6483919173479 -44.44526466727257 30.015665769577026
104.238933908 -210.69216938316822 -44.42350944876671 30.015673398971558
104.258905737 -210.7578126937151 -44.39091286063194 30.015677213668823
104.278901733 -210.80154438316822 -44.36920723319054 30.015692472457886
104.298960234 -210.86717243492603 -44.336633533239365 30.01574206352234
104.319076803 -210.91090412437916 -44.31494316458702 30.01577639579773
104.338963444 -210.97647114098072 -44.28244575858116 30.015795469284058
104.358926075 -211.02018757164478 -44.260801166296005 30.015764951705933
104.378913852 -211.0856935530901 -44.228383868932724 30.01574969291687
104.398923167 -211.12933368980885 -44.20680794119835 30.0157687664032
104.419274284 -211.19476337730885 -44.17447838187218 30.01581072807312
104.439066246 -211.2383577376604 -44.15293297171593 30.015841245651245
104.458937396 -211.30374164879322 -44.12062248587608 30.0158908367157
104.478940997 -211.34732075035572 -44.09909614920616 30.01593279838562
104.498983642 -211.4127199202776 -44.06678566336632 30.016035795211792
104.520101154 -211.4562990218401 -44.04526314139366 30.016112089157104
104.540016468 -211.52165241539478 -44.012990802526474 30.01623034477234
104.559987269 -211.56517048180103 -43.99146828055382 30.01629900932312
104.5799728 -211.63041706383228 -43.95923027396202 30.016402006149292
104.60004317 -211.6739046126604 -43.937768787145615 30.01644015312195
104.620001621 -211.7390901595354 -43.9055880010128 30.016470670700073
104.640102767 -211.7825471907854 -43.88414940237999 30.01648211479187
104.659988783 -211.8476564437151 -43.851987689733505 30.01648211479187
104.679992168 -211.89103718101978 -43.83056053519249 30.0164897441864
104.700031898 -211.9561311751604 -43.79840263724327 30.016424894332886
104.720073096 -211.9995119124651 -43.77697929739952 30.016390562057495
104.740048524 -212.06456013023853 -43.74485573172569 30.016283750534058
104.759972629 -212.10794086754322 -43.72340950369835 30.016215085983276
104.779974827 -212.17303486168385 -43.691255420446396 30.01614260673523
104.800000753 -212.21646137535572 -43.66981682181358 30.01611590385437
104.820012652 -212.28164692223072 -43.63767799735069 30.01608920097351
104.840006213 -212.32510395348072 -43.616269916296005 30.016077756881714
104.859983432 -212.39039631187916 -43.584138721227646 30.016051054000854
104.879974931 -212.43392963707447 -43.56271156668663 30.016058683395386
104.900029805 -212.49925251305103 -43.530568927526474 30.016104459762573
104.920071225 -212.5428010970354 -43.509126514196396 30.016165494918823
104.940034097 -212.60813923180103 -43.476953357458115 30.016310453414917
104.959982591 -212.65174885094166 -43.455468982458115 30.016451597213745
104.980003964 -212.7171632796526 -43.423269122838974 30.01669192314148
104.999985402 -212.76077289879322 -43.4018038213253 30.016894102096558
105.020102019 -212.82621784508228 -43.369626849889755 30.01721453666687
105.039995238 -212.86984272301197 -43.348195880651474 30.01743197441101
105.059988918 -212.93528766930103 -43.31605324149132 30.01775622367859
105.079965964 -212.97891254723072 -43.2946375310421 30.017969846725464
105.100003856 -213.04432697594166 -43.2625330388546 30.018221616744995
105.120154067 -213.0879671126604 -43.24114403128624 30.018370389938354
105.140041076 -213.1533968001604 -43.209077686071396 30.0185763835907
105.159986254 -213.19703693687916 -43.18771156668663 30.0186984539032
105.179973193 -213.26246662437916 -43.15567955374718 30.01888918876648
105.199985871 -213.30607624351978 -43.134336322546005 30.019041776657104
105.220048754 -213.37144489586353 -43.10232338309288 30.019274473190308
105.240002659 -213.41500873863697 -43.08099541068077 30.01943850517273
105.259991861 -213.4803468734026 -43.04895958304405 30.019667387008667
105.279994363 -213.52389545738697 -43.02759346365929 30.019808530807495
105.300010423 -213.58921833336353 -42.99552330374718 30.020052671432495
105.320172681 -213.63278217613697 -42.97410377860069 30.020193815231323
105.340028764 -213.6981203109026 -42.941987842321396 30.02035403251648
105.359978346 -213.74168415367603 -42.92056831717491 30.020434141159058
105.379959938 -213.80703754723072 -42.88844093680382 30.020552396774292
105.399963613 -213.8505861312151 -42.867036670446396 30.020628690719604
105.420030671 -213.91593952476978 -42.83489403128624 30.020731687545776
105.44001398 -213.9594728499651 -42.81349357962608 30.02081561088562
105.459979372 -214.0247804671526 -42.781362384557724 30.02095675468445
105.479972483 -214.06832905113697 -42.75993523001671 30.021055936813354
105.500032217 -214.13365192711353 -42.72778877615929 30.021197080612183
105.520104656 -214.17721576988697 -42.70634254813194 30.021284818649292
105.540000197 -214.24256916344166 -42.67420753836632 30.021406888961792
105.559991015 -214.28616352379322 -42.65279945731163 30.02147936820984
105.579972103 -214.35157795250416 -42.62066826224327 30.02155566215515
105.599982115 -214.39518757164478 -42.59925636649132 30.021593809127808
105.620144492 -214.46067829430103 -42.56706413626671 30.021597623825073
105.640026155 -214.5043489485979 -42.54558739066124 30.021578550338745
105.659993292 -214.56987018883228 -42.51335319876671 30.02152132987976
105.679979308 -214.61357136070728 -42.491792529821396 30.021464109420776
105.699973509 -214.67909260094166 -42.45950874686241 30.021349668502808
105.720078733 -214.72276325523853 -42.43790611624718 30.0212504863739
105.740059818 -214.78823871910572 -42.40549263358116 30.021101713180542
105.759996443 -214.83187885582447 -42.383840411901474 30.02099108695984
105.77997298 -214.8973390609026 -42.35130485892296 30.02081561088562
105.799983689 -214.94096393883228 -42.329614490270615 30.02072024345398
105.820059219 -215.00639362633228 -42.29695305228233 30.020552396774292
105.840061252 -215.05001850426197 -42.27515968680382 30.02044939994812
105.859978214 -215.1154329329729 -42.24243339896202 30.020304441452026
105.879965392 -215.1590578109026 -42.220544666051865 30.020201444625854
105.900116829 -215.22445698082447 -42.18774589896202 30.020060300827026
105.9202314 -215.2680665999651 -42.16588005423546 30.019957304000854
105.940039366 -215.3334505110979 -42.13306984305382 30.019755125045776
105.959982677 -215.37704487144947 -42.11121544241905 30.01962161064148
105.979978835 -215.44241352379322 -42.07844337821007 30.0194194316864
106.000037366 -215.4859621077776 -42.05662712454796 30.019243955612183
106.020280523 -215.55131550133228 -42.02387794852257 30.0189425945282
106.040032221 -215.59489460289478 -42.00206169486046 30.018786191940308
106.060008505 -215.66029377281666 -41.96936592459679 30.018614530563354
106.079988299 -215.70394916832447 -41.947542041540146 30.018481016159058
106.099982214 -215.76942463219166 -41.91482338309288 30.01827883720398
106.120129569 -215.81309528648853 -41.892995685338974 30.01813769340515
106.140026435 -215.8786623030901 -41.86022362112999 30.0179545879364
106.159980228 -215.9223634749651 -41.83839210867882 30.017855405807495
106.179981225 -215.98802204430103 -41.80552086234093 30.0177104473114
106.199984596 -216.03179951012135 -41.78360542654991 30.017618894577026
106.220100751 -216.09747333824635 -41.750730365514755 30.017470121383667
106.240026691 -216.1412355452776 -41.7288301885128 30.017367124557495
106.259996945 -216.20684833824635 -41.6960047185421 30.017199277877808
106.27996948 -216.2506105452776 -41.67408546805382 30.017046689987183
106.299987143 -216.31622333824635 -41.64124092459679 30.01678729057312
106.320110818 -216.35997028648853 -41.6193331182003 30.016607999801636
106.340036428 -216.42558307945728 -41.58647331595421 30.016344785690308
106.360040717 -216.46929951012135 -41.56458839774132 30.016188383102417
106.379950347 -216.5348665267229 -41.531667560338974 30.01592516899109
106.399975809 -216.57855243980885 -41.5097254216671 30.015734434127808
106.420139978 -216.64405842125416 -41.47681984305382 30.015475034713745
106.44003489 -216.68768329918385 -41.45480141043663 30.01529574394226
106.460000036 -216.75309772789478 -41.421811908483505 30.015047788619995
106.47996375 -216.79667682945728 -41.39980873465538 30.0149028301239
106.499986728 -216.8620149642229 -41.366845935583115 30.01464343070984
106.520096909 -216.90553303062916 -41.34486183524132 30.014498472213745
106.54001813 -216.97076435387135 -41.311860889196396 30.014300107955933
106.560019021 -217.01420612633228 -41.289880603551865 30.014185667037964
106.579989917 -217.0793001204729 -41.25689873099327 30.0140483379364
106.600005058 -217.12266559898853 -41.23494133353233 30.013949155807495
106.620190996 -217.18768329918385 -41.20204719901085 30.013853788375854
106.640018052 -217.23098774254322 -41.180112689733505 30.01382327079773
106.659992969 -217.29591389000416 -41.14728340506554 30.0138156414032
106.679981223 -217.33917255699635 -41.12542137503624 30.01382327079773
106.700010095 -217.40408344566822 -41.09263023734093 30.0138156414032
106.720137711 -217.4473421126604 -41.07080253958702 30.01383090019226
106.740034335 -217.51223774254322 -41.03802666068077 30.01384997367859
106.759971918 -217.55548115074635 -41.01623710989952 30.01388430595398
106.77997805 -217.6203157454729 -40.983571857213974 30.013960599899292
106.799985973 -217.6635286360979 -40.96183571219444 30.014017820358276
106.820102697 -217.72831745445728 -40.92930015921593 30.01412844657898
106.840022091 -217.77151508629322 -40.90760216116905 30.01419711112976
106.859988854 -217.83627338707447 -40.87510856986046 30.01431155204773
106.879968162 -217.87944050133228 -40.85346016287804 30.014395475387573
106.899995537 -217.94418354332447 -40.82100090384483 30.01447558403015
106.920101309 -217.98735065758228 -40.79939445853233 30.014532804489136
106.940029059 -218.0521242171526 -40.76695045828819 30.014570951461792
106.96004958 -218.09530659019947 -40.74534782767296 30.01459002494812
106.980019552 -218.16006489098072 -40.71298775076866 30.014612913131714
107.000004306 -218.20323200523853 -40.69142708182335 30.014612913131714
107.020122125 -218.26799030601978 -40.65915855765343 30.01465106010437
107.040020277 -218.3111574202776 -40.6376551091671 30.014628171920776
107.059978187 -218.37591572105885 -40.605459064245224 30.014570951461792
107.079976642 -218.41909809410572 -40.58402428030968 30.014517545700073
107.099997983 -218.48390217125416 -40.551912158727646 30.01436495780945
107.120090574 -218.5270998030901 -40.53053840994835 30.014265775680542
107.140055315 -218.59198017418385 -40.49851784110069 30.01407504081726
107.160003872 -218.6352540999651 -40.477197498083115 30.01395297050476
107.180000653 -218.70018024742603 -40.44525703787804 30.013773679733276
107.199987449 -218.7435304671526 -40.42396339774132 30.013624906539917
107.220047084 -218.80856342613697 -40.39205726981163 30.013418912887573
107.240017075 -218.85194416344166 -40.3707979619503 30.013270139694214
107.260009837 -218.91703815758228 -40.338926166296005 30.013052701950073
107.27994895 -218.96041889488697 -40.31770500540733 30.012926816940308
107.299997911 -219.02552814781666 -40.28590568900108 30.01275134086609
107.320074111 -219.0689241439104 -40.264734119176865 30.01265597343445
107.34004958 -219.13406391441822 -40.23301109671593 30.012518644332886
107.360011713 -219.17750568687916 -40.21188148856163 30.012449979782104
107.379988835 -219.2426759749651 -40.18021187186241 30.012377500534058
107.399996561 -219.28616352379322 -40.15909752249718 30.0123507976532
107.42008599 -219.3513948470354 -40.12746223807335 30.012335538864136
107.440039572 -219.39488239586353 -40.1063936650753 30.0123393535614
107.459980254 -219.4601594954729 -40.074819415807724 30.012373685836792
107.479985278 -219.5036623030901 -40.053796619176865 30.01241183280945
107.499982067 -219.5689699202776 -40.02225670218468 30.01252245903015
107.520101763 -219.6125032454729 -40.001245349645615 30.012614011764526
107.540064562 -219.67779560387135 -39.969751209020615 30.01275134086609
107.560003339 -219.7213136702776 -39.948781818151474 30.012861967086792
107.579993605 -219.7865755110979 -39.91736778616905 30.013060331344604
107.600032099 -219.83009357750416 -39.89645943045616 30.01321291923523
107.620070296 -219.89535541832447 -39.86512932181358 30.013487577438354
107.640042499 -219.93885822594166 -39.84425911307335 30.013724088668823
107.659986808 -220.00407429039478 -39.81300148367882 30.01413607597351
107.679975526 -220.04754658043385 -39.79218849539757 30.014418363571167
107.700012361 -220.11271686851978 -39.761079639196396 30.014864683151245
107.72007914 -220.15614338219166 -39.740381091833115 30.015169858932495
107.740038338 -220.22123737633228 -39.70939430594444 30.0156352519989
107.759986107 -220.26458759605885 -39.68881782889366 30.01593279838562
107.77997489 -220.3295900374651 -39.657983630895615 30.016363859176636
107.800023264 -220.37290973961353 -39.63746818900108 30.01663088798523
107.820103915 -220.4378664046526 -39.60673317313194 30.017008543014526
107.840053849 -220.48112507164478 -39.58628258109093 30.017229795455933
107.86001851 -220.5460207015276 -39.555635303258896 30.017508268356323
107.879984726 -220.58924885094166 -39.53521904349327 30.01767611503601
107.900118511 -220.65408344566822 -39.504628986120224 30.01785922050476
107.920086976 -220.69729633629322 -39.484243243932724 30.017943143844604
107.940457626 -220.7620851546526 -39.45367607474327 30.018049955368042
107.960032601 -220.8052980452776 -39.43332466483116 30.018084287643433
107.979986431 -220.87008686363697 -39.40281471610069 30.01812243461609
108.000015373 -220.91329975426197 -39.38248619437218 30.018168210983276
108.02010384 -220.97808857262135 -39.35202965140343 30.0182101726532
108.040217313 -221.02125568687916 -39.33173164725304 30.01824450492859
108.060002516 -221.08604450523853 -39.301320880651474 30.018240690231323
108.079962244 -221.12921161949635 -39.28104194998741 30.018255949020386
108.099996179 -221.19395466148853 -39.25068458914757 30.018179655075073
108.120129901 -221.23712177574635 -39.23044762015343 30.01812243461609
108.140054603 -221.3018800765276 -39.200097888708115 30.017996549606323
108.15999421 -221.34506244957447 -39.17985710501671 30.01788592338562
108.17997829 -221.40985126793385 -39.149507373571396 30.01773715019226
108.199984059 -221.45304889976978 -39.12928566336632 30.01761507987976
108.220128501 -221.51783771812916 -39.09897789359093 30.01743197441101
108.240076617 -221.5610353499651 -39.07877907156944 30.01733660697937
108.259996707 -221.62582416832447 -39.04850181937218 30.01715350151062
108.279996526 -221.66900654137135 -39.02831444144249 30.017019987106323
108.299996027 -221.73378010094166 -38.99802193045616 30.016775846481323
108.320075894 -221.77696247398853 -38.97781929373741 30.01657748222351
108.340069442 -221.84173603355885 -38.94751152396202 30.016287565231323
108.359998019 -221.88493366539478 -38.92733559012413 30.01605486869812
108.379982339 -221.94972248375416 -38.89707359671593 30.015734434127808
108.400017911 -221.99295063316822 -38.87690910696983 30.0155246257782
108.419975255 -222.05784626305103 -38.84668526053429 30.015223264694214
108.440125499 -222.10112018883228 -38.82654365897179 30.01507067680359
108.460007513 -222.16610737144947 -38.79638847708702 30.014879941940308
108.479975506 -222.20944233238697 -38.77630028128624 30.014754056930542
108.500020308 -222.27447529137135 -38.74619850516319 30.014544248580933
108.520017582 -222.31785602867603 -38.726167529821396 30.014368772506714
108.540066154 -222.38291950523853 -38.6961153447628 30.01410937309265
108.560006759 -222.42631550133228 -38.676084369421005 30.013922452926636
108.579974305 -222.49137897789478 -38.646047443151474 30.01363253593445
108.600018857 -222.5347444564104 -38.62602409720421 30.0134494304657
108.619976219 -222.59979267418385 -38.59598717093468 30.013170957565308
108.640072205 -222.64315815269947 -38.57595619559288 30.013014554977417
108.659989993 -222.70822162926197 -38.545869678258896 30.01275897026062
108.679981405 -222.7515871077776 -38.52577385306358 30.0125949382782
108.699999426 -222.81666584312916 -38.49558433890343 30.012293577194214
108.720024273 -222.86003132164478 -38.47534736990929 30.012068510055542
108.74008727 -222.92507953941822 -38.44495567679405 30.01174807548523
108.760009393 -222.96842975914478 -38.4246424138546 30.011526823043823
108.779999133 -223.03346271812916 -38.39410576224327 30.011156797409058
108.80001946 -223.07681293785572 -38.3737276494503 30.010939359664917
108.819947552 -223.1418458968401 -38.34301933646202 30.010523557662964
108.840243604 -223.18522663414478 -38.322507709264755 30.0102641582489
108.860067864 -223.25029011070728 -38.291684955358505 30.0098979473114
108.87997816 -223.2936555892229 -38.27110466361046 30.0096538066864
108.899993068 -223.35873432457447 -38.24019035696983 30.00927233695984
108.919970889 -223.40216083824635 -38.219541400671005 30.00897479057312
108.940112679 -223.46731586754322 -38.18856605887413 30.008528470993042
108.960004389 -223.51078815758228 -38.16789421439171 30.00820803642273
108.979978497 -223.57606525719166 -38.13688072562218 30.007738828659058
108.999998793 -223.61959858238697 -38.11620506644249 30.0074565410614
109.019940708 -223.68495197594166 -38.08518776297569 30.006983518600464
109.040154627 -223.7285158187151 -38.06450828909874 30.006666898727417
109.060059259 -223.79383869469166 -38.03348717093468 30.00619387626648
109.079947841 -223.83737201988697 -38.01275810599327 30.00589632987976
109.09997514 -223.90264911949635 -37.981653064489365 30.005438566207886
109.119974977 -223.94615192711353 -37.96088966727257 30.00516390800476
109.140263529 -224.01138325035572 -37.92975410819054 30.004812955856323
109.160012028 -224.05484028160572 -37.908986896276474 30.004603147506714
109.179976763 -224.12001056969166 -37.87784370779991 30.00432848930359
109.199994816 -224.16346760094166 -37.857087939977646 30.00417971611023
109.219938939 -224.22865314781666 -37.82593712210655 30.00396227836609
109.240104597 -224.27211017906666 -37.80516991019249 30.003844022750854
109.260107635 -224.33732624351978 -37.7740076482296 30.003710508346558
109.279948159 -224.3808137923479 -37.75320991873741 30.00361132621765
109.300003132 -224.44602985680103 -37.72200188040733 30.003512144088745
109.319982815 -224.48951740562916 -37.701169818639755 30.00345492362976
109.340102198 -224.55477924644947 -37.66989693045616 30.00335192680359
109.360050793 -224.5982667952776 -37.64905723929405 30.003302335739136
109.379948797 -224.66354389488697 -37.61775383353233 30.00317645072937
109.399987207 -224.70704670250416 -37.59690269827843 30.003111600875854
109.419930881 -224.77227802574635 -37.5656221807003 30.002989530563354
109.440764389 -224.8157503157854 -37.54476723074913 30.00293231010437
109.460034497 -224.8809358626604 -37.513486713171005 30.00287127494812
109.479963543 -224.9243928939104 -37.49260124564171 30.00283694267273
109.500000103 -224.9895784407854 -37.46128258109093 30.00280261039734
109.519978509 -225.0330354720354 -37.4403894841671 30.002806425094604
109.540119255 -225.09823627769947 -37.40903648734093 30.00284457206726
109.560026329 -225.14170856773853 -37.388147205114365 30.002901792526245
109.579974871 -225.20695514976978 -37.356809467077255 30.002955198287964
109.599988271 -225.2504426985979 -37.335927814245224 30.00302767753601
109.619942719 -225.31570453941822 -37.30462059378624 30.003153562545776
109.640243679 -225.35922260582447 -37.2837618291378 30.003206968307495
109.66004726 -225.42448444664478 -37.25250801444054 30.00333285331726
109.679952344 -225.46798725426197 -37.23165687918663 30.00337862968445
109.700014759 -225.53321857750416 -37.2003992497921 30.00344729423523
109.719973262 -225.57672138512135 -37.17955955862999 30.00348925590515
109.740340446 -225.64195270836353 -37.14832100272179 30.003557920455933
109.760010765 -225.68544025719166 -37.12751564383507 30.00362277030945
109.779974589 -225.7506868392229 -37.09628853201866 30.00371813774109
109.79997676 -225.79417438805103 -37.07546791434288 30.00377917289734
109.819945479 -225.85939045250416 -37.04422935843468 30.003897428512573
109.840177982 -225.90287800133228 -37.02337822318077 30.004000425338745
109.860019052 -225.96807880699635 -36.992124408483505 30.00420641899109
109.879975631 -226.0115510970354 -36.97129234671593 30.00436282157898
109.90009183 -226.0767366439104 -36.94004997611046 30.004629850387573
109.919976863 -226.1201936751604 -36.91923698782921 30.004828214645386
109.940078745 -226.18533344566822 -36.8880098760128 30.005114316940308
109.960027801 -226.2287599593401 -36.86720070242882 30.00531268119812
109.979958167 -226.29386921226978 -36.835988849401474 30.00561785697937
110.000003502 -226.33724994957447 -36.81519111990929 30.005842924118042
110.019957539 -226.4022981673479 -36.7840059697628 30.006182432174683
110.040157061 -226.44561786949635 -36.76317772269249 30.006407499313354
110.060046836 -226.51055927574635 -36.73195442557335 30.00677752494812
110.079980204 -226.55381794273853 -36.71112617850304 30.00702929496765
110.099997089 -226.61866779625416 -36.67990669608116 30.00740694999695
110.119991717 -226.66188068687916 -36.659116595983505 30.007670164108276
110.140097465 -226.7266847640276 -36.62796959280968 30.008063077926636
110.160012118 -226.76988239586353 -36.60722145438194 30.008318662643433
110.179946814 -226.83465595543385 -36.57612785696983 30.0086886882782
110.199975509 -226.87783832848072 -36.55540260672569 30.008936643600464
110.219926475 -226.9425813704729 -36.52433189749718 30.0092990398407
110.240194396 -226.98573322594166 -36.5036219060421 30.00955080986023
110.260035608 -227.05046100914478 -36.47257789969444 30.009939908981323
110.279957842 -227.09359760582447 -36.45189842581749 30.010206937789917
110.299995332 -227.1583253890276 -36.42088112235069 30.010573148727417
110.319975547 -227.20146198570728 -36.40021309256554 30.010817289352417
110.340095353 -227.2661897689104 -36.369191974401474 30.011156797409058
110.360026486 -227.30935688316822 -36.34852775931358 30.01138186454773
110.379961456 -227.37411518394947 -36.31755241751671 30.01172137260437
110.399988309 -227.41732807457447 -36.29689201712608 30.01190447807312
110.4199442 -227.48216266930103 -36.26589760184288 30.012179136276245
110.440098273 -227.5253908187151 -36.24521431326866 30.012369871139526
110.460022521 -227.59024067223072 -36.2141817510128 30.012682676315308
110.479968049 -227.6334993392229 -36.19346794486046 30.012884855270386
110.500061833 -227.69842548668385 -36.16235527396202 30.01315951347351
110.520006309 -227.7416994124651 -36.14161095023155 30.013350248336792
110.54019385 -227.80662555992603 -36.11044105887413 30.013636350631714
110.560315577 -227.84991474449635 -36.089650958776474 30.013838529586792
110.579969319 -227.91484089195728 -36.05844673514366 30.014139890670776
110.600016643 -227.95814533531666 -36.03760322928429 30.0142924785614
110.619941831 -228.02310200035572 -36.00634941458702 30.0145480632782
110.640140138 -228.06642170250416 -35.98550972342491 30.01473879814148
110.660036694 -228.13139362633228 -35.95424064993858 30.015047788619995
110.679981031 -228.17471332848072 -35.933408588171005 30.015265226364136
110.700029865 -228.23971576988697 -35.902131885290146 30.015650510787964
110.719986672 -228.28305073082447 -35.88129982352257 30.015913724899292
110.740135318 -228.34799213707447 -35.85007652640343 30.016340970993042
110.760049204 -228.39126606285572 -35.82929787039757 30.01663851737976
110.780008399 -228.4561769515276 -35.79818519949913 30.017096281051636
110.79999741 -228.49945087730885 -35.777490466833115 30.017412900924683
110.819948671 -228.56436176598072 -35.74648842215538 30.01789355278015
110.840172975 -228.6076204329729 -35.725862354040146 30.018202543258667
110.860037616 -228.67250080406666 -35.69497475028038 30.018622159957886
110.880002584 -228.71574421226978 -35.674409717321396 30.01889681816101
110.900001739 -228.78054828941822 -35.64360985159874 30.019274473190308
110.919981549 -228.82374592125416 -35.62309440970421 30.019503355026245
110.94011177 -228.88853473961353 -35.592344135046005 30.01980471611023
110.960036565 -228.9317171126604 -35.5718477666378 30.019972562789917
110.979988272 -228.99647541344166 -35.54112419486046 30.02022433280945
110.999977357 -229.0396272689104 -35.52061638236046 30.02034640312195
111.019925086 -229.10433979332447 -35.48986229300499 30.020521879196167
111.040191573 -229.14744587242603 -35.46935448050499 30.020628690719604
111.060041712 -229.2121126204729 -35.438588947057724 30.020785093307495
111.079993675 -229.2552034407854 -35.41808494925499 30.020880460739136
111.100062686 -229.31983967125416 -35.387319415807724 30.020987272262573
111.12000937 -229.36293049156666 -35.36680778861046 30.021048307418823
111.140127548 -229.42753620445728 -35.33603462576866 30.021132230758667
111.160043143 -229.4705812484026 -35.31547340750694 30.021166563034058
111.179987118 -229.53517170250416 -35.28462395071983 30.02121615409851
111.199991467 -229.57823200523853 -35.264028400182724 30.021273374557495
111.21993966 -229.64285297691822 -35.23309502005577 30.02133822441101
111.240102055 -229.68592853844166 -35.21246895194054 30.021395444869995
111.260026778 -229.75053425133228 -35.181489795446396 30.021483182907104
111.279983629 -229.79360981285572 -35.16083320975304 30.021536588668823
111.299991982 -229.85821552574635 -35.129758685827255 30.021612882614136
111.320021101 -229.90129108726978 -35.10902199149132 30.021658658981323
111.340113382 -229.96591205894947 -35.07788643240929 30.021700620651245
111.36007716 -230.0090333968401 -35.05709633231163 30.021727323532104
111.379979142 -230.0737306624651 -35.02591881155968 30.021776914596558
111.399997363 -230.11688251793385 -35.00511345267296 30.021769285202026
111.419933569 -230.1816408187151 -34.97389015555382 30.02176547050476
111.440054815 -230.22482319176197 -34.95308098196983 30.021773099899292
111.460029189 -230.28965778648853 -34.921838611364365 30.02175784111023
111.480000248 -230.3328859359026 -34.90101799368858 30.021734952926636
111.499978352 -230.39776630699635 -34.86979088187218 30.021692991256714
111.519963652 -230.44100971519947 -34.84898552298546 30.021651029586792
111.540113939 -230.50589008629322 -34.81780418753624 30.02158236503601
111.560052026 -230.54913349449635 -34.79700645804405 30.021502256393433
111.579998515 -230.61399860680103 -34.76583656668663 30.021387815475464
111.600001055 -230.65724201500416 -34.74506935477257 30.021319150924683
111.619938663 -230.72210712730885 -34.71390327811241 30.021197080612183
111.640122422 -230.76536579430103 -34.69313606619835 30.0211284160614
111.660084572 -230.83024616539478 -34.66195473074913 30.020975828170776
111.680016393 -230.87350483238697 -34.64116844534874 30.020861387252808
111.700003436 -230.93838520348072 -34.60998710989952 30.02062487602234
111.719987447 -230.9816438704729 -34.5891931951046 30.02038073539734
111.740088093 -231.04653950035572 -34.55800423026085 30.020003080368042
111.760062783 -231.08978290855885 -34.53719887137413 30.019720792770386
111.780009025 -231.15464802086353 -34.50599464774132 30.0192973613739
111.799999235 -231.1978761702776 -34.4851778447628 30.018980741500854
111.819933312 -231.26272602379322 -34.45391258597374 30.018446683883667
111.840108189 -231.30595417320728 -34.433069080114365 30.018091917037964
111.860072574 -231.3708040267229 -34.40177711844444 30.0174663066864
111.8800022 -231.41403217613697 -34.380910724401474 30.017054319381714
111.900068583 -231.47886677086353 -34.34961876273155 30.016432523727417
111.919978213 -231.5220949202776 -34.32872948050499 30.0160129070282
111.940152285 -231.58696003258228 -34.2974337041378 30.015413999557495
111.960079544 -231.63021869957447 -34.27658638358116 30.015021085739136
111.979997869 -231.6951448470354 -34.245332568883896 30.014456510543823
111.99998371 -231.73843403160572 -34.224519580602646 30.014117002487183
112.019927229 -231.80345173180103 -34.19332680106163 30.013659238815308
112.040089622 -231.84678669273853 -34.17256340384483 30.013411283493042
112.060055124 -231.9118196517229 -34.141443103551865 30.013094663619995
112.079993839 -231.95518513023853 -34.12070640921593 30.01291537284851
112.100008003 -232.02027912437916 -34.089624255895615 30.01273226737976
112.120008054 -232.0637208968401 -34.06889137625694 30.01260256767273
112.140157063 -232.1289064437151 -34.03783592581749 30.012457609176636
112.160078275 -232.17240925133228 -34.01715263724327 30.012369871139526
112.179995852 -232.23770160973072 -33.986142963171005 30.012224912643433
112.199994542 -232.28123493492603 -33.965486377477646 30.01215624809265
112.219937068 -232.34660358726978 -33.93445000052452 30.01201891899109
112.240123042 -232.39018268883228 -33.913747638463974 30.011919736862183
112.260074498 -232.4555665999651 -33.882680743932724 30.011763334274292
112.280014124 -232.49920673668385 -33.86190590262413 30.0116069316864
112.299994907 -232.56463642418385 -33.83080467581749 30.01147723197937
112.319971473 -232.60830707848072 -33.81001457571983 30.011358976364136
112.34009934 -232.67384357750416 -33.778840869665146 30.011194944381714
112.360078068 -232.71757526695728 -33.75803551077843 30.011065244674683
112.380001393 -232.78321857750416 -33.726777881383896 30.010878324508667
112.399996036 -232.82699604332447 -33.70594581961632 30.010775327682495
112.41992347 -232.89276142418385 -33.674531787633896 30.010592222213745
112.440027093 -232.93663044273853 -33.653554767370224 30.01049304008484
112.460037955 -233.00245685875416 -33.62202629446983 30.0103862285614
112.480013564 -233.04641743004322 -33.600881427526474 30.01030993461609
112.50001246 -233.11235065758228 -33.569143146276474 30.010157346725464
112.51997486 -233.15635700523853 -33.547910541296005 30.010058164596558
112.540060774 -233.22239704430103 -33.515954822301865 30.009913206100464
112.560355685 -233.26641865074635 -33.49464592337608 30.00983691215515
112.580004472 -233.3324739485979 -33.46257957816124 30.00976061820984
112.600014599 -233.37649555504322 -33.44120201468468 30.009711027145386
112.61997624 -233.4425813704729 -33.408994525671005 30.009676694869995
112.640024295 -233.48660297691822 -33.38751778006554 30.00969958305359
112.660198413 -233.5526124984026 -33.355283588171005 30.0097873210907
112.68001213 -233.59660358726978 -33.33373436331749 30.009867429733276
112.699987457 -233.66256733238697 -33.30144676566124 30.010042905807495
112.719982892 -233.70651264488697 -33.27990898489952 30.010176420211792
112.739999249 -233.77243061363697 -33.24762138724327 30.010416746139526
112.760268351 -233.81634540855885 -33.226133197546005 30.010599851608276
112.780028897 -233.88221760094166 -33.19386085867882 30.01082491874695
112.799994699 -233.92611713707447 -33.17237648367882 30.010966062545776
112.819946493 -233.99192829430103 -33.140188068151474 30.01116442680359
112.840049616 -234.0357667952776 -33.11876091361046 30.011282682418823
112.860539247 -234.10148639976978 -33.086667865514755 30.011446714401245
112.879998398 -234.14527912437916 -33.06529030203819 30.01153063774109
112.900037014 -234.21092243492603 -33.03330788016319 30.01166796684265
112.919967025 -234.25465412437916 -33.01203712821007 30.011744260787964
112.940014923 -234.3202669173479 -32.98020347952843 30.011858701705933
112.960069133 -234.36399860680103 -32.959035724401474 30.011942625045776
112.980009651 -234.42962665855885 -32.92736992239952 30.012068510055542
113.000054288 -234.47337360680103 -32.906301349401474 30.012171506881714
113.019952336 -234.53900165855885 -32.874753803014755 30.012327909469604
113.040008157 -234.58279438316822 -32.85374245047569 30.012449979782104
113.060076722 -234.64845295250416 -32.82227882742882 30.012640714645386
113.079996202 -234.69223041832447 -32.80131706595421 30.012770414352417
113.100014786 -234.75790424644947 -32.76991829276085 30.01300311088562
113.11997686 -234.80172748863697 -32.748994678258896 30.013163328170776
113.139993156 -234.86747761070728 -32.71766838431358 30.013407468795776
113.160073933 -234.91131611168385 -32.696828693151474 30.013575315475464
113.18002534 -234.97715778648853 -32.665647357702255 30.013811826705933
113.200020732 -235.02108784019947 -32.64491066336632 30.013949155807495
113.219940934 -235.08700580894947 -32.61387428641319 30.014158964157104
113.239982614 -235.13101215660572 -32.593232959508896 30.014300107955933
113.260087139 -235.1970216780901 -32.56232246756554 30.014532804489136
113.280015116 -235.24105854332447 -32.54174980521202 30.014696836471558
113.300044986 -235.30715961754322 -32.51096519827843 30.01496386528015
113.319983319 -235.35121174156666 -32.49048408865929 30.015154600143433
113.340015645 -235.41734333336353 -32.45982536673546 30.01547122001648
113.360078812 -235.46141071617603 -32.439416736364365 30.01568865776062
113.379995627 -235.5275423079729 -32.40890297293663 30.016043424606323
113.400022047 -235.5716096907854 -32.388608783483505 30.016283750534058
113.419926591 -235.6376955062151 -32.35824379324913 30.016646146774292
113.439975892 -235.6817628890276 -32.33804115653038 30.01690173149109
113.460131408 -235.7478792220354 -32.30778679251671 30.017298460006714
113.480004445 -235.79196186363697 -32.28765282034874 30.017569303512573
113.500050903 -235.85812397301197 -32.25749000906944 30.017988920211792
113.519979128 -235.9022218734026 -32.23740562796593 30.018267393112183
113.539987571 -235.96839924156666 -32.20731148123741 30.018690824508667
113.560087203 -236.01251240074635 -32.18727287650108 30.018973112106323
113.580010057 -236.0786897689104 -32.15724357962608 30.019400358200073
113.600032382 -236.12281818687916 -32.137231677770615 30.019713163375854
113.619948264 -236.1889650374651 -32.1072481572628 30.020174741744995
113.639999859 -236.23307819664478 -32.087270587682724 30.02050280570984
113.660085248 -236.29924030601978 -32.0573213994503 30.020983457565308
113.680012697 -236.34335346519947 -32.03735908865929 30.021307706832886
113.699997452 -236.4095460921526 -32.00741371512413 30.021754026412964
113.71996451 -236.45365925133228 -31.98745521903038 30.02204394340515
113.739964792 -236.51980610191822 -31.957509845495224 30.022501707077026
113.760042028 -236.56387348473072 -31.937564700841904 30.022806882858276
113.780008044 -236.62992878258228 -31.907670825719833 30.023245573043823
113.80006489 -236.6739046126604 -31.887739032506943 30.02355456352234
113.819952848 -236.7398225814104 -31.85785660147667 30.023993253707886
113.83997862 -236.78373737633228 -31.83793815970421 30.024245023727417
113.860097932 -236.84953327476978 -31.808067172765732 30.02453112602234
113.880043716 -236.89337177574635 -31.7881620824337 30.024702787399292
113.900087803 -236.95901508629322 -31.75832924246788 30.024908781051636
113.91998471 -237.00274677574635 -31.738454669713974 30.02502703666687
113.93995861 -237.0682374984026 -31.708637088537216 30.02511477470398
113.960069545 -237.11187763512135 -31.68874153494835 30.02514910697937
113.980049777 -237.17729206383228 -31.658874362707138 30.025171995162964
114.000031604 -237.22085590660572 -31.63892349600792 30.025179624557495
114.019954064 -237.28614826500416 -31.60898193717003 30.02518343925476
114.039986845 -237.3296663314104 -31.58899673819542 30.025191068649292
114.060080004 -237.39491291344166 -31.558992236852646 30.025221586227417
114.080019699 -237.43838520348072 -31.53898987174034 30.02523684501648
114.100043411 -237.5036165267229 -31.508970111608505 30.025294065475464
114.119982395 -237.54708881676197 -31.488962024450302 30.025336027145386
114.140020704 -237.61232014000416 -31.458947986364365 30.0254008769989
114.160093685 -237.65579243004322 -31.438928455114365 30.02544665336609
114.180041075 -237.72099323570728 -31.40888199210167 30.02551531791687
114.200004521 -237.76446552574635 -31.388807147741318 30.02558398246765
114.219967984 -237.82965107262135 -31.358688205480576 30.025683164596558
114.239971932 -237.8731233626604 -31.33859047293663 30.02575182914734
114.260088404 -237.93829365074635 -31.308441013097763 30.02585482597351
114.280025696 -237.98173542320728 -31.288349002599716 30.025919675827026
114.300054803 -238.0468751937151 -31.258191913366318 30.026015043258667
114.320003031 -238.09027118980885 -31.238097995519638 30.025736570358276
114.339998673 -238.15531940758228 -31.20800957083702 30.023138761520386
114.360166191 -238.1986848860979 -31.18798241019249 30.01946520805359
114.38003369 -238.26365680992603 -31.158025592565536 30.01077914237976
114.399990552 -238.30694599449635 -31.13811096549034 30.00284457206726
114.41997186 -238.3717805892229 -31.10833916068077 29.98791766166687
114.439967107 -238.41494770348072 -31.08856377005577 29.97595477104187
114.460335938 -238.47958393394947 -31.05902847647667 29.955057859420776
114.480300746 -238.52259846031666 -31.039405673742294 29.93950915336609
114.500029481 -238.5869905501604 -31.010116428136826 29.913374662399292
114.519990081 -238.62980671226978 -30.990671008825302 29.894537687301636
114.539979237 -238.69386310875416 -30.961635440587997 29.86438250541687
114.560208547 -238.73641987144947 -30.942365497350693 29.842913389205933
114.58003007 -238.80003376305103 -30.91357597708702 29.80938220024109
114.60002786 -238.84222431480885 -30.894470065832138 29.78613543510437
114.619937134 -238.90519733726978 -30.865962833166122 29.75006365776062
114.640050038 -238.94694538414478 -30.847059100866318 29.725447416305542
114.660154403 -239.00914020836353 -30.818891376256943 29.687445402145386
114.680024644 -239.0503694564104 -30.800235599279404 29.661818265914917
114.700003219 -239.11170978844166 -30.77248176932335 29.622626066207886
114.719999246 -239.15226764976978 -30.7541101872921 29.5962016582489
114.739965096 -239.21257038414478 -30.72677978873253 29.556196928024292
114.760045968 -239.25233478844166 -30.708701938390732 29.52924609184265
114.780026711 -239.31137104332447 -30.68183121085167 29.488672971725464
114.800004553 -239.35028095543385 -30.664092868566513 29.461493253707886
114.819962933 -239.40792866051197 -30.637840121984482 29.42060351371765
114.839984957 -239.44590778648853 -30.620544284582138 29.3933207988739
114.860063348 -239.50198383629322 -30.594970554113388 29.352253675460815
114.880017671 -239.53883381187916 -30.57816109061241 29.324873685836792
114.900060205 -239.59327717125416 -30.55331787467003 29.283825635910034
114.920020597 -239.6289064437151 -30.5370691716671 29.256447553634644
114.939974145 -239.68161030113697 -30.51302894949913 29.21550440788269
114.960217659 -239.71603412926197 -30.497314304113388 29.188225507736206
114.980035366 -239.76678486168385 -30.474140018224716 29.147398710250854
115.000055368 -239.79995746910572 -30.458989948034286 29.120272397994995
115.019984115 -239.84866352379322 -30.43674072623253 29.079643964767456
115.040041837 -239.88052387535572 -30.42218765616417 29.052624464035034
115.060128755 -239.9271242171526 -30.400884479284286 29.012146711349487
115.080059936 -239.9575197249651 -30.38697800040245 28.9852397441864
115.100079239 -240.00212116539478 -30.36656555533409 28.94498896598816
115.120010108 -240.03103657066822 -30.353324741125107 28.9182231426239
115.139974574 -240.0734407454729 -30.333902209997177 28.87820315361023
115.160108023 -240.10098285973072 -30.321279376745224 28.851601362228394
115.180041199 -240.1411897689104 -30.302833408117294 28.811785459518433
115.200071943 -240.16734333336353 -30.290830463171005 28.785261869430542
115.219961029 -240.2054445296526 -30.273326724767685 28.745564222335815
115.239984296 -240.23019428551197 -30.261955112218857 28.719162702560425
115.260129625 -240.2660676985979 -30.245447009801865 28.67961573600769
115.2800762 -240.28927631676197 -30.234763950109482 28.653294324874878
115.300015148 -240.3230745345354 -30.219215244054794 28.61392092704773
115.319999725 -240.34477253258228 -30.20920929312706 28.587719678878784
115.33998944 -240.37638874351978 -30.194644778966904 28.548537015914917
115.360068945 -240.39675922691822 -30.185268253087997 28.52248454093933
115.380044763 -240.42625446617603 -30.171701282262802 28.483486890792847
115.400002898 -240.44529743492603 -30.16294464468956 28.4575355052948
115.419955567 -240.4727327376604 -30.1503446996212 28.418688535690308
115.439990948 -240.49037189781666 -30.14224037528038 28.392826795578003
115.460103349 -240.51588459312916 -30.130525439977646 28.35408663749695
115.480110088 -240.53225727379322 -30.122983783483505 28.328291654586792
115.500015939 -240.55589313805103 -30.112071841955185 28.289652585983276
115.519993155 -240.57093830406666 -30.10506996512413 28.2639319896698
115.539975369 -240.59266681969166 -30.094922870397568 28.225403547286987
115.560051511 -240.60653705894947 -30.088401645421982 28.19975733757019
115.580063365 -240.62644977867603 -30.078998416662216 28.16134524345398
115.599993418 -240.63917560875416 -30.072967380285263 28.135756254196167
115.619948533 -240.65728779137135 -30.064321368932724 28.097443342208862
115.639973025 -240.6688234359026 -30.05878433585167 28.071951627731323
115.660103737 -240.6853029280901 -30.050813525915146 28.03378939628601
115.680054256 -240.69570942223072 -30.045718997716904 28.00838541984558
115.700028021 -240.7105714827776 -30.038396686315536 27.970261335372925
115.719991161 -240.71994037926197 -30.03372749686241 27.94486117362976
115.739981706 -240.73330707848072 -30.027028888463974 27.906813383102417
115.760032958 -240.74171467125416 -30.022756427526474 27.881468534469604
115.780054539 -240.75358600914478 -30.01664337515831 27.843493223190308
115.799971256 -240.76104755699635 -30.012765735387802 27.818209409713745
115.819946576 -240.77145405113697 -30.007201999425888 27.78031611442566
115.839975015 -240.77793903648853 -30.003667682409286 27.75506091117859
115.860064567 -240.78703327476978 -29.998628467321396 27.717198133468628
115.880049196 -240.79263325035572 -29.995452731847763 27.691996335983276
115.90016508 -240.80043049156666 -29.990972369909286 27.654200315475464
115.919986733 -240.80520649254322 -29.988170474767685 27.629015684127808
115.939962761 -240.81178303062916 -29.984245151281357 27.591265439987183
115.960080755 -240.81581135094166 -29.981807559728622 27.566113233566284
115.980036282 -240.82125873863697 -29.978397220373154 27.528374433517456
116.000019835 -240.82455463707447 -29.976295322179794 27.50325655937195
116.019942127 -240.82896442711353 -29.973388522863388 27.46557307243347
116.039969524 -240.83157368004322 -29.971601337194443 27.440481901168823
116.060090126 -240.83500690758228 -29.969142764806747 27.40288233757019
116.080088834 -240.8369905501604 -29.96763977408409 27.37780261039734
116.100025142 -240.83953876793385 -29.96561226248741 27.34024691581726
116.120001549 -240.84097309410572 -29.96440491080284 27.315190076828003
116.139961246 -240.84271259605885 -29.96279701590538 27.277565717697144
116.160058237 -240.84361286461353 -29.961864322423935 27.25247836112976
116.180052704 -240.8446046859026 -29.960677951574326 27.214808225631714
116.200001466 -240.84503193199635 -29.96002945303917 27.189690351486206
116.219933465 -240.8453371077776 -29.959258884191513 27.151991605758667
116.239989894 -240.84532184898853 -29.958854526281357 27.1268413066864
116.260110882 -240.84495563805103 -29.958438724279404 27.08915400505066
116.280091827 -240.84451313316822 -29.958261340856552 27.063992261886597
116.300009773 -240.84352131187916 -29.958160251379013 27.026262998580933
116.319999328 -240.84266681969166 -29.958186954259872 27.001099348068237
116.34006617 -240.8411409407854 -29.958385318517685 26.963379621505737
116.360063156 -240.83993549644947 -29.95862564444542 26.9382541179657
116.380070746 -240.83793659508228 -29.959091037511826 26.900496244430542
116.399973788 -240.83644123375416 -29.95947441458702 26.875332593917847
116.419932888 -240.83396930992603 -29.96015152335167 26.837578535079956
116.439985961 -240.83221454918385 -29.960649341344833 26.81238627433777
116.460106911 -240.82939167320728 -29.961511462926865 26.77462649345398
116.480074324 -240.82740803062916 -29.962140887975693 26.749455213546753
116.500020874 -240.8242952376604 -29.96318230032921 26.711708784103394
116.520004286 -240.8220979720354 -29.963954776525497 26.686562299728394
116.539969481 -240.8186800032854 -29.965221256017685 26.648899793624878
116.560049317 -240.81629963219166 -29.966144412755966 26.62382197380066
116.580054669 -240.81272907555103 -29.967601627111435 26.586201429367065
116.600030819 -240.8102571517229 -29.96864303946495 26.561169385910034
116.619971118 -240.80645771324635 -29.97030434012413 26.523651838302612
116.639963971 -240.8039552718401 -29.971502155065536 26.498642683029175
116.660039168 -240.80007953941822 -29.973415225744247 26.461151838302612
116.68006266 -240.79747028648853 -29.974769443273544 26.4361732006073
116.700051127 -240.7935335189104 -29.97691711783409 26.39879298210144
116.720005368 -240.79083271324635 -29.978418201208115 26.373892545700073
116.739963807 -240.7868196517229 -29.980766147375107 26.336592435836792
116.760023116 -240.78408832848072 -29.982379764318466 26.311741590499878
116.780061422 -240.77992267906666 -29.98487076163292 26.274489164352417
116.800026584 -240.77711506187916 -29.986572116613388 26.249699354171753
116.819970723 -240.77284260094166 -29.98918518424034 26.212536573410034
116.840063569 -240.77003498375416 -29.990909427404404 26.187762022018433
116.860039691 -240.76576252281666 -29.993549197912216 26.150604963302612
116.880085853 -240.7628938704729 -29.9953211247921 26.125828504562378
116.900122238 -240.7586214095354 -29.99799332022667 26.088701963424683
116.920022908 -240.7557374984026 -29.99980339407921 26.06395983695984
116.939991206 -240.75148029625416 -30.002532809972763 26.02678942680359
116.960021194 -240.74862690269947 -30.00438866019249 26.00200915336609
116.98007532 -240.74435444176197 -30.007228702306747 25.964855909347534
117.000017271 -240.7415773421526 -30.009086459875107 25.940155744552612
117.019972864 -240.7373811751604 -30.011901706457138 25.90312647819519
117.040010378 -240.7345735579729 -30.013772815465927 25.87846064567566
117.059969699 -240.7303468734026 -30.016597598791122 25.841498136520386
117.080044116 -240.72755451500416 -30.01846870779991 25.816885709762573
117.100036129 -240.72341938316822 -30.021238178014755 25.780033826828003
117.120003511 -240.72064228355885 -30.023088306188583 25.755480527877808
117.139991683 -240.71661396324635 -30.02579101920128 25.718716382980347
117.159981053 -240.71392841637135 -30.02756866812706 25.694241285324097
117.180065462 -240.7099153548479 -30.03020080924034 25.657572507858276
117.200050406 -240.7073518782854 -30.031919330358505 25.633209943771362
117.219956542 -240.70347614586353 -30.034490436315536 25.596686124801636
117.240001858 -240.70094318687916 -30.036163181066513 25.57238268852234
117.260029873 -240.69723530113697 -30.038614124059677 25.535998106002808
117.280074696 -240.69476337730885 -30.040239185094833 25.511751890182495
117.300036463 -240.69120807945728 -30.042598575353622 25.475470304489136
117.319995241 -240.68878193199635 -30.044195026159286 25.451273679733276
117.339999213 -240.6853029280901 -30.046506732702255 25.41500735282898
117.359999611 -240.68301410973072 -30.048017352819443 25.39083743095398
117.380063515 -240.67965717613697 -30.05023941397667 25.35460352897644
117.40007927 -240.67752094566822 -30.051614612340927 25.33046793937683
117.419969375 -240.67433185875416 -30.053645938634872 25.294268369674683
117.439983737 -240.67228718101978 -30.054929584264755 25.27014994621277
117.460016665 -240.66928119957447 -30.056754916906357 25.233982801437378
117.480213536 -240.66728229820728 -30.05795845389366 25.209864377975464
117.500024505 -240.66447468101978 -30.059594959020615 25.173741102218628
117.520039514 -240.66262836754322 -30.060651630163193 25.149651288986206
117.539990847 -240.6599123030901 -30.06218895316124 25.113529920578003
117.55997991 -240.65823383629322 -30.063134998083115 25.08946681022644
117.580107302 -240.65565510094166 -30.064592212438583 25.053351163864136
117.600033227 -240.65409870445728 -30.065490573644638 25.0293071269989
117.619976459 -240.65179462730885 -30.06682762503624 24.993239164352417
117.63997726 -240.65036030113697 -30.067672580480576 24.969221830368042
117.65996954 -240.64830036461353 -30.06888946890831 24.93323588371277
117.680281262 -240.64694233238697 -30.069698184728622 24.909239530563354
117.700022067 -240.64508076012135 -30.070796817541122 24.873350858688354
117.72004058 -240.64389057457447 -30.071510165929794 24.849406003952026
117.739990991 -240.64212055504322 -30.07255157828331 24.8134868144989
117.759967325 -240.64108295738697 -30.07316955924034 24.789524793624878
117.780186604 -240.6395265609026 -30.07409080862999 24.753554105758667
117.800029964 -240.6385499984026 -30.0746668279171 24.72955584526062
117.819969677 -240.63717670738697 -30.07547363638878 24.69352412223816
117.840000958 -240.63627643883228 -30.076007694005966 24.669501066207886
117.85995841 -240.6350099593401 -30.076759189367294 24.633471250534058
117.88007367 -240.63417072594166 -30.07725700736046 24.609436750411987
117.900111361 -240.63302631676197 -30.077945560216904 24.573376417160034
117.919996078 -240.6322786360979 -30.078395694494247 24.5493323802948
117.940009131 -240.63116474449635 -30.079057544469833 24.51325297355652
117.959971333 -240.6304933577776 -30.079425662755966 24.489216566085815
117.980170064 -240.62944050133228 -30.079982608556747 24.453158140182495
118.00004 -240.62876911461353 -30.08032402396202 24.429131269454956
118.019968279 -240.62774677574635 -30.08079132437706 24.393091917037964
118.040003983 -240.62704487144947 -30.081106036901474 24.36905550956726
118.059985484 -240.62608356773853 -30.08151611685753 24.332981824874878
118.080069708 -240.62542743980885 -30.081785053014755 24.30890727043152
118.100033608 -240.62445087730885 -30.08218941092491 24.27278208732605
118.120012957 -240.62381000816822 -30.082454532384872 24.24868083000183
118.140043684 -240.62286396324635 -30.082849353551865 24.2125346660614
118.159991521 -240.62228412926197 -30.083095401525497 24.188408613204956
118.180125103 -240.62136860191822 -30.083478778600693 24.15218234062195
118.200007703 -240.62077350914478 -30.083719104528427 24.128004789352417
118.219975359 -240.61991901695728 -30.084058612585068 24.091692686080933
118.239979422 -240.61932392418385 -30.08429703116417 24.067471265792847
118.259964526 -240.61851520836353 -30.084617465734482 24.031100034713745
118.280079411 -240.61798115074635 -30.084836810827255 24.006840467453003
118.299999268 -240.61715717613697 -30.08517250418663 23.970402479171753
118.320004383 -240.61668415367603 -30.085412830114365 23.946099042892456
118.340028523 -240.61593647301197 -30.08581718802452 23.909624814987183
118.359961269 -240.61544819176197 -30.086118549108505 23.885302305221558
118.380099218 -240.61471576988697 -30.086601108312607 23.84883189201355
118.400014015 -240.61424274742603 -30.086938709020615 23.82453989982605
118.42000475 -240.61357136070728 -30.08745750784874 23.788103818893433
118.440010542 -240.61309833824635 -30.08781608939171 23.763838529586792
118.459966473 -240.6124269515276 -30.08838638663292 23.727450132369995
118.480308117 -240.61196918785572 -30.088788837194443 23.703177213668823
118.500002341 -240.61126728355885 -30.08942398428917 23.6667582988739
118.519989766 -240.6107942610979 -30.08985123038292 23.642439603805542
118.540006202 -240.61003132164478 -30.090507358312607 23.605929136276245
118.559969277 -240.6094972640276 -30.090940326452255 23.581562757492065
118.580082553 -240.60865803062916 -30.09160026907921 23.544995069503784
118.600019143 -240.60806293785572 -30.09205612540245 23.520655393600464
118.620039036 -240.60714741051197 -30.092689365148544 23.484102964401245
118.639999427 -240.60649128258228 -30.09312805533409 23.45975947380066
118.659962916 -240.60545368492603 -30.093726962804794 23.4232280254364
118.680090839 -240.6047365218401 -30.094108432531357 23.398871183395386
118.700031646 -240.60360737144947 -30.09464630484581 23.36235499382019
118.720064868 -240.60281391441822 -30.094966739416122 23.33800196647644
118.740000128 -240.60159321129322 -30.095456928014755 23.301501035690308
118.759996929 -240.60076923668385 -30.095769733190536 23.277174711227417
118.780101965 -240.59951801598072 -30.096248477697372 23.240681409835815
118.80003912 -240.59864826500416 -30.096580356359482 23.21633791923523
118.819985982 -240.59733600914478 -30.097055286169052 23.179793119430542
118.840012666 -240.59645099937916 -30.097364276647568 23.155409574508667
118.859961604 -240.59507770836353 -30.097818225622177 23.118807554244995
118.880088564 -240.59416218101978 -30.098121494054794 23.094361066818237
118.900000076 -240.5927278548479 -30.0985926091671 23.05774188041687
118.9200421 -240.5917512923479 -30.098874896764755 23.033304929733276
118.939993693 -240.59025593101978 -30.099315494298935 22.996674299240112
118.959975694 -240.58926410973072 -30.09961113333702 22.972256422042847
118.980089389 -240.58778400719166 -30.100059360265732 22.93562388420105
119.000009207 -240.58680744469166 -30.100364536046982 22.911255598068237
119.019973325 -240.5854036360979 -30.10081848502159 22.87471842765808
119.040000322 -240.5844728499651 -30.10111030936241 22.850382566452026
119.059982295 -240.58311481773853 -30.101533740758896 22.813904523849487
119.080080101 -240.58224506676197 -30.10178741812706 22.789576292037964
119.100001088 -240.58094806969166 -30.10216698050499 22.753082990646362
119.119999038 -240.58009357750416 -30.102409213781357 22.72874140739441
119.139971083 -240.5788576155901 -30.10277161002159 22.69222903251648
119.159968651 -240.57801838219166 -30.103023380041122 22.667893171310425
119.180099345 -240.57681293785572 -30.103406757116318 22.631373167037964
119.200005743 -240.57601948082447 -30.10366615653038 22.607060194015503
119.219966352 -240.57487507164478 -30.104062885046005 22.57054591178894
119.240009349 -240.57414264976978 -30.1043299138546 22.54620623588562
119.259976897 -240.57305927574635 -30.104734271764755 22.509705305099487
119.280098232 -240.57240314781666 -30.10502228140831 22.485350370407104
119.300012014 -240.5714113265276 -30.105460971593857 22.44890284538269
119.320033351 -240.5708009749651 -30.105756610631943 22.4245822429657
119.340004529 -240.56988544762135 -30.106201022863388 22.38803744316101
119.359980471 -240.5692903548479 -30.106504291296005 22.363661527633667
119.380137683 -240.5684358626604 -30.10696968436241 22.3270423412323
119.399997782 -240.5678712874651 -30.10728058218956 22.302603483200073
119.419954259 -240.5670167952776 -30.107749789953232 22.26594042778015
119.439993838 -240.56646747887135 -30.108062595129013 22.241522550582886
119.459966169 -240.56564350426197 -30.108520358800888 22.204935789108276
119.480047386 -240.5651399642229 -30.108802646398544 22.180556058883667
119.500023989 -240.56436176598072 -30.109218448400497 22.143982648849487
119.520039445 -240.56387348473072 -30.109481662511826 22.11962580680847
119.540013729 -240.56314106285572 -30.109868854284286 22.083168745040894
119.560026035 -240.56266804039478 -30.11012253165245 22.058892011642456
119.58012086 -240.56195087730885 -30.110524982213974 22.022461652755737
119.600036313 -240.5614778548479 -30.110792011022568 21.998200178146362
119.619959516 -240.56077595055103 -30.111190646886826 21.961798429489136
119.640007267 -240.5603029280901 -30.11145195364952 21.9375102519989
119.659992131 -240.55960102379322 -30.111842960119247 21.901076078414917
119.680075513 -240.55911274254322 -30.112100452184677 21.876774549484253
119.7000552 -240.55838032066822 -30.11248192191124 21.840378522872925
119.720018413 -240.55790729820728 -30.11273941397667 21.81609797477722
119.739994601 -240.55715961754322 -30.11314758658409 21.779696226119995
119.759970718 -240.55667133629322 -30.11342415213585 21.755436658859253
119.780070612 -240.5559083968401 -30.11389335989952 21.718994855880737
119.800043759 -240.55540485680103 -30.114227145910263 21.694748640060425
119.819970688 -240.55465717613697 -30.114755481481552 21.658365964889526
119.840003101 -240.55416889488697 -30.115144580602646 21.634087324142456
119.859981775 -240.55340595543385 -30.115747302770615 21.597676038742065
119.880087368 -240.55290241539478 -30.116168826818466 21.573384046554565
119.900171311 -240.55216999351978 -30.116819232702255 21.53687357902527
119.920096042 -240.55168171226978 -30.11725601553917 21.512531995773315
119.940015742 -240.5509798079729 -30.11792740225792 21.475943326950073
119.959983972 -240.55050678551197 -30.118366092443466 21.4515597820282
119.980090606 -240.54983539879322 -30.119050830602646 21.414948225021362
120.000165566 -240.5493928939104 -30.119518131017685 21.390528440475464
120.02000959 -240.54875202476978 -30.12022766470909 21.353882551193237
120.039992454 -240.54837055504322 -30.12072929739952 21.329439878463745
120.059967399 -240.5478059798479 -30.121482700109482 21.292820692062378
120.080083835 -240.5474397689104 -30.121991962194443 21.268402814865112
120.100074527 -240.54690571129322 -30.122718662023544 21.231886625289917
120.120053899 -240.54653950035572 -30.123182147741318 21.207546949386597
120.140009862 -240.54592914879322 -30.123830646276474 21.170990705490112
120.159977029 -240.54551716148853 -30.124233096837997 21.146624326705933
120.18007409 -240.5448762923479 -30.12479767203331 21.110073804855347
120.200086266 -240.54441852867603 -30.125139087438583 21.08570170402527
120.219987461 -240.5437776595354 -30.125634998083115 21.049172163009644
120.240000903 -240.54331989586353 -30.125934451818466 21.024824857711792
120.25998376 -240.5426790267229 -30.126346439123154 20.9882972240448
120.280071659 -240.54226703941822 -30.126586765050888 20.96394419670105
120.300055277 -240.54167194664478 -30.126863330602646 20.927420377731323
120.320031391 -240.54130573570728 -30.12701591849327 20.903074979782104
120.340024388 -240.54083271324635 -30.127166599035263 20.866535902023315
120.359979465 -240.5405275374651 -30.127248615026474 20.842167615890503
120.38006005 -240.54008503258228 -30.127343982458115 20.80561137199402
120.40007596 -240.53981037437916 -30.127399295568466 20.78124499320984
120.419958936 -240.5394289046526 -30.127471774816513 20.744704008102417
120.440021346 -240.5391847640276 -30.127513736486435 20.720343351364136
120.459986002 -240.53886432945728 -30.12758430838585 20.683809995651245
120.480087733 -240.53866596519947 -30.127630084753036 20.659464597702026
120.500072079 -240.53839130699635 -30.127683490514755 20.62296175956726
120.520022151 -240.53823871910572 -30.127704471349716 20.59863543510437
120.54000799 -240.53807087242603 -30.127725452184677 20.562159299850464
120.559988544 -240.53799457848072 -30.127731174230576 20.5378577709198
120.580140283 -240.53790302574635 -30.12771973013878 20.501421689987183
120.600058898 -240.5378419905901 -30.127691119909286 20.477171659469604
120.620016896 -240.53778095543385 -30.127630084753036 20.440815687179565
120.639986775 -240.53773517906666 -30.127572864294052 20.416611433029175
120.659982076 -240.53770466148853 -30.127454608678818 20.38033938407898
120.680049592 -240.53768940269947 -30.127357333898544 20.35616183280945
120.700071159 -240.53768940269947 -30.127208560705185 20.319903135299683
120.720011539 -240.53770466148853 -30.127113193273544 20.29573702812195
120.740007915 -240.53778095543385 -30.126975864171982 20.259506940841675
120.759989271 -240.53785724937916 -30.12688621878624 20.2353675365448
120.78006681 -240.53799457848072 -30.12675651907921 20.19917368888855
120.800081348 -240.53813190758228 -30.126670688390732 20.175036191940308
120.819980884 -240.53834553062916 -30.126523822546005 20.138842344284058
120.839993804 -240.53851337730885 -30.1264189183712 20.114723920822144
120.859981844 -240.5387727767229 -30.126233905553818 20.078558683395386
120.880002743 -240.53895588219166 -30.126098483800888 20.05445170402527
120.900094071 -240.53921528160572 -30.12588295340538 20.018324613571167
120.920045986 -240.5393831282854 -30.12571319937706 19.994242429733276
120.940004124 -240.53961201012135 -30.12542137503624 19.95813250541687
120.959984196 -240.53971882164478 -30.125194400548935 19.934059858322144
120.979984374 -240.53985615074635 -30.124835819005966 19.897963285446167
121.000104925 -240.53994770348072 -30.124563068151474 19.873949766159058
121.019942619 -240.54005451500416 -30.12412628531456 19.837942838668823
121.040087412 -240.54008503258228 -30.123802036046982 19.81396174430847
121.059968678 -240.54010029137135 -30.123256534337997 19.77801775932312
121.079985207 -240.54010029137135 -30.12287124991417 19.754059553146362
121.100135841 -240.54002399742603 -30.122230380773544 19.718167066574097
121.120034583 -240.53994770348072 -30.121795505285263 19.694247007369995
121.140019958 -240.53981037437916 -30.121120303869247 19.65838885307312
121.159974904 -240.53968830406666 -30.120662540197372 19.63451647758484
121.179972463 -240.53948993980885 -30.11998352408409 19.59871554374695
121.200064266 -240.53935261070728 -30.119529575109482 19.57490038871765
121.219949326 -240.53912372887135 -30.118841022253036 19.5391948223114
121.240059611 -240.53897114098072 -30.118379443883896 19.5153911113739
121.259976301 -240.53866596519947 -30.117675632238388 19.47967219352722
121.280065999 -240.53849811851978 -30.117210239171982 19.455843687057495
121.300168746 -240.5381624251604 -30.11649116873741 19.420136213302612
121.320018016 -240.53793354332447 -30.116004794836044 19.396321058273315
121.339998062 -240.53758259117603 -30.11526855826378 19.360562086105347
121.359973448 -240.53732319176197 -30.114784091711044 19.336701154708862
121.379968453 -240.53697223961353 -30.11406883597374 19.30088496208191
121.400098128 -240.53672809898853 -30.1136015355587 19.276995420455933
121.419943719 -240.53640766441822 -30.112884372472763 19.241133451461792
121.440001229 -240.5362093001604 -30.11240753531456 19.217217206954956
121.459981215 -240.53591938316822 -30.111677020788193 19.18133234977722
121.479965751 -240.53573627769947 -30.11118111014366 19.157400846481323
121.500124252 -240.53550739586353 -30.110425800085068 19.121519804000854
121.51999388 -240.5353548079729 -30.10987839102745 19.097594022750854
121.540075709 -240.53517170250416 -30.1090849339962 19.061699628829956
121.560043842 -240.53506489098072 -30.10850128531456 19.037758588790894
121.579963671 -240.53492756187916 -30.107608646154404 19.001845121383667
121.600137414 -240.53485126793385 -30.10697540640831 18.97790217399597
121.619966973 -240.53477497398853 -30.106002658605576 18.94198489189148
121.640011328 -240.53472919762135 -30.105356067419052 18.91802477836609
121.660006884 -240.5346681624651 -30.10435089468956 18.88205599784851
121.679979477 -240.53463764488697 -30.103675693273544 18.858059644699097
121.700262664 -240.53460712730885 -30.102653354406357 18.822035551071167
121.72004723 -240.53457660973072 -30.101960986852646 18.797980070114136
121.740020437 -240.53456135094166 -30.100934833288193 18.7618510723114
121.759969786 -240.5345460921526 -30.10024818778038 18.73773455619812
121.779969136 -240.5345460921526 -30.099214404821396 18.701525449752808
121.800124754 -240.53456135094166 -30.098535388708115 18.677380323410034
121.819976586 -240.53459186851978 -30.097530215978622 18.641125440597534
121.840001637 -240.53463764488697 -30.096874088048935 18.616957426071167
121.860069623 -240.53472919762135 -30.095910876989365 18.580662488937378
121.879970057 -240.5347902327776 -30.095289081335068 18.556456327438354
121.900264617 -240.5349123030901 -30.09438881278038 18.520203351974487
121.920032378 -240.53495807945728 -30.09381851553917 18.49600863456726
121.940025509 -240.53504963219166 -30.09300407767296 18.459683179855347
121.959971489 -240.53509540855885 -30.092500537633896 18.435444593429565
121.979970211 -240.53518696129322 -30.091760486364365 18.399065732955933
122.000140492 -240.53526325523853 -30.091279834508896 18.374871015548706
122.020006143 -240.53532429039478 -30.09056267142296 18.338555097579956
122.040000455 -240.53537006676197 -30.090099185705185 18.314343214035034
122.059990416 -240.53541584312916 -30.089425891637802 18.27802538871765
122.079960926 -240.53544636070728 -30.088992923498154 18.253815412521362
122.100178863 -240.53546161949635 -30.088369220495224 18.21751093864441
122.120002492 -240.53546161949635 -30.087936252355576 18.193312406539917
122.140020767 -240.5354768782854 -30.087289661169052 18.15701174736023
122.159978339 -240.5354768782854 -30.08683952689171 18.13280940055847
122.179959041 -240.53546161949635 -30.086147159337997 18.09651827812195
122.200256007 -240.53546161949635 -30.085691303014755 18.072344541549683
122.219961691 -240.53544636070728 -30.084918826818466 18.036112546920776
122.240011987 -240.53544636070728 -30.084403842687607 18.011982679367065
122.259986072 -240.53543110191822 -30.083623737096786 17.97582697868347
122.279971315 -240.5354005843401 -30.083099216222763 17.95171618461609
122.30015556 -240.53537006676197 -30.08234390616417 17.915579557418823
122.320023609 -240.53537006676197 -30.081847995519638 17.89148783683777
122.340034216 -240.53538532555103 -30.081115573644638 17.85537028312683
122.359991057 -240.53538532555103 -30.080623477697372 17.831297636032104
122.379959596 -240.53541584312916 -30.079900592565536 17.7951877117157
122.400138704 -240.53546161949635 -30.079433292150497 17.77112650871277
122.419971131 -240.53549213707447 -30.078765720129013 17.73504328727722
122.440010371 -240.53553791344166 -30.078338474035263 17.71099543571472
122.460020225 -240.53562946617603 -30.077720493078232 17.674933195114136
122.480047612 -240.53567524254322 -30.077331393957138 17.650927305221558
122.500131046 -240.53578205406666 -30.076787799596786 17.615025281906128
122.520014322 -240.5358430892229 -30.076459735631943 17.591099500656128
122.54004316 -240.53594990074635 -30.07602486014366 17.55526614189148
122.560024208 -240.53604145348072 -30.075763553380966 17.531389951705933
122.579983604 -240.53616352379322 -30.075452655553818 17.49559473991394
122.600132764 -240.53627033531666 -30.07526382803917 17.471710920333862
122.620011138 -240.53639240562916 -30.075042575597763 17.435906171798706
122.640024823 -240.5364992171526 -30.074912875890732 17.412041425704956
122.659996956 -240.53668232262135 -30.074745029211044 17.376255750656128
122.679984257 -240.53680439293385 -30.074651569128036 17.35237956047058
122.700122759 -240.53703327476978 -30.074533313512802 17.31655192375183
122.720038386 -240.53720112144947 -30.074474185705185 17.292649030685425
122.740039043 -240.53750629723072 -30.074411243200302 17.256747007369995
122.759993286 -240.53773517906666 -30.07438835501671 17.232794523239136
122.77997911 -240.53811664879322 -30.074354022741318 17.19684863090515
122.800094024 -240.5384065657854 -30.074333041906357 17.1728732585907
122.819995188 -240.53886432945728 -30.074296802282333 17.13687014579773
122.840149816 -240.53916950523853 -30.07425293326378 17.11282229423523
122.859987565 -240.53970356285572 -30.07421287894249 17.07676386833191
122.879972882 -240.5400392562151 -30.07418617606163 17.05268359184265
122.900080684 -240.54058857262135 -30.07415184378624 17.016554594039917
122.920040951 -240.5409700423479 -30.07411751151085 16.992443799972534
122.940030838 -240.54154987633228 -30.07407745718956 16.956255674362183
122.959994747 -240.5419466048479 -30.074060291051865 16.932127714157104
122.979985779 -240.54254169762135 -30.074066013097763 16.89590334892273
123.000109661 -240.54293842613697 -30.074086993932724 16.871790647506714
123.019972201 -240.54354877769947 -30.07414421439171 16.835604429244995
123.040020843 -240.54396076500416 -30.074195712804794 16.811482191085815
123.059999825 -240.54457111656666 -30.074298709630966 16.775328397750854
123.079978444 -240.54496784508228 -30.074386447668076 16.75121760368347
123.10008874 -240.54551716148853 -30.07451042532921 16.71503710746765
123.120029318 -240.5458986312151 -30.07460007071495 16.69091486930847
123.140022688 -240.54641743004322 -30.07471451163292 16.65478014945984
123.16000003 -240.54676838219166 -30.074790805578232 16.630709409713745
123.179987953 -240.5472414046526 -30.074842303991318 16.594658613204956
123.200095429 -240.5475618392229 -30.07487091422081 16.57065463066101
123.22003587 -240.54803486168385 -30.0749052464962 16.534672498703003
123.240012248 -240.5483400374651 -30.074922412633896 16.510712385177612
123.259981384 -240.54881305992603 -30.07495865225792 16.474779844284058
123.27997208 -240.54911823570728 -30.07498535513878 16.450831174850464
123.300107028 -240.5495607405901 -30.075042575597763 16.414961576461792
123.320023804 -240.54986591637135 -30.07508835196495 16.39105486869812
123.339997414 -240.55027790367603 -30.07517609000206 16.35526156425476
123.359999478 -240.55056782066822 -30.07526382803917 16.331412076950073
123.379976089 -240.5509798079729 -30.07544121146202 16.295658826828003
123.400109213 -240.55125446617603 -30.07556900382042 16.271876096725464
123.420070277 -240.55162067711353 -30.07578071951866 16.23622965812683
123.439993436 -240.55186481773853 -30.075939029455185 16.21251940727234
123.459991539 -240.55223102867603 -30.076202243566513 16.176979780197144
123.479976339 -240.55247516930103 -30.07640251517296 16.153311491012573
123.500134084 -240.5528566390276 -30.07675728201866 16.117844343185425
123.520041273 -240.55311603844166 -30.07701286673546 16.09419322013855
123.539990385 -240.55349750816822 -30.07742103934288 16.058768033981323
123.560001874 -240.55375690758228 -30.077709048986435 16.035156965255737
123.579987063 -240.55418415367603 -30.078168720006943 15.99973464012146
123.600098402 -240.55445881187916 -30.078508228063583 15.976171255111694
123.620030977 -240.55490131676197 -30.07902893424034 15.940810918807983
123.640005914 -240.55520649254322 -30.079397052526474 15.917258977890015
123.660001599 -240.55569477379322 -30.07995781302452 15.88195013999939
123.679998338 -240.5560304671526 -30.080341190099716 15.858430624008179
123.700086104 -240.55654926598072 -30.080962985754013 15.823169469833374
123.720068201 -240.55693073570728 -30.081390231847763 15.799651861190796
123.740012166 -240.55751056969166 -30.082124561071396 15.764421224594116
123.760000147 -240.55790729820728 -30.082624286413193 15.740922689437866
123.779981461 -240.5585481673479 -30.083400577306747 15.705650091171265
123.800085514 -240.55899067223072 -30.083955615758896 15.682140111923218
123.819992064 -240.55966205894947 -30.084808200597763 15.64684271812439
123.840018916 -240.5601350814104 -30.085412830114365 15.623298406600952
123.860001594 -240.56085224449635 -30.08636650443077 15.587987661361694
123.879968894 -240.56134052574635 -30.08700928092003 15.564433813095093
123.900190706 -240.56207294762135 -30.08807548880577 15.529159307479858
123.92003152 -240.5625764876604 -30.08877357840538 15.505613088607788
123.940009775 -240.56336994469166 -30.08988556265831 15.470271825790405
123.959999632 -240.56390400230885 -30.090637058019638 15.446696996688843
123.979984052 -240.56474323570728 -30.091773837804794 15.411311864852905
124.000106229 -240.56532306969166 -30.092546314001083 15.387723684310913
124.020039743 -240.56620807945728 -30.09369072318077 15.35232138633728
124.040003172 -240.56681843101978 -30.094451755285263 15.328723669052124
124.059995771 -240.56773395836353 -30.095573276281357 15.293353796005249
124.079974621 -240.5683595687151 -30.09630188345909 15.269765615463257
124.100125568 -240.56925983726978 -30.097369998693466 15.234357595443726
124.12006359 -240.56985493004322 -30.098054736852646 15.21073317527771
124.1400198 -240.57073993980885 -30.09903511404991 15.175279378890991
124.160038346 -240.57127399742603 -30.09964546561241 15.151612997055054
124.179990611 -240.57211323082447 -30.10053238272667 15.116082906723022
124.200097048 -240.57261677086353 -30.101106494665146 15.092443227767944
124.220017921 -240.57334919273853 -30.101938098669052 15.056945562362671
124.239989151 -240.5738069564104 -30.10247215628624 15.033275365829468
124.259987293 -240.57447834312916 -30.10323891043663 14.997779607772827
124.279979782 -240.5749513655901 -30.103725284337997 14.97409987449646
124.30010065 -240.57560749351978 -30.104436725378036 14.938573598861694
124.320077957 -240.5760499984026 -30.104884952306747 14.914870977401733
124.340056755 -240.57669086754322 -30.105533450841904 14.879308462142944
124.360019563 -240.57708759605885 -30.105947345495224 14.855594396591187
124.379966916 -240.57766743004322 -30.1065271794796 14.820007085800171
124.400090218 -240.57804889976978 -30.106885761022568 14.79627013206482
124.420085929 -240.5786134749651 -30.107377856969833 14.76064658164978
124.440015611 -240.57899494469166 -30.107677310705185 14.73686957359314
124.460003127 -240.5795442610979 -30.108064502477646 14.70118498802185
124.479989598 -240.5799104720354 -30.108299106359482 14.677386999130249
124.500109384 -240.58036823570728 -30.108581393957138 14.641643285751343
124.520067886 -240.58067341148853 -30.10874542593956 14.617801427841187
124.540095922 -240.5811311751604 -30.1089628636837 14.582042455673218
124.560000532 -240.58139057457447 -30.10905632376671 14.558210134506226
124.579973995 -240.58177204430103 -30.10915169119835 14.522449254989624
124.60010034 -240.58201618492603 -30.10917267203331 14.498595952987671
124.620030293 -240.58236713707447 -30.10916694998741 14.46278166770935
124.640035826 -240.58261127769947 -30.109142154455185 14.43889594078064
124.660004677 -240.58297748863697 -30.109052509069443 14.403051137924194
124.680057385 -240.5832063704729 -30.108974307775497 14.379138708114624
124.700083329 -240.5835725814104 -30.108823627233505 14.343246221542358
124.720055334 -240.58380146324635 -30.108699649572372 14.319320440292358
124.740010645 -240.58415241539478 -30.108478397130966 14.283431768417358
124.760021447 -240.58438129723072 -30.108327716588974 14.259505987167358
124.779969781 -240.58476276695728 -30.10807976126671 14.223605871200562
124.800024537 -240.5850374251604 -30.10789665579796 14.199657201766968
124.820103724 -240.58547993004322 -30.1076200902462 14.163713216781616
124.840049859 -240.58580036461353 -30.107427448034286 14.139745473861694
124.859985856 -240.58633442223072 -30.10711845755577 14.10377287864685
124.88000101 -240.58671589195728 -30.106897205114365 14.079770803451538
124.900039595 -240.5873567610979 -30.106550067663193 14.043782949447632
124.920080673 -240.58781452476978 -30.106260150671005 14.019752264022827
124.940052347 -240.58854694664478 -30.105800479650497 13.983735799789429
124.96001223 -240.58905048668385 -30.10547050833702 13.959712743759155
124.979986713 -240.58981342613697 -30.104959338903427 13.923661947250366
125.000031138 -240.59031696617603 -30.104598850011826 13.899627447128296
125.020168556 -240.59109516441822 -30.104036182165146 13.863507986068726
125.040027964 -240.59164448082447 -30.103656619787216 13.839418172836304
125.059976387 -240.59246845543385 -30.103071063756943 13.803220510482788
125.07999518 -240.59304828941822 -30.102672427892685 13.779067754745483
125.100016213 -240.59390278160572 -30.102062076330185 13.742812871932983
125.12007578 -240.5944826155901 -30.101646274328232 13.718599081039429
125.140028119 -240.59536762535572 -30.101009219884872 13.682250738143921
125.159976504 -240.59597797691822 -30.10056671500206 13.657994985580444
125.180033632 -240.5968782454729 -30.099904865026474 13.621598958969116
125.200065501 -240.59747333824635 -30.099464267492294 13.597368001937866
125.220041236 -240.5983888655901 -30.098750919103622 13.560973882675171
125.240011534 -240.59901447594166 -30.09828171133995 13.536729574203491
125.259987618 -240.5999300032854 -30.097471088171005 13.500325918197632
125.279968388 -240.60050983726978 -30.09690460562706 13.476041555404663
125.300012054 -240.60137958824635 -30.096013873815536 13.439552068710327
125.320087866 -240.60191364586353 -30.095369189977646 13.415195226669312
125.340037983 -240.60270710289478 -30.094392627477646 13.37867522239685
125.359984082 -240.60319538414478 -30.093721240758896 13.354332685470581
125.379971782 -240.60391254723072 -30.092689365148544 13.317835569381714
125.400002916 -240.60438556969166 -30.0920008122921 13.293554067611694
125.420074953 -240.60504169762135 -30.090926975011826 13.25715708732605
125.440032776 -240.60545368492603 -30.09021171927452 13.232898473739624
125.459995301 -240.60604877769947 -30.08914741873741 13.196517705917358
125.479981692 -240.60643024742603 -30.088445514440536 13.172263860702515
125.500109199 -240.6070100814104 -30.087415546178818 13.135960340499878
125.520096985 -240.6073762923479 -30.0867460668087 13.111765623092651
125.540023977 -240.6079103499651 -30.085784763097763 13.075474500656128
125.559987622 -240.60826130211353 -30.08518013358116 13.051276922225952
125.580007599 -240.60874958336353 -30.084306567907333 13.014967679977417
125.59999568 -240.60907001793385 -30.083749622106552 12.990782499313354
125.620081407 -240.60951252281666 -30.082959979772568 12.954461812973022
125.640006096 -240.60980243980885 -30.08245262503624 12.93023943901062
125.659988985 -240.61019916832447 -30.08172783255577 12.893897771835327
125.679991069 -240.61044330894947 -30.081256717443466 12.869656324386597
125.700020521 -240.6107942610979 -30.08056053519249 12.833331823348999
125.720102848 -240.61100788414478 -30.080095142126083 12.80910849571228
125.739992075 -240.61125202476978 -30.079425662755966 12.772769689559937
125.75999341 -240.6114046126604 -30.07899460196495 12.748549222946167
125.780002493 -240.6115724593401 -30.078372806310654 12.71220850944519
125.800018142 -240.61166401207447 -30.07797798514366 12.687970876693726
125.820042218 -240.6116945296526 -30.077438205480576 12.651596784591675
125.840017654 -240.61166401207447 -30.077110141515732 12.627371549606323
125.859983239 -240.61158771812916 -30.076671451330185 12.591062307357788
125.87997397 -240.6114503890276 -30.07643684744835 12.566837072372437
125.900153681 -240.61125202476978 -30.076133579015732 12.530488729476929
125.920103441 -240.61106891930103 -30.07597717642784 12.506243467330933
125.940037971 -240.61076374351978 -30.075828403234482 12.469902753829956
125.959990848 -240.61058063805103 -30.075761646032333 12.445690870285034
125.979976837 -240.61026020348072 -30.075784534215927 12.409342527389526
126.000026362 -240.61004658043385 -30.07583412528038 12.385111570358276
126.020027395 -240.60971088707447 -30.075960010290146 12.348751783370972
126.040026105 -240.60948200523853 -30.07607826590538 12.324514150619507
126.059991768 -240.6091310530901 -30.076305240392685 12.288159132003784
126.079968671 -240.6088411360979 -30.07651314139366 12.263901472091675
126.100018693 -240.6083986312151 -30.07685074210167 12.227522611618042
126.120332583 -240.60807819664478 -30.0771082341671 12.203263998031616
126.140052974 -240.6075441390276 -30.077537387609482 12.166879415512085
126.159986738 -240.6071779280901 -30.077842563390732 12.142634153366089
126.179973031 -240.60658283531666 -30.07835564017296 12.106257200241089
126.20004996 -240.60618610680103 -30.078697055578232 12.08200716972351
126.220073262 -240.6055910140276 -30.079219669103622 12.045634984970093
126.24002991 -240.6051790267229 -30.079585880041122 12.02139925956726
126.259984518 -240.60455341637135 -30.080144733190536 11.985079526901245
126.279957178 -240.60411091148853 -30.080537647008896 11.960854291915894
126.300010191 -240.6034700423479 -30.081138461828232 11.924466848373413
126.320446662 -240.60299701988697 -30.081548541784286 11.900198698043823
126.340044052 -240.60231037437916 -30.08215507864952 11.863799810409546
126.359995077 -240.60185261070728 -30.08255562186241 11.83954405784607
126.379967393 -240.60113544762135 -30.083135455846786 11.803144216537476
126.400048541 -240.60067768394947 -30.083499759435654 11.778911352157593
126.420207426 -240.59999103844166 -30.084009021520615 11.742584943771362
126.440032933 -240.59954853355885 -30.08433899283409 11.718392133712769
126.460000464 -240.59892292320728 -30.08481201529503 11.682137250900269
126.479980614 -240.59852619469166 -30.085100024938583 11.657979726791382
126.500002455 -240.59794636070728 -30.0855310857296 11.621764898300171
126.520117366 -240.59758014976978 -30.085815280675888 11.597628355026245
126.540023255 -240.5970460921526 -30.086234897375107 11.56141448020935
126.559999997 -240.59672565758228 -30.086509555578232 11.537277936935425
126.579974538 -240.59622211754322 -30.086917728185654 11.501056432723999
126.600019347 -240.5959016829729 -30.087169498205185 11.47691798210144
126.620047956 -240.5954591780901 -30.087522357702255 11.440711736679077
126.640052471 -240.5951692610979 -30.087730258703232 11.416548490524292
126.659990787 -240.59477253258228 -30.088035434484482 11.380289793014526
126.679989269 -240.59452839195728 -30.08822998404503 11.356096029281616
126.700004298 -240.5941926985979 -30.088458865880966 11.319803953170776
126.720171129 -240.5939943343401 -30.088594287633896 11.295608282089233
126.74005138 -240.59373493492603 -30.08872017264366 11.259267568588257
126.759990676 -240.59361286461353 -30.088783115148544 11.23502230644226
126.779973928 -240.59347553551197 -30.088851779699326 11.198635816574097
126.800036379 -240.59341450035572 -30.088878482580185 11.174341917037964
126.820151243 -240.59335346519947 -30.08891662955284 11.137927770614624
126.84404926 -240.5933382064104 -30.088928073644638 11.113613843917847
126.874963596 -240.5933382064104 -30.088954776525497 11.077143430709839
126.903383043 -240.59335346519947 -30.088981479406357 11.052793264389038
126.922598463 -240.59341450035572 -30.089019626379013 11.016236066818237
126.94259517 -240.59347553551197 -30.089046329259872 10.99185824394226
126.962544567 -240.59356708824635 -30.089059680700302 10.955211400985718
126.982590242 -240.59365864098072 -30.08905205130577 10.930782079696655
127.00265683 -240.5938264876604 -30.089013904333115 10.89414668083191
127.022717018 -240.59397907555103 -30.088952869176865 10.869741201400757
127.042540059 -240.59422321617603 -30.0888269841671 10.833151578903198
127.06256946 -240.59439106285572 -30.088701099157333 10.808764219284058
127.082606561 -240.5946809798479 -30.088458865880966 10.772189855575562
127.102712794 -240.59489460289478 -30.08828529715538 10.747817754745483
127.122664263 -240.5952150374651 -30.08795914053917 10.711270093917847
127.142592847 -240.59542866051197 -30.087724536657333 10.686924695968628
127.162563689 -240.59574909508228 -30.087278217077255 10.650447607040405
127.182601096 -240.5959474593401 -30.086953967809677 10.626160383224487
127.202717387 -240.5962678939104 -30.08642753958702 10.589770078659058
127.22267221 -240.59645099937916 -30.086015552282333 10.565539121627808
127.242529833 -240.5967561751604 -30.085380405187607 10.529223203659058
127.262582371 -240.59696979820728 -30.084916919469833 10.505038022994995
127.282618452 -240.59733600914478 -30.08417496085167 10.46879267692566
127.302741169 -240.5976106673479 -30.083677142858505 10.444645643234253
127.322653128 -240.59808368980885 -30.08281883597374 10.408490896224976
127.34260287 -240.59843464195728 -30.082223743200302 10.384389638900757
127.362568929 -240.59898395836353 -30.081302493810654 10.348253965377808
127.382595116 -240.5993654280901 -30.080667346715927 10.324165105819702
127.402671212 -240.59996052086353 -30.079681247472763 10.288026571273804
127.42266275 -240.60037250816822 -30.078945010900497 10.263910055160522
127.442575824 -240.6010286360979 -30.077817767858505 10.227750539779663
127.462566678 -240.60148639976978 -30.07700142264366 10.203668355941772
127.482636959 -240.60215778648853 -30.07569870352745 10.167558431625366
127.502685526 -240.60263080894947 -30.07482323050499 10.143486738204956
127.522677461 -240.60330219566822 -30.073356479406357 10.107318639755249
127.542607317 -240.6037599593401 -30.07236084342003 10.083199262619019
127.562558739 -240.6044466048479 -30.07085022330284 10.047017812728882
127.582593585 -240.60491962730885 -30.069803088903427 10.022897481918335
127.602664997 -240.60562153160572 -30.068254321813583 9.986708402633667
127.622672237 -240.60610981285572 -30.0672148168087 9.962558507919312
127.642590298 -240.60684223473072 -30.065669864416122 9.926335096359253
127.662559624 -240.60733051598072 -30.06461700797081 9.902170896530151
127.682581377 -240.60807819664478 -30.06299003958702 9.86593222618103
127.702693902 -240.60856647789478 -30.061914294958115 9.841784238815308
127.722682567 -240.6092531234026 -30.060241550207138 9.805519819259644
127.742614829 -240.60971088707447 -30.059133380651474 9.781344175338745
127.762601109 -240.61036701500416 -30.057479709386826 9.745092153549194
127.782592758 -240.61077900230885 -30.056335300207138 9.720913648605347
127.802651397 -240.61138935387135 -30.054656833410263 9.684654951095581
127.822681351 -240.61178608238697 -30.05352959036827 9.660485029220581
127.84254613 -240.61236591637135 -30.051845401525497 9.62422251701355
127.862575875 -240.61273212730885 -30.050760120153427 9.600062131881714
127.882587965 -240.61329670250416 -30.049131244421005 9.563800573348999
127.902660773 -240.61366291344166 -30.048101276159286 9.539635419845581
127.92273343 -240.6142122298479 -30.046613544225693 9.503380537033081
127.942605947 -240.6145784407854 -30.045677036046982 9.479223012924194
127.962564359 -240.61515827476978 -30.044349521398544 9.44301962852478
127.98256397 -240.61553974449635 -30.043527454137802 9.418917417526245
128.002625873 -240.61611957848072 -30.04237350821495 9.382795095443726
128.022686398 -240.61650104820728 -30.04165443778038 9.35874056816101
128.042563894 -240.61703510582447 -30.04068550467491 9.32269835472107
128.062616966 -240.61737079918385 -30.04010185599327 9.298685789108276
128.082571701 -240.6178743392229 -30.039312213659286 9.262699842453003
128.102633028 -240.61821003258228 -30.03884682059288 9.238722562789917
128.122762484 -240.61869831383228 -30.038230746984482 9.202790021896362
128.142627904 -240.6190187484026 -30.03787025809288 9.178841352462769
128.162588383 -240.6195070296526 -30.037393420934677 9.142969846725464
128.182586658 -240.61978168785572 -30.037059634923935 9.119080305099487
128.202626333 -240.62020893394947 -30.03659614920616 9.083235502243042
128.222705286 -240.62046833336353 -30.036287158727646 9.059340238571167
128.24257975 -240.6208498030901 -30.0358427464962 9.023482084274292
128.262616538 -240.62107868492603 -30.03557190299034 8.999568700790405
128.282585898 -240.62142963707447 -30.035199970006943 8.963685750961304
128.302595981 -240.62167377769947 -30.03498062491417 8.93976378440857
128.322824667 -240.62203998863697 -30.03469642996788 8.903950452804565
128.342614557 -240.6222688704729 -30.034528583288193 8.880076169967651
128.362564355 -240.62261982262135 -30.034320682287216 8.844247579574585
128.382560158 -240.62284870445728 -30.03420051932335 8.82036280632019
128.402586965 -240.62313862144947 -30.03404602408409 8.784546613693237
128.422711708 -240.62333698570728 -30.03397163748741 8.760660886764526
128.442582089 -240.62358112633228 -30.03388199210167 8.724851369857788
128.462559328 -240.62374897301197 -30.033845752477646 8.70097804069519
128.482563225 -240.62391681969166 -30.033784717321396 8.665197134017944
128.502589813 -240.62400837242603 -30.033761829137802 8.64133906364441
128.522634395 -240.62411518394947 -30.033750385046005 8.605517148971558
128.54261197 -240.6241457015276 -30.033717960119247 8.58163046836853
128.562573208 -240.62417621910572 -30.03367981314659 8.545788526535034
128.582564742 -240.62417621910572 -30.033626407384872 8.52188754081726
128.602603641 -240.62416096031666 -30.033519595861435 8.486039876937866
128.622915692 -240.6241457015276 -30.033460468053818 8.46213698387146
128.642519854 -240.6240999251604 -30.033294528722763 8.426269292831421
128.662555678 -240.62405414879322 -30.03319153189659 8.402342557907104
128.68257524 -240.62399311363697 -30.033044666051865 8.366434812545776
128.702583409 -240.62394733726978 -30.03295311331749 8.34250807762146
128.722643751 -240.6239015609026 -30.032815784215927 8.306648015975952
128.74262502 -240.62387104332447 -30.03271660208702 8.282767057418823
128.762581108 -240.62379474937916 -30.03260788321495 8.246947050094604
128.782555276 -240.62374897301197 -30.0325525701046 8.223081350326538
128.802581425 -240.6236574202776 -30.032495349645615 8.18730902671814
128.822754326 -240.62359638512135 -30.032481998205185 8.163471937179565
128.842559285 -240.6234895735979 -30.0324247777462 8.127788305282593
128.862576606 -240.62342853844166 -30.032386630773544 8.103996992111206
128.88261492 -240.62330646812916 -30.032331317663193 8.068306684494019
128.902578081 -240.62323017418385 -30.032279819250107 8.04453730583191
128.923047231 -240.62310810387135 -30.03223404288292 8.008847951889038
128.942620221 -240.62303180992603 -30.032205432653427 7.985051870346069
128.962562026 -240.62294025719166 -30.032203525304794 7.949345350265503
128.982560338 -240.62286396324635 -30.032226413488388 7.925530195236206
129.002605926 -240.62277241051197 -30.032319873571396 7.889787435531616
129.022872037 -240.62271137535572 -30.032415241003036 7.865962743759155
129.042546619 -240.6226350814104 -30.03261360526085 7.830186605453491
129.062566284 -240.62258930504322 -30.032773822546005 7.806322813034058
129.082576191 -240.62254352867603 -30.03305420279503 7.770509481430054
129.102613114 -240.62254352867603 -30.033267825841904 7.74663519859314
129.122662513 -240.62254352867603 -30.03363785147667 7.710827589035034
129.14259563 -240.62257404625416 -30.033918231725693 7.686951398849487
129.162566429 -240.6226350814104 -30.034375995397568 7.6511218547821045
129.182561497 -240.62269611656666 -30.03470405936241 7.627227544784546
129.202636937 -240.6227571517229 -30.035228580236435 7.591401815414429
129.222696594 -240.62281818687916 -30.035594791173935 7.567517042160034
129.242570177 -240.6229249984026 -30.036144107580185 7.531729459762573
129.262575663 -240.6230012923479 -30.03651985526085 7.507888555526733
129.282591657 -240.6231233626604 -30.03708443045616 7.47214674949646
129.302598315 -240.62323017418385 -30.037439197301865 7.448321104049683
129.322655536 -240.62342853844166 -30.037961810827255 7.412571668624878
129.342607091 -240.62356586754322 -30.038280338048935 7.388744115829468
129.362575748 -240.6237794905901 -30.03871139883995 7.352985143661499
129.382566796 -240.62394733726978 -30.03899559378624 7.329136610031128
129.402584829 -240.62420673668385 -30.03933510184288 7.293318510055542
129.422700765 -240.6243898421526 -30.03954491019249 7.269410848617554
129.442617679 -240.62464924156666 -30.039832919836044 7.233531713485718
129.462581683 -240.6248323470354 -30.039989322423935 7.2095887660980225
129.482582229 -240.6251222640276 -30.040262073278427 7.1736838817596436
129.502695154 -240.62529011070728 -30.040422290563583 7.149729490280151
129.522799972 -240.62554951012135 -30.040689319372177 7.11381983757019
129.542611306 -240.6257326155901 -30.040883868932724 7.089879751205444
129.562555344 -240.62599201500416 -30.04117950797081 7.053972959518433
129.582561102 -240.6261751204729 -30.04138931632042 7.030035734176636
129.602578657 -240.62644977867603 -30.041704028844833 6.9941747188568115
129.622661881 -240.62661762535572 -30.04190620779991 6.970260381698608
129.642562541 -240.62686176598072 -30.042199939489365 6.934406042098999
129.662594714 -240.62701435387135 -30.042398303747177 6.910543203353882
129.682534159 -240.62722797691822 -30.04271301627159 6.874757528305054
129.702582236 -240.62738056480885 -30.042919009923935 6.850903272628784
129.722709324 -240.62757892906666 -30.04320129752159 6.815085172653198
129.742635762 -240.62771625816822 -30.043393939733505 6.791198492050171
129.762592723 -240.6279298812151 -30.043622821569443 6.755377531051636
129.782566294 -240.62806721031666 -30.043767780065536 6.73149561882019
129.802584443 -240.6282960921526 -30.043908923864365 6.695650815963745
129.822642855 -240.62846393883228 -30.044002383947372 6.671736478805542
129.842636381 -240.6287385970354 -30.044132083654404 6.635849714279175
129.86255231 -240.62895222008228 -30.044198840856552 6.61193060874939
129.882551632 -240.6292726546526 -30.044324725866318 6.576047658920288
129.902583281 -240.6294710189104 -30.044410556554794 6.552123785018921
129.922812395 -240.62980671226978 -30.044534534215927 6.51622748374939
129.942760601 -240.63005085289478 -30.044622272253036 6.492293119430542
129.962555091 -240.63041706383228 -30.044738620519638 6.4563939571380615
129.982581654 -240.6306917220354 -30.044832080602646 6.432452917098999
130.002604263 -240.63108845055103 -30.044999927282333 6.396529912948608
130.022715812 -240.63137836754322 -30.04513344168663 6.372588872909546
130.042997258 -240.63180561363697 -30.045366138219833 6.336683988571167
130.062559998 -240.63211078941822 -30.045537799596786 6.312749624252319
130.082559226 -240.63258381187916 -30.045806735754013 6.27684473991394
130.102585716 -240.63290424644947 -30.045989841222763 6.252904653549194
130.122847476 -240.6334230452776 -30.04623207449913 6.2169787883758545
130.142628758 -240.63375873863697 -30.04639419913292 6.1930272579193115
130.162558685 -240.6342775374651 -30.046596378087997 6.1570727825164795
130.182554377 -240.63462848961353 -30.04672035574913 6.133085012435913
130.202582165 -240.6351320296526 -30.046888202428818 6.097080945968628
130.222672245 -240.63546772301197 -30.046958774328232 6.0730578899383545
130.242667576 -240.63595600426197 -30.047071307897568 6.037004232406616
130.262553457 -240.63626118004322 -30.04712089896202 6.012944936752319
130.282624404 -240.63670368492603 -30.04718765616417 5.976854085922241
130.302637192 -240.63699360191822 -30.047202914953232 5.9527881145477295
130.322748252 -240.6374055892229 -30.04718765616417 5.916692495346069
130.342747125 -240.63766498863697 -30.047178119421005 5.892629384994507
130.362571292 -240.63804645836353 -30.047088474035263 5.856536626815796
130.382607852 -240.63829059898853 -30.047035068273544 5.832480192184448
130.402607406 -240.63865680992603 -30.0469568669796 5.796384572982788
130.422748862 -240.6388704329729 -30.046884387731552 5.772310018539429
130.442658389 -240.63919086754322 -30.046804279088974 5.736213445663452
130.462602291 -240.63938923180103 -30.046756595373154 5.7121522426605225
130.482568009 -240.63966389000416 -30.046710819005966 5.676073789596558
130.502590812 -240.6398469954729 -30.046701282262802 5.6520326137542725
130.52265781 -240.64007587730885 -30.04674705862999 5.615978956222534
130.542665658 -240.64024372398853 -30.04680046439171 5.591947317123413
130.562581867 -240.64042682945728 -30.046926349401474 5.555903196334839
130.582559808 -240.64051838219166 -30.047040790319443 5.531885862350464
130.602595619 -240.6406251937151 -30.047258228063583 5.4958741664886475
130.622700118 -240.64065571129322 -30.047395557165146 5.4718358516693115
130.642702818 -240.64067097008228 -30.047605365514755 5.43576979637146
130.662597699 -240.64065571129322 -30.047738879919052 5.411728620529175
130.682581897 -240.64056415855885 -30.047942966222763 5.375677824020386
130.702585243 -240.6405031234026 -30.048091739416122 5.351640462875366
130.72267074 -240.6403352767229 -30.048303455114365 5.315438985824585
130.742726258 -240.64019794762135 -30.04844269156456 5.291287183761597
130.762571105 -240.6399690657854 -30.048648685216904 5.255021810531616
130.78255381 -240.63980121910572 -30.04875549674034 5.230794668197632
130.802592954 -240.63955707848072 -30.048959583044052 5.194472074508667
130.822658855 -240.63934345543385 -30.049064487218857 5.1702659130096436
130.842785028 -240.63902302086353 -30.04923042654991 5.133958578109741
130.862574289 -240.6387941390276 -30.04933723807335 5.1097447872161865
130.882564104 -240.6384279280901 -30.04948791861534 5.073413610458374
130.902597693 -240.6381837874651 -30.049598544836044 5.049195051193237
130.922690994 -240.63778705894947 -30.04971107840538 5.012778043746948
130.942634084 -240.63751240074635 -30.049795001745224 4.988505125045776
130.962586715 -240.6370851546526 -30.04992851614952 4.952124357223511
130.98255765 -240.63677997887135 -30.049991458654404 4.927866697311401
131.002600193 -240.6363527327776 -30.05011162161827 4.891496419906616
131.022869671 -240.6360628157854 -30.050197452306747 4.86724066734314
131.04264973 -240.6356203109026 -30.050332874059677 4.830894231796265
131.062597228 -240.63531513512135 -30.05043587088585 4.806697607040405
131.08258546 -240.63485737144947 -30.050594180822372 4.770447492599487
131.102604516 -240.63453693687916 -30.050710529088974 4.746293783187866
131.122697506 -240.63407917320728 -30.050834506750107 4.710026502609253
131.142701288 -240.6337892562151 -30.050926059484482 4.685852766036987
131.162628533 -240.63333149254322 -30.05107483267784 4.649566411972046
131.182551897 -240.6330110579729 -30.051156848669052 4.625380277633667
131.202657627 -240.63253803551197 -30.051282733678818 4.589116811752319
131.222711239 -240.6322023421526 -30.051353305578232 4.564941167831421
131.24267305 -240.63169880211353 -30.051391452550888 4.528696775436401
131.262578321 -240.63137836754322 -30.051404803991318 4.504554510116577
131.282554894 -240.6308595687151 -30.051355212926865 4.4683873653411865
131.302609492 -240.63052387535572 -30.051326602697372 4.444297552108765
131.322751511 -240.63002033531666 -30.051288455724716 4.408252477645874
131.342872186 -240.62966938316822 -30.051288455724716 4.384237051010132
131.362668408 -240.6291505843401 -30.051326602697372 4.348203420639038
131.382554261 -240.62876911461353 -30.051383823156357 4.324163198471069
131.402602498 -240.62821979820728 -30.05150017142296 4.288107633590698
131.422681674 -240.62783832848072 -30.051601260900497 4.264075994491577
131.442622642 -240.62725849449635 -30.051780551671982 4.228031873703003
131.462658913 -240.62686176598072 -30.05191406607628 4.204011678695679
131.482558837 -240.62623615562916 -30.052087634801865 4.167996168136597
131.50257666 -240.62582416832447 -30.052203983068466 4.143988370895386
131.522635408 -240.6251985579729 -30.05236992239952 4.107982397079468
131.542939556 -240.62478657066822 -30.052461475133896 4.0839879512786865
131.562569754 -240.62420673668385 -30.052612155675888 4.047997236251831
131.58257408 -240.62384052574635 -30.05270943045616 4.024003028869629
131.6025847 -240.62335224449635 -30.052862018346786 3.9880142211914062
131.622706367 -240.62307758629322 -30.052961200475693 3.9640331268310547
131.642651295 -240.62272663414478 -30.053132861852646 3.928042411804199
131.662594445 -240.6225130110979 -30.05325683951378 3.9040613174438477
131.682562287 -240.62225361168385 -30.05340752005577 3.8680825233459473
131.702575282 -240.62211628258228 -30.05350860953331 3.84407377243042
131.722714621 -240.62196369469166 -30.053663104772568 3.8080387115478516
131.742998041 -240.62191791832447 -30.053727954626083 3.783982753753662
131.762582295 -240.62188740074635 -30.05381378531456 3.7478976249694824
131.782574267 -240.62191791832447 -30.053850024938583 3.723825454711914
131.802564428 -240.62197895348072 -30.053891986608505 3.68770170211792
131.822704417 -240.6220247298479 -30.05392250418663 3.663638114929199
131.842656473 -240.62208576500416 -30.053947299718857 3.627519130706787
131.862582214 -240.6221468001604 -30.053981631994247 3.6034507751464844
131.882559868 -240.62225361168385 -30.0540369451046 3.5673327445983887
131.90256705 -240.62234516441822 -30.05407890677452 3.543248176574707
131.92276853 -240.6225130110979 -30.054151386022568 3.507112979888916
131.942910603 -240.62261982262135 -30.05419334769249 3.4830102920532227
131.962593326 -240.6228029280901 -30.0542810857296 3.4468441009521484
131.982619867 -240.6229249984026 -30.05435737967491 3.4227237701416016
132.002561376 -240.62310810387135 -30.054521411657333 3.3865275382995605
132.022678561 -240.62326069176197 -30.0546472966671 3.36238956451416
132.042825579 -240.62347431480885 -30.05487808585167 3.326150894165039
132.062584096 -240.62362690269947 -30.055051654577255 3.301997184753418
132.082585083 -240.62387104332447 -30.055330127477646 3.2657742500305176
132.102553025 -240.6240236312151 -30.055568546056747 3.2416372299194336
132.122605375 -240.62428303062916 -30.055940479040146 3.2054338455200195
132.142734937 -240.62445087730885 -30.05626282095909 3.1812829971313477
132.1626013 -240.6247102767229 -30.056789249181747 3.1450376510620117
132.182544911 -240.62490864098072 -30.057189792394638 3.120863437652588
132.202567105 -240.62521381676197 -30.057857364416122 3.084603786468506
132.222594504 -240.62542743980885 -30.058320850133896 3.060422420501709
132.242678364 -240.62576313316822 -30.059051364660263 3.0241127014160156
132.262590279 -240.6259767562151 -30.05954536795616 2.999880790710449
132.2825589 -240.62631244957447 -30.06029686331749 2.963498592376709
132.302545016 -240.62651081383228 -30.06078514456749 2.939215660095215
132.322608775 -240.62681598961353 -30.061519473791122 2.9027910232543945
132.34304575 -240.62699909508228 -30.06201919913292 2.8784985542297363
132.362617885 -240.62725849449635 -30.062776416540146 2.8420896530151367
132.382589678 -240.6274415999651 -30.06327995657921 2.817836284637451
132.40256219 -240.6276857405901 -30.0640409886837 2.7814793586730957
132.422610811 -240.62783832848072 -30.06454834342003 2.7572970390319824
132.442704921 -240.6280519515276 -30.065330356359482 2.721004009246826
132.462600039 -240.6281740218401 -30.06585106253624 2.6968026161193848
132.483679834 -240.62834186851978 -30.06663879752159 2.660492420196533
132.503766165 -240.62846393883228 -30.06715950369835 2.636277675628662
132.523803635 -240.62863178551197 -30.067916721105576 2.599996566772461
132.54378208 -240.62875385582447 -30.068403095006943 2.575812816619873
132.563676361 -240.6289064437151 -30.06914123892784 2.539520263671875
132.583648611 -240.62899799644947 -30.06962952017784 2.515326499938965
132.603758223 -240.62916584312916 -30.070365756750107 2.4789891242980957
132.623858136 -240.62928791344166 -30.070857852697372 2.4547324180603027
132.643960711 -240.6294710189104 -30.071586459875107 2.4183425903320312
132.663682515 -240.62960834801197 -30.07207092642784 2.3940796852111816
132.683653154 -240.62982197105885 -30.07280144095421 2.357682704925537
132.703704694 -240.62997455894947 -30.073274463415146 2.333405017852783
132.723825294 -240.63023395836353 -30.07396110892296 2.29701566696167
132.743791701 -240.63040180504322 -30.074399799108505 2.2727670669555664
132.763682804 -240.63063068687916 -30.075052112340927 2.2364182472229004
132.783661163 -240.63078327476978 -30.07547554373741 2.2122015953063965
132.803702437 -240.63095112144947 -30.07611259818077 2.1758832931518555
132.823838705 -240.63104267418385 -30.076534122228622 2.1516661643981934
132.843808055 -240.63116474449635 -30.077161639928818 2.115428924560547
132.863677057 -240.6312257796526 -30.077565997838974 2.091386318206787
132.883653123 -240.63136310875416 -30.078142017126083 2.055581569671631
132.903684469 -240.6314699202776 -30.078508228063583 2.0319290161132812
132.923855096 -240.63163776695728 -30.079019397497177 1.9968643188476562
132.944166916 -240.63177509605885 -30.07932648062706 1.9737915992736816
132.963688228 -240.63198871910572 -30.079704135656357 1.9396953582763672
132.983656866 -240.63214130699635 -30.079919666051865 1.9173164367675781
133.003691918 -240.63235493004322 -30.080150455236435 1.8843984603881836
133.023839763 -240.63250751793385 -30.080270618200302 1.8628768920898438
133.043880577 -240.63273639976978 -30.080409854650497 1.831235408782959
133.063693143 -240.63290424644947 -30.080453723669052 1.8106074333190918
133.083650815 -240.63316364586353 -30.08049377799034 1.7803101539611816
133.103659458 -240.63336201012135 -30.080505222082138 1.760572910308838
133.123789094 -240.6336671859026 -30.08048614859581 1.7315993309020996
133.143840939 -240.63388080894947 -30.080455631017685 1.7127189636230469
133.163662353 -240.63424701988697 -30.080352634191513 1.685159683227539
133.183661575 -240.6344759017229 -30.0802763402462 1.667191505432129
133.203770583 -240.63485737144947 -30.08012756705284 1.6409997940063477
133.223765045 -240.63510151207447 -30.08002457022667 1.6241068840026855
133.243826728 -240.63548298180103 -30.07986244559288 1.5999016761779785
133.263706134 -240.6357423812151 -30.07972702383995 1.584615707397461
133.283664384 -240.63613910973072 -30.07949623465538 1.5628886222839355
133.303675596 -240.63641376793385 -30.079324573278427 1.5492515563964844
133.323713937 -240.63682575523853 -30.079051822423935 1.5300025939941406
133.34392441 -240.63710041344166 -30.07885918021202 1.5178723335266113
133.363716732 -240.6375276595354 -30.078605502843857 1.5008659362792969
133.383671874 -240.63780231773853 -30.0784452855587 1.4901280403137207
133.403674302 -240.63819904625416 -30.07822021842003 1.4747705459594727
133.423807535 -240.63847370445728 -30.078077167272568 1.4650611877441406
133.443867718 -240.6388704329729 -30.077863544225693 1.4508461952209473
133.4636971 -240.6391145735979 -30.077724307775497 1.4417123794555664
133.483663204 -240.63946552574635 -30.077520221471786 1.428246021270752
133.503654012 -240.63967914879322 -30.077392429113388 1.419419288635254
133.523700755 -240.6399690657854 -30.0772245824337 1.4062838554382324
133.543823028 -240.6401369124651 -30.07712349295616 1.3975377082824707
133.563680788 -240.6403810530901 -30.07704147696495 1.3844285011291504
133.583672319 -240.64053364098072 -30.077030032873154 1.3756146430969238
133.603664614 -240.64076252281666 -30.07707580924034 1.36222505569458
133.623715689 -240.6409456282854 -30.07719787955284 1.3531520366668701
133.643848719 -240.64122028648853 -30.07742676138878 1.3392817974090576
133.663700975 -240.64140339195728 -30.07764419913292 1.3298375606536865
133.683660692 -240.6416780501604 -30.078088611364365 1.3153111934661865
133.703655016 -240.64186115562916 -30.078422397375107 1.3053879737854004
133.72369552 -240.64212055504322 -30.079032748937607 1.2901055812835693
133.743842421 -240.6422884017229 -30.079479068517685 1.2796778678894043
133.763692714 -240.6425783187151 -30.080299228429794 1.263645887374878
133.783657215 -240.64276142418385 -30.080890506505966 1.2527503967285156
133.803660576 -240.6430208235979 -30.081846088171005 1.2361249923706055
133.823702509 -240.6431886702776 -30.082549899816513 1.2248198986053467
133.844053612 -240.64340229332447 -30.083621829748154 1.2076466083526611
133.863682739 -240.64352436363697 -30.084361881017685 1.1960523128509521
133.883649381 -240.6436769515276 -30.085515826940536 1.178471565246582
133.903669972 -240.6437532454729 -30.086286395788193 1.1666591167449951
133.923836151 -240.6437990218401 -30.087432712316513 1.1488111019134521
133.943913004 -240.64378376305103 -30.08818420767784 1.1368451118469238
133.963685397 -240.64370746910572 -30.089294284582138 1.1188106536865234
133.983653307 -240.64360065758228 -30.090017169713974 1.1067512035369873
134.00365413 -240.6433870345354 -30.091073840856552 1.0886211395263672
134.023686439 -240.64315815269947 -30.09177193045616 1.0765254497528076
134.043837664 -240.64279194176197 -30.092790454626083 1.058370590209961
134.063703393 -240.64251728355885 -30.093448489904404 1.0462737083435059
134.083654067 -240.64205951988697 -30.094432681798935 1.0281362533569336
134.103655388 -240.64175434410572 -30.09508118033409 1.0160460472106934
134.123670664 -240.6412355452776 -30.096065372228622 0.9979312419891357
134.143995691 -240.6408693343401 -30.09671387076378 0.9858710765838623
134.163698524 -240.64030475914478 -30.097678989171982 0.9678149223327637
134.183679119 -240.63992328941822 -30.098317950963974 0.9558007717132568
134.203659733 -240.63937397301197 -30.09924492239952 0.9378049373626709
134.223687733 -240.63900776207447 -30.099845737218857 0.9258840084075928
134.243768507 -240.63847370445728 -30.10071548819542 0.9080255031585693
134.263694155 -240.63815326988697 -30.101270526647568 0.8961527347564697
134.283660309 -240.63768024742603 -30.10205253958702 0.8783993721008301
134.303636082 -240.63737507164478 -30.10255417227745 0.8665823936462402
134.323684226 -240.63694782555103 -30.10318359732628 0.8489048480987549
134.343801221 -240.63665790855885 -30.10356506705284 0.8371167182922363
134.363742835 -240.63624592125416 -30.104083865880966 0.8194277286529541
134.383669128 -240.63600178062916 -30.10433754324913 0.8076245784759521
134.403677326 -240.63563556969166 -30.104657977819443 0.7899265289306641
134.42367669 -240.63539142906666 -30.104806751012802 0.7781245708465576
134.443805113 -240.63507099449635 -30.104963153600693 0.7604167461395264
134.463715661 -240.63485737144947 -30.105033725500107 0.7486202716827393
134.4837191 -240.63461323082447 -30.105068057775497 0.7309165000915527
134.503647626 -240.63444538414478 -30.10508331656456 0.7191340923309326
134.523690589 -240.63429279625416 -30.105026096105576 0.7014589309692383
134.543750658 -240.63421650230885 -30.104949802160263 0.6896843910217285
134.563683017 -240.63414020836353 -30.104780048131943 0.6720657348632812
134.583666827 -240.6341554671526 -30.10462936758995 0.6603155136108398
134.603675259 -240.63418598473072 -30.10437759757042 0.6427133083343506
134.623699499 -240.6342317610979 -30.104184955358505 0.6309881210327148
134.643825319 -240.63433857262135 -30.103881686925888 0.6134192943572998
134.663746433 -240.63441486656666 -30.103669971227646 0.60172438621521
134.683646772 -240.63453693687916 -30.103250354528427 0.5842044353485107
134.703647848 -240.63462848961353 -30.102935642004013 0.5725398063659668
134.723697283 -240.63475055992603 -30.102422565221786 0.5550696849822998
134.743801513 -240.63482685387135 -30.102020114660263 0.5434331893920898
134.76372021 -240.63494892418385 -30.101417392492294 0.5260105133056641
134.783678905 -240.6350099593401 -30.10095390677452 0.5144271850585938
134.803684966 -240.63510151207447 -30.10024818778038 0.4970736503601074
134.823692124 -240.6351320296526 -30.09975227713585 0.4855165481567383
134.843807076 -240.63516254723072 -30.098951190710068 0.46819639205932617
134.863708859 -240.63517780601978 -30.098405689001083 0.456662654876709
134.883673395 -240.63517780601978 -30.097492069005966 0.43935084342956543
134.903666372 -240.63516254723072 -30.096853107213974 0.4278137683868408
134.923697211 -240.63514728844166 -30.09586128592491 0.41051435470581055
134.943827431 -240.63510151207447 -30.095157474279404 0.39896512031555176
134.963703396 -240.63502521812916 -30.09409698843956 0.3816492557525635
134.983686808 -240.63493366539478 -30.093368381261826 0.3701012134552002
135.003671382 -240.63475055992603 -30.09226593375206 0.3527517318725586
135.023669439 -240.6345979720354 -30.091531604528427 0.3412024974822998
135.04378414 -240.63432331383228 -30.090423434972763 0.3238487243652344
135.063700182 -240.63414020836353 -30.089691013097763 0.3122842311859131
135.083705584 -240.63375873863697 -30.08853515982628 0.2949357032775879
135.103644622 -240.63351459801197 -30.087766498327255 0.28337526321411133
135.123714922 -240.63310261070728 -30.08661636710167 0.2660653591156006
135.14386351 -240.63282795250416 -30.085840076208115 0.2545320987701416
135.163698608 -240.6324007064104 -30.08468994498253 0.23725652694702148
135.183699176 -240.63211078941822 -30.083919376134872 0.22574830055236816
135.203698752 -240.6317140609026 -30.082763522863388 0.20848774909973145
135.223698166 -240.63145466148853 -30.08200439810753 0.1969919204711914
135.243819943 -240.63107319176197 -30.080854266881943 0.17972373962402344
135.263687297 -240.63084430992603 -30.080091327428818 0.1682133674621582
135.283718964 -240.6304933577776 -30.078962177038193 0.15095257759094238
135.30366792 -240.63027973473072 -30.0782011449337 0.13944768905639648
135.323763837 -240.6299593001604 -30.077056735754013 0.12219500541687012
135.343834982 -240.6297151595354 -30.07626900076866 0.11069583892822266
135.363702833 -240.62936420738697 -30.075097888708115 0.09346270561218262
135.383687589 -240.62912006676197 -30.074302524328232 0.08197522163391113
135.403651805 -240.62881489098072 -30.073118060827255 0.06475520133972168
135.423823601 -240.62863178551197 -30.072351306676865 0.05328965187072754
135.443810802 -240.62838764488697 -30.071237415075302 0.03608274459838867
135.463724746 -240.6282503157854 -30.07053169608116 0.024627208709716797
135.483736805 -240.62808246910572 -30.069532245397568 0.007466316223144531
135.50367403 -240.6280061751604 -30.068874210119247 -0.003957271575927734
135.523719727 -240.62794514000416 -30.06791862845421 -0.02105402946472168
135.543968577 -240.6279298812151 -30.067300647497177 -0.032427072525024414
135.563699179 -240.62794514000416 -30.066398471593857 -0.049456119537353516
135.583681713 -240.62794514000416 -30.06580337882042 -0.060784339904785156
135.603660049 -240.62797565758228 -30.064931720495224 -0.07775664329528809
135.623687806 -240.62799091637135 -30.064374774694443 -0.08904290199279785
135.644048468 -240.62811298668385 -30.06354507803917 -0.10596609115600586
135.663752102 -240.62820453941822 -30.063011020421982 -0.11724972724914551
135.683706411 -240.62840290367603 -30.06223663687706 -0.13417577743530273
135.703672865 -240.62857075035572 -30.061763614416122 -0.1454615592956543
135.723706991 -240.62887592613697 -30.061105579137802 -0.16237878799438477
135.743882019 -240.6291048079729 -30.06071838736534 -0.17365455627441406
135.763720631 -240.62950153648853 -30.060191959142685 -0.19057607650756836
135.783683001 -240.62977619469166 -30.059871524572372 -0.20185232162475586
135.803675476 -240.6302492171526 -30.059427112340927 -0.21879005432128906
135.823708445 -240.6305696517229 -30.05915054678917 -0.23003768920898438
135.843773184 -240.6311037093401 -30.058788150548935 -0.24692702293395996
135.863746356 -240.6314699202776 -30.058572620153427 -0.25818538665771484
135.883702512 -240.63204975426197 -30.058284610509872 -0.275071382522583
135.903708645 -240.63243122398853 -30.058109134435654 -0.2863447666168213
135.923845201 -240.63302631676197 -30.057874530553818 -0.3032369613647461
135.943794877 -240.6334230452776 -30.057735294103622 -0.3144843578338623
135.963772797 -240.63406391441822 -30.05756363272667 -0.3313603401184082
135.983683645 -240.63449116051197 -30.05747017264366 -0.342606782913208
136.003657109 -240.63517780601978 -30.057416766881943 -0.35947751998901367
136.02370693 -240.63563556969166 -30.057412952184677 -0.3707253932952881
136.043770939 -240.63632221519947 -30.057460635900497 -0.38759875297546387
136.063798639 -240.63677997887135 -30.057546466588974 -0.39884018898010254
136.083705135 -240.6374513655901 -30.057687610387802 -0.41568636894226074
136.103665081 -240.63790912926197 -30.05783638358116 -0.4268953800201416
136.123732328 -240.63859577476978 -30.058109134435654 -0.4436976909637451
136.143867877 -240.63905353844166 -30.058345645666122 -0.4548909664154053
136.163741403 -240.63975544273853 -30.058761447668076 -0.4716644287109375
136.183692843 -240.6402132064104 -30.05906280875206 -0.4828369617462158
136.203667179 -240.64093036949635 -30.059608310461044 -0.499586820602417
136.223723469 -240.64141865074635 -30.060037463903427 -0.510704755783081
136.243750419 -240.64234943687916 -30.06102165579796 -0.5269832611083984
136.263770457 -240.64329548180103 -30.06210121512413 -0.5373427867889404
136.283667165 -240.64476032555103 -30.063873142004013 -0.5524251461029053
136.303649939 -240.64578266441822 -30.06519302725792 -0.562014102935791
136.323720407 -240.64736957848072 -30.067392200231552 -0.5757744312286377
136.343804181 -240.6484376937151 -30.068939059972763 -0.584827184677124
136.363978056 -240.65013141930103 -30.071454852819443 -0.5978415012359619
136.383692592 -240.65126056969166 -30.073198169469833 -0.6064321994781494
136.403661879 -240.65298481285572 -30.076028674840927 -0.6184792518615723
136.423711134 -240.65411396324635 -30.077979892492294 -0.6263532638549805
136.443827359 -240.6557619124651 -30.080983966588974 -0.6379642486572266
136.46401713 -240.6568147689104 -30.083127826452255 -0.6452367305755615
136.483664534 -240.65835590660572 -30.086347430944443 -0.6561976671218872
136.503644013 -240.65933246910572 -30.088533252477646 -0.6633212566375732
136.523736405 -240.66067524254322 -30.091834872961044 -0.6737475395202637
136.543809276 -240.66151447594166 -30.09401497244835 -0.6807743310928345
136.564032893 -240.66264362633228 -30.097314685583115 -0.6907373666763306
136.58367343 -240.6633302718401 -30.099485248327255 -0.6973550319671631
136.603658421 -240.66427631676197 -30.10269531607628 -0.707277774810791
136.623716696 -240.66484089195728 -30.104797214269638 -0.7138831615447998
136.643743686 -240.6656038314104 -30.10788330435753 -0.7238072156906128
136.663807325 -240.6660158187151 -30.109922260046005 -0.730064868927002
136.683695053 -240.6665803939104 -30.112911075353622 -0.7396461963653564
136.70366301 -240.66691608726978 -30.114873737096786 -0.7459628582000732
136.723686886 -240.6673128157854 -30.117759555578232 -0.7553348541259766
136.743799684 -240.66754169762135 -30.119621127843857 -0.761759877204895
136.763844465 -240.66781635582447 -30.122379153966904 -0.7709519863128662
136.783690664 -240.6679689437151 -30.124162524938583 -0.7771589756011963
136.803671458 -240.66815204918385 -30.126746982336044 -0.7866077423095703
136.823718668 -240.66825886070728 -30.128448337316513 -0.7926368713378906
136.843719064 -240.6688997298479 -30.131055682897568 -0.8002796173095703
136.863976761 -240.66970844566822 -30.132882922887802 -0.8040989637374878
136.883710501 -240.67095966637135 -30.13562759757042 -0.8099511861801147
136.903701704 -240.67185993492603 -30.137504428625107 -0.8137407302856445
136.923693518 -240.67330951988697 -30.14041694998741 -0.8192805051803589
136.943787801 -240.67434711754322 -30.142413944005966 -0.8231459856033325
136.964154902 -240.67605610191822 -30.145572513341904 -0.828466534614563
136.983691777 -240.6770784407854 -30.1474150121212 -0.831325888633728
137.003687118 -240.67774982750416 -30.148712009191513 -0.8326133489608765
137.023655693 -240.6781007796526 -30.149667590856552 -0.8335316181182861
137.043684644 -240.67843647301197 -30.150752872228622 -0.8353908061981201
137.064260124 -240.67848224937916 -30.15117248892784 -0.836543083190918
137.083705013 -240.67843647301197 -30.151756137609482 -0.8381401300430298
137.103693201 -240.67840595543385 -30.15210708975792 -0.8393447399139404
137.123681396 -240.6781770735979 -30.152458041906357 -0.8406553268432617
137.143821725 -240.67803974449635 -30.152667850255966 -0.8418890237808228
137.163852098 -240.67778034508228 -30.152992099523544 -0.843447208404541
137.183686187 -240.67758198082447 -30.15313896536827 -0.8445203304290771
137.20369032 -240.67727680504322 -30.153310626745224 -0.8462318181991577
137.223684848 -240.6770784407854 -30.153451770544052 -0.8471059799194336
137.243652384 -240.67677326500416 -30.153655856847763 -0.8486670255661011
137.264234315 -240.67657490074635 -30.15385612845421 -0.8496890068054199
137.283716297 -240.67630024254322 -30.154167026281357 -0.8511303663253784
137.303702952 -240.67611713707447 -30.15436539053917 -0.8522512912750244
137.323642101 -240.67582722008228 -30.154661029577255 -0.8535721302032471
137.34369223 -240.67562885582447 -30.154851764440536 -0.854508638381958
137.363865174 -240.6752931624651 -30.155130237340927 -0.8559771776199341
137.383674263 -240.67506428062916 -30.155313342809677 -0.8569579124450684
137.403658193 -240.67472858726978 -30.155561298131943 -0.858975887298584
137.423666896 -240.67449970543385 -30.155711978673935 -0.8600291013717651
137.443626778 -240.67417927086353 -30.155921787023544 -0.8618366718292236
137.463847968 -240.67396564781666 -30.15606102347374 -0.8630044460296631
137.483675284 -240.67364521324635 -30.15627846121788 -0.8647124767303467
137.503670043 -240.6734163314104 -30.15641960501671 -0.8660097122192383
137.523675095 -240.6730958968401 -30.15662369132042 -0.8674582242965698
137.543662779 -240.67286701500416 -30.156768649816513 -0.8684511184692383
137.563908217 -240.6725618392229 -30.156967014074326 -0.8699990510940552
137.583708201 -240.6723634749651 -30.157104343175888 -0.8707973957061768
137.603660937 -240.67208881676197 -30.157296985387802 -0.8722236156463623
137.623665939 -240.67192097008228 -30.15751251578331 -0.8731480836868286
137.643655052 -240.6717073470354 -30.15789970755577 -0.8745299577713013
137.663873701 -240.67157001793385 -30.1581571996212 -0.8755984306335449
137.683713893 -240.67141743004322 -30.15854248404503 -0.8771377801895142
137.703683644 -240.67132587730885 -30.158796161413193 -0.8783138990402222
137.723658701 -240.67123432457447 -30.159246295690536 -0.8797658681869507
137.743636727 -240.67120380699635 -30.159618228673935 -0.8808431625366211
137.764265507 -240.67117328941822 -30.160165637731552 -0.88254714012146
137.783702957 -240.67115803062916 -30.160531848669052 -0.8834834098815918
137.803683285 -240.67111225426197 -30.16106018424034 -0.8851165771484375
137.82369416 -240.67105121910572 -30.16139778494835 -0.8861571550369263
137.843678563 -240.67095966637135 -30.161897510290146 -0.8876705169677734
137.863783679 -240.6708986312151 -30.162332385778427 -0.8888840675354004
137.88370661 -240.67074604332447 -30.162977069616318 -0.890383243560791
137.903700394 -240.67062397301197 -30.163402408361435 -0.89143967628479
137.92378309 -240.67044086754322 -30.164031833410263 -0.8930823802947998
137.943635806 -240.67031879723072 -30.164447635412216 -0.8942067623138428
137.963920721 -240.67013569176197 -30.165071338415146 -0.8959170579910278
137.983701965 -240.6699983626604 -30.16533073782921 -0.8967233896255493
138.003698142 -240.66978473961353 -30.165634006261826 -0.8980855941772461
138.023666606 -240.66964741051197 -30.165828555822372 -0.8989160060882568
138.043623598 -240.66946430504322 -30.166107028722763 -0.9000788927078247
138.063787184 -240.66934223473072 -30.166290134191513 -0.900967001914978
138.08372075 -240.66917438805103 -30.166757434606552 -0.901824951171875
138.103697906 -240.6690675765276 -30.167178958654404 -0.9023863077163696
138.123661637 -240.66886921226978 -30.167829364538193 -0.9032626152038574
138.143631304 -240.66876240074635 -30.16826233267784 -0.9036117792129517
138.16379988 -240.66860981285572 -30.16891846060753 -0.9043208360671997
138.183711827 -240.66850300133228 -30.169362872838974 -0.9047446250915527
138.203677553 -240.66835041344166 -30.170034259557724 -0.9055678844451904
138.223663609 -240.66827411949635 -30.170484393835068 -0.9060624837875366
138.243613538 -240.66818256676197 -30.17115005850792 -0.906706690788269
138.263751931 -240.66813679039478 -30.171594470739365 -0.9072422981262207
138.283725294 -240.66812153160572 -30.172241061925888 -0.9076303243637085
138.303672391 -240.66813679039478 -30.172674030065536 -0.907921552658081
138.323714398 -240.66818256676197 -30.17332825064659 -0.9083824157714844
138.343624016 -240.66827411949635 -30.173759311437607 -0.9084457159042358
138.363836541 -240.6684114485979 -30.174396365880966 -0.9087187051773071
138.383753765 -240.6685335189104 -30.174810260534286 -0.9088519811630249
138.403683053 -240.66871662437916 -30.175302356481552 -0.9090495109558105
138.42366822 -240.66883869469166 -30.175493091344833 -0.9093106985092163
138.443623974 -240.66905231773853 -30.175718158483505 -0.909399151802063
138.463922363 -240.6691896468401 -30.17587646842003 -0.9097609519958496
138.483731237 -240.66941852867603 -30.175901263952255 -0.9098670482635498
138.503669337 -240.6695558577776 -30.175803989171982 -0.909948468208313
138.523660499 -240.66976948082447 -30.175643771886826 -0.9101569652557373
138.543627101 -240.66993732750416 -30.17554458975792 -0.9101115465164185
138.563980187 -240.67018146812916 -30.17542251944542 -0.9102212190628052
138.58373612 -240.67033405601978 -30.175367206335068 -0.9102556705474854
138.603702823 -240.6706087142229 -30.175338596105576 -0.9102517366409302
138.6236823 -240.67079181969166 -30.17534050345421 -0.9103866815567017
138.643632705 -240.6710969954729 -30.175454944372177 -0.9102954864501953
138.663878957 -240.67131061851978 -30.175559848546982 -0.9102723598480225
138.683715454 -240.6716310530901 -30.17555794119835 -0.910408616065979
138.70374129 -240.67184467613697 -30.175527423620224 -0.9103286266326904
138.723656615 -240.67216511070728 -30.175481647253036 -0.9105998277664185
138.743647553 -240.67239399254322 -30.175500720739365 -0.9105864763259888
138.763790973 -240.6727296859026 -30.175607532262802 -0.9107604026794434
138.783812418 -240.67295856773853 -30.175887912511826 -0.910930871963501
138.803714251 -240.6732942610979 -30.176301807165146 -0.9111138582229614
138.823699449 -240.67350788414478 -30.17657646536827 -0.9113602638244629
138.843634483 -240.6738283187151 -30.177020877599716 -0.911454439163208
138.863823556 -240.67404194176197 -30.177306979894638 -0.9115308523178101
138.883756803 -240.67433185875416 -30.17772850394249 -0.9116744995117188
138.903697989 -240.67453022301197 -30.178008884191513 -0.9115891456604004
138.923675514 -240.67477436363697 -30.178409427404404 -0.9116491079330444
138.943629055 -240.67491169273853 -30.17864403128624 -0.9116623401641846
138.964118229 -240.67506428062916 -30.17867836356163 -0.9114806652069092
138.983740796 -240.6751710921526 -30.178838580846786 -0.9114086627960205
139.003763476 -240.67530842125416 -30.179151386022568 -0.9112004041671753
139.023683312 -240.67539997398853 -30.179361194372177 -0.9111267328262329
139.043624116 -240.67550678551197 -30.179685443639755 -0.9107288122177124
139.063827941 -240.67556782066822 -30.17989906668663 -0.9104962348937988
139.083848602 -240.67567463219166 -30.18021759390831 -0.9102005958557129
139.103680158 -240.6757356673479 -30.18040832877159 -0.9098266363143921
139.123660404 -240.67584247887135 -30.180675357580185 -0.9093899726867676
139.143624248 -240.67593403160572 -30.18082222342491 -0.9090871810913086
139.163985377 -240.6761018782854 -30.181007236242294 -0.9086052179336548
139.183719072 -240.6762239485979 -30.18112549185753 -0.908416748046875
139.20369147 -240.6765138655901 -30.181279987096786 -0.9079437255859375
139.223671669 -240.67672748863697 -30.18137153983116 -0.9076917171478271
139.243615043 -240.67704792320728 -30.18144592642784 -0.907446026802063
139.263818203 -240.67726154625416 -30.181304782629013 -0.9074294567108154
139.283772273 -240.67759723961353 -30.181062549352646 -0.9074915647506714
139.3036957 -240.67782612144947 -30.18088135123253 -0.9073728322982788
139.323664145 -240.6781770735979 -30.18061050772667 -0.9073203802108765
139.343631169 -240.67840595543385 -30.180358737707138 -0.907232403755188
139.363892244 -240.67868061363697 -30.179687350988388 -0.9068372249603271
139.383817062 -240.67884846031666 -30.17923530936241 -0.9066710472106934
139.403686099 -240.6790773421526 -30.178661197423935 -0.9060938358306885
139.423684909 -240.67922993004322 -30.178384631872177 -0.9056599140167236
139.443624214 -240.67945881187916 -30.177978366613388 -0.9050836563110352
139.46379958 -240.67958088219166 -30.177724689245224 -0.9045244455337524
139.48376272 -240.6797639876604 -30.177350848913193 -0.9038515090942383
139.50370182 -240.6798860579729 -30.177102893590927 -0.9033752679824829
139.52370017 -240.68006916344166 -30.176767200231552 -0.9027485847473145
139.543657806 -240.68019123375416 -30.176572650671005 -0.9023022651672363
139.563826268 -240.6804201155901 -30.176544040441513 -0.9014146327972412
139.58374836 -240.68058796226978 -30.17656883597374 -0.9009112119674683
139.603707549 -240.68080158531666 -30.176620334386826 -0.8999147415161133
139.623722061 -240.68095417320728 -30.176673740148544 -0.8992382287979126
139.64371211 -240.68116779625416 -30.176782459020615 -0.8983060121536255
139.663799761 -240.68128986656666 -30.176904529333115 -0.8974877595901489
139.68372127 -240.68148823082447 -30.17740425467491 -0.8965631723403931
139.703665919 -240.68162555992603 -30.177766650915146 -0.8959370851516724
139.723678892 -240.68180866539478 -30.178327411413193 -0.8949617147445679
139.74369191 -240.68193073570728 -30.17871269583702 -0.8944374322891235
139.765182097 -240.6821290999651 -30.17930206656456 -0.8933935165405273
139.784831977 -240.6822511702776 -30.179704517126083 -0.892938494682312
139.804812863 -240.68241901695728 -30.180307239294052 -0.892040491104126
139.824763218 -240.68252582848072 -30.180702060461044 -0.8913817405700684
139.844722064 -240.6826936751604 -30.181285709142685 -0.8904789686203003
139.865054728 -240.68278522789478 -30.181644290685654 -0.8897318840026855
139.884829002 -240.68292255699635 -30.182174533605576 -0.8887834548950195
139.904773941 -240.68301410973072 -30.18251022696495 -0.8881492614746094
139.92484442 -240.68313618004322 -30.18298515677452 -0.8871780633926392
139.944750607 -240.68321247398853 -30.183297961950302 -0.8866527080535889
139.964879727 -240.6833040267229 -30.18374428153038 -0.8856611251831055
139.984840376 -240.6833498030901 -30.184020847082138 -0.885047435760498
140.004763044 -240.68338032066822 -30.184409946203232 -0.8842065334320068
140.024773501 -240.6833040267229 -30.184631198644638 -0.8835053443908691
140.044718577 -240.6832277327776 -30.18497261404991 -0.8828169107437134
140.065130986 -240.68312092125416 -30.185165256261826 -0.8821855783462524
140.084853612 -240.68295307457447 -30.185441821813583 -0.8813749551773071
140.10477062 -240.6828157454729 -30.185600131750107 -0.8808050155639648
140.124785342 -240.68258686363697 -30.185809940099716 -0.8798534870147705
140.144757567 -240.68243427574635 -30.18594917654991 -0.8793319463729858
140.164922995 -240.68211384117603 -30.18614372611046 -0.8783332109451294
140.184860028 -240.6818849593401 -30.186275333166122 -0.8777084350585938
140.204777955 -240.6815187484026 -30.186481326818466 -0.876840353012085
140.224761178 -240.6812288314104 -30.186624377965927 -0.8761035203933716
140.244754081 -240.68080158531666 -30.18683037161827 -0.8751453161239624
140.264943492 -240.68048115074635 -30.186948627233505 -0.8744610548019409
140.284857887 -240.67999286949635 -30.187116473913193 -0.8733625411987305
140.304786864 -240.67967243492603 -30.187217563390732 -0.8727220296859741
140.32478078 -240.6791536360979 -30.187034457921982 -0.8714843988418579
140.344752023 -240.67880268394947 -30.186723560094833 -0.8708446025848389
140.364913339 -240.67825336754322 -30.186221927404404 -0.8695765733718872
140.384838668 -240.67787189781666 -30.18588814139366 -0.8687506914138794
140.404790245 -240.67730732262135 -30.185386508703232 -0.8675687313079834
140.424778276 -240.67694111168385 -30.18506035208702 -0.8666106462478638
140.444710122 -240.6763917952776 -30.18460640311241 -0.8653360605239868
140.464911844 -240.6760255843401 -30.184276431798935 -0.864478588104248
140.484822941 -240.67547626793385 -30.18361458182335 -0.8632620573043823
140.504767186 -240.67509479820728 -30.183198779821396 -0.8625591993331909
140.524783612 -240.67453022301197 -30.182620853185654 -0.8612418174743652
140.544757199 -240.67416401207447 -30.182254642248154 -0.8604047298431396
140.564899811 -240.67361469566822 -30.181739658117294 -0.8592052459716797
140.584848261 -240.67324848473072 -30.181415408849716 -0.858430027961731
140.604796858 -240.67274494469166 -30.18095573782921 -0.857312798500061
140.624751937 -240.67247028648853 -30.180635303258896 -0.856410026550293
140.644720814 -240.67204304039478 -30.17994675040245 -0.8553130626678467
140.664925189 -240.67181415855885 -30.179515689611435 -0.8545230627059937
140.684866273 -240.67149372398853 -30.178899616003036 -0.8532419204711914
140.704767981 -240.67128010094166 -30.17850098013878 -0.8524782657623291
140.724774383 -240.67099018394947 -30.177957385778427 -0.8510397672653198
140.744747672 -240.67079181969166 -30.177427142858505 -0.8500112295150757
140.765144447 -240.67050190269947 -30.176559299230576 -0.8484437465667725
140.784839256 -240.67031879723072 -30.17600616812706 -0.8472164869308472
140.804764398 -240.67007465660572 -30.175468295812607 -0.8453725576400757
140.824747267 -240.6699220687151 -30.1751249730587 -0.8440566062927246
140.844715455 -240.66969318687916 -30.174621433019638 -0.84222412109375
140.865009144 -240.6695558577776 -30.17429718375206 -0.8409576416015625
140.884853742 -240.6693880110979 -30.17380318045616 -0.8389883041381836
140.90478303 -240.66928119957447 -30.173475116491318 -0.8377703428268433
140.924760754 -240.66917438805103 -30.17302307486534 -0.835690975189209
140.944755367 -240.66912861168385 -30.172820895910263 -0.834306001663208
140.964931102 -240.66909809410572 -30.172668308019638 -0.8321782350540161
140.984813807 -240.66909809410572 -30.172542423009872 -0.8306183815002441
141.004760471 -240.66911335289478 -30.172345966100693 -0.8284348249435425
141.024743925 -240.66912861168385 -30.1721952855587 -0.826930046081543
141.044714822 -240.6691896468401 -30.172115176916122 -0.8245667219161987
141.064904766 -240.66925068199635 -30.17216858267784 -0.8230340480804443
141.084858258 -240.66935749351978 -30.172225803136826 -0.8205493688583374
141.104769903 -240.6694337874651 -30.172273486852646 -0.8191165924072266
141.124804411 -240.66954059898853 -30.172271579504013 -0.8167247772216797
141.144766777 -240.6696321517229 -30.172252506017685 -0.8151689767837524
141.164878687 -240.66978473961353 -30.1721952855587 -0.8128905296325684
141.184844449 -240.66990680992603 -30.17199882864952 -0.8111430406570435
141.204800888 -240.67007465660572 -30.17163261771202 -0.8085044622421265
