time_sec x_east_m y_north_m z_up_m
0.0 0.0 0.0 0.0
0.019990616 0.00032282061874866486 0.00017211958765983582 -0.0004673004150390625
0.03995933 0.000531485304236412 0.0002750549465417862 -0.0007827281951904297
0.060056566 0.0009729526937007904 0.0006954949349164963 -0.0011487007141113281
0.081162869 0.0012912657111883163 0.0010334886610507965 -0.001363515853881836
0.101063185 0.001762673258781433 0.0015236567705869675 -0.0016999244689941406
0.121075732 0.0020777657628059387 0.0018412861973047256 -0.0018680095672607422
0.14106636 0.0025495607405900955 0.0022996291518211365 -0.002128124237060547
0.161833861 0.002863144502043724 0.0026216786354780197 -0.0023200511932373047
0.182095729 0.0033160364255309105 0.0030868835747241974 -0.0026235580444335938
0.20210044 0.0036167101934552193 0.0033974871039390564 -0.0028314590454101562
0.222086893 0.004039720632135868 0.003864215686917305 -0.003124237060546875
0.24208188 0.004301467910408974 0.00416182354092598 -0.0033223628997802734
0.263956082 0.004687945358455181 0.0046558137983083725 -0.003545045852661133
0.283138762 0.0049354080110788345 0.0049847885966300964 -0.0036668777465820312
0.303133023 0.005291137844324112 0.005476333200931549 -0.0038318634033203125
0.323130033 0.005546126514673233 0.0058115217834711075 -0.003904104232788086
0.343137445 0.005799081176519394 0.006038160994648933 -0.003859281539916992
0.363643115 0.005964335985481739 0.006200212985277176 -0.003812074661254883
0.383178882 0.006208943203091621 0.006431359797716141 -0.003726482391357422
0.403106307 0.006388477981090546 0.006598601117730141 -0.003659486770629883
0.423138103 0.00670392531901598 0.006839398294687271 -0.003573894500732422
0.443143132 0.0069167474284768105 0.0069814398884773254 -0.0035142898559570312
0.465006823 0.007285020314157009 0.0072190649807453156 -0.003339052200317383
0.484219839 0.007542888633906841 0.007364561781287193 -0.003205537796020508
0.504206595 0.007949003018438816 0.0075629521161317825 -0.002992391586303711
0.524173314 0.008268703706562519 0.00770164281129837 -0.0028655529022216797
0.544359135 0.008853776380419731 0.008156714960932732 -0.0028467178344726562
0.565606598 0.009265754371881485 0.008473874069750309 -0.002843141555786133
0.585479249 0.009913669899106026 0.008948279544711113 -0.002852916717529297
0.605479348 0.010341066867113113 0.009249821305274963 -0.0028722286224365234
0.625528174 0.011026148684322834 0.009740352630615234 -0.002913951873779297
0.645835576 0.011452134232968092 0.010037551634013653 -0.00295257568359375
0.666061662 0.012073207646608353 0.010512392036616802 -0.0030388832092285156
0.685464044 0.012468692846596241 0.010803703218698502 -0.0031049251556396484
0.705466438 0.01303558936342597 0.011202914640307426 -0.0032224655151367188
0.725454566 0.013402042910456657 0.011460674926638603 -0.0033257007598876953
0.745734606 0.013822843320667744 0.011567779816687107 -0.0033392906188964844
0.766568751 0.014081638772040606 0.011593868024647236 -0.003315448760986328
0.786589177 0.014484725426882505 0.011596191674470901 -0.0032613277435302734
0.806575769 0.014745575375854969 0.011572821997106075 -0.003230571746826172
0.826552467 0.015150192193686962 0.011491529643535614 -0.0032317638397216797
0.846622442 0.015399869764223695 0.011417072266340256 -0.0032393932342529297
0.866609293 0.015744138741865754 0.011277432553470135 -0.003265380859375
0.886634298 0.015924670733511448 0.011162950657308102 -0.0032777786254882812
0.9065898 0.016166246496140957 0.010953576304018497 -0.003307342529296875
0.92663239 0.016296231420710683 0.01083683967590332 -0.003318309783935547
0.947196779 0.016573116183280945 0.010898067615926266 -0.0034859180450439453
0.966567765 0.016739961924031377 0.01093264576047659 -0.003589153289794922
0.98654417 0.01697013434022665 0.01096401922404766 -0.0037081241607666016
1.006551341 0.017107690917328 0.010967048816382885 -0.0037813186645507812
1.026575865 0.017298049526289105 0.010960138402879238 -0.003850221633911133
1.04683541 0.017398086842149496 0.010947195813059807 -0.003881692886352539
1.066613291 0.017533440608531237 0.0109677379950881 -0.0038766860961914062
1.088023607 0.01765893097035587 0.01113893836736679 -0.0037279129028320312
1.108020631 0.01782167109195143 0.011358467862010002 -0.003488779067993164
1.128149432 0.017912181792780757 0.011479497887194157 -0.003309488296508789
1.148301451 0.018156710488256067 0.011849925853312016 -0.0031235218048095703
1.168030693 0.0183274291921407 0.012103322893381119 -0.0030145645141601562
1.188030435 0.01858415568131022 0.012425915338099003 -0.002813100814819336
1.208039008 0.018747756446828134 0.0126158082857728 -0.002673625946044922
1.228161572 0.018980575641762698 0.012829997576773167 -0.0023658275604248047
1.248098069 0.01912289290339686 0.012950894422829151 -0.0021491050720214844
1.268048367 0.01931743969907984 0.013101411052048206 -0.001789093017578125
1.288031479 0.01943007344380021 0.013186737895011902 -0.0015215873718261719
1.308046847 0.019591442309319973 0.0132963377982378 -0.0011334419250488281
1.328158049 0.019697987008839846 0.013355379924178123 -0.0008924007415771484
1.348082001 0.019954794319346547 0.013651893474161625 -0.0006818771362304688
1.368037321 0.020132542122155428 0.013864557258784771 -0.0005576610565185547
1.388018851 0.02037462603766471 0.014122195541858673 -0.00035071372985839844
1.407998004 0.0205241710646078 0.014280753210186958 -0.00022602081298828125
1.428194815 0.020735280122607946 0.014499708078801632 -6.67572021484375e-05
1.448149971 0.02086964517366141 0.014637595973908901 1.9073486328125e-05
1.468063573 0.021082737017422915 0.014885938726365566 0.00016880035400390625
1.488122073 0.021268003387376666 0.015201902948319912 0.000347137451171875
1.508029678 0.0215241527184844 0.015631570480763912 0.0005927085876464844
1.528129055 0.021674877032637596 0.01587230060249567 0.0007698535919189453
1.548145824 0.02186192339286208 0.01617504097521305 0.0010080337524414062
1.569086895 0.02197043877094984 0.016354759223759174 0.0011496543884277344
1.589074154 0.022113749757409096 0.01657992834225297 0.0013208389282226562
1.609076233 0.022199378814548254 0.016708260867744684 0.001425027847290039
1.629262997 0.02231305534951389 0.01686988677829504 0.0015687942504882812
1.649120424 0.022355569526553154 0.016935021616518497 0.0016586780548095703
1.669080373 0.022362777031958103 0.01688700821250677 0.001707315444946289
1.689085019 0.02229786035604775 0.016664023511111736 0.001642465591430664
1.709143637 0.022182282293215394 0.01629169238731265 0.0015223026275634766
1.729182611 0.022087208228185773 0.01599717326462269 0.0013840198516845703
1.74910935 0.021915036952123046 0.015490117482841015 0.0011439323425292969
1.769127004 0.02178773796185851 0.015131882391870022 0.0009913444519042969
1.789097728 0.021560849156230688 0.014479570090770721 0.0007557868957519531
1.80906266 0.02140349172987044 0.014007576741278172 0.0005929470062255859
1.829219589 0.02115822257474065 0.013246607035398483 0.0003349781036376953
1.849086348 0.020996597362682223 0.012699536979198456 0.0001735687255859375
1.869078213 0.02074420778080821 0.01185826025903225 -5.53131103515625e-05
1.889104266 0.020565692917443812 0.011264233849942684 -0.0001838207244873047
1.909099751 0.020300602656789124 0.01034874189645052 -0.0003371238708496094
1.930447333 0.020123277907259762 0.00973279308527708 -0.00042557716369628906
1.950135216 0.019931996474042535 0.008936348371207714 -0.0005638599395751953
1.970149391 0.019842979148961604 0.008508637547492981 -0.0007283687591552734
1.990105711 0.019737697497475892 0.00793119054287672 -0.0009138584136962891
2.010140203 0.019669795176014304 0.00758757907897234 -0.0010297298431396484
2.030417932 0.019570374221075326 0.007128944620490074 -0.0012211799621582031
2.050134685 0.01951873442158103 0.006893515586853027 -0.001306772232055664
2.070138996 0.01944573229411617 0.006552198901772499 -0.0014405250549316406
2.090081134 0.019429578562267125 0.0063994284719228745 -0.0014824867248535156
2.110088204 0.019511238671839237 0.006426990032196045 -0.0013537406921386719
2.130259408 0.01956412277650088 0.006446998566389084 -0.0012366771697998047
2.150126532 0.01965571049368009 0.006534438580274582 -0.001003265380859375
2.17012674 0.019700572185683995 0.006614001467823982 -0.0008461475372314453
2.19012297 0.019745180616155267 0.006762171164155006 -0.0006091594696044922
2.210120706 0.01971512904856354 0.006889859214425087 -0.0004107952117919922
2.230410537 0.019664013583678752 0.007063191384077072 -0.000118255615234375
2.250267562 0.019590603711549193 0.007206359878182411 0.00013113021850585938
2.270108985 0.01946291676722467 0.007436657324433327 0.0005061626434326172
2.290130598 0.019355892873136327 0.007623504847288132 0.0007863044738769531
2.310105661 0.01916363518103026 0.007957988418638706 0.0012388229370117188
2.330428349 0.01902315744519001 0.008190153166651726 0.001523733139038086
2.350159133 0.01875613641459495 0.00866595096886158 0.0019936561584472656
2.370104403 0.01849728840170428 0.008876064792275429 0.002375364303588867
2.390147759 0.018052004394121468 0.009172306396067142 0.0029659271240234375
2.410132826 0.01773103978484869 0.00943350326269865 0.0033822059631347656
2.430400169 0.0172258015954867 0.00982001144438982 0.004038572311401367
2.450169144 0.016860245959833264 0.010097934864461422 0.004470109939575195
2.470131808 0.016272552078589797 0.010537558235228062 0.0051538944244384766
2.490192099 0.015867602080106735 0.010823626071214676 0.0056056976318359375
2.510166984 0.015102585079148412 0.011004962958395481 0.006170034408569336
2.531762092 0.014561721123754978 0.01107692625373602 0.006492137908935547
2.551691714 0.013734959997236729 0.011212022043764591 0.006999015808105469
2.571513143 0.01318594953045249 0.011283050291240215 0.007332801818847656
2.591515287 0.012364402413368225 0.011361096985638142 0.0078277587890625
2.611510789 0.011812481097877026 0.011418694630265236 0.008160114288330078
2.631618069 0.010990398935973644 0.011468206532299519 0.008620262145996094
2.651552956 0.010452348738908768 0.01148614939302206 0.008932113647460938
2.671529367 0.0096820630133152 0.011499202810227871 0.009393692016601562
2.691501387 0.00917865801602602 0.011488493531942368 0.009685039520263672
2.711536936 0.008547177538275719 0.011673866771161556 0.010345458984375
2.731628232 0.008170480839908123 0.011851242743432522 0.010843753814697266
2.752500355 0.007630228064954281 0.012095116078853607 0.011607170104980469
2.772534095 0.007316252216696739 0.012333140708506107 0.012083053588867188
2.792548091 0.006912526674568653 0.012802229262888432 0.012740373611450195
2.812788012 0.006657271645963192 0.01310313493013382 0.013228416442871094
2.832672206 0.006281961686909199 0.01352563127875328 0.014003753662109375
2.852543996 0.0060495054349303246 0.013798127882182598 0.01453089714050293
2.872514177 0.005703866481781006 0.014137357473373413 0.015313386917114258
2.892521764 0.005469576455652714 0.014328012242913246 0.015814781188964844
2.913094476 0.005203261971473694 0.014728245325386524 0.016742467880249023
2.932602473 0.005044217221438885 0.015019274316728115 0.017380714416503906
2.952504371 0.0047927312552928925 0.01539176283404231 0.018331050872802734
2.972539052 0.004685709252953529 0.01574404863640666 0.018897294998168945
2.99250836 0.004542377777397633 0.01632867520675063 0.01967906951904297
3.012717698 0.00443795882165432 0.016717602964490652 0.02020430564880371
3.033832578 0.004281887784600258 0.01728927716612816 0.0210421085357666
3.053658154 0.00418936088681221 0.017673725727945566 0.021577835083007812
3.073639351 0.004045678302645683 0.018237572629004717 0.022339820861816406
3.093622239 0.0039390986785292625 0.01858720649033785 0.022808313369750977
3.113824668 0.0036900928243994713 0.01883110124617815 0.023314952850341797
3.133708708 0.003520403988659382 0.018967775627970695 0.023649930953979492
3.153612966 0.003262767568230629 0.019148340914398432 0.024110794067382812
3.173609944 0.0030903350561857224 0.019228218123316765 0.02438068389892578
3.193622615 0.0028174594044685364 0.019312020391225815 0.024740934371948242
3.213773929 0.0026277266442775726 0.01933795469813049 0.024965286254882812
3.233739592 0.002353062853217125 0.01932852598838508 0.02526998519897461
3.253673514 0.002166811376810074 0.01929925032891333 0.02545619010925293
3.273619693 0.0019362643361091614 0.019177757669240236 0.025751113891601562
3.29361629 0.0017711222171783447 0.01908618351444602 0.025920629501342773
3.31377325 0.0015662144869565964 0.01890010666102171 0.026214122772216797
3.334049571 0.0014222003519535065 0.018765869084745646 0.026409387588500977
3.353581271 0.0011550448834896088 0.018452885560691357 0.02676248550415039
3.373639065 0.0009432770311832428 0.018097199965268373 0.027116060256958008
3.393629289 0.000623658299446106 0.017559246625751257 0.02764439582824707
3.413793513 0.00042126327753067017 0.01720436569303274 0.028002023696899414
3.434671187 0.00013994984328746796 0.016659893561154604 0.02852630615234375
3.453656478 -4.8724934458732605e-05 0.016288126353174448 0.02886223793029785
3.473647738 -0.0003181789070367813 0.015741435810923576 0.029400110244750977
3.493653201 -0.0004919674247503281 0.015365866012871265 0.029758214950561523
3.513796863 -0.0007453002035617828 0.01478604506701231 0.030289649963378906
3.535447154 -0.0008755642920732498 0.014401196502149105 0.03064441680908203
3.554697069 -0.0010379701852798462 0.01395250204950571 0.031057119369506836
3.574685135 -0.0010380186140537262 0.01375557854771614 0.031279802322387695
3.594646848 -0.0010335985571146011 0.013472266495227814 0.03158211708068848
3.614740586 -0.0010043084621429443 0.013305654749274254 0.03177785873413086
3.636030276 -0.0009134486317634583 0.01309255976229906 0.03206491470336914
3.655964936 -0.0008499119430780411 0.012956295162439346 0.03224539756774902
3.675989271 -0.0007258523255586624 0.012826832011342049 0.03253054618835449
3.696254339 -0.0006454307585954666 0.012738385237753391 0.03271961212158203
3.716513244 -0.0005287956446409225 0.012603308074176311 0.03299736976623535
3.736081231 -0.00044660642743110657 0.012497167102992535 0.03320598602294922
3.755961167 -0.00034339912235736847 0.012310048565268517 0.03348541259765625
3.77601517 -0.0002771615982055664 0.012162016704678535 0.03366684913635254
3.796007164 -0.00016855262219905853 0.011904043145477772 0.03394675254821777
3.81620727 -0.00010642781853675842 0.011714402586221695 0.03411674499511719
3.836031068 -2.148374915122986e-05 0.011412047781050205 0.03442883491516113
3.856027598 1.9595026969909668e-05 0.011198199354112148 0.03461647033691406
3.875986446 7.288530468940735e-05 0.010835837572813034 0.03488874435424805
3.895984996 8.788704872131348e-05 0.010580110363662243 0.035065412521362305
3.916264535 8.02353024482727e-05 0.010174869559705257 0.035321712493896484
3.936033414 8.654966950416565e-05 0.009844827465713024 0.03549766540527344
3.95595085 -9.045004844665527e-06 0.009068058803677559 0.03559732437133789
3.975981647 -5.206465721130371e-05 0.008520216681063175 0.03565692901611328
3.996050316 -7.36527144908905e-05 0.007691756822168827 0.03573751449584961
4.016189812 -8.842162787914276e-05 0.007133534178137779 0.03578495979309082
4.036262053 -2.8934329748153687e-05 0.006303032860159874 0.035805463790893555
4.056001948 2.7040019631385803e-05 0.0057476721704006195 0.03581404685974121
4.075983045 0.00013293325901031494 0.004909459501504898 0.03582119941711426
4.09599801 0.0002227742224931717 0.004351750016212463 0.03582429885864258
4.11640153 0.00038632191717624664 0.0035182591527700424 0.035826683044433594
4.136161143 0.000523073598742485 0.0029632318764925003 0.03584599494934082
4.155957516 0.0007169023156166077 0.00212956964969635 0.0358734130859375
4.175972669 0.0008231177926063538 0.0014886632561683655 0.03582286834716797
4.195984492 0.0009402818977832794 0.0003997255116701126 0.0356290340423584
4.216243046 0.0010076593607664108 -0.00032780319452285767 0.03549480438232422
4.236018076 0.001248462125658989 -0.0011940859258174896 0.035221099853515625
4.256029344 0.0014304444193840027 -0.0017280187457799911 0.03502154350280762
4.275965586 0.0017192717641592026 -0.002508934587240219 0.034683942794799805
4.296046563 0.0019726287573575974 -0.002987844869494438 0.0344700813293457
4.316369752 0.0023588817566633224 -0.0036941450089216232 0.034156084060668945
4.337755533 0.002657424658536911 -0.004135696217417717 0.03396773338317871
4.357689537 0.0031227078288793564 -0.004776911810040474 0.033705949783325195
4.377738151 0.003490128554403782 -0.005163470283150673 0.0335693359375
4.397857097 0.004126315005123615 -0.005617095157504082 0.03345608711242676
4.417993033 0.004593050107359886 -0.005802687257528305 0.03345298767089844
4.437760845 0.005379697307944298 -0.005975395441055298 0.03351116180419922
4.457788631 0.005905110388994217 -0.006053406745195389 0.033545494079589844
4.477738248 0.0066929711028933525 -0.006118185818195343 0.03359079360961914
4.497815519 0.007203960791230202 -0.006051218137145042 0.033641815185546875
4.518213549 0.007908153347671032 -0.005942380055785179 0.033712148666381836
4.537752381 0.008331982418894768 -0.005833180621266365 0.03377509117126465
4.557681071 0.008930360898375511 -0.005626201629638672 0.03387618064880371
4.577723898 0.00930088572204113 -0.005489829927682877 0.03393673896789551
4.59793635 0.009836955927312374 -0.0051851216703653336 0.03404116630554199
4.617919791 0.010164686478674412 -0.005014119669795036 0.034093379974365234
4.637781069 0.010680031031370163 -0.004659103229641914 0.034201622009277344
4.65774699 0.011025790125131607 -0.004403311759233475 0.03426361083984375
4.677760598 0.011546880472451448 -0.003994747996330261 0.03436398506164551
4.697894622 0.01190947275608778 -0.0036672987043857574 0.03441429138183594
4.717828283 0.012357446365058422 -0.0033416394144296646 0.03455829620361328
4.737740523 0.0126370619982481 -0.0031169038265943527 0.03465676307678223
4.757693754 0.013033084571361542 -0.002751857042312622 0.034768104553222656
4.777725279 0.013276310171931982 -0.0025202110409736633 0.03482627868652344
4.797862597 0.013637956231832504 -0.002096213400363922 0.03488755226135254
4.817842694 0.01386274304240942 -0.0018267128616571426 0.03490805625915527
4.837758574 0.014176146127283573 -0.001441720873117447 0.034937143325805664
4.85775142 0.014385627582669258 -0.0012315250933170319 0.03493952751159668
4.877751367 0.014658404979854822 -0.0009774751961231232 0.034928083419799805
4.8979378 0.014854636043310165 -0.0008282400667667389 0.03491997718811035
4.91778504 0.015113521134480834 -0.0006479751318693161 0.03489494323730469
4.937737951 0.015263225883245468 -0.0005475711077451706 0.03486919403076172
4.957707926 0.015456348424777389 -0.00041165202856063843 0.03479886054992676
4.977725201 0.015562910120934248 -0.0003458969295024872 0.03473925590515137
4.997867045 0.015743217431008816 -0.00017375685274600983 0.03466510772705078
5.017821022 0.015875533455982804 -2.0815059542655945e-05 0.03463912010192871
5.037810954 0.016062792390584946 0.00019145198166370392 0.034615278244018555
5.05775008 0.016201175982132554 0.00033836066722869873 0.03458380699157715
5.077795882 0.016380051150918007 0.000525888055562973 0.03453326225280762
5.097991102 0.016486125765368342 0.0006422773003578186 0.03449082374572754
5.117851139 0.016611085273325443 0.0008005835115909576 0.034423828125
5.137746717 0.01666389056481421 0.0008623749017715454 0.03438305854797363
5.157684963 0.016650841338559985 0.0007584597915410995 0.03432345390319824
5.177721881 0.016620666487142444 0.0006626322865486145 0.034284114837646484
5.197847177 0.016554569825530052 0.00047853589057922363 0.03429365158081055
5.218690583 0.01650122902356088 0.0003315191715955734 0.03431534767150879
5.23773788 0.016407188260927796 7.489696145057678e-05 0.03436899185180664
5.257715006 0.016331956954672933 -0.00012775883078575134 0.034415245056152344
5.277702117 0.016201647464185953 -0.000474732369184494 0.03447222709655762
5.297820843 0.01612025243230164 -0.000721929594874382 0.03451418876647949
5.31799346 0.01600344036705792 -0.0010938569903373718 0.03455042839050293
5.337799695 0.015913423849269748 -0.0013630706816911697 0.03455829620361328
5.357706607 0.01575932069681585 -0.0017693769186735153 0.03449368476867676
5.377776837 0.015649478184059262 -0.002057129517197609 0.03442740440368652
5.398086654 0.015473350649699569 -0.0025119297206401825 0.03429532051086426
5.417833079 0.015344129176810384 -0.002832239493727684 0.03418445587158203
5.43778133 0.015163140837103128 -0.0033383071422576904 0.03403115272521973
5.457787481 0.015071778791025281 -0.003668086603283882 0.033928632736206055
5.477725983 0.014906632248312235 -0.004209056496620178 0.03394961357116699
5.49778699 0.014753170777112246 -0.004598444327712059 0.03413724899291992
5.517824234 0.014409738127142191 -0.00526014156639576 0.03480243682861328
5.537780549 0.014115831814706326 -0.005754169076681137 0.03560662269592285
5.557705579 0.013572708703577518 -0.006602639332413673 0.03740954399108887
5.57770929 0.013178198598325253 -0.007220834493637085 0.039067983627319336
5.597767048 0.012559454422444105 -0.008210964500904083 0.042307376861572266
5.617827447 0.01216413313522935 -0.008906800299882889 0.045063018798828125
5.637803634 0.0115937115624547 -0.00997854396700859 0.05006837844848633
5.657738131 0.011248578317463398 -0.010714996606111526 0.05404806137084961
5.677714841 0.010798622854053974 -0.011806882917881012 0.06098008155822754
5.697822288 0.010571219958364964 -0.0125226229429245 0.06630516052246094
5.717923409 0.010354178957641125 -0.013540025800466537 0.0754237174987793
5.737792591 0.010280122980475426 -0.014180924743413925 0.08220911026000977
5.757720048 0.010372037999331951 -0.015004321932792664 0.09366011619567871
5.777711435 0.010540610179305077 -0.015483945608139038 0.10207319259643555
5.797794011 0.010952086187899113 -0.016118519008159637 0.11586952209472656
5.817796751 0.011394539847970009 -0.01643272116780281 0.12598633766174316
5.837785963 0.012203895952552557 -0.01681416481733322 0.14231324195861816
5.857716238 0.012871515471488237 -0.01700352132320404 0.1540520191192627
5.877734628 0.014034371823072433 -0.017181340605020523 0.1729738712310791
5.897751982 0.014892045874148607 -0.01723671332001686 0.18636751174926758
5.917984578 0.016346695134416223 -0.0171533040702343 0.2079017162322998
5.937794067 0.017367025720886886 -0.017077788710594177 0.22294068336486816
5.957675862 0.019052945041039493 -0.01676974818110466 0.24692440032958984
5.977739411 0.020247228210791945 -0.016474734991788864 0.2637302875518799
5.997740074 0.022131879115477204 -0.015930000692605972 0.2901570796966553
6.018428114 0.023476821836084127 -0.015411153435707092 0.3087277412414551
6.037850875 0.025563108269125223 -0.014528624713420868 0.3377392292022705
6.057755592 0.027008112519979477 -0.01382933184504509 0.35794663429260254
6.077772248 0.029247505590319633 -0.01264900341629982 0.3895425796508789
6.097749405 0.030773578211665154 -0.011803068220615387 0.4113602638244629
6.117798042 0.03310790192335844 -0.010333575308322906 0.44550466537475586
6.137791555 0.03467043675482273 -0.009294725954532623 0.4690556526184082
6.157681634 0.03701619617640972 -0.007655300199985504 0.5055532455444336
6.177724479 0.038572946563363075 -0.006422132253646851 0.5308024883270264
6.197718338 0.040901441127061844 -0.004592129960656166 0.5696308612823486
6.217980375 0.04243076965212822 -0.0032795872539281845 0.5963964462280273
6.237762246 0.044701576232910156 -0.0012678783386945724 0.637622594833374
6.257783041 0.04619259387254715 0.00014715082943439484 0.6659042835235596
6.277728626 0.04834924079477787 0.0023581013083457947 0.709522008895874
6.297708977 0.04974679835140705 0.0038415156304836273 0.7393062114715576
6.317835265 0.051708972081542015 0.006215441972017288 0.7852480411529541
6.337800319 0.05295819230377674 0.0078066373243927956 0.8166136741638184
6.357716741 0.05473758839070797 0.010176007635891438 0.8647618293762207
6.377772707 0.05584944598376751 0.011834107339382172 0.8977158069610596
6.397733326 0.0574465524405241 0.014293525367975235 0.948173999786377
6.417896602 0.05844900198280811 0.015939094126224518 0.9825689792633057
6.43779454 0.059872521087527275 0.01841675490140915 1.0352988243103027
6.45775108 0.0607734601944685 0.02004402712918818 1.0711281299591064
6.477738557 0.06200371868908405 0.022503212036099285 1.1259431838989258
6.497735944 0.06276088021695614 0.0241015471983701 1.1630816459655762
6.517947185 0.06375906802713871 0.026533761061728 1.2198026180267334
6.537760089 0.06436090357601643 0.028114465530961752 1.2581400871276855
6.557689296 0.06516472063958645 0.030410426203161478 1.3163440227508545
6.577719099 0.06562026403844357 0.03192172758281231 1.355684518814087
6.597706457 0.06621324457228184 0.03408806771039963 1.4151840209960938
6.617959641 0.0665352176874876 0.035470484755933285 1.455207347869873
6.637781429 0.06689629890024662 0.03743330854922533 1.5157265663146973
6.657717346 0.06707688234746456 0.0386710474267602 1.5562963485717773
6.677732345 0.0672422107309103 0.040427619591355324 1.6176104545593262
6.697779998 0.0673008132725954 0.04152308218181133 1.6586637496948242
6.717845175 0.06731328554451466 0.043052373453974724 1.7204794883728027
6.737780726 0.06728258542716503 0.04399402439594269 1.761819839477539
6.757667065 0.06717752479016781 0.04528828710317612 1.8240056037902832
6.777717232 0.06703521497547626 0.04602947644889355 1.8656268119812012
6.797706684 0.06675268523395061 0.04702347703278065 1.9281940460205078
6.817823452 0.06651093252003193 0.04760391637682915 1.9700069427490234
6.837776692 0.06607306934893131 0.04835606552660465 2.0328450202941895
6.857705878 0.0657410454005003 0.048782575875520706 2.074787139892578
6.877764038 0.06516333855688572 0.04932137206196785 2.137859344482422
6.897729039 0.06474323756992817 0.04960447736084461 2.179957866668701
6.917885626 0.0640601422637701 0.0499163493514061 2.243161678314209
6.937834453 0.06356961838901043 0.05005114711821079 2.2853426933288574
6.957695341 0.06279094330966473 0.05014081485569477 2.348654270172119
6.977713271 0.06224101968109608 0.050117021426558495 2.3909053802490234
6.99769477 0.061378804966807365 0.049977412447333336 2.4543213844299316
7.017803643 0.060778023675084114 0.04980786703526974 2.496641159057617
7.037777084 0.05984198860824108 0.04946376383304596 2.560194492340088
7.057740762 0.059194883331656456 0.049175042659044266 2.602592945098877
7.077738623 0.058193253353238106 0.04867342859506607 2.666250228881836
7.097712021 0.057516930624842644 0.048272231593728065 2.708707809448242
7.117829651 0.05648794583976269 0.04757394269108772 2.772426128387451
7.137777763 0.055841391906142235 0.04705437831580639 2.8149290084838867
7.15767369 0.05486983619630337 0.046179838478565216 2.8787193298339844
7.177726712 0.0542422141879797 0.04552317224442959 2.9212799072265625
7.197698067 0.05337454192340374 0.04444926232099533 2.985175609588623
7.217850429 0.052807001397013664 0.043685806915163994 3.027799129486084
7.23774753 0.052088575437664986 0.042491475120186806 3.0918211936950684
7.257728118 0.05158433876931667 0.04165839031338692 3.134518623352051
7.277751683 0.05093373917043209 0.04041002877056599 3.198619842529297
7.297722093 0.05053865723311901 0.039541738107800484 3.2413835525512695
7.317858156 0.050000669434666634 0.03818697668612003 3.3055710792541504
7.33779308 0.04978288896381855 0.03725418262183666 3.348421573638916
7.357720482 0.049494026228785515 0.03580742608755827 3.4127449989318848
7.377713242 0.049382589757442474 0.034807559102773666 3.4556708335876465
7.397710455 0.049319103360176086 0.03325934614986181 3.5201144218444824
7.417863349 0.049291279166936874 0.03220093064010143 3.563107967376709
7.437780721 0.04940473847091198 0.03056611679494381 3.627638339996338
7.457745033 0.04950333572924137 0.029447742272168398 3.670686721801758
7.47771963 0.049684399738907814 0.027728994842618704 3.7353014945983887
7.497727029 0.04988078027963638 0.026547096204012632 3.778404712677002
7.517907539 0.050119342282414436 0.024750034441240132 3.8431029319763184
7.537776935 0.050368497148156166 0.023549659381387755 3.8862533569335938
7.55775329 0.050734302029013634 0.021741200820542872 3.9510231018066406
7.57773312 0.0510068628937006 0.020537155913189054 3.9942312240600586
7.597712106 0.051448484882712364 0.018741002306342125 4.059071063995361
7.618083627 0.05173139087855816 0.017540056724101305 4.102324485778809
7.637789876 0.052262796089053154 0.01573045738041401 4.167202472686768
7.65775999 0.05262500233948231 0.01452028937637806 4.210476875305176
7.677725433 0.05317678488790989 0.012698886916041374 4.2754225730896
7.697709978 0.05358540453016758 0.011495535261929035 4.318736553192139
7.717856042 0.054163044318556786 0.009703653864562511 4.383771896362305
7.737794582 0.05454543046653271 0.008532756008207798 4.427170753479004
7.757689633 0.055110326036810875 0.006821265444159508 4.492325782775879
7.77775903 0.05545901320874691 0.0056940484791994095 4.535803318023682
7.797792617 0.05597732774913311 0.004056047648191452 4.6010637283325195
7.817900317 0.056297020986676216 0.0029788874089717865 4.6446075439453125
7.837798733 0.05677284859120846 0.0014503449201583862 4.709986686706543
7.85774053 0.05707782320678234 0.00044602155685424805 4.753631114959717
7.877725067 0.0575151052325964 -0.0010380558669567108 4.819181442260742
7.89771652 0.05778686888515949 -0.00198536179959774 4.862947463989258
7.917924948 0.058135783299803734 -0.0033965427428483963 4.928678512573242
7.937781491 0.05834130011498928 -0.004322968423366547 4.972562313079834
7.957705662 0.05860935337841511 -0.005694912746548653 5.038453578948975
7.977775322 0.05875079892575741 -0.0066031888127326965 5.082424163818359
7.997718462 0.058953868225216866 -0.007913095876574516 5.148423671722412
8.018222873 0.0590782705694437 -0.008764483034610748 5.1924519538879395
8.03803452 0.05924469791352749 -0.010009314864873886 5.258537769317627
8.057737589 0.0593260433524847 -0.010816924273967743 5.302618026733398
8.077737086 0.05940301902592182 -0.01199495792388916 5.368777275085449
8.097703842 0.05943235196173191 -0.01272755116224289 5.412896633148193
8.117878973 0.05941516347229481 -0.013786990195512772 5.479135036468506
8.137797201 0.059368519112467766 -0.014442339539527893 5.523329257965088
8.157685763 0.05924746207892895 -0.015344999730587006 5.589684009552002
8.177783284 0.059128159657120705 -0.015921294689178467 5.6339640617370605
8.197720907 0.05893812142312527 -0.01668747514486313 5.700451374053955
8.217954851 0.05879132263362408 -0.01715223118662834 5.744826793670654
8.237933292 0.058543307706713676 -0.01778380200266838 5.811462879180908
8.257755106 0.05837490223348141 -0.018127575516700745 5.855926990509033
8.277742385 0.058076994493603706 -0.01861349493265152 5.922695636749268
8.29775143 0.0578607153147459 -0.018894635140895844 5.967255115509033
8.317849507 0.057504063472151756 -0.01928584650158882 6.034143924713135
8.337814936 0.05726342834532261 -0.01950019598007202 6.078774929046631
8.357696832 0.05688291974365711 -0.019750379025936127 6.145761966705322
8.377711123 0.05660307966172695 -0.019897904247045517 6.190453052520752
8.397712049 0.05615425296127796 -0.02008325606584549 6.257503032684326
8.417900658 0.05582325719296932 -0.02019394561648369 6.302217960357666
8.437818191 0.05527968890964985 -0.0203414186835289 6.369313716888428
8.457748608 0.05490092374384403 -0.020414181053638458 6.414028644561768
8.477737238 0.05428675003349781 -0.020526044070720673 6.481135845184326
8.497717804 0.05385296978056431 -0.020595863461494446 6.525880336761475
8.517915234 0.05319331772625446 -0.02069813385605812 6.593005657196045
8.537765729 0.052734652534127235 -0.020769961178302765 6.637780666351318
8.557711277 0.052049288526177406 -0.020832765847444534 6.70488977432251
8.577719537 0.051559777930378914 -0.02088276296854019 6.74967622756958
8.597747117 0.050782883539795876 -0.020908799022436142 6.816824436187744
8.617866998 0.050251251086592674 -0.020910974591970444 6.86160135269165
8.637996635 0.04943166300654411 -0.020893726497888565 6.928793430328369
8.657740357 0.0489010252058506 -0.020872708410024643 6.973578929901123
8.677747483 0.04808594286441803 -0.020841926336288452 7.0408034324646
8.697762411 0.04754783399403095 -0.0208139568567276 7.085629940032959
8.717891564 0.04672801122069359 -0.02076367288827896 7.152885913848877
8.736927534 0.04616469144821167 -0.02073344960808754 7.197754383087158
8.756756371 0.045302096754312515 -0.020635206252336502 7.265071392059326
8.776752672 0.04471602663397789 -0.020556218922138214 7.309972286224365
8.796719036 0.04381920024752617 -0.020417846739292145 7.37736177444458
8.816789674 0.043230827897787094 -0.020284239202737808 7.422285556793213
8.83686004 0.042313102632761 -0.020105715841054916 7.489756107330322
8.856730598 0.041708920150995255 -0.019946932792663574 7.534718990325928
8.876716276 0.0407889224588871 -0.01970474049448967 7.602219104766846
8.896724064 0.040178168565034866 -0.019522156566381454 7.647240161895752
8.916712106 0.039235929027199745 -0.019247811287641525 7.714776515960693
8.936788485 0.03859179839491844 -0.019073601812124252 7.759830951690674
8.95674141 0.03755424916744232 -0.01878642663359642 7.827398777008057
8.976715593 0.03683442063629627 -0.018594365566968918 7.8724684715271
8.996712087 0.03571353107690811 -0.018306046724319458 7.940108776092529
9.016693967 0.03491462208330631 -0.018093492835760117 7.985195636749268
9.036841079 0.033693231642246246 -0.017788249999284744 8.052886009216309
9.056719525 0.03285914845764637 -0.017583686858415604 8.098031044006348
9.076717402 0.03158051148056984 -0.017313439399003983 8.16578197479248
9.096708011 0.03071594052016735 -0.01715245470404625 8.210989952087402
9.116705767 0.029397057369351387 -0.016939062625169754 8.278843879699707
9.136939753 0.028508655726909637 -0.016813259571790695 8.324122428894043
9.15670178 0.02715934067964554 -0.01664331555366516 8.392062187194824
9.176725951 0.026249418035149574 -0.016536585986614227 8.437390327453613
9.196740559 0.024868433363735676 -0.016385946422815323 8.505440711975098
9.216727455 0.023954815696924925 -0.01628190279006958 8.5508451461792
9.236725931 0.022602712037041783 -0.01614745706319809 8.61902904510498
9.25674559 0.02172750304453075 -0.016074288636446 8.664534568786621
9.276715335 0.020425753900781274 -0.016029413789510727 8.732853889465332
9.296715347 0.019561549357604235 -0.016025345772504807 8.77844524383545
9.316766004 0.018267363775521517 -0.0161246620118618 8.846880912780762
9.336737535 0.017405771650373936 -0.01623218134045601 8.892550468444824
9.356733663 0.01611805520951748 -0.016452722251415253 8.9611177444458
9.376685405 0.015273756813257933 -0.016629114747047424 9.006871223449707
9.396772694 0.014029197860509157 -0.016937248408794403 9.07556438446045
9.416740436 0.013200371991842985 -0.017191946506500244 9.121397972106934
9.436787612 0.011959781404584646 -0.01760297641158104 9.190199851989746
9.456744255 0.011134756729006767 -0.017912354320287704 9.236090660095215
9.476734931 0.00991219561547041 -0.01842004805803299 9.30498218536377
9.496756649 0.00910467840731144 -0.018773861229419708 9.350947380065918
9.516731341 0.00787421315908432 -0.019406884908676147 9.419955253601074
9.5367807 0.007067441940307617 -0.019856031984090805 9.465994834899902
9.556716865 0.005876172333955765 -0.02056923881173134 9.535099983215332
9.576763151 0.005081271752715111 -0.021075379103422165 9.581196784973145
9.596754726 0.0038937274366617203 -0.021847151219844818 9.650383949279785
9.616716692 0.003098113462328911 -0.022379443049430847 9.696534156799316
9.636781569 0.0019026827067136765 -0.023195680230855942 9.765795707702637
9.656691863 0.0010929442942142487 -0.023765813559293747 9.811968803405762
9.676734488 -0.0001249350607395172 -0.024636659771203995 9.881237983703613
9.696743751 -0.000931059941649437 -0.025220323354005814 9.927433967590332
9.716711911 -0.0021831635385751724 -0.026083990931510925 9.996756553649902
9.736903037 -0.0030038226395845413 -0.026640769094228745 10.043025016784668
9.756763382 -0.004214165732264519 -0.02744852751493454 10.112471580505371
9.776738069 -0.005029864609241486 -0.027970578521490097 10.158806800842285
9.79670727 -0.006240073591470718 -0.02872011438012123 10.228360176086426
9.816771964 -0.007044089958071709 -0.029180079698562622 10.274765968322754
9.837086697 -0.008266683667898178 -0.02978985384106636 10.344449043273926
9.856752022 -0.009077703580260277 -0.030169475823640823 10.390936851501465
9.876730244 -0.01027010753750801 -0.03062736988067627 10.460759162902832
9.896751552 -0.01104704849421978 -0.030931919813156128 10.50732707977295
9.916722089 -0.012205271050333977 -0.031277336180210114 10.577221870422363
9.936941365 -0.012963658198714256 -0.03147093206644058 10.6238374710083
9.956724674 -0.014080623164772987 -0.031708505004644394 10.6937837600708
9.976734764 -0.014799980446696281 -0.031776025891304016 10.74044132232666
9.996738816 -0.015855243429541588 -0.0318363755941391 10.810452461242676
10.016736178 -0.01654473878443241 -0.03181812912225723 10.857144355773926
10.037489411 -0.017546677961945534 -0.03172224014997482 10.927212715148926
10.056744613 -0.01819240115582943 -0.03164093196392059 10.9739408493042
10.076741597 -0.019110826775431633 -0.03139932453632355 11.044053077697754
10.096736242 -0.01969398371875286 -0.031205259263515472 11.090806007385254
10.116747576 -0.020524540916085243 -0.03086751699447632 11.1609525680542
10.137687862 -0.021012241020798683 -0.03053448721766472 11.207716941833496
10.15806806 -0.021719863638281822 -0.030053965747356415 11.27788257598877
10.177983955 -0.022144416347146034 -0.029619794338941574 11.324627876281738
10.197987641 -0.022730423137545586 -0.028924044221639633 11.394749641418457
10.218003258 -0.023071812465786934 -0.0283890999853611 11.441489219665527
10.238030991 -0.023532195016741753 -0.0274793803691864 11.511614799499512
10.258003833 -0.023814978078007698 -0.02684791386127472 11.558377265930176
10.278034597 -0.024183010682463646 -0.025720592588186264 11.628527641296387
10.29799859 -0.024409247562289238 -0.02492620423436165 11.675309181213379
10.318020626 -0.02471998520195484 -0.02367432788014412 11.74550724029541
10.338307415 -0.02490963600575924 -0.022738058120012283 11.79230785369873
10.357976148 -0.025174973532557487 -0.0213177427649498 11.86252498626709
10.378043712 -0.025341203436255455 -0.020321834832429886 11.909344673156738
10.397996553 -0.025577308610081673 -0.018740355968475342 11.979582786560059
10.417992727 -0.025725727900862694 -0.01767643168568611 12.02641773223877
10.438284179 -0.02596360258758068 -0.016025487333536148 12.096663475036621
10.458039849 -0.026119040325284004 -0.014925502240657806 12.143500328063965
10.478058705 -0.026373697444796562 -0.013181351125240326 12.213738441467285
10.497984906 -0.026533132418990135 -0.01200498640537262 12.260558128356934
10.517995114 -0.02675582282245159 -0.010221850126981735 12.330780982971191
10.538379665 -0.02687670849263668 -0.008982084691524506 12.377581596374512
10.558033949 -0.027022356167435646 -0.007144322618842125 12.447798728942871
10.577997204 -0.027086278423666954 -0.005905067548155785 12.49460506439209
10.59797301 -0.027141595259308815 -0.004041880369186401 12.56482219696045
10.617977122 -0.027159472927451134 -0.0028216037899255753 12.611647605895996
10.63803489 -0.02708851359784603 -0.0009656362235546112 12.681889533996582
10.65804667 -0.027002019807696342 0.00026189908385276794 12.728734016418457
10.677990245 -0.026815934106707573 0.002087431028485298 12.79902172088623
10.697965696 -0.026654182001948357 0.0032931677997112274 12.8458833694458
10.717997028 -0.026357417926192284 0.005082909017801285 12.916180610656738
10.738425052 -0.026098744943737984 0.006286662071943283 12.963004112243652
10.7579854 -0.0256741214543581 0.00804825872182846 13.033257484436035
10.777977604 -0.025348199531435966 0.00921399425715208 13.080090522766113
10.79798549 -0.024793675169348717 0.010929029434919357 13.150343894958496
10.817965293 -0.024402884766459465 0.012033392675220966 13.19719409942627
10.838637901 -0.0237672608345747 0.013657603412866592 13.267437934875488
10.857990021 -0.023351920768618584 0.014699934050440788 13.314261436462402
10.877990638 -0.022741058841347694 0.016200253274291754 13.384486198425293
10.897984266 -0.02236139588057995 0.017154980916529894 13.431279182434082
10.917989107 -0.02180597372353077 0.018512094859033823 13.501479148864746
10.939537211 -0.021450934931635857 0.01937047764658928 13.548260688781738
10.958987207 -0.020920710638165474 0.020611148327589035 13.618454933166504
10.97901094 -0.02057046629488468 0.021430011955089867 13.665244102478027
10.998966366 -0.02004159428179264 0.02262513292953372 13.73540210723877
11.019054255 -0.01969004236161709 0.023382816376397386 13.782185554504395
11.039036008 -0.019175847992300987 0.024497138801962137 13.852355003356934
11.058991449 -0.018837319687008858 0.02522706100717187 13.899136543273926
11.079120248 -0.018335768952965736 0.02630099863745272 13.969307899475098
11.098985162 -0.018018251284956932 0.02704722387716174 14.01604175567627
11.11901388 -0.01753927953541279 0.028137913439422846 14.086163520812988
11.13916749 -0.017212050035595894 0.028879974503070116 14.132905006408691
11.158997046 -0.016719156876206398 0.03000965155661106 14.203011512756348
11.180168543 -0.01639210619032383 0.030737699009478092 14.249772071838379
11.200124454 -0.0158532802015543 0.03187411092221737 14.31984806060791
11.220442838 -0.015501303598284721 0.03257312811911106 14.366608619689941
11.240227634 -0.014878036454319954 0.03361611161381006 14.436663627624512
11.26015163 -0.01445206068456173 0.0342749897390604 14.483357429504395
11.280181717 -0.013798011466860771 0.03520888928323984 14.553391456604004
11.30013741 -0.013325100764632225 0.03582532051950693 14.600024223327637
11.320304099 -0.012598952278494835 0.036680545657873154 14.669995307922363
11.340310388 -0.012081049382686615 0.037217202596366405 14.71662425994873
11.360144248 -0.01126343384385109 0.03797472734004259 14.786545753479004
11.380137952 -0.010712597519159317 0.038437215611338615 14.833189964294434
11.400186312 -0.00986742228269577 0.03911413066089153 14.90306568145752
11.420343929 -0.009302165359258652 0.03953511081635952 14.949652671813965
11.440241359 -0.008450854569673538 0.04012303799390793 15.019537925720215
11.460152508 -0.007857924327254295 0.04048740118741989 15.066086769104004
11.480174565 -0.006994372233748436 0.040959326550364494 15.135994911193848
11.500158886 -0.006372412666678429 0.0412508063018322 15.182551383972168
11.521330638 -0.0054369475692510605 0.041632385924458504 15.252434730529785
11.541215044 -0.004793278872966766 0.041862793266773224 15.299025535583496
11.56117272 -0.003824681043624878 0.04215676710009575 15.368926048278809
11.581187165 -0.0031869132071733475 0.042313478887081146 15.415560722351074
11.601196661 -0.002210790291428566 0.04251989722251892 15.485438346862793
11.621432673 -0.0015644039958715439 0.042621515691280365 15.53203296661377
11.64120249 -0.000601230189204216 0.0427208598703146 15.601944923400879
11.661154137 6.12214207649231e-05 0.04276022128760815 15.648510932922363
11.681164083 0.0010446719825267792 0.0427774041891098 15.718411445617676
11.701183485 0.00170799158513546 0.042770734056830406 15.76501178741455
11.721665189 0.0027107149362564087 0.04274401068687439 15.834912300109863
11.741407497 0.003370160236954689 0.042702725157141685 15.881545066833496
11.761151675 0.0043600574135780334 0.04262658581137657 15.9514799118042
11.78117274 0.005009698681533337 0.04255259223282337 15.998129844665527
11.801197511 0.006023921072483063 0.04245356284081936 16.06807804107666
11.82152178 0.0067050643265247345 0.04237325116991997 16.114745140075684
11.841790346 0.007734616287052631 0.04222968965768814 16.18479633331299
11.861173799 0.008450649678707123 0.0421461071819067 16.2315092086792
11.88118158 0.009518152102828026 0.04200277104973793 16.30165195465088
11.90120176 0.010246152989566326 0.04191584698855877 16.348450660705566
11.921481867 0.011355977971106768 0.04180425778031349 16.41868305206299
11.941216472 0.012086899019777775 0.0417193453758955 16.465542793273926
11.961248149 0.013265650253742933 0.04162711091339588 16.535847663879395
11.982299286 0.014045791700482368 0.04155769385397434 16.582749366760254
12.002983522 0.015207728836685419 0.041442444548010826 16.653149604797363
12.02492238 0.015982904704287648 0.04136052913963795 16.70010280609131
12.045234181 0.017143244273029268 0.04122914932668209 16.770577430725098
12.064706572 0.01796085963724181 0.04112066887319088 16.817543983459473
12.089449972 0.01916855259332806 0.04093076102435589 16.888039588928223
12.110820543 0.019983428181149065 0.04080215282738209 16.935046195983887
12.131812426 0.021222050301730633 0.040605466812849045 17.005539894104004
12.151808355 0.022035083500668406 0.04045642167329788 17.052556037902832
12.172150035 0.02330526662990451 0.04027076996862888 17.12304401397705
12.191812213 0.024142902810126543 0.04013775661587715 17.170050621032715
12.211866764 0.025384808890521526 0.03992544300854206 17.240580558776855
12.232905997 0.02622053725644946 0.03979676403105259 17.28757953643799
12.252916257 0.02742662001401186 0.039585016667842865 17.35812473297119
12.275258588 0.028205481357872486 0.03944329731166363 17.40516948699951
12.295827748 0.029325571842491627 0.03920149989426136 17.4757661819458
12.315811889 0.030045973137021065 0.03903064876794815 17.52282428741455
12.33912911 0.031110035255551338 0.03875696565955877 17.593405723571777
12.36044853 0.031793659552931786 0.0385558670386672 17.64049243927002
12.383126334 0.032830238342285156 0.03826786112040281 17.711079597473145
12.405492744 0.033494642935693264 0.038063027895987034 17.758151054382324
12.43302526 0.034451065585017204 0.037737051025033 17.82877826690674
12.4529369 0.03505990654230118 0.0375470332801342 17.87587070465088
12.473619726 0.03593158535659313 0.03726169001311064 17.94656276702881
12.493012407 0.03649377264082432 0.03709453996270895 17.993720054626465
12.513018807 0.037314603105187416 0.036849367432296276 18.064494132995605
12.533052877 0.03783581964671612 0.0366747984662652 18.11171054840088
12.552940641 0.038590673357248306 0.036418285220861435 18.182534217834473
12.573724304 0.039056504145264626 0.036222951486706734 18.22982883453369
12.594018501 0.03976395167410374 0.03595759905874729 18.300747871398926
12.613999951 0.04021412320435047 0.03577427100390196 18.348031044006348
12.634021823 0.04085724242031574 0.035489353351294994 18.41895580291748
12.654253631 0.041281675919890404 0.035310606472194195 18.46619701385498
12.674588927 0.04167674295604229 0.03511456586420536 18.513484001159668
12.694065592 0.04226185195147991 0.03479911107569933 18.584317207336426
12.714001692 0.042800262570381165 0.03445477597415447 18.655117988586426
12.734071115 0.04312778636813164 0.03420711122453213 18.702322959899902
12.754177505 0.04358754679560661 0.03378540836274624 18.77302837371826
12.775240432 0.043862657621502876 0.03348225448280573 18.820155143737793
12.795085201 0.04423091933131218 0.03299599885940552 18.890830039978027
12.815129387 0.04447207413613796 0.03268407750874758 18.93786907196045
12.835079899 0.04478498920798302 0.03219559043645859 19.00850200653076
12.855723506 0.044984469190239906 0.0318678030744195 19.055508613586426
12.875160454 0.04525621980428696 0.031366090290248394 19.126030921936035
12.895107601 0.0454324446618557 0.03103226888924837 19.173012733459473
12.915112773 0.045671261847019196 0.030522109009325504 19.24345111846924
12.935071825 0.04580582492053509 0.0301728337071836 19.290425300598145
12.955213119 0.04596046730875969 0.029641319066286087 19.360827445983887
12.976248789 0.0460392702370882 0.02927912352606654 19.4077787399292
12.996181308 0.04612208530306816 0.02872380241751671 19.47822856903076
13.016199657 0.04615652933716774 0.028337487019598484 19.52517795562744
13.036220674 0.04615359008312225 0.027743838727474213 19.595654487609863
13.056268773 0.046108465641736984 0.0273403562605381 19.642653465270996
13.076254159 0.045984961092472076 0.026693154592067003 19.713196754455566
13.096184739 0.04587222635746002 0.02624468761496246 19.760262489318848
13.116213288 0.04563668742775917 0.025526447454467416 19.830878257751465
13.136186455 0.04544678330421448 0.025029469863511622 19.877984046936035
13.156722547 0.045054858550429344 0.0241998506244272 19.948630332946777
13.176214279 0.044741712510585785 0.023619443527422845 19.99575710296631
13.196218239 0.04419732838869095 0.022710789780830964 20.066481590270996
13.216195681 0.04375262372195721 0.022085083299316466 20.11364459991455
13.236178353 0.04304066486656666 0.021147025749087334 20.18445110321045
13.256265497 0.0425220001488924 0.020524030784144998 20.23169231414795
13.276246303 0.0416826568543911 0.01961467112414539 20.30261516571045
13.296200318 0.04109928756952286 0.019015693105757236 20.349936485290527
13.316194579 0.04016909934580326 0.018126759212464094 20.420994758605957
13.336194341 0.03952753730118275 0.017546086572110653 20.468396186828613
13.356598576 0.03853243961930275 0.016693443525582552 20.53954029083252
13.376244231 0.03784680552780628 0.016129811760038137 20.58698558807373
13.396208285 0.036788126453757286 0.01529327780008316 20.65817928314209
13.416199314 0.03605828061699867 0.014743899926543236 20.70565891265869
13.436217041 0.03495898097753525 0.013928358443081379 20.776909828186035
13.456447509 0.03421962633728981 0.013393951579928398 20.82443141937256
13.476231863 0.033078620210289955 0.012617007829248905 20.89576244354248
13.496212892 0.0323099447414279 0.012109383009374142 20.943345069885254
13.516179598 0.03110693860799074 0.011333093978464603 21.014775276184082
13.536179761 0.030291839502751827 0.010787819512188435 21.062432289123535
13.556391512 0.029052666388452053 0.00993295107036829 21.133971214294434
13.576237137 0.028192085213959217 0.0093206986784935 21.181694984436035
13.596201952 0.02689142618328333 0.008398608304560184 21.253304481506348
13.616208259 0.026003366336226463 0.007770184427499771 21.30105686187744
13.636203316 0.024658244103193283 0.006835190579295158 21.37269115447998
13.656437761 0.02373361960053444 0.006212623789906502 21.42043972015381
13.676299306 0.022327666636556387 0.0052838679403066635 21.492056846618652
13.696182801 0.021392708411440253 0.004671566188335419 21.53980541229248
13.716163104 0.019914390868507326 0.0037397537380456924 21.611437797546387
13.736204574 0.018916405972049688 0.0031213462352752686 21.659192085266113
13.756310988 0.017405907856300473 0.002198580652475357 21.730828285217285
13.776290715 0.016368835233151913 0.0015630684792995453 21.778592109680176
13.796202295 0.014830218628048897 0.0006201770156621933 21.850253105163574
13.816174874 0.01380783598870039 -7.135793566703796e-06 21.898043632507324
13.836216875 0.01228597154840827 -0.0009265430271625519 21.96977138519287
13.856638977 0.011287556495517492 -0.0015247780829668045 22.01760196685791
13.876992946 0.009816021658480167 -0.0023865867406129837 22.08935832977295
13.896200505 0.008861422538757324 -0.0029479172080755234 22.13720417022705
13.91619551 0.007430740632116795 -0.0037663020193576813 22.208964347839355
13.936208265 0.006485334597527981 -0.004307987168431282 22.25680637359619
13.956635527 0.005081954412162304 -0.005114752799272537 22.32857036590576
13.977543075 0.004126162268221378 -0.00566638819873333 22.37641429901123
13.997633562 0.0027223192155361176 -0.006476098671555519 22.448182106018066
14.017623471 0.0017975922673940659 -0.007008440792560577 22.4960355758667
14.037756474 0.0004293639212846756 -0.007803464308381081 22.56782817840576
14.058035511 -0.00046042539179325104 -0.008324053138494492 22.615694999694824
14.077794932 -0.001778341829776764 -0.009100891649723053 22.68748188018799
14.097667245 -0.0026583876460790634 -0.009604860097169876 22.735331535339355
14.117633194 -0.003977421671152115 -0.010337978601455688 22.807093620300293
14.137657985 -0.0048938412219285965 -0.010783810168504715 22.8549222946167
14.158130948 -0.0062158312648534775 -0.011430054903030396 22.92668056488037
14.178733543 -0.007133446633815765 -0.011819645762443542 22.974480628967285
14.198697881 -0.008485576137900352 -0.012362316250801086 23.046175956726074
14.218667375 -0.0093903299421072 -0.01268540695309639 23.093953132629395
14.239061687 -0.010287884622812271 -0.012985315173864365 23.141718864440918
14.259190122 -0.01161106862127781 -0.013395220041275024 23.213356971740723
14.278697762 -0.012923846021294594 -0.013741310685873032 23.284932136535645
14.298669719 -0.013773640617728233 -0.013960450887680054 23.33263874053955
14.31866409 -0.015008347108960152 -0.014270950108766556 23.404181480407715
14.338766741 -0.015819160267710686 -0.014474444091320038 23.451842308044434
14.35872425 -0.01697942055761814 -0.014755260199308395 23.523341178894043
14.378699904 -0.017717869952321053 -0.014927227050065994 23.570996284484863
14.398690242 -0.018798893317580223 -0.015133492648601532 23.642483711242676
14.418677569 -0.01948983408510685 -0.015248797833919525 23.690159797668457
14.438776771 -0.02046859823167324 -0.015373587608337402 23.761683464050293
14.458884444 -0.021082429215312004 -0.015435762703418732 23.809372901916504
14.478705023 -0.021966682747006416 -0.015480540692806244 23.880871772766113
14.49866696 -0.022522011771798134 -0.015487395226955414 23.928534507751465
14.518684776 -0.023304162546992302 -0.015467759221792221 24.00002384185791
14.538792985 -0.023787012323737144 -0.01542939618229866 24.047642707824707
14.558747889 -0.024451060220599174 -0.015345238149166107 24.119074821472168
14.578711192 -0.024853134527802467 -0.015265434980392456 24.166680335998535
14.598746335 -0.02538415603339672 -0.015133369714021683 24.238085746765137
14.618701701 -0.025697270408272743 -0.015037257224321365 24.2857027053833
14.63872957 -0.026104705408215523 -0.014836054295301437 24.357123374938965
14.659858582 -0.0263387318700552 -0.01467445120215416 24.404746055603027
14.679754816 -0.026633845642209053 -0.014390792697668076 24.476191520690918
14.699718753 -0.02679143287241459 -0.014178350567817688 24.52382183074951
14.71971347 -0.026971222832798958 -0.013828512281179428 24.595271110534668
14.739885407 -0.02701772190630436 -0.013548348098993301 24.642868995666504
14.760285497 -0.02701970376074314 -0.013104267418384552 24.714280128479004
14.779709965 -0.02695968933403492 -0.012779656797647476 24.76189136505127
14.79974997 -0.026787439361214638 -0.012303922325372696 24.83332920074463
14.819704476 -0.026634087786078453 -0.011988747864961624 24.88097095489502
14.839922572 -0.026309089735150337 -0.011539604514837265 24.95244312286377
14.860146515 -0.02605353854596615 -0.011249057948589325 25.000100135803223
14.879773567 -0.025614885613322258 -0.010827474296092987 25.0715970993042
14.899777704 -0.025276077911257744 -0.010556649416685104 25.119271278381348
14.919731866 -0.02474118210375309 -0.010151069611310959 25.190802574157715
14.939924476 -0.024367982521653175 -0.00988522544503212 25.23849582672119
14.95996408 -0.023786092177033424 -0.009492315351963043 25.310046195983887
14.979730711 -0.023386022076010704 -0.009242337197065353 25.357735633850098
14.999723326 -0.022772783413529396 -0.008862625807523727 25.429268836975098
15.019716486 -0.02235177718102932 -0.008607331663370132 25.476975440979004
15.039875132 -0.021718891337513924 -0.008242860436439514 25.548502922058105
15.059725159 -0.021292435005307198 -0.008002540096640587 25.596190452575684
15.07975861 -0.020650262013077736 -0.007648967206478119 25.66772747039795
15.099712929 -0.020249085500836372 -0.0074125025421381 25.715407371520996
15.119696003 -0.019650539383292198 -0.007042441517114639 25.786932945251465
15.139953952 -0.019265668466687202 -0.006778165698051453 25.83460521697998
15.159724295 -0.018700821325182915 -0.0063541121780872345 25.90611171722412
15.179711821 -0.01832340843975544 -0.006062127649784088 25.9537935256958
15.19967494 -0.01780182681977749 -0.005591368302702904 26.025322914123535
15.219744358 -0.017444031313061714 -0.005277460440993309 26.07302951812744
15.239905341 -0.01698276214301586 -0.0047975871711969376 26.14457416534424
15.260433038 -0.016693023964762688 -0.0044770557433366776 26.192275047302246
15.279736448 -0.016283655539155006 -0.00399414449930191 26.263833045959473
15.299700453 -0.01605221815407276 -0.0036521535366773605 26.31154727935791
15.319698463 -0.01570265181362629 -0.0031264014542102814 26.38316059112549
15.339913608 -0.015478229150176048 -0.002760576084256172 26.43092441558838
15.35977389 -0.015158822759985924 -0.0021570753306150436 26.50260829925537
15.37972454 -0.014947013929486275 -0.0017359349876642227 26.55041790008545
15.399706197 -0.014652794227004051 -0.0010429564863443375 26.622153282165527
15.419690417 -0.014463944360613823 -0.0005762092769145966 26.6699800491333
15.439981123 -0.014192318543791771 0.00013147667050361633 26.74172878265381
15.459743435 -0.01403273455798626 0.0006129052489995956 26.789549827575684
15.479739182 -0.013777850195765495 0.0013295896351337433 26.861300468444824
15.499725178 -0.01362692378461361 0.001824924722313881 26.909096717834473
15.519694329 -0.013401618227362633 0.0025686323642730713 26.980786323547363
15.539896298 -0.013265242800116539 0.0030695591121912003 27.028563499450684
15.559744449 -0.013071229681372643 0.003786737099289894 27.100207328796387
15.579734758 -0.012939361855387688 0.0042515769600868225 27.14794635772705
15.599741389 -0.01275571994483471 0.004933081567287445 27.219359397888184
15.619710221 -0.012649232521653175 0.0053816791623830795 27.266779899597168
15.639793711 -0.012513147667050362 0.0060415491461753845 27.33747386932373
15.659741118 -0.01244724728167057 0.006434602662920952 27.384190559387207
15.679705241 -0.012350575998425484 0.006967293098568916 27.453566551208496
15.699694168 -0.012301947921514511 0.007259678095579147 27.499262809753418
15.719706676 -0.012237638235092163 0.0076318904757499695 27.566859245300293
15.739762834 -0.01219184324145317 0.007852722890675068 27.611271858215332
15.75989126 -0.012104839086532593 0.008142953738570213 27.67673969268799
15.779723567 -0.012034684419631958 0.008317469619214535 27.719637870788574
15.799667215 -0.011875743046402931 0.00850785430520773 27.782654762268066
15.819714251 -0.011743158102035522 0.008602354675531387 27.82381534576416
15.839892667 -0.011505449190735817 0.008697595447301865 27.884257316589355
15.860907207 -0.01130044274032116 0.008713237009942532 27.923537254333496
15.880897068 -0.01097407378256321 0.008704762905836105 27.981181144714355
15.900856668 -0.010736271739006042 0.00866556167602539 28.01866626739502
15.920896146 -0.01035308837890625 0.008588160388171673 28.073491096496582
15.941310591 -0.010086718946695328 0.00852584931999445 28.109192848205566
15.960886586 -0.00966242328286171 0.008391385897994041 28.161213874816895
15.980880862 -0.0093767661601305 0.008284560404717922 28.195006370544434
16.000879434 -0.008941935375332832 0.008100318722426891 28.24438762664795
16.02086015 -0.008645696565508842 0.007960600778460503 28.27644443511963
16.041101267 -0.008191825821995735 0.0077279601246118546 28.32326030731201
16.062221749 -0.007870234549045563 0.007517015561461449 28.35350513458252
16.082263338 -0.007364960387349129 0.00718294084072113 28.397719383239746
16.10217226 -0.007001874968409538 0.006939856335520744 28.426352500915527
16.122187736 -0.006450852379202843 0.006564635783433914 28.468045234680176
16.142292214 -0.006081230938434601 0.006310565397143364 28.495123863220215
16.162243911 -0.005556272342801094 0.005924353376030922 28.534382820129395
16.182226004 -0.005211256444454193 0.005679113790392876 28.55985164642334
16.202202455 -0.004700705409049988 0.005327882245182991 28.59701442718506
16.222191898 -0.004341708496212959 0.005119500681757927 28.620972633361816
16.242368673 -0.0037957224994897842 0.004820132628083229 28.655997276306152
16.262247803 -0.0034233741462230682 0.004638839513063431 28.678662300109863
16.28219851 -0.0028631705790758133 0.004385745152831078 28.711955070495605
16.302213862 -0.002484375610947609 0.004242423921823502 28.73387622833252
16.322211999 -0.0019017606973648071 0.004050023853778839 28.766621589660645
16.342439736 -0.0015418753027915955 0.003931639716029167 28.788460731506348
16.362218789 -0.0011630095541477203 0.0037326347082853317 28.820931434631348
16.382260466 -0.0010926779359579086 0.003593292087316513 28.842495918273926
16.403283947 -0.001397889107465744 0.0033415555953979492 28.874608039855957
16.423330487 -0.0019757263362407684 0.0031159166246652603 28.89576244354248
16.443531899 -0.00289943628013134 0.0028260964900255203 28.916754722595215
16.463351757 -0.0051527321338653564 0.002183763310313225 28.947686195373535
16.483299873 -0.008575886487960815 0.0012344010174274445 28.97792148590088
16.503326112 -0.011548345908522606 0.0004190225154161453 28.997658729553223
16.523364307 -0.01737714745104313 -0.0012526605278253555 29.0264310836792
16.543508509 -0.022003667429089546 -0.0025580134242773056 29.045166969299316
16.563352783 -0.030491093173623085 -0.005115091800689697 29.072258949279785
16.583307605 -0.03712053410708904 -0.007166348397731781 29.089728355407715
16.603341137 -0.04856470040977001 -0.010783154517412186 29.11500072479248
16.623315953 -0.05735885165631771 -0.013685271143913269 29.13109302520752
16.643425592 -0.07207163237035275 -0.018611829727888107 29.154349327087402
16.663355249 -0.08302168361842632 -0.022396624088287354 29.16919231414795
16.683336344 -0.1012153085321188 -0.028870001435279846 29.19041156768799
16.703306515 -0.11440443061292171 -0.03359663486480713 29.204012870788574
16.723332461 -0.13612974248826504 -0.04180096834897995 29.223368644714355
16.743829004 -0.15173075161874294 -0.047809235751628876 29.235724449157715
16.763310431 -0.1767959352582693 -0.05764518678188324 29.25346851348877
16.783325 -0.194766229018569 -0.06503620743751526 29.264695167541504
16.803305966 -0.2230870332568884 -0.0766434594988823 29.281001091003418
16.823307561 -0.24316645227372646 -0.08525727689266205 29.2913236618042
16.843568966 -0.27473134361207485 -0.09901837259531021 29.306239128112793
16.863399961 -0.2968026753515005 -0.10895078629255295 29.315749168395996
16.883344494 -0.3314062114804983 -0.12502621859312057 29.32938861846924
16.90331062 -0.35535249672830105 -0.13639060407876968 29.33817195892334
16.923324932 -0.39280117116868496 -0.15494678169488907 29.350720405578613
16.943526562 -0.4186107274144888 -0.16809869557619095 29.35878849029541
16.96336363 -0.45852348767220974 -0.1890505775809288 29.370476722717285
16.983323364 -0.48602340184152126 -0.20407555252313614 29.37791919708252
17.003353224 -0.5282892342656851 -0.22774239629507065 29.388787269592285
17.023319822 -0.5571825858205557 -0.24443962424993515 29.395779609680176
17.043789036 -0.6015542503446341 -0.2708360180258751 29.405919075012207
17.063364222 -0.6317083593457937 -0.2891961559653282 29.4125337600708
17.083349785 -0.6778161283582449 -0.31800132244825363 29.42220401763916
17.103321217 -0.7090535517781973 -0.337920717895031 29.428540229797363
17.123346398 -0.7567962761968374 -0.36911775916814804 29.43776035308838
17.143527859 -0.7891099210828543 -0.3905961140990257 29.443806648254395
17.163378014 -0.838275408372283 -0.42378558963537216 29.452752113342285
17.183363026 -0.8715674038976431 -0.44658880680799484 29.45861530303955
17.203306013 -0.9221149440854788 -0.48150788992643356 29.467350959777832
17.223423081 -0.9562630411237478 -0.5052638575434685 29.473103523254395
17.243920625 -0.9907626267522573 -0.5293535515666008 29.478806495666504
17.263313872 -1.043138300999999 -0.5660151764750481 29.487298011779785
17.283336869 -1.096343195065856 -0.6032370254397392 29.49563694000244
17.303319224 -1.1322068329900503 -0.6282647773623466 29.501164436340332
17.323333066 -1.186586057767272 -0.6659381911158562 29.50944232940674
17.343623745 -1.2231982108205557 -0.6911594793200493 29.51494312286377
17.363386242 -1.2786608096212149 -0.7290733382105827 29.523144721984863
17.383350388 -1.316023861989379 -0.7543474361300468 29.52858829498291
17.403285178 -1.3726065512746572 -0.7921591326594353 29.536709785461426
17.423308667 -1.4106890317052603 -0.8172761127352715 29.54209613800049
17.444492856 -1.4490566607564688 -0.8422837778925896 29.547459602355957
17.464352874 -1.5071477051824331 -0.8795322105288506 29.555459022521973
17.484413109 -1.5658804532140493 -0.9163702055811882 29.56335163116455
17.504324868 -1.6053971406072378 -0.9406714364886284 29.568551063537598
17.524470945 -1.665210759267211 -0.9766955301165581 29.57629108428955
17.544358152 -1.7054427023977041 -1.0003813430666924 29.581372261047363
17.564320905 -1.7663185950368643 -1.0353882238268852 29.58891773223877
17.584322219 -1.807246958836913 -1.0583366081118584 29.593880653381348
17.60429943 -1.8691313620656729 -1.0922031328082085 29.60122776031494
17.624323768 -1.9106946345418692 -1.1143798753619194 29.60606861114502
17.644548895 -1.9734380599111319 -1.1470216438174248 29.613224983215332
17.664330692 -2.015557324513793 -1.1683900281786919 29.617924690246582
17.684326104 -2.079029595479369 -1.1997979804873466 29.624882698059082
17.704366647 -2.121584450826049 -1.2203329727053642 29.6294527053833
17.724324616 -2.185766017064452 -1.2505325004458427 29.636242866516113
17.744576761 -2.228720223531127 -1.2702091857790947 29.640690803527832
17.764332802 -2.2934933062642813 -1.2991510555148125 29.647282600402832
17.784313732 -2.336841618642211 -1.3180419132113457 29.651646614074707
17.804300859 -2.4020939227193594 -1.3458280488848686 29.65810489654541
17.824339518 -2.4457927104085684 -1.3640156909823418 29.662358283996582
17.844378744 -2.5115251895040274 -1.3907231017947197 29.66867160797119
17.864362713 -2.555575167760253 -1.4082276746630669 29.67282199859619
17.884319895 -2.6216946002095938 -1.43402611464262 29.678959846496582
17.904337602 -2.6659188624471426 -1.4509210512042046 29.68299961090088
17.924339025 -2.732460057362914 -1.4758258983492851 29.68904209136963
17.944476972 -2.776876961812377 -1.4921299144625664 29.693028450012207
17.96432199 -2.8436856623739004 -1.5162184163928032 29.698922157287598
17.984316264 -2.88829449377954 -1.5320073291659355 29.702797889709473
18.004298512 -2.9552836772054434 -1.5553042814135551 29.70851230621338
18.024317571 -3.000033413991332 -1.5706401988863945 29.712273597717285
18.044408323 -3.067138707265258 -1.593247763812542 29.717854499816895
18.064329589 -3.111943757161498 -1.6081031486392021 29.72152805328369
18.084404091 -3.1792333479970694 -1.6301022693514824 29.72704029083252
18.104322991 -3.2240729685872793 -1.6445639058947563 29.730664253234863
18.124334548 -3.291551386937499 -1.666040413081646 29.736042976379395
18.144374202 -3.336477553471923 -1.680201880633831 29.739590644836426
18.164398414 -3.403956448659301 -1.7012751027941704 29.744824409484863
18.184317182 -3.448953902348876 -1.715176336467266 29.74825382232666
18.218387363 -3.5164759512990713 -1.7358291074633598 29.753296852111816
18.249143445 -3.5615573283284903 -1.7494941875338554 29.756600379943848
18.270813337 -3.629098927602172 -1.7698234245181084 29.761452674865723
18.290824091 -3.674171721562743 -1.7832709476351738 29.76463031768799
18.311038831 -3.7418489810079336 -1.803294651210308 29.769326210021973
18.330866165 -3.786919867619872 -1.8165515586733818 29.77241611480713
18.350837572 -3.8546271678060293 -1.8363225385546684 29.77696704864502
18.370825711 -3.8997793551534414 -1.8494243547320366 29.77995777130127
18.390841474 -3.967548644170165 -1.8689962550997734 29.784367561340332
18.411089809 -4.012797391042113 -1.8819891139864922 29.7872896194458
18.430818734 -4.080691849812865 -1.9014291688799858 29.79159641265869
18.450888377 -4.1260156985372305 -1.9143487140536308 29.79443073272705
18.47083835 -4.193984067067504 -1.9337420389056206 29.798630714416504
18.490857679 -4.239344155415893 -1.946635715663433 29.80138874053955
18.510910299 -4.307457005605102 -1.9659269973635674 29.80545139312744
18.53099296 -4.3528409358114 -1.9787974283099174 29.808114051818848
18.550837148 -4.421008622273803 -1.9980559274554253 29.8120698928833
18.570826082 -4.466471707448363 -2.0108733102679253 29.81466770172119
18.590827659 -4.534689938649535 -2.0300323888659477 29.818486213684082
18.610955329 -4.580226456746459 -2.0427668020129204 29.820996284484863
18.630861963 -4.648480927571654 -2.06180190294981 29.824707984924316
18.650827608 -4.69401172362268 -2.0744659826159477 29.827153205871582
18.670801349 -4.762348687276244 -2.0934216901659966 29.830777168273926
18.690847789 -4.807924306020141 -2.1060271188616753 29.83314609527588
18.71089831 -4.876314198598266 -2.1248924657702446 29.836655616760254
18.730863138 -4.921834504231811 -2.1374468728899956 29.83894443511963
18.75087926 -4.990190064534545 -2.1562600061297417 29.842305183410645
18.770852168 -5.035762822255492 -2.168803207576275 29.84450626373291
18.790825602 -5.104135548695922 -2.1876273080706596 29.847786903381348
18.81106748 -5.149770772084594 -2.2001695558428764 29.849961280822754
18.830842284 -5.2181859370321035 -2.219033233821392 29.853211402893066
18.850860548 -5.263831650838256 -2.2316210195422173 29.855366706848145
18.87086601 -5.3323521967977285 -2.250519745051861 29.8585786819458
18.890808172 -5.378013646230102 -2.2631392404437065 29.860730171203613
18.911203628 -5.446583306416869 -2.282059423625469 29.86388874053955
18.930886027 -5.492306744679809 -2.294674389064312 29.865971565246582
18.950854396 -5.560947930440307 -2.313583366572857 29.86906147003174
18.970863744 -5.6066933032125235 -2.326189987361431 29.871094703674316
18.990820088 -5.675294911488891 -2.345110647380352 29.874096870422363
19.011610357 -5.7210688944906 -2.3577220365405083 29.876065254211426
19.030829759 -5.789630925282836 -2.37668227404356 29.87898349761963
19.050830632 -5.835347687825561 -2.389334909617901 29.88089084625244
19.070845485 -5.9039368983358145 -2.4083330556750298 29.88369083404541
19.090840625 -5.9495935793966055 -2.4210302755236626 29.885518074035645
19.110966285 -6.01813749037683 -2.44007658213377 29.888176918029785
19.130856558 -6.063816582784057 -2.4527919217944145 29.88991641998291
19.1508956 -6.132313286885619 -2.4718840047717094 29.89249897003174
19.170850095 -6.178020989522338 -2.4846069738268852 29.89418125152588
19.190835775 -6.246474778279662 -2.503724806010723 29.89663028717041
19.210925407 -6.292203461751342 -2.5164604112505913 29.898247718811035
19.230819164 -6.360713040456176 -2.5355949327349663 29.900609016418457
19.250847035 -6.40640596114099 -2.5483498498797417 29.902165412902832
19.270847602 -6.474976098164916 -2.5674841329455376 29.904473304748535
19.29082353 -6.520638024434447 -2.5802595540881157 29.90599536895752
19.310864329 -6.589211022481322 -2.599425069987774 29.908211708068848
19.330909639 -6.634935414418578 -2.6122245714068413 29.909634590148926
19.350844953 -6.703544652089477 -2.6314508840441704 29.911728858947754
19.37086568 -6.749338185414672 -2.644270174205303 29.913086891174316
19.390822252 -6.818018948659301 -2.663556568324566 29.915074348449707
19.410895297 -6.863833939656615 -2.6764287874102592 29.91636371612549
19.430835363 -6.9325952883809805 -2.695759765803814 29.918240547180176
19.450833782 -6.9783692713826895 -2.7086720392107964 29.919434547424316
19.470883496 -7.047158753499389 -2.7280254289507866 29.921147346496582
19.490928534 -7.09294799529016 -2.740956775844097 29.922234535217285
19.510962617 -7.161692654713988 -2.7603292390704155 29.92379093170166
19.530881743 -7.207517659291625 -2.77322768419981 29.92477512359619
19.550837694 -7.276254689320922 -2.7925348207354546 29.926182746887207
19.5708465 -7.3221216555684805 -2.8053901121020317 29.92708683013916
19.590843266 -7.390886342152953 -2.8246509954333305 29.928349494934082
19.610993661 -7.436773335561156 -2.8374943658709526 29.92912769317627
19.630801756 -7.505668675526977 -2.8567626401782036 29.930230140686035
19.650836745 -7.551622902974486 -2.869637243449688 29.930935859680176
19.670852118 -7.6206493731588125 -2.888959638774395 29.93199634552002
19.69082041 -7.6667156573385 -2.9018652364611626 29.93266773223877
19.710898027 -7.735885178670287 -2.9212763234972954 29.933621406555176
19.730899572 -7.782057797536254 -2.934226505458355 29.934239387512207
19.750851498 -7.851342236623168 -2.9536979123950005 29.935200691223145
19.770880479 -7.89757446013391 -2.9666895791888237 29.935845375061035
19.790850395 -7.96695283614099 -2.9862244054675102 29.93675708770752
19.810948146 -8.013254201039672 -2.9992680475115776 29.937382698059082
19.830858522 -8.082778012380004 -3.018863432109356 29.9382905960083
19.850833927 -8.129179989919066 -3.031939022243023 29.938881874084473
19.870872778 -8.198874508962035 -3.0515329763293266 29.939751625061035
19.890823694 -8.2453928347677 -3.064588062465191 29.940312385559082
19.910910078 -8.315247571095824 -3.084140531718731 29.94115924835205
19.930904956 -8.361872708424926 -3.0971615239977837 29.941716194152832
19.950810412 -8.431883847340941 -3.116649381816387 29.942566871643066
19.970897465 -8.478616749867797 -3.129621498286724 29.94313144683838
19.990877832 -8.548799550160766 -3.149051658809185 29.943955421447754
20.010897219 -8.595619237050414 -3.161988489329815 29.9445161819458
20.030916919 -8.665890729054809 -3.181374542415142 29.945313453674316
20.050880957 -8.712760960683227 -3.194245330989361 29.94579029083252
20.07090707 -8.783130681142211 -3.2135312482714653 29.946484565734863
20.090861725 -8.830083882436156 -3.2263679429888725 29.946907997131348
20.111367698 -8.9006023760885 -3.2455990239977837 29.947529792785645
20.130963025 -8.9476633425802 -3.2584118768572807 29.947930335998535
20.150853666 -9.018346821889281 -3.27756380289793 29.94846820831299
20.170931464 -9.065530812367797 -3.2903187200427055 29.94881534576416
20.1908892 -9.136393582448363 -3.309430830180645 29.94930362701416
20.211047982 -9.18369392119348 -3.3221650049090385 29.94960880279541
20.23109546 -9.254718815907836 -3.3412647172808647 29.95006275177002
20.250895156 -9.302134549245238 -3.3539974614977837 29.95036029815674
20.27092311 -9.373297726735473 -3.37309717386961 29.95083713531494
20.290866978 -9.42076781950891 -3.3858272954821587 29.951138496398926
20.311044524 -9.491992985829711 -3.4049045965075493 29.95158863067627
20.330927352 -9.539493596181273 -3.417617551982403 29.951878547668457
20.350855696 -9.610724484547973 -3.4366311952471733 29.952271461486816
20.37088263 -9.65820792876184 -3.4492897912859917 29.952534675598145
20.390905514 -9.729427373036742 -3.4682547971606255 29.95291233062744
20.410940831 -9.776863133534789 -3.4808494970202446 29.9531831741333
20.4309105 -9.848019635304809 -3.499740354716778 29.953587532043457
20.450865414 -9.895437275990844 -3.512330047786236 29.95384693145752
20.470903557 -9.9665785189718 -3.531202308833599 29.954224586486816
20.490924481 -10.014020001515746 -3.543782465159893 29.954476356506348
20.510968983 -10.08518317900598 -3.562625400722027 29.954800605773926
20.530948082 -10.132642781361938 -3.5751955434679985 29.955037117004395
20.550882304 -10.203820263966918 -3.5940062925219536 29.955349922180176
20.570843976 -10.25128368102014 -3.606533043086529 29.95556354522705
20.590894435 -10.322493588551879 -3.6253049299120903 29.955883979797363
20.610931326 -10.369996106252074 -3.637776367366314 29.956109046936035
20.630975086 -10.441281354054809 -3.656476967036724 29.95646381378174
20.65085351 -10.48883250914514 -3.668925277888775 29.956730842590332
20.670862608 -10.560168301686645 -3.687609426677227 29.957192420959473
20.690810759 -10.607733761891723 -3.7000756189227104 29.95751667022705
20.710958576 -10.67906860075891 -3.7187952920794487 29.95811176300049
20.730938091 -10.726629292592406 -3.7312831804156303 29.958531379699707
20.750834218 -10.797973668202758 -3.750024549663067 29.95922565460205
20.770844408 -10.84553531371057 -3.762516252696514 29.95973300933838
20.790833272 -10.916887318715453 -3.7812707349658012 29.960495948791504
20.81092406 -10.964422261342406 -3.793773405253887 29.961037635803223
20.830879539 -11.035715138539672 -3.8125500604510307 29.961861610412598
20.850827303 -11.083225285634398 -3.825083963572979 29.96241855621338
20.870890662 -11.154472386464477 -3.843901388347149 29.963261604309082
20.890825235 -11.201966321095824 -3.8564569875597954 29.96382999420166
20.910916148 -11.2731609698385 -3.8753456994891167 29.964665412902832
20.930889234 -11.320602452382445 -3.8879837915301323 29.96520709991455
20.950823785 -11.391731297597289 -3.9070055410265923 29.965981483459473
20.970888999 -11.439108883962035 -3.9197442457079887 29.96644687652588
20.9908254 -11.510152852162719 -3.9388670846819878 29.96711826324463
21.01092541 -11.55747607909143 -3.951631061732769 29.967598915100098
21.030896036 -11.628414189442992 -3.9707736894488335 29.96827793121338
21.050915973 -11.675696408376098 -3.983538143336773 29.96873188018799
21.070924706 -11.746563946828246 -4.002684108912945 29.969407081604004
21.09082959 -11.79379371367395 -4.0154538080096245 29.96984577178955
21.110884243 -11.864566838368773 -4.034558765590191 29.970505714416504
21.130907176 -11.911729848012328 -4.047283165156841 29.97091770172119
21.150832902 -11.982441937550902 -4.0663547441363335 29.97153949737549
21.170860485 -12.029558217152953 -4.07900857180357 29.971936225891113
21.190838562 -12.100222622975707 -4.097979061305523 29.97253131866455
21.210918629 -12.147304570302367 -4.110602371394634 29.972928047180176
21.230838363 -12.217895543202758 -4.129524700343609 29.97352695465088
21.250842561 -12.264949833974242 -4.142142288386822 29.97392749786377
21.270855283 -12.335466420277953 -4.161035053431988 29.974522590637207
21.290826952 -12.38247493468225 -4.173623077571392 29.974907875061035
21.310949176 -12.452984845265746 -4.192494861781597 29.97548770904541
21.330909282 -12.499979054555297 -4.2050690576434135 29.975865364074707
21.350854398 -12.57045272551477 -4.223918907344341 29.976468086242676
21.370889073 -12.617394482716918 -4.2364606782794 29.976880073547363
21.390846271 -12.68779662810266 -4.255282871425152 29.977490425109863
21.410851877 -12.734707867726684 -4.267828933894634 29.977890968322754
21.430849381 -12.805066144093871 -4.286653511226177 29.97848606109619
21.450845056 -12.851974522694945 -4.2992110177874565 29.978890419006348
21.47085517 -12.922329938039184 -4.318058960139751 29.979504585266113
21.490895707 -12.969244992360473 -4.330631248652935 29.97990131378174
21.510827512 -13.039634739980102 -4.349500648677349 29.980515480041504
21.531083251 -13.086570775136352 -4.362058632075787 29.98091220855713
21.550861874 -13.15698722563684 -4.380901329219341 29.98152256011963
21.570893072 -13.203935658559203 -4.393456928431988 29.98191547393799
21.590843483 -13.274375950917602 -4.41228961199522 29.982483863830566
21.610843201 -13.321351086720824 -4.42482852190733 29.982914924621582
21.630881598 -13.391839062795043 -4.443644516170025 29.983525276184082
21.650847567 -13.438842808827758 -4.45619773119688 29.983914375305176
21.670876459 -13.509384190663695 -4.475063793361187 29.984436988830566
21.690835917 -13.556430852040648 -4.487669937312603 29.98475742340088
21.710811262 -13.627024685963988 -4.50662087649107 29.98525333404541
21.730984556 -13.674121892079711 -4.519275180995464 29.985527992248535
21.750843872 -13.744780575856566 -4.538270942866802 29.98593235015869
21.770850734 -13.7918959017843 -4.550942413508892 29.98617649078369
21.790838868 -13.862598454579711 -4.569957248866558 29.986538887023926
21.810836825 -13.909743344411254 -4.582644455134869 29.986828804016113
21.831096455 -13.980496441945434 -4.601677410304546 29.9872407913208
21.850843774 -14.02766708098352 -4.614380352199078 29.987534523010254
21.870835633 -14.098410641774535 -4.633441440761089 29.988022804260254
21.890863282 -14.145575558766723 -4.646141521632671 29.9883394241333
21.910822022 -14.216325795277953 -4.665181152522564 29.988770484924316
21.930920026 -14.263492619618773 -4.677830688655376 29.98904514312744
21.950856356 -14.334268605336547 -4.6967940255999565 29.989434242248535
21.970857293 -14.381486928090453 -4.709407798945904 29.989659309387207
21.990858646 -14.452380215749145 -4.728308193385601 29.989968299865723
22.010825899 -14.499661481007934 -4.740910522639751 29.99014377593994
22.030825926 -14.570663487538695 -4.759748928248882 29.99034595489502
22.05089059 -14.618032490834594 -4.7722849771380424 29.990498542785645
22.070825724 -14.689132725819945 -4.791057102382183 29.990757942199707
22.090898719 -14.736559903249145 -4.803505413234234 29.990941047668457
22.1109231 -14.807692563161254 -4.822214595973492 29.991291999816895
22.131026355 -14.855126416310668 -4.834630481898785 29.991524696350098
22.15085447 -14.926277196034789 -4.853256694972515 29.991890907287598
22.170807909 -14.973720585927367 -4.86565350741148 29.992131233215332
22.190841805 -15.044898068532348 -4.88424538820982 29.992478370666504
22.210814587 -15.092349087819457 -4.896651737391949 29.99277973175049
22.230896134 -15.16354469023645 -4.91522740572691 29.993191719055176
22.250890359 -15.211006199941039 -4.9276266023516655 29.993470191955566
22.270826904 -15.28219131194055 -4.9462470933794975 29.993901252746582
22.290854099 -15.329687153920531 -4.958663456141949 29.99416446685791
22.310847 -15.400922810658813 -4.977301590144634 29.994500160217285
22.331062098 -15.448414837941527 -4.98971938341856 29.994698524475098
22.350845599 -15.519680058583617 -5.008332245051861 29.99501895904541
22.370798192 -15.567187344655395 -5.02074908465147 29.99523639678955
22.390851329 -15.638448750600219 -5.0393443033099174 29.995556831359863
22.41079909 -15.6859445925802 -5.051745884120464 29.995762825012207
22.430924448 -15.757191693410277 -5.0703034326434135 29.99605655670166
22.450895566 -15.804688489064574 -5.082687370479107 29.996251106262207
22.470812102 -15.87593082152307 -5.101281635463238 29.99654483795166
22.490892387 -15.923449551686645 -5.113702289760113 29.996731758117676
22.510830623 -15.994719540700316 -5.132381431758404 29.997056007385254
22.530966141 -16.042243039235473 -5.144869796931744 29.997262001037598
22.550842127 -16.11353019438684 -5.163658611476421 29.99758243560791
22.570801807 -16.1610422488302 -5.176214210689068 29.99779224395752
22.590872463 -16.232354199513793 -5.195145599544048 29.998101234436035
22.610841573 -16.27989104948938 -5.207798950374126 29.998311042785645
22.630909859 -16.351189648732543 -5.22682236880064 29.99861240386963
22.650850305 -16.398715054616332 -5.239533416926861 29.99881076812744
22.670838506 -16.469994580373168 -5.258641712367535 29.99910068511963
22.690839758 -16.51753524504602 -5.271437160670757 29.999295234680176
22.710800031 -16.588835751637816 -5.290660373866558 29.999547004699707
22.73107428 -16.6363840457052 -5.303499214351177 29.99971103668213
22.750872969 -16.707739865407348 -5.322797767817974 29.99996280670166
22.770801063 -16.755305325612426 -5.335682384669781 30.000126838684082
22.790853699 -16.826714551076293 -5.355076782405376 30.00032901763916
22.810834717 -16.874337231740355 -5.368031017482281 30.000439643859863
22.830885666 -16.94579223357141 -5.387494556605816 30.00060749053955
22.850855618 -16.993493115529418 -5.400515548884869 30.000744819641113
22.870826013 -17.065037762746215 -5.420072548091412 30.000977516174316
22.890890855 -17.112759625539184 -5.433139316737652 30.00113010406494
22.91082133 -17.18430999480188 -5.452756397426128 30.001404762268066
22.93097689 -17.232003247365355 -5.465850822627544 30.001591682434082
22.950872965 -17.30355933867395 -5.485522262752056 30.0018892288208
22.970837405 -17.35124877654016 -5.498647205531597 30.00209140777588
22.990874713 -17.42284301482141 -5.518405430018902 30.002408027648926
23.010821237 -17.470574414357543 -5.531605713069439 30.002697944641113
23.030949253 -17.542170559987426 -5.551446907222271 30.003132820129395
23.050917095 -17.58995155058801 -5.564719669520855 30.00344944000244
23.070927614 -17.661603009328246 -5.584654323756695 30.00392246246338
23.090834158 -17.709383999928832 -5.597977630794048 30.004250526428223
23.110838303 -17.78106597624719 -5.618035309016705 30.00480365753174
23.131017579 -17.82883552275598 -5.631431095302105 30.005166053771973
23.150886214 -17.900527035817504 -5.65164040774107 30.005703926086426
23.170795331 -17.948279416188598 -5.665107719600201 30.006043434143066
23.190837733 -18.019845044240355 -5.685388080775738 30.00656223297119
23.210815788 -18.067524945363402 -5.6989231035113335 30.006966590881348
23.230978155 -18.138999020680785 -5.719246380031109 30.007576942443848
23.250883509 -18.186614071950316 -5.732837192714214 30.008015632629395
23.270800653 -18.257990872487426 -5.753239147365093 30.008675575256348
23.290854221 -18.305550610646605 -5.766868583858013 30.00912570953369
23.310824337 -18.376868283376098 -5.78735589236021 30.009827613830566
23.33097793 -18.42438796721399 -5.801022998988628 30.01027774810791
23.350860547 -18.495694195851684 -5.821570388972759 30.01094913482666
23.370810057 -18.543234860524535 -5.8352827951312065 30.011380195617676
23.390849479 -18.614542996510863 -5.855871193110943 30.012001991271973
23.410800311 -18.662116086110473 -5.869658939540386 30.01241397857666
23.431042551 -18.733422314748168 -5.890315048396587 30.01298999786377
23.45085688 -18.780959164723754 -5.904126159846783 30.013375282287598
23.470811308 -18.852223431691527 -5.924839965999126 30.013928413391113
23.490920178 -18.899720227345824 -5.938664428889751 30.01427936553955
23.51083457 -18.970950162038207 -5.959414474666119 30.01484775543213
23.531130046 -19.01841071806848 -5.973241798579693 30.015202522277832
23.550851637 -19.08967879973352 -5.994016639888287 30.015721321105957
23.570893821 -19.137209927663207 -6.007870189845562 30.01604175567627
23.590847326 -19.208529507741332 -6.028654091060162 30.016472816467285
23.610825924 -19.256140744313598 -6.042518608272076 30.01674747467041
23.630931174 -19.327538525685668 -6.063289634883404 30.017109870910645
23.650864845 -19.3751535769552 -6.077125541865826 30.017319679260254
23.670830166 -19.446574246510863 -6.097864620387554 30.01759433746338
23.690893654 -19.494162594899535 -6.111677162349224 30.017754554748535
23.710832135 -19.565518414601684 -6.132401458919048 30.01797580718994
23.730972042 -19.613060986623168 -6.146210663020611 30.01810932159424
23.750867025 -19.684348141774535 -6.16695498675108 30.018288612365723
23.770821837 -19.731854474171996 -6.180779449641705 30.018399238586426
23.790855454 -19.80308440886438 -6.201510898768902 30.018548011779785
23.810818488 -19.85057166777551 -6.215332977473736 30.01866626739502
23.830977117 -19.921767270192504 -6.236040584743023 30.01883029937744
23.850892052 -19.96922401152551 -6.24983262270689 30.018940925598145
23.870850021 -20.040406262502074 -6.270453445613384 30.019116401672363
23.890863766 -20.08784202300012 -6.284171096980572 30.019227027893066
23.910832918 -20.158955609425902 -6.3046688959002495 30.01936435699463
23.931150117 -20.206336056813598 -6.318302147090435 30.019448280334473
23.950864722 -20.27735618315637 -6.3387031480669975 30.019570350646973
23.970884725 -20.324673688039184 -6.35226821154356 30.01965045928955
23.990847275 -20.39560798369348 -6.372564308345318 30.019761085510254
24.010847199 -20.442860638722777 -6.386047355830669 30.019829750061035
24.030949716 -20.5137033816427 -6.406232349574566 30.019909858703613
24.050853806 -20.560915982350707 -6.419642440974712 30.019951820373535
24.070883905 -20.63171867094934 -6.439695350825787 30.020005226135254
24.090848787 -20.67889884673059 -6.4530429765582085 30.020039558410645
24.110967127 -20.74963859282434 -6.4729804918169975 30.02012348175049
24.130976649 -20.796788251027465 -6.486262790858746 30.020176887512207
24.15089245 -20.86749175749719 -6.506172649562359 30.02027988433838
24.17081679 -20.914668118581176 -6.519384853541851 30.02035617828369
24.19085475 -20.98544410429895 -6.539181225001812 30.02046298980713
24.210830664 -21.032675778493285 -6.5523543283343315 30.020543098449707
24.230959586 -21.103503262624145 -6.57209824770689 30.020657539367676
24.250921608 -21.150736844167113 -6.585239879786968 30.020745277404785
24.270855184 -21.221634900197387 -6.604907505214214 30.020874977111816
24.290862351 -21.268897091969848 -6.618009559810162 30.02095127105713
24.3108987 -21.33991721831262 -6.637598983943462 30.021096229553223
24.331000852 -21.387274777516723 -6.650650016963482 30.021172523498535
24.350901296 -21.458329236134887 -6.670216076076031 30.021245002746582
24.370846135 -21.50574783049524 -6.683227531611919 30.021252632141113
24.390859881 -21.576857602223754 -6.702758304774761 30.021245002746582
24.410836535 -21.624283825978637 -6.715787403285503 30.021225929260254
24.430971403 -21.695450818166137 -6.7353300973773 30.0211763381958
24.450882918 -21.742882763966918 -6.74836253374815 30.021153450012207
24.470837055 -21.814093625172973 -6.767911426723003 30.021096229553223
24.49092811 -21.861527478322387 -6.780955784022808 30.0210542678833
24.510821973 -21.93272498808801 -6.800554744899273 30.020920753479004
24.530930162 -21.98018172942102 -6.81363295763731 30.02080249786377
24.550859414 -22.05135635100305 -6.833271972835064 30.02061939239502
24.570900514 -22.098835980519652 -6.846385471522808 30.020447731018066
24.590889895 -22.17002204619348 -6.866072170436382 30.02017307281494
24.610823211 -22.21748069487512 -6.879210464656353 30.019967079162598
24.630910751 -22.28868201933801 -6.898934356868267 30.019627571105957
24.65089335 -22.336127316579223 -6.912094585597515 30.01940631866455
24.670847604 -22.40731338225305 -6.931848518550396 30.019021034240723
24.6909149 -22.454741513356566 -6.945033542811871 30.018757820129395
24.710831577 -22.525845563039184 -6.964833252131939 30.01841449737549
24.730891211 -22.573237454518676 -6.978049270808697 30.01815891265869
24.750922644 -22.644259488210082 -6.997888080775738 30.017830848693848
24.770837755 -22.691561734303832 -7.011135570704937 30.017590522766113
24.79087404 -22.76245597563684 -7.031035892665386 30.01722812652588
24.810832793 -22.809685742482543 -7.0443305894732475 30.01699924468994
24.830860434 -22.88049796782434 -7.064294807612896 30.016613960266113
24.850944681 -22.92767242155969 -7.0776152536273 30.016358375549316
24.870832142 -22.998429333791137 -7.097673885524273 30.0159273147583
24.890901703 -23.04558471404016 -7.111082546412945 30.01564884185791
24.910826718 -23.116299664601684 -7.13124655932188 30.015328407287598
24.93098506 -23.16344932280481 -7.14473008364439 30.015114784240723
24.950947681 -23.23412994109094 -7.164962284266949 30.01484775543213
24.970901422 -23.281231915578246 -7.178461544215679 30.014687538146973
24.990890529 -23.351857220754027 -7.1987214013934135 30.014451026916504
25.010840199 -23.398913418874145 -7.212230198085308 30.014309883117676
25.030854684 -23.469435727223754 -7.23250674456358 30.014084815979004
25.050801407 -23.516413724049926 -7.246028415858746 30.013962745666504
25.070861156 -23.586829220876098 -7.2663059160113335 30.013802528381348
25.090894921 -23.63373855315149 -7.279830925166607 30.01370334625244
25.110889661 -23.704060589894652 -7.3001265451312065 30.0136079788208
25.130858456 -23.75092796050012 -7.31365155428648 30.013554573059082
25.150942696 -23.8211927767843 -7.333934299647808 30.013489723205566
25.17083792 -23.868018185719848 -7.3474521562457085 30.01345920562744
25.190890511 -23.93824294768274 -7.36774729937315 30.013428688049316
25.210846096 -23.98503783904016 -7.381280414760113 30.01347064971924
25.230843434 -24.055209195241332 -7.401558391749859 30.013558387756348
25.250970264 -24.10198882780969 -7.415069572627544 30.01365375518799
25.27083248 -24.172154461964965 -7.435322754085064 30.01383686065674
25.290898044 -24.21891692839563 -7.44880723208189 30.013985633850098
25.310844315 -24.289034878835082 -7.469009391963482 30.014302253723145
25.330831187 -24.33580115996301 -7.482454292476177 30.014546394348145
25.35112303 -24.40594199858606 -7.502602092921734 30.014939308166504
25.370910197 -24.452721631154418 -7.516006462275982 30.01521396636963
25.390880864 -24.52294639311731 -7.536097995936871 30.01562213897705
25.410840051 -24.569766080006957 -7.549487583339214 30.015938758850098
25.430829939 -24.64007285796106 -7.56953477114439 30.016427040100098
25.451097208 -24.686951672658324 -7.582892410457134 30.01676654815674
25.470837837 -24.757283246144652 -7.6029195711016655 30.017300605773926
25.490952166 -24.80419830046594 -7.6162886545062065 30.017678260803223
25.510907381 -24.874547040089965 -7.6363434717059135 30.018315315246582
25.530799098 -24.92144683562219 -7.649717323482037 30.018746376037598
25.550958878 -24.99176505766809 -7.669764511287212 30.019417762756348
25.570845482 -25.038624798879027 -7.68311070650816 30.01988697052002
25.590892247 -25.10888389311731 -7.703101150691509 30.020562171936035
25.610901075 -25.155701672658324 -7.7164215967059135 30.02101230621338
25.630815577 -25.225932156667113 -7.736363403499126 30.021668434143066
25.650898111 -25.272742306813598 -7.749653808772564 30.022095680236816
25.67084258 -25.342946087941527 -7.76958417147398 30.022713661193848
25.69085432 -25.389784848317504 -7.782878868281841 30.02312183380127
25.710823893 -25.46001914702356 -7.8028330728411674 30.023762702941895
25.730820326 -25.506836926564574 -7.816146366298199 30.024174690246582
25.751247389 -25.57706550322473 -7.836131565272808 30.024758338928223
25.77090365 -25.623868023976684 -7.849460117518902 30.025120735168457
25.79084832 -25.694115674123168 -7.8694672510027885 30.025639533996582
25.810842289 -25.74091819487512 -7.882810108363628 30.025952339172363
25.830848293 -25.81112769804895 -7.902852050960064 30.026406288146973
25.850904095 -25.857926404103637 -7.916205398738384 30.026692390441895
25.870890566 -25.92811301909387 -7.936222545802593 30.027100563049316
25.890859713 -25.97494033537805 -7.949563018977642 30.027352333068848
25.91085971 -26.04516318999231 -7.96957778185606 30.027676582336426
25.930920251 -26.091988598927855 -7.982926361262798 30.027852058410645
25.95109154 -26.16223052702844 -8.002959243953228 30.028080940246582
25.97095536 -26.20904258452356 -8.016318313777447 30.028210639953613
25.99087837 -26.279299771413207 -8.036332122981548 30.028332710266113
26.010875376 -26.326125180348754 -8.049659721553326 30.0283784866333
26.03079271 -26.39635375700891 -8.069631569087505 30.028393745422363
26.050819103 -26.443196332082152 -8.082887642085552 30.02834415435791
26.0708518 -26.51341346465051 -8.102775566279888 30.0282564163208
26.090891138 -26.560242688283324 -8.11595057696104 30.028141975402832
26.110855147 -26.630454098805785 -8.135687820613384 30.02795124053955
26.13086358 -26.67725089751184 -8.148806564509869 30.027810096740723
26.15095791 -26.747397458180785 -8.168422691524029 30.027607917785645
26.170848906 -26.794137036427855 -8.18148898333311 30.027474403381348
26.190866697 -26.86420158110559 -8.201017372310162 30.027222633361816
26.210831464 -26.910889660939574 -8.214030258357525 30.026986122131348
26.230787323 -26.980891263112426 -8.233543388545513 30.02662754058838
26.251100084 -27.027514493092895 -8.246509544551373 30.026368141174316
26.270885964 -27.097413098439574 -8.265947334468365 30.02598285675049
26.290844908 -27.143988644704223 -8.2788772508502 30.025734901428223
26.310875528 -27.21381858550012 -8.298211090266705 30.025444984436035
26.330829648 -27.260350262746215 -8.311089508235455 30.025261878967285
26.35098112 -27.330071484670043 -8.330368034541607 30.024975776672363
26.370889697 -27.376515423879027 -8.343220703303814 30.024781227111816
26.390846673 -27.44613746367395 -8.362442009150982 30.024483680725098
26.410855111 -27.492548977956176 -8.375246994197369 30.024331092834473
26.430775456 -27.562157666310668 -8.394442550837994 30.0241060256958
26.451050709 -27.60858062468469 -8.4071731492877 30.024014472961426
26.47084913 -27.678195035085082 -8.426275245845318 30.02392292022705
26.490890307 -27.724602734670043 -8.438993446528912 30.023877143859863
26.510849064 -27.794217145070434 -8.458045952022076 30.0238618850708
26.530824488 -27.840619122609496 -8.470753662288189 30.023865699768066
26.550997385 -27.910254513844848 -8.48975371569395 30.023953437805176
26.570831253 -27.956679379567504 -8.502419464290142 30.02402973175049
26.590864137 -28.026322400197387 -8.521419517695904 30.02415943145752
26.610861434 -28.072733914479613 -8.534084312617779 30.024235725402832
26.630801943 -28.14232543669641 -8.553078643977642 30.024357795715332
26.650926575 -28.188748395070434 -8.565737716853619 30.024479866027832
26.670847138 -28.258391415700316 -8.584747307002544 30.02467441558838
26.690858338 -28.3048410769552 -8.597416870296001 30.024834632873535
26.710847418 -28.374566113576293 -8.616411201655865 30.025097846984863
26.730813475 -28.42105964384973 -8.629087440669537 30.025269508361816
26.750890678 -28.49088958464563 -8.648109428584576 30.02550983428955
26.770851869 -28.537463223561645 -8.66079806536436 30.025639533996582
26.790894558 -28.60735801421106 -8.679844848811626 30.0258150100708
26.810853774 -28.65403083525598 -8.692535392940044 30.025918006896973
26.83078532 -28.72404578886926 -8.711600296199322 30.026047706604004
26.850942747 -28.770758664235473 -8.72431468218565 30.026108741760254
26.870861105 -28.840828930959105 -8.743414871394634 30.02617359161377
26.890838693 -28.88756469450891 -8.756155960261822 30.026196479797363
26.91084027 -28.95768645964563 -8.775249473750591 30.02622699737549
26.930848956 -29.004429852589965 -8.787990562617779 30.026230812072754
26.950918889 -29.074585950002074 -8.807047836482525 30.026249885559082
26.970880184 -29.121344601735473 -8.819747917354107 30.02626132965088
26.990839931 -29.191468274220824 -8.838791839778423 30.026257514953613
27.010852998 -29.238207852467895 -8.851470939815044 30.026238441467285
27.03081829 -29.308281933888793 -8.870519630610943 30.02620792388916
27.050934695 -29.35497955046594 -8.88322352617979 30.026204109191895
27.070878404 -29.424963986501098 -8.902271263301373 30.02621555328369
27.09085568 -29.4715891238302 -8.914983741939068 30.02621555328369
27.110855746 -29.541499173268676 -8.934047691524029 30.026246070861816
27.130842443 -29.58808425627649 -8.946792595088482 30.026253700256348
27.151348995 -29.65788177214563 -8.965914718806744 30.026291847229004
27.170920053 -29.704379117116332 -8.978672973811626 30.026307106018066
27.190847727 -29.774067914113402 -8.99782370775938 30.026307106018066
27.210839699 -29.82049277983606 -9.010572426021099 30.026280403137207
27.230796071 -29.890097653493285 -9.029730789363384 30.02624225616455
27.251029362 -29.93647292815149 -9.042515747249126 30.026223182678223
27.270849766 -30.005984341725707 -9.061729423701763 30.026177406311035
27.290835719 -30.05230430327356 -9.074566833674908 30.026143074035645
27.310836947 -30.12177566252649 -9.093831054866314 30.0260591506958
27.330832251 -30.168070828542113 -9.106680862605572 30.025979042053223
27.35094527 -30.237490689381957 -9.125967018306255 30.02584934234619
27.37084595 -30.283774411305785 -9.138840667903423 30.025723457336426
27.39085829 -30.3531809207052 -9.158193580806255 30.02552890777588
27.410886398 -30.399422680959105 -9.171099655330181 30.025364875793457
27.430773696 -30.468771969899535 -9.190499298274517 30.025113105773926
27.450950173 -30.51499274931848 -9.20345401018858 30.024937629699707
27.470844955 -30.58428863249719 -9.222911827266216 30.02467441558838
27.490887277 -30.630467450246215 -9.235904686152935 30.024502754211426
27.51084699 -30.699702298268676 -9.255430214107037 30.024292945861816
27.530830869 -30.74584106169641 -9.268452636897564 30.024144172668457
27.550913462 -30.815022503957152 -9.287996284663677 30.023926734924316
27.570830588 -30.86113647185266 -9.301020614802837 30.02376651763916
27.590815221 -30.930279767140746 -9.320586197078228 30.02352237701416
27.610839954 -30.976347958669066 -9.333644859492779 30.023388862609863
27.630794975 -31.045392071828246 -9.353264801204205 30.02316379547119
27.651221126 -31.09140113554895 -9.366365425288677 30.023015022277832
27.670914469 -31.160334622487426 -9.386063568294048 30.022793769836426
27.690836269 -31.20626357756555 -9.399221412837505 30.022644996643066
27.710861838 -31.2750559207052 -9.41900634020567 30.022408485412598
27.73084518 -31.32087424956262 -9.432218544185162 30.02224826812744
27.750934488 -31.389546429738402 -9.452067367732525 30.022046089172363
27.770855671 -31.43527320586145 -9.465322487056255 30.021904945373535
27.790823571 -31.50385764800012 -9.485232345759869 30.021695137023926
27.810863928 -31.549569165334105 -9.498527519404888 30.021546363830566
27.830829392 -31.618130719289184 -9.518463127315044 30.02133274078369
27.85092648 -31.663842236623168 -9.53175925463438 30.02119541168213
27.870911736 -31.732462918385863 -9.551671020686626 30.020981788635254
27.890836497 -31.778225934132934 -9.564949981868267 30.02084445953369
27.910846644 -31.846896206960082 -9.584874145686626 30.020695686340332
27.930824278 -31.892687832936645 -9.598164550960064 30.020607948303223
27.950939668 -31.96139053069055 -9.618109695613384 30.02050495147705
27.970919661 -32.007210766896605 -9.631415359675884 30.020459175109863
27.990859399 -32.0759477969259 -9.651391975581646 30.020413398742676
28.010854926 -32.12178138457239 -9.664724342525005 30.02041721343994
28.030864862 -32.19054893217981 -9.684755317866802 30.020440101623535
28.050955944 -32.23640540800989 -9.698121063411236 30.020455360412598
28.0709443 -32.305211102589965 -9.718255989253521 30.020482063293457
28.090843803 -32.351109540089965 -9.731684677302837 30.020501136779785
28.110958579 -32.41998771391809 -9.751832954585552 30.020573616027832
28.1308388 -32.46598151884973 -9.765313141047955 30.020638465881348
28.151186013 -32.53500465117395 -9.785547249019146 30.020745277404785
28.170885447 -32.58105949126184 -9.799052231013775 30.020813941955566
28.190827895 -32.65015891753137 -9.819321624934673 30.020913124084473
28.210879108 -32.69624808989465 -9.832847587764263 30.020962715148926
28.230771663 -32.76539710722864 -9.853142730891705 30.02101993560791
28.250961906 -32.81150153838098 -9.86667536944151 30.021065711975098
28.270968362 -32.88068870268762 -9.887001030147076 30.021126747131348
28.290831012 -32.92681220732629 -9.900562278926373 30.02114963531494
28.310886121 -32.99598411284387 -9.920917503535748 30.021157264709473
28.330795815 -33.04209998808801 -9.934505455195904 30.021126747131348
28.350993288 -33.11127952300012 -9.954890243709087 30.02104663848877
28.370933598 -33.15741447173059 -9.968484871089458 30.02098560333252
28.39084668 -33.226651227101684 -9.988900177180767 30.020878791809082
28.410839244 -33.27282050810754 -10.002516739070415 30.020791053771973
28.430781382 -33.34213355742395 -10.022964470088482 30.020649909973145
28.450916139 -33.38832954131067 -10.03659438341856 30.020569801330566
28.47094066 -33.457669293507934 -10.057044975459576 30.02047061920166
28.490862787 -33.50391105376184 -10.070673935115337 30.02040958404541
28.510882272 -33.57329276762903 -10.091108314692974 30.02037525177002
28.530835082 -33.619576489552855 -10.10470961779356 30.02034854888916
28.550965713 -33.689000165089965 -10.125109665095806 30.020318031311035
28.571128941 -33.735291516408324 -10.138705246150494 30.020302772521973
28.590831893 -33.80473808012903 -10.159090034663677 30.020283699035645
28.610893509 -33.85103324614465 -10.172677986323833 30.020249366760254
28.630795767 -33.920514142140746 -10.1930618211627 30.020211219787598
28.650985438 -33.966832196339965 -10.206642143428326 30.020169258117676
28.670920608 -34.03629401884973 -10.227002136409283 30.020081520080566
28.690892218 -34.08261207304895 -10.240582458674908 30.020020484924316
28.710885888 -34.15206245146692 -10.260952942073345 30.0199556350708
28.730857003 -34.198346173390746 -10.274515144526958 30.01991367340088
28.750935437 -34.267743146046996 -10.294852249324322 30.01981830596924
28.770922601 -34.31398872099817 -10.308402054011822 30.01973819732666
28.790834182 -34.38332465849817 -10.328717224299908 30.019619941711426
28.810846193 -34.429532086476684 -10.34225844591856 30.01952838897705
28.830799978 -34.49882987700403 -10.362591736018658 30.01936435699463
28.850889538 -34.54501441679895 -10.376151077449322 30.01924228668213
28.870938583 -34.614266430959105 -10.396492950618267 30.019043922424316
28.890830791 -34.66044715605676 -10.410054199397564 30.01890277862549
28.910835797 -34.72970679961145 -10.430405609309673 30.018773078918457
28.930825863 -34.775887524709105 -10.443983070552349 30.018685340881348
28.95086485 -34.84517387114465 -10.464372627437115 30.01859760284424
28.970974202 -34.891358410939574 -10.4779739305377 30.018559455871582
28.9908318 -34.96063712798059 -10.498388282954693 30.018521308898926
29.010873649 -35.00681403838098 -10.512001983821392 30.018528938293457
29.030821582 -35.07611564360559 -10.532419197261333 30.018563270568848
29.050863861 -35.12232688628137 -10.546036712825298 30.01859760284424
29.070920494 -35.19164756499231 -10.566469185054302 30.018670082092285
29.090827193 -35.23790076933801 -10.580117218196392 30.01871967315674
29.11088468 -35.307278668507934 -10.6005964204669 30.01883029937744
29.130838824 -35.353550946339965 -10.614262573421001 30.01890277862549
29.150941716 -35.42298988066614 -10.634772293269634 30.019036293029785
29.170944161 -35.46928886137903 -10.648446075618267 30.019131660461426
29.190830414 -35.53879646025598 -10.66901683062315 30.01924991607666
29.210965361 -35.58512977324426 -10.682734481990337 30.01931858062744
29.230783848 -35.65462592802942 -10.703314773738384 30.01939868927002
29.250865472 -35.70094016753137 -10.717035286128521 30.019463539123535
29.270872125 -35.77037528716028 -10.737615577876568 30.01958179473877
29.290843166 -35.81666663847864 -10.751346580684185 30.019658088684082
29.310913278 -35.88608649931848 -10.771951667964458 30.01982593536377
29.330840823 -35.93236259184778 -10.785710327327251 30.0199556350708
29.350882819 -36.00176719389856 -10.806373588740826 30.020150184631348
29.370944721 -36.04803184233606 -10.820148460566998 30.02027988433838
29.390873424 -36.11744788847864 -10.840831749141216 30.020493507385254
29.410890096 -36.16374305449426 -10.85461425036192 30.02066135406494
29.430781359 -36.23320106230676 -10.875280372798443 30.020913124084473
29.450832373 -36.279542004689574 -10.889062874019146 30.021122932434082
29.471043719 -36.349034344777465 -10.909734718501568 30.021450996398926
29.490881618 -36.39536384306848 -10.923528663814068 30.021676063537598
29.510930465 -36.46482948027551 -10.944208137691021 30.022068977355957
29.530841437 -36.5111284609884 -10.957993499934673 30.02232837677002
29.550813044 -36.580567395314574 -10.97865866869688 30.02270221710205
29.570927497 -36.62684730254114 -10.992424003779888 30.022942543029785
29.590828375 -36.69622520171106 -11.013056747615337 30.023308753967285
29.61088732 -36.7424631472677 -11.026803009212017 30.023510932922363
29.63078699 -36.81179145537317 -11.047409050166607 30.023804664611816
29.650887248 -36.858006512746215 -11.06115721911192 30.024006843566895
29.671063576 -36.92731193266809 -11.081759445369244 30.024304389953613
29.6908407 -36.97350410185754 -11.095478050410748 30.024502754211426
29.710894256 -37.0427561160177 -11.116044990718365 30.024800300598145
29.730872698 -37.08890632353723 -11.129748336970806 30.024991035461426
29.750882889 -37.158082043752074 -11.150291435420513 30.0253267288208
29.770996305 -37.20418266020715 -11.163979522883892 30.02554416656494
29.790873572 -37.2732134219259 -11.184475891292095 30.025856971740723
29.810840794 -37.319188153371215 -11.19811724871397 30.026070594787598
29.830789509 -37.38808540068567 -11.218544952571392 30.026368141174316
29.85082027 -37.43396476469934 -11.232138626277447 30.026551246643066
29.870944684 -37.50275901518762 -11.252513878047466 30.026787757873535
29.890848579 -37.548592602834105 -11.266075126826763 30.026925086975098
29.910853855 -37.617337262257934 -11.286393158137798 30.027119636535645
29.930862346 -37.663155591115355 -11.299930565059185 30.027241706848145
29.950863732 -37.73191932402551 -11.320202820003033 30.02739429473877
29.97096862 -37.77776054106653 -11.333714477717876 30.027470588684082
29.99086548 -37.846531903371215 -11.35398005694151 30.02756977081299
30.010865194 -37.892396008595824 -11.36749266833067 30.0276460647583
30.030782255 -37.96117881499231 -11.387764923274517 30.02774143218994
30.050889466 -38.007027661427855 -11.401260368525982 30.027810096740723
30.070929037 -38.075787579640746 -11.421510688960552 30.027913093566895
30.090850799 -38.12162116728723 -11.435017578303814 30.027958869934082
30.110895762 -38.19039252959192 -11.45523738116026 30.028008460998535
30.130840722 -38.23624519072473 -11.468706123530865 30.028027534484863
30.150831848 -38.305089032277465 -11.48889922350645 30.02803134918213
30.171352454 -38.35099891386926 -11.502352707087994 30.028019905090332
30.19083606 -38.419869458302855 -11.52252196520567 30.02797794342041
30.210838574 -38.4658518191427 -11.535968773066998 30.027966499328613
30.230801077 -38.53484061919153 -11.556146614253521 30.027932167053223
30.250852352 -38.58086112700403 -11.569605819880962 30.02787494659424
30.270938183 -38.64992622099817 -11.58980654925108 30.027756690979004
30.290837736 -38.69597724638879 -11.603280059993267 30.027668952941895
30.310865054 -38.765057599171996 -11.62349509447813 30.027531623840332
30.330871541 -38.81111243925989 -11.636975280940533 30.027432441711426
30.350839539 -38.88017371855676 -11.657142631709576 30.027215003967285
30.370952753 -38.926209485158324 -11.67057990282774 30.027058601379395
30.39083797 -38.99525169096887 -11.690726272761822 30.02681064605713
30.410841366 -39.0412798281759 -11.704124443233013 30.02660846710205
30.430783975 -39.11030677519739 -11.724212639033794 30.026314735412598
30.450847419 -39.15630820952356 -11.73758601397276 30.02613925933838
30.470907533 -39.22530463896692 -11.757619850337505 30.02589511871338
30.490881723 -39.27129844389856 -11.770967476069927 30.025731086730957
30.510864965 -39.34031013213098 -11.790983192622662 30.025391578674316
30.530830651 -39.38630393706262 -11.80432891100645 30.025155067443848
30.550825528 -39.45528129301965 -11.824345581233501 30.024788856506348
30.570980421 -39.501248395070434 -11.837703697383404 30.02453327178955
30.590836897 -39.570172345265746 -11.857759468257427 30.02413272857666
30.610852371 -39.61611274443567 -11.87115477770567 30.023823738098145
30.630822137 -39.684998547658324 -11.891265861690044 30.0233736038208
30.65084784 -39.73090842925012 -11.904698364436626 30.02306079864502
30.671071483 -39.79975608550012 -11.924879066646099 30.02258014678955
30.690922855 -39.84564689360559 -11.938342086970806 30.022278785705566
30.710827987 -39.91448692046106 -11.95858859270811 30.021817207336426
30.730812834 -39.960396802052855 -11.972120277583599 30.021519660949707
30.750886391 -40.02928641997278 -11.992466919124126 30.021126747131348
30.770955457 -40.07524207793176 -12.006068222224712 30.020878791809082
30.790856072 -40.14417747221887 -12.026480667293072 30.020520210266113
30.810827175 -40.19013694487512 -12.0401077196002 30.02028751373291
30.830818121 -40.259060895070434 -12.060548774898052 30.0199556350708
30.850896884 -40.304993664845824 -12.074184410274029 30.019749641418457
30.870931217 -40.37387946806848 -12.094621650874615 30.019471168518066
30.890893112 -40.41979697905481 -12.10823630541563 30.019299507141113
30.910847003 -40.48872092925012 -12.12866973131895 30.019055366516113
30.930817298 -40.53468421660364 -12.14230727404356 30.018914222717285
30.950852115 -40.6036577578634 -12.162781707942486 30.018742561340332
30.970980713 -40.64967063628137 -12.17645262926817 30.018635749816895
30.990813484 -40.71869376860559 -12.19696044176817 30.018498420715332
31.01085735 -40.764718091115355 -12.210644714534283 30.01841449737549
31.03077733 -40.833748852834105 -12.231230728328228 30.018311500549316
31.05085322 -40.87976554594934 -12.244967453181744 30.018258094787598
31.071153401 -40.94885734282434 -12.265660278499126 30.018208503723145
31.090888671 -40.9949045535177 -12.279438965022564 30.018181800842285
31.110836024 -41.0639963503927 -12.300177566707134 30.0182466506958
31.130845373 -41.11006263457239 -12.314022056758404 30.018296241760254
31.150848254 -41.179173504933715 -12.334814064204693 30.01838779449463
31.170894532 -41.22527412138879 -12.348718635737896 30.01846408843994
31.190858985 -41.294434582814574 -12.369592659175396 30.018601417541504
31.210815001 -41.340577160939574 -12.383545868098736 30.018738746643066
31.230787228 -41.40986350737512 -12.404484741389751 30.0189790725708
31.25092439 -41.456063305959105 -12.418436996638775 30.01914691925049
31.270941564 -41.52548316679895 -12.439400665462017 30.01948642730713
31.29084253 -41.571785962209105 -12.453385345637798 30.01974582672119
31.31085005 -41.641263043507934 -12.47437285631895 30.02013111114502
31.33082758 -41.68761161528528 -12.488393776118755 30.02043628692627
31.350854179 -41.757107770070434 -12.509391777217388 30.020848274230957
31.371076878 -41.80349067412317 -12.52339743822813 30.02114963531494
31.390846423 -41.873055493459105 -12.544392578303814 30.021592140197754
31.410809991 -41.919442212209105 -12.558390609920025 30.021889686584473
31.430781838 -41.98899940215051 -12.579376213252544 30.022351264953613
31.450855535 -42.03535941801965 -12.593352310359478 30.0226411819458
31.470965775 -42.104901349171996 -12.614356987178326 30.023098945617676
31.490944648 -42.15124992094934 -12.628365509212017 30.02340793609619
31.510825045 -42.22075370512903 -12.649388305842876 30.023858070373535
31.530853724 -42.267090832814574 -12.663405410945415 30.024189949035645
31.550879151 -42.33658698759973 -12.684423439204693 30.024670600891113
31.570916788 -42.38291267119348 -12.69844626635313 30.024998664855957
31.590861071 -42.452401196584105 -12.719475738704205 30.025506019592285
31.610831294 -42.49871543608606 -12.73348330706358 30.0258150100708
31.630804848 -42.56816199980676 -12.754478447139263 30.02628803253174
31.650890871 -42.614441907033324 -12.768459312617779 30.02660083770752
31.670942634 -42.68385413847864 -12.789438240230083 30.027085304260254
31.690849002 -42.73010734282434 -12.803417198359966 30.027398109436035
31.710837036 -42.799466168507934 -12.824377052485943 30.027832984924316
31.730821044 -42.845685040578246 -12.83837603777647 30.02812671661377
31.750915689 -42.91499046050012 -12.859353058040142 30.028584480285645
31.770969352 -42.961182629689574 -12.873332016170025 30.02889347076416
31.790859126 -43.030465161427855 -12.894291870296001 30.029324531555176
31.810839197 -43.076642071828246 -12.908253662288189 30.02961826324463
31.830785144 -43.14591315947473 -12.929194442927837 30.030056953430176
31.850878871 -43.192078625783324 -12.943154327571392 30.030327796936035
31.87093504 -43.26130393706262 -12.964094154536724 30.0306978225708
31.890860357 -43.307442700490355 -12.978046409785748 30.030922889709473
31.910837983 -43.37664130888879 -12.998968116939068 30.031258583068848
31.930834891 -43.422764813527465 -13.012876503169537 30.031445503234863
31.950865816 -43.49194053374231 -13.0337018892169 30.031716346740723
31.970974074 -43.538067853078246 -13.047553054988384 30.03187656402588
31.990838064 -43.60729697905481 -13.068275444209576 30.032063484191895
32.010839017 -43.65345863066614 -13.08206557482481 30.032212257385254
32.030803198 -43.722744977101684 -13.102727882564068 30.032383918762207
32.050855164 -43.76894477568567 -13.116495124995708 30.032483100891113
32.070844947 -43.838257825002074 -13.137134544551373 30.03260898590088
32.090860433 -43.88449195586145 -13.150867454707623 30.032654762268066
32.11089702 -43.953839337453246 -13.17144774645567 30.03270435333252
32.130833096 -44.000069653615355 -13.185153000056744 30.032708168029785
32.150930123 -44.06939414702356 -13.205687515437603 30.032727241516113
32.170931395 -44.11559013091028 -13.219355575740337 30.032719612121582
32.190886761 -44.18486121855676 -13.239816658198833 30.03268527984619
32.21084009 -44.231026684865355 -13.25343894213438 30.032612800598145
32.230794415 -44.30028251372278 -13.273808471858501 30.03248691558838
32.250919231 -44.34645179472864 -13.287362091243267 30.032395362854004
32.270940303 -44.41569999419153 -13.307653419673443 30.032254219055176
32.290825435 -44.46190360747278 -13.321163170039654 30.032143592834473
32.31090425 -44.53121284209192 -13.341421119868755 30.031956672668457
32.330826641 -44.57744315825403 -13.354922287166119 30.03182315826416
32.350861512 -44.64682105742395 -13.37518309801817 30.031670570373535
32.370959316 -44.69307426176965 -13.388689987361431 30.031582832336426
32.390852797 -44.76249030791223 -13.408963195979595 30.031472206115723
32.410824979 -44.808751141652465 -13.422475807368755 30.031376838684082
32.430803284 -44.87815192900598 -13.442712776362896 30.03123950958252
32.450855086 -44.924412762746215 -13.456192009150982 30.031163215637207
32.470915381 -44.993802106007934 -13.476397506892681 30.0310640335083
32.490967663 -45.040074383839965 -13.489813797175884 30.030999183654785
32.510838758 -45.10947517119348 -13.509934417903423 30.030980110168457
32.530836563 -45.15575507842004 -13.523344032466412 30.030964851379395
32.550855764 -45.225194012746215 -13.54345416277647 30.030938148498535
32.570934275 -45.27148154936731 -13.55686091631651 30.03091526031494
32.590866967 -45.340924298390746 -13.576956741511822 30.03086566925049
32.610833092 -45.38721183501184 -13.59035300463438 30.030869483947754
32.630828137 -45.456639325246215 -13.61044406145811 30.030858039855957
32.650878932 -45.502957379445434 -13.623831741511822 30.030816078186035
32.670896816 -45.5724077578634 -13.643916122615337 30.030728340148926
32.69088209 -45.618721997365355 -13.657312385737896 30.030640602111816
32.710842558 -45.68817619048059 -13.677414886653423 30.030495643615723
32.730852905 -45.73446754179895 -13.690826408565044 30.030381202697754
32.750877108 -45.803895032033324 -13.710962288081646 30.03019428253174
32.770908063 -45.85017112456262 -13.724390976130962 30.03006076812744
32.790976732 -45.91957954131067 -13.744518272578716 30.029839515686035
32.810855003 -45.9658518191427 -13.757932655513287 30.02970600128174
32.830801334 -46.03525642119348 -13.778047554194927 30.029500007629395
32.850836347 -46.081524884328246 -13.791444770991802 30.029377937316895
32.87095196 -46.15090278349817 -13.811559669673443 30.02920627593994
32.890931366 -46.19713691435754 -13.824991218745708 30.0291109085083
32.910877611 -46.26646903716028 -13.845165245234966 30.029004096984863
32.930823092 -46.31267646513879 -13.858623497188091 30.028939247131348
32.950829484 -46.38194755278528 -13.878826133906841 30.028862953186035
32.970967553 -46.428109204396605 -13.892298690974712 30.028813362121582
32.990944536 -46.497288739308715 -13.912532798945904 30.028775215148926
33.010836417 -46.54338935576379 -13.92602538317442 30.028782844543457
33.030799886 -46.61250785551965 -13.946269981563091 30.02879047393799
33.050840286 -46.658551251515746 -13.959792129695415 30.028801918029785
33.070933066 -46.72757819853723 -13.980082504451275 30.028817176818848
33.090910129 -46.773560559377074 -13.993614189326763 30.028828620910645
33.11086162 -46.842495953664184 -14.013895027339458 30.02884006500244
33.130823985 -46.88843253813684 -14.027413360774517 30.028847694396973
33.150843915 -46.957345044240355 -14.047677986323833 30.028882026672363
33.170857914 -47.00328162871301 -14.061184875667095 30.02890110015869
33.191136104 -47.07219032011926 -14.081440918147564 30.02892780303955
33.210844197 -47.11811546050012 -14.09494113177061 30.028935432434082
33.230796517 -47.186993634328246 -14.115184776484966 30.028943061828613
33.25083758 -47.232918774709105 -14.128623954951763 30.028935432434082
33.270863944 -47.30180457793176 -14.148761741816998 30.02891254425049
33.290959737 -47.34773734770715 -14.162151329219341 30.02889347076416
33.310884037 -47.416653668507934 -14.18218707293272 30.028882026672363
33.330826838 -47.46259788237512 -14.195535652339458 30.0288667678833
33.350820123 -47.531529461964965 -14.215503685176373 30.028874397277832
33.370848015 -47.577496564015746 -14.22880744189024 30.028882026672363
33.39089531 -47.64647010527551 -14.248748771846294 30.02889347076416
33.410863902 -47.692452466115355 -14.262029640376568 30.028889656066895
33.43078257 -47.76143745146692 -14.28196906298399 30.028874397277832
33.450800847 -47.80745795927942 -14.29527472704649 30.028874397277832
33.470842077 -47.87648109160364 -14.315237991511822 30.028862953186035
33.490956517 -47.92249778471887 -14.328544609248638 30.028843879699707
33.510874641 -47.99152091704309 -14.348513595759869 30.028843879699707
33.530836162 -48.03753379546106 -14.361834518611431 30.02884006500244
33.550830788 -48.10661414824426 -14.38181971758604 30.028847694396973
33.570839403 -48.15268806181848 -14.395142547786236 30.02885913848877
33.590908999 -48.221837079152465 -14.415129654109478 30.02888584136963
33.610882289 -48.26795676909387 -14.428451530635357 30.02891254425049
33.630788763 -48.337124859914184 -14.448451034724712 30.02895450592041
33.650818149 -48.383240735158324 -14.461798660457134 30.0289888381958
33.67083868 -48.45238975249231 -14.481804840266705 30.02901554107666
33.690984629 -48.498475110158324 -14.495139114558697 30.029019355773926
33.710878512 -48.56757072173059 -14.515091888606548 30.028996467590332
33.730816587 -48.61362556181848 -14.528404228389263 30.02897357940674
33.750812771 -48.68265632353723 -14.548276893794537 30.02885150909424
33.770864181 -48.72866157256067 -14.561511985957623 30.028740882873535
33.791164677 -48.797642743214965 -14.581347458064556 30.028565406799316
33.810957768 -48.843609845265746 -14.5945510789752 30.02846622467041
33.830775777 -48.91255286894739 -14.61436652392149 30.028306007385254
33.850827085 -48.95850089751184 -14.627579681575298 30.02818012237549
33.870838305 -49.02739051543176 -14.647424690425396 30.027955055236816
33.890990546 -49.073304211720824 -14.66066550463438 30.02780246734619
33.910874384 -49.142117535695434 -14.680580131709576 30.0275239944458
33.930823977 -49.18797401152551 -14.693865768611431 30.02733325958252
33.950819187 -49.25673774443567 -14.71380614489317 30.027016639709473
33.970862026 -49.302552258595824 -14.7271194383502 30.026787757873535
33.991182381 -49.37127021513879 -14.747092239558697 30.026455879211426
34.01092054 -49.41701606474817 -14.760405533015728 30.026188850402832
34.030794721 -49.4856157656759 -14.78036879748106 30.02578830718994
34.050849112 -49.531319653615355 -14.793664924800396 30.025521278381348
34.070833004 -49.59985831938684 -14.813590995967388 30.025120735168457
34.090930503 -49.645543133839965 -14.826869957149029 30.024853706359863
34.110936013 -49.71407417021692 -14.846681587398052 30.024453163146973
34.130841663 -49.75976279936731 -14.859864227473736 30.024189949035645
34.150810451 -49.82829765044153 -14.879600517451763 30.023797035217285
34.170851247 -49.87398246489465 -14.892714492976665 30.023526191711426
34.190948636 -49.94250968657434 -14.912382118403912 30.023140907287598
34.210865341 -49.98819831572473 -14.925479881465435 30.022915840148926
34.230824157 -50.056729352101684 -14.945111267268658 30.02258014678955
34.250835114 -50.10242179594934 -14.958199493587017 30.022358894348145
34.270836034 -50.17094520293176 -14.97778319567442 30.022019386291504
34.290879877 -50.21663001738489 -14.99083136767149 30.021801948547363
34.31121431 -50.28514579497278 -15.010281555354595 30.02147388458252
34.330857303 -50.330819165334105 -15.023220054805279 30.02126407623291
34.350839426 -50.3993234988302 -15.042587272822857 30.021000862121582
34.370851489 -50.44499305449426 -15.055429451167583 30.020848274230957
34.390975107 -50.513497387990355 -15.074675552546978 30.020623207092285
34.410888722 -50.55915549956262 -15.087464325129986 30.020447731018066
34.430823001 -50.62764838896692 -15.106611244380474 30.020188331604004
34.450822563 -50.673314129933715 -15.119374267756939 30.02001667022705
34.470832972 -50.74181083403528 -15.13847541064024 30.019726753234863
34.491736511 -50.78749183379114 -15.151222221553326 30.019543647766113
34.510896511 -50.85603049956262 -15.170362465083599 30.019219398498535
34.530812152 -50.901734387502074 -15.183135025203228 30.019001960754395
34.550829144 -50.970303570851684 -15.202311508357525 30.018746376037598
34.570834601 -51.01603034697473 -15.21511172503233 30.018601417541504
34.590965912 -51.0846262332052 -15.234333984553814 30.018410682678223
34.610874471 -51.13036445342004 -15.247157089412212 30.01830768585205
34.630796946 -51.19896796904504 -15.266421310603619 30.018189430236816
34.650815916 -51.24470618925989 -15.279285423457623 30.018120765686035
34.670849741 -51.313321148976684 -15.298630706965923 30.018006324768066
34.69093184 -51.35905936919153 -15.311543457210064 30.017945289611816
34.710930687 -51.42766288481653 -15.330938331782818 30.01785373687744
34.73083 -51.473397290334105 -15.34389304369688 30.01778507232666
34.750860991 -51.54200843535364 -15.3633499071002 30.01768970489502
34.770852227 -51.587750470265746 -15.376336090266705 30.01762866973877
34.790947848 -51.65639594756067 -15.395835869014263 30.017537117004395
34.810880717 -51.70218757353723 -15.408846847712994 30.017476081848145
34.830790068 -51.770936047658324 -15.428339950740337 30.017373085021973
34.850833856 -51.8167925234884 -15.441338531672955 30.01729679107666
34.870823988 -51.885655438527465 -15.460786812007427 30.017155647277832
34.890954271 -51.931580578908324 -15.473755829036236 30.017064094543457
34.910879674 -52.00049308501184 -15.493214599788189 30.01695728302002
34.930820463 -52.04646400175989 -15.50620936602354 30.016884803771973
34.950824491 -52.11542228423059 -15.525723449885845 30.016743659973145
34.970864625 -52.1613970156759 -15.53874396532774 30.016640663146973
34.990907186 -52.23034385405481 -15.558271400630474 30.01650333404541
35.010922699 -52.27630332671106 -15.57129668444395 30.01643466949463
35.030792216 -52.34521201811731 -15.590883247554302 30.016350746154785
35.050874197 -52.39115241728723 -15.603956215083599 30.016297340393066
35.070860948 -52.46001533232629 -15.623600952327251 30.016209602355957
35.090920073 -52.50593284331262 -15.636713020503521 30.016152381896973
35.110882298 -52.57481864653528 -15.656402580440044 30.016037940979004
35.130826787 -52.62073234282434 -15.669520370662212 30.01596164703369
35.150819096 -52.6895952578634 -15.689213745296001 30.015873908996582
35.170833279 -52.7354936953634 -15.70235251635313 30.015828132629395
35.190961288 -52.80431464873254 -15.72208308428526 30.015793800354004
35.210880269 -52.85019019804895 -15.73525046557188 30.01578998565674
35.230800846 -52.91901115141809 -15.755055420100689 30.015812873840332
35.250830301 -52.96489051543176 -15.768274299800396 30.015828132629395
35.270862958 -53.03371528349817 -15.788126938045025 30.015854835510254
35.29104517 -53.07959464751184 -15.801372520625591 30.01585865020752
35.310897789 -53.14841560088098 -15.82126235216856 30.015873908996582
35.330816168 -53.19429115019739 -15.834522239863873 30.015847206115723
35.35083662 -53.26310828886926 -15.854444496333599 30.015809059143066
35.370857912 -53.3089914675802 -15.867753021419048 30.015767097473145
35.390945734 -53.3778391238302 -15.887742035090923 30.015690803527832
35.410962334 -53.42374519072473 -15.90108298510313 30.015610694885254
35.430812938 -53.49263480864465 -15.9210891649127 30.01545810699463
35.450850649 -53.538575207814574 -15.934436790645123 30.01534366607666
35.470859562 -53.60749915800989 -15.9544782564044 30.01515293121338
35.490993892 -53.6534624453634 -15.967839233577251 30.01501178741455
35.510949237 -53.72241691313684 -15.987894050776958 30.0148286819458
35.530839174 -53.768406903371215 -16.001266472041607 30.014718055725098
35.550832399 -53.83740714751184 -16.021347038447857 30.014580726623535
35.570861163 -53.88340858183801 -16.034748069941998 30.01450824737549
35.590976229 -53.95241645537317 -16.054876320064068 30.01442050933838
35.61093543 -53.998421704396605 -16.0683116838336 30.014405250549316
35.63078596 -54.0674143191427 -16.08850096911192 30.01438617706299
35.650827274 -54.11339667998254 -16.101980201900005 30.014378547668457
35.670955055 -54.182354962453246 -16.122224800288677 30.014378547668457
35.690954674 -54.22832587920129 -16.135753624141216 30.014348030090332
35.710957513 -54.297284161671996 -16.156063072383404 30.014260292053223
35.730842505 -54.34325889311731 -16.16961096972227 30.014187812805176
35.750822436 -54.41222099028528 -16.189947120845318 30.01403522491455
35.770839628 -54.45819572173059 -16.203514091670513 30.013936042785645
35.790960437 -54.52715781889856 -16.2238235399127 30.013741493225098
35.810990898 -54.57313636504114 -16.237367622554302 30.013630867004395
35.830845213 -54.642117535695434 -16.257692329585552 30.013466835021973
35.850831611 -54.68809989653528 -16.271245948970318 30.0133638381958
35.870865382 -54.757061993703246 -16.291584007441998 30.013218879699707
35.891029508 -54.80303291045129 -16.305110923945904 30.013096809387207
35.911347027 -54.87199500761926 -16.325389854609966 30.012925148010254
35.930838993 -54.9179888125509 -16.338886253535748 30.01280689239502
35.950835115 -54.986966168507934 -16.359153740108013 30.012635231018066
35.970881041 -55.03294471465051 -16.372676841914654 30.01252841949463
35.99097337 -55.10192207060754 -16.392988197505474 30.01234531402588
36.010913047 -55.14790443144739 -16.406530372798443 30.012272834777832
36.030791506 -55.21687797270715 -16.42684745043516 30.01216983795166
36.050826621 -55.26284126006067 -16.440387718379498 30.012078285217285
36.070905685 -55.33177283965051 -16.460710518062115 30.011921882629395
36.090954939 -55.37770942412317 -16.474267952144146 30.011815071105957
36.111017261 -55.44658759795129 -16.49459647387266 30.011662483215332
36.130816549 -55.492474591359496 -16.5081310197711 30.011555671691895
36.150824742 -55.56129173003137 -16.528404228389263 30.011387825012207
36.17088256 -55.60716346465051 -16.541913978755474 30.01128101348877
36.190976116 -55.67595771513879 -16.562156669795513 30.011086463928223
36.211004144 -55.72181800566614 -16.575653068721294 30.011013984680176
36.23082559 -55.79061225615442 -16.5958995744586 30.010891914367676
36.250836674 -55.83649162016809 -16.60938834398985 30.010788917541504
36.270930889 -55.90532020293176 -16.629610054194927 30.010640144348145
36.2910099 -55.95122245512903 -16.64306639879942 30.010533332824707
36.310977003 -56.020115887746215 -16.663209907710552 30.010403633117676
36.330841532 -56.06605247221887 -16.67663001269102 30.010334968566895
36.350844218 -56.134976422414184 -16.696678154170513 30.010212898254395
36.370850598 -56.18092063628137 -16.710052482783794 30.01014804840088
36.390999092 -56.249817883595824 -16.73007010668516 30.01004123687744
36.410944134 -56.295743023976684 -16.743432991206646 30.010022163391113
36.430808356 -56.36462119780481 -16.763500206172466 30.009995460510254
36.450826131 -56.41051963530481 -16.7769241258502 30.0099458694458
36.470849423 -56.47935966216028 -16.797073356807232 30.00986957550049
36.491003342 -56.525235211476684 -16.810522072017193 30.009800910949707
36.510977956 -56.594029461964965 -16.830707542598248 30.009663581848145
36.530810128 -56.63988593779504 -16.844169609248638 30.00957202911377
36.550834231 -56.70861533842981 -16.86436652392149 30.009446144104004
36.570847744 -56.7544145938009 -16.877826683223248 30.009385108947754
36.590950097 -56.823094403371215 -16.898014061152935 30.009316444396973
36.611315377 -56.86884788237512 -16.91146468371153 30.009297370910645
36.630809672 -56.937481915578246 -16.93164824694395 30.009297370910645
36.650833283 -56.983189618214965 -16.945087425410748 30.00932788848877
36.670836793 -57.05173591338098 -16.96525763720274 30.009392738342285
36.690938072 -57.09740546904504 -16.978713981807232 30.009465217590332
36.711108314 -57.16588691435754 -16.998891822993755 30.00963306427002
36.730843661 -57.21153739653528 -17.01234244555235 30.009770393371582
36.750844059 -57.27998450957239 -17.032487861812115 30.01003360748291
36.770819816 -57.32561973296106 -17.045902244746685 30.010231971740723
36.790932726 -57.394070660695434 -17.066001884639263 30.010544776916504
36.811029378 -57.439698254689574 -17.079364769160748 30.01072406768799
36.830812712 -57.50814155302942 -17.099390022456646 30.01100254058838
36.850840554 -57.55376151762903 -17.112703315913677 30.011197090148926
36.870828249 -57.62219718657434 -17.132627479732037 30.011487007141113
36.890937691 -57.667828595265746 -17.145896904170513 30.01168155670166
36.91162968 -57.73621848784387 -17.165760032832623 30.012024879455566
36.930848243 -57.781800305470824 -17.178993217647076 30.01225757598877
36.950831663 -57.85008338652551 -17.19882010668516 30.012608528137207
36.970863239 -57.89558891020715 -17.212032310664654 30.01284122467041
36.990885423 -57.96381858550012 -17.231843940913677 30.013184547424316
37.011128449 -58.00927070342004 -17.245038978755474 30.01340961456299
37.030809948 -58.07744697295129 -17.264821998775005 30.0137300491333
37.050806753 -58.12288383208215 -17.277986519038677 30.013943672180176
37.070833363 -58.19102576933801 -17.29769705981016 30.014260292053223
37.090884079 -58.236458813771605 -17.31083296984434 30.0144624710083
37.111369742 -58.30460456572473 -17.33048438280821 30.014683723449707
37.13084053 -58.35003379546106 -17.343589775264263 30.01482105255127
37.150837477 -58.41816810332239 -17.36325453966856 30.015015602111816
37.170812967 -58.463589703664184 -17.376380912959576 30.01513385772705
37.190906656 -58.531720196828246 -17.396095268428326 30.015305519104004
37.21112119 -58.577122723683715 -17.40923499315977 30.015416145324707
37.230793398 -58.64523414336145 -17.428964607417583 30.01558780670166
37.250828067 -58.69062522612512 -17.442127220332623 30.01571750640869
37.27081671 -58.75870612822473 -17.46188735216856 30.01596164703369
37.290898937 -58.8040972109884 -17.475074760615826 30.016133308410645
37.311105138 -58.872159039601684 -17.494810096919537 30.01644229888916
37.330870384 -58.917542492970824 -17.507951728999615 30.016655921936035
37.350866013 -58.98563483916223 -17.52764319628477 30.01698398590088
37.370850214 -59.03102973662317 -17.540695182979107 30.01723575592041
37.390859643 -59.09912589751184 -17.560264579951763 30.01762104034424
37.411178743 -59.14451698027551 -17.573274604976177 30.017884254455566
37.430796533 -59.21260551176965 -17.592782966792583 30.018288612365723
37.45087781 -59.25798133574426 -17.60575293749571 30.01857089996338
37.470828592 -59.326024090871215 -17.62515067309141 30.018990516662598
37.490912535 -59.37138847075403 -17.63808249682188 30.019272804260254
37.511012572 -59.43942359648645 -17.657394401729107 30.019639015197754
37.530890384 -59.48479179106653 -17.670257560908794 30.01987934112549
37.550822384 -59.552865063771605 -17.68954276293516 30.020237922668457
37.570828582 -59.59828284941614 -17.70236014574766 30.020485877990723
37.590850839 -59.66642860136926 -17.721601478755474 30.020852088928223
37.610996764 -59.71186546050012 -17.734424583613873 30.02107334136963
37.630822997 -59.78004554472864 -17.75366210192442 30.02141284942627
37.650860704 -59.82551292143762 -17.76650618761778 30.021634101867676
37.670858333 -59.89378455840051 -17.785743705928326 30.02198886871338
37.690852631 -59.939312970265746 -17.79859732836485 30.02221393585205
37.711065756 -60.00761893950403 -17.817834846675396 30.02251148223877
37.730881113 -60.05317405425012 -17.83066939562559 30.02270221710205
37.750834936 -60.12152579985559 -17.84993552416563 30.022984504699707
37.770827166 -60.16715339384973 -17.86280631273985 30.02315616607666
37.790860146 -60.23563483916223 -17.882156364619732 30.023396492004395
37.810973778 -60.28132728300989 -17.895082466304302 30.023579597473145
37.830843755 -60.349896466359496 -17.91448401659727 30.023858070373535
37.850852635 -60.39561942778528 -17.927434913814068 30.02402973175049
37.870831529 -60.464242016896605 -17.94688605517149 30.02427387237549
37.89086075 -60.51000693999231 -17.959877006709576 30.024418830871582
37.911018117 -60.57867149077356 -17.979392997920513 30.024605751037598
37.930857528 -60.62447456084192 -17.99242591112852 30.024678230285645
37.950847512 -60.69318870268762 -18.01201056689024 30.02477741241455
37.970900916 -60.739041363820434 -18.025070182979107 30.024792671203613
37.990858432 -60.807835614308715 -18.04469107836485 30.024781227111816
38.010997672 -60.85371879301965 -18.057788841426373 30.024724006652832
38.030812518 -60.92257789336145 -18.077430717647076 30.024590492248535
38.050820861 -60.96849158965051 -18.090534202754498 30.024487495422363
38.070827494 -61.03741935454309 -18.11025618761778 30.024277687072754
38.090855008 -61.08338645659387 -18.123416893184185 30.024121284484863
38.111137006 -61.1523638125509 -18.143177025020123 30.023808479309082
38.130844357 -61.1983843203634 -18.156375877559185 30.023568153381348
38.150920669 -61.267430340871215 -18.176212303340435 30.02316379547119
38.170818284 -61.313485180959105 -18.189458839595318 30.0228853225708
38.190839259 -61.38261512480676 -18.209381096065044 30.022500038146973
38.211478861 -61.42871574126184 -18.222686760127544 30.022286415100098
38.230833751 -61.497891461476684 -18.24268340319395 30.02201557159424
38.250840164 -61.544014966115355 -18.25603675097227 30.021836280822754
38.27082511 -61.61319831572473 -18.27608870714903 30.021592140197754
38.290823572 -61.65931419096887 -18.28947638720274 30.02145481109619
38.311087855 -61.72848609648645 -18.309587471187115 30.02134418487549
38.330858078 -61.774571454152465 -18.322990410029888 30.021279335021973
38.350880848 -61.84368613921106 -18.343116752803326 30.021172523498535
38.370826456 -61.88974860869348 -18.35654830187559 30.021103858947754
38.390858619 -61.958828961476684 -18.376712791621685 30.02101230621338
38.410966279 -62.00487617217004 -18.390169136226177 30.020928382873535
38.430798796 -62.07389930449426 -18.410329811275005 30.02079486846924
38.450835572 -62.11989692412317 -18.423778526484966 30.020730018615723
38.470861821 -62.1888628359884 -18.443958275020123 30.02067279815674
38.490941738 -62.23481467925012 -18.457389824092388 30.020642280578613
38.510941809 -62.30370048247278 -18.477502815425396 30.020569801330566
38.530861704 -62.34957984648645 -18.490894310176373 30.02053165435791
38.550827253 -62.418362652882934 -18.510976783931255 30.020485877990723
38.570819708 -62.46416572295129 -18.524343483150005 30.020474433898926
38.590857793 -62.53278068266809 -18.5443801805377 30.02048969268799
38.611165829 -62.578499829396605 -18.55773925036192 30.020508766174316
38.630808283 -62.64697746001184 -18.577722541987896 30.0205659866333
38.650863173 -62.69259742461145 -18.59103774279356 30.020615577697754
38.670811886 -62.76099113188684 -18.610998146235943 30.020710945129395
38.690853545 -62.80654243193567 -18.624277107417583 30.020798683166504
38.710956151 -62.87486365996301 -18.644197456538677 30.020901679992676
38.730875326 -62.92038825713098 -18.657468788325787 30.020981788635254
38.750854926 -62.98865989409387 -18.677370063960552 30.021077156066895
38.770836409 -63.034153973683715 -18.69061278551817 30.02114200592041
38.790848065 -63.102383648976684 -18.71044921129942 30.02122974395752
38.811122744 -63.147870099171996 -18.723670952022076 30.021286964416504
38.830794904 -63.2160845156759 -18.74349021166563 30.021328926086426
38.850837798 -63.261570965871215 -18.756696693599224 30.02135181427002
38.870822841 -63.329808270558715 -18.776493065059185 30.02137851715088
38.890884172 -63.37530997954309 -18.789661400020123 30.02135944366455
38.911934942 -63.443577801808715 -18.80942916125059 30.02131748199463
38.930857067 -63.48909858427942 -18.82261084765196 30.02126407623291
38.950839319 -63.5573931094259 -18.842391960322857 30.021183967590332
38.970904056 -63.60292915068567 -18.85559081286192 30.021130561828613
38.990864668 -63.67125419341028 -18.875368110835552 30.02101993560791
39.011018301 -63.7168169375509 -18.88857077807188 30.020955085754395
39.030915961 -63.785183941945434 -18.908329002559185 30.02082920074463
39.050822807 -63.83076957426965 -18.921504966914654 30.020737648010254
39.070824175 -63.89916709624231 -18.941272728145123 30.020588874816895
39.090851941 -63.944764172658324 -18.954425804316998 30.02047824859619
39.111008083 -64.01316932402551 -18.97418212145567 30.02031421661377
39.131032681 -64.0587702151388 -18.987371437251568 30.020180702209473
39.150837753 -64.12715247832239 -19.00718116015196 30.019963264465332
39.170819842 -64.17274574004114 -19.02040671557188 30.01981830596924
39.190859613 -64.24108985625207 -19.040273658931255 30.01955509185791
39.211047176 -64.2866526003927 -19.053531639277935 30.019394874572754
39.230847461 -64.35500434599817 -19.073444359004498 30.01914691925049
39.250839183 -64.40053657256067 -19.086748115718365 30.018956184387207
39.270843957 -64.46887305937707 -19.106733314692974 30.018685340881348
39.290866529 -64.51438239775598 -19.120079033076763 30.018494606018066
39.310953265 -64.58265784941614 -19.140146248042583 30.01821231842041
39.331323468 -64.62816718779504 -19.153568260371685 30.018006324768066
39.350848884 -64.69642738066614 -19.17378806322813 30.017704963684082
39.370872947 -64.7419519778341 -19.187301628291607 30.017518043518066
39.390887344 -64.81027320586145 -19.207677833735943 30.01718235015869
39.411108912 -64.85585120879114 -19.22129248827696 30.016934394836426
39.430832231 -64.92425636015832 -19.241758339107037 30.016575813293457
39.450855173 -64.96987251006067 -19.25545882433653 30.016331672668457
39.470819416 -65.03832343779504 -19.276039116084576 30.01598834991455
39.490904221 -65.08397773467004 -19.28979491442442 30.01576328277588
39.510939458 -65.15248969756067 -19.310529701411724 30.015427589416504
39.530935506 -65.19818214140832 -19.32438277453184 30.015225410461426
39.55088177 -65.26672462187707 -19.34524916857481 30.014973640441895
39.570832876 -65.3124323245138 -19.35918616503477 30.0148286819458
39.590963371 -65.38099769316614 -19.380176536738873 30.01463031768799
39.610987539 -65.42672828398645 -19.39419173449278 30.014546394348145
39.630964211 -65.49534705840051 -19.41524886339903 30.014451026916504
39.650853582 -65.54110053740442 -19.429325096309185 30.014389991760254
39.670822985 -65.60973457060754 -19.450448982417583 30.01430606842041
39.690890984 -65.65549567900598 -19.464555732905865 30.014248847961426
39.711058575 -65.7241526003927 -19.48575209826231 30.014195442199707
39.731033338 -65.76992133818567 -19.499887458980083 30.014164924621582
39.750833868 -65.83857825957239 -19.521190635859966 30.01408863067627
39.77081922 -65.88436988554895 -19.535402290523052 30.01403522491455
39.790877191 -65.95308784209192 -19.556732170283794 30.01394748687744
39.811002836 -65.99890235625207 -19.570959083735943 30.013848304748535
39.830910602 -66.06762794218957 -19.592308036983013 30.01369571685791
39.850840162 -66.11345008574426 -19.60655402392149 30.013577461242676
39.870824846 -66.18219855986536 -19.627891533076763 30.013401985168457
39.890936972 -66.22804359160364 -19.642099373042583 30.013279914855957
39.910958396 -66.29684547148645 -19.66337012499571 30.013142585754395
39.931125371 -66.34272102080286 -19.677528373897076 30.013066291809082
39.950816016 -66.4115534182638 -19.69870375841856 30.01290988922119
39.970878604 -66.45744422636926 -19.712812416255474 30.01281452178955
39.99085572 -66.5262766238302 -19.733959190547466 30.012688636779785
40.010978953 -66.5721979495138 -19.748050682246685 30.01261615753174
40.030917962 -66.64109901152551 -19.769166938960552 30.012539863586426
40.05082475 -66.6870661135763 -19.783235542476177 30.012520790100098
40.070831206 -66.7560129519552 -19.80430793017149 30.012520790100098
40.090853073 -66.80199531279504 -19.818336479365826 30.012539863586426
40.111015765 -66.87094215117395 -19.839393608272076 30.01260471343994
40.130914813 -66.91690925322473 -19.853424064815044 30.01265811920166
40.150838967 -66.9858484622091 -19.87447737902403 30.012749671936035
40.170819754 -67.03180793486536 -19.888507835566998 30.012818336486816
40.190908132 -67.10074714384973 -19.90954016894102 30.012913703918457
40.210983459 -67.14669898711145 -19.923587791621685 30.012978553771973
40.231420924 -67.21563819609582 -19.944663994014263 30.013062477111816
40.250851884 -67.2616052981466 -19.958744041621685 30.013081550598145
40.270811805 -67.3305750247091 -19.97988509386778 30.01305866241455
40.29083921 -67.37655738554895 -19.993972770869732 30.013039588928223
40.310926659 -67.44554237090051 -20.015153877437115 30.013005256652832
40.330939571 -67.49153999052942 -20.029251091182232 30.0129976272583
40.350849489 -67.56051734648645 -20.05044936388731 30.01295566558838
40.370854747 -67.6064997073263 -20.064580909907818 30.01290988922119
40.390847144 -67.67546180449426 -20.085777275264263 30.012822151184082
40.410929222 -67.72142127715051 -20.099906913936138 30.01274585723877
40.431436254 -67.79036048613489 -20.12107276171446 30.0126314163208
40.450817106 -67.8363123293966 -20.135168068110943 30.012532234191895
40.470814768 -67.90526679717004 -20.156301490962505 30.012364387512207
40.490856236 -67.95123389922082 -20.170373909175396 30.01225757598877
40.510993612 -68.0201959963888 -20.191503517329693 30.012028694152832
40.530921411 -68.06617835722864 -20.205589286983013 30.011879920959473
40.550875096 -68.1351633425802 -20.226720802485943 30.011696815490723
40.570839458 -68.18117622099817 -20.24084471911192 30.011574745178223
40.590829749 -68.25019935332239 -20.26199721544981 30.011418342590332
40.610973335 -68.29620460234582 -20.276126854121685 30.01133441925049
40.631551924 -68.36519721709192 -20.29730223864317 30.011235237121582
40.650849784 -68.41117194853723 -20.31142234057188 30.011178016662598
40.670821441 -68.48008826933801 -20.332569114863873 30.011109352111816
40.690826283 -68.52601722441614 -20.34664534777403 30.011075019836426
40.711011944 -68.59483436308801 -20.367740623652935 30.010998725891113
40.731531643 -68.64070991240442 -20.381771080195904 30.01095676422119
40.750827647 -68.70948890410364 -20.402772895991802 30.0109224319458
40.77080968 -68.75531867705286 -20.416738502681255 30.01088809967041
40.790828058 -68.82403663359582 -20.43765639513731 30.01083469390869
40.810934049 -68.86982063017786 -20.451576225459576 30.010777473449707
40.83155605 -68.93844703398645 -20.472396843135357 30.010682106018066
40.850837691 -68.9841852542013 -20.486251823604107 30.010632514953613
40.870836332 -69.05273536406457 -20.506975166499615 30.010544776916504
40.890903488 -69.0984201785177 -20.520763389766216 30.010491371154785
40.910878441 -69.1669016238302 -20.54139517992735 30.010388374328613
40.931586393 -69.21254829131067 -20.555137626826763 30.010323524475098
40.950827765 -69.28099158965051 -20.575733177363873 30.010228157043457
40.97090216 -69.32663062773645 -20.589431755244732 30.010132789611816
40.990809979 -69.39509681425989 -20.60995864123106 30.00999164581299
41.010895547 -69.44074348174036 -20.62362288683653 30.009896278381348
41.03088316 -69.50922492705286 -20.644128791987896 30.009743690490723
41.050843547 -69.55488685332239 -20.65779685229063 30.009663581848145
41.070817774 -69.62338355742395 -20.678295128047466 30.009568214416504
41.090828354 -69.66905311308801 -20.69194983690977 30.009526252746582
41.110859379 -69.7375803347677 -20.712411873042583 30.009495735168457
41.130948189 -69.78327277861536 -20.726028434932232 30.009495735168457
41.150884296 -69.85180000029504 -20.74641989916563 30.00951862335205
41.170831537 -69.8974695559591 -20.759965889155865 30.00955295562744
41.190854791 -69.96595863066614 -20.780248634517193 30.00963306427002
41.210838952 -70.0116052981466 -20.793733589351177 30.009678840637207
41.230923227 -70.08006385527551 -20.813949577510357 30.00976276397705
41.250866038 -70.12571815215051 -20.82741927355528 30.00981616973877
41.2708274 -70.19418433867395 -20.84761618822813 30.009922981262207
41.290819287 -70.23983100615442 -20.861093513667583 30.010010719299316
41.310912689 -70.30830482207239 -20.881330482661724 30.010132789611816
41.330977574 -70.35395911894739 -20.894834510982037 30.010239601135254
41.350830609 -70.42244819365442 -20.915088646113873 30.010403633117676
41.370844395 -70.46811774931848 -20.92859648913145 30.010525703430176
41.390824169 -70.53662208281457 -20.948856346309185 30.010720252990723
41.41081246 -70.5822840090841 -20.962366096675396 30.010857582092285
41.431604196 -70.65075019560754 -20.982624046504498 30.011067390441895
41.45088428 -70.69639686308801 -20.99612235277891 30.011216163635254
41.470840634 -70.7648020144552 -21.016401283442974 30.0114107131958
41.490817035 -70.81038764677942 -21.02992819994688 30.011528968811035
41.51084059 -70.87873939238489 -21.05022620409727 30.01168155670166
41.530942984 -70.92423347197473 -21.06376837939024 30.011754035949707
41.550839901 -70.9924631472677 -21.084098808467388 30.01185703277588
41.570831967 -71.03792670927942 -21.09767722338438 30.01191806793213
41.590819751 -71.1061106082052 -21.118078224360943 30.012009620666504
41.6108312 -71.15157417021692 -21.131683342158794 30.012104988098145
41.630932551 -71.21972755156457 -21.15212821215391 30.01219654083252
41.650824204 -71.2651911135763 -21.165748588740826 30.012253761291504
41.670855093 -71.33332923613489 -21.186195366084576 30.012246131896973
41.690798947 -71.37873939238489 -21.199834816157818 30.01222324371338
41.710842801 -71.44685462675989 -21.220306389033794 30.012261390686035
41.730971813 -71.49222663603723 -21.23397444933653 30.012253761291504
41.750843512 -71.56030372343957 -21.254493705928326 30.01223850250244
41.770826464 -71.60567573271692 -21.26820182055235 30.012207984924316
41.790822042 -71.67370704375207 -21.2887706682086 30.012146949768066
41.810835964 -71.71907142363489 -21.302480690181255 30.012131690979004
41.831212817 -71.78702644072473 -21.32308577746153 30.01208209991455
41.850832651 -71.83233741484582 -21.336816780269146 30.012059211730957
41.870855267 -71.90030769072473 -21.357398979365826 30.012036323547363
41.890813124 -71.9455881472677 -21.37112807482481 30.01200580596924
41.910845159 -72.01355079375207 -21.39170264452696 30.011921882629395
41.931152093 -72.05878547392786 -21.405401222407818 30.011849403381348
41.950866654 -72.12663367949426 -21.425920478999615 30.01175022125244
41.970917698 -72.17183784209192 -21.439577095210552 30.01167392730713
41.990856252 -72.23960212431848 -21.46000289171934 30.011528968811035
42.010836235 -72.28477576933801 -21.473596565425396 30.01143741607666
42.031182963 -72.35248664580286 -21.493911735713482 30.011250495910645
42.050863865 -72.39762977324426 -21.50742530077696 30.01112461090088
42.07090019 -72.46537116728723 -21.52764891833067 30.010933876037598
42.090832051 -72.5105295535177 -21.541086189448833 30.010750770568848
42.110914982 -72.57829383574426 -21.5612316057086 30.010533332824707
42.131121592 -72.62348273955286 -21.574651710689068 30.010354042053223
42.150855005 -72.69125465117395 -21.594783775508404 30.0100679397583
42.170882586 -72.73645118437707 -21.60820197314024 30.00988483428955
42.190823193 -72.80422309599817 -21.62833022326231 30.00957202911377
42.210845001 -72.8494196292013 -21.64174460619688 30.009411811828613
42.230942536 -72.9171457644552 -21.661874763667583 30.0090913772583
42.250889647 -72.96230415068567 -21.675296775996685 30.008870124816895
42.270843442 -73.03005317412317 -21.695430748164654 30.00853443145752
42.290833694 -73.07519630156457 -21.70886229723692 30.008267402648926
42.310852887 -73.14293769560754 -21.729007713496685 30.007908821105957
42.330998826 -73.18810371123254 -21.742446891963482 30.00767230987549
42.350856008 -73.25584510527551 -21.762603752315044 30.007351875305176
42.370838643 -73.30102637968957 -21.776037208735943 30.00716495513916
42.390831199 -73.36876777373254 -21.796140663325787 30.006905555725098
42.410848062 -73.41394141875207 -21.809518806636333 30.00681781768799
42.430967745 -73.48171333037317 -21.829551689326763 30.006718635559082
42.450866979 -73.5269098635763 -21.842884056270123 30.006653785705566
42.470836135 -73.59471992217004 -21.862844459712505 30.006558418273926
42.490837072 -73.63993934355676 -21.87613867968321 30.006505012512207
42.510897394 -73.70781043730676 -21.89608573168516 30.006524085998535
42.531068583 -73.75309089384973 -21.90939139574766 30.00654697418213
42.550844543 -73.82104591093957 -21.929317466914654 30.006619453430176
42.57083296 -73.86637977324426 -21.942584984004498 30.006691932678223
42.590816132 -73.93447211943567 -21.962501518428326 30.00674533843994
42.610871854 -73.9798899050802 -21.975770942866802 30.0067720413208
42.631048973 -74.04805091582239 -21.995670311152935 30.00682544708252
42.650839009 -74.0935144778341 -22.008922569453716 30.006863594055176
42.67085915 -74.16173652373254 -22.028783790767193 30.00693988800049
42.690899702 -74.20723060332239 -22.042009346187115 30.007004737854004
42.710822939 -74.27548316679895 -22.061834327876568 30.00715732574463
42.731101221 -74.32099250517786 -22.075036995112896 30.007271766662598
42.750935031 -74.38926795683801 -22.094810478389263 30.007390022277832
42.770834761 -74.43480781279504 -22.107982628047466 30.00746250152588
42.790823661 -74.50315955840051 -22.12769889086485 30.00758457183838
42.810841802 -74.5487375613302 -22.140832893550396 30.007630348205566
42.831094726 -74.61712745390832 -22.160520546138287 30.007699012756348
42.850879997 -74.6627512332052 -22.173614494502544 30.007695198059082
42.870856451 -74.73121741972864 -22.19324492663145 30.00764560699463
42.890865397 -74.77690223418176 -22.206314079463482 30.00759220123291
42.910815301 -74.84542945586145 -22.22591971606016 30.007458686828613
42.930983824 -74.89112952910364 -22.238990776240826 30.00737476348877
42.950871444 -74.95967963896692 -22.258609764277935 30.00724506378174
42.970841824 -75.0054026003927 -22.271692268550396 30.00718402862549
42.990825601 -75.0739832278341 -22.291324608027935 30.007073402404785
43.010812718 -75.11970618925989 -22.304414741694927 30.007023811340332
43.031094401 -75.18830207549036 -22.324052803218365 30.006985664367676
43.050893834 -75.23404792509973 -22.33715819567442 30.007203102111816
43.070886903 -75.30265144072473 -22.35681151598692 30.008305549621582
43.090837859 -75.34837440215051 -22.36989402025938 30.009568214416504
43.110895701 -75.41691688261926 -22.38943862169981 30.012166023254395
43.131210871 -75.46256355009973 -22.402345649898052 30.014328956604004
43.150906961 -75.53096870146692 -22.421422950923443 30.01817035675049
43.170858098 -75.57650855742395 -22.43384551256895 30.02103900909424
43.190887475 -75.6446848269552 -22.451889030635357 30.025670051574707
43.210835991 -75.69004920683801 -22.463397972285748 30.02892780303955
43.230976449 -75.75790504179895 -22.479822151362896 30.033848762512207
43.25092891 -75.80302528105676 -22.49004554003477 30.03713321685791
43.270832987 -75.87048438750207 -22.504234306514263 30.041916847229004
43.290852213 -75.91529945097864 -22.512815468013287 30.04497241973877
43.310858927 -75.98227790556848 -22.524255745112896 30.04927921295166
43.331360507 -76.0267649050802 -22.530967704951763 30.05193042755127
43.350856265 -76.09326270781457 -22.539234153926373 30.05545139312744
43.370860016 -76.13742927275598 -22.543655388057232 30.05751132965088
43.390823227 -76.20343879424036 -22.548620216548443 30.06017017364502
43.410797053 -76.24729255400598 -22.55057715624571 30.06161594390869
43.43114755 -76.31281379424036 -22.551883690059185 30.063374519348145
43.450911552 -76.35631660185754 -22.551519386470318 30.06425952911377
43.470832833 -76.42130378447473 -22.54910659044981 30.065163612365723
43.490841924 -76.46445563994348 -22.54640769213438 30.06552219390869
43.510857335 -76.52890876494348 -22.540472023189068 30.06566333770752
43.53101049 -76.5717096682638 -22.53542708605528 30.065537452697754
43.550854758 -76.63560584746301 -22.525772087275982 30.06502628326416
43.570843573 -76.67802528105676 -22.518194191157818 30.064499855041504
43.590830399 -76.74140266142786 -22.50514029711485 30.063443183898926
43.610844054 -76.78349403105676 -22.495126716792583 30.062512397766113
43.631029391 -76.84642127715051 -22.478639595210552 30.06092929840088
43.650917848 -76.88823035918176 -22.466556541621685 30.059739112854004
43.670842321 -76.95078376494348 -22.44679068773985 30.057801246643066
43.69081826 -76.99235633574426 -22.432701103389263 30.056435585021973
43.710951327 -77.05462745390832 -22.40983771532774 30.054265022277832
43.73099758 -77.09604743681848 -22.393722526729107 30.05276584625244
43.750920739 -77.15803626738489 -22.368291847407818 30.05046558380127
43.770883054 -77.19925788603723 -22.350543968379498 30.04892063140869
43.79081359 -77.26096442900598 -22.32277487963438 30.046597480773926
43.810821617 -77.30206397734582 -22.303396217525005 30.045056343078613
43.831014401 -77.36358741484582 -22.273372642695904 30.042786598205566
43.850884194 -77.4045496340841 -22.252670280635357 30.041306495666504
43.870844584 -77.46593574248254 -22.220666877925396 30.03915500640869
43.890836444 -77.50679115019739 -22.198787681758404 30.03775119781494
43.910832364 -77.56815437041223 -22.16500472277403 30.035672187805176
43.930963778 -77.60903266631067 -22.14196204394102 30.034321784973145
43.950876536 -77.6703195925802 -22.10665511339903 30.03237247467041
43.970840849 -77.7112131472677 -22.082603447139263 30.03112506866455
43.990832209 -77.7725153323263 -22.045928947627544 30.029332160949707
44.010833015 -77.81339362822473 -22.021066658198833 30.02819538116455
44.03099132 -77.87467292509973 -21.983259193599224 30.026562690734863
44.050893652 -77.9155359622091 -21.95770262926817 30.025521278381348
44.070865536 -77.97685340605676 -21.918872825801373 30.02402973175049
44.090792177 -78.01770118437707 -21.892696373164654 30.023079872131348
44.110957212 -78.07906440459192 -21.853023521602154 30.021794319152832
44.13103985 -78.11997321806848 -21.82634925097227 30.02097797393799
44.15182534 -78.18134406767786 -21.786025993525982 30.019822120666504
44.171828536 -78.22230628691614 -21.75897216051817 30.0191011428833
44.191821419 -78.28371528349817 -21.71812056750059 30.018074989318848
44.211834798 -78.32466987334192 -21.690731041133404 30.01744556427002
44.231959595 -78.38612464629114 -21.649465553462505 30.016514778137207
44.251927824 -78.4270563479513 -21.621816627681255 30.015923500061035
44.271834287 -78.48850349150598 -21.58026122301817 30.01503849029541
44.291814564 -78.52938941679895 -21.55241011828184 30.01448917388916
44.311829326 -78.59071449004114 -21.510581962764263 30.013604164123535
44.332018833 -78.63156226836145 -21.48263358324766 30.013054847717285
44.351880849 -78.69277290068567 -21.4406204149127 30.01229190826416
44.371829408 -78.73355964384973 -21.412641517817974 30.011807441711426
44.391821455 -78.79464057646692 -21.37057112902403 30.011136054992676
44.411796352 -78.83532813750207 -21.342514030635357 30.010769844055176
44.43225802 -78.8962946292013 -21.30040168017149 30.010228157043457
44.451877649 -78.93687537871301 -21.27226447314024 30.00987720489502
44.471837938 -78.99772742949426 -21.23014258593321 30.009331703186035
44.491854363 -79.03825477324426 -21.202037803828716 30.0089693069458
44.511863319 -79.09896949492395 -21.159847252070904 30.00839328765869
44.532025262 -79.1394358035177 -21.13176917284727 30.007981300354004
44.551974117 -79.20002082549036 -21.089509956538677 30.00741672515869
44.571895676 -79.2404108401388 -21.061376564204693 30.007023811340332
44.591811499 -79.30091956816614 -21.019113533198833 30.006463050842285
44.611832552 -79.34122565947473 -20.990941993892193 30.0061616897583
44.632001985 -79.40163520537317 -20.94869612902403 30.005703926086426
44.651882977 -79.44184211455286 -20.92049216479063 30.005425453186035
44.67183975 -79.5021295901388 -20.878232948482037 30.005017280578613
44.69181597 -79.54227546416223 -20.85003089159727 30.004761695861816
44.711809226 -79.6024256106466 -20.8076858446002 30.004387855529785
44.731920346 -79.6425104495138 -20.7794876024127 30.00413227081299
44.751921771 -79.70255378447473 -20.737133018672466 30.00376605987549
44.771844353 -79.74255470000207 -20.70890235155821 30.003518104553223
44.791824899 -79.8025217410177 -20.666587822139263 30.003151893615723
44.811884247 -79.84245399199426 -20.638349525630474 30.002907752990723
44.832569184 -79.90229896269739 -20.59604262560606 30.002564430236816
44.854469219 -79.94213203154504 -20.567819587886333 30.002366065979004
44.874456998 -80.00187019072473 -20.525651924312115 30.002068519592285
44.894449744 -80.04164985381067 -20.49755858629942 30.001893043518066
44.914523676 -80.1012277957052 -20.455440513789654 30.001656532287598
44.934548681 -80.14090827666223 -20.42749022692442 30.001534461975098
44.954470388 -80.20036414824426 -20.385517112910748 30.001381874084473
44.974473295 -80.23997596465051 -20.35755728930235 30.001309394836426
44.994447363 -80.2993479128927 -20.315649025142193 30.00125217437744
45.014573377 -80.3388758059591 -20.287675850093365 30.001255989074707
45.034648603 -80.39814857207239 -20.24581526964903 30.001309394836426
45.054506482 -80.43761542998254 -20.217901222407818 30.001347541809082
45.074448041 -80.49674323759973 -20.176040641963482 30.001404762268066
45.09444095 -80.53611854277551 -20.148107521235943 30.001458168029785
45.114554858 -80.59511665068567 -20.10616683214903 30.001580238342285
45.13460113 -80.63440040312707 -20.078262321650982 30.001667976379395
45.154478194 -80.69325355254114 -20.036348335444927 30.001782417297363
45.174466499 -80.73246864043176 -20.008415214717388 30.001858711242676
45.194432702 -80.79127601347864 -19.966508857905865 30.001973152160645
45.214493617 -80.83043769560754 -19.938535682857037 30.002102851867676
45.234935668 -80.88922218047082 -19.896621696650982 30.002263069152832
45.254484986 -80.9283991213888 -19.86864661425352 30.002388954162598
45.274444651 -80.98715308867395 -19.826644890010357 30.00260639190674
45.294455299 -81.02633765898645 -19.798688881099224 30.00273609161377
45.31450113 -81.08506873808801 -19.75668143481016 30.002915382385254
45.334921199 -81.12423042021692 -19.72867202013731 30.00302219390869
45.354499028 -81.18293098174036 -19.686595909297466 30.003201484680176
45.374508641 -81.22208503447473 -19.658538810908794 30.003323554992676
45.394441532 -81.2808161135763 -19.616437904536724 30.00346088409424
45.414477575 -81.31993964873254 -19.588321678340435 30.003491401672363
45.434524184 -81.37870887480676 -19.546236030757427 30.00346851348877
45.454488734 -81.4179010745138 -19.51816176623106 30.00343418121338
45.474464159 -81.47668555937707 -19.476022712886333 30.0033540725708
45.494467607 -81.51595405302942 -19.44797705858946 30.003270149230957
45.514488144 -81.5748377200216 -19.405824653804302 30.003182411193848
45.53471865 -81.61412147246301 -19.377704612910748 30.003117561340332
45.554483178 -81.67306617461145 -19.335546486079693 30.00302219390869
45.574457162 -81.71234229765832 -19.30740164965391 30.002968788146973
45.594443438 -81.77132514677942 -19.265274040400982 30.002877235412598
45.614444827 -81.81058601103723 -19.237096779048443 30.00285053253174
45.634529152 -81.86952308379114 -19.194889061152935 30.002793312072754
45.654492322 -81.90879920683801 -19.166723243892193 30.002766609191895
45.674464042 -81.96771339140832 -19.12442969530821 30.0027437210083
45.694445653 -82.00699714384973 -19.096263878047466 30.00273609161377
45.714471409 -82.06587318144739 -19.053947441279888 30.00277805328369
45.734750578 -82.10511878691614 -19.02572440356016 30.002816200256348
45.754496163 -82.16396430693567 -18.983402244746685 30.002903938293457
45.7744688 -82.20316413603723 -18.955156318843365 30.00298023223877
45.794470174 -82.26200202666223 -18.91286849230528 30.003125190734863
45.814467747 -82.30120948515832 -18.884645454585552 30.0032320022583
45.83557651 -82.3599939700216 -18.842269890010357 30.00340747833252
45.854505165 -82.39921668730676 -18.814069740474224 30.003567695617676
45.874475599 -82.45796302519739 -18.77164077013731 30.003823280334473
45.894436444 -82.49713996611536 -18.743425361812115 30.00401782989502
45.914460196 -82.55584815703332 -18.701053611934185 30.004334449768066
45.935040744 -82.59498695097864 -18.67281150072813 30.004555702209473
45.954512043 -82.65366462431848 -18.63045310229063 30.004891395568848
45.974483248 -82.6927576418966 -18.602178566157818 30.005120277404785
45.994490271 -82.75138953886926 -18.559833519160748 30.005459785461426
46.01444272 -82.7904596682638 -18.531570427119732 30.005654335021973
46.034614975 -82.84902290068567 -18.48912238329649 30.00593662261963
46.05452559 -82.88805488310754 -18.460853569209576 30.006108283996582
46.074478092 -82.94652656279504 -18.41838263720274 30.006360054016113
46.094437979 -82.98547462187707 -18.39005660265684 30.006516456604004
46.114591681 -83.04386237822473 -18.347564689815044 30.00671100616455
46.134605311 -83.08274940215051 -18.319189064204693 30.006840705871582
46.154505932 -83.1410456057638 -18.276626579463482 30.007046699523926
46.174461394 -83.17987159453332 -18.248207084834576 30.007187843322754
46.19443776 -83.2380915042013 -18.20560073107481 30.00741672515869
46.214514668 -83.27687171660364 -18.177156440913677 30.007569313049316
46.234590733 -83.3349924441427 -18.13442801684141 30.007817268371582
46.254542518 -83.37371925078332 -18.105926506221294 30.008000373840332
46.274474756 -83.43175605498254 -18.063095085322857 30.00828266143799
46.294439941 -83.47039893828332 -18.034507744014263 30.008469581604004
46.314467354 -83.52829078398645 -17.991580955684185 30.00878620147705
46.33476099 -83.56684211455286 -17.96291732043028 30.00898838043213
46.354510128 -83.62458137236536 -17.9198741838336 30.009263038635254
46.374474919 -83.66304115019739 -17.891132347285748 30.00943088531494
46.394511395 -83.72067359648645 -17.847967140376568 30.009671211242676
46.414506096 -83.75905708037317 -17.819145195186138 30.009854316711426
46.434531899 -83.81656745634973 -17.775850288569927 30.010117530822754
46.454500274 -83.8548670168966 -17.746984474360943 30.010266304016113
46.474468877 -83.9122629519552 -17.70362662523985 30.010476112365723
46.494515927 -83.95047858916223 -17.67469023913145 30.010594367980957
46.514446623 -84.0077448245138 -17.63123892992735 30.010743141174316
46.534600014 -84.04588416777551 -17.602226249873638 30.01083469390869
46.554563333 -84.10302833281457 -17.558719627559185 30.010926246643066
46.574453385 -84.14108375273645 -17.52967070788145 30.010964393615723
46.594458519 -84.1981287356466 -17.4860305711627 30.010994911193848
46.614443154 -84.23612312041223 -17.456928245723248 30.010987281799316
46.634882582 -84.29308417998254 -17.413211815059185 30.01096820831299
46.654510084 -84.33103278838098 -17.38404082506895 30.010933876037598
46.674496455 -84.38791755400598 -17.34023856371641 30.01089572906494
46.694467791 -84.42582801543176 -17.311027519404888 30.010884284973145
46.71453348 -84.48268989287317 -17.267200462520123 30.01085376739502
46.734835589 -84.52058509550989 -17.237951271235943 30.01083469390869
46.754809621 -84.57745460234582 -17.194135658442974 30.010815620422363
46.774517511 -84.6153650637716 -17.164899818599224 30.010807991027832
46.794572005 -84.67221931181848 -17.121009819209576 30.010804176330566
46.813593757 -84.7101374026388 -17.091752998530865 30.010777473449707
46.835758679 -84.76699165068567 -17.047828666865826 30.010735511779785
46.882917568 -84.80488685332239 -17.018529884517193 30.01069736480713
46.917372914 -84.86174110136926 -16.97453498095274 30.010632514953613
46.943942192 -84.89962867461145 -16.945173256099224 30.010594367980957
46.963848616 -84.95648292265832 -16.90109061449766 30.010567665100098
46.98435267 -84.99437812529504 -16.871662132441998 30.0105562210083
47.006315535 -85.05124000273645 -16.827499382197857 30.010579109191895
47.026532201 -85.08912757597864 -16.79803466051817 30.010598182678223
47.046952344 -85.14594367705286 -16.753803245723248 30.010624885559082
47.067548117 -85.18381599150598 -16.724323265254498 30.010632514953613
47.091939384 -85.24061683379114 -16.680078499019146 30.010655403137207
47.111662421 -85.2784738894552 -16.650571815669537 30.010682106018066
47.131521715 -85.33524421416223 -16.60630416125059 30.010735511779785
47.152655098 -85.37308601103723 -16.57677649706602 30.010769844055176
47.173723176 -85.42983344756067 -16.53251837939024 30.01085376739502
47.193704522 -85.4676599856466 -16.503002159297466 30.010933876037598
47.213708144 -85.52439216338098 -16.458711616694927 30.011059761047363
47.234586679 -85.56222633086145 -16.429187767207623 30.011178016662598
47.253810835 -85.61897376738489 -16.38485526293516 30.011357307434082
47.274429885 -85.65677741728723 -16.35531233996153 30.01151752471924
47.293720539 -85.71347144804895 -16.310972206294537 30.01176929473877
47.314928314 -85.7512750979513 -16.28140067309141 30.011956214904785
47.337720205 -85.80797675810754 -16.237014763057232 30.012253761291504
47.358721831 -85.84578040800989 -16.207401268184185 30.012455940246582
47.378633764 -85.90246680937707 -16.16297721117735 30.01284122467041
47.398676175 -85.94026282988489 -16.133354179561138 30.01309299468994
47.418876273 -85.9969568606466 -16.088911049067974 30.01347064971924
47.440238578 -86.03471473418176 -16.05932044237852 30.013741493225098
47.459665515 -86.09135535918176 -16.014924995601177 30.014134407043457
47.479688129 -86.12911323271692 -15.985334388911724 30.01439380645752
47.499734519 -86.18575385771692 -15.940924637019634 30.014771461486816
47.519806146 -86.22350410185754 -15.911303512752056 30.015027046203613
47.541149534 -86.28012183867395 -15.866867057979107 30.01543140411377
47.561175976 -86.31787208281457 -15.83722972124815 30.015694618225098
47.581218582 -86.37449744902551 -15.792778961360455 30.016037940979004
47.601363446 -86.41223243437707 -15.763136856257915 30.01625156402588
47.621274566 -86.46882728300989 -15.718660347163677 30.016560554504395
47.641157517 -86.5065012332052 -15.689031593501568 30.016785621643066
47.661173281 -86.56300452910364 -15.644581787288189 30.01710605621338
47.681135059 -86.60066322050989 -15.614944450557232 30.017277717590332
47.70121119 -86.65712836943567 -15.570487968623638 30.017518043518066
47.721754943 -86.69477180205286 -15.540843956172466 30.01768970489502
47.741305609 -86.75117591582239 -15.496417991816998 30.017971992492676
47.761168116 -86.78875831328332 -15.466816894710064 30.018155097961426
47.781163045 -86.84511665068567 -15.422439567744732 30.01840305328369
47.801210875 -86.88266853056848 -15.392881385982037 30.018567085266113
47.821273984 -86.93895820342004 -15.348574630916119 30.01883029937744
47.84116626 -86.97645667754114 -15.319071762263775 30.019009590148926
47.861157904 -87.03268531523645 -15.27480124682188 30.01925754547119
47.881171424 -87.07016853056848 -15.245281212031841 30.019410133361816
47.902993806 -87.12635902129114 -15.201002113521099 30.019593238830566
47.924220177 -87.1638269778341 -15.171474449336529 30.01970386505127
47.944541468 -87.21996406279504 -15.127209655940533 30.019829750061035
47.964506067 -87.25738624297082 -15.09770392626524 30.019898414611816
47.985143155 -87.31350043974817 -15.05345057696104 30.019978523254395
48.00879525 -87.35085395537317 -15.023945800960064 30.020005226135254
48.028978712 -87.40687659941614 -14.979665748775005 30.019986152648926
48.048685302 -87.44421485625207 -14.950124733150005 30.01994800567627
48.06916108 -87.50022224150598 -14.905816070735455 30.019875526428223
48.088717971 -87.53752235136926 -14.876297943294048 30.01986026763916
48.10864331 -87.59346107207239 -14.832023613154888 30.0198335647583
48.128638351 -87.63075355254114 -14.802501671016216 30.019829750061035
48.151941769 -87.68660834990442 -14.758176796138287 30.01982593536377
48.173840257 -87.72383216582239 -14.728615753352642 30.019810676574707
48.193860399 -87.77964881621301 -14.684255592525005 30.019776344299316
48.215493971 -87.81684974394739 -14.654671661555767 30.0197114944458
48.236232259 -87.87266639433801 -14.610284797847271 30.019627571105957
48.258650129 -87.90988258086145 -14.580679886043072 30.01956272125244
48.278158587 -87.96574500761926 -14.53625487536192 30.019455909729004
48.298144797 -88.00299934111536 -14.506630890071392 30.019322395324707
48.318313867 -88.05893806181848 -14.462175361812115 30.019097328186035
48.338721293 -88.09625343047082 -14.43252944201231 30.018959999084473
48.358246798 -88.1522531863302 -14.388076774775982 30.018750190734863
48.37852116 -88.18959144316614 -14.358442299067974 30.018620491027832
48.398170151 -88.2456369753927 -14.313982002437115 30.018406867980957
48.421607124 -88.28299812041223 -14.284340851008892 30.01826572418213
48.441239178 -88.33906654082239 -14.239873878657818 30.018059730529785
48.461252064 -88.37645820342004 -14.210224144160748 30.01790714263916
48.483119001 -88.43255714140832 -14.16574191302061 30.017678260803223
48.503204412 -88.4699793215841 -14.13608168810606 30.017495155334473
48.523159854 -88.52611640654504 -14.091598503291607 30.01722812652588
48.543122127 -88.56356147490442 -14.061946861445904 30.017083168029785
48.563276633 -88.61976722441614 -14.01747702807188 30.016915321350098
48.583156598 -88.6572580691427 -13.987871162593365 30.016839027404785
48.603123133 -88.7135324832052 -13.943453781306744 30.016762733459473
48.623126296 -88.7510309573263 -13.913866989314556 30.016751289367676
48.643154793 -88.80729011259973 -13.869481079280376 30.016770362854004
48.66312028 -88.84479621611536 -13.839898101985455 30.016804695129395
48.683137286 -88.9010324832052 -13.795526497066021 30.016884803771973
48.703960116 -88.9385309573263 -13.765942566096783 30.01693058013916
48.723179343 -88.99472907744348 -13.721606247127056 30.01699924468994
48.743155176 -89.03218177519739 -13.692052833735943 30.01704502105713
48.763094309 -89.08836463652551 -13.647727005183697 30.01712131500244
48.783101412 -89.12580970488489 -13.618165008723736 30.017178535461426
48.804659973 -89.1820154543966 -13.573804847896099 30.017285346984863
48.824185624 -89.2195139285177 -13.544208519160748 30.017361640930176
48.845248805 -89.27583411894739 -13.499786369502544 30.017491340637207
48.86410067 -89.3134088870138 -13.470162384212017 30.017579078674316
48.884142844 -89.36982063017786 -13.425747863948345 30.017701148986816
48.904176464 -89.40744880400598 -13.39614199846983 30.017788887023926
48.92411699 -89.46395209990442 -13.351736061275005 30.01789951324463
48.944119629 -89.5016413088888 -13.32214068621397 30.01796054840088
48.964115301 -89.55822089873254 -13.277752868831158 30.01802921295166
48.984109521 -89.59598640166223 -13.248164169490337 30.018074989318848
49.004172789 -89.65265754424036 -13.203790657222271 30.018181800842285
49.024150819 -89.69046882353723 -13.17421817034483 30.0182466506958
49.044091082 -89.74719337187707 -13.129857055842876 30.018349647521973
49.064090251 -89.78501228056848 -13.100281707942486 30.018418312072754
49.084118565 -89.84174445830286 -13.055920593440533 30.01851749420166
49.104334784 -89.87957862578332 -13.02632998675108 30.01860523223877
49.125198449 -89.93634895049036 -12.981922142207623 30.018731117248535
49.145135452 -89.97420600615442 -12.952311508357525 30.018792152404785
49.165201765 -90.03099158965051 -12.907891266047955 30.01884937286377
49.185321087 -90.0688562747091 -12.878244392573833 30.018879890441895
49.205405999 -90.12567237578332 -12.833758346736431 30.01890277862549
49.22528966 -90.16355994902551 -12.804080002009869 30.018914222717285
49.245130645 -90.2203913088888 -12.759533874690533 30.018929481506348
49.265167009 -90.25828651152551 -12.72982882708311 30.018933296203613
49.288617032 -90.31511024199426 -12.685264579951763 30.018925666809082
49.310276561 -90.35300544463098 -12.655585281550884 30.018895149230957
49.330244853 -90.40985969267786 -12.611110679805279 30.01884174346924
49.350263395 -90.44777778349817 -12.581517212092876 30.018803596496582
49.370692703 -90.50465491972864 -12.537172310054302 30.018746376037598
49.390325093 -90.54258063994348 -12.507655136287212 30.018715858459473
49.41027849 -90.59948066435754 -12.463411323726177 30.018738746643066
49.430304583 -90.63741401396692 -12.43395995348692 30.01875400543213
49.450269123 -90.69433692656457 -12.389832489192486 30.01878070831299
49.470514182 -90.73229316435754 -12.360429756343365 30.018799781799316
49.490337639 -90.78927711211145 -12.31634520739317 30.018864631652832
49.510291022 -90.8272791262716 -12.286956779658794 30.018929481506348
49.530265787 -90.88432410918176 -12.242871277034283 30.019043922424316
49.550284581 -90.92235664092004 -12.213470451533794 30.01912021636963
49.570494166 -90.97940925322473 -12.169365875422955 30.019219398498535
49.590306103 -91.01744941435754 -12.139952652156353 30.019295692443848
49.61027212 -91.0744943972677 -12.09581183642149 30.019402503967285
49.630324623 -91.11252692900598 -12.066381447017193 30.019471168518066
49.650345719 -91.1695871707052 -12.022225372493267 30.019577980041504
49.67046713 -91.20763496123254 -11.992793075740337 30.019639015197754
49.690356246 -91.26474097929895 -11.948652260005474 30.019700050354004
49.710311291 -91.30284217558801 -11.91923712939024 30.01974582672119
49.730264837 -91.36002448759973 -11.875133506953716 30.019810676574707
49.750296125 -91.39817908965051 -11.845729820430279 30.019848823547363
49.770534152 -91.45541480742395 -11.801625244319439 30.019902229309082
49.790333737 -91.4935846682638 -11.77222441881895 30.019944190979004
49.810278328 -91.55088142119348 -11.728097908198833 30.02001667022705
49.83028722 -91.58909705840051 -11.698678009212017 30.020058631896973
49.850272339 -91.64644721709192 -11.654516212642193 30.020146369934082
49.870495294 -91.6847010012716 -11.62507151812315 30.020203590393066
49.890319477 -91.74208930693567 -11.580897323787212 30.02029514312744
49.910300166 -91.78038123808801 -11.551409713923931 30.02034854888916
49.930280873 -91.83781532011926 -11.507203094661236 30.020424842834473
49.950285846 -91.8761072512716 -11.477696411311626 30.020493507385254
49.970373987 -91.93355659209192 -11.433427803218365 30.02060031890869
49.990305168 -91.97184852324426 -11.403892509639263 30.02067279815674
50.010287548 -92.02929786406457 -11.359584800899029 30.02073383331299
50.030301542 -92.06760505400598 -11.330050460994244 30.02077579498291
50.050282336 -92.12511542998254 -11.285683624446392 30.020813941955566
50.070563191 -92.1634607668966 -11.25610350817442 30.02083683013916
50.090335936 -92.22099403105676 -11.211722366511822 30.020867347717285
50.11028764 -92.25936225615442 -11.18210219591856 30.020859718322754
50.13033305 -92.3169260378927 -11.137678138911724 30.020848274230957
50.150318677 -92.35531715117395 -11.108046524226665 30.020825386047363
50.170396631 -92.41293433867395 -11.063588134944439 30.020752906799316
50.190300061 -92.45135596953332 -11.033953659236431 30.020699501037598
50.210353528 -92.50898841582239 -10.989527694880962 30.02053928375244
50.230297296 -92.5474176760763 -10.959924690425396 30.020432472229004
50.250291627 -92.60509589873254 -10.915493004024029 30.02027988433838
50.27039048 -92.64354804717004 -10.885868065059185 30.020180702209473
50.290336995 -92.70123389922082 -10.84142779558897 30.020028114318848
50.310274834 -92.73970130644739 -10.811744682490826 30.019967079162598
50.330276198 -92.7973947878927 -10.767216674983501 30.01989459991455
50.350278582 -92.83585456572473 -10.737510673701763 30.019871711730957
50.370342682 -92.89355567656457 -10.692927353084087 30.019856452941895
50.3902916 -92.9320154543966 -10.663210861384869 30.019856452941895
50.410277847 -92.98971656523645 -10.618569366633892 30.019909858703613
50.430264366 -93.02818397246301 -10.588788025081158 30.019936561584473
50.450278101 -93.08589271269739 -10.544087402522564 30.019951820373535
50.470728365 -93.12436774931848 -10.514280311763287 30.01994800567627
50.490301146 -93.18206886015832 -10.469571106135845 30.01992130279541
50.510269455 -93.22053626738489 -10.439725868403912 30.019841194152832
50.530295176 -93.2782297488302 -10.394969932734966 30.019722938537598
50.550274216 -93.31667426787317 -10.365114204585552 30.019654273986816
50.570478819 -93.37431434355676 -10.320324890315533 30.019566535949707
50.590326481 -93.4127283450216 -10.290480606257915 30.019509315490723
50.610296831 -93.47037605009973 -10.245652191340923 30.019421577453613
50.63029533 -93.50880531035364 -10.215764991939068 30.019360542297363
50.650340257 -93.56646827422082 -10.170925132930279 30.019272804260254
50.670358145 -93.60494331084192 -10.140963546931744 30.019204139709473
50.690379176 -93.66264442168176 -10.096035949885845 30.0191011428833
50.710291117 -93.70112708769739 -10.066059105098248 30.019017219543457
50.730242442 -93.75882819853723 -10.021116249263287 30.01888370513916
50.750288863 -93.79728034697473 -9.991145126521587 30.01878070831299
50.770386336 -93.8548899050802 -9.946162216365337 30.018609046936035
50.790278495 -93.89328101836145 -9.916186325252056 30.018494606018066
50.810285161 -93.95082191191614 -9.871163360774517 30.018357276916504
50.830298247 -93.98915961943567 -9.841145507991314 30.018269538879395
50.850269002 -94.04664710722864 -9.796114914119244 30.018120765686035
50.870371105 -94.08491615019739 -9.766033165156841 30.017998695373535
50.890301871 -94.14231208525598 -9.720927231013775 30.01781177520752
50.910300097 -94.18055824004114 -9.690835945308208 30.017666816711426
50.930249799 -94.2379236575216 -9.645656578242779 30.017457008361816
50.950310703 -94.27616218291223 -9.615551941096783 30.017300605773926
50.970386817 -94.3335276003927 -9.570325843989849 30.017006874084473
50.990314923 -94.37177375517786 -9.540233604609966 30.016831398010254
51.010302662 -94.42912391386926 -9.494986526668072 30.01661777496338
51.030260321 -94.46734718047082 -9.464826576411724 30.01650333404541
51.050262962 -94.52465919218957 -9.419599525630474 30.01635456085205
51.070385051 -94.56284431181848 -9.389402382075787 30.01627826690674
51.090311547 -94.62014106474817 -9.344151489436626 30.016194343566895
51.110301736 -94.65834144316614 -9.313987724483013 30.0161714553833
51.130335274 -94.7156305667013 -9.268747322261333 30.016160011291504
51.150335089 -94.7538385745138 -9.238618843257427 30.016148567199707
51.17038927 -94.81117347441614 -9.193375580012798 30.016152381896973
51.190338365 -94.84940437041223 -9.163225166499615 30.01616382598877
51.210285959 -94.90675452910364 -9.118011467158794 30.016182899475098
51.23026967 -94.94501594267786 -9.087835304439068 30.016194343566895
51.25028336 -95.00241187773645 -9.042672149837017 30.016247749328613
51.270417384 -95.04067329131067 -9.012587539851665 30.016304969787598
51.290308833 -95.0980768557638 -8.967516891658306 30.016404151916504
51.310279284 -95.13637641631067 -8.937485687434673 30.01649570465088
51.330283253 -95.19384101592004 -8.89244269579649 30.0166597366333
51.350260537 -95.23216346465051 -8.862443916499615 30.016777992248535
51.370386034 -95.28966621123254 -8.817405693233013 30.01701068878174
51.390335143 -95.32801917754114 -8.787388794124126 30.017178535461426
51.410303426 -95.38556007109582 -8.742380134761333 30.01754856109619
51.430283775 -95.42395118437707 -8.712342254817486 30.01780414581299
51.450277104 -95.48156837187707 -8.667330734431744 30.018181800842285
51.47034717 -95.52000526152551 -8.637325279414654 30.018437385559082
51.490311048 -95.57770637236536 -8.592298500239849 30.01884174346924
51.510317547 -95.61618903838098 -8.562306396663189 30.019104957580566
51.530306214 -95.67392066679895 -8.517309181392193 30.019532203674316
51.550261824 -95.71241859160364 -8.487340919673443 30.019814491271973
51.570343746 -95.77016547881067 -8.44235324114561 30.020283699035645
51.590321651 -95.80867866240442 -8.41238497942686 30.02060031890869
51.610314547 -95.8664636965841 -8.367474548518658 30.02116107940674
51.630347935 -95.90499976836145 -8.337517730891705 30.021557807922363
51.65028245 -95.9628229495138 -8.292628280818462 30.02214527130127
51.670334995 -96.00138190947473 -8.262706749141216 30.02253818511963
51.69031981 -96.0592356082052 -8.217853538691998 30.023091316223145
51.7103113 -96.0978098269552 -8.187991134822369 30.02340030670166
51.730296823 -96.15571693144739 -8.143165580928326 30.023797035217285
51.750260115 -96.19432166777551 -8.113304130733013 30.024022102355957
51.770425182 -96.25224403105676 -8.068538658320904 30.024304389953613
51.79032743 -96.29086402617395 -8.038704864680767 30.024468421936035
51.810274224 -96.3487863894552 -7.9939718171954155 30.02468967437744
51.830259829 -96.38737586699426 -7.964117042720318 30.02480411529541
51.850266525 -96.44526008330286 -7.919377319514751 30.024971961975098
51.870338593 -96.48382667265832 -7.889548771083355 30.025078773498535
51.89032615 -96.54168800078332 -7.844804756343365 30.025216102600098
51.910284123 -96.58026221953332 -7.815003864467144 30.025349617004395
51.930259828 -96.63813880644739 -7.770219795405865 30.025506019592285
51.950265889 -96.67672065459192 -7.74037217348814 30.025601387023926
51.970370378 -96.73458961211145 -7.695617191493511 30.02572727203369
51.990305811 -96.77316383086145 -7.665740005671978 30.025761604309082
52.010288225 -96.83102515898645 -7.62095832079649 30.025803565979004
52.030268367 -96.86959937773645 -7.59109353274107 30.025784492492676
52.050277772 -96.92745307646692 -7.546358101069927 30.02571201324463
52.070307653 -96.96601966582239 -7.516556732356548 30.025628089904785
52.090338222 -97.02387336455286 -7.471886150538921 30.025444984436035
52.110293332 -97.06243995390832 -7.442146293818951 30.02525043487549
52.13024333 -97.12025550566614 -7.3975434228777885 30.024853706359863
52.150257676 -97.15877631865442 -7.367835991084576 30.024571418762207
52.170406443 -97.21654609404504 -7.323321811854839 30.02413272857666
52.190655128 -97.25502876006067 -7.29364537447691 30.023816108703613
52.210364213 -97.31276038847864 -7.24919842928648 30.023362159729004
52.23026338 -97.35124305449426 -7.219602577388287 30.02305316925049
52.250316951 -97.4089670535177 -7.17523431032896 30.022603034973145
52.270327746 -97.44744971953332 -7.145692817866802 30.02232074737549
52.290509397 -97.50523475371301 -7.10135792940855 30.021912574768066
52.310302779 -97.54374793730676 -7.07185935229063 30.02168369293213
52.330253419 -97.60152534209192 -7.027616493403912 30.02134418487549
52.350270002 -97.64003852568567 -6.998137943446636 30.02111530303955
52.370298761 -97.6978083010763 -6.953949920833111 30.02077579498291
52.390344675 -97.73632148467004 -6.924469940364361 30.020520210266113
52.410302811 -97.79411414824426 -6.880288116633892 30.0200777053833
52.430269653 -97.83266547881067 -6.850828163325787 30.019783973693848
52.450281896 -97.89051917754114 -6.806640140712261 30.01933002471924
52.470288132 -97.9291086550802 -6.777207367122173 30.019036293029785
52.490350586 -97.98704627715051 -6.732990734279156 30.018589973449707
52.510323647 -98.02568153105676 -6.703534118831158 30.01830005645752
52.530236895 -98.0836496707052 -6.659382335841656 30.017888069152832
52.550277073 -98.12233070097864 -6.629944793879986 30.017590522766113
52.570294208 -98.18035987578332 -6.585872642695904 30.017159461975098
52.590340721 -98.21906379424036 -6.556485645473003 30.016858100891113
52.610309708 -98.2771082278341 -6.5124397203326225 30.016369819641113
52.630260059 -98.31581214629114 -6.483068935573101 30.016045570373535
52.650291445 -98.37387946806848 -6.439001552760601 30.015564918518066
52.670330336 -98.41259101592004 -6.409646026790142 30.015263557434082
52.690645998 -98.45127967558801 -6.380252830684185 30.014962196350098
52.710313605 -98.5093088503927 -6.336213104426861 30.014531135559082
52.73025432 -98.5673151370138 -6.2922129556536674 30.014138221740723
52.750275187 -98.60598090849817 -6.262848846614361 30.01387882232666
52.770286002 -98.6639719363302 -6.218861572444439 30.01350498199463
52.792811129 -98.70260719023645 -6.189564220607281 30.013279914855957
52.812758388 -98.76056007109582 -6.145654194056988 30.01292896270752
52.832728903 -98.79919532500207 -6.116416923701763 30.01271152496338
52.852658759 -98.85710242949426 -6.072619907557964 30.012410163879395
52.87289989 -98.89569953642786 -6.043467991054058 30.012227058410645
52.8927617 -98.95353797636926 -5.9998078271746635 30.011971473693848
52.912751529 -98.99208930693567 -5.970735542476177 30.01175022125244
52.93269102 -99.04989722929895 -5.927182666957378 30.011452674865723
52.952681951 -99.08844093047082 -5.898180477321148 30.011265754699707
52.973306778 -99.14625648222864 -5.854718677699566 30.01101779937744
52.992692119 -99.18479255400598 -5.825760833919048 30.01085376739502
53.012737277 -99.24261573515832 -5.78235387057066 30.010655403137207
53.032699713 -99.28117469511926 -5.753443233668804 30.010533332824707
53.052673511 -99.3390436526388 -5.710116855800152 30.010323524475098
53.072939915 -99.37764075957239 -5.681260101497173 30.0101900100708
53.0927027 -99.43557075224817 -5.6380171701312065 30.010010719299316
53.112682317 -99.47420600615442 -5.609214298427105 30.009907722473145
53.132722554 -99.53218940459192 -5.566046707332134 30.009778022766113
53.152654537 -99.57084754668176 -5.537281982600689 30.009678840637207
53.17299833 -99.62882331572473 -5.494170181453228 30.009533882141113
53.19271987 -99.66747382842004 -5.465441696345806 30.009453773498535
53.212681523 -99.72545722685754 -5.4223847314715385 30.00938129425049
53.232660515 -99.76410773955286 -5.393707267940044 30.009350776672363
53.252685777 -99.82210639677942 -5.350664608180523 30.009278297424316
53.272978034 -99.86077979765832 -5.321970455348492 30.009224891662598
53.29269619 -99.91878608427942 -5.2789378091692924 30.009148597717285
53.312663056 -99.95745948515832 -5.250243656337261 30.009099006652832
53.332673478 -100.01546577177942 -5.207225315272808 30.009026527404785
53.352654573 -100.05414680205286 -5.178546421229839 30.008965492248535
53.373204402 -100.11216071806848 -5.135546199977398 30.00887393951416
53.392705674 -100.15083411894739 -5.10686969012022 30.008816719055176
53.412716673 -100.20883277617395 -5.063873283565044 30.0087251663208
53.432661706 -100.2474909182638 -5.0352315828204155 30.008667945861816
53.452659147 -100.30548194609582 -4.99230145663023 30.008477210998535
53.472785747 -100.34411720000207 -4.96371316164732 30.00833225250244
53.492739378 -100.40204719267786 -4.9208798334002495 30.008118629455566
53.512667084 -100.44062141142786 -4.8923811838030815 30.007981300354004
53.532646893 -100.49847511015832 -4.84967278689146 30.00779438018799
53.552673393 -100.53702644072473 -4.8212351724505424 30.007668495178223
53.57280293 -100.59479621611536 -4.778623096644878 30.00747776031494
53.592712721 -100.63328651152551 -4.750234596431255 30.007363319396973
53.612738283 -100.69091895781457 -4.707668296992779 30.007210731506348
53.632690058 -100.72934821806848 -4.6793074533343315 30.0071382522583
53.652674325 -100.78688911162317 -4.63677691668272 30.007019996643066
53.672974813 -100.82521918974817 -4.608433239161968 30.00693988800049
53.692763676 -100.88267615996301 -4.565933220088482 30.006821632385254
53.712666073 -100.9209070559591 -4.537592403590679 30.006726264953613
53.732668127 -100.97824958525598 -4.495076172053814 30.006585121154785
53.76229962 -101.01644996367395 -4.466715805232525 30.00648593902588
53.792582373 -101.07372382842004 -4.424149505794048 30.006348609924316
53.814242541 -101.11191657744348 -4.395771495997906 30.006260871887207
53.834318143 -101.1691980715841 -4.353167526423931 30.00609302520752
53.854212158 -101.20739082060754 -4.324748985469341 30.005993843078613
53.874280945 -101.26468757353723 -4.282105915248394 30.00587558746338
53.894289584 -101.30290321074426 -4.253626815974712 30.0057954788208
53.914264177 -101.3602609988302 -4.210936062037945 30.005715370178223
53.934253903 -101.39849952422082 -4.182460777461529 30.005635261535645
53.954223077 -101.45588020049036 -4.139753334224224 30.005528450012207
53.974330347 -101.49414161406457 -4.111263744533062 30.00545597076416
53.99433263 -101.55159095488489 -4.0685191079974174 30.00536823272705
54.014231034 -101.58990577422082 -4.040033809840679 30.005322456359863
54.034305268 -101.64742377959192 -3.997304432094097 30.005261421203613
54.054216546 -101.68578437529504 -3.968824617564678 30.00523853302002
54.074321017 -101.7433405276388 -3.926115743815899 30.00523090362549
54.094260124 -101.78170875273645 -3.8975832387804985 30.005215644836426
54.114256738 -101.83929542265832 -3.854772560298443 30.00523090362549
54.134269845 -101.8777170535177 -3.8261938020586967 30.005242347717285
54.154197281 -101.93534187041223 -3.783263199031353 30.005295753479004
54.1743479 -101.9737635012716 -3.7546331807971 30.00535297393799
54.194249923 -102.03138831816614 -3.7116439267992973 30.00546360015869
54.214228989 -102.06980231963098 -3.6829857751727104 30.005555152893066
54.234295855 -102.12739661894739 -3.639959566295147 30.0056734085083
54.254257887 -102.16581062041223 -3.6112911626696587 30.00575351715088
54.274334767 -102.2234430667013 -3.5683104917407036 30.0059175491333
54.294270003 -102.26185706816614 -3.539684049785137 30.00601291656494
54.314230522 -102.31950477324426 -3.4967727586627007 30.0061616897583
54.334230964 -102.35793403349817 -3.4681816026568413 30.00622272491455
54.354244798 -102.41561988554895 -3.4253287240862846 30.006291389465332
54.374392463 -102.45409492217004 -3.396781913936138 30.00633716583252
54.394284852 -102.5118494387716 -3.353975288569927 30.00637912750244
54.414231299 -102.55037025175989 -3.3254680559039116 30.0064058303833
54.434244976 -102.60817817412317 -3.2827551290392876 30.00645923614502
54.4542259 -102.6467371340841 -3.254313699901104 30.00648593902588
54.474310861 -102.7045984622091 -3.2117025777697563 30.006543159484863
54.494285065 -102.74320319853723 -3.1833167001605034 30.006550788879395
54.514241567 -102.80112556181848 -3.140766851603985 30.00655460357666
54.534221056 -102.8397531863302 -3.1124157831072807 30.006566047668457
54.554233053 -102.89772132597864 -3.0699250623583794 30.006539344787598
54.574365985 -102.93637946806848 -3.0416209623217583 30.00652027130127
54.5942939 -102.99440101347864 -2.99917721003294 30.00644016265869
54.614222796 -103.0330896731466 -2.970885507762432 30.00639057159424
54.634250682 -103.09113410674036 -2.9284570142626762 30.006321907043457
54.654206089 -103.12986091338098 -2.9001564905047417 30.00626850128174
54.674335657 -103.18798164092004 -2.85772155970335 30.006226539611816
54.694277947 -103.22676185332239 -2.8294396325945854 30.006211280822754
54.714262738 -103.2849436160177 -2.787051908671856 30.006203651428223
54.734237174 -103.32375434599817 -2.758818380534649 30.006230354309082
54.75422065 -103.38198188506067 -2.7165129110217094 30.006264686584473
54.774490253 -103.42080024443567 -2.68833040446043 30.0062837600708
54.794290412 -103.47900489531457 -2.6461298391222954 30.00630283355713
54.814249012 -103.51778510771692 -2.6180143281817436 30.006314277648926
54.834246026 -103.57591346465051 -2.5758640691637993 30.00633716583252
54.854231583 -103.61464027129114 -2.547817461192608 30.00632953643799
54.874359388 -103.67270759306848 -2.505785696208477 30.006291389465332
54.894266748 -103.71138862334192 -2.4778094217181206 30.00624179840088
54.91429486 -103.76937202177942 -2.4359016343951225 30.006165504455566
54.934213934 -103.8080149050802 -2.407979242503643 30.0061616897583
54.954221136 -103.86595252715051 -2.3661413118243217 30.00615406036377
54.974580876 -103.90458778105676 -2.338246814906597 30.00614643096924
54.994274198 -103.96247199736536 -2.2964618131518364 30.006104469299316
55.014273036 -104.00105384550989 -2.268622152507305 30.006089210510254
55.034243285 -104.05891517363489 -2.2268865033984184 30.006062507629395
55.054232506 -104.09747413359582 -2.1991205140948296 30.0060396194458
55.074397235 -104.15532020293176 -2.157483331859112 30.005993843078613
55.094258529 -104.1938791628927 -2.129745714366436 30.005940437316895
55.114260423 -104.2517176028341 -2.088149778544903 30.00584888458252
55.134242773 -104.29027656279504 -2.0604224130511284 30.0057954788208
55.154239235 -104.34811500273645 -2.0188364908099174 30.005681037902832
55.17434736 -104.38667396269739 -1.9911134168505669 30.005608558654785
55.194288662 -104.4444895144552 -1.949534885585308 30.005501747131348
55.214232003 -104.48303321562707 -1.9218414947390556 30.005425453186035
55.234229709 -104.54086402617395 -1.8802899047732353 30.005356788635254
55.254222898 -104.57939246855676 -1.8525983020663261 30.005303382873535
55.274325721 -104.63718513213098 -1.8110532686114311 30.005242347717285
55.29424274 -104.67570594511926 -1.7833464071154594 30.005200386047363
55.314260487 -104.73347572050989 -1.7417347356677055 30.005154609680176
55.334233753 -104.77198890410364 -1.7139781638979912 30.005112648010254
55.354237564 -104.82978919707239 -1.6722598001360893 30.00500202178955
55.37432931 -104.86834815703332 -1.64441429823637 30.004937171936035
55.394282499 -104.92621711455286 -1.6025992557406425 30.00484561920166
55.414241106 -104.96481422148645 -1.5746682807803154 30.00475788116455
55.434245207 -105.02272895537317 -1.5327382013201714 30.004639625549316
55.454256769 -105.06134895049036 -1.504737250506878 30.00454807281494
55.474326686 -105.11933234892786 -1.4626763984560966 30.004361152648926
55.494362618 -105.15800574980676 -1.4346213266253471 30.004239082336426
55.514258444 -105.21604255400598 -1.3925075456500053 30.004021644592285
55.534222196 -105.25475410185754 -1.364425890147686 30.003911018371582
55.554234994 -105.31286720000207 -1.3222336694598198 30.00368595123291
55.574345415 -105.35163978300989 -1.2940844222903252 30.00352954864502
55.594285663 -105.4098215457052 -1.2518325969576836 30.00327777862549
55.614253156 -105.44864753447473 -1.2235867902636528 30.00307559967041
55.634217197 -105.50687507353723 -1.1812125369906425 30.00283145904541
55.65424465 -105.54569343291223 -1.1529364511370659 30.002671241760254
55.674418072 -105.60394386015832 -1.110499732196331 30.002461433410645
55.694306971 -105.64277747832239 -1.0822135135531425 30.002346992492676
55.714255673 -105.70106605254114 -1.039761297404766 30.00216770172119
55.734217649 -105.73993781767786 -1.0114536210894585 30.002049446105957
55.75429767 -105.79826453886926 -0.9689884707331657 30.00190830230713
55.774305701 -105.83715919218957 -0.9406732842326164 30.001843452453613
55.794272439 -105.89552406035364 -0.8981925770640373 30.001774787902832
55.814266255 -105.93443397246301 -0.8698649927973747 30.001736640930176
55.834251549 -105.99279121123254 -0.8274013921618462 30.00167942047119
55.854247096 -106.03169349394739 -0.7991017028689384 30.001656532287598
55.874332947 -106.09005836211145 -0.7566693350672722 30.001599311828613
55.894296327 -106.12897590361536 -0.7283974215388298 30.001572608947754
55.914241499 -106.18734077177942 -0.6860014125704765 30.00154209136963
55.934237218 -106.22624305449426 -0.6577511355280876 30.0015230178833
55.954269907 -106.28459266386926 -0.615394227206707 30.001538276672363
55.974663098 -106.32347968779504 -0.5871550962328911 30.00156879425049
55.994260008 -106.38179877959192 -0.5448191687464714 30.001660346984863
56.014244954 -106.42067817412317 -0.5166108533740044 30.00175952911377
56.034216658 -106.47900489531457 -0.4743296131491661 30.002018928527832
56.054251606 -106.51788428984582 -0.44616397470235825 30.002205848693848
56.074333655 -106.5762033816427 -0.40391259640455246 30.002507209777832
56.094257809 -106.61507514677942 -0.375753752887249 30.00271701812744
56.114278749 -106.6733713503927 -0.333498977124691 30.00302219390869
56.134220686 -106.71222785674036 -0.30532892793416977 30.0032320022583
56.154252149 -106.77050880156457 -0.26307278126478195 30.003552436828613
56.174362514 -106.80935004912317 -0.23489960283041 30.00378131866455
56.194289076 -106.86762336455286 -0.1926535740494728 30.00413990020752
56.214303526 -106.90647987090051 -0.16448350995779037 30.00439167022705
56.234286432 -106.96478370390832 -0.12221016734838486 30.004796028137207
56.254241958 -107.00364783965051 -0.09403695166110992 30.005074501037598
56.274421163 -107.06195167265832 -0.051712170243263245 30.005486488342285
56.294313449 -107.10083106718957 -0.023518450558185577 30.005764961242676
56.314251698 -107.15908149443567 0.018843068275600672 30.0061616897583
56.334236234 -107.1979074832052 0.04709786735475063 30.00644016265869
56.354262293 -107.25612739287317 0.08950081467628479 30.00685214996338
56.37433621 -107.2949304934591 0.11782150715589523 30.00711154937744
56.394376589 -107.35312751494348 0.16030482202768326 30.00749683380127
56.414231245 -107.39191535674036 0.18866267055273056 30.007752418518066
56.434236512 -107.45012000761926 0.23124731332063675 30.008061408996582
56.454245985 -107.48893073759973 0.25963471084833145 30.00827121734619
56.474324511 -107.54718879424036 0.3022678568959236 30.008549690246582
56.49436707 -107.58605292998254 0.33068496733903885 30.00870990753174
56.514261385 -107.64438728056848 0.37330348044633865 30.008938789367676
56.534217451 -107.68330482207239 0.40173984318971634 30.00902271270752
56.55423376 -107.74169257842004 0.4443528726696968 30.009167671203613
56.574384563 -107.78061011992395 0.4727650657296181 30.009224891662598
56.594316917 -107.83899024687707 0.5153562501072884 30.009297370910645
56.614226252 -107.87789252959192 0.5437458828091621 30.009324073791504
56.634246974 -107.93624213896692 0.5863368585705757 30.009411811828613
56.654266337 -107.97514442168176 0.6147179082036018 30.009465217590332
56.674375414 -108.03347114287317 0.6573010161519051 30.009488105773926
56.694319869 -108.07233527861536 0.6856896951794624 30.00949192047119
56.714248793 -108.13060859404504 0.7282722070813179 30.009472846984863
56.734282465 -108.1694422122091 0.7566753104329109 30.009469032287598
56.754263997 -108.22770026884973 0.7992507293820381 30.009461402893066
56.774346725 -108.26654914580286 0.8276289775967598 30.009411811828613
56.794399078 -108.3248377200216 0.8701805546879768 30.00927448272705
56.814245762 -108.36369422636926 0.8985245302319527 30.009194374084473
56.834247533 -108.42199042998254 0.9410300925374031 30.008999824523926
56.854308646 -108.46085456572473 0.9693502262234688 30.00888156890869
56.874287672 -108.51912025175989 1.0118950083851814 30.008667945861816
56.894276872 -108.55792335234582 1.040260560810566 30.00853443145752
56.914258402 -108.61608222685754 1.0828145816922188 30.008347511291504
56.93428813 -108.65480903349817 1.1112129762768745 30.008252143859863
56.954265511 -108.71288398467004 1.1537953689694405 30.0081148147583
56.974348424 -108.75158027373254 1.1821994855999947 30.008023262023926
56.994273649 -108.80961707793176 1.2248431518673897 30.00789737701416
57.014238611 -108.8482981082052 1.253268487751484 30.007824897766113
57.034240203 -108.9063043948263 1.2959529235959053 30.00767993927002
57.054251886 -108.9449777957052 1.3244046047329903 30.007573127746582
57.074266439 -109.0029840823263 1.3670766428112984 30.007412910461426
57.094297531 -109.04164985381067 1.395517237484455 30.00729465484619
57.114238043 -109.09965614043176 1.4381716325879097 30.007100105285645
57.134234604 -109.13834480009973 1.4666204527020454 30.00697422027588
57.154251343 -109.19639686308801 1.5092593505978584 30.006783485412598
57.174252344 -109.2351160403341 1.537671335041523 30.00661563873291
57.194299071 -109.29322913847864 1.580276496708393 30.00631046295166
57.214263068 -109.33197883330286 1.6086638048291206 30.006112098693848
57.234279104 -109.3901453372091 1.6512602642178535 30.00576114654541
57.254317677 -109.42894843779504 1.679659016430378 30.00553607940674
57.274297612 -109.4872141238302 1.7222572639584541 30.005223274230957
57.294464907 -109.52612403593957 1.7506672218441963 30.00498676300049
57.314263153 -109.5845041628927 1.7932691648602486 30.004658699035645
57.334229519 -109.6234445925802 1.8216828182339668 30.004429817199707
57.354282428 -109.68185523711145 1.8642921522259712 30.00411319732666
57.374296721 -109.72078803740442 1.8927079513669014 30.003899574279785
57.394476942 -109.77916053496301 1.9353491142392159 30.003575325012207
57.414232769 -109.81807044707239 1.963765986263752 30.00338077545166
57.434240803 -109.87640479765832 2.0064692571759224 30.003052711486816
57.454263403 -109.91529945097864 2.0349371507763863 30.002861976623535
57.474267154 -109.97364906035364 2.077635772526264 30.002572059631348
57.494378775 -110.01256660185754 2.10610581189394 30.00236988067627
57.514238842 -110.07094672881067 2.1487729623913765 30.002110481262207
57.534233356 -110.10987952910364 2.1772077158093452 30.00192356109619
57.554340088 -110.16831306181848 2.219845302402973 30.001667976379395
57.574225114 -110.20727637968957 2.248247154057026 30.0015230178833
57.594504676 -110.2657785769552 2.2908632829785347 30.00126361846924
57.614244102 -110.30478004179895 2.3192436769604683 30.00113010406494
57.634252595 -110.3632898684591 2.36184836179018 30.000805854797363
57.654364146 -110.40229896269739 2.3902440145611763 30.000603675842285
57.674233661 -110.46080878935754 2.432833679020405 30.000306129455566
57.694354807 -110.49984840117395 2.4612519815564156 30.000115394592285
57.71427442 -110.55841163359582 2.5038564279675484 29.99987506866455
57.734309818 -110.5974436160177 2.5322661474347115 29.99972629547119
57.754256023 -110.65597633086145 2.574917323887348 29.999524116516113
57.774251784 -110.69499305449426 2.6033465936779976 29.99942111968994
57.794763872 -110.73403266631067 2.6317884996533394 29.999321937561035
57.814249912 -110.7926111575216 2.67442274838686 29.999207496643066
57.834251988 -110.8512049075216 2.7170450761914253 29.999089241027832
57.854249517 -110.8902902957052 2.7454693391919136 29.999032020568848
57.87426186 -110.94889930449426 2.788052089512348 29.998982429504395
57.894441924 -110.9879465457052 2.816451318562031 29.99897861480713
57.914332346 -111.04647926054895 2.859025724232197 29.999009132385254
57.934233953 -111.08545020781457 2.887405402958393 29.99905490875244
57.95422458 -111.14382270537317 2.9299521520733833 29.999150276184082
57.974331419 -111.18271735869348 2.958292730152607 29.999226570129395
57.994374586 -111.24095252715051 3.000810630619526 29.99934482574463
58.014226063 -111.27975562773645 3.029129274189472 29.999451637268066
58.034233122 -111.3379221316427 3.0715706422924995 29.99966526031494
58.05424113 -111.37667945586145 3.0998623445630074 29.99980640411377
58.074244573 -111.43480018340051 3.1422679498791695 30.00004291534424
58.094305626 -111.47353461943567 3.1705317571759224 30.000210762023926
58.114332689 -111.53160194121301 3.2129461839795113 30.00047016143799
58.134231728 -111.57030585967004 3.2412109449505806 30.000638008117676
58.154270454 -111.62831214629114 3.2836251333355904 30.00089740753174
58.174264967 -111.66697028838098 3.311892755329609 30.001084327697754
58.194452087 -111.72487739287317 3.354343421757221 30.001378059387207
58.214230005 -111.76347449980676 3.382642038166523 30.001587867736816
58.234337531 -111.8213434573263 3.4250915125012398 30.001961708068848
58.25423825 -111.85986427031457 3.4534013345837593 30.002217292785645
58.274239691 -111.91762641631067 3.4958398416638374 30.002633094787598
58.294354014 -111.95610145293176 3.524130590260029 30.00291156768799
58.314241021 -112.01377967558801 3.566574342548847 30.003350257873535
58.334266505 -112.05221656523645 3.5948584154248238 30.003602027893066
58.35422863 -112.10984901152551 3.6372680738568306 30.003987312316895
58.374229882 -112.14825538359582 3.665525682270527 30.004223823547363
58.394291283 -112.20587257109582 3.707891710102558 30.004551887512207
58.414265839 -112.24428657256067 3.736117608845234 30.004769325256348
58.43425621 -112.30191901884973 3.7784278467297554 30.00511646270752
58.454239078 -112.34037116728723 3.806599624454975 30.00534152984619
58.47425718 -112.39807227812707 3.848819740116596 30.00570774078369
58.494392883 -112.43653968535364 3.8769390657544136 30.005959510803223
58.514267973 -112.49427894316614 3.919108159840107 30.00631046295166
58.534230616 -112.53279975615442 3.947205074131489 30.006558418273926
58.554223585 -112.59064582549036 3.989328868687153 30.00691318511963
58.57422228 -112.62924293242395 4.017402656376362 30.00712299346924
58.594639573 -112.68718055449426 4.0595021322369576 30.007405281066895
58.614281007 -112.72582343779504 4.087574489414692 30.00758457183838
58.634268038 -112.78380683623254 4.129658706486225 30.007786750793457
58.654220299 -112.82247260771692 4.15770960599184 30.00793170928955
58.67426282 -112.88047889433801 4.199772365391254 30.008152961730957
58.694307426 -112.91915992461145 4.227817066013813 30.008305549621582
58.714242108 -112.9771814700216 4.269845969974995 30.008549690246582
58.734222427 -113.01587012968957 4.297843940556049 30.00869083404541
58.754220374 -113.07392219267786 4.339820869266987 30.008923530578613
58.774281035 -113.11264136992395 4.3677873685956 30.009087562561035
58.794334634 -113.17075446806848 4.40971327573061 30.009343147277832
58.81424938 -113.20954230986536 4.437645919620991 30.00950336456299
58.83423378 -113.26774696074426 4.479520805180073 30.009766578674316
58.854220767 -113.30656532011926 4.50742531567812 30.00993061065674
58.874245474 -113.36481574736536 4.549270637333393 30.01016330718994
58.894617558 -113.40365699492395 4.5771575048565865 30.010315895080566
58.914269031 -113.46190742217004 4.618953712284565 30.010476112365723
58.93423706 -113.50074866972864 4.646803863346577 30.010624885559082
58.954215189 -113.55899909697473 4.688530929386616 30.01077365875244
58.974286747 -113.59782508574426 4.7163176611065865 30.010849952697754
58.994326949 -113.65604499541223 4.757953651249409 30.010930061340332
59.014278897 -113.69484046660364 4.7856936529278755 30.010937690734863
59.034232907 -113.75303748808801 4.82728386670351 30.010930061340332
59.054224383 -113.79183295927942 4.854990012943745 30.010899543762207
59.074248004 -113.85001472197473 4.8965287283062935 30.01083469390869
59.094376889 -113.8888025637716 4.924211509525776 30.010788917541504
59.11427739 -113.94699195586145 4.965727813541889 30.01069736480713
59.134239189 -113.98581031523645 4.9934010580182076 30.01065158843994
59.154234087 -114.04406074248254 5.034904010593891 30.01057529449463
59.17424727 -114.0829401370138 5.0625796392560005 30.010476112365723
59.194341566 -114.1412668582052 5.1040811613202095 30.01035785675049
59.214251027 -114.18015388213098 5.131746776401997 30.010239601135254
59.234249803 -114.23848823271692 5.173246867954731 30.01009464263916
59.254240256 -114.27738288603723 5.2009172514081 30.00998020172119
59.274256678 -114.33574012480676 5.242418296635151 30.009812355041504
59.294337567 -114.37465766631067 5.270083911716938 30.009713172912598
59.314274332 -114.43306831084192 5.311584956943989 30.009526252746582
59.334234514 -114.47201636992395 5.3392496183514595 30.009400367736816
59.354227359 -114.53046516142786 5.3807487562298775 30.009221076965332
59.374234438 -114.56943610869348 5.408438690006733 30.009079933166504
59.394325268 -114.62788490019739 5.449982650578022 30.00886631011963
59.41438263 -114.66684058867395 5.477697856724262 30.008713722229004
59.434242817 -114.72526649199426 5.51928473263979 30.00845432281494
59.454238362 -114.7642145510763 5.547011859714985 30.00829792022705
59.474248584 -114.8226404543966 5.588587291538715 30.00801944732666
59.49433899 -114.86159614287317 5.616300590336323 30.00783634185791
59.514274271 -114.92000678740442 5.657869346439838 30.00752353668213
59.534238352 -114.95893958769739 5.685574539005756 30.00729465484619
59.554235754 -115.01733497343957 5.727122791111469 30.006958961486816
59.574244817 -115.05625251494348 5.754827030003071 30.006699562072754
59.594564551 -115.11464027129114 5.7963981702923775 30.006306648254395
59.614279076 -115.1535730715841 5.824130065739155 30.006047248840332
59.63423472 -115.21199134550989 5.865790374577045 30.00563144683838
59.654244618 -115.25094703398645 5.893581874668598 30.005383491516113
59.674291372 -115.3094568606466 5.935333259403706 30.005032539367676
59.694357057 -115.34849647246301 5.9631767347455025 30.00481128692627
59.714293039 -115.40709785185754 6.0049576833844185 30.00450611114502
59.734217169 -115.44619086943567 6.032804019749165 30.00430393218994
59.754219912 -115.50486854277551 6.074558265507221 30.004014015197754
59.774256387 -115.54403022490442 6.102395065128803 30.00381565093994
59.794349664 -115.60279945097864 6.144152171909809 30.003544807434082
59.814285047 -115.64201453886926 6.17199183255434 30.003369331359863
59.834241926 -115.7008600588888 6.213731773197651 30.00308322906494
59.85422935 -115.74009040556848 6.241550453007221 30.002907752990723
59.874247602 -115.77934364043176 6.26934576779604 30.002694129943848
59.894336357 -115.83823493681848 6.311036117374897 30.00236988067627
59.914264218 -115.8971491213888 6.35273552685976 30.002060890197754
59.934231406 -115.93644813261926 6.380536563694477 30.001816749572754
59.954252267 -115.99538520537317 6.422227866947651 30.001492500305176
59.97429864 -116.0346994753927 6.450018890202045 30.001275062561035
59.994366426 -116.09365180693567 6.4916896894574165 30.00097370147705
60.01431655 -116.13295844756067 6.5194559171795845 30.000802040100098
60.034281378 -116.1919260378927 6.561076171696186 30.000508308410645
60.054277201 -116.23124030791223 6.588813789188862 30.000351905822754
60.074259039 -116.29025367461145 6.630373008549213 30.00016498565674
60.094405992 -116.32960609160364 6.658069618046284 30.00007724761963
60.11431322 -116.38863471709192 6.699600704014301 29.999985694885254
60.134232347 -116.42801765166223 6.727277763187885 29.999966621398926
60.154236811 -116.48709968291223 6.7687892988324165 29.99999713897705
60.174241926 -116.5264978762716 6.796457774937153 30.00007724761963
60.194368536 -116.58563331328332 6.83796501904726 30.000256538391113
60.214320254 -116.62506202422082 6.865635402500629 30.00039768218994
60.234425567 -116.6842584963888 6.907183654606342 30.000611305236816
60.254243532 -116.72370246611536 6.934875495731831 30.00077533721924
60.274268253 -116.7828913088888 6.976493842899799 30.001057624816895
60.294348431 -116.82234290800989 7.004269607365131 30.001255989074707
60.314333783 -116.8815012332052 7.0459709241986275 30.001561164855957
60.334232326 -116.9209299441427 7.0738358572125435 30.00178623199463
60.354221626 -116.98004249297082 7.115636356174946 30.0021333694458
60.374225282 -117.01943305693567 7.143517978489399 30.002373695373535
60.394341693 -117.07847694121301 7.185370929539204 30.0027437210083
60.414298596 -117.11781409941614 7.213275916874409 30.002999305725098
60.434235659 -117.17677406035364 7.255239970982075 30.003300666809082
60.454233221 -117.21605018340051 7.283228404819965 30.003506660461426
60.474252576 -117.27491859160364 7.32523537427187 30.003830909729004
60.49436595 -117.3141413088888 7.3532924726605415 30.00404453277588
60.514287991 -117.37294868193567 7.395342834293842 30.004380226135254
60.534246521 -117.4121179934591 7.423402793705463 30.00459384918213
60.554238393 -117.47084144316614 7.465476043522358 30.004910469055176
60.574261763 -117.50996497832239 7.4935231283307076 30.005101203918457
60.594312663 -117.5686350222677 7.5355949476361275 30.00534152984619
60.614443579 -117.60774329863489 7.563636787235737 30.005494117736816
60.634272747 -117.66640571318567 7.605720527470112 30.005688667297363
60.654262355 -117.70550636015832 7.633766658604145 30.005803108215332
60.674289126 -117.76413825713098 7.675819404423237 30.00597095489502
60.694295715 -117.8032312747091 7.703886993229389 30.0060396194458
60.714317016 -117.8618479128927 7.745994575321674 30.006131172180176
60.734230186 -117.90092567168176 7.774086959660053 30.00620746612549
60.754216572 -117.95948890410364 7.816276557743549 30.006279945373535
60.774287974 -117.99852088652551 7.8444094732403755 30.006333351135254
60.794369539 -118.05700019560754 7.886625774204731 30.006367683410645
60.814324181 -118.0959558840841 7.914764888584614 30.00637912750244
60.834283047 -118.15433601103723 7.957004554569721 30.006295204162598
60.854266888 -118.19323829375207 7.985162265598774 30.00621509552002
60.874288459 -118.25154212675989 8.027389533817768 30.00606632232666
60.894282698 -118.29039863310754 8.055572517216206 30.005928993225098
60.914380715 -118.34864906035364 8.097820289433002 30.005730628967285
60.934232513 -118.38746741972864 8.125969894230366 30.005608558654785
60.954223088 -118.44566444121301 8.168182380497456 30.00541400909424
60.974343679 -118.48444465361536 8.196310050785542 30.00529956817627
60.994263373 -118.54261878691614 8.238531120121479 30.00511646270752
61.014293506 -118.58139136992395 8.266670234501362 30.00500202178955
61.034247931 -118.63952735625207 8.308873184025288 30.00479221343994
61.054233079 -118.67828468047082 8.337016113102436 30.00465488433838
61.074261065 -118.73640540800989 8.379236228764057 30.00451374053955
61.094256394 -118.77513221465051 8.407379157841206 30.00444507598877
61.114293324 -118.83321479521692 8.449564941227436 30.00436496734619
61.134233682 -118.87191871367395 8.477675445377827 30.004284858703613
61.154210904 -118.9299860354513 8.519868858158588 30.00420093536377
61.174261214 -118.96869758330286 8.54799748212099 30.00416660308838
61.194270525 -119.02674964629114 8.590235717594624 30.00413227081299
61.214384185 -119.06546882353723 8.61838436871767 30.004128456115723
61.234259047 -119.12355903349817 8.660591132938862 30.004170417785645
61.254218878 -119.16232398711145 8.688724525272846 30.004223823547363
61.27430088 -119.22047523222864 8.730910308659077 30.00431537628174
61.294244291 -119.25927070342004 8.759032256901264 30.004372596740723
61.31439884 -119.31745246611536 8.801199920475483 30.004467964172363
61.334298661 -119.35624030791223 8.829313285648823 30.004517555236816
61.354241741 -119.41437629424036 8.871479041874409 30.004590034484863
61.374275782 -119.45312598906457 8.899577148258686 30.00465488433838
61.394248314 -119.51121619902551 8.941763885319233 30.004738807678223
61.414327819 -119.5499353762716 8.969895370304585 30.004788398742676
61.434242227 -119.60799506865442 9.012095458805561 30.004841804504395
61.454225801 -119.64672187529504 9.040234573185444 30.004876136779785
61.474340958 -119.70481971465051 9.08242131024599 30.004971504211426
61.49426835 -119.74356940947473 9.110539443790913 30.005043983459473
61.514311987 -119.80170539580286 9.152711875736713 30.005188941955566
61.534244321 -119.84047034941614 9.180814750492573 30.005314826965332
61.554231 -119.89866737090051 9.223037727177143 30.005528450012207
61.574281709 -119.93747047148645 9.251158721745014 30.005669593811035
61.594272083 -119.99569038115442 9.293375976383686 30.00584888458252
61.61440654 -120.03450874052942 9.321513183414936 30.00597095489502
61.634276789 -120.09277442656457 9.363702781498432 30.00619602203369
61.654220709 -120.13166145049036 9.391815192997456 30.006325721740723
61.674239113 -120.19001105986536 9.433955200016499 30.00651264190674
61.694243836 -120.2289362307638 9.462032325565815 30.006619453430176
61.714329014 -120.28734687529504 9.504128463566303 30.006783485412598
61.734235492 -120.32628730498254 9.532177932560444 30.006916999816895
61.754278519 -120.38472846709192 9.574163444340229 30.00709629058838
61.774244364 -120.42369178496301 9.602109916508198 30.00721836090088
61.794240908 -120.48214820586145 9.643961913883686 30.00740909576416
61.814446579 -120.5211267825216 9.67181683331728 30.007542610168457
61.834253114 -120.57960609160364 9.713579185307026 30.00774097442627
61.854265268 -120.6185846682638 9.741337783634663 30.007874488830566
61.874260396 -120.6770563479513 9.78293514996767 30.008084297180176
61.894226531 -120.71604255400598 9.810625083744526 30.008225440979004
61.914286441 -120.77452186308801 9.852133758366108 30.008442878723145
61.934234122 -120.81351569853723 9.879795081913471 30.008618354797363
61.954208837 -120.87204078398645 9.92121697217226 30.00883960723877
61.974292603 -120.91107276640832 9.948806770145893 30.00898838043213
61.994218428 -120.9696359988302 9.990151412785053 30.0092134475708
62.014265233 -121.0086984988302 10.017690666019917 30.009339332580566
62.034243943 -121.0673151370138 10.05898667126894 30.009480476379395
62.054212319 -121.10643104277551 10.086502082645893 30.009575843811035
62.074489287 -121.16513923369348 10.127743728458881 30.009716987609863
62.094296067 -121.20429328642786 10.155227668583393 30.009812355041504
62.114331364 -121.26304725371301 10.19642449170351 30.00998020172119
62.134263084 -121.30222419463098 10.223876006901264 30.010071754455566
62.154239857 -121.36103156767786 10.265037544071674 30.01021671295166
62.174289647 -121.40025428496301 10.292485244572163 30.010308265686035
62.194225046 -121.45910743437707 10.333663947880268 30.010437965393066
62.214457587 -121.49837592802942 10.361101157963276 30.010510444641113
62.234283815 -121.55727485381067 10.40225888043642 30.01067066192627
62.254226092 -121.59655097685754 10.42970085889101 30.01076602935791
62.274236541 -121.65549567900598 10.47082806378603 30.01091480255127
62.294325811 -121.69480994902551 10.498238570988178 30.011025428771973
62.314330881 -121.75382331572473 10.539253242313862 30.01115894317627
62.334245397 -121.79317573271692 10.566563613712788 30.011242866516113
62.354256415 -121.85221961699426 10.607480056583881 30.011372566223145
62.374228387 -121.89157203398645 10.634737022221088 30.011448860168457
62.394240616 -121.95060065947473 10.675597198307514 30.011544227600098
62.414389774 -121.98996070586145 10.702824600040913 30.01156711578369
62.434250629 -122.04897407256067 10.743667609989643 30.011582374572754
62.454210983 -122.08831886015832 10.77089024335146 30.011570930480957
62.474257283 -122.14730933867395 10.811718948185444 30.01151752471924
62.494256424 -122.18663123808801 10.838943488895893 30.011475563049316
62.51432355 -122.24557594023645 10.879776008427143 30.01134967803955
62.534305268 -122.28485206328332 10.906999595463276 30.011239051818848
62.554206434 -122.34374335967004 10.947834022343159 30.011055946350098
62.574247963 -122.38301185332239 10.975078590214252 30.010865211486816
62.594247167 -122.4419031497091 11.015972144901752 30.010544776916504
62.614320657 -122.48115638457239 11.043259628117085 30.010308265686035
62.634276022 -122.54000953398645 11.084212310612202 30.009976387023926
62.654230411 -122.57921699248254 11.11153507977724 30.009732246398926
62.674254088 -122.63800147734582 11.152562148869038 30.009324073791504
62.694220117 -122.67717078886926 11.179928787052631 30.00905704498291
62.71445207 -122.7358713503927 11.221050269901752 30.008580207824707
62.734269982 -122.77497199736536 11.248491294682026 30.008240699768066
62.754231162 -122.83358100615442 11.289687164127827 30.00772190093994
62.774232084 -122.8726129885763 11.317197807133198 30.007336616516113
62.794220041 -122.93113807402551 11.358498580753803 30.006783485412598
62.814341798 -122.97013953886926 11.386070258915424 30.006394386291504
62.834264415 -123.0285959597677 11.427462585270405 30.00582981109619
62.854307194 -123.0675592776388 11.455072410404682 30.005467414855957
62.874228944 -123.12596229277551 11.496559150516987 30.00484561920166
62.894222368 -123.16489509306848 11.524218566715717 30.00447177886963
62.914382939 -123.22325233183801 11.565773017704487 30.00386905670166
62.93425376 -123.26214698515832 11.593487747013569 30.003457069396973
62.954205752 -123.32049659453332 11.63507366925478 30.002842903137207
62.974218466 -123.35936073027551 11.662812240421772 30.00239658355713
62.994246487 -123.4176340457052 11.70443058758974 30.001770973205566
63.014354155 -123.45644477568567 11.732188232243061 30.001355171203613
63.034302571 -123.51461890898645 11.773829467594624 30.000752449035645
63.054223768 -123.55338386259973 11.801591880619526 30.000386238098145
63.074248936 -123.61146644316614 11.843292243778706 29.999844551086426
63.094235246 -123.65016273222864 11.871111877262592 29.999516487121582
63.138767797 -123.70816901884973 11.912862785160542 29.999051094055176
63.162966573 -123.74681190215051 11.94074822217226 29.998696327209473
63.188087713 -123.80478767119348 11.98256779462099 29.998242378234863
63.210390691 -123.84340003691614 12.010443694889545 29.997902870178223
63.236493567 -123.90129188261926 12.052260406315327 29.997414588928223
63.259445791 -123.93985847197473 12.080149658024311 29.997082710266113
63.281349589 -123.9976892825216 12.122005470097065 29.996521949768066
63.302050913 -124.03623298369348 12.149909026920795 29.99617862701416
63.32197683 -124.09410194121301 12.191742904484272 29.995591163635254
63.341980356 -124.1326990481466 12.219622619450092 29.99519443511963
63.363150638 -124.19061378203332 12.261423118412495 29.99461078643799
63.385186537 -124.22927192412317 12.28928280621767 29.994214057922363
63.405170981 -124.28727821074426 12.331062324345112 29.993664741516113
63.439934907 -124.3259592410177 12.358909614384174 29.99330234527588
63.47160978 -124.38401893340051 12.400673873722553 29.992772102355957
63.509395882 -124.42273048125207 12.428511627018452 29.99245548248291
63.534945613 -124.48079017363489 12.470279701054096 29.992039680480957
63.555837851 -124.51950172148645 12.49812126904726 29.99179172515869
63.577609632 -124.57757667265832 12.5399065092206 29.9913911819458
63.598829701 -124.61629584990442 12.567766197025776 29.9911470413208
63.621580198 -124.67435554228723 12.60955811291933 29.990818977355957
63.641548386 -124.7130670901388 12.637428291141987 29.990586280822754
63.661546434 -124.77114204131067 12.679234512150288 29.990303993225098
63.682952786 -124.80985358916223 12.707111366093159 29.990132331848145
63.702860374 -124.86793616972864 12.748964317142963 29.989903450012207
63.722902539 -124.90666297636926 12.776869781315327 29.98979663848877
63.744323125 -124.96476081572473 12.818795211613178 29.989583015441895
63.765290546 -125.00350288115442 12.84675694257021 29.989460945129395
63.78663065 -125.06163123808801 12.888707168400288 29.989285469055176
63.806542901 -125.10038856230676 12.916685111820698 29.98917865753174
63.845216028 -125.15853217802942 12.958670623600483 29.989041328430176
63.877121087 -125.19730476103723 12.986695297062397 29.9889497756958
63.901746143 -125.25547126494348 13.0287399366498 29.988869667053223
63.921274825 -125.29425147734582 13.056797988712788 29.988816261291504
63.941305097 -125.3524484988302 13.098935134708881 29.98873996734619
63.961329154 -125.39125159941614 13.12702751904726 29.98872470855713
63.982232903 -125.44950965605676 13.169231422245502 29.988797187805176
64.002720432 -125.48838142119348 13.197374351322651 29.98887348175049
64.022745579 -125.54671577177942 13.239593513309956 29.98898410797119
64.042721681 -125.58563331328332 13.267794616520405 29.989033699035645
64.062753175 -125.64402106963098 13.310087211430073 29.989136695861816
64.084532207 -125.68297675810754 13.33829403668642 29.989197731018066
64.104439799 -125.74141029082239 13.38056755810976 29.989323616027832
64.123953402 -125.78038123808801 13.408734329044819 29.98941135406494
64.14532178 -125.83882240019739 13.450939185917377 29.9895601272583
64.166613711 -125.87777808867395 13.479048736393452 29.98967456817627
64.187897722 -125.93617347441614 13.521162040531635 29.989933967590332
64.210136672 -125.97511390410364 13.54923153668642 29.99063205718994
64.230367694 -126.03352454863489 13.591334350407124 29.993252754211426
64.251129411 -126.07244971953332 13.619369514286518 29.99607563018799
64.270185681 -126.13079932890832 13.661262519657612 30.001790046691895
64.291183973 -126.16964820586145 13.68898869305849 30.006436347961426
64.311109189 -126.22782996855676 13.730073936283588 30.01448154449463
64.331287733 -126.2665338870138 13.756992347538471 30.02034854888916
64.351387631 -126.32444862090051 13.796425826847553 30.02986240386963
64.371300593 -126.36293891631067 13.821981437504292 30.036316871643066
64.392358331 -126.42042640410364 13.858875282108784 30.046147346496582
64.412263579 -126.45858100615442 13.882424362003803 30.052586555480957
64.435405724 -126.5155573245138 13.916046150028706 30.061902046203613
64.455155684 -126.55334571562707 13.93703556805849 30.067776679992676
64.475119332 -126.60976508818567 13.96657658368349 30.075963020324707
64.496415114 -126.64716438017786 13.984771735966206 30.08091449737549
64.51684363 -126.70295814238489 14.009674079716206 30.08751392364502
64.536486231 -126.73996070586145 14.024819381535053 30.09138584136963
64.556374756 -126.79508308134973 14.04470444470644 30.096150398254395
64.576352798 -126.83161262236536 14.056312568485737 30.09872531890869
64.597714025 -126.88608649931848 14.071221359074116 30.101731300354004
64.618629783 -126.9221277590841 14.079150207340717 30.103035926818848
64.638977421 -126.97593787871301 14.088947303593159 30.104317665100098
64.659926616 -127.01154426299036 14.093433387577534 30.10452365875244
64.679945818 -127.06465247832239 14.097735412418842 30.104153633117676
64.703874653 -127.09983924590051 14.09877873212099 30.103432655334473
64.724987236 -127.15228370390832 14.097610481083393 30.10165500640869
64.745054778 -127.18705085478723 14.095239646732807 30.100110054016113
64.765224305 -127.2388239260763 14.088694579899311 30.09713077545166
64.787495324 -127.27313331328332 14.082658775150776 30.09483814239502
64.808733089 -127.32428840361536 14.07114315778017 30.091042518615723
64.828682487 -127.35814765654504 14.061522491276264 30.088223457336426
64.851454372 -127.40866187773645 14.044903762638569 30.083745002746582
64.871795576 -127.44211677275598 14.032190330326557 30.08058261871338
64.894099856 -127.49202064238489 14.01074219495058 30.07566547393799
64.915793165 -127.52512458525598 13.995100028812885 30.072361946105957
64.936041766 -127.57447913847864 13.969457633793354 30.0673189163208
64.955158598 -127.60721687041223 13.951126106083393 30.06396198272705
64.975172755 -127.65602210722864 13.921381004154682 30.05898380279541
64.996377278 -127.68840125761926 13.90035343915224 30.05571460723877
65.018312291 -127.73673347197473 13.867086417973042 30.05089282989502
65.037366518 -127.76877692900598 13.84360409528017 30.047764778137207
65.057323261 -127.81663612090051 13.80692196637392 30.043232917785645
65.077318884 -127.84838203154504 13.78141213208437 30.040329933166504
65.099896216 -127.89576820097864 13.741666801273823 30.036160469055176
65.121073722 -127.92723945342004 13.714336402714252 30.033513069152832
65.141490335 -127.97421363554895 13.671884544193745 30.029763221740723
65.162694818 -128.00541785918176 13.64282513409853 30.02738666534424
65.183790364 -128.05206397734582 13.598158843815327 30.024006843566895
65.20323029 -128.0830393191427 13.567742355167866 30.02189350128174
65.22268907 -128.12936500273645 13.521214492619038 30.018860816955566
65.242671695 -128.16012672148645 13.489578254520893 30.017003059387207
65.262732961 -128.2061319705099 13.44137192517519 30.01439380645752
65.283207783 -128.2367258425802 13.408733375370502 30.012791633605957
65.302750886 -128.28251746855676 13.359122283756733 30.010628700256348
65.323746942 -128.3129740115255 13.325644500553608 30.009305000305176
65.343650376 -128.3585977908224 13.274839408695698 30.007576942443848
65.363684167 -128.38896278105676 13.240621574223042 30.006531715393066
65.386411585 -128.43444923125207 13.188809402287006 30.005112648010254
65.406269138 -128.46472266875207 13.15398121625185 30.004334449768066
65.427272184 -128.51005653105676 13.101340301334858 30.003273963928223
65.447269685 -128.54025367461145 13.066013343632221 30.00268268585205
65.469491402 -128.58546546660364 13.01268769055605 30.001931190490723
65.49043282 -128.615586316213 12.97695256024599 30.001530647277832
65.510409935 -128.66070655547082 12.923084266483784 30.00106143951416
65.530387833 -128.6907511111349 12.886985786259174 30.000794410705566
65.553193979 -128.73576453886926 12.832697875797749 30.000535011291504
65.572680301 -128.76574805937707 12.796381957828999 30.00039768218994
65.594141021 -128.8107004519552 12.741735465824604 30.000237464904785
65.614187642 -128.84071449004114 12.705241210758686 30.000203132629395
65.636968734 -128.88571265898645 12.650333411991596 30.000279426574707
65.658435513 -128.91574195586145 12.613669402897358 30.00038242340088
65.678428972 -128.9607706423849 12.558587081730366 30.00065326690674
65.7004802 -128.99078468047082 12.521770484745502 30.00087070465088
65.721866925 -129.03585914336145 12.466611869633198 30.001328468322754
65.741824539 -129.06588844023645 12.429709441959858 30.001626014709473
65.761779787 -129.1109934207052 12.374502189457417 30.00216770172119
65.781999082 -129.14108375273645 12.33768654614687 30.00255298614502
65.804994146 -129.1862650271505 12.28244686871767 30.00315570831299
65.825716288 -129.21644691191614 12.245713241398335 30.003609657287598
65.845714408 -129.26173499785364 12.190536506474018 30.004223823547363
65.868187883 -129.29196265898645 12.153775222599506 30.004658699035645
65.889591757 -129.33737281523645 12.098670966923237 30.00533390045166
65.910164463 -129.3676615115255 12.061888702213764 30.00578022003174
65.931299734 -129.41322425566614 12.006863601505756 30.00651264190674
65.953861607 -129.44361976347864 11.970170982182026 30.007027626037598
65.973485485 -129.4892435427755 11.915119178593159 30.007798194885254
65.99522055 -129.51974586211145 11.878520019352436 30.00831699371338
66.017352511 -129.56547645293176 11.82344914227724 30.009041786193848
66.03932828 -129.59600928984582 11.786855705082417 30.009514808654785
66.060309245 -129.6418314334005 11.73193360120058 30.01012897491455
66.080327868 -129.67242530547082 11.695380218327045 30.010506629943848
66.102901362 -129.71832374297082 11.640592582523823 30.011013984680176
66.123727454 -129.74891761504114 11.604022987186909 30.01132297515869
66.143767885 -129.79486182890832 11.549391753971577 30.0117769241333
66.165060132 -129.82550147734582 11.512984283268452 30.012078285217285
66.187148307 -129.87143043242395 11.458385474979877 30.012497901916504
66.208340666 -129.90207008086145 11.422138221561909 30.01278781890869
66.229537486 -129.94801429472864 11.367719657719135 30.013211250305176
66.250629666 -129.978623425588 11.331491477787495 30.01347827911377
66.272848882 -130.02455238066614 11.277208335697651 30.013829231262207
66.294282324 -130.05517677031457 11.240978248417377 30.014042854309082
66.314300396 -130.1011515017599 11.186758048832417 30.014355659484863
66.338339348 -130.13177589140832 11.150585182011127 30.014546394348145
66.360302796 -130.17779639922082 11.096549041569233 30.014779090881348
66.38025053 -130.20846656523645 11.060529716312885 30.014904975891113
66.403599931 -130.25448707304895 11.006497390568256 30.01505756378174
66.425059609 -130.28515723906457 10.970623023808002 30.015172004699707
66.445109656 -130.331162488088 10.916743285953999 30.01533603668213
66.468884415 -130.36178687773645 10.880861289799213 30.015427589416504
66.490839427 -130.4077005740255 10.827128417789936 30.015583992004395
66.510554367 -130.43829444609582 10.791263587772846 30.015679359436035
66.531894716 -130.4842081423849 10.737658508121967 30.015847206115723
66.554409632 -130.51481727324426 10.701894767582417 30.01595401763916
66.57426108 -130.56071571074426 10.648207671940327 30.01611042022705
66.595882609 -130.59130958281457 10.612415321171284 30.016201972961426
66.618228325 -130.6371622439474 10.558711059391499 30.016343116760254
66.638536808 -130.66774085722864 10.523035056889057 30.01647663116455
66.660410811 -130.71359351836145 10.469427116215229 30.01669406890869
66.680394038 -130.74415687285364 10.43371582776308 30.016854286193848
66.702533397 -130.78996375761926 10.380203254520893 30.01712131500244
66.723370264 -130.82048133574426 10.344462402164936 30.017292976379395
66.743353355 -130.86618140898645 10.291034705936909 30.01756763458252
66.764632013 -130.89662269316614 10.255388267338276 30.017739295959473
66.785139628 -130.94223121367395 10.201873786747456 30.017991065979004
66.804742642 -130.9726114626974 10.166352279484272 30.018197059631348
66.826282037 -131.01811317168176 10.112969405949116 30.018506050109863
66.847410354 -131.04840186797082 10.07740593701601 30.018738746643066
66.882384029 -131.0937815066427 10.023956306278706 30.019108772277832
66.908280582 -131.12399390898645 9.98835850507021 30.01939105987549
66.940875563 -131.16925147734582 9.934981353580952 30.019795417785645
66.964472429 -131.1993723269552 9.899314887821674 30.020054817199707
66.985100941 -131.24444678984582 9.845930106937885 30.02048969268799
67.004859055 -131.27446082793176 9.810289390385151 30.020779609680176
67.024497094 -131.31942847929895 9.756748206913471 30.02121067047119
67.044844665 -131.3493204470724 9.721117027103901 30.02150058746338
67.065526793 -131.39416602812707 9.667537696659565 30.021920204162598
67.088081514 -131.42401221953332 9.63179875165224 30.022210121154785
67.109122478 -131.46876624785364 9.578149802982807 30.02263355255127
67.128998211 -131.49859718047082 9.5422897413373 30.022896766662598
67.148976593 -131.543320691213 9.488561637699604 30.023259162902832
67.169423527 -131.57313636504114 9.452579505741596 30.023476600646973
67.197536517 -131.61779884062707 9.398696906864643 30.02379322052002
67.240421538 -131.64755347929895 9.362728126347065 30.023991584777832
67.269766361 -131.6921701785177 9.308698661625385 30.02425479888916
67.292586782 -131.72189429961145 9.272733695805073 30.024449348449707
67.313682617 -131.76649574004114 9.218670852482319 30.0247163772583
67.336190162 -131.79623511992395 9.18263054639101 30.02488422393799
67.3575151 -131.8408518191427 9.128555305302143 30.02512836456299
67.377572341 -131.8705911990255 9.092422492802143 30.02526569366455
67.397501098 -131.9151926394552 9.038350112736225 30.02542209625244
67.41970312 -131.94494727812707 9.002264030277729 30.025517463684082
67.439739667 -131.989609753713 8.948076255619526 30.02561664581299
67.45965037 -132.0194406863302 8.912032134830952 30.025681495666504
67.479772603 -132.06417945586145 8.857736594974995 30.025750160217285
67.50250827 -132.09405616484582 8.821616180241108 30.025883674621582
67.522814497 -132.13888648711145 8.767298705875874 30.026055335998535
67.54247835 -132.16879371367395 8.731066711246967 30.026158332824707
67.563266035 -132.21366981230676 8.676660545170307 30.026310920715332
67.583401212 -132.24359229765832 8.64029598981142 30.02639865875244
67.605023199 -132.28846839629114 8.585750587284565 30.026436805725098
67.62440842 -132.3183908816427 8.549325950443745 30.02645969390869
67.64441061 -132.36328223906457 8.49459172040224 30.026467323303223
67.664344726 -132.39325050078332 8.458127982914448 30.02645206451416
67.684629941 -132.4382181521505 8.40329647809267 30.02641010284424
67.707497833 -132.4682169314474 8.366693504154682 30.02634906768799
67.727096827 -132.51323035918176 8.311717040836811 30.026230812072754
67.747152703 -132.5432443972677 8.274977691471577 30.026150703430176
67.769715991 -132.5882883425802 8.219855315983295 30.026028633117676
67.791987105 -132.6183176394552 8.18303395062685 30.0259370803833
67.813051328 -132.66339210234582 8.127867706120014 30.025792121887207
67.833046207 -132.69345191679895 8.09105683118105 30.025689125061035
67.853411239 -132.73852637968957 8.03577996045351 30.02552890777588
67.874219008 -132.76857093535364 7.998969085514545 30.025418281555176
67.894180153 -132.8136301394552 7.943645961582661 30.02525043487549
67.915358758 -132.8437052126974 7.906741626560688 30.025139808654785
67.937442339 -132.88881019316614 7.851344116032124 30.0249605178833
67.958735903 -132.9189005251974 7.81433916836977 30.02483081817627
67.979885131 -132.96408179961145 7.758874423801899 30.024598121643066
68.002217805 -132.99420264922082 7.7218508794903755 30.02443027496338
68.024061713 -133.03939918242395 7.666246898472309 30.02424716949463
68.043931043 -133.06952003203332 7.629145629703999 30.0241060256958
68.064020832 -133.1147013064474 7.573448188602924 30.023884773254395
68.086386196 -133.14482215605676 7.536341674625874 30.023716926574707
68.107651025 -133.19000343047082 7.480561263859272 30.023449897766113
68.127140123 -133.2201700564474 7.443335063755512 30.023255348205566
68.147157968 -133.26539710722864 7.387414939701557 30.022953987121582
68.167302781 -133.29553321562707 7.350056655704975 30.022744178771973
68.187209431 -133.34082130156457 7.293945319950581 30.022377967834473
68.207148765 -133.37103370390832 7.256464965641499 30.022133827209473
68.227113685 -133.41638282500207 7.200135238468647 30.021737098693848
68.247150539 -133.44665626250207 7.162533290684223 30.021462440490723
68.267262741 -133.4920969363302 7.106017120182514 30.02107334136963
68.287193528 -133.52240089140832 7.068272121250629 30.0208101272583
68.307155561 -133.56787208281457 7.011566646397114 30.020424842834473
68.327145866 -133.59820655547082 6.9737358167767525 30.02012348175049
68.347133874 -133.64369300566614 6.916973598301411 30.01968479156494
68.367275887 -133.67401221953332 6.879083164036274 30.019417762756348
68.387217574 -133.71952918730676 6.822245605289936 30.019062995910645
68.407159606 -133.74987891875207 6.784318931400776 30.018837928771973
68.427120865 -133.7953958865255 6.727368362247944 30.018528938293457
68.447164003 -133.82577613554895 6.689403064548969 30.01834201812744
68.467199772 -133.87133887968957 6.632383354008198 30.018086433410645
68.488029313 -133.90170386992395 6.594347007572651 30.017930030822754
68.507161079 -133.94728187285364 6.537247188389301 30.017712593078613
68.527186945 -133.97766212187707 6.4991288259625435 30.01756763458252
68.547163482 -134.02328590117395 6.441889770328999 30.017369270324707
68.567180448 -134.0536966677755 6.403660781681538 30.017231941223145
68.587215894 -134.0992746707052 6.346318252384663 30.017029762268066
68.607160175 -134.1296701785177 6.308061607182026 30.016907691955566
68.627140861 -134.17526344023645 6.250635154545307 30.01673984527588
68.647133134 -134.2056436892599 6.2123832777142525 30.016613960266113
68.667190104 -134.2511759158224 6.154960162937641 30.01643466949463
68.687588524 -134.28151038847864 6.116684444248676 30.01631259918213
68.707162073 -134.32695106230676 6.05927325040102 30.016133308410645
68.727162872 -134.3572092410177 6.020968921482563 30.015995979309082
68.747139483 -134.4025736209005 5.963572509586811 30.015820503234863
68.767174844 -134.4328165408224 5.925316818058491 30.01572895050049
68.787269765 -134.47815040312707 5.867944724857807 30.01562213897705
68.807136259 -134.50836280547082 5.829761512577534 30.015568733215332
68.827142906 -134.5536966677755 5.772404678165913 30.015488624572754
68.847146592 -134.58387855254114 5.734227664768696 30.01545810699463
68.867164576 -134.62915137968957 5.6769313886761665 30.01545810699463
68.887315404 -134.65930274687707 5.638753421604633 30.01550006866455
68.907141987 -134.70448402129114 5.581504829227924 30.015610694885254
68.927137882 -134.7345743533224 5.543314941227436 30.015679359436035
68.947153193 -134.77966407500207 5.486084468662739 30.015847206115723
68.96717933 -134.80970863066614 5.4479203298687935 30.01598072052002
68.987487229 -134.85473731718957 5.390652187168598 30.016201972961426
69.007129043 -134.88473609648645 5.352512843906879 30.016419410705566
69.027114472 -134.92973426543176 5.29525900632143 30.01672077178955
69.047131428 -134.9597483035177 5.257079131901264 30.01694965362549
69.067126401 -135.00476173125207 5.199790962040424 30.017334938049316
69.087221726 -135.034775769338 5.161565788090229 30.01759433746338
69.107144407 -135.0798197146505 5.104221351444721 30.018044471740723
69.127143055 -135.1098490115255 5.06596327573061 30.018376350402832
69.147176361 -135.15484718047082 5.008555896580219 30.01894474029541
69.167145315 -135.1848459597677 4.9702591970562935 30.019307136535645
69.187392733 -135.22982886992395 4.912777908146381 30.019822120666504
69.207118609 -135.25978187285364 4.874442107975483 30.020180702209473
69.227151519 -135.3047190066427 4.8168873861432076 30.02074146270752
69.247135418 -135.3346720095724 4.778496749699116 30.021119117736816
69.267164851 -135.37957862578332 4.720880515873432 30.02169895172119
69.287678212 -135.40951636992395 4.682440288364887 30.022072792053223
69.307133257 -135.454453503713 4.624765403568745 30.022656440734863
69.327119566 -135.48439124785364 4.586293704807758 30.023011207580566
69.347152905 -135.52931312285364 4.528554446995258 30.02351474761963
69.367149609 -135.55925086699426 4.490052230656147 30.02381992340088
69.387241695 -135.60412696562707 4.4322929456830025 30.0242280960083
69.407134124 -135.63400367461145 4.393809325993061 30.024495124816895
69.427144309 -135.6787882205099 4.336059577763081 30.0249605178833
69.447142698 -135.7086496707052 4.297561176121235 30.025235176086426
69.467118203 -135.75341895781457 4.239822395145893 30.025620460510254
69.487641721 -135.78324989043176 4.201316840946674 30.025856971740723
69.507151133 -135.8280344363302 4.1435442045331 30.02617359161377
69.527144817 -135.8578958865255 4.105004318058491 30.026371955871582
69.547125096 -135.90271095000207 4.047154434025288 30.026646614074707
69.567133129 -135.9326029177755 4.008540876209736 30.026829719543457
69.587280167 -135.97746375761926 3.9505817964673042 30.02707004547119
69.607123195 -136.0073557253927 3.9119093492627144 30.027215003967285
69.627130639 -136.05221656523645 3.853859432041645 30.027390480041504
69.647133384 -136.082139050588 3.8151223734021187 30.027485847473145
69.66711563 -136.12701514922082 3.7569623067975044 30.027623176574707
69.68729763 -136.15692237578332 3.7181625440716743 30.02769947052002
69.707155562 -136.20179847441614 3.6599161699414253 30.02779483795166
69.72714625 -136.2317209597677 3.621062286198139 30.02782917022705
69.747185037 -136.2765970584005 3.5627486780285835 30.027852058410645
69.767155934 -136.30651954375207 3.5238242223858833 30.02787494659424
69.787291537 -136.35138038359582 3.465417869389057 30.027897834777832
69.807151386 -136.38128761015832 3.4264667108654976 30.02791690826416
69.827126292 -136.42611793242395 3.3680090978741646 30.027947425842285
69.847131043 -136.45599464140832 3.329025276005268 30.027958869934082
69.867115038 -136.50077918730676 3.2705192640423775 30.02800464630127
69.887438366 -136.53065589629114 3.2315158918499947 30.028023719787598
69.907158493 -136.5753946658224 3.1729898527264595 30.028069496154785
69.927141454 -136.60519508086145 3.1339650228619576 30.028080940246582
69.947109496 -136.64987281523645 3.0754246786236763 30.028088569641113
69.967134553 -136.67958167754114 3.036356456577778 30.02805805206299
69.987314067 -136.7241526003927 2.977746494114399 30.027993202209473
70.007196626 -136.7538156863302 2.938664920628071 30.02793598175049
70.027141778 -136.79831031523645 2.88001299649477 30.02772617340088
70.047138137 -136.8279581423849 2.840905912220478 30.027565956115723
70.06711574 -136.872422253713 2.782211549580097 30.02727222442627
70.087266775 -136.9020853396505 2.7430799081921577 30.027050971984863
70.107148259 -136.94659522734582 2.684374339878559 30.026677131652832
70.127119014 -136.9762735720724 2.6452026441693306 30.02639865875244
70.147103638 -137.02079871855676 2.586468704044819 30.02599048614502
70.167211578 -137.05046180449426 2.547261245548725 30.025673866271973
70.187470927 -137.09498695097864 2.488439805805683 30.025185585021973
70.207149498 -137.1246652957052 2.4491996839642525 30.024842262268066
70.227152413 -137.16923621855676 2.3902990892529488 30.024277687072754
70.247117147 -137.1989603396505 2.3510265424847603 30.023903846740723
70.267140529 -137.24357703886926 2.292016752064228 30.023282051086426
70.287535089 -137.27333167754114 2.2526640966534615 30.02287769317627
70.307154553 -137.31800941191614 2.193618066608906 30.022282600402832
70.327157882 -137.34777930937707 2.154210813343525 30.02188205718994
70.347192604 -137.392441784963 2.095102794468403 30.02128314971924
70.367142302 -137.422226941213 2.0556824281811714 30.020867347717285
70.387486404 -137.466904675588 1.9965268447995186 30.020230293273926
70.408161688 -137.49670509062707 1.957095392048359 30.01981830596924
70.428184096 -137.54138282500207 1.897951491177082 30.019219398498535
70.448132748 -137.57118324004114 1.8585372045636177 30.01884174346924
70.468150033 -137.61589149199426 1.7994114235043526 30.018254280090332
70.488345345 -137.64569190703332 1.7600029781460762 30.01786518096924
70.50818941 -137.69043067656457 1.700908549129963 30.017285346984863
70.528171453 -137.72026160918176 1.6615005806088448 30.01689624786377
70.548123185 -137.76506141386926 1.6024106815457344 30.01634693145752
70.568147654 -137.7949533816427 1.5630222633481026 30.015995979309082
70.588490846 -137.8398752566427 1.5039354637265205 30.015503883361816
70.608164559 -137.86984351836145 1.4645555093884468 30.015202522277832
70.628194884 -137.91485694609582 1.4054439142346382 30.01479434967041
70.648133893 -137.94488624297082 1.3660246208310127 30.014546394348145
70.668157512 -137.98996070586145 1.3068754747509956 30.014187812805176
70.68847827 -138.02002052031457 1.2674592807888985 30.01396656036377
70.708189498 -138.0650949832052 1.2083624675869942 30.013676643371582
70.728232585 -138.09518531523645 1.1689881160855293 30.01353168487549
70.748200693 -138.14030555449426 1.1099524572491646 30.013352394104004
70.768211824 -138.1703958865255 1.0706014707684517 30.01326847076416
70.789952525 -138.2155313845724 1.0115946009755135 30.013188362121582
70.809528164 -138.2456369753927 0.9722772911190987 30.01314640045166
70.832502638 -138.2907572146505 0.9132748916745186 30.013131141662598
70.860529547 -138.3208322878927 0.873939998447895 30.013157844543457
70.890510819 -138.36593726836145 0.8149391487240791 30.013253211975098
70.914699881 -138.39599708281457 0.775574155151844 30.0133638381958
70.934729289 -138.4410715457052 0.716538317501545 30.013554573059082
70.954824872 -138.4711466189474 0.6771677806973457 30.013737678527832
70.974682352 -138.516221081838 0.6181307509541512 30.01401996612549
70.994719921 -138.54623511992395 0.5787610486149788 30.014214515686035
71.014745256 -138.5912638064474 0.5197004452347755 30.01451587677002
71.034746681 -138.62126258574426 0.4803454652428627 30.014714241027832
71.054823779 -138.66623023711145 0.42129043489694595 30.014939308166504
71.074752168 -138.69621375761926 0.3819267228245735 30.0150728225708
71.094723183 -138.74121192656457 0.3228980675339699 30.015259742736816
71.114692813 -138.7712259646505 0.2835371270775795 30.015347480773926
71.134715507 -138.816269909963 0.22452912479639053 30.015446662902832
71.154852324 -138.84631446562707 0.18519879132509232 30.015488624572754
71.174714621 -138.89140418730676 0.12622393667697906 30.01550006866455
71.194727627 -138.92147926054895 0.08693328499794006 30.015503883361816
71.214758734 -138.96655372343957 0.028047034982591867 30.01548480987549
71.234729784 -138.9966135378927 -0.011170882731676102 30.015477180480957
71.254861751 -139.04164222441614 -0.06998305767774582 30.01550006866455
71.274757052 -139.07162574492395 -0.10916290432214737 30.015507698059082
71.294736707 -139.1166086550802 -0.16788703948259354 30.01550006866455
71.314699293 -139.14654639922082 -0.20701200515031815 30.015454292297363
71.334710408 -139.19145301543176 -0.26564880460500717 30.015381813049316
71.354840729 -139.22137550078332 -0.3047073110938072 30.015328407287598
71.374719639 -139.26623634062707 -0.36325206607580185 30.015244483947754
71.39475084 -139.29614356718957 -0.40225430577993393 30.0151948928833
71.414737126 -139.34094337187707 -0.4607255086302757 30.015130043029785
71.434747214 -139.37082008086145 -0.49968182295560837 30.01510715484619
71.454828625 -139.415635144338 -0.5580794736742973 30.015053749084473
71.47475278 -139.4454660769552 -0.5970093533396721 30.015023231506348
71.494724376 -139.49023536406457 -0.6553575918078423 30.015000343322754
71.51469772 -139.52003577910364 -0.6942425295710564 30.014988899230957
71.534753356 -139.5647287722677 -0.7525250241160393 30.014981269836426
71.554852571 -139.5945139285177 -0.7913517877459526 30.01498508453369
71.574724303 -139.63916114531457 -0.8495612666010857 30.01497745513916
71.594737487 -139.6689310427755 -0.8883443400263786 30.014973640441895
71.614702445 -139.71354774199426 -0.9464573189616203 30.01498508453369
71.6347277 -139.74330238066614 -0.9851704761385918 30.01500415802002
71.654830223 -139.787949597463 -1.0431908294558525 30.015034675598145
71.674855381 -139.8177042361349 -1.0818465873599052 30.0150728225708
71.694720649 -139.86236671172082 -1.1397899314761162 30.015114784240723
71.714719028 -139.89215186797082 -1.1783891841769218 30.015145301818848
71.734720102 -139.93686011992395 -1.2362744733691216 30.015206336975098
71.754856142 -139.96667579375207 -1.2748477384448051 30.01524829864502
71.774763252 -140.01141456328332 -1.3326765224337578 30.015324592590332
71.794731601 -140.04127601347864 -1.3712019845843315 30.015393257141113
71.81471455 -140.08607581816614 -1.4290054962038994 30.01552677154541
71.834791017 -140.1159525271505 -1.4675444290041924 30.015633583068848
71.854852579 -140.1607981082052 -1.525352232158184 30.015873908996582
71.874783377 -140.19073585234582 -1.563960425555706 30.016057014465332
71.894715872 -140.2356729861349 -1.6218771860003471 30.016301155090332
71.914716218 -140.26567176543176 -1.6605235263705254 30.016453742980957
71.934712841 -140.31073096953332 -1.7185509130358696 30.016674995422363
71.954840553 -140.3408060427755 -1.7572392150759697 30.016865730285645
71.974746998 -140.38592628203332 -1.815443031489849 30.017094612121582
71.99472398 -140.41603187285364 -1.8542742654681206 30.01725482940674
72.014707447 -140.4612131472677 -1.9125608131289482 30.017502784729004
72.034779404 -140.49133399687707 -1.9514300748705864 30.017647743225098
72.054848197 -140.536484753713 -2.009747974574566 30.01785373687744
72.074832231 -140.56657508574426 -2.048691026866436 30.017971992492676
72.094720685 -140.61169532500207 -2.1070980951189995 30.018105506896973
72.114726714 -140.6417551394552 -2.146068088710308 30.018174171447754
72.134714337 -140.68681434355676 -2.204576961696148 30.01826572418213
72.154807307 -140.71685889922082 -2.2435772344470024 30.01832675933838
72.174757145 -140.76185706816614 -2.3022069856524467 30.018391609191895
72.194730349 -140.791855847463 -2.3413190767169 30.018433570861816
72.214712742 -140.8368692751974 -2.40001630038023 30.0184907913208
72.234708961 -140.86682227812707 -2.4392445012927055 30.018540382385254
72.254844504 -140.91174415312707 -2.4980726167559624 30.018521308898926
72.27478378 -140.9416818972677 -2.537322275340557 30.018521308898926
72.294717084 -140.9866037722677 -2.5961606428027153 30.018528938293457
72.314715056 -141.0165109988302 -2.635395757853985 30.01854419708252
72.334704957 -141.06132606230676 -2.6942582055926323 30.018567085266113
72.354854938 -141.09120277129114 -2.7334711477160454 30.01857852935791
72.374774305 -141.13592628203332 -2.792341463267803 30.01859760284424
72.394734399 -141.1657572146505 -2.831574432551861 30.018609046936035
72.41471497 -141.2104807253927 -2.8903977796435356 30.018624305725098
72.434719319 -141.24025062285364 -2.929644577205181 30.01865863800049
72.45490253 -141.28491309843957 -2.988482467830181 30.018750190734863
72.474776819 -141.3146829959005 -3.0277213975787163 30.01882266998291
72.494736057 -141.35937598906457 -3.086612217128277 30.01893711090088
72.514726953 -141.38917640410364 -3.125853769481182 30.019017219543457
72.534737044 -141.43388465605676 -3.184792749583721 30.019169807434082
72.55483869 -141.46371558867395 -3.2240207120776176 30.019246101379395
72.574752882 -141.5084543582052 -3.2829520627856255 30.019383430480957
72.594724053 -141.5383158084005 -3.3222451135516167 30.019471168518066
72.614702544 -141.58310035429895 -3.3811879083514214 30.019600868225098
72.634698605 -141.6130228396505 -3.4205491468310356 30.01969623565674
72.654909033 -141.6579141970724 -3.4795317575335503 30.019783973693848
72.675048367 -141.68788245879114 -3.5188412591814995 30.019841194152832
72.694722743 -141.73285011015832 -3.5777823850512505 30.01988697052002
72.714726533 -141.7628488894552 -3.617036335170269 30.019902229309082
72.734735309 -141.8078928347677 -3.67596148699522 30.01992130279541
72.754858913 -141.83793739043176 -3.715220920741558 30.019951820373535
72.774737545 -141.88305762968957 -3.7740671560168266 30.02001667022705
72.794741945 -141.9131632205099 -3.8133146688342094 30.02009677886963
72.814723948 -141.9583292361349 -3.872085802257061 30.020211219787598
72.834715275 -141.9884806033224 -3.9112756177783012 30.020329475402832
72.854844451 -142.03373817168176 -3.969993107020855 30.020569801330566
72.874832285 -142.06393531523645 -4.009117595851421 30.020726203918457
72.894757578 -142.10925391875207 -4.067763797938824 30.0209321975708
72.914714071 -142.1394815798849 -4.106811039149761 30.021058082580566
72.934702987 -142.18483070097864 -4.165367595851421 30.02122974395752
72.954814171 -142.2150736209005 -4.204376213252544 30.021389961242676
72.974723943 -142.2604532595724 -4.26284121721983 30.021611213684082
72.994763769 -142.2907266970724 -4.30182933062315 30.021763801574707
73.014718139 -142.3361673709005 -4.3602509424090385 30.02198886871338
73.034765904 -142.3664865847677 -4.399182789027691 30.022133827209473
73.054925166 -142.41195777617395 -4.457552425563335 30.022366523742676
73.07496605 -142.44226173125207 -4.496427528560162 30.0225191116333
73.094757642 -142.48771766386926 -4.554712764918804 30.022767066955566
73.114722655 -142.51800636015832 -4.593527786433697 30.022934913635254
73.13470768 -142.56340125761926 -4.651782028377056 30.02318286895752
73.154795212 -142.59364417754114 -4.69059132784605 30.023316383361816
73.174962922 -142.63896278105676 -4.748766414821148 30.023499488830566
73.194738415 -142.66912940703332 -4.787546627223492 30.023579597473145
73.214734931 -142.7143869753927 -4.8456540033221245 30.023674964904785
73.234732824 -142.7445383425802 -4.88436745852232 30.023728370666504
73.254819112 -142.7897501345724 -4.942372791469097 30.02389621734619
73.274849297 -142.81988624297082 -4.980993740260601 30.023995399475098
73.294730331 -142.86505225859582 -5.038914673030376 30.024128913879395
73.314708054 -142.89518836699426 -5.077488891780376 30.024209022521973
73.334699976 -142.9403849001974 -5.135289184749126 30.02430820465088
73.354885555 -142.97052100859582 -5.173786632716656 30.024388313293457
73.374770053 -143.01574805937707 -5.231478683650494 30.024487495422363
73.394740473 -143.04591468535364 -5.2699375078082085 30.02455234527588
73.414714172 -143.091172253713 -5.32758092135191 30.024662971496582
73.434704272 -143.12133887968957 -5.3660068437457085 30.024731636047363
73.454822612 -143.166611706838 -5.423641674220562 30.024853706359863
73.474841547 -143.19679359160364 -5.462035171687603 30.02492618560791
73.494750728 -143.24203590117395 -5.519707195460796 30.025002479553223
73.514702734 -143.2722025271505 -5.55815314501524 30.025032997131348
73.534744887 -143.3174600955099 -5.615812294185162 30.025059700012207
73.554803292 -143.34762672148645 -5.6542758867144585 30.02505588531494
73.576147424 -143.3928995486349 -5.711939804255962 30.025032997131348
73.596137508 -143.42309669218957 -5.75039004534483 30.02497959136963
73.616150976 -143.46844581328332 -5.808015815913677 30.02486515045166
73.636107373 -143.49870399199426 -5.846420757472515 30.024765968322754
73.656259929 -143.54411414824426 -5.90402077883482 30.02456760406494
73.676195111 -143.57440284453332 -5.942393772304058 30.02443027496338
73.69619184 -143.6198282595724 -5.999949924647808 30.02428150177002
73.71612422 -143.6501016970724 -6.038319103419781 30.02420139312744
73.736119793 -143.6955118533224 -6.095870487391949 30.024083137512207
73.75627722 -143.72577003203332 -6.134252063930035 30.02397632598877
73.77615816 -143.7711496707052 -6.191795818507671 30.023823738098145
73.796173108 -143.80140784941614 -6.230163566768169 30.02373218536377
73.816130645 -143.84681800566614 -6.287699691951275 30.023598670959473
73.836133459 -143.8771067019552 -6.3260288164019585 30.023510932922363
73.856244726 -143.92260841093957 -6.383540622889996 30.023396492004395
73.876165362 -143.95294288359582 -6.421835891902447 30.023327827453613
73.896168271 -143.99850562773645 -6.4793162271380424 30.02318286895752
73.916105407 -144.02890113554895 -6.517621986567974 30.023076057434082
73.936131579 -144.07450965605676 -6.575057975947857 30.022900581359863
73.956232683 -144.10492042265832 -6.613348953425884 30.022778511047363
73.976178977 -144.15055946074426 -6.67073106020689 30.022610664367676
73.996140802 -144.1809854861349 -6.708965294063091 30.02248477935791
74.016100776 -144.22662452422082 -6.766288749873638 30.02226734161377
74.036119418 -144.25705054961145 -6.804469577968121 30.022133827209473
74.056363542 -144.30265907011926 -6.861735813319683 30.022038459777832
74.076176566 -144.33305457793176 -6.899892322719097 30.022000312805176
74.096144046 -144.37863258086145 -6.957091324031353 30.021992683410645
74.116110668 -144.4090128298849 -6.995233051478863 30.02201557159424
74.136124774 -144.4545755740255 -7.05238389223814 30.022053718566895
74.156254938 -144.4849405642599 -7.0904755517840385 30.02204990386963
74.176151153 -144.53048804961145 -7.147565834224224 30.022046089172363
74.196150352 -144.56085303984582 -7.185611240565777 30.022034645080566
74.216094668 -144.60637000761926 -7.242640964686871 30.022007942199707
74.2361073 -144.63671973906457 -7.280626766383648 30.02199649810791
74.256284792 -144.68225196562707 -7.337583534419537 30.02193546295166
74.276183989 -144.7126016970724 -7.375544540584087 30.021885871887207
74.296147292 -144.7581339236349 -7.4324717447161674 30.02183246612549
74.316171656 -144.7884836550802 -7.470465652644634 30.02181339263916
74.336115427 -144.83403114043176 -7.527441017329693 30.021782875061035
74.356252256 -144.86439613066614 -7.565441124141216 30.021767616271973
74.376158672 -144.9099436160177 -7.6224532052874565 30.021733283996582
74.396146907 -144.94030860625207 -7.660443298518658 30.02172565460205
74.416112033 -144.9858713503927 -7.717403881251812 30.02175235748291
74.436137094 -145.01625159941614 -7.7553496286273 30.02177143096924
74.456241777 -145.061875378713 -7.812291614711285 30.0217866897583
74.476189895 -145.09230140410364 -7.850244037806988 30.021790504455566
74.496191336 -145.13794044218957 -7.907161705195904 30.021817207336426
74.516141663 -145.16835120879114 -7.945131294429302 30.02184772491455
74.536120834 -145.21400550566614 -8.00202464312315 30.02189350128174
74.556328573 -145.24443153105676 -8.039917938411236 30.02189350128174
74.576242925 -145.29010108672082 -8.09668730944395 30.021870613098145
74.596163821 -145.32055762968957 -8.134490005671978 30.02184772491455
74.616112408 -145.36633399687707 -8.19113253802061 30.021767616271973
74.636117001 -145.3968820925802 -8.228860847651958 30.02171039581299
74.656385733 -145.44275001250207 -8.285398475825787 30.021695137023926
74.676203797 -145.47335914336145 -8.323041908442974 30.021679878234863
74.69610869 -145.51928809843957 -8.379438392817974 30.021668434143066
74.716128462 -145.54992774687707 -8.41698931902647 30.0216646194458
74.736126396 -145.59588721953332 -8.473264686763287 30.02165699005127
74.756299137 -145.6265421267599 -8.5107526704669 30.02163028717041
74.776129661 -145.67253211699426 -8.566936485469341 30.021611213684082
74.796169377 -145.70318702422082 -8.604362480342388 30.021611213684082
74.816108596 -145.74919227324426 -8.66046141833067 30.021634101867676
74.836134712 -145.77987769804895 -8.697840683162212 30.02165699005127
74.856250462 -145.82589820586145 -8.753878585994244 30.021714210510254
74.876206604 -145.85658363066614 -8.791224472224712 30.02177906036377
74.896122298 -145.90260413847864 -8.847216598689556 30.0219087600708
74.916107058 -145.93328956328332 -8.884535782039165 30.022019386291504
74.936149946 -145.9792795535177 -8.940482132136822 30.02220630645752
74.956209457 -146.00993446074426 -8.977764122188091 30.022351264953613
74.976162616 -146.05592445097864 -9.033645622432232 30.022595405578613
74.996106344 -146.0865793582052 -9.070877067744732 30.02275562286377
75.016106783 -146.13258460722864 -9.126689903438091 30.0230073928833
75.036116125 -146.16327003203332 -9.16388987749815 30.023179054260254
75.056210208 -146.2093057986349 -9.219677917659283 30.023510932922363
75.076268237 -146.24003699980676 -9.25687026232481 30.023762702941895
75.096113032 -146.2861185427755 -9.31265353411436 30.02413272857666
75.116098704 -146.3168497439474 -9.34985350817442 30.024388313293457
75.136167406 -146.3629465457052 -9.405679695308208 30.024788856506348
75.156188293 -146.39369300566614 -9.44289492815733 30.02504062652588
75.176146675 -146.43978980742395 -9.498780243098736 30.025456428527832
75.196109321 -146.4705362673849 -9.536019317805767 30.025704383850098
75.216120828 -146.51664832793176 -9.591915123164654 30.02604389190674
75.236112247 -146.54737952910364 -9.629185669124126 30.026265144348145
75.256172487 -146.59347633086145 -9.685102455317974 30.026562690734863
75.276303654 -146.6241770144552 -9.72239875048399 30.02675724029541
75.296142273 -146.67022803984582 -9.778316490352154 30.026986122131348
75.316115658 -146.70089820586145 -9.815585128962994 30.02712345123291
75.336111982 -146.74688819609582 -9.871478073298931 30.027344703674316
75.356165849 -146.77752784453332 -9.908727638423443 30.027470588684082
75.376295583 -146.82345679961145 -9.964632980525494 30.027695655822754
75.396144919 -146.85406593047082 -10.001904480159283 30.027852058410645
75.416105453 -146.89996436797082 -10.057812683284283 30.02810764312744
75.436106484 -146.93055824004114 -10.095115654170513 30.028298377990723
75.456145866 -146.97644141875207 -10.151043884456158 30.028569221496582
75.476258081 -147.00700477324426 -10.188350670039654 30.02876377105713
75.496178688 -147.052842175588 -10.244291298091412 30.02900791168213
75.516119728 -147.08339027129114 -10.281583778560162 30.02915668487549
75.53611902 -147.12919715605676 -10.337538711726665 30.02937412261963
75.556168361 -147.1597452517599 -10.37483786791563 30.029519081115723
75.576418546 -147.2055216189474 -10.43082331866026 30.02971363067627
75.596187915 -147.2360391970724 -10.468152992427349 30.029831886291504
75.616123959 -147.28180030547082 -10.524154655635357 30.029995918273926
75.636132659 -147.3123331423849 -10.561501495540142 30.030095100402832
75.656141686 -147.35812476836145 -10.617499344050884 30.03019428253174
75.676208817 -147.38868812285364 -10.654826156795025 30.030251502990723
75.696175603 -147.4345255251974 -10.71086024492979 30.03035831451416
75.71618968 -147.4651193972677 -10.748214714229107 30.030423164367676
75.736121529 -147.51100257597864 -10.804292671382427 30.030545234680176
75.756230397 -147.54159644804895 -10.841680519282818 30.03066349029541
75.776201164 -147.5874796267599 -10.897876732051373 30.030842781066895
75.796153968 -147.61805824004114 -10.935365669429302 30.030945777893066
75.816113592 -147.66391090117395 -10.991637222468853 30.031079292297363
75.836128264 -147.6944895144552 -11.029210083186626 30.031147956848145
75.856120829 -147.740342175588 -11.085561744868755 30.031243324279785
75.876260041 -147.77092078886926 -11.12315272539854 30.03129291534424
75.896152635 -147.81678870879114 -11.179570190608501 30.03132724761963
75.916117575 -147.8473673220724 -11.217176429927349 30.03133487701416
75.936128998 -147.89323524199426 -11.273638717830181 30.03132724761963
75.956118868 -147.9238138552755 -11.311278335750103 30.031270027160645
75.976524972 -147.9696817751974 -11.367735855281353 30.031155586242676
75.996167253 -148.0002756472677 -11.405363075435162 30.031060218811035
76.016114039 -148.04614356718957 -11.461793892085552 30.030884742736816
76.036117067 -148.0766916628927 -11.499407760798931 30.030739784240723
76.056128155 -148.12252906523645 -11.555795662105083 30.03048801422119
76.076330065 -148.1530619021505 -11.593375198543072 30.030312538146973
76.096333799 -148.19885352812707 -11.649733535945415 30.03004550933838
76.116119599 -148.22938636504114 -11.687288276851177 30.029866218566895
76.136119615 -148.2751322146505 -11.74360179156065 30.02961826324463
76.157451329 -148.30560401640832 -11.781124107539654 30.02943515777588
76.177365076 -148.3513040896505 -11.83737849444151 30.029175758361816
76.197337773 -148.3817453738302 -11.874892227351665 30.02901554107666
76.217350015 -148.42738441191614 -11.931151382625103 30.028794288635254
76.237312911 -148.4577951785177 -11.968671791255474 30.02867603302002
76.257450925 -148.5034036990255 -12.024940483272076 30.028515815734863
76.277509305 -148.533799206838 -12.062460891902447 30.028428077697754
76.297310327 -148.57939246855676 -12.118743889033794 30.028325080871582
76.317341124 -148.60978797636926 -12.156252853572369 30.028264045715332
76.337313262 -148.65536597929895 -12.212559692561626 30.02824878692627
76.357424433 -148.6857462283224 -12.250102035701275 30.028252601623535
76.37788484 -148.73132423125207 -12.306421272456646 30.028279304504395
76.397476555 -148.76168922148645 -12.343996040523052 30.02834415435791
76.417326311 -148.807236706838 -12.400338165462017 30.028443336486816
76.437313026 -148.83758643828332 -12.43791102617979 30.028542518615723
76.457435764 -148.88310340605676 -12.494278900325298 30.028767585754395
76.477414912 -148.91346839629114 -12.531841270625591 30.028916358947754
76.497412146 -148.9590158816427 -12.588235847651958 30.029221534729004
76.517335409 -148.98939613066614 -12.625799171626568 30.02940845489502
76.537317117 -149.03495887480676 -12.6821975633502 30.029725074768066
76.557459002 -149.06535438261926 -12.719785682857037 30.029969215393066
76.57739129 -149.110947644338 -12.77615451067686 30.030327796936035
76.597345249 -149.1413126345724 -12.813750259578228 30.03060245513916
76.617360228 -149.186875378713 -12.870100013911724 30.031010627746582
76.637313465 -149.21722511015832 -12.907646171748638 30.031262397766113
76.657494226 -149.26271156035364 -12.963958732783794 30.031617164611816
76.677393007 -149.29303077422082 -13.001482002437115 30.031834602355957
76.6973749 -149.3384561892599 -13.057799331843853 30.032113075256348
76.717335068 -149.3687296267599 -13.095351211726665 30.0322847366333
76.737349321 -149.41412452422082 -13.151688568294048 30.03251361846924
76.757427956 -149.44435218535364 -13.189298622310162 30.03268527984619
76.777459336 -149.4897318240255 -13.245657913386822 30.03291416168213
76.797346503 -149.5199289675802 -13.283262245357037 30.03306293487549
76.817337656 -149.5652170535177 -13.339653007686138 30.0332612991333
76.837336239 -149.5954141970724 -13.37725543230772 30.03337574005127
76.857336155 -149.64067176543176 -13.433650009334087 30.03355121612549
76.877453127 -149.6708536501974 -13.471223823726177 30.03365421295166
76.8973466 -149.71600440703332 -13.527603141963482 30.033806800842285
76.917326173 -149.74610999785364 -13.565181724727154 30.033909797668457
76.937345193 -149.79123023711145 -13.621538154780865 30.034050941467285
76.957346045 -149.8212747927755 -13.659140579402447 30.034157752990723
76.977405217 -149.86637977324426 -13.715517990291119 30.034302711486816
76.997377094 -149.8964395876974 -13.753111831843853 30.034401893615723
77.017314617 -149.94159034453332 -13.809505455195904 30.034546852111816
77.037342273 -149.97172645293176 -13.84708022326231 30.034634590148926
77.057360036 -150.01693824492395 -13.903448097407818 30.0347261428833
77.077461084 -150.0471048709005 -13.941009514033794 30.03477191925049
77.097340763 -150.09237769804895 -13.99735926836729 30.03478717803955
77.117375454 -150.12257484160364 -14.03490924090147 30.03477191925049
77.137345202 -150.1678781863302 -14.091216079890728 30.034729957580566
77.157327516 -150.19809058867395 -14.128777496516705 30.034733772277832
77.177899432 -150.2434397097677 -14.185091011226177 30.0347261428833
77.197362861 -150.27369788847864 -14.222636215388775 30.034714698791504
77.217342723 -150.31909278593957 -14.278961174190044 30.034687995910645
77.23735505 -150.34936622343957 -14.316494934260845 30.03465747833252
77.257404155 -150.3948068972677 -14.372796051204205 30.034611701965332
77.277449928 -150.42509559355676 -14.410317413508892 30.034573554992676
77.297413502 -150.470566784963 -14.466578476130962 30.034504890441895
77.317333656 -150.50087074004114 -14.504074089229107 30.034462928771973
77.337350133 -150.5463419314474 -14.560297004878521 30.034390449523926
77.357385455 -150.5766458865255 -14.59784983843565 30.03432559967041
77.377352853 -150.62213233672082 -14.654170028865337 30.034234046936035
77.397450591 -150.65248206816614 -14.691740028560162 30.034173011779785
77.417334877 -150.69804481230676 -14.748150818049908 30.03408145904541
77.43732954 -150.72844032011926 -14.785756103694439 30.03402042388916
77.457336763 -150.77404884062707 -14.842269890010357 30.03397846221924
77.477411727 -150.8044748660177 -14.879961960017681 30.03395938873291
77.497435637 -150.8501291628927 -14.936522476375103 30.03396701812744
77.517327491 -150.8805704470724 -14.974276535212994 30.034031867980957
77.53736909 -150.92624000273645 -15.030878059566021 30.034123420715332
77.55739497 -150.95671180449426 -15.068623535335064 30.034199714660645
77.577486436 -151.0023966189474 -15.125218383967876 30.03431797027588
77.597392544 -151.0328684207052 -15.16296099871397 30.034398078918457
77.617394061 -151.0785684939474 -15.219569198787212 30.034531593322754
77.637354371 -151.1090402957052 -15.257285110652447 30.034619331359863
77.657354244 -151.15470985136926 -15.313897125422955 30.03486728668213
77.677467857 -151.18515113554895 -15.351616851985455 30.035027503967285
77.697407695 -151.23077491484582 -15.408170692622662 30.03527545928955
77.717398921 -151.26117042265832 -15.44590663164854 30.035462379455566
77.737743163 -151.30676368437707 -15.50247859209776 30.03572940826416
77.75746066 -151.3371439334005 -15.54019831866026 30.03587818145752
77.778341354 -151.3827219363302 -15.596782676875591 30.036107063293457
77.797990982 -151.4131174441427 -15.63448428362608 30.036263465881348
77.819071739 -151.45874122343957 -15.69107436388731 30.036534309387207
77.840074286 -151.48915199004114 -15.728754989802837 30.036686897277832
77.861379992 -151.53479102812707 -15.785280220210552 30.03695774078369
77.883581925 -151.5652170535177 -15.8229446336627 30.03713321685791
77.903613051 -151.6108713503927 -15.87941550463438 30.037392616271973
77.923575479 -151.64128211699426 -15.91708754748106 30.03761386871338
77.944015938 -151.6869211550802 -15.97356890887022 30.037930488586426
77.96368925 -151.71734718047082 -16.01123046129942 30.03818988800049
77.983551169 -151.76300147734582 -16.06773566454649 30.038586616516113
78.003604782 -151.79345802031457 -16.105384819209576 30.03883457183838
78.023590401 -151.83915809355676 -16.161890022456646 30.039223670959473
78.044303553 -151.86964515410364 -16.199546806514263 30.03947162628174
78.063661805 -151.915391003713 -16.256013862788677 30.03976535797119
78.083576246 -151.945908581838 -16.29366111010313 30.039986610412598
78.103662893 -151.99170020781457 -16.350061409175396 30.04025363922119
78.123669072 -152.02221778593957 -16.387653343379498 30.040417671203613
78.144627212 -152.067978894338 -16.444000236690044 30.04063892364502
78.166087129 -152.098496472463 -16.481552116572857 30.04075336456299
78.186040382 -152.14425758086145 -16.53784178942442 30.04091739654541
78.206067243 -152.1747599001974 -16.57533835619688 30.041024208068848
78.227179526 -152.22045997343957 -16.63155173510313 30.041218757629395
78.24713061 -152.2509317751974 -16.669004432857037 30.041333198547363
78.267106029 -152.29664710722864 -16.725154869258404 30.041417121887207
78.287139755 -152.3271036501974 -16.762598030269146 30.04149341583252
78.307083534 -152.37281898222864 -16.81872557848692 30.041569709777832
78.327283186 -152.4033060427755 -16.856132499873638 30.04162311553955
78.347134421 -152.44906715117395 -16.912216179072857 30.04171848297119
78.367089026 -152.47958472929895 -16.949575416743755 30.041726112365723
78.387135801 -152.52539161406457 -17.005569450557232 30.041752815246582
78.407092358 -152.5559397097677 -17.042869560420513 30.041756629943848
78.427217594 -152.6017618533224 -17.098758690059185 30.0418062210083
78.447106248 -152.63234046660364 -17.135992042720318 30.041848182678223
78.467092068 -152.67823890410364 -17.191804878413677 30.041943550109863
78.48713374 -152.70886329375207 -17.22900389879942 30.042057991027832
78.507100572 -152.7548380251974 -17.284778587520123 30.042195320129395
78.527253232 -152.785508191213 -17.321958534419537 30.04231357574463
78.547156381 -152.8315286990255 -17.377700798213482 30.042542457580566
78.567124836 -152.86222938261926 -17.414840690791607 30.04272174835205
78.587191542 -152.908310925588 -17.470565788447857 30.043068885803223
78.607159842 -152.9390421267599 -17.507709495723248 30.043286323547363
78.627330102 -152.98512366972864 -17.563417427241802 30.043583869934082
78.647221908 -153.01583961211145 -17.60055922716856 30.043774604797363
78.667167665 -153.06190589629114 -17.656269066035748 30.044034004211426
78.687126492 -153.09257606230676 -17.69346236437559 30.044224739074707
78.707115693 -153.1385813113302 -17.74923323839903 30.04447650909424
78.727218295 -153.16923621855676 -17.786422722041607 30.044636726379395
78.74712989 -153.2151651736349 -17.842256538569927 30.044861793518066
78.767082603 -153.24578956328332 -17.879480354487896 30.044987678527832
78.787150827 -153.29164222441614 -17.935449592769146 30.04518985748291
78.807085585 -153.32219032011926 -17.97278594225645 30.04531955718994
78.827200079 -153.368027722463 -18.02882956713438 30.045510292053223
78.847127616 -153.39853004179895 -18.06627082079649 30.04564380645752
78.867111411 -153.44430640898645 -18.12243079394102 30.045849800109863
78.88710356 -153.47482398711145 -18.159908287227154 30.045964241027832
78.907142288 -153.52060035429895 -18.216110222041607 30.046128273010254
78.927170106 -153.55108741484582 -18.25359534472227 30.046238899230957
78.947099497 -153.59681800566614 -18.30985449999571 30.046372413635254
78.967098522 -153.627305066213 -18.34735106676817 30.046441078186035
78.987115639 -153.6730051394552 -18.40368651598692 30.04654026031494
79.016350248 -153.70346168242395 -18.441228859126568 30.046597480773926
79.046552431 -153.749131238088 -18.49752425402403 30.046666145324707
79.069655004 -153.77955726347864 -18.535083763301373 30.046727180480957
79.089556065 -153.82519630156457 -18.591388694941998 30.04680347442627
79.109654573 -153.85563758574426 -18.62891959398985 30.04685688018799
79.129891884 -153.90129188261926 -18.685247413814068 30.046944618225098
79.149553733 -153.931748425588 -18.72278594225645 30.046990394592285
79.169535763 -153.9774942751974 -18.779163353145123 30.047104835510254
79.189549824 -154.00799659453332 -18.816699974238873 30.04714298248291
79.20957879 -154.0537424441427 -18.873043052852154 30.047245979309082
79.22962836 -154.08424476347864 -18.910593025386333 30.0472993850708
79.249549595 -154.1300363894552 -18.966894142329693 30.047364234924316
79.269614 -154.16053870879114 -19.004457466304302 30.047417640686035
79.289612175 -154.2063303347677 -19.06077193468809 30.047486305236816
79.309609242 -154.2368479128927 -19.098316185176373 30.047524452209473
79.329619934 -154.28265479765832 -19.154647819697857 30.04753589630127
79.349550499 -154.31320289336145 -19.19218062609434 30.04751682281494
79.369565236 -154.3590402957052 -19.24850272387266 30.04750156402588
79.389631424 -154.3896341677755 -19.286041252315044 30.04746723175049
79.409547283 -154.4355326052755 -19.342336647212505 30.04738712310791
79.429625307 -154.466172253713 -19.37988280504942 30.04735279083252
79.449544533 -154.51214698515832 -19.436128608882427 30.047268867492676
79.469552815 -154.54281715117395 -19.473630897700787 30.04722309112549
79.48955955 -154.5888529177755 -19.529861442744732 30.04708194732666
79.509577475 -154.61955360136926 -19.567365638911724 30.046982765197754
79.529602337 -154.66561988554895 -19.6236038133502 30.046833992004395
79.54956208 -154.6963205691427 -19.661069862544537 30.046719551086426
79.569554439 -154.74237159453332 -19.71730612963438 30.046563148498535
79.589563257 -154.77308753691614 -19.754777900874615 30.046486854553223
79.609494455 -154.81918433867395 -19.81095504015684 30.04636859893799
79.629624928 -154.84990028105676 -19.848398201167583 30.046311378479004
79.649544977 -154.89599708281457 -19.904510490596294 30.046212196350098
79.669555519 -154.92672828398645 -19.94189452379942 30.046147346496582
79.70841787 -154.97277930937707 -19.997920982539654 30.046029090881348
79.733448925 -155.00347999297082 -20.035236351191998 30.045945167541504
79.753350121 -155.04948524199426 -20.09114646166563 30.04582691192627
79.773374998 -155.0801554080099 -20.12838362902403 30.04573917388916
79.793423539 -155.12609962187707 -20.184188835322857 30.04560947418213
79.814018998 -155.1567240115255 -20.22134780138731 30.04548740386963
79.833319726 -155.2026224490255 -20.277021400630474 30.045281410217285
79.853352437 -155.23315528593957 -20.314105980098248 30.045125007629395
79.873356439 -155.278916394338 -20.369686119258404 30.044861793518066
79.893465182 -155.30937293730676 -20.40670584887266 30.044678688049316
79.913517042 -155.35504249297082 -20.462177269160748 30.044434547424316
79.933377366 -155.3854837771505 -20.499128334224224 30.044255256652832
79.953380746 -155.43107703886926 -20.554494850337505 30.043980598449707
79.973366694 -155.46147254668176 -20.5913829728961 30.043774604797363
79.993413729 -155.50705054961145 -20.646684639155865 30.043442726135254
80.013532927 -155.53741553984582 -20.683536522090435 30.043206214904785
80.033330179 -155.58294776640832 -20.738788597285748 30.042851448059082
80.053397196 -155.6132669802755 -20.77560805529356 30.042611122131348
80.073385034 -155.65873817168176 -20.830812446773052 30.04221820831299
80.09339508 -155.6890421267599 -20.867605201900005 30.04195499420166
80.113639529 -155.73449805937707 -20.922765724360943 30.04160785675049
80.133408382 -155.76481727324426 -20.959526054561138 30.04137897491455
80.153349685 -155.8102579470724 -21.014671318233013 30.041043281555176
80.173361437 -155.8405619021505 -21.05142592638731 30.04082202911377
80.193388364 -155.88603309355676 -21.106544487178326 30.04049777984619
80.214144327 -155.9163370486349 -21.143329612910748 30.040284156799316
80.233324439 -155.961777722463 -21.198505394160748 30.039978981018066
80.253423985 -155.99208167754114 -21.2352981492877 30.03981113433838
80.273373499 -156.0375070925802 -21.290464393794537 30.03960132598877
80.293353663 -156.06775001250207 -21.32723044604063 30.039490699768066
80.313557735 -156.11312965117395 -21.382343284785748 30.039402961730957
80.333391112 -156.1433878298849 -21.419069282710552 30.03935718536377
80.353374012 -156.18878272734582 -21.47411536425352 30.03929615020752
80.373393529 -156.21905616484582 -21.510793678462505 30.039250373840332
80.393371713 -156.2644815798849 -21.565780632197857 30.039196968078613
80.413804497 -156.29480079375207 -21.602441780269146 30.039231300354004
80.43336709 -156.34027198515832 -21.657428734004498 30.03927707672119
80.453347156 -156.3705911990255 -21.69409178942442 30.039341926574707
80.473382041 -156.41610816679895 -21.749086372554302 30.039463996887207
80.493371055 -156.44645789824426 -21.785749427974224 30.039528846740723
80.51369169 -156.49200538359582 -21.840757362544537 30.03964328765869
80.533402698 -156.52238563261926 -21.877416603267193 30.03969669342041
80.553369851 -156.5679483767599 -21.93246077746153 30.039761543273926
80.573390384 -156.59832862578332 -21.969173423945904 30.039780616760254
80.593365472 -156.64393714629114 -22.02425955981016 30.03978443145752
80.613733283 -156.67436317168176 -22.06103514879942 30.039788246154785
80.633361175 -156.72003272734582 -22.116214744746685 30.03977680206299
80.653450711 -156.7505197878927 -22.15303611010313 30.03975009918213
80.67343087 -156.79632667265832 -22.208297722041607 30.039681434631348
80.693345382 -156.82690528593957 -22.24514388293028 30.039624214172363
80.71367696 -156.87284949980676 -22.30042838305235 30.039555549621582
80.733412267 -156.90348914824426 -22.33728026598692 30.039494514465332
80.753367429 -156.9494943972677 -22.392553322017193 30.039368629455566
80.773384861 -156.9802103396505 -22.429407112300396 30.039280891418457
80.793370858 -157.02629188261926 -22.484664909541607 30.039128303527832
80.813508891 -157.05702308379114 -22.521469108760357 30.03904438018799
80.833362909 -157.103135144338 -22.576652519404888 30.038899421691895
80.853345635 -157.13388160429895 -22.613426201045513 30.03880786895752
80.87340017 -157.18002418242395 -22.668556205928326 30.03865146636963
80.893364809 -157.21078590117395 -22.70529555529356 30.03853702545166
80.913685425 -157.2569895144552 -22.76036261767149 30.038277626037598
80.933416868 -157.2878275271505 -22.79705237597227 30.038086891174316
80.953363174 -157.33410743437707 -22.852046959102154 30.037747383117676
80.973412891 -157.3650217410177 -22.888696663081646 30.03749942779541
80.993368113 -157.41139320097864 -22.943674080073833 30.037114143371582
81.013485822 -157.44232276640832 -22.98034095019102 30.036816596984863
81.033332719 -157.4887552615255 -23.035364143550396 30.03634738922119
81.053372945 -157.5197306033224 -23.072051994502544 30.036038398742676
81.073385455 -157.5662393923849 -23.127067558467388 30.035588264465332
81.093368814 -157.5972452517599 -23.163734428584576 30.035283088684082
81.113591009 -157.64379981718957 -23.21871566027403 30.034810066223145
81.133432795 -157.67485145293176 -23.255361549556255 30.03451633453369
81.153418653 -157.7214212771505 -23.310308448970318 30.03408145904541
81.173375152 -157.75248817168176 -23.346925728023052 30.033806800842285
81.193369788 -157.79908851347864 -23.401859275996685 30.033413887023926
81.213693996 -157.830185925588 -23.438499443233013 30.03312397003174
81.233355416 -157.87687782011926 -23.49349593371153 30.032734870910645
81.253378986 -157.90800574980676 -23.530170433223248 30.032498359680176
81.273372866 -157.95471290312707 -23.585243217647076 30.032204627990723
81.293354378 -157.9858255740255 -23.62197493761778 30.03201389312744
81.313654306 -158.03244117461145 -23.67709731310606 30.031758308410645
81.333400236 -158.06347755156457 -23.713842384517193 30.031582832336426
81.353365103 -158.10998634062707 -23.768953315913677 30.031311988830566
81.373390466 -158.14091590605676 -23.80569075793028 30.03114414215088
81.393388908 -158.18725684843957 -23.860801689326763 30.030903816223145
81.413971973 -158.218125378713 -23.897554390132427 30.03074359893799
81.43336114 -158.2643595095724 -23.952669136226177 30.030510902404785
81.453348884 -158.29518226347864 -23.989402763545513 30.03035831451416
81.473436093 -158.3412943240255 -24.044527046382427 30.03014850616455
81.493381312 -158.37201026640832 -24.08129309862852 30.03001117706299
81.513742556 -158.41806129179895 -24.136457435786724 30.02987003326416
81.533407457 -158.44870094023645 -24.173288337886333 30.02976703643799
81.553373423 -158.49464515410364 -24.228553764522076 30.02958393096924
81.573405366 -158.525254284963 -24.265434257686138 30.02945041656494
81.593365392 -158.57118324004114 -24.3207530900836 30.029271125793457
81.613464831 -158.60177711211145 -24.357643119990826 30.029221534729004
81.633383934 -158.64764503203332 -24.413000099360943 30.02917194366455
81.653363726 -158.67822364531457 -24.449901573359966 30.029152870178223
81.673460923 -158.7240763064474 -24.505327217280865 30.02915668487549
81.693355616 -158.7546244021505 -24.542301170527935 30.029160499572754
81.713485872 -158.8004465457052 -24.597793571650982 30.029179573059082
81.733398618 -158.83097938261926 -24.634843818843365 30.029213905334473
81.753470763 -158.8767862673849 -24.690422050654888 30.029229164123535
81.77342102 -158.9073038455099 -24.727500908076763 30.029244422912598
81.793367159 -158.9531107302755 -24.783130638301373 30.029297828674316
81.813503655 -158.9836283084005 -24.82021140307188 30.02933979034424
81.833366449 -159.02941993437707 -24.875825874507427 30.029488563537598
81.853369826 -159.0599680300802 -24.912878029048443 30.029595375061035
81.873409115 -159.10572913847864 -24.968448631465435 30.02987766265869
81.893391753 -159.13623145781457 -25.005468361079693 30.0300874710083
81.913475795 -159.181992566213 -25.060958854854107 30.030430793762207
81.93342132 -159.21249488554895 -25.09792708605528 30.030713081359863
81.953349023 -159.25827125273645 -25.153358452022076 30.031128883361816
81.973384709 -159.28878883086145 -25.190303795039654 30.031418800354004
81.993375195 -159.3345499392599 -25.245725624263287 30.031861305236816
82.013484368 -159.36505225859582 -25.282669059932232 30.032174110412598
82.033379262 -159.41082862578332 -25.338092796504498 30.032666206359863
82.053333697 -159.4413156863302 -25.375038139522076 30.032979011535645
82.073375626 -159.48707679472864 -25.430444709956646 30.033425331115723
82.093392236 -159.51754859648645 -25.467391960322857 30.033738136291504
82.113503186 -159.5632639285177 -25.522781364619732 30.034268379211426
82.133410572 -159.5937357302755 -25.559677116572857 30.03463077545166
82.153334448 -159.63945106230676 -25.614978782832623 30.035096168518066
82.173442451 -159.66992286406457 -25.65181540697813 30.03538227081299
82.193368405 -159.71562293730676 -25.707023613154888 30.035775184631348
82.213439618 -159.7460794802755 -25.74380301684141 30.036004066467285
82.233374449 -159.79176429472864 -25.798913948237896 30.036324501037598
82.25339203 -159.8222208376974 -25.83561896532774 30.03652286529541
82.273369337 -159.8678751345724 -25.890626899898052 30.03679370880127
82.29335638 -159.89831641875207 -25.927255623042583 30.03694248199463
82.313504498 -159.94397071562707 -25.982160560786724 30.03714084625244
82.333422309 -159.9743967410177 -26.018728248775005 30.037240028381348
82.353371245 -160.02003577910364 -26.073532097041607 30.03738498687744
82.373460664 -160.05047706328332 -26.110050193965435 30.03746509552002
82.393360676 -160.0961466189474 -26.164756767451763 30.03751850128174
82.413516194 -160.12658790312707 -26.20119857043028 30.03752613067627
82.433393937 -160.17228797636926 -26.255807869136333 30.03745746612549
82.453350321 -160.20277503691614 -26.29220961779356 30.03737735748291
82.473370557 -160.2485208865255 -26.346807472407818 30.03721332550049
82.493342209 -160.27905372343957 -26.383201591670513 30.037056922912598
82.513643663 -160.32487586699426 -26.437797538936138 30.036763191223145
82.533420482 -160.3554544802755 -26.47421073168516 30.03654193878174
82.553345556 -160.4013529177755 -26.52880858629942 30.036168098449707
82.573363925 -160.4319620486349 -26.565200798213482 30.035908699035645
82.593373828 -160.47790626250207 -26.619752876460552 30.035508155822754
82.613549131 -160.50854591093957 -26.65610884875059 30.035210609436035
82.633398108 -160.55453590117395 -26.710620872676373 30.034756660461426
82.653353293 -160.5851908084005 -26.746940605342388 30.034428596496582
82.673380111 -160.63116553984582 -26.801382057368755 30.03390598297119
82.693386586 -160.66183570586145 -26.837638847529888 30.03356647491455
82.713659535 -160.70782569609582 -26.892021171748638 30.03307056427002
82.733437273 -160.73846534453332 -26.928274147212505 30.032742500305176
82.753360229 -160.78442481718957 -26.982667915523052 30.03225803375244
82.773365552 -160.81506446562707 -27.01893424242735 30.03194522857666
82.793378604 -160.86100867949426 -27.073335640132427 30.03145694732666
82.813540713 -160.8916330691427 -27.109607689082623 30.03112506866455
82.833435329 -160.937607800588 -27.164024345576763 30.030613899230957
82.8533428 -160.96827796660364 -27.200288765132427 30.03026294708252
82.87336655 -161.0143137332052 -27.254682533442974 30.02974796295166
82.893374548 -161.045029675588 -27.29094123095274 30.02940082550049
82.913514768 -161.09111121855676 -27.345308296382427 30.028958320617676
82.933420166 -161.12184241972864 -27.38153075426817 30.02867603302002
82.953365465 -161.16796973906457 -27.43584632128477 30.02824115753174
82.973361837 -161.19873145781457 -27.472049705684185 30.027958869934082
82.993422269 -161.24493507109582 -27.52633475512266 30.027562141418457
83.013544697 -161.275742566213 -27.56252669543028 30.027321815490723
83.033378968 -161.3219766970724 -27.61681555956602 30.026986122131348
83.053361388 -161.35282996855676 -27.652999870479107 30.026795387268066
83.073357325 -161.3991251345724 -27.707294456660748 30.026524543762207
83.093370494 -161.4300089236349 -27.743501655757427 30.02636432647705
83.113492101 -161.4763498660177 -27.797836296260357 30.02610492706299
83.133418095 -161.50724891386926 -27.834068290889263 30.025940895080566
83.153396693 -161.55358985625207 -27.888423912227154 30.02567768096924
83.173357621 -161.58448890410364 -27.924671165645123 30.02550220489502
83.193441469 -161.63082984648645 -27.979009620845318 30.025242805480957
83.213519079 -161.66174415312707 -28.015228264033794 30.025071144104004
83.23337969 -161.708115613088 -28.069549553096294 30.024819374084473
83.253436694 -161.7390451785177 -28.10574721544981 30.024651527404785
83.273342508 -161.78544715605676 -28.16006278246641 30.02440357208252
83.293384047 -161.81637672148645 -28.196292869746685 30.02424716949463
83.313427313 -161.8628244753927 -28.250680916011333 30.02407932281494
83.333456515 -161.89379981718957 -28.28695296496153 30.023972511291504
83.35338283 -161.94027808867395 -28.341423027217388 30.023789405822754
83.373366179 -161.9712686892599 -28.377761833369732 30.023655891418457
83.393373283 -162.0177774783224 -28.432294838130474 30.02346134185791
83.413413949 -162.04876807890832 -28.468698494136333 30.023324012756348
83.433391292 -162.0952463503927 -28.523303978145123 30.023133277893066
83.453429366 -162.1262064334005 -28.559736244380474 30.023018836975098
83.473346309 -162.17265418730676 -28.614397041499615 30.022866249084473
83.493393437 -162.20358375273645 -28.650863640010357 30.02278232574463
83.513488 -162.2499857302755 -28.705602638423443 30.022690773010254
83.533619012 -162.2809152957052 -28.74210547655821 30.02263355255127
83.553398028 -162.32727149687707 -28.79688834398985 30.02256488800049
83.573365324 -162.35817054472864 -28.833412162959576 30.02253818511963
83.593377186 -162.40451148711145 -28.888200752437115 30.022530555725098
83.613557752 -162.435410534963 -28.92476462572813 30.02258014678955
83.633388923 -162.48178199492395 -28.979644767940044 30.02266025543213
83.653399443 -162.51269630156457 -29.016279213130474 30.02272129058838
83.673349684 -162.55909827910364 -29.07131766527891 30.022828102111816
83.693381863 -162.59002784453332 -29.10803221911192 30.022900581359863
83.713422663 -162.6363840457052 -29.163179390132427 30.02296543121338
83.733440145 -162.66728309355676 -29.19996451586485 30.0230073928833
83.753383685 -162.71359351836145 -29.255252830684185 30.023098945617676
83.773351692 -162.74444678984582 -29.292146675288677 30.023159980773926
83.793391304 -162.7907266970724 -29.347532264888287 30.023259162902832
83.81347156 -162.82154945097864 -29.38454245775938 30.023350715637207
83.833406487 -162.867783581838 -29.440069191157818 30.023472785949707
83.853408801 -162.89857581816614 -29.477123253047466 30.02354907989502
83.873351383 -162.94476417265832 -29.53275679796934 30.023674964904785
83.893401066 -162.9755716677755 -29.569843284785748 30.023755073547363
83.913418827 -163.02172950468957 -29.62559699267149 30.02394199371338
83.933451568 -163.05249122343957 -29.662778846919537 30.02407169342041
83.953392122 -163.09860328398645 -29.718568794429302 30.02428913116455
83.97334618 -163.12931922636926 -29.755762092769146 30.024441719055176
83.993381861 -163.17535499297082 -29.811548225581646 30.024659156799316
84.013411375 -163.2060099001974 -29.848724357783794 30.02476978302002
84.033586282 -163.2519846316427 -29.90443991869688 30.024930000305176
84.053386268 -163.28260902129114 -29.941553108394146 30.025025367736816
84.073321371 -163.3285227175802 -29.997182838618755 30.02516269683838
84.09337059 -163.35913184843957 -30.03424071520567 30.025254249572754
84.113394279 -163.40503028593957 -30.089813224971294 30.025464057922363
84.13344856 -163.4356241580099 -30.12684439867735 30.025601387023926
84.153372609 -163.4815225955099 -30.18235968798399 30.025803565979004
84.173335143 -163.51213172636926 -30.219358436763287 30.02592945098877
84.193380887 -163.5580149050802 -30.274829857051373 30.026108741760254
84.21335704 -163.58859351836145 -30.311798088252544 30.026219367980957
84.23342566 -163.63444617949426 -30.36721419543028 30.026368141174316
84.253461971 -163.66497901640832 -30.40414046496153 30.02645206451416
84.273356435 -163.7107248660177 -30.459505073726177 30.026555061340332
84.293385704 -163.74121192656457 -30.49639891833067 30.026612281799316
84.313438794 -163.7868204470724 -30.551681511104107 30.026638984680176
84.33345531 -163.81718543730676 -30.588512413203716 30.026650428771973
84.3534282 -163.8627024050802 -30.64371680468321 30.026673316955566
84.373358024 -163.89296058379114 -30.680482856929302 30.026677131652832
84.393382096 -163.938340222463 -30.735610954463482 30.026673316955566
84.413357892 -163.96855262480676 -30.77235984057188 30.026692390441895
84.433546328 -164.0138254519552 -30.82751464098692 30.02673053741455
84.453380613 -164.0440225955099 -30.864282600581646 30.026753425598145
84.473372233 -164.08924964629114 -30.91947364062071 30.02677631378174
84.493404668 -164.1194162722677 -30.956249229609966 30.02678394317627
84.513438666 -164.16461280547082 -31.011411659419537 30.026841163635254
84.533632599 -164.1947336550802 -31.04817771166563 30.026860237121582
84.553410647 -164.2398996707052 -31.103317253291607 30.02687168121338
84.573366856 -164.26999000273645 -31.140077583491802 30.026848793029785
84.593399222 -164.3151407595724 -31.195194236934185 30.026806831359863
84.613359489 -164.34523109160364 -31.231925956904888 30.026772499084473
84.633436951 -164.39038184843957 -31.28701590746641 30.026719093322754
84.65338639 -164.4204874392599 -31.32373046129942 30.02666187286377
84.673341289 -164.46566871367395 -31.3787364885211 30.026570320129395
84.693377498 -164.4958048220724 -31.415395729243755 30.026528358459473
84.713454945 -164.54101661406457 -31.47036360949278 30.026494026184082
84.733588646 -164.57113746367395 -31.50699805468321 30.026524543762207
84.75338977 -164.6163645144552 -31.56193732470274 30.02656650543213
84.773338487 -164.64648536406457 -31.59855078905821 30.026658058166504
84.793442149 -164.6916818972677 -31.653446190059185 30.026799201965332
84.813375664 -164.721787488088 -31.690019600093365 30.02690601348877
84.833465875 -164.766953503713 -31.744842521846294 30.02708911895752
84.853557162 -164.79705909453332 -31.781375877559185 30.02721118927002
84.873354878 -164.84217933379114 -31.83614920824766 30.027443885803223
84.893396017 -164.87228492461145 -31.87266730517149 30.027600288391113
84.913395908 -164.91742042265832 -31.927440635859966 30.027852058410645
84.933500733 -164.9474954959005 -31.96395491808653 30.02803134918213
84.953397505 -164.99260047636926 -32.018720619380474 30.02828311920166
84.97334318 -165.0226602908224 -32.05523108690977 30.028447151184082
84.993397846 -165.06775001250207 -32.10997962206602 30.028672218322754
85.013373899 -165.09784034453332 -32.14647101610899 30.028801918029785
85.0334282 -165.14296058379114 -32.20116614550352 30.028992652893066
85.053448035 -165.17306617461145 -32.23761557787657 30.029114723205566
85.073365974 -165.21823219023645 -32.29226493090391 30.02932834625244
85.093414429 -165.2483682986349 -32.328691475093365 30.02945041656494
85.113382292 -165.2936106082052 -32.38331412523985 30.02962589263916
85.133487321 -165.32382301054895 -32.41973685473204 30.029717445373535
85.153380377 -165.36915687285364 -32.47437476366758 30.02981662750244
85.173349279 -165.3993997927755 -32.51081275194883 30.029854774475098
85.193409994 -165.4447794314474 -32.56546210497618 30.02986240386963
85.213372813 -165.4750528689474 -32.60189627856016 30.029854774475098
85.233506633 -165.5204935427755 -32.656545631587505 30.029770851135254
85.253405143 -165.55079749785364 -32.69298743456602 30.029683113098145
85.273356499 -165.59631446562707 -32.74765967577696 30.029507637023926
85.29341382 -165.6266641970724 -32.784101478755474 30.029366493225098
85.313391766 -165.67221168242395 -32.838762275874615 30.029019355773926
85.333497505 -165.7025919314474 -32.875234596431255 30.028756141662598
85.353394597 -165.74818519316614 -32.92996405810118 30.028359413146973
85.373369982 -165.77858070097864 -32.966474525630474 30.028077125549316
85.393407584 -165.82421973906457 -33.02129935473204 30.027649879455566
85.413383485 -165.85467628203332 -33.05786704272032 30.027352333068848
85.433526319 -165.90039161406457 -33.11277960985899 30.02689838409424
85.453407712 -165.93090919218957 -33.14940070360899 30.02660846710205
85.473371986 -165.97668555937707 -33.20434760302305 30.026192665100098
85.493390367 -166.00721839629114 -33.24102210253477 30.02590274810791
85.513375382 -166.0530557986349 -33.296045295894146 30.025464057922363
85.533504217 -166.08361915312707 -33.33275794237852 30.025166511535645
85.553400896 -166.12948707304895 -33.387834541499615 30.02474308013916
85.573351813 -166.1600656863302 -33.42457389086485 30.024468421936035
85.593381277 -166.2059641238302 -33.47973059862852 30.02404499053955
85.613377355 -166.2365579959005 -33.51651190966368 30.02378559112549
85.633580828 -166.28248695097864 -33.57172583788633 30.023343086242676
85.653448359 -166.31311134062707 -33.60853003710508 30.023030281066895
85.673392153 -166.35910133086145 -33.66373252123594 30.02253818511963
85.693385437 -166.3898020144552 -33.700525276362896 30.02218723297119
85.713440861 -166.4358682986349 -33.7556896135211 30.021729469299316
85.733451784 -166.46661475859582 -33.79245566576719 30.02143955230713
85.753396242 -166.5127268191427 -33.847585670650005 30.021042823791504
85.773359583 -166.54347327910364 -33.88432502001524 30.02080249786377
85.793387483 -166.58961585722864 -33.939443580806255 30.020459175109863
85.813403846 -166.62037757597864 -33.97617530077696 30.020249366760254
85.833614407 -166.6665354128927 -34.03127860277891 30.019959449768066
85.853406652 -166.69732764922082 -34.06801413744688 30.01977252960205
85.873359477 -166.74353126250207 -34.1231212541461 30.019505500793457
85.893383914 -166.7743692751974 -34.1598529741168 30.01933002471924
85.913399306 -166.82061866484582 -34.214948646724224 30.0191011428833
85.933436625 -166.85145667754114 -34.251691810786724 30.01897144317627
85.953416424 -166.8976908084005 -34.30685233324766 30.018803596496582
85.973380295 -166.92851356230676 -34.34362982958555 30.018704414367676
85.993413049 -166.974717175588 -34.398847572505474 30.01853656768799
86.013391867 -167.00553992949426 -34.435659401118755 30.018425941467285
86.033437796 -167.05177406035364 -34.49087332934141 30.01827335357666
86.053434409 -167.082627331838 -34.52771949023008 30.018162727355957
86.0733796 -167.1288919802755 -34.5829601213336 30.018017768859863
86.093446126 -167.1596994753927 -34.61982154101133 30.017945289611816
86.1134008 -167.205918347463 -34.67510413378477 30.017891883850098
86.133446858 -167.2367258425802 -34.711965553462505 30.017888069152832
86.153413126 -167.2829447146505 -34.76729392260313 30.017918586730957
86.173390308 -167.31376746855676 -34.804182045161724 30.017949104309082
86.193374102 -167.35998634062707 -34.85957907885313 30.018044471740723
86.213396275 -167.3908243533224 -34.89651679247618 30.018101692199707
86.233447725 -167.43705848418176 -34.951929084956646 30.01821231842041
86.253428224 -167.467881238088 -34.988916389644146 30.01830005645752
86.273360864 -167.51413062773645 -35.04438208788633 30.01842975616455
86.293415599 -167.5449533816427 -35.08136939257383 30.01852512359619
86.313407904 -167.59118751250207 -35.13687705248594 30.01872730255127
86.333566443 -167.6220255251974 -35.173871986567974 30.0188570022583
86.353401595 -167.66822913847864 -35.22942923754454 30.019055366516113
86.373352565 -167.69903663359582 -35.26647376269102 30.019185066223145
86.39335427 -167.74517921172082 -35.32215689867735 30.01942539215088
86.413378614 -167.77594093047082 -35.359296791255474 30.0195894241333
86.43343099 -167.8220529910177 -35.415021888911724 30.019845008850098
86.453426053 -167.8527689334005 -35.452226631343365 30.019997596740723
86.47337768 -167.89885047636926 -35.508012764155865 30.020215034484863
86.493364974 -167.929551159963 -35.54522132128477 30.020363807678223
86.513392918 -167.9755716677755 -35.60107611864805 30.020623207092285
86.533473615 -168.0062570925802 -35.63830756396055 30.020791053771973
86.55341818 -168.05217078886926 -35.694257728755474 30.021077156066895
86.573378026 -168.0827494021505 -35.73156165331602 30.02127170562744
86.59341636 -168.1285715457052 -35.78752326220274 30.02156162261963
86.613405994 -168.15910438261926 -35.82482337206602 30.021763801574707
86.633431327 -168.2048654910177 -35.880762092769146 30.02205753326416
86.653421549 -168.2353372927755 -35.91808890551329 30.022255897521973
86.67336761 -168.2810373660177 -35.97403907030821 30.02255344390869
86.693341844 -168.3114786501974 -36.01132773607969 30.022740364074707
86.713451645 -168.35711768828332 -36.06726645678282 30.023022651672363
86.733436744 -168.38754371367395 -36.104536049067974 30.023201942443848
86.753443434 -168.43316749297082 -36.16049765795469 30.023411750793457
86.773368752 -168.46359351836145 -36.197797767817974 30.023537635803223
86.79335687 -168.5092630740255 -36.25373267382383 30.023716926574707
86.813383828 -168.5397043582052 -36.29105567187071 30.02384662628174
86.833421545 -168.58538917265832 -36.347002021968365 30.024025917053223
86.853459429 -168.61584571562707 -36.38429831713438 30.02412509918213
86.87335865 -168.66151527129114 -36.44019126147032 30.024250984191895
86.893348181 -168.6919260378927 -36.477434150874615 30.024327278137207
86.913435365 -168.73754981718957 -36.53327368944883 30.024415016174316
86.933466342 -168.7679758425802 -36.570478431880474 30.0244722366333
86.953429602 -168.81356910429895 -36.62624930590391 30.02451801300049
86.973379774 -168.8439798709005 -36.663381569087505 30.02453327178955
86.993349343 -168.88958839140832 -36.719018928706646 30.024540901184082
87.013390109 -168.9199991580099 -36.7560443803668 30.024556159973145
87.033403627 -168.96562293730676 -36.81152915209532 30.024563789367676
87.053423737 -168.99606422148645 -36.84848212450743 30.024575233459473
87.073395975 -169.0417032595724 -36.9038715288043 30.024598121643066
87.093360991 -169.07214454375207 -36.94077109545469 30.024609565734863
87.113399496 -169.117783581838 -36.996110908687115 30.024605751037598
87.133479538 -169.1482248660177 -37.03297995775938 30.024598121643066
87.153413893 -169.19386390410364 -37.088281624019146 30.024548530578613
87.173375186 -169.22428992949426 -37.12514304369688 30.02449893951416
87.193349649 -169.2699289675802 -37.18042182177305 30.02441120147705
87.213426806 -169.30033973418176 -37.21726416796446 30.024296760559082
87.233464647 -169.34599403105676 -37.272504799067974 30.024109840393066
87.253437183 -169.37643531523645 -37.30932044237852 30.02395725250244
87.273380044 -169.42212012968957 -37.36454199999571 30.02371311187744
87.293350453 -169.4525919314474 -37.40134619921446 30.02354907989502
87.313395869 -169.4983225222677 -37.456594459712505 30.023232460021973
87.333486542 -169.52882484160364 -37.49344062060118 30.02303409576416
87.353431295 -169.5746164675802 -37.54871939867735 30.02273654937744
87.37338809 -169.60519508086145 -37.58563040941954 30.022541999816895
87.393365191 -169.65106300078332 -37.64095114916563 30.02226734161377
87.41339432 -169.6816721316427 -37.677873603999615 30.022042274475098
87.43345662 -169.72760108672082 -37.733259193599224 30.02171039581299
87.453495222 -169.75822547636926 -37.77020072191954 30.021477699279785
87.473367159 -169.80416969023645 -37.8256244584918 30.021145820617676
87.493364545 -169.834824597463 -37.86256217211485 30.020939826965332
87.51341131 -169.8808451052755 -37.91800498217344 30.020634651184082
87.533502336 -169.91156104765832 -37.95495413988829 30.020451545715332
87.553439369 -169.9576731082052 -38.01037406176329 30.020207405090332
87.573394125 -169.98841956816614 -38.04733466356993 30.02005100250244
87.593349071 -170.03456214629114 -38.10275458544493 30.019848823547363
87.61339427 -170.0653391238302 -38.139699928462505 30.01974582672119
87.633356596 -170.11151221953332 -38.19511603564024 30.019639015197754
87.653536911 -170.14230445586145 -38.232046119868755 30.019570350646973
87.673374702 -170.18849281035364 -38.28742026537657 30.01948642730713
87.693342504 -170.21930030547082 -38.32431983202696 30.019444465637207
87.713423882 -170.26550391875207 -38.37967108935118 30.019410133361816
87.733383004 -170.29632667265832 -38.416547767817974 30.01939105987549
87.753452688 -170.34257606230676 -38.47183036059141 30.01933765411377
87.773385022 -170.37341407500207 -38.508657447993755 30.01928424835205
87.793362072 -170.41967872343957 -38.563867561519146 30.01921558380127
87.813379318 -170.45053199492395 -38.60065268725157 30.019177436828613
87.833354691 -170.49684241972864 -38.65584372729063 30.019131660461426
87.853464378 -170.52772620879114 -38.69262885302305 30.019097328186035
87.873401525 -170.574082409963 -38.74781607836485 30.01903247833252
87.893368499 -170.6050119753927 -38.78460501879454 30.019001960754395
87.913387348 -170.65142921172082 -38.83978080004454 30.018940925598145
87.93337997 -170.68238929472864 -38.87655829638243 30.01890277862549
87.953432063 -170.72885230742395 -38.93171118944883 30.018872261047363
87.973367395 -170.75985816679895 -38.96850012987852 30.018864631652832
87.993371343 -170.8063516970724 -39.02366828173399 30.018864631652832
88.013378751 -170.83737281523645 -39.06045340746641 30.018860816955566
88.033316458 -170.88388160429895 -39.11569022387266 30.0188570022583
88.053441258 -170.91488746367395 -39.15252494066954 30.018864631652832
88.073384463 -170.9613809939474 -39.20789527148008 30.01888370513916
88.093371139 -170.99237159453332 -39.24484061449766 30.018906593322754
88.113398899 -171.03883460722864 -39.30031394213438 30.018914222717285
88.133344461 -171.0697794314474 -39.337392799556255 30.018959999084473
88.15341492 -171.11622718535364 -39.3930187150836 30.01903247833252
88.173385079 -171.14718726836145 -39.43014716356993 30.019097328186035
88.193366849 -171.19361976347864 -39.48582648485899 30.019211769104004
88.213394665 -171.2245645876974 -39.52295493334532 30.01933002471924
88.233323035 -171.2709513064474 -39.578630439937115 30.019543647766113
88.253439483 -171.30188087187707 -39.61573218554258 30.01968479156494
88.273393713 -171.3482218142599 -39.671377174556255 30.019951820373535
88.293347463 -171.3791056033224 -39.70846747606993 30.020142555236816
88.313408201 -171.42541602812707 -39.76409339159727 30.02030658721924
88.333434098 -171.45626929961145 -39.8012218400836 30.020440101623535
88.353699015 -171.50253394804895 -39.856916420161724 30.020684242248535
88.373398877 -171.53338721953332 -39.89407157152891 30.020886421203613
88.393419429 -171.57968238554895 -39.94982718676329 30.021214485168457
88.413408169 -171.61053565703332 -39.986989967525005 30.021431922912598
88.433299125 -171.65687659941614 -40.04276084154844 30.02181339263916
88.453693698 -171.6877756472677 -40.07990454882383 30.022061347961426
88.473422321 -171.7341165896505 -40.135583870112896 30.022488594055176
88.493354025 -171.76501563750207 -40.17266654223204 30.022778511047363
88.513388651 -171.811387097463 -40.2282237932086 30.023274421691895
88.533343087 -171.8423166628927 -40.26525305956602 30.023633003234863
88.553621007 -171.88873389922082 -40.32076071947813 30.024144172668457
88.573375709 -171.91967872343957 -40.3577403947711 30.024483680725098
88.593371903 -171.9660959597677 -40.41318320482969 30.024991035461426
88.613380168 -171.9970560427755 -40.45012091845274 30.025322914123535
88.633296585 -172.04347327910364 -40.50549124926329 30.02586078643799
88.653537751 -172.0744181033224 -40.54238700121641 30.026196479797363
88.673404323 -172.12085059843957 -40.59771155565977 30.0266695022583
88.693402829 -172.1518106814474 -40.634626381099224 30.027012825012207
88.71345067 -172.19825843535364 -40.68995475023985 30.02748966217041
88.733347302 -172.22921851836145 -40.726858131587505 30.027810096740723
88.753490357 -172.2756662722677 -40.782182686030865 30.02828311920166
88.77339323 -172.3066263552755 -40.81905936449766 30.028576850891113
88.793385559 -172.3531046267599 -40.87437628954649 30.02895450592041
88.813399507 -172.38407996855676 -40.91124152392149 30.02919864654541
88.833320371 -172.43055824004114 -40.96657370775938 30.029507637023926
88.853605507 -172.46154884062707 -41.00345038622618 30.029664039611816
88.873389503 -172.5080423709005 -41.05874823778868 30.02983570098877
88.893424279 -172.5390940066427 -41.0956439897418 30.029908180236816
88.913410616 -172.5856790896505 -41.15096854418516 30.029946327209473
88.933363058 -172.61676124297082 -41.18785285204649 30.02993869781494
88.953482012 -172.66337684355676 -41.24319266527891 30.029908180236816
88.973424274 -172.69445899687707 -41.280073158442974 30.029873847961426
88.993361691 -172.741074597463 -41.33538245409727 30.029797554016113
89.013388983 -172.77214149199426 -41.37224005907774 30.029732704162598
89.033310333 -172.8187570925802 -41.42748831957579 30.02963352203369
89.053446763 -172.8498392459005 -41.4642963334918 30.029561042785645
89.073371301 -172.8964395876974 -41.5194721147418 30.029438972473145
89.093348476 -172.9275217410177 -41.55623435229063 30.029377937316895
89.11338408 -172.97412208281457 -41.61136435717344 30.029305458068848
89.133358119 -173.0052042361349 -41.64810752123594 30.02927875518799
89.153432626 -173.0518350955099 -41.703210823237896 30.029274940490723
89.173375589 -173.08293250761926 -41.73992728441954 30.02928638458252
89.193367891 -173.12957862578332 -41.79499243944883 30.029366493225098
89.213398808 -173.1606760378927 -41.831689827144146 30.029454231262207
89.233336079 -173.20733741484582 -41.88671683520079 30.029610633850098
89.253485354 -173.23840430937707 -41.92337226122618 30.02971363067627
89.273392914 -173.28500465117395 -41.978322975337505 30.02987766265869
89.293353253 -173.31604102812707 -42.01495169848204 30.02999210357666
89.313413276 -173.36254981718957 -42.06988333910704 30.030217170715332
89.33340487 -173.39352515898645 -42.106496803462505 30.03035831451416
89.353586268 -173.43995765410364 -42.161428444087505 30.030545234680176
89.37341693 -173.4709024783224 -42.198041908442974 30.030652046203613
89.393377687 -173.51722816191614 -42.25302695482969 30.030831336975098
89.41343826 -173.54809669218957 -42.289690010249615 30.030972480773926
89.433311257 -173.59433082304895 -42.34470557421446 30.03117084503174
89.453803781 -173.625107800588 -42.381399147212505 30.03130054473877
89.473390818 -173.6712198611349 -42.43643759936094 30.031468391418457
89.493379646 -173.70192054472864 -42.473134987056255 30.031575202941895
89.513364825 -173.74792579375207 -42.52815818041563 30.03172779083252
89.533381693 -173.7785501834005 -42.564836494624615 30.03182315826416
89.553507752 -173.82440284453332 -42.619855873286724 30.03194522857666
89.573410745 -173.85495094023645 -42.65653418749571 30.03201389312744
89.59340083 -173.90068153105676 -42.71156882494688 30.03212070465088
89.613414516 -173.93115333281457 -42.74826239794493 30.032177925109863
89.633345837 -173.97682288847864 -42.803300850093365 30.03225040435791
89.653631483 -174.0072336550802 -42.83999442309141 30.032315254211426
89.673388221 -174.052842175588 -42.89501761645079 30.032414436340332
89.69338701 -174.08325294218957 -42.93168067187071 30.032490730285645
89.713402905 -174.1288919802755 -42.98666571825743 30.032551765441895
89.733402295 -174.1593332644552 -43.02331351488829 30.032597541809082
89.753478581 -174.20501807890832 -43.07827567309141 30.03273105621338
89.773398773 -174.2355051394552 -43.11489676684141 30.032811164855957
89.793381743 -174.28122047148645 -43.16982077807188 30.03300189971924
89.813398351 -174.31169227324426 -43.20644187182188 30.033150672912598
89.833322312 -174.35739234648645 -43.26138495653868 30.033364295959473
89.853483931 -174.38781837187707 -43.2980365678668 30.03353977203369
89.873390286 -174.433457409963 -43.35302161425352 30.033799171447754
89.893372282 -174.46388343535364 -43.38969611376524 30.033989906311035
89.913410672 -174.50949195586145 -43.444719307124615 30.034234046936035
89.93340284 -174.539902722463 -43.481401436030865 30.03438663482666
89.953453479 -174.58554176054895 -43.53647040575743 30.03464984893799
89.973587255 -174.61598304472864 -43.57318686693907 30.03481388092041
89.993365547 -174.66166785918176 -43.62827491015196 30.035046577453613
90.013390054 -174.69213966093957 -43.66504477709532 30.035161018371582
90.033331802 -174.73785499297082 -43.72017478197813 30.03529453277588
90.053483066 -174.76832679472864 -43.75692939013243 30.03538227081299
90.073402984 -174.81402686797082 -43.81204413622618 30.035489082336426
90.093363715 -174.84448341093957 -43.84878348559141 30.03556537628174
90.113360619 -174.89015296660364 -43.903894416987896 30.035637855529785
90.133378375 -174.92059425078332 -43.9406261369586 30.035672187805176
90.153479989 -174.96624854765832 -43.99572943896055 30.035710334777832
90.173420383 -174.99670509062707 -44.03245734423399 30.035706520080566
90.193371185 -175.04240516386926 -44.08753012865782 30.03566837310791
90.213406585 -175.072861706838 -44.12428855150938 30.035618782043457
90.233323309 -175.11857703886926 -44.17941474169493 30.035523414611816
90.253450066 -175.149033581838 -44.21618079394102 30.03544330596924
90.273415879 -175.19471839629114 -44.27132224291563 30.03532123565674
90.293373375 -175.22519019804895 -44.30807685106993 30.035237312316895
90.313338911 -175.27089027129114 -44.36318778246641 30.035107612609863
90.333391479 -175.301377331838 -44.39990424364805 30.03502368927002
90.353550732 -175.34709266386926 -44.45499228686094 30.034890174865723
90.373412037 -175.37757972441614 -44.49171256273985 30.034802436828613
90.393377051 -175.42335609160364 -44.546770088374615 30.034680366516113
90.413352743 -175.45385841093957 -44.58347510546446 30.034646034240723
90.433327097 -175.499619519338 -44.638513557612896 30.034600257873535
90.45349647 -175.53012183867395 -44.67520331591368 30.03459644317627
90.473412417 -175.5758371707052 -44.73022650927305 30.034619331359863
90.493368633 -175.60629371367395 -44.76690100878477 30.03463077545166
90.513377072 -175.65190223418176 -44.821916572749615 30.03466510772705
90.53332974 -175.68229774199426 -44.85858725756407 30.034680366516113
90.553441095 -175.7278604861349 -44.91357993334532 30.03469944000244
90.57343279 -175.75819495879114 -44.950239174067974 30.034714698791504
90.593355751 -175.8036661501974 -45.00521659106016 30.03471851348877
90.613347205 -175.8339395876974 -45.04189871996641 30.0347261428833
90.633342875 -175.8793497439474 -45.09692191332579 30.034729957580566
90.653445954 -175.90960792265832 -45.13362693041563 30.034741401672363
90.673426838 -175.9550333376974 -45.18873023241758 30.034764289855957
90.693385587 -175.98532203398645 -45.22546958178282 30.03477954864502
90.713419218 -176.0307932253927 -45.280664436519146 30.03480625152588
90.733338603 -176.061142956838 -45.31747245043516 30.034817695617676
90.753456748 -176.10670570097864 -45.37270163744688 30.034829139709473
90.773417325 -176.137070691213 -45.40955924242735 30.03483295440674
90.793359368 -176.18266395293176 -45.46482276171446 30.03482151031494
90.813363095 -176.2130442019552 -45.501665107905865 30.034852027893066
90.833404061 -176.258652722463 -45.556901924312115 30.034871101379395
90.853635552 -176.2890482302755 -45.59372901171446 30.034878730773926
90.873430447 -176.3346720095724 -45.64896582812071 30.034871101379395
90.893354352 -176.365098034963 -45.685773842036724 30.034844398498535
90.913363274 -176.410752331838 -45.74095343798399 30.034756660461426
90.933344186 -176.44120887480676 -45.77773093432188 30.03468418121338
90.953494436 -176.48690894804895 -45.832876197993755 30.034546852111816
90.97343458 -176.51738074980676 -45.86960791796446 30.034417152404785
90.993357798 -176.56311134062707 -45.92466925829649 30.034207344055176
91.013373046 -176.593613659963 -45.96134375780821 30.034005165100098
91.033328509 -176.63940528593957 -46.01632498949766 30.03368091583252
91.053449412 -176.66996864043176 -46.05296515673399 30.033448219299316
91.073450857 -176.71582130156457 -46.107900612056255 30.033040046691895
91.093394522 -176.74639991484582 -46.14450644701719 30.032776832580566
91.113372881 -176.792344128713 -46.199392311275005 30.032261848449707
91.133349425 -176.8229837771505 -46.23597525805235 30.0319185256958
91.1534386 -176.869004284963 -46.290849678218365 30.03140354156494
91.173469808 -176.89972022734582 -46.32746314257383 30.031052589416504
91.19337319 -176.94581702910364 -46.3823871538043 30.030529975891113
91.213363397 -176.97657874785364 -46.41902732104063 30.03013324737549
91.233334401 -177.0227365847677 -46.474023811519146 30.02953815460205
91.253482298 -177.05351356230676 -46.51069068163633 30.02915668487549
91.273445372 -177.09974769316614 -46.56576346606016 30.028576850891113
91.293382083 -177.13058570586145 -46.602495186030865 30.028203010559082
91.31336212 -177.17688087187707 -46.657617561519146 30.027695655822754
91.333339396 -177.20773414336145 -46.694414131343365 30.02737522125244
91.353437504 -177.25402930937707 -46.74958228319883 30.026902198791504
91.373439301 -177.2848978396505 -46.78637885302305 30.026585578918457
91.393419511 -177.33117774687707 -46.84156607836485 30.026124000549316
91.413381117 -177.3620157595724 -46.8783702775836 30.025795936584473
91.433324966 -177.40826514922082 -46.93362235277891 30.025338172912598
91.453497735 -177.43910316191614 -46.97045706957579 30.025044441223145
91.473449864 -177.48535255156457 -47.02576636523008 30.024624824523926
91.493370616 -177.5161905642599 -47.06264304369688 30.024357795715332
91.513377766 -177.56247047148645 -47.11795233935118 30.02394962310791
91.533358137 -177.59330848418176 -47.15482520312071 30.023694038391113
91.553462488 -177.6395578738302 -47.21012305468321 30.023316383361816
91.573507115 -177.6703958865255 -47.24699591845274 30.023064613342285
91.593431189 -177.71661475859582 -47.302324287593365 30.022698402404785
91.613441334 -177.74743751250207 -47.33920478075743 30.02249240875244
91.633384046 -177.7936106082052 -47.394548408687115 30.02217197418213
91.653414832 -177.82438758574426 -47.431440345942974 30.021981239318848
91.674317379 -177.87045386992395 -47.486841194331646 30.021668434143066
91.693382859 -177.9011545535177 -47.52377890795469 30.02145481109619
91.713383515 -177.94715980254114 -47.579187385737896 30.021153450012207
91.733336754 -177.97778419218957 -47.616132728755474 30.020920753479004
91.75341259 -178.02369788847864 -47.67154120653868 30.020577430725098
91.773451613 -178.0542765017599 -47.708486549556255 30.02034854888916
91.793361946 -178.10011390410364 -47.76391791552305 30.020012855529785
91.8133637 -178.13066199980676 -47.800867073237896 30.019787788391113
91.833360738 -178.17636207304895 -47.85629462450743 30.0194673538208
91.853433027 -178.20680335722864 -47.89324378222227 30.01927661895752
91.87345723 -178.25244239531457 -47.948652260005474 30.01902484893799
91.893382844 -178.28283790312707 -47.98558234423399 30.018879890441895
91.913384569 -178.32838538847864 -48.04096030443907 30.018715858459473
91.933343784 -178.35868934355676 -48.07788275927305 30.01863956451416
91.953423229 -178.4041300173849 -48.1332416459918 30.018548011779785
91.973797863 -178.4344034548849 -48.17013358324766 30.018506050109863
91.993397246 -178.47973731718957 -48.22546576708555 30.01846408843994
92.01337126 -178.5099649783224 -48.26233863085508 30.01842975616455
92.033341267 -178.55522254668176 -48.31764029711485 30.01839542388916
92.053420911 -178.58537391386926 -48.354509346187115 30.018391609191895
92.073617029 -178.6305704470724 -48.40981101244688 30.018406867980957
92.093385089 -178.66064552031457 -48.44666098803282 30.018425941467285
92.113367471 -178.70575050078332 -48.50191306322813 30.018471717834473
92.133356886 -178.73581031523645 -48.53873633593321 30.018494606018066
92.153358273 -178.78093055449426 -48.59393882006407 30.01852512359619
92.173573362 -178.81097511015832 -48.63073157519102 30.018528938293457
92.193391145 -178.85604957304895 -48.68591880053282 30.018528938293457
92.213383973 -178.88612464629114 -48.72269629687071 30.01850986480713
92.233351015 -178.9311838503927 -48.77783774584532 30.018441200256348
92.253371485 -178.96122840605676 -48.81460379809141 30.018383979797363
92.273477816 -179.00628761015832 -48.86975669115782 30.018288612365723
92.293410403 -179.0362863894552 -48.9065570756793 30.01818561553955
92.313382896 -179.0813303347677 -48.96177100390196 30.0180025100708
92.333385935 -179.1113596316427 -48.99862479418516 30.01786518096924
92.35340191 -179.15641883574426 -49.053937904536724 30.017666816711426
92.373593903 -179.1864786501974 -49.09080695360899 30.017544746398926
92.393396406 -179.23156837187707 -49.14618491381407 30.017319679260254
92.413425106 -179.26165870390832 -49.18307303637266 30.017186164855957
92.43337156 -179.3067942019552 -49.23851203173399 30.01694965362549
92.453357719 -179.33691505156457 -49.27549170702696 30.0167818069458
92.47394822 -179.3821115847677 -49.33098792284727 30.016526222229004
92.493605611 -179.41224769316614 -49.36804389208555 30.01635456085205
92.513376345 -179.45749000273645 -49.42362021654844 30.016118049621582
92.53337174 -179.48767188750207 -49.46069907397032 30.015965461730957
92.553369932 -179.53302100859582 -49.51635932177305 30.015732765197754
92.573465462 -179.56327918730676 -49.553457252681255 30.01558780670166
92.593429064 -179.60868934355676 -49.60922049731016 30.01537799835205
92.613401112 -179.6389932986349 -49.64640235155821 30.01522159576416
92.633378737 -179.6844797488302 -49.70218085497618 30.014992713928223
92.653385136 -179.7147989626974 -49.73942755907774 30.014866828918457
92.673488931 -179.7603311892599 -49.7952289506793 30.014721870422363
92.693401668 -179.7906809207052 -49.832475654780865 30.014641761779785
92.713467729 -179.83624366484582 -49.88829993456602 30.014554023742676
92.733373183 -179.86663917265832 -49.92550467699766 30.014500617980957
92.753373018 -179.91229346953332 -49.981313697993755 30.01440143585205
92.773545582 -179.942734753713 -50.01849936693907 30.014336585998535
92.793397019 -179.98846534453332 -50.07431983202696 30.01423740386963
92.813361777 -180.01898292265832 -50.11154364794493 30.014199256896973
92.833362914 -180.064805066213 -50.16739844530821 30.014145851135254
92.853382988 -180.0953684207052 -50.20468329638243 30.014107704162598
92.873626078 -180.14123634062707 -50.26058005541563 30.014058113098145
92.893402255 -180.1718302126974 -50.29784964770079 30.01403522491455
92.913413466 -180.2177591677755 -50.353715889155865 30.014012336730957
92.933408257 -180.248398816213 -50.39092444628477 30.01400852203369
92.953395992 -180.2943888064474 -50.44668769091368 30.01402759552002
92.973652357 -180.32507423125207 -50.48382376879454 30.014050483703613
92.993401095 -180.3710794802755 -50.53945731371641 30.014100074768066
93.01340877 -180.40174964629114 -50.57649802416563 30.014187812805176
93.03336747 -180.44775489531457 -50.632001869380474 30.014317512512207
93.053380989 -180.4784250613302 -50.66895102709532 30.014409065246582
93.073414004 -180.52446082793176 -50.72431372851133 30.01455020904541
93.09339514 -180.55517677031457 -50.76117896288633 30.014660835266113
93.113412492 -180.60131934843957 -50.81641196459532 30.01487445831299
93.133401813 -180.63212684355676 -50.853193275630474 30.015019416809082
93.153354219 -180.67839149199426 -50.90830420702696 30.01524829864502
93.17355988 -180.70927528105676 -50.94501303881407 30.01540470123291
93.193426002 -180.7556467410177 -51.000017158687115 30.01564884185791
93.213359236 -180.78659156523645 -51.036638252437115 30.015862464904785
93.233401284 -180.83305457793176 -51.0914935991168 30.016179084777832
93.253368231 -180.86407569609582 -51.1280040666461 30.016358375549316
93.273503643 -180.9106302615255 -51.182729713618755 30.016640663146973
93.293402832 -180.94169715605676 -51.2191905900836 30.016831398010254
93.313390494 -180.98829749785364 -51.27385138720274 30.0170259475708
93.333420378 -181.0193643923849 -51.310266487300396 30.017151832580566
93.353386238 -181.06596473418176 -51.36483954638243 30.017354011535645
93.373508965 -181.097031628713 -51.40119361132383 30.01747226715088
93.393419921 -181.1436319705099 -51.45569037646055 30.017624855041504
93.413347723 -181.174668347463 -51.491987220942974 30.017708778381348
93.433357981 -181.22125343047082 -51.54638480395079 30.01781177520752
93.453464458 -181.25232032500207 -51.58260916918516 30.01785373687744
93.473507406 -181.29892066679895 -51.6369037553668 30.017895698547363
93.493443953 -181.3299875613302 -51.673059456050396 30.017903327941895
93.513406067 -181.37658790312707 -51.727251045405865 30.017922401428223
93.53360356 -181.40763953886926 -51.76336096972227 30.01793384552002
93.553373554 -181.45427039824426 -51.81747626513243 30.017891883850098
93.573910192 -181.4853830691427 -51.85355567187071 30.01785373687744
93.593553203 -181.5320597048849 -51.90767478197813 30.017788887023926
93.613375648 -181.5631876345724 -51.94373130053282 30.01773166656494
93.633383488 -181.60987952910364 -51.99780081957579 30.017643928527832
93.653375891 -181.6410227175802 -52.03383444994688 30.017586708068848
93.674168341 -181.6877298709005 -52.08789633959532 30.017495155334473
93.6937043 -181.71887305937707 -52.12393759936094 30.017434120178223
93.713409265 -181.76562598906457 -52.178003303706646 30.017338752746582
93.733468349 -181.79679969511926 -52.21403693407774 30.017281532287598
93.754763844 -181.84356788359582 -52.268091194331646 30.01718235015869
93.776389988 -181.87475684843957 -52.30413245409727 30.017109870910645
93.795731192 -181.9215402957052 -52.358205787837505 30.01701068878174
93.815700622 -181.95272926054895 -52.39428900927305 30.01688861846924
93.835642935 -181.99952796660364 -52.448415748775005 30.01672077178955
93.855837682 -182.0307169314474 -52.48452567309141 30.016610145568848
93.875772311 -182.07748511992395 -52.538679115474224 30.01644992828369
93.895739202 -182.10864356718957 -52.5747814103961 30.01634693145752
93.915692209 -182.15539649687707 -52.62897299975157 30.016186714172363
93.935761513 -182.18657020293176 -52.66510581225157 30.016072273254395
93.955798913 -182.23332313261926 -52.71930884569883 30.01589298248291
93.975804299 -182.26449683867395 -52.75542639940977 30.01574420928955
93.995692526 -182.3112345095724 -52.809595100581646 30.01554584503174
94.015705962 -182.34237769804895 -52.84570502489805 30.015381813049316
94.035703213 -182.38910011015832 -52.89987372606993 30.01512622833252
94.055883359 -182.42022803984582 -52.935998909175396 30.014958381652832
94.075779581 -182.46691993437707 -52.99022864550352 30.014718055725098
94.095689511 -182.49806312285364 -53.026391975581646 30.01455783843994
94.115679981 -182.54477027617395 -53.08070182055235 30.014283180236816
94.135735771 -182.57589820586145 -53.11693762987852 30.0140962600708
94.156962406 -182.62262061797082 -53.1713390275836 30.013840675354004
94.176910216 -182.6537638064474 -53.207685463130474 30.013646125793457
94.19685243 -182.70050147734582 -53.26224326342344 30.013371467590332
94.216890123 -182.73165992461145 -53.29868125170469 30.01314640045166
94.236809567 -182.77841285429895 -53.35339545458555 30.012810707092285
94.256967238 -182.8096018191427 -53.389883033931255 30.012612342834473
94.276960237 -182.8563547488302 -53.4446544572711 30.01235294342041
94.296858642 -182.88751319609582 -53.48117636889219 30.012200355529785
94.316879141 -182.93420509062707 -53.53603934496641 30.012028694152832
94.336883064 -182.96533302031457 -53.57265280932188 30.01193332672119
94.356989276 -183.0119943972677 -53.6276264116168 30.011799812316895
94.377344099 -183.04309180937707 -53.66439627856016 30.01170063018799
94.396906828 -183.08973792754114 -53.71958350390196 30.01156711578369
94.416942271 -183.12082008086145 -53.75644873827696 30.011513710021973
94.438364433 -183.1674356814474 -53.81186103075743 30.01143741607666
94.460817292 -183.19850257597864 -53.84882163256407 30.01140308380127
94.480604332 -183.2451029177755 -53.90443228930235 30.011380195617676
94.501908275 -183.2761545535177 -53.94153403490782 30.011391639709473
94.521906784 -183.32275489531457 -53.99723242968321 30.011422157287598
94.548484874 -183.3537912722677 -54.03438376635313 30.011475563049316
94.590520741 -183.40031532011926 -54.09013556689024 30.01159381866455
94.620758888 -183.43129066191614 -54.12737845629454 30.011731147766113
94.641058613 -183.4777689334005 -54.18323325365782 30.011982917785645
94.662277376 -183.50875953398645 -54.22049903124571 30.012200355529785
94.68182713 -183.5552530642599 -54.27643775194883 30.01262378692627
94.701900924 -183.58624366484582 -54.31371878832579 30.012932777404785
94.721898251 -183.6327677126974 -54.36972235888243 30.01351261138916
94.743875222 -183.6637735720724 -54.407060615718365 30.013916969299316
94.763085988 -183.71026710234582 -54.46307944506407 30.014565467834473
94.782991418 -183.74127296172082 -54.50046729296446 30.01503086090088
94.802963114 -183.78778175078332 -54.55652426928282 30.015690803527832
94.823050212 -183.81881812773645 -54.59390448778868 30.016140937805176
94.843405074 -183.86535743437707 -54.64995002001524 30.01680850982666
94.864283726 -183.89637855254114 -54.68732260912657 30.01729679107666
94.903793239 -183.94291785918176 -54.743391029536724 30.01805591583252
94.928182156 -183.9739542361349 -54.78074835985899 30.018548011779785
94.948176011 -184.02050880156457 -54.83682059496641 30.019280433654785
94.968158915 -184.05156043730676 -54.87418173998594 30.01975727081299
94.988151788 -184.09814552031457 -54.93020819872618 30.02043628692627
95.008260839 -184.1292276736349 -54.96757697314024 30.020913124084473
95.028179478 -184.1758585330099 -55.02356909960508 30.021607398986816
95.0481796 -184.20695594511926 -55.060869209468365 30.02207660675049
95.068164694 -184.25367835722864 -55.11679648607969 30.02280902862549
95.088128893 -184.28483680449426 -55.15403937548399 30.02329730987549
95.108336988 -184.33163551054895 -55.209882728755474 30.02407932281494
95.128163686 -184.36283973418176 -55.247060768306255 30.02457904815674
95.148147608 -184.40963844023645 -55.30275534838438 30.025357246398926
95.168150883 -184.44084266386926 -55.33984183520079 30.025856971740723
95.188151786 -184.48764136992395 -55.395410530269146 30.026619911193848
95.208338675 -184.51884559355676 -55.43244361132383 30.027127265930176
95.228183597 -184.56564429961145 -55.48792456835508 30.02787494659424
95.248164692 -184.5968790408224 -55.52487754076719 30.02836322784424
95.268135065 -184.64373878203332 -55.58025931566954 30.029282569885254
95.288240099 -184.6750040408224 -55.6171398088336 30.03056049346924
95.308625202 -184.72189429961145 -55.67237281054258 30.03391742706299
95.333905172 -184.75319007597864 -55.709089271724224 30.037087440490723
95.360583175 -184.80021766386926 -55.76388739794493 30.0430269241333
95.383703215 -184.83171180449426 -55.80013846606016 30.047791481018066
95.404004041 -184.8790598269552 -55.85392188280821 30.055535316467285
95.424146776 -184.9107981082052 -55.88924216479063 30.061257362365723
95.44957547 -184.9586496707052 -55.94125937670469 30.070183753967285
95.469980339 -184.99072364531457 -55.9751605913043 30.07632541656494
95.490570693 -185.03920081816614 -56.02463721483946 30.08556842803955
95.510810688 -185.07171729765832 -56.056692115962505 30.091557502746582
95.531288969 -185.1209268923849 -56.10294532030821 30.10030460357666
95.552511368 -185.15399268828332 -56.13262366503477 30.105839729309082
95.573784886 -185.20399574004114 -56.17532538622618 30.11361026763916
95.609573541 -185.23768714629114 -56.20231055468321 30.118351936340332
95.634020846 -185.27154639922082 -56.22839926928282 30.122727394104004
95.654062727 -185.32293800078332 -56.26507376879454 30.12851047515869
95.674175453 -185.3749094363302 -56.29908179491758 30.133339881896973
95.694167513 -185.40983680449426 -56.3203754350543 30.136052131652832
95.71409409 -185.46270850859582 -56.34993552416563 30.13930606842041
95.734058102 -185.49821571074426 -56.36823462694883 30.140976905822754
95.754094272 -185.55209449492395 -56.39301108568907 30.142605781555176
95.774242223 -185.5883341189474 -56.40802573412657 30.143216133117676
95.794148332 -185.64315894804895 -56.42829322069883 30.14345645904541
95.814065292 -185.68011573515832 -56.44001197069883 30.143132209777832
95.834063338 -185.73600867949426 -56.455461494624615 30.142048835754395
95.854059536 -185.77362159453332 -56.46414756029844 30.140931129455566
95.874202987 -185.83053687773645 -56.47478675097227 30.13869571685791
95.894145595 -185.868760144338 -56.48051642626524 30.13691806793213
95.914094459 -185.92669776640832 -56.486474983394146 30.133767127990723
95.934056625 -185.96562293730676 -56.48904227465391 30.131436347961426
95.95406256 -186.02441505156457 -56.490827552974224 30.127633094787598
95.974193418 -186.0638742800802 -56.49070929735899 30.124905586242676
95.994117114 -186.12345985136926 -56.48862647265196 30.120572090148926
96.014087409 -186.1635294314474 -56.48574637621641 30.117520332336426
96.034092623 -186.22401527129114 -56.479787819087505 30.112839698791504
96.054059627 -186.26461890898645 -56.47461508959532 30.109639167785645
96.074251168 -186.3260050173849 -56.465139381587505 30.10477924346924
96.094170926 -186.3671427126974 -56.457849495112896 30.101529121398926
96.114101271 -186.42938331328332 -56.44518470019102 30.09666156768799
96.13406344 -186.4711008425802 -56.43581961840391 30.09346103668213
96.154046447 -186.534043347463 -56.42045020312071 30.088730812072754
96.174177484 -186.5763254519552 -56.409196846187115 30.085640907287598
96.194144095 -186.6400461550802 -56.39119528979063 30.08110523223877
96.214100905 -186.6828165408224 -56.37838935106993 30.07815647125244
96.234061508 -186.74720863066614 -56.35820197314024 30.07384967803955
96.254074164 -186.79037574492395 -56.3440570756793 30.07106876373291
96.274138182 -186.85546973906457 -56.321889869868755 30.067002296447754
96.294218156 -186.899033581838 -56.30655478686094 30.06437397003174
96.314116075 -186.9647989626974 -56.28264044970274 30.060574531555176
96.334045619 -187.0088205691427 -56.26620291918516 30.058114051818848
96.354077094 -187.07512000761926 -56.24085807055235 30.05456256866455
96.374122909 -187.11955360136926 -56.22351264208555 30.052319526672363
96.394132085 -187.18640235625207 -56.19693946093321 30.049107551574707
96.415144173 -187.23114112578332 -56.17886923998594 30.047066688537598
96.435141697 -187.29852393828332 -56.15128516405821 30.044133186340332
96.455156925 -187.34352210722864 -56.13259696215391 30.042256355285645
96.475312984 -187.4113626834005 -56.1041889116168 30.03954029083252
96.495231033 -187.45660499297082 -56.08499335497618 30.037808418273926
96.515168421 -187.5246897097677 -56.05595587939024 30.0353364944458
96.535100709 -187.57013038359582 -56.03640937060118 30.03377628326416
96.555112401 -187.63836768828332 -56.00683020800352 30.031556129455566
96.575259931 -187.683945691213 -55.986989967525005 30.030159950256348
96.59518227 -187.75233558379114 -55.95697592943907 30.028191566467285
96.615119215 -187.797959363088 -55.93683814257383 30.026951789855957
96.635113999 -187.86645606718957 -55.90647315233946 30.02525806427002
96.655119235 -187.91212562285364 -55.88609503954649 30.024197578430176
96.675322452 -187.98072913847864 -55.85547064989805 30.02273654937744
96.695186065 -188.02645972929895 -55.83496665209532 30.021843910217285
96.715140213 -188.0950479861349 -55.80409049242735 30.020604133605957
96.735117409 -188.1408243533224 -55.78348731249571 30.01986026763916
96.755099696 -188.20939735136926 -55.7523937150836 30.01879596710205
96.77519578 -188.2551126834005 -55.731706611812115 30.01814365386963
96.795171828 -188.323594128713 -55.70059012621641 30.01722812652588
96.815118652 -188.3692179080099 -55.67984580248594 30.016682624816895
96.835218315 -188.437607800588 -55.6487445756793 30.01591968536377
96.855101672 -188.4831400271505 -55.62796210497618 30.015454292297363
96.875223211 -188.55139259062707 -55.596887581050396 30.01488208770752
96.89523732 -188.59684852324426 -55.57615088671446 30.014554023742676
96.915111273 -188.6649484988302 -55.54501914232969 30.014138221740723
96.935104982 -188.710312878713 -55.52436255663633 30.013920783996582
96.955082188 -188.7782755251974 -55.49331855028868 30.013657569885254
96.975226007 -188.82353309355676 -55.47265433520079 30.013535499572754
96.995203327 -188.89132789336145 -55.441736213862896 30.01345920562744
97.015101271 -188.93644813261926 -55.4210948869586 30.01344394683838
97.035120849 -189.0040598269552 -55.39024543017149 30.013524055480957
97.05510395 -189.0490579959005 -55.36965750902891 30.013604164123535
97.075213823 -189.1164865847677 -55.3390521928668 30.01384449005127
97.09556888 -189.16137794218957 -55.31869696825743 30.01403522491455
97.11512732 -189.22863868437707 -55.28822898119688 30.014355659484863
97.135109516 -189.2734232302755 -55.26812171190977 30.014595985412598
97.155097087 -189.3405313845724 -55.237932197749615 30.014966011047363
97.175209221 -189.38519386015832 -55.21788977831602 30.01525592803955
97.195166995 -189.45207313261926 -55.18793677538633 30.015740394592285
97.215141734 -189.49659827910364 -55.167932502925396 30.016053199768066
97.235118925 -189.5632639285177 -55.13818167895079 30.01653003692627
97.255146995 -189.6076517459005 -55.11835669726133 30.016839027404785
97.275292505 -189.67411903105676 -55.08863257616758 30.017277717590332
97.295194706 -189.71835426054895 -55.06881903856993 30.01756000518799
97.315104582 -189.78460792265832 -55.03909873217344 30.017983436584473
97.335136784 -189.82866004668176 -55.01943015307188 30.01827335357666
97.35507497 -189.89465430937707 -54.989858619868755 30.018685340881348
97.375221921 -189.938584363088 -54.970197670161724 30.018956184387207
97.395205045 -190.0043802615255 -54.94076728075743 30.01933765411377
97.415134799 -190.04818824492395 -54.92109107226133 30.019577980041504
97.435124233 -190.1137552615255 -54.89173697680235 30.019906044006348
97.455130387 -190.1574259158224 -54.87215232104063 30.02011203765869
97.475209679 -190.22284034453332 -54.84274863451719 30.020459175109863
97.495150807 -190.2663889285177 -54.82323645800352 30.020699501037598
97.515107205 -190.33168128691614 -54.793848030269146 30.02101230621338
97.535100459 -190.37516883574426 -54.77425193041563 30.021187782287598
97.555090985 -190.44036964140832 -54.74477194994688 30.021409034729004
97.575173194 -190.48378089629114 -54.72515677660704 30.021546363830566
97.59523253 -190.54887489043176 -54.69576834887266 30.021740913391113
97.615111882 -190.5922403689474 -54.676103584468365 30.021851539611816
97.635130587 -190.65724281035364 -54.64675711840391 30.02205753326416
97.65512476 -190.70053199492395 -54.62717246264219 30.02217197418213
97.675193518 -190.76544288359582 -54.597761146724224 30.02230167388916
97.695194121 -190.8086710330099 -54.57826804369688 30.02238178253174
97.715117465 -190.87350562773645 -54.54892157763243 30.022480964660645
97.735121917 -190.91671851836145 -54.52937888354063 30.022549629211426
97.7550914 -190.98150733672082 -54.50008963793516 30.0226411819458
97.77519881 -191.02467445097864 -54.480485908687115 30.02268695831299
97.795753942 -191.0893869753927 -54.45125388354063 30.022774696350098
97.815118247 -191.1325235720724 -54.43160056322813 30.02280902862549
97.835137458 -191.1971750613302 -54.40229224413633 30.022854804992676
97.855097505 -191.24028114043176 -54.382715217769146 30.022873878479004
97.875153498 -191.3048868533224 -54.35330390185118 30.022923469543457
97.895156818 -191.3479318972677 -54.33376883715391 30.022953987121582
97.915157845 -191.41249183379114 -54.30435370653868 30.02298069000244
97.935120691 -191.45549110136926 -54.284753791987896 30.022988319396973
97.955132284 -191.51995948515832 -54.255388252437115 30.022988319396973
97.975143087 -191.56292823515832 -54.235734932124615 30.022969245910645
97.995233674 -191.62728980742395 -54.20643042773008 30.022923469543457
98.015133002 -191.67018226347864 -54.18684958666563 30.02287769317627
98.035142514 -191.73449805937707 -54.15739630907774 30.022751808166504
98.055116353 -191.7773294802755 -54.137807838618755 30.022656440734863
98.075147432 -191.84161475859582 -54.10817527025938 30.022515296936035
98.095246668 -191.88440040312707 -54.08846854418516 30.022408485412598
98.115154793 -191.94857886992395 -54.058759681880474 30.02223300933838
98.135164902 -191.99134925566614 -54.03891562670469 30.02211856842041
98.155069578 -192.05548194609582 -54.0091075822711 30.02194309234619
98.176464399 -192.0982218142599 -53.98913382738829 30.021828651428223
98.196438847 -192.1622629519552 -53.95917700976133 30.02168369293213
98.21635382 -192.20495704375207 -53.93912314623594 30.021592140197754
98.236337096 -192.26901344023645 -53.908918373286724 30.02150058746338
98.256382899 -192.31170753203332 -53.88878821581602 30.021477699279785
98.276706063 -192.3757639285177 -53.858449928462505 30.021443367004395
98.296428599 -192.41845802031457 -53.838178627192974 30.021431922912598
98.316352469 -192.48254493437707 -53.80770682543516 30.021416664123535
98.336354185 -192.52528480254114 -53.78730200976133 30.021416664123535
98.356321677 -192.58941749297082 -53.756643287837505 30.02140522003174
98.376448134 -192.63220313750207 -53.73612403124571 30.02138614654541
98.396418277 -192.69635108672082 -53.70535086840391 30.021355628967285
98.416352346 -192.739121472463 -53.68476294726133 30.021321296691895
98.43633369 -192.80328468047082 -53.65377616137266 30.02127170562744
98.456335666 -192.84608558379114 -53.63310431689024 30.021218299865723
98.476509096 -192.91032508574426 -53.60196112841368 30.021145820617676
98.496383837 -192.95317176543176 -53.58115195482969 30.02110004425049
98.516385807 -193.017441784963 -53.5498790666461 30.021004676818848
98.536345698 -193.06030372343957 -53.528947822749615 30.02091693878174
98.556310786 -193.12463477812707 -53.49759101122618 30.02076816558838
98.576447321 -193.16752723418176 -53.4766368791461 30.020665168762207
98.596467653 -193.2318888064474 -53.44511603564024 30.020512580871582
98.616341579 -193.27479652129114 -53.42404364794493 30.020421028137207
98.63636291 -193.3391886111349 -53.39235495775938 30.020291328430176
98.656344803 -193.3821115847677 -53.371206276118755 30.020222663879395
98.676433831 -193.44653419218957 -53.33936118334532 30.020100593566895
98.696446575 -193.4894876834005 -53.31808280199766 30.02000904083252
98.716361329 -193.55392554961145 -53.28611945360899 30.019875526428223
98.736347141 -193.59689429961145 -53.26474189013243 30.01979160308838
98.756354911 -193.6613626834005 -53.23266410082579 30.01969623565674
98.776500382 -193.70434669218957 -53.21121787279844 30.01963520050049
98.796409457 -193.7688303347677 -53.17896460741758 30.019543647766113
98.816381729 -193.81186011992395 -53.157453529536724 30.019497871398926
98.836423741 -193.87640479765832 -53.12508200854063 30.019413948059082
98.856348423 -193.91944984160364 -53.10346030443907 30.019356727600098
98.876465617 -193.98400977812707 -53.07093238085508 30.019265174865723
98.896538184 -194.02703956328332 -53.049211494624615 30.019204139709473
98.916370927 -194.0915842410177 -53.01657294481993 30.019116401672363
98.936365405 -194.1345987673849 -52.99475287646055 30.019089698791504
98.956341817 -194.19906715117395 -52.9619769975543 30.019051551818848
98.976415542 -194.2420206423849 -52.94007300585508 30.01901340484619
98.996420909 -194.30641273222864 -52.90714453905821 30.01895236968994
99.016377272 -194.34925941191614 -52.885114662349224 30.018921852111816
99.036375393 -194.4135294314474 -52.85198783129454 30.018906593322754
99.056396839 -194.45634559355676 -52.829877845942974 30.01890277862549
99.076404799 -194.5204935427755 -52.79664038866758 30.018906593322754
99.096731845 -194.5632639285177 -52.77442740648985 30.018914222717285
99.116366659 -194.62733558379114 -52.74103736132383 30.018967628479004
99.136355498 -194.6700754519552 -52.718713752925396 30.01902484893799
99.156389972 -194.7340860720724 -52.68520926684141 30.01912021636963
99.176388872 -194.77673438750207 -52.66284751147032 30.019185066223145
99.196415763 -194.840683972463 -52.62927436083555 30.019272804260254
99.216348192 -194.8832865115255 -52.60690116137266 30.019333839416504
99.236348807 -194.94719032011926 -52.57327841967344 30.019394874572754
99.256375521 -194.98979285918176 -52.55083655565977 30.019444465637207
99.276360882 -195.05371192656457 -52.51714896410704 30.01951313018799
99.296447081 -195.09632972441614 -52.49464987963438 30.01955509185791
99.316380148 -195.16027930937707 -52.46093177050352 30.01968479156494
99.336359542 -195.20292762480676 -52.4384288713336 30.019787788391113
99.356344132 -195.2668772097677 -52.40464209765196 30.019970893859863
99.376383615 -195.3095255251974 -52.38213538378477 30.020134925842285
99.396500766 -195.37353614531457 -52.34829520434141 30.02035617828369
99.41635549 -195.4161692019552 -52.325761787593365 30.020543098449707
99.436344517 -195.48014930449426 -52.291913978755474 30.020817756652832
99.45636476 -195.52279761992395 -52.269338600337505 30.02101230621338
99.476364543 -195.5867472048849 -52.23546027392149 30.02131748199463
99.496428808 -195.6293802615255 -52.2128429338336 30.021519660949707
99.516399591 -195.69329932890832 -52.178945533931255 30.021870613098145
99.536340208 -195.73590186797082 -52.15633200854063 30.02207660675049
99.556349157 -195.79980567656457 -52.122392646968365 30.022374153137207
99.576374897 -195.842392956838 -52.09981345385313 30.022568702697754
99.596513489 -195.90629676543176 -52.06593131273985 30.022831916809082
99.616351325 -195.94889930449426 -52.04337119311094 30.02299976348877
99.636354883 -196.0127725955099 -52.00953482836485 30.023240089416504
99.656368047 -196.05535987578332 -51.98695182055235 30.023377418518066
99.676388105 -196.11920264922082 -51.953088752925396 30.02358341217041
99.696462312 -196.16174415312707 -51.93050193041563 30.023709297180176
99.716393802 -196.22551063261926 -51.89666556566954 30.023869514465332
99.73636284 -196.2680216189474 -51.874109260737896 30.0239839553833
99.756380622 -196.33178809843957 -51.8402843400836 30.024136543273926
99.776349504 -196.37423804961145 -51.81775473803282 30.024239540100098
99.796550736 -196.43791297636926 -51.78393363207579 30.02437686920166
99.816351599 -196.48036292754114 -51.761396400630474 30.02445697784424
99.836370264 -196.54400733672082 -51.72759818285704 30.024529457092285
99.856371691 -196.58642677031457 -51.70504950731993 30.024563789367676
99.876347232 -196.65002540312707 -51.67125891894102 30.024605751037598
99.896624675 -196.6924143191427 -51.64871787279844 30.02462100982666
99.916358307 -196.7560129519552 -51.614892952144146 30.024632453918457
99.936392348 -196.7984171267599 -51.59232520312071 30.024632453918457
99.956345918 -196.86198524199426 -51.55843924731016 30.02462100982666
99.976340114 -196.90434364043176 -51.535871498286724 30.024605751037598
99.996438382 -196.96789649687707 -51.50198935717344 30.024556159973145
100.016347692 -197.01027015410364 -51.479394905269146 30.024510383605957
100.036341776 -197.0738077517599 -51.445512764155865 30.024422645568848
100.056364098 -197.11618140898645 -51.42291068285704 30.024353981018066
100.076340697 -197.17973426543176 -51.38903998583555 30.024250984191895
100.096413792 -197.22213844023645 -51.36645316332579 30.024174690246582
100.11637943 -197.285752331838 -51.33256720751524 30.02407169342041
100.136421188 -197.3282022830099 -51.309980385005474 30.023999214172363
100.156342117 -197.39190772734582 -51.2760639116168 30.02388858795166
100.176319233 -197.43441871367395 -51.253442756831646 30.02381992340088
100.196410761 -197.49821571074426 -51.21948813647032 30.023701667785645
100.216375585 -197.5407572146505 -51.19684790819883 30.023621559143066
100.236340676 -197.60463050566614 -51.16286277025938 30.023526191711426
100.256392418 -197.64721778593957 -51.14018439501524 30.023457527160645
100.276315751 -197.71112159453332 -51.106122963130474 30.023335456848145
100.29641557 -197.75375465117395 -51.08338355273008 30.02323627471924
100.31635947 -197.817734753713 -51.04923056811094 30.023072242736816
100.336346627 -197.86039832793176 -51.0264415666461 30.02290439605713
100.356357619 -197.92443946562707 -50.99221991747618 30.0226411819458
100.376333838 -197.967148816213 -50.96938132494688 30.022446632385254
100.396395157 -198.03129676543176 -50.93509864062071 30.022122383117676
100.416353018 -198.07409766875207 -50.91222571581602 30.021904945373535
100.436346611 -198.1383371707052 -50.87790106981993 30.021538734436035
100.45636487 -198.1811838503927 -50.855005256831646 30.021302223205566
100.476370499 -198.24548438750207 -50.82065009325743 30.020939826965332
100.496588464 -198.28837684355676 -50.797746650874615 30.020699501037598
100.516398917 -198.35275367461145 -50.76338767260313 30.020329475402832
100.536360749 -198.39569190703332 -50.74048423022032 30.020066261291504
100.556353942 -198.46014503203332 -50.706140510737896 30.019692420959473
100.576351868 -198.50314429961145 -50.68325995653868 30.019444465637207
100.596429687 -198.5676584597677 -50.64894675463438 30.019082069396973
100.616367908 -198.6106729861349 -50.62607001513243 30.018853187561035
100.636351641 -198.6752024050802 -50.59175681322813 30.01852512359619
100.656331303 -198.71823219023645 -50.56887625902891 30.018319129943848
100.67633013 -198.78280738554895 -50.53455542773008 30.01802158355713
100.696461816 -198.82585242949426 -50.5116710588336 30.017807960510254
100.716377749 -198.89044288359582 -50.47734259814024 30.01750659942627
100.736367978 -198.9335031863302 -50.45443534106016 30.01725482940674
100.756460097 -198.99809364043176 -50.42005728930235 30.016884803771973
100.776328394 -199.04115394316614 -50.39711569994688 30.016629219055176
100.79647352 -199.1057443972677 -50.36266516894102 30.016247749328613
100.816387402 -199.14880470000207 -50.33969306200743 30.01600742340088
100.836410267 -199.2134104128927 -50.30517005175352 30.015637397766113
100.856343772 -199.25648597441614 -50.28214453905821 30.01541233062744
100.876377044 -199.32109168730676 -50.24759864062071 30.01509189605713
100.896438216 -199.3641672488302 -50.224573127925396 30.01492404937744
100.916398916 -199.42877296172082 -50.19003867357969 30.014702796936035
100.936345189 -199.47184852324426 -50.16702460497618 30.01455020904541
100.956320247 -199.5364542361349 -50.13250540941954 30.014370918273926
100.976327458 -199.57951453886926 -50.10950278490782 30.014267921447754
100.996453197 -199.64410499297082 -50.07501792162657 30.01414203643799
101.016389732 -199.6871652957052 -50.05203818529844 30.014073371887207
101.036328105 -199.75170997343957 -50.01756476610899 30.013894081115723
101.05634626 -199.79472449980676 -49.99457740038633 30.013798713684082
101.076343009 -199.859238659963 -49.96008872240782 30.01371479034424
101.096427012 -199.90222266875207 -49.93707846850157 30.013691902160645
101.116374694 -199.9667063113302 -49.90255545824766 30.01366901397705
101.136397032 -200.00969032011926 -49.87952613085508 30.013657569885254
101.156343856 -200.0741739626974 -49.84494208544493 30.01365375518799
101.176328233 -200.11715797148645 -49.82188605517149 30.01366138458252
101.196494626 -200.1815958376974 -49.78724097460508 30.013665199279785
101.216377906 -200.22453407011926 -49.76412009447813 30.01366138458252
101.236353734 -200.288926159963 -49.72941016405821 30.01363468170166
101.256377927 -200.33183387480676 -49.706262581050396 30.0136079788208
101.276324726 -200.39616492949426 -49.671533577144146 30.013577461242676
101.296625965 -200.43902686797082 -49.64832114428282 30.013550758361816
101.31641329 -200.50329688750207 -49.61350440233946 30.01350498199463
101.336378376 -200.54611304961145 -49.59026908129454 30.01345920562744
101.356356104 -200.6103067751974 -49.555383674800396 30.01339054107666
101.376382136 -200.65309241972864 -49.532129280269146 30.013352394104004
101.39644052 -200.71725562773645 -49.49719046801329 30.013306617736816
101.416382412 -200.76002601347864 -49.47390555590391 30.013283729553223
101.436368302 -200.82418922148645 -49.438989631831646 30.01320743560791
101.456349383 -200.86695960722864 -49.41569709032774 30.013176918029785
101.476329677 -200.93112281523645 -49.38077735155821 30.013184547424316
101.49644941 -200.97389320097864 -49.35750388354063 30.013218879699707
101.516402816 -201.03802589140832 -49.32260703295469 30.013283729553223
101.536376952 -201.0807657595724 -49.29932975023985 30.013340950012207
101.556356592 -201.1448526736349 -49.26442527025938 30.013432502746582
101.576356728 -201.18756202422082 -49.241174690425396 30.01351261138916
101.596467617 -201.25152686797082 -49.20627021044493 30.013630867004395
101.616385203 -201.2941751834005 -49.18300437182188 30.01372241973877
101.636359831 -201.3581400271505 -49.14811133593321 30.01381778717041
101.656335584 -201.40072730742395 -49.1248302385211 30.013875007629395
101.676340897 -201.46464637480676 -49.08994483202696 30.013924598693848
101.696617743 -201.50724891386926 -49.06669806689024 30.01393222808838
101.71638765 -201.571152722463 -49.031843177974224 30.013916969299316
101.736391529 -201.61378577910364 -49.008630745112896 30.01394748687744
101.756325113 -201.67770484648645 -48.973772041499615 30.013970375061035
101.776362849 -201.72033790312707 -48.95057105273008 30.013985633850098
101.796471115 -201.78424171172082 -48.915754310786724 30.0139741897583
101.816459988 -201.82682899199426 -48.892568580806255 30.013955116271973
101.836362808 -201.89071754179895 -48.85782813280821 30.01388645172119
101.85635453 -201.93327430449426 -48.8346576616168 30.013855934143066
101.876390793 -201.9971018191427 -48.799943916499615 30.01384449005127
101.896451354 -202.039658581838 -48.77681540697813 30.013855934143066
101.916457512 -202.10351661406457 -48.74212455004454 30.013901710510254
101.936373371 -202.14608863554895 -48.71901511400938 30.013951301574707
101.956316683 -202.21000770293176 -48.68429755419493 30.01402759552002
101.976382504 -202.25265601836145 -48.661149971187115 30.014073371887207
101.996547689 -202.31665137968957 -48.62642478197813 30.014138221740723
102.016373645 -202.3593302126974 -48.60327719897032 30.01418399810791
102.036360832 -202.42338660918176 -48.56861304491758 30.014260292053223
102.056338434 -202.46611121855676 -48.54554557055235 30.01431369781494
102.076335061 -202.5302286501974 -48.51099204272032 30.014382362365723
102.096439203 -202.57299903593957 -48.48798178881407 30.014431953430176
102.116399507 -202.63722327910364 -48.45348548144102 30.01448917388916
102.136378651 -202.68006995879114 -48.43050955981016 30.014492988586426
102.156325686 -202.74443153105676 -48.39600562304258 30.0144624710083
102.176386142 -202.78740028105676 -48.37300681322813 30.014424324035645
102.196453092 -202.8518839236349 -48.338518135249615 30.014355659484863
102.216423564 -202.8949289675802 -48.31547736376524 30.014267921447754
102.236359512 -202.95956519804895 -48.28094290941954 30.01414966583252
102.256348383 -203.0027170535177 -48.25790976732969 30.01406192779541
102.276364891 -203.06752113066614 -48.22334861010313 30.013920783996582
102.296439843 -203.1107492800802 -48.20032309740782 30.01382541656494
102.316463168 -203.1756143923849 -48.16578101366758 30.013691902160645
102.33636095 -203.21887305937707 -48.1427745744586 30.013585090637207
102.356308848 -203.283799206838 -48.10822486132383 30.013432502746582
102.376358959 -203.3271036501974 -48.08518027514219 30.01332950592041
102.396481256 -203.39209083281457 -48.0506000444293 30.013184547424316
102.416403092 -203.43547157011926 -48.02751349657774 30.013081550598145
102.436338304 -203.50055030547082 -47.99292182177305 30.012913703918457
102.456361674 -203.54396156035364 -47.969865791499615 30.012784004211426
102.476346194 -203.60913184843957 -47.93530463427305 30.012578010559082
102.496517689 -203.65258887968957 -47.91229056566954 30.012444496154785
102.51645086 -203.71786597929895 -47.87779425829649 30.01223850250244
102.536353931 -203.7614298220724 -47.85483741015196 30.01210117340088
102.556347009 -203.82679847441614 -47.82047080248594 30.011902809143066
102.576347096 -203.87042335234582 -47.79759406298399 30.01176929473877
102.596515419 -203.9358682986349 -47.763330452144146 30.01156711578369
102.616430186 -203.9795694705099 -47.74053382128477 30.011425971984863
102.636343834 -204.04510596953332 -47.70639609545469 30.01120090484619
102.656374402 -204.08880714140832 -47.683671943843365 30.0110445022583
102.676359828 -204.154404675588 -47.64964484423399 30.010842323303223
102.696541523 -204.1981516238302 -47.626996986567974 30.010727882385254
102.716392252 -204.26381019316614 -47.59307288378477 30.010560035705566
102.736355401 -204.30758765898645 -47.57048224657774 30.010441780090332
102.756404681 -204.3732767459005 -47.53662680834532 30.010293006896973
102.776354495 -204.417099988088 -47.51410483568907 30.01014804840088
102.796443058 -204.48283485136926 -47.48038672655821 30.00991153717041
102.816438375 -204.52667335234582 -47.4579601213336 30.009739875793457
102.836415405 -204.59240821562707 -47.424360267817974 30.009453773498535
102.856356614 -204.6362161990255 -47.40198325365782 30.00925922393799
102.87635879 -204.70192054472864 -47.36842154711485 30.008931159973145
102.896468705 -204.745713269338 -47.346059791743755 30.00871753692627
102.916376219 -204.81141761504114 -47.31252860277891 30.008362770080566
102.936361916 -204.8552103396505 -47.29017447680235 30.008126258850098
102.956330533 -204.9208841677755 -47.256643287837505 30.007779121398926
102.976389116 -204.96469215117395 -47.23426245898008 30.007515907287598
102.996429695 -205.03039649687707 -47.200700752437115 30.007134437561035
103.016386252 -205.0742044802755 -47.17831610888243 30.006875038146973
103.036342432 -205.1398783084005 -47.144704811275005 30.006478309631348
103.056345013 -205.1836252566427 -47.12230109423399 30.00622272491455
103.076364479 -205.2492533084005 -47.08862876147032 30.005806922912598
103.096416668 -205.29298499785364 -47.066213600337505 30.005566596984863
103.116410952 -205.35852149687707 -47.03256797045469 30.005181312561035
103.136345082 -205.402207409963 -47.01014136523008 30.004979133605957
103.156336425 -205.46769813261926 -46.97650717943907 30.00468921661377
103.176343261 -205.51135352812707 -46.954057686030865 30.004475593566895
103.196368275 -205.5768137332052 -46.920392982661724 30.00417423248291
103.216440102 -205.62045386992395 -46.89793585985899 30.003987312316895
103.236420394 -205.68591407500207 -46.86424445360899 30.00377368927002
103.256363633 -205.72953895293176 -46.84179496020079 30.003655433654785
103.276371901 -205.79498389922082 -46.80806540697813 30.00352954864502
103.296371861 -205.83862403593957 -46.785573951900005 30.003464698791504
103.316453358 -205.90406898222864 -46.75183295458555 30.003411293029785
103.336378855 -205.9477091189474 -46.72930335253477 30.003376960754395
103.356338565 -206.0131388064474 -46.695573799312115 30.0033540725708
103.376362751 -206.056748425588 -46.67306327074766 30.003361701965332
103.396381566 -206.1221475955099 -46.63934134691954 30.00340747833252
103.416460186 -206.16571143828332 -46.616872780025005 30.00346088409424
103.436339886 -206.23101905547082 -46.58320044726133 30.003586769104004
103.45632806 -206.27455238066614 -46.56077765673399 30.00368595123291
103.476374555 -206.33978370390832 -46.52713202685118 30.003849983215332
103.496351497 -206.3832559939474 -46.5047130510211 30.003960609436035
103.516608011 -206.4484415408224 -46.47110556811094 30.004136085510254
103.536349921 -206.49186805449426 -46.448686592280865 30.00422763824463
103.556322083 -206.55697730742395 -46.41509436815977 30.004380226135254
103.576385791 -206.60035804472864 -46.39270972460508 30.004502296447754
103.596350629 -206.665391003713 -46.35915946215391 30.00471591949463
103.616608512 -206.70874122343957 -46.33682440966368 30.004868507385254
103.636343255 -206.77369788847864 -46.30332373827696 30.00511646270752
103.656334317 -206.817002331838 -46.28101157397032 30.00529193878174
103.676360612 -206.88189796172082 -46.247514717280865 30.00563144683838
103.696377748 -206.92517188750207 -46.22519492357969 30.005879402160645
103.716400746 -206.9900675173849 -46.1917247697711 30.006260871887207
103.736351707 -207.03332618437707 -46.169389717280865 30.006531715393066
103.757732551 -207.09819129668176 -46.13591193407774 30.00694751739502
103.777678375 -207.14141944609582 -46.11358451098204 30.00719928741455
103.797775917 -207.20623878203332 -46.08004950731993 30.007546424865723
103.817757763 -207.24945167265832 -46.057703010737896 30.007779121398926
103.837775401 -207.3142404910177 -46.02407645434141 30.008206367492676
103.857732053 -207.3574533816427 -46.001638405025005 30.008496284484863
103.877730266 -207.42228797636926 -45.96795081347227 30.008938789367676
103.897791936 -207.4654856082052 -45.94548224657774 30.009217262268066
103.917722567 -207.5302591677755 -45.911760322749615 30.009617805480957
103.93769716 -207.57342628203332 -45.8892345353961 30.009861946105957
103.957704724 -207.6381693240255 -45.85549735277891 30.010228157043457
103.977706294 -207.6813059207052 -45.833024971187115 30.01046085357666
103.997720979 -207.74601844511926 -45.79932212084532 30.01079273223877
104.017747976 -207.789170300588 -45.77688407152891 30.01101016998291
104.037730214 -207.85388282500207 -45.743181221187115 30.01138401031494
104.057725302 -207.89706519804895 -45.72070121020079 30.01162052154541
104.077745533 -207.96185401640832 -45.686975471675396 30.01194477081299
104.097810598 -208.00509742461145 -45.66444968432188 30.012120246887207
104.117850635 -208.06996253691614 -45.63070868700743 30.012368202209473
104.137690612 -208.1132364626974 -45.60822104662657 30.012516975402832
104.157710468 -208.17814735136926 -45.57452201098204 30.012730598449707
104.177683411 -208.2214212771505 -45.552053444087505 30.012856483459473
104.19777993 -208.2863626834005 -45.51834677904844 30.01304340362549
104.217745011 -208.32968238554895 -45.49590491503477 30.01316547393799
104.237681451 -208.394639050588 -45.46221350878477 30.013352394104004
104.257702773 -208.4379434939474 -45.4397716447711 30.0134859085083
104.277700688 -208.5029154177755 -45.40613745898008 30.013672828674316
104.297844918 -208.546250378713 -45.38369940966368 30.013798713684082
104.317760522 -208.61125282011926 -45.35009955614805 30.01400089263916
104.33774051 -208.65460303984582 -45.32770346850157 30.014145851135254
104.357682678 -208.71962074004114 -45.294111244380474 30.014370918273926
104.377691937 -208.7629709597677 -45.27174185961485 30.01451587677002
104.397802117 -208.82804969511926 -45.23815345019102 30.01473331451416
104.417736052 -208.87143043242395 -45.21581839770079 30.01487445831299
104.437705493 -208.93657020293176 -45.18231009691954 30.015088081359863
104.457720952 -208.97998145781457 -45.15998267382383 30.01524066925049
104.477732728 -209.04510596953332 -45.12652014940977 30.01546573638916
104.497795751 -209.0885324832052 -45.10415839403868 30.015629768371582
104.517760906 -209.153672253713 -45.07065390795469 30.015862464904785
104.537704591 -209.1970987673849 -45.048322670161724 30.016003608703613
104.557689926 -209.2622385378927 -45.01480292528868 30.016179084777832
104.577679315 -209.30568031035364 -44.992483131587505 30.016282081604004
104.597791144 -209.3708353396505 -44.958974830806255 30.016385078430176
104.617754987 -209.4142618533224 -44.93665503710508 30.016438484191895
104.637697112 -209.47937110625207 -44.90320395678282 30.01652240753174
104.657702693 -209.522812878713 -44.88086890429258 30.01655673980713
104.677708605 -209.5879679080099 -44.84744834154844 30.01659107208252
104.697758126 -209.63139442168176 -44.825124733150005 30.01659870147705
104.717933063 -209.6965647097677 -44.79167365282774 30.016602516174316
104.737703376 -209.74000648222864 -44.769365303218365 30.016545295715332
104.75768267 -209.80517677031457 -44.73588752001524 30.01646900177002
104.777709334 -209.8486185427755 -44.71359824389219 30.01643466949463
104.797723173 -209.91375831328332 -44.68012046068907 30.016385078430176
104.817734142 -209.95716956816614 -44.657819740474224 30.016350746154785
104.837762237 -210.02227882109582 -44.62439917773008 30.016331672668457
104.857741152 -210.06569007597864 -44.60209845751524 30.016301155090332
104.877761717 -210.1307688113302 -44.56870459765196 30.016247749328613
104.897730719 -210.17411903105676 -44.546464912593365 30.016209602355957
104.917752054 -210.2391672488302 -44.513086311519146 30.01614475250244
104.937722987 -210.28251746855676 -44.49085807055235 30.016053199768066
104.957705463 -210.34753516875207 -44.457536689937115 30.01590061187744
104.977718858 -210.39088538847864 -44.435354225337505 30.015793800354004
104.997723978 -210.455918347463 -44.40208625048399 30.01561450958252
105.01781785 -210.4992533084005 -44.37994193285704 30.01549243927002
105.037703102 -210.56425574980676 -44.34678076952696 30.015294075012207
105.057671469 -210.60759071074426 -44.32470511645079 30.01516819000244
105.077719266 -210.6725626345724 -44.291650764644146 30.01499652862549
105.097746044 -210.7158518191427 -44.26965140551329 30.01488208770752
105.117728827 -210.78073219023645 -44.236711494624615 30.014721870422363
105.137728579 -210.82399085722864 -44.2147960588336 30.014653205871582
105.157674498 -210.88884071074426 -44.18202017992735 30.014512062072754
105.177726665 -210.93206886015832 -44.16021537035704 30.014431953430176
105.197746505 -210.99691871367395 -44.12758444994688 30.014321327209473
105.217863474 -211.0401163455099 -44.10588263720274 30.014248847961426
105.237720138 -211.1048899050802 -44.07340430468321 30.014187812805176
105.257696863 -211.1480265017599 -44.0518321916461 30.014126777648926
105.277723618 -211.21270850859582 -44.01955222338438 30.014046669006348
105.297759372 -211.25578407011926 -43.998090736567974 30.013981819152832
105.31774187 -211.32035926543176 -43.96596335619688 30.013867378234863
105.337737936 -211.363389050588 -43.94458197802305 30.013802528381348
105.357695525 -211.42787269316614 -43.91257666796446 30.01370334625244
105.377741878 -211.4708567019552 -43.89126395434141 30.013619422912598
105.397701806 -211.53532508574426 -43.859338752925396 30.013474464416504
105.417742314 -211.5782785769552 -43.83806037157774 30.013344764709473
105.437752978 -211.64271644316614 -43.806196205317974 30.013142585754395
105.457691306 -211.685654675588 -43.7849864885211 30.013001441955566
105.477835906 -211.75004676543176 -43.75322150439024 30.01278781890869
105.497759727 -211.79293922148645 -43.73207663744688 30.012642860412598
105.517879915 -211.8572550173849 -43.70039939135313 30.012425422668457
105.537701457 -211.90011695586145 -43.67930793017149 30.012322425842285
105.557689898 -211.9643869753927 -43.64770697802305 30.012150764465332
105.577743719 -212.00721839629114 -43.6266612932086 30.012059211730957
105.597717229 -212.07145789824426 -43.59511374682188 30.011948585510254
105.617826824 -212.1142435427755 -43.57409476488829 30.01188373565674
105.637738818 -212.17843726836145 -43.54258918017149 30.011815071105957
105.657687846 -212.22123817168176 -43.521596901118755 30.011792182922363
105.67770861 -212.28546241484582 -43.49012564867735 30.011818885803223
105.69770063 -212.32829383574426 -43.46915625780821 30.01186466217041
105.717796221 -212.3926096316427 -43.43771552294493 30.01199436187744
105.737732233 -212.4355020876974 -43.416765205562115 30.01207447052002
105.757663712 -212.49989417754114 -43.38533591479063 30.01223850250244
105.7777133 -212.54284766875207 -43.36438178271055 30.012356758117676
105.797729774 -212.60730079375207 -43.33295630663633 30.01254367828369
105.817809741 -212.65033057890832 -43.3119640275836 30.012673377990723
105.837735584 -212.71490577422082 -43.28045081347227 30.012829780578613
105.857727926 -212.75799659453332 -43.25940131396055 30.012951850891113
105.877718377 -212.8227091189474 -43.227766029536724 30.013108253479004
105.89770462 -212.8658762332052 -43.20665930956602 30.01320743560791
105.917953263 -212.93071082793176 -43.17489432543516 30.013325691223145
105.937736337 -212.97396949492395 -43.15369605273008 30.013432502746582
105.957679956 -213.038926159963 -43.12186621874571 30.01358127593994
105.977724792 -213.08227637968957 -43.10061454027891 30.013638496398926
105.997689775 -213.14730933867395 -43.06877326220274 30.013710975646973
106.019250203 -213.19073585234582 -43.04751395434141 30.013733863830566
106.038758117 -213.25592139922082 -43.01563452929258 30.01375675201416
106.058706974 -213.299424206838 -42.99437903612852 30.013768196105957
106.078744581 -213.3647318240255 -42.962488166987896 30.013772010803223
106.098742087 -213.4082804080099 -42.941240303218365 30.01378345489502
106.118854404 -213.47369483672082 -42.90938376635313 30.01379108428955
106.138738482 -213.51730445586145 -42.88815497606993 30.01381015777588
106.158651715 -213.5827494021505 -42.85632895678282 30.0138521194458
106.178767495 -213.6264200564474 -42.83509635180235 30.013894081115723
106.198748826 -213.69189552031457 -42.803266517817974 30.013970375061035
106.218899476 -213.7355509158224 -42.78204154223204 30.01403522491455
106.238738965 -213.80104163847864 -42.75024222582579 30.01417636871338
106.258734826 -213.84469703398645 -42.72907065600157 30.014275550842285
106.278740943 -213.9101419802755 -42.69735526293516 30.014492988586426
106.298715585 -213.9537668582052 -42.67623709887266 30.014657020568848
106.318993683 -214.01921180449426 -42.64461325854063 30.014885902404785
106.338795684 -214.0628214236349 -42.623559944331646 30.015034675598145
106.358665412 -214.12822059355676 -42.59202002733946 30.01522922515869
106.378739622 -214.1718302126974 -42.57103156298399 30.01534366607666
106.398773009 -214.23724464140832 -42.539575569331646 30.015515327453613
106.41889343 -214.2808390017599 -42.51863669604063 30.015618324279785
106.438765342 -214.3462686892599 -42.4872455522418 30.015812873840332
106.458706709 -214.3898783084005 -42.466333381831646 30.015938758850098
106.478731215 -214.45536903105676 -42.43496894091368 30.016118049621582
106.498711424 -214.49903968535364 -42.41406821459532 30.01622486114502
106.518777995 -214.564560925588 -42.38273047655821 30.016369819641113
106.538774356 -214.60824683867395 -42.36184500902891 30.01644229888916
106.558706269 -214.6737833376974 -42.33053397387266 30.01653003692627
106.578762411 -214.71746925078332 -42.30965232104063 30.016541481018066
106.598786341 -214.7829904910177 -42.278337471187115 30.016533851623535
106.618757272 -214.82667640410364 -42.25745581835508 30.01652240753174
106.638723312 -214.892197644338 -42.22612952440977 30.016419410705566
106.658730433 -214.935898816213 -42.205251686275005 30.016350746154785
106.67873016 -215.00140479765832 -42.17392539232969 30.016213417053223
106.698687306 -215.0450754519552 -42.15304755419493 30.01611042022705
106.718890973 -215.11053565703332 -42.121728889644146 30.015942573547363
106.738753138 -215.15417579375207 -42.10085105150938 30.01579761505127
106.758685441 -215.21960548125207 -42.06954764574766 30.015591621398926
106.778756551 -215.26318458281457 -42.04868125170469 30.015461921691895
106.798690533 -215.3285227175802 -42.0173969194293 30.015286445617676
106.818859138 -215.3720255251974 -41.99653052538633 30.01516819000244
106.838773492 -215.43725684843957 -41.96522330492735 30.014927864074707
106.858705038 -215.48072913847864 -41.94435691088438 30.014779090881348
106.878757712 -215.54596046172082 -41.91296576708555 30.014546394348145
106.898746925 -215.5894327517599 -41.89202689379454 30.014397621154785
106.918887745 -215.65466407500207 -41.86060523241758 30.014199256896973
106.93873323 -215.69818214140832 -41.839590065181255 30.01406192779541
106.958697321 -215.76347449980676 -41.80807685106993 30.013882637023926
106.978781788 -215.80700782500207 -41.78705405443907 30.013752937316895
106.99869645 -215.87233070097864 -41.75549887865782 30.013562202453613
107.018933537 -215.915879284963 -41.73446845263243 30.013455390930176
107.038755272 -215.9811869021505 -41.70286750048399 30.013298988342285
107.058722221 -216.02472022734582 -41.68182181566954 30.013211250305176
107.078739334 -216.09002784453332 -41.65020560473204 30.01314640045166
107.098705836 -216.13356116972864 -41.62911032885313 30.013131141662598
107.11898891 -216.198838269338 -41.597455970942974 30.01313877105713
107.138752422 -216.24237159453332 -41.576318733394146 30.01314640045166
107.158684726 -216.3076486941427 -41.54462622851133 30.013161659240723
107.178748234 -216.351182019338 -41.523481361567974 30.01318073272705
107.198719366 -216.41650489531457 -41.491750709712505 30.01321506500244
107.218845249 -216.4600382205099 -41.47060202807188 30.013245582580566
107.238793183 -216.52536109648645 -41.43882941454649 30.01326847076416
107.25875471 -216.5689249392599 -41.41763495653868 30.013279914855957
107.278738175 -216.63429359160364 -41.38583182543516 30.01329517364502
107.298703741 -216.6778879519552 -41.36456870287657 30.013291358947754
107.318827618 -216.74325660429895 -41.33273123949766 30.013306617736816
107.338763579 -216.78686622343957 -41.311452858150005 30.013272285461426
107.358684799 -216.85226539336145 -41.27955054491758 30.01322650909424
107.378738405 -216.89589027129114 -41.258264534175396 30.013176918029785
107.398718505 -216.96135047636926 -41.22629737108946 30.01309299468994
107.41883973 -217.00500587187707 -41.20498847216368 30.013047218322754
107.43875607 -217.07049659453332 -41.17292212694883 30.01305103302002
107.458749895 -217.11415199004114 -41.151533119380474 30.013066291809082
107.478743133 -217.1796427126974 -41.11944388598204 30.01310443878174
107.498706591 -217.2233438845724 -41.09799384325743 30.01314640045166
107.518829641 -217.28891090117395 -41.06584357470274 30.013237953186035
107.538765776 -217.33264259062707 -41.044397346675396 30.013314247131348
107.55867604 -217.39828590117395 -41.01220893114805 30.01345157623291
107.578794168 -217.4420481082052 -40.99077033251524 30.01353168487549
107.598749478 -217.5077219363302 -40.95862006396055 30.01365375518799
107.618902075 -217.55148414336145 -40.937211982905865 30.013745307922363
107.638762682 -217.6171427126974 -40.905107490718365 30.01389789581299
107.658729369 -217.6609201785177 -40.88372611254454 30.01399326324463
107.678740384 -217.7265482302755 -40.85169409960508 30.014153480529785
107.698706864 -217.77031043730676 -40.83035086840391 30.014260292053223
107.718859134 -217.83593848906457 -40.79837226122618 30.014416694641113
107.738753407 -217.87970069609582 -40.77705954760313 30.01448917388916
107.758678873 -217.9453440066427 -40.74511145800352 30.014599800109863
107.778735543 -217.9890909548849 -40.723840706050396 30.01467227935791
107.798723178 -218.0547190066427 -40.69195365160704 30.01478672027588
107.81881995 -218.09843543730676 -40.67071341723204 30.01485538482666
107.83876432 -218.1640177126974 -40.63889121264219 30.01488208770752
107.858726667 -218.20773414336145 -40.61770819872618 30.014893531799316
107.878715271 -218.27328590117395 -40.58598517626524 30.014927864074707
107.898719016 -218.31701759062707 -40.56485175341368 30.014946937561035
107.918841888 -218.3825998660177 -40.53318976610899 30.01497745513916
107.938761178 -218.42633155547082 -40.512102119624615 30.014992713928223
107.958702729 -218.49191383086145 -40.480459205806255 30.015000343322754
107.978782121 -218.5356302615255 -40.45937918871641 30.01500415802002
107.998719742 -218.60121253691614 -40.42770957201719 30.014962196350098
108.018841389 -218.6449289675802 -40.40659522265196 30.01492404937744
108.038786155 -218.71049598418176 -40.37493323534727 30.01488971710205
108.058714241 -218.75419715605676 -40.35379981249571 30.014824867248535
108.078725751 -218.81974891386926 -40.322126381099224 30.0147066116333
108.09873026 -218.8634348269552 -40.301008217036724 30.01461124420166
108.118755231 -218.9289408084005 -40.26935767382383 30.014466285705566
108.138755858 -218.9726114626974 -40.248247139155865 30.014351844787598
108.158682878 -219.03808692656457 -40.216543190181255 30.014153480529785
108.178711413 -219.08171180449426 -40.19541358202696 30.01403522491455
108.198761865 -219.1471720095724 -40.1636371538043 30.013829231262207
108.218807409 -219.190781628713 -40.14245032519102 30.013691902160645
108.238795735 -219.25619605742395 -40.11067771166563 30.01340961456299
108.258759296 -219.2997904177755 -40.089441291987896 30.013195991516113
108.278729601 -219.36517432890832 -40.05761908739805 30.012883186340332
108.298766549 -219.40875343047082 -40.03639792650938 30.012673377990723
108.318836806 -219.4741068240255 -40.00455664843321 30.01234531402588
108.338762559 -219.5176554080099 -39.98334693163633 30.012120246887207
108.358712203 -219.58302406035364 -39.9514903947711 30.01175022125244
108.378703288 -219.626572644338 -39.93029212206602 30.011528968811035
108.398755769 -219.6918802615255 -39.89849662035704 30.011204719543457
108.418841008 -219.7354288455099 -39.87730597704649 30.011006355285645
108.438788054 -219.80070594511926 -39.84554099291563 30.010777473449707
108.458720442 -219.84425452910364 -39.82435034960508 30.010628700256348
108.478749024 -219.909531628713 -39.79259680956602 30.0104341506958
108.49872443 -219.95304969511926 -39.771440498530865 30.010319709777832
108.518789351 -220.01828101836145 -39.73969077318907 30.01016330718994
108.538759389 -220.0617533084005 -39.71854209154844 30.010056495666504
108.558676651 -220.1269083376974 -39.68678092211485 30.00993824005127
108.578731049 -220.17033485136926 -39.665632240474224 30.009915351867676
108.598726092 -220.23544410429895 -39.633935920894146 30.009968757629395
108.618778517 -220.27882484160364 -39.61276053637266 30.01004123687744
108.638782524 -220.34388831816614 -39.58106040209532 30.010178565979004
108.658730524 -220.38720802031457 -39.55990790575743 30.01029682159424
108.678701358 -220.45216468535364 -39.528215400874615 30.010483741760254
108.698729412 -220.495469128713 -39.50709342211485 30.010613441467285
108.718841825 -220.56039527617395 -39.475427620112896 30.01082706451416
108.738763302 -220.60368446074426 -39.45434760302305 30.011013984680176
108.758669274 -220.66858009062707 -39.42273902148008 30.0112886428833
108.778694596 -220.71185401640832 -39.40167807787657 30.011479377746582
108.7987398 -220.77674964629114 -39.37011527270079 30.011780738830566
108.818807625 -220.82006934843957 -39.34909629076719 30.011963844299316
108.838897496 -220.88505653105676 -39.317609779536724 30.01228427886963
108.858726621 -220.92839149199426 -39.29663657397032 30.01247501373291
108.878738836 -220.9934397097677 -39.2651996538043 30.01272678375244
108.898742277 -221.0368204470724 -39.24426840990782 30.012883186340332
108.918826047 -221.10186866484582 -39.21293067187071 30.013073921203613
108.938813981 -221.1452188845724 -39.1920795366168 30.01320743560791
108.958678731 -221.2102823611349 -39.16079520434141 30.013325691223145
108.978753816 -221.25366309843957 -39.13995169848204 30.01339817047119
108.998743127 -221.31869605742395 -39.10870169848204 30.013489723205566
109.018833316 -221.3620462771505 -39.08788871020079 30.013497352600098
109.038790289 -221.42706397734582 -39.056692115962505 30.013493537902832
109.058734483 -221.47039893828332 -39.03589820116758 30.01345920562744
109.078704724 -221.53541663847864 -39.00470923632383 30.013394355773926
109.09872733 -221.5787668582052 -38.98393439501524 30.01335620880127
109.118814848 -221.6438303347677 -38.95273017138243 30.013264656066895
109.138789197 -221.68722633086145 -38.931936256587505 30.01318073272705
109.158770558 -221.752305066213 -38.90076255053282 30.01304340362549
109.178761163 -221.7956858035177 -38.879987709224224 30.012944221496582
109.19871512 -221.8607492800802 -38.848833076655865 30.012795448303223
109.21883072 -221.9041300173849 -38.82807349413633 30.012681007385254
109.238834947 -221.96917823515832 -38.796979896724224 30.012547492980957
109.258746275 -222.012558972463 -38.77627371996641 30.012463569641113
109.278722469 -222.07760719023645 -38.745256416499615 30.01235294342041
109.298735153 -222.120957409963 -38.724599830806255 30.01229190826416
109.318783622 -222.18600562773645 -38.693620674312115 30.01219654083252
109.338793857 -222.22937110625207 -38.672990791499615 30.012112617492676
109.358706463 -222.2944193240255 -38.64207648485899 30.011967658996582
109.378719836 -222.33781532011926 -38.62152671068907 30.01185703277588
109.398726138 -222.402939831838 -38.59073447436094 30.01170825958252
109.418823684 -222.44635108672082 -38.57022666186094 30.01159381866455
109.439008754 -222.51147559843957 -38.5394916459918 30.011414527893066
109.458724826 -222.5548868533224 -38.51902198046446 30.011300086975098
109.478722217 -222.61996558867395 -38.48830222338438 30.011116981506348
109.498741106 -222.66334632597864 -38.46782874315977 30.011006355285645
109.518817645 -222.72836402617395 -38.43712043017149 30.010823249816895
109.540162217 -222.7717142459005 -38.41666602343321 30.010701179504395
109.561250852 -222.8367014285177 -38.386011116206646 30.010510444641113
109.581328665 -222.8800363894552 -38.36557196825743 30.010380744934082
109.601298913 -222.9450540896505 -38.334924690425396 30.010220527648926
109.621497914 -222.988389050588 -38.31450080126524 30.01011371612549
109.641349446 -223.05343726836145 -38.28386878222227 30.009987831115723
109.661315581 -223.09680274687707 -38.26345633715391 30.00991153717041
109.681313535 -223.16191199980676 -38.23282431811094 30.009774208068848
109.7012877 -223.2053079959005 -38.212419502437115 30.009705543518066
109.721557919 -223.2704172488302 -38.18179129809141 30.009568214416504
109.74133168 -223.31384376250207 -38.161394111812115 30.00944232940674
109.761266155 -223.3789835330099 -38.13082694262266 30.009243965148926
109.781324836 -223.4224405642599 -38.11046790331602 30.009087562561035
109.801292082 -223.48761085234582 -38.07993506640196 30.008862495422363
109.821418491 -223.53106788359582 -38.05957221239805 30.00869846343994
109.84133988 -223.5962686892599 -38.029016487300396 30.00843906402588
109.861292976 -223.63974097929895 -38.00864218920469 30.008275032043457
109.881325725 -223.70492652617395 -37.978071205317974 30.00795078277588
109.901310481 -223.7483682986349 -37.95769690722227 30.007725715637207
109.921709518 -223.81352332793176 -37.927148811519146 30.007390022277832
109.941348229 -223.85693458281457 -37.90677069872618 30.007107734680176
109.961314952 -223.92205909453332 -37.87621878832579 30.00673770904541
109.981335381 -223.9654093142599 -37.85586737841368 30.006409645080566
110.001292641 -224.03044227324426 -37.825361244380474 30.005921363830566
110.02151615 -224.07379249297082 -37.805044166743755 30.005581855773926
110.041319094 -224.13879493437707 -37.77457617968321 30.005078315734863
110.06129478 -224.1821146365255 -37.75427054613829 30.004754066467285
110.081325173 -224.24708656035364 -37.723840706050396 30.00418186187744
110.101281556 -224.290391003713 -37.70355796068907 30.003777503967285
110.121433391 -224.35534766875207 -37.67314337939024 30.00316333770752
110.141320601 -224.39865211211145 -37.652856819331646 30.00268268585205
110.161254899 -224.46362403593957 -37.62241553515196 30.001992225646973
110.181334896 -224.50695899687707 -37.60210608690977 30.00154209136963
110.201320022 -224.57199195586145 -37.5715961381793 30.00087833404541
110.221446671 -224.61535743437707 -37.55124854296446 30.000462532043457
110.241319464 -224.6804056521505 -37.52068900316954 29.99975299835205
110.261320713 -224.72377113066614 -37.50031089037657 29.999306678771973
110.281371284 -224.7888498660177 -37.4696788713336 29.998597145080566
110.301290519 -224.83224586211145 -37.449243538081646 29.99815082550049
110.321628622 -224.89733985625207 -37.418561927974224 29.997498512268066
110.341331419 -224.94073585234582 -37.39809226244688 29.99705982208252
110.361265447 -225.0058451052755 -37.36736869066954 29.99644947052002
110.38135358 -225.04924110136926 -37.34685706347227 29.996045112609863
110.40132071 -225.114365613088 -37.31601523607969 29.995450019836426
110.421360026 -225.1577921267599 -37.295434944331646 29.99508762359619
110.441332212 -225.22294715605676 -37.264421455562115 29.9945650100708
110.461385776 -225.2663889285177 -37.24371909350157 29.99425220489502
110.481334981 -225.33154395781457 -37.21263312548399 29.9938325881958
110.501363962 -225.37500098906457 -37.19190024584532 29.993596076965332
110.521663668 -225.4401712771505 -37.160791389644146 29.99330997467041
110.541318729 -225.4836283084005 -37.14002036303282 29.993176460266113
110.56127585 -225.5488138552755 -37.10888098925352 29.99302387237549
110.581317717 -225.59230140410364 -37.08812903612852 29.99294376373291
110.601303723 -225.657578503713 -37.05700110644102 29.992836952209473
110.621467839 -225.70109657011926 -37.03626059740782 29.99279499053955
110.641292275 -225.76641944609582 -37.005117408931255 29.99278736114502
110.661302356 -225.80995277129114 -36.98436927050352 29.992806434631348
110.681336393 -225.87524512968957 -36.95327567309141 29.99289035797119
110.701297667 -225.91876319609582 -36.93253516405821 29.992955207824707
110.721389832 -225.98402503691614 -36.901453010737896 29.993077278137207
110.7413237 -226.02751258574426 -36.88074301928282 29.993142127990723
110.761281174 -226.0927286501974 -36.84971808642149 29.99327564239502
110.781351798 -226.1361856814474 -36.829057686030865 29.993382453918457
110.80130334 -226.20134071074426 -36.79808997362852 29.993596076965332
110.821408681 -226.24476722441614 -36.77746390551329 29.99376392364502
110.841615984 -226.3098917361349 -36.7465228959918 29.994030952453613
110.861307274 -226.35327247343957 -36.72587775439024 29.994210243225098
110.881367595 -226.41833595000207 -36.69488333910704 29.994526863098145
110.901296548 -226.46167091093957 -36.67418097704649 29.994744300842285
110.921419869 -226.5266886111349 -36.643152229487896 29.99508762359619
110.94391356 -226.57000831328332 -36.62246512621641 29.995335578918457
110.965588942 -226.63498023711145 -36.59143637865782 29.99568271636963
110.986778871 -226.67828468047082 -36.570764534175396 29.99590015411377
111.007027642 -226.74322608672082 -36.53976248949766 29.996132850646973
111.02775839 -226.7865305300802 -36.51911353319883 29.996312141418457
111.047758166 -226.85141090117395 -36.488176338374615 29.996529579162598
111.069821041 -226.89465430937707 -36.467573158442974 29.996655464172363
111.091390013 -226.9595041628927 -36.43670462816954 29.996819496154785
111.1109938 -227.00270179472864 -36.41615866869688 29.9968843460083
111.130973435 -227.06752113066614 -36.385366432368755 29.996983528137207
111.150974536 -227.11071876250207 -36.36486624926329 29.99699878692627
111.171367871 -227.17555335722864 -36.334157936275005 29.99699878692627
111.190968155 -227.21876624785364 -36.313703529536724 29.99699878692627
111.212367705 -227.2836466189474 -36.28302573412657 29.996975898742676
111.232340162 -227.3268900271505 -36.262598030269146 29.99697208404541
111.254887295 -227.39178565703332 -36.23200034350157 29.997056007385254
111.278382054 -227.43507484160364 -36.2116107866168 29.99711322784424
111.316305744 -227.5000315066427 -36.181055061519146 29.99721622467041
111.34910206 -227.54335120879114 -36.16067694872618 29.997292518615723
111.368960905 -227.6083536501974 -36.13012885302305 29.997448921203613
111.389604709 -227.65170386992395 -36.109758369624615 29.997551918029785
111.408943447 -227.7167520876974 -36.07922934740782 29.997715950012207
111.428962981 -227.760117566213 -36.058889381587505 29.997838020324707
111.449000259 -227.82521156035364 -36.02835272997618 29.998013496398926
111.469017359 -227.86862281523645 -36.00800132006407 29.998147010803223
111.489062604 -227.93373206816614 -35.97748755663633 29.998303413391113
111.509008642 -227.97714332304895 -35.9570941850543 29.998398780822754
111.529029553 -228.0422678347677 -35.92650794237852 29.9985933303833
111.54896043 -228.0856790896505 -35.90609931200743 29.998723030090332
111.568964373 -228.15080360136926 -35.87547492235899 29.99889850616455
111.58918633 -228.194199597463 -35.855066291987896 29.99903964996338
111.609021119 -228.2593088503927 -35.824453346431255 29.999218940734863
111.629062735 -228.30270484648645 -35.80405234545469 29.999348640441895
111.649015015 -228.36779884062707 -35.77347373217344 29.99949359893799
111.669099723 -228.41117957793176 -35.75309943407774 29.999585151672363
111.69071186 -228.4762735720724 -35.722558967769146 29.999733924865723
111.711277016 -228.51970008574426 -35.70218848437071 29.99979877471924
111.732395506 -228.58485511504114 -35.67162512987852 29.999913215637207
111.752386753 -228.6283274050802 -35.651227943599224 29.999985694885254
111.774424271 -228.69354346953332 -35.62059973925352 30.000065803527832
111.793463839 -228.7370157595724 -35.600183479487896 30.00011157989502
111.813412195 -228.80229285918176 -35.569501869380474 30.000130653381348
111.833448093 -228.84582618437707 -35.549036018550396 30.000149726867676
111.853454264 -228.91117957793176 -35.51831244677305 30.000191688537598
111.873895636 -228.95475867949426 -35.49783133715391 30.00022602081299
111.893586903 -229.0201731082052 -35.46710776537657 30.00027561187744
111.913425321 -229.06385902129114 -35.44659232348204 30.000313758850098
111.933450574 -229.12939552031457 -35.4158344194293 30.00040912628174
111.953437885 -229.17314246855676 -35.39531897753477 30.00047779083252
111.974838379 -229.2388010378927 -35.364526741206646 30.000576972961426
111.994632429 -229.28256324492395 -35.34399604052305 30.00065326690674
112.014624945 -229.34826759062707 -35.31313895434141 30.00074863433838
112.034643877 -229.3920755740255 -35.292566291987896 30.00081729888916
112.055263359 -229.45781043730676 -35.26169776171446 30.000927925109863
112.075761135 -229.50164893828332 -35.24109458178282 30.00100803375244
112.095659178 -229.5674143191427 -35.21020316332579 30.00114154815674
112.115740964 -229.6112375613302 -35.189592353999615 30.001248359680176
112.137072237 -229.6769876834005 -35.15869330614805 30.00145435333252
112.160884251 -229.72079566679895 -35.13808249682188 30.00161075592041
112.18086543 -229.7865305300802 -35.10714530199766 30.00185489654541
112.203269944 -229.83033851347864 -35.08652686327696 30.00203800201416
112.22864565 -229.89604285918176 -35.05553626269102 30.002305030822754
112.247609943 -229.93983558379114 -35.034875862300396 30.002480506896973
112.268685176 -230.00555518828332 -35.00389289110899 30.002739906311035
112.29199814 -230.04940894804895 -34.983179084956646 30.00291919708252
112.311138112 -230.1151895876974 -34.95212744921446 30.003209114074707
112.332333389 -230.15907386504114 -34.93142508715391 30.00341510772705
112.352332914 -230.22491553984582 -34.900373451411724 30.003731727600098
112.375591335 -230.26881507597864 -34.87968634814024 30.003952980041504
112.396107345 -230.33473304472864 -34.84864234179258 30.00431537628174
112.416080683 -230.37866309843957 -34.82797049731016 30.004582405090332
112.437246668 -230.44455054961145 -34.79696845263243 30.00497531890869
112.459624002 -230.4884806033224 -34.77631186693907 30.005227088928223
112.479701314 -230.5543985720724 -34.74534796923399 30.00559711456299
112.501040441 -230.59835914336145 -34.724714271724224 30.005818367004395
112.521762559 -230.66430762968957 -34.69379233568907 30.006070137023926
112.544400138 -230.70829871855676 -34.67318534106016 30.006211280822754
112.56548657 -230.77429298125207 -34.642290107905865 30.0064058303833
112.585409173 -230.81828407011926 -34.62170981615782 30.006535530090332
112.606923452 -230.8843546267599 -34.59089087694883 30.006699562072754
112.62806563 -230.92839149199426 -34.570363990962505 30.006802558898926
112.648031334 -230.99444678984582 -34.53960990160704 30.00695514678955
112.669164057 -231.03849891386926 -34.51913260668516 30.007054328918457
112.689423688 -231.1045236941427 -34.48844336718321 30.007248878479004
112.709338748 -231.1485147830099 -34.46803092211485 30.00735569000244
112.729209496 -231.21447852812707 -34.43744849413633 30.00752353668213
112.749261958 -231.25843909941614 -34.41709326952696 30.00761890411377
112.769168938 -231.32435706816614 -34.38659857958555 30.00771427154541
112.789632337 -231.36828712187707 -34.36629294604063 30.007771492004395
112.809215719 -231.43417457304895 -34.33585547655821 30.007790565490723
112.829180735 -231.47808936797082 -34.315576545894146 30.00780963897705
112.849201067 -231.5439310427755 -34.28516959398985 30.00782871246338
112.869146441 -231.58781532011926 -34.26494025439024 30.00782871246338
112.889278045 -231.65362647734582 -34.234636299312115 30.007840156555176
112.909200528 -231.69751075468957 -34.21447943896055 30.007851600646973
112.929251867 -231.76332191191614 -34.18430136889219 30.0078706741333
112.949309729 -231.80717567168176 -34.164209358394146 30.00789737701416
112.969192403 -231.87297157011926 -34.13413047045469 30.007954597473145
112.989505137 -231.91681007109582 -34.11410330981016 30.008008003234863
113.009321629 -231.98256019316614 -34.08412741869688 30.00804615020752
113.029179345 -232.02636817656457 -34.064165107905865 30.00808811187744
113.049264431 -232.0920725222677 -34.034257881343365 30.00814914703369
113.069192964 -232.13588050566614 -34.01434134691954 30.00819492340088
113.089450153 -232.20158485136926 -33.98448371142149 30.00828266143799
113.109224465 -232.24537757597864 -33.964590065181255 30.008336067199707
113.129185245 -232.31105140410364 -33.934743873775005 30.008458137512207
113.149217344 -232.3548136111349 -33.91484259814024 30.00853443145752
113.169198716 -232.42042640410364 -33.88498877733946 30.008625984191895
113.189324381 -232.46415809355676 -33.86509131640196 30.00866413116455
113.209397316 -232.52975562773645 -33.83524131029844 30.008675575256348
113.22917161 -232.57348731718957 -33.81534766405821 30.00866413116455
113.249311801 -232.6390695925802 -33.78551673144102 30.008610725402832
113.269165597 -232.68278602324426 -33.76562689989805 30.00851535797119
113.289323136 -232.74833778105676 -33.73578833788633 30.008366584777832
113.309482205 -232.79205421172082 -33.71589087694883 30.0082368850708
113.329180963 -232.8576212283224 -33.68602179735899 30.00801181793213
113.349237727 -232.90133765898645 -33.666101448237896 30.007859230041504
113.369214282 -232.96691993437707 -33.63620566576719 30.007588386535645
113.389359613 -233.01062110625207 -33.616262428462505 30.007412910461426
113.409216336 -233.07618812285364 -33.586328499019146 30.007149696350098
113.429256281 -233.1199045535177 -33.566328041255474 30.00694751739502
113.449194973 -233.18547157011926 -33.53632163256407 30.006665229797363
113.469190352 -233.2292032595724 -33.516321174800396 30.006482124328613
113.48949094 -233.29477027617395 -33.48633383959532 30.006230354309082
113.510184619 -233.33847144804895 -33.46636771410704 30.006051063537598
113.530184462 -233.40402320586145 -33.43644141405821 30.005745887756348
113.550302869 -233.44772437773645 -33.416494362056255 30.005562782287598
113.570170712 -233.51324561797082 -33.386648170650005 30.005322456359863
113.591728184 -233.55693153105676 -33.3667621538043 30.005188941955566
113.611396393 -233.62245277129114 -33.33694647997618 30.005017280578613
113.631391129 -233.66610816679895 -33.31707190722227 30.00496006011963
113.651380311 -233.73156837187707 -33.28724478930235 30.004902839660645
113.67138044 -233.77519324980676 -33.26734732836485 30.004868507385254
113.692189576 -233.8406076785177 -33.23748206347227 30.004826545715332
113.71137351 -233.8841867800802 -33.21756171435118 30.004815101623535
113.732919598 -233.94950965605676 -33.187665931880474 30.004788398742676
113.752923097 -233.99305824004114 -33.16773413866758 30.004788398742676
113.773169321 -234.05824378691614 -33.13779639452696 30.004822731018066
113.793647237 -234.101670300588 -33.11783026903868 30.004857063293457
113.812945224 -234.1667795535177 -33.08786200731993 30.004929542541504
113.832922279 -234.21017554961145 -33.06788062304258 30.00500202178955
113.852902063 -234.27523902617395 -33.037885658442974 30.00514316558838
113.873748621 -234.3185892459005 -33.01786994189024 30.005249977111816
113.894092844 -234.3836222048849 -32.98779868334532 30.005459785461426
113.914106425 -234.4269571658224 -32.96774481981993 30.005623817443848
113.9340005 -234.49195960722864 -32.93759345263243 30.00601291656494
113.954014011 -234.53529456816614 -32.917470924556255 30.00630283355713
113.974279451 -234.6002970095724 -32.88725470751524 30.00679874420166
113.994471257 -234.64360145293176 -32.86707114428282 30.00718402862549
114.014095409 -234.7085276003927 -32.836809150874615 30.007760047912598
114.034021896 -234.75177100859582 -32.81662177294493 30.008179664611816
114.054007649 -234.81659034453332 -32.78633689135313 30.008809089660645
114.074371318 -234.8597727175802 -32.76614188402891 30.009224891662598
114.094039105 -234.92453101836145 -32.73584174364805 30.009873390197754
114.114098059 -234.9676828738302 -32.71563529223204 30.0103120803833
114.13400921 -235.03239539824426 -32.68531226366758 30.011006355285645
114.154013523 -235.0755167361349 -32.665090553462505 30.01147174835205
114.174503282 -235.14015296660364 -32.63474082201719 30.012173652648926
114.19431407 -235.18319801054895 -32.61449622362852 30.012642860412598
114.215151539 -235.24774268828332 -32.58414267748594 30.01332950592041
114.2350636 -235.2907572146505 -32.56391333788633 30.01377582550049
114.255108964 -235.35522559843957 -32.53359793871641 30.014409065246582
114.27668716 -235.39819434843957 -32.51339911669493 30.014817237854004
114.296604435 -235.4626016970724 -32.483144752681255 30.01542377471924
114.316548221 -235.50553992949426 -32.46298407763243 30.015812873840332
114.336603206 -235.56987098418176 -32.432790748775005 30.016350746154785
114.356706391 -235.6127481814474 -32.41267966479063 30.01669406890869
114.376892368 -235.6770334597677 -32.38253592699766 30.01718235015869
114.396573724 -235.7198801394552 -32.36248587816954 30.017495155334473
114.416546417 -235.78411964140832 -32.332422249019146 30.017945289611816
114.436550255 -235.8269358035177 -32.31240653246641 30.018242835998535
114.457068593 -235.8911447878927 -32.28238105028868 30.018651008605957
114.47674016 -235.933945691213 -32.26236151903868 30.018898963928223
114.496632904 -235.99816993437707 -32.23233222216368 30.019219398498535
114.5165846 -236.0410013552755 -32.21231269091368 30.019413948059082
114.536576822 -236.1052561160177 -32.182268135249615 30.019627571105957
114.556713242 -236.1481027957052 -32.16223715990782 30.01976490020752
114.57665195 -236.2123880740255 -32.13218878954649 30.019959449768066
114.596664755 -236.25526527129114 -32.112165443599224 30.020066261291504
114.616550901 -236.31962684355676 -32.08213233202696 30.020207405090332
114.636534982 -236.36254981718957 -32.062116615474224 30.020215034484863
114.656937929 -236.4269571658224 -32.03209876269102 30.02022647857666
114.676777809 -236.4699259158224 -32.01208304613829 30.02025318145752
114.696571033 -236.5344095584005 -31.982088081538677 30.020333290100098
114.71656025 -236.57740882597864 -31.962102882564068 30.020390510559082
114.736574739 -236.641953503713 -31.932140342891216 30.020493507385254
114.756716651 -236.68499854765832 -31.912189476191998 30.02055835723877
114.776650471 -236.74960426054895 -31.882265083491802 30.02061176300049
114.796586417 -236.79269508086145 -31.862323753535748 30.020630836486816
114.816575045 -236.85734657011926 -31.832414619624615 30.02065372467041
114.836534933 -236.90045264922082 -31.812490455806255 30.020642280578613
114.856707014 -236.9651193972677 -31.782623283565044 30.020615577697754
114.876728824 -237.00824073515832 -31.762712471187115 30.020596504211426
114.896622521 -237.07293800078332 -31.732837669551373 30.020527839660645
114.916547461 -237.11608985625207 -31.712926857173443 30.02047061920166
114.936629543 -237.18084815703332 -31.683074943721294 30.02034091949463
114.956731117 -237.22406104765832 -31.66318701952696 30.02023410797119
114.976705404 -237.2672891970724 -31.64329146593809 30.020150184631348
114.996618733 -237.33216956816614 -31.613418571650982 30.020028114318848
115.016577777 -237.397080456838 -31.583520881831646 30.019898414611816
115.036562758 -237.44036964140832 -31.56357955187559 30.01979160308838
115.056648535 -237.5054026003927 -31.533634178340435 30.019639015197754
115.076647546 -237.54876807890832 -31.51366614550352 30.01954746246338
115.096558797 -237.6138468142599 -31.483739845454693 30.01942539215088
115.116545858 -237.6572580691427 -31.46378707140684 30.01936435699463
115.136617454 -237.72241309843957 -31.433860771358013 30.01928424835205
115.156673782 -237.7659006472677 -31.413923256099224 30.01924991607666
115.176898345 -237.8311319705099 -31.384010307490826 30.01920795440674
115.196582477 -237.87463477812707 -31.364070884883404 30.019185066223145
115.216526926 -237.9398966189474 -31.334157936275005 30.01915454864502
115.236587153 -237.98341468535364 -31.314207069575787 30.01912784576416
115.256638444 -238.04870704375207 -31.284276954829693 30.0191011428833
115.277039644 -238.0922403689474 -31.264318458735943 30.01907444000244
115.296585512 -238.15751746855676 -31.234376899898052 30.01902484893799
115.316542387 -238.20102027617395 -31.214422218501568 30.01863956451416
115.336633959 -238.2661905642599 -31.184534065425396 30.015889167785645
115.35665795 -238.30957130156457 -31.16464614123106 30.0121431350708
115.376674221 -238.37457374297082 -31.134891502559185 30.003334999084473
115.396545908 -238.41784766875207 -31.11511229723692 29.99534320831299
115.416548623 -238.4826517459005 -31.085527412593365 29.980191230773926
115.436695876 -238.5257883425802 -31.065853111445904 29.96827793121338
115.458372863 -238.5903177615255 -31.036441795527935 29.947232246398926
115.478763584 -238.63324073515832 -31.01688765734434 29.931462287902832
115.498607831 -238.6974649783224 -30.987634651362896 29.9054536819458
115.518611966 -238.7401438113302 -30.968191139400005 29.88637638092041
115.538600458 -238.8039408084005 -30.93912696093321 29.856064796447754
115.558730592 -238.846299206838 -30.91982840746641 29.834630012512207
115.578695254 -238.90951636992395 -30.890979759395123 29.800923347473145
115.598586698 -238.95147803984582 -30.871824257075787 29.77767276763916
115.618750098 -239.01400855742395 -30.843225471675396 29.741616249084473
115.638618852 -239.05543616972864 -30.824254982173443 29.71702289581299
115.658862114 -239.11703590117395 -30.795969001948833 29.67906665802002
115.679085692 -239.15776160918176 -30.777244560420513 29.653321266174316
115.698604973 -239.21830848418176 -30.74937628954649 29.61415195465088
115.718645359 -239.25824073515832 -30.730974189937115 29.587594032287598
115.738604818 -239.31756690703332 -30.703618995845318 29.547463417053223
115.758691579 -239.35665992461145 -30.685590736567974 29.520459175109863
115.778916997 -239.41456702910364 -30.65883444994688 29.479710578918457
115.798650688 -239.45272926054895 -30.641183845698833 29.452466011047363
115.818735823 -239.50909522734582 -30.615062706172466 29.41133213043213
115.838592647 -239.5461740847677 -30.59786795824766 29.38389301300049
115.861528694 -239.60099891386926 -30.572412483394146 29.342679023742676
115.882597643 -239.6369943972677 -30.55567740648985 29.31518268585205
115.903931823 -239.69015601836145 -30.530941002070904 29.27392864227295
115.926169991 -239.72486976347864 -30.51474951952696 29.24642276763916
115.947256315 -239.7760782595724 -30.49084471911192 29.20523166656494
115.967262402 -239.8095560427755 -30.475194923579693 29.177821159362793
115.988233425 -239.85876563750207 -30.45217513293028 29.136801719665527
116.010663359 -239.89096168242395 -30.437097541987896 29.10953426361084
116.030447383 -239.9380655642599 -30.414981834590435 29.068713188171387
116.051598533 -239.9687815066427 -30.400531761348248 29.04161548614502
116.071587114 -240.0138712283224 -30.37930106371641 29.001076698303223
116.091704103 -240.04309180937707 -30.365514747798443 28.97413730621338
116.111629495 -240.07186988554895 -30.351930610835552 28.947278022766113
116.131568983 -240.11383155547082 -30.332178108394146 28.90711498260498
116.151628754 -240.15466407500207 -30.31295394152403 28.86708354949951
116.171593192 -240.18116859160364 -30.3004894182086 28.840476036071777
116.192463845 -240.21978858672082 -30.282333366572857 28.800663948059082
116.214378681 -240.24488929472864 -30.27053641527891 28.77418613433838
116.234361875 -240.28129676543176 -30.253517143428326 28.73461627960205
116.255681062 -240.30487159453332 -30.242515556514263 28.708285331726074
116.280922189 -240.3391886111349 -30.22652816027403 28.668885231018066
116.300797693 -240.3612375613302 -30.21626853197813 28.642691612243652
116.320828015 -240.39332679472864 -30.20132827013731 28.603480339050293
116.340846446 -240.41398719511926 -30.191720955073833 28.577378273010254
116.361260084 -240.44386390410364 -30.17779540270567 28.53834056854248
116.381273269 -240.4631662722677 -30.168794624507427 28.512341499328613
116.401942688 -240.4908762332052 -30.155813209712505 28.47331714630127
116.423150343 -240.5088205691427 -30.147401802241802 28.44735050201416
116.445644124 -240.5345774050802 -30.135244362056255 28.408364295959473
116.465547649 -240.55108741484582 -30.127426140010357 28.38235378265381
116.487555351 -240.57489112578332 -30.11612319201231 28.343363761901855
116.507594069 -240.5899973269552 -30.108879081904888 28.317402839660645
116.529822964 -240.61178687773645 -30.09840201586485 28.27853298187256
116.551083544 -240.6256418582052 -30.091705314815044 28.25264835357666
116.571058353 -240.6454630251974 -30.082077018916607 28.21388530731201
116.593013053 -240.65812782011926 -30.075910560786724 28.18806743621826
116.614681358 -240.67608741484582 -30.06709861010313 28.14939022064209
116.6347023 -240.6874857302755 -30.061468116939068 28.12363338470459
116.655724828 -240.70375159941614 -30.05338477343321 28.085036277770996
116.680010523 -240.71395972929895 -30.048250190913677 28.059353828430176
116.699528486 -240.72860816679895 -30.040864937007427 28.020865440368652
116.719491521 -240.73779395781457 -30.036197654902935 27.99520778656006
116.739487166 -240.75085548125207 -30.029529564082623 27.95674419403076
116.760632578 -240.75903419218957 -30.025320045650005 27.93110942840576
116.78189497 -240.77056983672082 -30.019351951777935 27.89267635345459
116.801938745 -240.77780250273645 -30.01558493822813 27.867072105407715
116.821906463 -240.7878733035177 -30.010305397212505 27.82871150970459
116.842220488 -240.7941446658224 -30.00699996203184 27.803166389465332
116.862049679 -240.80291846953332 -30.002355568110943 27.76488208770752
116.882982297 -240.8083048220724 -29.999456398189068 27.73937702178955
116.902914559 -240.815781628713 -29.995370857417583 27.701149940490723
116.924141376 -240.8203440066427 -29.99281882494688 27.675684928894043
116.945060719 -240.82658485136926 -29.98922538012266 27.637505531311035
116.964140788 -240.83038428984582 -29.986991874873638 27.612065315246582
116.985283555 -240.8354807253927 -29.983840934932232 27.573904991149902
117.005185548 -240.8385324832052 -29.981883995234966 27.548470497131348
117.027420162 -240.8425150271505 -29.979124061763287 27.51029872894287
117.048041444 -240.8448038455099 -29.977422706782818 27.48486042022705
117.067957842 -240.8477335330099 -29.975069038569927 27.446721076965332
117.089419872 -240.84930518828332 -29.9735851213336 27.421284675598145
117.109999002 -240.85119727812707 -29.971561424434185 27.383152961730957
117.130393902 -240.85214332304895 -29.97033118456602 27.357766151428223
117.151648958 -240.85311988554895 -29.968626014888287 27.31975269317627
117.171657207 -240.8535013552755 -29.9676036760211 27.294432640075684
117.193493831 -240.8536692019552 -29.966203682124615 27.256508827209473
117.214233358 -240.85351661406457 -29.965389244258404 27.231240272521973
117.235191828 -240.8529367800802 -29.96433448046446 27.193385124206543
117.257252532 -240.8523264285177 -29.963741295039654 27.16816806793213
117.280991752 -240.85107520781457 -29.96301268786192 27.130364418029785
117.301216081 -240.85006812773645 -29.962600700557232 27.105151176452637
117.322989979 -240.8482981082052 -29.962141029536724 27.06736469268799
117.346467913 -240.8469553347677 -29.961925499141216 27.04220485687256
117.366832915 -240.84469703398645 -29.961736671626568 27.004511833190918
117.389078137 -240.84301856718957 -29.961708061397076 26.97940158843994
117.411253081 -240.84033302031457 -29.96175193041563 26.941765785217285
117.431835873 -240.83842567168176 -29.96187400072813 26.9166898727417
117.452828575 -240.83538917265832 -29.962188713252544 26.87910556793213
117.47280564 -240.83329871855676 -29.962474815547466 26.854050636291504
117.494725993 -240.83000282011926 -29.963031761348248 26.81649112701416
117.515219285 -240.82772926054895 -29.963478080928326 26.791529655456543
117.535132833 -240.8241739626974 -29.96426200121641 26.75410556793213
117.555164893 -240.82174781523645 -29.964845649898052 26.729187965393066
117.575481441 -240.81805518828332 -29.965835563838482 26.69184970855713
117.595260287 -240.81549171172082 -29.966575615108013 26.66696834564209
117.61524413 -240.8116770144552 -29.96773337572813 26.629616737365723
117.635170067 -240.80905250273645 -29.968549720942974 26.604731559753418
117.655148021 -240.805039441213 -29.96983527392149 26.567431449890137
117.675335831 -240.80236915312707 -29.970687858760357 26.542580604553223
117.696239084 -240.79823402129114 -29.972043983638287 26.50532054901123
117.71654151 -240.7954416628927 -29.9729690477252 26.480523109436035
117.736135004 -240.79123023711145 -29.974388115108013 26.44333553314209
117.756186507 -240.7883615847677 -29.97538184374571 26.418545722961426
117.777718269 -240.78411964140832 -29.976882927119732 26.381327629089355
117.797580107 -240.78118995390832 -29.97795294970274 26.35653018951416
117.817569471 -240.7768869753927 -29.979551307857037 26.319363594055176
117.837529337 -240.77398780547082 -29.980640403926373 26.29459285736084
117.858932005 -240.76959327422082 -29.98230742663145 26.257454872131348
117.880120804 -240.76672462187707 -29.98337172716856 26.2327241897583
117.900325179 -240.76234534941614 -29.98500632494688 26.195645332336426
117.920062479 -240.7594309207052 -29.98607825487852 26.170950889587402
117.940153149 -240.75506690703332 -29.987672798335552 26.133938789367676
117.961634913 -240.75212196074426 -29.988759987056255 26.109301567077637
117.984009115 -240.74780372343957 -29.990304939448833 26.072421073913574
118.003490044 -240.74493507109582 -29.99134635180235 26.047852516174316
118.024810185 -240.74060157500207 -29.992923729121685 26.01103115081787
118.045953178 -240.7377786990255 -29.993926994502544 25.98652172088623
118.0668929 -240.73344520293176 -29.99551772326231 25.94978427886963
118.09039808 -240.73063758574426 -29.996505729854107 25.925347328186035
118.135154516 -240.72778419218957 -29.99753760546446 25.90091037750244
118.162738914 -240.72364906035364 -29.99895667284727 25.864354133605957
118.188757133 -240.71957496367395 -30.000354759395123 25.82784938812256
118.212787852 -240.71684364043176 -30.00130271166563 25.803513526916504
118.233443832 -240.7128763552755 -30.002647392451763 25.767067909240723
118.25463745 -240.71026710234582 -30.003557197749615 25.742785453796387
118.274626804 -240.70636085234582 -30.0049514696002 25.706374168395996
118.297211377 -240.70387366972864 -30.005844108760357 25.682120323181152
118.318269912 -240.7001505251974 -30.007205955684185 25.645758628845215
118.338248088 -240.6977396365255 -30.00809859484434 25.621535301208496
118.361037266 -240.6942453738302 -30.009429924190044 25.585219383239746
118.383531599 -240.6919260378927 -30.010339729487896 25.56105136871338
118.403067249 -240.68853858672082 -30.01168441027403 25.52483081817627
118.424555039 -240.6863108035177 -30.012609474360943 25.500697135925293
118.447359101 -240.68310645781457 -30.013908378779888 25.4645414352417
118.466717494 -240.68103126250207 -30.014795295894146 25.440436363220215
118.488893116 -240.67797950468957 -30.016159050166607 25.404324531555176
118.50891119 -240.67608741484582 -30.017080299556255 25.38025188446045
118.529465692 -240.67327979765832 -30.018516533076763 25.344130516052246
118.54930619 -240.67147926054895 -30.01949691027403 25.32005023956299
118.570234363 -240.66887000761926 -30.02102278918028 25.283923149108887
118.591965716 -240.6671457644552 -30.02207373827696 25.259831428527832
118.615309748 -240.66468909941614 -30.023658744990826 25.223692893981934
118.635721942 -240.66310218535364 -30.0247325822711 25.199589729309082
118.65685513 -240.66076759062707 -30.02636718004942 25.163416862487793
118.680280125 -240.65927222929895 -30.027467720210552 25.139304161071777
118.700966832 -240.65707496367395 -30.029130928218365 25.103144645690918
118.722073672 -240.65576270781457 -30.0302257463336 25.079062461853027
118.74326618 -240.65382484160364 -30.031877510249615 25.04295825958252
118.766159101 -240.65260413847864 -30.032962791621685 25.01890468597412
118.787273108 -240.65087989531457 -30.03458022326231 24.982840538024902
118.807259493 -240.6497354861349 -30.035669319331646 24.958836555480957
118.830003177 -240.64820960722864 -30.03721808642149 24.92287540435791
118.850762956 -240.64721778593957 -30.038244239985943 24.898905754089355
118.87075615 -240.64576820097864 -30.039783470332623 24.862956047058105
118.891879303 -240.64491370879114 -30.04075240343809 24.83899974822998
118.915121356 -240.64364722929895 -30.042211525142193 24.803114891052246
118.934279732 -240.64283851347864 -30.0431651994586 24.779183387756348
118.955548857 -240.64166358672082 -30.044607155025005 24.74328327178955
118.976835519 -240.64091590605676 -30.04555319994688 24.719347953796387
118.999271303 -240.63989356718957 -30.046960823237896 24.683436393737793
119.020657484 -240.63920692168176 -30.047914497554302 24.65952205657959
119.040544821 -240.63830665312707 -30.049293510615826 24.623635292053223
119.060971371 -240.63774207793176 -30.050189964473248 24.599711418151855
119.082720104 -240.6369181033224 -30.05150794237852 24.56382656097412
119.102270961 -240.6364603396505 -30.0523204728961 24.539904594421387
119.123356718 -240.6357279177755 -30.053524009883404 24.50399875640869
119.143430321 -240.63525489531457 -30.054277412593365 24.48005199432373
119.165104207 -240.63456824980676 -30.05535887926817 24.444153785705566
119.186309423 -240.63409522734582 -30.05607794970274 24.42021656036377
119.206343326 -240.63346961699426 -30.057085029780865 24.38431453704834
119.226287678 -240.6330118533224 -30.057788841426373 24.36036777496338
119.249212428 -240.632432019338 -30.058753959834576 24.32443904876709
119.26904851 -240.63205054961145 -30.059392921626568 24.300463676452637
119.290034624 -240.63148597441614 -30.060335151851177 24.264464378356934
119.314233032 -240.6311807986349 -30.060943596065044 24.240443229675293
119.342327272 -240.63070777617395 -30.06186866015196 24.204394340515137
119.408856292 -240.6304483767599 -30.062477104365826 24.180331230163574
119.436203789 -240.63009742461145 -30.06336211413145 24.144190788269043
119.468741809 -240.6298380251974 -30.063957206904888 24.120078086853027
119.519138386 -240.6295481082052 -30.064775459468365 24.083868980407715
119.542987497 -240.6293497439474 -30.06531523913145 24.05973720550537
119.565171427 -240.6290598269552 -30.06612204760313 24.023499488830566
119.58457797 -240.62890723906457 -30.06666373461485 23.999329566955566
119.605781774 -240.62860206328332 -30.067514412105083 23.963088035583496
119.62671697 -240.62843421660364 -30.06809424608946 23.938897132873535
119.648025502 -240.62817481718957 -30.068986885249615 23.902653694152832
119.66781307 -240.6280069705099 -30.069585792720318 23.878472328186035
119.687797516 -240.6277170535177 -30.07047461718321 23.842198371887207
119.707764416 -240.62750343047082 -30.07107924669981 23.818013191223145
119.727927889 -240.6271829959005 -30.071952812373638 23.781718254089355
119.747892863 -240.62695411406457 -30.072532646358013 23.7575044631958
119.767719917 -240.62658790312707 -30.073400489985943 23.72117519378662
119.787806049 -240.62634376250207 -30.073938362300396 23.696951866149902
119.807831639 -240.62594703398645 -30.07474898546934 23.66062068939209
119.827975356 -240.62567237578332 -30.075271598994732 23.636408805847168
119.855893627 -240.62526038847864 -30.07603644579649 23.600085258483887
119.877894264 -240.6249552126974 -30.076547615230083 23.575865745544434
119.89771036 -240.6244974490255 -30.077272407710552 23.539565086364746
119.917630323 -240.62416175566614 -30.077756874263287 23.515372276306152
119.937668684 -240.62367347441614 -30.07841109484434 23.47910213470459
119.957607222 -240.6233225222677 -30.07883834093809 23.454894065856934
119.977845758 -240.62277320586145 -30.079465858638287 23.418572425842285
119.997710429 -240.62240699492395 -30.079872123897076 23.39436435699463
120.018677447 -240.62184241972864 -30.080495826900005 23.358059883117676
120.03864827 -240.621445691213 -30.08091162890196 23.333857536315918
120.05864279 -240.62086585722864 -30.08154296129942 23.297587394714355
120.078752965 -240.62045386992395 -30.081975929439068 23.273404121398926
120.09869121 -240.6198587771505 -30.0825939103961 23.237175941467285
120.11864908 -240.61943153105676 -30.083000175654888 23.213038444519043
120.138670826 -240.61874488554895 -30.083606712520123 23.176840782165527
120.158585238 -240.61825660429895 -30.08401297777891 23.152716636657715
120.178805476 -240.61749366484582 -30.084627144038677 23.116538047790527
120.199040236 -240.6169748660177 -30.08502196520567 23.09242534637451
120.218652872 -240.61613563261926 -30.08562659472227 23.056248664855957
120.238620652 -240.615586316213 -30.086021415889263 23.03214168548584
120.2586814 -240.6147318240255 -30.086585991084576 22.996054649353027
120.278763037 -240.61413673125207 -30.086967460811138 22.971999168395996
120.299069901 -240.61325172148645 -30.087514869868755 22.93589496612549
120.318644577 -240.612656628713 -30.08787726610899 22.911810874938965
120.338633231 -240.61174110136926 -30.088422767817974 22.875672340393066
120.358624931 -240.61113074980676 -30.08873938769102 22.851555824279785
120.378722472 -240.61019996367395 -30.08920096606016 22.815360069274902
120.398668759 -240.60954383574426 -30.089475624263287 22.79121494293213
120.418673617 -240.60853675566614 -30.089879982173443 22.755003929138184
120.438628037 -240.60783485136926 -30.090112678706646 22.73086452484131
120.458670373 -240.6067667361349 -30.090410225093365 22.69461727142334
120.479321809 -240.6060343142599 -30.09060286730528 22.670458793640137
120.49869396 -240.60492042265832 -30.09078025072813 22.634263038635254
120.518656123 -240.6041574832052 -30.090866081416607 22.610140800476074
120.538693524 -240.60299781523645 -30.090951912105083 22.573967933654785
120.558614397 -240.60223487578332 -30.09092139452696 22.54985523223877
120.578710829 -240.60107520781457 -30.09086226671934 22.513691902160645
120.598706308 -240.6002970095724 -30.090782158076763 22.489611625671387
120.618634102 -240.59913734160364 -30.09062384814024 22.453530311584473
120.638703629 -240.59835914336145 -30.090517036616802 22.42947483062744
120.65863176 -240.5971994753927 -30.09029959887266 22.393486976623535
120.678725167 -240.59640601836145 -30.09017562121153 22.369484901428223
120.699038985 -240.59523109160364 -30.08994483202696 22.33353900909424
120.718628818 -240.59445289336145 -30.08978270739317 22.309582710266113
120.738656336 -240.5932932253927 -30.089521400630474 22.27365016937256
120.758627101 -240.5925608035177 -30.08934973925352 22.249707221984863
120.778716781 -240.59144691191614 -30.089103691279888 22.21378231048584
120.798679391 -240.59071449004114 -30.0889358446002 22.189839363098145
120.818682514 -240.5896311160177 -30.08867835253477 22.153937339782715
120.838644232 -240.58891395293176 -30.08852194994688 22.130000114440918
120.85864388 -240.58781532011926 -30.088239662349224 22.094143867492676
120.878756106 -240.58708289824426 -30.08806037157774 22.07022762298584
120.898676047 -240.58599952422082 -30.087812416255474 22.03435230255127
120.918706913 -240.58529761992395 -30.087644569575787 22.010451316833496
120.93869171 -240.58422950468957 -30.08742331713438 21.974575996398926
120.958644075 -240.5835276003927 -30.087228767573833 21.950737953186035
120.978753552 -240.58244422636926 -30.08696173876524 21.914986610412598
120.998743604 -240.58172706328332 -30.086784355342388 21.89119243621826
121.018623131 -240.58062843047082 -30.086523048579693 21.855544090270996
121.03863408 -240.57988074980676 -30.086366645991802 21.831772804260254
121.058643694 -240.57878211699426 -30.086139671504498 21.796177864074707
121.078767055 -240.57804969511926 -30.086002342402935 21.772448539733887
121.098896442 -240.57692054472864 -30.085821144282818 21.73680019378662
121.11862275 -240.57617286406457 -30.085723869502544 21.71305561065674
121.138645369 -240.5750284548849 -30.08560561388731 21.6774320602417
121.158612331 -240.57426551543176 -30.085546486079693 21.653700828552246
121.178846558 -240.57313636504114 -30.085481636226177 21.618111610412598
121.198710654 -240.57238868437707 -30.08545684069395 21.59437847137451
121.21863144 -240.57129005156457 -30.085445396602154 21.558798789978027
121.238636579 -240.57057288847864 -30.08545684069395 21.535067558288574
121.258772307 -240.56950477324426 -30.085494987666607 21.499484062194824
121.278744785 -240.56881812773645 -30.085542671382427 21.475754737854004
121.298719513 -240.5677805300802 -30.0856399461627 21.440171241760254
121.318633958 -240.5671244021505 -30.085710518062115 21.41645336151123
121.338638226 -240.5661936160177 -30.08582305163145 21.380850791931152
121.358667217 -240.56559852324426 -30.085891716182232 21.35714817047119
121.378682442 -240.5647745486349 -30.08597182482481 21.32157611846924
121.398703569 -240.5642404910177 -30.086034767329693 21.297879219055176
121.418644575 -240.56352332793176 -30.086069099605083 21.262375831604004
121.438649088 -240.56308082304895 -30.08610152453184 21.238686561584473
121.458636504 -240.5624552126974 -30.086170189082623 21.203173637390137
121.478711472 -240.56207374297082 -30.08622931689024 21.179482460021973
121.498731608 -240.5615549441427 -30.08633231371641 21.14391040802002
121.518705159 -240.5612650271505 -30.0863723680377 21.120190620422363
121.538620155 -240.56085303984582 -30.086442939937115 21.084582328796387
121.558629473 -240.5606241580099 -30.08647345751524 21.06086254119873
121.578637641 -240.5603342410177 -30.086492531001568 21.025261878967285
121.598673022 -240.560166394338 -30.08651351183653 21.001521110534668
121.618666485 -240.5600443240255 -30.08646582812071 20.965909004211426
121.638640554 -240.55999854765832 -30.086421959102154 20.942137718200684
121.65864419 -240.55998328886926 -30.08633803576231 20.906407356262207
121.678659019 -240.56002906523645 -30.086233131587505 20.882554054260254
121.69868987 -240.56010535918176 -30.086084358394146 20.84677219390869
121.718641773 -240.56018165312707 -30.085969917476177 20.822909355163574
121.73861755 -240.56031898222864 -30.085803978145123 20.78709125518799
121.758629125 -240.5604563113302 -30.085681907832623 20.763188362121582
121.778590867 -240.56066993437707 -30.085479728877544 20.727328300476074
121.798686305 -240.5608225222677 -30.08535384386778 20.703423500061035
121.818653461 -240.56108192168176 -30.085126869380474 20.667550086975098
121.838612716 -240.56128028593957 -30.084970466792583 20.643628120422363
121.858649023 -240.56158546172082 -30.08473014086485 20.607741355895996
121.87869034 -240.5617990847677 -30.084539406001568 20.583796501159668
121.898866776 -240.56213477812707 -30.08426284044981 20.54788875579834
121.918650623 -240.562363659963 -30.0840587541461 20.523945808410645
121.938623331 -240.5627298709005 -30.083751671016216 20.487996101379395
121.95863733 -240.5629740115255 -30.083562843501568 20.46403980255127
121.978570085 -240.56340125761926 -30.083255760371685 20.428044319152832
121.998763208 -240.5636759158224 -30.083078376948833 20.404051780700684
122.018648489 -240.56413367949426 -30.08279799669981 20.368062019348145
122.038593866 -240.5644388552755 -30.08262061327696 20.34406566619873
122.058638992 -240.56491187773645 -30.082366935908794 20.308083534240723
122.078688721 -240.5652170535177 -30.08219336718321 20.284106254577637
122.098807209 -240.5656595584005 -30.081962577998638 20.248143196105957
122.118710588 -240.56591895781457 -30.08181380480528 20.224156379699707
122.138684673 -240.566269909963 -30.08159064501524 20.188136100769043
122.15860349 -240.56649879179895 -30.081459037959576 20.16413402557373
122.178574028 -240.5667276736349 -30.081239692866802 20.128071784973145
122.198739738 -240.56686500273645 -30.081098549067974 20.104031562805176
122.218634373 -240.56706336699426 -30.08089827746153 20.067973136901855
122.238623635 -240.56710914336145 -30.0807571336627 20.04390239715576
122.258679583 -240.56720069609582 -30.080581657588482 20.007771492004395
122.278616282 -240.5671701785177 -30.080459587275982 19.98366641998291
122.298697999 -240.56707862578332 -30.080310814082623 19.94752597808838
122.318635851 -240.56695655547082 -30.08022879809141 19.923428535461426
122.338620832 -240.5666818972677 -30.080141060054302 19.887276649475098
122.35864301 -240.5664835330099 -30.08010672777891 19.863194465637207
122.378561024 -240.56605628691614 -30.080095283687115 19.827031135559082
122.398740576 -240.5657511111349 -30.08011244982481 19.802922248840332
122.418659496 -240.56527808867395 -30.08018111437559 19.766758918762207
122.438620721 -240.56491187773645 -30.0802745744586 19.742613792419434
122.458642005 -240.56437782011926 -30.08045767992735 19.70638370513916
122.478603855 -240.5639963503927 -30.080610267817974 19.68220043182373
122.498969286 -240.56337074004114 -30.0808849260211 19.64587116241455
122.518728246 -240.56295875273645 -30.08108901232481 19.621634483337402
122.53865729 -240.56227210722864 -30.081451408565044 19.585286140441895
122.558625005 -240.5617990847677 -30.081714622676373 19.56110668182373
122.57859174 -240.56105140410364 -30.082151405513287 19.524849891662598
122.5987744 -240.5605783816427 -30.082464210689068 19.50070858001709
122.618729394 -240.559922253713 -30.0829601213336 19.464537620544434
122.638655532 -240.55951026640832 -30.08328055590391 19.440443992614746
122.658665838 -240.55893043242395 -30.083778373897076 19.40432834625244
122.678598289 -240.5585794802755 -30.084117881953716 19.38025951385498
122.69986655 -240.55807594023645 -30.08462142199278 19.344176292419434
122.719780726 -240.5577707644552 -30.08496093004942 19.3201265335083
122.73977755 -240.55731300078332 -30.085453025996685 19.284052848815918
122.759792359 -240.5570383425802 -30.085771553218365 19.260031700134277
122.779785089 -240.5566721316427 -30.08623694628477 19.22400188446045
122.7999026 -240.55644324980676 -30.086544029414654 19.200003623962402
122.819783249 -240.55616859160364 -30.086992256343365 19.16403293609619
122.839769295 -240.55600074492395 -30.08728789538145 19.140076637268066
122.859787864 -240.55580238066614 -30.08773612231016 19.104193687438965
122.879813874 -240.55571082793176 -30.088035576045513 19.080275535583496
122.899843099 -240.55563453398645 -30.088476173579693 19.044461250305176
122.919768709 -240.5556192751974 -30.088767997920513 19.02059841156006
122.939788245 -240.55568031035364 -30.089168541133404 18.984822273254395
122.959773013 -240.5557413455099 -30.089399330317974 18.96102809906006
122.979778891 -240.55584815703332 -30.089691154658794 18.925332069396973
122.999819417 -240.55592445097864 -30.0897960588336 18.901551246643066
123.019779177 -240.5560617800802 -30.089927665889263 18.865885734558105
123.039746622 -240.55615333281457 -30.089971534907818 18.84212589263916
123.059769671 -240.5563059207052 -30.090017311275005 18.8064603805542
123.079813842 -240.55639747343957 -30.09002112597227 18.782706260681152
123.100105401 -240.55653480254114 -30.09002684801817 18.74709415435791
123.11981475 -240.55661109648645 -30.090032570064068 18.723349571228027
123.139785701 -240.55668739043176 -30.09001349657774 18.687764167785645
123.159753448 -240.556748425588 -30.09000586718321 18.66407871246338
123.179739488 -240.5568399783224 -30.09000014513731 18.628540992736816
123.199832828 -240.55690101347864 -30.090024940669537 18.604880332946777
123.219799534 -240.5570383425802 -30.090072624385357 18.5693941116333
123.239748173 -240.55714515410364 -30.090103141963482 18.545716285705566
123.259858973 -240.5573282595724 -30.090118400752544 18.51018238067627
123.279755965 -240.5574503298849 -30.090118400752544 18.486470222473145
123.299827567 -240.5576486941427 -30.090106956660748 18.450814247131348
123.319837823 -240.55780128203332 -30.090099327266216 18.427021980285645
123.339780519 -240.5580149050802 -30.090085975825787 18.391304969787598
123.359771755 -240.55816749297082 -30.090080253779888 18.3674955368042
123.379704118 -240.55844215117395 -30.090070717036724 18.331746101379395
123.399877852 -240.5586252566427 -30.090063087642193 18.307902336120605
123.419896576 -240.558945691213 -30.09006118029356 18.272133827209473
123.439771613 -240.55917457304895 -30.09006880968809 18.248263359069824
123.459758549 -240.55957130156457 -30.090089790523052 18.212456703186035
123.484391455 -240.55986121855676 -30.090105049312115 18.188578605651855
123.504276728 -240.56034949980676 -30.09014891833067 18.152714729309082
123.524256079 -240.56068519316614 -30.09019088000059 18.128792762756348
123.544268819 -240.5612650271505 -30.090269081294537 18.092896461486816
123.564369066 -240.56169227324426 -30.090375892817974 18.068995475769043
123.584453333 -240.56234840117395 -30.090530388057232 18.03313159942627
123.604259563 -240.5628214236349 -30.09067916125059 18.009228706359863
123.62425476 -240.56353858672082 -30.090913765132427 17.973366737365723
123.644265428 -240.5640421267599 -30.091094963252544 17.94944477081299
123.664346236 -240.564805066213 -30.091405861079693 17.91360569000244
123.684318543 -240.56532386504114 -30.091619484126568 17.889708518981934
123.704245879 -240.56608680449426 -30.091962806880474 17.853854179382324
123.724234424 -240.56657508574426 -30.092206947505474 17.829947471618652
123.744226617 -240.5672922488302 -30.092596046626568 17.794081687927246
123.764332995 -240.567734753713 -30.092866890132427 17.77017116546631
123.784284296 -240.56842139922082 -30.093286506831646 17.73429012298584
123.804255424 -240.56889442168176 -30.09358786791563 17.710352897644043
123.824253856 -240.5696115847677 -30.094085685908794 17.67443561553955
123.84423567 -240.5700998660177 -30.094425193965435 17.650485038757324
123.864336358 -240.5708322878927 -30.094980232417583 17.614623069763184
123.884280614 -240.5713205691427 -30.09535788744688 17.590704917907715
123.904260072 -240.57203773222864 -30.09595488756895 17.55484676361084
123.924241923 -240.57252601347864 -30.09635543078184 17.5309419631958
123.944260872 -240.57325843535364 -30.09695815294981 17.495068550109863
123.964422372 -240.57373145781457 -30.09737776964903 17.471095085144043
123.984355251 -240.57446387968957 -30.098012916743755 17.435128211975098
124.004256562 -240.57496741972864 -30.098455421626568 17.41114902496338
124.024259698 -240.5757151003927 -30.099140159785748 17.37517261505127
124.044228678 -240.57621864043176 -30.099594108760357 17.351181983947754
124.064342464 -240.57695106230676 -30.100273124873638 17.31527614593506
124.084322129 -240.5774240847677 -30.10071562975645 17.29133892059326
124.104243084 -240.5781107302755 -30.101364128291607 17.255412101745605
124.1242258 -240.5785684939474 -30.101795189082623 17.231450080871582
124.144292343 -240.57923988066614 -30.10244368761778 17.195500373840332
124.164298823 -240.57968238554895 -30.10288428515196 17.171542167663574
124.184251611 -240.58036903105676 -30.10354232043028 17.135605812072754
124.204270814 -240.5808420535177 -30.103996269404888 17.11167049407959
124.224254249 -240.58160499297082 -30.104650489985943 17.075770378112793
124.244217828 -240.58212379179895 -30.10507010668516 17.051831245422363
124.264289302 -240.5829935427755 -30.105701439082623 17.015944480895996
124.284299964 -240.583603894338 -30.106136314570904 16.99202060699463
124.304249226 -240.58453468047082 -30.106803886592388 16.956130027770996
124.324247347 -240.5851908084005 -30.10729979723692 16.93221378326416
124.34423107 -240.5861673709005 -30.10803984850645 16.89634609222412
124.364279919 -240.5868234988302 -30.10854148119688 16.87243366241455
124.384452501 -240.58783057890832 -30.10927962511778 16.83657932281494
124.404241598 -240.58850196562707 -30.109779350459576 16.81270694732666
124.424227159 -240.58952430449426 -30.11050795763731 16.77694034576416
124.444229509 -240.590195691213 -30.11097525805235 16.753098487854004
124.464298845 -240.59123328886926 -30.111635200679302 16.71737766265869
124.484492408 -240.59191993437707 -30.112052910029888 16.693551063537598
124.50432401 -240.5929270144552 -30.112640373408794 16.65780735015869
124.524219085 -240.5935831423849 -30.113027565181255 16.633978843688965
124.54423775 -240.5945597048849 -30.11357306689024 16.598225593566895
124.564259278 -240.59521583281457 -30.113906852900982 16.574381828308105
124.584391547 -240.5961771365255 -30.114355079829693 16.5386323928833
124.604287141 -240.59680274687707 -30.114627830684185 16.514811515808105
124.624212933 -240.59767249785364 -30.11501883715391 16.479151725769043
124.644232033 -240.598252331838 -30.115259163081646 16.45535945892334
124.664242999 -240.59904578886926 -30.11556815356016 16.41982364654541
124.68439016 -240.5995645876974 -30.11576270312071 16.39613437652588
124.704252473 -240.60031226836145 -30.116033546626568 16.36061382293701
124.724226621 -240.60075477324426 -30.11623954027891 16.33695888519287
124.744229538 -240.60141090117395 -30.116538994014263 16.301459312438965
124.76429806 -240.60180762968957 -30.11674689501524 16.277819633483887
124.784404211 -240.60235694609582 -30.117057792842388 16.24233341217041
124.804241956 -240.60272315703332 -30.117252342402935 16.218640327453613
124.82421744 -240.60324195586145 -30.11758231371641 16.1830472946167
124.84423314 -240.6035471316427 -30.117803566157818 16.159302711486816
124.864248238 -240.60400489531457 -30.11813735216856 16.12370777130127
124.884320099 -240.60424903593957 -30.118366234004498 16.099963188171387
124.904256572 -240.60461524687707 -30.11868666857481 16.064332008361816
124.924227719 -240.60482886992395 -30.118885032832623 16.040589332580566
124.944260106 -240.60511878691614 -30.119146339595318 16.00493335723877
124.964237039 -240.60527137480676 -30.119298927485943 15.981095314025879
124.984609464 -240.60546973906457 -30.119489662349224 15.945311546325684
125.004271414 -240.60560706816614 -30.119592659175396 15.921448707580566
125.024227532 -240.6057443972677 -30.119695656001568 15.88564395904541
125.044217414 -240.605820691213 -30.11974524706602 15.861769676208496
125.064219698 -240.6059122439474 -30.119783394038677 15.825982093811035
125.08434821 -240.60595802031457 -30.11978530138731 15.802111625671387
125.104288915 -240.6060343142599 -30.11976432055235 15.766264915466309
125.124218513 -240.60608009062707 -30.11973189562559 15.742352485656738
125.144239338 -240.60612586699426 -30.119678489863873 15.706463813781738
125.164222014 -240.60617164336145 -30.119632713496685 15.68256664276123
125.184329694 -240.6061869021505 -30.119539253413677 15.646719932556152
125.204262024 -240.60621741972864 -30.1194591447711 15.622838020324707
125.224244464 -240.60617164336145 -30.11930464953184 15.587079048156738
125.244279511 -240.60614112578332 -30.11916922777891 15.563239097595215
125.264358838 -240.60604957304895 -30.118919365108013 15.527544975280762
125.284390001 -240.60595802031457 -30.118711464107037 15.50373363494873
125.304306507 -240.605820691213 -30.11837577074766 15.467988014221191
125.324235667 -240.60572913847864 -30.11813163012266 15.444146156311035
125.344280871 -240.605576550588 -30.117712013423443 15.408360481262207
125.364263851 -240.60546973906457 -30.117408744990826 15.384469032287598
125.3844735 -240.6052561160177 -30.116846077144146 15.34862232208252
125.405243723 -240.60510352812707 -30.11642836779356 15.324700355529785
125.425278162 -240.60485938750207 -30.11573600023985 15.288786888122559
125.445220369 -240.60467628203332 -30.115240089595318 15.26484203338623
125.465360057 -240.60437110625207 -30.114452354609966 15.228913307189941
125.485458546 -240.60412696562707 -30.11387061327696 15.204972267150879
125.50643857 -240.60373023711145 -30.112974159419537 15.169081687927246
125.52638433 -240.6034250613302 -30.112354271113873 15.145163536071777
125.546383366 -240.60292152129114 -30.11143111437559 15.10929012298584
125.56655917 -240.60258582793176 -30.11081313341856 15.0853853225708
125.586489718 -240.60202125273645 -30.10989760607481 15.049542427062988
125.606418227 -240.60165504179895 -30.10930060595274 15.025654792785645
125.626395684 -240.6011057253927 -30.108421318233013 14.98983097076416
125.646369198 -240.60072425566614 -30.107858650386333 14.965950965881348
125.666474044 -240.60019019804895 -30.10703467577696 14.930119514465332
125.686461898 -240.59985450468957 -30.106512062251568 14.906237602233887
125.70639438 -240.59936622343957 -30.105749122798443 14.870390892028809
125.726394399 -240.59906104765832 -30.10527228564024 14.846487998962402
125.746408399 -240.5986185427755 -30.10459326952696 14.810633659362793
125.768080905 -240.59832862578332 -30.10414694994688 14.786749839782715
125.787756738 -240.59791663847864 -30.103498451411724 14.750903129577637
125.807783714 -240.59765723906457 -30.103080742061138 14.726994514465332
125.827826074 -240.59729102812707 -30.102476112544537 14.691115379333496
125.847782374 -240.59706214629114 -30.102104179561138 14.667216300964355
125.868037101 -240.5967569705099 -30.101545326411724 14.631369590759277
125.887879525 -240.59657386504114 -30.10118293017149 14.607474327087402
125.907809653 -240.59636024199426 -30.10066794604063 14.571637153625488
125.927811836 -240.5962686892599 -30.100330345332623 14.547741889953613
125.947783454 -240.59613136015832 -30.099864952266216 14.511918067932129
125.967959183 -240.59608558379114 -30.099554054439068 14.488041877746582
125.987832066 -240.59600928984582 -30.099132530391216 14.452237129211426
126.007833468 -240.5959787722677 -30.098861686885357 14.42835521697998
126.02779929 -240.5959787722677 -30.098472587764263 14.3925142288208
126.047774575 -240.59599403105676 -30.09823226183653 14.368599891662598
126.067940945 -240.596055066213 -30.09786795824766 14.332737922668457
126.087824054 -240.59613136015832 -30.097625724971294 14.308817863464355
126.107806583 -240.5962686892599 -30.09725569933653 14.272929191589355
126.12782089 -240.5963907595724 -30.09700583666563 14.24899959564209
126.147779517 -240.59661964140832 -30.096635811030865 14.213103294372559
126.167883802 -240.596787488088 -30.096384041011333 14.189154624938965
126.187837488 -240.59706214629114 -30.095991127192974 14.153223991394043
126.207813 -240.59726051054895 -30.095695488154888 14.12926197052002
126.227799514 -240.5976114626974 -30.09525489062071 14.09329891204834
126.247786876 -240.59784034453332 -30.09493064135313 14.06933879852295
126.267945054 -240.5982218142599 -30.094436638057232 14.033398628234863
126.287834099 -240.59851173125207 -30.094091407954693 14.009446144104004
126.307791776 -240.59896949492395 -30.093557350337505 13.973526954650879
126.327798853 -240.59928992949426 -30.093198768794537 13.94958209991455
126.347788985 -240.5998087283224 -30.09261130541563 13.913697242736816
126.367994543 -240.6001749392599 -30.09218978136778 13.88974666595459
126.38900877 -240.6007395144552 -30.09151839464903 13.85384464263916
126.409034509 -240.60112098418176 -30.090991966426373 13.829964637756348
126.42904217 -240.60168555937707 -30.090181343257427 13.794144630432129
126.449107857 -240.60206702910364 -30.089605323970318 13.770276069641113
126.469110991 -240.60260108672082 -30.088682167232037 13.73447322845459
126.489061028 -240.60296729765832 -30.08805274218321 13.71059513092041
126.509031599 -240.6034708376974 -30.087045662105083 13.67479419708252
126.529082435 -240.6037912722677 -30.08636473864317 13.650923728942871
126.549061042 -240.60417274199426 -30.085250847041607 13.615117073059082
126.569331318 -240.60438636504114 -30.084495536983013 13.591240882873535
126.589033611 -240.6046915408224 -30.083351127803326 13.555413246154785
126.609066384 -240.604844128713 -30.082538597285748 13.531514167785645
126.629056884 -240.60504249297082 -30.081329338252544 13.495640754699707
126.649043567 -240.60516456328332 -30.0805129930377 13.47173023223877
126.669106654 -240.60528663359582 -30.079273216426373 13.43587589263916
126.68912722 -240.60536292754114 -30.078454963862896 13.411969184875488
126.709039117 -240.60539344511926 -30.07723044604063 13.376143455505371
126.729027654 -240.6054239626974 -30.07644461840391 13.352267265319824
126.749211038 -240.60543922148645 -30.075302116572857 13.316460609436035
126.769317875 -240.60543922148645 -30.074560157954693 13.292590141296387
126.789014555 -240.60543922148645 -30.073476783931255 13.256781578063965
126.809022828 -240.60539344511926 -30.072769157588482 13.232918739318848
126.829079119 -240.60531715117395 -30.07174491137266 13.197115898132324
126.849007804 -240.60527137480676 -30.07108496874571 13.173239707946777
126.869313459 -240.60519508086145 -30.070114128291607 13.137452125549316
126.889059204 -240.60514930449426 -30.069477073848248 13.113581657409668
126.909037144 -240.6050577517599 -30.068534843623638 13.077719688415527
126.929045412 -240.6050119753927 -30.067922584712505 13.053791999816895
126.949017209 -240.6049661990255 -30.06702422350645 13.017876625061035
126.969087285 -240.60490516386926 -30.066425316035748 12.993880271911621
126.98901653 -240.60482886992395 -30.065540306270123 12.957869529724121
127.009048796 -240.60478309355676 -30.064956657588482 12.933856010437012
127.029027967 -240.6047220584005 -30.064077369868755 12.897845268249512
127.049064612 -240.6046915408224 -30.06347083300352 12.873826026916504
127.069133164 -240.60466102324426 -30.06252097338438 12.837809562683105
127.089062231 -240.6046457644552 -30.06188964098692 12.813786506652832
127.109010527 -240.60458472929895 -30.060802452266216 12.777703285217285
127.129081608 -240.60453895293176 -30.060060493648052 12.75363826751709
127.149052794 -240.60449317656457 -30.05892562121153 12.717545509338379
127.16947573 -240.6044474001974 -30.05811881273985 12.693451881408691
127.189053354 -240.60441688261926 -30.056930534541607 12.65731143951416
127.209020065 -240.6044016238302 -30.056137077510357 12.633194923400879
127.229030188 -240.6044016238302 -30.054956428706646 12.596972465515137
127.249019989 -240.60441688261926 -30.054189674556255 12.572827339172363
127.269460071 -240.60441688261926 -30.0530528947711 12.5365629196167
127.289086769 -240.6044474001974 -30.05233382433653 12.512394905090332
127.309048044 -240.60450843535364 -30.051288597285748 12.4761323928833
127.329021007 -240.60453895293176 -30.050622932612896 12.451956748962402
127.34901429 -240.60461524687707 -30.04967688769102 12.415701866149902
127.36935658 -240.60463050566614 -30.049068443477154 12.391467094421387
127.389054531 -240.6046457644552 -30.04820441454649 12.355128288269043
127.409006525 -240.6046457644552 -30.04766272753477 12.330924034118652
127.429036348 -240.604599988088 -30.046897880733013 12.294644355773926
127.449068058 -240.6045694705099 -30.046417228877544 12.270459175109863
127.469252391 -240.6044474001974 -30.045726768672466 12.234082221984863
127.489053115 -240.604355847463 -30.045291893184185 12.209839820861816
127.509024363 -240.60421851836145 -30.044675819575787 12.173491477966309
127.529155795 -240.60406593047082 -30.044256202876568 12.149250984191895
127.549022207 -240.60389808379114 -30.04367446154356 12.112906455993652
127.569321872 -240.60376075468957 -30.043325416743755 12.088667869567871
127.58900979 -240.60357764922082 -30.042863838374615 12.052332878112793
127.609016723 -240.60348609648645 -30.042604438960552 12.028136253356934
127.629041029 -240.6033487673849 -30.042282097041607 11.991869926452637
127.649047847 -240.60328773222864 -30.042104713618755 11.967700004577637
127.669178513 -240.60321143828332 -30.04189681261778 11.931378364562988
127.689110439 -240.6031809207052 -30.041778557002544 11.90717601776123
127.709021392 -240.60316566191614 -30.041641227900982 11.870894432067871
127.729051927 -240.603135144338 -30.041587822139263 11.846732139587402
127.749028228 -240.60315040312707 -30.041555397212505 11.810502052307129
127.769270972 -240.6031809207052 -30.041570656001568 11.786330223083496
127.789022291 -240.60321143828332 -30.04165457934141 11.750100135803223
127.809015581 -240.60324195586145 -30.041744224727154 11.725966453552246
127.829043965 -240.60327247343957 -30.04191016405821 11.689803123474121
127.849082169 -240.6033029910177 -30.042045585811138 11.665709495544434
127.869199771 -240.60333350859582 -30.042247764766216 11.629647254943848
127.889059871 -240.60339454375207 -30.042381279170513 11.605605125427246
127.909017925 -240.6035013552755 -30.04258918017149 11.569527626037598
127.929040289 -240.60360816679895 -30.042701713740826 11.54546070098877
127.949036818 -240.60380653105676 -30.04288100451231 11.50934886932373
127.969279065 -240.6039591189474 -30.042991630733013 11.48525333404541
127.989040052 -240.60421851836145 -30.04313849657774 11.449080467224121
128.009022537 -240.60441688261926 -30.04324149340391 11.424946784973145
128.029034073 -240.60475257597864 -30.043319694697857 11.38869571685791
128.049246096 -240.6050119753927 -30.04336928576231 11.36452579498291
128.069153565 -240.60540870390832 -30.04343604296446 11.328213691711426
128.089112574 -240.6056986209005 -30.04345702379942 11.304003715515137
128.109019266 -240.60617164336145 -30.043455116450787 11.26767635345459
128.129124693 -240.60650733672082 -30.0434093400836 11.24345874786377
128.149004216 -240.60705665312707 -30.043344490230083 11.207158088684082
128.169476854 -240.6074533816427 -30.0432815477252 11.18299388885498
128.189048056 -240.60809425078332 -30.043174736201763 11.146780967712402
128.209021654 -240.60853675566614 -30.043115608394146 11.122654914855957
128.229069414 -240.60926917754114 -30.04300307482481 11.086512565612793
128.249036885 -240.6097727175802 -30.04294776171446 11.062422752380371
128.269202635 -240.61056617461145 -30.042900077998638 11.02628231048584
128.289080421 -240.6111154910177 -30.042892448604107 11.002205848693848
128.309012146 -240.61195472441614 -30.042900077998638 10.966134071350098
128.32908379 -240.61251929961145 -30.042911522090435 10.942112922668457
128.349059545 -240.61337379179895 -30.04294966906309 10.906102180480957
128.3693068 -240.61393836699426 -30.042974464595318 10.882113456726074
128.389110495 -240.61476234160364 -30.04300879687071 10.84618091583252
128.409016517 -240.61529639922082 -30.043045036494732 10.82225513458252
128.42904143 -240.616074597463 -30.04308509081602 10.786412239074707
128.449021276 -240.61657813750207 -30.043127052485943 10.762520790100098
128.469122783 -240.61732581816614 -30.04321288317442 10.726689338684082
128.489082675 -240.61779884062707 -30.043272010982037 10.702811241149902
128.509027624 -240.618516003713 -30.04338263720274 10.667010307312012
128.529077402 -240.61898902617395 -30.043462745845318 10.643155097961426
128.54902342 -240.6197061892599 -30.04358672350645 10.60737133026123
128.569252511 -240.6201944705099 -30.043678276240826 10.5835599899292
128.589030653 -240.62089637480676 -30.04380988329649 10.547837257385254
128.609046394 -240.6213693972677 -30.043916694819927 10.524001121520996
128.629044281 -240.62204078398645 -30.044057838618755 10.488188743591309
128.649085589 -240.62248328886926 -30.04415511339903 10.464299201965332
128.669253579 -240.62310889922082 -30.04430579394102 10.428431510925293
128.68965745 -240.6235208865255 -30.044404976069927 10.404511451721191
128.709096109 -240.6241007205099 -30.04456328600645 10.36864185333252
128.729078194 -240.62448219023645 -30.04466437548399 10.34473705291748
128.749025326 -240.62501624785364 -30.044816963374615 10.308882713317871
128.769232133 -240.625351941213 -30.044925682246685 10.285033226013184
128.789065115 -240.6258097048849 -30.045103065669537 10.24926471710205
128.809014084 -240.62611488066614 -30.0452346727252 10.225411415100098
128.829058166 -240.62655738554895 -30.04545211046934 10.189618110656738
128.849030457 -240.62683204375207 -30.045616142451763 10.165745735168457
128.869185046 -240.62724403105676 -30.045883171260357 10.129929542541504
128.889102 -240.62753394804895 -30.04606055468321 10.106047630310059
128.909030519 -240.62797645293176 -30.046329490840435 10.070206642150879
128.929049891 -240.62829688750207 -30.046497337520123 10.046292304992676
128.949013036 -240.62880042754114 -30.046728126704693 10.010397911071777
128.9693745 -240.6291361209005 -30.046884529292583 9.98646068572998
128.989094549 -240.6297159548849 -30.04709243029356 9.950541496276855
129.009014319 -240.6301126834005 -30.047229759395123 9.926573753356934
129.029103799 -240.630723034963 -30.047443382441998 9.890589714050293
129.049028576 -240.6311350222677 -30.047569267451763 9.866589546203613
129.069226519 -240.63177589140832 -30.04775809496641 9.830580711364746
129.089315536 -240.63221839629114 -30.047876350581646 9.806563377380371
129.109064856 -240.63293555937707 -30.048038475215435 9.770520210266113
129.129173509 -240.63342384062707 -30.04814337939024 9.746487617492676
129.149016559 -240.63420203886926 -30.048297874629498 9.710434913635254
129.169248996 -240.6347208376974 -30.048406593501568 9.686406135559082
129.189115231 -240.63551429472864 -30.048542015254498 9.6503324508667
129.209088687 -240.63604835234582 -30.04863166064024 9.62627124786377
129.229069532 -240.63684180937707 -30.048768989741802 9.590161323547363
129.249050573 -240.63739112578332 -30.04883574694395 9.56607723236084
129.269280823 -240.63823035918176 -30.048927299678326 9.529908180236816
129.28911724 -240.638779675588 -30.048965446650982 9.505793571472168
129.309104758 -240.63964942656457 -30.04903792589903 9.46960163116455
129.329031197 -240.64022926054895 -30.04909323900938 9.44547176361084
129.349031116 -240.6411447878927 -30.049177162349224 9.409285545349121
129.369234676 -240.6417551394552 -30.049240104854107 9.385157585144043
129.389062758 -240.64264014922082 -30.049348823726177 9.348973274230957
129.409036017 -240.64323524199426 -30.049448005855083 9.324868202209473
129.429048593 -240.6441202517599 -30.049636833369732 9.288737297058105
129.449015225 -240.64470008574426 -30.049797050654888 9.264670372009277
129.46917535 -240.64556983672082 -30.050054542720318 9.228560447692871
129.489086596 -240.64611915312707 -30.050237648189068 9.204482078552246
129.509032215 -240.6469583865255 -30.050506584346294 9.168339729309082
129.529055922 -240.64752296172082 -30.050689689815044 9.144240379333496
129.549025286 -240.6483469363302 -30.05095862597227 9.108077049255371
129.569190481 -240.6488809939474 -30.05114745348692 9.083937644958496
129.589274813 -240.64965919218957 -30.051450721919537 9.047728538513184
129.60915713 -240.6501779910177 -30.051700584590435 9.023594856262207
129.629111406 -240.6509561892599 -30.052093498408794 8.987414360046387
129.649135371 -240.651474988088 -30.052371971309185 8.963299751281738
129.669211137 -240.6522531863302 -30.05282973498106 8.927090644836426
129.689413348 -240.65277198515832 -30.053171150386333 8.90295124053955
129.70907076 -240.65353492461145 -30.053712837398052 8.866766929626465
129.729147174 -240.65405372343957 -30.054088585078716 8.842652320861816
129.749054641 -240.6547708865255 -30.05472945421934 8.806483268737793
129.769372591 -240.65524390898645 -30.055173866450787 8.782382011413574
129.78926766 -240.65593055449426 -30.0558605119586 8.746237754821777
129.809099472 -240.65637305937707 -30.056358329951763 8.722174644470215
129.829055881 -240.6570139285177 -30.057117454707623 8.686108589172363
129.849032216 -240.65741065703332 -30.05764388293028 8.662077903747559
129.869253706 -240.6579904910177 -30.058448784053326 8.625988960266113
129.889102582 -240.65837196074426 -30.05898856371641 8.60193920135498
129.909067633 -240.6588907595724 -30.059783928096294 8.5658540725708
129.929084917 -240.65922645293176 -30.060308448970318 8.541783332824707
129.949020795 -240.65971473418176 -30.06109046190977 8.505711555480957
129.969106501 -240.66003516875207 -30.061599723994732 8.481682777404785
129.989051927 -240.6604776736349 -30.062341682612896 8.445649147033691
130.009060471 -240.66076759062707 -30.062803260982037 8.421631813049316
130.029052301 -240.66119483672082 -30.063472740352154 8.385607719421387
130.049054744 -240.66146949492395 -30.06388472765684 8.361599922180176
130.069083401 -240.66188148222864 -30.06446646898985 8.325575828552246
130.08917469 -240.6621408816427 -30.06484603136778 8.301566123962402
130.109059785 -240.66256812773645 -30.065383903682232 8.26550579071045
130.129047512 -240.66285804472864 -30.065723411738873 8.241438865661621
130.14903132 -240.66330054961145 -30.066213600337505 8.205327033996582
130.169162728 -240.66363624297082 -30.066520683467388 8.181235313415527
130.189057763 -240.6640940066427 -30.066978447139263 8.145108222961426
130.209045315 -240.66436866484582 -30.067251197993755 8.1210298538208
130.22905605 -240.6647806521505 -30.06765364855528 8.08493709564209
130.249043395 -240.6650247927755 -30.067903511226177 8.060868263244629
130.269110305 -240.6653604861349 -30.068248741328716 8.024765968322754
130.289114846 -240.66557410918176 -30.068473808467388 8.000705242156982
130.309093223 -240.66589454375207 -30.068756096065044 7.964597225189209
130.329016665 -240.666123425588 -30.0689163133502 7.940515995025635
130.349079257 -240.66644386015832 -30.069114677608013 7.904373645782471
130.369066366 -240.66668800078332 -30.069204322993755 7.8802008628845215
130.389073445 -240.6670694705099 -30.069328300654888 7.843931674957275
130.409079948 -240.66732886992395 -30.069395057857037 7.819700717926025
130.429047347 -240.6677561160177 -30.06948470324278 7.783274173736572
130.449097851 -240.6680460330099 -30.069541923701763 7.758986949920654
130.469037052 -240.66851905547082 -30.069591514766216 7.722634792327881
130.489256006 -240.66882423125207 -30.069610588252544 7.698390483856201
130.509057087 -240.66937354765832 -30.069595329463482 7.661988735198975
130.528999537 -240.66973975859582 -30.06955908983946 7.637722492218018
130.549171529 -240.6703195925802 -30.069469444453716 7.60131311416626
130.569039426 -240.6707315798849 -30.069366447627544 7.576993465423584
130.589086228 -240.6713419314474 -30.069211952388287 7.540523052215576
130.609056569 -240.671738659963 -30.069097511470318 7.5162034034729
130.629008713 -240.6723184939474 -30.0689163133502 7.479709148406982
130.649022027 -240.6726847048849 -30.068801872432232 7.455382823944092
130.669020588 -240.67321876250207 -30.06864546984434 7.418835163116455
130.689138964 -240.6735391970724 -30.068546287715435 7.394459247589111
130.709055349 -240.67396644316614 -30.06840132921934 7.357873439788818
130.72902827 -240.6742258425802 -30.068302147090435 7.333475589752197
130.749058508 -240.67453101836145 -30.068151466548443 7.296871662139893
130.769023844 -240.67468360625207 -30.06801985949278 7.272457599639893
130.789035933 -240.67485145293176 -30.0678234025836 7.2358622550964355
130.809061925 -240.67494300566614 -30.06768225878477 7.211450099945068
130.829038397 -240.67498878203332 -30.0674514696002 7.17482328414917
130.849059378 -240.6750040408224 -30.067296974360943 7.150426387786865
130.869014198 -240.67494300566614 -30.067068092525005 7.113830089569092
130.889200707 -240.67486671172082 -30.06692313402891 7.089471340179443
130.909066082 -240.6747141238302 -30.066715233027935 7.052978038787842
130.929019269 -240.67460731230676 -30.06656836718321 7.028687953948975
130.949039311 -240.67443946562707 -30.066360466182232 6.992294788360596
130.969032191 -240.6743021365255 -30.0662364885211 6.968085765838623
130.989059534 -240.67408851347864 -30.06606673449278 6.9318013191223145
131.00906297 -240.673935925588 -30.065967552363873 6.907647609710693
131.029014407 -240.67363074980676 -30.065828315913677 6.871487140655518
131.049046855 -240.6734171267599 -30.0657424852252 6.847402095794678
131.069015885 -240.67303565703332 -30.06559943407774 6.8113932609558105
131.089148809 -240.67277625761926 -30.065509788691998 6.787415981292725
131.109077221 -240.6723490115255 -30.065385811030865 6.751497745513916
131.129044461 -240.6720285769552 -30.06530188769102 6.727575778961182
131.149050473 -240.67155555449426 -30.065183632075787 6.6917033195495605
131.169102363 -240.6712198611349 -30.065099708735943 6.667747974395752
131.189364226 -240.67070106230676 -30.064979545772076 6.631820201873779
131.20908304 -240.6703653689474 -30.06490706652403 6.607872486114502
131.229014594 -240.66984657011926 -30.064825050532818 6.571970462799072
131.249039383 -240.66949561797082 -30.064775459468365 6.548034191131592
131.269104631 -240.66896156035364 -30.064743034541607 6.512119770050049
131.289125142 -240.6686106082052 -30.064743034541607 6.488168239593506
131.309053293 -240.66809180937707 -30.0647716447711 6.452210903167725
131.329021977 -240.66777137480676 -30.064834587275982 6.428219318389893
131.349034367 -240.66729835234582 -30.064958564937115 6.392225742340088
131.369031675 -240.66699317656457 -30.065067283809185 6.36820650100708
131.389257212 -240.6665354128927 -30.0652599260211 6.332189083099365
131.409056038 -240.66623023711145 -30.06539725512266 6.308182239532471
131.4290194 -240.66577247343957 -30.06563376635313 6.272166728973389
131.449042269 -240.66545203886926 -30.065778724849224 6.2481560707092285
131.469019161 -240.66496375761926 -30.065982811152935 6.212109088897705
131.489275698 -240.6646280642599 -30.0661086961627 6.188079357147217
131.509090598 -240.6641397830099 -30.06629180163145 6.152003765106201
131.529023912 -240.66378883086145 -30.066402427852154 6.1279730796813965
131.549035417 -240.66327003203332 -30.06655501574278 6.091942310333252
131.569012445 -240.6629190798849 -30.066642753779888 6.067945957183838
131.589094405 -240.6623850222677 -30.06674575060606 6.031962871551514
131.609080666 -240.6620188113302 -30.06680678576231 6.007978916168213
131.629068805 -240.6614542361349 -30.066884987056255 5.972012042999268
131.649016583 -240.66107276640832 -30.06692885607481 5.948034763336182
131.669017603 -240.66049293242395 -30.06698416918516 5.912088871002197
131.689185703 -240.66009620390832 -30.066999427974224 5.8881402015686035
131.709083781 -240.6595011111349 -30.067022316157818 5.852238178253174
131.729019052 -240.6590891238302 -30.067035667598248 5.828311443328857
131.749045324 -240.6584787722677 -30.067039482295513 5.7924370765686035
131.769015646 -240.65808204375207 -30.067041389644146 5.768518924713135
131.789115172 -240.65748695097864 -30.066987983882427 5.732663631439209
131.809085825 -240.65710548125207 -30.06693457812071 5.708759784698486
131.829014719 -240.6565256472677 -30.066749565303326 5.67289400100708
131.84908988 -240.65614417754114 -30.066598884761333 5.648977756500244
131.869021234 -240.6555948611349 -30.066335670650005 5.613047122955322
131.889280146 -240.65521339140832 -30.066116325557232 5.589099407196045
131.909072057 -240.65466407500207 -30.06577681750059 5.553170680999756
131.929024787 -240.65429786406457 -30.06552504748106 5.529208660125732
131.94908492 -240.6537638064474 -30.065114967525005 5.493223667144775
131.969012669 -240.653428113088 -30.064834587275982 5.469218730926514
131.989122011 -240.65297034941614 -30.0643997117877 5.433152675628662
132.00906659 -240.652695691213 -30.064144127070904 5.4090752601623535
132.028996 -240.65231422148645 -30.06380843371153 5.372915744781494
132.049106782 -240.6520853396505 -30.063608162105083 5.348794937133789
132.069064796 -240.65178016386926 -30.063339225947857 5.312579154968262
132.08921197 -240.65162757597864 -30.063177101314068 5.28839635848999
132.109047849 -240.65141395293176 -30.062957756221294 5.252141952514648
132.129029502 -240.65130714140832 -30.062835685908794 5.22797155380249
132.14909797 -240.65113929472864 -30.062686912715435 5.191723823547363
132.16901492 -240.65104774199426 -30.06260108202696 5.167544841766357
132.189162147 -240.65092567168176 -30.062505714595318 5.131277084350586
132.209090376 -240.65087989531457 -30.062450401484966 5.107122421264648
132.229011257 -240.65081886015832 -30.062381736934185 5.070926189422607
132.249047753 -240.65077308379114 -30.062360756099224 5.046786308288574
132.268992311 -240.6507120486349 -30.06234549731016 5.010624885559082
132.289123726 -240.65065101347864 -30.062347404658794 4.98652458190918
132.309075326 -240.65057471953332 -30.06235884875059 4.950338840484619
132.328990118 -240.65052894316614 -30.062376014888287 4.926200866699219
132.349030813 -240.6504221316427 -30.062435142695904 4.889993190765381
132.369026656 -240.65036109648645 -30.06248664110899 4.865841865539551
132.389202906 -240.65020850859582 -30.06256102770567 4.829596042633057
132.409121351 -240.6501016970724 -30.06260108202696 4.805452346801758
132.429017857 -240.64996436797082 -30.06264304369688 4.769266128540039
132.449097773 -240.64987281523645 -30.06268309801817 4.745152473449707
132.469031966 -240.64972022734582 -30.062753669917583 4.709031581878662
132.489176874 -240.64962867461145 -30.062803260982037 4.684971332550049
132.50908126 -240.64950660429895 -30.062858574092388 4.6488938331604
132.529035023 -240.64943031035364 -30.06289290636778 4.624848365783691
132.549028786 -240.64930824004114 -30.062919609248638 4.588770389556885
132.569027644 -240.64923194609582 -30.062946312129498 4.564731121063232
132.589208286 -240.64909461699426 -30.062950126826763 4.528654098510742
132.609067709 -240.6490030642599 -30.062952034175396 4.504574298858643
132.62901334 -240.64885047636926 -30.06294821947813 4.468414306640625
132.649054939 -240.6487589236349 -30.062929145991802 4.444258213043213
132.669080704 -240.64860633574426 -30.062904350459576 4.40810489654541
132.689166432 -240.6485147830099 -30.062871925532818 4.383980751037598
132.70914304 -240.6483927126974 -30.062801353633404 4.347719192504883
132.729006842 -240.64833167754114 -30.06275176256895 4.323526382446289
132.749068149 -240.64825538359582 -30.062673561275005 4.287158012390137
132.76907193 -240.64820960722864 -30.062633506953716 4.262885570526123
132.789178568 -240.6481485720724 -30.062591545283794 4.226458549499512
132.809088227 -240.64813331328332 -30.062572471797466 4.202147006988525
132.829030759 -240.64811805449426 -30.062564842402935 4.16571569442749
132.849040091 -240.64811805449426 -30.0625686571002 4.1413984298706055
132.869049489 -240.64811805449426 -30.062572471797466 4.10493803024292
132.889180474 -240.64811805449426 -30.062566749751568 4.080620288848877
132.909090772 -240.6481790896505 -30.062566749751568 4.044108867645264
132.929013637 -240.6482248660177 -30.0625743791461 4.019766330718994
132.949046789 -240.64831641875207 -30.06262969225645 3.983208656311035
132.969044339 -240.64837745390832 -30.062686912715435 3.958850860595703
132.989292471 -240.6484690066427 -30.062795631587505 3.922307014465332
133.009115151 -240.64849952422082 -30.06292151659727 3.8979272842407227
133.029038664 -240.648545300588 -30.063142769038677 3.8613834381103516
133.049096247 -240.64857581816614 -30.06332205981016 3.8370227813720703
133.069040846 -240.64860633574426 -30.063608162105083 3.800443172454834
133.089120135 -240.64860633574426 -30.063806526362896 3.776066780090332
133.109089337 -240.6485910769552 -30.06410025805235 3.739488124847412
133.129018935 -240.64857581816614 -30.06429671496153 3.715109348297119
133.149075539 -240.6485147830099 -30.064510338008404 3.6785244941711426
133.169042044 -240.6484690066427 -30.06461714953184 3.654132843017578
133.18920903 -240.64836219511926 -30.064720146358013 3.617551803588867
133.209102805 -240.648301159963 -30.06472586840391 3.593167304992676
133.229016592 -240.6482248660177 -30.064708702266216 3.5566067695617676
133.249038665 -240.64819434843957 -30.0646495744586 3.53224515914917
133.26913632 -240.64816383086145 -30.06448744982481 3.495797634124756
133.289126526 -240.6481485720724 -30.064363472163677 3.4715142250061035
133.309095882 -240.6481027957052 -30.064071647822857 3.4350943565368652
133.329052906 -240.648057019338 -30.063858024775982 3.410830020904541
133.349054964 -240.6479807253927 -30.06351088732481 3.3744659423828125
133.369035057 -240.64791969023645 -30.06326102465391 3.3502273559570312
133.389228788 -240.64784339629114 -30.062858574092388 3.3138937950134277
133.409099081 -240.6477823611349 -30.06254004687071 3.2896809577941895
133.429052526 -240.6476602908224 -30.06205367296934 3.2533698081970215
133.449125148 -240.647568738088 -30.06170653551817 3.22916841506958
133.469058287 -240.64738563261926 -30.061132423579693 3.1928915977478027
133.489247891 -240.6472483035177 -30.0607433244586 3.1687169075012207
133.509092251 -240.64698890410364 -30.06007956713438 3.132493019104004
133.529039821 -240.6468057986349 -30.059619896113873 3.108372211456299
133.549036263 -240.64648536406457 -30.058910362422466 3.0722227096557617
133.56904829 -240.64621070586145 -30.058387748897076 3.0481395721435547
133.589216975 -240.64576820097864 -30.057613365352154 3.0120344161987305
133.609095347 -240.6454630251974 -30.0570754930377 2.9879751205444336
133.629054436 -240.64495948515832 -30.056276313960552 2.951887607574463
133.649143776 -240.6446085330099 -30.055726997554302 2.9278435707092285
133.669160627 -240.64401344023645 -30.054914467036724 2.8918113708496094
133.689256374 -240.64361671172082 -30.054388038814068 2.867798328399658
133.709117091 -240.6429758425802 -30.053613655269146 2.8317832946777344
133.729081318 -240.64254859648645 -30.053117744624615 2.8077831268310547
133.749043514 -240.64193824492395 -30.05239676684141 2.7718005180358887
133.769049398 -240.64152625761926 -30.051939003169537 2.7477922439575195
133.789205662 -240.6409006472677 -30.051288597285748 2.711791515350342
133.809103511 -240.64047340117395 -30.05087088793516 2.687798500061035
133.82903797 -240.63981727324426 -30.05026053637266 2.651808261871338
133.849061512 -240.6393900271505 -30.049871437251568 2.6278181076049805
133.869052922 -240.63867286406457 -30.049320213496685 2.591803550720215
133.889029049 -240.6382151003927 -30.04897879809141 2.5677976608276367
133.90920622 -240.63746741972864 -30.048494331538677 2.531792163848877
133.929074944 -240.63696387968957 -30.048200599849224 2.5077905654907227
133.949050567 -240.63620094023645 -30.047801963984966 2.471799373626709
133.969025152 -240.63568214140832 -30.047544471919537 2.4478201866149902
133.989038453 -240.6349192019552 -30.047178260982037 2.4118571281433105
134.009149093 -240.63440040312707 -30.046945564448833 2.3878917694091797
134.029043919 -240.63368324004114 -30.04660987108946 2.351958751678467
134.049019342 -240.63322547636926 -30.04640006273985 2.3280067443847656
134.06903224 -240.63253883086145 -30.046052925288677 2.2921223640441895
134.089137441 -240.63208106718957 -30.045820228755474 2.2682008743286133
134.109106694 -240.63144019804895 -30.04547118395567 2.2323288917541504
134.129072058 -240.63099769316614 -30.04522704333067 2.208427906036377
134.149020374 -240.63037208281457 -30.044904701411724 2.1725716590881348
134.169122628 -240.6299600955099 -30.044683448970318 2.1486682891845703
134.189023161 -240.62936500273645 -30.04437255114317 2.1128382682800293
134.209154862 -240.6289835330099 -30.044166557490826 2.0890021324157715
134.229077967 -240.62847999297082 -30.04386328905821 2.0534276962280273
134.249040109 -240.62817481718957 -30.043672554194927 2.0298900604248047
134.269123484 -240.62774757109582 -30.0434093400836 1.9949188232421875
134.289053717 -240.62750343047082 -30.04327391833067 1.971865177154541
134.309111064 -240.6271524783224 -30.04311942309141 1.937767505645752
134.329069485 -240.62696937285364 -30.043088905513287 1.915393352508545
134.349049349 -240.62672523222864 -30.043079368770123 1.8823657035827637
134.369046681 -240.62658790312707 -30.043109886348248 1.8607177734375
134.389011907 -240.62643531523645 -30.043203346431255 1.8288602828979492
134.409385144 -240.62635902129114 -30.043283455073833 1.8080482482910156
134.429041659 -240.62628272734582 -30.043432228267193 1.7775263786315918
134.449018565 -240.6262522097677 -30.043542854487896 1.7576031684875488
134.469053113 -240.62631324492395 -30.043754570186138 1.728346824645996
134.489039124 -240.6263742800802 -30.04391288012266 1.7092890739440918
134.509191765 -240.6265421267599 -30.044179908931255 1.6813716888427734
134.529038505 -240.6266947146505 -30.0443859025836 1.663252830505371
134.549013329 -240.6269388552755 -30.044708244502544 1.6367201805114746
134.56904147 -240.62712196074426 -30.044933311641216 1.6194934844970703
134.589012802 -240.62744239531457 -30.045297615230083 1.594642162322998
134.609285711 -240.6276712771505 -30.045549385249615 1.5788097381591797
134.629075181 -240.628037488088 -30.045909874141216 1.5563316345214844
134.649022277 -240.6283274050802 -30.046148292720318 1.5421733856201172
134.66904796 -240.62875465117395 -30.046501152217388 1.5220894813537598
134.689119468 -240.6290598269552 -30.04672049731016 1.5094833374023438
134.709148728 -240.629502331838 -30.047035209834576 1.491621494293213
134.729050653 -240.6297922488302 -30.04720877856016 1.4804434776306152
134.749175432 -240.63021949492395 -30.047456733882427 1.4644222259521484
134.76910029 -240.63050941191614 -30.047605507075787 1.4542522430419922
134.788981155 -240.63092139922082 -30.047815315425396 1.4395856857299805
134.809135643 -240.63119605742395 -30.04795455187559 1.4300909042358398
134.829070683 -240.6315775271505 -30.04815100878477 1.4162921905517578
134.849017343 -240.6318216677755 -30.048301689326763 1.407249927520752
134.869030746 -240.63217261992395 -30.04855155199766 1.393831729888916
134.889129807 -240.63237098418176 -30.04873275011778 1.3849754333496094
134.909318524 -240.63266090117395 -30.049009315669537 1.371720314025879
134.929051926 -240.6328440066427 -30.049196235835552 1.3628666400909424
134.949003953 -240.6330881472677 -30.049484245479107 1.349456787109375
134.969017626 -240.6332559939474 -30.049684517085552 1.34041166305542
134.988974289 -240.63348487578332 -30.05002211779356 1.3266322612762451
135.009139837 -240.6336222048849 -30.050256721675396 1.317286729812622
135.029067681 -240.6337442751974 -30.050651542842388 1.3029515743255615
135.049025475 -240.6338205691427 -30.05093001574278 1.2931652069091797
135.069043469 -240.633896863088 -30.051366798579693 1.2781164646148682
135.08902465 -240.63395789824426 -30.051650993525982 1.2678146362304688
135.109262024 -240.63403419218957 -30.052068702876568 1.2520241737365723
135.129048155 -240.6341104861349 -30.052337639033794 1.2412786483764648
135.149033915 -240.63421729765832 -30.052732460200787 1.2248642444610596
135.169026271 -240.63429359160364 -30.052989952266216 1.2137744426727295
135.188984901 -240.634385144338 -30.053377144038677 1.196899652481079
135.209326474 -240.6344309207052 -30.053634636104107 1.1855506896972656
135.229078847 -240.6345072146505 -30.05401610583067 1.1683704853057861
135.249053505 -240.63456824980676 -30.0542735978961 1.156822919845581
135.269129464 -240.634629284963 -30.05466841906309 1.139380931854248
135.289009641 -240.6346750613302 -30.054950706660748 1.1276633739471436
135.30926403 -240.63473609648645 -30.05538558214903 1.1100075244903564
135.329057524 -240.6347971316427 -30.05569266527891 1.0981745719909668
135.349029576 -240.6348429080099 -30.05619239062071 1.0803523063659668
135.369059986 -240.634873425588 -30.056533806025982 1.0684888362884521
135.388983223 -240.63490394316614 -30.05704688280821 1.0506515502929688
135.409310655 -240.63494971953332 -30.057390205562115 1.0387461185455322
135.429062227 -240.63501075468957 -30.057897560298443 1.0208714008331299
135.449017958 -240.6350870486349 -30.05825423449278 1.0089504718780518
135.469097923 -240.63519386015832 -30.05877684801817 0.991058349609375
135.489024962 -240.63530067168176 -30.059165947139263 0.9791150093078613
135.50911082 -240.6354532595724 -30.059745781123638 0.9611895084381104
135.52907682 -240.6355753298849 -30.060138694941998 0.9492306709289551
135.549017795 -240.63580421172082 -30.060735695064068 0.9312922954559326
135.569101726 -240.6359720584005 -30.061126701533794 0.9193389415740967
135.5890505 -240.6363077517599 -30.061676017940044 0.901402473449707
135.609281994 -240.63656715117395 -30.062028877437115 0.8894510269165039
135.629066209 -240.6369943972677 -30.062536232173443 0.8715329170227051
135.649048152 -240.63734534941614 -30.06287955492735 0.8595900535583496
135.66905644 -240.63787940703332 -30.06338309496641 0.8416979312896729
135.689021256 -240.6382608767599 -30.063718788325787 0.8297817707061768
135.709460632 -240.6389017459005 -30.064212791621685 0.8119056224822998
135.729070469 -240.63932899199426 -30.064531318843365 0.7999992370605469
135.74916592 -240.64001563750207 -30.065004341304302 0.7821142673492432
135.769043936 -240.64047340117395 -30.065311424434185 0.770195484161377
135.788997615 -240.64129737578332 -30.065771095454693 0.7522766590118408
135.809130264 -240.6418772097677 -30.066062919795513 0.7403385639190674
135.829306824 -240.6427774783224 -30.06648825854063 0.7224454879760742
135.849024293 -240.64343360625207 -30.066741935908794 0.7105081081390381
135.86911314 -240.64441016875207 -30.06710433214903 0.6926255226135254
135.889042631 -240.64508155547082 -30.067338936030865 0.6807069778442383
135.909192413 -240.6460733767599 -30.067686073482037 0.6628382205963135
135.929109607 -240.64669898711145 -30.067907325923443 0.6509459018707275
135.949036707 -240.6476145144552 -30.068254463374615 0.6331055164337158
135.969041823 -240.64819434843957 -30.068496696650982 0.6212272644042969
135.98900735 -240.649033581838 -30.06886862963438 0.6034321784973145
136.009303172 -240.64958289824426 -30.069128029048443 0.5915908813476562
136.02909139 -240.6503763552755 -30.069536201655865 0.5738589763641357
136.049032886 -240.65089515410364 -30.06983184069395 0.5620472431182861
136.069049123 -240.65165809355676 -30.070255272090435 0.544386625289917
136.089052701 -240.65216163359582 -30.07052993029356 0.5326323509216309
136.109180928 -240.65287879668176 -30.070920936763287 0.5150477886199951
136.129152734 -240.65333656035364 -30.071163170039654 0.5033543109893799
136.149019587 -240.65399268828332 -30.0714855119586 0.48583245277404785
136.16910003 -240.654404675588 -30.07170294970274 0.47415971755981445
136.189097004 -240.6549845095724 -30.072023384273052 0.4566621780395508
136.209276688 -240.65533546172082 -30.072267524898052 0.4449892044067383
136.229117317 -240.65582374297082 -30.072622291743755 0.42750048637390137
136.249015141 -240.65612891875207 -30.072868339717388 0.41584205627441406
136.269048733 -240.65655616484582 -30.073226921260357 0.39840173721313477
136.289061477 -240.65683082304895 -30.073471061885357 0.38678574562072754
136.309129529 -240.6571817751974 -30.07385253161192 0.3693563938140869
136.329116347 -240.6573801394552 -30.074098579585552 0.35774970054626465
136.349029614 -240.65768531523645 -30.07447051256895 0.3403162956237793
136.369080475 -240.6578684207052 -30.074708931148052 0.32870912551879883
136.388989645 -240.6581125613302 -30.07505416125059 0.311298131942749
136.409212285 -240.65826514922082 -30.07530402392149 0.29967427253723145
136.429075064 -240.65849403105676 -30.075658790767193 0.28226566314697266
136.449034645 -240.65863136015832 -30.075897209346294 0.27065372467041016
136.469042966 -240.65886024199426 -30.076250068843365 0.2532522678375244
136.489076585 -240.65898231230676 -30.076467506587505 0.24167227745056152
136.509144466 -240.65919593535364 -30.076757423579693 0.22436022758483887
136.529062855 -240.65931800566614 -30.07693289965391 0.21285676956176758
136.549010711 -240.6595011111349 -30.07716178148985 0.195634126663208
136.569041319 -240.65960792265832 -30.077281944453716 0.18418121337890625
136.588977675 -240.6597452517599 -30.07741927355528 0.16704225540161133
136.609256989 -240.6598215457052 -30.077463142573833 0.15564465522766113
136.629082723 -240.6599436160177 -30.077491752803326 0.13857412338256836
136.649044426 -240.66000465117395 -30.07748221606016 0.12720918655395508
136.669123391 -240.66008094511926 -30.07742118090391 0.110198974609375
136.68902536 -240.66012672148645 -30.077354423701763 0.09887957572937012
136.709248035 -240.66017249785364 -30.077198021113873 0.08191490173339844
136.729097626 -240.66021827422082 -30.077070228755474 0.0706169605255127
136.749141359 -240.66029456816614 -30.0768508836627 0.05368804931640625
136.769081145 -240.66034034453332 -30.076675407588482 0.042406320571899414
136.789002226 -240.66037086211145 -30.076393119990826 0.025503873825073242
136.809143393 -240.6603861209005 -30.07617949694395 0.014267921447753906
136.82907046 -240.6603556033224 -30.075828544795513 -0.0025544166564941406
136.849456138 -240.66034034453332 -30.075571052730083 -0.013750791549682617
136.869062588 -240.66027930937707 -30.075136177241802 -0.03052377700805664
136.889028845 -240.6602335330099 -30.074825279414654 -0.041695356369018555
136.90916026 -240.6601419802755 -30.074316017329693 -0.0584261417388916
136.929101999 -240.6600656863302 -30.073957435786724 -0.06957435607910156
136.949055708 -240.65995887480676 -30.07339858263731 -0.08629226684570312
136.969068785 -240.6598673220724 -30.07297896593809 -0.09744477272033691
136.98903124 -240.65971473418176 -30.072338096797466 -0.11416912078857422
137.00912639 -240.65960792265832 -30.071897499263287 -0.12531590461730957
137.029082593 -240.65942481718957 -30.07121466845274 -0.14203357696533203
137.049061134 -240.65930274687707 -30.070751182734966 -0.15317678451538086
137.069075498 -240.6590891238302 -30.0700206682086 -0.1698930263519287
137.089042667 -240.65895179472864 -30.069524757564068 -0.18103504180908203
137.109192611 -240.65875343047082 -30.068748466670513 -0.19774580001831055
137.129090314 -240.65863136015832 -30.068233482539654 -0.20888662338256836
137.149071541 -240.65846351347864 -30.067468635737896 -0.22560477256774902
137.16914655 -240.65838721953332 -30.066999427974224 -0.23675966262817383
137.188977303 -240.65826514922082 -30.066308967769146 -0.2534942626953125
137.209254631 -240.65817359648645 -30.065866462886333 -0.26465606689453125
137.229097482 -240.6580362673849 -30.06526755541563 -0.28140974044799805
137.249200368 -240.6579447146505 -30.0648879930377 -0.29258036613464355
137.269191302 -240.65773109160364 -30.064416877925396 -0.30939149856567383
137.289030969 -240.657578503713 -30.06412696093321 -0.3206052780151367
137.309209536 -240.65731910429895 -30.063724510371685 -0.337432861328125
137.329110616 -240.6571359988302 -30.063472740352154 -0.3486518859863281
137.349043575 -240.6568155642599 -30.063121788203716 -0.36548447608947754
137.369120203 -240.65658668242395 -30.06295394152403 -0.3767099380493164
137.388975488 -240.6562357302755 -30.062728874385357 -0.39356303215026855
137.409279513 -240.6559915896505 -30.062620155513287 -0.40482354164123535
137.429151939 -240.655625378713 -30.062517158687115 -0.4217491149902344
137.4490416 -240.65536597929895 -30.06246756762266 -0.43303704261779785
137.469125484 -240.65496925078332 -30.062444679439068 -0.4500308036804199
137.489024556 -240.6546945925802 -30.062437050044537 -0.4613649845123291
137.509258159 -240.6542826052755 -30.062444679439068 -0.47835278511047363
137.529111005 -240.6540384646505 -30.06258963793516 -0.48949527740478516
137.554385569 -240.65387061797082 -30.062871925532818 -0.500514030456543
137.592878808 -240.65405372343957 -30.06387709826231 -0.516298770904541
137.618174854 -240.6542826052755 -30.065160743892193 -0.5315630435943604
137.638579997 -240.65448096953332 -30.06625746935606 -0.5412402153015137
137.658169337 -240.65490821562707 -30.06827925890684 -0.5550868511199951
137.678261087 -240.65521339140832 -30.069774620234966 -0.5641844272613525
137.698227784 -240.6558390017599 -30.072481147944927 -0.5768966674804688
137.718174178 -240.6562815066427 -30.07443045824766 -0.585172176361084
137.738186289 -240.65699866972864 -30.07754897326231 -0.5973105430603027
137.758214825 -240.65753272734582 -30.079835884273052 -0.6048696041107178
137.778262279 -240.65834144316614 -30.083318702876568 -0.6162111759185791
137.798197341 -240.6588907595724 -30.085731498897076 -0.6235456466674805
137.818127488 -240.6597452517599 -30.089462272822857 -0.6342096328735352
137.838205263 -240.66027930937707 -30.091951362788677 -0.6413599252700806
137.858173173 -240.66113380156457 -30.09582518786192 -0.6514322757720947
137.878430852 -240.6616526003927 -30.09832762926817 -0.6584604978561401
137.898200741 -240.66247657500207 -30.102216713130474 -0.6683541536331177
137.918179762 -240.66301063261926 -30.104801170527935 -0.6749148368835449
137.938177526 -240.66381934843957 -30.10865020006895 -0.6847347021102905
137.95815192 -240.66435340605676 -30.111244194209576 -0.690895676612854
137.978377909 -240.66513160429895 -30.11502455919981 -0.7003376483917236
137.998228478 -240.665635144338 -30.1175060197711 -0.706511378288269
138.018132435 -240.6663370486349 -30.121160499751568 -0.7156088352203369
138.038170228 -240.66676429472864 -30.12350844591856 -0.7218211889266968
138.058147631 -240.66742042265832 -30.126937858760357 -0.73063063621521
138.078324199 -240.667832409963 -30.12913703173399 -0.7365577220916748
138.098201995 -240.66842750273645 -30.132314674556255 -0.7455538511276245
138.118181082 -240.66882423125207 -30.134374611079693 -0.7512632608413696
138.138171716 -240.6693430300802 -30.1372756883502 -0.7605034112930298
138.158132049 -240.66969398222864 -30.139183036983013 -0.7663849592208862
138.178370536 -240.67016700468957 -30.141910545527935 -0.7755482196807861
138.198213465 -240.6704416628927 -30.143669120967388 -0.7816305160522461
138.218134006 -240.67083839140832 -30.14620017260313 -0.7907381057739258
138.23820469 -240.67106727324426 -30.14779280871153 -0.7970479726791382
138.258191475 -240.67138770781457 -30.15010642260313 -0.8061662912368774
138.278431264 -240.6715860720724 -30.151580803096294 -0.8123271465301514
138.298219885 -240.6718607302755 -30.153684608638287 -0.8215070962905884
138.318165183 -240.67204383574426 -30.155019752681255 -0.8271822929382324
138.338192106 -240.67233375273645 -30.15690802782774 -0.8358179330825806
138.358183518 -240.67254737578332 -30.15813636034727 -0.8414292335510254
138.378411043 -240.67289832793176 -30.159982673823833 -0.8496325016021729
138.398220593 -240.67315772734582 -30.16118811815977 -0.8552062511444092
138.418124436 -240.6735697146505 -30.16305350512266 -0.8633948564529419
138.438194421 -240.67389014922082 -30.164352409541607 -0.8691282272338867
138.458173686 -240.67448524199426 -30.16655158251524 -0.8774793148040771
138.478273286 -240.67494300566614 -30.168067924678326 -0.883223295211792
138.498206439 -240.675644909963 -30.17031668871641 -0.8919734954833984
138.518176744 -240.676133191213 -30.171770088374615 -0.8974664211273193
138.538216665 -240.67697242461145 -30.173858635127544 -0.9059129953384399
138.558170458 -240.67750648222864 -30.175134651362896 -0.9114038944244385
138.578342966 -240.67826942168176 -30.176891319453716 -0.9193618297576904
138.598210744 -240.67877296172082 -30.178030006587505 -0.9248043298721313
138.618197081 -240.67953590117395 -30.179656974971294 -0.932363748550415
138.638201202 -240.680039441213 -30.180694572627544 -0.9373588562011719
138.658195638 -240.68080238066614 -30.182178489863873 -0.9447556734085083
138.67827529 -240.6813059207052 -30.183114998042583 -0.9496546983718872
138.698206823 -240.68205360136926 -30.184465400874615 -0.9569400548934937
138.718192108 -240.6825724001974 -30.185352317988873 -0.9613502025604248
138.738202208 -240.6833353396505 -30.18665312975645 -0.9681748151779175
138.758196157 -240.68383887968957 -30.187524788081646 -0.9725935459136963
138.778270163 -240.68458656035364 -30.188814155757427 -0.9790000915527344
138.798243455 -240.6850901003927 -30.189645759761333 -0.9834175109863281
138.818138947 -240.68583778105676 -30.190853111445904 -0.9893906116485596
138.838178093 -240.68634132109582 -30.19161795824766 -0.9933531284332275
138.858198466 -240.6870890017599 -30.192710869014263 -0.9992846250534058
138.878280477 -240.6875772830099 -30.19338034838438 -1.0028127431869507
138.898236646 -240.6883097048849 -30.19433593004942 -1.0083361864089966
138.918187693 -240.68878272734582 -30.19494055956602 -1.011887788772583
138.938189733 -240.68946937285364 -30.195831291377544 -1.017432689666748
138.95815391 -240.6899271365255 -30.196374885737896 -1.0210001468658447
138.978357719 -240.6905832644552 -30.197088234126568 -1.0262210369110107
138.998204378 -240.69101051054895 -30.197534553706646 -1.0297791957855225
139.018135078 -240.69162086211145 -30.198081962764263 -1.034511685371399
139.038188397 -240.69201759062707 -30.198375694453716 -1.0376566648483276
139.058170724 -240.69259742461145 -30.198762886226177 -1.0424036979675293
139.078252084 -240.69300941191614 -30.19895362108946 -1.0451561212539673
139.098207806 -240.6935892459005 -30.19919776171446 -1.0494868755340576
139.118195145 -240.6940012332052 -30.199291221797466 -1.0523383617401123
139.138206387 -240.6946115847677 -30.19938086718321 -1.0564491748809814
139.158151621 -240.69500831328332 -30.199426643550396 -1.0593777894973755
139.178287725 -240.6956339236349 -30.199472419917583 -1.0631986856460571
139.198220434 -240.69604591093957 -30.199506752192974 -1.066177248954773
139.218138746 -240.69671729765832 -30.199525825679302 -1.0700397491455078
139.238221625 -240.69715980254114 -30.199520103633404 -1.072628140449524
139.258213158 -240.6978311892599 -30.19954489916563 -1.0765794515609741
139.278315508 -240.69830421172082 -30.19952391833067 -1.078862190246582
139.29829197 -240.69903663359582 -30.199453346431255 -1.0825568437576294
139.318182561 -240.69950965605676 -30.199403755366802 -1.0849279165267944
139.338179349 -240.7002268191427 -30.199317924678326 -1.0882840156555176
139.358170395 -240.70068458281457 -30.19926070421934 -1.090704321861267
139.378251857 -240.70134071074426 -30.1991710588336 -1.093782663345337
139.398257962 -240.70178321562707 -30.199121467769146 -1.0958491563796997
139.418133528 -240.7024240847677 -30.199058525264263 -1.0990517139434814
139.43823543 -240.7028360720724 -30.199054710566998 -1.1007916927337646
139.458193386 -240.70346168242395 -30.19906424731016 -1.1040982007980347
139.478316067 -240.70385841093957 -30.199060432612896 -1.105892300605774
139.498225281 -240.704453503713 -30.199020378291607 -1.1087663173675537
139.518181988 -240.7048654910177 -30.199026100337505 -1.1106113195419312
139.53821503 -240.7055216189474 -30.199098579585552 -1.1132104396820068
139.558171251 -240.70597938261926 -30.1991710588336 -1.1151344776153564
139.578285376 -240.7066202517599 -30.199359886348248 -1.1174644231796265
139.598229823 -240.70704749785364 -30.199451439082623 -1.1189833879470825
139.618130945 -240.70768836699426 -30.199642173945904 -1.1213613748550415
139.638195112 -240.708115613088 -30.199840538203716 -1.122565507888794
139.658189758 -240.70874122343957 -30.200159065425396 -1.124660849571228
139.678251972 -240.70916846953332 -30.20039939135313 -1.1260002851486206
139.698227213 -240.70976356230676 -30.200798027217388 -1.1278488636016846
139.718187037 -240.71014503203332 -30.201074592769146 -1.1292937994003296
139.738197068 -240.7107248660177 -30.201562874019146 -1.1312799453735352
139.758205063 -240.71112159453332 -30.201900474727154 -1.132794737815857
139.778288245 -240.71173194609582 -30.20235251635313 -1.1346265077590942
139.798228185 -240.71212867461145 -30.202672950923443 -1.1358970403671265
139.818142743 -240.71273902617395 -30.203189842402935 -1.1378933191299438
139.838193536 -240.7131204959005 -30.203569404780865 -1.1388235092163086
139.858206362 -240.713730847463 -30.20414160937071 -1.140486240386963
139.878249351 -240.71412757597864 -30.2045364305377 -1.141526460647583
139.898237546 -240.714707409963 -30.205127708613873 -1.1428773403167725
139.918185128 -240.71508887968957 -30.2055187150836 -1.143987774848938
139.938212464 -240.7156076785177 -30.206117622554302 -1.1450352668762207
139.958177793 -240.715928113088 -30.206605903804302 -1.14571213722229
139.978245728 -240.7163858767599 -30.20728301256895 -1.146825909614563
139.998241122 -240.71669105254114 -30.207618705928326 -1.147564172744751
140.01812758 -240.71716407500207 -30.20809745043516 -1.148779034614563
140.038219543 -240.71745399199426 -30.208391182124615 -1.1492085456848145
140.058227443 -240.717881238088 -30.20882987231016 -1.150107502937317
140.078250722 -240.71814063750207 -30.209121696650982 -1.1506389379501343
140.098255715 -240.71852210722864 -30.209436409175396 -1.1512329578399658
140.118200787 -240.71876624785364 -30.209409706294537 -1.1518208980560303
140.138208481 -240.71908668242395 -30.20914649218321 -1.1522440910339355
140.158150014 -240.71930030547082 -30.208961479365826 -1.1525956392288208
140.178296398 -240.71960548125207 -30.208663932979107 -1.1532576084136963
140.198268219 -240.71977332793176 -30.208427421748638 -1.1533411741256714
140.218134785 -240.72001746855676 -30.20806311815977 -1.1537805795669556
140.238199895 -240.7201700564474 -30.20779799669981 -1.1539932489395142
140.258178512 -240.7204141970724 -30.20739745348692 -1.154589056968689
140.278336598 -240.720566784963 -30.207267753779888 -1.1548460721969604
140.298265062 -240.720810925588 -30.207149498164654 -1.154934048652649
140.318221409 -240.72099403105676 -30.207077018916607 -1.1551953554153442
140.338194502 -240.72125343047082 -30.20701026171446 -1.1549979448318481
140.358199223 -240.7214212771505 -30.206979744136333 -1.154910683631897
140.378292215 -240.72169593535364 -30.20695685595274 -1.154897928237915
140.39828362 -240.72189429961145 -30.20693778246641 -1.1545720100402832
140.418149344 -240.7221994753927 -30.20690917223692 -1.1544106006622314
140.438200311 -240.72241309843957 -30.206880562007427 -1.1542465686798096
140.458187766 -240.72271827422082 -30.206832878291607 -1.1538951396942139
140.478303046 -240.72290137968957 -30.206804268062115 -1.1538736820220947
140.498281504 -240.72316077910364 -30.206771843135357 -1.1532554626464844
140.51818307 -240.7233438845724 -30.206901542842388 -1.1532785892486572
140.538216631 -240.72352699004114 -30.207267753779888 -1.1526609659194946
140.558186542 -240.72364906035364 -30.207502357661724 -1.1522905826568604
140.578227255 -240.72381690703332 -30.207841865718365 -1.1518447399139404
140.598319967 -240.72387794218957 -30.20801543444395 -1.1511741876602173
140.61814763 -240.72396949492395 -30.208267204463482 -1.1504768133163452
140.638210633 -240.72401527129114 -30.20841407030821 -1.149935007095337
140.65817984 -240.72404578886926 -30.208608619868755 -1.1490273475646973
140.678245742 -240.7240763064474 -30.208738319575787 -1.1486378908157349
140.698275003 -240.72404578886926 -30.208812706172466 -1.1475398540496826
140.718198493 -240.72401527129114 -30.208833687007427 -1.1468983888626099
140.738184791 -240.72396949492395 -30.208969108760357 -1.1459531784057617
140.758226984 -240.7239084597677 -30.209089271724224 -1.1449838876724243
140.77821716 -240.72384742461145 -30.209300987422466 -1.144214391708374
140.798310668 -240.72375587187707 -30.209365837275982 -1.1433465480804443
140.818155025 -240.7235880251974 -30.20928954333067 -1.1422439813613892
140.838191926 -240.72345069609582 -30.209096901118755 -1.1413748264312744
140.858175122 -240.72320655547082 -30.208765022456646 -1.139963984489441
140.87827446 -240.7230539675802 -30.208539955317974 -1.139223337173462
140.898532193 -240.72277930937707 -30.208101265132427 -1.137594223022461
140.918182609 -240.7225656863302 -30.20779036730528 -1.1365926265716553
140.938230871 -240.7222452517599 -30.207401268184185 -1.1351282596588135
140.958168959 -240.72198585234582 -30.207206718623638 -1.133805751800537
140.97818857 -240.7215891238302 -30.206907264888287 -1.132138967514038
140.99827383 -240.72131446562707 -30.20667838305235 -1.1309400796890259
141.018138067 -240.72087196074426 -30.206295005977154 -1.1291338205337524
141.038179808 -240.72058204375207 -30.20604132860899 -1.1281152963638306
141.058173885 -240.72015479765832 -30.205629341304302 -1.1265243291854858
141.07818576 -240.7198801394552 -30.205360405147076 -1.1256722211837769
141.098268478 -240.7193918582052 -30.20465087145567 -1.124067783355713
141.118210762 -240.71905616484582 -30.204145424067974 -1.1231027841567993
141.138228065 -240.7185373660177 -30.20339011400938 -1.1217788457870483
141.158169526 -240.71818641386926 -30.20285414904356 -1.1206527948379517
141.178190943 -240.71771339140832 -30.20206832140684 -1.1192625761032104
141.198255469 -240.717392956838 -30.201543800532818 -1.1182191371917725
141.21813822 -240.71693519316614 -30.20077323168516 -1.1166410446166992
141.23819184 -240.716660534963 -30.200279228389263 -1.1157485246658325
141.258170417 -240.71623328886926 -30.199577324092388 -1.1140116453170776
141.278183216 -240.71594337187707 -30.198972694575787 -1.1128493547439575
141.298650039 -240.71551612578332 -30.198020927608013 -1.1111704111099243
141.318225798 -240.7152414675802 -30.19741439074278 -1.110122561454773
141.338208814 -240.7148294802755 -30.196548454463482 -1.1086169481277466
141.358168942 -240.7145090457052 -30.195985786616802 -1.1073389053344727
141.378199493 -240.7140207644552 -30.19517707079649 -1.1056922674179077
141.398345391 -240.71368507109582 -30.19466208666563 -1.1045019626617432
141.418144962 -240.71315101347864 -30.193914406001568 -1.1026517152786255
141.438203811 -240.7128000613302 -30.193435661494732 -1.1015785932540894
141.458174717 -240.71222022734582 -30.192773811519146 -1.099562644958496
141.478189017 -240.71183875761926 -30.19238280504942 -1.0982911586761475
141.498295117 -240.71127418242395 -30.19186782091856 -1.0964386463165283
141.518212088 -240.71086219511926 -30.19158362597227 -1.0949674844741821
141.538197099 -240.7102365847677 -30.19118308275938 -1.0929820537567139
141.558186436 -240.70977882109582 -30.190937034785748 -1.0916143655776978
141.578223191 -240.70912269316614 -30.19058036059141 -1.0898146629333496
141.598294966 -240.70866492949426 -30.19034194201231 -1.088487148284912
141.618158724 -240.70793250761926 -30.189987175166607 -1.0864201784133911
141.638214714 -240.70745948515832 -30.18975829333067 -1.085187554359436
141.658195055 -240.7067423220724 -30.189390175044537 -1.0829271078109741
141.678177886 -240.70629981718957 -30.189153663814068 -1.0814847946166992
141.698243393 -240.70568946562707 -30.18881034106016 -1.0793181657791138
141.718206664 -240.7053079959005 -30.18859290331602 -1.077629566192627
141.738236121 -240.7047891970724 -30.18827246874571 -1.075316309928894
141.758183291 -240.7044992800802 -30.188053123652935 -1.0737205743789673
141.778158485 -240.70411781035364 -30.18770407885313 -1.0712579488754272
141.798266087 -240.7038889285177 -30.187469474971294 -1.0697718858718872
141.81814718 -240.7035990115255 -30.18709944933653 -1.0671485662460327
141.838203092 -240.70343116484582 -30.186981193721294 -1.0658364295959473
141.858168855 -240.7032022830099 -30.186946861445904 -1.0635768175125122
141.878158098 -240.70306495390832 -30.186927787959576 -1.0621258020401
141.898246087 -240.7028665896505 -30.186912529170513 -1.0599359273910522
141.918227554 -240.7027902957052 -30.186914436519146 -1.0582399368286133
141.938186669 -240.70269874297082 -30.186920158565044 -1.0559076070785522
141.958171716 -240.70268348418176 -30.18691634386778 -1.0543147325515747
141.978165702 -240.70268348418176 -30.186906807124615 -1.0519185066223145
141.998333594 -240.7027140017599 -30.186906807124615 -1.0504897832870483
142.018137498 -240.70280555449426 -30.186864845454693 -1.0480449199676514
142.038206262 -240.70288184843957 -30.186834327876568 -1.0464622974395752
142.058171401 -240.702988659963 -30.186784736812115 -1.044165849685669
142.078206615 -240.70309547148645 -30.186752311885357 -1.042446255683899
142.098297036 -240.70326331816614 -30.186721794307232 -1.0404027700424194
142.118197793 -240.7034006472677 -30.18670081347227 -1.0388274192810059
142.138214612 -240.70361427031457 -30.18668555468321 -1.036667823791504
142.158185793 -240.70378211699426 -30.18667983263731 -1.0351911783218384
142.178171319 -240.70402625761926 -30.186689369380474 -1.0329406261444092
142.198282123 -240.704209363088 -30.186704628169537 -1.0315507650375366
142.218144807 -240.704453503713 -30.186702720820904 -1.0291705131530762
142.23819445 -240.70460609160364 -30.18669318407774 -1.0276470184326172
142.258182855 -240.7048197146505 -30.186668388545513 -1.0254626274108887
142.278165896 -240.704941784963 -30.186677925288677 -1.0238242149353027
142.298309796 -240.70512489043176 -30.186696998775005 -1.0215802192687988
142.318228697 -240.70524696074426 -30.186712257564068 -1.0200917720794678
142.338206539 -240.7054758425802 -30.18674849718809 -1.0177934169769287
142.358176847 -240.7056436892599 -30.1869583055377 -1.0163137912750244
142.378199468 -240.70587257109582 -30.187273018062115 -1.014048457145691
142.398542461 -240.70602515898645 -30.18747901171446 -1.0126770734786987
142.418151205 -240.7062082644552 -30.187761299312115 -1.0103250741958618
142.438172334 -240.7063303347677 -30.18794821947813 -1.0087928771972656
142.458183638 -240.70646766386926 -30.18823241442442 -1.0065586566925049
142.478179751 -240.70651344023645 -30.188405983150005 -1.004860281944275
142.498270845 -240.7065744753927 -30.188657753169537 -1.0025397539138794
142.518214632 -240.70658973418176 -30.188804619014263 -1.000976324081421
142.538203266 -240.7065744753927 -30.189022056758404 -0.9985491037368774
142.55818101 -240.70655921660364 -30.18923758715391 -0.9970465898513794
142.578150087 -240.7064981814474 -30.19007109850645 -0.9945622682571411
142.598299041 -240.7064524050802 -30.190645210444927 -0.9929207563400269
142.618142337 -240.7063761111349 -30.191524498164654 -0.9905881881713867
142.638178211 -240.70631507597864 -30.192131035029888 -0.9890984296798706
142.658183257 -240.70619300566614 -30.193073265254498 -0.9869641065597534
142.6781395 -240.7060861941427 -30.19373320788145 -0.9853878021240234
142.69831519 -240.70593360625207 -30.194753639400005 -0.9831393957138062
142.718198981 -240.70582679472864 -30.19545554369688 -0.9816430807113647
142.738156716 -240.7055979128927 -30.19638442248106 -0.979273796081543
142.758211802 -240.70546058379114 -30.196956627070904 -0.9776818752288818
142.778163763 -240.705185925588 -30.197929374873638 -0.9749472141265869
142.798244745 -240.7049875613302 -30.198553077876568 -0.9731937646865845
142.818201783 -240.70468238554895 -30.199451439082623 -0.9706680774688721
142.838178507 -240.70440772734582 -30.19995879381895 -0.9688260555267334
142.858173589 -240.70398048125207 -30.200679771602154 -0.9662814140319824
142.878201295 -240.70367530547082 -30.201103202998638 -0.964582085609436
142.898359057 -240.70318702422082 -30.201723091304302 -0.9621332883834839
142.918233364 -240.70285133086145 -30.2020950242877 -0.9604858160018921
142.938177145 -240.70228675566614 -30.202560417354107 -0.9579660892486572
142.958222818 -240.70190528593957 -30.20285414904356 -0.9564117193222046
142.978173913 -240.7013254519552 -30.20318602770567 -0.9538419246673584
142.998315226 -240.70094398222864 -30.20330237597227 -0.9523633718490601
143.018201855 -240.7003946658224 -30.20359420031309 -0.9503344297409058
143.038174006 -240.7001047488302 -30.203718177974224 -0.9487855434417725
143.058181233 -240.6996927615255 -30.203903190791607 -0.9466261863708496
143.078184516 -240.69946387968957 -30.20400046557188 -0.9451546669006348
143.098295031 -240.6991281863302 -30.20407485216856 -0.9428220987319946
143.118233073 -240.6989298220724 -30.204118721187115 -0.9413907527923584
143.138169107 -240.6986399050802 -30.204038612544537 -0.9389569759368896
143.158208467 -240.6984720584005 -30.204015724360943 -0.9376007318496704
143.178161251 -240.6982279177755 -30.203617088496685 -0.9352478981018066
143.198347578 -240.69806007109582 -30.20309828966856 -0.9337153434753418
143.218191025 -240.6978311892599 -30.20231818407774 -0.9314858913421631
143.238175132 -240.69767860136926 -30.20178984850645 -0.9298161268234253
143.258203223 -240.69744971953332 -30.20102309435606 -0.9274675846099854
143.278155589 -240.69731239043176 -30.200511924922466 -0.9258843660354614
143.298349838 -240.697129284963 -30.199785225093365 -0.9234757423400879
143.318254751 -240.69702247343957 -30.19932746142149 -0.921999454498291
143.338194183 -240.696885144338 -30.198707573115826 -0.9196054935455322
143.358214099 -240.6968088503927 -30.198320381343365 -0.9180816411972046
143.37817543 -240.69674781523645 -30.197784416377544 -0.9158999919891357
143.398287524 -240.6967630740255 -30.197484962642193 -0.9143162965774536
143.418181002 -240.69683936797082 -30.19761275500059 -0.9123642444610596
143.438192927 -240.69696143828332 -30.197710029780865 -0.910919189453125
143.458203059 -240.69715980254114 -30.197887413203716 -0.9088969230651855
143.478165131 -240.69732764922082 -30.198020927608013 -0.907537579536438
143.498290031 -240.69764808379114 -30.198244087398052 -0.9054138660430908
143.518245961 -240.69789222441614 -30.19841193407774 -0.9041140079498291
143.538167528 -240.6983194705099 -30.1986770555377 -0.9019479751586914
143.558192244 -240.69862464629114 -30.19883155077696 -0.90055251121521
143.578182928 -240.6991281863302 -30.199031822383404 -0.8985345363616943
