time_sec x_east_m y_north_m z_up_m
0.0 0.0 0.0 0.0
0.019966777 -0.00032927654683589935 -0.00011832639575004578 0.00027108192443847656
0.039992551 -0.0005492344498634338 -0.00020157825201749802 0.00044345855712890625
0.060080172 -0.0008886083960533142 -0.000283239409327507 0.0006897449493408203
0.080050646 -0.0011143758893013 -0.00031257234513759613 0.0008435249328613281
0.100021532 -0.001455077901482582 -0.00032328348606824875 0.0010602474212646484
0.119990861 -0.0016813687980175018 -0.00029281526803970337 0.0012111663818359375
0.140014456 -0.002022160217165947 -0.00026415660977363586 0.0014407634735107422
0.160049363 -0.0022560078650712967 -0.0002201460301876068 0.0015845298767089844
0.180118443 -0.0026112310588359833 -0.00014794431626796722 0.001783132553100586
0.200078673 -0.0028539039194583893 -8.068419992923737e-05 0.0019042491912841797
0.21997705 -0.00320286862552166 4.026293754577637e-05 0.002069711685180664
0.240008403 -0.0034324675798416138 0.0001176595687866211 0.00217437744140625
0.260055087 -0.0037582404911518097 0.00024203211069107056 0.0023055076599121094
0.280055004 -0.0040375348180532455 0.00017183739691972733 0.0024788379669189453
0.299997412 -0.004485761746764183 -1.8574297428131104e-05 0.002779245376586914
0.319973611 -0.004769532009959221 -0.00011475570499897003 0.0029506683349609375
0.339993358 -0.0051732175052165985 -0.00026978831738233566 0.003155946731567383
0.360050613 -0.00540878064930439 -0.0003682700917124748 0.0032813549041748047
0.380050983 -0.005739990621805191 -0.0005135927349328995 0.003445148468017578
0.400000553 -0.0059589724987745285 -0.0006196526810526848 0.0035424232482910156
0.419983037 -0.006289318203926086 -0.0007847081869840622 0.0036652088165283203
0.439995995 -0.006514634937047958 -0.0009082164615392685 0.0037293434143066406
0.460026592 -0.006814848631620407 -0.0010681478306651115 0.003766775131225586
0.48015824 -0.006952783092856407 -0.001025117002427578 0.003702878952026367
0.50000439 -0.0071326252073049545 -0.0008839666843414307 0.0035622119903564453
0.519991001 -0.007247058674693108 -0.0007597310468554497 0.0034575462341308594
0.539984731 -0.007415147498250008 -0.000578111968934536 0.003240823745727539
0.560037332 -0.0075125377625226974 -0.00044109299778938293 0.0030908584594726562
0.580183062 -0.007609665393829346 -0.0002513183280825615 0.0028514862060546875
0.599976482 -0.007665235549211502 -0.00014383718371391296 0.002686738967895508
0.619990759 -0.007664255797863007 2.967752516269684e-05 0.0024340152740478516
0.639984135 -0.007664162665605545 0.00013692304491996765 0.002287626266479492
0.660053432 -0.007665328681468964 0.00028425082564353943 0.002077341079711914
0.680198687 -0.00771644152700901 0.00026011932641267776 0.0020101070404052734
0.6999921 -0.007870199158787727 4.144851118326187e-05 0.0020165443420410156
0.719973244 -0.007968306541442871 -9.18051227927208e-05 0.0020432472229003906
0.740011933 -0.008122432976961136 -0.0003141695633530617 0.0020918846130371094
0.760009679 -0.00822015292942524 -0.0004648743197321892 0.002133607864379883
0.780073832 -0.008396077901124954 -0.0007053548470139503 0.0021615028381347656
0.800030437 -0.008529480546712875 -0.0008835690096020699 0.0021677017211914062
0.820005769 -0.00878024473786354 -0.0011941026896238327 0.0021409988403320312
0.840019914 -0.008955640718340874 -0.0013991771265864372 0.0021255016326904297
0.860001793 -0.00923108495771885 -0.001704605296254158 0.0020902156829833984
0.88009645 -0.00936104916036129 -0.001728372648358345 0.001924276351928711
0.900028673 -0.00953994132578373 -0.0016894489526748657 0.0015933513641357422
0.91998551 -0.009669087827205658 -0.0016391277313232422 0.001348257064819336
0.940031754 -0.00988374650478363 -0.0015778280794620514 0.0010123252868652344
0.960016406 -0.01004096120595932 -0.0015316987410187721 0.0007719993591308594
0.980133707 -0.010309053584933281 -0.001432672142982483 0.0003788471221923828
1.000060243 -0.010503292083740234 -0.001370234414935112 0.00011110305786132812
1.019971627 -0.01071247085928917 -0.0010393653064966202 -0.0002040863037109375
1.040011265 -0.010838396847248077 -0.0007618824020028114 -0.00037097930908203125
1.059972432 -0.011049749329686165 -0.0003644227981567383 -0.0006234645843505859
1.080105206 -0.011155087500810623 3.526918590068817e-06 -0.0008134841918945312
1.100008174 -0.011255012825131416 0.0006773089990019798 -0.0011413097381591797
1.120015828 -0.011323411017656326 0.001119891181588173 -0.001371622085571289
1.140076687 -0.011444054543972015 0.0017754221335053444 -0.001794576644897461
1.160042167 -0.011535374447703362 0.00219564326107502 -0.002072572708129883
1.180227268 -0.011731106787919998 0.0028509795665740967 -0.002507925033569336
1.200015383 -0.011869831010699272 0.0032594087533652782 -0.0027892589569091797
1.219965577 -0.012106655165553093 0.0038871881552040577 -0.0032286643981933594
1.240005088 -0.012276608496904373 0.004287949297577143 -0.0034961700439453125
1.259934819 -0.01255076378583908 0.004863174166530371 -0.0038819313049316406
1.280091638 -0.012679697945713997 0.005350103601813316 -0.0041692256927490234
1.30005548 -0.012804724276065826 0.006182991899549961 -0.004659891128540039
1.319985443 -0.01287616416811943 0.006706532556563616 -0.004984617233276367
1.340017008 -0.01295522041618824 0.007433680817484856 -0.005522966384887695
1.359981051 -0.013005271553993225 0.007887132931500673 -0.005872964859008789
1.380273287 -0.013003198429942131 0.008531618863344193 -0.006367921829223633
1.400063365 -0.012985356152057648 0.008932289783842862 -0.006684303283691406
1.420002773 -0.012845156714320183 0.009705620643217117 -0.007009267807006836
1.440017389 -0.012660806998610497 0.010237260605208576 -0.0071103572845458984
1.45996974 -0.012408958747982979 0.011001183360349387 -0.007264614105224609
1.480088714 -0.012181241065263748 0.011473789345473051 -0.007329225540161133
1.500074329 -0.011837564408779144 0.012135664466768503 -0.007406711578369141
1.519998053 -0.0115883257240057 0.012540138326585293 -0.0074310302734375
1.540007722 -0.011193592101335526 0.013098806608468294 -0.007374286651611328
1.560002889 -0.010933393612504005 0.013445378979668021 -0.007332324981689453
1.580045038 -0.010524855926632881 0.013900908408686519 -0.007207155227661133
1.600106582 -0.01025768369436264 0.014201158192008734 -0.007122993469238281
1.619990034 -0.009976956993341446 0.014382365625351667 -0.00715947151184082
1.640040583 -0.009796585887670517 0.014474244322627783 -0.007196187973022461
1.659995784 -0.0095328688621521 0.014583372510969639 -0.007246971130371094
1.68023783 -0.009345214813947678 0.014638743828982115 -0.007274150848388672
1.700049374 -0.009082764387130737 0.014704052358865738 -0.00729060173034668
1.719983476 -0.008924081921577454 0.014731110073626041 -0.00729680061340332
1.740011556 -0.008695390075445175 0.014755770098417997 -0.007264614105224609
1.760022207 -0.00855741836130619 0.014757155440747738 -0.007242679595947266
1.780096161 -0.008358210325241089 0.014793051406741142 -0.007115602493286133
1.800370241 -0.0082335714250803 0.014813260175287724 -0.00702214241027832
1.81998957 -0.008058831095695496 0.014838218223303556 -0.006888866424560547
1.839973489 -0.007960502058267593 0.01488150842487812 -0.006790637969970703
1.859965907 -0.007834872230887413 0.014933787751942873 -0.00665593147277832
1.881771362 -0.007754238322377205 0.014986852649599314 -0.006583213806152344
1.901066589 -0.007525483146309853 0.015320321545004845 -0.006640434265136719
1.921087229 -0.007382599636912346 0.015534816775470972 -0.00668787956237793
1.941121924 -0.007143868133425713 0.015837345272302628 -0.0067293643951416016
1.96108883 -0.006991120055317879 0.0160293560475111 -0.006744384765625
1.981779115 -0.006771441549062729 0.016303333919495344 -0.006741046905517578
2.001126471 -0.0066275279968976974 0.01647494873031974 -0.00673222541809082
2.02107349 -0.00641137920320034 0.01672990433871746 -0.006705760955810547
2.041063118 -0.006156975403428078 0.01711496990174055 -0.006529569625854492
2.061057002 -0.005779588595032692 0.017692601773887873 -0.006270170211791992
2.081202674 -0.005525609478354454 0.01807504240423441 -0.006093740463256836
2.101315814 -0.005114197731018066 0.018653581850230694 -0.005810737609863281
2.121073134 -0.004841428250074387 0.019028233364224434 -0.005627155303955078
2.141056747 -0.00438501313328743 0.01961648464202881 -0.005290508270263672
2.161066899 -0.00408514030277729 0.020008115097880363 -0.005053043365478516
2.181260002 -0.003641832619905472 0.020594549365341663 -0.004705190658569336
2.201125036 -0.0033690668642520905 0.020971099846065044 -0.004457712173461914
2.221080329 -0.003005918115377426 0.02150710579007864 -0.004094123840332031
2.241061948 -0.0028047002851963043 0.021849311888217926 -0.0038428306579589844
2.26102441 -0.002541782334446907 0.022323445416986942 -0.0034797191619873047
2.281464714 -0.0024005211889743805 0.022606666199862957 -0.003240823745727539
2.301135836 -0.0022747553884983063 0.022878818213939667 -0.002825498580932617
2.321032205 -0.002269810065627098 0.022905862890183926 -0.0024809837341308594
2.341047356 -0.002305973321199417 0.022883031517267227 -0.001953125
2.361037045 -0.0023455284535884857 0.02284859400242567 -0.001600027084350586
2.382886184 -0.0024332329630851746 0.022772164084017277 -0.0010378360748291016
2.402186391 -0.002496616914868355 0.022695014253258705 -0.0006310939788818359
2.422205481 -0.0026118289679288864 0.022544950246810913 -3.886222839355469e-05
2.442204703 -0.002701081335544586 0.022416438907384872 0.0003788471221923828
2.46390869 -0.0028471481055021286 0.022202872671186924 0.0009758472442626953
2.483438115 -0.0029549095779657364 0.022047769278287888 0.0013561248779296875
2.503366237 -0.003025596961379051 0.02199037652462721 0.0017659664154052734
2.523313928 -0.0030592624098062515 0.021999782882630825 0.001981973648071289
2.543320081 -0.003118520602583885 0.02201130334287882 0.002223491668701172
2.563600321 -0.003165578469634056 0.022015568800270557 0.002370119094848633
2.584032292 -0.0032471511512994766 0.0220164954662323 0.0025713443756103516
2.603358789 -0.0033019669353961945 0.022028320468962193 0.002706289291381836
2.623336216 -0.0033866241574287415 0.022082206793129444 0.002923727035522461
2.643350439 -0.003388509154319763 0.02228454500436783 0.0031867027282714844
2.665195007 -0.0034114662557840347 0.02255248837172985 0.003564119338989258
2.685874174 -0.003439914435148239 0.0227113189175725 0.003793001174926758
2.705904361 -0.003473866730928421 0.022912949323654175 0.004102230072021484
2.72591122 -0.0035033859312534332 0.02303106989711523 0.004295825958251953
2.746038682 -0.003558121621608734 0.023184115067124367 0.004569530487060547
2.766526725 -0.0035620033740997314 0.02328072488307953 0.00475311279296875
2.785954193 -0.0035881735384464264 0.02340312860906124 0.004977226257324219
2.805902617 -0.003620615229010582 0.023434066213667393 0.00509953498840332
2.825904086 -0.003700392320752144 0.023433081805706024 0.005274295806884766
2.846009129 -0.0037811174988746643 0.023385554552078247 0.005396842956542969
2.866264107 -0.0038899891078472137 0.023272777907550335 0.0055844783782958984
2.885929071 -0.003965780138969421 0.023179269395768642 0.0056993961334228516
2.90590248 -0.004049709066748619 0.02298813685774803 0.0058896541595458984
2.925897708 -0.004109671339392662 0.022844807244837284 0.0060214996337890625
2.946035889 -0.004205984994769096 0.022609001025557518 0.006234407424926758
2.966044594 -0.004273964092135429 0.022424034774303436 0.006405830383300781
2.985964506 -0.00439070537686348 0.022123380564153194 0.006693601608276367
3.00725805 -0.004476161673665047 0.021900320425629616 0.006917715072631836
3.027242627 -0.0045494865626096725 0.021723116748034954 0.007408857345581055
3.047822277 -0.004584845155477524 0.021655728109180927 0.00779271125793457
3.067338478 -0.004671519622206688 0.02154930867254734 0.008400201797485352
3.087232154 -0.004745440557599068 0.021472995169460773 0.008824825286865234
3.10724395 -0.004929844290018082 0.021333583630621433 0.009530305862426758
3.127238628 -0.005082577466964722 0.021237934939563274 0.010005950927734375
3.147417675 -0.005351843312382698 0.021090177819132805 0.010707855224609375
3.167275064 -0.005587004125118256 0.02100702654570341 0.011172771453857422
3.187249913 -0.005975095555186272 0.020876329392194748 0.011862754821777344
3.207295754 -0.006276389583945274 0.020787741988897324 0.01231837272644043
3.227253696 -0.00677885115146637 0.020677451975643635 0.01297903060913086
3.247593238 -0.007132111117243767 0.020606307312846184 0.013439655303955078
3.267293282 -0.007718592882156372 0.020474649965763092 0.014109611511230469
3.287228646 -0.008125925436615944 0.020392389968037605 0.014548301696777344
3.30723574 -0.008761933073401451 0.02027593646198511 0.015191793441772461
3.327229969 -0.009254002943634987 0.0200456865131855 0.015512943267822266
3.347363491 -0.009925257414579391 0.019857321865856647 0.015777111053466797
3.367632132 -0.010342968627810478 0.01973359752446413 0.01592564582824707
3.387230667 -0.010980268940329552 0.019530917517840862 0.016096115112304688
3.407241942 -0.01141444407403469 0.01938095409423113 0.016181468963623047
3.427267388 -0.012044703587889671 0.019127151928842068 0.016295671463012695
3.448272797 -0.012461312115192413 0.01894462015479803 0.016330957412719727
3.468581691 -0.013048995286226273 0.018634457141160965 0.016366243362426758
3.488576005 -0.013428499922156334 0.018428809940814972 0.01639699935913086
3.508602485 -0.013979505747556686 0.018121017143130302 0.016452789306640625
3.528558508 -0.01430068165063858 0.017950402107089758 0.016467809677124023
3.549179815 -0.01475512608885765 0.017700111493468285 0.016376495361328125
3.569181422 -0.015011817216873169 0.017552918754518032 0.01630401611328125
3.588609551 -0.015366218984127045 0.017339455895125866 0.01619553565979004
3.609730461 -0.015593525022268295 0.017126089427620173 0.01617908477783203
3.629870481 -0.015948552638292313 0.016681384295225143 0.016254663467407227
3.652041168 -0.016177810728549957 0.016381912864744663 0.016318798065185547
3.671977039 -0.016452457755804062 0.015970562119036913 0.016437768936157227
3.691972433 -0.016625624150037766 0.01569712581112981 0.01653575897216797
3.712034723 -0.01687031239271164 0.015285909175872803 0.016706228256225586
3.732789028 -0.01698453351855278 0.01503351517021656 0.016842126846313477
3.752019844 -0.01714448258280754 0.014643310569226742 0.0170896053314209
3.771991551 -0.01721591129899025 0.014390524476766586 0.017253875732421875
3.791996361 -0.017254982143640518 0.014140755869448185 0.01748514175415039
3.811989974 -0.01722857728600502 0.01409468101337552 0.0175778865814209
3.833599102 -0.017099663615226746 0.014089923817664385 0.017703771591186523
3.853483636 -0.017034322023391724 0.014062264934182167 0.01777815818786621
3.873456095 -0.01688644289970398 0.014074881561100483 0.017863035202026367
3.893467616 -0.016772866249084473 0.01407710649073124 0.017903804779052734
3.913597782 -0.016582082957029343 0.014070143923163414 0.017943859100341797
3.933550604 -0.01640281453728676 0.014090379234403372 0.017935991287231445
3.953588519 -0.01614203304052353 0.014106897171586752 0.01791548728942871
3.973454002 -0.015953510999679565 0.014124985784292221 0.017885684967041016
3.993468092 -0.01562643051147461 0.014173468109220266 0.017806529998779297
4.013682134 -0.015407215803861618 0.01419870788231492 0.01774287223815918
4.035211588 -0.015016913414001465 0.014307528734207153 0.017611265182495117
4.054708981 -0.014750462025403976 0.014390422496944666 0.017529726028442383
4.074682353 -0.01434195414185524 0.014525526203215122 0.01738119125366211
4.094693116 -0.01404658704996109 0.01464364817366004 0.01725316047668457
4.114872085 -0.013647627085447311 0.014776932541280985 0.017041683197021484
4.134788792 -0.013353085145354271 0.014861477073282003 0.016887664794921875
4.154706853 -0.012926040217280388 0.014947408344596624 0.016672611236572266
4.174683577 -0.01263345219194889 0.014981159009039402 0.016529083251953125
4.194703502 -0.01220029592514038 0.015011091250926256 0.016347646713256836
4.214965538 -0.011927006766200066 0.015009522438049316 0.016239404678344727
4.234858536 -0.011521462351083755 0.015003019478172064 0.016107797622680664
4.254700668 -0.011264242231845856 0.014975323341786861 0.016055822372436523
4.274666312 -0.010829774662852287 0.015057798475027084 0.01589202880859375
4.294760953 -0.010505367070436478 0.01514985365793109 0.015753507614135742
4.316580384 -0.010034982115030289 0.015269404742866755 0.01554560661315918
4.335868603 -0.009714961051940918 0.015349274035543203 0.015405416488647461
4.355835 -0.009232224896550179 0.015476357191801071 0.015281200408935547
4.375822211 -0.008923666551709175 0.015550120733678341 0.015197038650512695
4.395814417 -0.008462438359856606 0.015686665661633015 0.015082597732543945
4.416317701 -0.008168619126081467 0.015772429760545492 0.015008926391601562
4.435866099 -0.007727568969130516 0.01594612980261445 0.014924764633178711
4.455828493 -0.007449692115187645 0.01606446085497737 0.014873981475830078
4.475809485 -0.007055683061480522 0.01624739123508334 0.014805316925048828
4.495823007 -0.006801929324865341 0.016399764455854893 0.014758586883544922
4.515984551 -0.0064558908343315125 0.016590668354183435 0.014675140380859375
4.535845945 -0.006246266886591911 0.016696015372872353 0.014606952667236328
4.555829931 -0.005964653566479683 0.01681506773456931 0.014476299285888672
4.575823514 -0.005798935890197754 0.016869657207280397 0.014379501342773438
4.595824535 -0.0055597517639398575 0.016934817656874657 0.014221668243408203
4.616013483 -0.005405517295002937 0.01694569457322359 0.01410984992980957
4.63584866 -0.005181597545742989 0.016914905980229378 0.013933181762695312
4.656292485 -0.005028886720538139 0.01687012193724513 0.013798713684082031
4.675815054 -0.004795651882886887 0.016768965870141983 0.013573408126831055
4.69583867 -0.00460241362452507 0.016685584094375372 0.013403654098510742
4.716528014 -0.00432593934237957 0.016540447250008583 0.013142824172973633
4.735878176 -0.004137126728892326 0.016438654623925686 0.012960672378540039
4.75582766 -0.003843972459435463 0.016289157792925835 0.012669563293457031
4.775839858 -0.003657134249806404 0.01617898093536496 0.012468576431274414
4.795809761 -0.003378337249159813 0.016029059421271086 0.012117862701416016
4.816111918 -0.003199690952897072 0.01590768015012145 0.011877298355102539
4.835884235 -0.002942495048046112 0.01569424942135811 0.01150965690612793
4.855862189 -0.0027378443628549576 0.015542961191385984 0.011228084564208984
4.875865251 -0.0024451930075883865 0.015287312213331461 0.010799646377563477
4.895829628 -0.002246776595711708 0.015100203920155764 0.010513067245483398
4.916092714 -0.0019637178629636765 0.01478614890947938 0.010106325149536133
4.935992678 -0.0017722956836223602 0.014552343171089888 0.009827375411987305
4.955905354 -0.001468021422624588 0.014167742803692818 0.009431838989257812
4.9758038 -0.0012763142585754395 0.01388033339753747 0.009171485900878906
4.995818303 -0.0009140912443399429 0.013384548015892506 0.008815288543701172
5.016030274 -0.0006491933017969131 0.013054934097453952 0.008580446243286133
5.036051216 -0.0002196580171585083 0.012560468167066574 0.008214950561523438
5.055835998 0.00011733733117580414 0.012247673235833645 0.007987260818481445
5.075863822 0.0006099417805671692 0.011769954464398324 0.007631540298461914
5.095850245 0.0009465310722589493 0.011450605117715895 0.007376670837402344
5.11614903 0.0014312360435724258 0.010940109903458506 0.007045745849609375
5.135973098 0.0017544552683830261 0.010630372038576752 0.006848335266113281
5.155871433 0.0022024642676115036 0.010213129215117078 0.006525516510009766
5.175822799 0.002479768358170986 0.009916799041093327 0.006315708160400391
5.195873019 0.0028551174327731133 0.009535776800476015 0.0059947967529296875
5.215967071 0.003078536130487919 0.009293377224821597 0.005783796310424805
5.235894972 0.003375091589987278 0.008944783941842616 0.005474090576171875
5.255834161 0.0035503003746271133 0.008753820904530585 0.005282163619995117
5.275856687 0.003789108246564865 0.00849493674468249 0.005006313323974609
5.295881991 0.003915601409971714 0.008359206025488675 0.00481724739074707
5.31768384 0.004064884036779404 0.008199472329579294 0.004509925842285156
5.337209128 0.0041509997099637985 0.00809580716304481 0.004305839538574219
5.357171866 0.004281190223991871 0.008037723135203123 0.0039861202239990234
5.377155052 0.004367384128272533 0.007988487835973501 0.0038194656372070312
5.397174612 0.004443344660103321 0.007875621551647782 0.0037670135498046875
5.418321316 0.00443850364536047 0.007778601022437215 0.0039272308349609375
5.438179878 0.004326637834310532 0.007523896638303995 0.00460362434387207
5.458177254 0.004189999774098396 0.007340636337175965 0.005477190017700195
5.478207191 0.00392468087375164 0.0069902625400573015 0.007412910461425781
5.498216695 0.0037206625565886497 0.006727048195898533 0.009179353713989258
5.518235503 0.00338912196457386 0.00628879782743752 0.012650012969970703
5.538150035 0.003165951929986477 0.005961479619145393 0.015515327453613281
5.558188178 0.0028624534606933594 0.005461723078042269 0.020865678787231445
5.578143016 0.002689087763428688 0.005100514739751816 0.025100231170654297
5.598229366 0.002489618957042694 0.004522448871284723 0.03249764442443848
5.618344081 0.002415674738585949 0.004136879928410053 0.03824663162231445
5.638155436 0.002393011935055256 0.00355696864426136 0.04793405532836914
5.658170318 0.0024484870955348015 0.003188486211001873 0.055188894271850586
5.67811017 0.002620893530547619 0.0026402631774544716 0.06729936599731445
5.698238928 0.0028056800365448 0.0022806022316217422 0.07611417770385742
5.718407084 0.0032087471336126328 0.0017843181267380714 0.09061384201049805
5.738166249 0.0035524284467101097 0.001460903324186802 0.101043701171875
5.75814339 0.004260089248418808 0.0010742247104644775 0.11816763877868652
5.77813976 0.004835519939661026 0.0008480558171868324 0.1304020881652832
5.798232205 0.0058514028787612915 0.0005569206550717354 0.14998102188110352
5.818294647 0.006646688096225262 0.0004220958799123764 0.16401076316833496
5.838152049 0.0079579446464777 0.00025120191276073456 0.18620896339416504
5.858151057 0.008923040702939034 0.0001744478940963745 0.20189428329467773
5.878133927 0.010493509471416473 0.00011938530951738358 0.2267141342163086
5.898243288 0.01160680828616023 0.00010249204933643341 0.24402165412902832
5.918357282 0.01340689416974783 0.00013442151248455048 0.27144312858581543
5.938132461 0.014675858430564404 0.00017163995653390884 0.2905313968658447
5.95822458 0.016668425290845335 0.0002237427979707718 0.3203911781311035
5.978128011 0.018048804049612954 0.000284634530544281 0.34108829498291016
5.998177569 0.020190190756693482 0.00040981732308864594 0.37331223487854004
6.018583291 0.021686820313334465 0.0005307085812091827 0.3957219123840332
6.038126372 0.02397423516958952 0.0007333066314458847 0.4304509162902832
6.058150017 0.025532211177051067 0.000919281505048275 0.45444297790527344
6.078112776 0.027928858064115047 0.0013055745512247086 0.4916853904724121
6.098228927 0.02954300120472908 0.0015703598037362099 0.5172438621520996
6.119317192 0.03203986492007971 0.002100149169564247 0.5569808483123779
6.139246521 0.03371790051460266 0.0024778074584901333 0.5842609405517578
6.159216459 0.03624286502599716 0.003061596304178238 0.6263527870178223
6.179250954 0.03794471360743046 0.003505189437419176 0.6553401947021484
6.199384064 0.0404768493026495 0.004169653635472059 0.6998703479766846
6.219275058 0.04215193912386894 0.004638010170310736 0.7303450107574463
6.239198779 0.04462147317826748 0.0053139361552894115 0.7771036624908447
6.259220424 0.04623954929411411 0.005789817776530981 0.809086799621582
6.279171392 0.04859586991369724 0.006515060318633914 0.8582360744476318
6.299505842 0.050123460590839386 0.006978461053222418 0.8916916847229004
6.32043198 0.05227604880928993 0.007752801990136504 0.9431877136230469
6.340480993 0.05365264043211937 0.00827757955994457 0.9782419204711914
6.360428717 0.05562545359134674 0.009074129979126155 1.0318970680236816
6.380415373 0.056841135025024414 0.009669946099165827 1.068537712097168
6.40068675 0.05859704315662384 0.010554716747719795 1.1244416236877441
6.420455432 0.05972154811024666 0.01117306004744023 1.162388801574707
6.440421192 0.06134111061692238 0.012140494072809815 1.2202229499816895
6.460430799 0.062371864914894104 0.012773438356816769 1.2592344284057617
6.480394898 0.06387300416827202 0.013815025333315134 1.3186206817626953
6.500702177 0.06482015177607536 0.014457273297011852 1.35847806930542
6.520484462 0.06618694588541985 0.015481023117899895 1.4189338684082031
6.540423449 0.06703926622867584 0.01615652209147811 1.4595184326171875
6.560447944 0.06822961568832397 0.017156426794826984 1.520763874053955
6.580429788 0.06894819065928459 0.017845594324171543 1.5618972778320312
6.600696049 0.06994907185435295 0.01882073935121298 1.6238222122192383
6.620472217 0.0705714076757431 0.019453453831374645 1.665285587310791
6.64044771 0.0714227706193924 0.0203494755551219 1.7276945114135742
6.660423663 0.07193490117788315 0.02089487388730049 1.769392967224121
6.680387979 0.0725819580256939 0.02167285420000553 1.832143783569336
6.701055226 0.0729457475244999 0.022134807892143726 1.8740477561950684
6.720543479 0.07339149713516235 0.02274275477975607 1.936997413635254
6.740405983 0.07359406724572182 0.023091154173016548 1.9790501594543457
6.760425241 0.07382119819521904 0.023536760360002518 2.042151927947998
6.780415884 0.07389559596776962 0.02375639881938696 2.084287643432617
6.800896736 0.07393186166882515 0.024014019407331944 2.1475138664245605
6.820471307 0.07390854135155678 0.024138706736266613 2.1896872520446777
6.840439819 0.07382071390748024 0.024251063354313374 2.253000259399414
6.860425728 0.07372095063328743 0.024278361350297928 2.29522705078125
6.880413987 0.07349562272429466 0.024245583452284336 2.3586015701293945
6.900614479 0.07330502569675446 0.02417885512113571 2.4008688926696777
6.920475452 0.07296079024672508 0.024011091329157352 2.4643006324768066
6.940428789 0.07272323593497276 0.023848922923207283 2.5066370964050293
6.960422535 0.07231947779655457 0.02353051770478487 2.570168972015381
6.980409213 0.07203361764550209 0.02326387818902731 2.612553119659424
7.000758626 0.07159114256501198 0.022785854525864124 2.6761460304260254
7.020493343 0.07126875221729279 0.022422391921281815 2.718552589416504
7.040420586 0.07077651843428612 0.021811184473335743 2.782162666320801
7.060418728 0.07042300328612328 0.021364488638937473 2.824589729309082
7.080388852 0.06992223486304283 0.02058644313365221 2.8882670402526855
7.10083431 0.06957536563277245 0.020018347539007664 2.9307427406311035
7.120468893 0.06903350353240967 0.019093617796897888 2.9944934844970703
7.140630476 0.06871965900063515 0.018427849747240543 3.0370287895202637
7.16044472 0.06823057308793068 0.017385262995958328 3.100882053375244
7.180405537 0.06792079284787178 0.01666118297725916 3.1434993743896484
7.200594468 0.0674997977912426 0.015524860005825758 3.2074923515319824
7.220477376 0.06721168383955956 0.014739582315087318 3.250187873840332
7.240406254 0.06689547002315521 0.01352670625783503 3.314302921295166
7.260412088 0.06668448075652122 0.012694004457443953 3.357081413269043
7.280416727 0.06636463478207588 0.011408995022065938 3.421304702758789
7.300619341 0.06614729389548302 0.010532371350564063 3.464141845703125
7.320507647 0.06581412628293037 0.00919062364846468 3.528428554534912
7.340437228 0.06563602387905121 0.008265273179858923 3.5712976455688477
7.360441516 0.06533292308449745 0.006835201987996697 3.635639190673828
7.380433381 0.06512966379523277 0.005842879880219698 3.6785545349121094
7.400814113 0.0648055262863636 0.004279017448425293 3.7429990768432617
7.420478359 0.06456185504794121 0.0032073305919766426 3.7860007286071777
7.440418259 0.06422131136059761 0.0015124883502721786 3.8505868911743164
7.460403056 0.06398096308112144 0.0003594905138015747 3.8936944007873535
7.480384973 0.06359954178333282 -0.001401497982442379 3.9584288597106934
7.500597218 0.06334847584366798 -0.0026253415271639824 4.001649856567383
7.52046098 0.06294436380267143 -0.00449152197688818 4.066555500030518
7.540430081 0.06267966330051422 -0.005775677040219307 4.109892845153809
7.560432842 0.062244921922683716 -0.007725600153207779 4.17496395111084
7.580430774 0.06194566935300827 -0.009060567244887352 4.218400001525879
7.600752889 0.061481766402721405 -0.011115513741970062 4.28363037109375
7.620488405 0.061148013919591904 -0.012497622519731522 4.327157020568848
7.640413402 0.06066504120826721 -0.014653893187642097 4.39254903793335
7.660421133 0.06034645438194275 -0.016099760308861732 4.436187744140625
7.680393409 0.05987401679158211 -0.018277844414114952 4.501707553863525
7.700860295 0.059585366398096085 -0.019759980961680412 4.545446395874023
7.720765137 0.05911317840218544 -0.021990792825818062 4.611101150512695
7.740419356 0.058787908405065536 -0.023507075384259224 4.654904842376709
7.760474579 0.058271244168281555 -0.025800878182053566 4.72067403793335
7.780437161 0.05789922922849655 -0.02732355333864689 4.764554023742676
7.800589575 0.05730961635708809 -0.029578672721982002 4.830452919006348
7.82050831 0.05688086152076721 -0.031054114922881126 4.87441349029541
7.840422523 0.05623984336853027 -0.03320847265422344 4.940412998199463
7.860452413 0.055799879133701324 -0.034607646986842155 4.9844584465026855
7.880398345 0.055120158940553665 -0.03665238805115223 5.050593376159668
7.900620836 0.05467360094189644 -0.03795910067856312 5.094734191894531
7.920494459 0.053972549736499786 -0.03987248055636883 5.160998344421387
7.940436021 0.053497642278671265 -0.04111524485051632 5.205221176147461
7.960544678 0.05275433883070946 -0.04293370433151722 5.271611213684082
7.980407934 0.05223396047949791 -0.04411369748413563 5.315901756286621
8.000628419 0.05140073224902153 -0.045838842168450356 5.382393836975098
8.020512866 0.05081455409526825 -0.0469649825245142 5.426749229431152
8.040421736 0.049893107265233994 -0.04861823283135891 5.493321418762207
8.060431829 0.04924504831433296 -0.04971320740878582 5.5377197265625
8.080392724 0.0482354499399662 -0.05130231939256191 5.604358673095703
8.100621386 0.047515200451016426 -0.0523292925208807 5.648798942565918
8.120594297 0.046406183391809464 -0.05380919761955738 5.715481758117676
8.14045592 0.04565264284610748 -0.05474969930946827 5.759943962097168
8.160446646 0.04449397884309292 -0.05609286017715931 5.826656341552734
8.180408671 0.043703000992536545 -0.05694808252155781 5.871153831481934
8.200645563 0.04247785359621048 -0.05813007988035679 5.937915802001953
8.220981008 0.04164215177297592 -0.058849917724728584 5.98244571685791
8.240446212 0.040363796055316925 -0.059832485392689705 6.04926872253418
8.260444875 0.03951935097575188 -0.060416826978325844 6.09385871887207
8.280419098 0.03824296593666077 -0.06122083403170109 6.160793304443359
8.300620282 0.0373934730887413 -0.06169121153652668 6.205451011657715
8.320674825 0.03610839135944843 -0.062307776883244514 6.272486686706543
8.340444971 0.03524206206202507 -0.06267652846872807 6.31721305847168
8.360460693 0.03394553251564503 -0.06316903419792652 6.384319305419922
8.38043521 0.033077310770750046 -0.06346376426517963 6.429080963134766
8.400550484 0.031810661777853966 -0.06381726451218128 6.496197700500488
8.420601989 0.03097627032548189 -0.06403117813169956 6.540959358215332
8.440434487 0.029739899560809135 -0.06431915797293186 6.608135223388672
8.460440751 0.02893542591482401 -0.064481595531106 6.652914047241211
8.480372079 0.027720918878912926 -0.06468539126217365 6.720118522644043
8.500512041 0.026907765306532383 -0.0647901613265276 6.764932632446289
8.520881353 0.025670673698186874 -0.06491135247051716 6.832175254821777
8.540435017 0.024837376084178686 -0.06497048772871494 6.877032279968262
8.560408259 0.023566010408103466 -0.06506709940731525 6.9442853927612305
8.580435279 0.022704244125634432 -0.06512092240154743 6.989134788513184
8.600467854 0.021392768947407603 -0.06518723256886005 7.056432723999023
8.620986867 0.020502824569121003 -0.06521325744688511 7.1013031005859375
8.640450082 0.019143166369758546 -0.0652271006256342 7.168614387512207
8.660435132 0.018194502335973084 -0.06522585637867451 7.213438987731934
8.680385529 0.016742190695367754 -0.06519371457397938 7.280710220336914
8.700456533 0.01573226531036198 -0.06515059806406498 7.32554817199707
8.720649291 0.014166711131110787 -0.06507759727537632 7.392823219299316
8.740509564 0.01311271358281374 -0.06501674093306065 7.437712669372559
8.76042195 0.011432628147304058 -0.0649211872369051 7.505030632019043
8.780427034 0.010304835624992847 -0.06486049480736256 7.549936294555664
8.800455608 0.008602820336818695 -0.06477347947657108 7.617336273193359
8.820582759 0.00742622185498476 -0.06472598947584629 7.662290573120117
8.840449809 0.005653479136526585 -0.06464939750730991 7.729789733886719
8.860435612 0.004447778686881065 -0.0646094623953104 7.7748212814331055
8.880390814 0.0026419349014759064 -0.06454185582697392 7.842432975769043
8.900448067 0.0014251042157411575 -0.06450371630489826 7.887534141540527
8.920675662 -0.0003903862088918686 -0.06445909477770329 7.955223083496094
8.940445579 -0.0015875566750764847 -0.06442456878721714 8.000390529632568
8.960457356 -0.0033889729529619217 -0.0644338671118021 8.068122386932373
8.980425305 -0.004588024690747261 -0.06442746706306934 8.113305568695068
9.000499829 -0.0063818227499723434 -0.06440025754272938 8.18112325668335
9.020503004 -0.007570842280983925 -0.06437833048403263 8.226340770721436
9.040443096 -0.009327219799160957 -0.06432111747562885 8.294236660003662
9.060426678 -0.010485246777534485 -0.06427058018743992 8.339538097381592
9.080395434 -0.012207336723804474 -0.06416973657906055 8.407535076141357
9.100432076 -0.013336630538105965 -0.06408737041056156 8.4529128074646
9.120485868 -0.014966543763875961 -0.06394744105637074 8.520970821380615
9.14044877 -0.016027823090553284 -0.06383907236158848 8.56639814376831
9.16045116 -0.017589274793863297 -0.06365655548870564 8.63449239730835
9.180400319 -0.018618784844875336 -0.06350874342024326 8.67990255355835
9.20043044 -0.020143624395132065 -0.06325101293623447 8.748044490814209
9.220482219 -0.021163787692785263 -0.0630520898848772 8.79346227645874
9.240446786 -0.022653702646493912 -0.06272966600954533 8.861646175384521
9.260406701 -0.023619074374437332 -0.06249195523560047 8.907145977020264
9.280370568 -0.02503165602684021 -0.06211649067699909 8.975429058074951
9.300431721 -0.02594716101884842 -0.06185450591146946 9.020989894866943
9.320509282 -0.027286719530820847 -0.06141512282192707 9.089354991912842
9.340401838 -0.02816132828593254 -0.06108619458973408 9.134961605072021
9.360430311 -0.029441799968481064 -0.06054234690964222 9.203416347503662
9.380391477 -0.030266225337982178 -0.06012272275984287 9.2490553855896
9.400411042 -0.031455740332603455 -0.05948800779879093 9.31759786605835
9.421080595 -0.03220302611589432 -0.05901387520134449 9.36326551437378
9.440439684 -0.033280037343502045 -0.05827085115015507 9.431821346282959
9.460425472 -0.03397025540471077 -0.05773832090198994 9.477542400360107
9.480399402 -0.034968648105859756 -0.05689355172216892 9.546163082122803
9.500494616 -0.03560538589954376 -0.056315237656235695 9.5919508934021
9.521590526 -0.03653249144554138 -0.05538852699100971 9.660642147064209
9.541494063 -0.03713512793183327 -0.0547486636787653 9.706458568572998
9.561476882 -0.03801455721259117 -0.05375554598867893 9.775224208831787
9.581461717 -0.03856442868709564 -0.05304918624460697 9.82105016708374
9.601644413 -0.039338573813438416 -0.05197506584227085 9.889829158782959
9.622186779 -0.03981561213731766 -0.05123362876474857 9.935683727264404
9.641519581 -0.04049672931432724 -0.050089484080672264 10.004477977752686
9.661489711 -0.040925033390522 -0.04932110570371151 10.050368785858154
9.681456901 -0.041517551988363266 -0.048148659989237785 10.119224071502686
9.701660854 -0.04188039153814316 -0.04736530967056751 10.165158748626709
9.721531413 -0.04240911081433296 -0.046145906671881676 10.23405408859253
9.741512897 -0.04273846000432968 -0.045305194333195686 10.279994487762451
9.761538503 -0.043197520077228546 -0.04400510527193546 10.348927974700928
9.781457871 -0.043485816568136215 -0.04309733398258686 10.394870281219482
9.801553722 -0.043887633830308914 -0.04173208214342594 10.463830471038818
9.82166511 -0.04414349049329758 -0.04080165736377239 10.509814739227295
9.84156252 -0.04452335089445114 -0.039394037798047066 10.57881498336792
9.861491 -0.04476122930645943 -0.03846382163465023 10.624850749969482
9.881447723 -0.045111317187547684 -0.0370615404099226 10.693881511688232
9.90153537 -0.04534156993031502 -0.036139385774731636 10.739923000335693
9.922796032 -0.04568049684166908 -0.03477713651955128 10.809014797210693
9.942626695 -0.04589338228106499 -0.033891452476382256 10.855102062225342
9.962697353 -0.04619234427809715 -0.032598426565527916 10.924270153045654
9.982603692 -0.04642326012253761 -0.03174504451453686 10.970351696014404
10.002924818 -0.046735066920518875 -0.030494647100567818 11.039525508880615
10.022654698 -0.046924490481615067 -0.02967660315334797 11.085652828216553
10.042651319 -0.047179173678159714 -0.028486182913184166 11.15487813949585
10.062607225 -0.04732722416520119 -0.027716850861907005 11.201085567474365
10.082598447 -0.047511909157037735 -0.02653535269200802 11.27040433883667
10.10286487 -0.04761477932333946 -0.025751104578375816 11.316648006439209
10.122690788 -0.04774070158600807 -0.02457893081009388 11.386064052581787
10.142628559 -0.04781312122941017 -0.02376352809369564 11.43235731124878
10.162617593 -0.047893840819597244 -0.022564498707652092 11.501847743988037
10.182611307 -0.04793267324566841 -0.021765684708952904 11.54819631576538
10.202839147 -0.047963131219148636 -0.020578650757670403 11.617764949798584
10.222654724 -0.047970447689294815 -0.019774055108428 11.664165019989014
10.242681202 -0.04795369133353233 -0.018557118251919746 11.733788967132568
10.262674565 -0.04792210832238197 -0.017757749184966087 11.780236721038818
10.282612757 -0.04782858118414879 -0.016467351466417313 11.849904537200928
10.302794404 -0.04775547608733177 -0.015598105266690254 11.896373271942139
10.322726301 -0.04762858524918556 -0.014282673597335815 11.966113567352295
10.342648474 -0.047535333782434464 -0.0133365448564291 12.012601375579834
10.362615692 -0.047372426837682724 -0.01192823052406311 12.082372188568115
10.382613826 -0.04725391045212746 -0.010968474671244621 12.12889814376831
10.402824798 -0.04707572981715202 -0.009474426507949829 12.198716640472412
10.422724677 -0.04694641754031181 -0.008481919765472412 12.24529218673706
10.442645986 -0.04675997421145439 -0.006893288344144821 12.31516408920288
10.462609991 -0.04661450907588005 -0.005875283852219582 12.361785411834717
10.48258892 -0.046386074274778366 -0.004243294708430767 12.431716442108154
10.502856904 -0.046215903013944626 -0.0031430423259735107 12.478358745574951
10.522896551 -0.04593515768647194 -0.0014773933216929436 12.548356533050537
10.5426198 -0.04571814462542534 -0.00030535738915205 12.595027446746826
10.562595581 -0.04536621645092964 0.0014305254444479942 12.665067195892334
10.582628403 -0.04511516913771629 0.0026061544194817543 12.711766719818115
10.602776745 -0.044699203222990036 0.00441999826580286 12.781836986541748
10.622790387 -0.04440239816904068 0.005617690272629261 12.828574657440186
10.642639259 -0.04388877749443054 0.007531109731644392 12.898648738861084
10.662640444 -0.04351806640625 0.008816947345621884 12.945386409759521
10.682585887 -0.04292115196585655 0.010758071090094745 13.015525341033936
10.702786707 -0.04250480607151985 0.012102911481633782 13.06230115890503
10.7226719 -0.04186470806598663 0.014031230006366968 13.132516384124756
10.74260465 -0.041435662657022476 0.015337375458329916 13.179309368133545
10.762610349 -0.04077618941664696 0.01727378088980913 13.24953031539917
10.782668341 -0.040325358510017395 0.018589687533676624 13.296355724334717
10.802792166 -0.039655812084674835 0.020615302957594395 13.366605281829834
10.822891873 -0.039206117391586304 0.021947404369711876 13.413461208343506
10.842609649 -0.03855082020163536 0.024040418677031994 13.483741283416748
10.862635944 -0.038117147982120514 0.025434743613004684 13.530616283416748
10.882577706 -0.03747078403830528 0.02752082422375679 13.600963115692139
10.90286618 -0.03705925866961479 0.028956102207303047 13.647857189178467
10.922730246 -0.03644304722547531 0.031082015484571457 13.718228816986084
10.942632481 -0.03604312613606453 0.03253450058400631 13.765151500701904
10.962613281 -0.03546634316444397 0.03476033732295036 13.835532665252686
10.982604947 -0.03508376330137253 0.03621721640229225 13.882466793060303
11.00277948 -0.03452754393219948 0.03843265771865845 13.952846050262451
11.02266713 -0.034156203269958496 0.03987739607691765 13.999776363372803
11.04262249 -0.03363195061683655 0.04207927919924259 14.070117473602295
11.062592895 -0.0332886204123497 0.043519867584109306 14.117011547088623
11.082600248 -0.0327831506729126 0.04563709534704685 14.187354564666748
11.102751896 -0.03246381878852844 0.04704468511044979 14.234239101409912
11.122882358 -0.03198358416557312 0.04906179569661617 14.3045973777771
11.14261407 -0.0316719152033329 0.050366876646876335 14.35150671005249
11.162598107 -0.031186990439891815 0.05228003300726414 14.421851634979248
11.182601402 -0.030853599309921265 0.05349802039563656 14.468760967254639
11.202839797 -0.03030020371079445 0.05534759350121021 14.539073467254639
11.223882227 -0.029907651245594025 0.05655488558113575 14.585944652557373
11.243787774 -0.029287070035934448 0.05832287110388279 14.656243801116943
11.263636306 -0.02885107696056366 0.05947139672935009 14.703107357025146
11.283631889 -0.028167281299829483 0.06114955060184002 14.773398876190186
11.304228747 -0.027699850499629974 0.06231776811182499 14.820216655731201
11.323753963 -0.026994720101356506 0.06398962251842022 14.890477657318115
11.343619451 -0.026523489505052567 0.06508892215788364 14.937318325042725
11.363628113 -0.025783482939004898 0.06665719114243984 15.007611751556396
11.38362525 -0.025277938693761826 0.06763135083019733 15.054505825042725
11.403839071 -0.024420876055955887 0.06902452744543552 15.124864101409912
11.423702195 -0.023810382932424545 0.06988744251430035 15.171788692474365
11.443638591 -0.022836416959762573 0.07108176313340664 15.242204189300537
11.463625434 -0.022104822099208832 0.07182259298861027 15.289153575897217
11.483624049 -0.020991060882806778 0.07282343320548534 15.359612941741943
11.503781481 -0.020219922065734863 0.07342919521033764 15.406598567962646
11.523738009 -0.019039932638406754 0.07422912679612637 15.477107524871826
11.543651627 -0.01821761205792427 0.07470295391976833 15.524110317230225
11.563646817 -0.01692616567015648 0.07533486746251583 15.594624996185303
11.583622626 -0.016052689403295517 0.0756880696862936 15.641656398773193
11.604527546 -0.01464308425784111 0.07617869041860104 15.712193965911865
11.62491267 -0.013692259788513184 0.07646028511226177 15.75922155380249
11.64481802 -0.012250173836946487 0.07681544683873653 15.82976484298706
11.664831055 -0.0112733393907547 0.07703169248998165 15.876760005950928
11.684798109 -0.00982046127319336 0.07726539485156536 15.947280406951904
11.705085556 -0.008853761479258537 0.07738067023456097 15.9942946434021
11.724931181 -0.007378863170742989 0.07747726701200008 16.06483030319214
11.744846894 -0.006396738812327385 0.07747883908450603 16.111876964569092
11.764839196 -0.004871480166912079 0.07743711583316326 16.182416439056396
11.784817232 -0.0038777347654104233 0.07733623497188091 16.229480266571045
11.805194543 -0.002327054738998413 0.07714126817882061 16.300031185150146
11.824899473 -0.0012851357460021973 0.0769727062433958 16.34706449508667
11.844848405 0.00028276629745960236 0.07666307501494884 16.417619228363037
11.86483156 0.0013563893735408783 0.07644019089639187 16.464616298675537
11.884818041 0.0029412852600216866 0.07604068331420422 16.535132884979248
11.904978714 0.003991437144577503 0.07575473748147488 16.582133769989014
11.925914158 0.005560041405260563 0.07525250129401684 16.652671337127686
11.945869057 0.006588548421859741 0.07486252300441265 16.699727535247803
11.965994809 0.00815217848867178 0.07423078082501888 16.770293712615967
11.985875006 0.009181193076074123 0.07377235405147076 16.81735372543335
12.006074844 0.010705056134611368 0.07302864454686642 16.8879714012146
12.025934637 0.011700846254825592 0.07251225970685482 16.935060024261475
12.045878389 0.013143903575837612 0.07165802828967571 17.00574827194214
12.06587395 0.014112475095316768 0.07109408266842365 17.052852153778076
12.085849705 0.01554485666565597 0.07019929774105549 17.123525142669678
12.106795928 0.01650717481970787 0.06958947516977787 17.17062520980835
12.125896672 0.01795947679784149 0.0686482060700655 17.241275310516357
12.145914906 0.01891075901221484 0.06798703782260418 17.288394451141357
12.16589941 0.020393168088048697 0.06702491082251072 17.359046459197998
12.185869608 0.021370928967371583 0.06636559776961803 17.406163692474365
12.206523774 0.022821079473942518 0.06535304896533489 17.47685956954956
12.225899301 0.023801108356565237 0.06468533538281918 17.52399778366089
12.245874142 0.025235612876713276 0.06364552490413189 17.594741344451904
12.265911875 0.026186487637460232 0.06294664926826954 17.641915798187256
12.285884156 0.02761271223425865 0.061915142461657524 17.71270513534546
12.306415047 0.02854202315211296 0.061211755499243736 17.759925365447998
12.325930909 0.029914907179772854 0.0601546261459589 17.830771923065186
12.345919634 0.030802343040704727 0.059429632499814034 17.878026485443115
12.365876034 0.03209728002548218 0.058378079906105995 17.948874950408936
12.385860699 0.03292181249707937 0.057681018486618996 17.996123790740967
12.406590826 0.034101199358701706 0.05664248950779438 18.067023754119873
12.425902281 0.03485105372965336 0.05600394867360592 18.114259243011475
12.445894614 0.03593358397483826 0.05502924136817455 18.185140132904053
12.466064915 0.03663812577724457 0.05439526401460171 18.232394695281982
12.485858744 0.03768087737262249 0.053464604541659355 18.303264141082764
12.506317778 0.038350678980350494 0.05283348448574543 18.350526332855225
12.5260678 0.03934797644615173 0.052004316821694374 18.42140531539917
12.545912915 0.04000470973551273 0.051473649218678474 18.468669414520264
12.565906406 0.040977686643600464 0.05070698820054531 18.5395827293396
12.585866944 0.04162017069756985 0.050211476162075996 18.58686399459839
12.606639023 0.04257156699895859 0.04949214123189449 18.657790660858154
12.625953173 0.043241044506430626 0.04903591237962246 18.705071926116943
12.645878028 0.044217146933078766 0.04832981713116169 18.7760272026062
12.665920016 0.044875627383589745 0.047867124900221825 18.823344707489014
12.685866828 0.04585094191133976 0.047188011929392815 18.894336223602295
12.706429589 0.046475725248456 0.04672291316092014 18.941684246063232
12.725985273 0.04740818589925766 0.04601255990564823 19.012717723846436
12.745881006 0.04802074283361435 0.0455173309892416 19.0600905418396
12.765906155 0.048924945294857025 0.04474405758082867 19.131179332733154
12.785877239 0.04953627660870552 0.04422156699001789 19.17857313156128
12.806642633 0.05039806291460991 0.043410809710621834 19.249694347381592
12.825922509 0.05094553902745247 0.04286420904099941 19.297120571136475
12.845893531 0.051718417555093765 0.04199984110891819 19.36827802658081
12.865888751 0.052210696041584015 0.04139326140284538 19.415717601776123
12.885853504 0.05290205776691437 0.040409212931990623 19.48686170578003
12.906017767 0.05332617089152336 0.03971919231116772 19.534301280975342
12.925909886 0.05390625819563866 0.038603633642196655 19.605409145355225
12.945884779 0.054252296686172485 0.037840183824300766 19.652812480926514
12.965912748 0.054714348167181015 0.03666834346950054 19.723912715911865
12.985869352 0.05499889329075813 0.03586999513208866 19.771268367767334
13.006183062 0.055373720824718475 0.0346448365598917 19.842322826385498
13.025909823 0.055594660341739655 0.03380448743700981 19.889686107635498
13.04590358 0.05588183179497719 0.03251880966126919 19.960721492767334
13.065970202 0.05603867769241333 0.03164979629218578 20.008090496063232
13.085869365 0.05626048520207405 0.03031131811439991 20.079097270965576
13.106171091 0.05637144669890404 0.029411233961582184 20.12647008895874
13.12597317 0.05654311552643776 0.028002766892313957 20.197457790374756
13.145898272 0.05664093792438507 0.027036083862185478 20.24477529525757
13.16589021 0.05676206573843956 0.025548645295202732 20.315742015838623
13.185872403 0.056884557008743286 0.024511788971722126 20.362998485565186
13.206253919 0.057033002376556396 0.02294083498418331 20.433900356292725
13.225932238 0.057125065475702286 0.021875204518437386 20.48115301132202
13.245912091 0.05726347863674164 0.020250452682375908 20.552039623260498
13.265927373 0.0573355071246624 0.019162331707775593 20.599320888519287
13.285844798 0.05747301131486893 0.017467225436121225 20.670228481292725
13.306254534 0.05755559727549553 0.016321361530572176 20.71752691268921
13.327372116 0.0576661080121994 0.014581855852156878 20.788506984710693
13.347345635 0.05775638669729233 0.013372647343203425 20.835851192474365
13.367333172 0.05783620476722717 0.011579367914237082 20.906920909881592
13.387289143 0.057889409363269806 0.010331589219276793 20.954288005828857
13.410034689 0.057942308485507965 0.008448160719126463 21.02536153793335
13.429946131 0.05797746777534485 0.007162608206272125 21.072740077972412
13.449922876 0.05804646015167236 0.005199024919420481 21.14380979537964
13.46993303 0.05807796120643616 0.0038907560519874096 21.191211223602295
13.490238538 0.05819004401564598 0.001874455250799656 21.26229429244995
13.510015867 0.058270636945962906 0.0005208496004343033 21.30969762802124
13.529946173 0.05839937925338745 -0.0015195934101939201 21.38082265853882
13.549928202 0.05852599814534187 -0.0028987815603613853 21.428225994110107
13.569934665 0.058694154024124146 -0.004938038066029549 21.49936056137085
13.590147099 0.05881814658641815 -0.00628676638007164 21.546781063079834
13.610033272 0.0590229332447052 -0.00828557088971138 21.617921352386475
13.629946367 0.05914638936519623 -0.00959465466439724 21.665366649627686
13.64997025 0.059336427599191666 -0.011547096073627472 21.73653554916382
13.669960298 0.059446632862091064 -0.01282920315861702 21.784011363983154
13.690624348 0.05960461497306824 -0.014756252989172935 21.855193614959717
13.710054903 0.05968593806028366 -0.01602492853999138 21.902644634246826
13.729952527 0.05977397784590721 -0.017902085557579994 21.973819255828857
13.7499481 0.05983070284128189 -0.019148949533700943 22.02123785018921
13.769955827 0.05987170338630676 -0.020978346467018127 22.092381954193115
13.790239454 0.059873320162296295 -0.022178860381245613 22.139798641204834
13.809981395 0.05986224487423897 -0.023946044966578484 22.21090841293335
13.830005101 0.05983233079314232 -0.025093795731663704 22.2583270072937
13.849953815 0.059811025857925415 -0.02683587558567524 22.32940435409546
13.869931104 0.05978084355592728 -0.027987228706479073 22.37679624557495
13.890079073 0.05970999598503113 -0.029696444049477577 22.447896480560303
13.910211489 0.05965069308876991 -0.03082689456641674 22.49530553817749
13.929937353 0.059543367475271225 -0.032507119700312614 22.5664324760437
13.949965864 0.059446025639772415 -0.033635592088103294 22.613824367523193
13.970073387 0.05924363434314728 -0.035293297842144966 22.684932231903076
13.990114721 0.059067562222480774 -0.036397917196154594 22.7323317527771
14.009998211 0.05877593532204628 -0.03801892139017582 22.803447246551514
14.029926092 0.058557335287332535 -0.039064617827534676 22.850879192352295
14.049959154 0.0582377165555954 -0.04063386283814907 22.922027111053467
14.069928828 0.05800388380885124 -0.041661204770207405 22.969483852386475
14.090077846 0.057625286281108856 -0.043172067031264305 23.04069471359253
14.110054642 0.057330481708049774 -0.044190241023898125 23.088178157806396
14.129928998 0.05683941766619682 -0.045662956312298775 23.15943479537964
14.149932053 0.056478388607501984 -0.04662258364260197 23.20694875717163
14.169997882 0.05587904155254364 -0.04800688289105892 23.278253078460693
14.190582677 0.055429283529520035 -0.048906898126006126 23.32579755783081
14.210981139 0.054694388061761856 -0.05024265684187412 23.397117137908936
14.2309718 0.054175812751054764 -0.051103221252560616 23.444676876068115
14.250963711 0.05335777997970581 -0.052440473809838295 23.51599645614624
14.270984785 0.052784670144319534 -0.05330515839159489 23.563560009002686
14.291327489 0.05188914015889168 -0.054562853649258614 23.634904384613037
14.311009409 0.05125565081834793 -0.055386247113347054 23.68244695663452
14.331021817 0.0502709224820137 -0.05656435526907444 23.753772258758545
14.350945179 0.049585793167352676 -0.05732733942568302 23.80130910873413
14.370956321 0.048528051003813744 -0.05844208784401417 23.872619152069092
14.391651977 0.04780469834804535 -0.0591482762247324 23.920173168182373
14.411213902 0.04667690582573414 -0.06023565120995045 23.991496562957764
14.430986165 0.04591386951506138 -0.06090896017849445 24.03907346725464
14.45096567 0.04480568319559097 -0.06198243983089924 24.110394954681396
14.470974891 0.04406899772584438 -0.06268768943846226 24.157948970794678
14.491397025 0.042967481538653374 -0.06372726894915104 24.229295253753662
14.511579785 0.04227856732904911 -0.06443399377167225 24.276835918426514
14.530962618 0.04124033823609352 -0.06542461551725864 24.348174571990967
14.55097307 0.04055514745414257 -0.06604682095348835 24.395738124847412
14.570995802 0.03951621428132057 -0.06692233867943287 24.467101573944092
14.591479387 0.03881554678082466 -0.06746011413633823 24.514695644378662
14.611026568 0.037735093384981155 -0.06822246499359608 24.586097240447998
14.630978849 0.03701093606650829 -0.06869217939674854 24.63371992111206
14.651008571 0.035923030227422714 -0.06934353895485401 24.70518445968628
14.67098532 0.03524294123053551 -0.06975231505930424 24.75285291671753
14.691207876 0.03421689383685589 -0.07028927840292454 24.824384212493896
14.711137682 0.03355899639427662 -0.0706069115549326 24.87206220626831
14.730988669 0.03256985452026129 -0.0710079837590456 24.943580150604248
14.750978914 0.03190964367240667 -0.07122200168669224 24.9912428855896
14.770990284 0.03094213269650936 -0.0714805144816637 25.062726497650146
14.79196614 0.030305853113532066 -0.07161071337759495 25.110387325286865
14.811535833 0.02937465440481901 -0.07174579240381718 25.181867122650146
14.831065468 0.028760862536728382 -0.07179976440966129 25.229529857635498
14.850974708 0.027853943407535553 -0.07182914204895496 25.301032543182373
14.870964218 0.027272655628621578 -0.07182552106678486 25.348687648773193
14.891203569 0.026402910239994526 -0.07177440263330936 25.42019033432007
14.911106391 0.02582619059830904 -0.07172153331339359 25.46785879135132
14.93097766 0.024954160675406456 -0.0715851429849863 25.53937292098999
14.950997446 0.024370774626731873 -0.07145574130117893 25.587064266204834
14.971007679 0.02348035154864192 -0.07119294442236423 25.65857458114624
14.991190206 0.02288531418889761 -0.07098023779690266 25.706254482269287
15.011126309 0.021947260946035385 -0.0705604050308466 25.77774953842163
15.030965614 0.021309700794517994 -0.07024880684912205 25.825414180755615
15.050947012 0.020335731329396367 -0.06973298825323582 25.896913051605225
15.070973403 0.01963146240450442 -0.06934061087667942 25.944556713104248
15.091970514 0.01855137146776542 -0.06870314665138721 26.01603651046753
15.111236481 0.017791680817026645 -0.06824264116585255 26.06367826461792
15.13097072 0.016595091321505606 -0.06751061417162418 26.135131359100342
15.150967728 0.01578717294614762 -0.06699828244745731 26.18277883529663
15.17097043 0.01448660809546709 -0.06617955304682255 26.254210948944092
15.191472229 0.013598297256976366 -0.06562438048422337 26.301820278167725
15.211332861 0.01223941845819354 -0.06478052772581577 26.373216152191162
15.230977077 0.011329395696520805 -0.06420114822685719 26.420804500579834
15.250960399 0.009957892820239067 -0.06330989487469196 26.49217176437378
15.270987072 0.009020399302244186 -0.06271425075829029 26.539716243743896
15.291242507 0.007623444311320782 -0.06179380603134632 26.611037731170654
15.311173374 0.00668449979275465 -0.06115882284939289 26.65856122970581
15.330985453 0.005265712738037109 -0.06019027717411518 26.729814052581787
15.350979136 0.0043293172493577 -0.05953620560467243 26.777320384979248
15.37098413 0.0029132217168807983 -0.05857911892235279 26.84853506088257
15.391272958 0.001970987766981125 -0.05792402662336826 26.89600706100464
15.411965401 0.0005624257028102875 -0.05692056752741337 26.967212200164795
15.430991008 -0.00039599835872650146 -0.05622349865734577 27.01465940475464
15.450974677 -0.0018251705914735794 -0.05515866167843342 27.0858416557312
15.470986009 -0.002792607992887497 -0.05443279631435871 27.133243083953857
15.49124228 -0.004236914217472076 -0.05333136208355427 27.204150676727295
15.511024906 -0.00521855428814888 -0.052579859271645546 27.251187801361084
15.530999545 -0.006716787815093994 -0.05142850987613201 27.321248531341553
15.550978585 -0.007709929719567299 -0.050657084211707115 27.36755895614624
15.571000913 -0.009209506213665009 -0.049495378509163857 27.43624448776245
15.591136039 -0.010202202945947647 -0.04871354438364506 27.481448650360107
15.612351581 -0.011682160198688507 -0.04753685183823109 27.54829168319702
15.632274384 -0.012685678899288177 -0.04672944359481335 27.592061519622803
15.652299017 -0.014170035719871521 -0.04553740657866001 27.656617641448975
15.672356935 -0.015161469578742981 -0.044753024354577065 27.698827266693115
15.692537187 -0.016676437109708786 -0.04359845258295536 27.76082181930542
15.712316306 -0.017679564654827118 -0.042846107855439186 27.80134344100952
15.732272333 -0.019243020564317703 -0.041694408282637596 27.860625743865967
15.752305241 -0.02025282010436058 -0.04094733111560345 27.89939832687378
15.772323712 -0.02181382104754448 -0.03980911336839199 27.956050395965576
15.792658706 -0.022856544703245163 -0.03905254043638706 27.992915630340576
15.812334327 -0.02442057803273201 -0.03792054019868374 28.046878337860107
15.832270026 -0.02547392249107361 -0.03716283477842808 28.08179998397827
15.852277734 -0.0270138718187809 -0.03606230951845646 28.132928371429443
15.873757312 -0.028026588261127472 -0.035352056846022606 28.166137218475342
15.893910981 -0.029505174607038498 -0.03432266227900982 28.21459722518921
15.91357044 -0.030460592359304428 -0.03365964628756046 28.24611806869507
15.933569417 -0.031867142766714096 -0.032701460644602776 28.291961193084717
15.953577062 -0.0327734500169754 -0.03208133019506931 28.321715831756592
15.973795763 -0.03408922255039215 -0.031179087236523628 28.36517858505249
15.993990383 -0.03493716940283775 -0.03058297373354435 28.3932204246521
16.013605748 -0.03615393862128258 -0.02971636690199375 28.434367656707764
16.033563327 -0.03694592043757439 -0.02912984974682331 28.460919857025146
16.053559786 -0.03809911385178566 -0.02825026772916317 28.499749660491943
16.073678559 -0.03885725140571594 -0.02764437533915043 28.524898052215576
16.093995216 -0.039949484169483185 -0.026724742725491524 28.561524868011475
16.1136271 -0.040643103420734406 -0.026117758825421333 28.58532476425171
16.133569525 -0.04165811464190483 -0.025123441591858864 28.619845867156982
16.153562634 -0.04229402914643288 -0.024441691115498543 28.642241954803467
16.173688111 -0.04318912699818611 -0.023391475901007652 28.67494535446167
16.193838393 -0.04374902695417404 -0.022608080878853798 28.69615888595581
16.213595525 -0.04450925812125206 -0.021406041458249092 28.727908611297607
16.233573211 -0.044969137758016586 -0.020551340654492378 28.749061107635498
16.253591611 -0.04563763365149498 -0.019217664375901222 28.780791759490967
16.274885912 -0.04614521190524101 -0.018332775682210922 28.801963329315186
16.295007202 -0.04713587090373039 -0.017012374475598335 28.83361005783081
16.314720778 -0.048040252178907394 -0.016181334853172302 28.854608058929443
16.334709177 -0.04993101581931114 -0.014965750277042389 28.885779857635498
16.354730403 -0.051630403846502304 -0.014227181673049927 28.906341075897217
16.375061455 -0.05496568605303764 -0.01327294297516346 28.936744213104248
16.394763202 -0.05787883326411247 -0.012805463746190071 28.956641674041748
16.414732259 -0.06330409273505211 -0.012428872287273407 28.985873699188232
16.434719822 -0.06773490831255913 -0.01243286207318306 29.004872798919678
16.454731865 -0.07572830840945244 -0.012883571907877922 29.03254461288452
16.476425127 -0.08189668878912926 -0.013444764539599419 29.050450801849365
16.495957306 -0.09279123321175575 -0.014912685379385948 29.07631254196167
16.515951919 -0.10105899348855019 -0.016288060694932938 29.092938899993896
16.535966447 -0.11498184874653816 -0.018922891467809677 29.11695623397827
16.555944161 -0.1253124363720417 -0.021105369552969933 29.132354259490967
16.576347115 -0.14241503551602364 -0.025046514347195625 29.154561519622803
16.596015647 -0.15504350140690804 -0.028282856568694115 29.16867208480835
16.615965521 -0.17554247751832008 -0.03381759114563465 29.189013957977295
16.63595985 -0.19035716727375984 -0.03808598034083843 29.20197820663452
16.655968759 -0.21429646387696266 -0.0453996155411005 29.22054624557495
16.676369764 -0.2312917448580265 -0.050752704963088036 29.232423305511475
16.6960158 -0.2586476095020771 -0.060037942603230476 29.24932622909546
16.715972906 -0.2779517360031605 -0.06684164144098759 29.26012372970581
16.735964029 -0.30848123505711555 -0.07798970676958561 29.275655269622803
16.755952845 -0.33000506833195686 -0.08631272055208683 29.285497188568115
16.776105574 -0.36370496824383736 -0.09966318495571613 29.299710750579834
16.796043129 -0.38717933371663094 -0.10933402366936207 29.30878782272339
16.815948 -0.4237086661159992 -0.12473260052502155 29.321959972381592
16.835995826 -0.4489847905933857 -0.1357689518481493 29.330392360687256
16.855953874 -0.48822762444615364 -0.1535112876445055 29.342557430267334
16.876490573 -0.5151675529778004 -0.16599752195179462 29.350419521331787
16.896036403 -0.5568726845085621 -0.18618150241672993 29.361772060394287
16.915988188 -0.5854011960327625 -0.20037815161049366 29.369126796722412
16.936003896 -0.6292222328484058 -0.22280863113701344 29.379865169525146
16.955938174 -0.6591541953384876 -0.23870256729424 29.38677740097046
16.976238214 -0.7049125023186207 -0.2635707277804613 29.396871089935303
16.996029215 -0.7360047288239002 -0.28095910139381886 29.403409481048584
17.015978097 -0.783508975058794 -0.30819967575371265 29.41293478012085
17.036054884 -0.8156732507050037 -0.3270095009356737 29.419164180755615
17.055953448 -0.8647993393242359 -0.356458218768239 29.4282546043396
17.07706385 -0.8979501910507679 -0.37658277340233326 29.43420934677124
17.097039447 -0.9483976550400257 -0.4078474063426256 29.442941188812256
17.117093668 -0.9824577160179615 -0.4292206186801195 29.448689937591553
17.137103024 -1.0341690368950367 -0.4620166141539812 29.45721960067749
17.157034254 -1.0690902061760426 -0.48441428132355213 29.462796688079834
17.177407885 -1.122031170874834 -0.5185424108058214 29.471089839935303
17.197040338 -1.1577266044914722 -0.5416555423289537 29.47653341293335
17.217054021 -1.2118707485496998 -0.5767577309161425 29.484586238861084
17.237040206 -1.2483292408287525 -0.6003443617373705 29.489903926849365
17.25707797 -1.3036379404366016 -0.6359061617404222 29.497769832611084
17.27740114 -1.340869028121233 -0.659691633656621 29.502976894378662
17.29700538 -1.3972576446831226 -0.6954124588519335 29.510716915130615
17.317022942 -1.4351890869438648 -0.7191981691867113 29.515809535980225
17.337028455 -1.4925930090248585 -0.7547925729304552 29.52341604232788
17.357030111 -1.5311749763786793 -0.7783991117030382 29.528409481048584
17.377575831 -1.589548785239458 -0.8135911840945482 29.535809993743896
17.397043333 -1.6287915296852589 -0.836864473298192 29.540669918060303
17.417050844 -1.688143689185381 -0.8714092988520861 29.54789113998413
17.438158688 -1.7280467338860035 -0.8941969890147448 29.552659511566162
17.458340336 -1.7883878536522388 -0.9278930444270372 29.55966329574585
17.478624209 -1.8289352245628834 -0.9500518459826708 29.56427526473999
17.49812666 -1.890231091529131 -0.9828016776591539 29.571095943450928
17.518134261 -1.9313764162361622 -1.0042201895266771 29.575536251068115
17.538152764 -1.9935466833412647 -1.0358254332095385 29.582112789154053
17.558297674 -2.035264689475298 -1.056495251134038 29.58645009994507
17.578255682 -2.0982374735176563 -1.0869107861071825 29.592916011810303
17.598139106 -2.1405026502907276 -1.1068294662982225 29.597169399261475
17.618152813 -2.2042305059731007 -1.1360982079058886 29.603429317474365
17.638145863 -2.2469687052071095 -1.155248822644353 29.607545375823975
17.658220351 -2.3113629408180714 -1.1833335775882006 29.613606929779053
17.678376705 -2.354506928473711 -1.2016870398074389 29.617616176605225
17.698191629 -2.4195298738777637 -1.2286728043109179 29.62354803085327
17.718156069 -2.462989527732134 -1.246288837864995 29.627435207366943
17.738147937 -2.5284177847206593 -1.2723583597689867 29.6332106590271
17.75815626 -2.572174269706011 -1.2894423622637987 29.63702154159546
17.778376533 -2.6379975862801075 -1.31464690156281 29.642690181732178
17.798127429 -2.6820394583046436 -1.3312022108584642 29.64642858505249
17.818116647 -2.7481936998665333 -1.3555875439196825 29.65195608139038
17.838113407 -2.7924265451729298 -1.3715757746249437 29.65559148788452
17.858179897 -2.8589586801826954 -1.3951744455844164 29.660977840423584
17.87865692 -2.903410393744707 -1.410689176991582 29.66451406478882
17.898109797 -2.970247942954302 -1.4336131233721972 29.669747829437256
17.91812575 -3.0148310251533985 -1.448620619252324 29.67319631576538
17.938109045 -3.081855732947588 -1.470877232030034 29.678327083587646
17.958182836 -3.1265892572700977 -1.4855253119021654 29.68170690536499
17.978367492 -3.1937558241188526 -1.5072248596698046 29.68670415878296
17.998120832 -3.2386276312172413 -1.5215386766940355 29.689992427825928
18.018109116 -3.305888134986162 -1.5428077597171068 29.694875240325928
18.03811936 -3.3507804460823536 -1.5568608660250902 29.698087215423584
18.058188414 -3.4181937761604786 -1.577763857319951 29.70282506942749
18.078383055 -3.463081557303667 -1.591622294858098 29.70597219467163
18.098103363 -3.530513007193804 -1.6122973579913378 29.710618495941162
18.118121801 -3.5754763670265675 -1.6260048765689135 29.713666439056396
18.139152806 -3.643017251044512 -1.6464474815875292 29.718175411224365
18.15927296 -3.6880352087318897 -1.660019101575017 29.721124172210693
18.17924781 -3.755550343543291 -1.6802844423800707 29.725472927093506
18.199173442 -3.800617653876543 -1.693735184147954 29.728322505950928
18.219146579 -3.8680908270180225 -1.7138432879000902 29.73256826400757
18.239140467 -3.9130904264748096 -1.7271931786090136 29.735372066497803
18.259332459 -3.9806203432381153 -1.7471347469836473 29.739503383636475
18.27924584 -4.025561053305864 -1.7603618521243334 29.74221181869507
18.299145336 -4.093055445700884 -1.7801484484225512 29.74622869491577
18.319177244 -4.138049799948931 -1.7932984251528978 29.74889898300171
18.33913066 -4.205547530204058 -1.8129794020205736 29.752915859222412
18.35927472 -4.25060673430562 -1.8260709661990404 29.75555944442749
18.379836218 -4.318118769675493 -1.845670523121953 29.75952672958374
18.39915808 -4.363242823630571 -1.8587047476321459 29.762128353118896
18.419170546 -4.430813509970903 -1.8781818766146898 29.766011714935303
18.439154671 -4.475894648581743 -1.8911247868090868 29.76856756210327
18.45933377 -4.543567854911089 -1.9104772228747606 29.772347927093506
18.479304573 -4.588639456778765 -1.9233405012637377 29.77484655380249
18.4991423 -4.6563503332436085 -1.9425966162234545 29.778531551361084
18.519145068 -4.701515395194292 -1.9554073233157396 29.78095769882202
18.539155129 -4.76930208876729 -1.9746130127459764 29.784554958343506
18.559252164 -4.814562518149614 -1.9874027390033007 29.78690481185913
18.5792873 -4.882417399436235 -2.00659185834229 29.790448665618896
18.599157544 -4.927704531699419 -2.019383491948247 29.792752742767334
18.619144244 -4.995708663016558 -2.038567842915654 29.79615545272827
18.639159275 -5.041039187461138 -2.0513971466571093 29.79837942123413
18.659255311 -5.10919352248311 -2.0706117767840624 29.80164098739624
18.67924134 -5.154597003012896 -2.083421053364873 29.803792476654053
18.699142015 -5.222796160727739 -2.102618994191289 29.806947231292725
18.719151755 -5.26828833296895 -2.115410866215825 29.80901861190796
18.739177175 -5.336569506675005 -2.1345787663012743 29.812055110931396
18.759279152 -5.382153231650591 -2.1473448891192675 29.814027309417725
18.779258266 -5.4504882879555225 -2.1664839405566454 29.81689977645874
18.799155993 -5.49609823897481 -2.179246487095952 29.818761348724365
18.81917548 -5.5645911283791065 -2.198397697880864 29.821507930755615
18.83915549 -5.6102382726967335 -2.2112179417163134 29.823277950286865
18.859298486 -5.6787926740944386 -2.230454506352544 29.825849056243896
18.87926771 -5.7245080061256886 -2.2433062214404345 29.82751226425171
18.899208885 -5.793107230216265 -2.262617887929082 29.82990789413452
18.91915323 -5.83889551833272 -2.2754955906420946 29.83148717880249
18.939203171 -5.9075829572975636 -2.2948320526629686 29.83377981185913
18.959248709 -5.9534203596413136 -2.3077238220721483 29.835259914398193
18.979289589 -6.022094447165728 -2.327097000554204 29.83741521835327
18.999168301 -6.06790466979146 -2.3400262016803026 29.838788509368896
19.019154697 -6.136656958609819 -2.3594468254595995 29.84078359603882
19.03916926 -6.182444769889116 -2.372434200718999 29.842042446136475
19.059173088 -6.251200873404741 -2.3919180054217577 29.843881130218506
19.07930225 -6.2970482893288136 -2.404924215748906 29.845143795013428
19.09915021 -6.3658229894936085 -2.424445690587163 29.846971035003662
19.119141346 -6.411717135459185 -2.4374592918902636 29.848180294036865
19.139165444 -6.4805361814796925 -2.45695167966187 29.849961757659912
19.159200774 -6.526449400931597 -2.4699280876666307 29.8511061668396
19.179331748 -6.595366675406694 -2.489368261769414 29.852784633636475
19.199177424 -6.641331393271685 -2.5022879261523485 29.853868007659912
19.219153241 -6.710309226065874 -2.5216076988726854 29.855435848236084
19.239159972 -6.756281096488237 -2.53444510884583 29.85645055770874
19.259221064 -6.825315672904253 -2.55367118306458 29.8579421043396
19.279251764 -6.87136097624898 -2.566448273137212 29.858930110931396
19.299152304 -6.940430361777544 -2.5855720657855272 29.860394954681396
19.31914761 -6.986516196280718 -2.5983083862811327 29.861344814300537
19.339174093 -7.05557556822896 -2.6173444408923388 29.86272954940796
19.359199257 -7.101633746176958 -2.6300287861377 29.863637447357178
19.379442757 -7.170751769095659 -2.649045767262578 29.865067958831787
19.399230304 -7.216792780905962 -2.661711039021611 29.8659987449646
19.419142718 -7.285927016288042 -2.6807141918689013 29.86736822128296
19.439149359 -7.332029540091753 -2.6933930534869432 29.86826467514038
19.459156842 -7.401241976767778 -2.712424101307988 29.86959218978882
19.479394926 -7.447384554892778 -2.725126089528203 29.8705153465271
19.499181177 -7.516584116965532 -2.74418574757874 29.87188482284546
19.519158405 -7.562749106436968 -2.756895365193486 29.87280797958374
19.539139519 -7.631914813071489 -2.7759652752429247 29.87421178817749
19.559184368 -7.678042132407427 -2.7886701244860888 29.87514638900757
19.579295689 -7.747254569083452 -2.8077192921191454 29.87658452987671
19.599167444 -7.7933814115822315 -2.8204072136431932 29.87753438949585
19.619169157 -7.862636286765337 -2.8394315857440233 29.878976345062256
19.639157796 -7.908816058188677 -2.852102817967534 29.879945278167725
19.659153165 -7.978097636252642 -2.871086897328496 29.88138723373413
19.679380966 -8.02432556822896 -2.8837388176470995 29.882367610931396
19.699144198 -8.093639571219683 -2.9026837963610888 29.88379430770874
19.719158059 -8.139918524771929 -2.9153218884021044 29.88473653793335
19.739179494 -8.209301192313433 -2.9342475552111864 29.886128902435303
19.759140877 -8.255565840750933 -2.9468660969287157 29.88702917098999
19.779327984 -8.324977118521929 -2.965796770527959 29.888444423675537
19.799177136 -8.371223647147417 -2.9784203190356493 29.889371395111084
19.819158729 -8.440644461661577 -2.997373165562749 29.890775203704834
19.839156952 -8.486931044608355 -3.0100186485797167 29.891698360443115
19.85915786 -8.556367117911577 -3.0289960522204638 29.893060207366943
19.879274261 -8.602690894156694 -3.0416551250964403 29.893975734710693
19.899148022 -8.672197539359331 -3.0606113094836473 29.89527654647827
19.919233648 -8.718585211783648 -3.0732410568743944 29.89614248275757
19.939142559 -8.788236815482378 -3.0921767372637987 29.89743947982788
19.959149715 -8.834722716361284 -3.1047757286578417 29.898282527923584
19.979568529 -8.904535491019487 -3.1236894745379686 29.899545192718506
19.999180668 -8.951126296073198 -3.1362829823046923 29.900357723236084
20.019167215 -9.021086890250444 -3.1551833767443895 29.901586055755615
20.048467043 -9.067774970084429 -3.167781414464116 29.902387142181396
20.078194233 -9.137859541922808 -3.1866863388568163 29.90354299545288
20.100543072 -9.184622008353472 -3.199298920109868 29.90430212020874
20.120406247 -9.254830557852983 -3.2182355541735888 29.905385494232178
20.140450093 -9.301691252738237 -3.230863871052861 29.906087398529053
20.160562282 -9.372060019522905 -3.2498164791613817 29.90710973739624
20.180827061 -9.419024664908648 -3.262444796040654 29.90777349472046
20.20044575 -9.489543158560991 -3.281403126195073 29.908753871917725
20.220436545 -9.536610800772905 -3.294051708653569 29.909383296966553
20.240442877 -9.607287604361773 -3.313042463734746 29.91037130355835
20.260541869 -9.654445845633745 -3.3257156033068895 29.911038875579834
20.280739362 -9.725252348929644 -3.344735683873296 29.911996364593506
20.300500153 -9.772492606192827 -3.357426466420293 29.912648677825928
20.320465839 -9.843436438590288 -3.376474203541875 29.913541316986084
20.34048689 -9.890781600028276 -3.3891633171588182 29.91410207748413
20.360635518 -9.961869437247515 -3.4081853050738573 29.914891719818115
20.381038239 -10.009309966117144 -3.4208479542285204 29.91536855697632
20.400506095 -10.080517012625933 -3.439845623448491 29.91610860824585
20.420536489 -10.12802715972066 -3.452498259022832 29.916581630706787
20.440494015 -10.19933720305562 -3.471471371129155 29.91726064682007
20.460722085 -10.246898848563433 -3.484126390889287 29.91770315170288
20.48075512 -10.318286139518023 -3.5030816216021776 29.918324947357178
20.500498568 -10.365897376090288 -3.515724005177617 29.91874074935913
20.520509823 -10.43733998015523 -3.5346975941210985 29.919347286224365
20.540482432 -10.484980780631304 -3.54736858792603 29.919747829437256
20.560541133 -10.556457716971636 -3.566406788304448 29.920342922210693
20.580626384 -10.604099471122026 -3.5791268963366747 29.92073965072632
20.600504244 -10.675561148673296 -3.598224462941289 29.92128896713257
20.620470219 -10.723196227103472 -3.6109631676226854 29.92165517807007
20.640461089 -10.794634062796831 -3.6300855297595263 29.92218542098999
20.660571883 -10.842256743460894 -3.642847837880254 29.922536373138428
20.680718262 -10.913653571158648 -3.662030281499028 29.92301321029663
20.700507437 -10.961251456290483 -3.674825729802251 29.92336416244507
20.720447347 -11.032645422965288 -3.6940339226275682 29.923879146575928
20.740450866 -11.080246169120073 -3.70685345120728 29.92425298690796
20.760527925 -11.151652533560991 -3.7260966915637255 29.924851894378662
20.780810576 -11.199259955435991 -3.7389300484210253 29.92526388168335
20.800502789 -11.27065296843648 -3.7581842560321093 29.92590856552124
20.820469003 -11.31822319701314 -3.771010698750615 29.92635488510132
20.840467622 -11.389528471976519 -3.790220083668828 29.92712926864624
20.860491615 -11.437052924185991 -3.8030262608081102 29.927667140960693
20.880607492 -11.50826283171773 -3.822220863774419 29.928517818450928
20.900513232 -11.555705267935991 -3.835041107609868 29.92909002304077
20.920447499 -11.626823622733355 -3.8543055672198534 29.929948329925537
20.940471261 -11.674170691519976 -3.8672123569995165 29.930543422698975
20.96044653 -11.745166976004839 -3.886608900502324 29.93142080307007
20.980564265 -11.792459685355425 -3.8995748180896044 29.932000637054443
21.000467638 -11.863350111991167 -3.9190426487475634 29.93299627304077
21.020449481 -11.910597998648882 -3.932032408192754 29.933644771575928
21.040424192 -11.981442648917437 -3.951557220891118 29.934640407562256
21.060432194 -12.028681952506304 -3.964583219960332 29.935288906097412
21.080675907 -12.099515158683062 -3.984145702794194 29.93625783920288
21.100465633 -12.146741110831499 -3.9971931595355272 29.936936855316162
21.120419929 -12.21758957579732 -4.016771616414189 29.937917232513428
21.140443979 -12.264826972037554 -4.029845537617803 29.938546657562256
21.160431815 -12.335683066397905 -4.049453081563115 29.93945837020874
21.180547292 -12.382915694266558 -4.062512697651982 29.940019130706787
21.200470648 -12.453785140067339 -4.082094492390752 29.940850734710693
21.22044609 -12.501040656119585 -4.095150770619512 29.941373348236084
21.240439314 -12.571960646659136 -4.114683927968144 29.942105770111084
21.260444791 -12.619242865592241 -4.1276891846209764 29.94256353378296
21.280670539 -12.690162856131792 -4.147174181416631 29.943204402923584
21.300474781 -12.737434584647417 -4.16014033742249 29.943654537200928
21.320427333 -12.808349806815386 -4.179601492360234 29.94429922103882
21.340443249 -12.85561390593648 -4.192560972645879 29.944730281829834
21.3604429 -12.926509100943804 -4.212002100422978 29.945359706878662
21.380555995 -12.973769385367632 -4.2249558586627245 29.94576406478882
21.400455811 -13.044643599539995 -4.244376005604863 29.946332454681396
21.420500873 -13.091889578849077 -4.257323564961553 29.946698665618896
21.440498286 -13.16276379302144 -4.276768984273076 29.947213649749756
21.460470627 -13.210016448050737 -4.289747538045049 29.947545528411865
21.480625795 -13.280897337943316 -4.309239210560918 29.94802236557007
21.500472862 -13.328135687857866 -4.32225495763123 29.948323726654053
21.52042576 -13.399001318961382 -4.341789545491338 29.948750972747803
21.54044163 -13.446249205619097 -4.354821981862187 29.94901418685913
21.560473776 -13.517121512442827 -4.374372782185674 29.949395656585693
21.580611338 -13.564369399100542 -4.387409986928105 29.949635982513428
21.600446763 -13.635215003043413 -4.406950773671269 29.950006008148193
21.620454919 -13.682439047843218 -4.41997510381043 29.950242519378662
21.640432996 -13.753193099051714 -4.439539732411504 29.950608730316162
21.660473885 -13.800331313163042 -4.452602686360478 29.95084524154663
21.680545697 -13.870995718985796 -4.472224058583379 29.95119619369507
21.700473129 -13.918057639151812 -4.485349478200078 29.951463222503662
21.720434702 -13.988638121634722 -4.505061449483037 29.95185613632202
21.740421541 -14.035673338919878 -4.518234075978398 29.952138423919678
21.760442515 -14.106227118521929 -4.538047136738896 29.952565670013428
21.780778772 -14.15326615050435 -4.55127221532166 29.952840328216553
21.800512402 -14.22385235503316 -4.571157755330205 29.953267574310303
21.820447737 -14.270912367850542 -4.584403337910771 29.953538417816162
21.840443267 -14.341502387076616 -4.604256929829717 29.95394277572632
21.860461136 -14.388557631522417 -4.617481531575322 29.954209804534912
21.880565421 -14.459131438285112 -4.6373022217303514 29.95459508895874
21.900508767 -14.506182868033648 -4.650524439290166 29.95478582382202
21.920435881 -14.576764304190874 -4.670369924977422 29.955068111419678
21.940466185 -14.623821455985308 -4.683614553883672 29.955277919769287
21.960462967 -14.69442768767476 -4.703521074727178 29.955602169036865
21.980574481 -14.741503912955523 -4.7168028969317675 29.95580816268921
22.000562759 -14.812120635062456 -4.736760916188359 29.95606756210327
22.020446268 -14.859200675040483 -4.750080408528447 29.95623540878296
22.040486832 -14.929822165518999 -4.770078958943486 29.956468105316162
22.06044795 -14.976912695914507 -4.783428968861699 29.95660924911499
22.080844575 -15.047552306205034 -4.803445162251592 29.9568190574646
22.100472925 -15.094653327018023 -4.8167832512408495 29.95693349838257
22.120425619 -15.16529293730855 -4.836777510121465 29.95710515975952
22.140460698 -15.21237202361226 -4.850093664601445 29.95722723007202
22.160446504 -15.283004958182573 -4.87004023976624 29.957425594329834
22.180715128 -15.330096442252398 -4.883328737691045 29.9575514793396
22.200492009 -15.400769431143999 -4.90324860997498 29.95770788192749
22.220440834 -15.447880942374468 -4.916537584736943 29.957826137542725
22.24043956 -15.518547255545855 -4.936481775715947 29.958051204681396
22.260442847 -15.565665442496538 -4.949767412617803 29.95822286605835
22.280569595 -15.636342246085405 -4.9696810860186815 29.958482265472412
22.30048797 -15.683466155081987 -4.982940973713994 29.958680629730225
22.320427656 -15.754165846854448 -5.00282365269959 29.958970546722412
22.340450232 -15.801298338919878 -5.016075434163213 29.95916509628296
22.36042628 -15.871990401297808 -5.035994352772832 29.959474086761475
22.380571012 -15.919113356620073 -5.049269976094365 29.959672451019287
22.400493237 -15.989750105887651 -5.069241823628545 29.95987844467163
22.420466152 -16.03683491423726 -5.08256989903748 29.960008144378662
22.440455928 -16.107448775321245 -5.102583708241582 29.960214138031006
22.460470283 -16.15451641753316 -5.115958513692021 29.960328578948975
22.480606822 -16.22511501982808 -5.136029543355107 29.960477352142334
22.500509818 -16.272184569388628 -5.14943009801209 29.960530757904053
22.520428009 -16.342800337821245 -5.169586004689336 29.960599422454834
22.540428911 -16.389879424124956 -5.183035673573613 29.960649013519287
22.560435922 -16.460470397025347 -5.20329743809998 29.96073293685913
22.580551666 -16.507520873099566 -5.216820539906621 29.960801601409912
22.600502655 -16.578085143119097 -5.237126650288701 29.960866451263428
22.620454096 -16.625108916312456 -5.25070315785706 29.96094274520874
22.640452186 -16.6956331320107 -5.271048845723271 29.961087703704834
22.660443474 -16.742609221488237 -5.28465730138123 29.961202144622803
22.680602765 -16.813062865287066 -5.305088819935918 29.96137762069702
22.700499845 -16.86002178862691 -5.318747343495488 29.96149206161499
22.720420085 -16.930444914847612 -5.339294256642461 29.961663722991943
22.740446971 -16.977384764701128 -5.353002371266484 29.961793422698975
22.760454656 -17.047796446830034 -5.373645605519414 29.962026119232178
22.780620396 -17.09473057463765 -5.387432875111699 29.96217107772827
22.800520126 -17.165121275931597 -5.408146204426885 29.96238088607788
22.820465747 -17.212057311087847 -5.42198640294373 29.962491512298584
22.840448093 -17.28246136382222 -5.442726435139775 29.96265935897827
22.860455691 -17.329406935721636 -5.45654565282166 29.962758541107178
22.880585592 -17.39986439421773 -5.477236093953252 29.962876796722412
22.900591364 -17.4468423910439 -5.491007627919316 29.963014125823975
22.920438879 -17.517345625907183 -5.511637510731816 29.963178157806396
22.940445659 -17.564356047660112 -5.525373758748174 29.9632887840271
22.960427939 -17.63496609404683 -5.545915903523564 29.96345281600952
22.980630585 -17.68205662444234 -5.559583963826299 29.963555812835693
23.000526828 -17.752718169242144 -5.58004886098206 29.963738918304443
23.020447165 -17.799865920096636 -5.593636812642217 29.963857173919678
23.04044922 -17.870592314749956 -5.613980593159795 29.964086055755615
23.060443563 -17.917762953788042 -5.627504648640752 29.964253902435303
23.080581036 -17.98854275420308 -5.647731127217412 29.96450185775757
23.100513093 -18.035726744681597 -5.661193193867803 29.964730739593506
23.120426752 -18.1065160818398 -5.681326689198613 29.965047359466553
23.140454722 -18.153707701712847 -5.694725336506963 29.965257167816162
23.160444747 -18.224493224173784 -5.7147911209613085 29.965569972991943
23.180607005 -18.271665770560503 -5.728148283436894 29.965768337249756
23.200542857 -18.34239788725972 -5.748155893757939 29.966050624847412
23.220455057 -18.389555174857378 -5.761446775868535 29.96625280380249
23.240441358 -18.460279662162066 -5.781346620991826 29.96661901473999
23.260447839 -18.507427413016558 -5.794569315388799 29.966893672943115
23.280648262 -18.57815571501851 -5.81434709019959 29.967305660247803
23.300527593 -18.625299651175737 -5.827513517811894 29.96758794784546
23.320458415 -18.696077544242144 -5.847155870869756 29.96801519393921
23.340452697 -18.743272978812456 -5.860215010121465 29.968316555023193
23.360432585 -18.81408901885152 -5.879753889515996 29.96878957748413
23.380593505 -18.861307341605425 -5.892742933705449 29.96907949447632
23.400550716 -18.932102400809526 -5.912213625386357 29.969537258148193
23.420485478 -18.97927876189351 -5.925175966694951 29.969830989837646
23.440440883 -19.05000515654683 -5.944596590474248 29.97025442123413
23.460436023 -19.09712429717183 -5.95750886388123 29.970521450042725
23.480624366 -19.167793471366167 -5.9768407959491014 29.97089147567749
23.500827711 -19.214897353202105 -5.989720167592168 29.97113561630249
23.520425136 -19.285570342093706 -6.008988680317998 29.97149419784546
23.540442631 -19.332689482718706 -6.021827520802617 29.971726894378662
23.560443617 -19.403375823050737 -6.041077436879277 29.972074031829834
23.580569692 -19.450529295951128 -6.053893389180303 29.972280025482178
23.600547866 -19.521251875907183 -6.073136629536748 29.972596645355225
23.62046718 -19.56840344145894 -6.085977854207158 29.972795009613037
23.640458163 -19.639145094901323 -6.105235876515508 29.973119258880615
23.660442856 -19.686298567801714 -6.118081392720342 29.973336696624756
23.680560036 -19.757044035941362 -6.137341799214482 29.973615169525146
23.700532832 -19.80418987944722 -6.150195898488164 29.973832607269287
23.720444889 -19.874910552054644 -6.169441046193242 29.974107265472412
23.740448388 -19.922058302909136 -6.182269873097539 29.97425603866577
23.760429399 -19.992778975516558 -6.2015159744769335 29.974442958831787
23.780570311 -20.039941985160112 -6.2143405098468065 29.9745192527771
23.800559482 -20.1106721945107 -6.233595194295049 29.97464895248413
23.820461449 -20.157823760062456 -6.246439279988408 29.974721431732178
23.840468201 -20.228513915091753 -6.265726389363408 29.974793910980225
23.860441337 -20.275619704276323 -6.2785986084491014 29.974828243255615
23.88058047 -20.346264082938433 -6.29789668507874 29.97482442855835
23.900542437 -20.393345076590776 -6.31076985783875 29.974812984466553
23.920439975 -20.463941771537066 -6.330089868977666 29.974767208099365
23.940453733 -20.511034209281206 -6.342983545735478 29.974706172943115
23.960442328 -20.581646163016558 -6.36233931966126 29.974603176116943
23.980539873 -20.628717619925737 -6.375254454091191 29.974530696868896
24.00080743 -20.699293334037066 -6.394648851826787 29.974469661712646
24.020467059 -20.74632092192769 -6.407598318532109 29.974416255950928
24.040439317 -20.816833693534136 -6.427066149190068 29.974355220794678
24.060429256 -20.863828856498003 -6.440062345936894 29.97431707382202
24.080548024 -20.934311110526323 -6.459624590352178 29.97424077987671
24.100545205 -20.981289107352495 -6.472698034718633 29.974191188812256
24.120426143 -21.051744658499956 -6.4923556465655565 29.974111080169678
24.14044311 -21.098707396537066 -6.505516352131963 29.974050045013428
24.1604409 -21.1691438741982 -6.525293650105596 29.973954677581787
24.180506481 -21.21610851958394 -6.538523497059941 29.97387456893921
24.200579215 -21.286558348685503 -6.558432402089238 29.973836421966553
24.220472253 -21.33351154997945 -6.571725191548467 29.973809719085693
24.240432912 -21.40394612029195 -6.591708483174443 29.973748683929443
24.260438941 -21.450893599539995 -6.605043711140752 29.973710536956787
24.280547708 -21.5213167257607 -6.625093759968877 29.973607540130615
24.30068041 -21.568266112357378 -6.638466181233525 29.973565578460693
24.320454286 -21.63868923857808 -6.658531965687871 29.973504543304443
24.340439122 -21.685648161917925 -6.67190152592957 29.973485469818115
24.36043089 -21.756075102835894 -6.691966833546758 29.973504543304443
24.380537805 -21.80302830412984 -6.705359758809209 29.973527431488037
24.40104 -21.8734895773232 -6.725490869954228 29.97363805770874
24.420522618 -21.920465666800737 -6.738922419026494 29.97371816635132
24.440452935 -21.990980345755816 -6.759132208302617 29.973893642425537
24.460436907 -22.037998396903276 -6.772622408345342 29.9740309715271
24.480482162 -22.10853596404195 -6.792879881337285 29.974259853363037
24.500548637 -22.155557829886675 -6.806405367329717 29.974481105804443
24.52051237 -22.226082045584917 -6.826721491292119 29.97482442855835
24.540443191 -22.273151595145464 -6.84029227681458 29.97507619857788
24.560433126 -22.343757826834917 -6.860636057332158 29.97543478012085
24.580463464 -22.39085217192769 -6.874192060902715 29.97568655014038
24.600593914 -22.461525160819292 -6.894571604207158 29.976064205169678
24.620456114 -22.50863667204976 -6.908167662099004 29.976308345794678
24.640483341 -22.57934971526265 -6.928636850789189 29.976747035980225
24.660449032 -22.62650891020894 -6.9423068184405565 29.97704839706421
24.680470889 -22.697279173880816 -6.96284562535584 29.977506160736084
24.700618548 -22.74450321868062 -6.976576151326299 29.977838039398193
24.72043311 -22.81532498076558 -6.997174562886357 29.978307247161865
24.740462252 -22.862554747611284 -7.010923208668828 29.978597164154053
24.760434109 -22.93336697295308 -7.0315378326922655 29.97900152206421
24.780499927 -22.980562407523394 -7.045285047963262 29.97925329208374
24.800537119 -23.051363188773394 -7.065925421193242 29.97968816757202
24.820461652 -23.098550993949175 -7.079684557393193 29.97995901107788
24.840468158 -23.16932125762105 -7.100341619923711 29.980313777923584
24.860454178 -23.21649380400777 -7.114109816029668 29.980515956878662
24.880462465 -23.287244994193316 -7.134759249165654 29.98078680038452
24.900550848 -23.33445568755269 -7.148540319874883 29.980973720550537
24.920462443 -23.405260283499956 -7.169201197102666 29.981210231781006
24.940451744 -23.452478606253862 -7.182973684743047 29.981332302093506
24.960449964 -23.523327071219683 -7.2036169189959764 29.981473445892334
24.980458787 -23.57054539397359 -7.217369856312871 29.981553554534912
25.000618169 -23.641378600150347 -7.23796016164124 29.981637477874756
25.02045558 -23.688564497977495 -7.251676859334111 29.981679439544678
25.040479593 -23.75934048369527 -7.272229494526982 29.981740474700928
25.060423685 -23.806495863944292 -7.285908522084355 29.98176336288452
25.080468652 -23.877189833670855 -7.306395830586553 29.981770992279053
25.100671279 -23.92428608611226 -7.320006670430303 29.981740474700928
25.12043408 -23.99489041045308 -7.340403379872441 29.98166799545288
25.14045693 -24.041938979178667 -7.35397750325501 29.981576442718506
25.160433391 -24.112495619803667 -7.374286474660039 29.981374263763428
25.180441948 -24.159517485648394 -7.38780957646668 29.98122549057007
25.200623594 -24.23003788664937 -7.40803605504334 29.980950832366943
25.220484876 -24.277031142264605 -7.421496691182256 29.980748653411865
25.24045579 -24.3474886007607 -7.441654505208135 29.980424404144287
25.260431256 -24.394449431449175 -7.455075087025762 29.980172634124756
25.280439056 -24.464843947440386 -7.47521192021668 29.979806423187256
25.300940615 -24.511759001761675 -7.488603891804814 29.979569911956787
25.320446662 -24.582103926688433 -7.508695425465703 29.97921895980835
25.340456954 -24.62899037078023 -7.522087873890996 29.978978633880615
25.360435304 -24.69927616789937 -7.54216748662293 29.978597164154053
25.380432306 -24.74610920622945 -7.5555527824908495 29.978341579437256
25.400622381 -24.816372115164995 -7.575656237080693 29.977975368499756
25.420480481 -24.86321087554097 -7.58907157368958 29.97773504257202
25.440465586 -24.933466155081987 -7.609215082600713 29.977391719818115
25.460489652 -24.980299193412066 -7.622666181996465 29.977162837982178
25.480433573 -25.050508696585894 -7.642851175740361 29.97681951522827
25.500580836 -25.09728642180562 -7.6563170570880175 29.976583003997803
25.520443547 -25.1674291677773 -7.676546873524785 29.97623586654663
25.540447544 -25.214172560721636 -7.6900437492877245 29.97601842880249
25.560449707 -25.28424282744527 -7.710299314931035 29.975724697113037
25.5804431 -25.330930907279253 -7.723806204274297 29.975545406341553
25.600706022 -25.400884825736284 -7.744086565449834 29.975282192230225
25.620487064 -25.44747944548726 -7.757606806233525 29.975114345550537
25.640435832 -25.517307478934526 -7.777888121083379 29.97493886947632
25.660484323 -25.563820082694292 -7.791395487263799 29.97482442855835
25.680436441 -25.633556563407183 -7.811649622395635 29.974656581878662
25.700571295 -25.680017668753862 -7.825147928670049 29.974557399749756
25.720429587 -25.749675948172808 -7.845366777852178 29.97440481185913
25.740466327 -25.796100813895464 -7.858837427571416 29.97430944442749
25.760470522 -25.86572666838765 -7.878988089039922 29.97413396835327
25.780451699 -25.912128645926714 -7.892397226765752 29.974019527435303
25.800703135 -25.981710631400347 -7.912476362660527 29.973866939544678
25.82048903 -26.028068739920855 -7.9258459229022264 29.97376775741577
25.840445811 -26.097561080008745 -7.945874514058232 29.973641872406006
25.860433741 -26.143852431327105 -7.959177317097783 29.973546504974365
25.880465449 -26.21326657012105 -7.979104341939092 29.97340154647827
25.900588699 -26.259521681815386 -7.992348017171025 29.973329067230225
25.920467571 -26.328899580985308 -8.012171091511846 29.97320318222046
25.940439823 -26.375147063285112 -8.025376619771123 29.973126888275146
25.960466755 -26.444486815482378 -8.045117678120732 29.97295904159546
25.980440594 -26.490703780204058 -8.058281244710088 29.972833156585693
26.000728685 -26.560018736869097 -8.078032793477178 29.972650051116943
26.020480559 -26.606247145682573 -8.091215433552861 29.972516536712646
26.040443926 -26.67558689787984 -8.111016573384404 29.972344875335693
26.060468416 -26.72181912139058 -8.124247850850224 29.97222661972046
26.080442842 -26.79113980010152 -8.144113840535283 29.972047328948975
26.100601749 -26.83733006194234 -8.157376589253545 29.971932888031006
26.120535064 -26.906610686331987 -8.177309336140752 29.97176504135132
26.140451515 -26.952791411429644 -8.190612139180303 29.971654415130615
26.160446969 -27.02209683135152 -8.21059256978333 29.97149419784546
26.180470642 -27.068304259330034 -8.223916353657842 29.971402645111084
26.200657157 -27.13761730864644 -8.24390727467835 29.97132635116577
26.220483143 -27.18385525420308 -8.25726062245667 29.971288204193115
26.240456459 -27.253221709281206 -8.277309717610478 29.97125768661499
26.260462497 -27.29949017241597 -8.290693582966924 29.971261501312256
26.280444679 -27.368890959769487 -8.310773195698857 29.971322536468506
26.300583657 -27.415153700858355 -8.324164690449834 29.971395015716553
26.320474678 -27.484556395560503 -8.34419852681458 29.971547603607178
26.340439889 -27.530815321952105 -8.357557596638799 29.97165822982788
26.360446811 -27.600158888846636 -8.377531351521611 29.971864223480225
26.380469542 -27.646375853568316 -8.390841783955693 29.97200918197632
26.400605421 -27.715677458792925 -8.410799326375127 29.9721999168396
26.420688723 -27.76184483245015 -8.424118341878057 29.972333431243896
26.440439546 -27.831075865775347 -8.444117845967412 29.972543239593506
26.460450537 -27.877208907157183 -8.457475008442998 29.972692012786865
26.480436333 -27.946392256766558 -8.477521242573857 29.972901821136475
26.500609359 -27.992506224662066 -8.490890802815557 29.973077297210693
26.520491319 -28.061664778739214 -8.510977091267705 29.973313808441162
26.540438432 -28.107759673148394 -8.524380983784795 29.97346258163452
26.560448611 -28.176880080252886 -8.5445054192096 29.9736647605896
26.580483417 -28.222967345267534 -8.557920755818486 29.973798274993896
26.600598935 -28.29208965972066 -8.578049959614873 29.97397756576538
26.620626734 -28.338176924735308 -8.591442408040166 29.97409200668335
26.640433543 -28.407325942069292 -8.611521067097783 29.97426748275757
26.660475932 -28.45344753935933 -8.62488871999085 29.974381923675537
26.680456338 -28.522638518363237 -8.644928278401494 29.97455358505249
26.700642008 -28.568765837699175 -8.658289255574346 29.97470235824585
26.720526372 -28.638006407767534 -8.678298296406865 29.974904537200928
26.740441861 -28.684185225516558 -8.691628756001592 29.97504186630249
26.760449492 -28.753479201346636 -8.711613954976201 29.9752516746521
26.78044837 -28.799724776297808 -8.724905313923955 29.975392818450928
26.800580585 -28.869104582816362 -8.744829477742314 29.97562551498413
26.820499267 -28.91538067534566 -8.758084597066045 29.975785732269287
26.840443583 -28.984813887625933 -8.777913393452764 29.976064205169678
26.860454546 -29.031105238944292 -8.791122736409307 29.97625494003296
26.880428963 -29.100523192435503 -8.810901941731572 29.976544857025146
26.900625306 -29.146789748221636 -8.82408362813294 29.97672414779663
26.920434966 -29.21616955474019 -8.84380847401917 29.977006435394287
26.94044083 -29.26240750029683 -8.856949152424932 29.97719717025757
26.960478223 -29.331745345145464 -8.876646341755986 29.97748327255249
26.980434475 -29.37794514372945 -8.889772715047002 29.977662563323975
27.000696537 -29.44723530486226 -8.909472765401006 29.97792959213257
27.020504939 -29.49342556670308 -8.922606768086553 29.978089809417725
27.04047262 -29.562715727835894 -8.94231635518372 29.97833776473999
27.06046206 -29.608905989676714 -8.95546561665833 29.978501796722412
27.080430662 -29.678201872855425 -8.975191416218877 29.97873067855835
27.100569615 -29.724407393485308 -8.988357843831182 29.978890895843506
27.12049823 -29.793722350150347 -9.008127512410283 29.97913122177124
27.140467957 -29.839933592826128 -9.021331133320928 29.97928762435913
27.160439009 -29.909246642142534 -9.041168512776494 29.979512691497803
27.180443415 -29.955482680350542 -9.054444612935185 29.97963857650757
27.200638757 -30.02483006194234 -9.074377359822392 29.97985601425171
27.22053961 -30.07106800749898 -9.087680162861943 29.97997808456421
27.240448634 -30.140419203788042 -9.107646288350224 29.980145931243896
27.260462606 -30.186645705252886 -9.120965303853154 29.98024892807007
27.280427662 -30.256035048514605 -9.140952410176396 29.980390071868896
27.300540486 -30.3023111410439 -9.154284777119756 29.98044729232788
27.320505117 -30.371744353324175 -9.174290956929326 29.98050832748413
27.340455525 -30.41806622222066 -9.187641443684697 29.980538845062256
27.360442369 -30.48755284026265 -9.207664789631963 29.98056173324585
27.380432961 -30.5338899679482 -9.221004785969853 29.980538845062256
27.400592608 -30.603405196219683 -9.241005243733525 29.98052740097046
27.420522208 -30.64977665618062 -9.25432044453919 29.980485439300537
27.440472444 -30.719400603324175 -9.27428657002747 29.98044729232788
27.460439994 -30.765827376395464 -9.287597002461553 29.980428218841553
27.480453136 -30.83558865264058 -9.307538332417607 29.98035955429077
27.500564201 -30.882122237235308 -9.320840181782842 29.980260372161865
27.520536482 -30.95195599272847 -9.340803446248174 29.980088710784912
27.540467079 -30.998573500663042 -9.354155840352178 29.979913234710693
27.560435108 -31.068514067679644 -9.374195398762822 29.979596614837646
27.580426907 -31.115186888724566 -9.387568773701787 29.979344844818115
27.60060437 -31.1852514334023 -9.407657923176885 29.978971004486084
27.62061509 -31.23196430876851 -9.421059908345342 29.978715419769287
27.640465129 -31.302152831107378 -9.441203417256474 29.978288173675537
27.660452462 -31.34891339018941 -9.454627336934209 29.97803258895874
27.680449928 -31.419134337455034 -9.474732698872685 29.977593898773193
27.700589926 -31.46593876555562 -9.488112749531865 29.97727346420288
27.720538936 -31.536131102591753 -9.508150400593877 29.976792812347412
27.740472358 -31.582954604178667 -9.52150279469788 29.976468563079834
27.760446013 -31.653179366141558 -9.541526140645146 29.976029872894287
27.780434407 -31.700010497123003 -9.554868998005986 29.975751399993896
27.80060671 -31.77029438689351 -9.574903788045049 29.975343227386475
27.820614684 -31.817144591361284 -9.588266672566533 29.975087642669678
27.840474676 -31.88750096037984 -9.608347238972783 29.97469472885132
27.86044952 -31.934414107352495 -9.621744455769658 29.97443151473999
27.880423211 -32.004795271903276 -9.641851725056767 29.974042415618896
27.900584331 -32.05173893645406 -9.655268969014287 29.9737868309021
27.920520026 -32.122097212821245 -9.675390543416142 29.973439693450928
27.940462927 -32.169040877372026 -9.688822092488408 29.973206996917725
27.960462749 -32.23942204192281 -9.70898181386292 29.972886562347412
27.980434077 -32.28633900359273 -9.722440065816045 29.97268056869507
28.000644715 -32.35669346526265 -9.742671312764287 29.972318172454834
28.020547365 -32.40357227995992 -9.756171526387334 29.972100734710693
28.040445651 -32.47388477995992 -9.77650004811585 29.97177267074585
28.060455247 -32.520744521170855 -9.79007083363831 29.971566677093506
28.080444147 -32.5910074301064 -9.810454668477178 29.971303462982178
28.100594363 -32.6378824301064 -9.824079813435674 29.971173763275146
28.120565585 -32.70818730071187 -9.844518961384892 29.97100591659546
28.140464801 -32.7550813741982 -9.858149828389287 29.97091054916382
28.16045432 -32.82546253874898 -9.878599466755986 29.97078847885132
28.18044712 -32.872375685721636 -9.892232241109014 29.970719814300537
28.20056517 -32.94277973845601 -9.912665667012334 29.97064733505249
28.220516119 -32.98970814421773 -9.926281275227666 29.970616817474365
28.241634827 -33.06011601164937 -9.946719469502568 29.970597743988037
28.261586019 -33.107048232108355 -9.96034842915833 29.97058629989624
28.281615083 -33.17742558196187 -9.98079806752503 29.97057867050171
28.301787923 -33.22434635832906 -9.99445373006165 29.97055959701538
28.321609578 -33.29468556120992 -10.014945330098271 29.970555782318115
28.341606455 -33.34156056120992 -10.028619112446904 29.970597743988037
28.361578349 -33.411857802420855 -10.0491440910846 29.970704555511475
28.381587395 -33.45870228484273 -10.062828363850713 29.970784664154053
28.401755673 -33.52899952605367 -10.08339816518128 29.970963954925537
28.421665082 -33.57584400847554 -10.097112001851201 29.971089839935303
28.441662025 -33.646084029227495 -10.117680849507451 29.971272945404053
28.461585665 -33.69287892058492 -10.131393732503057 29.97139883041382
28.481589376 -33.763027388602495 -10.15196162648499 29.9715895652771
28.501834298 -33.809780318289995 -10.165698351338506 29.97171926498413
28.521639144 -33.87986393645406 -10.186302484944463 29.971917629241943
28.541601352 -33.92655583098531 -10.20004683919251 29.972047328948975
28.561576915 -33.99655171111226 -10.220661463215947 29.97222661972046
28.581579271 -34.043186385184526 -10.23439628072083 29.972344875335693
28.601737795 -34.11310597136617 -10.255018534138799 29.972501277923584
28.621652855 -34.15971012786031 -10.268755258992314 29.972589015960693
28.641625793 -34.22960301116109 -10.289345087483525 29.972676753997803
28.661575925 -34.27620716765523 -10.303054155781865 29.972718715667725
28.681586896 -34.34607716277242 -10.323609651997685 29.97277593612671
28.70166744 -34.3926431722939 -10.337313951924443 29.97280263900757
28.721669317 -34.46242542937398 -10.357855143025517 29.972833156585693
28.741642731 -34.50889607146382 -10.371541323140264 29.97285223007202
28.761577911 -34.57854862883687 -10.392078699544072 29.972867488861084
28.781572541 -34.6249544210732 -10.405765833333135 29.972875118255615
28.80168153 -34.69448109343648 -10.426279367879033 29.972806453704834
28.821654041 -34.740802962332964 -10.43995982594788 29.97275686264038
28.841644162 -34.810234267264605 -10.460486711934209 29.97266149520874
28.861600431 -34.856498915702105 -10.47421390004456 29.972543239593506
28.881581317 -34.925861556082964 -10.494799913838506 29.972352504730225
28.901692581 -34.97207661345601 -10.508530916646123 29.972249507904053
28.92164928 -35.04137821868062 -10.529136957600713 29.97205877304077
28.941616856 -35.08756275847554 -10.542871775105596 29.97192907333374
28.961577822 -35.156799513846636 -10.56349498219788 29.97165060043335
28.981590338 -35.202942091971636 -10.577232660725713 29.971486568450928
29.001702463 -35.27210636809468 -10.597835840657353 29.97110891342163
29.021687546 -35.318210799247026 -10.611562075093389 29.970834255218506
29.041638976 -35.387356001883745 -10.632136644795537 29.970414638519287
29.061645717 -35.43345661833882 -10.645866693928838 29.97010564804077
29.08156398 -35.502590376883745 -10.666455568745732 29.96966314315796
29.101710599 -35.54868717864156 -10.68018657155335 29.969354152679443
29.121692654 -35.61785526946187 -10.700771631672978 29.968888759613037
29.141596747 -35.66396351531148 -10.714487375691533 29.968610286712646
29.161589525 -35.73317738249898 -10.735071482136846 29.96821355819702
29.181570233 -35.77931996062398 -10.748784365132451 29.967977046966553
29.201702456 -35.84851856902242 -10.76934272237122 29.967671871185303
29.221673592 -35.89469929412007 -10.783052744343877 29.967496395111084
29.241612966 -35.9639436788857 -10.803602518513799 29.967294216156006
29.261577238 -36.01011295989156 -10.817309679463506 29.96720266342163
29.281586545 -36.07934971526265 -10.837858499959111 29.967088222503662
29.301708515 -36.12550373747945 -10.851552309468389 29.966996669769287
29.321647342 -36.194736678153276 -10.872093500569463 29.966866970062256
29.341581399 -36.24088307097554 -10.885785402730107 29.966786861419678
29.361586518 -36.31016560271382 -10.906355204060674 29.96667242050171
29.381579176 -36.35636921599507 -10.920069040730596 29.96661901473999
29.401668109 -36.42570133879781 -10.940640749409795 29.96655035018921
29.421853193 -36.471985060721636 -10.954327883198857 29.96651601791382
29.441611677 -36.54142018035054 -10.974838556721807 29.966493129730225
29.461589815 -36.58774586394429 -10.988493265584111 29.966493129730225
29.481587069 -36.6572916097939 -11.008925737813115 29.966500759124756
29.501682716 -36.70366306975484 -11.022528948262334 29.96653127670288
29.521779389 -36.77325077727437 -11.042913736775517 29.96657705307007
29.541592472 -36.8196451254189 -11.056496920064092 29.966634273529053
29.561593799 -36.88927860930562 -11.076814951375127 29.966771602630615
29.581571894 -36.93571491912007 -11.090335192158818 29.966866970062256
29.601686303 -37.00539417937398 -11.110578836873174 29.966962337493896
29.621950869 -37.05188389495015 -11.124042810872197 29.96703863143921
29.641600078 -37.12162419036031 -11.144213976338506 29.96716833114624
29.661599569 -37.16814060881734 -11.157630266621709 29.96725606918335
29.681620402 -37.23793049529195 -11.177735628560185 29.967355251312256
29.70167504 -37.284450728446245 -11.191134752705693 29.967435359954834
29.721664073 -37.354301650077105 -11.211158098652959 29.967523097991943
29.74161783 -37.40086765959859 -11.224487604573369 29.967572689056396
29.761613843 -37.47071095183492 -11.244452776387334 29.967633724212646
29.781580821 -37.51726170256734 -11.257758440449834 29.967679500579834
29.801631711 -37.58708210662007 -11.27770739980042 29.96789312362671
29.821658119 -37.63363667204976 -11.290985407307744 29.968053340911865
29.841591528 -37.70345326140523 -11.310894312337041 29.96827459335327
29.861585145 -37.75000401213765 -11.324148477986455 29.968419551849365
29.881585119 -37.819843489676714 -11.34399157948792 29.96864080429077
29.901634007 -37.86639042571187 -11.357210459187627 29.968778133392334
29.921669607 -37.93620320037007 -11.377016367390752 29.968984127044678
29.94298252 -37.98273487761617 -11.390220941975713 29.969125270843506
29.962988544 -38.052509505301714 -11.410027803853154 29.969342708587646
29.982974457 -38.099018294364214 -11.423226656392217 29.96949529647827
30.003360125 -38.16873951628804 -11.443031610921025 29.96973180770874
30.023040436 -38.21519489958882 -11.45623523183167 29.96990728378296
30.042990329 -38.28483982756734 -11.476045908406377 29.97018575668335
30.062992479 -38.33124943450093 -11.489250482991338 29.97037649154663
30.082993707 -38.40085621550679 -11.509040178731084 29.97064733505249
30.103192051 -38.44725056365132 -11.522233309224248 29.97079610824585
30.123028406 -38.51685352995992 -11.541981996968389 29.970983028411865
30.143032203 -38.563259322196245 -11.555156053975224 29.971097469329834
30.162988935 -38.632873732596636 -11.574931444600224 29.971261501312256
30.182973377 -38.67929859831929 -11.588103594258428 29.971333980560303
30.203129156 -38.74891682341695 -11.607885660603642 29.97138738632202
30.223051372 -38.795322615653276 -11.621095003560185 29.97139883041382
30.243003082 -38.86493702605367 -11.640945734456182 29.971360683441162
30.263019509 -38.911335188895464 -11.654195131734014 29.97131872177124
30.282974541 -38.98096104338765 -11.674071611836553 29.9712233543396
30.303124389 -39.02735920622945 -11.687330545857549 29.971177577972412
30.323198781 -39.09696598723531 -11.70723277516663 29.971036434173584
30.342995069 -39.14335270598531 -11.720506014302373 29.97091817855835
30.362980512 -39.212917525321245 -11.740423502400517 29.97071599960327
30.382966975 -39.25931568816304 -11.753691019490361 29.970567226409912
30.403081406 -39.32888813689351 -11.773608507588506 29.970330715179443
30.423096464 -39.37526722624898 -11.786898912861943 29.970170497894287
30.442992593 -39.44484730437398 -11.806850733235478 29.969937801361084
30.462989603 -39.491230208426714 -11.82016402669251 29.969796657562256
30.482970193 -39.560825545340776 -11.840164484456182 29.969552516937256
30.503118865 -39.60721607878804 -11.853530230000615 29.96937322616577
30.523039695 -39.676784712821245 -11.873626055195928 29.969102382659912
30.543112766 -39.72319431975484 -11.887088121846318 29.9689040184021
30.562994153 -39.79277439787984 -11.907290758565068 29.968644618988037
30.582976087 -39.83916874602437 -11.92079764790833 29.96844244003296
30.603080987 -39.90876026824117 -11.941067041829228 29.968106746673584
30.623063675 -39.95517750456929 -11.954591097310185 29.96789312362671
30.643010616 -40.02484913542867 -11.974873842671514 29.967641353607178
30.662980705 -40.07130070403218 -11.988395990803838 29.967511653900146
30.682975382 -40.14099522307515 -12.008675875142217 29.967305660247803
30.703122533 -40.18745060637593 -12.022197069600224 29.967172145843506
30.723084921 -40.257114607840776 -12.042482675984502 29.96697759628296
30.742999249 -40.30356999114156 -12.05600387044251 29.96687078475952
30.763018256 -40.37322636321187 -12.076294245198369 29.96676015853882
30.782977886 -40.41965504363179 -12.089829744771123 29.9667067527771
30.803138644 -40.48926945403218 -12.110151590779424 29.96667242050171
30.823092703 -40.535663802176714 -12.123704256489873 29.966668605804443
30.842995096 -40.60522099211812 -12.144051851704717 29.966710567474365
30.862981824 -40.65157337859273 -12.157621683552861 29.966756343841553
30.882970886 -40.72105045989156 -12.178046526387334 29.96687078475952
30.903124103 -40.76735706999898 -12.191689791157842 29.966966152191162
30.923149067 -40.83679600432515 -12.21218997426331 29.967149257659912
30.942996037 -40.88309879973531 -12.22588855214417 29.967336177825928
30.962983094 -40.95253773406148 -12.246438326314092 29.967671871185303
30.982979488 -40.99882908537984 -12.260147394612432 29.96790838241577
31.00314209 -41.06826801970601 -12.28073245473206 29.968308925628662
31.023067788 -41.11455174162984 -12.294458689168096 29.96857976913452
31.042992383 -41.183960158377886 -12.3150714058429 29.969029903411865
31.062970171 -41.230224806815386 -12.328813852742314 29.969342708587646
31.082965815 -41.29960652068257 -12.349428476765752 29.96982717514038
31.103082262 -41.34583302214742 -12.363175692036748 29.970174312591553
31.12323842 -41.41513844206929 -12.383803667500615 29.97070837020874
31.143011554 -41.46131153777242 -12.397534670308232 29.97109365463257
31.162993721 -41.53054066374898 -12.418134035542607 29.97168493270874
31.182975718 -41.576660353690386 -12.431873621419072 29.972096920013428
31.2031234 -41.64579029753804 -12.452494921162724 29.972768306732178
31.223084667 -41.691852767020464 -12.46624213643372 29.97320318222046
31.243029882 -41.76090260222554 -12.486867250874639 29.973859310150146
31.262968675 -41.80692311003804 -12.50062114186585 29.97428274154663
31.283020384 -41.87592716887593 -12.521260561421514 29.97489309310913
31.303116736 -41.92189808562398 -12.535005869343877 29.975316524505615
31.323206211 -41.99082585051656 -12.55559760518372 29.97593069076538
31.342992838 -42.03675099089742 -12.569297136738896 29.976346492767334
31.362982896 -42.10561390593648 -12.58981734700501 29.97696828842163
31.382986011 -42.151489455252886 -12.603463472798467 29.977384090423584
31.403071439 -42.22021885588765 -12.623901667073369 29.978074550628662
31.423094446 -42.26601429656148 -12.637515367940068 29.97851324081421
31.443020367 -42.33461781218648 -12.65788203664124 29.979203701019287
31.462997714 -42.3803255148232 -12.671436609700322 29.97965383529663
31.482979606 -42.44884892180562 -12.691737474873662 29.980294704437256
31.503006448 -42.49447651579976 -12.70523196645081 29.980706691741943
31.523236755 -42.56290455535054 -12.725462259724736 29.981290340423584
31.542999314 -42.60849018767476 -12.738931955769658 29.981675624847412
31.56296787 -42.67683048918843 -12.759096445515752 29.98225164413452
31.582974635 -42.72238178923726 -12.772527994588017 29.982614040374756
31.603030277 -42.79067249968648 -12.79259711690247 29.983144283294678
31.623212478 -42.836208540946245 -12.805982889607549 29.983468532562256
31.642999097 -42.90444203093648 -12.825998606160283 29.983941555023193
31.662984436 -42.94991322234273 -12.839333834126592 29.984239101409912
31.682987436 -43.01810856536031 -12.859325708821416 29.984654903411865
31.703018438 -43.06351490691304 -12.872639955952764 29.984941005706787
31.724010339 -43.13159580901265 -12.892607035115361 29.985337734222412
31.743046821 -43.17693730071187 -12.905906977131963 29.98560094833374
31.762993234 -43.24488087370992 -12.925797762349248 29.98597478866577
31.78298756 -43.29016514495015 -12.93904429860413 29.986196041107178
31.802988421 -43.35795231536031 -12.958847345784307 29.98647451400757
31.823135806 -43.403129775077105 -12.972027124837041 29.98663091659546
31.843022009 -43.47086735442281 -12.991765322163701 29.986802577972412
31.86298515 -43.516010481864214 -13.004883112385869 29.98688268661499
31.882982087 -43.583759505301714 -13.024580301716924 29.986981868743896
31.902994808 -43.62891789153218 -13.037665667012334 29.987016201019287
31.923255862 -43.696682173758745 -13.057289423421025 29.98703908920288
31.94301542 -43.74187870696187 -13.070349993184209 29.987050533294678
31.962970346 -43.80968113616109 -13.089933695271611 29.987035274505615
31.982981215 -43.85489674285054 -13.102995218709111 29.98700475692749
32.003049414 -43.92267628386617 -13.122565569356084 29.986833095550537
32.023181945 -43.96787281706929 -13.135621370747685 29.98669958114624
32.043060138 -44.035671431571245 -13.155222238972783 29.986512660980225
32.062984629 -44.080864150077105 -13.168300928547978 29.986379146575928
32.082987587 -44.148674208670855 -13.187933268025517 29.986173152923584
32.102988777 -44.19388600066304 -13.201028170064092 29.986043453216553
32.123057642 -44.26171513274312 -13.22068721242249 29.98587942123413
32.143068876 -44.3069498129189 -13.233805002644658 29.985799312591553
32.162974002 -44.37479801848531 -13.253480257466435 29.985734462738037
32.182989784 -44.42004032805562 -13.266604723408818 29.985703945159912
32.203006021 -44.48788471892476 -13.2862628120929 29.98573064804077
32.223255347 -44.53311939910054 -13.29937488026917 29.98575735092163
32.243062218 -44.60098286345601 -13.31904918141663 29.985795497894287
32.26297898 -44.64618702605367 -13.332183184102178 29.985822200775146
32.282982422 -44.714008528739214 -13.351905168965459 29.985860347747803
32.303052258 -44.759216506034136 -13.365071596577764 29.98586416244507
32.323041856 -44.82702274993062 -13.384852709248662 29.985894680023193
32.343065056 -44.87223454192281 -13.398053469136357 29.98592519760132
32.36300578 -44.9400178976357 -13.417874636128545 29.98597478866577
32.382975213 -44.98520680144429 -13.431097330525517 29.98600149154663
32.40297042 -45.052997786551714 -13.450944246724248 29.986039638519287
32.423090191 -45.09820194914937 -13.464195551350713 29.986058712005615
32.443051533 -45.16602726653218 -13.484099688008428 29.98609685897827
32.462996643 -45.211242873221636 -13.497432054951787 29.98615789413452
32.482992786 -45.27909489348531 -13.517470659688115 29.986249446868896
32.502995564 -45.324341017752886 -13.53088122792542 29.986344814300537
32.523099951 -45.39221592620015 -13.55107337422669 29.986485958099365
32.543068117 -45.43747730925679 -13.564557375386357 29.98657751083374
32.562988008 -45.505363661795855 -13.584890665486455 29.9867262840271
32.58297805 -45.55064030364156 -13.598477663472295 29.98682165145874
32.602978321 -45.61858006194234 -13.6189044136554 29.98703908920288
32.623102874 -45.66388722136617 -13.63261634297669 29.987199306488037
32.643047519 -45.73186131194234 -13.653224291279912 29.9874587059021
32.662976687 -45.777179915457964 -13.667025865986943 29.987637996673584
32.682982872 -45.84517689421773 -13.687764467671514 29.987897396087646
32.702962253 -45.890495497733355 -13.701653780415654 29.98811101913452
32.723262989 -45.958461958914995 -13.722576441243291 29.988397121429443
32.743052006 -46.003784377127886 -13.736539186909795 29.988568782806396
32.763019684 -46.07171269133687 -13.757633509114385 29.988816738128662
32.784280722 -46.116996962577105 -13.771717371419072 29.98896551132202
32.804412575 -46.18492146208882 -13.792873682454228 29.98919439315796
32.824396643 -46.23018665984273 -13.807013811543584 29.98931646347046
32.844294086 -46.29812641814351 -13.82821780629456 29.989427089691162
32.86426561 -46.343445021659136 -13.842373194172978 29.989461421966553
32.884262796 -46.41142674162984 -13.863609613850713 29.98946523666382
32.904378241 -46.45676441863179 -13.877753557637334 29.989430904388428
32.924424112 -46.52476902678609 -13.899026216939092 29.989320278167725
32.944294908 -46.570129591971636 -13.913175882771611 29.98923635482788
32.964280932 -46.63811131194234 -13.934422792866826 29.9890456199646
32.984293963 -46.683429915457964 -13.948572458699346 29.98890447616577
33.004322025 -46.75139256194234 -13.969775499776006 29.9886794090271
33.02445158 -46.79666920378804 -13.983901323750615 29.98852300643921
33.044294677 -46.864597517997026 -14.005044283345342 29.988267421722412
33.064287179 -46.909877974539995 -14.019109072163701 29.988084316253662
33.084257967 -46.977802474051714 -14.040163340047002 29.98779821395874
33.104302405 -47.02310200408101 -14.05417281575501 29.98762273788452
33.124347249 -47.09107609465718 -14.075134577229619 29.98731756210327
33.144311291 -47.13642140105367 -14.089097322896123 29.9870924949646
33.164286181 -47.20448322966695 -14.11001998372376 29.9867262840271
33.184279252 -47.24989338591695 -14.123971285298467 29.98647451400757
33.204344111 -47.31803532317281 -14.144851984456182 29.986138820648193
33.22437828 -47.3634798116982 -14.158756555989385 29.98590612411499
33.24431462 -47.431675154715776 -14.179580034688115 29.985562801361084
33.264279872 -47.47715016081929 -14.193447412922978 29.985333919525146
33.284272716 -47.54537983611226 -14.214215578511357 29.98496389389038
33.304322118 -47.59087773039937 -14.228036226704717 29.984727382659912
33.324381485 -47.65915699675679 -14.248738588765264 29.984315395355225
33.344279756 -47.70469303801656 -14.262516321614385 29.9840407371521
33.364285544 -47.77301808074117 -14.283150972798467 29.983632564544678
33.38428044 -47.818577010184526 -14.296945871785283 29.98333501815796
33.404277706 -47.8869173116982 -14.317617716267705 29.982896327972412
33.424497014 -47.93246479704976 -14.331397356465459 29.982614040374756
33.44428707 -48.000793654471636 -14.352071108296514 29.982163906097412
33.464283971 -48.046360213309526 -14.365843119099736 29.981862545013428
33.484262395 -48.11468144133687 -14.386504473164678 29.981393337249756
33.504292727 -48.16022511199117 -14.400267900899053 29.981107234954834
33.52438296 -48.228508193045855 -14.420964540913701 29.980645656585693
33.544329853 -48.274021346122026 -14.43477183766663 29.980332851409912
33.564264604 -48.34227390959859 -14.455497087910771 29.979859828948975
33.584251165 -48.387748915702105 -14.46935492940247 29.97953176498413
33.604312083 -48.45597096160054 -14.49013644643128 29.979074001312256
33.62449725 -48.50144978240132 -14.504007639363408 29.978761196136475
33.644289167 -48.569668013602495 -14.524833979085088 29.978314876556396
33.664269963 -48.61515064910054 -14.538708986714482 29.97804021835327
33.6842582 -48.68339558318257 -14.559570612385869 29.97762441635132
33.704290818 -48.72891255095601 -14.573482813313603 29.977349758148193
33.724434953 -48.797214705497026 -14.59435779042542 29.976956844329834
33.744339904 -48.84275837615132 -14.608272852376103 29.97670888900757
33.764271084 -48.911098677664995 -14.629142107442021 29.9763503074646
33.784267891 -48.95666905120015 -14.643107714131474 29.97611379623413
33.804324453 -49.02505512908101 -14.664054216817021 29.975778102874756
33.824511577 -49.07065983489156 -14.678042711690068 29.97555685043335
33.844325346 -49.13909550383687 -14.699028315022588 29.97521734237671
33.864275541 -49.18473454192281 -14.713005365803838 29.974996089935303
33.884260973 -49.25321217253804 -14.733970941975713 29.974664211273193
33.904283411 -49.29887409880757 -14.747927011922002 29.974488735198975
33.924554343 -49.36738224700093 -14.76883059926331 29.974229335784912
33.944347046 -49.41303272917867 -14.782744707539678 29.974061489105225
33.96429562 -49.48150273039937 -14.803585352376103 29.973844051361084
33.984273969 -49.527126509696245 -14.817463221028447 29.973702907562256
34.004361162 -49.5955354757607 -14.838242830708623 29.97350835800171
34.024420566 -49.64109059050679 -14.852073015645146 29.973371028900146
34.044315339 -49.70936222746968 -14.872796358540654 29.973165035247803
34.0642601 -49.75486775115132 -14.886592211201787 29.973039150238037
34.084263473 -49.82301350310445 -14.907278360798955 29.972814083099365
34.104271925 -49.86843891814351 -14.921059908345342 29.97265386581421
34.124560065 -49.936577040702105 -14.941720308735967 29.972405910491943
34.144289891 -49.981968123465776 -14.955487551167607 29.972218990325928
34.16428134 -50.050075728446245 -14.97610885091126 29.9719557762146
34.184254165 -50.09548206999898 -14.989837946370244 29.97177267074585
34.204275488 -50.16362400725484 -15.010443033650517 29.971478939056396
34.224427637 -50.20907612517476 -15.024173082783818 29.971299648284912
34.244301771 -50.27724476531148 -15.04479438252747 29.971028804779053
34.264272462 -50.322712142020464 -15.058520616963506 29.970880031585693
34.284277063 -50.39087696745992 -15.07914668507874 29.970658779144287
34.304328327 -50.43632527068257 -15.092889131978154 29.970555782318115
34.324537824 -50.50450154021382 -15.113491358235478 29.970433712005615
34.344320908 -50.54993458464742 -15.127233805134892 29.970384120941162
34.364269092 -50.618103224784136 -15.14783793874085 29.970353603363037
34.384256299 -50.66354389861226 -15.161579431965947 29.970345973968506
34.404267819 -50.73169346526265 -15.182195009663701 29.970330715179443
34.424676437 -50.77713795378804 -15.195931734517217 29.970326900482178
34.444313411 -50.845310408622026 -15.216548265889287 29.970292568206787
34.464278943 -50.89077015593648 -15.2302964348346 29.970277309417725
34.484254787 -50.958976943045855 -15.25092345662415 29.970277309417725
34.504277152 -51.0044595785439 -15.264719309285283 29.970277309417725
34.524567295 -51.0727083273232 -15.285378756001592 29.970296382904053
34.544325189 -51.11820240691304 -15.299190821126103 29.970326900482178
34.564263019 -51.1864664144814 -15.319891275838017 29.97041082382202
34.584254177 -51.23198338225484 -15.333692850545049 29.970468044281006
34.604267643 -51.30028172209859 -15.354414286091924 29.97064733505249
34.624596405 -51.34583302214742 -15.36822253651917 29.970773220062256
34.644363592 -51.4141389913857 -15.388981165364385 29.970983028411865
34.664325862 -51.459682662039995 -15.402818026021123 29.97114324569702
34.684272956 -51.52800389006734 -15.42357093282044 29.971417903900146
34.704260346 -51.5735513754189 -15.437429727986455 29.971612453460693
34.724439244 -51.64188786223531 -15.458208383992314 29.97192907333374
34.744337657 -51.687458235770464 -15.472071947529912 29.97217321395874
34.764264058 -51.75584049895406 -15.492886843159795 29.972615718841553
34.784282286 -51.80144901946187 -15.506758036091924 29.97292470932007
34.804303901 -51.86986180022359 -15.527553858235478 29.973435878753662
34.8244096 -51.91547795012593 -15.541404070332646 29.9737868309021
34.844697161 -51.98385639861226 -15.562150301411748 29.974435329437256
34.864296181 -52.02943058684468 -15.57595950551331 29.974896907806396
34.884285076 -52.097770888358355 -15.596643747761846 29.975636959075928
34.904285909 -52.14329167082906 -15.610442461445928 29.976216793060303
34.924441003 -52.21158619597554 -15.631116213276982 29.977097988128662
34.944435113 -52.257106978446245 -15.644891085103154 29.977738857269287
34.96427362 -52.32539005950093 -15.66554862447083 29.978742122650146
34.984270704 -52.37092228606343 -15.679307283833623 29.97939443588257
35.004259684 -52.43925114348531 -15.699929537251592 29.98044729232788
35.024397889 -52.4848177023232 -15.713679613545537 29.981149196624756
35.044349111 -52.553188521414995 -15.734307589009404 29.982171535491943
35.064277048 -52.59878559783101 -15.748051943257451 29.982823848724365
35.084272091 -52.667209822684526 -15.768659891560674 29.983785152435303
35.104264218 -52.712864119559526 -15.782425226643682 29.984391689300537
35.124426307 -52.78137989714742 -15.803085627034307 29.98524236679077
35.144318961 -52.8270914144814 -15.816891016438603 29.98575735092163
35.164265798 -52.89571400359273 -15.83763343282044 29.986466884613037
35.184257995 -52.941486556082964 -15.85146171040833 29.98690938949585
35.204259866 -53.010219771414995 -15.872282328084111 29.98754644393921
35.224428329 -53.05606861785054 -15.886174501851201 29.987950801849365
35.244335067 -53.12488957121968 -15.907029451802373 29.988492488861084
35.264326101 -53.17081852629781 -15.92100745625794 29.988847255706787
35.28425839 -53.23973103240132 -15.941975893452764 29.98934316635132
35.304263861 -53.28569431975484 -15.955981554463506 29.98962163925171
35.324430688 -53.35464497283101 -15.97697669453919 29.9900221824646
35.344384063 -53.40062351897359 -15.990981401875615 29.99030065536499
35.364279812 -53.469631392508745 -16.012011827901006 29.990731716156006
35.384266758 -53.515651900321245 -16.026027025654912 29.99100637435913
35.404266186 -53.58469792082906 -16.047065081074834 29.991403102874756
35.424423829 -53.63075276091695 -16.061089815571904 29.99167013168335
35.444438199 -53.699863631278276 -16.082120241597295 29.992032527923584
35.464324807 -53.746006209403276 -16.09612780995667 29.99228048324585
35.484249108 -53.81525822356343 -16.11710292287171 29.99262762069702
35.504286583 -53.861469466239214 -16.131068529561162 29.992867946624756
35.524363989 -53.9308626241982 -16.15198069997132 29.993192195892334
35.544389302 -53.977146346122026 -16.165900530293584 29.99337911605835
35.564267738 -54.046718794852495 -16.18673068471253 29.993611812591553
35.584282743 -54.09309025481343 -16.200597109273076 29.993741512298584
35.604288553 -54.16272755339742 -16.221349062398076 29.99389410018921
35.624375331 -54.2091714926064 -16.23515254445374 29.993978023529053
35.644392642 -54.278862196952105 -16.255811037495732 29.994054317474365
35.664297943 -54.32534809783101 -16.269513430073857 29.994073390960693
35.684281401 -54.39508839324117 -16.290007891133428 29.994069576263428
35.704269756 -54.44159718230367 -16.303611101582646 29.994061946868896
35.724399363 -54.51136418059468 -16.323956789448857 29.994004726409912
35.744408585 -54.55787296965718 -16.33749515004456 29.993951320648193
35.764267762 -54.62767048552632 -16.3577321190387 29.9938063621521
35.784285794 -54.67420216277242 -16.37119418568909 29.993680477142334
35.804276076 -54.74399586394429 -16.39134913869202 29.9934401512146
35.824425094 -54.790519911795855 -16.404744448140264 29.993245601654053
35.84439299 -54.860283095389605 -16.424825014546514 29.992936611175537
35.864264386 -54.90674229338765 -16.4381764549762 29.992696285247803
35.884276425 -54.9763948507607 -16.45817500539124 29.992326259613037
35.904280994 -55.022793013602495 -16.47147304005921 29.992055416107178
35.924571834 -55.09234257414937 -16.49137813039124 29.991639614105225
35.944405767 -55.13868351653218 -16.504634203389287 29.99135732650757
35.964287069 -55.20811100676656 -16.524487795308232 29.99090337753296
35.984262375 -55.25436421111226 -16.53771144337952 29.990602016448975
36.004305994 -55.323703963309526 -16.55752688832581 29.99012517929077
36.02437921 -55.36991139128804 -16.57070285268128 29.989797115325928
36.04457292 -55.439201552420855 -16.590442003682256 29.989305019378662
36.064275294 -55.48536320403218 -16.60356837697327 29.98897695541382
36.084273422 -55.554557997733355 -16.62320834584534 29.988484859466553
36.104286083 -55.60067005828023 -16.63628894276917 29.98816442489624
36.124384406 -55.669792372733355 -16.655852617695928 29.987664699554443
36.14451944 -55.715854842215776 -16.66888171620667 29.98734426498413
36.164286326 -55.78492375090718 -16.688384355977178 29.986852169036865
36.184278317 -55.83097477629781 -16.7013600487262 29.986512660980225
36.20428038 -55.900051314383745 -16.72078257985413 29.98596715927124
36.224364533 -55.94608326628804 -16.73368197865784 29.98560857772827
36.244521442 -56.01512165740132 -16.75302249379456 29.985093593597412
36.264272789 -56.06113453581929 -16.765895189717412 29.984761714935303
36.284305309 -56.13014240935445 -16.785178484395146 29.9842848777771
36.304274801 -56.17614384368062 -16.798028292134404 29.983991146087646
36.324424477 -56.245144087821245 -16.817275347188115 29.98358678817749
36.344594492 -56.291156966239214 -16.830098452046514 29.983331203460693
36.364269783 -56.3601839132607 -16.849326433613896 29.982957363128662
36.384268536 -56.40620060637593 -16.862151445820928 29.98273229598999
36.404297865 -56.47521610930562 -16.881396593526006 29.982369899749756
36.424343945 -56.52125569060445 -16.89425021596253 29.98214864730835
36.444802252 -56.59032841399312 -16.913546862080693 29.98188543319702
36.46427792 -56.63640232756734 -16.926427187398076 29.98174810409546
36.484274688 -56.705539900809526 -16.945760073140264 29.981584072113037
36.504278131 -56.751640517264605 -16.95865565724671 29.981488704681396
36.524337307 -56.820793349295855 -16.978015245869756 29.981412410736084
36.54483669 -56.8668863363564 -16.990935625508428 29.98138952255249
36.564275112 -56.93601246550679 -17.01033908315003 29.98139715194702
36.584275127 -56.98210545256734 -17.02331286855042 29.98142385482788
36.604265328 -57.05125446990132 -17.042807878926396 29.98146963119507
36.62438532 -57.0973665304482 -17.055840792134404 29.981500148773193
36.644471243 -57.16650791838765 -17.075414003804326 29.981553554534912
36.664295205 -57.21257420256734 -17.08849078603089 29.98159170150757
36.684287143 -57.28165837004781 -17.108147921040654 29.981637477874756
36.704274327 -57.32770558074117 -17.12126857228577 29.98170232772827
36.724345253 -57.39677448943257 -17.140958132222295 29.981767177581787
36.744496419 -57.44282170012593 -17.15410357899964 29.98179006576538
36.764310233 -57.511894423514605 -17.173844637349248 29.981793880462646
36.784256528 -57.557975966483355 -17.187041582539678 29.981770992279053
36.80426737 -57.627102095633745 -17.206862749531865 29.981698513031006
36.824328723 -57.67318745329976 -17.220113100484014 29.981618404388428
36.84486159 -57.74228687956929 -17.240033449605107 29.981439113616943
36.864351802 -57.78834553435445 -17.253325762227178 29.981305599212646
36.884256331 -57.8573762960732 -17.27335292287171 29.981069087982178
36.904332326 -57.9033968038857 -17.286696733906865 29.98092031478882
36.924294443 -57.9723665304482 -17.306777300313115 29.980653285980225
36.944630391 -58.018337447196245 -17.32018214650452 29.980454921722412
36.964304233 -58.08727665618062 -17.340314211323857 29.980130672454834
36.984252351 -58.133205611258745 -17.35381061024964 29.97986364364624
37.00427156 -58.20209522917867 -17.374070467427373 29.97955083847046
37.024318452 -58.2480012960732 -17.387606920674443 29.979318141937256
37.04483305 -58.3168489523232 -17.407952608540654 29.97896718978882
37.064295697 -58.36274357512593 -17.421521486714482 29.97873830795288
37.084268705 -58.431572157889605 -17.441949190571904 29.978360652923584
37.10426688 -58.477470595389605 -17.45558482594788 29.978063106536865
37.124285298 -58.54633732512593 -17.47605830617249 29.977616786956787
37.144553662 -58.59227390959859 -17.48975688405335 29.977296352386475
37.164333937 -58.66118260100484 -17.510276140645146 29.976850032806396
37.184266028 -58.7071077413857 -17.52398997731507 29.97652578353882
37.204260667 -58.77598591521382 -17.544555010274053 29.975995540618896
37.22432338 -58.82189579680562 -17.55827838368714 29.97565221786499
37.244533742 -58.89076252654195 -17.57886821217835 29.975148677825928
37.264286621 -58.93667622283101 -17.592585863545537 29.97482442855835
37.28426415 -59.005546767264605 -17.613202394917607 29.97432851791382
37.304268893 -59.05146046355367 -17.626960100606084 29.973989009857178
37.324270298 -59.120327193289995 -17.647612871602178 29.973519802093506
37.344880322 -59.16622181609273 -17.661444963887334 29.97323751449585
37.364291044 -59.235065657645464 -17.682206453755498 29.972856044769287
37.384253556 -59.28095646575093 -17.696080507710576 29.97261953353882
37.404272374 -59.34977360442281 -17.716952623799443 29.97231435775757
37.424274644 -59.39565296843648 -17.730870546773076 29.972127437591553
37.44467801 -59.4644205160439 -17.7517750877887 29.971871852874756
37.464337699 -59.510254103690386 -17.765708269551396 29.97171926498413
37.484265218 -59.57897587493062 -17.786670031026006 29.971498012542725
37.504261819 -59.62478657439351 -17.80065661855042 29.97137212753296
37.524331874 -59.69349690154195 -17.821650804951787 29.97119665145874
37.544616661 -59.7393228597939 -17.83568507619202 29.971086025238037
37.564292603 -59.808078963309526 -17.85672885365784 29.97095251083374
37.584270343 -59.85393162444234 -17.870776476338506 29.97088384628296
37.604269124 -59.92269917204976 -17.891845049336553 29.97084951400757
37.624298099 -59.96854420378804 -17.90587550587952 29.970845699310303
37.644636667 -60.0373079366982 -17.92691928334534 29.970841884613037
37.664293365 -60.08314533904195 -17.94092875905335 29.97083806991577
37.684298052 -60.15189381316304 -17.96191150136292 29.970845699310303
37.704292553 -60.19773121550679 -17.97588283009827 29.970868587493896
37.724238905 -60.26649113371968 -17.996821703389287 29.970902919769287
37.744554087 -60.312317091971636 -18.010777773335576 29.970906734466553
37.76428925 -60.381069380789995 -18.0316880363971 29.97091054916382
37.784284375 -60.426899153739214 -18.045623125508428 29.97091054916382
37.8042574 -60.49565525725484 -18.066537203267217 29.970895290374756
37.824268735 -60.54149265959859 -18.08046847768128 29.97088384628296
37.845389904 -60.610256392508745 -18.10141116566956 29.970876216888428
37.86428576 -60.656086165457964 -18.115376772359014 29.970876216888428
37.884290671 -60.72482319548726 -18.136325182393193 29.970860958099365
37.904282841 -60.77063770964742 -18.15033275075257 29.970868587493896
37.924230032 -60.83937855437398 -18.1713364738971 29.970868587493896
37.944920666 -60.88523121550679 -18.185357393696904 29.97083806991577
37.964313304 -60.95401020720601 -18.206382097676396 29.97077703475952
37.984267627 -60.999870497733355 -18.22041636891663 29.970731258392334
38.004338841 -61.068630415946245 -18.24151355214417 29.970628261566162
38.024254023 -61.11447163298726 -18.255574526265264 29.970567226409912
38.044796589 -61.1831819601357 -18.276768984273076 29.970448970794678
38.06432573 -61.22898884490132 -18.290889086201787 29.9703688621521
38.08427749 -61.297695357352495 -18.31205111928284 29.97025442123413
38.104255844 -61.34348698332906 -18.326180757954717 29.97017812728882
38.124226365 -61.4121744222939 -18.34734279103577 29.970078945159912
38.145221579 -61.457966048270464 -18.361438097432256 29.970014095306396
38.164343954 -61.52665348723531 -18.38254672475159 29.969918727874756
38.184268131 -61.572448927909136 -18.396588625386357 29.969865322113037
38.204261252 -61.64115162566304 -18.4176686424762 29.96981191635132
38.224271215 -61.68695851042867 -18.43168574757874 29.96978521347046
38.244714396 -61.75563831999898 -18.452723802998662 29.969769954681396
38.264374626 -61.80141468718648 -18.466737093403935 29.969777584075928
38.284284715 -61.8700601644814 -18.48773509450257 29.969815731048584
38.304333748 -61.91582127287984 -18.50173312611878 29.96991491317749
38.324242629 -61.98445912078023 -18.52268344350159 29.97010564804077
38.345181261 -62.03019734099507 -18.53662425465882 29.970262050628662
38.364312676 -62.09879322722554 -18.55753451772034 29.970510005950928
38.384265731 -62.14452000334859 -18.571458162739873 29.970689296722412
38.404278085 -62.2130891866982 -18.592358889058232 29.97097158432007
38.424262947 -62.25880070403218 -18.606284441426396 29.97116231918335
38.444487138 -62.32736988738179 -18.627152742817998 29.97145986557007
38.464368794 -62.37310429289937 -18.641074480488896 29.97165822982788
38.484272178 -62.4417154379189 -18.661908449605107 29.97194814682007
38.504267967 -62.487453658133745 -18.675809206441045 29.972115993499756
38.524232754 -62.55607624724507 -18.696629824116826 29.972360134124756
38.544447226 -62.601825911551714 -18.710496248677373 29.972516536712646
38.564326366 -62.670437056571245 -18.73129970021546 29.972760677337646
38.584275282 -62.71618290618062 -18.745152773335576 29.972917079925537
38.604279655 -62.78477116301656 -18.76593333669007 29.973138332366943
38.624247034 -62.830497939139605 -18.77976924367249 29.9732985496521
38.644418386 -62.89909001067281 -18.800492586567998 29.973554134368896
38.664332534 -62.944824416190386 -18.814292253926396 29.973748683929443
38.684266849 -63.01343174651265 -18.83494502492249 29.974042415618896
38.704290937 -63.05916615203023 -18.848681749776006 29.974271297454834
38.724243856 -63.12778874114156 -18.869218172505498 29.974610805511475
38.744423218 -63.17354603484273 -18.882874788716435 29.974835872650146
38.764431478 -63.24217625334859 -18.90330439992249 29.975141048431396
38.784262732 -63.287937361747026 -18.916896166279912 29.975335597991943
38.804277603 -63.35654469206929 -18.937241854146123 29.97558355331421
38.824255012 -63.40226765349507 -18.950778307393193 29.975736141204834
38.84447792 -63.47084065154195 -18.97104579396546 29.97594976425171
38.864321185 -63.51649113371968 -18.984511675313115 29.976064205169678
38.884262703 -63.584953505545855 -19.00468379445374 29.9762282371521
38.904279955 -63.6305582113564 -19.01811152882874 29.97633123397827
38.924242339 -63.698906142264605 -19.03821116872132 29.97648000717163
38.944427587 -63.7444612570107 -19.051589312031865 29.976571559906006
38.964328563 -63.81271382048726 -19.07163363881409 29.976712703704834
38.98427468 -63.85820027068257 -19.08498507924378 29.976808071136475
39.004292432 -63.92639942839742 -19.104993166401982 29.976964473724365
39.024260719 -63.97182484343648 -19.118319811299443 29.977067470550537
39.044440969 -64.03990574553609 -19.13828975148499 29.977227687835693
39.064322535 -64.08522434905171 -19.151566805317998 29.9773268699646
39.084279538 -64.15320988371968 -19.171454729512334 29.977468013763428
39.104287779 -64.19852848723531 -19.184693636372685 29.977567195892334
39.124228094 -64.26650639250875 -19.20449954457581 29.97768545150757
39.144567596 -64.31184025481343 -19.21768313832581 29.977738857269287
39.164379165 -64.37979527190328 -19.237399401143193 29.977750301361084
39.184327283 -64.42512150481343 -19.25052577443421 29.977738857269287
39.204287118 -64.49313755705953 -19.270182909443974 29.977696895599365
39.224249177 -64.53847904875875 -19.283244432881474 29.977620601654053
39.244498324 -64.60654087737203 -19.302823366597295 29.977513790130615
39.264371585 -64.65192814543843 -19.3158620018512 29.977418422698975
39.284282832 -64.7200586386025 -19.335387529805303 29.97726583480835
39.304270481 -64.76549931243062 -19.348368944600224 29.977105617523193
39.324248948 -64.83369847014546 -19.36778766103089 29.97683095932007
39.344483743 -64.87919254973531 -19.380717577412724 29.97665548324585
39.36526755 -64.94746037200093 -19.400071443989873 29.976369380950928
39.385345604 -64.99297733977437 -19.41296130605042 29.976163387298584
39.405272377 -65.06124516204 -19.432284655049443 29.97576665878296
39.425254815 -65.10673924162984 -19.445124926045537 29.97546148300171
39.445482152 -65.17498417571187 -19.46436625905335 29.975026607513428
39.465356733 -65.22046299651265 -19.47716266103089 29.974740505218506
39.485298328 -65.28866978362203 -19.49632197804749 29.97428274154663
39.505295251 -65.33414097502828 -19.509089769795537 29.974015712738037
39.52524684 -65.40232487395406 -19.528218569234014 29.97356939315796
39.545479853 -65.44779606536031 -19.540980638936162 29.97329092025757
39.56531108 -65.51599522307515 -19.56011134572327 29.972840785980225
39.585284776 -65.56147404387593 -19.57287341542542 29.972550868988037
39.605283376 -65.62971134856343 -19.59202510304749 29.97205877304077
39.625250356 -65.67519779875875 -19.604796709492803 29.97174596786499
39.646002652 -65.74345799162984 -19.62395984120667 29.971307277679443
39.665323906 -65.78897495940328 -19.636739077046514 29.971024990081787
39.685282548 -65.85727329924703 -19.655906023457646 29.97062063217163
39.705292774 -65.90282078459859 -19.668689073994756 29.9703688621521
39.725246481 -65.97114964202046 -19.687880815938115 29.97001028060913
39.745508321 -66.01672764495015 -19.700696291401982 29.969777584075928
39.76533083 -66.08512516692281 -19.719945253804326 29.969430446624756
39.785269184 -66.13075657561421 -19.732789339497685 29.969197750091553
39.805288423 -66.19923039153218 -19.75206691212952 29.968942165374756
39.82524203 -66.24487705901265 -19.76492434926331 29.968759059906006
39.845617426 -66.31336613371968 -19.78423053212464 29.96848440170288
39.865367572 -66.35903568938375 -19.797114672139287 29.968289852142334
39.885312942 -66.42757054045796 -19.816407503560185 29.967965602874756
39.905269287 -66.47327824309468 -19.829266848042607 29.967759609222412
39.925230144 -66.54186649993062 -19.8484547752887 29.967408657073975
39.945416642 -66.58761234954 -19.861241640523076 29.96716070175171
39.965366981 -66.65626164153218 -19.880420031026006 29.96677541732788
39.985286196 -66.70208378508687 -19.893208803609014 29.966485500335693
40.005416442 -66.77084751799703 -19.912415804341435 29.966092586517334
40.025254961 -66.81670017912984 -19.925238909199834 29.96583318710327
40.045457878 -66.88553257659078 -19.944493593648076 29.965440273284912
40.065361228 -66.93144627287984 -19.9573414940387 29.965196132659912
40.085281069 -67.00036259368062 -19.976640047505498 29.96484899520874
40.105274786 -67.04632206633687 -19.989522280171514 29.964677333831787
40.125232905 -67.11533756926656 -20.008864702656865 29.96441411972046
40.145420359 -67.16138096526265 -20.021777452901006 29.964250087738037
40.165368085 -67.23048802092671 -20.04116946645081 29.964017391204834
40.185290023 -67.27660008147359 -20.05411654897034 29.963860988616943
40.205284254 -67.34577580168843 -20.073554338887334 29.963643550872803
40.225269625 -67.39189549162984 -20.08652621693909 29.96349859237671
40.245473634 -67.46110935881734 -20.106011690571904 29.963250637054443
40.265375674 -67.50725193694234 -20.119014086201787 29.963094234466553
40.285307251 -67.57653446868062 -20.138610186055303 29.962838649749756
40.305269078 -67.6227457113564 -20.15169650502503 29.962693691253662
40.325245593 -67.69207401946187 -20.171361269429326 29.962491512298584
40.345454632 -67.73830052092671 -20.184491457417607 29.96236562728882
40.365363935 -67.80764408782125 -20.20421534962952 29.96218252182007
40.385338775 -67.85387821868062 -20.217389406636357 29.96207571029663
40.405282803 -67.92323704436421 -20.237149538472295 29.9619460105896
40.425285964 -67.96947880461812 -20.250321688130498 29.96187734603882
40.445440435 -68.03884525969625 -20.27007228322327 29.961801052093506
40.465372826 -68.08509464934468 -20.283238710835576 29.96177053451538
40.485293015 -68.1544839926064 -20.303004564717412 29.961732387542725
40.505292085 -68.20072575286031 -20.316191973164678 29.96168279647827
40.525248183 -68.2700845785439 -20.33598834462464 29.961637020111084
40.545425408 -68.31631870940328 -20.349202455952764 29.961629390716553
40.565388396 -68.38565464690328 -20.36903697438538 29.96164846420288
40.58530827 -68.43186588957906 -20.38228160329163 29.96166753768921
40.605288913 -68.50115605071187 -20.402154268696904 29.961781978607178
40.625354409 -68.54732151702046 -20.41541606374085 29.961854457855225
40.645381493 -68.6165430136025 -20.435324968770146 29.961976528167725
40.665378374 -68.6626855917275 -20.448602022603154 29.962064266204834
40.685304976 -68.73184605315328 -20.46855670399964 29.962186336517334
40.705271388 -68.7779199667275 -20.48186999745667 29.962266445159912
40.725248579 -68.84700413420796 -20.50185519643128 29.96239995956421
40.745424864 -68.893032271415 -20.51518947072327 29.962499141693115
40.76537528 -68.96205540373921 -20.53520709462464 29.9626784324646
40.785329773 -69.00806065276265 -20.548571886494756 29.962789058685303
40.805291831 -69.07709904387593 -20.568671526387334 29.96299123764038
40.825282958 -69.12312718108296 -20.58208209462464 29.96313238143921
40.845380812 -69.19219608977437 -20.602240862324834 29.96335744857788
40.865391361 -69.238247115165 -20.615676226094365 29.96351385116577
40.885328312 -69.30734654143453 -20.635833086445928 29.963788509368896
40.90532767 -69.35342045500875 -20.649272264912724 29.963948726654053
40.925274304 -69.42252751067281 -20.669427217915654 29.964219570159912
40.945442057 -69.4685937948525 -20.68286639638245 29.96444845199585
40.965387143 -69.53767033293843 -20.703009905293584 29.964845180511475
40.985293322 -69.58370609954 -20.71642238087952 29.9651198387146
41.005286821 -69.65275974944234 -20.73650294728577 29.96545934677124
41.025267188 -69.69878788664937 -20.749877275899053 29.96569585800171
41.045400535 -69.76784153655171 -20.769864382222295 29.96610403060913
41.065366361 -69.81386967375875 -20.783156694844365 29.966378688812256
41.085310786 -69.88291569426656 -20.8030503410846 29.966783046722412
41.105272888 -69.92894383147359 -20.81625491566956 29.96701192855835
41.12526995 -69.99797459319234 -20.83606463856995 29.967355251312256
41.14540616 -70.04397221282125 -20.849196733906865 29.96758794784546
41.165404792 -70.11295719817281 -20.86888057179749 29.96793508529663
41.185300913 -70.15893955901265 -20.881972612813115 29.968160152435303
41.205286129 -70.22788639739156 -20.901593508198857 29.968499660491943
41.225273983 -70.27385349944234 -20.914672197774053 29.968724727630615
41.245396018 -70.34275456145406 -20.93431788869202 29.969071865081787
41.265388127 -70.38868351653218 -20.947421373799443 29.96929693222046
41.285296705 -70.45757694914937 -20.967089952901006 29.969632625579834
41.305269335 -70.50349064543843 -20.980191530659795 29.969850063323975
41.325238887 -70.57236881926656 -20.999844850972295 29.97015905380249
41.345396496 -70.61829014495015 -21.01294452138245 29.970338344573975
41.365392417 -70.68717594817281 -21.032580675557256 29.97055959701538
41.385300954 -70.73310490325093 -21.045670809224248 29.97070074081421
41.405282422 -70.80197544768453 -21.06528598256409 29.97100591659546
41.425317938 -70.84788914397359 -21.07835895009339 29.971200466156006
41.445418326 -70.91674442961812 -21.097955049946904 29.97144842147827
41.465431614 -70.96264286711812 -21.11101466603577 29.971593379974365
41.485330901 -71.03148289397359 -21.13059932179749 29.971791744232178
41.505286633 -71.07738133147359 -21.14364749379456 29.971871852874756
41.525239185 -71.14624424651265 -21.16322642751038 29.97199010848999
41.54534675 -71.19217320159078 -21.176278414204717 29.97204351425171
41.565429306 -71.2610513754189 -21.195861162617803 29.97208547592163
41.585313168 -71.3069727011025 -21.20892077870667 29.972115993499756
41.605257349 -71.3758203573525 -21.22850543446839 29.972100734710693
41.625264501 -71.42172642424703 -21.241565050557256 29.972096920013428
41.645348644 -71.49058170989156 -21.261157335713506 29.972100734710693
41.665412341 -71.53647251799703 -21.27422267384827 29.972089290618896
41.685320494 -71.60527439787984 -21.293822588399053 29.97207021713257
41.70533164 -71.65107365325093 -21.30690890736878 29.972020626068115
41.725247334 -71.71976872161031 -21.32656222768128 29.971959590911865
41.745352704 -71.76553745940328 -21.339686693623662 29.971932888031006
41.76558958 -71.83415623381734 -21.359422029927373 29.971909999847412
41.785315241 -71.87989445403218 -21.37259608693421 29.97189474105835
41.805272337 -71.94847508147359 -21.392438234761357 29.971879482269287
41.82526482 -71.99419804289937 -21.405696215108037 29.97186803817749
41.845389734 -72.06278629973531 -21.42562991566956 29.971822261810303
41.865401456 -72.10852451995015 -21.43894130177796 29.971768856048584
41.885358237 -72.17713566496968 -21.45891505666077 29.97170400619507
41.90530584 -72.22288151457906 -21.472241701558232 29.971635341644287
41.925324287 -72.29150791838765 -21.49223262257874 29.97155523300171
41.945390689 -72.33726139739156 -21.5055592674762 29.97152090072632
41.965428245 -72.40592594817281 -21.525538744404912 29.971513271331787
41.985321671 -72.4517252035439 -21.538853945210576 29.971524715423584
42.005363358 -72.52046604827046 -21.558797182515264 29.971482753753662
42.025263226 -72.56629582121968 -21.572095217183232 29.971463680267334
42.045368031 -72.63502903655171 -21.59204608388245 29.9714674949646
42.065981724 -72.68084355071187 -21.605328859761357 29.9714674949646
42.085321825 -72.74955387786031 -21.625253023579717 29.9714674949646
42.10633051 -72.79534550383687 -21.63853389210999 29.971391201019287
42.126286569 -72.86401005461812 -21.658442797139287 29.97125768661499
42.146459681 -72.90979405120015 -21.67171031422913 29.971166133880615
42.166417606 -72.97843571379781 -21.69163447804749 29.970967769622803
42.186361121 -73.02420445159078 -21.704911531880498 29.9708571434021
42.206328309 -73.09280796721578 -21.724820436909795 29.970635890960693
42.22630517 -73.13853092864156 -21.738086046651006 29.970479488372803
42.246424162 -73.2070962972939 -21.757975878193974 29.97021245956421
42.266508798 -73.25276585295796 -21.77125102467835 29.96999502182007
42.286362072 -73.321254927665 -21.791171373799443 29.969686031341553
42.306320901 -73.3668863363564 -21.80446750111878 29.96950674057007
42.326277214 -73.43529148772359 -21.82442599721253 29.969228267669678
42.346424719 -73.48089237883687 -21.837735475972295 29.969041347503662
42.366435532 -73.54925175383687 -21.857739748433232 29.968739986419678
42.386344767 -73.59482975676656 -21.871087374165654 29.968549251556396
42.406339466 -73.66320439055562 -21.891125978901982 29.968305110931396
42.426325989 -73.70877476409078 -21.904473604634404 29.968129634857178
42.44643639 -73.77715702727437 -21.924487413838506 29.967904567718506
42.466434579 -73.82273503020406 -21.937806429341435 29.967740535736084
42.486338328 -73.89110203459859 -21.95777446217835 29.967511653900146
42.506303647 -73.93666477873921 -21.971076311543584 29.96737813949585
42.526286889 -74.00501652434468 -21.991029085591435 29.967179775238037
42.546388686 -74.05059452727437 -22.004329027608037 29.967057704925537
42.566425843 -74.11896916106343 -22.024251284077764 29.96686315536499
42.586337499 -74.16456242278218 -22.037543596699834 29.96674108505249
42.606323658 -74.23296757414937 -22.05750018544495 29.96657705307007
42.626310679 -74.27859135344625 -22.070836367085576 29.966474056243896
42.646389532 -74.34703465178609 -22.090848268941045 29.96633291244507
42.666436681 -74.39267368987203 -22.104201616719365 29.96625280380249
42.686359178 -74.46113224700093 -22.124255480244756 29.966153621673584
42.706322126 -74.50677128508687 -22.13762408681214 29.966153621673584
42.72628557 -74.57521458342671 -22.15771991200745 29.966142177581787
42.746389212 -74.62084599211812 -22.171122850850224 29.96616506576538
42.766480978 -74.68928166106343 -22.19133502431214 29.96619176864624
42.786338553 -74.73489018157125 -22.20483714528382 29.96619939804077
42.806315987 -74.80329533293843 -22.225131334736943 29.96619176864624
42.826304489 -74.84889622405171 -22.238715471699834 29.966172695159912
42.846475019 -74.91730900481343 -22.2590993065387 29.96618413925171
42.866419667 -74.96291752532125 -22.27271014638245 29.966195583343506
42.886379867 -75.0313379354775 -22.293166460469365 29.966207027435303
42.906295193 -75.0769693441689 -22.306805910542607 29.966207027435303
42.926344621 -75.14538975432515 -22.32730800099671 29.966161251068115
42.946371814 -75.1910059042275 -22.34099322743714 29.966176509857178
42.966451057 -75.25942631438375 -22.361533464863896 29.966729640960693
42.986330852 -75.30504246428609 -22.375226320698857 29.96759557723999
43.00633585 -75.37342472746968 -22.39572268910706 29.969686031341553
43.026306038 -75.41898747161031 -22.40935450978577 29.971524715423584
43.046389512 -75.487270552665 -22.429560961201787 29.974896907806396
43.066971621 -75.53274937346578 -22.442811312153935 29.97749090194702
43.086470387 -75.60086460784078 -22.462186159566045 29.98181676864624
43.106343975 -75.64619847014546 -22.4746812004596 29.984933376312256
43.12627203 -75.71397801116109 -22.492589296773076 29.989835262298584
43.146424128 -75.75902958586812 -22.50389033742249 29.993138790130615
43.166562494 -75.82638188079 -22.519788088276982 29.99805212020874
43.186374084 -75.87110539153218 -22.529534639790654 30.001241207122803
43.206319362 -75.93794651702046 -22.542868914082646 30.005792140960693
43.226315608 -75.98234196379781 -22.55078441090882 30.00863790512085
43.246424851 -76.04860325530171 -22.561286272481084 30.01254415512085
43.266531823 -76.09255619719625 -22.5672104973346 30.014874935150146
43.286346888 -76.15816136077046 -22.574397386983037 30.017934322357178
43.30639666 -76.20170994475484 -22.578139605000615 30.019708156585693
43.32628989 -76.26662083342671 -22.58180552907288 30.021844387054443
43.346353124 -76.30968876555562 -22.58309298940003 30.022969722747803
43.3664909 -76.373989302665 -22.583279909566045 30.024224758148193
43.386370772 -76.41661472991109 -22.582032503560185 30.024693965911865
43.406312875 -76.4802896566689 -22.578511537984014 30.02499532699585
43.426345722 -76.52254124358296 -22.574939073994756 30.02490758895874
43.446359082 -76.58565159514546 -22.567765535786748 30.02439260482788
43.466695179 -76.62756748870015 -22.56191379018128 30.023847103118896
43.486341825 -76.69017430022359 -22.551146807149053 30.022653102874756
43.506345541 -76.73176975920796 -22.543059648945928 30.0217604637146
43.526272284 -76.79388066008687 -22.529052080586553 30.020116329193115
43.546351861 -76.83512516692281 -22.518651308491826 30.018895626068115
43.566423324 -76.89675541594625 -22.501498522236943 30.016900539398193
43.586350687 -76.93766422942281 -22.488845171406865 30.015416622161865
43.606325272 -76.99885197356343 -22.468488039448857 30.01306676864624
43.626304982 -77.039516646415 -22.453887285664678 30.011430263519287
43.646308713 -77.10033817961812 -22.430535616353154 30.008920192718506
43.666678661 -77.14078922942281 -22.414149584248662 30.0072340965271
43.686366663 -77.20135136321187 -22.38806659169495 30.00464391708374
43.706371275 -77.24164982512593 -22.369880022481084 30.002919673919678
43.725279442 -77.30197544768453 -22.341456713154912 30.000348567962646
43.74528268 -77.34213658049703 -22.32161838002503 29.998639583587646
43.765710093 -77.40225620940328 -22.291035952046514 29.99613332748413
43.785331957 -77.44228001311421 -22.26987391896546 29.99451208114624
43.805307629 -77.50223179534078 -22.237292589619756 29.992154598236084
43.82528066 -77.54215641692281 -22.21497088856995 29.990651607513428
43.845288449 -77.60203190520406 -22.18064052052796 29.988492488861084
43.865527596 -77.64190312102437 -22.157273592427373 29.987115383148193
43.885342697 -77.70176335051656 -22.121392549946904 29.985154628753662
43.905309385 -77.741665083915 -22.097033800557256 29.98391103744507
43.925332917 -77.80151768401265 -22.05987292714417 29.98214864730835
43.945288968 -77.84151859954 -22.034684481099248 29.981069087982178
43.965485316 -77.90150089934468 -21.996394457295537 29.97955846786499
43.985331714 -77.94153233245015 -21.97051745839417 29.978631496429443
44.005516321 -78.00163670256734 -21.931201281026006 29.977464199066162
44.025290956 -78.04169865325093 -21.904706301167607 29.97675085067749
44.045317661 -78.10184117034078 -21.864577593281865 29.975831508636475
44.065507405 -78.1419336386025 -21.8375962395221 29.975282192230225
44.085401197 -78.20216770842671 -21.796769442036748 29.974629878997803
44.105323828 -78.24234410002828 -21.769349398091435 29.974263668060303
44.125274279 -78.30263920500875 -21.72793704457581 29.973798274993896
44.145305864 -78.34296818450093 -21.700162233784795 29.97353506088257
44.165523183 -78.40346928313375 -21.6582692284137 29.973138332366943
44.18534537 -78.44386692717671 -21.630196871235967 29.97292470932007
44.205309022 -78.50453587248921 -21.587920488789678 29.97269582748413
44.22527776 -78.54497166350484 -21.559619249776006 29.9725661277771
44.245284698 -78.60576267912984 -21.517085375264287 29.97240972518921
44.265562511 -78.64629002287984 -21.488656343892217 29.972310543060303
44.285337875 -78.70708866789937 -21.445908846333623 29.972169399261475
44.305304375 -78.74760838225484 -21.41736918874085 29.972081661224365
44.325262843 -78.80834599211812 -21.374505342915654 29.971951961517334
44.345287014 -78.84887333586812 -21.345940889790654 29.97186040878296
44.365502755 -78.90958805754781 -21.30301600880921 29.97171926498413
44.385350901 -78.95003147795796 -21.274386705830693 29.97163152694702
44.405312346 -79.01067753508687 -21.23144275136292 29.971490383148193
44.4252916 -79.05106754973531 -21.202773394063115 29.971395015716553
44.445300003 -79.11161442473531 -21.15985423512757 29.971272945404053
44.465550258 -79.15192814543843 -21.13123065419495 29.971181392669678
44.485370962 -79.21231480315328 -21.088279070332646 29.971036434173584
44.505305399 -79.25253697112203 -21.059720339253545 29.970929622650146
44.525262659 -79.31279392912984 -21.016841234639287 29.970765590667725
44.545328942 -79.35293217375875 -20.98827105946839 29.97062063217163
44.565582456 -79.41306706145406 -20.945386232808232 29.970384120941162
44.585340576 -79.45312901213765 -20.91682750172913 29.970208644866943
44.605311119 -79.51316471770406 -20.874078096821904 29.969918727874756
44.625285163 -79.55312748625875 -20.845568956807256 29.969716548919678
44.64528906 -79.61309452727437 -20.80295497365296 29.969361782073975
44.665510972 -79.65304203704 -20.77455455251038 29.96911382675171
44.68540265 -79.71290989592671 -20.731969179585576 29.96874761581421
44.705306701 -79.75281925871968 -20.703654589131474 29.96851873397827
44.725266339 -79.81262608245015 -20.661132158711553 29.968202114105225
44.745285708 -79.85247441008687 -20.63278895802796 29.967992305755615
44.765424129 -79.91226597502828 -20.590300859883428 29.967698574066162
44.785379204 -79.9520914144814 -20.561946215108037 29.967519283294678
44.805317108 -80.01188297942281 -20.519557299092412 29.9673171043396
44.825288942 -80.05166264250875 -20.491225542500615 29.967198848724365
44.845271936 -80.1113931722939 -20.448880495503545 29.96710729598999
44.865487206 -80.1511880941689 -20.420661272481084 29.967076778411865
44.885383734 -80.21084233000875 -20.37833529897034 29.967061519622803
44.905316265 -80.25061436370015 -20.35020381398499 29.967050075531006
44.925271471 -80.31019230559468 -20.307984651997685 29.96704626083374
44.945297882 -80.34989567473531 -20.279874147847295 29.967050075531006
44.965417231 -80.40942021086812 -20.237738909199834 29.967061519622803
44.985386228 -80.44905491545796 -20.209624590352178 29.9670729637146
45.005317974 -80.50852604582906 -20.16754466481507 29.96705389022827
45.025299941 -80.5481607504189 -20.13948375172913 29.967034816741943
45.045280658 -80.60759373381734 -20.097379030659795 29.966996669769287
45.065456425 -80.64725132659078 -20.069379152730107 29.966962337493896
45.085381958 -80.70662327483296 -20.02724582143128 29.96692419052124
45.105317675 -80.74621983245015 -19.99925166554749 29.966893672943115
45.125289626 -80.80554600432515 -19.957221331074834 29.966859340667725
45.145292158 -80.84508152678609 -19.929227175191045 29.966817378997803
45.165495296 -80.90436955168843 -19.887233080342412 29.9667067527771
45.185350306 -80.94385929778218 -19.859191240742803 29.966634273529053
45.205335009 -81.00313969329 -19.817208589985967 29.96656560897827
45.225297399 -81.04264469817281 -19.789199175313115 29.96652364730835
45.245275197 -81.10184879973531 -19.747147860005498 29.96643590927124
45.265451409 -81.14135380461812 -19.719144167378545 29.9663405418396
45.285381401 -81.20055027678609 -19.67706614919007 29.966207027435303
45.305295348 -81.24001713469625 -19.649003328755498 29.96610403060913
45.325285993 -81.29923649504781 -19.606906237080693 29.965943813323975
45.345279108 -81.3386880941689 -19.578805269673467 29.96583318710327
45.36544068 -81.39783878996968 -19.536670031026006 29.965665340423584
45.385380002 -81.43722935393453 -19.508540453389287 29.965566158294678
45.405305485 -81.49625797942281 -19.466458620503545 29.965440273284912
45.425314877 -81.53557987883687 -19.43839961476624 29.96535634994507
45.445283723 -81.59451695159078 -19.396294893696904 29.965230464935303
45.465455325 -81.63381596282125 -19.36832362599671 29.96514654159546
45.485392632 -81.6926920004189 -19.326316179707646 29.965035915374756
45.505307558 -81.73191471770406 -19.29832393117249 29.96496343612671
45.525277691 -81.7907144613564 -19.25633174367249 29.96484899520874
45.545287458 -81.82986088469625 -19.22829562611878 29.96478033065796
45.565509188 -81.88856907561421 -19.186299623921514 29.96466588973999
45.585392054 -81.92769261077046 -19.15825396962464 29.96459722518921
45.605308133 -81.98635502532125 -19.116116823628545 29.96448278427124
45.626318432 -82.02542515471578 -19.08799678273499 29.96441411972046
45.646311593 -82.08395786955953 -19.045758547261357 29.964303493499756
45.666512739 -82.12296696379781 -19.017594637349248 29.964215755462646
45.686405919 -82.18142338469625 -18.975255312398076 29.964101314544678
45.70633911 -82.22037907317281 -18.946988405659795 29.96401357650757
45.726298341 -82.27880497649312 -18.90449840016663 29.96390676498413
45.746315613 -82.3177148886025 -18.87610179372132 29.96384572982788
45.766496992 -82.37611027434468 -18.83348781056702 29.9637770652771
45.78649554 -82.41502018645406 -18.805026354268193 29.963746547698975
45.806303109 -82.47336216643453 -18.762255968526006 29.96368932723999
45.826309848 -82.5122949667275 -18.733712496235967 29.96364736557007
45.846317445 -82.57063694670796 -18.69081431813538 29.96360158920288
45.866417775 -82.60953160002828 -18.6621754784137 29.963571071624756
45.886378211 -82.6678125448525 -18.61913234181702 29.963536739349365
45.906344366 -82.70665379241109 -18.590400042012334 29.963536739349365
45.926304968 -82.76488133147359 -18.54723864980042 29.9635329246521
45.946301783 -82.80366917327046 -18.51841098256409 29.96352529525757
45.966424814 -82.86185093596578 -18.47513514943421 29.963517665863037
45.986404375 -82.90060826018453 -18.446255983784795 29.9635329246521
46.006453988 -82.95871372893453 -18.40289050526917 29.963624477386475
46.026346888 -82.99744053557515 -18.373956026509404 29.963735103607178
46.046302037 -83.0554849691689 -18.33049708791077 29.963929653167725
46.066402107 -83.09416599944234 -18.30149012990296 29.96408224105835
46.086447695 -83.1521875448525 -18.25791102834046 29.96435308456421
46.106347408 -83.19084568694234 -18.22881061024964 29.964559078216553
46.126300709 -83.24881382659078 -18.185126604512334 29.964925289154053
46.146287875 -83.2874185629189 -18.1559498924762 29.965165615081787
46.166457525 -83.34531803801656 -18.11218005605042 29.965543270111084
46.186413378 -83.3838769979775 -18.082988085225224 29.965802669525146
46.206335414 -83.44167729094625 -18.039170565083623 29.966195583343506
46.226321413 -83.48017521575093 -18.0099537987262 29.966432094573975
46.246306645 -83.53787632659078 -17.96609622426331 29.96679449081421
46.266444676 -83.57631321623921 -17.93686038441956 29.967023372650146
46.286424257 -83.63391514495015 -17.893004717305303 29.967332363128662
46.306336934 -83.67229099944234 -17.863744081929326 29.967538356781006
46.326293771 -83.72983189299703 -17.81990367360413 29.967843532562256
46.346310338 -83.76818485930562 -17.79067355580628 29.968034267425537
46.366676501 -83.82569523528218 -17.74681788869202 29.968308925628662
46.38640844 -83.86405583098531 -17.71761447377503 29.968488216400146
46.406415191 -83.92155094817281 -17.673739733174443 29.96872091293335
46.426330231 -83.9599039144814 -17.644543947651982 29.968881130218506
46.446335375 -84.0174219198525 -17.600720705464482 29.96912145614624
46.466441262 -84.05577488616109 -17.571519197896123 29.96927785873413
46.486409797 -84.11328526213765 -17.52771502919495 29.96952199935913
46.506328658 -84.15160771086812 -17.498490633442998 29.96967840194702
46.526319358 -84.20903416350484 -17.454713167622685 29.96993398666382
46.546307449 -84.24728031829 -17.425505938008428 29.97009801864624
46.566461905 -84.30459995940328 -17.381661714985967 29.97033452987671
46.586432928 -84.34278507903218 -17.35243541188538 29.970494747161865
46.606379428 -84.40002079680562 -17.308562578633428 29.970738887786865
46.626316988 -84.43814488127828 -17.27930003590882 29.97089147567749
46.646299664 -84.4953043051064 -17.235368074849248 29.971112728118896
46.666507009 -84.53338261321187 -17.206050219014287 29.971253871917725
46.686431804 -84.59046574309468 -17.16208011098206 29.971452236175537
46.706399551 -84.62849064543843 -17.132746996358037 29.971601009368896
46.726302791 -84.68550511077046 -17.08876353688538 29.971784114837646
46.746282585 -84.72349186614156 -17.059434236958623 29.971906185150146
46.766532312 -84.78045292571187 -17.01541835255921 29.972074031829834
46.786403821 -84.81839390471578 -16.98607379384339 29.97216558456421
46.806370392 -84.87529392912984 -16.94202166981995 29.972283840179443
46.826326174 -84.91319676116109 -16.912633242085576 29.97234869003296
46.846312475 -84.9700586386025 -16.868539156392217 29.972428798675537
46.866461019 -85.00796147063375 -16.839124025776982 29.972474575042725
46.886468481 -85.06484623625875 -16.795012773945928 29.972501277923584
46.906377023 -85.10278721526265 -16.7655690331012 29.972520351409912
46.926331969 -85.15971775725484 -16.721349062398076 29.972527980804443
46.94630671 -85.19768162444234 -16.691848101094365 29.972527980804443
46.966491926 -85.25465031340718 -16.64757281728089 29.972527980804443
46.986425937 -85.29268284514546 -16.61801272816956 29.972493648529053
47.006369148 -85.34974308684468 -16.573617281392217 29.972455501556396
47.026362958 -85.38781376555562 -16.543975176289678 29.972421169281006
47.046310774 -85.44495030120015 -16.4994557518512 29.972306728363037
47.066488677 -85.48304386809468 -16.469748796895146 29.972215175628662
47.0864037 -85.54025669768453 -16.42509967274964 29.972047328948975
47.106361965 -85.57841129973531 -16.395306887105107 29.97193670272827
47.126305695 -85.63566990569234 -16.350579561665654 29.971749782562256
47.146351441 -85.67387028411031 -16.32071620412171 29.9715895652771
47.166427246 -85.73116703704 -16.27591067738831 29.9713454246521
47.1864208 -85.76936741545796 -16.24602252431214 29.97116231918335
47.206379453 -85.82664890959859 -16.201173128560185 29.9708571434021
47.226383463 -85.86482639983296 -16.17126208730042 29.970635890960693
47.246293694 -85.92209263518453 -16.12640124745667 29.970284938812256
47.266400859 -85.96026249602437 -16.096492113545537 29.97005605697632
47.286464912 -86.01753636077046 -16.051652254536748 29.969701290130615
47.306395349 -86.05571385100484 -16.02178126759827 29.969525814056396
47.326315874 -86.11296482756734 -15.977001490071416 29.96926259994507
47.346297562 -86.15114231780171 -15.94717532582581 29.96909475326538
47.366389939 -86.20838566496968 -15.902432741597295 29.96888494491577
47.386438561 -86.24653263762593 -15.87260657735169 29.968759059906006
47.406397665 -86.30373783782125 -15.82787829823792 29.96859884262085
47.426333481 -86.3418619222939 -15.798059763386846 29.968507289886475
47.446311038 -86.3989908285439 -15.7533677238971 29.96838903427124
47.466348943 -86.43706150725484 -15.723564447835088 29.968324184417725
47.486687271 -86.49412174895406 -15.678863825276494 29.96822500228882
47.506366116 -86.53213139250875 -15.649073900654912 29.96817922592163
47.526304736 -86.58910008147359 -15.604406656697392 29.968106746673584
47.546295306 -86.62707157805562 -15.574647249653935 29.9680495262146
47.566368408 -86.68400974944234 -15.530001940205693 29.967992305755615
47.586443019 -86.72195072844625 -15.500243486836553 29.96796178817749
47.606393834 -86.77881260588765 -15.455607714131474 29.967965602874756
47.626372285 -86.81670780852437 -15.42585021443665 29.967977046966553
47.646417502 -86.87349339202046 -15.381203951314092 29.968026638031006
47.666360679 -86.91133518889546 -15.351445497944951 29.96807622909546
47.686451963 -86.96807499602437 -15.306816400960088 29.968175411224365
47.706368803 -87.00590153411031 -15.277043642476201 29.968217372894287
47.726329178 -87.06262608245015 -15.232389749959111 29.968289852142334
47.746306784 -87.1004068441689 -15.202638925984502 29.968343257904053
47.766297161 -87.15707798674703 -15.158035578206182 29.968430995941162
47.786416914 -87.19484348967671 -15.128335298970342 29.968499660491943
47.806370377 -87.25149937346578 -15.08379584737122 29.968656063079834
47.826333257 -87.28927250579 -15.054104151204228 29.96876287460327
47.846412179 -87.34591313079 -15.009521784260869 29.968846797943115
47.866308044 -87.38365574553609 -14.979787172749639 29.968892574310303
47.886657498 -87.4402505941689 -14.935159983113408 29.96894598007202
47.906360153 -87.47794743254781 -14.905363382771611 29.96899938583374
47.926311132 -87.5344888754189 -14.860649408772588 29.96907949447632
47.946328753 -87.57217808440328 -14.830806078389287 29.969117641448975
47.966333009 -87.62871189787984 -14.786011042073369 29.969136714935303
47.987030538 -87.66641636565328 -14.756141962483525 29.969151973724365
48.006507543 -87.7229654379189 -14.711321176961064 29.969151973724365
48.026305474 -87.76066990569234 -14.681435884907842 29.96915578842163
48.046325206 -87.81727238371968 -14.63658076710999 29.969117641448975
48.066402553 -87.85501499846578 -14.606668772175908 29.969083309173584
48.086496902 -87.91164799407125 -14.561784090474248 29.969022274017334
48.106383357 -87.94945164397359 -14.531835855916142 29.96893835067749
48.126319439 -88.00617619231343 -14.486913027241826 29.96882390975952
48.146315066 -88.0440103597939 -14.456960977986455 29.968759059906006
48.166368577 -88.10078831389546 -14.412031473591924 29.968698024749756
48.186464399 -88.13865299895406 -14.382082285359502 29.96866750717163
48.206400809 -88.19546147063375 -14.33713180013001 29.968587398529053
48.226339166 -88.23332615569234 -14.307172121480107 29.968533992767334
48.246310246 -88.2901269979775 -14.26224166341126 29.968446254730225
48.266392961 -88.32799168303609 -14.232302011922002 29.968385219573975
48.286527216 -88.38477726653218 -14.187417330220342 29.9682936668396
48.306381352 -88.42261906340718 -14.157469095662236 29.968186855316162
48.32628696 -88.47936649993062 -14.112539591267705 29.96804189682007
48.3462994 -88.51718540862203 -14.082566561177373 29.96793508529663
48.366296886 -88.57390232756734 -14.037576975300908 29.96777105331421
48.386420242 -88.61171360686421 -14.007582010701299 29.967671871185303
48.406401691 -88.66843052580953 -13.962524713948369 29.96749258041382
48.426330022 -88.70624943450093 -13.932472528889775 29.967389583587646
48.446312969 -88.7630045004189 -13.887369455769658 29.96729040145874
48.46637514 -88.80085392668843 -13.857251467183232 29.967240810394287
48.486468515 -88.85762425139546 -13.812082590535283 29.967183589935303
48.506358404 -88.895473677665 -13.781955065205693 29.96714162826538
48.526326682 -88.95222874358296 -13.736769022420049 29.967095851898193
48.546307553 -88.99004002287984 -13.70662814565003 29.96708059310913
48.566300226 -89.04671116545796 -13.66138774342835 29.96708059310913
48.586479634 -89.08449192717671 -13.631229700520635 29.967088222503662
48.606396463 -89.14110203459859 -13.585913004353642 29.967050075531006
48.626348909 -89.17882939055562 -13.555686296895146 29.967034816741943
48.646334916 -89.23540898039937 -13.510324778035283 29.96700429916382
48.666298729 -89.27311344817281 -13.480043711140752 29.96699285507202
48.686714816 -89.32967014983296 -13.434634508565068 29.96698522567749
48.706385159 -89.36736698821187 -13.404351534321904 29.96694326400757
48.726318634 -89.42390843108296 -13.358928980305791 29.96688222885132
48.74633609 -89.46160526946187 -13.328666986897588 29.966859340667725
48.766306431 -89.51816960051656 -13.283253969624639 29.966844081878662
48.786615397 -89.55588169768453 -13.253019632771611 29.966844081878662
48.806385453 -89.61247654631734 -13.207657160237432 29.966825008392334
48.826360396 -89.65021916106343 -13.177438082173467 29.966805934906006
48.846319217 -89.70686741545796 -13.132149996235967 29.966752529144287
48.866310663 -89.74468632414937 -13.101971926167607 29.966691493988037
48.886427502 -89.80146427825093 -13.056741060689092 29.966603755950928
48.906387489 -89.83936711028218 -13.026603044942021 29.96653127670288
48.926314105 -89.89627476409078 -12.981444658711553 29.966424465179443
48.946309706 -89.93423100188375 -12.951368631795049 29.966355800628662
48.966316732 -89.99128361418843 -12.906266512349248 29.96625280380249
48.986510358 -90.02934666350484 -12.876237215474248 29.966180324554443
49.006358866 -90.0864908285439 -12.831241907551885 29.966023921966553
49.026302601 -90.12464543059468 -12.801272692158818 29.965909481048584
49.046314241 -90.18186588957906 -12.75636607594788 29.96579885482788
49.066308257 -90.22002049162984 -12.72645884938538 29.9657301902771
49.086506401 -90.27727146819234 -12.68163806386292 29.96564245223999
49.106377893 -90.31545658782125 -12.651783289387822 29.96557378768921
49.126313291 -90.37276859954 -12.607043566182256 29.96551275253296
49.146297325 -90.41098423674703 -12.577240290120244 29.965482234954834
49.166315759 -90.46838780120015 -12.532609285786748 29.965501308441162
49.186512137 -90.50667210295796 -12.502871813252568 29.965531826019287
49.206371792 -90.56413670256734 -12.458292307332158 29.965672969818115
49.22632421 -90.6024820394814 -12.428574861958623 29.96577215194702
49.246307838 -90.6600000448525 -12.384016336873174 29.96592092514038
49.266315993 -90.69835301116109 -12.354318918660283 29.96603536605835
49.286484531 -90.75591679289937 -12.309765161946416 29.96619939804077
49.306381198 -90.79430027678609 -12.280071558430791 29.966329097747803
49.326359079 -90.85187931731343 -12.235512079671025 29.966493129730225
49.346302199 -90.89027043059468 -12.205809893086553 29.966607570648193
49.366301554 -90.94787998870015 -12.161190332844853 29.966729640960693
49.386430493 -90.986293990165 -12.131439508870244 29.966790676116943
49.4063755 -91.043911177665 -12.08681327290833 29.96693181991577
49.426333542 -91.08235569670796 -12.05703097768128 29.966996669769287
49.446321978 -91.14002628996968 -12.012361826375127 29.96711492538452
49.466304689 -91.17846317961812 -11.982566179707646 29.96718740463257
49.486420488 -91.23611851409078 -11.937844576314092 29.967278957366943
49.506405146 -91.27454777434468 -11.908035578206182 29.967366695404053
49.526335775 -91.33221073821187 -11.863285364583135 29.96746587753296
49.546298946 -91.37065525725484 -11.8334458488971 29.967515468597412
49.56632445 -91.42834110930562 -11.788674654439092 29.967572689056396
49.586519022 -91.46680088713765 -11.758825602009892 29.96760320663452
49.606395292 -91.52448673918843 -11.714055361226201 29.967687129974365
49.626352893 -91.56298466399312 -11.684154810383916 29.96771001815796
49.646326157 -91.62073918059468 -11.639299692586064 29.967755794525146
49.666296695 -91.65927525237203 -11.60936194844544 29.96777868270874
49.686515333 -91.71711369231343 -11.564415277913213 29.967793941497803
49.706464044 -91.7556802816689 -11.53445559926331 29.967790126800537
49.726348765 -91.81361790373921 -11.489471735432744 29.967721462249756
49.746280432 -91.85225315764546 -11.459490122273564 29.967641353607178
49.766303365 -91.91023655608296 -11.414527239277959 29.96748113632202
49.786451254 -91.94890232756734 -11.384517015889287 29.9673171043396
49.806388017 -92.00689335539937 -11.339529337361455 29.967095851898193
49.826350262 -92.04555912688375 -11.309539141133428 29.966928005218506
49.846320146 -92.10353489592671 -11.26458198018372 29.966702938079834
49.866334326 -92.14218540862203 -11.234607042744756 29.96655035018921
49.886470355 -92.20015354827046 -11.189650835469365 29.966310024261475
49.906390942 -92.23878117278218 -11.159701647236943 29.96613073348999
49.926338499 -92.2967187948525 -11.11475688405335 29.965848445892334
49.946322576 -92.33533878996968 -11.08479911275208 29.96567678451538
49.966327572 -92.39324589446187 -11.039878191426396 29.96545171737671
49.986473736 -92.43183537200093 -11.009929003193974 29.96531057357788
50.006509069 -92.48970432952046 -10.965049089863896 29.965081691741943
50.026337508 -92.52827854827046 -10.935152353718877 29.96494436264038
50.046311399 -92.58613987639546 -10.89034396596253 29.96474599838257
50.066319004 -92.62470646575093 -10.860502542927861 29.964627742767334
50.086470719 -92.68252201750875 -10.815724672749639 29.96442174911499
50.106417642 -92.72105045989156 -10.785913767293096 29.96431875228882
50.126399521 -92.77878208830953 -10.74116832204163 29.964147090911865
50.146308248 -92.81725712493062 -10.711355509236455 29.964036464691162
50.166295405 -92.87495060637593 -10.666668238118291 29.963860988616943
50.186461164 -92.91342564299703 -10.63687259145081 29.96376943588257
50.206429315 -92.9711343832314 -10.592212023213506 29.96363592147827
50.226372383 -93.0096094198525 -10.562445940449834 29.963551998138428
50.246323676 -93.0673257894814 -10.517834963276982 29.963456630706787
50.266301737 -93.10580845549703 -10.488121332600713 29.963414669036865
50.286433894 -93.16357823088765 -10.443530382588506 29.96335744857788
50.306378465 -93.20210667327046 -10.413809122517705 29.963338375091553
50.326395979 -93.25992222502828 -10.369238199666142 29.963326930999756
50.3463402 -93.29849644377828 -10.339495005086064 29.963307857513428
50.366387686 -93.35634251311421 -10.294935526326299 29.963307857513428
50.386421668 -93.39491673186421 -10.265215219929814 29.96331548690796
50.40637447 -93.45276280120015 -10.220664324238896 29.963300228118896
50.426345831 -93.49132176116109 -10.190967859700322 29.96328115463257
50.446318098 -93.54915257170796 -10.146437944844365 29.96326208114624
50.46633654 -93.58770390227437 -10.116772951558232 29.96326208114624
50.486477901 -93.64551945403218 -10.072259249165654 29.96326971054077
50.50641795 -93.68406315520406 -10.042595209553838 29.963250637054443
50.526338818 -93.74187107756734 -9.998122515156865 29.963250637054443
50.546311323 -93.78043003752828 -9.968467058613896 29.963265895843506
50.566328528 -93.83827610686421 -9.924013437703252 29.96331548690796
50.586424765 -93.87684269621968 -9.894384684041142 29.963372707366943
50.606401315 -93.93468876555562 -9.84996253438294 29.963517665863037
50.626372786 -93.97325535491109 -9.82037097401917 29.963632106781006
50.646366261 -94.0310937948525 -9.776013674214482 29.96384572982788
50.666333154 -94.0696451254189 -9.746472658589482 29.964009761810303
50.686435095 -94.12752171233296 -9.702192606404424 29.964269161224365
50.706465566 -94.16611118987203 -9.672701181843877 29.964452266693115
50.726326951 -94.22401829436421 -9.628508867695928 29.964730739593506
50.746320921 -94.26262303069234 -9.599059404805303 29.964925289154053
50.766319549 -94.32052250579 -9.554914774373174 29.965226650238037
50.786456148 -94.35911961272359 -9.525490107014775 29.965444087982178
50.806438961 -94.41700382903218 -9.481375994160771 29.965775966644287
50.826374863 -94.45558567717671 -9.451987566426396 29.96600103378296
50.846336536 -94.51346989348531 -9.407914461567998 29.966290950775146
50.866330159 -94.55207462981343 -9.37853461690247 29.966474056243896
50.886493632 -94.61000462248921 -9.33446723408997 29.966752529144287
50.906422535 -94.64863987639546 -9.305083574727178 29.966920375823975
50.926363867 -94.70660038664937 -9.260999025776982 29.967183589935303
50.946367127 -94.74525852873921 -9.231600107625127 29.967336177825928
50.966331156 -94.80324192717671 -9.187529863789678 29.96754217147827
50.986439174 -94.84190006926656 -9.15815001912415 29.967671871185303
51.006453047 -94.899868208915 -9.114079775288701 29.967904567718506
51.02637566 -94.93849583342671 -9.084717096760869 29.968053340911865
51.046320967 -94.99639530852437 -9.040602030232549 29.968217372894287
51.066320686 -95.0349771566689 -9.011183084920049 29.968305110931396
51.086442596 -95.09282322600484 -8.96705180592835 29.96839666366577
51.106458358 -95.13135929778218 -8.93755847401917 29.96839666366577
51.126376291 -95.1891519613564 -8.893320383504033 29.96838903427124
51.146344202 -95.22768040373921 -8.863796534016728 29.968358516693115
51.166331616 -95.2854654379189 -8.819545092061162 29.968289852142334
51.186392365 -95.32398625090718 -8.790045084431767 29.96823263168335
51.206410423 -95.38174076750875 -8.745785059407353 29.968183040618896
51.226392557 -95.4202310629189 -8.716298403218389 29.968148708343506
51.246326898 -95.47788639739156 -8.67203170247376 29.96808385848999
51.266328151 -95.5163003988564 -8.642523111775517 29.968038082122803
51.286383579 -95.57389469817281 -8.598270716145635 29.96796941757202
51.306440904 -95.61223240569234 -8.568745912984014 29.967896938323975
51.326377527 -95.66971989348531 -8.5244858879596 29.967801570892334
51.346319297 -95.70800419524312 -8.494981111958623 29.967732906341553
51.366355279 -95.76539250090718 -8.450699152424932 29.967626094818115
51.3863671 -95.80363865569234 -8.421189608052373 29.96756887435913
51.406492139 -95.8609048910439 -8.376892389729619 29.967484951019287
51.426359562 -95.89909001067281 -8.347403826192021 29.96744680404663
51.446333001 -95.95627232268453 -8.303163828328252 29.967294216156006
51.466349597 -95.99437351897359 -8.273686708882451 29.967183589935303
51.486371092 -96.05151005461812 -8.229497255757451 29.96701955795288
51.506437191 -96.08957310393453 -8.200047792866826 29.966935634613037
51.526365056 -96.14666386321187 -8.155910791829228 29.96682119369507
51.546302913 -96.18471928313375 -8.126498522236943 29.966752529144287
51.566324726 -96.24180241301656 -8.082397760823369 29.966649532318115
51.586332391 -96.27986546233296 -8.053021730855107 29.966588497161865
51.60646872 -96.33697148039937 -8.008940996602178 29.96638250350952
51.626373738 -96.37504215911031 -7.979560198262334 29.96622610092163
51.646311812 -96.43213291838765 -7.935502829030156 29.965932369232178
51.666337382 -96.47018833830953 -7.906078161671758 29.965688228607178
51.693500724 -96.52729435637593 -7.8620055336505175 29.96537160873413
51.722009489 -96.56534214690328 -7.832594694569707 29.965135097503662
51.749182088 -96.62243290618062 -7.788507284596562 29.964799404144287
51.769280567 -96.66050358489156 -7.759107889607549 29.964574337005615
51.78925509 -96.71762486174703 -7.714959444478154 29.964223384857178
51.809278731 -96.75572605803609 -7.685538114979863 29.96400213241577
51.82926313 -96.81287785246968 -7.641333879902959 29.963582515716553
51.849207137 -96.85099430754781 -7.611859621480107 29.963311672210693
51.869251588 -96.90818424895406 -7.567646803334355 29.9629225730896
51.889350308 -96.94632359221578 -7.538123430684209 29.96262502670288
51.909236212 -97.00357456877828 -7.493865789845586 29.962201595306396
51.929251929 -97.04176731780171 -7.464346231892705 29.961900234222412
51.949181577 -97.09910221770406 -7.420039953663945 29.961442470550537
51.969249049 -97.13735600188375 -7.390519918873906 29.96116018295288
51.989504754 -97.19472904875875 -7.34622603841126 29.96070623397827
52.009239208 -97.23298283293843 -7.31671935506165 29.96042013168335
52.029286974 -97.2903711386025 -7.272382082417607 29.95990514755249
52.049196682 -97.32861729338765 -7.242816271260381 29.959577083587646
52.069201684 -97.38599034026265 -7.198460878804326 29.959100246429443
52.089361428 -97.42423649504781 -7.168875040486455 29.958802700042725
52.109242009 -97.4816324301064 -7.124551119282842 29.958402156829834
52.129237668 -97.51992436125875 -7.095020117238164 29.958184719085693
52.150276882 -97.57735844329 -7.050744356587529 29.957879543304443
52.170208863 -97.61565800383687 -7.02126151509583 29.957711696624756
52.190409853 -97.67309971526265 -6.977021040394902 29.957475185394287
52.210283401 -97.71139927580953 -6.947542013600469 29.957322597503662
52.230229183 -97.76887150481343 -6.90335208363831 29.95715093612671
52.250216529 -97.80717869475484 -6.873924078419805 29.95705556869507
52.270268088 -97.86465092375875 -6.829829039052129 29.956956386566162
52.290377371 -97.90297337248921 -6.800457300618291 29.956883907318115
52.310288486 -97.96046848967671 -6.756473841145635 29.95679998397827
52.330243993 -97.99880619719625 -6.727195562794805 29.956735134124756
52.350186541 -98.05634709075093 -6.683351816609502 29.956639766693115
52.370265625 -98.09470768645406 -6.654172720387578 29.95660924911499
52.390398426 -98.15229435637593 -6.610451044514775 29.956590175628662
52.410279989 -98.19072361662984 -6.581330122426152 29.956593990325928
52.430233567 -98.24842472746968 -6.5376952309161425 29.956605434417725
52.450222661 -98.28693791106343 -6.50859815068543 29.95660924911499
52.470228672 -98.34473820403218 -6.4649837631732225 29.956666469573975
52.490388136 -98.38328190520406 -6.435908617451787 29.95672369003296
52.510280271 -98.4411050863564 -6.392340483143926 29.956838130950928
52.530259674 -98.47965641692281 -6.363304914906621 29.956971645355225
52.55021191 -98.53750248625875 -6.319763960316777 29.9571852684021
52.570232686 -98.57607670500875 -6.290764154866338 29.95734930038452
52.590396646 -98.63396855071187 -6.247231783345342 29.957623958587646
52.610268847 -98.67258854582906 -6.218228640034795 29.957814693450928
52.630237851 -98.73056431487203 -6.174750627949834 29.95809316635132
52.650229614 -98.76926060393453 -6.145772757008672 29.958306789398193
52.670288711 -98.82731266692281 -6.102334322407842 29.95864248275757
52.690469063 -98.8660318441689 -6.073373140767217 29.958882808685303
52.710292259 -98.92410679534078 -6.029938520863652 29.959275722503662
52.730245194 -98.96281834319234 -6.001005472615361 29.959500789642334
52.750201539 -99.02091618254781 -5.957580866292119 29.95986318588257
52.7702792 -99.05965061858296 -5.92867118306458 29.96012258529663
52.790506027 -99.1177637167275 -5.885284723713994 29.96053457260132
52.810294446 -99.15652104094625 -5.856370748952031 29.96081304550171
52.830272225 -99.21467228606343 -5.813015760853887 29.96124792098999
52.850235998 -99.25346775725484 -5.78409224934876 29.961541652679443
52.870240452 -99.31165714934468 -5.740744890645146 29.96198797225952
52.890462204 -99.35046024993062 -5.71185571141541 29.962289333343506
52.910282205 -99.40868778899312 -5.668548883870244 29.96273946762085
52.930234866 -99.44751377776265 -5.639707865193486 29.962998867034912
52.950220588 -99.50576420500875 -5.596475424245 29.963387966156006
52.970215998 -99.54458256438375 -5.5676916260272264 29.963651180267334
52.990336672 -99.60278721526265 -5.524573625996709 29.964051723480225
53.010290284 -99.641567427665 -5.495866121724248 29.96432638168335
53.030218927 -99.69973393157125 -5.452851118519902 29.964757442474365
53.050211315 -99.73848362639546 -5.424183191731572 29.965013027191162
53.070231038 -99.79658909514546 -5.381213964894414 29.96541738510132
53.090348931 -99.83530827239156 -5.352574648335576 29.965672969818115
53.110290825 -99.8933755941689 -5.30962068028748 29.966012477874756
53.130231824 -99.93208714202046 -5.281002821400762 29.96622610092163
53.150227663 -99.99016209319234 -5.238061251118779 29.966512203216553
53.170238038 -100.02888889983296 -5.209426702931523 29.966683864593506
53.190503747 -100.08698673918843 -5.166468443349004 29.96691656112671
53.210355145 -100.12569828704 -5.137801947072148 29.9670729637146
53.230229604 -100.18377323821187 -5.094815554097295 29.967355251312256
53.250219844 -100.22248478606343 -5.0661423821002245 29.967549800872803
53.270232348 -100.28055210784078 -5.0231125969439745 29.96789312362671
53.290524014 -100.31926365569234 -4.994437040761113 29.968133449554443
53.3102937 -100.37729283049703 -4.951417269185185 29.968488216400146
53.330244673 -100.41596623137593 -4.922751249745488 29.968724727630615
53.350194465 -100.47391148284078 -4.879746260121465 29.969064235687256
53.370226252 -100.5125162191689 -4.851070703938603 29.969293117523193
53.390568083 -100.5704004354775 -4.808049025014043 29.9696364402771
53.410306323 -100.6089517660439 -4.77933150716126 29.969850063323975
53.430256976 -100.66678257659078 -4.736275972798467 29.97011709213257
53.450212829 -100.70533390715718 -4.707561792805791 29.970292568206787
53.470248724 -100.76314182952046 -4.664465727284551 29.97052526473999
53.49052648 -100.80166264250875 -4.6357482094317675 29.97066640853882
53.51028742 -100.85945530608296 -4.592623533681035 29.970876216888428
53.530263809 -100.89796848967671 -4.5638864655047655 29.97098684310913
53.550199246 -100.95573826506734 -4.520805658772588 29.971147060394287
53.570230619 -100.99424381926656 -4.492112936452031 29.971234798431396
53.590433274 -101.05199833586812 -4.449113192036748 29.971341609954834
53.610292143 -101.09051151946187 -4.420411409810185 29.971391201019287
53.630259399 -101.14826603606343 -4.377384962514043 29.97145986557007
53.650210111 -101.18677159026265 -4.348694147542119 29.971486568450928
53.670244951 -101.24453373625875 -4.305662455037236 29.971498012542725
53.690369272 -101.28303929045796 -4.2769930977374315 29.971498012542725
53.710308336 -101.340786177665 -4.2340124268084764 29.971478939056396
53.730249283 -101.37929173186421 -4.205385508015752 29.971486568450928
53.750205234 -101.43706150725484 -4.162484945729375 29.971478939056396
53.7702464 -101.47557469084859 -4.133879007771611 29.971417903900146
53.790384286 -101.53336735442281 -4.0909860748797655 29.971307277679443
53.810301185 -101.57191105559468 -4.062384905293584 29.971208095550537
53.83028352 -101.62974186614156 -4.019514860585332 29.971078395843506
53.850209202 -101.6683008261025 -3.9909446854144335 29.970983028411865
53.870243504 -101.72614689543843 -3.948094667866826 29.970799922943115
53.890403466 -101.7647134847939 -3.9195435661822557 29.97067403793335
53.910298574 -101.82253666594625 -3.8767343182116747 29.970407009124756
53.930234389 -101.86109562590718 -3.8481958527117968 29.970181941986084
53.950204108 -101.91894932463765 -3.805387319996953 29.969842433929443
53.970251508 -101.95753880217671 -3.776832165196538 29.969571590423584
53.990351281 -102.01542301848531 -3.7340214867144823 29.96919012069702
54.010286525 -102.05403538420796 -3.7054792065173388 29.96889638900757
54.0303265 -102.1120035238564 -3.6626618523150682 29.968350887298584
54.050208203 -102.15066166594625 -3.634133877232671 29.96798849105835
54.070230471 -102.20875187590718 -3.5912941116839647 29.967381954193115
54.090368556 -102.24747868254781 -3.5627613682299852 29.96700429916382
54.110326109 -102.30562229827046 -3.5199571270495653 29.966397762298584
54.130268932 -102.34441014006734 -3.4914279598742723 29.96601629257202
54.150234661 -102.40263004973531 -3.4486432690173388 29.965474605560303
54.170227039 -102.44145603850484 -3.420112671330571 29.965116024017334
54.190379798 -102.49969120696187 -3.3773370403796434 29.964620113372803
54.210290978 -102.53852482512593 -3.3488171715289354 29.96429967880249
54.230234973 -102.59679051116109 -3.306037487462163 29.96380376815796
54.250200969 -102.63563175871968 -3.277531923726201 29.96349859237671
54.270242638 -102.69395847991109 -3.234724821522832 29.9630446434021
54.290379083 -102.73283787444234 -3.2061947006732225 29.96276617050171
54.310348378 -102.79116459563375 -3.16340977139771 29.962392330169678
54.330249141 -102.83008213713765 -3.1348698753863573 29.962178707122803
54.350202608 -102.88843937590718 -3.0920990128070116 29.961907863616943
54.370228024 -102.92736454680562 -3.063580336049199 29.961740016937256
54.390380607 -102.98575230315328 -3.0208266396075487 29.961537837982178
54.410313753 -103.02468510344625 -2.9923256058245897 29.961411952972412
54.430260917 -103.08311863616109 -2.949544968083501 29.961228847503662
54.450245974 -103.12208195403218 -2.921030344441533 29.961122035980225
54.470253389 -103.18055363371968 -2.878204645588994 29.960923671722412
54.49036172 -103.2195474691689 -2.849651636555791 29.960801601409912
54.510324844 -103.27805729582906 -2.8068202156573534 29.96063756942749
54.530254247 -103.31705876067281 -2.778217377141118 29.960465908050537
54.550187115 -103.37556095793843 -2.735316099599004 29.96022939682007
54.570235337 -103.41457005217671 -2.7066848892718554 29.96004629135132
54.590363653 -103.47307224944234 -2.6636763233691454 29.95974111557007
54.610316477 -103.51206608489156 -2.635005535557866 29.959550380706787
54.630261042 -103.57053013518453 -2.5919647831469774 29.959237575531006
54.650232936 -103.60948582366109 -2.563277306035161 29.959039211273193
54.670235761 -103.66792698577046 -2.5201972145587206 29.958722591400146
54.690370745 -103.70689030364156 -2.491483272984624 29.9585280418396
54.710334883 -103.76535435393453 -2.4484191555529833 29.95825719833374
54.730261095 -103.80437107756734 -2.4196818489581347 29.95808172225952
54.750183907 -103.86290379241109 -2.3765931744128466 29.957841396331787
54.770226195 -103.90195103362203 -2.3478499073535204 29.957669734954834
54.790375128 -103.96056004241109 -2.3047385830432177 29.957398891448975
54.81032345 -103.99963780120015 -2.2760184425860643 29.95723867416382
54.830277756 -104.05832310393453 -2.232884706929326 29.956952571868896
54.850252608 -104.09745426848531 -2.204129518941045 29.956773281097412
54.870238022 -104.15616245940328 -2.1609998364001513 29.95650625228882
54.89035317 -104.19530125334859 -2.1322577614337206 29.956326961517334
54.910326186 -104.25400944426656 -2.089156212285161 29.956071376800537
54.930252241 -104.29316349700093 -2.0603693146258593 29.955838680267334
54.950194531 -104.35187931731343 -2.0172136444598436 29.95552968978882
54.970241943 -104.39101811125875 -1.9884350914508104 29.95534658432007
54.990343654 -104.44974156096578 -1.9452770370990038 29.9551100730896
55.010322376 -104.48889561370015 -1.9165273327380419 29.95498037338257
55.030236857 -104.5476724691689 -1.8734224457293749 29.95470952987671
55.050204638 -104.58684178069234 -1.8447023052722216 29.954545497894287
55.070281906 -104.64558048918843 -1.801646651700139 29.954328060150146
55.090364248 -104.68472691252828 -1.772893013432622 29.954183101654053
55.110360914 -104.74341984465718 -1.7297924179583788 29.954007625579834
55.130273188 -104.7825357504189 -1.701057018712163 29.95389699935913
55.150194045 -104.84119816496968 -1.657991113141179 29.953763484954834
55.170242651 -104.88029118254781 -1.6292973179370165 29.95367193222046
55.190333255 -104.9389078207314 -1.5862589497119188 29.95353078842163
55.210310481 -104.9779703207314 -1.5575833935290575 29.95346212387085
55.230273449 -105.03654118254781 -1.5145787615329027 29.953416347503662
55.250190652 -105.07558079436421 -1.4859378952533007 29.953404903411865
55.270255248 -105.13412876799703 -1.4430188555270433 29.953404903411865
55.290315665 -105.17315312102437 -1.4144050497561693 29.953416347503662
55.310338265 -105.23165531829 -1.3715257067233324 29.953473567962646
55.330246908 -105.27063389495015 -1.3429538626223803 29.95349645614624
55.350206109 -105.329067427665 -1.3001299519091845 29.953568935394287
55.370242114 -105.3680078573525 -1.2716086525470018 29.9536452293396
55.390315202 -105.4263574667275 -1.2288275379687548 29.9537672996521
55.410345531 -105.46525212004781 -1.2003383059054613 29.953877925872803
55.430269462 -105.5235254354775 -1.1575921196490526 29.95400381088257
55.450234201 -105.56233616545796 -1.1291163582354784 29.954102993011475
55.470246701 -105.62050266936421 -1.0864288229495287 29.95423650741577
55.490348751 -105.65927525237203 -1.0579630751162767 29.95431661605835
55.510365559 -105.71743412688375 -1.0152962822467089 29.954457759857178
55.530259539 -105.75619908049703 -0.986857833340764 29.954522609710693
55.55019955 -105.81435032561421 -0.9442078489810228 29.954633235931396
55.570242495 -105.8531152792275 -0.9157928247004747 29.954728603363037
55.590338568 -105.91127415373921 -0.8732078690081835 29.954896450042725
55.610340554 -105.95005436614156 -0.844822408631444 29.955026149749756
55.630336859 -106.00822849944234 -0.8022506851702929 29.955277919769287
55.650208503 -106.04703160002828 -0.7738357800990343 29.95545721054077
55.670260094 -106.10522099211812 -0.7312633413821459 29.955766201019287
55.690427915 -106.14404698088765 -0.7028573770076036 29.955976009368896
55.71036483 -106.20228214934468 -0.6602655667811632 29.95630407333374
55.730263468 -106.24110050871968 -0.6318684238940477 29.956552028656006
55.750183681 -106.29934330657125 -0.5892641562968493 29.9569411277771
55.77029494 -106.33816929534078 -0.5608748812228441 29.95721197128296
55.790332192 -106.39643498137593 -0.5182330626994371 29.957608699798584
55.810341035 -106.43526859954 -0.48979965038597584 29.957868099212646
55.830272361 -106.49352665618062 -0.44714069552719593 29.958302974700928
55.850211715 -106.53238316252828 -0.418676408007741 29.958577632904053
55.870245677 -106.59067173674703 -0.3759962935000658 29.958970546722412
55.890376829 -106.62956639006734 -0.3475241083651781 29.959210872650146
55.910366672 -106.68793888762593 -0.30479192920029163 29.959535121917725
55.930295867 -106.72686405852437 -0.2763147968798876 29.95969533920288
55.950296818 -106.78527470305562 -0.23359006829559803 29.959920406341553
55.970233106 -106.82423039153218 -0.20511935837566853 29.960092067718506
55.990302426 -106.88267155364156 -0.16237700171768665 29.96030569076538
56.010359625 -106.92164250090718 -0.13390790112316608 29.96042776107788
56.030332701 -106.98010655120015 -0.09123530425131321 29.960649013519287
56.050255203 -107.01912327483296 -0.06277612783014774 29.960740566253662
56.070263364 -107.07765598967671 -0.020132550969719887 29.960877895355225
56.090259183 -107.11670323088765 0.008272797684185207 29.96093511581421
56.110321405 -107.17528935149312 0.05086005665361881 29.960988521575928
56.13026305 -107.21435185149312 0.07922997139394283 29.960980892181396
56.150256811 -107.27296086028218 0.12179928086698055 29.960919857025146
56.170255831 -107.31205387786031 0.1501790564507246 29.960877895355225
56.190264261 -107.37072392180562 0.1927471738308668 29.96082830429077
56.210314219 -107.40983219817281 0.22110274247825146 29.960790157318115
56.230295536 -107.46849461272359 0.263603238388896 29.960702419281006
56.250276704 -107.50761051848531 0.2919380646198988 29.960614681243896
56.270237868 -107.56628056243062 0.3344132583588362 29.96051549911499
56.290271716 -107.60538883879781 0.36271834187209606 29.96044683456421
56.310365734 -107.66405125334859 0.4051732998341322 29.96033239364624
56.330255987 -107.70315190032125 0.4334610980004072 29.960294246673584
56.350244814 -107.76179142668843 0.4759275000542402 29.960225582122803
56.370231026 -107.80086155608296 0.5042270999401808 29.960206508636475
56.390226695 -107.85943241789937 0.5466607790440321 29.96021795272827
56.410367043 -107.89844914153218 0.5750008206814528 29.960240840911865
56.430273244 -107.95693608000875 0.6174991708248854 29.960343837738037
56.450304471 -107.99589939787984 0.6458541136234999 29.960416316986084
56.470236403 -108.05431767180562 0.6883575897663832 29.960580348968506
56.490228665 -108.09321232512593 0.7166843395680189 29.960710048675537
56.510379201 -108.15152378752828 0.7591701727360487 29.960923671722412
56.530309101 -108.19038029387593 0.7874810080975294 29.96107244491577
56.550253096 -108.24863835051656 0.8299830537289381 29.961293697357178
56.570222319 -108.28747196868062 0.8583151679486036 29.961442470550537
56.590228034 -108.34569187834859 0.9008156638592482 29.961678981781006
56.610433402 -108.38449497893453 0.9291746597737074 29.96181631088257
56.63028436 -108.44267674162984 0.9716896992176771 29.962079524993896
56.650245833 -108.48144932463765 1.0000322442501783 29.962247371673584
56.670233113 -108.5396158285439 1.0425742249935865 29.962499141693115
56.690293093 -108.57838841155171 1.0709308963268995 29.96267080307007
56.7103913 -108.63654728606343 1.1135299783200026 29.962865352630615
56.730278209 -108.67531986907125 1.1419022660702467 29.963002681732178
56.750243996 -108.73350926116109 1.1845032554119825 29.963155269622803
56.770219206 -108.7723047323525 1.2129101138561964 29.96322011947632
56.790301377 -108.83047886565328 1.255528388544917 29.96326208114624
56.810478307 -108.86926670745015 1.2839630227535963 29.96325445175171
56.830295864 -108.92745609954 1.3265833240002394 29.963292598724365
56.850280706 -108.96623631194234 1.3549765925854445 29.96329641342163
56.870202585 -109.02439518645406 1.3975082021206617 29.963292598724365
56.890210217 -109.06315251067281 1.4258331637829542 29.963292598724365
56.910398661 -109.12121983245015 1.4682679753750563 29.96323537826538
56.930355812 -109.15990849211812 1.4965297561138868 29.96315908432007
56.950270705 -109.21791477873921 1.5388846974819899 29.96303701400757
56.970267579 -109.25655766204 1.567115006968379 29.962918758392334
56.990212965 -109.3145181722939 1.6094278674572706 29.96278142929077
57.010544217 -109.35313053801656 1.6376057248562574 29.96267080307007
57.030237481 -109.41106053069234 1.679846940562129 29.96252202987671
57.05027008 -109.44968052580953 1.707991061732173 29.962403774261475
57.070230802 -109.50762577727437 1.75018042139709 29.962201595306396
57.090210842 -109.54625340178609 1.7782900910824537 29.962079524993896
57.110504234 -109.60424442961812 1.8204179387539625 29.961808681488037
57.130289677 -109.64292545989156 1.8484737258404493 29.9615797996521
57.15025545 -109.70098515227437 1.8905206304043531 29.961209774017334
57.170231442 -109.73972721770406 1.9185197930783033 29.96091604232788
57.190213877 -109.79787083342671 1.960492430254817 29.960519313812256
57.210531648 -109.83666630461812 1.9884600024670362 29.960252285003662
57.230289614 -109.89489384368062 2.03039806894958 29.95984411239624
57.250253568 -109.93371983245015 2.0583452563732862 29.95959234237671
57.270256374 -109.99193974211812 2.1002575736492872 29.959218502044678
57.290226202 -110.03075810149312 2.128190217539668 29.95898962020874
57.310428429 -110.0889322347939 2.1701104026287794 29.95863103866577
57.33028637 -110.12772770598531 2.198044715449214 29.95844793319702
57.35025813 -110.18591709807515 2.2399272304028273 29.95818853378296
57.370260235 -110.22472782805562 2.2678510528057814 29.957974910736084
57.390216837 -110.28292484954 2.3097195010632277 29.957662105560303
57.410358731 -110.32170506194234 2.337620196864009 29.957448482513428
57.430289393 -110.379848677665 2.3794676642864943 29.957120418548584
57.450273816 -110.41860600188375 2.407357869669795 29.956925868988037
57.470254365 -110.47672672942281 2.4491838794201612 29.956655025482178
57.490252875 -110.5154459066689 2.4770540576428175 29.956498622894287
57.510430811 -110.57349034026265 2.518840966746211 29.956300258636475
57.530278257 -110.61216374114156 2.546701369807124 29.956159114837646
57.550319513 -110.67013188079 2.588491139933467 29.955968379974365
57.570250516 -110.70873661711812 2.6163787227123976 29.955827236175537
57.59022845 -110.76667423918843 2.658204732462764 29.95566701889038
57.610371692 -110.80530949309468 2.6860920768231153 29.955575466156006
57.630298661 -110.86330052092671 2.727923570200801 29.9554762840271
57.650265289 -110.90197392180562 2.755802808329463 29.955438137054443
57.670291881 -110.96003361418843 2.7976312022656202 29.955419063568115
57.690221488 -110.99876042082906 2.825509486719966 29.95542287826538
57.710366417 -111.05686588957906 2.8673216681927443 29.95544958114624
57.730253159 -111.09561558440328 2.895221648737788 29.955487728118896
57.750268033 -111.15376682952046 2.937050996348262 29.955575466156006
57.770243269 -111.19254704192281 2.9649314265698195 29.955644130706787
57.790238576 -111.25074406340718 3.0067176204174757 29.955777645111084
57.810447348 -111.28956242278218 3.0345486979931593 29.955873012542725
57.830333957 -111.34782810881734 3.0762926917523146 29.95602560043335
57.850263235 -111.38669224455953 3.104115901514888 29.95614767074585
57.870242257 -111.44500370696187 3.1458980422466993 29.95639944076538
57.890224754 -111.48389073088765 3.1737653594464064 29.956590175628662
57.910401842 -111.54222508147359 3.215585170313716 29.956902980804443
57.930296628 -111.58112736418843 3.2435070853680372 29.95715093612671
57.950286428 -111.6394922323525 3.285385785624385 29.9575514793396
57.970274509 -111.67839451506734 3.31330936960876 29.957818508148193
57.99029013 -111.73677464202046 3.3552073817700148 29.958234310150146
58.010490222 -111.77569218352437 3.383135734125972 29.958531856536865
58.030309257 -111.83410282805562 3.4250149112194777 29.958970546722412
58.050283594 -111.87303562834859 3.452918229624629 29.95926809310913
58.07025122 -111.93143101409078 3.4947921615093946 29.95975637435913
58.090222062 -111.97035618498921 3.522714553400874 29.960084438323975
58.110322923 -112.02873631194234 3.564602790400386 29.960565090179443
58.130292368 -112.06763859465718 3.592533765360713 29.96087408065796
58.150246742 -112.12598820403218 3.634415803477168 29.961347103118896
58.170282816 -112.16489048674703 3.662334142252803 29.961659908294678
58.190212272 -112.22327824309468 3.7042059283703566 29.962132930755615
58.210491816 -112.26220341399312 3.732111630961299 29.962445735931396
58.230286872 -112.32065983489156 3.7739781718701124 29.962907314300537
58.250267497 -112.35964604094625 3.801881728693843 29.96320104598999
58.270248275 -112.41816349700093 3.843730626627803 29.96362829208374
58.290215865 -112.45721073821187 3.8716511111706495 29.963895320892334
58.310347859 -112.51576634123921 3.9135069232434034 29.964295864105225
58.330300514 -112.55482884123921 3.9414097648113966 29.96454381942749
58.350248541 -112.61342259123921 3.983275828883052 29.96490240097046
58.370255099 -112.65248509123921 4.01121443323791 29.965096950531006
58.390214517 -112.71110172942281 4.053184686228633 29.965348720550537
58.410342975 -112.75017948821187 4.081176934763789 29.965516567230225
58.43030924 -112.80881138518453 4.123266397044063 29.965718746185303
58.45027576 -112.84790440276265 4.151346383616328 29.965856075286865
58.470248512 -112.90655155852437 4.193494973704219 29.966039180755615
58.490292172 -112.94569035246968 4.221651731058955 29.966172695159912
58.51037837 -113.00438328459859 4.263883290812373 29.966386318206787
58.5303084 -113.04350681975484 4.292051015421748 29.966542720794678
58.550248203 -113.10216923430562 4.334335504099727 29.966790676116943
58.570255023 -113.14126225188375 4.362523255869746 29.96698522567749
58.590226775 -113.19987889006734 4.404824433848262 29.967305660247803
58.610370094 -113.23894139006734 4.433017430827022 29.967523097991943
58.630320069 -113.29750462248921 4.475331483408809 29.967843532562256
58.650248041 -113.33653660491109 4.50353735499084 29.9680495262146
58.670246444 -113.39507694914937 4.545834241434932 29.968343257904053
58.690213481 -113.43410130217671 4.574061570689082 29.96851110458374
58.710387863 -113.49263401702046 4.616405187174678 29.968751430511475
58.730283566 -113.53165837004781 4.644661603495479 29.968862056732178
58.750256653 -113.59021397307515 4.687078652903438 29.969029903411865
58.770244482 -113.62925358489156 4.71535318903625 29.9691481590271
58.790290756 -113.68789311125875 4.75783365778625 29.96933889389038
58.810302717 -113.72700901702046 4.786164460703731 29.969464778900146
58.830293421 -113.7857095785439 4.828679738566279 29.969655513763428
58.850268539 -113.82486363127828 4.857032475993037 29.96978521347046
58.870257121 -113.88362522795796 4.899569688364863 29.969960689544678
58.890218946 -113.92284794524312 4.9279705863446 29.970075130462646
58.910370712 -113.98171635344625 4.970558343455195 29.970262050628662
58.930322831 -114.02100010588765 4.998965917155147 29.970418453216553
58.950244877 -114.07999058440328 5.041613755747676 29.970677852630615
58.970253361 -114.1193277426064 5.070038495585322 29.97086477279663
58.990254247 -114.1784097738564 5.11274784617126 29.971192836761475
59.010368838 -114.21780796721578 5.1412293296307325 29.971421718597412
59.030263436 -114.27692814543843 5.183960614725947 29.971791744232178
59.050271852 -114.31637974455953 5.212525544688106 29.972039699554443
59.070260395 -114.37556858733296 5.255368886515498 29.97243642807007
59.090231809 -114.41505070403218 5.283965287730098 29.97269582748413
59.110370824 -114.47426243498921 5.326838193461299 29.973050594329834
59.130315468 -114.5137369222939 5.355433641001582 29.973256587982178
59.150272632 -114.57295628264546 5.398346601054072 29.973500728607178
59.170234739 -114.61243076995015 5.426939187571406 29.97363805770874
59.190219947 -114.67165013030171 5.469908414408565 29.973790645599365
59.210331043 -114.71113987639546 5.498567281290889 29.973866939544678
59.230328846 -114.77037449553609 5.541567025706172 29.973939418792725
59.250335517 -114.80989475920796 5.570280252024531 29.97395086288452
59.270232226 -114.86915989592671 5.613310037180781 29.973973751068115
59.290191761 -114.90867253020406 5.641990361735225 29.97396993637085
59.310367086 -114.96791477873921 5.685010610148311 29.97393560409546
59.330338362 -115.00740452483296 5.713667569682002 29.97391653060913
59.350294869 -115.06663151457906 5.756688771769404 29.973844051361084
59.370233676 -115.10609837248921 5.785320458933711 29.973805904388428
59.39021628 -115.16525669768453 5.828283010050654 29.973710536956787
59.410385967 -115.20466252043843 5.85689896158874 29.973634243011475
59.430328227 -115.26369877532125 5.899781404063106 29.97347402572632
59.450319382 -115.30302067473531 5.928369699046016 29.97333288192749
59.47025193 -115.36195011809468 5.971194444224238 29.97309637069702
59.490236172 -115.40119572356343 5.999711690470576 29.972917079925537
59.510350203 -115.46000309661031 6.042425332590938 29.97262716293335
59.53035653 -115.49918003752828 6.07086437754333 29.972455501556396
59.550284413 -115.55787296965718 6.113523660227656 29.972127437591553
59.570247126 -115.59698124602437 6.141937909647822 29.97189474105835
59.590241733 -115.65561314299703 6.184522328898311 29.97152090072632
59.61034259 -115.69469090178609 6.212869821116328 29.971219539642334
59.63033153 -115.75328465178609 6.255339799448848 29.97083044052124
59.650280793 -115.79231663420796 6.283613858744502 29.970555782318115
59.670268867 -115.85084171965718 6.325977025553584 29.970147609710693
59.69023149 -115.8898355551064 6.354186711832881 29.96986150741577
59.710345172 -115.9483072347939 6.396463571116328 29.969430446624756
59.730334498 -115.987270552665 6.424621758982539 29.969117641448975
59.750276359 -116.04567356780171 6.466832814738154 29.968644618988037
59.770265324 -116.08459110930562 6.494943318888545 29.968339443206787
59.790236533 -116.14294834807515 6.537059960886836 29.96790075302124
59.810335553 -116.18182011321187 6.565122304484248 29.96756887435913
59.830309621 -116.24009342864156 6.607182202860713 29.96706533432007
59.850272772 -116.27891941741109 6.635201154276729 29.966718196868896
59.870235579 -116.33711643889546 6.677221475169063 29.966203212738037
59.890241136 -116.37590428069234 6.705220399424434 29.965882778167725
59.910385217 -116.434047896415 6.7472354751080275 29.965386867523193
59.930313987 -116.47278996184468 6.775234876200557 29.9651198387146
59.950275351 -116.5308496542275 6.8172499518841505 29.964688777923584
59.97025531 -116.56953831389546 6.8452579360455275 29.964417934417725
59.990232383 -116.62755985930562 6.887262521311641 29.964036464691162
60.010301937 -116.66619511321187 6.915283380076289 29.963765621185303
60.030420897 -116.72414799407125 6.957322297617793 29.963368892669678
60.05028338 -116.7627832479775 6.985381780192256 29.963109493255615
60.070250251 -116.82075138762593 7.027521310374141 29.962697505950928
60.09022928 -116.85940190032125 7.0556179862469435 29.962438106536865
60.110285956 -116.91740818694234 7.09784191660583 29.961995601654053
60.130327158 -116.95609684661031 7.125976739451289 29.96172857284546
60.150281764 -117.01417179778218 7.168158708140254 29.96132802963257
60.170261708 -117.05290623381734 7.19625729136169 29.961061000823975
60.190238577 -117.11101933196187 7.238372502848506 29.96065664291382
60.210263695 -117.14976902678609 7.266451058909297 29.96035146713257
60.230424641 -117.20788975432515 7.308540044352412 29.959935665130615
60.250300559 -117.24663181975484 7.336585698649287 29.959645748138428
60.270243633 -117.30472965911031 7.378633676096797 29.95919179916382
60.290216026 -117.34345646575093 7.406646428629756 29.958905696868896
60.31025769 -117.40151615813375 7.448645768687129 29.958436489105225
60.330346252 -117.44022770598531 7.476639924570918 29.958165645599365
60.3502892 -117.49831028655171 7.518619714304805 29.957784175872803
60.370260622 -117.53703709319234 7.546611009165645 29.95754384994507
60.390209054 -117.59512730315328 7.588577447459102 29.957250118255615
60.410235497 -117.63384648039937 7.616549191996455 29.9570631980896
60.430390171 -117.69192906096578 7.658488927409053 29.956769466400146
60.450278499 -117.73064060881734 7.686452088877559 29.956578731536865
60.47027751 -117.78869267180562 7.728411374613643 29.956281185150146
60.490224205 -117.82739659026265 7.756372628733516 29.956101894378662
60.510226524 -117.88543339446187 7.7983242850750685 29.955800533294678
60.530354853 -117.92412205412984 7.826279340311885 29.955583095550537
60.550267711 -117.98215885832906 7.868193803355098 29.955289363861084
60.570273618 -118.02084751799703 7.896157441660762 29.955068111419678
60.590228441 -118.07889195159078 7.938074765726924 29.954766750335693
60.610215374 -118.11761112883687 7.966008363291621 29.954572200775146
60.630350851 -118.17570133879781 8.007866559550166 29.9542555809021
60.650288754 -118.2144434042275 8.03574818186462 29.954068660736084
60.670246833 -118.27258701995015 8.077563939616084 29.95374822616577
60.690227142 -118.31135960295796 8.105415998026729 29.953580379486084
60.71023609 -118.36954899504781 8.147166905924678 29.953309535980225
60.73034611 -118.40835209563375 8.174986539408565 29.953202724456787
60.750261342 -118.46655674651265 8.216695485636592 29.95307683944702
60.770261151 -118.505336958915 8.244510350748897 29.952996730804443
60.790226835 -118.56350346282125 8.286225019022822 29.952916622161865
60.810235332 -118.60227604582906 8.314039884135127 29.952889919281006
60.830422322 -118.66043492034078 8.355792699381709 29.95288610458374
60.85033521 -118.69920750334859 8.383626637980342 29.952908992767334
60.870226872 -118.75737400725484 8.425449071452022 29.952935695648193
60.890210299 -118.79615421965718 8.453359303995967 29.95297384262085
60.910230806 -118.8543359823525 8.495258031412959 29.95306921005249
60.930363074 -118.89313908293843 8.523244557902217 29.953141689300537
60.950299371 -118.9513589926064 8.565184293314815 29.953290462493896
60.970259364 -118.99013920500875 8.593167005106807 29.953423976898193
60.990228286 -119.04829807952046 8.635120091959834 29.95365285873413
61.010233475 -119.08705540373921 8.663086591288447 29.95380926132202
61.030322753 -119.14516850188375 8.705017743632197 29.954026699066162
61.050293121 -119.1839029379189 8.73294991068542 29.95418691635132
61.070274628 -119.24200077727437 8.77483337931335 29.954434871673584
61.09021477 -119.28074284270406 8.802740750834346 29.95461416244507
61.110230341 -119.33887119963765 8.844574628397822 29.95489263534546
61.130495679 -119.3776285238564 8.872456250712276 29.955071926116943
61.150288856 -119.43577213957906 8.914251981303096 29.955365657806396
61.170244465 -119.47454472258687 8.942103086039424 29.955567836761475
61.190213234 -119.53271122649312 8.983866391703486 29.955873012542725
61.210206531 -119.57149906829 9.011696515604854 29.956090450286865
61.23051143 -119.62967320159078 9.05342167429626 29.956414699554443
61.250291169 -119.66846104338765 9.08121937327087 29.956639766693115
61.270288002 -119.72663517668843 9.122915921732783 29.956960201263428
61.290219039 -119.76542301848531 9.150705037638545 29.957170009613037
61.310224757 -119.82362766936421 9.192376790568233 29.95749044418335
61.330426023 -119.86243839934468 9.220168767496943 29.95768117904663
61.350281301 -119.92065830901265 9.261842427775264 29.95797872543335
61.370276228 -119.95946903899312 9.289625821635127 29.958173274993896
61.390232463 -120.01770420745015 9.331319509074092 29.95845937728882
61.410217053 -120.05653019621968 9.359110532328486 29.958653926849365
61.430379694 -120.1148111410439 9.400781331583858 29.958932399749756
61.450300575 -120.15369053557515 9.428546605631709 29.95911169052124
61.470277956 -120.21202488616109 9.470167813822627 29.959386348724365
61.490250736 -120.250942427665 9.497901616618037 29.959577083587646
61.510222162 -120.30936070159078 9.539480863139033 29.959874629974365
61.530358849 -120.34836979582906 9.567189870402217 29.960072994232178
61.550277994 -120.40689488127828 9.608747182413936 29.960362911224365
61.570242292 -120.44592686370015 9.636460004374385 29.96053457260132
61.590287471 -120.50451298430562 9.678023992106318 29.96077871322632
61.610220596 -120.54356785491109 9.705719647929072 29.96094274520874
61.630547202 -120.60219975188375 9.747310338541865 29.9610915184021
61.650293924 -120.64129276946187 9.775035558268428 29.961190700531006
61.670238752 -120.69993992522359 9.81661575846374 29.961381435394287
61.690243803 -120.73903294280171 9.844367681071162 29.961480617523193
61.710216321 -120.79766483977437 9.885990796610713 29.961625576019287
61.730523205 -120.83675022795796 9.91374939493835 29.961717128753662
61.750211068 -120.89538212493062 9.955368695780635 29.961862087249756
61.770280594 -120.93446751311421 9.983112035319209 29.961957454681396
61.790233699 -120.99309178069234 10.024710355326533 29.96211004257202
61.810229121 -121.0321695394814 10.052427945658565 29.962213039398193
61.83037821 -121.09075566008687 10.093991933390498 29.962350368499756
61.85023483 -121.12981053069234 10.12168568186462 29.962449550628662
61.87026421 -121.18838139250875 10.163202939555049 29.962621212005615
61.890274852 -121.22740574553609 10.190861402079463 29.962750911712646
61.910232268 -121.28593083098531 10.232324300333858 29.96295690536499
61.930874617 -121.32491703704 10.259947476908565 29.96313238143921
61.950290722 -121.3833658285439 10.301342664286494 29.963395595550537
61.970263402 -121.422329146415 10.32892101816833 29.96356725692749
61.990221402 -121.48073979094625 10.370284734293818 29.963788509368896
62.01023839 -121.51968785002828 10.397849736735225 29.963944911956787
62.030404831 -121.57804508879781 10.43916100077331 29.964128017425537
62.050313325 -121.61693211272359 10.466694531962276 29.96423864364624
62.07027984 -121.67525120452046 10.5079848151654 29.96439504623413
62.090265945 -121.71412296965718 10.535520253702998 29.96447515487671
62.110231945 -121.772426802665 10.576810536906123 29.96459722518921
62.130358645 -121.81129093840718 10.60433548502624 29.964662075042725
62.150274969 -121.86957951262593 10.645662961527705 29.96471929550171
62.170270197 -121.90844364836812 10.673218427225947 29.964738368988037
62.19023057 -121.966762740165 10.714610753580928 29.96470022201538
62.210232995 -122.00564976409078 10.742219625040889 29.964669704437256
62.230353863 -122.06400700286031 10.783649144694209 29.964662075042725
62.250299744 -122.10295506194234 10.811311421915889 29.964654445648193
62.270285918 -122.16137333586812 10.852781949564815 29.964662075042725
62.290244343 -122.20035191252828 10.88044804148376 29.964662075042725
62.310231404 -122.25883122161031 10.921943364664912 29.964677333831787
62.330329806 -122.29784031584859 10.949618039652705 29.96468496322632
62.350295101 -122.35639591887593 10.991120992228389 29.96469259262085
62.37026012 -122.39544316008687 11.018776593729854 29.964707851409912
62.39025595 -122.45399876311421 11.060285268351436 29.964688777923584
62.410238372 -122.4930078573525 11.087969480082393 29.96466588973999
62.430313223 -122.55149479582906 11.129507718607783 29.964601039886475
62.450315311 -122.59043522551656 11.15720528177917 29.96451711654663
62.470267675 -122.64883824065328 11.198734937235713 29.96439504623413
62.490246408 -122.68777104094625 11.226417241618037 29.96429967880249
62.51028901 -122.74616642668843 11.26792305521667 29.964166164398193
62.530426719 -122.7850992269814 11.295578656718135 29.964093685150146
62.550311733 -122.8434488363564 11.337042508646846 29.96398687362671
62.570301363 -122.88234348967671 11.364670453593135 29.963929653167725
62.590238978 -122.94060154631734 11.406108556315303 29.96383810043335
62.610231738 -122.97942753508687 11.433741269633174 29.96376943588257
62.630391006 -123.03764744475484 11.47519558481872 29.963677883148193
62.650305573 -123.07644291594625 11.50284451059997 29.96359395980835
62.670275499 -123.13463993743062 11.544312177225947 29.96346426010132
62.69024034 -123.17344303801656 11.571966825053096 29.963372707366943
62.710273403 -123.2316324301064 11.613473592326045 29.96323537826538
62.730388199 -123.27043553069234 11.641140637919307 29.963162899017334
62.750290168 -123.32863255217671 11.682749448344111 29.96303701400757
62.77029075 -123.36743565276265 11.710500417277217 29.96294927597046
62.790250245 -123.42564030364156 11.75213879160583 29.96280813217163
62.810252786 -123.4644434042275 11.779890714213252 29.962724208831787
62.830365028 -123.52266331389546 11.821510968729854 29.96260976791382
62.850328127 -123.561489302665 11.849286733195186 29.96252202987671
62.870288432 -123.61975498870015 11.890929875895381 29.96240758895874
62.890231637 -123.65861912444234 11.918688474223018 29.96233892440796
62.910235023 -123.71693821623921 11.960328755900264 29.96224355697632
62.930377031 -123.75581761077046 11.988077817484736 29.962220668792725
62.950357236 -123.81417484954 12.029707608744502 29.962178707122803
62.970303024 -123.85310764983296 12.057453809306026 29.962144374847412
62.990223508 -123.91154118254781 12.099063573405147 29.962087154388428
63.010226446 -123.95053501799703 12.126778302714229 29.962026119232178
63.030361012 -124.00903721526265 12.168312726542354 29.96193838119507
63.05029887 -124.04805393889546 12.195974050089717 29.961888790130615
63.070298485 -124.10659428313375 12.23741596750915 29.961835384368896
63.090258402 -124.14564152434468 12.264998136088252 29.96180486679077
63.110234123 -124.20422764495015 12.30630081705749 29.96176290512085
63.130535682 -124.24330540373921 12.33380669169128 29.961713314056396
63.150315727 -124.30195255950093 12.374932942911983 29.96164846420288
63.170230316 -124.34106083586812 12.402321515604854 29.961637020111084
63.190237801 -124.39973850920796 12.443362889811397 29.961659908294678
63.210222797 -124.43886204436421 12.47070854716003 29.961698055267334
63.23036189 -124.49754734709859 12.511699376627803 29.961778163909912
63.250308527 -124.53667851164937 12.539003072306514 29.96183156967163
63.270263655 -124.59536381438375 12.57993191294372 29.961915493011475
63.290245419 -124.63448734954 12.607202230021358 29.96198034286499
63.310236812 -124.69316502287984 12.648078618571162 29.96206045150757
63.330365736 -124.73228855803609 12.675323186442256 29.962178707122803
63.350586756 -124.79092808440328 12.716129956766963 29.962323665618896
63.370215875 -124.83000584319234 12.74331253580749 29.96241521835327
63.39024411 -124.88859196379781 12.784056363627315 29.962544918060303
63.410260052 -124.92761631682515 12.811174092814326 29.962632656097412
63.43036336 -124.98613377287984 12.851831136271358 29.96278142929077
63.450322461 -125.02512760832906 12.878915486857295 29.96289587020874
63.470228198 -125.08359165862203 12.919509587809443 29.96307897567749
63.490253691 -125.12256260588765 12.94656246714294 29.963204860687256
63.510233386 -125.18098850920796 12.987109838053584 29.963414669036865
63.530381771 -125.21993656829 13.014124570414424 29.96355962753296
63.550349938 -125.27834721282125 13.054625211283565 29.963792324066162
63.570254133 -125.31727238371968 13.081580815836787 29.963956356048584
63.590253379 -125.37566776946187 13.122026143595576 29.964215755462646
63.610263852 -125.41458531096578 13.148958859965205 29.964410305023193
63.630357524 -125.47294254973531 13.189346013590693 29.96478796005249
63.650334463 -125.51182194426656 13.216251073405147 29.96503973007202
63.670234703 -125.57014103606343 13.256585774943233 29.965421199798584
63.690254265 -125.60902805998921 13.283474622294307 29.965672969818115
63.710234082 -125.66733189299703 13.323808370158076 29.966039180755615
63.730326048 -125.70619602873921 13.350698171183467 29.96631383895874
63.750355243 -125.76448460295796 13.391038594767451 29.966722011566162
63.770227699 -125.80334873870015 13.417908368632197 29.967000484466553
63.790240511 -125.8616602011025 13.458226857706904 29.967423915863037
63.810223229 -125.90053959563375 13.48510998301208 29.96771764755249
63.830342373 -125.95887394621968 13.525431333109736 29.96816396713257
63.850351217 -125.99776097014546 13.552314458414912 29.96845769882202
63.870226413 -126.05608006194234 13.59263294748962 29.968915462493896
63.890263188 -126.09493656829 13.61951225809753 29.96927785873413
63.910241244 -126.15320988371968 13.659813581034541 29.970853328704834
63.930260298 -126.19203587248921 13.686689076945186 29.972920894622803
63.950328314 -126.25021000579 13.726939855143428 29.977555751800537
63.970243425 -126.28892918303609 13.753648458048701 29.981618404388428
63.990276659 -126.34687443450093 13.793331800028682 29.988866329193115
64.010334032 -126.38539524748921 13.819407163187861 29.99434804916382
64.030367628 -126.44300480559468 13.857701001688838 30.003419399261475
64.05054217 -126.48127384856343 13.882589040324092 30.009740352630615
64.070219946 -126.53844090178609 13.918574986979365 30.019601345062256
64.090251416 -126.57638188079 13.941597638651729 30.026143550872803
64.110291068 -126.63302250579 13.974541364237666 30.035726070404053
64.130259186 -126.67060490325093 13.995327649638057 30.041818141937256
64.150328855 -126.72668095305562 14.024630246683955 30.050405025482178
64.170284178 -126.76379795745015 14.04260510019958 30.055638790130615
64.190261774 -126.81917210295796 14.067533193156123 30.06272268295288
64.210248278 -126.85585423186421 14.082581220194697 30.066880702972412
64.230240881 -126.91050358489156 14.102676091715693 30.072186946868896
64.250360656 -126.94673557952046 14.114590344950557 30.075177669525146
64.27022586 -127.00069065764546 14.129572568461299 30.07856512069702
64.290262598 -127.03643437102437 14.137893376871943 30.080216884613037
64.310224264 -127.08972569182515 14.147857366129756 30.081849575042725
64.330230344 -127.12498112395406 14.152467427775264 30.082257747650146
64.350334563 -127.1775552816689 14.156985936686397 30.082143306732178
64.370290886 -127.21236057952046 14.158174214884639 30.081536769866943
64.390279793 -127.26426335051656 14.157586751505733 30.079991817474365
64.410228525 -127.29862614348531 14.155407605692744 30.078500270843506
64.430247009 -127.34981938079 14.149486241862178 30.075639247894287
64.450314924 -127.383754927665 14.144003568217158 30.073415279388428
64.470232824 -127.43431492522359 14.132868466898799 30.069417476654053
64.490250568 -127.4678384847939 14.123858151957393 30.066468715667725
64.510222289 -127.51785679534078 14.108012853190303 30.061692714691162
64.530236129 -127.55102177336812 14.095602689310908 30.05828619003296
64.550356475 -127.6005289144814 14.074927983805537 30.052979946136475
64.570236326 -127.63337345793843 14.059608159586787 30.04929494857788
64.590257232 -127.68237705901265 14.034393010661006 30.04360342025757
64.610245404 -127.7149087972939 14.01632565073669 30.039769649505615
64.630268875 -127.76343937590718 13.986915288493037 30.033971309661865
64.65031207 -127.79568119719625 13.966325460001826 30.03014898300171
64.67028248 -127.8438150472939 13.93336266092956 30.02439260482788
64.690238835 -127.87578221037984 13.910287557169795 30.020589351654053
64.710229865 -127.92355747893453 13.874094663187861 30.014962673187256
64.730289087 -127.95524998381734 13.848783193156123 30.01123571395874
64.750319462 -128.0026285238564 13.809497533366084 30.00580358505249
64.770282404 -128.03410740569234 13.782358823344111 30.002294063568115
64.790274608 -128.08115025237203 13.74033230356872 29.997212886810303
64.810230276 -128.1124155111611 13.711565671488643 29.99395513534546
64.830221305 -128.15909214690328 13.667129216715693 29.98919439315796
64.850441774 -128.19011326506734 13.636815724894404 29.986165523529053
64.87027298 -128.23648472502828 13.590367970988154 29.981812953948975
64.890285168 -128.26730747893453 13.558760343119502 29.97907018661499
64.910245525 -128.31343479827046 13.510623631998897 29.97518301010132
64.930268555 -128.34407444670796 13.47801655344665 29.97279119491577
64.950355891 -128.38994236662984 13.42844265513122 29.969441890716553
64.970268305 -128.42045994475484 13.394960103556514 29.96737051010132
64.990317276 -128.4661295004189 13.344147382304072 29.964494228363037
65.010372245 -128.4965250082314 13.309909520670772 29.962728023529053
65.03021806 -128.54204197600484 13.258054433390498 29.960336208343506
65.050368423 -128.57234593108296 13.22319763712585 29.958882808685303
65.070290436 -128.61777134612203 13.170514760538936 29.95688772201538
65.090269181 -128.64799900725484 13.135210691019893 29.955705165863037
65.110237639 -128.69328709319234 13.081944165751338 29.954110622406006
65.130276375 -128.72342320159078 13.046289144083858 29.95318365097046
65.150362055 -128.76858921721578 12.992599187418818 29.951982021331787
65.170275647 -128.79866429045796 12.956634221598506 29.951295375823975
65.190316474 -128.84378452971578 12.90255611948669 29.950448513031006
65.210230349 -128.87382908537984 12.866367040202022 29.949967861175537
65.230239504 -128.91887303069234 12.812096295878291 29.949491024017334
65.250469371 -128.94885655120015 12.775846181437373 29.949265956878662
65.270266764 -128.99382420256734 12.721378026530147 29.949063777923584
65.290278551 -129.02376194670796 12.685118375346065 29.949052333831787
65.310227919 -129.06863804534078 12.6306073050946 29.94912099838257
65.330234683 -129.0985300131142 12.59426468424499 29.949246883392334
65.350482979 -129.14334507659078 12.539750752970576 29.949540615081787
65.370278464 -129.1732065267861 12.50333851389587 29.949788570404053
65.390255604 -129.2179605551064 12.448847470805049 29.95028066635132
65.410239349 -129.24776097014546 12.412507710978389 29.950623989105225
65.430240241 -129.2924234457314 12.357982335612178 29.951138973236084
65.450364683 -129.32217808440328 12.321645436808467 29.951493740081787
65.470282321 -129.36677952483296 12.267158208414912 29.95202398300171
65.490282824 -129.39648838713765 12.23098629526794 29.95239782333374
65.510226294 -129.4410287924111 12.17666214518249 29.95295476913452
65.530231959 -129.4707223959267 12.14048450998962 29.953359127044678
65.550481893 -129.5152780599892 12.086312947794795 29.95395040512085
65.57031084 -129.54497166350484 12.050165830180049 29.95434331893921
65.590249413 -129.5895425863564 11.996151624247432 29.95490789413452
65.610282567 -129.61929722502828 11.960147557780147 29.95527410507202
65.630240193 -129.6639597006142 11.906146703287959 29.955838680267334
65.650380531 -129.69380589202046 11.870245633646846 29.956212520599365
65.670304769 -129.73865147307515 11.816320119425654 29.95675039291382
65.690261856 -129.7685739584267 11.780386624857783 29.957101345062256
65.710226332 -129.8134958334267 11.726420102640986 29.957623958587646
65.730257101 -129.8434946127236 11.690491376444697 29.957932949066162
65.750468151 -129.8885385580361 11.636659322306514 29.958425045013428
65.770274316 -129.9185983724892 11.600717244669795 29.95876455307007
65.790285468 -129.9637338705361 11.547017751261592 29.959310054779053
65.810298006 -129.99386997893453 11.511213002726436 29.959672451019287
65.830233503 -130.03911228850484 11.457481084391475 29.96020269393921
65.850311219 -130.06933994963765 11.421749768778682 29.96056890487671
65.870271867 -130.11470432952046 11.368053136393428 29.96109914779663
65.890253974 -130.1449625082314 11.332259831950068 29.961446285247803
65.910224519 -130.19035740569234 11.278550801798701 29.961976528167725
65.930238019 -130.22063084319234 11.24266499094665 29.96230459213257
65.950664288 -130.26607151702046 11.188888249918818 29.962838649749756
65.970283528 -130.29634495452046 11.152893720194697 29.963170528411865
65.990302777 -130.34175511077046 11.098968205973506 29.963658809661865
66.010272571 -130.3720132894814 11.062985120341182 29.963990688323975
66.030399344 -130.41736241057515 11.008957562968135 29.96449041366577
66.050358519 -130.44759007170796 10.973016439005733 29.96484136581421
66.070296229 -130.4929086752236 10.919001279398799 29.96532964706421
66.090260473 -130.5231363363564 10.883005796000361 29.96566152572632
66.110238104 -130.56848545745015 10.829027829691768 29.966222286224365
66.130238547 -130.5986978597939 10.792972264811397 29.966668605804443
66.150377597 -130.64409275725484 10.739015279337764 29.967401027679443
66.170299834 -130.67435093596578 10.703007398173213 29.967912197113037
66.190276098 -130.71973057463765 10.648935018107295 29.96870183944702
66.210226148 -130.75000401213765 10.612950978800654 29.96926259994507
66.230246778 -130.79541416838765 10.558765111491084 29.97005605697632
66.250400679 -130.82568760588765 10.52275818400085 29.970609188079834
66.270328324 -130.8710825033486 10.468646703287959 29.97143316268921
66.290276667 -130.90132542327046 10.432589231058955 29.97199773788452
66.310227824 -130.9466745443642 10.378530202433467 29.972829341888428
66.330217316 -130.97690220549703 10.34242313914001 29.973390102386475
66.350377907 -131.0222360678017 10.28840416483581 29.97421407699585
66.370301338 -131.05246372893453 10.25235909037292 29.974732875823975
66.390258117 -131.0977975912392 10.198228536173701 29.975453853607178
66.410239462 -131.12800999358296 10.162202535197139 29.97586965560913
66.430303441 -131.1733285970986 10.108027158305049 29.9763503074646
66.450353671 -131.2035562582314 10.07187527231872 29.976632595062256
66.470460786 -131.24887486174703 10.017581639811397 29.976998805999756
66.490312652 -131.2790720053017 9.981292424723506 29.97721242904663
66.510241943 -131.32439060881734 9.926850019022822 29.977494716644287
66.530234266 -131.3546030111611 9.890475926920772 29.97763204574585
66.550369429 -131.39990635588765 9.836052594706416 29.97782278060913
66.570296756 -131.43010349944234 9.79975956492126 29.97792959213257
66.590295032 -131.47539158537984 9.745304761454463 29.978047847747803
66.610265108 -131.50558872893453 9.709130940958858 29.978135585784912
66.63024149 -131.55083103850484 9.65476673655212 29.978257656097412
66.650349676 -131.58098240569234 9.618541417643428 29.978318691253662
66.670315055 -131.62619419768453 9.564209638163447 29.97835683822632
66.690282426 -131.65633030608296 9.527914701029658 29.978360652923584
66.710249065 -131.7015573568642 9.473583875223994 29.97834539413452
66.730221572 -131.7317087240517 9.437312779948115 29.978326320648193
66.750306331 -131.7769205160439 9.382823644205928 29.97828435897827
66.770327508 -131.80705662444234 9.346453366801143 29.978238582611084
66.790302463 -131.85225315764546 9.291842160746455 29.97814702987671
66.81025987 -131.88235874846578 9.255510983988643 29.97808599472046
66.830236374 -131.92749424651265 9.200900731608272 29.978131771087646
66.850386294 -131.95756931975484 9.164486585184932 29.97814702987671
66.87031456 -132.00264378264546 9.10981815867126 29.97815465927124
66.890288419 -132.03267307952046 9.073287663981318 29.978143215179443
66.910257592 -132.07767124846578 9.018579183146358 29.978105068206787
66.930286098 -132.1076852865517 8.98208206705749 29.978055477142334
66.95032511 -132.1526529379189 8.927287755534053 29.977982997894287
66.970309479 -132.1826364584267 8.890798268839717 29.977925777435303
66.990304844 -132.2276041097939 8.835937200114131 29.97780752182007
67.01026433 -132.2575876303017 8.799325643107295 29.977712154388428
67.030222141 -132.30254002287984 8.744292913004756 29.97750997543335
67.050395813 -132.33249302580953 8.707581220194697 29.97738027572632
67.070314813 -132.3774301595986 8.65244453959167 29.97717809677124
67.090315876 -132.4073679037392 8.615597425028682 29.977044582366943
67.11026539 -132.45224400237203 8.560298619791865 29.976888179779053
67.130223384 -132.48215122893453 8.523366628214717 29.976800441741943
67.150343977 -132.5269662924111 8.467870412394404 29.976678371429443
67.170357188 -132.5568277426064 8.430844960734248 29.976617336273193
67.190305198 -132.60161228850484 8.375193296000361 29.97653341293335
67.210269432 -132.63147373870015 8.338061986491084 29.976487636566162
67.230240858 -132.67624302580953 8.282295880839229 29.976457118988037
67.25039972 -132.7060739584267 8.245040593668818 29.976441860198975
67.270314298 -132.75081272795796 8.189142880961299 29.976457118988037
67.290295667 -132.78064366057515 8.151771245524287 29.976468563079834
67.310273168 -132.8253824301064 8.095738111063838 29.97648000717163
67.330204076 -132.85519810393453 8.058323560282588 29.976491451263428
67.350310727 -132.89993687346578 8.002125917002559 29.97650671005249
67.370328036 -132.92976780608296 7.964682279154658 29.976537227630615
67.390315211 -132.97449131682515 7.90842598490417 29.976590633392334
67.410262172 -133.00432224944234 7.870906529948115 29.976617336273193
67.430219464 -133.04904576018453 7.8146182876080275 29.97668218612671
67.450315651 -133.0788461752236 7.777037797495723 29.9767165184021
67.470324972 -133.1235239095986 7.720705209299922 29.976735591888428
67.490324044 -133.1533090658486 7.683111367747188 29.976739406585693
67.510285346 -133.1979868002236 7.626656709238887 29.976735591888428
67.530215517 -133.22775669768453 7.589030442759395 29.97669744491577
67.550296184 -133.27243443205953 7.5324575286358595 29.97663640975952
67.570363917 -133.30221958830953 7.4947940688580275 29.976617336273193
67.590273522 -133.34688206389546 7.438232598826289 29.976598262786865
67.610260337 -133.37666722014546 7.4005276542156935 29.976598262786865
67.630224423 -133.42136021330953 7.344010530039668 29.976666927337646
67.650334601 -133.4511606283486 7.306296048685908 29.9767165184021
67.670465178 -133.49585362151265 7.2498380523175 29.97680425643921
67.690287975 -133.52566929534078 7.212180791422725 29.976869106292725
67.710244929 -133.57039280608296 7.155668435618281 29.976979732513428
67.730231411 -133.60019322112203 7.118019757792354 29.97707509994507
67.750360399 -133.64490147307515 7.061474500223994 29.977220058441162
67.770377355 -133.67471714690328 7.023774800822139 29.97733449935913
67.790267787 -133.7194711752236 6.967220006510615 29.977529048919678
67.810226168 -133.74931736662984 6.929471669718623 29.977654933929443
67.830267799 -133.79411717131734 6.872851071879268 29.977864742279053
67.850294442 -133.8239938803017 6.83506172709167 29.97799825668335
67.870359457 -133.8688394613564 6.778422055765986 29.97818899154663
67.890272724 -133.8987466879189 6.7406226973980665 29.978307247161865
67.910263609 -133.94365330412984 6.68387239985168 29.978490352630615
67.930250247 -133.9736520834267 6.646038232371211 29.9786696434021
67.950293741 -134.0186655111611 6.5891968589276075 29.978929042816162
67.970345754 -134.04871006682515 6.551264462992549 29.97910451889038
67.99035972 -134.09383030608296 6.494321523234248 29.97937536239624
68.010249532 -134.1239206381142 6.456304727122188 29.97955083847046
68.030316281 -134.16907139495015 6.399312196299434 29.97981023788452
68.050266073 -134.19919224455953 6.36128824763 29.97997808456421
68.070362097 -134.2443735189736 6.304199872538447 29.980199337005615
68.090277382 -134.27449436858296 6.266116796061397 29.980340480804443
68.110265426 -134.31967564299703 6.208960710093379 29.980550289154053
68.130255654 -134.34976597502828 6.170915303751826 29.980679988861084
68.150307362 -134.3948862142861 6.113811193034053 29.980863094329834
68.170357437 -134.4249460287392 6.075763402506709 29.980985164642334
68.190270997 -134.4699899740517 6.018699346110225 29.981187343597412
68.21024132 -134.50000401213765 5.980622468516231 29.981313228607178
68.230256798 -134.54497166350484 5.923554120585322 29.981534481048584
68.250298175 -134.5749399252236 5.885502992197871 29.981675624847412
68.270358372 -134.61990757659078 5.828417954966426 29.98187017440796
68.290327368 -134.64987583830953 5.790409741923213 29.981996059417725
68.310234251 -134.69482823088765 5.733344255015254 29.982163906097412
68.330252904 -134.7247964926064 5.695302186533809 29.982274532318115
68.350212384 -134.7697183676064 5.638206182047725 29.982430934906006
68.370336827 -134.7996255941689 5.60016125254333 29.98254156112671
68.390286517 -134.84448643401265 5.543109117075801 29.982717037200928
68.410238035 -134.87439366057515 5.505047498270869 29.9828200340271
68.430264357 -134.9192087240517 5.447973905131221 29.982972621917725
68.45028884 -134.94905491545796 5.409903226420283 29.98305654525757
68.470360822 -134.9938394613564 5.3527752738446 29.983163356781006
68.490347351 -135.02368565276265 5.314684567973018 29.983205318450928
68.510251669 -135.0684244222939 5.257490335032344 29.983235836029053
68.530296365 -135.09824009612203 5.219342885538936 29.983235836029053
68.550284297 -135.14294834807515 5.1620680671185255 29.9831862449646
68.57034137 -135.1727487631142 5.123840508982539 29.983140468597412
68.590271618 -135.21741123870015 5.066409287974238 29.983075618743896
68.610219027 -135.24719639495015 5.028078256174922 29.983022212982178
68.630266285 -135.2918130941689 4.970532117411494 29.982884883880615
68.650222304 -135.3215524740517 4.9321109633892775 29.982789516448975
68.670516267 -135.3661539144814 4.874402699992061 29.982652187347412
68.690325162 -135.39590855315328 4.835890470072627 29.982533931732178
68.710357871 -135.4405405111611 4.7780582290142775 29.982347011566162
68.730269092 -135.47031040862203 4.7394582610577345 29.9822096824646
68.750239935 -135.51498814299703 4.681490598246455 29.981984615325928
68.77050739 -135.54477329924703 4.642803845927119 29.981828212738037
68.79030548 -135.58952732756734 4.584694562479854 29.98157262802124
68.810246946 -135.6193735189736 4.545922456309199 29.981393337249756
68.830246562 -135.6641733236611 4.487719712778926 29.98109197616577
68.850238431 -135.6940347738564 4.448876081034541 29.980855464935303
68.870409571 -135.7388345785439 4.390569387003779 29.98052740097046
68.890287875 -135.76871128752828 4.3516766410321 29.98029851913452
68.910309285 -135.81352635100484 4.29330318979919 29.979955196380615
68.9302583 -135.84341831877828 4.254366097971797 29.979726314544678
68.950267007 -135.88827915862203 4.195917783305049 29.979386806488037
68.970363039 -135.9182016439736 4.156927762553096 29.9791579246521
68.990322818 -135.96309300139546 4.098389325663447 29.978806972503662
69.010254296 -135.9930307455361 4.059333501383662 29.978578090667725
69.030244316 -136.03796787932515 4.000715909525752 29.97825002670288
69.050284395 -136.06792088225484 3.9616026263684034 29.978009700775146
69.070349635 -136.11287327483296 3.9029127936810255 29.977670192718506
69.090298613 -136.14285679534078 3.8637723308056593 29.977445125579834
69.110296004 -136.18787022307515 3.8050121646374464 29.97710943222046
69.13026661 -136.2178842611611 3.7658211570233107 29.976922512054443
69.150236808 -136.26291294768453 3.707026658579707 29.976632595062256
69.170423362 -136.2929575033486 3.6678330283612013 29.976441860198975
69.190303877 -136.3380777426064 3.6090406756848097 29.976163387298584
69.210267828 -136.3681833334267 3.5698434691876173 29.975987911224365
69.230251704 -136.41336460784078 3.5110506396740675 29.975770473480225
69.250240861 -136.44351597502828 3.4718355517834425 29.97565221786499
69.270814534 -136.4887582845986 3.4130026679486036 29.975492000579834
69.290276893 -136.5189401693642 3.373764930292964 29.975396633148193
69.310248188 -136.56424351409078 3.314896998926997 29.97528600692749
69.330270461 -136.59444065764546 3.2756480555981398 29.97519063949585
69.350235514 -136.6397592611611 3.2167393546551466 29.975106716156006
69.370341469 -136.67000218108296 3.1774649005383253 29.975087642669678
69.390298798 -136.7153513021767 3.1185500007122755 29.97511053085327
69.410232949 -136.7455942220986 3.079273162409663 29.975144863128662
69.430262079 -136.79097386077046 3.02035921625793 29.97513723373413
69.45026048 -136.82121678069234 2.981111703440547 29.975179195404053
69.470434494 -136.8665659017861 2.9222533088177443 29.975270748138428
69.490314145 -136.89676304534078 2.883023438975215 29.975362300872803
69.510234506 -136.9420816488564 2.8241962771862745 29.975560665130615
69.53036533 -136.97229405120015 2.7849881034344435 29.975736141204834
69.550272204 -137.0175973959267 2.726221976801753 29.976048946380615
69.570629666 -137.0477945394814 2.6870550494641066 29.976277828216553
69.590289324 -137.0930826254189 2.6283277850598097 29.976644039154053
69.610244387 -137.1232339926064 2.589207587763667 29.976903438568115
69.630272933 -137.1684763021767 2.530549703165889 29.97729253768921
69.650268805 -137.19864292815328 2.4914697986096144 29.977555751800537
69.670433613 -137.24386997893453 2.4328674655407667 29.977960109710693
69.690300474 -137.2740366049111 2.3938114028424025 29.978227138519287
69.710241025 -137.31924839690328 2.3352438788861036 29.97860860824585
69.730326414 -137.3493845053017 2.296212373301387 29.978806972503662
69.750246389 -137.39458103850484 2.237660823389888 29.979108333587646
69.770370541 -137.4247018881142 2.1986333709210157 29.979276180267334
69.790294129 -137.46985264495015 2.140105662867427 29.979482173919678
69.810243743 -137.4999429769814 2.101090608164668 29.979608058929443
69.830286553 -137.5450632162392 2.0425664763897657 29.97974920272827
69.850246196 -137.57512303069234 2.003541288897395 29.97982931137085
69.870465229 -137.6201822347939 1.9450193028897047 29.979875087738037
69.890312569 -137.6502115316689 1.9060122352093458 29.979878902435303
69.910230534 -137.69524021819234 1.8475334029644728 29.979859828948975
69.930262735 -137.72526951506734 1.8085585217922926 29.97982168197632
69.950222813 -137.7702524252236 1.7501352410763502 29.979737758636475
69.970346184 -137.80022068694234 1.71120017580688 29.979650020599365
69.990301844 -137.8451578207314 1.6528186183422804 29.979485988616943
70.010257838 -137.87509556487203 1.6139227729290724 29.97938299179077
70.030325084 -137.92000218108296 1.5555905681103468 29.97926092147827
70.050217622 -137.94992466643453 1.5167097430676222 29.979173183441162
70.070346795 -137.99480076506734 1.4583967309445143 29.97908926010132
70.090294479 -138.02473850920796 1.4195287805050611 29.979047298431396
70.110260298 -138.06961460784078 1.3612127881497145 29.97900152206421
70.130243063 -138.0995523519814 1.322333512827754 29.97900915145874
70.150300404 -138.14445896819234 1.264020023867488 29.979020595550537
70.170407654 -138.1744272299111 1.225157080218196 29.979039669036865
70.190331633 -138.2193796224892 1.1668760161846876 29.97907018661499
70.210254238 -138.24934788420796 1.1280439477413893 29.97907018661499
70.230229024 -138.29434605315328 1.069829998537898 29.97906255722046
70.250241014 -138.32439060881734 1.031051216647029 29.979051113128662
70.270371373 -138.36954136565328 0.9729268532246351 29.97900915145874
70.290326913 -138.39969273284078 0.9341979008167982 29.97897481918335
70.310248704 -138.44502659514546 0.8761284332722425 29.97888708114624
70.330227912 -138.47526951506734 0.8374242763966322 29.978787899017334
70.350267474 -138.52066441252828 0.7793863397091627 29.978612422943115
70.370357175 -138.5509683676064 0.7407267075031996 29.978448390960693
70.390320161 -138.5964548178017 0.6827521305531263 29.9781813621521
70.410242936 -138.62678929045796 0.6441169362515211 29.977975368499756
70.430294825 -138.6723062582314 0.5861731749027967 29.97760534286499
70.450262866 -138.7026559896767 0.5475478749722242 29.97736120223999
70.470355298 -138.7481882162392 0.48962130956351757 29.97700262069702
70.490317596 -138.77853794768453 0.4510123413056135 29.976773738861084
70.510244398 -138.8240854330361 0.39305651001632214 29.976426601409912
70.530242172 -138.85446568205953 0.354418633505702 29.976163387298584
70.550226574 -138.90005894377828 0.29646152071654797 29.975785732269287
70.570403701 -138.93046971037984 0.2578160595148802 29.975545406341553
70.590335279 -138.97612400725484 0.19983932189643383 29.97521734237671
70.61028531 -139.00659580901265 0.16117010824382305 29.97499990463257
70.630233972 -139.05234165862203 0.10315242223441601 29.974671840667725
70.650259721 -139.08284397795796 0.06447273679077625 29.974462032318115
70.670370811 -139.12863560393453 0.0064076769631356 29.974130153656006
70.690330049 -139.1591684408486 -0.03231712616980076 29.97391653060913
70.710274585 -139.20499058440328 -0.09041864611208439 29.973618984222412
70.730225427 -139.23552342131734 -0.1291582752019167 29.973435878753662
70.75024189 -139.28129978850484 -0.18727427907288074 29.9731764793396
70.770347335 -139.3117868490517 -0.22602874226868153 29.972989559173584
70.790358366 -139.35750218108296 -0.2841451484709978 29.97271490097046
70.810274824 -139.38794346526265 -0.322888882830739 29.97253942489624
70.830274916 -139.4335367269814 -0.3810181338340044 29.972264766693115
70.8502564 -139.46390171721578 -0.4197621364146471 29.97208547592163
70.870336077 -139.5093881674111 -0.477943392470479 29.97175359725952
70.890304078 -139.5396616049111 -0.5167484898120165 29.971517086029053
70.910294376 -139.58501072600484 -0.5749759692698717 29.971158504486084
70.930219603 -139.6151773519814 -0.6138477344065905 29.97086477279663
70.950278494 -139.6603891439736 -0.672158183529973 29.97042989730835
70.970367371 -139.6904947347939 -0.7110564727336168 29.97011709213257
70.990324014 -139.73564549162984 -0.7693868298083544 29.969666957855225
71.0102902 -139.76570530608296 -0.8082848209887743 29.969369411468506
71.030224974 -139.8107339926064 -0.8666442651301622 29.96893072128296
71.050268714 -139.84074803069234 -0.9055377263575792 29.968656063079834
71.070339128 -139.88570042327046 -0.9639015812426805 29.968251705169678
71.090364177 -139.9156381674111 -1.0028094667941332 29.967999935150146
71.110277818 -139.96052952483296 -1.0611701626330614 29.967645168304443
71.130215692 -139.99039097502828 -1.1001334805041552 29.96748113632202
71.150244011 -140.03519077971578 -1.1585907358676195 29.967259883880615
71.170361823 -140.06503697112203 -1.1976073402911425 29.96713399887085
71.190342689 -140.1098062582314 -1.25617784447968 29.96695852279663
71.210271783 -140.13965244963765 -1.295220436528325 29.966859340667725
71.230221644 -140.1843912191689 -1.35390311665833 29.966668605804443
71.250239783 -140.21423741057515 -1.3929837364703417 29.96656560897827
71.270369287 -140.2589304037392 -1.4516763109713793 29.966424465179443
71.290326677 -140.28873081877828 -1.4908103365451097 29.966351985931396
71.310264214 -140.33342381194234 -1.5495166201144457 29.96626043319702
71.330209209 -140.3632242269814 -1.588693680241704 29.966126918792725
71.350256057 -140.40793247893453 -1.6474449057132006 29.96593999862671
71.370393787 -140.4377328939736 -1.686636509373784 29.965821743011475
71.390277372 -140.4824106283486 -1.7454512733966112 29.96565008163452
71.410284167 -140.51221104338765 -1.7846407312899828 29.96554708480835
71.430234538 -140.5568735189736 -1.8434759993106127 29.965333461761475
71.450255674 -140.58664341643453 -1.8826929945498705 29.965203762054443
71.470350912 -140.63132115080953 -1.9415027517825365 29.96502447128296
71.490342589 -140.66109104827046 -1.980748238041997 29.96492910385132
71.510255655 -140.70578404143453 -2.0395422596484423 29.96481466293335
71.530230727 -140.7355386801064 -2.0787721294909716 29.964768886566162
71.550225824 -140.78020115569234 -2.1375840324908495 29.964742183685303
71.570369893 -140.80994053557515 -2.176805080845952 29.964757442474365
71.590392716 -140.8545572347939 -2.2356656212359667 29.964829921722412
71.610309823 -140.88431187346578 -2.2748873848468065 29.964887142181396
71.630232453 -140.92888279631734 -2.3337913174182177 29.965096950531006
71.650242777 -140.95859165862203 -2.373058618977666 29.96524953842163
71.670359689 -141.0031168051064 -2.4319542068988085 29.965474605560303
71.690374252 -141.03276463225484 -2.471246065571904 29.965623378753662
71.710295628 -141.07724400237203 -2.530146421864629 29.965840816497803
71.730237804 -141.10689182952046 -2.5694201607257128 29.965997219085693
71.750252691 -141.15134068205953 -2.6283400673419237 29.966222286224365
71.770311658 -141.1809732504189 -2.6675925869494677 29.966386318206787
71.790365926 -141.22539158537984 -2.7264373917132616 29.96663808822632
71.810285779 -141.25500889495015 -2.7656269688159227 29.966805934906006
71.830327818 -141.2993814535439 -2.8243940491229296 29.967084407806396
71.850263123 -141.3289682455361 -2.8635500092059374 29.967267513275146
71.870342117 -141.3733102865517 -2.922251285985112 29.96752691268921
71.890349247 -141.40280552580953 -2.9613829273730516 29.9676833152771
71.910293551 -141.44705601409078 -3.020026983693242 29.96790838241577
71.930226954 -141.47653599455953 -3.0591118950396776 29.968068599700928
71.950253669 -141.5206949301064 -3.1177127975970507 29.96827459335327
71.970272064 -141.55012913420796 -3.1567390579730272 29.968400478363037
71.990612722 -141.59421177580953 -3.2152798790484667 29.968541622161865
72.010312547 -141.62361546233296 -3.2542756218463182 29.96864080429077
72.030289541 -141.66769810393453 -3.312718452885747 29.968778133392334
72.050246272 -141.6970865316689 -3.351654591038823 29.96886968612671
72.070300233 -141.7411539144814 -3.4100232739001513 29.969037532806396
72.090302269 -141.77048130705953 -3.4489718098193407 29.969163417816162
72.110339692 -141.8145181722939 -3.5073626656085253 29.969354152679443
72.130248972 -141.84387608245015 -3.5463033337146044 29.96944570541382
72.150214973 -141.88789768889546 -3.604746164754033 29.969563961029053
72.170257422 -141.9172555990517 -3.643690647557378 29.969651699066162
72.19031106 -141.96127720549703 -3.7021833080798388 29.969777584075928
72.210329903 -141.99063511565328 -3.741166891530156 29.969842433929443
72.230220154 -142.03467198088765 -3.799624504521489 29.969960689544678
72.250245944 -142.06401463225484 -3.8386104721575975 29.969987392425537
72.270240572 -142.1080514974892 -3.8970354218035936 29.97004461288452
72.290276293 -142.1373941488564 -3.9359663147479296 29.97007131576538
72.310302747 -142.18144627287984 -3.994295420125127 29.970113277435303
72.330228942 -142.21078892424703 -4.033147634938359 29.970201015472412
72.350232845 -142.25479527190328 -4.091372789815068 29.970311641693115
72.370250144 -142.2841684408486 -4.130147757008672 29.970365047454834
72.390279087 -142.32815952971578 -4.188263239338994 29.970407009124756
72.410305507 -142.35751743987203 -4.226966204121709 29.970433712005615
72.430236404 -142.4015543051064 -4.284959139302373 29.970521450042725
72.450250423 -142.4309274740517 -4.323593916371465 29.97058629989624
72.470231501 -142.4750406332314 -4.381490053609014 29.970693111419678
72.490336334 -142.5044595785439 -4.420060934498906 29.97078847885132
72.510302433 -142.54858799651265 -4.47790795750916 29.97094488143921
72.530252376 -142.5780222006142 -4.516444506123662 29.971070766448975
72.550263657 -142.62212010100484 -4.574293436482549 29.971303462982178
72.570259905 -142.65156956389546 -4.61281424947083 29.971471309661865
72.590299969 -142.6956979818642 -4.670636476948857 29.971726894378662
72.610295076 -142.72513218596578 -4.709171595051885 29.97189474105835
72.630242432 -142.7693063803017 -4.766955675557256 29.97213888168335
72.650308637 -142.79871006682515 -4.805494608357549 29.97228765487671
72.670238753 -142.8428842611611 -4.863262476399541 29.972466945648193
72.690414336 -142.8723337240517 -4.901773752644658 29.972554683685303
72.710315693 -142.9165689535439 -4.959533514454961 29.972657680511475
72.730247008 -142.94607945159078 -4.998013796284795 29.97269582748413
72.750251667 -142.99039097502828 -5.055743517354131 29.97271490097046
72.770228666 -143.0199625082314 -5.094214739277959 29.972726345062256
72.790433832 -143.06433506682515 -5.151897253468633 29.972745418548584
72.810349881 -143.09395237639546 -5.190347971394658 29.972733974456787
72.830292782 -143.13843174651265 -5.247957052662969 29.972676753997803
72.850265586 -143.16809483245015 -5.286371530964971 29.97263479232788
72.87024015 -143.2125894613564 -5.343954863026738 29.972569942474365
72.890322099 -143.24228306487203 -5.3823397774249315 29.97253179550171
72.910309595 -143.28679295256734 -5.439894499257207 29.97249746322632
72.930218132 -143.31648655608296 -5.478235544636846 29.972474575042725
72.95025799 -143.36099644377828 -5.53571349568665 29.972493648529053
72.970238195 -143.39065952971578 -5.573984446004033 29.97251272201538
72.990315337 -143.43515415862203 -5.631320299580693 29.972550868988037
73.010296086 -143.4648325033486 -5.669488729909062 29.97259283065796
73.030201506 -143.50935764983296 -5.726698221638799 29.972718715667725
73.050255943 -143.5390512533486 -5.764819921925664 29.972821712493896
73.070246314 -143.5836374349892 -5.82201081700623 29.973004817962646
73.090349149 -143.6133920736611 -5.860117258504033 29.973130702972412
73.110299568 -143.6580240316689 -5.917216124013066 29.973363399505615
73.130241184 -143.68779392912984 -5.95524531789124 29.973512172698975
73.150257219 -143.73247166350484 -6.012312235310674 29.97382116317749
73.17028103 -143.76230259612203 -6.05034619756043 29.97407293319702
73.19041983 -143.8070718832314 -6.10738212056458 29.97451162338257
73.210296398 -143.8369791097939 -6.145443262532353 29.974828243255615
73.230222238 -143.8818552084267 -6.202503027394414 29.97532033920288
73.250251908 -143.9118082113564 -6.240547003224492 29.975648403167725
73.270237662 -143.9568063803017 -6.29760486073792 29.976129055023193
73.290361103 -143.98682041838765 -6.33562165684998 29.97643804550171
73.310338203 -144.0319711752236 -6.392613710835576 29.9768385887146
73.3302423 -144.0621225424111 -6.430591406300664 29.97704839706421
73.350237847 -144.1074106283486 -6.4875338692218065 29.977330684661865
73.370237093 -144.13765354827046 -6.525476278737187 29.97751760482788
73.390359884 -144.18303318694234 -6.582368673756719 29.97779607772827
73.410300339 -144.2133218832314 -6.620318712666631 29.97797155380249
73.430233109 -144.25879307463765 -6.677214445546269 29.97824239730835
73.450298943 -144.28914280608296 -6.715140642598271 29.9784255027771
73.470244458 -144.33467503264546 -6.771986307576299 29.97869634628296
73.490863564 -144.36504002287984 -6.809856237843633 29.978864192962646
73.510309363 -144.4106332845986 -6.866601767018437 29.97915029525757
73.530248441 -144.44104405120015 -6.9043920654803514 29.979344844818115
73.550251057 -144.4867136068642 -6.961020769551396 29.9796462059021
73.570235797 -144.5172311849892 -6.998760523274541 29.979852199554443
73.59053225 -144.5630533285439 -7.055346788838506 29.980138301849365
73.610307156 -144.5936472006142 -7.0930660385638475 29.980340480804443
73.630257243 -144.6395456381142 -7.14963704533875 29.980592250823975
73.650279206 -144.67020054534078 -7.187354864552617 29.980763912200928
73.670241984 -144.71622105315328 -7.243951143696904 29.98102331161499
73.69034382 -144.74690647795796 -7.281678499653935 29.981191158294678
73.710334462 -144.79301853850484 -7.338309111073613 29.981465816497803
73.730218051 -144.82376499846578 -7.376074614003301 29.98164129257202
73.750246992 -144.86990757659078 -7.432738604024053 29.981881618499756
73.770233805 -144.90068455412984 -7.470558466389775 29.982038021087646
73.790373179 -144.94687290862203 -7.527273001149297 29.98227834701538
73.810385379 -144.9776804037392 -7.565095724537969 29.982415676116943
73.830216213 -145.02392979338765 -7.62182885594666 29.982621669769287
73.850259663 -145.05476780608296 -7.659636320546269 29.982736110687256
73.870259929 -145.1010934896767 -7.716339888051152 29.98286199569702
73.89035301 -145.1319772787392 -7.754118742421269 29.9829421043396
73.910316998 -145.1783334799111 -7.810755552724004 29.983022212982178
73.930215567 -145.20926304534078 -7.848505320027471 29.983033657073975
73.950215453 -145.2556345053017 -7.905125917866826 29.98304510116577
73.97024482 -145.28657932952046 -7.942901434376836 29.98304510116577
73.990357357 -145.3330270834267 -7.999549211934209 29.983026027679443
74.010350227 -145.36401768401265 -8.037323297932744 29.98301076889038
74.030305447 -145.41052647307515 -8.09398871846497 29.983041286468506
74.050250343 -145.4415170736611 -8.131755175068974 29.9830641746521
74.070277664 -145.48801060393453 -8.188409151509404 29.98312520980835
74.090364217 -145.51900120452046 -8.226164164021611 29.983170986175537
74.110304232 -145.56546421721578 -8.282777132466435 29.983235836029053
74.130252679 -145.5964548178017 -8.320552172139287 29.983232021331787
74.150210754 -145.64291783049703 -8.37716800160706 29.98322057723999
74.170242002 -145.67392368987203 -8.414933504536748 29.98322057723999
74.190429838 -145.7204019613564 -8.47156840749085 29.983235836029053
74.210390689 -145.75139256194234 -8.509327234700322 29.983251094818115
74.230247553 -145.79785557463765 -8.565948786213994 29.983323574066162
74.250241347 -145.82881565764546 -8.603676142171025 29.98336935043335
74.270291014 -145.8752634115517 -8.660250009968877 29.983418941497803
74.290358408 -145.90622349455953 -8.69796115346253 29.983445644378662
74.310377394 -145.95267124846578 -8.754525484517217 29.983479976654053
74.330240702 -145.9836313314736 -8.792276682332158 29.983521938323975
74.35020145 -146.0300485678017 -8.848899187520146 29.983575344085693
74.370252947 -146.0609781332314 -8.886679949238896 29.983590602874756
74.390361901 -146.1073648519814 -8.943409265950322 29.98357915878296
74.410360513 -146.1382944174111 -8.981228174641728 29.983567714691162
74.430262048 -146.18466587737203 -9.037994684651494 29.98354482650757
74.450246535 -146.2155649252236 -9.075834574177861 29.983521938323975
74.470245841 -146.2619058676064 -9.132669748738408 29.983502864837646
74.490356506 -146.29277439787984 -9.170570673421025 29.98348379135132
74.510399989 -146.3390543051064 -9.227443041279912 29.98343801498413
74.530251118 -146.3698923178017 -9.265419306233525 29.98341131210327
74.550224592 -146.41611118987203 -9.322367014363408 29.983380794525146
74.570237982 -146.44693394377828 -9.360352816060185 29.983392238616943
74.590416658 -146.49313755705953 -9.4173663277179 29.98342275619507
74.61034672 -146.5239145345986 -9.455366434529424 29.98343801498413
74.630262438 -146.57011814787984 -9.512397112324834 29.983487606048584
74.650224396 -146.60091038420796 -9.550414385274053 29.983502864837646
74.670249912 -146.64709873870015 -9.607435526326299 29.983495235443115
74.69036462 -146.67789097502828 -9.645440401509404 29.983468532562256
74.710325742 -146.72404881194234 -9.702431978657842 29.983407497406006
74.730222981 -146.75484104827046 -9.740450205281377 29.983392238616943
74.750215341 -146.80102940276265 -9.797452272847295 29.983354091644287
74.770251881 -146.83182163909078 -9.835461916401982 29.98331594467163
74.790351129 -146.87802525237203 -9.892509760335088 29.98323965072632
74.810333299 -146.90881748870015 -9.93052894063294 29.98317861557007
74.830255927 -146.95503636077046 -9.98764163441956 29.98305654525757
74.850235796 -146.98584385588765 -10.025729479268193 29.982972621917725
74.870241552 -147.0320474691689 -10.082882227376103 29.98282766342163
74.890342205 -147.0628549642861 -10.121068300679326 29.982728481292725
74.910357427 -147.10905857756734 -10.178316416218877 29.9825758934021
74.930264108 -147.13986607268453 -10.21649962849915 29.982511043548584
74.950198035 -147.18606968596578 -10.273748697713017 29.982415676116943
74.970267307 -147.21687718108296 -10.311930956318974 29.982350826263428
74.990340701 -147.26311131194234 -10.36922294087708 29.982221126556396
75.010348179 -147.29391880705953 -10.407398523762822 29.982133388519287
75.030215949 -147.34016819670796 -10.464761080220342 29.981942653656006
75.050211708 -147.37102146819234 -10.503007235005498 29.98181676864624
75.070254519 -147.41728611662984 -10.56038505025208 29.981645107269287
75.090379337 -147.44815464690328 -10.598723711445928 29.981526851654053
75.110330756 -147.4944498129189 -10.656203569844365 29.9813551902771
75.130272968 -147.52531834319234 -10.694546999409795 29.98124074935913
75.150212398 -147.57165928557515 -10.752112688496709 29.981072902679443
75.170245993 -147.60254307463765 -10.790476145222783 29.980966091156006
75.190392814 -147.64888401702046 -10.848113359883428 29.98079824447632
75.210337552 -147.67976780608296 -10.886478723958135 29.980699062347412
75.230316655 -147.7260629720986 -10.944114984944463 29.980580806732178
75.250243093 -147.75691624358296 -10.982534708455205 29.980504512786865
75.270251178 -147.8031656332314 -11.040159525349736 29.98038625717163
75.290353524 -147.83398838713765 -11.07863456197083 29.980279445648193
75.310375604 -147.8801920004189 -11.136296572163701 29.98010015487671
75.33025243 -147.9109994955361 -11.174731554463506 29.979989528656006
75.350214313 -147.95720310881734 -11.232357325032353 29.979783535003662
75.370253442 -147.9879800863564 -11.270733179524541 29.979657649993896
75.390317066 -148.0341226644814 -11.328300775960088 29.979451656341553
75.41034565 -148.06485386565328 -11.36664611287415 29.97930669784546
75.430262292 -148.11093540862203 -11.424118341878057 29.97909688949585
75.450234718 -148.14160557463765 -11.462419809773564 29.97894811630249
75.470261067 -148.18762608245015 -11.519774736836553 29.978734493255615
75.490347202 -148.2182504720986 -11.557983698323369 29.978597164154053
75.510380589 -148.26419468596578 -11.61523181386292 29.9784255027771
75.530246464 -148.29483433440328 -11.65336543507874 29.978353023529053
75.550197462 -148.34077854827046 -11.710509600117803 29.9783034324646
75.570253965 -148.3714029379189 -11.748563112691045 29.978299617767334
75.590313276 -148.4173776693642 -11.805588068440557 29.97841787338257
75.610382757 -148.4480630941689 -11.843548120930791 29.978532314300537
75.630257102 -148.4940836019814 -11.900412859395146 29.978707790374756
75.650227591 -148.5247690267861 -11.93829089589417 29.978868007659912
75.67024007 -148.5708200521767 -11.995056452229619 29.979142665863037
75.690346877 -148.60152073577046 -12.032880129292607 29.97934865951538
75.710363607 -148.6476022787392 -12.08958369679749 29.979642391204834
75.730278382 -148.67831822112203 -12.12735396809876 29.979848384857178
75.750255757 -148.72439976409078 -12.183958353474736 29.98017644882202
75.770258901 -148.7551157064736 -12.221658052876592 29.980390071868896
75.790310056 -148.80115147307515 -12.278160395100713 29.980748653411865
75.810369646 -148.8318521566689 -12.315789522603154 29.981000423431396
75.830285597 -148.87790318205953 -12.372180284932256 29.98138189315796
75.850236356 -148.9086343832314 -12.409762682393193 29.98166799545288
75.870261687 -148.95471592620015 -12.46608859486878 29.982110500335693
75.890270199 -148.9854623861611 -12.503609957173467 29.98241949081421
75.910417529 -149.0315591879189 -12.559869112446904 29.982903957366943
75.930325046 -149.06225987151265 -12.597351374104619 29.98321294784546
75.950186336 -149.1082651205361 -12.653576197102666 29.983739376068115
75.970286014 -149.13892002776265 -12.691046060994267 29.984078884124756
75.990278523 -149.1848795004189 -12.747232737019658 29.984578609466553
76.010438284 -149.21548863127828 -12.784672083333135 29.9848952293396
76.030328017 -149.2613718099892 -12.840795816853642 29.985291957855225
76.050231666 -149.2919351644814 -12.878191294148564 29.985536098480225
76.070256898 -149.3377573080361 -12.934253992512822 29.985887050628662
76.090240429 -149.36829014495015 -12.971617998555303 29.98609685897827
76.110393121 -149.41406651213765 -13.027658762410283 29.9863600730896
76.130280701 -149.44458409026265 -13.065004648640752 29.98645544052124
76.150217012 -149.49031468108296 -13.121026339009404 29.986562252044678
76.170280775 -149.52078648284078 -13.158351244404912 29.98663091659546
76.190226715 -149.56648655608296 -13.214310945942998 29.9867262840271
76.210469545 -149.5969125814736 -13.25160819478333 29.98675298690796
76.230294113 -149.64258213713765 -13.307517351582646 29.98673391342163
76.250287368 -149.67302342131734 -13.344769777730107 29.98669195175171
76.270275026 -149.71870823577046 -13.40060550160706 29.986608028411865
76.290273396 -149.7491647787392 -13.437794031575322 29.98653554916382
76.31038937 -149.7948648519814 -13.49352485127747 29.98640203475952
76.330271168 -149.82535191252828 -13.530653299763799 29.986321926116943
76.350208905 -149.8711130209267 -13.58630114980042 29.986188411712646
76.370264215 -149.9016305990517 -13.62337333150208 29.98609685897827
76.390275738 -149.9474069662392 -13.678946794942021 29.985951900482178
76.410418563 -149.9779245443642 -13.715983690693974 29.98585271835327
76.430275178 -150.0237009115517 -13.771528543904424 29.98569631576538
76.450211489 -150.05423374846578 -13.80855399556458 29.985597133636475
76.470270689 -150.10002537444234 -13.864123644307256 29.98547124862671
76.490245256 -150.13054295256734 -13.901171984151006 29.98539113998413
76.510569553 -150.1763803549111 -13.956746401265264 29.985284328460693
76.530279658 -150.2069284506142 -13.993779482319951 29.98523473739624
76.550351009 -150.2528268881142 -14.049302401021123 29.985196590423584
76.570256389 -150.2834360189736 -14.086315454915166 29.985169887542725
76.590225783 -150.3293649740517 -14.141825975850224 29.985124111175537
76.610400294 -150.36003514006734 -14.178824724629521 29.985093593597412
76.630250333 -150.40605564787984 -14.234310450032353 29.985108852386475
76.650277929 -150.4367563314736 -14.271293940022588 29.985101222991943
76.670258186 -150.4828531332314 -14.326758684590459 29.985089778900146
76.690233163 -150.51358433440328 -14.36372977681458 29.98507833480835
76.710360238 -150.55978794768453 -14.419179262593389 29.985021114349365
76.730270317 -150.5905954428017 -14.456132235005498 29.98494863510132
76.750209116 -150.63684483245015 -14.511545481160283 29.984830379486084
76.770287846 -150.66772862151265 -14.54848033376038 29.984735012054443
76.790237478 -150.7140543051064 -14.60386592335999 29.984578609466553
76.810414412 -150.74495335295796 -14.640801729634404 29.984498500823975
76.830311526 -150.7913248129189 -14.69621211476624 29.984395503997803
76.850229565 -150.82223911955953 -14.733166040852666 29.98434591293335
76.870245564 -150.86862583830953 -14.788621248677373 29.984269618988037
76.890222951 -150.89954014495015 -14.82559615559876 29.98421621322632
76.910357877 -150.94589634612203 -14.881115259602666 29.98418951034546
76.930293969 -150.97678013518453 -14.918137850239873 29.984193325042725
76.950285832 -151.02307530120015 -14.973681749776006 29.984200954437256
76.970252663 -151.05392857268453 -15.01076346822083 29.984220027923584
76.990236767 -151.10017796233296 -15.066405596211553 29.984239101409912
77.010616356 -151.1310007162392 -15.10353690572083 29.9842848777771
77.030235979 -151.1771890707314 -15.159276308491826 29.98438024520874
77.05029391 -151.20796604827046 -15.196438135579228 29.984452724456787
77.070255631 -151.2540933676064 -15.252214731648564 29.98461675643921
77.090226648 -151.28482456877828 -15.28939944691956 29.984735012054443
77.110386681 -151.33086033537984 -15.34524661488831 29.984979152679443
77.130309106 -151.36154576018453 -15.382490457966924 29.985177516937256
77.150272431 -151.4075815267861 -15.43836528249085 29.985482692718506
77.170307183 -151.4382516928017 -15.4756577629596 29.985703945159912
77.190229516 -151.48425694182515 -15.531601252034307 29.98600149154663
77.210443851 -151.51492710784078 -15.568925203755498 29.986207485198975
77.230278384 -151.5609323568642 -15.624940218403935 29.986497402191162
77.250238855 -151.5915720053017 -15.66227942891419 29.986684322357178
77.270288036 -151.63753147795796 -15.718322100117803 29.98701238632202
77.290285936 -151.6681558676064 -15.755688967183232 29.987226009368896
77.310413264 -151.71408482268453 -15.811753572896123 29.987538814544678
77.330285509 -151.74467869475484 -15.849114717915654 29.987725734710693
77.350205853 -151.7905466146767 -15.905132593587041 29.988011837005615
77.370257258 -151.82107945159078 -15.942455591633916 29.988221645355225
77.39024602 -151.86687107756734 -15.998393358662724 29.988519191741943
77.410579897 -151.89737339690328 -16.03564959950745 29.98873281478882
77.430294471 -151.9431039877236 -16.09146815724671 29.989049434661865
77.450237572 -151.9735757894814 -16.128650011494756 29.989251613616943
77.470240644 -152.0192300863564 -16.18435031361878 29.98956823348999
77.490248021 -152.04964085295796 -16.22144061513245 29.989774227142334
77.510465926 -152.09521885588765 -16.277013124898076 29.99009084701538
77.530294971 -152.1255533285439 -16.314013781026006 29.990342617034912
77.550210054 -152.17105503752828 -16.36948520131409 29.99069356918335
77.570272294 -152.20137425139546 -16.40643626637757 29.99091863632202
77.590261158 -152.2468454428017 -16.46183139272034 29.991227626800537
77.61038771 -152.2771188803017 -16.498740496113896 29.991445064544678
77.630288285 -152.32251377776265 -16.554084124043584 29.99179220199585
77.650255126 -152.35278721526265 -16.590968431904912 29.992013454437256
77.670224664 -152.39810581877828 -16.64627963490784 29.992413997650146
77.690256138 -152.42831822112203 -16.68315822072327 29.99270009994507
77.710667406 -152.47359104827046 -16.738477053120732 29.993138790130615
77.73031044 -152.50375767424703 -16.775372805073857 29.993455410003662
77.750236007 -152.54898472502828 -16.830722155049443 29.993905544281006
77.770256296 -152.57915135100484 -16.867636980488896 29.99421453475952
77.790316251 -152.6243784017861 -16.92308551259339 29.99470281600952
77.810388681 -152.6545297689736 -16.96006709523499 29.99500799179077
77.830286105 -152.69974156096578 -17.015645327046514 29.995530605316162
77.85027107 -152.72989292815328 -17.052674593403935 29.995839595794678
77.87024982 -152.77507420256734 -17.10834056325257 29.996366024017334
77.890264163 -152.80517979338765 -17.14547854848206 29.99671697616577
77.910382901 -152.85034580901265 -17.201220812276006 29.997239589691162
77.930282592 -152.8804361410439 -17.238463701680303 29.99765920639038
77.9502504 -152.92558689787984 -17.294345201924443 29.998258113861084
77.970263173 -152.95566197112203 -17.331645311787724 29.998673915863037
77.990249481 -153.00076695159078 -17.3876450676471 29.99929189682007
78.010420488 -153.03084202483296 -17.42497950978577 29.999680995941162
78.030318489 -153.0759470053017 -17.481065096333623 30.00032949447632
78.050230745 -153.1060220785439 -17.51846438832581 30.00073766708374
78.070234569 -153.15115757659078 -17.57457477040589 30.00134038925171
78.090259593 -153.1812173910439 -17.6120045799762 30.001752376556396
78.11044713 -153.2263376303017 -17.66810161061585 30.00229024887085
78.130316553 -153.25639744475484 -17.705514254048467 30.002667903900146
78.150230432 -153.30148716643453 -17.76161509938538 30.003163814544678
78.170224951 -153.33154698088765 -17.799018206074834 30.003465175628662
78.190248314 -153.37662144377828 -17.85514766164124 30.00386953353882
78.210422072 -153.4066812582314 -17.892558397725224 30.004098415374756
78.230272461 -153.45174046233296 -17.948766054585576 30.004445552825928
78.25025242 -153.48178501799703 -17.986247362568974 30.00465154647827
78.270226003 -153.5268442220986 -18.04247790761292 30.004910945892334
78.290238224 -153.55685826018453 -18.079985918477178 30.005052089691162
78.310411884 -153.60190220549703 -18.136212648823857 30.005216121673584
78.330306483 -153.63191624358296 -18.173686327412724 30.005292415618896
78.350218507 -153.67691441252828 -18.229892076924443 30.005364894866943
78.370216017 -153.70691319182515 -18.267346682026982 30.005380153656006
78.390244968 -153.75186558440328 -18.32354480214417 30.005353450775146
78.410590158 -153.78183384612203 -18.360991777852178 30.005303859710693
78.430289194 -153.8266794271767 -18.417184175923467 30.005258083343506
78.450260854 -153.85654087737203 -18.454633058980107 30.005197048187256
78.47022881 -153.90129490569234 -18.510783495381474 30.005055904388428
78.490255099 -153.93106480315328 -18.548219026997685 30.004930019378662
78.510401965 -153.9757272787392 -18.604342760518193 30.004693508148193
78.53030997 -154.00545139983296 -18.64174777455628 30.00447988510132
78.550239237 -154.05000706389546 -18.69785434193909 30.004117488861084
78.570224482 -154.07971592620015 -18.735244097188115 30.003873348236084
78.590264809 -154.12419529631734 -18.791329683735967 30.00351095199585
78.610799623 -154.15384312346578 -18.828696550801396 30.00324773788452
78.632474348 -154.19833775237203 -18.884713472798467 30.002824306488037
78.65240764 -154.22798557952046 -18.922026934102178 30.002538204193115
78.672479524 -154.2724802084267 -18.97795611806214 30.00207281112671
78.692441259 -154.3021127767861 -19.01518756337464 30.001760005950928
78.712564393 -154.3466226644814 -19.07097369618714 30.00128698348999
78.732469574 -154.37630100920796 -19.108113588765264 30.00094747543335
78.752383864 -154.4208871908486 -19.163752855733037 30.00043249130249
78.772453997 -154.4506265707314 -19.20080882497132 30.00007390975952
78.792448706 -154.49527378752828 -19.256341280415654 29.999528408050537
78.812579336 -154.52505894377828 -19.293343843892217 29.999166011810303
78.832481613 -154.56979771330953 -19.348809542134404 29.99854040145874
78.852432603 -154.59964390471578 -19.385768236592412 29.99813985824585
78.872456528 -154.64445896819234 -19.441174807026982 29.997518062591553
78.892435803 -154.6743814535439 -19.478087725117803 29.997106075286865
78.912588344 -154.7193033285439 -19.53342372365296 29.99649953842163
78.932455332 -154.7492868490517 -19.57028895802796 29.996087551116943
78.952398653 -154.79431553557515 -19.625531496480107 29.995473384857178
78.972444025 -154.8243600912392 -19.662326158955693 29.99508047103882
78.992436472 -154.86951084807515 -19.717488588765264 29.99450445175171
79.012745111 -154.89966221526265 -19.75424891896546 29.994115352630615
79.032485409 -154.94495030120015 -19.809367479756474 29.99354314804077
79.052440202 -154.97522373870015 -19.846116365864873 29.99313497543335
79.0724515 -155.0206491537392 -19.901225389912724 29.99249029159546
79.092430453 -155.0509683676064 -19.93795901723206 29.992047786712646
79.112684023 -155.09653111174703 -19.99302607960999 29.991376399993896
79.132495406 -155.12692661955953 -20.029719652608037 29.99093008041382
79.152394854 -155.1725961752236 -20.08472186513245 29.990254878997803
79.172450571 -155.20305271819234 -20.121373476460576 29.98982000350952
79.192418771 -155.2487985678017 -20.176268877461553 29.989163875579834
79.212607346 -155.2793161459267 -20.212836565449834 29.988736629486084
79.232517888 -155.3250925131142 -20.267648043110967 29.988072872161865
79.252445608 -155.3556100912392 -20.304168047383428 29.987645626068115
79.272453489 -155.40141697600484 -20.358941378071904 29.987016201019287
79.292423478 -155.43196507170796 -20.395461382344365 29.98661184310913
79.312577772 -155.47781773284078 -20.450242342427373 29.986043453216553
79.332486428 -155.50839634612203 -20.48675853200257 29.985734462738037
79.352398223 -155.5542642660439 -20.54156238026917 29.98531484603882
79.372453728 -155.5848276205361 -20.57810908742249 29.98505926132202
79.392421239 -155.6306802816689 -20.632943453267217 29.98470449447632
79.412623086 -155.6612436361611 -20.669520677998662 29.984490871429443
79.432505552 -155.7070962972939 -20.72437602467835 29.98418951034546
79.452453307 -155.73767491057515 -20.76095706410706 29.984029293060303
79.472470653 -155.78354283049703 -20.815831484273076 29.983811855316162
79.492436012 -155.81412144377828 -20.852425875142217 29.983693599700928
79.512589933 -155.8599741049111 -20.907334627583623 29.983556270599365
79.532465598 -155.89053745940328 -20.943938555195928 29.983449459075928
79.55244601 -155.93631382659078 -20.998896898701787 29.98333501815796
79.572437696 -155.96680088713765 -21.035552324727178 29.983277797698975
79.592445637 -156.01250096037984 -21.090558351948857 29.98322820663452
79.612652999 -156.04289646819234 -21.127301516011357 29.983232021331787
79.63245356 -156.08847447112203 -21.182446779683232 29.983258724212646
79.652446531 -156.11882420256734 -21.219260515645146 29.983285427093506
79.672479749 -156.16428013518453 -21.274503054097295 29.98331594467163
79.692422073 -156.19458409026265 -21.311333956196904 29.983323574066162
79.712618387 -156.2400095053017 -21.366565050557256 29.983354091644287
79.732497886 -156.2702829428017 -21.403376879170537 29.983380794525146
79.752408688 -156.3156625814736 -21.458583177998662 29.9834303855896
79.772466681 -156.34590550139546 -21.495377840474248 29.983476161956787
79.792407028 -156.39128514006734 -21.55055552907288 29.983567714691162
79.812814245 -156.42154331877828 -21.587329210713506 29.983651638031006
79.832490074 -156.4669382162392 -21.642484011128545 29.983758449554443
79.852513503 -156.49719639495015 -21.67925197072327 29.98383092880249
79.872412354 -156.54257603362203 -21.73439914174378 29.983941555023193
79.892418591 -156.57283421233296 -21.77115756459534 29.984010219573975
79.912673172 -156.61819859221578 -21.82633143849671 29.984132289886475
79.932477936 -156.64844151213765 -21.86312991566956 29.98422384262085
79.952417214 -156.69382115080953 -21.918341936543584 29.984364986419678
79.972404808 -156.72404881194234 -21.9551442284137 29.984452724456787
79.992414993 -156.76941319182515 -22.010340990498662 29.984578609466553
80.012623728 -156.79964085295796 -22.04712993092835 29.98467779159546
80.032578488 -156.8449899740517 -22.10231906361878 29.984849452972412
80.05245604 -156.8752328939736 -22.13912326283753 29.984960079193115
80.072431689 -156.9205972738564 -22.194344820454717 29.985124111175537
80.092406341 -156.95085545256734 -22.231154741719365 29.98522710800171
80.112695259 -156.9962808676064 -22.286376299336553 29.98541784286499
80.132478722 -157.02656956389546 -22.323188127949834 29.985551357269287
80.152437556 -157.07202549651265 -22.378398241475224 29.985738277435303
80.172393931 -157.10232945159078 -22.415215792134404 29.985848903656006
80.192503176 -157.1478159017861 -22.47046405263245 29.986005306243896
80.212799626 -157.1781198568642 -22.507333101704717 29.9861159324646
80.23253798 -157.22359104827046 -22.56265384145081 29.986268520355225
80.252438917 -157.25387974455953 -22.599570574238896 29.986375331878662
80.272448117 -157.29927464202046 -22.65495234914124 29.986497402191162
80.292395149 -157.32954807952046 -22.691867174580693 29.986558437347412
80.312582926 -157.37491245940328 -22.747300447896123 29.986680507659912
80.332491759 -157.40515537932515 -22.78428584523499 29.986756801605225
80.352466447 -157.45053501799703 -22.839803041890264 29.98688268661499
80.37240063 -157.48079319670796 -22.876853289082646 29.987016201019287
80.392415868 -157.52620335295796 -22.932414354756474 29.987210750579834
80.412705992 -157.55649204924703 -22.969456972554326 29.987355709075928
80.432479282 -157.60196324065328 -23.02503520436585 29.987576961517334
80.452452751 -157.63229771330953 -23.0620835442096 29.987714290618896
80.472493161 -157.6778451986611 -23.11767322011292 29.987950801849365
80.492395065 -157.70821018889546 -23.154712023213506 29.988091945648193
80.51266823 -157.7538034506142 -23.210233034566045 29.988351345062256
80.532526013 -157.7841989584267 -23.247227968648076 29.9885573387146
80.552411641 -157.82980747893453 -23.302686037495732 29.988881587982178
80.572431189 -157.8602182455361 -23.339635195210576 29.98913335800171
80.592412204 -157.90584202483296 -23.395039858296514 29.98950719833374
80.612610494 -157.9362680502236 -23.43196994252503 29.989762783050537
80.632495793 -157.98190708830953 -23.487366976216435 29.990128993988037
80.652429362 -158.0123483724892 -23.524285616353154 29.990365505218506
80.672403063 -158.0580026693642 -23.57968265004456 29.990731716156006
80.692415801 -158.0884439535439 -23.616620363667607 29.990960597991943
80.712614446 -158.13411350920796 -23.67203456349671 29.99129629135132
80.732499844 -158.16458531096578 -23.709012331441045 29.991517543792725
80.752416301 -158.21030064299703 -23.764447512105107 29.991807460784912
80.772420756 -158.24075718596578 -23.801398577168584 29.992024898529053
80.792411573 -158.28645725920796 -23.856812776997685 29.9923415184021
80.812635093 -158.31692906096578 -23.893758120015264 29.992539882659912
80.832503666 -158.3626138754189 -23.94919520802796 29.99283742904663
80.852460203 -158.39307041838765 -23.98614818044007 29.99301290512085
80.872474894 -158.4387399740517 -24.041642488911748 29.99328374862671
80.892424394 -158.4691812582314 -24.078654589131474 29.993455410003662
80.912600535 -158.51485081389546 -24.13419467397034 29.993699550628662
80.932504824 -158.5453073568642 -24.171258272603154 29.9939284324646
80.952471537 -158.59102268889546 -24.22686511464417 29.994248867034912
80.97242539 -158.62149449065328 -24.26397448964417 29.994493007659912
80.992420703 -158.6672250814736 -24.31967860646546 29.99487066268921
81.01261354 -158.6977426595986 -24.35681468434632 29.995103359222412
81.032488549 -158.74350376799703 -24.412516893818974 29.99548101425171
81.052469302 -158.77400608733296 -24.44963771291077 29.995709896087646
81.072413374 -158.8197671957314 -24.50530749745667 29.996102809906006
81.092479322 -158.8502847738564 -24.542399706318974 29.996358394622803
81.112591523 -158.89603062346578 -24.59801227040589 29.996705532073975
81.132525879 -158.92654820159078 -24.63509494252503 29.996942043304443
81.152462803 -158.97232456877828 -24.690707506611943 29.99726629257202
81.172429039 -159.00284214690328 -24.727792086079717 29.997483730316162
81.192515546 -159.04863377287984 -24.783429445698857 29.99780797958374
81.21256373 -159.0791666097939 -24.820510210469365 29.998002529144287
81.232509186 -159.12492771819234 -24.876134218648076 29.99826192855835
81.252483146 -159.15544529631734 -24.913216890767217 29.998414516448975
81.272440017 -159.20120640471578 -24.968831362202764 29.998589992523193
81.292409755 -159.23169346526265 -25.005902590230107 29.998692989349365
81.312558571 -159.2774087972939 -25.061497988179326 29.99883794784546
81.332519639 -159.3078043051064 -25.09857493825257 29.998963832855225
81.352450944 -159.3534128256142 -25.15415889210999 29.999120235443115
81.372443771 -159.3837778158486 -25.19121295399964 29.99923086166382
81.392448374 -159.4293100424111 -25.246806444600224 29.99938726425171
81.412568906 -159.45967503264546 -25.283860506489873 29.99946355819702
81.432523486 -159.5051920004189 -25.33948069997132 29.999566555023193
81.452473365 -159.5355112142861 -25.376569094136357 29.99960470199585
81.472410081 -159.5809976644814 -25.432212175801396 29.99964666366577
81.492408739 -159.6113168783486 -25.46933871693909 29.999654293060303
81.51260308 -159.6568033285439 -25.525025667622685 29.999627590179443
81.53252389 -159.68713780120015 -25.562167467549443 29.999619960784912
81.552454685 -159.7326547689736 -25.61785632558167 29.99957036972046
81.572421511 -159.7630045004189 -25.654977144673467 29.999501705169678
81.592421261 -159.8085367269814 -25.710646929219365 29.99936056137085
81.612609174 -159.8388864584267 -25.747742952778935 29.99924612045288
81.632513791 -159.88440342620015 -25.803405107930303 29.999017238616943
81.652503702 -159.9147378988564 -25.84051257558167 29.99886465072632
81.672420414 -159.96025486662984 -25.89617663808167 29.99863576889038
81.692425198 -159.9905893392861 -25.93334132619202 29.998475551605225
81.71269725 -160.03610630705953 -25.989087404683232 29.99823522567749
81.732508698 -160.06645603850484 -26.02627688832581 29.9980788230896
81.752448722 -160.1120035238564 -26.08211070485413 29.99786901473999
81.772418844 -160.14238377287984 -26.119324984028935 29.99772024154663
81.792406952 -160.18796177580953 -26.17526370473206 29.997525691986084
81.81262066 -160.21835728362203 -26.21252185292542 29.997384548187256
81.832531886 -160.26396580412984 -26.268479647114873 29.997239589691162
81.852487099 -160.29439182952046 -26.305793108418584 29.99714422225952
81.872411307 -160.34004612639546 -26.361775698140264 29.99702215194702
81.892431945 -160.3704721517861 -26.399144472554326 29.996957302093506
81.912551282 -160.41614170745015 -26.45517665334046 29.9968581199646
81.932513073 -160.44661350920796 -26.492554964497685 29.99672842025757
81.952485383 -160.49234410002828 -26.548644365742803 29.99653387069702
81.972434798 -160.5228464193642 -26.58602267690003 29.996407985687256
81.992422765 -160.56863804534078 -26.642159761860967 29.996251583099365
82.01254914 -160.5991861410439 -26.679580034688115 29.996137142181396
82.032638565 -160.6450082845986 -26.735705675557256 29.99596929550171
82.052462343 -160.67561741545796 -26.773148836567998 29.99584722518921
82.072432045 -160.72151585295796 -26.829253496602178 29.995622158050537
82.092430993 -160.75210972502828 -26.8666489738971 29.995450496673584
82.112481435 -160.79800816252828 -26.922690691426396 29.995179653167725
82.132549471 -160.82861729338765 -26.960028948262334 29.99499273300171
82.152450938 -160.8745004720986 -27.016005815938115 29.99468755722046
82.172441129 -160.9050943441689 -27.053296389058232 29.99448537826538
82.192400825 -160.95093174651265 -27.10923129506409 29.9941725730896
82.212484749 -160.9814645834267 -27.146500887349248 29.993951320648193
82.232554025 -161.0272409506142 -27.202372850850224 29.993669033050537
82.252487605 -161.0577280111611 -27.23961574025452 29.99344778060913
82.272405761 -161.1034586019814 -27.29542857594788 29.993085384368896
82.292482186 -161.1339304037392 -27.33260470815003 29.99280309677124
82.312462165 -161.1796304769814 -27.388325991109014 29.99233388900757
82.332631843 -161.2101022787392 -27.425444902852178 29.991971492767334
82.35245603 -161.25578709319234 -27.48106891103089 29.991395473480225
82.372419043 -161.2862436361611 -27.518122972920537 29.9909987449646
82.392420743 -161.33191319182515 -27.57364589162171 29.990350246429443
82.4124309 -161.36238499358296 -27.61063319630921 29.98990774154663
82.432510485 -161.40808506682515 -27.6660817284137 29.98926305770874
82.452469793 -161.4385873861611 -27.703030886128545 29.988790035247803
82.472419093 -161.48437901213765 -27.75842791981995 29.988099575042725
82.492410929 -161.51492710784078 -27.795350374653935 29.987637996673584
82.512406156 -161.56079502776265 -27.85071879811585 29.986932277679443
82.532569606 -161.59138889983296 -27.88761264272034 29.986501216888428
82.552446706 -161.63736363127828 -27.942979158833623 29.985806941986084
82.57241905 -161.66804905608296 -27.979892076924443 29.985341548919678
82.592485921 -161.71411534026265 -28.035264315083623 29.98464345932007
82.612400493 -161.7448160238564 -28.07215434499085 29.984178066253662
82.632613775 -161.7908823080361 -28.127457918599248 29.983556270599365
82.652466737 -161.82158299162984 -28.164307894185185 29.983129024505615
82.672433553 -161.8676187582314 -28.219573320820928 29.982503414154053
82.692410328 -161.8983041830361 -28.256423296406865 29.982083797454834
82.712401913 -161.9443552084267 -28.311715425923467 29.98146963119507
82.732611708 -161.97505589202046 -28.348571123555303 29.981053829193115
82.752492054 -162.0211374349892 -28.403878511860967 29.98044729232788
82.772421664 -162.0518686361611 -28.44075900502503 29.98006582260132
82.792494171 -162.09798069670796 -28.49608546681702 29.979520320892334
82.812421699 -162.12875767424703 -28.532981218770146 29.97919225692749
82.832614435 -162.1749460287392 -28.58831530995667 29.978749752044678
82.852609803 -162.20573826506734 -28.62521487660706 29.978482723236084
82.872423032 -162.2519418783486 -28.680562319234014 29.97811269760132
82.892528112 -162.28276463225484 -28.71746570058167 29.97788381576538
82.91243089 -162.32898350432515 -28.77283221669495 29.97756338119507
82.932898151 -162.35979099944234 -28.80973750539124 29.97738027572632
82.952520689 -162.40600987151265 -28.865121187642217 29.977139949798584
82.972428391 -162.4368326254189 -28.902051271870732 29.97701406478882
82.992475767 -162.4830514974892 -28.957457842305303 29.97687292098999
83.012399214 -162.51388951018453 -28.99443561024964 29.976834774017334
83.032568924 -162.5601694174111 -29.049907030537724 29.976842403411865
83.05248668 -162.59102268889546 -29.086922945454717 29.976876735687256
83.072411818 -162.6373483724892 -29.142482103779912 29.977006435394287
83.092424257 -162.6682321615517 -29.179520906880498 29.977113246917725
83.112412513 -162.7146646566689 -29.235133470967412 29.977365016937256
83.132675488 -162.74560948088765 -29.272185625508428 29.97756338119507
83.152483042 -162.79207249358296 -29.327832521870732 29.977933406829834
83.17242637 -162.8230630941689 -29.3649342674762 29.978192806243896
83.192409066 -162.86958714202046 -29.420594515278935 29.978593349456787
83.212413671 -162.9006235189736 -29.457732500508428 29.9789137840271
83.232548265 -162.9471628256142 -29.513415636494756 29.979421138763428
83.252480913 -162.97819920256734 -29.550532640889287 29.97977590560913
83.272450903 -163.02473850920796 -29.60621196217835 29.980332851409912
83.292424047 -163.05575962737203 -29.643319429829717 29.980699062347412
83.312413281 -163.1022836752236 -29.698975862935185 29.981332302093506
83.332612818 -163.13327427580953 -29.73606807179749 29.981751918792725
83.352479557 -163.1797525472939 -29.791688265278935 29.982381343841553
83.372413091 -163.21072788909078 -29.82875377126038 29.98281240463257
83.392460346 -163.25717564299703 -29.88431483693421 29.98340368270874
83.412398829 -163.28812046721578 -29.921353640034795 29.983815670013428
83.432636176 -163.3345377035439 -29.976908983662724 29.9844069480896
83.452545797 -163.3654672689736 -30.01395541615784 29.98480749130249
83.472415574 -163.41182347014546 -30.069533647969365 29.98537588119507
83.492409425 -163.44272251799703 -30.106580080464482 29.98573064804077
83.512405676 -163.4890024252236 -30.162185015156865 29.986283779144287
83.546115399 -163.5198404379189 -30.19925815053284 29.98663854598999
83.567033498 -163.56607456877828 -30.254870714619756 29.987157344818115
83.59472612 -163.59685154631734 -30.291961016133428 29.987504482269287
83.614878116 -163.64299412444234 -30.34755832143128 29.987969875335693
83.634789412 -163.6737253256142 -30.384604753926396 29.988282680511475
83.654724389 -163.71976109221578 -30.440133394673467 29.98874807357788
83.674689816 -163.7504312582314 -30.477124514058232 29.989041805267334
83.694671045 -163.79639073088765 -30.53255015797913 29.98954153060913
83.714856078 -163.8270151205361 -30.56946879811585 29.989869594573975
83.734762622 -163.87289829924703 -30.624816240742803 29.990403652191162
83.754719816 -163.90344639495015 -30.661702455952764 29.99072790145874
83.774669287 -163.94925327971578 -30.717013658955693 29.991200923919678
83.794659851 -163.9797250814736 -30.75383502431214 29.99152135848999
83.814846902 -164.02542515471578 -30.809016527608037 29.99196767807007
83.834763238 -164.05586643889546 -30.845759691670537 29.992257595062256
83.854770841 -164.10149021819234 -30.900803865864873 29.99267339706421
83.874667167 -164.1319009847939 -30.93747073598206 29.992936611175537
83.894669222 -164.17746372893453 -30.9923756737262 29.99329137802124
83.91482712 -164.20784397795796 -31.028943361714482 29.99350118637085
83.934781326 -164.2534067220986 -31.083741487935185 29.99377965927124
83.954765715 -164.2838022299111 -31.120238604024053 29.993943691253662
83.974659336 -164.32938023284078 -31.174933733418584 29.99415349960327
83.994668282 -164.35977574065328 -31.211358370259404 29.9942946434021
84.014836027 -164.40536900237203 -31.265986742451787 29.99445867538452
84.034789908 -164.43576451018453 -31.30239230580628 29.99456548690796
84.054834163 -164.48135777190328 -31.356988253071904 29.99470281600952
84.074698378 -164.51176853850484 -31.393378557637334 29.994779109954834
84.094678128 -164.55734654143453 -31.44797641225159 29.9949049949646
84.114870287 -164.5877573080361 -31.48437816090882 29.994988918304443
84.134796811 -164.63338108733296 -31.53898555226624 29.995110988616943
84.154728006 -164.66379185393453 -31.575387300923467 29.995198726654053
84.174684463 -164.70940037444234 -31.629998506978154 29.995328426361084
84.194734815 -164.73979588225484 -31.666428865864873 29.99542760848999
84.21483383 -164.7853891439736 -31.721082033589482 29.995553493499756
84.234828117 -164.8157846517861 -31.757529558613896 29.995667934417725
84.254719608 -164.86133213713765 -31.8122056145221 29.995839595794678
84.274681022 -164.8917123861611 -31.848658861592412 29.995946407318115
84.294691584 -164.93721409514546 -31.903350176289678 29.996182918548584
84.314843966 -164.96753330901265 -31.93981105275452 29.996339321136475
84.334810424 -165.01298924162984 -31.99450999684632 29.996564388275146
84.354754739 -165.0432779379189 -32.03098994679749 29.99670934677124
84.374687248 -165.08871861174703 -32.085707964375615 29.996903896331787
84.394687059 -165.11902256682515 -32.12220317311585 29.997018337249756
84.414796476 -165.16447849944234 -32.17699748463929 29.99717092514038
84.434842534 -165.19479771330953 -32.21354609914124 29.99725103378296
84.454722462 -165.24026890471578 -32.26843196339905 29.997422695159912
84.474696347 -165.27060337737203 -32.30501872487366 29.99751043319702
84.494696501 -165.31607456877828 -32.359946550801396 29.997647762298584
84.514824221 -165.34639378264546 -32.396586718037724 29.997727870941162
84.534798372 -165.3918649740517 -32.451579393818974 29.99782705307007
84.554735697 -165.42215367034078 -32.488288225606084 29.997907161712646
84.57465957 -165.46757908537984 -32.54336863942444 29.99798345565796
84.594733991 -165.49785252287984 -32.580127062276006 29.99801015853882
84.614829629 -165.54321690276265 -32.63530665822327 29.998006343841553
84.634786344 -165.5734750814736 -32.67209559865296 29.997972011566162
84.654729862 -165.61880894377828 -32.727336229756474 29.997941493988037
84.674685399 -165.64902134612203 -32.76418620534241 29.99789571762085
84.694701473 -165.6943246908486 -32.819506945088506 29.997792720794678
84.71480858 -165.72446079924703 -32.856452288106084 29.99770498275757
84.735915687 -165.76973362639546 -32.911845507100224 29.997548580169678
84.755915393 -165.79988499358296 -32.948806108906865 29.997426509857178
84.775854368 -165.84512730315328 -33.00425654835999 29.99723196029663
84.795837588 -165.8753091879189 -33.04125148244202 29.997098445892334
84.816369416 -165.92061253264546 -33.09677058644593 29.99691152572632
84.836036979 -165.9508249349892 -33.13378459401429 29.99678945541382
84.855928982 -165.9961130209267 -33.189318956807256 29.99670934677124
84.875820568 -166.0263101644814 -33.22634440846741 29.996671199798584
84.895856318 -166.07161350920796 -33.28189021535218 29.996636867523193
84.916045411 -166.10178013518453 -33.31893855519593 29.99665594100952
84.936006039 -166.1470834799111 -33.374499620869756 29.996686458587646
84.955874604 -166.1772653646767 -33.41154414601624 29.996781826019287
84.975857268 -166.22256870940328 -33.46713191457093 29.996968746185303
84.99583449 -166.25278111174703 -33.504191698506474 29.997098445892334
85.016018372 -166.29806919768453 -33.559760393574834 29.997361660003662
85.036097299 -166.32828160002828 -33.59679728932679 29.99753713607788
85.055871001 -166.3735239095986 -33.65235454030335 29.997811794281006
85.075806501 -166.4036752767861 -33.68938380666077 29.99798345565796
85.095852244 -166.4488718099892 -33.74491054005921 29.998189449310303
85.116001424 -166.47897740080953 -33.78190547414124 29.998345851898193
85.136042294 -166.5241586752236 -33.837363542988896 29.998563289642334
85.155857005 -166.55429478362203 -33.874308886006474 29.998719692230225
85.175824269 -166.5994760580361 -33.929675402119756 29.99898672103882
85.195820358 -166.62961216643453 -33.96656352467835 29.999154567718506
85.216021144 -166.67480869963765 -34.02187663502991 29.999471187591553
85.235939787 -166.7049448080361 -34.058738054707646 29.999684810638428
85.255948559 -166.75015660002828 -34.11401301808655 29.999993801116943
85.276931497 -166.7802927084267 -34.150859178975224 30.000184535980225
85.296933346 -166.82553501799703 -34.20610743947327 30.000436305999756
85.31712537 -166.8557016439736 -34.24294597096741 30.000585079193115
85.337015545 -166.9009897299111 -34.298178972676396 30.00077199935913
85.356926822 -166.9312173910439 -34.33498698659241 30.000855922698975
85.376910855 -166.97656651213765 -34.39019328542054 30.000970363616943
85.39691234 -167.0068246908486 -34.426989855244756 30.001027584075928
85.417193919 -167.0522348470986 -34.48218852467835 30.00113821029663
85.437032857 -167.0825388021767 -34.5189927238971 30.00119924545288
85.456938551 -167.12802525237203 -34.574206652119756 30.001283168792725
85.476947219 -167.1583444662392 -34.61105662770569 30.001351833343506
85.496917944 -167.2038461752236 -34.6663315910846 30.001424312591553
85.517191157 -167.2341959066689 -34.70318919606507 30.001473903656006
85.53699466 -167.27971287444234 -34.75846797414124 30.00152349472046
85.55694617 -167.31006260588765 -34.79532557912171 30.00158452987671
85.576903729 -167.3555795736611 -34.85061961598694 30.001664638519287
85.596920593 -167.3859293051064 -34.88747722096741 30.001691341400146
85.617249125 -167.43147679045796 -34.942817034199834 30.001698970794678
85.636975025 -167.4618570394814 -34.97970134206116 30.00167226791382
85.656996804 -167.5074350424111 -35.03502589650452 30.001588344573975
85.676940695 -167.53780003264546 -35.071940721943974 30.00153875350952
85.696926574 -167.5833627767861 -35.12731486745179 30.001447200775146
85.717192273 -167.61372776702046 -35.1642449516803 30.001386165618896
85.736990253 -167.6592905111611 -35.2196648735553 30.001275539398193
85.756956456 -167.68967076018453 -35.256614031270146 30.00119161605835
85.77693132 -167.7352487631142 -35.31210261769593 30.00107717514038
85.796893246 -167.7656442709267 -35.34907847829163 30.00097417831421
85.817336316 -167.81123753264546 -35.40456706471741 30.00081777572632
85.837013557 -167.84164829924703 -35.44156581349671 30.00070333480835
85.856937967 -167.88728733733296 -35.49705439992249 30.000535488128662
85.876941444 -167.9177133627236 -35.53405314870179 30.000401973724365
85.896900494 -167.9633676595986 -35.58953410573304 30.000173091888428
85.917140955 -167.99380894377828 -35.626513781026006 29.999989986419678
85.937034982 -168.0394937582314 -35.68200236745179 29.999677181243896
85.956939969 -168.0699655599892 -35.71898967213929 29.999467372894287
85.976904686 -168.11568089202046 -35.77457362599671 29.99910879135132
85.996925185 -168.14616795256734 -35.81164866872132 29.998841762542725
86.017312409 -168.19192906096578 -35.867289843037724 29.998414516448975
86.037005927 -168.22246189787984 -35.90445643849671 29.998097896575928
86.05710128 -168.26828404143453 -35.9601548332721 29.997621059417725
86.076946048 -168.2988168783486 -35.99731761403382 29.997281551361084
86.09691661 -168.3445932455361 -36.05303508229554 29.996755123138428
86.117043115 -168.37509556487203 -36.09017878957093 29.99639654159546
86.137033262 -168.4208414144814 -36.145888628438115 29.99584722518921
86.156942661 -168.45134373381734 -36.18301707692444 29.99546194076538
86.176910367 -168.4970590658486 -36.23868495412171 29.994859218597412
86.196913315 -168.5275308676064 -36.27576762624085 29.99447011947632
86.217041394 -168.57324619963765 -36.33135158009827 29.99390172958374
86.237052266 -168.60371800139546 -36.36840373463929 29.99353551864624
86.256975162 -168.6494333334267 -36.42395335622132 29.99295949935913
86.276917095 -168.67988987639546 -36.460959734395146 29.99257802963257
86.296915297 -168.72558994963765 -36.51644450612366 29.991963863372803
86.31703112 -168.75606175139546 -36.553412737324834 29.99154806137085
86.337049693 -168.80176182463765 -36.608813585713506 29.990941524505615
86.35697711 -168.83223362639546 -36.64572459645569 29.990556240081787
86.376895376 -168.8779184408486 -36.701056780293584 29.98999547958374
86.396902117 -168.90837498381734 -36.73791438527405 29.98962926864624
86.417186826 -168.9540445394814 -36.7931512016803 29.98909902572632
86.437016048 -168.98450108245015 -36.829963030293584 29.988744258880615
86.456962448 -169.03018589690328 -36.885146440938115 29.988229274749756
86.476917864 -169.0606576986611 -36.92190867848694 29.98789358139038
86.496952564 -169.1063882894814 -36.977038683369756 29.987409114837646
86.51711545 -169.13687535002828 -37.01377803273499 29.987096309661865
86.537016613 -169.1826364584267 -37.0689080376178 29.986642360687256
86.556956688 -169.21316929534078 -37.105658831074834 29.986363887786865
86.576899315 -169.25900669768453 -37.16079265065491 29.985963344573975
86.596949364 -169.2895700521767 -37.19752818532288 29.985703945159912
86.617141847 -169.3354379720986 -37.252604784443974 29.985341548919678
86.637040655 -169.3660318441689 -37.289286913350224 29.985101222991943
86.657035973 -169.41194554045796 -37.344287218526006 29.984757900238037
86.676980715 -169.4425699301064 -37.38093882985413 29.984544277191162
86.696918481 -169.48852940276265 -37.43588572926819 29.98425054550171
86.717091265 -169.51919956877828 -37.47249919362366 29.984063625335693
86.737024273 -169.5652048178017 -37.52739650197327 29.98378896713257
86.756982457 -169.5958902426064 -37.563971819356084 29.983632564544678
86.776927855 -169.64197178557515 -37.61880427785218 29.98341131210327
86.796942089 -169.6727182455361 -37.655356707051396 29.983262538909912
86.81707467 -169.7188608236611 -37.71017390675843 29.98303747177124
86.837246428 -169.7496530599892 -37.746711077168584 29.982900142669678
86.85696695 -169.7958414144814 -37.80151301808655 29.982743740081787
86.876968868 -169.8266489095986 -37.838054003193974 29.98266363143921
86.896939228 -169.87285252287984 -37.892863573506474 29.98256826400757
86.917048701 -169.90366001799703 -37.929396929219365 29.982518672943115
86.937062874 -169.9498483724892 -37.98414164967835 29.982518672943115
86.956964913 -169.98064060881734 -38.02062541432679 29.982537746429443
86.976932961 -170.02681370452046 -38.07532817311585 29.982587337493896
86.996931974 -170.05757542327046 -38.11178523488343 29.982656002044678
87.017047646 -170.10371800139546 -38.1664422173053 29.98276662826538
87.037021087 -170.13447972014546 -38.202861132100224 29.982842922210693
87.056974252 -170.18059178069234 -38.25746470876038 29.98293447494507
87.07695039 -170.21133824065328 -38.29386073537171 29.982999324798584
87.09693517 -170.25745030120015 -38.34847957082093 29.983079433441162
87.1170547 -170.2881967611611 -38.38488322682679 29.98313283920288
87.137115371 -170.33430882170796 -38.43943721242249 29.983201503753662
87.15697401 -170.3650552816689 -38.47580272145569 29.983243465423584
87.176925415 -170.41118260100484 -38.530349077656865 29.9833083152771
87.196936217 -170.4419595785439 -38.566718401387334 29.983354091644287
87.217055725 -170.4881479330361 -38.62126094289124 29.983399868011475
87.237065783 -170.5189401693642 -38.657615007832646 29.983415126800537
87.256976245 -170.56515904143453 -38.712119402363896 29.983441829681396
87.27695488 -170.5959665365517 -38.74844676442444 29.983449459075928
87.29698138 -170.6421548910439 -38.8029168266803 29.98339605331421
87.31706667 -170.67293186858296 -38.83922511525452 29.98334264755249
87.337069489 -170.7191049642861 -38.89367991872132 29.983235836029053
87.356934485 -170.74988194182515 -38.92997676320374 29.98316717147827
87.37693859 -170.79607029631734 -38.98442775197327 29.983060359954834
87.396934907 -170.8268472738564 -39.02070933766663 29.982999324798584
87.417018793 -170.87305088713765 -39.07511836476624 29.982919216156006
87.437184974 -170.90385838225484 -39.111377062276006 29.982877254486084
87.457010986 -170.95007725432515 -39.16576701588929 29.982869625091553
87.476978538 -170.9809000082314 -39.202033342793584 29.982869625091553
87.496979667 -171.0271188803017 -39.25649959035218 29.98290777206421
87.517185943 -171.0579263754189 -39.29284221120179 29.98293447494507
87.537305985 -171.1041147299111 -39.347400011494756 29.98298406600952
87.556984563 -171.1348764486611 -39.383830370381474 29.9830641746521
87.576930295 -171.18100376799703 -39.438498796895146 29.983197689056396
87.596941017 -171.21175022795796 -39.47497111745179 29.983323574066162
87.617003621 -171.25786228850484 -39.52970820851624 29.983575344085693
87.637343422 -171.2885934896767 -39.56620723195374 29.98374319076538
87.657059489 -171.33464451506734 -39.62096721120179 29.98403310775757
87.676940679 -171.3653451986611 -39.65747386403382 29.98421621322632
87.696929084 -171.4113657064736 -39.71227199025452 29.984445095062256
87.716962977 -171.44205113127828 -39.748828234151006 29.98458242416382
87.737062566 -171.4881021566689 -39.80368358083069 29.984761714935303
87.757005535 -171.51883335784078 -39.84030848927796 29.98486089706421
87.776940666 -171.5649301595986 -39.89526683278382 29.984986782073975
87.796930018 -171.59567661955953 -39.9319451469928 29.985047817230225
87.816998091 -171.6418649740517 -39.98701793141663 29.985124111175537
87.837437438 -171.67265721037984 -40.02374583669007 29.98516607284546
87.856962126 -171.7188913412392 -40.07889110036194 29.985219478607178
87.876951829 -171.7497446127236 -40.115649523213506 29.985249996185303
87.896948109 -171.79602451995015 -40.17077571339905 29.985299587249756
87.91699913 -171.82690830901265 -40.20751887746155 29.98533010482788
87.93706767 -171.8732339926064 -40.26261073537171 29.98536443710327
87.956970699 -171.90410252287984 -40.29933482594788 29.9853835105896
87.976940854 -171.95036717131734 -40.35440379567444 29.985402584075928
87.996930541 -171.98120518401265 -40.39110881276429 29.985414028167725
88.016918095 -172.02739353850484 -40.44617015309632 29.98543691635132
88.037032841 -172.0581705160439 -40.48287517018616 29.985448360443115
88.0570656 -172.10429783537984 -40.537951769307256 29.98547124862671
88.076919937 -172.1350290365517 -40.5746567863971 29.985482692718506
88.096926734 -172.1810953207314 -40.62969142384827 29.985517024993896
88.116968401 -172.2117807455361 -40.666396440938115 29.98553991317749
88.137004532 -172.25781651213765 -40.721457781270146 29.98555898666382
88.156981427 -172.28848667815328 -40.75817805714905 29.98557424545288
88.176909312 -172.3344919271767 -40.81325847096741 29.985581874847412
88.196936032 -172.36516209319234 -40.84998637624085 29.98557424545288
88.216942505 -172.41109104827046 -40.90512401051819 29.985578060150146
88.237217992 -172.44168492034078 -40.941882433369756 29.985581874847412
88.257017518 -172.48752232268453 -40.99706202931702 29.985631465911865
88.276934717 -172.5180551595986 -41.033854784443974 29.98568868637085
88.296954313 -172.56384678557515 -41.08905345387757 29.985856533050537
88.316917213 -172.59431858733296 -41.12582713551819 29.98602056503296
88.337036717 -172.64001866057515 -41.180976213887334 29.98626470565796
88.357018957 -172.67044468596578 -41.217734636738896 29.986424922943115
88.376912002 -172.71606846526265 -41.272841753438115 29.986684322357178
88.396922995 -172.74646397307515 -41.30956584401429 29.986833095550537
88.416992189 -172.7919809408486 -41.36468059010804 29.987054347991943
88.437065591 -172.8223306722939 -41.40140468068421 29.98718023300171
88.456980415 -172.86777134612203 -41.45645839162171 29.98745107650757
88.476975276 -172.89804478362203 -41.493144335225224 29.98763418197632
88.496943189 -172.94343968108296 -41.54814845509827 29.98792791366577
88.516914017 -172.97368260100484 -41.58481151051819 29.98813772201538
88.537047272 -173.01907749846578 -41.639785112813115 29.988431453704834
88.557005799 -173.04935093596578 -41.67642528004944 29.988648891448975
88.576911601 -173.0947916097939 -41.73138743825257 29.988938808441162
88.596920659 -173.12509556487203 -41.76802379079163 29.989110469818115
88.616915168 -173.1705209799111 -41.82296306081116 29.989312648773193
88.637105641 -173.2008249349892 -41.85958796925843 29.9894118309021
88.657060062 -173.24629612639546 -41.91452342458069 29.98949956893921
88.676943896 -173.2766305990517 -41.95117503590882 29.989484310150146
88.696910435 -173.32214756682515 -42.00613337941468 29.989449977874756
88.71691512 -173.3524820394814 -42.042792620137334 29.98937749862671
88.737408282 -173.3980142660439 -42.09777003712952 29.989251613616943
88.756998934 -173.4283639974892 -42.13442546315491 29.989129543304443
88.776917368 -173.47391148284078 -42.189414324238896 29.988946437835693
88.796917051 -173.5042917318642 -42.22606593556702 29.988816738128662
88.816920162 -173.5498697347939 -42.28108531422913 29.988561153411865
88.837104941 -173.5802652426064 -42.31778651662171 29.988385677337646
88.856988303 -173.6258737631142 -42.37286693044007 29.988080501556396
88.876927386 -173.65628452971578 -42.40963679738343 29.98787832260132
88.896928082 -173.70195408537984 -42.464789690449834 29.98762273788452
88.916915776 -173.73242588713765 -42.501574816182256 29.987481594085693
88.937335394 -173.77817173674703 -42.556784929707646 29.98730230331421
88.956992533 -173.80867405608296 -42.59359675832093 29.987229824066162
88.976929616 -173.8544351644814 -42.648845018818974 29.987096309661865
88.99697063 -173.8849527426064 -42.685675920918584 29.98699712753296
89.016913509 -173.9306833334267 -42.74100429005921 29.986871242523193
89.037120407 -173.9611703939736 -42.77788478322327 29.986798763275146
89.056992416 -174.0069009847939 -42.8332017082721 29.98663091659546
89.076941029 -174.0373727865517 -42.8700669426471 29.986520290374756
89.096938634 -174.08308811858296 -42.92534572072327 29.98632574081421
89.116938951 -174.1135904379189 -42.96218425221741 29.98618459701538
89.137182071 -174.15938206389546 -43.01742869801819 29.985963344573975
89.15697908 -174.1899301595986 -43.054248156026006 29.985814571380615
89.176938661 -174.23581333830953 -43.10949641652405 29.985570430755615
89.196928362 -174.2664224691689 -43.14632731862366 29.985402584075928
89.216920824 -174.3123972006142 -43.20156413502991 29.985143184661865
89.238034214 -174.3430368490517 -43.23837977834046 29.98498296737671
89.256986498 -174.38901158049703 -43.29358989186585 29.984742641448975
89.276927507 -174.4196664877236 -43.330451311543584 29.984578609466553
89.296939901 -174.46567173674703 -43.38574153371155 29.984349727630615
89.316920182 -174.4963266439736 -43.42261821217835 29.98418951034546
89.337121149 -174.5423013754189 -43.47796946950257 29.983922481536865
89.357063644 -174.57295628264546 -43.51486522145569 29.983739376068115
89.376912883 -174.6189157553017 -43.57025462575257 29.983453273773193
89.396908853 -174.64954014495015 -43.60717708058655 29.983266353607178
89.416899302 -174.6954996176064 -43.662551226094365 29.982987880706787
89.437189864 -174.7260934896767 -43.69947368092835 29.982797145843506
89.457214871 -174.77200718596578 -43.754836382344365 29.982476711273193
89.476950459 -174.8026010580361 -43.79173976369202 29.982274532318115
89.496917952 -174.84851475432515 -43.847060503438115 29.981984615325928
89.516957803 -174.87915440276265 -43.88392955251038 29.981797695159912
89.537109586 -174.92512913420796 -43.93920451588929 29.981534481048584
89.55700264 -174.9557993002236 -43.97603923268616 29.981351375579834
89.576952962 -175.00186558440328 -44.03128367848694 29.98111867904663
89.596932281 -175.03259678557515 -44.068103136494756 29.9809889793396
89.616911771 -175.0787241049111 -44.123305620625615 29.980836391448975
89.637152752 -175.10954685881734 -44.16009837575257 29.980763912200928
89.657070234 -175.1558267660439 -44.215277971699834 29.980660915374756
89.676934925 -175.18672581389546 -44.252063097432256 29.980607509613037
89.696934448 -175.2331430502236 -44.30723506398499 29.980515956878662
89.716906215 -175.26408787444234 -44.34400493092835 29.980454921722412
89.737127702 -175.3106119222939 -44.39914256520569 29.9803786277771
89.756995823 -175.3416177816689 -44.43588572926819 29.980332851409912
89.776957759 -175.38818760588765 -44.49099284596741 29.980275630950928
89.796929514 -175.4192545004189 -44.52772838063538 29.980252742767334
89.816930092 -175.46591587737203 -44.58282786794007 29.980233669281006
89.837098572 -175.4970895834267 -44.6195786613971 29.980206966400146
89.857023578 -175.54387303069234 -44.67470103688538 29.980149745941162
89.876956663 -175.57507725432515 -44.71146327443421 29.980111598968506
89.896931287 -175.6218912191689 -44.76664668507874 29.98008108139038
89.916913522 -175.6530954428017 -44.80343181081116 29.98007345199585
89.937174024 -175.69995518401265 -44.85866862721741 29.980119228363037
89.956992027 -175.73120518401265 -44.89550715871155 29.980138301849365
89.977005746 -175.7780649252236 -44.95077067799866 29.980184078216553
89.996935402 -175.80936070159078 -44.987632097676396 29.980233669281006
90.01699933 -175.8562662191689 -45.042887987568974 29.98029088973999
90.037060002 -175.88757725432515 -45.07972270436585 29.980348110198975
90.057069428 -175.93454380705953 -45.13494426198304 29.980382442474365
90.076955382 -175.96585484221578 -45.171740831807256 29.98041296005249
90.096931165 -176.01285191252828 -45.22692424245179 29.980470180511475
90.116916339 -176.04416294768453 -45.26369792409241 29.980504512786865
90.137245116 -176.09114475920796 -45.31887752003968 29.98063039779663
90.157022287 -176.1224557943642 -45.3556626457721 29.980729579925537
90.176977359 -176.1694223470986 -45.41083079762757 29.980912685394287
90.196931972 -176.20073338225484 -45.44760829396546 29.981080532073975
90.216920313 -176.24768467620015 -45.50274211354554 29.98134756088257
90.237131754 -176.27896519377828 -45.53948527760804 29.981542110443115
90.256997546 -176.32590122893453 -45.594592394307256 29.98183584213257
90.276968104 -176.35718174651265 -45.63132029958069 29.982030391693115
90.296907551 -176.40410252287984 -45.68638545460999 29.98235845565796
90.316931588 -176.43535252287984 -45.72307902760804 29.9825758934021
90.337099179 -176.48227329924703 -45.77808696217835 29.982953548431396
90.357012164 -176.5135385580361 -45.814738573506474 29.9831862449646
90.376950521 -176.5604440756142 -45.8696892876178 29.983548641204834
90.396999724 -176.59170933440328 -45.90634852834046 29.983811855316162
90.416939512 -176.63859959319234 -45.96133357472718 29.984185695648193
90.437093045 -176.6698648519814 -45.99801188893616 29.98444128036499
90.457018116 -176.71675511077046 -46.053046526387334 29.984925746917725
90.47697279 -176.74800511077046 -46.08973246999085 29.985230922698975
90.497065959 -176.79484959319234 -46.14479381032288 29.985623836517334
90.516970285 -176.8260690756142 -46.18149501271546 29.985860347747803
90.53709832 -176.8728677816689 -46.23654490895569 29.986188411712646
90.557045673 -176.90405674651265 -46.27322703786194 29.986409664154053
90.576946992 -176.95080967620015 -46.32823115773499 29.986722469329834
90.597027897 -176.98198338225484 -46.364909471943974 29.98690938949585
90.616893765 -177.0287057943642 -46.41991359181702 29.987142086029053
90.637050005 -177.05984898284078 -46.45658809132874 29.98727560043335
90.657108924 -177.10652561858296 -46.511611284688115 29.98743200302124
90.676965833 -177.13762303069234 -46.5482895988971 29.98751974105835
90.696947528 -177.18428440764546 -46.60331660695374 29.98764181137085
90.716943503 -177.21536656096578 -46.64000636525452 29.987714290618896
90.737158644 -177.26199742034078 -46.69504481740296 29.987809658050537
90.757025954 -177.2930795736611 -46.731757463887334 29.98785924911499
90.776976486 -177.33969517424703 -46.7868149895221 29.987924098968506
90.796935215 -177.37076206877828 -46.82352000661194 29.98798131942749
90.816934961 -177.41736241057515 -46.87855082936585 29.98807668685913
90.837120391 -177.44841404631734 -46.91522532887757 29.988133907318115
90.856994543 -177.49499912932515 -46.97020656056702 29.988187313079834
90.876973457 -177.5260202474892 -47.00684672780335 29.988214015960693
90.896918537 -177.5725748129189 -47.06177836842835 29.988263607025146
90.916942123 -177.6035806722939 -47.09837275929749 29.988301753997803
90.937090409 -177.65010472014546 -47.153239550068974 29.98836660385132
90.957015945 -177.68111057952046 -47.189780535176396 29.98842763900757
90.97694603 -177.7276041097939 -47.24458629079163 29.988519191741943
90.996951588 -177.75859471037984 -47.28113109059632 29.98861074447632
91.016961184 -177.80505772307515 -47.335917772725224 29.988778591156006
91.037062603 -177.83601780608296 -47.372424425557256 29.98888921737671
91.057060368 -177.88252659514546 -47.42716914601624 29.989030361175537
91.076957952 -177.9135171957314 -47.46366054005921 29.98910665512085
91.096933946 -177.9600717611611 -47.51840144582093 29.98922109603882
91.116911619 -177.99112339690328 -47.55490809865296 29.9892897605896
91.137071623 -178.03769322112203 -47.6096795219928 29.98937749862671
91.157046245 -178.06880589202046 -47.646254839375615 29.989449977874756
91.176968252 -178.1154977865517 -47.70112925954163 29.989549160003662
91.196930175 -178.14665623381734 -47.7377427238971 29.98962926864624
91.217001509 -178.1934244222939 -47.792678179219365 29.989774227142334
91.237036442 -178.22458286955953 -47.82930308766663 29.989858150482178
91.257132468 -178.2714273519814 -47.88427287526429 29.99001455307007
91.276978529 -178.3026315756142 -47.920920671895146 29.99010992050171
91.29692564 -178.3494302816689 -47.9758904594928 29.990254878997803
91.316925256 -178.38061924651265 -48.01253062672913 29.990346431732178
91.337036113 -178.4273569174111 -48.067485155537724 29.990453243255615
91.357053319 -178.45846958830953 -48.104106249287724 29.99051809310913
91.376937055 -178.5051157064736 -48.15903407521546 29.99060583114624
91.396931795 -178.53618260100484 -48.19564753957093 29.990697383880615
91.416923635 -178.5827524252236 -48.250556292012334 29.99086904525757
91.436991588 -178.61377354338765 -48.28715449757874 29.99097204208374
91.457033148 -178.6602670736611 -48.34203273244202 29.991151332855225
91.476975995 -178.69124241545796 -48.378615679219365 29.991261959075928
91.496938259 -178.73767491057515 -48.43348246999085 29.991395473480225
91.516918219 -178.76858921721578 -48.47006160207093 29.99149465560913
91.537026484 -178.8149301595986 -48.52492839284241 29.991628170013428
91.557050014 -178.8458139486611 -48.561511339619756 29.99173879623413
91.577028214 -178.89212437346578 -48.61639720387757 29.991937160491943
91.596928915 -178.92297764495015 -48.65298778004944 29.99206304550171
91.616922818 -178.96924229338765 -48.707831682637334 29.99226140975952
91.637030076 -179.00008030608296 -48.74438029713929 29.992387294769287
91.657353253 -179.04631443694234 -48.799147905781865 29.99263906478882
91.676969588 -179.07710667327046 -48.835639299824834 29.992799282073975
91.696951077 -179.12324925139546 -48.890342058613896 29.993043422698975
91.716924242 -179.15401097014546 -48.92678386159241 29.993226528167725
91.736950676 -179.20012303069234 -48.98144084401429 29.993485927581787
91.757101779 -179.2308542318642 -49.01786738820374 29.993688106536865
91.7769864 -179.2769205160439 -49.072516741231084 29.994008541107178
91.796936169 -179.30762119963765 -49.10895091481507 29.99421453475952
91.816968198 -179.35361118987203 -49.16359263844788 29.994569301605225
91.836992235 -179.38423557952046 -49.20003825612366 29.994794368743896
91.857137119 -179.43014927580953 -49.254721941426396 29.995076656341553
91.876945883 -179.4607126303017 -49.29118281789124 29.995248317718506
91.896938312 -179.5065347738564 -49.34588939137757 29.9955153465271
91.916949133 -179.53703709319234 -49.382399858906865 29.99569845199585
91.936948979 -179.5827829428017 -49.437175096943974 29.99594259262085
91.957032073 -179.6132242269814 -49.4737046379596 29.996079921722412
91.976937746 -179.6588785238564 -49.52853328175843 29.996259212493896
91.996922061 -179.68930454924703 -49.56508952565491 29.996346950531006
92.016964437 -179.73491306975484 -49.619948687031865 29.996415615081787
92.036928863 -179.76530857756734 -49.656508745625615 29.99643087387085
92.057475133 -179.81087132170796 -49.71133357472718 29.996427059173584
92.076977264 -179.8412515707314 -49.747878374531865 29.996419429779053
92.096918545 -179.8868295736611 -49.8026841301471 29.99639654159546
92.116944155 -179.91720982268453 -49.839213671162724 29.996373653411865
92.136935588 -179.96281834319234 -49.89401179738343 29.996324062347412
92.157057349 -179.99324436858296 -49.93054515309632 29.996312618255615
92.176961941 -180.03886814787984 -49.985331835225224 29.996278285980225
92.196928598 -180.0692789144814 -50.02185374684632 29.99624013900757
92.216964891 -180.1148874349892 -50.07660228200257 29.99615240097046
92.236925073 -180.14529820159078 -50.1131089348346 29.996076107025146
92.257219384 -180.19092198088765 -50.16787272877991 29.995904445648193
92.276952216 -180.22131748870015 -50.20438319630921 29.99576711654663
92.296939889 -180.2669107504189 -50.25915843434632 29.99555730819702
92.316954049 -180.2973062582314 -50.295695604756474 29.995404720306396
92.336923396 -180.3428842611611 -50.350531877949834 29.995160579681396
92.357043251 -180.3732797689736 -50.387099565938115 29.994985103607178
92.376944511 -180.4188425131142 -50.441996874287724 29.994718074798584
92.396939239 -180.4492075033486 -50.47859507985413 29.9945387840271
92.416975599 -180.4947702474892 -50.53353434987366 29.994252681732178
92.436933279 -180.52515049651265 -50.57017451710999 29.994054317474365
92.457084225 -180.5707437582314 -50.625163378193974 29.99375295639038
92.476967162 -180.60116978362203 -50.66184932179749 29.993531703948975
92.496916571 -180.64680882170796 -50.71689540334046 29.99317693710327
92.516971643 -180.6772348470986 -50.75361949391663 29.992928981781006
92.536936684 -180.7228891439736 -50.80875331349671 29.99253225326538
92.557049379 -180.7533151693642 -50.84552318044007 29.99227285385132
92.577002673 -180.7989389486611 -50.90075236745179 29.991864681243896
92.596937483 -180.82938023284078 -50.93759852834046 29.991612911224365
92.616978631 -180.87503452971578 -50.992900194600224 29.991258144378662
92.636923222 -180.90547581389546 -51.02981120534241 29.991044521331787
92.657147513 -180.9511606283486 -51.085166277363896 29.990739345550537
92.676984173 -180.98164768889546 -51.122119249776006 29.99056386947632
92.696940971 -181.02737827971578 -51.17754298634827 29.99029302597046
92.71697292 -181.05791111662984 -51.214492144063115 29.990121364593506
92.736922388 -181.10376377776265 -51.269904436543584 29.989903926849365
92.757045645 -181.1343423910439 -51.30684215016663 29.989755153656006
92.777037844 -181.18033238127828 -51.362265886738896 29.989591121673584
92.796934219 -181.21101780608296 -51.399218859151006 29.989491939544678
92.816976882 -181.25708409026265 -51.4546502251178 29.989362239837646
92.836931161 -181.2878305502236 -51.491618456318974 29.989308834075928
92.857042952 -181.33395786955953 -51.54705363698304 29.989240169525146
92.876979809 -181.36475010588765 -51.584006609395146 29.98920965194702
92.896954114 -181.4109537191689 -51.63943416066468 29.989217281341553
92.916987426 -181.44177647307515 -51.676379503682256 29.98923635482788
92.936945194 -181.48801060393453 -51.73176890797913 29.989301204681396
92.957460209 -181.51883335784078 -51.768683733418584 29.98933172225952
92.976963071 -181.56506748870015 -51.82405406422913 29.989434719085693
92.996944534 -181.5958902426064 -51.860942186787724 29.989503383636475
93.016966835 -181.64213963225484 -51.916247667744756 29.989598751068115
93.036916491 -181.67294712737203 -51.953078569844365 29.989659786224365
93.057054526 -181.71915074065328 -52.00829249806702 29.98969793319702
93.077005997 -181.74992771819234 -52.04507762379944 29.989701747894287
93.096923038 -181.79607029631734 -52.10022288747132 29.989713191986084
93.116965227 -181.82681675627828 -52.136969866231084 29.989713191986084
93.136898462 -181.8729135580361 -52.19206172414124 29.98963689804077
93.157226688 -181.90364475920796 -52.22878581471741 29.98952627182007
93.17694978 -181.94974156096578 -52.283862413838506 29.98933172225952
93.196935537 -181.9804880209267 -52.32057506032288 29.989156246185303
93.216942989 -182.02661534026265 -52.37564021535218 29.98883581161499
93.236938517 -182.05740757659078 -52.41236430592835 29.98858404159546
93.257085015 -182.10359593108296 -52.467448534443974 29.988214015960693
93.276998588 -182.13440342620015 -52.50417643971741 29.98795461654663
93.296960885 -182.1806070394814 -52.55926829762757 29.987534999847412
93.31696171 -182.21139927580953 -52.595988573506474 29.987252712249756
93.336923231 -182.25757237151265 -52.65108043141663 29.986806392669678
93.357080683 -182.2883188314736 -52.687785448506474 29.986505031585693
93.376982252 -182.3344156332314 -52.742820085957646 29.986058712005615
93.396945462 -182.36508579924703 -52.77948314137757 29.98575735092163
93.416980037 -182.4110757894814 -52.83444148488343 29.98531484603882
93.436919661 -182.44173069670796 -52.87103587575257 29.98502492904663
93.45701673 -182.4876596517861 -52.92588740773499 29.98449468612671
93.476973926 -182.51823826506734 -52.96240550465882 29.98415517807007
93.496943006 -182.56406040862203 -53.01711589284241 29.983693599700928
93.516957958 -182.59457798674703 -53.053569139912724 29.98341131210327
93.536907388 -182.6402780599892 -53.10817271657288 29.983033657073975
93.557071632 -182.6707193441689 -53.14455729909241 29.98285436630249
93.577016458 -182.71634312346578 -53.199118914082646 29.98262929916382
93.596967247 -182.7467233724892 -53.23549205251038 29.982530117034912
93.616946031 -182.79228611662984 -53.290053667500615 29.982411861419678
93.636902211 -182.8226511068642 -53.32643443532288 29.98236608505249
93.657061433 -182.8681833334267 -53.381064714863896 29.982289791107178
93.676985623 -182.89853306487203 -53.41749888844788 29.98224401473999
93.697013446 -182.94401951506734 -53.47222453542054 29.98221731185913
93.716930633 -182.97433872893453 -53.50870448537171 29.982205867767334
93.736924995 -183.01977940276265 -53.56351405568421 29.982213497161865
93.757032218 -183.05008335784078 -53.60007411427796 29.98219060897827
93.77698133 -183.09550877287984 -53.65493709035218 29.98215627670288
93.796954613 -183.1257974691689 -53.6916001457721 29.982125759124756
93.816954077 -183.17123814299703 -53.74663478322327 29.98206853866577
93.836936146 -183.20154209807515 -53.78338176198304 29.982022762298584
93.857045662 -183.2470132894814 -53.838576616719365 29.98188543319702
93.876994265 -183.2773325033486 -53.875388445332646 29.98179006576538
93.896972272 -183.32283421233296 -53.930705370381474 29.981683254241943
93.916954718 -183.35319920256734 -53.967612566426396 29.981622219085693
93.936919925 -183.39876194670796 -54.02301341481507 29.98153066635132
93.957042952 -183.42920323088765 -54.059985460713506 29.981435298919678
93.976963035 -183.47485752776265 -54.11540919728577 29.981297969818115
93.996947066 -183.50532932952046 -54.15234309621155 29.98120641708374
94.016934148 -183.55105992034078 -54.20772868581116 29.981072902679443
94.036901667 -183.5815622396767 -54.24463206715882 29.980977535247803
94.057259691 -183.62735386565328 -54.30000621266663 29.980863094329834
94.077012707 -183.65788670256734 -54.336921038106084 29.980782985687256
94.096934246 -183.7037241049111 -54.392321886494756 29.980641841888428
94.116972823 -183.73428745940328 -54.42925578542054 29.98053503036499
94.136917183 -183.7801401205361 -54.48466426320374 29.98035955429077
94.157127453 -183.81076451018453 -54.521621050313115 29.98022222518921
94.176990538 -183.85672398284078 -54.57704478688538 29.980027675628662
94.196958779 -183.88737889006734 -54.614001573994756 29.97987127304077
94.216931713 -183.93338413909078 -54.669448198750615 29.979596614837646
94.236922814 -183.96406956389546 -54.70640498585999 29.979424953460693
94.257128379 -184.01013584807515 -54.76183635182679 29.9791579246521
94.277013846 -184.04086704924703 -54.798781694844365 29.978990077972412
94.29694563 -184.0869791097939 -54.85421687550843 29.978715419769287
94.316947437 -184.1177408285439 -54.891188921406865 29.97853994369507
94.33691813 -184.1638834066689 -54.94666606374085 29.97829580307007
94.357045566 -184.1946451254189 -54.98369533009827 29.978135585784912
94.3769899 -184.24080296233296 -55.03924113698304 29.977914333343506
94.396958052 -184.27156468108296 -55.07628566212952 29.977784633636475
94.416941658 -184.3177377767861 -55.13186961598694 29.977628231048584
94.436908003 -184.34851475432515 -55.16891795583069 29.977540493011475
94.45707713 -184.39468785002828 -55.22458583302796 29.97742986679077
94.476991073 -184.42546482756734 -55.26171428151429 29.977365016937256
94.49694154 -184.4716226644814 -55.317431749776006 29.977288722991943
94.516968075 -184.50236912444234 -55.35459071584046 29.977254390716553
94.536919786 -184.54849644377828 -55.41033107228577 29.977216243743896
94.557005752 -184.57919712737203 -55.44756251759827 29.9772047996521
94.576974784 -184.6252634115517 -55.50340968556702 29.97719717025757
94.596977249 -184.65596409514546 -55.54066783376038 29.977208614349365
94.616929522 -184.7020151205361 -55.59659511037171 29.977250576019287
94.636944053 -184.73270054534078 -55.63386851735413 29.977281093597412
94.657107266 -184.77872105315328 -55.68985301442444 29.977338314056396
94.677000946 -184.80936070159078 -55.72716838307679 29.977845668792725
94.696955318 -184.8552896566689 -55.78309947438538 29.980016231536865
94.716935517 -184.8858835287392 -55.820395769551396 29.9824538230896
94.736918264 -184.93173618987203 -55.87609797902405 29.987428188323975
94.757126019 -184.96231480315328 -55.913012804463506 29.991509914398193
94.777089583 -185.00827427580953 -55.967822374776006 29.99853277206421
94.796983769 -185.0389597006142 -56.00389033742249 30.00373601913452
94.816936683 -185.08517857268453 -56.057074846699834 30.0121169090271
94.836906237 -185.11613865569234 -56.09182673878968 30.017869472503662
94.857058482 -185.16281529143453 -56.142619432881474 30.02673864364624
94.877044095 -185.19414158537984 -56.17554027028382 30.032586574554443
94.896944627 -185.2414438314736 -56.22338420338929 30.04108190536499
94.91691884 -185.27322788909078 -56.25403148122132 30.046517848968506
94.936947849 -185.3212778158486 -56.29824763722718 30.054128170013428
94.95705697 -185.35356541350484 -56.32640773244202 30.058766841888428
94.977011052 -185.40250035002828 -56.36651164479554 30.065045833587646
94.996967382 -185.43538304045796 -56.39194423146546 30.068776607513428
95.016923244 -185.4852487631142 -56.42757731862366 30.073590755462646
95.036920904 -185.51872654631734 -56.450114550068974 30.07635259628296
95.056990129 -185.5694467611611 -56.48135310597718 30.079774379730225
95.077022297 -185.60356541350484 -56.5006707329303 30.081586360931396
95.096956755 -185.6552164144814 -56.52738124318421 30.083604335784912
95.116942381 -185.69009800627828 -56.54336863942444 30.084455013275146
95.136989368 -185.74289341643453 -56.565173448994756 30.08510732650757
95.157074725 -185.7784616537392 -56.57808238454163 30.085092067718506
95.177055419 -185.8323862142861 -56.59500819630921 30.084474086761475
95.196969442 -185.86865635588765 -56.604880632832646 30.083714962005615
95.21692532 -185.92374058440328 -56.61704951710999 30.082021236419678
95.236951332 -185.9608041830361 -56.62368709035218 30.080609798431396
95.257033823 -186.0169107504189 -56.63146907277405 30.07810354232788
95.276997858 -186.05476780608296 -56.63497859425843 30.07616949081421
95.296979954 -186.11191197112203 -56.638572039082646 30.073049068450928
95.316924352 -186.15039463713765 -56.63938075490296 30.070794582366943
95.336949825 -186.2085153646767 -56.638781847432256 30.067208766937256
95.357018204 -186.24760838225484 -56.637046160176396 30.06466817855835
95.377087141 -186.3067056722939 -56.6325066704303 30.060719966888428
95.396978573 -186.3463785238564 -56.62837535329163 30.058019161224365
95.416923742 -186.4064371176064 -56.620158495381474 30.053903102874756
95.437002987 -186.4467660970986 -56.6135972160846 30.05114507675171
95.456979539 -186.50769444182515 -56.60220271535218 30.046971797943115
95.477056859 -186.5486948080361 -56.59341746754944 30.044217586517334
95.496954183 -186.61056919768453 -56.578940691426396 30.040151119232178
95.516929135 -186.6521188803017 -56.56835490651429 30.037492275238037
95.536963249 -186.71489353850484 -56.551196398213506 30.0336012840271
95.557016345 -186.75696201995015 -56.53901988454163 30.031060695648193
95.577053215 -186.82046910002828 -56.519660295918584 30.0273756980896
95.596945147 -186.86301060393453 -56.506110491231084 30.02498769760132
95.616924217 -186.92729588225484 -56.48477870412171 30.02155828475952
95.636949785 -186.97037144377828 -56.47000819630921 30.01934576034546
95.657074208 -187.0352975912392 -56.447062792256474 30.01617193222046
95.677030443 -187.07886143401265 -56.431262316182256 30.014153957366943
95.696996243 -187.1444284506142 -56.40689021535218 30.011247158050537
95.71693928 -187.1883432455361 -56.390212358906865 30.009400844573975
95.736958426 -187.25447483733296 -56.364611925557256 30.00677251815796
95.757009644 -187.29867954924703 -56.34717875905335 30.005094051361084
95.777076652 -187.36528416350484 -56.32056743092835 30.002721309661865
95.796986616 -187.40979405120015 -56.30252391286194 30.001206874847412
95.816949325 -187.4767038412392 -56.27503520436585 29.999040126800537
95.836951837 -187.52139683440328 -56.25646907277405 29.997670650482178
95.856990511 -187.58853550627828 -56.228293718770146 29.995721340179443
95.877028948 -187.63339634612203 -56.20939570851624 29.99451208114624
95.896975312 -187.70077915862203 -56.18074351735413 29.992852687835693
95.916925385 -187.74576206877828 -56.161486925557256 29.991837978363037
95.93702978 -187.8133432455361 -56.13243037648499 29.990407466888428
95.956942163 -187.8584177084267 -56.11289912648499 29.989549160003662
95.97705344 -187.92612095549703 -56.08354121632874 29.98836660385132
95.996967522 -187.97128697112203 -56.063857378438115 29.987645626068115
96.016919522 -188.0390512533486 -56.03417903371155 29.986661434173584
96.0369608 -188.08426304534078 -56.014392198994756 29.986093044281006
96.057091046 -188.15205784514546 -55.98454982228577 29.98534917831421
96.07705489 -188.19726963713765 -55.96461802907288 29.98490285873413
96.096974436 -188.26504917815328 -55.934577288106084 29.984242916107178
96.116927292 -188.31021519377828 -55.914531053975224 29.98383092880249
96.13695985 -188.3779184408486 -55.88442927785218 29.98327398300171
96.156988528 -188.42300816252828 -55.86427623219788 29.982926845550537
96.177336506 -188.49057408049703 -55.83410960622132 29.9824538230896
96.196982362 -188.5355875082314 -55.813945116475224 29.982163906097412
96.216936284 -188.6030466146767 -55.78362590260804 29.981759548187256
96.236988169 -188.64798374846578 -55.76346141286194 29.98151922225952
96.256949737 -188.71530552580953 -55.73311168141663 29.98120641708374
96.277292274 -188.7601511068642 -55.71286326833069 29.981019496917725
96.296996555 -188.82736607268453 -55.68246776051819 29.98078680038452
96.31694116 -188.8721353597939 -55.66213542409241 29.98064947128296
96.336963877 -188.9393198080361 -55.63169032521546 29.980477809906006
96.356964732 -188.98405857756734 -55.61127025075257 29.98035192489624
96.377229211 -189.05112095549703 -55.58076793141663 29.980214595794678
96.396974025 -189.09578343108296 -55.56040126271546 29.9801344871521
96.416938572 -189.1627084799111 -55.529807390645146 29.98002004623413
96.436971126 -189.20727940276265 -55.509448351338506 29.97998571395874
96.456969857 -189.2740671224892 -55.478808702901006 29.9798903465271
96.477051944 -189.31853123381734 -55.45836574025452 29.97982931137085
96.496981603 -189.38516636565328 -55.42766505666077 29.979787349700928
96.516965022 -189.42953892424703 -55.40713054127991 29.97976064682007
96.536985821 -189.4959604330361 -55.37642985768616 29.9797682762146
96.556947662 -189.5401804037392 -55.355937303975224 29.9797682762146
96.577156689 -189.60637303069234 -55.325156511738896 29.979772090911865
96.597002375 -189.6503793783486 -55.304702105000615 29.979783535003662
96.616941548 -189.71635838225484 -55.27383357472718 29.979791164398193
96.636963937 -189.7602426595986 -55.253318132832646 29.97981023788452
96.656969309 -189.82600804045796 -55.222453417256474 29.979859828948975
96.677024113 -189.8697702474892 -55.20187694020569 29.9798903465271
96.696985572 -189.93533726409078 -55.17101222462952 29.97995138168335
96.716953764 -189.9790231771767 -55.15037471242249 29.97998571395874
96.736991734 -190.04446812346578 -55.11955195851624 29.98003911972046
96.756932467 -190.08804722502828 -55.09899074025452 29.98010778427124
96.777016612 -190.15335484221578 -55.06813365407288 29.980199337005615
96.797024539 -190.1968423910439 -55.04765254445374 29.980260372161865
96.816921834 -190.26204319670796 -55.016860308125615 29.980329036712646
96.836949499 -190.3054849691689 -54.996352495625615 29.98038625717163
96.856940764 -190.37060948088765 -54.96564036794007 29.98042058944702
96.877039654 -190.4140054769814 -54.945117296651006 29.98043966293335
96.896985837 -190.47903843596578 -54.914374651387334 29.980477809906006
96.916940896 -190.52237339690328 -54.89382869191468 29.98049306869507
96.936961557 -190.58731480315328 -54.86315852589905 29.980538845062256
96.956922589 -190.63058872893453 -54.84268123097718 29.980599880218506
96.977030125 -190.69546910002828 -54.81192332692444 29.98067617416382
96.997025985 -190.73868199065328 -54.79147273488343 29.980763912200928
97.016915479 -190.80350132659078 -54.760703386738896 29.98090887069702
97.037000352 -190.8466989584267 -54.74019175954163 29.981004238128662
97.056948937 -190.91150303557515 -54.70944529958069 29.981122493743896
97.077331599 -190.95471592620015 -54.688891710713506 29.981187343597412
97.096970577 -191.01956577971578 -54.6581414360553 29.981290340423584
97.116953254 -191.06279392912984 -54.63761836476624 29.9813551902771
97.13700095 -191.1276743002236 -54.60680705495179 29.981435298919678
97.156944671 -191.17093296721578 -54.58623820729554 29.981462001800537
97.177063441 -191.23579807952046 -54.55534297414124 29.981488704681396
97.197006024 -191.27905674651265 -54.534812273457646 29.98153829574585
97.21699283 -191.34395237639546 -54.50392466969788 29.981637477874756
97.236967962 -191.38721104338765 -54.483325304463506 29.98170232772827
97.25695533 -191.45210667327046 -54.45241099782288 29.98182439804077
97.27700633 -191.4953805990517 -54.43173152394593 29.981900691986084
97.296963655 -191.56030674651265 -54.400805773213506 29.9820876121521
97.316948108 -191.60361118987203 -54.380168261006474 29.98221731185913
97.336985985 -191.6685678549111 -54.34917766042054 29.982408046722412
97.356950117 -191.71191807463765 -54.32855540700257 29.982598781585693
97.377001082 -191.77693577483296 -54.297526659443974 29.98287343978882
97.397019052 -191.82031651213765 -54.27683955617249 29.98309087753296
97.416975267 -191.88534947112203 -54.24573069997132 29.983415126800537
97.436954698 -191.9286996908486 -54.22500926442444 29.98364019393921
97.45695183 -191.99370213225484 -54.19393855519593 29.983975887298584
97.477051888 -192.03702183440328 -54.173171343281865 29.98418951034546
97.497007232 -192.1019479818642 -54.142077745869756 29.98446798324585
97.516938264 -192.14522190764546 -54.12131053395569 29.984612941741943
97.536951271 -192.21008701995015 -54.09009868092835 29.984792232513428
97.556971326 -192.2532846517861 -54.06933528371155 29.984864711761475
97.576992489 -192.31802769377828 -54.038092913106084 29.98494863510132
97.597000489 -192.36116429045796 -54.01725703664124 29.98499822616577
97.61699321 -192.42581577971578 -53.98599177785218 29.985066890716553
97.636960057 -192.46890660002828 -53.96507960744202 29.985101222991943
97.656990593 -192.53345127776265 -53.933764757588506 29.985116481781006
97.677031039 -192.57649632170796 -53.91276484914124 29.98510503768921
97.697012521 -192.6409799642861 -53.88137752003968 29.985093593597412
97.716966032 -192.6839487142861 -53.86040431447327 29.985066890716553
97.736974174 -192.74837132170796 -53.828872026875615 29.985002040863037
97.756952989 -192.79129429534078 -53.80790645070374 29.98493719100952
97.77703624 -192.85567112639546 -53.77635127492249 29.984818935394287
97.797001175 -192.89859410002828 -53.755297960713506 29.984727382659912
97.816945635 -192.96298618987203 -53.7237046379596 29.98459768295288
97.836950446 -193.0059244222939 -53.70257884450257 29.98450994491577
97.856947168 -193.07034702971578 -53.67095500417054 29.984410762786865
97.877017231 -193.11331577971578 -53.649829210713506 29.984342098236084
97.896972819 -193.1777536459267 -53.61807948537171 29.984239101409912
97.916951875 -193.22075291350484 -53.59694224782288 29.98420476913452
97.936961212 -193.28523655608296 -53.56506663747132 29.984132289886475
97.956963018 -193.32822056487203 -53.54384929127991 29.984139919281006
97.977046749 -193.39267368987203 -53.51192790456116 29.98415517807007
97.99696945 -193.43564243987203 -53.49063807912171 29.984178066253662
98.016956455 -193.5000650472939 -53.45867091603577 29.984227657318115
98.036935226 -193.54300327971578 -53.437304796651006 29.98425817489624
98.057067036 -193.60739536955953 -53.40529185719788 29.984323024749756
98.077073328 -193.65030308440328 -53.383899034932256 29.984364986419678
98.09700836 -193.7146646566689 -53.351752581074834 29.984418392181396
98.116952999 -193.7575571127236 -53.330344500020146 29.984452724456787
98.136971707 -193.8218881674111 -53.29813319630921 29.984479427337646
98.156955014 -193.8647653646767 -53.27662974782288 29.984437465667725
98.177047403 -193.92905064299703 -53.24434977956116 29.984368801116943
98.196960936 -193.9719125814736 -53.222766222432256 29.984303951263428
98.216960619 -194.0361520834267 -53.190356554463506 29.98419713973999
98.236981567 -194.07895298674703 -53.16868525929749 29.984120845794678
98.256925461 -194.1430856771767 -53.13620692677796 29.983975887298584
98.27712825 -194.1858102865517 -53.11451274342835 29.983861446380615
98.297008868 -194.24988194182515 -53.08191234059632 29.983693599700928
98.31694432 -194.2925455160439 -53.060187639668584 29.98359441757202
98.336942331 -194.3565561361611 -53.027488054707646 29.983441829681396
98.356978011 -194.3992349691689 -53.005637468770146 29.983384609222412
98.377369385 -194.46323033049703 -52.97278148122132 29.983323574066162
98.397021807 -194.5059244222939 -52.95080882497132 29.98327398300171
98.416944065 -194.5699655599892 -52.91778117604554 29.98322820663452
98.436931026 -194.61267491057515 -52.895697893574834 29.98321294784546
98.456926752 -194.67676182463765 -52.86247950978577 29.98316717147827
98.477025802 -194.7195016928017 -52.84029704518616 29.983140468597412
98.497011486 -194.78361912444234 -52.806968035176396 29.983113765716553
98.516938345 -194.82634373381734 -52.784743608906865 29.983102321624756
98.536952927 -194.89043064787984 -52.75133830495179 29.983079433441162
98.556934505 -194.93313999846578 -52.729052843526006 29.983102321624756
98.577027635 -194.99715061858296 -52.69558650441468 29.98310613632202
98.597022896 -195.0398141928017 -52.673232378438115 29.98309850692749
98.616942632 -195.1037485189736 -52.63969356007874 29.983102321624756
98.636936598 -195.14636631682515 -52.61730128712952 29.98309087753296
98.656979421 -195.2102701254189 -52.583667101338506 29.982987880706787
98.677051566 -195.25285740569234 -52.56123668141663 29.982911586761475
98.697031485 -195.31677647307515 -52.527541460469365 29.982762813568115
98.716998089 -195.35937901213765 -52.5050652641803 29.982648372650146
98.736963333 -195.4232828207314 -52.47130900807679 29.982472896575928
98.756950232 -195.46587010100484 -52.44879466481507 29.982347011566162
98.777040896 -195.52978916838765 -52.415019335225224 29.98212194442749
98.797015626 -195.5724069662392 -52.39247447438538 29.98197317123413
98.81697128 -195.63643284514546 -52.358691515401006 29.981740474700928
98.836926769 -195.6791421957314 -52.336161913350224 29.981576442718506
98.857009995 -195.74324436858296 -52.30236369557679 29.98133611679077
98.8769772 -195.78604527190328 -52.279895128682256 29.98117971420288
98.897019566 -195.85026951506734 -52.2461655754596 29.980939388275146
98.916973686 -195.8931314535439 -52.22369700856507 29.980782985687256
98.936951535 -195.9574625082314 -52.1900017876178 29.980550289154053
98.956964827 -196.00037022307515 -52.167521776631474 29.980424404144287
98.977073613 -196.0647623129189 -52.13382274098694 29.980218410491943
98.997036634 -196.10770054534078 -52.111316027119756 29.980088710784912
99.016962335 -196.17212315276265 -52.0775750298053 29.979875087738037
99.036930925 -196.2150766439736 -52.05507213063538 29.979718685150146
99.056959021 -196.27949925139546 -52.0213006157428 29.979482173919678
99.077035564 -196.3224527426064 -51.99881297536194 29.97930669784546
99.097046431 -196.3868600912392 -51.965041460469365 29.979024410247803
99.116963769 -196.42978306487203 -51.94251567311585 29.978829860687256
99.136949311 -196.4942056722939 -51.908706011250615 29.97852087020874
99.156935658 -196.53714390471578 -51.88614207692444 29.978288173675537
99.177029445 -196.6015512533486 -51.85227137990296 29.97787618637085
99.197038341 -196.64450474455953 -51.829665483906865 29.977590084075928
99.216935881 -196.70891209319234 -51.79571849294007 29.977155208587646
99.23698121 -196.75186558440328 -51.77306300587952 29.976815700531006
99.256965477 -196.81628819182515 -51.73902446217835 29.97638463973999
99.277055723 -196.85925694182515 -51.716330828145146 29.976056575775146
99.297030411 -196.92371006682515 -51.682257952168584 29.975594997406006
99.316962969 -196.96670933440328 -51.65953761525452 29.975282192230225
99.336959308 -197.03120823577046 -51.625441851094365 29.974801540374756
99.356950555 -197.0742075033486 -51.60269099660218 29.97445821762085
99.377009452 -197.13876743987203 -51.568610491231084 29.973931789398193
99.397009806 -197.1818277426064 -51.54589015431702 29.973580837249756
99.416976613 -197.2464487142861 -51.51180583424866 29.9730544090271
99.436930867 -197.28960056975484 -51.48909312672913 29.97268056869507
99.456954864 -197.35432835295796 -51.454997362568974 29.972142696380615
99.477124138 -197.39751072600484 -51.432273210957646 29.97178030014038
99.497018429 -197.4622690267861 -51.398139299824834 29.97121572494507
99.516967747 -197.50542088225484 -51.375354113057256 29.970841884613037
99.536942241 -197.57011814787984 -51.34112864919007 29.97027349472046
99.556982869 -197.6132242269814 -51.318286241963506 29.969895839691162
99.576965104 -197.6778451986611 -51.28396159596741 29.969327449798584
99.597050672 -197.72095127776265 -51.26105052419007 29.968953609466553
99.616970222 -197.7856332845986 -51.226645769551396 29.96839666366577
99.636930317 -197.82873936370015 -51.20369273610413 29.968026638031006
99.656970286 -197.89339085295796 -51.169238390401006 29.96754217147827
99.677013751 -197.93648167327046 -51.14625102467835 29.967225551605225
99.697019624 -198.0010873861611 -51.11172801442444 29.966786861419678
99.716982697 -198.0441324301064 -51.0886948723346 29.96651601791382
99.736951992 -198.1087076254189 -51.054099382832646 29.96614980697632
99.756982049 -198.1517526693642 -51.031020464375615 29.96590566635132
99.776950734 -198.21634312346578 -50.99639064259827 29.965577602386475
99.797035822 -198.2593881674111 -50.973315538838506 29.96539831161499
99.816975798 -198.32394810393453 -50.938708605244756 29.96518850326538
99.836984044 -198.36697788909078 -50.91564494557679 29.96508550643921
99.856959352 -198.43149204924703 -50.8810418266803 29.964955806732178
99.876958622 -198.4744760580361 -50.85796290822327 29.964890956878662
99.897023761 -198.53891392424703 -50.82333308644593 29.96482229232788
99.91697274 -198.58186741545796 -50.8002427238971 29.964791774749756
99.936928931 -198.64624424651265 -50.7655633110553 29.964818477630615
99.956956037 -198.6891519613564 -50.74242335744202 29.96484136581421
99.976920104 -198.75349827483296 -50.70767909474671 29.964906215667725
99.9970096 -198.79636021330953 -50.68448573537171 29.96497106552124
100.016960346 -198.8606149740517 -50.64967662282288 29.965081691741943
100.036921001 -198.9034311361611 -50.626445116475224 29.96515417098999
100.057046071 -198.96762486174703 -50.59159785695374 29.96527624130249
100.076962741 -199.0103952474892 -50.56835872121155 29.965348720550537
100.097021552 -199.0744821615517 -50.533488573506474 29.965402126312256
100.118215213 -199.11719151213765 -50.510241808369756 29.96542501449585
100.138187915 -199.18115635588765 -50.47536021657288 29.965421199798584
100.158195465 -199.22378941252828 -50.45212108083069 29.965440273284912
100.178291354 -199.2877084799111 -50.41728908009827 29.96546697616577
100.198258133 -199.3302652426064 -50.394084276631474 29.96549367904663
100.218187211 -199.39409275725484 -50.35927897877991 29.96554708480835
100.238216554 -199.4366342611611 -50.33607036061585 29.96560049057007
100.258181428 -199.50044651702046 -50.30122691579163 29.96570348739624
100.278313474 -199.54297276213765 -50.27799159474671 29.965775966644287
100.298255524 -199.60673924162984 -50.24307948537171 29.96584463119507
100.318193939 -199.64926548674703 -50.21982127614319 29.96588659286499
100.338152196 -199.71301670745015 -50.1848862785846 29.965943813323975
100.358198551 -199.7555124349892 -50.16159373708069 29.965978145599365
100.378328346 -199.81921787932515 -50.12664348073304 29.966020107269287
100.398271699 -199.8616830892861 -50.1033318657428 29.96603536605835
100.418208182 -199.9253580160439 -50.068381609395146 29.96606206893921
100.438149597 -199.9677927084267 -50.04508906789124 29.966081142425537
100.45819201 -200.03140660002828 -50.01016551442444 29.96612310409546
100.478263298 -200.07381077483296 -49.98689586110413 29.966145992279053
100.498270119 -200.1373483724892 -49.95198375172913 29.96610403060913
100.518219536 -200.17972202971578 -49.92871409840882 29.966058254241943
100.538154728 -200.24329014495015 -49.89381724782288 29.965978145599365
100.558188506 -200.28567906096578 -49.87052852101624 29.965875148773193
100.578236605 -200.34929295256734 -49.83562785573304 29.965749263763428
100.598254247 -200.3917429037392 -49.812358202412724 29.96563482284546
100.618199855 -200.4554330892861 -49.777472795918584 29.96545934677124
100.638160441 -200.49792881682515 -49.754218401387334 29.965348720550537
100.658263413 -200.56172581389546 -49.71939403004944 29.965169429779053
100.678279872 -200.60429783537984 -49.696208300068974 29.96505880355835
100.698257096 -200.66818638518453 -49.66145640797913 29.96486806869507
100.718224437 -200.71081944182515 -49.638285936787724 29.964749813079834
100.738192087 -200.77481480315328 -49.60353404469788 29.96457815170288
100.758219608 -200.8175241537392 -49.580329241231084 29.964524745941162
100.778281037 -200.8816110678017 -49.545539202168584 29.964478969573975
100.798536377 -200.92435093596578 -49.52233439870179 29.96447515487671
100.818226617 -200.98845310881734 -49.487510027363896 29.96448278427124
100.838156513 -201.03117771819234 -49.464301409199834 29.964505672454834
100.858199209 -201.09524937346578 -49.429492296651006 29.964471340179443
100.878218496 -201.13797398284078 -49.40629512257874 29.964452266693115
100.898266085 -201.20198460295796 -49.37146312184632 29.964372158050537
100.918188501 -201.2446481771767 -49.348246874287724 29.96429967880249
100.938155832 -201.3086587972939 -49.3134263176471 29.96417760848999
100.958192873 -201.3513071127236 -49.290183367207646 29.964051723480225
100.978241606 -201.41525669768453 -49.255332292988896 29.963887691497803
100.998276327 -201.45788975432515 -49.23209315724671 29.96378469467163
101.018195846 -201.5217935629189 -49.1972039360553 29.96364736557007
101.038141287 -201.56441136077046 -49.17394954152405 29.96356725692749
101.058199246 -201.62833042815328 -49.13901454396546 29.963426113128662
101.078256788 -201.67099400237203 -49.11571437306702 29.963353633880615
101.098286894 -201.73501988127828 -49.080756487324834 29.96325445175171
101.11821205 -201.77771397307515 -49.05743724294007 29.96320867538452
101.1381728 -201.84180088713765 -49.02243358083069 29.963162899017334
101.158190915 -201.88452549651265 -48.99906093068421 29.963136196136475
101.178181691 -201.94861241057515 -48.964038195088506 29.963109493255615
101.19829135 -201.99133701995015 -48.94069224782288 29.96309804916382
101.218207161 -202.0554391928017 -48.90568477101624 29.963056087493896
101.238167377 -202.09819431975484 -48.88236934132874 29.963029384613037
101.258219709 -202.16231175139546 -48.84738856740296 29.962960720062256
101.278184772 -202.2050668783486 -48.82408839650452 29.962899684906006
101.298298247 -202.26919956877828 -48.789172472432256 29.962777614593506
101.318211952 -202.3119546957314 -48.765918077901006 29.96264410018921
101.338197018 -202.3760873861611 -48.73109752126038 29.962457180023193
101.358185724 -202.41885777190328 -48.707927050068974 29.962289333343506
101.378136071 -202.4830209799111 -48.67321330495179 29.9620680809021
101.398286422 -202.52580662444234 -48.650092424824834 29.961923122406006
101.418203622 -202.59001560881734 -48.61544352956116 29.961720943450928
101.438152736 -202.6328317709267 -48.592368425801396 29.961602687835693
101.458206765 -202.69710179045796 -48.55778438039124 29.961480617523193
101.478201447 -202.73996372893453 -48.53474742360413 29.961419582366943
101.498384846 -202.80427952483296 -48.50021296925843 29.96136236190796
101.518238912 -202.8471872396767 -48.47720653004944 29.961354732513428
101.538159756 -202.9115640707314 -48.44274455495179 29.96136999130249
101.558207487 -202.9544870443642 -48.41979915089905 29.961415767669678
101.578169699 -203.01892491057515 -48.38540965504944 29.961507320404053
101.598331139 -203.0618784017861 -48.362510027363896 29.961598873138428
101.618272521 -203.1263620443642 -48.328173937276006 29.961781978607178
101.638173677 -203.16936131194234 -48.30530864186585 29.96191930770874
101.658264223 -203.23389073088765 -48.271018328145146 29.96217107772827
101.678186974 -203.27688999846578 -48.24817210622132 29.962350368499756
101.698269379 -203.3414194174111 -48.213935198262334 29.962640285491943
101.71824883 -203.38444920256734 -48.19110423512757 29.962846279144287
101.738159035 -203.44902439787984 -48.15687114186585 29.963155269622803
101.758191259 -203.49209995940328 -48.134047808125615 29.963387966156006
101.778214161 -203.55676670745015 -48.09978419728577 29.963719844818115
101.798401159 -203.59988804534078 -48.07694941945374 29.963929653167725
101.81820183 -203.66463108733296 -48.042609514668584 29.964219570159912
101.838176907 -203.70781346037984 -48.01969844289124 29.96441411972046
101.858201514 -203.77261753752828 -47.985297502949834 29.964688777923584
101.878180986 -203.81587620452046 -47.962294878438115 29.96484899520874
101.898428274 -203.88077183440328 -47.92784816212952 29.96509313583374
101.91822456 -203.9240610189736 -47.904853167012334 29.965226650238037
101.938180904 -203.98898716643453 -47.87039119191468 29.965421199798584
101.958348126 -204.0322916097939 -47.84741145558655 29.96552801132202
101.978177235 -204.0971872396767 -47.81295329518616 29.965653896331787
101.99827572 -204.1404459066689 -47.79000407643616 29.96573781967163
102.01819777 -204.20529576018453 -47.75559169240296 29.965821743011475
102.038196613 -204.24850865080953 -47.73267680592835 29.965867519378662
102.058302036 -204.3133432455361 -47.698344530537724 29.965871334075928
102.078183185 -204.35657139495015 -47.6754754204303 29.965856075286865
102.09858687 -204.4214059896767 -47.64121180959046 29.965829372406006
102.118200931 -204.46463413909078 -47.61839229054749 29.965802669525146
102.138176874 -204.52949925139546 -47.584174456074834 29.965753078460693
102.158336051 -204.57275791838765 -47.561389269307256 29.965692043304443
102.178174985 -204.6376382894814 -47.52724009938538 29.96561574935913
102.198318348 -204.6808969564736 -47.50450831837952 29.965543270111084
102.218205419 -204.74577732756734 -47.47040111012757 29.965447902679443
102.238157319 -204.78902073577046 -47.44768458791077 29.965409755706787
102.258211637 -204.85384007170796 -47.413642229512334 29.96539831161499
102.278199883 -204.89700718596578 -47.39099437184632 29.96543264389038
102.298348348 -204.96175022795796 -47.35708171315491 29.965543270111084
102.318220965 -205.00488682463765 -47.33451777882874 29.96566152572632
102.338186213 -205.06958409026265 -47.30070430226624 29.965875148773193
102.358188378 -205.11272068694234 -47.27819377370179 29.966058254241943
102.378177894 -205.17740269377828 -47.24446422047913 29.96638250350952
102.398453179 -205.22053929045796 -47.22200328297913 29.966603755950928
102.41821845 -205.28525181487203 -47.18833857960999 29.9669508934021
102.438187964 -205.32837315276265 -47.16591960377991 29.967179775238037
102.458195188 -205.3930551595986 -47.13232356496155 29.96744680404663
102.478198877 -205.43616123870015 -47.1099351067096 29.967645168304443
102.498432147 -205.5008432455361 -47.076377214863896 29.967942714691162
102.51821611 -205.54397984221578 -47.05401164479554 29.968160152435303
102.538177222 -205.6087076254189 -47.020488085225224 29.96850347518921
102.558179738 -205.65185948088765 -46.99816447682679 29.968717098236084
102.578205334 -205.71663304045796 -46.9646599907428 29.969045162200928
102.598300541 -205.75984593108296 -46.942336382344365 29.96927785873413
102.618208077 -205.82466526702046 -46.90886622853577 29.969647884368896
102.638150432 -205.8679391928017 -46.88652736134827 29.969899654388428
102.658440644 -205.93286534026265 -46.85302668996155 29.970174312591553
102.678206784 -205.9762155599892 -46.830668749287724 29.970353603363037
102.698398776 -206.04126377776265 -46.79712993092835 29.970601558685303
102.718213585 -206.08469029143453 -46.77473765797913 29.970757961273193
102.738197262 -206.14987583830953 -46.74108821339905 29.971002101898193
102.758149853 -206.1933481283486 -46.71865779347718 29.971112728118896
102.778244023 -206.2586557455361 -46.684897722676396 29.971272945404053
102.798315269 -206.30220432952046 -46.66237956471741 29.971391201019287
102.818204472 -206.3675729818642 -46.62857753224671 29.9715895652771
102.838172878 -206.4111520834267 -46.60600978322327 29.971688747406006
102.858158262 -206.47652073577046 -46.572158159688115 29.97179937362671
102.878196592 -206.52009983733296 -46.54956370778382 29.971848964691162
102.898296 -206.5854379720986 -46.515605272725224 29.97193670272827
102.918214507 -206.62900181487203 -46.49297267384827 29.97199773788452
102.938180993 -206.6943246908486 -46.458937944844365 29.972047328948975
102.95813104 -206.73787327483296 -46.436293901875615 29.97207021713257
102.978189037 -206.80315037444234 -46.40224772877991 29.972039699554443
102.998304275 -206.8466226644814 -46.379557909443974 29.972020626068115
103.018213116 -206.91179295256734 -46.34553843922913 29.97199010848999
103.038140518 -206.9552194662392 -46.32285243459046 29.9719557762146
103.05815949 -207.02031346037984 -46.2888787407428 29.97188711166382
103.078171945 -207.06369419768453 -46.26626903004944 29.9718337059021
103.098319475 -207.12871189787984 -46.23238688893616 29.971726894378662
103.118229543 -207.1720621176064 -46.20983821339905 29.97165060043335
103.13815866 -207.2370035238564 -46.17599040456116 29.971471309661865
103.158139154 -207.2802927084267 -46.15343409962952 29.971330165863037
103.178186696 -207.3452341146767 -46.11960536427796 29.971105098724365
103.198307031 -207.3885385580361 -46.09697658009827 29.97091817855835
103.218256332 -207.45349522307515 -46.06310969777405 29.97065496444702
103.238173573 -207.49678440764546 -46.04046946950257 29.970445156097412
103.258155049 -207.56172581389546 -46.0065301079303 29.970078945159912
103.27819037 -207.60501499846578 -45.98388987965882 29.969823360443115
103.298263492 -207.66992588713765 -45.94988185353577 29.969476222991943
103.318168204 -207.71318455412984 -45.92722255177796 29.969266414642334
103.338212571 -207.77804966643453 -45.89309627003968 29.96893835067749
103.358151632 -207.8212778158486 -45.87033397145569 29.968724727630615
103.378191762 -207.8861276693642 -45.836169542744756 29.968434810638428
103.398371898 -207.92940159514546 -45.81334620900452 29.968236446380615
103.418208957 -207.9943277426064 -45.779155077412724 29.96796178817749
103.438145445 -208.03763218596578 -45.75635844655335 29.967790126800537
103.458133746 -208.10263462737203 -45.72213679738343 29.967549800872803
103.478193481 -208.14596958830953 -45.69934398122132 29.967408657073975
103.498292884 -208.2110025472939 -45.66513759084046 29.967252254486084
103.518239532 -208.2543375082314 -45.642356218770146 29.967172145843506
103.538196617 -208.31937046721578 -45.60812694020569 29.967061519622803
103.558154201 -208.36272068694234 -45.58531123585999 29.966981410980225
103.578230771 -208.42773838713765 -45.551093401387334 29.966878414154053
103.598248777 -208.4710886068642 -45.5282586235553 29.966798305511475
103.618237186 -208.5361215658486 -45.49404841847718 29.966695308685303
103.638166304 -208.5794870443642 -45.471232714131474 29.966622829437256
103.658193909 -208.64450474455953 -45.43701487965882 29.966508388519287
103.67818667 -208.68783970549703 -45.41423732228577 29.966439723968506
103.698301899 -208.75281162932515 -45.380053820088506 29.966294765472412
103.71825999 -208.79610081389546 -45.357287706807256 29.96619176864624
103.73815587 -208.8610269613564 -45.32317668385804 29.96604299545288
103.758150298 -208.9042856283486 -45.30046779103577 29.9659743309021
103.778245417 -208.96915074065328 -45.26645213551819 29.965867519378662
103.798300513 -209.0123941488564 -45.24375850148499 29.965753078460693
103.818271501 -209.07724400237203 -45.20978099294007 29.965566158294678
103.838199656 -209.12045689299703 -45.187156023457646 29.965428829193115
103.858137288 -209.18527622893453 -45.15325099416077 29.965230464935303
103.878215949 -209.2284586019814 -45.130690874531865 29.96510076522827
103.898260286 -209.29324742034078 -45.0968735832721 29.96486806869507
103.918234508 -209.33642979338765 -45.074355425313115 29.964711666107178
103.938187307 -209.40117283537984 -45.04061824269593 29.964467525482178
103.95814817 -209.44433994963765 -45.01812297292054 29.9642653465271
103.978171322 -209.50906773284078 -44.98443919606507 29.963975429534912
103.998265041 -209.5522348470986 -44.96200877614319 29.963780879974365
104.018400405 -209.61697788909078 -44.92842418141663 29.963517665863037
104.038174764 -209.66012974455953 -44.90605098195374 29.963334560394287
104.058244515 -209.7248422689736 -44.872519792988896 29.963082790374756
104.078186637 -209.76797886565328 -44.850199999287724 29.96293020248413
104.098262555 -209.83264561370015 -44.8167107719928 29.962728023529053
104.118263511 -209.8757516928017 -44.79441768117249 29.962613582611084
104.138192207 -209.9404184408486 -44.761027636006474 29.96247625350952
104.158147033 -209.98352451995015 -44.73877269215882 29.962422847747803
104.178204678 -210.04822178557515 -44.70544749684632 29.96237325668335
104.198279694 -210.09135838225484 -44.68326121754944 29.962350368499756
104.218252919 -210.15610142424703 -44.650012316182256 29.96231985092163
104.238202576 -210.19926853850484 -44.62788707204163 29.9623122215271
104.258143241 -210.26407261565328 -44.59469920583069 29.962308406829834
104.278167338 -210.3072702474892 -44.57262355275452 29.962323665618896
104.29833966 -210.3720895834267 -44.539565386250615 29.962357997894287
104.318253176 -210.41531773284078 -44.517558397725224 29.962388515472412
104.338239123 -210.4801675863564 -44.484599413350224 29.962449550628662
104.35816935 -210.5234262533486 -44.46264583058655 29.96250295639038
104.378179827 -210.58830662444234 -44.42976695485413 29.96260976791382
104.39830864 -210.63155003264546 -44.40787059254944 29.96272039413452
104.418214198 -210.6963998861611 -44.375041307881474 29.962926387786865
104.438224225 -210.73962803557515 -44.35317927785218 29.963075160980225
104.458189334 -210.80452366545796 -44.3203728813678 29.96335744857788
104.478192798 -210.84781285002828 -44.298537554219365 29.96357488632202
104.498293255 -210.9127847738564 -44.26583415456116 29.963922023773193
104.518294624 -210.9561655111611 -44.24401408620179 29.96423101425171
104.538203589 -211.02121372893453 -44.21134883351624 29.96469259262085
104.558160654 -211.06462498381734 -44.18957072682679 29.965081691741943
104.57815776 -211.12976475432515 -44.15695125050843 29.965688228607178
104.598281999 -211.1732065267861 -44.13522273488343 29.966134548187256
104.618230537 -211.23840733245015 -44.10265666432679 29.966874599456787
104.638250987 -211.28186436370015 -44.08097011037171 29.967374324798584
104.658220265 -211.34712620452046 -44.04843455739319 29.968156337738037
104.678189476 -211.39065952971578 -44.02676326222718 29.96868658065796
104.698346591 -211.45596714690328 -43.994284929707646 29.9695143699646
104.718230629 -211.49956150725484 -43.97264796681702 29.970101833343506
104.738172697 -211.56497593596578 -43.94024211354554 29.9709792137146
104.758179819 -211.6086313314736 -43.91867381520569 29.971585750579834
104.778202223 -211.67415257170796 -43.88637858815491 29.972535610198975
104.798246336 -211.7178384847939 -43.864882769063115 29.973153591156006
104.818471613 -211.78340550139546 -43.832724871113896 29.97407293319702
104.8382229 -211.82710667327046 -43.81132441945374 29.974671840667725
104.858199392 -211.89274998381734 -43.77930766530335 29.975541591644287
104.878186818 -211.93652744963765 -43.7579949516803 29.976117610931396
104.898268915 -212.00217076018453 -43.72606593556702 29.977017879486084
104.918283262 -212.04597874358296 -43.70479899831116 29.97765874862671
104.938259335 -212.1117136068642 -43.672934832051396 29.978578090667725
104.9581727 -212.15555210784078 -43.651713671162724 29.979188442230225
104.978169527 -212.22136326506734 -43.61989909596741 29.980092525482178
104.998201615 -212.26523228362203 -43.5987046379596 29.980660915374756
105.018298974 -212.33110447600484 -43.56689769215882 29.98151159286499
105.038156541 -212.37503452971578 -43.54571086354554 29.982045650482178
105.058226015 -212.44095249846578 -43.51395350880921 29.98279333114624
105.078226045 -212.48489781096578 -43.49280864186585 29.98325490951538
105.098207236 -212.55078526213765 -43.46112376637757 29.983888149261475
105.118384861 -212.5947153158486 -43.440024675801396 29.984288692474365
105.13823546 -212.66060276702046 -43.4083970207721 29.984853267669678
105.158187443 -212.7045328207314 -43.38732081837952 29.985204219818115
105.178192999 -212.77043553069234 -43.355727495625615 29.985703945159912
105.198215767 -212.81436558440328 -43.33468181081116 29.986009120941162
105.218303691 -212.88025303557515 -43.30313044972718 29.98642110824585
105.238204576 -212.92416783049703 -43.28209620900452 29.98665761947632
105.258223497 -212.99002476409078 -43.25054103322327 29.986924648284912
105.278203181 -213.03397007659078 -43.22948390431702 29.987069606781006
105.298193274 -213.09988804534078 -43.19789439626038 29.987237453460693
105.318284939 -213.14383335784078 -43.17681437917054 29.987306118011475
105.338204554 -213.2097360678017 -43.1452019829303 29.987367153167725
105.35817357 -213.25366612151265 -43.12411433644593 29.987386226654053
105.378198821 -213.31955357268453 -43.092475237324834 29.98737096786499
105.398182846 -213.36345310881734 -43.071391405537724 29.9873366355896
105.418446685 -213.4293405599892 -43.03970271535218 29.987218379974365
105.438207333 -213.4732553549111 -43.018569292500615 29.98711919784546
105.458244717 -213.53911228850484 -42.98686152882874 29.986947536468506
105.478178907 -213.58301182463765 -42.965705217793584 29.986806392669678
105.49817997 -213.64883824065328 -42.933982195332646 29.986566066741943
105.518390758 -213.69270725920796 -42.912822069600224 29.986379146575928
105.538210637 -213.7584878988564 -42.8810532707721 29.98606252670288
105.558184419 -213.80232639983296 -42.859877886250615 29.985822200775146
105.578188306 -213.8681070394814 -42.82804805226624 29.985433101654053
105.598188879 -213.91191502287984 -42.80684977956116 29.985177516937256
105.618315379 -213.9776498861611 -42.774970354512334 29.984818935394287
105.638201499 -214.02145786955953 -42.75369960255921 29.98459768295288
105.658188576 -214.0871469564736 -42.72177821584046 29.98437261581421
105.678191722 -214.1309701986611 -42.70045787282288 29.984246730804443
105.698175051 -214.19668980315328 -42.66847545094788 29.98406744003296
105.718271099 -214.24052830412984 -42.64713221974671 29.98395299911499
105.73820595 -214.30627842620015 -42.61507731862366 29.98378896713257
105.758169052 -214.35010166838765 -42.59370738454163 29.98368215560913
105.778195875 -214.41589756682515 -42.561572374776006 29.983563899993896
105.798195057 -214.45975132659078 -42.54013377614319 29.983495235443115
105.818275831 -214.52551670745015 -42.507941545918584 29.983415126800537
105.838203924 -214.56943150237203 -42.486430468037724 29.98336935043335
105.858194236 -214.63522740080953 -42.45420772023499 29.983373165130615
105.878252054 -214.67911167815328 -42.43271190114319 29.983384609222412
105.898159681 -214.74490757659078 -42.40048533864319 29.98340368270874
105.918226381 -214.78877659514546 -42.378989519551396 29.98342275619507
105.93821067 -214.85458775237203 -42.34673625417054 29.983445644378662
105.958197882 -214.8984567709267 -42.3252556938678 29.983476161956787
105.97820382 -214.9642984457314 -42.293036760762334 29.983479976654053
105.998185337 -215.00821324065328 -42.27158290334046 29.98348379135132
106.018264698 -215.07407017424703 -42.23943644948304 29.983495235443115
106.038186865 -215.1180307455361 -42.21800166554749 29.98347234725952
106.0582606 -215.1839792318642 -42.18588191457093 29.983441829681396
106.078152546 -215.22795506194234 -42.164470018818974 29.98340368270874
106.098170278 -215.29394932463765 -42.13234263844788 29.983285427093506
106.118349248 -215.33794041350484 -42.11093837209046 29.983190059661865
106.138201879 -215.4039194174111 -42.0788071770221 29.983022212982178
106.158190627 -215.44787998870015 -42.05739909596741 29.98290777206421
106.178182358 -215.5138132162392 -42.02524119801819 29.98269033432007
106.19818143 -215.55774326995015 -42.00380259938538 29.982545375823975
106.21843065 -215.62361546233296 -41.97165233083069 29.9823317527771
106.238251316 -215.66751499846578 -41.95019847340882 29.98218297958374
106.258200311 -215.73332615569234 -41.918052019551396 29.981889247894287
106.278173248 -215.77717991545796 -41.896628679707646 29.98168706893921
106.298196463 -215.8429147787392 -41.864516558125615 29.981400966644287
106.318401273 -215.88672276213765 -41.843127550557256 29.981217861175537
106.338210061 -215.95236607268453 -41.81108027882874 29.980966091156006
106.358175427 -215.99609776213765 -41.789748491719365 29.980828762054443
106.378195673 -216.0616342611611 -41.757800402119756 29.980638027191162
106.398171256 -216.10530491545796 -41.736533464863896 29.980531215667725
106.418399949 -216.17073460295796 -41.70468455739319 29.980397701263428
106.438210043 -216.21431370452046 -41.68349009938538 29.980302333831787
106.458189212 -216.2796518392861 -41.65173655934632 29.98017644882202
106.478184089 -216.32316990569234 -41.63059169240296 29.980084896087646
106.498230153 -216.3884164877236 -41.59894114919007 29.979905605316162
106.518330449 -216.4319040365517 -41.57787257619202 29.979772090911865
106.53823922 -216.49707432463765 -41.54635554738343 29.97957754135132
106.558190129 -216.54050083830953 -41.52537471242249 29.97940969467163
106.578158525 -216.60559483245015 -41.49395305104554 29.9791579246521
106.5981959 -216.64896031096578 -41.47301799245179 29.978990077972412
106.618260664 -216.71399326995015 -41.44163447804749 29.97875738143921
106.638261936 -216.7573129720986 -41.420722307637334 29.978593349456787
106.658216669 -216.82226963713765 -41.38936931081116 29.97833776473999
106.678225865 -216.86552830412984 -41.36847239919007 29.978166103363037
106.698197108 -216.9303628988564 -41.33712703175843 29.977864742279053
106.718269542 -216.97356053069234 -41.316237749531865 29.977654933929443
106.73824881 -217.03830357268453 -41.2848618645221 29.97733449935913
106.758178042 -217.08145542815328 -41.263922991231084 29.977120876312256
106.778148404 -217.14615269377828 -41.232489885762334 29.976808071136475
106.798206714 -217.18928929045796 -41.21151286549866 29.976609706878662
106.818321066 -217.25400181487203 -41.18005305714905 29.976338863372803
106.838232179 -217.29716892912984 -41.159072222188115 29.976163387298584
106.858203828 -217.3619272299111 -41.12760859914124 29.97589635848999
106.878190728 -217.40510960295796 -41.1066392082721 29.975724697113037
106.898173306 -217.46992893889546 -41.07516032643616 29.975457668304443
106.918280332 -217.51314182952046 -41.05419475026429 29.975297451019287
106.938222991 -217.57796116545796 -41.02273875661194 29.97509527206421
106.958169761 -217.6212045736611 -41.0017693657428 29.974965572357178
106.978169104 -217.6860544271767 -40.97031337209046 29.97480535507202
106.998176123 -217.7293130941689 -40.94930964894593 29.97470998764038
107.018263901 -217.79419346526265 -40.917800249531865 29.974576473236084
107.038203693 -217.83748264983296 -40.89677363820374 29.974496364593506
107.058205495 -217.90239353850484 -40.86521846242249 29.974366664886475
107.078178801 -217.9456674642861 -40.8441880363971 29.974286556243896
107.098176682 -218.0105630941689 -40.812609972432256 29.974141597747803
107.11840609 -218.0538217611611 -40.79156810231507 29.974050045013428
107.138263568 -218.11868687346578 -40.760032000020146 29.973912715911865
107.158174175 -218.16189976409078 -40.73901301808655 29.973783016204834
107.178194844 -218.22671910002828 -40.707507433369756 29.97361135482788
107.198259824 -218.26985569670796 -40.68652278371155 29.97350835800171
107.218323461 -218.3345377035439 -40.65508204884827 29.973371028900146
107.238238984 -218.37759800627828 -40.63414699025452 29.973275661468506
107.258192235 -218.44211216643453 -40.60274821706116 29.973126888275146
107.278151244 -218.48511143401265 -40.58182460255921 29.973031520843506
107.298183266 -218.54956455901265 -40.55041438527405 29.97289800643921
107.318260528 -218.5925485678017 -40.529467882588506 29.972825527191162
107.338235519 -218.6570016928017 -40.49805003590882 29.972726345062256
107.358175276 -218.69998570159078 -40.47705394215882 29.972623348236084
107.378149195 -218.76448460295796 -40.44554072804749 29.972489833831787
107.398183023 -218.8075143881142 -40.424487413838506 29.972402095794678
107.418257988 -218.8720590658486 -40.39287883229554 29.972280025482178
107.438216191 -218.91508885100484 -40.37181025929749 29.972203731536865
107.458181086 -218.9796335287392 -40.34019404835999 29.97210454940796
107.478181139 -219.02267857268453 -40.31912929005921 29.97205114364624
107.498170609 -219.08725376799703 -40.287490190938115 29.972032070159912
107.518351549 -219.13032932952046 -40.26639491505921 29.97204351425171
107.538255222 -219.19495030120015 -40.234748186543584 29.972089290618896
107.558183436 -219.23807163909078 -40.21361857838929 29.972177028656006
107.578135608 -219.30273838713765 -40.18192225880921 29.97232961654663
107.598178879 -219.34587498381734 -40.160754503682256 29.97245168685913
107.61827756 -219.4105875082314 -40.128974260762334 29.972665309906006
107.63824676 -219.45373936370015 -40.10779124684632 29.972821712493896
107.658244987 -219.5184976644814 -40.07592708058655 29.97311544418335
107.678173227 -219.5616647787392 -40.054667772725224 29.97333288192749
107.69820911 -219.6264078207314 -40.02275783009827 29.973676204681396
107.718300652 -219.66955967620015 -40.00149852223694 29.973920345306396
107.738273194 -219.73430271819234 -39.969626726582646 29.974305629730225
107.758198815 -219.7774850912392 -39.948371233418584 29.97458028793335
107.778205527 -219.84224339202046 -39.91652232594788 29.97498083114624
107.798186653 -219.8854410238564 -39.89528972096741 29.97523260116577
107.818307437 -219.95022984221578 -39.86343318410218 29.97559881210327
107.838245948 -219.99341221526265 -39.842212023213506 29.97583532333374
107.858199027 -220.05815525725484 -39.81035548634827 29.976216793060303
107.87815689 -220.1013071127236 -39.78911906667054 29.97645330429077
107.898189144 -220.16598911955953 -39.757270159199834 29.976766109466553
107.918261402 -220.20907993987203 -39.73601466603577 29.9769606590271
107.938252138 -220.27371617034078 -39.70416575856507 29.977235317230225
107.958186233 -220.31680699065328 -39.68294841237366 29.97742223739624
107.978143742 -220.38144322112203 -39.65117961354554 29.97767400741577
107.998185277 -220.42453404143453 -39.63004237599671 29.9778151512146
108.018289679 -220.48917027190328 -39.598395647481084 29.977975368499756
108.038223558 -220.53227635100484 -39.5773308891803 29.978070735931396
108.058300069 -220.59695835784078 -39.54576808400452 29.978177547454834
108.078154045 -220.64006443694234 -39.52474528737366 29.978230953216553
108.09819222 -220.7047311849892 -39.49325114674866 29.97828435897827
108.118285046 -220.74785252287984 -39.47226649709046 29.978299617767334
108.13824022 -220.81253452971578 -39.44082576222718 29.97831106185913
108.158215247 -220.85567112639546 -39.41988688893616 29.978307247161865
108.178179813 -220.9204294271767 -39.38851863332093 29.978261470794678
108.198219795 -220.96359654143453 -39.367629351094365 29.978230953216553
108.218288389 -221.0284616537392 -39.336291613057256 29.97816228866577
108.238259906 -221.07170506194234 -39.31542903371155 29.978116512298584
108.258182904 -221.13663120940328 -39.28417521901429 29.97804021835327
108.278156912 -221.1799509115517 -39.263373674824834 29.97797918319702
108.298180828 -221.2449380941689 -39.232226671651006 29.977895259857178
108.318255715 -221.28833409026265 -39.21151668019593 29.977811336517334
108.338258064 -221.35344334319234 -39.180503191426396 29.977681636810303
108.359223223 -221.39688511565328 -39.15986949391663 29.977586269378662
108.379176184 -221.46207066252828 -39.12898570485413 29.977418422698975
108.39920422 -221.5055124349892 -39.10842448659241 29.977296352386475
108.41929344 -221.57071324065328 -39.077678026631474 29.977067470550537
108.439196694 -221.61418553069234 -39.05721980519593 29.976911067962646
108.459182064 -221.67940159514546 -39.02659541554749 29.976624965667725
108.479144386 -221.72293492034078 -39.006213488057256 29.976415157318115
108.499196643 -221.7881967611611 -38.975653948262334 29.976136684417725
108.51932437 -221.83171482756734 -38.95533305592835 29.975938320159912
108.539252489 -221.89697666838765 -38.9248650688678 29.97564458847046
108.559245318 -221.94047947600484 -38.90456706471741 29.975465297698975
108.579158775 -222.0057565756142 -38.87414103932679 29.97517156600952
108.599196851 -222.0492593832314 -38.85386592335999 29.974992275238037
108.619290707 -222.11458225920796 -38.82346278615296 29.974698543548584
108.639249059 -222.15813084319234 -38.803183855488896 29.974496364593506
108.659236789 -222.22343846037984 -38.77274257130921 29.97418737411499
108.679177137 -222.26700230315328 -38.7523911613971 29.973958492279053
108.699202079 -222.33232517912984 -38.721843065693974 29.97365713119507
108.719287852 -222.37590428069234 -38.70144587941468 29.973466396331787
108.739278242 -222.44128819182515 -38.670798601582646 29.97318410873413
108.759204907 -222.4848825521767 -38.650351824238896 29.97299337387085
108.77915279 -222.55032749846578 -38.619643511250615 29.972703456878662
108.799231152 -222.59396763518453 -38.59915858693421 29.972508907318115
108.819297516 -222.65951939299703 -38.568427385762334 29.97218084335327
108.83925113 -222.7032358236611 -38.5479119438678 29.97196340560913
108.85920061 -222.76884861662984 -38.517112078145146 29.971601009368896
108.87915467 -222.81262608245015 -38.4965317863971 29.971349239349365
108.89919385 -222.87829991057515 -38.4656479973346 29.97100591659546
108.919317705 -222.92209263518453 -38.44503718800843 29.970792293548584
108.939246682 -222.9878122396767 -38.41409617848694 29.97048330307007
108.959225784 -223.03162022307515 -38.39347011037171 29.970269680023193
108.979210423 -223.09733982756734 -38.362563433125615 29.969945430755615
108.999213113 -223.1411783285439 -38.34195643849671 29.96973180770874
109.019314492 -223.20691319182515 -38.311042131856084 29.969422817230225
109.039254489 -223.2507211752236 -38.29043895192444 29.969232082366943
109.059202467 -223.3163950033486 -38.259543718770146 29.968984127044678
109.079159165 -223.36020298674703 -38.23893672414124 29.96882390975952
109.099220577 -223.4258920736611 -38.208022417500615 29.968602657318115
109.119286327 -223.46970005705953 -38.18740779347718 29.968472957611084
109.139251727 -223.5354196615517 -38.15648585744202 29.96832799911499
109.159214857 -223.57922764495015 -38.13587504811585 29.968236446380615
109.179212462 -223.64493199065328 -38.104968370869756 29.96815252304077
109.200649638 -223.6887399740517 -38.084372820332646 29.96811819076538
109.220784324 -223.7544138021767 -38.053481401875615 29.968095302581787
109.240706125 -223.79817600920796 -38.03286677785218 29.968114376068115
109.260655949 -223.86380406096578 -38.00194865651429 29.968175411224365
109.280658579 -223.90755100920796 -37.98132640309632 29.968236446380615
109.300659912 -223.9731332845986 -37.950400652363896 29.96835470199585
109.32075575 -224.0168344564736 -37.92977839894593 29.96845769882202
109.340728265 -224.08235569670796 -37.89883738942444 29.968644618988037
109.360638806 -224.12601109221578 -37.87821895070374 29.968778133392334
109.380624188 -224.1914712972939 -37.847304644063115 29.968961238861084
109.400655818 -224.23508091643453 -37.82669764943421 29.969083309173584
109.420824749 -224.3004800863564 -37.79578715749085 29.969266414642334
109.440699444 -224.3440591879189 -37.77518397755921 29.9693922996521
109.460658192 -224.40942784026265 -37.74430018849671 29.969544887542725
109.480659903 -224.45297642424703 -37.72372752614319 29.9696364402771
109.500624496 -224.51828404143453 -37.69290477223694 29.969781398773193
109.520895232 -224.5617868490517 -37.67237407155335 29.969884395599365
109.5407021 -224.62700291350484 -37.64159709401429 29.96998357772827
109.560609504 -224.6704752035439 -37.62108546681702 29.970048427581787
109.580642174 -224.7356149740517 -37.590346636250615 29.97010564804077
109.600680265 -224.77901097014546 -37.56986934132874 29.970128536224365
109.620864531 -224.8440591879189 -37.539172472432256 29.97015142440796
109.640689483 -224.88740940764546 -37.5187371391803 29.97016668319702
109.660689745 -224.95242710784078 -37.48811656422913 29.970197200775146
109.68064226 -224.99577732756734 -37.467734636738896 29.97022008895874
109.700666661 -225.0608102865517 -37.437236132100224 29.97025442123413
109.721169077 -225.10416050627828 -37.41692668385804 29.97028112411499
109.740700114 -225.1691782064736 -37.38651210255921 29.970345973968506
109.760640616 -225.21252842620015 -37.36624843068421 29.970387935638428
109.780624997 -225.2775766439736 -37.33586818166077 29.97042989730835
109.80073943 -225.32097264006734 -37.3156121391803 29.970441341400146
109.820745159 -225.3860513754189 -37.28522044606507 29.970460414886475
109.840711713 -225.42944737151265 -37.2649644035846 29.97045660018921
109.86065309 -225.4945261068642 -37.234572710469365 29.97048330307007
109.88064535 -225.53793736174703 -37.214301409199834 29.970506191253662
109.900649194 -225.60303135588765 -37.18389445729554 29.970574855804443
109.920788457 -225.6464273519814 -37.16361934132874 29.970632076263428
109.940746081 -225.71150608733296 -37.1332390923053 29.97076940536499
109.960646865 -225.7548715658486 -37.112998308613896 29.97082281112671
109.980612314 -225.81990452483296 -37.08266765065491 29.97091054916382
110.000641542 -225.8632242269814 -37.062445940449834 29.97097158432007
110.020780994 -225.9281656332314 -37.03210002370179 29.971086025238037
110.040752058 -225.9714243002236 -37.01187068410218 29.97116994857788
110.060743887 -226.0362741537392 -36.981494249776006 29.971272945404053
110.080645668 -226.07947178557515 -36.96123439259827 29.9713454246521
110.10066725 -226.14421482756734 -36.93080455251038 29.97143316268921
110.120757908 -226.18735142424703 -36.91050654835999 29.971486568450928
110.140728843 -226.25198765471578 -36.88001567311585 29.971585750579834
110.16064381 -226.2950632162392 -36.859687151387334 29.97169256210327
110.180626586 -226.35966892912984 -36.82919246144593 29.971864223480225
110.200663341 -226.4026987142861 -36.808844866231084 29.97199010848999
110.220756414 -226.46721287444234 -36.77832347340882 29.972184658050537
110.240752053 -226.5101968832314 -36.75796824879944 29.972318172454834
110.260663116 -226.57461949065328 -36.72741633839905 29.97254705429077
110.280642265 -226.61755772307515 -36.70704204030335 29.972699642181396
110.300684892 -226.68191929534078 -36.676432909443974 29.972936153411865
110.320781637 -226.7248422689736 -36.65601664967835 29.97310781478882
110.340721167 -226.7892038412392 -36.62537700124085 29.973382472991943
110.360634768 -226.8320962972939 -36.60495311208069 29.973607540130615
110.380613791 -226.89644261077046 -36.574321093037724 29.973939418792725
110.400637289 -226.9393198080361 -36.55386668629944 29.97414541244507
110.420804431 -227.0036508627236 -36.52317744679749 29.974416255950928
110.440705423 -227.04654331877828 -36.50268870778382 29.974584102630615
110.460635897 -227.11087437346578 -36.47195369191468 29.974862575531006
110.480666918 -227.15376682952046 -36.45146876759827 29.97503423690796
110.500640483 -227.21811314299703 -36.42074138112366 29.9752516746521
110.520808586 -227.2610055990517 -36.400275530293584 29.975369930267334
110.540754735 -227.3253824301064 -36.36959773488343 29.975507259368896
110.560631406 -227.36829014495015 -36.3491814751178 29.975553035736084
110.580618521 -227.4326364584267 -36.31856090016663 29.97561025619507
110.600647508 -227.47554417327046 -36.298144640401006 29.97564458847046
110.620794941 -227.53987522795796 -36.2675164360553 29.975697994232178
110.640719798 -227.58272190764546 -36.24708873219788 29.975709438323975
110.660708118 -227.6469919271767 -36.21643382497132 29.97567129135132
110.68062929 -227.68982334807515 -36.1959946770221 29.975633144378662
110.700666506 -227.7540475912392 -36.16534739919007 29.97553777694702
110.720809931 -227.79684849455953 -36.144912065938115 29.975465297698975
110.740724777 -227.86104222014546 -36.11425334401429 29.97533941268921
110.760643002 -227.90381260588765 -36.09378367848694 29.975202083587646
110.780594727 -227.96799107268453 -36.063063921406865 29.97499990463257
110.800639555 -228.01077671721578 -36.04254466481507 29.974847316741943
110.820740035 -228.0749399252236 -36.011725725606084 29.974603176116943
110.840710988 -228.1177408285439 -35.991172136738896 29.974442958831787
110.860686011 -228.18188877776265 -35.96023112721741 29.974252223968506
110.880622778 -228.2246744222939 -35.939616503193974 29.974137783050537
110.900657898 -228.28879185393453 -35.90860682912171 29.973893642425537
110.920726836 -228.33151646330953 -35.88790446706116 29.973721981048584
110.940724937 -228.39560337737203 -35.856818499043584 29.97345495223999
110.960672703 -228.4382974691689 -35.836039843037724 29.973241329193115
110.980662933 -228.50235386565328 -35.804877581074834 29.972909450531006
111.000660334 -228.54504795745015 -35.78409129567444 29.972650051116943
111.020724879 -228.6091196127236 -35.752917589619756 29.972203731536865
111.0407524 -228.6518442220986 -35.73214274831116 29.971909999847412
111.060688036 -228.71597691252828 -35.70096141286194 29.97140645980835
111.080636265 -228.75874729827046 -35.68017131276429 29.971086025238037
111.100655777 -228.8229410238564 -35.648974718526006 29.970624446868896
111.120697108 -228.86577244475484 -35.62813884206116 29.970311641693115
111.140762887 -228.9300424642861 -35.596904100850224 29.969892024993896
111.16067575 -228.9728891439736 -35.57606059499085 29.96955633163452
111.180618654 -229.03720493987203 -35.544806780293584 29.96907949447632
111.200654258 -229.08011265471578 -35.523967089131474 29.968770503997803
111.220716039 -229.14458103850484 -35.49270183034241 29.968316555023193
111.240710608 -229.18758030608296 -35.47185832448304 29.968038082122803
111.260690202 -229.25223179534078 -35.440505327656865 29.967545986175537
111.280636289 -229.29538365080953 -35.41958552785218 29.967240810394287
111.300669536 -229.36015721037984 -35.38817912526429 29.966783046722412
111.320718405 -229.40340061858296 -35.36719066090882 29.966451168060303
111.340732036 -229.46829624846578 -35.33572322316468 29.965997219085693
111.360618924 -229.5115854330361 -35.31474238820374 29.965760707855225
111.380611031 -229.57658787444234 -35.28330165334046 29.96542501449585
111.400657753 -229.61992283537984 -35.26236659474671 29.96522283554077
111.420785049 -229.68498631194234 -35.23096019215882 29.964955806732178
111.439786067 -229.72836704924703 -35.210036577656865 29.964803218841553
111.459646023 -229.7935220785439 -35.178603472188115 29.96457052230835
111.479658761 -229.83696385100484 -35.157634081318974 29.964433193206787
111.499657706 -229.9021646566689 -35.126147570088506 29.964288234710693
111.519627774 -229.9456674642861 -35.105082811787724 29.964189052581787
111.539714489 -230.01094456389546 -35.073493303731084 29.964070796966553
111.559632072 -230.05447788909078 -35.052417101338506 29.96399450302124
111.579633099 -230.1198160238564 -35.02080470509827 29.963887691497803
111.599651269 -230.16337986662984 -34.99974757619202 29.963826656341553
111.61961383 -230.2287790365517 -34.96815043874085 29.963731288909912
111.639702771 -230.27238865569234 -34.94710856862366 29.963693141937256
111.66055877 -230.33781834319234 -34.91558009572327 29.96359395980835
111.67961759 -230.38144322112203 -34.89458781667054 29.963555812835693
111.699639649 -230.44687290862203 -34.863139452412724 29.96354055404663
111.719624948 -230.4904977865517 -34.84218150563538 29.963563442230225
111.739736767 -230.55591221526265 -34.810778917744756 29.963616847991943
111.759686543 -230.59952183440328 -34.7898667473346 29.963616847991943
111.779601301 -230.66495152190328 -34.75853663869202 29.963639736175537
111.799658629 -230.70857639983296 -34.73767405934632 29.963677883148193
111.819625463 -230.7740671224892 -34.70643168874085 29.963727474212646
111.839716141 -230.8177377767861 -34.685622515156865 29.96376943588257
111.859670882 -230.8832437582314 -34.654433550313115 29.963807582855225
111.879618199 -230.9269449301064 -34.63365107960999 29.963826656341553
111.89962181 -230.99248142912984 -34.60251170583069 29.96388006210327
111.919632999 -231.03621311858296 -34.581767382100224 29.963922023773193
111.939676445 -231.10178013518453 -34.55069667287171 29.96400213241577
111.959670211 -231.1454965658486 -34.53002101369202 29.964051723480225
111.97960584 -231.2110788412392 -34.49907618947327 29.964131832122803
111.999619203 -231.25479527190328 -34.478476824238896 29.96419668197632
112.01963843 -231.32039280608296 -34.44766169972718 29.96435308456421
112.039843552 -231.3641244955361 -34.427146257832646 29.96447515487671
112.059755975 -231.42973728850484 -34.396411241963506 29.964650630950928
112.079646442 -231.47346897795796 -34.37595302052796 29.96479558944702
112.099633079 -231.5390512533486 -34.345298113301396 29.965047359466553
112.119625866 -231.58273716643453 -34.3248894829303 29.965230464935303
112.139752342 -231.6482584066689 -34.294299425557256 29.965516567230225
112.159656105 -231.69192906096578 -34.27391749806702 29.96570348739624
112.17959685 -231.75740452483296 -34.24337703175843 29.965985774993896
112.199643072 -231.80102940276265 -34.22302562184632 29.96618413925171
112.219622547 -231.86648960784078 -34.19252330251038 29.96648931503296
112.240098703 -231.91011448577046 -34.1721909660846 29.966702938079834
112.259740601 -231.97554417327046 -34.14170772023499 29.967023372650146
112.27965613 -232.01916905120015 -34.1213982719928 29.96722936630249
112.29963869 -232.08456822112203 -34.09094554372132 29.96752691268921
112.319617816 -232.12814732268453 -34.070658983662724 29.967713832855225
112.339769084 -232.1935007162392 -34.040168108418584 29.968007564544678
112.359655555 -232.23706455901265 -34.01982814259827 29.968217372894287
112.379598749 -232.3023874349892 -33.989264788106084 29.9685378074646
112.399620995 -232.34592076018453 -33.96887523122132 29.968759059906006
112.419631403 -232.41122837737203 -33.938281359151006 29.969110012054443
112.439931281 -232.45479222014546 -33.91786509938538 29.96932363510132
112.459673163 -232.52011509612203 -33.8872674126178 29.96961736679077
112.47965057 -232.5636636801064 -33.86684733815491 29.969796657562256
112.499625843 -232.6289712972939 -33.83621913380921 29.970059871673584
112.519609371 -232.6724741049111 -33.81579142995179 29.97022008895874
112.539791701 -232.7376901693642 -33.78515941090882 29.970441341400146
112.559669706 -232.7811472006142 -33.764750780537724 29.970624446868896
112.579591099 -232.84631748870015 -33.73414164967835 29.970860958099365
112.599610678 -232.88977451995015 -33.71374064870179 29.971002101898193
112.619619407 -232.9549448080361 -33.683146776631474 29.97120428085327
112.639738533 -232.99838658049703 -33.66277629323304 29.97132635116577
112.659762632 -233.06351109221578 -33.632243456318974 29.971593379974365
112.679617967 -233.10690708830953 -33.61191111989319 29.97176504135132
112.699618643 -233.1720163412392 -33.581427874043584 29.972005367279053
112.719614314 -233.2153970785439 -33.561110796406865 29.972161769866943
112.739728639 -233.28044529631734 -33.53067332692444 29.972394466400146
112.75967648 -233.3237955160439 -33.510390581563115 29.972524166107178
112.779642901 -233.38887425139546 -33.47995692677796 29.97273015975952
112.799616902 -233.4322702474892 -33.4596665520221 29.972867488861084
112.819626669 -233.4973795004189 -33.42923671193421 29.973069667816162
112.839738199 -233.54082127287984 -33.40896159596741 29.973206996917725
112.859694258 -233.60599156096578 -33.378554644063115 29.97341299057007
112.879609963 -233.64944859221578 -33.35828715749085 29.973554134368896
112.899616524 -233.71464939787984 -33.327922167256474 29.973763942718506
112.91961286 -233.7581216879189 -33.30769664235413 29.973905086517334
112.939739907 -233.82336826995015 -33.27739650197327 29.974111080169678
112.959700612 -233.8668863363564 -33.257216753438115 29.974236965179443
112.979614509 -233.93216343596578 -33.22697383351624 29.974442958831787
112.999619774 -233.97571201995015 -33.20683223195374 29.97458791732788
113.019619738 -234.04105015471578 -33.176657976582646 29.974828243255615
113.039793882 -234.08464451506734 -33.1565659660846 29.974996089935303
113.059718992 -234.1500436849892 -33.12644130177796 29.975247859954834
113.079601096 -234.1936685629189 -33.10637599416077 29.975419521331787
113.099621222 -234.25912876799703 -33.07630473561585 29.97568655014038
113.119616603 -234.30278416350484 -33.056262316182256 29.9758620262146
113.139789578 -234.36832066252828 -33.02623683400452 29.976109981536865
113.159698808 -234.41199131682515 -33.006247820332646 29.976251125335693
113.179582154 -234.47751255705953 -32.97630244679749 29.976430416107178
113.19959414 -234.52124424651265 -32.956401171162724 29.976502895355225
113.219642349 -234.5868112631142 -32.92654353566468 29.97656774520874
113.239763071 -234.6305124349892 -32.90664988942444 29.9765944480896
113.259711696 -234.6960641928017 -32.87680751271546 29.9765944480896
113.279674895 -234.7397653646767 -32.85692531056702 29.97658681869507
113.2996309 -234.80530186370015 -32.82713252492249 29.97664785385132
113.319648157 -234.8489877767861 -32.807265581563115 29.976705074310303
113.33976532 -234.91450901702046 -32.777472795918584 29.976827144622803
113.359844379 -234.9581949301064 -32.75759822316468 29.97689199447632
113.379601699 -235.0237009115517 -32.72777491994202 29.97701406478882
113.399625428 -235.0673715658486 -32.707866014912724 29.97712469100952
113.419637857 -235.1328775472939 -32.677966417744756 29.97729253768921
113.439733821 -235.17654820159078 -32.658007921651006 29.977410793304443
113.45973044 -235.2420847006142 -32.62801677174866 29.97757863998413
113.479613059 -235.2857858724892 -32.60800105519593 29.9776930809021
113.499622005 -235.3513834066689 -32.57793742604554 29.977895259857178
113.519658156 -235.39509983733296 -32.55789119191468 29.97802495956421
113.539757217 -235.46069737151265 -32.52782374806702 29.97822332382202
113.55977629 -235.50442906096578 -32.507773699238896 29.978379726409912
113.579579218 -235.57002659514546 -32.47769481129944 29.97861623764038
113.599620286 -235.61374302580953 -32.45763331837952 29.978768825531006
113.619658266 -235.67929478362203 -32.427531542256474 29.97898244857788
113.639742692 -235.7229654379189 -32.407458605244756 29.97909688949585
113.659784892 -235.7884409017861 -32.377360643818974 29.979207515716553
113.679618832 -235.8320505209267 -32.35729152150452 29.979264736175537
113.699616948 -235.8974496908486 -32.327170671895146 29.979234218597412
113.719680228 -235.9410287924111 -32.307074846699834 29.979180812835693
113.739711047 -236.00635166838765 -32.276904406026006 29.979058742523193
113.759742223 -236.04988499358296 -32.25675898976624 29.97894048690796
113.779630592 -236.11514683440328 -32.22653514333069 29.978776454925537
113.799640665 -236.1586343832314 -32.20635158009827 29.978612422943115
113.819644257 -236.2238199301064 -32.17604381032288 29.97834539413452
113.839708806 -236.2672769613564 -32.155803026631474 29.978131771087646
113.859730008 -236.33243199065328 -32.12536555714905 29.977708339691162
113.879604326 -236.37585850432515 -32.105048479512334 29.97742223739624
113.899630285 -236.4410287924111 -32.074477495625615 29.976945400238037
113.9196428 -236.4844858236611 -32.05407267995179 29.97662878036499
113.939726132 -236.5496713705361 -32.02344066090882 29.976151943206787
113.959723385 -236.5931589193642 -32.00295955128968 29.975820064544678
113.979606095 -236.65837498381734 -31.972224535420537 29.97534704208374
113.999619129 -236.70183201506734 -31.951707186177373 29.975053310394287
114.019625524 -236.76704807952046 -31.92089015431702 29.97464895248413
114.039744911 -236.81052036955953 -31.9003346581012 29.974400997161865
114.059787399 -236.87569065764546 -31.869462313130498 29.974061489105225
114.079638316 -236.9191324301064 -31.848872484639287 29.973851680755615
114.099630375 -236.98422642424703 -31.817893328145146 29.97357702255249
114.119646267 -237.02762242034078 -31.797221483662724 29.9734206199646
114.139768636 -237.09265537932515 -31.76619273610413 29.97320318222046
114.159714942 -237.13602085784078 -31.745463671162724 29.973058223724365
114.179598523 -237.20105381682515 -31.714356722310185 29.972867488861084
114.199598073 -237.24438877776265 -31.693599047139287 29.97275686264038
114.219636025 -237.3093912191689 -31.662429155781865 29.972589015960693
114.239719006 -237.3527261801064 -31.64164668507874 29.97248601913452
114.259720651 -237.41772862151265 -31.61038333363831 29.972272396087646
114.279639007 -237.46106358245015 -31.589526476338506 29.972142696380615
114.299647612 -237.5260660238564 -31.558223070576787 29.97200918197632
114.319629214 -237.56943150237203 -31.53735667653382 29.971932888031006
114.339742535 -237.63452549651265 -31.506062807515264 29.971818447113037
114.359708833 -237.67793675139546 -31.485194506123662 29.971730709075928
114.3796124 -237.7430307455361 -31.45390826649964 29.97161626815796
114.399625387 -237.78645725920796 -31.433053316548467 29.971551418304443
114.419634083 -237.85159702971578 -31.40179187245667 29.971478939056396
114.43970049 -237.89502354338765 -31.380963625386357 29.97144079208374
114.459745761 -237.96017857268453 -31.349778475239873 29.971360683441162
114.479621028 -238.0036050863564 -31.328994097188115 29.97131109237671
114.499637328 -238.0687448568642 -31.29782992787659 29.97127676010132
114.519640695 -238.1121713705361 -31.277051271870732 29.971272945404053
114.539642518 -238.17728062346578 -31.245904268696904 29.97127676010132
114.559723751 -238.22067661955953 -31.22515613026917 29.971272945404053
114.579610488 -238.2857095785439 -31.194077791646123 29.971272945404053
114.599632721 -238.3289987631142 -31.173396410420537 29.971261501312256
114.619641336 -238.39380284026265 -31.14244777150452 29.97034215927124
114.639649879 -238.43692417815328 -31.121873201802373 29.968183040618896
114.660267961 -238.50142307952046 -31.09116298146546 29.96195363998413
114.679630571 -238.54434605315328 -31.070760073140264 29.95566701889038
114.699629952 -238.60855503752828 -31.040271105244756 29.94313955307007
114.719647054 -238.6512338705361 -31.02004367299378 29.932572841644287
114.739673941 -238.71509190276265 -30.989821733906865 29.91391134262085
114.759734638 -238.75754185393453 -30.96977168507874 29.89956045150757
114.779634199 -238.82097264006734 -30.93987018056214 29.875333309173584
114.799616311 -238.86311741545796 -30.92003375478089 29.857755184173584
114.819698838 -238.92605992034078 -30.890496553853154 29.82888174057007
114.839627779 -238.9678384847939 -30.870906176045537 29.808690547943115
114.859691065 -239.03012486174703 -30.84176761098206 29.776479244232178
114.879642836 -239.07141514495015 -30.82248813100159 29.754075527191162
114.899614025 -239.1329538412392 -30.793809236958623 29.71926259994507
114.919633046 -239.17363377287984 -30.77488643117249 29.69516134262085
114.939670126 -239.23418064787984 -30.746751131489873 29.658212184906006
114.960198186 -239.2741891928017 -30.72820025868714 29.63299322128296
114.979603882 -239.3336069174111 -30.70070773549378 29.594468593597412
114.999605859 -239.37283726409078 -30.682570757344365 29.568482875823975
115.019637559 -239.43094273284078 -30.655743898823857 29.528932094573975
115.039605522 -239.46919651702046 -30.638070406392217 29.502328395843506
115.05982512 -239.52588291838765 -30.611893953755498 29.46207571029663
115.08411269 -239.5630533285439 -30.59470492787659 29.43499517440796
115.116264641 -239.6181528158486 -30.569234194234014 29.39435338973999
115.142752349 -239.6542398519814 -30.55251437611878 29.367108821868896
115.162103278 -239.70756931975484 -30.52777415700257 29.326207637786865
115.182095547 -239.7424966879189 -30.511517824605107 29.298923015594482
115.20203449 -239.79394932463765 -30.487517656758428 29.25797986984253
115.222040214 -239.82767124846578 -30.471768679097295 29.2307448387146
115.242197471 -239.8771402426064 -30.44853145070374 29.189887523651123
115.262100718 -239.90947361662984 -30.433297457173467 29.16266965866089
115.282081374 -239.9569742269814 -30.410844149067998 29.121827602386475
115.302061666 -239.98784275725484 -30.396146120503545 29.094598293304443
115.322050366 -240.03317661955953 -30.37452250905335 29.0538592338562
115.342246088 -240.06265660002828 -30.360400499776006 29.026753902435303
115.362418933 -240.1057779379189 -30.339654268696904 28.98616933822632
115.38205877 -240.13386936858296 -30.326112093403935 28.959214687347412
115.402041384 -240.17485447600484 -30.30625087209046 28.91884183883667
115.422040097 -240.20151158049703 -30.293303789570928 28.891976833343506
115.442174075 -240.24019261077046 -30.274421038106084 28.851726055145264
115.462074492 -240.26526280120015 -30.262154879048467 28.824944972991943
115.482053867 -240.30179234221578 -30.244242968037724 28.784886837005615
115.502045581 -240.3253366537392 -30.23265010304749 28.7582106590271
115.52204353 -240.3596384115517 -30.215731920674443 28.718278408050537
115.542139757 -240.38174839690328 -30.20479136891663 28.691693782806396
115.563093807 -240.41379185393453 -30.188868822529912 28.65186643600464
115.583131357 -240.43448277190328 -30.17855960316956 28.62534475326538
115.60308719 -240.4642526693642 -30.163644136860967 28.585605144500732
115.623097218 -240.4834177084267 -30.154021563008428 28.55916166305542
115.643349866 -240.5111276693642 -30.140061678364873 28.519559383392334
115.663149977 -240.5289194174111 -30.131062807515264 28.49322271347046
115.683086247 -240.55461521819234 -30.11801845021546 28.453847408294678
115.70311876 -240.57095738127828 -30.109660448506474 28.427640438079834
115.723080241 -240.5945474691689 -30.097569765523076 28.38842535018921
115.743181768 -240.6096078939736 -30.089825930073857 28.362325191497803
115.76314725 -240.6311685629189 -30.078688921406865 28.32322645187378
115.783120437 -240.6449625082314 -30.071555437520146 28.29725980758667
115.803031468 -240.66452427580953 -30.061389269307256 28.25832509994507
115.823057578 -240.6769449301064 -30.054906191304326 28.232404232025146
115.843226818 -240.6946909017861 -30.045619310811162 28.193570613861084
115.86320504 -240.70586033537984 -30.03975230641663 28.167731761932373
115.883117497 -240.7217905111611 -30.031338991597295 28.129043102264404
115.903078349 -240.7318307943642 -30.02600413747132 28.1032977104187
115.923056599 -240.7461130209267 -30.018372835591435 28.06474256515503
115.943185434 -240.7550699301064 -30.01354152150452 28.0390887260437
115.963190259 -240.76770420745015 -30.00665599294007 28.000688076019287
115.983110548 -240.77563877776265 -30.00229579396546 27.97512197494507
116.003054411 -240.7866861410439 -29.996127428486943 27.936851024627686
116.023054407 -240.79358311370015 -29.992234529927373 27.91138219833374
116.043345697 -240.8032114095986 -29.986716570332646 27.873246669769287
116.063156936 -240.80911656096578 -29.983216585591435 27.84786558151245
116.083186844 -240.81734104827046 -29.97824794240296 27.809871196746826
116.103063035 -240.82239170745015 -29.975098909810185 27.784568309783936
116.123049631 -240.82931919768453 -29.970641436055303 27.74667501449585
116.143351147 -240.8335611410439 -29.967854799702764 27.721438884735107
116.163143817 -240.83931370452046 -29.963876070454717 27.683640956878662
116.183135747 -240.84280796721578 -29.96141749806702 27.658437252044678
116.203135932 -240.8475534506142 -29.95791751332581 27.620709896087646
116.22305277 -240.85039158537984 -29.95575267262757 27.59559392929077
116.243367099 -240.85417576506734 -29.952752413228154 27.557973384857178
116.263132866 -240.85640354827046 -29.95090609975159 27.532931804656982
116.283098661 -240.85928745940328 -29.948380770161748 27.495511531829834
116.303073969 -240.86093540862203 -29.946845354512334 27.470588207244873
116.323063526 -240.86299534514546 -29.944779695942998 27.433295726776123
116.343231499 -240.8640787191689 -29.943564714863896 27.408462047576904
116.363128552 -240.86532993987203 -29.941998781636357 27.37127447128296
116.383077136 -240.86587925627828 -29.94110423512757 27.346492290496826
116.40305467 -240.8663217611611 -29.93998080678284 27.309342861175537
116.423070891 -240.86638279631734 -29.939372362568974 27.284636974334717
116.442174954 -240.8661081381142 -29.938676180317998 27.2475848197937
116.462124755 -240.86572666838765 -29.938355745747685 27.222922801971436
116.482060969 -240.8648111410439 -29.93808108754456 27.185868740081787
116.50205884 -240.8640024252236 -29.93802768178284 27.161181926727295
116.522039731 -240.86250706389546 -29.938109697774053 27.124133586883545
116.542135938 -240.8613168783486 -29.938281359151006 27.09942388534546
116.562132788 -240.85930271819234 -29.93872386403382 27.062350749969482
116.582070701 -240.8577768392861 -29.939133943989873 27.037665843963623
116.602018581 -240.85522862151265 -29.939915956929326 27.00062894821167
116.622047711 -240.85335179045796 -29.94053584523499 26.975938320159912
116.642180796 -240.85030003264546 -29.94161349721253 26.938897609710693
116.662140339 -240.84811802580953 -29.942416490986943 26.914191722869873
116.682072316 -240.84463902190328 -29.94374400563538 26.87712812423706
116.702049642 -240.8421823568642 -29.944718660786748 26.852405071258545
116.722029495 -240.83835240080953 -29.946288408711553 26.81532621383667
116.742130262 -240.8356821127236 -29.947417559102178 26.790608882904053
116.762147752 -240.8316080160439 -29.949178041890264 26.75350522994995
116.782086719 -240.8288003988564 -29.950419725850224 26.728742122650146
116.802038235 -240.82446690276265 -29.95238238759339 26.691569805145264
116.822090282 -240.8215524740517 -29.95375377126038 26.666789531707764
116.842157308 -240.8170816488564 -29.955933870747685 26.62964391708374
116.862148505 -240.81409092620015 -29.95746165700257 26.604873180389404
116.882089979 -240.8095895834267 -29.959824861958623 26.56774663925171
116.902057471 -240.80655308440328 -29.96145755238831 26.542998790740967
116.922024642 -240.80208225920796 -29.96391993947327 26.505841732025146
116.942174334 -240.79907627776265 -29.96560031361878 26.481061458587646
116.962180157 -240.7945749349892 -29.968173326924443 26.443881511688232
116.982086859 -240.7915689535439 -29.969924272969365 26.419122219085693
117.002035324 -240.78703709319234 -29.9726002831012 26.381988048553467
117.022048736 -240.78410740569234 -29.974353136494756 26.357253551483154
117.042191657 -240.77963658049703 -29.97703486867249 26.320178508758545
117.062112605 -240.77670689299703 -29.978833498433232 26.295459270477295
117.082095593 -240.7723581381142 -29.981561006978154 26.258395671844482
117.102051981 -240.7694284506142 -29.983414949849248 26.23369550704956
117.122049016 -240.76518650725484 -29.986180605366826 26.196675777435303
117.142128964 -240.76236363127828 -29.988049807026982 26.17200994491577
117.162149814 -240.75815220549703 -29.990887941792607 26.135030269622803
117.182122931 -240.75546665862203 -29.992799105122685 26.110427379608154
117.202028815 -240.75142307952046 -29.99570590443909 26.07352590560913
117.22202594 -240.74878330901265 -29.99765902943909 26.048940181732178
117.242083709 -240.74483128264546 -30.00061351247132 26.012101650238037
117.262125534 -240.74228306487203 -30.002578081563115 25.98754072189331
117.28219713 -240.73857517912984 -30.00554400868714 25.950744152069092
117.302058955 -240.73611851409078 -30.007541002705693 25.926217555999756
117.322039896 -240.73262425139546 -30.01048785634339 25.889451503753662
117.342080947 -240.73035069182515 -30.01245433278382 25.86495542526245
117.362419738 -240.72696324065328 -30.01540500111878 25.82821798324585
117.382079864 -240.72485752776265 -30.01734477467835 25.803754329681396
117.402018895 -240.7216989584267 -30.020257296040654 25.767058849334717
117.422051826 -240.71965428069234 -30.022181810811162 25.742595195770264
117.442175358 -240.71667881682515 -30.025054277852178 25.70589780807495
117.46230417 -240.71469517424703 -30.026971163228154 25.681432247161865
117.482139283 -240.71191807463765 -30.02980929799378 25.644761562347412
117.502055147 -240.71001072600484 -30.03171473927796 25.620315074920654
117.522041736 -240.7073404379189 -30.03450328297913 25.5836443901062
117.542058147 -240.70560093596578 -30.036349596455693 25.559194087982178
117.562104779 -240.70305271819234 -30.039098085835576 25.52253293991089
117.582102496 -240.7014810629189 -30.040894808247685 25.498130321502686
117.602018131 -240.6991159506142 -30.043567003682256 25.461522579193115
117.622044339 -240.69760533049703 -30.045300783589482 25.437102794647217
117.642052387 -240.69540806487203 -30.047839464619756 25.40043020248413
117.66224587 -240.69394322112203 -30.04952365346253 25.375977993011475
117.683101621 -240.69192906096578 -30.05191165395081 25.33924436569214
117.703057489 -240.6906168051064 -30.053473772481084 25.314757823944092
117.723054656 -240.68872471526265 -30.055779756978154 25.278008937835693
117.743138589 -240.68762608245015 -30.057238878682256 25.25349187850952
117.763172701 -240.68587132170796 -30.059447588399053 25.216725826263428
117.783114637 -240.68486424162984 -30.060839952901006 25.192206859588623
117.80303912 -240.6833688803017 -30.062896074727178 25.155438899993896
117.823055413 -240.6824380941689 -30.064208330586553 25.13093900680542
117.843172471 -240.6811716146767 -30.066083254292607 25.094207286834717
117.863157342 -240.6803171224892 -30.06731158681214 25.06972646713257
117.883154025 -240.6792184896767 -30.069005312398076 25.032968044281006
117.903064494 -240.67850132659078 -30.070102037861943 25.00846815109253
117.923053408 -240.67744847014546 -30.071702303364873 24.971747875213623
117.943182572 -240.67683811858296 -30.07267695851624 24.947274684906006
117.963140107 -240.6758920736611 -30.074105562642217 24.91056776046753
117.983104149 -240.6752817220986 -30.075007738545537 24.886130809783936
118.003047893 -240.6744272299111 -30.07627040334046 24.84945821762085
118.023044293 -240.67383213713765 -30.077094377949834 24.825015544891357
118.043180664 -240.6729929037392 -30.078273119404912 24.788346767425537
118.063177371 -240.67239781096578 -30.079047502949834 24.763898372650146
118.083205351 -240.67163487151265 -30.08011561818421 24.727214336395264
118.103056868 -240.67111607268453 -30.080798448994756 24.702758312225342
118.123058557 -240.6703531332314 -30.081780733540654 24.666083812713623
118.143193323 -240.66988011077046 -30.082351030781865 24.64161443710327
118.163160154 -240.6691324301064 -30.08319407887757 24.60491704940796
118.183115327 -240.6686441488564 -30.083712877705693 24.580499172210693
118.203044089 -240.66789646819234 -30.08443004079163 24.543866634368896
118.223061245 -240.6673471517861 -30.084906877949834 24.519446849822998
118.243171056 -240.66658421233296 -30.085522951558232 24.48279905319214
118.263211377 -240.66605015471578 -30.085925402119756 24.45835828781128
118.283139244 -240.66521092131734 -30.086522402241826 24.421712398529053
118.303095561 -240.66463108733296 -30.08691150136292 24.39728307723999
118.323052077 -240.66374607756734 -30.087477983906865 24.360625743865967
118.343215151 -240.66318150237203 -30.087825121358037 24.336181163787842
118.363187456 -240.66231175139546 -30.088361086323857 24.29952383041382
118.383139464 -240.66174717620015 -30.08870822377503 24.275100231170654
118.403028066 -240.6609079428017 -30.089202227070928 24.23849058151245
118.423038604 -240.66031285002828 -30.089537920430303 24.214107036590576
118.443116468 -240.6594888754189 -30.089959444478154 24.17763090133667
118.463206756 -240.6589243002236 -30.09022075124085 24.153342723846436
118.483174458 -240.6580698080361 -30.090588869526982 24.117007732391357
118.503070691 -240.65752049162984 -30.090815844014287 24.092822551727295
118.523060938 -240.6566354818642 -30.091180147603154 24.056554317474365
118.54311606 -240.65605564787984 -30.091426195576787 24.032390117645264
118.56320884 -240.65510960295796 -30.091830553486943 23.996148586273193
118.583159432 -240.65445347502828 -30.0921128410846 23.971978664398193
118.603053807 -240.65344639495015 -30.092541994526982 23.93575429916382
118.62306667 -240.6527292318642 -30.0928395409137 23.91163396835327
118.643092539 -240.65166111662984 -30.093295397236943 23.875497341156006
118.663186438 -240.65091343596578 -30.09359866566956 23.85139799118042
118.684208614 -240.64973850920796 -30.094048799946904 23.81528615951538
118.704116442 -240.64892979338765 -30.09434443898499 23.791205883026123
118.72411398 -240.64767857268453 -30.09482509084046 23.755074977874756
118.744236255 -240.64682408049703 -30.095162691548467 23.7309832572937
118.764189018 -240.6454965658486 -30.095662416890264 23.69481611251831
118.784188558 -240.6445962972939 -30.09601146169007 23.670676708221436
118.804168034 -240.6432535238564 -30.09652835316956 23.63446569442749
118.824101078 -240.6423227377236 -30.096890749409795 23.61032247543335
118.844235698 -240.64096470549703 -30.09745150990784 23.574103832244873
118.864201713 -240.6400339193642 -30.097853960469365 23.5499529838562
118.884216306 -240.63859959319234 -30.09850245900452 23.513728618621826
118.904115395 -240.63762303069234 -30.098986925557256 23.48957586288452
118.924109324 -240.63611241057515 -30.099765123799443 23.453362941741943
118.94420189 -240.63505955412984 -30.100322069600224 23.42921018600464
118.964238863 -240.6334116049111 -30.101210894063115 23.392947673797607
118.984168189 -240.63228245452046 -30.101826967671514 23.36878538131714
119.004119063 -240.63054295256734 -30.102809252217412 23.332496166229248
119.024121417 -240.62935276702046 -30.10347873158753 23.308309078216553
119.044225695 -240.62756748870015 -30.10449725575745 23.272037029266357
119.064195754 -240.6263620443642 -30.105185808613896 23.24782705307007
119.084184677 -240.62451573088765 -30.106223406270146 23.211568355560303
119.104121793 -240.6232797689736 -30.10690432973206 23.187379360198975
119.124117759 -240.6214029379189 -30.107940020039678 23.151082515716553
119.1442441 -240.62016697600484 -30.10864001698792 23.126872539520264
119.164220721 -240.61832066252828 -30.109681429341435 23.09056043624878
119.184191445 -240.61709995940328 -30.110373796895146 23.066379070281982
119.204083162 -240.6153451986611 -30.11137896962464 23.030120372772217
119.224102943 -240.6142007894814 -30.112025560811162 23.00595235824585
119.244227778 -240.61250706389546 -30.112962068989873 22.969708919525146
119.264205325 -240.61145420745015 -30.113572420552373 22.94552183151245
119.284180193 -240.6098825521767 -30.11450511403382 22.909209728240967
119.304155903 -240.60886021330953 -30.11514407582581 22.88499402999878
119.324127722 -240.60739536955953 -30.116103472188115 22.84868574142456
119.344249171 -240.60641880705953 -30.116746248677373 22.82448148727417
119.364221338 -240.6050455160439 -30.117688478901982 22.78815984725952
119.384156801 -240.6041452474892 -30.118306459859014 22.763957500457764
119.40412951 -240.60287876799703 -30.11919909901917 22.72765874862671
119.424093003 -240.6020700521767 -30.119778933003545 22.70345449447632
119.444245667 -240.60086460784078 -30.120618166401982 22.667144298553467
119.46422056 -240.60013218596578 -30.121119799092412 22.642951488494873
119.484199742 -240.59903355315328 -30.12183124013245 22.60668706893921
119.504166055 -240.59831639006734 -30.122247042134404 22.58251714706421
119.524113633 -240.5972787924111 -30.122811617329717 22.546325206756592
119.544237332 -240.5965768881142 -30.123170198872685 22.522216320037842
119.564227008 -240.59558506682515 -30.123652758076787 22.486131191253662
119.584183298 -240.5949136801064 -30.123950304463506 22.462152004241943
119.604109346 -240.59390660002828 -30.124364199116826 22.426204204559326
119.62412192 -240.5932504720986 -30.124627413228154 22.402238368988037
119.644210112 -240.59228916838765 -30.124995531514287 22.36628484725952
119.664248413 -240.59167881682515 -30.1251938957721 22.34234380722046
119.684198341 -240.59077854827046 -30.125470461323857 22.306518077850342
119.704126464 -240.59021397307515 -30.125630678609014 22.282649517059326
119.724124937 -240.58938999846578 -30.12584620900452 22.24689817428589
119.744188321 -240.58884068205953 -30.125977816060185 22.22306776046753
119.764246323 -240.5881540365517 -30.12622386403382 22.187352657318115
119.784187336 -240.5877115316689 -30.12639552541077 22.163554668426514
119.804141289 -240.5871011801064 -30.126660646870732 22.127841472625732
119.824107999 -240.5867349691689 -30.126866640523076 22.104041576385498
119.844149726 -240.5862009115517 -30.127169908955693 22.068339824676514
119.864242445 -240.58589573577046 -30.127375902608037 22.044536113739014
119.884180555 -240.5854379720986 -30.127679171040654 22.008838176727295
119.904156012 -240.58516331389546 -30.12789279408753 21.985032558441162
119.924186625 -240.5848276205361 -30.128209413960576 21.949307918548584
119.94413901 -240.5846139974892 -30.128413500264287 21.925471782684326
119.964225207 -240.58438511565328 -30.12878734059632 21.889697551727295
119.984198388 -240.58427830412984 -30.12903911061585 21.865806102752686
120.004129255 -240.58414097502828 -30.129420580342412 21.829949855804443
120.024109907 -240.5840951986611 -30.129687609151006 21.806052684783936
120.044108159 -240.5840494222939 -30.13009768910706 21.77020025253296
120.064257561 -240.5840494222939 -30.13038951344788 21.746293544769287
120.084306 -240.5840951986611 -30.1308091301471 21.710479259490967
120.104158678 -240.5841257162392 -30.131078066304326 21.686593532562256
120.124141269 -240.58426304534078 -30.13150149770081 21.650744915008545
120.144110733 -240.58435459807515 -30.131770433858037 21.626834392547607
120.164222698 -240.58455296233296 -30.132148088887334 21.590919017791748
120.184175765 -240.5847055502236 -30.13238269276917 21.566983699798584
120.204105246 -240.5849496908486 -30.132705034688115 21.531066417694092
120.224102743 -240.58513279631734 -30.132886232808232 21.507110118865967
120.244100105 -240.58537693694234 -30.133147539570928 21.471166133880615
120.264409727 -240.58552952483296 -30.133317293599248 21.447181224822998
120.284217702 -240.5857584066689 -30.13356334157288 21.411147594451904
120.304135674 -240.58589573577046 -30.13371974416077 21.387105464935303
120.324106573 -240.5861246176064 -30.13394862599671 21.350959300994873
120.344125731 -240.58626194670796 -30.134076418355107 21.32683515548706
120.364393312 -240.58647556975484 -30.134232820942998 21.29062032699585
120.38419941 -240.58662815764546 -30.134290041401982 21.266465663909912
120.40411019 -240.5868112631142 -30.134366335347295 21.230233669281006
120.424157938 -240.5869333334267 -30.134373964741826 21.206071376800537
120.444114811 -240.58711643889546 -30.134351076558232 21.16985845565796
120.464368411 -240.5872232504189 -30.134305300191045 21.14569616317749
120.484233696 -240.58737583830953 -30.134185137227178 21.109466075897217
120.504142753 -240.5874673910439 -30.13408595509827 21.085301876068115
120.524106037 -240.58757420256734 -30.13388759084046 21.04902410507202
120.544128111 -240.5876352377236 -30.133735002949834 21.02483320236206
120.564293708 -240.58769627287984 -30.133469881489873 20.98852300643921
120.584216799 -240.58768101409078 -30.133286776021123 20.964295864105225
120.604147866 -240.5876657553017 -30.13301974721253 20.927953243255615
120.624130458 -240.5876352377236 -30.132846178486943 20.903748989105225
120.64412437 -240.58757420256734 -30.13259250111878 20.867480754852295
120.664414516 -240.5875131674111 -30.13242465443909 20.843297481536865
120.684222777 -240.58737583830953 -30.13217860646546 20.807084560394287
120.704148815 -240.58725376799703 -30.132012667134404 20.782935619354248
120.724114099 -240.5870248861611 -30.13177234120667 20.746766567230225
120.744124001 -240.58684178069234 -30.131606401875615 20.722672939300537
120.764257368 -240.58652134612203 -30.13133937306702 20.686540126800537
120.784192492 -240.58626194670796 -30.131120027974248 20.662497997283936
120.804130937 -240.58584995940328 -30.130763353779912 20.626439571380615
120.824102089 -240.5855600424111 -30.130488695576787 20.60242223739624
120.844110285 -240.58505650237203 -30.130038561299443 20.56641721725464
120.86437831 -240.5847055502236 -30.12973147816956 20.542415142059326
120.884223088 -240.5840951986611 -30.12926417775452 20.506450176239014
120.904159082 -240.58365269377828 -30.12895709462464 20.48247480392456
120.924149304 -240.5829507894814 -30.12850314565003 20.44651746749878
120.94410713 -240.58243199065328 -30.128203691914678 20.422553539276123
120.964298319 -240.58163853362203 -30.127761187031865 20.386611461639404
120.984241428 -240.58102818205953 -30.12743121571839 20.362660884857178
121.00413955 -240.58008213713765 -30.126935305073857 20.32673406600952
121.024087181 -240.57942600920796 -30.126603426411748 20.30280828475952
121.044117912 -240.57837315276265 -30.126073183491826 20.26697301864624
121.064282242 -240.57767124846578 -30.125714601948857 20.24308729171753
121.084238704 -240.57654209807515 -30.12511187978089 20.207374095916748
121.104130591 -240.5757944174111 -30.124703707173467 20.183581829071045
121.124125167 -240.5746957845986 -30.124080004170537 20.14794683456421
121.144108225 -240.57394810393453 -30.123608889058232 20.124234676361084
121.164233733 -240.57287998870015 -30.122897448018193 20.08864736557007
121.184221559 -240.57217808440328 -30.122395815327764 20.0649733543396
121.204132696 -240.5711557455361 -30.121630968526006 20.029441356658936
121.224153897 -240.57051487639546 -30.121093096211553 20.005740642547607
121.244127001 -240.56955357268453 -30.120248140767217 19.970147609710693
121.264275931 -240.56892796233296 -30.119677843526006 19.946401119232178
121.284244679 -240.56799717620015 -30.118741335347295 19.910775661468506
121.304153691 -240.56738682463765 -30.1181138176471 19.887019634246826
121.324103785 -240.56650181487203 -30.117162050679326 19.851367473602295
121.344106249 -240.56592198088765 -30.11649257130921 19.827617168426514
121.364460381 -240.56509800627828 -30.115485491231084 19.791991710662842
121.384225042 -240.5645639486611 -30.11478549428284 19.76827383041382
121.404102437 -240.56384678557515 -30.113709749653935 19.732715129852295
121.42411878 -240.56338902190328 -30.112996401265264 19.70899534225464
121.444137305 -240.56274815276265 -30.111802401021123 19.67341947555542
121.464266417 -240.56233616545796 -30.111029924824834 19.649680614471436
121.48421634 -240.56180210784078 -30.109761537984014 19.614110469818115
121.504174985 -240.5614664144814 -30.108903231099248 19.59039068222046
121.524113297 -240.56096287444234 -30.10759478993714 19.55476713180542
121.544114193 -240.56064243987203 -30.106690706685185 19.53102445602417
121.564224719 -240.5601694174111 -30.105359377339482 19.495389461517334
121.584198121 -240.5598795004189 -30.104480089619756 19.471633434295654
121.604127714 -240.55945225432515 -30.1032155174762 19.43598508834839
121.624144619 -240.55920811370015 -30.102402986958623 19.412213802337646
121.644109618 -240.5588571615517 -30.10123378224671 19.376521587371826
121.66430263 -240.5586587972939 -30.100491823628545 19.352708339691162
121.684204236 -240.55838413909078 -30.099433245137334 19.316941738128662
121.704155306 -240.5582162924111 -30.09879428334534 19.293071269989014
121.724114717 -240.55801792815328 -30.09787875600159 19.25722074508667
121.744119413 -240.55789585784078 -30.097306551411748 19.233298778533936
121.764255909 -240.5577280111611 -30.096495928242803 19.19740629196167
121.784222668 -240.55762119963765 -30.095994295552373 19.1734938621521
121.804149168 -240.55746861174703 -30.095288576558232 19.137635707855225
121.824111812 -240.5573923178017 -30.09484607167542 19.11372709274292
121.844101605 -240.55722447112203 -30.094205202534795 19.077928066253662
121.864229833 -240.55710240080953 -30.093798937276006 19.054072856903076
121.884180986 -240.55693455412984 -30.093213381245732 19.01837682723999
121.904133549 -240.55684300139546 -30.092795671895146 18.994597911834717
121.924119431 -240.5567514486611 -30.09218150563538 18.95894193649292
121.944117179 -240.55667515471578 -30.091761888936162 18.935187816619873
121.964289444 -240.5565836019814 -30.091092409566045 18.89956045150757
121.984231042 -240.5565378256142 -30.090649904683232 18.875871181488037
122.00414457 -240.55649204924703 -30.089967073872685 18.840327739715576
122.024116799 -240.5564615316689 -30.08951693959534 18.816627025604248
122.044116364 -240.55643101409078 -30.0888112206012 18.781108379364014
122.064379351 -240.55643101409078 -30.08834964223206 18.757422924041748
122.084336805 -240.5564615316689 -30.087674440816045 18.721972942352295
122.104176862 -240.55644627287984 -30.0872243065387 18.698340892791748
122.124140307 -240.55643101409078 -30.086591066792607 18.662883281707764
122.144105482 -240.5563852377236 -30.086194338276982 18.63923406600952
122.16425205 -240.55624790862203 -30.08562404103577 18.60371732711792
122.184223173 -240.5561716146767 -30.08526355214417 18.58004140853882
122.20419422 -240.55594273284078 -30.084704698994756 18.544476985931396
122.224117247 -240.55579014495015 -30.084357561543584 18.520753383636475
122.244115636 -240.5555612631142 -30.083875002339482 18.48514699935913
122.264258371 -240.55542393401265 -30.083583177998662 18.461387157440186
122.284220349 -240.5552408285439 -30.08319407887757 18.425673961639404
122.304142436 -240.55510349944234 -30.082953752949834 18.401854991912842
122.324109613 -240.55493565276265 -30.08263904042542 18.366124629974365
122.344112335 -240.55481358245015 -30.08246165700257 18.342307567596436
122.364263063 -240.55464573577046 -30.082240404561162 18.30657148361206
122.384250076 -240.5545541830361 -30.082114519551396 18.28277349472046
122.404183711 -240.5544321127236 -30.08200770802796 18.247052669525146
122.424088782 -240.55437107756734 -30.081963839009404 18.223227977752686
122.444111925 -240.55427952483296 -30.08194095082581 18.187474727630615
122.464232592 -240.55417271330953 -30.081982912495732 18.16362714767456
122.484244779 -240.5540201254189 -30.082101168110967 18.127862453460693
122.504178593 -240.5538980551064 -30.082242311909795 18.104007244110107
122.52411961 -240.55376072600484 -30.082507433369756 18.06824254989624
122.544101363 -240.5536539144814 -30.08274203725159 18.044400691986084
122.56429824 -240.55351658537984 -30.083157839253545 18.008626461029053
122.584225653 -240.55344029143453 -30.083457292988896 17.984776973724365
122.604189956 -240.55331822112203 -30.083966555073857 17.949012279510498
122.624121843 -240.55325718596578 -30.08432704396546 17.925164699554443
122.6441237 -240.55318089202046 -30.084899248555303 17.889390468597412
122.664232407 -240.5531198568642 -30.08529025502503 17.865535259246826
122.684231271 -240.55305882170796 -30.085889162495732 17.8297438621521
122.704169655 -240.55302830412984 -30.08630114980042 17.805877208709717
122.724136814 -240.5529672689736 -30.086936296895146 17.77005910873413
122.744106254 -240.55295201018453 -30.087367357686162 17.746169567108154
122.764251082 -240.55289097502828 -30.08807116933167 17.710336208343506
122.784242745 -240.55289097502828 -30.08854037709534 17.686456203460693
122.804184428 -240.55290623381734 -30.089268984273076 17.65064573287964
122.824136117 -240.55295201018453 -30.089764894917607 17.62680959701538
122.844105402 -240.55307408049703 -30.0905259270221 17.591102123260498
122.864240999 -240.5532114095986 -30.09104281850159 17.567317485809326
122.884220317 -240.5534555502236 -30.091822924092412 17.531623363494873
122.904119335 -240.5536539144814 -30.0923512596637 17.507834911346436
122.924123218 -240.55400486662984 -30.09314471669495 17.472205638885498
122.944114458 -240.5542642660439 -30.09367305226624 17.448459148406982
122.964243324 -240.55469151213765 -30.09446650929749 17.412885189056396
122.984237909 -240.5549966879189 -30.094996752217412 17.389134883880615
123.004171901 -240.5554849691689 -30.095786394551396 17.35351324081421
123.02415677 -240.55583592131734 -30.09629756398499 17.32979154586792
123.044110333 -240.55640049651265 -30.097058596089482 17.294177532196045
123.064212574 -240.55679722502828 -30.09757167287171 17.270463466644287
123.084252467 -240.55742283537984 -30.098340334370732 17.23490285873413
123.104129875 -240.55786534026265 -30.09885531850159 17.21120595932007
123.124123439 -240.5585367269814 -30.09961444325745 17.175658702850342
123.1441208 -240.55899449065328 -30.10010844655335 17.151946544647217
123.16423226 -240.55965061858296 -30.10082751698792 17.116382122039795
123.184226434 -240.5600778646767 -30.101292910054326 17.092679500579834
123.204116762 -240.56070347502828 -30.101971926167607 17.057132244110107
123.224170914 -240.5611002035439 -30.10241443105042 17.033454418182373
123.244114676 -240.5617105551064 -30.10306674428284 16.99793577194214
123.264182381 -240.56209202483296 -30.103501619771123 16.974265575408936
123.284261477 -240.56265660002828 -30.104125322774053 16.938762187957764
123.304130037 -240.56303806975484 -30.10452395863831 16.915082454681396
123.324158141 -240.5635873861611 -30.105096163228154 16.879563808441162
123.344102813 -240.56396885588765 -30.105462374165654 16.855872631072998
123.364222731 -240.56453343108296 -30.105984987691045 16.820407390594482
123.3843046 -240.56491490080953 -30.106318773701787 16.7967791557312
123.404114114 -240.56552525237203 -30.10680324025452 16.76135015487671
123.424110982 -240.5659067220986 -30.107112230733037 16.737781047821045
123.444113668 -240.5664712972939 -30.107556642964482 16.702414989471436
123.464236088 -240.5668375082314 -30.107842745259404 16.678836345672607
123.484269351 -240.56734104827046 -30.108271898701787 16.64343786239624
123.50413487 -240.56767674162984 -30.10855227895081 16.619821071624756
123.524099408 -240.5681345053017 -30.1089585442096 16.584466457366943
123.544102939 -240.56843968108296 -30.109219850972295 16.560899257659912
123.564240958 -240.56888218596578 -30.10958987660706 16.52553129196167
123.584279136 -240.5692026205361 -30.109811129048467 16.501935482025146
123.604132179 -240.56966038420796 -30.110108675435185 16.466542720794678
123.624118157 -240.5699350424111 -30.110272707417607 16.442973613739014
123.644184509 -240.57034702971578 -30.110493959859014 16.407599925994873
123.66416747 -240.57060642912984 -30.110623659566045 16.384028911590576
123.684265684 -240.57095738127828 -30.110778154805303 16.348687648773193
123.704134212 -240.57121678069234 -30.110862078145146 16.32511854171753
123.724104949 -240.5715524740517 -30.11093837209046 16.289832592010498
123.744097316 -240.5717966146767 -30.11098033376038 16.266313076019287
123.764156934 -240.57214756682515 -30.111029924824834 16.23102903366089
123.784253279 -240.5723764486611 -30.11104709096253 16.207574367523193
123.804128139 -240.5727426595986 -30.111066164448857 16.17235517501831
123.824109828 -240.5729868002236 -30.111083330586553 16.148854732513428
123.844127242 -240.57336826995015 -30.111110033467412 16.11357069015503
123.864169119 -240.57361241057515 -30.111138643696904 16.090047359466553
123.884228987 -240.5739938803017 -30.111220659688115 16.054786205291748
123.904125013 -240.57426853850484 -30.111279787495732 16.03126287460327
123.92414466 -240.57468052580953 -30.111375154927373 15.996020793914795
123.944097519 -240.5749704428017 -30.111430468037724 15.972529888153076
123.964150983 -240.5753824301064 -30.11150866933167 15.937282085418701
123.984426376 -240.5756265707314 -30.111554445698857 15.91380262374878
124.004121452 -240.57602329924703 -30.111613573506474 15.878549098968506
124.024138756 -240.57626743987203 -30.111653627827764 15.855071544647217
124.044096933 -240.57661839202046 -30.111728014424443 15.819894313812256
124.064138647 -240.57686253264546 -30.111775698140264 15.7964186668396
124.084724292 -240.5771677084267 -30.111926378682256 15.761241436004639
124.104134469 -240.57739659026265 -30.112016024067998 15.737754344940186
124.124156069 -240.5777017660439 -30.112199129536748 15.70253324508667
124.144125107 -240.57791538909078 -30.11232882924378 15.679044246673584
124.164126877 -240.57822056487203 -30.112534822896123 15.643792629241943
124.184251994 -240.57841892912984 -30.11269504018128 15.620286464691162
124.204140695 -240.57876988127828 -30.112914385274053 15.584996700286865
124.224137361 -240.57901402190328 -30.113049807026982 15.561463832855225
124.244099197 -240.5794107504189 -30.113236727192998 15.526149272918701
124.264174559 -240.57967014983296 -30.113343538716435 15.502589702606201
124.284220999 -240.58003636077046 -30.11349612660706 15.467265605926514
124.30414462 -240.58028050139546 -30.113595308735967 15.443692684173584
124.324164398 -240.58060093596578 -30.113734545186162 15.408275127410889
124.344093113 -240.58076878264546 -30.113831819966435 15.384646892547607
124.364104426 -240.58105869963765 -30.11395007558167 15.34916639328003
124.384270662 -240.58118076995015 -30.114047350361943 15.325524806976318
124.404180645 -240.5813638754189 -30.114182772114873 15.290034770965576
124.42415166 -240.58147068694234 -30.114278139546514 15.266347408294678
124.444104445 -240.5816080160439 -30.114426912739873 15.230775356292725
124.4641411 -240.58169956877828 -30.114518465474248 15.207042217254639
124.484352426 -240.58182163909078 -30.114644350484014 15.17143201828003
124.504177124 -240.5818979330361 -30.11471682973206 15.14767599105835
124.524186239 -240.58200474455953 -30.114816011860967 15.11198377609253
124.544126613 -240.58208103850484 -30.114880861714482 15.08815336227417
124.564112759 -240.58224888518453 -30.114964785054326 15.052388668060303
124.584305877 -240.58237095549703 -30.115018190816045 15.028544902801514
124.604195739 -240.5825845785439 -30.115094484761357 14.99276876449585
124.624146563 -240.5827524252236 -30.115132631734014 14.968894481658936
124.644116052 -240.58301182463765 -30.1151784081012 14.933051586151123
124.664170504 -240.58322544768453 -30.115201296284795 14.909146785736084
124.684363454 -240.58354588225484 -30.115222277119756 14.87330961227417
124.704166832 -240.58377476409078 -30.11522418446839 14.849393367767334
124.724155865 -240.5841257162392 -30.115216555073857 14.813485622406006
124.744098267 -240.5843698568642 -30.115201296284795 14.78950834274292
124.764095721 -240.5847818441689 -30.115161241963506 14.75351095199585
124.784323896 -240.58505650237203 -30.115126909688115 14.729499340057373
124.804201251 -240.58549900725484 -30.115067781880498 14.693435192108154
124.824146327 -240.5858041830361 -30.11501437611878 14.669358730316162
124.844099317 -240.58626194670796 -30.11493236012757 14.633130550384521
124.864105981 -240.58658238127828 -30.114875139668584 14.608962535858154
124.884304819 -240.5871011801064 -30.114779772236943 14.572638988494873
124.904204522 -240.5874673910439 -30.11470347829163 14.548429012298584
124.924153955 -240.5880319662392 -30.1145680565387 14.512128353118896
124.944103148 -240.58841343596578 -30.114453615620732 14.487939357757568
124.964142016 -240.58902378752828 -30.11424762196839 14.451669216156006
124.984310131 -240.58945103362203 -30.1140797752887 14.427497386932373
125.004187193 -240.59013767912984 -30.113776506856084 14.391271114349365
125.024128359 -240.59061070159078 -30.113559069111943 14.367137432098389
125.044144103 -240.59135838225484 -30.113206209614873 14.330981731414795
125.064112869 -240.59187718108296 -30.112956346943974 14.30689001083374
125.084282839 -240.59268589690328 -30.112571062520146 14.270720958709717
125.104214137 -240.5932046957314 -30.112298311665654 14.246617794036865
125.124126024 -240.59399815276265 -30.1118825096637 14.210458278656006
125.144109512 -240.59451695159078 -30.11160403676331 14.186349391937256
125.164108114 -240.59531040862203 -30.11118251271546 14.150184154510498
125.18429722 -240.5958444662392 -30.110896410420537 14.126079082489014
125.204197544 -240.5966226644814 -30.11043101735413 14.089925289154053
125.224131842 -240.5971567220986 -30.110114397481084 14.065806865692139
125.244117931 -240.59790440276265 -30.109591783955693 14.02959394454956
125.264113392 -240.59839268401265 -30.109219850972295 14.005452632904053
125.284451636 -240.59912510588765 -30.10862666554749 13.96928358078003
125.304191981 -240.59956761077046 -30.108168901875615 13.945167064666748
125.324158374 -240.6002389974892 -30.10747462697327 13.90898084640503
125.344130076 -240.60068150237203 -30.106993975117803 13.884854793548584
125.364105992 -240.6013071127236 -30.10625392384827 13.848676204681396
125.384288996 -240.60173435881734 -30.105756105855107 13.82455587387085
125.404191631 -240.60229893401265 -30.104976000264287 13.788413524627686
125.424133668 -240.60269566252828 -30.104464830830693 13.764331340789795
125.444132374 -240.6032144613564 -30.103659929707646 13.728267192840576
125.464089293 -240.6035348959267 -30.103108705952764 13.704236507415771
125.484319329 -240.60400791838765 -30.102261843159795 13.668227672576904
125.504195353 -240.6042673178017 -30.10167437978089 13.644248485565186
125.524142285 -240.60464878752828 -30.10078746266663 13.608302593231201
125.544111624 -240.60489292815328 -30.10017711110413 13.584357738494873
125.564127806 -240.6052438803017 -30.099263491109014 13.54846715927124
125.584270639 -240.60547276213765 -30.09866458363831 13.524564266204834
125.604178655 -240.60574742034078 -30.097819628193974 13.488767147064209
125.624160486 -240.60593052580953 -30.097272219136357 13.464915752410889
125.644137705 -240.60617466643453 -30.096482576802373 13.429154872894287
125.664131132 -240.6063119955361 -30.096001924946904 13.40532636642456
125.684270211 -240.60657139495015 -30.09529429860413 13.369575023651123
125.704249557 -240.6067087240517 -30.09485370106995 13.34574270248413
125.724177583 -240.60690708830953 -30.09421473927796 13.31001615524292
125.744125298 -240.6070444174111 -30.09380275197327 13.28621244430542
125.764117685 -240.6071970053017 -30.093196215108037 13.250508785247803
125.784329977 -240.6073190756142 -30.09280520863831 13.226739406585693
125.804167204 -240.60739536955953 -30.09222728200257 13.191087245941162
125.824148726 -240.6074411459267 -30.09184771962464 13.167314052581787
125.84412237 -240.6074411459267 -30.09129268117249 13.131648540496826
125.864114697 -240.60738011077046 -30.090930284932256 13.107884883880615
125.884248081 -240.60730381682515 -30.09038287587464 13.072221279144287
125.904183528 -240.60721226409078 -30.090007128193974 13.048442363739014
125.924140006 -240.6070749349892 -30.089450182393193 13.012773036956787
125.94412542 -240.6069986410439 -30.089083971455693 12.988988399505615
125.964092563 -240.60684605315328 -30.08854609914124 12.953307628631592
125.984316768 -240.60673924162984 -30.0882008690387 12.929477214813232
126.004200322 -240.6065561361611 -30.087706865742803 12.893741130828857
126.02412344 -240.6064340658486 -30.08739215321839 12.8699049949646
126.044136105 -240.60625096037984 -30.086943926289678 12.834132671356201
126.064153495 -240.60611363127828 -30.08664637990296 12.810266017913818
126.084559811 -240.60591526702046 -30.08620006032288 12.77441930770874
126.104168271 -240.60576267912984 -30.085892977192998 12.750512599945068
126.124199107 -240.60554905608296 -30.08544665761292 12.71465253829956
126.144113031 -240.6054117269814 -30.085160555317998 12.690742015838623
126.164092825 -240.6051675863564 -30.08473521657288 12.654839992523193
126.184336027 -240.60501499846578 -30.084458651021123 12.630897045135498
126.204176354 -240.6048013754189 -30.084060015156865 12.594956874847412
126.224155415 -240.6046793051064 -30.083808245137334 12.57097578048706
126.24412246 -240.60449619963765 -30.083443941548467 12.53497838973999
126.264114708 -240.6043588705361 -30.083205522969365 12.510951519012451
126.284309698 -240.60420628264546 -30.08284884877503 12.474961757659912
126.304193889 -240.6041147299111 -30.082600893452764 12.450953960418701
126.32421538 -240.60400791838765 -30.0822194237262 12.414906978607178
126.344123782 -240.6039468832314 -30.081971468403935 12.390864849090576
126.364095345 -240.6038705892861 -30.081599535420537 12.35480260848999
126.384327866 -240.60384007170796 -30.08135158009827 12.330726146697998
126.40418535 -240.6038248129189 -30.08098536916077 12.294604778289795
126.424177136 -240.60384007170796 -30.080708803609014 12.270501613616943
126.444102627 -240.60388584807515 -30.08030063100159 12.234349727630615
126.464099512 -240.60396214202046 -30.0800221581012 12.21024465560913
126.484237512 -240.60409947112203 -30.079615892842412 12.174046993255615
126.503188328 -240.6041910238564 -30.079341234639287 12.149919033050537
126.523146223 -240.60440464690328 -30.07891589589417 12.113732814788818
126.54309637 -240.6045572347939 -30.07863742299378 12.089614391326904
126.563077111 -240.6048013754189 -30.07818919606507 12.053422451019287
126.583192071 -240.6049692220986 -30.07789927907288 12.029296398162842
126.603171711 -240.6052438803017 -30.077481569722295 11.993100643157959
126.62314035 -240.60544224455953 -30.07719928212464 11.968984127044678
126.643112922 -240.60576267912984 -30.07677966542542 11.93283224105835
126.663171876 -240.60599156096578 -30.0764878410846 11.90873098373413
126.683182426 -240.6063882894814 -30.076072039082646 11.872588634490967
126.70317036 -240.60669346526265 -30.075806917622685 11.84848928451538
126.723131261 -240.60718174651265 -30.07540255971253 11.812299251556396
126.743125389 -240.60751743987203 -30.0751450676471 11.788175106048584
126.763172466 -240.60808201506734 -30.074750246480107 11.75195837020874
126.783139576 -240.60847874358296 -30.074485125020146 11.727792263031006
126.803169019 -240.60913487151265 -30.074090303853154 11.691537380218506
126.823137333 -240.60957737639546 -30.073840441182256 11.667346477508545
126.84310497 -240.61027928069234 -30.073500933125615 11.631057262420654
126.863138249 -240.61076756194234 -30.07330066151917 11.606860637664795
126.883120485 -240.61148472502828 -30.073046984151006 11.570464611053467
126.903645509 -240.6119577474892 -30.072903933003545 11.546206951141357
126.92325098 -240.61267491057515 -30.07277804799378 11.509788036346436
126.943116289 -240.6131479330361 -30.072726549580693 11.485501766204834
126.963127513 -240.61384983733296 -30.0726979393512 11.449073314666748
126.98313429 -240.61433811858296 -30.072707476094365 11.42474889755249
127.003311996 -240.61508579924703 -30.07273227162659 11.388288021087646
127.023118532 -240.6155893392861 -30.072783770039678 11.36395788192749
127.043127841 -240.6163522787392 -30.072896303609014 11.327464580535889
127.063090524 -240.6168863363564 -30.07300120778382 11.303126811981201
127.083106547 -240.61767979338765 -30.073188127949834 11.266538143157959
127.103206653 -240.61821385100484 -30.073325457051396 11.242150783538818
127.123148944 -240.61906834319234 -30.073588671162724 11.20554494857788
127.143124365 -240.61963291838765 -30.0737965721637 11.18114423751831
127.163085477 -240.6204721517861 -30.074157061055303 11.144553661346436
127.183111819 -240.62102146819234 -30.074427904561162 11.120097637176514
127.203154544 -240.62183018401265 -30.074830355122685 11.083432674407959
127.223139591 -240.62234898284078 -30.07509166188538 11.0589919090271
127.243122086 -240.6231119222939 -30.0755055565387 11.02233076095581
127.263090237 -240.6236002035439 -30.07578975148499 10.99790334701538
127.283116567 -240.62431736662984 -30.076207460835576 10.961238384246826
127.303171329 -240.6247751303017 -30.076484026387334 10.936816692352295
127.323173282 -240.62541599944234 -30.076892198994756 10.900155544281006
127.343099896 -240.6258432455361 -30.077157320454717 10.875718593597412
127.363105112 -240.6264841146767 -30.07754641957581 10.839078426361084
127.383091271 -240.6268961019814 -30.07780963368714 10.814704418182373
127.403156038 -240.62752171233296 -30.07822352834046 10.778163433074951
127.423191568 -240.6279489584267 -30.07851535268128 10.753806591033936
127.443120258 -240.6286050863564 -30.078992189839482 10.717273235321045
127.463093368 -240.62903233245015 -30.079327883198857 10.692927837371826
127.48309958 -240.62971897795796 -30.079848589375615 10.65635061264038
127.50316819 -240.6301920004189 -30.080193819478154 10.631970882415771
127.523130325 -240.6309701986611 -30.080710710957646 10.595407009124756
127.543127044 -240.63151951506734 -30.081054033711553 10.571046352386475
127.563102265 -240.6323434896767 -30.081563295796514 10.534526348114014
127.5831083 -240.6329233236611 -30.08191424794495 10.51022481918335
127.603280248 -240.63376255705953 -30.08244258351624 10.473805904388428
127.623152697 -240.63432713225484 -30.082791628316045 10.44955587387085
127.643109441 -240.63516636565328 -30.083312334492803 10.413251399993896
127.66309258 -240.6357309408486 -30.08365756459534 10.389075756072998
127.683089939 -240.6365854330361 -30.084155382588506 10.352906703948975
127.70320224 -240.6371500082314 -30.08447581715882 10.328803539276123
127.723170355 -240.6380045004189 -30.084935488179326 10.292624950408936
127.743114856 -240.6385690756142 -30.085206331685185 10.26847791671753
127.763119383 -240.63940830901265 -30.08558970876038 10.232266902923584
127.783096679 -240.6399576254189 -30.085822405293584 10.208123683929443
127.803225917 -240.64079685881734 -30.086163820698857 10.17191457748413
127.823130922 -240.6413461752236 -30.08638888783753 10.147763729095459
127.843123544 -240.64221592620015 -30.08671504445374 10.111524105072021
127.863105264 -240.64279576018453 -30.086922945454717 10.087369441986084
127.883100305 -240.6436655111611 -30.08720904774964 10.051143169403076
127.903208928 -240.64421482756734 -30.08738070912659 10.026994228363037
127.923137537 -240.6450082845986 -30.087607683613896 9.990769863128662
127.943118945 -240.6455270834267 -30.0877183098346 9.966609477996826
127.963083401 -240.64627476409078 -30.08786136098206 9.93037748336792
127.983098838 -240.64673252776265 -30.08792811818421 9.90623426437378
128.003422434 -240.6473581381142 -30.087992968037724 9.87004804611206
128.023128917 -240.64775486662984 -30.088029207661748 9.845946788787842
128.043115759 -240.6482584066689 -30.08805209584534 9.809823513031006
128.063104968 -240.64859410002828 -30.08806353993714 9.78574514389038
128.083198525 -240.64900608733296 -30.088055910542607 9.74968671798706
128.103432228 -240.64925022795796 -30.088042559102178 9.725648403167725
128.123147529 -240.64958592131734 -30.088012041524053 9.689603328704834
128.143104387 -240.64975376799703 -30.087968172505498 9.665565013885498
128.163081177 -240.64998264983296 -30.087897600606084 9.629504680633545
128.183134285 -240.65011997893453 -30.0878346581012 9.605475902557373
128.203237053 -240.65030308440328 -30.08772593922913 9.569409847259521
128.22312002 -240.6504098959267 -30.08765155263245 9.545361995697021
128.243100217 -240.6505777426064 -30.087550463154912 9.50925588607788
128.263095853 -240.6506998129189 -30.087479891255498 9.485169887542725
128.283107996 -240.6508981771767 -30.087363542988896 9.449048519134521
128.303167843 -240.65105076506734 -30.087306322529912 9.424935817718506
128.323106626 -240.65127964690328 -30.087214769795537 9.388783931732178
128.34310833 -240.6514322347939 -30.087159456685185 9.364665508270264
128.363112828 -240.65164585784078 -30.087090792134404 9.328479290008545
128.383098858 -240.65176792815328 -30.087056459859014 9.304343700408936
128.403267511 -240.6519662924111 -30.087010683491826 9.268138408660889
128.423151005 -240.6520883627236 -30.086982073262334 9.244039058685303
128.443120087 -240.6522867269814 -30.087008776143193 9.20793104171753
128.463103254 -240.65242405608296 -30.087048830464482 9.183860301971436
128.483105839 -240.6526529379189 -30.08713466115296 9.147773265838623
128.503194163 -240.6528207845986 -30.087235750630498 9.123713970184326
128.523145797 -240.6530649252236 -30.087401689961553 9.087596416473389
128.543107171 -240.65323277190328 -30.087537111714482 9.063510417938232
128.563098357 -240.65344639495015 -30.087750734761357 9.027385234832764
128.583116988 -240.6535837240517 -30.08789569325745 9.0033278465271
128.6032251 -240.65376682952046 -30.08812648244202 8.967223644256592
128.623157769 -240.6538736410439 -30.08828097768128 8.943141460418701
128.643127053 -240.65408726409078 -30.08856517262757 8.906981945037842
128.6631094 -240.65422459319234 -30.08876925893128 8.882859706878662
128.683094912 -240.65442295745015 -30.089099230244756 8.846715450286865
128.703226238 -240.65457554534078 -30.089293779805303 8.822591304779053
128.723149573 -240.65481968596578 -30.089572252705693 8.786401271820068
128.74309677 -240.65498753264546 -30.089738192036748 8.762263774871826
128.763106183 -240.65527744963765 -30.089934648945928 8.72604513168335
128.783101118 -240.65547581389546 -30.090047182515264 8.701940059661865
128.80337377 -240.6557809896767 -30.090178789570928 8.66575002670288
128.823168832 -240.65597935393453 -30.09024745412171 8.641618251800537
128.843119424 -240.65628452971578 -30.090327562764287 8.605418682098389
128.863110196 -240.6564828939736 -30.090359987691045 8.581286907196045
128.883117062 -240.65677281096578 -30.09037143178284 8.54504919052124
128.903185984 -240.6569253988564 -30.090333284810185 8.520917415618896
128.92317927 -240.65713902190328 -30.090258898213506 8.484742641448975
128.943104556 -240.65726109221578 -30.090178789570928 8.460633754730225
128.963113388 -240.65742893889546 -30.090033831074834 8.424466609954834
128.983113115 -240.6575357504189 -30.089932741597295 8.400340557098389
129.003226686 -240.65767307952046 -30.089768709614873 8.364131450653076
129.023186714 -240.65774937346578 -30.089654268696904 8.339999675750732
129.043136028 -240.65784092620015 -30.089476885274053 8.303807735443115
129.063101508 -240.6578561849892 -30.089362444356084 8.279651165008545
129.083101873 -240.6578561849892 -30.08919650502503 8.243464946746826
129.103235724 -240.65781040862203 -30.089085878804326 8.21933889389038
129.123158689 -240.65771885588765 -30.088902773335576 8.183167934417725
129.143178555 -240.6576120443642 -30.088761629536748 8.15904951095581
129.163107536 -240.6573679037392 -30.088544191792607 8.12285566329956
129.18310307 -240.65718479827046 -30.08839732594788 8.098704814910889
129.203252667 -240.6568491049111 -30.088177980855107 8.062467098236084
129.223198608 -240.6566049642861 -30.08803111501038 8.03831434249878
129.243125651 -240.65622349455953 -30.087811769917607 8.002097606658936
129.263091573 -240.65593357756734 -30.087640108540654 7.977932929992676
129.283123666 -240.65549107268453 -30.08738643117249 7.941625595092773
129.303259046 -240.6551706381142 -30.08720332570374 7.917431831359863
129.323159111 -240.65463658049703 -30.086907686665654 7.881190299987793
129.343125075 -240.65427036955953 -30.08670932240784 7.857050895690918
129.363092328 -240.6536752767861 -30.0863755363971 7.820855140686035
129.383107696 -240.65329380705953 -30.086161913350224 7.796694755554199
129.403245949 -240.65266819670796 -30.085784258320928 7.760492324829102
129.423220647 -240.6522409506142 -30.085519136860967 7.736393928527832
129.443133145 -240.65158482268453 -30.085095705464482 7.700298309326172
129.463098866 -240.65112705901265 -30.084773363545537 7.676272392272949
129.483097554 -240.6504556722939 -30.084298433735967 7.640286445617676
129.503206957 -240.64998264983296 -30.083972277119756 7.616300582885742
129.523146779 -240.64929600432515 -30.08347255177796 7.580315589904785
129.543123739 -240.64883824065328 -30.083142580464482 7.5563249588012695
129.563082261 -240.64815159514546 -30.08265239186585 7.520343780517578
129.583085996 -240.6476938314736 -30.08232623524964 7.496363639831543
129.603205258 -240.64700718596578 -30.081836046651006 7.460411071777344
129.623144384 -240.6465494222939 -30.081525148823857 7.436457633972168
129.643186587 -240.6458932943642 -30.081084551289678 7.400530815124512
129.66310341 -240.64543553069234 -30.08081561513245 7.376565933227539
129.683105722 -240.64477940276265 -30.08043605275452 7.340635299682617
129.703191992 -240.64433689787984 -30.08020335622132 7.316686630249023
129.723200751 -240.64371128752828 -30.079861940816045 7.280744552612305
129.743184968 -240.6432993002236 -30.07964068837464 7.256777763366699
129.763081135 -240.64270420745015 -30.079280199483037 7.220806121826172
129.78308785 -240.64233799651265 -30.079036058858037 7.196806907653809
129.803168658 -240.6417886801064 -30.078660311177373 7.1607866287231445
129.823190827 -240.64143772795796 -30.078402819111943 7.136767387390137
129.843153441 -240.6409341879189 -30.078036608174443 7.100744247436523
129.863084955 -240.6406137533486 -30.07779818959534 7.076720237731934
129.883119777 -240.6401559896767 -30.077435793355107 7.040683746337891
129.903188167 -240.63986607268453 -30.07720118947327 7.0166521072387695
129.923143113 -240.6394693441689 -30.076844515278935 6.980597496032715
129.943143763 -240.6392252035439 -30.076613726094365 6.956561088562012
129.963093372 -240.63887425139546 -30.07623034901917 6.920465469360352
129.983115039 -240.6386606283486 -30.075955690816045 6.896391868591309
130.003213549 -240.63835545256734 -30.075513185933232 6.860265731811523
130.023189325 -240.63818760588765 -30.075154604390264 6.836150169372559
130.043150665 -240.6379587240517 -30.074620546773076 6.7999677658081055
130.063121673 -240.63782139495015 -30.07424289174378 6.775840759277344
130.08321436 -240.63765354827046 -30.07361918874085 6.739604949951172
130.103206942 -240.6375619955361 -30.073197664692998 6.715449333190918
130.123159728 -240.6374399252236 -30.07248813100159 6.679166793823242
130.143169378 -240.63736363127828 -30.07199984975159 6.654970169067383
130.163139732 -240.63724156096578 -30.07124644704163 6.618680953979492
130.183091046 -240.63718052580953 -30.070739092305303 6.594479560852051
130.203189051 -240.63708897307515 -30.06997043080628 6.558185577392578
130.223177046 -240.63705845549703 -30.069417299702764 6.533991813659668
130.243169983 -240.63704319670796 -30.06858760304749 6.497718811035156
130.263109249 -240.63705845549703 -30.068009676411748 6.473544120788574
130.283090231 -240.63711949065328 -30.06707507558167 6.437289237976074
130.303165868 -240.63718052580953 -30.06644565053284 6.413132667541504
130.32323172 -240.63733311370015 -30.065385164692998 6.376914024353027
130.343134334 -240.63745518401265 -30.064656557515264 6.352779388427734
130.363097981 -240.63765354827046 -30.063531221821904 6.316595077514648
130.383078023 -240.6378366537392 -30.062709154561162 6.292466163635254
130.403128488 -240.6381265707314 -30.06149989552796 6.256281852722168
130.423142276 -240.6383707113564 -30.06067401356995 6.232170104980469
130.443149902 -240.63876743987203 -30.059449495747685 6.196038246154785
130.463109243 -240.63908787444234 -30.058610262349248 6.1719865798950195
130.483107913 -240.63962193205953 -30.057305635884404 6.1360015869140625
130.503166681 -240.6400034017861 -30.056443514302373 6.112030982971191
130.523155609 -240.64065952971578 -30.055035891011357 6.076152801513672
130.543152687 -240.64111729338765 -30.054103197529912 6.052254676818848
130.56310151 -240.6418649740517 -30.052708925679326 6.016427040100098
130.583079015 -240.64238377287984 -30.05174762196839 5.99259090423584
130.603082396 -240.6431772299111 -30.05033236928284 5.95684814453125
130.623147406 -240.6437418051064 -30.049371065571904 5.933043479919434
130.643151059 -240.64462681487203 -30.0479176659137 5.897350311279297
130.663207787 -240.64522190764546 -30.04697543568909 5.873553276062012
130.683097119 -240.64615269377828 -30.045478167012334 5.837926864624023
130.703104601 -240.64677830412984 -30.044535936787724 5.814162254333496
130.723167723 -240.64773960784078 -30.042985262349248 5.778536796569824
130.743175802 -240.64839573577046 -30.041951479390264 5.754773139953613
130.763137816 -240.64938755705953 -30.040404619649053 5.719104766845703
130.783102938 -240.65005894377828 -30.039355577901006 5.695343017578125
130.803072979 -240.65108128264546 -30.037822069600224 5.6596784591674805
130.823179338 -240.65176792815328 -30.036803545430303 5.635878562927246
130.843156209 -240.6527750082314 -30.035258593037724 5.600152015686035
130.863101069 -240.6534311361611 -30.034257235005498 5.576324462890625
130.883103597 -240.6544382162392 -30.032729448750615 5.540610313415527
130.903115192 -240.6550943441689 -30.03174144215882 5.516800880432129
130.923168347 -240.65605564787984 -30.030301393941045 5.4810791015625
130.943148125 -240.6566812582314 -30.02933627553284 5.457271575927734
130.963097447 -240.6575815267861 -30.02799159474671 5.421541213989258
130.983102869 -240.65817661955953 -30.027142824605107 5.3977766036987305
131.003077111 -240.6590768881142 -30.02595836110413 5.362135887145996
131.023194615 -240.6596567220986 -30.025222124531865 5.33839750289917
131.043125432 -240.6605417318642 -30.024205507710576 5.302817344665527
131.0631088 -240.6611215658486 -30.023585619404912 5.279098033905029
131.083131925 -240.66203709319234 -30.02268344350159 5.243561744689941
131.103125915 -240.66263218596578 -30.022124590352178 5.219876289367676
131.123284352 -240.6635171957314 -30.021344484761357 5.184326648712158
131.143153222 -240.66406651213765 -30.0208237785846 5.160621166229248
131.163126606 -240.66484471037984 -30.020097078755498 5.125044822692871
131.183130299 -240.66533299162984 -30.019625963643193 5.1013007164001465
131.203080725 -240.6660043783486 -30.01895266957581 5.065662384033203
131.223186471 -240.6664468832314 -30.018542589619756 5.041866302490234
131.24315484 -240.66704197600484 -30.017943682149053 5.006128787994385
131.26308471 -240.6674234457314 -30.01757556386292 4.982295989990234
131.283129991 -240.66794224455953 -30.016984285786748 4.94656229019165
131.303083891 -240.66824742034078 -30.016608538106084 4.922741889953613
131.323203019 -240.66865940764546 -30.016072573140264 4.887057304382324
131.343128542 -240.66887303069234 -30.01571017690003 4.863301753997803
131.363099462 -240.66914768889546 -30.015223802998662 4.827672958374023
131.383094384 -240.66931553557515 -30.014922441914678 4.803956031799316
131.403061937 -240.66952915862203 -30.014508547261357 4.768406391143799
131.423139813 -240.66963597014546 -30.01427203603089 4.744716644287109
131.44317475 -240.6697427816689 -30.013942064717412 4.7092461585998535
131.463099249 -240.66977329924703 -30.013753237202764 4.685584545135498
131.483112914 -240.66980381682515 -30.013514818623662 4.650117874145508
131.503072948 -240.6698190756142 -30.013381304219365 4.626452445983887
131.523197251 -240.66983433440328 -30.01322108693421 4.590902805328369
131.543187636 -240.66984959319234 -30.01309901662171 4.567171096801758
131.56310037 -240.6698648519814 -30.012973131611943 4.531545639038086
131.583103375 -240.6698648519814 -30.012914003804326 4.507798194885254
131.603075398 -240.6698190756142 -30.012877764180303 4.472137928009033
131.62317713 -240.6697885580361 -30.012891115620732 4.448337078094482
131.643190822 -240.66968174651265 -30.012954058125615 4.412577152252197
131.663115535 -240.66959019377828 -30.013041796162724 4.388719081878662
131.683174112 -240.6694528646767 -30.01323443837464 4.352954864501953
131.703089804 -240.66934605315328 -30.013409914448857 4.329071998596191
131.723200735 -240.6691782064736 -30.0137437004596 4.293213367462158
131.743176145 -240.6690561361611 -30.014012636616826 4.269275665283203
131.763125573 -240.6688882894814 -30.0144761223346 4.233356952667236
131.783097819 -240.6687662191689 -30.01482898183167 4.209392070770264
131.803060242 -240.66858311370015 -30.01539927907288 4.17343282699585
131.823351358 -240.66846104338765 -30.01581126637757 4.1494574546813965
131.8431348 -240.66830845549703 -30.01643687672913 4.113471508026123
131.863103595 -240.6682016439736 -30.016879381611943 4.089468479156494
131.883121334 -240.6680337972939 -30.01758319325745 4.053414344787598
131.903124856 -240.66792698577046 -30.018065752461553 4.029374599456787
131.923358295 -240.6677438803017 -30.018819155171514 3.993325710296631
131.943152134 -240.6675912924111 -30.01933986134827 3.969299793243408
131.963109942 -240.66736241057515 -30.020158113911748 3.933269500732422
131.983100055 -240.66719456389546 -30.020726503804326 3.909257411956787
132.003054396 -240.66690464690328 -30.021647753193974 3.8732705116271973
132.023235648 -240.66670628264546 -30.022286714985967 3.8492722511291504
132.043156559 -240.6664011068642 -30.023331942036748 3.8133134841918945
132.06310518 -240.6662027426064 -30.02405864186585 3.789356231689453
132.083181511 -240.6659128256142 -30.025195421651006 3.753434181213379
132.103087278 -240.66572972014546 -30.025983156636357 3.7295002937316895
132.123484645 -240.6654703207314 -30.027173342183232 3.693613052368164
132.143155252 -240.6653024740517 -30.027968706563115 3.6696996688842773
132.163109066 -240.6650583334267 -30.029134096577764 3.6338305473327637
132.183109485 -240.66489048674703 -30.02990466542542 3.609933376312256
132.20306419 -240.66463108733296 -30.031041445210576 3.57411527633667
132.223252519 -240.6644479818642 -30.031812014058232 3.5502543449401855
132.243146428 -240.6641733236611 -30.032973589375615 3.51448392868042
132.263113387 -240.66399021819234 -30.033768953755498 3.4906439781188965
132.283093833 -240.6637155599892 -30.034982027485967 3.4548420906066895
132.303079225 -240.66353245452046 -30.035802187398076 3.430990219116211
132.32321085 -240.66325779631734 -30.0370591301471 3.3951988220214844
132.343153732 -240.6630746908486 -30.037919344380498 3.3713302612304688
132.36310943 -240.66280003264546 -30.03923732228577 3.335529327392578
132.383112002 -240.66263218596578 -30.040122332051396 3.311685562133789
132.403064193 -240.66238804534078 -30.041465105488896 3.275907039642334
132.423207288 -240.6622201986611 -30.042380632832646 3.2520289421081543
132.443158444 -240.6619760580361 -30.043778719380498 3.216177463531494
132.463095779 -240.6617624349892 -30.044745745137334 3.192267417907715
132.483091676 -240.66145725920796 -30.046199144795537 3.156386375427246
132.503092489 -240.66125889495015 -30.04716998524964 3.1324410438537598
132.523415908 -240.66092320159078 -30.04863673634827 3.096498489379883
132.543151127 -240.6607095785439 -30.049617113545537 3.0725274085998535
132.563129022 -240.6603891439736 -30.051102938130498 3.0365562438964844
132.58309441 -240.66019077971578 -30.052098574116826 3.0125885009765625
132.603081423 -240.65991612151265 -30.05356723256409 2.9766197204589844
132.62322998 -240.65976353362203 -30.05454379506409 2.952632427215576
132.643143189 -240.65954991057515 -30.056004824116826 2.916642189025879
132.663144619 -240.6594430990517 -30.056971849873662 2.892617702484131
132.683097843 -240.65930576995015 -30.05840808339417 2.8565831184387207
132.703126966 -240.65925999358296 -30.059361757710576 2.832542896270752
132.723223503 -240.65918369963765 -30.060765566304326 2.7964673042297363
132.743138174 -240.65915318205953 -30.061686815693974 2.7724127769470215
132.76311605 -240.6591684408486 -30.06304675526917 2.7362899780273438
132.783090559 -240.6591989584267 -30.06394130177796 2.7121872901916504
132.803062447 -240.6592905111611 -30.065261187031865 2.676023483276367
132.82321928 -240.6593668051064 -30.06612521596253 2.6518983840942383
132.843145276 -240.65950413420796 -30.06740123219788 2.6156907081604004
132.863105688 -240.6596109457314 -30.068223299458623 2.5915422439575195
132.883091147 -240.6597787924111 -30.06942111440003 2.55533504486084
132.903083784 -240.65988560393453 -30.070184053853154 2.531184196472168
132.923204207 -240.6600229330361 -30.071324648335576 2.494929313659668
132.943194264 -240.66008396819234 -30.07207423634827 2.4707555770874023
132.963109415 -240.66019077971578 -30.07315188832581 2.4344654083251953
132.983102079 -240.66025181487203 -30.07385569997132 2.4102587699890137
133.003066057 -240.6603433676064 -30.07488757558167 2.3739571571350098
133.023230187 -240.66035862639546 -30.07554561085999 2.3497323989868164
133.043180766 -240.66035862639546 -30.076512636616826 2.313375473022461
133.06311145 -240.66032810881734 -30.077149691060185 2.2891225814819336
133.083096445 -240.6602670736611 -30.078076662495732 2.252734661102295
133.103075501 -240.66019077971578 -30.078669847920537 2.228470802307129
133.123819906 -240.66003819182515 -30.079514803364873 2.192084312438965
133.143202778 -240.65991612151265 -30.080060305073857 2.1678385734558105
133.163111905 -240.65970249846578 -30.08084804005921 2.131466865539551
133.183102279 -240.6595346517861 -30.081366838887334 2.107243061065674
133.203110713 -240.6592447347939 -30.082141222432256 2.07096004486084
133.22331359 -240.6590005941689 -30.08262568898499 2.0468297004699707
133.243150649 -240.65860386565328 -30.083335222676396 2.0108237266540527
133.263116096 -240.6583139486611 -30.083802523091435 1.9870085716247559
133.283109356 -240.6577798910439 -30.084498705342412 1.951676845550537
133.303094694 -240.65742893889546 -30.08495074696839 1.9283981323242188
133.323238863 -240.65677281096578 -30.085645021870732 1.8939595222473145
133.343171318 -240.6563608236611 -30.086095156148076 1.871351718902588
133.3631377 -240.6556589193642 -30.08676845021546 1.838036060333252
133.38309682 -240.65518589690328 -30.08718997426331 1.8162355422973633
133.403072505 -240.65442295745015 -30.08777934499085 1.7841696739196777
133.423202377 -240.65388889983296 -30.088136019185185 1.7632808685302734
133.443171607 -240.6530649252236 -30.088630022481084 1.7326045036315918
133.463116693 -240.65250035002828 -30.088923754170537 1.7126455307006836
133.48312518 -240.65164585784078 -30.089320482686162 1.68339204788208
133.503139251 -240.6510660238564 -30.08955699391663 1.6643486022949219
133.523208652 -240.6501657553017 -30.089858355000615 1.6365852355957031
133.543148945 -240.64954014495015 -30.0900376457721 1.6185388565063477
133.563150796 -240.64860935881734 -30.090272249653935 1.5921649932861328
133.583093763 -240.6479684896767 -30.090413393452764 1.5751233100891113
133.603078908 -240.64702244475484 -30.090598406270146 1.5504546165466309
133.623219462 -240.6463815756142 -30.090670885518193 1.5348262786865234
133.643171424 -240.64543553069234 -30.09073573537171 1.5125880241394043
133.663172555 -240.64482517912984 -30.090741457417607 1.4985947608947754
133.683109722 -240.64392491057515 -30.09073573537171 1.47886323928833
133.703155032 -240.64334507659078 -30.09071666188538 1.466433048248291
133.723203062 -240.64255161955953 -30.090651812031865 1.4489388465881348
133.743187083 -240.64206333830953 -30.09058124013245 1.4378986358642578
133.763307769 -240.64136143401265 -30.09043818898499 1.4221391677856445
133.783133112 -240.64094944670796 -30.09030276723206 1.412172794342041
133.803080694 -240.64038487151265 -30.090073885396123 1.3977127075195312
133.823239192 -240.64001866057515 -30.08990222401917 1.3883914947509766
133.843171829 -240.6395151205361 -30.089627565816045 1.3747339248657227
133.863158141 -240.6391794271767 -30.089438738301396 1.365762710571289
133.883100266 -240.63870640471578 -30.089154543355107 1.3524231910705566
133.903105857 -240.6384164877236 -30.08897334523499 1.3435637950897217
133.923199314 -240.6379587240517 -30.08870822377503 1.3302950859069824
133.943175643 -240.63765354827046 -30.08853846974671 1.3214030265808105
133.963142672 -240.63718052580953 -30.08829623647034 1.3079450130462646
133.983108697 -240.6368600912392 -30.088103594258428 1.298874855041504
134.003079894 -240.63640232756734 -30.087815584614873 1.2850470542907715
134.023229606 -240.6361276693642 -30.08760959096253 1.2756602764129639
134.043190018 -240.63574619963765 -30.08728343434632 1.2612590789794922
134.06316929 -240.63550205901265 -30.087065996602178 1.2514338493347168
134.083183642 -240.6351968832314 -30.08667308278382 1.2363035678863525
134.103083728 -240.63498326018453 -30.086398424580693 1.225965976715088
134.123258535 -240.6347086019814 -30.08597499318421 1.2101125717163086
134.143155065 -240.63452549651265 -30.085700334981084 1.1993262767791748
134.163159268 -240.6342660970986 -30.08530360646546 1.1828546524047852
134.183116321 -240.63412876799703 -30.085044207051396 1.1716580390930176
134.20312464 -240.63394566252828 -30.084681810811162 1.1546299457550049
134.223202395 -240.6338541097939 -30.08445674367249 1.1431195735931396
134.243173952 -240.63370152190328 -30.084149660542607 1.1256601810455322
134.263147467 -240.6336099691689 -30.08396274037659 1.1139190196990967
134.283100638 -240.63342686370015 -30.08372432179749 1.0961260795593262
134.303087332 -240.6332895345986 -30.083583177998662 1.0841755867004395
134.323151432 -240.63310642912984 -30.083400072529912 1.0661423206329346
134.343144752 -240.6329538412392 -30.08326274342835 1.0540101528167725
134.363172486 -240.63272495940328 -30.0830739159137 1.0357494354248047
134.383120985 -240.6325571127236 -30.082955660298467 1.0235395431518555
134.403074022 -240.63228245452046 -30.082812609151006 1.005195140838623
134.423132808 -240.63208409026265 -30.08274203725159 0.99294114112854
134.443174645 -240.63174839690328 -30.082703890278935 0.9745337963104248
134.463139539 -240.6315347738564 -30.0827077049762 0.9622628688812256
134.483099872 -240.6311685629189 -30.082806887105107 0.9437980651855469
134.503080965 -240.6309244222939 -30.082898439839482 0.9314875602722168
134.523147703 -240.6305582113564 -30.083081545308232 0.913069486618042
134.543152644 -240.63029881194234 -30.083239855244756 0.900808572769165
134.563137427 -240.62991734221578 -30.083516420796514 0.8824484348297119
134.583121147 -240.6296579428017 -30.08374530263245 0.8702239990234375
134.603066427 -240.6292154379189 -30.08414393849671 0.8519034385681152
134.623115743 -240.6289255209267 -30.084426226094365 0.8397142887115479
134.643173399 -240.62842198088765 -30.084929766133428 0.8214321136474609
134.663176017 -240.6281168051064 -30.08526355214417 0.8092823028564453
134.683106956 -240.6275827474892 -30.08582049794495 0.7910432815551758
134.703108952 -240.62723179534078 -30.086203875020146 0.7789015769958496
134.723089403 -240.62668247893453 -30.08679706044495 0.7607147693634033
134.743567587 -240.62631626799703 -30.0872243065387 0.7485973834991455
134.763175712 -240.62578221037984 -30.087899507954717 0.7304699420928955
134.783103623 -240.62541599944234 -30.088401140645146 0.7184066772460938
134.803086491 -240.62491245940328 -30.089215578511357 0.7003371715545654
134.823194675 -240.6245767660439 -30.089770616963506 0.6883230209350586
134.843377714 -240.62411900237203 -30.09077769704163 0.6702907085418701
134.863168113 -240.62385960295796 -30.0915024895221 0.6582973003387451
134.883119068 -240.62350865080953 -30.09266215749085 0.6403770446777344
134.903109822 -240.6233560629189 -30.09350902028382 0.6284453868865967
134.923097815 -240.6231576986611 -30.094741167500615 0.6106078624725342
134.943166787 -240.62308140471578 -30.09562045522034 0.5987238883972168
134.963174057 -240.6229898519814 -30.096932711079717 0.5809383392333984
134.983117252 -240.62297459319234 -30.09781581349671 0.5691180229187012
135.003128601 -240.62300511077046 -30.09915858693421 0.5514035224914551
135.023084916 -240.62305088713765 -30.1000474113971 0.5396344661712646
135.043312053 -240.6232339926064 -30.101413073018193 0.5219697952270508
135.063151122 -240.62341709807515 -30.102320970967412 0.5101912021636963
135.083112509 -240.6237680502236 -30.10368281789124 0.4925217628479004
135.103084641 -240.62405796721578 -30.10459834523499 0.48072385787963867
135.123142631 -240.6245309896767 -30.10594684071839 0.46306347846984863
135.143287679 -240.62488194182515 -30.106841387227178 0.45130062103271484
135.163164691 -240.62546177580953 -30.10815936513245 0.4336817264556885
135.18309368 -240.6258737631142 -30.109010042622685 0.4219651222229004
135.203071388 -240.6265298910439 -30.110265078023076 0.40441226959228516
135.223084954 -240.62700291350484 -30.111077608540654 0.3927450180053711
135.24318248 -240.6277505941689 -30.112271608784795 0.3752589225769043
135.263139234 -240.62826939299703 -30.11304027028382 0.36363983154296875
135.28311134 -240.6290475912392 -30.114148439839482 0.3462655544281006
135.303079755 -240.62956639006734 -30.11489993520081 0.3347201347351074
135.32309693 -240.63034458830953 -30.115996660664678 0.31745338439941406
135.343188985 -240.6308481283486 -30.11672336049378 0.30597782135009766
135.363119348 -240.63155003264546 -30.117810549214482 0.288801908493042
135.383097411 -240.63200779631734 -30.11851436085999 0.2773911952972412
135.403070452 -240.63261814787984 -30.119527162984014 0.26032137870788574
135.423103668 -240.63301487639546 -30.120166124776006 0.24895167350769043
135.443180658 -240.63357945159078 -30.121074022725224 0.23191118240356445
135.463144852 -240.63394566252828 -30.121629061177373 0.22056126594543457
135.483119398 -240.6344644613564 -30.122392000630498 0.20355868339538574
135.503076754 -240.6347848959267 -30.12288791127503 0.192230224609375
135.523074486 -240.6352426595986 -30.12358600087464 0.17525601387023926
135.543307213 -240.63554783537984 -30.12402087636292 0.16395044326782227
135.563144053 -240.63595982268453 -30.12467128224671 0.14702558517456055
135.583107668 -240.63623448088765 -30.125090898945928 0.1357591152191162
135.60305361 -240.63663120940328 -30.125733675435185 0.11888504028320312
135.623085087 -240.63689060881734 -30.126147570088506 0.10766053199768066
135.643191443 -240.63728733733296 -30.126750292256474 0.09085655212402344
135.663185991 -240.63754673674703 -30.12713366933167 0.07968425750732422
135.683116164 -240.6379282064736 -30.127671541646123 0.06298589706420898
135.703080128 -240.63818760588765 -30.128020586445928 0.051874399185180664
135.723079635 -240.6385690756142 -30.128526033833623 0.03522539138793945
135.743327966 -240.6388132162392 -30.128861727192998 0.02414703369140625
135.763137507 -240.6391794271767 -30.129388155415654 0.007542848587036133
135.78310853 -240.63940830901265 -30.129729570820928 -0.0034744739532470703
135.803064797 -240.63972874358296 -30.130296053364873 -0.019988536834716797
135.823090989 -240.63992710784078 -30.130675615742803 -0.031005859375
135.843516787 -240.64018650725484 -30.131238283589482 -0.04754352569580078
135.863135126 -240.64033909514546 -30.13163691945374 -0.05857563018798828
135.883119879 -240.64055271819234 -30.13222056813538 -0.07514119148254395
135.903082388 -240.64067478850484 -30.132617296651006 -0.0861961841583252
135.923110751 -240.64084263518453 -30.133221926167607 -0.10278081893920898
135.94333609 -240.64094944670796 -30.1336110252887 -0.11384010314941406
135.963149156 -240.64111729338765 -30.134196581318974 -0.1304032802581787
135.983116818 -240.6412241049111 -30.13455325551331 -0.14145255088806152
136.003069583 -240.6413766928017 -30.13508922047913 -0.15801286697387695
136.023114168 -240.6414682455361 -30.135436357930303 -0.1690387725830078
136.043200469 -240.6415903158486 -30.135941805317998 -0.1855614185333252
136.063152934 -240.6416666097939 -30.136273683980107 -0.19655799865722656
136.083250264 -240.64180393889546 -30.13673716969788 -0.21306729316711426
136.103084366 -240.64189549162984 -30.137030901387334 -0.22408342361450195
136.123107353 -240.6420785970986 -30.137446703389287 -0.24063801765441895
136.143578132 -240.64221592620015 -30.137704195454717 -0.25168800354003906
136.163150348 -240.6425211019814 -30.138060869649053 -0.2682986259460449
136.183130521 -240.64273472502828 -30.13828975148499 -0.2793748378753662
136.20306877 -240.64307041838765 -30.138623537495732 -0.2960021495819092
136.223089874 -240.64331455901265 -30.138863863423467 -0.30710840225219727
136.243254096 -240.64365025237203 -30.13917857594788 -0.323779821395874
136.263195735 -240.6439096517861 -30.139386476948857 -0.33490562438964844
136.28311638 -240.64429112151265 -30.13965159840882 -0.3515808582305908
136.303099145 -240.64456577971578 -30.139790834859014 -0.3626980781555176
136.323130577 -240.64497776702046 -30.139952959492803 -0.37936997413635254
136.34322897 -240.6452524252236 -30.14003306813538 -0.3904855251312256
136.363148209 -240.64572544768453 -30.1400807518512 -0.40718555450439453
136.383100913 -240.6460611410439 -30.140084566548467 -0.4183378219604492
136.403070636 -240.64657993987203 -30.14005214162171 -0.43509387969970703
136.423112616 -240.6469614095986 -30.139975847676396 -0.4463069438934326
136.443225629 -240.64754124358296 -30.139813723042607 -0.46314549446105957
136.463157463 -240.6479684896767 -30.13967257924378 -0.4743952751159668
136.483123582 -240.64865513518453 -30.139418901875615 -0.4912745952606201
136.503082564 -240.6491128988564 -30.139222444966435 -0.5025327205657959
136.523096703 -240.64983006194234 -30.138888658955693 -0.519432783126831
136.543218114 -240.65030308440328 -30.138654055073857 -0.5306878089904785
136.563149827 -240.6511880941689 -30.138583483174443 -0.5472159385681152
136.583153023 -240.65198155120015 -30.138781847432256 -0.5579385757446289
136.60305931 -240.65340061858296 -30.139405550435185 -0.5735883712768555
136.623099064 -240.6544839926064 -30.140124620869756 -0.5832834243774414
136.643264204 -240.6561929769814 -30.141413988545537 -0.5975432395935059
136.663735703 -240.6574136801064 -30.142478289082646 -0.6066710948944092
136.683174693 -240.6593210287392 -30.144370378926396 -0.6197710037231445
136.703081573 -240.6606332845986 -30.14573604054749 -0.6284279823303223
136.723131598 -240.66267796233296 -30.148175539448857 -0.6406350135803223
136.743220114 -240.6640512533486 -30.149901689961553 -0.6486315727233887
136.763195123 -240.6661264486611 -30.152615847066045 -0.6604455709457397
136.783169695 -240.6674997396767 -30.154492678120732 -0.6681792736053467
136.803073252 -240.6695749349892 -30.157395662739873 -0.6796350479125977
136.823089876 -240.6710092611611 -30.15944224782288 -0.686835527420044
136.843229419 -240.6731149740517 -30.16250735707581 -0.6977019309997559
136.863237481 -240.67451878264546 -30.164592089131474 -0.7047712802886963
136.883185229 -240.6766244955361 -30.167771639302373 -0.7150532007217407
136.90310842 -240.67798252776265 -30.16986400075257 -0.7219914197921753
136.923109932 -240.68001194670796 -30.17307979054749 -0.7318515777587891
136.943223082 -240.6813394613564 -30.17520266957581 -0.738419771194458
136.963168623 -240.6832468099892 -30.178338350728154 -0.748291015625
136.983185234 -240.68449803069234 -30.180463137105107 -0.7545331716537476
137.003093124 -240.68628330901265 -30.1835435051471 -0.7641243934631348
137.023115485 -240.68742771819234 -30.185559572651982 -0.7704463005065918
137.043245753 -240.68906040862203 -30.18846637196839 -0.7801669836044312
137.063170269 -240.69009800627828 -30.190350832417607 -0.7865875959396362
137.083176065 -240.69156285002828 -30.19308597035706 -0.7960964441299438
137.103074503 -240.6924936361611 -30.194819750264287 -0.802623987197876
137.123096877 -240.69380589202046 -30.19743853993714 -0.812004566192627
137.143253878 -240.69462986662984 -30.199113192036748 -0.8183379173278809
137.163171614 -240.6957895345986 -30.201518358662724 -0.8279815912246704
137.183154614 -240.6965219564736 -30.203097643330693 -0.8341357707977295
137.203093617 -240.69760533049703 -30.205382646992803 -0.8435360193252563
137.223109021 -240.6983072347939 -30.206847490742803 -0.849616527557373
137.243214286 -240.69934483245015 -30.208939852192998 -0.8584427833557129
137.263184075 -240.7000162191689 -30.210280718281865 -0.8644058704376221
137.283191135 -240.7010690756142 -30.212306322529912 -0.8727558851242065
137.30313236 -240.70174046233296 -30.213605226948857 -0.8786662817001343
137.32309481 -240.70279331877828 -30.21560794301331 -0.8869057893753052
137.34321775 -240.70352574065328 -30.21697741933167 -0.8923112154006958
137.363253989 -240.70474644377828 -30.21901256032288 -0.9004757404327393
137.383142548 -240.70561619475484 -30.220210375264287 -0.9053131341934204
137.403075584 -240.7059518881142 -30.220513643696904 -0.909941554069519
137.42308443 -240.70584507659078 -30.220595659688115 -0.9126359224319458
137.443201706 -240.7043649740517 -30.219714464619756 -0.9148826599121094
137.463194426 -240.70320530608296 -30.218884767964482 -0.9164469242095947
137.483203702 -240.70145054534078 -30.21758014149964 -0.9182580709457397
137.503104355 -240.7002603597939 -30.216670336201787 -0.9195213317871094
137.523097208 -240.69844456389546 -30.21522838063538 -0.921369194984436
137.543234465 -240.69719334319234 -30.214276613667607 -0.9222676753997803
137.563193223 -240.6953012533486 -30.212762178853154 -0.9241777658462524
137.58314012 -240.6941110678017 -30.21182376332581 -0.9251749515533447
137.603078872 -240.6923715658486 -30.21045428700745 -0.9269382953643799
137.623095932 -240.69128819182515 -30.20962649770081 -0.9280760288238525
137.643227956 -240.6897623129189 -30.20841151662171 -0.9296741485595703
137.663219978 -240.68875523284078 -30.207595171406865 -0.9309004545211792
137.68314565 -240.68741245940328 -30.20653277821839 -0.9323593378067017
137.703094587 -240.6865427084267 -30.205907167866826 -0.9333783388137817
137.723096131 -240.68527622893453 -30.20500117726624 -0.9350016117095947
137.743202688 -240.6845590658486 -30.204474749043584 -0.9358699321746826
137.763200599 -240.68352146819234 -30.2036851067096 -0.9374539852142334
137.783141832 -240.68289585784078 -30.203198732808232 -0.938462495803833
137.803073893 -240.68204136565328 -30.202548326924443 -0.9399691820144653
137.823141685 -240.68147679045796 -30.202122988179326 -0.9411431550979614
137.843249559 -240.68071385100484 -30.201571764424443 -0.9428536891937256
137.863209478 -240.6801950521767 -30.201218904927373 -0.9441624879837036
137.883219456 -240.6795847006142 -30.20078212209046 -0.9457952976226807
137.90314016 -240.6791879720986 -30.200499834492803 -0.9469466209411621
137.923131845 -240.6786539144814 -30.200093569234014 -0.9487683773040771
137.943287287 -240.6783639974892 -30.199858965352178 -0.9497555494308472
137.963395766 -240.67793675139546 -30.199498476460576 -0.9514819383621216
137.983270714 -240.6776773519814 -30.199275316670537 -0.9525564908981323
138.003078308 -240.6773569174111 -30.19895106740296 -0.9541131258010864
138.023116507 -240.6771432943642 -30.19872218556702 -0.9552698135375977
138.043304452 -240.6768991537392 -30.19839602895081 -0.956615686416626
138.063926757 -240.67676182463765 -30.198167147114873 -0.9575697183609009
138.083301371 -240.6765787191689 -30.19781238026917 -0.9590044021606445
138.1031279 -240.6765024252236 -30.197566332295537 -0.9600135087966919
138.123097465 -240.67644139006734 -30.19713336415589 -0.9615476131439209
138.143193778 -240.67648716643453 -30.196772875264287 -0.9622830152511597
138.163625465 -240.67654820159078 -30.19620448537171 -0.9636046886444092
138.18319198 -240.6766244955361 -30.195809664204717 -0.9643944501876831
138.203112486 -240.67679234221578 -30.195226015523076 -0.9655033349990845
138.223112965 -240.6768991537392 -30.19482928700745 -0.9663772583007812
138.243253827 -240.6771890707314 -30.194310488179326 -0.9673340320587158
138.263399437 -240.67740269377828 -30.194051088765264 -0.9680758714675903
138.283180006 -240.67773838713765 -30.193665804341435 -0.9691803455352783
138.303148067 -240.67802830412984 -30.1934312004596 -0.9696885347366333
138.323122111 -240.6784097738564 -30.19307261891663 -0.9706830978393555
138.343209217 -240.6786539144814 -30.19284755177796 -0.971318244934082
138.364258957 -240.67898960784078 -30.19250995106995 -0.9724969863891602
138.384188253 -240.6792184896767 -30.19229251332581 -0.9732456207275391
138.404168871 -240.6795541830361 -30.191964449360967 -0.9743118286132812
138.424171752 -240.6797525472939 -30.191739382222295 -0.9751474857330322
138.444302099 -240.6800729818642 -30.191434206441045 -0.9760299921035767
138.464239387 -240.68027134612203 -30.191235842183232 -0.9766751527786255
138.484229798 -240.68054600432515 -30.190940203145146 -0.9777020215988159
138.504190678 -240.68074436858296 -30.19080096669495 -0.9781543016433716
138.5242599 -240.6810190267861 -30.19060260243714 -0.9790161848068237
138.5443199 -240.68123264983296 -30.1905015129596 -0.9795413017272949
138.564262384 -240.6815378256142 -30.190282167866826 -0.9802130460739136
138.584206267 -240.68173618987203 -30.18999988026917 -0.9807283878326416
138.604181205 -240.68205662444234 -30.189645113423467 -0.9811772108078003
138.624152374 -240.6822397299111 -30.189391436055303 -0.9818023443222046
138.644286921 -240.6825143881142 -30.18907100148499 -0.9823915958404541
138.664396292 -240.68266697600484 -30.188855471089482 -0.9828299283981323
138.684241633 -240.68283482268453 -30.188533129170537 -0.9835509061813354
138.704185588 -240.68295689299703 -30.188348116353154 -0.9837868213653564
138.724251269 -240.6830942220986 -30.188082994893193 -0.9843484163284302
138.744561875 -240.6831705160439 -30.18794566579163 -0.9846775531768799
138.764302811 -240.6832925863564 -30.18778354115784 -0.9850871562957764
138.784273189 -240.68335362151265 -30.187678636983037 -0.9854346513748169
138.804182179 -240.6834909506142 -30.18761187978089 -0.9855751991271973
138.824177779 -240.68359776213765 -30.187587084248662 -0.9856910705566406
138.84429275 -240.68375035002828 -30.18757945485413 -0.9859085083007812
138.864412154 -240.68387242034078 -30.18764621205628 -0.9858490228652954
138.884225983 -240.68404026702046 -30.187711061909795 -0.9861630201339722
138.90419183 -240.68417759612203 -30.187854113057256 -0.9861671924591064
138.924174096 -240.68436070159078 -30.188077272847295 -0.9863512516021729
138.944514015 -240.6844675131142 -30.188262285664678 -0.9864190816879272
138.964562678 -240.68465061858296 -30.188592256978154 -0.9864310026168823
138.984258697 -240.6847574301064 -30.188817324116826 -0.9865200519561768
139.004205491 -240.6849252767861 -30.189284624531865 -0.9862720966339111
139.024200151 -240.6850473470986 -30.189778627827764 -0.9860426187515259
139.044285258 -240.68521519377828 -30.19053584523499 -0.9857463836669922
139.064837117 -240.6853220053017 -30.191096605733037 -0.9853191375732422
139.084256303 -240.68547459319234 -30.19194537587464 -0.9848681688308716
139.104213237 -240.68558140471578 -30.192551912739873 -0.9845274686813354
139.124188224 -240.68574925139546 -30.193490328267217 -0.983879804611206
139.144408537 -240.68584080412984 -30.194114031270146 -0.9835700988769531
139.164740392 -240.68600865080953 -30.195042910054326 -0.9830327033996582
139.18733492 -240.68611546233296 -30.195651354268193 -0.982793927192688
139.209582718 -240.68631382659078 -30.19657832570374 -0.9820774793624878
139.23229758 -240.68645115569234 -30.197301210835576 -0.9816809892654419
139.251934132 -240.68664951995015 -30.198556246235967 -0.9812182188034058
139.271907878 -240.68677159026265 -30.199424089863896 -0.9806971549987793
139.292003513 -240.68692417815328 -30.20072108693421 -0.9800745248794556
139.312040812 -240.6870309896767 -30.2016041893512 -0.9796446561813354
139.331998354 -240.68718357756734 -30.202985109761357 -0.9789161682128906
139.353052901 -240.68729038909078 -30.203913988545537 -0.9785680770874023
139.373015636 -240.68747349455953 -30.20561915822327 -0.9779011011123657
139.393046118 -240.6876108236611 -30.20683986134827 -0.9775400161743164
139.41402185 -240.68782444670796 -30.2086842674762 -0.9770971536636353
139.433486795 -240.6879770345986 -30.209922136738896 -0.9768483638763428
139.453067839 -240.68819065764546 -30.21178943105042 -0.976550817489624
139.473001029 -240.68831272795796 -30.213069261983037 -0.9761878252029419
139.493044901 -240.68848057463765 -30.214988054707646 -0.9758008718490601
139.51347498 -240.68860264495015 -30.21628505177796 -0.97553551197052
139.533062828 -240.68877049162984 -30.21825343556702 -0.9750423431396484
139.553074384 -240.68889256194234 -30.21956187672913 -0.9748390913009644
139.573016481 -240.68909092620015 -30.22155505605042 -0.9742136001586914
139.593052477 -240.6892282553017 -30.22286349721253 -0.9738173484802246
139.613544394 -240.68945713713765 -30.224799456074834 -0.9733160734176636
139.633296628 -240.68965550139546 -30.226094545796514 -0.972765326499939
139.65303656 -240.68999119475484 -30.228226961567998 -0.9720166921615601
139.673041563 -240.69022007659078 -30.22960406728089 -0.9714895486831665
139.693015319 -240.69058628752828 -30.231335939839482 -0.9706577062606812
139.713200646 -240.69083042815328 -30.232449831441045 -0.9700556993484497
139.733037307 -240.69125767424703 -30.234105410054326 -0.9690520763397217
139.753001483 -240.6915475912392 -30.235198320820928 -0.9685021638870239
139.773112107 -240.6920358724892 -30.23683482594788 -0.9673582315444946
139.795726861 -240.69238682463765 -30.237902941182256 -0.9666038751602173
139.819092811 -240.69292088225484 -30.239219011738896 -0.9656752347946167
139.839041842 -240.69331761077046 -30.240073503926396 -0.9648497104644775
139.859066016 -240.6939127035439 -30.241339983418584 -0.9638055562973022
139.879194242 -240.6943246908486 -30.242173494771123 -0.9630868434906006
139.899186813 -240.6949350424111 -30.243380846455693 -0.9619350433349609
139.919085769 -240.69536228850484 -30.244166674092412 -0.9613085985183716
139.939061339 -240.69600315764546 -30.24525767751038 -0.9600702524185181
139.959060199 -240.6964304037392 -30.245984377339482 -0.9595366716384888
139.97914393 -240.69710179045796 -30.24718409962952 -0.9583332538604736
139.999120004 -240.69754429534078 -30.248069109395146 -0.9574453830718994
140.01910138 -240.69821568205953 -30.249369921162724 -0.9561842679977417
140.039045849 -240.6986276693642 -30.250104250386357 -0.9550621509552002
140.059042066 -240.6992380209267 -30.251031221821904 -0.9534560441970825
140.079160713 -240.69961949065328 -30.251635851338506 -0.9523601531982422
140.099260078 -240.70016880705953 -30.252532305195928 -0.9505960941314697
140.119078273 -240.70051975920796 -30.25313121266663 -0.9495630264282227
140.139043582 -240.70105381682515 -30.25399905629456 -0.9477431774139404
140.159041856 -240.70138951018453 -30.25475818105042 -0.9465010166168213
140.179225467 -240.70187779143453 -30.25591212697327 -0.9447404146194458
140.199131772 -240.70218296721578 -30.256654085591435 -0.9433660507202148
140.219137017 -240.7026559896767 -30.25749904103577 -0.94156813621521
140.239049618 -240.7029459066689 -30.258021654561162 -0.9402240514755249
140.259053556 -240.7033578939736 -30.25881320424378 -0.9384117126464844
140.27918934 -240.7036020345986 -30.25933581776917 -0.9372122287750244
140.299116584 -240.7039224691689 -30.260104479268193 -0.9353421926498413
140.319119743 -240.7041208334267 -30.260674776509404 -0.9342033863067627
140.339098908 -240.7044107504189 -30.261699022725224 -0.9321880340576172
140.359130444 -240.7046091146767 -30.26236087270081 -0.930907130241394
140.379311607 -240.7048990316689 -30.263331713154912 -0.9290788173675537
140.399320702 -240.7050668783486 -30.263911547139287 -0.9277293682098389
140.419133016 -240.7053415365517 -30.26476794667542 -0.9258826971054077
140.439091235 -240.70552464202046 -30.26530391164124 -0.9246435165405273
140.459092514 -240.70581455901265 -30.26607066579163 -0.9227808713912964
140.479187557 -240.70602818205953 -30.266583742573857 -0.9216591119766235
140.499246902 -240.70633335784078 -30.267285646870732 -0.9199460744857788
140.519121491 -240.70654698088765 -30.267749132588506 -0.9189208745956421
140.539091174 -240.7068521566689 -30.268492998555303 -0.9172667264938354
140.559069073 -240.70706577971578 -30.269110979512334 -0.9163155555725098
140.579324938 -240.7073862142861 -30.27000361867249 -0.914992094039917
140.59933114 -240.70759983733296 -30.27055293507874 -0.913998007774353
140.6196235 -240.70792027190328 -30.271384539082646 -0.9126861095428467
140.639083582 -240.7081186361611 -30.2719166893512 -0.9117993116378784
140.659087697 -240.7084390707314 -30.272530855610967 -0.91051185131073
140.679264481 -240.70866795256734 -30.272847475484014 -0.9098180532455444
140.699380096 -240.70898838713765 -30.27319652028382 -0.9085148572921753
140.719245962 -240.70918675139546 -30.273419680073857 -0.9076821804046631
140.739084155 -240.7094919271767 -30.273742021992803 -0.9064575433731079
140.759082415 -240.70969029143453 -30.27394992299378 -0.9056504964828491
140.779254963 -240.71001072600484 -30.2742417473346 -0.9044735431671143
140.799652916 -240.71017857268453 -30.27435618825257 -0.9035079479217529
140.819531619 -240.71045323088765 -30.27456027455628 -0.9021965265274048
140.839100132 -240.7105905599892 -30.274537386372685 -0.9013590812683105
140.859110293 -240.71078892424703 -30.274434389546514 -0.9000849723815918
140.879290189 -240.71091099455953 -30.27439242787659 -0.8993308544158936
140.899540017 -240.71101780608296 -30.274277986958623 -0.8979407548904419
140.919143254 -240.7110788412392 -30.274203600361943 -0.8970615863800049
140.93910291 -240.7111703939736 -30.27410060353577 -0.8957819938659668
140.959125347 -240.71121617034078 -30.273999514058232 -0.8947815895080566
140.979298636 -240.71130772307515 -30.273881258442998 -0.8934398889541626
140.999728855 -240.7113687582314 -30.273755373433232 -0.892531156539917
141.02023888 -240.7114908285439 -30.2733815331012 -0.8914375305175781
141.040233602 -240.71159764006734 -30.2731431145221 -0.8906549215316772
141.060206174 -240.71175022795796 -30.27278453297913 -0.8893858194351196
141.080515607 -240.7118570394814 -30.27257281728089 -0.8886374235153198
141.100363312 -240.71200962737203 -30.272197069600224 -0.8873002529144287
141.120279095 -240.7121469564736 -30.271931948140264 -0.8864504098892212
141.140287516 -240.71236057952046 -30.27152186818421 -0.8852216005325317
141.16022056 -240.71249790862203 -30.27121859975159 -0.8842334747314453
141.180556604 -240.71274204924703 -30.27078372426331 -0.8828855752944946
141.201554823 -240.71294041350484 -30.270472826436162 -0.881894588470459
141.221294061 -240.7132761068642 -30.26996165700257 -0.8803491592407227
141.241308243 -240.71353550627828 -30.269635500386357 -0.8794056177139282
141.261219949 -240.71396275237203 -30.269042314961553 -0.8777371644973755
141.281567466 -240.71426792815328 -30.268702806904912 -0.8768465518951416
141.301348079 -240.7147104330361 -30.268094362691045 -0.875153660774231
141.321307425 -240.71501560881734 -30.26769191212952 -0.8740510940551758
141.341275889 -240.71548863127828 -30.267091097310185 -0.8724229335784912
141.361246663 -240.7158395834267 -30.266656221821904 -0.8711585998535156
141.381865314 -240.71640415862203 -30.266053499653935 -0.8694113492965698
