elapsed_sec,phase,north_m,east_m,down_m
0.014,takeoff,-0.047,0.013,-0.004
0.048,takeoff,-0.047,0.014,-0.004
0.083,takeoff,-0.047,0.015,-0.003
0.115,takeoff,-0.047,0.015,-0.003
0.151,takeoff,-0.047,0.015,-0.003
0.185,takeoff,-0.047,0.015,-0.003
0.216,takeoff,-0.047,0.015,-0.003
0.251,takeoff,-0.047,0.015,-0.003
0.284,takeoff,-0.047,0.015,-0.002
0.318,takeoff,-0.048,0.014,-0.002
0.352,takeoff,-0.049,0.013,-0.001
0.386,takeoff,-0.050,0.013,-0.001
0.417,takeoff,-0.050,0.012,-0.001
0.452,takeoff,-0.051,0.011,-0.000
0.486,takeoff,-0.053,0.010,0.000
0.518,takeoff,-0.054,0.009,0.001
0.553,takeoff,-0.055,0.008,0.002
0.587,takeoff,-0.056,0.007,0.003
0.619,takeoff,-0.056,0.006,0.004
0.653,takeoff,-0.057,0.006,0.006
0.687,takeoff,-0.058,0.005,0.007
0.720,takeoff,-0.058,0.004,0.009
0.754,takeoff,-0.059,0.004,0.010
0.788,takeoff,-0.060,0.003,0.012
0.820,takeoff,-0.061,0.002,0.013
0.854,takeoff,-0.062,0.002,0.015
0.888,takeoff,-0.063,0.001,0.017
0.920,takeoff,-0.063,0.000,0.018
0.954,takeoff,-0.064,-0.000,0.019
0.988,takeoff,-0.064,-0.001,0.020
1.020,takeoff,-0.064,-0.002,0.022
1.055,takeoff,-0.065,-0.002,0.023
1.088,takeoff,-0.065,-0.003,0.024
1.120,takeoff,-0.065,-0.003,0.025
1.154,takeoff,-0.065,-0.004,0.026
1.188,takeoff,-0.066,-0.004,0.027
1.220,takeoff,-0.066,-0.004,0.028
1.254,takeoff,-0.067,-0.005,0.029
1.288,takeoff,-0.067,-0.005,0.030
1.320,takeoff,-0.068,-0.005,0.031
1.354,takeoff,-0.069,-0.006,0.032
1.405,takeoff,-0.070,-0.006,0.032
1.437,takeoff,-0.070,-0.007,0.033
1.471,takeoff,-0.071,-0.007,0.034
1.505,takeoff,-0.072,-0.007,0.035
1.537,takeoff,-0.072,-0.007,0.036
1.572,takeoff,-0.072,-0.007,0.037
1.606,takeoff,-0.072,-0.007,0.038
1.638,takeoff,-0.072,-0.008,0.038
1.672,takeoff,-0.072,-0.008,0.039
1.706,takeoff,-0.072,-0.008,0.039
1.738,takeoff,-0.072,-0.008,0.040
1.772,takeoff,-0.072,-0.008,0.040
1.806,takeoff,-0.072,-0.008,0.041
1.838,takeoff,-0.071,-0.008,0.041
1.872,takeoff,-0.071,-0.008,0.041
1.906,takeoff,-0.070,-0.008,0.041
1.938,takeoff,-0.070,-0.008,0.041
1.972,takeoff,-0.070,-0.009,0.041
2.006,takeoff,-0.070,-0.009,0.041
2.038,takeoff,-0.069,-0.009,0.041
2.072,takeoff,-0.069,-0.010,0.041
2.106,takeoff,-0.068,-0.010,0.040
2.138,takeoff,-0.068,-0.010,0.040
2.172,takeoff,-0.068,-0.010,0.039
2.206,takeoff,-0.067,-0.010,0.037
2.238,takeoff,-0.067,-0.011,0.034
2.272,takeoff,-0.066,-0.011,0.029
2.306,takeoff,-0.066,-0.011,0.021
2.338,takeoff,-0.065,-0.011,0.013
2.372,takeoff,-0.064,-0.011,0.002
2.406,takeoff,-0.064,-0.010,-0.011
2.438,takeoff,-0.063,-0.009,-0.027
2.472,takeoff,-0.061,-0.008,-0.045
2.506,takeoff,-0.059,-0.005,-0.071
2.538,takeoff,-0.057,-0.003,-0.095
2.572,takeoff,-0.055,0.000,-0.121
2.606,takeoff,-0.053,0.003,-0.150
2.638,takeoff,-0.051,0.007,-0.182
2.672,takeoff,-0.048,0.010,-0.217
2.706,takeoff,-0.045,0.015,-0.263
2.738,takeoff,-0.042,0.019,-0.304
2.772,takeoff,-0.039,0.023,-0.347
2.806,takeoff,-0.036,0.027,-0.392
2.838,takeoff,-0.033,0.031,-0.440
2.872,takeoff,-0.029,0.035,-0.491
2.906,takeoff,-0.026,0.040,-0.558
2.938,takeoff,-0.023,0.045,-0.615
2.972,takeoff,-0.020,0.049,-0.673
3.006,takeoff,-0.017,0.052,-0.735
3.038,takeoff,-0.014,0.056,-0.799
3.072,takeoff,-0.012,0.059,-0.865
3.106,takeoff,-0.009,0.063,-0.951
3.138,takeoff,-0.006,0.066,-1.023
3.173,takeoff,-0.005,0.068,-1.097
3.207,takeoff,-0.003,0.070,-1.173
3.239,takeoff,-0.002,0.072,-1.251
3.273,takeoff,-0.001,0.074,-1.330
3.307,takeoff,0.000,0.075,-1.431
3.340,takeoff,0.001,0.076,-1.513
3.373,takeoff,0.001,0.076,-1.596
3.407,takeoff,0.001,0.076,-1.679
3.439,takeoff,0.000,0.077,-1.763
3.473,takeoff,-0.000,0.076,-1.847
3.507,takeoff,-0.001,0.076,-1.952
3.539,takeoff,-0.002,0.076,-2.037
3.573,takeoff,-0.003,0.075,-2.122
3.607,takeoff,-0.005,0.074,-2.207
3.639,takeoff,-0.006,0.073,-2.292
3.673,takeoff,-0.008,0.072,-2.377
3.707,takeoff,-0.011,0.070,-2.484
3.739,takeoff,-0.013,0.069,-2.569
3.774,takeoff,-0.015,0.067,-2.655
3.808,takeoff,-0.018,0.066,-2.741
3.840,takeoff,-0.020,0.064,-2.826
3.874,takeoff,-0.023,0.063,-2.912
3.908,takeoff,-0.026,0.061,-3.020
3.940,takeoff,-0.029,0.059,-3.106
3.974,takeoff,-0.032,0.058,-3.192
4.008,takeoff,-0.035,0.056,-3.278
4.040,takeoff,-0.038,0.054,-3.364
4.074,takeoff,-0.041,0.052,-3.450
4.108,takeoff,-0.044,0.050,-3.558
4.140,takeoff,-0.047,0.048,-3.645
4.174,takeoff,-0.050,0.046,-3.731
4.208,takeoff,-0.052,0.044,-3.817
4.240,takeoff,-0.055,0.042,-3.904
4.274,takeoff,-0.057,0.040,-3.990
4.308,takeoff,-0.060,0.037,-4.099
4.340,takeoff,-0.063,0.035,-4.185
4.374,takeoff,-0.065,0.033,-4.272
4.408,takeoff,-0.068,0.031,-4.359
4.440,takeoff,-0.070,0.029,-4.446
4.474,takeoff,-0.072,0.027,-4.533
4.508,takeoff,-0.076,0.025,-4.641
4.540,takeoff,-0.078,0.023,-4.728
4.574,takeoff,-0.080,0.022,-4.816
4.608,takeoff,-0.083,0.020,-4.903
4.640,takeoff,-0.085,0.018,-4.990
4.674,takeoff,-0.087,0.017,-5.078
4.708,takeoff,-0.089,0.015,-5.187
4.740,takeoff,-0.091,0.014,-5.275
4.775,takeoff,-0.092,0.013,-5.363
4.809,takeoff,-0.094,0.012,-5.451
4.841,takeoff,-0.095,0.011,-5.539
4.875,takeoff,-0.096,0.010,-5.628
4.909,takeoff,-0.097,0.009,-5.739
4.941,takeoff,-0.098,0.008,-5.827
4.975,takeoff,-0.098,0.007,-5.916
5.009,takeoff,-0.099,0.006,-6.005
5.041,takeoff,-0.099,0.005,-6.094
5.075,takeoff,-0.100,0.004,-6.183
5.109,takeoff,-0.100,0.003,-6.295
5.141,takeoff,-0.101,0.001,-6.384
5.175,takeoff,-0.101,0.000,-6.474
5.209,takeoff,-0.102,-0.001,-6.563
5.242,takeoff,-0.102,-0.003,-6.653
5.276,takeoff,-0.103,-0.004,-6.743
5.308,takeoff,-0.104,-0.006,-6.833
5.342,takeoff,-0.104,-0.008,-6.945
5.377,takeoff,-0.105,-0.009,-7.035
5.408,takeoff,-0.105,-0.011,-7.126
5.442,takeoff,-0.106,-0.012,-7.216
5.476,takeoff,-0.106,-0.014,-7.306
5.508,takeoff,-0.107,-0.015,-7.396
5.543,takeoff,-0.107,-0.017,-7.509
5.576,takeoff,-0.108,-0.018,-7.600
5.608,takeoff,-0.108,-0.020,-7.690
5.642,takeoff,-0.108,-0.021,-7.781
5.676,takeoff,-0.108,-0.023,-7.871
5.709,takeoff,-0.108,-0.024,-7.962
5.743,takeoff,-0.108,-0.026,-8.075
5.776,takeoff,-0.108,-0.027,-8.166
5.808,takeoff,-0.108,-0.029,-8.257
5.843,takeoff,-0.107,-0.030,-8.348
5.876,takeoff,-0.107,-0.031,-8.440
5.909,takeoff,-0.107,-0.033,-8.531
5.942,takeoff,-0.106,-0.034,-8.645
5.976,takeoff,-0.105,-0.035,-8.737
6.008,takeoff,-0.105,-0.036,-8.828
6.043,takeoff,-0.104,-0.038,-8.920
6.076,takeoff,-0.103,-0.039,-9.012
6.108,takeoff,-0.102,-0.040,-9.103
6.142,takeoff,-0.101,-0.041,-9.218
6.176,takeoff,-0.100,-0.042,-9.310
6.209,takeoff,-0.099,-0.043,-9.402
6.242,takeoff,-0.098,-0.044,-9.494
6.276,takeoff,-0.097,-0.045,-9.586
6.308,takeoff,-0.095,-0.046,-9.678
6.342,takeoff,-0.094,-0.047,-9.794
6.376,takeoff,-0.092,-0.048,-9.886
6.408,takeoff,-0.091,-0.049,-9.979
6.442,takeoff,-0.089,-0.050,-10.071
6.476,takeoff,-0.088,-0.051,-10.164
6.508,takeoff,-0.086,-0.051,-10.256
6.544,takeoff,-0.084,-0.052,-10.372
6.578,takeoff,-0.083,-0.053,-10.465
6.610,takeoff,-0.081,-0.054,-10.557
6.645,takeoff,-0.079,-0.055,-10.650
6.679,takeoff,-0.078,-0.056,-10.743
6.711,takeoff,-0.076,-0.057,-10.836
6.745,takeoff,-0.074,-0.058,-10.952
6.779,takeoff,-0.072,-0.058,-11.045
6.811,takeoff,-0.070,-0.059,-11.138
6.845,takeoff,-0.069,-0.059,-11.231
6.879,takeoff,-0.067,-0.060,-11.324
6.911,takeoff,-0.065,-0.060,-11.417
6.945,takeoff,-0.062,-0.061,-11.533
6.980,takeoff,-0.061,-0.061,-11.626
7.013,takeoff,-0.059,-0.061,-11.719
7.047,takeoff,-0.057,-0.061,-11.812
7.081,takeoff,-0.055,-0.061,-11.906
7.113,takeoff,-0.053,-0.062,-11.999
7.147,takeoff,-0.050,-0.062,-12.116
7.181,takeoff,-0.049,-0.062,-12.209
7.213,takeoff,-0.047,-0.062,-12.302
7.247,takeoff,-0.045,-0.062,-12.395
7.281,takeoff,-0.043,-0.062,-12.488
7.314,takeoff,-0.041,-0.062,-12.581
7.348,takeoff,-0.039,-0.063,-12.698
7.384,takeoff,-0.037,-0.063,-12.791
7.416,takeoff,-0.036,-0.063,-12.884
7.450,takeoff,-0.034,-0.063,-12.977
7.484,takeoff,-0.032,-0.063,-13.070
7.516,takeoff,-0.031,-0.063,-13.163
7.550,takeoff,-0.029,-0.063,-13.279
7.585,takeoff,-0.027,-0.063,-13.372
7.617,takeoff,-0.026,-0.063,-13.465
7.651,takeoff,-0.024,-0.063,-13.558
7.685,takeoff,-0.023,-0.063,-13.651
7.717,takeoff,-0.021,-0.063,-13.744
7.751,takeoff,-0.019,-0.063,-13.861
7.800,takeoff,-0.018,-0.063,-13.954
7.848,takeoff,-0.016,-0.063,-14.047
7.880,takeoff,-0.014,-0.063,-14.141
7.914,takeoff,-0.012,-0.063,-14.234
7.948,takeoff,-0.010,-0.062,-14.351
7.980,takeoff,-0.008,-0.062,-14.444
8.014,takeoff,-0.006,-0.062,-14.538
8.048,takeoff,-0.004,-0.062,-14.631
8.080,takeoff,-0.002,-0.061,-14.725
8.114,takeoff,-0.000,-0.061,-14.818
8.148,takeoff,0.002,-0.060,-14.935
8.180,takeoff,0.004,-0.059,-15.028
8.214,takeoff,0.006,-0.059,-15.122
8.248,takeoff,0.007,-0.058,-15.215
8.280,takeoff,0.009,-0.057,-15.309
8.314,takeoff,0.010,-0.057,-15.402
8.348,takeoff,0.011,-0.056,-15.519
8.380,takeoff,0.013,-0.055,-15.613
8.414,takeoff,0.014,-0.054,-15.706
8.448,takeoff,0.015,-0.053,-15.800
8.480,takeoff,0.017,-0.052,-15.894
8.514,takeoff,0.018,-0.051,-15.987
8.548,takeoff,0.019,-0.049,-16.105
8.580,takeoff,0.020,-0.048,-16.198
8.614,takeoff,0.021,-0.046,-16.292
8.648,takeoff,0.022,-0.045,-16.386
8.680,takeoff,0.023,-0.043,-16.479
8.714,takeoff,0.023,-0.041,-16.573
8.748,takeoff,0.024,-0.039,-16.690
8.780,takeoff,0.024,-0.037,-16.784
8.814,takeoff,0.025,-0.035,-16.879
8.848,takeoff,0.025,-0.033,-16.973
8.880,takeoff,0.025,-0.031,-17.067
8.914,takeoff,0.025,-0.029,-17.161
8.948,takeoff,0.025,-0.026,-17.279
8.980,takeoff,0.025,-0.023,-17.374
9.014,takeoff,0.025,-0.020,-17.468
9.048,takeoff,0.025,-0.018,-17.563
9.080,takeoff,0.024,-0.015,-17.657
9.114,takeoff,0.024,-0.012,-17.751
9.148,takeoff,0.023,-0.009,-17.869
9.181,takeoff,0.023,-0.006,-17.964
9.215,takeoff,0.022,-0.004,-18.058
9.249,takeoff,0.022,-0.001,-18.153
9.281,takeoff,0.021,0.002,-18.247
9.315,takeoff,0.020,0.005,-18.341
9.349,takeoff,0.019,0.008,-18.459
9.381,takeoff,0.018,0.011,-18.554
9.415,takeoff,0.017,0.013,-18.648
9.449,takeoff,0.016,0.016,-18.743
9.481,takeoff,0.015,0.018,-18.837
9.515,takeoff,0.014,0.020,-18.931
9.549,takeoff,0.013,0.023,-19.049
9.581,takeoff,0.012,0.025,-19.144
9.615,takeoff,0.010,0.027,-19.238
9.649,takeoff,0.009,0.028,-19.333
9.681,takeoff,0.008,0.030,-19.428
9.715,takeoff,0.007,0.031,-19.522
9.749,takeoff,0.005,0.033,-19.641
9.781,takeoff,0.004,0.034,-19.736
9.815,takeoff,0.002,0.035,-19.830
9.849,takeoff,0.001,0.036,-19.925
9.881,takeoff,-0.001,0.037,-20.020
9.915,takeoff,-0.003,0.037,-20.115
9.949,takeoff,-0.005,0.038,-20.233
9.981,takeoff,-0.007,0.039,-20.328
10.016,takeoff,-0.009,0.040,-20.423
10.050,takeoff,-0.011,0.041,-20.518
10.083,takeoff,-0.013,0.041,-20.613
10.117,takeoff,-0.014,0.041,-20.708
10.151,takeoff,-0.016,0.042,-20.827
10.183,takeoff,-0.018,0.042,-20.922
10.217,takeoff,-0.019,0.042,-21.017
10.251,takeoff,-0.021,0.042,-21.112
10.283,takeoff,-0.022,0.042,-21.207
10.317,takeoff,-0.023,0.042,-21.301
10.351,takeoff,-0.025,0.041,-21.420
10.383,takeoff,-0.026,0.041,-21.514
10.417,takeoff,-0.027,0.040,-21.609
10.451,takeoff,-0.029,0.040,-21.703
10.483,takeoff,-0.030,0.039,-21.798
10.517,takeoff,-0.031,0.038,-21.892
10.551,takeoff,-0.033,0.037,-22.010
10.583,takeoff,-0.034,0.036,-22.104
10.617,takeoff,-0.036,0.035,-22.199
10.651,takeoff,-0.037,0.034,-22.293
10.683,takeoff,-0.039,0.032,-22.388
10.717,takeoff,-0.041,0.031,-22.482
10.751,takeoff,-0.043,0.030,-22.601
10.783,takeoff,-0.045,0.029,-22.695
10.817,takeoff,-0.047,0.028,-22.790
10.852,takeoff,-0.048,0.026,-22.884
10.884,takeoff,-0.050,0.025,-22.979
10.918,takeoff,-0.052,0.024,-23.074
10.952,takeoff,-0.054,0.023,-23.192
10.984,takeoff,-0.055,0.021,-23.287
11.018,takeoff,-0.057,0.020,-23.382
11.052,takeoff,-0.058,0.019,-23.477
11.084,takeoff,-0.060,0.018,-23.571
11.118,takeoff,-0.061,0.016,-23.666
11.152,takeoff,-0.063,0.015,-23.784
11.184,takeoff,-0.064,0.013,-23.879
11.218,takeoff,-0.066,0.012,-23.973
11.252,takeoff,-0.067,0.011,-24.068
11.284,takeoff,-0.068,0.010,-24.162
11.318,takeoff,-0.069,0.009,-24.257
11.352,takeoff,-0.070,0.008,-24.375
11.384,takeoff,-0.071,0.008,-24.469
11.418,takeoff,-0.071,0.007,-24.564
11.452,takeoff,-0.072,0.006,-24.658
11.484,takeoff,-0.072,0.005,-24.752
11.518,takeoff,-0.073,0.004,-24.847
11.552,takeoff,-0.073,0.003,-24.965
11.584,takeoff,-0.073,0.003,-25.059
11.618,takeoff,-0.073,0.002,-25.153
11.652,takeoff,-0.073,0.001,-25.248
11.684,takeoff,-0.073,0.000,-25.342
11.718,takeoff,-0.072,-0.001,-25.437
11.752,takeoff,-0.072,-0.002,-25.555
11.784,takeoff,-0.072,-0.003,-25.650
11.818,takeoff,-0.072,-0.004,-25.745
11.852,takeoff,-0.071,-0.005,-25.840
11.884,takeoff,-0.071,-0.006,-25.934
11.918,takeoff,-0.071,-0.007,-26.029
11.952,takeoff,-0.070,-0.009,-26.147
11.984,takeoff,-0.070,-0.010,-26.242
12.018,takeoff,-0.070,-0.011,-26.337
12.052,takeoff,-0.070,-0.012,-26.432
12.084,takeoff,-0.069,-0.013,-26.527
12.118,takeoff,-0.069,-0.014,-26.622
12.152,takeoff,-0.069,-0.016,-26.740
12.184,takeoff,-0.068,-0.017,-26.835
12.218,takeoff,-0.068,-0.018,-26.930
12.252,takeoff,-0.068,-0.020,-27.025
12.284,takeoff,-0.067,-0.021,-27.120
12.319,takeoff,-0.067,-0.022,-27.215
12.351,takeoff,-0.066,-0.023,-27.309
12.385,takeoff,-0.065,-0.025,-27.425
12.419,takeoff,-0.065,-0.026,-27.515
12.467,takeoff,-0.064,-0.027,-27.604
12.502,takeoff,-0.064,-0.028,-27.690
12.536,takeoff,-0.063,-0.029,-27.773
12.568,takeoff,-0.063,-0.029,-27.854
12.602,takeoff,-0.062,-0.030,-27.951
12.636,takeoff,-0.061,-0.031,-28.025
12.668,takeoff,-0.061,-0.032,-28.095
12.702,takeoff,-0.060,-0.033,-28.163
12.736,takeoff,-0.059,-0.034,-28.228
12.768,takeoff,-0.059,-0.035,-28.290
12.802,takeoff,-0.058,-0.036,-28.363
12.836,takeoff,-0.057,-0.037,-28.419
12.868,takeoff,-0.056,-0.038,-28.472
12.902,takeoff,-0.055,-0.039,-28.523
12.936,waypoint_1,-0.054,-0.040,-28.571
12.968,waypoint_1,-0.053,-0.040,-28.618
13.002,waypoint_1,-0.051,-0.041,-28.674
13.036,waypoint_1,-0.050,-0.042,-28.720
13.068,waypoint_1,-0.049,-0.043,-28.765
13.102,waypoint_1,-0.048,-0.045,-28.809
13.136,waypoint_1,-0.047,-0.048,-28.852
13.168,waypoint_1,-0.047,-0.053,-28.894
13.202,waypoint_1,-0.048,-0.063,-28.945
13.236,waypoint_1,-0.049,-0.073,-28.983
13.268,waypoint_1,-0.052,-0.087,-29.019
13.304,waypoint_1,-0.056,-0.105,-29.053
13.337,waypoint_1,-0.061,-0.125,-29.084
13.370,waypoint_1,-0.068,-0.150,-29.114
13.404,waypoint_1,-0.079,-0.185,-29.148
13.437,waypoint_1,-0.090,-0.217,-29.173
13.470,waypoint_1,-0.103,-0.253,-29.197
13.504,waypoint_1,-0.119,-0.293,-29.218
13.537,waypoint_1,-0.137,-0.336,-29.238
13.570,waypoint_1,-0.158,-0.382,-29.257
13.604,waypoint_1,-0.187,-0.443,-29.279
13.637,waypoint_1,-0.215,-0.496,-29.295
13.670,waypoint_1,-0.245,-0.550,-29.311
13.704,waypoint_1,-0.278,-0.607,-29.326
13.738,waypoint_1,-0.315,-0.666,-29.340
13.770,waypoint_1,-0.355,-0.727,-29.354
13.805,waypoint_1,-0.409,-0.805,-29.370
13.839,waypoint_1,-0.456,-0.868,-29.383
13.871,waypoint_1,-0.505,-0.933,-29.396
13.905,waypoint_1,-0.556,-0.999,-29.409
13.939,waypoint_1,-0.609,-1.066,-29.421
13.971,waypoint_1,-0.663,-1.133,-29.434
14.005,waypoint_1,-0.733,-1.220,-29.449
14.039,waypoint_1,-0.789,-1.290,-29.461
14.071,waypoint_1,-0.845,-1.362,-29.473
14.105,waypoint_1,-0.901,-1.435,-29.485
14.139,waypoint_1,-0.956,-1.509,-29.496
14.171,waypoint_1,-1.010,-1.585,-29.507
14.206,waypoint_1,-1.075,-1.681,-29.521
14.240,waypoint_1,-1.126,-1.759,-29.532
14.272,waypoint_1,-1.176,-1.839,-29.542
14.306,waypoint_1,-1.224,-1.919,-29.552
14.340,waypoint_1,-1.271,-2.001,-29.562
14.372,waypoint_1,-1.316,-2.084,-29.571
14.406,waypoint_1,-1.370,-2.188,-29.583
14.440,waypoint_1,-1.411,-2.273,-29.592
14.473,waypoint_1,-1.451,-2.358,-29.601
14.507,waypoint_1,-1.490,-2.444,-29.610
14.541,waypoint_1,-1.528,-2.531,-29.618
14.573,waypoint_1,-1.564,-2.618,-29.626
14.607,waypoint_1,-1.608,-2.728,-29.636
14.641,waypoint_1,-1.643,-2.816,-29.644
14.673,waypoint_1,-1.677,-2.905,-29.652
14.707,waypoint_1,-1.710,-2.994,-29.660
14.741,waypoint_1,-1.742,-3.083,-29.667
14.773,waypoint_1,-1.774,-3.172,-29.675
14.807,waypoint_1,-1.813,-3.283,-29.684
14.841,waypoint_1,-1.844,-3.373,-29.691
14.873,waypoint_1,-1.874,-3.462,-29.698
14.907,waypoint_1,-1.904,-3.552,-29.705
14.941,waypoint_1,-1.933,-3.642,-29.712
14.973,waypoint_1,-1.963,-3.732,-29.719
15.007,waypoint_1,-1.999,-3.844,-29.727
15.043,waypoint_1,-2.028,-3.934,-29.733
15.075,waypoint_1,-2.057,-4.023,-29.740
15.109,waypoint_1,-2.085,-4.113,-29.746
15.143,waypoint_1,-2.114,-4.203,-29.752
15.175,waypoint_1,-2.142,-4.293,-29.758
15.209,waypoint_1,-2.177,-4.405,-29.765
15.243,waypoint_1,-2.204,-4.495,-29.771
15.276,waypoint_1,-2.232,-4.585,-29.776
15.309,waypoint_1,-2.259,-4.675,-29.782
15.343,waypoint_1,-2.286,-4.766,-29.787
15.375,waypoint_1,-2.313,-4.856,-29.792
15.409,waypoint_1,-2.346,-4.969,-29.798
15.443,waypoint_1,-2.372,-5.059,-29.803
15.475,waypoint_1,-2.398,-5.149,-29.808
15.509,waypoint_1,-2.424,-5.240,-29.812
15.543,waypoint_1,-2.450,-5.330,-29.817
15.575,waypoint_1,-2.476,-5.420,-29.821
15.609,waypoint_1,-2.509,-5.533,-29.826
15.643,waypoint_1,-2.534,-5.624,-29.830
15.675,waypoint_1,-2.560,-5.714,-29.834
15.709,waypoint_1,-2.585,-5.805,-29.838
15.743,waypoint_1,-2.610,-5.896,-29.842
15.775,waypoint_1,-2.635,-5.987,-29.845
15.809,waypoint_1,-2.667,-6.101,-29.850
15.843,waypoint_1,-2.691,-6.192,-29.853
15.875,waypoint_1,-2.716,-6.284,-29.856
15.909,waypoint_1,-2.741,-6.376,-29.859
15.943,waypoint_1,-2.766,-6.467,-29.862
15.975,waypoint_1,-2.791,-6.560,-29.865
16.009,waypoint_1,-2.822,-6.675,-29.868
16.043,waypoint_1,-2.846,-6.768,-29.871
16.075,waypoint_1,-2.871,-6.860,-29.873
16.109,waypoint_1,-2.896,-6.953,-29.875
16.143,waypoint_1,-2.921,-7.046,-29.877
16.175,waypoint_1,-2.945,-7.139,-29.880
16.209,waypoint_1,-2.976,-7.256,-29.882
16.243,waypoint_1,-3.001,-7.349,-29.884
16.275,waypoint_1,-3.026,-7.442,-29.887
16.309,waypoint_1,-3.050,-7.535,-29.889
16.343,waypoint_1,-3.075,-7.629,-29.891
16.375,waypoint_1,-3.099,-7.722,-29.893
16.409,waypoint_1,-3.130,-7.839,-29.896
16.443,waypoint_1,-3.154,-7.932,-29.898
16.475,waypoint_1,-3.178,-8.026,-29.901
16.509,waypoint_1,-3.203,-8.120,-29.903
16.543,waypoint_1,-3.227,-8.214,-29.905
16.575,waypoint_1,-3.251,-8.308,-29.908
16.609,waypoint_1,-3.281,-8.425,-29.911
16.643,waypoint_1,-3.305,-8.519,-29.913
16.675,waypoint_1,-3.329,-8.613,-29.916
16.709,waypoint_1,-3.352,-8.708,-29.918
16.743,waypoint_1,-3.376,-8.802,-29.920
16.775,waypoint_1,-3.400,-8.896,-29.922
16.809,waypoint_1,-3.430,-9.014,-29.925
16.843,waypoint_1,-3.454,-9.109,-29.927
16.875,waypoint_1,-3.479,-9.203,-29.929
16.910,waypoint_1,-3.503,-9.298,-29.931
16.944,waypoint_1,-3.527,-9.393,-29.933
16.976,waypoint_1,-3.552,-9.488,-29.935
17.010,waypoint_1,-3.583,-9.606,-29.938
17.044,waypoint_1,-3.607,-9.701,-29.940
17.076,waypoint_1,-3.632,-9.796,-29.941
17.110,waypoint_1,-3.657,-9.891,-29.943
17.144,waypoint_1,-3.682,-9.986,-29.945
17.176,waypoint_1,-3.706,-10.081,-29.947
17.210,waypoint_1,-3.737,-10.200,-29.950
17.244,waypoint_1,-3.762,-10.295,-29.951
17.276,waypoint_1,-3.787,-10.390,-29.953
17.310,waypoint_1,-3.812,-10.486,-29.954
17.346,waypoint_1,-3.837,-10.581,-29.956
17.378,waypoint_1,-3.862,-10.676,-29.957
17.412,waypoint_1,-3.893,-10.794,-29.959
17.446,waypoint_1,-3.918,-10.890,-29.960
17.478,waypoint_1,-3.943,-10.985,-29.961
17.512,waypoint_1,-3.968,-11.080,-29.962
17.546,waypoint_1,-3.993,-11.175,-29.963
17.578,waypoint_1,-4.018,-11.270,-29.964
17.612,waypoint_1,-4.050,-11.389,-29.966
17.646,waypoint_1,-4.076,-11.484,-29.966
17.678,waypoint_1,-4.101,-11.578,-29.967
17.712,waypoint_1,-4.127,-11.673,-29.968
17.746,waypoint_1,-4.152,-11.768,-29.968
17.778,waypoint_1,-4.178,-11.862,-29.969
17.812,waypoint_1,-4.210,-11.981,-29.970
17.846,waypoint_1,-4.235,-12.076,-29.971
17.878,waypoint_1,-4.260,-12.170,-29.971
17.912,waypoint_1,-4.286,-12.265,-29.972
17.946,waypoint_1,-4.311,-12.360,-29.973
17.978,waypoint_1,-4.337,-12.455,-29.973
18.012,waypoint_1,-4.369,-12.574,-29.974
18.046,waypoint_1,-4.394,-12.669,-29.975
18.078,waypoint_1,-4.420,-12.764,-29.975
18.112,waypoint_1,-4.445,-12.859,-29.976
18.146,waypoint_1,-4.471,-12.954,-29.976
18.178,waypoint_1,-4.497,-13.049,-29.977
18.212,waypoint_1,-4.529,-13.168,-29.977
18.246,waypoint_1,-4.555,-13.263,-29.977
18.278,waypoint_1,-4.581,-13.358,-29.978
18.312,waypoint_1,-4.606,-13.453,-29.978
18.346,waypoint_1,-4.632,-13.547,-29.979
18.378,waypoint_1,-4.658,-13.642,-29.979
18.412,waypoint_1,-4.690,-13.761,-29.979
18.446,waypoint_1,-4.716,-13.855,-29.979
18.478,waypoint_1,-4.742,-13.950,-29.980
18.512,waypoint_1,-4.767,-14.045,-29.980
18.546,waypoint_1,-4.793,-14.140,-29.980
18.578,waypoint_1,-4.819,-14.234,-29.980
18.612,waypoint_1,-4.851,-14.353,-29.981
18.646,waypoint_1,-4.876,-14.447,-29.981
18.678,waypoint_1,-4.902,-14.542,-29.982
18.712,waypoint_1,-4.927,-14.637,-29.982
18.746,waypoint_1,-4.953,-14.731,-29.983
18.778,waypoint_1,-4.978,-14.826,-29.983
18.812,waypoint_1,-5.009,-14.944,-29.984
18.846,waypoint_1,-5.034,-15.038,-29.984
18.878,waypoint_1,-5.059,-15.133,-29.984
18.912,waypoint_1,-5.084,-15.227,-29.985
18.946,waypoint_1,-5.109,-15.322,-29.985
18.978,waypoint_1,-5.134,-15.416,-29.985
19.012,waypoint_1,-5.165,-15.535,-29.985
19.046,waypoint_1,-5.189,-15.630,-29.985
19.078,waypoint_1,-5.214,-15.725,-29.985
19.112,waypoint_1,-5.238,-15.820,-29.985
19.146,waypoint_1,-5.263,-15.915,-29.984
19.178,waypoint_1,-5.287,-16.010,-29.984
19.212,waypoint_1,-5.318,-16.130,-29.984
19.246,waypoint_1,-5.342,-16.225,-29.984
19.278,waypoint_1,-5.366,-16.321,-29.984
19.312,waypoint_1,-5.391,-16.416,-29.984
19.346,waypoint_1,-5.415,-16.512,-29.984
19.378,waypoint_1,-5.440,-16.608,-29.984
19.412,waypoint_1,-5.470,-16.728,-29.984
19.446,waypoint_1,-5.495,-16.824,-29.984
19.478,waypoint_1,-5.519,-16.920,-29.984
19.512,waypoint_1,-5.544,-17.016,-29.984
19.546,waypoint_1,-5.568,-17.112,-29.985
19.578,waypoint_1,-5.593,-17.208,-29.985
19.612,waypoint_1,-5.623,-17.328,-29.985
19.646,waypoint_1,-5.648,-17.424,-29.986
19.678,waypoint_1,-5.672,-17.520,-29.986
19.712,waypoint_1,-5.697,-17.616,-29.986
19.746,waypoint_1,-5.722,-17.712,-29.986
19.778,waypoint_1,-5.746,-17.807,-29.987
19.812,waypoint_1,-5.777,-17.927,-29.987
19.846,waypoint_1,-5.801,-18.022,-29.987
19.878,waypoint_1,-5.825,-18.118,-29.988
19.912,waypoint_1,-5.850,-18.213,-29.988
19.946,waypoint_1,-5.874,-18.308,-29.988
19.978,waypoint_1,-5.898,-18.403,-29.988
20.012,waypoint_1,-5.929,-18.522,-29.989
20.046,waypoint_1,-5.953,-18.617,-29.990
20.078,waypoint_1,-5.978,-18.711,-29.990
20.112,waypoint_1,-6.003,-18.806,-29.990
20.146,waypoint_1,-6.027,-18.900,-29.991
20.178,waypoint_1,-6.052,-18.995,-29.991
20.212,waypoint_1,-6.082,-19.112,-29.992
20.246,waypoint_1,-6.107,-19.206,-29.992
20.278,waypoint_1,-6.132,-19.300,-29.992
20.312,waypoint_1,-6.156,-19.393,-29.993
20.346,waypoint_1,-6.181,-19.486,-29.993
20.379,waypoint_1,-6.205,-19.579,-29.993
20.413,waypoint_1,-6.236,-19.696,-29.993
20.447,waypoint_1,-6.261,-19.789,-29.993
20.479,waypoint_1,-6.286,-19.882,-29.993
20.513,waypoint_1,-6.311,-19.974,-29.992
20.547,waypoint_1,-6.336,-20.067,-29.992
20.579,waypoint_1,-6.361,-20.160,-29.992
20.613,waypoint_1,-6.392,-20.276,-29.991
20.647,waypoint_1,-6.416,-20.368,-29.991
20.679,waypoint_1,-6.441,-20.461,-29.990
20.713,waypoint_1,-6.466,-20.554,-29.989
20.747,waypoint_1,-6.491,-20.647,-29.989
20.779,waypoint_1,-6.516,-20.740,-29.988
20.813,waypoint_1,-6.547,-20.856,-29.987
20.847,waypoint_1,-6.572,-20.949,-29.987
20.879,waypoint_1,-6.597,-21.041,-29.986
20.913,waypoint_1,-6.622,-21.134,-29.985
20.947,waypoint_1,-6.647,-21.227,-29.985
20.979,waypoint_1,-6.673,-21.320,-29.984
21.013,waypoint_1,-6.704,-21.436,-29.984
21.047,waypoint_1,-6.730,-21.528,-29.983
21.079,waypoint_1,-6.756,-21.621,-29.983
21.113,waypoint_1,-6.782,-21.714,-29.982
21.147,waypoint_1,-6.808,-21.807,-29.982
21.179,waypoint_1,-6.833,-21.900,-29.982
21.213,waypoint_1,-6.866,-22.016,-29.981
21.247,waypoint_1,-6.892,-22.109,-29.981
21.279,waypoint_1,-6.917,-22.202,-29.981
21.313,waypoint_1,-6.943,-22.295,-29.980
21.347,waypoint_1,-6.969,-22.388,-29.980
21.379,waypoint_1,-6.995,-22.481,-29.980
21.413,waypoint_1,-7.027,-22.597,-29.980
21.447,waypoint_1,-7.053,-22.690,-29.979
21.479,waypoint_1,-7.079,-22.783,-29.979
21.513,waypoint_1,-7.105,-22.876,-29.979
21.547,waypoint_1,-7.131,-22.969,-29.979
21.579,waypoint_1,-7.156,-23.063,-29.979
21.613,waypoint_1,-7.189,-23.179,-29.980
21.647,waypoint_1,-7.215,-23.272,-29.980
21.679,waypoint_1,-7.241,-23.366,-29.980
21.713,waypoint_1,-7.268,-23.459,-29.980
21.747,waypoint_1,-7.294,-23.553,-29.980
21.779,waypoint_1,-7.321,-23.646,-29.981
21.813,waypoint_1,-7.354,-23.763,-29.981
21.847,waypoint_1,-7.381,-23.857,-29.981
21.879,waypoint_1,-7.408,-23.950,-29.981
21.913,waypoint_1,-7.435,-24.044,-29.981
21.947,waypoint_1,-7.462,-24.137,-29.981
21.979,waypoint_1,-7.489,-24.231,-29.982
22.013,waypoint_1,-7.522,-24.348,-29.982
22.047,waypoint_1,-7.549,-24.442,-29.982
22.079,waypoint_1,-7.577,-24.535,-29.983
22.113,waypoint_1,-7.604,-24.629,-29.983
22.147,waypoint_1,-7.631,-24.722,-29.984
22.179,waypoint_1,-7.658,-24.816,-29.985
22.213,waypoint_1,-7.692,-24.933,-29.986
22.247,waypoint_1,-7.719,-25.026,-29.986
22.279,waypoint_1,-7.746,-25.119,-29.987
22.313,waypoint_1,-7.774,-25.212,-29.988
22.347,waypoint_1,-7.801,-25.305,-29.989
22.379,waypoint_1,-7.828,-25.399,-29.989
22.413,waypoint_1,-7.862,-25.515,-29.990
22.447,waypoint_1,-7.890,-25.608,-29.990
22.479,waypoint_1,-7.917,-25.701,-29.991
22.513,waypoint_1,-7.945,-25.794,-29.991
22.547,waypoint_1,-7.972,-25.887,-29.992
22.580,waypoint_1,-7.999,-25.980,-29.992
22.614,waypoint_1,-8.034,-26.096,-29.993
22.648,waypoint_1,-8.061,-26.189,-29.993
22.680,waypoint_1,-8.088,-26.282,-29.993
22.714,waypoint_1,-8.115,-26.375,-29.994
22.748,waypoint_1,-8.143,-26.468,-29.994
22.780,waypoint_1,-8.170,-26.561,-29.995
22.814,waypoint_1,-8.204,-26.677,-29.995
22.848,waypoint_1,-8.231,-26.770,-29.996
22.880,waypoint_1,-8.258,-26.862,-29.997
22.915,waypoint_1,-8.285,-26.955,-29.997
22.949,waypoint_1,-8.312,-27.048,-29.998
22.981,waypoint_1,-8.339,-27.140,-29.998
23.015,waypoint_1,-8.372,-27.256,-29.999
23.049,waypoint_1,-8.399,-27.348,-29.999
23.081,waypoint_1,-8.426,-27.441,-30.000
23.115,waypoint_1,-8.452,-27.534,-30.000
23.150,waypoint_1,-8.479,-27.627,-30.001
23.182,waypoint_1,-8.505,-27.720,-30.001
23.217,waypoint_1,-8.538,-27.836,-30.002
23.250,waypoint_1,-8.564,-27.929,-30.002
23.282,waypoint_1,-8.591,-28.022,-30.003
23.316,waypoint_1,-8.617,-28.115,-30.003
23.350,waypoint_1,-8.643,-28.208,-30.003
23.382,waypoint_1,-8.670,-28.301,-30.004
23.416,waypoint_1,-8.702,-28.418,-30.004
23.450,waypoint_1,-8.729,-28.511,-30.004
23.482,waypoint_1,-8.755,-28.605,-30.004
23.517,waypoint_1,-8.781,-28.699,-30.003
23.551,waypoint_1,-8.808,-28.792,-30.003
23.582,waypoint_1,-8.834,-28.886,-30.003
23.616,waypoint_1,-8.867,-29.003,-30.002
23.650,waypoint_1,-8.893,-29.097,-30.002
23.682,waypoint_1,-8.919,-29.191,-30.001
23.717,waypoint_1,-8.946,-29.285,-30.001
23.750,waypoint_1,-8.972,-29.379,-30.000
23.782,waypoint_1,-8.998,-29.472,-30.000
23.816,waypoint_1,-9.031,-29.590,-29.999
23.850,waypoint_1,-9.058,-29.684,-29.999
23.882,waypoint_1,-9.085,-29.777,-29.998
23.918,waypoint_1,-9.111,-29.871,-29.998
23.952,waypoint_1,-9.138,-29.965,-29.997
23.984,waypoint_1,-9.165,-30.058,-29.997
24.018,waypoint_1,-9.199,-30.175,-29.996
24.052,waypoint_1,-9.226,-30.268,-29.996
24.084,waypoint_1,-9.253,-30.362,-29.996
24.118,waypoint_1,-9.281,-30.455,-29.995
24.152,waypoint_1,-9.308,-30.548,-29.995
24.184,waypoint_1,-9.335,-30.641,-29.995
24.218,waypoint_1,-9.369,-30.757,-29.995
24.251,waypoint_1,-9.397,-30.849,-29.995
24.284,waypoint_1,-9.424,-30.942,-29.995
24.318,waypoint_1,-9.451,-31.034,-29.995
24.351,waypoint_1,-9.478,-31.126,-29.995
24.384,waypoint_1,-9.504,-31.218,-29.996
24.418,waypoint_1,-9.538,-31.334,-29.996
24.451,waypoint_1,-9.565,-31.425,-29.996
24.484,waypoint_1,-9.591,-31.517,-29.996
24.518,waypoint_1,-9.617,-31.609,-29.997
24.552,waypoint_1,-9.644,-31.701,-29.997
24.584,waypoint_1,-9.670,-31.793,-29.997
24.618,waypoint_1,-9.703,-31.908,-29.998
24.652,waypoint_1,-9.729,-32.000,-29.998
24.684,waypoint_1,-9.755,-32.091,-29.998
24.718,waypoint_1,-9.781,-32.183,-29.998
24.752,waypoint_1,-9.807,-32.275,-29.999
24.784,waypoint_1,-9.834,-32.366,-29.999
24.818,waypoint_1,-9.866,-32.481,-30.000
24.851,waypoint_1,-9.892,-32.573,-30.000
24.884,waypoint_1,-9.918,-32.664,-30.001
24.918,waypoint_1,-9.945,-32.756,-30.002
24.952,waypoint_1,-9.971,-32.847,-30.002
24.984,waypoint_1,-9.997,-32.939,-30.003
25.018,waypoint_1,-10.030,-33.053,-30.003
25.052,waypoint_1,-10.057,-33.145,-30.004
25.084,waypoint_1,-10.083,-33.236,-30.004
25.118,waypoint_1,-10.110,-33.327,-30.004
25.152,waypoint_1,-10.137,-33.419,-30.004
25.184,waypoint_1,-10.164,-33.510,-30.005
25.218,waypoint_1,-10.198,-33.624,-30.005
25.251,waypoint_1,-10.225,-33.715,-30.005
25.284,waypoint_1,-10.252,-33.806,-30.004
25.318,waypoint_1,-10.279,-33.897,-30.004
25.351,waypoint_1,-10.306,-33.989,-30.004
25.384,waypoint_1,-10.333,-34.080,-30.004
25.418,waypoint_1,-10.367,-34.194,-30.003
25.452,waypoint_1,-10.394,-34.285,-30.003
25.484,waypoint_1,-10.421,-34.376,-30.003
25.518,waypoint_1,-10.449,-34.468,-30.003
25.551,waypoint_1,-10.476,-34.559,-30.002
25.583,waypoint_1,-10.503,-34.650,-30.002
25.618,waypoint_1,-10.536,-34.765,-30.002
25.652,waypoint_1,-10.563,-34.856,-30.002
25.684,waypoint_1,-10.590,-34.948,-30.002
25.718,waypoint_1,-10.617,-35.039,-30.002
25.751,waypoint_1,-10.645,-35.131,-30.002
25.784,waypoint_1,-10.672,-35.222,-30.002
25.818,waypoint_1,-10.706,-35.337,-30.002
25.851,waypoint_1,-10.733,-35.428,-30.002
25.884,waypoint_1,-10.761,-35.520,-30.002
25.917,waypoint_1,-10.788,-35.612,-30.002
25.952,waypoint_1,-10.816,-35.703,-30.002
25.984,waypoint_1,-10.844,-35.795,-30.002
26.019,waypoint_1,-10.878,-35.909,-30.001
26.053,waypoint_1,-10.906,-36.001,-30.001
26.085,waypoint_1,-10.934,-36.093,-30.001
26.119,waypoint_1,-10.962,-36.185,-30.001
26.153,waypoint_1,-10.990,-36.276,-30.000
26.185,waypoint_1,-11.018,-36.368,-30.000
26.219,waypoint_1,-11.053,-36.483,-30.000
26.253,waypoint_1,-11.081,-36.574,-29.999
26.285,waypoint_1,-11.109,-36.666,-29.999
26.319,waypoint_1,-11.137,-36.757,-29.999
26.353,waypoint_1,-11.165,-36.849,-29.999
26.385,waypoint_1,-11.193,-36.940,-29.999
26.419,waypoint_1,-11.228,-37.054,-29.999
26.453,waypoint_1,-11.256,-37.145,-29.999
26.485,waypoint_1,-11.284,-37.237,-29.999
26.520,waypoint_1,-11.312,-37.328,-29.999
26.554,waypoint_1,-11.339,-37.420,-29.998
26.586,waypoint_1,-11.367,-37.511,-29.998
26.621,waypoint_1,-11.401,-37.626,-29.998
26.655,waypoint_1,-11.429,-37.717,-29.997
26.687,waypoint_1,-11.456,-37.809,-29.997
26.722,waypoint_1,-11.483,-37.901,-29.997
26.755,waypoint_1,-11.511,-37.992,-29.996
26.787,waypoint_1,-11.538,-38.084,-29.996
26.821,waypoint_1,-11.571,-38.199,-29.996
26.855,waypoint_1,-11.598,-38.290,-29.995
26.887,waypoint_1,-11.625,-38.382,-29.995
26.921,waypoint_1,-11.652,-38.474,-29.995
26.955,waypoint_1,-11.679,-38.565,-29.995
26.987,waypoint_1,-11.705,-38.657,-29.994
27.021,waypoint_1,-11.739,-38.771,-29.994
27.055,waypoint_1,-11.765,-38.863,-29.994
27.087,waypoint_1,-11.792,-38.954,-29.994
27.121,waypoint_1,-11.818,-39.046,-29.994
27.155,waypoint_1,-11.845,-39.137,-29.994
27.187,waypoint_1,-11.871,-39.229,-29.994
27.221,waypoint_1,-11.905,-39.344,-29.995
27.255,waypoint_1,-11.931,-39.436,-29.995
27.287,waypoint_1,-11.957,-39.528,-29.996
27.321,waypoint_1,-11.984,-39.620,-29.996
27.355,waypoint_1,-12.010,-39.712,-29.996
27.387,waypoint_1,-12.036,-39.804,-29.997
27.421,waypoint_1,-12.069,-39.919,-29.997
27.455,waypoint_1,-12.096,-40.012,-29.998
27.487,waypoint_1,-12.122,-40.104,-29.998
27.521,waypoint_1,-12.149,-40.196,-29.999
27.555,waypoint_1,-12.175,-40.289,-29.999
27.587,waypoint_1,-12.202,-40.381,-29.999
27.621,waypoint_1,-12.235,-40.497,-30.000
27.655,waypoint_1,-12.262,-40.589,-30.000
27.687,waypoint_1,-12.289,-40.682,-30.000
27.721,waypoint_1,-12.315,-40.774,-30.000
27.758,waypoint_1,-12.342,-40.866,-30.000
27.789,waypoint_1,-12.368,-40.958,-30.000
27.824,waypoint_1,-12.402,-41.074,-30.000
27.857,waypoint_1,-12.428,-41.166,-30.000
27.889,waypoint_1,-12.455,-41.258,-30.000
27.927,waypoint_1,-12.482,-41.350,-29.999
27.961,waypoint_1,-12.509,-41.442,-29.999
27.993,waypoint_1,-12.536,-41.533,-29.998
28.027,waypoint_1,-12.569,-41.648,-29.998
28.061,waypoint_1,-12.596,-41.740,-29.997
28.093,waypoint_1,-12.623,-41.831,-29.996
28.128,waypoint_1,-12.651,-41.923,-29.995
28.161,waypoint_1,-12.678,-42.014,-29.995
28.193,waypoint_1,-12.705,-42.106,-29.994
28.227,waypoint_1,-12.739,-42.220,-29.993
28.261,waypoint_1,-12.767,-42.311,-29.992
28.293,waypoint_1,-12.794,-42.402,-29.992
28.327,waypoint_1,-12.822,-42.493,-29.991
28.361,waypoint_1,-12.849,-42.584,-29.991
28.393,waypoint_1,-12.877,-42.675,-29.990
28.427,waypoint_1,-12.911,-42.789,-29.990
28.461,waypoint_1,-12.939,-42.881,-29.989
28.493,waypoint_1,-12.967,-42.972,-29.989
28.527,waypoint_1,-12.994,-43.064,-29.988
28.561,waypoint_1,-13.022,-43.155,-29.988
28.593,waypoint_1,-13.049,-43.247,-29.988
28.627,waypoint_1,-13.084,-43.361,-29.988
28.661,waypoint_1,-13.111,-43.453,-29.987
28.693,waypoint_1,-13.138,-43.544,-29.987
28.728,waypoint_1,-13.165,-43.636,-29.987
28.762,waypoint_1,-13.192,-43.728,-29.987
28.794,waypoint_1,-13.219,-43.820,-29.987
28.828,waypoint_1,-13.253,-43.935,-29.986
28.862,waypoint_1,-13.279,-44.027,-29.986
28.895,waypoint_1,-13.306,-44.119,-29.985
28.929,waypoint_1,-13.333,-44.210,-29.985
28.963,waypoint_1,-13.359,-44.302,-29.984
28.995,waypoint_1,-13.386,-44.394,-29.984
29.029,waypoint_1,-13.419,-44.509,-29.984
29.063,waypoint_1,-13.445,-44.601,-29.984
29.095,waypoint_1,-13.472,-44.693,-29.983
29.129,waypoint_1,-13.498,-44.785,-29.983
29.163,waypoint_1,-13.525,-44.877,-29.983
29.195,waypoint_1,-13.551,-44.969,-29.984
29.229,waypoint_1,-13.585,-45.084,-29.984
29.263,waypoint_1,-13.611,-45.176,-29.984
29.295,waypoint_1,-13.638,-45.268,-29.984
29.329,waypoint_1,-13.665,-45.360,-29.984
29.363,waypoint_1,-13.692,-45.452,-29.983
29.395,waypoint_1,-13.719,-45.544,-29.983
29.429,waypoint_1,-13.754,-45.659,-29.983
29.463,waypoint_1,-13.781,-45.751,-29.984
29.495,waypoint_1,-13.809,-45.843,-29.984
29.529,waypoint_1,-13.837,-45.935,-29.984
29.563,waypoint_1,-13.864,-46.028,-29.984
29.595,waypoint_1,-13.892,-46.120,-29.984
29.629,waypoint_1,-13.927,-46.234,-29.984
29.663,waypoint_1,-13.954,-46.326,-29.985
29.695,waypoint_1,-13.982,-46.418,-29.985
29.730,waypoint_1,-14.010,-46.510,-29.985
29.764,waypoint_1,-14.037,-46.601,-29.985
29.796,waypoint_1,-14.065,-46.693,-29.985
29.830,waypoint_1,-14.100,-46.807,-29.985
29.864,waypoint_1,-14.128,-46.898,-29.985
29.896,waypoint_1,-14.155,-46.989,-29.986
29.931,waypoint_1,-14.183,-47.081,-29.985
29.965,waypoint_1,-14.210,-47.172,-29.985
29.997,waypoint_1,-14.238,-47.263,-29.985
30.031,waypoint_1,-14.273,-47.378,-29.985
30.065,waypoint_1,-14.300,-47.469,-29.985
30.097,waypoint_1,-14.328,-47.561,-29.985
30.131,waypoint_1,-14.355,-47.652,-29.985
30.165,waypoint_1,-14.383,-47.744,-29.984
30.197,waypoint_1,-14.410,-47.836,-29.984
30.231,waypoint_1,-14.444,-47.950,-29.983
30.265,waypoint_1,-14.472,-48.042,-29.983
30.297,waypoint_1,-14.499,-48.134,-29.982
30.331,waypoint_1,-14.526,-48.226,-29.982
30.365,waypoint_1,-14.554,-48.317,-29.982
30.397,waypoint_1,-14.581,-48.409,-29.981
30.431,waypoint_1,-14.615,-48.524,-29.981
30.465,waypoint_1,-14.642,-48.616,-29.981
30.497,waypoint_1,-14.669,-48.708,-29.981
30.531,waypoint_1,-14.696,-48.800,-29.981
30.565,waypoint_1,-14.723,-48.892,-29.981
30.597,waypoint_1,-14.750,-48.984,-29.981
30.631,waypoint_1,-14.784,-49.098,-29.981
30.665,waypoint_1,-14.811,-49.190,-29.981
30.698,waypoint_1,-14.838,-49.282,-29.982
30.731,waypoint_1,-14.865,-49.374,-29.982
30.765,waypoint_1,-14.891,-49.466,-29.982
30.797,waypoint_1,-14.918,-49.558,-29.983
30.831,waypoint_1,-14.952,-49.673,-29.983
30.865,waypoint_1,-14.978,-49.765,-29.983
30.897,waypoint_1,-15.005,-49.857,-29.984
30.931,waypoint_1,-15.031,-49.949,-29.984
30.965,waypoint_1,-15.057,-50.041,-29.985
30.997,waypoint_1,-15.084,-50.133,-29.985
31.031,waypoint_1,-15.116,-50.248,-29.986
31.065,waypoint_1,-15.143,-50.340,-29.986
31.097,waypoint_1,-15.169,-50.432,-29.987
31.132,waypoint_1,-15.195,-50.523,-29.987
31.166,waypoint_1,-15.221,-50.615,-29.987
31.198,waypoint_1,-15.247,-50.707,-29.988
31.232,waypoint_1,-15.280,-50.822,-29.988
31.266,waypoint_1,-15.306,-50.914,-29.988
31.299,waypoint_1,-15.332,-51.006,-29.988
31.332,waypoint_1,-15.358,-51.097,-29.988
31.366,waypoint_1,-15.384,-51.189,-29.988
31.399,waypoint_1,-15.410,-51.281,-29.987
31.434,waypoint_1,-15.443,-51.396,-29.987
31.468,waypoint_1,-15.469,-51.488,-29.987
31.500,waypoint_1,-15.495,-51.580,-29.986
31.534,waypoint_1,-15.522,-51.671,-29.986
31.568,waypoint_1,-15.548,-51.763,-29.986
31.600,waypoint_1,-15.574,-51.855,-29.985
31.634,waypoint_1,-15.607,-51.970,-29.985
31.668,waypoint_1,-15.633,-52.062,-29.985
31.700,waypoint_1,-15.660,-52.154,-29.984
31.734,waypoint_1,-15.686,-52.246,-29.984
31.770,waypoint_1,-15.713,-52.338,-29.984
31.802,waypoint_1,-15.739,-52.430,-29.984
31.836,waypoint_1,-15.772,-52.545,-29.983
31.870,waypoint_1,-15.799,-52.638,-29.983
31.902,waypoint_1,-15.826,-52.730,-29.983
31.936,waypoint_1,-15.853,-52.822,-29.983
31.970,waypoint_1,-15.880,-52.914,-29.983
32.002,waypoint_1,-15.907,-53.006,-29.983
32.036,waypoint_1,-15.941,-53.121,-29.983
32.070,waypoint_1,-15.968,-53.213,-29.983
32.102,waypoint_1,-15.995,-53.305,-29.983
32.136,waypoint_1,-16.023,-53.397,-29.983
32.170,waypoint_1,-16.050,-53.489,-29.983
32.202,waypoint_1,-16.078,-53.581,-29.984
32.236,waypoint_1,-16.112,-53.696,-29.984
32.268,waypoint_1,-16.140,-53.788,-29.985
32.302,waypoint_1,-16.167,-53.879,-29.986
32.336,waypoint_1,-16.195,-53.971,-29.986
32.368,waypoint_1,-16.222,-54.063,-29.987
32.402,waypoint_1,-16.250,-54.155,-29.987
32.436,waypoint_1,-16.284,-54.270,-29.988
32.468,waypoint_1,-16.312,-54.362,-29.989
32.502,waypoint_1,-16.339,-54.454,-29.990
32.536,waypoint_1,-16.367,-54.545,-29.990
32.568,waypoint_1,-16.394,-54.637,-29.991
32.602,waypoint_1,-16.421,-54.729,-29.992
32.636,waypoint_1,-16.456,-54.843,-29.992
32.668,waypoint_1,-16.483,-54.935,-29.993
32.702,waypoint_1,-16.511,-55.026,-29.993
32.736,waypoint_1,-16.538,-55.118,-29.994
32.768,waypoint_1,-16.566,-55.209,-29.994
32.802,waypoint_1,-16.594,-55.301,-29.995
32.836,waypoint_1,-16.628,-55.415,-29.995
32.868,waypoint_1,-16.656,-55.506,-29.995
32.902,waypoint_1,-16.683,-55.597,-29.996
32.936,waypoint_1,-16.711,-55.689,-29.996
32.968,waypoint_1,-16.738,-55.780,-29.996
33.002,waypoint_1,-16.766,-55.871,-29.996
33.036,waypoint_1,-16.800,-55.986,-29.996
33.068,waypoint_1,-16.827,-56.077,-29.996
33.102,waypoint_1,-16.855,-56.169,-29.996
33.136,waypoint_1,-16.882,-56.261,-29.995
33.168,waypoint_1,-16.910,-56.353,-29.995
33.202,waypoint_1,-16.937,-56.445,-29.995
33.236,waypoint_1,-16.972,-56.560,-29.995
33.268,waypoint_1,-17.000,-56.652,-29.995
33.302,waypoint_1,-17.027,-56.744,-29.995
33.336,waypoint_1,-17.055,-56.836,-29.994
33.368,waypoint_1,-17.083,-56.927,-29.994
33.402,waypoint_1,-17.111,-57.019,-29.995
33.435,waypoint_1,-17.145,-57.135,-29.995
33.469,waypoint_1,-17.173,-57.227,-29.995
33.503,waypoint_1,-17.201,-57.319,-29.996
33.535,waypoint_1,-17.228,-57.411,-29.996
33.569,waypoint_1,-17.256,-57.503,-29.997
33.603,waypoint_1,-17.290,-57.618,-29.997
33.635,waypoint_1,-17.318,-57.710,-29.997
33.669,waypoint_1,-17.345,-57.802,-29.998
33.703,waypoint_1,-17.373,-57.895,-29.998
33.735,waypoint_1,-17.400,-57.987,-29.998
33.769,waypoint_1,-17.428,-58.079,-29.998
33.803,waypoint_1,-17.462,-58.195,-29.999
33.835,waypoint_1,-17.489,-58.288,-29.999
33.869,waypoint_1,-17.517,-58.380,-29.999
33.903,waypoint_1,-17.544,-58.473,-29.998
33.935,waypoint_1,-17.571,-58.565,-29.998
33.969,waypoint_1,-17.598,-58.658,-29.998
34.003,waypoint_1,-17.632,-58.773,-29.997
34.035,waypoint_1,-17.659,-58.865,-29.997
34.069,waypoint_1,-17.686,-58.958,-29.997
34.103,waypoint_1,-17.713,-59.050,-29.996
34.135,waypoint_1,-17.740,-59.142,-29.996
34.169,waypoint_1,-17.766,-59.234,-29.996
34.203,waypoint_1,-17.800,-59.349,-29.995
34.235,waypoint_1,-17.826,-59.441,-29.995
34.269,waypoint_1,-17.852,-59.533,-29.995
34.303,waypoint_1,-17.878,-59.625,-29.995
34.335,waypoint_1,-17.904,-59.717,-29.994
34.369,waypoint_1,-17.930,-59.809,-29.994
34.403,waypoint_1,-17.962,-59.924,-29.993
34.435,waypoint_1,-17.988,-60.015,-29.993
34.469,waypoint_1,-18.014,-60.107,-29.992
34.503,waypoint_1,-18.039,-60.200,-29.992
34.535,waypoint_1,-18.065,-60.292,-29.992
34.569,waypoint_1,-18.091,-60.384,-29.991
34.603,waypoint_1,-18.123,-60.499,-29.991
34.636,waypoint_1,-18.149,-60.591,-29.990
34.670,waypoint_1,-18.175,-60.684,-29.990
34.703,waypoint_1,-18.201,-60.776,-29.989
34.737,waypoint_1,-18.227,-60.868,-29.989
34.769,waypoint_1,-18.252,-60.961,-29.988
34.803,waypoint_1,-18.278,-61.053,-29.988
34.837,waypoint_1,-18.310,-61.169,-29.988
34.869,waypoint_1,-18.336,-61.262,-29.988
34.903,waypoint_1,-18.361,-61.354,-29.987
34.937,waypoint_1,-18.387,-61.447,-29.987
34.969,waypoint_1,-18.412,-61.539,-29.987
35.003,waypoint_1,-18.438,-61.631,-29.987
35.037,waypoint_1,-18.470,-61.747,-29.987
35.069,waypoint_1,-18.495,-61.839,-29.988
35.103,waypoint_1,-18.521,-61.932,-29.988
35.138,waypoint_1,-18.547,-62.024,-29.988
35.170,waypoint_1,-18.573,-62.116,-29.989
35.204,waypoint_1,-18.598,-62.209,-29.989
35.238,waypoint_1,-18.631,-62.324,-29.989
35.270,waypoint_1,-18.657,-62.417,-29.990
35.305,waypoint_1,-18.683,-62.509,-29.990
35.339,waypoint_1,-18.708,-62.601,-29.991
35.371,waypoint_1,-18.734,-62.694,-29.992
35.405,waypoint_1,-18.760,-62.786,-29.992
35.439,waypoint_1,-18.793,-62.901,-29.993
35.471,waypoint_1,-18.819,-62.994,-29.993
35.505,waypoint_1,-18.845,-63.086,-29.994
35.539,waypoint_1,-18.871,-63.178,-29.994
35.571,waypoint_1,-18.897,-63.271,-29.994
35.605,waypoint_1,-18.924,-63.363,-29.995
35.639,waypoint_1,-18.957,-63.478,-29.995
35.671,waypoint_1,-18.983,-63.571,-29.995
35.706,waypoint_1,-19.009,-63.663,-29.996
35.740,waypoint_1,-19.036,-63.755,-29.996
35.772,waypoint_1,-19.063,-63.847,-29.996
35.806,waypoint_1,-19.089,-63.939,-29.996
35.840,waypoint_1,-19.123,-64.054,-29.997
35.872,waypoint_1,-19.149,-64.147,-29.997
35.906,waypoint_1,-19.176,-64.239,-29.997
35.940,waypoint_1,-19.202,-64.331,-29.997
35.972,waypoint_1,-19.229,-64.423,-29.998
36.006,waypoint_1,-19.255,-64.515,-29.998
36.040,waypoint_1,-19.288,-64.629,-29.998
36.072,waypoint_1,-19.314,-64.721,-29.999
36.106,waypoint_1,-19.340,-64.813,-29.999
36.140,waypoint_1,-19.367,-64.905,-29.999
36.172,waypoint_1,-19.392,-64.997,-30.000
36.206,waypoint_1,-19.418,-65.089,-30.000
36.240,waypoint_1,-19.451,-65.203,-30.000
36.272,waypoint_1,-19.477,-65.295,-30.000
36.306,waypoint_1,-19.502,-65.387,-30.000
36.340,waypoint_1,-19.528,-65.479,-30.000
36.372,waypoint_1,-19.554,-65.570,-30.000
36.406,waypoint_1,-19.580,-65.662,-29.999
36.440,waypoint_1,-19.613,-65.776,-29.999
36.472,waypoint_1,-19.638,-65.868,-29.998
36.506,waypoint_1,-19.664,-65.959,-29.998
36.540,waypoint_1,-19.691,-66.051,-29.997
36.572,waypoint_1,-19.717,-66.142,-29.996
36.606,waypoint_1,-19.743,-66.234,-29.995
36.640,waypoint_1,-19.775,-66.348,-29.994
36.672,waypoint_1,-19.802,-66.439,-29.994
36.706,waypoint_1,-19.828,-66.531,-29.993
36.740,waypoint_1,-19.854,-66.622,-29.992
36.772,waypoint_1,-19.880,-66.713,-29.992
36.806,waypoint_1,-19.907,-66.805,-29.991
36.840,waypoint_1,-19.940,-66.919,-29.991
36.872,waypoint_1,-19.966,-67.010,-29.990
36.906,waypoint_1,-19.993,-67.102,-29.990
36.941,waypoint_1,-20.019,-67.193,-29.989
36.973,waypoint_1,-20.046,-67.285,-29.989
37.007,waypoint_1,-20.073,-67.376,-29.989
37.041,waypoint_1,-20.107,-67.491,-29.989
37.073,waypoint_1,-20.135,-67.582,-29.989
37.107,waypoint_1,-20.162,-67.674,-29.989
37.141,waypoint_1,-20.189,-67.765,-29.989
37.174,waypoint_1,-20.217,-67.857,-29.989
37.207,waypoint_1,-20.244,-67.949,-29.989
37.241,waypoint_1,-20.279,-68.064,-29.989
37.273,waypoint_1,-20.307,-68.155,-29.989
37.307,waypoint_1,-20.334,-68.247,-29.990
37.341,waypoint_1,-20.362,-68.339,-29.990
37.373,waypoint_1,-20.390,-68.431,-29.990
37.407,waypoint_1,-20.417,-68.523,-29.990
37.441,waypoint_1,-20.452,-68.638,-29.991
37.473,waypoint_1,-20.480,-68.730,-29.991
37.507,waypoint_1,-20.507,-68.822,-29.991
37.541,waypoint_1,-20.535,-68.914,-29.991
37.573,waypoint_1,-20.562,-69.006,-29.991
37.608,waypoint_1,-20.590,-69.098,-29.991
37.643,waypoint_1,-20.624,-69.213,-29.991
37.675,waypoint_1,-20.651,-69.305,-29.991
37.709,waypoint_1,-20.678,-69.398,-29.991
37.743,waypoint_1,-20.705,-69.490,-29.991
37.775,waypoint_1,-20.732,-69.582,-29.991
37.809,waypoint_1,-20.759,-69.675,-29.991
37.843,waypoint_1,-20.792,-69.790,-29.991
37.875,waypoint_1,-20.819,-69.883,-29.991
37.931,waypoint_1,-20.846,-69.976,-29.991
37.966,waypoint_1,-20.873,-70.068,-29.991
37.999,waypoint_1,-20.900,-70.161,-29.991
38.033,waypoint_1,-20.927,-70.254,-29.992
38.068,waypoint_1,-20.961,-70.369,-29.992
38.099,waypoint_1,-20.988,-70.462,-29.992
38.133,waypoint_1,-21.015,-70.554,-29.992
38.167,waypoint_1,-21.042,-70.647,-29.992
38.199,waypoint_1,-21.069,-70.739,-29.992
38.234,waypoint_1,-21.096,-70.831,-29.992
38.267,waypoint_1,-21.130,-70.946,-29.992
38.299,waypoint_1,-21.157,-71.039,-29.992
38.334,waypoint_1,-21.185,-71.131,-29.992
38.368,waypoint_1,-21.212,-71.223,-29.992
38.400,waypoint_1,-21.239,-71.315,-29.992
38.434,waypoint_1,-21.266,-71.407,-29.991
38.468,waypoint_1,-21.300,-71.522,-29.991
38.500,waypoint_1,-21.327,-71.614,-29.991
38.534,waypoint_1,-21.354,-71.706,-29.990
38.568,waypoint_1,-21.381,-71.798,-29.990
38.600,waypoint_1,-21.408,-71.890,-29.990
38.634,waypoint_1,-21.435,-71.982,-29.989
38.668,waypoint_1,-21.468,-72.097,-29.989
38.700,waypoint_1,-21.495,-72.189,-29.988
38.734,waypoint_1,-21.522,-72.281,-29.987
38.768,waypoint_1,-21.549,-72.373,-29.987
38.800,waypoint_1,-21.576,-72.465,-29.986
38.834,waypoint_1,-21.603,-72.557,-29.986
38.868,waypoint_1,-21.636,-72.672,-29.985
38.900,waypoint_1,-21.663,-72.764,-29.984
38.934,waypoint_1,-21.690,-72.856,-29.983
38.968,waypoint_1,-21.717,-72.949,-29.983
39.000,waypoint_1,-21.743,-73.041,-29.983
39.034,waypoint_1,-21.770,-73.133,-29.982
39.068,waypoint_1,-21.804,-73.247,-29.982
39.100,waypoint_1,-21.831,-73.339,-29.982
39.134,waypoint_1,-21.858,-73.431,-29.982
39.168,waypoint_1,-21.884,-73.523,-29.982
39.200,waypoint_1,-21.911,-73.615,-29.982
39.236,waypoint_1,-21.938,-73.707,-29.982
39.270,waypoint_1,-21.972,-73.823,-29.982
39.302,waypoint_1,-21.999,-73.915,-29.982
39.336,waypoint_1,-22.026,-74.006,-29.982
39.370,waypoint_1,-22.053,-74.098,-29.982
39.402,waypoint_1,-22.080,-74.190,-29.982
39.436,waypoint_1,-22.107,-74.282,-29.982
39.470,waypoint_1,-22.141,-74.397,-29.982
39.502,waypoint_1,-22.168,-74.489,-29.982
39.536,waypoint_1,-22.195,-74.581,-29.982
39.570,waypoint_1,-22.222,-74.672,-29.981
39.602,waypoint_1,-22.248,-74.764,-29.982
39.636,waypoint_1,-22.275,-74.856,-29.982
39.670,waypoint_1,-22.309,-74.971,-29.982
39.702,waypoint_2,-22.336,-75.062,-29.982
39.736,waypoint_2,-22.363,-75.154,-29.983
39.770,waypoint_2,-22.390,-75.246,-29.985
39.802,waypoint_2,-22.417,-75.338,-29.989
39.836,waypoint_2,-22.443,-75.429,-29.994
39.870,waypoint_2,-22.475,-75.543,-30.003
39.902,waypoint_2,-22.498,-75.634,-30.010
39.936,waypoint_2,-22.520,-75.725,-30.017
39.970,waypoint_2,-22.539,-75.815,-30.025
40.002,waypoint_2,-22.555,-75.905,-30.032
40.036,waypoint_2,-22.567,-75.994,-30.038
40.070,waypoint_2,-22.578,-76.104,-30.044
40.102,waypoint_2,-22.582,-76.192,-30.048
40.136,waypoint_2,-22.583,-76.279,-30.050
40.170,waypoint_2,-22.579,-76.365,-30.052
40.202,waypoint_2,-22.572,-76.451,-30.053
40.236,waypoint_2,-22.560,-76.536,-30.053
40.270,waypoint_2,-22.541,-76.642,-30.052
40.302,waypoint_2,-22.521,-76.726,-30.050
40.336,waypoint_2,-22.497,-76.810,-30.048
40.370,waypoint_2,-22.471,-76.894,-30.045
40.402,waypoint_2,-22.441,-76.977,-30.043
40.436,waypoint_2,-22.407,-77.060,-30.040
40.470,waypoint_2,-22.362,-77.164,-30.035
40.502,waypoint_2,-22.322,-77.246,-30.032
40.536,waypoint_2,-22.280,-77.329,-30.029
40.570,waypoint_2,-22.236,-77.411,-30.026
40.602,waypoint_2,-22.190,-77.493,-30.023
40.636,waypoint_2,-22.142,-77.575,-30.020
40.670,waypoint_2,-22.080,-77.678,-30.017
40.702,waypoint_2,-22.029,-77.760,-30.015
40.736,waypoint_2,-21.976,-77.842,-30.013
40.770,waypoint_2,-21.923,-77.924,-30.011
40.802,waypoint_2,-21.868,-78.006,-30.009
40.836,waypoint_2,-21.813,-78.088,-30.008
40.870,waypoint_2,-21.742,-78.190,-30.006
40.902,waypoint_2,-21.686,-78.272,-30.005
40.937,waypoint_2,-21.628,-78.354,-30.003
40.970,waypoint_2,-21.571,-78.437,-30.002
41.002,waypoint_2,-21.513,-78.519,-30.001
41.036,waypoint_2,-21.455,-78.601,-30.001
41.070,waypoint_2,-21.382,-78.704,-30.000
41.102,waypoint_2,-21.324,-78.786,-29.999
41.136,waypoint_2,-21.266,-78.868,-29.999
41.170,waypoint_2,-21.207,-78.951,-29.998
41.202,waypoint_2,-21.149,-79.033,-29.998
41.236,waypoint_2,-21.091,-79.115,-29.998
41.271,waypoint_2,-21.018,-79.218,-29.997
41.302,waypoint_2,-20.960,-79.300,-29.997
41.336,waypoint_2,-20.902,-79.382,-29.997
41.370,waypoint_2,-20.844,-79.464,-29.997
41.402,waypoint_2,-20.786,-79.545,-29.997
41.437,waypoint_2,-20.728,-79.627,-29.997
41.470,waypoint_2,-20.656,-79.729,-29.997
41.502,waypoint_2,-20.599,-79.810,-29.996
41.536,waypoint_2,-20.542,-79.891,-29.996
41.570,waypoint_2,-20.484,-79.971,-29.996
41.603,waypoint_2,-20.427,-80.052,-29.996
41.636,waypoint_2,-20.370,-80.132,-29.995
41.670,waypoint_2,-20.300,-80.233,-29.994
41.703,waypoint_2,-20.243,-80.313,-29.994
41.737,waypoint_2,-20.186,-80.393,-29.993
41.771,waypoint_2,-20.130,-80.473,-29.993
41.803,waypoint_2,-20.074,-80.553,-29.992
41.837,waypoint_2,-20.018,-80.633,-29.991
41.871,waypoint_2,-19.948,-80.732,-29.991
41.903,waypoint_2,-19.892,-80.812,-29.990
41.937,waypoint_2,-19.836,-80.891,-29.990
41.971,waypoint_2,-19.781,-80.970,-29.990
42.003,waypoint_2,-19.725,-81.049,-29.989
42.037,waypoint_2,-19.670,-81.128,-29.989
42.072,waypoint_2,-19.600,-81.227,-29.989
42.104,waypoint_2,-19.545,-81.305,-29.989
42.137,waypoint_2,-19.490,-81.384,-29.989
42.171,waypoint_2,-19.434,-81.463,-29.989
42.205,waypoint_2,-19.379,-81.541,-29.989
42.264,waypoint_2,-19.310,-81.639,-29.989
42.305,waypoint_2,-19.255,-81.718,-29.989
42.340,waypoint_2,-19.200,-81.796,-29.989
42.374,waypoint_2,-19.144,-81.874,-29.990
42.406,waypoint_2,-19.089,-81.953,-29.990
42.440,waypoint_2,-19.033,-82.031,-29.990
42.474,waypoint_2,-18.963,-82.128,-29.990
42.506,waypoint_2,-18.908,-82.206,-29.990
42.540,waypoint_2,-18.852,-82.284,-29.991
42.574,waypoint_2,-18.796,-82.362,-29.991
42.606,waypoint_2,-18.740,-82.440,-29.991
42.640,waypoint_2,-18.684,-82.517,-29.991
42.674,waypoint_2,-18.614,-82.614,-29.991
42.706,waypoint_2,-18.559,-82.692,-29.991
42.740,waypoint_2,-18.503,-82.769,-29.991
42.774,waypoint_2,-18.447,-82.847,-29.991
42.806,waypoint_2,-18.391,-82.924,-29.991
42.840,waypoint_2,-18.335,-83.002,-29.990
42.874,waypoint_2,-18.265,-83.099,-29.989
42.906,waypoint_2,-18.209,-83.176,-29.988
42.940,waypoint_2,-18.152,-83.254,-29.988
42.974,waypoint_2,-18.096,-83.331,-29.987
43.006,waypoint_2,-18.039,-83.408,-29.986
43.040,waypoint_2,-17.983,-83.486,-29.985
43.074,waypoint_2,-17.912,-83.582,-29.984
43.106,waypoint_2,-17.855,-83.660,-29.983
43.140,waypoint_2,-17.798,-83.737,-29.982
43.174,waypoint_2,-17.741,-83.814,-29.981
43.206,waypoint_2,-17.684,-83.891,-29.980
43.240,waypoint_2,-17.627,-83.969,-29.979
43.274,waypoint_2,-17.555,-84.065,-29.978
43.306,waypoint_2,-17.497,-84.142,-29.977
43.340,waypoint_2,-17.440,-84.219,-29.977
43.374,waypoint_2,-17.382,-84.297,-29.976
43.406,waypoint_2,-17.325,-84.374,-29.975
43.440,waypoint_2,-17.267,-84.451,-29.974
43.474,waypoint_2,-17.195,-84.548,-29.973
43.506,waypoint_2,-17.137,-84.625,-29.973
43.540,waypoint_2,-17.080,-84.702,-29.972
43.574,waypoint_2,-17.022,-84.779,-29.971
43.606,waypoint_2,-16.964,-84.856,-29.971
43.640,waypoint_2,-16.906,-84.933,-29.970
43.674,waypoint_2,-16.834,-85.029,-29.970
43.706,waypoint_2,-16.776,-85.106,-29.969
43.740,waypoint_2,-16.718,-85.183,-29.969
43.774,waypoint_2,-16.660,-85.260,-29.969
43.806,waypoint_2,-16.601,-85.337,-29.968
43.840,waypoint_2,-16.542,-85.413,-29.968
43.874,waypoint_2,-16.469,-85.509,-29.968
43.906,waypoint_2,-16.409,-85.585,-29.969
43.940,waypoint_2,-16.350,-85.662,-29.969
43.974,waypoint_2,-16.291,-85.738,-29.969
44.006,waypoint_2,-16.231,-85.814,-29.969
44.040,waypoint_2,-16.172,-85.890,-29.969
44.074,waypoint_2,-16.097,-85.985,-29.969
44.106,waypoint_2,-16.038,-86.061,-29.969
44.140,waypoint_2,-15.978,-86.137,-29.969
44.174,waypoint_2,-15.918,-86.213,-29.969
44.206,waypoint_2,-15.858,-86.288,-29.969
44.240,waypoint_2,-15.799,-86.363,-29.969
44.274,waypoint_2,-15.724,-86.458,-29.969
44.306,waypoint_2,-15.664,-86.533,-29.969
44.340,waypoint_2,-15.605,-86.609,-29.969
44.374,waypoint_2,-15.545,-86.684,-29.969
44.406,waypoint_2,-15.485,-86.759,-29.968
44.440,waypoint_2,-15.425,-86.835,-29.968
44.474,waypoint_2,-15.349,-86.929,-29.968
44.506,waypoint_2,-15.289,-87.005,-29.968
44.540,waypoint_2,-15.228,-87.081,-29.968
44.574,waypoint_2,-15.168,-87.156,-29.968
44.606,waypoint_2,-15.107,-87.232,-29.968
44.640,waypoint_2,-15.047,-87.308,-29.968
44.674,waypoint_2,-14.971,-87.403,-29.968
44.706,waypoint_2,-14.911,-87.478,-29.968
44.740,waypoint_2,-14.850,-87.554,-29.968
44.774,waypoint_2,-14.790,-87.629,-29.968
44.807,waypoint_2,-14.729,-87.705,-29.968
44.841,waypoint_2,-14.669,-87.780,-29.968
44.875,waypoint_2,-14.593,-87.875,-29.968
44.907,waypoint_2,-14.533,-87.950,-29.968
44.941,waypoint_2,-14.473,-88.026,-29.968
44.975,waypoint_2,-14.412,-88.101,-29.969
45.007,waypoint_2,-14.352,-88.176,-29.969
45.041,waypoint_2,-14.292,-88.252,-29.969
45.075,waypoint_2,-14.216,-88.346,-29.969
45.107,waypoint_2,-14.156,-88.421,-29.969
45.141,waypoint_2,-14.096,-88.497,-29.969
45.175,waypoint_2,-14.035,-88.572,-29.968
45.207,waypoint_2,-13.975,-88.648,-29.968
45.241,waypoint_2,-13.915,-88.724,-29.968
45.275,waypoint_2,-13.839,-88.819,-29.968
45.307,waypoint_2,-13.779,-88.895,-29.968
45.341,waypoint_2,-13.718,-88.970,-29.967
45.375,waypoint_2,-13.658,-89.046,-29.967
45.409,waypoint_2,-13.598,-89.122,-29.967
45.444,waypoint_2,-13.537,-89.198,-29.967
45.477,waypoint_2,-13.462,-89.293,-29.967
45.510,waypoint_2,-13.402,-89.369,-29.967
45.544,waypoint_2,-13.342,-89.445,-29.967
45.577,waypoint_2,-13.281,-89.521,-29.968
45.610,waypoint_2,-13.221,-89.597,-29.968
45.644,waypoint_2,-13.161,-89.673,-29.968
45.678,waypoint_2,-13.086,-89.768,-29.969
45.710,waypoint_2,-13.026,-89.844,-29.969
45.743,waypoint_2,-12.966,-89.921,-29.970
45.777,waypoint_2,-12.906,-89.997,-29.970
45.809,waypoint_2,-12.846,-90.073,-29.970
45.844,waypoint_2,-12.787,-90.149,-29.971
45.877,waypoint_2,-12.713,-90.244,-29.971
45.909,waypoint_2,-12.653,-90.320,-29.971
45.943,waypoint_2,-12.594,-90.396,-29.972
45.977,waypoint_2,-12.535,-90.472,-29.972
46.009,waypoint_2,-12.476,-90.547,-29.972
46.043,waypoint_2,-12.416,-90.623,-29.972
46.077,waypoint_2,-12.342,-90.718,-29.972
46.109,waypoint_2,-12.283,-90.794,-29.971
46.143,waypoint_2,-12.224,-90.869,-29.971
46.177,waypoint_2,-12.165,-90.945,-29.971
46.209,waypoint_2,-12.106,-91.021,-29.971
46.243,waypoint_2,-12.047,-91.097,-29.970
46.277,waypoint_2,-11.973,-91.192,-29.970
46.309,waypoint_2,-11.914,-91.268,-29.969
46.343,waypoint_2,-11.854,-91.344,-29.969
46.378,waypoint_2,-11.795,-91.420,-29.968
46.409,waypoint_2,-11.736,-91.495,-29.968
46.443,waypoint_2,-11.676,-91.571,-29.967
46.477,waypoint_2,-11.602,-91.666,-29.967
46.509,waypoint_2,-11.542,-91.741,-29.967
46.543,waypoint_2,-11.483,-91.817,-29.967
46.578,waypoint_2,-11.423,-91.893,-29.967
46.609,waypoint_2,-11.363,-91.969,-29.966
46.643,waypoint_2,-11.304,-92.045,-29.966
46.677,waypoint_2,-11.229,-92.140,-29.966
46.709,waypoint_2,-11.169,-92.216,-29.966
46.743,waypoint_2,-11.110,-92.292,-29.966
46.777,waypoint_2,-11.050,-92.367,-29.966
46.809,waypoint_2,-10.991,-92.443,-29.966
46.843,waypoint_2,-10.931,-92.518,-29.966
46.877,waypoint_2,-10.856,-92.613,-29.966
46.909,waypoint_2,-10.797,-92.688,-29.966
46.943,waypoint_2,-10.737,-92.764,-29.966
46.978,waypoint_2,-10.678,-92.839,-29.967
47.009,waypoint_2,-10.618,-92.915,-29.967
47.043,waypoint_2,-10.559,-92.990,-29.967
47.078,waypoint_2,-10.484,-93.085,-29.968
47.109,waypoint_2,-10.425,-93.161,-29.968
47.143,waypoint_2,-10.365,-93.237,-29.968
47.178,waypoint_2,-10.305,-93.312,-29.968
47.209,waypoint_2,-10.246,-93.388,-29.969
47.243,waypoint_2,-10.187,-93.464,-29.969
47.277,waypoint_2,-10.112,-93.559,-29.969
47.309,waypoint_2,-10.053,-93.635,-29.969
47.343,waypoint_2,-9.994,-93.711,-29.970
47.377,waypoint_2,-9.934,-93.787,-29.970
47.410,waypoint_2,-9.875,-93.864,-29.970
47.445,waypoint_2,-9.816,-93.940,-29.970
47.479,waypoint_2,-9.742,-94.035,-29.969
47.511,waypoint_2,-9.682,-94.111,-29.969
47.545,waypoint_2,-9.623,-94.187,-29.969
47.579,waypoint_2,-9.564,-94.263,-29.969
47.611,waypoint_2,-9.505,-94.339,-29.968
47.645,waypoint_2,-9.445,-94.415,-29.968
47.679,waypoint_2,-9.371,-94.510,-29.967
47.711,waypoint_2,-9.312,-94.586,-29.967
47.745,waypoint_2,-9.253,-94.662,-29.966
47.779,waypoint_2,-9.194,-94.738,-29.966
47.811,waypoint_2,-9.135,-94.814,-29.965
47.845,waypoint_2,-9.076,-94.890,-29.965
47.879,waypoint_2,-9.003,-94.985,-29.964
47.911,waypoint_2,-8.944,-95.061,-29.964
47.945,waypoint_2,-8.886,-95.138,-29.964
47.979,waypoint_2,-8.827,-95.214,-29.964
48.011,waypoint_2,-8.769,-95.290,-29.964
48.045,waypoint_2,-8.710,-95.367,-29.964
48.079,waypoint_2,-8.638,-95.462,-29.964
48.111,waypoint_2,-8.579,-95.539,-29.964
48.145,waypoint_2,-8.521,-95.615,-29.964
48.179,waypoint_2,-8.463,-95.692,-29.965
48.211,waypoint_2,-8.405,-95.768,-29.965
48.245,waypoint_2,-8.347,-95.845,-29.965
48.279,waypoint_2,-8.274,-95.940,-29.966
48.311,waypoint_2,-8.216,-96.017,-29.966
48.346,waypoint_2,-8.159,-96.093,-29.966
48.380,waypoint_2,-8.101,-96.170,-29.966
48.412,waypoint_2,-8.043,-96.246,-29.967
48.446,waypoint_2,-7.985,-96.323,-29.967
48.480,waypoint_2,-7.912,-96.418,-29.967
48.513,waypoint_2,-7.854,-96.494,-29.967
48.547,waypoint_2,-7.796,-96.571,-29.967
48.581,waypoint_2,-7.739,-96.647,-29.967
48.613,waypoint_2,-7.681,-96.723,-29.967
48.647,waypoint_2,-7.623,-96.800,-29.967
48.681,waypoint_2,-7.551,-96.895,-29.966
48.714,waypoint_2,-7.493,-96.971,-29.966
48.747,waypoint_2,-7.435,-97.047,-29.966
48.781,waypoint_2,-7.377,-97.123,-29.966
48.813,waypoint_2,-7.320,-97.199,-29.966
48.847,waypoint_2,-7.262,-97.275,-29.966
48.881,waypoint_2,-7.190,-97.370,-29.966
48.913,waypoint_2,-7.132,-97.446,-29.966
48.947,waypoint_2,-7.075,-97.522,-29.967
48.981,waypoint_2,-7.017,-97.598,-29.967
49.013,waypoint_2,-6.960,-97.674,-29.967
49.047,waypoint_2,-6.902,-97.751,-29.968
49.081,waypoint_2,-6.830,-97.846,-29.968
49.113,waypoint_2,-6.772,-97.923,-29.969
49.147,waypoint_2,-6.715,-98.000,-29.969
49.181,waypoint_2,-6.657,-98.077,-29.970
49.213,waypoint_2,-6.599,-98.154,-29.970
49.247,waypoint_2,-6.542,-98.231,-29.971
49.281,waypoint_2,-6.470,-98.327,-29.971
49.313,waypoint_2,-6.413,-98.404,-29.971
49.347,waypoint_2,-6.355,-98.482,-29.971
49.381,waypoint_2,-6.298,-98.559,-29.971
49.413,waypoint_2,-6.241,-98.636,-29.971
49.447,waypoint_2,-6.184,-98.713,-29.970
49.481,waypoint_2,-6.113,-98.810,-29.970
49.513,waypoint_2,-6.056,-98.887,-29.969
49.547,waypoint_2,-5.999,-98.964,-29.969
49.581,waypoint_2,-5.942,-99.041,-29.968
49.613,waypoint_2,-5.885,-99.118,-29.968
49.647,waypoint_2,-5.828,-99.196,-29.968
49.681,waypoint_2,-5.757,-99.293,-29.967
49.713,waypoint_2,-5.700,-99.370,-29.967
49.747,waypoint_2,-5.643,-99.447,-29.967
49.781,waypoint_2,-5.586,-99.525,-29.967
49.813,waypoint_2,-5.529,-99.602,-29.968
49.847,waypoint_2,-5.472,-99.680,-29.968
49.881,waypoint_2,-5.400,-99.776,-29.968
49.913,waypoint_2,-5.343,-99.854,-29.969
49.947,waypoint_2,-5.285,-99.931,-29.969
49.981,waypoint_2,-5.228,-100.009,-29.970
50.013,waypoint_2,-5.170,-100.086,-29.970
50.047,waypoint_2,-5.113,-100.164,-29.971
50.081,waypoint_2,-5.041,-100.261,-29.972
50.113,waypoint_2,-4.983,-100.338,-29.972
50.147,waypoint_2,-4.925,-100.416,-29.973
50.181,waypoint_2,-4.867,-100.493,-29.974
50.213,waypoint_2,-4.809,-100.571,-29.974
50.247,waypoint_2,-4.751,-100.649,-29.975
50.281,waypoint_2,-4.678,-100.746,-29.976
50.313,waypoint_2,-4.620,-100.824,-29.977
50.347,waypoint_2,-4.562,-100.901,-29.977
50.381,waypoint_2,-4.504,-100.979,-29.978
50.413,waypoint_2,-4.445,-101.057,-29.978
50.447,waypoint_2,-4.387,-101.135,-29.979
50.481,waypoint_2,-4.315,-101.232,-29.979
50.513,waypoint_2,-4.257,-101.310,-29.980
50.547,waypoint_2,-4.198,-101.388,-29.980
50.581,waypoint_2,-4.140,-101.466,-29.980
50.613,waypoint_2,-4.082,-101.544,-29.981
50.647,waypoint_2,-4.024,-101.621,-29.981
50.681,waypoint_2,-3.951,-101.718,-29.982
50.713,waypoint_2,-3.892,-101.796,-29.982
50.747,waypoint_2,-3.833,-101.874,-29.983
50.781,waypoint_2,-3.775,-101.951,-29.983
50.813,waypoint_2,-3.716,-102.029,-29.984
50.847,waypoint_2,-3.658,-102.107,-29.984
50.881,waypoint_2,-3.584,-102.204,-29.985
50.913,waypoint_2,-3.526,-102.281,-29.985
50.947,waypoint_2,-3.468,-102.359,-29.986
50.981,waypoint_2,-3.409,-102.436,-29.986
51.013,waypoint_2,-3.351,-102.514,-29.986
51.047,waypoint_2,-3.293,-102.591,-29.986
51.081,waypoint_2,-3.220,-102.688,-29.986
51.113,waypoint_2,-3.163,-102.765,-29.986
51.148,waypoint_2,-3.105,-102.843,-29.986
51.182,waypoint_2,-3.047,-102.920,-29.986
51.214,waypoint_2,-2.989,-102.997,-29.985
51.248,waypoint_2,-2.932,-103.074,-29.985
51.282,waypoint_2,-2.860,-103.170,-29.984
51.314,waypoint_2,-2.803,-103.247,-29.984
51.348,waypoint_2,-2.746,-103.324,-29.983
51.382,waypoint_2,-2.688,-103.401,-29.983
51.414,waypoint_2,-2.631,-103.478,-29.982
51.448,waypoint_2,-2.574,-103.555,-29.981
51.482,waypoint_2,-2.503,-103.651,-29.980
51.514,waypoint_2,-2.446,-103.728,-29.980
51.548,waypoint_2,-2.390,-103.805,-29.979
51.582,waypoint_2,-2.333,-103.882,-29.978
51.614,waypoint_2,-2.276,-103.959,-29.978
51.648,waypoint_2,-2.220,-104.036,-29.977
51.682,waypoint_2,-2.149,-104.133,-29.976
51.714,waypoint_2,-2.093,-104.210,-29.976
51.748,waypoint_2,-2.036,-104.288,-29.976
51.782,waypoint_2,-1.980,-104.365,-29.975
51.814,waypoint_2,-1.923,-104.443,-29.975
51.848,waypoint_2,-1.866,-104.520,-29.975
51.882,waypoint_2,-1.795,-104.617,-29.975
51.914,waypoint_2,-1.738,-104.695,-29.975
51.948,waypoint_2,-1.681,-104.772,-29.974
51.982,waypoint_2,-1.624,-104.850,-29.974
52.014,waypoint_2,-1.566,-104.928,-29.974
52.048,waypoint_2,-1.509,-105.006,-29.974
52.082,waypoint_2,-1.437,-105.103,-29.974
52.114,waypoint_2,-1.380,-105.181,-29.974
52.148,waypoint_2,-1.322,-105.259,-29.974
52.182,waypoint_2,-1.265,-105.336,-29.974
52.214,waypoint_2,-1.207,-105.414,-29.975
52.249,waypoint_2,-1.150,-105.492,-29.975
52.282,waypoint_2,-1.078,-105.590,-29.975
52.314,waypoint_2,-1.020,-105.667,-29.975
52.348,waypoint_2,-0.963,-105.745,-29.975
52.382,waypoint_2,-0.905,-105.823,-29.975
52.414,waypoint_2,-0.847,-105.901,-29.976
52.448,waypoint_2,-0.789,-105.979,-29.976
52.482,waypoint_2,-0.716,-106.076,-29.977
52.514,waypoint_2,-0.658,-106.154,-29.977
52.548,waypoint_2,-0.600,-106.232,-29.978
52.582,waypoint_2,-0.542,-106.310,-29.978
52.614,waypoint_2,-0.484,-106.388,-29.979
52.648,waypoint_2,-0.426,-106.466,-29.980
52.682,waypoint_2,-0.354,-106.563,-29.981
52.714,waypoint_2,-0.296,-106.641,-29.982
52.748,waypoint_2,-0.238,-106.719,-29.983
52.782,waypoint_2,-0.181,-106.798,-29.984
52.814,waypoint_2,-0.123,-106.876,-29.984
52.848,waypoint_2,-0.065,-106.954,-29.985
52.882,waypoint_2,0.007,-107.051,-29.986
52.914,waypoint_2,0.065,-107.129,-29.986
52.948,waypoint_2,0.122,-107.207,-29.986
52.982,waypoint_2,0.180,-107.285,-29.987
53.014,waypoint_2,0.237,-107.364,-29.987
53.048,waypoint_2,0.294,-107.442,-29.987
53.082,waypoint_2,0.366,-107.540,-29.987
53.114,waypoint_2,0.423,-107.618,-29.987
53.148,waypoint_2,0.480,-107.696,-29.987
53.182,waypoint_2,0.537,-107.774,-29.987
53.214,waypoint_2,0.594,-107.853,-29.987
53.249,waypoint_2,0.651,-107.931,-29.987
53.282,waypoint_2,0.722,-108.030,-29.986
53.314,waypoint_2,0.779,-108.108,-29.986
53.348,waypoint_2,0.836,-108.187,-29.986
53.382,waypoint_2,0.893,-108.267,-29.986
53.414,waypoint_2,0.949,-108.346,-29.986
53.448,waypoint_2,1.005,-108.425,-29.986
53.482,waypoint_2,1.076,-108.524,-29.986
53.515,waypoint_2,1.132,-108.604,-29.986
53.549,waypoint_2,1.187,-108.683,-29.986
53.583,waypoint_2,1.243,-108.763,-29.986
53.615,waypoint_2,1.299,-108.842,-29.986
53.649,waypoint_2,1.354,-108.921,-29.986
53.683,waypoint_2,1.424,-109.021,-29.986
53.718,waypoint_2,1.479,-109.100,-29.986
53.753,waypoint_2,1.535,-109.180,-29.986
53.787,waypoint_2,1.590,-109.259,-29.986
53.819,waypoint_2,1.645,-109.339,-29.986
53.853,waypoint_2,1.700,-109.419,-29.986
53.887,waypoint_2,1.769,-109.518,-29.985
53.919,waypoint_2,1.825,-109.598,-29.985
53.954,waypoint_2,1.880,-109.678,-29.985
53.988,waypoint_2,1.936,-109.757,-29.985
54.020,waypoint_2,1.991,-109.837,-29.985
54.054,waypoint_2,2.047,-109.916,-29.985
54.088,waypoint_2,2.117,-110.015,-29.984
54.120,waypoint_2,2.173,-110.095,-29.984
54.173,waypoint_2,2.229,-110.174,-29.984
54.207,waypoint_2,2.285,-110.253,-29.983
54.239,waypoint_2,2.341,-110.333,-29.983
54.273,waypoint_2,2.396,-110.412,-29.983
54.307,waypoint_2,2.466,-110.511,-29.982
54.339,waypoint_2,2.522,-110.590,-29.982
54.373,waypoint_2,2.578,-110.669,-29.982
54.407,waypoint_2,2.634,-110.747,-29.981
54.439,waypoint_2,2.689,-110.826,-29.981
54.473,waypoint_2,2.745,-110.905,-29.981
54.508,waypoint_2,2.814,-111.003,-29.980
54.540,waypoint_2,2.870,-111.082,-29.980
54.574,waypoint_2,2.925,-111.160,-29.979
54.608,waypoint_2,2.980,-111.239,-29.979
54.640,waypoint_2,3.036,-111.317,-29.979
54.674,waypoint_2,3.091,-111.395,-29.978
54.708,waypoint_2,3.160,-111.493,-29.978
54.740,waypoint_2,3.215,-111.572,-29.977
54.779,waypoint_2,3.271,-111.650,-29.976
54.819,waypoint_2,3.326,-111.728,-29.976
54.853,waypoint_2,3.381,-111.807,-29.975
54.885,waypoint_2,3.436,-111.885,-29.974
54.920,waypoint_2,3.492,-111.963,-29.973
54.954,waypoint_2,3.561,-112.060,-29.972
54.986,waypoint_2,3.616,-112.138,-29.971
55.020,waypoint_2,3.671,-112.216,-29.970
55.054,waypoint_2,3.726,-112.294,-29.969
55.086,waypoint_2,3.781,-112.372,-29.968
55.120,waypoint_2,3.837,-112.449,-29.967
55.154,waypoint_2,3.906,-112.547,-29.966
55.186,waypoint_2,3.961,-112.624,-29.966
55.220,waypoint_2,4.016,-112.702,-29.965
55.254,waypoint_2,4.071,-112.779,-29.964
55.286,waypoint_2,4.125,-112.857,-29.964
55.320,waypoint_2,4.180,-112.935,-29.964
55.354,waypoint_2,4.249,-113.031,-29.963
55.386,waypoint_2,4.303,-113.109,-29.963
55.420,waypoint_2,4.358,-113.187,-29.963
55.454,waypoint_2,4.412,-113.264,-29.963
55.486,waypoint_2,4.467,-113.342,-29.963
55.520,waypoint_2,4.521,-113.419,-29.963
55.554,waypoint_2,4.589,-113.516,-29.963
55.586,waypoint_2,4.643,-113.594,-29.963
55.620,waypoint_2,4.697,-113.671,-29.963
55.654,waypoint_2,4.752,-113.748,-29.963
55.686,waypoint_2,4.806,-113.825,-29.963
55.720,waypoint_2,4.861,-113.902,-29.963
55.754,waypoint_2,4.930,-113.998,-29.963
55.786,waypoint_2,4.985,-114.075,-29.963
55.820,waypoint_2,5.040,-114.152,-29.963
55.854,waypoint_2,5.096,-114.229,-29.963
55.886,waypoint_2,5.151,-114.306,-29.963
55.920,waypoint_2,5.207,-114.383,-29.963
55.956,waypoint_2,5.277,-114.479,-29.963
55.988,waypoint_2,5.333,-114.556,-29.963
56.022,waypoint_2,5.389,-114.633,-29.963
56.056,waypoint_2,5.445,-114.710,-29.963
56.088,waypoint_2,5.501,-114.787,-29.962
56.122,waypoint_2,5.558,-114.864,-29.962
56.156,waypoint_2,5.628,-114.961,-29.962
56.188,waypoint_2,5.685,-115.038,-29.962
56.222,waypoint_2,5.742,-115.115,-29.962
56.256,waypoint_2,5.799,-115.192,-29.961
56.288,waypoint_2,5.855,-115.269,-29.961
56.322,waypoint_2,5.912,-115.346,-29.961
56.356,waypoint_2,5.984,-115.442,-29.960
56.388,waypoint_2,6.041,-115.519,-29.960
56.422,waypoint_2,6.098,-115.596,-29.959
56.456,waypoint_2,6.155,-115.673,-29.959
56.488,waypoint_2,6.213,-115.750,-29.959
56.522,waypoint_2,6.270,-115.826,-29.958
56.556,waypoint_2,6.341,-115.922,-29.958
56.588,waypoint_2,6.398,-115.999,-29.957
56.622,waypoint_2,6.455,-116.076,-29.957
56.656,waypoint_2,6.511,-116.153,-29.957
56.688,waypoint_2,6.568,-116.229,-29.956
56.722,waypoint_2,6.624,-116.306,-29.956
56.756,waypoint_2,6.695,-116.402,-29.956
56.788,waypoint_2,6.751,-116.478,-29.956
56.822,waypoint_2,6.808,-116.555,-29.956
56.856,waypoint_2,6.864,-116.632,-29.956
56.888,waypoint_2,6.920,-116.709,-29.956
56.922,waypoint_2,6.976,-116.786,-29.956
56.956,waypoint_2,7.046,-116.882,-29.957
56.988,waypoint_2,7.101,-116.959,-29.957
57.022,waypoint_2,7.157,-117.036,-29.958
57.056,waypoint_2,7.213,-117.113,-29.959
57.088,waypoint_2,7.269,-117.191,-29.960
57.122,waypoint_2,7.325,-117.268,-29.961
57.156,waypoint_2,7.395,-117.365,-29.962
57.188,waypoint_2,7.451,-117.442,-29.963
57.222,waypoint_2,7.507,-117.520,-29.964
57.256,waypoint_2,7.562,-117.597,-29.964
57.289,waypoint_2,7.618,-117.675,-29.965
57.323,waypoint_2,7.674,-117.752,-29.966
57.357,waypoint_2,7.744,-117.849,-29.967
57.389,waypoint_2,7.799,-117.926,-29.968
57.423,waypoint_2,7.855,-118.003,-29.969
57.457,waypoint_2,7.911,-118.081,-29.970
57.489,waypoint_2,7.966,-118.158,-29.971
57.523,waypoint_2,8.022,-118.235,-29.972
57.557,waypoint_2,8.092,-118.332,-29.973
57.589,waypoint_2,8.148,-118.409,-29.974
57.623,waypoint_2,8.204,-118.487,-29.975
57.657,waypoint_2,8.260,-118.564,-29.976
57.689,waypoint_2,8.316,-118.642,-29.976
57.723,waypoint_2,8.373,-118.720,-29.977
57.757,waypoint_2,8.443,-118.817,-29.978
57.789,waypoint_2,8.499,-118.894,-29.979
57.823,waypoint_2,8.556,-118.972,-29.979
57.857,waypoint_2,8.612,-119.050,-29.980
57.889,waypoint_2,8.669,-119.128,-29.980
57.923,waypoint_2,8.725,-119.206,-29.981
57.957,waypoint_2,8.795,-119.303,-29.982
57.989,waypoint_2,8.851,-119.381,-29.982
58.023,waypoint_2,8.907,-119.459,-29.983
58.057,waypoint_2,8.963,-119.537,-29.983
58.089,waypoint_2,9.019,-119.615,-29.983
58.123,waypoint_2,9.075,-119.693,-29.984
58.157,waypoint_2,9.145,-119.790,-29.984
58.189,waypoint_2,9.201,-119.868,-29.984
58.223,waypoint_2,9.256,-119.946,-29.984
58.257,waypoint_2,9.312,-120.024,-29.985
58.289,waypoint_2,9.367,-120.103,-29.985
58.323,waypoint_2,9.423,-120.181,-29.985
58.357,waypoint_2,9.492,-120.279,-29.984
58.389,waypoint_2,9.548,-120.358,-29.984
58.423,waypoint_2,9.603,-120.437,-29.984
58.457,waypoint_2,9.659,-120.516,-29.983
58.489,waypoint_2,9.714,-120.595,-29.983
58.523,waypoint_2,9.769,-120.674,-29.983
58.557,waypoint_2,9.838,-120.772,-29.982
58.589,waypoint_2,9.894,-120.851,-29.982
58.623,waypoint_2,9.949,-120.930,-29.981
58.657,waypoint_2,10.004,-121.008,-29.981
58.689,waypoint_2,10.060,-121.087,-29.980
58.723,waypoint_2,10.115,-121.165,-29.980
58.757,waypoint_2,10.184,-121.263,-29.980
58.789,waypoint_2,10.240,-121.342,-29.979
58.823,waypoint_2,10.295,-121.420,-29.979
58.857,waypoint_2,10.351,-121.499,-29.978
58.889,waypoint_2,10.407,-121.577,-29.978
58.923,waypoint_2,10.463,-121.656,-29.977
58.957,waypoint_2,10.533,-121.754,-29.976
58.989,waypoint_2,10.589,-121.832,-29.976
59.023,waypoint_2,10.645,-121.911,-29.975
59.057,waypoint_2,10.701,-121.989,-29.974
59.089,waypoint_2,10.757,-122.068,-29.974
59.123,waypoint_2,10.813,-122.146,-29.973
59.157,waypoint_2,10.884,-122.244,-29.973
59.189,waypoint_2,10.939,-122.323,-29.973
59.223,waypoint_2,10.995,-122.401,-29.973
59.257,waypoint_2,11.051,-122.480,-29.972
59.289,waypoint_2,11.107,-122.558,-29.972
59.323,waypoint_2,11.162,-122.637,-29.971
59.357,waypoint_2,11.232,-122.735,-29.971
59.389,waypoint_2,11.287,-122.814,-29.970
59.423,waypoint_2,11.343,-122.893,-29.969
59.457,waypoint_2,11.398,-122.971,-29.969
59.489,waypoint_2,11.454,-123.050,-29.968
59.523,waypoint_2,11.509,-123.128,-29.968
59.557,waypoint_2,11.578,-123.226,-29.967
59.589,waypoint_2,11.633,-123.304,-29.967
59.623,waypoint_2,11.688,-123.382,-29.967
59.657,waypoint_2,11.743,-123.460,-29.966
59.689,waypoint_2,11.798,-123.538,-29.966
59.723,waypoint_2,11.853,-123.616,-29.966
59.757,waypoint_2,11.922,-123.713,-29.966
59.789,waypoint_2,11.977,-123.791,-29.966
59.823,waypoint_2,12.032,-123.869,-29.966
59.857,waypoint_2,12.086,-123.946,-29.966
59.889,waypoint_2,12.141,-124.024,-29.966
59.923,waypoint_2,12.195,-124.101,-29.966
59.957,waypoint_2,12.264,-124.199,-29.966
59.990,waypoint_2,12.318,-124.276,-29.966
60.024,waypoint_2,12.373,-124.354,-29.966
60.058,waypoint_2,12.427,-124.431,-29.966
60.090,waypoint_2,12.481,-124.509,-29.966
60.124,waypoint_2,12.536,-124.587,-29.966
60.158,waypoint_2,12.603,-124.684,-29.966
60.190,waypoint_2,12.658,-124.762,-29.965
60.224,waypoint_2,12.712,-124.840,-29.965
60.258,waypoint_2,12.766,-124.918,-29.965
60.290,waypoint_2,12.821,-124.996,-29.965
60.324,waypoint_2,12.875,-125.074,-29.964
60.358,waypoint_2,12.943,-125.172,-29.964
60.390,waypoint_2,12.997,-125.250,-29.964
60.424,waypoint_2,13.052,-125.328,-29.964
60.458,waypoint_2,13.106,-125.407,-29.964
60.490,waypoint_2,13.161,-125.485,-29.964
60.524,waypoint_2,13.216,-125.563,-29.963
60.558,waypoint_2,13.284,-125.661,-29.963
60.590,waypoint_2,13.339,-125.739,-29.963
60.624,waypoint_2,13.394,-125.817,-29.963
60.658,waypoint_3,13.449,-125.896,-29.963
60.690,waypoint_3,13.504,-125.974,-29.964
60.724,waypoint_3,13.559,-126.053,-29.968
60.758,waypoint_3,13.628,-126.150,-29.978
60.790,waypoint_3,13.682,-126.229,-29.988
60.824,waypoint_3,13.735,-126.306,-30.000
60.858,waypoint_3,13.785,-126.384,-30.013
60.890,waypoint_3,13.831,-126.460,-30.026
60.924,waypoint_3,13.874,-126.537,-30.038
60.958,waypoint_3,13.921,-126.631,-30.051
60.990,waypoint_3,13.954,-126.705,-30.060
61.024,waypoint_3,13.981,-126.779,-30.067
61.058,waypoint_3,14.003,-126.853,-30.072
61.090,waypoint_3,14.019,-126.925,-30.074
61.124,waypoint_3,14.029,-126.997,-30.076
61.158,waypoint_3,14.034,-127.085,-30.075
61.190,waypoint_3,14.031,-127.155,-30.072
61.224,waypoint_3,14.022,-127.225,-30.069
61.258,waypoint_3,14.008,-127.293,-30.064
61.290,waypoint_3,13.989,-127.361,-30.059
61.324,waypoint_3,13.964,-127.428,-30.053
61.358,waypoint_3,13.927,-127.512,-30.045
61.390,waypoint_3,13.891,-127.577,-30.038
61.424,waypoint_3,13.852,-127.642,-30.032
61.458,waypoint_3,13.808,-127.707,-30.025
61.490,waypoint_3,13.760,-127.771,-30.018
61.524,waypoint_3,13.709,-127.834,-30.012
61.558,waypoint_3,13.641,-127.913,-30.004
61.590,waypoint_3,13.584,-127.975,-29.998
61.624,waypoint_3,13.524,-128.037,-29.993
61.658,waypoint_3,13.461,-128.099,-29.988
61.690,waypoint_3,13.397,-128.160,-29.983
61.724,waypoint_3,13.331,-128.222,-29.979
61.758,waypoint_3,13.247,-128.298,-29.975
61.790,waypoint_3,13.178,-128.358,-29.971
61.824,waypoint_3,13.108,-128.418,-29.969
61.858,waypoint_3,13.037,-128.478,-29.966
61.890,waypoint_3,12.965,-128.538,-29.964
61.924,waypoint_3,12.893,-128.597,-29.963
61.958,waypoint_3,12.803,-128.671,-29.961
61.990,waypoint_3,12.730,-128.730,-29.960
62.024,waypoint_3,12.657,-128.789,-29.959
62.058,waypoint_3,12.583,-128.848,-29.958
62.090,waypoint_3,12.510,-128.907,-29.958
62.124,waypoint_3,12.437,-128.965,-29.958
62.158,waypoint_3,12.345,-129.039,-29.957
62.190,waypoint_3,12.271,-129.097,-29.957
62.224,waypoint_3,12.198,-129.156,-29.958
62.258,waypoint_3,12.125,-129.214,-29.958
62.290,waypoint_3,12.052,-129.273,-29.959
62.324,waypoint_3,11.978,-129.332,-29.960
62.359,waypoint_3,11.887,-129.405,-29.961
62.391,waypoint_3,11.814,-129.464,-29.962
62.425,waypoint_3,11.741,-129.523,-29.963
62.459,waypoint_3,11.669,-129.582,-29.964
62.491,waypoint_3,11.596,-129.641,-29.965
62.525,waypoint_3,11.524,-129.700,-29.966
62.559,waypoint_3,11.433,-129.775,-29.967
62.591,waypoint_3,11.361,-129.834,-29.968
62.625,waypoint_3,11.289,-129.894,-29.968
62.659,waypoint_3,11.217,-129.954,-29.969
62.691,waypoint_3,11.145,-130.013,-29.970
62.725,waypoint_3,11.073,-130.073,-29.970
62.759,waypoint_3,10.984,-130.148,-29.971
62.791,waypoint_3,10.912,-130.208,-29.971
62.825,waypoint_3,10.841,-130.268,-29.972
62.859,waypoint_3,10.769,-130.328,-29.972
62.891,waypoint_3,10.697,-130.388,-29.973
62.925,waypoint_3,10.626,-130.448,-29.973
62.959,waypoint_3,10.536,-130.523,-29.974
62.991,waypoint_3,10.464,-130.583,-29.974
63.025,waypoint_3,10.392,-130.643,-29.975
63.059,waypoint_3,10.321,-130.703,-29.975
63.091,waypoint_3,10.249,-130.763,-29.976
63.125,waypoint_3,10.177,-130.823,-29.977
63.159,waypoint_3,10.087,-130.898,-29.977
63.191,waypoint_3,10.016,-130.958,-29.978
63.225,waypoint_3,9.944,-131.018,-29.978
63.259,waypoint_3,9.872,-131.078,-29.979
63.291,waypoint_3,9.800,-131.138,-29.979
63.325,waypoint_3,9.728,-131.198,-29.979
63.359,waypoint_3,9.638,-131.272,-29.980
63.391,waypoint_3,9.566,-131.332,-29.980
63.425,waypoint_3,9.494,-131.392,-29.980
63.459,waypoint_3,9.422,-131.452,-29.980
63.491,waypoint_3,9.349,-131.512,-29.980
63.525,waypoint_3,9.276,-131.572,-29.980
63.559,waypoint_3,9.185,-131.646,-29.981
63.591,waypoint_3,9.112,-131.706,-29.981
63.625,waypoint_3,9.039,-131.766,-29.982
63.659,waypoint_3,8.966,-131.826,-29.982
63.691,waypoint_3,8.893,-131.886,-29.983
63.725,waypoint_3,8.820,-131.946,-29.983
63.759,waypoint_3,8.728,-132.021,-29.983
63.791,waypoint_3,8.654,-132.081,-29.984
63.825,waypoint_3,8.581,-132.141,-29.984
63.859,waypoint_3,8.507,-132.201,-29.985
63.891,waypoint_3,8.433,-132.261,-29.985
63.925,waypoint_3,8.358,-132.321,-29.986
63.961,waypoint_3,8.265,-132.396,-29.987
63.993,waypoint_3,8.191,-132.457,-29.987
64.027,waypoint_3,8.116,-132.517,-29.988
64.061,waypoint_3,8.041,-132.577,-29.989
64.093,waypoint_3,7.966,-132.637,-29.989
64.127,waypoint_3,7.890,-132.698,-29.990
64.161,waypoint_3,7.795,-132.773,-29.991
64.193,waypoint_3,7.720,-132.834,-29.992
64.227,waypoint_3,7.644,-132.894,-29.992
64.261,waypoint_3,7.567,-132.955,-29.993
64.293,waypoint_3,7.491,-133.015,-29.993
64.327,waypoint_3,7.415,-133.075,-29.994
64.361,waypoint_3,7.319,-133.151,-29.994
64.393,waypoint_3,7.242,-133.211,-29.994
64.427,waypoint_3,7.166,-133.272,-29.995
64.461,waypoint_3,7.089,-133.332,-29.995
64.493,waypoint_3,7.012,-133.393,-29.995
64.527,waypoint_3,6.935,-133.453,-29.996
64.561,waypoint_3,6.839,-133.528,-29.996
64.593,waypoint_3,6.762,-133.588,-29.996
64.627,waypoint_3,6.685,-133.648,-29.996
64.661,waypoint_3,6.608,-133.708,-29.996
64.693,waypoint_3,6.531,-133.768,-29.996
64.727,waypoint_3,6.455,-133.828,-29.996
64.761,waypoint_3,6.359,-133.903,-29.996
64.793,waypoint_3,6.282,-133.962,-29.996
64.827,waypoint_3,6.205,-134.022,-29.996
64.861,waypoint_3,6.128,-134.082,-29.995
64.893,waypoint_3,6.052,-134.142,-29.995
64.927,waypoint_3,5.975,-134.201,-29.995
64.961,waypoint_3,5.879,-134.276,-29.994
64.993,waypoint_3,5.803,-134.336,-29.994
65.027,waypoint_3,5.726,-134.396,-29.994
65.061,waypoint_3,5.650,-134.456,-29.994
65.093,waypoint_3,5.573,-134.515,-29.994
65.127,waypoint_3,5.496,-134.575,-29.994
65.161,waypoint_3,5.401,-134.650,-29.994
65.193,waypoint_3,5.324,-134.710,-29.994
65.227,waypoint_3,5.247,-134.771,-29.994
65.261,waypoint_3,5.170,-134.831,-29.993
65.293,waypoint_3,5.094,-134.891,-29.993
65.327,waypoint_3,5.017,-134.952,-29.993
65.361,waypoint_3,4.921,-135.028,-29.993
65.393,waypoint_3,4.843,-135.088,-29.993
65.427,waypoint_3,4.766,-135.149,-29.992
65.461,waypoint_3,4.689,-135.209,-29.992
65.493,waypoint_3,4.612,-135.270,-29.992
65.527,waypoint_3,4.535,-135.331,-29.991
65.561,waypoint_3,4.438,-135.406,-29.991
65.593,waypoint_3,4.361,-135.467,-29.991
65.627,waypoint_3,4.283,-135.527,-29.991
65.661,waypoint_3,4.206,-135.588,-29.991
65.693,waypoint_3,4.128,-135.648,-29.991
65.727,waypoint_3,4.051,-135.709,-29.992
65.760,waypoint_3,3.954,-135.785,-29.992
65.794,waypoint_3,3.876,-135.845,-29.993
65.826,waypoint_3,3.799,-135.906,-29.993
65.860,waypoint_3,3.722,-135.966,-29.994
65.894,waypoint_3,3.644,-136.027,-29.994
65.926,waypoint_3,3.567,-136.088,-29.994
65.960,waypoint_3,3.471,-136.163,-29.995
65.994,waypoint_3,3.394,-136.224,-29.995
66.026,waypoint_3,3.317,-136.285,-29.995
66.060,waypoint_3,3.240,-136.346,-29.995
66.094,waypoint_3,3.163,-136.406,-29.995
66.126,waypoint_3,3.086,-136.467,-29.996
66.160,waypoint_3,2.989,-136.543,-29.996
66.194,waypoint_3,2.912,-136.604,-29.996
66.226,waypoint_3,2.835,-136.664,-29.996
66.260,waypoint_3,2.758,-136.725,-29.996
66.294,waypoint_3,2.680,-136.785,-29.996
66.326,waypoint_3,2.603,-136.846,-29.995
66.360,waypoint_3,2.506,-136.922,-29.995
66.394,waypoint_3,2.429,-136.982,-29.995
66.426,waypoint_3,2.351,-137.042,-29.995
66.460,waypoint_3,2.274,-137.103,-29.995
66.494,waypoint_3,2.196,-137.163,-29.995
66.526,waypoint_3,2.118,-137.223,-29.994
66.560,waypoint_3,2.021,-137.298,-29.994
66.594,waypoint_3,1.943,-137.358,-29.995
66.626,waypoint_3,1.865,-137.418,-29.995
66.660,waypoint_3,1.787,-137.478,-29.995
66.694,waypoint_3,1.709,-137.538,-29.995
66.726,waypoint_3,1.631,-137.598,-29.996
66.760,waypoint_3,1.534,-137.673,-29.996
66.794,waypoint_3,1.456,-137.733,-29.996
66.826,waypoint_3,1.379,-137.792,-29.996
66.860,waypoint_3,1.301,-137.852,-29.996
66.894,waypoint_3,1.224,-137.912,-29.996
66.926,waypoint_3,1.146,-137.972,-29.996
66.960,waypoint_3,1.049,-138.047,-29.996
66.994,waypoint_3,0.971,-138.107,-29.996
67.026,waypoint_3,0.894,-138.167,-29.996
67.060,waypoint_3,0.816,-138.227,-29.996
67.094,waypoint_3,0.738,-138.288,-29.996
67.126,waypoint_3,0.660,-138.348,-29.996
67.160,waypoint_3,0.563,-138.423,-29.995
67.194,waypoint_3,0.485,-138.484,-29.995
67.226,waypoint_3,0.407,-138.544,-29.995
67.260,waypoint_3,0.329,-138.604,-29.995
67.294,waypoint_3,0.251,-138.665,-29.994
67.326,waypoint_3,0.173,-138.725,-29.994
67.360,waypoint_3,0.076,-138.801,-29.994
67.394,waypoint_3,-0.002,-138.861,-29.994
67.426,waypoint_3,-0.079,-138.922,-29.994
67.460,waypoint_3,-0.157,-138.982,-29.994
67.494,waypoint_3,-0.235,-139.043,-29.994
67.526,waypoint_3,-0.313,-139.104,-29.995
67.560,waypoint_3,-0.411,-139.180,-29.996
67.594,waypoint_3,-0.489,-139.240,-29.996
67.626,waypoint_3,-0.567,-139.301,-29.997
67.660,waypoint_3,-0.646,-139.362,-29.998
67.694,waypoint_3,-0.724,-139.422,-29.998
67.726,waypoint_3,-0.802,-139.483,-29.999
67.760,waypoint_3,-0.900,-139.558,-30.000
67.794,waypoint_3,-0.978,-139.619,-30.000
67.826,waypoint_3,-1.057,-139.679,-30.001
67.860,waypoint_3,-1.135,-139.739,-30.001
67.894,waypoint_3,-1.213,-139.798,-30.002
67.926,waypoint_3,-1.291,-139.858,-30.002
67.960,waypoint_3,-1.388,-139.933,-30.002
67.994,waypoint_3,-1.466,-139.993,-30.003
68.026,waypoint_3,-1.544,-140.052,-30.003
68.060,waypoint_3,-1.622,-140.112,-30.003
68.094,waypoint_3,-1.699,-140.171,-30.003
68.126,waypoint_3,-1.777,-140.231,-30.004
68.160,waypoint_3,-1.874,-140.305,-30.004
68.194,waypoint_3,-1.951,-140.364,-30.004
68.226,waypoint_3,-2.029,-140.424,-30.004
68.261,waypoint_3,-2.106,-140.483,-30.005
68.294,waypoint_3,-2.184,-140.543,-30.005
68.326,waypoint_3,-2.261,-140.602,-30.005
68.360,waypoint_3,-2.357,-140.677,-30.005
68.394,waypoint_3,-2.434,-140.737,-30.005
68.427,waypoint_3,-2.512,-140.797,-30.004
68.462,waypoint_3,-2.589,-140.857,-30.004
68.496,waypoint_3,-2.666,-140.917,-30.004
68.528,waypoint_3,-2.744,-140.977,-30.004
68.562,waypoint_3,-2.841,-141.052,-30.004
68.596,waypoint_3,-2.918,-141.112,-30.004
68.628,waypoint_3,-2.996,-141.172,-30.003
68.662,waypoint_3,-3.073,-141.232,-30.003
68.696,waypoint_3,-3.151,-141.293,-30.003
68.728,waypoint_3,-3.228,-141.353,-30.003
68.762,waypoint_3,-3.325,-141.429,-30.003
68.796,waypoint_3,-3.403,-141.490,-30.002
68.828,waypoint_3,-3.481,-141.550,-30.002
68.862,waypoint_3,-3.558,-141.611,-30.002
68.896,waypoint_3,-3.636,-141.672,-30.003
68.928,waypoint_3,-3.713,-141.733,-30.003
68.962,waypoint_3,-3.810,-141.809,-30.003
68.996,waypoint_3,-3.888,-141.871,-30.003
69.028,waypoint_3,-3.965,-141.932,-30.004
69.063,waypoint_3,-4.042,-141.993,-30.004
69.098,waypoint_3,-4.120,-142.055,-30.005
69.130,waypoint_3,-4.197,-142.116,-30.005
69.164,waypoint_3,-4.293,-142.193,-30.006
69.199,waypoint_3,-4.370,-142.254,-30.006
69.231,waypoint_3,-4.447,-142.315,-30.007
69.265,waypoint_3,-4.524,-142.376,-30.008
69.299,waypoint_3,-4.601,-142.438,-30.009
69.331,waypoint_3,-4.678,-142.499,-30.009
69.371,waypoint_3,-4.774,-142.575,-30.010
69.405,waypoint_3,-4.851,-142.636,-30.011
69.437,waypoint_3,-4.928,-142.696,-30.012
69.471,waypoint_3,-5.005,-142.757,-30.012
69.505,waypoint_3,-5.081,-142.818,-30.013
69.537,waypoint_3,-5.158,-142.879,-30.014
69.571,waypoint_3,-5.254,-142.955,-30.014
69.605,waypoint_3,-5.331,-143.015,-30.015
69.637,waypoint_3,-5.407,-143.076,-30.015
69.671,waypoint_3,-5.484,-143.136,-30.016
69.705,waypoint_3,-5.561,-143.197,-30.016
69.737,waypoint_3,-5.638,-143.257,-30.017
69.771,waypoint_3,-5.734,-143.333,-30.017
69.805,waypoint_3,-5.811,-143.393,-30.017
69.837,waypoint_3,-5.888,-143.453,-30.017
69.871,waypoint_3,-5.965,-143.514,-30.017
69.905,waypoint_3,-6.042,-143.574,-30.017
69.938,waypoint_3,-6.119,-143.635,-30.017
69.972,waypoint_3,-6.215,-143.710,-30.016
70.006,waypoint_3,-6.292,-143.771,-30.016
70.039,waypoint_3,-6.369,-143.832,-30.016
70.073,waypoint_3,-6.446,-143.892,-30.015
70.108,waypoint_3,-6.523,-143.953,-30.015
70.140,waypoint_3,-6.600,-144.013,-30.015
70.175,waypoint_3,-6.696,-144.089,-30.014
70.208,waypoint_3,-6.773,-144.149,-30.014
70.240,waypoint_3,-6.850,-144.210,-30.014
70.274,waypoint_3,-6.927,-144.270,-30.014
70.308,waypoint_3,-7.004,-144.331,-30.015
70.340,waypoint_3,-7.081,-144.391,-30.015
70.375,waypoint_3,-7.177,-144.466,-30.015
70.409,waypoint_3,-7.254,-144.526,-30.015
70.440,waypoint_3,-7.331,-144.586,-30.015
70.474,waypoint_3,-7.408,-144.646,-30.015
70.508,waypoint_3,-7.484,-144.706,-30.014
70.540,waypoint_3,-7.561,-144.766,-30.014
70.574,waypoint_3,-7.656,-144.841,-30.014
70.608,waypoint_3,-7.733,-144.901,-30.013
70.640,waypoint_3,-7.809,-144.961,-30.013
70.674,waypoint_3,-7.885,-145.021,-30.013
70.708,waypoint_3,-7.960,-145.082,-30.012
70.740,waypoint_3,-8.036,-145.142,-30.012
70.774,waypoint_3,-8.131,-145.217,-30.011
70.808,waypoint_3,-8.206,-145.278,-30.011
70.840,waypoint_3,-8.282,-145.338,-30.010
70.874,waypoint_3,-8.357,-145.398,-30.010
70.908,waypoint_3,-8.432,-145.458,-30.010
70.940,waypoint_3,-8.508,-145.519,-30.010
70.974,waypoint_3,-8.601,-145.594,-30.010
71.008,waypoint_3,-8.677,-145.654,-30.010
71.040,waypoint_3,-8.752,-145.714,-30.010
71.074,waypoint_3,-8.827,-145.775,-30.010
71.108,waypoint_3,-8.902,-145.835,-30.010
71.140,waypoint_3,-8.977,-145.895,-30.010
71.174,waypoint_3,-9.070,-145.971,-30.011
71.208,waypoint_3,-9.145,-146.031,-30.011
71.240,waypoint_3,-9.220,-146.091,-30.011
71.274,waypoint_3,-9.296,-146.151,-30.010
71.308,waypoint_3,-9.371,-146.211,-30.010
71.340,waypoint_3,-9.446,-146.271,-30.010
71.374,waypoint_3,-9.539,-146.346,-30.010
71.408,waypoint_3,-9.614,-146.406,-30.009
71.440,waypoint_3,-9.689,-146.466,-30.009
71.474,waypoint_3,-9.764,-146.526,-30.009
71.508,waypoint_3,-9.839,-146.586,-30.009
71.540,waypoint_3,-9.914,-146.646,-30.009
71.574,waypoint_3,-10.007,-146.722,-30.009
71.608,waypoint_3,-10.082,-146.782,-30.008
71.640,waypoint_3,-10.156,-146.842,-30.008
71.674,waypoint_3,-10.231,-146.902,-30.008
71.708,waypoint_3,-10.306,-146.963,-30.008
71.740,waypoint_3,-10.380,-147.023,-30.008
71.774,waypoint_3,-10.474,-147.098,-30.008
71.808,waypoint_3,-10.549,-147.159,-30.008
71.840,waypoint_3,-10.624,-147.219,-30.008
71.874,waypoint_3,-10.699,-147.279,-30.008
71.908,waypoint_3,-10.774,-147.340,-30.008
71.940,waypoint_3,-10.849,-147.400,-30.008
71.974,waypoint_3,-10.943,-147.476,-30.008
72.008,waypoint_3,-11.018,-147.536,-30.008
72.040,waypoint_3,-11.093,-147.597,-30.009
72.074,waypoint_3,-11.169,-147.658,-30.009
72.110,waypoint_3,-11.244,-147.719,-30.009
72.142,waypoint_3,-11.319,-147.780,-30.009
72.176,waypoint_3,-11.413,-147.856,-30.009
72.210,waypoint_3,-11.488,-147.917,-30.010
72.242,waypoint_3,-11.564,-147.978,-30.010
72.276,waypoint_3,-11.639,-148.039,-30.011
72.310,waypoint_3,-11.714,-148.100,-30.011
72.342,waypoint_3,-11.789,-148.161,-30.012
72.376,waypoint_3,-11.884,-148.237,-30.012
72.410,waypoint_3,-11.959,-148.298,-30.013
72.442,waypoint_3,-12.034,-148.360,-30.013
72.476,waypoint_3,-12.109,-148.421,-30.014
72.510,waypoint_3,-12.184,-148.482,-30.014
72.542,waypoint_3,-12.259,-148.544,-30.015
72.576,waypoint_3,-12.353,-148.620,-30.016
72.610,waypoint_3,-12.428,-148.682,-30.016
72.641,waypoint_3,-12.503,-148.743,-30.017
72.676,waypoint_3,-12.577,-148.805,-30.018
72.710,waypoint_3,-12.652,-148.866,-30.018
72.742,waypoint_3,-12.727,-148.928,-30.019
72.776,waypoint_3,-12.820,-149.005,-30.019
72.810,waypoint_3,-12.895,-149.066,-30.020
72.841,waypoint_3,-12.969,-149.128,-30.020
72.876,waypoint_3,-13.044,-149.189,-30.020
72.910,waypoint_3,-13.118,-149.250,-30.020
72.942,waypoint_3,-13.193,-149.312,-30.021
72.976,waypoint_3,-13.286,-149.389,-30.021
73.010,waypoint_3,-13.360,-149.450,-30.021
73.041,waypoint_3,-13.435,-149.511,-30.021
73.076,waypoint_3,-13.509,-149.573,-30.020
73.110,waypoint_3,-13.583,-149.634,-30.020
73.141,waypoint_3,-13.658,-149.696,-30.020
73.175,waypoint_3,-13.751,-149.773,-30.019
73.210,waypoint_3,-13.826,-149.834,-30.019
73.242,waypoint_3,-13.900,-149.895,-30.019
73.276,waypoint_3,-13.975,-149.957,-30.018
73.310,waypoint_3,-14.049,-150.018,-30.018
73.342,waypoint_3,-14.124,-150.080,-30.018
73.376,waypoint_3,-14.217,-150.157,-30.018
73.410,waypoint_3,-14.291,-150.218,-30.018
73.441,waypoint_3,-14.366,-150.280,-30.017
73.475,waypoint_3,-14.441,-150.341,-30.017
73.510,waypoint_3,-14.515,-150.402,-30.017
73.542,waypoint_3,-14.590,-150.463,-30.017
73.575,waypoint_3,-14.684,-150.540,-30.016
73.609,waypoint_3,-14.759,-150.601,-30.016
73.641,waypoint_3,-14.835,-150.662,-30.016
73.676,waypoint_3,-14.910,-150.723,-30.016
73.710,waypoint_3,-14.985,-150.784,-30.016
73.741,waypoint_3,-15.061,-150.845,-30.016
73.775,waypoint_3,-15.155,-150.921,-30.016
73.809,waypoint_3,-15.231,-150.982,-30.016
73.841,waypoint_3,-15.306,-151.042,-30.015
73.876,waypoint_3,-15.382,-151.103,-30.016
73.910,waypoint_3,-15.457,-151.164,-30.016
73.941,waypoint_3,-15.532,-151.224,-30.015
73.975,waypoint_3,-15.626,-151.300,-30.015
74.009,waypoint_3,-15.702,-151.361,-30.015
74.041,waypoint_3,-15.776,-151.421,-30.015
74.075,waypoint_3,-15.851,-151.482,-30.015
74.109,waypoint_3,-15.926,-151.543,-30.014
74.142,waypoint_3,-16.001,-151.603,-30.014
74.177,waypoint_3,-16.094,-151.679,-30.014
74.211,waypoint_3,-16.169,-151.740,-30.014
74.243,waypoint_3,-16.243,-151.800,-30.014
74.277,waypoint_3,-16.317,-151.861,-30.013
74.311,waypoint_3,-16.392,-151.922,-30.013
74.343,waypoint_3,-16.466,-151.982,-30.013
74.377,waypoint_3,-16.558,-152.058,-30.013
74.411,waypoint_3,-16.632,-152.119,-30.013
74.443,waypoint_3,-16.706,-152.180,-30.013
74.477,waypoint_3,-16.780,-152.241,-30.013
74.511,waypoint_3,-16.854,-152.302,-30.013
74.543,waypoint_3,-16.928,-152.363,-30.013
74.577,waypoint_3,-17.020,-152.440,-30.013
74.611,waypoint_3,-17.094,-152.502,-30.013
74.643,waypoint_3,-17.168,-152.563,-30.013
74.677,waypoint_3,-17.242,-152.625,-30.013
74.711,waypoint_3,-17.315,-152.686,-30.012
74.743,waypoint_3,-17.389,-152.748,-30.012
74.777,waypoint_3,-17.482,-152.825,-30.012
74.811,waypoint_3,-17.555,-152.886,-30.012
74.843,waypoint_3,-17.629,-152.948,-30.012
74.877,waypoint_3,-17.703,-153.010,-30.012
74.911,waypoint_3,-17.776,-153.071,-30.012
74.943,waypoint_3,-17.850,-153.133,-30.012
74.977,waypoint_3,-17.942,-153.210,-30.012
75.011,waypoint_3,-18.015,-153.272,-30.012
75.043,waypoint_3,-18.089,-153.334,-30.012
75.077,waypoint_3,-18.162,-153.396,-30.013
75.112,waypoint_3,-18.236,-153.458,-30.013
75.144,waypoint_3,-18.309,-153.520,-30.013
75.179,waypoint_3,-18.401,-153.597,-30.014
75.213,waypoint_3,-18.474,-153.659,-30.014
75.245,waypoint_3,-18.548,-153.721,-30.014
75.279,waypoint_3,-18.622,-153.783,-30.015
75.313,waypoint_3,-18.695,-153.845,-30.015
75.345,waypoint_3,-18.769,-153.907,-30.015
75.379,waypoint_3,-18.861,-153.984,-30.016
75.413,waypoint_3,-18.934,-154.045,-30.016
75.445,waypoint_3,-19.008,-154.107,-30.016
75.479,waypoint_3,-19.082,-154.168,-30.016
75.513,waypoint_3,-19.155,-154.230,-30.016
75.545,waypoint_3,-19.229,-154.291,-30.017
75.579,waypoint_3,-19.321,-154.367,-30.017
75.613,waypoint_3,-19.395,-154.428,-30.017
75.645,waypoint_3,-19.469,-154.488,-30.017
75.679,waypoint_3,-19.543,-154.549,-30.017
75.713,waypoint_3,-19.617,-154.610,-30.017
75.745,waypoint_3,-19.691,-154.671,-30.017
75.779,waypoint_3,-19.784,-154.746,-30.017
75.813,waypoint_3,-19.858,-154.807,-30.017
75.845,waypoint_3,-19.932,-154.868,-30.017
75.879,waypoint_3,-20.007,-154.929,-30.016
75.913,waypoint_3,-20.081,-154.990,-30.016
75.945,waypoint_3,-20.156,-155.051,-30.016
75.979,waypoint_3,-20.250,-155.127,-30.016
76.013,waypoint_3,-20.324,-155.188,-30.016
76.045,waypoint_3,-20.399,-155.249,-30.017
76.079,waypoint_3,-20.474,-155.310,-30.017
76.145,waypoint_3,-20.549,-155.371,-30.017
76.182,waypoint_3,-20.624,-155.432,-30.017
76.216,waypoint_3,-20.718,-155.508,-30.017
76.250,waypoint_3,-20.793,-155.569,-30.017
76.282,waypoint_3,-20.867,-155.630,-30.016
76.316,waypoint_3,-20.942,-155.691,-30.016
76.350,waypoint_3,-21.017,-155.752,-30.016
76.382,waypoint_3,-21.091,-155.813,-30.016
76.416,waypoint_3,-21.184,-155.889,-30.016
76.450,waypoint_3,-21.259,-155.950,-30.016
76.482,waypoint_3,-21.333,-156.011,-30.016
76.516,waypoint_3,-21.408,-156.072,-30.016
76.550,waypoint_3,-21.482,-156.133,-30.016
76.583,waypoint_3,-21.557,-156.194,-30.016
76.617,waypoint_3,-21.650,-156.271,-30.016
76.651,waypoint_3,-21.724,-156.332,-30.016
76.683,waypoint_3,-21.799,-156.394,-30.016
76.717,waypoint_3,-21.873,-156.455,-30.016
76.751,waypoint_3,-21.948,-156.517,-30.016
76.783,waypoint_3,-22.022,-156.578,-30.016
76.817,waypoint_3,-22.115,-156.655,-30.017
76.851,waypoint_3,-22.190,-156.717,-30.017
76.883,waypoint_3,-22.264,-156.778,-30.016
76.917,waypoint_3,-22.339,-156.840,-30.016
76.951,waypoint_3,-22.413,-156.901,-30.016
76.983,waypoint_3,-22.488,-156.962,-30.016
77.017,waypoint_3,-22.581,-157.039,-30.016
77.051,waypoint_3,-22.656,-157.100,-30.016
77.083,waypoint_3,-22.731,-157.161,-30.016
77.117,waypoint_3,-22.806,-157.222,-30.016
77.151,waypoint_3,-22.880,-157.283,-30.015
77.183,waypoint_3,-22.955,-157.344,-30.015
77.217,waypoint_3,-23.049,-157.420,-30.015
77.251,waypoint_3,-23.124,-157.481,-30.015
77.283,waypoint_3,-23.199,-157.542,-30.015
77.317,waypoint_3,-23.273,-157.603,-30.015
77.351,waypoint_3,-23.348,-157.664,-30.015
77.383,waypoint_3,-23.423,-157.725,-30.015
77.417,waypoint_3,-23.517,-157.801,-30.015
77.451,waypoint_3,-23.592,-157.862,-30.014
77.483,waypoint_3,-23.667,-157.923,-30.014
77.517,waypoint_3,-23.742,-157.984,-30.014
77.551,waypoint_3,-23.817,-158.045,-30.014
77.583,waypoint_3,-23.892,-158.106,-30.014
77.617,waypoint_3,-23.986,-158.182,-30.014
77.651,waypoint_3,-24.061,-158.243,-30.014
77.683,waypoint_3,-24.136,-158.304,-30.014
77.717,waypoint_3,-24.210,-158.365,-30.014
77.751,waypoint_3,-24.285,-158.426,-30.014
77.784,waypoint_3,-24.359,-158.487,-30.014
77.817,waypoint_3,-24.452,-158.563,-30.014
77.851,waypoint_3,-24.526,-158.624,-30.014
77.885,waypoint_3,-24.601,-158.686,-30.014
77.918,waypoint_3,-24.675,-158.747,-30.015
77.952,waypoint_3,-24.748,-158.808,-30.015
77.984,waypoint_3,-24.822,-158.870,-30.015
78.018,waypoint_3,-24.915,-158.947,-30.015
78.052,waypoint_3,-24.988,-159.008,-30.015
78.084,waypoint_3,-25.062,-159.070,-30.015
78.118,waypoint_3,-25.136,-159.132,-30.015
78.152,waypoint_3,-25.209,-159.194,-30.015
78.184,waypoint_3,-25.283,-159.256,-30.015
78.218,waypoint_3,-25.375,-159.334,-30.015
78.252,waypoint_3,-25.448,-159.396,-30.015
78.285,waypoint_3,-25.522,-159.458,-30.015
78.319,waypoint_3,-25.595,-159.520,-30.015
78.353,waypoint_3,-25.668,-159.582,-30.015
78.386,waypoint_3,-25.742,-159.645,-30.015
78.419,waypoint_3,-25.833,-159.723,-30.015
78.453,waypoint_3,-25.906,-159.785,-30.015
78.485,waypoint_3,-25.980,-159.847,-30.015
78.519,waypoint_3,-26.053,-159.910,-30.015
78.553,waypoint_3,-26.126,-159.972,-30.015
78.585,waypoint_3,-26.199,-160.034,-30.015
78.619,waypoint_3,-26.291,-160.112,-30.015
78.653,waypoint_3,-26.364,-160.174,-30.014
78.686,waypoint_3,-26.437,-160.237,-30.014
78.721,waypoint_3,-26.511,-160.299,-30.014
78.754,waypoint_3,-26.584,-160.361,-30.014
78.788,waypoint_3,-26.658,-160.423,-30.013
78.822,waypoint_3,-26.750,-160.501,-30.013
78.856,waypoint_3,-26.823,-160.563,-30.012
78.888,waypoint_3,-26.897,-160.625,-30.012
78.922,waypoint_3,-26.971,-160.687,-30.011
78.956,waypoint_3,-27.044,-160.748,-30.011
78.988,waypoint_3,-27.118,-160.810,-30.010
79.022,waypoint_3,-27.210,-160.887,-30.009
79.056,waypoint_3,-27.283,-160.948,-30.009
79.088,waypoint_3,-27.357,-161.010,-30.009
79.122,waypoint_3,-27.430,-161.071,-30.008
79.156,waypoint_3,-27.504,-161.132,-30.008
79.188,waypoint_3,-27.577,-161.193,-30.008
79.222,waypoint_3,-27.669,-161.269,-30.007
79.256,waypoint_3,-27.742,-161.330,-30.007
79.289,waypoint_3,-27.815,-161.391,-30.007
79.323,waypoint_3,-27.888,-161.452,-30.007
79.357,waypoint_3,-27.961,-161.512,-30.007
79.390,waypoint_3,-28.035,-161.572,-30.007
79.424,waypoint_3,-28.126,-161.648,-30.008
79.458,waypoint_3,-28.199,-161.708,-30.008
79.490,waypoint_3,-28.272,-161.769,-30.008
79.524,waypoint_3,-28.346,-161.829,-30.008
79.558,waypoint_3,-28.419,-161.890,-30.008
79.590,waypoint_3,-28.492,-161.950,-30.009
79.625,waypoint_3,-28.584,-162.026,-30.009
79.659,waypoint_3,-28.657,-162.087,-30.009
79.691,waypoint_3,-28.730,-162.148,-30.009
79.725,waypoint_3,-28.804,-162.209,-30.009
79.759,waypoint_3,-28.877,-162.271,-30.010
79.791,waypoint_3,-28.951,-162.332,-30.010
79.825,waypoint_3,-29.042,-162.409,-30.010
79.859,waypoint_3,-29.116,-162.470,-30.010
79.891,waypoint_3,-29.189,-162.532,-30.010
79.925,waypoint_3,-29.262,-162.593,-30.010
79.959,waypoint_3,-29.336,-162.655,-30.011
79.991,waypoint_3,-29.409,-162.716,-30.011
80.025,waypoint_3,-29.501,-162.793,-30.011
80.059,waypoint_3,-29.575,-162.854,-30.011
80.091,waypoint_3,-29.649,-162.916,-30.011
80.125,waypoint_3,-29.722,-162.977,-30.011
80.159,waypoint_3,-29.796,-163.038,-30.011
80.191,waypoint_3,-29.870,-163.100,-30.011
80.225,waypoint_3,-29.962,-163.177,-30.010
80.259,waypoint_3,-30.036,-163.238,-30.010
80.292,waypoint_3,-30.111,-163.300,-30.010
80.326,waypoint_3,-30.185,-163.361,-30.010
80.360,waypoint_3,-30.259,-163.423,-30.009
80.392,waypoint_3,-30.333,-163.484,-30.009
80.426,waypoint_3,-30.426,-163.561,-30.009
80.460,waypoint_3,-30.501,-163.622,-30.009
80.492,waypoint_3,-30.575,-163.684,-30.009
80.526,waypoint_3,-30.649,-163.745,-30.008
80.560,waypoint_3,-30.723,-163.806,-30.008
80.592,waypoint_3,-30.798,-163.868,-30.008
80.626,waypoint_3,-30.890,-163.945,-30.008
80.660,waypoint_3,-30.965,-164.006,-30.008
80.692,waypoint_3,-31.039,-164.068,-30.008
80.726,waypoint_3,-31.113,-164.129,-30.009
80.760,waypoint_3,-31.188,-164.191,-30.009
80.792,waypoint_3,-31.262,-164.252,-30.009
80.826,waypoint_3,-31.355,-164.329,-30.010
80.860,waypoint_3,-31.429,-164.391,-30.010
80.892,waypoint_3,-31.503,-164.453,-30.010
80.926,waypoint_3,-31.578,-164.514,-30.011
80.960,waypoint_3,-31.652,-164.576,-30.011
80.992,waypoint_3,-31.726,-164.637,-30.011
81.026,waypoint_3,-31.819,-164.714,-30.012
81.060,waypoint_3,-31.893,-164.775,-30.012
81.092,waypoint_3,-31.967,-164.837,-30.012
81.126,waypoint_3,-32.041,-164.898,-30.013
81.160,waypoint_3,-32.114,-164.959,-30.013
81.192,waypoint_3,-32.188,-165.021,-30.013
81.226,waypoint_3,-32.281,-165.097,-30.014
81.260,waypoint_3,-32.354,-165.159,-30.014
81.292,waypoint_3,-32.428,-165.220,-30.014
81.326,waypoint_3,-32.502,-165.282,-30.014
81.360,waypoint_3,-32.576,-165.344,-30.015
81.392,waypoint_3,-32.649,-165.405,-30.015
81.426,waypoint_3,-32.742,-165.483,-30.015
81.460,waypoint_3,-32.815,-165.544,-30.015
81.492,waypoint_3,-32.889,-165.606,-30.015
81.527,waypoint_3,-32.962,-165.668,-30.016
81.560,waypoint_3,-33.036,-165.730,-30.016
81.592,waypoint_3,-33.110,-165.792,-30.016
81.626,waypoint_3,-33.202,-165.869,-30.016
81.660,waypoint_3,-33.276,-165.930,-30.016
81.692,waypoint_3,-33.350,-165.992,-30.016
81.726,waypoint_3,-33.424,-166.053,-30.016
81.760,waypoint_3,-33.499,-166.115,-30.016
81.792,waypoint_3,-33.573,-166.176,-30.016
81.826,waypoint_3,-33.666,-166.252,-30.015
81.860,waypoint_3,-33.740,-166.314,-30.015
81.892,waypoint_3,-33.814,-166.375,-30.014
81.926,waypoint_3,-33.888,-166.436,-30.014
81.960,waypoint_3,-33.962,-166.497,-30.013
81.993,waypoint_3,-34.036,-166.558,-30.013
82.027,waypoint_3,-34.128,-166.634,-30.012
82.061,waypoint_3,-34.202,-166.695,-30.011
82.093,waypoint_3,-34.276,-166.757,-30.010
82.127,waypoint_3,-34.349,-166.818,-30.009
82.161,waypoint_3,-34.423,-166.879,-30.009
82.193,waypoint_3,-34.496,-166.941,-30.008
82.227,waypoint_3,-34.588,-167.017,-30.008
82.262,waypoint_3,-34.662,-167.078,-30.007
82.294,waypoint_3,-34.735,-167.140,-30.007
82.328,waypoint_3,-34.809,-167.201,-30.007
82.362,waypoint_3,-34.883,-167.262,-30.007
82.395,waypoint_3,-34.957,-167.323,-30.007
82.428,waypoint_3,-35.049,-167.400,-30.007
82.462,waypoint_3,-35.123,-167.461,-30.007
82.496,waypoint_3,-35.197,-167.522,-30.007
82.530,waypoint_3,-35.271,-167.584,-30.007
82.564,waypoint_3,-35.345,-167.645,-30.007
82.596,waypoint_3,-35.419,-167.707,-30.008
82.630,waypoint_3,-35.512,-167.783,-30.008
82.664,waypoint_3,-35.586,-167.844,-30.008
82.697,waypoint_3,-35.660,-167.906,-30.008
82.731,waypoint_3,-35.734,-167.967,-30.007
82.763,waypoint_3,-35.809,-168.028,-30.007
82.797,waypoint_3,-35.883,-168.090,-30.007
82.831,waypoint_3,-35.976,-168.166,-30.007
82.863,waypoint_3,-36.050,-168.227,-30.007
82.897,waypoint_3,-36.124,-168.289,-30.006
82.931,waypoint_3,-36.198,-168.350,-30.006
82.963,waypoint_3,-36.272,-168.411,-30.006
82.997,waypoint_3,-36.346,-168.472,-30.006
83.031,waypoint_3,-36.438,-168.549,-30.006
83.063,waypoint_3,-36.512,-168.610,-30.006
83.097,waypoint_3,-36.586,-168.671,-30.006
83.131,waypoint_3,-36.660,-168.732,-30.007
83.163,waypoint_3,-36.733,-168.793,-30.007
83.197,waypoint_3,-36.807,-168.855,-30.007
83.231,waypoint_3,-36.899,-168.931,-30.008
83.263,waypoint_3,-36.972,-168.992,-30.008
83.297,waypoint_3,-37.046,-169.054,-30.008
83.331,waypoint_3,-37.119,-169.115,-30.008
83.363,waypoint_3,-37.192,-169.176,-30.009
83.397,waypoint_3,-37.266,-169.238,-30.009
83.431,waypoint_3,-37.357,-169.314,-30.010
83.463,waypoint_3,-37.430,-169.376,-30.010
83.497,waypoint_3,-37.504,-169.437,-30.011
83.531,waypoint_3,-37.577,-169.498,-30.012
83.563,waypoint_3,-37.650,-169.559,-30.012
83.597,waypoint_3,-37.723,-169.621,-30.012
83.631,waypoint_3,-37.815,-169.697,-30.013
83.664,waypoint_3,-37.888,-169.758,-30.013
83.698,waypoint_3,-37.960,-169.819,-30.014
83.732,waypoint_3,-38.033,-169.880,-30.014
83.764,waypoint_3,-38.107,-169.941,-30.014
83.798,waypoint_3,-38.180,-170.003,-30.014
83.832,waypoint_3,-38.271,-170.079,-30.014
83.864,waypoint_3,-38.344,-170.140,-30.014
83.898,waypoint_3,-38.417,-170.202,-30.014
83.932,waypoint_3,-38.490,-170.263,-30.014
83.964,waypoint_3,-38.564,-170.324,-30.013
83.998,waypoint_3,-38.637,-170.386,-30.013
84.032,waypoint_3,-38.729,-170.463,-30.013
84.064,waypoint_3,-38.802,-170.524,-30.013
84.098,waypoint_3,-38.875,-170.586,-30.012
84.132,waypoint_3,-38.949,-170.647,-30.012
84.164,waypoint_3,-39.022,-170.709,-30.012
84.198,waypoint_3,-39.096,-170.770,-30.012
84.232,waypoint_3,-39.188,-170.847,-30.011
84.264,waypoint_3,-39.262,-170.909,-30.011
84.298,waypoint_3,-39.336,-170.970,-30.011
84.332,waypoint_3,-39.409,-171.032,-30.011
84.364,waypoint_3,-39.483,-171.093,-30.011
84.398,waypoint_3,-39.557,-171.155,-30.010
84.432,waypoint_3,-39.649,-171.232,-30.010
84.464,waypoint_3,-39.722,-171.293,-30.010
84.498,waypoint_3,-39.796,-171.354,-30.009
84.532,waypoint_3,-39.870,-171.415,-30.009
84.564,waypoint_3,-39.943,-171.477,-30.009
84.598,waypoint_3,-40.017,-171.538,-30.009
84.632,waypoint_3,-40.109,-171.614,-30.009
84.664,waypoint_3,-40.183,-171.675,-30.008
84.700,waypoint_3,-40.256,-171.737,-30.008
84.734,waypoint_3,-40.330,-171.798,-30.008
84.766,waypoint_3,-40.403,-171.859,-30.008
84.800,waypoint_3,-40.477,-171.920,-30.008
84.834,waypoint_3,-40.569,-171.997,-30.008
84.866,waypoint_3,-40.642,-172.058,-30.007
84.900,waypoint_3,-40.716,-172.119,-30.007
84.934,waypoint_3,-40.789,-172.180,-30.007
84.966,waypoint_3,-40.863,-172.242,-30.007
85.000,waypoint_3,-40.936,-172.303,-30.007
85.034,waypoint_3,-41.028,-172.380,-30.007
85.066,waypoint_3,-41.101,-172.441,-30.007
85.100,waypoint_3,-41.174,-172.503,-30.008
85.134,waypoint_3,-41.248,-172.564,-30.008
85.166,waypoint_3,-41.321,-172.625,-30.008
85.200,waypoint_3,-41.394,-172.686,-30.008
85.234,waypoint_3,-41.486,-172.763,-30.009
85.266,waypoint_3,-41.559,-172.824,-30.009
85.300,waypoint_3,-41.632,-172.886,-30.010
85.334,waypoint_3,-41.705,-172.947,-30.010
85.366,waypoint_3,-41.778,-173.009,-30.010
85.400,waypoint_3,-41.851,-173.070,-30.011
85.434,waypoint_3,-41.942,-173.147,-30.011
85.466,waypoint_3,-42.015,-173.208,-30.011
85.500,waypoint_3,-42.088,-173.270,-30.011
85.534,waypoint_3,-42.160,-173.332,-30.012
85.566,waypoint_3,-42.233,-173.393,-30.012
85.600,waypoint_3,-42.305,-173.455,-30.012
85.634,waypoint_3,-42.396,-173.533,-30.012
85.666,waypoint_3,-42.468,-173.595,-30.012
85.700,waypoint_3,-42.541,-173.657,-30.012
85.734,waypoint_3,-42.614,-173.719,-30.012
85.766,waypoint_3,-42.687,-173.781,-30.012
85.800,waypoint_3,-42.759,-173.843,-30.013
85.834,waypoint_3,-42.851,-173.920,-30.013
85.866,waypoint_3,-42.923,-173.982,-30.013
85.900,waypoint_3,-42.996,-174.045,-30.013
85.934,waypoint_3,-43.069,-174.107,-30.013
85.966,waypoint_3,-43.142,-174.169,-30.014
86.000,waypoint_3,-43.215,-174.231,-30.014
86.034,waypoint_3,-43.307,-174.309,-30.014
86.066,waypoint_3,-43.380,-174.371,-30.014
86.100,waypoint_3,-43.453,-174.433,-30.014
86.134,waypoint_3,-43.525,-174.495,-30.014
86.166,waypoint_3,-43.598,-174.557,-30.015
86.200,waypoint_3,-43.672,-174.618,-30.015
86.234,waypoint_3,-43.763,-174.695,-30.015
86.266,waypoint_3,-43.836,-174.757,-30.015
86.300,waypoint_3,-43.909,-174.818,-30.016
86.334,waypoint_3,-43.982,-174.880,-30.016
86.366,waypoint_3,-44.055,-174.941,-30.016
86.400,waypoint_3,-44.128,-175.003,-30.016
86.434,waypoint_3,-44.220,-175.079,-30.016
86.466,waypoint_3,-44.293,-175.141,-30.017
86.500,waypoint_3,-44.367,-175.202,-30.017
86.534,waypoint_3,-44.441,-175.264,-30.017
86.566,waypoint_3,-44.514,-175.325,-30.017
86.600,waypoint_3,-44.588,-175.387,-30.017
86.634,waypoint_3,-44.680,-175.464,-30.017
86.666,waypoint_3,-44.754,-175.525,-30.017
86.700,waypoint_3,-44.829,-175.586,-30.018
86.734,waypoint_3,-44.903,-175.648,-30.018
86.766,waypoint_3,-44.977,-175.709,-30.018
86.800,waypoint_3,-45.051,-175.771,-30.018
86.834,waypoint_3,-45.144,-175.847,-30.018
86.866,waypoint_3,-45.218,-175.909,-30.018
86.900,waypoint_3,-45.292,-175.970,-30.018
86.934,waypoint_3,-45.366,-176.031,-30.018
86.966,waypoint_3,-45.440,-176.093,-30.018
87.000,waypoint_3,-45.514,-176.154,-30.018
87.034,waypoint_3,-45.606,-176.231,-30.017
87.066,waypoint_3,-45.680,-176.293,-30.017
87.100,waypoint_3,-45.754,-176.355,-30.017
87.134,waypoint_3,-45.828,-176.417,-30.017
87.166,waypoint_3,-45.901,-176.479,-30.016
87.200,waypoint_3,-45.975,-176.541,-30.016
87.234,waypoint_3,-46.066,-176.619,-30.016
87.266,waypoint_3,-46.139,-176.681,-30.016
87.300,waypoint_3,-46.212,-176.743,-30.015
87.334,waypoint_3,-46.285,-176.806,-30.015
87.366,waypoint_3,-46.358,-176.868,-30.015
87.400,waypoint_3,-46.430,-176.930,-30.015
87.434,waypoint_3,-46.521,-177.008,-30.015
87.466,waypoint_3,-46.593,-177.071,-30.015
87.500,waypoint_3,-46.665,-177.133,-30.014
87.534,waypoint_3,-46.737,-177.195,-30.014
87.566,waypoint_3,-46.809,-177.257,-30.014
87.600,waypoint_3,-46.881,-177.319,-30.014
87.634,waypoint_3,-46.971,-177.397,-30.013
87.666,waypoint_3,-47.043,-177.459,-30.013
87.700,waypoint_3,-47.114,-177.521,-30.013
87.734,waypoint_3,-47.186,-177.583,-30.012
87.766,waypoint_3,-47.258,-177.645,-30.012
87.800,waypoint_3,-47.329,-177.707,-30.012
87.834,waypoint_3,-47.419,-177.785,-30.012
87.866,waypoint_3,-47.490,-177.847,-30.012
87.901,waypoint_3,-47.562,-177.908,-30.012
87.935,waypoint_3,-47.634,-177.970,-30.012
87.967,waypoint_3,-47.705,-178.032,-30.012
88.001,waypoint_3,-47.777,-178.094,-30.012
88.035,waypoint_3,-47.867,-178.171,-30.012
88.067,waypoint_3,-47.939,-178.233,-30.012
88.101,waypoint_3,-48.011,-178.294,-30.012
88.135,waypoint_3,-48.084,-178.356,-30.012
88.167,waypoint_3,-48.156,-178.418,-30.013
88.201,waypoint_3,-48.228,-178.480,-30.013
88.235,waypoint_3,-48.319,-178.557,-30.012
88.267,waypoint_3,-48.392,-178.619,-30.012
88.301,waypoint_3,-48.465,-178.680,-30.012
88.335,waypoint_3,-48.538,-178.742,-30.012
88.367,waypoint_3,-48.611,-178.804,-30.011
88.401,waypoint_3,-48.684,-178.866,-30.011
88.435,waypoint_3,-48.775,-178.943,-30.011
88.467,waypoint_3,-48.849,-179.005,-30.010
88.501,waypoint_3,-48.922,-179.067,-30.010
88.535,waypoint_3,-48.996,-179.128,-30.010
88.567,waypoint_3,-49.070,-179.190,-30.009
88.601,waypoint_3,-49.144,-179.252,-30.009
88.635,waypoint_3,-49.236,-179.329,-30.009
88.667,waypoint_3,-49.310,-179.391,-30.008
88.701,waypoint_3,-49.384,-179.453,-30.008
88.735,waypoint_3,-49.458,-179.514,-30.008
88.767,waypoint_3,-49.532,-179.576,-30.008
88.801,waypoint_3,-49.605,-179.638,-30.008
88.835,waypoint_3,-49.697,-179.715,-30.008
88.867,waypoint_3,-49.771,-179.776,-30.008
88.901,waypoint_3,-49.845,-179.838,-30.008
88.935,waypoint_3,-49.918,-179.899,-30.008
88.967,waypoint_3,-49.992,-179.960,-30.008
89.001,waypoint_3,-50.065,-180.022,-30.008
89.035,waypoint_3,-50.157,-180.098,-30.008
89.067,waypoint_3,-50.231,-180.159,-30.009
89.101,waypoint_3,-50.305,-180.220,-30.009
89.135,waypoint_3,-50.378,-180.281,-30.009
89.167,waypoint_3,-50.452,-180.341,-30.009
89.201,waypoint_3,-50.526,-180.402,-30.010
89.235,waypoint_3,-50.618,-180.478,-30.010
89.273,waypoint_3,-50.692,-180.539,-30.011
89.307,waypoint_3,-50.765,-180.600,-30.011
89.341,waypoint_3,-50.839,-180.661,-30.011
89.373,waypoint_3,-50.913,-180.722,-30.012
89.407,waypoint_3,-50.987,-180.783,-30.012
89.441,waypoint_3,-51.079,-180.859,-30.012
89.473,waypoint_3,-51.152,-180.920,-30.012
89.507,waypoint_3,-51.226,-180.981,-30.012
89.541,waypoint_3,-51.300,-181.042,-30.012
89.573,waypoint_3,-51.374,-181.103,-30.013
89.607,waypoint_3,-51.447,-181.164,-30.013
89.641,waypoint_3,-51.540,-181.241,-30.013
89.673,waypoint_3,-51.613,-181.302,-30.013
89.707,waypoint_3,-51.687,-181.363,-30.013
89.741,waypoint_3,-51.761,-181.424,-30.013
89.773,waypoint_3,-51.834,-181.485,-30.013
89.806,waypoint_3,-51.908,-181.547,-30.013
89.841,waypoint_3,-52.000,-181.624,-30.014
89.873,waypoint_3,-52.073,-181.685,-30.014
89.907,waypoint_3,-52.146,-181.747,-30.014
89.941,waypoint_3,-52.219,-181.809,-30.015
89.973,waypoint_3,-52.292,-181.870,-30.015
90.006,waypoint_3,-52.365,-181.932,-30.015
90.041,waypoint_3,-52.456,-182.010,-30.016
90.073,waypoint_3,-52.528,-182.072,-30.016
90.107,waypoint_3,-52.601,-182.134,-30.016
90.141,waypoint_3,-52.674,-182.197,-30.016
90.173,waypoint_3,-52.747,-182.259,-30.016
90.206,waypoint_3,-52.820,-182.321,-30.017
90.241,waypoint_3,-52.911,-182.399,-30.017
90.273,waypoint_3,-52.984,-182.462,-30.017
90.306,waypoint_3,-53.057,-182.524,-30.017
90.341,waypoint_3,-53.130,-182.587,-30.017
90.373,waypoint_3,-53.203,-182.649,-30.017
90.406,waypoint_3,-53.276,-182.711,-30.016
90.440,waypoint_3,-53.367,-182.789,-30.016
90.473,waypoint_3,-53.441,-182.851,-30.016
90.506,waypoint_3,-53.514,-182.913,-30.016
90.540,waypoint_3,-53.587,-182.975,-30.016
90.572,waypoint_3,-53.660,-183.037,-30.016
90.606,waypoint_3,-53.733,-183.099,-30.016
90.641,waypoint_3,-53.825,-183.177,-30.015
90.672,waypoint_3,-53.898,-183.239,-30.015
90.708,waypoint_3,-53.972,-183.301,-30.015
90.742,waypoint_3,-54.045,-183.363,-30.014
90.774,waypoint_3,-54.118,-183.425,-30.014
90.808,waypoint_3,-54.192,-183.487,-30.014
90.842,waypoint_3,-54.284,-183.564,-30.013
90.874,waypoint_3,-54.357,-183.627,-30.013
90.908,waypoint_3,-54.430,-183.689,-30.013
90.942,waypoint_3,-54.504,-183.751,-30.013
90.974,waypoint_3,-54.577,-183.813,-30.013
91.008,waypoint_3,-54.650,-183.875,-30.013
91.042,waypoint_3,-54.742,-183.953,-30.013
91.074,waypoint_3,-54.815,-184.015,-30.013
91.107,waypoint_3,-54.888,-184.077,-30.013
91.142,waypoint_3,-54.961,-184.140,-30.014
91.174,waypoint_3,-55.034,-184.202,-30.014
91.208,waypoint_3,-55.106,-184.264,-30.014
91.242,waypoint_3,-55.197,-184.342,-30.014
91.274,waypoint_3,-55.270,-184.405,-30.014
91.322,waypoint_3,-55.343,-184.467,-30.014
91.356,waypoint_3,-55.416,-184.529,-30.014
91.389,waypoint_3,-55.489,-184.591,-30.014
91.425,goal,-55.561,-184.653,-30.014
91.460,goal,-55.652,-184.731,-30.015
91.493,goal,-55.725,-184.793,-30.020
91.528,goal,-55.797,-184.855,-30.027
91.562,goal,-55.868,-184.917,-30.037
91.594,goal,-55.937,-184.980,-30.048
91.628,goal,-56.004,-185.043,-30.059
91.662,goal,-56.084,-185.123,-30.074
91.694,goal,-56.145,-185.187,-30.084
91.728,goal,-56.201,-185.253,-30.094
91.762,goal,-56.253,-185.319,-30.102
91.794,goal,-56.301,-185.386,-30.108
91.828,goal,-56.344,-185.454,-30.113
91.862,goal,-56.390,-185.540,-30.117
91.894,goal,-56.422,-185.610,-30.118
91.929,goal,-56.448,-185.681,-30.118
91.963,goal,-56.470,-185.754,-30.116
91.995,goal,-56.487,-185.827,-30.114
92.029,goal,-56.499,-185.902,-30.110
92.063,goal,-56.507,-185.996,-30.104
92.095,goal,-56.509,-186.073,-30.099
92.129,goal,-56.507,-186.151,-30.093
92.163,goal,-56.500,-186.230,-30.087
92.195,goal,-56.490,-186.310,-30.081
92.229,goal,-56.477,-186.391,-30.075
92.263,goal,-56.455,-186.493,-30.068
92.295,goal,-56.435,-186.576,-30.062
92.329,goal,-56.412,-186.660,-30.056
92.363,goal,-56.387,-186.745,-30.050
92.395,goal,-56.359,-186.830,-30.045
92.429,goal,-56.329,-186.916,-30.040
92.463,goal,-56.290,-187.025,-30.035
92.495,goal,-56.256,-187.113,-30.031
92.529,goal,-56.222,-187.201,-30.027
92.563,goal,-56.186,-187.289,-30.024
92.596,goal,-56.149,-187.378,-30.021
92.629,goal,-56.111,-187.468,-30.019
92.663,goal,-56.063,-187.580,-30.016
92.695,goal,-56.024,-187.670,-30.014
92.729,goal,-55.985,-187.760,-30.012
92.763,goal,-55.945,-187.850,-30.011
92.795,goal,-55.906,-187.941,-30.009
92.829,goal,-55.865,-188.031,-30.008
92.863,goal,-55.815,-188.145,-30.007
92.895,goal,-55.775,-188.235,-30.006
92.929,goal,-55.735,-188.326,-30.005
92.963,goal,-55.694,-188.417,-30.004
92.995,goal,-55.654,-188.507,-30.004
93.029,goal,-55.614,-188.598,-30.003
93.063,goal,-55.564,-188.711,-30.003
93.095,goal,-55.524,-188.801,-30.003
93.129,goal,-55.484,-188.891,-30.003
93.163,goal,-55.444,-188.981,-30.003
93.195,goal,-55.405,-189.071,-30.003
93.229,goal,-55.366,-189.161,-30.003
93.263,goal,-55.317,-189.274,-30.004
93.295,goal,-55.278,-189.364,-30.004
93.329,goal,-55.239,-189.454,-30.004
93.363,goal,-55.200,-189.544,-30.005
93.395,goal,-55.162,-189.634,-30.005
93.429,goal,-55.123,-189.723,-30.005
93.463,goal,-55.075,-189.835,-30.005
93.495,goal,-55.036,-189.924,-30.006
93.529,goal,-54.997,-190.013,-30.006
93.563,goal,-54.959,-190.102,-30.006
93.595,goal,-54.920,-190.191,-30.006
93.629,goal,-54.882,-190.280,-30.006
93.663,goal,-54.833,-190.390,-30.007
93.695,goal,-54.795,-190.479,-30.007
93.729,goal,-54.756,-190.567,-30.007
93.763,goal,-54.718,-190.655,-30.007
93.795,goal,-54.679,-190.743,-30.007
93.830,goal,-54.640,-190.831,-30.007
93.864,goal,-54.592,-190.940,-30.008
93.897,goal,-54.553,-191.028,-30.008
93.930,goal,-54.515,-191.115,-30.008
93.964,goal,-54.476,-191.202,-30.008
93.996,goal,-54.437,-191.290,-30.008
94.030,goal,-54.398,-191.377,-30.008
94.064,goal,-54.349,-191.485,-30.008
94.096,goal,-54.310,-191.572,-30.007
94.131,goal,-54.271,-191.659,-30.007
94.164,goal,-54.231,-191.745,-30.007
94.196,goal,-54.192,-191.831,-30.007
94.230,goal,-54.152,-191.918,-30.007
94.264,goal,-54.102,-192.025,-30.006
94.297,goal,-54.062,-192.112,-30.006
94.330,goal,-54.022,-192.198,-30.005
94.364,goal,-53.982,-192.284,-30.005
94.396,goal,-53.941,-192.370,-30.005
94.430,goal,-53.901,-192.456,-30.004
94.465,goal,-53.850,-192.564,-30.004
94.496,goal,-53.809,-192.650,-30.003
94.530,goal,-53.768,-192.736,-30.003
94.564,goal,-53.727,-192.822,-30.002
94.596,goal,-53.686,-192.907,-30.002
94.630,goal,-53.644,-192.993,-30.001
94.665,goal,-53.593,-193.100,-30.001
94.697,goal,-53.551,-193.185,-30.001
94.730,goal,-53.510,-193.270,-30.001
94.764,goal,-53.468,-193.355,-30.000
94.797,goal,-53.427,-193.440,-30.000
94.830,goal,-53.385,-193.524,-30.001
94.870,goal,-53.333,-193.630,-30.001
94.913,goal,-53.291,-193.715,-30.000
94.947,goal,-53.249,-193.799,-30.000
94.981,goal,-53.206,-193.884,-30.001
95.013,goal,-53.164,-193.968,-30.001
95.047,goal,-53.121,-194.052,-30.001
95.081,goal,-53.067,-194.158,-30.001
95.113,goal,-53.024,-194.242,-30.002
95.147,goal,-52.980,-194.327,-30.002
95.181,goal,-52.937,-194.411,-30.003
95.215,goal,-52.893,-194.496,-30.004
95.249,goal,-52.849,-194.580,-30.004
95.283,goal,-52.794,-194.686,-30.005
95.315,goal,-52.749,-194.770,-30.006
95.349,goal,-52.705,-194.855,-30.007
95.383,goal,-52.660,-194.940,-30.008
95.415,goal,-52.615,-195.025,-30.009
95.449,goal,-52.571,-195.109,-30.010
95.483,goal,-52.514,-195.215,-30.011
95.515,goal,-52.470,-195.300,-30.012
95.549,goal,-52.425,-195.385,-30.012
95.583,goal,-52.380,-195.470,-30.013
95.615,goal,-52.335,-195.555,-30.013
95.649,goal,-52.290,-195.640,-30.014
95.688,goal,-52.233,-195.746,-30.014
95.727,goal,-52.188,-195.831,-30.014
95.763,goal,-52.143,-195.916,-30.014
95.797,goal,-52.097,-196.002,-30.014
95.829,goal,-52.052,-196.087,-30.014
95.863,goal,-52.006,-196.172,-30.014
95.897,goal,-51.949,-196.279,-30.014
95.929,goal,-51.904,-196.364,-30.014
95.963,goal,-51.858,-196.449,-30.014
95.997,goal,-51.812,-196.535,-30.013
96.029,goal,-51.767,-196.620,-30.013
96.063,goal,-51.721,-196.705,-30.013
96.097,goal,-51.664,-196.812,-30.012
96.129,goal,-51.618,-196.897,-30.011
96.163,goal,-51.572,-196.982,-30.011
96.197,goal,-51.526,-197.068,-30.010
96.229,goal,-51.480,-197.153,-30.010
96.263,goal,-51.434,-197.239,-30.009
96.297,goal,-51.377,-197.346,-30.008
96.329,goal,-51.330,-197.431,-30.008
96.363,goal,-51.284,-197.517,-30.007
96.397,goal,-51.238,-197.603,-30.006
96.429,goal,-51.192,-197.689,-30.005
96.463,goal,-51.146,-197.775,-30.005
96.497,goal,-51.089,-197.882,-30.004
96.529,goal,-51.043,-197.968,-30.003
96.563,goal,-50.997,-198.054,-30.002
96.597,goal,-50.951,-198.140,-30.001
96.629,goal,-50.906,-198.226,-30.000
96.663,goal,-50.860,-198.312,-29.999
96.697,goal,-50.803,-198.419,-29.998
96.729,goal,-50.757,-198.505,-29.997
96.763,goal,-50.712,-198.591,-29.996
96.797,goal,-50.666,-198.676,-29.996
96.829,goal,-50.621,-198.762,-29.995
96.863,goal,-50.575,-198.848,-29.994
96.899,goal,-50.518,-198.955,-29.992
96.931,goal,-50.473,-199.041,-29.991
96.966,goal,-50.427,-199.127,-29.990
96.999,goal,-50.382,-199.212,-29.989
97.031,goal,-50.337,-199.298,-29.988
97.065,goal,-50.291,-199.384,-29.987
97.099,goal,-50.234,-199.491,-29.986
97.131,goal,-50.188,-199.577,-29.985
97.165,goal,-50.142,-199.663,-29.984
97.199,goal,-50.096,-199.749,-29.983
97.231,goal,-50.050,-199.835,-29.982
97.265,goal,-50.004,-199.921,-29.981
97.299,goal,-49.946,-200.028,-29.980
97.331,goal,-49.900,-200.114,-29.980
97.365,goal,-49.854,-200.200,-29.979
97.399,goal,-49.807,-200.286,-29.979
97.445,goal,-49.761,-200.372,-29.978
97.481,goal,-49.714,-200.457,-29.978
97.517,goal,-49.656,-200.564,-29.978
97.548,goal,-49.609,-200.649,-29.977
97.582,goal,-49.562,-200.734,-29.977
97.616,goal,-49.515,-200.820,-29.976
97.648,goal,-49.468,-200.905,-29.976
97.681,goal,-49.421,-200.990,-29.976
97.715,goal,-49.362,-201.096,-29.976
97.748,goal,-49.316,-201.181,-29.975
97.781,goal,-49.269,-201.266,-29.975
97.816,goal,-49.222,-201.352,-29.975
97.848,goal,-49.175,-201.437,-29.975
97.881,goal,-49.128,-201.522,-29.975
97.917,goal,-49.070,-201.629,-29.975
97.949,goal,-49.023,-201.714,-29.975
97.983,goal,-48.977,-201.799,-29.975
98.017,goal,-48.930,-201.884,-29.975
98.049,goal,-48.884,-201.970,-29.975
98.083,goal,-48.838,-202.056,-29.975
98.117,goal,-48.780,-202.163,-29.976
98.149,goal,-48.734,-202.248,-29.976
98.183,goal,-48.688,-202.334,-29.976
98.217,goal,-48.642,-202.420,-29.976
98.249,goal,-48.596,-202.506,-29.976
98.283,goal,-48.550,-202.592,-29.976
98.317,goal,-48.493,-202.700,-29.976
98.349,goal,-48.447,-202.787,-29.976
98.383,goal,-48.401,-202.873,-29.976
98.417,goal,-48.356,-202.959,-29.975
98.449,goal,-48.310,-203.046,-29.975
98.483,goal,-48.265,-203.132,-29.975
98.517,goal,-48.208,-203.241,-29.975
98.549,goal,-48.162,-203.327,-29.975
98.583,goal,-48.117,-203.414,-29.975
98.617,goal,-48.072,-203.500,-29.975
98.649,goal,-48.026,-203.587,-29.975
98.683,goal,-47.981,-203.673,-29.975
98.717,goal,-47.924,-203.781,-29.975
98.749,goal,-47.878,-203.867,-29.975
98.783,goal,-47.833,-203.954,-29.976
98.817,goal,-47.787,-204.040,-29.976
98.849,goal,-47.742,-204.127,-29.976
98.883,goal,-47.697,-204.213,-29.976
98.917,goal,-47.640,-204.321,-29.977
98.949,goal,-47.595,-204.408,-29.977
98.983,goal,-47.550,-204.495,-29.977
99.017,goal,-47.505,-204.581,-29.977
99.049,goal,-47.460,-204.668,-29.977
99.083,goal,-47.416,-204.755,-29.977
99.117,goal,-47.360,-204.863,-29.977
99.149,goal,-47.315,-204.950,-29.977
99.183,goal,-47.270,-205.037,-29.978
99.215,goal,-47.225,-205.123,-29.978
99.249,goal,-47.180,-205.210,-29.978
99.283,goal,-47.135,-205.296,-29.978
99.315,goal,-47.090,-205.383,-29.978
99.349,goal,-47.034,-205.491,-29.978
99.383,goal,-46.989,-205.577,-29.978
99.415,goal,-46.943,-205.664,-29.978
99.449,goal,-46.898,-205.750,-29.978
99.483,goal,-46.853,-205.836,-29.979
99.515,goal,-46.808,-205.923,-29.979
99.549,goal,-46.751,-206.031,-29.979
99.583,goal,-46.706,-206.117,-29.979
99.615,goal,-46.661,-206.203,-29.980
99.649,goal,-46.616,-206.289,-29.980
99.683,goal,-46.572,-206.376,-29.980
99.715,goal,-46.527,-206.462,-29.980
99.749,goal,-46.471,-206.571,-29.981
99.783,goal,-46.427,-206.657,-29.981
99.815,goal,-46.383,-206.744,-29.981
99.849,goal,-46.338,-206.831,-29.981
99.883,goal,-46.294,-206.917,-29.982
99.915,goal,-46.250,-207.004,-29.982
99.949,goal,-46.195,-207.113,-29.983
99.983,goal,-46.151,-207.200,-29.983
100.015,goal,-46.107,-207.286,-29.983
100.053,goal,-46.063,-207.373,-29.984
100.087,goal,-46.019,-207.460,-29.984
100.119,goal,-45.975,-207.547,-29.984
100.153,goal,-45.920,-207.655,-29.984
100.187,goal,-45.877,-207.742,-29.984
100.219,goal,-45.833,-207.829,-29.984
100.253,goal,-45.789,-207.915,-29.985
100.287,goal,-45.745,-208.002,-29.985
100.319,goal,-45.701,-208.088,-29.985
100.353,goal,-45.646,-208.196,-29.985
100.387,goal,-45.602,-208.283,-29.985
100.419,goal,-45.558,-208.370,-29.985
100.453,goal,-45.514,-208.456,-29.985
100.486,goal,-45.470,-208.543,-29.985
100.519,goal,-45.426,-208.630,-29.985
100.553,goal,-45.371,-208.739,-29.986
100.587,goal,-45.327,-208.826,-29.986
100.620,goal,-45.283,-208.912,-29.986
100.654,goal,-45.239,-208.999,-29.986
100.688,goal,-45.195,-209.086,-29.986
100.720,goal,-45.151,-209.173,-29.987
100.754,goal,-45.096,-209.282,-29.987
100.788,goal,-45.052,-209.369,-29.987
100.820,goal,-45.008,-209.456,-29.987
100.854,goal,-44.963,-209.543,-29.987
100.888,goal,-44.919,-209.630,-29.987
100.920,goal,-44.875,-209.717,-29.988
100.954,goal,-44.820,-209.825,-29.988
100.988,goal,-44.776,-209.912,-29.988
101.020,goal,-44.732,-209.999,-29.987
101.054,goal,-44.688,-210.086,-29.987
101.088,goal,-44.644,-210.173,-29.987
101.121,goal,-44.600,-210.260,-29.987
101.155,goal,-44.545,-210.369,-29.986
101.189,goal,-44.501,-210.456,-29.986
101.222,goal,-44.457,-210.543,-29.986
101.256,goal,-44.413,-210.630,-29.986
101.290,goal,-44.368,-210.717,-29.986
101.322,goal,-44.324,-210.804,-29.986
101.356,goal,-44.269,-210.913,-29.985
101.390,goal,-44.225,-211.000,-29.985
101.422,goal,-44.181,-211.088,-29.985
101.456,goal,-44.137,-211.175,-29.985
101.490,goal,-44.093,-211.262,-29.984
101.522,goal,-44.049,-211.350,-29.984
101.556,goal,-43.994,-211.459,-29.984
101.590,goal,-43.950,-211.547,-29.983
101.623,goal,-43.906,-211.634,-29.983
101.657,goal,-43.862,-211.722,-29.983
101.691,goal,-43.818,-211.810,-29.983
101.723,goal,-43.775,-211.898,-29.982
101.757,goal,-43.720,-212.007,-29.982
101.791,goal,-43.677,-212.095,-29.982
101.823,goal,-43.633,-212.183,-29.982
101.857,goal,-43.590,-212.270,-29.982
101.891,goal,-43.547,-212.358,-29.982
101.923,goal,-43.504,-212.445,-29.982
101.957,goal,-43.450,-212.555,-29.982
101.991,goal,-43.407,-212.642,-29.983
102.023,goal,-43.364,-212.730,-29.983
102.057,goal,-43.322,-212.817,-29.984
102.091,goal,-43.279,-212.904,-29.984
102.123,goal,-43.236,-212.991,-29.985
102.157,goal,-43.183,-213.100,-29.985
102.191,goal,-43.140,-213.187,-29.986
102.223,goal,-43.098,-213.275,-29.986
102.257,goal,-43.055,-213.362,-29.987
102.291,goal,-43.013,-213.449,-29.987
102.323,goal,-42.970,-213.535,-29.987
102.357,goal,-42.918,-213.644,-29.987
102.391,goal,-42.876,-213.730,-29.987
102.423,goal,-42.834,-213.817,-29.988
102.457,goal,-42.792,-213.904,-29.988
102.491,goal,-42.750,-213.990,-29.988
102.523,goal,-42.708,-214.077,-29.988
102.557,goal,-42.656,-214.185,-29.988
102.591,goal,-42.615,-214.272,-29.988
102.623,goal,-42.573,-214.358,-29.987
102.657,goal,-42.532,-214.445,-29.987
102.691,goal,-42.490,-214.532,-29.987
102.723,goal,-42.449,-214.618,-29.987
102.757,goal,-42.397,-214.727,-29.986
102.791,goal,-42.355,-214.814,-29.986
102.823,goal,-42.313,-214.901,-29.986
102.857,goal,-42.272,-214.987,-29.986
102.891,goal,-42.230,-215.074,-29.985
102.923,goal,-42.188,-215.161,-29.985
102.957,goal,-42.136,-215.270,-29.985
102.991,goal,-42.094,-215.356,-29.984
103.023,goal,-42.053,-215.443,-29.984
103.057,goal,-42.011,-215.530,-29.984
103.091,goal,-41.970,-215.617,-29.983
103.123,goal,-41.928,-215.703,-29.983
103.157,goal,-41.877,-215.812,-29.983
103.191,goal,-41.835,-215.899,-29.983
103.223,goal,-41.794,-215.986,-29.983
103.257,goal,-41.753,-216.073,-29.983
103.291,goal,-41.712,-216.160,-29.983
103.323,goal,-41.670,-216.248,-29.983
103.357,goal,-41.619,-216.357,-29.983
103.391,goal,-41.577,-216.445,-29.983
103.423,goal,-41.536,-216.533,-29.982
103.457,goal,-41.494,-216.621,-29.982
103.491,goal,-41.453,-216.709,-29.982
103.523,goal,-41.411,-216.797,-29.982
103.557,goal,-41.359,-216.907,-29.982
103.591,goal,-41.317,-216.995,-29.981
103.623,goal,-41.276,-217.084,-29.981
103.657,goal,-41.234,-217.172,-29.981
103.691,goal,-41.192,-217.261,-29.981
103.723,goal,-41.150,-217.349,-29.981
103.757,goal,-41.097,-217.459,-29.980
103.791,goal,-41.054,-217.548,-29.980
103.823,goal,-41.012,-217.636,-29.980
103.857,goal,-40.969,-217.724,-29.980
103.891,goal,-40.926,-217.812,-29.980
103.923,goal,-40.884,-217.900,-29.980
103.957,goal,-40.830,-218.010,-29.980
103.991,goal,-40.788,-218.098,-29.980
104.023,goal,-40.745,-218.186,-29.980
104.057,goal,-40.702,-218.274,-29.979
104.091,goal,-40.659,-218.362,-29.979
104.124,goal,-40.616,-218.450,-29.979
104.158,goal,-40.563,-218.560,-29.979
104.192,goal,-40.520,-218.648,-29.978
104.224,goal,-40.477,-218.736,-29.978
104.258,goal,-40.435,-218.823,-29.978
104.292,goal,-40.392,-218.911,-29.977
104.324,goal,-40.350,-218.998,-29.977
104.359,goal,-40.297,-219.108,-29.976
104.392,goal,-40.255,-219.195,-29.975
104.424,goal,-40.213,-219.282,-29.975
104.458,goal,-40.171,-219.370,-29.974
104.492,goal,-40.129,-219.457,-29.974
104.524,goal,-40.087,-219.544,-29.973
104.558,goal,-40.035,-219.653,-29.973
104.592,goal,-39.993,-219.741,-29.972
104.624,goal,-39.951,-219.828,-29.972
104.658,goal,-39.910,-219.916,-29.971
104.692,goal,-39.868,-220.003,-29.971
104.724,goal,-39.826,-220.091,-29.971
104.758,goal,-39.774,-220.200,-29.971
104.792,goal,-39.733,-220.288,-29.971
104.824,goal,-39.691,-220.375,-29.971
104.858,goal,-39.650,-220.463,-29.971
104.892,goal,-39.608,-220.550,-29.971
104.924,goal,-39.567,-220.638,-29.972
104.958,goal,-39.515,-220.747,-29.973
104.992,goal,-39.474,-220.834,-29.973
105.024,goal,-39.432,-220.922,-29.974
105.058,goal,-39.391,-221.009,-29.974
105.092,goal,-39.349,-221.096,-29.975
105.124,goal,-39.308,-221.183,-29.976
105.158,goal,-39.256,-221.292,-29.976
105.192,goal,-39.215,-221.379,-29.977
105.224,goal,-39.173,-221.465,-29.977
105.258,goal,-39.132,-221.552,-29.977
105.292,goal,-39.091,-221.639,-29.978
105.324,goal,-39.050,-221.726,-29.978
105.358,goal,-38.998,-221.834,-29.978
105.392,goal,-38.957,-221.920,-29.978
105.424,goal,-38.916,-222.007,-29.978
105.458,goal,-38.875,-222.093,-29.978
105.492,goal,-38.833,-222.180,-29.978
105.524,goal,-38.792,-222.267,-29.978
105.558,goal,-38.741,-222.375,-29.978
105.592,goal,-38.699,-222.461,-29.978
105.624,goal,-38.658,-222.548,-29.978
105.658,goal,-38.617,-222.634,-29.978
105.692,goal,-38.576,-222.721,-29.978
105.724,goal,-38.534,-222.807,-29.978
105.758,goal,-38.482,-222.915,-29.978
105.792,goal,-38.441,-223.002,-29.978
105.824,goal,-38.399,-223.089,-29.978
105.858,goal,-38.358,-223.175,-29.979
105.892,goal,-38.316,-223.262,-29.979
105.924,goal,-38.275,-223.348,-29.979
105.958,goal,-38.223,-223.456,-29.980
105.992,goal,-38.181,-223.543,-29.980
106.024,goal,-38.139,-223.629,-29.980
106.058,goal,-38.098,-223.715,-29.981
106.092,goal,-38.057,-223.801,-29.981
106.124,goal,-38.015,-223.888,-29.982
106.158,goal,-37.964,-223.995,-29.982
106.192,goal,-37.922,-224.081,-29.983
106.224,goal,-37.881,-224.167,-29.983
106.258,goal,-37.840,-224.253,-29.984
106.292,goal,-37.799,-224.339,-29.985
106.324,goal,-37.757,-224.424,-29.985
106.358,goal,-37.706,-224.531,-29.986
106.392,goal,-37.665,-224.617,-29.986
106.424,goal,-37.623,-224.703,-29.987
106.458,goal,-37.582,-224.789,-29.987
106.492,goal,-37.541,-224.875,-29.987
106.525,goal,-37.500,-224.961,-29.987
106.558,goal,-37.448,-225.068,-29.987
106.592,goal,-37.407,-225.154,-29.988
106.624,goal,-37.366,-225.240,-29.988
106.658,goal,-37.325,-225.326,-29.988
106.692,goal,-37.283,-225.412,-29.988
106.725,goal,-37.242,-225.498,-29.988
106.758,goal,-37.190,-225.605,-29.988
106.792,goal,-37.148,-225.691,-29.988
106.824,goal,-37.106,-225.777,-29.989
106.859,goal,-37.065,-225.863,-29.989
106.892,goal,-37.023,-225.949,-29.989
106.924,goal,-36.981,-226.034,-29.989
106.958,goal,-36.929,-226.142,-29.989
106.992,goal,-36.887,-226.227,-29.989
107.025,goal,-36.846,-226.313,-29.989
107.058,goal,-36.804,-226.399,-29.989
107.092,goal,-36.762,-226.485,-29.988
107.125,goal,-36.720,-226.571,-29.988
107.159,goal,-36.668,-226.679,-29.988
107.193,goal,-36.626,-226.765,-29.987
107.225,goal,-36.584,-226.851,-29.987
107.259,goal,-36.541,-226.938,-29.987
107.293,goal,-36.499,-227.024,-29.986
107.325,goal,-36.457,-227.110,-29.986
107.359,goal,-36.404,-227.219,-29.986
107.393,goal,-36.362,-227.305,-29.986
107.426,goal,-36.320,-227.392,-29.985
107.459,goal,-36.278,-227.478,-29.985
107.493,goal,-36.236,-227.565,-29.985
107.525,goal,-36.194,-227.652,-29.985
107.559,goal,-36.142,-227.760,-29.985
107.593,goal,-36.101,-227.847,-29.985
107.625,goal,-36.059,-227.934,-29.985
107.659,goal,-36.018,-228.021,-29.985
107.693,goal,-35.977,-228.108,-29.985
107.725,goal,-35.935,-228.195,-29.985
107.759,goal,-35.884,-228.304,-29.985
107.793,goal,-35.843,-228.391,-29.985
107.825,goal,-35.802,-228.478,-29.985
107.859,goal,-35.761,-228.565,-29.985
107.893,goal,-35.720,-228.652,-29.985
107.925,goal,-35.679,-228.739,-29.985
107.959,goal,-35.628,-228.848,-29.985
107.993,goal,-35.587,-228.936,-29.985
108.025,goal,-35.546,-229.023,-29.985
108.059,goal,-35.505,-229.110,-29.984
108.093,goal,-35.465,-229.197,-29.984
108.125,goal,-35.424,-229.284,-29.984
108.159,goal,-35.372,-229.393,-29.984
108.193,goal,-35.332,-229.480,-29.984
108.226,goal,-35.291,-229.567,-29.984
108.259,goal,-35.250,-229.654,-29.984
108.293,goal,-35.209,-229.741,-29.985
108.326,goal,-35.168,-229.828,-29.985
108.359,goal,-35.116,-229.937,-29.985
108.393,goal,-35.075,-230.024,-29.985
108.425,goal,-35.034,-230.111,-29.985
108.459,goal,-34.993,-230.198,-29.985
108.493,goal,-34.952,-230.285,-29.985
108.526,goal,-34.911,-230.371,-29.985
108.559,goal,-34.860,-230.480,-29.985
108.593,goal,-34.819,-230.567,-29.984
108.625,goal,-34.778,-230.653,-29.984
108.659,goal,-34.737,-230.740,-29.984
108.693,goal,-34.696,-230.827,-29.984
108.726,goal,-34.656,-230.914,-29.984
108.759,goal,-34.605,-231.022,-29.983
108.793,goal,-34.564,-231.109,-29.983
108.826,goal,-34.523,-231.196,-29.982
108.859,goal,-34.483,-231.283,-29.982
108.893,goal,-34.443,-231.369,-29.982
108.926,goal,-34.402,-231.456,-29.981
108.959,goal,-34.352,-231.565,-29.981
108.993,goal,-34.311,-231.652,-29.981
109.025,goal,-34.271,-231.739,-29.981
109.059,goal,-34.231,-231.826,-29.980
109.093,goal,-34.191,-231.913,-29.980
109.125,goal,-34.150,-232.000,-29.980
109.159,goal,-34.100,-232.108,-29.980
109.193,goal,-34.060,-232.195,-29.980
109.225,goal,-34.020,-232.282,-29.980
109.259,goal,-33.980,-232.369,-29.980
109.293,goal,-33.940,-232.456,-29.980
109.325,goal,-33.900,-232.543,-29.980
109.359,goal,-33.850,-232.652,-29.980
109.393,goal,-33.810,-232.739,-29.980
109.425,goal,-33.771,-232.826,-29.980
109.459,goal,-33.731,-232.913,-29.980
109.493,goal,-33.691,-233.000,-29.981
109.525,goal,-33.651,-233.087,-29.981
109.559,goal,-33.600,-233.196,-29.981
109.593,goal,-33.560,-233.283,-29.981
109.626,goal,-33.520,-233.370,-29.981
109.659,goal,-33.480,-233.457,-29.981
109.693,goal,-33.440,-233.544,-29.981
109.725,goal,-33.400,-233.631,-29.981
109.759,goal,-33.350,-233.740,-29.981
109.793,goal,-33.310,-233.827,-29.981
109.825,goal,-33.270,-233.914,-29.981
109.859,goal,-33.230,-234.002,-29.981
109.893,goal,-33.189,-234.089,-29.981
109.925,goal,-33.149,-234.176,-29.981
109.959,goal,-33.099,-234.285,-29.982
109.993,goal,-33.059,-234.372,-29.982
110.025,goal,-33.019,-234.459,-29.982
110.059,goal,-32.980,-234.546,-29.982
110.093,goal,-32.940,-234.633,-29.982
110.125,goal,-32.900,-234.720,-29.982
110.159,goal,-32.850,-234.828,-29.982
110.193,goal,-32.811,-234.915,-29.982
110.226,goal,-32.771,-235.002,-29.982
110.260,goal,-32.732,-235.088,-29.982
110.294,goal,-32.693,-235.175,-29.982
110.326,goal,-32.654,-235.261,-29.982
110.360,goal,-32.605,-235.369,-29.982
110.395,goal,-32.566,-235.456,-29.982
110.428,goal,-32.527,-235.542,-29.982
110.480,goal,-32.488,-235.629,-29.982
110.520,goal,-32.449,-235.715,-29.982
110.552,goal,-32.410,-235.801,-29.982
110.586,goal,-32.361,-235.909,-29.982
110.620,goal,-32.321,-235.995,-29.982
110.652,goal,-32.282,-236.081,-29.982
110.686,goal,-32.243,-236.168,-29.982
110.720,goal,-32.203,-236.254,-29.982
110.752,goal,-32.163,-236.340,-29.982
110.786,goal,-32.113,-236.449,-29.982
110.820,goal,-32.073,-236.535,-29.982
110.852,goal,-32.033,-236.622,-29.982
110.886,goal,-31.993,-236.708,-29.982
110.920,goal,-31.953,-236.795,-29.982
110.952,goal,-31.912,-236.881,-29.982
110.986,goal,-31.862,-236.989,-29.982
111.020,goal,-31.821,-237.075,-29.982
111.052,goal,-31.780,-237.162,-29.982
111.086,goal,-31.739,-237.248,-29.982
111.120,goal,-31.698,-237.335,-29.982
111.152,goal,-31.657,-237.421,-29.982
111.186,goal,-31.606,-237.529,-29.982
111.220,goal,-31.565,-237.615,-29.982
111.252,goal,-31.524,-237.702,-29.983
111.286,goal,-31.483,-237.788,-29.983
111.320,goal,-31.442,-237.875,-29.983
111.352,goal,-31.400,-237.961,-29.983
111.386,goal,-31.349,-238.069,-29.984
111.420,approach,-31.307,-238.156,-29.984
111.452,approach,-31.266,-238.242,-29.984
111.486,approach,-31.224,-238.328,-29.983
111.520,approach,-31.182,-238.414,-29.979
111.552,approach,-31.141,-238.500,-29.968
111.586,approach,-31.089,-238.607,-29.945
111.620,approach,-31.048,-238.692,-29.919
111.652,approach,-31.007,-238.777,-29.887
111.686,approach,-30.966,-238.862,-29.850
111.720,approach,-30.925,-238.945,-29.809
111.752,approach,-30.885,-239.028,-29.764
111.786,approach,-30.835,-239.130,-29.704
111.820,approach,-30.795,-239.211,-29.654
111.852,approach,-30.756,-239.291,-29.602
111.886,approach,-30.718,-239.369,-29.550
111.920,approach,-30.679,-239.446,-29.496
111.952,approach,-30.642,-239.522,-29.442
111.986,approach,-30.596,-239.614,-29.374
112.020,approach,-30.560,-239.685,-29.319
112.052,approach,-30.525,-239.755,-29.264
112.086,approach,-30.491,-239.823,-29.209
112.120,approach,-30.457,-239.889,-29.154
112.152,approach,-30.425,-239.953,-29.099
112.186,approach,-30.386,-240.030,-29.031
112.220,approach,-30.356,-240.089,-28.976
112.252,approach,-30.327,-240.145,-28.922
112.286,approach,-30.299,-240.200,-28.868
112.320,approach,-30.273,-240.252,-28.814
112.352,approach,-30.247,-240.302,-28.760
112.386,approach,-30.217,-240.361,-28.693
112.420,approach,-30.194,-240.406,-28.640
112.452,approach,-30.173,-240.448,-28.587
112.486,approach,-30.152,-240.488,-28.534
112.520,approach,-30.132,-240.526,-28.481
112.552,approach,-30.114,-240.561,-28.429
112.586,approach,-30.093,-240.602,-28.364
112.620,approach,-30.077,-240.633,-28.312
112.652,approach,-30.062,-240.661,-28.260
112.686,approach,-30.048,-240.688,-28.208
112.720,approach,-30.036,-240.712,-28.157
112.752,approach,-30.024,-240.734,-28.105
112.786,approach,-30.010,-240.760,-28.041
112.820,approach,-30.001,-240.778,-27.990
112.852,approach,-29.992,-240.794,-27.938
112.886,approach,-29.984,-240.809,-27.887
112.920,approach,-29.977,-240.822,-27.836
112.952,approach,-29.971,-240.834,-27.785
112.986,approach,-29.965,-240.846,-27.721
113.020,approach,-29.960,-240.855,-27.670
113.052,approach,-29.956,-240.862,-27.620
113.086,approach,-29.953,-240.868,-27.569
113.120,approach,-29.951,-240.873,-27.518
113.152,approach,-29.950,-240.876,-27.467
113.186,approach,-29.948,-240.879,-27.404
113.220,approach,-29.948,-240.881,-27.354
113.252,approach,-29.948,-240.881,-27.304
113.286,approach,-29.949,-240.881,-27.253
113.320,approach,-29.950,-240.880,-27.203
113.352,approach,-29.952,-240.878,-27.153
113.386,approach,-29.954,-240.875,-27.091
113.420,approach,-29.957,-240.872,-27.041
113.452,approach,-29.960,-240.869,-26.991
113.486,approach,-29.963,-240.865,-26.941
113.520,approach,-29.967,-240.860,-26.892
113.552,approach,-29.970,-240.856,-26.843
113.586,approach,-29.975,-240.849,-26.781
113.620,approach,-29.980,-240.844,-26.732
113.652,approach,-29.984,-240.839,-26.683
113.686,approach,-29.989,-240.833,-26.635
113.720,approach,-29.993,-240.828,-26.586
113.752,approach,-29.998,-240.822,-26.537
113.786,approach,-30.004,-240.814,-26.477
113.820,approach,-30.008,-240.808,-26.428
113.852,approach,-30.012,-240.802,-26.379
113.886,approach,-30.017,-240.796,-26.331
113.920,approach,-30.021,-240.790,-26.283
113.952,approach,-30.025,-240.785,-26.235
113.986,approach,-30.029,-240.777,-26.174
114.020,approach,-30.033,-240.772,-26.126
114.052,approach,-30.036,-240.766,-26.078
114.086,approach,-30.040,-240.761,-26.030
114.120,approach,-30.043,-240.756,-25.982
114.152,approach,-30.046,-240.751,-25.934
114.186,approach,-30.049,-240.745,-25.873
114.220,approach,-30.052,-240.741,-25.825
114.252,approach,-30.055,-240.736,-25.776
114.286,approach,-30.057,-240.732,-25.728
114.320,approach,-30.060,-240.728,-25.679
114.352,approach,-30.063,-240.723,-25.631
114.386,approach,-30.067,-240.718,-25.570
114.420,approach,-30.069,-240.714,-25.522
114.452,approach,-30.072,-240.711,-25.473
114.486,approach,-30.074,-240.707,-25.425
114.520,approach,-30.077,-240.704,-25.377
114.552,approach,-30.079,-240.701,-25.328
114.586,approach,-30.082,-240.697,-25.268
114.620,approach,-30.084,-240.694,-25.220
114.652,approach,-30.086,-240.692,-25.172
114.686,approach,-30.088,-240.690,-25.124
114.720,approach,-30.090,-240.688,-25.075
114.752,approach,-30.092,-240.686,-25.027
114.786,approach,-30.094,-240.684,-24.967
114.820,approach,-30.096,-240.682,-24.919
114.852,approach,-30.097,-240.681,-24.871
114.886,approach,-30.099,-240.680,-24.823
114.920,approach,-30.100,-240.679,-24.775
114.952,approach,-30.101,-240.678,-24.727
114.986,approach,-30.102,-240.678,-24.666
115.020,approach,-30.103,-240.677,-24.618
115.052,approach,-30.104,-240.677,-24.570
115.086,approach,-30.105,-240.677,-24.521
115.120,approach,-30.105,-240.677,-24.473
115.152,approach,-30.106,-240.677,-24.425
115.186,approach,-30.107,-240.676,-24.364
115.220,approach,-30.108,-240.676,-24.315
115.252,approach,-30.108,-240.676,-24.267
115.286,approach,-30.109,-240.676,-24.218
115.320,approach,-30.110,-240.676,-24.170
115.352,approach,-30.111,-240.676,-24.121
115.386,approach,-30.112,-240.676,-24.060
115.420,approach,-30.113,-240.676,-24.011
115.452,approach,-30.114,-240.676,-23.963
115.486,approach,-30.115,-240.675,-23.914
115.520,approach,-30.116,-240.675,-23.865
115.552,approach,-30.117,-240.675,-23.817
115.586,approach,-30.119,-240.674,-23.756
115.620,approach,-30.120,-240.674,-23.708
115.652,approach,-30.120,-240.673,-23.659
115.686,approach,-30.121,-240.672,-23.611
115.721,approach,-30.122,-240.671,-23.563
115.753,approach,-30.123,-240.670,-23.515
115.787,approach,-30.124,-240.669,-23.454
115.821,approach,-30.125,-240.667,-23.406
115.853,approach,-30.126,-240.666,-23.358
115.887,approach,-30.127,-240.664,-23.310
115.921,approach,-30.128,-240.663,-23.262
115.953,approach,-30.129,-240.661,-23.214
115.987,approach,-30.130,-240.658,-23.154
116.021,approach,-30.130,-240.656,-23.106
116.053,approach,-30.131,-240.654,-23.058
116.087,approach,-30.132,-240.652,-23.010
116.121,approach,-30.133,-240.649,-22.961
116.153,approach,-30.135,-240.647,-22.913
116.187,approach,-30.136,-240.644,-22.852
116.221,approach,-30.137,-240.641,-22.804
116.253,approach,-30.137,-240.639,-22.755
116.287,approach,-30.138,-240.636,-22.707
116.322,approach,-30.139,-240.634,-22.658
116.354,approach,-30.140,-240.631,-22.609
116.388,approach,-30.141,-240.628,-22.548
116.422,approach,-30.142,-240.626,-22.499
116.454,approach,-30.144,-240.623,-22.451
116.488,approach,-30.145,-240.620,-22.402
116.522,approach,-30.146,-240.618,-22.353
116.555,approach,-30.147,-240.615,-22.305
116.589,approach,-30.148,-240.612,-22.244
116.623,approach,-30.149,-240.609,-22.195
116.655,approach,-30.150,-240.606,-22.146
116.689,approach,-30.151,-240.603,-22.098
116.723,approach,-30.152,-240.600,-22.049
116.755,approach,-30.152,-240.598,-22.000
116.789,approach,-30.153,-240.594,-21.939
116.823,approach,-30.153,-240.591,-21.890
116.855,approach,-30.153,-240.588,-21.841
116.889,approach,-30.154,-240.586,-21.792
116.923,approach,-30.154,-240.583,-21.743
116.955,approach,-30.154,-240.581,-21.694
116.989,approach,-30.154,-240.578,-21.632
117.023,approach,-30.153,-240.576,-21.583
117.055,approach,-30.153,-240.574,-21.534
117.089,approach,-30.153,-240.572,-21.484
117.123,approach,-30.152,-240.570,-21.435
117.155,approach,-30.152,-240.568,-21.386
117.189,approach,-30.151,-240.567,-21.324
117.223,approach,-30.151,-240.565,-21.275
117.255,approach,-30.150,-240.564,-21.226
117.289,approach,-30.150,-240.563,-21.177
117.323,approach,-30.149,-240.562,-21.127
117.355,approach,-30.148,-240.561,-21.078
117.389,approach,-30.147,-240.560,-21.017
117.423,approach,-30.147,-240.559,-20.968
117.455,approach,-30.146,-240.558,-20.920
117.489,approach,-30.145,-240.558,-20.871
117.523,approach,-30.145,-240.558,-20.822
117.555,approach,-30.144,-240.558,-20.774
117.589,approach,-30.143,-240.558,-20.714
117.623,approach,-30.142,-240.558,-20.665
117.655,approach,-30.142,-240.558,-20.617
117.689,approach,-30.141,-240.558,-20.569
117.723,approach,-30.140,-240.558,-20.521
117.755,approach,-30.140,-240.558,-20.472
117.789,approach,-30.139,-240.559,-20.412
117.823,approach,-30.139,-240.560,-20.364
117.855,approach,-30.138,-240.560,-20.316
117.889,approach,-30.138,-240.561,-20.268
117.923,approach,-30.138,-240.562,-20.220
117.955,approach,-30.138,-240.563,-20.172
117.989,approach,-30.138,-240.564,-20.111
118.023,approach,-30.138,-240.565,-20.063
118.055,approach,-30.138,-240.566,-20.015
118.089,approach,-30.139,-240.568,-19.967
118.123,approach,-30.139,-240.569,-19.919
118.155,approach,-30.139,-240.571,-19.871
118.189,approach,-30.140,-240.572,-19.811
118.223,approach,-30.140,-240.574,-19.763
118.255,approach,-30.141,-240.575,-19.715
118.289,approach,-30.141,-240.577,-19.667
118.323,approach,-30.142,-240.578,-19.619
118.355,approach,-30.142,-240.580,-19.571
118.389,approach,-30.143,-240.582,-19.511
118.423,approach,-30.143,-240.584,-19.463
118.455,approach,-30.144,-240.585,-19.415
118.489,approach,-30.144,-240.587,-19.368
118.523,approach,-30.144,-240.588,-19.320
118.555,approach,-30.145,-240.590,-19.272
118.589,approach,-30.145,-240.592,-19.212
118.623,approach,-30.145,-240.593,-19.165
118.655,approach,-30.145,-240.594,-19.117
118.689,approach,-30.146,-240.596,-19.070
118.723,approach,-30.146,-240.597,-19.022
118.755,approach,-30.146,-240.599,-18.975
118.789,approach,-30.146,-240.601,-18.915
118.823,approach,-30.146,-240.602,-18.867
118.856,approach,-30.146,-240.604,-18.819
118.890,approach,-30.146,-240.605,-18.771
118.924,approach,-30.146,-240.606,-18.723
118.956,approach,-30.146,-240.608,-18.675
118.990,approach,-30.146,-240.610,-18.615
119.024,approach,-30.145,-240.611,-18.567
119.056,approach,-30.145,-240.612,-18.519
119.090,approach,-30.145,-240.614,-18.471
119.125,approach,-30.144,-240.615,-18.423
119.156,approach,-30.144,-240.616,-18.376
119.190,approach,-30.144,-240.618,-18.316
119.224,approach,-30.143,-240.619,-18.269
119.257,approach,-30.143,-240.620,-18.221
119.292,approach,-30.143,-240.621,-18.174
119.326,approach,-30.142,-240.622,-18.126
119.359,approach,-30.142,-240.623,-18.079
119.393,approach,-30.141,-240.623,-18.019
119.427,approach,-30.141,-240.624,-17.972
119.459,approach,-30.140,-240.624,-17.924
119.493,approach,-30.139,-240.625,-17.877
119.528,approach,-30.139,-240.625,-17.829
119.560,approach,-30.138,-240.625,-17.782
119.594,approach,-30.137,-240.625,-17.722
119.628,approach,-30.136,-240.625,-17.674
119.660,approach,-30.135,-240.625,-17.626
119.694,approach,-30.134,-240.625,-17.578
119.728,approach,-30.133,-240.625,-17.530
119.760,approach,-30.132,-240.625,-17.482
119.794,approach,-30.131,-240.625,-17.423
119.828,approach,-30.130,-240.624,-17.375
119.861,approach,-30.129,-240.624,-17.327
119.895,approach,-30.129,-240.623,-17.279
119.929,approach,-30.128,-240.623,-17.231
119.961,approach,-30.127,-240.622,-17.184
119.995,approach,-30.126,-240.621,-17.124
120.029,approach,-30.125,-240.620,-17.076
120.061,approach,-30.124,-240.620,-17.028
120.095,approach,-30.123,-240.619,-16.981
120.129,approach,-30.122,-240.618,-16.933
120.161,approach,-30.121,-240.617,-16.885
120.195,approach,-30.120,-240.615,-16.826
120.229,approach,-30.119,-240.614,-16.778
120.261,approach,-30.119,-240.614,-16.731
120.295,approach,-30.118,-240.613,-16.683
120.329,approach,-30.117,-240.612,-16.636
120.361,approach,-30.117,-240.611,-16.588
120.395,approach,-30.116,-240.611,-16.529
120.429,approach,-30.115,-240.610,-16.481
120.463,approach,-30.115,-240.609,-16.434
120.497,approach,-30.114,-240.609,-16.387
120.531,approach,-30.113,-240.608,-16.339
120.563,approach,-30.113,-240.607,-16.292
120.597,approach,-30.112,-240.606,-16.233
120.631,approach,-30.112,-240.606,-16.186
120.668,approach,-30.111,-240.605,-16.138
120.702,approach,-30.111,-240.604,-16.091
120.735,approach,-30.110,-240.603,-16.044
120.768,approach,-30.110,-240.602,-15.996
120.802,approach,-30.109,-240.601,-15.937
120.836,approach,-30.109,-240.600,-15.889
120.868,approach,-30.108,-240.598,-15.842
120.902,approach,-30.108,-240.597,-15.794
120.936,approach,-30.108,-240.596,-15.747
120.968,approach,-30.108,-240.594,-15.699
121.002,approach,-30.107,-240.593,-15.639
121.035,approach,-30.107,-240.592,-15.591
121.068,approach,-30.106,-240.591,-15.544
121.101,approach,-30.106,-240.589,-15.496
121.136,approach,-30.105,-240.588,-15.448
121.168,approach,-30.105,-240.587,-15.400
121.202,approach,-30.104,-240.586,-15.340
121.235,approach,-30.104,-240.585,-15.292
121.268,approach,-30.103,-240.584,-15.244
121.302,approach,-30.103,-240.583,-15.196
121.336,approach,-30.102,-240.582,-15.148
121.368,approach,-30.101,-240.582,-15.099
121.402,approach,-30.100,-240.581,-15.039
121.436,approach,-30.100,-240.580,-14.990
121.469,approach,-30.099,-240.579,-14.942
121.503,approach,-30.098,-240.579,-14.894
121.537,approach,-30.098,-240.578,-14.845
121.569,approach,-30.097,-240.578,-14.797
121.603,approach,-30.096,-240.577,-14.736
121.637,approach,-30.095,-240.577,-14.688
121.669,approach,-30.094,-240.577,-14.639
121.703,approach,-30.094,-240.576,-14.590
121.737,approach,-30.093,-240.576,-14.542
121.769,approach,-30.092,-240.576,-14.493
121.803,approach,-30.092,-240.576,-14.433
121.837,approach,-30.091,-240.576,-14.385
121.869,approach,-30.091,-240.577,-14.336
121.903,approach,-30.091,-240.577,-14.288
121.937,approach,-30.090,-240.578,-14.240
121.970,approach,-30.090,-240.579,-14.192
122.004,approach,-30.090,-240.580,-14.132
122.039,approach,-30.090,-240.581,-14.084
122.071,approach,-30.090,-240.583,-14.036
122.105,approach,-30.091,-240.584,-13.988
122.139,approach,-30.091,-240.586,-13.940
122.171,approach,-30.091,-240.588,-13.892
122.205,approach,-30.091,-240.591,-13.832
122.239,approach,-30.091,-240.593,-13.785
122.271,approach,-30.091,-240.595,-13.737
122.306,approach,-30.092,-240.597,-13.689
122.340,approach,-30.092,-240.599,-13.641
122.372,approach,-30.092,-240.601,-13.593
122.406,approach,-30.092,-240.604,-13.533
122.440,approach,-30.092,-240.606,-13.486
122.473,approach,-30.092,-240.608,-13.438
122.507,approach,-30.092,-240.610,-13.390
122.541,approach,-30.092,-240.612,-13.342
122.573,approach,-30.093,-240.614,-13.294
122.607,approach,-30.093,-240.616,-13.234
122.641,approach,-30.094,-240.618,-13.186
122.673,approach,-30.094,-240.620,-13.138
122.707,approach,-30.095,-240.621,-13.090
122.741,approach,-30.095,-240.623,-13.043
122.773,approach,-30.096,-240.625,-12.995
122.808,approach,-30.097,-240.627,-12.935
122.842,approach,-30.098,-240.628,-12.887
122.874,approach,-30.099,-240.630,-12.839
122.908,approach,-30.100,-240.631,-12.791
122.942,approach,-30.101,-240.633,-12.743
122.974,approach,-30.101,-240.634,-12.695
123.008,approach,-30.102,-240.636,-12.635
123.042,approach,-30.103,-240.637,-12.587
123.074,approach,-30.104,-240.639,-12.538
123.108,approach,-30.105,-240.640,-12.490
123.142,approach,-30.106,-240.641,-12.442
123.174,approach,-30.107,-240.642,-12.394
123.208,approach,-30.108,-240.644,-12.334
123.242,approach,-30.109,-240.645,-12.286
123.274,approach,-30.110,-240.646,-12.238
123.308,approach,-30.111,-240.647,-12.190
123.342,approach,-30.112,-240.648,-12.142
123.374,approach,-30.113,-240.649,-12.094
123.408,approach,-30.114,-240.650,-12.034
123.442,approach,-30.115,-240.651,-11.986
123.474,approach,-30.115,-240.652,-11.938
123.508,approach,-30.116,-240.652,-11.890
123.542,approach,-30.117,-240.653,-11.842
123.574,approach,-30.118,-240.653,-11.794
123.608,approach,-30.118,-240.654,-11.733
123.642,approach,-30.119,-240.654,-11.685
123.674,approach,-30.120,-240.654,-11.637
123.708,approach,-30.120,-240.654,-11.589
123.742,approach,-30.121,-240.654,-11.541
123.774,approach,-30.121,-240.654,-11.493
123.808,approach,-30.121,-240.654,-11.433
123.842,approach,-30.121,-240.653,-11.385
123.874,approach,-30.122,-240.653,-11.337
123.908,approach,-30.122,-240.652,-11.289
123.942,approach,-30.122,-240.652,-11.241
123.974,approach,-30.121,-240.651,-11.193
124.008,approach,-30.121,-240.651,-11.134
124.042,approach,-30.120,-240.651,-11.086
124.075,approach,-30.120,-240.651,-11.038
124.108,approach,-30.119,-240.651,-10.990
124.142,approach,-30.118,-240.651,-10.942
124.174,approach,-30.117,-240.651,-10.894
124.208,approach,-30.116,-240.651,-10.834
124.242,approach,-30.115,-240.651,-10.786
124.274,approach,-30.115,-240.651,-10.739
124.308,approach,-30.114,-240.651,-10.691
124.342,approach,-30.113,-240.651,-10.643
124.374,approach,-30.112,-240.651,-10.595
124.408,approach,-30.111,-240.652,-10.535
124.442,approach,-30.110,-240.652,-10.487
124.474,approach,-30.109,-240.652,-10.439
124.508,approach,-30.108,-240.652,-10.390
124.542,approach,-30.107,-240.652,-10.342
124.574,approach,-30.105,-240.652,-10.294
124.608,approach,-30.104,-240.652,-10.234
124.642,approach,-30.103,-240.652,-10.186
124.674,approach,-30.101,-240.651,-10.139
124.708,approach,-30.100,-240.651,-10.091
124.743,approach,-30.098,-240.651,-10.043
124.774,approach,-30.096,-240.650,-9.995
124.808,approach,-30.095,-240.650,-9.935
124.842,approach,-30.093,-240.650,-9.887
124.874,approach,-30.091,-240.649,-9.839
124.908,approach,-30.090,-240.649,-9.791
124.942,approach,-30.089,-240.649,-9.743
124.974,approach,-30.087,-240.649,-9.695
125.008,approach,-30.085,-240.648,-9.635
125.042,approach,-30.084,-240.648,-9.587
125.075,approach,-30.083,-240.648,-9.539
125.108,approach,-30.082,-240.648,-9.491
125.142,approach,-30.080,-240.649,-9.443
125.174,approach,-30.079,-240.649,-9.395
125.208,approach,-30.078,-240.649,-9.335
125.242,approach,-30.077,-240.649,-9.287
125.274,approach,-30.076,-240.649,-9.239
125.308,approach,-30.076,-240.650,-9.191
125.342,approach,-30.075,-240.650,-9.143
125.374,approach,-30.075,-240.651,-9.095
125.408,approach,-30.074,-240.651,-9.035
125.442,approach,-30.074,-240.652,-8.987
125.474,approach,-30.074,-240.652,-8.939
125.508,approach,-30.074,-240.653,-8.890
125.542,approach,-30.074,-240.654,-8.842
125.574,approach,-30.074,-240.654,-8.794
125.608,approach,-30.075,-240.655,-8.733
125.642,approach,-30.075,-240.655,-8.685
125.676,approach,-30.075,-240.655,-8.637
125.710,approach,-30.076,-240.656,-8.589
125.744,approach,-30.076,-240.656,-8.540
125.776,approach,-30.077,-240.656,-8.492
125.810,approach,-30.077,-240.657,-8.432
125.844,approach,-30.078,-240.657,-8.384
125.876,approach,-30.078,-240.657,-8.336
125.910,approach,-30.078,-240.658,-8.288
125.944,approach,-30.079,-240.658,-8.240
125.976,approach,-30.079,-240.658,-8.192
126.010,approach,-30.079,-240.658,-8.132
126.044,approach,-30.079,-240.658,-8.084
126.076,approach,-30.080,-240.658,-8.036
126.110,approach,-30.080,-240.658,-7.988
126.144,approach,-30.080,-240.658,-7.941
126.177,approach,-30.080,-240.658,-7.893
126.211,approach,-30.081,-240.658,-7.833
126.245,approach,-30.081,-240.658,-7.786
126.277,approach,-30.081,-240.658,-7.738
126.311,approach,-30.081,-240.657,-7.690
126.345,approach,-30.082,-240.657,-7.642
126.377,approach,-30.082,-240.657,-7.595
126.411,approach,-30.082,-240.657,-7.535
126.445,approach,-30.082,-240.657,-7.487
126.477,approach,-30.083,-240.656,-7.439
126.511,approach,-30.083,-240.656,-7.391
126.545,approach,-30.083,-240.656,-7.343
126.577,approach,-30.084,-240.655,-7.296
126.611,approach,-30.084,-240.654,-7.235
126.645,approach,-30.084,-240.653,-7.187
126.677,approach,-30.085,-240.653,-7.139
126.711,approach,-30.085,-240.652,-7.091
126.745,approach,-30.085,-240.652,-7.043
126.777,approach,-30.086,-240.651,-6.995
126.811,approach,-30.086,-240.651,-6.935
126.845,approach,-30.086,-240.650,-6.887
126.877,approach,-30.086,-240.650,-6.839
126.911,approach,-30.086,-240.649,-6.791
126.945,approach,-30.086,-240.649,-6.744
126.977,approach,-30.086,-240.648,-6.696
127.011,approach,-30.087,-240.648,-6.636
127.045,approach,-30.087,-240.647,-6.588
127.077,approach,-30.087,-240.647,-6.540
127.111,approach,-30.088,-240.647,-6.492
127.145,approach,-30.088,-240.646,-6.444
127.177,approach,-30.089,-240.646,-6.396
127.211,approach,-30.089,-240.646,-6.337
127.245,approach,-30.090,-240.646,-6.289
127.277,approach,-30.090,-240.646,-6.241
127.311,approach,-30.090,-240.646,-6.193
127.345,approach,-30.091,-240.646,-6.145
127.377,approach,-30.091,-240.647,-6.097
127.411,approach,-30.092,-240.647,-6.036
127.445,approach,-30.093,-240.647,-5.988
127.477,approach,-30.093,-240.648,-5.940
127.511,approach,-30.093,-240.648,-5.892
127.545,approach,-30.094,-240.648,-5.843
127.577,approach,-30.094,-240.649,-5.795
127.611,approach,-30.095,-240.650,-5.735
127.645,approach,-30.095,-240.650,-5.687
127.677,approach,-30.095,-240.651,-5.638
127.711,approach,-30.096,-240.651,-5.590
127.745,approach,-30.096,-240.652,-5.542
127.777,approach,-30.096,-240.652,-5.494
127.811,approach,-30.097,-240.652,-5.434
127.845,approach,-30.098,-240.653,-5.386
127.878,approach,-30.098,-240.653,-5.338
127.912,approach,-30.098,-240.654,-5.289
127.946,approach,-30.099,-240.655,-5.241
127.978,approach,-30.099,-240.655,-5.193
128.012,approach,-30.099,-240.657,-5.133
128.046,approach,-30.098,-240.658,-5.085
128.078,approach,-30.098,-240.658,-5.037
128.112,approach,-30.098,-240.660,-4.989
128.146,approach,-30.097,-240.661,-4.941
128.179,approach,-30.097,-240.662,-4.893
128.213,approach,-30.096,-240.663,-4.832
128.247,approach,-30.096,-240.664,-4.784
128.279,approach,-30.096,-240.665,-4.735
128.313,approach,-30.095,-240.666,-4.687
128.347,approach,-30.095,-240.667,-4.639
128.380,approach,-30.094,-240.669,-4.590
128.414,approach,-30.094,-240.670,-4.530
128.448,approach,-30.093,-240.671,-4.482
128.480,approach,-30.093,-240.672,-4.434
128.514,approach,-30.092,-240.672,-4.385
128.548,approach,-30.091,-240.673,-4.337
128.580,approach,-30.091,-240.674,-4.289
128.614,approach,-30.090,-240.674,-4.230
128.648,approach,-30.089,-240.675,-4.182
128.680,approach,-30.088,-240.675,-4.134
128.714,approach,-30.087,-240.676,-4.086
128.748,approach,-30.087,-240.676,-4.039
128.780,approach,-30.086,-240.677,-3.991
128.814,approach,-30.085,-240.677,-3.931
128.848,approach,-30.084,-240.678,-3.884
128.880,approach,-30.083,-240.678,-3.836
128.914,approach,-30.082,-240.679,-3.788
128.948,approach,-30.081,-240.679,-3.741
128.980,approach,-30.080,-240.679,-3.693
129.014,approach,-30.079,-240.680,-3.633
129.048,approach,-30.079,-240.680,-3.586
129.080,approach,-30.078,-240.680,-3.538
129.114,approach,-30.077,-240.680,-3.490
129.148,approach,-30.077,-240.681,-3.443
129.180,approach,-30.076,-240.681,-3.395
129.214,approach,-30.076,-240.681,-3.335
129.248,approach,-30.075,-240.682,-3.287
129.280,approach,-30.075,-240.682,-3.240
129.314,approach,-30.075,-240.682,-3.192
129.348,approach,-30.076,-240.683,-3.145
129.380,approach,-30.076,-240.683,-3.097
129.414,approach,-30.076,-240.683,-3.037
129.448,approach,-30.077,-240.683,-2.990
129.480,approach,-30.077,-240.683,-2.942
129.514,approach,-30.077,-240.683,-2.895
129.548,approach,-30.077,-240.683,-2.847
129.580,approach,-30.078,-240.683,-2.799
129.614,approach,-30.078,-240.683,-2.740
129.648,approach,-30.077,-240.683,-2.692
129.680,approach,-30.077,-240.682,-2.645
129.714,approach,-30.077,-240.682,-2.597
129.748,approach,-30.076,-240.682,-2.550
129.780,approach,-30.076,-240.682,-2.502
129.814,approach,-30.075,-240.681,-2.443
129.848,approach,-30.074,-240.681,-2.395
129.880,approach,-30.074,-240.680,-2.347
129.914,approach,-30.073,-240.680,-2.300
129.948,approach,-30.072,-240.680,-2.252
129.980,approach,-30.072,-240.679,-2.204
130.014,approach,-30.071,-240.678,-2.144
130.048,approach,-30.071,-240.678,-2.096
130.080,approach,-30.070,-240.677,-2.048
130.114,approach,-30.070,-240.676,-2.001
130.148,approach,-30.070,-240.675,-1.955
130.180,approach,-30.069,-240.674,-1.909
130.214,approach,-30.068,-240.673,-1.854
130.248,approach,-30.067,-240.671,-1.811
130.280,approach,-30.066,-240.670,-1.770
130.314,approach,-30.066,-240.669,-1.731
130.348,approach,-30.065,-240.668,-1.692
130.380,approach,-30.064,-240.666,-1.656
