elapsed_sec,phase,north_m,east_m,down_m
0.016,takeoff,-0.003,0.026,-0.091
0.050,takeoff,-0.003,0.026,-0.092
0.082,takeoff,-0.003,0.025,-0.093
0.116,takeoff,-0.004,0.024,-0.094
0.150,takeoff,-0.005,0.024,-0.095
0.182,takeoff,-0.006,0.023,-0.095
0.216,takeoff,-0.006,0.023,-0.095
0.250,takeoff,-0.007,0.022,-0.095
0.282,takeoff,-0.008,0.021,-0.095
0.316,takeoff,-0.010,0.021,-0.095
0.351,takeoff,-0.011,0.020,-0.095
0.383,takeoff,-0.012,0.019,-0.095
0.417,takeoff,-0.013,0.019,-0.095
0.451,takeoff,-0.014,0.018,-0.095
0.483,takeoff,-0.016,0.017,-0.095
0.517,takeoff,-0.017,0.017,-0.095
0.551,takeoff,-0.018,0.016,-0.094
0.583,takeoff,-0.019,0.016,-0.094
0.617,takeoff,-0.020,0.015,-0.094
0.651,takeoff,-0.022,0.014,-0.094
0.683,takeoff,-0.023,0.014,-0.094
0.717,takeoff,-0.025,0.013,-0.094
0.751,takeoff,-0.026,0.012,-0.094
0.783,takeoff,-0.027,0.012,-0.093
0.817,takeoff,-0.028,0.011,-0.093
0.851,takeoff,-0.029,0.011,-0.093
0.883,takeoff,-0.031,0.010,-0.092
0.917,takeoff,-0.032,0.010,-0.092
0.951,takeoff,-0.033,0.009,-0.091
0.983,takeoff,-0.034,0.009,-0.091
1.017,takeoff,-0.035,0.009,-0.091
1.051,takeoff,-0.036,0.009,-0.091
1.083,takeoff,-0.037,0.008,-0.091
1.117,takeoff,-0.037,0.008,-0.090
1.151,takeoff,-0.038,0.008,-0.090
1.183,takeoff,-0.039,0.008,-0.090
1.217,takeoff,-0.040,0.008,-0.089
1.251,takeoff,-0.041,0.008,-0.089
1.283,takeoff,-0.042,0.008,-0.088
1.317,takeoff,-0.043,0.009,-0.087
1.351,takeoff,-0.044,0.009,-0.087
1.383,takeoff,-0.044,0.009,-0.086
1.417,takeoff,-0.045,0.009,-0.085
1.451,takeoff,-0.046,0.009,-0.084
1.483,takeoff,-0.047,0.010,-0.084
1.517,takeoff,-0.048,0.010,-0.083
1.551,takeoff,-0.049,0.011,-0.082
1.583,takeoff,-0.049,0.011,-0.082
1.617,takeoff,-0.050,0.011,-0.081
1.651,takeoff,-0.051,0.011,-0.081
1.683,takeoff,-0.051,0.011,-0.080
1.717,takeoff,-0.052,0.012,-0.080
1.751,takeoff,-0.053,0.012,-0.080
1.783,takeoff,-0.054,0.012,-0.079
1.817,takeoff,-0.054,0.012,-0.079
1.851,takeoff,-0.055,0.012,-0.079
1.883,takeoff,-0.056,0.012,-0.079
1.917,takeoff,-0.057,0.012,-0.079
1.951,takeoff,-0.057,0.012,-0.079
1.983,takeoff,-0.058,0.012,-0.079
2.017,takeoff,-0.059,0.012,-0.078
2.051,takeoff,-0.059,0.012,-0.078
2.083,takeoff,-0.060,0.012,-0.078
2.117,takeoff,-0.061,0.012,-0.078
2.162,takeoff,-0.061,0.012,-0.078
2.211,takeoff,-0.062,0.012,-0.079
2.245,takeoff,-0.063,0.012,-0.080
2.279,takeoff,-0.063,0.011,-0.083
2.311,takeoff,-0.064,0.011,-0.087
2.345,takeoff,-0.066,0.010,-0.095
2.379,takeoff,-0.067,0.009,-0.104
2.411,takeoff,-0.068,0.009,-0.114
2.445,takeoff,-0.068,0.008,-0.128
2.479,takeoff,-0.069,0.008,-0.143
2.511,takeoff,-0.069,0.008,-0.161
2.545,takeoff,-0.068,0.007,-0.187
2.579,takeoff,-0.068,0.008,-0.211
2.611,takeoff,-0.067,0.008,-0.238
2.645,takeoff,-0.065,0.008,-0.267
2.679,takeoff,-0.063,0.009,-0.299
2.712,takeoff,-0.061,0.010,-0.334
2.746,takeoff,-0.058,0.012,-0.381
2.780,takeoff,-0.055,0.013,-0.422
2.812,takeoff,-0.052,0.015,-0.465
2.846,takeoff,-0.049,0.016,-0.512
2.880,takeoff,-0.046,0.018,-0.560
2.912,takeoff,-0.042,0.019,-0.611
2.946,takeoff,-0.038,0.021,-0.679
2.980,takeoff,-0.034,0.022,-0.736
3.012,takeoff,-0.030,0.023,-0.796
3.046,takeoff,-0.027,0.024,-0.858
3.080,takeoff,-0.023,0.025,-0.922
3.112,takeoff,-0.020,0.026,-0.989
3.146,takeoff,-0.015,0.027,-1.076
3.180,takeoff,-0.012,0.028,-1.149
3.212,takeoff,-0.009,0.028,-1.224
3.246,takeoff,-0.006,0.029,-1.300
3.281,takeoff,-0.003,0.029,-1.379
3.313,takeoff,-0.000,0.028,-1.458
3.347,takeoff,0.003,0.028,-1.559
3.382,takeoff,0.005,0.028,-1.641
3.414,takeoff,0.007,0.027,-1.723
3.448,takeoff,0.009,0.027,-1.805
3.482,takeoff,0.011,0.026,-1.888
3.514,takeoff,0.012,0.025,-1.972
3.548,takeoff,0.014,0.024,-2.076
3.582,takeoff,0.015,0.024,-2.160
3.614,takeoff,0.016,0.023,-2.243
3.648,takeoff,0.016,0.022,-2.327
3.682,takeoff,0.016,0.022,-2.410
3.714,takeoff,0.016,0.021,-2.494
3.748,takeoff,0.017,0.020,-2.599
3.783,takeoff,0.017,0.020,-2.683
3.815,takeoff,0.016,0.020,-2.767
3.849,takeoff,0.016,0.020,-2.851
3.884,takeoff,0.016,0.020,-2.935
3.916,takeoff,0.015,0.020,-3.019
3.950,takeoff,0.015,0.020,-3.125
3.984,takeoff,0.014,0.020,-3.210
4.016,takeoff,0.013,0.021,-3.295
4.052,takeoff,0.013,0.021,-3.380
4.086,takeoff,0.012,0.022,-3.465
4.118,takeoff,0.011,0.023,-3.550
4.152,takeoff,0.009,0.024,-3.656
4.186,takeoff,0.008,0.025,-3.742
4.218,takeoff,0.006,0.026,-3.827
4.252,takeoff,0.005,0.028,-3.913
4.286,takeoff,0.003,0.029,-3.998
4.320,takeoff,0.001,0.030,-4.084
4.352,takeoff,-0.001,0.032,-4.170
4.386,takeoff,-0.003,0.033,-4.278
4.420,takeoff,-0.006,0.035,-4.364
4.452,takeoff,-0.008,0.036,-4.451
4.486,takeoff,-0.010,0.038,-4.538
4.520,takeoff,-0.013,0.039,-4.624
4.552,takeoff,-0.015,0.041,-4.711
4.586,takeoff,-0.018,0.043,-4.821
4.620,takeoff,-0.020,0.044,-4.908
4.652,takeoff,-0.023,0.046,-4.996
4.686,takeoff,-0.025,0.047,-5.083
4.720,takeoff,-0.027,0.048,-5.171
4.752,takeoff,-0.029,0.050,-5.259
4.786,takeoff,-0.031,0.051,-5.369
4.820,takeoff,-0.033,0.052,-5.458
4.852,takeoff,-0.035,0.054,-5.546
4.886,takeoff,-0.037,0.055,-5.634
4.920,takeoff,-0.039,0.055,-5.723
4.952,takeoff,-0.041,0.056,-5.811
4.986,takeoff,-0.044,0.057,-5.922
5.020,takeoff,-0.046,0.058,-6.010
5.052,takeoff,-0.048,0.058,-6.099
5.086,takeoff,-0.051,0.058,-6.188
5.120,takeoff,-0.053,0.058,-6.277
5.152,takeoff,-0.055,0.058,-6.366
5.186,takeoff,-0.058,0.057,-6.478
5.220,takeoff,-0.060,0.057,-6.567
5.252,takeoff,-0.062,0.056,-6.657
5.286,takeoff,-0.064,0.055,-6.746
5.320,takeoff,-0.067,0.054,-6.836
5.352,takeoff,-0.069,0.053,-6.926
5.386,takeoff,-0.072,0.052,-7.038
5.420,takeoff,-0.075,0.050,-7.128
5.452,takeoff,-0.077,0.049,-7.217
5.486,takeoff,-0.080,0.048,-7.307
5.520,takeoff,-0.083,0.046,-7.397
5.552,takeoff,-0.085,0.044,-7.487
5.586,takeoff,-0.088,0.042,-7.600
5.620,takeoff,-0.091,0.040,-7.690
5.652,takeoff,-0.094,0.037,-7.780
5.686,takeoff,-0.096,0.035,-7.871
5.720,takeoff,-0.099,0.033,-7.961
5.752,takeoff,-0.101,0.031,-8.052
5.786,takeoff,-0.104,0.028,-8.166
5.820,takeoff,-0.106,0.026,-8.257
5.852,takeoff,-0.108,0.024,-8.347
5.886,takeoff,-0.109,0.022,-8.439
5.921,takeoff,-0.111,0.019,-8.530
5.953,takeoff,-0.112,0.017,-8.621
5.988,takeoff,-0.114,0.014,-8.735
6.022,takeoff,-0.116,0.012,-8.826
6.054,takeoff,-0.117,0.009,-8.917
6.088,takeoff,-0.118,0.007,-9.009
6.122,takeoff,-0.119,0.005,-9.100
6.154,takeoff,-0.119,0.003,-9.192
6.188,takeoff,-0.120,-0.000,-9.306
6.222,takeoff,-0.121,-0.003,-9.398
6.254,takeoff,-0.121,-0.005,-9.490
6.288,takeoff,-0.121,-0.007,-9.581
6.322,takeoff,-0.121,-0.009,-9.673
6.354,takeoff,-0.121,-0.012,-9.764
6.389,takeoff,-0.121,-0.014,-9.879
6.422,takeoff,-0.121,-0.016,-9.971
6.454,takeoff,-0.120,-0.019,-10.063
6.488,takeoff,-0.120,-0.021,-10.155
6.522,takeoff,-0.119,-0.023,-10.247
6.555,takeoff,-0.119,-0.025,-10.339
6.588,takeoff,-0.117,-0.027,-10.454
6.622,takeoff,-0.116,-0.029,-10.546
6.655,takeoff,-0.115,-0.032,-10.638
6.689,takeoff,-0.114,-0.034,-10.731
6.724,takeoff,-0.113,-0.036,-10.823
6.755,takeoff,-0.112,-0.037,-10.915
6.789,takeoff,-0.110,-0.040,-11.031
6.823,takeoff,-0.108,-0.041,-11.123
6.855,takeoff,-0.107,-0.043,-11.216
6.889,takeoff,-0.105,-0.045,-11.308
6.923,takeoff,-0.103,-0.046,-11.401
6.955,takeoff,-0.100,-0.048,-11.493
6.989,takeoff,-0.097,-0.049,-11.609
7.023,takeoff,-0.095,-0.051,-11.701
7.055,takeoff,-0.092,-0.052,-11.793
7.089,takeoff,-0.089,-0.053,-11.886
7.123,takeoff,-0.086,-0.054,-11.978
7.155,takeoff,-0.084,-0.055,-12.070
7.189,takeoff,-0.080,-0.057,-12.185
7.223,takeoff,-0.077,-0.058,-12.277
7.255,takeoff,-0.074,-0.059,-12.369
7.289,takeoff,-0.071,-0.060,-12.462
7.323,takeoff,-0.069,-0.061,-12.554
7.355,takeoff,-0.066,-0.062,-12.646
7.389,takeoff,-0.062,-0.064,-12.761
7.423,takeoff,-0.059,-0.065,-12.854
7.455,takeoff,-0.056,-0.067,-12.946
7.489,takeoff,-0.053,-0.068,-13.039
7.523,takeoff,-0.050,-0.069,-13.131
7.555,takeoff,-0.047,-0.071,-13.224
7.589,takeoff,-0.044,-0.073,-13.340
7.623,takeoff,-0.041,-0.075,-13.433
7.655,takeoff,-0.039,-0.076,-13.526
7.689,takeoff,-0.036,-0.078,-13.619
7.723,takeoff,-0.034,-0.079,-13.712
7.756,takeoff,-0.032,-0.080,-13.806
7.789,takeoff,-0.030,-0.082,-13.923
7.823,takeoff,-0.028,-0.083,-14.016
7.855,takeoff,-0.027,-0.084,-14.110
7.889,takeoff,-0.025,-0.085,-14.204
7.923,takeoff,-0.024,-0.086,-14.298
7.955,takeoff,-0.022,-0.086,-14.391
7.989,takeoff,-0.021,-0.086,-14.509
8.023,takeoff,-0.019,-0.086,-14.603
8.055,takeoff,-0.018,-0.086,-14.697
8.089,takeoff,-0.017,-0.086,-14.791
8.123,takeoff,-0.016,-0.086,-14.885
8.155,takeoff,-0.014,-0.085,-14.979
8.189,takeoff,-0.013,-0.085,-15.097
8.223,takeoff,-0.011,-0.084,-15.191
8.255,takeoff,-0.010,-0.083,-15.286
8.290,takeoff,-0.009,-0.083,-15.380
8.324,takeoff,-0.008,-0.082,-15.474
8.356,takeoff,-0.006,-0.081,-15.568
8.390,takeoff,-0.005,-0.079,-15.686
8.424,takeoff,-0.004,-0.078,-15.780
8.458,takeoff,-0.003,-0.076,-15.874
8.492,takeoff,-0.002,-0.075,-15.968
8.526,takeoff,-0.001,-0.073,-16.062
8.558,takeoff,0.001,-0.071,-16.156
8.592,takeoff,0.002,-0.068,-16.274
8.626,takeoff,0.003,-0.066,-16.368
8.658,takeoff,0.004,-0.063,-16.462
8.692,takeoff,0.005,-0.061,-16.556
8.726,takeoff,0.006,-0.059,-16.650
8.758,takeoff,0.007,-0.056,-16.745
8.792,takeoff,0.009,-0.053,-16.863
8.826,takeoff,0.010,-0.051,-16.957
8.858,takeoff,0.011,-0.048,-17.051
8.892,takeoff,0.012,-0.046,-17.145
8.926,takeoff,0.014,-0.043,-17.239
8.958,takeoff,0.015,-0.041,-17.333
8.992,takeoff,0.016,-0.038,-17.451
9.026,takeoff,0.017,-0.035,-17.545
9.058,takeoff,0.019,-0.032,-17.639
9.092,takeoff,0.020,-0.029,-17.733
9.126,takeoff,0.021,-0.027,-17.827
9.158,takeoff,0.023,-0.024,-17.921
9.192,takeoff,0.024,-0.021,-18.039
9.226,takeoff,0.025,-0.018,-18.133
9.259,takeoff,0.027,-0.015,-18.228
9.293,takeoff,0.028,-0.013,-18.322
9.327,takeoff,0.029,-0.010,-18.417
9.359,takeoff,0.030,-0.008,-18.511
9.393,takeoff,0.031,-0.004,-18.629
9.427,takeoff,0.031,-0.002,-18.724
9.459,takeoff,0.032,0.001,-18.818
9.493,takeoff,0.032,0.003,-18.913
9.527,takeoff,0.032,0.005,-19.007
9.559,takeoff,0.032,0.008,-19.101
9.593,takeoff,0.031,0.011,-19.219
9.627,takeoff,0.031,0.013,-19.314
9.659,takeoff,0.031,0.015,-19.408
9.693,takeoff,0.030,0.018,-19.502
9.727,takeoff,0.029,0.020,-19.597
9.760,takeoff,0.029,0.023,-19.691
9.794,takeoff,0.028,0.026,-19.809
9.828,takeoff,0.027,0.028,-19.903
9.861,takeoff,0.026,0.030,-19.998
9.895,takeoff,0.025,0.032,-20.092
9.929,takeoff,0.024,0.035,-20.186
9.961,takeoff,0.023,0.037,-20.281
9.995,takeoff,0.021,0.040,-20.399
10.029,takeoff,0.020,0.042,-20.493
10.061,takeoff,0.018,0.044,-20.588
10.095,takeoff,0.016,0.046,-20.682
10.129,takeoff,0.015,0.048,-20.777
10.161,takeoff,0.013,0.050,-20.872
10.195,takeoff,0.010,0.053,-20.990
10.229,takeoff,0.008,0.055,-21.085
10.262,takeoff,0.005,0.057,-21.180
10.295,takeoff,0.003,0.058,-21.275
10.329,takeoff,0.000,0.060,-21.371
10.361,takeoff,-0.002,0.061,-21.466
10.395,takeoff,-0.005,0.063,-21.585
10.429,takeoff,-0.008,0.064,-21.680
10.461,takeoff,-0.011,0.064,-21.776
10.495,takeoff,-0.013,0.065,-21.871
10.529,takeoff,-0.016,0.065,-21.966
10.561,takeoff,-0.018,0.065,-22.062
10.595,takeoff,-0.021,0.065,-22.181
10.630,takeoff,-0.024,0.065,-22.276
10.661,takeoff,-0.026,0.065,-22.372
10.695,takeoff,-0.028,0.064,-22.467
10.729,takeoff,-0.031,0.064,-22.563
10.762,takeoff,-0.033,0.063,-22.659
10.796,takeoff,-0.036,0.062,-22.778
10.829,takeoff,-0.038,0.061,-22.874
10.861,takeoff,-0.040,0.060,-22.969
10.895,takeoff,-0.042,0.059,-23.065
10.929,takeoff,-0.044,0.058,-23.161
10.961,takeoff,-0.046,0.056,-23.256
10.995,takeoff,-0.048,0.054,-23.376
11.029,takeoff,-0.049,0.052,-23.471
11.061,takeoff,-0.050,0.050,-23.567
11.095,takeoff,-0.052,0.048,-23.663
11.129,takeoff,-0.053,0.046,-23.759
11.161,takeoff,-0.054,0.044,-23.854
11.195,takeoff,-0.056,0.041,-23.974
11.229,takeoff,-0.057,0.039,-24.070
11.262,takeoff,-0.058,0.037,-24.166
11.295,takeoff,-0.059,0.034,-24.261
11.329,takeoff,-0.061,0.032,-24.357
11.361,takeoff,-0.062,0.029,-24.453
11.395,takeoff,-0.063,0.026,-24.572
11.429,takeoff,-0.064,0.023,-24.668
11.462,takeoff,-0.065,0.021,-24.763
11.495,takeoff,-0.066,0.018,-24.859
11.529,takeoff,-0.067,0.016,-24.954
11.562,takeoff,-0.067,0.013,-25.049
11.595,takeoff,-0.068,0.010,-25.168
11.630,takeoff,-0.069,0.008,-25.263
11.661,takeoff,-0.069,0.005,-25.358
11.695,takeoff,-0.069,0.002,-25.454
11.729,takeoff,-0.069,-0.001,-25.549
11.762,takeoff,-0.069,-0.004,-25.644
11.795,takeoff,-0.069,-0.007,-25.763
11.829,takeoff,-0.069,-0.010,-25.858
11.862,takeoff,-0.068,-0.013,-25.953
11.895,takeoff,-0.067,-0.016,-26.049
11.929,takeoff,-0.067,-0.019,-26.144
11.962,takeoff,-0.066,-0.021,-26.239
11.995,takeoff,-0.064,-0.025,-26.358
12.029,takeoff,-0.063,-0.027,-26.454
12.062,takeoff,-0.062,-0.030,-26.549
12.095,takeoff,-0.061,-0.032,-26.645
12.129,takeoff,-0.060,-0.034,-26.740
12.162,takeoff,-0.059,-0.036,-26.836
12.195,takeoff,-0.058,-0.039,-26.955
12.229,takeoff,-0.057,-0.040,-27.051
12.262,takeoff,-0.057,-0.042,-27.147
12.296,takeoff,-0.056,-0.043,-27.242
12.329,takeoff,-0.055,-0.044,-27.337
12.361,takeoff,-0.055,-0.045,-27.430
12.395,takeoff,-0.054,-0.047,-27.543
12.429,takeoff,-0.054,-0.048,-27.632
12.463,takeoff,-0.053,-0.048,-27.718
12.496,takeoff,-0.053,-0.049,-27.801
12.531,takeoff,-0.052,-0.049,-27.881
12.563,takeoff,-0.052,-0.050,-27.958
12.596,takeoff,-0.052,-0.050,-28.051
12.631,takeoff,-0.051,-0.050,-28.121
12.663,takeoff,-0.051,-0.050,-28.188
12.696,takeoff,-0.050,-0.050,-28.253
12.732,takeoff,-0.050,-0.049,-28.314
12.764,takeoff,-0.049,-0.049,-28.373
12.798,takeoff,-0.048,-0.048,-28.443
12.832,takeoff,-0.047,-0.047,-28.496
12.864,takeoff,-0.047,-0.046,-28.547
12.898,waypoint_1,-0.046,-0.046,-28.595
12.932,waypoint_1,-0.045,-0.044,-28.641
12.965,waypoint_1,-0.044,-0.043,-28.685
12.999,waypoint_1,-0.043,-0.042,-28.739
13.033,waypoint_1,-0.041,-0.041,-28.782
13.065,waypoint_1,-0.040,-0.040,-28.825
13.099,waypoint_1,-0.039,-0.039,-28.867
13.133,waypoint_1,-0.037,-0.041,-28.909
13.165,waypoint_1,-0.037,-0.044,-28.949
13.199,waypoint_1,-0.036,-0.051,-28.998
13.233,waypoint_1,-0.037,-0.060,-29.035
13.265,waypoint_1,-0.039,-0.072,-29.070
13.299,waypoint_1,-0.042,-0.087,-29.102
13.333,waypoint_1,-0.046,-0.106,-29.133
13.365,waypoint_1,-0.052,-0.128,-29.161
13.399,waypoint_1,-0.062,-0.162,-29.194
13.433,waypoint_1,-0.072,-0.193,-29.218
13.466,waypoint_1,-0.084,-0.227,-29.240
13.500,waypoint_1,-0.099,-0.266,-29.261
13.534,waypoint_1,-0.115,-0.307,-29.280
13.566,waypoint_1,-0.135,-0.353,-29.297
13.600,waypoint_1,-0.162,-0.413,-29.318
13.634,waypoint_1,-0.187,-0.465,-29.333
13.666,waypoint_1,-0.214,-0.520,-29.348
13.700,waypoint_1,-0.245,-0.577,-29.362
13.734,waypoint_1,-0.278,-0.636,-29.375
13.766,waypoint_1,-0.315,-0.697,-29.388
13.800,waypoint_1,-0.364,-0.775,-29.404
13.834,waypoint_1,-0.406,-0.840,-29.416
13.866,waypoint_1,-0.450,-0.906,-29.428
13.900,waypoint_1,-0.496,-0.973,-29.440
13.934,waypoint_1,-0.544,-1.042,-29.452
13.966,waypoint_1,-0.593,-1.111,-29.464
14.000,waypoint_1,-0.656,-1.200,-29.478
14.034,waypoint_1,-0.707,-1.272,-29.489
14.066,waypoint_1,-0.759,-1.346,-29.500
14.100,waypoint_1,-0.810,-1.420,-29.511
14.134,waypoint_1,-0.861,-1.496,-29.522
14.166,waypoint_1,-0.912,-1.573,-29.533
14.200,waypoint_1,-0.974,-1.670,-29.546
14.234,waypoint_1,-1.023,-1.749,-29.556
14.266,waypoint_1,-1.071,-1.829,-29.565
14.300,waypoint_1,-1.118,-1.910,-29.575
14.334,waypoint_1,-1.163,-1.992,-29.584
14.367,waypoint_1,-1.208,-2.075,-29.593
14.401,waypoint_1,-1.261,-2.180,-29.604
14.435,waypoint_1,-1.302,-2.264,-29.612
14.467,waypoint_1,-1.342,-2.350,-29.620
14.501,waypoint_1,-1.381,-2.435,-29.628
14.535,waypoint_1,-1.418,-2.522,-29.635
14.567,waypoint_1,-1.455,-2.609,-29.642
14.601,waypoint_1,-1.499,-2.718,-29.652
14.635,waypoint_1,-1.533,-2.806,-29.659
14.667,waypoint_1,-1.566,-2.894,-29.666
14.701,waypoint_1,-1.599,-2.983,-29.672
14.735,waypoint_1,-1.631,-3.072,-29.679
14.767,waypoint_1,-1.662,-3.161,-29.686
14.801,waypoint_1,-1.700,-3.273,-29.694
14.835,waypoint_1,-1.730,-3.363,-29.701
14.867,waypoint_1,-1.759,-3.453,-29.707
14.901,waypoint_1,-1.788,-3.543,-29.714
14.935,waypoint_1,-1.817,-3.633,-29.720
14.967,waypoint_1,-1.845,-3.724,-29.726
15.001,waypoint_1,-1.880,-3.837,-29.733
15.035,waypoint_1,-1.908,-3.927,-29.739
15.067,waypoint_1,-1.936,-4.018,-29.745
15.101,waypoint_1,-1.963,-4.109,-29.750
15.135,waypoint_1,-1.990,-4.200,-29.756
15.167,waypoint_1,-2.017,-4.292,-29.761
15.201,waypoint_1,-2.051,-4.406,-29.767
15.235,waypoint_1,-2.077,-4.497,-29.772
15.267,waypoint_1,-2.104,-4.589,-29.776
15.301,waypoint_1,-2.131,-4.680,-29.781
15.335,waypoint_1,-2.157,-4.771,-29.785
15.367,waypoint_1,-2.184,-4.863,-29.789
15.401,waypoint_1,-2.217,-4.977,-29.794
15.435,waypoint_1,-2.243,-5.068,-29.798
15.467,waypoint_1,-2.270,-5.160,-29.801
15.501,waypoint_1,-2.296,-5.251,-29.805
15.535,waypoint_1,-2.323,-5.343,-29.808
15.567,waypoint_1,-2.349,-5.435,-29.812
15.601,waypoint_1,-2.382,-5.549,-29.816
15.635,waypoint_1,-2.408,-5.641,-29.819
15.668,waypoint_1,-2.434,-5.733,-29.822
15.702,waypoint_1,-2.460,-5.825,-29.825
15.736,waypoint_1,-2.486,-5.917,-29.828
15.768,waypoint_1,-2.512,-6.008,-29.832
15.802,waypoint_1,-2.545,-6.123,-29.835
15.836,waypoint_1,-2.570,-6.215,-29.838
15.868,waypoint_1,-2.596,-6.307,-29.841
15.902,waypoint_1,-2.622,-6.399,-29.844
15.936,waypoint_1,-2.647,-6.491,-29.847
15.968,waypoint_1,-2.673,-6.583,-29.849
16.002,waypoint_1,-2.705,-6.698,-29.853
16.036,waypoint_1,-2.730,-6.790,-29.856
16.068,waypoint_1,-2.756,-6.882,-29.859
16.102,waypoint_1,-2.781,-6.974,-29.861
16.136,waypoint_1,-2.807,-7.066,-29.864
16.168,waypoint_1,-2.832,-7.158,-29.867
16.202,waypoint_1,-2.864,-7.274,-29.870
16.236,waypoint_1,-2.890,-7.366,-29.873
16.268,waypoint_1,-2.916,-7.458,-29.875
16.302,waypoint_1,-2.941,-7.551,-29.878
16.336,waypoint_1,-2.967,-7.643,-29.880
16.368,waypoint_1,-2.993,-7.735,-29.883
16.402,waypoint_1,-3.025,-7.851,-29.886
16.436,waypoint_1,-3.051,-7.943,-29.888
16.468,waypoint_1,-3.076,-8.036,-29.890
16.502,waypoint_1,-3.102,-8.128,-29.893
16.536,waypoint_1,-3.128,-8.221,-29.895
16.568,waypoint_1,-3.154,-8.314,-29.897
16.602,waypoint_1,-3.185,-8.430,-29.900
16.637,waypoint_1,-3.211,-8.523,-29.902
16.669,waypoint_1,-3.236,-8.617,-29.904
16.703,waypoint_1,-3.262,-8.710,-29.907
16.737,waypoint_1,-3.287,-8.803,-29.909
16.769,waypoint_1,-3.312,-8.896,-29.911
16.803,waypoint_1,-3.344,-9.013,-29.914
16.837,waypoint_1,-3.369,-9.107,-29.916
16.870,waypoint_1,-3.394,-9.200,-29.918
16.903,waypoint_1,-3.419,-9.293,-29.920
16.937,waypoint_1,-3.444,-9.387,-29.922
16.969,waypoint_1,-3.469,-9.480,-29.924
17.003,waypoint_1,-3.501,-9.597,-29.926
17.037,waypoint_1,-3.526,-9.691,-29.928
17.069,waypoint_1,-3.551,-9.785,-29.930
17.103,waypoint_1,-3.577,-9.878,-29.932
17.137,waypoint_1,-3.602,-9.972,-29.934
17.169,waypoint_1,-3.628,-10.065,-29.936
17.203,waypoint_1,-3.660,-10.182,-29.937
17.237,waypoint_1,-3.685,-10.276,-29.939
17.269,waypoint_1,-3.711,-10.370,-29.940
17.303,waypoint_1,-3.736,-10.464,-29.942
17.337,waypoint_1,-3.762,-10.558,-29.943
17.369,waypoint_1,-3.787,-10.651,-29.945
17.403,waypoint_1,-3.819,-10.769,-29.946
17.437,waypoint_1,-3.844,-10.863,-29.947
17.470,waypoint_1,-3.869,-10.957,-29.949
17.503,waypoint_1,-3.894,-11.052,-29.950
17.537,waypoint_1,-3.919,-11.147,-29.951
17.569,waypoint_1,-3.944,-11.241,-29.952
17.603,waypoint_1,-3.975,-11.360,-29.953
17.637,waypoint_1,-4.000,-11.455,-29.954
17.669,waypoint_1,-4.025,-11.550,-29.955
17.703,waypoint_1,-4.050,-11.645,-29.956
17.737,waypoint_1,-4.075,-11.740,-29.957
17.769,waypoint_1,-4.100,-11.836,-29.958
17.803,waypoint_1,-4.131,-11.955,-29.959
17.838,waypoint_1,-4.156,-12.050,-29.960
17.869,waypoint_1,-4.181,-12.145,-29.961
17.903,waypoint_1,-4.205,-12.240,-29.962
17.937,waypoint_1,-4.230,-12.335,-29.963
17.969,waypoint_1,-4.255,-12.430,-29.964
18.003,waypoint_1,-4.286,-12.550,-29.965
18.037,waypoint_1,-4.311,-12.645,-29.965
18.069,waypoint_1,-4.336,-12.740,-29.966
18.103,waypoint_1,-4.361,-12.836,-29.967
18.137,waypoint_1,-4.386,-12.931,-29.967
18.169,waypoint_1,-4.411,-13.026,-29.968
18.203,waypoint_1,-4.442,-13.145,-29.969
18.237,waypoint_1,-4.467,-13.240,-29.969
18.269,waypoint_1,-4.492,-13.334,-29.969
18.303,waypoint_1,-4.516,-13.429,-29.970
18.337,waypoint_1,-4.541,-13.524,-29.970
18.371,waypoint_1,-4.566,-13.618,-29.971
18.405,waypoint_1,-4.597,-13.736,-29.971
18.439,waypoint_1,-4.621,-13.831,-29.972
18.471,waypoint_1,-4.646,-13.925,-29.972
18.504,waypoint_1,-4.671,-14.020,-29.973
18.539,waypoint_1,-4.695,-14.114,-29.973
18.571,waypoint_1,-4.720,-14.209,-29.974
18.604,waypoint_1,-4.751,-14.327,-29.974
18.639,waypoint_1,-4.776,-14.422,-29.975
18.671,waypoint_1,-4.801,-14.517,-29.975
18.705,waypoint_1,-4.826,-14.611,-29.976
18.739,waypoint_1,-4.851,-14.706,-29.976
18.771,waypoint_1,-4.875,-14.800,-29.976
18.805,waypoint_1,-4.907,-14.918,-29.977
18.839,waypoint_1,-4.931,-15.013,-29.977
18.872,waypoint_1,-4.956,-15.107,-29.978
18.906,waypoint_1,-4.981,-15.201,-29.978
18.940,waypoint_1,-5.006,-15.296,-29.978
18.973,waypoint_1,-5.031,-15.390,-29.978
19.007,waypoint_1,-5.062,-15.508,-29.979
19.041,waypoint_1,-5.088,-15.602,-29.979
19.078,waypoint_1,-5.113,-15.696,-29.979
19.112,waypoint_1,-5.139,-15.790,-29.979
19.147,waypoint_1,-5.164,-15.885,-29.979
19.179,waypoint_1,-5.190,-15.979,-29.979
19.213,waypoint_1,-5.222,-16.097,-29.979
19.247,waypoint_1,-5.248,-16.191,-29.979
19.279,waypoint_1,-5.273,-16.285,-29.979
19.313,waypoint_1,-5.299,-16.379,-29.980
19.347,waypoint_1,-5.325,-16.474,-29.980
19.379,waypoint_1,-5.351,-16.568,-29.980
19.413,waypoint_1,-5.383,-16.686,-29.980
19.447,waypoint_1,-5.409,-16.780,-29.981
19.479,waypoint_1,-5.435,-16.874,-29.981
19.513,waypoint_1,-5.461,-16.968,-29.981
19.547,waypoint_1,-5.487,-17.062,-29.982
19.579,waypoint_1,-5.512,-17.156,-29.982
19.613,waypoint_1,-5.544,-17.274,-29.983
19.647,waypoint_1,-5.570,-17.368,-29.983
19.679,waypoint_1,-5.596,-17.462,-29.983
19.713,waypoint_1,-5.622,-17.556,-29.984
19.747,waypoint_1,-5.647,-17.649,-29.984
19.779,waypoint_1,-5.673,-17.743,-29.984
19.813,waypoint_1,-5.705,-17.860,-29.985
19.847,waypoint_1,-5.730,-17.954,-29.985
19.879,waypoint_1,-5.756,-18.048,-29.985
19.913,waypoint_1,-5.782,-18.142,-29.985
19.947,waypoint_1,-5.808,-18.236,-29.985
19.979,waypoint_1,-5.834,-18.330,-29.985
20.013,waypoint_1,-5.866,-18.448,-29.985
20.047,waypoint_1,-5.892,-18.542,-29.985
20.079,waypoint_1,-5.918,-18.636,-29.986
20.113,waypoint_1,-5.944,-18.731,-29.986
20.147,waypoint_1,-5.970,-18.825,-29.986
20.179,waypoint_1,-5.996,-18.919,-29.986
20.213,waypoint_1,-6.028,-19.038,-29.986
20.247,waypoint_1,-6.054,-19.132,-29.987
20.279,waypoint_1,-6.080,-19.226,-29.987
20.313,waypoint_1,-6.107,-19.321,-29.988
20.347,waypoint_1,-6.133,-19.416,-29.988
20.379,waypoint_1,-6.159,-19.510,-29.989
20.413,waypoint_1,-6.192,-19.629,-29.989
20.447,waypoint_1,-6.218,-19.723,-29.990
20.479,waypoint_1,-6.245,-19.818,-29.990
20.513,waypoint_1,-6.271,-19.913,-29.991
20.547,waypoint_1,-6.297,-20.008,-29.991
20.580,waypoint_1,-6.324,-20.103,-29.992
20.614,waypoint_1,-6.357,-20.222,-29.992
20.648,waypoint_1,-6.383,-20.317,-29.992
20.680,waypoint_1,-6.410,-20.412,-29.992
20.714,waypoint_1,-6.436,-20.507,-29.993
20.748,waypoint_1,-6.463,-20.602,-29.993
20.780,waypoint_1,-6.489,-20.697,-29.993
20.814,waypoint_1,-6.522,-20.816,-29.993
20.848,waypoint_1,-6.548,-20.911,-29.993
20.880,waypoint_1,-6.574,-21.006,-29.993
20.914,waypoint_1,-6.601,-21.101,-29.993
20.948,waypoint_1,-6.627,-21.195,-29.993
20.980,waypoint_1,-6.653,-21.290,-29.993
21.014,waypoint_1,-6.686,-21.409,-29.993
21.048,waypoint_1,-6.712,-21.504,-29.993
21.080,waypoint_1,-6.738,-21.598,-29.993
21.114,waypoint_1,-6.764,-21.693,-29.993
21.148,waypoint_1,-6.791,-21.788,-29.993
21.180,waypoint_1,-6.817,-21.882,-29.994
21.214,waypoint_1,-6.850,-22.001,-29.994
21.248,waypoint_1,-6.876,-22.096,-29.994
21.280,waypoint_1,-6.903,-22.190,-29.995
21.314,waypoint_1,-6.929,-22.285,-29.995
21.348,waypoint_1,-6.956,-22.379,-29.995
21.380,waypoint_1,-6.982,-22.474,-29.995
21.414,waypoint_1,-7.015,-22.592,-29.996
21.448,waypoint_1,-7.042,-22.686,-29.996
21.480,waypoint_1,-7.069,-22.780,-29.996
21.514,waypoint_1,-7.095,-22.874,-29.996
21.548,waypoint_1,-7.122,-22.968,-29.996
21.580,waypoint_1,-7.148,-23.062,-29.995
21.614,waypoint_1,-7.182,-23.180,-29.995
21.648,waypoint_1,-7.208,-23.273,-29.995
21.680,waypoint_1,-7.235,-23.367,-29.995
21.714,waypoint_1,-7.262,-23.460,-29.995
21.748,waypoint_1,-7.288,-23.554,-29.995
21.780,waypoint_1,-7.315,-23.647,-29.995
21.814,waypoint_1,-7.348,-23.764,-29.995
21.848,waypoint_1,-7.374,-23.857,-29.995
21.880,waypoint_1,-7.401,-23.951,-29.995
21.914,waypoint_1,-7.427,-24.044,-29.996
21.948,waypoint_1,-7.453,-24.137,-29.996
21.980,waypoint_1,-7.479,-24.231,-29.996
22.014,waypoint_1,-7.512,-24.347,-29.996
22.048,waypoint_1,-7.539,-24.441,-29.996
22.080,waypoint_1,-7.566,-24.534,-29.997
22.114,waypoint_1,-7.592,-24.627,-29.997
22.148,waypoint_1,-7.619,-24.721,-29.997
22.180,waypoint_1,-7.646,-24.814,-29.997
22.214,waypoint_1,-7.680,-24.931,-29.997
22.248,waypoint_1,-7.707,-25.024,-29.997
22.280,waypoint_1,-7.734,-25.118,-29.998
22.314,waypoint_1,-7.761,-25.211,-29.998
22.348,waypoint_1,-7.788,-25.305,-29.998
22.380,waypoint_1,-7.816,-25.399,-29.998
22.414,waypoint_1,-7.850,-25.516,-29.997
22.448,waypoint_1,-7.878,-25.609,-29.997
22.480,waypoint_1,-7.905,-25.703,-29.997
22.514,waypoint_1,-7.933,-25.797,-29.997
22.548,waypoint_1,-7.961,-25.890,-29.997
22.580,waypoint_1,-7.989,-25.984,-29.996
22.614,waypoint_1,-8.023,-26.101,-29.996
22.648,waypoint_1,-8.051,-26.195,-29.995
22.680,waypoint_1,-8.079,-26.289,-29.994
22.714,waypoint_1,-8.106,-26.383,-29.993
22.748,waypoint_1,-8.134,-26.477,-29.993
22.780,waypoint_1,-8.161,-26.571,-29.992
22.814,waypoint_1,-8.195,-26.688,-29.991
22.848,waypoint_1,-8.222,-26.782,-29.990
22.880,waypoint_1,-8.249,-26.876,-29.990
22.914,waypoint_1,-8.276,-26.970,-29.989
22.948,waypoint_1,-8.302,-27.064,-29.989
22.980,waypoint_1,-8.329,-27.158,-29.988
23.014,waypoint_1,-8.363,-27.276,-29.988
23.048,waypoint_1,-8.389,-27.370,-29.988
23.080,waypoint_1,-8.416,-27.464,-29.988
23.114,waypoint_1,-8.443,-27.558,-29.987
23.149,waypoint_1,-8.469,-27.652,-29.987
23.180,waypoint_1,-8.496,-27.746,-29.987
23.214,waypoint_1,-8.529,-27.864,-29.987
23.248,waypoint_1,-8.555,-27.958,-29.987
23.280,waypoint_1,-8.582,-28.052,-29.987
23.314,waypoint_1,-8.608,-28.145,-29.988
23.348,waypoint_1,-8.635,-28.239,-29.988
23.380,waypoint_1,-8.661,-28.333,-29.988
23.414,waypoint_1,-8.694,-28.450,-29.989
23.448,waypoint_1,-8.721,-28.543,-29.989
23.480,waypoint_1,-8.747,-28.637,-29.989
23.514,waypoint_1,-8.773,-28.730,-29.990
23.548,waypoint_1,-8.800,-28.824,-29.990
23.580,waypoint_1,-8.826,-28.917,-29.990
23.614,waypoint_1,-8.859,-29.034,-29.990
23.648,waypoint_1,-8.886,-29.127,-29.990
23.680,waypoint_1,-8.912,-29.220,-29.991
23.714,waypoint_1,-8.939,-29.313,-29.991
23.748,waypoint_1,-8.965,-29.406,-29.991
23.780,waypoint_1,-8.992,-29.499,-29.991
23.814,waypoint_1,-9.025,-29.615,-29.992
23.848,waypoint_1,-9.051,-29.707,-29.992
23.880,waypoint_1,-9.078,-29.800,-29.992
23.914,waypoint_1,-9.104,-29.892,-29.992
23.948,waypoint_1,-9.131,-29.984,-29.992
23.981,waypoint_1,-9.157,-30.076,-29.993
24.014,waypoint_1,-9.190,-30.191,-29.993
24.048,waypoint_1,-9.216,-30.283,-29.993
24.080,waypoint_1,-9.242,-30.375,-29.993
24.114,waypoint_1,-9.269,-30.466,-29.993
24.148,waypoint_1,-9.295,-30.558,-29.993
24.180,waypoint_1,-9.321,-30.650,-29.993
24.214,waypoint_1,-9.354,-30.764,-29.993
24.248,waypoint_1,-9.381,-30.856,-29.993
24.280,waypoint_1,-9.407,-30.947,-29.993
24.314,waypoint_1,-9.434,-31.038,-29.993
24.348,waypoint_1,-9.460,-31.130,-29.993
24.380,waypoint_1,-9.487,-31.221,-29.993
24.414,waypoint_1,-9.520,-31.335,-29.993
24.448,waypoint_1,-9.547,-31.426,-29.993
24.480,waypoint_1,-9.573,-31.517,-29.993
24.514,waypoint_1,-9.600,-31.609,-29.993
24.548,waypoint_1,-9.627,-31.700,-29.994
24.580,waypoint_1,-9.653,-31.791,-29.994
24.614,waypoint_1,-9.687,-31.905,-29.994
24.648,waypoint_1,-9.713,-31.996,-29.994
24.680,waypoint_1,-9.740,-32.087,-29.994
24.714,waypoint_1,-9.767,-32.178,-29.994
24.748,waypoint_1,-9.794,-32.270,-29.994
24.780,waypoint_1,-9.821,-32.361,-29.995
24.814,waypoint_1,-9.854,-32.474,-29.995
24.848,waypoint_1,-9.881,-32.566,-29.995
24.880,waypoint_1,-9.908,-32.657,-29.995
24.914,waypoint_1,-9.935,-32.748,-29.995
24.948,waypoint_1,-9.962,-32.840,-29.995
24.980,waypoint_1,-9.989,-32.931,-29.995
25.014,waypoint_1,-10.023,-33.045,-29.995
25.048,waypoint_1,-10.049,-33.137,-29.995
25.080,waypoint_1,-10.076,-33.228,-29.995
25.114,waypoint_1,-10.103,-33.320,-29.995
25.148,waypoint_1,-10.129,-33.412,-29.995
25.180,waypoint_1,-10.156,-33.504,-29.995
25.214,waypoint_1,-10.190,-33.619,-29.995
25.248,waypoint_1,-10.217,-33.712,-29.994
25.281,waypoint_1,-10.244,-33.804,-29.994
25.315,waypoint_1,-10.271,-33.896,-29.993
25.349,waypoint_1,-10.298,-33.989,-29.993
25.381,waypoint_1,-10.325,-34.081,-29.992
25.415,waypoint_1,-10.359,-34.197,-29.991
25.451,waypoint_1,-10.386,-34.289,-29.990
25.483,waypoint_1,-10.413,-34.382,-29.989
25.517,waypoint_1,-10.440,-34.474,-29.989
25.552,waypoint_1,-10.466,-34.566,-29.988
25.584,waypoint_1,-10.493,-34.658,-29.987
25.618,waypoint_1,-10.527,-34.773,-29.986
25.652,waypoint_1,-10.554,-34.865,-29.986
25.684,waypoint_1,-10.581,-34.957,-29.985
25.718,waypoint_1,-10.608,-35.049,-29.985
25.752,waypoint_1,-10.635,-35.142,-29.985
25.784,waypoint_1,-10.662,-35.234,-29.984
25.818,waypoint_1,-10.696,-35.349,-29.984
25.852,waypoint_1,-10.723,-35.442,-29.984
25.884,waypoint_1,-10.749,-35.534,-29.984
25.918,waypoint_1,-10.776,-35.626,-29.984
25.952,waypoint_1,-10.803,-35.719,-29.983
25.984,waypoint_1,-10.830,-35.811,-29.983
26.018,waypoint_1,-10.864,-35.927,-29.983
26.052,waypoint_1,-10.891,-36.019,-29.983
26.084,waypoint_1,-10.918,-36.111,-29.983
26.118,waypoint_1,-10.945,-36.203,-29.983
26.152,waypoint_1,-10.971,-36.295,-29.983
26.184,waypoint_1,-10.998,-36.388,-29.983
26.218,waypoint_1,-11.032,-36.503,-29.983
26.252,waypoint_1,-11.058,-36.595,-29.984
26.284,waypoint_1,-11.085,-36.687,-29.984
26.318,waypoint_1,-11.112,-36.779,-29.984
26.352,waypoint_1,-11.139,-36.871,-29.984
26.384,waypoint_1,-11.166,-36.963,-29.984
26.418,waypoint_1,-11.200,-37.078,-29.985
26.452,waypoint_1,-11.228,-37.170,-29.985
26.484,waypoint_1,-11.255,-37.262,-29.985
26.518,waypoint_1,-11.282,-37.354,-29.985
26.552,waypoint_1,-11.309,-37.446,-29.986
26.584,waypoint_1,-11.337,-37.538,-29.986
26.618,waypoint_1,-11.371,-37.653,-29.986
26.652,waypoint_1,-11.398,-37.746,-29.987
26.684,waypoint_1,-11.425,-37.838,-29.987
26.718,waypoint_1,-11.453,-37.930,-29.987
26.752,waypoint_1,-11.480,-38.022,-29.987
26.784,waypoint_1,-11.508,-38.115,-29.988
26.818,waypoint_1,-11.542,-38.230,-29.988
26.852,waypoint_1,-11.570,-38.322,-29.988
26.884,waypoint_1,-11.597,-38.414,-29.988
26.918,waypoint_1,-11.625,-38.507,-29.988
26.952,waypoint_1,-11.652,-38.599,-29.989
26.984,waypoint_1,-11.680,-38.691,-29.989
27.018,waypoint_1,-11.714,-38.806,-29.989
27.052,waypoint_1,-11.742,-38.898,-29.990
27.084,waypoint_1,-11.769,-38.990,-29.990
27.118,waypoint_1,-11.797,-39.082,-29.991
27.152,waypoint_1,-11.824,-39.174,-29.991
27.184,waypoint_1,-11.851,-39.265,-29.992
27.218,waypoint_1,-11.885,-39.380,-29.993
27.252,waypoint_1,-11.913,-39.472,-29.994
27.284,waypoint_1,-11.940,-39.563,-29.995
27.318,waypoint_1,-11.967,-39.655,-29.996
27.352,waypoint_1,-11.994,-39.747,-29.997
27.384,waypoint_1,-12.021,-39.838,-29.998
27.418,waypoint_1,-12.054,-39.953,-29.999
27.452,waypoint_1,-12.082,-40.044,-30.000
27.484,waypoint_1,-12.109,-40.136,-30.001
27.518,waypoint_1,-12.136,-40.227,-30.002
27.552,waypoint_1,-12.163,-40.319,-30.003
27.584,waypoint_1,-12.190,-40.411,-30.004
27.618,waypoint_1,-12.224,-40.525,-30.005
27.652,waypoint_1,-12.251,-40.617,-30.005
27.684,waypoint_1,-12.278,-40.708,-30.006
27.718,waypoint_1,-12.305,-40.800,-30.006
27.752,waypoint_1,-12.332,-40.892,-30.006
27.784,waypoint_1,-12.360,-40.983,-30.007
27.818,waypoint_1,-12.394,-41.098,-30.007
27.852,waypoint_1,-12.421,-41.190,-30.007
27.884,waypoint_1,-12.449,-41.282,-30.007
27.918,waypoint_1,-12.476,-41.373,-30.007
27.952,waypoint_1,-12.504,-41.465,-30.007
27.984,waypoint_1,-12.531,-41.557,-30.007
28.018,waypoint_1,-12.566,-41.671,-30.007
28.052,waypoint_1,-12.593,-41.763,-30.007
28.084,waypoint_1,-12.620,-41.855,-30.007
28.118,waypoint_1,-12.648,-41.946,-30.007
28.152,waypoint_1,-12.675,-42.038,-30.007
28.184,waypoint_1,-12.702,-42.130,-30.007
28.218,waypoint_1,-12.735,-42.244,-30.007
28.252,waypoint_1,-12.762,-42.336,-30.007
28.284,waypoint_1,-12.789,-42.427,-30.006
28.318,waypoint_1,-12.816,-42.519,-30.006
28.352,waypoint_1,-12.842,-42.610,-30.006
28.384,waypoint_1,-12.869,-42.702,-30.005
28.418,waypoint_1,-12.902,-42.816,-30.005
28.452,waypoint_1,-12.929,-42.907,-30.005
28.484,waypoint_1,-12.956,-42.998,-30.004
28.518,waypoint_1,-12.982,-43.089,-30.004
28.552,waypoint_1,-13.009,-43.180,-30.004
28.584,waypoint_1,-13.036,-43.272,-30.003
28.618,waypoint_1,-13.069,-43.385,-30.003
28.652,waypoint_1,-13.095,-43.476,-30.003
28.684,waypoint_1,-13.122,-43.567,-30.002
28.718,waypoint_1,-13.149,-43.658,-30.002
28.752,waypoint_1,-13.176,-43.749,-30.002
28.784,waypoint_1,-13.202,-43.839,-30.002
28.818,waypoint_1,-13.236,-43.953,-30.002
28.852,waypoint_1,-13.263,-44.044,-30.002
28.884,waypoint_1,-13.290,-44.134,-30.001
28.918,waypoint_1,-13.317,-44.225,-30.001
28.952,waypoint_1,-13.344,-44.316,-30.001
28.984,waypoint_1,-13.371,-44.407,-30.001
29.018,waypoint_1,-13.405,-44.521,-30.001
29.052,waypoint_1,-13.432,-44.612,-30.001
29.084,waypoint_1,-13.459,-44.703,-30.000
29.118,waypoint_1,-13.486,-44.795,-30.000
29.153,waypoint_1,-13.513,-44.886,-30.000
29.185,waypoint_1,-13.541,-44.977,-29.999
29.219,waypoint_1,-13.575,-45.092,-29.999
29.253,waypoint_1,-13.602,-45.183,-29.998
29.285,waypoint_1,-13.630,-45.275,-29.998
29.319,waypoint_1,-13.657,-45.366,-29.997
29.353,waypoint_1,-13.684,-45.458,-29.997
29.385,waypoint_1,-13.712,-45.550,-29.997
29.419,waypoint_1,-13.746,-45.665,-29.996
29.453,waypoint_1,-13.773,-45.757,-29.996
29.485,waypoint_1,-13.800,-45.849,-29.995
29.519,waypoint_1,-13.827,-45.941,-29.995
29.553,waypoint_1,-13.854,-46.034,-29.994
29.585,waypoint_1,-13.881,-46.126,-29.994
29.619,waypoint_1,-13.915,-46.241,-29.994
29.653,waypoint_1,-13.941,-46.334,-29.993
29.685,waypoint_1,-13.968,-46.426,-29.993
29.719,waypoint_1,-13.994,-46.519,-29.993
29.753,waypoint_1,-14.021,-46.612,-29.993
29.785,waypoint_1,-14.047,-46.704,-29.993
29.819,waypoint_1,-14.080,-46.820,-29.993
29.853,waypoint_1,-14.106,-46.913,-29.992
29.885,waypoint_1,-14.132,-47.006,-29.992
29.919,waypoint_1,-14.159,-47.098,-29.992
29.953,waypoint_1,-14.185,-47.191,-29.992
29.985,waypoint_1,-14.211,-47.284,-29.992
30.019,waypoint_1,-14.243,-47.400,-29.992
30.053,waypoint_1,-14.269,-47.493,-29.992
30.085,waypoint_1,-14.295,-47.586,-29.992
30.119,waypoint_1,-14.321,-47.678,-29.992
30.153,waypoint_1,-14.347,-47.771,-29.992
30.185,waypoint_1,-14.373,-47.864,-29.992
30.219,waypoint_1,-14.405,-47.979,-29.992
30.253,waypoint_1,-14.430,-48.072,-29.992
30.285,waypoint_1,-14.456,-48.164,-29.992
30.319,waypoint_1,-14.482,-48.257,-29.992
30.353,waypoint_1,-14.508,-48.349,-29.992
30.385,waypoint_1,-14.533,-48.442,-29.992
30.419,waypoint_1,-14.566,-48.558,-29.992
30.453,waypoint_1,-14.592,-48.650,-29.992
30.485,waypoint_1,-14.618,-48.743,-29.992
30.519,waypoint_1,-14.644,-48.836,-29.993
30.553,waypoint_1,-14.670,-48.928,-29.993
30.585,waypoint_1,-14.696,-49.021,-29.993
30.619,waypoint_1,-14.729,-49.137,-29.993
30.653,waypoint_1,-14.755,-49.229,-29.993
30.685,waypoint_1,-14.782,-49.322,-29.994
30.719,waypoint_1,-14.808,-49.414,-29.994
30.753,waypoint_1,-14.835,-49.507,-29.994
30.785,waypoint_1,-14.862,-49.599,-29.994
30.819,waypoint_1,-14.895,-49.715,-29.994
30.853,waypoint_1,-14.923,-49.807,-29.994
30.885,waypoint_1,-14.950,-49.900,-29.994
30.919,waypoint_1,-14.977,-49.992,-29.994
30.953,waypoint_1,-15.005,-50.084,-29.994
30.985,waypoint_1,-15.032,-50.176,-29.994
31.019,waypoint_1,-15.067,-50.291,-29.994
31.053,waypoint_1,-15.095,-50.383,-29.994
31.085,waypoint_1,-15.123,-50.475,-29.995
31.119,waypoint_1,-15.150,-50.567,-29.995
31.153,waypoint_1,-15.178,-50.659,-29.996
31.185,waypoint_1,-15.206,-50.751,-29.996
31.219,waypoint_1,-15.241,-50.866,-29.997
31.253,waypoint_1,-15.269,-50.958,-29.997
31.285,waypoint_1,-15.297,-51.050,-29.997
31.319,waypoint_1,-15.325,-51.142,-29.998
31.353,waypoint_1,-15.352,-51.234,-29.998
31.385,waypoint_1,-15.380,-51.325,-29.999
31.419,waypoint_1,-15.415,-51.440,-29.999
31.453,waypoint_1,-15.443,-51.532,-29.999
31.485,waypoint_1,-15.471,-51.624,-29.999
31.519,waypoint_1,-15.499,-51.716,-30.000
31.553,waypoint_1,-15.527,-51.808,-30.000
31.585,waypoint_1,-15.555,-51.900,-30.000
31.619,waypoint_1,-15.590,-52.015,-30.000
31.653,waypoint_1,-15.618,-52.107,-30.000
31.685,waypoint_1,-15.646,-52.199,-30.000
31.719,waypoint_1,-15.674,-52.292,-30.000
31.753,waypoint_1,-15.703,-52.384,-30.000
31.785,waypoint_1,-15.731,-52.476,-30.000
31.819,waypoint_1,-15.766,-52.591,-29.999
31.853,waypoint_1,-15.794,-52.683,-29.999
31.885,waypoint_1,-15.822,-52.776,-29.999
31.919,waypoint_1,-15.850,-52.868,-29.999
31.953,waypoint_1,-15.878,-52.960,-29.998
31.985,waypoint_1,-15.906,-53.053,-29.998
32.019,waypoint_1,-15.941,-53.168,-29.997
32.053,waypoint_1,-15.969,-53.261,-29.997
32.085,waypoint_1,-15.998,-53.353,-29.997
32.119,waypoint_1,-16.026,-53.446,-29.996
32.153,waypoint_1,-16.054,-53.538,-29.996
32.185,waypoint_1,-16.082,-53.631,-29.996
32.219,waypoint_1,-16.118,-53.747,-29.996
32.253,waypoint_1,-16.146,-53.839,-29.995
32.285,waypoint_1,-16.174,-53.932,-29.995
32.319,waypoint_1,-16.202,-54.025,-29.995
32.353,waypoint_1,-16.230,-54.118,-29.995
32.385,waypoint_1,-16.258,-54.210,-29.994
32.419,waypoint_1,-16.293,-54.326,-29.994
32.453,waypoint_1,-16.321,-54.419,-29.994
32.485,waypoint_1,-16.349,-54.512,-29.994
32.519,waypoint_1,-16.377,-54.604,-29.994
32.553,waypoint_1,-16.405,-54.697,-29.994
32.585,waypoint_1,-16.432,-54.790,-29.994
32.619,waypoint_1,-16.467,-54.907,-29.993
32.653,waypoint_1,-16.494,-55.000,-29.993
32.685,waypoint_1,-16.522,-55.093,-29.993
32.719,waypoint_1,-16.549,-55.187,-29.993
32.753,waypoint_1,-16.577,-55.280,-29.993
32.785,waypoint_1,-16.604,-55.373,-29.993
32.819,waypoint_1,-16.638,-55.489,-29.992
32.853,waypoint_1,-16.666,-55.583,-29.992
32.885,waypoint_1,-16.693,-55.676,-29.992
32.919,waypoint_1,-16.720,-55.769,-29.992
32.953,waypoint_1,-16.747,-55.862,-29.992
32.985,waypoint_1,-16.774,-55.954,-29.991
33.019,waypoint_1,-16.808,-56.070,-29.991
33.053,waypoint_1,-16.835,-56.163,-29.991
33.085,waypoint_1,-16.862,-56.255,-29.991
33.119,waypoint_1,-16.889,-56.348,-29.991
33.153,waypoint_1,-16.916,-56.440,-29.991
33.185,waypoint_1,-16.943,-56.533,-29.990
33.219,waypoint_1,-16.976,-56.648,-29.990
33.253,waypoint_1,-17.003,-56.740,-29.990
33.285,waypoint_1,-17.030,-56.832,-29.990
33.319,waypoint_1,-17.057,-56.925,-29.990
33.353,waypoint_1,-17.084,-57.016,-29.990
33.385,waypoint_1,-17.111,-57.108,-29.989
33.419,waypoint_1,-17.145,-57.223,-29.989
33.453,waypoint_1,-17.172,-57.314,-29.989
33.486,waypoint_1,-17.199,-57.406,-29.989
33.520,waypoint_1,-17.226,-57.497,-29.988
33.554,waypoint_1,-17.253,-57.589,-29.988
33.586,waypoint_1,-17.280,-57.680,-29.988
33.620,waypoint_1,-17.314,-57.794,-29.988
33.654,waypoint_1,-17.341,-57.886,-29.988
33.686,waypoint_1,-17.368,-57.977,-29.987
33.720,waypoint_1,-17.395,-58.068,-29.987
33.754,waypoint_1,-17.422,-58.159,-29.987
33.786,waypoint_1,-17.450,-58.250,-29.987
33.820,waypoint_1,-17.483,-58.363,-29.987
33.854,waypoint_1,-17.510,-58.454,-29.987
33.886,waypoint_1,-17.538,-58.545,-29.986
33.920,waypoint_1,-17.565,-58.636,-29.986
33.954,waypoint_1,-17.592,-58.726,-29.986
33.986,waypoint_1,-17.619,-58.817,-29.986
34.020,waypoint_1,-17.653,-58.930,-29.986
34.054,waypoint_1,-17.680,-59.020,-29.986
34.086,waypoint_1,-17.707,-59.110,-29.987
34.120,waypoint_1,-17.734,-59.200,-29.987
34.154,waypoint_1,-17.761,-59.291,-29.987
34.186,waypoint_1,-17.789,-59.381,-29.988
34.220,waypoint_1,-17.822,-59.494,-29.988
34.254,waypoint_1,-17.850,-59.585,-29.988
34.286,waypoint_1,-17.877,-59.675,-29.989
34.320,waypoint_1,-17.904,-59.766,-29.989
34.354,waypoint_1,-17.931,-59.856,-29.989
34.386,waypoint_1,-17.958,-59.947,-29.989
34.420,waypoint_1,-17.992,-60.060,-29.990
34.454,waypoint_1,-18.019,-60.151,-29.990
34.486,waypoint_1,-18.046,-60.242,-29.990
34.520,waypoint_1,-18.072,-60.333,-29.990
34.554,waypoint_1,-18.099,-60.424,-29.991
34.586,waypoint_1,-18.126,-60.516,-29.991
34.620,waypoint_1,-18.159,-60.630,-29.992
34.654,waypoint_1,-18.185,-60.721,-29.992
34.686,waypoint_1,-18.212,-60.812,-29.992
34.720,waypoint_1,-18.238,-60.904,-29.992
34.754,waypoint_1,-18.265,-60.995,-29.993
34.786,waypoint_1,-18.291,-61.087,-29.993
34.820,waypoint_1,-18.324,-61.201,-29.993
34.854,waypoint_1,-18.351,-61.293,-29.993
34.886,waypoint_1,-18.377,-61.384,-29.993
34.920,waypoint_1,-18.403,-61.476,-29.993
34.954,waypoint_1,-18.429,-61.567,-29.993
34.986,waypoint_1,-18.455,-61.658,-29.993
35.020,waypoint_1,-18.487,-61.772,-29.993
35.054,waypoint_1,-18.513,-61.863,-29.993
35.086,waypoint_1,-18.539,-61.954,-29.993
35.120,waypoint_1,-18.564,-62.045,-29.992
35.154,waypoint_1,-18.590,-62.136,-29.992
35.186,waypoint_1,-18.615,-62.227,-29.992
35.220,waypoint_1,-18.647,-62.341,-29.991
35.254,waypoint_1,-18.673,-62.431,-29.990
35.286,waypoint_1,-18.698,-62.522,-29.990
35.320,waypoint_1,-18.724,-62.613,-29.989
35.354,waypoint_1,-18.750,-62.704,-29.989
35.386,waypoint_1,-18.776,-62.795,-29.988
35.420,waypoint_1,-18.808,-62.909,-29.988
35.454,waypoint_1,-18.833,-63.000,-29.987
35.486,waypoint_1,-18.859,-63.091,-29.987
35.520,waypoint_1,-18.885,-63.182,-29.987
35.554,waypoint_1,-18.911,-63.273,-29.986
35.586,waypoint_1,-18.936,-63.365,-29.986
35.620,waypoint_1,-18.969,-63.479,-29.986
35.654,waypoint_1,-18.994,-63.570,-29.986
35.686,waypoint_1,-19.020,-63.662,-29.986
35.720,waypoint_1,-19.045,-63.753,-29.986
35.754,waypoint_1,-19.071,-63.845,-29.986
35.786,waypoint_1,-19.097,-63.936,-29.986
35.820,waypoint_1,-19.129,-64.051,-29.985
35.854,waypoint_1,-19.155,-64.143,-29.985
35.886,waypoint_1,-19.181,-64.235,-29.985
35.920,waypoint_1,-19.207,-64.327,-29.985
35.954,waypoint_1,-19.232,-64.419,-29.984
35.986,waypoint_1,-19.259,-64.511,-29.984
36.020,waypoint_1,-19.291,-64.626,-29.984
36.054,waypoint_1,-19.317,-64.718,-29.984
36.086,waypoint_1,-19.344,-64.811,-29.984
36.120,waypoint_1,-19.370,-64.903,-29.984
36.154,waypoint_1,-19.396,-64.995,-29.984
36.186,waypoint_1,-19.423,-65.087,-29.984
36.220,waypoint_1,-19.456,-65.203,-29.984
36.254,waypoint_1,-19.483,-65.295,-29.985
36.286,waypoint_1,-19.509,-65.387,-29.985
36.320,waypoint_1,-19.536,-65.480,-29.986
36.354,waypoint_1,-19.563,-65.572,-29.986
36.386,waypoint_1,-19.590,-65.665,-29.987
36.420,waypoint_1,-19.623,-65.780,-29.987
36.454,waypoint_1,-19.650,-65.872,-29.988
36.486,waypoint_1,-19.677,-65.965,-29.989
36.520,waypoint_1,-19.704,-66.057,-29.989
36.554,waypoint_1,-19.731,-66.149,-29.990
36.586,waypoint_1,-19.758,-66.242,-29.990
36.620,waypoint_1,-19.791,-66.357,-29.990
36.654,waypoint_1,-19.818,-66.449,-29.991
36.694,waypoint_1,-19.844,-66.541,-29.991
36.758,waypoint_1,-19.871,-66.634,-29.991
36.790,waypoint_1,-19.897,-66.726,-29.991
36.824,waypoint_1,-19.930,-66.841,-29.991
36.856,waypoint_1,-19.957,-66.934,-29.992
36.890,waypoint_1,-19.983,-67.026,-29.992
36.924,waypoint_1,-20.009,-67.118,-29.991
36.956,waypoint_1,-20.036,-67.210,-29.991
36.990,waypoint_1,-20.062,-67.302,-29.991
37.024,waypoint_1,-20.095,-67.417,-29.991
37.056,waypoint_1,-20.121,-67.509,-29.991
37.090,waypoint_1,-20.148,-67.602,-29.991
37.124,waypoint_1,-20.174,-67.694,-29.991
37.156,waypoint_1,-20.201,-67.786,-29.991
37.190,waypoint_1,-20.227,-67.878,-29.991
37.224,waypoint_1,-20.260,-67.993,-29.991
37.256,waypoint_1,-20.287,-68.084,-29.991
37.290,waypoint_1,-20.313,-68.176,-29.991
37.324,waypoint_1,-20.340,-68.268,-29.991
37.356,waypoint_1,-20.366,-68.360,-29.991
37.390,waypoint_1,-20.393,-68.451,-29.991
37.424,waypoint_1,-20.426,-68.566,-29.991
37.456,waypoint_1,-20.452,-68.658,-29.991
37.490,waypoint_1,-20.479,-68.749,-29.991
37.524,waypoint_1,-20.506,-68.841,-29.991
37.556,waypoint_1,-20.532,-68.933,-29.991
37.590,waypoint_1,-20.559,-69.024,-29.991
37.624,waypoint_1,-20.593,-69.139,-29.991
37.656,waypoint_1,-20.620,-69.231,-29.991
37.690,waypoint_1,-20.647,-69.322,-29.991
37.724,waypoint_1,-20.674,-69.414,-29.991
37.756,waypoint_1,-20.701,-69.506,-29.991
37.790,waypoint_1,-20.728,-69.597,-29.990
37.824,waypoint_1,-20.762,-69.712,-29.990
37.856,waypoint_1,-20.789,-69.803,-29.990
37.890,waypoint_1,-20.816,-69.895,-29.990
37.924,waypoint_1,-20.843,-69.986,-29.990
37.956,waypoint_1,-20.870,-70.078,-29.990
37.990,waypoint_1,-20.898,-70.169,-29.990
38.024,waypoint_1,-20.931,-70.284,-29.990
38.056,waypoint_1,-20.958,-70.375,-29.990
38.090,waypoint_1,-20.985,-70.467,-29.990
38.124,waypoint_1,-21.012,-70.559,-29.990
38.156,waypoint_1,-21.039,-70.650,-29.990
38.190,waypoint_1,-21.066,-70.742,-29.990
38.224,waypoint_1,-21.099,-70.856,-29.991
38.256,waypoint_1,-21.126,-70.948,-29.991
38.290,waypoint_1,-21.152,-71.039,-29.991
38.324,waypoint_1,-21.179,-71.131,-29.991
38.356,waypoint_1,-21.205,-71.222,-29.991
38.390,waypoint_1,-21.232,-71.314,-29.991
38.424,waypoint_1,-21.265,-71.428,-29.991
38.456,waypoint_1,-21.291,-71.520,-29.991
38.490,waypoint_1,-21.317,-71.612,-29.991
38.524,waypoint_1,-21.343,-71.703,-29.991
38.556,waypoint_1,-21.369,-71.795,-29.991
38.590,waypoint_1,-21.395,-71.887,-29.991
38.624,waypoint_1,-21.428,-72.003,-29.991
38.656,waypoint_1,-21.454,-72.095,-29.991
38.690,waypoint_1,-21.480,-72.188,-29.991
38.724,waypoint_1,-21.507,-72.280,-29.991
38.756,waypoint_1,-21.534,-72.373,-29.991
38.790,waypoint_1,-21.560,-72.465,-29.992
38.824,waypoint_1,-21.594,-72.581,-29.992
38.856,waypoint_1,-21.621,-72.674,-29.993
38.890,waypoint_1,-21.648,-72.767,-29.993
38.924,waypoint_1,-21.675,-72.860,-29.993
38.956,waypoint_1,-21.703,-72.953,-29.994
38.990,waypoint_1,-21.730,-73.046,-29.994
39.024,waypoint_1,-21.764,-73.162,-29.994
39.056,waypoint_1,-21.792,-73.255,-29.994
39.090,waypoint_1,-21.819,-73.348,-29.994
39.124,waypoint_1,-21.847,-73.441,-29.994
39.156,waypoint_1,-21.875,-73.534,-29.994
39.190,waypoint_1,-21.903,-73.627,-29.994
39.224,waypoint_1,-21.938,-73.743,-29.993
39.256,waypoint_1,-21.966,-73.835,-29.993
39.290,waypoint_1,-21.993,-73.928,-29.992
39.324,waypoint_1,-22.021,-74.020,-29.992
39.356,waypoint_1,-22.049,-74.113,-29.992
39.390,waypoint_1,-22.076,-74.205,-29.991
39.424,waypoint_1,-22.111,-74.320,-29.991
39.456,waypoint_1,-22.138,-74.412,-29.990
39.490,waypoint_1,-22.165,-74.504,-29.990
39.524,waypoint_1,-22.192,-74.596,-29.990
39.556,waypoint_1,-22.219,-74.687,-29.990
39.590,waypoint_1,-22.246,-74.779,-29.990
39.624,waypoint_1,-22.280,-74.893,-29.990
39.656,waypoint_1,-22.306,-74.985,-29.990
39.690,waypoint_2,-22.332,-75.076,-29.990
39.724,waypoint_2,-22.358,-75.167,-29.991
39.756,waypoint_2,-22.384,-75.258,-29.992
39.790,waypoint_2,-22.410,-75.349,-29.995
39.824,waypoint_2,-22.441,-75.462,-30.001
39.856,waypoint_2,-22.465,-75.553,-30.006
39.890,waypoint_2,-22.487,-75.643,-30.013
39.924,waypoint_2,-22.507,-75.733,-30.019
39.956,waypoint_2,-22.525,-75.822,-30.026
39.990,waypoint_2,-22.540,-75.911,-30.032
40.024,waypoint_2,-22.554,-76.021,-30.039
40.056,waypoint_2,-22.561,-76.108,-30.044
40.090,waypoint_2,-22.565,-76.195,-30.047
40.124,waypoint_2,-22.565,-76.281,-30.050
40.156,waypoint_2,-22.561,-76.367,-30.051
40.190,waypoint_2,-22.553,-76.452,-30.052
40.224,waypoint_2,-22.537,-76.557,-30.051
40.256,waypoint_2,-22.520,-76.641,-30.050
40.290,waypoint_2,-22.500,-76.724,-30.048
40.324,waypoint_2,-22.476,-76.808,-30.046
40.356,waypoint_2,-22.449,-76.891,-30.043
40.390,waypoint_2,-22.418,-76.973,-30.040
40.424,waypoint_2,-22.376,-77.076,-30.037
40.456,waypoint_2,-22.339,-77.159,-30.034
40.490,waypoint_2,-22.300,-77.241,-30.031
40.524,waypoint_2,-22.258,-77.323,-30.027
40.556,waypoint_2,-22.214,-77.404,-30.025
40.590,waypoint_2,-22.169,-77.486,-30.022
40.624,waypoint_2,-22.110,-77.588,-30.018
40.656,waypoint_2,-22.061,-77.670,-30.016
40.690,waypoint_2,-22.010,-77.752,-30.014
40.725,waypoint_2,-21.959,-77.833,-30.012
40.757,waypoint_2,-21.906,-77.915,-30.010
40.791,waypoint_2,-21.853,-77.997,-30.008
40.825,waypoint_2,-21.785,-78.099,-30.006
40.857,waypoint_2,-21.730,-78.181,-30.005
40.891,waypoint_2,-21.675,-78.263,-30.004
40.925,waypoint_2,-21.619,-78.345,-30.003
40.957,waypoint_2,-21.562,-78.427,-30.002
40.991,waypoint_2,-21.505,-78.509,-30.001
41.025,waypoint_2,-21.434,-78.612,-30.000
41.057,waypoint_2,-21.377,-78.694,-29.999
41.091,waypoint_2,-21.320,-78.777,-29.999
41.125,waypoint_2,-21.263,-78.859,-29.999
41.157,waypoint_2,-21.205,-78.941,-29.998
41.191,waypoint_2,-21.148,-79.023,-29.998
41.225,waypoint_2,-21.077,-79.125,-29.998
41.257,waypoint_2,-21.020,-79.207,-29.998
41.291,waypoint_2,-20.964,-79.289,-29.998
41.325,waypoint_2,-20.907,-79.370,-29.998
41.357,waypoint_2,-20.851,-79.451,-29.998
41.391,waypoint_2,-20.795,-79.532,-29.998
41.425,waypoint_2,-20.725,-79.634,-29.998
41.457,waypoint_2,-20.670,-79.714,-29.998
41.491,waypoint_2,-20.614,-79.795,-29.998
41.525,waypoint_2,-20.559,-79.875,-29.998
41.557,waypoint_2,-20.504,-79.955,-29.998
41.591,waypoint_2,-20.449,-80.035,-29.998
41.625,waypoint_2,-20.380,-80.135,-29.998
41.657,waypoint_2,-20.325,-80.214,-29.998
41.691,waypoint_2,-20.271,-80.294,-29.997
41.725,waypoint_2,-20.216,-80.373,-29.997
41.757,waypoint_2,-20.161,-80.452,-29.997
41.791,waypoint_2,-20.106,-80.532,-29.997
41.825,waypoint_2,-20.038,-80.630,-29.997
41.857,waypoint_2,-19.983,-80.709,-29.997
41.891,waypoint_2,-19.929,-80.788,-29.997
41.925,waypoint_2,-19.874,-80.867,-29.997
41.957,waypoint_2,-19.819,-80.946,-29.997
41.991,waypoint_2,-19.764,-81.025,-29.997
42.025,waypoint_2,-19.695,-81.123,-29.997
42.057,waypoint_2,-19.640,-81.202,-29.997
42.091,waypoint_2,-19.584,-81.281,-29.997
42.125,waypoint_2,-19.529,-81.359,-29.997
42.157,waypoint_2,-19.473,-81.438,-29.997
42.191,waypoint_2,-19.417,-81.516,-29.997
42.225,waypoint_2,-19.348,-81.614,-29.997
42.257,waypoint_2,-19.291,-81.692,-29.997
42.291,waypoint_2,-19.235,-81.770,-29.997
42.325,waypoint_2,-19.179,-81.848,-29.997
42.357,waypoint_2,-19.122,-81.926,-29.997
42.391,waypoint_2,-19.066,-82.004,-29.997
42.425,waypoint_2,-18.995,-82.101,-29.997
42.457,waypoint_2,-18.938,-82.179,-29.997
42.491,waypoint_2,-18.882,-82.256,-29.996
42.525,waypoint_2,-18.825,-82.333,-29.996
42.557,waypoint_2,-18.768,-82.410,-29.996
42.591,waypoint_2,-18.711,-82.487,-29.996
42.625,waypoint_2,-18.640,-82.584,-29.996
42.657,waypoint_2,-18.583,-82.660,-29.996
42.691,waypoint_2,-18.525,-82.737,-29.996
42.725,waypoint_2,-18.468,-82.814,-29.996
42.757,waypoint_2,-18.410,-82.890,-29.996
42.791,waypoint_2,-18.353,-82.967,-29.996
42.825,waypoint_2,-18.281,-83.062,-29.996
42.857,waypoint_2,-18.223,-83.138,-29.996
42.891,waypoint_2,-18.166,-83.215,-29.996
42.925,waypoint_2,-18.108,-83.291,-29.996
42.957,waypoint_2,-18.051,-83.368,-29.996
42.991,waypoint_2,-17.993,-83.444,-29.996
43.025,waypoint_2,-17.921,-83.539,-29.995
43.057,waypoint_2,-17.863,-83.615,-29.995
43.091,waypoint_2,-17.804,-83.691,-29.995
43.125,waypoint_2,-17.746,-83.767,-29.995
43.157,waypoint_2,-17.688,-83.843,-29.995
43.191,waypoint_2,-17.629,-83.918,-29.994
43.225,waypoint_2,-17.556,-84.013,-29.994
43.257,waypoint_2,-17.498,-84.089,-29.993
43.291,waypoint_2,-17.439,-84.164,-29.993
43.325,waypoint_2,-17.380,-84.240,-29.992
43.357,waypoint_2,-17.322,-84.316,-29.992
43.391,waypoint_2,-17.263,-84.392,-29.991
43.425,waypoint_2,-17.190,-84.486,-29.991
43.457,waypoint_2,-17.131,-84.562,-29.991
43.491,waypoint_2,-17.073,-84.638,-29.990
43.525,waypoint_2,-17.014,-84.714,-29.990
43.557,waypoint_2,-16.956,-84.790,-29.990
43.591,waypoint_2,-16.897,-84.866,-29.990
43.625,waypoint_2,-16.825,-84.960,-29.990
43.657,waypoint_2,-16.766,-85.036,-29.990
43.691,waypoint_2,-16.708,-85.112,-29.990
43.725,waypoint_2,-16.649,-85.188,-29.990
43.757,waypoint_2,-16.591,-85.264,-29.990
43.791,waypoint_2,-16.532,-85.340,-29.990
43.827,waypoint_2,-16.458,-85.435,-29.989
43.859,waypoint_2,-16.399,-85.511,-29.989
43.893,waypoint_2,-16.340,-85.586,-29.989
43.927,waypoint_2,-16.281,-85.662,-29.988
43.959,waypoint_2,-16.222,-85.738,-29.988
43.993,waypoint_2,-16.162,-85.814,-29.988
44.027,waypoint_2,-16.088,-85.908,-29.987
44.059,waypoint_2,-16.028,-85.984,-29.987
44.093,waypoint_2,-15.968,-86.059,-29.987
44.127,waypoint_2,-15.908,-86.135,-29.987
44.159,waypoint_2,-15.848,-86.211,-29.986
44.193,waypoint_2,-15.788,-86.286,-29.986
44.227,waypoint_2,-15.713,-86.381,-29.986
44.259,waypoint_2,-15.653,-86.456,-29.986
44.293,waypoint_2,-15.593,-86.532,-29.986
44.327,waypoint_2,-15.533,-86.607,-29.986
44.360,waypoint_2,-15.473,-86.682,-29.985
44.393,waypoint_2,-15.413,-86.758,-29.985
44.427,waypoint_2,-15.338,-86.852,-29.985
44.459,waypoint_2,-15.278,-86.927,-29.985
44.493,waypoint_2,-15.218,-87.003,-29.984
44.527,waypoint_2,-15.158,-87.078,-29.984
44.559,waypoint_2,-15.099,-87.153,-29.983
44.593,waypoint_2,-15.039,-87.228,-29.983
44.627,waypoint_2,-14.964,-87.322,-29.983
44.659,waypoint_2,-14.904,-87.398,-29.982
44.693,waypoint_2,-14.845,-87.473,-29.982
44.727,waypoint_2,-14.785,-87.549,-29.981
44.759,waypoint_2,-14.726,-87.624,-29.981
44.793,waypoint_2,-14.666,-87.700,-29.980
44.827,waypoint_2,-14.591,-87.795,-29.980
44.859,waypoint_2,-14.532,-87.871,-29.980
44.893,waypoint_2,-14.473,-87.947,-29.979
44.927,waypoint_2,-14.413,-88.022,-29.979
44.959,waypoint_2,-14.354,-88.098,-29.979
44.993,waypoint_2,-14.295,-88.175,-29.978
45.027,waypoint_2,-14.221,-88.270,-29.978
45.059,waypoint_2,-14.161,-88.346,-29.978
45.093,waypoint_2,-14.102,-88.422,-29.978
45.127,waypoint_2,-14.043,-88.498,-29.978
45.159,waypoint_2,-13.984,-88.575,-29.977
45.193,waypoint_2,-13.925,-88.651,-29.977
45.227,waypoint_2,-13.852,-88.747,-29.977
45.259,waypoint_2,-13.793,-88.823,-29.977
45.293,waypoint_2,-13.734,-88.899,-29.977
45.327,waypoint_2,-13.675,-88.975,-29.976
45.359,waypoint_2,-13.616,-89.052,-29.976
45.393,waypoint_2,-13.557,-89.128,-29.976
45.427,waypoint_2,-13.483,-89.223,-29.975
45.459,waypoint_2,-13.424,-89.299,-29.975
45.493,waypoint_2,-13.365,-89.376,-29.975
45.527,waypoint_2,-13.306,-89.452,-29.975
45.559,waypoint_2,-13.247,-89.528,-29.974
45.593,waypoint_2,-13.187,-89.605,-29.974
45.627,waypoint_2,-13.113,-89.700,-29.974
45.659,waypoint_2,-13.054,-89.776,-29.973
45.693,waypoint_2,-12.995,-89.853,-29.973
45.727,waypoint_2,-12.936,-89.929,-29.972
45.759,waypoint_2,-12.876,-90.005,-29.972
45.793,waypoint_2,-12.817,-90.082,-29.972
45.827,waypoint_2,-12.743,-90.177,-29.971
45.859,waypoint_2,-12.683,-90.253,-29.971
45.893,waypoint_2,-12.624,-90.329,-29.971
45.927,waypoint_2,-12.564,-90.405,-29.970
45.959,waypoint_2,-12.505,-90.481,-29.970
45.993,waypoint_2,-12.445,-90.557,-29.970
46.027,waypoint_2,-12.371,-90.652,-29.970
46.059,waypoint_2,-12.312,-90.728,-29.970
46.093,waypoint_2,-12.253,-90.804,-29.970
46.127,waypoint_2,-12.194,-90.880,-29.970
46.159,waypoint_2,-12.135,-90.956,-29.969
46.194,waypoint_2,-12.076,-91.031,-29.969
46.228,waypoint_2,-12.002,-91.126,-29.969
46.260,waypoint_2,-11.944,-91.201,-29.969
46.295,waypoint_2,-11.885,-91.276,-29.969
46.329,waypoint_2,-11.826,-91.352,-29.969
46.361,waypoint_2,-11.767,-91.427,-29.968
46.395,waypoint_2,-11.709,-91.503,-29.968
46.429,waypoint_2,-11.635,-91.597,-29.968
46.461,waypoint_2,-11.576,-91.672,-29.967
46.495,waypoint_2,-11.517,-91.747,-29.967
46.529,waypoint_2,-11.459,-91.822,-29.967
46.561,waypoint_2,-11.400,-91.897,-29.966
46.595,waypoint_2,-11.341,-91.973,-29.966
46.630,waypoint_2,-11.267,-92.066,-29.966
46.662,waypoint_2,-11.208,-92.141,-29.965
46.696,waypoint_2,-11.149,-92.216,-29.965
46.730,waypoint_2,-11.090,-92.291,-29.965
46.762,waypoint_2,-11.030,-92.366,-29.965
46.796,waypoint_2,-10.971,-92.441,-29.965
46.830,waypoint_2,-10.896,-92.534,-29.965
46.862,waypoint_2,-10.837,-92.609,-29.965
46.896,waypoint_2,-10.777,-92.685,-29.965
46.930,waypoint_2,-10.718,-92.760,-29.965
46.962,waypoint_2,-10.658,-92.835,-29.966
46.996,waypoint_2,-10.598,-92.910,-29.966
47.030,waypoint_2,-10.523,-93.004,-29.967
47.062,waypoint_2,-10.463,-93.079,-29.967
47.096,waypoint_2,-10.403,-93.154,-29.968
47.130,waypoint_2,-10.343,-93.229,-29.969
47.162,waypoint_2,-10.283,-93.304,-29.969
47.196,waypoint_2,-10.223,-93.379,-29.970
47.230,waypoint_2,-10.148,-93.473,-29.971
47.262,waypoint_2,-10.088,-93.548,-29.972
47.296,waypoint_2,-10.028,-93.623,-29.973
47.330,waypoint_2,-9.969,-93.698,-29.974
47.362,waypoint_2,-9.909,-93.773,-29.974
47.396,waypoint_2,-9.849,-93.849,-29.975
47.430,waypoint_2,-9.775,-93.943,-29.976
47.462,waypoint_2,-9.715,-94.018,-29.976
47.496,waypoint_2,-9.656,-94.093,-29.977
47.530,waypoint_2,-9.596,-94.169,-29.977
47.563,waypoint_2,-9.537,-94.244,-29.978
47.596,waypoint_2,-9.477,-94.320,-29.978
47.630,waypoint_2,-9.403,-94.414,-29.978
47.662,waypoint_2,-9.344,-94.490,-29.979
47.696,waypoint_2,-9.285,-94.566,-29.979
47.730,waypoint_2,-9.226,-94.642,-29.979
47.762,waypoint_2,-9.167,-94.717,-29.979
47.796,waypoint_2,-9.108,-94.793,-29.980
47.830,waypoint_2,-9.034,-94.888,-29.980
47.862,waypoint_2,-8.976,-94.964,-29.980
47.896,waypoint_2,-8.917,-95.041,-29.980
47.930,waypoint_2,-8.858,-95.117,-29.980
47.962,waypoint_2,-8.799,-95.193,-29.980
47.996,waypoint_2,-8.740,-95.270,-29.981
48.030,waypoint_2,-8.666,-95.366,-29.981
48.062,waypoint_2,-8.608,-95.442,-29.981
48.096,waypoint_2,-8.549,-95.519,-29.982
48.130,waypoint_2,-8.491,-95.596,-29.982
48.162,waypoint_2,-8.432,-95.672,-29.982
48.196,waypoint_2,-8.374,-95.749,-29.982
48.230,waypoint_2,-8.301,-95.846,-29.983
48.262,waypoint_2,-8.242,-95.923,-29.983
48.296,waypoint_2,-8.184,-96.000,-29.983
48.330,waypoint_2,-8.125,-96.077,-29.983
48.362,waypoint_2,-8.067,-96.154,-29.983
48.396,waypoint_2,-8.008,-96.231,-29.983
48.430,waypoint_2,-7.935,-96.327,-29.984
48.462,waypoint_2,-7.877,-96.404,-29.984
48.496,waypoint_2,-7.818,-96.481,-29.984
48.530,waypoint_2,-7.760,-96.558,-29.984
48.562,waypoint_2,-7.702,-96.635,-29.984
48.596,waypoint_2,-7.644,-96.712,-29.984
48.630,waypoint_2,-7.571,-96.809,-29.984
48.662,waypoint_2,-7.513,-96.886,-29.984
48.696,waypoint_2,-7.455,-96.964,-29.985
48.730,waypoint_2,-7.397,-97.041,-29.985
48.762,waypoint_2,-7.339,-97.119,-29.985
48.796,waypoint_2,-7.282,-97.196,-29.985
48.830,waypoint_2,-7.210,-97.293,-29.986
48.862,waypoint_2,-7.152,-97.370,-29.986
48.896,waypoint_2,-7.094,-97.447,-29.986
48.930,waypoint_2,-7.036,-97.524,-29.986
48.962,waypoint_2,-6.978,-97.602,-29.986
48.996,waypoint_2,-6.920,-97.679,-29.986
49.030,waypoint_2,-6.848,-97.776,-29.986
49.062,waypoint_2,-6.790,-97.853,-29.986
49.096,waypoint_2,-6.732,-97.930,-29.986
49.130,waypoint_2,-6.674,-98.008,-29.986
49.162,waypoint_2,-6.617,-98.085,-29.986
49.196,waypoint_2,-6.559,-98.162,-29.986
49.230,waypoint_2,-6.487,-98.259,-29.986
49.262,waypoint_2,-6.429,-98.336,-29.986
49.296,waypoint_2,-6.371,-98.413,-29.985
49.332,waypoint_2,-6.314,-98.491,-29.985
49.364,waypoint_2,-6.256,-98.568,-29.985
49.398,waypoint_2,-6.199,-98.645,-29.985
49.432,waypoint_2,-6.127,-98.742,-29.984
49.464,waypoint_2,-6.070,-98.819,-29.984
49.498,waypoint_2,-6.013,-98.896,-29.983
49.532,waypoint_2,-5.956,-98.974,-29.983
49.564,waypoint_2,-5.899,-99.051,-29.982
49.598,waypoint_2,-5.842,-99.128,-29.982
49.632,waypoint_2,-5.771,-99.225,-29.981
49.664,waypoint_2,-5.714,-99.302,-29.981
49.698,waypoint_2,-5.657,-99.379,-29.980
49.732,waypoint_2,-5.599,-99.457,-29.980
49.764,waypoint_2,-5.542,-99.534,-29.979
49.798,waypoint_2,-5.485,-99.612,-29.979
49.832,waypoint_2,-5.413,-99.709,-29.979
49.864,waypoint_2,-5.356,-99.786,-29.978
49.898,waypoint_2,-5.298,-99.864,-29.978
49.932,waypoint_2,-5.241,-99.942,-29.978
49.964,waypoint_2,-5.184,-100.019,-29.978
49.998,waypoint_2,-5.126,-100.097,-29.977
50.032,waypoint_2,-5.055,-100.194,-29.977
50.064,waypoint_2,-4.997,-100.272,-29.977
50.098,waypoint_2,-4.940,-100.349,-29.977
50.132,waypoint_2,-4.883,-100.426,-29.976
50.164,waypoint_2,-4.826,-100.504,-29.976
50.198,waypoint_2,-4.768,-100.581,-29.976
50.232,waypoint_2,-4.696,-100.677,-29.976
50.264,waypoint_2,-4.639,-100.754,-29.975
50.298,waypoint_2,-4.581,-100.831,-29.975
50.332,waypoint_2,-4.523,-100.908,-29.975
50.364,waypoint_2,-4.466,-100.985,-29.975
50.398,waypoint_2,-4.408,-101.061,-29.975
50.432,waypoint_2,-4.336,-101.157,-29.975
50.464,waypoint_2,-4.278,-101.233,-29.976
50.498,waypoint_2,-4.220,-101.309,-29.976
50.532,waypoint_2,-4.162,-101.386,-29.976
50.564,waypoint_2,-4.104,-101.462,-29.977
50.598,waypoint_2,-4.046,-101.538,-29.977
50.632,waypoint_2,-3.974,-101.634,-29.978
50.664,waypoint_2,-3.916,-101.710,-29.979
50.698,waypoint_2,-3.858,-101.786,-29.979
50.732,waypoint_2,-3.800,-101.863,-29.980
50.764,waypoint_2,-3.742,-101.940,-29.980
50.798,waypoint_2,-3.685,-102.016,-29.980
50.832,waypoint_2,-3.613,-102.112,-29.981
50.864,waypoint_2,-3.555,-102.189,-29.981
50.898,waypoint_2,-3.497,-102.266,-29.982
50.932,waypoint_2,-3.440,-102.342,-29.982
50.964,waypoint_2,-3.383,-102.419,-29.983
50.998,waypoint_2,-3.325,-102.496,-29.983
51.032,waypoint_2,-3.254,-102.592,-29.984
51.064,waypoint_2,-3.197,-102.669,-29.984
51.098,waypoint_2,-3.140,-102.746,-29.984
51.132,waypoint_2,-3.083,-102.824,-29.985
51.164,waypoint_2,-3.026,-102.901,-29.985
51.198,waypoint_2,-2.970,-102.978,-29.985
51.232,waypoint_2,-2.900,-103.074,-29.985
51.264,waypoint_2,-2.843,-103.151,-29.985
51.298,waypoint_2,-2.787,-103.229,-29.985
51.332,waypoint_2,-2.731,-103.306,-29.985
51.364,waypoint_2,-2.676,-103.384,-29.985
51.398,waypoint_2,-2.620,-103.462,-29.985
51.432,waypoint_2,-2.550,-103.559,-29.984
51.464,waypoint_2,-2.494,-103.637,-29.984
51.498,waypoint_2,-2.438,-103.715,-29.983
51.532,waypoint_2,-2.382,-103.793,-29.983
51.564,waypoint_2,-2.325,-103.871,-29.982
51.598,waypoint_2,-2.269,-103.949,-29.982
51.632,waypoint_2,-2.199,-104.046,-29.981
51.664,waypoint_2,-2.143,-104.125,-29.980
51.698,waypoint_2,-2.086,-104.203,-29.980
51.732,waypoint_2,-2.030,-104.281,-29.980
51.764,waypoint_2,-1.974,-104.359,-29.979
51.798,waypoint_2,-1.917,-104.437,-29.979
51.832,waypoint_2,-1.847,-104.534,-29.978
51.864,waypoint_2,-1.790,-104.612,-29.978
51.898,waypoint_2,-1.734,-104.690,-29.978
51.931,waypoint_2,-1.677,-104.768,-29.977
51.964,waypoint_2,-1.621,-104.846,-29.977
51.998,waypoint_2,-1.564,-104.924,-29.976
52.032,waypoint_2,-1.494,-105.022,-29.976
52.064,waypoint_2,-1.438,-105.100,-29.975
52.098,waypoint_2,-1.381,-105.178,-29.974
52.132,waypoint_2,-1.325,-105.257,-29.974
52.164,waypoint_2,-1.268,-105.335,-29.973
52.198,waypoint_2,-1.212,-105.413,-29.973
52.232,waypoint_2,-1.142,-105.511,-29.972
52.264,waypoint_2,-1.085,-105.589,-29.971
52.298,waypoint_2,-1.029,-105.667,-29.971
52.332,waypoint_2,-0.972,-105.745,-29.970
52.364,waypoint_2,-0.916,-105.823,-29.969
52.398,waypoint_2,-0.859,-105.902,-29.969
52.432,waypoint_2,-0.788,-105.999,-29.968
52.464,waypoint_2,-0.732,-106.077,-29.967
52.498,waypoint_2,-0.675,-106.155,-29.967
52.533,waypoint_2,-0.618,-106.233,-29.967
52.565,waypoint_2,-0.562,-106.312,-29.966
52.600,waypoint_2,-0.505,-106.390,-29.966
52.634,waypoint_2,-0.435,-106.487,-29.966
52.666,waypoint_2,-0.378,-106.566,-29.965
52.700,waypoint_2,-0.322,-106.644,-29.965
52.734,waypoint_2,-0.265,-106.722,-29.965
52.766,waypoint_2,-0.209,-106.800,-29.965
52.800,waypoint_2,-0.153,-106.878,-29.965
52.834,waypoint_2,-0.082,-106.976,-29.965
52.866,waypoint_2,-0.026,-107.054,-29.965
52.900,waypoint_2,0.031,-107.132,-29.965
52.934,waypoint_2,0.087,-107.211,-29.965
52.966,waypoint_2,0.143,-107.289,-29.965
53.000,waypoint_2,0.200,-107.367,-29.965
53.035,waypoint_2,0.270,-107.465,-29.965
53.067,waypoint_2,0.326,-107.543,-29.965
53.101,waypoint_2,0.382,-107.621,-29.965
53.135,waypoint_2,0.438,-107.699,-29.965
53.167,waypoint_2,0.494,-107.777,-29.965
53.201,waypoint_2,0.550,-107.855,-29.965
53.235,waypoint_2,0.620,-107.952,-29.965
53.267,waypoint_2,0.676,-108.030,-29.966
53.301,waypoint_2,0.732,-108.107,-29.966
53.335,waypoint_2,0.788,-108.185,-29.966
53.367,waypoint_2,0.844,-108.262,-29.967
53.401,waypoint_2,0.900,-108.340,-29.967
53.435,waypoint_2,0.970,-108.436,-29.968
53.467,waypoint_2,1.026,-108.514,-29.969
53.501,waypoint_2,1.082,-108.591,-29.970
53.536,waypoint_2,1.138,-108.668,-29.970
53.568,waypoint_2,1.194,-108.746,-29.971
53.602,waypoint_2,1.249,-108.823,-29.972
53.636,waypoint_2,1.319,-108.920,-29.973
53.668,waypoint_2,1.375,-108.998,-29.974
53.702,waypoint_2,1.431,-109.075,-29.975
53.736,waypoint_2,1.486,-109.153,-29.976
53.768,waypoint_2,1.542,-109.231,-29.978
53.802,waypoint_2,1.597,-109.308,-29.979
53.836,waypoint_2,1.667,-109.406,-29.980
53.868,waypoint_2,1.722,-109.483,-29.981
53.902,waypoint_2,1.778,-109.561,-29.982
53.936,waypoint_2,1.833,-109.639,-29.983
53.968,waypoint_2,1.888,-109.716,-29.984
54.002,waypoint_2,1.944,-109.794,-29.985
54.036,waypoint_2,2.013,-109.891,-29.985
54.068,waypoint_2,2.068,-109.969,-29.986
54.102,waypoint_2,2.124,-110.047,-29.987
54.136,waypoint_2,2.179,-110.125,-29.987
54.168,waypoint_2,2.235,-110.203,-29.988
54.202,waypoint_2,2.291,-110.281,-29.989
54.236,waypoint_2,2.360,-110.379,-29.989
54.268,waypoint_2,2.416,-110.457,-29.990
54.302,waypoint_2,2.473,-110.535,-29.990
54.336,waypoint_2,2.529,-110.613,-29.991
54.368,waypoint_2,2.585,-110.691,-29.991
54.402,waypoint_2,2.641,-110.769,-29.992
54.436,waypoint_2,2.711,-110.867,-29.992
54.468,waypoint_2,2.768,-110.945,-29.992
54.502,waypoint_2,2.824,-111.024,-29.992
54.536,waypoint_2,2.880,-111.102,-29.993
54.568,waypoint_2,2.937,-111.180,-29.993
54.602,waypoint_2,2.993,-111.259,-29.993
54.636,waypoint_2,3.064,-111.357,-29.992
54.668,waypoint_2,3.120,-111.435,-29.992
54.702,waypoint_2,3.177,-111.513,-29.992
54.736,waypoint_2,3.233,-111.592,-29.991
54.768,waypoint_2,3.290,-111.670,-29.990
54.802,waypoint_2,3.347,-111.748,-29.989
54.836,waypoint_2,3.417,-111.846,-29.988
54.868,waypoint_2,3.474,-111.925,-29.987
54.902,waypoint_2,3.531,-112.003,-29.986
54.936,waypoint_2,3.588,-112.081,-29.986
54.968,waypoint_2,3.644,-112.160,-29.985
55.002,waypoint_2,3.701,-112.238,-29.984
55.036,waypoint_2,3.771,-112.336,-29.983
55.068,waypoint_2,3.827,-112.414,-29.982
55.102,waypoint_2,3.884,-112.492,-29.981
55.136,waypoint_2,3.940,-112.571,-29.980
55.168,waypoint_2,3.996,-112.649,-29.980
55.202,waypoint_2,4.052,-112.727,-29.979
55.236,waypoint_2,4.122,-112.824,-29.978
55.268,waypoint_2,4.178,-112.902,-29.977
55.302,waypoint_2,4.234,-112.981,-29.976
55.336,waypoint_2,4.290,-113.059,-29.976
55.368,waypoint_2,4.346,-113.137,-29.975
55.402,waypoint_2,4.402,-113.215,-29.975
55.436,waypoint_2,4.472,-113.312,-29.974
55.468,waypoint_2,4.528,-113.390,-29.973
55.502,waypoint_2,4.584,-113.468,-29.972
55.536,waypoint_2,4.640,-113.546,-29.972
55.568,waypoint_2,4.696,-113.624,-29.972
55.602,waypoint_2,4.752,-113.701,-29.971
55.636,waypoint_2,4.822,-113.798,-29.971
55.668,waypoint_2,4.878,-113.876,-29.971
55.702,waypoint_2,4.934,-113.954,-29.971
55.736,waypoint_2,4.990,-114.031,-29.971
55.768,waypoint_2,5.046,-114.109,-29.971
55.802,waypoint_2,5.101,-114.186,-29.971
55.836,waypoint_2,5.171,-114.283,-29.971
55.868,waypoint_2,5.227,-114.361,-29.971
55.902,waypoint_2,5.282,-114.438,-29.971
55.936,waypoint_2,5.338,-114.516,-29.971
55.968,waypoint_2,5.394,-114.593,-29.971
56.002,waypoint_2,5.449,-114.671,-29.972
56.036,waypoint_2,5.519,-114.768,-29.972
56.068,waypoint_2,5.575,-114.845,-29.972
56.102,waypoint_2,5.631,-114.923,-29.973
56.136,waypoint_2,5.686,-115.000,-29.973
56.168,waypoint_2,5.742,-115.078,-29.974
56.202,waypoint_2,5.798,-115.156,-29.974
56.236,waypoint_2,5.868,-115.253,-29.974
56.268,waypoint_2,5.924,-115.331,-29.975
56.302,waypoint_2,5.980,-115.408,-29.975
56.336,waypoint_2,6.037,-115.486,-29.975
56.368,waypoint_2,6.093,-115.564,-29.975
56.402,waypoint_2,6.149,-115.642,-29.975
56.436,waypoint_2,6.219,-115.739,-29.975
56.468,waypoint_2,6.275,-115.816,-29.975
56.502,waypoint_2,6.331,-115.894,-29.975
56.536,waypoint_2,6.387,-115.972,-29.975
56.568,waypoint_2,6.443,-116.049,-29.976
56.614,waypoint_2,6.499,-116.127,-29.976
56.648,waypoint_2,6.569,-116.224,-29.976
56.680,waypoint_2,6.625,-116.301,-29.976
56.714,waypoint_2,6.681,-116.379,-29.976
56.748,waypoint_2,6.736,-116.456,-29.976
56.780,waypoint_2,6.792,-116.534,-29.976
56.814,waypoint_2,6.848,-116.612,-29.976
56.848,waypoint_2,6.918,-116.709,-29.976
56.880,waypoint_2,6.974,-116.787,-29.976
56.914,waypoint_2,7.030,-116.865,-29.976
56.948,waypoint_2,7.085,-116.943,-29.976
56.980,waypoint_2,7.141,-117.021,-29.975
57.014,waypoint_2,7.197,-117.099,-29.975
57.048,waypoint_2,7.266,-117.196,-29.975
57.080,waypoint_2,7.322,-117.274,-29.974
57.114,waypoint_2,7.378,-117.352,-29.974
57.148,waypoint_2,7.433,-117.430,-29.974
57.180,waypoint_2,7.489,-117.508,-29.974
57.214,waypoint_2,7.544,-117.586,-29.974
57.248,waypoint_2,7.614,-117.684,-29.974
57.280,waypoint_2,7.669,-117.762,-29.974
57.314,waypoint_2,7.725,-117.840,-29.975
57.348,waypoint_2,7.781,-117.918,-29.975
57.380,waypoint_2,7.836,-117.996,-29.975
57.414,waypoint_2,7.892,-118.074,-29.976
57.448,waypoint_2,7.962,-118.171,-29.976
57.480,waypoint_2,8.018,-118.249,-29.977
57.514,waypoint_2,8.074,-118.327,-29.977
57.548,waypoint_2,8.130,-118.405,-29.978
57.580,waypoint_2,8.186,-118.483,-29.979
57.614,waypoint_2,8.242,-118.561,-29.979
57.648,waypoint_2,8.313,-118.658,-29.980
57.680,waypoint_2,8.369,-118.736,-29.980
57.714,waypoint_2,8.426,-118.814,-29.981
57.748,waypoint_2,8.482,-118.892,-29.981
57.780,waypoint_2,8.539,-118.970,-29.981
57.814,waypoint_2,8.595,-119.048,-29.982
57.848,waypoint_2,8.666,-119.146,-29.982
57.880,waypoint_2,8.723,-119.224,-29.981
57.914,waypoint_2,8.779,-119.302,-29.981
57.948,waypoint_2,8.836,-119.380,-29.981
57.980,waypoint_2,8.893,-119.458,-29.981
58.014,waypoint_2,8.949,-119.536,-29.980
58.048,waypoint_2,9.020,-119.634,-29.980
58.080,waypoint_2,9.077,-119.712,-29.980
58.114,waypoint_2,9.133,-119.790,-29.979
58.148,waypoint_2,9.190,-119.868,-29.979
58.180,waypoint_2,9.246,-119.946,-29.979
58.214,waypoint_2,9.302,-120.023,-29.978
58.248,waypoint_2,9.372,-120.121,-29.978
58.280,waypoint_2,9.428,-120.199,-29.978
58.314,waypoint_2,9.484,-120.277,-29.978
58.348,waypoint_2,9.540,-120.355,-29.977
58.380,waypoint_2,9.596,-120.433,-29.977
58.414,waypoint_2,9.652,-120.511,-29.977
58.448,waypoint_2,9.722,-120.608,-29.977
58.480,waypoint_2,9.778,-120.686,-29.977
58.514,waypoint_2,9.834,-120.764,-29.977
58.548,waypoint_2,9.890,-120.842,-29.977
58.580,waypoint_2,9.946,-120.920,-29.976
58.614,waypoint_2,10.002,-120.998,-29.976
58.648,waypoint_2,10.072,-121.096,-29.976
58.680,waypoint_2,10.128,-121.174,-29.976
58.714,waypoint_2,10.185,-121.252,-29.976
58.748,waypoint_2,10.241,-121.330,-29.976
58.780,waypoint_2,10.297,-121.409,-29.976
58.814,waypoint_2,10.354,-121.487,-29.976
58.848,waypoint_2,10.424,-121.585,-29.976
58.880,waypoint_2,10.481,-121.664,-29.976
58.914,waypoint_2,10.537,-121.742,-29.976
58.948,waypoint_2,10.594,-121.821,-29.976
58.980,waypoint_2,10.650,-121.899,-29.976
59.014,waypoint_2,10.707,-121.978,-29.976
59.048,waypoint_2,10.777,-122.076,-29.976
59.080,waypoint_2,10.834,-122.155,-29.975
59.114,waypoint_2,10.890,-122.233,-29.975
59.148,waypoint_2,10.947,-122.312,-29.975
59.180,waypoint_2,11.003,-122.391,-29.974
59.214,waypoint_2,11.060,-122.470,-29.974
59.248,waypoint_2,11.130,-122.569,-29.974
59.280,waypoint_2,11.187,-122.648,-29.973
59.314,waypoint_2,11.243,-122.727,-29.973
59.348,waypoint_2,11.299,-122.806,-29.973
59.380,waypoint_2,11.355,-122.886,-29.973
59.414,waypoint_2,11.411,-122.965,-29.972
59.448,waypoint_2,11.481,-123.063,-29.972
59.480,waypoint_2,11.537,-123.143,-29.972
59.514,waypoint_2,11.592,-123.221,-29.973
59.548,waypoint_2,11.648,-123.300,-29.973
59.580,waypoint_2,11.703,-123.379,-29.973
59.614,waypoint_2,11.759,-123.458,-29.973
59.648,waypoint_2,11.828,-123.556,-29.973
59.680,waypoint_2,11.883,-123.634,-29.973
59.714,waypoint_2,11.938,-123.713,-29.974
59.748,waypoint_2,11.992,-123.791,-29.974
59.780,waypoint_2,12.047,-123.869,-29.974
59.814,waypoint_2,12.101,-123.947,-29.974
59.848,waypoint_2,12.170,-124.045,-29.974
59.880,waypoint_2,12.224,-124.123,-29.974
59.914,waypoint_2,12.278,-124.201,-29.974
59.958,waypoint_2,12.333,-124.278,-29.974
59.990,waypoint_2,12.387,-124.356,-29.974
60.025,waypoint_2,12.441,-124.433,-29.975
60.061,waypoint_2,12.509,-124.530,-29.975
60.093,waypoint_2,12.563,-124.608,-29.975
60.127,waypoint_2,12.617,-124.685,-29.976
60.161,waypoint_2,12.671,-124.762,-29.976
60.193,waypoint_2,12.725,-124.839,-29.977
60.227,waypoint_2,12.780,-124.916,-29.977
60.261,waypoint_2,12.848,-125.013,-29.978
60.293,waypoint_2,12.902,-125.090,-29.978
60.327,waypoint_2,12.957,-125.167,-29.979
60.361,waypoint_2,13.012,-125.244,-29.979
60.393,waypoint_2,13.066,-125.321,-29.980
60.427,waypoint_2,13.121,-125.399,-29.980
60.461,waypoint_2,13.190,-125.495,-29.980
60.493,waypoint_2,13.245,-125.572,-29.981
60.527,waypoint_2,13.301,-125.650,-29.981
60.561,waypoint_2,13.356,-125.727,-29.981
60.593,waypoint_2,13.411,-125.805,-29.982
60.627,waypoint_3,13.466,-125.883,-29.982
60.661,waypoint_3,13.535,-125.980,-29.982
60.693,waypoint_3,13.590,-126.058,-29.984
60.727,waypoint_3,13.645,-126.137,-29.989
60.761,waypoint_3,13.700,-126.215,-29.998
60.793,waypoint_3,13.753,-126.293,-30.009
60.827,waypoint_3,13.805,-126.371,-30.021
60.861,waypoint_3,13.866,-126.468,-30.037
60.893,waypoint_3,13.912,-126.545,-30.050
60.927,waypoint_3,13.953,-126.621,-30.062
60.961,waypoint_3,13.990,-126.697,-30.072
60.993,waypoint_3,14.022,-126.772,-30.080
61.027,waypoint_3,14.048,-126.846,-30.087
61.061,waypoint_3,14.074,-126.938,-30.092
61.094,waypoint_3,14.088,-127.010,-30.094
61.129,waypoint_3,14.096,-127.082,-30.095
61.164,waypoint_3,14.098,-127.153,-30.093
61.197,waypoint_3,14.095,-127.224,-30.090
61.231,waypoint_3,14.086,-127.293,-30.086
61.267,waypoint_3,14.066,-127.379,-30.080
61.300,waypoint_3,14.045,-127.447,-30.074
61.336,waypoint_3,14.019,-127.515,-30.067
61.370,waypoint_3,13.987,-127.581,-30.060
61.402,waypoint_3,13.952,-127.647,-30.052
61.436,waypoint_3,13.911,-127.712,-30.044
61.470,waypoint_3,13.855,-127.793,-30.035
61.502,waypoint_3,13.807,-127.857,-30.027
61.536,waypoint_3,13.755,-127.921,-30.020
61.570,waypoint_3,13.699,-127.984,-30.013
61.602,waypoint_3,13.642,-128.046,-30.007
61.636,waypoint_3,13.581,-128.109,-30.001
61.670,waypoint_3,13.503,-128.186,-29.994
61.702,waypoint_3,13.437,-128.248,-29.989
61.736,waypoint_3,13.370,-128.309,-29.985
61.770,waypoint_3,13.302,-128.370,-29.981
61.802,waypoint_3,13.233,-128.431,-29.977
61.836,waypoint_3,13.162,-128.492,-29.974
61.871,waypoint_3,13.072,-128.568,-29.971
61.902,waypoint_3,12.999,-128.629,-29.969
61.936,waypoint_3,12.926,-128.690,-29.967
61.970,waypoint_3,12.852,-128.750,-29.965
62.002,waypoint_3,12.778,-128.810,-29.964
62.036,waypoint_3,12.703,-128.871,-29.963
62.070,waypoint_3,12.610,-128.946,-29.962
62.102,waypoint_3,12.535,-129.006,-29.961
62.136,waypoint_3,12.460,-129.066,-29.961
62.170,waypoint_3,12.385,-129.126,-29.960
62.202,waypoint_3,12.310,-129.186,-29.960
62.236,waypoint_3,12.236,-129.246,-29.960
62.270,waypoint_3,12.143,-129.321,-29.960
62.302,waypoint_3,12.068,-129.381,-29.960
62.336,waypoint_3,11.994,-129.441,-29.961
62.370,waypoint_3,11.920,-129.502,-29.961
62.402,waypoint_3,11.847,-129.562,-29.962
62.436,waypoint_3,11.773,-129.622,-29.962
62.470,waypoint_3,11.682,-129.698,-29.963
62.502,waypoint_3,11.608,-129.758,-29.964
62.537,waypoint_3,11.536,-129.818,-29.965
62.570,waypoint_3,11.463,-129.879,-29.965
62.602,waypoint_3,11.390,-129.939,-29.966
62.636,waypoint_3,11.318,-129.999,-29.967
62.670,waypoint_3,11.228,-130.075,-29.967
62.702,waypoint_3,11.156,-130.135,-29.968
62.736,waypoint_3,11.084,-130.196,-29.969
62.770,waypoint_3,11.012,-130.257,-29.969
62.802,waypoint_3,10.941,-130.318,-29.970
62.836,waypoint_3,10.869,-130.378,-29.970
62.870,waypoint_3,10.780,-130.454,-29.971
62.902,waypoint_3,10.709,-130.515,-29.971
62.936,waypoint_3,10.638,-130.576,-29.972
62.970,waypoint_3,10.567,-130.637,-29.972
63.002,waypoint_3,10.496,-130.698,-29.973
63.036,waypoint_3,10.425,-130.759,-29.973
63.070,waypoint_3,10.336,-130.834,-29.973
63.102,waypoint_3,10.265,-130.895,-29.974
63.136,waypoint_3,10.194,-130.956,-29.974
63.170,waypoint_3,10.123,-131.016,-29.974
63.202,waypoint_3,10.052,-131.076,-29.974
63.236,waypoint_3,9.981,-131.137,-29.974
63.270,waypoint_3,9.892,-131.212,-29.974
63.302,waypoint_3,9.821,-131.272,-29.975
63.336,waypoint_3,9.749,-131.332,-29.975
63.370,waypoint_3,9.678,-131.392,-29.975
63.402,waypoint_3,9.606,-131.452,-29.975
63.436,waypoint_3,9.534,-131.512,-29.975
63.470,waypoint_3,9.444,-131.587,-29.975
63.502,waypoint_3,9.372,-131.646,-29.975
63.536,waypoint_3,9.300,-131.706,-29.975
63.570,waypoint_3,9.228,-131.765,-29.975
63.602,waypoint_3,9.156,-131.825,-29.975
63.636,waypoint_3,9.083,-131.884,-29.974
63.670,waypoint_3,8.992,-131.959,-29.974
63.702,waypoint_3,8.919,-132.018,-29.974
63.736,waypoint_3,8.846,-132.077,-29.974
63.770,waypoint_3,8.773,-132.137,-29.974
63.802,waypoint_3,8.699,-132.196,-29.974
63.836,waypoint_3,8.626,-132.256,-29.974
63.870,waypoint_3,8.534,-132.330,-29.975
63.902,waypoint_3,8.460,-132.389,-29.975
63.936,waypoint_3,8.386,-132.448,-29.975
63.970,waypoint_3,8.312,-132.508,-29.976
64.002,waypoint_3,8.238,-132.567,-29.976
64.036,waypoint_3,8.164,-132.626,-29.977
64.070,waypoint_3,8.070,-132.700,-29.977
64.102,waypoint_3,7.995,-132.760,-29.978
64.136,waypoint_3,7.920,-132.819,-29.978
64.170,waypoint_3,7.844,-132.879,-29.978
64.202,waypoint_3,7.768,-132.938,-29.978
64.236,waypoint_3,7.692,-132.997,-29.978
64.271,waypoint_3,7.596,-133.072,-29.978
64.303,waypoint_3,7.520,-133.131,-29.978
64.337,waypoint_3,7.443,-133.191,-29.979
64.371,waypoint_3,7.366,-133.250,-29.979
64.403,waypoint_3,7.289,-133.310,-29.978
64.438,waypoint_3,7.212,-133.369,-29.978
64.471,waypoint_3,7.115,-133.444,-29.978
64.503,waypoint_3,7.038,-133.503,-29.979
64.537,waypoint_3,6.961,-133.563,-29.979
64.572,waypoint_3,6.884,-133.622,-29.979
64.603,waypoint_3,6.807,-133.682,-29.979
64.637,waypoint_3,6.730,-133.741,-29.979
64.671,waypoint_3,6.634,-133.816,-29.979
64.703,waypoint_3,6.557,-133.875,-29.979
64.737,waypoint_3,6.480,-133.935,-29.980
64.771,waypoint_3,6.404,-133.994,-29.980
64.803,waypoint_3,6.327,-134.053,-29.981
64.837,waypoint_3,6.250,-134.113,-29.981
64.871,waypoint_3,6.154,-134.187,-29.982
64.903,waypoint_3,6.077,-134.247,-29.982
64.937,waypoint_3,6.000,-134.307,-29.982
64.971,waypoint_3,5.923,-134.367,-29.982
65.003,waypoint_3,5.847,-134.427,-29.983
65.037,waypoint_3,5.770,-134.487,-29.983
65.072,waypoint_3,5.674,-134.562,-29.983
65.103,waypoint_3,5.597,-134.622,-29.983
65.137,waypoint_3,5.520,-134.682,-29.983
65.172,waypoint_3,5.444,-134.742,-29.983
65.205,waypoint_3,5.367,-134.802,-29.983
65.240,waypoint_3,5.290,-134.862,-29.983
65.273,waypoint_3,5.194,-134.937,-29.984
65.305,waypoint_3,5.118,-134.997,-29.984
65.340,waypoint_3,5.041,-135.057,-29.984
65.373,waypoint_3,4.964,-135.118,-29.984
65.406,waypoint_3,4.887,-135.178,-29.984
65.440,waypoint_3,4.811,-135.238,-29.984
65.473,waypoint_3,4.715,-135.313,-29.984
65.505,waypoint_3,4.638,-135.373,-29.984
65.540,waypoint_3,4.561,-135.433,-29.984
65.573,waypoint_3,4.484,-135.494,-29.984
65.605,waypoint_3,4.407,-135.554,-29.984
65.640,waypoint_3,4.330,-135.614,-29.984
65.673,waypoint_3,4.234,-135.690,-29.984
65.705,waypoint_3,4.157,-135.750,-29.984
65.740,waypoint_3,4.080,-135.811,-29.984
65.774,waypoint_3,4.003,-135.871,-29.984
65.806,waypoint_3,3.926,-135.932,-29.984
65.840,waypoint_3,3.849,-135.993,-29.984
65.874,waypoint_3,3.753,-136.068,-29.984
65.906,waypoint_3,3.676,-136.129,-29.984
65.940,waypoint_3,3.599,-136.190,-29.984
65.974,waypoint_3,3.522,-136.251,-29.984
66.006,waypoint_3,3.444,-136.312,-29.985
66.040,waypoint_3,3.367,-136.373,-29.985
66.074,waypoint_3,3.270,-136.449,-29.985
66.106,waypoint_3,3.192,-136.510,-29.986
66.140,waypoint_3,3.115,-136.570,-29.986
66.174,waypoint_3,3.037,-136.631,-29.986
66.206,waypoint_3,2.959,-136.692,-29.987
66.241,waypoint_3,2.882,-136.752,-29.988
66.274,waypoint_3,2.784,-136.828,-29.988
66.306,waypoint_3,2.707,-136.889,-29.989
66.340,waypoint_3,2.629,-136.949,-29.989
66.374,waypoint_3,2.551,-137.010,-29.990
66.406,waypoint_3,2.473,-137.070,-29.990
66.440,waypoint_3,2.395,-137.131,-29.991
66.474,waypoint_3,2.298,-137.206,-29.991
66.506,waypoint_3,2.220,-137.266,-29.992
66.541,waypoint_3,2.143,-137.327,-29.992
66.574,waypoint_3,2.065,-137.387,-29.993
66.606,waypoint_3,1.987,-137.447,-29.993
66.640,waypoint_3,1.910,-137.507,-29.994
66.674,waypoint_3,1.813,-137.582,-29.994
66.706,waypoint_3,1.735,-137.642,-29.994
66.740,waypoint_3,1.658,-137.702,-29.995
66.774,waypoint_3,1.580,-137.762,-29.995
66.806,waypoint_3,1.503,-137.821,-29.995
66.841,waypoint_3,1.426,-137.881,-29.996
66.874,waypoint_3,1.329,-137.956,-29.996
66.906,waypoint_3,1.252,-138.016,-29.996
66.941,waypoint_3,1.175,-138.075,-29.997
66.974,waypoint_3,1.098,-138.135,-29.997
67.006,waypoint_3,1.021,-138.195,-29.997
67.041,waypoint_3,0.944,-138.255,-29.997
67.074,waypoint_3,0.848,-138.330,-29.998
67.106,waypoint_3,0.772,-138.390,-29.998
67.141,waypoint_3,0.695,-138.450,-29.998
67.174,waypoint_3,0.618,-138.510,-29.998
67.206,waypoint_3,0.542,-138.571,-29.999
67.240,waypoint_3,0.465,-138.631,-29.999
67.274,waypoint_3,0.369,-138.707,-30.000
67.306,waypoint_3,0.292,-138.768,-30.000
67.341,waypoint_3,0.215,-138.828,-30.000
67.374,waypoint_3,0.138,-138.889,-30.001
67.407,waypoint_3,0.061,-138.950,-30.002
67.441,waypoint_3,-0.016,-139.011,-30.002
67.474,waypoint_3,-0.112,-139.087,-30.003
67.506,waypoint_3,-0.189,-139.147,-30.003
67.541,waypoint_3,-0.266,-139.208,-30.004
67.574,waypoint_3,-0.343,-139.269,-30.004
67.607,waypoint_3,-0.421,-139.330,-30.005
67.640,waypoint_3,-0.498,-139.390,-30.005
67.675,waypoint_3,-0.594,-139.466,-30.006
67.706,waypoint_3,-0.671,-139.527,-30.006
67.741,waypoint_3,-0.748,-139.587,-30.006
67.775,waypoint_3,-0.825,-139.648,-30.006
67.807,waypoint_3,-0.902,-139.709,-30.006
67.841,waypoint_3,-0.979,-139.769,-30.006
67.876,waypoint_3,-1.076,-139.845,-30.007
67.908,waypoint_3,-1.153,-139.906,-30.007
67.943,waypoint_3,-1.230,-139.966,-30.007
67.977,waypoint_3,-1.307,-140.027,-30.007
68.009,waypoint_3,-1.385,-140.087,-30.007
68.043,waypoint_3,-1.462,-140.147,-30.007
68.077,waypoint_3,-1.559,-140.223,-30.007
68.109,waypoint_3,-1.617,-140.268,-30.007
68.143,waypoint_3,-1.714,-140.343,-30.007
68.177,waypoint_3,-1.791,-140.403,-30.007
68.209,waypoint_3,-1.869,-140.463,-30.007
68.243,waypoint_3,-1.947,-140.524,-30.008
68.277,waypoint_3,-2.044,-140.599,-30.008
68.309,waypoint_3,-2.121,-140.659,-30.008
68.343,waypoint_3,-2.199,-140.719,-30.008
68.377,waypoint_3,-2.276,-140.778,-30.008
68.409,waypoint_3,-2.354,-140.838,-30.008
68.443,waypoint_3,-2.431,-140.898,-30.008
68.478,waypoint_3,-2.528,-140.973,-30.008
68.510,waypoint_3,-2.605,-141.032,-30.008
68.544,waypoint_3,-2.683,-141.092,-30.007
68.578,waypoint_3,-2.760,-141.152,-30.007
68.610,waypoint_3,-2.838,-141.211,-30.007
68.644,waypoint_3,-2.915,-141.271,-30.007
68.678,waypoint_3,-3.012,-141.346,-30.007
68.710,waypoint_3,-3.089,-141.406,-30.007
68.744,waypoint_3,-3.166,-141.466,-30.007
68.778,waypoint_3,-3.243,-141.526,-30.006
68.810,waypoint_3,-3.320,-141.586,-30.006
68.844,waypoint_3,-3.397,-141.647,-30.006
68.878,waypoint_3,-3.493,-141.722,-30.006
68.910,waypoint_3,-3.570,-141.783,-30.006
68.944,waypoint_3,-3.647,-141.843,-30.006
68.978,waypoint_3,-3.724,-141.904,-30.006
69.010,waypoint_3,-3.801,-141.965,-30.006
69.044,waypoint_3,-3.877,-142.025,-30.006
69.078,waypoint_3,-3.973,-142.101,-30.005
69.110,waypoint_3,-4.050,-142.162,-30.005
69.144,waypoint_3,-4.126,-142.223,-30.005
69.178,waypoint_3,-4.203,-142.284,-30.005
69.210,waypoint_3,-4.280,-142.345,-30.006
69.244,waypoint_3,-4.356,-142.406,-30.006
69.278,waypoint_3,-4.452,-142.482,-30.006
69.310,waypoint_3,-4.529,-142.543,-30.006
69.344,waypoint_3,-4.605,-142.603,-30.007
69.378,waypoint_3,-4.682,-142.664,-30.007
69.410,waypoint_3,-4.759,-142.724,-30.007
69.444,waypoint_3,-4.835,-142.784,-30.007
69.478,waypoint_3,-4.931,-142.860,-30.007
69.510,waypoint_3,-5.008,-142.920,-30.007
69.544,waypoint_3,-5.085,-142.980,-30.007
69.578,waypoint_3,-5.162,-143.039,-30.007
69.610,waypoint_3,-5.238,-143.099,-30.007
69.644,waypoint_3,-5.315,-143.159,-30.007
69.678,waypoint_3,-5.411,-143.233,-30.007
69.710,waypoint_3,-5.488,-143.293,-30.007
69.744,waypoint_3,-5.565,-143.352,-30.007
69.778,waypoint_3,-5.642,-143.411,-30.007
69.810,waypoint_3,-5.719,-143.471,-30.006
69.844,waypoint_3,-5.796,-143.531,-30.006
69.878,waypoint_3,-5.893,-143.605,-30.006
69.910,waypoint_3,-5.970,-143.664,-30.006
69.944,waypoint_3,-6.047,-143.724,-30.006
69.978,waypoint_3,-6.124,-143.783,-30.006
70.010,waypoint_3,-6.201,-143.843,-30.006
70.044,waypoint_3,-6.279,-143.902,-30.006
70.078,waypoint_3,-6.376,-143.976,-30.007
70.110,waypoint_3,-6.453,-144.036,-30.007
70.144,waypoint_3,-6.530,-144.095,-30.007
70.178,waypoint_3,-6.608,-144.154,-30.008
70.210,waypoint_3,-6.685,-144.214,-30.008
70.244,waypoint_3,-6.762,-144.273,-30.008
70.278,waypoint_3,-6.858,-144.347,-30.009
70.310,waypoint_3,-6.935,-144.407,-30.009
70.344,waypoint_3,-7.011,-144.466,-30.010
70.378,waypoint_3,-7.088,-144.526,-30.010
70.410,waypoint_3,-7.165,-144.585,-30.010
70.444,waypoint_3,-7.241,-144.645,-30.010
70.478,waypoint_3,-7.336,-144.720,-30.010
70.510,waypoint_3,-7.412,-144.780,-30.010
70.544,waypoint_3,-7.488,-144.840,-30.010
70.578,waypoint_3,-7.564,-144.900,-30.010
70.610,waypoint_3,-7.640,-144.960,-30.010
70.644,waypoint_3,-7.716,-145.020,-30.010
70.678,waypoint_3,-7.811,-145.095,-30.010
70.710,waypoint_3,-7.887,-145.156,-30.010
70.744,waypoint_3,-7.963,-145.216,-30.010
70.778,waypoint_3,-8.038,-145.276,-30.010
70.810,waypoint_3,-8.114,-145.336,-30.010
70.844,waypoint_3,-8.189,-145.397,-30.011
70.878,waypoint_3,-8.283,-145.472,-30.011
70.910,waypoint_3,-8.358,-145.532,-30.011
70.944,waypoint_3,-8.433,-145.592,-30.011
70.978,waypoint_3,-8.508,-145.653,-30.011
71.010,waypoint_3,-8.582,-145.713,-30.011
71.044,waypoint_3,-8.657,-145.774,-30.011
71.078,waypoint_3,-8.750,-145.849,-30.012
71.110,waypoint_3,-8.805,-145.894,-30.012
71.144,waypoint_3,-8.898,-145.970,-30.012
71.179,waypoint_3,-8.972,-146.030,-30.012
71.211,waypoint_3,-9.047,-146.090,-30.011
71.245,waypoint_3,-9.121,-146.150,-30.011
71.315,waypoint_3,-9.214,-146.225,-30.011
71.348,waypoint_3,-9.289,-146.285,-30.011
71.382,waypoint_3,-9.363,-146.344,-30.011
71.416,waypoint_3,-9.438,-146.404,-30.011
71.448,waypoint_3,-9.513,-146.464,-30.011
71.482,waypoint_3,-9.587,-146.523,-30.011
71.516,waypoint_3,-9.681,-146.598,-30.011
71.548,waypoint_3,-9.756,-146.658,-30.011
71.582,waypoint_3,-9.831,-146.718,-30.011
71.616,waypoint_3,-9.906,-146.777,-30.011
71.648,waypoint_3,-9.981,-146.837,-30.011
71.682,waypoint_3,-10.055,-146.898,-30.012
71.716,waypoint_3,-10.149,-146.973,-30.012
71.748,waypoint_3,-10.223,-147.033,-30.013
71.782,waypoint_3,-10.298,-147.093,-30.013
71.816,waypoint_3,-10.373,-147.154,-30.013
71.848,waypoint_3,-10.447,-147.214,-30.014
71.882,waypoint_3,-10.522,-147.275,-30.014
71.916,waypoint_3,-10.615,-147.351,-30.015
71.948,waypoint_3,-10.690,-147.411,-30.016
71.982,waypoint_3,-10.765,-147.472,-30.016
72.016,waypoint_3,-10.840,-147.533,-30.017
72.048,waypoint_3,-10.914,-147.593,-30.017
72.082,waypoint_3,-10.989,-147.654,-30.018
72.116,waypoint_3,-11.083,-147.730,-30.019
72.148,waypoint_3,-11.157,-147.791,-30.019
72.182,waypoint_3,-11.232,-147.851,-30.019
72.216,waypoint_3,-11.307,-147.912,-30.019
72.248,waypoint_3,-11.382,-147.973,-30.019
72.282,waypoint_3,-11.458,-148.034,-30.020
72.316,waypoint_3,-11.552,-148.110,-30.020
72.348,waypoint_3,-11.627,-148.172,-30.020
72.382,waypoint_3,-11.703,-148.233,-30.021
72.416,waypoint_3,-11.778,-148.294,-30.021
72.448,waypoint_3,-11.854,-148.355,-30.021
72.482,waypoint_3,-11.929,-148.417,-30.021
72.516,waypoint_3,-12.024,-148.494,-30.021
72.548,waypoint_3,-12.100,-148.555,-30.021
72.582,waypoint_3,-12.175,-148.617,-30.022
72.616,waypoint_3,-12.251,-148.678,-30.022
72.648,waypoint_3,-12.327,-148.740,-30.022
72.682,waypoint_3,-12.403,-148.801,-30.022
72.716,waypoint_3,-12.498,-148.878,-30.022
72.748,waypoint_3,-12.574,-148.939,-30.022
72.782,waypoint_3,-12.650,-149.000,-30.022
72.816,waypoint_3,-12.726,-149.061,-30.021
72.848,waypoint_3,-12.802,-149.122,-30.021
72.882,waypoint_3,-12.878,-149.182,-30.020
72.916,waypoint_3,-12.973,-149.258,-30.019
72.948,waypoint_3,-13.049,-149.319,-30.019
72.982,waypoint_3,-13.125,-149.380,-30.018
73.016,waypoint_3,-13.201,-149.440,-30.018
73.048,waypoint_3,-13.276,-149.501,-30.017
73.082,waypoint_3,-13.352,-149.562,-30.017
73.116,waypoint_3,-13.447,-149.637,-30.016
73.148,waypoint_3,-13.523,-149.698,-30.015
73.182,waypoint_3,-13.598,-149.759,-30.015
73.216,waypoint_3,-13.674,-149.820,-30.014
73.248,waypoint_3,-13.749,-149.881,-30.014
73.282,waypoint_3,-13.824,-149.941,-30.014
73.316,waypoint_3,-13.918,-150.017,-30.013
73.348,waypoint_3,-13.993,-150.078,-30.013
73.382,waypoint_3,-14.069,-150.139,-30.013
73.416,waypoint_3,-14.144,-150.200,-30.012
73.448,waypoint_3,-14.219,-150.261,-30.012
73.482,waypoint_3,-14.294,-150.322,-30.012
73.516,waypoint_3,-14.388,-150.398,-30.011
73.548,waypoint_3,-14.463,-150.458,-30.011
73.582,waypoint_3,-14.537,-150.519,-30.011
73.616,waypoint_3,-14.612,-150.580,-30.011
73.648,waypoint_3,-14.687,-150.640,-30.010
73.681,waypoint_3,-14.762,-150.701,-30.010
73.715,waypoint_3,-14.837,-150.762,-30.010
73.749,waypoint_3,-14.931,-150.838,-30.010
73.781,waypoint_3,-15.005,-150.898,-30.010
73.815,waypoint_3,-15.080,-150.959,-30.010
73.849,waypoint_3,-15.155,-151.020,-30.010
73.881,waypoint_3,-15.230,-151.081,-30.010
73.915,waypoint_3,-15.304,-151.142,-30.010
73.949,waypoint_3,-15.398,-151.219,-30.010
73.981,waypoint_3,-15.472,-151.280,-30.011
74.015,waypoint_3,-15.547,-151.342,-30.011
74.049,waypoint_3,-15.621,-151.404,-30.011
74.081,waypoint_3,-15.696,-151.465,-30.012
74.115,waypoint_3,-15.770,-151.527,-30.012
74.149,waypoint_3,-15.863,-151.604,-30.013
74.181,waypoint_3,-15.937,-151.666,-30.014
74.215,waypoint_3,-16.011,-151.728,-30.014
74.249,waypoint_3,-16.085,-151.790,-30.015
74.281,waypoint_3,-16.159,-151.852,-30.015
74.315,waypoint_3,-16.233,-151.914,-30.015
74.349,waypoint_3,-16.325,-151.991,-30.016
74.381,waypoint_3,-16.399,-152.053,-30.016
74.415,waypoint_3,-16.473,-152.115,-30.016
74.450,waypoint_3,-16.547,-152.177,-30.016
74.482,waypoint_3,-16.620,-152.240,-30.016
74.516,waypoint_3,-16.694,-152.302,-30.016
74.550,waypoint_3,-16.786,-152.380,-30.016
74.582,waypoint_3,-16.860,-152.442,-30.016
74.616,waypoint_3,-16.934,-152.504,-30.016
74.650,waypoint_3,-17.007,-152.566,-30.015
74.683,waypoint_3,-17.081,-152.628,-30.015
74.716,waypoint_3,-17.155,-152.690,-30.015
74.750,waypoint_3,-17.247,-152.767,-30.014
74.782,waypoint_3,-17.320,-152.829,-30.014
74.816,waypoint_3,-17.394,-152.890,-30.014
74.850,waypoint_3,-17.468,-152.952,-30.013
74.882,waypoint_3,-17.541,-153.013,-30.013
74.916,waypoint_3,-17.615,-153.074,-30.013
74.950,waypoint_3,-17.707,-153.150,-30.012
74.982,waypoint_3,-17.780,-153.211,-30.012
75.016,waypoint_3,-17.854,-153.272,-30.012
75.051,waypoint_3,-17.927,-153.333,-30.011
75.082,waypoint_3,-18.001,-153.393,-30.011
75.116,waypoint_3,-18.074,-153.454,-30.011
75.150,waypoint_3,-18.166,-153.530,-30.010
75.182,waypoint_3,-18.240,-153.591,-30.010
75.216,waypoint_3,-18.314,-153.651,-30.010
75.250,waypoint_3,-18.388,-153.712,-30.010
75.282,waypoint_3,-18.462,-153.773,-30.009
75.316,waypoint_3,-18.536,-153.834,-30.009
75.350,waypoint_3,-18.628,-153.910,-30.009
75.382,waypoint_3,-18.703,-153.971,-30.009
75.416,waypoint_3,-18.777,-154.032,-30.009
75.450,waypoint_3,-18.851,-154.093,-30.009
75.482,waypoint_3,-18.926,-154.154,-30.008
75.516,waypoint_3,-19.000,-154.215,-30.008
75.550,waypoint_3,-19.093,-154.292,-30.008
75.582,waypoint_3,-19.167,-154.353,-30.008
75.616,waypoint_3,-19.241,-154.414,-30.008
75.651,waypoint_3,-19.315,-154.476,-30.008
75.682,waypoint_3,-19.389,-154.537,-30.008
75.716,waypoint_3,-19.464,-154.598,-30.007
75.750,waypoint_3,-19.556,-154.675,-30.007
75.782,waypoint_3,-19.630,-154.737,-30.007
75.816,waypoint_3,-19.704,-154.798,-30.007
75.850,waypoint_3,-19.778,-154.860,-30.006
75.882,waypoint_3,-19.852,-154.921,-30.006
75.916,waypoint_3,-19.927,-154.983,-30.006
75.950,waypoint_3,-20.020,-155.060,-30.006
75.982,waypoint_3,-20.094,-155.122,-30.006
76.016,waypoint_3,-20.168,-155.183,-30.006
76.050,waypoint_3,-20.243,-155.245,-30.006
76.082,waypoint_3,-20.317,-155.307,-30.007
76.116,waypoint_3,-20.392,-155.369,-30.007
76.150,waypoint_3,-20.485,-155.447,-30.007
76.182,waypoint_3,-20.559,-155.509,-30.008
76.216,waypoint_3,-20.634,-155.571,-30.008
76.250,waypoint_3,-20.708,-155.633,-30.008
76.282,waypoint_3,-20.782,-155.696,-30.009
76.316,waypoint_3,-20.856,-155.758,-30.009
76.350,waypoint_3,-20.949,-155.836,-30.009
76.382,waypoint_3,-21.023,-155.898,-30.009
76.416,waypoint_3,-21.097,-155.960,-30.010
76.450,waypoint_3,-21.171,-156.022,-30.010
76.482,waypoint_3,-21.245,-156.085,-30.010
76.516,waypoint_3,-21.319,-156.147,-30.010
76.551,waypoint_3,-21.411,-156.225,-30.010
76.582,waypoint_3,-21.485,-156.287,-30.010
76.616,waypoint_3,-21.559,-156.349,-30.010
76.650,waypoint_3,-21.633,-156.411,-30.010
76.682,waypoint_3,-21.707,-156.473,-30.010
76.716,waypoint_3,-21.781,-156.535,-30.010
76.750,waypoint_3,-21.873,-156.612,-30.010
76.782,waypoint_3,-21.947,-156.674,-30.010
76.816,waypoint_3,-22.021,-156.735,-30.010
76.850,waypoint_3,-22.095,-156.797,-30.010
76.882,waypoint_3,-22.169,-156.859,-30.009
76.916,waypoint_3,-22.243,-156.920,-30.009
76.950,waypoint_3,-22.336,-156.997,-30.009
76.982,waypoint_3,-22.409,-157.058,-30.008
77.016,waypoint_3,-22.483,-157.119,-30.008
77.051,waypoint_3,-22.557,-157.180,-30.008
77.082,waypoint_3,-22.630,-157.241,-30.008
77.116,waypoint_3,-22.704,-157.302,-30.008
77.151,waypoint_3,-22.796,-157.378,-30.008
77.182,waypoint_3,-22.869,-157.439,-30.008
77.217,waypoint_3,-22.943,-157.499,-30.008
77.250,waypoint_3,-23.016,-157.560,-30.008
77.282,waypoint_3,-23.089,-157.620,-30.008
77.316,waypoint_3,-23.162,-157.681,-30.008
77.351,waypoint_3,-23.254,-157.756,-30.008
77.383,waypoint_3,-23.327,-157.817,-30.008
77.416,waypoint_3,-23.400,-157.877,-30.008
77.450,waypoint_3,-23.473,-157.938,-30.008
77.482,waypoint_3,-23.546,-157.998,-30.007
77.516,waypoint_3,-23.619,-158.059,-30.007
77.551,waypoint_3,-23.710,-158.135,-30.007
77.582,waypoint_3,-23.784,-158.195,-30.007
77.616,waypoint_3,-23.857,-158.256,-30.007
77.650,waypoint_3,-23.930,-158.317,-30.006
77.682,waypoint_3,-24.004,-158.378,-30.006
77.716,waypoint_3,-24.077,-158.439,-30.006
77.750,waypoint_3,-24.169,-158.515,-30.006
77.782,waypoint_3,-24.243,-158.576,-30.006
77.816,waypoint_3,-24.316,-158.637,-30.006
77.850,waypoint_3,-24.390,-158.698,-30.006
77.883,waypoint_3,-24.463,-158.758,-30.007
77.916,waypoint_3,-24.537,-158.819,-30.007
77.950,waypoint_3,-24.629,-158.895,-30.008
77.982,waypoint_3,-24.704,-158.956,-30.008
78.016,waypoint_3,-24.778,-159.017,-30.009
78.050,waypoint_3,-24.852,-159.078,-30.009
78.082,waypoint_3,-24.926,-159.139,-30.010
78.116,waypoint_3,-25.001,-159.200,-30.010
78.150,waypoint_3,-25.094,-159.276,-30.011
78.182,waypoint_3,-25.169,-159.337,-30.011
78.216,waypoint_3,-25.243,-159.398,-30.012
78.251,waypoint_3,-25.318,-159.459,-30.012
78.282,waypoint_3,-25.393,-159.520,-30.013
78.316,waypoint_3,-25.467,-159.581,-30.013
78.350,waypoint_3,-25.561,-159.657,-30.014
78.382,waypoint_3,-25.636,-159.717,-30.014
78.416,waypoint_3,-25.711,-159.778,-30.014
78.450,waypoint_3,-25.786,-159.839,-30.015
78.482,waypoint_3,-25.861,-159.899,-30.015
78.516,waypoint_3,-25.936,-159.960,-30.015
78.550,waypoint_3,-26.030,-160.035,-30.016
78.582,waypoint_3,-26.105,-160.096,-30.016
78.616,waypoint_3,-26.180,-160.156,-30.017
78.650,waypoint_3,-26.255,-160.216,-30.017
78.682,waypoint_3,-26.330,-160.276,-30.018
78.716,waypoint_3,-26.404,-160.335,-30.018
78.750,waypoint_3,-26.498,-160.410,-30.019
78.783,waypoint_3,-26.572,-160.470,-30.020
78.816,waypoint_3,-26.646,-160.530,-30.021
78.851,waypoint_3,-26.721,-160.590,-30.022
78.882,waypoint_3,-26.795,-160.651,-30.022
78.916,waypoint_3,-26.869,-160.711,-30.023
78.951,waypoint_3,-26.962,-160.787,-30.024
78.982,waypoint_3,-27.036,-160.847,-30.025
79.016,waypoint_3,-27.110,-160.908,-30.025
79.050,waypoint_3,-27.183,-160.968,-30.026
79.082,waypoint_3,-27.257,-161.029,-30.026
79.116,waypoint_3,-27.331,-161.089,-30.026
79.150,waypoint_3,-27.423,-161.165,-30.027
79.182,waypoint_3,-27.497,-161.226,-30.027
79.216,waypoint_3,-27.570,-161.287,-30.027
79.250,waypoint_3,-27.644,-161.348,-30.027
79.282,waypoint_3,-27.717,-161.409,-30.027
79.316,waypoint_3,-27.791,-161.470,-30.027
79.351,waypoint_3,-27.883,-161.546,-30.027
79.382,waypoint_3,-27.957,-161.607,-30.027
79.416,waypoint_3,-28.031,-161.668,-30.027
79.450,waypoint_3,-28.105,-161.730,-30.026
79.482,waypoint_3,-28.179,-161.791,-30.026
79.516,waypoint_3,-28.253,-161.852,-30.025
79.550,waypoint_3,-28.346,-161.929,-30.024
79.582,waypoint_3,-28.420,-161.991,-30.024
79.616,waypoint_3,-28.495,-162.052,-30.023
79.650,waypoint_3,-28.569,-162.113,-30.022
79.682,waypoint_3,-28.643,-162.175,-30.022
79.716,waypoint_3,-28.717,-162.236,-30.021
79.751,waypoint_3,-28.810,-162.312,-30.020
79.784,waypoint_3,-28.884,-162.373,-30.019
79.818,waypoint_3,-28.958,-162.434,-30.019
79.852,waypoint_3,-29.032,-162.494,-30.018
79.884,waypoint_3,-29.106,-162.555,-30.018
79.918,waypoint_3,-29.180,-162.615,-30.017
79.952,waypoint_3,-29.273,-162.691,-30.017
79.984,waypoint_3,-29.346,-162.751,-30.016
80.018,waypoint_3,-29.420,-162.812,-30.016
80.052,waypoint_3,-29.494,-162.872,-30.015
80.084,waypoint_3,-29.568,-162.933,-30.015
80.118,waypoint_3,-29.641,-162.993,-30.015
80.152,waypoint_3,-29.733,-163.069,-30.014
80.184,waypoint_3,-29.807,-163.129,-30.014
80.218,waypoint_3,-29.881,-163.190,-30.013
80.252,waypoint_3,-29.954,-163.250,-30.013
80.284,waypoint_3,-30.028,-163.310,-30.012
80.318,waypoint_3,-30.102,-163.371,-30.012
80.352,waypoint_3,-30.194,-163.446,-30.011
80.384,waypoint_3,-30.267,-163.507,-30.011
80.418,waypoint_3,-30.341,-163.567,-30.010
80.452,waypoint_3,-30.415,-163.628,-30.010
80.484,waypoint_3,-30.489,-163.688,-30.009
80.518,waypoint_3,-30.562,-163.749,-30.009
80.552,waypoint_3,-30.655,-163.825,-30.009
80.584,waypoint_3,-30.729,-163.886,-30.008
80.618,waypoint_3,-30.803,-163.946,-30.008
80.652,waypoint_3,-30.877,-164.007,-30.008
80.684,waypoint_3,-30.951,-164.068,-30.007
80.718,waypoint_3,-31.025,-164.128,-30.007
80.752,waypoint_3,-31.118,-164.204,-30.006
80.784,waypoint_3,-31.193,-164.265,-30.006
80.818,waypoint_3,-31.267,-164.325,-30.006
80.852,waypoint_3,-31.341,-164.386,-30.006
80.884,waypoint_3,-31.416,-164.447,-30.005
80.918,waypoint_3,-31.490,-164.507,-30.005
80.952,waypoint_3,-31.583,-164.583,-30.005
80.984,waypoint_3,-31.658,-164.644,-30.005
81.019,waypoint_3,-31.732,-164.705,-30.004
81.056,waypoint_3,-31.806,-164.765,-30.004
81.088,waypoint_3,-31.881,-164.826,-30.004
81.122,waypoint_3,-31.955,-164.887,-30.004
81.156,waypoint_3,-32.048,-164.962,-30.004
81.188,waypoint_3,-32.122,-165.023,-30.004
81.222,waypoint_3,-32.196,-165.084,-30.003
81.256,waypoint_3,-32.270,-165.144,-30.003
81.288,waypoint_3,-32.344,-165.204,-30.003
81.322,waypoint_3,-32.419,-165.265,-30.003
81.356,waypoint_3,-32.512,-165.341,-30.002
81.388,waypoint_3,-32.586,-165.401,-30.003
81.422,waypoint_3,-32.660,-165.462,-30.003
81.456,waypoint_3,-32.734,-165.523,-30.003
81.488,waypoint_3,-32.808,-165.584,-30.003
81.522,waypoint_3,-32.882,-165.645,-30.003
81.556,waypoint_3,-32.975,-165.721,-30.003
81.588,waypoint_3,-33.049,-165.782,-30.004
81.622,waypoint_3,-33.123,-165.844,-30.004
81.656,waypoint_3,-33.197,-165.905,-30.005
81.688,waypoint_3,-33.271,-165.966,-30.005
81.722,waypoint_3,-33.345,-166.027,-30.005
81.756,waypoint_3,-33.437,-166.104,-30.005
81.788,waypoint_3,-33.511,-166.165,-30.005
81.822,waypoint_3,-33.585,-166.226,-30.006
81.856,waypoint_3,-33.659,-166.287,-30.006
81.888,waypoint_3,-33.733,-166.349,-30.006
81.922,waypoint_3,-33.807,-166.410,-30.006
81.956,waypoint_3,-33.899,-166.486,-30.006
81.988,waypoint_3,-33.973,-166.548,-30.006
82.022,waypoint_3,-34.047,-166.609,-30.006
82.056,waypoint_3,-34.121,-166.671,-30.006
82.088,waypoint_3,-34.195,-166.732,-30.006
82.122,waypoint_3,-34.269,-166.794,-30.007
82.156,waypoint_3,-34.361,-166.870,-30.007
82.188,waypoint_3,-34.435,-166.932,-30.007
82.222,waypoint_3,-34.508,-166.993,-30.007
82.256,waypoint_3,-34.581,-167.054,-30.008
82.288,waypoint_3,-34.655,-167.115,-30.008
82.322,waypoint_3,-34.728,-167.177,-30.008
82.356,waypoint_3,-34.819,-167.253,-30.009
82.388,waypoint_3,-34.892,-167.314,-30.009
82.422,waypoint_3,-34.965,-167.375,-30.009
82.456,waypoint_3,-35.038,-167.436,-30.009
82.488,waypoint_3,-35.111,-167.496,-30.010
82.522,waypoint_3,-35.184,-167.557,-30.010
82.556,waypoint_3,-35.275,-167.633,-30.010
82.588,waypoint_3,-35.348,-167.693,-30.010
82.622,waypoint_3,-35.421,-167.754,-30.010
82.656,waypoint_3,-35.494,-167.814,-30.010
82.688,waypoint_3,-35.567,-167.875,-30.010
82.722,waypoint_3,-35.639,-167.935,-30.010
82.756,waypoint_3,-35.730,-168.011,-30.010
82.788,waypoint_3,-35.803,-168.072,-30.010
82.822,waypoint_3,-35.876,-168.133,-30.009
82.856,waypoint_3,-35.949,-168.193,-30.009
82.888,waypoint_3,-36.021,-168.254,-30.009
82.922,waypoint_3,-36.094,-168.315,-30.009
82.956,waypoint_3,-36.185,-168.392,-30.008
82.988,waypoint_3,-36.258,-168.453,-30.008
83.022,waypoint_3,-36.331,-168.514,-30.007
83.056,waypoint_3,-36.404,-168.576,-30.007
83.088,waypoint_3,-36.477,-168.637,-30.006
83.122,waypoint_3,-36.550,-168.699,-30.006
83.156,waypoint_3,-36.641,-168.776,-30.005
83.188,waypoint_3,-36.714,-168.838,-30.005
83.223,waypoint_3,-36.787,-168.900,-30.004
83.257,waypoint_3,-36.860,-168.961,-30.004
83.290,waypoint_3,-36.934,-169.023,-30.004
83.323,waypoint_3,-37.007,-169.086,-30.004
83.357,waypoint_3,-37.098,-169.163,-30.003
83.389,waypoint_3,-37.171,-169.226,-30.003
83.423,waypoint_3,-37.245,-169.288,-30.003
83.457,waypoint_3,-37.318,-169.350,-30.003
83.489,waypoint_3,-37.391,-169.413,-30.003
83.523,waypoint_3,-37.464,-169.475,-30.003
83.557,waypoint_3,-37.556,-169.553,-30.003
83.589,waypoint_3,-37.629,-169.616,-30.003
83.623,waypoint_3,-37.702,-169.678,-30.003
83.657,waypoint_3,-37.775,-169.741,-30.003
83.689,waypoint_3,-37.848,-169.804,-30.003
83.723,waypoint_3,-37.921,-169.866,-30.003
83.757,waypoint_3,-38.012,-169.945,-30.003
83.790,waypoint_3,-38.085,-170.007,-30.003
83.823,waypoint_3,-38.158,-170.070,-30.003
83.857,waypoint_3,-38.230,-170.133,-30.003
83.889,waypoint_3,-38.303,-170.195,-30.003
83.923,waypoint_3,-38.376,-170.258,-30.003
83.957,waypoint_3,-38.467,-170.336,-30.003
83.989,waypoint_3,-38.541,-170.398,-30.003
84.023,waypoint_3,-38.614,-170.460,-30.003
84.057,waypoint_3,-38.687,-170.522,-30.003
84.089,waypoint_3,-38.760,-170.584,-30.003
84.123,waypoint_3,-38.833,-170.646,-30.003
84.157,waypoint_3,-38.925,-170.723,-30.003
84.189,waypoint_3,-38.998,-170.785,-30.003
84.223,waypoint_3,-39.072,-170.847,-30.003
84.257,waypoint_3,-39.146,-170.908,-30.004
84.290,waypoint_3,-39.219,-170.970,-30.004
84.324,waypoint_3,-39.293,-171.032,-30.004
84.358,waypoint_3,-39.385,-171.109,-30.004
84.390,waypoint_3,-39.459,-171.170,-30.004
84.424,waypoint_3,-39.532,-171.232,-30.004
84.458,waypoint_3,-39.606,-171.293,-30.004
84.490,waypoint_3,-39.680,-171.355,-30.004
84.524,waypoint_3,-39.753,-171.416,-30.004
84.558,waypoint_3,-39.845,-171.493,-30.004
84.590,waypoint_3,-39.919,-171.554,-30.004
84.624,waypoint_3,-39.993,-171.616,-30.004
84.658,waypoint_3,-40.067,-171.677,-30.004
84.690,waypoint_3,-40.140,-171.738,-30.004
84.724,waypoint_3,-40.214,-171.799,-30.003
84.758,waypoint_3,-40.307,-171.876,-30.003
84.790,waypoint_3,-40.380,-171.937,-30.003
84.824,waypoint_3,-40.454,-171.999,-30.003
84.858,waypoint_3,-40.528,-172.060,-30.004
84.890,waypoint_3,-40.602,-172.121,-30.004
84.924,waypoint_3,-40.676,-172.183,-30.004
84.958,waypoint_3,-40.768,-172.259,-30.004
84.990,waypoint_3,-40.842,-172.321,-30.004
85.024,waypoint_3,-40.916,-172.382,-30.005
85.058,waypoint_3,-40.990,-172.443,-30.005
85.090,waypoint_3,-41.063,-172.505,-30.005
85.124,waypoint_3,-41.137,-172.566,-30.006
85.158,waypoint_3,-41.229,-172.643,-30.006
85.190,waypoint_3,-41.303,-172.704,-30.007
85.224,waypoint_3,-41.376,-172.765,-30.007
85.258,waypoint_3,-41.450,-172.826,-30.007
85.290,waypoint_3,-41.524,-172.888,-30.008
85.324,waypoint_3,-41.598,-172.949,-30.008
85.358,waypoint_3,-41.690,-173.025,-30.009
85.390,waypoint_3,-41.764,-173.086,-30.009
85.424,waypoint_3,-41.838,-173.148,-30.010
85.458,waypoint_3,-41.912,-173.209,-30.010
85.491,waypoint_3,-41.986,-173.270,-30.010
85.524,waypoint_3,-42.060,-173.331,-30.010
85.558,waypoint_3,-42.152,-173.408,-30.011
85.590,waypoint_3,-42.226,-173.469,-30.011
85.624,waypoint_3,-42.300,-173.530,-30.011
85.659,waypoint_3,-42.374,-173.590,-30.011
85.690,waypoint_3,-42.448,-173.651,-30.012
85.725,waypoint_3,-42.522,-173.712,-30.012
85.759,waypoint_3,-42.615,-173.788,-30.012
85.800,waypoint_3,-42.689,-173.849,-30.012
85.840,waypoint_3,-42.763,-173.909,-30.013
85.875,waypoint_3,-42.837,-173.970,-30.013
85.907,waypoint_3,-42.911,-174.031,-30.013
85.941,waypoint_3,-42.984,-174.091,-30.013
85.975,waypoint_3,-43.077,-174.168,-30.014
86.007,waypoint_3,-43.150,-174.229,-30.014
86.041,waypoint_3,-43.224,-174.290,-30.014
86.075,waypoint_3,-43.297,-174.351,-30.014
86.107,waypoint_3,-43.371,-174.413,-30.014
86.141,waypoint_3,-43.444,-174.474,-30.014
86.175,waypoint_3,-43.536,-174.551,-30.013
86.207,waypoint_3,-43.609,-174.613,-30.013
86.242,waypoint_3,-43.683,-174.674,-30.013
86.275,waypoint_3,-43.756,-174.736,-30.013
86.307,waypoint_3,-43.829,-174.798,-30.013
86.342,waypoint_3,-43.902,-174.859,-30.012
86.376,waypoint_3,-43.994,-174.937,-30.012
86.409,waypoint_3,-44.067,-174.999,-30.012
86.442,waypoint_3,-44.140,-175.060,-30.012
86.476,waypoint_3,-44.214,-175.122,-30.012
86.508,waypoint_3,-44.287,-175.184,-30.012
86.542,waypoint_3,-44.360,-175.246,-30.012
86.578,waypoint_3,-44.451,-175.323,-30.011
86.610,waypoint_3,-44.524,-175.384,-30.011
86.644,waypoint_3,-44.597,-175.446,-30.011
86.678,waypoint_3,-44.670,-175.507,-30.011
86.710,waypoint_3,-44.743,-175.569,-30.010
86.744,waypoint_3,-44.817,-175.630,-30.010
86.778,waypoint_3,-44.908,-175.707,-30.010
86.810,waypoint_3,-44.981,-175.768,-30.009
86.844,waypoint_3,-45.054,-175.830,-30.009
86.878,waypoint_3,-45.127,-175.891,-30.009
86.910,waypoint_3,-45.200,-175.953,-30.008
86.944,waypoint_3,-45.273,-176.014,-30.008
86.978,waypoint_3,-45.363,-176.091,-30.008
87.010,waypoint_3,-45.436,-176.152,-30.007
87.044,waypoint_3,-45.509,-176.214,-30.007
87.078,waypoint_3,-45.581,-176.275,-30.007
87.110,waypoint_3,-45.654,-176.337,-30.007
87.144,waypoint_3,-45.726,-176.398,-30.007
87.178,waypoint_3,-45.817,-176.475,-30.007
87.210,waypoint_3,-45.889,-176.536,-30.007
87.244,waypoint_3,-45.962,-176.597,-30.007
87.278,waypoint_3,-46.034,-176.659,-30.007
87.310,waypoint_3,-46.106,-176.720,-30.008
87.344,waypoint_3,-46.179,-176.781,-30.008
87.378,waypoint_3,-46.269,-176.857,-30.008
87.411,waypoint_3,-46.341,-176.918,-30.009
87.445,waypoint_3,-46.413,-176.979,-30.009
87.479,waypoint_3,-46.485,-177.040,-30.010
87.511,waypoint_3,-46.557,-177.101,-30.010
87.545,waypoint_3,-46.629,-177.162,-30.010
87.579,waypoint_3,-46.720,-177.238,-30.010
87.611,waypoint_3,-46.792,-177.299,-30.011
87.645,waypoint_3,-46.864,-177.360,-30.011
87.679,waypoint_3,-46.936,-177.421,-30.011
87.711,waypoint_3,-47.009,-177.482,-30.011
87.745,waypoint_3,-47.081,-177.543,-30.011
87.779,waypoint_3,-47.172,-177.619,-30.011
87.811,waypoint_3,-47.244,-177.680,-30.010
87.845,waypoint_3,-47.317,-177.741,-30.010
87.879,waypoint_3,-47.390,-177.802,-30.010
87.911,waypoint_3,-47.462,-177.863,-30.010
87.945,waypoint_3,-47.535,-177.924,-30.010
87.979,waypoint_3,-47.626,-178.000,-30.010
88.011,waypoint_3,-47.699,-178.061,-30.010
88.045,waypoint_3,-47.772,-178.122,-30.009
88.079,waypoint_3,-47.845,-178.183,-30.009
88.124,waypoint_3,-47.919,-178.243,-30.009
88.158,waypoint_3,-48.010,-178.319,-30.008
88.190,waypoint_3,-48.083,-178.380,-30.007
88.224,waypoint_3,-48.157,-178.441,-30.006
88.258,waypoint_3,-48.230,-178.501,-30.006
88.290,waypoint_3,-48.304,-178.562,-30.005
88.324,waypoint_3,-48.377,-178.623,-30.005
88.358,waypoint_3,-48.469,-178.699,-30.004
88.390,waypoint_3,-48.543,-178.760,-30.003
88.424,waypoint_3,-48.617,-178.821,-30.003
88.458,waypoint_3,-48.691,-178.882,-30.002
88.490,waypoint_3,-48.765,-178.943,-30.001
88.524,waypoint_3,-48.838,-179.004,-30.001
88.558,waypoint_3,-48.931,-179.080,-30.000
88.590,waypoint_3,-49.004,-179.141,-30.000
88.624,waypoint_3,-49.078,-179.201,-29.999
88.658,waypoint_3,-49.152,-179.262,-29.999
88.690,waypoint_3,-49.226,-179.323,-29.999
88.724,waypoint_3,-49.300,-179.384,-29.999
88.758,waypoint_3,-49.393,-179.460,-29.999
88.790,waypoint_3,-49.467,-179.521,-29.999
88.824,waypoint_3,-49.541,-179.582,-29.999
88.858,waypoint_3,-49.615,-179.643,-30.000
88.890,waypoint_3,-49.689,-179.705,-30.000
88.924,waypoint_3,-49.763,-179.766,-30.000
88.958,waypoint_3,-49.855,-179.843,-30.001
88.990,waypoint_3,-49.929,-179.904,-30.001
89.024,waypoint_3,-50.003,-179.966,-30.002
89.058,waypoint_3,-50.077,-180.028,-30.002
89.090,waypoint_3,-50.151,-180.089,-30.003
89.124,waypoint_3,-50.225,-180.151,-30.004
89.158,waypoint_3,-50.317,-180.228,-30.005
89.190,waypoint_3,-50.391,-180.289,-30.006
89.224,waypoint_3,-50.465,-180.351,-30.007
89.258,waypoint_3,-50.539,-180.412,-30.007
89.290,waypoint_3,-50.613,-180.474,-30.008
89.324,waypoint_3,-50.688,-180.536,-30.009
89.358,waypoint_3,-50.780,-180.613,-30.010
89.390,waypoint_3,-50.854,-180.674,-30.011
89.424,waypoint_3,-50.928,-180.736,-30.012
89.458,waypoint_3,-51.002,-180.798,-30.013
89.490,waypoint_3,-51.076,-180.860,-30.013
89.524,waypoint_3,-51.150,-180.921,-30.014
89.558,waypoint_3,-51.242,-180.999,-30.014
89.590,waypoint_3,-51.316,-181.060,-30.015
89.625,waypoint_3,-51.390,-181.122,-30.015
89.659,waypoint_3,-51.464,-181.184,-30.015
89.691,waypoint_3,-51.537,-181.246,-30.015
89.725,waypoint_3,-51.611,-181.308,-30.015
89.759,waypoint_3,-51.703,-181.385,-30.015
89.791,waypoint_3,-51.777,-181.447,-30.015
89.825,waypoint_3,-51.851,-181.509,-30.015
89.860,waypoint_3,-51.924,-181.571,-30.015
89.891,waypoint_3,-51.998,-181.632,-30.015
89.925,waypoint_3,-52.072,-181.694,-30.015
89.959,waypoint_3,-52.145,-181.755,-30.015
89.991,waypoint_3,-52.237,-181.832,-30.015
90.026,waypoint_3,-52.311,-181.894,-30.015
90.060,waypoint_3,-52.385,-181.955,-30.015
90.091,waypoint_3,-52.459,-182.016,-30.015
90.125,waypoint_3,-52.533,-182.078,-30.015
90.159,waypoint_3,-52.626,-182.154,-30.015
90.191,waypoint_3,-52.700,-182.215,-30.015
90.225,waypoint_3,-52.774,-182.277,-30.014
90.259,waypoint_3,-52.848,-182.338,-30.014
90.291,waypoint_3,-52.922,-182.399,-30.014
90.325,waypoint_3,-52.996,-182.460,-30.014
90.360,waypoint_3,-53.088,-182.537,-30.014
90.391,waypoint_3,-53.162,-182.599,-30.014
90.425,waypoint_3,-53.236,-182.660,-30.014
90.459,waypoint_3,-53.310,-182.722,-30.015
90.491,waypoint_3,-53.383,-182.783,-30.015
90.525,waypoint_3,-53.457,-182.845,-30.015
90.559,waypoint_3,-53.549,-182.922,-30.015
90.591,waypoint_3,-53.622,-182.984,-30.015
90.626,waypoint_3,-53.696,-183.046,-30.015
90.659,waypoint_3,-53.769,-183.108,-30.015
90.691,waypoint_3,-53.842,-183.170,-30.015
90.725,waypoint_3,-53.916,-183.232,-30.016
90.759,waypoint_3,-54.007,-183.310,-30.015
90.791,waypoint_3,-54.081,-183.372,-30.015
90.825,waypoint_3,-54.154,-183.434,-30.015
90.860,waypoint_3,-54.227,-183.496,-30.015
90.891,waypoint_3,-54.301,-183.558,-30.015
90.925,waypoint_3,-54.374,-183.620,-30.015
90.959,waypoint_3,-54.465,-183.698,-30.016
90.991,waypoint_3,-54.539,-183.760,-30.016
91.025,waypoint_3,-54.612,-183.822,-30.016
91.059,waypoint_3,-54.686,-183.884,-30.017
91.091,waypoint_3,-54.759,-183.946,-30.017
91.125,waypoint_3,-54.832,-184.008,-30.018
91.159,waypoint_3,-54.924,-184.086,-30.018
91.191,waypoint_3,-54.997,-184.149,-30.018
91.225,waypoint_3,-55.070,-184.212,-30.019
91.259,waypoint_3,-55.144,-184.274,-30.019
91.291,waypoint_3,-55.217,-184.337,-30.019
91.325,waypoint_3,-55.290,-184.400,-30.019
91.359,waypoint_3,-55.382,-184.479,-30.020
91.391,waypoint_3,-55.455,-184.543,-30.019
91.425,goal,-55.528,-184.606,-30.019
91.459,goal,-55.601,-184.669,-30.020
91.491,goal,-55.674,-184.732,-30.024
91.525,goal,-55.747,-184.795,-30.030
91.559,goal,-55.836,-184.875,-30.042
91.591,goal,-55.906,-184.939,-30.052
91.625,goal,-55.974,-185.003,-30.064
91.659,goal,-56.039,-185.069,-30.075
91.691,goal,-56.101,-185.135,-30.086
91.725,goal,-56.159,-185.201,-30.096
91.759,goal,-56.225,-185.286,-30.106
91.791,goal,-56.274,-185.355,-30.112
91.825,goal,-56.317,-185.425,-30.117
91.859,goal,-56.355,-185.496,-30.120
91.891,goal,-56.389,-185.568,-30.121
91.925,goal,-56.417,-185.641,-30.121
91.959,goal,-56.446,-185.734,-30.120
91.991,goal,-56.463,-185.809,-30.117
92.025,goal,-56.476,-185.886,-30.114
92.059,goal,-56.484,-185.963,-30.109
92.091,goal,-56.487,-186.042,-30.104
92.125,goal,-56.486,-186.122,-30.099
92.159,goal,-56.479,-186.223,-30.091
92.191,goal,-56.469,-186.305,-30.085
92.225,goal,-56.456,-186.387,-30.079
92.259,goal,-56.439,-186.471,-30.073
92.291,goal,-56.419,-186.556,-30.067
92.325,goal,-56.396,-186.641,-30.061
92.359,goal,-56.364,-186.749,-30.055
92.391,goal,-56.336,-186.837,-30.049
92.425,goal,-56.306,-186.925,-30.044
92.459,goal,-56.274,-187.013,-30.040
92.491,goal,-56.241,-187.103,-30.036
92.525,goal,-56.206,-187.193,-30.032
92.559,goal,-56.161,-187.305,-30.027
92.591,goal,-56.124,-187.396,-30.024
92.625,goal,-56.086,-187.487,-30.022
92.659,goal,-56.048,-187.578,-30.019
92.691,goal,-56.009,-187.669,-30.017
92.725,goal,-55.970,-187.761,-30.015
92.759,goal,-55.921,-187.875,-30.013
92.791,goal,-55.881,-187.967,-30.011
92.825,goal,-55.840,-188.059,-30.010
92.859,goal,-55.800,-188.150,-30.009
92.891,goal,-55.760,-188.242,-30.008
92.925,goal,-55.719,-188.333,-30.008
92.959,goal,-55.669,-188.447,-30.007
92.991,goal,-55.628,-188.538,-30.007
93.025,goal,-55.588,-188.629,-30.007
93.059,goal,-55.547,-188.719,-30.006
93.092,goal,-55.507,-188.810,-30.006
93.126,goal,-55.467,-188.901,-30.006
93.160,goal,-55.417,-189.014,-30.006
93.192,goal,-55.377,-189.104,-30.006
93.227,goal,-55.337,-189.195,-30.006
93.260,goal,-55.297,-189.285,-30.007
93.292,goal,-55.257,-189.375,-30.007
93.326,goal,-55.217,-189.465,-30.007
93.360,goal,-55.167,-189.577,-30.007
93.392,goal,-55.128,-189.667,-30.007
93.426,goal,-55.088,-189.756,-30.007
93.460,goal,-55.049,-189.845,-30.008
93.493,goal,-55.009,-189.935,-30.008
93.528,goal,-54.970,-190.024,-30.008
93.562,goal,-54.920,-190.135,-30.008
93.594,goal,-54.881,-190.224,-30.008
93.628,goal,-54.841,-190.313,-30.008
93.662,goal,-54.802,-190.402,-30.008
93.693,goal,-54.763,-190.490,-30.008
93.728,goal,-54.723,-190.579,-30.008
93.762,goal,-54.674,-190.689,-30.008
93.793,goal,-54.634,-190.778,-30.008
93.828,goal,-54.595,-190.866,-30.008
93.862,goal,-54.555,-190.954,-30.008
93.893,goal,-54.516,-191.042,-30.008
93.928,goal,-54.476,-191.130,-30.008
93.962,goal,-54.437,-191.218,-30.008
93.993,goal,-54.387,-191.328,-30.008
94.028,goal,-54.347,-191.415,-30.007
94.061,goal,-54.307,-191.503,-30.007
94.093,goal,-54.267,-191.590,-30.007
94.128,goal,-54.227,-191.677,-30.006
94.161,goal,-54.177,-191.786,-30.006
94.193,goal,-54.137,-191.873,-30.005
94.228,goal,-54.096,-191.959,-30.005
94.262,goal,-54.056,-192.046,-30.005
94.293,goal,-54.015,-192.132,-30.004
94.328,goal,-53.974,-192.218,-30.004
94.362,goal,-53.923,-192.326,-30.003
94.393,goal,-53.882,-192.412,-30.002
94.428,goal,-53.841,-192.498,-30.001
94.462,goal,-53.799,-192.584,-30.000
94.493,goal,-53.758,-192.670,-29.999
94.527,goal,-53.717,-192.756,-29.998
94.561,goal,-53.665,-192.864,-29.997
94.593,goal,-53.624,-192.950,-29.996
94.628,goal,-53.582,-193.036,-29.995
94.662,goal,-53.540,-193.122,-29.994
94.693,goal,-53.498,-193.208,-29.993
94.727,goal,-53.456,-193.293,-29.992
94.762,goal,-53.404,-193.401,-29.990
94.793,goal,-53.361,-193.486,-29.989
94.827,goal,-53.319,-193.572,-29.989
94.862,goal,-53.276,-193.658,-29.988
94.893,goal,-53.234,-193.743,-29.987
94.928,goal,-53.191,-193.828,-29.986
94.961,goal,-53.137,-193.935,-29.985
94.993,goal,-53.094,-194.021,-29.985
95.027,goal,-53.051,-194.106,-29.984
95.062,goal,-53.008,-194.191,-29.984
95.093,goal,-52.965,-194.276,-29.984
95.127,goal,-52.921,-194.361,-29.984
95.161,goal,-52.867,-194.468,-29.984
95.194,goal,-52.823,-194.553,-29.983
95.229,goal,-52.779,-194.638,-29.983
95.263,goal,-52.735,-194.723,-29.983
95.294,goal,-52.691,-194.808,-29.983
95.329,goal,-52.647,-194.893,-29.983
95.363,goal,-52.592,-194.999,-29.983
95.394,goal,-52.547,-195.084,-29.983
95.429,goal,-52.502,-195.169,-29.983
95.463,goal,-52.458,-195.254,-29.983
95.494,goal,-52.412,-195.340,-29.984
95.529,goal,-52.367,-195.425,-29.984
95.563,goal,-52.311,-195.532,-29.984
95.594,goal,-52.265,-195.618,-29.985
95.629,goal,-52.220,-195.703,-29.985
95.663,goal,-52.174,-195.789,-29.986
95.696,goal,-52.128,-195.874,-29.986
95.730,goal,-52.082,-195.960,-29.986
95.764,goal,-52.025,-196.067,-29.987
95.796,goal,-51.979,-196.153,-29.987
95.830,goal,-51.933,-196.238,-29.987
95.864,goal,-51.887,-196.324,-29.987
95.896,goal,-51.841,-196.410,-29.987
95.930,goal,-51.795,-196.495,-29.987
95.964,goal,-51.737,-196.602,-29.987
95.996,goal,-51.691,-196.688,-29.988
96.030,goal,-51.644,-196.774,-29.988
96.064,goal,-51.598,-196.859,-29.988
96.096,goal,-51.552,-196.945,-29.988
96.130,goal,-51.505,-197.030,-29.988
96.164,goal,-51.447,-197.137,-29.988
96.196,goal,-51.401,-197.222,-29.989
96.230,goal,-51.354,-197.307,-29.989
96.264,goal,-51.308,-197.392,-29.989
96.297,goal,-51.262,-197.477,-29.989
96.331,goal,-51.216,-197.562,-29.990
96.364,goal,-51.170,-197.647,-29.990
96.398,goal,-51.113,-197.753,-29.990
96.430,goal,-51.067,-197.839,-29.990
96.464,goal,-51.021,-197.924,-29.990
96.498,goal,-50.975,-198.009,-29.990
96.530,goal,-50.929,-198.095,-29.991
96.564,goal,-50.883,-198.180,-29.991
96.598,goal,-50.825,-198.287,-29.991
96.630,goal,-50.779,-198.372,-29.991
96.664,goal,-50.733,-198.457,-29.991
96.698,goal,-50.687,-198.543,-29.991
96.730,goal,-50.641,-198.628,-29.990
96.764,goal,-50.594,-198.714,-29.990
96.798,goal,-50.537,-198.821,-29.990
96.830,goal,-50.490,-198.906,-29.990
96.864,goal,-50.444,-198.992,-29.989
96.898,goal,-50.398,-199.078,-29.989
96.930,goal,-50.351,-199.163,-29.989
96.964,goal,-50.305,-199.249,-29.989
96.998,goal,-50.247,-199.356,-29.988
97.030,goal,-50.201,-199.442,-29.988
97.064,goal,-50.155,-199.528,-29.988
97.098,goal,-50.109,-199.614,-29.988
97.130,goal,-50.063,-199.700,-29.988
97.164,goal,-50.017,-199.786,-29.988
97.198,goal,-49.959,-199.893,-29.987
97.230,goal,-49.913,-199.979,-29.987
97.265,goal,-49.867,-200.065,-29.987
97.298,goal,-49.821,-200.152,-29.986
97.330,goal,-49.776,-200.238,-29.986
97.364,goal,-49.730,-200.324,-29.985
97.398,goal,-49.672,-200.431,-29.985
97.430,goal,-49.626,-200.518,-29.984
97.464,goal,-49.580,-200.604,-29.984
97.498,goal,-49.534,-200.690,-29.983
97.530,goal,-49.488,-200.776,-29.983
97.564,goal,-49.442,-200.863,-29.983
97.598,goal,-49.384,-200.970,-29.982
97.630,goal,-49.338,-201.057,-29.982
97.664,goal,-49.292,-201.143,-29.982
97.698,goal,-49.245,-201.229,-29.982
97.730,goal,-49.198,-201.316,-29.982
97.764,goal,-49.152,-201.402,-29.982
97.798,goal,-49.093,-201.511,-29.982
97.830,goal,-49.046,-201.598,-29.983
97.864,goal,-48.999,-201.684,-29.983
97.899,goal,-48.952,-201.771,-29.983
97.931,goal,-48.905,-201.858,-29.983
97.965,goal,-48.859,-201.945,-29.983
97.999,goal,-48.800,-202.054,-29.984
98.031,goal,-48.753,-202.141,-29.984
98.065,goal,-48.706,-202.228,-29.984
98.099,goal,-48.660,-202.315,-29.984
98.131,goal,-48.613,-202.402,-29.985
98.165,goal,-48.567,-202.489,-29.985
98.199,goal,-48.509,-202.598,-29.985
98.231,goal,-48.462,-202.685,-29.985
98.265,goal,-48.416,-202.772,-29.985
98.299,goal,-48.370,-202.859,-29.985
98.331,goal,-48.324,-202.947,-29.985
98.365,goal,-48.278,-203.034,-29.985
98.399,goal,-48.220,-203.143,-29.984
98.431,goal,-48.175,-203.230,-29.984
98.465,goal,-48.129,-203.317,-29.984
98.499,goal,-48.084,-203.404,-29.984
98.531,goal,-48.039,-203.491,-29.983
98.565,goal,-47.994,-203.577,-29.983
98.599,goal,-47.937,-203.686,-29.983
98.631,goal,-47.893,-203.773,-29.982
98.665,goal,-47.848,-203.859,-29.982
98.699,goal,-47.804,-203.946,-29.982
98.731,goal,-47.759,-204.033,-29.981
98.765,goal,-47.715,-204.119,-29.981
98.799,goal,-47.660,-204.228,-29.981
98.831,goal,-47.616,-204.314,-29.980
98.865,goal,-47.572,-204.401,-29.980
98.899,goal,-47.528,-204.487,-29.980
98.931,goal,-47.484,-204.574,-29.979
98.965,goal,-47.440,-204.660,-29.979
98.999,goal,-47.384,-204.768,-29.979
99.031,goal,-47.340,-204.855,-29.979
99.065,goal,-47.295,-204.941,-29.978
99.099,goal,-47.251,-205.028,-29.978
99.131,goal,-47.206,-205.114,-29.978
99.165,goal,-47.162,-205.200,-29.978
99.199,goal,-47.106,-205.308,-29.978
99.231,goal,-47.061,-205.394,-29.977
99.265,goal,-47.016,-205.480,-29.977
99.299,goal,-46.971,-205.566,-29.976
99.331,goal,-46.925,-205.652,-29.976
99.365,goal,-46.880,-205.739,-29.976
99.399,goal,-46.824,-205.846,-29.975
99.431,goal,-46.779,-205.932,-29.975
99.465,goal,-46.734,-206.018,-29.975
99.499,goal,-46.689,-206.104,-29.975
99.531,goal,-46.644,-206.189,-29.976
99.565,goal,-46.599,-206.275,-29.976
99.599,goal,-46.543,-206.383,-29.977
99.631,goal,-46.499,-206.468,-29.977
99.665,goal,-46.454,-206.554,-29.978
99.699,goal,-46.409,-206.640,-29.979
99.731,goal,-46.364,-206.726,-29.980
99.765,goal,-46.319,-206.811,-29.981
99.799,goal,-46.263,-206.918,-29.982
99.831,goal,-46.218,-207.004,-29.982
99.865,goal,-46.174,-207.089,-29.983
99.899,goal,-46.129,-207.175,-29.983
99.931,goal,-46.085,-207.261,-29.984
99.965,goal,-46.041,-207.346,-29.984
99.999,goal,-45.986,-207.453,-29.984
100.031,goal,-45.942,-207.539,-29.984
100.065,goal,-45.898,-207.625,-29.984
100.099,goal,-45.854,-207.710,-29.984
100.131,goal,-45.810,-207.796,-29.984
100.165,goal,-45.766,-207.882,-29.984
100.199,goal,-45.711,-207.990,-29.984
100.231,goal,-45.667,-208.076,-29.984
100.265,goal,-45.623,-208.162,-29.984
100.299,goal,-45.579,-208.248,-29.984
100.331,goal,-45.535,-208.335,-29.984
100.365,goal,-45.491,-208.422,-29.984
100.399,goal,-45.436,-208.530,-29.984
100.431,goal,-45.392,-208.616,-29.984
100.465,goal,-45.348,-208.703,-29.984
100.499,goal,-45.304,-208.790,-29.984
100.531,goal,-45.260,-208.876,-29.984
100.565,goal,-45.216,-208.963,-29.984
100.599,goal,-45.161,-209.072,-29.984
100.631,goal,-45.117,-209.159,-29.984
100.665,goal,-45.073,-209.246,-29.984
100.699,goal,-45.029,-209.333,-29.984
100.731,goal,-44.985,-209.420,-29.984
100.765,goal,-44.940,-209.507,-29.984
100.799,goal,-44.885,-209.616,-29.984
100.831,goal,-44.840,-209.703,-29.984
100.865,goal,-44.795,-209.791,-29.984
100.900,goal,-44.751,-209.878,-29.984
100.932,goal,-44.706,-209.965,-29.984
100.966,goal,-44.662,-210.052,-29.984
101.000,goal,-44.606,-210.161,-29.983
101.032,goal,-44.562,-210.248,-29.983
101.066,goal,-44.518,-210.335,-29.983
101.100,goal,-44.474,-210.421,-29.983
101.132,goal,-44.430,-210.508,-29.982
101.166,goal,-44.386,-210.595,-29.982
101.200,goal,-44.331,-210.703,-29.982
101.232,goal,-44.287,-210.790,-29.981
101.266,goal,-44.244,-210.877,-29.981
101.300,goal,-44.200,-210.963,-29.981
101.332,goal,-44.157,-211.050,-29.981
101.366,goal,-44.114,-211.137,-29.980
101.402,goal,-44.060,-211.245,-29.980
101.434,goal,-44.017,-211.332,-29.980
101.468,goal,-43.974,-211.418,-29.980
101.502,goal,-43.932,-211.505,-29.979
101.534,goal,-43.889,-211.591,-29.979
101.568,goal,-43.846,-211.678,-29.979
101.602,goal,-43.793,-211.786,-29.979
101.634,goal,-43.750,-211.872,-29.979
101.668,goal,-43.707,-211.959,-29.979
101.702,goal,-43.665,-212.045,-29.979
101.734,goal,-43.622,-212.132,-29.979
101.768,goal,-43.579,-212.218,-29.979
101.802,goal,-43.526,-212.326,-29.979
101.834,goal,-43.483,-212.413,-29.980
101.868,goal,-43.441,-212.499,-29.980
101.902,goal,-43.398,-212.586,-29.980
101.934,goal,-43.355,-212.673,-29.980
101.968,goal,-43.313,-212.760,-29.980
102.002,goal,-43.259,-212.869,-29.980
102.034,goal,-43.216,-212.955,-29.980
102.068,goal,-43.174,-213.043,-29.980
102.103,goal,-43.131,-213.130,-29.979
102.135,goal,-43.088,-213.217,-29.979
102.169,goal,-43.045,-213.304,-29.979
102.204,goal,-42.992,-213.413,-29.979
102.236,goal,-42.949,-213.500,-29.979
102.270,goal,-42.906,-213.588,-29.979
102.304,goal,-42.863,-213.675,-29.979
102.336,goal,-42.821,-213.762,-29.979
102.370,goal,-42.778,-213.850,-29.979
102.404,goal,-42.724,-213.959,-29.979
102.437,goal,-42.681,-214.046,-29.978
102.471,goal,-42.638,-214.133,-29.978
102.505,goal,-42.594,-214.220,-29.978
102.537,goal,-42.551,-214.307,-29.978
102.571,goal,-42.508,-214.394,-29.978
102.605,goal,-42.454,-214.503,-29.977
102.637,goal,-42.411,-214.590,-29.977
102.671,goal,-42.368,-214.676,-29.977
102.705,goal,-42.325,-214.763,-29.976
102.737,goal,-42.283,-214.849,-29.976
102.771,goal,-42.240,-214.935,-29.976
102.805,goal,-42.186,-215.043,-29.976
102.837,goal,-42.143,-215.130,-29.976
102.871,goal,-42.100,-215.216,-29.976
102.905,goal,-42.057,-215.302,-29.977
102.937,goal,-42.014,-215.389,-29.977
102.971,goal,-41.971,-215.475,-29.977
103.005,goal,-41.918,-215.583,-29.978
103.037,goal,-41.875,-215.670,-29.979
103.071,goal,-41.832,-215.757,-29.979
103.105,goal,-41.789,-215.843,-29.980
103.137,goal,-41.746,-215.930,-29.981
103.171,goal,-41.703,-216.017,-29.981
103.205,goal,-41.650,-216.126,-29.982
103.237,goal,-41.607,-216.213,-29.982
103.271,goal,-41.564,-216.300,-29.983
103.305,goal,-41.521,-216.388,-29.984
103.337,goal,-41.478,-216.475,-29.984
103.371,goal,-41.435,-216.562,-29.985
103.405,goal,-41.382,-216.671,-29.986
103.437,goal,-41.339,-216.759,-29.986
103.471,goal,-41.296,-216.846,-29.987
103.505,goal,-41.254,-216.934,-29.988
103.537,goal,-41.211,-217.021,-29.988
103.571,goal,-41.168,-217.109,-29.988
103.605,goal,-41.115,-217.218,-29.989
103.637,goal,-41.072,-217.306,-29.989
103.671,goal,-41.030,-217.393,-29.990
103.705,goal,-40.987,-217.481,-29.990
103.737,goal,-40.945,-217.568,-29.991
103.771,goal,-40.903,-217.656,-29.991
103.805,goal,-40.850,-217.765,-29.991
103.837,goal,-40.807,-217.852,-29.991
103.871,goal,-40.765,-217.939,-29.991
103.905,goal,-40.723,-218.026,-29.991
103.937,goal,-40.681,-218.113,-29.991
103.971,goal,-40.638,-218.200,-29.991
104.005,goal,-40.586,-218.308,-29.991
104.037,goal,-40.544,-218.395,-29.991
104.071,goal,-40.501,-218.482,-29.991
104.105,goal,-40.459,-218.569,-29.991
104.137,goal,-40.417,-218.656,-29.991
104.171,goal,-40.375,-218.743,-29.991
104.205,goal,-40.322,-218.852,-29.992
104.237,goal,-40.280,-218.939,-29.992
104.271,goal,-40.238,-219.026,-29.992
104.305,goal,-40.196,-219.113,-29.992
104.337,goal,-40.154,-219.200,-29.992
104.371,goal,-40.112,-219.287,-29.992
104.405,goal,-40.059,-219.395,-29.992
104.437,goal,-40.017,-219.482,-29.992
104.471,goal,-39.975,-219.569,-29.992
104.505,goal,-39.933,-219.656,-29.992
104.537,goal,-39.891,-219.743,-29.992
104.571,goal,-39.850,-219.829,-29.992
104.605,goal,-39.798,-219.938,-29.992
104.637,goal,-39.756,-220.025,-29.992
104.671,goal,-39.715,-220.111,-29.992
104.705,goal,-39.674,-220.198,-29.992
104.737,goal,-39.633,-220.285,-29.992
104.771,goal,-39.592,-220.371,-29.992
104.805,goal,-39.540,-220.480,-29.992
104.837,goal,-39.499,-220.567,-29.992
104.871,goal,-39.458,-220.654,-29.992
104.905,goal,-39.416,-220.741,-29.992
104.937,goal,-39.375,-220.828,-29.992
104.971,goal,-39.333,-220.915,-29.992
105.005,goal,-39.281,-221.024,-29.993
105.037,goal,-39.239,-221.111,-29.993
105.071,goal,-39.197,-221.198,-29.993
105.105,goal,-39.156,-221.285,-29.993
105.137,goal,-39.114,-221.372,-29.993
105.171,goal,-39.072,-221.459,-29.993
105.205,goal,-39.020,-221.568,-29.993
105.259,goal,-38.978,-221.655,-29.992
105.298,goal,-38.936,-221.742,-29.992
105.332,goal,-38.895,-221.829,-29.992
105.364,goal,-38.853,-221.917,-29.992
105.398,goal,-38.812,-222.004,-29.991
105.432,goal,-38.760,-222.113,-29.991
105.464,goal,-38.718,-222.200,-29.991
105.498,goal,-38.676,-222.287,-29.991
105.532,goal,-38.635,-222.374,-29.990
105.564,goal,-38.594,-222.461,-29.990
105.598,goal,-38.552,-222.548,-29.990
105.632,goal,-38.501,-222.657,-29.990
105.664,goal,-38.459,-222.745,-29.990
105.698,goal,-38.418,-222.832,-29.989
105.732,goal,-38.377,-222.919,-29.989
105.764,goal,-38.337,-223.006,-29.989
105.798,goal,-38.296,-223.093,-29.989
105.832,goal,-38.245,-223.202,-29.989
105.864,goal,-38.204,-223.289,-29.989
105.898,goal,-38.163,-223.376,-29.989
105.932,goal,-38.122,-223.463,-29.990
105.964,goal,-38.082,-223.550,-29.990
105.998,goal,-38.041,-223.637,-29.990
106.032,goal,-37.990,-223.746,-29.990
106.064,goal,-37.949,-223.832,-29.990
106.098,goal,-37.908,-223.919,-29.990
106.133,goal,-37.867,-224.006,-29.990
106.166,goal,-37.827,-224.092,-29.989
106.200,goal,-37.786,-224.179,-29.989
106.234,goal,-37.735,-224.287,-29.989
106.266,goal,-37.694,-224.374,-29.989
106.300,goal,-37.654,-224.461,-29.989
106.334,goal,-37.613,-224.547,-29.989
106.370,goal,-37.572,-224.634,-29.988
106.404,goal,-37.532,-224.721,-29.988
106.438,goal,-37.481,-224.829,-29.988
106.470,goal,-37.440,-224.916,-29.987
106.504,goal,-37.400,-225.003,-29.987
106.538,goal,-37.359,-225.090,-29.987
106.570,goal,-37.319,-225.177,-29.987
106.604,goal,-37.278,-225.264,-29.987
106.638,goal,-37.228,-225.373,-29.986
106.670,goal,-37.188,-225.460,-29.986
106.704,goal,-37.147,-225.547,-29.986
106.738,goal,-37.107,-225.634,-29.985
106.770,goal,-37.066,-225.721,-29.985
106.804,goal,-37.026,-225.808,-29.985
106.838,goal,-36.976,-225.917,-29.984
106.870,goal,-36.935,-226.004,-29.984
106.904,goal,-36.895,-226.091,-29.984
106.938,goal,-36.854,-226.178,-29.983
106.970,goal,-36.814,-226.265,-29.983
107.004,goal,-36.773,-226.352,-29.983
107.038,goal,-36.722,-226.461,-29.983
107.070,goal,-36.681,-226.548,-29.982
107.104,goal,-36.641,-226.636,-29.982
107.138,goal,-36.600,-226.723,-29.981
107.172,goal,-36.559,-226.810,-29.981
107.206,goal,-36.518,-226.897,-29.980
107.240,goal,-36.467,-227.006,-29.979
107.272,goal,-36.426,-227.094,-29.979
107.306,goal,-36.386,-227.181,-29.978
107.340,goal,-36.345,-227.268,-29.977
107.372,goal,-36.304,-227.356,-29.976
107.406,goal,-36.263,-227.443,-29.975
107.440,goal,-36.212,-227.553,-29.974
107.472,goal,-36.171,-227.640,-29.973
107.506,goal,-36.130,-227.727,-29.972
107.540,goal,-36.089,-227.814,-29.971
107.572,goal,-36.047,-227.902,-29.970
107.606,goal,-36.006,-227.989,-29.969
107.640,goal,-35.955,-228.098,-29.968
107.672,goal,-35.914,-228.185,-29.968
107.706,goal,-35.874,-228.272,-29.967
107.740,goal,-35.833,-228.359,-29.967
107.772,goal,-35.792,-228.447,-29.967
107.806,goal,-35.752,-228.534,-29.967
107.840,goal,-35.702,-228.643,-29.967
107.872,goal,-35.661,-228.730,-29.968
107.906,goal,-35.621,-228.817,-29.968
107.940,goal,-35.580,-228.905,-29.968
107.972,goal,-35.540,-228.992,-29.968
108.006,goal,-35.499,-229.079,-29.968
108.040,goal,-35.448,-229.188,-29.968
108.072,goal,-35.407,-229.276,-29.968
108.106,goal,-35.366,-229.363,-29.969
108.140,goal,-35.325,-229.450,-29.969
108.172,goal,-35.284,-229.538,-29.969
108.206,goal,-35.243,-229.625,-29.969
108.240,goal,-35.192,-229.734,-29.969
108.272,goal,-35.150,-229.821,-29.969
108.306,goal,-35.109,-229.908,-29.969
108.340,goal,-35.068,-229.995,-29.969
108.372,goal,-35.026,-230.082,-29.969
108.406,goal,-34.985,-230.168,-29.968
108.441,goal,-34.933,-230.277,-29.968
108.473,goal,-34.892,-230.364,-29.968
108.507,goal,-34.851,-230.451,-29.968
108.541,goal,-34.810,-230.537,-29.967
108.573,goal,-34.769,-230.624,-29.967
108.607,goal,-34.728,-230.711,-29.967
108.641,goal,-34.677,-230.819,-29.967
108.673,goal,-34.637,-230.905,-29.967
108.707,goal,-34.596,-230.992,-29.967
108.741,goal,-34.556,-231.078,-29.967
108.773,goal,-34.516,-231.165,-29.967
108.807,goal,-34.476,-231.251,-29.967
108.841,goal,-34.426,-231.359,-29.967
108.873,goal,-34.385,-231.446,-29.967
108.907,goal,-34.346,-231.532,-29.967
108.941,goal,-34.306,-231.618,-29.967
108.973,goal,-34.266,-231.705,-29.966
109.007,goal,-34.227,-231.791,-29.966
109.041,goal,-34.177,-231.899,-29.966
109.073,goal,-34.138,-231.986,-29.965
109.107,goal,-34.099,-232.072,-29.965
109.141,goal,-34.060,-232.159,-29.965
109.173,goal,-34.021,-232.245,-29.965
109.207,goal,-33.982,-232.332,-29.965
109.241,goal,-33.933,-232.440,-29.965
109.273,goal,-33.894,-232.527,-29.965
109.307,goal,-33.855,-232.613,-29.965
109.341,goal,-33.816,-232.700,-29.964
109.373,goal,-33.777,-232.787,-29.964
109.407,goal,-33.738,-232.874,-29.964
109.441,goal,-33.689,-232.982,-29.963
109.473,goal,-33.650,-233.069,-29.963
109.507,goal,-33.611,-233.156,-29.962
109.541,goal,-33.572,-233.243,-29.962
109.573,goal,-33.533,-233.330,-29.962
109.607,goal,-33.494,-233.417,-29.961
109.641,goal,-33.445,-233.526,-29.961
109.673,goal,-33.406,-233.614,-29.961
109.707,goal,-33.367,-233.701,-29.961
109.741,goal,-33.328,-233.788,-29.961
109.773,goal,-33.289,-233.875,-29.961
109.807,goal,-33.250,-233.962,-29.961
109.841,goal,-33.201,-234.070,-29.961
109.873,goal,-33.162,-234.157,-29.961
109.907,goal,-33.123,-234.244,-29.962
109.941,goal,-33.084,-234.331,-29.962
109.973,goal,-33.044,-234.417,-29.962
110.007,goal,-33.004,-234.504,-29.962
110.041,goal,-32.955,-234.612,-29.962
110.073,goal,-32.915,-234.698,-29.962
110.107,goal,-32.874,-234.785,-29.962
110.142,goal,-32.834,-234.871,-29.963
110.174,goal,-32.794,-234.958,-29.963
110.208,goal,-32.753,-235.044,-29.963
110.242,goal,-32.703,-235.152,-29.963
110.274,goal,-32.662,-235.238,-29.964
110.309,goal,-32.622,-235.325,-29.964
110.343,goal,-32.581,-235.411,-29.964
110.375,goal,-32.541,-235.498,-29.965
110.409,goal,-32.500,-235.584,-29.966
110.443,goal,-32.449,-235.692,-29.966
110.475,goal,-32.408,-235.779,-29.967
110.509,goal,-32.368,-235.865,-29.967
110.543,goal,-32.327,-235.952,-29.968
110.575,goal,-32.286,-236.039,-29.968
110.609,goal,-32.245,-236.125,-29.969
110.643,goal,-32.193,-236.234,-29.970
110.675,goal,-32.152,-236.320,-29.970
110.709,goal,-32.111,-236.407,-29.971
110.743,goal,-32.070,-236.494,-29.971
110.775,goal,-32.029,-236.581,-29.972
110.809,goal,-31.988,-236.668,-29.972
110.844,goal,-31.937,-236.777,-29.973
110.876,goal,-31.896,-236.864,-29.973
110.911,goal,-31.855,-236.951,-29.974
110.944,goal,-31.815,-237.039,-29.974
110.976,goal,-31.774,-237.126,-29.974
111.010,goal,-31.733,-237.213,-29.974
111.044,goal,-31.681,-237.323,-29.974
111.076,goal,-31.640,-237.410,-29.975
111.110,goal,-31.599,-237.497,-29.975
111.146,goal,-31.558,-237.584,-29.976
111.178,goal,-31.516,-237.671,-29.976
111.212,goal,-31.475,-237.759,-29.977
111.246,goal,-31.423,-237.868,-29.977
111.278,goal,-31.382,-237.955,-29.978
111.312,goal,-31.340,-238.042,-29.979
111.346,approach,-31.299,-238.129,-29.980
111.378,approach,-31.257,-238.216,-29.980
111.412,approach,-31.215,-238.303,-29.979
111.446,approach,-31.164,-238.412,-29.969
111.478,approach,-31.123,-238.498,-29.953
111.512,approach,-31.082,-238.585,-29.931
111.547,approach,-31.041,-238.671,-29.902
111.579,approach,-31.001,-238.756,-29.868
111.614,approach,-30.961,-238.841,-29.829
111.648,approach,-30.911,-238.947,-29.776
111.680,approach,-30.871,-239.030,-29.729
111.714,approach,-30.832,-239.113,-29.680
111.748,approach,-30.793,-239.195,-29.629
111.780,approach,-30.755,-239.276,-29.577
111.814,approach,-30.717,-239.355,-29.523
111.848,approach,-30.670,-239.452,-29.456
111.880,approach,-30.634,-239.529,-29.401
111.914,approach,-30.598,-239.603,-29.347
111.948,approach,-30.563,-239.675,-29.292
111.980,approach,-30.529,-239.746,-29.237
112.014,approach,-30.496,-239.814,-29.183
112.048,approach,-30.456,-239.897,-29.114
112.080,approach,-30.424,-239.961,-29.060
112.114,approach,-30.394,-240.023,-29.006
112.148,approach,-30.365,-240.082,-28.952
112.180,approach,-30.336,-240.139,-28.898
112.214,approach,-30.309,-240.194,-28.845
112.248,approach,-30.277,-240.259,-28.778
112.280,approach,-30.252,-240.308,-28.725
112.314,approach,-30.229,-240.355,-28.672
112.348,approach,-30.206,-240.399,-28.619
112.380,approach,-30.184,-240.441,-28.567
112.414,approach,-30.164,-240.481,-28.514
112.448,approach,-30.139,-240.527,-28.449
112.480,approach,-30.121,-240.562,-28.397
112.514,approach,-30.103,-240.594,-28.345
112.548,approach,-30.087,-240.624,-28.293
112.580,approach,-30.071,-240.652,-28.241
112.614,approach,-30.057,-240.677,-28.190
112.648,approach,-30.040,-240.707,-28.125
112.680,approach,-30.028,-240.728,-28.074
112.714,approach,-30.016,-240.748,-28.022
112.748,approach,-30.006,-240.765,-27.971
112.780,approach,-29.996,-240.782,-27.920
112.814,approach,-29.987,-240.796,-27.869
112.848,approach,-29.977,-240.812,-27.805
112.880,approach,-29.969,-240.824,-27.753
112.914,approach,-29.963,-240.833,-27.702
112.948,approach,-29.957,-240.842,-27.652
112.980,approach,-29.951,-240.849,-27.601
113.014,approach,-29.947,-240.856,-27.550
113.048,approach,-29.941,-240.862,-27.487
113.080,approach,-29.938,-240.866,-27.437
113.114,approach,-29.935,-240.869,-27.386
113.148,approach,-29.933,-240.872,-27.336
113.180,approach,-29.931,-240.874,-27.286
113.214,approach,-29.930,-240.874,-27.236
113.248,approach,-29.929,-240.874,-27.174
113.280,approach,-29.928,-240.874,-27.125
113.314,approach,-29.928,-240.872,-27.075
113.348,approach,-29.929,-240.870,-27.026
113.380,approach,-29.929,-240.867,-26.976
113.414,approach,-29.930,-240.864,-26.927
113.448,approach,-29.932,-240.860,-26.866
113.480,approach,-29.934,-240.856,-26.817
113.514,approach,-29.935,-240.851,-26.767
113.548,approach,-29.937,-240.846,-26.719
113.580,approach,-29.940,-240.841,-26.670
113.614,approach,-29.942,-240.835,-26.621
113.648,approach,-29.946,-240.828,-26.560
113.680,approach,-29.949,-240.822,-26.511
113.714,approach,-29.952,-240.815,-26.462
113.748,approach,-29.956,-240.809,-26.414
113.780,approach,-29.960,-240.802,-26.365
113.815,approach,-29.964,-240.796,-26.316
113.849,approach,-29.969,-240.787,-26.255
113.881,approach,-29.973,-240.780,-26.207
113.915,approach,-29.978,-240.774,-26.158
113.949,approach,-29.982,-240.767,-26.109
113.981,approach,-29.987,-240.760,-26.060
114.015,approach,-29.991,-240.753,-26.010
114.049,approach,-29.997,-240.745,-25.949
114.081,approach,-30.002,-240.738,-25.899
114.115,approach,-30.006,-240.732,-25.850
114.149,approach,-30.011,-240.726,-25.801
114.181,approach,-30.015,-240.720,-25.752
114.215,approach,-30.020,-240.714,-25.703
114.249,approach,-30.025,-240.707,-25.641
114.281,approach,-30.029,-240.701,-25.592
114.315,approach,-30.033,-240.696,-25.543
114.349,approach,-30.036,-240.691,-25.494
114.381,approach,-30.040,-240.686,-25.445
114.415,approach,-30.044,-240.682,-25.395
114.449,approach,-30.048,-240.676,-25.334
114.481,approach,-30.051,-240.672,-25.285
114.515,approach,-30.055,-240.668,-25.236
114.549,approach,-30.058,-240.664,-25.187
114.581,approach,-30.061,-240.661,-25.138
114.615,approach,-30.064,-240.657,-25.089
114.649,approach,-30.068,-240.653,-25.028
114.681,approach,-30.071,-240.650,-24.979
114.715,approach,-30.073,-240.646,-24.931
114.749,approach,-30.076,-240.643,-24.882
114.781,approach,-30.078,-240.640,-24.833
114.816,approach,-30.080,-240.638,-24.785
114.849,approach,-30.083,-240.634,-24.724
114.881,approach,-30.085,-240.631,-24.676
114.916,approach,-30.087,-240.629,-24.628
114.949,approach,-30.089,-240.626,-24.579
114.982,approach,-30.090,-240.624,-24.531
115.015,approach,-30.092,-240.622,-24.483
115.049,approach,-30.094,-240.619,-24.423
115.081,approach,-30.095,-240.617,-24.374
115.115,approach,-30.097,-240.616,-24.326
115.149,approach,-30.098,-240.614,-24.277
115.181,approach,-30.099,-240.613,-24.229
115.215,approach,-30.099,-240.612,-24.180
115.249,approach,-30.100,-240.610,-24.119
115.281,approach,-30.101,-240.610,-24.070
115.315,approach,-30.101,-240.609,-24.022
115.349,approach,-30.102,-240.609,-23.973
115.381,approach,-30.102,-240.608,-23.925
115.415,approach,-30.102,-240.608,-23.876
115.449,approach,-30.103,-240.608,-23.815
115.481,approach,-30.103,-240.608,-23.766
115.515,approach,-30.103,-240.609,-23.718
115.549,approach,-30.103,-240.609,-23.669
115.581,approach,-30.103,-240.609,-23.621
115.615,approach,-30.103,-240.610,-23.572
115.649,approach,-30.103,-240.610,-23.512
115.681,approach,-30.103,-240.611,-23.464
115.715,approach,-30.103,-240.611,-23.416
115.749,approach,-30.103,-240.611,-23.368
115.781,approach,-30.103,-240.612,-23.319
115.815,approach,-30.104,-240.612,-23.271
115.849,approach,-30.104,-240.613,-23.211
115.881,approach,-30.104,-240.614,-23.163
115.915,approach,-30.104,-240.614,-23.115
115.949,approach,-30.105,-240.615,-23.067
115.981,approach,-30.105,-240.616,-23.020
116.015,approach,-30.106,-240.616,-22.972
116.049,approach,-30.107,-240.617,-22.912
116.081,approach,-30.108,-240.618,-22.864
116.115,approach,-30.109,-240.619,-22.816
116.149,approach,-30.111,-240.619,-22.768
116.181,approach,-30.112,-240.620,-22.720
116.215,approach,-30.113,-240.621,-22.672
116.249,approach,-30.115,-240.621,-22.612
116.281,approach,-30.117,-240.622,-22.564
116.315,approach,-30.119,-240.623,-22.516
116.349,approach,-30.120,-240.623,-22.468
116.381,approach,-30.122,-240.624,-22.420
116.415,approach,-30.124,-240.624,-22.372
116.449,approach,-30.126,-240.625,-22.312
116.481,approach,-30.128,-240.625,-22.264
116.515,approach,-30.129,-240.625,-22.216
116.549,approach,-30.131,-240.626,-22.168
116.581,approach,-30.133,-240.626,-22.120
116.615,approach,-30.134,-240.626,-22.072
116.649,approach,-30.136,-240.627,-22.012
116.681,approach,-30.138,-240.627,-21.964
116.715,approach,-30.139,-240.627,-21.916
116.749,approach,-30.141,-240.627,-21.868
116.781,approach,-30.142,-240.627,-21.820
116.815,approach,-30.144,-240.627,-21.772
116.849,approach,-30.146,-240.627,-21.712
116.881,approach,-30.147,-240.627,-21.664
116.915,approach,-30.149,-240.627,-21.617
116.949,approach,-30.150,-240.627,-21.569
116.981,approach,-30.152,-240.627,-21.521
117.015,approach,-30.153,-240.627,-21.473
117.049,approach,-30.155,-240.626,-21.414
117.081,approach,-30.156,-240.626,-21.366
117.117,approach,-30.157,-240.626,-21.318
117.150,approach,-30.159,-240.625,-21.270
117.183,approach,-30.160,-240.625,-21.222
117.216,approach,-30.161,-240.624,-21.175
117.250,approach,-30.161,-240.624,-21.115
117.282,approach,-30.162,-240.623,-21.067
117.317,approach,-30.162,-240.623,-21.019
117.351,approach,-30.163,-240.623,-20.972
117.382,approach,-30.163,-240.622,-20.924
117.416,approach,-30.163,-240.622,-20.876
117.450,approach,-30.163,-240.621,-20.817
117.482,approach,-30.162,-240.621,-20.769
117.517,approach,-30.162,-240.620,-20.721
117.552,approach,-30.161,-240.620,-20.673
117.584,approach,-30.161,-240.619,-20.625
117.618,approach,-30.160,-240.619,-20.577
117.652,approach,-30.160,-240.618,-20.517
117.684,approach,-30.159,-240.618,-20.469
117.718,approach,-30.158,-240.617,-20.421
117.752,approach,-30.158,-240.617,-20.372
117.784,approach,-30.157,-240.617,-20.324
117.818,approach,-30.156,-240.616,-20.276
117.852,approach,-30.155,-240.616,-20.215
117.884,approach,-30.154,-240.615,-20.167
117.918,approach,-30.153,-240.615,-20.119
117.952,approach,-30.152,-240.615,-20.071
117.984,approach,-30.151,-240.614,-20.022
118.018,approach,-30.149,-240.614,-19.974
118.052,approach,-30.147,-240.613,-19.914
118.084,approach,-30.146,-240.613,-19.866
118.118,approach,-30.144,-240.612,-19.817
118.152,approach,-30.143,-240.612,-19.769
118.184,approach,-30.141,-240.611,-19.721
118.218,approach,-30.139,-240.611,-19.672
118.252,approach,-30.137,-240.610,-19.612
118.284,approach,-30.135,-240.609,-19.563
118.318,approach,-30.134,-240.609,-19.515
118.352,approach,-30.132,-240.608,-19.467
118.384,approach,-30.130,-240.607,-19.418
118.418,approach,-30.129,-240.607,-19.370
118.452,approach,-30.126,-240.605,-19.309
118.484,approach,-30.125,-240.605,-19.261
118.518,approach,-30.123,-240.604,-19.212
118.552,approach,-30.122,-240.602,-19.164
118.584,approach,-30.120,-240.601,-19.116
118.618,approach,-30.118,-240.600,-19.067
118.652,approach,-30.117,-240.599,-19.007
118.684,approach,-30.115,-240.598,-18.959
118.718,approach,-30.114,-240.597,-18.911
118.752,approach,-30.112,-240.596,-18.863
118.784,approach,-30.111,-240.595,-18.814
118.818,approach,-30.110,-240.594,-18.766
118.852,approach,-30.108,-240.593,-18.706
118.884,approach,-30.107,-240.593,-18.658
118.918,approach,-30.106,-240.592,-18.610
118.952,approach,-30.105,-240.591,-18.562
118.984,approach,-30.104,-240.591,-18.514
119.018,approach,-30.103,-240.590,-18.465
119.052,approach,-30.102,-240.589,-18.405
119.084,approach,-30.102,-240.589,-18.357
119.118,approach,-30.101,-240.588,-18.309
119.151,approach,-30.101,-240.588,-18.261
119.184,approach,-30.101,-240.587,-18.213
119.218,approach,-30.101,-240.587,-18.165
119.268,approach,-30.100,-240.587,-18.105
119.300,approach,-30.100,-240.586,-18.057
119.334,approach,-30.100,-240.586,-18.010
119.368,approach,-30.100,-240.586,-17.962
119.400,approach,-30.099,-240.585,-17.915
119.434,approach,-30.099,-240.585,-17.867
119.468,approach,-30.099,-240.585,-17.808
119.500,approach,-30.099,-240.585,-17.760
119.534,approach,-30.099,-240.585,-17.713
119.568,approach,-30.099,-240.585,-17.665
119.600,approach,-30.099,-240.585,-17.618
119.634,approach,-30.099,-240.585,-17.570
119.668,approach,-30.100,-240.586,-17.511
119.700,approach,-30.100,-240.586,-17.463
119.734,approach,-30.101,-240.586,-17.416
119.768,approach,-30.102,-240.586,-17.368
119.800,approach,-30.102,-240.587,-17.321
119.834,approach,-30.103,-240.587,-17.273
119.868,approach,-30.103,-240.587,-17.214
119.900,approach,-30.104,-240.588,-17.166
119.934,approach,-30.105,-240.588,-17.118
119.968,approach,-30.105,-240.589,-17.071
120.000,approach,-30.106,-240.589,-17.023
120.034,approach,-30.106,-240.590,-16.975
120.068,approach,-30.107,-240.591,-16.916
120.100,approach,-30.107,-240.591,-16.868
120.134,approach,-30.108,-240.592,-16.820
120.168,approach,-30.108,-240.593,-16.772
120.200,approach,-30.109,-240.594,-16.724
120.234,approach,-30.109,-240.594,-16.676
120.268,approach,-30.109,-240.596,-16.616
120.300,approach,-30.110,-240.596,-16.568
120.334,approach,-30.110,-240.597,-16.520
120.368,approach,-30.110,-240.598,-16.472
120.400,approach,-30.111,-240.599,-16.424
120.434,approach,-30.111,-240.600,-16.375
120.468,approach,-30.111,-240.601,-16.315
120.501,approach,-30.112,-240.602,-16.266
120.535,approach,-30.112,-240.602,-16.218
120.569,approach,-30.113,-240.603,-16.170
120.601,approach,-30.113,-240.604,-16.121
120.635,approach,-30.114,-240.604,-16.073
120.669,approach,-30.115,-240.605,-16.012
120.701,approach,-30.115,-240.606,-15.964
120.736,approach,-30.115,-240.607,-15.915
120.770,approach,-30.116,-240.607,-15.867
120.803,approach,-30.116,-240.608,-15.818
120.837,approach,-30.116,-240.609,-15.770
120.871,approach,-30.116,-240.610,-15.709
120.904,approach,-30.116,-240.611,-15.661
120.937,approach,-30.116,-240.611,-15.613
120.971,approach,-30.116,-240.612,-15.565
121.003,approach,-30.115,-240.613,-15.516
121.037,approach,-30.115,-240.614,-15.468
121.071,approach,-30.115,-240.614,-15.408
121.103,approach,-30.114,-240.615,-15.360
121.137,approach,-30.114,-240.616,-15.312
121.171,approach,-30.114,-240.616,-15.263
121.203,approach,-30.113,-240.617,-15.215
121.239,approach,-30.113,-240.617,-15.167
121.273,approach,-30.113,-240.618,-15.107
121.305,approach,-30.112,-240.618,-15.059
121.339,approach,-30.112,-240.619,-15.011
121.373,approach,-30.112,-240.619,-14.963
121.405,approach,-30.112,-240.619,-14.915
121.439,approach,-30.112,-240.620,-14.867
121.473,approach,-30.111,-240.620,-14.807
121.505,approach,-30.111,-240.620,-14.759
121.539,approach,-30.111,-240.621,-14.711
121.573,approach,-30.110,-240.621,-14.663
121.605,approach,-30.110,-240.621,-14.615
121.639,approach,-30.110,-240.621,-14.567
121.673,approach,-30.109,-240.622,-14.506
121.705,approach,-30.109,-240.622,-14.458
121.739,approach,-30.109,-240.622,-14.410
121.773,approach,-30.108,-240.623,-14.362
121.805,approach,-30.108,-240.623,-14.314
121.839,approach,-30.108,-240.624,-14.265
121.873,approach,-30.107,-240.624,-14.205
121.905,approach,-30.107,-240.625,-14.157
121.939,approach,-30.106,-240.625,-14.109
121.973,approach,-30.106,-240.625,-14.061
122.005,approach,-30.105,-240.626,-14.013
122.039,approach,-30.105,-240.626,-13.966
122.073,approach,-30.105,-240.627,-13.906
122.105,approach,-30.105,-240.627,-13.858
122.139,approach,-30.104,-240.627,-13.810
122.173,approach,-30.104,-240.628,-13.762
122.205,approach,-30.104,-240.628,-13.714
122.239,approach,-30.104,-240.629,-13.666
122.273,approach,-30.103,-240.629,-13.606
122.305,approach,-30.103,-240.630,-13.558
122.339,approach,-30.102,-240.630,-13.510
122.373,approach,-30.102,-240.630,-13.462
122.405,approach,-30.102,-240.631,-13.414
122.439,approach,-30.102,-240.631,-13.365
122.473,approach,-30.101,-240.631,-13.305
122.505,approach,-30.101,-240.632,-13.257
122.539,approach,-30.101,-240.632,-13.209
122.573,approach,-30.100,-240.632,-13.161
122.605,approach,-30.100,-240.632,-13.113
122.639,approach,-30.099,-240.633,-13.065
122.673,approach,-30.099,-240.633,-13.005
122.705,approach,-30.098,-240.633,-12.957
122.739,approach,-30.097,-240.634,-12.909
122.773,approach,-30.096,-240.634,-12.861
122.805,approach,-30.095,-240.634,-12.813
122.839,approach,-30.094,-240.634,-12.765
122.873,approach,-30.093,-240.635,-12.705
122.905,approach,-30.092,-240.635,-12.657
122.939,approach,-30.091,-240.635,-12.609
122.973,approach,-30.090,-240.635,-12.561
123.005,approach,-30.089,-240.635,-12.513
123.039,approach,-30.088,-240.635,-12.464
123.073,approach,-30.087,-240.635,-12.404
123.105,approach,-30.086,-240.635,-12.356
123.140,approach,-30.085,-240.634,-12.308
123.174,approach,-30.084,-240.634,-12.260
123.206,approach,-30.083,-240.634,-12.212
123.240,approach,-30.082,-240.633,-12.164
123.274,approach,-30.081,-240.632,-12.103
123.306,approach,-30.080,-240.632,-12.055
123.341,approach,-30.079,-240.631,-12.007
123.374,approach,-30.078,-240.630,-11.958
123.406,approach,-30.078,-240.630,-11.910
123.442,approach,-30.077,-240.629,-11.861
123.475,approach,-30.077,-240.628,-11.800
123.509,approach,-30.076,-240.628,-11.752
123.543,approach,-30.076,-240.627,-11.703
123.577,approach,-30.075,-240.627,-11.655
123.609,approach,-30.075,-240.626,-11.606
123.643,approach,-30.075,-240.626,-11.558
123.677,approach,-30.075,-240.626,-11.497
123.709,approach,-30.075,-240.626,-11.448
123.743,approach,-30.075,-240.626,-11.400
123.777,approach,-30.075,-240.626,-11.351
123.809,approach,-30.076,-240.626,-11.302
123.843,approach,-30.076,-240.627,-11.254
123.877,approach,-30.076,-240.627,-11.193
123.909,approach,-30.076,-240.627,-11.144
123.943,approach,-30.076,-240.628,-11.096
123.977,approach,-30.076,-240.628,-11.047
124.009,approach,-30.076,-240.629,-10.999
124.043,approach,-30.077,-240.630,-10.950
124.077,approach,-30.077,-240.631,-10.890
124.109,approach,-30.077,-240.631,-10.842
124.143,approach,-30.077,-240.632,-10.793
124.177,approach,-30.077,-240.633,-10.745
124.209,approach,-30.077,-240.634,-10.697
124.243,approach,-30.077,-240.635,-10.649
124.277,approach,-30.077,-240.636,-10.588
124.309,approach,-30.077,-240.637,-10.540
124.343,approach,-30.077,-240.638,-10.492
124.377,approach,-30.077,-240.640,-10.444
124.409,approach,-30.077,-240.641,-10.396
124.443,approach,-30.077,-240.642,-10.347
124.477,approach,-30.077,-240.644,-10.287
124.509,approach,-30.077,-240.646,-10.239
124.543,approach,-30.077,-240.647,-10.191
124.577,approach,-30.077,-240.648,-10.143
124.609,approach,-30.076,-240.650,-10.095
124.643,approach,-30.076,-240.651,-10.047
124.677,approach,-30.076,-240.652,-9.987
124.709,approach,-30.076,-240.654,-9.939
124.743,approach,-30.075,-240.655,-9.891
124.777,approach,-30.075,-240.656,-9.844
124.809,approach,-30.075,-240.657,-9.796
124.843,approach,-30.075,-240.658,-9.748
124.877,approach,-30.075,-240.659,-9.689
124.909,approach,-30.075,-240.660,-9.641
124.943,approach,-30.075,-240.661,-9.594
124.977,approach,-30.076,-240.662,-9.547
125.009,approach,-30.076,-240.663,-9.500
125.043,approach,-30.077,-240.664,-9.452
125.077,approach,-30.078,-240.665,-9.393
125.109,approach,-30.079,-240.666,-9.346
125.143,approach,-30.080,-240.667,-9.299
125.177,approach,-30.081,-240.668,-9.251
125.209,approach,-30.082,-240.669,-9.203
125.243,approach,-30.083,-240.670,-9.156
125.277,approach,-30.084,-240.671,-9.096
125.309,approach,-30.085,-240.672,-9.049
125.343,approach,-30.086,-240.673,-9.001
125.377,approach,-30.087,-240.673,-8.954
125.409,approach,-30.089,-240.674,-8.906
125.443,approach,-30.090,-240.675,-8.859
125.477,approach,-30.091,-240.676,-8.799
125.509,approach,-30.092,-240.677,-8.752
125.543,approach,-30.093,-240.677,-8.704
125.577,approach,-30.094,-240.678,-8.657
125.609,approach,-30.095,-240.678,-8.609
125.643,approach,-30.096,-240.679,-8.562
125.677,approach,-30.098,-240.679,-8.503
125.709,approach,-30.099,-240.679,-8.455
125.743,approach,-30.100,-240.678,-8.408
125.777,approach,-30.101,-240.678,-8.360
125.809,approach,-30.102,-240.678,-8.312
125.843,approach,-30.104,-240.678,-8.265
125.877,approach,-30.105,-240.677,-8.205
125.909,approach,-30.106,-240.677,-8.158
125.943,approach,-30.106,-240.676,-8.110
125.977,approach,-30.107,-240.676,-8.063
126.009,approach,-30.107,-240.675,-8.015
126.043,approach,-30.108,-240.675,-7.967
126.077,approach,-30.108,-240.675,-7.908
126.109,approach,-30.108,-240.675,-7.860
126.143,approach,-30.108,-240.675,-7.813
126.177,approach,-30.107,-240.674,-7.765
126.209,approach,-30.107,-240.674,-7.717
126.243,approach,-30.107,-240.674,-7.669
126.277,approach,-30.106,-240.674,-7.609
126.309,approach,-30.106,-240.674,-7.561
126.343,approach,-30.106,-240.674,-7.513
126.377,approach,-30.105,-240.674,-7.465
126.409,approach,-30.105,-240.674,-7.417
126.443,approach,-30.105,-240.674,-7.369
126.477,approach,-30.105,-240.674,-7.308
126.509,approach,-30.106,-240.674,-7.260
126.543,approach,-30.106,-240.674,-7.212
126.577,approach,-30.106,-240.674,-7.164
126.609,approach,-30.106,-240.674,-7.116
126.643,approach,-30.106,-240.675,-7.068
126.677,approach,-30.106,-240.675,-7.008
126.710,approach,-30.107,-240.675,-6.960
126.745,approach,-30.107,-240.675,-6.912
126.779,approach,-30.107,-240.676,-6.865
126.812,approach,-30.107,-240.676,-6.817
126.846,approach,-30.107,-240.677,-6.769
126.880,approach,-30.106,-240.678,-6.710
126.912,approach,-30.106,-240.678,-6.662
126.946,approach,-30.106,-240.679,-6.614
126.980,approach,-30.105,-240.680,-6.566
127.012,approach,-30.104,-240.681,-6.518
127.046,approach,-30.104,-240.681,-6.470
127.080,approach,-30.103,-240.682,-6.410
127.112,approach,-30.102,-240.683,-6.362
127.146,approach,-30.101,-240.684,-6.314
127.180,approach,-30.100,-240.684,-6.266
127.212,approach,-30.100,-240.685,-6.217
127.246,approach,-30.099,-240.685,-6.169
127.280,approach,-30.098,-240.686,-6.109
127.312,approach,-30.097,-240.686,-6.061
127.346,approach,-30.096,-240.686,-6.013
127.380,approach,-30.096,-240.687,-5.965
127.412,approach,-30.095,-240.687,-5.917
127.446,approach,-30.094,-240.687,-5.870
127.480,approach,-30.094,-240.687,-5.810
127.512,approach,-30.093,-240.687,-5.762
127.546,approach,-30.093,-240.687,-5.714
127.580,approach,-30.092,-240.687,-5.667
127.612,approach,-30.092,-240.687,-5.619
127.646,approach,-30.092,-240.687,-5.571
127.680,approach,-30.092,-240.686,-5.511
127.712,approach,-30.091,-240.686,-5.463
127.746,approach,-30.091,-240.685,-5.415
127.780,approach,-30.091,-240.685,-5.368
127.812,approach,-30.091,-240.684,-5.320
127.846,approach,-30.091,-240.684,-5.272
127.880,approach,-30.091,-240.683,-5.212
127.912,approach,-30.091,-240.682,-5.165
127.946,approach,-30.091,-240.682,-5.117
127.980,approach,-30.091,-240.681,-5.069
128.012,approach,-30.091,-240.680,-5.021
128.046,approach,-30.091,-240.680,-4.972
128.080,approach,-30.091,-240.679,-4.912
128.112,approach,-30.091,-240.679,-4.864
128.146,approach,-30.091,-240.678,-4.816
128.180,approach,-30.091,-240.678,-4.767
128.212,approach,-30.091,-240.678,-4.719
128.246,approach,-30.091,-240.678,-4.671
128.280,approach,-30.091,-240.678,-4.610
128.312,approach,-30.092,-240.678,-4.562
128.346,approach,-30.092,-240.678,-4.513
128.380,approach,-30.092,-240.678,-4.465
128.412,approach,-30.092,-240.679,-4.416
128.446,approach,-30.092,-240.679,-4.368
128.481,approach,-30.093,-240.680,-4.307
128.513,approach,-30.093,-240.680,-4.259
128.547,approach,-30.092,-240.681,-4.211
128.581,approach,-30.092,-240.681,-4.162
128.613,approach,-30.092,-240.682,-4.114
128.647,approach,-30.092,-240.682,-4.066
128.681,approach,-30.091,-240.682,-4.005
128.713,approach,-30.091,-240.683,-3.957
128.747,approach,-30.091,-240.683,-3.908
128.781,approach,-30.090,-240.684,-3.860
128.813,approach,-30.090,-240.684,-3.811
128.847,approach,-30.089,-240.684,-3.763
128.881,approach,-30.089,-240.684,-3.703
128.913,approach,-30.088,-240.684,-3.654
128.947,approach,-30.088,-240.684,-3.606
128.981,approach,-30.087,-240.683,-3.558
129.013,approach,-30.087,-240.683,-3.509
129.047,approach,-30.086,-240.683,-3.461
129.081,approach,-30.086,-240.682,-3.401
129.113,approach,-30.086,-240.682,-3.352
129.147,approach,-30.085,-240.681,-3.304
129.181,approach,-30.085,-240.680,-3.256
129.213,approach,-30.085,-240.680,-3.208
129.247,approach,-30.085,-240.679,-3.160
129.281,approach,-30.084,-240.678,-3.100
129.313,approach,-30.084,-240.677,-3.052
129.347,approach,-30.084,-240.676,-3.003
129.381,approach,-30.084,-240.675,-2.955
129.413,approach,-30.084,-240.674,-2.907
129.447,approach,-30.084,-240.672,-2.859
129.481,approach,-30.084,-240.671,-2.799
129.513,approach,-30.085,-240.669,-2.751
129.547,approach,-30.085,-240.668,-2.703
129.581,approach,-30.085,-240.666,-2.655
129.613,approach,-30.085,-240.664,-2.607
129.647,approach,-30.086,-240.663,-2.559
129.681,approach,-30.086,-240.661,-2.500
129.713,approach,-30.087,-240.659,-2.452
129.747,approach,-30.087,-240.657,-2.404
129.781,approach,-30.088,-240.656,-2.356
129.813,approach,-30.089,-240.654,-2.308
129.847,approach,-30.089,-240.653,-2.260
129.881,approach,-30.090,-240.651,-2.200
129.914,approach,-30.091,-240.650,-2.153
129.948,approach,-30.092,-240.649,-2.105
129.982,approach,-30.092,-240.648,-2.057
130.014,approach,-30.093,-240.647,-2.010
130.048,approach,-30.094,-240.646,-1.964
130.082,approach,-30.094,-240.646,-1.907
130.114,approach,-30.095,-240.645,-1.863
130.148,approach,-30.095,-240.645,-1.820
130.182,approach,-30.096,-240.645,-1.778
130.214,approach,-30.096,-240.645,-1.738
130.247,approach,-30.096,-240.645,-1.700
130.281,approach,-30.096,-240.645,-1.654
