elapsed_sec,phase,north_m,east_m,down_m
0.014,takeoff,0.007,-0.015,-0.057
0.048,takeoff,0.006,-0.015,-0.057
0.082,takeoff,0.006,-0.015,-0.058
0.114,takeoff,0.006,-0.015,-0.058
0.148,takeoff,0.006,-0.015,-0.058
0.182,takeoff,0.006,-0.015,-0.059
0.215,takeoff,0.007,-0.015,-0.059
0.249,takeoff,0.007,-0.015,-0.059
0.283,takeoff,0.008,-0.015,-0.059
0.315,takeoff,0.009,-0.014,-0.060
0.349,takeoff,0.010,-0.014,-0.060
0.383,takeoff,0.011,-0.014,-0.060
0.415,takeoff,0.012,-0.014,-0.060
0.449,takeoff,0.013,-0.013,-0.061
0.483,takeoff,0.014,-0.013,-0.061
0.515,takeoff,0.015,-0.013,-0.061
0.550,takeoff,0.015,-0.013,-0.062
0.584,takeoff,0.016,-0.014,-0.063
0.616,takeoff,0.016,-0.014,-0.064
0.650,takeoff,0.016,-0.014,-0.064
0.684,takeoff,0.016,-0.014,-0.065
0.717,takeoff,0.016,-0.014,-0.066
0.751,takeoff,0.015,-0.015,-0.066
0.786,takeoff,0.014,-0.015,-0.067
0.819,takeoff,0.013,-0.015,-0.068
0.853,takeoff,0.012,-0.016,-0.068
0.887,takeoff,0.012,-0.016,-0.069
0.919,takeoff,0.011,-0.016,-0.070
0.954,takeoff,0.010,-0.017,-0.070
0.988,takeoff,0.009,-0.017,-0.071
1.020,takeoff,0.009,-0.018,-0.071
1.054,takeoff,0.008,-0.019,-0.071
1.088,takeoff,0.007,-0.019,-0.072
1.121,takeoff,0.007,-0.020,-0.072
1.154,takeoff,0.005,-0.021,-0.072
1.188,takeoff,0.005,-0.022,-0.072
1.220,takeoff,0.004,-0.022,-0.072
1.254,takeoff,0.003,-0.023,-0.072
1.288,takeoff,0.002,-0.024,-0.072
1.320,takeoff,0.001,-0.024,-0.071
1.354,takeoff,0.000,-0.025,-0.071
1.388,takeoff,-0.000,-0.025,-0.071
1.420,takeoff,-0.001,-0.025,-0.070
1.454,takeoff,-0.001,-0.025,-0.070
1.488,takeoff,-0.002,-0.026,-0.070
1.520,takeoff,-0.002,-0.026,-0.069
1.554,takeoff,-0.002,-0.026,-0.069
1.588,takeoff,-0.002,-0.026,-0.069
1.620,takeoff,-0.002,-0.026,-0.068
1.654,takeoff,-0.002,-0.026,-0.068
1.688,takeoff,-0.002,-0.026,-0.068
1.720,takeoff,-0.002,-0.026,-0.067
1.755,takeoff,-0.002,-0.026,-0.067
1.788,takeoff,-0.002,-0.026,-0.066
1.820,takeoff,-0.001,-0.026,-0.066
1.854,takeoff,-0.001,-0.026,-0.066
1.888,takeoff,-0.000,-0.026,-0.065
1.920,takeoff,-0.000,-0.026,-0.065
1.954,takeoff,0.001,-0.026,-0.064
1.988,takeoff,0.001,-0.026,-0.064
2.020,takeoff,0.002,-0.025,-0.064
2.054,takeoff,0.002,-0.025,-0.063
2.088,takeoff,0.003,-0.024,-0.063
2.120,takeoff,0.003,-0.024,-0.064
2.154,takeoff,0.003,-0.023,-0.067
2.188,takeoff,0.003,-0.023,-0.070
2.220,takeoff,0.003,-0.022,-0.076
2.254,takeoff,0.003,-0.022,-0.083
2.288,takeoff,0.002,-0.021,-0.093
2.320,takeoff,0.002,-0.020,-0.104
2.354,takeoff,0.001,-0.018,-0.123
2.388,takeoff,0.001,-0.016,-0.140
2.420,takeoff,0.000,-0.014,-0.161
2.454,takeoff,-0.000,-0.011,-0.184
2.488,takeoff,-0.001,-0.008,-0.209
2.520,takeoff,-0.001,-0.004,-0.237
2.554,takeoff,-0.002,0.001,-0.277
2.588,takeoff,-0.002,0.006,-0.311
2.620,takeoff,-0.002,0.010,-0.348
2.654,takeoff,-0.002,0.015,-0.387
2.688,takeoff,-0.002,0.020,-0.430
2.720,takeoff,-0.002,0.026,-0.474
2.754,takeoff,-0.001,0.032,-0.534
2.788,takeoff,-0.001,0.037,-0.585
2.820,takeoff,-0.000,0.043,-0.638
2.854,takeoff,0.000,0.048,-0.693
2.888,takeoff,0.001,0.053,-0.751
2.920,takeoff,0.002,0.057,-0.812
2.954,takeoff,0.003,0.063,-0.892
2.988,takeoff,0.003,0.068,-0.958
3.020,takeoff,0.004,0.072,-1.027
3.054,takeoff,0.005,0.076,-1.099
3.088,takeoff,0.006,0.079,-1.172
3.120,takeoff,0.007,0.082,-1.248
3.154,takeoff,0.008,0.086,-1.345
3.188,takeoff,0.009,0.088,-1.424
3.220,takeoff,0.010,0.091,-1.504
3.254,takeoff,0.011,0.092,-1.585
3.288,takeoff,0.011,0.094,-1.667
3.320,takeoff,0.011,0.095,-1.749
3.354,takeoff,0.011,0.096,-1.853
3.388,takeoff,0.011,0.097,-1.936
3.420,takeoff,0.010,0.097,-2.019
3.454,takeoff,0.009,0.097,-2.103
3.489,takeoff,0.008,0.097,-2.187
3.520,takeoff,0.006,0.097,-2.271
3.554,takeoff,0.004,0.096,-2.376
3.588,takeoff,0.002,0.095,-2.460
3.620,takeoff,-0.000,0.094,-2.545
3.654,takeoff,-0.002,0.093,-2.629
3.688,takeoff,-0.005,0.092,-2.714
3.720,takeoff,-0.007,0.091,-2.798
3.754,takeoff,-0.011,0.089,-2.904
3.788,takeoff,-0.014,0.088,-2.989
3.820,takeoff,-0.017,0.086,-3.073
3.854,takeoff,-0.020,0.085,-3.158
3.888,takeoff,-0.023,0.083,-3.243
3.920,takeoff,-0.027,0.082,-3.328
3.954,takeoff,-0.031,0.080,-3.435
3.989,takeoff,-0.035,0.079,-3.520
4.020,takeoff,-0.038,0.077,-3.605
4.054,takeoff,-0.042,0.076,-3.691
4.088,takeoff,-0.046,0.074,-3.777
4.120,takeoff,-0.050,0.073,-3.863
4.155,takeoff,-0.055,0.071,-3.970
4.189,takeoff,-0.059,0.069,-4.057
4.222,takeoff,-0.063,0.068,-4.143
4.255,takeoff,-0.068,0.066,-4.230
4.290,takeoff,-0.072,0.065,-4.316
4.322,takeoff,-0.076,0.063,-4.403
4.356,takeoff,-0.081,0.062,-4.512
4.390,takeoff,-0.085,0.060,-4.598
4.421,takeoff,-0.089,0.059,-4.685
4.455,takeoff,-0.093,0.057,-4.773
4.489,takeoff,-0.097,0.056,-4.860
4.521,takeoff,-0.101,0.055,-4.947
4.555,takeoff,-0.106,0.053,-5.056
4.589,takeoff,-0.109,0.051,-5.144
4.621,takeoff,-0.112,0.050,-5.231
4.655,takeoff,-0.116,0.048,-5.319
4.689,takeoff,-0.119,0.047,-5.407
4.721,takeoff,-0.122,0.045,-5.494
4.755,takeoff,-0.125,0.044,-5.604
4.789,takeoff,-0.128,0.042,-5.692
4.821,takeoff,-0.131,0.040,-5.781
4.855,takeoff,-0.134,0.039,-5.869
4.889,takeoff,-0.136,0.037,-5.958
4.921,takeoff,-0.139,0.035,-6.046
4.955,takeoff,-0.142,0.032,-6.157
4.989,takeoff,-0.144,0.029,-6.246
5.021,takeoff,-0.147,0.026,-6.335
5.055,takeoff,-0.149,0.024,-6.424
5.089,takeoff,-0.151,0.021,-6.514
5.121,takeoff,-0.153,0.018,-6.603
5.155,takeoff,-0.156,0.014,-6.715
5.189,takeoff,-0.157,0.010,-6.804
5.221,takeoff,-0.159,0.007,-6.894
5.255,takeoff,-0.161,0.004,-6.983
5.289,takeoff,-0.162,0.001,-7.073
5.321,takeoff,-0.163,-0.003,-7.163
5.355,takeoff,-0.164,-0.007,-7.275
5.389,takeoff,-0.165,-0.010,-7.365
5.421,takeoff,-0.166,-0.014,-7.455
5.455,takeoff,-0.166,-0.017,-7.546
5.490,takeoff,-0.167,-0.021,-7.636
5.521,takeoff,-0.167,-0.024,-7.727
5.555,takeoff,-0.167,-0.029,-7.840
5.589,takeoff,-0.167,-0.033,-7.931
5.621,takeoff,-0.166,-0.036,-8.022
5.655,takeoff,-0.166,-0.040,-8.113
5.690,takeoff,-0.165,-0.044,-8.205
5.721,takeoff,-0.164,-0.048,-8.296
5.755,takeoff,-0.163,-0.052,-8.410
5.789,takeoff,-0.161,-0.056,-8.501
5.821,takeoff,-0.160,-0.059,-8.593
5.855,takeoff,-0.158,-0.063,-8.684
5.889,takeoff,-0.156,-0.067,-8.775
5.921,takeoff,-0.154,-0.070,-8.867
5.955,takeoff,-0.151,-0.075,-8.981
5.989,takeoff,-0.149,-0.079,-9.072
6.021,takeoff,-0.147,-0.082,-9.164
6.055,takeoff,-0.144,-0.085,-9.255
6.089,takeoff,-0.142,-0.089,-9.347
6.121,takeoff,-0.139,-0.092,-9.438
6.155,takeoff,-0.136,-0.096,-9.553
6.189,takeoff,-0.133,-0.099,-9.645
6.221,takeoff,-0.130,-0.101,-9.736
6.255,takeoff,-0.127,-0.104,-9.828
6.289,takeoff,-0.124,-0.107,-9.920
6.321,takeoff,-0.121,-0.109,-10.012
6.355,takeoff,-0.117,-0.112,-10.127
6.389,takeoff,-0.113,-0.114,-10.218
6.421,takeoff,-0.110,-0.116,-10.311
6.456,takeoff,-0.106,-0.118,-10.403
6.490,takeoff,-0.102,-0.120,-10.495
6.522,takeoff,-0.099,-0.121,-10.587
6.556,takeoff,-0.094,-0.122,-10.703
6.590,takeoff,-0.090,-0.123,-10.796
6.622,takeoff,-0.086,-0.124,-10.888
6.656,takeoff,-0.082,-0.124,-10.981
6.691,takeoff,-0.078,-0.124,-11.074
6.724,takeoff,-0.074,-0.125,-11.167
6.758,takeoff,-0.069,-0.125,-11.284
6.792,takeoff,-0.065,-0.124,-11.377
6.824,takeoff,-0.060,-0.124,-11.470
6.858,takeoff,-0.056,-0.124,-11.563
6.892,takeoff,-0.051,-0.123,-11.657
6.924,takeoff,-0.047,-0.122,-11.750
6.958,takeoff,-0.041,-0.120,-11.866
6.992,takeoff,-0.037,-0.119,-11.960
7.024,takeoff,-0.033,-0.118,-12.053
7.058,takeoff,-0.029,-0.116,-12.146
7.092,takeoff,-0.025,-0.114,-12.239
7.124,takeoff,-0.021,-0.113,-12.332
7.158,takeoff,-0.017,-0.110,-12.449
7.192,takeoff,-0.013,-0.108,-12.542
7.224,takeoff,-0.010,-0.106,-12.636
7.258,takeoff,-0.007,-0.104,-12.729
7.292,takeoff,-0.003,-0.102,-12.822
7.324,takeoff,-0.000,-0.100,-12.916
7.358,takeoff,0.004,-0.098,-13.033
7.392,takeoff,0.007,-0.096,-13.126
7.424,takeoff,0.010,-0.093,-13.220
7.458,takeoff,0.013,-0.091,-13.314
7.492,takeoff,0.015,-0.089,-13.408
7.524,takeoff,0.018,-0.087,-13.501
7.559,takeoff,0.022,-0.084,-13.618
7.593,takeoff,0.024,-0.082,-13.712
7.625,takeoff,0.026,-0.079,-13.806
7.659,takeoff,0.029,-0.077,-13.900
7.693,takeoff,0.031,-0.074,-13.994
7.725,takeoff,0.033,-0.071,-14.088
7.759,takeoff,0.035,-0.068,-14.206
7.793,takeoff,0.037,-0.065,-14.301
7.825,takeoff,0.038,-0.062,-14.395
7.859,takeoff,0.040,-0.059,-14.490
7.893,takeoff,0.041,-0.055,-14.584
7.925,takeoff,0.043,-0.052,-14.679
7.959,takeoff,0.044,-0.048,-14.797
7.993,takeoff,0.045,-0.044,-14.891
8.025,takeoff,0.046,-0.041,-14.986
8.059,takeoff,0.047,-0.037,-15.081
8.093,takeoff,0.048,-0.034,-15.176
8.125,takeoff,0.048,-0.030,-15.270
8.159,takeoff,0.049,-0.026,-15.389
8.193,takeoff,0.049,-0.022,-15.484
8.225,takeoff,0.050,-0.019,-15.579
8.259,takeoff,0.050,-0.015,-15.674
8.293,takeoff,0.050,-0.012,-15.769
8.326,takeoff,0.050,-0.009,-15.864
8.365,takeoff,0.049,-0.005,-15.983
8.400,takeoff,0.049,-0.001,-16.078
8.431,takeoff,0.049,0.002,-16.173
8.465,takeoff,0.048,0.005,-16.268
8.500,takeoff,0.048,0.007,-16.363
8.531,takeoff,0.047,0.010,-16.458
8.565,takeoff,0.047,0.013,-16.577
8.599,takeoff,0.046,0.016,-16.672
8.631,takeoff,0.046,0.018,-16.768
8.666,takeoff,0.045,0.020,-16.863
8.699,takeoff,0.045,0.022,-16.958
8.731,takeoff,0.044,0.024,-17.053
8.765,takeoff,0.044,0.026,-17.172
8.800,takeoff,0.044,0.027,-17.267
8.831,takeoff,0.043,0.029,-17.362
8.865,takeoff,0.043,0.030,-17.457
8.900,takeoff,0.043,0.032,-17.552
8.931,takeoff,0.042,0.033,-17.646
8.965,takeoff,0.042,0.035,-17.765
9.000,takeoff,0.042,0.036,-17.860
9.031,takeoff,0.042,0.037,-17.955
9.065,takeoff,0.041,0.039,-18.049
9.099,takeoff,0.041,0.040,-18.144
9.131,takeoff,0.041,0.041,-18.239
9.165,takeoff,0.040,0.042,-18.358
9.199,takeoff,0.040,0.043,-18.452
9.231,takeoff,0.039,0.044,-18.547
9.265,takeoff,0.038,0.045,-18.642
9.300,takeoff,0.037,0.046,-18.737
9.331,takeoff,0.036,0.047,-18.832
9.365,takeoff,0.035,0.048,-18.951
9.400,takeoff,0.034,0.049,-19.046
9.431,takeoff,0.033,0.050,-19.141
9.465,takeoff,0.031,0.050,-19.236
9.500,takeoff,0.030,0.051,-19.331
9.532,takeoff,0.029,0.052,-19.426
9.565,takeoff,0.028,0.053,-19.545
9.600,takeoff,0.027,0.054,-19.640
9.631,takeoff,0.026,0.055,-19.735
9.665,takeoff,0.025,0.056,-19.830
9.699,takeoff,0.024,0.056,-19.925
9.731,takeoff,0.023,0.057,-20.020
9.765,takeoff,0.023,0.057,-20.139
9.799,takeoff,0.022,0.058,-20.234
9.831,takeoff,0.021,0.058,-20.329
9.865,takeoff,0.021,0.059,-20.424
9.900,takeoff,0.020,0.060,-20.519
9.932,takeoff,0.019,0.060,-20.614
9.965,takeoff,0.019,0.061,-20.733
10.001,takeoff,0.018,0.061,-20.828
10.033,takeoff,0.017,0.062,-20.923
10.067,takeoff,0.016,0.062,-21.018
10.101,takeoff,0.015,0.063,-21.113
10.133,takeoff,0.014,0.063,-21.208
10.168,takeoff,0.013,0.064,-21.327
10.202,takeoff,0.011,0.064,-21.422
10.234,takeoff,0.010,0.065,-21.517
10.268,takeoff,0.009,0.066,-21.612
10.302,takeoff,0.007,0.066,-21.707
10.334,takeoff,0.006,0.067,-21.801
10.368,takeoff,0.003,0.068,-21.920
10.411,takeoff,0.002,0.068,-22.015
10.443,takeoff,-0.000,0.068,-22.109
10.479,takeoff,-0.002,0.068,-22.204
10.513,takeoff,-0.004,0.069,-22.299
10.545,takeoff,-0.006,0.068,-22.393
10.579,takeoff,-0.009,0.068,-22.512
10.613,takeoff,-0.011,0.068,-22.607
10.645,takeoff,-0.013,0.068,-22.701
10.679,takeoff,-0.016,0.067,-22.796
10.713,takeoff,-0.018,0.067,-22.891
10.746,takeoff,-0.020,0.066,-22.986
10.787,takeoff,-0.023,0.065,-23.104
10.821,takeoff,-0.025,0.064,-23.199
10.853,takeoff,-0.028,0.064,-23.294
10.887,takeoff,-0.030,0.063,-23.389
10.921,takeoff,-0.033,0.062,-23.483
10.953,takeoff,-0.035,0.061,-23.578
10.987,takeoff,-0.038,0.060,-23.696
11.021,takeoff,-0.041,0.059,-23.791
11.053,takeoff,-0.043,0.058,-23.885
11.087,takeoff,-0.045,0.057,-23.980
11.124,takeoff,-0.048,0.056,-24.075
11.156,takeoff,-0.050,0.055,-24.169
11.200,takeoff,-0.053,0.054,-24.288
11.246,takeoff,-0.055,0.053,-24.383
11.280,takeoff,-0.057,0.052,-24.477
11.315,takeoff,-0.059,0.051,-24.572
11.347,takeoff,-0.061,0.049,-24.667
11.383,takeoff,-0.063,0.048,-24.785
11.417,takeoff,-0.064,0.047,-24.879
11.449,takeoff,-0.066,0.046,-24.974
11.483,takeoff,-0.067,0.045,-25.069
11.517,takeoff,-0.069,0.043,-25.163
11.549,takeoff,-0.070,0.042,-25.258
11.583,takeoff,-0.071,0.040,-25.376
11.623,takeoff,-0.073,0.039,-25.470
11.657,takeoff,-0.074,0.037,-25.565
11.692,takeoff,-0.075,0.036,-25.659
11.726,takeoff,-0.076,0.034,-25.753
11.758,takeoff,-0.077,0.032,-25.848
11.794,takeoff,-0.079,0.030,-25.966
11.829,takeoff,-0.080,0.027,-26.061
11.861,takeoff,-0.081,0.025,-26.155
11.903,takeoff,-0.081,0.023,-26.250
11.939,takeoff,-0.082,0.020,-26.344
11.971,takeoff,-0.083,0.018,-26.439
12.005,takeoff,-0.083,0.015,-26.557
12.039,takeoff,-0.084,0.012,-26.652
12.071,takeoff,-0.084,0.009,-26.747
12.105,takeoff,-0.084,0.007,-26.842
12.139,takeoff,-0.084,0.004,-26.937
12.171,takeoff,-0.084,0.002,-27.032
12.205,takeoff,-0.085,-0.002,-27.150
12.239,takeoff,-0.085,-0.004,-27.245
12.271,takeoff,-0.085,-0.007,-27.339
12.305,takeoff,-0.085,-0.010,-27.431
12.339,takeoff,-0.086,-0.012,-27.522
12.371,takeoff,-0.086,-0.015,-27.610
12.405,takeoff,-0.086,-0.018,-27.717
12.439,takeoff,-0.086,-0.020,-27.800
12.471,takeoff,-0.087,-0.022,-27.879
12.505,takeoff,-0.087,-0.025,-27.956
12.539,takeoff,-0.087,-0.027,-28.030
12.571,takeoff,-0.087,-0.029,-28.100
12.605,takeoff,-0.086,-0.032,-28.185
12.639,takeoff,-0.086,-0.033,-28.249
12.671,takeoff,-0.086,-0.035,-28.310
12.705,takeoff,-0.085,-0.037,-28.369
12.739,takeoff,-0.085,-0.039,-28.425
12.777,takeoff,-0.084,-0.040,-28.478
12.820,takeoff,-0.083,-0.042,-28.541
12.855,waypoint_1,-0.082,-0.043,-28.589
12.888,waypoint_1,-0.080,-0.045,-28.636
12.921,waypoint_1,-0.079,-0.046,-28.683
12.962,waypoint_1,-0.077,-0.048,-28.729
12.994,waypoint_1,-0.076,-0.050,-28.775
13.028,waypoint_1,-0.074,-0.055,-28.831
13.062,waypoint_1,-0.073,-0.060,-28.875
13.094,waypoint_1,-0.072,-0.068,-28.917
13.129,waypoint_1,-0.073,-0.079,-28.957
13.168,waypoint_1,-0.074,-0.093,-28.996
13.201,waypoint_1,-0.077,-0.110,-29.032
13.236,waypoint_1,-0.082,-0.135,-29.075
13.274,waypoint_1,-0.087,-0.160,-29.106
13.306,waypoint_1,-0.095,-0.188,-29.136
13.340,waypoint_1,-0.104,-0.220,-29.163
13.375,waypoint_1,-0.116,-0.256,-29.188
13.407,waypoint_1,-0.129,-0.295,-29.211
13.442,waypoint_1,-0.149,-0.348,-29.239
13.484,waypoint_1,-0.167,-0.394,-29.259
13.516,waypoint_1,-0.188,-0.444,-29.277
13.550,waypoint_1,-0.211,-0.496,-29.295
13.584,waypoint_1,-0.237,-0.551,-29.311
13.616,waypoint_1,-0.265,-0.608,-29.327
13.650,waypoint_1,-0.304,-0.683,-29.345
13.684,waypoint_1,-0.338,-0.745,-29.360
13.716,waypoint_1,-0.374,-0.809,-29.373
13.751,waypoint_1,-0.413,-0.874,-29.386
13.784,waypoint_1,-0.454,-0.940,-29.399
13.816,waypoint_1,-0.497,-1.008,-29.412
13.855,waypoint_1,-0.553,-1.095,-29.428
13.890,waypoint_1,-0.599,-1.165,-29.440
13.925,waypoint_1,-0.646,-1.237,-29.452
13.971,waypoint_1,-0.695,-1.309,-29.464
14.008,waypoint_1,-0.743,-1.383,-29.475
14.061,waypoint_1,-0.792,-1.457,-29.487
14.095,waypoint_1,-0.854,-1.552,-29.501
14.129,waypoint_1,-0.902,-1.629,-29.512
14.161,waypoint_1,-0.950,-1.707,-29.523
14.195,waypoint_1,-0.998,-1.785,-29.534
14.229,waypoint_1,-1.044,-1.865,-29.545
14.261,waypoint_1,-1.090,-1.946,-29.555
14.295,waypoint_1,-1.146,-2.048,-29.567
14.329,waypoint_1,-1.190,-2.130,-29.577
14.361,waypoint_1,-1.232,-2.213,-29.587
14.395,waypoint_1,-1.274,-2.298,-29.596
14.429,waypoint_1,-1.315,-2.382,-29.604
14.461,waypoint_1,-1.354,-2.468,-29.613
14.495,waypoint_1,-1.402,-2.576,-29.623
14.529,waypoint_1,-1.439,-2.663,-29.631
14.561,waypoint_1,-1.475,-2.751,-29.639
14.595,waypoint_1,-1.510,-2.838,-29.647
14.629,waypoint_1,-1.545,-2.927,-29.655
14.661,waypoint_1,-1.579,-3.016,-29.662
14.695,waypoint_1,-1.620,-3.127,-29.672
14.729,waypoint_1,-1.652,-3.216,-29.679
14.761,waypoint_1,-1.683,-3.306,-29.686
14.795,waypoint_1,-1.714,-3.395,-29.693
14.829,waypoint_1,-1.745,-3.485,-29.700
14.861,waypoint_1,-1.775,-3.575,-29.707
14.895,waypoint_1,-1.812,-3.688,-29.715
14.929,waypoint_1,-1.841,-3.778,-29.722
14.962,waypoint_1,-1.871,-3.869,-29.728
14.996,waypoint_1,-1.899,-3.959,-29.734
15.030,waypoint_1,-1.928,-4.049,-29.740
15.062,waypoint_1,-1.956,-4.140,-29.745
15.096,waypoint_1,-1.990,-4.253,-29.752
15.130,waypoint_1,-2.017,-4.344,-29.757
15.162,waypoint_1,-2.044,-4.434,-29.763
15.196,waypoint_1,-2.071,-4.525,-29.768
15.230,waypoint_1,-2.097,-4.615,-29.773
15.262,waypoint_1,-2.124,-4.706,-29.777
15.296,waypoint_1,-2.156,-4.820,-29.783
15.330,waypoint_1,-2.182,-4.911,-29.787
15.362,waypoint_1,-2.208,-5.001,-29.792
15.396,waypoint_1,-2.234,-5.092,-29.796
15.430,waypoint_1,-2.259,-5.183,-29.800
15.462,waypoint_1,-2.285,-5.274,-29.804
15.496,waypoint_1,-2.317,-5.388,-29.809
15.530,waypoint_1,-2.342,-5.479,-29.812
15.562,waypoint_1,-2.368,-5.571,-29.816
15.596,waypoint_1,-2.393,-5.662,-29.819
15.630,waypoint_1,-2.419,-5.753,-29.823
15.662,waypoint_1,-2.444,-5.844,-29.826
15.696,waypoint_1,-2.476,-5.958,-29.830
15.730,waypoint_1,-2.502,-6.050,-29.834
15.762,waypoint_1,-2.527,-6.141,-29.837
15.796,waypoint_1,-2.553,-6.232,-29.840
15.830,waypoint_1,-2.579,-6.324,-29.843
15.862,waypoint_1,-2.604,-6.415,-29.846
15.896,waypoint_1,-2.636,-6.530,-29.849
15.930,waypoint_1,-2.662,-6.621,-29.852
15.962,waypoint_1,-2.687,-6.713,-29.855
15.996,waypoint_1,-2.713,-6.805,-29.858
16.030,waypoint_1,-2.738,-6.897,-29.860
16.062,waypoint_1,-2.764,-6.990,-29.863
16.096,waypoint_1,-2.796,-7.105,-29.866
16.130,waypoint_1,-2.822,-7.198,-29.868
16.162,waypoint_1,-2.847,-7.291,-29.871
16.196,waypoint_1,-2.873,-7.384,-29.873
16.230,waypoint_1,-2.899,-7.477,-29.875
16.262,waypoint_1,-2.925,-7.570,-29.878
16.296,waypoint_1,-2.957,-7.687,-29.880
16.330,waypoint_1,-2.983,-7.781,-29.882
16.362,waypoint_1,-3.009,-7.874,-29.884
16.396,waypoint_1,-3.034,-7.968,-29.886
16.430,waypoint_1,-3.060,-8.062,-29.888
16.462,waypoint_1,-3.085,-8.156,-29.890
16.496,waypoint_1,-3.117,-8.274,-29.892
16.530,waypoint_1,-3.142,-8.368,-29.894
16.562,waypoint_1,-3.167,-8.462,-29.896
16.596,waypoint_1,-3.192,-8.556,-29.897
16.630,waypoint_1,-3.217,-8.650,-29.899
16.662,waypoint_1,-3.242,-8.744,-29.901
16.696,waypoint_1,-3.273,-8.862,-29.903
16.730,waypoint_1,-3.297,-8.956,-29.905
16.762,waypoint_1,-3.322,-9.051,-29.906
16.796,waypoint_1,-3.347,-9.145,-29.908
16.830,waypoint_1,-3.372,-9.239,-29.910
16.862,waypoint_1,-3.396,-9.333,-29.911
16.896,waypoint_1,-3.427,-9.450,-29.913
16.930,waypoint_1,-3.452,-9.544,-29.915
16.962,waypoint_1,-3.477,-9.638,-29.917
16.996,waypoint_1,-3.502,-9.732,-29.919
17.030,waypoint_1,-3.527,-9.826,-29.920
17.062,waypoint_1,-3.552,-9.920,-29.922
17.096,waypoint_1,-3.583,-10.037,-29.924
17.130,waypoint_1,-3.608,-10.131,-29.926
17.162,waypoint_1,-3.634,-10.226,-29.927
17.196,waypoint_1,-3.659,-10.320,-29.929
17.230,waypoint_1,-3.684,-10.414,-29.931
17.262,waypoint_1,-3.709,-10.508,-29.933
17.296,waypoint_1,-3.740,-10.626,-29.935
17.330,waypoint_1,-3.765,-10.721,-29.936
17.362,waypoint_1,-3.790,-10.815,-29.938
17.396,waypoint_1,-3.815,-10.909,-29.939
17.430,waypoint_1,-3.840,-11.003,-29.941
17.462,waypoint_1,-3.865,-11.097,-29.942
17.496,waypoint_1,-3.896,-11.215,-29.944
17.530,waypoint_1,-3.921,-11.309,-29.945
17.562,waypoint_1,-3.946,-11.403,-29.946
17.596,waypoint_1,-3.971,-11.497,-29.947
17.630,waypoint_1,-3.996,-11.591,-29.948
17.662,waypoint_1,-4.020,-11.685,-29.949
17.696,waypoint_1,-4.051,-11.802,-29.949
17.730,waypoint_1,-4.076,-11.897,-29.950
17.762,waypoint_1,-4.101,-11.991,-29.950
17.796,waypoint_1,-4.125,-12.085,-29.950
17.830,waypoint_1,-4.150,-12.179,-29.951
17.862,waypoint_1,-4.175,-12.273,-29.951
17.896,waypoint_1,-4.205,-12.391,-29.951
17.930,waypoint_1,-4.230,-12.485,-29.952
17.962,waypoint_1,-4.255,-12.579,-29.952
17.996,waypoint_1,-4.279,-12.673,-29.953
18.030,waypoint_1,-4.304,-12.767,-29.953
18.062,waypoint_1,-4.329,-12.861,-29.954
18.096,waypoint_1,-4.361,-12.979,-29.955
18.130,waypoint_1,-4.386,-13.073,-29.956
18.162,waypoint_1,-4.412,-13.167,-29.957
18.196,waypoint_1,-4.437,-13.261,-29.958
18.230,waypoint_1,-4.463,-13.355,-29.959
18.262,waypoint_1,-4.489,-13.449,-29.960
18.296,waypoint_1,-4.522,-13.566,-29.962
18.330,waypoint_1,-4.548,-13.660,-29.963
18.362,waypoint_1,-4.574,-13.754,-29.964
18.396,waypoint_1,-4.600,-13.848,-29.966
18.430,waypoint_1,-4.627,-13.942,-29.967
18.462,waypoint_1,-4.653,-14.036,-29.968
18.496,waypoint_1,-4.686,-14.153,-29.970
18.530,waypoint_1,-4.713,-14.247,-29.971
18.562,waypoint_1,-4.739,-14.341,-29.972
18.596,waypoint_1,-4.765,-14.435,-29.973
18.630,waypoint_1,-4.792,-14.529,-29.974
18.662,waypoint_1,-4.818,-14.623,-29.975
18.696,waypoint_1,-4.851,-14.740,-29.976
18.730,waypoint_1,-4.877,-14.834,-29.977
18.762,waypoint_1,-4.903,-14.928,-29.978
18.796,waypoint_1,-4.928,-15.021,-29.979
18.830,waypoint_1,-4.954,-15.115,-29.980
18.863,waypoint_1,-4.980,-15.208,-29.980
18.897,waypoint_1,-5.013,-15.325,-29.981
18.931,waypoint_1,-5.038,-15.419,-29.982
18.963,waypoint_1,-5.064,-15.512,-29.982
18.997,waypoint_1,-5.090,-15.606,-29.983
19.031,waypoint_1,-5.116,-15.699,-29.984
19.063,waypoint_1,-5.142,-15.792,-29.984
19.097,waypoint_1,-5.174,-15.909,-29.985
19.131,waypoint_1,-5.200,-16.002,-29.986
19.163,waypoint_1,-5.226,-16.095,-29.987
19.197,waypoint_1,-5.252,-16.188,-29.987
19.231,waypoint_1,-5.277,-16.281,-29.988
19.263,waypoint_1,-5.303,-16.375,-29.989
19.297,waypoint_1,-5.335,-16.491,-29.990
19.331,waypoint_1,-5.360,-16.585,-29.990
19.363,waypoint_1,-5.385,-16.678,-29.991
19.397,waypoint_1,-5.411,-16.772,-29.992
19.431,waypoint_1,-5.436,-16.865,-29.992
19.463,waypoint_1,-5.461,-16.959,-29.993
19.497,waypoint_1,-5.492,-17.076,-29.993
19.531,waypoint_1,-5.516,-17.170,-29.993
19.563,waypoint_1,-5.541,-17.263,-29.994
19.597,waypoint_1,-5.566,-17.357,-29.994
19.631,waypoint_1,-5.590,-17.451,-29.994
19.663,waypoint_1,-5.615,-17.545,-29.994
19.697,waypoint_1,-5.646,-17.662,-29.994
19.731,waypoint_1,-5.670,-17.756,-29.994
19.763,waypoint_1,-5.695,-17.850,-29.994
19.797,waypoint_1,-5.720,-17.944,-29.994
19.831,waypoint_1,-5.745,-18.038,-29.993
19.863,waypoint_1,-5.770,-18.132,-29.993
19.897,waypoint_1,-5.802,-18.250,-29.993
19.931,waypoint_1,-5.827,-18.345,-29.992
19.963,waypoint_1,-5.852,-18.439,-29.992
19.997,waypoint_1,-5.878,-18.534,-29.991
20.031,waypoint_1,-5.903,-18.629,-29.991
20.063,waypoint_1,-5.928,-18.724,-29.991
20.097,waypoint_1,-5.960,-18.842,-29.990
20.131,waypoint_1,-5.985,-18.938,-29.990
20.163,waypoint_1,-6.011,-19.033,-29.990
20.197,waypoint_1,-6.036,-19.128,-29.990
20.231,waypoint_1,-6.062,-19.223,-29.990
20.263,waypoint_1,-6.087,-19.319,-29.989
20.297,waypoint_1,-6.119,-19.438,-29.990
20.331,waypoint_1,-6.145,-19.533,-29.990
20.363,waypoint_1,-6.170,-19.629,-29.990
20.397,waypoint_1,-6.196,-19.724,-29.990
20.431,waypoint_1,-6.222,-19.819,-29.990
20.463,waypoint_1,-6.247,-19.914,-29.991
20.497,waypoint_1,-6.279,-20.033,-29.991
20.531,waypoint_1,-6.304,-20.128,-29.992
20.563,waypoint_1,-6.330,-20.223,-29.992
20.597,waypoint_1,-6.355,-20.318,-29.993
20.631,waypoint_1,-6.380,-20.413,-29.993
20.663,waypoint_1,-6.406,-20.508,-29.994
20.697,waypoint_1,-6.437,-20.626,-29.994
20.731,waypoint_1,-6.463,-20.721,-29.995
20.763,waypoint_1,-6.488,-20.815,-29.995
20.797,waypoint_1,-6.514,-20.910,-29.995
20.831,waypoint_1,-6.540,-21.004,-29.995
20.863,waypoint_1,-6.565,-21.098,-29.996
20.897,waypoint_1,-6.598,-21.216,-29.996
20.931,waypoint_1,-6.624,-21.310,-29.996
20.963,waypoint_1,-6.649,-21.404,-29.997
20.997,waypoint_1,-6.675,-21.498,-29.997
21.031,waypoint_1,-6.702,-21.592,-29.997
21.063,waypoint_1,-6.728,-21.686,-29.997
21.097,waypoint_1,-6.761,-21.804,-29.998
21.131,waypoint_1,-6.787,-21.898,-29.998
21.163,waypoint_1,-6.814,-21.991,-29.998
21.197,waypoint_1,-6.840,-22.085,-29.998
21.231,waypoint_1,-6.867,-22.179,-29.998
21.263,waypoint_1,-6.893,-22.273,-29.998
21.297,waypoint_1,-6.927,-22.390,-29.998
21.331,waypoint_1,-6.953,-22.484,-29.998
21.363,waypoint_1,-6.979,-22.577,-29.998
21.397,waypoint_1,-7.005,-22.671,-29.998
21.431,waypoint_1,-7.032,-22.764,-29.998
21.463,waypoint_1,-7.058,-22.858,-29.999
21.497,waypoint_1,-7.091,-22.974,-29.999
21.531,waypoint_1,-7.117,-23.067,-29.999
21.563,waypoint_1,-7.143,-23.160,-29.999
21.597,waypoint_1,-7.170,-23.253,-29.999
21.631,waypoint_1,-7.196,-23.346,-29.999
21.663,waypoint_1,-7.223,-23.438,-29.999
21.697,waypoint_1,-7.256,-23.554,-29.999
21.731,waypoint_1,-7.283,-23.646,-29.999
21.763,waypoint_1,-7.309,-23.739,-29.999
21.797,waypoint_1,-7.336,-23.831,-30.000
21.831,waypoint_1,-7.362,-23.923,-30.000
21.863,waypoint_1,-7.389,-24.016,-29.999
21.897,waypoint_1,-7.422,-24.131,-29.999
21.931,waypoint_1,-7.448,-24.224,-29.999
21.963,waypoint_1,-7.475,-24.316,-29.999
21.997,waypoint_1,-7.502,-24.409,-29.999
22.031,waypoint_1,-7.528,-24.501,-29.998
22.063,waypoint_1,-7.555,-24.593,-29.998
22.097,waypoint_1,-7.588,-24.709,-29.997
22.131,waypoint_1,-7.615,-24.802,-29.997
22.163,waypoint_1,-7.642,-24.894,-29.996
22.197,waypoint_1,-7.669,-24.987,-29.996
22.231,waypoint_1,-7.695,-25.080,-29.996
22.263,waypoint_1,-7.722,-25.172,-29.996
22.297,waypoint_1,-7.756,-25.288,-29.995
22.331,waypoint_1,-7.783,-25.381,-29.995
22.363,waypoint_1,-7.810,-25.474,-29.995
22.397,waypoint_1,-7.837,-25.567,-29.995
22.431,waypoint_1,-7.864,-25.659,-29.995
22.463,waypoint_1,-7.891,-25.752,-29.995
22.497,waypoint_1,-7.925,-25.868,-29.995
22.531,waypoint_1,-7.952,-25.961,-29.995
22.563,waypoint_1,-7.979,-26.053,-29.995
22.597,waypoint_1,-8.006,-26.146,-29.995
22.631,waypoint_1,-8.033,-26.238,-29.996
22.663,waypoint_1,-8.060,-26.330,-29.996
22.697,waypoint_1,-8.094,-26.446,-29.996
22.732,waypoint_1,-8.121,-26.538,-29.996
22.764,waypoint_1,-8.148,-26.630,-29.997
22.798,waypoint_1,-8.176,-26.723,-29.997
22.832,waypoint_1,-8.203,-26.815,-29.997
22.864,waypoint_1,-8.230,-26.907,-29.998
22.898,waypoint_1,-8.264,-27.023,-29.998
22.932,waypoint_1,-8.291,-27.115,-29.998
22.964,waypoint_1,-8.319,-27.208,-29.999
22.998,waypoint_1,-8.346,-27.300,-29.999
23.032,waypoint_1,-8.373,-27.393,-29.999
23.064,waypoint_1,-8.400,-27.485,-29.999
23.098,waypoint_1,-8.434,-27.601,-30.000
23.132,waypoint_1,-8.460,-27.693,-30.000
23.164,waypoint_1,-8.487,-27.786,-30.000
23.198,waypoint_1,-8.514,-27.878,-30.000
23.232,waypoint_1,-8.541,-27.971,-30.001
23.264,waypoint_1,-8.568,-28.064,-30.001
23.298,waypoint_1,-8.601,-28.179,-30.001
23.332,waypoint_1,-8.628,-28.272,-30.001
23.364,waypoint_1,-8.655,-28.365,-30.001
23.398,waypoint_1,-8.681,-28.457,-30.000
23.432,waypoint_1,-8.708,-28.550,-30.000
23.464,waypoint_1,-8.735,-28.643,-30.000
23.498,waypoint_1,-8.768,-28.759,-30.000
23.532,waypoint_1,-8.794,-28.852,-29.999
23.564,waypoint_1,-8.820,-28.945,-29.999
23.598,waypoint_1,-8.847,-29.038,-29.999
23.632,waypoint_1,-8.873,-29.132,-29.998
23.664,waypoint_1,-8.900,-29.225,-29.998
23.698,waypoint_1,-8.933,-29.341,-29.998
23.732,waypoint_1,-8.959,-29.435,-29.997
23.764,waypoint_1,-8.986,-29.528,-29.997
23.798,waypoint_1,-9.013,-29.621,-29.996
23.832,waypoint_1,-9.040,-29.714,-29.996
23.864,waypoint_1,-9.066,-29.808,-29.996
23.898,waypoint_1,-9.100,-29.924,-29.996
23.932,waypoint_1,-9.127,-30.017,-29.995
23.964,waypoint_1,-9.154,-30.110,-29.995
23.998,waypoint_1,-9.180,-30.203,-29.995
24.032,waypoint_1,-9.207,-30.296,-29.995
24.064,waypoint_1,-9.234,-30.389,-29.995
24.098,waypoint_1,-9.268,-30.505,-29.995
24.132,waypoint_1,-9.295,-30.597,-29.995
24.164,waypoint_1,-9.322,-30.690,-29.995
24.198,waypoint_1,-9.349,-30.783,-29.995
24.232,waypoint_1,-9.375,-30.875,-29.995
24.264,waypoint_1,-9.402,-30.968,-29.995
24.298,waypoint_1,-9.436,-31.084,-29.995
24.332,waypoint_1,-9.463,-31.176,-29.995
24.364,waypoint_1,-9.490,-31.268,-29.995
24.398,waypoint_1,-9.517,-31.361,-29.995
24.432,waypoint_1,-9.543,-31.453,-29.995
24.464,waypoint_1,-9.570,-31.545,-29.995
24.498,waypoint_1,-9.604,-31.660,-29.994
24.532,waypoint_1,-9.631,-31.752,-29.994
24.564,waypoint_1,-9.658,-31.844,-29.994
24.598,waypoint_1,-9.685,-31.936,-29.994
24.632,waypoint_1,-9.712,-32.029,-29.994
24.664,waypoint_1,-9.740,-32.121,-29.994
24.698,waypoint_1,-9.774,-32.236,-29.994
24.732,waypoint_1,-9.801,-32.328,-29.993
24.764,waypoint_1,-9.829,-32.420,-29.993
24.798,waypoint_1,-9.857,-32.512,-29.993
24.832,waypoint_1,-9.884,-32.605,-29.993
24.864,waypoint_1,-9.912,-32.697,-29.993
24.898,waypoint_1,-9.946,-32.812,-29.992
24.932,waypoint_1,-9.974,-32.903,-29.992
24.964,waypoint_1,-10.002,-32.995,-29.992
24.998,waypoint_1,-10.029,-33.087,-29.992
25.032,waypoint_1,-10.057,-33.179,-29.992
25.064,waypoint_1,-10.085,-33.270,-29.992
25.098,waypoint_1,-10.119,-33.384,-29.992
25.132,waypoint_1,-10.147,-33.476,-29.991
25.164,waypoint_1,-10.175,-33.567,-29.991
25.198,waypoint_1,-10.202,-33.658,-29.991
25.232,waypoint_1,-10.230,-33.749,-29.991
25.264,waypoint_1,-10.258,-33.840,-29.991
25.298,waypoint_1,-10.292,-33.954,-29.992
25.332,waypoint_1,-10.320,-34.045,-29.992
25.364,waypoint_1,-10.348,-34.136,-29.992
25.398,waypoint_1,-10.376,-34.227,-29.992
25.432,waypoint_1,-10.403,-34.318,-29.992
25.464,waypoint_1,-10.431,-34.408,-29.993
25.498,waypoint_1,-10.466,-34.522,-29.993
25.532,waypoint_1,-10.493,-34.612,-29.993
25.564,waypoint_1,-10.521,-34.703,-29.994
25.598,waypoint_1,-10.549,-34.794,-29.995
25.632,waypoint_1,-10.576,-34.884,-29.995
25.664,waypoint_1,-10.604,-34.975,-29.996
25.698,waypoint_1,-10.639,-35.088,-29.996
25.732,waypoint_1,-10.667,-35.179,-29.997
25.764,waypoint_1,-10.694,-35.270,-29.997
25.798,waypoint_1,-10.722,-35.361,-29.998
25.832,waypoint_1,-10.750,-35.451,-29.998
25.864,waypoint_1,-10.778,-35.542,-29.999
25.898,waypoint_1,-10.813,-35.656,-29.999
25.932,waypoint_1,-10.841,-35.747,-29.999
25.964,waypoint_1,-10.869,-35.838,-30.000
25.998,waypoint_1,-10.897,-35.929,-30.001
26.032,waypoint_1,-10.925,-36.020,-30.001
26.064,waypoint_1,-10.953,-36.112,-30.002
26.099,waypoint_1,-10.989,-36.226,-30.003
26.133,waypoint_1,-11.017,-36.317,-30.003
26.165,waypoint_1,-11.045,-36.409,-30.003
26.199,waypoint_1,-11.074,-36.501,-30.004
26.233,waypoint_1,-11.102,-36.592,-30.004
26.265,waypoint_1,-11.130,-36.684,-30.005
26.299,waypoint_1,-11.165,-36.799,-30.005
26.333,waypoint_1,-11.193,-36.890,-30.005
26.365,waypoint_1,-11.221,-36.982,-30.005
26.399,waypoint_1,-11.249,-37.074,-30.005
26.433,waypoint_1,-11.277,-37.166,-30.005
26.465,waypoint_1,-11.305,-37.258,-30.005
26.499,waypoint_1,-11.341,-37.373,-30.005
26.533,waypoint_1,-11.369,-37.464,-30.005
26.565,waypoint_1,-11.397,-37.556,-30.005
26.599,waypoint_1,-11.425,-37.648,-30.006
26.633,waypoint_1,-11.453,-37.740,-30.006
26.665,waypoint_1,-11.481,-37.831,-30.006
26.699,waypoint_1,-11.516,-37.946,-30.006
26.733,waypoint_1,-11.544,-38.038,-30.006
26.765,waypoint_1,-11.572,-38.130,-30.006
26.799,waypoint_1,-11.600,-38.222,-30.006
26.833,waypoint_1,-11.627,-38.313,-30.006
26.865,waypoint_1,-11.655,-38.405,-30.006
26.899,waypoint_1,-11.689,-38.520,-30.006
26.933,waypoint_1,-11.716,-38.612,-30.006
26.965,waypoint_1,-11.743,-38.704,-30.006
26.999,waypoint_1,-11.770,-38.795,-30.006
27.033,waypoint_1,-11.797,-38.887,-30.006
27.065,waypoint_1,-11.823,-38.979,-30.006
27.099,waypoint_1,-11.857,-39.094,-30.006
27.133,waypoint_1,-11.884,-39.185,-30.006
27.165,waypoint_1,-11.910,-39.277,-30.006
27.199,waypoint_1,-11.937,-39.368,-30.006
27.233,waypoint_1,-11.964,-39.460,-30.006
27.265,waypoint_1,-11.990,-39.551,-30.005
27.299,waypoint_1,-12.024,-39.666,-30.005
27.333,waypoint_1,-12.051,-39.757,-30.005
27.365,waypoint_1,-12.077,-39.848,-30.004
27.399,waypoint_1,-12.104,-39.939,-30.004
27.433,waypoint_1,-12.130,-40.031,-30.003
27.465,waypoint_1,-12.157,-40.122,-30.003
27.499,waypoint_1,-12.190,-40.236,-30.002
27.533,waypoint_1,-12.217,-40.328,-30.002
27.565,waypoint_1,-12.243,-40.419,-30.001
27.599,waypoint_1,-12.270,-40.511,-30.001
27.633,waypoint_1,-12.296,-40.602,-30.001
27.665,waypoint_1,-12.323,-40.693,-30.000
27.699,waypoint_1,-12.356,-40.808,-30.000
27.733,waypoint_1,-12.383,-40.900,-29.999
27.765,waypoint_1,-12.410,-40.992,-29.999
27.799,waypoint_1,-12.437,-41.083,-29.998
27.833,waypoint_1,-12.463,-41.175,-29.998
27.865,waypoint_1,-12.490,-41.267,-29.997
27.899,waypoint_1,-12.524,-41.383,-29.997
27.933,waypoint_1,-12.551,-41.475,-29.996
27.965,waypoint_1,-12.578,-41.567,-29.996
27.999,waypoint_1,-12.605,-41.659,-29.995
28.033,waypoint_1,-12.632,-41.751,-29.995
28.065,waypoint_1,-12.659,-41.844,-29.994
28.099,waypoint_1,-12.693,-41.959,-29.994
28.133,waypoint_1,-12.720,-42.051,-29.993
28.165,waypoint_1,-12.747,-42.143,-29.993
28.199,waypoint_1,-12.774,-42.235,-29.992
28.233,waypoint_1,-12.801,-42.327,-29.992
28.265,waypoint_1,-12.827,-42.419,-29.992
28.299,waypoint_1,-12.861,-42.534,-29.991
28.333,waypoint_1,-12.888,-42.626,-29.991
28.365,waypoint_1,-12.914,-42.718,-29.990
28.399,waypoint_1,-12.941,-42.810,-29.990
28.433,waypoint_1,-12.967,-42.902,-29.990
28.465,waypoint_1,-12.993,-42.994,-29.989
28.499,waypoint_1,-13.026,-43.108,-29.989
28.533,waypoint_1,-13.052,-43.200,-29.989
28.565,waypoint_1,-13.078,-43.291,-29.989
28.599,waypoint_1,-13.104,-43.383,-29.989
28.633,waypoint_1,-13.130,-43.474,-29.988
28.665,waypoint_1,-13.155,-43.566,-29.988
28.699,waypoint_1,-13.188,-43.680,-29.988
28.733,waypoint_1,-13.214,-43.772,-29.988
28.765,waypoint_1,-13.240,-43.863,-29.988
28.799,waypoint_1,-13.265,-43.955,-29.988
28.833,waypoint_1,-13.291,-44.046,-29.988
28.865,waypoint_1,-13.317,-44.138,-29.987
28.899,waypoint_1,-13.350,-44.252,-29.987
28.933,waypoint_1,-13.376,-44.344,-29.987
28.966,waypoint_1,-13.402,-44.435,-29.987
29.000,waypoint_1,-13.428,-44.527,-29.987
29.034,waypoint_1,-13.454,-44.619,-29.986
29.067,waypoint_1,-13.480,-44.710,-29.986
29.100,waypoint_1,-13.512,-44.825,-29.986
29.134,waypoint_1,-13.539,-44.916,-29.986
29.167,waypoint_1,-13.565,-45.008,-29.985
29.200,waypoint_1,-13.591,-45.100,-29.985
29.234,waypoint_1,-13.618,-45.191,-29.985
29.266,waypoint_1,-13.644,-45.283,-29.985
29.300,waypoint_1,-13.677,-45.398,-29.985
29.334,waypoint_1,-13.704,-45.490,-29.985
29.366,waypoint_1,-13.730,-45.581,-29.985
29.400,waypoint_1,-13.757,-45.673,-29.985
29.434,waypoint_1,-13.783,-45.766,-29.985
29.466,waypoint_1,-13.810,-45.858,-29.985
29.500,waypoint_1,-13.843,-45.973,-29.985
29.534,waypoint_1,-13.870,-46.065,-29.985
29.566,waypoint_1,-13.896,-46.157,-29.985
29.600,waypoint_1,-13.923,-46.249,-29.984
29.634,waypoint_1,-13.950,-46.341,-29.984
29.666,waypoint_1,-13.977,-46.434,-29.984
29.700,waypoint_1,-14.010,-46.549,-29.985
29.734,waypoint_1,-14.037,-46.641,-29.985
29.766,waypoint_1,-14.064,-46.733,-29.985
29.800,waypoint_1,-14.092,-46.825,-29.985
29.834,waypoint_1,-14.119,-46.916,-29.985
29.866,waypoint_1,-14.146,-47.008,-29.985
29.900,waypoint_1,-14.181,-47.122,-29.985
29.934,waypoint_1,-14.208,-47.214,-29.985
29.966,waypoint_1,-14.236,-47.305,-29.984
30.000,waypoint_1,-14.264,-47.397,-29.984
30.034,waypoint_1,-14.292,-47.488,-29.984
30.066,waypoint_1,-14.319,-47.579,-29.984
30.100,waypoint_1,-14.354,-47.693,-29.984
30.134,waypoint_1,-14.382,-47.784,-29.984
30.166,waypoint_1,-14.410,-47.875,-29.983
30.200,waypoint_1,-14.437,-47.967,-29.983
30.234,waypoint_1,-14.465,-48.058,-29.983
30.266,waypoint_1,-14.493,-48.149,-29.983
30.300,waypoint_1,-14.528,-48.263,-29.982
30.334,waypoint_1,-14.556,-48.355,-29.982
30.367,waypoint_1,-14.584,-48.446,-29.981
30.400,waypoint_1,-14.611,-48.537,-29.981
30.434,waypoint_1,-14.639,-48.629,-29.981
30.466,waypoint_1,-14.667,-48.720,-29.981
30.500,waypoint_1,-14.702,-48.834,-29.981
30.534,waypoint_1,-14.730,-48.925,-29.981
30.566,waypoint_1,-14.758,-49.017,-29.981
30.600,waypoint_1,-14.785,-49.108,-29.982
30.634,waypoint_1,-14.813,-49.200,-29.982
30.666,waypoint_1,-14.841,-49.291,-29.983
30.700,waypoint_1,-14.875,-49.406,-29.984
30.734,waypoint_1,-14.902,-49.497,-29.984
30.767,waypoint_1,-14.930,-49.589,-29.985
30.800,waypoint_1,-14.957,-49.681,-29.986
30.834,waypoint_1,-14.984,-49.773,-29.986
30.867,waypoint_1,-15.011,-49.865,-29.987
30.900,waypoint_1,-15.045,-49.980,-29.988
30.934,waypoint_1,-15.072,-50.072,-29.988
30.966,waypoint_1,-15.100,-50.165,-29.989
31.000,waypoint_1,-15.127,-50.257,-29.989
31.034,waypoint_1,-15.155,-50.349,-29.989
31.066,waypoint_1,-15.182,-50.442,-29.990
31.100,waypoint_1,-15.217,-50.558,-29.990
31.134,waypoint_1,-15.244,-50.650,-29.989
31.166,waypoint_1,-15.272,-50.743,-29.989
31.200,waypoint_1,-15.299,-50.835,-29.989
31.234,waypoint_1,-15.326,-50.928,-29.988
31.266,waypoint_1,-15.354,-51.020,-29.988
31.300,waypoint_1,-15.388,-51.136,-29.987
31.332,waypoint_1,-15.415,-51.228,-29.987
31.366,waypoint_1,-15.442,-51.320,-29.986
31.400,waypoint_1,-15.470,-51.412,-29.986
31.432,waypoint_1,-15.497,-51.504,-29.985
31.466,waypoint_1,-15.524,-51.596,-29.985
31.500,waypoint_1,-15.558,-51.711,-29.984
31.532,waypoint_1,-15.585,-51.803,-29.983
31.566,waypoint_1,-15.611,-51.895,-29.983
31.600,waypoint_1,-15.638,-51.987,-29.982
31.632,waypoint_1,-15.664,-52.078,-29.982
31.666,waypoint_1,-15.691,-52.170,-29.982
31.700,waypoint_1,-15.724,-52.285,-29.981
31.732,waypoint_1,-15.750,-52.377,-29.981
31.766,waypoint_1,-15.776,-52.469,-29.981
31.800,waypoint_1,-15.802,-52.561,-29.982
31.832,waypoint_1,-15.829,-52.653,-29.982
31.866,waypoint_1,-15.855,-52.744,-29.982
31.900,waypoint_1,-15.888,-52.859,-29.983
31.932,waypoint_1,-15.914,-52.951,-29.983
31.966,waypoint_1,-15.941,-53.042,-29.983
32.000,waypoint_1,-15.967,-53.134,-29.984
32.032,waypoint_1,-15.994,-53.225,-29.985
32.067,waypoint_1,-16.020,-53.317,-29.985
32.100,waypoint_1,-16.053,-53.431,-29.986
32.132,waypoint_1,-16.079,-53.523,-29.986
32.166,waypoint_1,-16.105,-53.615,-29.987
32.200,waypoint_1,-16.131,-53.706,-29.987
32.232,waypoint_1,-16.158,-53.798,-29.988
32.266,waypoint_1,-16.184,-53.890,-29.989
32.300,waypoint_1,-16.216,-54.004,-29.989
32.332,waypoint_1,-16.242,-54.096,-29.990
32.366,waypoint_1,-16.268,-54.187,-29.991
32.401,waypoint_1,-16.294,-54.279,-29.991
32.432,waypoint_1,-16.320,-54.371,-29.992
32.466,waypoint_1,-16.345,-54.463,-29.992
32.500,waypoint_1,-16.377,-54.577,-29.993
32.532,waypoint_1,-16.403,-54.669,-29.993
32.567,waypoint_1,-16.429,-54.761,-29.994
32.601,waypoint_1,-16.454,-54.853,-29.994
32.632,waypoint_1,-16.480,-54.945,-29.994
32.666,waypoint_1,-16.505,-55.037,-29.994
32.700,waypoint_1,-16.537,-55.152,-29.995
32.732,waypoint_1,-16.563,-55.244,-29.995
32.767,waypoint_1,-16.589,-55.336,-29.995
32.800,waypoint_1,-16.614,-55.428,-29.995
32.832,waypoint_1,-16.640,-55.519,-29.995
32.867,waypoint_1,-16.666,-55.611,-29.995
32.900,waypoint_1,-16.698,-55.726,-29.995
32.932,waypoint_1,-16.724,-55.818,-29.995
32.966,waypoint_1,-16.750,-55.910,-29.994
33.000,waypoint_1,-16.776,-56.002,-29.994
33.032,waypoint_1,-16.802,-56.094,-29.994
33.066,waypoint_1,-16.828,-56.186,-29.995
33.101,waypoint_1,-16.860,-56.301,-29.995
33.132,waypoint_1,-16.886,-56.393,-29.995
33.166,waypoint_1,-16.912,-56.485,-29.995
33.200,waypoint_1,-16.938,-56.577,-29.995
33.232,waypoint_1,-16.964,-56.669,-29.994
33.267,waypoint_1,-16.990,-56.760,-29.994
33.300,waypoint_1,-17.023,-56.875,-29.994
33.332,waypoint_1,-17.049,-56.967,-29.994
33.366,waypoint_1,-17.075,-57.058,-29.994
33.401,waypoint_1,-17.102,-57.150,-29.994
33.432,waypoint_1,-17.128,-57.241,-29.994
33.466,waypoint_1,-17.154,-57.333,-29.994
33.500,waypoint_1,-17.187,-57.447,-29.994
33.532,waypoint_1,-17.213,-57.538,-29.994
33.566,waypoint_1,-17.240,-57.630,-29.994
33.600,waypoint_1,-17.266,-57.721,-29.994
33.632,waypoint_1,-17.292,-57.812,-29.994
33.666,waypoint_1,-17.319,-57.903,-29.995
33.700,waypoint_1,-17.351,-58.017,-29.995
33.732,waypoint_1,-17.377,-58.108,-29.995
33.767,waypoint_1,-17.403,-58.200,-29.995
33.800,waypoint_1,-17.429,-58.291,-29.996
33.832,waypoint_1,-17.455,-58.382,-29.996
33.866,waypoint_1,-17.481,-58.473,-29.996
33.900,waypoint_1,-17.513,-58.586,-29.997
33.933,waypoint_1,-17.539,-58.677,-29.997
33.966,waypoint_1,-17.565,-58.768,-29.997
34.000,waypoint_1,-17.590,-58.859,-29.998
34.033,waypoint_1,-17.616,-58.949,-29.998
34.066,waypoint_1,-17.641,-59.040,-29.998
34.100,waypoint_1,-17.673,-59.154,-29.998
34.132,waypoint_1,-17.699,-59.244,-29.998
34.166,waypoint_1,-17.724,-59.335,-29.998
34.200,waypoint_1,-17.750,-59.425,-29.998
34.232,waypoint_1,-17.775,-59.516,-29.998
34.266,waypoint_1,-17.801,-59.606,-29.998
34.300,waypoint_1,-17.833,-59.719,-29.998
34.333,waypoint_1,-17.859,-59.810,-29.998
34.366,waypoint_1,-17.884,-59.900,-29.998
34.400,waypoint_1,-17.910,-59.990,-29.998
34.433,waypoint_1,-17.936,-60.080,-29.998
34.467,waypoint_1,-17.962,-60.171,-29.998
34.501,waypoint_1,-17.995,-60.284,-29.998
34.533,waypoint_1,-18.021,-60.374,-29.998
34.567,waypoint_1,-18.047,-60.464,-29.998
34.600,waypoint_1,-18.073,-60.555,-29.998
34.633,waypoint_1,-18.099,-60.645,-29.999
34.666,waypoint_1,-18.125,-60.736,-29.999
34.700,waypoint_1,-18.158,-60.849,-29.999
34.733,waypoint_1,-18.185,-60.940,-29.999
34.767,waypoint_1,-18.211,-61.031,-29.999
34.801,waypoint_1,-18.238,-61.122,-29.999
34.832,waypoint_1,-18.265,-61.213,-30.000
34.866,waypoint_1,-18.292,-61.305,-30.000
34.901,waypoint_1,-18.326,-61.419,-30.000
34.933,waypoint_1,-18.353,-61.510,-30.000
34.966,waypoint_1,-18.381,-61.602,-30.001
35.000,waypoint_1,-18.408,-61.693,-30.001
35.032,waypoint_1,-18.436,-61.785,-30.001
35.066,waypoint_1,-18.463,-61.876,-30.001
35.100,waypoint_1,-18.498,-61.991,-30.002
35.132,waypoint_1,-18.525,-62.082,-30.002
35.166,waypoint_1,-18.552,-62.174,-30.002
35.200,waypoint_1,-18.580,-62.265,-30.003
35.233,waypoint_1,-18.607,-62.356,-30.003
35.267,waypoint_1,-18.635,-62.448,-30.003
35.300,waypoint_1,-18.669,-62.562,-30.004
35.333,waypoint_1,-18.696,-62.653,-30.004
35.367,waypoint_1,-18.724,-62.744,-30.004
35.400,waypoint_1,-18.751,-62.835,-30.004
35.433,waypoint_1,-18.778,-62.927,-30.004
35.467,waypoint_1,-18.805,-63.018,-30.004
35.500,waypoint_1,-18.839,-63.132,-30.004
35.532,waypoint_1,-18.867,-63.223,-30.004
35.567,waypoint_1,-18.894,-63.315,-30.003
35.600,waypoint_1,-18.921,-63.406,-30.003
35.632,waypoint_1,-18.948,-63.498,-30.003
35.666,waypoint_1,-18.975,-63.589,-30.003
35.700,waypoint_1,-19.009,-63.704,-30.003
35.733,waypoint_1,-19.037,-63.795,-30.002
35.767,waypoint_1,-19.064,-63.887,-30.002
35.800,waypoint_1,-19.091,-63.979,-30.001
35.832,waypoint_1,-19.118,-64.071,-30.001
35.867,waypoint_1,-19.145,-64.163,-30.000
35.900,waypoint_1,-19.178,-64.278,-30.000
35.933,waypoint_1,-19.205,-64.370,-29.999
35.967,waypoint_1,-19.232,-64.462,-29.998
36.000,waypoint_1,-19.259,-64.554,-29.997
36.033,waypoint_1,-19.285,-64.646,-29.997
36.067,waypoint_1,-19.312,-64.738,-29.996
36.100,waypoint_1,-19.345,-64.853,-29.996
36.133,waypoint_1,-19.371,-64.945,-29.995
36.167,waypoint_1,-19.398,-65.037,-29.995
36.200,waypoint_1,-19.424,-65.129,-29.994
36.232,waypoint_1,-19.450,-65.220,-29.994
36.267,waypoint_1,-19.476,-65.312,-29.994
36.300,waypoint_1,-19.509,-65.427,-29.994
36.332,waypoint_1,-19.535,-65.519,-29.993
36.367,waypoint_1,-19.561,-65.610,-29.993
36.400,waypoint_1,-19.588,-65.702,-29.993
36.432,waypoint_1,-19.614,-65.793,-29.992
36.467,waypoint_1,-19.640,-65.885,-29.992
36.500,waypoint_1,-19.673,-65.999,-29.991
36.532,waypoint_1,-19.699,-66.091,-29.991
36.566,waypoint_1,-19.726,-66.183,-29.991
36.600,waypoint_1,-19.752,-66.274,-29.991
36.633,waypoint_1,-19.778,-66.366,-29.990
36.667,waypoint_1,-19.805,-66.458,-29.990
36.700,waypoint_1,-19.838,-66.572,-29.990
36.733,waypoint_1,-19.864,-66.664,-29.990
36.767,waypoint_1,-19.890,-66.755,-29.990
36.800,waypoint_1,-19.917,-66.847,-29.991
36.833,waypoint_1,-19.944,-66.939,-29.991
36.867,waypoint_1,-19.970,-67.031,-29.991
36.901,waypoint_1,-20.004,-67.146,-29.992
36.932,waypoint_1,-20.031,-67.238,-29.992
36.967,waypoint_1,-20.057,-67.330,-29.992
37.001,waypoint_1,-20.084,-67.422,-29.993
37.032,waypoint_1,-20.111,-67.514,-29.993
37.067,waypoint_1,-20.138,-67.606,-29.994
37.101,waypoint_1,-20.171,-67.720,-29.995
37.132,waypoint_1,-20.198,-67.812,-29.996
37.167,waypoint_1,-20.225,-67.904,-29.996
37.201,waypoint_1,-20.252,-67.996,-29.997
37.233,waypoint_1,-20.278,-68.088,-29.998
37.267,waypoint_1,-20.305,-68.180,-29.998
37.301,waypoint_1,-20.339,-68.295,-29.999
37.333,waypoint_1,-20.366,-68.387,-30.000
37.367,waypoint_1,-20.392,-68.479,-30.001
37.400,waypoint_1,-20.419,-68.571,-30.002
37.433,waypoint_1,-20.446,-68.663,-30.002
37.467,waypoint_1,-20.472,-68.755,-30.003
37.501,waypoint_1,-20.505,-68.871,-30.004
37.533,waypoint_1,-20.531,-68.963,-30.005
37.567,waypoint_1,-20.558,-69.056,-30.005
37.600,waypoint_1,-20.584,-69.148,-30.006
37.633,waypoint_1,-20.610,-69.241,-30.007
37.668,waypoint_1,-20.636,-69.334,-30.007
37.702,waypoint_1,-20.669,-69.449,-30.008
37.734,waypoint_1,-20.695,-69.542,-30.008
37.768,waypoint_1,-20.722,-69.635,-30.008
37.802,waypoint_1,-20.748,-69.727,-30.008
37.834,waypoint_1,-20.775,-69.820,-30.009
37.868,waypoint_1,-20.802,-69.912,-30.009
37.902,waypoint_1,-20.835,-70.028,-30.009
37.934,waypoint_1,-20.862,-70.120,-30.008
37.968,waypoint_1,-20.888,-70.212,-30.008
38.002,waypoint_1,-20.915,-70.304,-30.008
38.034,waypoint_1,-20.942,-70.397,-30.008
38.068,waypoint_1,-20.968,-70.489,-30.008
38.102,waypoint_1,-21.001,-70.604,-30.008
38.134,waypoint_1,-21.028,-70.696,-30.008
38.168,waypoint_1,-21.055,-70.788,-30.007
38.202,waypoint_1,-21.081,-70.880,-30.007
38.234,waypoint_1,-21.108,-70.972,-30.007
38.268,waypoint_1,-21.135,-71.064,-30.006
38.302,waypoint_1,-21.169,-71.179,-30.006
38.334,waypoint_1,-21.196,-71.271,-30.005
38.368,waypoint_1,-21.223,-71.364,-30.005
38.402,waypoint_1,-21.250,-71.456,-30.004
38.434,waypoint_1,-21.278,-71.548,-30.003
38.469,waypoint_1,-21.305,-71.641,-30.003
38.503,waypoint_1,-21.340,-71.756,-30.001
38.535,waypoint_1,-21.367,-71.848,-30.000
38.569,waypoint_1,-21.395,-71.941,-29.999
38.603,waypoint_1,-21.423,-72.033,-29.998
38.635,waypoint_1,-21.451,-72.125,-29.997
38.669,waypoint_1,-21.479,-72.217,-29.996
38.703,waypoint_1,-21.513,-72.332,-29.995
38.735,waypoint_1,-21.541,-72.425,-29.994
38.769,waypoint_1,-21.568,-72.517,-29.994
38.803,waypoint_1,-21.596,-72.609,-29.993
38.835,waypoint_1,-21.623,-72.701,-29.992
38.869,waypoint_1,-21.651,-72.793,-29.992
38.904,waypoint_1,-21.685,-72.908,-29.992
38.936,waypoint_1,-21.712,-72.999,-29.991
38.970,waypoint_1,-21.739,-73.091,-29.991
39.004,waypoint_1,-21.766,-73.183,-29.991
39.036,waypoint_1,-21.793,-73.275,-29.991
39.070,waypoint_1,-21.820,-73.367,-29.991
39.105,waypoint_1,-21.854,-73.482,-29.991
39.137,waypoint_1,-21.881,-73.574,-29.991
39.171,waypoint_1,-21.908,-73.666,-29.990
39.205,waypoint_1,-21.936,-73.758,-29.990
39.237,waypoint_1,-21.963,-73.849,-29.990
39.271,waypoint_1,-21.990,-73.941,-29.990
39.305,waypoint_1,-22.024,-74.056,-29.989
39.337,waypoint_1,-22.052,-74.147,-29.989
39.371,waypoint_1,-22.079,-74.239,-29.989
39.405,waypoint_1,-22.106,-74.331,-29.989
39.437,waypoint_1,-22.133,-74.423,-29.988
39.471,waypoint_1,-22.161,-74.514,-29.988
39.506,waypoint_1,-22.195,-74.629,-29.988
39.537,waypoint_1,-22.222,-74.721,-29.988
39.571,waypoint_1,-22.250,-74.813,-29.988
39.605,waypoint_1,-22.277,-74.905,-29.988
39.637,waypoint_1,-22.304,-74.997,-29.988
39.671,waypoint_2,-22.332,-75.090,-29.987
39.705,waypoint_2,-22.365,-75.205,-29.987
39.737,waypoint_2,-22.392,-75.297,-29.987
39.771,waypoint_2,-22.419,-75.389,-29.989
39.805,waypoint_2,-22.445,-75.481,-29.992
39.837,waypoint_2,-22.471,-75.572,-29.996
39.871,waypoint_2,-22.496,-75.664,-30.002
39.905,waypoint_2,-22.525,-75.777,-30.010
39.937,waypoint_2,-22.546,-75.867,-30.017
39.971,waypoint_2,-22.564,-75.957,-30.023
40.005,waypoint_2,-22.579,-76.046,-30.029
40.037,waypoint_2,-22.590,-76.134,-30.034
40.071,waypoint_2,-22.599,-76.222,-30.039
40.107,waypoint_2,-22.604,-76.332,-30.043
40.138,waypoint_2,-22.603,-76.418,-30.045
40.173,waypoint_2,-22.599,-76.505,-30.046
40.207,waypoint_2,-22.591,-76.590,-30.046
40.239,waypoint_2,-22.580,-76.676,-30.046
40.275,waypoint_2,-22.564,-76.761,-30.044
40.309,waypoint_2,-22.539,-76.866,-30.042
40.341,waypoint_2,-22.516,-76.950,-30.039
40.375,waypoint_2,-22.489,-77.034,-30.037
40.409,waypoint_2,-22.459,-77.117,-30.033
40.441,waypoint_2,-22.426,-77.200,-30.030
40.475,waypoint_2,-22.391,-77.282,-30.027
40.509,waypoint_2,-22.344,-77.385,-30.022
40.541,waypoint_2,-22.303,-77.468,-30.019
40.575,waypoint_2,-22.260,-77.550,-30.015
40.609,waypoint_2,-22.216,-77.632,-30.012
40.641,waypoint_2,-22.170,-77.714,-30.009
40.677,waypoint_2,-22.122,-77.796,-30.006
40.711,waypoint_2,-22.061,-77.898,-30.003
40.743,waypoint_2,-22.010,-77.980,-30.000
40.778,waypoint_2,-21.959,-78.062,-29.998
40.812,waypoint_2,-21.906,-78.143,-29.996
40.845,waypoint_2,-21.853,-78.225,-29.994
40.879,waypoint_2,-21.799,-78.307,-29.992
40.913,waypoint_2,-21.731,-78.409,-29.990
40.945,waypoint_2,-21.676,-78.491,-29.989
40.979,waypoint_2,-21.620,-78.573,-29.988
41.013,waypoint_2,-21.564,-78.654,-29.987
41.045,waypoint_2,-21.508,-78.736,-29.986
41.079,waypoint_2,-21.451,-78.818,-29.986
41.113,waypoint_2,-21.380,-78.920,-29.985
41.145,waypoint_2,-21.323,-79.002,-29.984
41.179,waypoint_2,-21.265,-79.084,-29.984
41.213,waypoint_2,-21.208,-79.165,-29.984
41.245,waypoint_2,-21.151,-79.247,-29.983
41.279,waypoint_2,-21.094,-79.328,-29.983
41.313,waypoint_2,-21.022,-79.430,-29.983
41.345,waypoint_2,-20.965,-79.511,-29.982
41.379,waypoint_2,-20.908,-79.593,-29.982
41.413,waypoint_2,-20.852,-79.674,-29.982
41.445,waypoint_2,-20.795,-79.755,-29.982
41.479,waypoint_2,-20.738,-79.836,-29.982
41.513,waypoint_2,-20.668,-79.937,-29.983
41.545,waypoint_2,-20.611,-80.018,-29.983
41.579,waypoint_2,-20.555,-80.099,-29.983
41.613,waypoint_2,-20.499,-80.180,-29.983
41.645,waypoint_2,-20.443,-80.261,-29.983
41.679,waypoint_2,-20.387,-80.341,-29.983
41.713,waypoint_2,-20.317,-80.442,-29.984
41.745,waypoint_2,-20.261,-80.523,-29.984
41.779,waypoint_2,-20.206,-80.603,-29.984
41.813,waypoint_2,-20.150,-80.683,-29.984
41.845,waypoint_2,-20.094,-80.764,-29.984
41.879,waypoint_2,-20.039,-80.844,-29.984
41.913,waypoint_2,-19.969,-80.943,-29.985
41.945,waypoint_2,-19.913,-81.023,-29.985
41.979,waypoint_2,-19.858,-81.103,-29.985
42.013,waypoint_2,-19.802,-81.182,-29.985
42.045,waypoint_2,-19.746,-81.261,-29.985
42.079,waypoint_2,-19.690,-81.340,-29.985
42.113,waypoint_2,-19.620,-81.439,-29.985
42.145,waypoint_2,-19.564,-81.517,-29.985
42.179,waypoint_2,-19.508,-81.596,-29.985
42.213,waypoint_2,-19.452,-81.674,-29.984
42.245,waypoint_2,-19.396,-81.752,-29.984
42.279,waypoint_2,-19.340,-81.830,-29.984
42.313,waypoint_2,-19.269,-81.927,-29.984
42.345,waypoint_2,-19.213,-82.004,-29.984
42.379,waypoint_2,-19.156,-82.082,-29.984
42.413,waypoint_2,-19.100,-82.159,-29.984
42.445,waypoint_2,-19.043,-82.236,-29.984
42.479,waypoint_2,-18.987,-82.313,-29.983
42.513,waypoint_2,-18.916,-82.409,-29.984
42.545,waypoint_2,-18.859,-82.486,-29.984
42.579,waypoint_2,-18.803,-82.563,-29.984
42.613,waypoint_2,-18.746,-82.640,-29.984
42.645,waypoint_2,-18.690,-82.717,-29.984
42.679,waypoint_2,-18.633,-82.794,-29.984
42.713,waypoint_2,-18.563,-82.889,-29.984
42.745,waypoint_2,-18.507,-82.966,-29.984
42.779,waypoint_2,-18.450,-83.043,-29.984
42.813,waypoint_2,-18.393,-83.119,-29.984
42.846,waypoint_2,-18.337,-83.196,-29.984
42.880,waypoint_2,-18.280,-83.273,-29.984
42.914,waypoint_2,-18.209,-83.369,-29.984
42.946,waypoint_2,-18.152,-83.446,-29.984
42.980,waypoint_2,-18.095,-83.523,-29.984
43.014,waypoint_2,-18.038,-83.599,-29.983
43.046,waypoint_2,-17.981,-83.676,-29.983
43.080,waypoint_2,-17.923,-83.753,-29.982
43.114,waypoint_2,-17.852,-83.849,-29.982
43.146,waypoint_2,-17.794,-83.926,-29.981
43.180,waypoint_2,-17.737,-84.002,-29.981
43.214,waypoint_2,-17.679,-84.078,-29.980
43.246,waypoint_2,-17.622,-84.155,-29.980
43.280,waypoint_2,-17.564,-84.231,-29.980
43.314,waypoint_2,-17.491,-84.326,-29.979
43.346,waypoint_2,-17.433,-84.403,-29.979
43.380,waypoint_2,-17.375,-84.478,-29.979
43.414,waypoint_2,-17.317,-84.554,-29.979
43.446,waypoint_2,-17.258,-84.630,-29.979
43.483,waypoint_2,-17.200,-84.706,-29.979
43.517,waypoint_2,-17.126,-84.801,-29.979
43.549,waypoint_2,-17.067,-84.876,-29.979
43.583,waypoint_2,-17.008,-84.952,-29.979
43.617,waypoint_2,-16.949,-85.027,-29.979
43.649,waypoint_2,-16.890,-85.103,-29.980
43.684,waypoint_2,-16.831,-85.179,-29.980
43.717,waypoint_2,-16.757,-85.273,-29.980
43.749,waypoint_2,-16.698,-85.349,-29.980
43.783,waypoint_2,-16.639,-85.424,-29.979
43.817,waypoint_2,-16.579,-85.500,-29.979
43.849,waypoint_2,-16.520,-85.576,-29.979
43.883,waypoint_2,-16.460,-85.652,-29.979
43.917,waypoint_2,-16.386,-85.747,-29.979
43.949,waypoint_2,-16.327,-85.823,-29.978
43.983,waypoint_2,-16.268,-85.899,-29.978
44.017,waypoint_2,-16.208,-85.975,-29.978
44.049,waypoint_2,-16.149,-86.051,-29.978
44.083,waypoint_2,-16.090,-86.127,-29.978
44.117,waypoint_2,-16.016,-86.223,-29.978
44.149,waypoint_2,-15.956,-86.299,-29.978
44.183,waypoint_2,-15.897,-86.375,-29.978
44.217,waypoint_2,-15.838,-86.451,-29.978
44.249,waypoint_2,-15.779,-86.527,-29.979
44.283,waypoint_2,-15.719,-86.604,-29.979
44.317,waypoint_2,-15.645,-86.699,-29.979
44.349,waypoint_2,-15.585,-86.775,-29.979
44.384,waypoint_2,-15.525,-86.852,-29.979
44.417,waypoint_2,-15.465,-86.928,-29.979
44.449,waypoint_2,-15.405,-87.004,-29.980
44.483,waypoint_2,-15.344,-87.081,-29.980
44.517,waypoint_2,-15.269,-87.176,-29.980
44.549,waypoint_2,-15.209,-87.253,-29.980
44.584,waypoint_2,-15.148,-87.329,-29.980
44.617,waypoint_2,-15.088,-87.406,-29.980
44.649,waypoint_2,-15.028,-87.482,-29.980
44.683,waypoint_2,-14.967,-87.559,-29.980
44.719,waypoint_2,-14.892,-87.654,-29.980
44.751,waypoint_2,-14.831,-87.731,-29.980
44.785,waypoint_2,-14.771,-87.807,-29.981
44.819,waypoint_2,-14.710,-87.883,-29.981
44.851,waypoint_2,-14.650,-87.959,-29.981
44.885,waypoint_2,-14.589,-88.035,-29.981
44.919,waypoint_2,-14.514,-88.130,-29.982
44.951,waypoint_2,-14.453,-88.206,-29.982
44.985,waypoint_2,-14.393,-88.282,-29.982
45.019,waypoint_2,-14.333,-88.357,-29.983
45.051,waypoint_2,-14.272,-88.433,-29.983
45.085,waypoint_2,-14.212,-88.508,-29.983
45.119,waypoint_2,-14.137,-88.602,-29.983
45.151,waypoint_2,-14.078,-88.677,-29.983
45.185,waypoint_2,-14.018,-88.752,-29.983
45.219,waypoint_2,-13.958,-88.828,-29.983
45.251,waypoint_2,-13.899,-88.903,-29.984
45.285,waypoint_2,-13.839,-88.978,-29.984
45.319,waypoint_2,-13.765,-89.072,-29.985
45.351,waypoint_2,-13.705,-89.147,-29.985
45.385,waypoint_2,-13.646,-89.222,-29.986
45.419,waypoint_2,-13.586,-89.297,-29.987
45.451,waypoint_2,-13.526,-89.372,-29.988
45.485,waypoint_2,-13.466,-89.447,-29.989
45.519,waypoint_2,-13.391,-89.541,-29.990
45.551,waypoint_2,-13.331,-89.616,-29.991
45.585,waypoint_2,-13.270,-89.692,-29.992
45.619,waypoint_2,-13.210,-89.767,-29.993
45.651,waypoint_2,-13.150,-89.842,-29.993
45.685,waypoint_2,-13.089,-89.918,-29.994
45.719,waypoint_2,-13.014,-90.012,-29.995
45.751,waypoint_2,-12.953,-90.088,-29.996
45.785,waypoint_2,-12.893,-90.164,-29.996
45.819,waypoint_2,-12.833,-90.239,-29.997
45.851,waypoint_2,-12.772,-90.315,-29.997
45.886,waypoint_2,-12.712,-90.391,-29.997
45.920,waypoint_2,-12.636,-90.485,-29.998
45.952,waypoint_2,-12.576,-90.561,-29.998
45.986,waypoint_2,-12.516,-90.637,-29.998
46.021,waypoint_2,-12.455,-90.713,-29.998
46.053,waypoint_2,-12.395,-90.788,-29.998
46.087,waypoint_2,-12.335,-90.864,-29.998
46.121,waypoint_2,-12.260,-90.959,-29.998
46.153,waypoint_2,-12.200,-91.035,-29.998
46.187,waypoint_2,-12.140,-91.110,-29.998
46.221,waypoint_2,-12.080,-91.187,-29.998
46.253,waypoint_2,-12.020,-91.263,-29.997
46.287,waypoint_2,-11.960,-91.339,-29.997
46.321,waypoint_2,-11.885,-91.434,-29.997
46.353,waypoint_2,-11.825,-91.511,-29.997
46.387,waypoint_2,-11.766,-91.587,-29.997
46.421,waypoint_2,-11.706,-91.663,-29.997
46.453,waypoint_2,-11.647,-91.740,-29.997
46.487,waypoint_2,-11.587,-91.816,-29.997
46.521,waypoint_2,-11.513,-91.912,-29.997
46.553,waypoint_2,-11.454,-91.988,-29.997
46.587,waypoint_2,-11.395,-92.064,-29.997
46.621,waypoint_2,-11.335,-92.141,-29.996
46.653,waypoint_2,-11.276,-92.217,-29.996
46.687,waypoint_2,-11.217,-92.293,-29.996
46.721,waypoint_2,-11.143,-92.388,-29.995
46.753,waypoint_2,-11.083,-92.464,-29.995
46.787,waypoint_2,-11.024,-92.540,-29.995
46.821,waypoint_2,-10.965,-92.616,-29.994
46.853,waypoint_2,-10.905,-92.692,-29.994
46.887,waypoint_2,-10.846,-92.768,-29.993
46.921,waypoint_2,-10.771,-92.864,-29.993
46.953,waypoint_2,-10.712,-92.940,-29.992
46.987,waypoint_2,-10.652,-93.016,-29.992
47.025,waypoint_2,-10.592,-93.092,-29.992
47.069,waypoint_2,-10.533,-93.169,-29.991
47.103,waypoint_2,-10.473,-93.245,-29.991
47.135,waypoint_2,-10.414,-93.322,-29.991
47.171,waypoint_2,-10.339,-93.417,-29.990
47.205,waypoint_2,-10.280,-93.494,-29.990
47.237,waypoint_2,-10.220,-93.571,-29.990
47.272,waypoint_2,-10.160,-93.647,-29.989
47.306,waypoint_2,-10.100,-93.724,-29.989
47.338,waypoint_2,-10.040,-93.801,-29.989
47.372,waypoint_2,-9.965,-93.897,-29.988
47.406,waypoint_2,-9.905,-93.974,-29.988
47.438,waypoint_2,-9.846,-94.051,-29.987
47.472,waypoint_2,-9.786,-94.128,-29.987
47.506,waypoint_2,-9.726,-94.205,-29.987
47.538,waypoint_2,-9.666,-94.282,-29.986
47.572,waypoint_2,-9.592,-94.378,-29.986
47.606,waypoint_2,-9.532,-94.455,-29.986
47.638,waypoint_2,-9.472,-94.532,-29.986
47.672,waypoint_2,-9.413,-94.609,-29.985
47.706,waypoint_2,-9.353,-94.685,-29.985
47.738,waypoint_2,-9.294,-94.762,-29.985
47.772,waypoint_2,-9.220,-94.858,-29.984
47.806,waypoint_2,-9.160,-94.935,-29.984
47.838,waypoint_2,-9.101,-95.012,-29.984
47.872,waypoint_2,-9.042,-95.089,-29.984
47.906,waypoint_2,-8.982,-95.165,-29.983
47.938,waypoint_2,-8.923,-95.242,-29.983
47.972,waypoint_2,-8.849,-95.338,-29.982
48.006,waypoint_2,-8.790,-95.415,-29.982
48.038,waypoint_2,-8.730,-95.492,-29.982
48.072,waypoint_2,-8.671,-95.569,-29.981
48.106,waypoint_2,-8.612,-95.646,-29.981
48.138,waypoint_2,-8.553,-95.723,-29.980
48.172,waypoint_2,-8.479,-95.820,-29.980
48.206,waypoint_2,-8.420,-95.897,-29.979
48.238,waypoint_2,-8.362,-95.975,-29.979
48.272,waypoint_2,-8.303,-96.052,-29.979
48.306,waypoint_2,-8.244,-96.129,-29.979
48.338,waypoint_2,-8.186,-96.207,-29.978
48.372,waypoint_2,-8.112,-96.304,-29.978
48.406,waypoint_2,-8.054,-96.381,-29.978
48.438,waypoint_2,-7.995,-96.459,-29.977
48.472,waypoint_2,-7.937,-96.536,-29.977
48.506,waypoint_2,-7.879,-96.614,-29.977
48.538,waypoint_2,-7.820,-96.691,-29.977
48.572,waypoint_2,-7.748,-96.788,-29.976
48.606,waypoint_2,-7.689,-96.866,-29.976
48.638,waypoint_2,-7.631,-96.943,-29.975
48.672,waypoint_2,-7.573,-97.021,-29.975
48.706,waypoint_2,-7.515,-97.099,-29.975
48.738,waypoint_2,-7.457,-97.176,-29.974
48.772,waypoint_2,-7.384,-97.273,-29.974
48.806,waypoint_2,-7.326,-97.351,-29.974
48.838,waypoint_2,-7.268,-97.429,-29.974
48.872,waypoint_2,-7.209,-97.506,-29.973
48.906,waypoint_2,-7.151,-97.584,-29.973
48.938,waypoint_2,-7.093,-97.661,-29.973
48.972,waypoint_2,-7.020,-97.758,-29.973
49.006,waypoint_2,-6.962,-97.836,-29.974
49.038,waypoint_2,-6.904,-97.913,-29.974
49.072,waypoint_2,-6.846,-97.990,-29.974
49.106,waypoint_2,-6.788,-98.068,-29.975
49.138,waypoint_2,-6.730,-98.145,-29.976
49.172,waypoint_2,-6.657,-98.241,-29.976
49.206,waypoint_2,-6.599,-98.318,-29.977
49.238,waypoint_2,-6.541,-98.395,-29.978
49.272,waypoint_2,-6.484,-98.471,-29.979
49.306,waypoint_2,-6.426,-98.548,-29.979
49.338,waypoint_2,-6.368,-98.625,-29.980
49.372,waypoint_2,-6.296,-98.721,-29.981
49.406,waypoint_2,-6.239,-98.797,-29.981
49.438,waypoint_2,-6.181,-98.874,-29.982
49.472,waypoint_2,-6.124,-98.950,-29.982
49.506,waypoint_2,-6.066,-99.027,-29.983
49.538,waypoint_2,-6.009,-99.104,-29.983
49.572,waypoint_2,-5.937,-99.200,-29.984
49.606,waypoint_2,-5.880,-99.276,-29.984
49.638,waypoint_2,-5.823,-99.353,-29.984
49.672,waypoint_2,-5.765,-99.430,-29.984
49.706,waypoint_2,-5.708,-99.507,-29.984
49.738,waypoint_2,-5.651,-99.584,-29.984
49.772,waypoint_2,-5.579,-99.680,-29.984
49.806,waypoint_2,-5.521,-99.757,-29.984
49.838,waypoint_2,-5.463,-99.834,-29.984
49.872,waypoint_2,-5.406,-99.911,-29.984
49.906,waypoint_2,-5.348,-99.988,-29.983
49.938,waypoint_2,-5.290,-100.065,-29.983
49.972,waypoint_2,-5.218,-100.161,-29.983
50.006,waypoint_2,-5.160,-100.239,-29.983
50.038,waypoint_2,-5.103,-100.316,-29.983
50.072,waypoint_2,-5.045,-100.393,-29.982
50.106,waypoint_2,-4.987,-100.470,-29.982
50.138,waypoint_2,-4.930,-100.548,-29.982
50.172,waypoint_2,-4.858,-100.645,-29.982
50.206,waypoint_2,-4.800,-100.722,-29.981
50.238,waypoint_2,-4.743,-100.800,-29.981
50.272,waypoint_2,-4.685,-100.877,-29.981
50.306,waypoint_2,-4.628,-100.954,-29.981
50.338,waypoint_2,-4.571,-101.032,-29.980
50.372,waypoint_2,-4.500,-101.128,-29.980
50.406,waypoint_2,-4.443,-101.206,-29.980
50.438,waypoint_2,-4.386,-101.283,-29.980
50.472,waypoint_2,-4.329,-101.360,-29.980
50.506,waypoint_2,-4.273,-101.437,-29.980
50.539,waypoint_2,-4.216,-101.515,-29.980
50.573,waypoint_2,-4.145,-101.611,-29.980
50.607,waypoint_2,-4.088,-101.688,-29.979
50.639,waypoint_2,-4.032,-101.765,-29.979
50.673,waypoint_2,-3.975,-101.842,-29.979
50.707,waypoint_2,-3.919,-101.919,-29.979
50.739,waypoint_2,-3.862,-101.996,-29.978
50.773,waypoint_2,-3.792,-102.093,-29.978
50.807,waypoint_2,-3.736,-102.170,-29.977
50.839,waypoint_2,-3.679,-102.247,-29.977
50.873,waypoint_2,-3.623,-102.324,-29.976
50.907,waypoint_2,-3.567,-102.401,-29.976
50.939,waypoint_2,-3.511,-102.478,-29.976
50.974,waypoint_2,-3.441,-102.574,-29.975
51.009,waypoint_2,-3.384,-102.652,-29.975
51.040,waypoint_2,-3.328,-102.729,-29.974
51.075,waypoint_2,-3.272,-102.806,-29.974
51.109,waypoint_2,-3.215,-102.883,-29.974
51.140,waypoint_2,-3.159,-102.960,-29.974
51.175,waypoint_2,-3.088,-103.057,-29.973
51.209,waypoint_2,-3.032,-103.134,-29.973
51.240,waypoint_2,-2.975,-103.211,-29.973
51.275,waypoint_2,-2.919,-103.289,-29.973
51.309,waypoint_2,-2.862,-103.366,-29.973
51.340,waypoint_2,-2.805,-103.444,-29.973
51.375,waypoint_2,-2.734,-103.541,-29.973
51.409,waypoint_2,-2.677,-103.618,-29.973
51.441,waypoint_2,-2.620,-103.696,-29.973
51.474,waypoint_2,-2.563,-103.774,-29.974
51.509,waypoint_2,-2.506,-103.852,-29.974
51.540,waypoint_2,-2.449,-103.931,-29.974
51.575,waypoint_2,-2.377,-104.028,-29.975
51.609,waypoint_2,-2.320,-104.107,-29.976
51.640,waypoint_2,-2.262,-104.185,-29.976
51.674,waypoint_2,-2.205,-104.264,-29.976
51.709,waypoint_2,-2.148,-104.342,-29.977
51.740,waypoint_2,-2.090,-104.421,-29.977
51.775,waypoint_2,-2.018,-104.519,-29.978
51.809,waypoint_2,-1.961,-104.597,-29.978
51.840,waypoint_2,-1.903,-104.676,-29.978
51.875,waypoint_2,-1.846,-104.754,-29.978
51.908,waypoint_2,-1.788,-104.832,-29.979
51.941,waypoint_2,-1.731,-104.910,-29.979
51.974,waypoint_2,-1.658,-105.008,-29.979
52.008,waypoint_2,-1.601,-105.086,-29.979
52.040,waypoint_2,-1.543,-105.164,-29.979
52.075,waypoint_2,-1.486,-105.243,-29.979
52.109,waypoint_2,-1.428,-105.321,-29.979
52.140,waypoint_2,-1.371,-105.399,-29.979
52.174,waypoint_2,-1.299,-105.497,-29.978
52.208,waypoint_2,-1.241,-105.575,-29.978
52.241,waypoint_2,-1.184,-105.653,-29.978
52.275,waypoint_2,-1.127,-105.731,-29.978
52.309,waypoint_2,-1.069,-105.809,-29.977
52.340,waypoint_2,-1.012,-105.887,-29.977
52.374,waypoint_2,-0.941,-105.985,-29.977
52.408,waypoint_2,-0.884,-106.063,-29.976
52.441,waypoint_2,-0.827,-106.141,-29.975
52.474,waypoint_2,-0.770,-106.219,-29.975
52.509,waypoint_2,-0.713,-106.297,-29.974
52.540,waypoint_2,-0.657,-106.375,-29.974
52.574,waypoint_2,-0.586,-106.472,-29.973
52.609,waypoint_2,-0.529,-106.551,-29.972
52.640,waypoint_2,-0.472,-106.629,-29.972
52.674,waypoint_2,-0.416,-106.707,-29.971
52.709,waypoint_2,-0.359,-106.785,-29.971
52.740,waypoint_2,-0.303,-106.863,-29.970
52.775,waypoint_2,-0.232,-106.961,-29.970
52.808,waypoint_2,-0.176,-107.039,-29.969
52.841,waypoint_2,-0.119,-107.118,-29.969
52.874,waypoint_2,-0.062,-107.196,-29.969
52.909,waypoint_2,-0.006,-107.275,-29.969
52.940,waypoint_2,0.051,-107.353,-29.969
52.975,waypoint_2,0.122,-107.451,-29.969
53.009,waypoint_2,0.178,-107.529,-29.968
53.040,waypoint_2,0.235,-107.607,-29.968
53.074,waypoint_2,0.292,-107.685,-29.968
53.109,waypoint_2,0.348,-107.763,-29.968
53.140,waypoint_2,0.405,-107.841,-29.968
53.174,waypoint_2,0.476,-107.939,-29.968
53.208,waypoint_2,0.532,-108.017,-29.968
53.241,waypoint_2,0.589,-108.094,-29.968
53.274,waypoint_2,0.646,-108.172,-29.968
53.309,waypoint_2,0.703,-108.250,-29.968
53.341,waypoint_2,0.760,-108.328,-29.968
53.375,waypoint_2,0.831,-108.425,-29.968
53.409,waypoint_2,0.888,-108.503,-29.969
53.440,waypoint_2,0.945,-108.580,-29.969
53.474,waypoint_2,1.001,-108.658,-29.969
53.508,waypoint_2,1.058,-108.736,-29.969
53.540,waypoint_2,1.114,-108.813,-29.969
53.575,waypoint_2,1.185,-108.910,-29.969
53.609,waypoint_2,1.242,-108.988,-29.969
53.640,waypoint_2,1.298,-109.066,-29.969
53.674,waypoint_2,1.354,-109.144,-29.970
53.709,waypoint_2,1.411,-109.221,-29.970
53.740,waypoint_2,1.467,-109.299,-29.970
53.775,waypoint_2,1.538,-109.396,-29.970
53.809,waypoint_2,1.594,-109.473,-29.970
53.841,waypoint_2,1.651,-109.551,-29.970
53.875,waypoint_2,1.707,-109.629,-29.970
53.909,waypoint_2,1.764,-109.706,-29.969
53.940,waypoint_2,1.820,-109.784,-29.969
53.975,waypoint_2,1.891,-109.881,-29.969
54.008,waypoint_2,1.948,-109.959,-29.969
54.041,waypoint_2,2.005,-110.037,-29.968
54.075,waypoint_2,2.062,-110.115,-29.968
54.109,waypoint_2,2.119,-110.193,-29.968
54.140,waypoint_2,2.176,-110.271,-29.968
54.174,waypoint_2,2.248,-110.369,-29.967
54.209,waypoint_2,2.305,-110.447,-29.967
54.240,waypoint_2,2.362,-110.525,-29.967
54.274,waypoint_2,2.419,-110.603,-29.967
54.309,waypoint_2,2.476,-110.681,-29.967
54.340,waypoint_2,2.533,-110.760,-29.968
54.375,waypoint_2,2.605,-110.858,-29.968
54.409,waypoint_2,2.662,-110.936,-29.969
54.440,waypoint_2,2.719,-111.015,-29.969
54.474,waypoint_2,2.776,-111.093,-29.970
54.509,waypoint_2,2.834,-111.172,-29.970
54.540,waypoint_2,2.891,-111.251,-29.971
54.574,waypoint_2,2.963,-111.349,-29.972
54.609,waypoint_2,3.020,-111.428,-29.973
54.640,waypoint_2,3.078,-111.506,-29.973
54.674,waypoint_2,3.135,-111.585,-29.974
54.709,waypoint_2,3.193,-111.663,-29.975
54.740,waypoint_2,3.250,-111.742,-29.976
54.774,waypoint_2,3.322,-111.840,-29.977
54.809,waypoint_2,3.379,-111.918,-29.977
54.840,waypoint_2,3.437,-111.996,-29.978
54.875,waypoint_2,3.494,-112.075,-29.978
54.909,waypoint_2,3.552,-112.153,-29.979
54.940,waypoint_2,3.609,-112.231,-29.980
54.975,waypoint_2,3.680,-112.328,-29.980
55.009,waypoint_2,3.737,-112.406,-29.980
55.040,waypoint_2,3.794,-112.484,-29.981
55.075,waypoint_2,3.851,-112.561,-29.981
55.109,waypoint_2,3.908,-112.639,-29.981
55.141,waypoint_2,3.965,-112.716,-29.981
55.174,waypoint_2,4.036,-112.813,-29.982
55.209,waypoint_2,4.093,-112.891,-29.982
55.241,waypoint_2,4.149,-112.968,-29.982
55.275,waypoint_2,4.206,-113.046,-29.982
55.309,waypoint_2,4.263,-113.123,-29.982
55.341,waypoint_2,4.319,-113.200,-29.982
55.375,waypoint_2,4.389,-113.297,-29.982
55.409,waypoint_2,4.446,-113.374,-29.982
55.440,waypoint_2,4.502,-113.452,-29.982
55.475,waypoint_2,4.558,-113.529,-29.982
55.509,waypoint_2,4.614,-113.606,-29.982
55.540,waypoint_2,4.670,-113.683,-29.982
55.575,waypoint_2,4.740,-113.780,-29.982
55.609,waypoint_2,4.796,-113.857,-29.982
55.640,waypoint_2,4.852,-113.934,-29.982
55.675,waypoint_2,4.908,-114.011,-29.982
55.709,waypoint_2,4.964,-114.088,-29.982
55.741,waypoint_2,5.020,-114.165,-29.982
55.775,waypoint_2,5.090,-114.261,-29.982
55.809,waypoint_2,5.146,-114.337,-29.982
55.841,waypoint_2,5.202,-114.414,-29.982
55.875,waypoint_2,5.259,-114.491,-29.982
55.909,waypoint_2,5.315,-114.568,-29.982
55.941,waypoint_2,5.372,-114.644,-29.982
55.975,waypoint_2,5.443,-114.741,-29.982
56.009,waypoint_2,5.499,-114.818,-29.982
56.041,waypoint_2,5.556,-114.895,-29.982
56.075,waypoint_2,5.613,-114.972,-29.981
56.109,waypoint_2,5.669,-115.049,-29.981
56.141,waypoint_2,5.726,-115.126,-29.981
56.175,waypoint_2,5.797,-115.222,-29.981
56.209,waypoint_2,5.854,-115.300,-29.981
56.240,waypoint_2,5.910,-115.377,-29.980
56.275,waypoint_2,5.967,-115.455,-29.980
56.309,waypoint_2,6.024,-115.532,-29.980
56.341,waypoint_2,6.080,-115.610,-29.980
56.375,waypoint_2,6.151,-115.707,-29.980
56.409,waypoint_2,6.208,-115.785,-29.980
56.441,waypoint_2,6.265,-115.863,-29.980
56.475,waypoint_2,6.321,-115.940,-29.980
56.509,waypoint_2,6.378,-116.018,-29.980
56.540,waypoint_2,6.434,-116.096,-29.980
56.575,waypoint_2,6.505,-116.192,-29.980
56.609,waypoint_2,6.562,-116.270,-29.980
56.641,waypoint_2,6.618,-116.347,-29.980
56.675,waypoint_2,6.674,-116.425,-29.979
56.709,waypoint_2,6.731,-116.502,-29.979
56.740,waypoint_2,6.787,-116.579,-29.979
56.775,waypoint_2,6.858,-116.676,-29.979
56.809,waypoint_2,6.914,-116.754,-29.979
56.841,waypoint_2,6.970,-116.831,-29.978
56.876,waypoint_2,7.027,-116.909,-29.978
56.910,waypoint_2,7.083,-116.986,-29.978
56.942,waypoint_2,7.139,-117.064,-29.978
56.976,waypoint_2,7.209,-117.161,-29.979
57.010,waypoint_2,7.266,-117.239,-29.979
57.042,waypoint_2,7.322,-117.316,-29.979
57.076,waypoint_2,7.378,-117.394,-29.979
57.110,waypoint_2,7.435,-117.471,-29.980
57.142,waypoint_2,7.492,-117.549,-29.980
57.176,waypoint_2,7.562,-117.646,-29.980
57.210,waypoint_2,7.619,-117.723,-29.981
57.242,waypoint_2,7.676,-117.801,-29.981
57.276,waypoint_2,7.733,-117.879,-29.981
57.310,waypoint_2,7.790,-117.957,-29.981
57.342,waypoint_2,7.847,-118.034,-29.982
57.376,waypoint_2,7.918,-118.131,-29.982
57.410,waypoint_2,7.974,-118.209,-29.982
57.442,waypoint_2,8.031,-118.287,-29.983
57.476,waypoint_2,8.088,-118.364,-29.983
57.510,waypoint_2,8.145,-118.442,-29.983
57.542,waypoint_2,8.202,-118.520,-29.984
57.576,waypoint_2,8.273,-118.617,-29.984
57.610,waypoint_2,8.329,-118.695,-29.985
57.642,waypoint_2,8.385,-118.772,-29.985
57.676,waypoint_2,8.442,-118.850,-29.986
57.710,waypoint_2,8.498,-118.928,-29.986
57.742,waypoint_2,8.554,-119.005,-29.986
57.776,waypoint_2,8.624,-119.102,-29.987
57.810,waypoint_2,8.680,-119.180,-29.987
57.842,waypoint_2,8.736,-119.258,-29.987
57.876,waypoint_2,8.791,-119.336,-29.986
57.910,waypoint_2,8.847,-119.414,-29.986
57.942,waypoint_2,8.903,-119.492,-29.986
57.976,waypoint_2,8.972,-119.590,-29.985
58.010,waypoint_2,9.028,-119.668,-29.985
58.042,waypoint_2,9.083,-119.746,-29.985
58.076,waypoint_2,9.139,-119.824,-29.984
58.110,waypoint_2,9.195,-119.902,-29.984
58.142,waypoint_2,9.251,-119.980,-29.983
58.176,waypoint_2,9.321,-120.078,-29.983
58.210,waypoint_2,9.377,-120.156,-29.982
58.242,waypoint_2,9.433,-120.235,-29.982
58.276,waypoint_2,9.489,-120.313,-29.981
58.310,waypoint_2,9.545,-120.392,-29.981
58.342,waypoint_2,9.601,-120.470,-29.980
58.376,waypoint_2,9.671,-120.568,-29.980
58.410,waypoint_2,9.728,-120.647,-29.979
58.442,waypoint_2,9.784,-120.725,-29.979
58.476,waypoint_2,9.840,-120.804,-29.979
58.510,waypoint_2,9.896,-120.882,-29.978
58.542,waypoint_2,9.952,-120.961,-29.978
58.588,waypoint_2,10.022,-121.059,-29.977
58.636,waypoint_2,10.078,-121.138,-29.977
58.668,waypoint_2,10.134,-121.217,-29.977
58.702,waypoint_2,10.190,-121.296,-29.976
58.736,waypoint_2,10.246,-121.375,-29.976
58.768,waypoint_2,10.302,-121.455,-29.976
58.802,waypoint_2,10.372,-121.554,-29.975
58.836,waypoint_2,10.428,-121.633,-29.975
58.868,waypoint_2,10.483,-121.712,-29.975
58.902,waypoint_2,10.539,-121.791,-29.975
58.936,waypoint_2,10.595,-121.870,-29.974
58.968,waypoint_2,10.651,-121.949,-29.974
59.002,waypoint_2,10.720,-122.048,-29.974
59.036,waypoint_2,10.776,-122.127,-29.974
59.068,waypoint_2,10.832,-122.205,-29.973
59.102,waypoint_2,10.888,-122.284,-29.973
59.136,waypoint_2,10.944,-122.363,-29.973
59.168,waypoint_2,11.000,-122.441,-29.972
59.202,waypoint_2,11.070,-122.539,-29.972
59.236,waypoint_2,11.126,-122.618,-29.971
59.268,waypoint_2,11.182,-122.696,-29.971
59.303,waypoint_2,11.237,-122.774,-29.970
59.337,waypoint_2,11.293,-122.852,-29.970
59.369,waypoint_2,11.348,-122.931,-29.969
59.403,waypoint_2,11.417,-123.028,-29.968
59.437,waypoint_2,11.472,-123.106,-29.968
59.469,waypoint_2,11.527,-123.184,-29.967
59.503,waypoint_2,11.582,-123.262,-29.967
59.537,waypoint_2,11.637,-123.339,-29.966
59.570,waypoint_2,11.692,-123.417,-29.966
59.604,waypoint_2,11.760,-123.514,-29.965
59.638,waypoint_2,11.815,-123.592,-29.964
59.670,waypoint_2,11.870,-123.669,-29.964
59.704,waypoint_2,11.925,-123.747,-29.963
59.738,waypoint_2,11.980,-123.825,-29.962
59.770,waypoint_2,12.035,-123.903,-29.962
59.804,waypoint_2,12.104,-124.000,-29.961
59.838,waypoint_2,12.159,-124.078,-29.961
59.870,waypoint_2,12.214,-124.155,-29.960
59.904,waypoint_2,12.269,-124.233,-29.960
59.938,waypoint_2,12.324,-124.311,-29.960
59.970,waypoint_2,12.380,-124.389,-29.960
60.004,waypoint_2,12.448,-124.486,-29.960
60.038,waypoint_2,12.503,-124.564,-29.961
60.070,waypoint_2,12.559,-124.641,-29.961
60.104,waypoint_2,12.614,-124.719,-29.962
60.138,waypoint_2,12.669,-124.797,-29.962
60.170,waypoint_2,12.724,-124.874,-29.962
60.204,waypoint_2,12.793,-124.972,-29.963
60.238,waypoint_2,12.848,-125.049,-29.963
60.270,waypoint_2,12.903,-125.127,-29.964
60.304,waypoint_2,12.958,-125.205,-29.964
60.338,waypoint_2,13.013,-125.282,-29.964
60.370,waypoint_2,13.068,-125.360,-29.965
60.404,waypoint_2,13.137,-125.457,-29.965
60.438,waypoint_2,13.192,-125.535,-29.966
60.470,waypoint_2,13.247,-125.613,-29.966
60.504,waypoint_2,13.302,-125.690,-29.966
60.538,waypoint_2,13.356,-125.768,-29.967
60.570,waypoint_2,13.411,-125.846,-29.967
60.604,waypoint_3,13.479,-125.944,-29.967
60.638,waypoint_3,13.534,-126.022,-29.968
60.670,waypoint_3,13.588,-126.100,-29.968
60.704,waypoint_3,13.643,-126.179,-29.970
60.738,waypoint_3,13.697,-126.257,-29.976
60.770,waypoint_3,13.751,-126.335,-29.984
60.804,waypoint_3,13.817,-126.432,-29.998
60.838,waypoint_3,13.867,-126.509,-30.011
60.870,waypoint_3,13.915,-126.585,-30.023
60.904,waypoint_3,13.959,-126.661,-30.036
60.938,waypoint_3,14.000,-126.737,-30.048
60.970,waypoint_3,14.035,-126.812,-30.058
61.004,waypoint_3,14.073,-126.904,-30.069
61.038,waypoint_3,14.097,-126.977,-30.075
61.070,waypoint_3,14.116,-127.050,-30.080
61.104,waypoint_3,14.129,-127.121,-30.083
61.138,waypoint_3,14.136,-127.192,-30.083
61.170,waypoint_3,14.138,-127.262,-30.083
61.204,waypoint_3,14.131,-127.349,-30.080
61.238,waypoint_3,14.120,-127.417,-30.076
61.270,waypoint_3,14.103,-127.485,-30.071
61.304,waypoint_3,14.081,-127.552,-30.066
61.338,waypoint_3,14.054,-127.618,-30.060
61.370,waypoint_3,14.022,-127.683,-30.054
61.404,waypoint_3,13.977,-127.765,-30.046
61.438,waypoint_3,13.935,-127.829,-30.039
61.470,waypoint_3,13.890,-127.893,-30.032
61.504,waypoint_3,13.842,-127.956,-30.026
61.538,waypoint_3,13.790,-128.019,-30.020
61.570,waypoint_3,13.735,-128.081,-30.014
61.604,waypoint_3,13.663,-128.159,-30.007
61.638,waypoint_3,13.603,-128.221,-30.002
61.670,waypoint_3,13.540,-128.282,-29.997
61.704,waypoint_3,13.476,-128.343,-29.993
61.738,waypoint_3,13.410,-128.404,-29.989
61.770,waypoint_3,13.343,-128.464,-29.985
61.804,waypoint_3,13.258,-128.540,-29.982
61.838,waypoint_3,13.188,-128.600,-29.979
61.871,waypoint_3,13.118,-128.660,-29.977
61.903,waypoint_3,13.046,-128.719,-29.975
61.937,waypoint_3,12.975,-128.779,-29.973
61.971,waypoint_3,12.884,-128.853,-29.971
62.003,waypoint_3,12.812,-128.912,-29.970
62.037,waypoint_3,12.739,-128.971,-29.969
62.071,waypoint_3,12.666,-129.030,-29.969
62.103,waypoint_3,12.593,-129.088,-29.968
62.137,waypoint_3,12.519,-129.147,-29.968
62.171,waypoint_3,12.428,-129.220,-29.968
62.203,waypoint_3,12.355,-129.278,-29.968
62.237,waypoint_3,12.282,-129.336,-29.968
62.271,waypoint_3,12.209,-129.394,-29.968
62.303,waypoint_3,12.136,-129.452,-29.969
62.337,waypoint_3,12.063,-129.510,-29.969
62.371,waypoint_3,11.971,-129.583,-29.970
62.403,waypoint_3,11.898,-129.641,-29.971
62.437,waypoint_3,11.825,-129.699,-29.972
62.471,waypoint_3,11.752,-129.758,-29.973
62.503,waypoint_3,11.679,-129.816,-29.974
62.537,waypoint_3,11.606,-129.875,-29.975
62.571,waypoint_3,11.515,-129.948,-29.976
62.603,waypoint_3,11.442,-130.007,-29.977
62.637,waypoint_3,11.369,-130.066,-29.978
62.671,waypoint_3,11.296,-130.126,-29.979
62.703,waypoint_3,11.223,-130.185,-29.980
62.737,waypoint_3,11.150,-130.245,-29.981
62.772,waypoint_3,11.060,-130.319,-29.982
62.804,waypoint_3,10.987,-130.379,-29.983
62.838,waypoint_3,10.915,-130.439,-29.984
62.872,waypoint_3,10.842,-130.499,-29.985
62.904,waypoint_3,10.769,-130.559,-29.985
62.938,waypoint_3,10.696,-130.619,-29.986
62.972,waypoint_3,10.605,-130.694,-29.987
63.004,waypoint_3,10.532,-130.754,-29.987
63.038,waypoint_3,10.459,-130.814,-29.987
63.072,waypoint_3,10.386,-130.874,-29.988
63.104,waypoint_3,10.313,-130.934,-29.988
63.138,waypoint_3,10.240,-130.994,-29.989
63.172,waypoint_3,10.149,-131.069,-29.989
63.204,waypoint_3,10.076,-131.128,-29.990
63.238,waypoint_3,10.003,-131.188,-29.990
63.272,waypoint_3,9.930,-131.248,-29.990
63.304,waypoint_3,9.858,-131.308,-29.991
63.339,waypoint_3,9.785,-131.367,-29.991
63.372,waypoint_3,9.693,-131.442,-29.991
63.404,waypoint_3,9.620,-131.502,-29.992
63.438,waypoint_3,9.547,-131.561,-29.992
63.472,waypoint_3,9.473,-131.621,-29.993
63.504,waypoint_3,9.400,-131.680,-29.993
63.538,waypoint_3,9.326,-131.740,-29.994
63.572,waypoint_3,9.234,-131.814,-29.994
63.604,waypoint_3,9.160,-131.873,-29.995
63.638,waypoint_3,9.085,-131.933,-29.996
63.672,waypoint_3,9.011,-131.992,-29.996
63.704,waypoint_3,8.937,-132.052,-29.997
63.738,waypoint_3,8.862,-132.112,-29.997
63.772,waypoint_3,8.769,-132.186,-29.997
63.804,waypoint_3,8.694,-132.246,-29.997
63.838,waypoint_3,8.620,-132.306,-29.997
63.872,waypoint_3,8.545,-132.366,-29.997
63.904,waypoint_3,8.470,-132.426,-29.996
63.938,waypoint_3,8.395,-132.486,-29.996
63.972,waypoint_3,8.302,-132.562,-29.995
64.004,waypoint_3,8.227,-132.622,-29.995
64.038,waypoint_3,8.153,-132.682,-29.994
64.072,waypoint_3,8.078,-132.743,-29.994
64.104,waypoint_3,8.003,-132.803,-29.993
64.138,waypoint_3,7.928,-132.863,-29.993
64.172,waypoint_3,7.834,-132.939,-29.992
64.204,waypoint_3,7.759,-133.000,-29.992
64.238,waypoint_3,7.684,-133.060,-29.991
64.272,waypoint_3,7.609,-133.121,-29.991
64.304,waypoint_3,7.534,-133.182,-29.991
64.338,waypoint_3,7.459,-133.243,-29.990
64.372,waypoint_3,7.366,-133.319,-29.990
64.404,waypoint_3,7.290,-133.379,-29.989
64.438,waypoint_3,7.215,-133.440,-29.989
64.472,waypoint_3,7.140,-133.501,-29.988
64.504,waypoint_3,7.065,-133.562,-29.988
64.538,waypoint_3,6.989,-133.623,-29.987
64.572,waypoint_3,6.895,-133.699,-29.987
64.604,waypoint_3,6.819,-133.759,-29.986
64.638,waypoint_3,6.743,-133.820,-29.986
64.672,waypoint_3,6.667,-133.880,-29.986
64.704,waypoint_3,6.591,-133.941,-29.986
64.738,waypoint_3,6.515,-134.001,-29.986
64.772,waypoint_3,6.420,-134.077,-29.986
64.804,waypoint_3,6.344,-134.137,-29.986
64.838,waypoint_3,6.268,-134.198,-29.986
64.872,waypoint_3,6.191,-134.258,-29.986
64.904,waypoint_3,6.115,-134.318,-29.986
64.938,waypoint_3,6.038,-134.379,-29.986
64.972,waypoint_3,5.943,-134.454,-29.986
65.004,waypoint_3,5.866,-134.515,-29.986
65.038,waypoint_3,5.789,-134.575,-29.986
65.072,waypoint_3,5.713,-134.635,-29.987
65.104,waypoint_3,5.636,-134.696,-29.987
65.138,waypoint_3,5.560,-134.756,-29.987
65.172,waypoint_3,5.464,-134.831,-29.988
65.204,waypoint_3,5.387,-134.891,-29.988
65.238,waypoint_3,5.311,-134.952,-29.989
65.272,waypoint_3,5.234,-135.012,-29.990
65.304,waypoint_3,5.157,-135.072,-29.990
65.338,waypoint_3,5.081,-135.132,-29.991
65.372,waypoint_3,4.985,-135.207,-29.992
65.404,waypoint_3,4.908,-135.267,-29.992
65.438,waypoint_3,4.832,-135.327,-29.993
65.472,waypoint_3,4.755,-135.387,-29.993
65.505,waypoint_3,4.678,-135.447,-29.993
65.539,waypoint_3,4.601,-135.506,-29.994
65.573,waypoint_3,4.505,-135.581,-29.994
65.605,waypoint_3,4.428,-135.641,-29.994
65.639,waypoint_3,4.350,-135.700,-29.994
65.673,waypoint_3,4.273,-135.760,-29.994
65.705,waypoint_3,4.196,-135.819,-29.995
65.739,waypoint_3,4.119,-135.879,-29.995
65.773,waypoint_3,4.023,-135.954,-29.995
65.805,waypoint_3,3.945,-136.013,-29.995
65.839,waypoint_3,3.868,-136.073,-29.995
65.874,waypoint_3,3.791,-136.133,-29.996
65.905,waypoint_3,3.713,-136.192,-29.996
65.939,waypoint_3,3.636,-136.252,-29.996
65.974,waypoint_3,3.539,-136.327,-29.996
66.006,waypoint_3,3.462,-136.387,-29.996
66.041,waypoint_3,3.385,-136.446,-29.997
66.074,waypoint_3,3.307,-136.506,-29.997
66.106,waypoint_3,3.230,-136.566,-29.997
66.140,waypoint_3,3.153,-136.625,-29.998
66.174,waypoint_3,3.056,-136.699,-29.998
66.206,waypoint_3,2.979,-136.758,-29.999
66.240,waypoint_3,2.902,-136.817,-29.999
66.274,waypoint_3,2.825,-136.876,-29.999
66.306,waypoint_3,2.748,-136.935,-30.000
66.340,waypoint_3,2.670,-136.994,-30.000
66.374,waypoint_3,2.574,-137.067,-30.000
66.406,waypoint_3,2.496,-137.126,-30.000
66.440,waypoint_3,2.419,-137.185,-30.000
66.474,waypoint_3,2.341,-137.243,-30.000
66.506,waypoint_3,2.263,-137.302,-30.000
66.541,waypoint_3,2.186,-137.361,-30.001
66.574,waypoint_3,2.089,-137.435,-30.001
66.606,waypoint_3,2.011,-137.494,-30.001
66.640,waypoint_3,1.933,-137.553,-30.001
66.674,waypoint_3,1.855,-137.612,-30.001
66.706,waypoint_3,1.778,-137.671,-30.001
66.740,waypoint_3,1.700,-137.730,-30.001
66.774,waypoint_3,1.603,-137.804,-30.001
66.807,waypoint_3,1.525,-137.863,-30.001
66.839,waypoint_3,1.447,-137.922,-30.001
66.873,waypoint_3,1.370,-137.981,-30.001
66.907,waypoint_3,1.292,-138.041,-30.001
66.939,waypoint_3,1.214,-138.100,-30.001
66.973,waypoint_3,1.137,-138.159,-30.001
67.007,waypoint_3,1.040,-138.234,-30.001
67.039,waypoint_3,0.962,-138.293,-30.001
67.073,waypoint_3,0.885,-138.353,-30.002
67.107,waypoint_3,0.807,-138.413,-30.002
67.139,waypoint_3,0.730,-138.474,-30.002
67.173,waypoint_3,0.652,-138.534,-30.003
67.207,waypoint_3,0.555,-138.610,-30.003
67.239,waypoint_3,0.478,-138.670,-30.003
67.273,waypoint_3,0.400,-138.731,-30.003
67.307,waypoint_3,0.323,-138.792,-30.004
67.339,waypoint_3,0.245,-138.853,-30.004
67.373,waypoint_3,0.168,-138.914,-30.004
67.407,waypoint_3,0.071,-138.990,-30.004
67.439,waypoint_3,-0.006,-139.052,-30.004
67.473,waypoint_3,-0.084,-139.113,-30.005
67.507,waypoint_3,-0.161,-139.174,-30.005
67.539,waypoint_3,-0.238,-139.235,-30.005
67.573,waypoint_3,-0.315,-139.296,-30.005
67.607,waypoint_3,-0.412,-139.372,-30.006
67.639,waypoint_3,-0.489,-139.433,-30.006
67.673,waypoint_3,-0.566,-139.494,-30.006
67.707,waypoint_3,-0.643,-139.555,-30.006
67.739,waypoint_3,-0.720,-139.616,-30.007
67.773,waypoint_3,-0.797,-139.676,-30.007
67.807,waypoint_3,-0.894,-139.753,-30.008
67.839,waypoint_3,-0.971,-139.814,-30.008
67.873,waypoint_3,-1.048,-139.875,-30.008
67.907,waypoint_3,-1.125,-139.936,-30.009
67.939,waypoint_3,-1.202,-139.997,-30.009
67.973,waypoint_3,-1.279,-140.058,-30.009
68.007,waypoint_3,-1.375,-140.134,-30.009
68.039,waypoint_3,-1.452,-140.195,-30.009
68.073,waypoint_3,-1.529,-140.256,-30.009
68.107,waypoint_3,-1.606,-140.317,-30.009
68.139,waypoint_3,-1.683,-140.378,-30.009
68.173,waypoint_3,-1.760,-140.439,-30.009
68.207,waypoint_3,-1.856,-140.515,-30.009
68.239,waypoint_3,-1.933,-140.575,-30.009
68.273,waypoint_3,-2.010,-140.636,-30.009
68.307,waypoint_3,-2.087,-140.696,-30.009
68.339,waypoint_3,-2.164,-140.757,-30.010
68.373,waypoint_3,-2.241,-140.817,-30.010
68.407,waypoint_3,-2.337,-140.893,-30.010
68.439,waypoint_3,-2.415,-140.953,-30.010
68.473,waypoint_3,-2.492,-141.013,-30.011
68.507,waypoint_3,-2.569,-141.074,-30.011
68.539,waypoint_3,-2.646,-141.134,-30.011
68.573,waypoint_3,-2.723,-141.194,-30.012
68.609,waypoint_3,-2.820,-141.269,-30.012
68.641,waypoint_3,-2.897,-141.329,-30.012
68.674,waypoint_3,-2.974,-141.389,-30.013
68.709,waypoint_3,-3.051,-141.449,-30.013
68.740,waypoint_3,-3.129,-141.509,-30.013
68.775,waypoint_3,-3.206,-141.568,-30.014
68.809,waypoint_3,-3.302,-141.643,-30.014
68.841,waypoint_3,-3.380,-141.703,-30.014
68.874,waypoint_3,-3.457,-141.763,-30.014
68.909,waypoint_3,-3.534,-141.822,-30.015
68.940,waypoint_3,-3.610,-141.882,-30.015
68.975,waypoint_3,-3.687,-141.941,-30.015
69.009,waypoint_3,-3.783,-142.016,-30.015
69.041,waypoint_3,-3.860,-142.075,-30.015
69.075,waypoint_3,-3.937,-142.134,-30.015
69.109,waypoint_3,-4.013,-142.193,-30.015
69.140,waypoint_3,-4.090,-142.253,-30.014
69.176,waypoint_3,-4.166,-142.312,-30.014
69.210,waypoint_3,-4.262,-142.385,-30.014
69.243,waypoint_3,-4.339,-142.444,-30.014
69.276,waypoint_3,-4.415,-142.503,-30.013
69.310,waypoint_3,-4.492,-142.562,-30.013
69.342,waypoint_3,-4.569,-142.622,-30.013
69.376,waypoint_3,-4.645,-142.681,-30.013
69.411,waypoint_3,-4.741,-142.755,-30.012
69.442,waypoint_3,-4.817,-142.814,-30.012
69.476,waypoint_3,-4.894,-142.874,-30.012
69.510,waypoint_3,-4.970,-142.933,-30.012
69.542,waypoint_3,-5.047,-142.993,-30.012
69.576,waypoint_3,-5.123,-143.053,-30.012
69.610,waypoint_3,-5.218,-143.127,-30.012
69.642,waypoint_3,-5.294,-143.187,-30.012
69.678,waypoint_3,-5.370,-143.247,-30.012
69.712,waypoint_3,-5.446,-143.307,-30.012
69.744,waypoint_3,-5.522,-143.367,-30.012
69.778,waypoint_3,-5.598,-143.426,-30.012
69.812,waypoint_3,-5.693,-143.501,-30.012
69.844,waypoint_3,-5.769,-143.561,-30.012
69.878,waypoint_3,-5.844,-143.621,-30.012
69.912,waypoint_3,-5.920,-143.681,-30.012
69.944,waypoint_3,-5.996,-143.741,-30.012
69.978,waypoint_3,-6.072,-143.801,-30.012
70.012,waypoint_3,-6.166,-143.876,-30.012
70.044,waypoint_3,-6.242,-143.936,-30.012
70.078,waypoint_3,-6.318,-143.996,-30.012
70.112,waypoint_3,-6.394,-144.056,-30.012
70.144,waypoint_3,-6.469,-144.116,-30.012
70.178,waypoint_3,-6.545,-144.176,-30.012
70.212,waypoint_3,-6.639,-144.251,-30.012
70.244,waypoint_3,-6.715,-144.311,-30.012
70.278,waypoint_3,-6.790,-144.371,-30.012
70.312,waypoint_3,-6.866,-144.431,-30.011
70.344,waypoint_3,-6.942,-144.491,-30.011
70.378,waypoint_3,-7.017,-144.551,-30.011
70.412,waypoint_3,-7.112,-144.627,-30.011
70.444,waypoint_3,-7.189,-144.687,-30.010
70.478,waypoint_3,-7.265,-144.747,-30.010
70.512,waypoint_3,-7.341,-144.807,-30.009
70.544,waypoint_3,-7.418,-144.868,-30.009
70.578,waypoint_3,-7.494,-144.928,-30.009
70.612,waypoint_3,-7.590,-145.004,-30.009
70.644,waypoint_3,-7.667,-145.064,-30.008
70.678,waypoint_3,-7.744,-145.124,-30.008
70.712,waypoint_3,-7.821,-145.184,-30.008
70.744,waypoint_3,-7.899,-145.244,-30.008
70.778,waypoint_3,-7.976,-145.305,-30.008
70.812,waypoint_3,-8.073,-145.379,-30.008
70.844,waypoint_3,-8.150,-145.439,-30.008
70.878,waypoint_3,-8.227,-145.500,-30.008
70.912,waypoint_3,-8.304,-145.559,-30.008
70.944,waypoint_3,-8.382,-145.619,-30.008
70.978,waypoint_3,-8.459,-145.679,-30.008
71.012,waypoint_3,-8.556,-145.754,-30.008
71.044,waypoint_3,-8.633,-145.814,-30.008
71.078,waypoint_3,-8.711,-145.874,-30.009
71.112,waypoint_3,-8.788,-145.934,-30.009
71.144,waypoint_3,-8.866,-145.994,-30.009
71.178,waypoint_3,-8.943,-146.053,-30.009
71.212,waypoint_3,-9.040,-146.128,-30.009
71.244,waypoint_3,-9.118,-146.187,-30.009
71.278,waypoint_3,-9.195,-146.247,-30.009
71.312,waypoint_3,-9.272,-146.306,-30.009
71.344,waypoint_3,-9.349,-146.365,-30.009
71.378,waypoint_3,-9.427,-146.425,-30.009
71.412,waypoint_3,-9.523,-146.499,-30.009
71.444,waypoint_3,-9.600,-146.558,-30.009
71.478,waypoint_3,-9.677,-146.617,-30.009
71.512,waypoint_3,-9.755,-146.676,-30.008
71.544,waypoint_3,-9.832,-146.735,-30.008
71.578,waypoint_3,-9.909,-146.794,-30.008
71.612,waypoint_3,-10.005,-146.867,-30.008
71.644,waypoint_3,-10.083,-146.926,-30.008
71.678,waypoint_3,-10.160,-146.985,-30.007
71.712,waypoint_3,-10.237,-147.044,-30.007
71.744,waypoint_3,-10.314,-147.102,-30.007
71.778,waypoint_3,-10.391,-147.161,-30.007
71.812,waypoint_3,-10.487,-147.234,-30.007
71.844,waypoint_3,-10.564,-147.293,-30.007
71.878,waypoint_3,-10.641,-147.352,-30.006
71.912,waypoint_3,-10.717,-147.411,-30.006
71.944,waypoint_3,-10.794,-147.470,-30.006
71.978,waypoint_3,-10.871,-147.529,-30.006
72.012,waypoint_3,-10.967,-147.603,-30.007
72.044,waypoint_3,-11.044,-147.663,-30.007
72.078,waypoint_3,-11.121,-147.722,-30.007
72.112,waypoint_3,-11.197,-147.782,-30.007
72.144,waypoint_3,-11.274,-147.842,-30.007
72.178,waypoint_3,-11.351,-147.902,-30.007
72.212,waypoint_3,-11.447,-147.977,-30.008
72.244,waypoint_3,-11.523,-148.037,-30.008
72.278,waypoint_3,-11.600,-148.098,-30.008
72.312,waypoint_3,-11.676,-148.159,-30.008
72.344,waypoint_3,-11.753,-148.220,-30.009
72.378,waypoint_3,-11.829,-148.281,-30.009
72.412,waypoint_3,-11.924,-148.357,-30.010
72.444,waypoint_3,-12.000,-148.418,-30.010
72.478,waypoint_3,-12.076,-148.479,-30.011
72.512,waypoint_3,-12.152,-148.541,-30.012
72.544,waypoint_3,-12.228,-148.602,-30.012
72.578,waypoint_3,-12.304,-148.663,-30.013
72.612,waypoint_3,-12.399,-148.740,-30.014
72.644,waypoint_3,-12.474,-148.802,-30.014
72.678,waypoint_3,-12.550,-148.863,-30.015
72.712,waypoint_3,-12.626,-148.924,-30.016
72.744,waypoint_3,-12.702,-148.986,-30.016
72.778,waypoint_3,-12.777,-149.047,-30.017
72.812,waypoint_3,-12.871,-149.124,-30.017
72.844,waypoint_3,-12.947,-149.185,-30.018
72.878,waypoint_3,-13.022,-149.246,-30.018
72.912,waypoint_3,-13.097,-149.307,-30.019
72.944,waypoint_3,-13.172,-149.369,-30.019
72.978,waypoint_3,-13.248,-149.430,-30.019
73.012,waypoint_3,-13.342,-149.506,-30.020
73.044,waypoint_3,-13.417,-149.568,-30.020
73.078,waypoint_3,-13.492,-149.629,-30.020
73.112,waypoint_3,-13.567,-149.690,-30.021
73.144,waypoint_3,-13.642,-149.751,-30.021
73.178,waypoint_3,-13.717,-149.813,-30.021
73.212,waypoint_3,-13.810,-149.890,-30.021
73.244,waypoint_3,-13.885,-149.951,-30.021
73.278,waypoint_3,-13.959,-150.012,-30.021
73.312,waypoint_3,-14.034,-150.074,-30.021
73.344,waypoint_3,-14.108,-150.135,-30.021
73.378,waypoint_3,-14.183,-150.197,-30.021
73.412,waypoint_3,-14.276,-150.274,-30.022
73.444,waypoint_3,-14.350,-150.336,-30.022
73.478,waypoint_3,-14.425,-150.397,-30.022
73.512,waypoint_3,-14.499,-150.459,-30.023
73.544,waypoint_3,-14.574,-150.521,-30.023
73.578,waypoint_3,-14.648,-150.583,-30.023
73.612,waypoint_3,-14.741,-150.660,-30.023
73.644,waypoint_3,-14.816,-150.722,-30.023
73.678,waypoint_3,-14.891,-150.784,-30.024
73.712,waypoint_3,-14.965,-150.846,-30.024
73.744,waypoint_3,-15.040,-150.907,-30.024
73.778,waypoint_3,-15.115,-150.969,-30.023
73.812,waypoint_3,-15.209,-151.046,-30.023
73.845,waypoint_3,-15.284,-151.108,-30.023
73.879,waypoint_3,-15.358,-151.169,-30.023
73.914,waypoint_3,-15.434,-151.231,-30.022
73.947,waypoint_3,-15.509,-151.292,-30.022
73.981,waypoint_3,-15.584,-151.353,-30.022
74.018,waypoint_3,-15.678,-151.430,-30.021
74.050,waypoint_3,-15.753,-151.491,-30.021
74.085,waypoint_3,-15.829,-151.552,-30.021
74.119,waypoint_3,-15.904,-151.613,-30.020
74.151,waypoint_3,-15.980,-151.674,-30.020
74.185,waypoint_3,-16.055,-151.735,-30.020
74.219,waypoint_3,-16.150,-151.811,-30.019
74.251,waypoint_3,-16.225,-151.872,-30.019
74.285,waypoint_3,-16.301,-151.933,-30.018
74.319,waypoint_3,-16.377,-151.993,-30.018
74.351,waypoint_3,-16.452,-152.054,-30.017
74.385,waypoint_3,-16.528,-152.115,-30.017
74.419,waypoint_3,-16.622,-152.191,-30.016
74.451,waypoint_3,-16.698,-152.252,-30.015
74.485,waypoint_3,-16.773,-152.314,-30.015
74.519,waypoint_3,-16.848,-152.375,-30.014
74.551,waypoint_3,-16.923,-152.436,-30.014
74.585,waypoint_3,-16.998,-152.498,-30.013
74.619,waypoint_3,-17.091,-152.574,-30.013
74.651,waypoint_3,-17.166,-152.636,-30.012
74.685,waypoint_3,-17.240,-152.697,-30.012
74.719,waypoint_3,-17.315,-152.759,-30.012
74.751,waypoint_3,-17.389,-152.821,-30.011
74.785,waypoint_3,-17.463,-152.882,-30.011
74.819,waypoint_3,-17.556,-152.960,-30.011
74.851,waypoint_3,-17.630,-153.021,-30.011
74.885,waypoint_3,-17.704,-153.083,-30.011
74.919,waypoint_3,-17.778,-153.145,-30.011
74.951,waypoint_3,-17.851,-153.206,-30.011
74.985,waypoint_3,-17.925,-153.268,-30.011
75.019,waypoint_3,-18.017,-153.344,-30.011
75.051,waypoint_3,-18.090,-153.406,-30.011
75.085,waypoint_3,-18.164,-153.467,-30.011
75.119,waypoint_3,-18.237,-153.528,-30.011
75.151,waypoint_3,-18.311,-153.590,-30.011
75.185,waypoint_3,-18.384,-153.651,-30.011
75.219,waypoint_3,-18.476,-153.728,-30.011
75.251,waypoint_3,-18.549,-153.789,-30.011
75.285,waypoint_3,-18.623,-153.850,-30.010
75.319,waypoint_3,-18.697,-153.911,-30.010
75.351,waypoint_3,-18.770,-153.972,-30.010
75.386,waypoint_3,-18.844,-154.033,-30.010
75.420,waypoint_3,-18.936,-154.109,-30.010
75.452,waypoint_3,-19.009,-154.170,-30.010
75.486,waypoint_3,-19.083,-154.231,-30.009
75.520,waypoint_3,-19.157,-154.292,-30.009
75.552,waypoint_3,-19.231,-154.352,-30.009
75.586,waypoint_3,-19.304,-154.413,-30.009
75.620,waypoint_3,-19.397,-154.490,-30.009
75.652,waypoint_3,-19.470,-154.551,-30.009
75.686,waypoint_3,-19.544,-154.612,-30.009
75.720,waypoint_3,-19.618,-154.672,-30.009
75.752,waypoint_3,-19.691,-154.733,-30.008
75.786,waypoint_3,-19.765,-154.794,-30.008
75.820,waypoint_3,-19.857,-154.870,-30.008
75.852,waypoint_3,-19.930,-154.931,-30.008
75.886,waypoint_3,-20.004,-154.992,-30.008
75.920,waypoint_3,-20.077,-155.053,-30.008
75.952,waypoint_3,-20.151,-155.114,-30.008
75.987,waypoint_3,-20.224,-155.175,-30.008
76.021,waypoint_3,-20.316,-155.251,-30.008
76.053,waypoint_3,-20.390,-155.312,-30.008
76.088,waypoint_3,-20.463,-155.373,-30.008
76.122,waypoint_3,-20.537,-155.434,-30.008
76.154,waypoint_3,-20.610,-155.495,-30.008
76.188,waypoint_3,-20.683,-155.557,-30.009
76.222,waypoint_3,-20.775,-155.633,-30.009
76.254,waypoint_3,-20.848,-155.695,-30.009
76.288,waypoint_3,-20.921,-155.757,-30.010
76.322,waypoint_3,-20.995,-155.818,-30.010
76.354,waypoint_3,-21.068,-155.880,-30.010
76.388,waypoint_3,-21.141,-155.942,-30.011
76.422,waypoint_3,-21.233,-156.019,-30.011
76.454,waypoint_3,-21.306,-156.081,-30.011
76.488,waypoint_3,-21.379,-156.143,-30.011
76.522,waypoint_3,-21.452,-156.205,-30.012
76.554,waypoint_3,-21.525,-156.267,-30.012
76.588,waypoint_3,-21.598,-156.329,-30.013
76.622,waypoint_3,-21.690,-156.407,-30.013
76.654,waypoint_3,-21.763,-156.469,-30.014
76.688,waypoint_3,-21.836,-156.531,-30.014
76.722,waypoint_3,-21.910,-156.593,-30.015
76.754,waypoint_3,-21.983,-156.656,-30.015
76.788,waypoint_3,-22.056,-156.718,-30.016
76.822,waypoint_3,-22.148,-156.796,-30.016
76.854,waypoint_3,-22.221,-156.858,-30.017
76.888,waypoint_3,-22.295,-156.920,-30.017
76.922,waypoint_3,-22.368,-156.982,-30.017
76.954,waypoint_3,-22.441,-157.044,-30.018
76.988,waypoint_3,-22.515,-157.106,-30.018
77.022,waypoint_3,-22.607,-157.184,-30.018
77.054,waypoint_3,-22.680,-157.245,-30.019
77.088,waypoint_3,-22.753,-157.307,-30.019
77.122,waypoint_3,-22.827,-157.369,-30.019
77.154,waypoint_3,-22.900,-157.430,-30.019
77.188,waypoint_3,-22.973,-157.492,-30.019
77.222,waypoint_3,-23.064,-157.569,-30.019
77.254,waypoint_3,-23.138,-157.630,-30.019
77.288,waypoint_3,-23.211,-157.692,-30.019
77.322,waypoint_3,-23.284,-157.754,-30.019
77.354,waypoint_3,-23.358,-157.815,-30.019
77.388,waypoint_3,-23.431,-157.877,-30.018
77.422,waypoint_3,-23.523,-157.955,-30.018
77.454,waypoint_3,-23.597,-158.017,-30.018
77.488,waypoint_3,-23.670,-158.079,-30.018
77.522,waypoint_3,-23.744,-158.141,-30.017
77.554,waypoint_3,-23.817,-158.203,-30.017
77.588,waypoint_3,-23.891,-158.266,-30.017
77.622,waypoint_3,-23.982,-158.344,-30.016
77.654,waypoint_3,-24.056,-158.407,-30.016
77.688,waypoint_3,-24.129,-158.469,-30.016
77.722,waypoint_3,-24.202,-158.532,-30.016
77.754,waypoint_3,-24.276,-158.594,-30.015
77.788,waypoint_3,-24.349,-158.656,-30.015
77.822,waypoint_3,-24.441,-158.733,-30.014
77.854,waypoint_3,-24.515,-158.795,-30.014
77.888,waypoint_3,-24.588,-158.856,-30.014
77.922,waypoint_3,-24.662,-158.917,-30.013
77.954,waypoint_3,-24.735,-158.979,-30.013
77.988,waypoint_3,-24.809,-159.040,-30.013
78.022,waypoint_3,-24.901,-159.116,-30.012
78.054,waypoint_3,-24.975,-159.177,-30.012
78.088,waypoint_3,-25.048,-159.237,-30.012
78.122,waypoint_3,-25.122,-159.298,-30.012
78.154,waypoint_3,-25.195,-159.359,-30.012
78.188,waypoint_3,-25.269,-159.420,-30.012
78.222,waypoint_3,-25.361,-159.495,-30.011
78.255,waypoint_3,-25.434,-159.556,-30.011
78.288,waypoint_3,-25.507,-159.617,-30.011
78.322,waypoint_3,-25.580,-159.677,-30.011
78.355,waypoint_3,-25.653,-159.738,-30.011
78.388,waypoint_3,-25.727,-159.799,-30.010
78.422,waypoint_3,-25.818,-159.875,-30.010
78.454,waypoint_3,-25.892,-159.935,-30.010
78.488,waypoint_3,-25.965,-159.996,-30.010
78.522,waypoint_3,-26.038,-160.057,-30.011
78.554,waypoint_3,-26.112,-160.119,-30.011
78.588,waypoint_3,-26.186,-160.180,-30.011
78.622,waypoint_3,-26.278,-160.257,-30.012
78.654,waypoint_3,-26.352,-160.318,-30.012
78.688,waypoint_3,-26.426,-160.380,-30.013
78.722,waypoint_3,-26.500,-160.442,-30.013
78.754,waypoint_3,-26.575,-160.503,-30.013
78.788,waypoint_3,-26.649,-160.565,-30.014
78.822,waypoint_3,-26.741,-160.642,-30.014
78.854,waypoint_3,-26.815,-160.704,-30.014
78.888,waypoint_3,-26.890,-160.766,-30.014
78.922,waypoint_3,-26.964,-160.828,-30.014
78.954,waypoint_3,-27.038,-160.890,-30.014
78.988,waypoint_3,-27.113,-160.952,-30.014
79.022,waypoint_3,-27.206,-161.029,-30.014
79.054,waypoint_3,-27.280,-161.091,-30.014
79.088,waypoint_3,-27.355,-161.153,-30.013
79.122,waypoint_3,-27.429,-161.215,-30.013
79.154,waypoint_3,-27.503,-161.277,-30.013
79.190,waypoint_3,-27.577,-161.339,-30.012
79.224,waypoint_3,-27.669,-161.416,-30.012
79.256,waypoint_3,-27.743,-161.478,-30.012
79.290,waypoint_3,-27.817,-161.539,-30.012
79.324,waypoint_3,-27.890,-161.601,-30.011
79.356,waypoint_3,-27.964,-161.662,-30.011
79.390,waypoint_3,-28.037,-161.724,-30.011
79.424,waypoint_3,-28.129,-161.801,-30.010
79.456,waypoint_3,-28.203,-161.863,-30.010
79.490,waypoint_3,-28.277,-161.924,-30.010
79.524,waypoint_3,-28.350,-161.986,-30.010
79.556,waypoint_3,-28.424,-162.047,-30.010
79.590,waypoint_3,-28.498,-162.109,-30.010
79.624,waypoint_3,-28.589,-162.186,-30.009
79.656,waypoint_3,-28.663,-162.247,-30.009
79.690,waypoint_3,-28.736,-162.309,-30.009
79.724,waypoint_3,-28.810,-162.370,-30.010
79.756,waypoint_3,-28.884,-162.432,-30.010
79.790,waypoint_3,-28.957,-162.493,-30.010
79.824,waypoint_3,-29.049,-162.570,-30.010
79.856,waypoint_3,-29.123,-162.631,-30.010
79.890,waypoint_3,-29.196,-162.693,-30.010
79.924,waypoint_3,-29.270,-162.754,-30.011
79.956,waypoint_3,-29.343,-162.815,-30.011
79.990,waypoint_3,-29.416,-162.876,-30.011
80.024,waypoint_3,-29.508,-162.952,-30.011
80.056,waypoint_3,-29.581,-163.013,-30.011
80.090,waypoint_3,-29.655,-163.074,-30.011
80.124,waypoint_3,-29.728,-163.135,-30.012
80.156,waypoint_3,-29.801,-163.196,-30.012
80.190,waypoint_3,-29.874,-163.257,-30.012
80.224,waypoint_3,-29.966,-163.333,-30.012
80.256,waypoint_3,-30.039,-163.394,-30.012
80.290,waypoint_3,-30.113,-163.455,-30.012
80.324,waypoint_3,-30.186,-163.516,-30.012
80.356,waypoint_3,-30.260,-163.576,-30.012
80.390,waypoint_3,-30.333,-163.637,-30.012
80.424,waypoint_3,-30.425,-163.713,-30.012
80.456,waypoint_3,-30.498,-163.774,-30.012
80.490,waypoint_3,-30.572,-163.834,-30.013
80.524,waypoint_3,-30.645,-163.895,-30.013
80.556,waypoint_3,-30.719,-163.956,-30.013
80.590,waypoint_3,-30.792,-164.017,-30.014
80.624,waypoint_3,-30.884,-164.092,-30.014
80.656,waypoint_3,-30.958,-164.153,-30.015
80.690,waypoint_3,-31.032,-164.214,-30.015
80.724,waypoint_3,-31.105,-164.274,-30.016
80.756,waypoint_3,-31.179,-164.335,-30.016
80.790,waypoint_3,-31.253,-164.395,-30.016
80.824,waypoint_3,-31.345,-164.471,-30.017
80.856,waypoint_3,-31.419,-164.532,-30.017
80.890,waypoint_3,-31.493,-164.592,-30.017
80.924,waypoint_3,-31.567,-164.653,-30.017
80.956,waypoint_3,-31.641,-164.713,-30.017
80.990,waypoint_3,-31.714,-164.774,-30.017
81.024,waypoint_3,-31.806,-164.849,-30.018
81.057,waypoint_3,-31.880,-164.910,-30.018
81.091,waypoint_3,-31.953,-164.970,-30.018
81.125,waypoint_3,-32.027,-165.030,-30.018
81.157,waypoint_3,-32.100,-165.090,-30.018
81.191,waypoint_3,-32.174,-165.150,-30.018
81.225,waypoint_3,-32.265,-165.225,-30.018
81.257,waypoint_3,-32.338,-165.285,-30.018
81.291,waypoint_3,-32.411,-165.344,-30.018
81.325,waypoint_3,-32.485,-165.404,-30.018
81.357,waypoint_3,-32.558,-165.464,-30.018
81.391,waypoint_3,-32.631,-165.523,-30.018
81.425,waypoint_3,-32.722,-165.598,-30.018
81.457,waypoint_3,-32.795,-165.658,-30.018
81.491,waypoint_3,-32.868,-165.717,-30.018
81.525,waypoint_3,-32.940,-165.777,-30.018
81.558,waypoint_3,-33.013,-165.837,-30.017
81.592,waypoint_3,-33.085,-165.897,-30.017
81.626,waypoint_3,-33.176,-165.971,-30.017
81.658,waypoint_3,-33.249,-166.031,-30.017
81.692,waypoint_3,-33.321,-166.091,-30.016
81.726,waypoint_3,-33.393,-166.152,-30.016
81.758,waypoint_3,-33.466,-166.212,-30.016
81.792,waypoint_3,-33.538,-166.272,-30.016
81.826,waypoint_3,-33.629,-166.347,-30.015
81.858,waypoint_3,-33.701,-166.408,-30.015
81.892,waypoint_3,-33.774,-166.468,-30.015
81.926,waypoint_3,-33.846,-166.529,-30.014
81.958,waypoint_3,-33.919,-166.590,-30.014
81.992,waypoint_3,-33.992,-166.651,-30.014
82.026,waypoint_3,-34.083,-166.727,-30.013
82.058,waypoint_3,-34.156,-166.788,-30.013
82.092,waypoint_3,-34.229,-166.849,-30.013
82.126,waypoint_3,-34.302,-166.910,-30.012
82.158,waypoint_3,-34.376,-166.971,-30.012
82.192,waypoint_3,-34.450,-167.032,-30.012
82.226,waypoint_3,-34.542,-167.109,-30.012
82.258,waypoint_3,-34.616,-167.170,-30.012
82.292,waypoint_3,-34.690,-167.231,-30.012
82.326,waypoint_3,-34.764,-167.293,-30.012
82.358,waypoint_3,-34.839,-167.355,-30.012
82.392,waypoint_3,-34.913,-167.416,-30.013
82.426,waypoint_3,-35.006,-167.493,-30.013
82.458,waypoint_3,-35.081,-167.555,-30.014
82.492,waypoint_3,-35.155,-167.617,-30.014
82.526,waypoint_3,-35.230,-167.679,-30.015
82.558,waypoint_3,-35.305,-167.741,-30.015
82.592,waypoint_3,-35.379,-167.803,-30.016
82.626,waypoint_3,-35.472,-167.880,-30.017
82.658,waypoint_3,-35.547,-167.942,-30.017
82.692,waypoint_3,-35.622,-168.003,-30.018
82.726,waypoint_3,-35.696,-168.065,-30.018
82.758,waypoint_3,-35.771,-168.127,-30.018
82.792,waypoint_3,-35.846,-168.188,-30.019
82.826,waypoint_3,-35.939,-168.265,-30.019
82.858,waypoint_3,-36.014,-168.326,-30.020
82.892,waypoint_3,-36.088,-168.387,-30.020
82.926,waypoint_3,-36.163,-168.449,-30.020
82.958,waypoint_3,-36.238,-168.510,-30.020
82.992,waypoint_3,-36.312,-168.572,-30.020
83.026,waypoint_3,-36.405,-168.648,-30.020
83.058,waypoint_3,-36.480,-168.709,-30.020
83.092,waypoint_3,-36.554,-168.770,-30.019
83.126,waypoint_3,-36.628,-168.831,-30.019
83.158,waypoint_3,-36.702,-168.892,-30.018
83.192,waypoint_3,-36.776,-168.953,-30.018
83.226,waypoint_3,-36.868,-169.029,-30.017
83.258,waypoint_3,-36.942,-169.090,-30.017
83.292,waypoint_3,-37.016,-169.151,-30.016
83.326,waypoint_3,-37.090,-169.212,-30.015
83.358,waypoint_3,-37.164,-169.273,-30.015
83.392,waypoint_3,-37.237,-169.334,-30.014
83.426,waypoint_3,-37.329,-169.410,-30.013
83.458,waypoint_3,-37.403,-169.471,-30.013
83.492,waypoint_3,-37.476,-169.532,-30.012
83.526,waypoint_3,-37.550,-169.593,-30.011
83.558,waypoint_3,-37.623,-169.654,-30.011
83.592,waypoint_3,-37.697,-169.715,-30.010
83.626,waypoint_3,-37.788,-169.791,-30.009
83.658,waypoint_3,-37.861,-169.851,-30.009
83.692,waypoint_3,-37.934,-169.912,-30.009
83.726,waypoint_3,-38.007,-169.973,-30.008
83.759,waypoint_3,-38.080,-170.034,-30.008
83.792,waypoint_3,-38.152,-170.095,-30.008
83.826,waypoint_3,-38.243,-170.171,-30.007
83.858,waypoint_3,-38.316,-170.232,-30.007
83.892,waypoint_3,-38.389,-170.293,-30.007
83.926,waypoint_3,-38.461,-170.353,-30.007
83.958,waypoint_3,-38.534,-170.414,-30.007
83.992,waypoint_3,-38.607,-170.475,-30.006
84.026,waypoint_3,-38.699,-170.551,-30.006
84.058,waypoint_3,-38.772,-170.612,-30.006
84.092,waypoint_3,-38.845,-170.672,-30.006
84.126,waypoint_3,-38.918,-170.733,-30.006
84.158,waypoint_3,-38.991,-170.793,-30.006
84.192,waypoint_3,-39.065,-170.854,-30.006
84.226,waypoint_3,-39.157,-170.929,-30.006
84.259,waypoint_3,-39.230,-170.989,-30.006
84.292,waypoint_3,-39.304,-171.050,-30.006
84.326,waypoint_3,-39.378,-171.110,-30.006
84.358,waypoint_3,-39.452,-171.170,-30.006
84.392,waypoint_3,-39.525,-171.230,-30.006
84.426,waypoint_3,-39.618,-171.305,-30.006
84.458,waypoint_3,-39.692,-171.365,-30.006
84.492,waypoint_3,-39.765,-171.424,-30.006
84.526,waypoint_3,-39.839,-171.484,-30.006
84.558,waypoint_3,-39.913,-171.544,-30.006
84.592,waypoint_3,-39.987,-171.603,-30.006
84.626,waypoint_3,-40.079,-171.678,-30.005
84.658,waypoint_3,-40.153,-171.738,-30.005
84.692,waypoint_3,-40.227,-171.798,-30.005
84.726,waypoint_3,-40.301,-171.858,-30.005
84.759,waypoint_3,-40.375,-171.919,-30.004
84.793,waypoint_3,-40.448,-171.979,-30.004
84.827,waypoint_3,-40.541,-172.055,-30.004
84.859,waypoint_3,-40.614,-172.115,-30.003
84.893,waypoint_3,-40.688,-172.176,-30.003
84.927,waypoint_3,-40.762,-172.237,-30.002
84.959,waypoint_3,-40.835,-172.297,-30.002
84.993,waypoint_3,-40.909,-172.358,-30.002
85.027,waypoint_3,-41.001,-172.434,-30.001
85.059,waypoint_3,-41.074,-172.494,-30.000
85.093,waypoint_3,-41.148,-172.555,-30.000
85.127,waypoint_3,-41.221,-172.615,-30.000
85.159,waypoint_3,-41.294,-172.676,-30.000
85.193,waypoint_3,-41.368,-172.736,-29.999
85.227,waypoint_3,-41.459,-172.812,-30.000
85.259,waypoint_3,-41.532,-172.872,-30.000
85.293,waypoint_3,-41.605,-172.933,-30.000
85.327,waypoint_3,-41.679,-172.994,-30.000
85.359,waypoint_3,-41.752,-173.054,-30.001
85.393,waypoint_3,-41.825,-173.115,-30.001
85.427,waypoint_3,-41.916,-173.191,-30.002
85.459,waypoint_3,-41.989,-173.252,-30.002
85.493,waypoint_3,-42.062,-173.312,-30.003
85.527,waypoint_3,-42.135,-173.373,-30.003
85.559,waypoint_3,-42.207,-173.433,-30.004
85.593,waypoint_3,-42.280,-173.494,-30.004
85.627,waypoint_3,-42.371,-173.570,-30.005
85.659,waypoint_3,-42.444,-173.630,-30.005
85.693,waypoint_3,-42.517,-173.691,-30.006
85.727,waypoint_3,-42.590,-173.752,-30.006
85.759,waypoint_3,-42.662,-173.813,-30.006
85.793,waypoint_3,-42.735,-173.874,-30.006
85.827,waypoint_3,-42.826,-173.951,-30.007
85.859,waypoint_3,-42.900,-174.012,-30.007
85.893,waypoint_3,-42.973,-174.073,-30.006
85.927,waypoint_3,-43.046,-174.134,-30.006
85.959,waypoint_3,-43.119,-174.195,-30.006
85.994,waypoint_3,-43.210,-174.271,-30.006
86.026,waypoint_3,-43.283,-174.332,-30.006
86.060,waypoint_3,-43.356,-174.393,-30.006
86.094,waypoint_3,-43.429,-174.454,-30.006
86.126,waypoint_3,-43.502,-174.516,-30.006
86.165,waypoint_3,-43.575,-174.577,-30.006
86.204,waypoint_3,-43.648,-174.639,-30.006
86.238,waypoint_3,-43.739,-174.715,-30.007
86.270,waypoint_3,-43.812,-174.777,-30.007
86.304,waypoint_3,-43.885,-174.839,-30.007
86.338,waypoint_3,-43.958,-174.901,-30.007
86.370,waypoint_3,-44.031,-174.962,-30.007
86.404,waypoint_3,-44.104,-175.024,-30.007
86.438,waypoint_3,-44.195,-175.101,-30.007
86.470,waypoint_3,-44.268,-175.163,-30.007
86.504,waypoint_3,-44.341,-175.225,-30.007
86.538,waypoint_3,-44.414,-175.287,-30.007
86.570,waypoint_3,-44.487,-175.349,-30.007
86.604,waypoint_3,-44.561,-175.411,-30.007
86.638,waypoint_3,-44.652,-175.488,-30.007
86.670,waypoint_3,-44.725,-175.550,-30.007
86.704,waypoint_3,-44.798,-175.612,-30.007
86.738,waypoint_3,-44.871,-175.674,-30.007
86.770,waypoint_3,-44.944,-175.736,-30.007
86.804,waypoint_3,-45.017,-175.798,-30.007
86.838,waypoint_3,-45.109,-175.875,-30.006
86.870,waypoint_3,-45.182,-175.938,-30.006
86.904,waypoint_3,-45.254,-176.000,-30.006
86.938,waypoint_3,-45.327,-176.062,-30.005
86.970,waypoint_3,-45.400,-176.124,-30.005
87.004,waypoint_3,-45.473,-176.186,-30.004
87.038,waypoint_3,-45.563,-176.263,-30.003
87.071,waypoint_3,-45.636,-176.325,-30.003
87.105,waypoint_3,-45.708,-176.386,-30.002
87.139,waypoint_3,-45.781,-176.448,-30.001
87.171,waypoint_3,-45.853,-176.509,-30.001
87.205,waypoint_3,-45.926,-176.570,-30.000
87.239,waypoint_3,-46.016,-176.647,-30.000
87.271,waypoint_3,-46.089,-176.708,-29.999
87.305,waypoint_3,-46.161,-176.770,-29.998
87.339,waypoint_3,-46.234,-176.831,-29.998
87.371,waypoint_3,-46.307,-176.892,-29.997
87.405,waypoint_3,-46.379,-176.953,-29.996
87.439,waypoint_3,-46.470,-177.030,-29.995
87.471,waypoint_3,-46.543,-177.091,-29.994
87.505,waypoint_3,-46.616,-177.152,-29.994
87.539,waypoint_3,-46.688,-177.213,-29.993
87.571,waypoint_3,-46.761,-177.273,-29.993
87.605,waypoint_3,-46.833,-177.334,-29.993
87.639,waypoint_3,-46.924,-177.410,-29.993
87.671,waypoint_3,-46.997,-177.471,-29.993
87.705,waypoint_3,-47.069,-177.532,-29.993
87.739,waypoint_3,-47.142,-177.593,-29.993
87.771,waypoint_3,-47.215,-177.654,-29.993
87.805,waypoint_3,-47.287,-177.715,-29.994
87.839,waypoint_3,-47.378,-177.791,-29.994
87.871,waypoint_3,-47.451,-177.852,-29.995
87.905,waypoint_3,-47.524,-177.913,-29.995
87.939,waypoint_3,-47.597,-177.974,-29.995
87.971,waypoint_3,-47.670,-178.034,-29.996
88.005,waypoint_3,-47.743,-178.095,-29.996
88.039,waypoint_3,-47.834,-178.171,-29.997
88.071,waypoint_3,-47.907,-178.232,-29.998
88.105,waypoint_3,-47.980,-178.293,-29.998
88.139,waypoint_3,-48.053,-178.354,-29.999
88.171,waypoint_3,-48.126,-178.415,-30.000
88.205,waypoint_3,-48.199,-178.476,-30.000
88.239,waypoint_3,-48.291,-178.553,-30.001
88.271,waypoint_3,-48.364,-178.614,-30.001
88.305,waypoint_3,-48.438,-178.676,-30.001
88.339,waypoint_3,-48.512,-178.737,-30.002
88.371,waypoint_3,-48.586,-178.798,-30.002
88.407,waypoint_3,-48.660,-178.860,-30.002
88.441,waypoint_3,-48.752,-178.936,-30.002
88.473,waypoint_3,-48.826,-178.997,-30.002
88.507,waypoint_3,-48.901,-179.059,-30.003
88.541,waypoint_3,-48.975,-179.120,-30.003
88.573,waypoint_3,-49.049,-179.181,-30.003
88.607,waypoint_3,-49.123,-179.243,-30.003
88.641,waypoint_3,-49.216,-179.319,-30.004
88.673,waypoint_3,-49.290,-179.381,-30.004
88.707,waypoint_3,-49.364,-179.442,-30.004
88.741,waypoint_3,-49.438,-179.503,-30.004
88.773,waypoint_3,-49.512,-179.565,-30.005
88.807,waypoint_3,-49.586,-179.626,-30.005
88.841,waypoint_3,-49.678,-179.703,-30.005
88.873,waypoint_3,-49.752,-179.764,-30.006
88.907,waypoint_3,-49.826,-179.825,-30.006
88.941,waypoint_3,-49.900,-179.886,-30.006
88.973,waypoint_3,-49.974,-179.948,-30.007
89.007,waypoint_3,-50.048,-180.009,-30.007
89.041,waypoint_3,-50.141,-180.086,-30.007
89.073,waypoint_3,-50.215,-180.147,-30.008
89.107,waypoint_3,-50.288,-180.208,-30.008
89.141,waypoint_3,-50.362,-180.270,-30.009
89.173,waypoint_3,-50.436,-180.331,-30.009
89.207,waypoint_3,-50.509,-180.392,-30.010
89.241,waypoint_3,-50.601,-180.469,-30.011
89.273,waypoint_3,-50.675,-180.530,-30.011
89.307,waypoint_3,-50.748,-180.592,-30.012
89.341,waypoint_3,-50.822,-180.653,-30.013
89.373,waypoint_3,-50.895,-180.715,-30.013
89.407,waypoint_3,-50.968,-180.776,-30.014
89.441,waypoint_3,-51.060,-180.853,-30.015
89.473,waypoint_3,-51.133,-180.915,-30.015
89.507,waypoint_3,-51.206,-180.977,-30.016
89.541,waypoint_3,-51.279,-181.039,-30.016
89.573,waypoint_3,-51.352,-181.101,-30.016
89.607,waypoint_3,-51.425,-181.163,-30.017
89.641,waypoint_3,-51.516,-181.241,-30.017
89.673,waypoint_3,-51.589,-181.303,-30.017
89.707,waypoint_3,-51.662,-181.365,-30.018
89.741,waypoint_3,-51.735,-181.427,-30.018
89.773,waypoint_3,-51.808,-181.490,-30.018
89.807,waypoint_3,-51.881,-181.552,-30.018
89.841,waypoint_3,-51.972,-181.631,-30.018
89.873,waypoint_3,-52.045,-181.693,-30.018
89.907,waypoint_3,-52.118,-181.756,-30.019
89.941,waypoint_3,-52.192,-181.819,-30.019
89.973,waypoint_3,-52.265,-181.882,-30.019
90.007,waypoint_3,-52.338,-181.944,-30.019
90.041,waypoint_3,-52.429,-182.023,-30.020
90.073,waypoint_3,-52.503,-182.085,-30.020
90.107,waypoint_3,-52.576,-182.148,-30.020
90.141,waypoint_3,-52.649,-182.211,-30.020
90.173,waypoint_3,-52.723,-182.273,-30.020
90.207,waypoint_3,-52.796,-182.335,-30.020
90.241,waypoint_3,-52.888,-182.413,-30.020
90.273,waypoint_3,-52.962,-182.475,-30.020
90.307,waypoint_3,-53.035,-182.537,-30.019
90.341,waypoint_3,-53.109,-182.598,-30.019
90.373,waypoint_3,-53.183,-182.660,-30.019
90.407,waypoint_3,-53.257,-182.722,-30.019
90.441,waypoint_3,-53.349,-182.798,-30.018
90.473,waypoint_3,-53.423,-182.859,-30.018
90.507,waypoint_3,-53.496,-182.921,-30.017
90.541,waypoint_3,-53.570,-182.982,-30.017
90.573,waypoint_3,-53.644,-183.042,-30.017
90.607,waypoint_3,-53.717,-183.103,-30.016
90.641,waypoint_3,-53.809,-183.179,-30.016
90.673,waypoint_3,-53.883,-183.240,-30.015
90.707,waypoint_3,-53.956,-183.301,-30.015
90.741,waypoint_3,-54.029,-183.361,-30.015
90.773,waypoint_3,-54.102,-183.422,-30.015
90.807,waypoint_3,-54.176,-183.482,-30.014
90.841,waypoint_3,-54.267,-183.558,-30.014
90.873,waypoint_3,-54.340,-183.618,-30.014
90.907,waypoint_3,-54.413,-183.679,-30.014
90.942,waypoint_3,-54.485,-183.740,-30.014
90.974,waypoint_3,-54.558,-183.800,-30.014
91.008,waypoint_3,-54.631,-183.861,-30.015
91.042,waypoint_3,-54.722,-183.937,-30.015
91.074,waypoint_3,-54.794,-183.997,-30.015
91.108,waypoint_3,-54.867,-184.058,-30.015
91.142,waypoint_3,-54.939,-184.119,-30.015
91.174,waypoint_3,-55.011,-184.180,-30.016
91.208,waypoint_3,-55.084,-184.241,-30.016
91.242,waypoint_3,-55.174,-184.317,-30.016
91.274,waypoint_3,-55.247,-184.378,-30.017
91.308,waypoint_3,-55.319,-184.440,-30.017
91.342,waypoint_3,-55.392,-184.501,-30.017
91.374,waypoint_3,-55.465,-184.562,-30.017
91.408,goal,-55.537,-184.623,-30.017
91.442,goal,-55.629,-184.700,-30.018
91.474,goal,-55.701,-184.761,-30.020
91.508,goal,-55.774,-184.823,-30.025
91.542,goal,-55.846,-184.884,-30.033
91.574,goal,-55.917,-184.946,-30.043
91.608,goal,-55.986,-185.009,-30.055
91.642,goal,-56.069,-185.088,-30.069
91.674,goal,-56.132,-185.152,-30.080
91.708,goal,-56.192,-185.216,-30.091
91.742,goal,-56.247,-185.282,-30.100
91.774,goal,-56.298,-185.348,-30.107
91.808,goal,-56.344,-185.416,-30.113
91.842,goal,-56.395,-185.502,-30.119
91.874,goal,-56.430,-185.571,-30.121
91.908,goal,-56.460,-185.642,-30.122
91.942,goal,-56.485,-185.715,-30.121
91.974,goal,-56.505,-185.788,-30.119
92.008,goal,-56.520,-185.862,-30.116
92.042,goal,-56.532,-185.957,-30.111
92.074,goal,-56.536,-186.034,-30.106
92.108,goal,-56.536,-186.113,-30.101
92.142,goal,-56.532,-186.192,-30.095
92.174,goal,-56.524,-186.273,-30.089
92.208,goal,-56.512,-186.355,-30.082
92.242,goal,-56.492,-186.458,-30.074
92.274,goal,-56.473,-186.542,-30.068
92.308,goal,-56.451,-186.626,-30.062
92.342,goal,-56.427,-186.712,-30.056
92.374,goal,-56.400,-186.798,-30.050
92.408,goal,-56.371,-186.884,-30.045
92.442,goal,-56.332,-186.994,-30.039
92.474,goal,-56.299,-187.082,-30.035
92.508,goal,-56.265,-187.171,-30.031
92.542,goal,-56.230,-187.260,-30.028
92.574,goal,-56.194,-187.350,-30.025
92.608,goal,-56.157,-187.440,-30.022
92.642,goal,-56.109,-187.553,-30.019
92.674,goal,-56.070,-187.644,-30.018
92.708,goal,-56.031,-187.735,-30.016
92.742,goal,-55.992,-187.826,-30.015
92.774,goal,-55.953,-187.918,-30.013
92.808,goal,-55.913,-188.010,-30.012
92.842,goal,-55.863,-188.125,-30.011
92.874,goal,-55.824,-188.217,-30.010
92.908,goal,-55.784,-188.310,-30.010
92.942,goal,-55.744,-188.402,-30.009
92.974,goal,-55.705,-188.494,-30.009
93.008,goal,-55.665,-188.586,-30.009
93.042,goal,-55.616,-188.702,-30.008
93.074,goal,-55.577,-188.794,-30.008
93.108,goal,-55.538,-188.886,-30.008
93.142,goal,-55.499,-188.977,-30.008
93.174,goal,-55.460,-189.069,-30.008
93.208,goal,-55.421,-189.160,-30.008
93.242,goal,-55.373,-189.274,-30.008
93.274,goal,-55.334,-189.364,-30.009
93.308,goal,-55.296,-189.455,-30.009
93.342,goal,-55.257,-189.545,-30.010
93.374,goal,-55.218,-189.635,-30.010
93.408,goal,-55.180,-189.725,-30.011
93.442,goal,-55.131,-189.837,-30.011
93.474,goal,-55.093,-189.927,-30.012
93.508,goal,-55.054,-190.016,-30.013
93.542,goal,-55.015,-190.105,-30.014
93.574,goal,-54.976,-190.194,-30.014
93.608,goal,-54.937,-190.283,-30.015
93.642,goal,-54.888,-190.393,-30.016
93.674,goal,-54.849,-190.482,-30.016
93.708,goal,-54.809,-190.570,-30.017
93.742,goal,-54.770,-190.658,-30.017
93.774,goal,-54.730,-190.745,-30.018
93.808,goal,-54.690,-190.833,-30.018
93.842,goal,-54.640,-190.942,-30.018
93.875,goal,-54.600,-191.029,-30.019
93.909,goal,-54.560,-191.116,-30.019
93.943,goal,-54.520,-191.203,-30.019
93.975,goal,-54.480,-191.290,-30.019
94.009,goal,-54.439,-191.377,-30.019
94.043,goal,-54.389,-191.485,-30.019
94.075,goal,-54.348,-191.571,-30.019
94.109,goal,-54.307,-191.657,-30.019
94.143,goal,-54.266,-191.744,-30.018
94.175,goal,-54.225,-191.830,-30.018
94.209,goal,-54.184,-191.916,-30.018
94.243,goal,-54.132,-192.023,-30.017
94.275,goal,-54.091,-192.109,-30.017
94.309,goal,-54.049,-192.195,-30.016
94.343,goal,-54.008,-192.280,-30.016
94.375,goal,-53.966,-192.366,-30.016
94.409,goal,-53.924,-192.451,-30.015
94.443,goal,-53.872,-192.558,-30.015
94.475,goal,-53.830,-192.643,-30.015
94.509,goal,-53.787,-192.729,-30.015
94.543,goal,-53.745,-192.814,-30.014
94.575,goal,-53.703,-192.899,-30.014
94.609,goal,-53.660,-192.984,-30.014
94.643,goal,-53.606,-193.091,-30.014
94.675,goal,-53.564,-193.176,-30.014
94.709,goal,-53.521,-193.261,-30.014
94.743,goal,-53.478,-193.346,-30.014
94.775,goal,-53.435,-193.431,-30.014
94.809,goal,-53.391,-193.516,-30.014
94.843,goal,-53.337,-193.622,-30.014
94.875,goal,-53.294,-193.707,-30.014
94.909,goal,-53.250,-193.792,-30.013
94.943,goal,-53.207,-193.877,-30.013
94.975,goal,-53.163,-193.963,-30.013
95.009,goal,-53.120,-194.048,-30.012
95.043,goal,-53.065,-194.154,-30.012
95.075,goal,-53.021,-194.240,-30.011
95.109,goal,-52.977,-194.325,-30.011
95.143,goal,-52.934,-194.410,-30.010
95.175,goal,-52.890,-194.495,-30.010
95.209,goal,-52.846,-194.580,-30.009
95.243,goal,-52.791,-194.687,-30.008
95.275,goal,-52.747,-194.772,-30.007
95.309,goal,-52.704,-194.858,-30.007
95.343,goal,-52.660,-194.943,-30.006
95.375,goal,-52.616,-195.028,-30.005
95.409,goal,-52.572,-195.113,-30.005
95.443,goal,-52.517,-195.220,-30.004
95.475,goal,-52.473,-195.305,-30.003
95.509,goal,-52.429,-195.390,-30.002
95.543,goal,-52.385,-195.475,-30.002
95.575,goal,-52.342,-195.560,-30.001
95.609,goal,-52.298,-195.645,-30.001
95.643,goal,-52.243,-195.752,-30.000
95.675,goal,-52.199,-195.837,-30.000
95.709,goal,-52.154,-195.922,-29.999
95.743,goal,-52.110,-196.007,-29.998
95.775,goal,-52.066,-196.092,-29.998
95.809,goal,-52.021,-196.177,-29.997
95.843,goal,-51.966,-196.284,-29.996
95.875,goal,-51.921,-196.369,-29.996
95.909,goal,-51.876,-196.454,-29.995
95.943,goal,-51.831,-196.540,-29.995
95.975,goal,-51.786,-196.625,-29.994
96.009,goal,-51.741,-196.711,-29.994
96.043,goal,-51.684,-196.818,-29.993
96.075,goal,-51.639,-196.904,-29.993
96.109,goal,-51.593,-196.990,-29.993
96.143,goal,-51.548,-197.076,-29.993
96.175,goal,-51.502,-197.162,-29.992
96.209,goal,-51.456,-197.248,-29.992
96.243,goal,-51.399,-197.356,-29.992
96.275,goal,-51.353,-197.442,-29.991
96.309,goal,-51.307,-197.528,-29.991
96.343,goal,-51.261,-197.614,-29.991
96.375,goal,-51.215,-197.700,-29.990
96.409,goal,-51.169,-197.786,-29.990
96.443,goal,-51.111,-197.894,-29.989
96.475,goal,-51.065,-197.980,-29.988
96.509,goal,-51.018,-198.066,-29.987
96.543,goal,-50.972,-198.153,-29.987
96.575,goal,-50.925,-198.239,-29.986
96.609,goal,-50.879,-198.325,-29.986
96.643,goal,-50.820,-198.432,-29.985
96.675,goal,-50.774,-198.518,-29.984
96.709,goal,-50.727,-198.604,-29.984
96.743,goal,-50.680,-198.691,-29.983
96.775,goal,-50.633,-198.777,-29.983
96.809,goal,-50.586,-198.863,-29.982
96.843,goal,-50.527,-198.970,-29.982
96.875,goal,-50.481,-199.057,-29.982
96.909,goal,-50.434,-199.143,-29.981
96.943,goal,-50.387,-199.229,-29.981
96.975,goal,-50.341,-199.315,-29.981
97.009,goal,-50.294,-199.401,-29.981
97.043,goal,-50.236,-199.509,-29.981
97.075,goal,-50.189,-199.595,-29.981
97.109,goal,-50.142,-199.681,-29.981
97.143,goal,-50.096,-199.767,-29.981
97.175,goal,-50.049,-199.853,-29.981
97.209,goal,-50.002,-199.939,-29.981
97.245,goal,-49.944,-200.047,-29.980
97.277,goal,-49.897,-200.132,-29.980
97.311,goal,-49.851,-200.218,-29.980
97.345,goal,-49.804,-200.304,-29.979
97.377,goal,-49.758,-200.389,-29.979
97.411,goal,-49.711,-200.475,-29.979
97.445,goal,-49.653,-200.582,-29.978
97.477,goal,-49.607,-200.668,-29.978
97.511,goal,-49.560,-200.753,-29.978
97.545,goal,-49.513,-200.839,-29.978
97.577,goal,-49.467,-200.925,-29.978
97.611,goal,-49.420,-201.011,-29.978
97.645,goal,-49.361,-201.118,-29.977
97.677,goal,-49.315,-201.205,-29.977
97.711,goal,-49.268,-201.291,-29.977
97.745,goal,-49.221,-201.377,-29.977
97.777,goal,-49.175,-201.464,-29.977
97.811,goal,-49.128,-201.550,-29.976
97.845,goal,-49.070,-201.658,-29.976
97.877,goal,-49.023,-201.744,-29.976
97.911,goal,-48.977,-201.831,-29.975
97.945,goal,-48.930,-201.917,-29.974
97.977,goal,-48.884,-202.004,-29.974
98.011,goal,-48.837,-202.090,-29.973
98.045,goal,-48.779,-202.198,-29.972
98.077,goal,-48.732,-202.284,-29.971
98.111,goal,-48.686,-202.370,-29.970
98.145,goal,-48.640,-202.456,-29.970
98.177,goal,-48.593,-202.542,-29.969
98.211,goal,-48.547,-202.628,-29.968
98.245,goal,-48.490,-202.736,-29.968
98.277,goal,-48.444,-202.822,-29.967
98.311,goal,-48.398,-202.908,-29.967
98.345,goal,-48.352,-202.994,-29.967
98.377,goal,-48.306,-203.080,-29.967
98.411,goal,-48.261,-203.166,-29.967
98.445,goal,-48.203,-203.273,-29.967
98.477,goal,-48.158,-203.358,-29.968
98.511,goal,-48.112,-203.444,-29.968
98.545,goal,-48.066,-203.530,-29.969
98.577,goal,-48.020,-203.615,-29.970
98.611,goal,-47.974,-203.701,-29.971
98.645,goal,-47.917,-203.809,-29.972
98.677,goal,-47.871,-203.894,-29.973
98.711,goal,-47.825,-203.980,-29.974
98.745,goal,-47.780,-204.066,-29.975
98.777,goal,-47.734,-204.152,-29.977
98.811,goal,-47.688,-204.237,-29.978
98.845,goal,-47.631,-204.345,-29.979
98.877,goal,-47.585,-204.431,-29.980
98.911,goal,-47.539,-204.517,-29.981
98.945,goal,-47.493,-204.603,-29.982
98.977,goal,-47.448,-204.689,-29.983
99.011,goal,-47.402,-204.775,-29.984
99.045,goal,-47.345,-204.883,-29.985
99.077,goal,-47.300,-204.970,-29.986
99.111,goal,-47.254,-205.057,-29.986
99.145,goal,-47.209,-205.144,-29.987
99.177,goal,-47.164,-205.230,-29.987
99.211,goal,-47.118,-205.317,-29.987
99.245,goal,-47.061,-205.426,-29.987
99.277,goal,-47.016,-205.514,-29.988
99.311,goal,-46.971,-205.601,-29.988
99.345,goal,-46.925,-205.688,-29.988
99.377,goal,-46.880,-205.776,-29.988
99.411,goal,-46.835,-205.863,-29.989
99.446,goal,-46.778,-205.972,-29.989
99.478,goal,-46.733,-206.059,-29.989
99.512,goal,-46.688,-206.146,-29.989
99.546,goal,-46.642,-206.233,-29.989
99.578,goal,-46.597,-206.320,-29.988
99.612,goal,-46.552,-206.407,-29.988
99.646,goal,-46.496,-206.515,-29.987
99.678,goal,-46.451,-206.602,-29.987
99.712,goal,-46.407,-206.688,-29.986
99.746,goal,-46.362,-206.774,-29.985
99.778,goal,-46.317,-206.861,-29.985
99.812,goal,-46.272,-206.947,-29.984
99.846,goal,-46.216,-207.055,-29.983
99.878,goal,-46.171,-207.141,-29.983
99.912,goal,-46.126,-207.227,-29.982
99.946,goal,-46.082,-207.313,-29.982
99.978,goal,-46.037,-207.400,-29.981
100.012,goal,-45.992,-207.486,-29.981
100.047,goal,-45.936,-207.594,-29.980
100.079,goal,-45.891,-207.680,-29.980
100.114,goal,-45.846,-207.767,-29.979
100.148,goal,-45.801,-207.854,-29.979
100.180,goal,-45.756,-207.940,-29.978
100.214,goal,-45.711,-208.027,-29.977
100.248,goal,-45.655,-208.135,-29.976
100.280,goal,-45.611,-208.222,-29.976
100.314,goal,-45.566,-208.309,-29.975
100.348,goal,-45.522,-208.396,-29.975
100.380,goal,-45.477,-208.483,-29.974
100.414,goal,-45.433,-208.570,-29.974
100.448,goal,-45.377,-208.678,-29.973
100.480,goal,-45.333,-208.765,-29.973
100.514,goal,-45.289,-208.852,-29.973
100.548,goal,-45.245,-208.939,-29.973
100.580,goal,-45.200,-209.026,-29.973
100.614,goal,-45.156,-209.113,-29.973
100.648,goal,-45.101,-209.222,-29.973
100.680,goal,-45.057,-209.309,-29.974
100.714,goal,-45.013,-209.397,-29.974
100.748,goal,-44.970,-209.484,-29.974
100.780,goal,-44.926,-209.571,-29.975
100.814,goal,-44.883,-209.658,-29.975
100.848,goal,-44.829,-209.767,-29.976
100.880,goal,-44.786,-209.854,-29.976
100.914,goal,-44.742,-209.942,-29.977
100.948,goal,-44.699,-210.029,-29.977
100.980,goal,-44.656,-210.116,-29.978
101.014,goal,-44.613,-210.204,-29.978
101.048,goal,-44.560,-210.313,-29.979
101.080,goal,-44.516,-210.400,-29.979
101.114,goal,-44.473,-210.488,-29.979
101.148,goal,-44.430,-210.575,-29.980
101.180,goal,-44.387,-210.663,-29.980
101.214,goal,-44.344,-210.751,-29.980
101.248,goal,-44.289,-210.860,-29.981
101.280,goal,-44.246,-210.948,-29.981
101.314,goal,-44.202,-211.035,-29.981
101.348,goal,-44.158,-211.123,-29.981
101.380,goal,-44.114,-211.210,-29.982
101.414,goal,-44.070,-211.297,-29.982
101.448,goal,-44.015,-211.407,-29.982
101.480,goal,-43.971,-211.494,-29.982
101.514,goal,-43.927,-211.581,-29.981
101.548,goal,-43.883,-211.668,-29.981
101.580,goal,-43.839,-211.755,-29.981
101.614,goal,-43.795,-211.842,-29.981
101.648,goal,-43.739,-211.951,-29.981
101.680,goal,-43.695,-212.038,-29.981
101.714,goal,-43.651,-212.125,-29.980
101.748,goal,-43.607,-212.212,-29.980
101.780,goal,-43.563,-212.298,-29.980
101.814,goal,-43.519,-212.385,-29.980
101.848,goal,-43.464,-212.493,-29.979
101.880,goal,-43.420,-212.580,-29.979
101.914,goal,-43.376,-212.666,-29.979
101.948,goal,-43.333,-212.753,-29.979
101.980,goal,-43.289,-212.839,-29.979
102.014,goal,-43.246,-212.925,-29.979
102.048,goal,-43.192,-213.033,-29.979
102.080,goal,-43.149,-213.119,-29.979
102.114,goal,-43.106,-213.205,-29.979
102.148,goal,-43.063,-213.291,-29.978
102.180,goal,-43.020,-213.377,-29.978
102.214,goal,-42.977,-213.463,-29.978
102.248,goal,-42.924,-213.570,-29.978
102.280,goal,-42.881,-213.656,-29.978
102.314,goal,-42.838,-213.742,-29.978
102.348,goal,-42.795,-213.828,-29.978
102.380,goal,-42.753,-213.914,-29.978
102.414,goal,-42.710,-213.999,-29.978
102.448,goal,-42.657,-214.107,-29.978
102.480,goal,-42.615,-214.193,-29.978
102.514,goal,-42.573,-214.279,-29.977
102.548,goal,-42.531,-214.365,-29.977
102.580,goal,-42.489,-214.451,-29.977
102.614,goal,-42.447,-214.537,-29.977
102.648,goal,-42.395,-214.645,-29.976
102.680,goal,-42.353,-214.731,-29.976
102.714,goal,-42.311,-214.817,-29.976
102.748,goal,-42.268,-214.904,-29.976
102.780,goal,-42.226,-214.990,-29.975
102.814,goal,-42.184,-215.077,-29.975
102.848,goal,-42.131,-215.185,-29.975
102.880,goal,-42.089,-215.272,-29.975
102.914,goal,-42.047,-215.359,-29.975
102.948,goal,-42.005,-215.446,-29.975
102.980,goal,-41.963,-215.533,-29.975
103.014,goal,-41.922,-215.620,-29.975
103.048,goal,-41.870,-215.728,-29.975
103.080,goal,-41.828,-215.815,-29.975
103.114,goal,-41.786,-215.902,-29.974
103.148,goal,-41.744,-215.989,-29.974
103.180,goal,-41.703,-216.076,-29.974
103.214,goal,-41.661,-216.163,-29.973
103.248,goal,-41.609,-216.271,-29.973
103.280,goal,-41.567,-216.358,-29.973
103.314,goal,-41.525,-216.444,-29.972
103.348,goal,-41.483,-216.531,-29.972
103.380,goal,-41.441,-216.618,-29.972
103.414,goal,-41.399,-216.704,-29.972
103.448,goal,-41.347,-216.812,-29.972
103.480,goal,-41.305,-216.899,-29.972
103.514,goal,-41.263,-216.985,-29.972
103.548,goal,-41.221,-217.072,-29.972
103.580,goal,-41.179,-217.158,-29.972
103.614,goal,-41.136,-217.245,-29.972
103.648,goal,-41.084,-217.353,-29.972
103.680,goal,-41.042,-217.440,-29.972
103.714,goal,-41.000,-217.526,-29.972
103.748,goal,-40.957,-217.613,-29.972
103.780,goal,-40.915,-217.699,-29.972
103.814,goal,-40.873,-217.786,-29.973
103.848,goal,-40.820,-217.894,-29.973
103.880,goal,-40.778,-217.980,-29.973
103.914,goal,-40.735,-218.067,-29.974
103.948,goal,-40.693,-218.153,-29.974
103.980,goal,-40.651,-218.239,-29.974
104.014,goal,-40.608,-218.325,-29.975
104.048,goal,-40.556,-218.433,-29.976
104.080,goal,-40.514,-218.519,-29.977
104.114,goal,-40.472,-218.605,-29.977
104.148,goal,-40.430,-218.691,-29.978
104.180,goal,-40.388,-218.777,-29.979
104.214,goal,-40.346,-218.863,-29.980
104.248,goal,-40.293,-218.971,-29.981
104.280,goal,-40.251,-219.058,-29.982
104.314,goal,-40.209,-219.144,-29.983
104.348,goal,-40.167,-219.231,-29.984
104.380,goal,-40.125,-219.317,-29.985
104.414,goal,-40.083,-219.404,-29.986
104.448,goal,-40.031,-219.513,-29.987
104.480,goal,-39.989,-219.600,-29.988
104.514,goal,-39.947,-219.687,-29.989
104.548,goal,-39.905,-219.774,-29.990
104.580,goal,-39.863,-219.861,-29.991
104.614,goal,-39.821,-219.948,-29.992
104.648,goal,-39.768,-220.057,-29.993
104.680,goal,-39.726,-220.145,-29.994
104.714,goal,-39.685,-220.232,-29.994
104.748,goal,-39.643,-220.319,-29.995
104.780,goal,-39.602,-220.407,-29.995
104.814,goal,-39.560,-220.494,-29.995
104.848,goal,-39.508,-220.603,-29.996
104.880,goal,-39.467,-220.690,-29.996
104.914,goal,-39.426,-220.778,-29.996
104.948,goal,-39.385,-220.865,-29.997
104.980,goal,-39.344,-220.952,-29.997
105.014,goal,-39.303,-221.039,-29.997
105.048,goal,-39.251,-221.148,-29.998
105.080,goal,-39.210,-221.235,-29.998
105.114,goal,-39.169,-221.322,-29.998
105.148,goal,-39.128,-221.409,-29.999
105.180,goal,-39.087,-221.496,-29.999
105.214,goal,-39.047,-221.583,-29.999
105.248,goal,-38.995,-221.692,-29.999
105.280,goal,-38.954,-221.779,-29.998
105.314,goal,-38.914,-221.866,-29.998
105.348,goal,-38.873,-221.953,-29.998
105.380,goal,-38.831,-222.040,-29.997
105.414,goal,-38.790,-222.127,-29.997
105.449,goal,-38.739,-222.236,-29.997
105.481,goal,-38.698,-222.323,-29.996
105.515,goal,-38.657,-222.410,-29.996
105.549,goal,-38.616,-222.497,-29.996
105.581,goal,-38.576,-222.584,-29.995
105.615,goal,-38.535,-222.671,-29.995
105.649,goal,-38.483,-222.780,-29.995
105.681,goal,-38.442,-222.867,-29.995
105.715,goal,-38.401,-222.954,-29.995
105.749,goal,-38.360,-223.041,-29.994
105.781,goal,-38.319,-223.128,-29.994
105.815,goal,-38.278,-223.215,-29.994
105.850,goal,-38.227,-223.324,-29.994
105.882,goal,-38.186,-223.411,-29.993
105.916,goal,-38.145,-223.498,-29.993
105.950,goal,-38.104,-223.585,-29.993
105.982,goal,-38.064,-223.672,-29.993
106.016,goal,-38.023,-223.758,-29.993
106.050,goal,-37.972,-223.867,-29.993
106.082,goal,-37.931,-223.954,-29.992
106.116,goal,-37.890,-224.040,-29.992
106.150,goal,-37.849,-224.127,-29.992
106.182,goal,-37.809,-224.214,-29.992
106.216,goal,-37.768,-224.301,-29.992
106.250,goal,-37.717,-224.409,-29.991
106.282,goal,-37.676,-224.496,-29.991
106.316,goal,-37.636,-224.583,-29.991
106.350,goal,-37.595,-224.670,-29.990
106.382,goal,-37.554,-224.757,-29.990
106.416,goal,-37.514,-224.843,-29.989
106.450,goal,-37.463,-224.952,-29.989
106.482,goal,-37.423,-225.039,-29.988
106.516,goal,-37.383,-225.126,-29.987
106.550,goal,-37.343,-225.212,-29.987
106.582,goal,-37.302,-225.299,-29.987
106.616,goal,-37.262,-225.386,-29.986
106.650,goal,-37.212,-225.494,-29.986
106.685,goal,-37.172,-225.581,-29.986
106.719,goal,-37.132,-225.668,-29.986
106.753,goal,-37.092,-225.755,-29.986
106.785,goal,-37.051,-225.841,-29.986
106.818,goal,-37.011,-225.928,-29.987
106.853,goal,-36.961,-226.036,-29.987
106.885,goal,-36.920,-226.123,-29.987
106.919,goal,-36.879,-226.209,-29.988
106.953,goal,-36.839,-226.296,-29.988
106.985,goal,-36.798,-226.382,-29.989
107.019,goal,-36.757,-226.469,-29.989
107.053,goal,-36.706,-226.577,-29.990
107.085,goal,-36.665,-226.663,-29.991
107.118,goal,-36.624,-226.750,-29.991
107.153,goal,-36.583,-226.836,-29.992
107.185,goal,-36.542,-226.923,-29.992
107.219,goal,-36.500,-227.009,-29.992
107.253,goal,-36.449,-227.118,-29.993
107.285,goal,-36.408,-227.204,-29.993
107.319,goal,-36.366,-227.291,-29.993
107.353,goal,-36.325,-227.377,-29.993
107.385,goal,-36.284,-227.464,-29.993
107.419,goal,-36.242,-227.551,-29.993
107.453,goal,-36.191,-227.659,-29.993
107.485,goal,-36.150,-227.745,-29.993
107.519,goal,-36.109,-227.832,-29.993
107.553,goal,-36.067,-227.918,-29.993
107.585,goal,-36.026,-228.005,-29.993
107.619,goal,-35.985,-228.092,-29.993
107.653,goal,-35.934,-228.200,-29.992
107.685,goal,-35.893,-228.287,-29.992
107.719,goal,-35.852,-228.374,-29.992
107.753,goal,-35.812,-228.461,-29.992
107.785,goal,-35.771,-228.548,-29.992
107.819,goal,-35.731,-228.634,-29.992
107.853,goal,-35.680,-228.743,-29.991
107.885,goal,-35.640,-228.830,-29.991
107.919,goal,-35.599,-228.916,-29.991
107.953,goal,-35.559,-229.003,-29.991
107.985,goal,-35.518,-229.090,-29.992
108.019,goal,-35.478,-229.176,-29.992
108.053,goal,-35.428,-229.285,-29.992
108.085,goal,-35.387,-229.371,-29.992
108.119,goal,-35.347,-229.458,-29.992
108.167,goal,-35.307,-229.545,-29.992
108.199,goal,-35.266,-229.631,-29.992
108.233,goal,-35.226,-229.718,-29.992
108.267,goal,-35.175,-229.826,-29.992
108.299,goal,-35.135,-229.913,-29.992
108.333,goal,-35.095,-230.000,-29.992
108.367,goal,-35.055,-230.086,-29.992
108.399,goal,-35.014,-230.173,-29.992
108.433,goal,-34.974,-230.260,-29.993
108.467,goal,-34.924,-230.368,-29.993
108.499,goal,-34.883,-230.455,-29.993
108.533,goal,-34.843,-230.542,-29.993
108.567,goal,-34.803,-230.629,-29.993
108.599,goal,-34.762,-230.716,-29.993
108.633,goal,-34.722,-230.803,-29.993
108.669,goal,-34.671,-230.912,-29.992
108.700,goal,-34.630,-230.999,-29.992
108.734,goal,-34.589,-231.086,-29.992
108.768,goal,-34.548,-231.174,-29.992
108.800,goal,-34.507,-231.261,-29.992
108.834,goal,-34.466,-231.349,-29.992
108.868,goal,-34.414,-231.458,-29.991
108.915,goal,-34.372,-231.545,-29.991
108.957,goal,-34.331,-231.633,-29.991
108.994,goal,-34.289,-231.720,-29.990
109.028,goal,-34.248,-231.807,-29.990
109.060,goal,-34.206,-231.895,-29.989
109.095,goal,-34.164,-231.982,-29.989
109.128,goal,-34.112,-232.090,-29.988
109.160,goal,-34.070,-232.177,-29.988
109.194,goal,-34.028,-232.264,-29.987
109.228,goal,-33.987,-232.351,-29.986
109.260,goal,-33.945,-232.437,-29.986
109.295,goal,-33.893,-232.545,-29.985
109.328,goal,-33.851,-232.631,-29.984
109.360,goal,-33.809,-232.718,-29.983
109.394,goal,-33.768,-232.804,-29.983
109.428,goal,-33.726,-232.890,-29.982
109.461,goal,-33.685,-232.977,-29.982
109.495,goal,-33.633,-233.084,-29.981
109.528,goal,-33.592,-233.171,-29.981
109.560,goal,-33.551,-233.257,-29.980
109.595,goal,-33.509,-233.344,-29.980
109.629,goal,-33.468,-233.430,-29.980
109.660,goal,-33.427,-233.517,-29.980
109.695,goal,-33.376,-233.625,-29.980
109.728,goal,-33.335,-233.712,-29.980
109.761,goal,-33.294,-233.798,-29.980
109.795,goal,-33.254,-233.885,-29.979
109.828,goal,-33.214,-233.972,-29.979
109.860,goal,-33.173,-234.059,-29.979
109.894,goal,-33.123,-234.168,-29.979
109.928,goal,-33.082,-234.255,-29.979
109.961,goal,-33.042,-234.342,-29.978
109.995,goal,-33.002,-234.429,-29.978
110.028,goal,-32.962,-234.516,-29.978
110.061,goal,-32.922,-234.603,-29.978
110.095,goal,-32.871,-234.712,-29.978
110.129,goal,-32.831,-234.799,-29.978
110.161,goal,-32.791,-234.886,-29.978
110.196,goal,-32.750,-234.973,-29.977
110.229,goal,-32.710,-235.061,-29.977
110.262,goal,-32.669,-235.148,-29.977
110.295,goal,-32.619,-235.256,-29.976
110.330,goal,-32.578,-235.343,-29.976
110.361,goal,-32.537,-235.430,-29.975
110.395,goal,-32.496,-235.517,-29.975
110.430,goal,-32.455,-235.604,-29.975
110.461,goal,-32.413,-235.690,-29.975
110.495,goal,-32.362,-235.798,-29.975
110.529,goal,-32.321,-235.885,-29.975
110.562,goal,-32.280,-235.971,-29.975
110.595,goal,-32.238,-236.057,-29.975
110.629,goal,-32.197,-236.143,-29.975
110.661,goal,-32.156,-236.230,-29.974
110.695,goal,-32.105,-236.337,-29.975
110.729,goal,-32.064,-236.423,-29.975
110.761,goal,-32.023,-236.509,-29.975
110.795,goal,-31.982,-236.595,-29.974
110.830,goal,-31.942,-236.681,-29.974
110.862,goal,-31.901,-236.767,-29.974
110.896,goal,-31.850,-236.875,-29.974
110.930,goal,-31.809,-236.961,-29.975
110.962,goal,-31.769,-237.047,-29.975
110.995,goal,-31.728,-237.133,-29.975
111.030,goal,-31.687,-237.219,-29.975
111.061,goal,-31.647,-237.305,-29.975
111.095,goal,-31.596,-237.413,-29.976
111.130,goal,-31.555,-237.500,-29.976
111.162,goal,-31.514,-237.586,-29.976
111.196,goal,-31.474,-237.673,-29.977
111.230,goal,-31.433,-237.760,-29.977
111.262,goal,-31.392,-237.847,-29.977
111.296,goal,-31.341,-237.955,-29.978
111.330,approach,-31.301,-238.042,-29.978
111.362,approach,-31.260,-238.129,-29.978
111.396,approach,-31.219,-238.216,-29.977
111.430,approach,-31.179,-238.302,-29.971
111.462,approach,-31.138,-238.389,-29.958
111.495,approach,-31.088,-238.497,-29.933
111.530,approach,-31.048,-238.582,-29.905
111.562,approach,-31.008,-238.668,-29.872
111.595,approach,-30.969,-238.753,-29.833
111.630,approach,-30.930,-238.838,-29.791
111.662,approach,-30.891,-238.922,-29.745
111.696,approach,-30.843,-239.027,-29.684
111.729,approach,-30.805,-239.109,-29.634
111.761,approach,-30.767,-239.190,-29.581
111.795,approach,-30.730,-239.270,-29.528
111.830,approach,-30.693,-239.349,-29.474
111.862,approach,-30.658,-239.426,-29.419
111.896,approach,-30.614,-239.520,-29.350
111.930,approach,-30.579,-239.594,-29.295
111.962,approach,-30.545,-239.666,-29.240
111.996,approach,-30.513,-239.736,-29.185
112.029,approach,-30.481,-239.804,-29.130
112.062,approach,-30.449,-239.871,-29.075
112.096,approach,-30.412,-239.950,-29.006
112.130,approach,-30.383,-240.012,-28.951
112.162,approach,-30.355,-240.071,-28.897
112.196,approach,-30.329,-240.128,-28.843
112.230,approach,-30.303,-240.183,-28.788
112.262,approach,-30.279,-240.236,-28.734
112.295,approach,-30.249,-240.298,-28.667
112.330,approach,-30.228,-240.346,-28.614
112.362,approach,-30.207,-240.391,-28.561
112.396,approach,-30.187,-240.434,-28.507
112.430,approach,-30.169,-240.474,-28.455
112.462,approach,-30.151,-240.512,-28.402
112.496,approach,-30.131,-240.557,-28.336
112.530,approach,-30.116,-240.590,-28.284
112.562,approach,-30.101,-240.622,-28.231
112.595,approach,-30.088,-240.651,-28.179
112.630,approach,-30.076,-240.678,-28.127
112.662,approach,-30.064,-240.704,-28.075
112.695,approach,-30.051,-240.733,-28.011
112.730,approach,-30.041,-240.754,-27.959
112.762,approach,-30.032,-240.774,-27.908
112.795,approach,-30.024,-240.792,-27.856
112.830,approach,-30.016,-240.809,-27.805
112.862,approach,-30.010,-240.824,-27.754
112.895,approach,-30.002,-240.840,-27.690
112.931,approach,-29.997,-240.852,-27.639
112.963,approach,-29.992,-240.862,-27.588
112.997,approach,-29.989,-240.871,-27.537
113.031,approach,-29.985,-240.878,-27.487
113.063,approach,-29.983,-240.885,-27.436
113.097,approach,-29.980,-240.891,-27.373
113.131,approach,-29.978,-240.895,-27.322
113.163,approach,-29.977,-240.898,-27.272
113.197,approach,-29.976,-240.900,-27.222
113.231,approach,-29.976,-240.901,-27.172
113.263,approach,-29.976,-240.901,-27.122
113.297,approach,-29.976,-240.900,-27.060
113.331,approach,-29.977,-240.899,-27.010
113.363,approach,-29.978,-240.896,-26.960
113.397,approach,-29.979,-240.894,-26.911
113.431,approach,-29.980,-240.890,-26.861
113.463,approach,-29.981,-240.887,-26.812
113.497,approach,-29.984,-240.881,-26.750
113.531,approach,-29.985,-240.877,-26.701
113.563,approach,-29.987,-240.872,-26.652
113.597,approach,-29.990,-240.866,-26.602
113.631,approach,-29.992,-240.861,-26.553
113.663,approach,-29.994,-240.855,-26.504
113.697,approach,-29.998,-240.847,-26.443
113.731,approach,-30.000,-240.841,-26.394
113.763,approach,-30.003,-240.835,-26.345
113.797,approach,-30.006,-240.829,-26.296
113.831,approach,-30.008,-240.822,-26.247
113.863,approach,-30.011,-240.816,-26.198
113.897,approach,-30.014,-240.809,-26.137
113.931,approach,-30.017,-240.803,-26.088
113.963,approach,-30.020,-240.797,-26.039
113.997,approach,-30.023,-240.791,-25.990
114.031,approach,-30.026,-240.785,-25.941
114.063,approach,-30.029,-240.780,-25.892
114.097,approach,-30.032,-240.773,-25.831
114.131,approach,-30.035,-240.768,-25.782
114.163,approach,-30.038,-240.763,-25.733
114.197,approach,-30.041,-240.758,-25.684
114.231,approach,-30.044,-240.753,-25.635
114.263,approach,-30.046,-240.748,-25.586
114.297,approach,-30.050,-240.743,-25.525
114.331,approach,-30.053,-240.738,-25.477
114.363,approach,-30.056,-240.734,-25.428
114.397,approach,-30.058,-240.731,-25.379
114.431,approach,-30.061,-240.727,-25.331
114.463,approach,-30.064,-240.723,-25.282
114.497,approach,-30.067,-240.719,-25.221
114.531,approach,-30.069,-240.716,-25.173
114.563,approach,-30.072,-240.713,-25.124
114.597,approach,-30.074,-240.710,-25.076
114.631,approach,-30.077,-240.707,-25.027
114.663,approach,-30.079,-240.704,-24.978
114.697,approach,-30.081,-240.700,-24.917
114.731,approach,-30.083,-240.697,-24.869
114.763,approach,-30.085,-240.695,-24.820
114.797,approach,-30.087,-240.692,-24.771
114.831,approach,-30.089,-240.689,-24.723
114.863,approach,-30.091,-240.687,-24.674
114.897,approach,-30.093,-240.684,-24.614
114.931,approach,-30.094,-240.682,-24.565
114.963,approach,-30.095,-240.680,-24.516
114.997,approach,-30.096,-240.678,-24.468
115.031,approach,-30.097,-240.676,-24.419
115.063,approach,-30.099,-240.674,-24.370
115.097,approach,-30.100,-240.671,-24.310
115.131,approach,-30.101,-240.669,-24.261
115.163,approach,-30.102,-240.667,-24.213
115.197,approach,-30.103,-240.665,-24.164
115.231,approach,-30.104,-240.663,-24.116
115.263,approach,-30.105,-240.661,-24.067
115.297,approach,-30.106,-240.659,-24.007
115.331,approach,-30.106,-240.657,-23.959
115.363,approach,-30.107,-240.656,-23.911
115.398,approach,-30.108,-240.655,-23.862
115.432,approach,-30.108,-240.653,-23.814
115.464,approach,-30.109,-240.652,-23.766
115.498,approach,-30.110,-240.650,-23.707
115.533,approach,-30.110,-240.649,-23.659
115.564,approach,-30.111,-240.648,-23.611
115.598,approach,-30.111,-240.647,-23.563
115.632,approach,-30.111,-240.645,-23.515
115.664,approach,-30.111,-240.644,-23.468
115.698,approach,-30.112,-240.642,-23.408
115.732,approach,-30.112,-240.641,-23.360
115.764,approach,-30.112,-240.640,-23.313
115.798,approach,-30.112,-240.639,-23.265
115.832,approach,-30.112,-240.637,-23.217
115.864,approach,-30.112,-240.636,-23.170
115.898,approach,-30.112,-240.635,-23.110
115.932,approach,-30.112,-240.634,-23.063
115.964,approach,-30.112,-240.633,-23.015
115.998,approach,-30.112,-240.632,-22.967
116.032,approach,-30.112,-240.631,-22.919
116.064,approach,-30.113,-240.630,-22.871
116.098,approach,-30.113,-240.629,-22.811
116.132,approach,-30.113,-240.628,-22.763
116.164,approach,-30.113,-240.627,-22.715
116.198,approach,-30.113,-240.625,-22.667
116.232,approach,-30.114,-240.624,-22.619
116.264,approach,-30.114,-240.623,-22.571
116.298,approach,-30.114,-240.621,-22.511
116.332,approach,-30.115,-240.620,-22.463
116.364,approach,-30.115,-240.619,-22.415
116.398,approach,-30.116,-240.617,-22.367
116.432,approach,-30.116,-240.616,-22.319
116.464,approach,-30.116,-240.615,-22.271
116.498,approach,-30.116,-240.613,-22.212
116.532,approach,-30.117,-240.611,-22.164
116.564,approach,-30.117,-240.610,-22.116
116.598,approach,-30.117,-240.608,-22.067
116.632,approach,-30.117,-240.607,-22.019
116.664,approach,-30.118,-240.606,-21.971
116.698,approach,-30.118,-240.604,-21.911
116.732,approach,-30.118,-240.603,-21.863
116.764,approach,-30.118,-240.602,-21.815
116.798,approach,-30.118,-240.601,-21.767
116.832,approach,-30.118,-240.600,-21.719
116.864,approach,-30.118,-240.599,-21.671
116.898,approach,-30.117,-240.598,-21.611
116.932,approach,-30.117,-240.597,-21.563
116.964,approach,-30.116,-240.597,-21.515
116.998,approach,-30.115,-240.596,-21.466
117.032,approach,-30.115,-240.596,-21.418
117.064,approach,-30.114,-240.595,-21.370
117.098,approach,-30.113,-240.594,-21.310
117.132,approach,-30.112,-240.594,-21.262
117.164,approach,-30.112,-240.594,-21.214
117.198,approach,-30.111,-240.594,-21.166
117.232,approach,-30.111,-240.593,-21.117
117.264,approach,-30.110,-240.593,-21.069
117.298,approach,-30.109,-240.593,-21.009
117.332,approach,-30.109,-240.592,-20.960
117.364,approach,-30.109,-240.592,-20.912
117.398,approach,-30.108,-240.592,-20.863
117.432,approach,-30.108,-240.591,-20.815
117.464,approach,-30.108,-240.591,-20.767
117.498,approach,-30.108,-240.590,-20.706
117.532,approach,-30.108,-240.589,-20.658
117.564,approach,-30.108,-240.589,-20.610
117.598,approach,-30.108,-240.588,-20.562
117.632,approach,-30.108,-240.587,-20.514
117.664,approach,-30.108,-240.587,-20.465
117.698,approach,-30.109,-240.586,-20.405
117.732,approach,-30.109,-240.585,-20.357
117.764,approach,-30.109,-240.584,-20.308
117.798,approach,-30.109,-240.583,-20.260
117.832,approach,-30.109,-240.582,-20.212
117.864,approach,-30.109,-240.581,-20.163
117.898,approach,-30.109,-240.580,-20.103
117.932,approach,-30.109,-240.579,-20.055
117.964,approach,-30.109,-240.577,-20.007
117.998,approach,-30.109,-240.576,-19.959
118.032,approach,-30.109,-240.575,-19.911
118.064,approach,-30.109,-240.574,-19.863
118.098,approach,-30.109,-240.573,-19.803
118.132,approach,-30.109,-240.572,-19.755
118.164,approach,-30.109,-240.571,-19.708
118.198,approach,-30.109,-240.571,-19.660
118.232,approach,-30.109,-240.570,-19.612
118.264,approach,-30.109,-240.570,-19.564
118.298,approach,-30.110,-240.569,-19.505
118.332,approach,-30.110,-240.569,-19.457
118.364,approach,-30.110,-240.569,-19.409
118.398,approach,-30.110,-240.570,-19.361
118.432,approach,-30.111,-240.570,-19.314
118.464,approach,-30.111,-240.571,-19.266
118.498,approach,-30.111,-240.571,-19.207
118.532,approach,-30.111,-240.572,-19.159
118.564,approach,-30.112,-240.573,-19.111
118.598,approach,-30.112,-240.574,-19.064
118.632,approach,-30.112,-240.575,-19.016
118.664,approach,-30.112,-240.576,-18.969
118.698,approach,-30.112,-240.578,-18.909
118.732,approach,-30.112,-240.579,-18.861
118.764,approach,-30.112,-240.580,-18.813
118.798,approach,-30.111,-240.581,-18.766
118.832,approach,-30.111,-240.582,-18.718
118.864,approach,-30.111,-240.584,-18.670
118.898,approach,-30.111,-240.585,-18.610
118.932,approach,-30.111,-240.586,-18.562
118.964,approach,-30.111,-240.588,-18.513
118.998,approach,-30.111,-240.589,-18.465
119.032,approach,-30.111,-240.590,-18.417
119.064,approach,-30.111,-240.591,-18.369
119.099,approach,-30.111,-240.593,-18.309
119.133,approach,-30.111,-240.594,-18.260
119.165,approach,-30.111,-240.595,-18.212
119.199,approach,-30.111,-240.596,-18.164
119.233,approach,-30.112,-240.597,-18.116
119.265,approach,-30.112,-240.598,-18.068
119.299,approach,-30.112,-240.599,-18.008
119.333,approach,-30.112,-240.600,-17.960
119.365,approach,-30.112,-240.601,-17.912
119.399,approach,-30.112,-240.601,-17.864
119.433,approach,-30.113,-240.602,-17.816
119.465,approach,-30.113,-240.603,-17.768
119.499,approach,-30.114,-240.603,-17.708
119.533,approach,-30.114,-240.604,-17.660
119.565,approach,-30.115,-240.604,-17.612
119.599,approach,-30.115,-240.604,-17.564
119.633,approach,-30.116,-240.605,-17.516
119.665,approach,-30.117,-240.605,-17.468
119.699,approach,-30.118,-240.605,-17.408
119.733,approach,-30.118,-240.604,-17.360
119.765,approach,-30.119,-240.604,-17.312
119.799,approach,-30.120,-240.604,-17.264
119.833,approach,-30.121,-240.604,-17.216
119.865,approach,-30.122,-240.603,-17.168
119.899,approach,-30.123,-240.603,-17.107
119.933,approach,-30.124,-240.602,-17.059
119.965,approach,-30.124,-240.602,-17.010
119.999,approach,-30.125,-240.601,-16.961
120.033,approach,-30.126,-240.601,-16.913
120.065,approach,-30.126,-240.600,-16.864
120.099,approach,-30.126,-240.600,-16.803
120.133,approach,-30.127,-240.599,-16.755
120.165,approach,-30.127,-240.599,-16.707
120.199,approach,-30.127,-240.598,-16.658
120.233,approach,-30.127,-240.598,-16.610
120.265,approach,-30.127,-240.598,-16.561
120.299,approach,-30.128,-240.598,-16.501
120.333,approach,-30.128,-240.598,-16.453
120.365,approach,-30.128,-240.598,-16.404
120.399,approach,-30.128,-240.598,-16.356
120.433,approach,-30.129,-240.598,-16.307
120.465,approach,-30.129,-240.598,-16.259
120.499,approach,-30.129,-240.599,-16.199
120.533,approach,-30.129,-240.599,-16.151
120.565,approach,-30.129,-240.600,-16.102
120.599,approach,-30.129,-240.600,-16.054
120.633,approach,-30.128,-240.601,-16.006
120.665,approach,-30.128,-240.602,-15.958
120.699,approach,-30.128,-240.603,-15.898
120.733,approach,-30.127,-240.604,-15.850
120.765,approach,-30.127,-240.605,-15.801
120.799,approach,-30.126,-240.606,-15.753
120.833,approach,-30.126,-240.608,-15.705
120.865,approach,-30.125,-240.609,-15.657
120.899,approach,-30.124,-240.610,-15.597
120.933,approach,-30.123,-240.612,-15.549
120.965,approach,-30.122,-240.613,-15.501
120.999,approach,-30.121,-240.614,-15.453
121.033,approach,-30.120,-240.616,-15.405
121.065,approach,-30.119,-240.617,-15.356
121.099,approach,-30.117,-240.619,-15.296
121.133,approach,-30.115,-240.620,-15.247
121.165,approach,-30.114,-240.621,-15.199
121.199,approach,-30.112,-240.622,-15.150
121.233,approach,-30.110,-240.623,-15.101
121.265,approach,-30.109,-240.624,-15.052
121.299,approach,-30.106,-240.625,-14.991
121.333,approach,-30.105,-240.626,-14.943
121.366,approach,-30.103,-240.627,-14.894
121.400,approach,-30.102,-240.628,-14.845
121.434,approach,-30.100,-240.628,-14.796
121.466,approach,-30.099,-240.629,-14.748
121.500,approach,-30.097,-240.630,-14.687
121.534,approach,-30.096,-240.630,-14.638
121.566,approach,-30.094,-240.631,-14.590
121.600,approach,-30.093,-240.631,-14.541
121.634,approach,-30.092,-240.632,-14.493
121.666,approach,-30.091,-240.632,-14.444
121.700,approach,-30.090,-240.632,-14.384
121.734,approach,-30.088,-240.633,-14.336
121.766,approach,-30.087,-240.633,-14.288
121.800,approach,-30.087,-240.633,-14.240
121.834,approach,-30.086,-240.633,-14.191
121.866,approach,-30.085,-240.633,-14.143
121.900,approach,-30.084,-240.633,-14.083
121.934,approach,-30.083,-240.633,-14.035
121.966,approach,-30.083,-240.632,-13.987
122.000,approach,-30.082,-240.632,-13.939
122.034,approach,-30.082,-240.632,-13.891
122.066,approach,-30.082,-240.632,-13.843
122.100,approach,-30.081,-240.632,-13.783
122.134,approach,-30.081,-240.632,-13.735
122.166,approach,-30.081,-240.632,-13.687
122.200,approach,-30.080,-240.632,-13.639
122.234,approach,-30.080,-240.632,-13.591
122.266,approach,-30.080,-240.632,-13.543
122.300,approach,-30.080,-240.631,-13.483
122.334,approach,-30.080,-240.631,-13.435
122.366,approach,-30.080,-240.631,-13.387
122.400,approach,-30.080,-240.630,-13.339
122.434,approach,-30.080,-240.630,-13.292
122.466,approach,-30.080,-240.630,-13.244
122.500,approach,-30.080,-240.630,-13.183
122.534,approach,-30.080,-240.629,-13.135
122.566,approach,-30.080,-240.629,-13.087
122.600,approach,-30.080,-240.629,-13.039
122.634,approach,-30.080,-240.629,-12.991
122.666,approach,-30.079,-240.630,-12.943
122.700,approach,-30.079,-240.630,-12.882
122.734,approach,-30.079,-240.630,-12.834
122.766,approach,-30.079,-240.630,-12.785
122.800,approach,-30.079,-240.631,-12.737
122.834,approach,-30.079,-240.631,-12.688
122.866,approach,-30.079,-240.631,-12.639
122.900,approach,-30.080,-240.632,-12.578
122.934,approach,-30.080,-240.632,-12.529
122.966,approach,-30.080,-240.633,-12.480
123.000,approach,-30.081,-240.633,-12.431
123.034,approach,-30.081,-240.633,-12.382
123.066,approach,-30.082,-240.634,-12.333
123.100,approach,-30.083,-240.634,-12.272
123.134,approach,-30.083,-240.635,-12.223
123.166,approach,-30.084,-240.635,-12.175
123.200,approach,-30.085,-240.635,-12.126
123.234,approach,-30.086,-240.636,-12.077
123.266,approach,-30.087,-240.636,-12.029
123.300,approach,-30.088,-240.637,-11.968
123.334,approach,-30.089,-240.637,-11.920
123.366,approach,-30.090,-240.638,-11.872
123.400,approach,-30.092,-240.638,-11.823
123.434,approach,-30.093,-240.639,-11.775
123.466,approach,-30.094,-240.639,-11.727
123.500,approach,-30.096,-240.640,-11.667
123.534,approach,-30.097,-240.641,-11.619
123.566,approach,-30.099,-240.642,-11.572
123.600,approach,-30.100,-240.643,-11.524
123.634,approach,-30.101,-240.644,-11.476
123.666,approach,-30.102,-240.645,-11.428
123.700,approach,-30.103,-240.646,-11.368
123.734,approach,-30.105,-240.646,-11.320
123.766,approach,-30.106,-240.647,-11.272
123.801,approach,-30.107,-240.648,-11.224
123.835,approach,-30.108,-240.648,-11.176
123.867,approach,-30.109,-240.649,-11.128
123.901,approach,-30.110,-240.649,-11.067
123.935,approach,-30.111,-240.650,-11.019
123.967,approach,-30.112,-240.650,-10.971
124.001,approach,-30.112,-240.650,-10.922
124.035,approach,-30.113,-240.650,-10.874
124.067,approach,-30.114,-240.650,-10.826
124.101,approach,-30.115,-240.651,-10.766
124.135,approach,-30.115,-240.651,-10.718
124.167,approach,-30.115,-240.651,-10.670
124.201,approach,-30.116,-240.650,-10.622
124.235,approach,-30.116,-240.650,-10.574
124.267,approach,-30.116,-240.650,-10.526
124.301,approach,-30.115,-240.650,-10.467
124.335,approach,-30.115,-240.650,-10.419
124.367,approach,-30.115,-240.650,-10.372
124.401,approach,-30.114,-240.650,-10.324
124.435,approach,-30.114,-240.650,-10.277
124.467,approach,-30.113,-240.650,-10.230
124.501,approach,-30.112,-240.649,-10.170
124.535,approach,-30.111,-240.649,-10.123
124.567,approach,-30.110,-240.649,-10.076
124.601,approach,-30.110,-240.649,-10.028
124.635,approach,-30.109,-240.648,-9.981
124.667,approach,-30.108,-240.648,-9.933
124.701,approach,-30.108,-240.648,-9.873
124.735,approach,-30.107,-240.647,-9.826
124.767,approach,-30.107,-240.647,-9.778
124.801,approach,-30.106,-240.646,-9.730
124.835,approach,-30.106,-240.646,-9.682
124.867,approach,-30.105,-240.646,-9.634
124.901,approach,-30.105,-240.645,-9.574
124.935,approach,-30.105,-240.645,-9.526
124.967,approach,-30.105,-240.645,-9.478
125.001,approach,-30.105,-240.645,-9.430
125.035,approach,-30.104,-240.645,-9.382
125.067,approach,-30.104,-240.644,-9.335
125.101,approach,-30.104,-240.644,-9.275
125.135,approach,-30.104,-240.644,-9.227
125.168,approach,-30.104,-240.644,-9.179
125.202,approach,-30.104,-240.644,-9.132
125.236,approach,-30.103,-240.644,-9.084
125.268,approach,-30.103,-240.644,-9.036
125.302,approach,-30.103,-240.645,-8.976
125.336,approach,-30.103,-240.645,-8.929
125.368,approach,-30.103,-240.645,-8.881
125.402,approach,-30.103,-240.646,-8.833
125.436,approach,-30.103,-240.646,-8.785
125.468,approach,-30.102,-240.647,-8.737
125.502,approach,-30.102,-240.647,-8.678
125.536,approach,-30.101,-240.648,-8.630
125.568,approach,-30.101,-240.648,-8.582
125.602,approach,-30.100,-240.649,-8.534
125.636,approach,-30.099,-240.650,-8.486
125.668,approach,-30.098,-240.650,-8.438
125.702,approach,-30.096,-240.651,-8.378
125.736,approach,-30.095,-240.652,-8.330
125.768,approach,-30.094,-240.653,-8.281
125.802,approach,-30.093,-240.653,-8.233
125.836,approach,-30.092,-240.654,-8.185
125.868,approach,-30.091,-240.655,-8.137
125.902,approach,-30.090,-240.656,-8.077
125.936,approach,-30.089,-240.657,-8.029
125.968,approach,-30.088,-240.658,-7.981
126.002,approach,-30.087,-240.659,-7.933
126.036,approach,-30.086,-240.660,-7.885
126.068,approach,-30.086,-240.661,-7.837
126.102,approach,-30.085,-240.662,-7.777
126.137,approach,-30.085,-240.663,-7.729
126.168,approach,-30.085,-240.664,-7.680
126.202,approach,-30.084,-240.665,-7.632
126.236,approach,-30.084,-240.666,-7.584
126.268,approach,-30.084,-240.668,-7.535
126.302,approach,-30.085,-240.669,-7.474
126.336,approach,-30.085,-240.670,-7.426
126.368,approach,-30.085,-240.672,-7.377
126.402,approach,-30.085,-240.673,-7.329
126.436,approach,-30.085,-240.674,-7.280
126.468,approach,-30.085,-240.675,-7.231
126.502,approach,-30.085,-240.676,-7.170
126.536,approach,-30.085,-240.677,-7.122
126.568,approach,-30.085,-240.678,-7.073
126.602,approach,-30.085,-240.679,-7.024
126.636,approach,-30.085,-240.680,-6.975
126.668,approach,-30.086,-240.681,-6.927
126.702,approach,-30.086,-240.682,-6.866
126.736,approach,-30.086,-240.683,-6.817
126.768,approach,-30.087,-240.684,-6.769
126.802,approach,-30.087,-240.685,-6.720
126.836,approach,-30.087,-240.686,-6.672
126.868,approach,-30.088,-240.687,-6.623
126.902,approach,-30.088,-240.689,-6.562
126.936,approach,-30.089,-240.690,-6.514
126.968,approach,-30.089,-240.691,-6.465
127.002,approach,-30.090,-240.692,-6.416
127.036,approach,-30.090,-240.694,-6.368
127.068,approach,-30.091,-240.695,-6.319
127.102,approach,-30.091,-240.696,-6.259
127.136,approach,-30.091,-240.697,-6.210
127.168,approach,-30.092,-240.698,-6.162
127.202,approach,-30.092,-240.698,-6.114
127.236,approach,-30.092,-240.699,-6.066
127.268,approach,-30.093,-240.699,-6.017
127.302,approach,-30.093,-240.700,-5.957
127.336,approach,-30.094,-240.700,-5.909
127.369,approach,-30.094,-240.700,-5.860
127.403,approach,-30.095,-240.700,-5.812
127.437,approach,-30.095,-240.700,-5.764
127.469,approach,-30.096,-240.700,-5.716
127.503,approach,-30.097,-240.700,-5.655
127.537,approach,-30.097,-240.700,-5.607
127.569,approach,-30.098,-240.700,-5.559
127.604,approach,-30.099,-240.700,-5.511
127.638,approach,-30.099,-240.700,-5.463
127.670,approach,-30.100,-240.699,-5.415
127.704,approach,-30.101,-240.699,-5.355
127.738,approach,-30.101,-240.699,-5.307
127.772,approach,-30.102,-240.699,-5.259
127.806,approach,-30.102,-240.699,-5.212
127.840,approach,-30.103,-240.699,-5.164
127.872,approach,-30.103,-240.699,-5.116
127.906,approach,-30.104,-240.699,-5.056
127.940,approach,-30.105,-240.699,-5.008
127.972,approach,-30.105,-240.699,-4.960
128.006,approach,-30.106,-240.699,-4.912
128.040,approach,-30.106,-240.698,-4.865
128.072,approach,-30.107,-240.698,-4.817
128.107,approach,-30.107,-240.698,-4.757
128.141,approach,-30.108,-240.698,-4.710
128.173,approach,-30.108,-240.698,-4.662
128.207,approach,-30.108,-240.698,-4.615
128.241,approach,-30.109,-240.698,-4.568
128.273,approach,-30.109,-240.698,-4.520
128.307,approach,-30.110,-240.697,-4.461
128.341,approach,-30.110,-240.697,-4.414
128.374,approach,-30.110,-240.698,-4.366
128.408,approach,-30.111,-240.697,-4.319
128.442,approach,-30.111,-240.697,-4.271
128.474,approach,-30.111,-240.697,-4.224
128.508,approach,-30.111,-240.697,-4.164
128.542,approach,-30.111,-240.697,-4.116
128.574,approach,-30.111,-240.696,-4.068
128.608,approach,-30.111,-240.696,-4.020
128.642,approach,-30.111,-240.695,-3.972
128.674,approach,-30.111,-240.695,-3.924
128.708,approach,-30.110,-240.695,-3.864
128.742,approach,-30.110,-240.694,-3.815
128.774,approach,-30.109,-240.694,-3.767
128.808,approach,-30.109,-240.694,-3.718
128.842,approach,-30.108,-240.693,-3.670
128.874,approach,-30.108,-240.693,-3.621
128.908,approach,-30.107,-240.693,-3.560
128.942,approach,-30.106,-240.692,-3.512
128.974,approach,-30.106,-240.692,-3.463
129.008,approach,-30.105,-240.692,-3.414
129.042,approach,-30.105,-240.691,-3.365
129.074,approach,-30.104,-240.691,-3.317
129.108,approach,-30.103,-240.691,-3.256
129.142,approach,-30.103,-240.691,-3.207
129.174,approach,-30.102,-240.690,-3.159
129.208,approach,-30.102,-240.690,-3.110
129.242,approach,-30.101,-240.690,-3.062
129.274,approach,-30.100,-240.689,-3.014
129.308,approach,-30.100,-240.689,-2.953
129.342,approach,-30.099,-240.688,-2.904
129.374,approach,-30.098,-240.688,-2.856
129.408,approach,-30.098,-240.687,-2.807
129.442,approach,-30.098,-240.686,-2.759
129.474,approach,-30.097,-240.686,-2.710
129.508,approach,-30.097,-240.685,-2.650
129.542,approach,-30.096,-240.684,-2.601
129.574,approach,-30.096,-240.684,-2.553
129.608,approach,-30.095,-240.683,-2.505
129.642,approach,-30.094,-240.682,-2.456
129.674,approach,-30.094,-240.681,-2.408
129.708,approach,-30.093,-240.680,-2.348
129.742,approach,-30.093,-240.680,-2.300
129.774,approach,-30.093,-240.679,-2.252
129.808,approach,-30.092,-240.678,-2.204
129.842,approach,-30.092,-240.677,-2.156
129.874,approach,-30.092,-240.675,-2.108
129.908,approach,-30.092,-240.674,-2.048
129.942,approach,-30.091,-240.673,-2.001
129.974,approach,-30.091,-240.672,-1.954
130.008,approach,-30.091,-240.670,-1.909
130.042,approach,-30.091,-240.669,-1.864
130.074,approach,-30.091,-240.668,-1.821
130.108,approach,-30.091,-240.666,-1.769
130.142,approach,-30.091,-240.665,-1.730
130.174,approach,-30.091,-240.664,-1.691
130.208,approach,-30.090,-240.663,-1.654
