elapsed_sec,phase,north_m,east_m,down_m
0.0036394630000131656,takeoff,-0.03618454188108444,0.1078229770064354,0.07199621200561523
0.03606293999996524,takeoff,-0.0368247888982296,0.10547421127557755,0.07285141944885254
0.06962828200005333,takeoff,-0.037374597042798996,0.10332969576120377,0.07360172271728516
0.10462365900002624,takeoff,-0.037839338183403015,0.1013624295592308,0.0742332935333252
0.1372618830000647,takeoff,-0.038204144686460495,0.09952371567487717,0.07473897933959961
0.17542163600001004,takeoff,-0.03845870494842529,0.09782714396715164,0.07516622543334961
0.2093826000000263,takeoff,-0.03866281732916832,0.0959227904677391,0.07567691802978516
0.24257365500000105,takeoff,-0.03873009234666824,0.09452109038829803,0.07607603073120117
0.297032847999958,takeoff,-0.03872202709317207,0.09324494749307632,0.07652950286865234
0.33560309699998925,takeoff,-0.03865807503461838,0.0920262411236763,0.07701516151428223
0.369581763000042,takeoff,-0.03858404606580734,0.09077860414981842,0.07750344276428223
0.4016400909999902,takeoff,-0.0381748266518116,0.08952105790376663,0.07818984985351562
0.43942532000005485,takeoff,-0.03760874271392822,0.08821883052587509,0.07894134521484375
0.47350581900002453,takeoff,-0.03687549754977226,0.08656033128499985,0.07984066009521484
0.5054734799999778,takeoff,-0.03627666085958481,0.0852852314710617,0.08059358596801758
0.5395398949999617,takeoff,-0.03564527630805969,0.08404407650232315,0.08132433891296387
0.5735112190000109,takeoff,-0.034979306161403656,0.0827844962477684,0.08212542533874512
0.6054618660000415,takeoff,-0.03392621874809265,0.08167847245931625,0.08318948745727539
0.6394947259999526,takeoff,-0.03280673548579216,0.08057098835706711,0.08427309989929199
0.6774380839999594,takeoff,-0.03145347163081169,0.07909950613975525,0.08561873435974121
0.7094278170000052,takeoff,-0.030321655794978142,0.07792488485574722,0.08669424057006836
0.7434061310000288,takeoff,-0.02879384160041809,0.07685169577598572,0.0875544548034668
0.7774160049999637,takeoff,-0.027264531701803207,0.07574441283941269,0.08839821815490723
0.8094398179999871,takeoff,-0.025775108486413956,0.07456592470407486,0.08918309211730957
0.8434282199999643,takeoff,-0.024308593943715096,0.07338514924049377,0.08990192413330078
0.877425484000014,takeoff,-0.022577473893761635,0.07196607440710068,0.09074187278747559
0.9094436760000235,takeoff,-0.021245699375867844,0.07085492461919785,0.09138035774230957
0.9475381040000457,takeoff,-0.019937992095947266,0.06972350180149078,0.09196329116821289
0.98155335499996,takeoff,-0.018689755350351334,0.06854980438947678,0.09249258041381836
1.0135676500000272,takeoff,-0.017528660595417023,0.06734812259674072,0.09299445152282715
1.047513729000002,takeoff,-0.016403814777731895,0.06616655737161636,0.0935063362121582
1.0815601210000523,takeoff,-0.015096470713615417,0.06472429633140564,0.09402108192443848
1.1135808989999987,takeoff,-0.014340190216898918,0.06350810080766678,0.09426188468933105
1.1475323780000508,takeoff,-0.013564102351665497,0.06230921298265457,0.09451627731323242
1.184457363999968,takeoff,-0.01277303509414196,0.06117536872625351,0.09471797943115234
1.2163522189999867,takeoff,-0.011930243112146854,0.060111235827207565,0.09488892555236816
1.2502710730000217,takeoff,-0.011045108549296856,0.05909101292490959,0.09511470794677734
1.2844881480000367,takeoff,-0.009865479543805122,0.0579516775906086,0.09552240371704102
1.316286583999954,takeoff,-0.00861471239477396,0.05726241320371628,0.09612512588500977
1.350260124999977,takeoff,-0.007298700977116823,0.056670181453228,0.09677839279174805
1.3844606129999875,takeoff,-0.005994229111820459,0.056145358830690384,0.09738516807556152
1.4173337439999614,takeoff,-0.004752047825604677,0.055685754865407944,0.09789156913757324
1.4549990250000064,takeoff,-0.0035804323852062225,0.055295009166002274,0.09821891784667969
1.4888549250000551,takeoff,-0.0020961598493158817,0.05500301718711853,0.09850215911865234
1.521235066000031,takeoff,-0.0006817147950641811,0.054992832243442535,0.09856629371643066
1.5548251540000138,takeoff,0.0007806335925124586,0.05505657196044922,0.09859108924865723
1.5888422850000552,takeoff,0.0022800408769398928,0.05516667664051056,0.09866976737976074
1.6208628220000492,takeoff,0.003791017923504114,0.05529152601957321,0.09871125221252441
1.654841982999983,takeoff,0.005302390083670616,0.055421192198991776,0.09871459007263184
1.6929463500000566,takeoff,0.007126582320779562,0.0555056594312191,0.09871029853820801
1.7249426920000133,takeoff,0.008563290350139141,0.0555252879858017,0.09872984886169434
1.7589077249999718,takeoff,0.010135692544281483,0.055605918169021606,0.09888005256652832
1.792968471999984,takeoff,0.011586696840822697,0.055645182728767395,0.09903430938720703
1.8249408399999538,takeoff,0.012945474125444889,0.05560465529561043,0.09920454025268555
1.85999391200005,takeoff,0.014251637272536755,0.05550194904208183,0.09947061538696289
1.894064665999963,takeoff,0.015717335045337677,0.055182356387376785,0.09982943534851074
1.930220310999971,takeoff,0.01671414263546467,0.054809797555208206,0.1001431941986084
1.9642381160000468,takeoff,0.01756703294813633,0.05434497445821762,0.10051202774047852
1.9982190790000232,takeoff,0.018290044739842415,0.05378429964184761,0.10096597671508789
2.030212477999953,takeoff,0.01885593682527542,0.05314822494983673,0.10147762298583984
2.064188822999995,takeoff,0.01924804039299488,0.0524321123957634,0.10203409194946289
2.098213689999966,takeoff,0.01948365569114685,0.05143158510327339,0.10277462005615234
2.1302045679999537,takeoff,0.019551100209355354,0.05060991644859314,0.10339927673339844
2.164181939000059,takeoff,0.019510289654135704,0.04975117743015289,0.10398054122924805
2.201753960000019,takeoff,0.019372835755348206,0.04885174706578255,0.10450577735900879
2.2335930929999677,takeoff,0.01913103088736534,0.04790531471371651,0.10496640205383301
2.2675464950000332,takeoff,0.01877078413963318,0.04685882106423378,0.10537242889404297
2.3017344569999523,takeoff,0.018087541684508324,0.04538622498512268,0.10591626167297363
2.333592481999972,takeoff,0.017490731552243233,0.044193752110004425,0.10625481605529785
2.367567955000027,takeoff,0.016828691586852074,0.042988281697034836,0.10648727416992188
2.4017454500000213,takeoff,0.01612708531320095,0.041805412620306015,0.10669350624084473
2.438006650000034,takeoff,0.015410608612000942,0.04067539423704147,0.1068258285522461
2.471917498000039,takeoff,0.014747017994523048,0.03964133560657501,0.1069180965423584
2.5059479819999524,takeoff,0.013887125998735428,0.038493234664201736,0.10687994956970215
2.538178591000019,takeoff,0.013091607950627804,0.03774622082710266,0.10668158531188965
2.5719226859999935,takeoff,0.012188534252345562,0.037119828164577484,0.10637426376342773
2.6059350420000555,takeoff,0.011160683818161488,0.03648609668016434,0.10603094100952148
2.6379682250000087,takeoff,0.009935185313224792,0.03580966219305992,0.10551810264587402
2.6761671609999667,takeoff,0.008471889421343803,0.03510791435837746,0.10471940040588379
2.7101737829999593,takeoff,0.00641071330755949,0.034005988389253616,0.10284137725830078
2.742168281999966,takeoff,0.00452208099886775,0.03291080519556999,0.10015654563903809
2.776138489999994,takeoff,0.0023687249049544334,0.03167015686631203,0.09599423408508301
2.8101898490000394,takeoff,-0.0001297764538321644,0.03033832088112831,0.09014439582824707
2.842147772999965,takeoff,-0.0030588964000344276,0.028951801359653473,0.08240127563476562
2.8761325950000582,takeoff,-0.006459279917180538,0.02753334864974022,0.07256150245666504
2.910154562999992,takeoff,-0.011399406008422375,0.025790544226765633,0.05715203285217285
2.945607791000043,takeoff,-0.01589682139456272,0.02454020455479622,0.04226422309875488
2.979582391000008,takeoff,-0.02089563012123108,0.023522108793258667,0.024897098541259766
3.01362020199997,takeoff,-0.026396457105875015,0.022679567337036133,0.00498652458190918
3.045609026999955,takeoff,-0.032383956015110016,0.02198982611298561,-0.017535686492919922
3.0795958630000086,takeoff,-0.03879343718290329,0.021460099145770073,-0.04268622398376465
3.113657009999997,takeoff,-0.047283247113227844,0.0210496187210083,-0.07780289649963379
3.1455973780000477,takeoff,-0.05447937920689583,0.020997105166316032,-0.10897278785705566
3.1830766609999728,takeoff,-0.061984073370695114,0.02119501680135727,-0.14292359352111816
3.2166823290000366,takeoff,-0.06968212872743607,0.02156604826450348,-0.17941570281982422
3.2486411800000496,takeoff,-0.0775379166007042,0.022126493975520134,-0.21863150596618652
3.2826368890000595,takeoff,-0.0854957327246666,0.0228585172444582,-0.260561466217041
3.316650897000045,takeoff,-0.0954013541340828,0.024007579311728477,-0.3166346549987793
3.348655560999987,takeoff,-0.10317563265562057,0.02510037273168564,-0.3645055294036865
3.3826643219999823,takeoff,-0.1107674166560173,0.02631065621972084,-0.4149932861328125
3.418343647000029,takeoff,-0.1180904433131218,0.02765561267733574,-0.4680652618408203
3.454182922999962,takeoff,-0.12517128884792328,0.029147369787096977,-0.5236630439758301
3.4880750170000283,takeoff,-0.13199391961097717,0.030704816803336143,-0.581573486328125
3.5220950679999987,takeoff,-0.14018261432647705,0.032723817974328995,-0.6573612689971924
3.554225875000043,takeoff,-0.14645692706108093,0.03438343107700348,-0.7207815647125244
3.5880917089999684,takeoff,-0.15235909819602966,0.036047618836164474,-0.7866418361663818
3.6220922249999603,takeoff,-0.15788058936595917,0.03771506994962692,-0.8549056053161621
3.6541536739999856,takeoff,-0.16300608217716217,0.039332468062639236,-0.9255719184875488
3.6914696799999547,takeoff,-0.16772401332855225,0.04088432714343071,-0.9986553192138672
3.725477448999982,takeoff,-0.17307953536510468,0.04270211234688759,-1.0932528972625732
3.757489701000054,takeoff,-0.17692330479621887,0.04402301460504532,-1.171351432800293
3.7914321680000285,takeoff,-0.18034574389457703,0.045128948986530304,-1.2513790130615234
3.825523178000026,takeoff,-0.18331217765808105,0.04606912285089493,-1.3330316543579102
3.85746988599999,takeoff,-0.1858445703983307,0.04677554965019226,-1.4160118103027344
3.89144442099996,takeoff,-0.1879703551530838,0.04724599048495293,-1.5000286102294922
3.9293127560000585,takeoff,-0.19010116159915924,0.047441739588975906,-1.6061487197875977
3.9612628669999594,takeoff,-0.19144871830940247,0.04732848331332207,-1.6915903091430664
3.995262941999954,takeoff,-0.1924770027399063,0.047009438276290894,-1.7773241996765137
4.029328040999985,takeoff,-0.19320030510425568,0.04639877378940582,-1.8632855415344238
4.061288635999972,takeoff,-0.19363801181316376,0.04557224363088608,-1.9494457244873047
4.095285538999974,takeoff,-0.19386792182922363,0.044458501040935516,-2.035738468170166
4.129297579999957,takeoff,-0.19385361671447754,0.04263334348797798,-2.143784999847412
4.1613020680000545,takeoff,-0.19362452626228333,0.04089666157960892,-2.2303318977355957
4.199618192999992,takeoff,-0.19324199855327606,0.038914263248443604,-2.3169493675231934
4.233651291000001,takeoff,-0.19271600246429443,0.03666991740465164,-2.403618335723877
4.265635792000012,takeoff,-0.19205479323863983,0.0342288464307785,-2.4903130531311035
4.299589161999961,takeoff,-0.19132700562477112,0.03156290948390961,-2.5770249366760254
4.333658439000033,takeoff,-0.19034911692142487,0.0278717502951622,-2.685533046722412
4.365642133000051,takeoff,-0.18944062292575836,0.024684129282832146,-2.772421360015869
4.399584743999981,takeoff,-0.18844348192214966,0.021311882883310318,-2.8593430519104004
4.438420216000054,takeoff,-0.18741856515407562,0.017792142927646637,-2.946281909942627
4.470152632999998,takeoff,-0.18639637529850006,0.014135020785033703,-3.0332388877868652
4.504171272999997,takeoff,-0.18534837663173676,0.010350119322538376,-3.1201682090759277
4.538313384000048,takeoff,-0.18398642539978027,0.005485796835273504,-3.228780746459961
4.570134164000024,takeoff,-0.1829022616147995,0.0014951236080378294,-3.3156328201293945
4.604127316000017,takeoff,-0.18184351921081543,-0.0025130275171250105,-3.4024882316589355
4.6383359149999706,takeoff,-0.18080918490886688,-0.006466852035373449,-3.489360809326172
4.67397916699997,takeoff,-0.1798304319381714,-0.010313826613128185,-3.5762734413146973
4.707099494999966,takeoff,-0.17891129851341248,-0.014074640348553658,-3.663261890411377
4.741275388999952,takeoff,-0.1778050661087036,-0.018592851236462593,-3.772124767303467
4.773056663000034,takeoff,-0.17691241204738617,-0.02202514372766018,-3.859304428100586
4.807042599000056,takeoff,-0.17599986493587494,-0.02530009113252163,-3.9465346336364746
4.8414539110000305,takeoff,-0.17509430646896362,-0.0284054446965456,-4.033793926239014
4.873196505999999,takeoff,-0.1741389036178589,-0.03132566809654236,-4.121094703674316
4.907044299000063,takeoff,-0.17318052053451538,-0.034067172557115555,-4.208473205566406
4.945507014999976,takeoff,-0.17202788591384888,-0.03723319619894028,-4.317824363708496
4.977514193000047,takeoff,-0.17113006114959717,-0.0395558662712574,-4.405416965484619
5.01149275399996,takeoff,-0.1702578067779541,-0.041666120290756226,-4.493129730224609
5.045529481000017,takeoff,-0.16940759122371674,-0.04354999586939812,-4.580962657928467
5.077520488000005,takeoff,-0.168536975979805,-0.04523025080561638,-4.6689019203186035
5.1115370579999535,takeoff,-0.1676926612854004,-0.0467446930706501,-4.756946563720703
5.145559304000017,takeoff,-0.16668368875980377,-0.04840033873915672,-4.867133140563965
5.182252197000025,takeoff,-0.16588792204856873,-0.049512263387441635,-4.955394268035889
5.216228184999977,takeoff,-0.1650477647781372,-0.05043872445821762,-5.043792247772217
5.250273262000064,takeoff,-0.16413399577140808,-0.0511767603456974,-5.132317066192627
5.2822635009999885,takeoff,-0.16316358745098114,-0.05169721692800522,-5.220930576324463
5.316217840000036,takeoff,-0.16215880215168,-0.05200963467359543,-5.309648513793945
5.350272074000031,takeoff,-0.1608210951089859,-0.052194949239492416,-5.420676231384277
5.38227343799997,takeoff,-0.15967229008674622,-0.05225808545947075,-5.509576797485352
5.416225281000038,takeoff,-0.1584211140871048,-0.05226219445466995,-5.598555564880371
5.453180621000001,takeoff,-0.15707357227802277,-0.052221767604351044,-5.687623023986816
5.485179055000003,takeoff,-0.15564069151878357,-0.05215578153729439,-5.7768049240112305
5.519171570000026,takeoff,-0.1541311889886856,-0.052072737365961075,-5.866105079650879
5.553196709999952,takeoff,-0.1521126627922058,-0.05199185386300087,-5.97788143157959
5.5851951429999644,takeoff,-0.15038500726222992,-0.051962412893772125,-6.067436218261719
5.61911278599996,takeoff,-0.1485782414674759,-0.05191214755177498,-6.157088279724121
5.653187578000029,takeoff,-0.14672815799713135,-0.051838748157024384,-6.246870040893555
5.689980851999962,takeoff,-0.1448422372341156,-0.05171918869018555,-6.336795806884766
5.723852375999968,takeoff,-0.14288894832134247,-0.05156770348548889,-6.426905632019043
5.757864822999977,takeoff,-0.1402721405029297,-0.051331669092178345,-6.539728164672852
5.789873784000065,takeoff,-0.137998566031456,-0.05110616609454155,-6.630080223083496
5.823880905999999,takeoff,-0.13555072247982025,-0.05082657188177109,-6.72052001953125
5.858030686000006,takeoff,-0.1329542100429535,-0.05050218477845192,-6.811151504516602
5.889834758999996,takeoff,-0.13024742901325226,-0.05012385919690132,-6.901922225952148
5.927487848000055,takeoff,-0.12746337056159973,-0.04969371482729912,-6.992847442626953
5.961494655000024,takeoff,-0.12389220297336578,-0.049061596393585205,-7.106655120849609
5.993487535999975,takeoff,-0.12095704674720764,-0.048489056527614594,-7.197810173034668
6.0274521270000605,takeoff,-0.11796194314956665,-0.04789293557405472,-7.289059638977051
6.061524975999987,takeoff,-0.11493963748216629,-0.04721436649560928,-7.380400657653809
6.093483572999958,takeoff,-0.11188217252492905,-0.04642550274729729,-7.471827507019043
6.127445912999974,takeoff,-0.10881014168262482,-0.04555999115109444,-7.563359260559082
6.1614794849999726,takeoff,-0.10495271533727646,-0.044434551149606705,-7.677889823913574
6.195295609000027,takeoff,-0.10186386108398438,-0.043571412563323975,-7.769634246826172
6.229252364999979,takeoff,-0.09878229349851608,-0.042738787829875946,-7.861518859863281
6.263302307999993,takeoff,-0.09570033848285675,-0.04191061854362488,-7.953497886657715
6.295325171000059,takeoff,-0.09261354058980942,-0.04107096046209335,-8.04555892944336
6.329268713000033,takeoff,-0.08953766524791718,-0.040227010846138,-8.137690544128418
6.3633109019999665,takeoff,-0.08578206598758698,-0.03915459290146828,-8.252946853637695
6.395290193000051,takeoff,-0.08288149535655975,-0.038311123847961426,-8.345240592956543
6.4341443140000365,takeoff,-0.08007664978504181,-0.03743315115571022,-8.437583923339844
6.468105211999955,takeoff,-0.07730945199728012,-0.03651665523648262,-8.530001640319824
6.500110876999997,takeoff,-0.07454322278499603,-0.035610098391771317,-8.622525215148926
6.5341403090000085,takeoff,-0.07177436351776123,-0.03475287929177284,-8.715156555175781
6.568138736000037,takeoff,-0.06836061179637909,-0.033762894570827484,-8.831090927124023
6.6001154020000286,takeoff,-0.06560709327459335,-0.03304986655712128,-8.924005508422852
6.6341262680000455,takeoff,-0.06283894181251526,-0.032377127557992935,-9.017045021057129
6.669511059999991,takeoff,-0.06003103777766228,-0.03172985836863518,-9.110193252563477
6.704212372000029,takeoff,-0.057196252048015594,-0.031094815582036972,-9.203388214111328
6.73822502500002,takeoff,-0.054324306547641754,-0.03045409731566906,-9.296683311462402
6.772318369999994,takeoff,-0.05066454038023949,-0.029643738642334938,-9.413395881652832
6.804266017000032,takeoff,-0.04767163097858429,-0.028963278979063034,-9.506864547729492
6.838186877999988,takeoff,-0.044562384486198425,-0.028209764510393143,-9.600446701049805
6.872315802000003,takeoff,-0.04134523123502731,-0.02734321728348732,-9.694121360778809
6.904186758000037,takeoff,-0.03800708428025246,-0.026386722922325134,-9.787884712219238
6.942263965000052,takeoff,-0.0346653088927269,-0.025387326255440712,-9.881718635559082
6.976280215999964,takeoff,-0.03060886822640896,-0.024121908470988274,-9.998981475830078
7.008223584999996,takeoff,-0.02746836096048355,-0.02306951954960823,-10.092782974243164
7.04233263499998,takeoff,-0.02442009374499321,-0.022007009014487267,-10.186580657958984
7.076288868000006,takeoff,-0.02150839753448963,-0.020937828347086906,-10.280374526977539
7.108319885000014,takeoff,-0.018748102709650993,-0.019912289455533028,-10.374195098876953
7.142318940999985,takeoff,-0.01623549871146679,-0.01891634613275528,-10.468031883239746
7.180394837999984,takeoff,-0.013504954986274242,-0.017734836786985397,-10.585299491882324
7.2123479230000385,takeoff,-0.01157570444047451,-0.01677546091377735,-10.679097175598145
7.246374232999983,takeoff,-0.009866326116025448,-0.01576521247625351,-10.772887229919434
7.280385489999958,takeoff,-0.008246853947639465,-0.014720816165208817,-10.866706848144531
7.3123904960000345,takeoff,-0.006753469817340374,-0.013666864484548569,-10.960587501525879
7.346396325000001,takeoff,-0.0053799147717654705,-0.012598969042301178,-11.05452823638916
7.380405572999962,takeoff,-0.0038411205168813467,-0.011274930089712143,-11.171963691711426
7.412386403000028,takeoff,-0.0027265523094683886,-0.010278615169227123,-11.265907287597656
7.450077784999962,takeoff,-0.0017273466801270843,-0.009346182458102703,-11.359851837158203
7.484104353000021,takeoff,-0.0008290502009913325,-0.008422812446951866,-11.453803062438965
7.516104092999967,takeoff,-6.072050382499583e-05,-0.00747145339846611,-11.547750473022461
7.550088373999984,takeoff,0.0006235958426259458,-0.006508591119199991,-11.641701698303223
7.584121621000008,takeoff,0.00141528167296201,-0.0052992976270616055,-11.759197235107422
7.616097918000037,takeoff,0.0019841038156300783,-0.0043439706787467,-11.853206634521484
7.650091522000025,takeoff,0.0024955535773187876,-0.0034062271006405354,-11.94722843170166
7.687526737999974,takeoff,0.002942605409771204,-0.0024308955762535334,-12.041298866271973
7.719510374000038,takeoff,0.003350077662616968,-0.001377551699988544,-12.135398864746094
7.75349402300003,takeoff,0.003722975729033351,-0.0002662584010977298,-12.229504585266113
7.787518670000054,takeoff,0.004163811914622784,0.0012586062075570226,-12.347149848937988
7.819492602999958,takeoff,0.004485580138862133,0.0025648430455476046,-12.441222190856934
7.853542051999966,takeoff,0.0048086997121572495,0.00390755757689476,-12.535207748413086
7.887544008999953,takeoff,0.0051532224752008915,0.0052846926264464855,-12.629085540771484
7.922984239000016,takeoff,0.005558905657380819,0.006676934659481049,-12.722896575927734
7.956832915000064,takeoff,0.006071030627936125,0.008066217415034771,-12.81666088104248
7.990860028000043,takeoff,0.00682721147313714,0.009781301952898502,-12.933839797973633
8.022855628000002,takeoff,0.007440332323312759,0.011109555140137672,-13.027604103088379
8.056851947000041,takeoff,0.008022285997867584,0.012371603399515152,-13.121403694152832
8.091005709000001,takeoff,0.00859096460044384,0.013559054583311081,-13.215206146240234
8.122842361000039,takeoff,0.00920575950294733,0.01468520238995552,-13.3090238571167
8.156817097000044,takeoff,0.009837242774665356,0.015763631090521812,-13.402853012084961
8.194585845000006,takeoff,0.010622971691191196,0.01703314110636711,-13.520187377929688
8.226617720000036,takeoff,0.011178392916917801,0.018030570819973946,-13.614093780517578
8.260548477000043,takeoff,0.011673768050968647,0.019019097089767456,-13.708026885986328
8.29459719700003,takeoff,0.012111381627619267,0.019974255934357643,-13.801969528198242
8.326571080000008,takeoff,0.012440094724297523,0.020900242030620575,-13.895858764648438
8.360558241000035,takeoff,0.012614136561751366,0.021845145151019096,-13.989730834960938
8.394967589999965,takeoff,0.012633022852241993,0.0231039859354496,-14.107032775878906
8.429884377999997,takeoff,0.012496259063482285,0.024152914062142372,-14.20088005065918
8.463886374000026,takeoff,0.012238011695444584,0.025253048166632652,-14.294816970825195
8.49790236199999,takeoff,0.01186889223754406,0.02636617422103882,-14.388900756835938
8.529927660999988,takeoff,0.011394133791327477,0.027446597814559937,-14.483144760131836
8.563944970999955,takeoff,0.010812629945576191,0.028475841507315636,-14.577512741088867
8.597884163000003,takeoff,0.009937944822013378,0.029676873236894608,-14.69561767578125
8.62992865900003,takeoff,0.00911454576998949,0.030581986531615257,-14.790163040161133
8.663931698000056,takeoff,0.008186543360352516,0.031433213502168655,-14.884780883789062
8.70461805399998,takeoff,0.007149952929466963,0.032212503254413605,-14.979509353637695
8.736568035000005,takeoff,0.0060235788114368916,0.03292742744088173,-15.074316024780273
8.770525735999968,takeoff,0.004790788982063532,0.03361285850405693,-15.169168472290039
8.804583727000022,takeoff,0.0031050185207277536,0.034519582986831665,-15.287763595581055
8.836581295999963,takeoff,0.0016852857079356909,0.03526923805475235,-15.382614135742188
8.87054752000006,takeoff,0.0002136260736733675,0.0360100157558918,-15.47743034362793
8.904593431999956,takeoff,-0.0012944882037118077,0.036692824214696884,-15.572277069091797
8.940642067999988,takeoff,-0.002826543990522623,0.03728581964969635,-15.667190551757812
8.974914329000057,takeoff,-0.004356467165052891,0.037761665880680084,-15.762178421020508
9.008619973000009,takeoff,-0.006242929492145777,0.03820345550775528,-15.88101577758789
9.040898017000018,takeoff,-0.007754956837743521,0.03846815973520279,-15.97616958618164
9.07487366700002,takeoff,-0.009282194077968597,0.038621727377176285,-16.0714111328125
9.108612076999975,takeoff,-0.010791279375553131,0.0386824905872345,-16.166706085205078
9.14070394199996,takeoff,-0.012281031347811222,0.0386241190135479,-16.26205825805664
9.179152992000013,takeoff,-0.013746864162385464,0.038463134318590164,-16.357431411743164
9.213173950000055,takeoff,-0.01556512899696827,0.0382106639444828,-16.47667694091797
9.245205863000024,takeoff,-0.017026064917445183,0.038022447377443314,-16.57207489013672
9.279200779000007,takeoff,-0.01849566400051117,0.03782800957560539,-16.66745948791504
9.313167944000043,takeoff,-0.019944746047258377,0.03755132853984833,-16.7628173828125
9.345167920999984,takeoff,-0.021372849121689796,0.03720954805612564,-16.85820960998535
9.379127292000021,takeoff,-0.022768910974264145,0.036832623183727264,-16.95363426208496
9.413148373000013,takeoff,-0.024459481239318848,0.036276862025260925,-17.07306671142578
9.44768237300002,takeoff,-0.025774184614419937,0.03571418300271034,-17.168724060058594
9.481663917999981,takeoff,-0.02707764133810997,0.03507356345653534,-17.264400482177734
9.515708193000023,takeoff,-0.02834409289062023,0.03435298427939415,-17.360095977783203
9.547669931999963,takeoff,-0.02957492507994175,0.03358211740851402,-17.455795288085938
9.581681371000059,takeoff,-0.030779531225562096,0.03280242905020714,-17.551509857177734
9.615703793999955,takeoff,-0.03224458917975426,0.031801287084817886,-17.67121696472168
9.647705123000037,takeoff,-0.0333804152905941,0.03099452704191208,-17.767019271850586
9.687267134999956,takeoff,-0.034482263028621674,0.030206579715013504,-17.862852096557617
9.721271213000023,takeoff,-0.035558950155973434,0.02942247875034809,-17.958681106567383
9.753290268,takeoff,-0.036623526364564896,0.028671126812696457,-18.054508209228516
9.787235070000065,takeoff,-0.03770637884736061,0.02788669429719448,-18.150318145751953
9.821259509000015,takeoff,-0.03914649784564972,0.026792271062731743,-18.270082473754883
9.854376932000037,takeoff,-0.04044166952371597,0.02577287144958973,-18.365848541259766
9.88830843200003,takeoff,-0.041763994842767715,0.024681223556399345,-18.461559295654297
9.92531872699999,takeoff,-0.043037138879299164,0.023531565442681313,-18.55726432800293
9.956742881999958,takeoff,-0.04425486549735069,0.022309863939881325,-18.652963638305664
9.990744801000005,takeoff,-0.04541657119989395,0.021058624610304832,-18.748647689819336
10.024956566000014,takeoff,-0.04675465449690819,0.01947375200688839,-18.868186950683594
10.056719655000052,takeoff,-0.04769732803106308,0.018147354945540428,-18.96380043029785
10.090784259999964,takeoff,-0.04854421690106392,0.016807258129119873,-19.059415817260742
10.12487253400002,takeoff,-0.04932062700390816,0.015491540543735027,-19.15507698059082
10.156710308000015,takeoff,-0.05004756897687912,0.014233811758458614,-19.250839233398438
10.195044079000013,takeoff,-0.05071066692471504,0.013044288381934166,-19.346601486206055
10.229101729000035,takeoff,-0.05144122242927551,0.01168612577021122,-19.466337203979492
10.261049684,takeoff,-0.05190163478255272,0.010685439221560955,-19.562129974365234
10.29507485299996,takeoff,-0.0523015595972538,0.009712389670312405,-19.657968521118164
10.329112842999962,takeoff,-0.052652355283498764,0.008786455728113651,-19.753896713256836
10.361097168000015,takeoff,-0.05296417325735092,0.007913007400929928,-19.84986686706543
10.395084301999987,takeoff,-0.05325167626142502,0.007028351072221994,-19.94588279724121
10.431923858000005,takeoff,-0.05365629866719246,0.005950533784925938,-20.065977096557617
10.463904514999967,takeoff,-0.054017070680856705,0.005207417998462915,-20.16205596923828
10.497906100000023,takeoff,-0.05443206802010536,0.004567757248878479,-20.258087158203125
10.531889481999997,takeoff,-0.05488067865371704,0.0040144240483641624,-20.35416030883789
10.563898160999997,takeoff,-0.05536806583404541,0.0035620792768895626,-20.45026397705078
10.597856111000056,takeoff,-0.05593714490532875,0.0031486856751143932,-20.54636573791504
10.631918409000036,takeoff,-0.05678212642669678,0.002664555562660098,-20.6665096282959
10.663958628000046,takeoff,-0.05748924985527992,0.002295242389664054,-20.762554168701172
10.702729494999971,takeoff,-0.058131419122219086,0.0019689348991960287,-20.85853385925293
10.73675863599999,takeoff,-0.05872941017150879,0.0016992460004985332,-20.954429626464844
10.768735032999984,takeoff,-0.059280380606651306,0.0015343668637797236,-21.050220489501953
10.802703188999999,takeoff,-0.05978459119796753,0.0014750051777809858,-21.14597511291504
10.836822559999973,takeoff,-0.06044775992631912,0.0014951268676668406,-21.265596389770508
10.868741817,takeoff,-0.06100425124168396,0.0015739600639790297,-21.361217498779297
10.90271467599996,takeoff,-0.06156907603144646,0.0017294659046456218,-21.45672607421875
10.939527409999982,takeoff,-0.062151696532964706,0.001954467035830021,-21.552120208740234
10.971501265000029,takeoff,-0.06271977722644806,0.0022077697794884443,-21.647432327270508
11.005491604999975,takeoff,-0.06330902874469757,0.0025323566514998674,-21.74262046813965
11.039534164999964,takeoff,-0.06411660462617874,0.002986391307786107,-21.86151885986328
11.071519297000009,takeoff,-0.06477897614240646,0.0032904264517128468,-21.956584930419922
11.105481248000046,takeoff,-0.06543564796447754,0.003538062097504735,-22.05162811279297
11.13958047799997,takeoff,-0.06604225933551788,0.003730769269168377,-22.146692276000977
11.175108249000004,takeoff,-0.06656761467456818,0.003889810061082244,-22.241771697998047
11.208818723000036,takeoff,-0.06696025282144547,0.004058875143527985,-22.336912155151367
11.243191009000043,takeoff,-0.06724853068590164,0.004281525034457445,-22.455890655517578
11.274833066000042,takeoff,-0.06732279807329178,0.004411391448229551,-22.551095962524414
11.308817162999958,takeoff,-0.06724414229393005,0.004498643800616264,-22.646326065063477
11.342958767000027,takeoff,-0.06707572937011719,0.004570320248603821,-22.7415714263916
11.374823116000016,takeoff,-0.06680724769830704,0.0046518221497535706,-22.83681297302246
11.40885300399998,takeoff,-0.06640823185443878,0.004710137378424406,-22.932077407836914
11.445591033000028,takeoff,-0.06573149561882019,0.004737331066280603,-23.05120086669922
11.477203734,takeoff,-0.06505372375249863,0.00467400997877121,-23.14654541015625
11.511198451000041,takeoff,-0.0642707496881485,0.004541352856904268,-23.24193000793457
11.545922090999966,takeoff,-0.06341277807950974,0.004333839286118746,-23.337318420410156
11.57719371600001,takeoff,-0.062497492879629135,0.004059736616909504,-23.432708740234375
11.611259097000016,takeoff,-0.06155109032988548,0.0037011115346103907,-23.52813720703125
11.645701873000007,takeoff,-0.060274843126535416,0.003151446348056197,-23.647541046142578
11.680518562999964,takeoff,-0.05912959948182106,0.0026518444065004587,-23.7431583404541
11.714535222999984,takeoff,-0.05788369104266167,0.0021268720738589764,-23.838830947875977
11.74852768300002,takeoff,-0.05656955763697624,0.0015963716432452202,-23.93458366394043
11.780504037000014,takeoff,-0.05523185059428215,0.0010725856991484761,-24.030380249023438
11.814508280000041,takeoff,-0.05390198901295662,0.0005724789807572961,-24.126142501831055
11.848566176999952,takeoff,-0.052216436713933945,-9.781889093574136e-05,-24.245803833007812
11.880521985999962,takeoff,-0.05083388462662697,-0.0006774162175133824,-24.341510772705078
11.914518231999978,takeoff,-0.04940428212285042,-0.0012904518516734242,-24.43720245361328
11.951933804999953,takeoff,-0.047919031232595444,-0.0019091404974460602,-24.532901763916016
11.983907458999965,takeoff,-0.046388741582632065,-0.002507016761228442,-24.628623962402344
12.017838439999991,takeoff,-0.0448613315820694,-0.0030821901746094227,-24.724353790283203
12.051914270999987,takeoff,-0.0429806225001812,-0.003746255999431014,-24.8439998626709
12.083928320000041,takeoff,-0.041455965489149094,-0.004211429040879011,-24.939695358276367
12.11784491800006,takeoff,-0.039908017963171005,-0.004608543124049902,-25.035396575927734
12.151905671000009,takeoff,-0.03835301473736763,-0.004928475245833397,-25.131107330322266
12.188098271000058,takeoff,-0.03679829090833664,-0.005199908744543791,-25.226831436157227
12.222046114000022,takeoff,-0.0352722592651844,-0.0054530310444533825,-25.322586059570312
12.25613350399999,takeoff,-0.03342850133776665,-0.005748143419623375,-25.442325592041016
12.28809874700005,takeoff,-0.0320361964404583,-0.005966268014162779,-25.538143157958984
12.322049228999958,takeoff,-0.03071533888578415,-0.006172956898808479,-25.633943557739258
12.356133967000005,takeoff,-0.029505271464586258,-0.006374436896294355,-25.729732513427734
12.388141369999971,takeoff,-0.028412478044629097,-0.006543255876749754,-25.825538635253906
12.425169046000065,takeoff,-0.027442552149295807,-0.006649322342127562,-25.92136573791504
12.458599179999965,takeoff,-0.026392130181193352,-0.0067283776588737965,-26.041194915771484
12.490556337000044,takeoff,-0.02565838396549225,-0.006772083695977926,-26.137073516845703
12.524505800000043,takeoff,-0.024971632286906242,-0.006794425658881664,-26.232948303222656
12.558544554000036,takeoff,-0.024282611906528473,-0.0067630005069077015,-26.328832626342773
12.590535072999955,takeoff,-0.023559577763080597,-0.006691045593470335,-26.424732208251953
12.624560865000035,takeoff,-0.022739283740520477,-0.006600192282348871,-26.520666122436523
12.658575103999965,takeoff,-0.02156464383006096,-0.006507423706352711,-26.64064598083496
12.694408631999977,takeoff,-0.020500458776950836,-0.006485623773187399,-26.73664665222168
12.728727259000038,takeoff,-0.019377585500478745,-0.006491790991276503,-26.832656860351562
12.762290489000065,takeoff,-0.01822359673678875,-0.006525604985654354,-26.92868423461914
12.794332921999967,takeoff,-0.0170208178460598,-0.006590170320123434,-27.02471923828125
12.828384647999997,takeoff,-0.015798445791006088,-0.006629572249948978,-27.12073516845703
12.862276264999991,takeoff,-0.01422900054603815,-0.006630341988056898,-27.240249633789062
12.894323254000028,takeoff,-0.012924631126224995,-0.006574090104550123,-27.334857940673828
12.930793451,takeoff,-0.011645269580185413,-0.006469610147178173,-27.4279842376709
12.964806743000054,takeoff,-0.010446417145431042,-0.006346473935991526,-27.51918601989746
12.996805687000005,takeoff,-0.009336287155747414,-0.006180747877806425,-27.608116149902344
13.030777167999986,takeoff,-0.008329328149557114,-0.005970874801278114,-27.694507598876953
13.064792778999959,takeoff,-0.007257805205881596,-0.005716347135603428,-27.798675537109375
13.096778289999975,takeoff,-0.00655512697994709,-0.0055006761103868484,-27.878692626953125
13.130820282000059,takeoff,-0.005960496608167887,-0.005312538240104914,-27.955801010131836
13.164815086999965,takeoff,-0.005478829611092806,-0.005146997515112162,-28.029850006103516
13.201556458000027,takeoff,-0.005061362870037556,-0.004998676013201475,-28.10083770751953
13.235500228999967,takeoff,-0.004723259713500738,-0.00486716628074646,-28.168813705444336
13.270728134000024,takeoff,-0.00444585969671607,-0.004656690638512373,-28.249746322631836
13.30275640100001,takeoff,-0.004286742769181728,-0.0044436329044401646,-28.311264038085938
13.337763112000061,takeoff,-0.004179440438747406,-0.004202047362923622,-28.37006187438965
13.371792133999975,takeoff,-0.004093493334949017,-0.0039299833588302135,-28.426189422607422
13.403813501000059,takeoff,-0.004013458266854286,-0.003651595441624522,-28.479907989501953
13.440152283999964,takeoff,-0.0038714571855962276,-0.00335486838594079,-28.531124114990234
13.475778641000034,waypoint_1,-0.003600631607696414,-0.0029810424894094467,-28.59185218811035
13.507790346999968,waypoint_1,-0.003322069765999913,-0.002654319629073143,-28.638452529907227
13.541729074000045,waypoint_1,-0.002921702340245247,-0.0023141095880419016,-28.68463706970215
13.575831349000055,waypoint_1,-0.0024939675349742174,-0.0021587517112493515,-28.730533599853516
13.608797581999966,waypoint_1,-0.00217446219176054,-0.0025839582085609436,-28.775989532470703
13.642834907000065,waypoint_1,-0.002024784218519926,-0.004080533515661955,-28.820829391479492
13.684547937000048,waypoint_1,-0.00234691402874887,-0.008099576458334923,-28.87557601928711
13.716543890000025,waypoint_1,-0.003271676367148757,-0.013592504896223545,-28.917848587036133
13.750476624000044,waypoint_1,-0.0049906508065760136,-0.021575460210442543,-28.958454132080078
13.784589990999962,waypoint_1,-0.007690323516726494,-0.03238070011138916,-28.997169494628906
13.81649217100005,waypoint_1,-0.011554238386452198,-0.04628102481365204,-29.03382682800293
13.85048193800003,waypoint_1,-0.016765335574746132,-0.0635504424571991,-29.0683536529541
13.884567641999979,waypoint_1,-0.025501498952507973,-0.09013862162828445,-29.1085205078125
13.916524642000013,waypoint_1,-0.034096814692020416,-0.11527471989393234,-29.13849449157715
13.953669375999993,waypoint_1,-0.04439380392432213,-0.1440494954586029,-29.16655158996582
13.987678238000058,waypoint_1,-0.05648085102438927,-0.17649301886558533,-29.19269561767578
14.019670281999993,waypoint_1,-0.07049018889665604,-0.21258927881717682,-29.217098236083984
14.053626792000045,waypoint_1,-0.0865541622042656,-0.25223901867866516,-29.239917755126953
14.087689036000029,waypoint_1,-0.1097128763794899,-0.30661439895629883,-29.266366958618164
14.119667381,waypoint_1,-0.13066555559635162,-0.35370856523513794,-29.286094665527344
14.153657379000038,waypoint_1,-0.15389131009578705,-0.40386301279067993,-29.304662704467773
14.192872873000056,waypoint_1,-0.17924660444259644,-0.4567554295063019,-29.32227325439453
14.224871509999957,waypoint_1,-0.20684894919395447,-0.512243926525116,-29.338951110839844
14.258894836999957,waypoint_1,-0.23675239086151123,-0.570152759552002,-29.354801177978516
14.29287496500001,waypoint_1,-0.27737414836883545,-0.6456655263900757,-29.373600006103516
14.324869959000011,waypoint_1,-0.3122851550579071,-0.7083309888839722,-29.387977600097656
14.358816797000031,waypoint_1,-0.34925854206085205,-0.7728183269500732,-29.401866912841797
14.39287157800004,waypoint_1,-0.3881976902484894,-0.8389909863471985,-29.415340423583984
14.427467760000013,waypoint_1,-0.4289051592350006,-0.906753659248352,-29.428455352783203
14.46143152000002,waypoint_1,-0.4710509181022644,-0.9759360551834106,-29.441246032714844
14.495563800000014,waypoint_1,-0.525600016117096,-1.0642155408859253,-29.456859588623047
14.52736320300005,waypoint_1,-0.5704127550125122,-1.1361985206604004,-29.469070434570312
14.561528982000027,waypoint_1,-0.6159597635269165,-1.2093216180801392,-29.481014251708984
14.595601323999972,waypoint_1,-0.6619141697883606,-1.283521294593811,-29.49271011352539
14.627382581000006,waypoint_1,-0.7081555724143982,-1.35880446434021,-29.504188537597656
14.661409784000057,waypoint_1,-0.7544215321540833,-1.4350833892822266,-29.515522003173828
14.699050145000001,waypoint_1,-0.8119876980781555,-1.5318855047225952,-29.529598236083984
14.731242562000034,waypoint_1,-0.8576368093490601,-1.6104212999343872,-29.540729522705078
14.765105091999999,waypoint_1,-0.9027233719825745,-1.6899487972259521,-29.551719665527344
14.79900740200003,waypoint_1,-0.9470985531806946,-1.7704346179962158,-29.562545776367188
14.831014417999995,waypoint_1,-0.9905889630317688,-1.8518816232681274,-29.573184967041016
14.865038092999953,waypoint_1,-1.0330924987792969,-1.9342819452285767,-29.58364486694336
14.899004891999994,waypoint_1,-1.0847842693328857,-2.0385632514953613,-29.596511840820312
14.933390934000045,waypoint_1,-1.124858021736145,-2.1229214668273926,-29.606658935546875
14.967286603000048,waypoint_1,-1.1637890338897705,-2.2079977989196777,-29.616722106933594
15.001331500999981,waypoint_1,-1.2016557455062866,-2.293767213821411,-29.626663208007812
15.033339532000014,waypoint_1,-1.2384648323059082,-2.3801052570343018,-29.63650894165039
15.067285735000041,waypoint_1,-1.2743029594421387,-2.4669482707977295,-29.646255493164062
15.10141472600003,waypoint_1,-1.3177937269210815,-2.576165199279785,-29.658042907714844
15.133388810000042,waypoint_1,-1.351662278175354,-2.66404390335083,-29.667171478271484
15.16730523900003,waypoint_1,-1.3847668170928955,-2.752312421798706,-29.67609405517578
15.20585878999998,waypoint_1,-1.4171335697174072,-2.8409359455108643,-29.684844970703125
15.237859271000048,waypoint_1,-1.448849081993103,-2.9298527240753174,-29.69342041015625
15.271821211999963,waypoint_1,-1.4799503087997437,-3.0190556049346924,-29.701812744140625
15.305869626999993,waypoint_1,-1.5181117057800293,-3.1306045055389404,-29.711944580078125
15.337847284999953,waypoint_1,-1.548142671585083,-3.2198824882507324,-29.719818115234375
15.371826600999952,waypoint_1,-1.577836036682129,-3.3091821670532227,-29.727561950683594
15.40589056400006,waypoint_1,-1.607219934463501,-3.398576021194458,-29.735187530517578
15.440957241999968,waypoint_1,-1.6363213062286377,-3.4880759716033936,-29.742717742919922
15.474914130999991,waypoint_1,-1.6650938987731934,-3.5777218341827393,-29.750125885009766
15.508943472000055,waypoint_1,-1.7007044553756714,-3.689970016479492,-29.75927734375
15.540942188000031,waypoint_1,-1.7289135456085205,-3.779963731765747,-29.76644515991211
15.574919555000065,waypoint_1,-1.7569245100021362,-3.870007038116455,-29.773487091064453
15.608954405999953,waypoint_1,-1.7847487926483154,-3.9600634574890137,-29.780319213867188
15.640947027000038,waypoint_1,-1.812413215637207,-4.0501298904418945,-29.786937713623047
15.67839337199996,waypoint_1,-1.8399394750595093,-4.140198230743408,-29.793476104736328
15.712464221999994,waypoint_1,-1.8741908073425293,-4.252795219421387,-29.80139923095703
15.744293107999965,waypoint_1,-1.9014431238174438,-4.342892169952393,-29.807567596435547
15.780434936000006,waypoint_1,-1.928511142730713,-4.433040142059326,-29.813644409179688
15.814382894000005,waypoint_1,-1.9554179906845093,-4.523308277130127,-29.819522857666016
15.845661852000035,waypoint_1,-1.982194423675537,-4.613646507263184,-29.825214385986328
15.880481989000032,waypoint_1,-2.0089147090911865,-4.70405912399292,-29.830791473388672
15.913785844000017,waypoint_1,-2.0422921180725098,-4.817176342010498,-29.837486267089844
15.948199681000006,waypoint_1,-2.0689172744750977,-4.907748222351074,-29.842620849609375
15.982120731000009,waypoint_1,-2.095498561859131,-4.998363971710205,-29.847553253173828
16.016197616,waypoint_1,-2.122049570083618,-5.089014053344727,-29.852256774902344
16.048209677000045,waypoint_1,-2.148580312728882,-5.179708957672119,-29.85675048828125
16.08218221599998,waypoint_1,-2.1750776767730713,-5.270511627197266,-29.861061096191406
16.117495816999963,waypoint_1,-2.208185911178589,-5.3841023445129395,-29.866256713867188
16.15129639099996,waypoint_1,-2.234647274017334,-5.475069999694824,-29.870281219482422
16.19019893899997,waypoint_1,-2.261106491088867,-5.56618595123291,-29.87419891357422
16.22420690199999,waypoint_1,-2.287562370300293,-5.657456398010254,-29.878005981445312
16.256192793999958,waypoint_1,-2.314020872116089,-5.7488694190979,-29.8817138671875
16.290130298999998,waypoint_1,-2.3404459953308105,-5.840451240539551,-29.885311126708984
16.324204401999964,waypoint_1,-2.373420476913452,-5.955121994018555,-29.88964080810547
16.356186253000033,waypoint_1,-2.3997483253479004,-6.046962738037109,-29.89293670654297
16.39015619099996,waypoint_1,-2.4260218143463135,-6.138855934143066,-29.896068572998047
16.426448452000045,waypoint_1,-2.4521889686584473,-6.230730056762695,-29.899166107177734
16.458422507000023,waypoint_1,-2.478301763534546,-6.322614669799805,-29.902198791503906
16.493963350000058,waypoint_1,-2.504399299621582,-6.414517402648926,-29.905181884765625
16.528005318000055,waypoint_1,-2.5370025634765625,-6.529495716094971,-29.90871810913086
16.56000270900006,waypoint_1,-2.563082695007324,-6.621566295623779,-29.911357879638672
16.595267578000062,waypoint_1,-2.5891664028167725,-6.7136311531066895,-29.913806915283203
16.629708236000056,waypoint_1,-2.6152536869049072,-6.805732250213623,-29.916053771972656
16.661242363000042,waypoint_1,-2.641348123550415,-6.897843837738037,-29.918132781982422
16.699977446000048,waypoint_1,-2.667449474334717,-6.990005016326904,-29.920074462890625
16.733802810000043,waypoint_1,-2.700000762939453,-7.105249881744385,-29.92237091064453
16.766326399000036,waypoint_1,-2.7260119915008545,-7.197366714477539,-29.924118041992188
16.799762842000064,waypoint_1,-2.7519757747650146,-7.289457321166992,-29.92578125
16.83381727699998,waypoint_1,-2.7779788970947266,-7.3815388679504395,-29.927379608154297
16.865880412000024,waypoint_1,-2.80401873588562,-7.473633766174316,-29.928958892822266
16.899729844000035,waypoint_1,-2.8300745487213135,-7.565759181976318,-29.930580139160156
16.93583951100004,waypoint_1,-2.862701177597046,-7.680980682373047,-29.93259048461914
16.96778442799996,waypoint_1,-2.8888754844665527,-7.773213863372803,-29.934146881103516
17.001748540999984,waypoint_1,-2.9150943756103516,-7.865451335906982,-29.93564224243164
17.035829786000022,waypoint_1,-2.941364049911499,-7.957648754119873,-29.937095642089844
17.067791652999972,waypoint_1,-2.9676620960235596,-8.049835205078125,-29.93852996826172
17.101779783999973,waypoint_1,-2.993988037109375,-8.14194107055664,-29.939952850341797
17.135825347000036,waypoint_1,-3.0269124507904053,-8.257079124450684,-29.941692352294922
17.167793897000024,waypoint_1,-3.0532426834106445,-8.34914779663086,-29.94308090209961
17.20563844800006,waypoint_1,-3.0795507431030273,-8.441153526306152,-29.94449234008789
17.239671268000052,waypoint_1,-3.105856418609619,-8.533129692077637,-29.94586181640625
17.271623900999998,waypoint_1,-3.1321940422058105,-8.625094413757324,-29.947181701660156
17.305655150000007,waypoint_1,-3.1585135459899902,-8.717041015625,-29.94843292236328
17.339722094999956,waypoint_1,-3.1914896965026855,-8.831927299499512,-29.950057983398438
17.372763050999993,waypoint_1,-3.2179360389709473,-8.923810958862305,-29.951370239257812
17.40677254700006,waypoint_1,-3.2444088459014893,-9.015708923339844,-29.95269012451172
17.444275963999985,waypoint_1,-3.2709121704101562,-9.10755729675293,-29.954055786132812
17.476235813000017,waypoint_1,-3.2974793910980225,-9.199398040771484,-29.955467224121094
17.51024483699996,waypoint_1,-3.3241090774536133,-9.291215896606445,-29.95685577392578
17.54427685400003,waypoint_1,-3.3574929237365723,-9.40604305267334,-29.958568572998047
17.576239676,waypoint_1,-3.3842082023620605,-9.498015403747559,-29.959896087646484
17.61022178500002,waypoint_1,-3.4109437465667725,-9.590092658996582,-29.961116790771484
17.644293710000056,waypoint_1,-3.4376978874206543,-9.682300567626953,-29.962276458740234
17.680395514999987,waypoint_1,-3.4644646644592285,-9.774664878845215,-29.963336944580078
17.71463226900005,waypoint_1,-3.49123477935791,-9.867082595825195,-29.96448516845703
17.74853524399998,waypoint_1,-3.5246548652648926,-9.982673645019531,-29.965961456298828
17.78037328100004,waypoint_1,-3.551349401473999,-10.075197219848633,-29.967144012451172
17.81441195299999,waypoint_1,-3.57804799079895,-10.167779922485352,-29.968318939208984
17.848937782000007,waypoint_1,-3.604746103286743,-10.260404586791992,-29.96951675415039
17.880379407999953,waypoint_1,-3.6314139366149902,-10.353043556213379,-29.970760345458984
17.914374649000024,waypoint_1,-3.658017873764038,-10.445703506469727,-29.97199249267578
17.950302174000058,waypoint_1,-3.691153049468994,-10.561565399169922,-29.973526000976562
17.98237937600004,waypoint_1,-3.717595100402832,-10.654251098632812,-29.97470474243164
18.016307505999976,waypoint_1,-3.7439699172973633,-10.746947288513184,-29.975818634033203
18.050430154999958,waypoint_1,-3.770317554473877,-10.839688301086426,-29.976886749267578
18.082269440000005,waypoint_1,-3.796619415283203,-10.932530403137207,-29.977916717529297
18.116355790000057,waypoint_1,-3.8228302001953125,-11.02546501159668,-29.978870391845703
18.150249097000028,waypoint_1,-3.8554368019104004,-11.141778945922852,-29.980064392089844
18.186409260000005,waypoint_1,-3.8814265727996826,-11.234980583190918,-29.980998992919922
18.220396308999966,waypoint_1,-3.9073538780212402,-11.328289985656738,-29.981903076171875
18.254435909999984,waypoint_1,-3.933227300643921,-11.421713829040527,-29.982833862304688
18.286398047000034,waypoint_1,-3.959104299545288,-11.515271186828613,-29.98377227783203
18.32040474400003,waypoint_1,-3.9850282669067383,-11.608924865722656,-29.984813690185547
18.354442846999973,waypoint_1,-4.017523765563965,-11.72608757019043,-29.98607635498047
18.386401659000057,waypoint_1,-4.043642520904541,-11.819863319396973,-29.987049102783203
18.420381549000012,waypoint_1,-4.069881439208984,-11.913668632507324,-29.98797607421875
18.45652974999996,waypoint_1,-4.096231460571289,-12.007583618164062,-29.988906860351562
18.488536820000036,waypoint_1,-4.122635364532471,-12.101613998413086,-29.989791870117188
18.522517666,waypoint_1,-4.149097442626953,-12.19572639465332,-29.990581512451172
18.55758524999999,waypoint_1,-4.182182788848877,-12.313435554504395,-29.991451263427734
18.589557431000003,waypoint_1,-4.208625316619873,-12.407625198364258,-29.992042541503906
18.623550887999954,waypoint_1,-4.235057353973389,-12.501788139343262,-29.992626190185547
18.657560417000013,waypoint_1,-4.261459827423096,-12.595914840698242,-29.9931640625
18.695693207999966,waypoint_1,-4.287829875946045,-12.689993858337402,-29.993656158447266
18.72962571200003,waypoint_1,-4.31420373916626,-12.784039497375488,-29.99413299560547
18.763817536000033,waypoint_1,-4.347171783447266,-12.901586532592773,-29.994644165039062
18.79567277299998,waypoint_1,-4.373536109924316,-12.995622634887695,-29.99498748779297
18.829618434000054,waypoint_1,-4.399904251098633,-13.089665412902832,-29.995277404785156
18.863711301999956,waypoint_1,-4.426276683807373,-13.183737754821777,-29.995563507080078
18.895692892000056,waypoint_1,-4.452674388885498,-13.277872085571289,-29.995868682861328
18.933779028000004,waypoint_1,-4.4790849685668945,-13.372116088867188,-29.99625015258789
18.968022009000038,waypoint_1,-4.512091636657715,-13.490065574645996,-29.996742248535156
18.99955323000006,waypoint_1,-4.538468360900879,-13.584512710571289,-29.997142791748047
19.033778039000026,waypoint_1,-4.564798355102539,-13.678997039794922,-29.997535705566406
19.067911968999965,waypoint_1,-4.591048240661621,-13.773516654968262,-29.99785614013672
19.099469099999965,waypoint_1,-4.617229461669922,-13.868043899536133,-29.998104095458984
19.133944714999984,waypoint_1,-4.6433796882629395,-13.962607383728027,-29.99829864501953
19.16932714899997,waypoint_1,-4.676084041595459,-14.08095645904541,-29.998455047607422
19.204776381999977,waypoint_1,-4.7022624015808105,-14.17579460144043,-29.998546600341797
19.23876374400004,waypoint_1,-4.728382587432861,-14.270770072937012,-29.9986572265625
19.275192291000053,waypoint_1,-4.754449844360352,-14.365875244140625,-29.998809814453125
19.324105766999992,waypoint_1,-4.780463695526123,-14.461013793945312,-29.99899673461914
19.361548802000016,waypoint_1,-4.806397438049316,-14.556173324584961,-29.999229431152344
19.39553016399998,waypoint_1,-4.838714599609375,-14.675135612487793,-29.999561309814453
19.433267441999988,waypoint_1,-4.864487171173096,-14.770303726196289,-29.999881744384766
19.464807848999953,waypoint_1,-4.890247821807861,-14.865483283996582,-30.000244140625
19.498773185999994,waypoint_1,-4.916007041931152,-14.960714340209961,-30.00060272216797
19.532797626000047,waypoint_1,-4.941804885864258,-15.056044578552246,-30.000957489013672
19.565854385999955,waypoint_1,-4.967621803283691,-15.151458740234375,-30.00146484375
19.599826286000052,waypoint_1,-4.999906539916992,-15.270672798156738,-30.00206756591797
19.631841236000014,waypoint_1,-5.0257697105407715,-15.365972518920898,-30.002613067626953
19.665893552000057,waypoint_1,-5.051697254180908,-15.461183547973633,-30.00322723388672
19.704492611999967,waypoint_1,-5.077683448791504,-15.556290626525879,-30.003925323486328
19.736460910000005,waypoint_1,-5.103745460510254,-15.651298522949219,-30.00470733642578
19.77046803600001,waypoint_1,-5.129891395568848,-15.74626350402832,-30.005538940429688
19.80449713300004,waypoint_1,-5.162648677825928,-15.864956855773926,-30.00666046142578
19.836478299999953,waypoint_1,-5.188910961151123,-15.959943771362305,-30.007617950439453
19.87045686299996,waypoint_1,-5.215197563171387,-16.05487632751465,-30.008495330810547
19.90449614199997,waypoint_1,-5.241533279418945,-16.149795532226562,-30.009300231933594
19.939006968000058,waypoint_1,-5.26788854598999,-16.244770050048828,-30.010040283203125
19.973043192999967,waypoint_1,-5.29425573348999,-16.33983039855957,-30.01073455810547
20.007028716000036,waypoint_1,-5.32725715637207,-16.458744049072266,-30.011428833007812
20.039094654999985,waypoint_1,-5.353694915771484,-16.553930282592773,-30.011871337890625
20.07306509700004,waypoint_1,-5.380212783813477,-16.649213790893555,-30.012165069580078
20.10703110899999,waypoint_1,-5.406818866729736,-16.744596481323242,-30.012401580810547
20.139004381000063,waypoint_1,-5.433426380157471,-16.839981079101562,-30.01260757446289
20.174303325999972,waypoint_1,-5.46007776260376,-16.935346603393555,-30.01290512084961
20.21122586499996,waypoint_1,-5.493461608886719,-17.05451202392578,-30.013324737548828
20.243313339999986,waypoint_1,-5.520212173461914,-17.149843215942383,-30.013687133789062
20.277183732000026,waypoint_1,-5.547001361846924,-17.245195388793945,-30.014026641845703
20.31125830999997,waypoint_1,-5.573818206787109,-17.340578079223633,-30.014385223388672
20.343232425999986,waypoint_1,-5.600692272186279,-17.43597412109375,-30.014690399169922
20.37718196000003,waypoint_1,-5.627636909484863,-17.531442642211914,-30.01496124267578
20.41124757900002,waypoint_1,-5.661360263824463,-17.65068817138672,-30.015174865722656
20.446272668999995,waypoint_1,-5.688418388366699,-17.74602699279785,-30.015331268310547
20.48025906500004,waypoint_1,-5.71552848815918,-17.841262817382812,-30.015522003173828
20.514313496,waypoint_1,-5.74265718460083,-17.936431884765625,-30.01578140258789
20.546308861000057,waypoint_1,-5.76981782913208,-18.031490325927734,-30.016151428222656
20.580245399999967,waypoint_1,-5.797080039978027,-18.12645149230957,-30.01662826538086
20.614318783000044,waypoint_1,-5.8311896324157715,-18.245086669921875,-30.017345428466797
20.646312996000006,waypoint_1,-5.85847806930542,-18.339950561523438,-30.017894744873047
20.685526407999987,waypoint_1,-5.885706424713135,-18.434734344482422,-30.01839828491211
20.719446072999972,waypoint_1,-5.912875652313232,-18.529464721679688,-30.018901824951172
20.75145963,waypoint_1,-5.939970016479492,-18.624191284179688,-30.019393920898438
20.785423495000032,waypoint_1,-5.9669880867004395,-18.718854904174805,-30.01988983154297
20.819436213000017,waypoint_1,-6.000653266906738,-18.837169647216797,-30.02048110961914
20.851441026999964,waypoint_1,-6.027496337890625,-18.931800842285156,-30.020877838134766
20.885417105999977,waypoint_1,-6.054307460784912,-19.02644157409668,-30.021236419677734
20.91943626500006,waypoint_1,-6.0810956954956055,-19.121057510375977,-30.021530151367188
20.95430848600006,waypoint_1,-6.107876300811768,-19.21569061279297,-30.021747589111328
20.988307649000035,waypoint_1,-6.134672164916992,-19.310331344604492,-30.02188491821289
21.022318796000036,waypoint_1,-6.168107032775879,-19.428607940673828,-30.021953582763672
21.054328506000047,waypoint_1,-6.194778919219971,-19.52322006225586,-30.021923065185547
21.088265191999994,waypoint_1,-6.221426963806152,-19.617828369140625,-30.021854400634766
21.122294709000016,waypoint_1,-6.24808406829834,-19.71243667602539,-30.021785736083984
21.154295501999968,waypoint_1,-6.274763584136963,-19.80706024169922,-30.021705627441406
21.191710521000005,waypoint_1,-6.301429271697998,-19.90167999267578,-30.02165985107422
21.225729300000012,waypoint_1,-6.334839820861816,-20.019996643066406,-30.021465301513672
21.257730874000003,waypoint_1,-6.361660957336426,-20.114564895629883,-30.021240234375
21.291681491999952,waypoint_1,-6.388583660125732,-20.20903778076172,-30.020984649658203
21.325759315000028,waypoint_1,-6.415530681610107,-20.303483963012695,-30.020774841308594
21.357736726999974,waypoint_1,-6.442452907562256,-20.397920608520508,-30.02060317993164
21.391689687000053,waypoint_1,-6.469365119934082,-20.492347717285156,-30.020431518554688
21.428077102999964,waypoint_1,-6.50297212600708,-20.61039161682129,-30.020153045654297
21.45979967400001,waypoint_1,-6.529861927032471,-20.704792022705078,-30.019882202148438
21.49378397800001,waypoint_1,-6.5568461418151855,-20.799190521240234,-30.01959228515625
21.52782779000006,waypoint_1,-6.583927631378174,-20.89361572265625,-30.019309997558594
21.559815708999963,waypoint_1,-6.611069679260254,-20.988052368164062,-30.019031524658203
21.593806719999975,waypoint_1,-6.638202667236328,-21.082502365112305,-30.01876449584961
21.627815749999968,waypoint_1,-6.672109603881836,-21.200592041015625,-30.018375396728516
21.659814720999975,waypoint_1,-6.699219226837158,-21.2950439453125,-30.018024444580078
21.697163166999985,waypoint_1,-6.726309776306152,-21.389455795288086,-30.017650604248047
21.731263925999997,waypoint_1,-6.753390789031982,-21.483800888061523,-30.017295837402344
21.763237761000028,waypoint_1,-6.780472755432129,-21.578052520751953,-30.01693344116211
21.797167222999974,waypoint_1,-6.807559013366699,-21.672225952148438,-30.016586303710938
21.831259257000056,waypoint_1,-6.841403484344482,-21.789825439453125,-30.016098022460938
21.863218363999977,waypoint_1,-6.868478298187256,-21.883821487426758,-30.015716552734375
21.89716604800003,waypoint_1,-6.895564079284668,-21.977767944335938,-30.01538848876953
21.93503497200004,waypoint_1,-6.922703266143799,-22.071678161621094,-30.01498031616211
21.966670164999982,waypoint_1,-6.949877738952637,-22.165523529052734,-30.014476776123047
22.000598351000008,waypoint_1,-6.97703218460083,-22.25929069519043,-30.014007568359375
22.035005307000006,waypoint_1,-7.010928153991699,-22.3764705657959,-30.01342010498047
22.06664842500004,waypoint_1,-7.038062572479248,-22.47024154663086,-30.013011932373047
22.10061392399996,waypoint_1,-7.065280437469482,-22.564010620117188,-30.012672424316406
22.135552751999967,waypoint_1,-7.092552661895752,-22.65775489807129,-30.012413024902344
22.168401749000054,waypoint_1,-7.119872093200684,-22.751506805419922,-30.012203216552734
22.20546459800005,waypoint_1,-7.147243976593018,-22.84531593322754,-30.012039184570312
22.23949690400002,waypoint_1,-7.18145751953125,-22.96270751953125,-30.011913299560547
22.271478172000002,waypoint_1,-7.2087860107421875,-23.056659698486328,-30.011863708496094
22.305443896000043,waypoint_1,-7.236091136932373,-23.15066146850586,-30.011890411376953
22.339556864999963,waypoint_1,-7.263362407684326,-23.244707107543945,-30.011959075927734
22.37146403400004,waypoint_1,-7.290583610534668,-23.33876609802246,-30.012104034423828
22.405455457000016,waypoint_1,-7.317757606506348,-23.432809829711914,-30.01233673095703
22.442596900000012,waypoint_1,-7.351665019989014,-23.55040168762207,-30.01266860961914
22.474584241000002,waypoint_1,-7.378763675689697,-23.644575119018555,-30.012989044189453
22.508528662000003,waypoint_1,-7.405836582183838,-23.73886489868164,-30.013347625732422
22.543706647000022,waypoint_1,-7.432911396026611,-23.833179473876953,-30.013721466064453
22.575604830999964,waypoint_1,-7.460015773773193,-23.92751121520996,-30.014175415039062
22.61066303100006,waypoint_1,-7.487156867980957,-24.021818161010742,-30.014766693115234
22.644678231000057,waypoint_1,-7.521178245544434,-24.139680862426758,-30.01561737060547
22.67979493400003,waypoint_1,-7.548478603363037,-24.233963012695312,-30.016376495361328
22.71380189499996,waypoint_1,-7.575813293457031,-24.32828712463379,-30.017181396484375
22.747820175000015,waypoint_1,-7.6031599044799805,-24.422672271728516,-30.017929077148438
22.779785454000034,waypoint_1,-7.630515098571777,-24.517093658447266,-30.018600463867188
22.813744937000024,waypoint_1,-7.657848834991455,-24.61149787902832,-30.019126892089844
22.847783882000044,waypoint_1,-7.6920318603515625,-24.729511260986328,-30.019733428955078
22.87979064800004,waypoint_1,-7.719419002532959,-24.823925018310547,-30.02020263671875
22.913803063000046,waypoint_1,-7.746826171875,-24.91832160949707,-30.02068328857422
22.953133039000022,waypoint_1,-7.774269104003906,-25.01270294189453,-30.021194458007812
22.98492946099998,waypoint_1,-7.801749229431152,-25.107059478759766,-30.021713256835938
23.018514778000053,waypoint_1,-7.829244136810303,-25.201416015625,-30.022132873535156
23.05255436499999,waypoint_1,-7.8635945320129395,-25.319334030151367,-30.022464752197266
23.08453707199999,waypoint_1,-7.891041278839111,-25.41358184814453,-30.022605895996094
23.118487971000036,waypoint_1,-7.9183759689331055,-25.507726669311523,-30.022693634033203
23.15268392300004,waypoint_1,-7.945559024810791,-25.60175323486328,-30.022705078125
23.18743625100001,waypoint_1,-7.972599029541016,-25.695650100708008,-30.022655487060547
23.22111083300001,waypoint_1,-7.999513626098633,-25.789419174194336,-30.02251434326172
23.255195415999992,waypoint_1,-8.032984733581543,-25.906455993652344,-30.022296905517578
23.28712959699999,waypoint_1,-8.059704780578613,-25.99991226196289,-30.022132873535156
23.32110227999999,waypoint_1,-8.086346626281738,-26.093231201171875,-30.021949768066406
23.355118378000043,waypoint_1,-8.112921714782715,-26.1863956451416,-30.02179718017578
23.38716200500005,waypoint_1,-8.139488220214844,-26.279390335083008,-30.021656036376953
23.421087682999996,waypoint_1,-8.166059494018555,-26.372257232666016,-30.02145767211914
23.457589050000024,waypoint_1,-8.199297904968262,-26.488296508789062,-30.021163940429688
23.489540911000063,waypoint_1,-8.225946426391602,-26.581167221069336,-30.02093505859375
23.523545840999986,waypoint_1,-8.252642631530762,-26.674015045166016,-30.020755767822266
23.55753839299996,waypoint_1,-8.279450416564941,-26.7668514251709,-30.020545959472656
23.589585252999996,waypoint_1,-8.30638313293457,-26.85966682434082,-30.020301818847656
23.623478394000017,waypoint_1,-8.333330154418945,-26.952436447143555,-30.02004623413086
23.657532866999986,waypoint_1,-8.367027282714844,-27.06838607788086,-30.01968002319336
23.692621575999965,waypoint_1,-8.393975257873535,-27.161136627197266,-30.01934051513672
23.726615827000046,waypoint_1,-8.420936584472656,-27.253896713256836,-30.018962860107422
23.760646471999962,waypoint_1,-8.447860717773438,-27.346620559692383,-30.018577575683594
23.792625774000044,waypoint_1,-8.474778175354004,-27.439346313476562,-30.018211364746094
23.826600471999996,waypoint_1,-8.50164794921875,-27.532058715820312,-30.017894744873047
23.860716259000014,waypoint_1,-8.535208702087402,-27.647979736328125,-30.017562866210938
23.892655124000044,waypoint_1,-8.562009811401367,-27.740724563598633,-30.017345428466797
23.929767209000033,waypoint_1,-8.588797569274902,-27.83350944519043,-30.017196655273438
23.964706869999986,waypoint_1,-8.615513801574707,-27.926334381103516,-30.017051696777344
23.996694648000016,waypoint_1,-8.642168998718262,-28.019235610961914,-30.016948699951172
24.030700346000003,waypoint_1,-8.66879653930664,-28.112276077270508,-30.016876220703125
24.064918137000063,waypoint_1,-8.702131271362305,-28.22878646850586,-30.01675796508789
24.096625001000007,waypoint_1,-8.728798866271973,-28.322086334228516,-30.016666412353516
24.130645595000033,waypoint_1,-8.755464553833008,-28.415422439575195,-30.016559600830078
24.164679000999968,waypoint_1,-8.782132148742676,-28.50873374938965,-30.01644515991211
24.20059646200002,waypoint_1,-8.808760643005371,-28.60199737548828,-30.01632308959961
24.234734011,waypoint_1,-8.835323333740234,-28.695213317871094,-30.016197204589844
24.268858240999975,waypoint_1,-8.868427276611328,-28.811708450317383,-30.016063690185547
24.300584070000014,waypoint_1,-8.894850730895996,-28.9049072265625,-30.015975952148438
24.33472395199999,waypoint_1,-8.921239852905273,-28.998117446899414,-30.015899658203125
24.369631722999998,waypoint_1,-8.947596549987793,-29.091352462768555,-30.015853881835938
24.402627757999994,waypoint_1,-8.973946571350098,-29.184606552124023,-30.015804290771484
24.43830824600002,waypoint_1,-9.000322341918945,-29.27783966064453,-30.015853881835938
24.472655707000058,waypoint_1,-9.033373832702637,-29.394372940063477,-30.016040802001953
24.504454748000057,waypoint_1,-9.059892654418945,-29.487613677978516,-30.01620864868164
24.538356242999953,waypoint_1,-9.086505889892578,-29.580856323242188,-30.01636505126953
24.573450158000014,waypoint_1,-9.113180160522461,-29.674100875854492,-30.016517639160156
24.60540022500004,waypoint_1,-9.139873504638672,-29.76734733581543,-30.016651153564453
24.639370778000057,waypoint_1,-9.16654109954834,-29.860597610473633,-30.016746520996094
24.673402864999957,waypoint_1,-9.19987678527832,-29.977149963378906,-30.016891479492188
24.709309708999967,waypoint_1,-9.226543426513672,-30.070343017578125,-30.017024993896484
24.743357850000052,waypoint_1,-9.253211975097656,-30.163490295410156,-30.017154693603516
24.77736643800006,waypoint_1,-9.27985668182373,-30.256620407104492,-30.017318725585938
24.809317100000044,waypoint_1,-9.306432723999023,-30.349708557128906,-30.017513275146484
24.843296304999967,waypoint_1,-9.33294677734375,-30.442733764648438,-30.01770782470703
24.877300183999978,waypoint_1,-9.366028785705566,-30.55886459350586,-30.01791000366211
24.90930641700004,waypoint_1,-9.392435073852539,-30.651687622070312,-30.018020629882812
24.94577344100003,waypoint_1,-9.418817520141602,-30.74445152282715,-30.018062591552734
24.979791062000004,waypoint_1,-9.445213317871094,-30.837087631225586,-30.01809310913086
25.011818616000028,waypoint_1,-9.471626281738281,-30.9295597076416,-30.01811981201172
25.04574142399997,waypoint_1,-9.498019218444824,-31.021963119506836,-30.01807403564453
25.079779126000062,waypoint_1,-9.53093433380127,-31.137372970581055,-30.017955780029297
25.111769620000018,waypoint_1,-9.557209968566895,-31.229612350463867,-30.017887115478516
25.145731360000013,waypoint_1,-9.583475112915039,-31.321788787841797,-30.01791000366211
25.18367721000004,waypoint_1,-9.609755516052246,-31.413904190063477,-30.018024444580078
25.215636321000034,waypoint_1,-9.63604736328125,-31.505962371826172,-30.0181884765625
25.249617932999968,waypoint_1,-9.66235637664795,-31.597980499267578,-30.01836395263672
25.283657575000007,waypoint_1,-9.695338249206543,-31.713045120239258,-30.018505096435547
25.31563883399997,waypoint_1,-9.72180461883545,-31.805131912231445,-30.018604278564453
25.349593881000033,waypoint_1,-9.748333930969238,-31.897239685058594,-30.018714904785156
25.383668914000054,waypoint_1,-9.774942398071289,-31.989368438720703,-30.018802642822266
25.415631810000036,waypoint_1,-9.801595687866211,-32.08152770996094,-30.01885986328125
25.452116817000046,waypoint_1,-9.828250885009766,-32.173709869384766,-30.018951416015625
25.486433300000044,waypoint_1,-9.861543655395508,-32.288936614990234,-30.019020080566406
25.518112940000037,waypoint_1,-9.888172149658203,-32.38111114501953,-30.01903533935547
25.55210118499997,waypoint_1,-9.914794921875,-32.473297119140625,-30.018997192382812
25.586262382999962,waypoint_1,-9.941402435302734,-32.56553268432617,-30.018962860107422
25.618111683000052,waypoint_1,-9.967991828918457,-32.657806396484375,-30.018936157226562
25.652125233999982,waypoint_1,-9.994583129882812,-32.75008773803711,-30.01892852783203
25.689423574999978,waypoint_1,-10.027780532836914,-32.86543655395508,-30.018905639648438
25.72143998499996,waypoint_1,-10.054238319396973,-32.95772171020508,-30.018898010253906
25.755449733999967,waypoint_1,-10.080638885498047,-33.05000305175781,-30.018924713134766
25.789398505999998,waypoint_1,-10.107004165649414,-33.14228439331055,-30.01904296875
25.821457613999996,waypoint_1,-10.133363723754883,-33.23454284667969,-30.019241333007812
25.855454871999996,waypoint_1,-10.159720420837402,-33.326786041259766,-30.019474029541016
25.889692268999966,waypoint_1,-10.192622184753418,-33.44207000732422,-30.019939422607422
25.921429181999997,waypoint_1,-10.21887493133545,-33.534332275390625,-30.020404815673828
25.958719616000053,waypoint_1,-10.24502944946289,-33.62661361694336,-30.02092742919922
25.992735477999986,waypoint_1,-10.271110534667969,-33.71892547607422,-30.021480560302734
26.024777242000027,waypoint_1,-10.297148704528809,-33.811214447021484,-30.021995544433594
26.05870130300002,waypoint_1,-10.32314682006836,-33.903480529785156,-30.02249526977539
26.09274649200006,waypoint_1,-10.355635643005371,-34.0187873840332,-30.022979736328125
26.124734297000032,waypoint_1,-10.381653785705566,-34.11100387573242,-30.023235321044922
26.158751086000052,waypoint_1,-10.40774917602539,-34.20316696166992,-30.023422241210938
26.196925657000065,waypoint_1,-10.433908462524414,-34.295291900634766,-30.023521423339844
26.228940557999977,waypoint_1,-10.46013069152832,-34.387393951416016,-30.02352523803711
26.26294378600005,waypoint_1,-10.486442565917969,-34.47947311401367,-30.023433685302734
26.296941271000037,waypoint_1,-10.519445419311523,-34.59452819824219,-30.023162841796875
26.32893075200002,waypoint_1,-10.545960426330566,-34.68656539916992,-30.022838592529297
26.362933836000025,waypoint_1,-10.572539329528809,-34.778594970703125,-30.02243423461914
26.39697136999996,waypoint_1,-10.599201202392578,-34.87060546875,-30.02194595336914
26.43191643199998,waypoint_1,-10.62592887878418,-34.96259689331055,-30.021408081054688
26.465839662000008,waypoint_1,-10.65272331237793,-35.05454635620117,-30.02078628540039
26.49987846500005,waypoint_1,-10.686198234558105,-35.169403076171875,-30.019969940185547
26.531868089,waypoint_1,-10.712904930114746,-35.2612419128418,-30.019351959228516
26.56584125400002,waypoint_1,-10.739571571350098,-35.3530158996582,-30.018775939941406
26.599894418999952,waypoint_1,-10.766290664672852,-35.444698333740234,-30.018299102783203
26.631888339000056,waypoint_1,-10.793075561523438,-35.536354064941406,-30.01788330078125
26.665877919999957,waypoint_1,-10.819934844970703,-35.627986907958984,-30.01746368408203
26.70365828299998,waypoint_1,-10.853609085083008,-35.742469787597656,-30.016963958740234
26.73553089899997,waypoint_1,-10.880647659301758,-35.83399200439453,-30.01654815673828
26.769547633000002,waypoint_1,-10.907814025878906,-35.92549514770508,-30.016094207763672
26.80452699199998,waypoint_1,-10.935063362121582,-36.01697540283203,-30.01563262939453
26.83663659499996,waypoint_1,-10.962352752685547,-36.10844802856445,-30.015132904052734
26.870701731000054,waypoint_1,-10.989712715148926,-36.199951171875,-30.014667510986328
26.905134782000005,waypoint_1,-11.024042129516602,-36.31439208984375,-30.014163970947266
26.938074797000013,waypoint_1,-11.051669120788574,-36.40604782104492,-30.013835906982422
26.97211663500002,waypoint_1,-11.079378128051758,-36.497806549072266,-30.01357650756836
27.006124451999995,waypoint_1,-11.107101440429688,-36.589630126953125,-30.013309478759766
27.038102081000034,waypoint_1,-11.134830474853516,-36.6815299987793,-30.01308822631836
27.072081062000052,waypoint_1,-11.162528991699219,-36.77348327636719,-30.01287078857422
27.10615271000006,waypoint_1,-11.197086334228516,-36.888389587402344,-30.012611389160156
27.138114940000037,waypoint_1,-11.22464370727539,-36.98031997680664,-30.012447357177734
27.172090758999957,waypoint_1,-11.2521333694458,-37.072242736816406,-30.01230239868164
27.20937006400004,waypoint_1,-11.279573440551758,-37.16419982910156,-30.012161254882812
27.24134032300003,waypoint_1,-11.306978225708008,-37.256168365478516,-30.01199722290039
27.275755818999983,waypoint_1,-11.334271430969238,-37.348167419433594,-30.01184844970703
27.30994918800002,waypoint_1,-11.368244171142578,-37.463134765625,-30.011791229248047
27.34132222599999,waypoint_1,-11.395345687866211,-37.555076599121094,-30.011798858642578
27.375325283000052,waypoint_1,-11.422407150268555,-37.646968841552734,-30.011821746826172
27.40935019799997,waypoint_1,-11.449437141418457,-37.73884963989258,-30.011817932128906
27.44492229900004,waypoint_1,-11.47647762298584,-37.83073425292969,-30.011829376220703
27.478889675000005,waypoint_1,-11.503506660461426,-37.9225959777832,-30.011791229248047
27.512907337,waypoint_1,-11.537224769592285,-38.03740692138672,-30.011741638183594
27.54489241500005,waypoint_1,-11.564131736755371,-38.129215240478516,-30.011714935302734
27.578893718000018,waypoint_1,-11.590994834899902,-38.22096633911133,-30.011768341064453
27.612904916000048,waypoint_1,-11.617833137512207,-38.31267547607422,-30.011783599853516
27.644905296000047,waypoint_1,-11.644617080688477,-38.40430450439453,-30.01178741455078
27.68414662400005,waypoint_1,-11.671333312988281,-38.495948791503906,-30.0118408203125
27.71812811999996,waypoint_1,-11.704678535461426,-38.610511779785156,-30.01193618774414
27.750125728000057,waypoint_1,-11.731321334838867,-38.70220184326172,-30.012054443359375
27.784126211000057,waypoint_1,-11.757987022399902,-38.793949127197266,-30.01223373413086
27.818171678999988,waypoint_1,-11.784690856933594,-38.88571548461914,-30.012451171875
27.850131782000062,waypoint_1,-11.811426162719727,-38.977561950683594,-30.012718200683594
27.88413033100005,waypoint_1,-11.838202476501465,-39.06945037841797,-30.01302719116211
27.918126784000037,waypoint_1,-11.871713638305664,-39.184391021728516,-30.013431549072266
27.953354214,waypoint_1,-11.898508071899414,-39.27643585205078,-30.013778686523438
27.98735509000005,waypoint_1,-11.925271987915039,-39.368553161621094,-30.014205932617188
28.02157484899999,waypoint_1,-11.952033042907715,-39.46073532104492,-30.01468276977539
28.05336933000001,waypoint_1,-11.978775024414062,-39.55296325683594,-30.015167236328125
28.087370511000017,waypoint_1,-12.005494117736816,-39.64522171020508,-30.01567840576172
28.12154189900002,waypoint_1,-12.03885555267334,-39.760581970214844,-30.016380310058594
28.153350946000046,waypoint_1,-12.065544128417969,-39.852882385253906,-30.01691436767578
28.197186241000054,waypoint_1,-12.0922212600708,-39.94516372680664,-30.017353057861328
28.23258655799998,waypoint_1,-12.118910789489746,-40.03740692138672,-30.017810821533203
28.26455699600001,waypoint_1,-12.14561939239502,-40.129608154296875,-30.018253326416016
28.298477098000035,waypoint_1,-12.172354698181152,-40.22174072265625,-30.018661499023438
28.33251424399998,waypoint_1,-12.205828666687012,-40.3368034362793,-30.019126892089844
28.367361922999976,waypoint_1,-12.232648849487305,-40.42881393432617,-30.01944351196289
28.402908032000028,waypoint_1,-12.259512901306152,-40.52080154418945,-30.019683837890625
28.43946521700002,waypoint_1,-12.286407470703125,-40.612770080566406,-30.019882202148438
28.471444991,waypoint_1,-12.313370704650879,-40.70466995239258,-30.020103454589844
28.505411983000045,waypoint_1,-12.340400695800781,-40.79648208618164,-30.02035140991211
28.543008570999973,waypoint_1,-12.374258041381836,-40.911190032958984,-30.020679473876953
28.574848307000025,waypoint_1,-12.401420593261719,-41.0029411315918,-30.020915985107422
28.609078481999973,waypoint_1,-12.428645133972168,-41.09471130371094,-30.021141052246094
28.643992860000026,waypoint_1,-12.455907821655273,-41.18650436401367,-30.021331787109375
28.678392236000036,waypoint_1,-12.483174324035645,-41.278324127197266,-30.021465301513672
28.71604632499998,waypoint_1,-12.51043701171875,-41.37015914916992,-30.02143096923828
28.750057519000052,waypoint_1,-12.544522285461426,-41.48496627807617,-30.021339416503906
28.782074774999955,waypoint_1,-12.571782112121582,-41.576820373535156,-30.02118682861328
28.816050921000055,waypoint_1,-12.599052429199219,-41.66868591308594,-30.020919799804688
28.850068220000026,waypoint_1,-12.62634563446045,-41.76055908203125,-30.020614624023438
28.88207176100002,waypoint_1,-12.653693199157715,-41.85242462158203,-30.020252227783203
28.91604234099998,waypoint_1,-12.681142807006836,-41.94429016113281,-30.01978302001953
28.95402009099996,waypoint_1,-12.715636253356934,-42.05910873413086,-30.01913833618164
28.986006531000044,waypoint_1,-12.743303298950195,-42.150909423828125,-30.018604278564453
29.022919771000034,waypoint_1,-12.771026611328125,-42.242637634277344,-30.01806640625
29.057504478000055,waypoint_1,-12.798802375793457,-42.33428955078125,-30.017539978027344
29.088885342000026,waypoint_1,-12.826642036437988,-42.425846099853516,-30.01702117919922
29.12301707100005,waypoint_1,-12.854547500610352,-42.517330169677734,-30.016563415527344
29.156989684999985,waypoint_1,-12.889483451843262,-42.63158416748047,-30.016021728515625
29.19258925500003,waypoint_1,-12.917502403259277,-42.72290802001953,-30.015636444091797
29.226540468000053,waypoint_1,-12.945586204528809,-42.81421661376953,-30.015316009521484
29.260594225999967,waypoint_1,-12.973665237426758,-42.90552520751953,-30.014976501464844
29.292570891999958,waypoint_1,-13.001740455627441,-42.9968376159668,-30.01459503173828
29.326543663000052,waypoint_1,-13.029801368713379,-43.088191986083984,-30.014156341552734
29.36055429099997,waypoint_1,-13.064861297607422,-43.20246124267578,-30.0135498046875
29.392562792000035,waypoint_1,-13.092873573303223,-43.29396438598633,-30.0130615234375
29.426549968000018,waypoint_1,-13.12086296081543,-43.38558578491211,-30.012577056884766
29.462625633000016,waypoint_1,-13.148828506469727,-43.477317810058594,-30.012115478515625
29.494634630000064,waypoint_1,-13.176778793334961,-43.56913375854492,-30.011695861816406
29.528641082000036,waypoint_1,-13.204665184020996,-43.66099166870117,-30.011322021484375
29.56262360100004,waypoint_1,-13.23943042755127,-43.775909423828125,-30.01085662841797
29.594639073000053,waypoint_1,-13.267210960388184,-43.86791229248047,-30.01043701171875
29.62860814999999,waypoint_1,-13.295039176940918,-43.95995330810547,-30.009967803955078
29.662641090999955,waypoint_1,-13.322863578796387,-44.05200958251953,-30.009544372558594
29.699077214,waypoint_1,-13.350665092468262,-44.14408874511719,-30.009193420410156
29.73309103200006,waypoint_1,-13.37851333618164,-44.23621368408203,-30.00885009765625
29.767090844999984,waypoint_1,-13.413362503051758,-44.3514289855957,-30.008426666259766
29.799075615999982,waypoint_1,-13.441251754760742,-44.44361114501953,-30.008079528808594
29.833075328000064,waypoint_1,-13.469182968139648,-44.53578567504883,-30.007709503173828
29.867088378000062,waypoint_1,-13.497143745422363,-44.627960205078125,-30.007400512695312
29.899078528000018,waypoint_1,-13.52517318725586,-44.72011184692383,-30.00713348388672
29.936215984,waypoint_1,-13.55324649810791,-44.812225341796875,-30.006999969482422
29.970315810999978,waypoint_1,-13.58830451965332,-44.927345275878906,-30.00695037841797
30.002212144000055,waypoint_1,-13.616308212280273,-45.01950454711914,-30.006999969482422
30.036262351000005,waypoint_1,-13.644274711608887,-45.11177444458008,-30.007030487060547
30.070241861,waypoint_1,-13.67220401763916,-45.204071044921875,-30.007057189941406
30.102274179999995,waypoint_1,-13.700119018554688,-45.29644012451172,-30.007091522216797
30.136225497000055,waypoint_1,-13.728048324584961,-45.38888168334961,-30.007190704345703
30.170269552000036,waypoint_1,-13.76291275024414,-45.504486083984375,-30.007366180419922
30.205223896999996,waypoint_1,-13.790821075439453,-45.59697723388672,-30.00757598876953
30.239302002000045,waypoint_1,-13.818724632263184,-45.68947982788086,-30.00780487060547
30.273334752999972,waypoint_1,-13.846631050109863,-45.78197479248047,-30.008071899414062
30.30524186499997,waypoint_1,-13.874539375305176,-45.87446212768555,-30.00838851928711
30.339215616000047,waypoint_1,-13.90240478515625,-45.966922760009766,-30.008602142333984
30.373305498000036,waypoint_1,-13.937193870544434,-46.082427978515625,-30.008834838867188
30.405200320000063,waypoint_1,-13.965025901794434,-46.17472839355469,-30.008991241455078
30.44254902399996,waypoint_1,-13.992814064025879,-46.26695251464844,-30.00908660888672
30.476609328999984,waypoint_1,-14.020537376403809,-46.359161376953125,-30.009197235107422
30.508708056000046,waypoint_1,-14.048211097717285,-46.451377868652344,-30.009307861328125
30.54251680499999,waypoint_1,-14.0758056640625,-46.54359817504883,-30.009445190429688
30.57660446600005,waypoint_1,-14.110189437866211,-46.658905029296875,-30.009536743164062
30.608649301000014,waypoint_1,-14.13760757446289,-46.75114059448242,-30.009571075439453
30.64256718499996,waypoint_1,-14.164938926696777,-46.84333801269531,-30.00959014892578
30.676592568000046,waypoint_1,-14.192261695861816,-46.93544387817383,-30.009597778320312
30.711174939999978,waypoint_1,-14.21951675415039,-47.02749252319336,-30.009613037109375
30.745176340000057,waypoint_1,-14.246703147888184,-47.11948013305664,-30.009689331054688
30.779146612999966,waypoint_1,-14.2805814743042,-47.23427200317383,-30.009723663330078
30.811117524999986,waypoint_1,-14.307619094848633,-47.32603073120117,-30.009689331054688
30.84513863999996,waypoint_1,-14.334630012512207,-47.41775894165039,-30.009613037109375
30.879141784000012,waypoint_1,-14.361611366271973,-47.50950241088867,-30.009410858154297
30.911116759000038,waypoint_1,-14.38858699798584,-47.60121154785156,-30.009082794189453
30.948299829000007,waypoint_1,-14.415534019470215,-47.69291687011719,-30.00869369506836
30.98245737900004,waypoint_1,-14.449200630187988,-47.80752182006836,-30.00811004638672
31.014331366999954,waypoint_1,-14.476093292236328,-47.89921569824219,-30.007572174072266
31.04826596800001,waypoint_1,-14.502974510192871,-47.990970611572266,-30.006961822509766
31.082327824999993,waypoint_1,-14.529830932617188,-48.08281326293945,-30.006362915039062
31.11433188000001,waypoint_1,-14.556653022766113,-48.17470932006836,-30.005817413330078
31.14825895499996,waypoint_1,-14.583456993103027,-48.26662063598633,-30.00530242919922
31.185902215000056,waypoint_1,-14.617095947265625,-48.38142776489258,-30.004615783691406
31.21787000400002,waypoint_1,-14.644073486328125,-48.4732551574707,-30.004074096679688
31.251842814000042,waypoint_1,-14.671076774597168,-48.56501770019531,-30.00356674194336
31.28587975100004,waypoint_1,-14.698105812072754,-48.65669250488281,-30.003177642822266
31.317870642999992,waypoint_1,-14.725128173828125,-48.74827194213867,-30.002883911132812
31.35182570300003,waypoint_1,-14.752096176147461,-48.83975601196289,-30.002639770507812
31.385881939,waypoint_1,-14.785758018493652,-48.9539909362793,-30.002391815185547
31.417875176000052,waypoint_1,-14.812655448913574,-49.045257568359375,-30.002254486083984
31.454642429000046,waypoint_1,-14.839523315429688,-49.136390686035156,-30.00216293334961
31.488685618999966,waypoint_1,-14.86640453338623,-49.2274169921875,-30.002159118652344
31.520637693000026,waypoint_1,-14.893263816833496,-49.31834411621094,-30.002239227294922
31.554606047999982,waypoint_1,-14.920084953308105,-49.40922164916992,-30.0023193359375
31.588639194000052,waypoint_1,-14.953603744506836,-49.522735595703125,-30.002586364746094
31.620631259999982,waypoint_1,-14.980424880981445,-49.613494873046875,-30.002864837646484
31.654617261,waypoint_1,-15.00724983215332,-49.70421600341797,-30.003124237060547
31.692644607000034,waypoint_1,-15.034143447875977,-49.79482650756836,-30.003368377685547
31.724622693000015,waypoint_1,-15.061137199401855,-49.88533401489258,-30.003589630126953
31.75873835799996,waypoint_1,-15.08818244934082,-49.97574996948242,-30.00379180908203
31.792640052000024,waypoint_1,-15.122114181518555,-50.08866882324219,-30.00403594970703
31.824641722000024,waypoint_1,-15.149346351623535,-50.179012298583984,-30.004261016845703
31.85856967899997,waypoint_1,-15.176643371582031,-50.26939010620117,-30.00458526611328
31.892614374999994,waypoint_1,-15.203988075256348,-50.35981369018555,-30.005001068115234
31.924565783000048,waypoint_1,-15.231341361999512,-50.45028305053711,-30.00546646118164
31.96260406800002,waypoint_1,-15.25875473022461,-50.54081344604492,-30.00592803955078
32.00764546300002,waypoint_1,-15.293158531188965,-50.65414047241211,-30.00653076171875
32.04382735399997,waypoint_1,-15.320779800415039,-50.7449836730957,-30.006977081298828
32.077740421000044,waypoint_1,-15.348509788513184,-50.836002349853516,-30.007373809814453
32.11176604499997,waypoint_1,-15.376328468322754,-50.92719650268555,-30.007705688476562
32.14391647800005,waypoint_1,-15.404195785522461,-51.018558502197266,-30.008014678955078
32.177759091999974,waypoint_1,-15.432076454162598,-51.1100959777832,-30.00836181640625
32.214836417000015,waypoint_1,-15.46689510345459,-51.22471618652344,-30.00885009765625
32.246853216999966,waypoint_1,-15.49477767944336,-51.316593170166016,-30.009273529052734
32.28083605799998,waypoint_1,-15.522695541381836,-51.40864181518555,-30.009693145751953
32.31484982100005,waypoint_1,-15.550639152526855,-51.50082778930664,-30.01013946533203
32.34686425699999,waypoint_1,-15.578591346740723,-51.593082427978516,-30.0106201171875
32.380831145,waypoint_1,-15.606541633605957,-51.685359954833984,-30.011157989501953
32.41486020399998,waypoint_1,-15.641498565673828,-51.80076217651367,-30.011768341064453
32.45146217000001,waypoint_1,-15.669451713562012,-51.89314651489258,-30.01220703125
32.48545808899996,waypoint_1,-15.697327613830566,-51.985572814941406,-30.012611389160156
32.51942131800001,waypoint_1,-15.725157737731934,-52.078033447265625,-30.013015747070312
32.551479562000054,waypoint_1,-15.7529296875,-52.17051315307617,-30.01343536376953
32.585421618000055,waypoint_1,-15.780646324157715,-52.263004302978516,-30.013885498046875
32.619417347999956,waypoint_1,-15.815225601196289,-52.37863540649414,-30.01443099975586
32.65150896800003,waypoint_1,-15.842851638793945,-52.471153259277344,-30.014873504638672
32.68799798600003,waypoint_1,-15.870457649230957,-52.56366729736328,-30.015323638916016
32.722007735000034,waypoint_1,-15.898070335388184,-52.65620422363281,-30.01568603515625
32.75406392299999,waypoint_1,-15.925668716430664,-52.74876403808594,-30.015945434570312
32.78799252800002,waypoint_1,-15.953286170959473,-52.84135437011719,-30.01624298095703
32.822020662,waypoint_1,-15.987784385681152,-52.95716094970703,-30.016620635986328
32.85405341499995,waypoint_1,-16.01534652709961,-53.049861907958984,-30.016929626464844
32.887998616999994,waypoint_1,-16.042865753173828,-53.14262008666992,-30.017234802246094
32.92200471499996,waypoint_1,-16.070377349853516,-53.235450744628906,-30.01751708984375
32.956719271,waypoint_1,-16.097862243652344,-53.328338623046875,-30.01776885986328
32.99065959300003,waypoint_1,-16.125328063964844,-53.4212646484375,-30.01805877685547
33.024761031000025,waypoint_1,-16.159608840942383,-53.53744125366211,-30.01837921142578
33.056691797999974,waypoint_1,-16.18698501586914,-53.63043212890625,-30.018600463867188
33.090681177999954,waypoint_1,-16.214319229125977,-53.72346878051758,-30.018836975097656
33.12473653899997,waypoint_1,-16.241636276245117,-53.81654739379883,-30.019039154052734
33.156712642,waypoint_1,-16.268918991088867,-53.909637451171875,-30.01919174194336
33.19421380599999,waypoint_1,-16.296184539794922,-54.00276184082031,-30.01931381225586
33.228142628,waypoint_1,-16.330259323120117,-54.119136810302734,-30.019412994384766
33.260209025999984,waypoint_1,-16.357559204101562,-54.212154388427734,-30.019466400146484
33.29421075699997,waypoint_1,-16.384777069091797,-54.30509948730469,-30.01950454711914
33.32819691999998,waypoint_1,-16.41193389892578,-54.398014068603516,-30.019519805908203
33.36016911399997,waypoint_1,-16.43903350830078,-54.490943908691406,-30.019512176513672
33.39420511399999,waypoint_1,-16.466129302978516,-54.58388137817383,-30.019485473632812
33.42829460400003,waypoint_1,-16.500003814697266,-54.70005798339844,-30.019458770751953
33.46314829200003,waypoint_1,-16.52715492248535,-54.793025970458984,-30.01940155029297
33.49712743099997,waypoint_1,-16.5543155670166,-54.885986328125,-30.019268035888672
33.53113269300002,waypoint_1,-16.581466674804688,-54.97893524169922,-30.019119262695312
33.563180449000015,waypoint_1,-16.60860824584961,-55.071807861328125,-30.018939971923828
33.59713095300003,waypoint_1,-16.63576889038086,-55.1646614074707,-30.018699645996094
33.63107246300001,waypoint_1,-16.66973304748535,-55.28071212768555,-30.018238067626953
33.66315829100006,waypoint_1,-16.696916580200195,-55.373531341552734,-30.01776885986328
33.702212548000034,waypoint_1,-16.724084854125977,-55.4663200378418,-30.0172119140625
33.73621294700001,waypoint_1,-16.751232147216797,-55.559059143066406,-30.016613006591797
33.76822391400003,waypoint_1,-16.77829933166504,-55.6517448425293,-30.015975952148438
33.802194224000004,waypoint_1,-16.805253982543945,-55.74441146850586,-30.01525115966797
33.836220554999954,waypoint_1,-16.83887481689453,-55.860206604003906,-30.01430892944336
33.86823349300005,waypoint_1,-16.865724563598633,-55.952762603759766,-30.013530731201172
33.90222220700002,waypoint_1,-16.892484664916992,-56.04524612426758,-30.012771606445312
33.93974185800005,waypoint_1,-16.91921615600586,-56.13768005371094,-30.011962890625
33.97175017400002,waypoint_1,-16.94590187072754,-56.230079650878906,-30.011104583740234
34.00577100199996,waypoint_1,-16.972606658935547,-56.32244873046875,-30.01024627685547
34.03973582800006,waypoint_1,-17.005985260009766,-56.43778991699219,-30.00905990600586
34.07173632700005,waypoint_1,-17.032686233520508,-56.52997970581055,-30.008140563964844
34.105736966999984,waypoint_1,-17.059450149536133,-56.622047424316406,-30.00733184814453
34.13974167599997,waypoint_1,-17.08625602722168,-56.71399688720703,-30.006633758544922
34.17174261100001,waypoint_1,-17.113067626953125,-56.80582809448242,-30.006072998046875
34.210788586000035,waypoint_1,-17.139890670776367,-56.89760208129883,-30.005645751953125
34.244853510999974,waypoint_1,-17.173437118530273,-57.01216506958008,-30.005271911621094
34.27682083499997,waypoint_1,-17.200246810913086,-57.10371780395508,-30.005050659179688
34.31083343900002,waypoint_1,-17.227022171020508,-57.19520950317383,-30.004878997802734
34.34490507500004,waypoint_1,-17.253774642944336,-57.286678314208984,-30.004745483398438
34.37683041499997,waypoint_1,-17.280603408813477,-57.37807083129883,-30.00463104248047
34.41080312200006,waypoint_1,-17.307422637939453,-57.46940612792969,-30.004573822021484
34.44919510099999,waypoint_1,-17.340946197509766,-57.58348846435547,-30.00452423095703
34.48119030300006,waypoint_1,-17.367740631103516,-57.67469024658203,-30.004531860351562
34.51519086300004,waypoint_1,-17.39444923400879,-57.765869140625,-30.004596710205078
34.549172913999996,waypoint_1,-17.421043395996094,-57.85708999633789,-30.004688262939453
34.581200110000054,waypoint_1,-17.447546005249023,-57.948272705078125,-30.004817962646484
34.61518718100001,waypoint_1,-17.47396469116211,-58.0394172668457,-30.005008697509766
34.64916204999997,waypoint_1,-17.50684928894043,-58.15327835083008,-30.005321502685547
34.68591604699998,waypoint_1,-17.533077239990234,-58.244388580322266,-30.005569458007812
34.719646517,waypoint_1,-17.559261322021484,-58.33552932739258,-30.00582504272461
34.753696106999996,waypoint_1,-17.585418701171875,-58.42671203613281,-30.006099700927734
34.785701562999975,waypoint_1,-17.611591339111328,-58.51792526245117,-30.00638198852539
34.81965334000006,waypoint_1,-17.637786865234375,-58.60917282104492,-30.006519317626953
34.85371598400002,waypoint_1,-17.67063331604004,-58.7232551574707,-30.00662612915039
34.88568944899998,waypoint_1,-17.696949005126953,-58.81451416015625,-30.00666046142578
34.91966564200004,waypoint_1,-17.723285675048828,-58.90574645996094,-30.00659942626953
34.957796159000054,waypoint_1,-17.7496280670166,-58.99697494506836,-30.006450653076172
34.989813153,waypoint_1,-17.775981903076172,-59.08823776245117,-30.006237030029297
35.02384697100001,waypoint_1,-17.80238151550293,-59.1795768737793,-30.006019592285156
35.05779142200004,waypoint_1,-17.83542823791504,-59.29388427734375,-30.005714416503906
35.089835163999965,waypoint_1,-17.861852645874023,-59.38542175292969,-30.005451202392578
35.12383372900001,waypoint_1,-17.888280868530273,-59.47700119018555,-30.005126953125
35.159207476000006,waypoint_1,-17.914718627929688,-59.568603515625,-30.004741668701172
35.195291577000035,waypoint_1,-17.941165924072266,-59.66019058227539,-30.004314422607422
35.228753522000034,waypoint_1,-17.967622756958008,-59.75175857543945,-30.003860473632812
35.26274355700002,waypoint_1,-18.00063705444336,-59.86625671386719,-30.003284454345703
35.29476595799997,waypoint_1,-18.02700424194336,-59.9578971862793,-30.0028076171875
35.32879347599999,waypoint_1,-18.053375244140625,-60.04953384399414,-30.002304077148438
35.362758358000065,waypoint_1,-18.079753875732422,-60.14115905761719,-30.001781463623047
35.39478337800006,waypoint_1,-18.106122970581055,-60.2327995300293,-30.001270294189453
35.428758956000024,waypoint_1,-18.13249397277832,-60.32442092895508,-30.000770568847656
35.46637812999995,waypoint_1,-18.165441513061523,-60.43882751464844,-30.000293731689453
35.498378600000024,waypoint_1,-18.19172477722168,-60.53030014038086,-30.00006103515625
35.53236338500005,waypoint_1,-18.217960357666016,-60.62176513671875,-29.999988555908203
35.56640099200001,waypoint_1,-18.24417495727539,-60.71323776245117,-29.999958038330078
35.59840250800005,waypoint_1,-18.27035140991211,-60.80472183227539,-29.999954223632812
35.632368844999974,waypoint_1,-18.296480178833008,-60.896244049072266,-30.00003433227539
35.666368860000034,waypoint_1,-18.32908058166504,-61.010704040527344,-30.00018310546875
35.703478528999995,waypoint_1,-18.355070114135742,-61.10232162475586,-30.000354766845703
35.73737891300004,waypoint_1,-18.380970001220703,-61.1939811706543,-30.000625610351562
35.771403744000054,waypoint_1,-18.40680694580078,-61.285667419433594,-30.000938415527344
35.80344314900003,waypoint_1,-18.432559967041016,-61.37735366821289,-30.001266479492188
35.83739747599998,waypoint_1,-18.458189010620117,-61.46901321411133,-30.001598358154297
35.87295397699995,waypoint_1,-18.490062713623047,-61.5835075378418,-30.002056121826172
35.90495360099999,waypoint_1,-18.515493392944336,-61.67502212524414,-30.002445220947266
35.94284675899996,waypoint_1,-18.540912628173828,-61.76652908325195,-30.002857208251953
35.97690368099995,waypoint_1,-18.566328048706055,-61.85800552368164,-30.003223419189453
36.00884264499996,waypoint_1,-18.59173583984375,-61.94942092895508,-30.0035400390625
36.04285484000002,waypoint_1,-18.61716079711914,-62.04080581665039,-30.0037841796875
36.07686375399999,waypoint_1,-18.649011611938477,-62.154972076416016,-30.003955841064453
36.108865134999974,waypoint_1,-18.674560546875,-62.24628829956055,-30.004009246826172
36.142833660000065,waypoint_1,-18.700157165527344,-62.337615966796875,-30.004024505615234
36.17688046600006,waypoint_1,-18.72576141357422,-62.4289436340332,-30.004024505615234
36.214164407,waypoint_1,-18.751359939575195,-62.52025604248047,-30.003997802734375
36.24799356400001,waypoint_1,-18.776939392089844,-62.611568450927734,-30.00399398803711
36.28199416699999,waypoint_1,-18.808897018432617,-62.725711822509766,-30.003986358642578
36.31420408500003,waypoint_1,-18.83447265625,-62.81699752807617,-30.003982543945312
36.34799224100004,waypoint_1,-18.86004638671875,-62.90825271606445,-30.00399398803711
36.38203181999995,waypoint_1,-18.885635375976562,-62.999481201171875,-30.00403594970703
36.41407071399999,waypoint_1,-18.91126251220703,-63.09071731567383,-30.00408935546875
36.45206676400005,waypoint_1,-18.93697166442871,-63.181983947753906,-30.004100799560547
36.486074583000004,waypoint_1,-18.969253540039062,-63.29609298706055,-30.004119873046875
36.51815993900004,waypoint_1,-18.995180130004883,-63.3873405456543,-30.004150390625
36.552081574,waypoint_1,-19.021207809448242,-63.47850799560547,-30.004207611083984
36.58608600499997,waypoint_1,-19.047321319580078,-63.56962966918945,-30.00432586669922
36.61812189199998,waypoint_1,-19.07349395751953,-63.66073226928711,-30.004497528076172
36.652073726000026,waypoint_1,-19.099729537963867,-63.7518310546875,-30.004764556884766
36.68818606499997,waypoint_1,-19.1325626373291,-63.865760803222656,-30.005126953125
36.72020378299999,waypoint_1,-19.158859252929688,-63.956966400146484,-30.005428314208984
36.75521298199999,waypoint_1,-19.18514060974121,-64.0482406616211,-30.00576400756836
36.789203765000025,waypoint_1,-19.211402893066406,-64.1395263671875,-30.006088256835938
36.82124167400002,waypoint_1,-19.237653732299805,-64.23084259033203,-30.006431579589844
36.855204110000045,waypoint_1,-19.263872146606445,-64.3221435546875,-30.00674057006836
36.88920008000002,waypoint_1,-19.296573638916016,-64.43629455566406,-30.00713348388672
36.921247042000005,waypoint_1,-19.322668075561523,-64.5277099609375,-30.007400512695312
36.96084771799997,waypoint_1,-19.348724365234375,-64.61917114257812,-30.007617950439453
36.99488786100005,waypoint_1,-19.374677658081055,-64.71068572998047,-30.007720947265625
37.02682005400004,waypoint_1,-19.400592803955078,-64.80220031738281,-30.00771713256836
37.06078691899995,waypoint_1,-19.426509857177734,-64.89371490478516,-30.007732391357422
37.09491492799998,waypoint_1,-19.458934783935547,-65.00812530517578,-30.007713317871094
37.12678071000005,waypoint_1,-19.484905242919922,-65.09967803955078,-30.007659912109375
37.16085732099998,waypoint_1,-19.5108699798584,-65.19126892089844,-30.007522583007812
37.19948695200003,waypoint_1,-19.53682518005371,-65.28296661376953,-30.007320404052734
37.23148176400002,waypoint_1,-19.562795639038086,-65.37471008300781,-30.00702667236328
37.26551731999996,waypoint_1,-19.588781356811523,-65.46648406982422,-30.006752014160156
37.29951926700005,waypoint_1,-19.621267318725586,-65.58111572265625,-30.006332397460938
37.331527361999974,waypoint_1,-19.64728355407715,-65.67277526855469,-30.00598907470703
37.36550667000006,waypoint_1,-19.673336029052734,-65.76438903808594,-30.005706787109375
37.39948697800003,waypoint_1,-19.699413299560547,-65.8559799194336,-30.005428314208984
37.43509510299998,waypoint_1,-19.72553062438965,-65.94754028320312,-30.005157470703125
37.46907012999998,waypoint_1,-19.751665115356445,-66.03910064697266,-30.004840850830078
37.503121394000004,waypoint_1,-19.78432273864746,-66.15350341796875,-30.004398345947266
37.535125809999954,waypoint_1,-19.81043243408203,-66.24501037597656,-30.004013061523438
37.569070402999955,waypoint_1,-19.836515426635742,-66.33654022216797,-30.003582000732422
37.60307181799999,waypoint_1,-19.862594604492188,-66.42807006835938,-30.00313949584961
37.63511212000003,waypoint_1,-19.888601303100586,-66.51957702636719,-30.002696990966797
37.66908957700002,waypoint_1,-19.91452980041504,-66.61111450195312,-30.002307891845703
37.708054445000016,waypoint_1,-19.946924209594727,-66.72560119628906,-30.001827239990234
37.74156961799997,waypoint_1,-19.972881317138672,-66.81725311279297,-30.001445770263672
37.77661522200003,waypoint_1,-19.998886108398438,-66.90898132324219,-30.001056671142578
37.81059072200003,waypoint_1,-20.02493667602539,-67.00077056884766,-30.00066375732422
37.84365127000001,waypoint_1,-20.051006317138672,-67.09259033203125,-30.000263214111328
37.87761678900006,waypoint_1,-20.077091217041016,-67.18443298339844,-29.99993133544922
37.911640214000045,waypoint_1,-20.109657287597656,-67.2993392944336,-29.999591827392578
37.94747923,waypoint_1,-20.135683059692383,-67.391357421875,-29.999401092529297
37.981018327000015,waypoint_1,-20.161638259887695,-67.48345184326172,-29.999324798583984
38.015034558000025,waypoint_1,-20.18755531311035,-67.57564544677734,-29.999305725097656
38.047049207999976,waypoint_1,-20.213472366333008,-67.66789245605469,-29.999313354492188
38.081006817,waypoint_1,-20.2393741607666,-67.76020812988281,-29.99923324584961
38.11499271100001,waypoint_1,-20.271812438964844,-67.87571716308594,-29.999114990234375
38.14836777400001,waypoint_1,-20.297868728637695,-67.96821594238281,-29.999011993408203
38.18539012999997,waypoint_1,-20.324007034301758,-68.06077575683594,-29.998897552490234
38.22277403999999,waypoint_1,-20.350250244140625,-68.15338134765625,-29.99881362915039
38.25482338899997,waypoint_1,-20.376564025878906,-68.24603271484375,-29.99872589111328
38.28872850100004,waypoint_1,-20.402952194213867,-68.33869171142578,-29.998641967773438
38.322822443000064,waypoint_1,-20.436058044433594,-68.45455169677734,-29.998458862304688
38.35478533000003,waypoint_1,-20.46261978149414,-68.54727172851562,-29.998302459716797
38.38996539699997,waypoint_1,-20.489221572875977,-68.63997650146484,-29.998199462890625
38.423979918999976,waypoint_1,-20.51587677001953,-68.73262786865234,-29.998104095458984
38.46117079199996,waypoint_1,-20.54254150390625,-68.8251953125,-29.99802017211914
38.49966143500001,waypoint_1,-20.569181442260742,-68.917724609375,-29.997909545898438
38.53557652799998,waypoint_1,-20.602397918701172,-69.0333023071289,-29.99777603149414
38.567604894000056,waypoint_1,-20.628925323486328,-69.1257095336914,-29.99767303466797
38.601590059000046,waypoint_1,-20.655426025390625,-69.21810150146484,-29.99755096435547
38.63559825499999,waypoint_1,-20.681909561157227,-69.3105239868164,-29.997440338134766
38.667626796000036,waypoint_1,-20.708385467529297,-69.40293884277344,-29.997360229492188
38.706303822999985,waypoint_1,-20.734861373901367,-69.4953384399414,-29.997299194335938
38.740310744,waypoint_1,-20.767986297607422,-69.61079406738281,-29.997241973876953
38.77234364599997,waypoint_1,-20.794544219970703,-69.70309448242188,-29.997222900390625
38.806296606000046,waypoint_1,-20.821165084838867,-69.79534149169922,-29.99720001220703
38.84029014500004,waypoint_1,-20.847822189331055,-69.88753509521484,-29.99715805053711
38.872341604999974,waypoint_1,-20.87452507019043,-69.97965240478516,-29.99710464477539
38.90630763299998,waypoint_1,-20.901309967041016,-70.0716781616211,-29.997051239013672
38.94501914199998,waypoint_1,-20.93483543395996,-70.18659210205078,-29.996925354003906
38.97702687900005,waypoint_1,-20.961652755737305,-70.27840423583984,-29.996814727783203
39.01094810899997,waypoint_1,-20.988445281982422,-70.37008666992188,-29.99673080444336
39.044963318999976,waypoint_1,-21.015180587768555,-70.4616928100586,-29.996662139892578
39.07701381900006,waypoint_1,-21.041812896728516,-70.55323791503906,-29.996597290039062
39.110957703000054,waypoint_1,-21.068355560302734,-70.64472961425781,-29.996566772460938
39.14495466000005,waypoint_1,-21.101396560668945,-70.75898742675781,-29.99660873413086
39.17699553399996,waypoint_1,-21.127727508544922,-70.8503189086914,-29.996707916259766
39.216079516000036,waypoint_1,-21.154022216796875,-70.94160461425781,-29.99686050415039
39.25109448499995,waypoint_1,-21.1803035736084,-71.0328369140625,-29.997100830078125
39.28327648300001,waypoint_1,-21.206552505493164,-71.12408447265625,-29.997451782226562
39.317102705000025,waypoint_1,-21.23275375366211,-71.21542358398438,-29.997966766357422
39.35108355099999,waypoint_1,-21.265422821044922,-71.32971954345703,-29.998676300048828
39.38314013499996,waypoint_1,-21.291460037231445,-71.42125701904297,-29.99925994873047
39.41705786,waypoint_1,-21.317380905151367,-71.51282501220703,-29.999855041503906
39.45567338700005,waypoint_1,-21.343196868896484,-71.60444641113281,-30.000438690185547
39.487693315,waypoint_1,-21.368915557861328,-71.69611358642578,-30.00100326538086
39.52164747799998,waypoint_1,-21.394515991210938,-71.78781127929688,-30.001537322998047
39.55566167500001,waypoint_1,-21.42643165588379,-71.90248107910156,-30.002105712890625
39.587712708000026,waypoint_1,-21.451919555664062,-71.99425506591797,-30.002487182617188
39.621655070999964,waypoint_1,-21.477357864379883,-72.08609008789062,-30.002826690673828
39.65570201000003,waypoint_1,-21.50279998779297,-72.17799377441406,-30.00313949584961
39.69201238799997,waypoint_1,-21.528276443481445,-72.2698974609375,-30.003421783447266
39.72596573800001,waypoint_1,-21.553817749023438,-72.36176300048828,-30.003665924072266
39.75996784100005,waypoint_1,-21.585798263549805,-72.47654724121094,-30.003902435302734
39.79200964000006,waypoint_1,-21.611434936523438,-72.56832122802734,-30.004039764404297
39.82597932600004,waypoint_1,-21.637113571166992,-72.66004943847656,-30.004119873046875
39.85997146600005,waypoint_1,-21.662822723388672,-72.75177764892578,-30.00409698486328
39.89200737099998,waypoint_1,-21.688566207885742,-72.84353637695312,-30.003997802734375
39.925953496000034,waypoint_1,-21.7143611907959,-72.93537139892578,-30.003925323486328
39.96411846900003,waypoint_1,-21.746673583984375,-73.05033111572266,-30.003795623779297
39.996010146,waypoint_1,-21.772611618041992,-73.14247131347656,-30.00365447998047
40.03007817599996,waypoint_1,-21.798582077026367,-73.23470306396484,-30.00351333618164
40.064082106,waypoint_1,-21.82459831237793,-73.32704162597656,-30.003376007080078
40.09603354800004,waypoint_1,-21.85071563720703,-73.41946411132812,-30.003276824951172
40.13001954599997,waypoint_1,-21.876943588256836,-73.51197052001953,-30.003173828125
40.16409226899998,waypoint_1,-21.909849166870117,-73.6277084350586,-30.0030517578125
40.20040720999998,waypoint_1,-21.93622398376465,-73.72035217285156,-30.00295639038086
40.23441940600003,waypoint_1,-21.96268653869629,-73.81302642822266,-30.002883911132812
40.26837056199997,waypoint_1,-21.98923110961914,-73.90568542480469,-30.00277328491211
40.300464000000034,waypoint_1,-22.015811920166016,-73.9982681274414,-30.002635955810547
40.334475026000064,waypoint_1,-22.042461395263672,-74.09076690673828,-30.002426147460938
40.368363000000045,waypoint_1,-22.075878143310547,-74.2063217163086,-30.002120971679688
40.40040357600003,waypoint_1,-22.10266876220703,-74.29869842529297,-30.00188446044922
40.438943508999955,waypoint_1,-22.12946128845215,-74.3909912109375,-30.001651763916016
40.472747733999995,waypoint_1,-22.15625,-74.4832763671875,-30.001354217529297
40.50478902999998,waypoint_1,-22.183055877685547,-74.5755615234375,-30.001056671142578
40.538754970000014,waypoint_1,-22.209915161132812,-74.66786193847656,-30.00079345703125
40.572751916000016,waypoint_1,-22.243513107299805,-74.78331756591797,-30.00052261352539
40.60477302100003,waypoint_1,-22.27042007446289,-74.87574005126953,-30.00039291381836
40.63876338399996,waypoint_1,-22.297321319580078,-74.96821594238281,-30.000328063964844
40.67274223100003,waypoint_2,-22.324195861816406,-75.06073760986328,-30.000293731689453
40.708889803000034,waypoint_2,-22.35097885131836,-75.15327453613281,-30.000240325927734
40.742849012999955,waypoint_2,-22.37765121459961,-75.24580383300781,-30.00015640258789
40.77684418600006,waypoint_2,-22.410789489746094,-75.3613510131836,-30.001548767089844
40.80885654999997,waypoint_2,-22.437070846557617,-75.4536361694336,-30.00460433959961
40.842871995999985,waypoint_2,-22.462862014770508,-75.54566955566406,-30.009193420410156
40.87682162400006,waypoint_2,-22.48777961730957,-75.63732147216797,-30.0150146484375
40.90888776600002,waypoint_2,-22.511316299438477,-75.72846984863281,-30.021724700927734
40.94689246500002,waypoint_2,-22.532991409301758,-75.8190689086914,-30.028934478759766
40.980942657000014,waypoint_2,-22.556713104248047,-75.93151092529297,-30.037845611572266
41.012872508999976,waypoint_2,-22.572538375854492,-76.02080535888672,-30.04444122314453
41.04686893100006,waypoint_2,-22.585186004638672,-76.10945892333984,-30.050304412841797
41.080993412,waypoint_2,-22.594568252563477,-76.19749450683594,-30.055328369140625
41.112962312000036,waypoint_2,-22.600326538085938,-76.28485870361328,-30.059410095214844
41.14686133099997,waypoint_2,-22.60234260559082,-76.37156677246094,-30.062458038330078
41.18091411,waypoint_2,-22.59935188293457,-76.47901916503906,-30.064838409423828
41.21797677899997,waypoint_2,-22.5926570892334,-76.56427764892578,-30.065662384033203
41.25198588000001,waypoint_2,-22.582080841064453,-76.64895629882812,-30.065593719482422
41.28597972900002,waypoint_2,-22.56767463684082,-76.73308563232422,-30.06468963623047
41.31802269000002,waypoint_2,-22.54953956604004,-76.81671905517578,-30.06307601928711
41.35198027900003,waypoint_2,-22.52798843383789,-76.89990234375,-30.060871124267578
41.38599087099999,waypoint_2,-22.49611473083496,-77.00328826904297,-30.05740737915039
41.41801220000002,waypoint_2,-22.46700668334961,-77.08560180664062,-30.054229736328125
41.45498272400005,waypoint_2,-22.43480110168457,-77.1676254272461,-30.050811767578125
41.48896191899996,waypoint_2,-22.39971351623535,-77.24939727783203,-30.047264099121094
41.52099769100005,waypoint_2,-22.36193084716797,-77.33096313476562,-30.043643951416016
41.555028064,waypoint_2,-22.32166290283203,-77.41236877441406,-30.040069580078125
41.58895509299998,waypoint_2,-22.268125534057617,-77.51402282714844,-30.035755157470703
41.62092803300004,waypoint_2,-22.22311782836914,-77.59520721435547,-30.032466888427734
41.654981884999984,waypoint_2,-22.176240921020508,-77.67633056640625,-30.02936553955078
41.69270174400003,waypoint_2,-22.12773323059082,-77.75741577148438,-30.02645492553711
41.724729682999964,waypoint_2,-22.07778549194336,-77.8384780883789,-30.023738861083984
41.75864523500002,waypoint_2,-22.02655601501465,-77.91954803466797,-30.02124786376953
41.792672480999954,waypoint_2,-21.96094512939453,-78.02088165283203,-30.018463134765625
41.82469044100003,waypoint_2,-21.907398223876953,-78.1019287109375,-30.016502380371094
41.858684538000034,waypoint_2,-21.853055953979492,-78.1829605102539,-30.014785766601562
41.892685013999994,waypoint_2,-21.798038482666016,-78.26394653320312,-30.013263702392578
41.92468502200006,waypoint_2,-21.742473602294922,-78.34492492675781,-30.011966705322266
41.962794691,waypoint_2,-21.68644142150879,-78.42583465576172,-30.01082992553711
41.99680649100003,waypoint_2,-21.61583709716797,-78.52690887451172,-30.00973129272461
42.02884087799998,waypoint_2,-21.558958053588867,-78.60771942138672,-30.009044647216797
42.062794467,waypoint_2,-21.501745223999023,-78.6884765625,-30.00848388671875
42.096790059,waypoint_2,-21.444238662719727,-78.76918029785156,-30.007999420166016
42.128832276000026,waypoint_2,-21.386493682861328,-78.84982299804688,-30.007553100585938
42.16279530200006,waypoint_2,-21.328556060791016,-78.93035125732422,-30.007137298583984
42.20061928300004,waypoint_2,-21.25604248046875,-79.03092193603516,-30.006591796875
42.23244562299999,waypoint_2,-21.197967529296875,-79.11129760742188,-30.00611114501953
42.266467379999995,waypoint_2,-21.139869689941406,-79.19159698486328,-30.005611419677734
42.30070678300001,waypoint_2,-21.081750869750977,-79.27182006835938,-30.005168914794922
42.332518824999966,waypoint_2,-21.023591995239258,-79.35200500488281,-30.004810333251953
42.36641738900005,waypoint_2,-20.965444564819336,-79.43213653564453,-30.00455093383789
42.40048653400004,waypoint_2,-20.89287567138672,-79.53215789794922,-30.004276275634766
42.43295286099999,waypoint_2,-20.834924697875977,-79.61200714111328,-30.004032135009766
42.47140430100001,waypoint_2,-20.777141571044922,-79.6917495727539,-30.003761291503906
42.50540794699998,waypoint_2,-20.71949005126953,-79.77142333984375,-30.003456115722656
42.53741684500005,waypoint_2,-20.6619873046875,-79.85107421875,-30.003128051757812
42.57139952099999,waypoint_2,-20.60465431213379,-79.93070983886719,-30.002914428710938
42.60539853700004,waypoint_2,-20.533231735229492,-80.03026580810547,-30.002796173095703
42.637420618999954,waypoint_2,-20.47633171081543,-80.10995483398438,-30.002788543701172
42.67139425200003,waypoint_2,-20.419631958007812,-80.18965911865234,-30.002792358398438
42.70884762900005,waypoint_2,-20.36302947998047,-80.269287109375,-30.002845764160156
42.740939595999976,waypoint_2,-20.306640625,-80.34886169433594,-30.00295639038086
42.77490353799999,waypoint_2,-20.250446319580078,-80.4283447265625,-30.002986907958984
42.80889069500006,waypoint_2,-20.18047332763672,-80.52754211425781,-30.003040313720703
42.84090267400006,waypoint_2,-20.124736785888672,-80.60678100585938,-30.003047943115234
42.87486935599998,waypoint_2,-20.06922149658203,-80.68587493896484,-30.002971649169922
42.90886234900006,waypoint_2,-20.01392936706543,-80.76483154296875,-30.00284194946289
42.94536192800001,waypoint_2,-19.95882797241211,-80.84363555908203,-30.00263214111328
42.97927480999999,waypoint_2,-19.90380859375,-80.92225646972656,-30.002445220947266
43.013331902000004,waypoint_2,-19.835264205932617,-81.02032470703125,-30.00214385986328
43.045341234000034,waypoint_2,-19.780620574951172,-81.09864807128906,-30.00183868408203
43.07926346900001,waypoint_2,-19.726097106933594,-81.1768569946289,-30.00149917602539
43.11329640500003,waypoint_2,-19.67165756225586,-81.25495910644531,-30.00115203857422
43.145327253999994,waypoint_2,-19.617250442504883,-81.3329849243164,-30.00082015991211
43.17927845099996,waypoint_2,-19.562889099121094,-81.41091918945312,-30.00051498413086
43.21794216700005,waypoint_2,-19.494924545288086,-81.50816345214844,-30.000179290771484
43.24978579800006,waypoint_2,-19.440502166748047,-81.58583068847656,-29.999980926513672
43.28382740500001,waypoint_2,-19.38602066040039,-81.66336822509766,-29.999858856201172
43.317959816999974,waypoint_2,-19.33146095275879,-81.74079132080078,-29.999801635742188
43.349839917000054,waypoint_2,-19.276758193969727,-81.8180923461914,-29.999786376953125
43.38381941800003,waypoint_2,-19.221935272216797,-81.89529418945312,-29.999847412109375
43.41784700300002,waypoint_2,-19.15327262878418,-81.99169921875,-29.999984741210938
43.454038368000056,waypoint_2,-19.098207473754883,-82.0687484741211,-30.000152587890625
43.48798655400003,waypoint_2,-19.04298973083496,-82.14572143554688,-30.00035858154297
43.52202697200005,waypoint_2,-18.98762321472168,-82.22257995605469,-30.000537872314453
43.554069396000045,waypoint_2,-18.932146072387695,-82.29934692382812,-30.000648498535156
43.58804831600003,waypoint_2,-18.876575469970703,-82.37606048583984,-30.000694274902344
43.62199632099998,waypoint_2,-18.806987762451172,-82.4718017578125,-30.000762939453125
43.654000687999996,waypoint_2,-18.751283645629883,-82.54832458496094,-30.00079345703125
43.692597970000065,waypoint_2,-18.69554901123047,-82.6247787475586,-30.000701904296875
43.726538638999955,waypoint_2,-18.63973045349121,-82.70115661621094,-30.000579833984375
43.75860014700004,waypoint_2,-18.583797454833984,-82.77745819091797,-30.000404357910156
43.79255794100004,waypoint_2,-18.527727127075195,-82.8536605834961,-30.000221252441406
43.826562309999986,waypoint_2,-18.45747184753418,-82.94881439208984,-30.000049591064453
43.85854997800004,waypoint_2,-18.401119232177734,-83.02483367919922,-29.999961853027344
43.89254604600001,waypoint_2,-18.34467124938965,-83.100830078125,-29.999954223632812
43.92658079,waypoint_2,-18.288129806518555,-83.17678833007812,-30.000057220458984
43.96264424900005,waypoint_2,-18.231508255004883,-83.25271606445312,-30.000247955322266
43.99659330899999,waypoint_2,-18.174789428710938,-83.32865142822266,-30.000499725341797
44.030612786999995,waypoint_2,-18.10380744934082,-83.42357635498047,-30.000843048095703
44.06262593400004,waypoint_2,-18.04690170288086,-83.4994888305664,-30.001144409179688
44.09664233399997,waypoint_2,-17.989898681640625,-83.57534790039062,-30.00152587890625
44.13061664600002,waypoint_2,-17.932754516601562,-83.6511459350586,-30.001911163330078
44.16265939499999,waypoint_2,-17.8754825592041,-83.72689056396484,-30.0023193359375
44.201970465000045,waypoint_2,-17.818082809448242,-83.8026123046875,-30.002670288085938
44.235823605000064,waypoint_2,-17.74618148803711,-83.89726257324219,-30.00301742553711
44.267858520000004,waypoint_2,-17.688526153564453,-83.97295379638672,-30.003223419189453
44.301981908000016,waypoint_2,-17.63074493408203,-84.04861450195312,-30.00336456298828
44.335832681000056,waypoint_2,-17.572908401489258,-84.1241683959961,-30.003414154052734
44.36787552199996,waypoint_2,-17.51500129699707,-84.19963073730469,-30.003406524658203
44.40197829400006,waypoint_2,-17.4570369720459,-84.27505493164062,-30.003360748291016
44.44041925299996,waypoint_2,-17.38447380065918,-84.3692855834961,-30.003173828125
44.47232739800006,waypoint_2,-17.326374053955078,-84.44461822509766,-30.002933502197266
44.506276383,waypoint_2,-17.26826286315918,-84.5198974609375,-30.002635955810547
44.540278348000015,waypoint_2,-17.21013641357422,-84.59514617919922,-30.002300262451172
44.572314258999995,waypoint_2,-17.15195083618164,-84.6703872680664,-30.001949310302734
44.60627631700004,waypoint_2,-17.09375762939453,-84.74556732177734,-30.001495361328125
44.64026734000004,waypoint_2,-17.020999908447266,-84.83955383300781,-30.000919342041016
44.672334483999975,waypoint_2,-16.962766647338867,-84.91471099853516,-30.00045394897461
44.71115927899996,waypoint_2,-16.90452003479004,-84.98982238769531,-30.00000762939453
44.74515527799997,waypoint_2,-16.84630012512207,-85.06489562988281,-29.999553680419922
44.77720765000004,waypoint_2,-16.78807258605957,-85.13993835449219,-29.99911117553711
44.81115493499999,waypoint_2,-16.7298583984375,-85.2149658203125,-29.99869155883789
44.84515859700002,waypoint_2,-16.65702247619629,-85.30875396728516,-29.998279571533203
44.877193541999986,waypoint_2,-16.598703384399414,-85.38377380371094,-29.998035430908203
44.91115440600004,waypoint_2,-16.540315628051758,-85.4587631225586,-29.997852325439453
44.94805722399997,waypoint_2,-16.481895446777344,-85.53372192382812,-29.99765396118164
44.98209577399996,waypoint_2,-16.423450469970703,-85.60870361328125,-29.997451782226562
45.016073439000024,waypoint_2,-16.364925384521484,-85.68373107910156,-29.9971923828125
45.04810574800001,waypoint_2,-16.30629539489746,-85.75887298583984,-29.996997833251953
45.08212238700003,waypoint_2,-16.232892990112305,-85.85296630859375,-29.996845245361328
45.116104750999966,waypoint_2,-16.174110412597656,-85.92831420898438,-29.996742248535156
45.148057599000026,waypoint_2,-16.1153507232666,-86.00374603271484,-29.996688842773438
45.18213392400003,waypoint_2,-16.056596755981445,-86.07926177978516,-29.99666976928711
45.22114239200005,waypoint_2,-15.997848510742188,-86.15484619140625,-29.996685028076172
45.25311399199995,waypoint_2,-15.939139366149902,-86.2304458618164,-29.996688842773438
45.28711864000002,waypoint_2,-15.865765571594238,-86.32496643066406,-29.99661636352539
45.32115813500002,waypoint_2,-15.807076454162598,-86.40060424804688,-29.99648666381836
45.35311976599996,waypoint_2,-15.748356819152832,-86.4762954711914,-29.99637222290039
45.38711151899997,waypoint_2,-15.689608573913574,-86.55198669433594,-29.99628448486328
45.421080726000014,waypoint_2,-15.63088321685791,-86.62770080566406,-29.996131896972656
45.45649043399999,waypoint_2,-15.57218074798584,-86.70339965820312,-29.99596405029297
45.49051454200003,waypoint_2,-15.498764038085938,-86.79800415039062,-29.995689392089844
45.52451389199996,waypoint_2,-15.440031051635742,-86.87364959716797,-29.995399475097656
45.556489036000016,waypoint_2,-15.381291389465332,-86.94927978515625,-29.99504852294922
45.590522000999954,waypoint_2,-15.322571754455566,-87.02490234375,-29.994651794433594
45.62454233300002,waypoint_2,-15.263877868652344,-87.10054016113281,-29.994232177734375
45.656464390999986,waypoint_2,-15.205206871032715,-87.1761703491211,-29.993797302246094
45.694735354000045,waypoint_2,-15.132003784179688,-87.27064514160156,-29.99321746826172
45.728624112000034,waypoint_2,-15.073508262634277,-87.34619140625,-29.99274444580078
45.760613928,waypoint_2,-15.015042304992676,-87.4217300415039,-29.99217987060547
45.794739265999965,waypoint_2,-14.9566011428833,-87.4972915649414,-29.991558074951172
45.82862602500006,waypoint_2,-14.898181915283203,-87.57286071777344,-29.990928649902344
45.860653927000044,waypoint_2,-14.839740753173828,-87.6484603881836,-29.990341186523438
45.89468734800005,waypoint_2,-14.766633987426758,-87.7430419921875,-29.989704132080078
45.92864364700006,waypoint_2,-14.708093643188477,-87.81877899169922,-29.989299774169922
45.964422117000026,waypoint_2,-14.649516105651855,-87.89459991455078,-29.98889923095703
45.998452061999956,waypoint_2,-14.590904235839844,-87.97052764892578,-29.988529205322266
46.03246074200001,waypoint_2,-14.532307624816895,-88.04653930664062,-29.98822784423828
46.06440608699995,waypoint_2,-14.47372055053711,-88.12267303466797,-29.98800277709961
46.09846005300005,waypoint_2,-14.400465965270996,-88.2179946899414,-29.98776626586914
46.13243605900004,waypoint_2,-14.341828346252441,-88.29438018798828,-29.98755645751953
46.16441039799997,waypoint_2,-14.283164024353027,-88.37083435058594,-29.987384796142578
46.20353793300001,waypoint_2,-14.224459648132324,-88.44730377197266,-29.98725128173828
46.23745356100005,waypoint_2,-14.165725708007812,-88.52378845214844,-29.987228393554688
46.269424802,waypoint_2,-14.106958389282227,-88.60028076171875,-29.987274169921875
46.30338898299999,waypoint_2,-14.033516883850098,-88.69586944580078,-29.987422943115234
46.337344322000035,waypoint_2,-13.974804878234863,-88.77230072021484,-29.987594604492188
46.36938360900001,waypoint_2,-13.91610336303711,-88.84873962402344,-29.987850189208984
46.403343724000024,waypoint_2,-13.857393264770508,-88.9251708984375,-29.988182067871094
46.44124845199997,waypoint_2,-13.798648834228516,-89.00163269042969,-29.988582611083984
46.472969904000024,waypoint_2,-13.739840507507324,-89.07809448242188,-29.988998413085938
46.50696405200006,waypoint_2,-13.666218757629395,-89.17365264892578,-29.989498138427734
46.54093989800003,waypoint_2,-13.607209205627441,-89.25010681152344,-29.989856719970703
46.57300645800001,waypoint_2,-13.548070907592773,-89.32658386230469,-29.990158081054688
46.60703313900001,waypoint_2,-13.488789558410645,-89.4030990600586,-29.990428924560547
46.64094724300003,waypoint_2,-13.42934513092041,-89.47964477539062,-29.990657806396484
46.67296169999997,waypoint_2,-13.36978816986084,-89.55613708496094,-29.99081039428711
46.71006455899999,waypoint_2,-13.29520034790039,-89.6517562866211,-29.990894317626953
46.74393985200004,waypoint_2,-13.235459327697754,-89.72822570800781,-29.990875244140625
46.775932597000065,waypoint_2,-13.175670623779297,-89.80467987060547,-29.990802764892578
46.809977369999956,waypoint_2,-13.115856170654297,-89.88108825683594,-29.99068832397461
46.84506327600002,waypoint_2,-13.05594253540039,-89.95745849609375,-29.990543365478516
46.877049124999985,waypoint_2,-12.995898246765137,-90.03379821777344,-29.990398406982422
46.91109883800004,waypoint_2,-12.92070484161377,-90.12926483154297,-29.99026870727539
46.95122978899997,waypoint_2,-12.860433578491211,-90.20570373535156,-29.990203857421875
46.98317260099998,waypoint_2,-12.800097465515137,-90.28221893310547,-29.990116119384766
47.017214696999986,waypoint_2,-12.739733695983887,-90.35877990722656,-29.99004364013672
47.051162302999956,waypoint_2,-12.679326057434082,-90.4354019165039,-29.989925384521484
47.083156059999965,waypoint_2,-12.618903160095215,-90.5120620727539,-29.989830017089844
47.11722285999997,waypoint_2,-12.543363571166992,-90.60794067382812,-29.98974609375
47.15114661200005,waypoint_2,-12.482904434204102,-90.68463897705078,-29.989723205566406
47.18320426900004,waypoint_2,-12.42243766784668,-90.7613525390625,-29.989761352539062
47.221616530999995,waypoint_2,-12.361927032470703,-90.83806610107422,-29.989837646484375
47.255572508,waypoint_2,-12.301361083984375,-90.91474914550781,-29.990070343017578
47.28755527999999,waypoint_2,-12.240782737731934,-90.99137115478516,-29.990337371826172
47.32168978599998,waypoint_2,-12.165064811706543,-91.08707427978516,-29.99071502685547
47.355625143,waypoint_2,-12.10454273223877,-91.16358184814453,-29.991050720214844
47.387577343999965,waypoint_2,-12.044071197509766,-91.2400894165039,-29.99132537841797
47.42158038800005,waypoint_2,-11.983665466308594,-91.31659698486328,-29.99158477783203
47.46099648899997,waypoint_2,-11.923417091369629,-91.39309692382812,-29.991893768310547
47.492968615999985,waypoint_2,-11.863299369812012,-91.46966552734375,-29.992237091064453
47.527013840999984,waypoint_2,-11.788240432739258,-91.56546020507812,-29.99258804321289
47.56098573600002,waypoint_2,-11.728215217590332,-91.64218139648438,-29.99274444580078
47.59297255700005,waypoint_2,-11.668217658996582,-91.7189712524414,-29.99280548095703
47.62701850899998,waypoint_2,-11.608262062072754,-91.79584503173828,-29.992801666259766
47.660976033,waypoint_2,-11.54831314086914,-91.87273406982422,-29.992782592773438
47.696008138000025,waypoint_2,-11.488373756408691,-91.94962310791016,-29.99267578125
47.73006507900004,waypoint_2,-11.413459777832031,-92.0456771850586,-29.992408752441406
47.76403102200004,waypoint_2,-11.353475570678711,-92.1224594116211,-29.992107391357422
47.796015474,waypoint_2,-11.293462753295898,-92.19918823242188,-29.991737365722656
47.830095907999976,waypoint_2,-11.233421325683594,-92.27584838867188,-29.991291046142578
47.86403967499996,waypoint_2,-11.173413276672363,-92.35245513916016,-29.990840911865234
47.896081751,waypoint_2,-11.1134614944458,-92.4290771484375,-29.99036407470703
47.930094549000046,waypoint_2,-11.038546562194824,-92.52491760253906,-29.98980712890625
47.96847191400002,waypoint_2,-10.978663444519043,-92.60163879394531,-29.989425659179688
48.00045513500004,waypoint_2,-10.91880989074707,-92.6783676147461,-29.989059448242188
48.03450679800005,waypoint_2,-10.858983993530273,-92.755126953125,-29.98870849609375
48.068438427000046,waypoint_2,-10.799202919006348,-92.83191680908203,-29.988311767578125
48.10046738899996,waypoint_2,-10.739441871643066,-92.9087142944336,-29.98794174194336
48.134483167999974,waypoint_2,-10.664669036865234,-93.00472259521484,-29.987560272216797
48.16846328099996,waypoint_2,-10.604822158813477,-93.08150482177734,-29.98731231689453
48.20452238500002,waypoint_2,-10.5448637008667,-93.15830993652344,-29.98714828491211
48.238520994000055,waypoint_2,-10.484763145446777,-93.23513793945312,-29.987041473388672
48.27254106400005,waypoint_2,-10.424519538879395,-93.31202697753906,-29.987018585205078
48.30456287599998,waypoint_2,-10.364144325256348,-93.38896179199219,-29.987010955810547
48.33856548000006,waypoint_2,-10.288551330566406,-93.48515319824219,-29.98702621459961
48.372787319000054,waypoint_2,-10.227956771850586,-93.56204223632812,-29.98699951171875
48.404577956000026,waypoint_2,-10.16727352142334,-93.63890838623047,-29.987014770507812
48.44268783100006,waypoint_2,-10.106511116027832,-93.7157974243164,-29.98706817626953
48.47647005299996,waypoint_2,-10.045652389526367,-93.79273986816406,-29.987197875976562
48.508481675999974,waypoint_2,-9.984712600708008,-93.86972045898438,-29.987384796142578
48.54249866099997,waypoint_2,-9.908470153808594,-93.96598052978516,-29.9876708984375
48.57649078400004,waypoint_2,-9.847432136535645,-94.04303741455078,-29.98794174194336
48.60847142600005,waypoint_2,-9.78642463684082,-94.1201171875,-29.988208770751953
48.64249827900005,waypoint_2,-9.725419044494629,-94.19723510742188,-29.98845672607422
48.67648236900004,waypoint_2,-9.664397239685059,-94.27445983886719,-29.98862075805664
48.713467700000024,waypoint_2,-9.603363990783691,-94.35176086425781,-29.988739013671875
48.747583518000056,waypoint_2,-9.527032852172852,-94.448486328125,-29.98880386352539
48.78147871700003,waypoint_2,-9.465944290161133,-94.52592468261719,-29.988819122314453
48.81347417500001,waypoint_2,-9.404866218566895,-94.60344696044922,-29.988758087158203
48.84753510300004,waypoint_2,-9.343846321105957,-94.68101501464844,-29.988605499267578
48.881478681999965,waypoint_2,-9.282955169677734,-94.75857543945312,-29.988468170166016
48.913479762000065,waypoint_2,-9.222119331359863,-94.83610534667969,-29.98825454711914
48.95189182900003,waypoint_2,-9.146117210388184,-94.93292999267578,-29.987899780273438
48.98591226799999,waypoint_2,-9.08535385131836,-95.0103530883789,-29.98758316040039
49.01787010700002,waypoint_2,-9.024646759033203,-95.0877685546875,-29.98725128173828
49.051897244999964,waypoint_2,-8.964032173156738,-95.16519165039062,-29.986919403076172
49.085874203,waypoint_2,-8.903558731079102,-95.24264526367188,-29.986621856689453
49.11785130199996,waypoint_2,-8.84323501586914,-95.3201675415039,-29.98638916015625
49.15193096400003,waypoint_2,-8.768035888671875,-95.41716003417969,-29.986228942871094
49.18667944499998,waypoint_2,-8.707955360412598,-95.4948501586914,-29.98619842529297
49.22159814899999,waypoint_2,-8.647897720336914,-95.57255554199219,-29.986225128173828
49.255562544999975,waypoint_2,-8.587871551513672,-95.6502914428711,-29.98629379272461
49.289583592999975,waypoint_2,-8.527901649475098,-95.72809600830078,-29.986419677734375
49.32159605000004,waypoint_2,-8.467971801757812,-95.80597686767578,-29.986557006835938
49.35557245200005,waypoint_2,-8.393094062805176,-95.90339660644531,-29.986717224121094
49.38957375899997,waypoint_2,-8.333232879638672,-95.98137664794922,-29.98678207397461
49.42159670299998,waypoint_2,-8.27348518371582,-96.0593490600586,-29.986835479736328
49.46016560600003,waypoint_2,-8.213839530944824,-96.13731384277344,-29.986831665039062
49.494188302,waypoint_2,-8.154275894165039,-96.21527099609375,-29.98675537109375
49.52613593800004,waypoint_2,-8.09480094909668,-96.29319763183594,-29.986644744873047
49.56020679400001,waypoint_2,-8.02053165435791,-96.39054107666016,-29.986515045166016
49.59419436200005,waypoint_2,-7.961150646209717,-96.46833038330078,-29.98642349243164
49.626179858,waypoint_2,-7.9017839431762695,-96.54605865478516,-29.986305236816406
49.66017469999997,waypoint_2,-7.842471599578857,-96.62371063232422,-29.98617172241211
49.69965991799995,waypoint_2,-7.783263683319092,-96.70125579833984,-29.9859619140625
49.73165037700005,waypoint_2,-7.724165916442871,-96.77867889404297,-29.985668182373047
49.765699237000035,waypoint_2,-7.650474548339844,-96.87533569335938,-29.985252380371094
49.799632866000024,waypoint_2,-7.591656684875488,-96.95256805419922,-29.984909057617188
49.831631724999966,waypoint_2,-7.532956123352051,-97.02970123291016,-29.98462677001953
49.86567284299997,waypoint_2,-7.474362373352051,-97.10670471191406,-29.984397888183594
49.89965429899996,waypoint_2,-7.415863037109375,-97.18362426757812,-29.98419952392578
49.93163125399997,waypoint_2,-7.357456207275391,-97.2604751586914,-29.983970642089844
49.96999009000001,waypoint_2,-7.284605979919434,-97.35649108886719,-29.983684539794922
50.00404942600005,waypoint_2,-7.226452350616455,-97.43319702148438,-29.98345184326172
50.035944556000004,waypoint_2,-7.168420314788818,-97.50982666015625,-29.983318328857422
50.07002516800003,waypoint_2,-7.110447883605957,-97.58642578125,-29.983299255371094
50.10404749400004,waypoint_2,-7.052543640136719,-97.66297912597656,-29.983348846435547
50.135949848999985,waypoint_2,-6.994709491729736,-97.7394790649414,-29.98346710205078
50.170019858000046,waypoint_2,-6.922563552856445,-97.83503723144531,-29.983718872070312
50.20670214000006,waypoint_2,-6.86491584777832,-97.91145324707031,-29.983943939208984
50.23873951999997,waypoint_2,-6.807312965393066,-97.98787689208984,-29.984188079833984
50.27273005100005,waypoint_2,-6.7497453689575195,-98.06432342529297,-29.98443603515625
50.306786059000046,waypoint_2,-6.692194938659668,-98.1407699584961,-29.98470687866211
50.33870833100002,waypoint_2,-6.634622097015381,-98.21725463867188,-29.984966278076172
50.37269138099998,waypoint_2,-6.562682151794434,-98.31290435791016,-29.985218048095703
50.406841106,waypoint_2,-6.505080699920654,-98.3895034790039,-29.985286712646484
50.442544989,waypoint_2,-6.447533130645752,-98.46619415283203,-29.985214233398438
50.47639655399996,waypoint_2,-6.3900017738342285,-98.54296875,-29.984996795654297
50.51036873500004,waypoint_2,-6.332533359527588,-98.61973571777344,-29.98467254638672
50.542399038999974,waypoint_2,-6.275132656097412,-98.69649505615234,-29.98422622680664
50.57638331099997,waypoint_2,-6.20344877243042,-98.79241943359375,-29.983539581298828
50.611870651000004,waypoint_2,-6.146047115325928,-98.86908721923828,-29.982906341552734
50.643571866,waypoint_2,-6.088559150695801,-98.94567108154297,-29.98224639892578
50.677589634000014,waypoint_2,-6.030974388122559,-99.022216796875,-29.981578826904297
50.71668279000005,waypoint_2,-5.973356246948242,-99.09872436523438,-29.980911254882812
50.74867293700004,waypoint_2,-5.915754795074463,-99.17524719238281,-29.980220794677734
50.78269375399998,waypoint_2,-5.843827247619629,-99.27092742919922,-29.979415893554688
50.816652610000006,waypoint_2,-5.786336898803711,-99.3475112915039,-29.978778839111328
50.84867336000002,waypoint_2,-5.728847026824951,-99.42418670654297,-29.97814178466797
50.88266286199996,waypoint_2,-5.671375274658203,-99.5008773803711,-29.97751235961914
50.916701085,waypoint_2,-5.613865852355957,-99.57752990722656,-29.97695541381836
50.95250439899996,waypoint_2,-5.556304931640625,-99.65421295166016,-29.97650146484375
50.98652653900001,waypoint_2,-5.484190940856934,-99.75003051757812,-29.976112365722656
51.02049329500005,waypoint_2,-5.426453590393066,-99.82671356201172,-29.97591781616211
51.052546189000054,waypoint_2,-5.3686652183532715,-99.90332794189453,-29.97574234008789
51.08655933800003,waypoint_2,-5.310842514038086,-99.97994232177734,-29.9755859375
51.12053679799999,waypoint_2,-5.253009796142578,-100.05655670166016,-29.975444793701172
51.15250034300004,waypoint_2,-5.19516134262085,-100.13309478759766,-29.97534942626953
51.18768500800002,waypoint_2,-5.12281608581543,-100.22877502441406,-29.975261688232422
51.22496492100004,waypoint_2,-5.064975261688232,-100.30535888671875,-29.975223541259766
51.256726567999976,waypoint_2,-5.007162094116211,-100.38192749023438,-29.975215911865234
51.290870366000036,waypoint_2,-4.949421405792236,-100.45848083496094,-29.975265502929688
51.32478805799997,waypoint_2,-4.891748428344727,-100.5350341796875,-29.975337982177734
51.356721549999975,waypoint_2,-4.83416223526001,-100.61165618896484,-29.97547149658203
51.39077433600005,waypoint_2,-4.762353897094727,-100.70746612548828,-29.975696563720703
51.424699261,waypoint_2,-4.705058574676514,-100.78409576416016,-29.97592544555664
51.45993858899999,waypoint_2,-4.647865295410156,-100.86068725585938,-29.976177215576172
51.49400515900004,waypoint_2,-4.590681552886963,-100.93726348876953,-29.976398468017578
51.527917161999994,waypoint_2,-4.5335164070129395,-101.01380920410156,-29.976619720458984
51.559932584999956,waypoint_2,-4.476348876953125,-101.09039306640625,-29.976852416992188
51.59394996599997,waypoint_2,-4.404883861541748,-101.18610382080078,-29.977127075195312
51.62790894099999,waypoint_2,-4.3477067947387695,-101.26266479492188,-29.977317810058594
51.65997258799996,waypoint_2,-4.290486812591553,-101.33928680419922,-29.977527618408203
51.69641046300001,waypoint_2,-4.233151435852051,-101.41596984863281,-29.977745056152344
51.73039144500001,waypoint_2,-4.1756911277771,-101.49266815185547,-29.977962493896484
51.76238426400005,waypoint_2,-4.118112087249756,-101.56938171386719,-29.978172302246094
51.79639942699998,waypoint_2,-4.045983791351318,-101.66533660888672,-29.97846221923828
51.83036314699996,waypoint_2,-3.9882419109344482,-101.74214935302734,-29.978721618652344
51.86234438300005,waypoint_2,-3.930455446243286,-101.81897735595703,-29.979007720947266
51.89643656099997,waypoint_2,-3.8725814819335938,-101.89579772949219,-29.979286193847656
51.93037572200001,waypoint_2,-3.814664363861084,-101.97257232666016,-29.979557037353516
51.96734417599998,waypoint_2,-3.756730556488037,-102.04930114746094,-29.979782104492188
52.00136839900006,waypoint_2,-3.6843862533569336,-102.14510345458984,-29.97992706298828
52.035355324999955,waypoint_2,-3.626577138900757,-102.22167205810547,-29.979923248291016
52.06733823100001,waypoint_2,-3.5688297748565674,-102.29817962646484,-29.979816436767578
52.101387802999966,waypoint_2,-3.511147975921631,-102.37464904785156,-29.979660034179688
52.13536861700004,waypoint_2,-3.4535038471221924,-102.45105743408203,-29.979412078857422
52.16734725800006,waypoint_2,-3.3958940505981445,-102.52745056152344,-29.97915267944336
52.205320398000026,waypoint_2,-3.3239006996154785,-102.6229248046875,-29.978839874267578
52.23933995799996,waypoint_2,-3.2663376331329346,-102.6993637084961,-29.978500366210938
52.271258406000015,waypoint_2,-3.2088100910186768,-102.77584838867188,-29.978111267089844
52.305391353999994,waypoint_2,-3.151322841644287,-102.85238647460938,-29.97766876220703
52.33935868399999,waypoint_2,-3.0938634872436523,-102.9289779663086,-29.977188110351562
52.371264360000055,waypoint_2,-3.0364603996276855,-103.00559997558594,-29.976741790771484
52.405324679000046,waypoint_2,-2.9647772312164307,-103.10137939453125,-29.976200103759766
52.44453178900005,waypoint_2,-2.9075229167938232,-103.17802429199219,-29.97580337524414
52.47729069700006,waypoint_2,-2.8503949642181396,-103.25473022460938,-29.975448608398438
52.51127566499997,waypoint_2,-2.793377637863159,-103.3315658569336,-29.975162506103516
52.545293309000044,waypoint_2,-2.736421585083008,-103.40853881835938,-29.974990844726562
52.57792215000006,waypoint_2,-2.67952561378479,-103.48563385009766,-29.97491455078125
52.611270902,waypoint_2,-2.6084935665130615,-103.58218383789062,-29.974884033203125
52.64527095699998,waypoint_2,-2.5517420768737793,-103.6595458984375,-29.974868774414062
52.67728915999999,waypoint_2,-2.4950144290924072,-103.7370376586914,-29.974822998046875
52.713873568000054,waypoint_2,-2.4383010864257812,-103.81460571289062,-29.974761962890625
52.74781417999998,waypoint_2,-2.381638288497925,-103.8922348022461,-29.974685668945312
52.779782533,waypoint_2,-2.3250443935394287,-103.96992492675781,-29.974605560302734
52.81383786699996,waypoint_2,-2.2544169425964355,-104.06714630126953,-29.9744873046875
52.84780200800003,waypoint_2,-2.1980226039886475,-104.1449966430664,-29.97439193725586
52.87979133099998,waypoint_2,-2.1416749954223633,-104.22291564941406,-29.974292755126953
52.913842466999995,waypoint_2,-2.085373640060425,-104.3009033203125,-29.97420883178711
52.951437803999966,waypoint_2,-2.0291271209716797,-104.37896728515625,-29.974178314208984
52.983435622,waypoint_2,-1.9729139804840088,-104.45709991455078,-29.974163055419922
53.017517407000014,waypoint_2,-1.9026861190795898,-104.55477142333984,-29.974185943603516
53.05146004000005,waypoint_2,-1.8465057611465454,-104.63287353515625,-29.9742431640625
53.083509237000044,waypoint_2,-1.7903327941894531,-104.7109603881836,-29.97433090209961
53.11748670600002,waypoint_2,-1.7341885566711426,-104.78902435302734,-29.97445297241211
53.15143995899996,waypoint_2,-1.6781030893325806,-104.8670654296875,-29.974563598632812
53.18345697400002,waypoint_2,-1.6220823526382446,-104.94509887695312,-29.97470474243164
53.221468973000015,waypoint_2,-1.5521647930145264,-105.04258728027344,-29.974918365478516
53.25543608199996,waypoint_2,-1.496301531791687,-105.12054443359375,-29.975189208984375
53.287437649000026,waypoint_2,-1.4404783248901367,-105.19847869873047,-29.975502014160156
53.321443937000026,waypoint_2,-1.384652018547058,-105.27641296386719,-29.975849151611328
53.35544955299997,waypoint_2,-1.328782558441162,-105.35433197021484,-29.976215362548828
53.38742610700001,waypoint_2,-1.2728514671325684,-105.43224334716797,-29.97658920288086
53.42147302199999,waypoint_2,-1.2028498649597168,-105.52961730957031,-29.977073669433594
53.458713236999984,waypoint_2,-1.1467969417572021,-105.60749816894531,-29.977535247802734
53.49071761000005,waypoint_2,-1.09071683883667,-105.68535614013672,-29.977951049804688
53.524781934999965,waypoint_2,-1.0346146821975708,-105.76322174072266,-29.978321075439453
53.558744399000034,waypoint_2,-0.9785016179084778,-105.84107971191406,-29.978649139404297
53.59073165999996,waypoint_2,-0.9223318696022034,-105.91891479492188,-29.978946685791016
53.62606912800004,waypoint_2,-0.8519936800003052,-106.01615142822266,-29.979290008544922
53.65997231000006,waypoint_2,-0.7955920100212097,-106.0938949584961,-29.979469299316406
53.69548970100004,waypoint_2,-0.739116907119751,-106.17161560058594,-29.979679107666016
53.728992413000014,waypoint_2,-0.6826185584068298,-106.24930572509766,-29.979896545410156
53.76301321300002,waypoint_2,-0.6260508298873901,-106.32699584960938,-29.979999542236328
53.795013079,waypoint_2,-0.5693962574005127,-106.40473175048828,-29.980064392089844
53.833007028,waypoint_2,-0.49845293164253235,-106.50201416015625,-29.980079650878906
53.866865978999954,waypoint_2,-0.4415901005268097,-106.57991790771484,-29.980056762695312
53.89889473400001,waypoint_2,-0.38466253876686096,-106.6579360961914,-29.980030059814453
53.93289815000003,waypoint_2,-0.3276832699775696,-106.73607635498047,-29.979991912841797
53.971096665999994,waypoint_2,-0.27069488167762756,-106.81431579589844,-29.97991180419922
54.00311823599998,waypoint_2,-0.21369674801826477,-106.89258575439453,-29.97979736328125
54.037114350000024,waypoint_2,-0.1424437016248703,-106.99047088623047,-29.97954559326172
54.071104160999994,waypoint_2,-0.08538834750652313,-107.06880187988281,-29.97930908203125
54.10310476999996,waypoint_2,-0.02823174186050892,-107.14713287353516,-29.979110717773438
54.13715825600002,waypoint_2,0.028950069099664688,-107.22542572021484,-29.978946685791016
54.171098992,waypoint_2,0.08616834878921509,-107.30362701416016,-29.978740692138672
54.208002617000034,waypoint_2,0.14338837563991547,-107.3817367553711,-29.97848892211914
54.24197627700005,waypoint_2,0.2149219661951065,-107.47928619384766,-29.978179931640625
54.27593007200005,waypoint_2,0.27214330434799194,-107.55721282958984,-29.977951049804688
54.30804028399996,waypoint_2,0.3293359875679016,-107.63505554199219,-29.977737426757812
54.34195115399996,waypoint_2,0.38646864891052246,-107.71283721923828,-29.977527618408203
54.375943059000065,waypoint_2,0.44352033734321594,-107.79056549072266,-29.977352142333984
54.407959688000005,waypoint_2,0.5004894137382507,-107.86820983886719,-29.977237701416016
54.44542251200005,waypoint_2,0.5715976357460022,-107.96526336669922,-29.97716522216797
54.478624232000016,waypoint_2,0.628471851348877,-108.04293823242188,-29.977123260498047
54.51056999100001,waypoint_2,0.6853258609771729,-108.12065124511719,-29.977127075195312
54.544610421000016,waypoint_2,0.7421116828918457,-108.1983413696289,-29.977161407470703
54.578623547999996,waypoint_2,0.7988293766975403,-108.27606201171875,-29.977264404296875
54.61057365500005,waypoint_2,0.8555004596710205,-108.35383605957031,-29.977317810058594
54.64466982099998,waypoint_2,0.9263697862625122,-108.45106506347656,-29.977317810058594
54.67857597099999,waypoint_2,0.9830387234687805,-108.52888488769531,-29.977279663085938
54.71456755600002,waypoint_2,1.0396606922149658,-108.60680389404297,-29.97724151611328
54.74857913699998,waypoint_2,1.0962351560592651,-108.68476867675781,-29.977203369140625
54.78259957500006,waypoint_2,1.1527549028396606,-108.76274108886719,-29.97718048095703
54.81453262900004,waypoint_2,1.2092572450637817,-108.84066009521484,-29.977222442626953
54.84857555999997,waypoint_2,1.2798149585723877,-108.93809509277344,-29.977336883544922
54.88256063699998,waypoint_2,1.3362175226211548,-109.01607513427734,-29.97747039794922
54.914519864,waypoint_2,1.392574667930603,-109.0940170288086,-29.97765350341797
54.95227158299997,waypoint_2,1.4489099979400635,-109.17191314697266,-29.97787094116211
54.98620899000002,waypoint_2,1.50523841381073,-109.24972534179688,-29.978099822998047
55.01821657200003,waypoint_2,1.561592698097229,-109.32742309570312,-29.978351593017578
55.052249725000024,waypoint_2,1.6320449113845825,-109.4244155883789,-29.978679656982422
55.086218933000055,waypoint_2,1.6883666515350342,-109.5018539428711,-29.978939056396484
55.11824656700003,waypoint_2,1.7446861267089844,-109.57919311523438,-29.979164123535156
55.152275806000034,waypoint_2,1.8009459972381592,-109.65645599365234,-29.97934341430664
55.18627057699996,waypoint_2,1.857138991355896,-109.73365020751953,-29.979461669921875
55.22208204200001,waypoint_2,1.9132543802261353,-109.8108139038086,-29.979576110839844
55.256134180000004,waypoint_2,1.9833333492279053,-109.90728759765625,-29.979740142822266
55.290123784,waypoint_2,2.0393471717834473,-109.9844741821289,-29.979934692382812
55.32211443699998,waypoint_2,2.0953259468078613,-110.0616683959961,-29.980159759521484
55.35611669499997,waypoint_2,2.15130352973938,-110.13883209228516,-29.980411529541016
55.39012046100004,waypoint_2,2.2073168754577637,-110.21601104736328,-29.98074722290039
55.422089777999986,waypoint_2,2.2633490562438965,-110.29325103759766,-29.981143951416016
55.460232915000006,waypoint_2,2.333434820175171,-110.38990783691406,-29.981727600097656
55.49444648999997,waypoint_2,2.389528512954712,-110.46730041503906,-29.98223876953125
55.52625351699999,waypoint_2,2.4456849098205566,-110.544677734375,-29.98281478881836
55.56022574200006,waypoint_2,2.501922130584717,-110.62202453613281,-29.983417510986328
55.594287751000024,waypoint_2,2.5582144260406494,-110.6993408203125,-29.984046936035156
55.62626145399997,waypoint_2,2.614591360092163,-110.7766342163086,-29.984657287597656
55.660234743000046,waypoint_2,2.6852304935455322,-110.87321472167969,-29.98540496826172
55.69900732899998,waypoint_2,2.7418785095214844,-110.95047760009766,-29.985984802246094
55.73093817999995,waypoint_2,2.7986764907836914,-111.02778625488281,-29.986553192138672
55.76497692500004,waypoint_2,2.8556363582611084,-111.10513305664062,-29.987098693847656
55.79894347300001,waypoint_2,2.912715435028076,-111.1824951171875,-29.987571716308594
55.83093876400005,waypoint_2,2.969895124435425,-111.2598876953125,-29.98802947998047
55.864981390000025,waypoint_2,3.0414092540740967,-111.35665130615234,-29.98859405517578
55.89894494199996,waypoint_2,3.0987064838409424,-111.43405151367188,-29.989051818847656
55.93095246100006,waypoint_2,3.1561217308044434,-111.51145935058594,-29.989521026611328
55.96740336000005,waypoint_2,3.2136261463165283,-111.5888900756836,-29.99001693725586
56.00133199499999,waypoint_2,3.2711431980133057,-111.66634368896484,-29.990581512451172
56.033318828999995,waypoint_2,3.328645944595337,-111.74385070800781,-29.991100311279297
56.06736661900004,waypoint_2,3.4005110263824463,-111.84083557128906,-29.991661071777344
56.101312317000065,waypoint_2,3.458024501800537,-111.9184799194336,-29.9920654296875
56.133304871000064,waypoint_2,3.5155155658721924,-111.99613952636719,-29.99245834350586
56.16737246299999,waypoint_2,3.573014736175537,-112.07380676269531,-29.99282455444336
56.205918182000005,waypoint_2,3.6305038928985596,-112.15145874023438,-29.993114471435547
56.23789298999998,waypoint_2,3.687990665435791,-112.22911834716797,-29.993289947509766
56.27195648700001,waypoint_2,3.7598280906677246,-112.32612609863281,-29.99338150024414
56.305920807999996,waypoint_2,3.817296266555786,-112.40364074707031,-29.993377685546875
56.337900883999964,waypoint_2,3.874798059463501,-112.48107147216797,-29.993305206298828
56.371953340000005,waypoint_2,3.9323320388793945,-112.55840301513672,-29.993179321289062
56.40592945599997,waypoint_2,3.989809036254883,-112.63567352294922,-29.993026733398438
56.437886880000065,waypoint_2,4.047202110290527,-112.71287536621094,-29.99285125732422
56.47401769099997,waypoint_2,4.11875581741333,-112.80933380126953,-29.992603302001953
56.508016019000024,waypoint_2,4.175844192504883,-112.88645935058594,-29.992328643798828
56.53997614800005,waypoint_2,4.232781887054443,-112.96355438232422,-29.992084503173828
56.57408251900006,waypoint_2,4.289579391479492,-113.0406265258789,-29.991878509521484
56.607986883999956,waypoint_2,4.346258640289307,-113.11770629882812,-29.99170684814453
56.639966582000056,waypoint_2,4.402822494506836,-113.1948013305664,-29.99148178100586
56.674049310999976,waypoint_2,4.473353385925293,-113.29119110107422,-29.991168975830078
56.710466963000044,waypoint_2,4.529655933380127,-113.36831665039062,-29.990917205810547
56.742388862999974,waypoint_2,4.585852146148682,-113.4454574584961,-29.990646362304688
56.77647012900002,waypoint_2,4.6419572830200195,-113.5226058959961,-29.990386962890625
56.81049020900002,waypoint_2,4.69801139831543,-113.59976959228516,-29.990142822265625
56.842407757000046,waypoint_2,4.754059314727783,-113.67699432373047,-29.989917755126953
56.876492633,waypoint_2,4.824100494384766,-113.77362823486328,-29.989704132080078
56.91048572700004,waypoint_2,4.880101680755615,-113.85102081298828,-29.989612579345703
56.94586808600002,waypoint_2,4.936037540435791,-113.928466796875,-29.989574432373047
56.97987027600004,waypoint_2,4.9919352531433105,-114.00602722167969,-29.989578247070312
57.01377972900002,waypoint_2,5.047842502593994,-114.08369445800781,-29.989532470703125
57.04580069899998,waypoint_2,5.103761672973633,-114.16142272949219,-29.98950958251953
57.07984164900006,waypoint_2,5.173663139343262,-114.25858306884766,-29.989521026611328
57.113776615999996,waypoint_2,5.229589462280273,-114.33638000488281,-29.989543914794922
57.145791798000005,waypoint_2,5.285526752471924,-114.41423797607422,-29.9896240234375
57.17981906500006,waypoint_2,5.341537952423096,-114.49217987060547,-29.989696502685547
57.217420878999974,waypoint_2,5.397550106048584,-114.57018280029297,-29.989776611328125
57.24947708499997,waypoint_2,5.453577995300293,-114.64825439453125,-29.989864349365234
57.28348057300002,waypoint_2,5.523594856262207,-114.74588775634766,-29.989925384521484
57.317438530000004,waypoint_2,5.579604148864746,-114.82398986816406,-29.9898681640625
57.34944311000004,waypoint_2,5.6356425285339355,-114.90204620361328,-29.989730834960938
57.38357590500004,waypoint_2,5.691723823547363,-114.98004913330078,-29.989547729492188
57.41745235600001,waypoint_2,5.747810363769531,-115.05792999267578,-29.989383697509766
57.45543485999997,waypoint_2,5.803884506225586,-115.13570404052734,-29.989219665527344
57.48946654400004,waypoint_2,5.873919486999512,-115.23279571533203,-29.989059448242188
57.52345635400002,waypoint_2,5.929931640625,-115.31034088134766,-29.988922119140625
57.555468966000035,waypoint_2,5.985860824584961,-115.38782501220703,-29.98877716064453
57.58947076599998,waypoint_2,6.041676998138428,-115.46527099609375,-29.98863983154297
57.62346061000005,waypoint_2,6.097368240356445,-115.54267883300781,-29.988510131835938
57.65543105000006,waypoint_2,6.152945041656494,-115.6201171875,-29.988441467285156
57.68993085500006,waypoint_2,6.2222580909729,-115.71696472167969,-29.988407135009766
57.72567268500006,waypoint_2,6.277607440948486,-115.79446411132812,-29.988479614257812
57.757626371000015,waypoint_2,6.332818031311035,-115.87197875976562,-29.988536834716797
57.79164403300001,waypoint_2,6.3879714012146,-115.9495620727539,-29.988555908203125
57.825660768000034,waypoint_2,6.443051338195801,-116.0272216796875,-29.988582611083984
57.857664922000026,waypoint_2,6.498138427734375,-116.10498046875,-29.98853302001953
57.891683734000026,waypoint_2,6.567056179046631,-116.20233154296875,-29.988311767578125
57.925647311000034,waypoint_2,6.622250556945801,-116.28031921386719,-29.988086700439453
57.96140665600001,waypoint_2,6.677511215209961,-116.3583984375,-29.987831115722656
57.995462393000025,waypoint_2,6.732780456542969,-116.43653869628906,-29.98757553100586
58.02945436300001,waypoint_2,6.788048267364502,-116.51471710205078,-29.987285614013672
58.06153693700003,waypoint_2,6.843318462371826,-116.59296417236328,-29.986900329589844
58.09543329600001,waypoint_2,6.912289142608643,-116.69091033935547,-29.986331939697266
58.129432329999986,waypoint_2,6.967368125915527,-116.76937103271484,-29.985923767089844
58.16139873099996,waypoint_2,7.0223917961120605,-116.84791564941406,-29.98552703857422
58.198404589999996,waypoint_2,7.077376365661621,-116.92652893066406,-29.985149383544922
58.23240487800001,waypoint_2,7.132336616516113,-117.00515747070312,-29.984825134277344
58.26436749300001,waypoint_2,7.187295913696289,-117.08383178710938,-29.98452377319336
58.298433992000014,waypoint_2,7.255984783172607,-117.18224334716797,-29.984111785888672
58.332413943999995,waypoint_2,7.310957908630371,-117.26102447509766,-29.98382568359375
58.364412507,waypoint_2,7.3659868240356445,-117.33983612060547,-29.983642578125
58.39839840399998,waypoint_2,7.421093940734863,-117.41865539550781,-29.98354721069336
58.432393993000005,waypoint_2,7.476241111755371,-117.49750518798828,-29.9835205078125
58.468408974,waypoint_2,7.531406402587891,-117.57637786865234,-29.983551025390625
58.50243467300004,waypoint_2,7.600356101989746,-117.67504119873047,-29.983715057373047
58.53640222800004,waypoint_2,7.655476093292236,-117.75398254394531,-29.983909606933594
58.56836562000001,waypoint_2,7.710507392883301,-117.83295440673828,-29.984169006347656
58.602435036999964,waypoint_2,7.765440464019775,-117.91194152832031,-29.984519958496094
58.63640065300001,waypoint_2,7.820334434509277,-117.99089050292969,-29.984989166259766
58.668474057000026,waypoint_2,7.8752360343933105,-118.06981658935547,-29.985523223876953
58.70678048700006,waypoint_2,7.94389009475708,-118.16837310791016,-29.986225128173828
58.74071730900005,waypoint_2,7.998878002166748,-118.24711608886719,-29.986774444580078
58.77269915199997,waypoint_2,8.053927421569824,-118.32574462890625,-29.987361907958984
58.80676994999999,waypoint_2,8.109024047851562,-118.40426635742188,-29.987960815429688
58.84072894799999,waypoint_2,8.164176940917969,-118.48267364501953,-29.98859405517578
58.872777316,waypoint_2,8.21939754486084,-118.56097412109375,-29.98922348022461
58.906774849000044,waypoint_2,8.288514137268066,-118.65872192382812,-29.989978790283203
58.94424997700003,waypoint_2,8.343890190124512,-118.73685455322266,-29.990543365478516
58.97709429099996,waypoint_2,8.399310111999512,-118.81491088867188,-29.991085052490234
59.011225240000044,waypoint_2,8.454769134521484,-118.89289855957031,-29.991592407226562
59.04522127400003,waypoint_2,8.510278701782227,-118.97080993652344,-29.992042541503906
59.07711057000006,waypoint_2,8.565834045410156,-119.04862213134766,-29.992401123046875
59.111188929000036,waypoint_2,8.635360717773438,-119.14570617675781,-29.992694854736328
59.145252400000004,waypoint_2,8.69104290008545,-119.22329711914062,-29.99282455444336
59.177149052000004,waypoint_2,8.746824264526367,-119.30084991455078,-29.992870330810547
59.21453513899996,waypoint_2,8.802702903747559,-119.37835693359375,-29.992816925048828
59.248170713000036,waypoint_2,8.858644485473633,-119.45581817626953,-29.992584228515625
59.280427273999976,waypoint_2,8.91464900970459,-119.5332260131836,-29.992290496826172
59.31421116199999,waypoint_2,8.984755516052246,-119.62989807128906,-29.991905212402344
59.34816812200006,waypoint_2,9.040895462036133,-119.7071762084961,-29.99156951904297
59.38035766999997,waypoint_2,9.097155570983887,-119.78439331054688,-29.991252899169922
59.41422097099996,waypoint_2,9.153544425964355,-119.86153411865234,-29.99097442626953
59.450979580999956,waypoint_2,9.210022926330566,-119.93861389160156,-29.990665435791016
59.482978324999976,waypoint_2,9.26656436920166,-120.01567077636719,-29.990306854248047
59.517039699000065,waypoint_2,9.337337493896484,-120.11203002929688,-29.98974609375
59.55098190199999,waypoint_2,9.393991470336914,-120.18917083740234,-29.989212036132812
59.582968488000006,waypoint_2,9.45069694519043,-120.26639556884766,-29.98868179321289
59.617037839999966,waypoint_2,9.507386207580566,-120.34370422363281,-29.98818588256836
59.65100347400005,waypoint_2,9.564092636108398,-120.42109680175781,-29.987747192382812
59.68301384799997,waypoint_2,9.620795249938965,-120.49856567382812,-29.9873046875
59.720758691000015,waypoint_2,9.69167709350586,-120.59547424316406,-29.986797332763672
59.75471622700002,waypoint_2,9.74842643737793,-120.67304229736328,-29.986492156982422
59.786695017000056,waypoint_2,9.805248260498047,-120.75062561035156,-29.986148834228516
59.82077652500004,waypoint_2,9.862137794494629,-120.8282241821289,-29.98580551147461
59.85473101100001,waypoint_2,9.919096946716309,-120.90583038330078,-29.985591888427734
59.886747671999956,waypoint_2,9.976042747497559,-120.98341369628906,-29.985492706298828
59.920772259000046,waypoint_2,10.047228813171387,-121.08033752441406,-29.98552703857422
59.958098565,waypoint_2,10.104181289672852,-121.15785217285156,-29.98562240600586
59.99011370599999,waypoint_2,10.161117553710938,-121.23535919189453,-29.98575210571289
60.02417936799998,waypoint_2,10.218019485473633,-121.31289672851562,-29.98589324951172
60.05809667699998,waypoint_2,10.274895668029785,-121.39043426513672,-29.98611068725586
60.09013348799999,waypoint_2,10.331745147705078,-121.46797180175781,-29.98638153076172
60.12418033100005,waypoint_2,10.402764320373535,-121.56491088867188,-29.98672866821289
60.158092463,waypoint_2,10.459486961364746,-121.64247131347656,-29.986915588378906
60.190955459000065,waypoint_2,10.516090393066406,-121.72007751464844,-29.987030029296875
60.226859493000006,waypoint_2,10.572549819946289,-121.79768371582031,-29.987098693847656
60.260806762000016,waypoint_2,10.628908157348633,-121.8752670288086,-29.98714828491211
60.292857827000034,waypoint_2,10.685213088989258,-121.95284271240234,-29.987186431884766
60.326924950000034,waypoint_2,10.755510330200195,-122.04979705810547,-29.987194061279297
60.36080992400002,waypoint_2,10.811705589294434,-122.12732696533203,-29.987133026123047
60.39284408100002,waypoint_2,10.867870330810547,-122.20481872558594,-29.987060546875
60.42685873400001,waypoint_2,10.923945426940918,-122.28230285644531,-29.98697280883789
60.46313481000004,waypoint_2,10.979921340942383,-122.35981750488281,-29.986751556396484
60.49506612599998,waypoint_2,11.035802841186523,-122.43740844726562,-29.986408233642578
60.529246741000065,waypoint_2,11.105554580688477,-122.53447723388672,-29.985836029052734
60.56317131900005,waypoint_2,11.161259651184082,-122.61222076416016,-29.985275268554688
60.595040193000045,waypoint_2,11.216874122619629,-122.6900863647461,-29.98467254638672
60.62911078100001,waypoint_2,11.272390365600586,-122.76802825927734,-29.984031677246094
60.66313390100004,waypoint_2,11.32783031463623,-122.8460464477539,-29.983383178710938
60.700947583000016,waypoint_2,11.38312816619873,-122.9240951538086,-29.982845306396484
60.73410434300001,waypoint_2,11.452133178710938,-123.02169036865234,-29.98227310180664
60.768085970000016,waypoint_2,11.507303237915039,-123.09978485107422,-29.981842041015625
60.800089926000055,waypoint_2,11.562507629394531,-123.1778564453125,-29.981441497802734
60.83411193300003,waypoint_2,11.617804527282715,-123.25594329833984,-29.981048583984375
60.86808178299998,waypoint_2,11.673165321350098,-123.33403015136719,-29.980667114257812
60.90012608100005,waypoint_2,11.728602409362793,-123.41213989257812,-29.98029327392578
60.93418603099997,waypoint_2,11.79800033569336,-123.50984191894531,-29.9798583984375
60.97197457000004,waypoint_2,11.853561401367188,-123.58798217773438,-29.979515075683594
61.00396275800006,waypoint_2,11.909134864807129,-123.66612243652344,-29.979244232177734
61.038065378000056,waypoint_2,11.964692115783691,-123.74425506591797,-29.979053497314453
61.07197565800004,waypoint_2,12.02023696899414,-123.8224105834961,-29.978893280029297
61.10396918699996,waypoint_2,12.075804710388184,-123.9006118774414,-29.978740692138672
61.13799917899996,waypoint_2,12.14529037475586,-123.99848175048828,-29.978557586669922
61.17196857199997,waypoint_2,12.200887680053711,-124.07685089111328,-29.978416442871094
61.206811982999966,waypoint_2,12.256478309631348,-124.15526580810547,-29.978275299072266
61.24086377800006,waypoint_2,12.312067031860352,-124.233642578125,-29.978076934814453
61.274836822,waypoint_2,12.367694854736328,-124.3120346069336,-29.97780990600586
61.30681923999998,waypoint_2,12.42331600189209,-124.39041137695312,-29.97754669189453
61.34086352099996,waypoint_2,12.49282455444336,-124.48827362060547,-29.977264404296875
61.37484090300006,waypoint_2,12.548412322998047,-124.5665283203125,-29.977134704589844
61.40679754300004,waypoint_2,12.603965759277344,-124.644775390625,-29.97711181640625
61.441780814000026,waypoint_2,12.659478187561035,-124.7230453491211,-29.977195739746094
61.47798796200004,waypoint_2,12.714944839477539,-124.80132293701172,-29.977294921875
61.50996829799999,waypoint_2,12.770343780517578,-124.8796157836914,-29.97748565673828
61.544035721,waypoint_2,12.839460372924805,-124.97745513916016,-29.97780990600586
61.577980801999956,waypoint_2,12.894625663757324,-125.0557632446289,-29.978073120117188
61.61001899799999,waypoint_2,12.94967269897461,-125.13408660888672,-29.97838592529297
61.644060784999965,waypoint_2,13.004572868347168,-125.21241760253906,-29.97875213623047
61.67797559400003,waypoint_2,13.059309005737305,-125.29073333740234,-29.979164123535156
61.71220384200001,waypoint_2,13.113941192626953,-125.36906433105469,-29.979656219482422
61.74633681500006,waypoint_2,13.182153701782227,-125.46698760986328,-29.980358123779297
61.78029526399996,waypoint_2,13.236702919006348,-125.5453109741211,-29.980934143066406
61.81219862800003,waypoint_2,13.291301727294922,-125.62364959716797,-29.98147201538086
61.846324210000034,waypoint_2,13.345980644226074,-125.70199584960938,-29.981964111328125
61.88029264199997,waypoint_2,13.400705337524414,-125.78031158447266,-29.982311248779297
61.91220084099996,waypoint_2,13.455486297607422,-125.85861206054688,-29.982601165771484
61.950314880000064,goal,13.524015426635742,-125.95648193359375,-29.98288345336914
61.98428098900001,goal,13.578859329223633,-126.03480529785156,-29.983081817626953
62.016266126000005,goal,13.633720397949219,-126.11312103271484,-29.984130859375
62.050303130999964,goal,13.688575744628906,-126.19137573242188,-29.986766815185547
62.08429000499996,goal,13.743101119995117,-126.26962280273438,-29.99087142944336
62.116840776000004,goal,13.796854972839355,-126.34790802001953,-29.99614715576172
62.15029756700005,goal,13.862202644348145,-126.4459457397461,-30.00384521484375
62.184288734000006,goal,13.912296295166016,-126.524658203125,-30.010360717773438
62.21856718499998,goal,13.959870338439941,-126.60370635986328,-30.016712188720703
62.252577062,goal,14.004459381103516,-126.68314361572266,-30.02254867553711
62.286561489000064,goal,14.045793533325195,-126.76294708251953,-30.027652740478516
62.31853713500004,goal,14.083428382873535,-126.84320068359375,-30.031822204589844
62.35257901900002,goal,14.124872207641602,-126.94419860839844,-30.03558349609375
62.38654347700003,goal,14.15338134765625,-127.02555847167969,-30.037429809570312
62.41852500300001,goal,14.177596092224121,-127.10747528076172,-30.038219451904297
62.45700655999997,goal,14.197497367858887,-127.18994903564453,-30.038005828857422
62.49087233700004,goal,14.213128089904785,-127.27299499511719,-30.036903381347656
62.52288200600003,goal,14.224555015563965,-127.35665130615234,-30.03499984741211
62.55693804400005,goal,14.233360290527344,-127.4619369506836,-30.031768798828125
62.59087153500002,goal,14.236039161682129,-127.54670715332031,-30.028644561767578
62.62287333100005,goal,14.235025405883789,-127.63196563720703,-30.02517318725586
62.656922003999966,goal,14.230544090270996,-127.71774291992188,-30.021465301513672
62.69160672600003,goal,14.222811698913574,-127.80400848388672,-30.017650604248047
62.72456062399999,goal,14.212038040161133,-127.89073944091797,-30.013751983642578
62.758672518000026,goal,14.194626808166504,-127.999755859375,-30.008907318115234
62.792587475000005,goal,14.177775382995605,-128.08741760253906,-30.005168914794922
62.82456861000003,goal,14.158727645874023,-128.1753692626953,-30.001605987548828
62.85862513500001,goal,14.137614250183105,-128.26361083984375,-29.998210906982422
62.89259631599998,goal,14.11461067199707,-128.3520965576172,-29.994991302490234
62.92457462900006,goal,14.089899063110352,-128.4407501220703,-29.991981506347656
62.963450188000024,goal,14.056899070739746,-128.55178833007812,-29.988563537597656
62.99745315100006,goal,14.029048919677734,-128.64080810546875,-29.986160278320312
63.02937522000002,goal,14.00015926361084,-128.73001098632812,-29.98401641845703
63.063479562,goal,13.970331192016602,-128.8193359375,-29.982128143310547
63.09742695800003,goal,13.939725875854492,-128.9088134765625,-29.980472564697266
63.12943824199999,goal,13.908440589904785,-128.99839782714844,-29.979053497314453
63.163450330000046,goal,13.868582725524902,-129.11056518554688,-29.977569580078125
63.20057114300005,goal,13.836188316345215,-129.20037841796875,-29.976581573486328
63.232572679999976,goal,13.803421974182129,-129.2903594970703,-29.975738525390625
63.266596230999994,goal,13.77035140991211,-129.38040161132812,-29.97502899169922
63.30056279600001,goal,13.73710823059082,-129.47055053710938,-29.974437713623047
63.33257111099999,goal,13.703761100769043,-129.560791015625,-29.97393035888672
63.36668230999999,goal,13.661904335021973,-129.67361450195312,-29.973419189453125
63.40062095500002,goal,13.628424644470215,-129.76388549804688,-29.973159790039062
63.43255585700001,goal,13.594958305358887,-129.85414123535156,-29.97299575805664
63.46952175600006,goal,13.561491012573242,-129.9444122314453,-29.972888946533203
63.50347069999998,goal,13.527995109558105,-130.03465270996094,-29.97280502319336
63.535562356000014,goal,13.494473457336426,-130.12484741210938,-29.972766876220703
63.56947770600004,goal,13.452475547790527,-130.23756408691406,-29.972747802734375
63.60351967099996,goal,13.418890953063965,-130.32774353027344,-29.97271728515625
63.63545431800003,goal,13.385245323181152,-130.4178466796875,-29.97270965576172
63.66945117500006,goal,13.351609230041504,-130.5078887939453,-29.972686767578125
63.705745288,goal,13.317901611328125,-130.59786987304688,-29.972549438476562
63.73772329500002,goal,13.284167289733887,-130.68777465820312,-29.972396850585938
63.77179072800004,goal,13.241952896118164,-130.800048828125,-29.972190856933594
63.805718101000025,goal,13.208226203918457,-130.88980102539062,-29.97201919555664
63.83772154999997,goal,13.174500465393066,-130.97947692871094,-29.971858978271484
63.871740654000064,goal,13.140793800354004,-131.06912231445312,-29.971736907958984
63.90567221599997,goal,13.106983184814453,-131.15872192382812,-29.97171401977539
63.937737679000065,goal,13.073118209838867,-131.248291015625,-29.97182846069336
63.97575481600006,goal,13.03067684173584,-131.36024475097656,-29.972164154052734
64.00971617699997,goal,12.996624946594238,-131.44981384277344,-29.972576141357422
64.04175214899999,goal,12.962430000305176,-131.53936767578125,-29.973129272460938
64.07574381100005,goal,12.928159713745117,-131.62893676757812,-29.973800659179688
64.109721498,goal,12.893789291381836,-131.718505859375,-29.974544525146484
64.14175898999997,goal,12.859310150146484,-131.80813598632812,-29.975261688232422
64.17577600900006,goal,12.816025733947754,-131.92019653320312,-29.97612762451172
64.21248441199998,goal,12.7813138961792,-132.0098419189453,-29.976825714111328
64.24447563499996,goal,12.746459007263184,-132.09954833984375,-29.977497100830078
64.27849397700004,goal,12.711518287658691,-132.18930053710938,-29.97815704345703
64.31250269300006,goal,12.676534652709961,-132.27903747558594,-29.978744506835938
64.34447505100002,goal,12.641468048095703,-132.3686981201172,-29.979248046875
64.37857165100002,goal,12.597626686096191,-132.4806671142578,-29.979736328125
64.41252618400006,goal,12.562493324279785,-132.5701446533203,-29.980079650878906
64.44844254500003,goal,12.527362823486328,-132.65948486328125,-29.980316162109375
64.482459027,goal,12.49222183227539,-132.7487030029297,-29.980484008789062
64.51642051800002,goal,12.457144737243652,-132.83786010742188,-29.980533599853516
64.54836242099998,goal,12.422043800354004,-132.92697143554688,-29.980541229248047
64.58248489900006,goal,12.378179550170898,-133.03829956054688,-29.98046875
64.616418006,goal,12.343070030212402,-133.12733459472656,-29.98031234741211
64.64836430700007,goal,12.307940483093262,-133.2163848876953,-29.980117797851562
64.68244175500001,goal,12.272714614868164,-133.30543518066406,-29.979923248291016
64.72049122099997,goal,12.237489700317383,-133.3943634033203,-29.979835510253906
64.75247197299996,goal,12.202287673950195,-133.4832000732422,-29.979759216308594
64.78659241700007,goal,12.158279418945312,-133.59414672851562,-29.97968292236328
64.82054193900001,goal,12.123003005981445,-133.68284606933594,-29.979713439941406
64.85246539399998,goal,12.087682723999023,-133.77157592773438,-29.979808807373047
64.88652186599995,goal,12.052290916442871,-133.8603057861328,-29.97995376586914
64.92048019900005,goal,12.016807556152344,-133.9490203857422,-29.98013687133789
64.95510397800001,goal,11.981223106384277,-134.03782653808594,-29.98028564453125
64.98918359599998,goal,11.936702728271484,-134.14883422851562,-29.98038101196289
65.02313106700001,goal,11.900973320007324,-134.23770141601562,-29.98050308227539
65.05509784800006,goal,11.865118026733398,-134.32662963867188,-29.98061752319336
65.08920343199998,goal,11.829144477844238,-134.4156494140625,-29.980777740478516
65.12315934399999,goal,11.793051719665527,-134.50473022460938,-29.98102569580078
65.15513770100006,goal,11.756834030151367,-134.59388732910156,-29.98129653930664
65.18918415100006,goal,11.71138858795166,-134.7053985595703,-29.981674194335938
65.22804527100004,goal,11.674866676330566,-134.79458618164062,-29.981990814208984
65.26006159600001,goal,11.63822078704834,-134.88368225097656,-29.982318878173828
65.29412322400003,goal,11.601430892944336,-134.97274780273438,-29.982635498046875
65.328046599,goal,11.564531326293945,-135.061767578125,-29.983020782470703
65.360069361,goal,11.527530670166016,-135.15072631835938,-29.983413696289062
65.39412991500001,goal,11.48116397857666,-135.26190185546875,-29.98388671875
65.42805136799996,goal,11.444007873535156,-135.35084533691406,-29.984214782714844
65.46331909900005,goal,11.406771659851074,-135.43978881835938,-29.98461151123047
65.49735327799999,goal,11.369422912597656,-135.52871704101562,-29.985061645507812
65.53132776100006,goal,11.331953048706055,-135.6175994873047,-29.98553466796875
65.56330972600006,goal,11.294349670410156,-135.70643615722656,-29.985942840576172
65.59737348500005,goal,11.247162818908691,-135.81748962402344,-29.98638916015625
65.63133020099997,goal,11.209311485290527,-135.90634155273438,-29.986724853515625
65.66330804799998,goal,11.171411514282227,-135.9952392578125,-29.987018585205078
65.70068392999997,goal,11.133490562438965,-136.0841522216797,-29.987281799316406
65.73466924299998,goal,11.095600128173828,-136.17311096191406,-29.987590789794922
65.76664956399998,goal,11.057721138000488,-136.26206970214844,-29.987812042236328
65.800632458,goal,11.010444641113281,-136.3732147216797,-29.987998962402344
65.83480016500005,goal,10.972640037536621,-136.46205139160156,-29.988178253173828
65.86665618200004,goal,10.934863090515137,-136.55088806152344,-29.98837661743164
65.90064929900007,goal,10.897122383117676,-136.63967895507812,-29.988574981689453
65.93466278699998,goal,10.859447479248047,-136.7284393310547,-29.988861083984375
65.96934451599998,goal,10.821843147277832,-136.8172149658203,-29.9891357421875
66.003411024,goal,10.77490520477295,-136.92822265625,-29.989429473876953
66.037365701,goal,10.737369537353516,-137.01702880859375,-29.989643096923828
66.06938704699996,goal,10.699869155883789,-137.1058349609375,-29.989837646484375
66.10346229200002,goal,10.662379264831543,-137.19467163085938,-29.990074157714844
66.13737982500004,goal,10.624873161315918,-137.28350830078125,-29.99042510986328
66.16940996100004,goal,10.587319374084473,-137.37234497070312,-29.990909576416016
66.20836376399996,goal,10.540346145629883,-137.4833984375,-29.991641998291016
66.24231344600003,goal,10.502782821655273,-137.572265625,-29.992286682128906
66.27431216800005,goal,10.465238571166992,-137.66114807128906,-29.993000030517578
66.30839240700004,goal,10.4276762008667,-137.75,-29.993759155273438
66.34232661500005,goal,10.390149116516113,-137.83880615234375,-29.99449920654297
66.37430634400005,goal,10.352693557739258,-137.9275665283203,-29.995250701904297
66.40837607399999,goal,10.305987358093262,-138.0385284423828,-29.996173858642578
66.44384607400002,goal,10.268722534179688,-138.12733459472656,-29.996849060058594
66.47795443200005,goal,10.231523513793945,-138.21621704101562,-29.997451782226562
66.51200833899998,goal,10.194347381591797,-138.30516052246094,-29.997974395751953
66.54598375700004,goal,10.157146453857422,-138.39410400390625,-29.998458862304688
66.57795768000005,goal,10.119902610778809,-138.4830322265625,-29.998897552490234
66.61199318600006,goal,10.073315620422363,-138.59414672851562,-29.999378204345703
66.64598686900001,goal,10.036059379577637,-138.68299865722656,-29.999713897705078
66.67797187600002,goal,9.998773574829102,-138.77175903320312,-29.99999237060547
66.71557412200002,goal,9.961453437805176,-138.86045837402344,-30.000198364257812
66.74954524099996,goal,9.924076080322266,-138.94908142089844,-30.000438690185547
66.78153434700005,goal,9.886666297912598,-139.0376434326172,-30.000633239746094
66.81556530199998,goal,9.839859008789062,-139.14825439453125,-30.00082015991211
66.84954914399998,goal,9.802423477172852,-139.2366943359375,-30.00098419189453
66.88152187399999,goal,9.76504898071289,-139.3250732421875,-30.001232147216797
66.91557175100002,goal,9.727737426757812,-139.4134979248047,-30.001575469970703
66.95331388299996,goal,9.69051742553711,-139.50193786621094,-30.002086639404297
66.98524959200006,goal,9.653367042541504,-139.59043884277344,-30.00271987915039
67.019246211,goal,9.606980323791504,-139.70115661621094,-30.003662109375
67.05325898399997,goal,9.56989574432373,-139.7897491455078,-30.00458526611328
67.08530604099997,goal,9.532816886901855,-139.8783721923828,-30.005538940429688
67.11927686900003,goal,9.495726585388184,-139.96697998046875,-30.006484985351562
67.15326567500006,goal,9.458603858947754,-140.05560302734375,-30.007389068603516
67.18527716000006,goal,9.42144775390625,-140.14422607421875,-30.008277893066406
67.22285886300006,goal,9.374968528747559,-140.25502014160156,-30.009357452392578
67.25680111099996,goal,9.337759017944336,-140.3436279296875,-30.01021957397461
67.28883657999995,goal,9.300490379333496,-140.43228149414062,-30.011066436767578
67.32281191900006,goal,9.26318645477295,-140.52090454101562,-30.011863708496094
67.356790757,goal,9.225905418395996,-140.6095428466797,-30.012638092041016
67.38881280600003,goal,9.188612937927246,-140.69815063476562,-30.013362884521484
67.42282425200005,goal,9.14201831817627,-140.8089141845703,-30.014236450195312
67.46191229199997,goal,9.10468864440918,-140.89749145507812,-30.014877319335938
67.49389220399996,goal,9.067357063293457,-140.98606872558594,-30.015357971191406
67.52791480100007,goal,9.029977798461914,-141.0746307373047,-30.015674591064453
67.561914291,goal,8.99259090423584,-141.16317749023438,-30.01584243774414
67.59389509000005,goal,8.955181121826172,-141.25167846679688,-30.015926361083984
67.62791329499998,goal,8.908430099487305,-141.3623504638672,-30.015979766845703
67.66193586999998,goal,8.871018409729004,-141.4508514404297,-30.016010284423828
67.69625257100006,goal,8.833621978759766,-141.53933715820312,-30.016036987304688
67.72972741700005,goal,8.796249389648438,-141.62786865234375,-30.016036987304688
67.76373979499999,goal,8.7589111328125,-141.7163848876953,-30.016010284423828
67.79570952000006,goal,8.721624374389648,-141.80494689941406,-30.016048431396484
67.82973693300005,goal,8.675046920776367,-141.91561889648438,-30.016216278076172
67.86374224200006,goal,8.637811660766602,-142.00416564941406,-30.016376495361328
67.89571195300005,goal,8.600564956665039,-142.0927276611328,-30.016563415527344
67.92973622900001,goal,8.563346862792969,-142.18124389648438,-30.016773223876953
67.96702823199996,goal,8.526193618774414,-142.2696990966797,-30.016971588134766
67.99902371899998,goal,8.489058494567871,-142.3582000732422,-30.017139434814453
68.03308198499997,goal,8.442626953125,-142.46881103515625,-30.017333984375
68.06704112600005,goal,8.405474662780762,-142.5573272705078,-30.01739501953125
68.09901085399997,goal,8.36831283569336,-142.64584350585938,-30.01736068725586
68.13309387799995,goal,8.33114242553711,-142.73435974121094,-30.017269134521484
68.16703467800005,goal,8.293911933898926,-142.8228759765625,-30.017105102539062
68.202643846,goal,8.25666332244873,-142.91131591796875,-30.016845703125
68.23660581700005,goal,8.210103034973145,-143.02178955078125,-30.01648712158203
68.27061116499999,goal,8.172821998596191,-143.1101531982422,-30.016204833984375
68.30267802499998,goal,8.13549518585205,-143.1985321044922,-30.015941619873047
68.33661078600005,goal,8.09814739227295,-143.28695678710938,-30.015705108642578
68.370615197,goal,8.060799598693848,-143.37542724609375,-30.015438079833984
68.40265307200002,goal,8.023411750793457,-143.46388244628906,-30.015201568603516
68.43676991200005,goal,7.976632595062256,-143.57440185546875,-30.014907836914062
68.47352870899999,goal,7.939198970794678,-143.66270446777344,-30.014610290527344
68.50552646899996,goal,7.9017558097839355,-143.75094604492188,-30.014324188232422
68.53997320799999,goal,7.864259719848633,-143.8391571044922,-30.014068603515625
68.57352636400003,goal,7.826690673828125,-143.9273681640625,-30.013896942138672
68.605536057,goal,7.789071559906006,-144.0156707763672,-30.013755798339844
68.639527993,goal,7.741929531097412,-144.1261444091797,-30.01367950439453
68.67352737400006,goal,7.7041401863098145,-144.21461486816406,-30.013675689697266
68.709388107,goal,7.666306018829346,-144.3031463623047,-30.013702392578125
68.74345737800002,goal,7.628390312194824,-144.39169311523438,-30.013774871826172
68.77743433,goal,7.590410232543945,-144.4803009033203,-30.013851165771484
68.80937791999997,goal,7.5523810386657715,-144.5689697265625,-30.01395034790039
68.843434753,goal,7.504781723022461,-144.67994689941406,-30.01410675048828
68.87742202599998,goal,7.466622352600098,-144.7688446044922,-30.014263153076172
68.90940815900001,goal,7.4283366203308105,-144.85781860351562,-30.014385223388672
68.94464342399999,goal,7.389949321746826,-144.9468994140625,-30.014495849609375
68.980595429,goal,7.351566791534424,-145.03604125976562,-30.014606475830078
69.01256507400001,goal,7.313210487365723,-145.1251983642578,-30.014747619628906
69.04664273399999,goal,7.265301704406738,-145.236572265625,-30.014957427978516
69.080640184,goal,7.22698974609375,-145.32557678222656,-30.015090942382812
69.112570893,goal,7.188691139221191,-145.41455078125,-30.015239715576172
69.146678544,goal,7.150436878204346,-145.50352478027344,-30.015411376953125
69.18060168900001,goal,7.112221717834473,-145.5924835205078,-30.01552963256836
69.21644624700002,goal,7.074016094207764,-145.6814422607422,-30.01565933227539
69.25050877800004,goal,7.026318073272705,-145.79263305664062,-30.01580810546875
69.28450023899995,goal,6.988243579864502,-145.88157653808594,-30.01593017578125
69.31643853900005,goal,6.9502763748168945,-145.97052001953125,-30.016040802001953
69.35049555299997,goal,6.912435531616211,-146.05946350097656,-30.016124725341797
69.38446673500005,goal,6.874689102172852,-146.14840698242188,-30.016258239746094
69.41644391500006,goal,6.8369951248168945,-146.23736572265625,-30.01642608642578
69.45373733099996,goal,6.789930820465088,-146.34854125976562,-30.01667022705078
69.48758670300003,goal,6.752304553985596,-146.4374237060547,-30.016891479492188
69.51953388000004,goal,6.714730739593506,-146.52627563476562,-30.01708221435547
69.55358440999998,goal,6.677198886871338,-146.61508178710938,-30.017257690429688
69.58756004999998,goal,6.6396803855896,-146.703857421875,-30.01746368408203
69.619546517,goal,6.602148532867432,-146.7926788330078,-30.017620086669922
69.65359733900004,goal,6.555173873901367,-146.9036865234375,-30.017738342285156
69.68755180400001,goal,6.517514228820801,-146.992431640625,-30.01781463623047
69.72370384800001,goal,6.479822635650635,-147.0811004638672,-30.01788330078125
69.75771394499998,goal,6.4421186447143555,-147.1697540283203,-30.017906188964844
69.79170095500001,goal,6.404408931732178,-147.2583770751953,-30.01782989501953
69.82371347200001,goal,6.36665678024292,-147.34693908691406,-30.017662048339844
69.85771698600001,goal,6.319397926330566,-147.4575653076172,-30.017353057861328
69.89170756099998,goal,6.281489849090576,-147.5460205078125,-30.017074584960938
69.923728063,goal,6.243519306182861,-147.63441467285156,-30.01681137084961
69.960756704,goal,6.205531597137451,-147.72274780273438,-30.016563415527344
69.99475166499997,goal,6.167530059814453,-147.81109619140625,-30.01629638671875
70.02670391799995,goal,6.129484176635742,-147.89944458007812,-30.016006469726562
70.06076607800003,goal,6.0819091796875,-148.0098876953125,-30.015628814697266
70.09482343399998,goal,6.043806552886963,-148.09828186035156,-30.01534652709961
70.126699304,goal,6.005730152130127,-148.18673706054688,-30.015094757080078
70.16076426100005,goal,5.967623233795166,-148.27532958984375,-30.014869689941406
70.19707850600003,goal,5.929506301879883,-148.364013671875,-30.01465606689453
70.23020539900006,goal,5.891381740570068,-148.45281982421875,-30.014503479003906
70.26431917000002,goal,5.843757152557373,-148.56394958496094,-30.014354705810547
70.298271279,goal,5.805688858032227,-148.65296936035156,-30.01422882080078
70.33019371199998,goal,5.767695903778076,-148.74203491210938,-30.014129638671875
70.36431824900001,goal,5.729732513427734,-148.83108520507812,-30.01404571533203
70.39820175600005,goal,5.6917829513549805,-148.9200897216797,-30.013946533203125
70.43019215900006,goal,5.6538543701171875,-149.00906372070312,-30.01384735107422
70.46788686599996,goal,5.606472015380859,-149.1203155517578,-30.013778686523438
70.50190283200004,goal,5.568552017211914,-149.20932006835938,-30.01376724243164
70.53387504299997,goal,5.530673980712891,-149.29840087890625,-30.013736724853516
70.56795382999996,goal,5.492822170257568,-149.38758850097656,-30.013660430908203
70.60183903100005,goal,5.455004692077637,-149.476806640625,-30.013626098632812
70.63384361500005,goal,5.417181968688965,-149.5660858154297,-30.013587951660156
70.66785379099997,goal,5.369942665100098,-149.6776885986328,-30.013504028320312
70.70514293899998,goal,5.332159996032715,-149.76698303222656,-30.013423919677734
70.73701239499997,goal,5.294421195983887,-149.8563232421875,-30.013301849365234
70.77107269500004,goal,5.256777763366699,-149.9457244873047,-30.013084411621094
70.80508199500002,goal,5.219176292419434,-150.03517150878906,-30.012836456298828
70.83703569299996,goal,5.181625843048096,-150.1247100830078,-30.0125732421875
70.87106836300006,goal,5.134795188903809,-150.2366485595703,-30.012237548828125
70.90518707499996,goal,5.097395896911621,-150.32620239257812,-30.01197052001953
70.93706340300002,goal,5.060062885284424,-150.4156951904297,-30.01168441772461
70.97462266700006,goal,5.022799968719482,-150.50518798828125,-30.011390686035156
71.00855851799997,goal,4.98557710647583,-150.59466552734375,-30.011104583740234
71.04055090200006,goal,4.948469638824463,-150.68409729003906,-30.01083755493164
71.07460997500004,goal,4.902170658111572,-150.79580688476562,-30.010540008544922
71.108553035,goal,4.865235328674316,-150.88511657714844,-30.010345458984375
71.14055144600002,goal,4.828364849090576,-150.9743194580078,-30.010147094726562
71.17458551300001,goal,4.791510581970215,-151.06346130371094,-30.009963989257812
71.21222195400003,goal,4.754673004150391,-151.15252685546875,-30.00986099243164
71.24419115499995,goal,4.717813968658447,-151.2415313720703,-30.009815216064453
71.27822807500002,goal,4.671724319458008,-151.35269165039062,-30.009830474853516
71.31222857399996,goal,4.634819507598877,-151.44151306152344,-30.009876251220703
71.34423252099998,goal,4.597870349884033,-151.5302276611328,-30.009929656982422
71.37827170499997,goal,4.560891628265381,-151.61891174316406,-30.009990692138672
71.41222689400001,goal,4.5238542556762695,-151.70755004882812,-30.01007843017578
71.44419431000006,goal,4.486820220947266,-151.79615783691406,-30.01010513305664
71.48155331999999,goal,4.440567493438721,-151.906982421875,-30.010074615478516
71.51553077899996,goal,4.40358304977417,-151.99569702148438,-30.010005950927734
71.54747191199999,goal,4.366584300994873,-152.08448791503906,-30.00994110107422
71.58154320000006,goal,4.329550266265869,-152.17333984375,-30.009849548339844
71.61554112700003,goal,4.292470455169678,-152.2622528076172,-30.009769439697266
71.64747736000004,goal,4.2553815841674805,-152.3511962890625,-30.009681701660156
71.68153788400002,goal,4.208994388580322,-152.46234130859375,-30.00963592529297
71.71998860600002,goal,4.171868324279785,-152.5512237548828,-30.009620666503906
71.751965509,goal,4.134730339050293,-152.6400604248047,-30.009597778320312
71.78601409300006,goal,4.097630023956299,-152.72885131835938,-30.009559631347656
71.82002659500006,goal,4.060568809509277,-152.81761169433594,-30.009525299072266
71.851969897,goal,4.023532867431641,-152.90634155273438,-30.00946807861328
71.88601656599997,goal,3.9772677421569824,-153.0172119140625,-30.009323120117188
71.91997349300004,goal,3.940295934677124,-153.1059112548828,-30.009151458740234
71.95406592400002,goal,3.9033002853393555,-153.19459533691406,-30.009010314941406
71.98815981400003,goal,3.8662803173065186,-153.28329467773438,-30.008934020996094
72.022096648,goal,3.8292393684387207,-153.37203979492188,-30.00896453857422
72.05402083600006,goal,3.7922158241271973,-153.46078491210938,-30.009029388427734
72.08814944599999,goal,3.745988607406616,-153.57174682617188,-30.009151458740234
72.12211271800004,goal,3.709021806716919,-153.6605682373047,-30.009288787841797
72.15402341900005,goal,3.672062397003174,-153.74952697753906,-30.009441375732422
72.18813302199999,goal,3.635157346725464,-153.8385772705078,-30.009593963623047
72.22632273099998,goal,3.5982723236083984,-153.9276580810547,-30.00979995727539
72.25833675000001,goal,3.561383008956909,-154.01675415039062,-30.010135650634766
72.29234502200006,goal,3.515282154083252,-154.1281280517578,-30.010684967041016
72.326363098,goal,3.478442430496216,-154.2172088623047,-30.011150360107422
72.35830836800005,goal,3.441612482070923,-154.30630493164062,-30.011608123779297
72.39233430800004,goal,3.404808282852173,-154.3954315185547,-30.012020111083984
72.42633853300003,goal,3.3680408000946045,-154.484619140625,-30.01236343383789
72.46168155500004,goal,3.331345796585083,-154.57382202148438,-30.012672424316406
72.49572959299996,goal,3.285496711730957,-154.68531799316406,-30.01300811767578
72.529678881,goal,3.248838186264038,-154.7744598388672,-30.013202667236328
72.56169398400004,goal,3.212174415588379,-154.86361694335938,-30.013317108154297
72.59570630400003,goal,3.175506114959717,-154.95278930664062,-30.01335906982422
72.62971495400006,goal,3.138838768005371,-155.04197692871094,-30.013229370117188
72.66169667099996,goal,3.1021852493286133,-155.13113403320312,-30.013011932373047
72.69688762400006,goal,3.056421995162964,-155.2426300048828,-30.01262664794922
72.73258026799999,goal,3.0198731422424316,-155.33184814453125,-30.012237548828125
72.764547419,goal,2.983346939086914,-155.4210662841797,-30.011768341064453
72.79856869599996,goal,2.946833610534668,-155.51026916503906,-30.011245727539062
72.83256144699999,goal,2.9103379249572754,-155.5994415283203,-30.01076889038086
72.86451809300002,goal,2.873868465423584,-155.68858337402344,-30.010250091552734
72.89857260600002,goal,2.8283188343048096,-155.80001831054688,-30.009571075439453
72.93255236100003,goal,2.7918801307678223,-155.88919067382812,-30.009056091308594
72.96725832799996,goal,2.7554104328155518,-155.97840881347656,-30.008563995361328
73.00123928799997,goal,2.718940496444702,-156.067626953125,-30.00808334350586
73.03526500400005,goal,2.6824607849121094,-156.1568145751953,-30.007610321044922
73.067244104,goal,2.6459908485412598,-156.2459716796875,-30.007179260253906
73.10129055499999,goal,2.600400686264038,-156.35731506347656,-30.00667953491211
73.135257572,goal,2.5638813972473145,-156.44627380371094,-30.00632095336914
73.16725225100004,goal,2.527329921722412,-156.53514099121094,-30.005985260009766
73.20474850000005,goal,2.4907665252685547,-156.62396240234375,-30.00566864013672
73.23871699100005,goal,2.454206943511963,-156.71275329589844,-30.005428314208984
73.27065024199999,goal,2.4176814556121826,-156.801513671875,-30.00522232055664
73.30470925999998,goal,2.372068166732788,-156.912353515625,-30.005020141601562
73.33876331500005,goal,2.335601806640625,-157.0009307861328,-30.004833221435547
73.370630893,goal,2.2991526126861572,-157.0894775390625,-30.004642486572266
73.40473449199999,goal,2.262687921524048,-157.17796325683594,-30.00445556640625
73.43868954900006,goal,2.2262043952941895,-157.26644897460938,-30.00421905517578
73.47331648299996,goal,2.189673900604248,-157.35491943359375,-30.003997802734375
73.50733285800004,goal,2.143965244293213,-157.46559143066406,-30.003734588623047
73.54131968700005,goal,2.1073596477508545,-157.5541534423828,-30.003509521484375
73.57325992799997,goal,2.070749044418335,-157.64276123046875,-30.003223419189453
73.60727404700003,goal,2.034196376800537,-157.73146057128906,-30.002906799316406
73.64131293000003,goal,1.997652530670166,-157.82022094726562,-30.002685546875
73.673354013,goal,1.9611417055130005,-157.9090118408203,-30.00250244140625
73.71213731399996,goal,1.915553331375122,-158.0200653076172,-30.002330780029297
73.74610984699996,goal,1.879090666770935,-158.10890197753906,-30.002178192138672
73.77808259000005,goal,1.8426438570022583,-158.19778442382812,-30.002056121826172
73.81212314900006,goal,1.8062595129013062,-158.28665161132812,-30.001937866210938
73.84612154199999,goal,1.7699564695358276,-158.37551879882812,-30.00177764892578
73.87807442600001,goal,1.733742356300354,-158.4644317626953,-30.001651763916016
73.91214589599997,goal,1.6885567903518677,-158.57562255859375,-30.001590728759766
73.94662296700005,goal,1.6525075435638428,-158.66464233398438,-30.001564025878906
73.98048164500005,goal,1.6165015697479248,-158.7537078857422,-30.001590728759766
74.01452200899996,goal,1.580534815788269,-158.8428497314453,-30.001697540283203
74.048474425,goal,1.5446083545684814,-158.9320831298828,-30.00185775756836
74.08046877699996,goal,1.5087378025054932,-159.02134704589844,-30.002010345458984
74.11451700199996,goal,1.4639948606491089,-159.13304138183594,-30.00223159790039
74.14847221800005,goal,1.428299069404602,-159.22247314453125,-30.002471923828125
74.18052834700006,goal,1.3926403522491455,-159.31195068359375,-30.00277328491211
74.21810760599999,goal,1.3569717407226562,-159.4014434814453,-30.003124237060547
74.25211510899999,goal,1.3213036060333252,-159.49095153808594,-30.003437042236328
74.28409260199999,goal,1.2856022119522095,-159.58050537109375,-30.0037841796875
74.31811532899997,goal,1.240904450416565,-159.69252014160156,-30.004230499267578
74.35211794300005,goal,1.2050538063049316,-159.78211975097656,-30.004566192626953
74.38406105499996,goal,1.1691194772720337,-159.87171936035156,-30.004894256591797
74.41814697699999,goal,1.1331543922424316,-159.96128845214844,-30.00522232055664
74.45512482000004,goal,1.097184181213379,-160.05081176757812,-30.00548553466797
74.487072829,goal,1.0611639022827148,-160.1403350830078,-30.005779266357422
74.521092447,goal,1.0159941911697388,-160.25218200683594,-30.00615692138672
74.55510317899996,goal,0.9798386096954346,-160.3416290283203,-30.006362915039062
74.58704780799997,goal,0.9437189102172852,-160.4310760498047,-30.006572723388672
74.62110257400002,goal,0.907625675201416,-160.52053833007812,-30.00682830810547
74.655097093,goal,0.8715310096740723,-160.60997009277344,-30.00713348388672
74.68704758900003,goal,0.8354621529579163,-160.69937133789062,-30.007488250732422
74.72574170300004,goal,0.79046630859375,-160.81103515625,-30.007984161376953
74.75972630800004,goal,0.7545726895332336,-160.9003448486328,-30.008358001708984
74.79178738100006,goal,0.7187516689300537,-160.98963928222656,-30.008712768554688
74.82575647199997,goal,0.6830134391784668,-161.0789337158203,-30.009021759033203
74.85973779300002,goal,0.6473565697669983,-161.16822814941406,-30.009151458740234
74.89205815100001,goal,0.6117635369300842,-161.25750732421875,-30.009296417236328
74.92583623799999,goal,0.5674159526824951,-161.36911010742188,-30.009521484375
74.96203712800002,goal,0.5320662260055542,-161.4583740234375,-30.009693145751953
74.994030167,goal,0.4968234598636627,-161.54762268066406,-30.009876251220703
75.028051473,goal,0.46167874336242676,-161.6368408203125,-30.010051727294922
75.06202269200003,goal,0.4266442358493805,-161.7260284423828,-30.010238647460938
75.09404873400001,goal,0.39175981283187866,-161.81517028808594,-30.010406494140625
75.12806281600001,goal,0.3483513295650482,-161.92657470703125,-30.010601043701172
75.16203523499996,goal,0.3137975335121155,-162.0156707763672,-30.01087188720703
75.19407073700006,goal,0.2793346345424652,-162.10476684570312,-30.011199951171875
75.231432327,goal,0.24493882060050964,-162.19387817382812,-30.01156997680664
75.265360106,goal,0.21061971783638,-162.2830047607422,-30.01201629638672
75.29733306599996,goal,0.17632219195365906,-162.37213134765625,-30.012500762939453
75.33143930899996,goal,0.1334327906370163,-162.48355102539062,-30.013187408447266
75.36536320799996,goal,0.09912338852882385,-162.57272338867188,-30.013774871826172
75.39737125800002,goal,0.06484024971723557,-162.66192626953125,-30.014373779296875
75.43146042800004,goal,0.030595026910305023,-162.75111389160156,-30.015029907226562
75.46744560299999,goal,-0.0035909919533878565,-162.84030151367188,-30.01567840576172
75.49943102500004,goal,-0.03771865367889404,-162.9294891357422,-30.016376495361328
75.53350195500002,goal,-0.08036188781261444,-163.04103088378906,-30.01726531982422
75.56744764400003,goal,-0.11449196189641953,-163.13031005859375,-30.017967224121094
75.59944592400007,goal,-0.14864583313465118,-163.2196044921875,-30.018638610839844
75.63354389599999,goal,-0.1828620880842209,-163.30892944335938,-30.01925277709961
75.66744556499998,goal,-0.21711771190166473,-163.3982696533203,-30.01980972290039
75.70427746300004,goal,-0.2513624429702759,-163.48760986328125,-30.020248413085938
75.73824380300005,goal,-0.2941446602344513,-163.59927368164062,-30.0206298828125
75.77221260800002,goal,-0.32838207483291626,-163.68862915039062,-30.020771026611328
75.80420826500006,goal,-0.3626701235771179,-163.7779998779297,-30.020828247070312
75.83828709199997,goal,-0.3970218002796173,-163.86737060546875,-30.020843505859375
75.872246432,goal,-0.43144553899765015,-163.956787109375,-30.020771026611328
75.90420512599997,goal,-0.46597328782081604,-164.04620361328125,-30.020660400390625
75.93831233399999,goal,-0.5092142820358276,-164.157958984375,-30.020484924316406
75.97522985,goal,-0.5438730120658875,-164.24729919433594,-30.020336151123047
76.00712974300006,goal,-0.5786169171333313,-164.33657836914062,-30.02014923095703
76.04124249899996,goal,-0.6134161949157715,-164.42578125,-30.019916534423828
76.07520989600005,goal,-0.6482137441635132,-164.5149688720703,-30.019733428955078
76.10711033200005,goal,-0.6829665303230286,-164.6041259765625,-30.01955795288086
76.14125066899999,goal,-0.7263192534446716,-164.71559143066406,-30.01937484741211
76.17521459800003,goal,-0.7609308958053589,-164.8047637939453,-30.019256591796875
76.21036600800005,goal,-0.7954611778259277,-164.89398193359375,-30.01910400390625
76.24448935600003,goal,-0.8298876881599426,-164.9832000732422,-30.01889419555664
76.278337803,goal,-0.8642324805259705,-165.07240295410156,-30.0185546875
76.31035811900006,goal,-0.8985412120819092,-165.16160583496094,-30.018199920654297
76.34442678000005,goal,-0.9414205551147461,-165.27310180664062,-30.017749786376953
76.37835107199999,goal,-0.9757134318351746,-165.36224365234375,-30.01740264892578
76.41036266499998,goal,-1.0100269317626953,-165.45135498046875,-30.01697540283203
76.444397761,goal,-1.0443910360336304,-165.5404510498047,-30.01650619506836
76.48142817899998,goal,-1.078848123550415,-165.62954711914062,-30.016063690185547
76.51339813300001,goal,-1.113473653793335,-165.7185821533203,-30.015586853027344
76.54746303599995,goal,-1.1569538116455078,-165.82977294921875,-30.014930725097656
76.58147859999997,goal,-1.1918585300445557,-165.91867065429688,-30.01441192626953
76.61342846000002,goal,-1.2268909215927124,-166.007568359375,-30.01384735107422
76.64747127300006,goal,-1.2620294094085693,-166.09642028808594,-30.013267517089844
76.68145900599995,goal,-1.2972575426101685,-166.18524169921875,-30.01279067993164
76.71713549499998,goal,-1.3325461149215698,-166.27401733398438,-30.01233673095703
76.75120895300006,goal,-1.3767142295837402,-166.38490295410156,-30.011791229248047
76.785249808,goal,-1.4120609760284424,-166.4735107421875,-30.011367797851562
76.81712116699998,goal,-1.4473788738250732,-166.56204223632812,-30.010971069335938
76.85119667499998,goal,-1.4826775789260864,-166.65054321289062,-30.010601043701172
76.88516738099997,goal,-1.5179295539855957,-166.73899841308594,-30.010326385498047
76.91715864499997,goal,-1.5531436204910278,-166.8274383544922,-30.010101318359375
76.95299088800004,goal,-1.5971263647079468,-166.93801879882812,-30.009872436523438
76.98695910499998,goal,-1.632307529449463,-167.02647399902344,-30.009777069091797
77.0189216,goal,-1.6674799919128418,-167.1149444580078,-30.009746551513672
77.05299233100004,goal,-1.7026071548461914,-167.2034149169922,-30.00979995727539
77.08695979499998,goal,-1.7376914024353027,-167.2919158935547,-30.00991439819336
77.11891983600003,goal,-1.7727599143981934,-167.38040161132812,-30.010108947753906
77.15299961899996,goal,-1.8166049718856812,-167.49099731445312,-30.01038360595703
77.18695371700005,goal,-1.8516908884048462,-167.57943725585938,-30.010597229003906
77.22288268199998,goal,-1.8868069648742676,-167.66787719726562,-30.010814666748047
77.256924744,goal,-1.921988844871521,-167.75633239746094,-30.011035919189453
77.29086545100006,goal,-1.9571605920791626,-167.84481811523438,-30.011295318603516
77.32286218800004,goal,-1.992306113243103,-167.93331909179688,-30.01158905029297
77.35686963299997,goal,-2.0361998081207275,-168.0439910888672,-30.012004852294922
77.39086690700003,goal,-2.071340560913086,-168.13258361816406,-30.01239776611328
77.42286823300003,goal,-2.106472969055176,-168.22125244140625,-30.012802124023438
77.45942128499996,goal,-2.1415815353393555,-168.30995178222656,-30.013248443603516
77.49340669100002,goal,-2.1767046451568604,-168.3987274169922,-30.013748168945312
77.52541838700006,goal,-2.2118992805480957,-168.48748779296875,-30.014354705810547
77.55940339400001,goal,-2.2558987140655518,-168.59841918945312,-30.015117645263672
77.59341714000004,goal,-2.291135549545288,-168.6870880126953,-30.015758514404297
77.62538677400005,goal,-2.3263823986053467,-168.7757568359375,-30.016464233398438
77.659386014,goal,-2.3616228103637695,-168.864501953125,-30.017234802246094
77.69340705700006,goal,-2.3968710899353027,-168.95326232910156,-30.018054962158203
77.72846236099997,goal,-2.43209171295166,-169.0420379638672,-30.01882553100586
77.76228917699996,goal,-2.476149559020996,-169.15298461914062,-30.01970672607422
77.79626111799996,goal,-2.5113742351531982,-169.24176025390625,-30.020305633544922
77.82842443599998,goal,-2.546569347381592,-169.3303985595703,-30.020885467529297
77.86231763700005,goal,-2.581718683242798,-169.41896057128906,-30.021446228027344
77.89626356999997,goal,-2.616835355758667,-169.50743103027344,-30.02200698852539
77.92827152500001,goal,-2.6519482135772705,-169.59585571289062,-30.022510528564453
77.96462580499997,goal,-2.695796251296997,-169.70632934570312,-30.023048400878906
77.99858853,goal,-2.7308435440063477,-169.79469299316406,-30.023361206054688
78.03056272900005,goal,-2.7658543586730957,-169.88304138183594,-30.023571014404297
78.06462407900005,goal,-2.8008179664611816,-169.97145080566406,-30.023658752441406
78.09858526799997,goal,-2.8357131481170654,-170.0598602294922,-30.023624420166016
78.13057743399997,goal,-2.870443344116211,-170.1483154296875,-30.02350616455078
78.16462097199997,goal,-2.913623571395874,-170.2589111328125,-30.023303985595703
78.20065496400002,goal,-2.948021411895752,-170.34742736816406,-30.023082733154297
78.23464778699997,goal,-2.9823451042175293,-170.43597412109375,-30.022808074951172
78.26869524799997,goal,-3.0166053771972656,-170.5245819091797,-30.022480010986328
78.30265843899997,goal,-3.050830125808716,-170.61322021484375,-30.022232055664062
78.33465276900006,goal,-3.085021495819092,-170.701904296875,-30.021968841552734
78.36869938699999,goal,-3.1276886463165283,-170.81277465820312,-30.021686553955078
78.40267044100005,goal,-3.161728620529175,-170.90150451660156,-30.021514892578125
78.43466874,goal,-3.195704698562622,-170.9902801513672,-30.021404266357422
78.47169034199999,goal,-3.229659080505371,-171.07907104492188,-30.021320343017578
78.50569187400004,goal,-3.2636148929595947,-171.1678924560547,-30.02126693725586
78.537612642,goal,-3.2976088523864746,-171.2567596435547,-30.021194458007812
78.57167901499997,goal,-3.3401803970336914,-171.36795043945312,-30.021095275878906
78.60566995299996,goal,-3.3743088245391846,-171.4569854736328,-30.020965576171875
78.63760061000005,goal,-3.40849232673645,-171.5460968017578,-30.02081298828125
78.67172787499999,goal,-3.4427175521850586,-171.63526916503906,-30.020606994628906
78.71001707799996,goal,-3.476987600326538,-171.72450256347656,-30.02035140991211
78.74184697099997,goal,-3.511293649673462,-171.81378173828125,-30.020030975341797
78.77595906700003,goal,-3.554198741912842,-171.9254608154297,-30.019493103027344
78.80995168699997,goal,-3.5885744094848633,-172.01487731933594,-30.018966674804688
78.84185263400002,goal,-3.622988700866699,-172.10440063476562,-30.01833724975586
78.87597122,goal,-3.657419443130493,-172.19398498535156,-30.017635345458984
78.90997022900001,goal,-3.691849708557129,-172.28353881835938,-30.016883850097656
78.941848865,goal,-3.726262092590332,-172.37307739257812,-30.016033172607422
78.97830127500004,goal,-3.769280195236206,-172.4849853515625,-30.01488494873047
79.012302137,goal,-3.8037521839141846,-172.57449340820312,-30.013957977294922
79.04426558199998,goal,-3.83829402923584,-172.6639862060547,-30.013080596923828
79.07830533599997,goal,-3.872875452041626,-172.7534637451172,-30.012287139892578
79.11228645100005,goal,-3.9074413776397705,-172.8428955078125,-30.0115966796875
79.14429523600006,goal,-3.9419901371002197,-172.93226623535156,-30.01097869873047
79.17824250499996,goal,-3.9851834774017334,-173.04385375976562,-30.010311126708984
79.21554830900004,goal,-4.019771099090576,-173.13299560546875,-30.009872436523438
79.24754811100001,goal,-4.054415225982666,-173.2220458984375,-30.009479522705078
79.28155938600003,goal,-4.089132308959961,-173.31103515625,-30.009071350097656
79.31555364899998,goal,-4.12394905090332,-173.3999786376953,-30.008617401123047
79.347542374,goal,-4.15884256362915,-173.48890686035156,-30.008098602294922
79.38159681900004,goal,-4.202568531036377,-173.60008239746094,-30.007366180419922
79.41555872900005,goal,-4.2375874519348145,-173.68898010253906,-30.006778717041016
79.447562221,goal,-4.2726616859436035,-173.77781677246094,-30.006160736083984
79.48506775199996,goal,-4.307806015014648,-173.8665313720703,-30.00548553466797
79.51905854100005,goal,-4.342997074127197,-173.95509338378906,-30.004680633544922
79.55100371900005,goal,-4.378220081329346,-174.04356384277344,-30.00379180908203
79.58507481499998,goal,-4.422342777252197,-174.154052734375,-30.002628326416016
79.61905297999999,goal,-4.457671642303467,-174.24240112304688,-30.001686096191406
79.65101304899997,goal,-4.493030548095703,-174.3307342529297,-30.000751495361328
79.68506325299995,goal,-4.528393745422363,-174.4190673828125,-29.999855041503906
79.72221881200005,goal,-4.563798904418945,-174.5073699951172,-29.998992919921875
79.75417106400005,goal,-4.599269390106201,-174.59568786621094,-29.998092651367188
79.78822385800004,goal,-4.64369010925293,-174.70608520507812,-29.99694061279297
79.82219310300002,goal,-4.679240703582764,-174.79443359375,-29.996028900146484
79.854163782,goal,-4.714764595031738,-174.88279724121094,-29.995128631591797
79.88823778699998,goal,-4.750278949737549,-174.9711456298828,-29.994251251220703
79.92219816299996,goal,-4.785826683044434,-175.0595245361328,-29.993450164794922
79.95674826100003,goal,-4.8213372230529785,-175.14793395996094,-29.992755889892578
79.990769376,goal,-4.86566686630249,-175.2584228515625,-29.99200439453125
80.02475606100006,goal,-4.901095390319824,-175.34677124023438,-29.991493225097656
80.05674741200005,goal,-4.9365010261535645,-175.43508911132812,-29.991111755371094
80.09077845000002,goal,-4.971868991851807,-175.52340698242188,-29.99083709716797
80.12475677999998,goal,-5.007155418395996,-175.61172485351562,-29.990650177001953
80.15673953999999,goal,-5.042360782623291,-175.70010375976562,-29.990543365478516
80.19078337899998,goal,-5.086271286010742,-175.81069946289062,-29.990482330322266
80.22946976100002,goal,-5.121344566345215,-175.89927673339844,-29.990478515625
80.26148009899998,goal,-5.156411647796631,-175.98794555664062,-29.990596771240234
80.29552201700005,goal,-5.191476345062256,-176.07664489746094,-29.99085235595703
80.32964282500006,goal,-5.226539134979248,-176.16537475585938,-29.991313934326172
80.36150318700004,goal,-5.261592388153076,-176.25411987304688,-29.991798400878906
80.39566291799997,goal,-5.305276393890381,-176.36508178710938,-29.99240493774414
80.42980607599998,goal,-5.340099334716797,-176.45387268066406,-29.992874145507812
80.46337700699996,goal,-5.374835968017578,-176.54270935058594,-29.993316650390625
80.49738315100001,goal,-5.409425258636475,-176.63153076171875,-29.99374771118164
80.53137701200001,goal,-5.443848609924316,-176.72036743164062,-29.99420166015625
80.563535054,goal,-5.478143692016602,-176.80926513671875,-29.99463653564453
80.59739146000004,goal,-5.52090311050415,-176.92047119140625,-29.995174407958984
80.63136546600003,goal,-5.555045127868652,-177.0093994140625,-29.995609283447266
80.66342208399999,goal,-5.589117050170898,-177.09835815429688,-29.99597930908203
80.69741985999997,goal,-5.623095989227295,-177.1873016357422,-29.99630355834961
80.73554183400006,goal,-5.656989574432373,-177.27627563476562,-29.996627807617188
80.76752167799998,goal,-5.6908278465271,-177.36524963378906,-29.996871948242188
80.80158246799999,goal,-5.733152389526367,-177.4763946533203,-29.997024536132812
80.83557051399998,goal,-5.767100811004639,-177.5653076171875,-29.997058868408203
80.86753070199995,goal,-5.801161289215088,-177.6542205810547,-29.997047424316406
80.90157085500005,goal,-5.835357666015625,-177.74313354492188,-29.996990203857422
80.93554834099996,goal,-5.869661331176758,-177.83203125,-29.996910095214844
80.970842661,goal,-5.9040303230285645,-177.9209442138672,-29.996780395507812
81.00488895399997,goal,-5.947203636169434,-178.03208923339844,-29.99658203125
81.03884976999996,goal,-5.981849670410156,-178.1209716796875,-29.996517181396484
81.07083325099995,goal,-6.016552925109863,-178.2098388671875,-29.996444702148438
81.104919473,goal,-6.05127477645874,-178.2986602783203,-29.99637222290039
81.13884799499999,goal,-6.086015224456787,-178.38748168945312,-29.996402740478516
81.17083333899996,goal,-6.120752334594727,-178.476318359375,-29.996414184570312
81.20800551299999,goal,-6.164125442504883,-178.58737182617188,-29.99639892578125
81.24191064800004,goal,-6.198779106140137,-178.67630004882812,-29.996368408203125
81.27391344099999,goal,-6.233355522155762,-178.7653045654297,-29.99634552001953
81.30795894200003,goal,-6.267884731292725,-178.85435485839844,-29.996326446533203
81.34191743300005,goal,-6.302306175231934,-178.94338989257812,-29.996368408203125
81.37391725999998,goal,-6.33663272857666,-179.0324249267578,-29.996551513671875
81.407938446,goal,-6.379477024078369,-179.14376831054688,-29.996932983398438
81.44193155899995,goal,-6.413781642913818,-179.23292541503906,-29.997310638427734
81.47615496399999,goal,-6.448122501373291,-179.3221435546875,-29.99764633178711
81.510238974,goal,-6.482526779174805,-179.4114227294922,-29.997962951660156
81.54419750199997,goal,-6.516969203948975,-179.50076293945312,-29.998279571533203
81.57619791100001,goal,-6.551449298858643,-179.59011840820312,-29.998615264892578
81.61023461800005,goal,-6.594549655914307,-179.70181274414062,-29.999034881591797
81.644200082,goal,-6.629055976867676,-179.79124450683594,-29.99933624267578
81.67616264900005,goal,-6.6636247634887695,-179.8807373046875,-29.999671936035156
81.71377226200002,goal,-6.698261737823486,-179.97027587890625,-30.000015258789062
81.74781924299998,goal,-6.732954978942871,-180.0598602294922,-30.000308990478516
81.77981769999997,goal,-6.76767110824585,-180.14950561523438,-30.000591278076172
81.81390935399997,goal,-6.811063289642334,-180.26168823242188,-30.000900268554688
81.84778763300005,goal,-6.8457560539245605,-180.35153198242188,-30.001148223876953
81.879782493,goal,-6.880425930023193,-180.44146728515625,-30.001373291015625
81.91387655599999,goal,-6.91506814956665,-180.5314483642578,-30.0015869140625
81.94779246999997,goal,-6.949657917022705,-180.62149047851562,-30.001846313476562
81.98207317800006,goal,-6.984194278717041,-180.71160888671875,-30.002166748046875
82.01604721600006,goal,-7.027332305908203,-180.82437133789062,-30.002552032470703
82.05001343699996,goal,-7.061834812164307,-180.91468811035156,-30.00279998779297
82.08206660300004,goal,-7.096321105957031,-181.00498962402344,-30.002941131591797
82.11608515,goal,-7.130754470825195,-181.0952911376953,-30.00295639038086
82.15001977300005,goal,-7.1651482582092285,-181.1855926513672,-30.00290298461914
82.18202969100003,goal,-7.199514389038086,-181.27590942382812,-30.0028076171875
82.21945840499995,goal,-7.242404937744141,-181.38876342773438,-30.00259780883789
82.25341745900005,goal,-7.276617527008057,-181.47898864746094,-30.002384185791016
82.28534088699996,goal,-7.310729503631592,-181.56918334960938,-30.00216293334961
82.31941485100003,goal,-7.344753265380859,-181.65931701660156,-30.001930236816406
82.35339626100006,goal,-7.378739356994629,-181.74942016601562,-30.001708984375
82.38534545900006,goal,-7.4127020835876465,-181.83944702148438,-30.00152587890625
82.419409793,goal,-7.455105781555176,-181.95193481445312,-30.00137710571289
82.45766521799999,goal,-7.4889750480651855,-182.04190063476562,-30.00124740600586
82.48956219499996,goal,-7.522881984710693,-182.1318359375,-30.001079559326172
82.52363607200004,goal,-7.556827545166016,-182.22174072265625,-30.00088119506836
82.55760526100005,goal,-7.590750694274902,-182.3115692138672,-30.000686645507812
82.58956664200002,goal,-7.624655723571777,-182.4012908935547,-30.00042724609375
82.62369039600003,goal,-7.6670355796813965,-182.51332092285156,-30.000022888183594
82.65769141400006,goal,-7.700943470001221,-182.60281372070312,-29.999649047851562
82.68957893799995,goal,-7.734849452972412,-182.69215393066406,-29.99930191040039
82.72682861199996,goal,-7.768738746643066,-182.78140258789062,-29.99899673461914
82.760791348,goal,-7.802608489990234,-182.8705596923828,-29.998733520507812
82.79282259600006,goal,-7.836430072784424,-182.9596405029297,-29.998512268066406
82.82681611600003,goal,-7.8786444664001465,-183.0709228515625,-29.998332977294922
82.86079405800001,goal,-7.9124040603637695,-183.159912109375,-29.99829864501953
82.89286024299997,goal,-7.94614315032959,-183.24888610839844,-29.998287200927734
82.92683214199997,goal,-7.979854583740234,-183.33782958984375,-29.998355865478516
82.96326216199998,goal,-8.013542175292969,-183.42672729492188,-29.998584747314453
82.99514121300001,goal,-8.047174453735352,-183.515625,-29.998886108398438
83.0292369,goal,-8.08907699584961,-183.62681579589844,-29.999370574951172
83.06332802999998,goal,-8.122518539428711,-183.71585083007812,-29.999881744384766
83.09513783500006,goal,-8.155948638916016,-183.80490112304688,-30.000465393066406
83.12923865799996,goal,-8.189393997192383,-183.8939971923828,-30.00112533569336
83.163275354,goal,-8.222847938537598,-183.98309326171875,-30.001846313476562
83.19514645499999,goal,-8.256306648254395,-184.07215881347656,-30.002639770507812
83.23332796299997,goal,-8.29817008972168,-184.1834716796875,-30.003704071044922
83.26726761099997,goal,-8.331665992736816,-184.2724609375,-30.00457000732422
83.29937695000001,goal,-8.365166664123535,-184.36138916015625,-30.005496978759766
83.33331990800002,goal,-8.398702621459961,-184.4502716064453,-30.006458282470703
83.367264514,goal,-8.432282447814941,-184.53909301757812,-30.007373809814453
83.39932843400004,goal,-8.465921401977539,-184.62783813476562,-30.008235931396484
83.43330355600006,goal,-8.508084297180176,-184.7386474609375,-30.00920867919922
83.47034241100005,goal,-8.541927337646484,-184.82713317871094,-30.009944915771484
83.502293377,goal,-8.575815200805664,-184.91546630859375,-30.01062774658203
83.53635448299997,goal,-8.609700202941895,-185.0037078857422,-30.011260986328125
83.57029255999998,goal,-8.643624305725098,-185.09190368652344,-30.011886596679688
83.60229319200005,goal,-8.677614212036133,-185.18008422851562,-30.012409210205078
83.63634397999999,goal,-8.720197677612305,-185.29034423828125,-30.012897491455078
83.67030461900004,goal,-8.754386901855469,-185.3786163330078,-30.013202667236328
83.70622092099995,goal,-8.788590431213379,-185.46697998046875,-30.013450622558594
83.74011502500002,goal,-8.822769165039062,-185.55545043945312,-30.013702392578125
83.774128303,goal,-8.85693645477295,-185.64401245117188,-30.01404571533203
83.80608705700001,goal,-8.891092300415039,-185.7326202392578,-30.014400482177734
83.84013582099999,goal,-8.933835983276367,-185.8434295654297,-30.014827728271484
83.87413488300001,goal,-8.968103408813477,-185.93209838867188,-30.01517105102539
83.906100046,goal,-9.002426147460938,-186.0207977294922,-30.01551055908203
83.94014223400006,goal,-9.036836624145508,-186.10951232910156,-30.015857696533203
83.97754882599997,goal,-9.071290016174316,-186.19822692871094,-30.01616668701172
84.00961028899997,goal,-9.1058349609375,-186.28697204589844,-30.016414642333984
84.04365789300005,goal,-9.149065971374512,-186.39796447753906,-30.01656723022461
84.07757821899997,goal,-9.183704376220703,-186.48675537109375,-30.016613006591797
84.10961549499996,goal,-9.218313217163086,-186.5756072998047,-30.016582489013672
84.14361352399999,goal,-9.252862930297852,-186.66452026367188,-30.016490936279297
84.17759030299999,goal,-9.287391662597656,-186.75347900390625,-30.01634979248047
84.21291956799996,goal,-9.321958541870117,-186.84255981445312,-30.016204833984375
84.24706776899995,goal,-9.36521053314209,-186.9539794921875,-30.016006469726562
84.28102709300003,goal,-9.399930000305176,-187.04324340820312,-30.015865325927734
84.31294853400004,goal,-9.434748649597168,-187.13255310058594,-30.015705108642578
84.34701452900003,goal,-9.469664573669434,-187.221923828125,-30.015525817871094
84.38107469099998,goal,-9.504657745361328,-187.31134033203125,-30.015426635742188
84.41293662300006,goal,-9.539684295654297,-187.40077209472656,-30.01537322998047
84.447035723,goal,-9.583477973937988,-187.5125732421875,-30.015369415283203
84.48464231599996,goal,-9.618509292602539,-187.60202026367188,-30.015392303466797
84.51661115499996,goal,-9.653520584106445,-187.69149780273438,-30.015457153320312
84.55064080299996,goal,-9.688562393188477,-187.7809600830078,-30.015544891357422
84.58467389400005,goal,-9.723590850830078,-187.8704071044922,-30.015705108642578
84.61661444699996,goal,-9.758625984191895,-187.9599151611328,-30.01593017578125
84.65063885699999,goal,-9.802464485168457,-188.0718231201172,-30.016292572021484
84.68467151599998,goal,-9.837554931640625,-188.161376953125,-30.016563415527344
84.721450258,goal,-9.872686386108398,-188.25094604492188,-30.016815185546875
84.75551278600005,goal,-9.90783977508545,-188.340576171875,-30.017032623291016
84.78946266399998,goal,-9.943016052246094,-188.43026733398438,-30.017227172851562
84.82145980100006,goal,-9.978219032287598,-188.52000427246094,-30.017436981201172
84.85552540499998,goal,-10.022236824035645,-188.63223266601562,-30.017669677734375
84.88946645099998,goal,-10.057452201843262,-188.72201538085938,-30.017822265625
84.92145826299998,goal,-10.092672348022461,-188.811767578125,-30.017898559570312
84.95846023800004,goal,-10.127877235412598,-188.90147399902344,-30.01791000366211
84.99240478900003,goal,-10.163129806518555,-188.9911346435547,-30.01793670654297
85.02439902800006,goal,-10.198409080505371,-189.08078002929688,-30.01791000366211
85.05846114300005,goal,-10.242650985717773,-189.19276428222656,-30.017780303955078
85.09241398100005,goal,-10.278114318847656,-189.28233337402344,-30.017559051513672
85.12439910299997,goal,-10.31368350982666,-189.3719024658203,-30.017295837402344
85.158456666,goal,-10.349363327026367,-189.46144104003906,-30.016998291015625
85.19242268300002,goal,-10.385159492492676,-189.55093383789062,-30.016620635986328
85.22867147399995,goal,-10.421052932739258,-189.64044189453125,-30.016231536865234
85.26276973999995,goal,-10.466034889221191,-189.7523956298828,-30.01571273803711
85.296698494,goal,-10.502044677734375,-189.84201049804688,-30.015281677246094
85.32869210600006,goal,-10.538124084472656,-189.93165588378906,-30.014888763427734
85.36274109199996,goal,-10.574214935302734,-190.0213623046875,-30.014545440673828
85.39668204300006,goal,-10.610291481018066,-190.1111297607422,-30.014198303222656
85.42868726400002,goal,-10.646347999572754,-190.20095825195312,-30.013835906982422
85.46622166600002,goal,-10.691415786743164,-190.31333923339844,-30.01333236694336
85.50021237299995,goal,-10.727465629577637,-190.40330505371094,-30.012962341308594
85.53215804800004,goal,-10.763442039489746,-190.49334716796875,-30.01266098022461
85.56616247,goal,-10.79930591583252,-190.58340454101562,-30.012409210205078
85.60017622500004,goal,-10.835057258605957,-190.6734619140625,-30.01218032836914
85.63217663700004,goal,-10.870718955993652,-190.7634735107422,-30.01202392578125
85.66613953000001,goal,-10.915112495422363,-190.87599182128906,-30.011898040771484
85.70026640200001,goal,-10.950485229492188,-190.96604919433594,-30.011844635009766
85.73623816200006,goal,-10.985733032226562,-191.05609130859375,-30.01178741455078
85.77025900000001,goal,-11.020899772644043,-191.1460723876953,-30.011722564697266
85.80423388999998,goal,-11.056007385253906,-191.2359619140625,-30.011703491210938
85.83629573899998,goal,-11.09103012084961,-191.3257598876953,-30.011714935302734
85.87025709800002,goal,-11.134663581848145,-191.43785095214844,-30.011825561523438
85.90423405600006,goal,-11.169506072998047,-191.52743530273438,-30.012004852294922
85.93622934300004,goal,-11.204341888427734,-191.61683654785156,-30.012237548828125
85.97341450800002,goal,-11.239185333251953,-191.70608520507812,-30.012523651123047
86.007336216,goal,-11.274004936218262,-191.79519653320312,-30.012893676757812
86.03930177999996,goal,-11.308785438537598,-191.88417053222656,-30.013309478759766
86.07337072200005,goal,-11.3521728515625,-191.99522399902344,-30.013877868652344
86.10730947499997,goal,-11.386829376220703,-192.08395385742188,-30.014339447021484
86.139305692,goal,-11.421463966369629,-192.172607421875,-30.01485824584961
86.17337267100004,goal,-11.456072807312012,-192.26121520996094,-30.01543426513672
86.21358843100006,goal,-11.490616798400879,-192.34976196289062,-30.01601791381836
86.24555144099998,goal,-11.52506160736084,-192.4382781982422,-30.016666412353516
86.27959016800003,goal,-11.567994117736816,-192.5489044189453,-30.01750946044922
86.31358409500001,goal,-11.602275848388672,-192.63743591308594,-30.01812744140625
86.345545862,goal,-11.636524200439453,-192.72601318359375,-30.018672943115234
86.37957905100006,goal,-11.670746803283691,-192.8145751953125,-30.019115447998047
86.41361780099999,goal,-11.704907417297363,-192.90309143066406,-30.019420623779297
86.44555217499999,goal,-11.738965034484863,-192.99160766601562,-30.019676208496094
86.481992042,goal,-11.781438827514648,-193.10226440429688,-30.019939422607422
86.51600538100001,goal,-11.815409660339355,-193.1907501220703,-30.020092010498047
86.54788331300006,goal,-11.849347114562988,-193.27920532226562,-30.020156860351562
86.58203491100005,goal,-11.883218765258789,-193.36764526367188,-30.020156860351562
86.61600908900004,goal,-11.917003631591797,-193.4561004638672,-30.02011489868164
86.64789667100001,goal,-11.950725555419922,-193.54458618164062,-30.019989013671875
86.682005001,goal,-11.99279499053955,-193.65516662597656,-30.019763946533203
86.71979395300002,goal,-12.02639389038086,-193.74359130859375,-30.019622802734375
86.75182846999996,goal,-12.060004234313965,-193.83197021484375,-30.01947021484375
86.78584359299998,goal,-12.093640327453613,-193.92031860351562,-30.019325256347656
86.819811717,goal,-12.127291679382324,-194.00863647460938,-30.019180297851562
86.851866481,goal,-12.160943031311035,-194.0969696044922,-30.019084930419922
86.88581756400004,goal,-12.203051567077637,-194.20736694335938,-30.019054412841797
86.91980789499996,goal,-12.236791610717773,-194.295654296875,-30.019107818603516
86.95364154499998,goal,-12.270583152770996,-194.3839111328125,-30.019264221191406
86.99056938299998,goal,-12.304405212402344,-194.47216796875,-30.019550323486328
87.024572068,goal,-12.338276863098145,-194.56044006347656,-30.019920349121094
87.05651736100003,goal,-12.372238159179688,-194.64874267578125,-30.020305633544922
87.09056240300004,goal,-12.414790153503418,-194.7591552734375,-30.020755767822266
87.12453933000006,goal,-12.448931694030762,-194.8475799560547,-30.021106719970703
87.15650806600001,goal,-12.483166694641113,-194.93603515625,-30.021312713623047
87.19057346199997,goal,-12.517433166503906,-195.02447509765625,-30.021408081054688
87.22903452399999,goal,-12.55175495147705,-195.11289978027344,-30.02139663696289
87.26095185600002,goal,-12.5861177444458,-195.2013397216797,-30.021259307861328
87.295035515,goal,-12.629144668579102,-195.3119659423828,-30.020950317382812
87.32895773200005,goal,-12.663639068603516,-195.40049743652344,-30.020614624023438
87.36094787100001,goal,-12.6981782913208,-195.4890594482422,-30.02027130126953
87.39504995699997,goal,-12.732710838317871,-195.57760620117188,-30.019920349121094
87.42899211200006,goal,-12.767287254333496,-195.66616821289062,-30.01950454711914
87.46597040400002,goal,-12.80189323425293,-195.7547149658203,-30.019115447998047
87.50004525500003,goal,-12.845209121704102,-195.86538696289062,-30.018661499023438
87.53406877500004,goal,-12.879965782165527,-195.95396423339844,-30.018280029296875
87.56596200800004,goal,-12.914809226989746,-196.04261779785156,-30.017868041992188
87.60002114099996,goal,-12.949675559997559,-196.13131713867188,-30.017414093017578
87.63405470800001,goal,-12.984563827514648,-196.22000122070312,-30.01691436767578
87.66600468700005,goal,-13.019464492797852,-196.30868530273438,-30.01639175415039
87.70007555000007,goal,-13.063055992126465,-196.41958618164062,-30.015697479248047
87.73772227699999,goal,-13.097912788391113,-196.50830078125,-30.01516342163086
87.76975424199998,goal,-13.132745742797852,-196.59701538085938,-30.01465606689453
87.80377608200001,goal,-13.167495727539062,-196.6856689453125,-30.014171600341797
87.83773748800002,goal,-13.202205657958984,-196.7743377685547,-30.01374053955078
87.86977675599996,goal,-13.236894607543945,-196.863037109375,-30.013282775878906
87.90379577400006,goal,-13.280129432678223,-196.97406005859375,-30.012737274169922
87.93772610999997,goal,-13.314583778381348,-197.06295776367188,-30.012378692626953
87.97321408200003,goal,-13.348905563354492,-197.15191650390625,-30.012107849121094
88.00724660100002,goal,-13.38304615020752,-197.24087524414062,-30.011940002441406
88.04119791899996,goal,-13.417085647583008,-197.3298797607422,-30.011917114257812
88.07319015100006,goal,-13.451092720031738,-197.41893005371094,-30.012054443359375
88.107247454,goal,-13.493572235107422,-197.5302734375,-30.01241683959961
88.14118817099995,goal,-13.527563095092773,-197.61936950683594,-30.01285171508789
88.17319193499998,goal,-13.561586380004883,-197.7084197998047,-30.013381958007812
88.21210931400003,goal,-13.595648765563965,-197.79742431640625,-30.013973236083984
88.24615329799997,goal,-13.629761695861816,-197.8863983154297,-30.014545440673828
88.27806228899999,goal,-13.66394329071045,-197.9752655029297,-30.015113830566406
88.31211358300004,goal,-13.706808090209961,-198.08615112304688,-30.015796661376953
88.34611360899999,goal,-13.741142272949219,-198.17466735839844,-30.016395568847656
88.37807453899995,goal,-13.775514602661133,-198.26303100585938,-30.01702117919922
88.41210380400003,goal,-13.809954643249512,-198.35128784179688,-30.017627716064453
88.44612103300005,goal,-13.844460487365723,-198.43948364257812,-30.018268585205078
88.48156786000004,goal,-13.879046440124512,-198.52761840820312,-30.018844604492188
88.51556469900004,goal,-13.922350883483887,-198.63771057128906,-30.019405364990234
88.54954074600005,goal,-13.957052230834961,-198.72567749023438,-30.01970672607422
88.58153080299996,goal,-13.99181079864502,-198.81361389160156,-30.019969940185547
88.615554739,goal,-14.02663803100586,-198.9015350341797,-30.02019500732422
88.64956775200005,goal,-14.061530113220215,-198.9894256591797,-30.020347595214844
88.68154847400001,goal,-14.096498489379883,-199.0773162841797,-30.020431518554688
88.72082301500006,goal,-14.140299797058105,-199.1872100830078,-30.020423889160156
88.75480803300002,goal,-14.175400733947754,-199.27523803710938,-30.02035903930664
88.78684569100005,goal,-14.210511207580566,-199.3633575439453,-30.020263671875
88.82082256000001,goal,-14.245662689208984,-199.45156860351562,-30.020122528076172
88.85485482399997,goal,-14.280855178833008,-199.53993225097656,-30.019927978515625
88.88683928800003,goal,-14.316089630126953,-199.62844848632812,-30.01971435546875
88.92080310200004,goal,-14.360154151916504,-199.73936462402344,-30.019371032714844
88.95901603599998,goal,-14.395415306091309,-199.8282928466797,-30.01898956298828
88.99089347200004,goal,-14.430699348449707,-199.91738891601562,-30.018573760986328
89.02496730999997,goal,-14.465989112854004,-200.00662231445312,-30.018123626708984
89.05892324600006,goal,-14.501242637634277,-200.0959014892578,-30.017581939697266
89.09088523000003,goal,-14.53647232055664,-200.1851806640625,-30.017024993896484
89.12495665100005,goal,-14.580446243286133,-200.29681396484375,-30.016334533691406
89.15890642299996,goal,-14.615572929382324,-200.38616943359375,-30.015853881835938
89.19089657500001,goal,-14.650700569152832,-200.4755859375,-30.015464782714844
89.22995774200001,goal,-14.685823440551758,-200.5650634765625,-30.015132904052734
89.26403462500002,goal,-14.720969200134277,-200.65460205078125,-30.01486587524414
89.29593371299995,goal,-14.756162643432617,-200.74417114257812,-30.014720916748047
89.32996524600003,goal,-14.8001708984375,-200.85610961914062,-30.01465606689453
89.36394057799998,goal,-14.835426330566406,-200.94564819335938,-30.014663696289062
89.39590146600005,goal,-14.870783805847168,-201.03515625,-30.01468276977539
89.429976872,goal,-14.906254768371582,-201.12460327148438,-30.014690399169922
89.468760353,goal,-14.941825866699219,-201.2139892578125,-30.014739990234375
89.50071443599995,goal,-14.977471351623535,-201.3033447265625,-30.014739990234375
89.53481191100002,goal,-15.022087097167969,-201.41502380371094,-30.01470947265625
89.56877682000004,goal,-15.057900428771973,-201.50437927246094,-30.014698028564453
89.60069492599996,goal,-15.093748092651367,-201.59371948242188,-30.014629364013672
89.63481328800003,goal,-15.12967300415039,-201.68309020996094,-30.014495849609375
89.668786103,goal,-15.165678977966309,-201.77252197265625,-30.014362335205078
89.700690657,goal,-15.201739311218262,-201.86203002929688,-30.01416778564453
89.74138744300001,goal,-15.246830940246582,-201.9739990234375,-30.013851165771484
89.77536291000001,goal,-15.282858848571777,-202.0636444091797,-30.01352310180664
89.80732833499997,goal,-15.31884479522705,-202.1533966064453,-30.013202667236328
89.84875312899999,goal,-15.354792594909668,-202.24327087402344,-30.012897491455078
89.89250781999999,goal,-15.39063835144043,-202.33323669433594,-30.012527465820312
89.924461372,goal,-15.426361083984375,-202.4232940673828,-30.01218032836914
89.96200305000002,goal,-15.470803260803223,-202.53602600097656,-30.011798858642578
89.99599597200006,goal,-15.506196022033691,-202.62635803222656,-30.011489868164062
90.02794161099996,goal,-15.541451454162598,-202.716796875,-30.01117706298828
90.062048603,goal,-15.57657241821289,-202.80734252929688,-30.010848999023438
90.09596722699996,goal,-15.611601829528809,-202.89797973632812,-30.01052474975586
90.12794758300004,goal,-15.6465482711792,-202.98867797851562,-30.010265350341797
90.16201260800005,goal,-15.690126419067383,-203.10206604003906,-30.00998306274414
90.19596230800005,goal,-15.724905967712402,-203.19281005859375,-30.009811401367188
90.23270761100002,goal,-15.759584426879883,-203.2835693359375,-30.00971221923828
90.26673251,goal,-15.794136047363281,-203.3743896484375,-30.009689331054688
90.30070771199996,goal,-15.828550338745117,-203.46522521972656,-30.009746551513672
90.33269100999996,goal,-15.86287784576416,-203.5560760498047,-30.009838104248047
90.36672255500002,goal,-15.905738830566406,-203.6696014404297,-30.009933471679688
90.40069921500003,goal,-15.94001293182373,-203.7603759765625,-30.009963989257812
90.43269162800004,goal,-15.974236488342285,-203.85108947753906,-30.010025024414062
90.46969222799999,goal,-16.008405685424805,-203.9416961669922,-30.010108947753906
90.50364515800004,goal,-16.042490005493164,-204.03216552734375,-30.010177612304688
90.53567903999999,goal,-16.076446533203125,-204.1225128173828,-30.01019287109375
90.56965933000004,goal,-16.11874771118164,-204.2353057861328,-30.010143280029297
90.60367804400005,goal,-16.15247917175293,-204.32546997070312,-30.010025024414062
90.63564314500002,goal,-16.18610191345215,-204.41558837890625,-30.009918212890625
90.66967506699996,goal,-16.219661712646484,-204.5057373046875,-30.00979995727539
90.70468952700003,goal,-16.253170013427734,-204.59584045410156,-30.009666442871094
90.74055982799996,goal,-16.286579132080078,-204.68594360351562,-30.009540557861328
90.77457853299995,goal,-16.328258514404297,-204.79855346679688,-30.009357452392578
90.80854316700004,goal,-16.36156463623047,-204.888671875,-30.009098052978516
90.84056324400001,goal,-16.394824981689453,-204.97874450683594,-30.00876235961914
90.87457774899997,goal,-16.428037643432617,-205.06883239746094,-30.008358001708984
90.90857708700003,goal,-16.461164474487305,-205.1588897705078,-30.007923126220703
90.940555195,goal,-16.49419593811035,-205.24888610839844,-30.00743865966797
90.97782128400002,goal,-16.535404205322266,-205.3612823486328,-30.00680923461914
91.01177975400003,goal,-16.56830596923828,-205.45115661621094,-30.00631332397461
91.04377547600006,goal,-16.60123634338379,-205.541015625,-30.005809783935547
91.07780200100001,goal,-16.634132385253906,-205.63092041015625,-30.00531768798828
91.11179668,goal,-16.6669979095459,-205.72084045410156,-30.004871368408203
91.14378047299999,goal,-16.699872970581055,-205.8107452392578,-30.00438690185547
91.17782662399998,goal,-16.740970611572266,-205.923095703125,-30.0037841796875
91.21555853799998,goal,-16.773860931396484,-206.0128936767578,-30.003334045410156
91.24753000199996,goal,-16.8067626953125,-206.10260009765625,-30.002918243408203
91.28155942800004,goal,-16.839710235595703,-206.19224548339844,-30.002513885498047
91.31557811100004,goal,-16.872753143310547,-206.28179931640625,-30.002044677734375
91.34751750700002,goal,-16.90593910217285,-206.37135314941406,-30.001617431640625
91.38156757900003,goal,-16.947595596313477,-206.48329162597656,-30.001209259033203
91.41555346999996,goal,-16.981060028076172,-206.57281494140625,-30.000972747802734
91.44751975899999,goal,-17.01467514038086,-206.6623077392578,-30.00075912475586
91.48435232999998,goal,-17.04842185974121,-206.75180053710938,-30.000564575195312
91.51829530500004,goal,-17.082271575927734,-206.84127807617188,-30.00037384033203
91.55029035300004,goal,-17.116212844848633,-206.93075561523438,-30.000125885009766
91.58438411500003,goal,-17.158788681030273,-207.04263305664062,-29.999794006347656
91.61831280499996,goal,-17.19295883178711,-207.1322479248047,-29.99957275390625
91.65029029300001,goal,-17.227252960205078,-207.2220001220703,-29.999313354492188
91.68432937900002,goal,-17.261629104614258,-207.3118438720703,-29.999042510986328
91.72325311199995,goal,-17.2960262298584,-207.4016876220703,-29.998821258544922
91.75524494600006,goal,-17.330408096313477,-207.4915008544922,-29.99863052368164
91.78926505200002,goal,-17.37333869934082,-207.603759765625,-29.998493194580078
91.82320023700004,goal,-17.407644271850586,-207.69357299804688,-29.998470306396484
91.85521216899997,goal,-17.441930770874023,-207.78334045410156,-29.998428344726562
91.88929926200001,goal,-17.476238250732422,-207.87307739257812,-29.998401641845703
91.92323760800002,goal,-17.510562896728516,-207.96282958984375,-29.998497009277344
91.95809117400006,goal,-17.54488754272461,-208.05262756347656,-29.998611450195312
91.991891603,goal,-17.5877628326416,-208.1650390625,-29.99877166748047
92.025848161,goal,-17.62202262878418,-208.25503540039062,-29.998924255371094
92.05799142299998,goal,-17.6562442779541,-208.34510803222656,-29.999156951904297
92.09184749400004,goal,-17.690452575683594,-208.43524169921875,-29.999454498291016
92.12586302800003,goal,-17.72463607788086,-208.52545166015625,-29.999755859375
92.15783081300003,goal,-17.758817672729492,-208.61572265625,-30.000076293945312
92.19185337299996,goal,-17.801618576049805,-208.72866821289062,-30.00049591064453
92.22994537500006,goal,-17.8359375,-208.819091796875,-30.000831604003906
92.26193326500004,goal,-17.870319366455078,-208.90956115722656,-30.001182556152344
92.29602890900003,goal,-17.904735565185547,-209.0,-30.001541137695312
92.32997762000002,goal,-17.939226150512695,-209.0903778076172,-30.00185775756836
92.36194057600005,goal,-17.973779678344727,-209.1807403564453,-30.00214385986328
92.396000491,goal,-18.017038345336914,-209.29367065429688,-30.002395629882812
92.43000165800004,goal,-18.051692962646484,-209.38401794433594,-30.002559661865234
92.46599894999997,goal,-18.086374282836914,-209.474365234375,-30.00273895263672
92.50006417899999,goal,-18.121112823486328,-209.56466674804688,-30.002941131591797
92.53408073399999,goal,-18.15593719482422,-209.6549072265625,-30.00322723388672
92.56598128999997,goal,-18.190807342529297,-209.7450714111328,-30.003509521484375
92.60004706899997,goal,-18.234439849853516,-209.8575897216797,-30.00389862060547
92.63402806900001,goal,-18.269350051879883,-209.94741821289062,-30.004241943359375
92.66596378300005,goal,-18.304283142089844,-210.03707885742188,-30.00457763671875
92.70004378600004,goal,-18.33928680419922,-210.12657165527344,-30.004878997802734
92.73779342399996,goal,-18.374378204345703,-210.21588134765625,-30.00506591796875
92.76971158200001,goal,-18.409521102905273,-210.3050537109375,-30.005146026611328
92.80386971600001,goal,-18.453458786010742,-210.4163360595703,-30.005077362060547
92.837790627,goal,-18.488588333129883,-210.5052490234375,-30.004962921142578
92.86970108699995,goal,-18.52369499206543,-210.5940399169922,-30.004806518554688
92.90380998499995,goal,-18.558778762817383,-210.6827392578125,-30.004661560058594
92.93786659299997,goal,-18.593830108642578,-210.7713623046875,-30.004535675048828
92.972352924,goal,-18.628843307495117,-210.85995483398438,-30.004497528076172
93.00647557599996,goal,-18.672561645507812,-210.97071838378906,-30.004592895507812
93.04032482299999,goal,-18.70749855041504,-211.059326171875,-30.00473403930664
93.072391445,goal,-18.742429733276367,-211.14791870117188,-30.0048828125
93.10649779799996,goal,-18.777328491210938,-211.23651123046875,-30.005027770996094
93.14032456500001,goal,-18.81217384338379,-211.3250732421875,-30.005199432373047
93.17235222199997,goal,-18.84699058532715,-211.41358947753906,-30.005451202392578
93.21193153800004,goal,-18.890522003173828,-211.52413940429688,-30.005889892578125
93.24542799899996,goal,-18.92539405822754,-211.61253356933594,-30.006298065185547
93.27737652600001,goal,-18.9603214263916,-211.70089721679688,-30.00674057006836
93.31140467700004,goal,-18.99532127380371,-211.78924560546875,-30.007198333740234
93.34540178300006,goal,-19.0303897857666,-211.87762451171875,-30.00762939453125
93.377349761,goal,-19.065454483032227,-211.96597290039062,-30.00802230834961
93.41141121500004,goal,-19.10931396484375,-212.07635498046875,-30.008472442626953
93.44537999800002,goal,-19.144359588623047,-212.1645965576172,-30.0087890625
93.481675054,goal,-19.179304122924805,-212.25277709960938,-30.009048461914062
93.51575285700005,goal,-19.21419334411621,-212.3408966064453,-30.009258270263672
93.54972582599999,goal,-19.249042510986328,-212.42897033691406,-30.009368896484375
93.58169153300003,goal,-19.283838272094727,-212.51702880859375,-30.009349822998047
93.61573231399996,goal,-19.327251434326172,-212.6271209716797,-30.00920867919922
93.64973096200004,goal,-19.36197280883789,-212.71522521972656,-30.009063720703125
93.68168032400001,goal,-19.396732330322266,-212.8033905029297,-30.008914947509766
93.72050610999997,goal,-19.431535720825195,-212.89163208007812,-30.00875473022461
93.75460341899998,goal,-19.466367721557617,-212.9799346923828,-30.00865936279297
93.78647141099998,goal,-19.5012264251709,-213.0683135986328,-30.008586883544922
93.82425722799996,goal,-19.544809341430664,-213.17884826660156,-30.008495330810547
93.86118984999996,goal,-19.5797119140625,-213.26739501953125,-30.008441925048828
93.89518377399997,goal,-19.614608764648438,-213.35604858398438,-30.008426666259766
93.92715796100003,goal,-19.64947509765625,-213.44479370117188,-30.00844955444336
93.96460389399999,goal,-19.684289932250977,-213.53366088867188,-30.008407592773438
93.99859491699999,goal,-19.727741241455078,-213.6448516845703,-30.008419036865234
94.03060014000005,goal,-19.7624454498291,-213.7339324951172,-30.00848388671875
94.06460981700002,goal,-19.797149658203125,-213.82313537597656,-30.00857925415039
94.09854424000002,goal,-19.83180046081543,-213.91246032714844,-30.008705139160156
94.13058954999997,goal,-19.866466522216797,-214.00184631347656,-30.00891876220703
94.16456506099996,goal,-19.901147842407227,-214.0912628173828,-30.009151458740234
94.198547534,goal,-19.94443702697754,-214.20303344726562,-30.009502410888672
94.23543044600001,goal,-19.979080200195312,-214.29246520996094,-30.00983428955078
94.26941436200002,goal,-20.013721466064453,-214.38185119628906,-30.01016616821289
94.30344468099997,goal,-20.048381805419922,-214.47116088867188,-30.01053237915039
94.33543133399996,goal,-20.083099365234375,-214.5604248046875,-30.01095199584961
94.36946936900006,goal,-20.11778450012207,-214.64962768554688,-30.011409759521484
94.40342636900004,goal,-20.161142349243164,-214.76113891601562,-30.0120849609375
94.43551497800001,goal,-20.195804595947266,-214.85035705566406,-30.012638092041016
94.47395548899999,goal,-20.230403900146484,-214.9395751953125,-30.01321029663086
94.50796816599996,goal,-20.264917373657227,-215.02877807617188,-30.01382064819336
94.53992601200002,goal,-20.299365997314453,-215.11798095703125,-30.014495849609375
94.574054122,goal,-20.333784103393555,-215.20718383789062,-30.015201568603516
94.60799638499998,goal,-20.376848220825195,-215.318603515625,-30.016143798828125
94.639939905,goal,-20.411348342895508,-215.40777587890625,-30.01688003540039
94.67399355999999,goal,-20.44587516784668,-215.4969940185547,-30.017601013183594
94.71265020999999,goal,-20.480382919311523,-215.58621215820312,-30.018245697021484
94.74453113300001,goal,-20.514888763427734,-215.67544555664062,-30.018836975097656
94.77852933899999,goal,-20.549400329589844,-215.76470947265625,-30.019336700439453
94.81248891300004,goal,-20.592510223388672,-215.8763427734375,-30.019847869873047
94.84453999200002,goal,-20.626909255981445,-215.96566772460938,-30.02016830444336
94.87851830500006,goal,-20.6612606048584,-216.05499267578125,-30.020427703857422
94.912545088,goal,-20.69559097290039,-216.144287109375,-30.02060317993164
94.94453318900003,goal,-20.729936599731445,-216.23358154296875,-30.020709991455078
94.981685341,goal,-20.764310836791992,-216.3228759765625,-30.020790100097656
95.01566340500005,goal,-20.807296752929688,-216.4344024658203,-30.020946502685547
95.04770101700001,goal,-20.84174346923828,-216.5236053466797,-30.021121978759766
95.081669702,goal,-20.876266479492188,-216.61277770996094,-30.021331787109375
95.11568209400002,goal,-20.91084861755371,-216.70191955566406,-30.021541595458984
95.14769793200003,goal,-20.945415496826172,-216.79107666015625,-30.02176284790039
95.181686689,goal,-20.979978561401367,-216.88018798828125,-30.02203369140625
95.22050757800002,goal,-21.023115158081055,-216.99147033691406,-30.022403717041016
95.25255000000004,goal,-21.057573318481445,-217.08042907714844,-30.02264404296875
95.28652330600005,goal,-21.091999053955078,-217.16934204101562,-30.022823333740234
95.320499724,goal,-21.12639808654785,-217.25828552246094,-30.02301025390625
95.35258457300006,goal,-21.160785675048828,-217.3472900390625,-30.02318572998047
95.38653397899998,goal,-21.195167541503906,-217.43637084960938,-30.0233154296875
95.42050197599997,goal,-21.238187789916992,-217.5477294921875,-30.023460388183594
95.45255450700006,goal,-21.272642135620117,-217.6367950439453,-30.0235595703125
95.48929179599997,goal,-21.307106018066406,-217.72586059570312,-30.023632049560547
95.52326793400005,goal,-21.341537475585938,-217.81491088867188,-30.023658752441406
95.55528848999995,goal,-21.375892639160156,-217.90390014648438,-30.023632049560547
95.589287055,goal,-21.41014289855957,-217.99288940429688,-30.02362823486328
95.62328702700006,goal,-21.452835083007812,-218.1040802001953,-30.02346420288086
95.65526233100002,goal,-21.48697853088379,-218.1929931640625,-30.023223876953125
95.689269298,goal,-21.52115249633789,-218.2818603515625,-30.02292251586914
95.72813117300007,goal,-21.55535888671875,-218.37074279785156,-30.0225830078125
95.76014414600002,goal,-21.58961296081543,-218.45962524414062,-30.022212982177734
95.79418276900003,goal,-21.623886108398438,-218.54855346679688,-30.02184295654297
95.82813204299998,goal,-21.666738510131836,-218.65972900390625,-30.021442413330078
95.86014954799998,goal,-21.700965881347656,-218.7487030029297,-30.021137237548828
95.89415228100006,goal,-21.73512077331543,-218.8376922607422,-30.020862579345703
95.92812904000004,goal,-21.76922035217285,-218.92674255371094,-30.020584106445312
95.96427263199996,goal,-21.803281784057617,-219.0158233642578,-30.020313262939453
95.99826559200005,goal,-21.83726692199707,-219.10496520996094,-30.020084381103516
96.03222556499998,goal,-21.879653930664062,-219.21644592285156,-30.019886016845703
96.06424798,goal,-21.913515090942383,-219.3056640625,-30.019760131835938
96.09820694999996,goal,-21.947309494018555,-219.3948516845703,-30.019607543945312
96.13228027000002,goal,-21.981046676635742,-219.48403930664062,-30.019508361816406
96.16424554100001,goal,-22.014759063720703,-219.5731964111328,-30.019439697265625
96.19821951300003,goal,-22.04842758178711,-219.662353515625,-30.01934051513672
96.23680491000005,goal,-22.090410232543945,-219.77378845214844,-30.019203186035156
96.268842124,goal,-22.123903274536133,-219.86294555664062,-30.019058227539062
96.30279172400003,goal,-22.157302856445312,-219.95211791992188,-30.018878936767578
96.336783148,goal,-22.190664291381836,-220.0413055419922,-30.018657684326172
96.36879189199999,goal,-22.223962783813477,-220.13050842285156,-30.018383026123047
96.40278811400003,goal,-22.25718879699707,-220.2197265625,-30.01803207397461
96.43679463199999,goal,-22.29863739013672,-220.3312530517578,-30.017566680908203
96.47135973599995,goal,-22.33176040649414,-220.4205322265625,-30.017223358154297
96.50531583099996,goal,-22.364831924438477,-220.50990295410156,-30.016937255859375
96.53931670400004,goal,-22.397823333740234,-220.59934997558594,-30.016624450683594
96.57131599499996,goal,-22.430774688720703,-220.68885803222656,-30.01629638671875
96.605308165,goal,-22.46373176574707,-220.77842712402344,-30.01592254638672
96.63931222600002,goal,-22.504919052124023,-220.89048767089844,-30.015426635742188
96.67131657699997,goal,-22.53787612915039,-220.98025512695312,-30.01504135131836
96.70531471799995,goal,-22.570798873901367,-221.07009887695312,-30.014663696289062
96.74308039599998,goal,-22.60368537902832,-221.15997314453125,-30.014305114746094
96.77511349999997,goal,-22.636547088623047,-221.2498779296875,-30.013992309570312
96.80907545399998,goal,-22.66939353942871,-221.33981323242188,-30.013790130615234
96.84322231800002,goal,-22.710407257080078,-221.45225524902344,-30.01351547241211
96.87509595400002,goal,-22.743175506591797,-221.5421600341797,-30.01327896118164
96.90907309099998,goal,-22.775930404663086,-221.63197326660156,-30.012989044189453
96.94306658400001,goal,-22.80872917175293,-221.72171020507812,-30.012714385986328
96.97844793900003,goal,-22.841623306274414,-221.81143188476562,-30.012474060058594
97.01242085600006,goal,-22.874605178833008,-221.9011688232422,-30.012191772460938
97.04640466800004,goal,-22.91596221923828,-222.01332092285156,-30.011905670166016
97.07842519500002,goal,-22.949186325073242,-222.10299682617188,-30.011714935302734
97.11245292499996,goal,-22.982563018798828,-222.19256591796875,-30.01153564453125
97.14641133600003,goal,-23.016029357910156,-222.28204345703125,-30.011409759521484
97.178454451,goal,-23.049602508544922,-222.371337890625,-30.011329650878906
97.21851471900004,goal,-23.08326530456543,-222.46046447753906,-30.011276245117188
97.25245835400005,goal,-23.125469207763672,-222.57168579101562,-30.011211395263672
97.28447404600001,goal,-23.159334182739258,-222.66055297851562,-30.0111083984375
97.31846603600002,goal,-23.193233489990234,-222.74940490722656,-30.010910034179688
97.35246719500003,goal,-23.22713279724121,-222.8383026123047,-30.010696411132812
97.38447222900004,goal,-23.261056900024414,-222.92721557617188,-30.010467529296875
97.41846290499996,goal,-23.2950382232666,-223.0161590576172,-30.010135650634766
97.452456353,goal,-23.337554931640625,-223.12741088867188,-30.00961685180664
97.49005378599998,goal,-23.37162208557129,-223.2164764404297,-30.009132385253906
97.52412656700005,goal,-23.40569305419922,-223.3055877685547,-30.00861358642578
97.55809206900005,goal,-23.439706802368164,-223.39476013183594,-30.00804901123047
97.59000319899997,goal,-23.473684310913086,-223.48397827148438,-30.007400512695312
97.62410166500001,goal,-23.507646560668945,-223.57322692871094,-30.006771087646484
97.65806877500006,goal,-23.55006217956543,-223.68487548828125,-30.0059814453125
97.69000207900001,goal,-23.583904266357422,-223.77423095703125,-30.005340576171875
97.72785888299995,goal,-23.617643356323242,-223.86363220214844,-30.004722595214844
97.76183551600002,goal,-23.651308059692383,-223.95306396484375,-30.004135131835938
97.79391136200002,goal,-23.684925079345703,-224.0425567626953,-30.003604888916016
97.827847454,goal,-23.718507766723633,-224.13209533691406,-30.003124237060547
97.86184199900003,goal,-23.760433197021484,-224.244140625,-30.00255584716797
97.89389287799997,goal,-23.79399871826172,-224.33380126953125,-30.002132415771484
97.92784560899997,goal,-23.82759666442871,-224.42343139648438,-30.001758575439453
97.96502767200002,goal,-23.861190795898438,-224.51300048828125,-30.00140380859375
97.997044953,goal,-23.894784927368164,-224.6025390625,-30.001083374023438
98.03098412400004,goal,-23.928333282470703,-224.69204711914062,-30.00075912475586
98.06500808400006,goal,-23.970216751098633,-224.80393981933594,-30.000347137451172
98.09699535300001,goal,-24.003700256347656,-224.89344787597656,-30.000064849853516
98.13094289499998,goal,-24.037174224853516,-224.98294067382812,-29.99987030029297
98.16495734199998,goal,-24.0706844329834,-225.07241821289062,-29.99972915649414
98.19697691700003,goal,-24.10428237915039,-225.16183471679688,-29.999629974365234
98.23611146300004,goal,-24.13795280456543,-225.25111389160156,-29.99960708618164
98.27010816899997,goal,-24.18021583557129,-225.362548828125,-29.999652862548828
98.302125982,goal,-24.21417808532715,-225.45162963867188,-29.999740600585938
98.33611406399996,goal,-24.248281478881836,-225.54066467285156,-29.999828338623047
98.370101664,goal,-24.282503128051758,-225.62966918945312,-29.999927520751953
98.40213079800003,goal,-24.316797256469727,-225.71868896484375,-30.000045776367188
98.43610104699997,goal,-24.351131439208984,-225.80772399902344,-30.000244140625
98.47360390200004,goal,-24.394123077392578,-225.91905212402344,-30.000526428222656
98.50567331299999,goal,-24.428550720214844,-226.0081024169922,-30.000797271728516
98.53960388200005,goal,-24.46299934387207,-226.09716796875,-30.001129150390625
98.57360375600001,goal,-24.497474670410156,-226.18624877929688,-30.001502990722656
98.60563549200003,goal,-24.531972885131836,-226.275390625,-30.00188446044922
98.63960560199996,goal,-24.566471099853516,-226.36460876464844,-30.002262115478516
98.67361298699996,goal,-24.60964012145996,-226.47622680664062,-30.002681732177734
98.70563832699997,goal,-24.64422607421875,-226.56561279296875,-30.00296401977539
98.74603389100002,goal,-24.678855895996094,-226.65499877929688,-30.00320816040039
98.78002962000005,goal,-24.713544845581055,-226.74440002441406,-30.003459930419922
98.81198935199996,goal,-24.74831199645996,-226.83380126953125,-30.003738403320312
98.84600567200005,goal,-24.783164978027344,-226.9232177734375,-30.00405502319336
98.87999697700002,goal,-24.826784133911133,-227.0349578857422,-30.004547119140625
98.91199393600004,goal,-24.86170196533203,-227.124267578125,-30.004985809326172
98.94599139599995,goal,-24.89665412902832,-227.21347045898438,-30.005428314208984
98.98288295199995,goal,-24.93164825439453,-227.30264282226562,-30.00589370727539
99.01491700300005,goal,-24.96663475036621,-227.39175415039062,-30.006351470947266
99.04888774699998,goal,-25.0015811920166,-227.48077392578125,-30.006820678710938
99.08284308500004,goal,-25.045255661010742,-227.5919189453125,-30.00741958618164
99.11486635899996,goal,-25.080183029174805,-227.68080139160156,-30.007972717285156
99.14884626800006,goal,-25.115093231201172,-227.76966857910156,-30.00859832763672
99.18284299699997,goal,-25.150009155273438,-227.85850524902344,-30.00924301147461
99.21893326700001,goal,-25.184938430786133,-227.9473114013672,-30.009891510009766
99.25297490100002,goal,-25.21986961364746,-228.03611755371094,-30.010509490966797
99.28690557300001,goal,-25.263507843017578,-228.14715576171875,-30.011241912841797
99.31893232200002,goal,-25.298410415649414,-228.2359619140625,-30.011802673339844
99.35292144000005,goal,-25.333301544189453,-228.32476806640625,-30.012290954589844
99.38690747800001,goal,-25.36815643310547,-228.4135284423828,-30.012733459472656
99.41893841299998,goal,-25.402923583984375,-228.50225830078125,-30.013103485107422
99.45291380800006,goal,-25.437606811523438,-228.59095764160156,-30.013378143310547
99.49078015300006,goal,-25.480863571166992,-228.7018280029297,-30.013713836669922
99.52280669900006,goal,-25.515438079833984,-228.79051208496094,-30.013980865478516
99.55676662200005,goal,-25.549955368041992,-228.87921142578125,-30.014217376708984
99.59077363300003,goal,-25.58439826965332,-228.9678955078125,-30.01430892944336
99.62284436100003,goal,-25.6187801361084,-229.05654907226562,-30.0142822265625
99.65679364900006,goal,-25.653141021728516,-229.14520263671875,-30.014183044433594
99.69080313000006,goal,-25.69609260559082,-229.2560272216797,-30.014026641845703
99.72890462199996,goal,-25.730445861816406,-229.34466552734375,-30.013893127441406
99.76255441700005,goal,-25.764816284179688,-229.4332733154297,-30.01378631591797
99.79653158300005,goal,-25.799190521240234,-229.52186584472656,-30.01370620727539
99.82874318100005,goal,-25.83357810974121,-229.6104278564453,-30.013656616210938
99.86254491,goal,-25.867979049682617,-229.698974609375,-30.013652801513672
99.89654338800005,goal,-25.910985946655273,-229.80963134765625,-30.013751983642578
99.92855358400004,goal,-25.945459365844727,-229.8981475830078,-30.013904571533203
99.96598792700001,goal,-25.979999542236328,-229.9866943359375,-30.014114379882812
99.99995908699998,goal,-26.014638900756836,-230.07534790039062,-30.01436996459961
100.03198724599997,goal,-26.049381256103516,-230.16404724121094,-30.0146484375
100.06596823200005,goal,-26.08425521850586,-230.2528533935547,-30.014976501464844
100.09997191000002,goal,-26.12792205810547,-230.3639678955078,-30.01532745361328
100.13199440699998,goal,-26.162925720214844,-230.4529571533203,-30.015663146972656
100.165973785,goal,-26.19797706604004,-230.54200744628906,-30.016082763671875
100.19996438999999,goal,-26.233076095581055,-230.63113403320312,-30.01651382446289
100.23592395200001,goal,-26.268205642700195,-230.7202911376953,-30.016937255859375
100.26991362499996,goal,-26.303415298461914,-230.8095245361328,-30.017330169677734
100.30391378000002,goal,-26.347501754760742,-230.92117309570312,-30.01775360107422
100.33591222100006,goal,-26.382841110229492,-231.01055908203125,-30.018020629882812
100.36991634100002,goal,-26.418203353881836,-231.09994506835938,-30.01824188232422
100.40391472099998,goal,-26.45363426208496,-231.1892852783203,-30.018447875976562
100.43594939499997,goal,-26.489091873168945,-231.27862548828125,-30.018627166748047
100.47281519600006,goal,-26.524581909179688,-231.36798095703125,-30.018741607666016
100.506792313,goal,-26.568946838378906,-231.47970581054688,-30.018795013427734
100.53876410400005,goal,-26.604413986206055,-231.56906127929688,-30.018779754638672
100.57279926199999,goal,-26.63982391357422,-231.65838623046875,-30.018733978271484
100.60677427400003,goal,-26.67521095275879,-231.74771118164062,-30.01865005493164
100.63879566699995,goal,-26.71056365966797,-231.83700561523438,-30.018539428710938
100.67278266000005,goal,-26.745895385742188,-231.92625427246094,-30.018409729003906
100.70679179600006,goal,-26.789989471435547,-232.03781127929688,-30.018299102783203
100.74498150900001,goal,-26.825159072875977,-232.1271209716797,-30.01824951171875
100.77899577000005,goal,-26.860326766967773,-232.21649169921875,-30.01822280883789
100.81294739099997,goal,-26.895519256591797,-232.30589294433594,-30.018169403076172
100.844999701,goal,-26.930721282958984,-232.3953399658203,-30.018085479736328
100.87891885500005,goal,-26.96587562561035,-232.48486328125,-30.018028259277344
100.91295782199995,goal,-27.009765625,-232.59678649902344,-30.01793670654297
100.94495339599996,goal,-27.04482650756836,-232.6863555908203,-30.01782989501953
100.98325119399999,goal,-27.07982063293457,-232.7760009765625,-30.01769256591797
101.01725510899996,goal,-27.114757537841797,-232.86563110351562,-30.01748275756836
101.04923909499996,goal,-27.149606704711914,-232.95530700683594,-30.01717758178711
101.08329362200004,goal,-27.18433952331543,-233.04501342773438,-30.016647338867188
101.117254892,goal,-27.227685928344727,-233.1572265625,-30.015827178955078
101.14930675300002,goal,-27.26229476928711,-233.24705505371094,-30.015113830566406
101.18329146999997,goal,-27.296812057495117,-233.33688354492188,-30.014301300048828
101.22132704700005,goal,-27.331228256225586,-233.4267120361328,-30.01342010498047
101.25331882700004,goal,-27.36555290222168,-233.5166015625,-30.012500762939453
101.28732595600002,goal,-27.399797439575195,-233.60653686523438,-30.011585235595703
101.321316174,goal,-27.442535400390625,-233.718994140625,-30.010498046875
101.353348944,goal,-27.47669219970703,-233.80892944335938,-30.009662628173828
101.38734489600006,goal,-27.510848999023438,-233.89886474609375,-30.008819580078125
101.421324723,goal,-27.54497718811035,-233.9888153076172,-30.00796890258789
101.45334401299999,goal,-27.57908058166504,-234.0787811279297,-30.00714111328125
101.49101896299999,goal,-27.613178253173828,-234.1687774658203,-30.006317138671875
101.525015123,goal,-27.655773162841797,-234.28131103515625,-30.00537109375
101.55709279999996,goal,-27.689823150634766,-234.3713836669922,-30.00467300415039
101.591034831,goal,-27.723848342895508,-234.46144104003906,-30.004032135009766
101.62501651700006,goal,-27.757850646972656,-234.551513671875,-30.003414154052734
101.65701346000003,goal,-27.791854858398438,-234.64161682128906,-30.00281524658203
101.69105584400006,goal,-27.825881958007812,-234.73171997070312,-30.002273559570312
101.73074236499997,goal,-27.86846160888672,-234.84422302246094,-30.001564025878906
101.76271931300005,goal,-27.902507781982422,-234.9341278076172,-30.001022338867188
101.796816391,goal,-27.93649673461914,-235.02395629882812,-30.000499725341797
101.83070079200002,goal,-27.970422744750977,-235.11375427246094,-29.999980926513672
101.86269475400002,goal,-28.004318237304688,-235.20355224609375,-29.999469757080078
101.89674586299998,goal,-28.038192749023438,-235.2933807373047,-29.998977661132812
101.93068454000002,goal,-28.080530166625977,-235.40570068359375,-29.998363494873047
101.96589576099996,goal,-28.114376068115234,-235.4955291748047,-29.997920989990234
101.999871009,goal,-28.148164749145508,-235.58534240722656,-29.99759292602539
102.03384185300001,goal,-28.181915283203125,-235.67515563964844,-29.99734115600586
102.06587167400005,goal,-28.21561622619629,-235.76499938964844,-29.997173309326172
102.09984295200002,goal,-28.249290466308594,-235.8548583984375,-29.99710464477539
102.13390244499999,goal,-28.29139518737793,-235.96719360351562,-29.99716567993164
102.16589562299998,goal,-28.325021743774414,-236.05709838867188,-29.997325897216797
102.19985825200001,goal,-28.35856819152832,-236.1470184326172,-29.997608184814453
102.23771304599995,goal,-28.392061233520508,-236.23695373535156,-29.997966766357422
102.26976604699996,goal,-28.425527572631836,-236.32693481445312,-29.99842071533203
102.30375408099997,goal,-28.45900535583496,-236.4169464111328,-29.998828887939453
102.33772159800003,goal,-28.500905990600586,-236.5294952392578,-29.99945831298828
102.36977669199996,goal,-28.534465789794922,-236.61956787109375,-30.000041961669922
102.40375914499998,goal,-28.568099975585938,-236.70962524414062,-30.00070571899414
102.43774165100001,goal,-28.60184669494629,-236.79969787597656,-30.00135040283203
102.47346302100004,goal,-28.63568687438965,-236.88975524902344,-30.00197982788086
102.507456714,goal,-28.669570922851562,-236.9798126220703,-30.00257110595703
102.54143408499999,goal,-28.711978912353516,-237.09226989746094,-30.003337860107422
102.57350482000004,goal,-28.74593734741211,-237.18215942382812,-30.003925323486328
102.60741405600004,goal,-28.779870986938477,-237.2720184326172,-30.00448226928711
102.64140251200001,goal,-28.81377410888672,-237.36192321777344,-30.005001068115234
102.67344664300003,goal,-28.847654342651367,-237.4518280029297,-30.005470275878906
102.70740947399997,goal,-28.881507873535156,-237.54173278808594,-30.00589370727539
102.74580267299996,goal,-28.923810958862305,-237.654052734375,-30.006309509277344
102.77776699200001,goal,-28.9576473236084,-237.74386596679688,-30.006546020507812
102.811786493,goal,-28.991437911987305,-237.83363342285156,-30.006694793701172
102.84574938599997,goal,-29.025148391723633,-237.92333984375,-30.006839752197266
102.87773810500005,approach,-29.05880355834961,-238.01300048828125,-30.00698471069336
102.91180848700003,approach,-29.092390060424805,-238.1026153564453,-30.00710678100586
102.94577078300006,approach,-29.134302139282227,-238.21449279785156,-30.007205963134766
102.98199947600006,approach,-29.167776107788086,-238.3037872314453,-30.006366729736328
103.01599248299999,approach,-29.201263427734375,-238.39279174804688,-30.000511169433594
103.04998346900004,approach,-29.234832763671875,-238.4814910888672,-29.987991333007812
103.08200402199998,approach,-29.26846694946289,-238.56983947753906,-29.968738555908203
103.11599404499998,approach,-29.30215072631836,-238.6578369140625,-29.943073272705078
103.14998201800006,approach,-29.344301223754883,-238.76724243164062,-29.902973175048828
103.18199984299997,approach,-29.377979278564453,-238.8542022705078,-29.86536407470703
103.21999766900001,approach,-29.411544799804688,-238.94049072265625,-29.823787689208984
103.254014665,approach,-29.44495391845703,-239.02598571777344,-29.778987884521484
103.28604748099997,approach,-29.47812271118164,-239.1105499267578,-29.731647491455078
103.31997111800001,approach,-29.510955810546875,-239.19407653808594,-29.682491302490234
103.35398736599996,approach,-29.551342010498047,-239.29669189453125,-29.61892318725586
103.38608923900006,approach,-29.5830020904541,-239.37710571289062,-29.56683349609375
103.419971186,approach,-29.613994598388672,-239.4559326171875,-29.514041900634766
103.45397317200002,approach,-29.64423370361328,-239.53305053710938,-29.460800170898438
103.489448648,approach,-29.6737117767334,-239.60833740234375,-29.407276153564453
103.52345138800001,approach,-29.702428817749023,-239.6816864013672,-29.353591918945312
103.55743371100004,approach,-29.737186431884766,-239.7705078125,-29.28643035888672
103.58945685200001,approach,-29.764005661010742,-239.83924865722656,-29.232803344726562
103.62342767400003,approach,-29.78985023498535,-239.90582275390625,-29.17938232421875
103.65741558399998,approach,-29.814708709716797,-239.9701690673828,-29.12614631652832
103.68945265800005,approach,-29.83857536315918,-240.03225708007812,-29.07311248779297
103.72710395399997,approach,-29.861427307128906,-240.092041015625,-29.020261764526367
103.76113484100006,approach,-29.888545989990234,-240.16357421875,-28.9544734954834
103.79320299300002,approach,-29.9090576171875,-240.21820068359375,-28.90200424194336
103.827109006,approach,-29.928529739379883,-240.27049255371094,-28.84967803955078
103.86110858999996,approach,-29.94707489013672,-240.3205108642578,-28.79745101928711
103.89315366000005,approach,-29.96466636657715,-240.36813354492188,-28.745346069335938
103.92715542999997,approach,-29.981325149536133,-240.41331481933594,-28.693483352661133
103.96479812300004,approach,-30.000843048095703,-240.46646118164062,-28.628854751586914
103.9993495,approach,-30.015342712402344,-240.5062255859375,-28.57737922668457
104.03335905699998,approach,-30.028831481933594,-240.54360961914062,-28.526092529296875
104.06733768799995,approach,-30.04135513305664,-240.57867431640625,-28.474924087524414
104.09933857800002,approach,-30.05294418334961,-240.61143493652344,-28.423860549926758
104.13336959900005,approach,-30.06370735168457,-240.64210510253906,-28.37293815612793
104.16733263499998,approach,-30.07599449157715,-240.6774139404297,-28.309471130371094
104.19936589400004,approach,-30.084861755371094,-240.70323181152344,-28.258865356445312
104.23702145799996,approach,-30.092885971069336,-240.7270050048828,-28.2083740234375
104.27101671100002,approach,-30.100112915039062,-240.7488250732422,-28.157960891723633
104.303028896,approach,-30.106536865234375,-240.7686767578125,-28.107627868652344
104.337021693,approach,-30.112224578857422,-240.78662109375,-28.057308197021484
104.37107410199997,approach,-30.11850357055664,-240.8065948486328,-27.994468688964844
104.40303029200004,approach,-30.122957229614258,-240.8207244873047,-27.944290161132812
104.43708239299997,approach,-30.126888275146484,-240.83331298828125,-27.894254684448242
104.475289094,approach,-30.13026237487793,-240.84439086914062,-27.84432029724121
104.50726713799997,approach,-30.133073806762695,-240.8540496826172,-27.79450035095215
104.54126091700005,approach,-30.135358810424805,-240.8623504638672,-27.744834899902344
104.57532546200002,approach,-30.13753890991211,-240.8709716796875,-27.68288803100586
104.60731694900005,approach,-30.138837814331055,-240.8765106201172,-27.633424758911133
104.64129917800005,approach,-30.13978385925293,-240.8809356689453,-27.583999633789062
104.67529618599997,approach,-30.140365600585938,-240.88424682617188,-27.534717559814453
104.70730097499995,approach,-30.14063262939453,-240.88656616210938,-27.48550796508789
104.74582993299998,approach,-30.14057159423828,-240.88795471191406,-27.43640899658203
104.77990253300004,approach,-30.1401424407959,-240.88856506347656,-27.375085830688477
104.81182197500004,approach,-30.139530181884766,-240.88821411132812,-27.326017379760742
104.84584659999996,approach,-30.138675689697266,-240.8871612548828,-27.276960372924805
104.87992349900003,approach,-30.137563705444336,-240.8854522705078,-27.227956771850586
104.91183382300005,approach,-30.1362361907959,-240.8831329345703,-27.178972244262695
104.94584522800005,approach,-30.134769439697266,-240.8802490234375,-27.129968643188477
104.98293987800002,approach,-30.132829666137695,-240.87594604492188,-27.06878662109375
105.01498211,approach,-30.13113784790039,-240.8720245361328,-27.019878387451172
105.04886015199997,approach,-30.129287719726562,-240.8677520751953,-26.97102165222168
105.08335480899996,approach,-30.12724494934082,-240.8632049560547,-26.922222137451172
105.11525825600006,approach,-30.1250057220459,-240.85842895507812,-26.87348175048828
105.14888785400001,approach,-30.122623443603516,-240.85345458984375,-26.824716567993164
105.18294500299999,approach,-30.119487762451172,-240.84693908691406,-26.76381492614746
105.21967819899999,approach,-30.116844177246094,-240.841552734375,-26.715190887451172
105.25370649199999,approach,-30.114154815673828,-240.83604431152344,-26.66667938232422
105.28765285200006,approach,-30.111440658569336,-240.83038330078125,-26.618144989013672
105.319676555,approach,-30.108734130859375,-240.8245849609375,-26.56956672668457
105.35368298800006,approach,-30.106048583984375,-240.81874084472656,-26.521026611328125
105.38771305199998,approach,-30.102794647216797,-240.8113250732422,-26.46040153503418
105.41968224799996,approach,-30.10030746459961,-240.8053741455078,-26.411962509155273
105.45367857099995,approach,-30.097883224487305,-240.79937744140625,-26.363590240478516
105.49110020600006,approach,-30.09556770324707,-240.7934112548828,-26.315223693847656
105.52310744900001,approach,-30.093402862548828,-240.78746032714844,-26.266857147216797
105.55706624200002,approach,-30.091358184814453,-240.78158569335938,-26.218463897705078
105.59108947499999,approach,-30.088947296142578,-240.7743682861328,-26.158008575439453
105.62312030400005,approach,-30.087133407592773,-240.7686767578125,-26.109636306762695
105.65708392900001,approach,-30.085416793823242,-240.76304626464844,-26.061227798461914
105.69106962499995,approach,-30.083755493164062,-240.7575225830078,-26.012788772583008
105.72681004499998,approach,-30.08210563659668,-240.7521209716797,-25.964326858520508
105.76079590100005,approach,-30.08043098449707,-240.74691772460938,-25.915822982788086
105.79481311699999,approach,-30.078367233276367,-240.74069213867188,-25.855154037475586
105.82680862300003,approach,-30.076814651489258,-240.73594665527344,-25.806625366210938
105.86079967,approach,-30.075345993041992,-240.7314453125,-25.758108139038086
105.89480044200002,approach,-30.074010848999023,-240.72715759277344,-25.70962905883789
105.92680841699996,approach,-30.072803497314453,-240.7230682373047,-25.661170959472656
105.963590093,approach,-30.071741104125977,-240.71914672851562,-25.612804412841797
105.99720941099997,approach,-30.070524215698242,-240.71441650390625,-25.552345275878906
106.02915502799999,approach,-30.069677352905273,-240.7108154296875,-25.50398063659668
106.06321807200004,approach,-30.068941116333008,-240.7073974609375,-25.455581665039062
106.097167872,approach,-30.06831169128418,-240.70416259765625,-25.407228469848633
106.12915173500005,approach,-30.067811965942383,-240.7010955810547,-25.358898162841797
106.16316743699997,approach,-30.067445755004883,-240.6981658935547,-25.31052589416504
106.19719433199998,approach,-30.067150115966797,-240.69467163085938,-25.25
106.23436682800002,approach,-30.067041397094727,-240.69198608398438,-25.201539993286133
106.268331257,approach,-30.066993713378906,-240.68931579589844,-25.153095245361328
106.30232757199997,approach,-30.0670166015625,-240.68667602539062,-25.104589462280273
106.33437237600003,approach,-30.067106246948242,-240.6840362548828,-25.056018829345703
106.36833890699995,approach,-30.0672607421875,-240.68138122558594,-25.007450103759766
106.40233966400001,approach,-30.067583084106445,-240.6780242919922,-24.94672966003418
106.43436352800006,approach,-30.067922592163086,-240.6753692626953,-24.898141860961914
106.47247704999995,approach,-30.068363189697266,-240.67274475097656,-24.849533081054688
106.50640792900003,approach,-30.068910598754883,-240.67013549804688,-24.800926208496094
106.53843225399999,approach,-30.069515228271484,-240.66749572753906,-24.75231170654297
106.57243904999996,approach,-30.070175170898438,-240.6648406982422,-24.703750610351562
106.606414342,approach,-30.07110023498535,-240.6614990234375,-24.643014907836914
106.63844257899996,approach,-30.0718994140625,-240.65878295898438,-24.594446182250977
106.67244237700004,approach,-30.072729110717773,-240.65603637695312,-24.54593849182129
106.706466321,approach,-30.073604583740234,-240.6532745361328,-24.497533798217773
106.74157511199996,approach,-30.07454490661621,-240.65054321289062,-24.449277877807617
106.77553375700006,approach,-30.075536727905273,-240.64785766601562,-24.401147842407227
106.80951638400006,approach,-30.07679557800293,-240.64459228515625,-24.341039657592773
106.84155220599996,approach,-30.077863693237305,-240.64212036132812,-24.292999267578125
106.875545934,approach,-30.078954696655273,-240.6397705078125,-24.244958877563477
106.90955357600001,approach,-30.080036163330078,-240.63751220703125,-24.1968994140625
106.94155086499995,approach,-30.081119537353516,-240.63531494140625,-24.148799896240234
106.97833875900005,approach,-30.082202911376953,-240.6331787109375,-24.10066795349121
107.01236776100006,approach,-30.083532333374023,-240.63058471679688,-24.040430068969727
107.04439891599998,approach,-30.08460807800293,-240.6285858154297,-23.992259979248047
107.07832814100004,approach,-30.085649490356445,-240.62667846679688,-23.94411849975586
107.11235412200006,approach,-30.08672523498535,-240.62490844726562,-23.896015167236328
107.14437441999996,approach,-30.08778953552246,-240.623291015625,-23.847925186157227
107.17833532700001,approach,-30.08882713317871,-240.62185668945312,-23.799848556518555
107.21710795700005,approach,-30.090023040771484,-240.62022399902344,-23.739784240722656
107.24839337900005,approach,-30.09089469909668,-240.6190948486328,-23.691743850708008
107.28240819799998,approach,-30.09166717529297,-240.61807250976562,-23.64369773864746
107.31639080700006,approach,-30.09235382080078,-240.6171875,-23.595643997192383
107.34837630000004,approach,-30.09292984008789,-240.6164093017578,-23.547574996948242
107.38236641000003,approach,-30.093406677246094,-240.61581420898438,-23.499534606933594
107.41641584900003,approach,-30.093881607055664,-240.6153106689453,-23.439456939697266
107.44835977800005,approach,-30.0942325592041,-240.6151123046875,-23.39141273498535
107.48778631200003,approach,-30.094518661499023,-240.614990234375,-23.343387603759766
107.52174826400005,approach,-30.094745635986328,-240.61492919921875,-23.295330047607422
107.55386034499998,approach,-30.094907760620117,-240.6149444580078,-23.247276306152344
107.58774094500006,approach,-30.095012664794922,-240.6150360107422,-23.199304580688477
107.62174686499998,approach,-30.095003128051758,-240.61512756347656,-23.13937759399414
107.65375340399999,approach,-30.094905853271484,-240.61520385742188,-23.09151268005371
107.68774927300001,approach,-30.09477996826172,-240.61521911621094,-23.043737411499023
107.725319464,approach,-30.0946044921875,-240.61517333984375,-22.995939254760742
107.757329089,approach,-30.094432830810547,-240.61509704589844,-22.948137283325195
107.79131538900003,approach,-30.09425926208496,-240.61509704589844,-22.900409698486328
107.82531522,approach,-30.09403419494629,-240.61509704589844,-22.840726852416992
107.85730604599996,approach,-30.093809127807617,-240.61502075195312,-22.79295539855957
107.891321189,approach,-30.093555450439453,-240.61483764648438,-22.745262145996094
107.92528598700005,approach,-30.093231201171875,-240.6145477294922,-22.697587966918945
107.95735196500004,approach,-30.092845916748047,-240.6142120361328,-22.649944305419922
107.99563345600006,approach,-30.09238624572754,-240.61378479003906,-22.602304458618164
108.02965231799999,approach,-30.091798782348633,-240.61306762695312,-22.54281234741211
108.06163840099998,approach,-30.09128189086914,-240.61239624023438,-22.49518394470215
108.09564630500006,approach,-30.0907039642334,-240.61160278320312,-22.447498321533203
108.12966259699999,approach,-30.09008026123047,-240.61073303222656,-22.3997745513916
108.16165944400007,approach,-30.089420318603516,-240.60977172851562,-22.351999282836914
108.19564975100002,approach,-30.088722229003906,-240.6087188720703,-22.304256439208984
108.23209045199997,approach,-30.087820053100586,-240.60733032226562,-22.24456024169922
108.26407019800001,approach,-30.087064743041992,-240.60617065429688,-22.196786880493164
108.29807740700005,approach,-30.086294174194336,-240.60494995117188,-22.149011611938477
108.33208517399999,approach,-30.085491180419922,-240.60369873046875,-22.101165771484375
108.36405962599997,approach,-30.084596633911133,-240.60240173339844,-22.05325698852539
108.39803420800001,approach,-30.083595275878906,-240.60108947753906,-22.005355834960938
108.43211097699998,approach,-30.082164764404297,-240.59938049316406,-21.94544219970703
108.46844599500002,approach,-30.080942153930664,-240.59799194335938,-21.897506713867188
108.50234622100004,approach,-30.079683303833008,-240.59661865234375,-21.849594116210938
108.536328723,approach,-30.078405380249023,-240.59523010253906,-21.801633834838867
108.568383907,approach,-30.07714080810547,-240.5938262939453,-21.753583908081055
108.60234795500003,approach,-30.075910568237305,-240.5924530029297,-21.705461502075195
108.63636563700004,approach,-30.07438850402832,-240.59075927734375,-21.64527130126953
108.66835525500005,approach,-30.07317543029785,-240.58946228027344,-21.597116470336914
108.70235216200001,approach,-30.071958541870117,-240.58827209472656,-21.54899024963379
108.74053502599998,approach,-30.070770263671875,-240.5872039794922,-21.500919342041016
108.77257900699999,approach,-30.069643020629883,-240.58628845214844,-21.452913284301758
108.80658574000006,approach,-30.068586349487305,-240.5855255126953,-21.4050350189209
108.84053776600001,approach,-30.06726837158203,-240.58477783203125,-21.345298767089844
108.872623342,approach,-30.066198348999023,-240.58433532714844,-21.297588348388672
108.90655663799998,approach,-30.065122604370117,-240.58399963378906,-21.249914169311523
108.94059933100004,approach,-30.064058303833008,-240.58372497558594,-21.202232360839844
108.97611758799997,approach,-30.062992095947266,-240.58351135253906,-21.15458106994629
109.01008950899995,approach,-30.061918258666992,-240.5832977294922,-21.107088088989258
109.04408732299999,approach,-30.06062889099121,-240.58299255371094,-21.047801971435547
109.07612477700002,approach,-30.059669494628906,-240.58274841308594,-21.000411987304688
109.110093796,approach,-30.058746337890625,-240.58253479003906,-20.95304298400879
109.144090646,approach,-30.057880401611328,-240.5823516845703,-20.905702590942383
109.17612079499997,approach,-30.05712127685547,-240.5822296142578,-20.858396530151367
109.21008774000006,approach,-30.056415557861328,-240.5821533203125,-20.811105728149414
109.24673279299998,approach,-30.055614471435547,-240.5821075439453,-20.752025604248047
109.27875378299996,approach,-30.0550594329834,-240.58213806152344,-20.704792022705078
109.31275079600005,approach,-30.054601669311523,-240.58226013183594,-20.657608032226562
109.34672150799997,approach,-30.054262161254883,-240.5824737548828,-20.61043930053711
109.37875702899998,approach,-30.054052352905273,-240.58277893066406,-20.56326675415039
109.41273772500006,approach,-30.053991317749023,-240.58316040039062,-20.516088485717773
109.44671758100003,approach,-30.054100036621094,-240.58370971679688,-20.457054138183594
109.48209831899999,approach,-30.05426788330078,-240.58413696289062,-20.409772872924805
109.51607137099995,approach,-30.054508209228516,-240.58453369140625,-20.36247444152832
109.55005969199999,approach,-30.054800033569336,-240.58485412597656,-20.315143585205078
109.58206701400002,approach,-30.055130004882812,-240.58509826660156,-20.267793655395508
109.61605300500003,approach,-30.055477142333984,-240.58531188964844,-20.220415115356445
109.65020615800006,approach,-30.055896759033203,-240.58555603027344,-20.161163330078125
109.68207494399996,approach,-30.056201934814453,-240.5857391357422,-20.113662719726562
109.72114711799998,approach,-30.056488037109375,-240.58592224121094,-20.066036224365234
109.75511197800006,approach,-30.05673599243164,-240.58607482910156,-20.018354415893555
109.78713027100002,approach,-30.056900024414062,-240.586181640625,-19.970645904541016
109.82116831400003,approach,-30.056976318359375,-240.58621215820312,-19.922883987426758
109.85515126300004,approach,-30.056964874267578,-240.58621215820312,-19.86321449279785
109.88715928900001,approach,-30.056884765625,-240.5862274169922,-19.81549835205078
109.92112608299999,approach,-30.05677032470703,-240.5862579345703,-19.767826080322266
109.95511383100006,approach,-30.056655883789062,-240.58628845214844,-19.720136642456055
109.99086571999999,approach,-30.056533813476562,-240.58636474609375,-19.67247772216797
110.02482345400006,approach,-30.056415557861328,-240.5865020751953,-19.624845504760742
110.05880197299996,approach,-30.056293487548828,-240.58676147460938,-19.565387725830078
110.09084326799996,approach,-30.056241989135742,-240.5869903564453,-19.517854690551758
110.12481089100004,approach,-30.056217193603516,-240.58721923828125,-19.470319747924805
110.15879947799999,approach,-30.05626106262207,-240.58746337890625,-19.42279815673828
110.19090446899997,approach,-30.056379318237305,-240.5876922607422,-19.375288009643555
110.22675362300004,approach,-30.056550979614258,-240.58790588378906,-19.327856063842773
110.26075056900004,approach,-30.056726455688477,-240.58811950683594,-19.268653869628906
110.292805799,approach,-30.05682945251465,-240.58828735351562,-19.221342086791992
110.32677004100003,approach,-30.05685806274414,-240.58840942382812,-19.174081802368164
110.36074738499997,approach,-30.056852340698242,-240.5885009765625,-19.12684440612793
110.39278514,approach,-30.056846618652344,-240.5885467529297,-19.079622268676758
110.426754448,approach,-30.056856155395508,-240.58860778808594,-19.032442092895508
110.46075318800001,approach,-30.056884765625,-240.5887451171875,-18.973405838012695
110.49779109200006,approach,-30.056880950927734,-240.58880615234375,-18.92608642578125
110.53176907900001,approach,-30.056869506835938,-240.58880615234375,-18.878658294677734
110.56582348899997,approach,-30.056852340698242,-240.58877563476562,-18.831178665161133
110.59784255700004,approach,-30.05680274963379,-240.58877563476562,-18.78363037109375
110.63177785000005,approach,-30.056720733642578,-240.5887908935547,-18.73599624633789
110.66578303799997,approach,-30.05657196044922,-240.58883666992188,-18.67626953125
110.69780026299998,approach,-30.056386947631836,-240.58889770507812,-18.6284122467041
110.73463480500004,approach,-30.05613136291504,-240.5890350341797,-18.580535888671875
110.768572275,approach,-30.05583953857422,-240.58920288085938,-18.53265953063965
110.800595563,approach,-30.05555534362793,-240.58941650390625,-18.484769821166992
110.83464757700006,approach,-30.055282592773438,-240.58966064453125,-18.43692970275879
110.86856071700004,approach,-30.054969787597656,-240.58998107910156,-18.377107620239258
110.90056444900006,approach,-30.05478858947754,-240.5902557373047,-18.329240798950195
110.93469595199997,approach,-30.054588317871094,-240.59051513671875,-18.281320571899414
110.97251604200005,approach,-30.054380416870117,-240.59078979492188,-18.23341941833496
111.00451010100005,approach,-30.054166793823242,-240.59104919433594,-18.185514450073242
111.03847235199999,approach,-30.054025650024414,-240.59132385253906,-18.137693405151367
111.072510352,approach,-30.053909301757812,-240.59170532226562,-18.077913284301758
111.10450768199996,approach,-30.05388641357422,-240.59207153320312,-18.030139923095703
111.13853660300003,approach,-30.0539493560791,-240.59249877929688,-17.98239517211914
111.17249541399997,approach,-30.054067611694336,-240.593017578125,-17.934646606445312
111.20456674800005,approach,-30.054227828979492,-240.59349060058594,-17.88690185546875
111.24076759100001,approach,-30.054487228393555,-240.59396362304688,-17.839176177978516
111.27476324899999,approach,-30.054906845092773,-240.5944366455078,-17.77952766418457
111.30679876299996,approach,-30.055261611938477,-240.5947265625,-17.73183822631836
111.34077551300004,approach,-30.05564308166504,-240.59498596191406,-17.68416404724121
111.37475915799996,approach,-30.055980682373047,-240.59519958496094,-17.636455535888672
111.40676960899998,approach,-30.05628204345703,-240.59539794921875,-17.588773727416992
111.44076698200001,approach,-30.05657958984375,-240.5956268310547,-17.54112434387207
111.47852865799996,approach,-30.056921005249023,-240.5959014892578,-17.48158836364746
111.51054082500002,approach,-30.05714225769043,-240.59613037109375,-17.43396759033203
111.54452360699997,approach,-30.057344436645508,-240.5963897705078,-17.386337280273438
111.57855616000006,approach,-30.057600021362305,-240.5967254638672,-17.338708877563477
111.61054289200001,approach,-30.057899475097656,-240.5971221923828,-17.291093826293945
111.64451833199996,approach,-30.058273315429688,-240.5975341796875,-17.24346351623535
111.678520876,approach,-30.058835983276367,-240.5980224609375,-17.184030532836914
111.71054598199999,approach,-30.059345245361328,-240.59840393066406,-17.136510848999023
111.74855768199996,approach,-30.059917449951172,-240.5988006591797,-17.08895492553711
111.78260829700002,approach,-30.060583114624023,-240.59921264648438,-17.041397094726562
111.81462978499997,approach,-30.061378479003906,-240.599609375,-16.99384117126465
111.84856027199999,approach,-30.062267303466797,-240.6000213623047,-16.946277618408203
111.88260962300001,approach,-30.06342315673828,-240.60049438476562,-16.886781692504883
111.91462224999998,approach,-30.064340591430664,-240.600830078125,-16.83917236328125
111.94856439500006,approach,-30.065256118774414,-240.60110473632812,-16.791580200195312
111.98761291000005,approach,-30.0661678314209,-240.60133361816406,-16.744007110595703
112.01948080500006,approach,-30.067068099975586,-240.6015625,-16.696456909179688
112.05353747200002,approach,-30.067955017089844,-240.60179138183594,-16.648880004882812
112.087587353,approach,-30.069120407104492,-240.6020050048828,-16.589460372924805
112.11955463599998,approach,-30.070070266723633,-240.60215759277344,-16.541912078857422
112.15354459599996,approach,-30.07099723815918,-240.60231018066406,-16.494340896606445
112.187519909,approach,-30.071887969970703,-240.60247802734375,-16.44672966003418
112.221650103,approach,-30.07280158996582,-240.60267639160156,-16.39907455444336
112.25562447900006,approach,-30.07375144958496,-240.6028594970703,-16.35129165649414
112.28960456599998,approach,-30.075000762939453,-240.6030731201172,-16.291501998901367
112.32161480399998,approach,-30.076019287109375,-240.60324096679688,-16.243602752685547
112.35566343400001,approach,-30.077058792114258,-240.6033935546875,-16.195632934570312
112.38959900500004,approach,-30.078126907348633,-240.6035614013672,-16.147647857666016
112.42169114900003,approach,-30.079193115234375,-240.60374450683594,-16.09965705871582
112.45564803599996,approach,-30.08026695251465,-240.6039276123047,-16.05167007446289
112.49408731200003,approach,-30.081621170043945,-240.60411071777344,-15.991724014282227
112.52614386100004,approach,-30.08268165588379,-240.604248046875,-15.943796157836914
112.56009937800002,approach,-30.083728790283203,-240.60438537597656,-15.895889282226562
112.59409090700001,approach,-30.084774017333984,-240.60450744628906,-15.847967147827148
112.626119647,approach,-30.08580207824707,-240.60458374023438,-15.800016403198242
112.66015059100005,approach,-30.086843490600586,-240.6046142578125,-15.751962661743164
112.69411543199999,approach,-30.088171005249023,-240.60467529296875,-15.691909790039062
112.72933805599996,approach,-30.08927345275879,-240.60470581054688,-15.643884658813477
112.76329421100002,approach,-30.090408325195312,-240.60470581054688,-15.595884323120117
112.79734873999996,approach,-30.09157371520996,-240.6046905517578,-15.547935485839844
112.82930706100001,approach,-30.092727661132812,-240.60467529296875,-15.50002670288086
112.86330901099996,approach,-30.093822479248047,-240.6046600341797,-15.452205657958984
112.89730814000006,approach,-30.09505844116211,-240.60470581054688,-15.39248275756836
112.92930529,approach,-30.095924377441406,-240.60476684570312,-15.344728469848633
112.96506361299998,approach,-30.096670150756836,-240.60488891601562,-15.296993255615234
113.00065537500006,approach,-30.09735870361328,-240.60504150390625,-15.249282836914062
113.03270916200006,approach,-30.0980224609375,-240.605224609375,-15.201589584350586
113.06667658200001,approach,-30.098630905151367,-240.60543823242188,-15.153884887695312
113.100666402,approach,-30.09922981262207,-240.60580444335938,-15.094240188598633
113.13270601700003,approach,-30.09957504272461,-240.6061553955078,-15.046497344970703
113.16668627299998,approach,-30.09981346130371,-240.6065673828125,-14.998706817626953
113.20068394500004,approach,-30.099973678588867,-240.60708618164062,-14.950872421264648
113.23489064099999,approach,-30.10006332397461,-240.60768127441406,-14.902999877929688
113.268922556,approach,-30.100101470947266,-240.6083526611328,-14.85513687133789
113.303044398,approach,-30.10007095336914,-240.6092529296875,-14.795318603515625
113.33490194499996,approach,-30.099946975708008,-240.61000061035156,-14.747451782226562
113.36892881400001,approach,-30.09977149963379,-240.61074829101562,-14.699495315551758
113.40295669800003,approach,-30.099565505981445,-240.6115264892578,-14.651533126831055
113.43489084500004,approach,-30.099292755126953,-240.6123046875,-14.603609085083008
113.47356236799999,approach,-30.09897232055664,-240.61312866210938,-14.555654525756836
113.50751593999996,approach,-30.098522186279297,-240.61422729492188,-14.495820999145508
113.539458234,approach,-30.098129272460938,-240.61514282226562,-14.448028564453125
113.57349806800005,approach,-30.097742080688477,-240.61605834960938,-14.400264739990234
113.607455749,approach,-30.097393035888672,-240.6169891357422,-14.352519989013672
113.639468309,approach,-30.097116470336914,-240.61793518066406,-14.304815292358398
113.67351824599996,approach,-30.096874237060547,-240.6188507080078,-14.257156372070312
113.70747714200002,approach,-30.09665298461914,-240.6199951171875,-14.197662353515625
113.743254267,approach,-30.096525192260742,-240.62094116210938,-14.150156021118164
113.77721669799996,approach,-30.096437454223633,-240.62188720703125,-14.10269546508789
113.81119703299998,approach,-30.096403121948242,-240.6228485107422,-14.055253982543945
113.84326025100006,approach,-30.096384048461914,-240.62379455566406,-14.007808685302734
113.87719917900006,approach,-30.09638023376465,-240.624755859375,-13.960424423217773
113.911198603,approach,-30.096412658691406,-240.62591552734375,-13.901130676269531
113.943266515,approach,-30.096406936645508,-240.626708984375,-13.85359001159668
113.98030830200003,approach,-30.096338272094727,-240.62738037109375,-13.80599594116211
114.01428987500003,approach,-30.096237182617188,-240.6278533935547,-13.758354187011719
114.04636835099996,approach,-30.096097946166992,-240.62823486328125,-13.710670471191406
114.080339955,approach,-30.09593391418457,-240.62850952148438,-13.662952423095703
114.114305231,approach,-30.095613479614258,-240.6287841796875,-13.603282928466797
114.14633613399997,approach,-30.09528350830078,-240.62901306152344,-13.555500030517578
114.18032657000003,approach,-30.094858169555664,-240.62924194335938,-13.507728576660156
114.21735464400001,approach,-30.09435272216797,-240.62948608398438,-13.459978103637695
114.24924234499997,approach,-30.093826293945312,-240.62973022460938,-13.41225814819336
114.28323021899996,approach,-30.0932559967041,-240.6299591064453,-13.364601135253906
114.31719123899995,approach,-30.092477798461914,-240.63027954101562,-13.305079460144043
114.34919174599997,approach,-30.091760635375977,-240.63046264648438,-13.257570266723633
114.38322040399999,approach,-30.0909366607666,-240.63055419921875,-13.210155487060547
114.41721024699996,approach,-30.08997917175293,-240.6305389404297,-13.162853240966797
114.44923327599997,approach,-30.088876724243164,-240.63043212890625,-13.115645408630371
114.48653276499999,approach,-30.087757110595703,-240.63026428222656,-13.068486213684082
114.52052806799998,approach,-30.086318969726562,-240.62997436523438,-13.009509086608887
114.55244828900004,approach,-30.08521842956543,-240.62973022460938,-12.962295532226562
114.586515169,approach,-30.084108352661133,-240.62948608398438,-12.915054321289062
114.62052150399995,approach,-30.083030700683594,-240.6292266845703,-12.86784839630127
114.65245305999997,approach,-30.081954956054688,-240.62904357910156,-12.820660591125488
114.68646942600003,approach,-30.080886840820312,-240.62890625,-12.773561477661133
114.72539304500003,approach,-30.079578399658203,-240.62876892089844,-12.714675903320312
114.75741819899997,approach,-30.078567504882812,-240.62872314453125,-12.667539596557617
114.79145961000006,approach,-30.07760238647461,-240.6287384033203,-12.620308876037598
114.82539044400005,approach,-30.07670783996582,-240.62881469726562,-12.573031425476074
114.85740423699997,approach,-30.075830459594727,-240.6289520263672,-12.525712966918945
114.89143981100005,approach,-30.074975967407227,-240.6291961669922,-12.478307723999023
114.92539588099999,approach,-30.074010848999023,-240.62966918945312,-12.418985366821289
114.95740971400005,approach,-30.073287963867188,-240.63018798828125,-12.371456146240234
114.99348364000002,approach,-30.072589874267578,-240.630859375,-12.323904991149902
115.02750825600003,approach,-30.07191276550293,-240.63162231445312,-12.276426315307617
115.05947423199996,approach,-30.071252822875977,-240.6324005126953,-12.22900390625
115.09353209000005,approach,-30.07061767578125,-240.63320922851562,-12.181596755981445
115.12749853100001,approach,-30.069814682006836,-240.63417053222656,-12.122400283813477
115.15949101700005,approach,-30.069194793701172,-240.63491821289062,-12.075037002563477
115.19349623400001,approach,-30.068574905395508,-240.6356201171875,-12.02764892578125
115.230371321,approach,-30.06795883178711,-240.63624572753906,-11.980236053466797
115.26240213000005,approach,-30.067354202270508,-240.6368408203125,-11.932790756225586
115.29638942099996,approach,-30.066762924194336,-240.63742065429688,-11.885356903076172
115.33037315600006,approach,-30.066015243530273,-240.6381378173828,-11.825986862182617
115.36238452500004,approach,-30.065441131591797,-240.63873291015625,-11.778398513793945
115.39637783900002,approach,-30.06488800048828,-240.63937377929688,-11.73072624206543
115.43038181200006,approach,-30.064327239990234,-240.64004516601562,-11.682938575744629
115.46418341599997,approach,-30.06373405456543,-240.64077758789062,-11.635080337524414
115.49998755499996,approach,-30.063091278076172,-240.6415252685547,-11.587223052978516
115.53397443000006,approach,-30.06219482421875,-240.64239501953125,-11.527467727661133
115.56598905099997,approach,-30.061460494995117,-240.6430206298828,-11.479683876037598
115.59999670000002,approach,-30.060705184936523,-240.64361572265625,-11.431866645812988
115.63397181100004,approach,-30.059965133666992,-240.64419555664062,-11.384015083312988
115.665991631,approach,-30.059175491333008,-240.64468383789062,-11.336134910583496
115.70000248400004,approach,-30.0583438873291,-240.64508056640625,-11.288302421569824
115.73765106300004,approach,-30.05724334716797,-240.64541625976562,-11.22851848602295
115.76967215599996,approach,-30.056272506713867,-240.64556884765625,-11.180675506591797
115.80361053299998,approach,-30.055225372314453,-240.6455535888672,-11.132819175720215
115.83764163399997,approach,-30.054122924804688,-240.6453857421875,-11.084994316101074
115.86961153000004,approach,-30.052959442138672,-240.6450653076172,-11.037232398986816
115.90576857300005,approach,-30.05181121826172,-240.64466857910156,-10.989522933959961
115.94080631200006,approach,-30.050344467163086,-240.64404296875,-10.929923057556152
115.97722542500003,approach,-30.049163818359375,-240.64346313476562,-10.882314682006836
116.01119905999997,approach,-30.048006057739258,-240.6427764892578,-10.834798812866211
116.04519620600001,approach,-30.046907424926758,-240.64202880859375,-10.787425994873047
116.07723035100003,approach,-30.045866012573242,-240.64122009277344,-10.740171432495117
116.111181375,approach,-30.044897079467773,-240.64036560058594,-10.693039894104004
116.14518565000003,approach,-30.0438175201416,-240.63925170898438,-10.634115219116211
116.177217165,approach,-30.043071746826172,-240.63839721679688,-10.58694076538086
116.21118575699995,approach,-30.042377471923828,-240.63755798339844,-10.53976058959961
116.24858798499997,approach,-30.041688919067383,-240.63670349121094,-10.492576599121094
116.28062322000005,approach,-30.041011810302734,-240.63583374023438,-10.445352554321289
116.314597198,approach,-30.04033851623535,-240.63502502441406,-10.3981351852417
116.348576449,approach,-30.039514541625977,-240.63412475585938,-10.338997840881348
116.38061683199999,approach,-30.038898468017578,-240.63352966308594,-10.29161262512207
116.41459293000003,approach,-30.03826904296875,-240.633056640625,-10.244180679321289
116.44860155200001,approach,-30.037622451782227,-240.63267517089844,-10.19669246673584
116.48331257799998,approach,-30.03687858581543,-240.63235473632812,-10.14916706085205
116.51722524000002,approach,-30.036027908325195,-240.63214111328125,-10.101555824279785
116.55125972999997,approach,-30.034833908081055,-240.6320037841797,-10.041973114013672
116.58329855900001,approach,-30.033748626708984,-240.6320037841797,-9.994260787963867
116.61722982100002,approach,-30.032596588134766,-240.6321258544922,-9.946528434753418
116.65127135900002,approach,-30.03139305114746,-240.63233947753906,-9.898733139038086
116.68332247700005,approach,-30.030162811279297,-240.63262939453125,-9.850849151611328
116.72039989100006,approach,-30.028987884521484,-240.63296508789062,-9.802877426147461
116.75417219099995,approach,-30.02754783630371,-240.6334686279297,-9.742791175842285
116.78617217400006,approach,-30.026411056518555,-240.63394165039062,-9.694634437561035
116.82012215300006,approach,-30.02532386779785,-240.634521484375,-9.646389961242676
116.85419040099998,approach,-30.0242977142334,-240.63519287109375,-9.598134994506836
116.88620365999998,approach,-30.023345947265625,-240.6359405517578,-9.549896240234375
116.92010954299997,approach,-30.02251625061035,-240.63682556152344,-9.501585960388184
116.95414757499998,approach,-30.021648406982422,-240.63803100585938,-9.441038131713867
116.989029459,approach,-30.021047592163086,-240.63906860351562,-9.392488479614258
117.02299330799997,approach,-30.02049446105957,-240.6401824951172,-9.343839645385742
117.05700815,approach,-30.019927978515625,-240.64137268066406,-9.295146942138672
117.08897994100005,approach,-30.01935577392578,-240.642578125,-9.246418952941895
117.12298327999997,approach,-30.018842697143555,-240.6437225341797,-9.197728157043457
117.15709250300006,approach,-30.018434524536133,-240.64479064941406,-9.14904499053955
117.18897039600006,approach,-30.01810073852539,-240.64601135253906,-9.088214874267578
117.22678617999998,approach,-30.017986297607422,-240.64691162109375,-9.039522171020508
117.260784489,approach,-30.01801300048828,-240.6477508544922,-8.990856170654297
117.29278793499998,approach,-30.01814842224121,-240.64852905273438,-8.942214965820312
117.32677507200003,approach,-30.01836395263672,-240.64927673339844,-8.893600463867188
117.36081369299995,approach,-30.018741607666016,-240.65016174316406,-8.832830429077148
117.39281663600002,approach,-30.01918601989746,-240.65086364746094,-8.784189224243164
117.42680123000002,approach,-30.01972007751465,-240.65159606933594,-8.73558235168457
117.46079393599996,approach,-30.020395278930664,-240.65232849121094,-8.686925888061523
117.49567334200003,approach,-30.021249771118164,-240.65304565429688,-8.638192176818848
117.52960520400006,approach,-30.022235870361328,-240.6537322998047,-8.589458465576172
117.56361938099997,approach,-30.02364730834961,-240.65451049804688,-8.528528213500977
117.595655222,approach,-30.0249080657959,-240.65505981445312,-8.47977066040039
117.62959250899996,approach,-30.026304244995117,-240.6555633544922,-8.430991172790527
117.66361421800002,approach,-30.027847290039062,-240.6560516357422,-8.382185935974121
117.69557845999998,approach,-30.0295467376709,-240.6565399169922,-8.333370208740234
117.73262285199996,approach,-30.031335830688477,-240.6570281982422,-8.284553527832031
117.76666043800003,approach,-30.033655166625977,-240.65756225585938,-8.223532676696777
117.79862853999998,approach,-30.03558349609375,-240.657958984375,-8.174756050109863
117.83409945400001,approach,-30.037582397460938,-240.6582794189453,-8.125997543334961
117.86903003700002,approach,-30.039670944213867,-240.65847778320312,-8.077245712280273
117.90206584099997,approach,-30.041810989379883,-240.65855407714844,-8.028570175170898
117.937302961,approach,-30.04400634765625,-240.6585693359375,-7.979891777038574
117.97655785400002,approach,-30.04677391052246,-240.65853881835938,-7.919073104858398
118.00864166500003,approach,-30.04901885986328,-240.65850830078125,-7.8704423904418945
118.04253439700005,approach,-30.05129623413086,-240.6585235595703,-7.821867942810059
118.07658414700006,approach,-30.053611755371094,-240.65863037109375,-7.773402214050293
118.10859431400002,approach,-30.056039810180664,-240.65887451171875,-7.725059509277344
118.14258759200004,approach,-30.058549880981445,-240.6592559814453,-7.676831245422363
118.17652870799998,approach,-30.06180191040039,-240.66001892089844,-7.6165618896484375
118.20860153499996,approach,-30.064424514770508,-240.66079711914062,-7.568408966064453
118.24487827899998,approach,-30.067026138305664,-240.66168212890625,-7.520363807678223
118.27886959700004,approach,-30.069631576538086,-240.6626434326172,-7.472336769104004
118.31087578300003,approach,-30.072214126586914,-240.6636199951172,-7.424304962158203
118.34491628,approach,-30.074724197387695,-240.66456604003906,-7.376269340515137
118.37886870399996,approach,-30.077760696411133,-240.665771484375,-7.316240310668945
118.41088614299997,approach,-30.08013916015625,-240.66673278808594,-7.268237113952637
118.44492026199998,approach,-30.08243179321289,-240.6676788330078,-7.220258712768555
118.48212349599999,approach,-30.084609985351562,-240.66856384277344,-7.172283172607422
118.51413543700005,approach,-30.086627960205078,-240.66941833496094,-7.124309539794922
118.54811681000001,approach,-30.088499069213867,-240.67022705078125,-7.076306343078613
118.582129506,approach,-30.09058952331543,-240.67117309570312,-7.016387939453125
118.61413716599998,approach,-30.092069625854492,-240.67189025878906,-6.968524932861328
118.64812921199996,approach,-30.093334197998047,-240.6725311279297,-6.920720100402832
118.68207939700005,approach,-30.094402313232422,-240.67312622070312,-6.872971534729004
118.71412978700005,approach,-30.095291137695312,-240.6736297607422,-6.825263977050781
118.75047517999997,approach,-30.096052169799805,-240.67408752441406,-6.777560234069824
118.78446719299995,approach,-30.096847534179688,-240.67454528808594,-6.718042373657227
118.81653519099996,approach,-30.097381591796875,-240.67481994628906,-6.670467376708984
118.850479716,approach,-30.09784507751465,-240.67503356933594,-6.622908592224121
118.88446144099998,approach,-30.098276138305664,-240.67515563964844,-6.575356483459473
118.91651140700003,approach,-30.09865379333496,-240.67518615722656,-6.527825355529785
118.95045323900001,approach,-30.098983764648438,-240.6751251220703,-6.480310440063477
118.98795426799995,approach,-30.09927749633789,-240.67495727539062,-6.420952796936035
119.019986249,approach,-30.09941864013672,-240.6748046875,-6.373490333557129
119.05400610599997,approach,-30.09949493408203,-240.67466735839844,-6.326048851013184
119.08794017399998,approach,-30.099451065063477,-240.67457580566406,-6.27864933013916
119.12000572,approach,-30.099294662475586,-240.6745147705078,-6.231265068054199
119.15399006500002,approach,-30.098979949951172,-240.67449951171875,-6.183880805969238
119.18795653899997,approach,-30.09848403930664,-240.674560546875,-6.124650001525879
119.22241038300001,approach,-30.09803009033203,-240.67466735839844,-6.077249526977539
119.25636154200004,approach,-30.097557067871094,-240.67481994628906,-6.029855728149414
119.29043494200005,approach,-30.09705924987793,-240.6750030517578,-5.982428550720215
119.32243184200001,approach,-30.09650993347168,-240.6751708984375,-5.934939384460449
119.356326255,approach,-30.095884323120117,-240.67532348632812,-5.8874664306640625
119.39036153899997,approach,-30.09503173828125,-240.6754913330078,-5.828151702880859
119.42238374700003,approach,-30.094228744506836,-240.6756134033203,-5.780717849731445
119.45636977599997,approach,-30.093286514282227,-240.67572021484375,-5.733288764953613
119.49367224100001,approach,-30.09217071533203,-240.67588806152344,-5.6858625411987305
119.52567382100005,approach,-30.090896606445312,-240.6760711669922,-5.638418197631836
119.55962990600005,approach,-30.089492797851562,-240.67625427246094,-5.5909576416015625
119.59360342399998,approach,-30.087574005126953,-240.67648315429688,-5.531674385070801
119.62562630299999,approach,-30.085947036743164,-240.67666625976562,-5.48426628112793
119.659607542,approach,-30.08432960510254,-240.67684936523438,-5.436849594116211
119.693655122,approach,-30.08271598815918,-240.67703247070312,-5.389425277709961
119.72887567099997,approach,-30.08108901977539,-240.67715454101562,-5.3419952392578125
119.76284332299997,approach,-30.079471588134766,-240.67726135253906,-5.294539451599121
119.79687531900004,approach,-30.077495574951172,-240.6773681640625,-5.2351908683776855
119.82889380699999,approach,-30.075927734375,-240.677490234375,-5.187689781188965
119.86283870199998,approach,-30.07434844970703,-240.6776123046875,-5.140171527862549
119.89685051000004,approach,-30.072813034057617,-240.67776489257812,-5.092589855194092
119.92886384200006,approach,-30.071327209472656,-240.67794799804688,-5.04498815536499
119.96389985200005,approach,-30.069881439208984,-240.67822265625,-4.997440338134766
120.00081269300006,approach,-30.068124771118164,-240.6786651611328,-4.937972545623779
120.03289530000006,approach,-30.06680679321289,-240.67904663085938,-4.8904266357421875
120.06682840099995,approach,-30.065549850463867,-240.67947387695312,-4.842936992645264
120.10084133500004,approach,-30.064416885375977,-240.67990112304688,-4.795499324798584
120.13289753200002,approach,-30.063432693481445,-240.68035888671875,-4.748110771179199
120.16683606000004,approach,-30.0626220703125,-240.68077087402344,-4.700689792633057
120.20380115500006,approach,-30.061811447143555,-240.68124389648438,-4.641275405883789
120.23909178400004,approach,-30.061309814453125,-240.68161010742188,-4.593671798706055
120.27311341699999,approach,-30.060935974121094,-240.68203735351562,-4.546021938323975
120.30707818200005,approach,-30.06071662902832,-240.68252563476562,-4.498349666595459
120.33910083499995,approach,-30.060684204101562,-240.6830596923828,-4.45068359375
120.37307365000004,approach,-30.060815811157227,-240.6836700439453,-4.4030280113220215
120.40705486399997,approach,-30.061233520507812,-240.68446350097656,-4.343459129333496
120.43912854300004,approach,-30.061742782592773,-240.68508911132812,-4.295809745788574
120.47590245399999,approach,-30.062397003173828,-240.68568420410156,-4.248146057128906
120.50988854499997,approach,-30.063220977783203,-240.68624877929688,-4.20048189163208
120.54195806300004,approach,-30.064205169677734,-240.68675231933594,-4.152775764465332
120.57589556799996,approach,-30.065303802490234,-240.6872100830078,-4.1050519943237305
120.60998878300006,approach,-30.066774368286133,-240.68772888183594,-4.045313358306885
120.64189820399997,approach,-30.06798553466797,-240.68807983398438,-3.9974913597106934
120.67591599399998,approach,-30.069236755371094,-240.68844604492188,-3.9496188163757324
120.70991795700002,approach,-30.070524215698242,-240.6887969970703,-3.9017491340637207
120.74420977,approach,-30.07183074951172,-240.68910217285156,-3.8539042472839355
120.778160663,approach,-30.073163986206055,-240.6894073486328,-3.806107521057129
120.81215055400003,approach,-30.07483673095703,-240.6897430419922,-3.7463674545288086
120.84428613500006,approach,-30.076183319091797,-240.69000244140625,-3.698509693145752
120.87812786899997,approach,-30.077476501464844,-240.690185546875,-3.6505637168884277
120.91221070100005,approach,-30.078754425048828,-240.6903076171875,-3.6026177406311035
120.94418158200006,approach,-30.080034255981445,-240.69044494628906,-3.554677963256836
120.98125939199997,approach,-30.081310272216797,-240.69065856933594,-3.5066800117492676
121.01527509300001,approach,-30.082843780517578,-240.69090270996094,-3.4466657638549805
121.04727280400004,approach,-30.083986282348633,-240.69113159179688,-3.3986263275146484
121.08127507999995,approach,-30.085128784179688,-240.6913299560547,-3.350541591644287
121.115320376,approach,-30.086261749267578,-240.6915283203125,-3.302403450012207
121.14729358199997,approach,-30.08734893798828,-240.69178771972656,-3.2542076110839844
121.18129006799995,approach,-30.088476181030273,-240.69204711914062,-3.206007480621338
121.21531730000004,approach,-30.0898494720459,-240.69236755371094,-3.1457371711730957
121.25054164000005,approach,-30.090911865234375,-240.69256591796875,-3.097501277923584
121.28451347600003,approach,-30.091930389404297,-240.69276428222656,-3.0492234230041504
121.31852096900002,approach,-30.092906951904297,-240.69297790527344,-3.000934600830078
121.35052947300005,approach,-30.093891143798828,-240.6931915283203,-2.952664852142334
121.38457164800002,approach,-30.094900131225586,-240.69337463378906,-2.904480457305908
121.41852795399996,approach,-30.096118927001953,-240.69358825683594,-2.8442797660827637
121.450534543,approach,-30.097023010253906,-240.69375610351562,-2.7961339950561523
121.48645182899998,approach,-30.09787368774414,-240.69398498535156,-2.7480058670043945
121.52045381899995,approach,-30.09870719909668,-240.6942596435547,-2.699962615966797
121.55249927199998,approach,-30.099536895751953,-240.69454956054688,-2.6520376205444336
121.58645909999996,approach,-30.100427627563477,-240.69483947753906,-2.6041488647460938
121.62045291300001,approach,-30.10167694091797,-240.69525146484375,-2.544243812561035
121.65255643199998,approach,-30.102706909179688,-240.6956024169922,-2.496306896209717
121.68646345800005,approach,-30.10371971130371,-240.6959991455078,-2.4483890533447266
121.72317060600005,approach,-30.104677200317383,-240.69644165039062,-2.4005274772644043
121.755084205,approach,-30.105579376220703,-240.6968994140625,-2.352703094482422
121.78905307599996,approach,-30.10642433166504,-240.6973876953125,-2.304905414581299
121.82317987900001,approach,-30.107419967651367,-240.697998046875,-2.2451586723327637
121.85513876599998,approach,-30.108129501342773,-240.698486328125,-2.197327136993408
121.88906634700004,approach,-30.1087646484375,-240.698974609375,-2.1494479179382324
121.92306910499997,approach,-30.10931968688965,-240.69943237304688,-2.1015782356262207
121.95511384300005,approach,-30.109830856323242,-240.6998291015625,-2.053887367248535
121.99225811500003,approach,-30.110292434692383,-240.7001953125,-2.0066442489624023
122.02632422199997,approach,-30.11082649230957,-240.70059204101562,-1.9485840797424316
122.05829294600005,approach,-30.111181259155273,-240.700927734375,-1.9032130241394043
122.09230715000001,approach,-30.111480712890625,-240.70126342773438,-1.8590259552001953
122.12635942999998,approach,-30.111684799194336,-240.70156860351562,-1.8161163330078125
122.15826723999999,approach,-30.111770629882812,-240.70184326171875,-1.7745552062988281
122.19224714699999,approach,-30.11168670654297,-240.70205688476562,-1.7345004081726074
122.22815735500001,approach,-30.111366271972656,-240.7021942138672,-1.686511516571045
122.26019960500003,approach,-30.110857009887695,-240.70217895507812,-1.6497869491577148
