elapsed_sec,phase,north_m,east_m,down_m
0.014,takeoff,0.038,-0.032,0.047
0.048,takeoff,0.037,-0.032,0.047
0.082,takeoff,0.036,-0.032,0.047
0.114,takeoff,0.035,-0.032,0.047
0.149,takeoff,0.034,-0.032,0.048
0.183,takeoff,0.033,-0.032,0.048
0.215,takeoff,0.032,-0.032,0.049
0.249,takeoff,0.031,-0.032,0.049
0.283,takeoff,0.030,-0.032,0.050
0.315,takeoff,0.029,-0.032,0.050
0.349,takeoff,0.028,-0.032,0.051
0.383,takeoff,0.027,-0.032,0.051
0.415,takeoff,0.026,-0.032,0.052
0.449,takeoff,0.026,-0.032,0.053
0.483,takeoff,0.025,-0.031,0.054
0.515,takeoff,0.024,-0.031,0.055
0.549,takeoff,0.024,-0.030,0.056
0.583,takeoff,0.023,-0.030,0.056
0.615,takeoff,0.022,-0.029,0.056
0.649,takeoff,0.022,-0.029,0.057
0.683,takeoff,0.021,-0.028,0.057
0.715,takeoff,0.020,-0.028,0.057
0.749,takeoff,0.020,-0.027,0.058
0.783,takeoff,0.019,-0.027,0.058
0.815,takeoff,0.019,-0.026,0.058
0.849,takeoff,0.018,-0.025,0.059
0.883,takeoff,0.018,-0.024,0.059
0.915,takeoff,0.017,-0.024,0.060
0.949,takeoff,0.017,-0.023,0.060
0.983,takeoff,0.016,-0.022,0.061
1.015,takeoff,0.016,-0.021,0.061
1.049,takeoff,0.016,-0.020,0.061
1.083,takeoff,0.016,-0.019,0.061
1.115,takeoff,0.015,-0.018,0.062
1.149,takeoff,0.015,-0.018,0.062
1.183,takeoff,0.014,-0.017,0.062
1.215,takeoff,0.014,-0.016,0.061
1.249,takeoff,0.014,-0.016,0.061
1.283,takeoff,0.014,-0.015,0.061
1.315,takeoff,0.014,-0.015,0.061
1.349,takeoff,0.014,-0.014,0.060
1.383,takeoff,0.013,-0.014,0.060
1.415,takeoff,0.014,-0.013,0.060
1.449,takeoff,0.014,-0.013,0.060
1.483,takeoff,0.014,-0.012,0.060
1.515,takeoff,0.014,-0.012,0.060
1.549,takeoff,0.014,-0.012,0.060
1.583,takeoff,0.015,-0.011,0.060
1.615,takeoff,0.015,-0.011,0.060
1.649,takeoff,0.015,-0.011,0.060
1.683,takeoff,0.015,-0.010,0.060
1.715,takeoff,0.016,-0.010,0.059
1.749,takeoff,0.016,-0.010,0.059
1.783,takeoff,0.016,-0.009,0.059
1.815,takeoff,0.016,-0.009,0.059
1.849,takeoff,0.016,-0.009,0.058
1.883,takeoff,0.016,-0.008,0.058
1.915,takeoff,0.017,-0.008,0.058
1.949,takeoff,0.017,-0.007,0.057
1.983,takeoff,0.017,-0.006,0.057
2.015,takeoff,0.017,-0.006,0.056
2.049,takeoff,0.018,-0.005,0.056
2.083,takeoff,0.018,-0.004,0.055
2.115,takeoff,0.018,-0.003,0.055
2.149,takeoff,0.018,-0.003,0.054
2.183,takeoff,0.018,-0.003,0.053
2.215,takeoff,0.017,-0.003,0.051
2.249,takeoff,0.017,-0.003,0.048
2.283,takeoff,0.015,-0.003,0.042
2.315,takeoff,0.014,-0.004,0.035
2.349,takeoff,0.012,-0.004,0.027
2.383,takeoff,0.010,-0.005,0.015
2.415,takeoff,0.007,-0.005,0.002
2.449,takeoff,0.004,-0.005,-0.014
2.483,takeoff,0.000,-0.005,-0.038
2.515,takeoff,-0.003,-0.005,-0.060
2.549,takeoff,-0.007,-0.004,-0.084
2.583,takeoff,-0.011,-0.002,-0.111
2.615,takeoff,-0.015,-0.001,-0.141
2.649,takeoff,-0.019,0.001,-0.174
2.683,takeoff,-0.024,0.004,-0.218
2.715,takeoff,-0.029,0.006,-0.257
2.749,takeoff,-0.033,0.009,-0.298
2.783,takeoff,-0.038,0.012,-0.342
2.815,takeoff,-0.042,0.014,-0.388
2.849,takeoff,-0.046,0.017,-0.437
2.883,takeoff,-0.052,0.021,-0.502
2.915,takeoff,-0.056,0.024,-0.557
2.949,takeoff,-0.060,0.027,-0.614
2.983,takeoff,-0.064,0.030,-0.674
3.015,takeoff,-0.067,0.034,-0.737
3.049,takeoff,-0.070,0.037,-0.801
3.083,takeoff,-0.074,0.040,-0.886
3.115,takeoff,-0.077,0.043,-0.956
3.149,takeoff,-0.080,0.046,-1.029
3.183,takeoff,-0.082,0.049,-1.103
3.215,takeoff,-0.084,0.052,-1.180
3.249,takeoff,-0.086,0.054,-1.258
3.283,takeoff,-0.088,0.057,-1.358
3.315,takeoff,-0.090,0.059,-1.438
3.349,takeoff,-0.091,0.061,-1.520
3.383,takeoff,-0.092,0.063,-1.602
3.415,takeoff,-0.093,0.064,-1.685
3.449,takeoff,-0.095,0.066,-1.767
3.483,takeoff,-0.096,0.067,-1.872
3.516,takeoff,-0.097,0.068,-1.955
3.550,takeoff,-0.097,0.068,-2.039
3.584,takeoff,-0.098,0.068,-2.123
3.616,takeoff,-0.099,0.068,-2.207
3.651,takeoff,-0.100,0.068,-2.291
3.684,takeoff,-0.100,0.067,-2.397
3.717,takeoff,-0.101,0.067,-2.482
3.750,takeoff,-0.102,0.066,-2.566
3.784,takeoff,-0.102,0.064,-2.651
3.816,takeoff,-0.103,0.063,-2.736
3.850,takeoff,-0.104,0.062,-2.821
3.884,takeoff,-0.105,0.059,-2.927
3.916,takeoff,-0.105,0.057,-3.012
3.950,takeoff,-0.106,0.055,-3.097
3.984,takeoff,-0.107,0.053,-3.182
4.017,takeoff,-0.107,0.050,-3.267
4.050,takeoff,-0.108,0.048,-3.352
4.084,takeoff,-0.109,0.044,-3.458
4.116,takeoff,-0.109,0.041,-3.543
4.150,takeoff,-0.110,0.038,-3.628
4.184,takeoff,-0.110,0.035,-3.713
4.216,takeoff,-0.110,0.032,-3.798
4.250,takeoff,-0.110,0.029,-3.883
4.284,takeoff,-0.110,0.025,-3.990
4.316,takeoff,-0.110,0.022,-4.075
4.350,takeoff,-0.110,0.019,-4.161
4.384,takeoff,-0.110,0.016,-4.247
4.417,takeoff,-0.110,0.013,-4.333
4.451,takeoff,-0.110,0.011,-4.419
4.484,takeoff,-0.110,0.007,-4.526
4.516,takeoff,-0.110,0.004,-4.613
4.550,takeoff,-0.109,0.001,-4.699
4.584,takeoff,-0.109,-0.001,-4.786
4.616,takeoff,-0.109,-0.004,-4.872
4.650,takeoff,-0.109,-0.006,-4.959
4.684,takeoff,-0.108,-0.009,-5.068
4.716,takeoff,-0.108,-0.012,-5.156
4.751,takeoff,-0.108,-0.014,-5.243
4.784,takeoff,-0.107,-0.017,-5.331
4.816,takeoff,-0.107,-0.019,-5.418
4.851,takeoff,-0.106,-0.022,-5.506
4.885,takeoff,-0.106,-0.025,-5.617
4.916,takeoff,-0.105,-0.027,-5.705
4.951,takeoff,-0.104,-0.029,-5.794
4.984,takeoff,-0.103,-0.031,-5.882
5.016,takeoff,-0.102,-0.033,-5.971
5.050,takeoff,-0.101,-0.035,-6.060
5.085,takeoff,-0.099,-0.037,-6.171
5.116,takeoff,-0.098,-0.039,-6.260
5.151,takeoff,-0.096,-0.040,-6.350
5.184,takeoff,-0.095,-0.042,-6.439
5.216,takeoff,-0.093,-0.044,-6.529
5.251,takeoff,-0.091,-0.045,-6.618
5.284,takeoff,-0.089,-0.048,-6.731
5.316,takeoff,-0.087,-0.049,-6.821
5.350,takeoff,-0.086,-0.051,-6.911
5.384,takeoff,-0.084,-0.052,-7.001
5.416,takeoff,-0.082,-0.054,-7.091
5.451,takeoff,-0.080,-0.055,-7.182
5.484,takeoff,-0.077,-0.057,-7.295
5.516,takeoff,-0.075,-0.058,-7.385
5.551,takeoff,-0.072,-0.060,-7.476
5.585,takeoff,-0.070,-0.061,-7.566
5.616,takeoff,-0.067,-0.062,-7.657
5.651,takeoff,-0.065,-0.064,-7.747
5.684,takeoff,-0.061,-0.065,-7.860
5.716,takeoff,-0.058,-0.066,-7.950
5.751,takeoff,-0.055,-0.067,-8.041
5.784,takeoff,-0.053,-0.068,-8.131
5.816,takeoff,-0.050,-0.070,-8.221
5.850,takeoff,-0.047,-0.071,-8.312
5.884,takeoff,-0.043,-0.072,-8.425
5.917,takeoff,-0.040,-0.072,-8.515
5.950,takeoff,-0.037,-0.073,-8.606
5.984,takeoff,-0.034,-0.074,-8.696
6.017,takeoff,-0.032,-0.074,-8.787
6.051,takeoff,-0.029,-0.074,-8.877
6.085,takeoff,-0.026,-0.075,-8.991
6.116,takeoff,-0.023,-0.075,-9.081
6.150,takeoff,-0.021,-0.075,-9.172
6.184,takeoff,-0.018,-0.075,-9.263
6.216,takeoff,-0.016,-0.075,-9.354
6.251,takeoff,-0.013,-0.075,-9.444
6.284,takeoff,-0.010,-0.074,-9.558
6.316,takeoff,-0.008,-0.073,-9.649
6.350,takeoff,-0.005,-0.072,-9.741
6.384,takeoff,-0.003,-0.071,-9.832
6.417,takeoff,-0.000,-0.070,-9.923
6.450,takeoff,0.002,-0.069,-10.015
6.484,takeoff,0.005,-0.067,-10.129
6.516,takeoff,0.008,-0.066,-10.220
6.550,takeoff,0.010,-0.064,-10.312
6.584,takeoff,0.012,-0.062,-10.404
6.616,takeoff,0.014,-0.060,-10.495
6.650,takeoff,0.016,-0.058,-10.587
6.684,takeoff,0.018,-0.055,-10.702
6.716,takeoff,0.020,-0.053,-10.794
6.750,takeoff,0.022,-0.050,-10.887
6.784,takeoff,0.023,-0.048,-10.979
6.816,takeoff,0.024,-0.046,-11.071
6.850,takeoff,0.026,-0.043,-11.163
6.884,takeoff,0.027,-0.040,-11.278
6.916,takeoff,0.028,-0.038,-11.370
6.951,takeoff,0.028,-0.035,-11.463
6.984,takeoff,0.029,-0.033,-11.555
7.017,takeoff,0.029,-0.030,-11.647
7.050,takeoff,0.029,-0.028,-11.740
7.084,takeoff,0.029,-0.025,-11.855
7.116,takeoff,0.029,-0.023,-11.948
7.150,takeoff,0.029,-0.020,-12.040
7.184,takeoff,0.029,-0.018,-12.132
7.216,takeoff,0.029,-0.016,-12.225
7.250,takeoff,0.029,-0.013,-12.317
7.284,takeoff,0.029,-0.010,-12.433
7.316,takeoff,0.029,-0.008,-12.525
7.350,takeoff,0.029,-0.006,-12.618
7.384,takeoff,0.028,-0.003,-12.711
7.416,takeoff,0.028,-0.001,-12.803
7.451,takeoff,0.028,0.001,-12.896
7.484,takeoff,0.027,0.004,-13.012
7.516,takeoff,0.027,0.006,-13.105
7.550,takeoff,0.027,0.008,-13.198
7.584,takeoff,0.027,0.010,-13.290
7.616,takeoff,0.026,0.013,-13.383
7.650,takeoff,0.026,0.015,-13.476
7.684,takeoff,0.026,0.017,-13.592
7.716,takeoff,0.026,0.020,-13.685
7.750,takeoff,0.026,0.022,-13.778
7.784,takeoff,0.026,0.024,-13.871
7.816,takeoff,0.026,0.026,-13.963
7.850,takeoff,0.026,0.028,-14.056
7.884,takeoff,0.026,0.030,-14.172
7.916,takeoff,0.026,0.032,-14.265
7.950,takeoff,0.026,0.033,-14.358
7.984,takeoff,0.026,0.035,-14.451
8.017,takeoff,0.026,0.037,-14.544
8.050,takeoff,0.026,0.038,-14.637
8.084,takeoff,0.025,0.040,-14.753
8.116,takeoff,0.025,0.042,-14.846
8.151,takeoff,0.024,0.043,-14.939
8.184,takeoff,0.024,0.044,-15.032
8.216,takeoff,0.024,0.046,-15.126
8.251,takeoff,0.023,0.047,-15.219
8.284,takeoff,0.022,0.049,-15.335
8.316,takeoff,0.022,0.050,-15.429
8.350,takeoff,0.021,0.051,-15.522
8.384,takeoff,0.021,0.052,-15.616
8.416,takeoff,0.020,0.053,-15.709
8.450,takeoff,0.019,0.054,-15.803
8.484,takeoff,0.018,0.055,-15.920
8.516,takeoff,0.017,0.056,-16.014
8.550,takeoff,0.016,0.057,-16.108
8.584,takeoff,0.015,0.058,-16.202
8.616,takeoff,0.014,0.059,-16.296
8.651,takeoff,0.012,0.059,-16.390
8.685,takeoff,0.011,0.060,-16.507
8.716,takeoff,0.009,0.061,-16.602
8.750,takeoff,0.008,0.062,-16.696
8.784,takeoff,0.006,0.062,-16.790
8.816,takeoff,0.004,0.063,-16.885
8.850,takeoff,0.002,0.063,-16.979
8.884,takeoff,-0.000,0.064,-17.097
8.917,takeoff,-0.002,0.064,-17.191
8.950,takeoff,-0.004,0.065,-17.285
8.984,takeoff,-0.006,0.065,-17.379
9.017,takeoff,-0.008,0.066,-17.473
9.052,takeoff,-0.010,0.066,-17.567
9.086,takeoff,-0.012,0.066,-17.685
9.118,takeoff,-0.014,0.067,-17.779
9.152,takeoff,-0.016,0.067,-17.873
9.186,takeoff,-0.018,0.067,-17.967
9.218,takeoff,-0.020,0.066,-18.060
9.252,takeoff,-0.021,0.066,-18.154
9.286,takeoff,-0.024,0.065,-18.271
9.318,takeoff,-0.026,0.065,-18.365
9.352,takeoff,-0.028,0.064,-18.459
9.386,takeoff,-0.030,0.063,-18.552
9.417,takeoff,-0.032,0.062,-18.646
9.452,takeoff,-0.034,0.061,-18.740
9.486,takeoff,-0.036,0.060,-18.857
9.518,takeoff,-0.038,0.058,-18.951
9.552,takeoff,-0.040,0.057,-19.044
9.586,takeoff,-0.042,0.056,-19.138
9.618,takeoff,-0.043,0.054,-19.232
9.652,takeoff,-0.045,0.052,-19.326
9.686,takeoff,-0.047,0.050,-19.444
9.718,takeoff,-0.048,0.048,-19.538
9.752,takeoff,-0.049,0.046,-19.632
9.786,takeoff,-0.050,0.044,-19.725
9.818,takeoff,-0.051,0.042,-19.820
9.851,takeoff,-0.051,0.040,-19.914
9.885,takeoff,-0.052,0.037,-20.031
9.918,takeoff,-0.052,0.035,-20.125
9.952,takeoff,-0.052,0.033,-20.220
9.986,takeoff,-0.052,0.031,-20.314
10.018,takeoff,-0.052,0.029,-20.409
10.052,takeoff,-0.052,0.027,-20.503
10.086,takeoff,-0.051,0.024,-20.621
10.118,takeoff,-0.050,0.022,-20.716
10.152,takeoff,-0.049,0.019,-20.811
10.185,takeoff,-0.048,0.017,-20.906
10.218,takeoff,-0.047,0.015,-21.001
10.252,takeoff,-0.046,0.013,-21.095
10.286,takeoff,-0.044,0.010,-21.214
10.318,takeoff,-0.043,0.008,-21.309
10.352,takeoff,-0.042,0.006,-21.404
10.386,takeoff,-0.041,0.004,-21.499
10.418,takeoff,-0.040,0.002,-21.594
10.452,takeoff,-0.039,0.001,-21.689
10.485,takeoff,-0.038,-0.001,-21.808
10.533,takeoff,-0.037,-0.003,-21.903
10.567,takeoff,-0.037,-0.004,-21.998
10.601,takeoff,-0.036,-0.005,-22.093
10.633,takeoff,-0.035,-0.006,-22.188
10.667,takeoff,-0.034,-0.007,-22.284
10.701,takeoff,-0.032,-0.008,-22.403
10.733,takeoff,-0.031,-0.009,-22.499
10.767,takeoff,-0.030,-0.010,-22.594
10.801,takeoff,-0.029,-0.010,-22.690
10.833,takeoff,-0.028,-0.011,-22.785
10.867,takeoff,-0.027,-0.012,-22.881
10.901,takeoff,-0.026,-0.013,-23.000
10.933,takeoff,-0.026,-0.013,-23.095
10.967,takeoff,-0.025,-0.014,-23.190
11.001,takeoff,-0.025,-0.014,-23.285
11.033,takeoff,-0.024,-0.015,-23.381
11.067,takeoff,-0.024,-0.015,-23.476
11.101,takeoff,-0.023,-0.015,-23.595
11.133,takeoff,-0.023,-0.016,-23.690
11.167,takeoff,-0.022,-0.016,-23.785
11.201,takeoff,-0.022,-0.016,-23.880
11.233,takeoff,-0.021,-0.016,-23.975
11.267,takeoff,-0.021,-0.016,-24.071
11.301,takeoff,-0.020,-0.016,-24.190
11.333,takeoff,-0.020,-0.016,-24.285
11.367,takeoff,-0.019,-0.016,-24.381
11.401,takeoff,-0.019,-0.016,-24.476
11.433,takeoff,-0.019,-0.016,-24.571
11.467,takeoff,-0.019,-0.016,-24.667
11.501,takeoff,-0.018,-0.016,-24.786
11.533,takeoff,-0.018,-0.016,-24.882
11.567,takeoff,-0.018,-0.016,-24.978
11.601,takeoff,-0.018,-0.016,-25.074
11.633,takeoff,-0.017,-0.016,-25.169
11.667,takeoff,-0.017,-0.017,-25.265
11.701,takeoff,-0.017,-0.017,-25.385
11.733,takeoff,-0.016,-0.017,-25.480
11.767,takeoff,-0.016,-0.017,-25.576
11.801,takeoff,-0.016,-0.017,-25.672
11.833,takeoff,-0.015,-0.017,-25.767
11.867,takeoff,-0.015,-0.017,-25.863
11.901,takeoff,-0.015,-0.017,-25.983
11.933,takeoff,-0.014,-0.017,-26.079
11.967,takeoff,-0.014,-0.017,-26.175
12.001,takeoff,-0.014,-0.017,-26.270
12.033,takeoff,-0.013,-0.017,-26.366
12.067,takeoff,-0.013,-0.017,-26.462
12.101,takeoff,-0.012,-0.017,-26.582
12.134,takeoff,-0.012,-0.017,-26.678
12.168,takeoff,-0.011,-0.018,-26.774
12.203,takeoff,-0.010,-0.018,-26.870
12.235,takeoff,-0.010,-0.018,-26.966
12.269,takeoff,-0.009,-0.017,-27.062
12.303,takeoff,-0.008,-0.017,-27.182
12.335,takeoff,-0.008,-0.017,-27.278
12.369,takeoff,-0.007,-0.017,-27.372
12.403,takeoff,-0.006,-0.016,-27.464
12.435,takeoff,-0.006,-0.016,-27.555
12.469,takeoff,-0.005,-0.016,-27.643
12.503,takeoff,-0.004,-0.015,-27.750
12.535,takeoff,-0.003,-0.015,-27.832
12.569,takeoff,-0.002,-0.014,-27.911
12.604,takeoff,-0.001,-0.014,-27.987
12.636,takeoff,-0.000,-0.014,-28.060
12.670,takeoff,0.000,-0.014,-28.130
12.704,takeoff,0.001,-0.014,-28.214
12.736,takeoff,0.002,-0.014,-28.277
12.770,takeoff,0.002,-0.014,-28.337
12.804,takeoff,0.003,-0.015,-28.395
12.836,takeoff,0.004,-0.015,-28.450
12.871,takeoff,0.004,-0.015,-28.503
12.904,waypoint_1,0.005,-0.015,-28.565
12.936,waypoint_1,0.005,-0.015,-28.613
12.970,waypoint_1,0.005,-0.015,-28.659
13.004,waypoint_1,0.006,-0.015,-28.704
13.036,waypoint_1,0.006,-0.015,-28.749
13.070,waypoint_1,0.006,-0.016,-28.794
13.104,waypoint_1,0.005,-0.017,-28.849
13.137,waypoint_1,0.005,-0.020,-28.892
13.170,waypoint_1,0.004,-0.025,-28.933
13.204,waypoint_1,0.002,-0.033,-28.973
13.237,waypoint_1,-0.000,-0.043,-29.011
13.270,waypoint_1,-0.004,-0.056,-29.048
13.304,waypoint_1,-0.010,-0.077,-29.090
13.336,waypoint_1,-0.017,-0.098,-29.121
13.370,waypoint_1,-0.025,-0.122,-29.151
13.404,waypoint_1,-0.035,-0.150,-29.178
13.436,waypoint_1,-0.047,-0.181,-29.204
13.470,waypoint_1,-0.061,-0.215,-29.227
13.504,waypoint_1,-0.082,-0.263,-29.255
13.536,waypoint_1,-0.101,-0.305,-29.276
13.570,waypoint_1,-0.123,-0.350,-29.295
13.604,waypoint_1,-0.147,-0.398,-29.313
13.636,waypoint_1,-0.173,-0.448,-29.330
13.670,waypoint_1,-0.203,-0.501,-29.347
13.704,waypoint_1,-0.244,-0.570,-29.366
13.737,waypoint_1,-0.280,-0.627,-29.381
13.770,waypoint_1,-0.318,-0.686,-29.395
13.804,waypoint_1,-0.360,-0.747,-29.409
13.836,waypoint_1,-0.404,-0.809,-29.422
13.870,waypoint_1,-0.450,-0.872,-29.435
13.904,waypoint_1,-0.510,-0.953,-29.451
13.936,waypoint_1,-0.561,-1.020,-29.463
13.970,waypoint_1,-0.612,-1.087,-29.475
14.004,waypoint_1,-0.664,-1.156,-29.487
14.036,waypoint_1,-0.717,-1.225,-29.498
14.070,waypoint_1,-0.770,-1.296,-29.509
14.104,waypoint_1,-0.836,-1.387,-29.523
14.136,waypoint_1,-0.889,-1.460,-29.534
14.170,waypoint_1,-0.940,-1.535,-29.544
14.204,waypoint_1,-0.991,-1.611,-29.555
14.236,waypoint_1,-1.041,-1.688,-29.565
14.270,waypoint_1,-1.090,-1.766,-29.575
14.304,waypoint_1,-1.149,-1.866,-29.587
14.336,waypoint_1,-1.195,-1.946,-29.596
14.370,waypoint_1,-1.239,-2.028,-29.605
14.404,waypoint_1,-1.283,-2.111,-29.614
14.436,waypoint_1,-1.324,-2.195,-29.623
14.470,waypoint_1,-1.364,-2.279,-29.631
14.504,waypoint_1,-1.413,-2.385,-29.641
14.536,waypoint_1,-1.450,-2.471,-29.649
14.570,waypoint_1,-1.486,-2.557,-29.656
14.604,waypoint_1,-1.521,-2.644,-29.664
14.636,waypoint_1,-1.555,-2.732,-29.671
14.670,waypoint_1,-1.588,-2.820,-29.679
14.704,waypoint_1,-1.628,-2.930,-29.687
14.736,waypoint_1,-1.660,-3.019,-29.694
14.770,waypoint_1,-1.690,-3.108,-29.701
14.804,waypoint_1,-1.720,-3.197,-29.708
14.836,waypoint_1,-1.750,-3.287,-29.715
14.870,waypoint_1,-1.779,-3.377,-29.721
14.904,waypoint_1,-1.814,-3.490,-29.729
14.937,waypoint_1,-1.842,-3.580,-29.735
14.970,waypoint_1,-1.870,-3.671,-29.740
15.004,waypoint_1,-1.898,-3.761,-29.746
15.036,waypoint_1,-1.925,-3.852,-29.752
15.070,waypoint_1,-1.952,-3.943,-29.757
15.104,waypoint_1,-1.986,-4.057,-29.764
15.136,waypoint_1,-2.013,-4.147,-29.769
15.170,waypoint_1,-2.040,-4.238,-29.774
15.204,waypoint_1,-2.067,-4.329,-29.780
15.236,waypoint_1,-2.094,-4.419,-29.785
15.270,waypoint_1,-2.121,-4.510,-29.789
15.304,waypoint_1,-2.154,-4.623,-29.795
15.336,waypoint_1,-2.181,-4.713,-29.800
15.370,waypoint_1,-2.208,-4.804,-29.805
15.404,waypoint_1,-2.234,-4.894,-29.809
15.436,waypoint_1,-2.261,-4.985,-29.814
15.470,waypoint_1,-2.287,-5.075,-29.818
15.504,waypoint_1,-2.321,-5.189,-29.824
15.536,waypoint_1,-2.347,-5.279,-29.828
15.570,waypoint_1,-2.374,-5.370,-29.832
15.604,waypoint_1,-2.400,-5.461,-29.835
15.636,waypoint_1,-2.427,-5.552,-29.839
15.670,waypoint_1,-2.453,-5.643,-29.842
15.704,waypoint_1,-2.487,-5.758,-29.847
15.736,waypoint_1,-2.513,-5.849,-29.850
15.770,waypoint_1,-2.540,-5.940,-29.853
15.804,waypoint_1,-2.567,-6.032,-29.856
15.837,waypoint_1,-2.593,-6.123,-29.859
15.871,waypoint_1,-2.620,-6.215,-29.863
15.905,waypoint_1,-2.652,-6.330,-29.867
15.937,waypoint_1,-2.679,-6.421,-29.870
15.971,waypoint_1,-2.705,-6.514,-29.873
16.005,waypoint_1,-2.731,-6.606,-29.876
16.037,waypoint_1,-2.757,-6.698,-29.879
16.071,waypoint_1,-2.784,-6.791,-29.882
16.105,waypoint_1,-2.816,-6.906,-29.885
16.137,waypoint_1,-2.842,-6.999,-29.888
16.171,waypoint_1,-2.868,-7.091,-29.890
16.206,waypoint_1,-2.894,-7.184,-29.892
16.238,waypoint_1,-2.919,-7.277,-29.895
16.271,waypoint_1,-2.945,-7.370,-29.896
16.305,waypoint_1,-2.977,-7.486,-29.899
16.337,waypoint_1,-3.002,-7.579,-29.900
16.371,waypoint_1,-3.028,-7.672,-29.902
16.405,waypoint_1,-3.054,-7.765,-29.903
16.437,waypoint_1,-3.079,-7.858,-29.904
16.471,waypoint_1,-3.105,-7.951,-29.905
16.505,waypoint_1,-3.137,-8.067,-29.907
16.537,waypoint_1,-3.163,-8.161,-29.908
16.571,waypoint_1,-3.189,-8.254,-29.909
16.606,waypoint_1,-3.215,-8.347,-29.910
16.637,waypoint_1,-3.240,-8.441,-29.912
16.671,waypoint_1,-3.266,-8.534,-29.913
16.705,waypoint_1,-3.299,-8.651,-29.914
16.738,waypoint_1,-3.324,-8.745,-29.916
16.772,waypoint_1,-3.350,-8.838,-29.917
16.805,waypoint_1,-3.376,-8.931,-29.918
16.838,waypoint_1,-3.402,-9.025,-29.919
16.871,waypoint_1,-3.428,-9.118,-29.920
16.905,waypoint_1,-3.461,-9.235,-29.922
16.938,waypoint_1,-3.487,-9.328,-29.923
16.973,waypoint_1,-3.513,-9.422,-29.924
17.006,waypoint_1,-3.539,-9.515,-29.926
17.038,waypoint_1,-3.565,-9.609,-29.927
17.072,waypoint_1,-3.591,-9.703,-29.928
17.106,waypoint_1,-3.624,-9.820,-29.930
17.139,waypoint_1,-3.650,-9.913,-29.931
17.172,waypoint_1,-3.676,-10.007,-29.932
17.206,waypoint_1,-3.702,-10.101,-29.933
17.239,waypoint_1,-3.728,-10.195,-29.934
17.272,waypoint_1,-3.753,-10.289,-29.935
17.306,waypoint_1,-3.785,-10.406,-29.936
17.338,waypoint_1,-3.811,-10.500,-29.936
17.373,waypoint_1,-3.836,-10.594,-29.937
17.407,waypoint_1,-3.862,-10.688,-29.938
17.439,waypoint_1,-3.887,-10.783,-29.938
17.472,waypoint_1,-3.912,-10.877,-29.939
17.506,waypoint_1,-3.943,-10.995,-29.939
17.539,waypoint_1,-3.968,-11.089,-29.940
17.572,waypoint_1,-3.992,-11.183,-29.940
17.606,waypoint_1,-4.017,-11.277,-29.941
17.639,waypoint_1,-4.041,-11.371,-29.942
17.672,waypoint_1,-4.065,-11.466,-29.942
17.706,waypoint_1,-4.096,-11.583,-29.943
17.738,waypoint_1,-4.120,-11.678,-29.943
17.773,waypoint_1,-4.144,-11.772,-29.944
17.806,waypoint_1,-4.168,-11.866,-29.944
17.839,waypoint_1,-4.192,-11.961,-29.945
17.873,waypoint_1,-4.216,-12.055,-29.946
17.906,waypoint_1,-4.247,-12.173,-29.946
17.939,waypoint_1,-4.271,-12.267,-29.947
17.973,waypoint_1,-4.295,-12.362,-29.948
18.006,waypoint_1,-4.320,-12.456,-29.949
18.039,waypoint_1,-4.344,-12.551,-29.949
18.072,waypoint_1,-4.369,-12.645,-29.950
18.106,waypoint_1,-4.400,-12.764,-29.951
18.139,waypoint_1,-4.424,-12.858,-29.952
18.172,waypoint_1,-4.449,-12.953,-29.953
18.208,waypoint_1,-4.474,-13.048,-29.954
18.240,waypoint_1,-4.499,-13.143,-29.955
18.274,waypoint_1,-4.524,-13.238,-29.956
18.308,waypoint_1,-4.555,-13.356,-29.958
18.340,waypoint_1,-4.580,-13.451,-29.959
18.374,waypoint_1,-4.606,-13.546,-29.960
18.408,waypoint_1,-4.631,-13.641,-29.961
18.440,waypoint_1,-4.656,-13.736,-29.962
18.474,waypoint_1,-4.682,-13.832,-29.963
18.508,waypoint_1,-4.714,-13.951,-29.964
18.540,waypoint_1,-4.739,-14.046,-29.965
18.574,waypoint_1,-4.764,-14.141,-29.966
18.608,waypoint_1,-4.790,-14.237,-29.966
18.640,waypoint_1,-4.815,-14.332,-29.967
18.674,waypoint_1,-4.841,-14.427,-29.968
18.708,waypoint_1,-4.873,-14.547,-29.968
18.740,waypoint_1,-4.899,-14.642,-29.969
18.774,waypoint_1,-4.924,-14.738,-29.970
18.808,waypoint_1,-4.950,-14.833,-29.971
18.840,waypoint_1,-4.976,-14.929,-29.971
18.874,waypoint_1,-5.001,-15.024,-29.972
18.908,waypoint_1,-5.033,-15.143,-29.973
18.940,waypoint_1,-5.059,-15.238,-29.973
18.974,waypoint_1,-5.085,-15.334,-29.974
19.008,waypoint_1,-5.111,-15.429,-29.974
19.040,waypoint_1,-5.136,-15.525,-29.975
19.074,waypoint_1,-5.162,-15.620,-29.975
19.108,waypoint_1,-5.194,-15.739,-29.975
19.140,waypoint_1,-5.220,-15.835,-29.976
19.174,waypoint_1,-5.245,-15.931,-29.976
19.208,waypoint_1,-5.271,-16.026,-29.976
19.240,waypoint_1,-5.296,-16.122,-29.976
19.274,waypoint_1,-5.322,-16.217,-29.976
19.308,waypoint_1,-5.353,-16.336,-29.976
19.340,waypoint_1,-5.379,-16.432,-29.975
19.374,waypoint_1,-5.404,-16.527,-29.975
19.408,waypoint_1,-5.429,-16.622,-29.975
19.440,waypoint_1,-5.455,-16.717,-29.975
19.474,waypoint_1,-5.480,-16.813,-29.975
19.508,waypoint_1,-5.512,-16.932,-29.975
19.540,waypoint_1,-5.538,-17.027,-29.975
19.574,waypoint_1,-5.563,-17.123,-29.975
19.608,waypoint_1,-5.589,-17.218,-29.975
19.640,waypoint_1,-5.614,-17.313,-29.975
19.674,waypoint_1,-5.640,-17.409,-29.975
19.708,waypoint_1,-5.672,-17.528,-29.976
19.740,waypoint_1,-5.697,-17.623,-29.976
19.774,waypoint_1,-5.723,-17.718,-29.976
19.808,waypoint_1,-5.748,-17.814,-29.977
19.840,waypoint_1,-5.773,-17.909,-29.977
19.874,waypoint_1,-5.798,-18.004,-29.978
19.908,waypoint_1,-5.830,-18.124,-29.978
19.940,waypoint_1,-5.855,-18.219,-29.979
19.974,waypoint_1,-5.880,-18.314,-29.979
20.008,waypoint_1,-5.905,-18.410,-29.980
20.040,waypoint_1,-5.930,-18.505,-29.981
20.074,waypoint_1,-5.954,-18.601,-29.981
20.108,waypoint_1,-5.985,-18.720,-29.982
20.140,waypoint_1,-6.010,-18.815,-29.983
20.174,waypoint_1,-6.035,-18.910,-29.984
20.208,waypoint_1,-6.060,-19.005,-29.984
20.240,waypoint_1,-6.084,-19.101,-29.985
20.274,waypoint_1,-6.109,-19.196,-29.986
20.308,waypoint_1,-6.140,-19.315,-29.986
20.340,waypoint_1,-6.165,-19.410,-29.987
20.374,waypoint_1,-6.190,-19.505,-29.988
20.408,waypoint_1,-6.215,-19.600,-29.988
20.440,waypoint_1,-6.241,-19.695,-29.989
20.474,waypoint_1,-6.266,-19.790,-29.990
20.508,waypoint_1,-6.297,-19.909,-29.991
20.540,waypoint_1,-6.322,-20.004,-29.992
20.574,waypoint_1,-6.348,-20.099,-29.993
20.608,waypoint_1,-6.373,-20.194,-29.994
20.640,waypoint_1,-6.399,-20.289,-29.995
20.674,waypoint_1,-6.424,-20.384,-29.996
20.708,waypoint_1,-6.456,-20.503,-29.997
20.740,waypoint_1,-6.482,-20.598,-29.998
20.774,waypoint_1,-6.508,-20.693,-29.998
20.809,waypoint_1,-6.533,-20.788,-29.999
20.840,waypoint_1,-6.559,-20.883,-30.000
20.874,waypoint_1,-6.585,-20.978,-30.000
20.908,waypoint_1,-6.618,-21.097,-30.001
20.940,waypoint_1,-6.644,-21.192,-30.002
20.974,waypoint_1,-6.670,-21.287,-30.002
21.008,waypoint_1,-6.696,-21.382,-30.003
21.040,waypoint_1,-6.723,-21.477,-30.004
21.074,waypoint_1,-6.749,-21.572,-30.004
21.108,waypoint_1,-6.782,-21.691,-30.005
21.141,waypoint_1,-6.808,-21.786,-30.005
21.174,waypoint_1,-6.834,-21.881,-30.006
21.208,waypoint_1,-6.861,-21.976,-30.006
21.240,waypoint_1,-6.887,-22.070,-30.006
21.274,waypoint_1,-6.913,-22.165,-30.006
21.309,waypoint_1,-6.946,-22.283,-30.006
21.340,waypoint_1,-6.972,-22.378,-30.006
21.374,waypoint_1,-6.998,-22.472,-30.005
21.408,waypoint_1,-7.023,-22.567,-30.005
21.440,waypoint_1,-7.049,-22.661,-30.005
21.474,waypoint_1,-7.075,-22.755,-30.005
21.508,waypoint_1,-7.108,-22.873,-30.004
21.540,waypoint_1,-7.133,-22.967,-30.004
21.574,waypoint_1,-7.159,-23.061,-30.004
21.608,waypoint_1,-7.185,-23.155,-30.003
21.641,waypoint_1,-7.211,-23.249,-30.003
21.674,waypoint_1,-7.236,-23.343,-30.003
21.708,waypoint_1,-7.268,-23.460,-30.003
21.741,waypoint_1,-7.294,-23.554,-30.002
21.775,waypoint_1,-7.320,-23.648,-30.002
21.809,waypoint_1,-7.345,-23.741,-30.002
21.841,waypoint_1,-7.371,-23.834,-30.002
21.875,waypoint_1,-7.397,-23.928,-30.002
21.909,waypoint_1,-7.429,-24.044,-30.002
21.941,waypoint_1,-7.455,-24.138,-30.002
21.975,waypoint_1,-7.481,-24.231,-30.002
22.009,waypoint_1,-7.507,-24.324,-30.002
22.041,waypoint_1,-7.532,-24.417,-30.001
22.075,waypoint_1,-7.558,-24.511,-30.001
22.109,waypoint_1,-7.590,-24.627,-30.001
22.141,waypoint_1,-7.616,-24.720,-30.000
22.175,waypoint_1,-7.641,-24.813,-30.000
22.209,waypoint_1,-7.667,-24.906,-30.000
22.241,waypoint_1,-7.693,-25.000,-29.999
22.275,waypoint_1,-7.719,-25.093,-29.999
22.309,waypoint_1,-7.751,-25.209,-29.999
22.341,waypoint_1,-7.777,-25.302,-29.999
22.375,waypoint_1,-7.803,-25.395,-29.998
22.409,waypoint_1,-7.829,-25.488,-29.998
22.441,waypoint_1,-7.855,-25.582,-29.998
22.475,waypoint_1,-7.881,-25.675,-29.998
22.509,waypoint_1,-7.914,-25.791,-29.998
22.541,waypoint_1,-7.940,-25.884,-29.998
22.575,waypoint_1,-7.966,-25.977,-29.998
22.609,waypoint_1,-7.993,-26.070,-29.998
22.641,waypoint_1,-8.019,-26.163,-29.998
22.675,waypoint_1,-8.045,-26.256,-29.998
22.709,waypoint_1,-8.078,-26.373,-29.998
22.741,waypoint_1,-8.104,-26.466,-29.999
22.775,waypoint_1,-8.130,-26.559,-29.999
22.809,waypoint_1,-8.156,-26.653,-29.999
22.841,waypoint_1,-8.182,-26.746,-30.000
22.875,waypoint_1,-8.209,-26.840,-30.000
22.909,waypoint_1,-8.241,-26.957,-30.001
22.941,waypoint_1,-8.268,-27.050,-30.002
22.975,waypoint_1,-8.294,-27.144,-30.002
23.009,waypoint_1,-8.320,-27.238,-30.003
23.041,waypoint_1,-8.346,-27.331,-30.003
23.075,waypoint_1,-8.373,-27.425,-30.004
23.109,waypoint_1,-8.406,-27.541,-30.004
23.141,waypoint_1,-8.432,-27.635,-30.004
23.175,waypoint_1,-8.459,-27.728,-30.005
23.209,waypoint_1,-8.486,-27.820,-30.005
23.241,waypoint_1,-8.513,-27.913,-30.005
23.275,waypoint_1,-8.540,-28.006,-30.005
23.309,waypoint_1,-8.574,-28.122,-30.005
23.342,waypoint_1,-8.601,-28.214,-30.005
23.377,waypoint_1,-8.628,-28.306,-30.005
23.411,waypoint_1,-8.655,-28.399,-30.005
23.443,waypoint_1,-8.682,-28.491,-30.005
23.477,waypoint_1,-8.709,-28.583,-30.005
23.511,waypoint_1,-8.743,-28.698,-30.005
23.543,waypoint_1,-8.770,-28.790,-30.005
23.577,waypoint_1,-8.797,-28.882,-30.005
23.611,waypoint_1,-8.824,-28.974,-30.005
23.643,waypoint_1,-8.851,-29.066,-30.005
23.677,waypoint_1,-8.878,-29.158,-30.005
23.711,waypoint_1,-8.911,-29.273,-30.005
23.743,waypoint_1,-8.938,-29.365,-30.005
23.777,waypoint_1,-8.965,-29.457,-30.005
23.811,waypoint_1,-8.991,-29.549,-30.005
23.843,waypoint_1,-9.018,-29.641,-30.004
23.877,waypoint_1,-9.044,-29.733,-30.004
23.911,waypoint_1,-9.077,-29.847,-30.004
23.943,waypoint_1,-9.104,-29.939,-30.004
23.977,waypoint_1,-9.130,-30.031,-30.004
24.011,waypoint_1,-9.156,-30.122,-30.004
24.043,waypoint_1,-9.182,-30.214,-30.004
24.077,waypoint_1,-9.208,-30.305,-30.005
24.111,waypoint_1,-9.240,-30.420,-30.005
24.143,waypoint_1,-9.265,-30.511,-30.006
24.177,waypoint_1,-9.291,-30.603,-30.006
24.211,waypoint_1,-9.317,-30.694,-30.007
24.243,waypoint_1,-9.343,-30.786,-30.007
24.277,waypoint_1,-9.369,-30.878,-30.008
24.311,waypoint_1,-9.401,-30.993,-30.008
24.344,waypoint_1,-9.426,-31.085,-30.009
24.377,waypoint_1,-9.452,-31.177,-30.009
24.411,waypoint_1,-9.478,-31.269,-30.009
24.443,waypoint_1,-9.503,-31.362,-30.009
24.477,waypoint_1,-9.529,-31.454,-30.010
24.511,waypoint_1,-9.560,-31.570,-30.010
24.543,waypoint_1,-9.586,-31.662,-30.010
24.577,waypoint_1,-9.611,-31.754,-30.009
24.611,waypoint_1,-9.636,-31.847,-30.009
24.643,waypoint_1,-9.662,-31.939,-30.009
24.678,waypoint_1,-9.687,-32.032,-30.009
24.711,waypoint_1,-9.719,-32.147,-30.009
24.743,waypoint_1,-9.745,-32.239,-30.009
24.777,waypoint_1,-9.770,-32.331,-30.009
24.811,waypoint_1,-9.796,-32.423,-30.009
24.843,waypoint_1,-9.822,-32.514,-30.008
24.877,waypoint_1,-9.848,-32.606,-30.008
24.911,waypoint_1,-9.881,-32.720,-30.008
24.943,waypoint_1,-9.907,-32.811,-30.008
24.977,waypoint_1,-9.934,-32.902,-30.007
25.011,waypoint_1,-9.961,-32.993,-30.007
25.043,waypoint_1,-9.988,-33.084,-30.007
25.077,waypoint_1,-10.016,-33.174,-30.006
25.111,waypoint_1,-10.050,-33.287,-30.006
25.143,waypoint_1,-10.078,-33.377,-30.006
25.177,waypoint_1,-10.106,-33.468,-30.006
25.211,waypoint_1,-10.135,-33.558,-30.005
25.243,waypoint_1,-10.163,-33.648,-30.005
25.277,waypoint_1,-10.192,-33.738,-30.005
25.311,waypoint_1,-10.227,-33.851,-30.004
25.343,waypoint_1,-10.256,-33.941,-30.004
25.377,waypoint_1,-10.285,-34.031,-30.004
25.411,waypoint_1,-10.314,-34.122,-30.004
25.443,waypoint_1,-10.343,-34.212,-30.004
25.477,waypoint_1,-10.372,-34.302,-30.004
25.511,waypoint_1,-10.408,-34.415,-30.003
25.543,waypoint_1,-10.437,-34.506,-30.003
25.577,waypoint_1,-10.466,-34.596,-30.003
25.611,waypoint_1,-10.495,-34.686,-30.003
25.643,waypoint_1,-10.524,-34.777,-30.003
25.677,waypoint_1,-10.553,-34.867,-30.003
25.711,waypoint_1,-10.590,-34.981,-30.003
25.743,waypoint_1,-10.619,-35.071,-30.004
25.777,waypoint_1,-10.647,-35.162,-30.004
25.811,waypoint_1,-10.676,-35.253,-30.004
25.843,waypoint_1,-10.705,-35.344,-30.004
25.877,waypoint_1,-10.734,-35.436,-30.005
25.911,waypoint_1,-10.770,-35.550,-30.005
25.943,waypoint_1,-10.799,-35.641,-30.005
25.977,waypoint_1,-10.828,-35.733,-30.005
26.011,waypoint_1,-10.857,-35.824,-30.005
26.043,waypoint_1,-10.885,-35.916,-30.005
26.077,waypoint_1,-10.914,-36.008,-30.005
26.111,waypoint_1,-10.950,-36.122,-30.005
26.143,waypoint_1,-10.979,-36.214,-30.004
26.177,waypoint_1,-11.007,-36.306,-30.004
26.211,waypoint_1,-11.036,-36.398,-30.003
26.243,waypoint_1,-11.064,-36.490,-30.003
26.277,waypoint_1,-11.093,-36.582,-30.003
26.311,waypoint_1,-11.129,-36.697,-30.002
26.343,waypoint_1,-11.157,-36.790,-30.002
26.377,waypoint_1,-11.186,-36.882,-30.001
26.411,waypoint_1,-11.214,-36.974,-30.001
26.443,waypoint_1,-11.242,-37.067,-30.000
26.477,waypoint_1,-11.270,-37.159,-30.000
26.511,waypoint_1,-11.306,-37.275,-30.000
26.543,waypoint_1,-11.334,-37.367,-29.999
26.577,waypoint_1,-11.362,-37.460,-29.999
26.611,waypoint_1,-11.389,-37.552,-29.999
26.643,waypoint_1,-11.417,-37.644,-29.999
26.677,waypoint_1,-11.445,-37.737,-29.998
26.711,waypoint_1,-11.480,-37.852,-29.998
26.743,waypoint_1,-11.507,-37.944,-29.998
26.777,waypoint_1,-11.535,-38.037,-29.998
26.811,waypoint_1,-11.562,-38.129,-29.998
26.843,waypoint_1,-11.590,-38.221,-29.998
26.877,waypoint_1,-11.617,-38.313,-29.998
26.911,waypoint_1,-11.652,-38.428,-29.998
26.943,waypoint_1,-11.680,-38.519,-29.998
26.977,waypoint_1,-11.707,-38.611,-29.998
27.011,waypoint_1,-11.735,-38.703,-29.998
27.043,waypoint_1,-11.762,-38.794,-29.998
27.077,waypoint_1,-11.790,-38.886,-29.998
27.111,waypoint_1,-11.824,-39.001,-29.998
27.143,waypoint_1,-11.852,-39.092,-29.997
27.177,waypoint_1,-11.880,-39.184,-29.997
27.211,waypoint_1,-11.907,-39.275,-29.997
27.243,waypoint_1,-11.935,-39.367,-29.997
27.277,waypoint_1,-11.963,-39.459,-29.997
27.311,waypoint_1,-11.998,-39.573,-29.997
27.343,waypoint_1,-12.025,-39.665,-29.997
27.377,waypoint_1,-12.053,-39.756,-29.997
27.411,waypoint_1,-12.081,-39.848,-29.997
27.443,waypoint_1,-12.109,-39.939,-29.997
27.478,waypoint_1,-12.137,-40.031,-29.997
27.511,waypoint_1,-12.172,-40.145,-29.997
27.543,waypoint_1,-12.200,-40.237,-29.996
27.577,waypoint_1,-12.228,-40.328,-29.996
27.611,waypoint_1,-12.256,-40.420,-29.996
27.643,waypoint_1,-12.283,-40.512,-29.996
27.677,waypoint_1,-12.311,-40.604,-29.996
27.711,waypoint_1,-12.346,-40.719,-29.995
27.743,waypoint_1,-12.373,-40.811,-29.995
27.777,waypoint_1,-12.401,-40.903,-29.995
27.811,waypoint_1,-12.429,-40.996,-29.995
27.843,waypoint_1,-12.456,-41.088,-29.994
27.877,waypoint_1,-12.484,-41.180,-29.994
27.911,waypoint_1,-12.518,-41.296,-29.994
27.943,waypoint_1,-12.546,-41.388,-29.994
27.977,waypoint_1,-12.573,-41.481,-29.993
28.011,waypoint_1,-12.600,-41.574,-29.993
28.043,waypoint_1,-12.627,-41.666,-29.993
28.077,waypoint_1,-12.654,-41.759,-29.993
28.111,waypoint_1,-12.688,-41.875,-29.992
28.143,waypoint_1,-12.715,-41.967,-29.992
28.177,waypoint_1,-12.742,-42.060,-29.992
28.211,waypoint_1,-12.768,-42.153,-29.992
28.243,waypoint_1,-12.795,-42.246,-29.992
28.277,waypoint_1,-12.821,-42.339,-29.991
28.311,waypoint_1,-12.854,-42.455,-29.991
28.343,waypoint_1,-12.881,-42.547,-29.991
28.377,waypoint_1,-12.907,-42.640,-29.991
28.411,waypoint_1,-12.934,-42.733,-29.990
28.443,waypoint_1,-12.960,-42.826,-29.990
28.477,waypoint_1,-12.987,-42.919,-29.990
28.511,waypoint_1,-13.019,-43.035,-29.989
28.543,waypoint_1,-13.046,-43.128,-29.989
28.577,waypoint_1,-13.072,-43.221,-29.989
28.611,waypoint_1,-13.098,-43.314,-29.988
28.643,waypoint_1,-13.124,-43.407,-29.988
28.678,waypoint_1,-13.150,-43.500,-29.987
28.714,waypoint_1,-13.182,-43.616,-29.987
28.770,waypoint_1,-13.208,-43.709,-29.987
28.804,waypoint_1,-13.234,-43.803,-29.986
28.836,waypoint_1,-13.260,-43.896,-29.986
28.870,waypoint_1,-13.287,-43.989,-29.986
28.904,waypoint_1,-13.313,-44.082,-29.986
28.936,waypoint_1,-13.339,-44.176,-29.985
28.970,waypoint_1,-13.371,-44.292,-29.985
29.004,waypoint_1,-13.397,-44.386,-29.985
29.036,waypoint_1,-13.424,-44.479,-29.984
29.070,waypoint_1,-13.450,-44.572,-29.983
29.104,waypoint_1,-13.476,-44.665,-29.983
29.136,waypoint_1,-13.502,-44.758,-29.982
29.170,waypoint_1,-13.535,-44.875,-29.981
29.204,waypoint_1,-13.561,-44.968,-29.980
29.236,waypoint_1,-13.587,-45.062,-29.979
29.271,waypoint_1,-13.614,-45.155,-29.978
29.305,waypoint_1,-13.640,-45.249,-29.977
29.337,waypoint_1,-13.667,-45.342,-29.976
29.371,waypoint_1,-13.701,-45.459,-29.975
29.405,waypoint_1,-13.728,-45.552,-29.974
29.437,waypoint_1,-13.755,-45.646,-29.972
29.471,waypoint_1,-13.782,-45.739,-29.971
29.505,waypoint_1,-13.809,-45.832,-29.970
29.539,waypoint_1,-13.836,-45.925,-29.969
29.574,waypoint_1,-13.870,-46.041,-29.968
29.617,waypoint_1,-13.897,-46.134,-29.968
29.653,waypoint_1,-13.924,-46.227,-29.967
29.693,waypoint_1,-13.951,-46.320,-29.967
29.727,waypoint_1,-13.978,-46.412,-29.967
29.762,waypoint_1,-14.004,-46.505,-29.967
29.796,waypoint_1,-14.038,-46.620,-29.967
29.830,waypoint_1,-14.064,-46.712,-29.967
29.862,waypoint_1,-14.091,-46.805,-29.968
29.896,waypoint_1,-14.117,-46.897,-29.968
29.932,waypoint_1,-14.144,-46.989,-29.969
29.964,waypoint_1,-14.170,-47.081,-29.969
29.998,waypoint_1,-14.203,-47.197,-29.970
30.039,waypoint_1,-14.230,-47.289,-29.971
30.077,waypoint_1,-14.256,-47.382,-29.972
30.111,waypoint_1,-14.282,-47.474,-29.972
30.146,waypoint_1,-14.309,-47.566,-29.973
30.179,waypoint_1,-14.335,-47.658,-29.974
30.214,waypoint_1,-14.369,-47.774,-29.975
30.247,waypoint_1,-14.395,-47.866,-29.976
30.279,waypoint_1,-14.422,-47.958,-29.976
30.313,waypoint_1,-14.449,-48.050,-29.977
30.349,waypoint_1,-14.475,-48.143,-29.978
30.381,waypoint_1,-14.502,-48.235,-29.979
30.415,waypoint_1,-14.536,-48.350,-29.980
30.449,waypoint_1,-14.562,-48.442,-29.981
30.481,waypoint_1,-14.589,-48.534,-29.982
30.515,waypoint_1,-14.616,-48.626,-29.983
30.548,waypoint_1,-14.643,-48.718,-29.984
30.581,waypoint_1,-14.670,-48.810,-29.985
30.615,waypoint_1,-14.704,-48.925,-29.987
30.650,waypoint_1,-14.731,-49.016,-29.987
30.681,waypoint_1,-14.758,-49.108,-29.988
30.716,waypoint_1,-14.785,-49.200,-29.989
30.750,waypoint_1,-14.812,-49.292,-29.990
30.782,waypoint_1,-14.839,-49.384,-29.991
30.816,waypoint_1,-14.873,-49.499,-29.992
30.849,waypoint_1,-14.900,-49.591,-29.993
30.881,waypoint_1,-14.927,-49.683,-29.993
30.917,waypoint_1,-14.954,-49.775,-29.994
30.951,waypoint_1,-14.981,-49.868,-29.994
30.983,waypoint_1,-15.008,-49.960,-29.994
31.018,waypoint_1,-15.042,-50.076,-29.994
31.052,waypoint_1,-15.068,-50.168,-29.994
31.084,waypoint_1,-15.095,-50.261,-29.994
31.118,waypoint_1,-15.122,-50.353,-29.994
31.152,waypoint_1,-15.149,-50.446,-29.994
31.184,waypoint_1,-15.175,-50.538,-29.994
31.219,waypoint_1,-15.209,-50.653,-29.994
31.251,waypoint_1,-15.235,-50.746,-29.994
31.285,waypoint_1,-15.262,-50.838,-29.994
31.319,waypoint_1,-15.288,-50.930,-29.994
31.351,waypoint_1,-15.315,-51.023,-29.994
31.385,waypoint_1,-15.342,-51.115,-29.994
31.419,waypoint_1,-15.375,-51.231,-29.993
31.451,waypoint_1,-15.402,-51.323,-29.993
31.485,waypoint_1,-15.429,-51.416,-29.993
31.519,waypoint_1,-15.455,-51.508,-29.993
31.551,waypoint_1,-15.482,-51.600,-29.993
31.585,waypoint_1,-15.509,-51.692,-29.992
31.619,waypoint_1,-15.542,-51.808,-29.992
31.651,waypoint_1,-15.569,-51.900,-29.992
31.686,waypoint_1,-15.596,-51.992,-29.992
31.719,waypoint_1,-15.622,-52.084,-29.992
31.751,waypoint_1,-15.649,-52.176,-29.992
31.785,waypoint_1,-15.676,-52.268,-29.993
31.819,waypoint_1,-15.710,-52.383,-29.993
31.851,waypoint_1,-15.737,-52.475,-29.993
31.885,waypoint_1,-15.764,-52.567,-29.993
31.919,waypoint_1,-15.791,-52.658,-29.993
31.951,waypoint_1,-15.818,-52.750,-29.994
31.985,waypoint_1,-15.846,-52.842,-29.994
32.024,waypoint_1,-15.880,-52.957,-29.994
32.057,waypoint_1,-15.908,-53.049,-29.994
32.094,waypoint_1,-15.936,-53.141,-29.994
32.128,waypoint_1,-15.964,-53.232,-29.994
32.160,waypoint_1,-15.992,-53.324,-29.994
32.194,waypoint_1,-16.020,-53.416,-29.994
32.228,waypoint_1,-16.056,-53.531,-29.994
32.260,waypoint_1,-16.084,-53.623,-29.994
32.294,waypoint_1,-16.112,-53.715,-29.993
32.331,waypoint_1,-16.141,-53.807,-29.993
32.362,waypoint_1,-16.169,-53.899,-29.993
32.396,waypoint_1,-16.197,-53.992,-29.993
32.430,waypoint_1,-16.232,-54.107,-29.993
32.462,waypoint_1,-16.259,-54.199,-29.993
32.496,waypoint_1,-16.287,-54.291,-29.993
32.530,waypoint_1,-16.315,-54.383,-29.993
32.562,waypoint_1,-16.342,-54.475,-29.993
32.596,waypoint_1,-16.370,-54.567,-29.994
32.630,waypoint_1,-16.404,-54.682,-29.994
32.662,waypoint_1,-16.432,-54.775,-29.995
32.696,waypoint_1,-16.459,-54.867,-29.995
32.730,waypoint_1,-16.486,-54.959,-29.996
32.762,waypoint_1,-16.513,-55.051,-29.996
32.796,waypoint_1,-16.540,-55.143,-29.997
32.830,waypoint_1,-16.574,-55.258,-29.997
32.862,waypoint_1,-16.601,-55.350,-29.998
32.896,waypoint_1,-16.628,-55.442,-29.998
32.930,waypoint_1,-16.655,-55.534,-29.998
32.962,waypoint_1,-16.682,-55.625,-29.999
32.996,waypoint_1,-16.709,-55.717,-29.999
33.030,waypoint_1,-16.743,-55.832,-29.999
33.062,waypoint_1,-16.769,-55.923,-30.000
33.096,waypoint_1,-16.796,-56.015,-30.000
33.130,waypoint_1,-16.823,-56.107,-30.000
33.162,waypoint_1,-16.850,-56.198,-30.000
33.196,waypoint_1,-16.876,-56.290,-30.000
33.230,waypoint_1,-16.910,-56.404,-30.000
33.262,waypoint_1,-16.936,-56.496,-30.000
33.296,waypoint_1,-16.963,-56.587,-30.000
33.330,waypoint_1,-16.990,-56.679,-30.000
33.362,waypoint_1,-17.017,-56.770,-29.999
33.396,waypoint_1,-17.044,-56.861,-29.999
33.430,waypoint_1,-17.078,-56.975,-29.998
33.462,waypoint_1,-17.104,-57.067,-29.998
33.496,waypoint_1,-17.131,-57.158,-29.998
33.530,waypoint_1,-17.158,-57.249,-29.997
33.562,waypoint_1,-17.184,-57.340,-29.997
33.596,waypoint_1,-17.210,-57.431,-29.996
33.631,waypoint_1,-17.243,-57.545,-29.996
33.663,waypoint_1,-17.269,-57.636,-29.995
33.697,waypoint_1,-17.295,-57.727,-29.995
33.731,waypoint_1,-17.321,-57.817,-29.995
33.763,waypoint_1,-17.347,-57.908,-29.995
33.797,waypoint_1,-17.373,-57.999,-29.994
33.831,waypoint_1,-17.405,-58.113,-29.994
33.863,waypoint_1,-17.431,-58.204,-29.994
33.897,waypoint_1,-17.456,-58.294,-29.994
33.931,waypoint_1,-17.482,-58.385,-29.995
33.964,waypoint_1,-17.507,-58.476,-29.995
33.998,waypoint_1,-17.533,-58.567,-29.995
34.042,waypoint_1,-17.565,-58.681,-29.995
34.080,waypoint_1,-17.591,-58.772,-29.996
34.113,waypoint_1,-17.616,-58.863,-29.996
34.147,waypoint_1,-17.642,-58.954,-29.997
34.180,waypoint_1,-17.668,-59.046,-29.997
34.213,waypoint_1,-17.694,-59.137,-29.998
34.247,waypoint_1,-17.726,-59.252,-29.998
34.279,waypoint_1,-17.752,-59.343,-29.999
34.313,waypoint_1,-17.778,-59.435,-29.999
34.347,waypoint_1,-17.804,-59.526,-29.999
34.379,waypoint_1,-17.830,-59.618,-29.999
34.413,waypoint_1,-17.856,-59.710,-29.999
34.448,waypoint_1,-17.888,-59.824,-29.999
34.479,waypoint_1,-17.914,-59.916,-29.999
34.513,waypoint_1,-17.940,-60.008,-29.999
34.547,waypoint_1,-17.967,-60.099,-29.998
34.579,waypoint_1,-17.993,-60.191,-29.998
34.613,waypoint_1,-18.019,-60.283,-29.998
34.647,waypoint_1,-18.052,-60.397,-29.998
34.679,waypoint_1,-18.078,-60.489,-29.998
34.713,waypoint_1,-18.105,-60.580,-29.998
34.747,waypoint_1,-18.131,-60.672,-29.998
34.780,waypoint_1,-18.157,-60.764,-29.998
34.813,waypoint_1,-18.184,-60.855,-29.998
34.847,waypoint_1,-18.217,-60.970,-29.999
34.880,waypoint_1,-18.243,-61.061,-29.999
34.913,waypoint_1,-18.269,-61.153,-30.000
34.948,waypoint_1,-18.296,-61.245,-30.000
34.979,waypoint_1,-18.322,-61.336,-30.001
35.013,waypoint_1,-18.348,-61.428,-30.001
35.047,waypoint_1,-18.381,-61.543,-30.002
35.079,waypoint_1,-18.407,-61.635,-30.002
35.115,waypoint_1,-18.433,-61.727,-30.003
35.149,waypoint_1,-18.460,-61.819,-30.003
35.181,waypoint_1,-18.486,-61.912,-30.003
35.215,waypoint_1,-18.513,-62.004,-30.004
35.249,waypoint_1,-18.546,-62.119,-30.004
35.281,waypoint_1,-18.573,-62.212,-30.004
35.315,waypoint_1,-18.600,-62.304,-30.004
35.349,waypoint_1,-18.627,-62.397,-30.005
35.381,waypoint_1,-18.654,-62.489,-30.005
35.415,waypoint_1,-18.681,-62.581,-30.005
35.449,waypoint_1,-18.715,-62.697,-30.005
35.481,waypoint_1,-18.742,-62.789,-30.005
35.515,waypoint_1,-18.770,-62.881,-30.005
35.549,waypoint_1,-18.797,-62.973,-30.005
35.581,waypoint_1,-18.824,-63.066,-30.005
35.615,waypoint_1,-18.852,-63.158,-30.005
35.649,waypoint_1,-18.886,-63.273,-30.005
35.681,waypoint_1,-18.914,-63.366,-30.005
35.715,waypoint_1,-18.941,-63.458,-30.005
35.749,waypoint_1,-18.969,-63.550,-30.004
35.781,waypoint_1,-18.996,-63.642,-30.004
35.815,waypoint_1,-19.024,-63.733,-30.003
35.849,waypoint_1,-19.058,-63.848,-30.002
35.881,waypoint_1,-19.086,-63.940,-30.002
35.915,waypoint_1,-19.113,-64.032,-30.001
35.949,waypoint_1,-19.141,-64.123,-30.000
35.981,waypoint_1,-19.169,-64.215,-30.000
36.015,waypoint_1,-19.196,-64.306,-29.999
36.049,waypoint_1,-19.231,-64.421,-29.998
36.081,waypoint_1,-19.258,-64.512,-29.997
36.115,waypoint_1,-19.285,-64.603,-29.997
36.149,waypoint_1,-19.312,-64.695,-29.996
36.181,waypoint_1,-19.340,-64.786,-29.996
36.215,waypoint_1,-19.367,-64.877,-29.996
36.249,waypoint_1,-19.401,-64.990,-29.995
36.281,waypoint_1,-19.428,-65.081,-29.995
36.315,waypoint_1,-19.455,-65.172,-29.995
36.349,waypoint_1,-19.482,-65.263,-29.995
36.381,waypoint_1,-19.508,-65.354,-29.995
36.415,waypoint_1,-19.535,-65.445,-29.995
36.449,waypoint_1,-19.569,-65.558,-29.995
36.481,waypoint_1,-19.595,-65.649,-29.995
36.515,waypoint_1,-19.622,-65.740,-29.995
36.549,waypoint_1,-19.649,-65.831,-29.996
36.581,waypoint_1,-19.676,-65.922,-29.996
36.615,waypoint_1,-19.702,-66.013,-29.996
36.649,waypoint_1,-19.735,-66.127,-29.996
36.681,waypoint_1,-19.762,-66.218,-29.997
36.715,waypoint_1,-19.789,-66.309,-29.997
36.749,waypoint_1,-19.815,-66.400,-29.997
36.781,waypoint_1,-19.842,-66.491,-29.997
36.815,waypoint_1,-19.868,-66.582,-29.997
36.849,waypoint_1,-19.902,-66.696,-29.997
36.881,waypoint_1,-19.928,-66.786,-29.997
36.915,waypoint_1,-19.955,-66.877,-29.996
36.949,waypoint_1,-19.982,-66.968,-29.996
36.981,waypoint_1,-20.008,-67.058,-29.996
37.016,waypoint_1,-20.035,-67.149,-29.996
37.050,waypoint_1,-20.068,-67.263,-29.995
37.082,waypoint_1,-20.095,-67.354,-29.995
37.116,waypoint_1,-20.122,-67.445,-29.995
37.150,waypoint_1,-20.149,-67.536,-29.995
37.183,waypoint_1,-20.176,-67.627,-29.995
37.217,waypoint_1,-20.202,-67.718,-29.994
37.251,waypoint_1,-20.235,-67.832,-29.994
37.283,waypoint_1,-20.262,-67.923,-29.994
37.317,waypoint_1,-20.289,-68.015,-29.994
37.351,waypoint_1,-20.315,-68.106,-29.994
37.383,waypoint_1,-20.342,-68.197,-29.994
37.417,waypoint_1,-20.368,-68.289,-29.994
37.451,waypoint_1,-20.401,-68.403,-29.994
37.483,waypoint_1,-20.427,-68.494,-29.994
37.517,waypoint_1,-20.453,-68.586,-29.994
37.551,waypoint_1,-20.479,-68.677,-29.994
37.583,waypoint_1,-20.505,-68.769,-29.994
37.617,waypoint_1,-20.531,-68.860,-29.994
37.651,waypoint_1,-20.563,-68.975,-29.995
37.683,waypoint_1,-20.589,-69.067,-29.995
37.717,waypoint_1,-20.616,-69.158,-29.995
37.751,waypoint_1,-20.642,-69.250,-29.995
37.783,waypoint_1,-20.668,-69.342,-29.995
37.817,waypoint_1,-20.695,-69.434,-29.995
37.851,waypoint_1,-20.728,-69.548,-29.996
37.883,waypoint_1,-20.755,-69.640,-29.996
37.917,waypoint_1,-20.781,-69.732,-29.996
37.951,waypoint_1,-20.808,-69.824,-29.996
37.983,waypoint_1,-20.835,-69.916,-29.996
38.017,waypoint_1,-20.862,-70.007,-29.997
38.051,waypoint_1,-20.896,-70.122,-29.997
38.083,waypoint_1,-20.923,-70.214,-29.997
38.117,waypoint_1,-20.949,-70.306,-29.996
38.151,waypoint_1,-20.976,-70.397,-29.996
38.183,waypoint_1,-21.003,-70.489,-29.996
38.217,waypoint_1,-21.030,-70.581,-29.996
38.251,waypoint_1,-21.064,-70.696,-29.995
38.283,waypoint_1,-21.091,-70.788,-29.995
38.317,waypoint_1,-21.118,-70.880,-29.994
38.351,waypoint_1,-21.145,-70.972,-29.994
38.383,waypoint_1,-21.172,-71.064,-29.993
38.417,waypoint_1,-21.199,-71.156,-29.992
38.451,waypoint_1,-21.232,-71.272,-29.992
38.483,waypoint_1,-21.259,-71.364,-29.991
38.517,waypoint_1,-21.286,-71.457,-29.990
38.551,waypoint_1,-21.313,-71.549,-29.990
38.583,waypoint_1,-21.340,-71.642,-29.989
38.617,waypoint_1,-21.367,-71.734,-29.988
38.651,waypoint_1,-21.401,-71.850,-29.987
38.683,waypoint_1,-21.429,-71.942,-29.987
38.717,waypoint_1,-21.456,-72.035,-29.986
38.751,waypoint_1,-21.483,-72.127,-29.986
38.783,waypoint_1,-21.510,-72.220,-29.986
38.817,waypoint_1,-21.537,-72.312,-29.985
38.851,waypoint_1,-21.571,-72.428,-29.985
38.883,waypoint_1,-21.598,-72.520,-29.985
38.917,waypoint_1,-21.625,-72.613,-29.985
38.951,waypoint_1,-21.652,-72.705,-29.984
38.983,waypoint_1,-21.679,-72.797,-29.984
39.017,waypoint_1,-21.706,-72.889,-29.985
39.051,waypoint_1,-21.739,-73.004,-29.985
39.083,waypoint_1,-21.766,-73.096,-29.985
39.117,waypoint_1,-21.792,-73.188,-29.986
39.151,waypoint_1,-21.819,-73.280,-29.986
39.183,waypoint_1,-21.845,-73.372,-29.987
39.217,waypoint_1,-21.872,-73.463,-29.988
39.251,waypoint_1,-21.905,-73.578,-29.988
39.283,waypoint_1,-21.931,-73.669,-29.989
39.317,waypoint_1,-21.958,-73.760,-29.990
39.351,waypoint_1,-21.984,-73.852,-29.991
39.383,waypoint_1,-22.011,-73.943,-29.991
39.417,waypoint_1,-22.037,-74.034,-29.992
39.451,waypoint_1,-22.070,-74.148,-29.993
39.483,waypoint_1,-22.097,-74.239,-29.993
39.517,waypoint_1,-22.123,-74.330,-29.994
39.551,waypoint_1,-22.150,-74.421,-29.994
39.583,waypoint_1,-22.176,-74.512,-29.995
39.617,waypoint_1,-22.202,-74.603,-29.995
39.651,waypoint_1,-22.235,-74.717,-29.996
39.683,waypoint_1,-22.261,-74.808,-29.996
39.718,waypoint_1,-22.286,-74.899,-29.996
39.752,waypoint_1,-22.312,-74.990,-29.997
39.784,waypoint_2,-22.338,-75.080,-29.997
39.818,waypoint_2,-22.363,-75.171,-29.997
39.852,waypoint_2,-22.395,-75.285,-29.999
39.884,waypoint_2,-22.421,-75.376,-30.002
39.918,waypoint_2,-22.446,-75.467,-30.006
39.952,waypoint_2,-22.470,-75.558,-30.012
39.984,waypoint_2,-22.493,-75.648,-30.019
40.019,waypoint_2,-22.514,-75.738,-30.026
40.053,waypoint_2,-22.537,-75.850,-30.034
40.085,waypoint_2,-22.552,-75.939,-30.041
40.119,waypoint_2,-22.565,-76.028,-30.047
40.153,waypoint_2,-22.574,-76.116,-30.052
40.185,waypoint_2,-22.580,-76.203,-30.056
40.219,waypoint_2,-22.582,-76.290,-30.059
40.253,waypoint_2,-22.580,-76.398,-30.061
40.285,waypoint_2,-22.573,-76.483,-30.062
40.319,waypoint_2,-22.563,-76.568,-30.062
40.353,waypoint_2,-22.550,-76.653,-30.061
40.385,waypoint_2,-22.532,-76.737,-30.060
40.419,waypoint_2,-22.512,-76.820,-30.058
40.453,waypoint_2,-22.481,-76.924,-30.055
40.485,waypoint_2,-22.453,-77.007,-30.052
40.519,waypoint_2,-22.422,-77.089,-30.049
40.553,waypoint_2,-22.388,-77.172,-30.045
40.585,waypoint_2,-22.351,-77.254,-30.042
40.619,waypoint_2,-22.312,-77.336,-30.038
40.653,waypoint_2,-22.261,-77.438,-30.034
40.685,waypoint_2,-22.217,-77.520,-30.030
40.719,waypoint_2,-22.172,-77.601,-30.027
40.753,waypoint_2,-22.125,-77.683,-30.024
40.785,waypoint_2,-22.077,-77.765,-30.020
40.819,waypoint_2,-22.027,-77.846,-30.017
40.853,waypoint_2,-21.963,-77.949,-30.014
40.885,waypoint_2,-21.911,-78.030,-30.011
40.919,waypoint_2,-21.858,-78.112,-30.008
40.953,waypoint_2,-21.804,-78.195,-30.006
40.985,waypoint_2,-21.750,-78.277,-30.004
41.019,waypoint_2,-21.695,-78.359,-30.002
41.053,waypoint_2,-21.626,-78.462,-30.000
41.085,waypoint_2,-21.570,-78.545,-29.999
41.119,waypoint_2,-21.513,-78.627,-29.998
41.153,waypoint_2,-21.457,-78.710,-29.997
41.185,waypoint_2,-21.400,-78.792,-29.996
41.219,waypoint_2,-21.343,-78.875,-29.996
41.253,waypoint_2,-21.272,-78.978,-29.995
41.285,waypoint_2,-21.215,-79.060,-29.995
41.319,waypoint_2,-21.159,-79.143,-29.994
41.353,waypoint_2,-21.102,-79.225,-29.994
41.385,waypoint_2,-21.045,-79.307,-29.993
41.419,waypoint_2,-20.988,-79.390,-29.993
41.453,waypoint_2,-20.917,-79.493,-29.993
41.485,waypoint_2,-20.860,-79.575,-29.992
41.519,waypoint_2,-20.803,-79.657,-29.992
41.553,waypoint_2,-20.746,-79.739,-29.992
41.585,waypoint_2,-20.690,-79.821,-29.992
41.619,waypoint_2,-20.633,-79.903,-29.992
41.653,waypoint_2,-20.563,-80.005,-29.992
41.685,waypoint_2,-20.506,-80.086,-29.992
41.719,waypoint_2,-20.450,-80.168,-29.992
41.753,waypoint_2,-20.393,-80.249,-29.992
41.785,waypoint_2,-20.337,-80.330,-29.992
41.819,waypoint_2,-20.281,-80.411,-29.992
41.853,waypoint_2,-20.210,-80.512,-29.992
41.885,waypoint_2,-20.154,-80.592,-29.992
41.919,waypoint_2,-20.098,-80.673,-29.992
41.953,waypoint_2,-20.041,-80.753,-29.992
41.985,waypoint_2,-19.985,-80.833,-29.992
42.019,waypoint_2,-19.928,-80.913,-29.992
42.053,waypoint_2,-19.857,-81.012,-29.991
42.085,waypoint_2,-19.801,-81.092,-29.991
42.119,waypoint_2,-19.744,-81.172,-29.991
42.153,waypoint_2,-19.687,-81.251,-29.990
42.201,waypoint_2,-19.630,-81.331,-29.990
42.235,waypoint_2,-19.558,-81.430,-29.989
42.267,waypoint_2,-19.501,-81.509,-29.988
42.301,waypoint_2,-19.444,-81.588,-29.988
42.335,waypoint_2,-19.387,-81.667,-29.988
42.367,waypoint_2,-19.329,-81.745,-29.987
42.401,waypoint_2,-19.272,-81.824,-29.987
42.435,waypoint_2,-19.200,-81.922,-29.987
42.467,waypoint_2,-19.143,-82.001,-29.987
42.501,waypoint_2,-19.085,-82.079,-29.987
42.535,waypoint_2,-19.028,-82.158,-29.987
42.567,waypoint_2,-18.970,-82.236,-29.988
42.601,waypoint_2,-18.913,-82.314,-29.988
42.635,waypoint_2,-18.841,-82.412,-29.988
42.667,waypoint_2,-18.784,-82.490,-29.989
42.701,waypoint_2,-18.726,-82.568,-29.989
42.735,waypoint_2,-18.669,-82.646,-29.989
42.768,waypoint_2,-18.611,-82.723,-29.990
42.801,waypoint_2,-18.553,-82.801,-29.990
42.846,waypoint_2,-18.496,-82.879,-29.990
42.880,waypoint_2,-18.423,-82.976,-29.991
42.912,waypoint_2,-18.366,-83.054,-29.991
42.946,waypoint_2,-18.308,-83.132,-29.991
42.982,waypoint_2,-18.250,-83.210,-29.991
43.014,waypoint_2,-18.193,-83.288,-29.991
43.048,waypoint_2,-18.135,-83.366,-29.991
43.082,waypoint_2,-18.063,-83.463,-29.992
43.114,waypoint_2,-18.005,-83.541,-29.992
43.148,waypoint_2,-17.947,-83.618,-29.992
43.182,waypoint_2,-17.889,-83.696,-29.992
43.214,waypoint_2,-17.831,-83.773,-29.991
43.248,waypoint_2,-17.773,-83.851,-29.991
43.282,waypoint_2,-17.701,-83.947,-29.991
43.314,waypoint_2,-17.644,-84.025,-29.991
43.348,waypoint_2,-17.586,-84.102,-29.990
43.382,waypoint_2,-17.528,-84.179,-29.990
43.414,waypoint_2,-17.470,-84.255,-29.990
43.448,waypoint_2,-17.412,-84.332,-29.990
43.482,waypoint_2,-17.340,-84.428,-29.990
43.514,waypoint_2,-17.282,-84.504,-29.990
43.548,waypoint_2,-17.223,-84.580,-29.990
43.582,waypoint_2,-17.165,-84.656,-29.990
43.614,waypoint_2,-17.107,-84.732,-29.991
43.648,waypoint_2,-17.049,-84.808,-29.991
43.682,waypoint_2,-16.976,-84.903,-29.991
43.714,waypoint_2,-16.918,-84.979,-29.991
43.748,waypoint_2,-16.859,-85.055,-29.990
43.782,waypoint_2,-16.800,-85.131,-29.990
43.814,waypoint_2,-16.742,-85.207,-29.990
43.848,waypoint_2,-16.683,-85.282,-29.990
43.882,waypoint_2,-16.609,-85.377,-29.989
43.914,waypoint_2,-16.550,-85.452,-29.989
43.948,waypoint_2,-16.491,-85.528,-29.988
43.982,waypoint_2,-16.432,-85.603,-29.988
44.014,waypoint_2,-16.373,-85.679,-29.988
44.048,waypoint_2,-16.314,-85.754,-29.987
44.082,waypoint_2,-16.239,-85.848,-29.987
44.114,waypoint_2,-16.180,-85.923,-29.987
44.148,waypoint_2,-16.121,-85.998,-29.986
44.182,waypoint_2,-16.061,-86.074,-29.986
44.214,waypoint_2,-16.001,-86.149,-29.986
44.248,waypoint_2,-15.942,-86.225,-29.985
44.282,waypoint_2,-15.867,-86.319,-29.985
44.314,waypoint_2,-15.807,-86.395,-29.985
44.348,waypoint_2,-15.748,-86.470,-29.985
44.382,waypoint_2,-15.688,-86.546,-29.984
44.414,waypoint_2,-15.628,-86.621,-29.984
44.448,waypoint_2,-15.568,-86.697,-29.984
44.482,waypoint_2,-15.494,-86.792,-29.983
44.514,waypoint_2,-15.434,-86.868,-29.983
44.548,waypoint_2,-15.374,-86.944,-29.983
44.582,waypoint_2,-15.314,-87.021,-29.982
44.614,waypoint_2,-15.254,-87.097,-29.982
44.648,waypoint_2,-15.194,-87.173,-29.982
44.682,waypoint_2,-15.120,-87.269,-29.982
44.714,waypoint_2,-15.060,-87.345,-29.981
44.748,waypoint_2,-15.000,-87.422,-29.981
44.782,waypoint_2,-14.940,-87.498,-29.981
44.814,waypoint_2,-14.879,-87.574,-29.981
44.848,waypoint_2,-14.819,-87.651,-29.980
44.882,waypoint_2,-14.744,-87.746,-29.980
44.914,waypoint_2,-14.683,-87.823,-29.980
44.948,waypoint_2,-14.623,-87.899,-29.980
44.982,waypoint_2,-14.563,-87.975,-29.980
45.014,waypoint_2,-14.503,-88.051,-29.979
45.048,waypoint_2,-14.442,-88.128,-29.979
45.082,waypoint_2,-14.367,-88.223,-29.978
45.114,waypoint_2,-14.307,-88.299,-29.978
45.148,waypoint_2,-14.246,-88.375,-29.977
45.182,waypoint_2,-14.186,-88.451,-29.977
45.214,waypoint_2,-14.125,-88.527,-29.976
45.248,waypoint_2,-14.065,-88.603,-29.975
45.282,waypoint_2,-13.989,-88.698,-29.975
45.314,waypoint_2,-13.929,-88.774,-29.974
45.348,waypoint_2,-13.868,-88.850,-29.974
45.382,waypoint_2,-13.808,-88.926,-29.974
45.414,waypoint_2,-13.747,-89.001,-29.973
45.448,waypoint_2,-13.687,-89.077,-29.973
45.482,waypoint_2,-13.611,-89.171,-29.973
45.514,waypoint_2,-13.550,-89.247,-29.973
45.550,waypoint_2,-13.490,-89.322,-29.974
45.584,waypoint_2,-13.429,-89.397,-29.974
45.616,waypoint_2,-13.368,-89.472,-29.974
45.650,waypoint_2,-13.308,-89.547,-29.974
45.684,waypoint_2,-13.233,-89.641,-29.975
45.716,waypoint_2,-13.173,-89.716,-29.975
45.750,waypoint_2,-13.112,-89.791,-29.976
45.784,waypoint_2,-13.053,-89.866,-29.976
45.816,waypoint_2,-12.993,-89.941,-29.977
45.850,waypoint_2,-12.933,-90.016,-29.977
45.884,waypoint_2,-12.858,-90.109,-29.978
45.916,waypoint_2,-12.799,-90.184,-29.979
45.950,waypoint_2,-12.739,-90.259,-29.979
45.984,waypoint_2,-12.679,-90.333,-29.979
46.016,waypoint_2,-12.620,-90.408,-29.980
46.050,waypoint_2,-12.561,-90.482,-29.980
46.084,waypoint_2,-12.487,-90.576,-29.980
46.116,waypoint_2,-12.427,-90.650,-29.980
46.150,waypoint_2,-12.368,-90.724,-29.980
46.184,waypoint_2,-12.309,-90.799,-29.980
46.216,waypoint_2,-12.250,-90.873,-29.980
46.250,waypoint_2,-12.191,-90.948,-29.980
46.284,waypoint_2,-12.118,-91.041,-29.980
46.316,waypoint_2,-12.059,-91.116,-29.980
46.349,waypoint_2,-12.000,-91.191,-29.980
46.384,waypoint_2,-11.942,-91.266,-29.980
46.416,waypoint_2,-11.883,-91.340,-29.980
46.449,waypoint_2,-11.824,-91.415,-29.980
46.484,waypoint_2,-11.751,-91.509,-29.980
46.516,waypoint_2,-11.692,-91.584,-29.980
46.550,waypoint_2,-11.634,-91.659,-29.980
46.584,waypoint_2,-11.575,-91.735,-29.980
46.616,waypoint_2,-11.516,-91.810,-29.979
46.650,waypoint_2,-11.457,-91.885,-29.979
46.684,waypoint_2,-11.384,-91.979,-29.979
46.716,waypoint_2,-11.325,-92.054,-29.978
46.750,waypoint_2,-11.266,-92.129,-29.978
46.784,waypoint_2,-11.207,-92.205,-29.978
46.816,waypoint_2,-11.148,-92.280,-29.977
46.850,waypoint_2,-11.089,-92.355,-29.977
46.884,waypoint_2,-11.016,-92.449,-29.976
46.916,waypoint_2,-10.957,-92.525,-29.976
46.950,waypoint_2,-10.898,-92.600,-29.975
46.984,waypoint_2,-10.839,-92.675,-29.975
47.016,waypoint_2,-10.780,-92.751,-29.975
47.050,waypoint_2,-10.721,-92.826,-29.975
47.084,waypoint_2,-10.647,-92.920,-29.974
47.116,waypoint_2,-10.588,-92.995,-29.974
47.150,waypoint_2,-10.529,-93.071,-29.973
47.184,waypoint_2,-10.470,-93.146,-29.973
47.216,waypoint_2,-10.410,-93.221,-29.973
47.250,waypoint_2,-10.351,-93.297,-29.972
47.284,waypoint_2,-10.277,-93.391,-29.972
47.316,waypoint_2,-10.218,-93.467,-29.971
47.350,waypoint_2,-10.159,-93.542,-29.971
47.384,waypoint_2,-10.100,-93.618,-29.970
47.416,waypoint_2,-10.041,-93.694,-29.970
47.450,waypoint_2,-9.982,-93.770,-29.969
47.484,waypoint_2,-9.908,-93.865,-29.968
47.516,waypoint_2,-9.848,-93.941,-29.968
47.550,waypoint_2,-9.789,-94.017,-29.968
47.584,waypoint_2,-9.730,-94.094,-29.967
47.616,waypoint_2,-9.671,-94.170,-29.967
47.650,waypoint_2,-9.612,-94.247,-29.966
47.684,waypoint_2,-9.538,-94.342,-29.966
47.716,waypoint_2,-9.479,-94.419,-29.966
47.750,waypoint_2,-9.420,-94.495,-29.966
47.784,waypoint_2,-9.361,-94.572,-29.966
47.816,waypoint_2,-9.302,-94.648,-29.966
47.850,waypoint_2,-9.243,-94.725,-29.966
47.884,waypoint_2,-9.169,-94.821,-29.966
47.916,waypoint_2,-9.110,-94.898,-29.966
47.950,waypoint_2,-9.052,-94.975,-29.966
47.984,waypoint_2,-8.993,-95.051,-29.966
48.016,waypoint_2,-8.934,-95.128,-29.966
48.050,waypoint_2,-8.875,-95.205,-29.966
48.084,waypoint_2,-8.802,-95.301,-29.966
48.116,waypoint_2,-8.743,-95.378,-29.966
48.150,waypoint_2,-8.685,-95.455,-29.966
48.184,waypoint_2,-8.627,-95.533,-29.966
48.216,waypoint_2,-8.568,-95.610,-29.966
48.250,waypoint_2,-8.510,-95.687,-29.966
48.284,waypoint_2,-8.437,-95.783,-29.966
48.316,waypoint_2,-8.379,-95.861,-29.966
48.350,waypoint_2,-8.321,-95.938,-29.967
48.384,waypoint_2,-8.262,-96.015,-29.967
48.416,waypoint_2,-8.204,-96.092,-29.967
48.450,waypoint_2,-8.146,-96.169,-29.968
48.484,waypoint_2,-8.074,-96.265,-29.969
48.516,waypoint_2,-8.016,-96.342,-29.969
48.551,waypoint_2,-7.957,-96.419,-29.970
48.585,waypoint_2,-7.899,-96.496,-29.971
48.617,waypoint_2,-7.841,-96.573,-29.971
48.651,waypoint_2,-7.783,-96.650,-29.972
48.685,waypoint_2,-7.710,-96.746,-29.973
48.717,waypoint_2,-7.652,-96.822,-29.974
48.751,waypoint_2,-7.594,-96.899,-29.974
48.785,waypoint_2,-7.536,-96.976,-29.975
48.817,waypoint_2,-7.477,-97.052,-29.975
48.851,waypoint_2,-7.419,-97.129,-29.975
48.885,waypoint_2,-7.346,-97.225,-29.976
48.917,waypoint_2,-7.288,-97.302,-29.976
48.951,waypoint_2,-7.230,-97.378,-29.977
48.985,waypoint_2,-7.172,-97.455,-29.977
49.017,waypoint_2,-7.114,-97.532,-29.977
49.051,waypoint_2,-7.055,-97.608,-29.978
49.085,waypoint_2,-6.983,-97.704,-29.978
49.117,waypoint_2,-6.924,-97.781,-29.978
49.151,waypoint_2,-6.866,-97.858,-29.978
49.185,waypoint_2,-6.808,-97.934,-29.978
49.217,waypoint_2,-6.750,-98.011,-29.979
49.251,waypoint_2,-6.692,-98.088,-29.979
49.285,waypoint_2,-6.619,-98.184,-29.979
49.317,waypoint_2,-6.561,-98.261,-29.979
49.351,waypoint_2,-6.503,-98.338,-29.979
49.385,waypoint_2,-6.445,-98.416,-29.979
49.417,waypoint_2,-6.387,-98.493,-29.979
49.451,waypoint_2,-6.329,-98.570,-29.979
49.486,waypoint_2,-6.257,-98.666,-29.979
49.518,waypoint_2,-6.199,-98.744,-29.978
49.552,waypoint_2,-6.141,-98.821,-29.978
49.586,waypoint_2,-6.083,-98.898,-29.978
49.618,waypoint_2,-6.025,-98.975,-29.977
49.652,waypoint_2,-5.967,-99.052,-29.976
49.686,waypoint_2,-5.895,-99.149,-29.975
49.718,waypoint_2,-5.837,-99.226,-29.974
49.752,waypoint_2,-5.779,-99.303,-29.973
49.786,waypoint_2,-5.721,-99.380,-29.972
49.818,waypoint_2,-5.663,-99.457,-29.971
49.852,waypoint_2,-5.605,-99.534,-29.970
49.886,waypoint_2,-5.532,-99.631,-29.969
49.918,waypoint_2,-5.474,-99.708,-29.968
49.952,waypoint_2,-5.416,-99.785,-29.967
49.986,waypoint_2,-5.358,-99.863,-29.966
50.018,waypoint_2,-5.301,-99.940,-29.966
50.052,waypoint_2,-5.243,-100.017,-29.965
50.086,waypoint_2,-5.170,-100.114,-29.964
50.118,waypoint_2,-5.112,-100.191,-29.963
50.152,waypoint_2,-5.054,-100.269,-29.962
50.186,waypoint_2,-4.996,-100.346,-29.962
50.218,waypoint_2,-4.938,-100.423,-29.961
50.252,waypoint_2,-4.880,-100.500,-29.960
50.286,waypoint_2,-4.807,-100.596,-29.959
50.318,waypoint_2,-4.749,-100.673,-29.959
50.352,waypoint_2,-4.691,-100.750,-29.958
50.386,waypoint_2,-4.633,-100.826,-29.958
50.418,waypoint_2,-4.576,-100.903,-29.957
50.452,waypoint_2,-4.518,-100.980,-29.957
50.486,waypoint_2,-4.446,-101.076,-29.957
50.518,waypoint_2,-4.388,-101.153,-29.957
50.552,waypoint_2,-4.331,-101.229,-29.957
50.586,waypoint_2,-4.273,-101.306,-29.958
50.619,waypoint_2,-4.216,-101.383,-29.958
50.654,waypoint_2,-4.158,-101.460,-29.958
50.689,waypoint_2,-4.087,-101.556,-29.959
50.721,waypoint_2,-4.029,-101.633,-29.959
50.756,waypoint_2,-3.972,-101.709,-29.959
50.790,waypoint_2,-3.915,-101.786,-29.959
50.822,waypoint_2,-3.858,-101.863,-29.960
50.856,waypoint_2,-3.801,-101.940,-29.960
50.890,waypoint_2,-3.730,-102.036,-29.960
50.922,waypoint_2,-3.672,-102.113,-29.960
50.956,waypoint_2,-3.615,-102.190,-29.960
50.990,waypoint_2,-3.558,-102.267,-29.960
51.022,waypoint_2,-3.502,-102.344,-29.960
51.056,waypoint_2,-3.445,-102.421,-29.960
51.090,waypoint_2,-3.374,-102.517,-29.959
51.122,waypoint_2,-3.317,-102.594,-29.959
51.156,waypoint_2,-3.260,-102.671,-29.959
51.190,waypoint_2,-3.204,-102.748,-29.958
51.222,waypoint_2,-3.147,-102.825,-29.958
51.256,waypoint_2,-3.091,-102.902,-29.958
51.290,waypoint_2,-3.020,-102.998,-29.958
51.322,waypoint_2,-2.964,-103.075,-29.957
51.356,waypoint_2,-2.907,-103.153,-29.957
51.390,waypoint_2,-2.851,-103.230,-29.957
51.422,waypoint_2,-2.795,-103.307,-29.957
51.456,waypoint_2,-2.738,-103.385,-29.957
51.490,waypoint_2,-2.668,-103.482,-29.957
51.522,waypoint_2,-2.611,-103.560,-29.957
51.556,waypoint_2,-2.555,-103.637,-29.957
51.590,waypoint_2,-2.499,-103.715,-29.957
51.622,waypoint_2,-2.442,-103.793,-29.957
51.656,waypoint_2,-2.386,-103.871,-29.957
51.690,waypoint_2,-2.315,-103.969,-29.957
51.722,waypoint_2,-2.259,-104.047,-29.956
51.756,waypoint_2,-2.202,-104.126,-29.956
51.790,waypoint_2,-2.146,-104.204,-29.956
51.822,waypoint_2,-2.089,-104.283,-29.956
51.856,waypoint_2,-2.033,-104.361,-29.955
51.890,waypoint_2,-1.962,-104.459,-29.955
51.922,waypoint_2,-1.906,-104.538,-29.955
51.956,waypoint_2,-1.849,-104.616,-29.955
51.990,waypoint_2,-1.792,-104.695,-29.955
52.022,waypoint_2,-1.735,-104.773,-29.955
52.056,waypoint_2,-1.678,-104.852,-29.956
52.090,waypoint_2,-1.607,-104.950,-29.956
52.122,waypoint_2,-1.550,-105.028,-29.957
52.156,waypoint_2,-1.494,-105.107,-29.957
52.190,waypoint_2,-1.437,-105.185,-29.957
52.222,waypoint_2,-1.380,-105.263,-29.958
52.257,waypoint_2,-1.323,-105.342,-29.958
52.292,waypoint_2,-1.252,-105.440,-29.959
52.323,waypoint_2,-1.195,-105.518,-29.959
52.357,waypoint_2,-1.138,-105.596,-29.960
52.391,waypoint_2,-1.082,-105.674,-29.960
52.423,waypoint_2,-1.025,-105.752,-29.961
52.457,waypoint_2,-0.968,-105.831,-29.961
52.491,waypoint_2,-0.897,-105.928,-29.961
52.523,waypoint_2,-0.840,-106.007,-29.962
52.557,waypoint_2,-0.784,-106.085,-29.962
52.591,waypoint_2,-0.727,-106.163,-29.963
52.624,waypoint_2,-0.670,-106.241,-29.963
52.657,waypoint_2,-0.613,-106.318,-29.964
52.691,waypoint_2,-0.542,-106.416,-29.965
52.723,waypoint_2,-0.485,-106.493,-29.965
52.757,waypoint_2,-0.429,-106.571,-29.966
52.792,waypoint_2,-0.372,-106.648,-29.967
52.823,waypoint_2,-0.315,-106.726,-29.968
52.857,waypoint_2,-0.259,-106.803,-29.968
52.891,waypoint_2,-0.188,-106.900,-29.969
52.923,waypoint_2,-0.131,-106.977,-29.970
52.958,waypoint_2,-0.074,-107.054,-29.971
52.991,waypoint_2,-0.018,-107.132,-29.972
53.023,waypoint_2,0.039,-107.209,-29.973
53.057,waypoint_2,0.096,-107.287,-29.973
53.091,waypoint_2,0.168,-107.383,-29.974
53.123,waypoint_2,0.225,-107.461,-29.975
53.157,waypoint_2,0.282,-107.538,-29.975
53.191,waypoint_2,0.338,-107.616,-29.976
53.223,waypoint_2,0.395,-107.693,-29.976
53.257,waypoint_2,0.452,-107.770,-29.976
53.291,waypoint_2,0.523,-107.867,-29.976
53.323,waypoint_2,0.580,-107.944,-29.977
53.357,waypoint_2,0.636,-108.021,-29.977
53.391,waypoint_2,0.693,-108.098,-29.977
53.423,waypoint_2,0.749,-108.176,-29.978
53.457,waypoint_2,0.806,-108.253,-29.978
53.491,waypoint_2,0.877,-108.350,-29.979
53.523,waypoint_2,0.933,-108.427,-29.979
53.557,waypoint_2,0.990,-108.505,-29.980
53.591,waypoint_2,1.046,-108.582,-29.981
53.623,waypoint_2,1.103,-108.659,-29.982
53.657,waypoint_2,1.159,-108.737,-29.983
53.706,waypoint_2,1.230,-108.834,-29.984
53.738,waypoint_2,1.287,-108.912,-29.984
53.772,waypoint_2,1.343,-108.990,-29.985
53.806,waypoint_2,1.400,-109.068,-29.986
53.838,waypoint_2,1.457,-109.146,-29.987
53.888,waypoint_2,1.513,-109.224,-29.987
53.935,waypoint_2,1.584,-109.322,-29.988
53.966,waypoint_2,1.641,-109.400,-29.988
54.000,waypoint_2,1.698,-109.478,-29.988
54.034,waypoint_2,1.755,-109.556,-29.989
54.066,waypoint_2,1.811,-109.634,-29.989
54.100,waypoint_2,1.868,-109.712,-29.989
54.134,waypoint_2,1.940,-109.810,-29.989
54.166,waypoint_2,1.996,-109.888,-29.989
54.200,waypoint_2,2.053,-109.966,-29.989
54.234,waypoint_2,2.110,-110.045,-29.989
54.266,waypoint_2,2.167,-110.123,-29.989
54.300,waypoint_2,2.223,-110.201,-29.989
54.334,waypoint_2,2.294,-110.299,-29.989
54.366,waypoint_2,2.350,-110.377,-29.989
54.400,waypoint_2,2.406,-110.455,-29.989
54.434,waypoint_2,2.462,-110.534,-29.988
54.466,waypoint_2,2.518,-110.612,-29.988
54.500,waypoint_2,2.574,-110.690,-29.988
54.534,waypoint_2,2.644,-110.788,-29.987
54.566,waypoint_2,2.699,-110.867,-29.987
54.600,waypoint_2,2.755,-110.945,-29.987
54.634,waypoint_2,2.810,-111.023,-29.986
54.666,waypoint_2,2.866,-111.102,-29.986
54.700,waypoint_2,2.921,-111.180,-29.986
54.734,waypoint_2,2.990,-111.278,-29.986
54.766,waypoint_2,3.046,-111.356,-29.985
54.800,waypoint_2,3.101,-111.434,-29.985
54.834,waypoint_2,3.156,-111.512,-29.985
54.866,waypoint_2,3.212,-111.591,-29.985
54.900,waypoint_2,3.267,-111.669,-29.985
54.934,waypoint_2,3.337,-111.767,-29.985
54.966,waypoint_2,3.393,-111.845,-29.985
55.000,waypoint_2,3.448,-111.923,-29.985
55.034,waypoint_2,3.504,-112.001,-29.984
55.066,waypoint_2,3.560,-112.080,-29.984
55.100,waypoint_2,3.615,-112.158,-29.984
55.134,waypoint_2,3.685,-112.255,-29.983
55.166,waypoint_2,3.741,-112.334,-29.983
55.200,waypoint_2,3.796,-112.412,-29.983
55.234,waypoint_2,3.852,-112.490,-29.983
55.266,waypoint_2,3.908,-112.568,-29.983
55.300,waypoint_2,3.964,-112.646,-29.984
55.334,waypoint_2,4.033,-112.744,-29.984
55.366,waypoint_2,4.089,-112.822,-29.984
55.400,waypoint_2,4.145,-112.900,-29.985
55.434,waypoint_2,4.200,-112.978,-29.985
55.466,waypoint_2,4.256,-113.057,-29.986
55.500,waypoint_2,4.311,-113.135,-29.986
55.535,waypoint_2,4.381,-113.232,-29.986
55.566,waypoint_2,4.436,-113.310,-29.987
55.600,waypoint_2,4.491,-113.388,-29.987
55.634,waypoint_2,4.547,-113.466,-29.987
55.666,waypoint_2,4.602,-113.544,-29.987
55.700,waypoint_2,4.658,-113.622,-29.987
55.734,waypoint_2,4.727,-113.720,-29.988
55.766,waypoint_2,4.782,-113.798,-29.988
55.800,waypoint_2,4.838,-113.875,-29.988
55.834,waypoint_2,4.894,-113.953,-29.989
55.866,waypoint_2,4.949,-114.031,-29.989
55.900,waypoint_2,5.005,-114.109,-29.989
55.934,waypoint_2,5.075,-114.206,-29.989
55.966,waypoint_2,5.131,-114.283,-29.989
56.000,waypoint_2,5.186,-114.360,-29.989
56.035,waypoint_2,5.242,-114.438,-29.989
56.066,waypoint_2,5.298,-114.515,-29.989
56.100,waypoint_2,5.353,-114.593,-29.989
56.134,waypoint_2,5.423,-114.689,-29.989
56.166,waypoint_2,5.478,-114.767,-29.989
56.200,waypoint_2,5.534,-114.844,-29.989
56.234,waypoint_2,5.590,-114.922,-29.988
56.266,waypoint_2,5.646,-114.999,-29.988
56.300,waypoint_2,5.701,-115.077,-29.988
56.334,waypoint_2,5.771,-115.174,-29.988
56.366,waypoint_2,5.826,-115.251,-29.987
56.400,waypoint_2,5.882,-115.329,-29.987
56.434,waypoint_2,5.937,-115.406,-29.987
56.466,waypoint_2,5.993,-115.483,-29.987
56.500,waypoint_2,6.048,-115.560,-29.987
56.534,waypoint_2,6.118,-115.657,-29.987
56.566,waypoint_2,6.173,-115.734,-29.987
56.600,waypoint_2,6.229,-115.811,-29.987
56.634,waypoint_2,6.285,-115.889,-29.987
56.666,waypoint_2,6.340,-115.966,-29.987
56.700,waypoint_2,6.396,-116.043,-29.987
56.734,waypoint_2,6.466,-116.140,-29.987
56.766,waypoint_2,6.522,-116.217,-29.987
56.800,waypoint_2,6.578,-116.294,-29.987
56.834,waypoint_2,6.634,-116.371,-29.987
56.866,waypoint_2,6.690,-116.448,-29.987
56.900,waypoint_2,6.746,-116.525,-29.987
56.934,waypoint_2,6.817,-116.621,-29.987
56.966,waypoint_2,6.873,-116.698,-29.986
57.000,waypoint_2,6.929,-116.776,-29.986
57.034,waypoint_2,6.985,-116.853,-29.986
57.066,waypoint_2,7.041,-116.930,-29.985
57.100,waypoint_2,7.097,-117.008,-29.985
57.134,waypoint_2,7.167,-117.104,-29.984
57.166,waypoint_2,7.224,-117.182,-29.983
57.200,waypoint_2,7.280,-117.260,-29.983
57.234,waypoint_2,7.336,-117.337,-29.982
57.266,waypoint_2,7.393,-117.415,-29.981
57.300,waypoint_2,7.449,-117.493,-29.980
57.334,waypoint_2,7.519,-117.591,-29.980
57.366,waypoint_2,7.575,-117.669,-29.979
57.400,waypoint_2,7.632,-117.747,-29.978
57.434,waypoint_2,7.688,-117.825,-29.978
57.466,waypoint_2,7.744,-117.904,-29.977
57.500,waypoint_2,7.800,-117.982,-29.977
57.534,waypoint_2,7.870,-118.080,-29.976
57.566,waypoint_2,7.926,-118.158,-29.976
57.600,waypoint_2,7.982,-118.237,-29.975
57.634,waypoint_2,8.038,-118.315,-29.975
57.666,waypoint_2,8.095,-118.393,-29.975
57.700,waypoint_2,8.151,-118.471,-29.974
57.734,waypoint_2,8.221,-118.569,-29.974
57.766,waypoint_2,8.277,-118.647,-29.974
57.800,waypoint_2,8.333,-118.726,-29.973
57.834,waypoint_2,8.389,-118.804,-29.973
57.866,waypoint_2,8.445,-118.882,-29.973
57.900,waypoint_2,8.501,-118.960,-29.973
57.934,waypoint_2,8.571,-119.057,-29.972
57.966,waypoint_2,8.627,-119.135,-29.972
58.000,waypoint_2,8.683,-119.213,-29.971
58.034,waypoint_2,8.739,-119.291,-29.971
58.066,waypoint_2,8.795,-119.369,-29.970
58.100,waypoint_2,8.851,-119.447,-29.970
58.134,waypoint_2,8.921,-119.544,-29.970
58.166,waypoint_2,8.977,-119.622,-29.969
58.200,waypoint_2,9.033,-119.700,-29.969
58.234,waypoint_2,9.089,-119.778,-29.969
58.266,waypoint_2,9.145,-119.856,-29.969
58.300,waypoint_2,9.202,-119.934,-29.969
58.334,waypoint_2,9.273,-120.032,-29.969
58.366,waypoint_2,9.329,-120.110,-29.969
58.400,waypoint_2,9.386,-120.188,-29.969
58.434,waypoint_2,9.443,-120.266,-29.969
58.466,waypoint_2,9.499,-120.344,-29.969
58.500,waypoint_2,9.556,-120.422,-29.969
58.534,waypoint_2,9.627,-120.520,-29.970
58.566,waypoint_2,9.683,-120.598,-29.970
58.600,waypoint_2,9.740,-120.677,-29.970
58.634,waypoint_2,9.797,-120.755,-29.971
58.666,waypoint_2,9.853,-120.833,-29.971
58.700,waypoint_2,9.910,-120.912,-29.972
58.734,waypoint_2,9.980,-121.009,-29.972
58.767,waypoint_2,10.036,-121.088,-29.973
58.801,waypoint_2,10.092,-121.166,-29.973
58.835,waypoint_2,10.148,-121.245,-29.973
58.867,waypoint_2,10.204,-121.323,-29.973
58.901,waypoint_2,10.260,-121.402,-29.973
58.935,waypoint_2,10.330,-121.500,-29.974
58.967,waypoint_2,10.386,-121.579,-29.974
59.001,waypoint_2,10.442,-121.657,-29.974
59.035,waypoint_2,10.497,-121.736,-29.974
59.067,waypoint_2,10.553,-121.815,-29.973
59.101,waypoint_2,10.608,-121.894,-29.973
59.135,waypoint_2,10.677,-121.992,-29.973
59.167,waypoint_2,10.732,-122.071,-29.973
59.201,waypoint_2,10.787,-122.150,-29.973
59.235,waypoint_2,10.842,-122.229,-29.973
59.267,waypoint_2,10.897,-122.308,-29.973
59.301,waypoint_2,10.952,-122.386,-29.973
59.335,waypoint_2,11.021,-122.485,-29.973
59.367,waypoint_2,11.076,-122.563,-29.972
59.401,waypoint_2,11.131,-122.642,-29.972
59.435,waypoint_2,11.186,-122.721,-29.972
59.467,waypoint_2,11.242,-122.799,-29.972
59.501,waypoint_2,11.297,-122.878,-29.971
59.535,waypoint_2,11.366,-122.976,-29.971
59.567,waypoint_2,11.421,-123.054,-29.971
59.601,waypoint_2,11.476,-123.133,-29.971
59.635,waypoint_2,11.532,-123.211,-29.971
59.667,waypoint_2,11.587,-123.289,-29.971
59.701,waypoint_2,11.642,-123.367,-29.971
59.735,waypoint_2,11.712,-123.464,-29.971
59.767,waypoint_2,11.767,-123.542,-29.971
59.801,waypoint_2,11.822,-123.620,-29.971
59.835,waypoint_2,11.878,-123.697,-29.972
59.867,waypoint_2,11.933,-123.774,-29.972
59.901,waypoint_2,11.989,-123.852,-29.973
59.935,waypoint_2,12.058,-123.948,-29.973
59.967,waypoint_2,12.113,-124.025,-29.974
60.001,waypoint_2,12.169,-124.102,-29.974
60.035,waypoint_2,12.224,-124.179,-29.974
60.067,waypoint_2,12.279,-124.256,-29.975
60.101,waypoint_2,12.335,-124.334,-29.975
60.135,waypoint_2,12.404,-124.430,-29.976
60.167,waypoint_2,12.459,-124.508,-29.976
60.201,waypoint_2,12.514,-124.585,-29.976
60.235,waypoint_2,12.570,-124.662,-29.977
60.267,waypoint_2,12.625,-124.740,-29.977
60.301,waypoint_2,12.680,-124.817,-29.978
60.335,waypoint_2,12.749,-124.914,-29.978
60.367,waypoint_2,12.804,-124.992,-29.979
60.401,waypoint_2,12.859,-125.069,-29.979
60.435,waypoint_2,12.914,-125.147,-29.979
60.467,waypoint_2,12.969,-125.224,-29.979
60.501,waypoint_2,13.025,-125.302,-29.980
60.535,waypoint_2,13.093,-125.399,-29.980
60.568,waypoint_2,13.148,-125.476,-29.980
60.601,waypoint_2,13.203,-125.553,-29.981
60.635,waypoint_2,13.258,-125.630,-29.981
60.667,waypoint_2,13.313,-125.708,-29.981
60.701,waypoint_2,13.367,-125.785,-29.981
60.735,waypoint_2,13.436,-125.881,-29.981
60.767,waypoint_3,13.491,-125.958,-29.981
60.801,waypoint_3,13.546,-126.035,-29.983
60.835,waypoint_3,13.601,-126.112,-29.988
60.867,waypoint_3,13.655,-126.189,-29.996
60.901,waypoint_3,13.709,-126.266,-30.007
60.935,waypoint_3,13.773,-126.362,-30.022
60.967,waypoint_3,13.822,-126.438,-30.035
61.001,waypoint_3,13.867,-126.514,-30.047
61.035,waypoint_3,13.909,-126.589,-30.059
61.067,waypoint_3,13.946,-126.663,-30.069
61.101,waypoint_3,13.978,-126.737,-30.078
61.135,waypoint_3,14.010,-126.828,-30.086
61.167,waypoint_3,14.030,-126.901,-30.090
61.201,waypoint_3,14.044,-126.972,-30.093
61.235,waypoint_3,14.052,-127.043,-30.093
61.267,waypoint_3,14.055,-127.114,-30.092
61.301,waypoint_3,14.051,-127.183,-30.089
61.335,waypoint_3,14.039,-127.269,-30.084
61.367,waypoint_3,14.024,-127.337,-30.079
61.401,waypoint_3,14.002,-127.405,-30.073
61.435,waypoint_3,13.976,-127.471,-30.067
61.467,waypoint_3,13.944,-127.537,-30.060
61.501,waypoint_3,13.908,-127.603,-30.052
61.535,waypoint_3,13.856,-127.683,-30.043
61.567,waypoint_3,13.811,-127.747,-30.036
61.601,waypoint_3,13.762,-127.810,-30.028
61.635,waypoint_3,13.709,-127.873,-30.021
61.667,waypoint_3,13.654,-127.935,-30.015
61.701,waypoint_3,13.596,-127.997,-30.009
61.735,waypoint_3,13.520,-128.074,-30.002
61.767,waypoint_3,13.457,-128.135,-29.997
61.801,waypoint_3,13.392,-128.195,-29.993
61.835,waypoint_3,13.325,-128.256,-29.989
61.867,waypoint_3,13.257,-128.316,-29.985
61.901,waypoint_3,13.188,-128.375,-29.982
61.935,waypoint_3,13.100,-128.450,-29.979
61.967,waypoint_3,13.029,-128.509,-29.977
62.001,waypoint_3,12.957,-128.568,-29.976
62.035,waypoint_3,12.884,-128.627,-29.975
62.068,waypoint_3,12.811,-128.686,-29.974
62.101,waypoint_3,12.738,-128.745,-29.973
62.135,waypoint_3,12.646,-128.818,-29.972
62.167,waypoint_3,12.572,-128.877,-29.972
62.201,waypoint_3,12.498,-128.936,-29.972
62.235,waypoint_3,12.424,-128.995,-29.973
62.267,waypoint_3,12.350,-129.054,-29.973
62.301,waypoint_3,12.275,-129.113,-29.973
62.335,waypoint_3,12.183,-129.187,-29.974
62.367,waypoint_3,12.109,-129.246,-29.974
62.401,waypoint_3,12.035,-129.306,-29.975
62.435,waypoint_3,11.961,-129.366,-29.976
62.467,waypoint_3,11.888,-129.425,-29.977
62.501,waypoint_3,11.815,-129.485,-29.978
62.535,waypoint_3,11.723,-129.560,-29.979
62.567,waypoint_3,11.651,-129.620,-29.980
62.601,waypoint_3,11.578,-129.680,-29.981
62.635,waypoint_3,11.506,-129.740,-29.982
62.667,waypoint_3,11.433,-129.801,-29.983
62.701,waypoint_3,11.361,-129.861,-29.984
62.735,waypoint_3,11.272,-129.937,-29.985
62.767,waypoint_3,11.200,-129.998,-29.985
62.801,waypoint_3,11.129,-130.059,-29.986
62.835,waypoint_3,11.057,-130.120,-29.987
62.867,waypoint_3,10.986,-130.181,-29.987
62.901,waypoint_3,10.915,-130.242,-29.988
62.935,waypoint_3,10.826,-130.318,-29.988
62.967,waypoint_3,10.755,-130.380,-29.988
63.001,waypoint_3,10.684,-130.441,-29.988
63.035,waypoint_3,10.613,-130.502,-29.989
63.067,waypoint_3,10.542,-130.563,-29.989
63.101,waypoint_3,10.470,-130.625,-29.990
63.135,waypoint_3,10.381,-130.701,-29.990
63.167,waypoint_3,10.310,-130.763,-29.991
63.201,waypoint_3,10.238,-130.824,-29.991
63.235,waypoint_3,10.167,-130.885,-29.991
63.267,waypoint_3,10.096,-130.946,-29.992
63.301,waypoint_3,10.025,-131.007,-29.992
63.335,waypoint_3,9.936,-131.084,-29.992
63.367,waypoint_3,9.864,-131.144,-29.992
63.401,waypoint_3,9.793,-131.205,-29.993
63.435,waypoint_3,9.722,-131.266,-29.993
63.467,waypoint_3,9.650,-131.327,-29.993
63.501,waypoint_3,9.579,-131.387,-29.993
63.535,waypoint_3,9.489,-131.463,-29.993
63.567,waypoint_3,9.418,-131.523,-29.993
63.601,waypoint_3,9.346,-131.584,-29.993
63.635,waypoint_3,9.274,-131.644,-29.993
63.667,waypoint_3,9.202,-131.704,-29.993
63.701,waypoint_3,9.130,-131.764,-29.992
63.735,waypoint_3,9.040,-131.839,-29.992
63.767,waypoint_3,8.968,-131.899,-29.991
63.801,waypoint_3,8.896,-131.959,-29.991
63.835,waypoint_3,8.824,-132.019,-29.990
63.867,waypoint_3,8.751,-132.079,-29.990
63.901,waypoint_3,8.678,-132.139,-29.989
63.935,waypoint_3,8.587,-132.214,-29.989
63.967,waypoint_3,8.514,-132.274,-29.989
64.001,waypoint_3,8.440,-132.334,-29.988
64.035,waypoint_3,8.366,-132.394,-29.988
64.067,waypoint_3,8.292,-132.454,-29.988
64.101,waypoint_3,8.217,-132.514,-29.988
64.135,waypoint_3,8.124,-132.588,-29.988
64.167,waypoint_3,8.049,-132.648,-29.988
64.201,waypoint_3,7.974,-132.708,-29.988
64.235,waypoint_3,7.898,-132.768,-29.988
64.267,waypoint_3,7.823,-132.828,-29.988
64.301,waypoint_3,7.748,-132.888,-29.988
64.335,waypoint_3,7.653,-132.963,-29.988
64.367,waypoint_3,7.578,-133.023,-29.988
64.401,waypoint_3,7.503,-133.083,-29.988
64.435,waypoint_3,7.427,-133.144,-29.988
64.467,waypoint_3,7.352,-133.204,-29.987
64.501,waypoint_3,7.276,-133.264,-29.987
64.535,waypoint_3,7.182,-133.340,-29.987
64.567,waypoint_3,7.106,-133.401,-29.986
64.601,waypoint_3,7.031,-133.461,-29.986
64.635,waypoint_3,6.955,-133.522,-29.985
64.667,waypoint_3,6.879,-133.582,-29.985
64.701,waypoint_3,6.803,-133.643,-29.984
64.735,waypoint_3,6.708,-133.719,-29.984
64.767,waypoint_3,6.632,-133.779,-29.983
64.801,waypoint_3,6.556,-133.840,-29.983
64.835,waypoint_3,6.480,-133.901,-29.983
64.867,waypoint_3,6.403,-133.961,-29.982
64.901,waypoint_3,6.327,-134.022,-29.982
64.935,waypoint_3,6.232,-134.098,-29.981
64.967,waypoint_3,6.155,-134.158,-29.981
65.001,waypoint_3,6.078,-134.219,-29.981
65.035,waypoint_3,6.002,-134.279,-29.980
65.067,waypoint_3,5.925,-134.339,-29.979
65.101,waypoint_3,5.848,-134.399,-29.979
65.135,waypoint_3,5.752,-134.474,-29.978
65.167,waypoint_3,5.676,-134.534,-29.978
65.201,waypoint_3,5.599,-134.594,-29.978
65.235,waypoint_3,5.522,-134.654,-29.977
65.267,waypoint_3,5.445,-134.713,-29.977
65.301,waypoint_3,5.368,-134.773,-29.977
65.335,waypoint_3,5.271,-134.848,-29.977
65.367,waypoint_3,5.194,-134.908,-29.977
65.401,waypoint_3,5.117,-134.968,-29.977
65.435,waypoint_3,5.039,-135.027,-29.977
65.467,waypoint_3,4.962,-135.087,-29.976
65.501,waypoint_3,4.885,-135.147,-29.976
65.535,waypoint_3,4.788,-135.222,-29.975
65.567,waypoint_3,4.710,-135.281,-29.975
65.601,waypoint_3,4.633,-135.341,-29.975
65.635,waypoint_3,4.555,-135.401,-29.975
65.667,waypoint_3,4.478,-135.461,-29.975
65.701,waypoint_3,4.400,-135.520,-29.975
65.735,waypoint_3,4.304,-135.595,-29.975
65.767,waypoint_3,4.226,-135.655,-29.975
65.801,waypoint_3,4.149,-135.715,-29.976
65.835,waypoint_3,4.072,-135.775,-29.976
65.867,waypoint_3,3.995,-135.835,-29.976
65.901,waypoint_3,3.917,-135.895,-29.977
65.935,waypoint_3,3.820,-135.971,-29.977
65.967,waypoint_3,3.743,-136.031,-29.978
66.001,waypoint_3,3.665,-136.092,-29.978
66.035,waypoint_3,3.588,-136.152,-29.979
66.067,waypoint_3,3.510,-136.213,-29.979
66.101,waypoint_3,3.432,-136.274,-29.980
66.135,waypoint_3,3.335,-136.349,-29.980
66.167,waypoint_3,3.257,-136.410,-29.981
66.201,waypoint_3,3.179,-136.470,-29.981
66.235,waypoint_3,3.101,-136.531,-29.982
66.267,waypoint_3,3.023,-136.591,-29.982
66.301,waypoint_3,2.945,-136.652,-29.983
66.335,waypoint_3,2.848,-136.727,-29.983
66.367,waypoint_3,2.770,-136.788,-29.984
66.401,waypoint_3,2.692,-136.848,-29.984
66.435,waypoint_3,2.614,-136.908,-29.985
66.467,waypoint_3,2.536,-136.968,-29.985
66.501,waypoint_3,2.459,-137.028,-29.985
66.535,waypoint_3,2.361,-137.103,-29.986
66.567,waypoint_3,2.284,-137.162,-29.986
66.601,waypoint_3,2.206,-137.222,-29.986
66.635,waypoint_3,2.128,-137.282,-29.987
66.667,waypoint_3,2.050,-137.341,-29.987
66.701,waypoint_3,1.973,-137.401,-29.988
66.735,waypoint_3,1.876,-137.475,-29.988
66.767,waypoint_3,1.799,-137.535,-29.988
66.801,waypoint_3,1.721,-137.594,-29.989
66.835,waypoint_3,1.644,-137.653,-29.989
66.867,waypoint_3,1.566,-137.713,-29.990
66.901,waypoint_3,1.489,-137.772,-29.990
66.935,waypoint_3,1.392,-137.846,-29.990
66.967,waypoint_3,1.315,-137.906,-29.991
67.001,waypoint_3,1.238,-137.965,-29.991
67.035,waypoint_3,1.161,-138.024,-29.992
67.067,waypoint_3,1.084,-138.083,-29.992
67.101,waypoint_3,1.007,-138.142,-29.993
67.135,waypoint_3,0.911,-138.216,-29.993
67.167,waypoint_3,0.834,-138.275,-29.993
67.201,waypoint_3,0.757,-138.334,-29.994
67.235,waypoint_3,0.680,-138.394,-29.994
67.267,waypoint_3,0.603,-138.453,-29.994
67.301,waypoint_3,0.526,-138.512,-29.995
67.335,waypoint_3,0.430,-138.587,-29.995
67.367,waypoint_3,0.353,-138.647,-29.995
67.401,waypoint_3,0.276,-138.706,-29.995
67.435,waypoint_3,0.199,-138.766,-29.995
67.467,waypoint_3,0.122,-138.826,-29.995
67.501,waypoint_3,0.045,-138.885,-29.995
67.535,waypoint_3,-0.051,-138.960,-29.995
67.567,waypoint_3,-0.127,-139.020,-29.995
67.601,waypoint_3,-0.204,-139.080,-29.995
67.635,waypoint_3,-0.281,-139.140,-29.996
67.667,waypoint_3,-0.358,-139.200,-29.996
67.701,waypoint_3,-0.435,-139.260,-29.996
67.735,waypoint_3,-0.531,-139.335,-29.996
67.767,waypoint_3,-0.608,-139.396,-29.996
67.801,waypoint_3,-0.685,-139.456,-29.996
67.835,waypoint_3,-0.762,-139.516,-29.997
67.867,waypoint_3,-0.839,-139.577,-29.997
67.901,waypoint_3,-0.916,-139.637,-29.997
67.935,waypoint_3,-1.012,-139.712,-29.997
67.967,waypoint_3,-1.089,-139.773,-29.997
68.001,waypoint_3,-1.167,-139.833,-29.998
68.035,waypoint_3,-1.244,-139.893,-29.998
68.067,waypoint_3,-1.321,-139.953,-29.998
68.101,waypoint_3,-1.399,-140.014,-29.998
68.135,waypoint_3,-1.496,-140.089,-29.999
68.167,waypoint_3,-1.573,-140.149,-29.999
68.203,waypoint_3,-1.650,-140.210,-29.999
68.237,waypoint_3,-1.727,-140.270,-29.999
68.269,waypoint_3,-1.804,-140.331,-29.999
68.303,waypoint_3,-1.881,-140.391,-29.999
68.337,waypoint_3,-1.977,-140.467,-30.000
68.369,waypoint_3,-2.053,-140.527,-30.000
68.403,waypoint_3,-2.130,-140.588,-30.000
68.437,waypoint_3,-2.206,-140.648,-30.000
68.469,waypoint_3,-2.282,-140.709,-30.000
68.503,waypoint_3,-2.358,-140.770,-30.001
68.537,waypoint_3,-2.453,-140.845,-30.001
68.569,waypoint_3,-2.529,-140.906,-30.001
68.603,waypoint_3,-2.605,-140.967,-30.001
68.637,waypoint_3,-2.681,-141.027,-30.001
68.669,waypoint_3,-2.756,-141.088,-30.001
68.703,waypoint_3,-2.832,-141.148,-30.001
68.737,waypoint_3,-2.927,-141.224,-30.001
68.769,waypoint_3,-3.003,-141.285,-30.001
68.803,waypoint_3,-3.078,-141.345,-30.001
68.837,waypoint_3,-3.154,-141.406,-30.001
68.869,waypoint_3,-3.230,-141.467,-30.002
68.903,waypoint_3,-3.306,-141.527,-30.002
68.937,waypoint_3,-3.402,-141.603,-30.002
68.969,waypoint_3,-3.478,-141.664,-30.002
69.003,waypoint_3,-3.554,-141.725,-30.002
69.037,waypoint_3,-3.631,-141.785,-30.003
69.069,waypoint_3,-3.707,-141.846,-30.003
69.103,waypoint_3,-3.784,-141.907,-30.003
69.137,waypoint_3,-3.879,-141.983,-30.003
69.169,waypoint_3,-3.956,-142.043,-30.003
69.203,waypoint_3,-4.033,-142.104,-30.003
69.237,waypoint_3,-4.110,-142.165,-30.003
69.269,waypoint_3,-4.187,-142.226,-30.003
69.303,waypoint_3,-4.264,-142.287,-30.003
69.337,waypoint_3,-4.360,-142.364,-30.003
69.369,waypoint_3,-4.437,-142.425,-30.003
69.403,waypoint_3,-4.514,-142.486,-30.003
69.437,waypoint_3,-4.591,-142.547,-30.004
69.469,waypoint_3,-4.669,-142.608,-30.004
69.503,waypoint_3,-4.746,-142.669,-30.004
69.537,waypoint_3,-4.842,-142.746,-30.005
69.569,waypoint_3,-4.920,-142.806,-30.005
69.603,waypoint_3,-4.997,-142.867,-30.005
69.637,waypoint_3,-5.074,-142.928,-30.005
69.669,waypoint_3,-5.151,-142.989,-30.006
69.703,waypoint_3,-5.228,-143.049,-30.006
69.737,waypoint_3,-5.325,-143.125,-30.006
69.769,waypoint_3,-5.402,-143.185,-30.006
69.803,waypoint_3,-5.479,-143.246,-30.006
69.837,waypoint_3,-5.556,-143.306,-30.007
69.869,waypoint_3,-5.633,-143.366,-30.007
69.903,waypoint_3,-5.711,-143.426,-30.007
69.937,waypoint_3,-5.807,-143.501,-30.008
69.969,waypoint_3,-5.884,-143.561,-30.008
70.003,waypoint_3,-5.962,-143.621,-30.009
70.037,waypoint_3,-6.039,-143.681,-30.009
70.069,waypoint_3,-6.116,-143.741,-30.010
70.103,waypoint_3,-6.193,-143.801,-30.010
70.137,waypoint_3,-6.290,-143.876,-30.011
70.169,waypoint_3,-6.367,-143.936,-30.012
70.203,waypoint_3,-6.444,-143.997,-30.012
70.237,waypoint_3,-6.521,-144.057,-30.013
70.269,waypoint_3,-6.599,-144.117,-30.013
70.303,waypoint_3,-6.676,-144.178,-30.013
70.337,waypoint_3,-6.772,-144.253,-30.014
70.369,waypoint_3,-6.849,-144.314,-30.014
70.403,waypoint_3,-6.926,-144.375,-30.014
70.437,waypoint_3,-7.003,-144.435,-30.015
70.469,waypoint_3,-7.079,-144.496,-30.015
70.503,waypoint_3,-7.156,-144.556,-30.015
70.537,waypoint_3,-7.251,-144.632,-30.015
70.569,waypoint_3,-7.328,-144.693,-30.015
70.603,waypoint_3,-7.404,-144.753,-30.015
70.637,waypoint_3,-7.481,-144.814,-30.015
70.669,waypoint_3,-7.557,-144.874,-30.015
70.703,waypoint_3,-7.633,-144.935,-30.015
70.737,waypoint_3,-7.729,-145.010,-30.015
70.769,waypoint_3,-7.805,-145.071,-30.015
70.803,waypoint_3,-7.881,-145.131,-30.015
70.837,waypoint_3,-7.957,-145.192,-30.015
70.869,waypoint_3,-8.033,-145.252,-30.015
70.903,waypoint_3,-8.108,-145.313,-30.014
70.937,waypoint_3,-8.203,-145.388,-30.014
70.969,waypoint_3,-8.279,-145.449,-30.014
71.003,waypoint_3,-8.354,-145.509,-30.014
71.037,waypoint_3,-8.430,-145.570,-30.013
71.069,waypoint_3,-8.505,-145.630,-30.013
71.103,waypoint_3,-8.581,-145.691,-30.013
71.137,waypoint_3,-8.675,-145.766,-30.013
71.169,waypoint_3,-8.751,-145.827,-30.013
71.203,waypoint_3,-8.826,-145.888,-30.013
71.237,waypoint_3,-8.901,-145.948,-30.013
71.269,waypoint_3,-8.977,-146.009,-30.012
71.303,waypoint_3,-9.052,-146.070,-30.012
71.337,waypoint_3,-9.146,-146.146,-30.012
71.369,waypoint_3,-9.222,-146.207,-30.012
71.403,waypoint_3,-9.297,-146.267,-30.012
71.437,waypoint_3,-9.373,-146.328,-30.012
71.469,waypoint_3,-9.448,-146.389,-30.012
71.503,waypoint_3,-9.523,-146.449,-30.012
71.537,waypoint_3,-9.618,-146.525,-30.012
71.570,waypoint_3,-9.693,-146.586,-30.012
71.604,waypoint_3,-9.769,-146.647,-30.013
71.638,waypoint_3,-9.844,-146.707,-30.013
71.670,waypoint_3,-9.919,-146.768,-30.013
71.704,waypoint_3,-9.995,-146.828,-30.014
71.738,waypoint_3,-10.089,-146.904,-30.015
71.770,waypoint_3,-10.164,-146.964,-30.015
71.804,waypoint_3,-10.240,-147.025,-30.016
71.838,waypoint_3,-10.316,-147.085,-30.016
71.870,waypoint_3,-10.391,-147.146,-30.017
71.904,waypoint_3,-10.467,-147.206,-30.017
71.938,waypoint_3,-10.561,-147.282,-30.018
71.970,waypoint_3,-10.637,-147.342,-30.018
72.004,waypoint_3,-10.712,-147.403,-30.019
72.038,waypoint_3,-10.788,-147.464,-30.019
72.070,waypoint_3,-10.864,-147.525,-30.020
72.104,waypoint_3,-10.940,-147.586,-30.020
72.138,waypoint_3,-11.035,-147.662,-30.020
72.170,waypoint_3,-11.110,-147.723,-30.020
72.204,waypoint_3,-11.186,-147.784,-30.020
72.238,waypoint_3,-11.262,-147.845,-30.020
72.270,waypoint_3,-11.338,-147.905,-30.020
72.304,waypoint_3,-11.414,-147.966,-30.020
72.338,waypoint_3,-11.508,-148.042,-30.021
72.370,waypoint_3,-11.584,-148.103,-30.021
72.404,waypoint_3,-11.660,-148.163,-30.021
72.438,waypoint_3,-11.736,-148.224,-30.021
72.470,waypoint_3,-11.812,-148.284,-30.022
72.504,waypoint_3,-11.887,-148.345,-30.022
72.538,waypoint_3,-11.982,-148.420,-30.022
72.570,waypoint_3,-12.057,-148.481,-30.022
72.604,waypoint_3,-12.133,-148.541,-30.022
72.638,waypoint_3,-12.208,-148.601,-30.022
72.670,waypoint_3,-12.283,-148.662,-30.022
72.704,waypoint_3,-12.358,-148.722,-30.021
72.738,waypoint_3,-12.451,-148.798,-30.021
72.770,waypoint_3,-12.526,-148.858,-30.021
72.804,waypoint_3,-12.600,-148.918,-30.020
72.838,waypoint_3,-12.675,-148.979,-30.020
72.870,waypoint_3,-12.749,-149.039,-30.020
72.904,waypoint_3,-12.824,-149.099,-30.019
72.938,waypoint_3,-12.917,-149.175,-30.019
72.970,waypoint_3,-12.991,-149.235,-30.018
73.004,waypoint_3,-13.065,-149.295,-30.018
73.038,waypoint_3,-13.140,-149.356,-30.018
73.070,waypoint_3,-13.214,-149.417,-30.017
73.104,waypoint_3,-13.288,-149.478,-30.017
73.138,waypoint_3,-13.381,-149.554,-30.017
73.170,waypoint_3,-13.456,-149.615,-30.016
73.204,waypoint_3,-13.530,-149.676,-30.016
73.238,waypoint_3,-13.604,-149.738,-30.016
73.270,waypoint_3,-13.679,-149.799,-30.016
73.304,waypoint_3,-13.753,-149.860,-30.016
73.338,waypoint_3,-13.847,-149.937,-30.016
73.370,waypoint_3,-13.922,-149.998,-30.016
73.404,waypoint_3,-13.997,-150.060,-30.016
73.438,waypoint_3,-14.072,-150.121,-30.016
73.470,waypoint_3,-14.147,-150.183,-30.016
73.504,waypoint_3,-14.222,-150.244,-30.016
73.538,waypoint_3,-14.315,-150.321,-30.017
73.570,waypoint_3,-14.390,-150.383,-30.017
73.604,waypoint_3,-14.465,-150.444,-30.017
73.638,waypoint_3,-14.541,-150.506,-30.016
73.670,waypoint_3,-14.616,-150.567,-30.016
73.704,waypoint_3,-14.691,-150.629,-30.016
73.738,waypoint_3,-14.785,-150.706,-30.016
73.770,waypoint_3,-14.860,-150.767,-30.016
73.804,waypoint_3,-14.935,-150.829,-30.016
73.838,waypoint_3,-15.010,-150.890,-30.016
73.870,waypoint_3,-15.085,-150.952,-30.015
73.904,waypoint_3,-15.160,-151.013,-30.015
73.938,waypoint_3,-15.254,-151.090,-30.015
73.970,waypoint_3,-15.329,-151.152,-30.015
74.004,waypoint_3,-15.404,-151.213,-30.014
74.038,waypoint_3,-15.479,-151.274,-30.014
74.070,waypoint_3,-15.555,-151.336,-30.013
74.104,waypoint_3,-15.630,-151.397,-30.013
74.138,waypoint_3,-15.724,-151.473,-30.012
74.170,waypoint_3,-15.799,-151.534,-30.012
74.204,waypoint_3,-15.875,-151.595,-30.011
74.238,waypoint_3,-15.950,-151.657,-30.011
74.270,waypoint_3,-16.025,-151.718,-30.010
74.304,waypoint_3,-16.101,-151.779,-30.010
74.338,waypoint_3,-16.195,-151.856,-30.009
74.370,waypoint_3,-16.271,-151.917,-30.008
74.404,waypoint_3,-16.346,-151.978,-30.007
74.438,waypoint_3,-16.421,-152.040,-30.006
74.470,waypoint_3,-16.497,-152.101,-30.006
74.504,waypoint_3,-16.572,-152.162,-30.005
74.538,waypoint_3,-16.666,-152.239,-30.004
74.570,waypoint_3,-16.742,-152.300,-30.004
74.604,waypoint_3,-16.817,-152.361,-30.003
74.638,waypoint_3,-16.892,-152.422,-30.003
74.670,waypoint_3,-16.968,-152.483,-30.003
74.704,waypoint_3,-17.043,-152.545,-30.002
74.738,waypoint_3,-17.137,-152.621,-30.002
74.770,waypoint_3,-17.212,-152.682,-30.002
74.804,waypoint_3,-17.287,-152.743,-30.002
74.838,waypoint_3,-17.362,-152.804,-30.002
74.870,waypoint_3,-17.437,-152.865,-30.002
74.904,waypoint_3,-17.511,-152.926,-30.002
74.938,waypoint_3,-17.605,-153.002,-30.002
74.970,waypoint_3,-17.679,-153.062,-30.001
75.004,waypoint_3,-17.754,-153.123,-30.001
75.038,waypoint_3,-17.829,-153.183,-30.001
75.070,waypoint_3,-17.903,-153.244,-30.002
75.104,waypoint_3,-17.977,-153.304,-30.002
75.138,waypoint_3,-18.070,-153.380,-30.002
75.170,waypoint_3,-18.145,-153.440,-30.002
75.204,waypoint_3,-18.219,-153.500,-30.003
75.238,waypoint_3,-18.294,-153.561,-30.003
75.270,waypoint_3,-18.368,-153.621,-30.003
75.304,waypoint_3,-18.443,-153.681,-30.003
75.338,waypoint_3,-18.536,-153.757,-30.004
75.370,waypoint_3,-18.611,-153.817,-30.004
75.404,waypoint_3,-18.686,-153.878,-30.004
75.438,waypoint_3,-18.761,-153.939,-30.004
75.470,waypoint_3,-18.835,-153.999,-30.004
75.504,waypoint_3,-18.910,-154.060,-30.004
75.538,waypoint_3,-19.004,-154.136,-30.004
75.570,waypoint_3,-19.079,-154.197,-30.003
75.604,waypoint_3,-19.154,-154.258,-30.003
75.638,waypoint_3,-19.228,-154.319,-30.003
75.670,waypoint_3,-19.303,-154.380,-30.003
75.704,waypoint_3,-19.378,-154.441,-30.003
75.738,waypoint_3,-19.471,-154.517,-30.003
75.770,waypoint_3,-19.546,-154.578,-30.004
75.804,waypoint_3,-19.621,-154.639,-30.004
75.838,waypoint_3,-19.696,-154.700,-30.004
75.870,waypoint_3,-19.771,-154.761,-30.005
75.904,waypoint_3,-19.846,-154.822,-30.005
75.938,waypoint_3,-19.939,-154.898,-30.006
75.970,waypoint_3,-20.014,-154.959,-30.006
76.004,waypoint_3,-20.088,-155.019,-30.007
76.038,waypoint_3,-20.163,-155.079,-30.007
76.070,waypoint_3,-20.237,-155.139,-30.008
76.104,waypoint_3,-20.311,-155.200,-30.009
76.138,waypoint_3,-20.404,-155.275,-30.009
76.170,waypoint_3,-20.478,-155.335,-30.010
76.204,waypoint_3,-20.552,-155.395,-30.011
76.238,waypoint_3,-20.626,-155.454,-30.011
76.270,waypoint_3,-20.700,-155.514,-30.012
76.304,waypoint_3,-20.774,-155.574,-30.013
76.338,waypoint_3,-20.867,-155.649,-30.014
76.370,waypoint_3,-20.941,-155.709,-30.014
76.404,waypoint_3,-21.015,-155.768,-30.015
76.438,waypoint_3,-21.089,-155.828,-30.016
76.470,waypoint_3,-21.163,-155.888,-30.016
76.504,waypoint_3,-21.237,-155.947,-30.017
76.539,waypoint_3,-21.329,-156.022,-30.018
76.570,waypoint_3,-21.403,-156.082,-30.018
76.604,waypoint_3,-21.477,-156.142,-30.019
76.638,waypoint_3,-21.551,-156.201,-30.019
76.670,waypoint_3,-21.624,-156.261,-30.020
76.704,waypoint_3,-21.698,-156.321,-30.020
76.738,waypoint_3,-21.789,-156.396,-30.020
76.770,waypoint_3,-21.863,-156.457,-30.020
76.804,waypoint_3,-21.936,-156.517,-30.020
76.838,waypoint_3,-22.009,-156.577,-30.020
76.870,waypoint_3,-22.082,-156.637,-30.020
76.904,waypoint_3,-22.156,-156.698,-30.020
76.938,waypoint_3,-22.247,-156.773,-30.020
76.970,waypoint_3,-22.320,-156.834,-30.019
77.004,waypoint_3,-22.394,-156.894,-30.019
77.038,waypoint_3,-22.467,-156.955,-30.018
77.070,waypoint_3,-22.540,-157.015,-30.018
77.104,waypoint_3,-22.613,-157.076,-30.017
77.138,waypoint_3,-22.705,-157.151,-30.017
77.170,waypoint_3,-22.778,-157.212,-30.016
77.204,waypoint_3,-22.852,-157.273,-30.016
77.238,waypoint_3,-22.925,-157.334,-30.015
77.270,waypoint_3,-22.999,-157.394,-30.015
77.304,waypoint_3,-23.073,-157.455,-30.015
77.338,waypoint_3,-23.165,-157.531,-30.015
77.370,waypoint_3,-23.238,-157.592,-30.015
77.404,waypoint_3,-23.312,-157.652,-30.015
77.438,waypoint_3,-23.386,-157.713,-30.015
77.470,waypoint_3,-23.459,-157.774,-30.015
77.504,waypoint_3,-23.533,-157.835,-30.014
77.538,waypoint_3,-23.625,-157.911,-30.014
77.570,waypoint_3,-23.698,-157.972,-30.013
77.604,waypoint_3,-23.772,-158.033,-30.013
77.638,waypoint_3,-23.845,-158.094,-30.012
77.670,waypoint_3,-23.918,-158.155,-30.012
77.704,waypoint_3,-23.992,-158.217,-30.011
77.738,waypoint_3,-24.083,-158.293,-30.010
77.770,waypoint_3,-24.156,-158.355,-30.010
77.804,waypoint_3,-24.229,-158.416,-30.009
77.838,waypoint_3,-24.303,-158.478,-30.009
77.870,waypoint_3,-24.376,-158.540,-30.008
77.904,waypoint_3,-24.449,-158.602,-30.008
77.938,waypoint_3,-24.540,-158.679,-30.008
77.970,waypoint_3,-24.614,-158.742,-30.008
78.004,waypoint_3,-24.687,-158.804,-30.008
78.038,waypoint_3,-24.760,-158.866,-30.008
78.070,waypoint_3,-24.833,-158.929,-30.008
78.104,waypoint_3,-24.906,-158.992,-30.008
78.138,waypoint_3,-24.998,-159.070,-30.008
78.170,waypoint_3,-25.072,-159.133,-30.008
78.204,waypoint_3,-25.145,-159.196,-30.007
78.238,waypoint_3,-25.219,-159.259,-30.007
78.270,waypoint_3,-25.292,-159.321,-30.007
78.304,waypoint_3,-25.366,-159.384,-30.008
78.338,waypoint_3,-25.458,-159.463,-30.008
78.370,waypoint_3,-25.532,-159.525,-30.008
78.404,waypoint_3,-25.606,-159.588,-30.008
78.438,waypoint_3,-25.680,-159.650,-30.008
78.470,waypoint_3,-25.754,-159.713,-30.008
78.504,waypoint_3,-25.828,-159.775,-30.009
78.538,waypoint_3,-25.920,-159.853,-30.009
78.570,waypoint_3,-25.994,-159.914,-30.010
78.604,waypoint_3,-26.068,-159.976,-30.010
78.638,waypoint_3,-26.142,-160.037,-30.011
78.670,waypoint_3,-26.215,-160.099,-30.011
78.704,waypoint_3,-26.289,-160.160,-30.012
78.738,waypoint_3,-26.381,-160.236,-30.013
78.770,waypoint_3,-26.455,-160.297,-30.014
78.804,waypoint_3,-26.528,-160.358,-30.014
78.838,waypoint_3,-26.602,-160.419,-30.015
78.870,waypoint_3,-26.675,-160.480,-30.015
78.904,waypoint_3,-26.748,-160.540,-30.016
78.938,waypoint_3,-26.840,-160.616,-30.016
78.970,waypoint_3,-26.913,-160.677,-30.016
79.004,waypoint_3,-26.987,-160.738,-30.017
79.038,waypoint_3,-27.060,-160.798,-30.017
79.070,waypoint_3,-27.134,-160.859,-30.017
79.104,waypoint_3,-27.207,-160.919,-30.017
79.138,waypoint_3,-27.299,-160.995,-30.017
79.170,waypoint_3,-27.373,-161.056,-30.017
79.204,waypoint_3,-27.447,-161.116,-30.017
79.238,waypoint_3,-27.521,-161.177,-30.017
79.270,waypoint_3,-27.595,-161.238,-30.017
79.304,waypoint_3,-27.669,-161.298,-30.017
79.338,waypoint_3,-27.761,-161.374,-30.017
79.370,waypoint_3,-27.835,-161.435,-30.017
79.404,waypoint_3,-27.908,-161.496,-30.017
79.438,waypoint_3,-27.982,-161.557,-30.017
79.470,waypoint_3,-28.055,-161.618,-30.017
79.504,waypoint_3,-28.129,-161.679,-30.017
79.538,waypoint_3,-28.221,-161.755,-30.016
79.570,waypoint_3,-28.294,-161.816,-30.016
79.604,waypoint_3,-28.367,-161.877,-30.016
79.638,waypoint_3,-28.441,-161.938,-30.016
79.670,waypoint_3,-28.514,-161.998,-30.015
79.704,waypoint_3,-28.587,-162.059,-30.015
79.738,waypoint_3,-28.679,-162.135,-30.015
79.770,waypoint_3,-28.752,-162.196,-30.015
79.804,waypoint_3,-28.825,-162.257,-30.015
79.838,waypoint_3,-28.898,-162.318,-30.015
79.870,waypoint_3,-28.971,-162.379,-30.015
79.904,waypoint_3,-29.044,-162.440,-30.014
79.938,waypoint_3,-29.136,-162.516,-30.014
79.970,waypoint_3,-29.208,-162.578,-30.014
80.004,waypoint_3,-29.281,-162.639,-30.014
80.038,waypoint_3,-29.354,-162.701,-30.014
80.070,waypoint_3,-29.427,-162.762,-30.014
80.104,waypoint_3,-29.500,-162.824,-30.014
80.138,waypoint_3,-29.591,-162.901,-30.014
80.171,waypoint_3,-29.664,-162.962,-30.013
80.205,waypoint_3,-29.737,-163.024,-30.013
80.239,waypoint_3,-29.810,-163.086,-30.013
80.271,waypoint_3,-29.883,-163.148,-30.013
80.305,waypoint_3,-29.956,-163.210,-30.013
80.339,waypoint_3,-30.047,-163.287,-30.012
80.371,waypoint_3,-30.120,-163.349,-30.012
80.405,waypoint_3,-30.194,-163.411,-30.011
80.439,waypoint_3,-30.267,-163.474,-30.011
80.471,waypoint_3,-30.340,-163.536,-30.010
80.505,waypoint_3,-30.413,-163.598,-30.010
80.539,waypoint_3,-30.505,-163.676,-30.009
80.571,waypoint_3,-30.578,-163.738,-30.009
80.605,waypoint_3,-30.652,-163.800,-30.008
80.639,waypoint_3,-30.725,-163.863,-30.008
80.671,waypoint_3,-30.798,-163.925,-30.007
80.705,waypoint_3,-30.872,-163.987,-30.007
80.740,waypoint_3,-30.964,-164.065,-30.007
80.771,waypoint_3,-31.037,-164.128,-30.006
80.805,waypoint_3,-31.111,-164.190,-30.006
80.839,waypoint_3,-31.185,-164.253,-30.006
80.871,waypoint_3,-31.259,-164.315,-30.006
80.905,waypoint_3,-31.333,-164.377,-30.005
80.939,waypoint_3,-31.425,-164.455,-30.005
80.971,waypoint_3,-31.499,-164.517,-30.006
81.005,waypoint_3,-31.573,-164.579,-30.006
81.039,waypoint_3,-31.647,-164.641,-30.006
81.071,waypoint_3,-31.721,-164.703,-30.006
81.105,waypoint_3,-31.795,-164.765,-30.006
81.139,waypoint_3,-31.888,-164.842,-30.006
81.171,waypoint_3,-31.962,-164.904,-30.007
81.205,waypoint_3,-32.036,-164.966,-30.007
81.239,waypoint_3,-32.110,-165.027,-30.007
81.271,waypoint_3,-32.184,-165.089,-30.007
81.305,waypoint_3,-32.258,-165.150,-30.007
81.339,waypoint_3,-32.351,-165.226,-30.007
81.371,waypoint_3,-32.425,-165.288,-30.007
81.405,waypoint_3,-32.499,-165.349,-30.007
81.439,waypoint_3,-32.573,-165.410,-30.007
81.471,waypoint_3,-32.647,-165.470,-30.007
81.505,waypoint_3,-32.721,-165.531,-30.007
81.539,waypoint_3,-32.814,-165.607,-30.008
81.571,waypoint_3,-32.887,-165.668,-30.008
81.605,waypoint_3,-32.961,-165.728,-30.008
81.639,waypoint_3,-33.035,-165.789,-30.008
81.671,waypoint_3,-33.108,-165.849,-30.008
81.705,waypoint_3,-33.182,-165.909,-30.008
81.739,waypoint_3,-33.273,-165.985,-30.008
81.771,waypoint_3,-33.346,-166.045,-30.008
81.805,waypoint_3,-33.419,-166.105,-30.008
81.839,waypoint_3,-33.492,-166.166,-30.009
81.871,waypoint_3,-33.565,-166.226,-30.009
81.905,waypoint_3,-33.637,-166.286,-30.009
81.939,waypoint_3,-33.728,-166.361,-30.010
81.971,waypoint_3,-33.801,-166.422,-30.010
82.005,waypoint_3,-33.873,-166.482,-30.011
82.039,waypoint_3,-33.946,-166.542,-30.011
82.071,waypoint_3,-34.019,-166.602,-30.012
82.105,waypoint_3,-34.091,-166.662,-30.012
82.139,waypoint_3,-34.182,-166.737,-30.013
82.171,waypoint_3,-34.255,-166.796,-30.013
82.205,waypoint_3,-34.327,-166.856,-30.013
82.239,waypoint_3,-34.400,-166.916,-30.014
82.271,waypoint_3,-34.473,-166.976,-30.014
82.305,waypoint_3,-34.545,-167.036,-30.014
82.339,waypoint_3,-34.636,-167.112,-30.015
82.371,waypoint_3,-34.709,-167.172,-30.015
82.405,waypoint_3,-34.783,-167.233,-30.015
82.439,waypoint_3,-34.856,-167.294,-30.015
82.471,waypoint_3,-34.929,-167.355,-30.016
82.505,waypoint_3,-35.002,-167.416,-30.016
82.539,waypoint_3,-35.094,-167.492,-30.016
82.571,waypoint_3,-35.167,-167.553,-30.016
82.605,waypoint_3,-35.241,-167.614,-30.016
82.639,waypoint_3,-35.315,-167.676,-30.016
82.671,waypoint_3,-35.389,-167.737,-30.016
82.705,waypoint_3,-35.463,-167.798,-30.015
82.739,waypoint_3,-35.555,-167.874,-30.015
82.771,waypoint_3,-35.629,-167.936,-30.015
82.805,waypoint_3,-35.702,-167.997,-30.014
82.839,waypoint_3,-35.776,-168.058,-30.014
82.871,waypoint_3,-35.849,-168.119,-30.013
82.905,waypoint_3,-35.923,-168.181,-30.012
82.939,waypoint_3,-36.015,-168.257,-30.012
82.971,waypoint_3,-36.088,-168.319,-30.011
83.005,waypoint_3,-36.162,-168.380,-30.011
83.039,waypoint_3,-36.235,-168.441,-30.010
83.071,waypoint_3,-36.309,-168.502,-30.010
83.105,waypoint_3,-36.382,-168.564,-30.010
83.139,waypoint_3,-36.474,-168.640,-30.010
83.171,waypoint_3,-36.547,-168.702,-30.010
83.205,waypoint_3,-36.621,-168.763,-30.009
83.239,waypoint_3,-36.694,-168.825,-30.009
83.271,waypoint_3,-36.767,-168.886,-30.009
83.305,waypoint_3,-36.841,-168.948,-30.009
83.339,waypoint_3,-36.932,-169.025,-30.009
83.371,waypoint_3,-37.006,-169.086,-30.009
83.405,waypoint_3,-37.079,-169.148,-30.009
83.439,waypoint_3,-37.153,-169.210,-30.009
83.471,waypoint_3,-37.226,-169.272,-30.010
83.505,waypoint_3,-37.300,-169.334,-30.010
83.539,waypoint_3,-37.392,-169.411,-30.011
83.571,waypoint_3,-37.465,-169.473,-30.011
83.605,waypoint_3,-37.539,-169.535,-30.012
83.639,waypoint_3,-37.613,-169.597,-30.012
83.671,waypoint_3,-37.686,-169.659,-30.013
83.705,waypoint_3,-37.760,-169.721,-30.013
83.739,waypoint_3,-37.852,-169.799,-30.014
83.771,waypoint_3,-37.926,-169.861,-30.014
83.805,waypoint_3,-38.000,-169.923,-30.014
83.839,waypoint_3,-38.073,-169.985,-30.014
83.871,waypoint_3,-38.147,-170.047,-30.015
83.905,waypoint_3,-38.221,-170.109,-30.015
83.939,waypoint_3,-38.313,-170.187,-30.015
83.971,waypoint_3,-38.387,-170.249,-30.015
84.005,waypoint_3,-38.462,-170.311,-30.015
84.039,waypoint_3,-38.536,-170.374,-30.015
84.071,waypoint_3,-38.610,-170.436,-30.014
84.105,waypoint_3,-38.684,-170.498,-30.014
84.139,waypoint_3,-38.777,-170.576,-30.014
84.171,waypoint_3,-38.851,-170.638,-30.014
84.205,waypoint_3,-38.925,-170.701,-30.014
84.239,waypoint_3,-39.000,-170.763,-30.014
84.271,waypoint_3,-39.074,-170.825,-30.014
84.305,waypoint_3,-39.148,-170.888,-30.014
84.339,waypoint_3,-39.241,-170.965,-30.014
84.371,waypoint_3,-39.315,-171.028,-30.014
84.405,waypoint_3,-39.390,-171.090,-30.015
84.439,waypoint_3,-39.464,-171.152,-30.015
84.471,waypoint_3,-39.538,-171.214,-30.015
84.505,waypoint_3,-39.612,-171.276,-30.016
84.539,waypoint_3,-39.704,-171.353,-30.016
84.571,waypoint_3,-39.778,-171.415,-30.017
84.605,waypoint_3,-39.852,-171.477,-30.017
84.640,waypoint_3,-39.926,-171.539,-30.018
84.672,waypoint_3,-40.000,-171.601,-30.018
84.706,waypoint_3,-40.074,-171.662,-30.019
84.740,waypoint_3,-40.166,-171.740,-30.019
84.772,waypoint_3,-40.240,-171.802,-30.020
84.806,waypoint_3,-40.314,-171.864,-30.020
84.840,waypoint_3,-40.388,-171.926,-30.021
84.872,waypoint_3,-40.462,-171.987,-30.021
84.906,waypoint_3,-40.535,-172.049,-30.021
84.940,waypoint_3,-40.628,-172.127,-30.022
84.972,waypoint_3,-40.701,-172.189,-30.022
85.006,waypoint_3,-40.775,-172.251,-30.022
85.040,waypoint_3,-40.849,-172.313,-30.022
85.072,waypoint_3,-40.922,-172.375,-30.022
85.106,waypoint_3,-40.996,-172.436,-30.022
85.140,waypoint_3,-41.087,-172.513,-30.022
85.172,waypoint_3,-41.161,-172.575,-30.022
85.206,waypoint_3,-41.234,-172.636,-30.022
85.240,waypoint_3,-41.307,-172.698,-30.022
85.272,waypoint_3,-41.381,-172.760,-30.022
85.306,waypoint_3,-41.454,-172.821,-30.022
85.340,waypoint_3,-41.546,-172.898,-30.021
85.372,waypoint_3,-41.619,-172.960,-30.021
85.406,waypoint_3,-41.693,-173.022,-30.021
85.440,waypoint_3,-41.767,-173.084,-30.021
85.472,waypoint_3,-41.841,-173.146,-30.020
85.506,waypoint_3,-41.915,-173.208,-30.020
85.540,waypoint_3,-42.007,-173.286,-30.019
85.572,waypoint_3,-42.082,-173.348,-30.019
85.606,waypoint_3,-42.156,-173.411,-30.018
85.640,waypoint_3,-42.230,-173.473,-30.018
85.672,waypoint_3,-42.304,-173.535,-30.018
85.706,waypoint_3,-42.378,-173.598,-30.017
85.740,waypoint_3,-42.471,-173.676,-30.017
85.772,waypoint_3,-42.545,-173.739,-30.017
85.806,waypoint_3,-42.619,-173.801,-30.016
85.840,waypoint_3,-42.692,-173.864,-30.016
85.872,waypoint_3,-42.766,-173.927,-30.016
85.906,waypoint_3,-42.840,-173.989,-30.016
85.940,waypoint_3,-42.932,-174.067,-30.015
85.972,waypoint_3,-43.005,-174.130,-30.015
86.006,waypoint_3,-43.078,-174.192,-30.015
86.040,waypoint_3,-43.152,-174.254,-30.014
86.072,waypoint_3,-43.225,-174.316,-30.014
86.106,waypoint_3,-43.298,-174.379,-30.014
86.140,waypoint_3,-43.389,-174.456,-30.013
86.172,waypoint_3,-43.462,-174.518,-30.013
86.206,waypoint_3,-43.534,-174.580,-30.012
86.240,waypoint_3,-43.607,-174.642,-30.012
86.272,waypoint_3,-43.679,-174.703,-30.011
86.306,waypoint_3,-43.751,-174.765,-30.011
86.340,waypoint_3,-43.842,-174.843,-30.010
86.372,waypoint_3,-43.914,-174.904,-30.009
86.406,waypoint_3,-43.986,-174.966,-30.009
86.440,waypoint_3,-44.058,-175.028,-30.008
86.472,waypoint_3,-44.130,-175.090,-30.008
86.506,waypoint_3,-44.202,-175.152,-30.008
86.540,waypoint_3,-44.293,-175.230,-30.007
86.572,waypoint_3,-44.365,-175.291,-30.007
86.606,waypoint_3,-44.437,-175.353,-30.007
86.640,waypoint_3,-44.509,-175.415,-30.007
86.672,waypoint_3,-44.581,-175.476,-30.007
86.706,waypoint_3,-44.653,-175.538,-30.007
86.740,waypoint_3,-44.743,-175.615,-30.007
86.772,waypoint_3,-44.815,-175.676,-30.007
86.806,waypoint_3,-44.887,-175.738,-30.007
86.840,waypoint_3,-44.960,-175.799,-30.007
86.872,waypoint_3,-45.032,-175.860,-30.007
86.906,waypoint_3,-45.105,-175.921,-30.007
86.940,waypoint_3,-45.195,-175.997,-30.008
86.972,waypoint_3,-45.268,-176.058,-30.008
87.008,waypoint_3,-45.340,-176.119,-30.008
87.042,waypoint_3,-45.413,-176.179,-30.008
87.074,waypoint_3,-45.485,-176.240,-30.008
87.108,waypoint_3,-45.558,-176.301,-30.008
87.142,waypoint_3,-45.649,-176.377,-30.008
87.174,waypoint_3,-45.722,-176.438,-30.008
87.208,waypoint_3,-45.794,-176.498,-30.009
87.242,waypoint_3,-45.867,-176.559,-30.009
87.274,waypoint_3,-45.939,-176.620,-30.009
87.308,waypoint_3,-46.012,-176.681,-30.009
87.342,waypoint_3,-46.102,-176.758,-30.009
87.374,waypoint_3,-46.174,-176.819,-30.009
87.408,waypoint_3,-46.247,-176.880,-30.009
87.442,waypoint_3,-46.319,-176.941,-30.009
87.474,waypoint_3,-46.392,-177.002,-30.008
87.508,waypoint_3,-46.465,-177.064,-30.008
87.542,waypoint_3,-46.556,-177.140,-30.008
87.574,waypoint_3,-46.629,-177.202,-30.008
87.608,waypoint_3,-46.702,-177.263,-30.007
87.642,waypoint_3,-46.775,-177.325,-30.007
87.674,waypoint_3,-46.848,-177.387,-30.007
87.708,waypoint_3,-46.921,-177.448,-30.006
87.742,waypoint_3,-47.012,-177.525,-30.006
87.774,waypoint_3,-47.085,-177.587,-30.006
87.808,waypoint_3,-47.158,-177.648,-30.006
87.842,waypoint_3,-47.231,-177.710,-30.006
87.874,waypoint_3,-47.305,-177.771,-30.006
87.908,waypoint_3,-47.378,-177.832,-30.006
87.942,waypoint_3,-47.469,-177.909,-30.006
87.974,waypoint_3,-47.542,-177.970,-30.006
88.008,waypoint_3,-47.615,-178.031,-30.006
88.042,waypoint_3,-47.688,-178.092,-30.007
88.074,waypoint_3,-47.761,-178.154,-30.007
88.108,waypoint_3,-47.834,-178.215,-30.007
88.142,waypoint_3,-47.926,-178.291,-30.007
88.174,waypoint_3,-47.999,-178.353,-30.007
88.208,waypoint_3,-48.072,-178.414,-30.008
88.242,waypoint_3,-48.145,-178.475,-30.008
88.274,waypoint_3,-48.219,-178.537,-30.008
88.308,waypoint_3,-48.292,-178.598,-30.008
88.342,waypoint_3,-48.384,-178.675,-30.009
88.374,waypoint_3,-48.457,-178.737,-30.009
88.408,waypoint_3,-48.530,-178.798,-30.010
88.442,waypoint_3,-48.604,-178.860,-30.010
88.474,waypoint_3,-48.677,-178.922,-30.011
88.508,waypoint_3,-48.751,-178.984,-30.011
88.542,waypoint_3,-48.842,-179.061,-30.012
88.574,waypoint_3,-48.915,-179.123,-30.013
88.608,waypoint_3,-48.989,-179.184,-30.013
88.642,waypoint_3,-49.062,-179.246,-30.013
88.674,waypoint_3,-49.135,-179.307,-30.014
88.708,waypoint_3,-49.209,-179.369,-30.014
88.742,waypoint_3,-49.300,-179.446,-30.014
88.774,waypoint_3,-49.374,-179.507,-30.015
88.808,waypoint_3,-49.447,-179.568,-30.015
88.842,waypoint_3,-49.521,-179.630,-30.015
88.874,waypoint_3,-49.595,-179.691,-30.015
88.908,waypoint_3,-49.668,-179.752,-30.015
88.942,waypoint_3,-49.760,-179.828,-30.015
88.974,waypoint_3,-49.834,-179.890,-30.014
89.008,waypoint_3,-49.908,-179.951,-30.014
89.042,waypoint_3,-49.982,-180.012,-30.013
89.074,waypoint_3,-50.056,-180.073,-30.013
89.108,waypoint_3,-50.130,-180.134,-30.012
89.142,waypoint_3,-50.222,-180.210,-30.011
89.174,waypoint_3,-50.297,-180.271,-30.010
89.208,waypoint_3,-50.371,-180.332,-30.010
89.242,waypoint_3,-50.445,-180.393,-30.009
89.274,waypoint_3,-50.520,-180.454,-30.008
89.308,waypoint_3,-50.594,-180.515,-30.008
89.342,waypoint_3,-50.687,-180.592,-30.007
89.374,waypoint_3,-50.762,-180.653,-30.007
89.408,waypoint_3,-50.837,-180.713,-30.006
89.442,waypoint_3,-50.911,-180.774,-30.006
89.474,waypoint_3,-50.986,-180.835,-30.005
89.508,waypoint_3,-51.061,-180.895,-30.005
89.542,waypoint_3,-51.154,-180.971,-30.005
89.574,waypoint_3,-51.229,-181.031,-30.004
89.608,waypoint_3,-51.304,-181.092,-30.004
89.642,waypoint_3,-51.379,-181.152,-30.004
89.674,waypoint_3,-51.454,-181.212,-30.004
89.708,waypoint_3,-51.529,-181.272,-30.004
89.742,waypoint_3,-51.623,-181.347,-30.003
89.774,waypoint_3,-51.698,-181.407,-30.003
89.808,waypoint_3,-51.772,-181.467,-30.003
89.842,waypoint_3,-51.847,-181.528,-30.003
89.874,waypoint_3,-51.922,-181.588,-30.004
89.908,waypoint_3,-51.997,-181.648,-30.004
89.942,waypoint_3,-52.090,-181.724,-30.004
89.974,waypoint_3,-52.164,-181.784,-30.004
90.008,waypoint_3,-52.238,-181.845,-30.005
90.042,waypoint_3,-52.312,-181.906,-30.005
90.074,waypoint_3,-52.386,-181.967,-30.005
90.108,waypoint_3,-52.460,-182.027,-30.005
90.142,waypoint_3,-52.552,-182.104,-30.006
90.174,waypoint_3,-52.625,-182.165,-30.006
90.208,waypoint_3,-52.698,-182.226,-30.006
90.242,waypoint_3,-52.771,-182.287,-30.006
90.274,waypoint_3,-52.844,-182.348,-30.006
90.308,waypoint_3,-52.918,-182.410,-30.006
90.342,waypoint_3,-53.009,-182.487,-30.006
90.374,waypoint_3,-53.082,-182.548,-30.006
90.408,waypoint_3,-53.155,-182.610,-30.006
90.442,waypoint_3,-53.228,-182.672,-30.006
90.474,waypoint_3,-53.301,-182.734,-30.006
90.508,waypoint_3,-53.374,-182.796,-30.006
90.542,waypoint_3,-53.465,-182.874,-30.005
90.574,waypoint_3,-53.538,-182.937,-30.005
90.608,waypoint_3,-53.611,-182.999,-30.005
90.642,waypoint_3,-53.684,-183.062,-30.005
90.674,waypoint_3,-53.757,-183.125,-30.005
90.708,waypoint_3,-53.831,-183.188,-30.005
90.742,waypoint_3,-53.922,-183.266,-30.004
90.774,waypoint_3,-53.995,-183.329,-30.004
90.808,waypoint_3,-54.068,-183.392,-30.004
90.842,waypoint_3,-54.141,-183.455,-30.004
90.874,waypoint_3,-54.215,-183.519,-30.004
90.908,waypoint_3,-54.288,-183.582,-30.004
90.942,waypoint_3,-54.379,-183.661,-30.004
90.974,waypoint_3,-54.452,-183.724,-30.004
91.008,waypoint_3,-54.526,-183.787,-30.004
91.042,waypoint_3,-54.599,-183.850,-30.004
91.074,waypoint_3,-54.672,-183.913,-30.004
91.108,waypoint_3,-54.745,-183.976,-30.004
91.142,waypoint_3,-54.836,-184.055,-30.004
91.174,waypoint_3,-54.909,-184.117,-30.004
91.208,waypoint_3,-54.982,-184.180,-30.005
91.242,waypoint_3,-55.054,-184.243,-30.005
91.274,waypoint_3,-55.127,-184.306,-30.005
91.308,waypoint_3,-55.200,-184.368,-30.005
91.343,waypoint_3,-55.291,-184.446,-30.005
91.375,waypoint_3,-55.364,-184.508,-30.005
91.409,waypoint_3,-55.437,-184.570,-30.005
91.443,goal,-55.510,-184.632,-30.005
91.475,goal,-55.582,-184.694,-30.007
91.509,goal,-55.655,-184.756,-30.013
91.543,goal,-55.745,-184.833,-30.024
91.575,goal,-55.815,-184.895,-30.035
91.609,goal,-55.884,-184.958,-30.047
91.643,goal,-55.950,-185.021,-30.060
91.675,goal,-56.013,-185.085,-30.072
91.709,goal,-56.073,-185.150,-30.083
91.743,goal,-56.141,-185.233,-30.095
91.775,goal,-56.191,-185.300,-30.103
91.809,goal,-56.236,-185.368,-30.110
91.843,goal,-56.276,-185.437,-30.114
91.875,goal,-56.311,-185.507,-30.118
91.909,goal,-56.341,-185.578,-30.119
91.943,goal,-56.372,-185.668,-30.119
91.975,goal,-56.391,-185.742,-30.117
92.009,goal,-56.406,-185.817,-30.115
92.043,goal,-56.416,-185.893,-30.111
92.075,goal,-56.421,-185.970,-30.107
92.109,goal,-56.422,-186.049,-30.102
92.143,goal,-56.418,-186.148,-30.095
92.175,goal,-56.410,-186.229,-30.089
92.209,goal,-56.399,-186.310,-30.083
92.244,goal,-56.384,-186.393,-30.076
92.276,goal,-56.366,-186.476,-30.070
92.310,goal,-56.345,-186.560,-30.064
92.344,goal,-56.315,-186.667,-30.057
92.376,goal,-56.289,-186.753,-30.052
92.410,goal,-56.260,-186.840,-30.046
92.444,goal,-56.230,-186.928,-30.041
92.476,goal,-56.198,-187.016,-30.037
92.510,goal,-56.165,-187.105,-30.033
92.544,goal,-56.122,-187.217,-30.028
92.576,goal,-56.087,-187.307,-30.025
92.610,goal,-56.050,-187.397,-30.022
92.644,goal,-56.013,-187.488,-30.019
92.676,goal,-55.975,-187.579,-30.017
92.710,goal,-55.937,-187.670,-30.015
92.744,goal,-55.889,-187.785,-30.013
92.776,goal,-55.850,-187.876,-30.012
92.810,goal,-55.811,-187.968,-30.010
92.844,goal,-55.772,-188.060,-30.009
92.876,goal,-55.732,-188.153,-30.009
92.910,goal,-55.693,-188.245,-30.008
92.944,goal,-55.644,-188.360,-30.008
92.977,goal,-55.605,-188.452,-30.007
93.011,goal,-55.565,-188.544,-30.007
93.045,goal,-55.526,-188.635,-30.007
93.077,goal,-55.487,-188.727,-30.006
93.111,goal,-55.447,-188.818,-30.006
93.145,goal,-55.398,-188.932,-30.006
93.178,goal,-55.359,-189.023,-30.006
93.211,goal,-55.320,-189.113,-30.006
93.246,goal,-55.281,-189.204,-30.006
93.278,goal,-55.242,-189.294,-30.006
93.311,goal,-55.203,-189.384,-30.005
93.345,goal,-55.154,-189.496,-30.005
93.378,goal,-55.115,-189.586,-30.005
93.411,goal,-55.076,-189.675,-30.005
93.445,goal,-55.037,-189.764,-30.004
93.479,goal,-54.998,-189.853,-30.004
93.513,goal,-54.959,-189.941,-30.004
93.547,goal,-54.910,-190.052,-30.003
93.579,goal,-54.871,-190.141,-30.003
93.613,goal,-54.831,-190.229,-30.003
93.647,goal,-54.792,-190.317,-30.002
93.679,goal,-54.753,-190.405,-30.002
93.713,goal,-54.713,-190.493,-30.002
93.747,goal,-54.664,-190.603,-30.001
93.779,goal,-54.624,-190.690,-30.001
93.813,goal,-54.584,-190.778,-30.001
93.847,goal,-54.543,-190.865,-30.000
93.879,goal,-54.503,-190.952,-30.000
93.913,goal,-54.463,-191.039,-30.000
93.947,goal,-54.412,-191.148,-29.999
93.979,goal,-54.371,-191.234,-29.999
94.013,goal,-54.330,-191.321,-29.999
94.047,goal,-54.289,-191.407,-29.998
94.079,goal,-54.248,-191.494,-29.998
94.113,goal,-54.207,-191.580,-29.998
94.147,goal,-54.155,-191.688,-29.998
94.179,goal,-54.113,-191.774,-29.997
94.213,goal,-54.071,-191.860,-29.997
94.247,goal,-54.029,-191.946,-29.997
94.279,goal,-53.987,-192.032,-29.997
94.313,goal,-53.945,-192.118,-29.996
94.347,goal,-53.892,-192.225,-29.996
94.379,goal,-53.849,-192.311,-29.995
94.413,goal,-53.807,-192.396,-29.995
94.447,goal,-53.764,-192.482,-29.994
94.479,goal,-53.721,-192.568,-29.994
94.513,goal,-53.678,-192.653,-29.993
94.547,goal,-53.625,-192.760,-29.992
94.579,goal,-53.581,-192.845,-29.992
94.613,goal,-53.538,-192.931,-29.991
94.647,goal,-53.495,-193.016,-29.990
94.679,goal,-53.451,-193.101,-29.990
94.713,goal,-53.408,-193.186,-29.989
94.747,goal,-53.354,-193.292,-29.988
94.779,goal,-53.310,-193.377,-29.988
94.813,goal,-53.267,-193.462,-29.987
94.847,goal,-53.223,-193.547,-29.987
94.879,goal,-53.180,-193.632,-29.987
94.913,goal,-53.136,-193.717,-29.986
94.947,goal,-53.081,-193.822,-29.986
94.979,goal,-53.038,-193.907,-29.986
95.013,goal,-52.994,-193.991,-29.986
95.047,goal,-52.950,-194.075,-29.986
95.079,goal,-52.906,-194.160,-29.985
95.113,goal,-52.863,-194.244,-29.985
95.147,goal,-52.808,-194.349,-29.985
95.179,goal,-52.764,-194.433,-29.985
95.213,goal,-52.719,-194.517,-29.985
95.247,goal,-52.675,-194.602,-29.985
95.279,goal,-52.631,-194.686,-29.985
95.313,goal,-52.587,-194.770,-29.985
95.347,goal,-52.532,-194.875,-29.985
95.379,goal,-52.488,-194.959,-29.985
95.413,goal,-52.443,-195.043,-29.985
95.447,goal,-52.399,-195.128,-29.985
95.479,goal,-52.355,-195.212,-29.985
95.513,goal,-52.311,-195.296,-29.985
95.547,goal,-52.256,-195.402,-29.985
95.579,goal,-52.212,-195.487,-29.985
95.613,goal,-52.168,-195.571,-29.985
95.647,goal,-52.124,-195.656,-29.986
95.679,goal,-52.080,-195.740,-29.986
95.713,goal,-52.036,-195.825,-29.986
95.747,goal,-51.981,-195.931,-29.986
95.779,goal,-51.937,-196.016,-29.986
95.813,goal,-51.893,-196.101,-29.985
95.847,goal,-51.849,-196.185,-29.985
95.879,goal,-51.805,-196.270,-29.985
95.913,goal,-51.760,-196.355,-29.984
95.947,goal,-51.705,-196.462,-29.984
95.979,goal,-51.661,-196.547,-29.984
96.013,goal,-51.617,-196.632,-29.983
96.047,goal,-51.573,-196.717,-29.983
96.079,goal,-51.529,-196.802,-29.983
96.113,goal,-51.484,-196.887,-29.982
96.147,goal,-51.429,-196.993,-29.982
96.179,goal,-51.385,-197.078,-29.982
96.213,goal,-51.340,-197.163,-29.982
96.247,goal,-51.296,-197.248,-29.982
96.279,goal,-51.251,-197.333,-29.982
96.313,goal,-51.206,-197.418,-29.981
96.347,goal,-51.150,-197.524,-29.981
96.379,goal,-51.104,-197.609,-29.981
96.413,goal,-51.059,-197.694,-29.981
96.447,goal,-51.013,-197.779,-29.980
96.479,goal,-50.968,-197.864,-29.980
96.513,goal,-50.922,-197.949,-29.980
96.547,goal,-50.864,-198.056,-29.979
96.579,goal,-50.818,-198.141,-29.979
96.613,goal,-50.772,-198.226,-29.978
96.647,goal,-50.726,-198.311,-29.978
96.679,goal,-50.680,-198.396,-29.978
96.713,goal,-50.633,-198.481,-29.978
96.747,goal,-50.575,-198.587,-29.978
96.779,goal,-50.529,-198.672,-29.978
96.813,goal,-50.482,-198.757,-29.977
96.847,goal,-50.436,-198.842,-29.977
96.879,goal,-50.389,-198.928,-29.977
96.913,goal,-50.343,-199.013,-29.977
96.947,goal,-50.285,-199.119,-29.977
96.979,goal,-50.238,-199.205,-29.976
97.013,goal,-50.192,-199.290,-29.976
97.047,goal,-50.145,-199.376,-29.976
97.080,goal,-50.099,-199.461,-29.977
97.114,goal,-50.052,-199.547,-29.977
97.148,goal,-49.994,-199.654,-29.977
97.181,goal,-49.947,-199.740,-29.977
97.215,goal,-49.900,-199.825,-29.978
97.249,goal,-49.853,-199.911,-29.978
97.281,goal,-49.806,-199.997,-29.978
97.315,goal,-49.759,-200.083,-29.979
97.349,goal,-49.701,-200.190,-29.979
97.381,goal,-49.654,-200.276,-29.980
97.415,goal,-49.608,-200.362,-29.980
97.449,goal,-49.562,-200.448,-29.980
97.481,goal,-49.515,-200.534,-29.981
97.515,goal,-49.469,-200.620,-29.981
97.549,goal,-49.412,-200.728,-29.981
97.581,goal,-49.366,-200.814,-29.982
97.615,goal,-49.320,-200.900,-29.982
97.649,goal,-49.274,-200.986,-29.982
97.681,goal,-49.229,-201.072,-29.982
97.715,goal,-49.183,-201.158,-29.982
97.749,goal,-49.126,-201.266,-29.982
97.781,goal,-49.081,-201.352,-29.982
97.815,goal,-49.035,-201.439,-29.982
97.849,goal,-48.990,-201.525,-29.982
97.881,goal,-48.945,-201.612,-29.982
97.915,goal,-48.900,-201.698,-29.982
97.949,goal,-48.843,-201.807,-29.982
97.981,goal,-48.798,-201.894,-29.982
98.015,goal,-48.753,-201.980,-29.982
98.047,goal,-48.708,-202.067,-29.981
98.081,goal,-48.663,-202.154,-29.981
98.115,goal,-48.618,-202.241,-29.981
98.147,goal,-48.574,-202.327,-29.981
98.181,goal,-48.517,-202.436,-29.981
98.215,goal,-48.472,-202.523,-29.981
98.247,goal,-48.427,-202.610,-29.981
98.281,goal,-48.382,-202.697,-29.981
98.315,goal,-48.337,-202.784,-29.981
98.347,goal,-48.292,-202.871,-29.980
98.381,goal,-48.236,-202.979,-29.980
98.415,goal,-48.191,-203.066,-29.980
98.447,goal,-48.146,-203.153,-29.979
98.481,goal,-48.101,-203.240,-29.979
98.515,goal,-48.056,-203.326,-29.979
98.547,goal,-48.011,-203.413,-29.979
98.581,goal,-47.955,-203.522,-29.979
98.615,goal,-47.911,-203.609,-29.978
98.647,goal,-47.866,-203.696,-29.978
98.681,goal,-47.821,-203.783,-29.978
98.715,goal,-47.777,-203.870,-29.978
98.747,goal,-47.732,-203.957,-29.977
98.781,goal,-47.676,-204.066,-29.977
98.816,goal,-47.632,-204.153,-29.976
98.848,goal,-47.587,-204.240,-29.976
98.882,goal,-47.542,-204.327,-29.975
98.916,goal,-47.498,-204.414,-29.975
98.948,goal,-47.453,-204.501,-29.974
98.982,goal,-47.397,-204.610,-29.973
99.016,goal,-47.353,-204.697,-29.972
99.048,goal,-47.308,-204.784,-29.972
99.082,goal,-47.264,-204.871,-29.971
99.116,goal,-47.220,-204.958,-29.971
99.148,goal,-47.175,-205.045,-29.970
99.182,goal,-47.120,-205.154,-29.970
99.216,goal,-47.076,-205.241,-29.970
99.248,goal,-47.031,-205.328,-29.970
99.282,goal,-46.987,-205.414,-29.969
99.316,goal,-46.942,-205.501,-29.969
99.348,goal,-46.898,-205.588,-29.969
99.382,goal,-46.842,-205.697,-29.969
99.416,goal,-46.797,-205.783,-29.970
99.448,goal,-46.752,-205.870,-29.970
99.483,goal,-46.708,-205.956,-29.970
99.517,goal,-46.663,-206.043,-29.970
99.549,goal,-46.618,-206.129,-29.970
99.583,goal,-46.563,-206.238,-29.970
99.617,goal,-46.518,-206.324,-29.971
99.649,goal,-46.474,-206.411,-29.971
99.683,goal,-46.429,-206.498,-29.972
99.718,goal,-46.385,-206.584,-29.972
99.750,goal,-46.341,-206.671,-29.972
99.784,goal,-46.286,-206.780,-29.972
99.818,goal,-46.242,-206.866,-29.973
99.850,goal,-46.197,-206.953,-29.973
99.884,goal,-46.154,-207.040,-29.973
99.918,goal,-46.110,-207.127,-29.973
99.950,goal,-46.066,-207.214,-29.973
99.984,goal,-46.011,-207.322,-29.974
100.018,goal,-45.968,-207.409,-29.974
100.050,goal,-45.924,-207.496,-29.975
100.084,goal,-45.881,-207.583,-29.975
100.118,goal,-45.838,-207.670,-29.976
100.150,goal,-45.795,-207.757,-29.976
100.184,goal,-45.740,-207.866,-29.977
100.218,goal,-45.697,-207.953,-29.978
100.250,goal,-45.654,-208.040,-29.979
100.284,goal,-45.611,-208.127,-29.979
100.318,goal,-45.568,-208.214,-29.980
100.350,goal,-45.524,-208.301,-29.981
100.384,goal,-45.470,-208.410,-29.982
100.418,goal,-45.426,-208.497,-29.983
100.450,goal,-45.383,-208.584,-29.984
100.484,goal,-45.339,-208.671,-29.985
100.518,goal,-45.296,-208.758,-29.986
100.550,goal,-45.252,-208.844,-29.987
100.584,goal,-45.197,-208.953,-29.988
100.618,goal,-45.154,-209.039,-29.989
100.650,goal,-45.110,-209.126,-29.989
100.684,goal,-45.066,-209.212,-29.990
100.718,goal,-45.022,-209.299,-29.991
100.750,goal,-44.979,-209.386,-29.992
100.784,goal,-44.924,-209.494,-29.993
100.818,goal,-44.880,-209.581,-29.993
100.850,goal,-44.837,-209.668,-29.994
100.884,goal,-44.793,-209.754,-29.995
100.918,goal,-44.750,-209.841,-29.995
100.951,goal,-44.706,-209.927,-29.995
100.984,goal,-44.652,-210.035,-29.995
101.018,goal,-44.608,-210.122,-29.995
101.050,goal,-44.565,-210.208,-29.995
101.084,goal,-44.521,-210.294,-29.994
101.118,goal,-44.478,-210.381,-29.993
101.150,goal,-44.434,-210.467,-29.993
101.184,goal,-44.380,-210.575,-29.992
101.218,goal,-44.336,-210.661,-29.991
101.250,goal,-44.292,-210.747,-29.990
101.284,goal,-44.249,-210.834,-29.990
101.318,goal,-44.205,-210.920,-29.989
101.350,goal,-44.162,-211.007,-29.988
101.384,goal,-44.107,-211.115,-29.987
101.418,goal,-44.064,-211.202,-29.986
101.451,goal,-44.020,-211.288,-29.985
101.485,goal,-43.977,-211.375,-29.985
101.521,goal,-43.934,-211.462,-29.984
101.555,goal,-43.890,-211.548,-29.983
101.589,goal,-43.836,-211.657,-29.983
101.624,goal,-43.792,-211.744,-29.982
101.657,goal,-43.749,-211.831,-29.982
101.690,goal,-43.705,-211.918,-29.982
101.724,goal,-43.662,-212.004,-29.982
101.756,goal,-43.619,-212.091,-29.982
101.790,goal,-43.565,-212.200,-29.982
101.825,goal,-43.522,-212.287,-29.982
101.856,goal,-43.479,-212.374,-29.982
101.890,goal,-43.436,-212.461,-29.982
101.924,goal,-43.393,-212.548,-29.982
101.956,goal,-43.350,-212.635,-29.982
101.991,goal,-43.297,-212.744,-29.982
102.024,goal,-43.255,-212.831,-29.982
102.056,goal,-43.212,-212.918,-29.982
102.090,goal,-43.170,-213.005,-29.982
102.125,goal,-43.127,-213.092,-29.982
102.170,goal,-43.085,-213.180,-29.982
102.207,goal,-43.031,-213.289,-29.982
102.242,goal,-42.989,-213.376,-29.982
102.273,goal,-42.946,-213.464,-29.982
102.307,goal,-42.903,-213.551,-29.982
102.341,goal,-42.861,-213.638,-29.982
102.373,goal,-42.818,-213.726,-29.982
102.408,goal,-42.764,-213.835,-29.982
102.441,goal,-42.722,-213.923,-29.981
102.473,goal,-42.679,-214.010,-29.981
102.507,goal,-42.636,-214.098,-29.980
102.542,goal,-42.593,-214.186,-29.980
102.574,goal,-42.551,-214.273,-29.979
102.607,goal,-42.498,-214.382,-29.979
102.641,goal,-42.455,-214.469,-29.979
102.673,goal,-42.412,-214.557,-29.978
102.708,goal,-42.370,-214.644,-29.978
102.741,goal,-42.328,-214.731,-29.977
102.773,goal,-42.285,-214.818,-29.977
102.807,goal,-42.232,-214.926,-29.977
102.841,goal,-42.189,-215.013,-29.977
102.873,goal,-42.147,-215.100,-29.977
102.908,goal,-42.104,-215.186,-29.977
102.942,goal,-42.061,-215.273,-29.976
102.974,goal,-42.019,-215.359,-29.976
103.007,goal,-41.965,-215.467,-29.976
103.041,goal,-41.922,-215.554,-29.976
103.074,goal,-41.879,-215.640,-29.977
103.107,goal,-41.837,-215.727,-29.977
103.141,goal,-41.794,-215.813,-29.977
103.173,goal,-41.751,-215.900,-29.977
103.208,goal,-41.698,-216.008,-29.977
103.241,goal,-41.655,-216.095,-29.977
103.273,goal,-41.612,-216.181,-29.978
103.308,goal,-41.569,-216.268,-29.978
103.341,goal,-41.527,-216.355,-29.978
103.373,goal,-41.484,-216.442,-29.978
103.407,goal,-41.431,-216.550,-29.978
103.441,goal,-41.388,-216.637,-29.978
103.473,goal,-41.346,-216.725,-29.978
103.507,goal,-41.304,-216.812,-29.978
103.541,goal,-41.262,-216.899,-29.978
103.573,goal,-41.220,-216.987,-29.978
103.607,goal,-41.168,-217.096,-29.978
103.641,goal,-41.126,-217.183,-29.978
103.673,goal,-41.085,-217.270,-29.978
103.707,goal,-41.043,-217.358,-29.979
103.741,goal,-41.002,-217.445,-29.979
103.773,goal,-40.960,-217.533,-29.978
103.808,goal,-40.908,-217.642,-29.978
103.841,goal,-40.867,-217.730,-29.978
103.873,goal,-40.826,-217.817,-29.978
103.907,goal,-40.785,-217.905,-29.978
103.941,goal,-40.743,-217.993,-29.977
103.973,goal,-40.702,-218.080,-29.977
104.007,goal,-40.650,-218.189,-29.977
104.041,goal,-40.609,-218.277,-29.976
104.073,goal,-40.567,-218.364,-29.976
104.107,goal,-40.526,-218.452,-29.976
104.142,goal,-40.484,-218.539,-29.976
104.173,goal,-40.443,-218.626,-29.976
104.207,goal,-40.391,-218.735,-29.976
104.241,goal,-40.350,-218.822,-29.976
104.273,goal,-40.308,-218.909,-29.976
104.307,goal,-40.267,-218.996,-29.976
104.341,goal,-40.225,-219.083,-29.976
104.373,goal,-40.184,-219.170,-29.976
104.407,goal,-40.132,-219.278,-29.976
104.441,goal,-40.091,-219.365,-29.976
104.473,goal,-40.049,-219.452,-29.977
104.507,goal,-40.008,-219.538,-29.977
104.541,goal,-39.967,-219.625,-29.977
104.573,goal,-39.926,-219.712,-29.978
104.608,goal,-39.874,-219.820,-29.978
104.641,goal,-39.833,-219.906,-29.978
104.673,goal,-39.792,-219.993,-29.979
104.707,goal,-39.751,-220.079,-29.979
104.741,goal,-39.710,-220.166,-29.979
104.773,goal,-39.669,-220.253,-29.979
104.807,goal,-39.617,-220.361,-29.980
104.841,goal,-39.576,-220.447,-29.980
104.873,goal,-39.535,-220.534,-29.980
104.907,goal,-39.494,-220.621,-29.981
104.941,goal,-39.453,-220.708,-29.981
104.973,goal,-39.412,-220.794,-29.981
105.007,goal,-39.361,-220.903,-29.982
105.041,goal,-39.320,-220.989,-29.982
105.073,goal,-39.279,-221.076,-29.982
105.107,goal,-39.239,-221.163,-29.982
105.141,goal,-39.198,-221.249,-29.982
105.173,goal,-39.157,-221.336,-29.982
105.207,goal,-39.107,-221.444,-29.982
105.241,goal,-39.066,-221.531,-29.982
105.273,goal,-39.025,-221.618,-29.982
105.309,goal,-38.984,-221.704,-29.982
105.343,goal,-38.943,-221.791,-29.982
105.375,goal,-38.902,-221.878,-29.982
105.409,goal,-38.851,-221.987,-29.981
105.444,goal,-38.810,-222.074,-29.981
105.476,goal,-38.769,-222.161,-29.981
105.510,goal,-38.728,-222.248,-29.981
105.544,goal,-38.686,-222.335,-29.981
105.576,goal,-38.645,-222.422,-29.981
105.610,goal,-38.594,-222.531,-29.981
105.644,goal,-38.553,-222.618,-29.981
105.676,goal,-38.512,-222.706,-29.981
105.710,goal,-38.471,-222.793,-29.981
105.744,goal,-38.430,-222.880,-29.981
105.776,goal,-38.389,-222.967,-29.981
105.810,goal,-38.338,-223.076,-29.981
105.844,goal,-38.297,-223.163,-29.981
105.876,goal,-38.255,-223.250,-29.981
105.910,goal,-38.214,-223.337,-29.982
105.944,goal,-38.173,-223.424,-29.982
105.976,goal,-38.132,-223.511,-29.982
106.010,goal,-38.081,-223.620,-29.983
106.044,goal,-38.040,-223.707,-29.983
106.076,goal,-37.999,-223.794,-29.984
106.110,goal,-37.958,-223.881,-29.984
106.144,goal,-37.917,-223.968,-29.984
106.176,goal,-37.876,-224.054,-29.984
106.210,goal,-37.824,-224.163,-29.985
106.244,goal,-37.783,-224.250,-29.985
106.276,goal,-37.741,-224.337,-29.985
106.310,goal,-37.700,-224.424,-29.985
106.344,goal,-37.658,-224.511,-29.985
106.376,goal,-37.616,-224.598,-29.985
106.410,goal,-37.564,-224.707,-29.985
106.444,goal,-37.522,-224.794,-29.985
106.476,goal,-37.480,-224.881,-29.985
106.510,goal,-37.438,-224.968,-29.985
106.544,goal,-37.397,-225.055,-29.985
106.576,goal,-37.355,-225.143,-29.985
106.610,goal,-37.302,-225.252,-29.986
106.644,goal,-37.260,-225.339,-29.986
106.676,goal,-37.218,-225.426,-29.987
106.710,goal,-37.177,-225.513,-29.987
106.744,goal,-37.135,-225.600,-29.988
106.776,goal,-37.093,-225.688,-29.989
106.810,goal,-37.040,-225.797,-29.990
106.844,goal,-36.998,-225.884,-29.990
106.876,goal,-36.957,-225.971,-29.991
106.910,goal,-36.915,-226.058,-29.991
106.944,goal,-36.873,-226.145,-29.992
106.976,goal,-36.831,-226.233,-29.992
107.010,goal,-36.778,-226.341,-29.993
107.044,goal,-36.736,-226.428,-29.993
107.076,goal,-36.694,-226.515,-29.994
107.110,goal,-36.652,-226.602,-29.994
107.144,goal,-36.610,-226.688,-29.995
107.176,goal,-36.568,-226.775,-29.995
107.210,goal,-36.515,-226.883,-29.996
107.244,goal,-36.473,-226.969,-29.996
107.276,goal,-36.431,-227.055,-29.996
107.310,goal,-36.389,-227.141,-29.997
107.344,goal,-36.347,-227.228,-29.997
107.376,goal,-36.306,-227.314,-29.997
107.410,goal,-36.254,-227.421,-29.997
107.444,goal,-36.212,-227.507,-29.998
107.476,goal,-36.171,-227.593,-29.998
107.510,goal,-36.129,-227.679,-29.998
107.544,goal,-36.088,-227.765,-29.998
107.576,goal,-36.047,-227.851,-29.998
107.610,goal,-35.996,-227.959,-29.999
107.644,goal,-35.955,-228.045,-29.999
107.676,goal,-35.914,-228.131,-29.999
107.710,goal,-35.873,-228.218,-29.999
107.744,goal,-35.832,-228.304,-29.999
107.776,goal,-35.791,-228.391,-29.999
107.810,goal,-35.741,-228.499,-29.999
107.844,goal,-35.700,-228.585,-29.998
107.876,goal,-35.659,-228.672,-29.998
107.910,goal,-35.619,-228.759,-29.997
107.944,goal,-35.578,-228.845,-29.997
107.976,goal,-35.537,-228.932,-29.996
108.010,goal,-35.486,-229.040,-29.995
108.044,goal,-35.445,-229.127,-29.995
108.076,goal,-35.404,-229.214,-29.994
108.110,goal,-35.363,-229.300,-29.994
108.144,goal,-35.322,-229.387,-29.993
108.176,goal,-35.281,-229.474,-29.993
108.210,goal,-35.230,-229.582,-29.992
108.244,goal,-35.188,-229.669,-29.992
108.276,goal,-35.147,-229.756,-29.992
108.310,goal,-35.106,-229.842,-29.991
108.344,goal,-35.065,-229.929,-29.991
108.376,goal,-35.024,-230.016,-29.991
108.410,goal,-34.972,-230.124,-29.990
108.444,goal,-34.931,-230.211,-29.990
108.476,goal,-34.890,-230.298,-29.990
108.511,goal,-34.850,-230.385,-29.990
108.545,goal,-34.809,-230.473,-29.989
108.578,goal,-34.768,-230.560,-29.989
108.612,goal,-34.718,-230.669,-29.988
108.646,goal,-34.677,-230.757,-29.988
108.678,goal,-34.636,-230.844,-29.987
108.712,goal,-34.596,-230.932,-29.987
108.746,goal,-34.555,-231.019,-29.986
108.778,goal,-34.515,-231.106,-29.986
108.812,goal,-34.464,-231.215,-29.985
108.846,goal,-34.423,-231.302,-29.984
108.878,goal,-34.383,-231.390,-29.984
108.912,goal,-34.343,-231.476,-29.983
108.946,goal,-34.302,-231.563,-29.983
108.978,goal,-34.262,-231.650,-29.983
109.012,goal,-34.212,-231.759,-29.982
109.046,goal,-34.172,-231.845,-29.982
109.078,goal,-34.131,-231.932,-29.982
109.112,goal,-34.091,-232.019,-29.981
109.146,goal,-34.051,-232.106,-29.981
109.178,goal,-34.011,-232.193,-29.981
109.212,goal,-33.960,-232.301,-29.980
109.246,goal,-33.920,-232.388,-29.980
109.278,goal,-33.880,-232.475,-29.979
109.312,goal,-33.840,-232.562,-29.979
109.346,goal,-33.800,-232.649,-29.978
109.378,goal,-33.759,-232.736,-29.978
109.412,goal,-33.709,-232.845,-29.977
109.446,goal,-33.669,-232.933,-29.977
109.478,goal,-33.629,-233.020,-29.977
109.512,goal,-33.588,-233.108,-29.976
109.546,goal,-33.548,-233.195,-29.976
109.578,goal,-33.508,-233.283,-29.976
109.612,goal,-33.457,-233.392,-29.976
109.646,goal,-33.417,-233.480,-29.976
109.678,goal,-33.377,-233.567,-29.976
109.712,goal,-33.336,-233.655,-29.976
109.746,goal,-33.296,-233.742,-29.976
109.778,goal,-33.256,-233.830,-29.976
109.812,goal,-33.205,-233.939,-29.976
109.846,goal,-33.165,-234.026,-29.976
109.878,goal,-33.125,-234.114,-29.976
109.912,goal,-33.085,-234.201,-29.976
109.946,goal,-33.045,-234.289,-29.976
109.978,goal,-33.005,-234.377,-29.976
110.012,goal,-32.955,-234.486,-29.976
110.046,goal,-32.916,-234.573,-29.977
110.078,goal,-32.876,-234.660,-29.977
110.112,goal,-32.836,-234.748,-29.977
110.146,goal,-32.797,-234.835,-29.977
110.178,goal,-32.757,-234.922,-29.977
110.212,goal,-32.707,-235.031,-29.977
110.246,goal,-32.667,-235.118,-29.977
110.278,goal,-32.627,-235.205,-29.977
110.312,goal,-32.587,-235.292,-29.977
110.346,goal,-32.547,-235.379,-29.977
110.378,goal,-32.507,-235.466,-29.976
110.412,goal,-32.457,-235.575,-29.976
110.446,goal,-32.417,-235.662,-29.976
110.478,goal,-32.377,-235.749,-29.976
110.512,goal,-32.337,-235.836,-29.976
110.546,goal,-32.297,-235.922,-29.976
110.578,goal,-32.257,-236.009,-29.976
110.612,goal,-32.207,-236.117,-29.976
110.646,goal,-32.167,-236.204,-29.976
110.678,goal,-32.127,-236.290,-29.976
110.712,goal,-32.087,-236.376,-29.976
110.746,goal,-32.047,-236.463,-29.976
110.778,goal,-32.006,-236.549,-29.976
110.812,goal,-31.956,-236.657,-29.976
110.846,goal,-31.916,-236.743,-29.976
110.878,goal,-31.876,-236.829,-29.976
110.912,goal,-31.836,-236.915,-29.976
110.946,goal,-31.795,-237.001,-29.976
110.978,goal,-31.755,-237.087,-29.976
111.012,goal,-31.705,-237.195,-29.976
111.046,goal,-31.665,-237.281,-29.975
111.078,goal,-31.625,-237.368,-29.975
111.112,goal,-31.585,-237.454,-29.975
111.146,goal,-31.545,-237.541,-29.975
111.178,goal,-31.505,-237.627,-29.975
111.214,goal,-31.455,-237.736,-29.974
111.248,goal,-31.415,-237.823,-29.974
111.279,goal,-31.376,-237.910,-29.974
111.313,goal,-31.336,-237.997,-29.974
111.348,approach,-31.296,-238.084,-29.974
111.379,approach,-31.256,-238.171,-29.973
111.414,approach,-31.206,-238.280,-29.968
111.447,approach,-31.167,-238.368,-29.957
111.479,approach,-31.127,-238.455,-29.938
111.514,approach,-31.087,-238.542,-29.914
111.548,approach,-31.048,-238.629,-29.883
111.579,approach,-31.009,-238.716,-29.846
111.613,approach,-30.960,-238.824,-29.794
111.647,approach,-30.921,-238.910,-29.749
111.679,approach,-30.883,-238.995,-29.700
111.715,approach,-30.845,-239.080,-29.650
111.749,approach,-30.807,-239.164,-29.597
111.781,approach,-30.769,-239.246,-29.543
111.814,approach,-30.723,-239.348,-29.475
111.849,approach,-30.686,-239.428,-29.420
111.881,approach,-30.650,-239.506,-29.365
111.915,approach,-30.615,-239.582,-29.309
111.949,approach,-30.581,-239.657,-29.253
111.981,approach,-30.547,-239.729,-29.198
112.015,approach,-30.506,-239.817,-29.129
112.049,approach,-30.474,-239.885,-29.074
112.081,approach,-30.443,-239.951,-29.019
112.114,approach,-30.413,-240.014,-28.964
112.148,approach,-30.384,-240.075,-28.910
112.181,approach,-30.356,-240.133,-28.856
112.216,approach,-30.323,-240.203,-28.789
112.250,approach,-30.297,-240.256,-28.736
112.282,approach,-30.272,-240.307,-28.683
112.316,approach,-30.249,-240.355,-28.630
112.350,approach,-30.227,-240.401,-28.578
112.382,approach,-30.205,-240.445,-28.525
112.416,approach,-30.180,-240.496,-28.460
112.450,approach,-30.162,-240.534,-28.407
112.482,approach,-30.144,-240.570,-28.355
112.516,approach,-30.127,-240.604,-28.303
112.550,approach,-30.112,-240.635,-28.251
112.582,approach,-30.097,-240.665,-28.199
112.616,approach,-30.080,-240.699,-28.134
112.650,approach,-30.067,-240.723,-28.083
112.682,approach,-30.056,-240.746,-28.031
112.716,approach,-30.045,-240.767,-27.980
112.750,approach,-30.035,-240.785,-27.929
112.782,approach,-30.026,-240.802,-27.878
112.816,approach,-30.015,-240.821,-27.814
112.850,approach,-30.007,-240.834,-27.763
112.882,approach,-30.000,-240.846,-27.712
112.916,approach,-29.993,-240.856,-27.661
112.950,approach,-29.987,-240.865,-27.610
112.982,approach,-29.982,-240.872,-27.560
113.016,approach,-29.976,-240.880,-27.497
113.050,approach,-29.971,-240.885,-27.446
113.082,approach,-29.967,-240.888,-27.396
113.116,approach,-29.964,-240.891,-27.346
113.150,approach,-29.961,-240.892,-27.296
113.182,approach,-29.959,-240.893,-27.246
113.216,approach,-29.957,-240.892,-27.183
113.250,approach,-29.956,-240.891,-27.134
113.282,approach,-29.955,-240.889,-27.084
113.316,approach,-29.955,-240.887,-27.034
113.350,approach,-29.955,-240.884,-26.984
113.382,approach,-29.956,-240.880,-26.934
113.416,approach,-29.957,-240.875,-26.872
113.450,approach,-29.959,-240.870,-26.822
113.482,approach,-29.960,-240.865,-26.772
113.516,approach,-29.962,-240.860,-26.722
113.550,approach,-29.965,-240.854,-26.672
113.582,approach,-29.968,-240.849,-26.623
113.616,approach,-29.972,-240.842,-26.560
113.650,approach,-29.975,-240.836,-26.511
113.682,approach,-29.979,-240.830,-26.461
113.716,approach,-29.983,-240.824,-26.411
113.750,approach,-29.987,-240.819,-26.361
113.782,approach,-29.991,-240.813,-26.311
113.816,approach,-29.997,-240.806,-26.249
113.850,approach,-30.001,-240.800,-26.199
113.882,approach,-30.006,-240.794,-26.150
113.916,approach,-30.010,-240.789,-26.100
113.950,approach,-30.015,-240.783,-26.050
113.982,approach,-30.019,-240.778,-26.001
114.016,approach,-30.025,-240.771,-25.939
114.050,approach,-30.029,-240.766,-25.889
114.082,approach,-30.033,-240.761,-25.840
114.116,approach,-30.037,-240.756,-25.790
114.150,approach,-30.042,-240.751,-25.741
114.181,approach,-30.046,-240.746,-25.691
114.216,approach,-30.050,-240.740,-25.630
114.250,approach,-30.054,-240.736,-25.581
114.281,approach,-30.057,-240.732,-25.532
114.318,approach,-30.061,-240.728,-25.483
114.352,approach,-30.064,-240.724,-25.434
114.385,approach,-30.067,-240.721,-25.385
114.419,approach,-30.071,-240.716,-25.324
114.453,approach,-30.073,-240.713,-25.275
114.485,approach,-30.076,-240.710,-25.227
114.519,approach,-30.078,-240.707,-25.178
114.553,approach,-30.080,-240.704,-25.129
114.585,approach,-30.082,-240.702,-25.081
114.619,approach,-30.085,-240.698,-25.020
114.653,approach,-30.086,-240.696,-24.972
114.685,approach,-30.087,-240.693,-24.924
114.719,approach,-30.088,-240.691,-24.875
114.753,approach,-30.089,-240.689,-24.827
114.785,approach,-30.090,-240.687,-24.779
114.819,approach,-30.091,-240.684,-24.719
114.853,approach,-30.092,-240.682,-24.671
114.885,approach,-30.092,-240.680,-24.623
114.919,approach,-30.093,-240.678,-24.575
114.953,approach,-30.093,-240.676,-24.527
114.985,approach,-30.093,-240.674,-24.479
115.019,approach,-30.094,-240.672,-24.419
115.053,approach,-30.094,-240.670,-24.371
115.085,approach,-30.094,-240.668,-24.324
115.119,approach,-30.094,-240.666,-24.276
115.153,approach,-30.094,-240.664,-24.229
115.185,approach,-30.093,-240.662,-24.181
115.219,approach,-30.093,-240.660,-24.122
115.253,approach,-30.092,-240.658,-24.074
115.285,approach,-30.092,-240.656,-24.027
115.319,approach,-30.091,-240.654,-23.980
115.353,approach,-30.090,-240.652,-23.932
115.385,approach,-30.090,-240.650,-23.885
115.419,approach,-30.088,-240.647,-23.826
115.453,approach,-30.087,-240.645,-23.778
115.485,approach,-30.087,-240.643,-23.730
115.519,approach,-30.086,-240.641,-23.683
115.553,approach,-30.085,-240.639,-23.635
115.585,approach,-30.084,-240.638,-23.587
115.619,approach,-30.083,-240.636,-23.528
115.653,approach,-30.083,-240.634,-23.480
115.685,approach,-30.082,-240.633,-23.432
115.719,approach,-30.082,-240.631,-23.384
115.753,approach,-30.081,-240.630,-23.336
115.785,approach,-30.081,-240.628,-23.288
115.819,approach,-30.080,-240.627,-23.229
115.853,approach,-30.080,-240.625,-23.181
115.885,approach,-30.080,-240.624,-23.133
115.919,approach,-30.079,-240.623,-23.085
115.953,approach,-30.079,-240.623,-23.037
115.985,approach,-30.079,-240.622,-22.989
116.019,approach,-30.079,-240.621,-22.929
116.053,approach,-30.079,-240.621,-22.881
116.085,approach,-30.079,-240.621,-22.833
116.119,approach,-30.080,-240.620,-22.785
116.153,approach,-30.080,-240.621,-22.738
116.185,approach,-30.080,-240.621,-22.690
116.219,approach,-30.081,-240.621,-22.630
116.253,approach,-30.081,-240.621,-22.582
116.285,approach,-30.082,-240.622,-22.535
116.319,approach,-30.082,-240.622,-22.487
116.353,approach,-30.082,-240.623,-22.439
116.385,approach,-30.083,-240.623,-22.391
116.419,approach,-30.084,-240.623,-22.331
116.453,approach,-30.084,-240.624,-22.283
116.485,approach,-30.085,-240.624,-22.235
116.519,approach,-30.085,-240.624,-22.187
116.553,approach,-30.086,-240.624,-22.139
116.585,approach,-30.087,-240.624,-22.090
116.619,approach,-30.088,-240.623,-22.030
116.653,approach,-30.089,-240.623,-21.982
116.685,approach,-30.090,-240.622,-21.934
116.719,approach,-30.091,-240.622,-21.885
116.753,approach,-30.092,-240.621,-21.837
116.785,approach,-30.093,-240.621,-21.789
116.819,approach,-30.095,-240.620,-21.728
116.853,approach,-30.096,-240.619,-21.680
116.885,approach,-30.097,-240.618,-21.632
116.919,approach,-30.099,-240.617,-21.583
116.953,approach,-30.100,-240.617,-21.534
116.985,approach,-30.102,-240.616,-21.486
117.019,approach,-30.104,-240.614,-21.425
117.053,approach,-30.105,-240.613,-21.376
117.085,approach,-30.107,-240.612,-21.327
117.119,approach,-30.108,-240.610,-21.279
117.153,approach,-30.110,-240.609,-21.230
117.185,approach,-30.111,-240.607,-21.181
117.219,approach,-30.113,-240.606,-21.120
117.253,approach,-30.114,-240.604,-21.072
117.285,approach,-30.116,-240.603,-21.023
117.319,approach,-30.117,-240.601,-20.975
117.353,approach,-30.118,-240.599,-20.926
117.385,approach,-30.119,-240.598,-20.878
117.419,approach,-30.121,-240.596,-20.817
117.453,approach,-30.122,-240.594,-20.769
117.485,approach,-30.124,-240.593,-20.720
117.519,approach,-30.125,-240.591,-20.672
117.553,approach,-30.126,-240.590,-20.623
117.585,approach,-30.128,-240.588,-20.575
117.619,approach,-30.129,-240.586,-20.514
117.653,approach,-30.130,-240.585,-20.466
117.685,approach,-30.131,-240.584,-20.417
117.719,approach,-30.132,-240.582,-20.369
117.753,approach,-30.133,-240.581,-20.320
117.785,approach,-30.134,-240.580,-20.272
117.819,approach,-30.134,-240.579,-20.212
117.853,approach,-30.135,-240.578,-20.163
117.885,approach,-30.135,-240.578,-20.115
117.919,approach,-30.135,-240.577,-20.067
117.953,approach,-30.135,-240.576,-20.018
117.985,approach,-30.135,-240.576,-19.970
118.019,approach,-30.135,-240.575,-19.910
118.053,approach,-30.135,-240.575,-19.862
118.085,approach,-30.134,-240.575,-19.813
118.119,approach,-30.134,-240.575,-19.765
118.153,approach,-30.134,-240.575,-19.717
118.185,approach,-30.133,-240.575,-19.670
118.219,approach,-30.133,-240.575,-19.610
118.253,approach,-30.132,-240.575,-19.562
118.285,approach,-30.132,-240.576,-19.514
118.319,approach,-30.131,-240.576,-19.466
118.353,approach,-30.131,-240.577,-19.419
118.385,approach,-30.130,-240.577,-19.371
118.419,approach,-30.130,-240.578,-19.311
118.453,approach,-30.129,-240.579,-19.263
118.485,approach,-30.129,-240.579,-19.216
118.519,approach,-30.128,-240.580,-19.168
118.553,approach,-30.128,-240.581,-19.120
118.585,approach,-30.127,-240.581,-19.073
118.619,approach,-30.127,-240.582,-19.013
118.653,approach,-30.126,-240.583,-18.965
118.685,approach,-30.126,-240.583,-18.918
118.719,approach,-30.125,-240.584,-18.870
118.753,approach,-30.125,-240.584,-18.822
118.785,approach,-30.124,-240.585,-18.774
118.819,approach,-30.123,-240.585,-18.714
118.853,approach,-30.122,-240.585,-18.667
118.885,approach,-30.122,-240.585,-18.619
118.919,approach,-30.121,-240.585,-18.571
118.953,approach,-30.121,-240.584,-18.523
118.985,approach,-30.120,-240.584,-18.475
119.019,approach,-30.119,-240.583,-18.415
119.053,approach,-30.119,-240.583,-18.366
119.085,approach,-30.118,-240.582,-18.318
119.119,approach,-30.118,-240.581,-18.269
119.153,approach,-30.117,-240.581,-18.221
119.185,approach,-30.117,-240.580,-18.172
119.219,approach,-30.116,-240.579,-18.111
119.253,approach,-30.115,-240.579,-18.062
119.285,approach,-30.114,-240.578,-18.014
119.319,approach,-30.114,-240.578,-17.965
119.353,approach,-30.113,-240.578,-17.917
119.385,approach,-30.113,-240.578,-17.869
119.419,approach,-30.113,-240.577,-17.808
119.453,approach,-30.112,-240.577,-17.760
119.485,approach,-30.112,-240.577,-17.712
119.519,approach,-30.113,-240.577,-17.664
119.553,approach,-30.113,-240.577,-17.616
119.585,approach,-30.113,-240.577,-17.568
119.619,approach,-30.114,-240.577,-17.509
119.654,approach,-30.114,-240.577,-17.461
119.686,approach,-30.114,-240.577,-17.413
119.720,approach,-30.115,-240.577,-17.365
119.754,approach,-30.115,-240.578,-17.317
119.786,approach,-30.116,-240.578,-17.269
119.820,approach,-30.117,-240.578,-17.210
119.854,approach,-30.117,-240.579,-17.162
119.886,approach,-30.118,-240.579,-17.114
119.920,approach,-30.119,-240.579,-17.066
119.954,approach,-30.119,-240.580,-17.019
119.986,approach,-30.120,-240.580,-16.971
120.020,approach,-30.121,-240.580,-16.911
120.054,approach,-30.122,-240.581,-16.863
120.086,approach,-30.122,-240.581,-16.815
120.120,approach,-30.123,-240.581,-16.767
120.154,approach,-30.123,-240.582,-16.719
120.186,approach,-30.124,-240.582,-16.671
120.220,approach,-30.124,-240.583,-16.611
120.254,approach,-30.125,-240.583,-16.563
120.286,approach,-30.125,-240.584,-16.514
120.320,approach,-30.126,-240.584,-16.466
120.354,approach,-30.126,-240.585,-16.418
120.386,approach,-30.127,-240.585,-16.369
120.420,approach,-30.128,-240.586,-16.309
120.454,approach,-30.128,-240.587,-16.260
120.486,approach,-30.129,-240.587,-16.212
120.520,approach,-30.129,-240.588,-16.164
120.554,approach,-30.130,-240.588,-16.116
120.586,approach,-30.131,-240.589,-16.068
120.620,approach,-30.132,-240.589,-16.008
120.654,approach,-30.133,-240.589,-15.960
120.686,approach,-30.133,-240.590,-15.911
120.720,approach,-30.134,-240.590,-15.863
120.754,approach,-30.135,-240.590,-15.815
120.786,approach,-30.136,-240.591,-15.767
120.820,approach,-30.138,-240.591,-15.707
120.854,approach,-30.139,-240.592,-15.659
120.886,approach,-30.140,-240.592,-15.610
120.920,approach,-30.141,-240.593,-15.562
120.954,approach,-30.142,-240.593,-15.514
120.987,approach,-30.143,-240.594,-15.465
121.021,approach,-30.144,-240.594,-15.405
121.055,approach,-30.145,-240.595,-15.357
121.087,approach,-30.145,-240.595,-15.308
121.121,approach,-30.146,-240.595,-15.260
121.155,approach,-30.146,-240.595,-15.211
121.187,approach,-30.146,-240.596,-15.163
121.221,approach,-30.146,-240.596,-15.102
121.255,approach,-30.146,-240.596,-15.053
121.287,approach,-30.146,-240.596,-15.005
121.321,approach,-30.146,-240.597,-14.956
121.355,approach,-30.145,-240.597,-14.908
121.387,approach,-30.145,-240.598,-14.859
121.421,approach,-30.144,-240.598,-14.799
121.455,approach,-30.143,-240.599,-14.750
121.487,approach,-30.142,-240.599,-14.702
121.521,approach,-30.141,-240.600,-14.653
121.555,approach,-30.140,-240.601,-14.605
121.587,approach,-30.139,-240.601,-14.556
121.621,approach,-30.138,-240.602,-14.495
121.655,approach,-30.137,-240.603,-14.447
121.687,approach,-30.136,-240.604,-14.398
121.721,approach,-30.135,-240.605,-14.349
121.755,approach,-30.134,-240.606,-14.301
121.787,approach,-30.133,-240.607,-14.252
121.821,approach,-30.131,-240.609,-14.191
121.855,approach,-30.130,-240.610,-14.142
121.887,approach,-30.129,-240.611,-14.093
121.921,approach,-30.128,-240.612,-14.045
121.955,approach,-30.127,-240.614,-13.996
121.987,approach,-30.126,-240.615,-13.948
122.021,approach,-30.125,-240.617,-13.887
122.055,approach,-30.124,-240.618,-13.839
122.087,approach,-30.122,-240.620,-13.790
122.121,approach,-30.121,-240.621,-13.742
122.155,approach,-30.120,-240.622,-13.693
122.187,approach,-30.119,-240.624,-13.645
122.221,approach,-30.118,-240.626,-13.584
122.255,approach,-30.117,-240.628,-13.536
122.287,approach,-30.116,-240.629,-13.488
122.321,approach,-30.115,-240.631,-13.439
122.355,approach,-30.114,-240.632,-13.391
122.387,approach,-30.113,-240.634,-13.342
122.421,approach,-30.111,-240.635,-13.282
122.455,approach,-30.110,-240.637,-13.234
122.487,approach,-30.109,-240.638,-13.185
122.521,approach,-30.108,-240.639,-13.137
122.555,approach,-30.107,-240.640,-13.088
122.587,approach,-30.106,-240.641,-13.040
122.621,approach,-30.105,-240.642,-12.980
122.655,approach,-30.104,-240.643,-12.931
122.687,approach,-30.103,-240.643,-12.883
122.721,approach,-30.102,-240.644,-12.834
122.755,approach,-30.101,-240.644,-12.786
122.787,approach,-30.101,-240.644,-12.737
122.821,approach,-30.100,-240.645,-12.677
122.855,approach,-30.099,-240.645,-12.629
122.887,approach,-30.099,-240.645,-12.581
122.921,approach,-30.098,-240.645,-12.533
122.955,approach,-30.097,-240.645,-12.485
122.987,approach,-30.096,-240.645,-12.437
123.022,approach,-30.096,-240.645,-12.377
123.054,approach,-30.095,-240.645,-12.329
123.088,approach,-30.094,-240.645,-12.281
123.122,approach,-30.094,-240.645,-12.233
123.154,approach,-30.093,-240.644,-12.185
123.188,approach,-30.092,-240.644,-12.126
123.222,approach,-30.092,-240.644,-12.078
123.254,approach,-30.092,-240.644,-12.030
123.288,approach,-30.091,-240.643,-11.982
123.322,approach,-30.091,-240.643,-11.934
123.354,approach,-30.091,-240.643,-11.886
123.388,approach,-30.091,-240.643,-11.826
123.422,approach,-30.091,-240.643,-11.778
123.454,approach,-30.091,-240.642,-11.730
123.488,approach,-30.091,-240.642,-11.682
123.522,approach,-30.091,-240.642,-11.634
123.554,approach,-30.091,-240.642,-11.586
123.595,approach,-30.091,-240.642,-11.526
123.629,approach,-30.091,-240.642,-11.478
123.662,approach,-30.091,-240.642,-11.430
123.695,approach,-30.091,-240.642,-11.382
123.729,approach,-30.091,-240.642,-11.334
123.761,approach,-30.091,-240.642,-11.286
123.795,approach,-30.091,-240.641,-11.227
123.829,approach,-30.091,-240.641,-11.179
123.861,approach,-30.090,-240.641,-11.131
123.895,approach,-30.090,-240.641,-11.083
123.929,approach,-30.090,-240.641,-11.036
123.961,approach,-30.090,-240.641,-10.988
123.995,approach,-30.090,-240.640,-10.929
124.030,approach,-30.089,-240.640,-10.881
124.061,approach,-30.089,-240.640,-10.834
124.095,approach,-30.089,-240.640,-10.786
124.129,approach,-30.089,-240.640,-10.739
124.162,approach,-30.088,-240.641,-10.692
124.195,approach,-30.088,-240.641,-10.632
124.229,approach,-30.088,-240.641,-10.585
124.261,approach,-30.087,-240.641,-10.538
124.295,approach,-30.087,-240.641,-10.490
124.330,approach,-30.087,-240.641,-10.443
124.361,approach,-30.087,-240.642,-10.396
124.395,approach,-30.087,-240.642,-10.337
124.429,approach,-30.087,-240.642,-10.289
124.461,approach,-30.087,-240.643,-10.242
124.495,approach,-30.087,-240.643,-10.195
124.530,approach,-30.087,-240.644,-10.148
124.561,approach,-30.087,-240.645,-10.100
124.595,approach,-30.088,-240.646,-10.041
124.629,approach,-30.088,-240.647,-9.994
124.661,approach,-30.088,-240.647,-9.946
124.696,approach,-30.089,-240.648,-9.899
124.729,approach,-30.089,-240.649,-9.851
124.761,approach,-30.089,-240.650,-9.804
124.795,approach,-30.089,-240.651,-9.744
124.830,approach,-30.089,-240.652,-9.697
124.861,approach,-30.089,-240.653,-9.649
124.895,approach,-30.088,-240.654,-9.601
124.930,approach,-30.088,-240.654,-9.553
124.961,approach,-30.087,-240.655,-9.505
124.995,approach,-30.087,-240.656,-9.445
125.029,approach,-30.086,-240.657,-9.397
125.062,approach,-30.086,-240.658,-9.349
125.095,approach,-30.085,-240.658,-9.301
125.129,approach,-30.085,-240.659,-9.253
125.161,approach,-30.084,-240.660,-9.205
125.195,approach,-30.084,-240.661,-9.145
125.230,approach,-30.083,-240.662,-9.097
125.261,approach,-30.082,-240.663,-9.049
125.295,approach,-30.082,-240.664,-9.001
125.329,approach,-30.081,-240.665,-8.953
125.361,approach,-30.081,-240.665,-8.905
125.395,approach,-30.080,-240.666,-8.845
125.429,approach,-30.080,-240.667,-8.797
125.461,approach,-30.080,-240.668,-8.749
125.496,approach,-30.079,-240.668,-8.701
125.530,approach,-30.079,-240.669,-8.653
125.561,approach,-30.079,-240.669,-8.605
125.599,approach,-30.078,-240.670,-8.545
125.637,approach,-30.078,-240.670,-8.497
125.670,approach,-30.077,-240.670,-8.449
125.706,approach,-30.077,-240.670,-8.402
125.740,approach,-30.076,-240.670,-8.354
125.772,approach,-30.076,-240.670,-8.306
125.807,approach,-30.075,-240.670,-8.246
125.841,approach,-30.075,-240.670,-8.198
125.873,approach,-30.074,-240.670,-8.150
125.907,approach,-30.074,-240.670,-8.102
125.941,approach,-30.074,-240.670,-8.054
125.973,approach,-30.073,-240.670,-8.007
126.007,approach,-30.073,-240.670,-7.947
126.041,approach,-30.073,-240.670,-7.899
126.073,approach,-30.073,-240.670,-7.851
126.107,approach,-30.073,-240.670,-7.803
126.141,approach,-30.073,-240.670,-7.756
126.173,approach,-30.074,-240.670,-7.708
126.207,approach,-30.074,-240.671,-7.648
126.241,approach,-30.074,-240.671,-7.600
126.273,approach,-30.074,-240.671,-7.552
126.307,approach,-30.075,-240.671,-7.504
126.341,approach,-30.075,-240.672,-7.456
126.373,approach,-30.075,-240.672,-7.408
126.407,approach,-30.075,-240.672,-7.348
126.441,approach,-30.075,-240.673,-7.300
126.473,approach,-30.075,-240.673,-7.252
126.507,approach,-30.075,-240.674,-7.204
126.541,approach,-30.074,-240.674,-7.157
126.573,approach,-30.074,-240.674,-7.109
126.607,approach,-30.074,-240.674,-7.049
126.642,approach,-30.073,-240.674,-7.001
126.674,approach,-30.073,-240.674,-6.953
126.708,approach,-30.073,-240.673,-6.905
126.742,approach,-30.072,-240.673,-6.857
126.774,approach,-30.072,-240.673,-6.809
126.808,approach,-30.072,-240.673,-6.749
126.842,approach,-30.071,-240.673,-6.701
126.874,approach,-30.071,-240.673,-6.654
126.908,approach,-30.070,-240.674,-6.606
126.942,approach,-30.070,-240.674,-6.557
126.974,approach,-30.070,-240.674,-6.509
127.008,approach,-30.070,-240.674,-6.449
127.044,approach,-30.070,-240.674,-6.401
127.076,approach,-30.070,-240.674,-6.353
127.110,approach,-30.070,-240.675,-6.305
127.144,approach,-30.071,-240.675,-6.257
127.176,approach,-30.071,-240.674,-6.208
127.210,approach,-30.072,-240.674,-6.148
127.244,approach,-30.073,-240.674,-6.099
127.276,approach,-30.073,-240.674,-6.051
127.310,approach,-30.074,-240.674,-6.002
127.344,approach,-30.075,-240.674,-5.954
127.376,approach,-30.076,-240.673,-5.905
127.410,approach,-30.077,-240.673,-5.845
127.444,approach,-30.078,-240.673,-5.796
127.476,approach,-30.079,-240.673,-5.747
127.510,approach,-30.080,-240.672,-5.698
127.544,approach,-30.081,-240.672,-5.650
127.576,approach,-30.082,-240.672,-5.601
127.610,approach,-30.083,-240.671,-5.540
127.644,approach,-30.084,-240.671,-5.492
127.676,approach,-30.085,-240.670,-5.443
127.710,approach,-30.086,-240.670,-5.395
127.744,approach,-30.087,-240.669,-5.346
127.776,approach,-30.088,-240.669,-5.298
127.810,approach,-30.089,-240.668,-5.237
127.844,approach,-30.090,-240.667,-5.189
127.876,approach,-30.090,-240.667,-5.141
127.910,approach,-30.091,-240.666,-5.093
127.944,approach,-30.092,-240.666,-5.045
127.976,approach,-30.092,-240.665,-4.997
128.010,approach,-30.093,-240.665,-4.938
128.044,approach,-30.094,-240.665,-4.890
128.076,approach,-30.094,-240.665,-4.842
128.110,approach,-30.094,-240.664,-4.794
128.144,approach,-30.095,-240.664,-4.747
128.176,approach,-30.095,-240.664,-4.699
128.210,approach,-30.095,-240.664,-4.640
128.244,approach,-30.095,-240.664,-4.592
128.276,approach,-30.095,-240.664,-4.545
128.310,approach,-30.095,-240.664,-4.497
128.344,approach,-30.095,-240.664,-4.449
128.376,approach,-30.094,-240.664,-4.402
128.410,approach,-30.094,-240.663,-4.342
128.444,approach,-30.094,-240.663,-4.295
128.476,approach,-30.094,-240.663,-4.247
128.510,approach,-30.094,-240.663,-4.199
128.544,approach,-30.093,-240.663,-4.152
128.576,approach,-30.093,-240.663,-4.104
128.610,approach,-30.093,-240.663,-4.045
128.644,approach,-30.092,-240.663,-3.997
128.677,approach,-30.092,-240.663,-3.949
128.711,approach,-30.092,-240.663,-3.902
128.745,approach,-30.091,-240.664,-3.854
128.777,approach,-30.091,-240.664,-3.807
128.811,approach,-30.091,-240.664,-3.747
128.845,approach,-30.091,-240.665,-3.699
128.877,approach,-30.091,-240.665,-3.651
128.911,approach,-30.091,-240.666,-3.603
128.945,approach,-30.091,-240.666,-3.555
128.977,approach,-30.091,-240.667,-3.507
129.012,approach,-30.091,-240.668,-3.447
129.046,approach,-30.091,-240.668,-3.399
129.078,approach,-30.091,-240.669,-3.351
129.112,approach,-30.091,-240.669,-3.303
129.146,approach,-30.091,-240.670,-3.256
129.178,approach,-30.091,-240.670,-3.208
129.228,approach,-30.092,-240.670,-3.148
129.267,approach,-30.092,-240.670,-3.100
129.303,approach,-30.092,-240.671,-3.052
129.336,approach,-30.092,-240.671,-3.004
129.370,approach,-30.092,-240.671,-2.956
129.402,approach,-30.092,-240.671,-2.909
129.436,approach,-30.093,-240.671,-2.849
129.470,approach,-30.093,-240.671,-2.801
129.502,approach,-30.093,-240.671,-2.753
129.536,approach,-30.093,-240.670,-2.705
129.570,approach,-30.093,-240.670,-2.657
129.602,approach,-30.093,-240.669,-2.609
129.636,approach,-30.093,-240.668,-2.549
129.670,approach,-30.093,-240.668,-2.501
129.702,approach,-30.093,-240.667,-2.453
129.736,approach,-30.093,-240.666,-2.405
129.770,approach,-30.093,-240.665,-2.357
129.802,approach,-30.093,-240.664,-2.310
129.836,approach,-30.093,-240.663,-2.250
129.870,approach,-30.093,-240.663,-2.202
129.902,approach,-30.093,-240.662,-2.154
129.936,approach,-30.093,-240.661,-2.105
129.970,approach,-30.093,-240.660,-2.057
130.017,approach,-30.093,-240.660,-2.010
130.056,approach,-30.092,-240.659,-1.952
130.090,approach,-30.092,-240.658,-1.906
130.122,approach,-30.092,-240.658,-1.862
130.156,approach,-30.092,-240.657,-1.819
130.190,approach,-30.092,-240.657,-1.777
130.222,approach,-30.091,-240.656,-1.737
130.256,approach,-30.091,-240.656,-1.688
130.290,approach,-30.091,-240.656,-1.651
