elapsed_sec,phase,north_m,east_m,down_m
0.012,takeoff,-0.011,-0.007,-0.032
0.046,takeoff,-0.011,-0.007,-0.032
0.080,takeoff,-0.011,-0.008,-0.032
0.112,takeoff,-0.012,-0.009,-0.032
0.146,takeoff,-0.012,-0.010,-0.031
0.180,takeoff,-0.013,-0.011,-0.031
0.212,takeoff,-0.013,-0.012,-0.031
0.246,takeoff,-0.014,-0.013,-0.031
0.280,takeoff,-0.014,-0.013,-0.030
0.312,takeoff,-0.015,-0.014,-0.030
0.346,takeoff,-0.016,-0.014,-0.030
0.380,takeoff,-0.017,-0.014,-0.030
0.412,takeoff,-0.017,-0.015,-0.030
0.446,takeoff,-0.018,-0.015,-0.029
0.480,takeoff,-0.019,-0.015,-0.029
0.512,takeoff,-0.020,-0.015,-0.029
0.546,takeoff,-0.020,-0.015,-0.028
0.580,takeoff,-0.021,-0.015,-0.027
0.612,takeoff,-0.021,-0.014,-0.027
0.646,takeoff,-0.021,-0.014,-0.026
0.680,takeoff,-0.021,-0.014,-0.025
0.712,takeoff,-0.021,-0.014,-0.025
0.746,takeoff,-0.022,-0.014,-0.024
0.780,takeoff,-0.022,-0.013,-0.024
0.812,takeoff,-0.022,-0.014,-0.023
0.846,takeoff,-0.022,-0.014,-0.023
0.880,takeoff,-0.023,-0.014,-0.023
0.912,takeoff,-0.023,-0.014,-0.022
0.946,takeoff,-0.024,-0.015,-0.022
0.980,takeoff,-0.024,-0.015,-0.022
1.012,takeoff,-0.025,-0.016,-0.022
1.046,takeoff,-0.025,-0.017,-0.021
1.080,takeoff,-0.026,-0.018,-0.021
1.112,takeoff,-0.026,-0.019,-0.021
1.146,takeoff,-0.027,-0.020,-0.020
1.180,takeoff,-0.027,-0.021,-0.020
1.212,takeoff,-0.027,-0.022,-0.019
1.246,takeoff,-0.027,-0.023,-0.018
1.280,takeoff,-0.027,-0.024,-0.017
1.312,takeoff,-0.027,-0.025,-0.016
1.346,takeoff,-0.027,-0.025,-0.015
1.380,takeoff,-0.027,-0.025,-0.014
1.412,takeoff,-0.027,-0.026,-0.013
1.446,takeoff,-0.027,-0.026,-0.011
1.480,takeoff,-0.027,-0.026,-0.010
1.512,takeoff,-0.027,-0.025,-0.009
1.546,takeoff,-0.026,-0.025,-0.008
1.580,takeoff,-0.026,-0.025,-0.007
1.612,takeoff,-0.026,-0.024,-0.006
1.646,takeoff,-0.026,-0.023,-0.004
1.680,takeoff,-0.026,-0.023,-0.003
1.712,takeoff,-0.026,-0.022,-0.002
1.746,takeoff,-0.026,-0.022,-0.001
1.781,takeoff,-0.026,-0.021,-0.001
1.813,takeoff,-0.026,-0.020,0.000
1.852,takeoff,-0.026,-0.020,0.001
1.889,takeoff,-0.026,-0.019,0.002
1.922,takeoff,-0.027,-0.019,0.002
1.958,takeoff,-0.027,-0.018,0.003
1.995,takeoff,-0.027,-0.018,0.004
2.029,takeoff,-0.027,-0.018,0.004
2.068,takeoff,-0.028,-0.017,0.005
2.102,takeoff,-0.028,-0.017,0.006
2.134,takeoff,-0.029,-0.016,0.006
2.168,takeoff,-0.029,-0.016,0.007
2.202,takeoff,-0.030,-0.015,0.006
2.234,takeoff,-0.031,-0.015,0.005
2.269,takeoff,-0.032,-0.015,0.001
2.303,takeoff,-0.033,-0.015,-0.003
2.335,takeoff,-0.034,-0.015,-0.010
2.369,takeoff,-0.036,-0.015,-0.019
2.403,takeoff,-0.037,-0.014,-0.030
2.435,takeoff,-0.038,-0.014,-0.043
2.469,takeoff,-0.040,-0.013,-0.064
2.503,takeoff,-0.041,-0.011,-0.083
2.535,takeoff,-0.042,-0.009,-0.105
2.569,takeoff,-0.043,-0.007,-0.129
2.603,takeoff,-0.044,-0.005,-0.156
2.635,takeoff,-0.045,-0.002,-0.186
2.669,takeoff,-0.045,0.002,-0.226
2.703,takeoff,-0.046,0.005,-0.262
2.735,takeoff,-0.046,0.009,-0.300
2.769,takeoff,-0.046,0.013,-0.340
2.803,takeoff,-0.046,0.016,-0.384
2.835,takeoff,-0.046,0.020,-0.429
2.869,takeoff,-0.046,0.025,-0.490
2.903,takeoff,-0.045,0.029,-0.542
2.935,takeoff,-0.044,0.033,-0.595
2.969,takeoff,-0.043,0.037,-0.652
3.003,takeoff,-0.043,0.041,-0.711
3.035,takeoff,-0.041,0.044,-0.772
3.069,takeoff,-0.040,0.048,-0.852
3.103,takeoff,-0.039,0.051,-0.919
3.135,takeoff,-0.038,0.053,-0.989
3.169,takeoff,-0.036,0.056,-1.061
3.203,takeoff,-0.035,0.058,-1.135
3.235,takeoff,-0.034,0.060,-1.211
3.269,takeoff,-0.033,0.062,-1.309
3.303,takeoff,-0.032,0.063,-1.389
3.335,takeoff,-0.031,0.065,-1.470
3.369,takeoff,-0.030,0.066,-1.551
3.403,takeoff,-0.030,0.066,-1.633
3.435,takeoff,-0.029,0.067,-1.716
3.469,takeoff,-0.029,0.068,-1.820
3.503,takeoff,-0.029,0.068,-1.904
3.535,takeoff,-0.029,0.068,-1.987
3.569,takeoff,-0.029,0.068,-2.071
3.603,takeoff,-0.030,0.067,-2.155
3.635,takeoff,-0.030,0.067,-2.240
3.669,takeoff,-0.031,0.067,-2.345
3.703,takeoff,-0.032,0.066,-2.430
3.735,takeoff,-0.033,0.065,-2.515
3.769,takeoff,-0.034,0.065,-2.600
3.803,takeoff,-0.035,0.064,-2.686
3.835,takeoff,-0.037,0.063,-2.771
3.869,takeoff,-0.038,0.062,-2.878
3.903,takeoff,-0.040,0.062,-2.964
3.935,takeoff,-0.041,0.061,-3.050
3.969,takeoff,-0.042,0.060,-3.137
4.003,takeoff,-0.044,0.059,-3.223
4.035,takeoff,-0.045,0.058,-3.309
4.069,takeoff,-0.046,0.057,-3.418
4.103,takeoff,-0.048,0.057,-3.505
4.135,takeoff,-0.049,0.056,-3.592
4.169,takeoff,-0.051,0.056,-3.680
4.203,takeoff,-0.052,0.055,-3.767
4.235,takeoff,-0.054,0.054,-3.855
4.269,takeoff,-0.056,0.054,-3.965
4.303,takeoff,-0.058,0.053,-4.053
4.335,takeoff,-0.060,0.053,-4.141
4.369,takeoff,-0.062,0.052,-4.229
4.403,takeoff,-0.065,0.052,-4.317
4.435,takeoff,-0.067,0.052,-4.405
4.470,takeoff,-0.070,0.051,-4.516
4.507,takeoff,-0.072,0.051,-4.604
4.546,takeoff,-0.075,0.050,-4.693
4.580,takeoff,-0.077,0.049,-4.781
4.614,takeoff,-0.080,0.049,-4.870
4.647,takeoff,-0.082,0.048,-4.958
4.681,takeoff,-0.085,0.047,-5.069
4.714,takeoff,-0.088,0.046,-5.158
4.748,takeoff,-0.090,0.045,-5.247
4.782,takeoff,-0.092,0.044,-5.336
4.814,takeoff,-0.095,0.043,-5.425
4.848,takeoff,-0.097,0.041,-5.536
4.882,takeoff,-0.099,0.040,-5.625
4.914,takeoff,-0.101,0.038,-5.714
4.948,takeoff,-0.103,0.037,-5.804
4.983,takeoff,-0.105,0.035,-5.893
5.015,takeoff,-0.106,0.033,-5.982
5.049,takeoff,-0.109,0.030,-6.094
5.083,takeoff,-0.110,0.028,-6.184
5.115,takeoff,-0.112,0.026,-6.273
5.149,takeoff,-0.113,0.024,-6.363
5.183,takeoff,-0.115,0.021,-6.453
5.215,takeoff,-0.116,0.019,-6.543
5.249,takeoff,-0.117,0.015,-6.655
5.283,takeoff,-0.118,0.013,-6.745
5.315,takeoff,-0.119,0.010,-6.836
5.349,takeoff,-0.120,0.007,-6.926
5.384,takeoff,-0.121,0.004,-7.016
5.416,takeoff,-0.122,0.001,-7.107
5.450,takeoff,-0.122,-0.003,-7.220
5.486,takeoff,-0.123,-0.005,-7.310
5.517,takeoff,-0.123,-0.008,-7.401
5.551,takeoff,-0.123,-0.011,-7.492
5.585,takeoff,-0.123,-0.013,-7.582
5.618,takeoff,-0.123,-0.015,-7.673
5.651,takeoff,-0.123,-0.018,-7.786
5.685,takeoff,-0.123,-0.020,-7.877
5.717,takeoff,-0.122,-0.022,-7.967
5.751,takeoff,-0.121,-0.024,-8.058
5.785,takeoff,-0.120,-0.026,-8.149
5.817,takeoff,-0.119,-0.028,-8.240
5.851,takeoff,-0.118,-0.030,-8.354
5.885,takeoff,-0.116,-0.031,-8.445
5.917,takeoff,-0.115,-0.033,-8.536
5.951,takeoff,-0.114,-0.035,-8.628
5.985,takeoff,-0.112,-0.036,-8.720
6.017,takeoff,-0.110,-0.038,-8.811
6.052,takeoff,-0.108,-0.040,-8.926
6.085,takeoff,-0.106,-0.042,-9.018
6.117,takeoff,-0.104,-0.044,-9.110
6.151,takeoff,-0.102,-0.046,-9.203
6.185,takeoff,-0.100,-0.048,-9.295
6.217,takeoff,-0.098,-0.050,-9.387
6.251,takeoff,-0.095,-0.052,-9.502
6.285,takeoff,-0.092,-0.055,-9.595
6.317,takeoff,-0.090,-0.057,-9.687
6.351,takeoff,-0.087,-0.059,-9.779
6.385,takeoff,-0.084,-0.061,-9.872
6.417,takeoff,-0.082,-0.063,-9.964
6.451,takeoff,-0.078,-0.066,-10.080
6.485,takeoff,-0.076,-0.068,-10.172
6.517,takeoff,-0.073,-0.069,-10.265
6.556,takeoff,-0.071,-0.071,-10.357
6.596,takeoff,-0.068,-0.073,-10.450
6.629,takeoff,-0.065,-0.075,-10.542
6.664,takeoff,-0.062,-0.077,-10.658
6.700,takeoff,-0.059,-0.079,-10.751
6.731,takeoff,-0.057,-0.080,-10.843
6.770,takeoff,-0.054,-0.081,-10.936
6.805,takeoff,-0.051,-0.083,-11.029
6.837,takeoff,-0.048,-0.084,-11.122
6.871,takeoff,-0.044,-0.085,-11.238
6.906,takeoff,-0.041,-0.086,-11.331
6.938,takeoff,-0.038,-0.087,-11.424
6.972,takeoff,-0.036,-0.088,-11.516
7.006,takeoff,-0.033,-0.088,-11.609
7.038,takeoff,-0.030,-0.089,-11.702
7.072,takeoff,-0.027,-0.089,-11.819
7.106,takeoff,-0.024,-0.090,-11.912
7.138,takeoff,-0.022,-0.090,-12.005
7.172,takeoff,-0.019,-0.090,-12.098
7.206,takeoff,-0.017,-0.090,-12.191
7.239,takeoff,-0.014,-0.090,-12.284
7.273,takeoff,-0.011,-0.090,-12.401
7.306,takeoff,-0.008,-0.090,-12.494
7.338,takeoff,-0.006,-0.090,-12.587
7.373,takeoff,-0.003,-0.090,-12.680
7.407,takeoff,-0.001,-0.089,-12.773
7.438,takeoff,0.002,-0.089,-12.867
7.472,takeoff,0.005,-0.088,-12.983
7.506,takeoff,0.008,-0.087,-13.077
7.538,takeoff,0.011,-0.086,-13.170
7.573,takeoff,0.013,-0.086,-13.263
7.608,takeoff,0.016,-0.085,-13.357
7.640,takeoff,0.018,-0.084,-13.450
7.675,takeoff,0.021,-0.082,-13.567
7.709,takeoff,0.024,-0.081,-13.660
7.742,takeoff,0.026,-0.080,-13.753
7.775,takeoff,0.029,-0.079,-13.847
7.809,takeoff,0.031,-0.077,-13.941
7.842,takeoff,0.033,-0.075,-14.034
7.876,takeoff,0.036,-0.073,-14.151
7.910,takeoff,0.038,-0.072,-14.245
7.942,takeoff,0.040,-0.070,-14.339
7.976,takeoff,0.042,-0.068,-14.433
8.010,takeoff,0.044,-0.066,-14.526
8.042,takeoff,0.046,-0.064,-14.620
8.076,takeoff,0.048,-0.061,-14.737
8.110,takeoff,0.049,-0.058,-14.831
8.142,takeoff,0.051,-0.056,-14.925
8.178,takeoff,0.052,-0.053,-15.019
8.212,takeoff,0.054,-0.050,-15.113
8.245,takeoff,0.055,-0.047,-15.207
8.279,takeoff,0.056,-0.043,-15.325
8.313,takeoff,0.056,-0.040,-15.419
8.346,takeoff,0.057,-0.037,-15.513
8.380,takeoff,0.057,-0.034,-15.607
8.414,takeoff,0.057,-0.031,-15.702
8.446,takeoff,0.057,-0.028,-15.796
8.480,takeoff,0.057,-0.024,-15.914
8.514,takeoff,0.057,-0.021,-16.009
8.546,takeoff,0.057,-0.017,-16.103
8.580,takeoff,0.057,-0.014,-16.198
8.614,takeoff,0.057,-0.011,-16.293
8.646,takeoff,0.057,-0.008,-16.387
8.680,takeoff,0.057,-0.004,-16.506
8.714,takeoff,0.057,-0.001,-16.601
8.747,takeoff,0.056,0.003,-16.696
8.781,takeoff,0.056,0.006,-16.791
8.815,takeoff,0.055,0.009,-16.886
8.847,takeoff,0.055,0.012,-16.980
8.888,takeoff,0.054,0.014,-17.075
8.929,takeoff,0.053,0.018,-17.193
8.961,takeoff,0.052,0.020,-17.288
8.995,takeoff,0.050,0.023,-17.382
9.029,takeoff,0.049,0.025,-17.477
9.061,takeoff,0.048,0.028,-17.571
9.095,takeoff,0.046,0.031,-17.689
9.129,takeoff,0.045,0.033,-17.784
9.161,takeoff,0.043,0.035,-17.878
9.195,takeoff,0.041,0.037,-17.973
9.229,takeoff,0.040,0.039,-18.068
9.261,takeoff,0.038,0.040,-18.162
9.295,takeoff,0.035,0.042,-18.280
9.329,takeoff,0.034,0.044,-18.374
9.361,takeoff,0.032,0.045,-18.468
9.395,takeoff,0.030,0.046,-18.562
9.429,takeoff,0.028,0.047,-18.656
9.461,takeoff,0.026,0.048,-18.750
9.495,takeoff,0.024,0.049,-18.867
9.529,takeoff,0.022,0.050,-18.961
9.561,takeoff,0.020,0.051,-19.055
9.595,takeoff,0.018,0.051,-19.149
9.629,takeoff,0.016,0.051,-19.243
9.661,takeoff,0.014,0.052,-19.337
9.695,takeoff,0.011,0.051,-19.454
9.729,takeoff,0.009,0.051,-19.548
9.761,takeoff,0.006,0.051,-19.642
9.795,takeoff,0.004,0.050,-19.736
9.829,takeoff,0.002,0.049,-19.830
9.861,takeoff,-0.001,0.048,-19.924
9.895,takeoff,-0.004,0.047,-20.042
9.929,takeoff,-0.007,0.046,-20.136
9.961,takeoff,-0.010,0.045,-20.230
9.995,takeoff,-0.013,0.045,-20.324
10.029,takeoff,-0.015,0.044,-20.418
10.061,takeoff,-0.018,0.043,-20.513
10.095,takeoff,-0.022,0.043,-20.631
10.140,takeoff,-0.024,0.042,-20.725
10.177,takeoff,-0.027,0.041,-20.820
10.211,takeoff,-0.030,0.041,-20.914
10.245,takeoff,-0.032,0.041,-21.008
10.278,takeoff,-0.035,0.040,-21.103
10.312,takeoff,-0.038,0.040,-21.221
10.346,takeoff,-0.040,0.040,-21.316
10.378,takeoff,-0.042,0.040,-21.410
10.412,takeoff,-0.045,0.040,-21.505
10.446,takeoff,-0.047,0.039,-21.600
10.478,takeoff,-0.049,0.039,-21.694
10.512,takeoff,-0.051,0.038,-21.813
10.546,takeoff,-0.053,0.038,-21.908
10.578,takeoff,-0.055,0.037,-22.003
10.612,takeoff,-0.056,0.037,-22.098
10.646,takeoff,-0.058,0.036,-22.192
10.678,takeoff,-0.059,0.035,-22.287
10.712,takeoff,-0.060,0.034,-22.406
10.746,takeoff,-0.061,0.033,-22.501
10.780,takeoff,-0.061,0.032,-22.596
10.814,takeoff,-0.062,0.031,-22.691
10.848,takeoff,-0.062,0.029,-22.786
10.880,takeoff,-0.062,0.028,-22.880
10.914,takeoff,-0.062,0.027,-22.999
10.949,takeoff,-0.061,0.026,-23.094
10.981,takeoff,-0.061,0.025,-23.188
11.015,takeoff,-0.060,0.023,-23.283
11.049,takeoff,-0.059,0.022,-23.377
11.081,takeoff,-0.058,0.021,-23.472
11.115,takeoff,-0.057,0.020,-23.590
11.149,takeoff,-0.056,0.019,-23.685
11.181,takeoff,-0.055,0.018,-23.780
11.215,takeoff,-0.053,0.017,-23.874
11.249,takeoff,-0.052,0.016,-23.969
11.281,takeoff,-0.051,0.014,-24.063
11.315,takeoff,-0.050,0.013,-24.182
11.349,takeoff,-0.050,0.012,-24.276
11.381,takeoff,-0.049,0.010,-24.371
11.415,takeoff,-0.048,0.009,-24.465
11.449,takeoff,-0.047,0.007,-24.560
11.481,takeoff,-0.046,0.006,-24.655
11.515,takeoff,-0.045,0.004,-24.773
11.551,takeoff,-0.045,0.002,-24.867
11.583,takeoff,-0.044,0.001,-24.962
11.617,takeoff,-0.044,-0.001,-25.056
11.651,takeoff,-0.043,-0.002,-25.151
11.683,takeoff,-0.043,-0.004,-25.245
11.717,takeoff,-0.042,-0.006,-25.363
11.751,takeoff,-0.041,-0.007,-25.458
11.783,takeoff,-0.041,-0.009,-25.552
11.817,takeoff,-0.040,-0.010,-25.647
11.851,takeoff,-0.039,-0.012,-25.741
11.883,takeoff,-0.039,-0.013,-25.835
11.917,takeoff,-0.038,-0.015,-25.953
11.951,takeoff,-0.038,-0.016,-26.048
11.983,takeoff,-0.037,-0.017,-26.142
12.017,takeoff,-0.037,-0.019,-26.237
12.051,takeoff,-0.037,-0.020,-26.331
12.083,takeoff,-0.036,-0.021,-26.426
12.117,takeoff,-0.036,-0.022,-26.544
12.151,takeoff,-0.036,-0.023,-26.639
12.183,takeoff,-0.035,-0.024,-26.734
12.217,takeoff,-0.035,-0.025,-26.828
12.251,takeoff,-0.035,-0.025,-26.923
12.283,takeoff,-0.035,-0.026,-27.018
12.317,takeoff,-0.034,-0.026,-27.136
12.351,takeoff,-0.034,-0.026,-27.231
12.383,takeoff,-0.034,-0.027,-27.324
12.417,takeoff,-0.034,-0.027,-27.416
12.451,takeoff,-0.034,-0.027,-27.507
12.483,takeoff,-0.035,-0.027,-27.595
12.517,takeoff,-0.035,-0.027,-27.702
12.551,takeoff,-0.035,-0.027,-27.785
12.583,takeoff,-0.035,-0.027,-27.865
12.617,takeoff,-0.036,-0.027,-27.942
12.651,takeoff,-0.036,-0.027,-28.016
12.683,takeoff,-0.037,-0.027,-28.088
12.717,takeoff,-0.038,-0.026,-28.173
12.751,takeoff,-0.039,-0.026,-28.237
12.783,takeoff,-0.039,-0.026,-28.299
12.817,takeoff,-0.040,-0.026,-28.359
12.851,takeoff,-0.041,-0.026,-28.416
12.883,takeoff,-0.042,-0.026,-28.470
12.917,takeoff,-0.042,-0.025,-28.534
12.951,waypoint_1,-0.042,-0.025,-28.584
12.983,waypoint_1,-0.043,-0.025,-28.631
13.017,waypoint_1,-0.043,-0.025,-28.679
13.051,waypoint_1,-0.043,-0.025,-28.726
13.083,waypoint_1,-0.043,-0.025,-28.773
13.117,waypoint_1,-0.043,-0.028,-28.830
13.151,waypoint_1,-0.043,-0.031,-28.874
13.183,waypoint_1,-0.044,-0.037,-28.916
13.217,waypoint_1,-0.045,-0.046,-28.957
13.251,waypoint_1,-0.048,-0.058,-28.996
13.283,waypoint_1,-0.051,-0.073,-29.033
13.317,waypoint_1,-0.057,-0.096,-29.075
13.351,waypoint_1,-0.063,-0.118,-29.107
13.383,waypoint_1,-0.072,-0.145,-29.137
13.417,waypoint_1,-0.082,-0.174,-29.164
13.451,waypoint_1,-0.094,-0.208,-29.190
13.484,waypoint_1,-0.108,-0.245,-29.214
13.518,waypoint_1,-0.129,-0.296,-29.241
13.552,waypoint_1,-0.148,-0.341,-29.262
13.584,waypoint_1,-0.170,-0.388,-29.281
13.618,waypoint_1,-0.194,-0.438,-29.299
13.652,waypoint_1,-0.221,-0.491,-29.316
13.684,waypoint_1,-0.252,-0.546,-29.332
13.718,waypoint_1,-0.294,-0.618,-29.351
13.752,waypoint_1,-0.331,-0.678,-29.365
13.784,waypoint_1,-0.370,-0.739,-29.379
13.818,waypoint_1,-0.413,-0.802,-29.393
13.852,waypoint_1,-0.457,-0.867,-29.406
13.884,waypoint_1,-0.504,-0.932,-29.419
13.918,waypoint_1,-0.566,-1.016,-29.435
13.952,waypoint_1,-0.616,-1.084,-29.447
13.985,waypoint_1,-0.668,-1.154,-29.460
14.019,waypoint_1,-0.721,-1.224,-29.472
14.053,waypoint_1,-0.774,-1.296,-29.484
14.085,waypoint_1,-0.827,-1.368,-29.495
14.119,waypoint_1,-0.893,-1.461,-29.509
14.153,waypoint_1,-0.945,-1.536,-29.521
14.185,waypoint_1,-0.997,-1.613,-29.531
14.219,waypoint_1,-1.048,-1.690,-29.542
14.253,waypoint_1,-1.097,-1.769,-29.553
14.285,waypoint_1,-1.146,-1.849,-29.563
14.319,waypoint_1,-1.204,-1.951,-29.575
14.353,waypoint_1,-1.250,-2.033,-29.585
14.385,waypoint_1,-1.293,-2.117,-29.595
14.419,waypoint_1,-1.336,-2.201,-29.604
14.453,waypoint_1,-1.377,-2.286,-29.613
14.486,waypoint_1,-1.416,-2.372,-29.622
14.520,waypoint_1,-1.464,-2.481,-29.633
14.554,waypoint_1,-1.501,-2.568,-29.641
14.586,waypoint_1,-1.537,-2.656,-29.650
14.620,waypoint_1,-1.572,-2.744,-29.658
14.655,waypoint_1,-1.606,-2.833,-29.666
14.687,waypoint_1,-1.639,-2.922,-29.673
14.721,waypoint_1,-1.680,-3.034,-29.682
14.757,waypoint_1,-1.711,-3.123,-29.689
14.789,waypoint_1,-1.742,-3.213,-29.696
14.823,waypoint_1,-1.773,-3.303,-29.703
14.857,waypoint_1,-1.803,-3.393,-29.709
14.889,waypoint_1,-1.833,-3.483,-29.716
14.923,waypoint_1,-1.869,-3.595,-29.724
14.957,waypoint_1,-1.898,-3.685,-29.730
14.989,waypoint_1,-1.926,-3.775,-29.736
15.023,waypoint_1,-1.955,-3.865,-29.742
15.057,waypoint_1,-1.983,-3.955,-29.747
15.089,waypoint_1,-2.010,-4.045,-29.753
15.123,waypoint_1,-2.045,-4.158,-29.760
15.157,waypoint_1,-2.072,-4.248,-29.765
15.189,waypoint_1,-2.100,-4.338,-29.770
15.223,waypoint_1,-2.127,-4.427,-29.774
15.257,waypoint_1,-2.154,-4.517,-29.779
15.289,waypoint_1,-2.181,-4.607,-29.784
15.323,waypoint_1,-2.214,-4.720,-29.790
15.357,waypoint_1,-2.241,-4.810,-29.794
15.389,waypoint_1,-2.267,-4.900,-29.799
15.423,waypoint_1,-2.294,-4.990,-29.803
15.457,waypoint_1,-2.320,-5.081,-29.808
15.489,waypoint_1,-2.347,-5.171,-29.812
15.523,waypoint_1,-2.380,-5.284,-29.818
15.557,waypoint_1,-2.406,-5.375,-29.822
15.589,waypoint_1,-2.432,-5.466,-29.826
15.623,waypoint_1,-2.459,-5.556,-29.830
15.657,waypoint_1,-2.485,-5.647,-29.835
15.689,waypoint_1,-2.511,-5.738,-29.839
15.723,waypoint_1,-2.544,-5.852,-29.844
15.757,waypoint_1,-2.570,-5.943,-29.848
15.789,waypoint_1,-2.597,-6.034,-29.852
15.823,waypoint_1,-2.623,-6.125,-29.857
15.857,waypoint_1,-2.649,-6.216,-29.861
15.889,waypoint_1,-2.675,-6.308,-29.865
15.923,waypoint_1,-2.708,-6.422,-29.869
15.957,waypoint_1,-2.734,-6.514,-29.873
15.989,waypoint_1,-2.760,-6.605,-29.876
16.023,waypoint_1,-2.786,-6.697,-29.879
16.057,waypoint_1,-2.812,-6.788,-29.882
16.089,waypoint_1,-2.837,-6.880,-29.885
16.123,waypoint_1,-2.869,-6.994,-29.889
16.157,waypoint_1,-2.895,-7.086,-29.891
16.189,waypoint_1,-2.920,-7.178,-29.894
16.223,waypoint_1,-2.945,-7.269,-29.896
16.257,waypoint_1,-2.970,-7.361,-29.898
16.289,waypoint_1,-2.995,-7.452,-29.900
16.323,waypoint_1,-3.026,-7.567,-29.903
16.357,waypoint_1,-3.051,-7.658,-29.905
16.389,waypoint_1,-3.076,-7.750,-29.907
16.423,waypoint_1,-3.102,-7.842,-29.909
16.457,waypoint_1,-3.127,-7.934,-29.911
16.489,waypoint_1,-3.152,-8.026,-29.912
16.523,waypoint_1,-3.184,-8.141,-29.915
16.557,waypoint_1,-3.209,-8.234,-29.916
16.589,waypoint_1,-3.234,-8.326,-29.918
16.623,waypoint_1,-3.260,-8.419,-29.920
16.657,waypoint_1,-3.285,-8.512,-29.921
16.689,waypoint_1,-3.310,-8.605,-29.923
16.723,waypoint_1,-3.342,-8.721,-29.925
16.757,waypoint_1,-3.368,-8.814,-29.927
16.789,waypoint_1,-3.393,-8.908,-29.929
16.823,waypoint_1,-3.418,-9.001,-29.930
16.858,waypoint_1,-3.444,-9.095,-29.932
16.890,waypoint_1,-3.469,-9.189,-29.933
16.924,waypoint_1,-3.501,-9.306,-29.935
16.958,waypoint_1,-3.526,-9.400,-29.936
16.999,waypoint_1,-3.552,-9.494,-29.938
17.033,waypoint_1,-3.577,-9.588,-29.939
17.067,waypoint_1,-3.603,-9.683,-29.940
17.099,waypoint_1,-3.628,-9.777,-29.941
17.133,waypoint_1,-3.660,-9.895,-29.942
17.167,waypoint_1,-3.686,-9.989,-29.943
17.199,waypoint_1,-3.711,-10.084,-29.944
17.233,waypoint_1,-3.737,-10.179,-29.945
17.267,waypoint_1,-3.762,-10.273,-29.945
17.299,waypoint_1,-3.788,-10.368,-29.946
17.333,waypoint_1,-3.819,-10.486,-29.947
17.367,waypoint_1,-3.845,-10.581,-29.947
17.399,waypoint_1,-3.870,-10.676,-29.948
17.433,waypoint_1,-3.895,-10.771,-29.948
17.467,waypoint_1,-3.921,-10.865,-29.948
17.499,waypoint_1,-3.946,-10.960,-29.949
17.533,waypoint_1,-3.977,-11.079,-29.949
17.567,waypoint_1,-4.002,-11.174,-29.950
17.599,waypoint_1,-4.027,-11.269,-29.950
17.633,waypoint_1,-4.053,-11.363,-29.951
17.667,waypoint_1,-4.078,-11.458,-29.951
17.700,waypoint_1,-4.103,-11.553,-29.952
17.734,waypoint_1,-4.134,-11.671,-29.952
17.768,waypoint_1,-4.159,-11.766,-29.953
17.800,waypoint_1,-4.185,-11.861,-29.953
17.834,waypoint_1,-4.210,-11.956,-29.954
17.868,waypoint_1,-4.235,-12.050,-29.955
17.900,waypoint_1,-4.260,-12.145,-29.955
17.934,waypoint_1,-4.292,-12.264,-29.956
17.968,waypoint_1,-4.317,-12.359,-29.956
18.000,waypoint_1,-4.342,-12.454,-29.956
18.034,waypoint_1,-4.368,-12.550,-29.956
18.068,waypoint_1,-4.393,-12.645,-29.957
18.100,waypoint_1,-4.418,-12.740,-29.957
18.134,waypoint_1,-4.449,-12.860,-29.957
18.168,waypoint_1,-4.474,-12.955,-29.957
18.200,waypoint_1,-4.499,-13.050,-29.958
18.234,waypoint_1,-4.525,-13.146,-29.958
18.268,waypoint_1,-4.550,-13.241,-29.959
18.300,waypoint_1,-4.575,-13.337,-29.960
18.334,waypoint_1,-4.606,-13.456,-29.961
18.368,waypoint_1,-4.632,-13.551,-29.961
18.400,waypoint_1,-4.657,-13.646,-29.962
18.434,waypoint_1,-4.682,-13.741,-29.963
18.468,waypoint_1,-4.708,-13.837,-29.964
18.500,waypoint_1,-4.733,-13.932,-29.964
18.534,waypoint_1,-4.765,-14.051,-29.965
18.568,waypoint_1,-4.790,-14.146,-29.966
18.600,waypoint_1,-4.816,-14.241,-29.966
18.634,waypoint_1,-4.841,-14.336,-29.967
18.668,waypoint_1,-4.867,-14.431,-29.968
18.700,waypoint_1,-4.893,-14.527,-29.968
18.734,waypoint_1,-4.925,-14.646,-29.968
18.768,waypoint_1,-4.951,-14.741,-29.969
18.800,waypoint_1,-4.977,-14.836,-29.969
18.834,waypoint_1,-5.002,-14.931,-29.969
18.868,waypoint_1,-5.028,-15.026,-29.970
18.900,waypoint_1,-5.054,-15.121,-29.970
18.934,waypoint_1,-5.086,-15.240,-29.970
18.968,waypoint_1,-5.111,-15.335,-29.971
19.000,waypoint_1,-5.137,-15.430,-29.971
19.034,waypoint_1,-5.162,-15.525,-29.972
19.068,waypoint_1,-5.187,-15.620,-29.972
19.100,waypoint_1,-5.212,-15.715,-29.973
19.134,waypoint_1,-5.243,-15.834,-29.974
19.168,waypoint_1,-5.268,-15.929,-29.974
19.200,waypoint_1,-5.293,-16.023,-29.975
19.234,waypoint_1,-5.317,-16.118,-29.975
19.268,waypoint_1,-5.342,-16.212,-29.976
19.301,waypoint_1,-5.366,-16.307,-29.977
19.334,waypoint_1,-5.397,-16.425,-29.977
19.368,waypoint_1,-5.421,-16.519,-29.978
19.400,waypoint_1,-5.445,-16.613,-29.979
19.434,waypoint_1,-5.469,-16.707,-29.979
19.468,waypoint_1,-5.493,-16.801,-29.980
19.500,waypoint_1,-5.518,-16.895,-29.981
19.548,waypoint_1,-5.548,-17.012,-29.981
19.582,waypoint_1,-5.573,-17.106,-29.982
19.614,waypoint_1,-5.597,-17.200,-29.983
19.648,waypoint_1,-5.622,-17.294,-29.983
19.682,waypoint_1,-5.646,-17.388,-29.984
19.714,waypoint_1,-5.671,-17.482,-29.985
19.748,waypoint_1,-5.702,-17.599,-29.985
19.782,waypoint_1,-5.727,-17.693,-29.986
19.814,waypoint_1,-5.751,-17.786,-29.986
19.848,waypoint_1,-5.776,-17.880,-29.986
19.882,waypoint_1,-5.801,-17.974,-29.987
19.914,waypoint_1,-5.827,-18.068,-29.987
19.949,waypoint_1,-5.858,-18.185,-29.987
19.981,waypoint_1,-5.883,-18.278,-29.987
20.015,waypoint_1,-5.909,-18.372,-29.987
20.047,waypoint_1,-5.934,-18.466,-29.986
20.082,waypoint_1,-5.960,-18.560,-29.986
20.118,waypoint_1,-5.985,-18.654,-29.986
20.150,waypoint_1,-6.011,-18.747,-29.985
20.184,waypoint_1,-6.043,-18.865,-29.985
20.219,waypoint_1,-6.068,-18.958,-29.985
20.250,waypoint_1,-6.094,-19.052,-29.984
20.284,waypoint_1,-6.120,-19.146,-29.984
20.318,waypoint_1,-6.146,-19.240,-29.984
20.350,waypoint_1,-6.172,-19.334,-29.984
20.385,waypoint_1,-6.205,-19.451,-29.984
20.418,waypoint_1,-6.231,-19.545,-29.984
20.450,waypoint_1,-6.256,-19.639,-29.984
20.484,waypoint_1,-6.282,-19.733,-29.983
20.518,waypoint_1,-6.308,-19.827,-29.983
20.551,waypoint_1,-6.334,-19.921,-29.983
20.584,waypoint_1,-6.366,-20.038,-29.983
20.618,waypoint_1,-6.391,-20.132,-29.984
20.650,waypoint_1,-6.417,-20.226,-29.984
20.684,waypoint_1,-6.443,-20.320,-29.984
20.718,waypoint_1,-6.469,-20.414,-29.984
20.750,waypoint_1,-6.495,-20.508,-29.984
20.784,waypoint_1,-6.527,-20.625,-29.984
20.818,waypoint_1,-6.553,-20.719,-29.985
20.851,waypoint_1,-6.579,-20.813,-29.985
20.886,waypoint_1,-6.605,-20.907,-29.985
20.921,waypoint_1,-6.631,-21.001,-29.985
20.953,waypoint_1,-6.657,-21.096,-29.985
20.987,waypoint_1,-6.689,-21.214,-29.985
21.021,waypoint_1,-6.715,-21.308,-29.986
21.053,waypoint_1,-6.740,-21.402,-29.986
21.087,waypoint_1,-6.766,-21.496,-29.986
21.121,waypoint_1,-6.792,-21.590,-29.986
21.154,waypoint_1,-6.818,-21.685,-29.986
21.188,waypoint_1,-6.850,-21.803,-29.986
21.222,waypoint_1,-6.876,-21.897,-29.986
21.254,waypoint_1,-6.902,-21.992,-29.986
21.288,waypoint_1,-6.928,-22.086,-29.986
21.322,waypoint_1,-6.954,-22.181,-29.986
21.354,waypoint_1,-6.979,-22.275,-29.986
21.388,waypoint_1,-7.012,-22.393,-29.986
21.422,waypoint_1,-7.038,-22.487,-29.986
21.454,waypoint_1,-7.064,-22.582,-29.986
21.488,waypoint_1,-7.090,-22.676,-29.986
21.522,waypoint_1,-7.115,-22.771,-29.986
21.554,waypoint_1,-7.141,-22.865,-29.985
21.588,waypoint_1,-7.173,-22.983,-29.985
21.622,waypoint_1,-7.199,-23.077,-29.985
21.654,waypoint_1,-7.225,-23.171,-29.985
21.688,waypoint_1,-7.251,-23.266,-29.985
21.722,waypoint_1,-7.277,-23.360,-29.984
21.754,waypoint_1,-7.303,-23.454,-29.984
21.788,waypoint_1,-7.335,-23.572,-29.984
21.822,waypoint_1,-7.361,-23.666,-29.984
21.854,waypoint_1,-7.387,-23.760,-29.984
21.888,waypoint_1,-7.413,-23.855,-29.984
21.922,waypoint_1,-7.439,-23.949,-29.985
21.954,waypoint_1,-7.465,-24.043,-29.985
21.988,waypoint_1,-7.497,-24.160,-29.985
22.022,waypoint_1,-7.523,-24.254,-29.986
22.054,waypoint_1,-7.549,-24.348,-29.986
22.088,waypoint_1,-7.575,-24.442,-29.986
22.122,waypoint_1,-7.601,-24.535,-29.987
22.154,waypoint_1,-7.627,-24.629,-29.987
22.188,waypoint_1,-7.659,-24.746,-29.987
22.222,waypoint_1,-7.685,-24.839,-29.988
22.254,waypoint_1,-7.711,-24.932,-29.988
22.288,waypoint_1,-7.737,-25.025,-29.989
22.322,waypoint_1,-7.763,-25.118,-29.989
22.354,waypoint_1,-7.788,-25.211,-29.990
22.388,waypoint_1,-7.821,-25.328,-29.990
22.422,waypoint_1,-7.847,-25.421,-29.991
22.454,waypoint_1,-7.873,-25.514,-29.991
22.488,waypoint_1,-7.899,-25.606,-29.992
22.522,waypoint_1,-7.925,-25.699,-29.992
22.554,waypoint_1,-7.951,-25.792,-29.993
22.588,waypoint_1,-7.983,-25.908,-29.993
22.622,waypoint_1,-8.009,-26.000,-29.994
22.654,waypoint_1,-8.035,-26.093,-29.994
22.688,waypoint_1,-8.061,-26.186,-29.995
22.722,waypoint_1,-8.087,-26.278,-29.995
22.754,waypoint_1,-8.113,-26.371,-29.996
22.788,waypoint_1,-8.145,-26.487,-29.996
22.822,waypoint_1,-8.171,-26.579,-29.996
22.854,waypoint_1,-8.198,-26.672,-29.997
22.888,waypoint_1,-8.224,-26.765,-29.997
22.923,waypoint_1,-8.250,-26.857,-29.998
22.955,waypoint_1,-8.276,-26.950,-29.998
22.989,waypoint_1,-8.309,-27.066,-29.998
23.023,waypoint_1,-8.336,-27.159,-29.999
23.055,waypoint_1,-8.362,-27.252,-29.999
23.090,waypoint_1,-8.388,-27.345,-29.999
23.124,waypoint_1,-8.414,-27.438,-29.999
23.156,waypoint_1,-8.441,-27.531,-30.000
23.191,waypoint_1,-8.473,-27.647,-30.000
23.224,waypoint_1,-8.499,-27.740,-30.000
23.256,waypoint_1,-8.525,-27.833,-30.000
23.290,waypoint_1,-8.551,-27.926,-30.000
23.324,waypoint_1,-8.577,-28.019,-30.000
23.357,waypoint_1,-8.603,-28.112,-30.000
23.391,waypoint_1,-8.636,-28.228,-30.000
23.425,waypoint_1,-8.662,-28.321,-29.999
23.457,waypoint_1,-8.688,-28.414,-29.999
23.491,waypoint_1,-8.714,-28.507,-29.999
23.525,waypoint_1,-8.740,-28.600,-29.999
23.557,waypoint_1,-8.766,-28.692,-29.999
23.593,waypoint_1,-8.798,-28.809,-29.998
23.627,waypoint_1,-8.824,-28.902,-29.998
23.659,waypoint_1,-8.850,-28.994,-29.998
23.693,waypoint_1,-8.875,-29.087,-29.997
23.727,waypoint_1,-8.901,-29.180,-29.997
23.759,waypoint_1,-8.927,-29.272,-29.996
23.793,waypoint_1,-8.959,-29.388,-29.996
23.827,waypoint_1,-8.984,-29.480,-29.996
23.859,waypoint_1,-9.010,-29.573,-29.996
23.893,waypoint_1,-9.036,-29.665,-29.995
23.927,waypoint_1,-9.061,-29.757,-29.995
23.959,waypoint_1,-9.087,-29.850,-29.995
23.993,waypoint_1,-9.119,-29.965,-29.995
24.027,waypoint_1,-9.145,-30.057,-29.995
24.059,waypoint_1,-9.171,-30.149,-29.995
24.094,waypoint_1,-9.197,-30.241,-29.995
24.128,waypoint_1,-9.223,-30.333,-29.995
24.160,waypoint_1,-9.248,-30.425,-29.995
24.194,waypoint_1,-9.280,-30.540,-29.995
24.228,waypoint_1,-9.306,-30.632,-29.995
24.260,waypoint_1,-9.332,-30.723,-29.995
24.294,waypoint_1,-9.357,-30.815,-29.995
24.328,waypoint_1,-9.383,-30.907,-29.995
24.360,waypoint_1,-9.409,-30.998,-29.995
24.394,waypoint_1,-9.441,-31.113,-29.995
24.428,waypoint_1,-9.467,-31.205,-29.996
24.460,waypoint_1,-9.493,-31.296,-29.996
24.494,waypoint_1,-9.519,-31.388,-29.995
24.528,waypoint_1,-9.545,-31.479,-29.995
24.560,waypoint_1,-9.571,-31.571,-29.995
24.594,waypoint_1,-9.604,-31.685,-29.995
24.628,waypoint_1,-9.630,-31.777,-29.995
24.660,waypoint_1,-9.657,-31.868,-29.995
24.694,waypoint_1,-9.683,-31.960,-29.995
24.728,waypoint_1,-9.709,-32.052,-29.995
24.760,waypoint_1,-9.736,-32.143,-29.995
24.794,waypoint_1,-9.769,-32.258,-29.995
24.828,waypoint_1,-9.795,-32.350,-29.994
24.860,waypoint_1,-9.822,-32.442,-29.994
24.894,waypoint_1,-9.848,-32.533,-29.994
24.928,waypoint_1,-9.875,-32.625,-29.994
24.960,waypoint_1,-9.901,-32.717,-29.994
24.994,waypoint_1,-9.934,-32.832,-29.994
25.028,waypoint_1,-9.960,-32.923,-29.994
25.060,waypoint_1,-9.987,-33.015,-29.994
25.096,waypoint_1,-10.013,-33.107,-29.994
25.130,waypoint_1,-10.039,-33.199,-29.995
25.162,waypoint_1,-10.065,-33.291,-29.995
25.196,waypoint_1,-10.098,-33.406,-29.996
25.230,waypoint_1,-10.123,-33.498,-29.996
25.261,waypoint_1,-10.149,-33.591,-29.996
25.296,waypoint_1,-10.175,-33.683,-29.996
25.330,waypoint_1,-10.201,-33.776,-29.997
25.362,waypoint_1,-10.226,-33.868,-29.997
25.396,waypoint_1,-10.259,-33.984,-29.997
25.430,waypoint_1,-10.285,-34.076,-29.996
25.462,waypoint_1,-10.311,-34.169,-29.996
25.496,waypoint_1,-10.337,-34.261,-29.996
25.530,waypoint_1,-10.363,-34.354,-29.995
25.562,waypoint_1,-10.390,-34.446,-29.995
25.596,waypoint_1,-10.423,-34.562,-29.994
25.630,waypoint_1,-10.449,-34.654,-29.993
25.662,waypoint_1,-10.476,-34.747,-29.992
25.696,waypoint_1,-10.503,-34.839,-29.992
25.730,waypoint_1,-10.530,-34.931,-29.991
25.762,waypoint_1,-10.558,-35.024,-29.990
25.796,waypoint_1,-10.592,-35.139,-29.989
25.830,waypoint_1,-10.619,-35.232,-29.989
25.862,waypoint_1,-10.647,-35.324,-29.988
25.896,waypoint_1,-10.674,-35.417,-29.988
25.930,waypoint_1,-10.702,-35.509,-29.987
25.962,waypoint_1,-10.729,-35.602,-29.987
25.996,waypoint_1,-10.764,-35.717,-29.987
26.030,waypoint_1,-10.791,-35.810,-29.987
26.062,waypoint_1,-10.819,-35.903,-29.987
26.096,waypoint_1,-10.846,-35.995,-29.988
26.130,waypoint_1,-10.874,-36.088,-29.988
26.162,waypoint_1,-10.901,-36.181,-29.988
26.196,waypoint_1,-10.935,-36.296,-29.988
26.230,waypoint_1,-10.962,-36.389,-29.989
26.262,waypoint_1,-10.990,-36.481,-29.989
26.296,waypoint_1,-11.017,-36.574,-29.990
26.330,waypoint_1,-11.044,-36.666,-29.990
26.362,waypoint_1,-11.071,-36.759,-29.990
26.396,waypoint_1,-11.104,-36.874,-29.991
26.430,waypoint_1,-11.131,-36.967,-29.991
26.462,waypoint_1,-11.158,-37.059,-29.991
26.496,waypoint_1,-11.185,-37.152,-29.992
26.530,waypoint_1,-11.212,-37.244,-29.992
26.562,waypoint_1,-11.239,-37.337,-29.992
26.596,waypoint_1,-11.273,-37.453,-29.993
26.630,waypoint_1,-11.300,-37.545,-29.993
26.662,waypoint_1,-11.327,-37.638,-29.993
26.696,waypoint_1,-11.354,-37.731,-29.993
26.731,waypoint_1,-11.381,-37.824,-29.993
26.763,waypoint_1,-11.408,-37.917,-29.993
26.798,waypoint_1,-11.442,-38.033,-29.993
26.832,waypoint_1,-11.469,-38.126,-29.993
26.864,waypoint_1,-11.496,-38.219,-29.993
26.898,waypoint_1,-11.523,-38.312,-29.993
26.932,waypoint_1,-11.550,-38.405,-29.993
26.964,waypoint_1,-11.577,-38.498,-29.993
26.998,waypoint_1,-11.611,-38.614,-29.993
27.032,waypoint_1,-11.638,-38.707,-29.993
27.064,waypoint_1,-11.665,-38.800,-29.993
27.098,waypoint_1,-11.692,-38.892,-29.994
27.132,waypoint_1,-11.719,-38.985,-29.994
27.164,waypoint_1,-11.747,-39.078,-29.994
27.198,waypoint_1,-11.781,-39.193,-29.995
27.232,waypoint_1,-11.808,-39.286,-29.995
27.264,waypoint_1,-11.836,-39.378,-29.996
27.299,waypoint_1,-11.863,-39.470,-29.996
27.333,waypoint_1,-11.891,-39.563,-29.997
27.365,waypoint_1,-11.919,-39.655,-29.997
27.399,waypoint_1,-11.954,-39.770,-29.997
27.433,waypoint_1,-11.982,-39.862,-29.997
27.465,waypoint_1,-12.010,-39.954,-29.997
27.499,waypoint_1,-12.038,-40.046,-29.997
27.533,waypoint_1,-12.066,-40.138,-29.997
27.565,waypoint_1,-12.094,-40.230,-29.997
27.599,waypoint_1,-12.130,-40.345,-29.997
27.633,waypoint_1,-12.158,-40.437,-29.997
27.665,waypoint_1,-12.187,-40.528,-29.996
27.699,waypoint_1,-12.215,-40.620,-29.996
27.733,waypoint_1,-12.244,-40.712,-29.996
27.765,waypoint_1,-12.273,-40.803,-29.995
27.800,waypoint_1,-12.308,-40.918,-29.994
27.834,waypoint_1,-12.337,-41.009,-29.994
27.866,waypoint_1,-12.366,-41.101,-29.993
27.900,waypoint_1,-12.394,-41.192,-29.993
27.934,waypoint_1,-12.423,-41.283,-29.992
27.966,waypoint_1,-12.452,-41.374,-29.992
28.000,waypoint_1,-12.488,-41.488,-29.991
28.034,waypoint_1,-12.516,-41.578,-29.990
28.066,waypoint_1,-12.545,-41.669,-29.989
28.100,waypoint_1,-12.574,-41.760,-29.989
28.134,waypoint_1,-12.603,-41.851,-29.988
28.166,waypoint_1,-12.631,-41.942,-29.988
28.200,waypoint_1,-12.667,-42.055,-29.988
28.234,waypoint_1,-12.695,-42.146,-29.987
28.266,waypoint_1,-12.724,-42.237,-29.987
28.300,waypoint_1,-12.752,-42.328,-29.987
28.334,waypoint_1,-12.781,-42.419,-29.987
28.366,waypoint_1,-12.809,-42.510,-29.987
28.400,waypoint_1,-12.844,-42.623,-29.987
28.434,waypoint_1,-12.873,-42.714,-29.987
28.466,waypoint_1,-12.901,-42.805,-29.988
28.500,waypoint_1,-12.929,-42.896,-29.988
28.534,waypoint_1,-12.957,-42.986,-29.988
28.566,waypoint_1,-12.985,-43.077,-29.989
28.600,waypoint_1,-13.020,-43.191,-29.989
28.634,waypoint_1,-13.048,-43.281,-29.990
28.666,waypoint_1,-13.075,-43.372,-29.990
28.700,waypoint_1,-13.103,-43.463,-29.990
28.734,waypoint_1,-13.131,-43.554,-29.991
28.766,waypoint_1,-13.159,-43.644,-29.991
28.800,waypoint_1,-13.193,-43.758,-29.991
28.834,waypoint_1,-13.220,-43.849,-29.992
28.866,waypoint_1,-13.248,-43.940,-29.992
28.900,waypoint_1,-13.275,-44.032,-29.992
28.936,waypoint_1,-13.302,-44.123,-29.992
28.968,waypoint_1,-13.329,-44.214,-29.992
29.002,waypoint_1,-13.363,-44.329,-29.992
29.036,waypoint_1,-13.390,-44.420,-29.992
29.074,waypoint_1,-13.417,-44.511,-29.992
29.121,waypoint_1,-13.444,-44.602,-29.992
29.155,waypoint_1,-13.471,-44.694,-29.992
29.188,waypoint_1,-13.498,-44.785,-29.992
29.222,waypoint_1,-13.531,-44.899,-29.992
29.256,waypoint_1,-13.558,-44.990,-29.992
29.288,waypoint_1,-13.585,-45.082,-29.991
29.323,waypoint_1,-13.612,-45.173,-29.991
29.356,waypoint_1,-13.638,-45.265,-29.991
29.388,waypoint_1,-13.665,-45.356,-29.991
29.422,waypoint_1,-13.698,-45.470,-29.991
29.456,waypoint_1,-13.725,-45.561,-29.991
29.488,waypoint_1,-13.751,-45.653,-29.991
29.522,waypoint_1,-13.778,-45.744,-29.990
29.556,waypoint_1,-13.805,-45.835,-29.990
29.588,waypoint_1,-13.832,-45.926,-29.990
29.622,waypoint_1,-13.865,-46.040,-29.990
29.656,waypoint_1,-13.892,-46.131,-29.989
29.690,waypoint_1,-13.919,-46.222,-29.989
29.723,waypoint_1,-13.945,-46.313,-29.989
29.757,waypoint_1,-13.972,-46.405,-29.988
29.789,waypoint_1,-13.999,-46.496,-29.988
29.824,waypoint_1,-14.032,-46.610,-29.987
29.857,waypoint_1,-14.059,-46.701,-29.987
29.889,waypoint_1,-14.086,-46.792,-29.986
29.924,waypoint_1,-14.113,-46.884,-29.985
29.958,waypoint_1,-14.140,-46.975,-29.984
29.991,waypoint_1,-14.167,-47.066,-29.984
30.024,waypoint_1,-14.200,-47.180,-29.982
30.058,waypoint_1,-14.227,-47.271,-29.982
30.090,waypoint_1,-14.254,-47.363,-29.981
30.124,waypoint_1,-14.281,-47.454,-29.980
30.159,waypoint_1,-14.308,-47.545,-29.980
30.190,waypoint_1,-14.336,-47.636,-29.979
30.224,waypoint_1,-14.370,-47.749,-29.978
30.258,waypoint_1,-14.397,-47.840,-29.978
30.290,waypoint_1,-14.424,-47.931,-29.978
30.325,waypoint_1,-14.451,-48.022,-29.977
30.358,waypoint_1,-14.478,-48.113,-29.977
30.390,waypoint_1,-14.506,-48.204,-29.977
30.425,waypoint_1,-14.540,-48.318,-29.976
30.459,waypoint_1,-14.567,-48.409,-29.976
30.492,waypoint_1,-14.594,-48.500,-29.976
30.526,waypoint_1,-14.622,-48.590,-29.976
30.560,waypoint_1,-14.649,-48.681,-29.976
30.592,waypoint_1,-14.676,-48.773,-29.976
30.626,waypoint_1,-14.710,-48.886,-29.975
30.660,waypoint_1,-14.737,-48.978,-29.975
30.692,waypoint_1,-14.764,-49.069,-29.975
30.726,waypoint_1,-14.791,-49.160,-29.975
30.760,waypoint_1,-14.818,-49.251,-29.974
30.792,waypoint_1,-14.845,-49.342,-29.974
30.826,waypoint_1,-14.878,-49.456,-29.974
30.860,waypoint_1,-14.905,-49.548,-29.974
30.892,waypoint_1,-14.932,-49.639,-29.974
30.926,waypoint_1,-14.958,-49.730,-29.974
30.960,waypoint_1,-14.985,-49.822,-29.974
30.992,waypoint_1,-15.012,-49.913,-29.974
31.026,waypoint_1,-15.046,-50.027,-29.974
31.060,waypoint_1,-15.073,-50.119,-29.974
31.092,waypoint_1,-15.100,-50.210,-29.974
31.126,waypoint_1,-15.127,-50.302,-29.974
31.160,waypoint_1,-15.153,-50.393,-29.974
31.192,waypoint_1,-15.180,-50.485,-29.975
31.226,waypoint_1,-15.214,-50.600,-29.975
31.260,waypoint_1,-15.240,-50.692,-29.975
31.292,waypoint_1,-15.267,-50.784,-29.975
31.326,waypoint_1,-15.294,-50.876,-29.975
31.360,waypoint_1,-15.320,-50.968,-29.975
31.392,waypoint_1,-15.347,-51.061,-29.975
31.426,waypoint_1,-15.380,-51.176,-29.976
31.460,waypoint_1,-15.407,-51.268,-29.976
31.492,waypoint_1,-15.433,-51.361,-29.976
31.527,waypoint_1,-15.459,-51.453,-29.976
31.560,waypoint_1,-15.486,-51.546,-29.976
31.592,waypoint_1,-15.512,-51.638,-29.977
31.626,waypoint_1,-15.545,-51.754,-29.977
31.660,waypoint_1,-15.571,-51.847,-29.977
31.692,waypoint_1,-15.597,-51.940,-29.977
31.726,waypoint_1,-15.623,-52.032,-29.978
31.760,waypoint_1,-15.649,-52.125,-29.978
31.792,waypoint_1,-15.675,-52.218,-29.978
31.826,waypoint_1,-15.707,-52.334,-29.979
31.860,waypoint_1,-15.733,-52.427,-29.979
31.892,waypoint_1,-15.758,-52.520,-29.980
31.926,waypoint_1,-15.784,-52.613,-29.980
31.960,waypoint_1,-15.810,-52.705,-29.980
31.992,waypoint_1,-15.836,-52.798,-29.980
32.027,waypoint_1,-15.868,-52.913,-29.981
32.060,waypoint_1,-15.895,-53.006,-29.981
32.092,waypoint_1,-15.921,-53.098,-29.981
32.126,waypoint_1,-15.948,-53.191,-29.982
32.160,waypoint_1,-15.975,-53.283,-29.982
32.192,waypoint_1,-16.001,-53.375,-29.982
32.226,waypoint_1,-16.035,-53.491,-29.983
32.260,waypoint_1,-16.062,-53.583,-29.983
32.293,waypoint_1,-16.089,-53.675,-29.984
32.327,waypoint_1,-16.116,-53.767,-29.984
32.361,waypoint_1,-16.143,-53.860,-29.985
32.392,waypoint_1,-16.170,-53.952,-29.985
32.426,waypoint_1,-16.204,-54.068,-29.986
32.460,waypoint_1,-16.231,-54.160,-29.986
32.492,waypoint_1,-16.258,-54.253,-29.986
32.527,waypoint_1,-16.285,-54.345,-29.987
32.560,waypoint_1,-16.312,-54.438,-29.987
32.592,waypoint_1,-16.339,-54.530,-29.988
32.627,waypoint_1,-16.372,-54.646,-29.988
32.660,waypoint_1,-16.399,-54.739,-29.989
32.693,waypoint_1,-16.426,-54.831,-29.990
32.727,waypoint_1,-16.452,-54.924,-29.990
32.760,waypoint_1,-16.479,-55.017,-29.990
32.792,waypoint_1,-16.505,-55.109,-29.991
32.827,waypoint_1,-16.538,-55.225,-29.991
32.861,waypoint_1,-16.564,-55.318,-29.991
32.892,waypoint_1,-16.591,-55.410,-29.991
32.926,waypoint_1,-16.617,-55.502,-29.991
32.960,waypoint_1,-16.643,-55.595,-29.991
32.992,waypoint_1,-16.669,-55.687,-29.990
33.027,waypoint_1,-16.702,-55.802,-29.990
33.060,waypoint_1,-16.728,-55.894,-29.990
33.092,waypoint_1,-16.755,-55.987,-29.989
33.127,waypoint_1,-16.781,-56.079,-29.989
33.160,waypoint_1,-16.808,-56.171,-29.988
33.193,waypoint_1,-16.835,-56.264,-29.988
33.226,waypoint_1,-16.868,-56.379,-29.987
33.260,waypoint_1,-16.896,-56.472,-29.987
33.292,waypoint_1,-16.923,-56.564,-29.987
33.326,waypoint_1,-16.950,-56.656,-29.986
33.381,waypoint_1,-16.978,-56.749,-29.986
33.424,waypoint_1,-17.005,-56.841,-29.986
33.458,waypoint_1,-17.040,-56.956,-29.986
33.492,waypoint_1,-17.067,-57.049,-29.985
33.524,waypoint_1,-17.095,-57.141,-29.985
33.558,waypoint_1,-17.122,-57.233,-29.984
33.592,waypoint_1,-17.149,-57.325,-29.984
33.626,waypoint_1,-17.177,-57.418,-29.983
33.659,waypoint_1,-17.211,-57.533,-29.983
33.694,waypoint_1,-17.239,-57.625,-29.982
33.725,waypoint_1,-17.266,-57.717,-29.982
33.759,waypoint_1,-17.294,-57.810,-29.982
33.793,waypoint_1,-17.321,-57.902,-29.981
33.825,waypoint_1,-17.348,-57.994,-29.981
33.859,waypoint_1,-17.383,-58.109,-29.981
33.893,waypoint_1,-17.410,-58.202,-29.981
33.925,waypoint_1,-17.437,-58.294,-29.981
33.959,waypoint_1,-17.465,-58.386,-29.981
33.993,waypoint_1,-17.492,-58.479,-29.981
34.025,waypoint_1,-17.519,-58.571,-29.981
34.059,waypoint_1,-17.553,-58.686,-29.981
34.093,waypoint_1,-17.580,-58.779,-29.981
34.125,waypoint_1,-17.607,-58.871,-29.981
34.159,waypoint_1,-17.634,-58.963,-29.981
34.193,waypoint_1,-17.661,-59.055,-29.981
34.225,waypoint_1,-17.688,-59.148,-29.981
34.259,waypoint_1,-17.721,-59.263,-29.981
34.293,waypoint_1,-17.748,-59.355,-29.981
34.325,waypoint_1,-17.775,-59.447,-29.981
34.359,waypoint_1,-17.802,-59.539,-29.981
34.393,waypoint_1,-17.829,-59.631,-29.981
34.425,waypoint_1,-17.856,-59.723,-29.981
34.459,waypoint_1,-17.890,-59.838,-29.981
34.493,waypoint_1,-17.916,-59.930,-29.981
34.525,waypoint_1,-17.943,-60.021,-29.982
34.559,waypoint_1,-17.969,-60.113,-29.982
34.593,waypoint_1,-17.996,-60.205,-29.982
34.625,waypoint_1,-18.022,-60.296,-29.982
34.659,waypoint_1,-18.054,-60.411,-29.983
34.693,waypoint_1,-18.080,-60.502,-29.983
34.725,waypoint_1,-18.106,-60.594,-29.983
34.759,waypoint_1,-18.132,-60.686,-29.983
34.793,waypoint_1,-18.157,-60.777,-29.983
34.825,waypoint_1,-18.182,-60.869,-29.983
34.859,waypoint_1,-18.214,-60.984,-29.983
34.893,waypoint_1,-18.240,-61.076,-29.983
34.925,waypoint_1,-18.265,-61.168,-29.983
34.959,waypoint_1,-18.290,-61.260,-29.983
34.993,waypoint_1,-18.316,-61.352,-29.982
35.025,waypoint_1,-18.341,-61.444,-29.982
35.059,waypoint_1,-18.373,-61.558,-29.982
35.093,waypoint_1,-18.398,-61.650,-29.982
35.125,waypoint_1,-18.423,-61.741,-29.982
35.159,waypoint_1,-18.449,-61.833,-29.982
35.193,waypoint_1,-18.474,-61.924,-29.981
35.225,waypoint_1,-18.499,-62.015,-29.981
35.259,waypoint_1,-18.531,-62.129,-29.981
35.293,waypoint_1,-18.556,-62.220,-29.981
35.325,waypoint_1,-18.581,-62.312,-29.981
35.359,waypoint_1,-18.607,-62.403,-29.981
35.393,waypoint_1,-18.633,-62.494,-29.981
35.425,waypoint_1,-18.658,-62.585,-29.981
35.459,waypoint_1,-18.691,-62.698,-29.981
35.493,waypoint_1,-18.717,-62.789,-29.981
35.525,waypoint_1,-18.743,-62.880,-29.982
35.561,waypoint_1,-18.769,-62.971,-29.982
35.595,waypoint_1,-18.795,-63.062,-29.982
35.627,waypoint_1,-18.821,-63.153,-29.983
35.661,waypoint_1,-18.854,-63.266,-29.983
35.695,waypoint_1,-18.881,-63.357,-29.983
35.727,waypoint_1,-18.908,-63.448,-29.984
35.761,waypoint_1,-18.935,-63.539,-29.984
35.795,waypoint_1,-18.962,-63.630,-29.985
35.828,waypoint_1,-18.989,-63.721,-29.985
35.862,waypoint_1,-19.023,-63.834,-29.986
35.897,waypoint_1,-19.050,-63.925,-29.986
35.928,waypoint_1,-19.078,-64.016,-29.987
35.962,waypoint_1,-19.105,-64.107,-29.987
35.997,waypoint_1,-19.133,-64.198,-29.988
36.028,waypoint_1,-19.160,-64.289,-29.988
36.063,waypoint_1,-19.194,-64.403,-29.989
36.096,waypoint_1,-19.221,-64.495,-29.990
36.128,waypoint_1,-19.249,-64.586,-29.990
36.162,waypoint_1,-19.276,-64.677,-29.991
36.196,waypoint_1,-19.303,-64.768,-29.992
36.229,waypoint_1,-19.330,-64.860,-29.992
36.262,waypoint_1,-19.364,-64.974,-29.993
36.296,waypoint_1,-19.391,-65.066,-29.994
36.330,waypoint_1,-19.417,-65.158,-29.994
36.363,waypoint_1,-19.444,-65.249,-29.995
36.398,waypoint_1,-19.470,-65.341,-29.996
36.429,waypoint_1,-19.497,-65.433,-29.996
36.463,waypoint_1,-19.530,-65.548,-29.997
36.497,waypoint_1,-19.556,-65.640,-29.998
36.530,waypoint_1,-19.582,-65.732,-29.998
36.563,waypoint_1,-19.609,-65.824,-29.999
36.597,waypoint_1,-19.635,-65.916,-30.000
36.629,waypoint_1,-19.660,-66.008,-30.000
36.663,waypoint_1,-19.693,-66.124,-30.001
36.697,waypoint_1,-19.719,-66.216,-30.001
36.730,waypoint_1,-19.744,-66.308,-30.002
36.763,waypoint_1,-19.770,-66.401,-30.002
36.797,waypoint_1,-19.796,-66.493,-30.002
36.829,waypoint_1,-19.822,-66.586,-30.002
36.864,waypoint_1,-19.854,-66.702,-30.002
36.897,waypoint_1,-19.880,-66.795,-30.002
36.930,waypoint_1,-19.905,-66.887,-30.002
36.963,waypoint_1,-19.931,-66.980,-30.002
36.997,waypoint_1,-19.957,-67.073,-30.002
37.029,waypoint_1,-19.982,-67.166,-30.002
37.063,waypoint_1,-20.015,-67.282,-30.002
37.097,waypoint_1,-20.041,-67.374,-30.002
37.129,waypoint_1,-20.067,-67.467,-30.002
37.163,waypoint_1,-20.092,-67.560,-30.002
37.197,waypoint_1,-20.118,-67.652,-30.002
37.229,waypoint_1,-20.144,-67.745,-30.002
37.263,waypoint_1,-20.177,-67.861,-30.001
37.298,waypoint_1,-20.203,-67.953,-30.002
37.330,waypoint_1,-20.229,-68.045,-30.002
37.363,waypoint_1,-20.255,-68.137,-30.002
37.398,waypoint_1,-20.281,-68.230,-30.002
37.429,waypoint_1,-20.307,-68.322,-30.002
37.463,waypoint_1,-20.340,-68.437,-30.002
37.498,waypoint_1,-20.366,-68.529,-30.002
37.529,waypoint_1,-20.392,-68.621,-30.001
37.563,waypoint_1,-20.419,-68.713,-30.001
37.597,waypoint_1,-20.445,-68.805,-30.001
37.629,waypoint_1,-20.472,-68.897,-30.001
37.663,waypoint_1,-20.505,-69.012,-30.001
37.697,waypoint_1,-20.531,-69.104,-30.001
37.729,waypoint_1,-20.558,-69.196,-30.000
37.763,waypoint_1,-20.584,-69.288,-30.000
37.798,waypoint_1,-20.611,-69.380,-30.000
37.830,waypoint_1,-20.637,-69.472,-30.000
37.863,waypoint_1,-20.670,-69.587,-29.999
37.897,waypoint_1,-20.697,-69.679,-29.999
37.929,waypoint_1,-20.723,-69.771,-29.999
37.963,waypoint_1,-20.750,-69.863,-29.998
37.997,waypoint_1,-20.776,-69.954,-29.998
38.031,waypoint_1,-20.802,-70.046,-29.998
38.065,waypoint_1,-20.835,-70.161,-29.998
38.099,waypoint_1,-20.862,-70.252,-29.998
38.131,waypoint_1,-20.888,-70.344,-29.998
38.165,waypoint_1,-20.915,-70.436,-29.998
38.199,waypoint_1,-20.941,-70.527,-29.999
38.231,waypoint_1,-20.968,-70.619,-29.999
38.265,waypoint_1,-21.001,-70.733,-29.999
38.299,waypoint_1,-21.028,-70.825,-29.999
38.331,waypoint_1,-21.055,-70.916,-30.000
38.365,waypoint_1,-21.082,-71.008,-30.000
38.399,waypoint_1,-21.109,-71.099,-30.000
38.431,waypoint_1,-21.136,-71.190,-30.001
38.465,waypoint_1,-21.170,-71.304,-30.001
38.499,waypoint_1,-21.197,-71.396,-30.001
38.531,waypoint_1,-21.225,-71.487,-30.002
38.565,waypoint_1,-21.253,-71.578,-30.002
38.599,waypoint_1,-21.280,-71.668,-30.002
38.631,waypoint_1,-21.308,-71.759,-30.002
38.665,waypoint_1,-21.343,-71.872,-30.002
38.699,waypoint_1,-21.371,-71.963,-30.002
38.732,waypoint_1,-21.400,-72.054,-30.001
38.767,waypoint_1,-21.428,-72.144,-30.001
38.800,waypoint_1,-21.456,-72.235,-30.001
38.832,waypoint_1,-21.484,-72.325,-30.000
38.866,waypoint_1,-21.519,-72.439,-29.999
38.900,waypoint_1,-21.547,-72.529,-29.999
38.933,waypoint_1,-21.575,-72.620,-29.998
38.966,waypoint_1,-21.603,-72.711,-29.998
39.000,waypoint_1,-21.631,-72.802,-29.997
39.032,waypoint_1,-21.658,-72.893,-29.997
39.066,waypoint_1,-21.693,-73.007,-29.996
39.101,waypoint_1,-21.720,-73.098,-29.996
39.133,waypoint_1,-21.748,-73.189,-29.995
39.167,waypoint_1,-21.775,-73.280,-29.995
39.201,waypoint_1,-21.803,-73.372,-29.995
39.233,waypoint_1,-21.830,-73.463,-29.994
39.267,waypoint_1,-21.864,-73.577,-29.994
39.301,waypoint_1,-21.891,-73.668,-29.994
39.333,waypoint_1,-21.918,-73.759,-29.994
39.367,waypoint_1,-21.945,-73.850,-29.994
39.401,waypoint_1,-21.972,-73.941,-29.994
39.434,waypoint_1,-21.999,-74.032,-29.994
39.467,waypoint_1,-22.032,-74.146,-29.994
39.501,waypoint_1,-22.059,-74.237,-29.993
39.533,waypoint_1,-22.085,-74.328,-29.993
39.567,waypoint_1,-22.112,-74.419,-29.993
39.601,waypoint_1,-22.139,-74.510,-29.993
39.633,waypoint_1,-22.165,-74.601,-29.993
39.667,waypoint_1,-22.199,-74.714,-29.993
39.701,waypoint_1,-22.225,-74.806,-29.993
39.733,waypoint_1,-22.252,-74.897,-29.993
39.767,waypoint_1,-22.279,-74.988,-29.993
39.801,waypoint_2,-22.306,-75.079,-29.993
39.833,waypoint_2,-22.333,-75.170,-29.993
39.867,waypoint_2,-22.366,-75.284,-29.995
39.901,waypoint_2,-22.393,-75.375,-29.999
39.934,waypoint_2,-22.419,-75.466,-30.004
39.967,waypoint_2,-22.444,-75.557,-30.009
40.001,waypoint_2,-22.468,-75.648,-30.016
40.033,waypoint_2,-22.490,-75.738,-30.023
40.067,waypoint_2,-22.514,-75.850,-30.031
40.101,waypoint_2,-22.530,-75.939,-30.037
40.133,waypoint_2,-22.543,-76.028,-30.043
40.167,waypoint_2,-22.552,-76.116,-30.047
40.201,waypoint_2,-22.558,-76.204,-30.051
40.233,waypoint_2,-22.559,-76.290,-30.053
40.267,waypoint_2,-22.555,-76.398,-30.055
40.301,waypoint_2,-22.548,-76.484,-30.055
40.333,waypoint_2,-22.537,-76.569,-30.055
40.367,waypoint_2,-22.522,-76.654,-30.054
40.401,waypoint_2,-22.503,-76.738,-30.052
40.433,waypoint_2,-22.481,-76.822,-30.050
40.467,waypoint_2,-22.448,-76.926,-30.047
40.501,waypoint_2,-22.418,-77.009,-30.044
40.533,waypoint_2,-22.385,-77.092,-30.041
40.567,waypoint_2,-22.349,-77.175,-30.038
40.601,waypoint_2,-22.311,-77.257,-30.035
40.633,waypoint_2,-22.270,-77.340,-30.032
40.667,waypoint_2,-22.216,-77.443,-30.028
40.701,waypoint_2,-22.171,-77.525,-30.026
40.733,waypoint_2,-22.124,-77.607,-30.023
40.767,waypoint_2,-22.075,-77.690,-30.020
40.801,waypoint_2,-22.025,-77.772,-30.018
40.833,waypoint_2,-21.974,-77.855,-30.016
40.867,waypoint_2,-21.909,-77.958,-30.013
40.901,waypoint_2,-21.855,-78.041,-30.011
40.933,waypoint_2,-21.801,-78.123,-30.010
40.967,waypoint_2,-21.747,-78.206,-30.008
41.001,waypoint_2,-21.692,-78.289,-30.006
41.033,waypoint_2,-21.636,-78.372,-30.005
41.067,waypoint_2,-21.567,-78.476,-30.003
41.101,waypoint_2,-21.510,-78.559,-30.002
41.133,waypoint_2,-21.454,-78.642,-30.001
41.167,waypoint_2,-21.398,-78.725,-30.000
41.201,waypoint_2,-21.341,-78.808,-29.999
41.233,waypoint_2,-21.285,-78.891,-29.998
41.267,waypoint_2,-21.214,-78.994,-29.997
41.302,waypoint_2,-21.157,-79.077,-29.996
41.334,waypoint_2,-21.101,-79.160,-29.996
41.367,waypoint_2,-21.044,-79.243,-29.995
41.401,waypoint_2,-20.987,-79.325,-29.994
41.433,waypoint_2,-20.930,-79.408,-29.994
41.467,waypoint_2,-20.859,-79.511,-29.994
41.501,waypoint_2,-20.803,-79.593,-29.993
41.534,waypoint_2,-20.746,-79.676,-29.993
41.567,waypoint_2,-20.689,-79.758,-29.993
41.601,waypoint_2,-20.632,-79.840,-29.993
41.633,waypoint_2,-20.576,-79.921,-29.993
41.667,waypoint_2,-20.505,-80.023,-29.994
41.701,waypoint_2,-20.448,-80.104,-29.994
41.733,waypoint_2,-20.391,-80.185,-29.994
41.767,waypoint_2,-20.335,-80.266,-29.994
41.802,waypoint_2,-20.278,-80.346,-29.994
41.834,waypoint_2,-20.222,-80.426,-29.994
41.868,waypoint_2,-20.151,-80.526,-29.994
41.902,waypoint_2,-20.095,-80.606,-29.994
41.934,waypoint_2,-20.039,-80.686,-29.993
41.969,waypoint_2,-19.983,-80.765,-29.993
42.002,waypoint_2,-19.927,-80.844,-29.993
42.034,waypoint_2,-19.871,-80.923,-29.993
42.068,waypoint_2,-19.802,-81.021,-29.992
42.102,waypoint_2,-19.746,-81.100,-29.992
42.135,waypoint_2,-19.691,-81.178,-29.991
42.169,waypoint_2,-19.635,-81.256,-29.990
42.203,waypoint_2,-19.580,-81.334,-29.990
42.235,waypoint_2,-19.525,-81.412,-29.989
42.269,waypoint_2,-19.456,-81.509,-29.988
42.303,waypoint_2,-19.400,-81.586,-29.988
42.335,waypoint_2,-19.345,-81.663,-29.987
42.369,waypoint_2,-19.290,-81.741,-29.987
42.403,waypoint_2,-19.235,-81.818,-29.986
42.435,waypoint_2,-19.179,-81.895,-29.986
42.469,waypoint_2,-19.110,-81.991,-29.985
42.503,waypoint_2,-19.055,-82.068,-29.985
42.544,waypoint_2,-18.999,-82.145,-29.984
42.584,waypoint_2,-18.944,-82.221,-29.984
42.618,waypoint_2,-18.888,-82.298,-29.983
42.651,waypoint_2,-18.833,-82.374,-29.983
42.685,waypoint_2,-18.763,-82.470,-29.982
42.719,waypoint_2,-18.707,-82.546,-29.982
42.751,waypoint_2,-18.651,-82.623,-29.981
42.785,waypoint_2,-18.595,-82.699,-29.981
42.819,waypoint_2,-18.538,-82.775,-29.980
42.851,waypoint_2,-18.482,-82.851,-29.980
42.886,waypoint_2,-18.412,-82.946,-29.979
42.919,waypoint_2,-18.356,-83.021,-29.979
42.951,waypoint_2,-18.299,-83.097,-29.979
42.985,waypoint_2,-18.243,-83.173,-29.978
43.019,waypoint_2,-18.186,-83.248,-29.978
43.051,waypoint_2,-18.129,-83.324,-29.978
43.086,waypoint_2,-18.058,-83.418,-29.977
43.119,waypoint_2,-18.001,-83.493,-29.977
43.151,waypoint_2,-17.944,-83.569,-29.977
43.185,waypoint_2,-17.887,-83.644,-29.977
43.219,waypoint_2,-17.829,-83.719,-29.977
43.251,waypoint_2,-17.772,-83.794,-29.977
43.285,waypoint_2,-17.700,-83.888,-29.978
43.319,waypoint_2,-17.643,-83.963,-29.978
43.351,waypoint_2,-17.585,-84.038,-29.978
43.385,waypoint_2,-17.527,-84.113,-29.978
43.419,waypoint_2,-17.469,-84.188,-29.978
43.451,waypoint_2,-17.411,-84.263,-29.978
43.485,waypoint_2,-17.339,-84.357,-29.978
43.519,waypoint_2,-17.281,-84.432,-29.978
43.552,waypoint_2,-17.223,-84.507,-29.978
43.586,waypoint_2,-17.165,-84.583,-29.978
43.619,waypoint_2,-17.106,-84.658,-29.978
43.651,waypoint_2,-17.048,-84.733,-29.978
43.685,waypoint_2,-16.975,-84.827,-29.979
43.719,waypoint_2,-16.917,-84.903,-29.979
43.751,waypoint_2,-16.859,-84.978,-29.979
43.786,waypoint_2,-16.800,-85.053,-29.980
43.819,waypoint_2,-16.742,-85.128,-29.980
43.851,waypoint_2,-16.684,-85.203,-29.980
43.885,waypoint_2,-16.611,-85.297,-29.981
43.919,waypoint_2,-16.553,-85.372,-29.982
43.951,waypoint_2,-16.494,-85.448,-29.982
43.986,waypoint_2,-16.436,-85.523,-29.983
44.019,waypoint_2,-16.378,-85.598,-29.983
44.051,waypoint_2,-16.320,-85.673,-29.984
44.085,waypoint_2,-16.247,-85.767,-29.984
44.119,waypoint_2,-16.189,-85.842,-29.985
44.152,waypoint_2,-16.130,-85.918,-29.985
44.186,waypoint_2,-16.072,-85.993,-29.985
44.220,waypoint_2,-16.013,-86.068,-29.986
44.251,waypoint_2,-15.955,-86.143,-29.986
44.285,waypoint_2,-15.881,-86.236,-29.986
44.319,waypoint_2,-15.822,-86.311,-29.986
44.351,waypoint_2,-15.763,-86.386,-29.986
44.385,waypoint_2,-15.704,-86.460,-29.986
44.420,waypoint_2,-15.645,-86.535,-29.986
44.451,waypoint_2,-15.586,-86.610,-29.986
44.486,waypoint_2,-15.512,-86.703,-29.985
44.519,waypoint_2,-15.452,-86.778,-29.985
44.551,waypoint_2,-15.393,-86.853,-29.985
44.585,waypoint_2,-15.333,-86.927,-29.984
44.619,waypoint_2,-15.273,-87.002,-29.984
44.651,waypoint_2,-15.214,-87.077,-29.984
44.685,waypoint_2,-15.139,-87.170,-29.983
44.719,waypoint_2,-15.079,-87.245,-29.983
44.753,waypoint_2,-15.020,-87.320,-29.982
44.786,waypoint_2,-14.960,-87.394,-29.982
44.820,waypoint_2,-14.900,-87.469,-29.982
44.854,waypoint_2,-14.841,-87.543,-29.981
44.888,waypoint_2,-14.766,-87.636,-29.981
44.922,waypoint_2,-14.706,-87.711,-29.981
44.954,waypoint_2,-14.647,-87.785,-29.981
44.988,waypoint_2,-14.587,-87.860,-29.980
45.022,waypoint_2,-14.528,-87.934,-29.980
45.054,waypoint_2,-14.469,-88.008,-29.980
45.089,waypoint_2,-14.394,-88.101,-29.980
45.123,waypoint_2,-14.335,-88.176,-29.979
45.155,waypoint_2,-14.276,-88.250,-29.979
45.189,waypoint_2,-14.216,-88.324,-29.979
45.223,waypoint_2,-14.157,-88.399,-29.979
45.256,waypoint_2,-14.098,-88.473,-29.978
45.289,waypoint_2,-14.024,-88.567,-29.978
45.323,waypoint_2,-13.965,-88.641,-29.978
45.356,waypoint_2,-13.906,-88.716,-29.978
45.390,waypoint_2,-13.846,-88.791,-29.978
45.424,waypoint_2,-13.787,-88.866,-29.977
45.456,waypoint_2,-13.728,-88.941,-29.977
45.490,waypoint_2,-13.653,-89.035,-29.977
45.524,waypoint_2,-13.593,-89.111,-29.976
45.556,waypoint_2,-13.534,-89.186,-29.976
45.590,waypoint_2,-13.474,-89.262,-29.976
45.624,waypoint_2,-13.414,-89.338,-29.976
45.656,waypoint_2,-13.354,-89.414,-29.975
45.691,waypoint_2,-13.279,-89.509,-29.975
45.725,waypoint_2,-13.219,-89.585,-29.975
45.757,waypoint_2,-13.158,-89.661,-29.975
45.791,waypoint_2,-13.098,-89.736,-29.974
45.825,waypoint_2,-13.038,-89.812,-29.974
45.857,waypoint_2,-12.978,-89.888,-29.973
45.891,waypoint_2,-12.903,-89.983,-29.973
45.925,waypoint_2,-12.843,-90.059,-29.973
45.957,waypoint_2,-12.783,-90.135,-29.972
45.991,waypoint_2,-12.724,-90.210,-29.972
46.026,waypoint_2,-12.664,-90.286,-29.971
46.057,waypoint_2,-12.604,-90.362,-29.971
46.093,waypoint_2,-12.529,-90.457,-29.971
46.127,waypoint_2,-12.470,-90.533,-29.970
46.159,waypoint_2,-12.410,-90.609,-29.970
46.193,waypoint_2,-12.350,-90.685,-29.970
46.227,waypoint_2,-12.291,-90.761,-29.969
46.259,waypoint_2,-12.231,-90.837,-29.969
46.293,waypoint_2,-12.157,-90.931,-29.969
46.327,waypoint_2,-12.097,-91.007,-29.969
46.359,waypoint_2,-12.037,-91.083,-29.969
46.393,waypoint_2,-11.978,-91.158,-29.968
46.427,waypoint_2,-11.918,-91.234,-29.968
46.459,waypoint_2,-11.859,-91.310,-29.968
46.493,waypoint_2,-11.784,-91.405,-29.968
46.528,waypoint_2,-11.725,-91.480,-29.968
46.560,waypoint_2,-11.666,-91.556,-29.968
46.594,waypoint_2,-11.606,-91.632,-29.968
46.628,waypoint_2,-11.547,-91.708,-29.968
46.660,waypoint_2,-11.488,-91.784,-29.968
46.694,waypoint_2,-11.414,-91.880,-29.968
46.728,waypoint_2,-11.355,-91.956,-29.968
46.760,waypoint_2,-11.296,-92.032,-29.969
46.794,waypoint_2,-11.237,-92.108,-29.969
46.828,waypoint_2,-11.178,-92.183,-29.969
46.860,waypoint_2,-11.120,-92.259,-29.970
46.895,waypoint_2,-11.047,-92.354,-29.970
46.929,waypoint_2,-10.988,-92.430,-29.970
46.961,waypoint_2,-10.930,-92.506,-29.971
46.995,waypoint_2,-10.872,-92.582,-29.971
47.029,waypoint_2,-10.814,-92.658,-29.971
47.061,waypoint_2,-10.756,-92.734,-29.972
47.095,waypoint_2,-10.683,-92.829,-29.972
47.129,waypoint_2,-10.625,-92.905,-29.972
47.161,waypoint_2,-10.567,-92.981,-29.972
47.195,waypoint_2,-10.509,-93.057,-29.973
47.229,waypoint_2,-10.450,-93.134,-29.973
47.261,waypoint_2,-10.392,-93.210,-29.974
47.295,waypoint_2,-10.319,-93.305,-29.974
47.329,waypoint_2,-10.260,-93.381,-29.974
47.361,waypoint_2,-10.201,-93.458,-29.974
47.395,waypoint_2,-10.142,-93.534,-29.974
47.429,waypoint_2,-10.083,-93.611,-29.974
47.461,waypoint_2,-10.024,-93.688,-29.974
47.495,waypoint_2,-9.950,-93.784,-29.973
47.529,waypoint_2,-9.890,-93.861,-29.973
47.561,waypoint_2,-9.831,-93.939,-29.972
47.595,waypoint_2,-9.772,-94.016,-29.972
47.629,waypoint_2,-9.712,-94.093,-29.972
47.661,waypoint_2,-9.653,-94.170,-29.971
47.695,waypoint_2,-9.578,-94.267,-29.971
47.729,waypoint_2,-9.519,-94.344,-29.970
47.761,waypoint_2,-9.459,-94.422,-29.970
47.795,waypoint_2,-9.399,-94.499,-29.970
47.829,waypoint_2,-9.340,-94.577,-29.969
47.861,waypoint_2,-9.280,-94.654,-29.968
47.895,waypoint_2,-9.206,-94.751,-29.968
47.929,waypoint_2,-9.146,-94.829,-29.967
47.961,waypoint_2,-9.087,-94.906,-29.966
47.995,waypoint_2,-9.028,-94.983,-29.966
48.029,waypoint_2,-8.969,-95.061,-29.965
48.061,waypoint_2,-8.909,-95.138,-29.965
48.095,waypoint_2,-8.836,-95.234,-29.964
48.129,waypoint_2,-8.777,-95.311,-29.964
48.161,waypoint_2,-8.718,-95.388,-29.963
48.195,waypoint_2,-8.659,-95.465,-29.963
48.229,waypoint_2,-8.600,-95.541,-29.962
48.261,waypoint_2,-8.541,-95.618,-29.962
48.295,waypoint_2,-8.467,-95.714,-29.961
48.329,waypoint_2,-8.408,-95.790,-29.961
48.361,waypoint_2,-8.349,-95.866,-29.961
48.395,waypoint_2,-8.290,-95.943,-29.961
48.429,waypoint_2,-8.231,-96.019,-29.961
48.461,waypoint_2,-8.172,-96.095,-29.961
48.495,waypoint_2,-8.098,-96.190,-29.961
48.529,waypoint_2,-8.039,-96.266,-29.961
48.561,waypoint_2,-7.980,-96.342,-29.961
48.595,waypoint_2,-7.921,-96.418,-29.961
48.629,waypoint_2,-7.863,-96.495,-29.961
48.661,waypoint_2,-7.804,-96.571,-29.961
48.695,waypoint_2,-7.731,-96.666,-29.961
48.729,waypoint_2,-7.672,-96.742,-29.962
48.761,waypoint_2,-7.614,-96.818,-29.962
48.795,waypoint_2,-7.555,-96.894,-29.962
48.829,waypoint_2,-7.497,-96.971,-29.963
48.861,waypoint_2,-7.438,-97.047,-29.963
48.895,waypoint_2,-7.365,-97.142,-29.964
48.929,waypoint_2,-7.307,-97.218,-29.964
48.961,waypoint_2,-7.248,-97.294,-29.964
48.995,waypoint_2,-7.190,-97.370,-29.964
49.029,waypoint_2,-7.131,-97.446,-29.964
49.061,waypoint_2,-7.073,-97.522,-29.965
49.095,waypoint_2,-7.000,-97.617,-29.965
49.129,waypoint_2,-6.942,-97.693,-29.965
49.161,waypoint_2,-6.884,-97.769,-29.965
49.195,waypoint_2,-6.826,-97.845,-29.966
49.230,waypoint_2,-6.768,-97.921,-29.966
49.262,waypoint_2,-6.710,-97.997,-29.966
49.296,waypoint_2,-6.638,-98.091,-29.966
49.330,waypoint_2,-6.580,-98.167,-29.966
49.362,waypoint_2,-6.522,-98.243,-29.967
49.396,waypoint_2,-6.465,-98.319,-29.967
49.430,waypoint_2,-6.407,-98.395,-29.967
49.462,waypoint_2,-6.350,-98.471,-29.968
49.496,waypoint_2,-6.278,-98.566,-29.968
49.531,waypoint_2,-6.220,-98.641,-29.968
49.563,waypoint_2,-6.163,-98.717,-29.969
49.597,waypoint_2,-6.105,-98.793,-29.969
49.631,waypoint_2,-6.048,-98.870,-29.970
49.663,waypoint_2,-5.990,-98.946,-29.970
49.697,waypoint_2,-5.918,-99.041,-29.971
49.731,waypoint_2,-5.860,-99.117,-29.971
49.763,waypoint_2,-5.802,-99.194,-29.971
49.798,waypoint_2,-5.745,-99.270,-29.972
49.832,waypoint_2,-5.687,-99.347,-29.972
49.864,waypoint_2,-5.629,-99.423,-29.972
49.898,waypoint_2,-5.556,-99.519,-29.973
49.932,waypoint_2,-5.498,-99.596,-29.973
49.964,waypoint_2,-5.439,-99.673,-29.973
49.998,waypoint_2,-5.381,-99.750,-29.973
50.032,waypoint_2,-5.323,-99.827,-29.973
50.064,waypoint_2,-5.264,-99.904,-29.973
50.098,waypoint_2,-5.191,-100.000,-29.973
50.132,waypoint_2,-5.132,-100.078,-29.972
50.164,waypoint_2,-5.074,-100.155,-29.972
50.198,waypoint_2,-5.015,-100.232,-29.972
50.232,waypoint_2,-4.956,-100.310,-29.972
50.264,waypoint_2,-4.898,-100.387,-29.972
50.298,waypoint_2,-4.825,-100.484,-29.971
50.332,waypoint_2,-4.767,-100.562,-29.971
50.364,waypoint_2,-4.708,-100.639,-29.971
50.398,waypoint_2,-4.650,-100.717,-29.970
50.432,waypoint_2,-4.592,-100.795,-29.970
50.464,waypoint_2,-4.534,-100.872,-29.970
50.498,waypoint_2,-4.462,-100.970,-29.970
50.532,waypoint_2,-4.404,-101.047,-29.970
50.564,waypoint_2,-4.347,-101.125,-29.970
50.598,waypoint_2,-4.289,-101.202,-29.970
50.632,waypoint_2,-4.232,-101.280,-29.970
50.664,waypoint_2,-4.174,-101.358,-29.970
50.698,waypoint_2,-4.102,-101.455,-29.970
50.732,waypoint_2,-4.045,-101.532,-29.971
50.764,waypoint_2,-3.988,-101.610,-29.971
50.798,waypoint_2,-3.930,-101.688,-29.972
50.832,waypoint_2,-3.873,-101.765,-29.972
50.864,waypoint_2,-3.816,-101.843,-29.973
50.898,waypoint_2,-3.745,-101.941,-29.973
50.932,waypoint_2,-3.687,-102.019,-29.974
50.964,waypoint_2,-3.630,-102.097,-29.975
50.998,waypoint_2,-3.573,-102.175,-29.975
51.032,waypoint_2,-3.516,-102.253,-29.975
51.064,waypoint_2,-3.459,-102.331,-29.976
51.098,waypoint_2,-3.388,-102.429,-29.976
51.132,waypoint_2,-3.331,-102.507,-29.976
51.164,waypoint_2,-3.274,-102.585,-29.976
51.198,waypoint_2,-3.217,-102.663,-29.976
51.232,waypoint_2,-3.160,-102.741,-29.976
51.264,waypoint_2,-3.102,-102.819,-29.975
51.298,waypoint_2,-3.031,-102.917,-29.975
51.332,waypoint_2,-2.974,-102.994,-29.975
51.364,waypoint_2,-2.917,-103.072,-29.974
51.398,waypoint_2,-2.859,-103.150,-29.974
51.432,waypoint_2,-2.802,-103.228,-29.974
51.464,waypoint_2,-2.745,-103.305,-29.974
51.498,waypoint_2,-2.674,-103.402,-29.974
51.532,waypoint_2,-2.616,-103.479,-29.973
51.564,waypoint_2,-2.559,-103.556,-29.973
51.598,waypoint_2,-2.502,-103.634,-29.973
51.632,waypoint_2,-2.444,-103.711,-29.973
51.664,waypoint_2,-2.387,-103.788,-29.973
51.698,waypoint_2,-2.315,-103.885,-29.972
51.732,waypoint_2,-2.258,-103.962,-29.972
51.764,waypoint_2,-2.200,-104.039,-29.972
51.798,waypoint_2,-2.142,-104.116,-29.972
51.832,waypoint_2,-2.085,-104.192,-29.972
51.864,waypoint_2,-2.027,-104.269,-29.972
51.898,waypoint_2,-1.955,-104.365,-29.972
51.932,waypoint_2,-1.898,-104.442,-29.973
51.964,waypoint_2,-1.840,-104.518,-29.973
51.998,waypoint_2,-1.783,-104.595,-29.973
52.032,waypoint_2,-1.725,-104.672,-29.973
52.064,waypoint_2,-1.668,-104.748,-29.974
52.098,waypoint_2,-1.596,-104.844,-29.974
52.132,waypoint_2,-1.539,-104.921,-29.975
52.164,waypoint_2,-1.482,-104.997,-29.975
52.199,waypoint_2,-1.425,-105.074,-29.976
52.232,waypoint_2,-1.368,-105.151,-29.976
52.264,waypoint_2,-1.311,-105.228,-29.977
52.298,waypoint_2,-1.240,-105.324,-29.978
52.332,waypoint_2,-1.184,-105.401,-29.978
52.365,waypoint_2,-1.127,-105.478,-29.978
52.398,waypoint_2,-1.071,-105.555,-29.978
52.432,waypoint_2,-1.015,-105.632,-29.979
52.464,waypoint_2,-0.958,-105.709,-29.979
52.498,waypoint_2,-0.888,-105.806,-29.979
52.532,waypoint_2,-0.832,-105.883,-29.980
52.564,waypoint_2,-0.777,-105.961,-29.980
52.598,waypoint_2,-0.721,-106.038,-29.980
52.632,waypoint_2,-0.665,-106.115,-29.980
52.664,waypoint_2,-0.609,-106.193,-29.981
52.698,waypoint_2,-0.540,-106.290,-29.981
52.732,waypoint_2,-0.484,-106.367,-29.982
52.764,waypoint_2,-0.428,-106.445,-29.982
52.798,waypoint_2,-0.372,-106.522,-29.982
52.832,waypoint_2,-0.316,-106.600,-29.983
52.864,waypoint_2,-0.260,-106.678,-29.983
52.898,waypoint_2,-0.190,-106.775,-29.983
52.932,waypoint_2,-0.134,-106.853,-29.984
52.964,waypoint_2,-0.078,-106.931,-29.984
52.998,waypoint_2,-0.022,-107.009,-29.984
53.032,waypoint_2,0.035,-107.088,-29.984
53.064,waypoint_2,0.091,-107.166,-29.984
53.098,waypoint_2,0.161,-107.264,-29.985
53.132,waypoint_2,0.217,-107.342,-29.985
53.164,waypoint_2,0.274,-107.421,-29.986
53.198,waypoint_2,0.330,-107.499,-29.986
53.232,waypoint_2,0.386,-107.578,-29.987
53.264,waypoint_2,0.443,-107.656,-29.987
53.298,waypoint_2,0.513,-107.754,-29.988
53.332,waypoint_2,0.570,-107.833,-29.988
53.364,waypoint_2,0.626,-107.912,-29.989
53.398,waypoint_2,0.683,-107.990,-29.989
53.432,waypoint_2,0.739,-108.069,-29.990
53.464,waypoint_2,0.796,-108.147,-29.990
53.498,waypoint_2,0.866,-108.245,-29.990
53.534,waypoint_2,0.922,-108.324,-29.990
53.566,waypoint_2,0.979,-108.402,-29.990
53.600,waypoint_2,1.035,-108.481,-29.990
53.634,waypoint_2,1.092,-108.559,-29.990
53.666,waypoint_2,1.148,-108.638,-29.990
53.700,waypoint_2,1.219,-108.736,-29.990
53.734,waypoint_2,1.275,-108.815,-29.990
53.766,waypoint_2,1.332,-108.894,-29.989
53.800,waypoint_2,1.389,-108.973,-29.989
53.834,waypoint_2,1.445,-109.052,-29.989
53.867,waypoint_2,1.501,-109.131,-29.988
53.901,waypoint_2,1.572,-109.229,-29.988
53.935,waypoint_2,1.628,-109.308,-29.988
53.968,waypoint_2,1.684,-109.387,-29.988
54.002,waypoint_2,1.740,-109.466,-29.988
54.036,waypoint_2,1.796,-109.544,-29.987
54.068,waypoint_2,1.852,-109.623,-29.987
54.102,waypoint_2,1.922,-109.721,-29.987
54.136,waypoint_2,1.978,-109.800,-29.987
54.168,waypoint_2,2.033,-109.878,-29.986
54.202,waypoint_2,2.089,-109.956,-29.986
54.236,waypoint_2,2.144,-110.035,-29.986
54.268,waypoint_2,2.200,-110.113,-29.985
54.302,waypoint_2,2.269,-110.211,-29.985
54.336,waypoint_2,2.325,-110.289,-29.985
54.368,waypoint_2,2.380,-110.367,-29.985
54.402,waypoint_2,2.435,-110.445,-29.985
54.436,waypoint_2,2.491,-110.522,-29.985
54.469,waypoint_2,2.546,-110.600,-29.985
54.503,waypoint_2,2.615,-110.698,-29.985
54.537,waypoint_2,2.671,-110.775,-29.986
54.569,waypoint_2,2.726,-110.853,-29.986
54.603,waypoint_2,2.782,-110.931,-29.986
54.638,waypoint_2,2.838,-111.008,-29.986
54.670,waypoint_2,2.893,-111.085,-29.986
54.705,waypoint_2,2.963,-111.182,-29.986
54.739,waypoint_2,3.019,-111.259,-29.986
54.771,waypoint_2,3.075,-111.337,-29.986
54.805,waypoint_2,3.131,-111.414,-29.986
54.839,waypoint_2,3.187,-111.492,-29.986
54.871,waypoint_2,3.243,-111.569,-29.987
54.905,waypoint_2,3.313,-111.666,-29.987
54.939,waypoint_2,3.369,-111.744,-29.987
54.971,waypoint_2,3.425,-111.822,-29.987
55.005,waypoint_2,3.481,-111.900,-29.988
55.039,waypoint_2,3.537,-111.978,-29.988
55.071,waypoint_2,3.593,-112.056,-29.989
55.105,waypoint_2,3.663,-112.154,-29.989
55.153,waypoint_2,3.719,-112.232,-29.990
55.190,waypoint_2,3.775,-112.310,-29.990
55.223,waypoint_2,3.831,-112.389,-29.990
55.257,waypoint_2,3.888,-112.467,-29.990
55.291,waypoint_2,3.958,-112.565,-29.991
55.323,waypoint_2,4.014,-112.644,-29.991
55.357,waypoint_2,4.071,-112.722,-29.991
55.392,waypoint_2,4.127,-112.801,-29.991
55.424,waypoint_2,4.184,-112.879,-29.991
55.458,waypoint_2,4.241,-112.958,-29.991
55.492,waypoint_2,4.312,-113.056,-29.991
55.524,waypoint_2,4.369,-113.135,-29.991
55.558,waypoint_2,4.426,-113.213,-29.991
55.592,waypoint_2,4.483,-113.292,-29.991
55.624,waypoint_2,4.540,-113.371,-29.992
55.658,waypoint_2,4.598,-113.450,-29.992
55.692,waypoint_2,4.670,-113.549,-29.992
55.724,waypoint_2,4.727,-113.628,-29.992
55.758,waypoint_2,4.785,-113.707,-29.992
55.792,waypoint_2,4.843,-113.786,-29.992
55.824,waypoint_2,4.901,-113.866,-29.992
55.858,waypoint_2,4.959,-113.945,-29.992
55.892,waypoint_2,5.032,-114.044,-29.992
55.924,waypoint_2,5.090,-114.124,-29.992
55.958,waypoint_2,5.148,-114.203,-29.993
55.992,waypoint_2,5.206,-114.282,-29.993
56.024,waypoint_2,5.264,-114.362,-29.993
56.058,waypoint_2,5.322,-114.441,-29.993
56.092,waypoint_2,5.394,-114.540,-29.993
56.124,waypoint_2,5.452,-114.619,-29.993
56.158,waypoint_2,5.510,-114.698,-29.993
56.192,waypoint_2,5.568,-114.777,-29.993
56.224,waypoint_2,5.626,-114.856,-29.993
56.258,waypoint_2,5.683,-114.935,-29.993
56.292,waypoint_2,5.756,-115.034,-29.992
56.324,waypoint_2,5.813,-115.113,-29.992
56.358,waypoint_2,5.871,-115.191,-29.992
56.392,waypoint_2,5.928,-115.270,-29.991
56.424,waypoint_2,5.985,-115.349,-29.991
56.458,waypoint_2,6.043,-115.428,-29.991
56.492,waypoint_2,6.114,-115.526,-29.990
56.524,waypoint_2,6.171,-115.605,-29.990
56.558,waypoint_2,6.228,-115.684,-29.990
56.592,waypoint_2,6.285,-115.763,-29.990
56.624,waypoint_2,6.341,-115.842,-29.989
56.658,waypoint_2,6.398,-115.920,-29.989
56.692,waypoint_2,6.469,-116.019,-29.989
56.724,waypoint_2,6.525,-116.097,-29.988
56.758,waypoint_2,6.582,-116.176,-29.988
56.792,waypoint_2,6.638,-116.255,-29.988
56.824,waypoint_2,6.694,-116.333,-29.988
56.858,waypoint_2,6.751,-116.412,-29.988
56.892,waypoint_2,6.821,-116.510,-29.987
56.924,waypoint_2,6.877,-116.588,-29.987
56.958,waypoint_2,6.933,-116.667,-29.987
56.992,waypoint_2,6.989,-116.746,-29.986
57.024,waypoint_2,7.044,-116.824,-29.986
57.058,waypoint_2,7.100,-116.903,-29.986
57.092,waypoint_2,7.170,-117.002,-29.986
57.124,waypoint_2,7.226,-117.080,-29.986
57.158,waypoint_2,7.281,-117.159,-29.986
57.192,waypoint_2,7.337,-117.238,-29.985
57.224,waypoint_2,7.392,-117.316,-29.985
57.258,waypoint_2,7.448,-117.395,-29.985
57.292,waypoint_2,7.517,-117.493,-29.984
57.326,waypoint_2,7.573,-117.572,-29.984
57.360,waypoint_2,7.628,-117.651,-29.984
57.393,waypoint_2,7.684,-117.729,-29.983
57.426,waypoint_2,7.739,-117.808,-29.983
57.459,waypoint_2,7.795,-117.886,-29.982
57.493,waypoint_2,7.864,-117.984,-29.982
57.526,waypoint_2,7.919,-118.063,-29.981
57.559,waypoint_2,7.975,-118.141,-29.981
57.593,waypoint_2,8.030,-118.219,-29.980
57.626,waypoint_2,8.085,-118.297,-29.980
57.661,waypoint_2,8.140,-118.374,-29.980
57.695,waypoint_2,8.209,-118.471,-29.979
57.727,waypoint_2,8.265,-118.549,-29.979
57.761,waypoint_2,8.320,-118.627,-29.979
57.795,waypoint_2,8.375,-118.704,-29.979
57.827,waypoint_2,8.431,-118.782,-29.978
57.861,waypoint_2,8.486,-118.860,-29.978
57.895,waypoint_2,8.555,-118.957,-29.978
57.928,waypoint_2,8.610,-119.035,-29.978
57.962,waypoint_2,8.666,-119.113,-29.978
57.996,waypoint_2,8.721,-119.191,-29.978
58.028,waypoint_2,8.777,-119.269,-29.978
58.062,waypoint_2,8.832,-119.347,-29.978
58.096,waypoint_2,8.901,-119.444,-29.978
58.128,waypoint_2,8.957,-119.523,-29.978
58.162,waypoint_2,9.012,-119.601,-29.978
58.196,waypoint_2,9.067,-119.679,-29.978
58.228,waypoint_2,9.122,-119.757,-29.978
58.262,waypoint_2,9.178,-119.836,-29.978
58.296,waypoint_2,9.247,-119.934,-29.978
58.328,waypoint_2,9.302,-120.012,-29.978
58.362,waypoint_2,9.357,-120.090,-29.978
58.397,waypoint_2,9.412,-120.168,-29.979
58.428,waypoint_2,9.467,-120.246,-29.979
58.462,waypoint_2,9.522,-120.324,-29.979
58.497,waypoint_2,9.591,-120.422,-29.978
58.529,waypoint_2,9.646,-120.499,-29.978
58.563,waypoint_2,9.701,-120.577,-29.978
58.597,waypoint_2,9.756,-120.655,-29.978
58.629,waypoint_2,9.811,-120.733,-29.977
58.663,waypoint_2,9.866,-120.810,-29.977
58.697,waypoint_2,9.934,-120.907,-29.977
58.729,waypoint_2,9.989,-120.985,-29.977
58.763,waypoint_2,10.044,-121.062,-29.976
58.797,waypoint_2,10.099,-121.140,-29.976
58.829,waypoint_2,10.154,-121.217,-29.976
58.863,waypoint_2,10.209,-121.295,-29.976
58.898,waypoint_2,10.278,-121.392,-29.976
58.930,waypoint_2,10.333,-121.469,-29.976
58.964,waypoint_2,10.388,-121.546,-29.976
58.998,waypoint_2,10.443,-121.624,-29.976
59.030,waypoint_2,10.498,-121.701,-29.975
59.064,waypoint_2,10.553,-121.779,-29.975
59.098,waypoint_2,10.622,-121.875,-29.975
59.130,waypoint_2,10.677,-121.953,-29.975
59.164,waypoint_2,10.732,-122.030,-29.975
59.198,waypoint_2,10.787,-122.107,-29.976
59.230,waypoint_2,10.841,-122.185,-29.976
59.264,waypoint_2,10.896,-122.262,-29.976
59.299,waypoint_2,10.964,-122.359,-29.977
59.330,waypoint_2,11.019,-122.436,-29.977
59.364,waypoint_2,11.073,-122.514,-29.978
59.398,waypoint_2,11.127,-122.591,-29.978
59.430,waypoint_2,11.182,-122.669,-29.979
59.464,waypoint_2,11.236,-122.747,-29.979
59.498,waypoint_2,11.304,-122.844,-29.980
59.530,waypoint_2,11.358,-122.921,-29.980
59.564,waypoint_2,11.413,-122.999,-29.980
59.598,waypoint_2,11.467,-123.076,-29.981
59.630,waypoint_2,11.522,-123.154,-29.981
59.665,waypoint_2,11.577,-123.231,-29.981
59.698,waypoint_2,11.645,-123.328,-29.981
59.730,waypoint_2,11.700,-123.405,-29.981
59.765,waypoint_2,11.755,-123.483,-29.982
59.798,waypoint_2,11.810,-123.560,-29.982
59.830,waypoint_2,11.865,-123.638,-29.982
59.864,waypoint_2,11.920,-123.716,-29.982
59.898,waypoint_2,11.989,-123.813,-29.982
59.930,waypoint_2,12.045,-123.890,-29.982
59.964,waypoint_2,12.100,-123.968,-29.982
59.998,waypoint_2,12.156,-124.045,-29.981
60.030,waypoint_2,12.212,-124.123,-29.981
60.064,waypoint_2,12.267,-124.200,-29.980
60.098,waypoint_2,12.337,-124.297,-29.980
60.130,waypoint_2,12.393,-124.375,-29.979
60.164,waypoint_2,12.449,-124.452,-29.979
60.198,waypoint_2,12.505,-124.529,-29.978
60.230,waypoint_2,12.561,-124.607,-29.977
60.264,waypoint_2,12.617,-124.684,-29.977
60.299,waypoint_2,12.687,-124.781,-29.976
60.330,waypoint_2,12.744,-124.859,-29.976
60.364,waypoint_2,12.800,-124.936,-29.975
60.398,waypoint_2,12.856,-125.014,-29.975
60.430,waypoint_2,12.912,-125.092,-29.975
60.464,waypoint_2,12.968,-125.169,-29.974
60.498,waypoint_2,13.038,-125.266,-29.974
60.530,waypoint_2,13.094,-125.344,-29.974
60.564,waypoint_2,13.150,-125.421,-29.974
60.599,waypoint_2,13.206,-125.499,-29.974
60.630,waypoint_2,13.263,-125.576,-29.974
60.664,waypoint_2,13.319,-125.654,-29.974
60.698,waypoint_2,13.389,-125.750,-29.974
60.730,waypoint_2,13.444,-125.828,-29.974
60.764,waypoint_3,13.500,-125.905,-29.974
60.798,waypoint_3,13.556,-125.983,-29.976
60.830,waypoint_3,13.612,-126.061,-29.982
60.864,waypoint_3,13.667,-126.139,-29.990
60.898,waypoint_3,13.734,-126.236,-30.004
60.930,waypoint_3,13.786,-126.313,-30.016
60.966,waypoint_3,13.835,-126.390,-30.029
61.000,waypoint_3,13.881,-126.467,-30.042
61.033,waypoint_3,13.923,-126.542,-30.054
61.067,waypoint_3,13.960,-126.618,-30.064
61.101,waypoint_3,13.999,-126.711,-30.075
61.133,waypoint_3,14.025,-126.785,-30.081
61.167,waypoint_3,14.045,-126.857,-30.086
61.201,waypoint_3,14.059,-126.930,-30.089
61.233,waypoint_3,14.067,-127.001,-30.090
61.267,waypoint_3,14.070,-127.072,-30.089
61.301,waypoint_3,14.066,-127.159,-30.086
61.332,waypoint_3,14.056,-127.228,-30.082
61.367,waypoint_3,14.041,-127.297,-30.077
61.400,waypoint_3,14.020,-127.365,-30.072
61.433,waypoint_3,13.994,-127.432,-30.065
61.467,waypoint_3,13.963,-127.498,-30.058
61.501,waypoint_3,13.918,-127.580,-30.049
61.533,waypoint_3,13.877,-127.645,-30.042
61.567,waypoint_3,13.832,-127.710,-30.035
61.601,waypoint_3,13.784,-127.774,-30.028
61.633,waypoint_3,13.732,-127.837,-30.021
61.667,waypoint_3,13.677,-127.900,-30.014
61.703,waypoint_3,13.604,-127.979,-30.006
61.735,waypoint_3,13.543,-128.041,-30.001
61.769,waypoint_3,13.479,-128.103,-29.995
61.803,waypoint_3,13.414,-128.164,-29.990
61.835,waypoint_3,13.347,-128.226,-29.986
61.869,waypoint_3,13.278,-128.287,-29.982
61.903,waypoint_3,13.191,-128.364,-29.977
61.935,waypoint_3,13.119,-128.424,-29.974
61.969,waypoint_3,13.047,-128.485,-29.971
62.003,waypoint_3,12.974,-128.546,-29.969
62.035,waypoint_3,12.901,-128.606,-29.967
62.069,waypoint_3,12.827,-128.667,-29.965
62.103,waypoint_3,12.734,-128.743,-29.963
62.135,waypoint_3,12.659,-128.803,-29.962
62.169,waypoint_3,12.584,-128.863,-29.961
62.203,waypoint_3,12.510,-128.924,-29.960
62.235,waypoint_3,12.435,-128.984,-29.960
62.269,waypoint_3,12.360,-129.044,-29.960
62.303,waypoint_3,12.267,-129.120,-29.960
62.335,waypoint_3,12.192,-129.180,-29.960
62.369,waypoint_3,12.118,-129.240,-29.960
62.403,waypoint_3,12.044,-129.300,-29.960
62.435,waypoint_3,11.970,-129.360,-29.961
62.469,waypoint_3,11.896,-129.420,-29.961
62.503,waypoint_3,11.804,-129.495,-29.962
62.535,waypoint_3,11.731,-129.555,-29.962
62.569,waypoint_3,11.658,-129.615,-29.963
62.603,waypoint_3,11.585,-129.675,-29.963
62.635,waypoint_3,11.512,-129.735,-29.964
62.669,waypoint_3,11.440,-129.795,-29.964
62.703,waypoint_3,11.350,-129.871,-29.965
62.735,waypoint_3,11.278,-129.931,-29.965
62.769,waypoint_3,11.206,-129.991,-29.966
62.803,waypoint_3,11.134,-130.051,-29.966
62.835,waypoint_3,11.063,-130.111,-29.966
62.869,waypoint_3,10.991,-130.171,-29.967
62.903,waypoint_3,10.902,-130.246,-29.966
62.935,waypoint_3,10.830,-130.306,-29.966
62.969,waypoint_3,10.759,-130.366,-29.966
63.003,waypoint_3,10.687,-130.426,-29.966
63.035,waypoint_3,10.616,-130.487,-29.966
63.069,waypoint_3,10.545,-130.547,-29.966
63.103,waypoint_3,10.455,-130.622,-29.967
63.135,waypoint_3,10.384,-130.683,-29.967
63.169,waypoint_3,10.312,-130.743,-29.967
63.203,waypoint_3,10.241,-130.803,-29.968
63.235,waypoint_3,10.169,-130.863,-29.968
63.269,waypoint_3,10.098,-130.924,-29.969
63.303,waypoint_3,10.008,-130.999,-29.969
63.335,waypoint_3,9.936,-131.060,-29.970
63.369,waypoint_3,9.864,-131.120,-29.971
63.404,waypoint_3,9.792,-131.181,-29.972
63.436,waypoint_3,9.720,-131.241,-29.973
63.471,waypoint_3,9.648,-131.302,-29.973
63.505,waypoint_3,9.558,-131.378,-29.974
63.537,waypoint_3,9.486,-131.439,-29.975
63.571,waypoint_3,9.414,-131.500,-29.975
63.605,waypoint_3,9.342,-131.560,-29.976
63.637,waypoint_3,9.269,-131.621,-29.976
63.671,waypoint_3,9.197,-131.681,-29.976
63.705,waypoint_3,9.106,-131.757,-29.977
63.737,waypoint_3,9.033,-131.817,-29.977
63.771,waypoint_3,8.961,-131.877,-29.978
63.805,waypoint_3,8.888,-131.938,-29.978
63.837,waypoint_3,8.815,-131.998,-29.978
63.871,waypoint_3,8.742,-132.058,-29.979
63.905,waypoint_3,8.650,-132.133,-29.980
63.937,waypoint_3,8.577,-132.194,-29.980
63.971,waypoint_3,8.503,-132.254,-29.981
64.005,waypoint_3,8.430,-132.314,-29.982
64.037,waypoint_3,8.356,-132.374,-29.983
64.071,waypoint_3,8.282,-132.435,-29.983
64.105,waypoint_3,8.190,-132.510,-29.984
64.137,waypoint_3,8.116,-132.570,-29.985
64.171,waypoint_3,8.042,-132.630,-29.985
64.205,waypoint_3,7.968,-132.690,-29.986
64.237,waypoint_3,7.894,-132.750,-29.986
64.271,waypoint_3,7.819,-132.810,-29.986
64.305,waypoint_3,7.727,-132.885,-29.987
64.337,waypoint_3,7.652,-132.944,-29.987
64.371,waypoint_3,7.578,-133.004,-29.988
64.405,waypoint_3,7.504,-133.064,-29.988
64.437,waypoint_3,7.429,-133.123,-29.989
64.472,waypoint_3,7.355,-133.183,-29.989
64.506,waypoint_3,7.262,-133.257,-29.989
64.538,waypoint_3,7.187,-133.317,-29.989
64.572,waypoint_3,7.112,-133.376,-29.990
64.606,waypoint_3,7.038,-133.435,-29.990
64.638,waypoint_3,6.963,-133.495,-29.989
64.674,waypoint_3,6.888,-133.554,-29.989
64.708,waypoint_3,6.795,-133.628,-29.989
64.740,waypoint_3,6.720,-133.687,-29.989
64.774,waypoint_3,6.645,-133.746,-29.990
64.808,waypoint_3,6.570,-133.806,-29.989
64.840,waypoint_3,6.495,-133.865,-29.989
64.874,waypoint_3,6.419,-133.924,-29.989
64.908,waypoint_3,6.325,-133.999,-29.989
64.940,waypoint_3,6.250,-134.058,-29.989
64.974,waypoint_3,6.174,-134.118,-29.989
65.008,waypoint_3,6.098,-134.177,-29.988
65.040,waypoint_3,6.023,-134.237,-29.988
65.074,waypoint_3,5.947,-134.296,-29.988
65.108,waypoint_3,5.852,-134.371,-29.987
65.140,waypoint_3,5.776,-134.430,-29.987
65.174,waypoint_3,5.700,-134.490,-29.987
65.208,waypoint_3,5.624,-134.549,-29.986
65.240,waypoint_3,5.548,-134.609,-29.986
65.274,waypoint_3,5.472,-134.669,-29.986
65.308,waypoint_3,5.377,-134.743,-29.986
65.340,waypoint_3,5.300,-134.803,-29.987
65.374,waypoint_3,5.224,-134.862,-29.987
65.408,waypoint_3,5.147,-134.922,-29.987
65.440,waypoint_3,5.071,-134.982,-29.988
65.474,waypoint_3,4.994,-135.042,-29.988
65.508,waypoint_3,4.898,-135.117,-29.988
65.540,waypoint_3,4.822,-135.177,-29.989
65.574,waypoint_3,4.745,-135.237,-29.989
65.608,waypoint_3,4.668,-135.297,-29.989
65.640,waypoint_3,4.592,-135.357,-29.990
65.675,waypoint_3,4.515,-135.417,-29.990
65.708,waypoint_3,4.420,-135.493,-29.990
65.740,waypoint_3,4.343,-135.553,-29.990
65.774,waypoint_3,4.267,-135.613,-29.990
65.808,waypoint_3,4.191,-135.674,-29.990
65.840,waypoint_3,4.114,-135.734,-29.991
65.874,waypoint_3,4.038,-135.795,-29.991
65.908,waypoint_3,3.943,-135.870,-29.991
65.940,waypoint_3,3.866,-135.931,-29.991
65.974,waypoint_3,3.790,-135.992,-29.992
66.008,waypoint_3,3.714,-136.052,-29.992
66.040,waypoint_3,3.637,-136.113,-29.992
66.074,waypoint_3,3.561,-136.174,-29.992
66.108,waypoint_3,3.465,-136.250,-29.993
66.140,waypoint_3,3.389,-136.310,-29.993
66.174,waypoint_3,3.312,-136.371,-29.994
66.208,waypoint_3,3.235,-136.431,-29.994
66.240,waypoint_3,3.158,-136.492,-29.994
66.274,waypoint_3,3.081,-136.552,-29.995
66.308,waypoint_3,2.984,-136.627,-29.995
66.341,waypoint_3,2.907,-136.687,-29.996
66.375,waypoint_3,2.829,-136.747,-29.996
66.409,waypoint_3,2.752,-136.807,-29.997
66.441,waypoint_3,2.675,-136.867,-29.997
66.475,waypoint_3,2.597,-136.927,-29.997
66.509,waypoint_3,2.500,-137.001,-29.998
66.541,waypoint_3,2.422,-137.061,-29.998
66.575,waypoint_3,2.345,-137.121,-29.999
66.609,waypoint_3,2.267,-137.181,-29.999
66.641,waypoint_3,2.189,-137.241,-29.999
66.676,waypoint_3,2.111,-137.301,-29.999
66.710,waypoint_3,2.014,-137.376,-29.999
66.742,waypoint_3,1.936,-137.436,-29.999
66.776,waypoint_3,1.858,-137.496,-29.999
66.812,waypoint_3,1.781,-137.556,-29.999
66.844,waypoint_3,1.703,-137.616,-29.999
66.878,waypoint_3,1.625,-137.677,-29.999
66.927,waypoint_3,1.528,-137.752,-29.999
66.959,waypoint_3,1.450,-137.812,-29.999
66.993,waypoint_3,1.373,-137.873,-29.999
67.027,waypoint_3,1.295,-137.933,-29.999
67.059,waypoint_3,1.217,-137.993,-29.999
67.094,waypoint_3,1.139,-138.054,-29.999
67.128,waypoint_3,1.042,-138.129,-29.999
67.160,waypoint_3,0.965,-138.189,-29.999
67.196,waypoint_3,0.887,-138.250,-29.999
67.230,waypoint_3,0.810,-138.310,-29.999
67.262,waypoint_3,0.732,-138.370,-29.999
67.296,waypoint_3,0.655,-138.431,-29.999
67.330,waypoint_3,0.558,-138.506,-29.999
67.362,waypoint_3,0.480,-138.566,-29.999
67.396,waypoint_3,0.402,-138.626,-29.999
67.430,waypoint_3,0.325,-138.686,-29.999
67.462,waypoint_3,0.247,-138.747,-29.999
67.496,waypoint_3,0.169,-138.807,-29.999
67.530,waypoint_3,0.072,-138.882,-30.000
67.562,waypoint_3,-0.007,-138.942,-30.000
67.597,waypoint_3,-0.085,-139.003,-30.000
67.631,waypoint_3,-0.163,-139.063,-30.001
67.663,waypoint_3,-0.241,-139.123,-30.001
67.698,waypoint_3,-0.320,-139.183,-30.001
67.732,waypoint_3,-0.418,-139.259,-30.002
67.764,waypoint_3,-0.496,-139.319,-30.002
67.798,waypoint_3,-0.575,-139.380,-30.002
67.832,waypoint_3,-0.653,-139.440,-30.003
67.864,waypoint_3,-0.732,-139.501,-30.003
67.898,waypoint_3,-0.810,-139.561,-30.004
67.932,waypoint_3,-0.909,-139.637,-30.004
67.964,waypoint_3,-0.987,-139.698,-30.005
67.998,waypoint_3,-1.066,-139.759,-30.005
68.032,waypoint_3,-1.144,-139.820,-30.006
68.064,waypoint_3,-1.223,-139.880,-30.006
68.098,waypoint_3,-1.301,-139.941,-30.007
68.132,waypoint_3,-1.399,-140.017,-30.007
68.164,waypoint_3,-1.477,-140.078,-30.007
68.198,waypoint_3,-1.555,-140.138,-30.007
68.232,waypoint_3,-1.633,-140.199,-30.007
68.264,waypoint_3,-1.711,-140.260,-30.008
68.298,waypoint_3,-1.789,-140.320,-30.008
68.332,waypoint_3,-1.886,-140.396,-30.008
68.364,waypoint_3,-1.964,-140.456,-30.008
68.398,waypoint_3,-2.042,-140.516,-30.008
68.432,waypoint_3,-2.119,-140.576,-30.009
68.464,waypoint_3,-2.197,-140.636,-30.009
68.498,waypoint_3,-2.275,-140.697,-30.009
68.532,waypoint_3,-2.372,-140.772,-30.010
68.564,waypoint_3,-2.450,-140.831,-30.010
68.598,waypoint_3,-2.528,-140.891,-30.010
68.632,waypoint_3,-2.605,-140.951,-30.010
68.664,waypoint_3,-2.683,-141.011,-30.010
68.698,waypoint_3,-2.761,-141.071,-30.010
68.732,waypoint_3,-2.858,-141.146,-30.011
68.764,waypoint_3,-2.935,-141.206,-30.011
68.798,waypoint_3,-3.013,-141.266,-30.011
68.832,waypoint_3,-3.091,-141.326,-30.011
68.864,waypoint_3,-3.168,-141.385,-30.011
68.898,waypoint_3,-3.246,-141.445,-30.011
68.932,waypoint_3,-3.343,-141.520,-30.012
68.964,waypoint_3,-3.420,-141.580,-30.012
68.998,waypoint_3,-3.498,-141.640,-30.012
69.032,waypoint_3,-3.575,-141.700,-30.013
69.064,waypoint_3,-3.652,-141.759,-30.013
69.098,waypoint_3,-3.730,-141.819,-30.014
69.132,waypoint_3,-3.826,-141.894,-30.014
69.164,waypoint_3,-3.904,-141.955,-30.015
69.198,waypoint_3,-3.981,-142.015,-30.015
69.232,waypoint_3,-4.058,-142.075,-30.015
69.264,waypoint_3,-4.135,-142.135,-30.015
69.298,waypoint_3,-4.212,-142.196,-30.015
69.332,waypoint_3,-4.308,-142.271,-30.015
69.364,waypoint_3,-4.385,-142.332,-30.015
69.398,waypoint_3,-4.462,-142.392,-30.014
69.432,waypoint_3,-4.538,-142.453,-30.014
69.464,waypoint_3,-4.615,-142.514,-30.014
69.498,waypoint_3,-4.691,-142.575,-30.013
69.532,waypoint_3,-4.786,-142.651,-30.013
69.564,waypoint_3,-4.863,-142.713,-30.013
69.598,waypoint_3,-4.939,-142.774,-30.012
69.632,waypoint_3,-5.015,-142.835,-30.012
69.664,waypoint_3,-5.092,-142.896,-30.012
69.698,waypoint_3,-5.168,-142.958,-30.011
69.732,waypoint_3,-5.264,-143.035,-30.011
69.764,waypoint_3,-5.340,-143.097,-30.011
69.798,waypoint_3,-5.416,-143.158,-30.011
69.832,waypoint_3,-5.493,-143.220,-30.010
69.864,waypoint_3,-5.569,-143.282,-30.010
69.900,waypoint_3,-5.646,-143.344,-30.010
69.934,waypoint_3,-5.742,-143.421,-30.010
69.966,waypoint_3,-5.818,-143.483,-30.009
70.000,waypoint_3,-5.895,-143.545,-30.009
70.034,waypoint_3,-5.971,-143.607,-30.009
70.066,waypoint_3,-6.048,-143.669,-30.008
70.100,waypoint_3,-6.125,-143.730,-30.008
70.134,waypoint_3,-6.221,-143.807,-30.007
70.166,waypoint_3,-6.298,-143.869,-30.007
70.200,waypoint_3,-6.376,-143.931,-30.006
70.234,waypoint_3,-6.453,-143.992,-30.006
70.266,waypoint_3,-6.530,-144.054,-30.005
70.300,waypoint_3,-6.607,-144.115,-30.004
70.334,waypoint_3,-6.703,-144.192,-30.003
70.366,waypoint_3,-6.779,-144.253,-30.003
70.400,waypoint_3,-6.856,-144.314,-30.002
70.434,waypoint_3,-6.933,-144.375,-30.001
70.466,waypoint_3,-7.009,-144.436,-30.000
70.500,waypoint_3,-7.086,-144.497,-29.999
70.534,waypoint_3,-7.181,-144.573,-29.999
70.566,waypoint_3,-7.257,-144.633,-29.998
70.600,waypoint_3,-7.333,-144.694,-29.997
70.634,waypoint_3,-7.409,-144.754,-29.996
70.666,waypoint_3,-7.485,-144.815,-29.996
70.701,waypoint_3,-7.562,-144.875,-29.995
70.735,waypoint_3,-7.657,-144.951,-29.995
70.767,waypoint_3,-7.732,-145.011,-29.995
70.802,waypoint_3,-7.808,-145.071,-29.994
70.836,waypoint_3,-7.884,-145.132,-29.994
70.868,waypoint_3,-7.960,-145.192,-29.994
70.903,waypoint_3,-8.036,-145.252,-29.994
70.937,waypoint_3,-8.131,-145.328,-29.994
70.969,waypoint_3,-8.208,-145.388,-29.995
71.003,waypoint_3,-8.284,-145.449,-29.995
71.037,waypoint_3,-8.360,-145.509,-29.995
71.069,waypoint_3,-8.436,-145.570,-29.995
71.103,waypoint_3,-8.512,-145.630,-29.994
71.137,waypoint_3,-8.607,-145.705,-29.994
71.169,waypoint_3,-8.683,-145.765,-29.994
71.203,waypoint_3,-8.759,-145.825,-29.994
71.237,waypoint_3,-8.836,-145.885,-29.994
71.269,waypoint_3,-8.912,-145.945,-29.994
71.303,waypoint_3,-8.988,-146.005,-29.994
71.337,waypoint_3,-9.083,-146.080,-29.994
71.369,waypoint_3,-9.159,-146.139,-29.994
71.403,waypoint_3,-9.235,-146.199,-29.994
71.437,waypoint_3,-9.312,-146.259,-29.995
71.469,waypoint_3,-9.388,-146.318,-29.995
71.503,waypoint_3,-9.464,-146.378,-29.996
71.537,waypoint_3,-9.560,-146.452,-29.997
71.569,waypoint_3,-9.636,-146.511,-29.997
71.603,waypoint_3,-9.712,-146.571,-29.998
71.637,waypoint_3,-9.788,-146.630,-29.999
71.669,waypoint_3,-9.865,-146.690,-30.000
71.703,waypoint_3,-9.941,-146.750,-30.000
71.737,waypoint_3,-10.036,-146.824,-30.001
71.769,waypoint_3,-10.113,-146.884,-30.002
71.803,waypoint_3,-10.189,-146.944,-30.003
71.837,waypoint_3,-10.266,-147.004,-30.003
71.869,waypoint_3,-10.342,-147.064,-30.004
71.903,waypoint_3,-10.418,-147.124,-30.004
71.937,waypoint_3,-10.514,-147.200,-30.005
71.969,waypoint_3,-10.590,-147.260,-30.005
72.003,waypoint_3,-10.666,-147.321,-30.005
72.037,waypoint_3,-10.742,-147.382,-30.006
72.069,waypoint_3,-10.818,-147.443,-30.006
72.103,waypoint_3,-10.894,-147.504,-30.006
72.137,waypoint_3,-10.988,-147.580,-30.006
72.169,waypoint_3,-11.064,-147.641,-30.006
72.203,waypoint_3,-11.140,-147.702,-30.006
72.237,waypoint_3,-11.215,-147.763,-30.005
72.269,waypoint_3,-11.290,-147.825,-30.005
72.303,waypoint_3,-11.366,-147.886,-30.005
72.338,waypoint_3,-11.460,-147.963,-30.005
72.370,waypoint_3,-11.535,-148.025,-30.004
72.404,waypoint_3,-11.611,-148.086,-30.004
72.438,waypoint_3,-11.686,-148.148,-30.004
72.470,waypoint_3,-11.762,-148.209,-30.004
72.504,waypoint_3,-11.837,-148.271,-30.003
72.538,waypoint_3,-11.932,-148.348,-30.003
72.570,waypoint_3,-12.008,-148.410,-30.003
72.605,waypoint_3,-12.084,-148.473,-30.003
72.639,waypoint_3,-12.159,-148.535,-30.003
72.671,waypoint_3,-12.235,-148.597,-30.003
72.705,waypoint_3,-12.311,-148.660,-30.004
72.739,waypoint_3,-12.406,-148.738,-30.004
72.772,waypoint_3,-12.483,-148.800,-30.005
72.806,waypoint_3,-12.559,-148.863,-30.005
72.842,waypoint_3,-12.635,-148.925,-30.006
72.873,waypoint_3,-12.711,-148.988,-30.006
72.908,waypoint_3,-12.788,-149.050,-30.006
72.942,waypoint_3,-12.883,-149.128,-30.007
72.973,waypoint_3,-12.959,-149.190,-30.007
73.007,waypoint_3,-13.035,-149.252,-30.008
73.042,waypoint_3,-13.111,-149.315,-30.008
73.073,waypoint_3,-13.187,-149.377,-30.009
73.108,waypoint_3,-13.263,-149.439,-30.010
73.142,waypoint_3,-13.358,-149.516,-30.010
73.173,waypoint_3,-13.434,-149.578,-30.011
73.208,waypoint_3,-13.510,-149.640,-30.012
73.242,waypoint_3,-13.586,-149.702,-30.012
73.273,waypoint_3,-13.662,-149.763,-30.013
73.308,waypoint_3,-13.737,-149.825,-30.014
73.343,waypoint_3,-13.832,-149.901,-30.014
73.375,waypoint_3,-13.908,-149.962,-30.014
73.409,waypoint_3,-13.983,-150.023,-30.015
73.443,waypoint_3,-14.059,-150.084,-30.015
73.475,waypoint_3,-14.134,-150.145,-30.015
73.509,waypoint_3,-14.210,-150.206,-30.015
73.543,waypoint_3,-14.304,-150.283,-30.015
73.575,waypoint_3,-14.380,-150.343,-30.015
73.610,waypoint_3,-14.455,-150.404,-30.015
73.644,waypoint_3,-14.531,-150.465,-30.015
73.676,waypoint_3,-14.606,-150.526,-30.015
73.710,waypoint_3,-14.681,-150.586,-30.015
73.744,waypoint_3,-14.775,-150.662,-30.015
73.776,waypoint_3,-14.850,-150.722,-30.015
73.811,waypoint_3,-14.925,-150.783,-30.014
73.845,waypoint_3,-15.000,-150.843,-30.014
73.877,waypoint_3,-15.075,-150.904,-30.014
73.912,waypoint_3,-15.150,-150.964,-30.014
73.945,waypoint_3,-15.244,-151.040,-30.014
73.977,waypoint_3,-15.318,-151.101,-30.014
74.011,waypoint_3,-15.393,-151.161,-30.014
74.045,waypoint_3,-15.468,-151.222,-30.014
74.080,waypoint_3,-15.542,-151.283,-30.015
74.114,waypoint_3,-15.617,-151.343,-30.015
74.148,waypoint_3,-15.710,-151.419,-30.015
74.180,waypoint_3,-15.784,-151.479,-30.015
74.214,waypoint_3,-15.858,-151.539,-30.015
74.248,waypoint_3,-15.933,-151.599,-30.015
74.280,waypoint_3,-16.007,-151.659,-30.015
74.314,waypoint_3,-16.081,-151.719,-30.014
74.349,waypoint_3,-16.173,-151.794,-30.014
74.381,waypoint_3,-16.247,-151.854,-30.014
74.415,waypoint_3,-16.321,-151.914,-30.014
74.449,waypoint_3,-16.395,-151.974,-30.013
74.481,waypoint_3,-16.469,-152.033,-30.013
74.515,waypoint_3,-16.543,-152.093,-30.013
74.549,waypoint_3,-16.636,-152.167,-30.013
74.581,waypoint_3,-16.710,-152.227,-30.013
74.615,waypoint_3,-16.784,-152.286,-30.013
74.649,waypoint_3,-16.858,-152.345,-30.013
74.682,waypoint_3,-16.932,-152.405,-30.012
74.716,waypoint_3,-17.006,-152.464,-30.012
74.750,waypoint_3,-17.098,-152.538,-30.012
74.782,waypoint_3,-17.172,-152.597,-30.012
74.816,waypoint_3,-17.245,-152.657,-30.012
74.850,waypoint_3,-17.319,-152.716,-30.012
74.882,waypoint_3,-17.393,-152.776,-30.012
74.916,waypoint_3,-17.466,-152.835,-30.011
74.950,waypoint_3,-17.559,-152.910,-30.011
74.982,waypoint_3,-17.632,-152.970,-30.011
75.016,waypoint_3,-17.706,-153.030,-30.011
75.050,waypoint_3,-17.780,-153.090,-30.011
75.082,waypoint_3,-17.854,-153.150,-30.011
75.116,waypoint_3,-17.927,-153.211,-30.011
75.150,waypoint_3,-18.020,-153.286,-30.011
75.182,waypoint_3,-18.093,-153.347,-30.010
75.216,waypoint_3,-18.167,-153.407,-30.010
75.250,waypoint_3,-18.241,-153.468,-30.010
75.282,waypoint_3,-18.314,-153.528,-30.010
75.316,waypoint_3,-18.388,-153.588,-30.010
75.350,waypoint_3,-18.480,-153.664,-30.010
75.382,waypoint_3,-18.553,-153.724,-30.010
75.416,waypoint_3,-18.626,-153.784,-30.010
75.450,waypoint_3,-18.700,-153.845,-30.010
75.482,waypoint_3,-18.773,-153.905,-30.010
75.516,waypoint_3,-18.846,-153.966,-30.010
75.550,waypoint_3,-18.938,-154.041,-30.011
75.582,waypoint_3,-19.011,-154.102,-30.011
75.616,waypoint_3,-19.084,-154.163,-30.011
75.650,waypoint_3,-19.157,-154.223,-30.012
75.682,waypoint_3,-19.230,-154.284,-30.012
75.716,waypoint_3,-19.303,-154.345,-30.013
75.750,waypoint_3,-19.395,-154.421,-30.013
75.782,waypoint_3,-19.468,-154.482,-30.014
75.816,waypoint_3,-19.541,-154.542,-30.014
75.850,waypoint_3,-19.614,-154.603,-30.015
75.882,waypoint_3,-19.687,-154.664,-30.016
75.916,waypoint_3,-19.760,-154.725,-30.016
75.951,waypoint_3,-19.852,-154.801,-30.017
75.983,waypoint_3,-19.925,-154.862,-30.017
76.017,waypoint_3,-19.998,-154.923,-30.017
76.051,waypoint_3,-20.071,-154.984,-30.017
76.083,waypoint_3,-20.144,-155.045,-30.017
76.118,waypoint_3,-20.217,-155.106,-30.018
76.152,waypoint_3,-20.309,-155.183,-30.018
76.184,waypoint_3,-20.382,-155.244,-30.018
76.219,waypoint_3,-20.455,-155.305,-30.018
76.253,waypoint_3,-20.528,-155.366,-30.018
76.285,waypoint_3,-20.601,-155.427,-30.018
76.319,waypoint_3,-20.675,-155.489,-30.017
76.353,waypoint_3,-20.766,-155.565,-30.017
76.385,waypoint_3,-20.839,-155.626,-30.017
76.419,waypoint_3,-20.913,-155.687,-30.017
76.453,waypoint_3,-20.986,-155.748,-30.016
76.485,waypoint_3,-21.060,-155.809,-30.016
76.519,waypoint_3,-21.134,-155.870,-30.015
76.553,waypoint_3,-21.227,-155.947,-30.015
76.585,waypoint_3,-21.301,-156.008,-30.014
76.619,waypoint_3,-21.375,-156.069,-30.014
76.653,waypoint_3,-21.449,-156.129,-30.014
76.685,waypoint_3,-21.524,-156.190,-30.013
76.720,waypoint_3,-21.598,-156.251,-30.013
76.754,waypoint_3,-21.692,-156.328,-30.012
76.786,waypoint_3,-21.767,-156.389,-30.012
76.820,waypoint_3,-21.841,-156.450,-30.011
76.854,waypoint_3,-21.916,-156.511,-30.011
76.888,waypoint_3,-21.991,-156.572,-30.010
76.922,waypoint_3,-22.065,-156.634,-30.010
76.956,waypoint_3,-22.159,-156.710,-30.009
76.988,waypoint_3,-22.233,-156.772,-30.008
77.022,waypoint_3,-22.307,-156.833,-30.008
77.056,waypoint_3,-22.382,-156.894,-30.007
77.088,waypoint_3,-22.456,-156.955,-30.006
77.122,waypoint_3,-22.530,-157.016,-30.006
77.156,waypoint_3,-22.622,-157.092,-30.005
77.188,waypoint_3,-22.696,-157.153,-30.004
77.222,waypoint_3,-22.770,-157.214,-30.004
77.256,waypoint_3,-22.844,-157.275,-30.003
77.288,waypoint_3,-22.917,-157.336,-30.002
77.322,waypoint_3,-22.991,-157.397,-30.002
77.356,waypoint_3,-23.083,-157.474,-30.001
77.388,waypoint_3,-23.156,-157.535,-30.001
77.422,waypoint_3,-23.230,-157.596,-30.000
77.456,waypoint_3,-23.303,-157.657,-30.000
77.488,waypoint_3,-23.377,-157.718,-30.000
77.522,waypoint_3,-23.450,-157.779,-29.999
77.556,waypoint_3,-23.542,-157.856,-29.999
77.588,waypoint_3,-23.616,-157.917,-29.998
77.622,waypoint_3,-23.690,-157.979,-29.998
77.656,waypoint_3,-23.763,-158.040,-29.998
77.688,waypoint_3,-23.837,-158.102,-29.997
77.722,waypoint_3,-23.911,-158.164,-29.997
77.756,waypoint_3,-24.003,-158.241,-29.997
77.788,waypoint_3,-24.077,-158.302,-29.997
77.822,waypoint_3,-24.151,-158.364,-29.997
77.856,waypoint_3,-24.224,-158.426,-29.997
77.888,waypoint_3,-24.298,-158.488,-29.997
77.922,waypoint_3,-24.372,-158.550,-29.997
77.970,waypoint_3,-24.464,-158.627,-29.997
78.005,waypoint_3,-24.537,-158.689,-29.997
78.039,waypoint_3,-24.611,-158.751,-29.998
78.073,waypoint_3,-24.685,-158.813,-29.998
78.105,waypoint_3,-24.758,-158.875,-29.998
78.139,waypoint_3,-24.832,-158.937,-29.998
78.173,waypoint_3,-24.924,-159.015,-29.998
78.205,waypoint_3,-24.997,-159.077,-29.999
78.239,waypoint_3,-25.071,-159.139,-29.999
78.273,waypoint_3,-25.144,-159.201,-30.000
78.305,waypoint_3,-25.218,-159.263,-30.000
78.339,waypoint_3,-25.291,-159.325,-30.000
78.373,waypoint_3,-25.383,-159.402,-30.001
78.405,waypoint_3,-25.457,-159.464,-30.001
78.439,waypoint_3,-25.530,-159.526,-30.002
78.473,waypoint_3,-25.604,-159.588,-30.002
78.505,waypoint_3,-25.677,-159.650,-30.002
78.539,waypoint_3,-25.751,-159.712,-30.003
78.574,waypoint_3,-25.842,-159.789,-30.003
78.606,waypoint_3,-25.915,-159.851,-30.003
78.640,waypoint_3,-25.989,-159.913,-30.004
78.674,waypoint_3,-26.062,-159.975,-30.004
78.706,waypoint_3,-26.135,-160.037,-30.004
78.742,waypoint_3,-26.208,-160.099,-30.004
78.776,waypoint_3,-26.299,-160.176,-30.004
78.808,waypoint_3,-26.372,-160.238,-30.005
78.842,waypoint_3,-26.446,-160.300,-30.005
78.876,waypoint_3,-26.519,-160.362,-30.005
78.908,waypoint_3,-26.592,-160.424,-30.005
78.942,waypoint_3,-26.665,-160.485,-30.006
78.976,waypoint_3,-26.757,-160.562,-30.007
79.008,waypoint_3,-26.830,-160.624,-30.007
79.042,waypoint_3,-26.903,-160.686,-30.008
79.076,waypoint_3,-26.977,-160.747,-30.008
79.108,waypoint_3,-27.050,-160.809,-30.008
79.142,waypoint_3,-27.124,-160.870,-30.009
79.176,waypoint_3,-27.216,-160.947,-30.009
79.208,waypoint_3,-27.290,-161.009,-30.009
79.242,waypoint_3,-27.364,-161.071,-30.009
79.276,waypoint_3,-27.438,-161.133,-30.009
79.308,waypoint_3,-27.512,-161.195,-30.009
79.342,waypoint_3,-27.586,-161.256,-30.009
79.377,waypoint_3,-27.679,-161.334,-30.009
79.410,waypoint_3,-27.753,-161.395,-30.009
79.444,waypoint_3,-27.827,-161.457,-30.009
79.478,waypoint_3,-27.902,-161.518,-30.009
79.511,waypoint_3,-27.976,-161.580,-30.008
79.545,waypoint_3,-28.051,-161.641,-30.008
79.581,waypoint_3,-28.144,-161.717,-30.008
79.613,waypoint_3,-28.219,-161.778,-30.007
79.647,waypoint_3,-28.294,-161.839,-30.007
79.681,waypoint_3,-28.369,-161.900,-30.007
79.713,waypoint_3,-28.444,-161.961,-30.006
79.747,waypoint_3,-28.519,-162.022,-30.006
79.781,waypoint_3,-28.613,-162.099,-30.005
79.813,waypoint_3,-28.688,-162.159,-30.004
79.849,waypoint_3,-28.763,-162.220,-30.004
79.883,waypoint_3,-28.838,-162.281,-30.003
79.914,waypoint_3,-28.913,-162.342,-30.003
79.948,waypoint_3,-28.988,-162.403,-30.002
79.983,waypoint_3,-29.082,-162.480,-30.002
80.014,waypoint_3,-29.157,-162.541,-30.001
80.049,waypoint_3,-29.232,-162.602,-30.001
80.083,waypoint_3,-29.307,-162.663,-30.000
80.115,waypoint_3,-29.382,-162.724,-30.000
80.149,waypoint_3,-29.457,-162.785,-30.000
80.183,waypoint_3,-29.551,-162.861,-29.999
80.214,waypoint_3,-29.626,-162.922,-29.999
80.248,waypoint_3,-29.701,-162.983,-29.999
80.283,waypoint_3,-29.775,-163.044,-29.999
80.315,waypoint_3,-29.850,-163.105,-30.000
80.349,waypoint_3,-29.925,-163.167,-30.000
80.382,waypoint_3,-30.018,-163.244,-30.000
80.415,waypoint_3,-30.093,-163.305,-30.000
80.449,waypoint_3,-30.168,-163.367,-30.000
80.483,waypoint_3,-30.243,-163.428,-30.000
80.515,waypoint_3,-30.318,-163.490,-30.001
80.548,waypoint_3,-30.393,-163.552,-30.001
80.582,waypoint_3,-30.486,-163.629,-30.001
80.615,waypoint_3,-30.561,-163.690,-30.001
80.649,waypoint_3,-30.635,-163.752,-30.002
80.683,waypoint_3,-30.710,-163.813,-30.002
80.715,waypoint_3,-30.784,-163.874,-30.002
80.748,waypoint_3,-30.858,-163.936,-30.002
80.783,waypoint_3,-30.951,-164.012,-30.003
80.814,waypoint_3,-31.025,-164.074,-30.003
80.848,waypoint_3,-31.099,-164.135,-30.003
80.882,waypoint_3,-31.173,-164.196,-30.004
80.914,waypoint_3,-31.247,-164.257,-30.004
80.948,waypoint_3,-31.321,-164.318,-30.005
80.983,waypoint_3,-31.413,-164.395,-30.005
81.014,waypoint_3,-31.487,-164.456,-30.006
81.049,waypoint_3,-31.560,-164.516,-30.006
81.083,waypoint_3,-31.634,-164.577,-30.007
81.115,waypoint_3,-31.708,-164.638,-30.008
81.148,waypoint_3,-31.781,-164.699,-30.009
81.182,waypoint_3,-31.873,-164.774,-30.009
81.215,waypoint_3,-31.946,-164.835,-30.010
81.248,waypoint_3,-32.019,-164.895,-30.011
81.282,waypoint_3,-32.092,-164.956,-30.011
81.314,waypoint_3,-32.166,-165.017,-30.012
81.349,waypoint_3,-32.239,-165.077,-30.012
81.383,waypoint_3,-32.330,-165.153,-30.012
81.415,waypoint_3,-32.403,-165.214,-30.013
81.449,waypoint_3,-32.476,-165.275,-30.013
81.483,waypoint_3,-32.549,-165.335,-30.013
81.514,waypoint_3,-32.623,-165.396,-30.014
81.548,waypoint_3,-32.696,-165.457,-30.014
81.582,waypoint_3,-32.787,-165.533,-30.014
81.615,waypoint_3,-32.861,-165.594,-30.014
81.648,waypoint_3,-32.934,-165.655,-30.014
81.682,waypoint_3,-33.007,-165.716,-30.014
81.716,waypoint_3,-33.080,-165.778,-30.014
81.750,waypoint_3,-33.154,-165.839,-30.014
81.784,waypoint_3,-33.245,-165.916,-30.014
81.815,waypoint_3,-33.318,-165.977,-30.014
81.850,waypoint_3,-33.392,-166.039,-30.014
81.884,waypoint_3,-33.465,-166.100,-30.014
81.916,waypoint_3,-33.538,-166.162,-30.014
81.950,waypoint_3,-33.611,-166.223,-30.014
81.984,waypoint_3,-33.703,-166.300,-30.014
82.015,waypoint_3,-33.776,-166.361,-30.014
82.052,waypoint_3,-33.849,-166.422,-30.014
82.086,waypoint_3,-33.922,-166.484,-30.013
82.118,waypoint_3,-33.995,-166.545,-30.013
82.152,waypoint_3,-34.069,-166.606,-30.013
82.187,waypoint_3,-34.160,-166.682,-30.012
82.219,waypoint_3,-34.233,-166.743,-30.012
82.254,waypoint_3,-34.307,-166.804,-30.012
82.288,waypoint_3,-34.380,-166.865,-30.012
82.320,waypoint_3,-34.453,-166.926,-30.012
82.356,waypoint_3,-34.526,-166.986,-30.012
82.389,waypoint_3,-34.618,-167.062,-30.012
82.421,waypoint_3,-34.691,-167.123,-30.012
82.456,waypoint_3,-34.764,-167.184,-30.012
82.497,waypoint_3,-34.837,-167.245,-30.012
82.553,waypoint_3,-34.909,-167.306,-30.012
82.588,waypoint_3,-34.982,-167.367,-30.012
82.622,waypoint_3,-35.055,-167.428,-30.013
82.656,waypoint_3,-35.146,-167.504,-30.013
82.689,waypoint_3,-35.219,-167.565,-30.014
82.723,waypoint_3,-35.292,-167.626,-30.014
82.757,waypoint_3,-35.365,-167.687,-30.014
82.791,waypoint_3,-35.438,-167.748,-30.015
82.825,waypoint_3,-35.510,-167.809,-30.015
82.859,waypoint_3,-35.601,-167.886,-30.016
82.891,waypoint_3,-35.673,-167.947,-30.016
82.925,waypoint_3,-35.746,-168.007,-30.016
82.959,waypoint_3,-35.818,-168.068,-30.016
82.991,waypoint_3,-35.891,-168.129,-30.017
83.025,waypoint_3,-35.963,-168.190,-30.017
83.059,waypoint_3,-36.054,-168.266,-30.017
83.091,waypoint_3,-36.126,-168.327,-30.017
83.125,waypoint_3,-36.199,-168.388,-30.017
83.159,waypoint_3,-36.271,-168.449,-30.017
83.191,waypoint_3,-36.343,-168.510,-30.017
83.225,waypoint_3,-36.416,-168.572,-30.017
83.259,waypoint_3,-36.507,-168.648,-30.017
83.292,waypoint_3,-36.579,-168.710,-30.017
83.326,waypoint_3,-36.652,-168.771,-30.016
83.360,waypoint_3,-36.724,-168.833,-30.016
83.392,waypoint_3,-36.797,-168.894,-30.016
83.426,waypoint_3,-36.870,-168.955,-30.016
83.460,waypoint_3,-36.961,-169.032,-30.015
83.492,waypoint_3,-37.034,-169.093,-30.015
83.526,waypoint_3,-37.108,-169.155,-30.015
83.560,waypoint_3,-37.181,-169.216,-30.014
83.592,waypoint_3,-37.254,-169.277,-30.014
83.626,waypoint_3,-37.327,-169.338,-30.014
83.660,waypoint_3,-37.419,-169.415,-30.014
83.692,waypoint_3,-37.492,-169.476,-30.014
83.726,waypoint_3,-37.566,-169.537,-30.013
83.760,waypoint_3,-37.639,-169.599,-30.013
83.792,waypoint_3,-37.713,-169.660,-30.013
83.826,waypoint_3,-37.786,-169.721,-30.012
83.860,waypoint_3,-37.878,-169.798,-30.012
83.892,waypoint_3,-37.952,-169.859,-30.011
83.926,waypoint_3,-38.025,-169.920,-30.011
83.960,waypoint_3,-38.099,-169.982,-30.011
83.992,waypoint_3,-38.173,-170.043,-30.011
84.026,waypoint_3,-38.247,-170.105,-30.010
84.060,waypoint_3,-38.339,-170.182,-30.010
84.092,waypoint_3,-38.413,-170.244,-30.010
84.126,waypoint_3,-38.487,-170.305,-30.009
84.160,waypoint_3,-38.560,-170.367,-30.009
84.192,waypoint_3,-38.634,-170.429,-30.009
84.226,waypoint_3,-38.708,-170.491,-30.009
84.260,waypoint_3,-38.800,-170.569,-30.009
84.292,waypoint_3,-38.874,-170.630,-30.009
84.326,waypoint_3,-38.948,-170.692,-30.010
84.360,waypoint_3,-39.022,-170.754,-30.010
84.392,waypoint_3,-39.095,-170.816,-30.010
84.426,waypoint_3,-39.169,-170.878,-30.010
84.460,waypoint_3,-39.261,-170.955,-30.010
84.492,waypoint_3,-39.335,-171.017,-30.010
84.526,waypoint_3,-39.409,-171.078,-30.010
84.560,waypoint_3,-39.482,-171.140,-30.010
84.592,waypoint_3,-39.556,-171.202,-30.010
84.626,waypoint_3,-39.630,-171.264,-30.010
84.660,waypoint_3,-39.722,-171.341,-30.009
84.692,waypoint_3,-39.795,-171.403,-30.009
84.726,waypoint_3,-39.869,-171.464,-30.009
84.760,waypoint_3,-39.942,-171.526,-30.008
84.792,waypoint_3,-40.016,-171.588,-30.008
84.826,waypoint_3,-40.089,-171.649,-30.008
84.860,waypoint_3,-40.181,-171.726,-30.007
84.893,waypoint_3,-40.255,-171.788,-30.007
84.927,waypoint_3,-40.328,-171.849,-30.007
84.961,waypoint_3,-40.402,-171.911,-30.007
84.993,waypoint_3,-40.475,-171.973,-30.007
85.027,waypoint_3,-40.549,-172.034,-30.007
85.061,waypoint_3,-40.641,-172.111,-30.007
85.093,waypoint_3,-40.714,-172.173,-30.007
85.127,waypoint_3,-40.788,-172.234,-30.007
85.162,waypoint_3,-40.861,-172.296,-30.006
85.194,waypoint_3,-40.935,-172.357,-30.006
85.228,waypoint_3,-41.008,-172.419,-30.006
85.262,waypoint_3,-41.100,-172.495,-30.005
85.294,waypoint_3,-41.173,-172.557,-30.005
85.328,waypoint_3,-41.247,-172.618,-30.004
85.362,waypoint_3,-41.320,-172.680,-30.004
85.396,waypoint_3,-41.393,-172.741,-30.004
85.430,waypoint_3,-41.466,-172.803,-30.003
85.464,waypoint_3,-41.558,-172.880,-30.003
85.496,waypoint_3,-41.631,-172.942,-30.003
85.530,waypoint_3,-41.705,-173.004,-30.002
85.565,waypoint_3,-41.778,-173.066,-30.002
85.597,waypoint_3,-41.851,-173.128,-30.002
85.631,waypoint_3,-41.924,-173.190,-30.002
85.666,waypoint_3,-42.016,-173.268,-30.002
85.698,waypoint_3,-42.090,-173.331,-30.002
85.732,waypoint_3,-42.163,-173.393,-30.001
85.766,waypoint_3,-42.236,-173.455,-30.001
85.798,waypoint_3,-42.309,-173.518,-30.001
85.833,waypoint_3,-42.383,-173.580,-30.001
85.867,waypoint_3,-42.474,-173.658,-30.001
85.899,waypoint_3,-42.548,-173.720,-30.001
85.933,waypoint_3,-42.621,-173.783,-30.001
85.967,waypoint_3,-42.694,-173.845,-30.000
86.000,waypoint_3,-42.768,-173.907,-30.000
86.034,waypoint_3,-42.841,-173.969,-30.000
86.068,waypoint_3,-42.933,-174.047,-30.000
86.100,waypoint_3,-43.006,-174.109,-30.000
86.134,waypoint_3,-43.080,-174.171,-30.000
86.169,waypoint_3,-43.153,-174.233,-30.000
86.201,waypoint_3,-43.226,-174.296,-30.000
86.237,waypoint_3,-43.299,-174.358,-30.000
86.271,waypoint_3,-43.390,-174.435,-30.000
86.303,waypoint_3,-43.463,-174.497,-30.000
86.338,waypoint_3,-43.536,-174.559,-30.001
86.372,waypoint_3,-43.609,-174.621,-30.001
86.405,waypoint_3,-43.682,-174.683,-30.001
86.440,waypoint_3,-43.754,-174.745,-30.001
86.473,waypoint_3,-43.845,-174.822,-30.002
86.506,waypoint_3,-43.917,-174.884,-30.002
86.539,waypoint_3,-43.990,-174.946,-30.002
86.573,waypoint_3,-44.062,-175.008,-30.003
86.605,waypoint_3,-44.134,-175.069,-30.003
86.639,waypoint_3,-44.207,-175.131,-30.003
86.673,waypoint_3,-44.297,-175.208,-30.004
86.706,waypoint_3,-44.370,-175.270,-30.004
86.740,waypoint_3,-44.442,-175.332,-30.004
86.774,waypoint_3,-44.515,-175.393,-30.004
86.806,waypoint_3,-44.587,-175.455,-30.003
86.840,waypoint_3,-44.659,-175.516,-30.003
86.874,waypoint_3,-44.750,-175.593,-30.003
86.907,waypoint_3,-44.823,-175.655,-30.002
86.940,waypoint_3,-44.895,-175.716,-30.002
86.974,waypoint_3,-44.968,-175.777,-30.002
87.007,waypoint_3,-45.040,-175.838,-30.001
87.040,waypoint_3,-45.113,-175.900,-30.001
87.074,waypoint_3,-45.204,-175.976,-30.000
87.106,waypoint_3,-45.277,-176.037,-30.000
87.140,waypoint_3,-45.350,-176.098,-29.999
87.174,waypoint_3,-45.424,-176.159,-29.999
87.207,waypoint_3,-45.497,-176.220,-29.998
87.240,waypoint_3,-45.571,-176.281,-29.998
87.274,waypoint_3,-45.663,-176.357,-29.998
87.307,waypoint_3,-45.737,-176.418,-29.998
87.340,waypoint_3,-45.810,-176.479,-29.998
87.374,waypoint_3,-45.884,-176.540,-29.999
87.407,waypoint_3,-45.957,-176.601,-29.999
87.440,waypoint_3,-46.031,-176.661,-30.000
87.474,waypoint_3,-46.123,-176.737,-30.000
87.507,waypoint_3,-46.197,-176.798,-30.001
87.540,waypoint_3,-46.270,-176.859,-30.001
87.574,waypoint_3,-46.344,-176.920,-30.002
87.606,waypoint_3,-46.417,-176.980,-30.002
87.640,waypoint_3,-46.491,-177.041,-30.002
87.674,waypoint_3,-46.583,-177.117,-30.003
87.706,waypoint_3,-46.657,-177.178,-30.003
87.740,waypoint_3,-46.730,-177.238,-30.004
87.776,waypoint_3,-46.804,-177.299,-30.004
87.808,waypoint_3,-46.878,-177.360,-30.004
87.842,waypoint_3,-46.952,-177.421,-30.005
87.876,waypoint_3,-47.045,-177.497,-30.005
87.908,waypoint_3,-47.119,-177.557,-30.005
87.942,waypoint_3,-47.193,-177.618,-30.006
87.976,waypoint_3,-47.267,-177.679,-30.006
88.009,waypoint_3,-47.341,-177.740,-30.006
88.042,waypoint_3,-47.416,-177.802,-30.006
88.076,waypoint_3,-47.508,-177.878,-30.005
88.108,waypoint_3,-47.583,-177.940,-30.005
88.142,waypoint_3,-47.657,-178.001,-30.005
88.176,waypoint_3,-47.731,-178.063,-30.005
88.208,waypoint_3,-47.805,-178.124,-30.005
88.242,waypoint_3,-47.879,-178.186,-30.005
88.275,waypoint_3,-47.972,-178.263,-30.005
88.309,waypoint_3,-48.046,-178.325,-30.005
88.343,waypoint_3,-48.121,-178.387,-30.005
88.375,waypoint_3,-48.195,-178.449,-30.005
88.409,waypoint_3,-48.269,-178.511,-30.005
88.444,waypoint_3,-48.361,-178.589,-30.005
88.476,waypoint_3,-48.435,-178.651,-30.005
88.510,waypoint_3,-48.509,-178.713,-30.004
88.544,waypoint_3,-48.583,-178.776,-30.004
88.576,waypoint_3,-48.657,-178.838,-30.004
88.611,waypoint_3,-48.730,-178.900,-30.004
88.645,waypoint_3,-48.822,-178.978,-30.003
88.678,waypoint_3,-48.895,-179.041,-30.003
88.712,waypoint_3,-48.968,-179.103,-30.003
88.746,waypoint_3,-49.041,-179.165,-30.002
88.778,waypoint_3,-49.114,-179.227,-30.001
88.812,waypoint_3,-49.186,-179.289,-30.001
88.847,waypoint_3,-49.277,-179.367,-30.000
88.879,waypoint_3,-49.350,-179.429,-30.000
88.928,waypoint_3,-49.423,-179.491,-29.999
88.965,waypoint_3,-49.496,-179.553,-29.999
88.997,waypoint_3,-49.568,-179.615,-29.999
89.033,waypoint_3,-49.641,-179.677,-29.999
89.067,waypoint_3,-49.732,-179.754,-29.999
89.099,waypoint_3,-49.805,-179.816,-29.999
89.134,waypoint_3,-49.878,-179.878,-29.999
89.168,waypoint_3,-49.951,-179.940,-29.999
89.201,waypoint_3,-50.024,-180.002,-30.000
89.235,waypoint_3,-50.097,-180.064,-30.000
89.269,waypoint_3,-50.187,-180.142,-30.001
89.301,waypoint_3,-50.260,-180.204,-30.001
89.335,waypoint_3,-50.332,-180.266,-30.002
89.369,waypoint_3,-50.405,-180.328,-30.003
89.401,waypoint_3,-50.477,-180.390,-30.003
89.435,waypoint_3,-50.550,-180.452,-30.004
89.469,waypoint_3,-50.640,-180.530,-30.005
89.501,waypoint_3,-50.713,-180.592,-30.005
89.535,waypoint_3,-50.785,-180.654,-30.006
89.569,waypoint_3,-50.858,-180.716,-30.006
89.601,waypoint_3,-50.931,-180.777,-30.007
89.635,waypoint_3,-51.004,-180.839,-30.007
89.669,waypoint_3,-51.095,-180.916,-30.007
89.702,waypoint_3,-51.167,-180.977,-30.008
89.736,waypoint_3,-51.240,-181.039,-30.008
89.770,waypoint_3,-51.313,-181.100,-30.008
89.802,waypoint_3,-51.385,-181.161,-30.009
89.836,waypoint_3,-51.458,-181.223,-30.009
89.870,waypoint_3,-51.548,-181.299,-30.009
89.902,waypoint_3,-51.621,-181.360,-30.009
89.936,waypoint_3,-51.693,-181.421,-30.010
89.970,waypoint_3,-51.765,-181.481,-30.010
90.002,waypoint_3,-51.838,-181.542,-30.010
90.036,waypoint_3,-51.910,-181.603,-30.010
90.070,waypoint_3,-52.000,-181.678,-30.010
90.102,waypoint_3,-52.073,-181.739,-30.010
90.136,waypoint_3,-52.145,-181.799,-30.010
90.170,waypoint_3,-52.218,-181.859,-30.010
90.202,waypoint_3,-52.290,-181.919,-30.010
90.236,waypoint_3,-52.363,-181.979,-30.010
90.270,waypoint_3,-52.454,-182.054,-30.010
90.302,waypoint_3,-52.526,-182.114,-30.010
90.336,waypoint_3,-52.599,-182.174,-30.011
90.370,waypoint_3,-52.672,-182.234,-30.011
90.402,waypoint_3,-52.745,-182.294,-30.011
90.436,waypoint_3,-52.817,-182.353,-30.012
90.470,waypoint_3,-52.909,-182.428,-30.012
90.502,waypoint_3,-52.982,-182.488,-30.013
90.536,waypoint_3,-53.055,-182.548,-30.013
90.570,waypoint_3,-53.128,-182.608,-30.014
90.602,waypoint_3,-53.201,-182.668,-30.014
90.636,waypoint_3,-53.274,-182.728,-30.015
90.670,waypoint_3,-53.366,-182.803,-30.016
90.702,waypoint_3,-53.439,-182.863,-30.016
90.736,waypoint_3,-53.513,-182.923,-30.016
90.770,waypoint_3,-53.586,-182.983,-30.017
90.802,waypoint_3,-53.660,-183.043,-30.017
90.836,waypoint_3,-53.733,-183.103,-30.017
90.870,waypoint_3,-53.825,-183.178,-30.018
90.902,waypoint_3,-53.899,-183.238,-30.018
90.936,waypoint_3,-53.973,-183.298,-30.019
90.970,waypoint_3,-54.047,-183.358,-30.019
91.002,waypoint_3,-54.121,-183.419,-30.020
91.036,waypoint_3,-54.194,-183.479,-30.020
91.070,waypoint_3,-54.286,-183.554,-30.021
91.102,waypoint_3,-54.360,-183.614,-30.021
91.136,waypoint_3,-54.433,-183.675,-30.022
91.170,waypoint_3,-54.507,-183.735,-30.022
91.202,waypoint_3,-54.580,-183.796,-30.022
91.237,waypoint_3,-54.653,-183.856,-30.022
91.271,waypoint_3,-54.745,-183.932,-30.023
91.303,waypoint_3,-54.818,-183.993,-30.023
91.337,waypoint_3,-54.891,-184.054,-30.023
91.371,waypoint_3,-54.964,-184.115,-30.023
91.403,waypoint_3,-55.037,-184.176,-30.022
91.437,waypoint_3,-55.110,-184.237,-30.022
91.471,waypoint_3,-55.201,-184.314,-30.022
91.503,waypoint_3,-55.274,-184.375,-30.022
91.537,waypoint_3,-55.347,-184.436,-30.021
91.571,waypoint_3,-55.420,-184.497,-30.021
91.603,waypoint_3,-55.492,-184.559,-30.020
91.637,goal,-55.565,-184.620,-30.020
91.671,goal,-55.656,-184.697,-30.021
91.703,goal,-55.729,-184.758,-30.025
91.737,goal,-55.802,-184.820,-30.033
91.771,goal,-55.873,-184.882,-30.042
91.805,goal,-55.944,-184.945,-30.053
91.839,goal,-56.011,-185.008,-30.064
91.873,goal,-56.092,-185.088,-30.078
91.905,goal,-56.153,-185.153,-30.089
91.939,goal,-56.210,-185.219,-30.099
91.973,goal,-56.263,-185.286,-30.107
92.005,goal,-56.311,-185.354,-30.113
92.039,goal,-56.354,-185.423,-30.118
92.072,goal,-56.402,-185.511,-30.122
92.104,goal,-56.435,-185.582,-30.123
92.139,goal,-56.462,-185.654,-30.123
92.173,goal,-56.485,-185.728,-30.121
92.204,goal,-56.503,-185.802,-30.119
92.240,goal,-56.516,-185.878,-30.115
92.274,goal,-56.526,-185.975,-30.110
92.306,goal,-56.529,-186.053,-30.105
92.340,goal,-56.528,-186.132,-30.099
92.374,goal,-56.524,-186.213,-30.093
92.407,goal,-56.515,-186.294,-30.088
92.441,goal,-56.504,-186.377,-30.082
92.475,goal,-56.484,-186.482,-30.074
92.507,goal,-56.466,-186.567,-30.069
92.541,goal,-56.445,-186.652,-30.063
92.575,goal,-56.421,-186.739,-30.058
92.607,goal,-56.396,-186.826,-30.053
92.641,goal,-56.368,-186.913,-30.049
92.675,goal,-56.331,-187.024,-30.043
92.707,goal,-56.300,-187.113,-30.039
92.741,goal,-56.267,-187.202,-30.035
92.775,goal,-56.234,-187.292,-30.032
92.807,goal,-56.199,-187.382,-30.029
92.841,goal,-56.163,-187.473,-30.026
92.875,goal,-56.117,-187.587,-30.023
92.907,goal,-56.080,-187.678,-30.020
92.941,goal,-56.042,-187.769,-30.018
92.975,goal,-56.004,-187.861,-30.016
93.007,goal,-55.966,-187.952,-30.015
93.041,goal,-55.928,-188.044,-30.014
93.075,goal,-55.879,-188.158,-30.012
93.107,goal,-55.840,-188.250,-30.011
93.141,goal,-55.801,-188.341,-30.010
93.175,goal,-55.762,-188.432,-30.010
93.207,goal,-55.723,-188.524,-30.009
93.241,goal,-55.684,-188.615,-30.009
93.275,goal,-55.636,-188.728,-30.009
93.307,goal,-55.597,-188.819,-30.009
93.341,goal,-55.558,-188.909,-30.009
93.375,goal,-55.519,-189.000,-30.009
93.407,goal,-55.481,-189.090,-30.009
93.441,goal,-55.442,-189.180,-30.008
93.475,goal,-55.393,-189.292,-30.008
93.507,goal,-55.354,-189.382,-30.008
93.541,goal,-55.315,-189.471,-30.008
93.575,goal,-55.276,-189.560,-30.008
93.607,goal,-55.237,-189.649,-30.007
93.641,goal,-55.198,-189.738,-30.007
93.675,goal,-55.149,-189.848,-30.007
93.707,goal,-55.109,-189.937,-30.006
93.741,goal,-55.070,-190.025,-30.006
93.775,goal,-55.031,-190.112,-30.006
93.807,goal,-54.991,-190.200,-30.005
93.841,goal,-54.952,-190.288,-30.005
93.875,goal,-54.903,-190.397,-30.004
93.907,goal,-54.863,-190.484,-30.004
93.941,goal,-54.824,-190.571,-30.003
93.975,goal,-54.784,-190.658,-30.003
94.007,goal,-54.745,-190.745,-30.002
94.041,goal,-54.705,-190.832,-30.002
94.075,goal,-54.656,-190.940,-30.002
94.107,goal,-54.616,-191.027,-30.002
94.141,goal,-54.576,-191.114,-30.002
94.175,goal,-54.536,-191.200,-30.002
94.207,goal,-54.496,-191.287,-30.002
94.241,goal,-54.456,-191.373,-30.002
94.276,goal,-54.405,-191.482,-30.001
94.308,goal,-54.365,-191.568,-30.001
94.342,goal,-54.324,-191.655,-30.001
94.376,goal,-54.283,-191.741,-30.001
94.408,goal,-54.242,-191.828,-30.001
94.442,goal,-54.201,-191.914,-30.001
94.476,goal,-54.149,-192.023,-30.000
94.508,goal,-54.107,-192.109,-30.000
94.542,goal,-54.065,-192.196,-30.000
94.576,goal,-54.023,-192.282,-30.000
94.608,goal,-53.981,-192.369,-30.000
94.643,goal,-53.939,-192.455,-30.000
94.677,goal,-53.886,-192.563,-30.000
94.709,goal,-53.843,-192.649,-29.999
94.743,goal,-53.800,-192.735,-29.999
94.777,goal,-53.757,-192.821,-29.999
94.809,goal,-53.715,-192.907,-29.999
94.843,goal,-53.672,-192.993,-29.999
94.877,goal,-53.618,-193.100,-29.999
94.909,goal,-53.575,-193.186,-29.999
94.943,goal,-53.531,-193.271,-30.000
94.977,goal,-53.488,-193.357,-30.000
95.009,goal,-53.444,-193.442,-30.000
95.043,goal,-53.401,-193.527,-30.000
95.077,goal,-53.346,-193.634,-30.000
95.110,goal,-53.303,-193.720,-30.000
95.144,goal,-53.259,-193.805,-30.000
95.179,goal,-53.215,-193.890,-30.000
95.211,goal,-53.171,-193.976,-30.000
95.246,goal,-53.127,-194.061,-30.000
95.279,goal,-53.083,-194.146,-29.999
95.311,goal,-53.029,-194.253,-29.999
95.345,goal,-52.985,-194.338,-29.999
95.379,goal,-52.941,-194.424,-29.998
95.411,goal,-52.897,-194.509,-29.998
95.445,goal,-52.854,-194.594,-29.998
95.479,goal,-52.799,-194.701,-29.997
95.511,goal,-52.755,-194.786,-29.997
95.545,goal,-52.711,-194.871,-29.996
95.579,goal,-52.667,-194.956,-29.996
95.611,goal,-52.623,-195.041,-29.996
95.645,goal,-52.579,-195.126,-29.995
95.679,goal,-52.524,-195.232,-29.994
95.711,goal,-52.480,-195.317,-29.994
95.746,goal,-52.436,-195.401,-29.993
95.779,goal,-52.391,-195.486,-29.992
95.811,goal,-52.347,-195.571,-29.992
95.846,goal,-52.303,-195.656,-29.991
95.880,goal,-52.247,-195.762,-29.990
95.912,goal,-52.202,-195.847,-29.990
95.946,goal,-52.157,-195.932,-29.989
95.980,goal,-52.113,-196.017,-29.988
96.012,goal,-52.068,-196.102,-29.988
96.046,goal,-52.023,-196.187,-29.987
96.080,goal,-51.966,-196.293,-29.986
96.112,goal,-51.921,-196.378,-29.986
96.146,goal,-51.876,-196.463,-29.986
96.180,goal,-51.831,-196.547,-29.985
96.212,goal,-51.785,-196.632,-29.985
96.246,goal,-51.740,-196.716,-29.985
96.280,goal,-51.682,-196.822,-29.985
96.312,goal,-51.637,-196.906,-29.984
96.346,goal,-51.591,-196.990,-29.984
96.380,goal,-51.545,-197.075,-29.985
96.412,goal,-51.499,-197.159,-29.985
96.446,goal,-51.453,-197.243,-29.985
96.480,goal,-51.395,-197.348,-29.985
96.512,goal,-51.349,-197.433,-29.985
96.546,goal,-51.303,-197.517,-29.985
96.580,goal,-51.256,-197.602,-29.985
96.612,goal,-51.209,-197.686,-29.985
96.646,goal,-51.163,-197.771,-29.985
96.680,goal,-51.104,-197.877,-29.985
96.712,goal,-51.057,-197.962,-29.984
96.746,goal,-51.011,-198.047,-29.984
96.780,goal,-50.964,-198.132,-29.984
96.812,goal,-50.917,-198.217,-29.984
96.846,goal,-50.870,-198.302,-29.984
96.880,goal,-50.811,-198.409,-29.983
96.912,goal,-50.764,-198.494,-29.983
96.946,goal,-50.717,-198.579,-29.983
96.980,goal,-50.669,-198.664,-29.983
97.012,goal,-50.622,-198.750,-29.982
97.046,goal,-50.575,-198.836,-29.982
97.080,goal,-50.517,-198.943,-29.982
97.112,goal,-50.470,-199.029,-29.982
97.146,goal,-50.423,-199.115,-29.982
97.180,goal,-50.376,-199.201,-29.982
97.212,goal,-50.329,-199.287,-29.982
97.246,goal,-50.282,-199.373,-29.982
97.280,goal,-50.224,-199.481,-29.982
97.313,goal,-50.177,-199.568,-29.982
97.348,goal,-50.131,-199.654,-29.982
97.382,goal,-50.084,-199.741,-29.982
97.413,goal,-50.037,-199.827,-29.982
97.448,goal,-49.991,-199.913,-29.982
97.482,goal,-49.932,-200.021,-29.982
97.514,goal,-49.886,-200.107,-29.982
97.549,goal,-49.839,-200.193,-29.982
97.582,goal,-49.793,-200.279,-29.981
97.615,goal,-49.747,-200.365,-29.981
97.649,goal,-49.701,-200.451,-29.981
97.683,goal,-49.643,-200.559,-29.981
97.715,goal,-49.597,-200.645,-29.980
97.749,goal,-49.551,-200.731,-29.980
97.784,goal,-49.505,-200.817,-29.980
97.816,goal,-49.459,-200.903,-29.980
97.849,goal,-49.413,-200.989,-29.980
97.885,goal,-49.355,-201.097,-29.979
97.917,goal,-49.309,-201.183,-29.979
97.952,goal,-49.263,-201.269,-29.979
97.986,goal,-49.217,-201.355,-29.979
98.018,goal,-49.171,-201.441,-29.979
98.052,goal,-49.125,-201.527,-29.979
98.086,goal,-49.067,-201.635,-29.979
98.119,goal,-49.021,-201.721,-29.978
98.153,goal,-48.975,-201.807,-29.978
98.187,goal,-48.929,-201.893,-29.978
98.219,goal,-48.883,-201.979,-29.978
98.253,goal,-48.837,-202.066,-29.978
98.285,goal,-48.791,-202.152,-29.978
98.319,goal,-48.734,-202.260,-29.978
98.353,goal,-48.688,-202.347,-29.977
98.385,goal,-48.642,-202.433,-29.978
98.419,goal,-48.597,-202.520,-29.978
98.455,goal,-48.551,-202.606,-29.978
98.487,goal,-48.505,-202.693,-29.978
98.521,goal,-48.448,-202.801,-29.978
98.555,goal,-48.402,-202.888,-29.978
98.587,goal,-48.356,-202.974,-29.978
98.621,goal,-48.310,-203.061,-29.978
98.655,goal,-48.265,-203.147,-29.979
98.687,goal,-48.219,-203.234,-29.979
98.721,goal,-48.162,-203.342,-29.979
98.755,goal,-48.117,-203.429,-29.979
98.787,goal,-48.071,-203.515,-29.980
98.821,goal,-48.026,-203.602,-29.980
98.855,goal,-47.980,-203.688,-29.980
98.887,goal,-47.935,-203.775,-29.980
98.921,goal,-47.878,-203.883,-29.980
98.955,goal,-47.833,-203.970,-29.980
98.987,goal,-47.788,-204.057,-29.981
99.021,goal,-47.743,-204.144,-29.981
99.055,goal,-47.698,-204.230,-29.981
99.087,goal,-47.653,-204.317,-29.981
99.121,goal,-47.597,-204.426,-29.981
99.155,goal,-47.552,-204.512,-29.981
99.187,goal,-47.507,-204.599,-29.981
99.221,goal,-47.463,-204.686,-29.981
99.255,goal,-47.418,-204.772,-29.981
99.287,goal,-47.373,-204.859,-29.982
99.321,goal,-47.318,-204.967,-29.982
99.355,goal,-47.274,-205.053,-29.982
99.387,goal,-47.229,-205.139,-29.982
99.421,goal,-47.185,-205.226,-29.982
99.455,goal,-47.141,-205.312,-29.983
99.487,goal,-47.096,-205.398,-29.983
99.521,goal,-47.041,-205.506,-29.983
99.555,goal,-46.996,-205.592,-29.984
99.588,goal,-46.952,-205.678,-29.984
99.623,goal,-46.908,-205.764,-29.984
99.657,goal,-46.863,-205.850,-29.985
99.689,goal,-46.819,-205.936,-29.985
99.723,goal,-46.763,-206.044,-29.986
99.757,goal,-46.719,-206.130,-29.986
99.789,goal,-46.675,-206.215,-29.986
99.823,goal,-46.631,-206.301,-29.987
99.857,goal,-46.586,-206.387,-29.987
99.889,goal,-46.542,-206.473,-29.987
99.923,goal,-46.486,-206.580,-29.987
99.957,goal,-46.442,-206.666,-29.987
99.989,goal,-46.398,-206.752,-29.987
100.023,goal,-46.353,-206.838,-29.986
100.057,goal,-46.309,-206.924,-29.986
100.089,goal,-46.264,-207.010,-29.986
100.123,goal,-46.209,-207.117,-29.986
100.157,goal,-46.164,-207.203,-29.985
100.189,goal,-46.119,-207.289,-29.985
100.223,goal,-46.075,-207.374,-29.985
100.258,goal,-46.030,-207.460,-29.985
100.308,goal,-45.985,-207.546,-29.985
100.344,goal,-45.930,-207.653,-29.984
100.378,goal,-45.885,-207.738,-29.984
100.410,goal,-45.840,-207.824,-29.984
100.444,goal,-45.795,-207.910,-29.984
100.478,goal,-45.751,-207.996,-29.983
100.510,goal,-45.706,-208.082,-29.983
100.545,goal,-45.650,-208.190,-29.983
100.579,goal,-45.605,-208.276,-29.983
100.611,goal,-45.560,-208.362,-29.983
100.645,goal,-45.515,-208.449,-29.983
100.679,goal,-45.470,-208.535,-29.983
100.711,goal,-45.425,-208.621,-29.983
100.745,goal,-45.369,-208.729,-29.983
100.779,goal,-45.324,-208.816,-29.983
100.811,goal,-45.279,-208.902,-29.984
100.846,goal,-45.234,-208.989,-29.984
100.880,goal,-45.188,-209.075,-29.984
100.912,goal,-45.143,-209.161,-29.985
100.946,goal,-45.087,-209.269,-29.985
100.980,goal,-45.042,-209.356,-29.985
101.012,goal,-44.997,-209.442,-29.985
101.046,goal,-44.952,-209.528,-29.986
101.081,goal,-44.907,-209.614,-29.986
101.113,goal,-44.863,-209.701,-29.986
101.147,goal,-44.808,-209.809,-29.987
101.181,goal,-44.763,-209.895,-29.987
101.213,goal,-44.719,-209.981,-29.988
101.247,goal,-44.675,-210.068,-29.988
101.281,goal,-44.631,-210.154,-29.989
101.313,goal,-44.587,-210.240,-29.989
101.349,goal,-44.533,-210.348,-29.990
101.383,goal,-44.489,-210.435,-29.990
101.416,goal,-44.446,-210.522,-29.991
101.450,goal,-44.403,-210.608,-29.991
101.484,goal,-44.360,-210.695,-29.991
101.516,goal,-44.317,-210.782,-29.992
101.550,goal,-44.263,-210.890,-29.992
101.584,goal,-44.221,-210.977,-29.993
101.616,goal,-44.178,-211.064,-29.993
101.651,goal,-44.135,-211.151,-29.993
101.684,goal,-44.092,-211.238,-29.993
101.716,goal,-44.049,-211.325,-29.994
101.750,goal,-43.996,-211.433,-29.994
101.784,goal,-43.953,-211.520,-29.994
101.816,goal,-43.910,-211.607,-29.994
101.851,goal,-43.867,-211.694,-29.994
101.885,goal,-43.824,-211.781,-29.994
101.917,goal,-43.781,-211.867,-29.994
101.951,goal,-43.728,-211.976,-29.994
101.985,goal,-43.685,-212.062,-29.994
102.017,goal,-43.643,-212.149,-29.994
102.051,goal,-43.600,-212.236,-29.994
102.085,goal,-43.558,-212.323,-29.994
102.117,goal,-43.515,-212.409,-29.993
102.151,goal,-43.462,-212.518,-29.993
102.185,goal,-43.420,-212.605,-29.993
102.217,goal,-43.378,-212.691,-29.993
102.251,goal,-43.335,-212.778,-29.993
102.285,goal,-43.293,-212.865,-29.993
102.317,goal,-43.250,-212.952,-29.993
102.351,goal,-43.197,-213.061,-29.993
102.385,goal,-43.155,-213.147,-29.993
102.417,goal,-43.112,-213.234,-29.993
102.451,goal,-43.070,-213.321,-29.993
102.485,goal,-43.028,-213.408,-29.993
102.517,goal,-42.985,-213.495,-29.993
102.551,goal,-42.932,-213.604,-29.993
102.585,goal,-42.890,-213.691,-29.993
102.617,goal,-42.847,-213.778,-29.993
102.651,goal,-42.805,-213.865,-29.993
102.685,goal,-42.762,-213.952,-29.993
102.717,goal,-42.720,-214.039,-29.993
102.751,goal,-42.667,-214.148,-29.994
102.785,goal,-42.624,-214.235,-29.994
102.817,goal,-42.582,-214.322,-29.994
102.851,goal,-42.539,-214.409,-29.994
102.885,goal,-42.497,-214.496,-29.994
102.918,goal,-42.455,-214.583,-29.994
102.952,goal,-42.402,-214.692,-29.995
102.986,goal,-42.361,-214.779,-29.995
103.019,goal,-42.319,-214.867,-29.995
103.052,goal,-42.277,-214.954,-29.995
103.086,goal,-42.235,-215.042,-29.995
103.119,goal,-42.193,-215.129,-29.995
103.152,goal,-42.141,-215.239,-29.995
103.186,goal,-42.099,-215.326,-29.995
103.218,goal,-42.057,-215.414,-29.995
103.253,goal,-42.015,-215.501,-29.995
103.286,goal,-41.973,-215.589,-29.995
103.318,goal,-41.932,-215.677,-29.995
103.352,goal,-41.879,-215.786,-29.995
103.386,goal,-41.837,-215.874,-29.994
103.418,goal,-41.795,-215.962,-29.994
103.452,goal,-41.753,-216.050,-29.994
103.486,goal,-41.711,-216.137,-29.993
103.518,goal,-41.670,-216.225,-29.993
103.553,goal,-41.617,-216.334,-29.992
103.587,goal,-41.575,-216.421,-29.991
103.620,goal,-41.533,-216.509,-29.990
103.654,goal,-41.491,-216.596,-29.989
103.689,goal,-41.449,-216.683,-29.988
103.721,goal,-41.407,-216.770,-29.987
103.754,goal,-41.355,-216.879,-29.986
103.788,goal,-41.313,-216.966,-29.985
103.821,goal,-41.271,-217.053,-29.984
103.855,goal,-41.229,-217.140,-29.983
103.888,goal,-41.187,-217.227,-29.982
103.920,goal,-41.145,-217.314,-29.982
103.955,goal,-41.093,-217.422,-29.981
103.989,goal,-41.051,-217.509,-29.980
104.023,goal,-41.009,-217.596,-29.980
104.057,goal,-40.967,-217.683,-29.979
104.091,goal,-40.925,-217.770,-29.979
104.123,goal,-40.883,-217.857,-29.979
104.157,goal,-40.830,-217.966,-29.979
104.191,goal,-40.788,-218.053,-29.978
104.223,goal,-40.746,-218.140,-29.978
104.257,goal,-40.703,-218.227,-29.978
104.292,goal,-40.661,-218.314,-29.978
104.324,goal,-40.618,-218.402,-29.978
104.358,goal,-40.565,-218.511,-29.978
104.392,goal,-40.523,-218.598,-29.978
104.424,goal,-40.480,-218.685,-29.978
104.458,goal,-40.438,-218.773,-29.978
104.492,goal,-40.395,-218.860,-29.978
104.525,goal,-40.353,-218.947,-29.978
104.559,goal,-40.300,-219.056,-29.978
104.593,goal,-40.257,-219.143,-29.978
104.625,goal,-40.215,-219.231,-29.978
104.659,goal,-40.173,-219.318,-29.978
104.693,goal,-40.131,-219.405,-29.978
104.725,goal,-40.088,-219.492,-29.977
104.759,goal,-40.036,-219.601,-29.977
104.793,goal,-39.993,-219.688,-29.977
104.825,goal,-39.951,-219.775,-29.977
104.859,goal,-39.909,-219.861,-29.976
104.893,goal,-39.867,-219.948,-29.976
104.925,goal,-39.825,-220.035,-29.976
104.959,goal,-39.772,-220.144,-29.976
104.993,goal,-39.731,-220.231,-29.976
105.025,goal,-39.689,-220.317,-29.975
105.059,goal,-39.647,-220.404,-29.975
105.094,goal,-39.605,-220.491,-29.975
105.126,goal,-39.564,-220.578,-29.975
105.160,goal,-39.511,-220.687,-29.975
105.194,goal,-39.470,-220.774,-29.975
105.226,goal,-39.428,-220.861,-29.975
105.260,goal,-39.387,-220.948,-29.975
105.294,goal,-39.345,-221.035,-29.975
105.326,goal,-39.304,-221.122,-29.975
105.360,goal,-39.252,-221.231,-29.976
105.394,goal,-39.211,-221.318,-29.976
105.426,goal,-39.170,-221.405,-29.977
105.460,goal,-39.129,-221.492,-29.977
105.494,goal,-39.088,-221.579,-29.978
105.526,goal,-39.047,-221.666,-29.978
105.560,goal,-38.996,-221.775,-29.979
105.594,goal,-38.955,-221.862,-29.980
105.626,goal,-38.914,-221.949,-29.980
105.660,goal,-38.873,-222.036,-29.981
105.694,goal,-38.833,-222.123,-29.981
105.726,goal,-38.792,-222.210,-29.981
105.760,goal,-38.742,-222.318,-29.982
105.794,goal,-38.701,-222.405,-29.982
105.826,goal,-38.661,-222.492,-29.982
105.860,goal,-38.620,-222.579,-29.982
105.894,goal,-38.580,-222.666,-29.982
105.926,goal,-38.540,-222.753,-29.982
105.960,goal,-38.489,-222.862,-29.982
105.994,goal,-38.449,-222.949,-29.982
106.026,goal,-38.408,-223.036,-29.982
106.060,goal,-38.367,-223.123,-29.982
106.094,goal,-38.327,-223.210,-29.982
106.126,goal,-38.286,-223.298,-29.983
106.160,goal,-38.235,-223.407,-29.983
106.194,goal,-38.194,-223.494,-29.983
106.227,goal,-38.153,-223.582,-29.983
106.260,goal,-38.111,-223.669,-29.984
106.294,goal,-38.070,-223.757,-29.984
106.326,goal,-38.029,-223.844,-29.984
106.360,goal,-37.978,-223.954,-29.984
106.394,goal,-37.936,-224.042,-29.984
106.426,goal,-37.895,-224.129,-29.984
106.460,goal,-37.854,-224.217,-29.984
106.494,goal,-37.813,-224.305,-29.984
106.526,goal,-37.772,-224.392,-29.984
106.560,goal,-37.720,-224.502,-29.985
106.594,goal,-37.679,-224.590,-29.985
106.626,goal,-37.638,-224.678,-29.985
106.660,goal,-37.597,-224.765,-29.985
106.694,goal,-37.556,-224.853,-29.985
106.726,goal,-37.514,-224.941,-29.985
106.760,goal,-37.463,-225.051,-29.985
106.794,goal,-37.422,-225.138,-29.985
106.826,goal,-37.380,-225.226,-29.985
106.860,goal,-37.339,-225.313,-29.985
106.894,goal,-37.298,-225.401,-29.985
106.926,goal,-37.256,-225.488,-29.985
106.960,goal,-37.204,-225.597,-29.984
106.995,goal,-37.163,-225.684,-29.984
107.027,goal,-37.121,-225.772,-29.984
107.061,goal,-37.080,-225.859,-29.984
107.095,goal,-37.038,-225.946,-29.984
107.127,goal,-36.997,-226.033,-29.984
107.162,goal,-36.945,-226.141,-29.984
107.197,goal,-36.904,-226.228,-29.985
107.228,goal,-36.862,-226.314,-29.985
107.262,goal,-36.821,-226.401,-29.985
107.296,goal,-36.780,-226.487,-29.985
107.328,goal,-36.738,-226.573,-29.985
107.362,goal,-36.686,-226.681,-29.985
107.396,goal,-36.645,-226.768,-29.985
107.428,goal,-36.604,-226.854,-29.986
107.462,goal,-36.563,-226.940,-29.986
107.497,goal,-36.522,-227.026,-29.986
107.529,goal,-36.481,-227.112,-29.986
107.563,goal,-36.430,-227.220,-29.986
107.597,goal,-36.389,-227.306,-29.986
107.629,goal,-36.348,-227.393,-29.986
107.663,goal,-36.308,-227.479,-29.986
107.697,goal,-36.267,-227.565,-29.986
107.731,goal,-36.226,-227.651,-29.986
107.765,goal,-36.175,-227.759,-29.985
107.799,goal,-36.135,-227.845,-29.985
107.831,goal,-36.094,-227.931,-29.985
107.865,goal,-36.053,-228.017,-29.984
107.899,goal,-36.012,-228.103,-29.984
107.931,goal,-35.972,-228.189,-29.984
107.965,goal,-35.921,-228.297,-29.983
107.999,goal,-35.880,-228.383,-29.983
108.031,goal,-35.839,-228.469,-29.982
108.065,goal,-35.798,-228.556,-29.982
108.099,goal,-35.757,-228.642,-29.981
108.131,goal,-35.716,-228.728,-29.981
108.165,goal,-35.665,-228.836,-29.980
108.199,goal,-35.624,-228.922,-29.980
108.231,goal,-35.583,-229.008,-29.980
108.265,goal,-35.543,-229.095,-29.979
108.299,goal,-35.502,-229.181,-29.979
108.331,goal,-35.461,-229.268,-29.979
108.365,goal,-35.410,-229.376,-29.979
108.399,goal,-35.370,-229.463,-29.978
108.431,goal,-35.329,-229.550,-29.978
108.465,goal,-35.288,-229.636,-29.978
108.499,goal,-35.248,-229.723,-29.978
108.531,goal,-35.207,-229.810,-29.978
108.566,goal,-35.157,-229.919,-29.978
108.600,goal,-35.116,-230.006,-29.978
108.632,goal,-35.076,-230.093,-29.979
108.666,goal,-35.036,-230.180,-29.979
108.700,goal,-34.995,-230.267,-29.979
108.732,goal,-34.955,-230.354,-29.979
108.766,goal,-34.905,-230.463,-29.980
108.800,goal,-34.864,-230.550,-29.980
108.832,goal,-34.824,-230.637,-29.980
108.866,goal,-34.783,-230.725,-29.980
108.900,goal,-34.743,-230.812,-29.980
108.932,goal,-34.702,-230.899,-29.980
108.966,goal,-34.651,-231.008,-29.981
109.000,goal,-34.611,-231.095,-29.981
109.032,goal,-34.570,-231.183,-29.981
109.066,goal,-34.529,-231.270,-29.981
109.100,goal,-34.489,-231.357,-29.981
109.132,goal,-34.448,-231.444,-29.981
109.166,goal,-34.398,-231.552,-29.981
109.200,goal,-34.357,-231.639,-29.981
109.232,goal,-34.317,-231.726,-29.981
109.266,goal,-34.276,-231.813,-29.981
109.300,goal,-34.236,-231.899,-29.981
109.332,goal,-34.196,-231.986,-29.981
109.366,goal,-34.145,-232.094,-29.981
109.400,goal,-34.105,-232.181,-29.980
109.432,goal,-34.064,-232.267,-29.980
109.466,goal,-34.023,-232.354,-29.980
109.500,goal,-33.983,-232.441,-29.981
109.532,goal,-33.942,-232.528,-29.981
109.566,goal,-33.891,-232.636,-29.981
109.600,goal,-33.850,-232.723,-29.981
109.632,goal,-33.810,-232.810,-29.981
109.666,goal,-33.769,-232.896,-29.982
109.700,goal,-33.728,-232.983,-29.982
109.732,goal,-33.688,-233.070,-29.982
109.766,goal,-33.637,-233.178,-29.983
109.800,goal,-33.597,-233.265,-29.983
109.832,goal,-33.556,-233.351,-29.983
109.866,goal,-33.515,-233.438,-29.983
109.900,goal,-33.475,-233.525,-29.984
109.933,goal,-33.434,-233.611,-29.984
109.967,goal,-33.383,-233.720,-29.984
110.001,goal,-33.343,-233.806,-29.984
110.033,goal,-33.302,-233.893,-29.985
110.067,goal,-33.261,-233.979,-29.985
110.102,goal,-33.221,-234.066,-29.985
110.134,goal,-33.181,-234.152,-29.985
110.168,goal,-33.130,-234.261,-29.985
110.204,goal,-33.090,-234.347,-29.984
110.236,goal,-33.050,-234.434,-29.984
110.270,goal,-33.010,-234.521,-29.983
110.304,goal,-32.970,-234.607,-29.983
110.336,goal,-32.930,-234.694,-29.982
110.371,goal,-32.880,-234.802,-29.981
110.405,goal,-32.840,-234.888,-29.981
110.437,goal,-32.799,-234.974,-29.981
110.471,goal,-32.759,-235.061,-29.980
110.505,goal,-32.719,-235.147,-29.980
110.537,goal,-32.679,-235.233,-29.979
110.571,goal,-32.629,-235.341,-29.979
110.605,goal,-32.588,-235.427,-29.978
110.637,goal,-32.548,-235.514,-29.978
110.671,goal,-32.508,-235.600,-29.978
110.705,goal,-32.468,-235.686,-29.978
110.737,goal,-32.428,-235.772,-29.978
110.771,goal,-32.378,-235.880,-29.978
110.805,goal,-32.337,-235.967,-29.978
110.837,goal,-32.297,-236.053,-29.978
110.872,goal,-32.257,-236.140,-29.978
110.906,goal,-32.217,-236.226,-29.978
110.940,goal,-32.176,-236.313,-29.978
110.974,goal,-32.126,-236.421,-29.979
111.008,goal,-32.085,-236.508,-29.979
111.040,goal,-32.044,-236.595,-29.979
111.073,goal,-32.003,-236.681,-29.980
111.108,goal,-31.962,-236.768,-29.980
111.140,goal,-31.921,-236.855,-29.980
111.174,goal,-31.869,-236.964,-29.981
111.208,goal,-31.828,-237.051,-29.981
111.240,goal,-31.786,-237.138,-29.981
111.275,goal,-31.744,-237.225,-29.982
111.309,goal,-31.703,-237.312,-29.982
111.341,goal,-31.661,-237.399,-29.982
111.375,goal,-31.609,-237.507,-29.982
111.409,goal,-31.567,-237.594,-29.982
111.441,goal,-31.526,-237.680,-29.982
111.475,goal,-31.485,-237.767,-29.982
111.509,goal,-31.443,-237.854,-29.982
111.541,goal,-31.402,-237.940,-29.982
111.575,goal,-31.350,-238.048,-29.981
111.609,approach,-31.309,-238.134,-29.981
111.641,approach,-31.268,-238.221,-29.981
111.675,approach,-31.227,-238.307,-29.981
111.709,approach,-31.186,-238.393,-29.980
111.741,approach,-31.145,-238.479,-29.974
111.775,approach,-31.095,-238.586,-29.956
111.809,approach,-31.055,-238.671,-29.935
111.841,approach,-31.015,-238.756,-29.907
111.875,approach,-30.975,-238.840,-29.873
111.909,approach,-30.936,-238.924,-29.835
111.941,approach,-30.897,-239.007,-29.792
111.975,approach,-30.849,-239.109,-29.735
112.009,approach,-30.811,-239.190,-29.685
112.041,approach,-30.773,-239.270,-29.634
112.075,approach,-30.736,-239.348,-29.582
112.109,approach,-30.699,-239.426,-29.528
112.141,approach,-30.663,-239.501,-29.473
112.175,approach,-30.619,-239.594,-29.405
112.209,approach,-30.585,-239.666,-29.349
112.241,approach,-30.551,-239.736,-29.294
112.275,approach,-30.519,-239.804,-29.238
112.309,approach,-30.487,-239.870,-29.183
112.341,approach,-30.456,-239.934,-29.128
112.375,approach,-30.419,-240.010,-29.059
112.409,approach,-30.390,-240.069,-29.004
112.441,approach,-30.362,-240.126,-28.950
112.475,approach,-30.336,-240.180,-28.895
112.509,approach,-30.310,-240.232,-28.841
112.541,approach,-30.286,-240.281,-28.787
112.575,approach,-30.257,-240.340,-28.720
112.609,approach,-30.235,-240.384,-28.667
112.641,approach,-30.214,-240.426,-28.613
112.675,approach,-30.194,-240.466,-28.560
112.709,approach,-30.175,-240.503,-28.507
112.741,approach,-30.156,-240.539,-28.454
112.775,approach,-30.134,-240.580,-28.389
112.809,approach,-30.118,-240.611,-28.336
112.841,approach,-30.102,-240.639,-28.284
112.875,approach,-30.088,-240.666,-28.231
112.909,approach,-30.074,-240.690,-28.179
112.941,approach,-30.061,-240.713,-28.127
112.975,approach,-30.046,-240.739,-28.062
113.009,approach,-30.035,-240.758,-28.010
113.041,approach,-30.024,-240.775,-27.958
113.076,approach,-30.015,-240.791,-27.906
113.110,approach,-30.006,-240.805,-27.854
113.142,approach,-29.998,-240.817,-27.802
113.176,approach,-29.989,-240.831,-27.737
113.210,approach,-29.983,-240.841,-27.685
113.242,approach,-29.977,-240.849,-27.633
113.276,approach,-29.972,-240.856,-27.582
113.311,approach,-29.967,-240.862,-27.530
113.343,approach,-29.963,-240.868,-27.478
113.378,approach,-29.959,-240.872,-27.414
113.412,approach,-29.956,-240.875,-27.362
113.444,approach,-29.954,-240.878,-27.311
113.478,approach,-29.952,-240.879,-27.260
113.512,approach,-29.950,-240.879,-27.208
113.546,approach,-29.949,-240.879,-27.157
113.579,approach,-29.948,-240.878,-27.093
113.613,approach,-29.947,-240.877,-27.042
113.645,approach,-29.947,-240.875,-26.991
113.679,approach,-29.947,-240.873,-26.940
113.714,approach,-29.948,-240.870,-26.889
113.745,approach,-29.949,-240.867,-26.838
113.779,approach,-29.950,-240.863,-26.774
113.813,approach,-29.952,-240.859,-26.723
113.860,approach,-29.954,-240.855,-26.673
113.900,approach,-29.956,-240.851,-26.622
113.934,approach,-29.958,-240.847,-26.571
113.965,approach,-29.960,-240.843,-26.521
114.000,approach,-29.963,-240.837,-26.458
114.034,approach,-29.965,-240.833,-26.407
114.065,approach,-29.968,-240.828,-26.357
114.102,approach,-29.970,-240.824,-26.307
114.136,approach,-29.973,-240.819,-26.257
114.168,approach,-29.976,-240.814,-26.206
114.202,approach,-29.979,-240.808,-26.144
114.236,approach,-29.981,-240.804,-26.094
114.268,approach,-29.984,-240.799,-26.044
114.303,approach,-29.987,-240.794,-25.994
114.337,approach,-29.990,-240.790,-25.944
114.369,approach,-29.993,-240.785,-25.894
114.403,approach,-29.996,-240.780,-25.833
114.437,approach,-29.999,-240.776,-25.783
114.469,approach,-30.002,-240.772,-25.734
114.503,approach,-30.005,-240.768,-25.685
114.537,approach,-30.008,-240.765,-25.636
114.569,approach,-30.011,-240.761,-25.587
114.603,approach,-30.015,-240.756,-25.526
114.637,approach,-30.018,-240.753,-25.477
114.669,approach,-30.021,-240.749,-25.428
114.703,approach,-30.024,-240.746,-25.378
114.737,approach,-30.028,-240.743,-25.329
114.769,approach,-30.031,-240.740,-25.280
114.803,approach,-30.035,-240.736,-25.219
114.837,approach,-30.038,-240.733,-25.170
114.869,approach,-30.041,-240.730,-25.121
114.903,approach,-30.044,-240.727,-25.071
114.937,approach,-30.047,-240.725,-25.022
114.969,approach,-30.050,-240.722,-24.973
115.003,approach,-30.053,-240.719,-24.912
115.037,approach,-30.056,-240.716,-24.863
115.069,approach,-30.058,-240.714,-24.814
115.103,approach,-30.061,-240.712,-24.765
115.137,approach,-30.063,-240.709,-24.717
115.169,approach,-30.065,-240.707,-24.668
115.203,approach,-30.068,-240.704,-24.607
115.237,approach,-30.070,-240.702,-24.558
115.269,approach,-30.071,-240.699,-24.510
115.303,approach,-30.073,-240.697,-24.461
115.337,approach,-30.075,-240.695,-24.413
115.369,approach,-30.076,-240.692,-24.364
115.403,approach,-30.078,-240.689,-24.303
115.437,approach,-30.080,-240.686,-24.255
115.469,approach,-30.081,-240.684,-24.206
115.503,approach,-30.083,-240.681,-24.158
115.537,approach,-30.084,-240.679,-24.110
115.569,approach,-30.085,-240.676,-24.061
115.603,approach,-30.087,-240.673,-24.001
115.637,approach,-30.088,-240.671,-23.953
115.669,approach,-30.089,-240.668,-23.905
115.703,approach,-30.091,-240.666,-23.856
115.737,approach,-30.092,-240.664,-23.808
115.769,approach,-30.093,-240.662,-23.760
115.803,approach,-30.095,-240.660,-23.700
115.837,approach,-30.096,-240.658,-23.652
115.868,approach,-30.097,-240.656,-23.603
115.903,approach,-30.098,-240.655,-23.555
115.937,approach,-30.099,-240.653,-23.507
115.969,approach,-30.101,-240.652,-23.459
116.003,approach,-30.102,-240.651,-23.399
116.037,approach,-30.103,-240.650,-23.351
116.069,approach,-30.104,-240.649,-23.303
116.103,approach,-30.106,-240.648,-23.255
116.137,approach,-30.107,-240.647,-23.207
116.169,approach,-30.108,-240.646,-23.159
116.203,approach,-30.110,-240.644,-23.099
116.237,approach,-30.111,-240.643,-23.051
116.270,approach,-30.112,-240.642,-23.003
116.304,approach,-30.114,-240.641,-22.955
116.338,approach,-30.115,-240.639,-22.907
116.370,approach,-30.116,-240.638,-22.859
116.404,approach,-30.118,-240.636,-22.799
116.438,approach,-30.119,-240.634,-22.751
116.470,approach,-30.120,-240.633,-22.703
116.505,approach,-30.122,-240.631,-22.655
116.539,approach,-30.123,-240.629,-22.607
116.572,approach,-30.124,-240.627,-22.559
116.606,approach,-30.126,-240.625,-22.499
116.640,approach,-30.127,-240.623,-22.451
116.672,approach,-30.128,-240.621,-22.402
116.706,approach,-30.129,-240.619,-22.354
116.740,approach,-30.130,-240.618,-22.305
116.773,approach,-30.132,-240.616,-22.257
116.808,approach,-30.133,-240.614,-22.197
116.842,approach,-30.134,-240.612,-22.148
116.873,approach,-30.135,-240.610,-22.100
116.907,approach,-30.136,-240.609,-22.052
116.941,approach,-30.136,-240.607,-22.004
116.973,approach,-30.137,-240.605,-21.955
117.008,approach,-30.137,-240.603,-21.895
117.042,approach,-30.137,-240.601,-21.847
117.073,approach,-30.137,-240.600,-21.799
117.108,approach,-30.137,-240.598,-21.751
117.143,approach,-30.137,-240.597,-21.703
117.174,approach,-30.137,-240.595,-21.655
117.209,approach,-30.137,-240.594,-21.595
117.243,approach,-30.137,-240.592,-21.547
117.276,approach,-30.137,-240.591,-21.499
117.310,approach,-30.137,-240.590,-21.451
117.344,approach,-30.137,-240.589,-21.403
117.376,approach,-30.137,-240.587,-21.355
117.410,approach,-30.137,-240.586,-21.294
117.444,approach,-30.138,-240.585,-21.246
117.476,approach,-30.138,-240.585,-21.198
117.510,approach,-30.138,-240.584,-21.150
117.544,approach,-30.139,-240.583,-21.102
117.576,approach,-30.139,-240.582,-21.053
117.610,approach,-30.140,-240.581,-20.993
117.644,approach,-30.140,-240.581,-20.944
117.676,approach,-30.141,-240.580,-20.896
117.710,approach,-30.142,-240.579,-20.847
117.744,approach,-30.143,-240.579,-20.799
117.776,approach,-30.143,-240.578,-20.750
117.810,approach,-30.144,-240.577,-20.689
117.844,approach,-30.145,-240.576,-20.641
117.876,approach,-30.146,-240.576,-20.592
117.910,approach,-30.146,-240.575,-20.543
117.944,approach,-30.147,-240.574,-20.495
117.976,approach,-30.148,-240.574,-20.446
118.010,approach,-30.148,-240.573,-20.386
118.044,approach,-30.149,-240.572,-20.337
118.076,approach,-30.149,-240.571,-20.289
118.110,approach,-30.150,-240.571,-20.241
118.144,approach,-30.150,-240.570,-20.192
118.176,approach,-30.151,-240.569,-20.144
118.210,approach,-30.151,-240.568,-20.084
118.244,approach,-30.152,-240.567,-20.036
118.276,approach,-30.152,-240.567,-19.988
118.310,approach,-30.152,-240.566,-19.940
118.344,approach,-30.153,-240.565,-19.893
118.376,approach,-30.153,-240.565,-19.845
118.410,approach,-30.153,-240.564,-19.785
118.444,approach,-30.152,-240.563,-19.737
118.476,approach,-30.152,-240.563,-19.689
118.510,approach,-30.152,-240.562,-19.641
118.544,approach,-30.152,-240.561,-19.593
118.576,approach,-30.152,-240.561,-19.545
118.610,approach,-30.152,-240.560,-19.485
118.644,approach,-30.151,-240.560,-19.437
118.676,approach,-30.151,-240.559,-19.389
118.710,approach,-30.150,-240.559,-19.341
118.744,approach,-30.150,-240.559,-19.293
118.776,approach,-30.149,-240.558,-19.245
118.810,approach,-30.148,-240.558,-19.185
118.844,approach,-30.148,-240.558,-19.137
118.876,approach,-30.147,-240.558,-19.089
118.910,approach,-30.146,-240.558,-19.041
118.944,approach,-30.146,-240.558,-18.993
118.976,approach,-30.145,-240.559,-18.946
119.010,approach,-30.144,-240.559,-18.886
119.044,approach,-30.144,-240.560,-18.838
119.076,approach,-30.143,-240.561,-18.790
119.110,approach,-30.142,-240.562,-18.743
119.144,approach,-30.142,-240.563,-18.695
119.176,approach,-30.141,-240.564,-18.647
119.210,approach,-30.141,-240.565,-18.587
119.244,approach,-30.140,-240.567,-18.539
119.276,approach,-30.140,-240.568,-18.491
119.310,approach,-30.139,-240.569,-18.443
119.344,approach,-30.138,-240.570,-18.395
119.376,approach,-30.138,-240.571,-18.347
119.410,approach,-30.137,-240.572,-18.288
119.444,approach,-30.136,-240.573,-18.240
119.477,approach,-30.136,-240.574,-18.192
119.511,approach,-30.135,-240.575,-18.144
119.545,approach,-30.135,-240.576,-18.096
119.577,approach,-30.134,-240.577,-18.048
119.611,approach,-30.134,-240.578,-17.989
119.645,approach,-30.133,-240.579,-17.941
119.677,approach,-30.133,-240.580,-17.893
119.711,approach,-30.133,-240.581,-17.845
119.745,approach,-30.132,-240.582,-17.797
119.777,approach,-30.132,-240.583,-17.749
119.811,approach,-30.131,-240.584,-17.689
119.845,approach,-30.130,-240.585,-17.641
119.877,approach,-30.130,-240.586,-17.593
119.911,approach,-30.129,-240.587,-17.545
119.945,approach,-30.128,-240.588,-17.497
119.978,approach,-30.128,-240.589,-17.449
120.012,approach,-30.127,-240.591,-17.389
120.046,approach,-30.126,-240.592,-17.341
120.078,approach,-30.125,-240.593,-17.294
120.112,approach,-30.125,-240.594,-17.246
120.146,approach,-30.124,-240.595,-17.198
120.178,approach,-30.123,-240.595,-17.150
120.212,approach,-30.122,-240.596,-17.090
120.246,approach,-30.122,-240.597,-17.042
120.278,approach,-30.121,-240.598,-16.994
120.312,approach,-30.120,-240.599,-16.947
120.346,approach,-30.120,-240.599,-16.899
120.378,approach,-30.119,-240.600,-16.851
120.412,approach,-30.118,-240.601,-16.791
120.447,approach,-30.117,-240.601,-16.743
120.478,approach,-30.117,-240.602,-16.696
120.512,approach,-30.116,-240.602,-16.648
120.546,approach,-30.115,-240.602,-16.600
120.578,approach,-30.115,-240.603,-16.552
120.612,approach,-30.114,-240.603,-16.492
120.646,approach,-30.114,-240.603,-16.444
120.678,approach,-30.113,-240.604,-16.396
120.712,approach,-30.113,-240.604,-16.348
120.746,approach,-30.112,-240.604,-16.301
120.778,approach,-30.112,-240.605,-16.253
120.812,approach,-30.111,-240.605,-16.193
120.846,approach,-30.111,-240.606,-16.145
120.878,approach,-30.110,-240.606,-16.097
120.912,approach,-30.110,-240.606,-16.050
120.946,approach,-30.110,-240.607,-16.002
120.978,approach,-30.109,-240.607,-15.954
121.012,approach,-30.109,-240.607,-15.894
121.046,approach,-30.108,-240.607,-15.846
121.078,approach,-30.108,-240.607,-15.798
121.112,approach,-30.107,-240.608,-15.750
121.146,approach,-30.107,-240.608,-15.701
121.178,approach,-30.107,-240.608,-15.653
121.212,approach,-30.106,-240.608,-15.593
121.246,approach,-30.106,-240.609,-15.545
121.278,approach,-30.105,-240.609,-15.497
121.312,approach,-30.105,-240.609,-15.449
121.346,approach,-30.104,-240.610,-15.401
121.378,approach,-30.104,-240.610,-15.353
121.412,approach,-30.103,-240.611,-15.293
121.447,approach,-30.102,-240.611,-15.245
121.478,approach,-30.102,-240.612,-15.196
121.512,approach,-30.101,-240.612,-15.148
121.546,approach,-30.100,-240.613,-15.100
121.578,approach,-30.100,-240.613,-15.051
121.612,approach,-30.099,-240.614,-14.991
121.646,approach,-30.099,-240.615,-14.942
121.678,approach,-30.099,-240.615,-14.894
121.712,approach,-30.099,-240.616,-14.845
121.746,approach,-30.098,-240.617,-14.796
121.778,approach,-30.098,-240.617,-14.747
121.812,approach,-30.098,-240.618,-14.686
121.846,approach,-30.097,-240.619,-14.637
121.878,approach,-30.097,-240.620,-14.588
121.912,approach,-30.097,-240.621,-14.539
121.947,approach,-30.097,-240.622,-14.490
121.978,approach,-30.097,-240.624,-14.441
122.012,approach,-30.097,-240.625,-14.379
122.046,approach,-30.097,-240.626,-14.330
122.078,approach,-30.097,-240.627,-14.281
122.112,approach,-30.097,-240.628,-14.232
122.146,approach,-30.097,-240.629,-14.183
122.180,approach,-30.097,-240.630,-14.134
122.214,approach,-30.097,-240.631,-14.073
122.248,approach,-30.098,-240.632,-14.024
122.280,approach,-30.098,-240.632,-13.976
122.314,approach,-30.098,-240.633,-13.927
122.348,approach,-30.098,-240.634,-13.879
122.380,approach,-30.098,-240.634,-13.830
122.414,approach,-30.098,-240.635,-13.769
122.448,approach,-30.098,-240.636,-13.721
122.480,approach,-30.098,-240.637,-13.673
122.514,approach,-30.098,-240.637,-13.624
122.548,approach,-30.098,-240.638,-13.576
122.581,approach,-30.098,-240.638,-13.527
122.615,approach,-30.098,-240.639,-13.467
122.649,approach,-30.097,-240.640,-13.418
122.682,approach,-30.097,-240.640,-13.370
122.716,approach,-30.097,-240.640,-13.321
122.751,approach,-30.096,-240.641,-13.273
122.783,approach,-30.096,-240.642,-13.224
122.817,approach,-30.096,-240.642,-13.164
122.851,approach,-30.095,-240.643,-13.115
122.883,approach,-30.095,-240.644,-13.067
122.917,approach,-30.094,-240.645,-13.019
122.951,approach,-30.094,-240.645,-12.970
122.983,approach,-30.094,-240.646,-12.922
123.017,approach,-30.093,-240.647,-12.862
123.051,approach,-30.093,-240.648,-12.814
123.083,approach,-30.092,-240.649,-12.765
123.117,approach,-30.092,-240.650,-12.717
123.152,approach,-30.092,-240.651,-12.669
123.183,approach,-30.092,-240.652,-12.621
123.217,approach,-30.092,-240.653,-12.561
123.251,approach,-30.092,-240.654,-12.513
123.283,approach,-30.092,-240.655,-12.465
123.318,approach,-30.092,-240.656,-12.417
123.351,approach,-30.092,-240.657,-12.369
123.383,approach,-30.092,-240.658,-12.321
123.417,approach,-30.092,-240.659,-12.261
123.451,approach,-30.092,-240.660,-12.213
123.483,approach,-30.093,-240.661,-12.165
123.517,approach,-30.093,-240.662,-12.118
123.551,approach,-30.093,-240.663,-12.070
123.584,approach,-30.093,-240.664,-12.022
123.618,approach,-30.093,-240.665,-11.962
123.653,approach,-30.093,-240.666,-11.914
123.684,approach,-30.093,-240.667,-11.866
123.718,approach,-30.093,-240.667,-11.818
123.752,approach,-30.093,-240.668,-11.770
123.784,approach,-30.093,-240.668,-11.722
123.818,approach,-30.094,-240.668,-11.662
123.852,approach,-30.094,-240.668,-11.615
123.884,approach,-30.094,-240.668,-11.567
123.918,approach,-30.094,-240.668,-11.519
123.952,approach,-30.094,-240.667,-11.472
123.984,approach,-30.094,-240.667,-11.424
124.018,approach,-30.094,-240.666,-11.365
124.052,approach,-30.094,-240.665,-11.317
124.084,approach,-30.094,-240.664,-11.269
124.118,approach,-30.094,-240.663,-11.222
124.152,approach,-30.094,-240.662,-11.174
124.184,approach,-30.094,-240.661,-11.126
124.218,approach,-30.094,-240.659,-11.067
124.252,approach,-30.094,-240.658,-11.019
124.284,approach,-30.094,-240.657,-10.971
124.318,approach,-30.093,-240.655,-10.924
124.352,approach,-30.093,-240.654,-10.876
124.384,approach,-30.093,-240.653,-10.828
124.418,approach,-30.093,-240.651,-10.769
124.452,approach,-30.094,-240.649,-10.721
124.484,approach,-30.094,-240.647,-10.673
124.518,approach,-30.094,-240.646,-10.625
124.552,approach,-30.094,-240.644,-10.577
124.584,approach,-30.094,-240.643,-10.529
124.618,approach,-30.095,-240.641,-10.469
124.652,approach,-30.095,-240.639,-10.421
124.684,approach,-30.095,-240.638,-10.373
124.718,approach,-30.096,-240.637,-10.325
124.752,approach,-30.096,-240.635,-10.277
124.784,approach,-30.097,-240.634,-10.228
124.818,approach,-30.097,-240.633,-10.168
124.852,approach,-30.098,-240.632,-10.120
124.884,approach,-30.098,-240.631,-10.071
124.918,approach,-30.098,-240.630,-10.023
124.952,approach,-30.098,-240.630,-9.975
124.984,approach,-30.098,-240.629,-9.926
125.018,approach,-30.098,-240.629,-9.866
125.052,approach,-30.098,-240.629,-9.818
125.084,approach,-30.098,-240.629,-9.769
125.118,approach,-30.097,-240.629,-9.721
125.152,approach,-30.097,-240.630,-9.673
125.184,approach,-30.096,-240.630,-9.625
125.218,approach,-30.096,-240.630,-9.564
125.252,approach,-30.095,-240.630,-9.516
125.284,approach,-30.095,-240.630,-9.468
125.318,approach,-30.094,-240.631,-9.420
125.352,approach,-30.094,-240.631,-9.371
125.384,approach,-30.094,-240.631,-9.323
125.418,approach,-30.093,-240.632,-9.263
125.452,approach,-30.093,-240.632,-9.214
125.484,approach,-30.092,-240.633,-9.166
125.518,approach,-30.092,-240.633,-9.117
125.552,approach,-30.091,-240.634,-9.068
125.584,approach,-30.091,-240.634,-9.019
125.618,approach,-30.090,-240.635,-8.958
125.652,approach,-30.089,-240.636,-8.909
125.684,approach,-30.089,-240.637,-8.860
125.718,approach,-30.088,-240.638,-8.811
125.752,approach,-30.088,-240.638,-8.763
125.784,approach,-30.087,-240.639,-8.714
125.818,approach,-30.087,-240.641,-8.652
125.852,approach,-30.087,-240.642,-8.603
125.885,approach,-30.086,-240.643,-8.555
125.919,approach,-30.086,-240.644,-8.506
125.955,approach,-30.086,-240.645,-8.457
125.987,approach,-30.085,-240.646,-8.408
126.021,approach,-30.085,-240.648,-8.347
126.055,approach,-30.085,-240.649,-8.299
126.087,approach,-30.085,-240.650,-8.251
126.121,approach,-30.085,-240.651,-8.203
126.155,approach,-30.085,-240.652,-8.154
126.187,approach,-30.085,-240.653,-8.106
126.221,approach,-30.085,-240.655,-8.046
126.255,approach,-30.085,-240.655,-7.998
126.288,approach,-30.086,-240.656,-7.950
126.322,approach,-30.086,-240.657,-7.902
126.357,approach,-30.086,-240.658,-7.854
126.389,approach,-30.086,-240.658,-7.806
126.423,approach,-30.087,-240.659,-7.746
126.457,approach,-30.087,-240.660,-7.698
126.489,approach,-30.087,-240.660,-7.650
126.523,approach,-30.087,-240.661,-7.602
126.557,approach,-30.087,-240.662,-7.554
126.589,approach,-30.087,-240.662,-7.506
126.623,approach,-30.087,-240.663,-7.446
126.657,approach,-30.087,-240.663,-7.398
126.690,approach,-30.087,-240.663,-7.350
126.723,approach,-30.086,-240.663,-7.302
126.757,approach,-30.086,-240.664,-7.254
126.789,approach,-30.086,-240.664,-7.206
126.823,approach,-30.086,-240.664,-7.146
126.859,approach,-30.086,-240.664,-7.098
126.891,approach,-30.086,-240.664,-7.051
126.925,approach,-30.086,-240.664,-7.003
126.959,approach,-30.086,-240.663,-6.955
126.991,approach,-30.086,-240.663,-6.907
127.025,approach,-30.086,-240.663,-6.848
127.059,approach,-30.086,-240.662,-6.800
127.091,approach,-30.086,-240.662,-6.752
127.125,approach,-30.086,-240.662,-6.704
127.159,approach,-30.086,-240.662,-6.656
127.191,approach,-30.086,-240.662,-6.609
127.225,approach,-30.087,-240.662,-6.549
127.259,approach,-30.087,-240.662,-6.501
127.291,approach,-30.087,-240.662,-6.454
127.325,approach,-30.088,-240.662,-6.406
127.360,approach,-30.088,-240.663,-6.358
127.392,approach,-30.089,-240.663,-6.310
127.426,approach,-30.089,-240.663,-6.250
127.460,approach,-30.090,-240.663,-6.202
127.492,approach,-30.090,-240.663,-6.154
127.526,approach,-30.091,-240.664,-6.106
127.560,approach,-30.091,-240.664,-6.058
127.592,approach,-30.092,-240.664,-6.009
127.632,approach,-30.093,-240.664,-5.949
127.675,approach,-30.093,-240.664,-5.900
127.707,approach,-30.094,-240.664,-5.851
127.741,approach,-30.095,-240.664,-5.803
127.775,approach,-30.095,-240.664,-5.754
127.807,approach,-30.096,-240.663,-5.705
127.841,approach,-30.097,-240.663,-5.644
127.875,approach,-30.098,-240.663,-5.595
127.907,approach,-30.098,-240.663,-5.547
127.941,approach,-30.099,-240.663,-5.498
127.975,approach,-30.100,-240.664,-5.449
128.007,approach,-30.100,-240.664,-5.400
128.041,approach,-30.101,-240.664,-5.339
128.076,approach,-30.101,-240.665,-5.290
128.108,approach,-30.101,-240.665,-5.241
128.142,approach,-30.102,-240.665,-5.192
128.176,approach,-30.102,-240.666,-5.144
128.208,approach,-30.101,-240.667,-5.095
128.242,approach,-30.101,-240.668,-5.034
128.276,approach,-30.100,-240.668,-4.986
128.308,approach,-30.100,-240.669,-4.937
128.342,approach,-30.099,-240.670,-4.889
128.377,approach,-30.098,-240.671,-4.841
128.409,approach,-30.098,-240.672,-4.793
128.443,approach,-30.097,-240.673,-4.732
128.478,approach,-30.096,-240.673,-4.684
128.510,approach,-30.095,-240.674,-4.637
128.544,approach,-30.094,-240.675,-4.589
128.579,approach,-30.093,-240.675,-4.541
128.611,approach,-30.092,-240.676,-4.493
128.645,approach,-30.091,-240.676,-4.433
128.679,approach,-30.090,-240.676,-4.386
128.711,approach,-30.089,-240.677,-4.338
128.745,approach,-30.088,-240.677,-4.290
128.779,approach,-30.088,-240.677,-4.242
128.811,approach,-30.087,-240.677,-4.195
128.845,approach,-30.086,-240.677,-4.135
128.879,approach,-30.086,-240.677,-4.087
128.911,approach,-30.085,-240.677,-4.039
128.945,approach,-30.085,-240.677,-3.992
128.981,approach,-30.084,-240.677,-3.944
129.013,approach,-30.083,-240.677,-3.896
129.047,approach,-30.082,-240.677,-3.836
129.081,approach,-30.082,-240.677,-3.789
129.113,approach,-30.081,-240.677,-3.741
129.147,approach,-30.080,-240.677,-3.693
129.181,approach,-30.080,-240.677,-3.646
129.213,approach,-30.079,-240.677,-3.598
129.247,approach,-30.079,-240.677,-3.538
129.281,approach,-30.079,-240.677,-3.490
129.313,approach,-30.079,-240.677,-3.441
129.347,approach,-30.079,-240.677,-3.393
129.381,approach,-30.079,-240.677,-3.344
129.414,approach,-30.079,-240.677,-3.296
129.448,approach,-30.079,-240.677,-3.235
129.482,approach,-30.079,-240.677,-3.186
129.514,approach,-30.079,-240.677,-3.137
129.548,approach,-30.078,-240.677,-3.088
129.583,approach,-30.078,-240.677,-3.039
129.615,approach,-30.078,-240.677,-2.991
129.649,approach,-30.078,-240.677,-2.930
129.683,approach,-30.077,-240.677,-2.881
129.715,approach,-30.077,-240.677,-2.833
129.750,approach,-30.077,-240.677,-2.784
129.783,approach,-30.076,-240.677,-2.736
129.815,approach,-30.076,-240.677,-2.688
129.849,approach,-30.075,-240.677,-2.627
129.883,approach,-30.075,-240.677,-2.579
129.915,approach,-30.074,-240.677,-2.531
129.949,approach,-30.074,-240.677,-2.483
129.983,approach,-30.073,-240.677,-2.435
130.015,approach,-30.072,-240.677,-2.387
130.049,approach,-30.071,-240.678,-2.328
130.083,approach,-30.070,-240.678,-2.280
130.115,approach,-30.069,-240.678,-2.232
130.149,approach,-30.068,-240.679,-2.184
130.183,approach,-30.068,-240.679,-2.136
130.215,approach,-30.067,-240.679,-2.088
130.249,approach,-30.066,-240.679,-2.028
130.283,approach,-30.065,-240.679,-1.981
130.315,approach,-30.065,-240.679,-1.935
130.349,approach,-30.064,-240.679,-1.889
130.383,approach,-30.064,-240.679,-1.845
130.415,approach,-30.064,-240.679,-1.802
130.449,approach,-30.063,-240.679,-1.751
130.483,approach,-30.063,-240.679,-1.712
130.515,approach,-30.063,-240.678,-1.674
130.549,approach,-30.063,-240.678,-1.637
