elapsed_sec,phase,north_m,east_m,down_m
0.015702696000062133,takeoff,0.05312545225024223,0.08876041322946548,-0.03491401672363281
0.04769522800006598,takeoff,0.05283376947045326,0.0873306542634964,-0.03434109687805176
0.08166693900011524,takeoff,0.052707672119140625,0.08613178879022598,-0.03360772132873535
0.11573448599983749,takeoff,0.05272778496146202,0.08485065400600433,-0.03258538246154785
0.14768819899973096,takeoff,0.05271944776177406,0.08390778303146362,-0.031744956970214844
0.18167046700000355,takeoff,0.05271424725651741,0.08305193483829498,-0.030916690826416016
0.21651455599976543,takeoff,0.05274267867207527,0.08224904537200928,-0.03011155128479004
0.24980516899995564,takeoff,0.0524400994181633,0.08133472502231598,-0.029137134552001953
0.28484031600009985,takeoff,0.052141740918159485,0.08048108965158463,-0.028172016143798828
0.3188826349996816,takeoff,0.05174223706126213,0.07948476821184158,-0.026932954788208008
0.35078840400001354,takeoff,0.05141378566622734,0.07874322682619095,-0.025949954986572266
0.3847983569999087,takeoff,0.05112539604306221,0.07808711379766464,-0.025046825408935547
0.4188325840000289,takeoff,0.05104319751262665,0.07754838466644287,-0.02419281005859375
0.4518706039998506,takeoff,0.051352858543395996,0.07715567201375961,-0.023522138595581055
0.48584339799981535,takeoff,0.051717888563871384,0.0767713189125061,-0.02283787727355957
0.5199960029999602,takeoff,0.05221707746386528,0.0762418583035469,-0.021847009658813477
0.5518262359996697,takeoff,0.052614301443099976,0.07582559436559677,-0.020971298217773438
0.5858617280000544,takeoff,0.05299565941095352,0.07538891583681107,-0.02006816864013672
0.6199496609997368,takeoff,0.05335249751806259,0.07498064637184143,-0.019074440002441406
0.6519372699999622,takeoff,0.05371115729212761,0.07465116679668427,-0.01798868179321289
0.6858359909997489,takeoff,0.05409279838204384,0.07439596951007843,-0.01684856414794922
0.7199251429997275,takeoff,0.05459607020020485,0.07408460229635239,-0.015406608581542969
0.7529137090000404,takeoff,0.05498342216014862,0.07381941378116608,-0.014210939407348633
0.7869377019997046,takeoff,0.05537840723991394,0.07355184853076935,-0.012984275817871094
0.821026098999937,takeoff,0.05578695610165596,0.07326756417751312,-0.01170969009399414
0.8529813289997037,takeoff,0.056280363351106644,0.07298412919044495,-0.010446786880493164
0.8868905199997243,takeoff,0.05684731528162956,0.07266291230916977,-0.009319305419921875
0.9209980040000119,takeoff,0.057561203837394714,0.07214441150426865,-0.008112430572509766
0.9528826910000134,takeoff,0.05797669291496277,0.07161235064268112,-0.007294893264770508
0.986885669000003,takeoff,0.05846557021141052,0.0709877759218216,-0.006471157073974609
1.0210988189996897,takeoff,0.058959055691957474,0.07029100507497787,-0.005635976791381836
1.0539796099997147,takeoff,0.05941329523921013,0.06953229755163193,-0.0047760009765625
1.0880207109998992,takeoff,0.05983467027544975,0.06869098544120789,-0.0038928985595703125
1.1222976429999107,takeoff,0.06036554276943207,0.06758813560009003,-0.0028121471405029297
1.1540287660000104,takeoff,0.06081640347838402,0.06671573966741562,-0.0020110607147216797
1.187968200999876,takeoff,0.061317287385463715,0.06583710014820099,-0.0013594627380371094
1.2224223839998558,takeoff,0.06187897175550461,0.06497440487146378,-0.0007586479187011719
1.2540297619998455,takeoff,0.06252963095903397,0.06410107761621475,-0.0002181529998779297
1.287934488999781,takeoff,0.06326279789209366,0.06324739754199982,0.0002658367156982422
1.3226806519996899,takeoff,0.06429779529571533,0.06219976767897606,0.0008013248443603516
1.3539996269996664,takeoff,0.06519907712936401,0.061350107192993164,0.001216888427734375
1.3879709359998742,takeoff,0.06612847745418549,0.06045616418123245,0.001645803451538086
1.4223756159999539,takeoff,0.06706149876117706,0.05952812731266022,0.0020728111267089844
1.4539825899996686,takeoff,0.06797640025615692,0.058601487427949905,0.002484560012817383
1.487987080000039,takeoff,0.0688406303524971,0.057714663445949554,0.0029153823852539062
1.5223240299997087,takeoff,0.06976506114006042,0.056631993502378464,0.0034766197204589844
1.5539719389998936,takeoff,0.07039687037467957,0.055793892592191696,0.003917694091796875
1.5879873419999058,takeoff,0.07092336565256119,0.05500222370028496,0.00434422492980957
1.6224471319997065,takeoff,0.07138458639383316,0.05427117645740509,0.004816770553588867
1.6540912779996688,takeoff,0.0718088448047638,0.053578414022922516,0.005326747894287109
1.6879928359999212,takeoff,0.07220502197742462,0.05287695676088333,0.005838632583618164
1.7224445609999748,takeoff,0.07267707586288452,0.051981959491968155,0.0064389705657958984
1.7539558849998684,takeoff,0.07300730794668198,0.05132225900888443,0.00693202018737793
1.7879611589996784,takeoff,0.07324420660734177,0.050748713314533234,0.007413625717163086
1.8222240780000902,takeoff,0.07341352105140686,0.05026081204414368,0.007884502410888672
1.8539598809998097,takeoff,0.07354526221752167,0.04984830692410469,0.008333683013916016
1.8879906560000563,takeoff,0.07364924252033234,0.04950951039791107,0.008718013763427734
1.9224686140000813,takeoff,0.07376298308372498,0.04919402301311493,0.00908041000366211
1.9550016359999063,takeoff,0.07389189302921295,0.04901719465851784,0.008839607238769531
1.9890521029997217,takeoff,0.07402095198631287,0.04890192300081253,0.008616447448730469
2.023769424999955,takeoff,0.07416760176420212,0.04885472357273102,0.008444786071777344
2.054996693999783,takeoff,0.07432170957326889,0.048863932490348816,0.008280754089355469
2.0890222519997224,takeoff,0.07449871301651001,0.04893450811505318,0.008143186569213867
2.123798663999878,takeoff,0.0748431459069252,0.04906808212399483,0.007984399795532227
2.1550015749999147,takeoff,0.07523100078105927,0.0491429902613163,0.007872343063354492
2.188980324000113,takeoff,0.07572005689144135,0.04915817081928253,0.007784843444824219
2.223724372000106,takeoff,0.07634633034467697,0.04912148416042328,0.007709980010986328
2.255032005999965,takeoff,0.07710099965333939,0.04900805652141571,0.0076601505279541016
2.2890186239997092,takeoff,0.07785997539758682,0.04881498962640762,0.007747173309326172
2.3232980580000913,takeoff,0.07871876657009125,0.04832391440868378,0.007908344268798828
2.355028404999757,takeoff,0.0790828987956047,0.04772588983178139,0.00789189338684082
2.389011596999808,takeoff,0.07901462912559509,0.04699338600039482,0.007532358169555664
2.4231604950000474,takeoff,0.07861612737178802,0.04603349417448044,0.0065228939056396484
2.455018801999813,takeoff,0.0778583288192749,0.04474591836333275,0.004497051239013672
2.488991490999979,takeoff,0.07663598656654358,0.04319912567734718,0.0011379718780517578
2.523305622999942,takeoff,0.074354387819767,0.041025713086128235,-0.005317211151123047
2.5550168569998277,takeoff,0.0718875378370285,0.039187829941511154,-0.01254725456237793
2.589032495000083,takeoff,0.06875278800725937,0.037369921803474426,-0.02186894416809082
2.623061296999822,takeoff,0.06491120159626007,0.035618528723716736,-0.03351020812988281
2.655040561000078,takeoff,0.060289349406957626,0.03391292318701744,-0.047628164291381836
2.6890029890000733,takeoff,0.05485053360462189,0.03229755535721779,-0.06434297561645508
2.723076787000082,takeoff,0.04692043736577034,0.030528252944350243,-0.08893442153930664
2.7550213699996675,takeoff,0.03966526314616203,0.029384523630142212,-0.11174225807189941
2.7890161049999733,takeoff,0.031617868691682816,0.028497690334916115,-0.13732266426086426
2.8231700440001077,takeoff,0.022906478494405746,0.027773579582571983,-0.16544103622436523
2.8550338719996944,takeoff,0.013533802703022957,0.027260560542345047,-0.19626212120056152
2.8889642720000666,takeoff,0.0036165923811495304,0.026943106204271317,-0.2298121452331543
2.923035787000117,takeoff,-0.009421546012163162,0.02677725814282894,-0.27550482749938965
2.9551046550000137,takeoff,-0.02033713273704052,0.026878956705331802,-0.3151266574859619
2.9890038029998323,takeoff,-0.03151916339993477,0.02725118212401867,-0.3573760986328125
3.0233713089996854,takeoff,-0.042836181819438934,0.027833117172122,-0.4022483825683594
3.0550082919999113,takeoff,-0.05417622625827789,0.028628753498196602,-0.449782133102417
3.088999939999667,takeoff,-0.06543992459774017,0.029608819633722305,-0.4997694492340088
3.123514769999929,takeoff,-0.07932025194168091,0.031177381053566933,-0.5657870769500732
3.155030572999749,takeoff,-0.09024650603532791,0.03272702172398567,-0.6215169429779053
3.1889850509996904,takeoff,-0.100860096514225,0.0344531387090683,-0.6798355579376221
3.2232441829996787,takeoff,-0.11113547533750534,0.03628702461719513,-0.7407052516937256
3.2549643709999145,takeoff,-0.12107287347316742,0.03817736729979515,-0.8041269779205322
3.2890364099998806,takeoff,-0.13068291544914246,0.0401461198925972,-0.8700242042541504
3.3232744629999615,takeoff,-0.1421189308166504,0.04256952926516533,-0.9558238983154297
3.3549829660000796,takeoff,-0.1507422924041748,0.044439736753702164,-1.027160406112671
3.3890194969999357,takeoff,-0.15891334414482117,0.04625929147005081,-1.1008923053741455
3.4232050259997777,takeoff,-0.1666259616613388,0.04797801375389099,-1.1769754886627197
3.4549786909997238,takeoff,-0.173849418759346,0.0495290532708168,-1.2552075386047363
3.4890282759997717,takeoff,-0.18056641519069672,0.0509214922785759,-1.3353188037872314
3.523271171000033,takeoff,-0.18838544189929962,0.052357178181409836,-1.4377315044403076
3.5549708240000655,takeoff,-0.19417637586593628,0.05323294177651405,-1.5209872722625732
3.589030354999977,takeoff,-0.19956572353839874,0.05391747131943703,-1.6050164699554443
3.623308068999904,takeoff,-0.20455732941627502,0.05434992164373398,-1.6897046566009521
3.6549546870000995,takeoff,-0.20921169221401215,0.05458095297217369,-1.774860143661499
3.68895399899975,takeoff,-0.21348163485527039,0.05458897352218628,-1.8603489398956299
3.7231531110001015,takeoff,-0.21838989853858948,0.05430622026324272,-1.9675195217132568
3.7549723189999895,takeoff,-0.221989706158638,0.05382169038057327,-2.0533840656280518
3.7889695329999995,takeoff,-0.22530852258205414,0.053069040179252625,-2.13935923576355
3.82301824499973,takeoff,-0.2283974587917328,0.05201919376850128,-2.225431203842163
3.8549408589997256,takeoff,-0.23117688298225403,0.05068475753068924,-2.3115265369415283
3.8889425699999265,takeoff,-0.23372258245944977,0.0490528866648674,-2.397639036178589
3.9230813409999428,takeoff,-0.23664306104183197,0.046594563871622086,-2.505194902420044
3.954949791999752,takeoff,-0.2387535721063614,0.04432344809174538,-2.591160535812378
3.9889553019997948,takeoff,-0.24068178236484528,0.04177848622202873,-2.6770331859588623
4.023046024999985,takeoff,-0.24241472780704498,0.038955122232437134,-2.7628209590911865
4.05493733000003,takeoff,-0.2439524084329605,0.035828519612550735,-2.8485491275787354
4.088938305999818,takeoff,-0.24531738460063934,0.03238201513886452,-2.9342167377471924
4.123051223999937,takeoff,-0.24675804376602173,0.027692541480064392,-3.041229486465454
4.155003766999926,takeoff,-0.2477250099182129,0.023670006543397903,-3.126845121383667
4.188961484999709,takeoff,-0.24854767322540283,0.01937653310596943,-3.212509870529175
4.223092900999745,takeoff,-0.2491837441921234,0.01483691856265068,-3.298203706741333
4.254946605999976,takeoff,-0.24961687624454498,0.010148584842681885,-3.3839309215545654
4.288967401999798,takeoff,-0.24986103177070618,0.005317190662026405,-3.4697229862213135
4.323085524999897,takeoff,-0.24993553757667542,-0.0009259085636585951,-3.5770323276519775
4.35495042499997,takeoff,-0.2498374879360199,-0.00609385222196579,-3.6629669666290283
4.3889442699996835,takeoff,-0.24956843256950378,-0.011348608881235123,-3.748983144760132
4.423058535000109,takeoff,-0.24922600388526917,-0.016707709059119225,-3.8350775241851807
4.454973916999734,takeoff,-0.24887073040008545,-0.02213873155415058,-3.921302556991577
4.488986736999777,takeoff,-0.2485365867614746,-0.027601560577750206,-4.0077056884765625
4.523105991999728,takeoff,-0.24810472130775452,-0.03439020738005638,-4.115969657897949
4.554960997999842,takeoff,-0.24768078327178955,-0.03968006744980812,-4.202783584594727
4.588958759999969,takeoff,-0.24716611206531525,-0.044808607548475266,-4.289815902709961
4.623027628999807,takeoff,-0.24651363492012024,-0.04974951222538948,-4.377033233642578
4.654961433999688,takeoff,-0.24566017091274261,-0.05447456240653992,-4.464378356933594
4.68891043099984,takeoff,-0.24462653696537018,-0.05903191491961479,-4.551849365234375
4.723054949000016,takeoff,-0.24305081367492676,-0.06454980373382568,-4.661319732666016
4.754995834000056,takeoff,-0.2415541112422943,-0.06882712990045547,-4.749018669128418
4.788970930999767,takeoff,-0.2398417890071869,-0.0729619711637497,-4.836877822875977
4.823053791999882,takeoff,-0.2378719300031662,-0.07691720873117447,-4.924914360046387
4.854945166000107,takeoff,-0.23561055958271027,-0.08067601174116135,-5.013119697570801
4.888916771999902,takeoff,-0.2330174595117569,-0.0841921716928482,-5.101473808288574
4.923011806999966,takeoff,-0.22930826246738434,-0.08822789043188095,-5.212052345275879
4.954945898999995,takeoff,-0.22592732310295105,-0.09121281653642654,-5.30063533782959
4.988944615000037,takeoff,-0.22219568490982056,-0.09395435452461243,-5.389351844787598
5.023043795999911,takeoff,-0.2181546986103058,-0.09642596542835236,-5.478120803833008
5.054947205999724,takeoff,-0.21379409730434418,-0.09865681082010269,-5.566915512084961
5.088918213999932,takeoff,-0.20913228392601013,-0.10066348314285278,-5.655763626098633
5.123009868999816,takeoff,-0.20300263166427612,-0.10285218060016632,-5.766904830932617
5.154952048999803,takeoff,-0.197898268699646,-0.10440413653850555,-5.855934143066406
5.188899421999849,takeoff,-0.19265687465667725,-0.10574041306972504,-5.945091247558594
5.223004783999841,takeoff,-0.18730954825878143,-0.10690103471279144,-6.034383773803711
5.254958405999787,takeoff,-0.1818879395723343,-0.1079021617770195,-6.123802185058594
5.288921711000057,takeoff,-0.1764148473739624,-0.10874279588460922,-6.213410377502441
5.322994794999886,takeoff,-0.16949665546417236,-0.10956665128469467,-6.325650215148926
5.354952847999812,takeoff,-0.16388612985610962,-0.11006525158882141,-6.4155683517456055
5.388909626999975,takeoff,-0.1582408845424652,-0.11035936325788498,-6.505552291870117
5.42298123899991,takeoff,-0.1526033580303192,-0.11040246486663818,-6.595610618591309
5.454954412999996,takeoff,-0.14697027206420898,-0.11023329198360443,-6.685744285583496
5.4889011559998835,takeoff,-0.14134210348129272,-0.10993620753288269,-6.775952339172363
5.522965090000071,takeoff,-0.13431289792060852,-0.10943538695573807,-6.888833999633789
5.556054848999793,takeoff,-0.1287107914686203,-0.10893559455871582,-6.979243278503418
5.590082738000092,takeoff,-0.1231662929058075,-0.10828729718923569,-7.069777488708496
5.624234075000004,takeoff,-0.11763833463191986,-0.1075187623500824,-7.160432815551758
5.6560919899998225,takeoff,-0.11214859038591385,-0.10665919631719589,-7.251190185546875
5.690053210999849,takeoff,-0.10669324547052383,-0.10564155876636505,-7.342042922973633
5.72418089599978,takeoff,-0.09993387013673782,-0.10411271452903748,-7.455714225769043
5.756060441000045,takeoff,-0.0945667251944542,-0.1027284637093544,-7.546747207641602
5.790030932999798,takeoff,-0.08926384150981903,-0.10119815170764923,-7.637927055358887
5.824280375999933,takeoff,-0.08404551446437836,-0.09952453523874283,-7.729236602783203
5.856047464999847,takeoff,-0.07891000062227249,-0.0977688655257225,-7.820655822753906
5.890022458999738,takeoff,-0.07383716106414795,-0.09595737606287003,-7.912217140197754
5.92417651400001,takeoff,-0.06752959638834,-0.09361352771520615,-8.026867866516113
5.956104553999921,takeoff,-0.06251183152198792,-0.09161524474620819,-8.11876392364502
5.990014335000069,takeoff,-0.05760256201028824,-0.08950424194335938,-8.210709571838379
6.024262837999686,takeoff,-0.05282055214047432,-0.08735017478466034,-8.302701950073242
6.056078205999711,takeoff,-0.04819817095994949,-0.08513952791690826,-8.394707679748535
6.0900811629999225,takeoff,-0.04371930658817291,-0.08284424245357513,-8.486763000488281
6.124107008999999,takeoff,-0.03824681416153908,-0.07984966784715652,-8.601897239685059
6.1560665080000945,takeoff,-0.03396018594503403,-0.07733368873596191,-8.694077491760254
6.190032485999836,takeoff,-0.029857652261853218,-0.07467501610517502,-8.786355018615723
6.224199867999687,takeoff,-0.025968866422772408,-0.0718422383069992,-8.878734588623047
6.257714644999851,takeoff,-0.022248780354857445,-0.06892237812280655,-8.971193313598633
6.29167254999993,takeoff,-0.01876899227499962,-0.06593327969312668,-9.063729286193848
6.325894223999967,takeoff,-0.014798113144934177,-0.06210015341639519,-9.179460525512695
6.357715975999781,takeoff,-0.011886711232364178,-0.05894229933619499,-9.272096633911133
6.391692441000032,takeoff,-0.009228101931512356,-0.055764149874448776,-9.36473560333252
6.425706785999864,takeoff,-0.00686568021774292,-0.05254948139190674,-9.457374572753906
6.457594169999993,takeoff,-0.004766147583723068,-0.04926475137472153,-9.550007820129395
6.491674872999738,takeoff,-0.002922167768701911,-0.045941099524497986,-9.64272689819336
6.52581017600005,takeoff,-0.0008964284206740558,-0.0417913943529129,-9.75869369506836
6.557585576999827,takeoff,0.00046218116767704487,-0.03850342333316803,-9.851590156555176
6.591714328999842,takeoff,0.0016276066889986396,-0.035278838127851486,-9.944623947143555
6.625661953999952,takeoff,0.002658059587702155,-0.03215743601322174,-10.037773132324219
6.657596690999981,takeoff,0.0035706704948097467,-0.02914712205529213,-10.131072998046875
6.691671559000042,takeoff,0.0043632700107991695,-0.02623680979013443,-10.224557876586914
6.725727344000006,takeoff,0.005190946627408266,-0.022746410220861435,-10.341686248779297
6.757605770999817,takeoff,0.005718768108636141,-0.020039206370711327,-10.43547248840332
6.791644075000022,takeoff,0.006065442692488432,-0.017380597069859505,-10.529342651367188
6.82584880200011,takeoff,0.006236346438527107,-0.014741828665137291,-10.623250961303711
6.857643016000111,takeoff,0.006327838636934757,-0.012104262597858906,-10.717203140258789
6.891706592999981,takeoff,0.006388287525624037,-0.009487136267125607,-10.811213493347168
6.925812707999739,takeoff,0.006379775702953339,-0.006214651744812727,-10.928766250610352
6.957643486000052,takeoff,0.006350747309625149,-0.0037062198389321566,-11.022809028625488
6.991611379999995,takeoff,0.006321272812783718,-0.0013342610327526927,-11.116859436035156
7.0258706800000255,takeoff,0.006285154260694981,0.0009114609565585852,-11.210926055908203
7.057584835999933,takeoff,0.006246545817703009,0.003087664023041725,-11.305026054382324
7.091640666999865,takeoff,0.006212722510099411,0.005151710473001003,-11.399203300476074
7.1257385240000986,takeoff,0.006160729099065065,0.007595693226903677,-11.516998291015625
7.157577487999788,takeoff,0.006144125014543533,0.009454004466533661,-11.611273765563965
7.1916058530000555,takeoff,0.006132993381470442,0.011253238655626774,-11.705615997314453
7.225688656999864,takeoff,0.006143149454146624,0.012967043556272984,-11.800032615661621
7.257593516999805,takeoff,0.006149819120764732,0.014623950235545635,-11.894510269165039
7.2916130889998385,takeoff,0.006146258674561977,0.01622154377400875,-11.989023208618164
7.325772922999931,takeoff,0.006078158970922232,0.01819712668657303,-12.10720443725586
7.357642816999942,takeoff,0.005956619046628475,0.01978461444377899,-12.20177936553955
7.3916077629996835,takeoff,0.005819948390126228,0.021382957696914673,-12.296381950378418
7.425794745000076,takeoff,0.005617475137114525,0.022971345111727715,-12.391008377075195
7.457636913999977,takeoff,0.005335562862455845,0.024542443454265594,-12.485654830932617
7.491605982999772,takeoff,0.004976948257535696,0.026155170053243637,-12.580303192138672
7.525751035999747,takeoff,0.004431305918842554,0.028250377625226974,-12.698641777038574
7.557596081999691,takeoff,0.00397742073982954,0.029926316812634468,-12.793313980102539
7.591653893000057,takeoff,0.003520677797496319,0.03164217993617058,-12.887956619262695
7.625750242999857,takeoff,0.003038139082491398,0.033387262374162674,-12.982569694519043
7.657678200999726,takeoff,0.002557000145316124,0.03510314226150513,-13.077153205871582
7.691600835999907,takeoff,0.0021164885256439447,0.036762870848178864,-13.171701431274414
7.725777449999896,takeoff,0.0016244325088337064,0.03881825506687164,-13.289924621582031
7.777047767000113,takeoff,0.0012210720451548696,0.040467407554388046,-13.384511947631836
7.814887949999957,takeoff,0.0007918273331597447,0.04214659705758095,-13.479082107543945
7.847038046999842,takeoff,0.00034372825757600367,0.043795015662908554,-13.573631286621094
7.880860030999884,takeoff,-8.276882726931944e-05,0.04539644345641136,-13.668148040771484
7.914860203999979,takeoff,-0.0005545264575630426,0.047341834753751755,-13.786243438720703
7.947404451999773,takeoff,-0.0009210460702888668,0.048831816762685776,-13.880712509155273
7.980850263999855,takeoff,-0.0013015986187383533,0.05023900046944618,-13.97519302368164
8.014845999000045,takeoff,-0.0016880399780347943,0.05158919841051102,-14.069683074951172
8.046968491999905,takeoff,-0.002074745250865817,0.05287715792655945,-14.164180755615234
8.08085339399986,takeoff,-0.002503655618056655,0.054065775126218796,-14.25869369506836
8.11486097399984,takeoff,-0.0031060336623340845,0.0554085373878479,-14.376834869384766
8.146883607999825,takeoff,-0.003650184255093336,0.05636369436979294,-14.471343994140625
8.180859289999717,takeoff,-0.004284839611500502,0.0572306327521801,-14.56587028503418
8.214879524000025,takeoff,-0.004999888129532337,0.05804023519158363,-14.660453796386719
8.246877099999892,takeoff,-0.005823782179504633,0.05881401523947716,-14.755142211914062
8.280861640999774,takeoff,-0.006807154975831509,0.05957479774951935,-14.849958419799805
8.3148599809997,takeoff,-0.008251206018030643,0.06050802767276764,-14.96864128112793
8.346867903999737,takeoff,-0.009485237300395966,0.06119443476200104,-15.063724517822266
8.380849694000062,takeoff,-0.010755381546914577,0.0617850162088871,-15.158889770507812
8.414847731000009,takeoff,-0.012098398990929127,0.06229314208030701,-15.254167556762695
8.447511028999998,takeoff,-0.013480100780725479,0.06274013221263885,-15.349557876586914
8.480865618999815,takeoff,-0.014875770546495914,0.06315287947654724,-15.445056915283203
8.514854157999707,takeoff,-0.016610413789749146,0.06367747485637665,-15.564556121826172
8.54693192700006,takeoff,-0.017947668209671974,0.06408572196960449,-15.660263061523438
8.580868051999914,takeoff,-0.01921122707426548,0.06446826457977295,-15.756078720092773
8.614862156000072,takeoff,-0.020382076501846313,0.06488873064517975,-15.851985931396484
8.646971788999963,takeoff,-0.021449947729706764,0.06532613933086395,-15.947919845581055
8.680865204999918,takeoff,-0.02240503579378128,0.06581373512744904,-16.04391098022461
8.714880546999666,takeoff,-0.02349529229104519,0.0664663016796112,-16.163990020751953
8.747042199999669,takeoff,-0.02413405478000641,0.06687118858098984,-16.236082077026367
8.780904120999821,takeoff,-0.025192266330122948,0.0675416812300682,-16.356260299682617
8.814851104999889,takeoff,-0.026070592924952507,0.06807328015565872,-16.45241928100586
8.846820635999848,takeoff,-0.027021395042538643,0.06853420287370682,-16.54859733581543
8.880884584999876,takeoff,-0.02807607129216194,0.06890837848186493,-16.644784927368164
8.914865584999916,takeoff,-0.02949366346001625,0.06925475597381592,-16.76497459411621
8.947265906999746,takeoff,-0.030701210722327232,0.06945084780454636,-16.86113166809082
8.98087174300008,takeoff,-0.031931087374687195,0.06956459581851959,-16.957292556762695
9.014872866999667,takeoff,-0.033151473850011826,0.0696084126830101,-17.05343246459961
9.047477825999977,takeoff,-0.03438849374651909,0.06957417726516724,-17.14952278137207
9.080861572999765,takeoff,-0.035665202885866165,0.06946739554405212,-17.245588302612305
9.11485929399987,takeoff,-0.037289492785930634,0.06923559308052063,-17.365697860717773
9.146931810999831,takeoff,-0.03860952705144882,0.06898756325244904,-17.461824417114258
9.180870171999686,takeoff,-0.0399000346660614,0.06863833218812943,-17.557952880859375
9.214886253999794,takeoff,-0.04118785634636879,0.06818907707929611,-17.654125213623047
9.247042287000113,takeoff,-0.04244270175695419,0.06768492609262466,-17.750335693359375
9.280865912000081,takeoff,-0.04364001378417015,0.06716705113649368,-17.846609115600586
9.3148525470001,takeoff,-0.04503156617283821,0.06648457795381546,-17.96704864501953
9.348011703999873,takeoff,-0.04605259746313095,0.0659882202744484,-18.063495635986328
9.382041428999855,takeoff,-0.04698283597826958,0.06555983424186707,-18.15997886657715
9.41598397000007,takeoff,-0.047841038554906845,0.06518085300922394,-18.256473541259766
9.448044052000114,takeoff,-0.04857787862420082,0.0647783949971199,-18.352914810180664
9.482013028999972,takeoff,-0.04918936267495155,0.0643363893032074,-18.44930648803711
9.515983629999937,takeoff,-0.04976789280772209,0.06374002248048782,-18.569711685180664
9.548020966999957,takeoff,-0.05007609724998474,0.06326509267091751,-18.665966033935547
9.582007764000082,takeoff,-0.05026286840438843,0.06272076070308685,-18.7622127532959
9.615955905999726,takeoff,-0.050361376255750656,0.062157660722732544,-18.858428955078125
9.647990323999693,takeoff,-0.050388991832733154,0.061543893069028854,-18.95459747314453
9.681973102000029,takeoff,-0.050260029733181,0.060850393027067184,-19.05076789855957
9.715978858999733,takeoff,-0.0498526468873024,0.05983491241931915,-19.170930862426758
9.748136574,takeoff,-0.049378909170627594,0.058917105197906494,-19.267045974731445
9.781976983999812,takeoff,-0.04879709333181381,0.05791221186518669,-19.363107681274414
9.815976331000002,takeoff,-0.04812423512339592,0.056868650019168854,-19.45915985107422
9.848001227999703,takeoff,-0.04738614708185196,0.05577636510133743,-19.555217742919922
9.882016571999884,takeoff,-0.0466490164399147,0.05468688905239105,-19.65127944946289
9.915985067999827,takeoff,-0.045743636786937714,0.053251009434461594,-19.771381378173828
9.948076801999832,takeoff,-0.04496219754219055,0.052023280411958694,-19.867454528808594
9.982011480999972,takeoff,-0.04416238144040108,0.05074558034539223,-19.96350860595703
10.015979247999894,takeoff,-0.04334607347846031,0.049439772963523865,-20.05953598022461
10.04799444199989,takeoff,-0.042524147778749466,0.048077184706926346,-20.15560531616211
10.082010011999955,takeoff,-0.04175889492034912,0.046690087765455246,-20.251707077026367
10.115985940999963,takeoff,-0.040980156511068344,0.04480629786849022,-20.372013092041016
10.148440551000022,takeoff,-0.04047957435250282,0.04317827522754669,-20.46834373474121
10.182007690999853,takeoff,-0.04002790153026581,0.041466087102890015,-20.56473731994629
10.216014567999991,takeoff,-0.039588168263435364,0.03970972076058388,-20.66114616394043
10.248009402999742,takeoff,-0.03915126621723175,0.03790867701172829,-20.757600784301758
10.28316734100008,takeoff,-0.03875792399048805,0.036022160202264786,-20.854084014892578
10.31711709199999,takeoff,-0.03821636363863945,0.03354397043585777,-20.97478675842285
10.349124076999942,takeoff,-0.03778237849473953,0.0314955860376358,-21.071395874023438
10.38316230700002,takeoff,-0.03735392168164253,0.02942553535103798,-21.16805076599121
10.417120687000079,takeoff,-0.03695094212889671,0.027304206043481827,-21.264720916748047
10.449152667999897,takeoff,-0.03658566251397133,0.025110160931944847,-21.361417770385742
10.483138934999715,takeoff,-0.036260638386011124,0.022868504747748375,-21.45811653137207
10.515135793999889,takeoff,-0.03598133474588394,0.02055632323026657,-21.554838180541992
10.549126238000099,takeoff,-0.03571859374642372,0.017465587705373764,-21.67574691772461
10.58314643499989,takeoff,-0.03554844111204147,0.014868848025798798,-21.772441864013672
10.61511382899971,takeoff,-0.035466521978378296,0.01223178580403328,-21.869125366210938
10.649118690999785,takeoff,-0.03548862040042877,0.009585781022906303,-21.965845108032227
10.683135586999924,takeoff,-0.03560406714677811,0.006941809784621,-22.06262969970703
10.715123233999748,takeoff,-0.03575776144862175,0.004322296939790249,-22.15946388244629
10.749166241999774,takeoff,-0.03596741706132889,0.0010839528404176235,-22.28045654296875
10.783193545999893,takeoff,-0.036099497228860855,-0.0014579922426491976,-22.377201080322266
10.816449855999963,takeoff,-0.036165330559015274,-0.003916039131581783,-22.473901748657227
10.850895901000058,takeoff,-0.03616384416818619,-0.006231829058378935,-22.57056427001953
10.885742034000032,takeoff,-0.03610750287771225,-0.008373207412660122,-22.667173385620117
10.917711517000043,takeoff,-0.03600305691361427,-0.010355492122471333,-22.763731002807617
10.951727149999897,takeoff,-0.03581060469150543,-0.012650386430323124,-22.88434410095215
10.98575499799972,takeoff,-0.03558963164687157,-0.01436162181198597,-22.980792999267578
11.017675837999832,takeoff,-0.03531960770487785,-0.015965178608894348,-23.077190399169922
11.052789052999742,takeoff,-0.03501628339290619,-0.017463460564613342,-23.173519134521484
11.087777748999997,takeoff,-0.0347118154168129,-0.018866024911403656,-23.269779205322266
11.119726674000049,takeoff,-0.03440466150641441,-0.02010451629757881,-23.366050720214844
11.153771629999937,takeoff,-0.03401600196957588,-0.02144049108028412,-23.486398696899414
11.187777016999917,takeoff,-0.033708445727825165,-0.022380558773875237,-23.582672119140625
11.219759500999771,takeoff,-0.033422328531742096,-0.023190241307020187,-23.67892837524414
11.253755269000067,takeoff,-0.03313977271318436,-0.02387385070323944,-23.775178909301758
11.287780786999974,takeoff,-0.03281546011567116,-0.02444133162498474,-23.871410369873047
11.319727439999951,takeoff,-0.03243911638855934,-0.02491052635014057,-23.967649459838867
11.353738000999783,takeoff,-0.03192054107785225,-0.025332747027277946,-24.087886810302734
11.387827898000069,takeoff,-0.031490396708250046,-0.025564059615135193,-24.184019088745117
11.419737049000105,takeoff,-0.031055329367518425,-0.02569335699081421,-24.280105590820312
11.454841958000088,takeoff,-0.03058044984936714,-0.025724167004227638,-24.37615394592285
11.488876343999891,takeoff,-0.030036630108952522,-0.025656456127762794,-24.472192764282227
11.522154423999837,takeoff,-0.029424723237752914,-0.025478899478912354,-24.56824493408203
11.55917665600009,takeoff,-0.028574733063578606,-0.025101188570261,-24.68829345703125
11.597975740000038,takeoff,-0.02780306152999401,-0.02466750331223011,-24.784317016601562
11.632401013999697,takeoff,-0.02694406546652317,-0.024103622883558273,-24.880352020263672
11.669161538000026,takeoff,-0.02600543014705181,-0.023410065099596977,-24.976394653320312
11.706431159999738,takeoff,-0.02502186968922615,-0.022608915343880653,-25.072444915771484
11.738386634000108,takeoff,-0.024004364386200905,-0.02173784002661705,-25.16852378845215
11.774639494999974,takeoff,-0.02265271544456482,-0.020598556846380234,-25.28866195678711
11.80862400199976,takeoff,-0.021491756662726402,-0.019691795110702515,-25.38479232788086
11.840559158999895,takeoff,-0.0202929750084877,-0.018818125128746033,-25.480920791625977
11.874624651999966,takeoff,-0.019047392532229424,-0.018003936856985092,-25.57703971862793
11.908626072000061,takeoff,-0.017752794548869133,-0.017229964956641197,-25.67317008972168
11.94058190099986,takeoff,-0.01639416441321373,-0.01646443083882332,-25.769344329833984
11.97463804600011,takeoff,-0.014585242606699467,-0.015459551475942135,-25.889625549316406
12.011742201999823,takeoff,-0.013063070364296436,-0.01461765356361866,-25.985897064208984
12.048858202999781,takeoff,-0.011509321630001068,-0.013815081678330898,-26.082172393798828
12.082816677999745,takeoff,-0.009910027496516705,-0.01302578579634428,-26.17842674255371
12.114855370999976,takeoff,-0.00829758308827877,-0.012247241102159023,-26.274633407592773
12.149020264999763,takeoff,-0.006659896578639746,-0.01146220788359642,-26.370765686035156
12.182823952000035,takeoff,-0.004578001331537962,-0.010427421890199184,-26.490846633911133
12.214921670999956,takeoff,-0.0029201677534729242,-0.009532222524285316,-26.586904525756836
12.248838108999735,takeoff,-0.0013149164151400328,-0.008597063831984997,-26.683002471923828
12.2828040039999,takeoff,0.00025893293786793947,-0.007587609346956015,-26.77915382385254
12.314840327999718,takeoff,0.0018320276867598295,-0.00649991724640131,-26.875347137451172
12.348879649000082,takeoff,0.0033562497701495886,-0.005304199643433094,-26.971599578857422
12.382811998999841,takeoff,0.005145218223333359,-0.003695062594488263,-27.091936111450195
12.41483189399969,takeoff,0.006468587089329958,-0.0022723886650055647,-27.18806266784668
12.448812579999867,takeoff,0.007669540122151375,-0.0007309711072593927,-27.28360366821289
12.48336320999988,takeoff,0.008753985166549683,0.0009024605387821794,-27.378036499023438
12.514969027999996,takeoff,0.009712635539472103,0.002562243025749922,-27.470876693725586
12.548800738999944,takeoff,0.010519229806959629,0.004239120986312628,-27.561697006225586
12.58287993399972,takeoff,0.01129898987710476,0.0063238986767828465,-27.67182731628418
12.61488684699998,takeoff,0.011750562116503716,0.007963674142956734,-27.756832122802734
12.648904418999791,takeoff,0.012123405933380127,0.009532906115055084,-27.839021682739258
12.682996147999802,takeoff,0.012401589192450047,0.011017241515219212,-27.918230056762695
12.71484531599981,takeoff,0.012540625408291817,0.012407028116285801,-27.994386672973633
12.751035972999944,takeoff,0.012503303587436676,0.013685294426977634,-28.067514419555664
12.785034540999732,takeoff,0.012225589714944363,0.015148757956922054,-28.154756546020508
12.818647683000108,takeoff,0.011835062876343727,0.016234301030635834,-28.221195220947266
12.854419861999759,takeoff,0.011319917626678944,0.017215371131896973,-28.28478240966797
12.889657902999716,takeoff,0.010693141259253025,0.018054882064461708,-28.345603942871094
12.922678025000096,takeoff,0.009993663057684898,0.018793297931551933,-28.403907775878906
12.956638168999689,takeoff,0.009228359907865524,0.01940227672457695,-28.459651947021484
12.990629479999825,takeoff,0.008206389844417572,0.01999480091035366,-28.525955200195312
13.022722958000031,waypoint_1,0.0073205637745559216,0.020343182608485222,-28.57634735107422
13.056586573999994,waypoint_1,0.006318928673863411,0.020548895001411438,-28.624496459960938
13.090662249999696,waypoint_1,0.005237337201833725,0.020620986819267273,-28.670473098754883
13.122633445999782,waypoint_1,0.004173528403043747,0.02055373229086399,-28.714710235595703
13.156589255999734,waypoint_1,0.0031573218293488026,0.02034374140202999,-28.758604049682617
13.19064629200011,waypoint_1,0.0019477385794743896,0.01973637565970421,-28.813556671142578
13.222650359,waypoint_1,0.0009709933074191213,0.018526731058955193,-28.857309341430664
13.256624814999668,waypoint_1,-0.0001222975697601214,0.01620393805205822,-28.90056037902832
13.290624359000049,waypoint_1,-0.0015375788789242506,0.012235918082296848,-28.9429874420166
13.322614276999957,waypoint_1,-0.003384087234735489,0.006159166805446148,-28.984228134155273
13.35658836499988,waypoint_1,-0.005896632559597492,-0.002448776038363576,-29.0239200592041
13.39065192499993,waypoint_1,-0.010187250562012196,-0.01725821942090988,-29.070960998535156
13.422672859999693,waypoint_1,-0.014649956487119198,-0.03249206766486168,-29.10643768310547
13.456679009999789,waypoint_1,-0.02030044235289097,-0.05117328092455864,-29.13985824584961
13.490608649000023,waypoint_1,-0.027286304160952568,-0.07346426695585251,-29.171165466308594
13.522684386000037,waypoint_1,-0.03576242923736572,-0.09935618937015533,-29.20040512084961
13.557862559000114,waypoint_1,-0.04582681134343147,-0.1289270967245102,-29.22762680053711
13.594835774999865,waypoint_1,-0.06080181524157524,-0.1711599975824356,-29.259016036987305
13.627994804000082,waypoint_1,-0.0746326595544815,-0.20907902717590332,-29.282196044921875
13.664839278999807,waypoint_1,-0.09014817327260971,-0.2506520748138428,-29.30374526977539
13.699477087000105,waypoint_1,-0.1072312742471695,-0.2955593764781952,-29.323875427246094
13.730828046999704,waypoint_1,-0.12613001465797424,-0.34381628036499023,-29.342714309692383
13.76489434799987,waypoint_1,-0.14686089754104614,-0.39536958932876587,-29.360380172729492
13.799004150999735,waypoint_1,-0.17547263205051422,-0.4641430974006653,-29.381061553955078
13.830833569999868,waypoint_1,-0.20046481490135193,-0.522343099117279,-29.39663314819336
13.864836657000069,waypoint_1,-0.2273647040128708,-0.5832458138465881,-29.41144561767578
13.898996738999813,waypoint_1,-0.2562018632888794,-0.6466610431671143,-29.425567626953125
13.930814784999711,waypoint_1,-0.28694018721580505,-0.7123815417289734,-29.439109802246094
13.964756904999831,waypoint_1,-0.3193710148334503,-0.7801132798194885,-29.45221710205078
13.998933668000063,waypoint_1,-0.3623206913471222,-0.8674694895744324,-29.468067169189453
14.030801936999978,waypoint_1,-0.39830222725868225,-0.9392365217208862,-29.480388641357422
14.064767099999699,waypoint_1,-0.4355974793434143,-1.0125353336334229,-29.492446899414062
14.098914878999949,waypoint_1,-0.47408661246299744,-1.0872302055358887,-29.504314422607422
14.130816112000048,waypoint_1,-0.5135567784309387,-1.1631816625595093,-29.5159912109375
14.166263997999977,waypoint_1,-0.5538159012794495,-1.2403135299682617,-29.527545928955078
14.201627432999885,waypoint_1,-0.6049025058746338,-1.3383526802062988,-29.54177474975586
14.23364515000003,waypoint_1,-0.6459600329399109,-1.4179021120071411,-29.552959442138672
14.26963902999978,waypoint_1,-0.687158465385437,-1.498399257659912,-29.563968658447266
14.303677997999785,waypoint_1,-0.7283103466033936,-1.5797293186187744,-29.57476806640625
14.335642238999753,waypoint_1,-0.7692412734031677,-1.6618900299072266,-29.585330963134766
14.36965221599985,waypoint_1,-0.8098209500312805,-1.744767189025879,-29.59557342529297
14.403658945999723,waypoint_1,-0.8597908616065979,-1.8493908643722534,-29.608078002929688
14.43565568699978,waypoint_1,-0.8991142511367798,-1.9338483810424805,-29.61785125732422
14.469655071000034,waypoint_1,-0.9377740621566772,-2.0189666748046875,-29.627399444580078
14.50372927699982,waypoint_1,-0.9757499694824219,-2.104708194732666,-29.636760711669922
14.535661966999669,waypoint_1,-1.012947678565979,-2.1909756660461426,-29.645931243896484
14.569626987999982,waypoint_1,-1.0493159294128418,-2.2776997089385986,-29.654930114746094
14.60372360800011,waypoint_1,-1.0936774015426636,-2.38669753074646,-29.66586685180664
14.635685780999665,waypoint_1,-1.1282905340194702,-2.4743077754974365,-29.674358367919922
14.669635045999712,waypoint_1,-1.1620993614196777,-2.5622406005859375,-29.682628631591797
14.70366156,waypoint_1,-1.195109248161316,-2.650493860244751,-29.690704345703125
14.735653060000004,waypoint_1,-1.2273858785629272,-2.738999366760254,-29.698585510253906
14.769609534999745,waypoint_1,-1.2589786052703857,-2.8278019428253174,-29.706279754638672
14.803668261999974,waypoint_1,-1.2974827289581299,-2.9389994144439697,-29.71566390991211
14.837333141999807,waypoint_1,-1.327582836151123,-3.028162956237793,-29.722972869873047
14.871298743999887,waypoint_1,-1.357114553451538,-3.1174545288085938,-29.730052947998047
14.905318836999868,waypoint_1,-1.386124849319458,-3.2068910598754883,-29.7369384765625
14.937301772999945,waypoint_1,-1.4147306680679321,-3.296391010284424,-29.743587493896484
14.971284240999921,waypoint_1,-1.44294273853302,-3.3859522342681885,-29.750083923339844
15.005302391999976,waypoint_1,-1.4777249097824097,-3.497929811477661,-29.757904052734375
15.03733464700008,waypoint_1,-1.5051958560943604,-3.587590217590332,-29.763996124267578
15.071292403999905,waypoint_1,-1.532359004020691,-3.6772263050079346,-29.770004272460938
15.105324375999771,waypoint_1,-1.5592305660247803,-3.766845464706421,-29.775806427001953
15.137309363999975,waypoint_1,-1.5858687162399292,-3.8564388751983643,-29.78143310546875
15.171269012999801,waypoint_1,-1.6123437881469727,-3.946052312850952,-29.786945343017578
15.205365080999854,waypoint_1,-1.6452486515045166,-4.058172702789307,-29.793609619140625
15.237313177000033,waypoint_1,-1.6714640855789185,-4.1479692459106445,-29.798782348632812
15.271285799999987,waypoint_1,-1.6976293325424194,-4.2378106117248535,-29.803791046142578
15.30532543399977,waypoint_1,-1.7238045930862427,-4.327739715576172,-29.808639526367188
15.33731702599971,waypoint_1,-1.7500712871551514,-4.417675495147705,-29.813369750976562
15.371300040999813,waypoint_1,-1.7764599323272705,-4.507606506347656,-29.818023681640625
15.405350124000051,waypoint_1,-1.8096059560775757,-4.619995594024658,-29.823707580566406
15.437314802999936,waypoint_1,-1.8362975120544434,-4.709864616394043,-29.82815170288086
15.4712830630001,waypoint_1,-1.863186001777649,-4.799674034118652,-29.832523345947266
15.505332168999757,waypoint_1,-1.8903067111968994,-4.8894267082214355,-29.836814880371094
15.537317596999856,waypoint_1,-1.9175868034362793,-4.979160308837891,-29.841014862060547
15.571321396999792,waypoint_1,-1.9449247121810913,-5.068944454193115,-29.84515380859375
15.605308203999812,waypoint_1,-1.9791641235351562,-5.181181907653809,-29.850177764892578
15.637298242999805,waypoint_1,-2.006582260131836,-5.271026611328125,-29.854087829589844
15.671289128999888,waypoint_1,-2.0340492725372314,-5.360929489135742,-29.857913970947266
15.70531591300005,waypoint_1,-2.0615856647491455,-5.450921058654785,-29.861629486083984
15.73734195599991,waypoint_1,-2.08921217918396,-5.541007995605469,-29.865253448486328
15.771323287000087,waypoint_1,-2.116920232772827,-5.631185054779053,-29.868824005126953
15.805366921999848,waypoint_1,-2.1516714096069336,-5.744112014770508,-29.873180389404297
15.837312354000005,waypoint_1,-2.1795289516448975,-5.834608554840088,-29.876567840576172
15.871293788000003,waypoint_1,-2.207397937774658,-5.925235748291016,-29.87993621826172
15.905302406999908,waypoint_1,-2.2352421283721924,-6.01602029800415,-29.88323211669922
15.937319201999799,waypoint_1,-2.263049364089966,-6.106992721557617,-29.886493682861328
15.971289069999784,waypoint_1,-2.2908380031585693,-6.198123931884766,-29.889793395996094
16.005315322000115,waypoint_1,-2.325547456741333,-6.312319755554199,-29.893817901611328
16.037343603999943,waypoint_1,-2.3532824516296387,-6.403924465179443,-29.896961212158203
16.071313069000098,waypoint_1,-2.380943536758423,-6.495699405670166,-29.900115966796875
16.105327100000068,waypoint_1,-2.4084949493408203,-6.587584972381592,-29.903221130371094
16.137305111999922,waypoint_1,-2.4359323978424072,-6.679512023925781,-29.906269073486328
16.171278081999844,waypoint_1,-2.4632863998413086,-6.771479606628418,-29.90930938720703
16.205361339999854,waypoint_1,-2.4974076747894287,-6.886496067047119,-29.913089752197266
16.237312175999705,waypoint_1,-2.5246238708496094,-6.978537559509277,-29.91617202758789
16.27128714799983,waypoint_1,-2.551772356033325,-7.0706305503845215,-29.91924285888672
16.30530199099985,waypoint_1,-2.5788915157318115,-7.162789821624756,-29.922252655029297
16.33735085399985,waypoint_1,-2.6060216426849365,-7.255000114440918,-29.925174713134766
16.371267259999968,waypoint_1,-2.63312029838562,-7.347269535064697,-29.92801284790039
16.405307448999793,waypoint_1,-2.6669366359710693,-7.46270751953125,-29.931468963623047
16.437260670999876,waypoint_1,-2.693918466567993,-7.555160045623779,-29.934219360351562
16.47124167999982,waypoint_1,-2.720841884613037,-7.647725582122803,-29.936935424804688
16.505307506999998,waypoint_1,-2.747792959213257,-7.740401744842529,-29.939571380615234
16.53727340799969,waypoint_1,-2.774808168411255,-7.833235263824463,-29.942123413085938
16.57127619799985,waypoint_1,-2.8018813133239746,-7.926161289215088,-29.944499969482422
16.605301851999684,waypoint_1,-2.8357431888580322,-8.0424222946167,-29.947372436523438
16.637306581999837,waypoint_1,-2.862785816192627,-8.135492324829102,-29.949588775634766
16.671292071999687,waypoint_1,-2.8898468017578125,-8.228609085083008,-29.95172119140625
16.70536459799996,waypoint_1,-2.916963577270508,-8.321818351745605,-29.953678131103516
16.737302325999735,waypoint_1,-2.944153308868408,-8.415130615234375,-29.955467224121094
16.771296022000115,waypoint_1,-2.9714548587799072,-8.50850772857666,-29.95709228515625
16.805393965999883,waypoint_1,-3.005711317062378,-8.625348091125488,-29.958812713623047
16.83730784399995,waypoint_1,-3.033174991607666,-8.718887329101562,-29.960052490234375
16.87245430699977,waypoint_1,-3.060666799545288,-8.812506675720215,-29.961265563964844
16.90646184299976,waypoint_1,-3.0882067680358887,-8.906131744384766,-29.962345123291016
16.93845099100008,waypoint_1,-3.1157987117767334,-8.999800682067871,-29.963340759277344
16.97244351800009,waypoint_1,-3.1433629989624023,-9.093518257141113,-29.964393615722656
17.00642592899976,waypoint_1,-3.177743911743164,-9.210667610168457,-29.96575164794922
17.038502008999785,waypoint_1,-3.2052319049835205,-9.304367065429688,-29.96682357788086
17.072454319999906,waypoint_1,-3.232698678970337,-9.398050308227539,-29.9678955078125
17.106452247000107,waypoint_1,-3.260124683380127,-9.491756439208984,-29.968955993652344
17.1384609239999,waypoint_1,-3.2874886989593506,-9.58547592163086,-29.969940185546875
17.172542612999678,waypoint_1,-3.3148326873779297,-9.679107666015625,-29.97085189819336
17.206459878999794,waypoint_1,-3.3490331172943115,-9.796014785766602,-29.971946716308594
17.238515824999922,waypoint_1,-3.3763604164123535,-9.889480590820312,-29.97281265258789
17.27245168499985,waypoint_1,-3.403628349304199,-9.982877731323242,-29.973758697509766
17.30643180600009,waypoint_1,-3.430790901184082,-10.076210021972656,-29.97469711303711
17.33845567199978,waypoint_1,-3.4578335285186768,-10.1694917678833,-29.975627899169922
17.372475084999678,waypoint_1,-3.4848313331604004,-10.26276683807373,-29.976516723632812
17.40649530399969,waypoint_1,-3.5185205936431885,-10.379377365112305,-29.977550506591797
17.43846666599984,waypoint_1,-3.545426368713379,-10.47264289855957,-29.978374481201172
17.47244998999986,waypoint_1,-3.572295904159546,-10.565889358520508,-29.97918701171875
17.50643044899971,waypoint_1,-3.599163055419922,-10.659162521362305,-29.979991912841797
17.53844859799983,waypoint_1,-3.626030445098877,-10.752439498901367,-29.980796813964844
17.572452814999906,waypoint_1,-3.652902603149414,-10.845699310302734,-29.981651306152344
17.606429993999882,waypoint_1,-3.6864829063415527,-10.96224594116211,-29.982669830322266
17.63845720900008,waypoint_1,-3.7133355140686035,-11.055495262145996,-29.983417510986328
17.67244622399994,waypoint_1,-3.7401676177978516,-11.148778915405273,-29.984100341796875
17.706458201999794,waypoint_1,-3.7670135498046875,-11.242053985595703,-29.984771728515625
17.738464531999853,waypoint_1,-3.793887138366699,-11.335328102111816,-29.985469818115234
17.772451396999713,waypoint_1,-3.820840835571289,-11.42860221862793,-29.986225128173828
17.806438641000113,waypoint_1,-3.8546648025512695,-11.545275688171387,-29.98724365234375
17.838459593999687,waypoint_1,-3.8817903995513916,-11.638638496398926,-29.988113403320312
17.87247990700007,waypoint_1,-3.9089488983154297,-11.732041358947754,-29.98902130126953
17.906436386999758,waypoint_1,-3.9361252784729004,-11.825544357299805,-29.989871978759766
17.938482810000096,waypoint_1,-3.963270902633667,-11.919154167175293,-29.99063491821289
17.97246676299983,waypoint_1,-3.9903512001037598,-12.012862205505371,-29.99144744873047
18.00645838499986,waypoint_1,-4.024139881134033,-12.130106925964355,-29.992511749267578
18.038479888999973,waypoint_1,-4.051122665405273,-12.223986625671387,-29.99337387084961
18.072450302000107,waypoint_1,-4.078058242797852,-12.317953109741211,-29.994232177734375
18.10641580499987,waypoint_1,-4.104992866516113,-12.412002563476562,-29.995098114013672
18.138467628999933,waypoint_1,-4.131925582885742,-12.506136894226074,-29.995941162109375
18.172466531999817,waypoint_1,-4.158808708190918,-12.60036563873291,-29.996692657470703
18.206449796000015,waypoint_1,-4.192344665527344,-12.718246459960938,-29.99749755859375
18.238482204999855,waypoint_1,-4.219172477722168,-12.812585830688477,-29.998043060302734
18.272488747999887,waypoint_1,-4.246059894561768,-12.90697956085205,-29.99856185913086
18.306473365999864,waypoint_1,-4.273046016693115,-13.001435279846191,-29.99905776977539
18.33849281599987,waypoint_1,-4.300171375274658,-13.095942497253418,-29.99954605102539
18.372510609000074,waypoint_1,-4.327425479888916,-13.190522193908691,-30.00003433227539
18.40650371499987,waypoint_1,-4.361622333526611,-13.308845520019531,-30.000595092773438
18.438503760000003,waypoint_1,-4.389033317565918,-13.403608322143555,-30.0009765625
18.47247616499999,waypoint_1,-4.416440486907959,-13.498393058776855,-30.001270294189453
18.506485965999673,waypoint_1,-4.443843841552734,-13.593171119689941,-30.001564025878906
18.538469017999887,waypoint_1,-4.471269130706787,-13.687922477722168,-30.00186538696289
18.572456596999928,waypoint_1,-4.4987287521362305,-13.782648086547852,-30.002220153808594
18.606447046000085,waypoint_1,-4.533095836639404,-13.901076316833496,-30.00279998779297
18.638494656999683,waypoint_1,-4.560647964477539,-13.995896339416504,-30.00330352783203
18.67247529899987,waypoint_1,-4.588275909423828,-14.090792655944824,-30.003765106201172
18.706470396999975,waypoint_1,-4.615985870361328,-14.185691833496094,-30.004222869873047
18.738479037999696,waypoint_1,-4.643716812133789,-14.280538558959961,-30.004619598388672
18.772514799999954,waypoint_1,-4.671481132507324,-14.375306129455566,-30.004955291748047
18.806464877000053,waypoint_1,-4.706252574920654,-14.493642807006836,-30.00534439086914
18.83846501500011,waypoint_1,-4.734160423278809,-14.588210105895996,-30.005687713623047
18.87250450600004,waypoint_1,-4.7621588706970215,-14.682708740234375,-30.006080627441406
18.90644735099977,waypoint_1,-4.7902302742004395,-14.777132987976074,-30.00647735595703
18.938465326999903,waypoint_1,-4.818341255187988,-14.871479034423828,-30.006858825683594
18.972469295999872,waypoint_1,-4.846437931060791,-14.965778350830078,-30.007247924804688
19.00646152199988,waypoint_1,-4.881472110748291,-15.083582878112793,-30.007762908935547
19.038467760999993,waypoint_1,-4.90948486328125,-15.177787780761719,-30.008243560791016
19.072471564999887,waypoint_1,-4.937489986419678,-15.271966934204102,-30.00878143310547
19.106448853000074,waypoint_1,-4.965468406677246,-15.366095542907715,-30.009368896484375
19.13846277699986,waypoint_1,-4.993372440338135,-15.46018123626709,-30.00997543334961
19.17244697599972,waypoint_1,-5.0211944580078125,-15.554240226745605,-30.010662078857422
19.20646711499967,waypoint_1,-5.055815696716309,-15.67183780670166,-30.01158905029297
19.23847802199998,waypoint_1,-5.08343505859375,-15.765897750854492,-30.01238250732422
19.2724603329998,waypoint_1,-5.110960960388184,-15.859925270080566,-30.013118743896484
19.30644957200002,waypoint_1,-5.1384453773498535,-15.953944206237793,-30.013858795166016
19.33852961499997,waypoint_1,-5.165890216827393,-16.047916412353516,-30.014617919921875
19.37249289800002,waypoint_1,-5.193304538726807,-16.141782760620117,-30.015342712402344
19.406446548000076,waypoint_1,-5.227611064910889,-16.258975982666016,-30.01622772216797
19.438460980999935,waypoint_1,-5.255102157592773,-16.352685928344727,-30.01694107055664
19.472456989999955,waypoint_1,-5.282630443572998,-16.446308135986328,-30.017662048339844
19.506472728000062,waypoint_1,-5.310227394104004,-16.539886474609375,-30.018394470214844
19.538478755999677,waypoint_1,-5.337836265563965,-16.633398056030273,-30.019126892089844
19.572471167000003,waypoint_1,-5.365480422973633,-16.726823806762695,-30.019874572753906
19.606418965000103,waypoint_1,-5.400087356567383,-16.843547821044922,-30.020736694335938
19.63850748599998,waypoint_1,-5.427838325500488,-16.936899185180664,-30.021385192871094
19.672465396000007,waypoint_1,-5.4555487632751465,-17.030290603637695,-30.02196502685547
19.70643184799974,waypoint_1,-5.483226776123047,-17.12374496459961,-30.022560119628906
19.73844265999969,waypoint_1,-5.510913848876953,-17.217308044433594,-30.023090362548828
19.77245033700001,waypoint_1,-5.538649559020996,-17.3109188079834,-30.023639678955078
19.806486915999812,waypoint_1,-5.573385238647461,-17.42793083190918,-30.024173736572266
19.838502232999872,waypoint_1,-5.601296901702881,-17.521602630615234,-30.024532318115234
19.872461338999983,waypoint_1,-5.629310131072998,-17.615314483642578,-30.024845123291016
19.906529578000118,waypoint_1,-5.6573615074157715,-17.709041595458984,-30.025035858154297
19.938492738999685,waypoint_1,-5.685391902923584,-17.80282211303711,-30.025115966796875
19.97250202699979,waypoint_1,-5.713456153869629,-17.896631240844727,-30.025230407714844
20.00649059999978,waypoint_1,-5.748612880706787,-18.013883590698242,-30.025306701660156
20.038469964999877,waypoint_1,-5.77671480178833,-18.1076717376709,-30.025299072265625
20.07248989699974,waypoint_1,-5.8048577308654785,-18.201438903808594,-30.025249481201172
20.106456264999906,waypoint_1,-5.833069801330566,-18.295246124267578,-30.025142669677734
20.138470180999775,waypoint_1,-5.861322402954102,-18.38907241821289,-30.02503204345703
20.172490584000116,waypoint_1,-5.889585018157959,-18.482837677001953,-30.024940490722656
20.206449755999984,waypoint_1,-5.9248504638671875,-18.599985122680664,-30.02481460571289
20.238472652999917,waypoint_1,-5.952980041503906,-18.693689346313477,-30.024658203125
20.272507206999762,waypoint_1,-5.98098087310791,-18.78742027282715,-30.02446746826172
20.306477821000044,waypoint_1,-6.008875846862793,-18.881153106689453,-30.024211883544922
20.33847504000005,waypoint_1,-6.0367279052734375,-18.974884033203125,-30.023941040039062
20.372520252999948,waypoint_1,-6.064545631408691,-19.068620681762695,-30.023712158203125
20.406460889999835,waypoint_1,-6.0992560386657715,-19.185823440551758,-30.023502349853516
20.43847702899984,waypoint_1,-6.126960277557373,-19.27959442138672,-30.023406982421875
20.472527374000038,waypoint_1,-6.154654026031494,-19.373397827148438,-30.023414611816406
20.506472667999788,waypoint_1,-6.18238639831543,-19.46722412109375,-30.023494720458984
20.53849718499987,waypoint_1,-6.210136413574219,-19.56107521057129,-30.02367401123047
20.57247874299992,waypoint_1,-6.237843990325928,-19.654966354370117,-30.023902893066406
20.606470267000077,waypoint_1,-6.272430419921875,-19.772415161132812,-30.02425765991211
20.63851568600012,waypoint_1,-6.300064563751221,-19.866436004638672,-30.02458953857422
20.672489825999946,waypoint_1,-6.327661514282227,-19.960529327392578,-30.02495574951172
20.7064676519999,waypoint_1,-6.355227470397949,-20.054689407348633,-30.025360107421875
20.739723297999717,waypoint_1,-6.382719993591309,-20.148902893066406,-30.02581024169922
20.773675570999785,waypoint_1,-6.410099983215332,-20.24315643310547,-30.026344299316406
20.807668539999668,waypoint_1,-6.444209098815918,-20.360998153686523,-30.027061462402344
20.83999434799989,waypoint_1,-6.4714274406433105,-20.455242156982422,-30.027610778808594
20.87488977799967,waypoint_1,-6.498587131500244,-20.549442291259766,-30.028179168701172
20.908935430999918,waypoint_1,-6.525681495666504,-20.64360809326172,-30.028709411621094
20.940915655000026,waypoint_1,-6.552728652954102,-20.737733840942383,-30.02918243408203
20.97488046799981,waypoint_1,-6.579725742340088,-20.83179473876953,-30.029552459716797
21.008903452999675,waypoint_1,-6.613391399383545,-20.949310302734375,-30.030006408691406
21.040910668999913,waypoint_1,-6.640212535858154,-21.04331398010254,-30.030311584472656
21.074890907999816,waypoint_1,-6.666927337646484,-21.137310028076172,-30.030513763427734
21.1088832989999,waypoint_1,-6.693535804748535,-21.231298446655273,-30.03061294555664
21.14090733000012,waypoint_1,-6.7200164794921875,-21.325288772583008,-30.030654907226562
21.174918996000088,waypoint_1,-6.746388912200928,-21.419265747070312,-30.030635833740234
21.208969864999744,waypoint_1,-6.779249668121338,-21.536792755126953,-30.03057861328125
21.240959128999748,waypoint_1,-6.805496692657471,-21.630874633789062,-30.030529022216797
21.274942435999947,waypoint_1,-6.831721782684326,-21.724966049194336,-30.030471801757812
21.310198390000096,waypoint_1,-6.857925891876221,-21.81903839111328,-30.03042984008789
21.342298154999753,waypoint_1,-6.884122371673584,-21.9130802154541,-30.0303955078125
21.377379365999786,waypoint_1,-6.910322189331055,-22.007070541381836,-30.030345916748047
21.411342308999792,waypoint_1,-6.943126678466797,-22.12445640563965,-30.03036117553711
21.443413879999753,waypoint_1,-6.969436168670654,-22.218318939208984,-30.030345916748047
21.47729649799976,waypoint_1,-6.995826721191406,-22.312149047851562,-30.030242919921875
21.511373965000075,waypoint_1,-7.022282123565674,-22.405956268310547,-30.030128479003906
21.543421745999694,waypoint_1,-7.048797130584717,-22.499753952026367,-30.029991149902344
21.57732554999984,waypoint_1,-7.075370788574219,-22.5935115814209,-30.029834747314453
21.611344050999833,waypoint_1,-7.108621597290039,-22.7105712890625,-30.029552459716797
21.643365101999734,waypoint_1,-7.135243892669678,-22.804088592529297,-30.02923583984375
21.677368364999893,waypoint_1,-7.161896705627441,-22.89747428894043,-30.02880859375
21.711321833000056,waypoint_1,-7.188582420349121,-22.99077033996582,-30.02838134765625
21.743365129999802,waypoint_1,-7.2152862548828125,-23.083999633789062,-30.027969360351562
21.777333695999914,waypoint_1,-7.241978645324707,-23.17717742919922,-30.027542114257812
21.811344472999735,waypoint_1,-7.275325775146484,-23.293624877929688,-30.026958465576172
21.84337451300007,waypoint_1,-7.302031517028809,-23.386781692504883,-30.026493072509766
21.87733980999974,waypoint_1,-7.328766822814941,-23.479955673217773,-30.026031494140625
21.911310492999746,waypoint_1,-7.355508327484131,-23.57309341430664,-30.025592803955078
21.943383441999686,waypoint_1,-7.382279872894287,-23.66619110107422,-30.025226593017578
21.9773024430001,waypoint_1,-7.409095764160156,-23.759286880493164,-30.02486801147461
22.011354770999787,waypoint_1,-7.442684173583984,-23.875673294067383,-30.024471282958984
22.04336532499974,waypoint_1,-7.4696125984191895,-23.968788146972656,-30.02422332763672
22.077357657999983,waypoint_1,-7.496575355529785,-24.06194496154785,-30.024078369140625
22.111356791999697,waypoint_1,-7.523542404174805,-24.15521240234375,-30.023948669433594
22.144770950999828,waypoint_1,-7.550537586212158,-24.248584747314453,-30.023834228515625
22.1787058179998,waypoint_1,-7.577515125274658,-24.342012405395508,-30.023780822753906
22.212755708999794,waypoint_1,-7.611197471618652,-24.458885192871094,-30.023666381835938
22.244757158000084,waypoint_1,-7.638111114501953,-24.552467346191406,-30.02349090576172
22.278709947999687,waypoint_1,-7.66500997543335,-24.6461238861084,-30.02322769165039
22.312759918999745,waypoint_1,-7.6918816566467285,-24.739830017089844,-30.022953033447266
22.34475244699979,waypoint_1,-7.718731880187988,-24.83359146118164,-30.022655487060547
22.378775361999942,waypoint_1,-7.7455949783325195,-24.927438735961914,-30.0223388671875
22.412773775000005,waypoint_1,-7.779230117797852,-25.044841766357422,-30.022098541259766
22.44476961500004,waypoint_1,-7.806182861328125,-25.138774871826172,-30.021995544433594
22.479945116999716,waypoint_1,-7.833198070526123,-25.232688903808594,-30.021984100341797
22.513929053000084,waypoint_1,-7.860268592834473,-25.32661247253418,-30.022048950195312
22.54595383099968,waypoint_1,-7.887416362762451,-25.42053985595703,-30.022212982177734
22.57996477000006,waypoint_1,-7.914620876312256,-25.51445960998535,-30.022499084472656
22.613917931999822,waypoint_1,-7.94866418838501,-25.63182258605957,-30.022907257080078
22.64595776799979,waypoint_1,-7.975930690765381,-25.725706100463867,-30.023258209228516
22.679948035000052,waypoint_1,-8.00318717956543,-25.819583892822266,-30.023571014404297
22.713908844999878,waypoint_1,-8.030426025390625,-25.913400650024414,-30.023853302001953
22.745939301999897,waypoint_1,-8.057676315307617,-26.00716781616211,-30.02411651611328
22.77993489299979,waypoint_1,-8.084936141967773,-26.100889205932617,-30.024364471435547
22.813906804999988,waypoint_1,-8.119022369384766,-26.217992782592773,-30.02468490600586
22.845931359999668,waypoint_1,-8.1462984085083,-26.311595916748047,-30.024959564208984
22.8799906979998,waypoint_1,-8.173666000366211,-26.405122756958008,-30.02521514892578
22.91390348899995,waypoint_1,-8.201126098632812,-26.49864387512207,-30.02541732788086
22.945954418999918,waypoint_1,-8.228716850280762,-26.592191696166992,-30.02560806274414
22.979879355999856,waypoint_1,-8.2564058303833,-26.685714721679688,-30.025833129882812
23.01388323099991,waypoint_1,-8.291145324707031,-26.802570343017578,-30.026111602783203
23.045875521999733,waypoint_1,-8.319049835205078,-26.8960018157959,-30.026336669921875
23.079873405999933,waypoint_1,-8.347055435180664,-26.98945426940918,-30.02657699584961
23.113902747999873,waypoint_1,-8.375136375427246,-27.082910537719727,-30.026790618896484
23.145865885999683,waypoint_1,-8.403285026550293,-27.17635154724121,-30.027000427246094
23.179911488000016,waypoint_1,-8.431485176086426,-27.26972198486328,-30.02718734741211
23.213920655000038,waypoint_1,-8.466748237609863,-27.38637351989746,-30.027347564697266
23.245919993999905,waypoint_1,-8.494915008544922,-27.479570388793945,-30.02741241455078
23.27990931899967,waypoint_1,-8.52302360534668,-27.5726375579834,-30.02752685546875
23.313923326999884,waypoint_1,-8.551101684570312,-27.665525436401367,-30.027565002441406
23.34590574599997,waypoint_1,-8.579110145568848,-27.758258819580078,-30.027549743652344
23.379911773000003,waypoint_1,-8.607060432434082,-27.850847244262695,-30.027572631835938
23.41391645199974,waypoint_1,-8.641972541809082,-27.966449737548828,-30.027629852294922
23.44591699800003,waypoint_1,-8.669883728027344,-28.058847427368164,-30.02768325805664
23.479917506999755,waypoint_1,-8.697751998901367,-28.151153564453125,-30.02770233154297
23.513908651999827,waypoint_1,-8.725518226623535,-28.243301391601562,-30.027721405029297
23.545919901999696,waypoint_1,-8.75317096710205,-28.335330963134766,-30.027713775634766
23.579919297999822,waypoint_1,-8.780712127685547,-28.42731475830078,-30.027713775634766
23.61392709699976,waypoint_1,-8.814970016479492,-28.542255401611328,-30.027660369873047
23.64592582899968,waypoint_1,-8.842265129089355,-28.634180068969727,-30.027626037597656
23.679902386999856,waypoint_1,-8.869468688964844,-28.726085662841797,-30.027626037597656
23.713919753000027,waypoint_1,-8.896529197692871,-28.817975997924805,-30.027626037597656
23.745930430000044,waypoint_1,-8.923458099365234,-28.909868240356445,-30.027584075927734
23.77988669899969,waypoint_1,-8.950244903564453,-29.00173568725586,-30.027496337890625
23.813940257000013,waypoint_1,-8.98343563079834,-29.116453170776367,-30.027381896972656
23.845932059000006,waypoint_1,-9.009842872619629,-29.208162307739258,-30.027240753173828
23.879903813000055,waypoint_1,-9.036168098449707,-29.29987335205078,-30.02701187133789
23.91392599799974,waypoint_1,-9.062420845031738,-29.391597747802734,-30.02661895751953
23.945933842999693,waypoint_1,-9.088613510131836,-29.483327865600586,-30.026058197021484
23.9798925770001,waypoint_1,-9.114794731140137,-29.57508659362793,-30.025447845458984
24.01390572299988,waypoint_1,-9.147531509399414,-29.689863204956055,-30.02459716796875
24.04593121500011,waypoint_1,-9.173745155334473,-29.781715393066406,-30.023880004882812
24.07989399400003,waypoint_1,-9.199999809265137,-29.87356948852539,-30.02320098876953
24.113904312999694,waypoint_1,-9.226255416870117,-29.965417861938477,-30.022449493408203
24.145969818999674,waypoint_1,-9.252514839172363,-30.0572509765625,-30.02166748046875
24.17989481099994,waypoint_1,-9.278769493103027,-30.149078369140625,-30.020954132080078
24.213920835999943,waypoint_1,-9.3116455078125,-30.26386833190918,-30.020065307617188
24.245936795000034,waypoint_1,-9.338042259216309,-30.355714797973633,-30.019428253173828
24.279920835999746,waypoint_1,-9.364510536193848,-30.447566986083984,-30.018878936767578
24.31396851599993,waypoint_1,-9.3910493850708,-30.53940200805664,-30.01839828491211
24.345925552999688,waypoint_1,-9.417640686035156,-30.63123321533203,-30.01797866821289
24.379911873999845,waypoint_1,-9.444272994995117,-30.723087310791016,-30.017566680908203
24.413915465999708,waypoint_1,-9.477611541748047,-30.837886810302734,-30.017086029052734
24.445936588999757,waypoint_1,-9.504267692565918,-30.929710388183594,-30.016674041748047
24.479903023999668,waypoint_1,-9.530921936035156,-31.021543502807617,-30.016151428222656
24.513930078999692,waypoint_1,-9.557600975036621,-31.113378524780273,-30.015586853027344
24.54595968600006,waypoint_1,-9.584283828735352,-31.205183029174805,-30.014991760253906
24.57993375499973,waypoint_1,-9.610993385314941,-31.296886444091797,-30.014400482177734
24.613890396999977,waypoint_1,-9.644380569458008,-31.411470413208008,-30.01366424560547
24.64592615399988,waypoint_1,-9.671098709106445,-31.503114700317383,-30.013080596923828
24.679912351999974,waypoint_1,-9.697844505310059,-31.594745635986328,-30.012496948242188
24.713920200999837,waypoint_1,-9.72458553314209,-31.68639373779297,-30.01195526123047
24.74594263600011,waypoint_1,-9.751297950744629,-31.778118133544922,-30.011455535888672
24.77987472299992,waypoint_1,-9.778021812438965,-31.86992645263672,-30.010967254638672
24.813894868999796,waypoint_1,-9.811455726623535,-31.984752655029297,-30.01044464111328
24.84593698899971,waypoint_1,-9.838253021240234,-32.076622009277344,-30.0101318359375
24.879887987000075,waypoint_1,-9.865108489990234,-32.16847610473633,-30.009929656982422
24.913920654999856,waypoint_1,-9.892011642456055,-32.26030731201172,-30.00977325439453
24.94592273399985,waypoint_1,-9.918954849243164,-32.35212707519531,-30.009662628173828
24.979910390999976,waypoint_1,-9.945939064025879,-32.443939208984375,-30.009658813476562
25.01390205100006,waypoint_1,-9.979729652404785,-32.55866622924805,-30.009746551513672
25.045981485000084,waypoint_1,-10.006819725036621,-32.650421142578125,-30.009838104248047
25.079881569999998,waypoint_1,-10.033903121948242,-32.74213790893555,-30.0098876953125
25.113890557000104,waypoint_1,-10.060958862304688,-32.833778381347656,-30.009952545166016
25.145963305999885,waypoint_1,-10.088004112243652,-32.92533493041992,-30.010005950927734
25.1799003000001,waypoint_1,-10.1150541305542,-33.01681137084961,-30.010040283203125
25.21390738199989,waypoint_1,-10.148835182189941,-33.13111877441406,-30.010025024414062
25.245928375999938,waypoint_1,-10.175844192504883,-33.22252655029297,-30.009918212890625
25.279940947999876,waypoint_1,-10.20283317565918,-33.31389617919922,-30.009754180908203
25.313909060999777,waypoint_1,-10.229843139648438,-33.4052734375,-30.00951385498047
25.345925327999794,waypoint_1,-10.25687313079834,-33.49663543701172,-30.009204864501953
25.37990667699978,waypoint_1,-10.283963203430176,-33.58795166015625,-30.00882339477539
25.41391290599995,waypoint_1,-10.317904472351074,-33.702030181884766,-30.008281707763672
25.445917881999776,waypoint_1,-10.34510612487793,-33.79323196411133,-30.00782012939453
25.4799883390001,waypoint_1,-10.372333526611328,-33.884403228759766,-30.007328033447266
25.51390813399985,waypoint_1,-10.399529457092285,-33.975589752197266,-30.006858825683594
25.54595454399987,waypoint_1,-10.426651954650879,-34.06683349609375,-30.006439208984375
25.57989605900002,waypoint_1,-10.453681945800781,-34.15814208984375,-30.00611114501953
25.613887728999998,waypoint_1,-10.48735523223877,-34.27231979370117,-30.005752563476562
25.645949605999704,waypoint_1,-10.514209747314453,-34.36368942260742,-30.005531311035156
25.67990131999977,waypoint_1,-10.541021347045898,-34.45510482788086,-30.00537872314453
25.713890336000077,waypoint_1,-10.567765235900879,-34.54652404785156,-30.005332946777344
25.745953468999687,waypoint_1,-10.594438552856445,-34.63795471191406,-30.00536346435547
25.779900351999913,waypoint_1,-10.621079444885254,-34.729427337646484,-30.005420684814453
25.81389781500002,waypoint_1,-10.654300689697266,-34.84379196166992,-30.00552749633789
25.845947042999796,waypoint_1,-10.680852890014648,-34.935279846191406,-30.005619049072266
25.87991913099995,waypoint_1,-10.707359313964844,-35.026771545410156,-30.00566864013672
25.913906236999992,waypoint_1,-10.733874320983887,-35.11825942993164,-30.005687713623047
25.945945894000033,waypoint_1,-10.760420799255371,-35.2097282409668,-30.00570297241211
25.97991027299986,waypoint_1,-10.787052154541016,-35.30119705200195,-30.00571060180664
26.013906757999848,waypoint_1,-10.820451736450195,-35.41556167602539,-30.005722045898438
26.04593695499989,waypoint_1,-10.847298622131348,-35.50716018676758,-30.005733489990234
26.07992123599979,waypoint_1,-10.874232292175293,-35.59883499145508,-30.005802154541016
26.113906504999704,waypoint_1,-10.90127182006836,-35.690608978271484,-30.00592041015625
26.145918185000028,waypoint_1,-10.92835521697998,-35.78240203857422,-30.006053924560547
26.179951862000053,waypoint_1,-10.955523490905762,-35.874210357666016,-30.006153106689453
26.213873602999683,waypoint_1,-10.989579200744629,-35.98898696899414,-30.00631332397461
26.24594084599994,waypoint_1,-11.016897201538086,-36.08084487915039,-30.00649642944336
26.279883570000038,waypoint_1,-11.044347763061523,-36.17276382446289,-30.006668090820312
26.31388213299988,waypoint_1,-11.071943283081055,-36.26477813720703,-30.006866455078125
26.345897494999917,waypoint_1,-11.099638938903809,-36.35689163208008,-30.007095336914062
26.37987285400004,waypoint_1,-11.127399444580078,-36.449092864990234,-30.00726318359375
26.413906134999706,waypoint_1,-11.16211986541748,-36.56443405151367,-30.00743865966797
26.44588770099972,waypoint_1,-11.189919471740723,-36.656822204589844,-30.007614135742188
26.479951835000065,waypoint_1,-11.21771240234375,-36.74928665161133,-30.007854461669922
26.5139053339999,waypoint_1,-11.245543479919434,-36.84181594848633,-30.00814437866211
26.54598433299998,waypoint_1,-11.273368835449219,-36.934444427490234,-30.008514404296875
26.579921725000077,waypoint_1,-11.301254272460938,-37.02709197998047,-30.00894546508789
26.613922359999833,waypoint_1,-11.336084365844727,-37.14291763305664,-30.00957489013672
26.645951189999778,waypoint_1,-11.363871574401855,-37.23556900024414,-30.01007080078125
26.67993220199969,waypoint_1,-11.391633033752441,-37.328163146972656,-30.010601043701172
26.713903429999846,waypoint_1,-11.41938304901123,-37.42068862915039,-30.011173248291016
26.745924577000096,waypoint_1,-11.4471435546875,-37.51314926147461,-30.01178741455078
26.779909148000115,waypoint_1,-11.474918365478516,-37.60551071166992,-30.01236343383789
26.813919642999736,waypoint_1,-11.509730339050293,-37.7208366394043,-30.013031005859375
26.84593287200005,waypoint_1,-11.53758716583252,-37.81301498413086,-30.013545989990234
26.879919181999867,waypoint_1,-11.565437316894531,-37.905128479003906,-30.014118194580078
26.913921804999973,waypoint_1,-11.593252182006836,-37.99721908569336,-30.014633178710938
26.945976637000058,waypoint_1,-11.621089935302734,-38.089290618896484,-30.015148162841797
26.979917441999987,waypoint_1,-11.648874282836914,-38.18135452270508,-30.015647888183594
27.01390924999987,waypoint_1,-11.683555603027344,-38.29640197753906,-30.01626968383789
27.04595753300009,waypoint_1,-11.711272239685059,-38.3884162902832,-30.016780853271484
27.079918434999854,waypoint_1,-11.738982200622559,-38.48042297363281,-30.017337799072266
27.113964719999785,waypoint_1,-11.766698837280273,-38.57244110107422,-30.017868041992188
27.14593857,waypoint_1,-11.79435920715332,-38.66448211669922,-30.01837158203125
27.17991655800006,waypoint_1,-11.821941375732422,-38.75655746459961,-30.01891326904297
27.21391276999975,waypoint_1,-11.856310844421387,-38.87172317504883,-30.01959228515625
27.245941154999855,waypoint_1,-11.883769035339355,-38.963890075683594,-30.02008056640625
27.279959983000026,waypoint_1,-11.911219596862793,-39.056121826171875,-30.020496368408203
27.313933580999674,waypoint_1,-11.938673973083496,-39.14842224121094,-30.020889282226562
27.34595667199983,waypoint_1,-11.966130256652832,-39.240779876708984,-30.021244049072266
27.379925185000047,waypoint_1,-11.993587493896484,-39.33317184448242,-30.021587371826172
27.413907929999823,waypoint_1,-12.027881622314453,-39.448699951171875,-30.021930694580078
27.445937671999673,waypoint_1,-12.055278778076172,-39.54115676879883,-30.022140502929688
27.479932108999947,waypoint_1,-12.08267593383789,-39.6336555480957,-30.02237319946289
27.51391633000003,waypoint_1,-12.110107421875,-39.72616958618164,-30.022571563720703
27.54593947400008,waypoint_1,-12.137574195861816,-39.81868362426758,-30.022708892822266
27.579932320999887,waypoint_1,-12.165109634399414,-39.91118621826172,-30.022785186767578
27.61392224700012,waypoint_1,-12.19963550567627,-40.02676773071289,-30.02276611328125
27.64594701299984,waypoint_1,-12.227320671081543,-40.119224548339844,-30.022682189941406
27.679924478999965,waypoint_1,-12.255047798156738,-40.21173095703125,-30.02254867553711
27.71391940600006,waypoint_1,-12.282755851745605,-40.30426025390625,-30.02243423461914
27.745952623999983,waypoint_1,-12.310483932495117,-40.39680480957031,-30.02239227294922
27.779926399000033,waypoint_1,-12.338258743286133,-40.4893684387207,-30.02242660522461
27.813915922999968,waypoint_1,-12.373031616210938,-40.60507583618164,-30.02255630493164
27.845950996999818,waypoint_1,-12.400884628295898,-40.6976318359375,-30.022659301757812
27.87994013699972,waypoint_1,-12.42878532409668,-40.79018783569336,-30.02273941040039
27.91392208499974,waypoint_1,-12.456718444824219,-40.88273239135742,-30.022808074951172
27.94595791499978,waypoint_1,-12.48465633392334,-40.975250244140625,-30.02288818359375
27.979931502,waypoint_1,-12.51255989074707,-41.0677490234375,-30.022930145263672
28.013916667000103,waypoint_1,-12.547442436218262,-41.183349609375,-30.02294158935547
28.045937497000068,waypoint_1,-12.575297355651855,-41.27581024169922,-30.022933959960938
28.079926559999876,waypoint_1,-12.603100776672363,-41.368228912353516,-30.022953033447266
28.113893886999904,waypoint_1,-12.630875587463379,-41.46062469482422,-30.022979736328125
28.145949821999693,waypoint_1,-12.65864086151123,-41.553009033203125,-30.023006439208984
28.179938777999723,waypoint_1,-12.686376571655273,-41.645347595214844,-30.023082733154297
28.213928078999743,waypoint_1,-12.720961570739746,-41.76077651977539,-30.023151397705078
28.245956166999804,waypoint_1,-12.748505592346191,-41.8531379699707,-30.023155212402344
28.279969897999763,waypoint_1,-12.775904655456543,-41.945499420166016,-30.02310562133789
28.313933625000118,waypoint_1,-12.803139686584473,-42.03786849975586,-30.02307891845703
28.345954368000093,waypoint_1,-12.830231666564941,-42.13019561767578,-30.02307891845703
28.379937661999975,waypoint_1,-12.857222557067871,-42.222469329833984,-30.023128509521484
28.413927724999667,waypoint_1,-12.89083194732666,-42.3377799987793,-30.023216247558594
28.44596768099973,waypoint_1,-12.917600631713867,-42.4300422668457,-30.023296356201172
28.479963963000046,waypoint_1,-12.944250106811523,-42.5223388671875,-30.023330688476562
28.51391443300008,waypoint_1,-12.970831871032715,-42.614646911621094,-30.02330780029297
28.545952913999827,waypoint_1,-12.997366905212402,-42.70692825317383,-30.023265838623047
28.579922213999907,waypoint_1,-13.02385425567627,-42.799190521240234,-30.02322769165039
28.613903115000085,waypoint_1,-13.056936264038086,-42.914493560791016,-30.02318572998047
28.645967923999706,waypoint_1,-13.083412170410156,-43.00670623779297,-30.02316665649414
28.679928218999976,waypoint_1,-13.109859466552734,-43.09892654418945,-30.023181915283203
28.713937109999733,waypoint_1,-13.13630485534668,-43.191165924072266,-30.023250579833984
28.745954771000015,waypoint_1,-13.162729263305664,-43.28337860107422,-30.02336883544922
28.779934797999886,waypoint_1,-13.189164161682129,-43.37554931640625,-30.023494720458984
28.813897205000103,waypoint_1,-13.222234725952148,-43.49068832397461,-30.023624420166016
28.84595204099969,waypoint_1,-13.248699188232422,-43.58272933959961,-30.023704528808594
28.879980374999832,waypoint_1,-13.275163650512695,-43.6746940612793,-30.023761749267578
28.913918362999993,waypoint_1,-13.301641464233398,-43.76654815673828,-30.023818969726562
28.94599301299968,waypoint_1,-13.328104972839355,-43.85832214355469,-30.023910522460938
28.979981483999836,waypoint_1,-13.354562759399414,-43.95003890991211,-30.02396011352539
29.013966552000056,waypoint_1,-13.387654304504395,-44.064632415771484,-30.023937225341797
29.045999064999705,waypoint_1,-13.414106369018555,-44.15625762939453,-30.02381134033203
29.080028470999878,waypoint_1,-13.440571784973145,-44.247840881347656,-30.02355194091797
29.113977465000062,waypoint_1,-13.467046737670898,-44.339420318603516,-30.023223876953125
29.14606735899997,waypoint_1,-13.493552207946777,-44.431026458740234,-30.022850036621094
29.17996594999977,waypoint_1,-13.520097732543945,-44.522647857666016,-30.02245330810547
29.213962074999927,waypoint_1,-13.553325653076172,-44.63722610473633,-30.02194595336914
29.245976119999796,waypoint_1,-13.579937934875488,-44.728946685791016,-30.021556854248047
29.27996714799974,waypoint_1,-13.606651306152344,-44.82075119018555,-30.021156311035156
29.313930869999695,waypoint_1,-13.63343334197998,-44.912601470947266,-30.020755767822266
29.345999184999982,waypoint_1,-13.660311698913574,-45.00450134277344,-30.020370483398438
29.379991009999685,waypoint_1,-13.687216758728027,-45.09640884399414,-30.019962310791016
29.413949514999786,waypoint_1,-13.72085952758789,-45.21125793457031,-30.019447326660156
29.446142725999835,waypoint_1,-13.747883796691895,-45.303104400634766,-30.019012451171875
29.479966893999972,waypoint_1,-13.775017738342285,-45.394935607910156,-30.018577575683594
29.513911090999954,waypoint_1,-13.802252769470215,-45.48675537109375,-30.018218994140625
29.546000620000086,waypoint_1,-13.82955265045166,-45.578575134277344,-30.01797866821289
29.5799443169999,waypoint_1,-13.856855392456055,-45.670352935791016,-30.01775360107422
29.613918099999864,waypoint_1,-13.891036033630371,-45.78500747680664,-30.01755142211914
29.64594538099982,waypoint_1,-13.918400764465332,-45.876678466796875,-30.01744842529297
29.679960978000054,waypoint_1,-13.945755958557129,-45.968284606933594,-30.017425537109375
29.713961595,waypoint_1,-13.973061561584473,-46.059898376464844,-30.01744842529297
29.745918419999725,waypoint_1,-14.00032901763916,-46.151512145996094,-30.01750946044922
29.7801222170001,waypoint_1,-14.027538299560547,-46.24308776855469,-30.017608642578125
29.813944900000024,waypoint_1,-14.0614595413208,-46.35749816894531,-30.017810821533203
29.845975082999757,waypoint_1,-14.088521957397461,-46.44892501831055,-30.018016815185547
29.879964352000115,waypoint_1,-14.11553955078125,-46.54026794433594,-30.01822280883789
29.913958352999998,waypoint_1,-14.142489433288574,-46.631534576416016,-30.018402099609375
29.946025715999895,waypoint_1,-14.169366836547852,-46.722721099853516,-30.018558502197266
29.979998815999807,waypoint_1,-14.196160316467285,-46.81382751464844,-30.018821716308594
30.01404380399981,waypoint_1,-14.22949504852295,-46.92763900756836,-30.019088745117188
30.04596047699988,waypoint_1,-14.256093978881836,-47.01865005493164,-30.019248962402344
30.079976648999946,waypoint_1,-14.282620429992676,-47.109657287597656,-30.01934051513672
30.113965989999997,waypoint_1,-14.309076309204102,-47.20060348510742,-30.019386291503906
30.145986815000015,waypoint_1,-14.33555793762207,-47.291473388671875,-30.019344329833984
30.17999231399972,waypoint_1,-14.362022399902344,-47.38229751586914,-30.01925277709961
30.214012077999996,waypoint_1,-14.394976615905762,-47.49580383300781,-30.019054412841797
30.245988830999977,waypoint_1,-14.421265602111816,-47.58663558959961,-30.018814086914062
30.27995756199971,waypoint_1,-14.447510719299316,-47.677490234375,-30.018512725830078
30.313972697999816,waypoint_1,-14.473727226257324,-47.768367767333984,-30.018169403076172
30.34611680199987,waypoint_1,-14.499926567077637,-47.85930633544922,-30.017776489257812
30.379989715999727,waypoint_1,-14.526031494140625,-47.950252532958984,-30.01740264892578
30.413938228000006,waypoint_1,-14.558579444885254,-48.06406021118164,-30.017066955566406
30.44604084699995,waypoint_1,-14.584555625915527,-48.155189514160156,-30.016868591308594
30.47998120200009,waypoint_1,-14.61044692993164,-48.24639129638672,-30.016666412353516
30.513973929999793,waypoint_1,-14.636322021484375,-48.337669372558594,-30.016510009765625
30.5460131750001,waypoint_1,-14.662179946899414,-48.42900466918945,-30.01642608642578
30.58002029699992,waypoint_1,-14.688019752502441,-48.52035140991211,-30.016429901123047
30.61396396200007,waypoint_1,-14.720272064208984,-48.634525299072266,-30.016605377197266
30.645934187999956,waypoint_1,-14.7460355758667,-48.72578811645508,-30.016849517822266
30.680124193999745,waypoint_1,-14.771788597106934,-48.81697463989258,-30.017192840576172
30.713981169999897,waypoint_1,-14.79753303527832,-48.908145904541016,-30.017555236816406
30.74593955499995,waypoint_1,-14.823277473449707,-48.999324798583984,-30.01789093017578
30.780088707999766,waypoint_1,-14.84897518157959,-49.09053039550781,-30.018165588378906
30.81415105699989,waypoint_1,-14.881089210510254,-49.20463943481445,-30.018428802490234
30.84603112099967,waypoint_1,-14.906825065612793,-49.29602813720703,-30.018596649169922
30.880027745999996,waypoint_1,-14.932618141174316,-49.387481689453125,-30.018753051757812
30.914087254999686,waypoint_1,-14.95845890045166,-49.478973388671875,-30.018848419189453
30.945973031999984,waypoint_1,-14.984333992004395,-49.57048034667969,-30.01885986328125
30.980130176999864,waypoint_1,-15.010265350341797,-49.66196060180664,-30.018898010253906
31.01408316600009,waypoint_1,-15.04269790649414,-49.77622604370117,-30.018817901611328
31.045988737999778,waypoint_1,-15.068607330322266,-49.86760711669922,-30.018627166748047
31.079989168999873,waypoint_1,-15.09448528289795,-49.95896911621094,-30.018383026123047
31.11396163900008,waypoint_1,-15.12033462524414,-50.05032730102539,-30.018104553222656
31.146023433999744,waypoint_1,-15.146173477172852,-50.141658782958984,-30.01778793334961
31.180087967999953,waypoint_1,-15.172028541564941,-50.23291015625,-30.01750946044922
31.213960528999905,waypoint_1,-15.204401969909668,-50.34695053100586,-30.017078399658203
31.246015954000086,waypoint_1,-15.230358123779297,-50.438201904296875,-30.016674041748047
31.280125551999845,waypoint_1,-15.256372451782227,-50.529483795166016,-30.016246795654297
31.313976483999795,waypoint_1,-15.28244400024414,-50.62081527709961,-30.01586151123047
31.345984819000023,waypoint_1,-15.308553695678711,-50.71219253540039,-30.015518188476562
31.380054082999777,waypoint_1,-15.334680557250977,-50.80360412597656,-30.015243530273438
31.41400180499977,waypoint_1,-15.367366790771484,-50.917850494384766,-30.014923095703125
31.445947946999695,waypoint_1,-15.393548965454102,-51.00917434692383,-30.014724731445312
31.48001769199982,waypoint_1,-15.419754028320312,-51.10042953491211,-30.014617919921875
31.513973940999676,waypoint_1,-15.445981979370117,-51.19162368774414,-30.014549255371094
31.546000450000065,waypoint_1,-15.472211837768555,-51.28276062011719,-30.01449966430664
31.579993828999704,waypoint_1,-15.498462677001953,-51.37387466430664,-30.014450073242188
31.61401299099998,waypoint_1,-15.531314849853516,-51.4878044128418,-30.01441192626953
31.646028106999893,waypoint_1,-15.557613372802734,-51.57902908325195,-30.01436996459961
31.68002098199986,waypoint_1,-15.583927154541016,-51.67033386230469,-30.014320373535156
31.714065082999696,waypoint_1,-15.610269546508789,-51.761714935302734,-30.014259338378906
31.74598878300003,waypoint_1,-15.636618614196777,-51.8531379699707,-30.01419448852539
31.779983054999775,waypoint_1,-15.66297435760498,-51.94459915161133,-30.014141082763672
31.81403192500011,waypoint_1,-15.695904731750488,-52.05900192260742,-30.013992309570312
31.846040255999924,waypoint_1,-15.722238540649414,-52.15056610107422,-30.013755798339844
31.8800050079999,waypoint_1,-15.748591423034668,-52.24223327636719,-30.013412475585938
31.914073170999927,waypoint_1,-15.77497673034668,-52.334022521972656,-30.01297378540039
31.94601112400005,waypoint_1,-15.801365852355957,-52.42589569091797,-30.012493133544922
31.980016482999872,waypoint_1,-15.827754020690918,-52.51783752441406,-30.01205062866211
32.014067264999994,waypoint_1,-15.860746383666992,-52.63283920288086,-30.01144027709961
32.04598761999978,waypoint_1,-15.887215614318848,-52.724884033203125,-30.01089096069336
32.07998481899995,waypoint_1,-15.913790702819824,-52.81694412231445,-30.010326385498047
32.11399729699997,waypoint_1,-15.940515518188477,-52.90898132324219,-30.009807586669922
32.14603172099987,waypoint_1,-15.967411041259766,-53.00101852416992,-30.009342193603516
32.1800218379999,waypoint_1,-15.994449615478516,-53.09306335449219,-30.008914947509766
32.214078986000004,waypoint_1,-16.02830696105957,-53.208152770996094,-30.008399963378906
32.2459713369999,waypoint_1,-16.055458068847656,-53.30024337768555,-30.007976531982422
32.2799302909998,waypoint_1,-16.082683563232422,-53.39231491088867,-30.007545471191406
32.31395428299993,waypoint_1,-16.10995101928711,-53.484405517578125,-30.007041931152344
32.34597514200004,waypoint_1,-16.13728141784668,-53.57653045654297,-30.006454467773438
32.37999676999971,waypoint_1,-16.164653778076172,-53.66869354248047,-30.005817413330078
32.414023557999826,waypoint_1,-16.198888778686523,-53.78397750854492,-30.005023956298828
32.446027132999916,waypoint_1,-16.226274490356445,-53.876277923583984,-30.00439453125
32.480012238999734,waypoint_1,-16.2536563873291,-53.9686279296875,-30.0037841796875
32.51396308299991,waypoint_1,-16.281003952026367,-54.061031341552734,-30.003192901611328
32.54604289000008,waypoint_1,-16.308324813842773,-54.15345001220703,-30.00263214111328
32.58001909199993,waypoint_1,-16.335641860961914,-54.24580764770508,-30.002124786376953
32.61400199699983,waypoint_1,-16.369800567626953,-54.361083984375,-30.00149917602539
32.64603191199967,waypoint_1,-16.397132873535156,-54.453102111816406,-30.000965118408203
32.67999065799995,waypoint_1,-16.4244384765625,-54.54497528076172,-30.000385284423828
32.71395666599983,waypoint_1,-16.451702117919922,-54.6367301940918,-29.999855041503906
32.74599020400001,waypoint_1,-16.478914260864258,-54.7283935546875,-29.999393463134766
32.78000823000002,waypoint_1,-16.50602912902832,-54.81991958618164,-29.998897552490234
32.814005189,waypoint_1,-16.539806365966797,-54.934200286865234,-29.998260498046875
32.845999900999686,waypoint_1,-16.56674575805664,-55.02555465698242,-29.997779846191406
32.88002209499973,waypoint_1,-16.59358787536621,-55.11685562133789,-29.997333526611328
32.91398189099982,waypoint_1,-16.6203556060791,-55.20820236206055,-29.997024536132812
32.94598270200004,waypoint_1,-16.64700698852539,-55.29960250854492,-29.996856689453125
32.97995885099999,waypoint_1,-16.67351531982422,-55.39109802246094,-29.996788024902344
33.013980103999984,waypoint_1,-16.70649528503418,-55.50552749633789,-29.996776580810547
33.04602727099973,waypoint_1,-16.732709884643555,-55.597103118896484,-29.99688720703125
33.08000600500009,waypoint_1,-16.758813858032227,-55.68877029418945,-29.997058868408203
33.11401958899978,waypoint_1,-16.784822463989258,-55.780548095703125,-29.997344970703125
33.14604396899995,waypoint_1,-16.81070899963379,-55.872467041015625,-29.99768829345703
33.17999553399977,waypoint_1,-16.836490631103516,-55.96452331542969,-29.997982025146484
33.21396223800002,waypoint_1,-16.8685302734375,-56.079673767089844,-29.998367309570312
33.24597044699976,waypoint_1,-16.89407730102539,-56.171836853027344,-29.99869155883789
33.27998620800008,waypoint_1,-16.91949462890625,-56.26405715942383,-29.999042510986328
33.31412277199979,waypoint_1,-16.94486427307129,-56.35633087158203,-29.999347686767578
33.34596410799986,waypoint_1,-16.9702091217041,-56.44864273071289,-29.999610900878906
33.37999134599977,waypoint_1,-16.995609283447266,-56.540992736816406,-29.999874114990234
33.41401476200008,waypoint_1,-17.027416229248047,-56.65654754638672,-30.00029754638672
33.445968601000004,waypoint_1,-17.05292510986328,-56.74903869628906,-30.00066375732422
33.479989098999795,waypoint_1,-17.07851791381836,-56.84156799316406,-30.001018524169922
33.514071565999984,waypoint_1,-17.10418701171875,-56.93413162231445,-30.001399993896484
33.5461079859997,waypoint_1,-17.129919052124023,-57.02670669555664,-30.00182342529297
33.58005368799968,waypoint_1,-17.155698776245117,-57.1192741394043,-30.002300262451172
33.61399587000005,waypoint_1,-17.187944412231445,-57.23494338989258,-30.002891540527344
33.645997267999974,waypoint_1,-17.213706970214844,-57.327423095703125,-30.003379821777344
33.67997377599977,waypoint_1,-17.23941993713379,-57.419822692871094,-30.003860473632812
33.7140314899998,waypoint_1,-17.265085220336914,-57.512142181396484,-30.004337310791016
33.74601880399996,waypoint_1,-17.29071044921875,-57.6043586730957,-30.004772186279297
33.78000313199982,waypoint_1,-17.31630516052246,-57.69647216796875,-30.005115509033203
33.813969327999985,waypoint_1,-17.348285675048828,-57.81139373779297,-30.005474090576172
33.846014791000016,waypoint_1,-17.373903274536133,-57.90319061279297,-30.005786895751953
33.87998154399975,waypoint_1,-17.39958381652832,-57.99489212036133,-30.006134033203125
33.913956725999924,waypoint_1,-17.42533302307129,-58.08649444580078,-30.006465911865234
33.94596562800007,waypoint_1,-17.4511661529541,-58.1779899597168,-30.006813049316406
33.97999792499968,waypoint_1,-17.477088928222656,-58.269386291503906,-30.007198333740234
34.01397804699991,waypoint_1,-17.509611129760742,-58.38349533081055,-30.007556915283203
34.04595204999987,waypoint_1,-17.53569984436035,-58.474735260009766,-30.007774353027344
34.07999815799985,waypoint_1,-17.56187629699707,-58.56590270996094,-30.00802230834961
34.113977148999766,waypoint_1,-17.588171005249023,-58.65699768066406,-30.008262634277344
34.14595660099985,waypoint_1,-17.61456298828125,-58.74802017211914,-30.008525848388672
34.179934871000114,waypoint_1,-17.641035079956055,-58.8389778137207,-30.008831024169922
34.21397462999994,waypoint_1,-17.674182891845703,-58.95262908935547,-30.00916290283203
34.24600323000004,waypoint_1,-17.70074462890625,-59.0435676574707,-30.009410858154297
34.280026546000045,waypoint_1,-17.727296829223633,-59.134521484375,-30.009689331054688
34.31398620799973,waypoint_1,-17.753808975219727,-59.225494384765625,-30.010009765625
34.345974364000085,waypoint_1,-17.780237197875977,-59.31646728515625,-30.010398864746094
34.37998367699993,waypoint_1,-17.806577682495117,-59.40746307373047,-30.010814666748047
34.4140159399999,waypoint_1,-17.839527130126953,-59.52123260498047,-30.011375427246094
34.4460101589998,waypoint_1,-17.8659725189209,-59.61221694946289,-30.01181411743164
34.47997162399997,waypoint_1,-17.89249038696289,-59.70315170288086,-30.012218475341797
34.5140078229997,waypoint_1,-17.919076919555664,-59.79404830932617,-30.01263427734375
34.54598269600001,waypoint_1,-17.945770263671875,-59.884925842285156,-30.013080596923828
34.5799297399999,waypoint_1,-17.972562789916992,-59.97580337524414,-30.013580322265625
34.61401282299994,waypoint_1,-18.006271362304688,-60.08938980102539,-30.01427459716797
34.64598451699976,waypoint_1,-18.03339195251465,-60.18028259277344,-30.014835357666016
34.67996569499974,waypoint_1,-18.060688018798828,-60.27118682861328,-30.015392303466797
34.714039022999714,waypoint_1,-18.088159561157227,-60.362098693847656,-30.015941619873047
34.74595825999995,waypoint_1,-18.115764617919922,-60.45301818847656,-30.0164794921875
34.77992929899983,waypoint_1,-18.143476486206055,-60.54393768310547,-30.016998291015625
34.814064146999954,waypoint_1,-18.17824363708496,-60.657569885253906,-30.01754379272461
34.84593523800004,waypoint_1,-18.20610809326172,-60.74848556518555,-30.017921447753906
34.87994491499967,waypoint_1,-18.234004974365234,-60.83940505981445,-30.01831817626953
34.91400114399994,waypoint_1,-18.261884689331055,-60.93033218383789,-30.018627166748047
34.945940686000085,waypoint_1,-18.289724349975586,-61.021297454833984,-30.018848419189453
34.97991134499989,waypoint_1,-18.317527770996094,-61.11231231689453,-30.019012451171875
35.01397969299978,waypoint_1,-18.352277755737305,-61.226131439208984,-30.019149780273438
35.04593225899998,waypoint_1,-18.38007354736328,-61.317230224609375,-30.019237518310547
35.0799130649998,waypoint_1,-18.407854080200195,-61.408382415771484,-30.01927947998047
35.1140007959998,waypoint_1,-18.43560218811035,-61.499576568603516,-30.019283294677734
35.145986342000015,waypoint_1,-18.46335220336914,-61.59082794189453,-30.019237518310547
35.17992297899991,waypoint_1,-18.49106788635254,-61.68217086791992,-30.019145965576172
35.21403367399989,waypoint_1,-18.5256404876709,-61.79648208618164,-30.01888656616211
35.245929058,waypoint_1,-18.553266525268555,-61.88804626464844,-30.018604278564453
35.2799140029997,waypoint_1,-18.58084487915039,-61.979698181152344,-30.01825714111328
35.31422802499992,waypoint_1,-18.60831642150879,-62.07139587402344,-30.01791763305664
35.345988257000045,waypoint_1,-18.635683059692383,-62.16317367553711,-30.017539978027344
35.379910713999834,waypoint_1,-18.662946701049805,-62.25498962402344,-30.01711654663086
35.41401310399988,waypoint_1,-18.69692611694336,-62.36979293823242,-30.01662826538086
35.445929820999936,waypoint_1,-18.72407341003418,-62.461692810058594,-30.016361236572266
35.47995233799975,waypoint_1,-18.751184463500977,-62.55361557006836,-30.016155242919922
35.537925148999875,waypoint_1,-18.77823829650879,-62.64555358886719,-30.01592254638672
35.57056397699989,waypoint_1,-18.805253982543945,-62.737545013427734,-30.015663146972656
35.60455713200008,waypoint_1,-18.832246780395508,-62.829593658447266,-30.015426635742188
35.63858038299986,waypoint_1,-18.865934371948242,-62.944725036621094,-30.01512908935547
35.67058554100004,waypoint_1,-18.8928165435791,-63.036834716796875,-30.014923095703125
35.70455220199983,waypoint_1,-18.919662475585938,-63.12894821166992,-30.014812469482422
35.73859735399992,waypoint_1,-18.946449279785156,-63.221065521240234,-30.01471710205078
35.77056642699972,waypoint_1,-18.973146438598633,-63.31316375732422,-30.014671325683594
35.80455518500003,waypoint_1,-18.999771118164062,-63.405216217041016,-30.014686584472656
35.838597836999725,waypoint_1,-19.032976150512695,-63.52021026611328,-30.01479721069336
35.87057470799982,waypoint_1,-19.059511184692383,-63.61220932006836,-30.014972686767578
35.90456030099995,waypoint_1,-19.086009979248047,-63.70424270629883,-30.015174865722656
35.93860488399969,waypoint_1,-19.112503051757812,-63.79631042480469,-30.015342712402344
35.970619988999715,waypoint_1,-19.13899803161621,-63.88841247558594,-30.015518188476562
36.004555070999686,waypoint_1,-19.16544532775879,-63.980552673339844,-30.015727996826172
36.038635128999886,waypoint_1,-19.198444366455078,-64.09576416015625,-30.016002655029297
36.070566740999766,waypoint_1,-19.224794387817383,-64.18798065185547,-30.016223907470703
36.104562173999966,waypoint_1,-19.251066207885742,-64.28023529052734,-30.016422271728516
36.13858638600004,waypoint_1,-19.27724838256836,-64.3724594116211,-30.016597747802734
36.170574610999665,waypoint_1,-19.303363800048828,-64.46464538574219,-30.016796112060547
36.20451312899968,waypoint_1,-19.329435348510742,-64.5567626953125,-30.016910552978516
36.238575342999866,waypoint_1,-19.36207389831543,-64.67180633544922,-30.016998291015625
36.270520874999875,waypoint_1,-19.388168334960938,-64.76380157470703,-30.01706314086914
36.30558298899996,waypoint_1,-19.414243698120117,-64.85578918457031,-30.017127990722656
36.33968657600008,waypoint_1,-19.440317153930664,-64.94781494140625,-30.017162322998047
36.3715929279997,waypoint_1,-19.466449737548828,-65.03984069824219,-30.017208099365234
36.40665556699969,waypoint_1,-19.492637634277344,-65.1318588256836,-30.017330169677734
36.44072033199973,waypoint_1,-19.52537727355957,-65.24695587158203,-30.017559051513672
36.47267702799991,waypoint_1,-19.551546096801758,-65.33905792236328,-30.01778793334961
36.50662351599976,waypoint_1,-19.577693939208984,-65.43114471435547,-30.018024444580078
36.540699072999814,waypoint_1,-19.60381317138672,-65.52322387695312,-30.01827621459961
36.57266681600004,waypoint_1,-19.629892349243164,-65.61531829833984,-30.018577575683594
36.606642957000076,waypoint_1,-19.655994415283203,-65.70743560791016,-30.01892852783203
36.64069953599983,waypoint_1,-19.688610076904297,-65.82256317138672,-30.01941680908203
36.67267839999977,waypoint_1,-19.714696884155273,-65.91465759277344,-30.019821166992188
36.70663817600007,waypoint_1,-19.740806579589844,-66.00678253173828,-30.020225524902344
36.74069048899992,waypoint_1,-19.766904830932617,-66.09888458251953,-30.020618438720703
36.772665211,waypoint_1,-19.79299545288086,-66.1910171508789,-30.020965576171875
36.80664374199978,waypoint_1,-19.819087982177734,-66.28313446044922,-30.021263122558594
36.84067948899974,waypoint_1,-19.851764678955078,-66.39820098876953,-30.021549224853516
36.87267281200002,waypoint_1,-19.877988815307617,-66.49016571044922,-30.021709442138672
36.90664300699973,waypoint_1,-19.904327392578125,-66.58206939697266,-30.021778106689453
36.94075430699968,waypoint_1,-19.93077850341797,-66.6739730834961,-30.02182388305664
36.97269115600011,waypoint_1,-19.957292556762695,-66.765869140625,-30.021812438964844
37.006646289999935,waypoint_1,-19.98387336730957,-66.85775756835938,-30.02175521850586
37.040689007999845,waypoint_1,-20.017169952392578,-66.97261047363281,-30.021595001220703
37.07268519299987,waypoint_1,-20.043859481811523,-67.0644760131836,-30.021434783935547
37.106655748999856,waypoint_1,-20.070547103881836,-67.15632629394531,-30.021305084228516
37.14068597200003,waypoint_1,-20.097227096557617,-67.24816131591797,-30.021209716796875
37.17269164699974,waypoint_1,-20.123924255371094,-67.34004211425781,-30.02117919921875
37.20663185400008,waypoint_1,-20.15069007873535,-67.43195343017578,-30.021198272705078
37.24068336099981,waypoint_1,-20.184160232543945,-67.54686737060547,-30.021270751953125
37.27268304800009,waypoint_1,-20.210969924926758,-67.63880157470703,-30.02139663696289
37.30664270499983,waypoint_1,-20.237808227539062,-67.73078155517578,-30.021625518798828
37.34067011099978,waypoint_1,-20.264684677124023,-67.82279205322266,-30.021942138671875
37.37267790599981,waypoint_1,-20.29159927368164,-67.91480255126953,-30.02230453491211
37.4066365409999,waypoint_1,-20.318540573120117,-68.00678253173828,-30.022735595703125
37.440678942999966,waypoint_1,-20.35223388671875,-68.12171936035156,-30.023239135742188
37.4726807510001,waypoint_1,-20.37919044494629,-68.21369171142578,-30.023597717285156
37.506651950000105,waypoint_1,-20.4061279296875,-68.30569458007812,-30.023941040039062
37.54066639599978,waypoint_1,-20.433076858520508,-68.39767456054688,-30.024250030517578
37.572814968999865,waypoint_1,-20.460018157958984,-68.48957061767578,-30.024520874023438
37.60664448599982,waypoint_1,-20.486980438232422,-68.58139038085938,-30.024662017822266
37.64068550000002,waypoint_1,-20.520750045776367,-68.69607543945312,-30.02472686767578
37.6727154969999,waypoint_1,-20.547826766967773,-68.78778076171875,-30.024681091308594
37.706649062,waypoint_1,-20.574949264526367,-68.87945556640625,-30.024517059326172
37.74064385800011,waypoint_1,-20.60205841064453,-68.97114562988281,-30.024219512939453
37.772715568999956,waypoint_1,-20.629112243652344,-69.06285095214844,-30.02379608154297
37.806651927000075,waypoint_1,-20.65611457824707,-69.15457153320312,-30.023239135742188
37.84066120699981,waypoint_1,-20.689868927001953,-69.26922607421875,-30.022430419921875
37.872693755,waypoint_1,-20.71686363220215,-69.3609848022461,-30.021732330322266
37.9066496989999,waypoint_1,-20.743846893310547,-69.45279693603516,-30.02102279663086
37.940664423999806,waypoint_1,-20.77078628540039,-69.54468536376953,-30.020347595214844
37.972695895000015,waypoint_1,-20.797643661499023,-69.63665771484375,-30.019729614257812
38.006646318000094,waypoint_1,-20.824434280395508,-69.72872161865234,-30.01919174194336
38.040664053,waypoint_1,-20.857860565185547,-69.8438949584961,-30.018573760986328
38.07272170199985,waypoint_1,-20.88456153869629,-69.93610382080078,-30.018085479736328
38.10665948199994,waypoint_1,-20.91124725341797,-70.02838134765625,-30.017578125
38.14065899799971,waypoint_1,-20.937942504882812,-70.12073516845703,-30.017105102539062
38.17272627000011,waypoint_1,-20.964672088623047,-70.21316528320312,-30.016666412353516
38.20665671400002,waypoint_1,-20.99144172668457,-70.30563354492188,-30.016231536865234
38.24067388499998,waypoint_1,-21.024938583374023,-70.42117309570312,-30.015750885009766
38.27269044400009,waypoint_1,-21.05177116394043,-70.5135498046875,-30.01540756225586
38.30666526499999,waypoint_1,-21.07860565185547,-70.60585021972656,-30.015052795410156
38.34066033299996,waypoint_1,-21.105453491210938,-70.69805908203125,-30.014659881591797
38.37274179799988,waypoint_1,-21.132286071777344,-70.79021453857422,-30.01422882080078
38.40665095899976,waypoint_1,-21.159120559692383,-70.88235473632812,-30.01374053955078
38.44065917099988,waypoint_1,-21.192731857299805,-70.99749755859375,-30.013065338134766
38.472726171999966,waypoint_1,-21.219690322875977,-71.08959197998047,-30.012531280517578
38.50666629599982,waypoint_1,-21.246660232543945,-71.18172454833984,-30.012046813964844
38.540665281999736,waypoint_1,-21.273616790771484,-71.27388000488281,-30.011608123779297
38.57271817799983,waypoint_1,-21.300548553466797,-71.36605834960938,-30.01116943359375
38.60669401799987,waypoint_1,-21.327468872070312,-71.458251953125,-30.010757446289062
38.64070348799987,waypoint_1,-21.361053466796875,-71.57347869873047,-30.01026153564453
38.67272455800003,waypoint_1,-21.38785171508789,-71.66563415527344,-30.0098876953125
38.70664995099969,waypoint_1,-21.414609909057617,-71.75778198242188,-30.00946807861328
38.74065488499991,waypoint_1,-21.441308975219727,-71.84992980957031,-30.009105682373047
38.772692821999954,waypoint_1,-21.467947006225586,-71.94212341308594,-30.008766174316406
38.806643875999725,waypoint_1,-21.49453353881836,-72.03438568115234,-30.00851058959961
38.84064915299996,waypoint_1,-21.52765655517578,-72.14973449707031,-30.00824737548828
38.87269807299981,waypoint_1,-21.55405044555664,-72.24203491210938,-30.008056640625
38.90664998300008,waypoint_1,-21.58037757873535,-72.33434295654297,-30.007843017578125
38.94069167199996,waypoint_1,-21.606639862060547,-72.42662811279297,-30.00759506225586
38.97273362299984,waypoint_1,-21.632854461669922,-72.51893615722656,-30.00732421875
39.00664364499971,waypoint_1,-21.659013748168945,-72.6112289428711,-30.00696563720703
39.04071222699986,waypoint_1,-21.69169044494629,-72.72665405273438,-30.00643539428711
39.072688687999744,waypoint_1,-21.717863082885742,-72.8189926147461,-30.00591278076172
39.1066655679997,waypoint_1,-21.744033813476562,-72.91129302978516,-30.005374908447266
39.14065711600006,waypoint_1,-21.770259857177734,-73.00357818603516,-30.004776000976562
39.17269363200012,waypoint_1,-21.79654312133789,-73.09583282470703,-30.004119873046875
39.20786893500008,waypoint_1,-21.8228816986084,-73.18804168701172,-30.003395080566406
39.24182945299981,waypoint_1,-21.855846405029297,-73.30323028564453,-30.00244140625
39.273882736999894,waypoint_1,-21.882247924804688,-73.39537811279297,-30.001693725585938
39.30781993799974,waypoint_1,-21.908615112304688,-73.4875259399414,-30.001014709472656
39.34185867399992,waypoint_1,-21.934959411621094,-73.57965850830078,-30.00035858154297
39.373860264000086,waypoint_1,-21.961244583129883,-73.67176055908203,-29.99972915649414
39.40783670199971,waypoint_1,-21.987503051757812,-73.76380920410156,-29.99908447265625
39.44185205899976,waypoint_1,-22.02029800415039,-73.87881469726562,-29.99829864501953
39.47387153999989,waypoint_1,-22.046485900878906,-73.97081756591797,-29.997730255126953
39.507780096999795,waypoint_1,-22.072620391845703,-74.0628433227539,-29.997268676757812
39.54180639199967,waypoint_1,-22.098709106445312,-74.15491485595703,-29.996917724609375
39.57382887699987,waypoint_1,-22.12476348876953,-74.24703979492188,-29.99673080444336
39.60778255900004,waypoint_1,-22.15078353881836,-74.33922576904297,-29.996700286865234
39.6418444410001,waypoint_1,-22.18324851989746,-74.45451354980469,-29.99671173095703
39.673840776999896,waypoint_1,-22.209218978881836,-74.54679870605469,-29.99675750732422
39.70783649199984,waypoint_1,-22.235157012939453,-74.63909912109375,-29.996788024902344
39.741833744999894,waypoint_1,-22.26105499267578,-74.73141479492188,-29.996837615966797
39.77387375499984,waypoint_1,-22.286882400512695,-74.82378387451172,-29.996917724609375
39.80783014300005,waypoint_1,-22.312652587890625,-74.91622161865234,-29.997005462646484
39.841879858000084,waypoint_1,-22.344762802124023,-75.03179931640625,-29.997146606445312
39.873896780999985,waypoint_2,-22.370365142822266,-75.12425994873047,-29.997249603271484
39.90782952900008,waypoint_2,-22.39586639404297,-75.2166976928711,-29.997272491455078
39.94188827700009,waypoint_2,-22.42129898071289,-75.3091049194336,-29.997188568115234
39.97386500899984,waypoint_2,-22.44661521911621,-75.40145874023438,-29.99734878540039
40.007830701999865,waypoint_2,-22.471763610839844,-75.49371337890625,-29.998882293701172
40.04183796799998,waypoint_2,-22.502735137939453,-75.60874938964844,-30.003063201904297
40.07487392699977,waypoint_2,-22.526803970336914,-75.7004165649414,-30.00790023803711
40.10885629299992,waypoint_2,-22.549800872802734,-75.79168701171875,-30.013694763183594
40.14286473099992,waypoint_2,-22.571266174316406,-75.88251495361328,-30.020015716552734
40.17486823699983,waypoint_2,-22.590669631958008,-75.97280883789062,-30.02649688720703
40.208845673999804,waypoint_2,-22.607542037963867,-76.06253814697266,-30.032791137695312
40.24286581399974,waypoint_2,-22.62436294555664,-76.17375946044922,-30.039840698242188
40.27486519100012,waypoint_2,-22.634124755859375,-76.2619400024414,-30.04458999633789
40.30885385500005,waypoint_2,-22.64032554626465,-76.34938049316406,-30.04842758178711
40.34286014400004,waypoint_2,-22.642780303955078,-76.43608093261719,-30.051353454589844
40.3748672429997,waypoint_2,-22.641321182250977,-76.52212524414062,-30.05337142944336
40.41033908899999,waypoint_2,-22.636127471923828,-76.6075668334961,-30.054466247558594
40.44431032300008,waypoint_2,-22.624094009399414,-76.71344757080078,-30.054729461669922
40.47634122699992,waypoint_2,-22.61027717590332,-76.7974624633789,-30.05413055419922
40.51031411399981,waypoint_2,-22.592771530151367,-76.88089752197266,-30.052875518798828
40.54430719899983,waypoint_2,-22.57172393798828,-76.96376037597656,-30.05107879638672
40.57636216899982,waypoint_2,-22.547283172607422,-77.04608917236328,-30.04886245727539
40.61033467700008,waypoint_2,-22.519588470458984,-77.1279067993164,-30.046371459960938
40.64432356399993,waypoint_2,-22.48061752319336,-77.22952270507812,-30.04300308227539
40.6763410589997,waypoint_2,-22.446372985839844,-77.31035614013672,-30.040176391601562
40.71034673899976,waypoint_2,-22.409442901611328,-77.39079284667969,-30.03722381591797
40.74430438199988,waypoint_2,-22.370019912719727,-77.47086334228516,-30.034236907958984
40.77634254099985,waypoint_2,-22.328289031982422,-77.55057525634766,-30.031280517578125
40.810320796999804,waypoint_2,-22.284475326538086,-77.62999725341797,-30.0283203125
40.84431225799972,waypoint_2,-22.227149963378906,-77.72892761230469,-30.024738311767578
40.87634834599976,waypoint_2,-22.17951202392578,-77.80787658691406,-30.022010803222656
40.910356798000066,waypoint_2,-22.130449295043945,-77.88672637939453,-30.01943588256836
40.94430992799971,waypoint_2,-22.08017349243164,-77.96546936035156,-30.01702880859375
40.97634197599973,waypoint_2,-22.028804779052734,-78.04410552978516,-30.01479721069336
41.010316716000034,waypoint_2,-21.97649383544922,-78.12265014648438,-30.012775421142578
41.04436398600001,waypoint_2,-21.909954071044922,-78.22071838378906,-30.01059341430664
41.07633928599989,waypoint_2,-21.85593032836914,-78.29911804199219,-30.009132385253906
41.110326106999764,waypoint_2,-21.801311492919922,-78.37752532958984,-30.007911682128906
41.14430881999988,waypoint_2,-21.746187210083008,-78.45596313476562,-30.006881713867188
41.17634171100008,waypoint_2,-21.690629959106445,-78.53446960449219,-30.00601577758789
41.210330835999684,waypoint_2,-21.634679794311523,-78.61299896240234,-30.005325317382812
41.24431533100005,waypoint_2,-21.564361572265625,-78.71131896972656,-30.00479507446289
41.27638752699977,waypoint_2,-21.50786781311035,-78.79007720947266,-30.004600524902344
41.3103173569998,waypoint_2,-21.451229095458984,-78.86894226074219,-30.004547119140625
41.344307616999686,waypoint_2,-21.394512176513672,-78.94792938232422,-30.004615783691406
41.376404214000104,waypoint_2,-21.337783813476562,-79.02703094482422,-30.004779815673828
41.410307759999796,waypoint_2,-21.281057357788086,-79.10623168945312,-30.005016326904297
41.44434693099993,waypoint_2,-21.21013641357422,-79.20539855957031,-30.00536346435547
41.47633963099997,waypoint_2,-21.153324127197266,-79.28474426269531,-30.005645751953125
41.51032946999976,waypoint_2,-21.096487045288086,-79.36407470703125,-30.00592803955078
41.54432943699976,waypoint_2,-21.03963851928711,-79.443359375,-30.006145477294922
41.57633086299984,waypoint_2,-20.98279571533203,-79.52256774902344,-30.006343841552734
41.61032370699968,waypoint_2,-20.925987243652344,-79.60167694091797,-30.00655746459961
41.64435371499985,waypoint_2,-20.85503387451172,-79.70042419433594,-30.006900787353516
41.67633840899998,waypoint_2,-20.79837417602539,-79.779296875,-30.00725555419922
41.710326174999864,waypoint_2,-20.741762161254883,-79.85799407958984,-30.007598876953125
41.7443420579998,waypoint_2,-20.685134887695312,-79.93651580810547,-30.007923126220703
41.776354286999776,waypoint_2,-20.62858009338379,-80.01488494873047,-30.008235931396484
41.81032768499972,waypoint_2,-20.572063446044922,-80.09314727783203,-30.008522033691406
41.844326163000005,waypoint_2,-20.501405715942383,-80.1908187866211,-30.008892059326172
41.8763450890001,waypoint_2,-20.444808959960938,-80.26883697509766,-30.009109497070312
41.91038463699988,waypoint_2,-20.388154983520508,-80.34676361083984,-30.009193420410156
41.944320651,waypoint_2,-20.33148193359375,-80.42459106445312,-30.00916290283203
41.97635420500001,waypoint_2,-20.274789810180664,-80.50231170654297,-30.009052276611328
42.01032247100011,waypoint_2,-20.21804428100586,-80.57991027832031,-30.008960723876953
42.04438381299997,waypoint_2,-20.147123336791992,-80.67674255371094,-30.00881576538086
42.07634340200002,waypoint_2,-20.090417861938477,-80.75408172607422,-30.00865936279297
42.110328038999796,waypoint_2,-20.03373146057129,-80.83129119873047,-30.008502960205078
42.144321366999975,waypoint_2,-19.977100372314453,-80.90840911865234,-30.00830078125
42.176342250999824,waypoint_2,-19.920490264892578,-80.98548889160156,-30.00806427001953
42.210338845000024,waypoint_2,-19.86385726928711,-81.06256866455078,-30.007884979248047
42.244336347999706,waypoint_2,-19.7929744720459,-81.15892791748047,-30.007572174072266
42.276339021999775,waypoint_2,-19.736194610595703,-81.23602294921875,-30.007266998291016
42.31034046200011,waypoint_2,-19.679384231567383,-81.3131332397461,-30.006919860839844
42.34435640999982,waypoint_2,-19.622604370117188,-81.3902587890625,-30.006500244140625
42.37634565500002,waypoint_2,-19.56586456298828,-81.46733856201172,-30.006019592285156
42.41032631200005,waypoint_2,-19.509183883666992,-81.54439544677734,-30.00552749633789
42.44432559100005,waypoint_2,-19.438405990600586,-81.64070892333984,-30.004924774169922
42.4763450559999,waypoint_2,-19.381868362426758,-81.71780395507812,-30.004531860351562
42.51031179999973,waypoint_2,-19.32536506652832,-81.79496002197266,-30.004215240478516
42.544314892999864,waypoint_2,-19.26881980895996,-81.87211608886719,-30.003887176513672
42.576339043999724,waypoint_2,-19.212329864501953,-81.94928741455078,-30.00356674194336
42.61031015299977,waypoint_2,-19.155866622924805,-82.02648162841797,-30.003318786621094
42.64556962500001,waypoint_2,-19.085296630859375,-82.12297058105469,-30.003074645996094
42.67759075999993,waypoint_2,-19.028854370117188,-82.2001724243164,-30.002971649169922
42.711564371999884,waypoint_2,-18.972421646118164,-82.27735137939453,-30.002925872802734
42.74550874799979,waypoint_2,-18.915987014770508,-82.3545150756836,-30.002971649169922
42.77758442000004,waypoint_2,-18.85956573486328,-82.43170928955078,-30.00305938720703
42.811520657000074,waypoint_2,-18.803050994873047,-82.50887298583984,-30.003124237060547
42.84551511299969,waypoint_2,-18.73224449157715,-82.60528564453125,-30.003253936767578
42.8775482609999,waypoint_2,-18.675487518310547,-82.68238830566406,-30.003414154052734
42.911520256999665,waypoint_2,-18.618642807006836,-82.75942993164062,-30.00360107421875
42.94555252000009,waypoint_2,-18.561738967895508,-82.8364028930664,-30.00375747680664
42.97752845099967,waypoint_2,-18.504737854003906,-82.91331481933594,-30.003883361816406
43.01153734399986,waypoint_2,-18.447620391845703,-82.99018096923828,-30.0040283203125
43.045539302999714,waypoint_2,-18.3760986328125,-83.08613586425781,-30.004180908203125
43.07756516900008,waypoint_2,-18.31888771057129,-83.16278076171875,-30.00428009033203
43.111567338999976,waypoint_2,-18.261747360229492,-83.23934173583984,-30.004409790039062
43.14556829999992,waypoint_2,-18.20461654663086,-83.31587219238281,-30.00457000732422
43.177597777999836,waypoint_2,-18.14744758605957,-83.39234924316406,-30.00476837158203
43.21155894399999,waypoint_2,-18.090240478515625,-83.46875,-30.004932403564453
43.24555656599978,waypoint_2,-18.018653869628906,-83.56409454345703,-30.005142211914062
43.277568599999995,waypoint_2,-17.9612979888916,-83.64028930664062,-30.005245208740234
43.311593656999776,waypoint_2,-17.90382194519043,-83.7164535522461,-30.005252838134766
43.34559762899971,waypoint_2,-17.846303939819336,-83.79255676269531,-30.005207061767578
43.37757303199987,waypoint_2,-17.788742065429688,-83.86861419677734,-30.005046844482422
43.411558283999966,waypoint_2,-17.731185913085938,-83.94462585449219,-30.004837036132812
43.445599839999886,waypoint_2,-17.659217834472656,-84.03964233398438,-30.00442886352539
43.4775984529997,waypoint_2,-17.601652145385742,-84.1156234741211,-30.00400161743164
43.51156824100008,waypoint_2,-17.544105529785156,-84.19158172607422,-30.003501892089844
43.54558830799988,waypoint_2,-17.48652458190918,-84.26750946044922,-30.002872467041016
43.57757285999969,waypoint_2,-17.42885971069336,-84.34341430664062,-30.00216293334961
43.611554995000006,waypoint_2,-17.37118911743164,-84.41930389404297,-30.001365661621094
43.64555775100007,waypoint_2,-17.299083709716797,-84.51409149169922,-30.000267028808594
43.6775788519999,waypoint_2,-17.24137306213379,-84.58987426757812,-29.999385833740234
43.71161376600003,waypoint_2,-17.183622360229492,-84.6656494140625,-29.998504638671875
43.74553868699968,waypoint_2,-17.125802993774414,-84.74142456054688,-29.997634887695312
43.77763829700007,waypoint_2,-17.067888259887695,-84.81722259521484,-29.99681854248047
43.81156767199991,waypoint_2,-17.009923934936523,-84.8930892944336,-29.99606704711914
43.84558120199972,waypoint_2,-16.937397003173828,-84.9880599975586,-29.99530792236328
43.8775900669998,waypoint_2,-16.879358291625977,-85.06414031982422,-29.994827270507812
43.9116056529997,waypoint_2,-16.8212833404541,-85.14028930664062,-29.994434356689453
43.94361164699967,waypoint_2,-16.763198852539062,-85.216552734375,-29.99414825439453
43.97763763000012,waypoint_2,-16.705114364624023,-85.29293823242188,-29.993919372558594
44.01156631599997,waypoint_2,-16.647005081176758,-85.36940002441406,-29.99378204345703
44.04355853299967,waypoint_2,-16.588838577270508,-85.44590759277344,-29.993671417236328
44.07762430899993,waypoint_2,-16.516033172607422,-85.5416030883789,-29.993553161621094
44.111571616999754,waypoint_2,-16.457706451416016,-85.6181869506836,-29.99343490600586
44.143647857999895,waypoint_2,-16.399375915527344,-85.69478607177734,-29.99337387084961
44.17759155099975,waypoint_2,-16.341066360473633,-85.77136993408203,-29.993350982666016
44.21156309299977,waypoint_2,-16.28276252746582,-85.84795379638672,-29.993343353271484
44.243531359999906,waypoint_2,-16.224449157714844,-85.92452239990234,-29.993328094482422
44.27756950599996,waypoint_2,-16.15151023864746,-86.0202407836914,-29.993289947509766
44.31155573899969,waypoint_2,-16.093109130859375,-86.09679412841797,-29.993209838867188
44.34353294399989,waypoint_2,-16.034608840942383,-86.17334747314453,-29.993099212646484
44.37758351399998,waypoint_2,-15.97602367401123,-86.24986267089844,-29.99298095703125
44.411561511999935,waypoint_2,-15.917379379272461,-86.32634735107422,-29.992889404296875
44.44356849699989,waypoint_2,-15.85865306854248,-86.40277862548828,-29.99285125732422
44.47760350699991,waypoint_2,-15.785115242004395,-86.49832153320312,-29.99291229248047
44.5115740010001,waypoint_2,-15.726183891296387,-86.57477569580078,-29.993019104003906
44.54354157199987,waypoint_2,-15.66717529296875,-86.6512451171875,-29.993186950683594
44.577590597999915,waypoint_2,-15.608094215393066,-86.72772216796875,-29.993392944335938
44.611553879999974,waypoint_2,-15.548931121826172,-86.8042221069336,-29.993534088134766
44.64355259800004,waypoint_2,-15.48969841003418,-86.88072204589844,-29.99370574951172
44.67759037299993,waypoint_2,-15.4155912399292,-86.97631072998047,-29.993980407714844
44.711578621999706,waypoint_2,-15.356236457824707,-87.0527572631836,-29.994216918945312
44.743522779999694,waypoint_2,-15.296761512756348,-87.12923431396484,-29.994522094726562
44.777640440999676,waypoint_2,-15.23714828491211,-87.20579528808594,-29.994853973388672
44.81156435599996,waypoint_2,-15.177416801452637,-87.28241729736328,-29.995132446289062
44.84354281500009,waypoint_2,-15.117563247680664,-87.3591079711914,-29.99539566040039
44.87757140699978,waypoint_2,-15.042595863342285,-87.45511627197266,-29.995677947998047
44.911611298000025,waypoint_2,-14.982527732849121,-87.531982421875,-29.99584197998047
44.94357156899969,waypoint_2,-14.922383308410645,-87.60895538330078,-29.995994567871094
44.9776072059999,waypoint_2,-14.862213134765625,-87.68603515625,-29.99614715576172
45.011574642999676,waypoint_2,-14.802066802978516,-87.76318359375,-29.996265411376953
45.0435339769997,waypoint_2,-14.741928100585938,-87.84037780761719,-29.996280670166016
45.07762438000009,waypoint_2,-14.66676139831543,-87.93692779541016,-29.996089935302734
45.11157709500003,waypoint_2,-14.606653213500977,-88.01423645019531,-29.995803833007812
45.143562142000064,waypoint_2,-14.546587944030762,-88.09158325195312,-29.995445251464844
45.17759503499974,waypoint_2,-14.486536979675293,-88.16890716552734,-29.99506378173828
45.21156730299981,waypoint_2,-14.426488876342773,-88.24622344970703,-29.99456787109375
45.24353690499993,waypoint_2,-14.366439819335938,-88.323486328125,-29.993999481201172
45.277575324999816,waypoint_2,-14.291372299194336,-88.41999053955078,-29.99322509765625
45.31164156499972,waypoint_2,-14.231328010559082,-88.49715423583984,-29.99250030517578
45.34357408400001,waypoint_2,-14.171292304992676,-88.57430267333984,-29.991741180419922
45.37757553599977,waypoint_2,-14.111213684082031,-88.65139770507812,-29.990955352783203
45.411580261999916,waypoint_2,-14.051065444946289,-88.72843170166016,-29.9901123046875
45.44355897200012,waypoint_2,-13.990872383117676,-88.80538177490234,-29.989276885986328
45.47756757399975,waypoint_2,-13.915528297424316,-88.90144348144531,-29.98818588256836
45.51158391499985,waypoint_2,-13.855162620544434,-88.97817993164062,-29.98731231689453
45.543587733000095,waypoint_2,-13.79471206665039,-89.05484008789062,-29.986480712890625
45.57759996200002,waypoint_2,-13.734155654907227,-89.13142395019531,-29.98569107055664
45.611574608999945,waypoint_2,-13.673517227172852,-89.20793151855469,-29.984962463378906
45.643566921,waypoint_2,-13.612822532653809,-89.28433227539062,-29.984302520751953
45.67758547299991,waypoint_2,-13.536916732788086,-89.37966918945312,-29.983596801757812
45.71173061899981,waypoint_2,-13.476195335388184,-89.45585632324219,-29.98311996459961
45.74354018199983,waypoint_2,-13.415434837341309,-89.531982421875,-29.982707977294922
45.777590662999955,waypoint_2,-13.354674339294434,-89.60809326171875,-29.98236846923828
45.81164093899997,waypoint_2,-13.293913841247559,-89.68416595458984,-29.98211669921875
45.84356711999999,waypoint_2,-13.23315143585205,-89.76021575927734,-29.981998443603516
45.87757341099996,waypoint_2,-13.157227516174316,-89.85533905029297,-29.981990814208984
45.91155957199999,waypoint_2,-13.096487045288086,-89.9315185546875,-29.98202133178711
45.94356894299972,waypoint_2,-13.035806655883789,-90.00777435302734,-29.982112884521484
45.9775670250001,waypoint_2,-12.975259780883789,-90.08403778076172,-29.982257843017578
46.011637186999906,waypoint_2,-12.91482925415039,-90.16038513183594,-29.982379913330078
46.0435503599997,waypoint_2,-12.854507446289062,-90.23677062988281,-29.98248291015625
46.07758555200007,waypoint_2,-12.779217720031738,-90.33226776123047,-29.982540130615234
46.111550350000016,waypoint_2,-12.719064712524414,-90.40867614746094,-29.982532501220703
46.143554973999926,waypoint_2,-12.658961296081543,-90.48504638671875,-29.982452392578125
46.177536360999966,waypoint_2,-12.598899841308594,-90.5613784790039,-29.98236083984375
46.211531185999775,waypoint_2,-12.538846015930176,-90.63761138916016,-29.98230743408203
46.24355123999976,waypoint_2,-12.478837013244629,-90.7137451171875,-29.98229217529297
46.27752639399978,waypoint_2,-12.403909683227539,-90.80880737304688,-29.982322692871094
46.31158175599967,waypoint_2,-12.343962669372559,-90.88479614257812,-29.982410430908203
46.343567627000084,waypoint_2,-12.283995628356934,-90.96073150634766,-29.982467651367188
46.37757088999979,waypoint_2,-12.223976135253906,-91.03662872314453,-29.982486724853516
46.411627815999964,waypoint_2,-12.164016723632812,-91.11247253417969,-29.982505798339844
46.44362799999999,waypoint_2,-12.104138374328613,-91.1883316040039,-29.98248291015625
46.4775591130001,waypoint_2,-12.029426574707031,-91.28321075439453,-29.98236083984375
46.511576306999814,waypoint_2,-11.969732284545898,-91.35910034179688,-29.982227325439453
46.543572026999755,waypoint_2,-11.910137176513672,-91.43500518798828,-29.982032775878906
46.57757903999982,waypoint_2,-11.850526809692383,-91.51091766357422,-29.98177719116211
46.611580343999776,waypoint_2,-11.790921211242676,-91.58683776855469,-29.981460571289062
46.643602760999784,waypoint_2,-11.731330871582031,-91.66278839111328,-29.981151580810547
46.677578492000066,waypoint_2,-11.656895637512207,-91.75774383544922,-29.980751037597656
46.71156475299995,waypoint_2,-11.597414016723633,-91.83370971679688,-29.98040008544922
46.743572648999816,waypoint_2,-11.538025856018066,-91.90967559814453,-29.980072021484375
46.777608641999905,waypoint_2,-11.478769302368164,-91.98565673828125,-29.979705810546875
46.811579919999986,waypoint_2,-11.419614791870117,-92.06169891357422,-29.97940444946289
46.8435728139998,waypoint_2,-11.360565185546875,-92.1378173828125,-29.97916030883789
46.87759042700009,waypoint_2,-11.286783218383789,-92.23310089111328,-29.978851318359375
46.911592005999864,waypoint_2,-11.227839469909668,-92.30941009521484,-29.978572845458984
46.9435802969997,waypoint_2,-11.168940544128418,-92.38579559326172,-29.978336334228516
46.977611089999755,waypoint_2,-11.110062599182129,-92.4622573852539,-29.978137969970703
47.01157195099995,waypoint_2,-11.051179885864258,-92.53874969482422,-29.977893829345703
47.04357018499968,waypoint_2,-10.992314338684082,-92.61528015136719,-29.97772216796875
47.077569049999966,waypoint_2,-10.918670654296875,-92.71107482910156,-29.977581024169922
47.11157186999981,waypoint_2,-10.859726905822754,-92.78781127929688,-29.977527618408203
47.1439815839999,waypoint_2,-10.80075454711914,-92.86457824707031,-29.977561950683594
47.17759150999973,waypoint_2,-10.741762161254883,-92.94129943847656,-29.977672576904297
47.21156507299975,waypoint_2,-10.682751655578613,-93.01799011230469,-29.97785186767578
47.244099905999974,waypoint_2,-10.623741149902344,-93.09466552734375,-29.97808837890625
47.277581004999774,waypoint_2,-10.5499906539917,-93.19054412841797,-29.97850799560547
47.31157840900005,waypoint_2,-10.491039276123047,-93.26730346679688,-29.978946685791016
47.343719686999975,waypoint_2,-10.43213939666748,-93.34414672851562,-29.979476928710938
47.37759463900011,waypoint_2,-10.373298645019531,-93.42109680175781,-29.980064392089844
47.411586825000086,waypoint_2,-10.314494132995605,-93.49813079833984,-29.980613708496094
47.44357890099991,waypoint_2,-10.255735397338867,-93.57522583007812,-29.981185913085938
47.47758337100004,waypoint_2,-10.182394981384277,-93.67164611816406,-29.981945037841797
47.5116041440001,waypoint_2,-10.123753547668457,-93.74884796142578,-29.982566833496094
47.543578243999946,waypoint_2,-10.065134048461914,-93.82608032226562,-29.983192443847656
47.577528655999686,waypoint_2,-10.006543159484863,-93.90335845947266,-29.98379898071289
47.61157298099988,waypoint_2,-9.948015213012695,-93.98066711425781,-29.984375
47.64357367000002,waypoint_2,-9.889547348022461,-94.0580062866211,-29.984874725341797
47.6775856029999,waypoint_2,-9.816513061523438,-94.15474700927734,-29.98531723022461
47.71157928100001,waypoint_2,-9.758077621459961,-94.23220825195312,-29.98554229736328
47.743687061999935,waypoint_2,-9.699665069580078,-94.30974578857422,-29.985698699951172
47.777602405999914,waypoint_2,-9.641263008117676,-94.38734436035156,-29.985801696777344
47.81157372500002,waypoint_2,-9.5828857421875,-94.4649658203125,-29.985858917236328
47.84352272199976,waypoint_2,-9.524554252624512,-94.54261779785156,-29.98593521118164
47.87763197100003,waypoint_2,-9.451647758483887,-94.63970947265625,-29.986053466796875
47.911632088999795,waypoint_2,-9.393317222595215,-94.71737670898438,-29.986083984375
47.94361954299984,waypoint_2,-9.334992408752441,-94.7950439453125,-29.986087799072266
47.97760414499999,waypoint_2,-9.276639938354492,-94.8726806640625,-29.986072540283203
48.011613432000104,waypoint_2,-9.218284606933594,-94.95030975341797,-29.98603057861328
48.04352358799997,waypoint_2,-9.159929275512695,-95.0279541015625,-29.98602294921875
48.07758973499995,waypoint_2,-9.086973190307617,-95.12499237060547,-29.98604965209961
48.11166270300009,waypoint_2,-9.028557777404785,-95.2026138305664,-29.986045837402344
48.143582088999665,waypoint_2,-8.970080375671387,-95.28022766113281,-29.986045837402344
48.17761001100007,waypoint_2,-8.911551475524902,-95.35786437988281,-29.98604965209961
48.211718395999924,waypoint_2,-8.852959632873535,-95.43556213378906,-29.986000061035156
48.24362321699982,waypoint_2,-8.794304847717285,-95.51333618164062,-29.985965728759766
48.27764289600009,waypoint_2,-8.72091007232666,-95.61060333251953,-29.985904693603516
48.31161873700012,waypoint_2,-8.662153244018555,-95.68843078613281,-29.98583221435547
48.34353945699968,waypoint_2,-8.603403091430664,-95.7662353515625,-29.985767364501953
48.37761052699989,waypoint_2,-8.544608116149902,-95.84402465820312,-29.9857177734375
48.41165437099971,waypoint_2,-8.485756874084473,-95.92179870605469,-29.985694885253906
48.44357824999997,waypoint_2,-8.426843643188477,-95.99952697753906,-29.985698699951172
48.47773453599984,waypoint_2,-8.353118896484375,-96.09660339355469,-29.985748291015625
48.51160326599984,waypoint_2,-8.2941312789917,-96.17415618896484,-29.985816955566406
48.54365983599973,waypoint_2,-8.235121726989746,-96.2516860961914,-29.985889434814453
48.57764895599985,waypoint_2,-8.176095008850098,-96.32917785644531,-29.985942840576172
48.61162793499989,waypoint_2,-8.117087364196777,-96.40662384033203,-29.985923767089844
48.64364502199987,waypoint_2,-8.058086395263672,-96.48403930664062,-29.985877990722656
48.67770408499973,waypoint_2,-7.984365940093994,-96.58085632324219,-29.985736846923828
48.711656882999705,waypoint_2,-7.925443172454834,-96.65834045410156,-29.985515594482422
48.74364487499997,waypoint_2,-7.866544723510742,-96.73583221435547,-29.985214233398438
48.77767125399987,waypoint_2,-7.807652473449707,-96.81331634521484,-29.98483657836914
48.81163721299981,waypoint_2,-7.748761177062988,-96.89082336425781,-29.98431396484375
48.84357605800005,waypoint_2,-7.689854621887207,-96.96837615966797,-29.983768463134766
48.877609587999814,waypoint_2,-7.616272926330566,-97.06526947021484,-29.983123779296875
48.91163729599975,waypoint_2,-7.5574517250061035,-97.14276885986328,-29.982608795166016
48.94355957400012,waypoint_2,-7.498659610748291,-97.22026062011719,-29.9820556640625
48.97759313200004,waypoint_2,-7.439901351928711,-97.29773712158203,-29.981502532958984
49.01187460899973,waypoint_2,-7.381237983703613,-97.37519073486328,-29.98104476928711
49.043599344000086,waypoint_2,-7.322633266448975,-97.45262908935547,-29.980628967285156
49.077599907999684,waypoint_2,-7.249439716339111,-97.54935455322266,-29.98019027709961
49.11167031900004,waypoint_2,-7.190852165222168,-97.62665557861328,-29.97988510131836
49.143645089000074,waypoint_2,-7.132270812988281,-97.70390319824219,-29.979652404785156
49.17760631500005,waypoint_2,-7.073662281036377,-97.78109741210938,-29.979454040527344
49.21208728900001,waypoint_2,-7.015040874481201,-97.8582534790039,-29.97930145263672
49.24365284099986,waypoint_2,-6.956369400024414,-97.93543243408203,-29.979167938232422
49.27765417599994,waypoint_2,-6.882933616638184,-98.03193664550781,-29.979049682617188
49.31162967399996,waypoint_2,-6.824182987213135,-98.109130859375,-29.978954315185547
49.343588929999896,waypoint_2,-6.76547384262085,-98.18629455566406,-29.97888946533203
49.3776824900001,waypoint_2,-6.706745147705078,-98.2634506225586,-29.97887420654297
49.411664776999714,waypoint_2,-6.648082733154297,-98.34052276611328,-29.978904724121094
49.443650688999696,waypoint_2,-6.589442729949951,-98.41754150390625,-29.97894287109375
49.4776394380001,waypoint_2,-6.516165256500244,-98.51374816894531,-29.979000091552734
49.511648128999695,waypoint_2,-6.457526206970215,-98.59075164794922,-29.979076385498047
49.54365197900006,waypoint_2,-6.3988938331604,-98.66780090332031,-29.979164123535156
49.57760080499975,waypoint_2,-6.340275287628174,-98.74485778808594,-29.979232788085938
49.61160009200012,waypoint_2,-6.281722545623779,-98.82197570800781,-29.979286193847656
49.64361402199984,waypoint_2,-6.223199367523193,-98.89907836914062,-29.979351043701172
49.67764155799978,waypoint_2,-6.150143146514893,-98.99546813964844,-29.979476928710938
49.71168532699994,waypoint_2,-6.09175443649292,-99.07258605957031,-29.979507446289062
49.743637904000025,waypoint_2,-6.033422946929932,-99.14972686767578,-29.97957992553711
49.777787799999714,waypoint_2,-5.975162029266357,-99.22689819335938,-29.97968292236328
49.8117828659997,waypoint_2,-5.916960716247559,-99.30409240722656,-29.979839324951172
49.84364799500008,waypoint_2,-5.858805179595947,-99.38130187988281,-29.979984283447266
49.87765639999998,waypoint_2,-5.7861762046813965,-99.47793579101562,-29.98017120361328
49.911672224000085,waypoint_2,-5.728208065032959,-99.55529022216797,-29.980327606201172
49.943668978000005,waypoint_2,-5.670360565185547,-99.63265991210938,-29.980510711669922
49.977669891000005,waypoint_2,-5.612654209136963,-99.71006774902344,-29.980751037597656
50.012441025000044,waypoint_2,-5.55509614944458,-99.78752136230469,-29.980972290039062
50.04368857500003,waypoint_2,-5.497666358947754,-99.86495971679688,-29.98126983642578
50.0776668059998,waypoint_2,-5.426052570343018,-99.9618148803711,-29.981693267822266
50.1116642500001,waypoint_2,-5.368932247161865,-100.03929138183594,-29.981971740722656
50.14373574199999,waypoint_2,-5.311920166015625,-100.11673736572266,-29.982189178466797
50.177608188999784,waypoint_2,-5.254964828491211,-100.19413757324219,-29.982376098632812
50.21227452899984,waypoint_2,-5.198105812072754,-100.27149200439453,-29.98244857788086
50.24365603999968,waypoint_2,-5.141293048858643,-100.34878540039062,-29.98241424560547
50.27762473799976,waypoint_2,-5.070298194885254,-100.44530487060547,-29.982250213623047
50.31160562700006,waypoint_2,-5.013457298278809,-100.52252197265625,-29.98206329345703
50.34360958299976,waypoint_2,-4.956531524658203,-100.59976196289062,-29.981788635253906
50.37759449999976,waypoint_2,-4.899478912353516,-100.67701721191406,-29.981456756591797
50.411642951999966,waypoint_2,-4.84231424331665,-100.75428009033203,-29.981136322021484
50.44366065699978,waypoint_2,-4.785103797912598,-100.83152770996094,-29.980945587158203
50.477595586999996,waypoint_2,-4.713498115539551,-100.92815399169922,-29.980815887451172
50.51163645999986,waypoint_2,-4.656135082244873,-101.00553894042969,-29.980731964111328
50.54379025499975,waypoint_2,-4.59869909286499,-101.08300018310547,-29.980693817138672
50.5776534229999,waypoint_2,-4.541212558746338,-101.16053009033203,-29.980670928955078
50.61161104899975,waypoint_2,-4.483671188354492,-101.23812866210938,-29.980655670166016
50.64364806999993,waypoint_2,-4.426084041595459,-101.31578826904297,-29.98065948486328
50.67764485199996,waypoint_2,-4.354076385498047,-101.41291046142578,-29.980663299560547
50.711739509999916,waypoint_2,-4.296489238739014,-101.49063110351562,-29.980682373046875
50.743630418000066,waypoint_2,-4.238917350769043,-101.5683822631836,-29.980701446533203
50.777635236999686,waypoint_2,-4.181304931640625,-101.64617156982422,-29.980743408203125
50.811653295999804,waypoint_2,-4.123616695404053,-101.72399139404297,-29.980838775634766
50.84365199900003,waypoint_2,-4.065867900848389,-101.80186462402344,-29.981002807617188
50.87762785199993,waypoint_2,-3.9936318397521973,-101.89921569824219,-29.981319427490234
50.91164801700006,waypoint_2,-3.9358513355255127,-101.97708892822266,-29.981632232666016
50.94365751799978,waypoint_2,-3.878087043762207,-102.05491638183594,-29.981952667236328
50.977650295999865,waypoint_2,-3.8203728199005127,-102.13267517089844,-29.982276916503906
51.01200281399997,waypoint_2,-3.7627341747283936,-102.2103500366211,-29.98257827758789
51.04364362899969,waypoint_2,-3.705153226852417,-102.2879409790039,-29.98290252685547
51.07766218100005,waypoint_2,-3.63324236869812,-102.38481903076172,-29.98334503173828
51.11165988599987,waypoint_2,-3.5758070945739746,-102.4622802734375,-29.983665466308594
51.14365135099979,waypoint_2,-3.518467426300049,-102.53968811035156,-29.983985900878906
51.17764015800003,waypoint_2,-3.461219310760498,-102.61707305908203,-29.984310150146484
51.21163591599998,waypoint_2,-3.4040274620056152,-102.6944580078125,-29.98467254638672
51.24360724200005,waypoint_2,-3.346883773803711,-102.7718276977539,-29.98501968383789
51.277610464999725,waypoint_2,-3.2755048274993896,-102.8685073852539,-29.985427856445312
51.31164739499991,waypoint_2,-3.2183926105499268,-102.94580841064453,-29.985763549804688
51.343584142000054,waypoint_2,-3.161285877227783,-103.02306365966797,-29.986099243164062
51.3776014289997,waypoint_2,-3.1042284965515137,-103.10028839111328,-29.986446380615234
51.411676500999874,waypoint_2,-3.0472326278686523,-103.1775131225586,-29.986835479736328
51.44356210599972,waypoint_2,-2.9903061389923096,-103.25471496582031,-29.987178802490234
51.477653089999876,waypoint_2,-2.9192159175872803,-103.35118865966797,-29.987518310546875
51.5116738239999,waypoint_2,-2.8624002933502197,-103.42835998535156,-29.98775863647461
51.54356783200001,waypoint_2,-2.805657386779785,-103.50552368164062,-29.98790740966797
51.57768916899977,waypoint_2,-2.7490105628967285,-103.58267211914062,-29.987960815429688
51.612045554999895,waypoint_2,-2.692453622817993,-103.65980529785156,-29.987934112548828
51.64358029999994,waypoint_2,-2.6359684467315674,-103.73693084716797,-29.987850189208984
51.6776703139999,waypoint_2,-2.5654287338256836,-103.83334350585938,-29.987659454345703
51.711692905999826,waypoint_2,-2.5090463161468506,-103.91045379638672,-29.987411499023438
51.74356966300002,waypoint_2,-2.4527108669281006,-103.987548828125,-29.987049102783203
51.77767481899991,waypoint_2,-2.3963892459869385,-104.06463623046875,-29.986629486083984
51.811692472999766,waypoint_2,-2.3400468826293945,-104.1417236328125,-29.986225128173828
51.84356769599981,waypoint_2,-2.283649444580078,-104.2188949584961,-29.985763549804688
51.877662208999936,waypoint_2,-2.2130837440490723,-104.31546783447266,-29.985118865966797
51.91162414399969,waypoint_2,-2.1565823554992676,-104.39276123046875,-29.984596252441406
51.94359793800004,waypoint_2,-2.100067615509033,-104.47006225585938,-29.984085083007812
51.97760742199989,waypoint_2,-2.0435845851898193,-104.54740905761719,-29.983596801757812
52.01164281000001,waypoint_2,-1.9871609210968018,-104.62480163574219,-29.983036041259766
52.043569960999776,waypoint_2,-1.930788278579712,-104.70219421386719,-29.982513427734375
52.07763302700005,waypoint_2,-1.8604029417037964,-104.79896545410156,-29.981887817382812
52.11170175999996,waypoint_2,-1.8041805028915405,-104.87645721435547,-29.98147964477539
52.14355559899968,waypoint_2,-1.7480289936065674,-104.95401763916016,-29.9810791015625
52.17765839499998,waypoint_2,-1.691910743713379,-105.03163146972656,-29.98070526123047
52.21165377699981,waypoint_2,-1.63581383228302,-105.10932159423828,-29.980342864990234
52.243514908999714,waypoint_2,-1.579715371131897,-105.18706512451172,-29.980052947998047
52.2775892489999,waypoint_2,-1.5095618963241577,-105.28427124023438,-29.979801177978516
52.31165221599986,waypoint_2,-1.453410029411316,-105.36206817626953,-29.979652404785156
52.34351902199978,waypoint_2,-1.3972092866897583,-105.43984985351562,-29.979572296142578
52.37777620299994,waypoint_2,-1.3409240245819092,-105.51759338378906,-29.979541778564453
52.41166868599976,waypoint_2,-1.2845275402069092,-105.59528350830078,-29.979564666748047
52.44355851799992,waypoint_2,-1.2280027866363525,-105.67294311523438,-29.97964859008789
52.477619647999745,waypoint_2,-1.1571522951126099,-105.77000427246094,-29.979877471923828
52.511623708000116,waypoint_2,-1.1002997159957886,-105.84757995605469,-29.980182647705078
52.543511682999906,waypoint_2,-1.043398141860962,-105.92510986328125,-29.98058319091797
52.57764832599969,waypoint_2,-0.9864778518676758,-106.0025863647461,-29.981060028076172
52.61168672099984,waypoint_2,-0.9294642210006714,-106.08000946044922,-29.981586456298828
52.643567939999684,waypoint_2,-0.8723357319831848,-106.15740203857422,-29.982254028320312
52.67866923099973,waypoint_2,-0.8007825613021851,-106.25407409667969,-29.983245849609375
52.712751260999994,waypoint_2,-0.7434540390968323,-106.33134460449219,-29.984195709228516
52.744685167999705,waypoint_2,-0.6860693693161011,-106.4085464477539,-29.985122680664062
52.77872291699987,waypoint_2,-0.6286160349845886,-106.48571014404297,-29.98601531982422
52.81272018899972,waypoint_2,-0.5711089372634888,-106.56282043457031,-29.986927032470703
52.844641863000106,waypoint_2,-0.5136163830757141,-106.639892578125,-29.987796783447266
52.87869404000003,waypoint_2,-0.441794753074646,-106.73625183105469,-29.988788604736328
52.91275802199971,waypoint_2,-0.38434502482414246,-106.81331634521484,-29.989444732666016
52.94467989399982,waypoint_2,-0.3269236385822296,-106.89038848876953,-29.990062713623047
52.978723032999824,waypoint_2,-0.2695173919200897,-106.96743774414062,-29.990615844726562
53.01899444799983,waypoint_2,-0.2121363878250122,-107.04449462890625,-29.991046905517578
53.054814778000036,waypoint_2,-0.15476258099079132,-107.12158966064453,-29.99140167236328
53.08902622400001,waypoint_2,-0.08304359763860703,-107.218017578125,-29.991775512695312
53.12300755199976,waypoint_2,-0.025663722306489944,-107.29513549804688,-29.992095947265625
53.15499392299989,waypoint_2,0.0317067950963974,-107.37223052978516,-29.99230194091797
53.18900441999995,waypoint_2,0.08903404325246811,-107.44931030273438,-29.992401123046875
53.224517703999936,waypoint_2,0.14630912244319916,-107.5263671875,-29.99240493774414
53.256491430000096,waypoint_2,0.2034851461648941,-107.6033935546875,-29.992382049560547
53.29159976599976,waypoint_2,0.2748284935951233,-107.69965362548828,-29.992290496826172
53.32557113499979,waypoint_2,0.33180752396583557,-107.77666473388672,-29.992111206054688
53.357589942999766,waypoint_2,0.38870981335639954,-107.85369873046875,-29.991931915283203
53.3915862419999,waypoint_2,0.4455339014530182,-107.9306869506836,-29.991729736328125
53.42559303200005,waypoint_2,0.5022960901260376,-108.00769805908203,-29.99142837524414
53.45755840799984,waypoint_2,0.5590146780014038,-108.08470916748047,-29.99117660522461
53.491580901999896,waypoint_2,0.6298574805259705,-108.18096923828125,-29.990875244140625
53.52556337499982,waypoint_2,0.6864830255508423,-108.2580337524414,-29.990612030029297
53.55754280099973,waypoint_2,0.7430398464202881,-108.33516693115234,-29.99038314819336
53.59160474400005,waypoint_2,0.7995093464851379,-108.4123764038086,-29.99018096923828
53.62554285899978,waypoint_2,0.855871319770813,-108.48961639404297,-29.989925384521484
53.657545449999816,waypoint_2,0.9120842814445496,-108.56682586669922,-29.989665985107422
53.691595392999716,waypoint_2,0.9821301102638245,-108.66326141357422,-29.98931884765625
53.72555712199983,waypoint_2,1.0380120277404785,-108.7403793334961,-29.989089965820312
53.75760834399989,waypoint_2,1.093807578086853,-108.81748962402344,-29.988941192626953
53.79163658199968,waypoint_2,1.1495304107666016,-108.89459228515625,-29.98888397216797
53.82555689799983,waypoint_2,1.2051600217819214,-108.97169494628906,-29.988929748535156
53.85757449399989,waypoint_2,1.2607100009918213,-109.04881286621094,-29.988994598388672
53.89166041599992,waypoint_2,1.3301036357879639,-109.145263671875,-29.989097595214844
53.92555756899992,waypoint_2,1.3856182098388672,-109.22246551513672,-29.98919677734375
53.957541010000114,waypoint_2,1.441122055053711,-109.29972839355469,-29.989242553710938
53.99160176899977,waypoint_2,1.49662184715271,-109.37702941894531,-29.989238739013672
54.025551823000114,waypoint_2,1.552125334739685,-109.45436096191406,-29.989246368408203
54.05757195699971,waypoint_2,1.6076068878173828,-109.53167724609375,-29.98926544189453
54.091644452999844,waypoint_2,1.6769672632217407,-109.6282730102539,-29.989334106445312
54.125561242,waypoint_2,1.7324854135513306,-109.70552825927734,-29.989463806152344
54.15757657899985,waypoint_2,1.788043737411499,-109.78279876708984,-29.989646911621094
54.19158193799967,waypoint_2,1.8436384201049805,-109.86011505126953,-29.989871978759766
54.22555743799967,waypoint_2,1.8992749452590942,-109.93751525878906,-29.990081787109375
54.25755155199977,waypoint_2,1.9549522399902344,-110.0150146484375,-29.990352630615234
54.291597897999964,waypoint_2,2.024582624435425,-110.112060546875,-29.990768432617188
54.32556642000009,waypoint_2,2.080320358276367,-110.1898422241211,-29.991146087646484
54.35754322499997,waypoint_2,2.1361072063446045,-110.26777648925781,-29.991565704345703
54.39164512999969,waypoint_2,2.191967010498047,-110.34584045410156,-29.99200439453125
54.425541393,waypoint_2,2.2478950023651123,-110.42395782470703,-29.992427825927734
54.45755060300007,waypoint_2,2.303898334503174,-110.5020980834961,-29.992778778076172
54.49159513399991,waypoint_2,2.3739748001098633,-110.5997543334961,-29.993087768554688
54.52555167699984,waypoint_2,2.4300785064697266,-110.67784118652344,-29.99323272705078
54.55762501499976,waypoint_2,2.4862060546875,-110.75590515136719,-29.99333953857422
54.5916082839999,waypoint_2,2.5423552989959717,-110.8339614868164,-29.993389129638672
54.62559901199984,waypoint_2,2.5985233783721924,-110.9119873046875,-29.993324279785156
54.65757803099996,waypoint_2,2.6547043323516846,-110.98999786376953,-29.993228912353516
54.69161205299997,waypoint_2,2.7249324321746826,-111.08747100830078,-29.99307632446289
54.725592993999726,waypoint_2,2.7811403274536133,-111.16542053222656,-29.99289321899414
54.75761214899967,waypoint_2,2.8373701572418213,-111.24333190917969,-29.992671966552734
54.79163382099978,waypoint_2,2.8935906887054443,-111.32122802734375,-29.992385864257812
54.82558983199988,waypoint_2,2.9497742652893066,-111.39909362792969,-29.992084503173828
54.857581327999924,waypoint_2,3.005937099456787,-111.47689819335938,-29.991764068603516
54.891637934999835,waypoint_2,3.0761492252349854,-111.57408142089844,-29.991371154785156
54.92558797699985,waypoint_2,3.1323318481445312,-111.65180969238281,-29.991031646728516
54.95758316399997,waypoint_2,3.188498020172119,-111.72954559326172,-29.99071502685547
54.99161190999985,waypoint_2,3.244645595550537,-111.80730438232422,-29.990394592285156
55.025637553999786,waypoint_2,3.3007724285125732,-111.88507080078125,-29.990039825439453
55.071943633000046,waypoint_2,3.356872797012329,-111.96283721923828,-29.98969268798828
55.105501645000004,waypoint_2,3.42692494392395,-112.06005859375,-29.989299774169922
55.13944829100001,waypoint_2,3.4829251766204834,-112.13785552978516,-29.989028930664062
55.17147335899972,waypoint_2,3.53891658782959,-112.21570587158203,-29.988750457763672
55.20547343699991,waypoint_2,3.5949020385742188,-112.29360961914062,-29.988452911376953
55.239447520999875,waypoint_2,3.6508517265319824,-112.37155151367188,-29.988201141357422
55.271477916000094,waypoint_2,3.7067627906799316,-112.4495620727539,-29.987903594970703
55.30549831799999,waypoint_2,3.7766218185424805,-112.54714965820312,-29.987499237060547
55.33952744999988,waypoint_2,3.832526683807373,-112.62528228759766,-29.98721694946289
55.371535217999735,waypoint_2,3.8884849548339844,-112.70343017578125,-29.987014770507812
55.4055122259997,waypoint_2,3.944488286972046,-112.78156280517578,-29.986915588378906
55.439463386999705,waypoint_2,4.0005574226379395,-112.85971069335938,-29.986934661865234
55.471454748999804,waypoint_2,4.0567216873168945,-112.93789672851562,-29.98699188232422
55.50552990799997,waypoint_2,4.12704610824585,-113.0356216430664,-29.987106323242188
55.53944602399997,waypoint_2,4.18344783782959,-113.11380004882812,-29.987262725830078
55.571460209999714,waypoint_2,4.239933013916016,-113.19195556640625,-29.987422943115234
55.60550576500009,waypoint_2,4.296459674835205,-113.27008819580078,-29.987586975097656
55.63947551299998,waypoint_2,4.353061199188232,-113.34821319580078,-29.987743377685547
55.67146940299972,waypoint_2,4.409758567810059,-113.42634582519531,-29.987937927246094
55.70550503100003,waypoint_2,4.480742931365967,-113.52400970458984,-29.98816680908203
55.739445007000086,waypoint_2,4.537656784057617,-113.60218811035156,-29.988224029541016
55.77146175400003,waypoint_2,4.594658851623535,-113.68032836914062,-29.988231658935547
55.80549358899998,waypoint_2,4.651805877685547,-113.7583999633789,-29.988204956054688
55.839461537999796,waypoint_2,4.709052562713623,-113.83639526367188,-29.988201141357422
55.87145052999995,waypoint_2,4.766354084014893,-113.91435241699219,-29.98819351196289
55.905522352999924,waypoint_2,4.838026523590088,-114.01178741455078,-29.988189697265625
55.9394716060001,waypoint_2,4.895448684692383,-114.08976745605469,-29.98821258544922
55.971472104999975,waypoint_2,4.952930927276611,-114.16773986816406,-29.988265991210938
56.005495528999745,waypoint_2,5.010479927062988,-114.24568176269531,-29.988327026367188
56.040483519999725,waypoint_2,5.067969799041748,-114.32355499267578,-29.98845672607422
56.072504279999976,waypoint_2,5.125434398651123,-114.40133666992188,-29.988574981689453
56.106494269999985,waypoint_2,5.197262763977051,-114.49844360351562,-29.98871612548828
56.14049844800002,waypoint_2,5.254760265350342,-114.57606506347656,-29.988880157470703
56.172511763999864,waypoint_2,5.312283039093018,-114.65369415283203,-29.98904037475586
56.20650035199969,waypoint_2,5.369771480560303,-114.73131561279297,-29.989212036132812
56.24051184600012,waypoint_2,5.427255630493164,-114.80891418457031,-29.989341735839844
56.27250750999974,waypoint_2,5.4847025871276855,-114.88648986816406,-29.989398956298828
56.306522374,waypoint_2,5.556417942047119,-114.98344421386719,-29.989425659179688
56.340504925999994,waypoint_2,5.613749027252197,-115.06105041503906,-29.989517211914062
56.372498983999776,waypoint_2,5.670968055725098,-115.1387710571289,-29.98957061767578
56.40652848699983,waypoint_2,5.728110313415527,-115.21661376953125,-29.989540100097656
56.44049528200003,waypoint_2,5.785203456878662,-115.29451751708984,-29.98946762084961
56.47249521100002,waypoint_2,5.842209339141846,-115.37250518798828,-29.98934555053711
56.50656154999979,waypoint_2,5.913371562957764,-115.47005462646484,-29.989173889160156
56.540494881000086,waypoint_2,5.97022819519043,-115.5480728149414,-29.98902130126953
56.572490491999815,waypoint_2,6.0269904136657715,-115.62602996826172,-29.98894500732422
56.606542544999684,waypoint_2,6.083676338195801,-115.70389556884766,-29.988941192626953
56.64050295800007,waypoint_2,6.1403350830078125,-115.78166961669922,-29.98897933959961
56.672527804999845,waypoint_2,6.196990013122559,-115.85940551757812,-29.989112854003906
56.706550437999795,waypoint_2,6.267827987670898,-115.95658111572266,-29.989421844482422
56.740501477999715,waypoint_2,6.32450008392334,-116.03435516357422,-29.989707946777344
56.772505034000005,waypoint_2,6.381196022033691,-116.11212921142578,-29.990039825439453
56.806538477999766,waypoint_2,6.437874794006348,-116.18989562988281,-29.990421295166016
56.84049630399977,waypoint_2,6.494552135467529,-116.26763153076172,-29.99078369140625
56.87249759999986,waypoint_2,6.551223278045654,-116.3453140258789,-29.991195678710938
56.906557384999815,waypoint_2,6.622059345245361,-116.44243621826172,-29.991714477539062
56.940516980999746,waypoint_2,6.678689479827881,-116.52020263671875,-29.992107391357422
56.97251665299973,waypoint_2,6.735296249389648,-116.59806823730469,-29.99248504638672
57.00656531499999,waypoint_2,6.791854381561279,-116.67601776123047,-29.99285888671875
57.04050389899976,waypoint_2,6.848370552062988,-116.75408172607422,-29.99331283569336
57.07253525899978,waypoint_2,6.904801845550537,-116.83222961425781,-29.99372100830078
57.106553405999875,waypoint_2,6.975345611572266,-116.92996215820312,-29.994232177734375
57.14052356299999,waypoint_2,7.031806945800781,-117.0081558227539,-29.99463653564453
57.17250432499986,waypoint_2,7.088286876678467,-117.08635711669922,-29.99500274658203
57.20655390100001,waypoint_2,7.144763469696045,-117.16455078125,-29.99532699584961
57.24050348799983,waypoint_2,7.201225757598877,-117.24271392822266,-29.99563980102539
57.27251908299968,waypoint_2,7.25766658782959,-117.32087707519531,-29.995895385742188
57.30657931699989,waypoint_2,7.328190326690674,-117.41857147216797,-29.996105194091797
57.34054344700007,waypoint_2,7.384586811065674,-117.4967269897461,-29.99622344970703
57.372530965999886,waypoint_2,7.441006183624268,-117.57491302490234,-29.996341705322266
57.406601135000074,waypoint_2,7.497456073760986,-117.65312194824219,-29.99645233154297
57.44052514099985,waypoint_2,7.553928375244141,-117.73137664794922,-29.996612548828125
57.47255921899978,waypoint_2,7.610440254211426,-117.80962371826172,-29.996784210205078
57.50657066699978,waypoint_2,7.6810994148254395,-117.9074478149414,-29.997024536132812
57.54060483500007,waypoint_2,7.737655162811279,-117.9857177734375,-29.997314453125
57.57252026199967,waypoint_2,7.794227123260498,-118.06401062011719,-29.997676849365234
57.606534542999725,waypoint_2,7.850785732269287,-118.14229583740234,-29.99810791015625
57.64058456399971,waypoint_2,7.907339096069336,-118.22061157226562,-29.99863052368164
57.67252825300011,waypoint_2,7.963932037353516,-118.2989730834961,-29.999202728271484
57.70663129099967,waypoint_2,8.034769058227539,-118.39703369140625,-29.999969482421875
57.74052321299996,waypoint_2,8.091523170471191,-118.47559356689453,-30.000579833984375
57.77251810200005,waypoint_2,8.14833927154541,-118.55425262451172,-30.00115966796875
57.80659557199988,waypoint_2,8.205215454101562,-118.63294982910156,-30.00165557861328
57.8405540509998,waypoint_2,8.26215934753418,-118.711669921875,-30.002086639404297
57.872535696999876,waypoint_2,8.319120407104492,-118.79036712646484,-30.002437591552734
57.90656464099993,waypoint_2,8.390366554260254,-118.88871002197266,-30.002784729003906
57.940525505000096,waypoint_2,8.447437286376953,-118.96737670898438,-30.003047943115234
57.9725106359997,waypoint_2,8.504599571228027,-119.04600524902344,-30.003204345703125
58.00663806600005,waypoint_2,8.561858177185059,-119.12454223632812,-30.003238677978516
58.040527587999804,waypoint_2,8.61917781829834,-119.20297241210938,-30.00310516357422
58.07250323800008,waypoint_2,8.676533699035645,-119.28132629394531,-30.00284194946289
58.106631533999916,waypoint_2,8.74828815460205,-119.37916564941406,-30.002342224121094
58.140515811000114,waypoint_2,8.805703163146973,-119.45736694335938,-30.001869201660156
58.17250237899998,waypoint_2,8.863143920898438,-119.53550720214844,-30.001266479492188
58.2065867299998,waypoint_2,8.920586585998535,-119.61361694335938,-30.000545501708984
58.24053881000009,waypoint_2,8.97803020477295,-119.69166564941406,-29.99972152709961
58.2725108730001,waypoint_2,9.035476684570312,-119.76964569091797,-29.99881362915039
58.306724081000084,waypoint_2,9.107307434082031,-119.86698913574219,-29.997581481933594
58.34054850599978,waypoint_2,9.164783477783203,-119.94474029541016,-29.99652099609375
58.3725126989998,waypoint_2,9.222262382507324,-120.02239227294922,-29.995433807373047
58.40657089499973,waypoint_2,9.279674530029297,-120.09996795654297,-29.994346618652344
58.440534513999864,waypoint_2,9.337038040161133,-120.17743682861328,-29.99325942993164
58.47252900400008,waypoint_2,9.394350051879883,-120.25482177734375,-29.992183685302734
58.506574636000096,waypoint_2,9.465880393981934,-120.35151672363281,-29.99087142944336
58.54054682500009,waypoint_2,9.52298355102539,-120.42887115478516,-29.989856719970703
58.57257307000009,waypoint_2,9.579998970031738,-120.5062255859375,-29.988872528076172
58.60657650999974,waypoint_2,9.636900901794434,-120.58354187011719,-29.987937927246094
58.640530705999936,waypoint_2,9.693708419799805,-120.66080474853516,-29.987083435058594
58.67254063099972,waypoint_2,9.750410079956055,-120.73802947998047,-29.986328125
58.70656732899988,waypoint_2,9.821105003356934,-120.83454895019531,-29.98550796508789
58.74054468899976,waypoint_2,9.877474784851074,-120.91177368164062,-29.984954833984375
58.7725116040001,waypoint_2,9.933672904968262,-120.98896789550781,-29.984477996826172
58.806562692999705,waypoint_2,9.989744186401367,-121.0661392211914,-29.984050750732422
58.84054538300006,waypoint_2,10.04573917388916,-121.14334869384766,-29.98358154296875
58.872500088999914,waypoint_2,10.101699829101562,-121.22059631347656,-29.983150482177734
58.90657422200002,waypoint_2,10.171605110168457,-121.31721496582031,-29.982681274414062
58.9405510319998,waypoint_2,10.22750186920166,-121.39456939697266,-29.98242950439453
58.972515825999835,waypoint_2,10.283350944519043,-121.47196197509766,-29.982223510742188
59.006563618999735,waypoint_2,10.339164733886719,-121.54939270019531,-29.982086181640625
59.0405505839999,waypoint_2,10.394932746887207,-121.62689208984375,-29.98206329345703
59.07257542099978,waypoint_2,10.45067310333252,-121.70447540283203,-29.98210906982422
59.10660803599967,waypoint_2,10.52028751373291,-121.80147552490234,-29.982276916503906
59.14057630199977,waypoint_2,10.575967788696289,-121.87911987304688,-29.982421875
59.17255522999994,waypoint_2,10.631656646728516,-121.95679473876953,-29.98263168334961
59.20655709199991,waypoint_2,10.687357902526855,-122.03445434570312,-29.98290252685547
59.24054817199976,waypoint_2,10.74310302734375,-122.11210632324219,-29.98321533203125
59.27250814499985,waypoint_2,10.798920631408691,-122.18974304199219,-29.98352813720703
59.30657085499979,waypoint_2,10.868757247924805,-122.28675079345703,-29.983932495117188
59.340526357999806,waypoint_2,10.924673080444336,-122.36428833007812,-29.98427963256836
59.372514753999894,waypoint_2,10.98062801361084,-122.44181060791016,-29.984542846679688
59.40650724399984,waypoint_2,11.036561012268066,-122.519287109375,-29.98473358154297
59.440499994999755,waypoint_2,11.092446327209473,-122.59677124023438,-29.984844207763672
59.47251962900009,waypoint_2,11.148266792297363,-122.67425537109375,-29.98493194580078
59.5065021559999,waypoint_2,11.217909812927246,-122.77108001708984,-29.98501968383789
59.54053377299988,waypoint_2,11.273530960083008,-122.8485107421875,-29.985057830810547
59.572542233999684,waypoint_2,11.329085350036621,-122.92594909667969,-29.985095977783203
59.60660046199973,waypoint_2,11.384516716003418,-123.00346374511719,-29.985084533691406
59.64053769599968,waypoint_2,11.439814567565918,-123.08101654052734,-29.98501968383789
59.67253090899976,waypoint_2,11.49501895904541,-123.15863037109375,-29.984928131103516
59.706546693999826,waypoint_2,11.563919067382812,-123.25576782226562,-29.984832763671875
59.7405326789999,waypoint_2,11.618908882141113,-123.33354187011719,-29.984729766845703
59.77255096399995,waypoint_2,11.673828125,-123.41140747070312,-29.984607696533203
59.80657105299997,waypoint_2,11.728602409362793,-123.48928833007812,-29.984447479248047
59.84053288599989,waypoint_2,11.783167839050293,-123.56712341308594,-29.9842529296875
59.87251058799984,waypoint_2,11.837592124938965,-123.64486694335938,-29.983978271484375
59.90659535699979,waypoint_2,11.905431747436523,-123.74198913574219,-29.983539581298828
59.94057803099986,waypoint_2,11.959649085998535,-123.81966400146484,-29.983169555664062
59.97250373399993,waypoint_2,12.013877868652344,-123.89734649658203,-29.982799530029297
60.006534632999774,waypoint_2,12.068094253540039,-123.97500610351562,-29.982379913330078
60.04059386600011,waypoint_2,12.122299194335938,-124.0526123046875,-29.981952667236328
60.07250711500001,waypoint_2,12.176553726196289,-124.1302490234375,-29.98160171508789
60.10654626299993,waypoint_2,12.244400024414062,-124.2272720336914,-29.98119354248047
60.14057228599995,waypoint_2,12.298693656921387,-124.30491638183594,-29.98092269897461
60.17251446599994,waypoint_2,12.353031158447266,-124.38257598876953,-29.980724334716797
60.20655412699989,waypoint_2,12.407408714294434,-124.46027374267578,-29.980571746826172
60.24053019899975,waypoint_2,12.461803436279297,-124.5379867553711,-29.980384826660156
60.27250695199973,waypoint_2,12.516160011291504,-124.61570739746094,-29.980194091796875
60.30654798799969,waypoint_2,12.584075927734375,-124.71288299560547,-29.980030059814453
60.34055876000002,waypoint_2,12.63841438293457,-124.7905502319336,-29.98004913330078
60.372513203999915,waypoint_2,12.692771911621094,-124.86812591552734,-29.980148315429688
60.40659591599979,waypoint_2,12.747138023376465,-124.94560241699219,-29.980331420898438
60.44053340599976,waypoint_2,12.801480293273926,-125.02301788330078,-29.98059844970703
60.472531462999996,waypoint_2,12.855817794799805,-125.10037994384766,-29.980911254882812
60.50655764799967,waypoint_2,12.923748016357422,-125.197021484375,-29.981307983398438
60.54054016600003,waypoint_2,12.97805404663086,-125.27430725097656,-29.981616973876953
60.572513718999744,waypoint_2,13.032355308532715,-125.35160827636719,-29.981990814208984
60.60662450299969,waypoint_2,13.086730003356934,-125.42890167236328,-29.982425689697266
60.640547935000086,waypoint_2,13.141190528869629,-125.50621032714844,-29.982826232910156
60.67251175999991,waypoint_2,13.19571590423584,-125.58356475830078,-29.983261108398438
60.706611775000056,waypoint_2,13.263941764831543,-125.6802749633789,-29.983840942382812
60.7405444369997,waypoint_2,13.318615913391113,-125.75762939453125,-29.98428726196289
60.77251758900002,waypoint_2,13.373373985290527,-125.83494567871094,-29.98471450805664
60.80655823400002,goal,13.42818546295166,-125.91221618652344,-29.98511505126953
60.840543244999935,goal,13.48302173614502,-125.98944091796875,-29.98544692993164
60.87254656599998,goal,13.537821769714355,-126.06657409667969,-29.985698699951172
60.906576779999796,goal,13.606335639953613,-126.1628189086914,-29.98623275756836
60.94054585499998,goal,13.661172866821289,-126.23973083496094,-29.9881591796875
60.972580795999875,goal,13.715911865234375,-126.31657409667969,-29.99169921875
61.006662807999874,goal,13.770235061645508,-126.39338684082031,-29.996601104736328
61.04054598199991,goal,13.82361125946045,-126.47021484375,-30.002532958984375
61.07251437800005,goal,13.875431060791016,-126.54713439941406,-30.009143829345703
61.106550169,goal,13.937110900878906,-126.64349365234375,-30.017715454101562
61.14055031499993,goal,13.98335075378418,-126.72086334228516,-30.02425765991211
61.17255199100009,goal,14.026324272155762,-126.7985610961914,-30.030166625976562
61.20661413700009,goal,14.065651893615723,-126.8767318725586,-30.03520965576172
61.240558878999764,goal,14.101045608520508,-126.95536804199219,-30.03924560546875
61.27287784600003,goal,14.132340431213379,-127.03453063964844,-30.04222869873047
61.30655956800001,goal,14.165769577026367,-127.13422393798828,-30.044525146484375
61.34095297499971,goal,14.187664031982422,-127.21463012695312,-30.045181274414062
61.37253147499996,goal,14.205214500427246,-127.29566955566406,-30.04483413696289
61.406580807999944,goal,14.218443870544434,-127.37738800048828,-30.04360580444336
61.440542624000045,goal,14.22739028930664,-127.45977783203125,-30.041709899902344
61.47254274699981,goal,14.232192993164062,-127.54285430908203,-30.039119720458984
61.50656626,goal,14.232645034790039,-127.64767456054688,-30.035171508789062
61.540537072999996,goal,14.228726387023926,-127.73229217529297,-30.031620025634766
61.57252132399981,goal,14.221529960632324,-127.81745147705078,-30.027873992919922
61.606531876999725,goal,14.21105670928955,-127.90316009521484,-30.023956298828125
61.640547255,goal,14.197517395019531,-127.9893569946289,-30.019882202148438
61.6725085600001,goal,14.181159019470215,-128.0760498046875,-30.015804290771484
61.70654506799974,goal,14.157130241394043,-128.1850128173828,-30.0108642578125
61.74053968999988,goal,14.135324478149414,-128.2726593017578,-30.007137298583984
61.772537047999776,goal,14.111482620239258,-128.36065673828125,-30.003616333007812
61.806554330999916,goal,14.085819244384766,-128.44898986816406,-30.000293731689453
61.84054943399997,goal,14.058751106262207,-128.53768920898438,-29.997188568115234
61.872545288999845,goal,14.030292510986328,-128.6266326904297,-29.99439239501953
61.90654858900007,goal,13.992976188659668,-128.73826599121094,-29.991336822509766
61.940538656999706,goal,13.961883544921875,-128.82781982421875,-29.98923110961914
61.97254254900008,goal,13.929851531982422,-128.91763305664062,-29.987319946289062
62.006572977999895,goal,13.897003173828125,-129.00759887695312,-29.985607147216797
62.040540059999785,goal,13.86347484588623,-129.09776306152344,-29.984149932861328
62.072521760999734,goal,13.82936954498291,-129.18807983398438,-29.982864379882812
62.10655457899975,goal,13.786161422729492,-129.30111694335938,-29.981464385986328
62.140550939999684,goal,13.751221656799316,-129.39163208007812,-29.980464935302734
62.17257153999981,goal,13.71597671508789,-129.4822235107422,-29.97954559326172
62.20655277300011,goal,13.680469512939453,-129.57286071777344,-29.97870635986328
62.2405286029998,goal,13.644794464111328,-129.6635284423828,-29.97797393798828
62.272540189999745,goal,13.609025001525879,-129.75430297851562,-29.977378845214844
62.3065586849998,goal,13.564221382141113,-129.86785888671875,-29.97684097290039
62.34054431300001,goal,13.528428077697754,-129.9587860107422,-29.976577758789062
62.3725949589998,goal,13.492622375488281,-130.04969787597656,-29.976490020751953
62.40654697299988,goal,13.456964492797852,-130.14060974121094,-29.976566314697266
62.44055675799973,goal,13.421479225158691,-130.23150634765625,-29.976856231689453
62.47257901800003,goal,13.386116981506348,-130.32237243652344,-29.97726058959961
62.50656270199988,goal,13.342050552368164,-130.43585205078125,-29.977901458740234
62.54052958600005,goal,13.30699634552002,-130.52655029296875,-29.97856903076172
62.57254995199992,goal,13.27210521697998,-130.61717224121094,-29.97930908203125
62.6065571260001,goal,13.237363815307617,-130.70774841308594,-29.980079650878906
62.64059765999991,goal,13.20266056060791,-130.7982177734375,-29.98089599609375
62.67253899199977,goal,13.168086051940918,-130.8886260986328,-29.981754302978516
62.70654563900007,goal,13.125035285949707,-131.0015411376953,-29.982845306396484
62.74087851200011,goal,13.09083366394043,-131.09182739257812,-29.983718872070312
62.772718738000094,goal,13.05683708190918,-131.18212890625,-29.984649658203125
62.80654832399978,goal,13.023014068603516,-131.27249145507812,-29.985668182373047
62.84056462599983,goal,12.98934555053711,-131.36293029785156,-29.98678207397461
62.872542362999866,goal,12.955789566040039,-131.4534149169922,-29.987937927246094
62.90659849799977,goal,12.913837432861328,-131.56646728515625,-29.989402770996094
62.940556989000015,goal,12.880411148071289,-131.6568603515625,-29.990558624267578
62.972556927999904,goal,12.847108840942383,-131.74720764160156,-29.99163055419922
63.00656921399968,goal,12.813939094543457,-131.83749389648438,-29.992542266845703
63.04055310900003,goal,12.780904769897461,-131.92770385742188,-29.993305206298828
63.07257594199973,goal,12.7479829788208,-132.01785278320312,-29.994003295898438
63.106625598999926,goal,12.707048416137695,-132.1304473876953,-29.99475860595703
63.140572139999676,goal,12.674281120300293,-132.220458984375,-29.99529266357422
63.17258582699969,goal,12.641684532165527,-132.31040954589844,-29.995777130126953
63.20655365499988,goal,12.609203338623047,-132.4002685546875,-29.996253967285156
63.24057957099967,goal,12.576814651489258,-132.4901123046875,-29.996723175048828
63.272555507000106,goal,12.544462203979492,-132.5799560546875,-29.997180938720703
63.306576152999696,goal,12.504137992858887,-132.6923370361328,-29.997699737548828
63.340568636999706,goal,12.471878051757812,-132.7822265625,-29.998065948486328
63.383523117000095,goal,12.439654350280762,-132.8721466064453,-29.99842071533203
63.42382853199979,goal,12.407332420349121,-132.9620361328125,-29.998756408691406
63.458448450000105,goal,12.375011444091797,-133.05191040039062,-29.999046325683594
63.49027301899969,goal,12.342665672302246,-133.14175415039062,-29.99932098388672
63.52385477200005,goal,12.30228328704834,-133.2539520263672,-29.99959945678711
63.557778248999966,goal,12.269936561584473,-133.3436279296875,-29.999752044677734
63.58983153500003,goal,12.237554550170898,-133.43321228027344,-29.99987030029297
63.62382113700005,goal,12.205124855041504,-133.5227508544922,-29.999988555908203
63.65778900499981,goal,12.172659873962402,-133.6122283935547,-30.00011444091797
63.68979886699981,goal,12.140003204345703,-133.70167541503906,-30.000221252441406
63.72385672099972,goal,12.099076271057129,-133.81332397460938,-30.000389099121094
63.75776921999977,goal,12.066166877746582,-133.9025421142578,-30.00063705444336
63.790039987,goal,12.033113479614258,-133.99171447753906,-30.000961303710938
63.8238202739999,goal,11.99993896484375,-134.08082580566406,-30.0013427734375
63.85777082799996,goal,11.966591835021973,-134.16989135742188,-30.001728057861328
63.88981997399969,goal,11.933088302612305,-134.25888061523438,-30.00210952758789
63.92387065999992,goal,11.890959739685059,-134.3699951171875,-30.002540588378906
63.95777638599975,goal,11.856983184814453,-134.45883178710938,-30.002830505371094
63.98983671799988,goal,11.822809219360352,-134.54762268066406,-30.00313949584961
64.02387678500008,goal,11.78842830657959,-134.63638305664062,-30.00347900390625
64.05777545699993,goal,11.753859519958496,-134.72511291503906,-30.003765106201172
64.08977563100007,goal,11.71912670135498,-134.8138885498047,-30.00402069091797
64.12386610799967,goal,11.67543888092041,-134.92489624023438,-30.004257202148438
64.1578132919999,goal,11.64026165008545,-135.01376342773438,-30.00436782836914
64.18983135799999,goal,11.6049165725708,-135.10267639160156,-30.00445556640625
64.22396047999973,goal,11.569403648376465,-135.1916046142578,-30.004531860351562
64.25779582399991,goal,11.53377628326416,-135.28048706054688,-30.004695892333984
64.28983343399977,goal,11.498027801513672,-135.36935424804688,-30.00487518310547
64.32383515099991,goal,11.45324993133545,-135.48045349121094,-30.005107879638672
64.35778851999976,goal,11.417352676391602,-135.56927490234375,-30.005279541015625
64.3898036229998,goal,11.381385803222656,-135.6580810546875,-30.005393981933594
64.42384879800011,goal,11.345364570617676,-135.74684143066406,-30.00546646118164
64.45779749899975,goal,11.309295654296875,-135.83560180664062,-30.00554656982422
64.48979643699977,goal,11.273127555847168,-135.9243621826172,-30.00572967529297
64.52385559899994,goal,11.227888107299805,-136.0352325439453,-30.006084442138672
64.60314273299991,goal,11.191673278808594,-136.12391662597656,-30.006324768066406
64.63682140699984,goal,11.155441284179688,-136.21258544921875,-30.006526947021484
64.6709166149999,goal,11.119141578674316,-136.30123901367188,-30.006710052490234
64.70494708599972,goal,11.082754135131836,-136.3898468017578,-30.006916046142578
64.73683536199997,goal,11.04626750946045,-136.47842407226562,-30.00711441040039
64.77096768699994,goal,11.000527381896973,-136.58909606933594,-30.00733184814453
64.80497751099983,goal,10.963825225830078,-136.6776123046875,-30.007511138916016
64.83684865199984,goal,10.92706298828125,-136.76611328125,-30.007652282714844
64.87090255799967,goal,10.890209197998047,-136.8546142578125,-30.007740020751953
64.90495226499979,goal,10.853287696838379,-136.94314575195312,-30.007789611816406
64.93681670899969,goal,10.816326141357422,-137.0316619873047,-30.00780487060547
64.97094232499967,goal,10.77005386352539,-137.14222717285156,-30.007789611816406
65.00498174199993,goal,10.7329683303833,-137.2306365966797,-30.00771713256836
65.03680645199984,goal,10.69586181640625,-137.3190155029297,-30.00757598876953
65.0709491839998,goal,10.65872859954834,-137.4073944091797,-30.007389068603516
65.10492013599969,goal,10.621606826782227,-137.4957275390625,-30.007240295410156
65.1368441679997,goal,10.584497451782227,-137.58401489257812,-30.007064819335938
65.1709853489997,goal,10.53811264038086,-137.6942901611328,-30.00682830810547
65.204941212,goal,10.500990867614746,-137.78248596191406,-30.006668090820312
65.2368154249998,goal,10.463761329650879,-137.87063598632812,-30.006595611572266
65.27092304400003,goal,10.426424980163574,-137.95877075195312,-30.006595611572266
65.30491335299985,goal,10.389008522033691,-138.04693603515625,-30.00664520263672
65.33683749700003,goal,10.351524353027344,-138.13516235351562,-30.006698608398438
65.37088102100006,goal,10.304591178894043,-138.2454833984375,-30.006778717041016
65.40491543400003,goal,10.267029762268066,-138.33375549316406,-30.006885528564453
65.4383952789999,goal,10.22944450378418,-138.4220428466797,-30.007003784179688
65.47238530200002,goal,10.191829681396484,-138.51036071777344,-30.007125854492188
65.50646520400005,goal,10.15418815612793,-138.59866333007812,-30.00720977783203
65.53844575999983,goal,10.116552352905273,-138.6869659423828,-30.007320404052734
65.57244716200012,goal,10.06949520111084,-138.79742431640625,-30.007526397705078
65.6065393949998,goal,10.031841278076172,-138.88584899902344,-30.007755279541016
65.63846721399977,goal,9.994181632995605,-138.97433471679688,-30.008010864257812
65.67246432999991,goal,9.9564847946167,-139.06285095214844,-30.008255004882812
65.7063979579998,goal,9.918742179870605,-139.15139770507812,-30.008468627929688
65.73845547700012,goal,9.88097095489502,-139.23995971679688,-30.008670806884766
65.77245536200007,goal,9.833741188049316,-139.3506622314453,-30.008861541748047
65.80640126399976,goal,9.795985221862793,-139.439208984375,-30.008968353271484
65.83838600499985,goal,9.758201599121094,-139.5277557373047,-30.008983612060547
65.87248423999972,goal,9.720403671264648,-139.61631774902344,-30.008934020996094
65.90640306799969,goal,9.682586669921875,-139.7048797607422,-30.008792877197266
65.93835736999972,goal,9.644718170166016,-139.79345703125,-30.00864028930664
65.97241435299975,goal,9.597320556640625,-139.904296875,-30.008419036865234
66.00647101599998,goal,9.559398651123047,-139.99307250976562,-30.008190155029297
66.0383459069999,goal,9.521484375,-140.0819091796875,-30.007991790771484
66.07245679800008,goal,9.483534812927246,-140.17080688476562,-30.007823944091797
66.10645748999968,goal,9.445549964904785,-140.25979614257812,-30.007709503173828
66.13840253399985,goal,9.407522201538086,-140.3488311767578,-30.007572174072266
66.17248544099994,goal,9.3599853515625,-140.4601287841797,-30.007427215576172
66.20640470699982,goal,9.321905136108398,-140.54925537109375,-30.00738525390625
66.23833986099999,goal,9.283772468566895,-140.638427734375,-30.007373809814453
66.27366000899974,goal,9.245607376098633,-140.72763061523438,-30.007339477539062
66.30818649799994,goal,9.207427978515625,-140.8168182373047,-30.00710678100586
66.34110318400008,goal,9.16922378540039,-140.906005859375,-30.006824493408203
66.37480428399977,goal,9.121418952941895,-141.01742553710938,-30.006404876708984
66.40874402200006,goal,9.083121299743652,-141.10647583007812,-30.006011962890625
66.44100296399984,goal,9.044756889343262,-141.1953887939453,-30.005603790283203
66.47480784399977,goal,9.006284713745117,-141.2841796875,-30.005203247070312
66.50872191000008,goal,8.967734336853027,-141.3728485107422,-30.004722595214844
66.54080903699969,goal,8.929110527038574,-141.4613800048828,-30.004230499267578
66.57482479999999,goal,8.880829811096191,-141.57188415527344,-30.003570556640625
66.60879956200006,goal,8.842195510864258,-141.6602325439453,-30.003021240234375
66.64222500300002,goal,8.803555488586426,-141.74855041503906,-30.002498626708984
66.67590396700007,goal,8.764901161193848,-141.83682250976562,-30.001964569091797
66.70973476600011,goal,8.726213455200195,-141.92506408691406,-30.00136947631836
66.74273932799997,goal,8.687520980834961,-142.01324462890625,-30.000717163085938
66.77677746600011,goal,8.63916015625,-142.12339782714844,-29.999866485595703
66.81073218799975,goal,8.600481033325195,-142.2114715576172,-29.99919891357422
66.8430274970001,goal,8.56174373626709,-142.299560546875,-29.998489379882812
66.87675624299982,goal,8.522969245910645,-142.3877410888672,-29.99777603149414
66.91078551300006,goal,8.484213829040527,-142.47604370117188,-29.997089385986328
66.94288806799977,goal,8.44548225402832,-142.56446838378906,-29.996505737304688
66.97676814999977,goal,8.397074699401855,-142.67506408691406,-29.995986938476562
67.01072350999993,goal,8.35836410522461,-142.76358032226562,-29.995689392089844
67.04317603299978,goal,8.319711685180664,-142.85214233398438,-29.995471954345703
67.076769496,goal,8.281105041503906,-142.9407196044922,-29.995319366455078
67.11077322399979,goal,8.242498397827148,-143.02931213378906,-29.99530029296875
67.14281909400006,goal,8.203890800476074,-143.1178741455078,-29.99538803100586
67.17682819599986,goal,8.155591011047363,-143.22854614257812,-29.99557876586914
67.21072091499991,goal,8.11695384979248,-143.31703186035156,-29.99575424194336
67.24285097599977,goal,8.07832145690918,-143.40550231933594,-29.99587631225586
67.27674571599982,goal,8.039640426635742,-143.49392700195312,-29.995952606201172
67.31072785800006,goal,8.0009183883667,-143.58233642578125,-29.995922088623047
67.34275567999975,goal,7.9621686935424805,-143.67074584960938,-29.995830535888672
67.37678452799992,goal,7.913639545440674,-143.7812957763672,-29.995628356933594
67.41072568699974,goal,7.874725341796875,-143.86981201171875,-29.995418548583984
67.44282708399987,goal,7.835782527923584,-143.95834350585938,-29.995201110839844
67.47676684399994,goal,7.796746253967285,-144.04689025878906,-29.994956970214844
67.51073120499996,goal,7.757618427276611,-144.13546752929688,-29.994640350341797
67.54284258200005,goal,7.7184247970581055,-144.22401428222656,-29.994319915771484
67.57675016999974,goal,7.66939115524292,-144.33462524414062,-29.993946075439453
67.61072030700007,goal,7.630103588104248,-144.42311096191406,-29.993724822998047
67.64292000399973,goal,7.590768814086914,-144.5115509033203,-29.993511199951172
67.67675328999985,goal,7.551421165466309,-144.59996032714844,-29.993309020996094
67.7107327069998,goal,7.512106895446777,-144.6883544921875,-29.993152618408203
67.74317934500004,goal,7.472800254821777,-144.77674865722656,-29.99303436279297
67.77694977800002,goal,7.42373514175415,-144.88720703125,-29.992904663085938
67.81072484700007,goal,7.384502410888672,-144.97555541992188,-29.99282455444336
67.84324572900005,goal,7.345264434814453,-145.06385803222656,-29.99277114868164
67.87678025600007,goal,7.306057929992676,-145.15211486816406,-29.99274444580078
67.91072962299995,goal,7.266885280609131,-145.2403106689453,-29.99271011352539
67.94300298799999,goal,7.227726936340332,-145.32843017578125,-29.992687225341797
67.97680646799972,goal,7.178865909576416,-145.4385223388672,-29.99267578125
68.01073096399978,goal,7.139876842498779,-145.5265655517578,-29.992652893066406
68.04310590099976,goal,7.101004600524902,-145.61460876464844,-29.99262237548828
68.07687920699982,goal,7.062267780303955,-145.70265197753906,-29.992591857910156
68.11073498099995,goal,7.023636341094971,-145.7907257080078,-29.992603302001953
68.14276710800004,goal,6.985063552856445,-145.87881469726562,-29.992694854736328
68.17677164899987,goal,6.936900615692139,-145.9889373779297,-29.992919921875
68.21074335200001,goal,6.898453235626221,-146.0770721435547,-29.99313735961914
68.24280784899975,goal,6.860088348388672,-146.16525268554688,-29.993328094482422
68.27684506900005,goal,6.821818828582764,-146.25344848632812,-29.99349594116211
68.31079192700008,goal,6.7836408615112305,-146.34165954589844,-29.993621826171875
68.34282935300007,goal,6.745542049407959,-146.42990112304688,-29.99384307861328
68.3769847159997,goal,6.698002815246582,-146.54022216796875,-29.994232177734375
68.4107442579998,goal,6.660079002380371,-146.6285400390625,-29.994556427001953
68.44295573799991,goal,6.622253894805908,-146.71694946289062,-29.994873046875
68.47680109599969,goal,6.584510803222656,-146.80545043945312,-29.99517059326172
68.510741048,goal,6.546839714050293,-146.89405822753906,-29.995426177978516
68.54317313999991,goal,6.509208679199219,-146.98272705078125,-29.995651245117188
68.5767879770001,goal,6.462204456329346,-147.0935821533203,-29.995834350585938
68.61105922399975,goal,6.424614429473877,-147.1822967529297,-29.99593734741211
68.64282498900002,goal,6.38705587387085,-147.2710418701172,-29.996002197265625
68.67693127699977,goal,6.3494977951049805,-147.35983276367188,-29.996028900146484
68.71073682999986,goal,6.311905384063721,-147.44866943359375,-29.99605941772461
68.74312357400004,goal,6.274251937866211,-147.53756713867188,-29.996089935302734
68.776860166,goal,6.2271599769592285,-147.64874267578125,-29.996177673339844
68.8107709169999,goal,6.189406871795654,-147.73768615722656,-29.996315002441406
68.8429908979997,goal,6.151580333709717,-147.82669067382812,-29.996421813964844
68.87676557699979,goal,6.113701820373535,-147.91571044921875,-29.99651336669922
68.91074076399991,goal,6.075773239135742,-148.0047607421875,-29.99663543701172
68.94279544799974,goal,6.037734508514404,-148.09384155273438,-29.996780395507812
68.9768069910001,goal,5.990072727203369,-148.20530700683594,-29.9969482421875
69.01076276599997,goal,5.951851844787598,-148.29446411132812,-29.997055053710938
69.04284226699974,goal,5.913614749908447,-148.3836212158203,-29.997150421142578
69.07712340299986,goal,5.875319004058838,-148.47267150878906,-29.99722671508789
69.11335138699997,goal,5.836945056915283,-148.56161499023438,-29.997283935546875
69.1466603849999,goal,5.798491954803467,-148.6504669189453,-29.997314453125
69.18028276999985,goal,5.750410556793213,-148.761474609375,-29.99736785888672
69.21426188799978,goal,5.71195650100708,-148.85031127929688,-29.997417449951172
69.24624534699979,goal,5.673527240753174,-148.93917846679688,-29.99747085571289
69.28027207900004,goal,5.635119915008545,-149.028076171875,-29.997516632080078
69.31423343699998,goal,5.596794605255127,-149.11697387695312,-29.997535705566406
69.34623693699996,goal,5.558536052703857,-149.20587158203125,-29.99756622314453
69.3802346399998,goal,5.5108160972595215,-149.31700134277344,-29.99759292602539
69.41422944999977,goal,5.4727044105529785,-149.40589904785156,-29.99761962890625
69.44630585699997,goal,5.434591770172119,-149.4947967529297,-29.997631072998047
69.48022891599976,goal,5.396561622619629,-149.58372497558594,-29.997669219970703
69.51426637899976,goal,5.358572006225586,-149.67271423339844,-29.9976806640625
69.54629264200003,goal,5.320611000061035,-149.76173400878906,-29.997692108154297
69.58029143399972,goal,5.273265838623047,-149.8729705810547,-29.99768829345703
69.61427326000012,goal,5.235459327697754,-149.96189880371094,-29.997726440429688
69.64632878199973,goal,5.197751045227051,-150.0508575439453,-29.997894287109375
69.68029489599985,goal,5.160172939300537,-150.1399383544922,-29.998214721679688
69.71458358900009,goal,5.122657299041748,-150.2291259765625,-29.998653411865234
69.74781547099974,goal,5.085264205932617,-150.31845092773438,-29.999225616455078
69.78175611300003,goal,5.038700580596924,-150.4302520751953,-30.00005340576172
69.81559654500006,goal,5.001569747924805,-150.51976013183594,-30.000675201416016
69.84762578999971,goal,4.964536666870117,-150.6092987060547,-30.001346588134766
69.88169013400011,goal,4.9275922775268555,-150.69888305664062,-30.002063751220703
69.9156086869998,goal,4.890730381011963,-150.78846740722656,-30.00279998779297
69.947605243,goal,4.853884220123291,-150.87806701660156,-30.003536224365234
69.98164824200012,goal,4.807908535003662,-150.9901123046875,-30.004425048828125
70.01567297299971,goal,4.771227836608887,-151.0797576904297,-30.00505828857422
70.04763464100006,goal,4.734684944152832,-151.16943359375,-30.005653381347656
70.0816603610001,goal,4.698269367218018,-151.25912475585938,-30.006202697753906
70.11561324600007,goal,4.6619954109191895,-151.34878540039062,-30.006771087646484
70.14772623299996,goal,4.6257853507995605,-151.43846130371094,-30.007347106933594
70.18168159400011,goal,4.580581188201904,-151.55062866210938,-30.00811767578125
70.21687854499987,goal,4.544427871704102,-151.6404571533203,-30.008747100830078
70.25011367499974,goal,4.508258819580078,-151.7303009033203,-30.009326934814453
70.28412703499998,goal,4.472072601318359,-151.8201446533203,-30.00985336303711
70.31911097200009,goal,4.435891628265381,-151.9099884033203,-30.010330200195312
70.35109073100011,goal,4.399720668792725,-151.99984741210938,-30.01071548461914
70.38515158199971,goal,4.354490756988525,-152.1121826171875,-30.011146545410156
70.41910179999968,goal,4.318270206451416,-152.20201110839844,-30.011493682861328
70.4510885499999,goal,4.28204870223999,-152.29185485839844,-30.011905670166016
70.48515710499987,goal,4.245825290679932,-152.3816680908203,-30.012393951416016
70.51911049,goal,4.209604263305664,-152.4714813232422,-30.012836456298828
70.55111523599999,goal,4.173375129699707,-152.56130981445312,-30.013214111328125
70.58514536999974,goal,4.12808895111084,-152.67367553710938,-30.013629913330078
70.61920230899977,goal,4.091862678527832,-152.76358032226562,-30.013938903808594
70.65120658399974,goal,4.055592060089111,-152.8534393310547,-30.014244079589844
70.68517961799989,goal,4.019236087799072,-152.9431915283203,-30.014530181884766
70.72019819999969,goal,3.9827659130096436,-153.03286743164062,-30.014934539794922
70.75219247599989,goal,3.946178674697876,-153.1224822998047,-30.015380859375
70.78621698000006,goal,3.9003031253814697,-153.23440551757812,-30.01599884033203
70.83434124699988,goal,3.863539218902588,-153.32388305664062,-30.016475677490234
70.86969167699999,goal,3.8266971111297607,-153.41331481933594,-30.016963958740234
70.90376885299975,goal,3.789815664291382,-153.50270080566406,-30.017452239990234
70.93766521499992,goal,3.7528507709503174,-153.5919952392578,-30.01799774169922
70.96967030799988,goal,3.715843677520752,-153.68121337890625,-30.018611907958984
71.00377218499989,goal,3.669497489929199,-153.79258728027344,-30.019515991210938
71.03770689900011,goal,3.632366180419922,-153.88157653808594,-30.020275115966797
71.06969103599977,goal,3.5951919555664062,-153.970458984375,-30.021011352539062
71.1037068759997,goal,3.5579848289489746,-154.05931091308594,-30.02169418334961
71.13765684600003,goal,3.5207290649414062,-154.14808654785156,-30.022308349609375
71.16967452299968,goal,3.4834747314453125,-154.23684692382812,-30.022857666015625
71.20371041499993,goal,3.4368555545806885,-154.34771728515625,-30.02350616455078
71.2376655109997,goal,3.3995842933654785,-154.43641662597656,-30.024044036865234
71.26967301700006,goal,3.362352132797241,-154.5251007080078,-30.024520874023438
71.30375221399981,goal,3.325148582458496,-154.61375427246094,-30.02490234375
71.33770351399971,goal,3.2879509925842285,-154.70236206054688,-30.025150299072266
71.36965713299969,goal,3.2507619857788086,-154.7909393310547,-30.025306701660156
71.40374660299995,goal,3.2042994499206543,-154.901611328125,-30.02542495727539
71.43768309200004,goal,3.167236328125,-154.99012756347656,-30.025466918945312
71.46964166599992,goal,3.130312919616699,-155.0785675048828,-30.02545166015625
71.50371042400002,goal,3.093512773513794,-155.1669464111328,-30.02541732788086
71.53768123500004,goal,3.0568065643310547,-155.2552947998047,-30.025371551513672
71.56964569599995,goal,3.020191192626953,-155.34361267089844,-30.025257110595703
71.60374691199968,goal,2.9745163917541504,-155.4540557861328,-30.025009155273438
71.63769159699996,goal,2.9380087852478027,-155.54244995117188,-30.02475357055664
71.66964336599995,goal,2.9015145301818848,-155.63087463378906,-30.024520874023438
71.7037220039997,goal,2.8650519847869873,-155.7193603515625,-30.024303436279297
71.73764757699973,goal,2.8286163806915283,-155.8079071044922,-30.024147033691406
71.76965475199995,goal,2.7921981811523438,-155.89651489257812,-30.024009704589844
71.80370699800005,goal,2.7466866970062256,-156.00730895996094,-30.023841857910156
71.83765493400006,goal,2.710296392440796,-156.0959930419922,-30.023731231689453
71.86965595099991,goal,2.6739838123321533,-156.18470764160156,-30.023639678955078
71.90375551299985,goal,2.637735366821289,-156.27345275878906,-30.0235595703125
71.9376649349997,goal,2.6015374660491943,-156.36227416992188,-30.02353286743164
71.96970607100002,goal,2.565410852432251,-156.4511260986328,-30.023494720458984
72.00375395799983,goal,2.5203216075897217,-156.56214904785156,-30.023441314697266
72.03766830599989,goal,2.484328269958496,-156.65093994140625,-30.02336883544922
72.06964866499993,goal,2.448441505432129,-156.73973083496094,-30.02325439453125
72.10376486999985,goal,2.4126651287078857,-156.82858276367188,-30.02307891845703
72.13765830800003,goal,2.3769867420196533,-156.91749572753906,-30.022953033447266
72.16964995499984,goal,2.3414108753204346,-157.00643920898438,-30.02289581298828
72.2037459369999,goal,2.2970283031463623,-157.11769104003906,-30.022937774658203
72.2377055349998,goal,2.2616329193115234,-157.2067108154297,-30.023052215576172
72.26962944299976,goal,2.226343870162964,-157.29571533203125,-30.023223876953125
72.30369077599971,goal,2.191126823425293,-157.38473510742188,-30.0234375
72.33765766899978,goal,2.1559414863586426,-157.4737548828125,-30.023632049560547
72.36967553399973,goal,2.1207313537597656,-157.56280517578125,-30.02381134033203
72.40373274700005,goal,2.076631784439087,-157.67417907714844,-30.024044036865234
72.43769483899996,goal,2.041224241256714,-157.76332092285156,-30.024261474609375
72.4696595749997,goal,2.0057320594787598,-157.85252380371094,-30.02444839477539
72.50371003300006,goal,1.9702553749084473,-157.9416961669922,-30.024551391601562
72.53769305300011,goal,1.9347599744796753,-158.0308837890625,-30.024608612060547
72.56965540400006,goal,1.8992539644241333,-158.1200408935547,-30.024627685546875
72.60370333799983,goal,1.8548610210418701,-158.2314910888672,-30.0245361328125
72.63767061699991,goal,1.819360375404358,-158.3206329345703,-30.02435302734375
72.66968666599996,goal,1.7838525772094727,-158.40975952148438,-30.02410888671875
72.70366607200003,goal,1.7483470439910889,-158.49891662597656,-30.023822784423828
72.73765715399986,goal,1.7127805948257446,-158.5880889892578,-30.023441314697266
72.76968059799992,goal,1.6771961450576782,-158.67723083496094,-30.023056030273438
72.80369680600006,goal,1.6326353549957275,-158.7886199951172,-30.022602081298828
72.83766216100003,goal,1.5969027280807495,-158.87765502929688,-30.022281646728516
72.86964668499968,goal,1.561070203781128,-158.9665985107422,-30.02199935913086
72.90369493699973,goal,1.525177240371704,-159.05551147460938,-30.02176284790039
72.93769069399968,goal,1.4892690181732178,-159.14439392089844,-30.02159881591797
72.96966852800006,goal,1.4533547163009644,-159.23326110839844,-30.021472930908203
73.00377591699998,goal,1.4084440469741821,-159.34437561035156,-30.021316528320312
73.03766475699967,goal,1.3724762201309204,-159.43324279785156,-30.021167755126953
73.06967210799985,goal,1.3364354372024536,-159.5220947265625,-30.021087646484375
73.10374254999988,goal,1.3003103733062744,-159.6109161376953,-30.021034240722656
73.13769285299986,goal,1.264194369316101,-159.69976806640625,-30.02086639404297
73.16966363099982,goal,1.2280497550964355,-159.7886199951172,-30.020709991455078
73.20370011199975,goal,1.182862401008606,-159.89981079101562,-30.020557403564453
73.23765494500003,goal,1.1467403173446655,-159.9888153076172,-30.020431518554688
73.26966811000011,goal,1.110697627067566,-160.077880859375,-30.020248413085938
73.30372280899974,goal,1.0747644901275635,-160.16690063476562,-30.02001190185547
73.33767504199977,goal,1.0389257669448853,-160.255859375,-30.019790649414062
73.36969883099982,goal,1.003196358680725,-160.34474182128906,-30.01956558227539
73.40373031799982,goal,0.9587222337722778,-160.4557342529297,-30.019283294677734
73.43765663899967,goal,0.9232484102249146,-160.54446411132812,-30.019153594970703
73.46966950899969,goal,0.8878236413002014,-160.63308715820312,-30.019046783447266
73.50373246299978,goal,0.8524630665779114,-160.7216339111328,-30.01895523071289
73.53769293799996,goal,0.8171905875205994,-160.8101348876953,-30.018909454345703
73.56969149299994,goal,0.781988263130188,-160.89854431152344,-30.01882553100586
73.60375145299986,goal,0.7380328178405762,-161.0089874267578,-30.018699645996094
73.63768327299977,goal,0.7028971314430237,-161.09738159179688,-30.018539428710938
73.66965384200012,goal,0.6677904725074768,-161.1858367919922,-30.018352508544922
73.70371481899974,goal,0.6327200531959534,-161.2743377685547,-30.018138885498047
73.7376618809999,goal,0.5976970791816711,-161.36288452148438,-30.017871856689453
73.77070167700003,goal,0.562732458114624,-161.45150756835938,-30.017574310302734
73.80477160600003,goal,0.5190764665603638,-161.56239318847656,-30.017166137695312
73.83870290499999,goal,0.4841862916946411,-161.6511993408203,-30.016864776611328
73.8707238789998,goal,0.44931748509407043,-161.74008178710938,-30.016563415527344
73.90474247299971,goal,0.41442936658859253,-161.8289794921875,-30.016284942626953
73.93870401200002,goal,0.37947458028793335,-161.91793823242188,-30.016082763671875
73.97075003100008,goal,0.3444688320159912,-162.0069580078125,-30.01593017578125
74.00472809599978,goal,0.30069535970687866,-162.11837768554688,-30.015789031982422
74.03868269199984,goal,0.2656843066215515,-162.20761108398438,-30.01572036743164
74.07072473700009,goal,0.23071905970573425,-162.29689025878906,-30.015640258789062
74.10473377500011,goal,0.19581890106201172,-162.38619995117188,-30.015525817871094
74.13868849299979,goal,0.1609698385000229,-162.47555541992188,-30.015342712402344
74.1707063179997,goal,0.12615880370140076,-162.56500244140625,-30.015087127685547
74.20477566299996,goal,0.08266637474298477,-162.67684936523438,-30.014728546142578
74.23871291899968,goal,0.047868967056274414,-162.76637268066406,-30.014484405517578
74.27077042599967,goal,0.013097950257360935,-162.85595703125,-30.014179229736328
74.30475362099969,goal,-0.02162785641849041,-162.94558715820312,-30.013816833496094
74.33867507700006,goal,-0.05630616843700409,-163.03524780273438,-30.013439178466797
74.3707087570001,goal,-0.09098521620035172,-163.12486267089844,-30.013072967529297
74.4047279460001,goal,-0.13435158133506775,-163.2368621826172,-30.012649536132812
74.43870077699967,goal,-0.1690327227115631,-163.3264617919922,-30.012298583984375
74.47071978099984,goal,-0.20369407534599304,-163.4160614013672,-30.011943817138672
74.50476255400008,goal,-0.2383207529783249,-163.5056915283203,-30.011573791503906
74.53869761299984,goal,-0.27290087938308716,-163.5953826904297,-30.011127471923828
74.57068894299982,goal,-0.3074919879436493,-163.6851348876953,-30.010692596435547
74.60474599100007,goal,-0.35074517130851746,-163.79737854003906,-30.010181427001953
74.63868917399986,goal,-0.38533371686935425,-163.88719177246094,-30.009761810302734
74.67068544099993,goal,-0.4198977053165436,-163.9769744873047,-30.00933074951172
74.7047337099998,goal,-0.45445412397384644,-164.06668090820312,-30.00888442993164
74.73869879699987,goal,-0.4890378415584564,-164.1563262939453,-30.008438110351562
74.77070428399975,goal,-0.5237032175064087,-164.2458953857422,-30.008014678955078
74.80473498299989,goal,-0.5672073364257812,-164.35780334472656,-30.00749969482422
74.8386993690001,goal,-0.602133572101593,-164.44725036621094,-30.007102966308594
74.8706911559998,goal,-0.6370910406112671,-164.53665161132812,-30.00670623779297
74.90472711999973,goal,-0.6720900535583496,-164.62594604492188,-30.006309509277344
74.93869462299972,goal,-0.7071113586425781,-164.71517944335938,-30.005931854248047
74.97069021400011,goal,-0.7421343326568604,-164.8043212890625,-30.005538940429688
75.0047321459997,goal,-0.7858865261077881,-164.91566467285156,-30.005027770996094
75.03869660800001,goal,-0.8207877278327942,-165.0046844482422,-30.004592895507812
75.07072894199973,goal,-0.855604887008667,-165.0936737060547,-30.004138946533203
75.10473369600004,goal,-0.8903988003730774,-165.1826934814453,-30.003658294677734
75.13870093199967,goal,-0.9251772165298462,-165.27169799804688,-30.00310516357422
75.17074075699975,goal,-0.9599226713180542,-165.36070251464844,-30.00255584716797
75.20473659299978,goal,-1.0033527612686157,-165.47195434570312,-30.001903533935547
75.2387140349997,goal,-1.0381463766098022,-165.56097412109375,-30.001407623291016
75.270718794,goal,-1.0730006694793701,-165.6499481201172,-30.000900268554688
75.30473868499985,goal,-1.1079086065292358,-165.7388916015625,-30.000381469726562
75.3386843989997,goal,-1.1428437232971191,-165.8278350830078,-29.999923706054688
75.37177626199991,goal,-1.1778028011322021,-165.91680908203125,-29.999481201171875
75.40583899900003,goal,-1.2215107679367065,-166.02813720703125,-29.999019622802734
75.43975723999984,goal,-1.2565115690231323,-166.11729431152344,-29.998764038085938
75.47175440599995,goal,-1.2915263175964355,-166.20643615722656,-29.99858856201172
75.50580148800009,goal,-1.3265818357467651,-166.2955780029297,-29.99844741821289
75.53975843699982,goal,-1.3616715669631958,-166.3847198486328,-29.998271942138672
75.57176650299971,goal,-1.3967701196670532,-166.4739227294922,-29.99810791015625
75.60687937700004,goal,-1.4406729936599731,-166.58555603027344,-29.997947692871094
75.64079614999991,goal,-1.4758793115615845,-166.67494201660156,-29.997875213623047
75.6728206849998,goal,-1.511112093925476,-166.76437377929688,-29.997814178466797
75.70685084599972,goal,-1.5464086532592773,-166.85385131835938,-29.99776840209961
75.74080274299968,goal,-1.581721305847168,-166.94337463378906,-29.997848510742188
75.77281937199996,goal,-1.6170518398284912,-167.03285217285156,-29.99795913696289
75.807851217,goal,-1.661207675933838,-167.1445770263672,-29.998123168945312
75.83977524000011,goal,-1.6965440511703491,-167.23387145996094,-29.998287200927734
75.8750732630001,goal,-1.7318236827850342,-167.32310485839844,-29.998462677001953
75.90907454699982,goal,-1.7670965194702148,-167.412353515625,-29.998680114746094
75.94108248799967,goal,-1.8023350238800049,-167.50155639648438,-29.999004364013672
75.97507770699985,goal,-1.8463791608810425,-167.61302185058594,-29.999492645263672
76.00907363299984,goal,-1.8816555738449097,-167.7021484375,-29.999954223632812
76.04106330500008,goal,-1.9169338941574097,-167.79127502441406,-30.000446319580078
76.07507200999999,goal,-1.9522738456726074,-167.8804473876953,-30.000991821289062
76.1091259599998,goal,-1.9876219034194946,-167.9696807861328,-30.001583099365234
76.14106033899998,goal,-2.0229909420013428,-168.05899047851562,-30.002174377441406
76.1750788469999,goal,-2.067241668701172,-168.17080688476562,-30.00284194946289
76.20907783999974,goal,-2.102670907974243,-168.2603302001953,-30.003353118896484
76.24105142300004,goal,-2.138131856918335,-168.3498992919922,-30.00391387939453
76.27507736400003,goal,-2.173644542694092,-168.43951416015625,-30.004413604736328
76.30911538200007,goal,-2.2091896533966064,-168.5291290283203,-30.004817962646484
76.34104652999986,goal,-2.2447664737701416,-168.61878967285156,-30.00510025024414
76.37510416999976,goal,-2.289198160171509,-168.73089599609375,-30.00533676147461
76.40908513899967,goal,-2.3246910572052,-168.8206329345703,-30.005451202392578
76.44104903800007,goal,-2.3601417541503906,-168.91038513183594,-30.005535125732422
76.47510178099992,goal,-2.3955767154693604,-169.00015258789062,-30.005619049072266
76.50912861100005,goal,-2.430955410003662,-169.08990478515625,-30.005699157714844
76.54104681099989,goal,-2.4663562774658203,-169.1796417236328,-30.00577163696289
76.575071793,goal,-2.5105907917022705,-169.29177856445312,-30.00588607788086
76.60910146900005,goal,-2.5459563732147217,-169.3814697265625,-30.005996704101562
76.64105211199967,goal,-2.581296682357788,-169.47117614746094,-30.00609588623047
76.67507490099979,goal,-2.6166205406188965,-169.56089782714844,-30.006206512451172
76.70910876500011,goal,-2.651876449584961,-169.65060424804688,-30.006290435791016
76.74223717599989,goal,-2.687093734741211,-169.74034118652344,-30.00640869140625
76.77626549899969,goal,-2.731102705001831,-169.85252380371094,-30.00652313232422
76.81025793599974,goal,-2.766305923461914,-169.9423065185547,-30.006610870361328
76.84224537599994,goal,-2.801511287689209,-170.0321044921875,-30.006690979003906
76.87626262899994,goal,-2.836740255355835,-170.1219024658203,-30.006816864013672
76.91029130199968,goal,-2.8719756603240967,-170.21165466308594,-30.007015228271484
76.94223139899987,goal,-2.907212018966675,-170.3013458251953,-30.007320404052734
76.97626055,goal,-2.951178789138794,-170.41331481933594,-30.007797241210938
77.01032068299992,goal,-2.9862539768218994,-170.50279235839844,-30.008258819580078
77.04227872499996,goal,-3.0212583541870117,-170.59222412109375,-30.008766174316406
77.0762573889997,goal,-3.0562596321105957,-170.681640625,-30.009361267089844
77.11026970000012,goal,-3.091338634490967,-170.77101135253906,-30.01003646850586
77.14225794100003,goal,-3.126492738723755,-170.86032104492188,-30.010765075683594
77.17625583800009,goal,-3.1705422401428223,-170.9718475341797,-30.011600494384766
77.210278947,goal,-3.205845355987549,-171.06100463867188,-30.012195587158203
77.24226711099982,goal,-3.2411632537841797,-171.15011596679688,-30.012752532958984
77.27625813799978,goal,-3.276554584503174,-171.23916625976562,-30.013240814208984
77.31028353500005,goal,-3.312058448791504,-171.328125,-30.013683319091797
77.34223507299976,goal,-3.3476388454437256,-171.41705322265625,-30.014049530029297
77.37626153599967,goal,-3.3921515941619873,-171.52813720703125,-30.014442443847656
77.40828372999977,goal,-3.4277632236480713,-171.61697387695312,-30.01470184326172
77.44225282799971,goal,-3.463381290435791,-171.70579528808594,-30.014896392822266
77.47625314299967,goal,-3.499013900756836,-171.7946319580078,-30.01504135131836
77.50826860300003,goal,-3.534635066986084,-171.8834991455078,-30.015148162841797
77.54229387299984,goal,-3.5702433586120605,-171.97242736816406,-30.015239715576172
77.57625847500003,goal,-3.6147165298461914,-172.08364868164062,-30.015399932861328
77.60826343899998,goal,-3.650219202041626,-172.17266845703125,-30.015525817871094
77.64225522800007,goal,-3.6856789588928223,-172.26168823242188,-30.015670776367188
77.67625709100002,goal,-3.721146583557129,-172.35069274902344,-30.015827178955078
77.70830185099976,goal,-3.756645917892456,-172.43972778320312,-30.016014099121094
77.74228353799981,goal,-3.792180061340332,-172.5287628173828,-30.016132354736328
77.77625836099969,goal,-3.8365797996520996,-172.6400604248047,-30.016239166259766
77.8082753650001,goal,-3.872084379196167,-172.72906494140625,-30.016315460205078
77.84229007199974,goal,-3.907592535018921,-172.81800842285156,-30.016399383544922
77.87625667800012,goal,-3.943117380142212,-172.90689086914062,-30.016468048095703
77.9083157279997,goal,-3.978644847869873,-172.99571228027344,-30.01650619506836
77.94229902400002,goal,-4.014158248901367,-173.08448791503906,-30.016468048095703
77.97628536000002,goal,-4.058520317077637,-173.19541931152344,-30.01636505126953
78.00825412299992,goal,-4.093997478485107,-173.28411865234375,-30.01624298095703
78.04227170900003,goal,-4.1294169425964355,-173.37281799316406,-30.016094207763672
78.07624459299996,goal,-4.164806365966797,-173.46144104003906,-30.015892028808594
78.10825715200008,goal,-4.200165748596191,-173.5499725341797,-30.015655517578125
78.14360458600004,goal,-4.235480785369873,-173.63844299316406,-30.015377044677734
78.17760865499986,goal,-4.279544353485107,-173.7490234375,-30.014949798583984
78.20958951600005,goal,-4.314729690551758,-173.8374786376953,-30.014572143554688
78.24355764699976,goal,-4.349858283996582,-173.92587280273438,-30.014179229736328
78.27756810499977,goal,-4.384913921356201,-174.01416015625,-30.013835906982422
78.30959133999977,goal,-4.419897079467773,-174.10238647460938,-30.0135498046875
78.34358730399981,goal,-4.454823017120361,-174.19052124023438,-30.013320922851562
78.37758832300005,goal,-4.498449802398682,-174.30059814453125,-30.013118743896484
78.409589031,goal,-4.533341884613037,-174.38864135742188,-30.013042449951172
78.44357822999973,goal,-4.568200588226318,-174.47669982910156,-30.013084411621094
78.47757575900005,goal,-4.6030378341674805,-174.5647735595703,-30.013229370117188
78.50958803499998,goal,-4.63788366317749,-174.65289306640625,-30.01345443725586
78.54356034800003,goal,-4.672713756561279,-174.7410888671875,-30.01369857788086
78.57765922099998,goal,-4.716217517852783,-174.85140991210938,-30.013896942138672
78.60957524099967,goal,-4.751003742218018,-174.93971252441406,-30.013980865478516
78.64356975999999,goal,-4.785791873931885,-175.02806091308594,-30.0140380859375
78.67759151199971,goal,-4.820622444152832,-175.116455078125,-30.01407241821289
78.7095954309998,goal,-4.8554840087890625,-175.20489501953125,-30.014080047607422
78.74357444999987,goal,-4.890362739562988,-175.29336547851562,-30.014175415039062
78.77761174399984,goal,-4.933966159820557,-175.40402221679688,-30.014278411865234
78.80959773599989,goal,-4.968838691711426,-175.49253845214844,-30.01437759399414
78.84356222299994,goal,-5.003681182861328,-175.58106994628906,-30.01441192626953
78.87758375699968,goal,-5.038516044616699,-175.6696319580078,-30.01446533203125
78.90958874199987,goal,-5.073376178741455,-175.75819396972656,-30.014530181884766
78.94357140400007,goal,-5.108253479003906,-175.84678649902344,-30.01451873779297
78.97761048899974,goal,-5.1518754959106445,-175.95758056640625,-30.014495849609375
79.00960200300005,goal,-5.186840534210205,-176.0462646484375,-30.014450073242188
79.0435640249998,goal,-5.221818447113037,-176.1349334716797,-30.01437759399414
79.07757232699987,goal,-5.25675106048584,-176.2235565185547,-30.014297485351562
79.11059753099971,goal,-5.29163932800293,-176.3121795654297,-30.014205932617188
79.14457940200009,goal,-5.326538562774658,-176.4008026123047,-30.014022827148438
79.17859766599986,goal,-5.370156288146973,-176.51161193847656,-30.01372528076172
79.210608159,goal,-5.404996395111084,-176.6002197265625,-30.013450622558594
79.24459021499979,goal,-5.439835548400879,-176.68882751464844,-30.013137817382812
79.27859655599968,goal,-5.4746222496032715,-176.77748107910156,-30.012920379638672
79.310609656,goal,-5.509341239929199,-176.86614990234375,-30.01275634765625
79.34456932100011,goal,-5.544036388397217,-176.954833984375,-30.01264190673828
79.37860377400011,goal,-5.587348937988281,-177.06568908691406,-30.012447357177734
79.41057794399967,goal,-5.622039794921875,-177.15426635742188,-30.012306213378906
79.44458507499985,goal,-5.656742572784424,-177.2427520751953,-30.012176513671875
79.47858698399978,goal,-5.69140100479126,-177.33114624023438,-30.012115478515625
79.51063322999971,goal,-5.7259602546691895,-177.4194793701172,-30.012123107910156
79.54457107999997,goal,-5.76046085357666,-177.5077667236328,-30.01223373413086
79.57864757700008,goal,-5.803478240966797,-177.61813354492188,-30.012428283691406
79.61060620399985,goal,-5.837833881378174,-177.7064666748047,-30.01256561279297
79.64458394999974,goal,-5.872183799743652,-177.79481506347656,-30.012714385986328
79.67861995900012,goal,-5.90651798248291,-177.88316345214844,-30.012832641601562
79.7105791189997,goal,-5.940826416015625,-177.97154235839844,-30.01287841796875
79.74461109799995,goal,-5.975130081176758,-178.0599822998047,-30.01288604736328
79.77860473200008,goal,-6.0180344581604,-178.17054748535156,-30.012813568115234
79.81060441099999,goal,-6.052386283874512,-178.25900268554688,-30.012680053710938
79.84456848299988,goal,-6.086771011352539,-178.34747314453125,-30.012451171875
79.87859236899976,goal,-6.121175289154053,-178.43594360351562,-30.01220703125
79.9105882179997,goal,-6.155619144439697,-178.5243682861328,-30.01193618774414
79.94460835900009,goal,-6.190062522888184,-178.61277770996094,-30.011566162109375
79.97859451799968,goal,-6.233170509338379,-178.72332763671875,-30.011032104492188
80.010677235,goal,-6.267689228057861,-178.81179809570312,-30.01058578491211
80.04458526500002,goal,-6.302231311798096,-178.90028381347656,-30.010147094726562
80.07859850499972,goal,-6.336759567260742,-178.98880004882812,-30.009750366210938
80.1106122870001,goal,-6.371317386627197,-179.07737731933594,-30.009384155273438
80.14457191299971,goal,-6.405893325805664,-179.16603088378906,-30.009090423583984
80.17863063899995,goal,-6.449092864990234,-179.27688598632812,-30.008777618408203
80.21064295299993,goal,-6.483631134033203,-179.36561584472656,-30.008548736572266
80.24457336199976,goal,-6.518177032470703,-179.4543914794922,-30.00839614868164
80.27861318099986,goal,-6.552692413330078,-179.54319763183594,-30.00823211669922
80.31060161899995,goal,-6.5871710777282715,-179.6320037841797,-30.008071899414062
80.34457862199997,goal,-6.621632099151611,-179.7207794189453,-30.008018493652344
80.37861040000007,goal,-6.664699077606201,-179.8316650390625,-30.00802993774414
80.4106872530001,goal,-6.699122905731201,-179.9203338623047,-30.00806427001953
80.44459370899995,goal,-6.733540058135986,-180.0089111328125,-30.00811004638672
80.47866303399996,goal,-6.7679853439331055,-180.09742736816406,-30.008163452148438
80.51061913100011,goal,-6.802436828613281,-180.18594360351562,-30.008201599121094
80.54457233099993,goal,-6.836885929107666,-180.2744598388672,-30.008201599121094
80.5786239969998,goal,-6.879922866821289,-180.3851776123047,-30.008228302001953
80.61060972099995,goal,-6.914299011230469,-180.47384643554688,-30.00826644897461
80.64458307099994,goal,-6.948615550994873,-180.5625762939453,-30.00833511352539
80.67863455199995,goal,-6.982881546020508,-180.65138244628906,-30.008419036865234
80.71060528899989,goal,-7.017097473144531,-180.74021911621094,-30.00855255126953
80.7446103469997,goal,-7.0513081550598145,-180.82908630371094,-30.00878143310547
80.77859542399983,goal,-7.094061851501465,-180.9402618408203,-30.009098052978516
80.8106097179998,goal,-7.128244876861572,-181.0292510986328,-30.00939178466797
80.84458986799973,goal,-7.162384510040283,-181.11830139160156,-30.009803771972656
80.87863706999997,goal,-7.196524143218994,-181.20741271972656,-30.010231018066406
80.91060788799996,goal,-7.230677604675293,-181.2965850830078,-30.010677337646484
80.94457691299976,goal,-7.264819145202637,-181.3857879638672,-30.011093139648438
80.97859902299979,goal,-7.307422161102295,-181.4972686767578,-30.011558532714844
81.0106195999997,goal,-7.34145975112915,-181.58645629882812,-30.011905670166016
81.0445830650001,goal,-7.375489711761475,-181.67562866210938,-30.012279510498047
81.07860792099973,goal,-7.409542083740234,-181.7648468017578,-30.012718200683594
81.11063097999977,goal,-7.443593978881836,-181.85411071777344,-30.01324462890625
81.14458919599974,goal,-7.477630138397217,-181.94342041015625,-30.013813018798828
81.17862250400003,goal,-7.520111560821533,-182.05516052246094,-30.014549255371094
81.2106611979998,goal,-7.554017543792725,-182.14456176757812,-30.015140533447266
81.24459400299975,goal,-7.587838649749756,-182.23397827148438,-30.015789031982422
81.2786283659998,goal,-7.621620178222656,-182.32339477539062,-30.016368865966797
81.31061005299989,goal,-7.655398368835449,-182.41282653808594,-30.016891479492188
81.34461180399967,goal,-7.689208030700684,-182.50228881835938,-30.01738739013672
81.37863087100004,goal,-7.731575012207031,-182.6140594482422,-30.01797866821289
81.41075647799971,goal,-7.765610694885254,-182.7034149169922,-30.018463134765625
81.44458578400008,goal,-7.799803733825684,-182.79273986816406,-30.01895523071289
81.47861958199974,goal,-7.834109783172607,-182.8820343017578,-30.019386291503906
81.51063745800002,goal,-7.868587970733643,-182.97134399414062,-30.019813537597656
81.54457419899973,goal,-7.903219699859619,-183.0606689453125,-30.020301818847656
81.57862643099998,goal,-7.946676731109619,-183.17234802246094,-30.020965576171875
81.61062992100005,goal,-7.981548309326172,-183.26173400878906,-30.021530151367188
81.64458790499975,goal,-8.016497611999512,-183.3511505126953,-30.022075653076172
81.67860930500001,goal,-8.051514625549316,-183.4406280517578,-30.022605895996094
81.71064815,goal,-8.086615562438965,-183.53012084960938,-30.023128509521484
81.74457722399984,goal,-8.121740341186523,-183.61962890625,-30.023601531982422
81.7785971469998,goal,-8.165709495544434,-183.7315216064453,-30.024188995361328
81.81064676300002,goal,-8.200942993164062,-183.8209991455078,-30.024673461914062
81.84458943399977,goal,-8.236222267150879,-183.910400390625,-30.025123596191406
81.87862241499988,goal,-8.271496772766113,-183.99972534179688,-30.025524139404297
81.91064925399996,goal,-8.306717872619629,-184.08897399902344,-30.025863647460938
81.9446119209997,goal,-8.34187126159668,-184.17819213867188,-30.02606201171875
81.97865326600004,goal,-8.385696411132812,-184.28970336914062,-30.026168823242188
82.01064910800005,goal,-8.420636177062988,-184.3788604736328,-30.026123046875
82.04465498699983,goal,-8.455448150634766,-184.4679412841797,-30.025943756103516
82.07861429900004,goal,-8.490102767944336,-184.55699157714844,-30.02566909790039
82.11065392199998,goal,-8.524611473083496,-184.64601135253906,-30.025306701660156
82.14461441200001,goal,-8.559011459350586,-184.7349853515625,-30.024906158447266
82.17863378799984,goal,-8.601858139038086,-184.84625244140625,-30.024330139160156
82.2106459900001,goal,-8.636080741882324,-184.93531799316406,-30.02385711669922
82.2446616530001,goal,-8.670279502868652,-185.02442932128906,-30.02337646484375
82.27863688999969,goal,-8.704401969909668,-185.1135711669922,-30.02286148071289
82.3106418530001,goal,-8.738434791564941,-185.2027130126953,-30.02234649658203
82.34459329799984,goal,-8.772444725036621,-185.29183959960938,-30.021926879882812
82.378614105,goal,-8.814881324768066,-185.40325927734375,-30.021446228027344
82.41062630599981,goal,-8.848664283752441,-185.4923858642578,-30.021114349365234
82.44458532899989,goal,-8.88227367401123,-185.5814666748047,-30.020828247070312
82.478645014,goal,-8.915711402893066,-185.67050170898438,-30.020538330078125
82.51065921100007,goal,-8.949063301086426,-185.75953674316406,-30.020248413085938
82.54459901700011,goal,-8.982421875,-185.8485565185547,-30.019969940185547
82.57864092199998,goal,-9.024153709411621,-185.9597930908203,-30.019630432128906
82.61067715599984,goal,-9.057538032531738,-186.04873657226562,-30.01934814453125
82.64458475299989,goal,-9.09093952178955,-186.1376190185547,-30.019065856933594
82.67859597200004,goal,-9.12440013885498,-186.22642517089844,-30.018802642822266
82.71064458599994,goal,-9.157965660095215,-186.31515502929688,-30.018604278564453
82.74568387699992,goal,-9.191655158996582,-186.40377807617188,-30.01848602294922
82.7797254950001,goal,-9.233954429626465,-186.5144805908203,-30.01840591430664
82.81174817500005,goal,-9.267975807189941,-186.60296630859375,-30.018428802490234
82.84567572800006,goal,-9.30220890045166,-186.69140625,-30.01848602294922
82.87973761500007,goal,-9.336612701416016,-186.7797393798828,-30.018592834472656
82.91174066799977,goal,-9.371190071105957,-186.86798095703125,-30.018741607666016
82.94569243099977,goal,-9.405939102172852,-186.95619201660156,-30.019012451171875
82.979737742,goal,-9.449634552001953,-187.06634521484375,-30.019359588623047
83.01171526899998,goal,-9.48474407196045,-187.15447998046875,-30.019615173339844
83.04567710699985,goal,-9.519936561584473,-187.24264526367188,-30.01980972290039
83.07973587900005,goal,-9.555191040039062,-187.33078002929688,-30.019973754882812
83.11173213499978,goal,-9.590543746948242,-187.41891479492188,-30.02010726928711
83.14568196499977,goal,-9.625980377197266,-187.50706481933594,-30.020198822021484
83.17972258999998,goal,-9.670348167419434,-187.61721801757812,-30.020309448242188
83.21173007800007,goal,-9.705856323242188,-187.70535278320312,-30.0203857421875
83.24570566500006,goal,-9.741378784179688,-187.79351806640625,-30.0205078125
83.27971719400011,goal,-9.776899337768555,-187.88165283203125,-30.02063751220703
83.31173795399991,goal,-9.812397956848145,-187.9698028564453,-30.020748138427734
83.34568102699996,goal,-9.84781265258789,-188.05789184570312,-30.02084732055664
83.37971823399994,goal,-9.892017364501953,-188.16790771484375,-30.020980834960938
83.41174692100003,goal,-9.927355766296387,-188.25588989257812,-30.021080017089844
83.44569081200007,goal,-9.96264934539795,-188.34388732910156,-30.02117156982422
83.47970092099968,goal,-9.99795150756836,-188.431884765625,-30.02127456665039
83.51175625199994,goal,-10.033247947692871,-188.5199737548828,-30.021350860595703
83.54567841800008,goal,-10.068554878234863,-188.60812377929688,-30.02147674560547
83.57970664200002,goal,-10.112699508666992,-188.71841430664062,-30.021514892578125
83.6117425540001,goal,-10.148042678833008,-188.80670166015625,-30.02147674560547
83.64572365799995,goal,-10.183433532714844,-188.89501953125,-30.021381378173828
83.67971220599975,goal,-10.218910217285156,-188.9833526611328,-30.021255493164062
83.7117855649999,goal,-10.254475593566895,-189.0717315673828,-30.021114349365234
83.74570563799989,goal,-10.29010009765625,-189.16015625,-30.02100372314453
83.77971180699979,goal,-10.334675788879395,-189.27076721191406,-30.02072525024414
83.81174789399984,goal,-10.37033462524414,-189.35931396484375,-30.020389556884766
83.84567962899973,goal,-10.405973434448242,-189.44789123535156,-30.019977569580078
83.87974506399996,goal,-10.441630363464355,-189.53651428222656,-30.01950454711914
83.9117506069997,goal,-10.477295875549316,-189.6251678466797,-30.019012451171875
83.9456773689999,goal,-10.512969970703125,-189.7138214111328,-30.018463134765625
83.97971049299986,goal,-10.557534217834473,-189.8246307373047,-30.017833709716797
84.01173476099984,goal,-10.59313678741455,-189.91329956054688,-30.017383575439453
84.04571163999981,goal,-10.628694534301758,-190.00198364257812,-30.016979217529297
84.07976956499988,goal,-10.664200782775879,-190.0906982421875,-30.016620635986328
84.111801732,goal,-10.6996431350708,-190.179443359375,-30.01630401611328
84.14571213599993,goal,-10.735036849975586,-190.26815795898438,-30.016082763671875
84.17974735200005,goal,-10.779253959655762,-190.37908935546875,-30.015865325927734
84.21175713100001,goal,-10.814569473266602,-190.46788024902344,-30.015689849853516
84.2456933579997,goal,-10.849818229675293,-190.5567169189453,-30.015499114990234
84.27971106199993,goal,-10.885065078735352,-190.6456298828125,-30.015281677246094
84.31174953799973,goal,-10.920343399047852,-190.73460388183594,-30.015018463134766
84.34568064099994,goal,-10.955636024475098,-190.8236846923828,-30.014747619628906
84.37972443599983,goal,-10.999737739562988,-190.93508911132812,-30.01433563232422
84.4117446360001,goal,-11.03496265411377,-191.02426147460938,-30.01398468017578
84.44567971700008,goal,-11.070141792297363,-191.1134796142578,-30.01360321044922
84.47971513199991,goal,-11.105334281921387,-191.20274353027344,-30.013206481933594
84.51175530699993,goal,-11.140570640563965,-191.2920684814453,-30.01280975341797
84.54570024999975,goal,-11.175802230834961,-191.38143920898438,-30.012378692626953
84.5797381729999,goal,-11.21982192993164,-191.49325561523438,-30.01186752319336
84.61175085400009,goal,-11.255029678344727,-191.582763671875,-30.011539459228516
84.64569978400004,goal,-11.290183067321777,-191.67225646972656,-30.011272430419922
84.67970727600004,goal,-11.325295448303223,-191.76173400878906,-30.01105499267578
84.71178202600004,goal,-11.360373497009277,-191.8511505126953,-30.01091766357422
84.74568889000011,goal,-11.395403861999512,-191.94046020507812,-30.010787963867188
84.77973474700002,goal,-11.439156532287598,-192.05194091796875,-30.01061248779297
84.81173083899967,goal,-11.474172592163086,-192.1409912109375,-30.010421752929688
84.84568790699996,goal,-11.50917911529541,-192.23001098632812,-30.010154724121094
84.87973327999998,goal,-11.544156074523926,-192.31903076171875,-30.009910583496094
84.91175799699977,goal,-11.579082489013672,-192.40805053710938,-30.00967788696289
84.945682433,goal,-11.61397933959961,-192.4970703125,-30.009418487548828
84.97971661599968,goal,-11.657551765441895,-192.60836791992188,-30.00909423828125
85.01174747499999,goal,-11.69239616394043,-192.69747924804688,-30.008853912353516
85.04570067399982,goal,-11.727248191833496,-192.78662109375,-30.00865936279297
85.07972403699978,goal,-11.762131690979004,-192.87579345703125,-30.008487701416016
85.11176532799982,goal,-11.797021865844727,-192.9649658203125,-30.008342742919922
85.14568375399995,goal,-11.831941604614258,-193.05413818359375,-30.00820541381836
85.17972278699972,goal,-11.87563705444336,-193.1655731201172,-30.00804901123047
85.21175348799989,goal,-11.910674095153809,-193.2546844482422,-30.00796890258789
85.24568278900006,goal,-11.945782661437988,-193.34376525878906,-30.00790786743164
85.27974474799976,goal,-11.9808931350708,-193.4328155517578,-30.007823944091797
85.31176032999974,goal,-12.015992164611816,-193.52183532714844,-30.00772476196289
85.34568473199988,goal,-12.051091194152832,-193.61080932617188,-30.007568359375
85.37977049899973,goal,-12.094926834106445,-193.7219696044922,-30.00728988647461
85.41176254499987,goal,-12.129969596862793,-193.81082153320312,-30.006977081298828
85.44572452300008,goal,-12.164983749389648,-193.899658203125,-30.006607055664062
85.47979064599986,goal,-12.200023651123047,-193.9884796142578,-30.006126403808594
85.51174452299983,goal,-12.235092163085938,-194.07730102539062,-30.005535125732422
85.5456860700001,goal,-12.27015495300293,-194.16612243652344,-30.004852294921875
85.5797236579997,goal,-12.313950538635254,-194.2771759033203,-30.003856658935547
85.61178229999996,goal,-12.348986625671387,-194.3660125732422,-30.002967834472656
85.64568144199984,goal,-12.383959770202637,-194.45484924316406,-30.002044677734375
85.67970947899994,goal,-12.418855667114258,-194.543701171875,-30.00106430053711
85.71176383400007,goal,-12.453664779663086,-194.63255310058594,-30.000099182128906
85.74568100499982,goal,-12.488424301147461,-194.72140502929688,-29.999130249023438
85.77975714700005,goal,-12.531770706176758,-194.83251953125,-29.998001098632812
85.81175327399978,goal,-12.566341400146484,-194.92144775390625,-29.997180938720703
85.84571882699993,goal,-12.600781440734863,-195.01040649414062,-29.996417999267578
85.87977158600006,goal,-12.635156631469727,-195.09939575195312,-29.995742797851562
85.91181951099998,goal,-12.669528007507324,-195.18846130371094,-29.99517059326172
85.94567589500002,goal,-12.703887939453125,-195.27764892578125,-29.994693756103516
85.97973376799973,goal,-12.746801376342773,-195.38916015625,-29.994186401367188
86.01169804899973,goal,-12.781092643737793,-195.47840881347656,-29.993881225585938
86.0456732939997,goal,-12.815328598022461,-195.56771850585938,-29.993629455566406
86.07976936499972,goal,-12.84952163696289,-195.65701293945312,-29.993427276611328
86.11173667799994,goal,-12.883658409118652,-195.74639892578125,-29.993305206298828
86.14568621099988,goal,-12.917703628540039,-195.83584594726562,-29.993240356445312
86.17977312699986,goal,-12.960274696350098,-195.9477996826172,-29.993160247802734
86.21178813000006,goal,-12.994332313537598,-196.03741455078125,-29.993099212646484
86.24568612499979,goal,-13.028308868408203,-196.12710571289062,-29.992984771728516
86.27976214299997,goal,-13.062212944030762,-196.2168426513672,-29.992847442626953
86.31172862099993,goal,-13.096017837524414,-196.30661010742188,-29.992717742919922
86.34567980199972,goal,-13.129719734191895,-196.3964080810547,-29.992538452148438
86.3797428529997,goal,-13.171669960021973,-196.50877380371094,-29.992324829101562
86.41173520199982,goal,-13.205147743225098,-196.5986785888672,-29.992183685302734
86.44568063399993,goal,-13.23853588104248,-196.6886444091797,-29.992088317871094
86.47971262400006,goal,-13.271862983703613,-196.77862548828125,-29.99197769165039
86.51177836099987,goal,-13.305167198181152,-196.8685760498047,-29.9918212890625
86.54571581899972,goal,-13.338485717773438,-196.95849609375,-29.991626739501953
86.57974346399988,goal,-13.380152702331543,-197.07090759277344,-29.991397857666016
86.61176066500002,goal,-13.413518905639648,-197.16085815429688,-29.991275787353516
86.6457015269998,goal,-13.44691276550293,-197.25082397460938,-29.991214752197266
86.67973703400003,goal,-13.48034954071045,-197.34080505371094,-29.99118423461914
86.71175881699992,goal,-13.51386833190918,-197.4307861328125,-29.991180419921875
86.74573099400004,goal,-13.547441482543945,-197.52078247070312,-29.991195678710938
86.77975753300007,goal,-13.58948802947998,-197.63323974609375,-29.991249084472656
86.81175157500002,goal,-13.623170852661133,-197.72323608398438,-29.991252899169922
86.84568376400011,goal,-13.656923294067383,-197.81324768066406,-29.991180419921875
86.87970318199996,goal,-13.690766334533691,-197.9033203125,-29.991085052490234
86.91175275199976,goal,-13.724678993225098,-197.99349975585938,-29.990955352783203
86.94569159100001,goal,-13.758646965026855,-198.08375549316406,-29.99079132080078
86.97974867099992,goal,-13.801161766052246,-198.1966094970703,-29.990562438964844
87.01177153899971,goal,-13.835195541381836,-198.28688049316406,-29.99038314819336
87.04572882799994,goal,-13.869240760803223,-198.37718200683594,-29.990211486816406
87.07971667999982,goal,-13.903285026550293,-198.46751403808594,-29.990055084228516
87.11175347399967,goal,-13.937360763549805,-198.55787658691406,-29.989933013916016
87.14568447800002,goal,-13.971443176269531,-198.6482391357422,-29.989913940429688
87.17971360399997,goal,-14.014076232910156,-198.7611541748047,-29.989974975585938
87.21179683699984,goal,-14.048224449157715,-198.85147094726562,-29.99011993408203
87.24569823999991,goal,-14.08241081237793,-198.9418487548828,-29.99032974243164
87.2797403679997,goal,-14.116602897644043,-199.03224182128906,-29.990585327148438
87.31175604600003,goal,-14.150802612304688,-199.1226806640625,-29.990928649902344
87.34570749299974,goal,-14.185007095336914,-199.21316528320312,-29.991409301757812
87.37972852899975,goal,-14.227749824523926,-199.32635498046875,-29.992252349853516
87.41176319799979,goal,-14.261924743652344,-199.4169464111328,-29.99306869506836
87.44571806399972,goal,-14.296103477478027,-199.507568359375,-29.993972778320312
87.47972050299995,goal,-14.330307006835938,-199.5981903076172,-29.994873046875
87.51179870599981,goal,-14.364570617675781,-199.68873596191406,-29.995742797851562
87.54673400299998,goal,-14.398873329162598,-199.77919006347656,-29.996593475341797
87.57872244600003,goal,-14.433183670043945,-199.86952209472656,-29.99738311767578
87.61276052599987,goal,-14.476062774658203,-199.98220825195312,-29.99834442138672
87.64677747799988,goal,-14.51038932800293,-200.0722198486328,-29.99909210205078
87.67873079299989,goal,-14.544747352600098,-200.16209411621094,-29.99985122680664
87.71276784499969,goal,-14.579155921936035,-200.25184631347656,-30.000587463378906
87.74674140599973,goal,-14.613627433776855,-200.3414764404297,-30.00131607055664
87.7787401229998,goal,-14.648136138916016,-200.4309844970703,-30.001972198486328
87.81277274500007,goal,-14.691287994384766,-200.54269409179688,-30.00271987915039
87.84672965799973,goal,-14.725818634033203,-200.63186645507812,-30.003292083740234
87.87873824799999,goal,-14.760363578796387,-200.72088623046875,-30.00381851196289
87.91278746199987,goal,-14.79494571685791,-200.80978393554688,-30.00430679321289
87.94673852300002,goal,-14.829566955566406,-200.89859008789062,-30.004806518554688
87.97876358699978,goal,-14.864201545715332,-200.9873046875,-30.00531005859375
88.01279626999985,goal,-14.907476425170898,-201.0980987548828,-30.00592041015625
88.0467361850001,goal,-14.942034721374512,-201.1866912841797,-30.00635528564453
88.07872119900003,goal,-14.97653579711914,-201.27528381347656,-30.00676727294922
88.11275847399975,goal,-15.010988235473633,-201.36387634277344,-30.007160186767578
88.14674198700004,goal,-15.045406341552734,-201.45248413085938,-30.007530212402344
88.17871487399998,goal,-15.079827308654785,-201.54107666015625,-30.007884979248047
88.21282097799985,goal,-15.122896194458008,-201.65182495117188,-30.00830841064453
88.24674092199984,goal,-15.157388687133789,-201.74038696289062,-30.00864028930664
88.2787732249999,goal,-15.191917419433594,-201.82896423339844,-30.00896453857422
88.3127659679999,goal,-15.226492881774902,-201.9175262451172,-30.009220123291016
88.34673028599991,goal,-15.261070251464844,-202.0060272216797,-30.00946807861328
88.37871302099984,goal,-15.295663833618164,-202.09446716308594,-30.00971221923828
88.41280714599998,goal,-15.338873863220215,-202.2050018310547,-30.009998321533203
88.4467426619999,goal,-15.37336254119873,-202.29344177246094,-30.0101318359375
88.47870640499968,goal,-15.407774925231934,-202.38198852539062,-30.010143280029297
88.51276505199985,goal,-15.442115783691406,-202.47061157226562,-30.01001739501953
88.54677041700006,goal,-15.476380348205566,-202.559326171875,-30.00979232788086
88.5787312110001,goal,-15.510591506958008,-202.64813232421875,-30.009586334228516
88.61277762999998,goal,-15.553277969360352,-202.7592010498047,-30.00940704345703
88.64673767699969,goal,-15.587340354919434,-202.8480987548828,-30.009353637695312
88.67873302199996,goal,-15.621319770812988,-202.9370574951172,-30.009296417236328
88.71282616100007,goal,-15.655252456665039,-203.02610778808594,-30.009227752685547
88.74675705599975,goal,-15.689187049865723,-203.11526489257812,-30.009220123291016
88.77873352000006,goal,-15.723129272460938,-203.2045440673828,-30.009239196777344
88.81275996399972,goal,-15.765557289123535,-203.3163604736328,-30.009307861328125
88.84674946299992,goal,-15.799493789672852,-203.406005859375,-30.00943374633789
88.87874477200012,goal,-15.833438873291016,-203.4957275390625,-30.009532928466797
88.91276812999968,goal,-15.867369651794434,-203.5855255126953,-30.009563446044922
88.94676802799995,goal,-15.901301383972168,-203.67538452148438,-30.009552001953125
88.97872733399981,goal,-15.935233116149902,-203.76531982421875,-30.00945281982422
89.01280231600003,goal,-15.977669715881348,-203.87786865234375,-30.009231567382812
89.04673577199992,goal,-16.011672973632812,-203.96804809570312,-30.00897216796875
89.07878402000006,goal,-16.045772552490234,-204.0583038330078,-30.008724212646484
89.112780982,goal,-16.07994270324707,-204.14862060546875,-30.008522033691406
89.14670109899998,goal,-16.114181518554688,-204.2389678955078,-30.00833511352539
89.1787641269998,goal,-16.148542404174805,-204.32936096191406,-30.008121490478516
89.21276481799987,goal,-16.191633224487305,-204.44241333007812,-30.007789611816406
89.2466970129999,goal,-16.22623634338379,-204.53286743164062,-30.00751495361328
89.27874127999985,goal,-16.260950088500977,-204.62332153320312,-30.007232666015625
89.31274562999988,goal,-16.295747756958008,-204.71372985839844,-30.006999969482422
89.34675084199989,goal,-16.33063507080078,-204.8040771484375,-30.00682830810547
89.378757984,goal,-16.36558723449707,-204.8944091796875,-30.006710052490234
89.41276367799992,goal,-16.409244537353516,-205.00726318359375,-30.006568908691406
89.44674127899998,goal,-16.444129943847656,-205.09754943847656,-30.0064697265625
89.47875215099975,goal,-16.478946685791016,-205.18788146972656,-30.006427764892578
89.51278117999982,goal,-16.513687133789062,-205.27825927734375,-30.006427764892578
89.54672601499988,goal,-16.548357009887695,-205.36868286132812,-30.006465911865234
89.57877437099978,goal,-16.58294677734375,-205.4591522216797,-30.006473541259766
89.612790485,goal,-16.62615203857422,-205.572265625,-30.006481170654297
89.64674519399978,goal,-16.660682678222656,-205.66273498535156,-30.00653839111328
89.67878524599973,goal,-16.69521713256836,-205.753173828125,-30.006610870361328
89.71281434699995,goal,-16.729719161987305,-205.8436279296875,-30.006710052490234
89.74791626199976,goal,-16.764171600341797,-205.93408203125,-30.006752014160156
89.77976133899983,goal,-16.798606872558594,-206.02456665039062,-30.006855010986328
89.81490127899997,goal,-16.84173583984375,-206.1377410888672,-30.006999969482422
89.84885132199997,goal,-16.876249313354492,-206.22830200195312,-30.007076263427734
89.8808562029999,goal,-16.91071128845215,-206.31883239746094,-30.007179260253906
89.91487248799967,goal,-16.945119857788086,-206.4093017578125,-30.007282257080078
89.94988350699987,goal,-16.979450225830078,-206.49972534179688,-30.007389068603516
89.98190954699976,goal,-17.013723373413086,-206.59019470214844,-30.007457733154297
90.01717944599977,goal,-17.056541442871094,-206.70326232910156,-30.00760269165039
90.05113576599979,goal,-17.090795516967773,-206.793701171875,-30.007793426513672
90.08311836499979,goal,-17.125093460083008,-206.88414001464844,-30.007976531982422
90.11715948799974,goal,-17.15947151184082,-206.9745635986328,-30.008155822753906
90.15112853699975,goal,-17.19393539428711,-207.06503295898438,-30.008480072021484
90.18314707899981,goal,-17.228452682495117,-207.15548706054688,-30.0087890625
90.2182729809997,goal,-17.27165985107422,-207.26849365234375,-30.009197235107422
90.25228251999988,goal,-17.306230545043945,-207.35887145996094,-30.009601593017578
90.28424895399985,goal,-17.34079360961914,-207.44923400878906,-30.010040283203125
90.31829528499975,goal,-17.375333786010742,-207.53955078125,-30.010520935058594
90.35226656399982,goal,-17.409809112548828,-207.6297607421875,-30.011001586914062
90.38423816899967,goal,-17.444238662719727,-207.71986389160156,-30.011554718017578
90.41830583499996,goal,-17.487234115600586,-207.8323516845703,-30.012344360351562
90.45226672199988,goal,-17.521621704101562,-207.92222595214844,-30.012954711914062
90.48423777199969,goal,-17.55604362487793,-208.01193237304688,-30.013534545898438
90.51827594399992,goal,-17.59048843383789,-208.1014862060547,-30.014080047607422
90.55224869899985,goal,-17.62493133544922,-208.19088745117188,-30.01453399658203
90.58426048299998,goal,-17.659337997436523,-208.28012084960938,-30.014930725097656
90.61827391999987,goal,-17.702224731445312,-208.39141845703125,-30.015438079833984
90.65223369199975,goal,-17.736412048339844,-208.4803009033203,-30.015918731689453
90.68424755499973,goal,-17.770492553710938,-208.56907653808594,-30.016460418701172
90.7182835929998,goal,-17.804500579833984,-208.6577606201172,-30.017009735107422
90.75229654199984,goal,-17.83843994140625,-208.74630737304688,-30.017539978027344
90.78423030899967,goal,-17.8723201751709,-208.83477783203125,-30.01799774169922
90.81829543999993,goal,-17.914579391479492,-208.9453125,-30.01849365234375
90.85225672299975,goal,-17.948326110839844,-209.03367614746094,-30.018798828125
90.8842322380001,goal,-17.982011795043945,-209.1219482421875,-30.019088745117188
90.93811297699995,goal,-18.015626907348633,-209.21014404296875,-30.019332885742188
90.97462239300012,goal,-18.049190521240234,-209.29824829101562,-30.019508361816406
91.00659679199998,goal,-18.08271026611328,-209.3863067626953,-30.019607543945312
91.04064510599983,goal,-18.12450408935547,-209.4962615966797,-30.019638061523438
91.0746309719998,goal,-18.157861709594727,-209.58412170410156,-30.019561767578125
91.10659927799998,goal,-18.191133499145508,-209.67189025878906,-30.019500732421875
91.14067883200005,goal,-18.224361419677734,-209.75961303710938,-30.019466400146484
91.17461265699967,goal,-18.257591247558594,-209.84730529785156,-30.01940155029297
91.20662237599981,goal,-18.29084587097168,-209.93495178222656,-30.01934051513672
91.2406589899997,goal,-18.33240509033203,-210.04452514648438,-30.019241333007812
91.27461450500005,goal,-18.365623474121094,-210.13221740722656,-30.01919174194336
91.30659940299984,goal,-18.398759841918945,-210.21990966796875,-30.019145965576172
91.34065243099985,goal,-18.431825637817383,-210.30760192871094,-30.019115447998047
91.37462148199984,goal,-18.464853286743164,-210.39537048339844,-30.019115447998047
91.40659307899978,goal,-18.497875213623047,-210.48321533203125,-30.01913833618164
91.44067000299992,goal,-18.539159774780273,-210.5931396484375,-30.01919174194336
91.47463261999974,goal,-18.57221031188965,-210.68116760253906,-30.01927947998047
91.50660018000008,goal,-18.60531234741211,-210.76927185058594,-30.019439697265625
91.54064637300007,goal,-18.63846778869629,-210.857421875,-30.019615173339844
91.57465281999976,goal,-18.671663284301758,-210.94558715820312,-30.019760131835938
91.60659202499983,goal,-18.704940795898438,-211.0337677001953,-30.019927978515625
91.64066725699968,goal,-18.74669647216797,-211.14404296875,-30.0201416015625
91.67461019799975,goal,-18.780258178710938,-211.23233032226562,-30.020286560058594
91.70658367199985,goal,-18.813884735107422,-211.3206329345703,-30.020313262939453
91.74066360699999,goal,-18.847591400146484,-211.408935546875,-30.020225524902344
91.7746065020001,goal,-18.88137435913086,-211.49728393554688,-30.02011489868164
91.80660303500008,goal,-18.915218353271484,-211.58570861816406,-30.019954681396484
91.84068328400008,goal,-18.957651138305664,-211.6962432861328,-30.01974105834961
91.87463181399971,goal,-18.99172019958496,-211.7846221923828,-30.01958465576172
91.90661190899982,goal,-19.025907516479492,-211.8730010986328,-30.019447326660156
91.94066242300005,goal,-19.060216903686523,-211.9613800048828,-30.01934814453125
91.97461399099984,goal,-19.094633102416992,-212.04971313476562,-30.019325256347656
92.00660678299982,goal,-19.129169464111328,-212.1380157470703,-30.019351959228516
92.04068066499985,goal,-19.172487258911133,-212.24838256835938,-30.019432067871094
92.07461279099971,goal,-19.207250595092773,-212.336669921875,-30.01953125
92.10659475200009,goal,-19.242103576660156,-212.4249267578125,-30.019664764404297
92.14065377399993,goal,-19.277063369750977,-212.51315307617188,-30.019855499267578
92.17461172799995,goal,-19.31212615966797,-212.60134887695312,-30.020179748535156
92.20660051499999,goal,-19.347274780273438,-212.68960571289062,-30.02056884765625
92.2406816130001,goal,-19.391319274902344,-212.7999725341797,-30.021072387695312
92.27462344900005,goal,-19.426626205444336,-212.88829040527344,-30.021427154541016
92.30659834500011,goal,-19.461999893188477,-212.9766845703125,-30.021717071533203
92.3406288440001,goal,-19.49741554260254,-213.0651092529297,-30.021930694580078
92.37462807199972,goal,-19.532848358154297,-213.15354919433594,-30.021968841552734
92.40658876399993,goal,-19.568288803100586,-213.2419891357422,-30.021949768066406
92.44069509599967,goal,-19.612606048583984,-213.3525848388672,-30.021915435791016
92.47459957799992,goal,-19.648099899291992,-213.4411163330078,-30.021926879882812
92.50659510200012,goal,-19.68364906311035,-213.52975463867188,-30.02197265625
92.5406033459999,goal,-19.71925163269043,-213.61849975585938,-30.022056579589844
92.57460124999989,goal,-19.754867553710938,-213.70730590820312,-30.022205352783203
92.60661396499972,goal,-19.790462493896484,-213.79617309570312,-30.022327423095703
92.64059951599984,goal,-19.834909439086914,-213.90728759765625,-30.02245330810547
92.6746259319998,goal,-19.870458602905273,-213.9962158203125,-30.022602081298828
92.70659812199983,goal,-19.90596580505371,-214.08522033691406,-30.022796630859375
92.74063030299976,goal,-19.941455841064453,-214.17425537109375,-30.02300262451172
92.7746067549997,goal,-19.97689437866211,-214.26329040527344,-30.02320098876953
92.8065928699998,goal,-20.0123291015625,-214.3523712158203,-30.02341079711914
92.84059483100009,goal,-20.05660629272461,-214.46377563476562,-30.023727416992188
92.87463429699983,goal,-20.09194564819336,-214.55296325683594,-30.024066925048828
92.90663135899968,goal,-20.127201080322266,-214.6422119140625,-30.024417877197266
92.94068270699972,goal,-20.16240692138672,-214.73159790039062,-30.024791717529297
92.97462847499992,goal,-20.1975154876709,-214.82106018066406,-30.025211334228516
93.00660576099972,goal,-20.232526779174805,-214.91058349609375,-30.02558135986328
93.04060912299974,goal,-20.276123046875,-215.0225830078125,-30.02594757080078
93.07461042199975,goal,-20.310882568359375,-215.1122283935547,-30.026134490966797
93.10661123299997,goal,-20.34556007385254,-215.201904296875,-30.026290893554688
93.14065544599998,goal,-20.380090713500977,-215.29161071777344,-30.026432037353516
93.17462759799992,goal,-20.414466857910156,-215.38140869140625,-30.026519775390625
93.20664012199995,goal,-20.448749542236328,-215.47128295898438,-30.02658462524414
93.24065831200005,goal,-20.491498947143555,-215.58370971679688,-30.026630401611328
93.27462780199994,goal,-20.52561378479004,-215.6736602783203,-30.026607513427734
93.30660466399968,goal,-20.55967140197754,-215.7635955810547,-30.026561737060547
93.34066325899994,goal,-20.593669891357422,-215.85354614257812,-30.026500701904297
93.37465708399986,goal,-20.62763023376465,-215.94346618652344,-30.02640151977539
93.40667178600006,goal,-20.661575317382812,-216.03334045410156,-30.026256561279297
93.44068373799973,goal,-20.703933715820312,-216.14566040039062,-30.02603530883789
93.47464755100009,goal,-20.737760543823242,-216.23545837402344,-30.025856018066406
93.50666068500004,goal,-20.771547317504883,-216.32522583007812,-30.025707244873047
93.54067145299996,goal,-20.80527114868164,-216.41494750976562,-30.025562286376953
93.57463923399973,goal,-20.838911056518555,-216.504638671875,-30.025375366210938
93.60662920100003,goal,-20.872507095336914,-216.5942840576172,-30.025165557861328
93.64066558200011,goal,-20.91442108154297,-216.706298828125,-30.024852752685547
93.6746404659998,goal,-20.947858810424805,-216.7958221435547,-30.02452850341797
93.70667228299999,goal,-20.981245040893555,-216.88519287109375,-30.02411651611328
93.74065994600005,goal,-21.014583587646484,-216.9744415283203,-30.023582458496094
93.77470893999998,goal,-21.047910690307617,-217.0635528564453,-30.022907257080078
93.80666774599968,goal,-21.08125877380371,-217.15260314941406,-30.022193908691406
93.84068888399997,goal,-21.122983932495117,-217.26393127441406,-30.021255493164062
93.87464653799998,goal,-21.156410217285156,-217.35301208496094,-30.020465850830078
93.90670044799981,goal,-21.189878463745117,-217.44210815429688,-30.019615173339844
93.94066534400008,goal,-21.22337532043457,-217.5312042236328,-30.018753051757812
93.97465809300002,goal,-21.25684928894043,-217.62033081054688,-30.01791000366211
94.00661346800007,goal,-21.290300369262695,-217.70945739746094,-30.017166137695312
94.04065652899999,goal,-21.332107543945312,-217.82089233398438,-30.01636505126953
94.07464357699973,goal,-21.365554809570312,-217.9100799560547,-30.01578140258789
94.10664938299988,goal,-21.399002075195312,-217.99929809570312,-30.015220642089844
94.14065791799976,goal,-21.432476043701172,-218.0885772705078,-30.01471710205078
94.17464914399989,goal,-21.465972900390625,-218.1779022216797,-30.014236450195312
94.20663595099995,goal,-21.499469757080078,-218.26727294921875,-30.013824462890625
94.2406678729999,goal,-21.54129409790039,-218.37911987304688,-30.013442993164062
94.27465966299997,goal,-21.574748992919922,-218.46868896484375,-30.01323699951172
94.30670715699989,goal,-21.608219146728516,-218.558349609375,-30.013084411621094
94.34065875999977,goal,-21.641746520996094,-218.64808654785156,-30.012969970703125
94.3746522399997,goal,-21.675382614135742,-218.7378692626953,-30.012908935546875
94.40666855099971,goal,-21.709184646606445,-218.8277130126953,-30.01285171508789
94.44066614699977,goal,-21.751651763916016,-218.9401092529297,-30.012767791748047
94.47466023400011,goal,-21.785852432250977,-219.0300750732422,-30.012706756591797
94.50662372599982,goal,-21.82025909423828,-219.12010192871094,-30.01268768310547
94.54066677399987,goal,-21.854856491088867,-219.21017456054688,-30.01268768310547
94.57465323999986,goal,-21.889602661132812,-219.30027770996094,-30.01264190673828
94.60662556199986,goal,-21.924457550048828,-219.39044189453125,-30.012645721435547
94.64068336699984,goal,-21.968114852905273,-219.50320434570312,-30.012710571289062
94.67463370399992,goal,-22.00310516357422,-219.59349060058594,-30.012767791748047
94.70661419599992,goal,-22.03809356689453,-219.68377685546875,-30.012771606445312
94.74067957499983,goal,-22.073068618774414,-219.77407836914062,-30.012706756591797
94.77464911900006,goal,-22.10802459716797,-219.86436462402344,-30.01258087158203
94.80668965899986,goal,-22.14295196533203,-219.9546356201172,-30.012367248535156
94.84066900199969,goal,-22.186599731445312,-220.0674285888672,-30.012001037597656
94.8746355799999,goal,-22.22148895263672,-220.15762329101562,-30.01169204711914
94.906605614,goal,-22.256324768066406,-220.24777221679688,-30.011348724365234
94.9406632639998,goal,-22.291112899780273,-220.33792114257812,-30.010986328125
94.97466678,goal,-22.325849533081055,-220.42796325683594,-30.0106201171875
95.00662640700011,goal,-22.360506057739258,-220.51791381835938,-30.010326385498047
95.04067763600005,goal,-22.40363121032715,-220.6301727294922,-30.01007080078125
95.07464277100007,goal,-22.437976837158203,-220.71994018554688,-30.009929656982422
95.1066033799998,goal,-22.472230911254883,-220.80970764160156,-30.009780883789062
95.14064815899974,goal,-22.506380081176758,-220.8994903564453,-30.009632110595703
95.17465220599979,goal,-22.54045867919922,-220.9892578125,-30.009525299072266
95.20657963599979,goal,-22.574525833129883,-221.07901000976562,-30.009414672851562
95.24066331699987,goal,-22.617137908935547,-221.1910858154297,-30.009265899658203
95.27467580999974,goal,-22.651281356811523,-221.28062438964844,-30.00918197631836
95.30663742599972,goal,-22.685501098632812,-221.3700714111328,-30.009063720703125
95.34064355300006,goal,-22.719770431518555,-221.4594268798828,-30.008899688720703
95.3746489199998,goal,-22.75403594970703,-221.54873657226562,-30.008731842041016
95.406599293,goal,-22.78826904296875,-221.6379852294922,-30.008522033691406
95.440654257,goal,-22.830951690673828,-221.74951171875,-30.008174896240234
95.47465473300008,goal,-22.864931106567383,-221.83872985839844,-30.00782012939453
95.50659195099979,goal,-22.898818969726562,-221.9279327392578,-30.007369995117188
95.54064532799975,goal,-22.932615280151367,-222.0171356201172,-30.006813049316406
95.5746526580001,goal,-22.96634864807129,-222.10633850097656,-30.006195068359375
95.60659497699999,goal,-23.000036239624023,-222.1955108642578,-30.005542755126953
95.64067224199971,goal,-23.042139053344727,-222.30694580078125,-30.00466537475586
95.67469921299971,goal,-23.075794219970703,-222.3960723876953,-30.003910064697266
95.70660371899976,goal,-23.109451293945312,-222.4852294921875,-30.003131866455078
95.74063466400003,goal,-23.14316177368164,-222.57440185546875,-30.002357482910156
95.77461856399987,goal,-23.1768856048584,-222.66358947753906,-30.001617431640625
95.80661141599967,goal,-23.210615158081055,-222.75277709960938,-30.00090789794922
95.84059822900008,goal,-23.252765655517578,-222.8642578125,-30.000083923339844
95.87460240900009,goal,-23.286556243896484,-222.953369140625,-29.999439239501953
95.90663373799998,goal,-23.320383071899414,-223.04246520996094,-29.998855590820312
95.94059454799981,goal,-23.354249954223633,-223.13157653808594,-29.998340606689453
95.97465396799998,goal,-23.3881893157959,-223.22068786621094,-29.997909545898438
96.00658806499996,goal,-23.422212600708008,-223.309814453125,-29.99755859375
96.04063483399977,goal,-23.464794158935547,-223.4212188720703,-29.997257232666016
96.07462626999995,goal,-23.498939514160156,-223.51034545898438,-29.997177124023438
96.10662570199975,goal,-23.53313636779785,-223.59942626953125,-29.997188568115234
96.14064418399994,goal,-23.567302703857422,-223.6884765625,-29.997337341308594
96.17462697599967,goal,-23.601442337036133,-223.77755737304688,-29.997547149658203
96.20662581099987,goal,-23.635541915893555,-223.86669921875,-29.997833251953125
96.24061116299981,goal,-23.678071975708008,-223.9782257080078,-29.998279571533203
96.2746084370001,goal,-23.71207046508789,-224.0675048828125,-29.998653411865234
96.30660867799998,goal,-23.74602699279785,-224.15679931640625,-29.999065399169922
96.34062039799983,goal,-23.779953002929688,-224.2461395263672,-29.999488830566406
96.37460880399976,goal,-23.813838958740234,-224.3354949951172,-30.000015258789062
96.40662141699977,goal,-23.84772300720215,-224.42481994628906,-30.000595092773438
96.44061267500001,goal,-23.89006996154785,-224.5364990234375,-30.00145721435547
96.47464766799976,goal,-23.92392921447754,-224.6258087158203,-30.00217056274414
96.50665215799972,goal,-23.957767486572266,-224.71511840820312,-30.00283432006836
96.54060899499973,goal,-23.9915714263916,-224.8043975830078,-30.00341796875
96.57464550899977,goal,-24.025331497192383,-224.89366149902344,-30.004013061523438
96.6066044690001,goal,-24.05913543701172,-224.98291015625,-30.00454330444336
96.64063481599987,goal,-24.101383209228516,-225.094482421875,-30.00516128540039
96.67462847999968,goal,-24.135223388671875,-225.18370056152344,-30.00568389892578
96.70660405599983,goal,-24.16912078857422,-225.27288818359375,-30.006160736083984
96.74065780599994,goal,-24.20306968688965,-225.3621063232422,-30.006595611572266
96.77463206199991,goal,-24.237085342407227,-225.45135498046875,-30.007061004638672
96.80659078600002,goal,-24.271183013916016,-225.54061889648438,-30.007537841796875
96.84062850999999,goal,-24.313884735107422,-225.65216064453125,-30.008201599121094
96.87462220299994,goal,-24.34810447692871,-225.7414093017578,-30.008758544921875
96.90660004499978,goal,-24.382354736328125,-225.83065795898438,-30.009281158447266
96.94065456699991,goal,-24.416608810424805,-225.9199676513672,-30.00975799560547
96.97460885200007,goal,-24.450851440429688,-226.0093536376953,-30.010181427001953
97.00659332299983,goal,-24.48508071899414,-226.09881591796875,-30.01059341430664
97.04063122299976,goal,-24.527843475341797,-226.210693359375,-30.01108169555664
97.07460714999979,goal,-24.562042236328125,-226.30023193359375,-30.01140594482422
97.10662247999971,goal,-24.596202850341797,-226.3897705078125,-30.01172637939453
97.1406244269997,goal,-24.630348205566406,-226.47933959960938,-30.012035369873047
97.17463010099982,goal,-24.664470672607422,-226.56890869140625,-30.01239013671875
97.20660203499983,goal,-24.698627471923828,-226.65847778320312,-30.012725830078125
97.24064367999972,goal,-24.741430282592773,-226.77044677734375,-30.01309585571289
97.27462237600002,goal,-24.77572250366211,-226.8600616455078,-30.0133056640625
97.30659894599967,goal,-24.810054779052734,-226.94972229003906,-30.013469696044922
97.34062906200006,goal,-24.844402313232422,-227.03941345214844,-30.013568878173828
97.37579989200003,goal,-24.878742218017578,-227.12918090820312,-30.013599395751953
97.40782189099991,goal,-24.91307258605957,-227.218994140625,-30.01355743408203
97.44187693799995,goal,-24.956037521362305,-227.3313446044922,-30.01345443725586
97.47476659899985,goal,-24.990455627441406,-227.4213409423828,-30.013362884521484
97.50881031399967,goal,-25.02490234375,-227.5114288330078,-30.013225555419922
97.54082545099982,goal,-25.05936050415039,-227.6015625,-30.013004302978516
97.57592966599987,goal,-25.093809127807617,-227.69171142578125,-30.0126953125
97.61000564000005,goal,-25.1368408203125,-227.80438232421875,-30.01221466064453
97.6431070589997,goal,-25.17127799987793,-227.89453125,-30.01177978515625
97.67699886899982,goal,-25.20574951171875,-227.9846649169922,-30.011322021484375
97.71103552299974,goal,-25.240299224853516,-228.07484436035156,-30.010921478271484
97.7430634049997,goal,-25.27496337890625,-228.16505432128906,-30.010574340820312
97.77726707600004,goal,-25.309738159179688,-228.25527954101562,-30.01036834716797
97.81105800499972,goal,-25.353313446044922,-228.36807250976562,-30.010154724121094
97.84305617499967,goal,-25.388294219970703,-228.45834350585938,-30.00997543334961
97.87699015699991,goal,-25.423301696777344,-228.54856872558594,-30.009750366210938
97.9110220550001,goal,-25.458322525024414,-228.63870239257812,-30.009532928466797
97.9431012089999,goal,-25.493362426757812,-228.7287139892578,-30.00930404663086
97.97707794300004,goal,-25.52845573425293,-228.818603515625,-30.009033203125
98.01103986099997,goal,-25.572402954101562,-228.93081665039062,-30.008689880371094
98.04308729500008,goal,-25.60761833190918,-229.02047729492188,-30.008460998535156
98.07703547399979,goal,-25.642833709716797,-229.11004638671875,-30.008258819580078
98.11103396099998,goal,-25.678007125854492,-229.1995391845703,-30.008056640625
98.1430839249997,goal,-25.713132858276367,-229.2889404296875,-30.00787353515625
98.17704508299994,goal,-25.748210906982422,-229.37823486328125,-30.007781982421875
98.21105669300005,goal,-25.792011260986328,-229.4897918701172,-30.00768280029297
98.24303465699995,goal,-25.827014923095703,-229.5789794921875,-30.007659912109375
98.27700596099976,goal,-25.861963272094727,-229.66818237304688,-30.00768280029297
98.3110259619998,goal,-25.896841049194336,-229.75743103027344,-30.007713317871094
98.34302149999985,goal,-25.93166160583496,-229.8467254638672,-30.00775909423828
98.37699218399985,goal,-25.96649169921875,-229.9361572265625,-30.00790023803711
98.41104838699994,goal,-26.01003074645996,-230.04798889160156,-30.008087158203125
98.44303501800005,goal,-26.04483413696289,-230.13748168945312,-30.00823211669922
98.47705149700005,goal,-26.079605102539062,-230.22691345214844,-30.008358001708984
98.51103169999988,goal,-26.114334106445312,-230.31629943847656,-30.008533477783203
98.54303043399977,goal,-26.149038314819336,-230.4056854248047,-30.00873565673828
98.57700705499974,goal,-26.18370246887207,-230.49508666992188,-30.00891876220703
98.61111032500003,goal,-26.227008819580078,-230.60682678222656,-30.00905990600586
98.64303890499968,goal,-26.261577606201172,-230.6962127685547,-30.009113311767578
98.67703558799985,goal,-26.296051025390625,-230.78553771972656,-30.009136199951172
98.71107181699972,goal,-26.33036994934082,-230.87481689453125,-30.00908660888672
98.7430451729997,goal,-26.364614486694336,-230.96408081054688,-30.008956909179688
98.77699667699972,goal,-26.398849487304688,-231.05331420898438,-30.008766174316406
98.8110322929997,goal,-26.441635131835938,-231.16476440429688,-30.008464813232422
98.84303264399978,goal,-26.475879669189453,-231.25381469726562,-30.008174896240234
98.87699084899987,goal,-26.510133743286133,-231.34283447265625,-30.007816314697266
98.91108362199975,goal,-26.544422149658203,-231.43185424804688,-30.007423400878906
98.9430416639998,goal,-26.578689575195312,-231.52085876464844,-30.00698471069336
98.97698087699973,goal,-26.612958908081055,-231.6098175048828,-30.006481170654297
99.01109633899978,goal,-26.655776977539062,-231.72103881835938,-30.005756378173828
99.0430345589998,goal,-26.690031051635742,-231.81005859375,-30.005104064941406
99.07699672499984,goal,-26.724300384521484,-231.89910888671875,-30.004451751708984
99.11107013399987,goal,-26.758543014526367,-231.9882049560547,-30.003799438476562
99.14302543699978,goal,-26.792734146118164,-232.07737731933594,-30.003154754638672
99.17698795499973,goal,-26.826889038085938,-232.16661071777344,-30.002574920654297
99.21104532699974,goal,-26.86953353881836,-232.27813720703125,-30.001949310302734
99.24301276200003,goal,-26.90359878540039,-232.3673553466797,-30.001537322998047
99.27697883700012,goal,-26.937604904174805,-232.45652770996094,-30.001182556152344
99.3110518630001,goal,-26.971540451049805,-232.5457000732422,-30.00092315673828
99.34302570499995,goal,-27.005428314208984,-232.6349334716797,-30.00074005126953
99.37698781299969,goal,-27.039234161376953,-232.72415161132812,-30.00060272216797
99.4110394889999,goal,-27.081377029418945,-232.835693359375,-30.000476837158203
99.44301151599984,goal,-27.115114212036133,-232.9249267578125,-30.00040054321289
99.47698250299982,goal,-27.148889541625977,-233.01412963867188,-30.000385284423828
99.51109112199993,goal,-27.182708740234375,-233.10333251953125,-30.00033187866211
99.54305287699981,goal,-27.21660614013672,-233.19256591796875,-30.000205993652344
99.57698225900003,goal,-27.25054931640625,-233.2818603515625,-30.000049591064453
99.61104969300004,goal,-27.29306983947754,-233.39366149902344,-29.99985122680664
99.6430202839997,goal,-27.327129364013672,-233.48324584960938,-29.99966049194336
99.6770048190001,goal,-27.36128044128418,-233.57293701171875,-29.99941635131836
99.71106741799986,goal,-27.3955135345459,-233.66268920898438,-29.99915313720703
99.74303866299988,goal,-27.429840087890625,-233.75247192382812,-29.998859405517578
99.77701222699989,goal,-27.464292526245117,-233.84228515625,-29.998592376708984
99.81101851999983,goal,-27.50747299194336,-233.95460510253906,-29.998218536376953
99.84307869399981,goal,-27.542051315307617,-234.04454040527344,-29.997894287109375
99.87700878299984,goal,-27.576656341552734,-234.13449096679688,-29.997516632080078
99.91102786500005,goal,-27.611312866210938,-234.2244873046875,-29.997039794921875
99.94303782999987,goal,-27.64603042602539,-234.31448364257812,-29.99649429321289
99.97700477799981,goal,-27.68075942993164,-234.4044952392578,-29.995899200439453
100.01106202499977,goal,-27.72425651550293,-234.5169219970703,-29.99510955810547
100.04303334199994,goal,-27.759117126464844,-234.60682678222656,-29.994457244873047
100.07698433699989,goal,-27.793996810913086,-234.6967315673828,-29.993824005126953
100.11103373500009,goal,-27.82884407043457,-234.78659057617188,-29.993228912353516
100.14310539400003,goal,-27.863664627075195,-234.87640380859375,-29.992664337158203
100.17697847999989,goal,-27.898483276367188,-234.9662322998047,-29.99217987060547
100.2110488899998,goal,-27.941972732543945,-235.07850646972656,-29.991683959960938
100.24308085999974,goal,-27.976703643798828,-235.16831970214844,-29.991397857666016
100.27698968999994,goal,-28.011362075805664,-235.25811767578125,-29.991226196289062
100.31104173299991,goal,-28.045957565307617,-235.34786987304688,-29.991073608398438
100.34303061399987,goal,-28.080541610717773,-235.4376220703125,-29.990947723388672
100.376983613,goal,-28.11514663696289,-235.52737426757812,-29.990894317626953
100.411004219,goal,-28.158430099487305,-235.6395721435547,-29.99090576171875
100.44304875099988,goal,-28.19310188293457,-235.72935485839844,-29.99097442626953
100.47697894599969,goal,-28.227811813354492,-235.8191375732422,-29.991069793701172
100.51102912799979,goal,-28.26251983642578,-235.9088897705078,-29.991188049316406
100.54303803499988,goal,-28.297195434570312,-235.99856567382812,-29.991348266601562
100.57698639499995,goal,-28.331815719604492,-236.0881805419922,-29.991554260253906
100.6110551429997,goal,-28.375038146972656,-236.2001495361328,-29.991836547851562
100.64306331599983,goal,-28.409570693969727,-236.2896728515625,-29.99207305908203
100.67698741599997,goal,-28.444063186645508,-236.37918090820312,-29.992355346679688
100.7110267019998,goal,-28.478561401367188,-236.46868896484375,-29.992713928222656
100.74304780900002,goal,-28.513090133666992,-236.55819702148438,-29.99313735961914
100.77701084699993,goal,-28.547639846801758,-236.64772033691406,-29.993541717529297
100.81101016299999,goal,-28.590999603271484,-236.75958251953125,-29.99401092529297
100.84309311299967,goal,-28.625843048095703,-236.8490753173828,-29.994354248046875
100.87702739199995,goal,-28.660829544067383,-236.93856811523438,-29.99468231201172
100.91102231400009,goal,-28.695894241333008,-237.02806091308594,-29.994972229003906
100.94305132399995,goal,-28.730974197387695,-237.11758422851562,-29.995216369628906
100.97699474199999,goal,-28.766054153442383,-237.20713806152344,-29.995426177978516
101.01103886500005,goal,-28.809919357299805,-237.31915283203125,-29.995635986328125
101.04305193499977,goal,-28.845003128051758,-237.4088134765625,-29.995769500732422
101.07701775099986,goal,-28.880094528198242,-237.49850463867188,-29.995853424072266
101.11106226499987,goal,-28.915138244628906,-237.5883026123047,-29.995891571044922
101.14306419099967,goal,-28.95013427734375,-237.67820739746094,-29.995922088623047
101.17698940399987,goal,-28.985078811645508,-237.76820373535156,-29.995967864990234
101.21104892699987,goal,-29.028675079345703,-237.8807830810547,-29.996047973632812
101.24307202699993,approach,-29.063501358032227,-237.9708709716797,-29.99608612060547
101.27698259199997,approach,-29.09830093383789,-238.06092834472656,-29.995708465576172
101.31104260999973,approach,-29.133081436157227,-238.15081787109375,-29.991287231445312
101.3430602579997,approach,-29.16790199279785,-238.240478515625,-29.980392456054688
101.37700356000005,approach,-29.202781677246094,-238.32981872558594,-29.96271514892578
101.41101945599985,approach,-29.246450424194336,-238.4410400390625,-29.931652069091797
101.44306160199994,approach,-29.281436920166016,-238.52964782714844,-29.90013885498047
101.47698533399989,approach,-29.316457748413086,-238.6178436279297,-29.863483428955078
101.51103884199983,approach,-29.351478576660156,-238.70556640625,-29.82257843017578
101.54304892999971,approach,-29.386383056640625,-238.79273986816406,-29.778240203857422
101.57698438599982,approach,-29.42107391357422,-238.8792724609375,-29.73135757446289
101.61106325799983,approach,-29.464065551757812,-238.986328125,-29.669769287109375
101.64304983500006,approach,-29.498098373413086,-239.07090759277344,-29.618709564208984
101.6769935289999,approach,-29.531675338745117,-239.15440368652344,-29.566539764404297
101.71100375900005,approach,-29.564695358276367,-239.2366943359375,-29.51349639892578
101.74306380500002,approach,-29.59708595275879,-239.31764221191406,-29.459896087646484
101.77698735600006,approach,-29.62874984741211,-239.39712524414062,-29.40604019165039
101.81103288099985,approach,-29.66729164123535,-239.49424743652344,-29.338552474975586
101.84304967399976,approach,-29.697179794311523,-239.57005310058594,-29.284543991088867
101.87698402099977,approach,-29.72613525390625,-239.64402770996094,-29.23057746887207
101.911087382,approach,-29.75415802001953,-239.71603393554688,-29.17673683166504
101.94306169599986,approach,-29.78119468688965,-239.7860107421875,-29.123092651367188
101.97698786499996,approach,-29.807212829589844,-239.85386657714844,-29.069686889648438
102.01103110199983,approach,-29.838302612304688,-239.93572998046875,-29.003185272216797
102.0430766229997,approach,-29.861919403076172,-239.9987335205078,-28.950170516967773
102.07699273599974,approach,-29.884397506713867,-240.05947875976562,-28.897371292114258
102.11109326299993,approach,-29.905895233154297,-240.11802673339844,-28.84473419189453
102.14308916299979,approach,-29.926359176635742,-240.17425537109375,-28.79227638244629
102.17699473899984,approach,-29.945798873901367,-240.22816467285156,-28.739971160888672
102.21105249199991,approach,-29.9687442779541,-240.29229736328125,-28.674772262573242
102.2430604619999,approach,-29.986000061035156,-240.34092712402344,-28.62274932861328
102.2769800189999,approach,-30.002227783203125,-240.38720703125,-28.57089614868164
102.31103281900005,approach,-30.01736831665039,-240.4310760498047,-28.51926040649414
102.34305551499983,approach,-30.031444549560547,-240.47254943847656,-28.467880249023438
102.37699223299978,approach,-30.0445613861084,-240.5117645263672,-28.416702270507812
102.41103762500006,approach,-30.05953025817871,-240.55752563476562,-28.352935791015625
102.44305537499986,approach,-30.070314407348633,-240.59152221679688,-28.30207061767578
102.47698917399975,approach,-30.080114364624023,-240.62335205078125,-28.251279830932617
102.51099604199999,approach,-30.088977813720703,-240.65296936035156,-28.200586318969727
102.54302684100003,approach,-30.096927642822266,-240.68048095703125,-28.149951934814453
102.57698823600003,approach,-30.104013442993164,-240.70596313476562,-28.09943962097168
102.6110390089998,approach,-30.111793518066406,-240.73519897460938,-28.036439895629883
102.64301388100012,approach,-30.117210388183594,-240.75657653808594,-27.986175537109375
102.6769931849999,approach,-30.121976852416992,-240.7761688232422,-27.936086654663086
102.7110211459999,approach,-30.12613868713379,-240.7940673828125,-27.886083602905273
102.74304223799982,approach,-30.12973403930664,-240.81033325195312,-27.836177825927734
102.77700061899986,approach,-30.132734298706055,-240.8250274658203,-27.786331176757812
102.81104882499994,approach,-30.135738372802734,-240.84121704101562,-27.724123001098633
102.84303293099993,approach,-30.137601852416992,-240.8525390625,-27.674386978149414
102.87697626499994,approach,-30.139013290405273,-240.86251831054688,-27.624685287475586
102.91112106399987,approach,-30.140037536621094,-240.87118530273438,-27.575008392333984
102.94306676699989,approach,-30.140670776367188,-240.87857055664062,-27.52533721923828
102.97703610300005,approach,-30.140981674194336,-240.88473510742188,-27.47572135925293
103.01106131200004,approach,-30.14097023010254,-240.89083862304688,-27.41379165649414
103.04305746599994,approach,-30.14063835144043,-240.89453125,-27.36431884765625
103.07698973199967,approach,-30.14004898071289,-240.897216796875,-27.31491470336914
103.11102918799997,approach,-30.13921546936035,-240.89894104003906,-27.265554428100586
103.1430541259997,approach,-30.138153076171875,-240.89974975585938,-27.216218948364258
103.17701605000002,approach,-30.13690948486328,-240.89976501464844,-27.166908264160156
103.21106022899994,approach,-30.135189056396484,-240.89865112304688,-27.10533905029297
103.24309111599996,approach,-30.133678436279297,-240.89697265625,-27.056137084960938
103.27700900599984,approach,-30.132057189941406,-240.8946533203125,-27.006980895996094
103.31206212200004,approach,-30.130329132080078,-240.89173889160156,-26.95795440673828
103.34407091899993,approach,-30.128480911254883,-240.88833618164062,-26.90902328491211
103.378016527,approach,-30.126537322998047,-240.8844757080078,-26.860130310058594
103.41388023899981,approach,-30.123991012573242,-240.87908935546875,-26.79909896850586
103.44591974900004,approach,-30.12191390991211,-240.8744354248047,-26.750394821166992
103.47985732300003,approach,-30.119766235351562,-240.8695831298828,-26.70181655883789
103.5138905509998,approach,-30.11754608154297,-240.8645782470703,-26.653348922729492
103.5459027060001,approach,-30.115318298339844,-240.85934448242188,-26.604961395263672
103.57988247599997,approach,-30.113096237182617,-240.85397338867188,-26.556671142578125
103.6138946369997,approach,-30.110363006591797,-240.84707641601562,-26.496414184570312
103.64590049699973,approach,-30.108234405517578,-240.84141540527344,-26.448286056518555
103.67988179299982,approach,-30.106138229370117,-240.8356170654297,-26.400182723999023
103.71391229599976,approach,-30.104143142700195,-240.82977294921875,-26.352142333984375
103.7459146199999,approach,-30.10228157043457,-240.8238983154297,-26.304168701171875
103.779887873,approach,-30.100547790527344,-240.81800842285156,-26.256322860717773
103.81388602099969,approach,-30.098480224609375,-240.81072998046875,-26.196640014648438
103.845954291,approach,-30.09687042236328,-240.80494689941406,-26.148983001708984
103.87986168999987,approach,-30.095277786254883,-240.7992401123047,-26.101404190063477
103.91385929599983,approach,-30.093738555908203,-240.79360961914062,-26.053852081298828
103.94590578299994,approach,-30.09225845336914,-240.78797912597656,-26.006263732910156
103.9798646889999,approach,-30.090877532958984,-240.78244018554688,-25.958688735961914
104.01387998599967,approach,-30.08928680419922,-240.775634765625,-25.899259567260742
104.04591528699984,approach,-30.08810043334961,-240.77029418945312,-25.851716995239258
104.07986256899994,approach,-30.08696174621582,-240.7650604248047,-25.804180145263672
104.11391217999972,approach,-30.08587074279785,-240.75991821289062,-25.75666618347168
104.14589721599987,approach,-30.084819793701172,-240.75491333007812,-25.709178924560547
104.17986080899982,approach,-30.08380889892578,-240.75001525878906,-25.66164779663086
104.21389672699979,approach,-30.082584381103516,-240.7439727783203,-25.602205276489258
104.24591037899972,approach,-30.081661224365234,-240.73928833007812,-25.55461883544922
104.27986464099968,approach,-30.08078384399414,-240.73475646972656,-25.506967544555664
104.3139197659998,approach,-30.0799617767334,-240.73040771484375,-25.45921516418457
104.34590735599977,approach,-30.079208374023438,-240.72621154785156,-25.411365509033203
104.37986773700004,approach,-30.07855224609375,-240.72215270996094,-25.36354637145996
104.41388697599996,approach,-30.077880859375,-240.71728515625,-25.303804397583008
104.44595109800002,approach,-30.077465057373047,-240.71353149414062,-25.256032943725586
104.47986142799982,approach,-30.077112197875977,-240.70977783203125,-25.208263397216797
104.51388087099986,approach,-30.076858520507812,-240.70616149902344,-25.160520553588867
104.54595957099991,approach,-30.07672119140625,-240.7026824951172,-25.112789154052734
104.57985684899995,approach,-30.076704025268555,-240.69931030273438,-25.06513214111328
104.61388627699989,approach,-30.076860427856445,-240.6952362060547,-25.005624771118164
104.64591091600005,approach,-30.07710075378418,-240.69204711914062,-24.958086013793945
104.67985535699972,approach,-30.077455520629883,-240.68890380859375,-24.910642623901367
104.71387159899996,approach,-30.07790756225586,-240.6858367919922,-24.863269805908203
104.74591264599985,approach,-30.07842254638672,-240.68280029296875,-24.815900802612305
104.77984835899997,approach,-30.079025268554688,-240.6798858642578,-24.768516540527344
104.81390656299982,approach,-30.079912185668945,-240.67642211914062,-24.709318161010742
104.84590957699993,approach,-30.080713272094727,-240.67376708984375,-24.66194725036621
104.87987638999994,approach,-30.08161163330078,-240.6711883544922,-24.614566802978516
104.91389034299982,approach,-30.082584381103516,-240.66871643066406,-24.567218780517578
104.94590654100011,approach,-30.083614349365234,-240.666259765625,-24.519899368286133
104.97985593799967,approach,-30.08469581604004,-240.66380310058594,-24.472562789916992
105.01391585800002,approach,-30.08603286743164,-240.66070556640625,-24.4133358001709
105.04591314699974,approach,-30.087093353271484,-240.6582489013672,-24.365922927856445
105.07985879199987,approach,-30.088109970092773,-240.65579223632812,-24.318483352661133
105.1138766529998,approach,-30.089075088500977,-240.6533660888672,-24.270965576171875
105.14590131399973,approach,-30.0899600982666,-240.65097045898438,-24.223369598388672
105.17985514800012,approach,-30.09078025817871,-240.64862060546875,-24.175750732421875
105.21394615999998,approach,-30.091705322265625,-240.64572143554688,-24.11617088317871
105.24592054200002,approach,-30.092355728149414,-240.6434326171875,-24.06841468811035
105.27997291499969,approach,-30.092876434326172,-240.64109802246094,-24.020591735839844
105.3138923649999,approach,-30.09328842163086,-240.63877868652344,-23.972719192504883
105.34591220199991,approach,-30.093618392944336,-240.63648986816406,-23.92482566833496
105.37985896000009,approach,-30.093875885009766,-240.63417053222656,-23.876985549926758
105.41388460999997,approach,-30.0941104888916,-240.63125610351562,-23.81707000732422
105.44590495700004,approach,-30.094301223754883,-240.6289520263672,-23.76905632019043
105.47985247999986,approach,-30.09445571899414,-240.6266632080078,-23.72100830078125
105.5138735319997,approach,-30.094581604003906,-240.62437438964844,-23.6729736328125
105.54592187799972,approach,-30.09462547302246,-240.62208557128906,-23.62495231628418
105.57985719499993,approach,-30.094623565673828,-240.6197967529297,-23.57694435119629
105.61391993200004,approach,-30.094520568847656,-240.616943359375,-23.516969680786133
105.64591677199996,approach,-30.094345092773438,-240.61476135253906,-23.469036102294922
105.6798555800001,approach,-30.09410285949707,-240.61264038085938,-23.421119689941406
105.7139266260001,approach,-30.093801498413086,-240.61056518554688,-23.373228073120117
105.7459076350001,approach,-30.093400955200195,-240.60855102539062,-23.32537269592285
105.77986328499992,approach,-30.092933654785156,-240.60653686523438,-23.277591705322266
105.81394546299998,approach,-30.092254638671875,-240.6040496826172,-23.217897415161133
105.8458902960001,approach,-30.091665267944336,-240.60214233398438,-23.170120239257812
105.87986872600004,approach,-30.09099578857422,-240.60035705566406,-23.122283935546875
105.91386343099975,approach,-30.09023666381836,-240.59864807128906,-23.074430465698242
105.9458476499999,approach,-30.089391708374023,-240.59701538085938,-23.026554107666016
105.97987433599974,approach,-30.08843994140625,-240.59547424316406,-22.97869110107422
106.01389987099992,approach,-30.08719825744629,-240.5936737060547,-22.91890525817871
106.04588504499998,approach,-30.0861759185791,-240.59231567382812,-22.87112045288086
106.0798856309998,approach,-30.085134506225586,-240.5910186767578,-22.823400497436523
106.11389226599977,approach,-30.084068298339844,-240.58982849121094,-22.775691986083984
106.14588531299978,approach,-30.08299446105957,-240.5886688232422,-22.728017807006836
106.17988267400005,approach,-30.081876754760742,-240.58755493164062,-22.68035125732422
106.21391754599972,approach,-30.080480575561523,-240.58624267578125,-22.620840072631836
106.24590774099988,approach,-30.079378128051758,-240.58529663085938,-22.57330322265625
106.2798600379997,approach,-30.078290939331055,-240.58447265625,-22.525876998901367
106.313916694,approach,-30.077224731445312,-240.58377075195312,-22.478490829467773
106.3459066749997,approach,-30.07624626159668,-240.58314514160156,-22.431161880493164
106.3809293989998,approach,-30.075332641601562,-240.5825653076172,-22.3839168548584
106.41498073799994,approach,-30.074344635009766,-240.5819549560547,-22.32497787475586
106.44702242999983,approach,-30.073657989501953,-240.58151245117188,-22.27784538269043
106.4809290989997,approach,-30.07305145263672,-240.58116149902344,-22.23073387145996
106.51614809000012,approach,-30.072553634643555,-240.58084106445312,-22.18370246887207
106.54814621600008,approach,-30.072134017944336,-240.58058166503906,-22.136693954467773
106.58213145499985,approach,-30.071767807006836,-240.5803680419922,-22.089689254760742
106.61615936099997,approach,-30.071378707885742,-240.5802459716797,-22.031005859375
106.64821513800007,approach,-30.07113265991211,-240.58021545410156,-21.984045028686523
106.68215959400004,approach,-30.070951461791992,-240.58026123046875,-21.93703842163086
106.71612164199996,approach,-30.07079315185547,-240.5803680419922,-21.89006233215332
106.74814924599968,approach,-30.070663452148438,-240.5805206298828,-21.84309959411621
106.78212830899975,approach,-30.070585250854492,-240.58067321777344,-21.796106338500977
106.81615465899995,approach,-30.07056999206543,-240.58096313476562,-21.73736572265625
106.84815596999988,approach,-30.070619583129883,-240.5812225341797,-21.690324783325195
106.88218035799991,approach,-30.070772171020508,-240.58148193359375,-21.643260955810547
106.91614869099976,approach,-30.07102394104004,-240.58172607421875,-21.59625816345215
106.9481481150001,approach,-30.071361541748047,-240.58193969726562,-21.54931640625
106.98212719899993,approach,-30.071807861328125,-240.5821533203125,-21.502336502075195
107.01615976499988,approach,-30.072450637817383,-240.58250427246094,-21.44350242614746
107.04815255799986,approach,-30.07301139831543,-240.5828094482422,-21.396358489990234
107.08212715399986,approach,-30.0736083984375,-240.5831298828125,-21.34916114807129
107.11620334500003,approach,-30.07421112060547,-240.58346557617188,-21.30190658569336
107.14815870699977,approach,-30.074817657470703,-240.58384704589844,-21.25457763671875
107.182143472,approach,-30.075395584106445,-240.5842742919922,-21.207162857055664
107.21612151699992,approach,-30.076051712036133,-240.5848388671875,-21.14784812927246
107.24815001599973,approach,-30.076496124267578,-240.58531188964844,-21.100341796875
107.28212314899974,approach,-30.076860427856445,-240.58575439453125,-21.052759170532227
107.31617943099991,approach,-30.07716178894043,-240.58612060546875,-21.005123138427734
107.3481564169997,approach,-30.077415466308594,-240.5863800048828,-20.95743179321289
107.38213379099989,approach,-30.077606201171875,-240.58657836914062,-20.909732818603516
107.41615699799968,approach,-30.077722549438477,-240.58665466308594,-20.8501033782959
107.44817517299998,approach,-30.077709197998047,-240.5866241455078,-20.802410125732422
107.48217314199974,approach,-30.077585220336914,-240.58651733398438,-20.754728317260742
107.51613888599968,approach,-30.077341079711914,-240.58636474609375,-20.707080841064453
107.54816806300005,approach,-30.076950073242188,-240.586181640625,-20.65946388244629
107.5821378999999,approach,-30.076387405395508,-240.5859832763672,-20.61182975769043
107.6161603229998,approach,-30.075498580932617,-240.5857696533203,-20.552268981933594
107.64817095499984,approach,-30.074710845947266,-240.58558654785156,-20.504592895507812
107.68211848200008,approach,-30.07390594482422,-240.58538818359375,-20.456884384155273
107.71612423599981,approach,-30.073091506958008,-240.5851593017578,-20.409147262573242
107.74815341399972,approach,-30.07221794128418,-240.5849151611328,-20.361408233642578
107.78212405299973,approach,-30.07123374938965,-240.58468627929688,-20.313701629638672
107.8161560159997,approach,-30.069828033447266,-240.58444213867188,-20.254066467285156
107.84817128799978,approach,-30.068574905395508,-240.5843048095703,-20.206344604492188
107.88211613299973,approach,-30.067312240600586,-240.58416748046875,-20.15860366821289
107.91615285499984,approach,-30.066078186035156,-240.58407592773438,-20.110855102539062
107.94815332400003,approach,-30.06488609313965,-240.58404541015625,-20.063087463378906
107.98212022100006,approach,-30.06374740600586,-240.58412170410156,-20.015226364135742
108.01611323299994,approach,-30.062379837036133,-240.5843505859375,-19.955284118652344
108.04816449100008,approach,-30.061325073242188,-240.58465576171875,-19.907251358032227
108.08211407599993,approach,-30.060256958007812,-240.5850067138672,-19.859216690063477
108.11612104699998,approach,-30.059185028076172,-240.58535766601562,-19.811145782470703
108.14814633099968,approach,-30.058130264282227,-240.58570861816406,-19.763063430786133
108.18211821899968,approach,-30.05710220336914,-240.58602905273438,-19.714967727661133
108.21612586299989,approach,-30.05581283569336,-240.58642578125,-19.65488624572754
108.24815288599984,approach,-30.054729461669922,-240.5867919921875,-19.606904983520508
108.28211784099994,approach,-30.053590774536133,-240.5872039794922,-19.55901336669922
108.31612174299971,approach,-30.05240821838379,-240.58766174316406,-19.511119842529297
108.34816792599986,approach,-30.05121612548828,-240.58811950683594,-19.46323585510254
108.38212886599968,approach,-30.05002784729004,-240.58851623535156,-19.415395736694336
108.416136672,approach,-30.04861068725586,-240.58892822265625,-19.355512619018555
108.4481576559997,approach,-30.04757308959961,-240.5892333984375,-19.307571411132812
108.48213141299993,approach,-30.0466365814209,-240.58949279785156,-19.25965118408203
108.51613892099977,approach,-30.045814514160156,-240.58970642089844,-19.211776733398438
108.54815728199992,approach,-30.04511260986328,-240.5898895263672,-19.1639347076416
108.58211368799994,approach,-30.044469833374023,-240.59005737304688,-19.116092681884766
108.6161315469999,approach,-30.043764114379883,-240.5902557373047,-19.05629539489746
108.64815296999996,approach,-30.043277740478516,-240.5904083251953,-19.00851058959961
108.68212928100002,approach,-30.042814254760742,-240.5905303955078,-18.960803985595703
108.71612331999995,approach,-30.04237937927246,-240.59066772460938,-18.913148880004883
108.74819951499967,approach,-30.041988372802734,-240.59085083007812,-18.86556053161621
108.78214309099985,approach,-30.04159164428711,-240.59109497070312,-18.818063735961914
108.81614255099976,approach,-30.04103660583496,-240.5914764404297,-18.75878143310547
108.84815445000004,approach,-30.040525436401367,-240.59182739257812,-18.711362838745117
108.88211871299973,approach,-30.040063858032227,-240.59217834472656,-18.663944244384766
108.91614652699991,approach,-30.03963851928711,-240.59255981445312,-18.616485595703125
108.94816280399982,approach,-30.039247512817383,-240.593017578125,-18.568979263305664
108.9821117319998,approach,-30.038869857788086,-240.5934600830078,-18.52141571044922
109.0161203839998,approach,-30.038434982299805,-240.593994140625,-18.461990356445312
109.04815885800008,approach,-30.0380802154541,-240.5944366455078,-18.414457321166992
109.08212548899974,approach,-30.037750244140625,-240.5948944091797,-18.366872787475586
109.11612391800008,approach,-30.0374813079834,-240.59544372558594,-18.3192081451416
109.14810352399991,approach,-30.037202835083008,-240.5960693359375,-18.271493911743164
109.18212144099971,approach,-30.036945343017578,-240.5967254638672,-18.2237606048584
109.21613282999988,approach,-30.036609649658203,-240.59759521484375,-18.164072036743164
109.24812135399998,approach,-30.036334991455078,-240.5983123779297,-18.11631202697754
109.29622907799967,approach,-30.036043167114258,-240.5990447998047,-18.06856918334961
109.33577121600001,approach,-30.035734176635742,-240.59976196289062,-18.02083969116211
109.36976933699998,approach,-30.035432815551758,-240.6004638671875,-17.97307014465332
109.4037787279999,approach,-30.03524398803711,-240.60116577148438,-17.92535400390625
109.43571117800002,approach,-30.03515625,-240.60183715820312,-17.87760353088379
109.46976066599973,approach,-30.035274505615234,-240.60260009765625,-17.8178653717041
109.50382722699987,approach,-30.035512924194336,-240.60316467285156,-17.770017623901367
109.53959711900006,approach,-30.035850524902344,-240.6036834716797,-17.722129821777344
109.57366529199999,approach,-30.036237716674805,-240.60415649414062,-17.674219131469727
109.60760867299996,approach,-30.036733627319336,-240.60455322265625,-17.62629508972168
109.63953445400011,approach,-30.037282943725586,-240.6048583984375,-17.57840919494629
109.6736503039997,approach,-30.038015365600586,-240.60519409179688,-17.51858901977539
109.70762643499984,approach,-30.038585662841797,-240.60543823242188,-17.4706974029541
109.73953598499975,approach,-30.039226531982422,-240.60569763183594,-17.422788619995117
109.77367588600009,approach,-30.03997039794922,-240.60594177246094,-17.37489128112793
109.80767019299992,approach,-30.040800094604492,-240.6061553955078,-17.326993942260742
109.83962299799987,approach,-30.04169464111328,-240.6063232421875,-17.27901840209961
109.87365760900002,approach,-30.042903900146484,-240.60643005371094,-17.21889877319336
109.9076008080001,approach,-30.043912887573242,-240.6064453125,-17.17072296142578
109.9395289009999,approach,-30.04497718811035,-240.60643005371094,-17.122446060180664
109.9736352179998,approach,-30.04608154296875,-240.60635375976562,-17.07407569885254
110.00765415899969,approach,-30.047237396240234,-240.60617065429688,-17.025617599487305
110.0395359019999,approach,-30.04845428466797,-240.60594177246094,-16.977134704589844
110.0736889689997,approach,-30.05008316040039,-240.60546875,-16.91649627685547
110.10762428599992,approach,-30.05147361755371,-240.60501098632812,-16.86796760559082
110.13953503699986,approach,-30.052898406982422,-240.60450744628906,-16.819442749023438
110.17363968299969,approach,-30.054340362548828,-240.6039581298828,-16.770923614501953
110.20769331499969,approach,-30.055782318115234,-240.60336303710938,-16.722450256347656
110.23954303599976,approach,-30.0572509765625,-240.60272216796875,-16.673933029174805
110.27361403899977,approach,-30.05904197692871,-240.60191345214844,-16.613309860229492
110.30762259599987,approach,-30.060396194458008,-240.60128784179688,-16.564929962158203
110.33953443099972,approach,-30.06166648864746,-240.6007080078125,-16.51660919189453
110.37362826899971,approach,-30.062847137451172,-240.6001739501953,-16.468339920043945
110.40763453799991,approach,-30.063949584960938,-240.5996856689453,-16.42013168334961
110.43952412299996,approach,-30.064956665039062,-240.5992431640625,-16.37200355529785
110.47363185599988,approach,-30.066083908081055,-240.5988006591797,-16.311935424804688
110.50760297599982,approach,-30.06684112548828,-240.59854125976562,-16.263919830322266
110.53952789000004,approach,-30.06746482849121,-240.59835815429688,-16.215988159179688
110.57362635699974,approach,-30.068017959594727,-240.59825134277344,-16.16812515258789
110.6077102029999,approach,-30.06846809387207,-240.59812927246094,-16.120370864868164
110.63953352999988,approach,-30.06879997253418,-240.5979766845703,-16.072654724121094
110.67361212500009,approach,-30.069150924682617,-240.5977325439453,-16.013092041015625
110.70763813599979,approach,-30.069438934326172,-240.59750366210938,-15.965522766113281
110.739558536,approach,-30.06974220275879,-240.5972900390625,-15.917928695678711
110.77358563100006,approach,-30.070106506347656,-240.5971221923828,-15.87031364440918
110.80555677299981,approach,-30.070568084716797,-240.59698486328125,-15.82269287109375
110.83953931099995,approach,-30.071073532104492,-240.5968780517578,-15.775043487548828
110.87358784799972,approach,-30.071767807006836,-240.59674072265625,-15.71542739868164
110.90554071099996,approach,-30.072338104248047,-240.5966033935547,-15.667724609375
110.93953200999977,approach,-30.07289695739746,-240.59646606445312,-15.620027542114258
110.9736473529997,approach,-30.073406219482422,-240.59632873535156,-15.57234001159668
111.00554482799998,approach,-30.07387351989746,-240.5962371826172,-15.52462387084961
111.05486663500005,approach,-30.0743350982666,-240.59617614746094,-15.476892471313477
111.09868972000004,approach,-30.07492446899414,-240.59622192382812,-15.417211532592773
111.13065112899994,approach,-30.075389862060547,-240.5963897705078,-15.369487762451172
111.16459086899977,approach,-30.07585906982422,-240.59664916992188,-15.321733474731445
111.1986571919997,approach,-30.076332092285156,-240.5970001220703,-15.273977279663086
111.23069117099976,approach,-30.076793670654297,-240.5974578857422,-15.22625732421875
111.26458783199996,approach,-30.077232360839844,-240.5980224609375,-15.178571701049805
111.29867123199983,approach,-30.077709197998047,-240.5989227294922,-15.11897087097168
111.33064637500001,approach,-30.07801055908203,-240.59976196289062,-15.071247100830078
111.364649654,approach,-30.078275680541992,-240.60060119628906,-15.02352523803711
111.39865790299973,approach,-30.078521728515625,-240.60147094726562,-14.975818634033203
111.43063468199989,approach,-30.078758239746094,-240.6024169921875,-14.928133010864258
111.46460955299972,approach,-30.078964233398438,-240.60337829589844,-14.880443572998047
111.49865971300005,approach,-30.079206466674805,-240.60467529296875,-14.820808410644531
111.53064941299999,approach,-30.079381942749023,-240.60580444335938,-14.773099899291992
111.56459278700004,approach,-30.079545974731445,-240.60702514648438,-14.725427627563477
111.59869112999968,approach,-30.07969856262207,-240.60829162597656,-14.677787780761719
111.63065288200005,approach,-30.079805374145508,-240.6095733642578,-14.630144119262695
111.66459753399977,approach,-30.079864501953125,-240.61085510253906,-14.582569122314453
111.69868056799987,approach,-30.079893112182617,-240.6125030517578,-14.52322006225586
111.73068656199985,approach,-30.079914093017578,-240.61386108398438,-14.47580337524414
111.76460349099989,approach,-30.079853057861328,-240.615234375,-14.428438186645508
111.7986535279997,approach,-30.079683303833008,-240.61659240722656,-14.381105422973633
111.8306687549998,approach,-30.079435348510742,-240.6179962158203,-14.333778381347656
111.86463774799995,approach,-30.079143524169922,-240.61940002441406,-14.286548614501953
111.89868239899988,approach,-30.07872772216797,-240.6212615966797,-14.227571487426758
111.93063159799976,approach,-30.078371047973633,-240.62283325195312,-14.180391311645508
111.96458909500006,approach,-30.07798194885254,-240.62449645996094,-14.133203506469727
111.99864357899969,approach,-30.077547073364258,-240.62620544433594,-14.086013793945312
112.03064347100008,approach,-30.077045440673828,-240.62794494628906,-14.038860321044922
112.0646394319997,approach,-30.076499938964844,-240.62969970703125,-13.99177360534668
112.09864874899995,approach,-30.075775146484375,-240.63189697265625,-13.932918548583984
112.13069257699999,approach,-30.075170516967773,-240.6336669921875,-13.885746002197266
112.16461395999977,approach,-30.074548721313477,-240.63539123535156,-13.838529586791992
112.19870028800005,approach,-30.073936462402344,-240.6370391845703,-13.791278839111328
112.23066784899993,approach,-30.073345184326172,-240.63861083984375,-13.743953704833984
112.26458521899985,approach,-30.072750091552734,-240.64010620117188,-13.69664192199707
112.29865912200012,approach,-30.072002410888672,-240.64187622070312,-13.637466430664062
112.33064387099967,approach,-30.071443557739258,-240.64324951171875,-13.590085983276367
112.36464670999976,approach,-30.07090950012207,-240.64456176757812,-13.54271125793457
112.39860968099993,approach,-30.07040023803711,-240.6457977294922,-13.495269775390625
112.43066199699979,approach,-30.069887161254883,-240.64697265625,-13.447769165039062
112.46462670699975,approach,-30.06938934326172,-240.64808654785156,-13.400239944458008
112.49860026099986,approach,-30.068838119506836,-240.6493682861328,-13.340818405151367
112.53065290899985,approach,-30.068525314331055,-240.6503448486328,-13.293275833129883
112.56465477699976,approach,-30.068279266357422,-240.65130615234375,-13.24577808380127
112.59862794399987,approach,-30.068098068237305,-240.65220642089844,-13.198325157165527
112.63066596899989,approach,-30.0679931640625,-240.65304565429688,-13.150869369506836
112.664634234,approach,-30.06793785095215,-240.65379333496094,-13.10343074798584
112.69862105799984,approach,-30.068029403686523,-240.6546173095703,-13.044159889221191
112.73084095700005,approach,-30.068124771118164,-240.65516662597656,-12.996796607971191
112.76466402799997,approach,-30.068220138549805,-240.6555938720703,-12.949548721313477
112.79865266099978,approach,-30.068267822265625,-240.65586853027344,-12.902393341064453
112.83078169600003,approach,-30.068233489990234,-240.65602111816406,-12.855300903320312
112.86466669599986,approach,-30.068153381347656,-240.65609741210938,-12.80821704864502
112.89865952699984,approach,-30.068044662475586,-240.65611267089844,-12.749357223510742
112.9308223449998,approach,-30.068008422851562,-240.65609741210938,-12.702289581298828
112.96467200899997,approach,-30.068004608154297,-240.6560516357422,-12.655210494995117
112.99865206200002,approach,-30.068023681640625,-240.65597534179688,-12.608166694641113
113.03112198500003,approach,-30.06804084777832,-240.6558837890625,-12.561163902282715
113.06465598799969,approach,-30.06806755065918,-240.65574645996094,-12.51418399810791
113.0986596519997,approach,-30.068035125732422,-240.65541076660156,-12.455534934997559
113.13094363799974,approach,-30.067956924438477,-240.65504455566406,-12.408647537231445
113.16466027199976,approach,-30.067834854125977,-240.65460205078125,-12.361748695373535
113.19864443000006,approach,-30.06766700744629,-240.654052734375,-12.314815521240234
113.23124499699998,approach,-30.067447662353516,-240.65347290039062,-12.267802238464355
113.26465458899975,approach,-30.06719398498535,-240.6527862548828,-12.220784187316895
113.29865203400004,approach,-30.066938400268555,-240.65184020996094,-12.162013053894043
113.33125422400008,approach,-30.0667667388916,-240.6510009765625,-12.114961624145508
113.36467661899997,approach,-30.066633224487305,-240.650146484375,-12.06784439086914
113.39870120899968,approach,-30.06658172607422,-240.64927673339844,-12.020663261413574
113.43179914999973,approach,-30.066635131835938,-240.64840698242188,-11.97346305847168
113.46576784099989,approach,-30.066747665405273,-240.6475372314453,-11.926187515258789
113.49980226099979,approach,-30.06692123413086,-240.64651489257812,-11.866999626159668
113.53180816199983,approach,-30.06708335876465,-240.64578247070312,-11.819637298583984
113.56570011199983,approach,-30.067209243774414,-240.64517211914062,-11.772151947021484
113.59975977899967,approach,-30.06728172302246,-240.6446075439453,-11.724540710449219
113.6318076550001,approach,-30.067310333251953,-240.64407348632812,-11.676878929138184
113.66573660199992,approach,-30.067264556884766,-240.6436004638672,-11.629199028015137
113.6997447079998,approach,-30.067110061645508,-240.6430206298828,-11.569581985473633
113.73234697599992,approach,-30.066944122314453,-240.64256286621094,-11.521870613098145
113.76573569899983,approach,-30.066762924194336,-240.6421356201172,-11.474081993103027
113.79976045800004,approach,-30.066539764404297,-240.6417236328125,-11.42618465423584
113.83176106199971,approach,-30.0662899017334,-240.64132690429688,-11.378182411193848
113.86573767499976,approach,-30.066024780273438,-240.64089965820312,-11.33018970489502
113.89976118000004,approach,-30.06564712524414,-240.64041137695312,-11.270233154296875
113.93227767799999,approach,-30.06529998779297,-240.64012145996094,-11.2222261428833
113.96574065999994,approach,-30.064924240112305,-240.6399383544922,-11.174224853515625
113.99976513699994,approach,-30.06452178955078,-240.63987731933594,-11.126235961914062
114.03189684500012,approach,-30.06412696838379,-240.6399383544922,-11.078313827514648
114.06573287699985,approach,-30.063739776611328,-240.6400909423828,-11.030402183532715
114.0997508219998,approach,-30.063295364379883,-240.64036560058594,-10.970542907714844
114.13180334499975,approach,-30.062942504882812,-240.64064025878906,-10.922667503356934
114.16573581400007,approach,-30.062610626220703,-240.64097595214844,-10.874773025512695
114.19977808699969,approach,-30.062297821044922,-240.64129638671875,-10.826850891113281
114.23173293599984,approach,-30.061962127685547,-240.6416015625,-10.77892017364502
114.26573134599994,approach,-30.061601638793945,-240.6418914794922,-10.730892181396484
114.2997572549998,approach,-30.0611515045166,-240.6422882080078,-10.670783042907715
114.33182236399989,approach,-30.06077766418457,-240.6426239013672,-10.622649192810059
114.36576486800004,approach,-30.060405731201172,-240.64297485351562,-10.574532508850098
114.39978157899986,approach,-30.060083389282227,-240.64328002929688,-10.526482582092285
114.43211549099988,approach,-30.059829711914062,-240.64356994628906,-10.478466033935547
114.4657215530001,approach,-30.059667587280273,-240.64385986328125,-10.430472373962402
114.49975736499982,approach,-30.059619903564453,-240.64418029785156,-10.370481491088867
114.53234319600006,approach,-30.059728622436523,-240.64443969726562,-10.32250690460205
114.56573305799975,approach,-30.059926986694336,-240.6446990966797,-10.274590492248535
114.59975372200006,approach,-30.060253143310547,-240.6449432373047,-10.226743698120117
114.63206604800007,approach,-30.060712814331055,-240.64512634277344,-10.178869247436523
114.66576357199983,approach,-30.06131935119629,-240.64524841308594,-10.131017684936523
114.69974740599991,approach,-30.06228256225586,-240.64535522460938,-10.071233749389648
114.73219563699968,approach,-30.063196182250977,-240.64540100097656,-10.023372650146484
114.76572444099975,approach,-30.064189910888672,-240.6454620361328,-9.975582122802734
114.7997628019998,approach,-30.065250396728516,-240.6455078125,-9.9278564453125
114.83192672399991,approach,-30.066314697265625,-240.6455841064453,-9.880208015441895
114.86580830399998,approach,-30.067380905151367,-240.64572143554688,-9.832603454589844
114.89974934299971,approach,-30.068706512451172,-240.64599609375,-9.773137092590332
114.93211338899982,approach,-30.069787979125977,-240.64630126953125,-9.725552558898926
114.96578162199967,approach,-30.070877075195312,-240.64663696289062,-9.678018569946289
114.99976507199972,approach,-30.07196617126465,-240.64703369140625,-9.630531311035156
115.0325368509998,approach,-30.073108673095703,-240.6475067138672,-9.58318042755127
115.06576278300008,approach,-30.074295043945312,-240.64805603027344,-9.535884857177734
115.09981075299993,approach,-30.075794219970703,-240.64877319335938,-9.47680377960205
115.1317670630001,approach,-30.07703971862793,-240.6493682861328,-9.429564476013184
115.16574833000004,approach,-30.078372955322266,-240.65000915527344,-9.382268905639648
115.19976727499989,approach,-30.079763412475586,-240.65065002441406,-9.334917068481445
115.23192393399995,approach,-30.08123207092285,-240.6511993408203,-9.287567138671875
115.26575592499967,approach,-30.082725524902344,-240.65167236328125,-9.240158081054688
115.29975619099969,approach,-30.084489822387695,-240.6521453857422,-9.180797576904297
115.33188355199991,approach,-30.085800170898438,-240.65243530273438,-9.133257865905762
115.36579853600006,approach,-30.087068557739258,-240.6527557373047,-9.085707664489746
115.39975589599999,approach,-30.08829116821289,-240.6531219482422,-9.038152694702148
115.43185346099972,approach,-30.089452743530273,-240.65354919433594,-8.990517616271973
115.46596871599968,approach,-30.090539932250977,-240.6540985107422,-8.94290828704834
115.49975193799992,approach,-30.09183692932129,-240.6549530029297,-8.88351058959961
115.5317695509998,approach,-30.092805862426758,-240.65570068359375,-8.836140632629395
115.5657495129999,approach,-30.09372329711914,-240.65650939941406,-8.788880348205566
115.59980043399992,approach,-30.094593048095703,-240.6574249267578,-8.741660118103027
115.63175346299977,approach,-30.09539031982422,-240.65834045410156,-8.694510459899902
115.66592228699983,approach,-30.096097946166992,-240.65931701660156,-8.647459030151367
115.69973100600009,approach,-30.096853256225586,-240.66061401367188,-8.588705062866211
115.73173985599988,approach,-30.09733009338379,-240.66168212890625,-8.54161548614502
115.76576437499989,approach,-30.0976505279541,-240.66275024414062,-8.494505882263184
115.79976224699976,approach,-30.097900390625,-240.66375732421875,-8.447347640991211
115.8320045559999,approach,-30.098037719726562,-240.6647186279297,-8.400127410888672
115.86576994400002,approach,-30.098081588745117,-240.66566467285156,-8.352877616882324
115.89976807599987,approach,-30.09803581237793,-240.66677856445312,-8.2937593460083
115.93174088199976,approach,-30.097929000854492,-240.66763305664062,-8.246437072753906
115.9657763729997,approach,-30.097841262817383,-240.66847229003906,-8.199057579040527
115.99978941499967,approach,-30.09772300720215,-240.6693115234375,-8.151585578918457
116.03179703499973,approach,-30.097515106201172,-240.67019653320312,-8.104045867919922
116.0657715960001,approach,-30.09724235534668,-240.6710662841797,-8.05640983581543
116.09980143099983,approach,-30.096927642822266,-240.67205810546875,-7.996790885925293
116.1318001149998,approach,-30.09668731689453,-240.67276000976562,-7.949036598205566
116.16579036599978,approach,-30.096487045288086,-240.6733856201172,-7.901275634765625
116.1997814020001,approach,-30.09632682800293,-240.6739501953125,-7.853541374206543
116.23177273800002,approach,-30.096149444580078,-240.67442321777344,-7.805791854858398
116.26572807000002,approach,-30.095951080322266,-240.6748046875,-7.757981300354004
116.29977055499967,approach,-30.095705032348633,-240.67515563964844,-7.698143005371094
116.33182869699976,approach,-30.095521926879883,-240.67532348632812,-7.650266647338867
116.36574794999979,approach,-30.095312118530273,-240.6754150390625,-7.602448463439941
116.39976756099986,approach,-30.095050811767578,-240.6754608154297,-7.5546674728393555
116.43179396300002,approach,-30.094694137573242,-240.67550659179688,-7.506908416748047
116.46576327399998,approach,-30.094282150268555,-240.6755828857422,-7.459099769592285
116.49978342099985,approach,-30.0936336517334,-240.6757049560547,-7.3992919921875
116.53179798800011,approach,-30.093008041381836,-240.67579650878906,-7.351507186889648
116.56576003000009,approach,-30.092302322387695,-240.67588806152344,-7.303722381591797
116.59977191200005,approach,-30.091493606567383,-240.67593383789062,-7.255941390991211
116.63183862400001,approach,-30.090620040893555,-240.67593383789062,-7.208225250244141
116.66578138099976,approach,-30.089696884155273,-240.67588806152344,-7.1604814529418945
116.69979358799992,approach,-30.08847999572754,-240.6757049560547,-7.100825309753418
116.73174895500006,approach,-30.08748435974121,-240.6754913330078,-7.053173065185547
116.7657364419997,approach,-30.08644676208496,-240.67523193359375,-7.00563907623291
116.79981021999993,approach,-30.0853328704834,-240.67491149902344,-6.958196640014648
116.83181541499971,approach,-30.08413314819336,-240.67454528808594,-6.910698890686035
116.86592203600003,approach,-30.082826614379883,-240.67416381835938,-6.863201141357422
116.89978377999978,approach,-30.08107566833496,-240.67367553710938,-6.80381965637207
116.93179954299967,approach,-30.07963752746582,-240.6732940673828,-6.756278038024902
116.96575661199995,approach,-30.07815933227539,-240.67291259765625,-6.70875358581543
116.99978292700007,approach,-30.076684951782227,-240.67251586914062,-6.661237716674805
117.03182246699998,approach,-30.07525062561035,-240.672119140625,-6.613697052001953
117.06589974600001,approach,-30.073837280273438,-240.6716766357422,-6.566156387329102
117.09989604099974,approach,-30.072118759155273,-240.67108154296875,-6.50670051574707
117.13180937700008,approach,-30.070751190185547,-240.67059326171875,-6.459096908569336
117.16630976399983,approach,-30.06935691833496,-240.67007446289062,-6.411468505859375
117.19992245499998,approach,-30.067962646484375,-240.66954040527344,-6.3638105392456055
117.23176668499991,approach,-30.066537857055664,-240.66900634765625,-6.316092491149902
117.26594310700011,approach,-30.065147399902344,-240.66845703125,-6.26832389831543
117.29993634199991,approach,-30.06348419189453,-240.6677703857422,-6.208593368530273
117.33178442799999,approach,-30.062204360961914,-240.66722106933594,-6.1608428955078125
117.36579571399989,approach,-30.060972213745117,-240.6666717529297,-6.113171577453613
117.3997908389997,approach,-30.059839248657227,-240.6660919189453,-6.065555572509766
117.43176296399997,approach,-30.058815002441406,-240.6654510498047,-6.017884254455566
117.46733003700001,approach,-30.057899475097656,-240.66477966308594,-5.9701690673828125
117.50138415499987,approach,-30.0568904876709,-240.66384887695312,-5.9104766845703125
117.53340065800012,approach,-30.05620765686035,-240.66307067871094,-5.862720489501953
117.56733777099998,approach,-30.055673599243164,-240.6622772216797,-5.814886093139648
117.60134389299992,approach,-30.05531120300293,-240.66148376464844,-5.766970634460449
117.63339123800006,approach,-30.05512046813965,-240.6607208251953,-5.718900680541992
117.66735605599979,approach,-30.055063247680664,-240.65997314453125,-5.67076301574707
117.70139350199997,approach,-30.055084228515625,-240.65907287597656,-5.610474586486816
117.73351245799995,approach,-30.05513572692871,-240.6584014892578,-5.562152862548828
117.76734575899991,approach,-30.05518341064453,-240.65773010253906,-5.513731002807617
117.8013548089998,approach,-30.055253982543945,-240.65707397460938,-5.4651994705200195
117.83334493499979,approach,-30.05535888671875,-240.65646362304688,-5.4166669845581055
117.86911260999977,approach,-30.055532455444336,-240.65589904785156,-5.368129730224609
117.90033691999997,approach,-30.0559139251709,-240.65525817871094,-5.307458877563477
117.93436533299973,approach,-30.05636978149414,-240.65480041503906,-5.258880615234375
117.968309503,approach,-30.056961059570312,-240.65438842773438,-5.210275650024414
118.00038532200006,approach,-30.057649612426758,-240.65399169921875,-5.16169548034668
118.03431754599978,approach,-30.058456420898438,-240.65359497070312,-5.113122940063477
118.06832469999972,approach,-30.059579849243164,-240.65310668945312,-5.05232048034668
118.10037337799986,approach,-30.060626983642578,-240.6527557373047,-5.003637313842773
118.13434681499984,approach,-30.06178855895996,-240.6524200439453,-4.954967498779297
118.16830574400001,approach,-30.063026428222656,-240.65211486816406,-4.906279563903809
118.20033174499986,approach,-30.06431770324707,-240.65188598632812,-4.857573509216309
118.23437846999968,approach,-30.065654754638672,-240.65176391601562,-4.808828353881836
118.26832248699975,approach,-30.06736183166504,-240.65176391601562,-4.747947692871094
118.30033684299997,approach,-30.06875991821289,-240.65185546875,-4.699294090270996
118.33436245999974,approach,-30.070152282714844,-240.65200805664062,-4.650722503662109
118.3683147859997,approach,-30.07151222229004,-240.65223693847656,-4.602262496948242
118.40044007400002,approach,-30.072858810424805,-240.65248107910156,-4.55391788482666
118.43435249100003,approach,-30.0742130279541,-240.6527862548828,-4.505647659301758
118.46831444899999,approach,-30.07588005065918,-240.65318298339844,-4.445444107055664
118.50036154700001,approach,-30.077152252197266,-240.6535186767578,-4.397375106811523
118.53451027999972,approach,-30.0783748626709,-240.6538543701172,-4.3493804931640625
118.56839180599991,approach,-30.079532623291016,-240.6542205810547,-4.301434516906738
118.60037156699991,approach,-30.08062171936035,-240.6546173095703,-4.253521919250488
118.63483351099967,approach,-30.081592559814453,-240.65509033203125,-4.205633163452148
118.66856843000005,approach,-30.082639694213867,-240.6556854248047,-4.145780563354492
118.70039931099973,approach,-30.083274841308594,-240.65615844726562,-4.097969055175781
118.73435175999975,approach,-30.083770751953125,-240.65667724609375,-4.050202369689941
118.76835086599976,approach,-30.08409309387207,-240.65719604492188,-4.002457618713379
118.80048671799977,approach,-30.084318161010742,-240.65773010253906,-3.954737901687622
118.83474377099992,approach,-30.084407806396484,-240.658203125,-3.9070322513580322
118.8683646239997,approach,-30.084348678588867,-240.65867614746094,-3.8474628925323486
118.90052508899998,approach,-30.08415412902832,-240.65899658203125,-3.799917459487915
118.9343748729998,approach,-30.08387565612793,-240.65928649902344,-3.7524735927581787
118.9683434059998,approach,-30.08353042602539,-240.65956115722656,-3.7051022052764893
119.00037216700002,approach,-30.083110809326172,-240.65980529785156,-3.657785177230835
119.03429847100006,approach,-30.082599639892578,-240.66006469726562,-3.610508680343628
119.06836423699997,approach,-30.081865310668945,-240.66046142578125,-3.55133318901062
119.10032555299995,approach,-30.0811824798584,-240.6608123779297,-3.5040123462677
119.13433899699976,approach,-30.080429077148438,-240.6611785888672,-3.456737756729126
119.16850397300004,approach,-30.079574584960938,-240.6615753173828,-3.409497022628784
119.20032720600011,approach,-30.078662872314453,-240.66195678710938,-3.362306833267212
119.23436654099987,approach,-30.07769775390625,-240.6623077392578,-3.3150579929351807
119.26834698399989,approach,-30.076467514038086,-240.6627655029297,-3.2560017108917236
119.30029724299993,approach,-30.07550621032715,-240.6631317138672,-3.208728075027466
119.33437219200005,approach,-30.074525833129883,-240.66346740722656,-3.161494016647339
119.36854999199977,approach,-30.07354164123535,-240.66380310058594,-3.1142666339874268
119.40034347499977,approach,-30.072490692138672,-240.6641082763672,-3.067014455795288
119.43439353099984,approach,-30.071409225463867,-240.6644287109375,-3.019672155380249
119.46832292099998,approach,-30.070009231567383,-240.66482543945312,-2.9603636264801025
119.50035239199997,approach,-30.068857192993164,-240.6652069091797,-2.9128291606903076
119.53449568499991,approach,-30.067668914794922,-240.6656494140625,-2.865281343460083
119.56836111699977,approach,-30.066476821899414,-240.66610717773438,-2.8176915645599365
119.60034755099969,approach,-30.065227508544922,-240.6665496826172,-2.770101308822632
119.63436837499967,approach,-30.063947677612305,-240.66700744628906,-2.7225472927093506
119.66833077799993,approach,-30.06235122680664,-240.66761779785156,-2.6631338596343994
119.70034775499971,approach,-30.061166763305664,-240.66818237304688,-2.6156132221221924
119.73436212899969,approach,-30.060043334960938,-240.6687774658203,-2.5681345462799072
119.76862598399975,approach,-30.05895233154297,-240.6693878173828,-2.5206267833709717
119.80036680900002,approach,-30.057884216308594,-240.6699981689453,-2.473039388656616
119.83437893599967,approach,-30.056842803955078,-240.67062377929688,-2.4253451824188232
119.86832976999995,approach,-30.05558204650879,-240.67140197753906,-2.3655803203582764
119.90036465799994,approach,-30.054594039916992,-240.6720428466797,-2.3176791667938232
119.93433498900004,approach,-30.053632736206055,-240.67271423339844,-2.269739866256714
119.96837688100004,approach,-30.05269432067871,-240.67343139648438,-2.2217676639556885
120.0003615669998,approach,-30.051815032958984,-240.6741943359375,-2.1737544536590576
120.03439430599974,approach,-30.050983428955078,-240.6749725341797,-2.1256916522979736
120.06832335099989,approach,-30.05017852783203,-240.67576599121094,-2.0777132511138916
120.10036452799977,approach,-30.049251556396484,-240.6768035888672,-2.018286943435669
120.13436556599981,approach,-30.048580169677734,-240.67770385742188,-1.9715173244476318
120.16837403999989,approach,-30.04799461364746,-240.67861938476562,-1.9256494045257568
120.20037081800001,approach,-30.047548294067383,-240.67953491210938,-1.8808887004852295
120.23435634899988,approach,-30.047277450561523,-240.68045043945312,-1.8374507427215576
120.2683541209999,approach,-30.047239303588867,-240.68153381347656,-1.785123586654663
120.30034760099988,approach,-30.047420501708984,-240.68235778808594,-1.7449042797088623
120.33436052399975,approach,-30.047771453857422,-240.68319702148438,-1.7061445713043213
120.36837411499982,approach,-30.04823112487793,-240.68402099609375,-1.668886423110962
120.40033326899993,approach,-30.048828125,-240.68479919433594,-1.633228063583374
