elapsed_sec,phase,north_m,east_m,down_m
0.007882842000981327,takeoff,-0.018265843391418457,0.018060512840747833,0.012070655822753906
0.041828150000583264,takeoff,-0.01892676204442978,0.01831919513642788,0.011966705322265625
0.07583526800044638,takeoff,-0.020038388669490814,0.01838725246489048,0.012149333953857422
0.10786422999990464,takeoff,-0.021385863423347473,0.018352096900343895,0.012410163879394531
0.14181642000039574,takeoff,-0.02288961224257946,0.018256401643157005,0.012662887573242188
0.17584138300117047,takeoff,-0.02491486258804798,0.018039656803011894,0.012942314147949219
0.20789837800111854,takeoff,-0.026664255186915398,0.017750483006238937,0.013179302215576172
0.2418291499998304,takeoff,-0.028458356857299805,0.017363136634230614,0.013456583023071289
0.2758354289999261,takeoff,-0.030292969197034836,0.016939759254455566,0.013747930526733398
0.30789829199966334,takeoff,-0.03215666860342026,0.01647472381591797,0.014052629470825195
0.3418070349998743,takeoff,-0.034410133957862854,0.015888214111328125,0.01425790786743164
0.3758517460009898,takeoff,-0.037241823971271515,0.015102139674127102,0.014655828475952148
0.4078670159997273,takeoff,-0.03945344313979149,0.014378923922777176,0.015072107315063477
0.4418097760008095,takeoff,-0.04167351499199867,0.013571826741099358,0.015512943267822266
0.47583589700116136,takeoff,-0.04423495754599571,0.012597817927598953,0.016182422637939453
0.507865726000091,takeoff,-0.046742867678403854,0.011639812029898167,0.01683664321899414
0.5418092100007925,takeoff,-0.049184855073690414,0.010720474645495415,0.017470359802246094
0.5758276819997263,takeoff,-0.05213099345564842,0.009649633429944515,0.018208026885986328
0.6078464719994372,takeoff,-0.05443734675645828,0.008813700638711452,0.01880335807800293
0.6418186259998038,takeoff,-0.05667392536997795,0.008031432516872883,0.0194089412689209
0.6758532790008758,takeoff,-0.05924122408032417,0.007126592565327883,0.02015852928161621
0.7078835320007784,takeoff,-0.06178634986281395,0.006260530557483435,0.020833492279052734
0.7418190080006752,takeoff,-0.06430631875991821,0.005449005868285894,0.02149820327758789
0.7758753100006288,takeoff,-0.06739529222249985,0.0045059239491820335,0.022257566452026367
0.8079169779994118,takeoff,-0.06975512951612473,0.0038007800467312336,0.022829771041870117
0.8418378669994127,takeoff,-0.0720181092619896,0.0031577206682413816,0.023363590240478516
0.8758626449998701,takeoff,-0.07414216548204422,0.002619801089167595,0.023876667022705078
0.9078828350011463,takeoff,-0.07614599913358688,0.0021965752821415663,0.024387121200561523
0.9418443440008559,takeoff,-0.07802573591470718,0.0019048986723646522,0.024842262268066406
0.9758477499999572,takeoff,-0.0802343413233757,0.00164322298951447,0.02537250518798828
1.0078952719995868,takeoff,-0.08187364041805267,0.001492812647484243,0.025782346725463867
1.0418711180009268,takeoff,-0.08334212005138397,0.0013818445149809122,0.026177406311035156
1.075866044000577,takeoff,-0.0846690908074379,0.0013129975413903594,0.026537179946899414
1.1078758429994195,takeoff,-0.08603650331497192,0.0012299756053835154,0.026829957962036133
1.1418178300009458,takeoff,-0.08763331174850464,0.00107229792047292,0.026994705200195312
1.1758675330002006,takeoff,-0.08963262289762497,0.0008825361146591604,0.027098894119262695
1.2078745449998678,takeoff,-0.09124340116977692,0.0007512558368034661,0.027161359786987305
1.2419284320003499,takeoff,-0.09283366799354553,0.0006627998081967235,0.027212142944335938
1.2759113400006754,takeoff,-0.09406618773937225,0.0007344756741076708,0.026994943618774414
1.3078819490001479,takeoff,-0.09508023411035538,0.0008942936547100544,0.02681875228881836
1.3418503659995622,takeoff,-0.09573681652545929,0.0011563559528440237,0.026773691177368164
1.3758479419993819,takeoff,-0.09635874629020691,0.0014810069696977735,0.02679896354675293
1.4078749689997494,takeoff,-0.09663820266723633,0.0017291245749220252,0.026814937591552734
1.4418386750003265,takeoff,-0.09688759595155716,0.0018633806612342596,0.02688312530517578
1.475857655001164,takeoff,-0.09726959466934204,0.0018400158733129501,0.02718043327331543
1.5078752250010439,takeoff,-0.09758508950471878,0.0017464224947616458,0.02753305435180664
1.5418435930005217,takeoff,-0.09784209728240967,0.0016184283886104822,0.027872800827026367
1.5758908660009183,takeoff,-0.09809714555740356,0.001458250917494297,0.028264284133911133
1.6079219189996365,takeoff,-0.0982426106929779,0.0013354874681681395,0.028553009033203125
1.6418782279997686,takeoff,-0.09836897253990173,0.0012109517119824886,0.028800010681152344
1.6758394690004934,takeoff,-0.098417267203331,0.00108212954364717,0.028935909271240234
1.7079298740009108,takeoff,-0.09866795688867569,0.0008297359454445541,0.0287930965423584
1.7418306159997883,takeoff,-0.09881629049777985,0.0005929787876084447,0.028641462326049805
1.7758617760009656,takeoff,-0.09884420037269592,0.00029574939981102943,0.028408050537109375
1.8078818829999364,takeoff,-0.0987735465168953,1.951217927853577e-05,0.02818131446838379
1.8418707420005376,takeoff,-0.09865382313728333,-0.00031545120873488486,0.027907133102416992
1.8758553669995308,takeoff,-0.09867812693119049,-0.0007548821740783751,0.02771282196044922
1.9079235089993745,takeoff,-0.09889913350343704,-0.0012623610673472285,0.027623891830444336
1.9418494729998201,takeoff,-0.09907827526330948,-0.0017190482467412949,0.02749919891357422
1.9758570869998948,takeoff,-0.09921547770500183,-0.0022057686001062393,0.027260303497314453
2.007889361000707,takeoff,-0.0992586761713028,-0.0025850923266261816,0.027019739151000977
2.0418695629996364,takeoff,-0.09924671798944473,-0.0029601294081658125,0.026700496673583984
2.0758219180006563,takeoff,-0.09921429306268692,-0.003288146574050188,0.02631688117980957
2.1078603160003695,takeoff,-0.09889286011457443,-0.0034195834305137396,0.025711774826049805
2.1418184260001,takeoff,-0.09850892424583435,-0.0034802572336047888,0.02501082420349121
2.1758467580002616,takeoff,-0.09840031713247299,-0.003691153833642602,0.023890256881713867
2.2078725730007136,takeoff,-0.0982818529009819,-0.003867278341203928,0.02295374870300293
2.2418707239994546,takeoff,-0.09811187535524368,-0.004031143616884947,0.022020339965820312
2.275889967000694,takeoff,-0.09790737926959991,-0.004153855610638857,0.0211026668548584
2.3078928569993877,takeoff,-0.09765277057886124,-0.004227587021887302,0.02019953727722168
2.341840482000407,takeoff,-0.09732893854379654,-0.004225142300128937,0.019275426864624023
2.3758526719993824,takeoff,-0.09681984037160873,-0.004090612288564444,0.018126964569091797
2.4079556520009646,takeoff,-0.09634196758270264,-0.0038885686080902815,0.01720595359802246
2.4418290739995427,takeoff,-0.09590074419975281,-0.003631962463259697,0.016338586807250977
2.4758842840001307,takeoff,-0.09541163593530655,-0.0033216201700270176,0.015453100204467773
2.5078843560004316,takeoff,-0.09487330168485641,-0.0030150930397212505,0.014543533325195312
2.54183834000105,takeoff,-0.09430868923664093,-0.0027470916975289583,0.013647317886352539
2.575862601001063,takeoff,-0.09354407340288162,-0.0024690148420631886,0.01259160041809082
2.6079035550010303,takeoff,-0.09287538379430771,-0.0023155282251536846,0.01176762580871582
2.641831404000186,takeoff,-0.09219227731227875,-0.002219941234216094,0.010927915573120117
2.6758737820000533,takeoff,-0.0915265828371048,-0.0021281319204717875,0.010092735290527344
2.70787656200082,takeoff,-0.09087028354406357,-0.002016535261645913,0.009333133697509766
2.741867803000787,takeoff,-0.09008229523897171,-0.0018804443534463644,0.008700370788574219
2.7758461960002023,takeoff,-0.08909080922603607,-0.0017665139166638255,0.007965326309204102
2.807877711000401,takeoff,-0.088265061378479,-0.0017070325557142496,0.007416963577270508
2.841830901999856,takeoff,-0.08740095049142838,-0.001697748200967908,0.006863594055175781
2.8759071469994524,takeoff,-0.08649463206529617,-0.0016768581699579954,0.0063779354095458984
2.907901148999372,takeoff,-0.08556421846151352,-0.001610055100172758,0.005971193313598633
2.9418254129996058,takeoff,-0.0846356600522995,-0.001527123968116939,0.005671501159667969
2.9758522320007614,takeoff,-0.08368996530771255,-0.0014883741969242692,0.005387544631958008
3.0079142800004774,takeoff,-0.08296038210391998,-0.0015268826391547918,0.005219936370849609
3.041826778000541,takeoff,-0.08223069459199905,-0.0016062099020928144,0.00513005256652832
3.07584670200049,takeoff,-0.08152815699577332,-0.0017276097787544131,0.005110979080200195
3.107864879999397,takeoff,-0.08086211234331131,-0.0018258695490658283,0.005118370056152344
3.1419374739998602,takeoff,-0.08022022992372513,-0.0017633811803534627,0.005038022994995117
3.178068410999913,takeoff,-0.07952520996332169,-0.0016294339438900352,0.004371166229248047
3.210066989000552,takeoff,-0.07905346900224686,-0.0016058789333328605,0.002938508987426758
3.249946780000755,takeoff,-0.07871793955564499,-0.001700130058452487,0.0002942085266113281
3.2891976379996777,takeoff,-0.07845700532197952,-0.0018540574237704277,-0.0038595199584960938
3.3255796459998237,takeoff,-0.07821180671453476,-0.0019879057072103024,-0.009795904159545898
3.363204923000012,takeoff,-0.07794933021068573,-0.001995583763346076,-0.017732620239257812
3.3998700289994304,takeoff,-0.07747524976730347,-0.0017366854008287191,-0.030686140060424805
3.435940974000914,takeoff,-0.07682172954082489,-0.0012520385207608342,-0.04371762275695801
3.4699737379996805,takeoff,-0.0758715495467186,-0.00044189978507347405,-0.0592045783996582
3.5051018440008193,takeoff,-0.07461267709732056,0.000693327805493027,-0.07727217674255371
3.538246332000199,takeoff,-0.07311872392892838,0.0021790361497551203,-0.09782862663269043
3.5722565989999566,takeoff,-0.07129834592342377,0.004050080198794603,-0.12102174758911133
3.6061859840010584,takeoff,-0.0685105100274086,0.006887511815875769,-0.1537339687347412
3.6395847759995377,takeoff,-0.06588654220104218,0.009557456709444523,-0.1829981803894043
3.673552672000369,takeoff,-0.0629461482167244,0.012558158487081528,-0.21495699882507324
3.70752585900118,takeoff,-0.05970444157719612,0.01584971696138382,-0.24960923194885254
3.7395438910007215,takeoff,-0.05616592615842819,0.019352927803993225,-0.2869420051574707
3.7735771410007146,takeoff,-0.05239402502775192,0.023060711100697517,-0.3269693851470947
3.807548164999389,takeoff,-0.04747133329510689,0.0278499573469162,-0.38051748275756836
3.8395337500005553,takeoff,-0.0433199368417263,0.03171951696276665,-0.42641520500183105
3.8735854370006564,takeoff,-0.03902658820152283,0.03556596860289574,-0.4750182628631592
3.907552155000303,takeoff,-0.03465777635574341,0.03935343027114868,-0.526280403137207
3.939536764000877,takeoff,-0.030208155512809753,0.04307056963443756,-0.5801339149475098
3.9735943770010635,takeoff,-0.025790642946958542,0.04670233279466629,-0.6365547180175781
4.00758498399955,takeoff,-0.020351683720946312,0.05108623206615448,-0.7107508182525635
4.039559250999446,takeoff,-0.01619699038565159,0.05446070805191994,-0.7728176116943359
4.073562040000979,takeoff,-0.012206588871777058,0.05771607160568237,-0.8373796939849854
4.107593094000549,takeoff,-0.008442719466984272,0.06083427369594574,-0.9044957160949707
4.139580159000616,takeoff,-0.004980837926268578,0.06379040330648422,-0.9741625785827637
4.17355316999965,takeoff,-0.0018971894169226289,0.06658660620450974,-1.0463252067565918
4.207548047999808,takeoff,0.0014115601079538465,0.06981781125068665,-1.139827013015747
4.239576117000979,takeoff,0.003582490375265479,0.07215876132249832,-1.21683931350708
4.273571826999614,takeoff,0.005332247819751501,0.07426147162914276,-1.295532464981079
4.30758485700062,takeoff,0.006687605753540993,0.07614243030548096,-1.3754749298095703
4.339630243001011,takeoff,0.007646541576832533,0.07778513431549072,-1.4565200805664062
4.373562892000336,takeoff,0.008200648240745068,0.07913976162672043,-1.5384387969970703
4.407594143000097,takeoff,0.008287539705634117,0.08044009655714035,-1.6418862342834473
4.439609932000167,takeoff,0.007872923277318478,0.0812307670712471,-1.7252440452575684
4.473610389000896,takeoff,0.006997172255069017,0.08180254697799683,-1.8090391159057617
4.507554097001048,takeoff,0.005689962767064571,0.08219961822032928,-1.8931889533996582
4.539625403000173,takeoff,0.00401697214692831,0.08249498903751373,-1.9776406288146973
4.573584313000538,takeoff,0.0020423720125108957,0.08268777281045914,-2.062288284301758
4.607543870000882,takeoff,-0.0008435994968749583,0.08274154365062714,-2.168372631072998
4.6395905850004056,takeoff,-0.0034151773434132338,0.08264617621898651,-2.2534050941467285
4.673601845999656,takeoff,-0.00619303435087204,0.08251380175352097,-2.3385791778564453
4.707527938000567,takeoff,-0.009128717705607414,0.08241225779056549,-2.4238901138305664
4.739597863999734,takeoff,-0.01220296323299408,0.08236382156610489,-2.5093088150024414
4.773601397000675,takeoff,-0.01543655339628458,0.0823468491435051,-2.5948362350463867
4.807548044000214,takeoff,-0.01965181529521942,0.08242744952440262,-2.7018871307373047
4.839594871000372,takeoff,-0.023160448297858238,0.08254849165678024,-2.7876057624816895
4.873629759000323,takeoff,-0.026803623884916306,0.08281345665454865,-2.8733768463134766
4.907563021999522,takeoff,-0.030520200729370117,0.08315545320510864,-2.959163188934326
4.939585853000608,takeoff,-0.034335438162088394,0.08354230225086212,-3.0449557304382324
4.973572547000003,takeoff,-0.03827514126896858,0.08395830541849136,-3.130751132965088
5.00756618000014,takeoff,-0.043394509702920914,0.08447737246751785,-3.238081455230713
5.039581827999427,takeoff,-0.04764259606599808,0.08489104360342026,-3.324042320251465
5.0735604140008945,takeoff,-0.05200253054499626,0.08531859517097473,-3.410067081451416
5.107580636000421,takeoff,-0.05639379844069481,0.08570297807455063,-3.496147632598877
5.139578115000404,takeoff,-0.06081131100654602,0.08610055595636368,-3.58229398727417
5.173586754001008,takeoff,-0.06521424651145935,0.08651891350746155,-3.668527126312256
5.207551393999893,takeoff,-0.07069390267133713,0.08707229793071747,-3.7764344215393066
5.239588450000156,takeoff,-0.07507915794849396,0.08749684691429138,-3.8628411293029785
5.273559933999422,takeoff,-0.079491026699543,0.0879063531756401,-3.9493460655212402
5.307524608000676,takeoff,-0.08389922976493835,0.08830083906650543,-4.035963535308838
5.3395982929996535,takeoff,-0.08829301595687866,0.0886523500084877,-4.122711181640625
5.373578855000233,takeoff,-0.09264761954545975,0.08892106264829636,-4.209587574005127
5.407550178000747,takeoff,-0.09801145642995834,0.08929022401571274,-4.318345069885254
5.439583035000396,takeoff,-0.1022089272737503,0.08962344378232956,-4.405484199523926
5.47357201900013,takeoff,-0.10634087026119232,0.08994641900062561,-4.492762088775635
5.507534149001003,takeoff,-0.1103949025273323,0.0902356430888176,-4.5801920890808105
5.539583462999872,takeoff,-0.11437223106622696,0.09050436317920685,-4.667813301086426
5.573570172000473,takeoff,-0.11826873570680618,0.09077546000480652,-4.755617141723633
5.607529783001155,takeoff,-0.12301833927631378,0.09111471474170685,-4.865594863891602
5.639588182999432,takeoff,-0.12666094303131104,0.09134234488010406,-4.953681945800781
5.673586197999612,takeoff,-0.13017529249191284,0.09156282991170883,-5.041860103607178
5.707553206000739,takeoff,-0.13354505598545074,0.09173276275396347,-5.130186557769775
5.73962181600109,takeoff,-0.13676433265209198,0.09182163327932358,-5.2186713218688965
5.773591020000822,takeoff,-0.1398584395647049,0.09177439659833908,-5.307300090789795
5.8075454810004885,takeoff,-0.1435759961605072,0.09147662669420242,-5.418246746063232
5.8395910910003295,takeoff,-0.14646773040294647,0.09103706479072571,-5.507125377655029
5.873582694999641,takeoff,-0.14926330745220184,0.09036765247583389,-5.596126079559326
5.907534592999582,takeoff,-0.15190143883228302,0.08948041498661041,-5.685239315032959
5.939595109999573,takeoff,-0.15439216792583466,0.08839405328035355,-5.774470806121826
5.973568591000003,takeoff,-0.15673229098320007,0.08710196614265442,-5.863773822784424
6.007536229000834,takeoff,-0.15944796800613403,0.08518192172050476,-5.9754509925842285
6.039617878001081,takeoff,-0.16144198179244995,0.08343742042779922,-6.064803600311279
6.07358585899965,takeoff,-0.16330987215042114,0.08150354027748108,-6.154167652130127
6.10752189699997,takeoff,-0.16501100361347198,0.07938022166490555,-6.243537425994873
6.139604748999773,takeoff,-0.16655194759368896,0.07710985839366913,-6.332897663116455
6.173584182000923,takeoff,-0.1679224967956543,0.07473257929086685,-6.422296047210693
6.207529364000948,takeoff,-0.16937796771526337,0.07164619863033295,-6.534074306488037
6.239583104999838,takeoff,-0.1703198254108429,0.06902938336133957,-6.623495578765869
6.273592261000886,takeoff,-0.17105810344219208,0.06626304239034653,-6.712900638580322
6.3075911730011285,takeoff,-0.17161615192890167,0.06338009983301163,-6.8022942543029785
6.339623173000291,takeoff,-0.17204609513282776,0.060415737330913544,-6.891704082489014
6.373612126000808,takeoff,-0.17236965894699097,0.05739514157176018,-6.981179714202881
6.407695071000489,takeoff,-0.1725783348083496,0.05355411395430565,-7.093139171600342
6.4395944040006725,takeoff,-0.17265264689922333,0.050487861037254333,-7.182804584503174
6.4735757620001095,takeoff,-0.1726459115743637,0.04743337631225586,-7.272543430328369
6.507524529000875,takeoff,-0.1725722849369049,0.04437289386987686,-7.362371921539307
6.539602758999536,takeoff,-0.17245376110076904,0.04132466018199921,-7.45229959487915
6.573576251999839,takeoff,-0.17229066789150238,0.03830144926905632,-7.542355060577393
6.607568235000144,takeoff,-0.17198622226715088,0.034536801278591156,-7.65513277053833
6.639594701000533,takeoff,-0.17165817320346832,0.03161713853478432,-7.745518207550049
6.6736155489998055,takeoff,-0.17126025259494781,0.02877882495522499,-7.836001873016357
6.707545539000421,takeoff,-0.17079651355743408,0.02601572871208191,-7.926572322845459
6.739583173999563,takeoff,-0.17031672596931458,0.02331141196191311,-8.017232894897461
6.773577047999424,takeoff,-0.16978229582309723,0.020641226321458817,-8.107961654663086
6.810725936000381,takeoff,-0.16894565522670746,0.017324522137641907,-8.221456527709961
6.842718211000829,takeoff,-0.16817960143089294,0.014703784137964249,-8.312337875366211
6.8780407610011025,takeoff,-0.16732090711593628,0.012085435912013054,-8.403310775756836
6.912034314000266,takeoff,-0.1662716269493103,0.00940841343253851,-8.494451522827148
6.944097194000278,takeoff,-0.165016770362854,0.006669444497674704,-8.585697174072266
6.9779874440009735,takeoff,-0.1636161208152771,0.0039087459444999695,-8.677059173583984
7.012002654000753,takeoff,-0.16161993145942688,0.00042022750130854547,-8.791389465332031
7.044033399000909,takeoff,-0.15980838239192963,-0.0024249868001788855,-8.882940292358398
7.0780107089995,takeoff,-0.1578204482793808,-0.005298752337694168,-8.974550247192383
7.112045854999451,takeoff,-0.15566286444664001,-0.008196515031158924,-9.066184997558594
7.14405312999952,takeoff,-0.15338709950447083,-0.011149122379720211,-9.157791137695312
7.178008598000815,takeoff,-0.15103398263454437,-0.014150615781545639,-9.2493896484375
7.212023748999854,takeoff,-0.1480659544467926,-0.017826074734330177,-9.363924026489258
7.244050650000645,takeoff,-0.1456638127565384,-0.02068721503019333,-9.45555305480957
7.278021944001011,takeoff,-0.14326481521129608,-0.023453744128346443,-9.547178268432617
7.312039078000453,takeoff,-0.14086966216564178,-0.0260569266974926,-9.638784408569336
7.344026250999377,takeoff,-0.1384972184896469,-0.028494490310549736,-9.73040771484375
7.378006251999977,takeoff,-0.13615044951438904,-0.03080727905035019,-9.822078704833984
7.412006669999755,takeoff,-0.13323143124580383,-0.03363575413823128,-9.936714172363281
7.444054386000062,takeoff,-0.13094477355480194,-0.03581282123923302,-10.028425216674805
7.478008864000003,takeoff,-0.12870121002197266,-0.03790660575032234,-10.120149612426758
7.512017732000459,takeoff,-0.12654761970043182,-0.03997138515114784,-10.211849212646484
7.544054994999897,takeoff,-0.12453290820121765,-0.042004603892564774,-10.30355453491211
7.57801647999986,takeoff,-0.12270688265562057,-0.043959856033325195,-10.395305633544922
7.612046670999916,takeoff,-0.12065738439559937,-0.04636986181139946,-10.510093688964844
7.644083315000898,takeoff,-0.11916802078485489,-0.048227615654468536,-10.602022171020508
7.678023589000077,takeoff,-0.11781654506921768,-0.05003896728157997,-10.694011688232422
7.712022644000172,takeoff,-0.11656710505485535,-0.051798999309539795,-10.786033630371094
7.744108766000863,takeoff,-0.1153518334031105,-0.053510960191488266,-10.878108978271484
7.778005997999571,takeoff,-0.11419320106506348,-0.055154573172330856,-10.970205307006836
7.812005957999645,takeoff,-0.11280721426010132,-0.05710628256201744,-11.085329055786133
7.844083899000907,takeoff,-0.11170778423547745,-0.05857967212796211,-11.177450180053711
7.8780316970005515,takeoff,-0.11067502945661545,-0.060030918568372726,-11.269561767578125
7.912012156000856,takeoff,-0.10971329361200333,-0.06145920604467392,-11.361661911010742
7.9440970750001725,takeoff,-0.10876600444316864,-0.06281919777393341,-11.45376205444336
7.978042771001128,takeoff,-0.10784856975078583,-0.064085952937603,-11.545894622802734
8.012025124000502,takeoff,-0.10671651363372803,-0.06553121656179428,-11.661121368408203
8.044080027000746,takeoff,-0.10584866255521774,-0.06663364917039871,-11.75333023071289
8.078024667000136,takeoff,-0.10503417253494263,-0.067711241543293,-11.845588684082031
8.112021568000273,takeoff,-0.10427239537239075,-0.06876599788665771,-11.937948226928711
8.144061397000769,takeoff,-0.10355677455663681,-0.06974655389785767,-12.030412673950195
8.178065631000209,takeoff,-0.10288448631763458,-0.07063218206167221,-12.122964859008789
8.21204510499956,takeoff,-0.10205746442079544,-0.07157926261425018,-12.238801956176758
8.244120606001161,takeoff,-0.10136241465806961,-0.07221633940935135,-12.331609725952148
8.278016236999974,takeoff,-0.10061527788639069,-0.07274368405342102,-12.424554824829102
8.312023599000895,takeoff,-0.09978219121694565,-0.07315491884946823,-12.517620086669922
8.344083334999596,takeoff,-0.09880559146404266,-0.07349120080471039,-12.610786437988281
8.378023654000572,takeoff,-0.09762756526470184,-0.07375239580869675,-12.70407485961914
8.412014088000433,takeoff,-0.09585538506507874,-0.07397747039794922,-12.820808410644531
8.444107020999581,takeoff,-0.0942380428314209,-0.07404887676239014,-12.914312362670898
8.478063946000475,takeoff,-0.09240914136171341,-0.07403276860713959,-13.007905960083008
8.51200743499976,takeoff,-0.09037866443395615,-0.07394615560770035,-13.101572036743164
8.544076374000724,takeoff,-0.08821334689855576,-0.07378751784563065,-13.195304870605469
8.5780115510006,takeoff,-0.08581843227148056,-0.07359679788351059,-13.289083480834961
8.612012610999955,takeoff,-0.0824790894985199,-0.07334789633750916,-13.406421661376953
8.644087427999693,takeoff,-0.07954767346382141,-0.07316164672374725,-13.500370025634766
8.678021421001176,takeoff,-0.07639835774898529,-0.07295931875705719,-13.594366073608398
8.712015175000488,takeoff,-0.07306715101003647,-0.07268962264060974,-13.688396453857422
8.744073621001007,takeoff,-0.06957930326461792,-0.07232178747653961,-13.782451629638672
8.77802357499968,takeoff,-0.0659695565700531,-0.07183630019426346,-13.876504898071289
8.812025221001022,takeoff,-0.0614154152572155,-0.071055568754673,-13.99406623840332
8.844089575000908,takeoff,-0.05772571638226509,-0.07030904293060303,-14.088064193725586
8.87802376900072,takeoff,-0.054017484188079834,-0.06948334723711014,-14.182008743286133
8.912049964999824,takeoff,-0.05032886937260628,-0.06858281791210175,-14.275924682617188
8.944095183000172,takeoff,-0.04666365683078766,-0.06762634217739105,-14.36984634399414
8.978017235000152,takeoff,-0.04305959865450859,-0.0666215792298317,-14.46377944946289
9.012110118999772,takeoff,-0.038670897483825684,-0.06527586281299591,-14.581228256225586
9.04409641300117,takeoff,-0.035223137587308884,-0.06415577977895737,-14.67521858215332
9.078033712999968,takeoff,-0.0318487286567688,-0.06298546493053436,-14.76923942565918
9.11203960199964,takeoff,-0.028518984094262123,-0.06177922710776329,-14.863239288330078
9.144092167000053,takeoff,-0.025248903781175613,-0.060510631650686264,-14.957193374633789
9.1780812220004,takeoff,-0.022050578147172928,-0.0591723769903183,-15.051107406616211
9.212042519000534,takeoff,-0.018152978271245956,-0.05743209645152092,-15.168466567993164
9.244078652000098,takeoff,-0.015134994871914387,-0.05599319934844971,-15.262392044067383
9.27808751700104,takeoff,-0.012221054174005985,-0.05451760068535805,-15.356376647949219
9.312057889999778,takeoff,-0.009415073320269585,-0.052997950464487076,-15.450454711914062
9.344160242000726,takeoff,-0.0067356908693909645,-0.05143752694129944,-15.54460334777832
9.378032210999663,takeoff,-0.004147786181420088,-0.04983969405293465,-15.638833999633789
9.41206880000027,takeoff,-0.0010494651505723596,-0.04777981713414192,-15.756675720214844
9.444020852000904,takeoff,0.0012901986483484507,-0.04606105014681816,-15.850955963134766
9.478062313999544,takeoff,0.0034805152099579573,-0.044260747730731964,-15.945230484008789
9.512024204999761,takeoff,0.005534180905669928,-0.042403411120176315,-16.039535522460938
9.544082198999604,takeoff,0.00741721922531724,-0.040479302406311035,-16.133872985839844
9.578022359999522,takeoff,0.009112118743360043,-0.038505084812641144,-16.228240966796875
9.612051727999642,takeoff,0.010986074805259705,-0.03600791096687317,-16.346233367919922
9.644084101999397,takeoff,0.012370903976261616,-0.03399648144841194,-16.440658569335938
9.678015134999441,takeoff,0.013665962964296341,-0.03201267868280411,-16.53512191772461
9.712025803999495,takeoff,0.014914955012500286,-0.030016690492630005,-16.629640579223633
9.744077683000796,takeoff,0.01612270250916481,-0.02801019698381424,-16.724220275878906
9.77802685000097,takeoff,0.017264073714613914,-0.026009120047092438,-16.81886100769043
9.812076739000986,takeoff,0.01856827735900879,-0.02356700971722603,-16.937210083007812
9.844123794000552,takeoff,0.019562019035220146,-0.021563278511166573,-17.031892776489258
9.878028142000403,takeoff,0.02048550546169281,-0.01955832540988922,-17.1265926361084
9.9120409570005,takeoff,0.02133641391992569,-0.01752808317542076,-17.221254348754883
9.944092350000574,takeoff,0.02205549366772175,-0.015487328171730042,-17.315876007080078
9.978024547999667,takeoff,0.02261362038552761,-0.01341791171580553,-17.410463333129883
10.012019194000459,takeoff,0.023085253313183784,-0.010780924931168556,-17.528663635253906
10.044068712000808,takeoff,0.023263970389962196,-0.008581946603953838,-17.6231632232666
10.078066681000564,takeoff,0.023289885371923447,-0.006333503406494856,-17.717578887939453
10.112038688999746,takeoff,0.023170504719018936,-0.0040929620154201984,-17.811931610107422
10.144069572999797,takeoff,0.02292771078646183,-0.0018653504084795713,-17.906253814697266
10.178029951001008,takeoff,0.02258271910250187,0.0003240880905650556,-18.000497817993164
10.212015541001165,takeoff,0.02199890837073326,0.0029150547925382853,-18.118274688720703
10.244083228000818,takeoff,0.021465424448251724,0.004856739658862352,-18.212467193603516
10.278003769000861,takeoff,0.020919863134622574,0.006683775223791599,-18.306669235229492
10.312048456000412,takeoff,0.02029961347579956,0.0084149818867445,-18.400894165039062
10.344027690000075,takeoff,0.019693756476044655,0.010021655820310116,-18.495141983032227
10.37799530400116,takeoff,0.01906011998653412,0.011553993448615074,-18.589427947998047
10.412025916999482,takeoff,0.018152525648474693,0.013330302201211452,-18.707319259643555
10.444035423999594,takeoff,0.01733437553048134,0.014661706984043121,-18.801658630371094
10.478022111999962,takeoff,0.016451936215162277,0.015888569876551628,-18.896053314208984
10.512037287000567,takeoff,0.01553467009216547,0.017047114670276642,-18.990528106689453
10.54408777900062,takeoff,0.01462322287261486,0.018182422965765,-19.085079193115234
10.57801857800041,takeoff,0.0137136559933424,0.019268648698925972,-19.17967987060547
10.612064750999707,takeoff,0.012543982826173306,0.02049613930284977,-19.29801368713379
10.645386795000377,takeoff,0.011581121012568474,0.021403739228844643,-19.392744064331055
10.680350581000312,takeoff,0.01064430270344019,0.022232351824641228,-19.487489700317383
10.714363719000175,takeoff,0.00974655244499445,0.02298707515001297,-19.582231521606445
10.746394265001072,takeoff,0.008898521773517132,0.0236581452190876,-19.67698860168457
10.780346330000611,takeoff,0.008105993270874023,0.024229122325778008,-19.771739959716797
10.814365156000349,takeoff,0.00726254703477025,0.024845262989401817,-19.89011001586914
10.846397684999829,takeoff,0.006645164452493191,0.025262925773859024,-19.984800338745117
10.880372031000661,takeoff,0.006056338082998991,0.025618918240070343,-20.079471588134766
10.914356735000183,takeoff,0.005482497625052929,0.025909066200256348,-20.174123764038086
10.947491479999371,takeoff,0.004909740295261145,0.026188815012574196,-20.268741607666016
10.981407126000704,takeoff,0.0042895423248410225,0.026492750272154808,-20.363361358642578
11.015391216000353,takeoff,0.0033964887261390686,0.026939967647194862,-20.481618881225586
11.048680236001019,takeoff,0.0025957822799682617,0.027325008064508438,-20.576213836669922
11.082652076000159,takeoff,0.0017341373022645712,0.027694951742887497,-20.670780181884766
11.11664174500038,takeoff,0.0008238075533881783,0.028014440089464188,-20.76534080505371
11.149956503000794,takeoff,-0.00011240354069741443,0.02827056311070919,-20.859893798828125
11.183932100000675,takeoff,-0.001048554084263742,0.028458544984459877,-20.95448112487793
11.21790481500102,takeoff,-0.0021860331762582064,0.02856747806072235,-21.07271385192871
11.252892636999604,takeoff,-0.00308397994376719,0.02860313281416893,-21.1673583984375
11.286940881000191,takeoff,-0.003994063939899206,0.02862207591533661,-21.26207160949707
11.32507447700118,takeoff,-0.0049306247383356094,0.02864687144756317,-21.356870651245117
11.35986661500101,takeoff,-0.0058902353048324585,0.028668008744716644,-21.451757431030273
11.393466871999408,takeoff,-0.006845449097454548,0.028703883290290833,-21.546735763549805
11.430459089000578,takeoff,-0.007998493500053883,0.028802132233977318,-21.665586471557617
11.462401083999794,takeoff,-0.008887111209332943,0.028892073780298233,-21.760753631591797
11.540687894999792,takeoff,-0.009746016003191471,0.029009094461798668,-21.855968475341797
11.589404088001174,takeoff,-0.010599792003631592,0.029141871258616447,-21.951257705688477
11.623599730999558,takeoff,-0.011485066264867783,0.029260806739330292,-22.046606063842773
11.656854761000432,takeoff,-0.012411996722221375,0.02933165803551674,-22.142000198364258
11.691003228001136,takeoff,-0.01354417484253645,0.02933073788881302,-22.261323928833008
11.7257002690003,takeoff,-0.014401337131857872,0.02925177477300167,-22.356863021850586
11.758264783000413,takeoff,-0.01524600014090538,0.029108738526701927,-22.452465057373047
11.79171618700093,takeoff,-0.016102643683552742,0.028905998915433884,-22.548095703125
11.825591406999592,takeoff,-0.016947899013757706,0.028640607371926308,-22.64369010925293
11.857699121999758,takeoff,-0.017740711569786072,0.02838016487658024,-22.73927116394043
11.89164658899972,takeoff,-0.018672971054911613,0.028049560263752937,-22.858747482299805
11.925602669,takeoff,-0.01937706582248211,0.027742082253098488,-22.95435333251953
11.957662098000583,takeoff,-0.020052045583724976,0.02737303078174591,-23.049999237060547
11.991644337000253,takeoff,-0.020718812942504883,0.026950465515255928,-23.145692825317383
12.025592668000172,takeoff,-0.02138163149356842,0.026477966457605362,-23.241464614868164
12.05768510300004,takeoff,-0.02204166352748871,0.02596486173570156,-23.337322235107422
12.091639174999727,takeoff,-0.02283441834151745,0.025242669507861137,-23.45728874206543
12.12559197399969,takeoff,-0.023444443941116333,0.02460491843521595,-23.55335807800293
12.157670869000867,takeoff,-0.024037303403019905,0.02389073185622692,-23.64949607849121
12.191643956000917,takeoff,-0.024613063782453537,0.023083442822098732,-23.745664596557617
12.225601473001007,takeoff,-0.02516721561551094,0.022204352542757988,-23.84181785583496
12.257662119000088,takeoff,-0.025699911639094353,0.021285012364387512,-23.937955856323242
12.291647377000118,takeoff,-0.026277268305420876,0.02009572647511959,-24.058109283447266
12.32560870999987,takeoff,-0.026649443432688713,0.019118428230285645,-24.15421485900879
12.357681739000327,takeoff,-0.026905668899416924,0.018125278875231743,-24.250293731689453
12.391637390001051,takeoff,-0.027027349919080734,0.01711011305451393,-24.34633445739746
12.425627799000722,takeoff,-0.026984699070453644,0.016047654673457146,-24.442340850830078
12.45781903399984,takeoff,-0.026810061186552048,0.014941715635359287,-24.538326263427734
12.491690947999814,takeoff,-0.0264204703271389,0.013529571704566479,-24.658262252807617
12.525602732001062,takeoff,-0.025971561670303345,0.012405164539813995,-24.754148483276367
12.557792354000412,takeoff,-0.025468477979302406,0.01130815502256155,-24.85003089904785
12.591650960001061,takeoff,-0.024945132434368134,0.010245258919894695,-24.945920944213867
12.625616290000835,takeoff,-0.024403436109423637,0.009223896078765392,-25.041793823242188
12.657694538000214,takeoff,-0.023829475045204163,0.008255107328295708,-25.13763427734375
12.691654319000008,takeoff,-0.02301342971622944,0.007146356161683798,-25.25742530822754
12.725608165999802,takeoff,-0.02225457690656185,0.006312275771051645,-25.35328483581543
12.75766793100047,takeoff,-0.02149421162903309,0.0055128950625658035,-25.449146270751953
12.791646801999377,takeoff,-0.02076849341392517,0.004756188951432705,-25.54497528076172
12.825630114999512,takeoff,-0.020119691267609596,0.004065049812197685,-25.640762329101562
12.857697839001048,takeoff,-0.019561197608709335,0.0034545548260211945,-25.73651123046875
12.891699162000805,takeoff,-0.01901598460972309,0.0028141895309090614,-25.85611915588379
12.92560809600036,takeoff,-0.01869310811161995,0.002403783146291971,-25.95174217224121
12.958245410000018,takeoff,-0.01844250038266182,0.002072366187348962,-26.047325134277344
12.991657513999598,takeoff,-0.01826774701476097,0.0018145206850022078,-26.142913818359375
13.02562553200005,takeoff,-0.018136393278837204,0.0016100602224469185,-26.238489151000977
13.057763996001086,takeoff,-0.01802738755941391,0.0014505235012620687,-26.33405113220215
13.091860087000896,takeoff,-0.017904819920659065,0.0013259246479719877,-26.453510284423828
13.12567925500116,takeoff,-0.017805008217692375,0.0012516577262431383,-26.54905891418457
13.157666797000275,takeoff,-0.017655225470662117,0.001176796038635075,-26.644533157348633
13.191812852001021,takeoff,-0.017442194744944572,0.0011402765521779656,-26.739978790283203
13.225721886999963,takeoff,-0.017203323543071747,0.0011494519421830773,-26.835390090942383
13.257711811000263,takeoff,-0.016965895891189575,0.0011877070646733046,-26.93075180053711
13.291874783000821,takeoff,-0.016648098826408386,0.0012239962816238403,-27.04998016357422
13.325619548999384,takeoff,-0.016364678740501404,0.001249090302735567,-27.14529800415039
13.357683807000285,takeoff,-0.016122078523039818,0.0012940462911501527,-27.240276336669922
13.391814225000417,takeoff,-0.01599808968603611,0.0013202026020735502,-27.334386825561523
13.425742167999488,takeoff,-0.016022872179746628,0.001339702750556171,-27.42711067199707
13.45770738200008,takeoff,-0.01623200625181198,0.0013228908646851778,-27.51797103881836
13.491701056000238,takeoff,-0.016738958656787872,0.0012785537401214242,-27.62837028503418
13.526761215000079,takeoff,-0.017350230365991592,0.0012217833427712321,-27.71373176574707
13.558840761999818,takeoff,-0.01814410462975502,0.0011956567177549005,-27.796287536621094
13.592844451999554,takeoff,-0.01906810700893402,0.001176878809928894,-27.875877380371094
13.626755913001034,takeoff,-0.02006985992193222,0.001149365329183638,-27.952451705932617
13.65886262300046,takeoff,-0.02112075872719288,0.0011031200410798192,-28.02617073059082
13.69278910399953,takeoff,-0.02246701717376709,0.00105927640106529,-28.11410140991211
13.726769791999686,takeoff,-0.02351704239845276,0.0010709967464208603,-28.181058883666992
13.758867963000739,takeoff,-0.024500804021954536,0.001064054318703711,-28.2451171875
13.792791118999958,takeoff,-0.025387942790985107,0.0010309499921277165,-28.30638885498047
13.826774168999691,takeoff,-0.02624320238828659,0.0009931299136951566,-28.364944458007812
13.859010124000633,takeoff,-0.027036074548959732,0.0009351225453428924,-28.420856475830078
13.892826747000072,takeoff,-0.02799343131482601,0.0009215938625857234,-28.48725128173828
13.926769267000054,takeoff,-0.028754711151123047,0.0008855445776134729,-28.537704467773438
13.959501008999723,waypoint_1,-0.02952594682574272,0.0008247423684224486,-28.585901260375977
13.994619942999634,waypoint_1,-0.030292265117168427,0.0007540708174929023,-28.631935119628906
14.028013545999784,waypoint_1,-0.03102823533117771,0.0006626334507018328,-28.675949096679688
14.06008817899965,waypoint_1,-0.0317288376390934,0.0005858929362148046,-28.7181396484375
14.094078093999997,waypoint_1,-0.03239622339606285,0.0004399245954118669,-28.770174026489258
14.128032938000615,waypoint_1,-0.03282880783081055,0.00010847931844182312,-28.811935424804688
14.161423703000764,waypoint_1,-0.03327948600053787,-0.0007803820190019906,-28.853734970092773
14.195229688000836,waypoint_1,-0.0338318757712841,-0.002683222759515047,-28.895214080810547
14.229095900000175,waypoint_1,-0.034609463065862656,-0.006071947515010834,-28.936059951782227
14.261123985999802,waypoint_1,-0.03584815561771393,-0.011418374255299568,-28.975873947143555
14.29513414199937,waypoint_1,-0.03833165764808655,-0.02155720628798008,-29.023651123046875
14.32907276900005,waypoint_1,-0.0413106307387352,-0.0327887199819088,-29.05999183654785
14.36112735000097,waypoint_1,-0.04536820575594902,-0.0471295602619648,-29.09442138671875
14.395124078000663,waypoint_1,-0.0507131926715374,-0.06484496593475342,-29.12688636779785
14.42906194399984,waypoint_1,-0.05734780803322792,-0.08590823411941528,-29.157466888427734
14.461138655000468,waypoint_1,-0.06556366384029388,-0.11058952659368515,-29.186073303222656
14.495109204999608,waypoint_1,-0.0782797709107399,-0.14668875932693481,-29.218996047973633
14.529062182000416,waypoint_1,-0.09044867753982544,-0.17968368530273438,-29.243213653564453
14.561137046999647,waypoint_1,-0.10456541925668716,-0.21636413037776947,-29.265615463256836
14.595137829001033,waypoint_1,-0.1206650510430336,-0.25665146112442017,-29.286365509033203
14.629077663999851,waypoint_1,-0.13880889117717743,-0.3004637062549591,-29.305601119995117
14.661130208000031,waypoint_1,-0.15907280147075653,-0.34769174456596375,-29.323495864868164
14.695138569000846,waypoint_1,-0.18724997341632843,-0.41111496090888977,-29.344255447387695
14.729063332000806,waypoint_1,-0.21223454177379608,-0.46516096591949463,-29.359750747680664
14.761496822000481,waypoint_1,-0.23953548073768616,-0.5219766497612,-29.374441146850586
14.795161215000917,waypoint_1,-0.26922211050987244,-0.5813686847686768,-29.38838768005371
14.829063921999477,waypoint_1,-0.30123984813690186,-0.6431180238723755,-29.401700973510742
14.861115927000355,waypoint_1,-0.3354368805885315,-0.7070680260658264,-29.414541244506836
14.895180270999845,waypoint_1,-0.38108932971954346,-0.7898687720298767,-29.429903030395508
14.92907442500109,waypoint_1,-0.41974514722824097,-0.8582116365432739,-29.4417667388916
14.961125125999388,waypoint_1,-0.46001631021499634,-0.9281449317932129,-29.453397750854492
14.995133321999674,waypoint_1,-0.5018152594566345,-0.9995895624160767,-29.464860916137695
15.029049709999526,waypoint_1,-0.5448761582374573,-1.0724563598632812,-29.476194381713867
15.061136472000726,waypoint_1,-0.5890302062034607,-1.1466635465621948,-29.487470626831055
15.095142481000948,waypoint_1,-0.6454618573188782,-1.2412211894989014,-29.501340866088867
15.129089688000022,waypoint_1,-0.6911377310752869,-1.3182001113891602,-29.512277603149414
15.161126463999608,waypoint_1,-0.7371029257774353,-1.396316409111023,-29.5230770111084
15.195120375999977,waypoint_1,-0.7831539511680603,-1.4754735231399536,-29.53374671936035
15.229083410000385,waypoint_1,-0.8290400505065918,-1.55563485622406,-29.544267654418945
15.261158364000948,waypoint_1,-0.8745147585868835,-1.6367663145065308,-29.554548263549805
15.295146341999498,waypoint_1,-0.9303951263427734,-1.7394789457321167,-29.567201614379883
15.329116299999441,waypoint_1,-0.9742249250411987,-1.8225884437561035,-29.577119827270508
15.361133132999385,waypoint_1,-1.0172044038772583,-1.9064791202545166,-29.586816787719727
15.395115774999795,waypoint_1,-1.0592732429504395,-1.9911119937896729,-29.5963077545166
15.429056610999396,waypoint_1,-1.1003867387771606,-2.0764341354370117,-29.605627059936523
15.46221543700085,waypoint_1,-1.1404917240142822,-2.162407636642456,-29.61478614807129
15.498842298000454,waypoint_1,-1.1892002820968628,-2.2707407474517822,-29.625905990600586
15.534236089999467,waypoint_1,-1.2269985675811768,-2.3580093383789062,-29.634546279907227
15.566213195001183,waypoint_1,-1.2637841701507568,-2.445834159851074,-29.643014907836914
15.600215727999966,waypoint_1,-1.2996569871902466,-2.5341784954071045,-29.651281356811523
15.634194311000101,waypoint_1,-1.3347123861312866,-2.6229732036590576,-29.659334182739258
15.666212350999558,waypoint_1,-1.3688719272613525,-2.712231397628784,-29.66716957092285
15.700200961000519,waypoint_1,-1.4104715585708618,-2.8242697715759277,-29.67667579650879
15.73423834499954,waypoint_1,-1.4428972005844116,-2.9142069816589355,-29.684106826782227
15.766206927000894,waypoint_1,-1.474673867225647,-3.004399061203003,-29.691438674926758
15.801350969999476,waypoint_1,-1.5058454275131226,-3.094797372817993,-29.69859504699707
15.836392438000985,waypoint_1,-1.5365197658538818,-3.1853482723236084,-29.70557975769043
15.868360992999442,waypoint_1,-1.5666263103485107,-3.276047468185425,-29.71251106262207
15.902381812000385,waypoint_1,-1.6035445928573608,-3.3895628452301025,-29.721025466918945
15.93899428000077,waypoint_1,-1.6325539350509644,-3.480483293533325,-29.727739334106445
15.97099039600107,waypoint_1,-1.6611700057983398,-3.5714759826660156,-29.7343807220459
16.00501467399954,waypoint_1,-1.689393401145935,-3.6625571250915527,-29.74092674255371
16.03895444599948,waypoint_1,-1.7172904014587402,-3.75372314453125,-29.74736213684082
16.07096853800067,waypoint_1,-1.7448410987854004,-3.8448925018310547,-29.7536563873291
16.10497432000011,waypoint_1,-1.7788859605789185,-3.9588003158569336,-29.76127052307129
16.138960678999865,waypoint_1,-1.8058568239212036,-4.049881458282471,-29.76716423034668
16.17097561099945,waypoint_1,-1.8325841426849365,-4.140949726104736,-29.772912979125977
16.204970953000156,waypoint_1,-1.8590868711471558,-4.232006549835205,-29.778581619262695
16.23898019199987,waypoint_1,-1.885406255722046,-4.323049068450928,-29.7841739654541
16.270968630000425,waypoint_1,-1.9115793704986572,-4.414077281951904,-29.789636611938477
16.30496671199944,waypoint_1,-1.944078803062439,-4.527923107147217,-29.7962703704834
16.338972113000636,waypoint_1,-1.9699528217315674,-4.618904113769531,-29.801450729370117
16.370986193000135,waypoint_1,-1.995793104171753,-4.709794521331787,-29.80656623840332
16.406487420999838,waypoint_1,-2.021641731262207,-4.800545692443848,-29.811594009399414
16.44041119600115,waypoint_1,-2.047473430633545,-4.891171932220459,-29.81647300720215
16.47238972100058,waypoint_1,-2.0732979774475098,-4.981686115264893,-29.821142196655273
16.506442889000027,waypoint_1,-2.1055521965026855,-5.09472131729126,-29.82673454284668
16.540422210000543,waypoint_1,-2.1313693523406982,-5.185116767883301,-29.83100700378418
16.5724198780008,waypoint_1,-2.157167911529541,-5.275526523590088,-29.835119247436523
16.60642014199948,waypoint_1,-2.1829335689544678,-5.365915298461914,-29.839006423950195
16.640421349000462,waypoint_1,-2.208672046661377,-5.45630407333374,-29.842687606811523
16.67242369000087,waypoint_1,-2.2344372272491455,-5.546676158905029,-29.846147537231445
16.70774950300074,waypoint_1,-2.266672372817993,-5.659675121307373,-29.85019874572754
16.746390144000543,waypoint_1,-2.292515993118286,-5.750155448913574,-29.85331916809082
16.781467987000724,waypoint_1,-2.3183939456939697,-5.840707302093506,-29.856428146362305
16.816744019000907,waypoint_1,-2.3442726135253906,-5.931378364562988,-29.859529495239258
16.85069611000108,waypoint_1,-2.370112895965576,-6.022161960601807,-29.862642288208008
16.882792071999575,waypoint_1,-2.3958990573883057,-6.113008975982666,-29.865732192993164
16.916759302001083,waypoint_1,-2.428037643432617,-6.226629257202148,-29.869508743286133
16.95068948500011,waypoint_1,-2.4536378383636475,-6.31744909286499,-29.87244987487793
16.982755016000738,waypoint_1,-2.4792075157165527,-6.408242225646973,-29.875364303588867
17.01668699199945,waypoint_1,-2.5047390460968018,-6.498991012573242,-29.87812614440918
17.050708230000964,waypoint_1,-2.530275821685791,-6.589722156524658,-29.880773544311523
17.082713378000335,waypoint_1,-2.5558316707611084,-6.680425643920898,-29.883310317993164
17.116694357000597,waypoint_1,-2.5878002643585205,-6.793863773345947,-29.88628578186035
17.150728242000696,waypoint_1,-2.6133875846862793,-6.884523391723633,-29.8885440826416
17.182709054000952,waypoint_1,-2.638939142227173,-6.975185394287109,-29.890729904174805
17.216708468000434,waypoint_1,-2.6644744873046875,-7.065852165222168,-29.892824172973633
17.250697912999385,waypoint_1,-2.690002918243408,-7.156500816345215,-29.894784927368164
17.28274077199967,waypoint_1,-2.715519666671753,-7.24720573425293,-29.896696090698242
17.31673865599987,waypoint_1,-2.74745774269104,-7.36060905456543,-29.898996353149414
17.3507204790003,waypoint_1,-2.7730424404144287,-7.451440811157227,-29.900758743286133
17.38274016899959,waypoint_1,-2.7985939979553223,-7.542232990264893,-29.902402877807617
17.416726067000127,waypoint_1,-2.8240699768066406,-7.632984638214111,-29.903940200805664
17.450743344999864,waypoint_1,-2.849435806274414,-7.723723411560059,-29.905420303344727
17.48273378900012,waypoint_1,-2.874742269515991,-7.8144307136535645,-29.906911849975586
17.51673587299956,waypoint_1,-2.9063825607299805,-7.927827835083008,-29.90886878967285
17.55213647200071,waypoint_1,-2.9317479133605957,-8.018614768981934,-29.910497665405273
17.58607331100029,waypoint_1,-2.957156181335449,-8.1094970703125,-29.91217613220215
17.622703438000826,waypoint_1,-2.9826059341430664,-8.200525283813477,-29.9138126373291
17.662575303000267,waypoint_1,-3.0080692768096924,-8.291633605957031,-29.915449142456055
17.697185105000244,waypoint_1,-3.0335612297058105,-8.382833480834961,-29.91706657409668
17.73328248799953,waypoint_1,-3.065495729446411,-8.496881484985352,-29.91912269592285
17.768522770000345,waypoint_1,-3.0911192893981934,-8.588173866271973,-29.920846939086914
17.800554912000734,waypoint_1,-3.1168620586395264,-8.679537773132324,-29.92266273498535
17.834576041999753,waypoint_1,-3.1426990032196045,-8.770979881286621,-29.92447853088379
17.870669183001155,waypoint_1,-3.1686296463012695,-8.862540245056152,-29.92628288269043
17.902702209999916,waypoint_1,-3.194622278213501,-8.954252243041992,-29.928056716918945
17.93669732499984,waypoint_1,-3.227250099182129,-9.069111824035645,-29.93025779724121
17.970678441000928,waypoint_1,-3.2534890174865723,-9.161202430725098,-29.93202781677246
18.002687719001187,waypoint_1,-3.279881238937378,-9.253456115722656,-29.933809280395508
18.036729818000822,waypoint_1,-3.306353807449341,-9.34587574005127,-29.9355411529541
18.070687895000447,waypoint_1,-3.3328824043273926,-9.438470840454102,-29.9372501373291
18.10270723800022,waypoint_1,-3.359457492828369,-9.53121566772461,-29.93897819519043
18.136701112000083,waypoint_1,-3.392746686935425,-9.647333145141602,-29.9410457611084
18.17068398000083,waypoint_1,-3.4194095134735107,-9.74040699005127,-29.942609786987305
18.202696636000837,waypoint_1,-3.4461348056793213,-9.833555221557617,-29.944120407104492
18.236698251001144,waypoint_1,-3.4729197025299072,-9.926746368408203,-29.94550895690918
18.270657643999584,waypoint_1,-3.4997377395629883,-10.019969940185547,-29.946805953979492
18.30267707799976,waypoint_1,-3.526590347290039,-10.113238334655762,-29.948034286499023
18.336681046001104,waypoint_1,-3.560183525085449,-10.229872703552246,-29.949365615844727
18.37067610200029,waypoint_1,-3.587054967880249,-10.323222160339355,-29.950273513793945
18.402708237999832,waypoint_1,-3.6139230728149414,-10.41662883758545,-29.9510555267334
18.43668782200075,waypoint_1,-3.640781879425049,-10.510116577148438,-29.95179557800293
18.47070630900089,waypoint_1,-3.6676504611968994,-10.60368537902832,-29.952489852905273
18.502692662999834,waypoint_1,-3.69451904296875,-10.697328567504883,-29.953100204467773
18.536685844001113,waypoint_1,-3.728102922439575,-10.814506530761719,-29.953763961791992
18.570660798000972,waypoint_1,-3.7549707889556885,-10.908347129821777,-29.954233169555664
18.602708894999523,waypoint_1,-3.781851291656494,-11.002251625061035,-29.95465660095215
18.636680448000334,waypoint_1,-3.8087522983551025,-11.096165657043457,-29.955095291137695
18.670651902000827,waypoint_1,-3.835663080215454,-11.190092086791992,-29.95554542541504
18.702705468000204,waypoint_1,-3.8625526428222656,-11.284067153930664,-29.956064224243164
18.736814375000904,waypoint_1,-3.8960325717926025,-11.40162181854248,-29.95662498474121
18.770668667999416,waypoint_1,-3.922670602798462,-11.495768547058105,-29.957040786743164
18.802722808000908,waypoint_1,-3.9491920471191406,-11.590048789978027,-29.957448959350586
18.83669154600102,waypoint_1,-3.9755918979644775,-11.684486389160156,-29.957902908325195
18.870651422001174,waypoint_1,-4.001857280731201,-11.779061317443848,-29.958383560180664
18.90272833400013,waypoint_1,-4.02799129486084,-11.873751640319824,-29.958852767944336
18.936697684001047,waypoint_1,-4.06050968170166,-11.992264747619629,-29.95941734313965
18.970672146000652,waypoint_1,-4.086463928222656,-12.087146759033203,-29.959836959838867
19.002711359000386,waypoint_1,-4.1123433113098145,-12.182097434997559,-29.9601993560791
19.03671368600044,waypoint_1,-4.138150691986084,-12.277130126953125,-29.960546493530273
19.070657711999957,waypoint_1,-4.163935661315918,-12.372261047363281,-29.960905075073242
19.102713350001068,waypoint_1,-4.189699649810791,-12.46752643585205,-29.96135902404785
19.13668252699972,waypoint_1,-4.221851348876953,-12.586797714233398,-29.961946487426758
19.170665405999898,waypoint_1,-4.247535228729248,-12.68230152130127,-29.96248435974121
19.20377398799974,waypoint_1,-4.273185729980469,-12.77785587310791,-29.963106155395508
19.23906576599984,waypoint_1,-4.2988128662109375,-12.873420715332031,-29.96379280090332
19.274492066000676,waypoint_1,-4.324397087097168,-12.969001770019531,-29.96454429626465
19.30857302500044,waypoint_1,-4.349942684173584,-13.064586639404297,-29.965314865112305
19.342605552999885,waypoint_1,-4.3818488121032715,-13.184038162231445,-29.96628761291504
19.37959535400114,waypoint_1,-4.4073333740234375,-13.279537200927734,-29.967073440551758
19.412232770000628,waypoint_1,-4.432786464691162,-13.374935150146484,-29.96788215637207
19.446416910999687,waypoint_1,-4.458247661590576,-13.470246315002441,-29.96870994567871
19.480384948999927,waypoint_1,-4.483713150024414,-13.565423965454102,-29.96953010559082
19.512416125000527,waypoint_1,-4.509181499481201,-13.660440444946289,-29.970369338989258
19.546394877999774,waypoint_1,-4.541005611419678,-13.778898239135742,-29.9714298248291
19.580362451000838,waypoint_1,-4.5664777755737305,-13.873435974121094,-29.9722843170166
19.61243787500098,waypoint_1,-4.591955661773682,-13.967771530151367,-29.9731388092041
19.646361164001064,waypoint_1,-4.6174845695495605,-14.061945915222168,-29.973966598510742
19.68034842599991,waypoint_1,-4.643040180206299,-14.155997276306152,-29.974767684936523
19.712434192000728,waypoint_1,-4.668606281280518,-14.249945640563965,-29.97554588317871
19.746626604000994,waypoint_1,-4.700576305389404,-14.36723518371582,-29.976423263549805
19.780353735999597,waypoint_1,-4.726180076599121,-14.460967063903809,-29.977025985717773
19.812444463999782,waypoint_1,-4.751788139343262,-14.554580688476562,-29.977510452270508
19.846435657000256,waypoint_1,-4.777434349060059,-14.648083686828613,-29.977872848510742
19.880351756999517,waypoint_1,-4.803121566772461,-14.741511344909668,-29.978139877319336
19.913436888000433,waypoint_1,-4.828861236572266,-14.834908485412598,-29.97831916809082
19.94788829800018,waypoint_1,-4.86106538772583,-14.951663970947266,-29.978559494018555
19.98134266499983,waypoint_1,-4.886845111846924,-15.04507064819336,-29.978750228881836
20.013433019999866,waypoint_1,-4.912635326385498,-15.138511657714844,-29.97893714904785
20.047930168000676,waypoint_1,-4.938429832458496,-15.231976509094238,-29.97910499572754
20.082375969001077,waypoint_1,-4.964226722717285,-15.325445175170898,-29.979280471801758
20.114861469999596,waypoint_1,-4.990013122558594,-15.418928146362305,-29.979475021362305
20.14847872700011,waypoint_1,-5.02220344543457,-15.535841941833496,-29.979825973510742
20.18238563700106,waypoint_1,-5.047908306121826,-15.62946891784668,-29.98016929626465
20.214433106999422,waypoint_1,-5.073554039001465,-15.723212242126465,-29.98053550720215
20.24868360900109,waypoint_1,-5.099221706390381,-15.817037582397461,-29.98094367980957
20.28234770200106,waypoint_1,-5.124919414520264,-15.910957336425781,-29.981367111206055
20.314680679999583,waypoint_1,-5.150651454925537,-16.00491714477539,-29.9818058013916
20.348783145000198,waypoint_1,-5.182868003845215,-16.122468948364258,-29.982404708862305
20.38236368700018,waypoint_1,-5.2086663246154785,-16.21660614013672,-29.982927322387695
20.414364419000776,waypoint_1,-5.234447479248047,-16.310813903808594,-29.98348045349121
20.44841876999999,waypoint_1,-5.260219097137451,-16.405120849609375,-29.983980178833008
20.482373902999825,waypoint_1,-5.2860283851623535,-16.499496459960938,-29.984468460083008
20.514501208999718,waypoint_1,-5.311886787414551,-16.593950271606445,-29.985055923461914
20.548403255001176,waypoint_1,-5.34425163269043,-16.712112426757812,-29.985883712768555
20.583494405000238,waypoint_1,-5.370208263397217,-16.806682586669922,-29.98655128479004
20.615505484000096,waypoint_1,-5.396204471588135,-16.90127944946289,-29.98726463317871
20.65072169599989,waypoint_1,-5.422266960144043,-16.995872497558594,-29.988019943237305
20.68468850300087,waypoint_1,-5.448451519012451,-17.09050178527832,-29.988805770874023
20.717709930000638,waypoint_1,-5.474733829498291,-17.185199737548828,-29.989591598510742
20.751714718000585,waypoint_1,-5.507750988006592,-17.303607940673828,-29.99057960510254
20.783791085999837,waypoint_1,-5.534268856048584,-17.398292541503906,-29.9913387298584
20.817697253000006,waypoint_1,-5.560847759246826,-17.49295997619629,-29.992021560668945
20.85174053800074,waypoint_1,-5.587489604949951,-17.58760643005371,-29.992643356323242
20.883722130000024,waypoint_1,-5.614145755767822,-17.682241439819336,-29.993173599243164
20.917699855001047,waypoint_1,-5.640831470489502,-17.776840209960938,-29.99357032775879
20.95171555500019,waypoint_1,-5.674211502075195,-17.89508628845215,-29.993886947631836
20.983736636000685,waypoint_1,-5.700899600982666,-17.989742279052734,-29.99403190612793
21.01769698300086,waypoint_1,-5.727550029754639,-18.084426879882812,-29.994165420532227
21.051686875000087,waypoint_1,-5.754151821136475,-18.179140090942383,-29.994260787963867
21.083734186000584,waypoint_1,-5.780721187591553,-18.273887634277344,-29.994333267211914
21.117698370000653,waypoint_1,-5.807264804840088,-18.368642807006836,-29.994428634643555
21.151739323000584,waypoint_1,-5.840348243713379,-18.487056732177734,-29.99455451965332
21.18374553400099,waypoint_1,-5.866710662841797,-18.58170509338379,-29.99467658996582
21.217696722000255,waypoint_1,-5.892983436584473,-18.676307678222656,-29.994855880737305
21.251707213999907,waypoint_1,-5.919183731079102,-18.770877838134766,-29.99513816833496
21.28372563099947,waypoint_1,-5.945323944091797,-18.86542510986328,-29.995508193969727
21.317688188999455,waypoint_1,-5.971392631530762,-18.959949493408203,-29.99586296081543
21.351692170001115,waypoint_1,-6.003861904144287,-19.078067779541016,-29.996313095092773
21.383735397001146,waypoint_1,-6.029791831970215,-19.172475814819336,-29.996652603149414
21.41768722500092,waypoint_1,-6.055689811706543,-19.26681900024414,-29.996965408325195
21.451691721000316,waypoint_1,-6.081552982330322,-19.361141204833984,-29.997228622436523
21.483747632000814,waypoint_1,-6.107414245605469,-19.455467224121094,-29.997465133666992
21.517730527999447,waypoint_1,-6.133236885070801,-19.54974937438965,-29.997743606567383
21.55170029600049,waypoint_1,-6.1654372215271,-19.667497634887695,-29.998125076293945
21.583750109999528,waypoint_1,-6.191118240356445,-19.761581420898438,-29.998422622680664
21.617695130000357,waypoint_1,-6.216737270355225,-19.855573654174805,-29.998659133911133
21.651729692999652,waypoint_1,-6.242275714874268,-19.94942855834961,-29.998884201049805
21.684788082000523,waypoint_1,-6.267775535583496,-20.04317855834961,-29.999116897583008
21.71973805000016,waypoint_1,-6.293238639831543,-20.13685417175293,-29.999452590942383
21.753766534000533,waypoint_1,-6.325090408325195,-20.253849029541016,-29.99997901916504
21.78580856500048,waypoint_1,-6.350619316101074,-20.34733772277832,-30.000452041625977
21.81975302200044,waypoint_1,-6.3761887550354,-20.440711975097656,-30.0009708404541
21.853792993000752,waypoint_1,-6.401813507080078,-20.533981323242188,-30.001455307006836
21.888246058000732,waypoint_1,-6.427486419677734,-20.627178192138672,-30.00189781188965
21.922173588000078,waypoint_1,-6.453202724456787,-20.720293045043945,-30.0024356842041
21.956185658000322,waypoint_1,-6.485463619232178,-20.83659553527832,-30.00318717956543
21.98822694000046,waypoint_1,-6.511368751525879,-20.929527282714844,-30.003847122192383
22.02219450300072,waypoint_1,-6.537374496459961,-21.02238655090332,-30.004533767700195
22.05621917999997,waypoint_1,-6.563488006591797,-21.11519432067871,-30.00523567199707
22.0882531820007,waypoint_1,-6.589692115783691,-21.207979202270508,-30.005952835083008
22.122180608001145,waypoint_1,-6.615987300872803,-21.30076789855957,-30.006574630737305
22.157577142001173,waypoint_1,-6.648986339569092,-21.4167423248291,-30.007295608520508
22.190758173001086,waypoint_1,-6.675482273101807,-21.509525299072266,-30.007822036743164
22.2247202439994,waypoint_1,-6.702030658721924,-21.60232925415039,-30.008283615112305
22.26037734700003,waypoint_1,-6.728608131408691,-21.695173263549805,-30.00871467590332
22.292365960000097,waypoint_1,-6.755192756652832,-21.7880802154541,-30.009126663208008
22.32633929000076,waypoint_1,-6.781780242919922,-21.881052017211914,-30.00960350036621
22.360381911999866,waypoint_1,-6.815021991729736,-21.99732208251953,-30.010129928588867
22.392423200999474,waypoint_1,-6.841639995574951,-22.09038543701172,-30.010488510131836
22.429499522000697,waypoint_1,-6.868273735046387,-22.183446884155273,-30.01078987121582
22.466855701000895,waypoint_1,-6.894934177398682,-22.27651023864746,-30.010995864868164
22.500083209999502,waypoint_1,-6.921625137329102,-22.369611740112305,-30.01112174987793
22.535351919999812,waypoint_1,-6.9483232498168945,-22.462779998779297,-30.01109504699707
22.573398585000177,waypoint_1,-6.981690883636475,-22.579330444335938,-30.01091194152832
22.605389026999546,waypoint_1,-7.00839900970459,-22.672632217407227,-30.010648727416992
22.63934543799951,waypoint_1,-7.035096645355225,-22.765947341918945,-30.01030921936035
22.675549747000332,waypoint_1,-7.06178092956543,-22.859333038330078,-30.009920120239258
22.707584391000637,waypoint_1,-7.088438510894775,-22.95277214050293,-30.00948143005371
22.741530688999774,waypoint_1,-7.1150407791137695,-23.04629135131836,-30.009023666381836
22.775589781000235,waypoint_1,-7.148235321044922,-23.163286209106445,-30.008378982543945
22.80767010099953,waypoint_1,-7.174811363220215,-23.256959915161133,-30.007814407348633
22.84153504400092,waypoint_1,-7.201396465301514,-23.35066032409668,-30.007226943969727
22.875580099000217,waypoint_1,-7.227973461151123,-23.44434356689453,-30.006635665893555
22.907588199999736,waypoint_1,-7.254558563232422,-23.53800392150879,-30.006044387817383
22.941526392000014,waypoint_1,-7.28114652633667,-23.631654739379883,-30.00541877746582
22.975549967000916,waypoint_1,-7.314332008361816,-23.74867820739746,-30.004613876342773
23.007582324000396,waypoint_1,-7.340795993804932,-23.842327117919922,-30.0039005279541
23.041542491000655,waypoint_1,-7.367171287536621,-23.93603515625,-30.003103256225586
23.07561366000118,waypoint_1,-7.39346981048584,-24.029773712158203,-30.002286911010742
23.10761736799941,waypoint_1,-7.419698238372803,-24.12353515625,-30.001489639282227
23.141538754000067,waypoint_1,-7.445878505706787,-24.217323303222656,-30.000734329223633
23.17554876000031,waypoint_1,-7.478571891784668,-24.334579467773438,-29.999849319458008
23.207701430999805,waypoint_1,-7.5046892166137695,-24.428415298461914,-29.999197006225586
23.244651168999553,waypoint_1,-7.530808925628662,-24.522226333618164,-29.998632431030273
23.2840645819997,waypoint_1,-7.556925296783447,-24.61598014831543,-29.99812889099121
23.318392096000025,waypoint_1,-7.583049774169922,-24.709630966186523,-29.99772071838379
23.354781059000743,waypoint_1,-7.609190940856934,-24.803190231323242,-29.997411727905273
23.39049780700043,waypoint_1,-7.6419148445129395,-24.920053482055664,-29.99712562561035
23.422553045000313,waypoint_1,-7.668128490447998,-25.01348114013672,-29.99693489074707
23.45823801000006,waypoint_1,-7.694431304931641,-25.106863021850586,-29.99677848815918
23.495488918000774,waypoint_1,-7.720798492431641,-25.200172424316406,-29.99665641784668
23.527551757000765,waypoint_1,-7.747210502624512,-25.293371200561523,-29.996580123901367
23.56147807399975,waypoint_1,-7.773688793182373,-25.386459350585938,-29.996580123901367
23.595453717000055,waypoint_1,-7.806957721710205,-25.5026912689209,-29.99671745300293
23.62750199599941,waypoint_1,-7.83374547958374,-25.59564971923828,-29.996931076049805
23.661441812000703,waypoint_1,-7.86056661605835,-25.688663482666016,-29.997175216674805
23.69548640299945,waypoint_1,-7.887467861175537,-25.78173828125,-29.997556686401367
23.727466174001165,waypoint_1,-7.914452075958252,-25.87482452392578,-29.99802589416504
23.761470104000182,waypoint_1,-7.941525459289551,-25.967870712280273,-29.99858283996582
23.798211154000455,waypoint_1,-7.975414752960205,-26.08403778076172,-29.999364852905273
23.830091679999896,waypoint_1,-8.00256633758545,-26.176795959472656,-30.000059127807617
23.864127816999826,waypoint_1,-8.029767036437988,-26.269407272338867,-30.000730514526367
23.8981345659995,waypoint_1,-8.056995391845703,-26.361900329589844,-30.001375198364258
23.930065413000193,waypoint_1,-8.084222793579102,-26.4543514251709,-30.00199317932129
23.964199115000156,waypoint_1,-8.111477851867676,-26.546741485595703,-30.0025691986084
23.99812672400003,waypoint_1,-8.14562702178955,-26.66208839416504,-30.003190994262695
24.030017344000953,waypoint_1,-8.17297077178955,-26.754318237304688,-30.00360679626465
24.0641163170003,waypoint_1,-8.200362205505371,-26.84649085998535,-30.003976821899414
24.098118556999907,waypoint_1,-8.227751731872559,-26.938575744628906,-30.004343032836914
24.13005803499982,waypoint_1,-8.25512981414795,-27.030620574951172,-30.00473976135254
24.164199068000016,waypoint_1,-8.282597541809082,-27.12263298034668,-30.005216598510742
24.198119620999933,waypoint_1,-8.317061424255371,-27.237607955932617,-30.005834579467773
24.230033625999567,waypoint_1,-8.344704627990723,-27.32955551147461,-30.006372451782227
24.26415753299989,waypoint_1,-8.372410774230957,-27.421499252319336,-30.006921768188477
24.29813925400049,waypoint_1,-8.400116920471191,-27.51343536376953,-30.007410049438477
24.33006624600057,waypoint_1,-8.427825927734375,-27.60529899597168,-30.007814407348633
24.36409836799976,waypoint_1,-8.455567359924316,-27.697084426879883,-30.008161544799805
24.398122267000872,waypoint_1,-8.490320205688477,-27.81182289123535,-30.00850486755371
24.430019904999426,waypoint_1,-8.518155097961426,-27.903606414794922,-30.008657455444336
24.464202466000643,waypoint_1,-8.546032905578613,-27.995372772216797,-30.008691787719727
24.498135847999947,waypoint_1,-8.573955535888672,-28.087142944335938,-30.008577346801758
24.530038265000258,waypoint_1,-8.601953506469727,-28.178884506225586,-30.008310317993164
24.564170609999564,waypoint_1,-8.629999160766602,-28.27065086364746,-30.007978439331055
24.59809211299944,waypoint_1,-8.665197372436523,-28.385358810424805,-30.007341384887695
24.630027613000493,waypoint_1,-8.6934175491333,-28.47711944580078,-30.0067081451416
24.664111250000133,waypoint_1,-8.721673965454102,-28.568864822387695,-30.005990982055664
24.698106138001094,waypoint_1,-8.749919891357422,-28.660614013671875,-30.00528907775879
24.730063176999465,waypoint_1,-8.77812671661377,-28.75238800048828,-30.00462532043457
24.764078546000746,waypoint_1,-8.80626106262207,-28.844196319580078,-30.003957748413086
24.798152662000575,waypoint_1,-8.841249465942383,-28.959014892578125,-30.003175735473633
24.83004190199972,waypoint_1,-8.869157791137695,-29.05092430114746,-30.00257682800293
24.864084954000646,waypoint_1,-8.897002220153809,-29.14289665222168,-30.001920700073242
24.898108450999644,waypoint_1,-8.92479133605957,-29.234901428222656,-30.001230239868164
24.93004595400089,waypoint_1,-8.952506065368652,-29.326927185058594,-30.00053596496582
24.964110459999574,waypoint_1,-8.98015308380127,-29.41898536682129,-29.9998836517334
24.9981042039999,waypoint_1,-9.014643669128418,-29.53403663635254,-29.99909019470215
25.030038516000786,waypoint_1,-9.042197227478027,-29.62605094909668,-29.9985294342041
25.0640848510011,waypoint_1,-9.069710731506348,-29.718063354492188,-29.998083114624023
25.098098641999968,waypoint_1,-9.097182273864746,-29.81006622314453,-29.99774742126465
25.130041414000516,waypoint_1,-9.124650955200195,-29.902042388916016,-29.997507095336914
25.16407824700036,waypoint_1,-9.152121543884277,-29.994022369384766,-29.99726676940918
25.19807558499997,waypoint_1,-9.186519622802734,-30.1091365814209,-29.997106552124023
25.230066680000164,waypoint_1,-9.214123725891113,-30.201356887817383,-29.997087478637695
25.264056494001125,waypoint_1,-9.241825103759766,-30.293670654296875,-29.997159957885742
25.298054942000817,waypoint_1,-9.269620895385742,-30.386056900024414,-29.997220993041992
25.330039497001053,waypoint_1,-9.29746150970459,-30.47854232788086,-29.997255325317383
25.36402795700087,waypoint_1,-9.325296401977539,-30.571109771728516,-29.997285842895508
25.3980537919997,waypoint_1,-9.360136985778809,-30.68691635131836,-29.997316360473633
25.430030833000274,waypoint_1,-9.388005256652832,-30.779634475708008,-29.99732780456543
25.464025183000558,waypoint_1,-9.41586971282959,-30.872419357299805,-29.997312545776367
25.49807079399943,waypoint_1,-9.44371223449707,-30.965259552001953,-29.997255325317383
25.530062281000937,waypoint_1,-9.471529960632324,-31.058149337768555,-29.997148513793945
25.564020543999504,waypoint_1,-9.49933910369873,-31.151073455810547,-29.996999740600586
25.59804086099939,waypoint_1,-9.534123420715332,-31.267250061035156,-29.996858596801758
25.630036927999754,waypoint_1,-9.561957359313965,-31.360166549682617,-29.99674415588379
25.66402031100006,waypoint_1,-9.589789390563965,-31.45305061340332,-29.996572494506836
25.698055107999608,waypoint_1,-9.617561340332031,-31.54591941833496,-29.996389389038086
25.730064282999592,waypoint_1,-9.645227432250977,-31.63877296447754,-29.996187210083008
25.764037664999705,waypoint_1,-9.672767639160156,-31.731571197509766,-29.995927810668945
25.798065144001157,waypoint_1,-9.70700740814209,-31.847475051879883,-29.995664596557617
25.830033792000904,waypoint_1,-9.734292030334473,-31.940080642700195,-29.9954891204834
25.864038526000513,waypoint_1,-9.761486053466797,-32.0326042175293,-29.99526023864746
25.898032735000015,waypoint_1,-9.788590431213379,-32.12506866455078,-29.99497413635254
25.930065612999897,waypoint_1,-9.815638542175293,-32.21745681762695,-29.994638442993164
25.96402392500022,waypoint_1,-9.842693328857422,-32.30978775024414,-29.994298934936523
25.998022793999553,waypoint_1,-9.876559257507324,-32.425140380859375,-29.993852615356445
26.03004727500047,waypoint_1,-9.903703689575195,-32.51737976074219,-29.99346351623535
26.064042256000903,waypoint_1,-9.930915832519531,-32.609588623046875,-29.993005752563477
26.09801318800055,waypoint_1,-9.958195686340332,-32.70174026489258,-29.992517471313477
26.13007634799942,waypoint_1,-9.985507011413574,-32.793861389160156,-29.991975784301758
26.164067301000614,waypoint_1,-10.012860298156738,-32.88595199584961,-29.99139976501465
26.19801029700102,waypoint_1,-10.04719352722168,-33.000999450683594,-29.990644454956055
26.230049994999717,waypoint_1,-10.074790954589844,-33.093013763427734,-29.990015029907227
26.264051747999474,waypoint_1,-10.102476119995117,-33.185054779052734,-29.98933982849121
26.298001266999563,waypoint_1,-10.130196571350098,-33.27711486816406,-29.98869514465332
26.330018128999654,waypoint_1,-10.157931327819824,-33.36919403076172,-29.98808479309082
26.36403977900045,waypoint_1,-10.185729026794434,-33.46131134033203,-29.987451553344727
26.398014116999548,waypoint_1,-10.220582008361816,-33.57651901245117,-29.986696243286133
26.43124517599972,waypoint_1,-10.248505592346191,-33.66868591308594,-29.986169815063477
26.465303815999505,waypoint_1,-10.276450157165527,-33.760841369628906,-29.985727310180664
26.499336804999984,waypoint_1,-10.304397583007812,-33.85297393798828,-29.98533058166504
26.531249515001036,waypoint_1,-10.332362174987793,-33.94511413574219,-29.984960556030273
26.56529020600101,waypoint_1,-10.360353469848633,-34.037261962890625,-29.984670639038086
26.599367308001092,waypoint_1,-10.395340919494629,-34.152408599853516,-29.984487533569336
26.631258059000174,waypoint_1,-10.423352241516113,-34.24445343017578,-29.98443031311035
26.665365699000176,waypoint_1,-10.451371192932129,-34.336463928222656,-29.9843692779541
26.69938748899949,waypoint_1,-10.479344367980957,-34.42839813232422,-29.984376907348633
26.73126223500003,waypoint_1,-10.507290840148926,-34.520267486572266,-29.984434127807617
26.765267107999534,waypoint_1,-10.535200119018555,-34.61211013793945,-29.984506607055664
26.799295742999675,waypoint_1,-10.57004451751709,-34.726890563964844,-29.984582901000977
26.83125022400054,waypoint_1,-10.597941398620605,-34.81865692138672,-29.984655380249023
26.86527064800066,waypoint_1,-10.625896453857422,-34.91033935546875,-29.98476219177246
26.8992802770008,waypoint_1,-10.65389347076416,-35.001976013183594,-29.984800338745117
26.931262993999553,waypoint_1,-10.681901931762695,-35.09360122680664,-29.984804153442383
26.965227111000786,waypoint_1,-10.70993423461914,-35.18521499633789,-29.984792709350586
26.999227475000225,waypoint_1,-10.744956016540527,-35.29971694946289,-29.984811782836914
27.031225661999997,waypoint_1,-10.772981643676758,-35.391292572021484,-29.984872817993164
27.065218058000028,waypoint_1,-10.801039695739746,-35.4828987121582,-29.98494529724121
27.099292533999687,waypoint_1,-10.829122543334961,-35.5745964050293,-29.98504066467285
27.131222064999747,waypoint_1,-10.85724925994873,-35.66633224487305,-29.985151290893555
27.165238472000055,waypoint_1,-10.885409355163574,-35.758140563964844,-29.985219955444336
27.199301058000856,waypoint_1,-10.920608520507812,-35.87303161621094,-29.985326766967773
27.231227428999773,waypoint_1,-10.94880485534668,-35.96500015258789,-29.985429763793945
27.265244800999426,waypoint_1,-10.976983070373535,-36.05703353881836,-29.985563278198242
27.299244043000726,waypoint_1,-11.00512981414795,-36.149166107177734,-29.985708236694336
27.3312179200002,waypoint_1,-11.033198356628418,-36.24140930175781,-29.98587989807129
27.365238775999387,waypoint_1,-11.061246871948242,-36.33374786376953,-29.986101150512695
27.399238164000053,waypoint_1,-11.096258163452148,-36.44938278198242,-29.986398696899414
27.431225160000395,waypoint_1,-11.124241828918457,-36.54203414916992,-29.986658096313477
27.465222775001166,waypoint_1,-11.152213096618652,-36.63475036621094,-29.986936569213867
27.49923100900014,waypoint_1,-11.180194854736328,-36.727516174316406,-29.987218856811523
27.531239919000654,waypoint_1,-11.208165168762207,-36.82038879394531,-29.987524032592773
27.565255343999524,waypoint_1,-11.236150741577148,-36.913360595703125,-29.987756729125977
27.599276848000954,waypoint_1,-11.271074295043945,-37.02967071533203,-29.988008499145508
27.631259572999625,waypoint_1,-11.298961639404297,-37.122711181640625,-29.9881534576416
27.66527165200023,waypoint_1,-11.326791763305664,-37.21573257446289,-29.988245010375977
27.699229351999747,waypoint_1,-11.35452938079834,-37.30873107910156,-29.988367080688477
27.731243704000008,waypoint_1,-11.382150650024414,-37.401676177978516,-29.98851203918457
27.7652407759997,waypoint_1,-11.409638404846191,-37.494571685791016,-29.988615036010742
27.79926003000037,waypoint_1,-11.443851470947266,-37.61060333251953,-29.988725662231445
27.831254577000436,waypoint_1,-11.471110343933105,-37.70335388183594,-29.988832473754883
27.86523660400053,waypoint_1,-11.498302459716797,-37.79606246948242,-29.988962173461914
27.89926056100012,waypoint_1,-11.525453567504883,-37.88874435424805,-29.989042282104492
27.931284492000486,waypoint_1,-11.552590370178223,-37.98139953613281,-29.989049911499023
27.965237120999518,waypoint_1,-11.579708099365234,-38.07402038574219,-29.989030838012695
27.999221502999717,waypoint_1,-11.613569259643555,-38.18975830078125,-29.98903465270996
28.031263578999642,waypoint_1,-11.640646934509277,-38.28230667114258,-29.98906135559082
28.065231812001002,waypoint_1,-11.66771411895752,-38.37483596801758,-29.98911476135254
28.09722460500052,waypoint_1,-11.694806098937988,-38.46735382080078,-29.989137649536133
28.131288394000876,waypoint_1,-11.721940994262695,-38.55983352661133,-29.989137649536133
28.165243049999845,waypoint_1,-11.74911117553711,-38.65224838256836,-29.989233016967773
28.197241076000864,waypoint_1,-11.776310920715332,-38.74461364746094,-29.98930549621582
28.231259984000644,waypoint_1,-11.810322761535645,-38.859981536865234,-29.989355087280273
28.265234963000694,waypoint_1,-11.83749008178711,-38.95218276977539,-29.98933219909668
28.29722730100002,waypoint_1,-11.864607810974121,-39.04429626464844,-29.989259719848633
28.331298977000188,waypoint_1,-11.89171314239502,-39.13637161254883,-29.989152908325195
28.365234955999767,waypoint_1,-11.918794631958008,-39.228431701660156,-29.98908805847168
28.397214840000743,waypoint_1,-11.945815086364746,-39.32047653198242,-29.989049911499023
28.431258194999828,waypoint_1,-11.979473114013672,-39.4355583190918,-29.989057540893555
28.46523080999941,waypoint_1,-12.006298065185547,-39.52769470214844,-29.98906898498535
28.497206330001063,waypoint_1,-12.033069610595703,-39.619930267333984,-29.989057540893555
28.53125509700112,waypoint_1,-12.059799194335938,-39.71223449707031,-29.98902702331543
28.56523366900001,waypoint_1,-12.086478233337402,-39.804588317871094,-29.98897361755371
28.597206296000877,waypoint_1,-12.113089561462402,-39.89700698852539,-29.988901138305664
28.631262171000344,waypoint_1,-12.146261215209961,-40.01258087158203,-29.988786697387695
28.665231959001176,waypoint_1,-12.172749519348145,-40.10506057739258,-29.98868751525879
28.697209519999888,waypoint_1,-12.199175834655762,-40.19755554199219,-29.988523483276367
28.73126457699982,waypoint_1,-12.225564956665039,-40.29007339477539,-29.98833656311035
28.765233128000546,waypoint_1,-12.251956939697266,-40.38262939453125,-29.988187789916992
28.797223219000443,waypoint_1,-12.278343200683594,-40.47519302368164,-29.98807716369629
28.831263952999507,waypoint_1,-12.311328887939453,-40.59088134765625,-29.987993240356445
28.865234345999852,waypoint_1,-12.337716102600098,-40.68341064453125,-29.987951278686523
28.897231531000216,waypoint_1,-12.364073753356934,-40.77592849731445,-29.987939834594727
28.93451008699958,waypoint_1,-12.390379905700684,-40.868412017822266,-29.987974166870117
28.974711054999716,waypoint_1,-12.4166259765625,-40.96084213256836,-29.988126754760742
29.010169127001063,waypoint_1,-12.442826271057129,-41.05322265625,-29.988309860229492
29.044296976000624,waypoint_1,-12.475546836853027,-41.16864013671875,-29.988603591918945
29.07816569299939,waypoint_1,-12.501689910888672,-41.26089859008789,-29.988893508911133
29.11013972100045,waypoint_1,-12.527796745300293,-41.35307693481445,-29.989213943481445
29.144200318000003,waypoint_1,-12.553871154785156,-41.445194244384766,-29.98957633972168
29.178131366999878,waypoint_1,-12.579893112182617,-41.5372428894043,-29.989927291870117
29.210185690999424,waypoint_1,-12.605854034423828,-41.62922286987305,-29.99024772644043
29.244237498000075,waypoint_1,-12.638227462768555,-41.744102478027344,-29.990564346313477
29.278155822999906,waypoint_1,-12.664140701293945,-41.835899353027344,-29.990758895874023
29.31019112300055,waypoint_1,-12.690049171447754,-41.92761993408203,-29.990888595581055
29.34421170099995,waypoint_1,-12.715928077697754,-42.01929473876953,-29.990995407104492
29.37815474099989,waypoint_1,-12.74174976348877,-42.110897064208984,-29.9910831451416
29.410137815999406,waypoint_1,-12.767542839050293,-42.202430725097656,-29.991064071655273
29.444223321001118,waypoint_1,-12.799776077270508,-42.31681442260742,-29.990957260131836
29.478172103999896,waypoint_1,-12.825570106506348,-42.40829086303711,-29.9908390045166
29.510129772001164,waypoint_1,-12.851401329040527,-42.499752044677734,-29.990694046020508
29.544194154999786,waypoint_1,-12.877264976501465,-42.591217041015625,-29.99049949645996
29.578132467000614,waypoint_1,-12.903153419494629,-42.68268966674805,-29.99018669128418
29.610137751000366,waypoint_1,-12.92906379699707,-42.774147033691406,-29.989824295043945
29.644198632000553,waypoint_1,-12.961433410644531,-42.88840103149414,-29.9892635345459
29.678145383999436,waypoint_1,-12.98729419708252,-42.97975540161133,-29.988740921020508
29.710121223999522,waypoint_1,-13.013158798217773,-43.071075439453125,-29.988222122192383
29.744221029999608,waypoint_1,-13.039027214050293,-43.16233825683594,-29.987733840942383
29.778132633000496,waypoint_1,-13.064903259277344,-43.25357437133789,-29.987215042114258
29.810145442001158,waypoint_1,-13.090784072875977,-43.34477233886719,-29.986711502075195
29.84422632099995,waypoint_1,-13.123140335083008,-43.4587287902832,-29.98616600036621
29.878143787000226,waypoint_1,-13.14906120300293,-43.549808502197266,-29.985803604125977
29.910131172000547,waypoint_1,-13.175026893615723,-43.64083480834961,-29.985456466674805
29.94420450600046,waypoint_1,-13.20100212097168,-43.7318229675293,-29.98512077331543
29.97812611399968,waypoint_1,-13.226953506469727,-43.82276916503906,-29.98479652404785
30.010191661000135,waypoint_1,-13.252907752990723,-43.91368103027344,-29.9845027923584
30.0442147520007,waypoint_1,-13.285388946533203,-44.02729797363281,-29.984174728393555
30.078194039000664,waypoint_1,-13.311391830444336,-44.118194580078125,-29.98393440246582
30.110132347001127,waypoint_1,-13.337395668029785,-44.20913314819336,-29.983755111694336
30.14420354700087,waypoint_1,-13.363377571105957,-44.300086975097656,-29.98362159729004
30.178142873999604,waypoint_1,-13.389299392700195,-44.39100646972656,-29.983461380004883
30.210139414000878,waypoint_1,-13.415206909179688,-44.48191833496094,-29.9832706451416
30.244207703999564,waypoint_1,-13.447620391845703,-44.595523834228516,-29.983034133911133
30.27811888799988,waypoint_1,-13.473616600036621,-44.68642807006836,-29.98285484313965
30.310140224999486,waypoint_1,-13.499701499938965,-44.77732467651367,-29.98265266418457
30.344163175001086,waypoint_1,-13.525882720947266,-44.86822509765625,-29.982511520385742
30.37811670100018,waypoint_1,-13.552181243896484,-44.95920944213867,-29.98249626159668
30.410121760000038,waypoint_1,-13.57853889465332,-45.05023956298828,-29.982568740844727
30.44418622699959,waypoint_1,-13.611614227294922,-45.164085388183594,-29.982789993286133
30.478167205999853,waypoint_1,-13.638221740722656,-45.25516891479492,-29.983060836791992
30.510135522999917,waypoint_1,-13.664953231811523,-45.346275329589844,-29.983396530151367
30.544186707000335,waypoint_1,-13.6918363571167,-45.43742752075195,-29.983793258666992
30.578137067999705,waypoint_1,-13.718881607055664,-45.52862548828125,-29.984228134155273
30.610117108999475,waypoint_1,-13.746010780334473,-45.619876861572266,-29.98463249206543
30.64415467300023,waypoint_1,-13.779938697814941,-45.73402786254883,-29.985074996948242
30.67812948000028,waypoint_1,-13.80708122253418,-45.82536315917969,-29.985342025756836
30.71012669599986,waypoint_1,-13.834285736083984,-45.91673278808594,-29.98558235168457
30.744242705999568,waypoint_1,-13.861509323120117,-46.00812911987305,-29.985830307006836
30.778141441000116,waypoint_1,-13.888776779174805,-46.09959411621094,-29.986112594604492
30.810136240001157,waypoint_1,-13.916084289550781,-46.191131591796875,-29.986448287963867
30.844216847001007,waypoint_1,-13.950210571289062,-46.30570983886719,-29.986963272094727
30.878158125000482,waypoint_1,-13.9775390625,-46.397525787353516,-29.987401962280273
30.91014426900074,waypoint_1,-14.004873275756836,-46.48945236206055,-29.98786735534668
30.944228137999744,waypoint_1,-14.032269477844238,-46.58144760131836,-29.98841667175293
30.978190785999686,waypoint_1,-14.059688568115234,-46.673545837402344,-29.98906135559082
31.010155415000554,waypoint_1,-14.087160110473633,-46.7657356262207,-29.989789962768555
31.04420005999964,waypoint_1,-14.121606826782227,-46.881046295166016,-29.99078941345215
31.07813489900036,waypoint_1,-14.149202346801758,-46.97332763671875,-29.99159812927246
31.110136789000535,waypoint_1,-14.176827430725098,-47.065635681152344,-29.992387771606445
31.144308134000312,waypoint_1,-14.204479217529297,-47.1579704284668,-29.9931697845459
31.179388108999774,waypoint_1,-14.232148170471191,-47.250328063964844,-29.993928909301758
31.21136998000111,waypoint_1,-14.259828567504883,-47.342647552490234,-29.994626998901367
31.24543597400043,waypoint_1,-14.294384002685547,-47.457942962646484,-29.995473861694336
31.279370911001024,waypoint_1,-14.32197380065918,-47.55011749267578,-29.996129989624023
31.311365364001176,waypoint_1,-14.349518775939941,-47.642242431640625,-29.99683952331543
31.34542053000041,waypoint_1,-14.377019882202148,-47.734336853027344,-29.997591018676758
31.379365594000774,waypoint_1,-14.40444278717041,-47.826412200927734,-29.99830436706543
31.41135721200044,waypoint_1,-14.431788444519043,-47.91846466064453,-29.999032974243164
31.44554124000024,waypoint_1,-14.465826988220215,-48.03351593017578,-29.999914169311523
31.47938192699985,waypoint_1,-14.49291706085205,-48.125492095947266,-30.000577926635742
31.511399844001062,waypoint_1,-14.519885063171387,-48.217430114746094,-30.001176834106445
31.54542783600118,waypoint_1,-14.546754837036133,-48.309356689453125,-30.001699447631836
31.579362676000528,waypoint_1,-14.5735445022583,-48.40127944946289,-30.00209617614746
31.611374064999836,waypoint_1,-14.60024642944336,-48.4931755065918,-30.002424240112305
31.645437647001017,waypoint_1,-14.633495330810547,-48.607994079589844,-30.002737045288086
31.679420247999587,waypoint_1,-14.659987449645996,-48.69977951049805,-30.00290870666504
31.71138851000069,waypoint_1,-14.68638801574707,-48.79153060913086,-30.003034591674805
31.74542991400085,waypoint_1,-14.712641716003418,-48.88324737548828,-30.003095626831055
31.779393941000308,waypoint_1,-14.738715171813965,-48.9749641418457,-30.003114700317383
31.81137353200029,waypoint_1,-14.764601707458496,-49.06669235229492,-30.003114700317383
31.845495112000208,waypoint_1,-14.79670238494873,-49.18134307861328,-30.0030460357666
31.879368645000795,waypoint_1,-14.822216033935547,-49.27308654785156,-30.002912521362305
31.911363801000334,waypoint_1,-14.8475923538208,-49.3648681640625,-30.00275230407715
31.945432380000057,waypoint_1,-14.872845649719238,-49.456687927246094,-30.0025577545166
31.979382175000865,waypoint_1,-14.898049354553223,-49.54852294921875,-30.00236701965332
32.01137414299956,waypoint_1,-14.92320728302002,-49.640342712402344,-30.00221061706543
32.045435873000315,waypoint_1,-14.954628944396973,-49.755123138427734,-30.0020694732666
32.07937283799947,waypoint_1,-14.979761123657227,-49.84695053100586,-30.001951217651367
32.1113745370003,waypoint_1,-15.004920959472656,-49.93879699707031,-30.001806259155273
32.14542840899958,waypoint_1,-15.030131340026855,-50.0306510925293,-30.001604080200195
32.17937743500079,waypoint_1,-15.055387496948242,-50.12250900268555,-30.0013484954834
32.211389770000096,waypoint_1,-15.080704689025879,-50.21436309814453,-30.001039505004883
32.24542198600102,waypoint_1,-15.1124906539917,-50.32915496826172,-30.00066566467285
32.279372967999734,waypoint_1,-15.138049125671387,-50.42094421386719,-30.00042152404785
32.311372866000966,waypoint_1,-15.163738250732422,-50.512699127197266,-30.00019645690918
32.34544872399965,waypoint_1,-15.18960952758789,-50.60442352294922,-29.999998092651367
32.37937217500075,waypoint_1,-15.215641021728516,-50.6961555480957,-29.99989891052246
32.4113780280004,waypoint_1,-15.241779327392578,-50.78792190551758,-29.99982261657715
32.44543347599938,waypoint_1,-15.274608612060547,-50.902713775634766,-29.999753952026367
32.47939371200118,waypoint_1,-15.301005363464355,-50.9946403503418,-29.999765396118164
32.51145875200018,waypoint_1,-15.327446937561035,-51.086612701416016,-29.999784469604492
32.54542775200025,waypoint_1,-15.35388469696045,-51.17864227294922,-29.999792098999023
32.579372778000106,waypoint_1,-15.380315780639648,-51.27071762084961,-29.999792098999023
32.611388671000896,waypoint_1,-15.406759262084961,-51.36284255981445,-29.999704360961914
32.645433273999515,waypoint_1,-15.439855575561523,-51.47807693481445,-29.99949073791504
32.67937513099969,waypoint_1,-15.46640682220459,-51.57033920288086,-29.99925422668457
32.71140143000048,waypoint_1,-15.49299144744873,-51.662742614746094,-29.99891471862793
32.745424034999814,waypoint_1,-15.519573211669922,-51.75526428222656,-29.99846839904785
32.77938368000105,waypoint_1,-15.54615592956543,-51.84781265258789,-29.997983932495117
32.81139807100044,waypoint_1,-15.572754859924316,-51.94036865234375,-29.997495651245117
32.84542383000007,waypoint_1,-15.606049537658691,-52.05603790283203,-29.996923446655273
32.87939270900097,waypoint_1,-15.632734298706055,-52.14853286743164,-29.996522903442383
32.91137906699987,waypoint_1,-15.659472465515137,-52.24098205566406,-29.99617576599121
32.945430998999655,waypoint_1,-15.68626594543457,-52.33341979980469,-29.995908737182617
32.97937683700002,waypoint_1,-15.713079452514648,-52.42584228515625,-29.995710372924805
33.011409763999836,waypoint_1,-15.73991870880127,-52.518253326416016,-29.995527267456055
33.045430292000674,waypoint_1,-15.77346420288086,-52.633724212646484,-29.99530601501465
33.07938214800015,waypoint_1,-15.800305366516113,-52.726078033447266,-29.995119094848633
33.11137412900098,waypoint_1,-15.827186584472656,-52.81840896606445,-29.99494743347168
33.145461701000386,waypoint_1,-15.854114532470703,-52.91069793701172,-29.994760513305664
33.17938237499948,waypoint_1,-15.881053924560547,-53.0029411315918,-29.994455337524414
33.211373865000496,waypoint_1,-15.90802001953125,-53.09518051147461,-29.99408531188965
33.245470042000306,waypoint_1,-15.941776275634766,-53.21046829223633,-29.993558883666992
33.27939583499938,waypoint_1,-15.968825340270996,-53.302677154541016,-29.993066787719727
33.31138016300065,waypoint_1,-15.995950698852539,-53.39482498168945,-29.99263572692871
33.34547087700048,waypoint_1,-16.02315902709961,-53.48691177368164,-29.992250442504883
33.379399897999974,waypoint_1,-16.05040168762207,-53.57896041870117,-29.99195671081543
33.41138855899953,waypoint_1,-16.07767677307129,-53.67100143432617,-29.991724014282227
33.44542415500109,waypoint_1,-16.11186981201172,-53.786128997802734,-29.99152183532715
33.47938437099947,waypoint_1,-16.139358520507812,-53.878299713134766,-29.991403579711914
33.51135500100099,waypoint_1,-16.166900634765625,-53.97048568725586,-29.991304397583008
33.54550756000026,waypoint_1,-16.194414138793945,-54.06264114379883,-29.991212844848633
33.57936295299987,waypoint_1,-16.22190284729004,-54.15474319458008,-29.99110221862793
33.61139547099992,waypoint_1,-16.249351501464844,-54.24678421020508,-29.990934371948242
33.64539056099966,waypoint_1,-16.283618927001953,-54.361820220947266,-29.99067497253418
33.679367525001,waypoint_1,-16.311006546020508,-54.453861236572266,-29.990442276000977
33.71136762800052,waypoint_1,-16.338306427001953,-54.54587173461914,-29.990205764770508
33.74538293700061,waypoint_1,-16.36553955078125,-54.637916564941406,-29.9899845123291
33.77938892600105,waypoint_1,-16.392724990844727,-54.730010986328125,-29.98980140686035
33.811360276000414,waypoint_1,-16.419830322265625,-54.8221435546875,-29.98957633972168
33.845409632000155,waypoint_1,-16.453628540039062,-54.93728256225586,-29.989343643188477
33.87939125400044,waypoint_1,-16.480558395385742,-55.029396057128906,-29.98921775817871
33.911401757999556,waypoint_1,-16.507356643676758,-55.12150192260742,-29.989091873168945
33.94540836200031,waypoint_1,-16.534048080444336,-55.213626861572266,-29.988969802856445
33.98056559500037,waypoint_1,-16.560659408569336,-55.30570983886719,-29.988821029663086
34.01258939500076,waypoint_1,-16.587265014648438,-55.397796630859375,-29.988744735717773
34.046594429000834,waypoint_1,-16.6204891204834,-55.51285171508789,-29.988767623901367
34.080621418999726,waypoint_1,-16.64702033996582,-55.604854583740234,-29.988901138305664
34.11254703600025,waypoint_1,-16.67348861694336,-55.696807861328125,-29.989049911499023
34.146599932000754,waypoint_1,-16.699886322021484,-55.788734436035156,-29.98918342590332
34.18056451800112,waypoint_1,-16.726154327392578,-55.88067626953125,-29.989343643188477
34.21258113899967,waypoint_1,-16.752294540405273,-55.97260284423828,-29.98954963684082
34.24660382100046,waypoint_1,-16.784866333007812,-56.08744430541992,-29.989885330200195
34.28056599299998,waypoint_1,-16.810874938964844,-56.179237365722656,-29.99018669128418
34.3342283460006,waypoint_1,-16.836864471435547,-56.27098083496094,-29.990507125854492
34.37078828599988,waypoint_1,-16.862863540649414,-56.362709045410156,-29.99082374572754
34.402808717999505,waypoint_1,-16.888914108276367,-56.45439529418945,-29.991098403930664
34.43680279900036,waypoint_1,-16.921524047851562,-56.56893539428711,-29.991300582885742
34.47077679699942,waypoint_1,-16.94765281677246,-56.6605224609375,-29.991350173950195
34.50281526500112,waypoint_1,-16.973840713500977,-56.752044677734375,-29.991308212280273
34.536810129000514,waypoint_1,-17.000091552734375,-56.84354019165039,-29.991151809692383
34.57076950600094,waypoint_1,-17.02638816833496,-56.93503952026367,-29.990896224975586
34.60282501999973,waypoint_1,-17.052719116210938,-57.02656936645508,-29.990468978881836
34.63797226499992,waypoint_1,-17.085712432861328,-57.141021728515625,-29.989973068237305
34.67193432000022,waypoint_1,-17.112152099609375,-57.23259353637695,-29.989648818969727
34.70397277899974,waypoint_1,-17.13856315612793,-57.32417678833008,-29.989404678344727
34.73794878300032,waypoint_1,-17.164939880371094,-57.415809631347656,-29.989164352416992
34.774254119000034,waypoint_1,-17.19131088256836,-57.50751495361328,-29.9888973236084
34.80561681499967,waypoint_1,-17.217666625976562,-57.599273681640625,-29.988603591918945
34.83972884600007,waypoint_1,-17.2506103515625,-57.713985443115234,-29.988256454467773
34.873727006999616,waypoint_1,-17.27695655822754,-57.80574035644531,-29.988039016723633
34.90562953600056,waypoint_1,-17.303300857543945,-57.8974494934082,-29.987871170043945
34.93967310900007,waypoint_1,-17.329620361328125,-57.989036560058594,-29.98774528503418
34.97370278800008,waypoint_1,-17.355899810791016,-58.08053207397461,-29.9876766204834
35.005636357000185,waypoint_1,-17.38218116760254,-58.17196273803711,-29.98759651184082
35.0421834230001,waypoint_1,-17.415002822875977,-58.286190032958984,-29.987585067749023
35.07646512100109,waypoint_1,-17.44120979309082,-58.377567291259766,-29.987638473510742
35.11149744800059,waypoint_1,-17.467365264892578,-58.468997955322266,-29.987783432006836
35.148258635001184,waypoint_1,-17.49347496032715,-58.56050491333008,-29.987913131713867
35.18560522500047,waypoint_1,-17.51958656311035,-58.65207290649414,-29.9880313873291
35.220489704999636,waypoint_1,-17.545713424682617,-58.743682861328125,-29.988210678100586
35.254510078999374,waypoint_1,-17.578393936157227,-58.85821533203125,-29.98842430114746
35.28846522499953,waypoint_1,-17.604612350463867,-58.949825286865234,-29.988611221313477
35.32047377799972,waypoint_1,-17.63092041015625,-59.04139709472656,-29.988801956176758
35.35451534800086,waypoint_1,-17.65732765197754,-59.132938385009766,-29.989046096801758
35.38845586000025,waypoint_1,-17.683876037597656,-59.22447204589844,-29.989328384399414
35.42261095300091,waypoint_1,-17.7105712890625,-59.316009521484375,-29.9896297454834
35.46077495499958,waypoint_1,-17.74406623840332,-59.43045425415039,-29.989980697631836
35.497608367000794,waypoint_1,-17.77096939086914,-59.52202224731445,-29.99027442932129
35.533357038999384,waypoint_1,-17.797958374023438,-59.61358642578125,-29.990591049194336
35.567351224999584,waypoint_1,-17.825016021728516,-59.705142974853516,-29.99085807800293
35.601282493000326,waypoint_1,-17.852161407470703,-59.79668045043945,-29.991052627563477
35.63331724899945,waypoint_1,-17.87942886352539,-59.88817596435547,-29.991262435913086
35.66731896999954,waypoint_1,-17.913610458374023,-60.002464294433594,-29.991453170776367
35.70128161200046,waypoint_1,-17.94097137451172,-60.0938606262207,-29.991518020629883
35.73334651600089,waypoint_1,-17.968311309814453,-60.185245513916016,-29.991525650024414
35.7673280300005,waypoint_1,-17.995635986328125,-60.27656936645508,-29.99141502380371
35.80129777500042,waypoint_1,-18.022920608520508,-60.36784744262695,-29.99119758605957
35.833331904999795,waypoint_1,-18.05013656616211,-60.45912551879883,-29.9909610748291
35.8673104490008,waypoint_1,-18.084075927734375,-60.57320785522461,-29.990617752075195
35.9012993209999,waypoint_1,-18.111175537109375,-60.664432525634766,-29.99030876159668
35.934324428000764,waypoint_1,-18.138227462768555,-60.75563049316406,-29.990049362182617
35.96631687900117,waypoint_1,-18.165239334106445,-60.846771240234375,-29.98985481262207
36.00036342000021,waypoint_1,-18.19222068786621,-60.93788146972656,-29.989744186401367
36.03432256499946,waypoint_1,-18.21918487548828,-61.028961181640625,-29.9896297454834
36.06631633300094,waypoint_1,-18.246122360229492,-61.120033264160156,-29.98956871032715
36.100360255999476,waypoint_1,-18.27973175048828,-61.233863830566406,-29.98961067199707
36.13432945900058,waypoint_1,-18.306570053100586,-61.324981689453125,-29.989755630493164
36.16629317300067,waypoint_1,-18.33339500427246,-61.41615676879883,-29.989953994750977
36.200347911999415,waypoint_1,-18.36018180847168,-61.507389068603516,-29.990209579467773
36.23431634000008,waypoint_1,-18.386924743652344,-61.598716735839844,-29.99055290222168
36.266287911999825,waypoint_1,-18.413616180419922,-61.69012451171875,-29.990930557250977
36.30037635699955,waypoint_1,-18.446935653686523,-61.804473876953125,-29.991514205932617
36.33432966700093,waypoint_1,-18.473575592041016,-61.895973205566406,-29.99210548400879
36.36630301100013,waypoint_1,-18.500247955322266,-61.98745346069336,-29.992719650268555
36.4003544469997,waypoint_1,-18.526960372924805,-62.078895568847656,-29.99335289001465
36.43432379600017,waypoint_1,-18.553743362426758,-62.1702880859375,-29.993989944458008
36.4663130200006,waypoint_1,-18.580562591552734,-62.261661529541016,-29.994619369506836
36.50035958999979,waypoint_1,-18.614089965820312,-62.37590408325195,-29.995336532592773
36.534327626999584,waypoint_1,-18.640905380249023,-62.467288970947266,-29.9958438873291
36.56634058000054,waypoint_1,-18.667726516723633,-62.55861282348633,-29.99625587463379
36.60036168499937,waypoint_1,-18.694612503051758,-62.649845123291016,-29.996583938598633
36.63431946499986,waypoint_1,-18.72159194946289,-62.74098587036133,-29.996854782104492
36.66630371199972,waypoint_1,-18.74864959716797,-62.83203887939453,-29.997060775756836
36.702785580000636,waypoint_1,-18.78255844116211,-62.945777893066406,-29.99724006652832
36.73669604499992,waypoint_1,-18.809778213500977,-63.036685943603516,-29.99735450744629
36.76869529299984,waypoint_1,-18.837080001831055,-63.1275520324707,-29.997346878051758
36.802742392001164,waypoint_1,-18.864418029785156,-63.218421936035156,-29.99725914001465
36.83669085800102,waypoint_1,-18.891803741455078,-63.30925369262695,-29.99705696105957
36.86870568999984,waypoint_1,-18.91920280456543,-63.400047302246094,-29.9968318939209
36.902795119000075,waypoint_1,-18.95343589782715,-63.513484954833984,-29.9965877532959
36.936671531000684,waypoint_1,-18.980798721313477,-63.6041374206543,-29.996431350708008
36.96870070700061,waypoint_1,-19.008127212524414,-63.6946907043457,-29.996347427368164
37.002704667000216,waypoint_1,-19.035436630249023,-63.78517150878906,-29.99632453918457
37.03667335099999,waypoint_1,-19.06275749206543,-63.8755989074707,-29.996408462524414
37.06868619300076,waypoint_1,-19.090084075927734,-63.966007232666016,-29.996557235717773
37.102730205000626,waypoint_1,-19.1242733001709,-64.07904052734375,-29.99678611755371
37.136714999000105,waypoint_1,-19.15165138244629,-64.1695556640625,-29.9969425201416
37.16868345700095,waypoint_1,-19.1790714263916,-64.26019287109375,-29.997072219848633
37.20271365000008,waypoint_1,-19.206533432006836,-64.35089111328125,-29.99717140197754
37.23672062900005,waypoint_1,-19.233993530273438,-64.4416275024414,-29.99717903137207
37.268692519999604,waypoint_1,-19.261457443237305,-64.53244018554688,-29.9970760345459
37.302720851999766,waypoint_1,-19.295799255371094,-64.64600372314453,-29.99684715270996
37.33671004000098,waypoint_1,-19.323278427124023,-64.73689270019531,-29.99660301208496
37.3686818820006,waypoint_1,-19.350801467895508,-64.82781219482422,-29.99629020690918
37.40272696200009,waypoint_1,-19.378341674804688,-64.91876983642578,-29.995962142944336
37.436699091000264,waypoint_1,-19.405874252319336,-65.00978088378906,-29.995695114135742
37.46867562800071,waypoint_1,-19.433359146118164,-65.1008529663086,-29.995466232299805
37.50275414799944,waypoint_1,-19.467687606811523,-65.21479797363281,-29.99521827697754
37.53669660500054,waypoint_1,-19.495182037353516,-65.30604553222656,-29.995031356811523
37.568684286999996,waypoint_1,-19.522689819335938,-65.39739990234375,-29.99485206604004
37.60278882700004,waypoint_1,-19.5502986907959,-65.48880767822266,-29.99469566345215
37.6366829260005,waypoint_1,-19.5780029296875,-65.58026123046875,-29.994665145874023
37.66866041100002,waypoint_1,-19.605724334716797,-65.6717529296875,-29.99464988708496
37.70277624400114,waypoint_1,-19.640357971191406,-65.78614044189453,-29.994672775268555
37.73669727400011,waypoint_1,-19.667978286743164,-65.87769317626953,-29.994749069213867
37.76870792000045,waypoint_1,-19.695554733276367,-65.96937561035156,-29.994958877563477
37.802777992999836,waypoint_1,-19.723052978515625,-66.06117248535156,-29.995298385620117
37.836688831001084,waypoint_1,-19.75049591064453,-66.15302276611328,-29.995790481567383
37.868680939000114,waypoint_1,-19.777862548828125,-66.2448959350586,-29.99635124206543
37.90280387100029,waypoint_1,-19.81198501586914,-66.35979461669922,-29.99711036682129
37.93670096000096,waypoint_1,-19.8392391204834,-66.45172119140625,-29.997724533081055
37.96868267500031,waypoint_1,-19.866456985473633,-66.54363250732422,-29.99830436706543
38.00275288800003,waypoint_1,-19.893611907958984,-66.63552856445312,-29.998865127563477
38.03669708400048,waypoint_1,-19.92072868347168,-66.72740173339844,-29.99943733215332
38.06870158499987,waypoint_1,-19.947792053222656,-66.81928253173828,-30.00005531311035
38.10276473799968,waypoint_1,-19.981595993041992,-66.93413543701172,-30.000837326049805
38.13669515500078,waypoint_1,-20.00860595703125,-67.02601623535156,-30.001428604125977
38.1686982680003,waypoint_1,-20.035608291625977,-67.11795043945312,-30.00193977355957
38.20273968699985,waypoint_1,-20.06254768371582,-67.20989227294922,-30.00239372253418
38.23669959400104,waypoint_1,-20.08940887451172,-67.30183410644531,-30.002824783325195
38.2687075369995,waypoint_1,-20.116207122802734,-67.39378356933594,-30.003252029418945
38.302765968999665,waypoint_1,-20.149642944335938,-67.50875854492188,-30.003786087036133
38.33675127400056,waypoint_1,-20.176345825195312,-67.60075378417969,-30.004179000854492
38.36867745900054,waypoint_1,-20.203014373779297,-67.6927490234375,-30.00456428527832
38.40276219500083,waypoint_1,-20.229665756225586,-67.78474426269531,-30.004968643188477
38.43670989800012,waypoint_1,-20.256282806396484,-67.87672424316406,-30.00528907775879
38.468719145999785,waypoint_1,-20.282913208007812,-67.96868133544922,-30.00550651550293
38.502793716999804,waypoint_1,-20.31625747680664,-68.0835952758789,-30.005643844604492
38.53670298100042,waypoint_1,-20.343021392822266,-68.17552185058594,-30.005712509155273
38.56869603499945,waypoint_1,-20.369853973388672,-68.26741790771484,-30.005739212036133
38.60274590500012,waypoint_1,-20.396738052368164,-68.35928344726562,-30.00572395324707
38.63669233800101,waypoint_1,-20.423654556274414,-68.45111846923828,-30.005659103393555
38.668733205000535,waypoint_1,-20.450668334960938,-68.54289245605469,-30.005491256713867
38.702745230999426,waypoint_1,-20.48452377319336,-68.65754699707031,-30.0051326751709
38.736692143000255,waypoint_1,-20.511642456054688,-68.749267578125,-30.004732131958008
38.76871877300073,waypoint_1,-20.53876495361328,-68.84107208251953,-30.00432777404785
38.80277167700115,waypoint_1,-20.565874099731445,-68.9329605102539,-30.00392723083496
38.836700346000725,waypoint_1,-20.592988967895508,-69.02490234375,-30.003511428833008
38.86870910000107,waypoint_1,-20.6201114654541,-69.1169204711914,-30.0030574798584
38.90276391400039,waypoint_1,-20.653982162475586,-69.23201751708984,-30.002466201782227
38.936694261999946,waypoint_1,-20.68105697631836,-69.3240966796875,-30.00200843811035
38.96875047700087,waypoint_1,-20.708133697509766,-69.41618347167969,-30.00154685974121
39.00274603300022,waypoint_1,-20.735225677490234,-69.5082778930664,-30.001070022583008
39.03670734300067,waypoint_1,-20.7623291015625,-69.60040283203125,-30.00056266784668
39.06872880099945,waypoint_1,-20.7894229888916,-69.69257354736328,-30.000085830688477
39.10277736399985,waypoint_1,-20.823238372802734,-69.80781555175781,-29.9995174407959
39.13670264200118,waypoint_1,-20.85030174255371,-69.89999389648438,-29.999067306518555
39.168702581000616,waypoint_1,-20.877361297607422,-69.99211120605469,-29.998598098754883
39.20274400500057,waypoint_1,-20.904396057128906,-70.08415222167969,-29.99811363220215
39.23672753200117,waypoint_1,-20.931381225585938,-70.17611694335938,-29.99765968322754
39.26870017700094,waypoint_1,-20.958309173583984,-70.26801300048828,-29.997209548950195
39.30277825200028,waypoint_1,-20.99182891845703,-70.38285064697266,-29.996644973754883
39.336733385000116,waypoint_1,-21.018461227416992,-70.47474670410156,-29.996217727661133
39.36872439699982,waypoint_1,-21.044931411743164,-70.56664276123047,-29.995882034301758
39.40274633300032,waypoint_1,-21.071239471435547,-70.6585464477539,-29.995641708374023
39.4366964510009,waypoint_1,-21.09742546081543,-70.7504653930664,-29.995447158813477
39.468736269000146,waypoint_1,-21.12346076965332,-70.84239959716797,-29.995283126831055
39.50274442299997,waypoint_1,-21.155858993530273,-70.95726776123047,-29.995100021362305
39.5367025380001,waypoint_1,-21.18168830871582,-71.04908752441406,-29.99495506286621
39.56871150900042,waypoint_1,-21.207433700561523,-71.14086151123047,-29.994829177856445
39.60277907499949,waypoint_1,-21.23313331604004,-71.23259735107422,-29.99469566345215
39.63669912300065,waypoint_1,-21.258779525756836,-71.3243637084961,-29.994565963745117
39.66873718500028,waypoint_1,-21.28440284729004,-71.41616821289062,-29.99448585510254
39.7028205000006,waypoint_1,-21.316415786743164,-71.53091430664062,-29.994455337524414
39.736705647001145,waypoint_1,-21.34202003479004,-71.6226806640625,-29.994482040405273
39.76874795900039,waypoint_1,-21.367595672607422,-71.71440124511719,-29.994569778442383
39.80277301299975,waypoint_1,-21.39311981201172,-71.80609893798828,-29.99472999572754
39.836699831999795,waypoint_1,-21.418596267700195,-71.89776611328125,-29.994958877563477
39.86871686199993,waypoint_1,-21.444089889526367,-71.98943328857422,-29.99518394470215
39.9027815190002,waypoint_1,-21.4759521484375,-72.1040267944336,-29.995458602905273
39.936715243000435,waypoint_1,-21.501441955566406,-72.19574737548828,-29.995691299438477
39.968719205000525,waypoint_1,-21.526966094970703,-72.28752136230469,-29.996000289916992
40.002769439000986,waypoint_1,-21.552536010742188,-72.37935638427734,-29.996416091918945
40.03669935800099,waypoint_1,-21.57811737060547,-72.47124481201172,-29.996973037719727
40.06869253700097,waypoint_1,-21.603673934936523,-72.56322479248047,-29.997591018676758
40.10277528000006,waypoint_1,-21.635652542114258,-72.67828369140625,-29.998395919799805
40.1367247649996,waypoint_1,-21.661277770996094,-72.77033233642578,-29.999074935913086
40.16871508999975,waypoint_1,-21.6870059967041,-72.86237335205078,-29.999814987182617
40.20275318300082,waypoint_1,-21.712858200073242,-72.95437622070312,-30.000558853149414
40.23666957400019,waypoint_1,-21.738727569580078,-73.04631805419922,-30.001291275024414
40.26870444999986,waypoint_1,-21.764568328857422,-73.13819885253906,-30.001955032348633
40.30271925600027,waypoint_1,-21.796829223632812,-73.2529525756836,-30.002649307250977
40.33669202400051,waypoint_1,-21.822572708129883,-73.34465026855469,-30.00312614440918
40.36871844900088,waypoint_1,-21.848270416259766,-73.43629455566406,-30.003496170043945
40.40274241500083,waypoint_1,-21.87391471862793,-73.52790832519531,-30.00379753112793
40.436686566999924,waypoint_1,-21.899511337280273,-73.61949920654297,-30.003934860229492
40.46870351600046,waypoint_1,-21.92503547668457,-73.71101379394531,-30.00404167175293
40.502780365000945,waypoint_1,-21.956872940063477,-73.82537078857422,-30.00417137145996
40.536709563999466,waypoint_1,-21.98226547241211,-73.91683197021484,-30.004243850708008
40.568720175000635,waypoint_1,-22.007610321044922,-74.00827026367188,-30.0042781829834
40.602745811000204,waypoint_1,-22.032896041870117,-74.09972381591797,-30.0042667388916
40.636703879999914,waypoint_1,-22.058177947998047,-74.19122314453125,-30.004175186157227
40.66870677800034,waypoint_1,-22.083446502685547,-74.28276062011719,-30.0040340423584
40.70280309200098,waypoint_1,-22.115032196044922,-74.39717864990234,-30.00380516052246
40.73670516399943,waypoint_1,-22.140329360961914,-74.48872375488281,-30.00360679626465
40.76872737700069,waypoint_1,-22.165592193603516,-74.58023834228516,-30.00335121154785
40.80276510800104,waypoint_1,-22.190868377685547,-74.67176055908203,-30.003007888793945
40.83670077399984,waypoint_1,-22.21624183654785,-74.7632827758789,-30.00261116027832
40.86874436499966,waypoint_1,-22.24168586730957,-74.8548812866211,-30.00218391418457
40.902797425000244,waypoint_1,-22.273508071899414,-74.96949005126953,-30.001630783081055
40.93670660600037,waypoint_2,-22.29901123046875,-75.06121826171875,-30.001161575317383
40.96869088499989,waypoint_2,-22.324567794799805,-75.1529312133789,-30.000673294067383
41.00274759700005,waypoint_2,-22.350173950195312,-75.2446060180664,-30.000246047973633
41.03671545200086,waypoint_2,-22.375751495361328,-75.33615112304688,-30.000764846801758
41.06869693199951,waypoint_2,-22.4012393951416,-75.42752838134766,-30.002931594848633
41.10277432800103,waypoint_2,-22.432720184326172,-75.54138946533203,-30.007741928100586
41.13672271500036,waypoint_2,-22.457111358642578,-75.63214111328125,-30.012868881225586
41.168695604001186,waypoint_2,-22.48025131225586,-75.72251892089844,-30.018709182739258
41.202780937999705,waypoint_2,-22.50165367126465,-75.81246948242188,-30.024858474731445
41.23671647400079,waypoint_2,-22.52080726623535,-75.90193939208984,-30.030916213989258
41.268725727000856,waypoint_2,-22.537418365478516,-75.99087524414062,-30.03660011291504
41.30283446300018,waypoint_2,-22.5538330078125,-76.10116577148438,-30.042837142944336
41.33671476000018,waypoint_2,-22.563249588012695,-76.18865966796875,-30.046998977661133
41.36871741499999,waypoint_2,-22.569129943847656,-76.27552795410156,-30.050230026245117
41.4028219920001,waypoint_2,-22.571298599243164,-76.36181640625,-30.052473068237305
41.43671512900073,waypoint_2,-22.56964683532715,-76.4475326538086,-30.0537052154541
41.46868489699955,waypoint_2,-22.56413459777832,-76.53267669677734,-30.054018020629883
41.50276953499997,waypoint_2,-22.55176544189453,-76.63829040527344,-30.053232192993164
41.536714658001074,waypoint_2,-22.537796020507812,-76.72217559814453,-30.051809310913086
41.56870027900004,waypoint_2,-22.520109176635742,-76.80555725097656,-30.049753189086914
41.60282583600019,waypoint_2,-22.498802185058594,-76.88848114013672,-30.04719352722168
41.63671994499964,waypoint_2,-22.474014282226562,-76.9709701538086,-30.04426383972168
41.66868561599949,waypoint_2,-22.44599723815918,-77.05306243896484,-30.041044235229492
41.70277064199945,waypoint_2,-22.406715393066406,-77.1551513671875,-30.03678321838379
41.736724320000576,waypoint_2,-22.372140884399414,-77.2364501953125,-30.033292770385742
41.7687209529995,waypoint_2,-22.334970474243164,-77.31752014160156,-30.029775619506836
41.802778826000576,waypoint_2,-22.295555114746094,-77.39836883544922,-30.026308059692383
41.836743433001175,waypoint_2,-22.253978729248047,-77.47904205322266,-30.022871017456055
41.86869909300003,waypoint_2,-22.210386276245117,-77.5595474243164,-30.019502639770508
41.90277552400039,waypoint_2,-22.153324127197266,-77.66002655029297,-30.015413284301758
41.93671698199978,waypoint_2,-22.105865478515625,-77.74034881591797,-30.012319564819336
41.96869111600063,waypoint_2,-22.05697250366211,-77.82067108154297,-30.009382247924805
42.00414108999939,waypoint_2,-22.006792068481445,-77.90103149414062,-30.00661277770996
42.03936665500078,waypoint_2,-21.955474853515625,-77.9814682006836,-30.00394630432129
42.07348242700027,waypoint_2,-21.889991760253906,-78.08202362060547,-30.000818252563477
42.11097639599939,waypoint_2,-21.836715698242188,-78.1624755859375,-29.99845314025879
42.1458573660002,waypoint_2,-21.782808303833008,-78.24295806884766,-29.996198654174805
42.183628087001125,waypoint_2,-21.728408813476562,-78.3234634399414,-29.994157791137695
42.21932086200104,waypoint_2,-21.6735897064209,-78.40397644042969,-29.99238395690918
42.251375484000164,waypoint_2,-21.618392944335938,-78.4845199584961,-29.990873336791992
42.2854052040002,waypoint_2,-21.548965454101562,-78.58533477783203,-29.989347457885742
42.31935038899974,waypoint_2,-21.4931697845459,-78.66608428955078,-29.9883975982666
42.35136967700055,waypoint_2,-21.4371337890625,-78.746826171875,-29.987680435180664
42.38747510699977,waypoint_2,-21.38094711303711,-78.82764434814453,-29.987173080444336
42.42251083600058,waypoint_2,-21.32462501525879,-78.90850830078125,-29.986818313598633
42.455682973000876,waypoint_2,-21.268198013305664,-78.9893798828125,-29.98661231994629
42.48968310199962,waypoint_2,-21.19754981994629,-79.09046173095703,-29.9864559173584
42.52365824300068,waypoint_2,-21.141027450561523,-79.17124938964844,-29.98641014099121
42.555717200999425,waypoint_2,-21.08452033996582,-79.25196075439453,-29.986440658569336
42.58969095999964,waypoint_2,-21.0280818939209,-79.33261108398438,-29.98658561706543
42.62365049999971,waypoint_2,-20.971635818481445,-79.41316223144531,-29.9868221282959
42.65567278100025,waypoint_2,-20.915220260620117,-79.49366760253906,-29.987165451049805
42.68967151099969,waypoint_2,-20.844690322875977,-79.5942153930664,-29.98773765563965
42.72365685099976,waypoint_2,-20.788286209106445,-79.67460632324219,-29.9882755279541
42.75572788700083,waypoint_2,-20.73192024230957,-79.75494384765625,-29.988786697387695
42.78968503800024,waypoint_2,-20.675601959228516,-79.8351821899414,-29.989301681518555
42.82366119800099,waypoint_2,-20.619359970092773,-79.91533660888672,-29.989835739135742
42.8556874370006,waypoint_2,-20.563243865966797,-79.99541473388672,-29.99037742614746
42.889685625999846,waypoint_2,-20.49313735961914,-80.09536743164062,-29.991052627563477
42.92367814799945,waypoint_2,-20.43712615966797,-80.17527770996094,-29.991613388061523
42.95567517299969,waypoint_2,-20.381155014038086,-80.25515747070312,-29.99217414855957
42.989655571000185,waypoint_2,-20.325210571289062,-80.33500671386719,-29.99273109436035
43.02368728900001,waypoint_2,-20.269264221191406,-80.41484832763672,-29.993284225463867
43.055736399001034,waypoint_2,-20.21334457397461,-80.49466705322266,-29.993810653686523
43.08967569299966,waypoint_2,-20.143476486206055,-80.59435272216797,-29.99436378479004
43.12365612699978,waypoint_2,-20.087642669677734,-80.67401885986328,-29.994733810424805
43.155686392999996,waypoint_2,-20.03180694580078,-80.7535629272461,-29.99506950378418
43.18969833400115,waypoint_2,-19.976049423217773,-80.83308410644531,-29.99534034729004
43.223689293999996,waypoint_2,-19.92034912109375,-80.91253662109375,-29.995553970336914
43.25572742999975,waypoint_2,-19.864669799804688,-80.99192810058594,-29.995790481567383
43.2896991180005,waypoint_2,-19.794992446899414,-81.09102630615234,-29.996030807495117
43.32366186699983,waypoint_2,-19.73923683166504,-81.17018127441406,-29.996213912963867
43.355681283001104,waypoint_2,-19.683452606201172,-81.24923706054688,-29.996416091918945
43.38972536199981,waypoint_2,-19.627666473388672,-81.32817840576172,-29.99662208557129
43.42366987100104,waypoint_2,-19.571786880493164,-81.40697479248047,-29.9968204498291
43.455675258001065,waypoint_2,-19.515832901000977,-81.48563385009766,-29.997041702270508
43.48972719199992,waypoint_2,-19.445711135864258,-81.58380126953125,-29.99724769592285
43.5236677289995,waypoint_2,-19.389568328857422,-81.6622543334961,-29.997411727905273
43.55569154099976,waypoint_2,-19.333415985107422,-81.74056243896484,-29.99753761291504
43.589662219001184,waypoint_2,-19.277206420898438,-81.81873321533203,-29.99765968322754
43.62366610200115,waypoint_2,-19.220932006835938,-81.896728515625,-29.99776268005371
43.65564996899957,waypoint_2,-19.164583206176758,-81.97456359863281,-29.9979190826416
43.689678320000894,waypoint_2,-19.09401512145996,-82.07164001464844,-29.99808692932129
43.723668127000565,waypoint_2,-19.03754997253418,-82.14913177490234,-29.998205184936523
43.75566665900078,waypoint_2,-18.981109619140625,-82.22647094726562,-29.998361587524414
43.78967960299997,waypoint_2,-18.924657821655273,-82.30368041992188,-29.998506546020508
43.82368652900004,waypoint_2,-18.86821937561035,-82.38074493408203,-29.998624801635742
43.855688222000026,waypoint_2,-18.811803817749023,-82.45767211914062,-29.9987735748291
43.889667393999844,waypoint_2,-18.741308212280273,-82.5536880493164,-29.99898338317871
43.92364193600042,waypoint_2,-18.684803009033203,-82.63043975830078,-29.999143600463867
43.955681433999416,waypoint_2,-18.628265380859375,-82.70710754394531,-29.999300003051758
43.98970369900053,waypoint_2,-18.57168197631836,-82.78374481201172,-29.999406814575195
44.023661643001105,waypoint_2,-18.514999389648438,-82.86031341552734,-29.99946403503418
44.05569471700073,waypoint_2,-18.458293914794922,-82.93680572509766,-29.999513626098633
44.08967755699996,waypoint_2,-18.38742446899414,-83.03233337402344,-29.99949836730957
44.123652206999395,waypoint_2,-18.330673217773438,-83.10868072509766,-29.999441146850586
44.15568726799938,waypoint_2,-18.273860931396484,-83.18498229980469,-29.99934196472168
44.189679798000725,waypoint_2,-18.21691131591797,-83.26123809814453,-29.999189376831055
44.223698670000886,waypoint_2,-18.159902572631836,-83.3374252319336,-29.99898338317871
44.255685939000614,waypoint_2,-18.102876663208008,-83.4135513305664,-29.998743057250977
44.289688390001174,waypoint_2,-18.031511306762695,-83.50862884521484,-29.99839973449707
44.32366544100114,waypoint_2,-17.974334716796875,-83.5846176147461,-29.99812126159668
44.35568419499941,waypoint_2,-17.9171085357666,-83.66058349609375,-29.997873306274414
44.38968865900097,waypoint_2,-17.85980796813965,-83.73652648925781,-29.99766731262207
44.42369850000068,waypoint_2,-17.80242347717285,-83.81244659423828,-29.99748420715332
44.455682140000135,waypoint_2,-17.744949340820312,-83.88833618164062,-29.997304916381836
44.4897041990007,waypoint_2,-17.673025131225586,-83.98319244384766,-29.99701499938965
44.52366542399977,waypoint_2,-17.615379333496094,-84.05907440185547,-29.996740341186523
44.55572185799974,waypoint_2,-17.55767059326172,-84.13496398925781,-29.996461868286133
44.589681829000256,waypoint_2,-17.499935150146484,-84.21088409423828,-29.99614143371582
44.623666441999376,waypoint_2,-17.442150115966797,-84.28681945800781,-29.995779037475586
44.65567287600061,waypoint_2,-17.38428497314453,-84.36277770996094,-29.99543571472168
44.689706260000094,waypoint_2,-17.3118839263916,-84.45780181884766,-29.994977951049805
44.723667456999465,waypoint_2,-17.25389862060547,-84.53384399414062,-29.994600296020508
44.75569490700036,waypoint_2,-17.195945739746094,-84.60989379882812,-29.99418830871582
44.78973346699968,waypoint_2,-17.137996673583984,-84.68594360351562,-29.9937686920166
44.82369326800108,waypoint_2,-17.07997703552246,-84.76199340820312,-29.993345260620117
44.855699141000514,waypoint_2,-17.02190399169922,-84.83802795410156,-29.99290657043457
44.88970345100097,waypoint_2,-16.949220657348633,-84.93302154541016,-29.992334365844727
44.92372459199942,waypoint_2,-16.890972137451172,-85.00894927978516,-29.991880416870117
44.955700821999926,waypoint_2,-16.832597732543945,-85.08483123779297,-29.991506576538086
44.989723411999876,waypoint_2,-16.77409553527832,-85.1606674194336,-29.991262435913086
45.02369512500081,waypoint_2,-16.715486526489258,-85.23645782470703,-29.991174697875977
45.05571782300103,waypoint_2,-16.656761169433594,-85.31224822998047,-29.9912052154541
45.08976033200088,waypoint_2,-16.583145141601562,-85.40694427490234,-29.99131202697754
45.12367505700058,waypoint_2,-16.524089813232422,-85.4826431274414,-29.991453170776367
45.155679941000926,waypoint_2,-16.46489906311035,-85.55829620361328,-29.991636276245117
45.189696564999394,waypoint_2,-16.405601501464844,-85.63400268554688,-29.99186134338379
45.2236692890001,waypoint_2,-16.346227645874023,-85.70978546142578,-29.99211311340332
45.25567778699951,waypoint_2,-16.286779403686523,-85.7856216430664,-29.99234962463379
45.28971525199995,waypoint_2,-16.212387084960938,-85.88047790527344,-29.992631912231445
45.3236696189997,waypoint_2,-16.152774810791016,-85.95640563964844,-29.992807388305664
45.35571868199986,waypoint_2,-16.093063354492188,-86.0323486328125,-29.99289894104004
45.39097066300019,waypoint_2,-16.03325080871582,-86.10832977294922,-29.992902755737305
45.424944506999964,waypoint_2,-15.973341941833496,-86.1843490600586,-29.992834091186523
45.45832203300051,waypoint_2,-15.91331958770752,-86.26042938232422,-29.992685317993164
45.49240216399994,waypoint_2,-15.83814811706543,-86.35560607910156,-29.992422103881836
45.52837798499968,waypoint_2,-15.777915000915527,-86.43175506591797,-29.992151260375977
45.56039531500028,waypoint_2,-15.717601776123047,-86.50790405273438,-29.991823196411133
45.59440208600063,waypoint_2,-15.657244682312012,-86.58404541015625,-29.991456985473633
45.62961162600004,waypoint_2,-15.5968599319458,-86.66014099121094,-29.991071701049805
45.661624942000344,waypoint_2,-15.53645133972168,-86.73619079589844,-29.99066734313965
45.69566466000106,waypoint_2,-15.460935592651367,-86.83123779296875,-29.990114212036133
45.72964955899988,waypoint_2,-15.400508880615234,-86.90731048583984,-29.989683151245117
45.7616418460002,waypoint_2,-15.340103149414062,-86.98343658447266,-29.989282608032227
45.7956270600007,waypoint_2,-15.279768943786621,-87.05957794189453,-29.988901138305664
45.82960615800039,waypoint_2,-15.21953010559082,-87.13572692871094,-29.98853874206543
45.86162600900025,waypoint_2,-15.159366607666016,-87.21188354492188,-29.98821449279785
45.89563332100079,waypoint_2,-15.084248542785645,-87.30709075927734,-29.98781394958496
45.92960331100039,waypoint_2,-15.024173736572266,-87.38319396972656,-29.98752784729004
45.961638713000866,waypoint_2,-14.964090347290039,-87.4592056274414,-29.98732566833496
45.995671290000246,waypoint_2,-14.904016494750977,-87.53507232666016,-29.987215042114258
46.02960124399942,waypoint_2,-14.84396743774414,-87.61083221435547,-29.987192153930664
46.061629339999854,waypoint_2,-14.783979415893555,-87.68650817871094,-29.987245559692383
46.09566358899974,waypoint_2,-14.709085464477539,-87.78092956542969,-29.987340927124023
46.131018739000865,waypoint_2,-14.649250030517578,-87.85631561279297,-29.987455368041992
46.16306230100054,waypoint_2,-14.589486122131348,-87.931640625,-29.987638473510742
46.19817696800055,waypoint_2,-14.529784202575684,-88.0069351196289,-29.9877986907959
46.23420587500004,waypoint_2,-14.470101356506348,-88.08226013183594,-29.98790168762207
46.267600213999685,waypoint_2,-14.41046142578125,-88.15763854980469,-29.987958908081055
46.29868636399988,waypoint_2,-14.35086441040039,-88.23307800292969,-29.988000869750977
46.33275282100112,waypoint_2,-14.27644157409668,-88.3274154663086,-29.988054275512695
46.367113041000266,waypoint_2,-14.216968536376953,-88.40290069580078,-29.988088607788086
46.398738559000776,waypoint_2,-14.157529830932617,-88.47842407226562,-29.988100051879883
46.43275609600096,waypoint_2,-14.098154067993164,-88.55402374267578,-29.98807716369629
46.46729869500086,waypoint_2,-14.038846969604492,-88.62966918945312,-29.9880428314209
46.49865638200026,waypoint_2,-13.979585647583008,-88.70532989501953,-29.98799705505371
46.53517234299943,waypoint_2,-13.905473709106445,-88.79993438720703,-29.987916946411133
46.56912686100077,waypoint_2,-13.846059799194336,-88.87557983398438,-29.987802505493164
46.60212790600053,waypoint_2,-13.786614418029785,-88.95117950439453,-29.98763084411621
46.635274514999765,waypoint_2,-13.727112770080566,-89.02668762207031,-29.987398147583008
46.66907532500045,waypoint_2,-13.667548179626465,-89.10211944580078,-29.987092971801758
46.70118743999956,waypoint_2,-13.607892990112305,-89.17747497558594,-29.986730575561523
46.735100455000065,waypoint_2,-13.533244132995605,-89.2715835571289,-29.986196517944336
46.76908383599948,waypoint_2,-13.473438262939453,-89.3467788696289,-29.985647201538086
46.802398355999685,waypoint_2,-13.41354751586914,-89.421875,-29.985097885131836
46.83642493099978,waypoint_2,-13.353643417358398,-89.49690246582031,-29.98457908630371
46.87033052300103,waypoint_2,-13.293747901916504,-89.57189178466797,-29.984010696411133
46.90238875199975,waypoint_2,-13.233818054199219,-89.6468505859375,-29.98349952697754
46.9363832479994,waypoint_2,-13.158818244934082,-89.74056243896484,-29.98296546936035
46.970357746000445,waypoint_2,-13.09874153137207,-89.81559753417969,-29.982633590698242
47.00334730100076,waypoint_2,-13.038668632507324,-89.89073944091797,-29.982397079467773
47.036365408001075,waypoint_2,-12.978605270385742,-89.96593475341797,-29.982236862182617
47.07034851000026,waypoint_2,-12.918567657470703,-90.04127502441406,-29.98209571838379
47.10251320200041,waypoint_2,-12.858582496643066,-90.11674499511719,-29.9819278717041
47.1364022100006,waypoint_2,-12.783709526062012,-90.21118927001953,-29.981714248657227
47.17034425699967,waypoint_2,-12.723836898803711,-90.286865234375,-29.981534957885742
47.202368518001094,waypoint_2,-12.663970947265625,-90.36268615722656,-29.98140525817871
47.236385436001,waypoint_2,-12.604124069213867,-90.43865203857422,-29.981306076049805
47.2703879820001,waypoint_2,-12.544279098510742,-90.51475524902344,-29.981210708618164
47.30255565200059,waypoint_2,-12.484492301940918,-90.59102630615234,-29.98109245300293
47.33638731599967,waypoint_2,-12.40982437133789,-90.68656158447266,-29.98087501525879
47.37035760599974,waypoint_2,-12.350156784057617,-90.76307678222656,-29.9807186126709
47.40296703999957,waypoint_2,-12.290521621704102,-90.83963012695312,-29.98055076599121
47.43741781999961,waypoint_2,-12.230936050415039,-90.91626739501953,-29.9803524017334
47.47136403799959,waypoint_2,-12.171360969543457,-90.9930191040039,-29.980104446411133
47.50348315500014,waypoint_2,-12.111783027648926,-91.0699234008789,-29.97977638244629
47.53747024100085,waypoint_2,-12.037290573120117,-91.1661605834961,-29.97933006286621
47.57141786600005,waypoint_2,-11.977620124816895,-91.24320220947266,-29.9789981842041
47.60342904299978,waypoint_2,-11.917871475219727,-91.32032012939453,-29.978654861450195
47.6374151680011,waypoint_2,-11.858072280883789,-91.3974838256836,-29.978342056274414
47.67137205000108,waypoint_2,-11.79822063446045,-91.47467041015625,-29.97816276550293
47.703441425001074,waypoint_2,-11.738335609436035,-91.55189514160156,-29.978090286254883
47.73739513600049,waypoint_2,-11.663374900817871,-91.6484146118164,-29.97810935974121
47.77137752499948,waypoint_2,-11.603339195251465,-91.72560119628906,-29.978193283081055
47.80345691799994,waypoint_2,-11.543211936950684,-91.80280303955078,-29.978254318237305
47.83740166700045,waypoint_2,-11.48300838470459,-91.88002014160156,-29.978303909301758
47.87137194800016,waypoint_2,-11.422773361206055,-91.9572525024414,-29.978361129760742
47.903478923000876,waypoint_2,-11.362545013427734,-92.03446960449219,-29.978391647338867
47.93739632300094,waypoint_2,-11.287284851074219,-92.13098907470703,-29.978384017944336
47.97137207200103,waypoint_2,-11.22705364227295,-92.20818328857422,-29.978395462036133
48.00348580500031,waypoint_2,-11.166787147521973,-92.28539276123047,-29.978395462036133
48.03739258600035,waypoint_2,-11.106499671936035,-92.36260223388672,-29.97837257385254
48.07156093100093,waypoint_2,-11.046188354492188,-92.43980407714844,-29.978403091430664
48.10346033300084,waypoint_2,-10.98585319519043,-92.51701354980469,-29.97837257385254
48.13743561500087,waypoint_2,-10.91038990020752,-92.61348724365234,-29.978235244750977
48.17141073899984,waypoint_2,-10.85002613067627,-92.69061279296875,-29.97804832458496
48.20342199300103,waypoint_2,-10.789653778076172,-92.7676773071289,-29.9777774810791
48.237437537000005,waypoint_2,-10.729294776916504,-92.84471130371094,-29.97743797302246
48.27136651000001,waypoint_2,-10.668928146362305,-92.92168426513672,-29.97712516784668
48.30343618799998,waypoint_2,-10.608565330505371,-92.9986572265625,-29.976808547973633
48.337389176000215,waypoint_2,-10.533145904541016,-93.09493255615234,-29.976404190063477
48.373160209999696,waypoint_2,-10.47286319732666,-93.1719970703125,-29.97605323791504
48.40516484799991,waypoint_2,-10.41265869140625,-93.2491226196289,-29.97565269470215
48.4391947160002,waypoint_2,-10.35255241394043,-93.32625579833984,-29.97525978088379
48.4731671669997,waypoint_2,-10.292502403259277,-93.40342712402344,-29.974882125854492
48.50519083600011,waypoint_2,-10.232510566711426,-93.48064422607422,-29.97447395324707
48.53918538000107,waypoint_2,-10.157609939575195,-93.57725524902344,-29.973905563354492
48.573176894000426,waypoint_2,-10.097793579101562,-93.65457153320312,-29.97346305847168
48.605227015999844,waypoint_2,-10.03809642791748,-93.7319107055664,-29.973047256469727
48.63917100500112,waypoint_2,-9.978515625,-93.80928039550781,-29.9726505279541
48.673178451999775,waypoint_2,-9.919047355651855,-93.88671112060547,-29.97218132019043
48.705190111000775,waypoint_2,-9.859700202941895,-93.96414184570312,-29.97172737121582
48.739198377999855,waypoint_2,-9.785697937011719,-94.06092071533203,-29.971097946166992
48.77318152100088,waypoint_2,-9.726600646972656,-94.13837432861328,-29.97056770324707
48.805355944999974,waypoint_2,-9.667569160461426,-94.21590423583984,-29.96999168395996
48.83923958299965,waypoint_2,-9.60861587524414,-94.29350280761719,-29.969377517700195
48.87319113299964,waypoint_2,-9.5497465133667,-94.37113189697266,-29.968671798706055
48.905526000000464,waypoint_2,-9.490934371948242,-94.44878387451172,-29.967912673950195
48.939205695000055,waypoint_2,-9.41752815246582,-94.54583740234375,-29.966928482055664
48.97316135700021,waypoint_2,-9.358905792236328,-94.62347412109375,-29.96622657775879
49.005323199000486,waypoint_2,-9.300402641296387,-94.70110321044922,-29.965551376342773
49.039185597999676,waypoint_2,-9.241992950439453,-94.77871704101562,-29.964902877807617
49.073158168999726,waypoint_2,-9.183635711669922,-94.85631561279297,-29.964292526245117
49.105206260999694,waypoint_2,-9.125314712524414,-94.93391418457031,-29.963708877563477
49.1391888520011,waypoint_2,-9.052435874938965,-95.0308837890625,-29.963056564331055
49.17318646500098,waypoint_2,-8.994183540344238,-95.10846710205078,-29.962602615356445
49.205210223000904,waypoint_2,-8.935968399047852,-95.18608856201172,-29.962236404418945
49.239214113000344,waypoint_2,-8.877785682678223,-95.26371002197266,-29.96199607849121
49.27318560000094,waypoint_2,-8.819602012634277,-95.34130096435547,-29.961828231811523
49.305221529000846,waypoint_2,-8.761402130126953,-95.41883850097656,-29.961740493774414
49.33920780399967,waypoint_2,-8.688597679138184,-95.51570892333984,-29.96171760559082
49.37349838299997,waypoint_2,-8.63023853302002,-95.59319305419922,-29.961748123168945
49.405502515999615,waypoint_2,-8.571815490722656,-95.67070007324219,-29.96183204650879
49.439213720001135,waypoint_2,-8.513351440429688,-95.74818420410156,-29.961946487426758
49.47323865600083,waypoint_2,-8.45484733581543,-95.82567596435547,-29.962072372436523
49.50538182300079,waypoint_2,-8.396343231201172,-95.90314483642578,-29.96224021911621
49.53941268699964,waypoint_2,-8.323216438293457,-95.99998474121094,-29.96247673034668
49.573200291999456,waypoint_2,-8.264724731445312,-96.07743835449219,-29.96269416809082
49.60535414900005,waypoint_2,-8.206279754638672,-96.15485382080078,-29.96302604675293
49.639393784000276,waypoint_2,-8.147926330566406,-96.2322006225586,-29.963464736938477
49.673185183000896,waypoint_2,-8.089621543884277,-96.30949401855469,-29.96394920349121
49.70522806900044,waypoint_2,-8.031343460083008,-96.38668823242188,-29.96442222595215
49.739195291000215,waypoint_2,-7.958547592163086,-96.48310089111328,-29.964967727661133
49.7731838210002,waypoint_2,-7.9003777503967285,-96.56011199951172,-29.965394973754883
49.80560436400083,waypoint_2,-7.842271327972412,-96.63702392578125,-29.965776443481445
49.83917749899956,waypoint_2,-7.784236431121826,-96.7138671875,-29.966093063354492
49.87317456200071,waypoint_2,-7.7262864112854,-96.79069519042969,-29.966398239135742
49.90527599699999,waypoint_2,-7.668410778045654,-96.86751556396484,-29.966672897338867
49.9391843100002,waypoint_2,-7.59613037109375,-96.96351623535156,-29.966997146606445
49.973180475000845,waypoint_2,-7.538270950317383,-97.04023742675781,-29.967195510864258
50.005196250000154,waypoint_2,-7.4803853034973145,-97.11691284179688,-29.967416763305664
50.039187923999634,waypoint_2,-7.422489166259766,-97.19355010986328,-29.96770668029785
50.073191715000576,waypoint_2,-7.364574909210205,-97.27007293701172,-29.968000411987305
50.10546549799983,waypoint_2,-7.306610584259033,-97.3465576171875,-29.968355178833008
50.13918795900099,waypoint_2,-7.234090805053711,-97.44214630126953,-29.968854904174805
50.17315819000032,waypoint_2,-7.176037311553955,-97.51859283447266,-29.9692325592041
50.205713339000795,waypoint_2,-7.117992877960205,-97.59505462646484,-29.96954917907715
50.23920338199969,waypoint_2,-7.059955596923828,-97.6714859008789,-29.969839096069336
50.27313814599984,waypoint_2,-7.002002239227295,-97.74786376953125,-29.970190048217773
50.30518574500093,waypoint_2,-6.944124698638916,-97.82422637939453,-29.970579147338867
50.33918401600022,waypoint_2,-6.87192440032959,-97.91967010498047,-29.971059799194336
50.37318806199983,waypoint_2,-6.814286708831787,-97.99606323242188,-29.971296310424805
50.405175698000676,waypoint_2,-6.756688594818115,-98.07247161865234,-29.971506118774414
50.43920869100111,waypoint_2,-6.6991190910339355,-98.14894104003906,-29.97169303894043
50.47319392800091,waypoint_2,-6.641568183898926,-98.22547149658203,-29.971776962280273
50.50524222599961,waypoint_2,-6.583995342254639,-98.30205535888672,-29.97184181213379
50.53919910300101,waypoint_2,-6.5119805335998535,-98.39789581298828,-29.971940994262695
50.5732896949994,waypoint_2,-6.45431661605835,-98.47460174560547,-29.97203254699707
50.60519028099952,waypoint_2,-6.3966145515441895,-98.55131530761719,-29.972158432006836
50.639197853999576,waypoint_2,-6.338881492614746,-98.62804412841797,-29.972314834594727
50.673229330999675,waypoint_2,-6.281108379364014,-98.70480346679688,-29.972410202026367
50.70634474399958,waypoint_2,-6.223246097564697,-98.78155517578125,-29.97248649597168
50.74049241099965,waypoint_2,-6.150713920593262,-98.87747955322266,-29.972536087036133
50.77430248100063,waypoint_2,-6.092606544494629,-98.95425415039062,-29.9725284576416
50.807720610000615,waypoint_2,-6.034468173980713,-99.03105926513672,-29.972497940063477
50.841696666000644,waypoint_2,-5.976286888122559,-99.10790252685547,-29.97243309020996
50.87564835200101,waypoint_2,-5.918138027191162,-99.18475341796875,-29.972227096557617
50.907580892000624,waypoint_2,-5.860045909881592,-99.26158905029297,-29.97202491760254
50.941652329000135,waypoint_2,-5.787456512451172,-99.357666015625,-29.971837997436523
50.97561537299953,waypoint_2,-5.729473114013672,-99.43458557128906,-29.97178840637207
51.007615878999786,waypoint_2,-5.6715569496154785,-99.51158142089844,-29.971742630004883
51.041624086999946,waypoint_2,-5.6137309074401855,-99.58863067626953,-29.97170066833496
51.07562252400021,waypoint_2,-5.555987358093262,-99.66570281982422,-29.97163963317871
51.10761547000038,waypoint_2,-5.4983367919921875,-99.74278259277344,-29.9715633392334
51.141681367000274,waypoint_2,-5.426455020904541,-99.83914184570312,-29.971464157104492
51.17563137599973,waypoint_2,-5.3690571784973145,-99.91617584228516,-29.971410751342773
51.20765843300069,waypoint_2,-5.311722278594971,-99.99314880371094,-29.971303939819336
51.24164777900114,waypoint_2,-5.25442361831665,-100.07002258300781,-29.97109031677246
51.27561855800013,waypoint_2,-5.19710636138916,-100.14679718017578,-29.97072410583496
51.307605518000855,waypoint_2,-5.139771938323975,-100.22350311279297,-29.970346450805664
51.34163415200055,waypoint_2,-5.068148612976074,-100.3193359375,-29.96994972229004
51.375620762000835,waypoint_2,-5.010898590087891,-100.39595794677734,-29.969690322875977
51.40764005700112,waypoint_2,-4.953688621520996,-100.4725112915039,-29.969457626342773
51.44163082700106,waypoint_2,-4.896500587463379,-100.54901123046875,-29.9692440032959
51.47563647400057,waypoint_2,-4.839332580566406,-100.62548065185547,-29.96909523010254
51.50765280499945,waypoint_2,-4.78216028213501,-100.70195770263672,-29.96904945373535
51.541625255000326,waypoint_2,-4.710659980773926,-100.79763793945312,-29.969148635864258
51.575642108000466,waypoint_2,-4.653434753417969,-100.8742904663086,-29.969324111938477
51.60761176400047,waypoint_2,-4.596220970153809,-100.95101165771484,-29.96956443786621
51.6416383249998,waypoint_2,-4.538977146148682,-101.0278091430664,-29.9698543548584
51.675631576999876,waypoint_2,-4.48169469833374,-101.1047134399414,-29.9702091217041
51.707624713999394,waypoint_2,-4.424394607543945,-101.18168640136719,-29.970674514770508
51.74165777100097,waypoint_2,-4.352809429168701,-101.27794647216797,-29.971372604370117
51.77565980300096,waypoint_2,-4.2955546379089355,-101.35501861572266,-29.97197151184082
51.807628399999885,waypoint_2,-4.238284111022949,-101.43212890625,-29.972639083862305
51.84163851099947,waypoint_2,-4.180962085723877,-101.50927734375,-29.973371505737305
51.875631771999906,waypoint_2,-4.123621463775635,-101.58642578125,-29.974084854125977
51.90764005100027,waypoint_2,-4.066229343414307,-101.66355895996094,-29.974790573120117
51.94163499500064,waypoint_2,-3.994436740875244,-101.75997161865234,-29.975618362426758
51.975623538000946,waypoint_2,-3.936973810195923,-101.83710479736328,-29.97620964050293
52.00768360599977,waypoint_2,-3.879481554031372,-101.91422271728516,-29.976694107055664
52.04163974599942,waypoint_2,-3.822000503540039,-101.99130249023438,-29.97707176208496
52.07558973599953,waypoint_2,-3.7645745277404785,-102.06837463378906,-29.977354049682617
52.10768109700075,waypoint_2,-3.7072150707244873,-102.14545440673828,-29.977540969848633
52.14163968399953,waypoint_2,-3.635601043701172,-102.24179077148438,-29.977731704711914
52.175648582000576,waypoint_2,-3.5783467292785645,-102.31884765625,-29.977834701538086
52.20766324100077,waypoint_2,-3.5211117267608643,-102.39590454101562,-29.977922439575195
52.241658061000635,waypoint_2,-3.4638917446136475,-102.47299194335938,-29.97798728942871
52.27569749699978,waypoint_2,-3.4066457748413086,-102.5501480102539,-29.978063583374023
52.30787947600038,waypoint_2,-3.34934401512146,-102.6273422241211,-29.97812843322754
52.341656202001104,waypoint_2,-3.277606964111328,-102.7238998413086,-29.978185653686523
52.375652298000205,waypoint_2,-3.220125675201416,-102.80117797851562,-29.978208541870117
52.40775590799967,waypoint_2,-3.1626124382019043,-102.87844848632812,-29.97818946838379
52.44372545099941,waypoint_2,-3.105027675628662,-102.95568084716797,-29.978116989135742
52.47767874300007,waypoint_2,-3.047356605529785,-103.03289031982422,-29.978059768676758
52.509859650999715,waypoint_2,-2.989622116088867,-103.11011505126953,-29.97801399230957
52.543786104999526,waypoint_2,-2.9174065589904785,-103.20672607421875,-29.977983474731445
52.57770890100073,waypoint_2,-2.859626531600952,-103.28406524658203,-29.978010177612305
52.60970652400101,waypoint_2,-2.801865816116333,-103.36146545410156,-29.978029251098633
52.64373151400105,waypoint_2,-2.744136095046997,-103.43890380859375,-29.978036880493164
52.677706186999785,waypoint_2,-2.686474323272705,-103.51634979248047,-29.978036880493164
52.709717796000405,waypoint_2,-2.628875255584717,-103.59378814697266,-29.978044509887695
52.74372519999997,waypoint_2,-2.556922435760498,-103.69052124023438,-29.978059768676758
52.77767902699998,waypoint_2,-2.499324083328247,-103.76786804199219,-29.978090286254883
52.809694198000216,waypoint_2,-2.4417028427124023,-103.84522247314453,-29.978063583374023
52.84373605499968,waypoint_2,-2.384065628051758,-103.9225845336914,-29.977991104125977
52.87775060400054,waypoint_2,-2.3264448642730713,-103.99999237060547,-29.97784996032715
52.910938830000305,waypoint_2,-2.268822431564331,-104.07743072509766,-29.977659225463867
52.94497574700108,waypoint_2,-2.19684100151062,-104.1741943359375,-29.9774227142334
52.97895897200033,waypoint_2,-2.1392600536346436,-104.2515640258789,-29.97721290588379
53.01094163800008,waypoint_2,-2.0817410945892334,-104.32892608642578,-29.976957321166992
53.04651732499951,waypoint_2,-2.024266004562378,-104.4062728881836,-29.976675033569336
53.08049936899988,waypoint_2,-1.9667946100234985,-104.48361206054688,-29.97636604309082
53.11243855000066,waypoint_2,-1.909327507019043,-104.56098937988281,-29.976072311401367
53.149680816999535,waypoint_2,-1.8375015258789062,-104.65774536132812,-29.97572898864746
53.18366773300113,waypoint_2,-1.7799524068832397,-104.73516082763672,-29.97547721862793
53.21562459100096,waypoint_2,-1.7223782539367676,-104.81253814697266,-29.97515296936035
53.249687628000174,waypoint_2,-1.664726972579956,-104.88990020751953,-29.97471046447754
53.28367675499976,waypoint_2,-1.6070291996002197,-104.96723175048828,-29.974260330200195
53.31563001200084,waypoint_2,-1.5492901802062988,-105.04456329345703,-29.9737606048584
53.3496729590006,waypoint_2,-1.4770559072494507,-105.1412124633789,-29.973051071166992
53.38371218199973,waypoint_2,-1.419226884841919,-105.21849822998047,-29.972402572631836
53.41563878099987,waypoint_2,-1.3613427877426147,-105.29581451416016,-29.97173500061035
53.45138079900062,waypoint_2,-1.3033961057662964,-105.37312316894531,-29.971071243286133
53.49013477399967,waypoint_2,-1.2454948425292969,-105.45043182373047,-29.970521926879883
53.52533142900029,waypoint_2,-1.1876078844070435,-105.52772521972656,-29.97003746032715
53.55919288599944,waypoint_2,-1.1152862310409546,-105.62435913085938,-29.969587326049805
53.593184844999996,waypoint_2,-1.0574367046356201,-105.70172119140625,-29.96932029724121
53.62523335200058,waypoint_2,-0.9995822310447693,-105.77912139892578,-29.969152450561523
53.65930123399994,waypoint_2,-0.9417467713356018,-105.8565444946289,-29.969099044799805
53.69327054200039,waypoint_2,-0.8839296698570251,-105.93399047851562,-29.969141006469727
53.72637847900114,waypoint_2,-0.8261599540710449,-106.0114974975586,-29.969205856323242
53.760302557000614,waypoint_2,-0.7540433406829834,-106.10841369628906,-29.969358444213867
53.79432710199944,waypoint_2,-0.6964302062988281,-106.18597412109375,-29.969507217407227
53.826650037000945,waypoint_2,-0.6388627886772156,-106.26355743408203,-29.96967124938965
53.860301859000174,waypoint_2,-0.5813703536987305,-106.34119415283203,-29.96980094909668
53.894307984999614,waypoint_2,-0.5239707827568054,-106.41886901855469,-29.969934463500977
53.92636163200041,waypoint_2,-0.46664249897003174,-106.49662780761719,-29.970067977905273
53.96028049599954,waypoint_2,-0.3951094448566437,-106.59394073486328,-29.970247268676758
53.994277772000714,waypoint_2,-0.337991863489151,-106.6718521118164,-29.970335006713867
54.02634003000094,waypoint_2,-0.2809591293334961,-106.74980926513672,-29.970434188842773
54.0603076110001,waypoint_2,-0.22407077252864838,-106.82777404785156,-29.970518112182617
54.094306180000785,waypoint_2,-0.16727858781814575,-106.90576934814453,-29.97062873840332
54.12640565500078,waypoint_2,-0.11054520308971405,-106.9837646484375,-29.970720291137695
54.16031547199964,waypoint_2,-0.03968622907996178,-107.08129119873047,-29.970781326293945
54.19428055699973,waypoint_2,0.016924675554037094,-107.15933990478516,-29.970796585083008
54.226430652001,waypoint_2,0.073494091629982,-107.23745727539062,-29.970800399780273
54.260326613999496,waypoint_2,0.13000048696994781,-107.31563568115234,-29.970815658569336
54.294289446999755,waypoint_2,0.1865295171737671,-107.39384460449219,-29.970762252807617
54.326301983999656,waypoint_2,0.24313068389892578,-107.4720458984375,-29.970678329467773
54.36038075900069,waypoint_2,0.3140151798725128,-107.56977081298828,-29.97053337097168
54.39428257600048,waypoint_2,0.3707669973373413,-107.64788818359375,-29.970430374145508
54.42631432300004,waypoint_2,0.4275534152984619,-107.72596740722656,-29.97027015686035
54.46035819999997,waypoint_2,0.4843595027923584,-107.80401611328125,-29.97007942199707
54.49430755100002,waypoint_2,0.5411980152130127,-107.8820571899414,-29.969911575317383
54.52846719400077,waypoint_2,0.5980789065361023,-107.96012115478516,-29.969839096069336
54.56246834600097,waypoint_2,0.6691959500312805,-108.0577163696289,-29.969804763793945
54.59643540400066,waypoint_2,0.726071834564209,-108.13581085205078,-29.96979331970215
54.62886548000097,waypoint_2,0.7829016447067261,-108.21393585205078,-29.969858169555664
54.6625336470006,waypoint_2,0.8396633863449097,-108.29204559326172,-29.96999168395996
54.69774584700099,waypoint_2,0.8963267207145691,-108.37017822265625,-29.970151901245117
54.7308504169996,waypoint_2,0.9528846144676208,-108.44834899902344,-29.97035789489746
54.76496051399954,waypoint_2,1.0234304666519165,-108.54611206054688,-29.970651626586914
54.79885954100064,waypoint_2,1.0797479152679443,-108.62433624267578,-29.970895767211914
54.830853633000515,waypoint_2,1.1359302997589111,-108.70258331298828,-29.971128463745117
54.86491673300043,waypoint_2,1.191974401473999,-108.78083038330078,-29.971364974975586
54.89891422599976,waypoint_2,1.2479147911071777,-108.85905456542969,-29.971620559692383
54.9308751869994,waypoint_2,1.3037688732147217,-108.937255859375,-29.971895217895508
54.96591479200106,waypoint_2,1.3734259605407715,-109.0350112915039,-29.972272872924805
54.99988964300064,waypoint_2,1.4290237426757812,-109.11324310302734,-29.972612380981445
55.03332728600071,waypoint_2,1.4845006465911865,-109.19147491455078,-29.97300148010254
55.0673837810009,waypoint_2,1.539888620376587,-109.26969146728516,-29.97344398498535
55.10135079599968,waypoint_2,1.5951608419418335,-109.3478775024414,-29.973901748657227
55.133354583000255,waypoint_2,1.6503028869628906,-109.42601013183594,-29.974332809448242
55.167369079999844,waypoint_2,1.7191005945205688,-109.52365112304688,-29.974855422973633
55.20132967999962,waypoint_2,1.7740460634231567,-109.60171508789062,-29.97527503967285
55.23334089399941,waypoint_2,1.8289345502853394,-109.67974090576172,-29.975603103637695
55.26737199099989,waypoint_2,1.8838003873825073,-109.75776672363281,-29.9758358001709
55.301344260000405,waypoint_2,1.9386597871780396,-109.8358154296875,-29.97599220275879
55.333320257001105,waypoint_2,1.9935024976730347,-109.91385650634766,-29.976099014282227
55.36739977400066,waypoint_2,2.061999797821045,-110.01140594482422,-29.976125717163086
55.40132886799984,waypoint_2,2.116767406463623,-110.08943176269531,-29.9760684967041
55.43336491900118,waypoint_2,2.171543836593628,-110.16747283935547,-29.976003646850586
55.46741639799984,waypoint_2,2.2263405323028564,-110.24553680419922,-29.975954055786133
55.50133163999999,waypoint_2,2.2811713218688965,-110.32360076904297,-29.975866317749023
55.5333211190009,waypoint_2,2.3360488414764404,-110.40167999267578,-29.975770950317383
55.56740997400084,waypoint_2,2.404719829559326,-110.49927520751953,-29.975587844848633
55.601333071001136,waypoint_2,2.459704637527466,-110.57730865478516,-29.97538185119629
55.63333528600015,waypoint_2,2.514765739440918,-110.65525817871094,-29.975080490112305
55.66742275700017,waypoint_2,2.5699241161346436,-110.73316192626953,-29.97467613220215
55.70133711000017,waypoint_2,2.625148057937622,-110.81108093261719,-29.97422218322754
55.73333414700028,waypoint_2,2.6804370880126953,-110.88902282714844,-29.973730087280273
55.767384922999554,waypoint_2,2.749666929244995,-110.98648834228516,-29.973108291625977
55.8013639969995,waypoint_2,2.8051793575286865,-111.06449127197266,-29.9726505279541
55.83332045899988,waypoint_2,2.8608152866363525,-111.14251708984375,-29.97227668762207
55.867382649999854,waypoint_2,2.916520595550537,-111.22051239013672,-29.97199058532715
55.90136781399997,waypoint_2,2.9722750186920166,-111.29850769042969,-29.971723556518555
55.93336318799993,waypoint_2,3.028048276901245,-111.37648010253906,-29.971471786499023
55.96738989000005,waypoint_2,3.0977869033813477,-111.473876953125,-29.971166610717773
56.001329188000454,waypoint_2,3.1536478996276855,-111.55176544189453,-29.970945358276367
56.033343266000884,waypoint_2,3.2096314430236816,-111.62964630126953,-29.970815658569336
56.06738605499959,waypoint_2,3.265772819519043,-111.70751953125,-29.970762252807617
56.10134566600027,waypoint_2,3.3220417499542236,-111.78538513183594,-29.970796585083008
56.133337974000824,waypoint_2,3.3783724308013916,-111.86321258544922,-29.970903396606445
56.16737490000014,waypoint_2,3.4488778114318848,-111.96039581298828,-29.971094131469727
56.20133914700091,waypoint_2,3.505330801010132,-112.0380630493164,-29.971261978149414
56.23333085200102,waypoint_2,3.561821699142456,-112.11566162109375,-29.971445083618164
56.267412119001165,waypoint_2,3.6184027194976807,-112.19319915771484,-29.971635818481445
56.30139687600058,waypoint_2,3.6750340461730957,-112.27070617675781,-29.971792221069336
56.333333460001086,waypoint_2,3.7317306995391846,-112.34817504882812,-29.97197914123535
56.36738598900047,waypoint_2,3.8026986122131348,-112.44495391845703,-29.972272872924805
56.401330814000175,waypoint_2,3.8595130443573,-112.52230072021484,-29.972558975219727
56.43338561600103,waypoint_2,3.9163858890533447,-112.59954833984375,-29.972932815551758
56.46733708800093,waypoint_2,3.9732837677001953,-112.67668914794922,-29.973344802856445
56.50135499600037,waypoint_2,4.030232906341553,-112.75373840332031,-29.9737491607666
56.53332435199991,waypoint_2,4.087214469909668,-112.83074188232422,-29.97420310974121
56.56739688699963,waypoint_2,4.158461570739746,-112.92693328857422,-29.974828720092773
56.601329110000734,waypoint_2,4.215475082397461,-113.00379943847656,-29.975339889526367
56.63333839799998,waypoint_2,4.272458076477051,-113.08063507080078,-29.975854873657227
56.66738551900016,waypoint_2,4.329355716705322,-113.157470703125,-29.97637367248535
56.70132930699947,waypoint_2,4.386204719543457,-113.23429870605469,-29.976892471313477
56.733349266000005,waypoint_2,4.442986965179443,-113.31112670898438,-29.97736930847168
56.76737997900091,waypoint_2,4.513890743255615,-113.40717315673828,-29.977903366088867
56.80132648600011,waypoint_2,4.570535659790039,-113.48399353027344,-29.978315353393555
56.83333019699967,waypoint_2,4.627089977264404,-113.56085205078125,-29.978681564331055
56.86734897399947,waypoint_2,4.683602809906006,-113.63770294189453,-29.97904396057129
56.901310007000575,waypoint_2,4.740082740783691,-113.71456909179688,-29.979387283325195
56.93333353900016,waypoint_2,4.7965216636657715,-113.79144287109375,-29.97968864440918
56.96736356800102,waypoint_2,4.86703634262085,-113.88755798339844,-29.98002815246582
57.00132680200113,waypoint_2,4.923427104949951,-113.9644546508789,-29.980188369750977
57.03333307700086,waypoint_2,4.979777812957764,-114.04139709472656,-29.98030662536621
57.067361400000664,waypoint_2,5.036084175109863,-114.11837005615234,-29.980417251586914
57.101331232999655,waypoint_2,5.092383861541748,-114.19540405273438,-29.980470657348633
57.133347905000846,waypoint_2,5.148702144622803,-114.2724838256836,-29.98054313659668
57.16735797399997,waypoint_2,5.219164848327637,-114.36894989013672,-29.980710983276367
57.201344565999534,waypoint_2,5.275508880615234,-114.4461898803711,-29.980833053588867
57.23333455899956,waypoint_2,5.331838607788086,-114.52349090576172,-29.98091697692871
57.267386777000866,waypoint_2,5.388116836547852,-114.60078430175781,-29.980905532836914
57.30133206000028,waypoint_2,5.444371700286865,-114.6780776977539,-29.98079490661621
57.33336162799969,waypoint_2,5.500603675842285,-114.75532531738281,-29.98057746887207
57.36736289500004,waypoint_2,5.570845127105713,-114.85186004638672,-29.980161666870117
57.40133518900075,waypoint_2,5.626959323883057,-114.92911529541016,-29.979795455932617
57.43732581699987,waypoint_2,5.68300724029541,-115.00642395019531,-29.979398727416992
57.491565926000476,waypoint_2,5.738968849182129,-115.08378601074219,-29.978967666625977
57.52551527700052,waypoint_2,5.794835090637207,-115.16116333007812,-29.97857093811035
57.557408333999774,waypoint_2,5.850615501403809,-115.238525390625,-29.97822380065918
57.591454714000065,waypoint_2,5.92020845413208,-115.33515930175781,-29.977819442749023
57.62555802799943,waypoint_2,5.9757866859436035,-115.41251373291016,-29.97746467590332
57.65738484100075,waypoint_2,6.031291484832764,-115.48993682861328,-29.97711753845215
57.69149577499957,waypoint_2,6.086728096008301,-115.56743621826172,-29.97673225402832
57.725515782,waypoint_2,6.142111301422119,-115.64501953125,-29.97630500793457
57.75742151099985,waypoint_2,6.197360038757324,-115.72270965576172,-29.97585105895996
57.79143578500043,waypoint_2,6.266233921051025,-115.81990814208984,-29.9752254486084
57.82546206600091,waypoint_2,6.321262836456299,-115.89768981933594,-29.97469139099121
57.857386589999805,waypoint_2,6.376266956329346,-115.9754638671875,-29.97408103942871
57.89148424800078,waypoint_2,6.431222915649414,-116.05323791503906,-29.973440170288086
57.9255359710005,waypoint_2,6.486083984375,-116.1310043334961,-29.972829818725586
57.957382306,waypoint_2,6.540849208831787,-116.20882415771484,-29.972280502319336
57.991426095999486,waypoint_2,6.609246730804443,-116.30615997314453,-29.97170066833496
58.02553417600029,waypoint_2,6.6638875007629395,-116.38407135009766,-29.9713077545166
58.05739077200087,waypoint_2,6.718451976776123,-116.4620361328125,-29.970983505249023
58.09145753300072,waypoint_2,6.772984504699707,-116.5400619506836,-29.97071647644043
58.125452092999694,waypoint_2,6.827463150024414,-116.61815643310547,-29.9704532623291
58.15739815000052,waypoint_2,6.881931304931641,-116.6962890625,-29.970205307006836
58.191473987999416,waypoint_2,6.950058937072754,-116.79398345947266,-29.9699764251709
58.22548531100074,waypoint_2,7.004560470581055,-116.87213897705078,-29.969846725463867
58.25738296800046,waypoint_2,7.059069633483887,-116.95028686523438,-29.96971321105957
58.29144115999952,waypoint_2,7.1135663986206055,-117.0284423828125,-29.969572067260742
58.32544815500114,waypoint_2,7.168022155761719,-117.10662841796875,-29.96946144104004
58.35738670399951,waypoint_2,7.222458839416504,-117.18482971191406,-29.969472885131836
58.39142494400039,waypoint_2,7.290524482727051,-117.28253936767578,-29.969606399536133
58.42543820600076,waypoint_2,7.345015048980713,-117.36065673828125,-29.969804763793945
58.45739404100095,waypoint_2,7.399559020996094,-117.43875122070312,-29.97003746032715
58.491406254999674,waypoint_2,7.454193115234375,-117.51683807373047,-29.970293045043945
58.52543034300106,waypoint_2,7.508906364440918,-117.59493255615234,-29.97063636779785
58.557372702000066,waypoint_2,7.5637006759643555,-117.67303466796875,-29.970991134643555
58.5914397810011,waypoint_2,7.632303237915039,-117.77072143554688,-29.97149085998535
58.62542914500045,waypoint_2,7.687290668487549,-117.8488998413086,-29.9719295501709
58.657374274000176,waypoint_2,7.742410182952881,-117.92706298828125,-29.97243309020996
58.69145233200106,waypoint_2,7.797680377960205,-118.00520324707031,-29.972997665405273
58.72542188300031,waypoint_2,7.853095531463623,-118.0833511352539,-29.973520278930664
58.75749928100049,waypoint_2,7.9086713790893555,-118.16151428222656,-29.974103927612305
58.79142693600079,waypoint_2,7.97830867767334,-118.25919342041016,-29.97492790222168
58.82540422400052,waypoint_2,8.034140586853027,-118.3372802734375,-29.975679397583008
58.85742235399994,waypoint_2,8.090052604675293,-118.41532135009766,-29.976457595825195
58.891430218000096,waypoint_2,8.14607048034668,-118.49334716796875,-29.977270126342773
58.9254070930001,waypoint_2,8.20219612121582,-118.57136535644531,-29.97813606262207
58.957378168001014,waypoint_2,8.258455276489258,-118.6494140625,-29.978925704956055
58.991445986001054,waypoint_2,8.328968048095703,-118.74698638916016,-29.97983741760254
59.025463346000834,waypoint_2,8.385496139526367,-118.8250503540039,-29.980558395385742
59.05738949700026,waypoint_2,8.442049980163574,-118.90308380126953,-29.981252670288086
59.09142655700089,waypoint_2,8.498645782470703,-118.98109436035156,-29.98189353942871
59.12541360199975,waypoint_2,8.555293083190918,-119.05909729003906,-29.98246955871582
59.157414594999864,waypoint_2,8.61197280883789,-119.13709259033203,-29.982961654663086
59.1914573819995,waypoint_2,8.682854652404785,-119.23454284667969,-29.983488082885742
59.22541496700069,waypoint_2,8.739578247070312,-119.31245422363281,-29.983911514282227
59.25742830800118,waypoint_2,8.79627799987793,-119.39026641845703,-29.984285354614258
59.29141895400062,waypoint_2,8.852983474731445,-119.4679946899414,-29.98456382751465
59.325411288000396,waypoint_2,8.909686088562012,-119.5456771850586,-29.98484992980957
59.35738934500114,waypoint_2,8.966395378112793,-119.62328338623047,-29.985002517700195
59.39142257899948,waypoint_2,9.03728199005127,-119.72019958496094,-29.984983444213867
59.425426875000994,waypoint_2,9.094003677368164,-119.79769897460938,-29.98480796813965
59.45741326999996,waypoint_2,9.150737762451172,-119.87517547607422,-29.984582901000977
59.4913924600005,waypoint_2,9.207488059997559,-119.95263671875,-29.984376907348633
59.525426116000745,waypoint_2,9.26427936553955,-120.03006744384766,-29.98415184020996
59.55738619499971,waypoint_2,9.321114540100098,-120.10746765136719,-29.983858108520508
59.59141685800023,waypoint_2,9.392167091369629,-120.20417785644531,-29.98345375061035
59.62540795300083,waypoint_2,9.448999404907227,-120.28150939941406,-29.9831485748291
59.65738842999963,waypoint_2,9.505793571472168,-120.35879516601562,-29.982873916625977
59.69142767300036,waypoint_2,9.562536239624023,-120.43602752685547,-29.98264503479004
59.72540744999969,waypoint_2,9.619169235229492,-120.5132064819336,-29.9824161529541
59.757424912000715,waypoint_2,9.675650596618652,-120.59033966064453,-29.982187271118164
59.79142376300115,waypoint_2,9.746085166931152,-120.6866226196289,-29.981908798217773
59.82540499300012,waypoint_2,9.80233097076416,-120.76354217529297,-29.981698989868164
59.8574082110008,waypoint_2,9.858478546142578,-120.84040069580078,-29.981565475463867
59.89142941499995,waypoint_2,9.914520263671875,-120.91722106933594,-29.981447219848633
59.92542630200114,waypoint_2,9.970462799072266,-120.99401092529297,-29.98137092590332
59.95741742100108,waypoint_2,10.026310920715332,-121.07080841064453,-29.981260299682617
59.99146114399991,waypoint_2,10.096040725708008,-121.16686248779297,-29.981142044067383
60.02542428699962,waypoint_2,10.1517972946167,-121.24376678466797,-29.98106575012207
60.05739176300085,waypoint_2,10.207568168640137,-121.32080078125,-29.981050491333008
60.09141463200103,waypoint_2,10.263325691223145,-121.39794921875,-29.9810733795166
60.12539143700087,waypoint_2,10.319038391113281,-121.47518920898438,-29.98111915588379
60.15741143699961,waypoint_2,10.374689102172852,-121.55256652832031,-29.981218338012695
60.19139881599949,waypoint_2,10.444207191467285,-121.64945220947266,-29.981447219848633
60.22540558900073,waypoint_2,10.499777793884277,-121.72714233398438,-29.981687545776367
60.25741191999987,waypoint_2,10.555290222167969,-121.80501556396484,-29.981966018676758
60.291379971000424,waypoint_2,10.610754013061523,-121.8830795288086,-29.9823055267334
60.32544582099945,waypoint_2,10.666141510009766,-121.96134185791016,-29.982778549194336
60.35739356100021,waypoint_2,10.721487045288086,-122.039794921875,-29.983312606811523
60.39139946100113,waypoint_2,10.790628433227539,-122.13799285888672,-29.984018325805664
60.42541817300116,waypoint_2,10.845868110656738,-122.21671295166016,-29.984643936157227
60.45742410099956,waypoint_2,10.901037216186523,-122.29557800292969,-29.98527717590332
60.49140878400067,waypoint_2,10.95610237121582,-122.37456512451172,-29.985898971557617
60.52542083099979,waypoint_2,11.011127471923828,-122.45368194580078,-29.986474990844727
60.55741537200083,waypoint_2,11.066083908081055,-122.53294372558594,-29.987123489379883
60.591416193999976,waypoint_2,11.134736061096191,-122.63219451904297,-29.987947463989258
60.625417888999436,waypoint_2,11.189663887023926,-122.71163940429688,-29.988603591918945
60.657419274999484,waypoint_2,11.24453067779541,-122.79105377197266,-29.989248275756836
60.69141410300108,waypoint_2,11.29939079284668,-122.87044525146484,-29.989885330200195
60.72542159800105,waypoint_2,11.354170799255371,-122.9498291015625,-29.990427017211914
60.75741011399987,waypoint_2,11.408896446228027,-123.02918243408203,-29.99088478088379
60.79144253999948,waypoint_2,11.47723388671875,-123.12826538085938,-29.991384506225586
60.82542098399972,waypoint_2,11.531895637512207,-123.20745849609375,-29.99171257019043
60.85741636400053,waypoint_2,11.586542129516602,-123.28663635253906,-29.99187660217285
60.89141912800005,waypoint_2,11.641199111938477,-123.36581420898438,-29.99192237854004
60.925416645999576,waypoint_2,11.695771217346191,-123.44497680664062,-29.99187660217285
60.957391742000254,waypoint_2,11.750218391418457,-123.5240707397461,-29.99175453186035
60.991456722000294,waypoint_2,11.818155288696289,-123.62284088134766,-29.991479873657227
61.025410100000954,waypoint_2,11.872471809387207,-123.7017593383789,-29.991209030151367
61.057402602000366,waypoint_2,11.92679500579834,-123.78062438964844,-29.99092674255371
61.09143347600002,waypoint_2,11.981151580810547,-123.85948944091797,-29.990644454956055
61.12540952400013,waypoint_2,12.035528182983398,-123.9383316040039,-29.990358352661133
61.15742861400031,waypoint_2,12.089910507202148,-124.01715087890625,-29.9901065826416
61.19148529599988,waypoint_2,12.15790843963623,-124.11558532714844,-29.989831924438477
61.22546812899964,waypoint_2,12.212367057800293,-124.19429016113281,-29.989686965942383
61.25740442800088,waypoint_2,12.266873359680176,-124.27294158935547,-29.989580154418945
61.29143574999944,waypoint_2,12.321441650390625,-124.35160064697266,-29.9895076751709
61.32543045000057,waypoint_2,12.376124382019043,-124.43025970458984,-29.989343643188477
61.35742641999968,waypoint_2,12.43092155456543,-124.50892639160156,-29.989110946655273
61.39143826700092,waypoint_2,12.499617576599121,-124.6072769165039,-29.98868751525879
61.42541966899989,waypoint_2,12.554695129394531,-124.68594360351562,-29.988306045532227
61.45742255100049,waypoint_2,12.609862327575684,-124.76451873779297,-29.987852096557617
61.49144433299989,waypoint_2,12.66513442993164,-124.84300994873047,-29.987333297729492
61.52541769600066,waypoint_2,12.720447540283203,-124.92145538330078,-29.986726760864258
61.55741104499975,waypoint_2,12.775789260864258,-124.99983978271484,-29.986093521118164
61.591450723999515,waypoint_2,12.845005989074707,-125.0978012084961,-29.985300064086914
61.6254259640009,waypoint_2,12.900430679321289,-125.17622375488281,-29.984724044799805
61.65743133700016,waypoint_2,12.955886840820312,-125.25472259521484,-29.984201431274414
61.69144608100032,waypoint_2,13.011368751525879,-125.33323669433594,-29.98374366760254
61.725424837999526,waypoint_2,13.06684684753418,-125.4117431640625,-29.983293533325195
61.75738668899976,waypoint_2,13.12236213684082,-125.49019622802734,-29.982824325561523
61.79146554500039,waypoint_2,13.191797256469727,-125.58818817138672,-29.982240676879883
61.82542373999968,waypoint_2,13.24738597869873,-125.66651916503906,-29.981840133666992
61.857382359999974,waypoint_2,13.302984237670898,-125.74478149414062,-29.981531143188477
61.8914414310002,waypoint_2,13.35859203338623,-125.82299041748047,-29.981355667114258
61.9254291340003,waypoint_2,13.414175033569336,-125.90113830566406,-29.981321334838867
61.95739997800047,goal,13.469705581665039,-125.97920227050781,-29.9814395904541
61.99145060400042,goal,13.538948059082031,-126.07659912109375,-29.98177146911621
62.02542559600079,goal,13.594189643859863,-126.15438842773438,-29.98210334777832
62.05737242500072,goal,13.64929485321045,-126.23200225830078,-29.983083724975586
62.091427396000654,goal,13.704258918762207,-126.30941009521484,-29.98576545715332
62.12541730799967,goal,13.75892448425293,-126.38661193847656,-29.99016761779785
62.15738314400005,goal,13.812904357910156,-126.4636459350586,-29.99589729309082
62.191463913000916,goal,13.878643035888672,-126.55987548828125,-30.004343032836914
62.22543748300086,goal,13.92917537689209,-126.6369400024414,-30.011518478393555
62.25737604599999,goal,13.977234840393066,-126.71418762207031,-30.018701553344727
62.29143681200003,goal,14.022315979003906,-126.7917251586914,-30.0255184173584
62.325448715000675,goal,14.063989639282227,-126.8695297241211,-30.031660079956055
62.357368078000945,goal,14.101935386657715,-126.94769287109375,-30.036943435668945
62.39149163699949,goal,14.143760681152344,-127.0459213256836,-30.042142868041992
62.42543455800114,goal,14.172466278076172,-127.12503051757812,-30.04503059387207
62.4573708780008,goal,14.196830749511719,-127.20465087890625,-30.04685401916504
62.491411105000225,goal,14.217110633850098,-127.28477478027344,-30.047693252563477
62.52547321699967,goal,14.233077049255371,-127.3654556274414,-30.047632217407227
62.55736744299975,goal,14.244792938232422,-127.4466781616211,-30.046716690063477
62.591437258999576,goal,14.253682136535645,-127.54898834228516,-30.044557571411133
62.62543538200043,goal,14.25629997253418,-127.63145446777344,-30.042158126831055
62.65739601399946,goal,14.255084991455078,-127.71446228027344,-30.039243698120117
62.69142687400017,goal,14.250228881835938,-127.79805755615234,-30.03594398498535
62.72542903700014,goal,14.241899490356445,-127.88224029541016,-30.03245735168457
62.75737604300048,goal,14.230552673339844,-127.96697998046875,-30.02882194519043
62.79142690700064,goal,14.212254524230957,-128.07374572753906,-30.02419090270996
62.82548253499954,goal,14.19461727142334,-128.15975952148438,-30.02048683166504
62.857374100000015,goal,14.17457389831543,-128.24627685546875,-30.01692771911621
62.891432250000435,goal,14.152335166931152,-128.33331298828125,-30.013540267944336
62.92548171999988,goal,14.128108024597168,-128.4208526611328,-30.0103816986084
62.95738270599941,goal,14.102084159851074,-128.50885009765625,-30.0074405670166
62.99147630100015,goal,14.067336082458496,-128.6194305419922,-30.00408363342285
63.025413773000764,goal,14.038034439086914,-128.70822143554688,-30.001623153686523
63.0573704819999,goal,14.007619857788086,-128.79737854003906,-29.99943733215332
63.091443024999535,goal,13.976186752319336,-128.8867950439453,-29.99753761291504
63.125405815000704,goal,13.943952560424805,-128.97650146484375,-29.995912551879883
63.15737036199971,goal,13.911038398742676,-129.06637573242188,-29.99452018737793
63.191434370000934,goal,13.86913013458252,-129.178955078125,-29.99308204650879
63.225438120000035,goal,13.835128784179688,-129.26914978027344,-29.992170333862305
63.25736986300035,goal,13.800773620605469,-129.35943603515625,-29.99146842956543
63.29144854900005,goal,13.766121864318848,-129.44973754882812,-29.99094581604004
63.325434128999404,goal,13.731243133544922,-129.5399932861328,-29.990476608276367
63.35736004300088,goal,13.696228981018066,-129.63023376464844,-29.990140914916992
63.391436711001006,goal,13.652322769165039,-129.74301147460938,-29.989896774291992
63.42538153100031,goal,13.617167472839355,-129.83322143554688,-29.989843368530273
63.45746000500003,goal,13.582006454467773,-129.92343139648438,-29.98985481262207
63.491368871000304,goal,13.54689884185791,-130.0135955810547,-29.98993492126465
63.525423491000765,goal,13.511877059936523,-130.10369873046875,-29.990079879760742
63.55737693900119,goal,13.476856231689453,-130.19369506835938,-29.99030876159668
63.591371128999526,goal,13.433192253112793,-130.30601501464844,-29.990686416625977
63.62539538500096,goal,13.398451805114746,-130.3957061767578,-29.991010665893555
63.65737227700083,goal,13.36381721496582,-130.4852294921875,-29.9913387298584
63.69137149600101,goal,13.329286575317383,-130.57467651367188,-29.99165153503418
63.72540754300098,goal,13.294849395751953,-130.66404724121094,-29.991945266723633
63.757362755999566,goal,13.260506629943848,-130.75338745117188,-29.992250442504883
63.79138038800011,goal,13.217721939086914,-130.86489868164062,-29.992639541625977
63.82540381800027,goal,13.183584213256836,-130.95396423339844,-29.9929141998291
63.85736111299957,goal,13.1494722366333,-131.04293823242188,-29.993139266967773
63.89141663400005,goal,13.11535930633545,-131.1318817138672,-29.99334144592285
63.92542413800038,goal,13.081252098083496,-131.22084045410156,-29.993532180786133
63.95736325600046,goal,13.04714298248291,-131.30975341796875,-29.99373435974121
63.991411580000204,goal,13.004587173461914,-131.42092895507812,-29.993993759155273
64.02540893500009,goal,12.970598220825195,-131.50985717773438,-29.994230270385742
64.05737080000108,goal,12.936563491821289,-131.59881591796875,-29.994436264038086
64.09142924400112,goal,12.902657508850098,-131.68775939941406,-29.994577407836914
64.12541302200043,goal,12.868858337402344,-131.77671813964844,-29.994653701782227
64.15737819400056,goal,12.835138320922852,-131.8656005859375,-29.994661331176758
64.19140986400089,goal,12.793095588684082,-131.97662353515625,-29.994550704956055
64.22542571300073,goal,12.759482383728027,-132.06541442871094,-29.99439811706543
64.2573995090006,goal,12.7258882522583,-132.1541748046875,-29.994169235229492
64.29142360700098,goal,12.69230842590332,-132.24293518066406,-29.9938907623291
64.32539547499982,goal,12.658661842346191,-132.33169555664062,-29.993616104125977
64.35737439399963,goal,12.625007629394531,-132.4204864501953,-29.993276596069336
64.39143653000065,goal,12.582945823669434,-132.5314178466797,-29.992769241333008
64.42539655300061,goal,12.549235343933105,-132.6200714111328,-29.992280960083008
64.45741418100079,goal,12.515508651733398,-132.70870971679688,-29.991727828979492
64.49139844899946,goal,12.481792449951172,-132.79734802246094,-29.991159439086914
64.52539117000015,goal,12.448078155517578,-132.88600158691406,-29.99055290222168
64.557387922001,goal,12.41434097290039,-132.9746856689453,-29.989896774291992
64.59143169900017,goal,12.372092247009277,-133.08554077148438,-29.989065170288086
64.62542575800035,goal,12.338236808776855,-133.17425537109375,-29.98844337463379
64.65737567900032,goal,12.304349899291992,-133.26300048828125,-29.98784828186035
64.69144644300104,goal,12.2704496383667,-133.35177612304688,-29.987272262573242
64.72540776200003,goal,12.236570358276367,-133.44058227539062,-29.986745834350586
64.75737103100073,goal,12.2027006149292,-133.5294647216797,-29.986284255981445
64.79146950200084,goal,12.160383224487305,-133.64071655273438,-29.98575782775879
64.82541501600099,goal,12.126511573791504,-133.7298126220703,-29.985387802124023
64.85740326599989,goal,12.092513084411621,-133.81900024414062,-29.985078811645508
64.8914220480001,goal,12.05846881866455,-133.90823364257812,-29.98479652404785
64.92541970499951,goal,12.024354934692383,-133.99746704101562,-29.984453201293945
64.9573803050007,goal,11.990148544311523,-134.08670043945312,-29.984128952026367
64.9914483499997,goal,11.947272300720215,-134.19821166992188,-29.98375129699707
65.02541859499979,goal,11.912936210632324,-134.2874298095703,-29.9834041595459
65.05741179300094,goal,11.878605842590332,-134.37661743164062,-29.98299217224121
65.09143360999951,goal,11.844276428222656,-134.46580505371094,-29.982542037963867
65.1254212090007,goal,11.809861183166504,-134.55499267578125,-29.982126235961914
65.15737262699986,goal,11.775479316711426,-134.6441192626953,-29.98175621032715
65.19145497499994,goal,11.73249340057373,-134.75547790527344,-29.98139762878418
65.22545712099964,goal,11.698050498962402,-134.84454345703125,-29.981191635131836
65.25738527900103,goal,11.663558006286621,-134.93360900878906,-29.981046676635742
65.2914318839994,goal,11.629014015197754,-135.022705078125,-29.980966567993164
65.32540397199955,goal,11.594433784484863,-135.11180114746094,-29.980974197387695
65.35740080899996,goal,11.559833526611328,-135.2008514404297,-29.9810733795166
65.39143036799942,goal,11.516481399536133,-135.31201171875,-29.98130226135254
65.42543750500045,goal,11.481755256652832,-135.4008026123047,-29.98151969909668
65.45740177799962,goal,11.446920394897461,-135.4895477294922,-29.981779098510742
65.49143208200076,goal,11.411962509155273,-135.5782470703125,-29.982088088989258
65.52539425000032,goal,11.37689208984375,-135.66690063476562,-29.98240852355957
65.55739029899996,goal,11.341675758361816,-135.75555419921875,-29.98273277282715
65.5914291299996,goal,11.297452926635742,-135.86634826660156,-29.983064651489258
65.6253962640003,goal,11.261911392211914,-135.9549560546875,-29.983205795288086
65.65737726100087,goal,11.22620964050293,-136.04354858398438,-29.98334312438965
65.69144140000026,goal,11.190388679504395,-136.13209533691406,-29.983491897583008
65.72539890400003,goal,11.154476165771484,-136.2206573486328,-29.983659744262695
65.75737864099938,goal,11.11848258972168,-136.30926513671875,-29.983850479125977
65.7914281150006,goal,11.073397636413574,-136.42010498046875,-29.984148025512695
65.82540316000086,goal,11.037242889404297,-136.50888061523438,-29.984411239624023
65.85742646400104,goal,11.00095272064209,-136.5977325439453,-29.98468589782715
65.8914327220009,goal,10.964510917663574,-136.68667602539062,-29.984975814819336
65.92539897300048,goal,10.927928924560547,-136.77569580078125,-29.985292434692383
65.95738575699943,goal,10.891234397888184,-136.8647918701172,-29.985628128051758
65.99146513199958,goal,10.845203399658203,-136.97633361816406,-29.98606300354004
66.02540039899941,goal,10.808259963989258,-137.06570434570312,-29.98641014099121
66.0573771950003,goal,10.771225929260254,-137.15521240234375,-29.986711502075195
66.0914347199996,goal,10.734108924865723,-137.24484252929688,-29.98700523376465
66.12539856799958,goal,10.69696044921875,-137.3345947265625,-29.9872989654541
66.15738643199984,goal,10.659810066223145,-137.42442321777344,-29.987520217895508
66.1914298440006,goal,10.613320350646973,-137.53672790527344,-29.98769187927246
66.22542915899976,goal,10.57612133026123,-137.62655639648438,-29.98777198791504
66.2573787450001,goal,10.538898468017578,-137.7163848876953,-29.987871170043945
66.29142945000058,goal,10.501666069030762,-137.80624389648438,-29.98798179626465
66.32540453900037,goal,10.464395523071289,-137.89608764648438,-29.988149642944336
66.35737188100029,goal,10.427070617675781,-137.9859619140625,-29.988317489624023
66.3914331800006,goal,10.380304336547852,-138.09829711914062,-29.9885311126709
66.42539553800088,goal,10.342823028564453,-138.18812561035156,-29.98874855041504
66.45741823200115,goal,10.30528736114502,-138.27789306640625,-29.988950729370117
66.49142519499947,goal,10.267724990844727,-138.36756896972656,-29.989152908325195
66.52539353900102,goal,10.23013687133789,-138.45713806152344,-29.989355087280273
66.5574220769995,goal,10.192496299743652,-138.546630859375,-29.989530563354492
66.59145369399994,goal,10.145374298095703,-138.658447265625,-29.98975944519043
66.62540596399958,goal,10.107650756835938,-138.74790954589844,-29.99003028869629
66.65739207099978,goal,10.069921493530273,-138.83738708496094,-29.9903507232666
66.69143042299947,goal,10.032175064086914,-138.92686462402344,-29.99070930480957
66.72537138600092,goal,9.99438762664795,-139.0163116455078,-29.991037368774414
66.75738030700086,goal,9.956547737121582,-139.10569763183594,-29.991376876831055
66.7913659400001,goal,9.90914535522461,-139.2174072265625,-29.991811752319336
66.82536668300054,goal,9.871150016784668,-139.30670166015625,-29.992177963256836
66.85737927300033,goal,9.83308219909668,-139.39590454101562,-29.992521286010742
66.89137471499998,goal,9.794962882995605,-139.48495483398438,-29.992895126342773
66.9253894909998,goal,9.756807327270508,-139.57386779785156,-29.9932918548584
66.95740147000106,goal,9.7186279296875,-139.6626434326172,-29.993745803833008
66.99137355499988,goal,9.670865058898926,-139.7734832763672,-29.9943904876709
67.02543479999986,goal,9.632596969604492,-139.86196899414062,-29.99500846862793
67.0573784090011,goal,9.594273567199707,-139.95033264160156,-29.995695114135742
67.09138818000065,goal,9.555929183959961,-140.0385284423828,-29.99639320373535
67.12539188099981,goal,9.517571449279785,-140.12661743164062,-29.997037887573242
67.15738041800068,goal,9.479194641113281,-140.21458435058594,-29.99761390686035
67.1914110480011,goal,9.431174278259277,-140.32449340820312,-29.99818992614746
67.22542564899959,goal,9.392733573913574,-140.41241455078125,-29.998563766479492
67.25736964399948,goal,9.3543119430542,-140.50030517578125,-29.998823165893555
67.29142488400066,goal,9.315865516662598,-140.58819580078125,-29.998998641967773
67.32540063200031,goal,9.277409553527832,-140.67611694335938,-29.999074935913086
67.35738205000052,goal,9.238960266113281,-140.76405334472656,-29.999116897583008
67.3914420279998,goal,9.190895080566406,-140.87396240234375,-29.99913215637207
67.42540320300031,goal,9.15248966217041,-140.96188354492188,-29.999147415161133
67.45739609799966,goal,9.114134788513184,-141.0498046875,-29.999181747436523
67.49143223200008,goal,9.075812339782715,-141.13775634765625,-29.999238967895508
67.52541051600019,goal,9.037558555603027,-141.2256622314453,-29.999296188354492
67.55737058500017,goal,8.999326705932617,-141.31358337402344,-29.999284744262695
67.59143543600112,goal,8.95152473449707,-141.42352294921875,-29.999250411987305
67.62543181399997,goal,8.913278579711914,-141.51153564453125,-29.999231338500977
67.6574098960009,goal,8.875025749206543,-141.59962463378906,-29.99916648864746
67.69144571600009,goal,8.836758613586426,-141.68783569335938,-29.999052047729492
67.72540089500035,goal,8.798450469970703,-141.77609252929688,-29.998872756958008
67.7573783429998,goal,8.760157585144043,-141.8643798828125,-29.998685836791992
67.79143784600092,goal,8.712356567382812,-141.97483825683594,-29.998472213745117
67.82538951599963,goal,8.674172401428223,-142.06326293945312,-29.998327255249023
67.85752566799965,goal,8.636046409606934,-142.15174865722656,-29.99818229675293
67.89143349699953,goal,8.597972869873047,-142.24029541015625,-29.99799156188965
67.92543703500087,goal,8.559928894042969,-142.3289337158203,-29.997724533081055
67.95741546799945,goal,8.521903038024902,-142.4176788330078,-29.997411727905273
67.99144025500027,goal,8.474377632141113,-142.52870178222656,-29.996957778930664
68.0254015190003,goal,8.436397552490234,-142.6175537109375,-29.9965763092041
68.05738684700009,goal,8.398477554321289,-142.7063751220703,-29.99619483947754
68.0914386229997,goal,8.360595703125,-142.7952117919922,-29.99580955505371
68.12541238400081,goal,8.322694778442383,-142.88406372070312,-29.99540138244629
68.15738875700117,goal,8.284828186035156,-142.97293090820312,-29.995012283325195
68.191429986,goal,8.237536430358887,-143.08404541015625,-29.994550704956055
68.2254474500005,goal,8.199710845947266,-143.1729736328125,-29.9941349029541
68.25737886699972,goal,8.161904335021973,-143.261962890625,-29.993696212768555
68.2914357589998,goal,8.124122619628906,-143.35096740722656,-29.993242263793945
68.32548481000049,goal,8.086319923400879,-143.4399871826172,-29.992753982543945
68.35737835500004,goal,8.04843807220459,-143.52903747558594,-29.99216651916504
68.3914445850005,goal,8.001008987426758,-143.64035034179688,-29.991289138793945
68.4254125160005,goal,7.963020324707031,-143.72938537597656,-29.99057960510254
68.4574142649999,goal,7.924961090087891,-143.8184356689453,-29.98990821838379
68.49144733200046,goal,7.886804580688477,-143.90748596191406,-29.98931312561035
68.52540088600108,goal,7.848552703857422,-143.99656677246094,-29.988901138305664
68.55737873200087,goal,7.810247421264648,-144.08566284179688,-29.98859214782715
68.59144008400108,goal,7.762224197387695,-144.19696044921875,-29.988340377807617
68.6253920830004,goal,7.723696708679199,-144.28594970703125,-29.988229751586914
68.65857051800049,goal,7.685121536254883,-144.37489318847656,-29.98821449279785
68.69262359099957,goal,7.646531581878662,-144.4638214111328,-29.988298416137695
68.72660302999975,goal,7.6079583168029785,-144.55276489257812,-29.988435745239258
68.7585787070002,goal,7.569393634796143,-144.6417236328125,-29.98859977722168
68.79261368799962,goal,7.5211687088012695,-144.7529296875,-29.988855361938477
68.8265733090011,goal,7.482583045959473,-144.84185791015625,-29.989099502563477
68.85858178200033,goal,7.4439849853515625,-144.9307403564453,-29.989355087280273
68.8926527170006,goal,7.405391693115234,-145.01959228515625,-29.98964500427246
68.92655952099994,goal,7.366821765899658,-145.10838317871094,-29.989953994750977
68.95857838600023,goal,7.328293323516846,-145.19712829589844,-29.990278244018555
68.99264563699944,goal,7.280210494995117,-145.30801391601562,-29.9907169342041
69.0265760530001,goal,7.241833686828613,-145.39669799804688,-29.99110984802246
69.05858951099981,goal,7.2035627365112305,-145.4853515625,-29.99151039123535
69.09260297500077,goal,7.165408134460449,-145.573974609375,-29.991891860961914
69.1265775539996,goal,7.127361297607422,-145.66256713867188,-29.99226188659668
69.15859613999964,goal,7.0894060134887695,-145.7510986328125,-29.99259376525879
69.19265541999994,goal,7.042122840881348,-145.86167907714844,-29.992929458618164
69.22658992499964,goal,7.004421234130859,-145.95013427734375,-29.993104934692383
69.2585647520009,goal,6.966789722442627,-146.0386505126953,-29.993196487426758
69.2926249000011,goal,6.9292802810668945,-146.12721252441406,-29.99323081970215
69.32658472200092,goal,6.891841888427734,-146.2158203125,-29.99326515197754
69.35856139200041,goal,6.854479789733887,-146.30447387695312,-29.99329948425293
69.39264778799952,goal,6.8078813552856445,-146.4152374267578,-29.993379592895508
69.4270895539994,goal,6.770680904388428,-146.50384521484375,-29.993558883666992
69.45856801599984,goal,6.733506202697754,-146.59243774414062,-29.993810653686523
69.4926153510005,goal,6.696290016174316,-146.6810302734375,-29.994104385375977
69.52660722800101,goal,6.6589860916137695,-146.76968383789062,-29.99442481994629
69.55858620000072,goal,6.621591567993164,-146.85841369628906,-29.994802474975586
69.59267207999983,goal,6.574678897857666,-146.9693603515625,-29.99538230895996
69.62658589100101,goal,6.537017345428467,-147.05809020996094,-29.9958438873291
69.65965148900068,goal,6.499227046966553,-147.146728515625,-29.996278762817383
69.69369358999938,goal,6.46136999130249,-147.2352752685547,-29.996732711791992
69.72763400300028,goal,6.4234819412231445,-147.32376098632812,-29.997194290161133
69.7597216209997,goal,6.385577201843262,-147.4122314453125,-29.997655868530273
69.79374093000115,goal,6.3381476402282715,-147.5227813720703,-29.998170852661133
69.82764216400028,goal,6.300103187561035,-147.61122131347656,-29.998586654663086
69.85967666000033,goal,6.262029647827148,-147.69964599609375,-29.99897575378418
69.89371999200011,goal,6.224003791809082,-147.7880859375,-29.999353408813477
69.92765106200022,goal,6.185973167419434,-147.8765106201172,-29.999696731567383
69.95969037600116,goal,6.147898197174072,-147.96490478515625,-29.999956130981445
69.99372473199946,goal,6.1003007888793945,-148.0753936767578,-30.000185012817383
70.02764560700052,goal,6.0622076988220215,-148.16384887695312,-30.000368118286133
70.05965487499998,goal,6.024107933044434,-148.2523651123047,-30.0004940032959
70.09365903000071,goal,5.985998630523682,-148.34091186523438,-30.00058937072754
70.12766333699983,goal,5.947880744934082,-148.42950439453125,-30.00065803527832
70.15964214000087,goal,5.909769535064697,-148.5181121826172,-30.000715255737305
70.19366540400006,goal,5.862092971801758,-148.62892150878906,-30.000822067260742
70.22765013299977,goal,5.823880195617676,-148.71766662597656,-30.0009822845459
70.25964559100066,goal,5.785577297210693,-148.8064727783203,-30.001161575317383
70.29367943699981,goal,5.747169494628906,-148.89537048339844,-30.00136375427246
70.32764582900018,goal,5.708642482757568,-148.98434448242188,-30.001577377319336
70.35965821600075,goal,5.669998645782471,-149.07337951660156,-30.001859664916992
70.3936815420002,goal,5.621638774871826,-149.1846923828125,-30.00227165222168
70.42767782900046,goal,5.5828471183776855,-149.27371215820312,-30.002580642700195
70.45964044100037,goal,5.544002532958984,-149.36270141601562,-30.002851486206055
70.49369642800048,goal,5.505061626434326,-149.45167541503906,-30.003129959106445
70.52766391000114,goal,5.466118812561035,-149.54066467285156,-30.003408432006836
70.55963684600101,goal,5.427140235900879,-149.6296844482422,-30.00373649597168
70.59370669599957,goal,5.378382205963135,-149.740966796875,-30.004159927368164
70.6276604300001,goal,5.339425563812256,-149.83004760742188,-30.004487991333008
70.65966573300102,goal,5.300546646118164,-149.9191436767578,-30.004762649536133
70.69370103599977,goal,5.261718273162842,-150.0081787109375,-30.004972457885742
70.72766715699981,goal,5.222968578338623,-150.09722900390625,-30.00514793395996
70.75963756000056,goal,5.1842803955078125,-150.18624877929688,-30.005292892456055
70.79369967499952,goal,5.136110305786133,-150.2975616455078,-30.00539207458496
70.82766179899954,goal,5.097734451293945,-150.38665771484375,-30.00542640686035
70.8596495189995,goal,5.059487819671631,-150.475830078125,-30.005434036254883
70.89372746499976,goal,5.021378517150879,-150.56507873535156,-30.00541877746582
70.92766294499961,goal,4.9834208488464355,-150.65438842773438,-30.005380630493164
70.95966433499962,goal,4.945570468902588,-150.74366760253906,-30.005308151245117
70.99371335100113,goal,4.898531436920166,-150.85528564453125,-30.005163192749023
71.02767727299943,goal,4.861057758331299,-150.94454956054688,-30.0050106048584
71.05965151000055,goal,4.823734283447266,-151.03379821777344,-30.004838943481445
71.09370663400114,goal,4.786580562591553,-151.1230010986328,-30.004690170288086
71.1276621850011,goal,4.749569892883301,-151.21218872070312,-30.004667282104492
71.15967047199956,goal,4.712702751159668,-151.30136108398438,-30.004735946655273
71.19373809900026,goal,4.66675329208374,-151.41285705566406,-30.004941940307617
71.22766767199937,goal,4.630103588104248,-151.5019989013672,-30.00516700744629
71.25963873,goal,4.593570709228516,-151.591064453125,-30.00541877746582
71.29369080000106,goal,4.557102203369141,-151.68008422851562,-30.005701065063477
71.32766250700115,goal,4.520718097686768,-151.7691192626953,-30.005979537963867
71.35964310500094,goal,4.484459400177002,-151.8581085205078,-30.006296157836914
71.3937186940002,goal,4.43932580947876,-151.96932983398438,-30.006803512573242
71.42767504599942,goal,4.403323650360107,-152.0583038330078,-30.007246017456055
71.45966868100004,goal,4.367399215698242,-152.14732360839844,-30.00766944885254
71.4937109729999,goal,4.3315582275390625,-152.23634338378906,-30.008108139038086
71.52769986299973,goal,4.295854091644287,-152.32525634765625,-30.008546829223633
71.55968998900062,goal,4.260325908660889,-152.4140625,-30.00896644592285
71.59372200799953,goal,4.216061592102051,-152.52500915527344,-30.009496688842773
71.62767538000116,goal,4.180706024169922,-152.6136932373047,-30.009916305541992
71.65964616200108,goal,4.145384788513184,-152.7023162841797,-30.01036262512207
71.69370675699975,goal,4.110098361968994,-152.7908477783203,-30.010805130004883
71.72768663700117,goal,4.074849605560303,-152.8793487548828,-30.01120948791504
71.75965458800056,goal,4.039640426635742,-152.9677734375,-30.01158332824707
71.79374560299948,goal,3.9956037998199463,-153.07823181152344,-30.01204490661621
71.82767096099997,goal,3.960306406021118,-153.16653442382812,-30.012392044067383
71.85969011000088,goal,3.9249510765075684,-153.25482177734375,-30.012712478637695
71.89372601899959,goal,3.8895506858825684,-153.3431396484375,-30.013025283813477
71.92771807000099,goal,3.8540830612182617,-153.4315185546875,-30.01337242126465
71.95967606100021,goal,3.8185462951660156,-153.51992797851562,-30.013635635375977
71.99370454100062,goal,3.7740743160247803,-153.6304473876953,-30.013845443725586
72.0276827430007,goal,3.738452911376953,-153.71878051757812,-30.01389503479004
72.05969087099948,goal,3.7027840614318848,-153.80703735351562,-30.013837814331055
72.09374680800101,goal,3.6670684814453125,-153.89527893066406,-30.013704299926758
72.12772155499988,goal,3.63130259513855,-153.98353576660156,-30.013574600219727
72.15967407300013,goal,3.5954880714416504,-154.07177734375,-30.013391494750977
72.19374576900009,goal,3.5506253242492676,-154.18202209472656,-30.01310157775879
72.22766881499956,goal,3.5146732330322266,-154.27023315429688,-30.01285743713379
72.25969037499999,goal,3.4786856174468994,-154.35848999023438,-30.012548446655273
72.29370297300011,goal,3.4426589012145996,-154.44680786132812,-30.012163162231445
72.32771046900052,goal,3.4066100120544434,-154.53521728515625,-30.011682510375977
72.35970004000046,goal,3.3705430030822754,-154.62376403808594,-30.011201858520508
72.39375497699984,goal,3.3254363536834717,-154.73460388183594,-30.010622024536133
72.42768169600095,goal,3.289308547973633,-154.82339477539062,-30.010156631469727
72.45969205999972,goal,3.2531726360321045,-154.9122314453125,-30.009756088256836
72.4936993629999,goal,3.2170512676239014,-155.00112915039062,-30.00941276550293
72.52767849200063,goal,3.1809749603271484,-155.090087890625,-30.009096145629883
72.55967539499943,goal,3.144935369491577,-155.17910766601562,-30.00883674621582
72.59373219000008,goal,3.0999457836151123,-155.29046630859375,-30.008588790893555
72.62767561799956,goal,3.063981294631958,-155.37960815429688,-30.008474349975586
72.65968223399977,goal,3.0280792713165283,-155.46884155273438,-30.008405685424805
72.6937077980001,goal,2.992224931716919,-155.5581817626953,-30.008378982543945
72.7276805269994,goal,2.9563796520233154,-155.64764404296875,-30.008455276489258
72.75967165200018,goal,2.920541524887085,-155.73719787597656,-30.008543014526367
72.79374799200014,goal,2.875775098800659,-155.8491668701172,-30.008630752563477
72.82768226500048,goal,2.8399713039398193,-155.93878173828125,-30.00872230529785
72.85971636000068,goal,2.804190158843994,-156.02838134765625,-30.0087833404541
72.89369870399969,goal,2.7684595584869385,-156.11801147460938,-30.008817672729492
72.92770427200048,goal,2.7327747344970703,-156.20770263671875,-30.008817672729492
72.95970539500013,goal,2.697094678878784,-156.29742431640625,-30.008817672729492
72.99371091499961,goal,2.652445077896118,-156.40965270996094,-30.008821487426758
73.02769904399975,goal,2.616666555404663,-156.4994659423828,-30.008848190307617
73.05971948800106,goal,2.5808987617492676,-156.58924865722656,-30.00884437561035
73.09374554600072,goal,2.545128345489502,-156.6790008544922,-30.008813858032227
73.12767537000036,goal,2.5093159675598145,-156.7687530517578,-30.00874900817871
73.15971466700103,goal,2.4734699726104736,-156.8585205078125,-30.008699417114258
73.19370703499953,goal,2.428647756576538,-156.97073364257812,-30.00862693786621
73.22771709100016,goal,2.392774820327759,-157.0606231689453,-30.00853157043457
73.25997720099986,goal,2.356966733932495,-157.1505584716797,-30.008420944213867
73.2936989560003,goal,2.32116961479187,-157.2405242919922,-30.008317947387695
73.32764716200109,goal,2.2853808403015137,-157.33045959472656,-30.008298873901367
73.35970102800093,goal,2.249579906463623,-157.4203338623047,-30.00828742980957
73.39371067899992,goal,2.204787254333496,-157.53260803222656,-30.008283615112305
73.42768947700097,goal,2.1688990592956543,-157.6224365234375,-30.00827980041504
73.45983659800004,goal,2.1329729557037354,-157.71218872070312,-30.008256912231445
73.49369132600077,goal,2.097029209136963,-157.80189514160156,-30.00819969177246
73.52767750500061,goal,2.0610544681549072,-157.8916015625,-30.008039474487305
73.55971494000005,goal,2.02506422996521,-157.98126220703125,-30.007875442504883
73.59370685500107,goal,1.9801087379455566,-158.09326171875,-30.007741928100586
73.62770360899958,goal,1.9440858364105225,-158.18283081054688,-30.00767707824707
73.65972183600024,goal,1.9079797267913818,-158.27235412597656,-30.00763511657715
73.69370160000108,goal,1.8718830347061157,-158.3618927001953,-30.00763511657715
73.7276809569994,goal,1.8357657194137573,-158.451416015625,-30.00773048400879
73.75978343399947,goal,1.7996368408203125,-158.5409393310547,-30.00791358947754
73.79376923100062,goal,1.7544134855270386,-158.65284729003906,-30.008298873901367
73.82769224200092,goal,1.718228816986084,-158.7423553466797,-30.00865364074707
73.85985484000048,goal,1.6820197105407715,-158.83172607421875,-30.009057998657227
73.89371999200011,goal,1.645820140838623,-158.92103576660156,-30.009477615356445
73.9276846490011,goal,1.609667181968689,-159.0102996826172,-30.009965896606445
73.95991647499977,goal,1.5735703706741333,-159.09947204589844,-30.010412216186523
73.99371609800073,goal,1.5286424160003662,-159.2108612060547,-30.010961532592773
74.02769430599983,goal,1.492767333984375,-159.29991149902344,-30.01139259338379
74.05972456299969,goal,1.4569816589355469,-159.38890075683594,-30.011850357055664
74.09371712600114,goal,1.4212672710418701,-159.47787475585938,-30.01231575012207
74.12768322800002,goal,1.3857063055038452,-159.5668182373047,-30.0128116607666
74.15980379299981,goal,1.3502840995788574,-159.65579223632812,-30.01331901550293
74.19376749399999,goal,1.306058645248413,-159.76698303222656,-30.013959884643555
74.22769986000094,goal,1.2706862688064575,-159.85592651367188,-30.01439094543457
74.25988883299942,goal,1.2353358268737793,-159.9448699951172,-30.014780044555664
74.29372962900015,goal,1.200010061264038,-160.03379821777344,-30.0151424407959
74.32769861499946,goal,1.1647443771362305,-160.1227569580078,-30.015443801879883
74.35976006599958,goal,1.129531741142273,-160.2117919921875,-30.015684127807617
74.39375041099993,goal,1.0856138467788696,-160.3231201171875,-30.01592445373535
74.42768936100038,goal,1.0505595207214355,-160.41220092773438,-30.01605796813965
74.45973674299967,goal,1.015571117401123,-160.5012969970703,-30.016199111938477
74.49375117899945,goal,0.9806435108184814,-160.59043884277344,-30.016366958618164
74.52768908100006,goal,0.9457699656486511,-160.67959594726562,-30.016511917114258
74.55975266399946,goal,0.9109433889389038,-160.76881408691406,-30.016633987426758
74.5937404260003,goal,0.8674264550209045,-160.88040161132812,-30.016698837280273
74.6276909219996,goal,0.8326253890991211,-160.96969604492188,-30.016660690307617
74.65970168999957,goal,0.7978295683860779,-161.0589599609375,-30.01655387878418
74.69375595200108,goal,0.7630267143249512,-161.14817810058594,-30.016386032104492
74.72769652500028,goal,0.728258490562439,-161.2373809814453,-30.016244888305664
74.75975516400104,goal,0.6935297846794128,-161.32659912109375,-30.016080856323242
74.79376942300041,goal,0.6501761078834534,-161.43814086914062,-30.015878677368164
74.82768857500014,goal,0.6155071258544922,-161.5273895263672,-30.01576805114746
74.86049938699944,goal,0.5807928442955017,-161.6166229248047,-30.01567268371582
74.8937725930009,goal,0.5460374355316162,-161.7058563232422,-30.01557731628418
74.92768924600023,goal,0.5112316012382507,-161.7950439453125,-30.015466690063477
74.9597810310006,goal,0.4763832688331604,-161.8841552734375,-30.015363693237305
74.9937465439998,goal,0.4327879250049591,-161.99546813964844,-30.015233993530273
75.0277181700003,goal,0.39787787199020386,-162.08453369140625,-30.015153884887695
75.06025908000083,goal,0.36291924118995667,-162.17356872558594,-30.01508903503418
75.09378934800043,goal,0.3279624879360199,-162.26258850097656,-30.015043258666992
75.12769719199969,goal,0.29299697279930115,-162.35157775878906,-30.01508140563965
75.15987412300092,goal,0.25800397992134094,-162.4405059814453,-30.015119552612305
75.19376068900056,goal,0.21421298384666443,-162.55157470703125,-30.01521110534668
75.22769571699973,goal,0.17918111383914948,-162.64035034179688,-30.015344619750977
75.25997516000098,goal,0.1441330760717392,-162.7291259765625,-30.01546287536621
75.2938010630005,goal,0.10904300957918167,-162.81790161132812,-30.015581130981445
75.32769153800109,goal,0.0739138126373291,-162.90670776367188,-30.015771865844727
75.35975877199962,goal,0.038744375109672546,-162.99554443359375,-30.015993118286133
75.39375798100082,goal,-0.005293937865644693,-163.10667419433594,-30.016271591186523
75.4277432100007,goal,-0.04056725651025772,-163.1956787109375,-30.016496658325195
75.45971673900021,goal,-0.07589277625083923,-163.2847900390625,-30.01671028137207
75.49374625400014,goal,-0.11128424853086472,-163.37400817871094,-30.016935348510742
75.52774596100062,goal,-0.1467403918504715,-163.46337890625,-30.017152786254883
75.55976170199938,goal,-0.18228013813495636,-163.55282592773438,-30.017324447631836
75.59377182400021,goal,-0.22683943808078766,-163.6647186279297,-30.017484664916992
75.62771588000032,goal,-0.262617826461792,-163.75433349609375,-30.017629623413086
75.65978177699981,goal,-0.2985087037086487,-163.84400939941406,-30.01776695251465
75.69377665200045,goal,-0.334489643573761,-163.93370056152344,-30.01786994934082
75.727699725001,goal,-0.3706008791923523,-164.02340698242188,-30.017972946166992
75.76043049500004,goal,-0.40678641200065613,-164.1131591796875,-30.018064498901367
75.79377906900118,goal,-0.45207980275154114,-164.22540283203125,-30.01816749572754
75.82771271999991,goal,-0.488299697637558,-164.31524658203125,-30.018285751342773
75.8598037089996,goal,-0.5244614481925964,-164.4050750732422,-30.018388748168945
75.89378546800071,goal,-0.5606003403663635,-164.49493408203125,-30.01847267150879
75.92772939600036,goal,-0.5967302322387695,-164.58482360839844,-30.018442153930664
75.95971995699983,goal,-0.6328114867210388,-164.67471313476562,-30.018369674682617
75.99377508900034,goal,-0.6778759956359863,-164.78707885742188,-30.01826286315918
76.02774804100045,goal,-0.7138965725898743,-164.87692260742188,-30.018205642700195
76.0597444039995,goal,-0.7498778104782104,-164.96665954589844,-30.01814842224121
76.09376252400034,goal,-0.785830020904541,-165.05630493164062,-30.018075942993164
76.12772151100035,goal,-0.8217576742172241,-165.14584350585938,-30.017961502075195
76.15972007200071,goal,-0.8576663136482239,-165.23532104492188,-30.0178279876709
76.19375191000108,goal,-0.9025247097015381,-165.3470458984375,-30.017667770385742
76.22772745800103,goal,-0.9383944272994995,-165.4363250732422,-30.017545700073242
76.25968578299944,goal,-0.9742655158042908,-165.5254669189453,-30.017457962036133
76.29379223599972,goal,-1.0101227760314941,-165.61444091796875,-30.017377853393555
76.32770721899942,goal,-1.045960545539856,-165.70327758789062,-30.017282485961914
76.35985038900071,goal,-1.0818039178848267,-165.7920379638672,-30.01714515686035
76.39390396099952,goal,-1.1266504526138306,-165.90289306640625,-30.016923904418945
76.42770663200099,goal,-1.1625438928604126,-165.9915008544922,-30.01674461364746
76.45987987300032,goal,-1.1984354257583618,-166.0801239013672,-30.01655387878418
76.49393128200063,goal,-1.2342742681503296,-166.16873168945312,-30.01630210876465
76.52770840700032,goal,-1.2700647115707397,-166.25733947753906,-30.015947341918945
76.55969098800051,goal,-1.3058102130889893,-166.3460235595703,-30.015592575073242
76.59381476700037,goal,-1.3503503799438477,-166.45701599121094,-30.015085220336914
76.62767104500017,goal,-1.3858891725540161,-166.54592895507812,-30.01459312438965
76.65978517900112,goal,-1.4213746786117554,-166.63494873046875,-30.01411247253418
76.69372460600061,goal,-1.4567744731903076,-166.7240447998047,-30.013662338256836
76.72769452300054,goal,-1.4921064376831055,-166.81324768066406,-30.01326560974121
76.75971485700029,goal,-1.5273566246032715,-166.9025115966797,-30.012887954711914
76.79373243500049,goal,-1.5713576078414917,-167.0141143798828,-30.012434005737305
76.82770040700052,goal,-1.6065212488174438,-167.10342407226562,-30.012147903442383
76.8597929660009,goal,-1.6416436433792114,-167.19273376464844,-30.01190757751465
76.89380888500091,goal,-1.6767354011535645,-167.2820281982422,-30.011686325073242
76.92775838300076,goal,-1.7118068933486938,-167.371337890625,-30.011472702026367
76.96046509699954,goal,-1.7468585968017578,-167.46063232421875,-30.011262893676758
76.99378331000116,goal,-1.7905728816986084,-167.57223510742188,-30.011003494262695
77.02775964300054,goal,-1.8254724740982056,-167.66148376464844,-30.01080894470215
77.05976207999993,goal,-1.8603593111038208,-167.7506866455078,-30.0106143951416
77.09378435300096,goal,-1.8952696323394775,-167.83985900878906,-30.010400772094727
77.12781887200072,goal,-1.9301754236221313,-167.9290313720703,-30.010255813598633
77.15978539400021,goal,-1.9651018381118774,-168.0181884765625,-30.010190963745117
77.19377852500111,goal,-2.008744955062866,-168.129638671875,-30.01024055480957
77.22783449300005,goal,-2.0435945987701416,-168.21885681152344,-30.010316848754883
77.25972677699974,goal,-2.0783655643463135,-168.30812072753906,-30.010377883911133
77.29393537000033,goal,-2.1130082607269287,-168.3974151611328,-30.010454177856445
77.32772499699968,goal,-2.1475026607513428,-168.48672485351562,-30.010480880737305
77.35982227100067,goal,-2.181886911392212,-168.57611083984375,-30.010522842407227
77.39391183100088,goal,-2.2247154712677,-168.68797302246094,-30.01053810119629
77.42776568800036,goal,-2.258881092071533,-168.77755737304688,-30.010496139526367
77.45995862500058,goal,-2.292978048324585,-168.86721801757812,-30.010419845581055
77.49379422600032,goal,-2.327024221420288,-168.95692443847656,-30.010316848754883
77.52783021899995,goal,-2.361053466796875,-169.046630859375,-30.010236740112305
77.56029138800113,goal,-2.3950181007385254,-169.13636779785156,-30.010175704956055
77.59371074999945,goal,-2.4374375343322754,-169.24851989746094,-30.010103225708008
77.62773049600037,goal,-2.4713621139526367,-169.3382110595703,-30.010000228881836
77.65987087400026,goal,-2.5053277015686035,-169.42784118652344,-30.00990867614746
77.69377789700047,goal,-2.539339542388916,-169.51739501953125,-30.00983238220215
77.72771722200014,goal,-2.5733816623687744,-169.60687255859375,-30.009790420532227
77.75992887699977,goal,-2.6074466705322266,-169.6962890625,-30.009828567504883
77.79374186600035,goal,-2.6500437259674072,-169.80796813964844,-30.009958267211914
77.8277783070007,goal,-2.684080123901367,-169.89718627929688,-30.010068893432617
77.85984730900054,goal,-2.7180352210998535,-169.98631286621094,-30.010129928588867
77.89377050000076,goal,-2.7518913745880127,-170.07542419433594,-30.010156631469727
77.92775259799964,goal,-2.785630702972412,-170.16455078125,-30.010168075561523
77.95995723800115,goal,-2.819324016571045,-170.25369262695312,-30.01021385192871
77.99380771899996,goal,-2.8614554405212402,-170.36517333984375,-30.010347366333008
78.02778346500054,goal,-2.8952271938323975,-170.4543914794922,-30.01053810119629
78.05977248999989,goal,-2.9290542602539062,-170.5436553955078,-30.010709762573242
78.0937710979997,goal,-2.962939977645874,-170.63296508789062,-30.010892868041992
78.12775744700048,goal,-2.996913433074951,-170.72230529785156,-30.011133193969727
78.15979775500091,goal,-3.0309700965881348,-170.81167602539062,-30.01140022277832
78.19373466800062,goal,-3.073559045791626,-170.9233856201172,-30.011762619018555
78.2277446650005,goal,-3.1076231002807617,-171.01272583007812,-30.012056350708008
78.2598087790011,goal,-3.1416985988616943,-171.10206604003906,-30.012285232543945
78.29387756200049,goal,-3.1758430004119873,-171.19137573242188,-30.012460708618164
78.32792623500063,goal,-3.210056781768799,-171.2806396484375,-30.01259422302246
78.35973998900045,goal,-3.2443618774414062,-171.36976623535156,-30.01267433166504
78.39395084900025,goal,-3.2873716354370117,-171.48095703125,-30.012720108032227
78.42774915399968,goal,-3.321863889694214,-171.5697784423828,-30.012754440307617
78.45980138199957,goal,-3.3564276695251465,-171.6585235595703,-30.01273536682129
78.49372386399955,goal,-3.3910677433013916,-171.74722290039062,-30.012670516967773
78.52771845499956,goal,-3.4257681369781494,-171.8358917236328,-30.01249885559082
78.55978873499953,goal,-3.46051025390625,-171.92453002929688,-30.01224708557129
78.59374474499964,goal,-3.5039710998535156,-172.0353240966797,-30.01178550720215
78.62775897600113,goal,-3.538797378540039,-172.12387084960938,-30.011259078979492
78.6598022750004,goal,-3.573692560195923,-172.21240234375,-30.010698318481445
78.69379451299938,goal,-3.6086554527282715,-172.30093383789062,-30.010133743286133
78.72776008300025,goal,-3.6436607837677,-172.38954162597656,-30.00950813293457
78.75974064299953,goal,-3.67869234085083,-172.478271484375,-30.0089168548584
78.7937853530002,goal,-3.7225348949432373,-172.5894012451172,-30.008188247680664
78.82776501599983,goal,-3.757678508758545,-172.67845153808594,-30.007593154907227
78.85974960400017,goal,-3.79284930229187,-172.7675323486328,-30.006986618041992
78.89381155900082,goal,-3.8280770778656006,-172.85662841796875,-30.006349563598633
78.92774883600032,goal,-3.863369941711426,-172.94573974609375,-30.00568199157715
78.95977953700094,goal,-3.898710012435913,-173.03485107421875,-30.005048751831055
78.99378054299996,goal,-3.942929744720459,-173.1461944580078,-30.004301071166992
79.02773393300049,goal,-3.9783742427825928,-173.2351837158203,-30.003664016723633
79.05978200400023,goal,-4.0139007568359375,-173.32411193847656,-30.003084182739258
79.09377756499998,goal,-4.0494561195373535,-173.41299438476562,-30.002588272094727
79.12776898000084,goal,-4.084969520568848,-173.5018310546875,-30.00217628479004
79.15976152999974,goal,-4.120428085327148,-173.5906219482422,-30.001840591430664
79.19374724299996,goal,-4.164629936218262,-173.7015380859375,-30.00151252746582
79.22773210800005,goal,-4.199846267700195,-173.7902069091797,-30.001306533813477
79.25973582699953,goal,-4.234957695007324,-173.87884521484375,-30.001081466674805
79.29374368500066,goal,-4.269984722137451,-173.96746826171875,-30.000837326049805
79.32774497600076,goal,-4.3048481941223145,-174.0560760498047,-30.000669479370117
79.3596884689996,goal,-4.339530944824219,-174.1446990966797,-30.000520706176758
79.39378776100057,goal,-4.382693767547607,-174.25552368164062,-30.000364303588867
79.42776173799939,goal,-4.4170451164245605,-174.34422302246094,-30.000280380249023
79.45967005999955,goal,-4.451238632202148,-174.4329833984375,-30.000261306762695
79.4938044520004,goal,-4.485346794128418,-174.5217742919922,-30.000307083129883
79.5277532149994,goal,-4.519373416900635,-174.61062622070312,-30.00032615661621
79.55967898400013,goal,-4.5533127784729,-174.69949340820312,-30.000333786010742
79.5937677840011,goal,-4.59568452835083,-174.81063842773438,-30.00035285949707
79.62779032800063,goal,-4.6295552253723145,-174.8995819091797,-30.000333786010742
79.65963643000032,goal,-4.663425922393799,-174.988525390625,-30.00029945373535
79.6938604420011,goal,-4.697264194488525,-175.0774688720703,-30.000219345092773
79.72771989000103,goal,-4.731076240539551,-175.16639709472656,-30.000120162963867
79.75964168199971,goal,-4.764847755432129,-175.25531005859375,-29.99993324279785
79.7937858309997,goal,-4.8070149421691895,-175.3664093017578,-29.999582290649414
79.82773887700023,goal,-4.840716361999512,-175.45526123046875,-29.99924659729004
79.85966421800003,goal,-4.87440824508667,-175.54409790039062,-29.998842239379883
79.89385219200085,goal,-4.908092021942139,-175.63294982910156,-29.998376846313477
79.92773888400006,goal,-4.941778659820557,-175.72178649902344,-29.99785804748535
79.95969821899962,goal,-4.975466251373291,-175.81065368652344,-29.99733543395996
79.99376551400019,goal,-5.017565727233887,-175.92176818847656,-29.996679306030273
80.02776718899986,goal,-5.0512237548828125,-176.0106964111328,-29.9960880279541
80.05963515400072,goal,-5.084817409515381,-176.09967041015625,-29.995450973510742
80.09369773500111,goal,-5.118359088897705,-176.18865966796875,-29.99481773376465
80.12775524500103,goal,-5.15183162689209,-176.2777099609375,-29.994131088256836
80.15963696499966,goal,-5.185227870941162,-176.3668670654297,-29.993501663208008
80.19373171200095,goal,-5.226887226104736,-176.4783935546875,-29.99284553527832
80.22774866100008,goal,-5.260164260864258,-176.56768798828125,-29.9924373626709
80.25967172899982,goal,-5.29341983795166,-176.65704345703125,-29.992055892944336
80.2936768010004,goal,-5.326679229736328,-176.74649047851562,-29.991674423217773
80.32773656100107,goal,-5.35991907119751,-176.83604431152344,-29.99134635925293
80.35966504099997,goal,-5.393102645874023,-176.92572021484375,-29.991052627563477
80.39375586000097,goal,-5.434648513793945,-177.03799438476562,-29.9907169342041
80.42775810400053,goal,-5.467968463897705,-177.12789916992188,-29.990495681762695
80.45963973499966,goal,-5.501317024230957,-177.2178192138672,-29.990354537963867
80.49370802799967,goal,-5.534691333770752,-177.30775451660156,-29.99028205871582
80.52774256799967,goal,-5.568115711212158,-177.39767456054688,-29.99027442932129
80.55970238000009,goal,-5.601534843444824,-177.4875946044922,-29.990331649780273
80.59368046700001,goal,-5.643373012542725,-177.60000610351562,-29.99051856994629
80.6277474210001,goal,-5.676942825317383,-177.68992614746094,-29.990739822387695
80.65966162400036,goal,-5.710636615753174,-177.7798309326172,-29.990999221801758
80.69371925300038,goal,-5.744454383850098,-177.86968994140625,-29.99128532409668
80.72771030799959,goal,-5.778392791748047,-177.95945739746094,-29.99159049987793
80.75968145700062,goal,-5.8124494552612305,-178.04913330078125,-29.991865158081055
80.7937145550004,goal,-5.855152606964111,-178.16111755371094,-29.99223518371582
80.82768773300086,goal,-5.889374732971191,-178.2506561279297,-29.992509841918945
80.85964331700052,goal,-5.923633098602295,-178.34010314941406,-29.992708206176758
80.89370959500047,goal,-5.957916736602783,-178.4295196533203,-29.992830276489258
80.92766744900109,goal,-5.992194652557373,-178.5188751220703,-29.992982864379883
80.95963277100054,goal,-6.0264458656311035,-178.60824584960938,-29.993104934692383
80.9926812270005,goal,-6.069194316864014,-178.7198944091797,-29.993227005004883
81.0266437299997,goal,-6.103338718414307,-178.80918884277344,-29.993310928344727
81.06065512700116,goal,-6.137463092803955,-178.89845275878906,-29.993288040161133
81.09273260600094,goal,-6.171618461608887,-178.98764038085938,-29.9931583404541
81.12664189099996,goal,-6.205794334411621,-179.07675170898438,-29.9929256439209
81.1606518869994,goal,-6.248581886291504,-179.18801879882812,-29.992597579956055
81.19268378299967,goal,-6.2828369140625,-179.2769775390625,-29.992353439331055
81.22668007799984,goal,-6.317112922668457,-179.36593627929688,-29.99214744567871
81.26065039100104,goal,-6.35139799118042,-179.45489501953125,-29.99199104309082
81.29269189099978,goal,-6.385697841644287,-179.54383850097656,-29.99186134338379
81.32667556200067,goal,-6.4200439453125,-179.63278198242188,-29.99177360534668
81.3606443839999,goal,-6.463063716888428,-179.7439422607422,-29.991758346557617
81.39268861799974,goal,-6.497527122497559,-179.83287048339844,-29.9918155670166
81.42666265000116,goal,-6.531996726989746,-179.9217987060547,-29.99190330505371
81.46064255800047,goal,-6.56643533706665,-180.0107421875,-29.992063522338867
81.49268139000014,goal,-6.600830078125,-180.09967041015625,-29.99229621887207
81.52668692500083,goal,-6.635159492492676,-180.1885986328125,-29.99257469177246
81.56065748800029,goal,-6.678045749664307,-180.29978942871094,-29.99295997619629
81.5926831910001,goal,-6.712340831756592,-180.38876342773438,-29.99327278137207
81.62668578100056,goal,-6.746592044830322,-180.47776794433594,-29.99358558654785
81.66065610999976,goal,-6.78078031539917,-180.56680297851562,-29.993879318237305
81.69269210499988,goal,-6.814910411834717,-180.65586853027344,-29.994184494018555
81.7266503209994,goal,-6.848997116088867,-180.74497985839844,-29.99454689025879
81.7606565240003,goal,-6.8915557861328125,-180.8563690185547,-29.995054244995117
81.7927206330005,goal,-6.925559043884277,-180.94544982910156,-29.995515823364258
81.82666063000033,goal,-6.959557056427002,-181.03451538085938,-29.99603843688965
81.86066431899962,goal,-6.993612766265869,-181.1235809326172,-29.996591567993164
81.89269221500035,goal,-7.027738571166992,-181.21263122558594,-29.997163772583008
81.9266728069997,goal,-7.061931610107422,-181.3017120361328,-29.9976863861084
81.96065948100113,goal,-7.104755401611328,-181.41314697265625,-29.998323440551758
81.99266923200048,goal,-7.139106273651123,-181.5023956298828,-29.99883460998535
82.02668010700108,goal,-7.17350959777832,-181.59169006347656,-29.999300003051758
82.06065833899993,goal,-7.208001136779785,-181.68099975585938,-29.999723434448242
82.0926917529996,goal,-7.24256706237793,-181.7703399658203,-30.000120162963867
82.1266666800002,goal,-7.277170181274414,-181.85971069335938,-30.00050926208496
82.16067051500067,goal,-7.320425510406494,-181.9714813232422,-30.000967025756836
82.19268070600083,goal,-7.3550004959106445,-182.06094360351562,-30.00130271911621
82.22666329000094,goal,-7.389614582061768,-182.15045166015625,-30.001615524291992
82.26067351900019,goal,-7.424297332763672,-182.23997497558594,-30.00188636779785
82.29270969200115,goal,-7.459012508392334,-182.3295135498047,-30.002119064331055
82.32667401900108,goal,-7.493760108947754,-182.41903686523438,-30.00223731994629
82.3606683020007,goal,-7.537265300750732,-182.53085327148438,-30.002412796020508
82.39271157400071,goal,-7.572175025939941,-182.62020874023438,-30.00257682800293
82.42668425400007,goal,-7.6072258949279785,-182.70947265625,-30.002721786499023
82.4606575910002,goal,-7.642396926879883,-182.79869079589844,-30.002859115600586
82.49267708800107,goal,-7.677652359008789,-182.8878936767578,-30.002988815307617
82.52666263500032,goal,-7.712963104248047,-182.9770965576172,-30.003080368041992
82.56065541700082,goal,-7.757118225097656,-183.08860778808594,-30.00313377380371
82.59270010799992,goal,-7.792478084564209,-183.17784118652344,-30.00312614440918
82.62666248099958,goal,-7.827861309051514,-183.26710510253906,-30.003149032592773
82.6606560220007,goal,-7.8632612228393555,-183.35643005371094,-30.00321388244629
82.69273012899976,goal,-7.898688793182373,-183.44583129882812,-30.00331687927246
82.72665656699974,goal,-7.934152603149414,-183.53529357910156,-30.0034122467041
82.76067307700032,goal,-7.978559970855713,-183.64718627929688,-30.00349235534668
82.79267477199937,goal,-8.014135360717773,-183.73681640625,-30.003530502319336
82.82665781300057,goal,-8.049688339233398,-183.82643127441406,-30.0035343170166
82.86066277499958,goal,-8.085205078125,-183.91607666015625,-30.003538131713867
82.89267872200071,goal,-8.120696067810059,-184.00567626953125,-30.003538131713867
82.92666646500038,goal,-8.156133651733398,-184.09519958496094,-30.003477096557617
82.96065909200115,goal,-8.200318336486816,-184.2069854736328,-30.00337791442871
82.99271993500042,goal,-8.235626220703125,-184.2963104248047,-30.00328254699707
83.0266528760003,goal,-8.270918846130371,-184.3856201171875,-30.003198623657227
83.060652862001,goal,-8.306200981140137,-184.47491455078125,-30.003175735473633
83.09268979400076,goal,-8.34149169921875,-184.56414794921875,-30.0031795501709
83.12666770299984,goal,-8.376849174499512,-184.6532745361328,-30.00331687927246
83.16066274399964,goal,-8.421172142028809,-184.76458740234375,-30.003625869750977
83.19269703700047,goal,-8.45671272277832,-184.85357666015625,-30.003965377807617
83.22667283600094,goal,-8.492329597473145,-184.94248962402344,-30.004316329956055
83.26065369299977,goal,-8.527999877929688,-185.0313262939453,-30.00467872619629
83.29269150300024,goal,-8.563718795776367,-185.1201171875,-30.005048751831055
83.32663276499989,goal,-8.599534034729004,-185.2089080810547,-30.00543785095215
83.36063997800011,goal,-8.644342422485352,-185.31985473632812,-30.005857467651367
83.39263203500013,goal,-8.68028450012207,-185.40858459472656,-30.006189346313477
83.42664701899957,goal,-8.716277122497559,-185.4973907470703,-30.00651741027832
83.46069461800107,goal,-8.752241134643555,-185.58628845214844,-30.00682258605957
83.51099564499964,goal,-8.788143157958984,-185.6752471923828,-30.007108688354492
83.55204559699996,goal,-8.823996543884277,-185.76431274414062,-30.00739860534668
83.58602419899944,goal,-8.86874008178711,-185.87564086914062,-30.007715225219727
83.6180536339998,goal,-8.904441833496094,-185.96473693847656,-30.007909774780273
83.65204585299944,goal,-8.94001293182373,-186.05380249023438,-30.008066177368164
83.68604230900019,goal,-8.975467681884766,-186.14297485351562,-30.00816535949707
83.71802835900053,goal,-9.01078987121582,-186.2322235107422,-30.008180618286133
83.75205083500077,goal,-9.045974731445312,-186.32150268554688,-30.00813102722168
83.78602757000044,goal,-9.089778900146484,-186.4332275390625,-30.008020401000977
83.81806808799956,goal,-9.124678611755371,-186.52267456054688,-30.007917404174805
83.85205809000036,goal,-9.159444808959961,-186.61216735839844,-30.00785255432129
83.8860429489996,goal,-9.19410514831543,-186.70169067382812,-30.00779914855957
83.9180452010005,goal,-9.228642463684082,-186.79112243652344,-30.00775718688965
83.95206303899977,goal,-9.263084411621094,-186.88046264648438,-30.007787704467773
83.98603323499992,goal,-9.306035995483398,-186.9920654296875,-30.007837295532227
84.0180481059997,goal,-9.340373039245605,-187.08131408691406,-30.00787925720215
84.05204271000002,goal,-9.374653816223145,-187.17051696777344,-30.00788688659668
84.08602499600056,goal,-9.408844947814941,-187.25970458984375,-30.007848739624023
84.11805014600031,goal,-9.442940711975098,-187.34889221191406,-30.007768630981445
84.1520541989994,goal,-9.4769926071167,-187.43809509277344,-30.007658004760742
84.18604160200084,goal,-9.519559860229492,-187.5494842529297,-30.00754737854004
84.21805175000009,goal,-9.553597450256348,-187.6385498046875,-30.007535934448242
84.25204994399974,goal,-9.58759593963623,-187.7275390625,-30.007558822631836
84.28603142700013,goal,-9.621562004089355,-187.81646728515625,-30.007577896118164
84.31805461300064,goal,-9.65549373626709,-187.90528869628906,-30.00758171081543
84.35208707099991,goal,-9.6893949508667,-187.99400329589844,-30.007658004760742
84.38605050600017,goal,-9.731762886047363,-188.104736328125,-30.007753372192383
84.41805579799984,goal,-9.76566219329834,-188.1932830810547,-30.0078067779541
84.4520724869999,goal,-9.799541473388672,-188.28167724609375,-30.007898330688477
84.48604564400011,goal,-9.83340835571289,-188.3699493408203,-30.008058547973633
84.51805607099959,goal,-9.867279052734375,-188.45809936523438,-30.00822639465332
84.55206495300081,goal,-9.90113639831543,-188.54617309570312,-30.00835609436035
84.58604388499953,goal,-9.943449974060059,-188.65625,-30.008527755737305
84.61804085999938,goal,-9.977291107177734,-188.7442626953125,-30.008676528930664
84.65204904300117,goal,-10.01111125946045,-188.83233642578125,-30.008821487426758
84.6860768660008,goal,-10.044929504394531,-188.92047119140625,-30.008947372436523
84.71803835900027,goal,-10.07872200012207,-189.0085906982422,-30.009103775024414
84.75207657400097,goal,-10.112485885620117,-189.09669494628906,-30.009279251098633
84.78604617900055,goal,-10.154662132263184,-189.20677185058594,-30.009531021118164
84.81805704399994,goal,-10.188358306884766,-189.2947998046875,-30.009748458862305
84.85210186400036,goal,-10.222065925598145,-189.3828125,-30.00999641418457
84.88604404000034,goal,-10.255810737609863,-189.4708251953125,-30.010217666625977
84.91805037099948,goal,-10.289572715759277,-189.55880737304688,-30.0103816986084
84.95209992700075,goal,-10.323363304138184,-189.6467742919922,-30.010499954223633
84.9860436300005,goal,-10.365671157836914,-189.756591796875,-30.010622024536133
85.0180588610001,goal,-10.399591445922852,-189.84439086914062,-30.01072120666504
85.05209708199982,goal,-10.433557510375977,-189.93218994140625,-30.01081657409668
85.08605155700025,goal,-10.467548370361328,-190.02001953125,-30.010908126831055
85.1180502520001,goal,-10.501582145690918,-190.10789489746094,-30.01096534729004
85.15206081900033,goal,-10.535663604736328,-190.19583129882812,-30.0108585357666
85.18603886100027,goal,-10.578348159790039,-190.30584716796875,-30.010610580444336
85.21807325200098,goal,-10.612560272216797,-190.3939208984375,-30.010332107543945
85.25209582699972,goal,-10.64683723449707,-190.48204040527344,-30.009992599487305
85.28607635200024,goal,-10.681178092956543,-190.5702362060547,-30.009607315063477
85.31805937600075,goal,-10.715606689453125,-190.6585235595703,-30.009199142456055
85.35206604999985,goal,-10.750133514404297,-190.7468719482422,-30.0087947845459
85.38600976599992,goal,-10.793421745300293,-190.85740661621094,-30.008359909057617
85.41805270500117,goal,-10.828100204467773,-190.94589233398438,-30.0080623626709
85.45207225100057,goal,-10.86280345916748,-191.034423828125,-30.00777244567871
85.4860677279994,goal,-10.897514343261719,-191.12298583984375,-30.007490158081055
85.51803365399974,goal,-10.932233810424805,-191.2115478515625,-30.007204055786133
85.55204886899992,goal,-10.966976165771484,-191.3000946044922,-30.006933212280273
85.58607828499953,goal,-11.01052188873291,-191.41078186035156,-30.006635665893555
85.61812748900047,goal,-11.04543685913086,-191.49932861328125,-30.006437301635742
85.65206390300045,goal,-11.08040714263916,-191.587890625,-30.006284713745117
85.68606660899968,goal,-11.115411758422852,-191.6764373779297,-30.00612449645996
85.71805794899956,goal,-11.150408744812012,-191.76499938964844,-30.00600242614746
85.75205336900035,goal,-11.185372352600098,-191.85357666015625,-30.00589942932129
85.78606124900034,goal,-11.228998184204102,-191.96432495117188,-30.0058536529541
85.81822436199946,goal,-11.263815879821777,-192.052978515625,-30.005849838256836
85.85205402999964,goal,-11.298609733581543,-192.14166259765625,-30.005887985229492
85.88610379400052,goal,-11.333419799804688,-192.2304229736328,-30.006017684936523
85.91808054000103,goal,-11.368216514587402,-192.31932067871094,-30.006189346313477
85.95206203899943,goal,-11.402985572814941,-192.40834045410156,-30.006425857543945
85.9860634859997,goal,-11.446407318115234,-192.519775390625,-30.00676155090332
86.01820606500041,goal,-11.481094360351562,-192.60902404785156,-30.007036209106445
86.05221016200085,goal,-11.515684127807617,-192.6983642578125,-30.007307052612305
86.08605870000065,goal,-11.550174713134766,-192.78778076171875,-30.007558822631836
86.11805465200086,goal,-11.584548950195312,-192.8772430419922,-30.007802963256836
86.15205382500062,goal,-11.618866920471191,-192.966796875,-30.008024215698242
86.18609080299939,goal,-11.661669731140137,-193.07887268066406,-30.008264541625977
86.2180379220008,goal,-11.695863723754883,-193.16864013671875,-30.008420944213867
86.25226216800002,goal,-11.730042457580566,-193.2584686279297,-30.008588790893555
86.28606653499992,goal,-11.764174461364746,-193.34832763671875,-30.00871467590332
86.31806242200037,goal,-11.798261642456055,-193.43821716308594,-30.008806228637695
86.35209107099945,goal,-11.832283020019531,-193.5281524658203,-30.008825302124023
86.38611772100012,goal,-11.874673843383789,-193.64064025878906,-30.0087947845459
86.41808578100063,goal,-11.908485412597656,-193.73056030273438,-30.008756637573242
86.45209176200115,goal,-11.942218780517578,-193.82040405273438,-30.00871467590332
86.48613278599987,goal,-11.975851058959961,-193.91018676757812,-30.00858497619629
86.5182987600001,goal,-12.009442329406738,-193.99989318847656,-30.008352279663086
86.5522604430007,goal,-12.043037414550781,-194.08953857421875,-30.008115768432617
86.5862847540011,goal,-12.085016250610352,-194.2014923095703,-30.00773811340332
86.61828559199967,goal,-12.118600845336914,-194.29095458984375,-30.00739097595215
86.65206680400115,goal,-12.152166366577148,-194.3803253173828,-30.007001876831055
86.68603369000084,goal,-12.18572998046875,-194.4695587158203,-30.006582260131836
86.71821969800112,goal,-12.219331741333008,-194.55859375,-30.006147384643555
86.75201695100077,goal,-12.252948760986328,-194.64744567871094,-30.005605697631836
86.78611517699937,goal,-12.295059204101562,-194.75828552246094,-30.004911422729492
86.81823445400005,goal,-12.328776359558105,-194.84683227539062,-30.00434684753418
86.85207990300114,goal,-12.36252212524414,-194.93528747558594,-30.003782272338867
86.88609486399946,goal,-12.396271705627441,-195.02365112304688,-30.003252029418945
86.91805255600048,goal,-12.430035591125488,-195.1118621826172,-30.00274085998535
86.95206359000076,goal,-12.463859558105469,-195.19998168945312,-30.00218391418457
86.9860914359997,goal,-12.506245613098145,-195.31002807617188,-30.001501083374023
87.01807274400016,goal,-12.540165901184082,-195.39804077148438,-30.000974655151367
87.05210863700086,goal,-12.574073791503906,-195.48606872558594,-30.00052833557129
87.08605318199989,goal,-12.607946395874023,-195.57408142089844,-30.000093460083008
87.11808684700009,goal,-12.641761779785156,-195.66212463378906,-29.99967384338379
87.15209563999997,goal,-12.675623893737793,-195.7501983642578,-29.999406814575195
87.18606449000072,goal,-12.718040466308594,-195.86036682128906,-29.999116897583008
87.21809303600094,goal,-12.752026557922363,-195.9485626220703,-29.998876571655273
87.25216711900066,goal,-12.786075592041016,-196.036865234375,-29.99860954284668
87.28653411300002,goal,-12.820171356201172,-196.125244140625,-29.99837303161621
87.31802990600045,goal,-12.854314804077148,-196.21371459960938,-29.998186111450195
87.35223272500116,goal,-12.888495445251465,-196.3022003173828,-29.997987747192383
87.38609559299948,goal,-12.931252479553223,-196.41294860839844,-29.997713088989258
87.41807020399938,goal,-12.965511322021484,-196.50169372558594,-29.997499465942383
87.45223754400104,goal,-12.999823570251465,-196.59054565429688,-29.997285842895508
87.48618482799975,goal,-13.034205436706543,-196.6795196533203,-29.99711036682129
87.51810524900066,goal,-13.0686674118042,-196.76856994628906,-29.996973037719727
87.55210731099942,goal,-13.103185653686523,-196.8577423095703,-29.99690055847168
87.58609978300046,goal,-13.146383285522461,-196.9693603515625,-29.996862411499023
87.61812753400045,goal,-13.180937767028809,-197.0587158203125,-29.99686622619629
87.65206732800107,goal,-13.21550464630127,-197.14808654785156,-29.99688148498535
87.68620305900004,goal,-13.250130653381348,-197.23745727539062,-29.996973037719727
87.71807688800072,goal,-13.284786224365234,-197.32687377929688,-29.997156143188477
87.75207663900073,goal,-13.31946086883545,-197.4163360595703,-29.997434616088867
87.78623843900095,goal,-13.362823486328125,-197.5282440185547,-29.997888565063477
87.81809597200117,goal,-13.397531509399414,-197.6178436279297,-29.998315811157227
87.85208809799951,goal,-13.432225227355957,-197.70745849609375,-29.998781204223633
87.88608148200001,goal,-13.466876983642578,-197.7970733642578,-29.999357223510742
87.9181135380004,goal,-13.50156021118164,-197.88670349121094,-30.000070571899414
87.95210220099943,goal,-13.536266326904297,-197.97633361816406,-30.00081443786621
87.98609996100095,goal,-13.579686164855957,-198.0884246826172,-30.00189781188965
88.01805953700023,goal,-13.614460945129395,-198.17808532714844,-30.002859115600586
88.0521130090001,goal,-13.649286270141602,-198.26773071289062,-30.00386619567871
88.08611945400116,goal,-13.684171676635742,-198.35739135742188,-30.004892349243164
88.11806054699991,goal,-13.719094276428223,-198.44705200195312,-30.005884170532227
88.15207361899957,goal,-13.75405502319336,-198.53671264648438,-30.006803512573242
88.1860866549996,goal,-13.797775268554688,-198.64877319335938,-30.00795555114746
88.2180666029999,goal,-13.832711219787598,-198.73843383789062,-30.008817672729492
88.25211705100082,goal,-13.867616653442383,-198.82810974121094,-30.00959587097168
88.2860721649995,goal,-13.902490615844727,-198.91781616210938,-30.01023292541504
88.31806653999956,goal,-13.937310218811035,-199.00753784179688,-30.0107364654541
88.3521109989997,goal,-13.972076416015625,-199.09730529785156,-30.011159896850586
88.38606527299999,goal,-14.01550579071045,-199.20953369140625,-30.0116024017334
88.41809507400103,goal,-14.050243377685547,-199.2993621826172,-30.011903762817383
88.45207687400034,goal,-14.084990501403809,-199.38919067382812,-30.01214027404785
88.48608103799961,goal,-14.119752883911133,-199.4790496826172,-30.01230812072754
88.51807914900019,goal,-14.15451717376709,-199.56890869140625,-30.012418746948242
88.55211242199948,goal,-14.189294815063477,-199.6587677001953,-30.012483596801758
88.58606746800069,goal,-14.232832908630371,-199.77110290527344,-30.012426376342773
88.61806494800112,goal,-14.267766952514648,-199.86102294921875,-30.012266159057617
88.65211689700118,goal,-14.302779197692871,-199.950927734375,-30.01202964782715
88.68607273599991,goal,-14.337902069091797,-200.0408172607422,-30.01173973083496
88.71805514100015,goal,-14.373090744018555,-200.13072204589844,-30.01140022277832
88.75209506099964,goal,-14.408327102661133,-200.22067260742188,-30.01103401184082
88.78607428299983,goal,-14.45242691040039,-200.3332061767578,-30.010652542114258
88.81807065300018,goal,-14.487715721130371,-200.42327880859375,-30.010393142700195
88.85211261199947,goal,-14.52296257019043,-200.5133819580078,-30.010160446166992
88.88616914100021,goal,-14.558176040649414,-200.60354614257812,-30.009939193725586
88.91809951899995,goal,-14.593332290649414,-200.69369506835938,-30.009737014770508
88.95206856299956,goal,-14.628418922424316,-200.78378295898438,-30.00956153869629
88.98607577199982,goal,-14.672139167785645,-200.8963623046875,-30.009363174438477
89.01811332600118,goal,-14.707009315490723,-200.9864044189453,-30.009244918823242
89.05213411800105,goal,-14.741762161254883,-201.0764617919922,-30.00916862487793
89.08621113800109,goal,-14.77640151977539,-201.16648864746094,-30.009103775024414
89.11812104000091,goal,-14.810945510864258,-201.25653076171875,-30.009065628051758
89.1520973480001,goal,-14.845438003540039,-201.34657287597656,-30.009035110473633
89.1860891209999,goal,-14.888516426086426,-201.45909118652344,-30.00908088684082
89.21806911100066,goal,-14.922990798950195,-201.549072265625,-30.009183883666992
89.25213284100028,goal,-14.95749282836914,-201.63902282714844,-30.009374618530273
89.28608892500051,goal,-14.992036819458008,-201.7289581298828,-30.009634017944336
89.31804906599973,goal,-15.026589393615723,-201.81895446777344,-30.00992774963379
89.35207899899979,goal,-15.061197280883789,-201.90899658203125,-30.0101375579834
89.38616655700025,goal,-15.104531288146973,-202.02157592773438,-30.01035499572754
89.41808791900075,goal,-15.139254570007324,-202.1116485595703,-30.0104923248291
89.45213826100007,goal,-15.174012184143066,-202.2017059326172,-30.010595321655273
89.48608696600058,goal,-15.208837509155273,-202.29171752929688,-30.010663986206055
89.51805849000084,goal,-15.243741989135742,-202.38169860839844,-30.01067543029785
89.55209560000003,goal,-15.278752326965332,-202.47164916992188,-30.010595321655273
89.58607861600103,goal,-15.322601318359375,-202.58401489257812,-30.010454177856445
89.61808702100097,goal,-15.357747077941895,-202.6738739013672,-30.010366439819336
89.65208793999955,goal,-15.392919540405273,-202.76365661621094,-30.010351181030273
89.68606093500057,goal,-15.42818546295166,-202.8533477783203,-30.010377883911133
89.71801897099976,goal,-15.463504791259766,-202.94296264648438,-30.01043128967285
89.75207146700086,goal,-15.498926162719727,-203.0325469970703,-30.010435104370117
89.78628010200009,goal,-15.543310165405273,-203.14454650878906,-30.0103816986084
89.81803216700064,goal,-15.578911781311035,-203.23414611816406,-30.010290145874023
89.85213382500115,goal,-15.614559173583984,-203.3238067626953,-30.010149002075195
89.88605093600017,goal,-15.650250434875488,-203.41346740722656,-30.009984970092773
89.91806287899999,goal,-15.685975074768066,-203.50314331054688,-30.009794235229492
89.95203238400063,goal,-15.721734046936035,-203.59283447265625,-30.009531021118164
89.98607229499976,goal,-15.766441345214844,-203.70494079589844,-30.0092716217041
90.0180084679996,goal,-15.802237510681152,-203.79454040527344,-30.009157180786133
90.05200650000006,goal,-15.838034629821777,-203.88401794433594,-30.009119033813477
90.08606912600044,goal,-15.873859405517578,-203.97337341308594,-30.009069442749023
90.11797435300105,goal,-15.909767150878906,-204.06263732910156,-30.00896644592285
90.1520468760009,goal,-15.945701599121094,-204.15182495117188,-30.008840560913086
90.18607340299968,goal,-15.990618705749512,-204.26319885253906,-30.00862693786621
90.21797714599961,goal,-16.026540756225586,-204.3522491455078,-30.0084171295166
90.25201942700005,goal,-16.062440872192383,-204.4412078857422,-30.00822639465332
90.28612926599999,goal,-16.09829330444336,-204.5301055908203,-30.008066177368164
90.31797717100017,goal,-16.13414192199707,-204.61891174316406,-30.007966995239258
90.35202486100025,goal,-16.16996955871582,-204.70777893066406,-30.007966995239258
90.38612919600018,goal,-16.214696884155273,-204.81886291503906,-30.00800895690918
90.41798669300078,goal,-16.250402450561523,-204.90773010253906,-30.00806999206543
90.45199740200042,goal,-16.286026000976562,-204.99661254882812,-30.008203506469727
90.48606097599986,goal,-16.321537017822266,-205.0855255126953,-30.00838279724121
90.51799614099946,goal,-16.356882095336914,-205.17445373535156,-30.008665084838867
90.55202938299954,goal,-16.392112731933594,-205.26339721679688,-30.009111404418945
90.58614231700085,goal,-16.43598175048828,-205.3745880126953,-30.00974464416504
90.61800160100029,goal,-16.470998764038086,-205.4635467529297,-30.010305404663086
90.65200981700036,goal,-16.50594711303711,-205.55255126953125,-30.01093864440918
90.68604725499972,goal,-16.540876388549805,-205.64163208007812,-30.011686325073242
90.71800590699968,goal,-16.575788497924805,-205.7307891845703,-30.012510299682617
90.75203104899992,goal,-16.61066246032715,-205.81996154785156,-30.013376235961914
90.78607681100038,goal,-16.654212951660156,-205.93145751953125,-30.014402389526367
90.8180062600004,goal,-16.688961029052734,-206.02066040039062,-30.015138626098633
90.85200687500037,goal,-16.72364044189453,-206.10986328125,-30.015810012817383
90.88604789000055,goal,-16.758272171020508,-206.19908142089844,-30.01643943786621
90.9180162520006,goal,-16.792850494384766,-206.2883758544922,-30.01700782775879
90.95200785400084,goal,-16.827383041381836,-206.37771606445312,-30.01759910583496
90.98604968099971,goal,-16.870458602905273,-206.48951721191406,-30.018301010131836
91.01801687999978,goal,-16.90483856201172,-206.57899475097656,-30.01881217956543
91.05200775000048,goal,-16.939098358154297,-206.6685028076172,-30.019258499145508
91.08607905600002,goal,-16.973188400268555,-206.75807189941406,-30.01967430114746
91.1180235690008,goal,-17.007137298583984,-206.84767150878906,-30.020036697387695
91.15200138200089,goal,-17.04094886779785,-206.9373016357422,-30.020288467407227
91.18601885700082,goal,-17.083106994628906,-207.04934692382812,-30.020471572875977
91.21801719699943,goal,-17.11676788330078,-207.13897705078125,-30.020566940307617
91.25201730499975,goal,-17.15036392211914,-207.22862243652344,-30.020647048950195
91.28600882899991,goal,-17.18391990661621,-207.3182373046875,-30.0207576751709
91.31803423800011,goal,-17.217422485351562,-207.4078369140625,-30.020910263061523
91.35200836900003,goal,-17.250885009765625,-207.49746704101562,-30.021108627319336
91.38601344400013,goal,-17.29262924194336,-207.60948181152344,-30.021329879760742
91.41802855800051,goal,-17.325986862182617,-207.69906616210938,-30.021512985229492
91.45203647400012,goal,-17.359333038330078,-207.78860473632812,-30.021703720092773
91.48603211599948,goal,-17.39266014099121,-207.8781280517578,-30.021886825561523
91.51802212000075,goal,-17.42597007751465,-207.96766662597656,-30.02204704284668
91.55201092599964,goal,-17.45928382873535,-208.0571746826172,-30.02219581604004
91.58601133400043,goal,-17.50092315673828,-208.1689910888672,-30.022348403930664
91.61803059799968,goal,-17.53426170349121,-208.2583465576172,-30.022443771362305
91.6520120740006,goal,-17.567628860473633,-208.34767150878906,-30.02250862121582
91.68600422199961,goal,-17.601049423217773,-208.43699645996094,-30.022478103637695
91.7180168979994,goal,-17.63454246520996,-208.5262908935547,-30.022390365600586
91.75205110500065,goal,-17.668127059936523,-208.61558532714844,-30.02235984802246
91.78600511399964,goal,-17.710247039794922,-208.72715759277344,-30.022340774536133
91.81801837800049,goal,-17.74403190612793,-208.81637573242188,-30.0223445892334
91.85202440400099,goal,-17.777896881103516,-208.90550231933594,-30.02242088317871
91.88601628300057,goal,-17.81183433532715,-208.9945526123047,-30.02251625061035
91.91801883799963,goal,-17.845802307128906,-209.08355712890625,-30.022626876831055
91.95202882900048,goal,-17.879751205444336,-209.17254638671875,-30.02277183532715
91.98599765400104,goal,-17.922103881835938,-209.28375244140625,-30.02286720275879
92.01802846200007,goal,-17.95589256286621,-209.37266540527344,-30.022897720336914
92.05202330800057,goal,-17.989604949951172,-209.4615020751953,-30.02292823791504
92.08600887000102,goal,-18.023277282714844,-209.55026245117188,-30.022886276245117
92.11802700100088,goal,-18.056880950927734,-209.63893127441406,-30.02277946472168
92.15201626899943,goal,-18.09043312072754,-209.72750854492188,-30.022695541381836
92.18600653000067,goal,-18.132404327392578,-209.83810424804688,-30.022546768188477
92.21808245600005,goal,-18.16603660583496,-209.9265594482422,-30.022424697875977
92.25201958900107,goal,-18.19966697692871,-210.0150146484375,-30.022321701049805
92.28599858999951,goal,-18.233259201049805,-210.10348510742188,-30.022207260131836
92.3180324670011,goal,-18.266807556152344,-210.19190979003906,-30.022066116333008
92.35202608899999,goal,-18.300323486328125,-210.28024291992188,-30.02190589904785
92.38603760300066,goal,-18.342172622680664,-210.39051818847656,-30.021677017211914
92.4180195150002,goal,-18.37560272216797,-210.47869873046875,-30.021520614624023
92.45204961200034,goal,-18.409015655517578,-210.5668182373047,-30.021390914916992
92.48599989000104,goal,-18.44244384765625,-210.6549072265625,-30.021196365356445
92.51801467100086,goal,-18.47589874267578,-210.7429656982422,-30.020963668823242
92.55202364999968,goal,-18.509389877319336,-210.8309783935547,-30.020662307739258
92.5860303669997,goal,-18.551307678222656,-210.9410400390625,-30.020299911499023
92.61802214599993,goal,-18.584882736206055,-211.02914428710938,-30.020002365112305
92.65201663399966,goal,-18.618492126464844,-211.11729431152344,-30.01973533630371
92.68600103400058,goal,-18.652156829833984,-211.20553588867188,-30.0195369720459
92.71803537400046,goal,-18.6859130859375,-211.2938690185547,-30.0194149017334
92.75202029399952,goal,-18.719770431518555,-211.38229370117188,-30.019372940063477
92.7860106040007,goal,-18.76226043701172,-211.4929656982422,-30.01934242248535
92.81806425800096,goal,-18.796340942382812,-211.5816650390625,-30.019311904907227
92.85201447600048,goal,-18.83043670654297,-211.67054748535156,-30.019254684448242
92.88600699900053,goal,-18.86454200744629,-211.7595672607422,-30.01915168762207
92.91802635600106,goal,-18.898639678955078,-211.84873962402344,-30.018964767456055
92.95201902400004,goal,-18.932737350463867,-211.9380645751953,-30.018651962280273
92.98601303500072,goal,-18.97536277770996,-212.04989624023438,-30.018247604370117
93.01803356500022,goal,-19.009477615356445,-212.13951110839844,-30.017919540405273
93.05200943199998,goal,-19.04361343383789,-212.22930908203125,-30.017560958862305
93.08600938900054,goal,-19.077756881713867,-212.31922912597656,-30.01719856262207
93.11803091900038,goal,-19.111894607543945,-212.4092254638672,-30.016847610473633
93.15200805700078,goal,-19.145986557006836,-212.49923706054688,-30.016511917114258
93.18599637900115,goal,-19.188493728637695,-212.61170959472656,-30.016115188598633
93.21802734199991,goal,-19.22240447998047,-212.7016143798828,-30.01579475402832
93.25197591300093,goal,-19.2562255859375,-212.79141235351562,-30.015432357788086
93.28598060900003,goal,-19.289958953857422,-212.88116455078125,-30.015092849731445
93.31797238599938,goal,-19.323659896850586,-212.97088623046875,-30.01481819152832
93.35198466899965,goal,-19.357351303100586,-213.06057739257812,-30.014474868774414
93.38600190600118,goal,-19.399398803710938,-213.1726837158203,-30.014127731323242
93.41799067700049,goal,-19.433055877685547,-213.2622833251953,-30.013872146606445
93.45201375600118,goal,-19.466705322265625,-213.35177612304688,-30.013681411743164
93.48601619500005,goal,-19.50037956237793,-213.44122314453125,-30.01361656188965
93.51803800500056,goal,-19.53407859802246,-213.53057861328125,-30.01363182067871
93.55200693200095,goal,-19.56778335571289,-213.61988830566406,-30.013704299926758
93.58601033200102,goal,-19.60991668701172,-213.7313995361328,-30.01371192932129
93.61801615200056,goal,-19.6436710357666,-213.82054138183594,-30.013654708862305
93.65201044400055,goal,-19.67745590209961,-213.90969848632812,-30.013578414916992
93.68600688600054,goal,-19.71125602722168,-213.9988555908203,-30.013505935668945
93.71800874400105,goal,-19.745086669921875,-214.08799743652344,-30.013437271118164
93.7520103170009,goal,-19.77890968322754,-214.17713928222656,-30.013391494750977
93.78602337200027,goal,-19.821245193481445,-214.28848266601562,-30.01336097717285
93.81802343300114,goal,-19.855138778686523,-214.37750244140625,-30.01331901550293
93.85202742000001,goal,-19.889108657836914,-214.4665069580078,-30.013227462768555
93.88603571500062,goal,-19.923168182373047,-214.55551147460938,-30.01311683654785
93.91801460500028,goal,-19.95731544494629,-214.64454650878906,-30.01302146911621
93.95200767300048,goal,-19.991554260253906,-214.7335968017578,-30.012964248657227
93.9860183260007,goal,-20.034515380859375,-214.84494018554688,-30.012948989868164
94.01807379800084,goal,-20.068958282470703,-214.93402099609375,-30.01295280456543
94.05201256300097,goal,-20.103422164916992,-215.02308654785156,-30.012948989868164
94.08604059500067,goal,-20.137893676757812,-215.1121368408203,-30.012907028198242
94.11802513600014,goal,-20.172386169433594,-215.2011260986328,-30.01285743713379
94.15200299699973,goal,-20.206926345825195,-215.29005432128906,-30.012800216674805
94.18601149700044,goal,-20.25018882751465,-215.40110778808594,-30.012685775756836
94.21809712100003,goal,-20.284914016723633,-215.48988342285156,-30.012529373168945
94.2520124670009,goal,-20.319799423217773,-215.57862854003906,-30.012269973754883
94.28601426600108,goal,-20.3548526763916,-215.66732788085938,-30.0119571685791
94.31802363099996,goal,-20.390050888061523,-215.75601196289062,-30.01161766052246
94.35201542399955,goal,-20.4254093170166,-215.8447265625,-30.0113582611084
94.38603165600034,goal,-20.469810485839844,-215.9556121826172,-30.01102638244629
94.41803641600018,goal,-20.505456924438477,-216.0443572998047,-30.010805130004883
94.45201086400084,goal,-20.5411376953125,-216.13311767578125,-30.0106258392334
94.48604786500073,goal,-20.576847076416016,-216.22186279296875,-30.010515213012695
94.51801623900064,goal,-20.612586975097656,-216.3106231689453,-30.01045036315918
94.55201116900025,goal,-20.64838218688965,-216.39938354492188,-30.01044273376465
94.58601545199963,goal,-20.693256378173828,-216.51039123535156,-30.01051902770996
94.61804406800002,goal,-20.729223251342773,-216.5991973876953,-30.010648727416992
94.65201263699964,goal,-20.76524543762207,-216.68795776367188,-30.01082420349121
94.68600971399974,goal,-20.801342010498047,-216.7766876220703,-30.01109504699707
94.71806599500087,goal,-20.83745002746582,-216.86538696289062,-30.011449813842773
94.75201475699942,goal,-20.873580932617188,-216.95399475097656,-30.01191520690918
94.78601391099983,goal,-20.91878318786621,-217.06468200683594,-30.012563705444336
94.81803441699958,goal,-20.954925537109375,-217.1531524658203,-30.01312828063965
94.85201907800001,goal,-20.991008758544922,-217.24160766601562,-30.01377296447754
94.88603159299964,goal,-21.02701187133789,-217.33004760742188,-30.014413833618164
94.9180262989994,goal,-21.062910079956055,-217.4185028076172,-30.01502799987793
94.95201002199974,goal,-21.098682403564453,-217.50698852539062,-30.015531539916992
94.98601360199973,goal,-21.143266677856445,-217.61758422851562,-30.016096115112305
95.01803497299989,goal,-21.178852081298828,-217.70606994628906,-30.016489028930664
95.05206207599986,goal,-21.214345932006836,-217.7945556640625,-30.016862869262695
95.08601594799984,goal,-21.249753952026367,-217.88307189941406,-30.0172061920166
95.11803343199972,goal,-21.28507423400879,-217.97164916992188,-30.017526626586914
95.15203038400068,goal,-21.32027816772461,-218.06031799316406,-30.017850875854492
95.1860418239994,goal,-21.364158630371094,-218.1713409423828,-30.018251419067383
95.21805166100057,goal,-21.399124145507812,-218.26034545898438,-30.018522262573242
95.25202147600066,goal,-21.43394660949707,-218.34945678710938,-30.018712997436523
95.28603204399951,goal,-21.468584060668945,-218.438720703125,-30.0188045501709
95.31804740200096,goal,-21.503097534179688,-218.52810668945312,-30.018789291381836
95.3520119320001,goal,-21.537567138671875,-218.61761474609375,-30.01865577697754
95.38601951000055,goal,-21.580659866333008,-218.72962951660156,-30.018362045288086
95.41803568100113,goal,-21.615135192871094,-218.81936645507812,-30.01808738708496
95.45207494799979,goal,-21.649616241455078,-218.90921020507812,-30.017793655395508
95.48601874000087,goal,-21.68407440185547,-218.9991455078125,-30.017412185668945
95.51805475800029,goal,-21.718502044677734,-219.08908081054688,-30.016965866088867
95.55202788099996,goal,-21.75288963317871,-219.1790008544922,-30.016538619995117
95.58601735100092,goal,-21.795814514160156,-219.2914276123047,-30.015962600708008
95.61804048399972,goal,-21.830158233642578,-219.3813934326172,-30.015478134155273
95.65204188899952,goal,-21.864532470703125,-219.47134399414062,-30.015016555786133
95.68601930300065,goal,-21.899005889892578,-219.5612335205078,-30.01459312438965
95.71808574500028,goal,-21.933643341064453,-219.65106201171875,-30.01418113708496
95.75202510599956,goal,-21.96842384338379,-219.74085998535156,-30.0137996673584
95.78602608500114,goal,-22.012022018432617,-219.85301208496094,-30.01323890686035
95.81805720299963,goal,-22.046985626220703,-219.94268798828125,-30.012746810913086
95.85211780200007,goal,-22.08199691772461,-220.03233337402344,-30.012292861938477
95.88602369600085,goal,-22.11708641052246,-220.12196350097656,-30.011899948120117
95.91804420300105,goal,-22.152263641357422,-220.2116241455078,-30.011579513549805
95.95203795099951,goal,-22.18750762939453,-220.30136108398438,-30.01136589050293
95.98602460099937,goal,-22.23161506652832,-220.41363525390625,-30.011194229125977
96.01805192100073,goal,-22.267013549804688,-220.50357055664062,-30.011098861694336
96.05203649100076,goal,-22.302417755126953,-220.59347534179688,-30.01096534729004
96.08602283500113,goal,-22.337841033935547,-220.6833953857422,-30.010873794555664
96.11803180400057,goal,-22.373271942138672,-220.77330017089844,-30.010820388793945
96.15204193799946,goal,-22.408721923828125,-220.8632049560547,-30.010744094848633
96.18601942600071,goal,-22.45307731628418,-220.97555541992188,-30.010644912719727
96.21804694000093,goal,-22.4886474609375,-221.06533813476562,-30.01057243347168
96.25205035500039,goal,-22.524280548095703,-221.15512084960938,-30.010526657104492
96.28601655000057,goal,-22.559947967529297,-221.2449188232422,-30.01045799255371
96.3180496620007,goal,-22.59560775756836,-221.33473205566406,-30.010404586791992
96.35201784499986,goal,-22.63124656677246,-221.42454528808594,-30.01032066345215
96.38602414900015,goal,-22.67575454711914,-221.53672790527344,-30.0102481842041
96.41803702200014,goal,-22.711326599121094,-221.6264190673828,-30.010229110717773
96.45203989500078,goal,-22.746896743774414,-221.71607971191406,-30.01017951965332
96.48600011400049,goal,-22.782466888427734,-221.80580139160156,-30.010103225708008
96.51806083100018,goal,-22.818077087402344,-221.8955535888672,-30.010007858276367
96.55201864099945,goal,-22.853673934936523,-221.98533630371094,-30.0098934173584
96.58601905999967,goal,-22.898149490356445,-222.09750366210938,-30.009714126586914
96.61797870200098,goal,-22.93370819091797,-222.1872100830078,-30.009557723999023
96.65202164699986,goal,-22.969179153442383,-222.27694702148438,-30.009435653686523
96.68606136600101,goal,-23.004592895507812,-222.36669921875,-30.009294509887695
96.71796403100052,goal,-23.039953231811523,-222.45645141601562,-30.009145736694336
96.7520157279996,goal,-23.075254440307617,-222.54615783691406,-30.0089168548584
96.78602896400116,goal,-23.11929702758789,-222.65826416015625,-30.008695602416992
96.81799487799981,goal,-23.154470443725586,-222.74794006347656,-30.0085506439209
96.85200648099999,goal,-23.18960952758789,-222.8375701904297,-30.00837516784668
96.88603619900096,goal,-23.224721908569336,-222.9272003173828,-30.008180618286133
96.91798261599979,goal,-23.259756088256836,-223.0167999267578,-30.007925033569336
96.95201809900027,goal,-23.294723510742188,-223.10641479492188,-30.007596969604492
96.98602598999969,goal,-23.338356018066406,-223.2184295654297,-30.007043838500977
97.01800108799944,goal,-23.373157501220703,-223.3080596923828,-30.006521224975586
97.0519997880001,goal,-23.40789031982422,-223.39773559570312,-30.005922317504883
97.08604730400111,goal,-23.442617416381836,-223.48745727539062,-30.005327224731445
97.11801139999989,goal,-23.477310180664062,-223.57723999023438,-30.004793167114258
97.15200064700002,goal,-23.511974334716797,-223.6670379638672,-30.00428581237793
97.18601917100023,goal,-23.555326461791992,-223.77932739257812,-30.003751754760742
97.2180685580006,goal,-23.59000587463379,-223.86915588378906,-30.00340461730957
97.25202355700094,goal,-23.624645233154297,-223.958984375,-30.00313377380371
97.28604018999977,goal,-23.659255981445312,-224.048828125,-30.00298500061035
97.31913161600096,goal,-23.69382667541504,-224.13868713378906,-30.0029239654541
97.35317012999985,goal,-23.72838592529297,-224.2284698486328,-30.00291633605957
97.38710399299998,goal,-23.771568298339844,-224.34056091308594,-30.00291633605957
97.41912564199993,goal,-23.80605697631836,-224.43026733398438,-30.002901077270508
97.45315629499964,goal,-23.840505599975586,-224.52003479003906,-30.002931594848633
97.4871286230009,goal,-23.874956130981445,-224.60986328125,-30.00303077697754
97.5191369130007,goal,-23.909385681152344,-224.6997833251953,-30.00322151184082
97.55314641599944,goal,-23.943767547607422,-224.78976440429688,-30.0035457611084
97.58711802000107,goal,-23.986684799194336,-224.90235900878906,-30.004121780395508
97.6191425699999,goal,-24.02096176147461,-224.9924774169922,-30.004648208618164
97.65315812399967,goal,-24.055177688598633,-225.0825958251953,-30.005239486694336
97.6871638320008,goal,-24.089380264282227,-225.17274475097656,-30.0058650970459
97.71913554800085,goal,-24.123584747314453,-225.2628631591797,-30.006505966186523
97.75313124700006,goal,-24.15780258178711,-225.35293579101562,-30.007070541381836
97.7871151470008,goal,-24.200578689575195,-225.4654998779297,-30.00767707824707
97.81913593399986,goal,-24.234811782836914,-225.55555725097656,-30.008066177368164
97.8531940110006,goal,-24.26906967163086,-225.64561462402344,-30.008352279663086
97.8871176470002,goal,-24.303340911865234,-225.73561096191406,-30.00861930847168
97.91912019099982,goal,-24.337675094604492,-225.8255157470703,-30.008882522583008
97.95313174900002,goal,-24.372072219848633,-225.91529846191406,-30.009096145629883
97.98713542900077,goal,-24.415149688720703,-226.02737426757812,-30.009260177612305
98.01912607600025,goal,-24.449647903442383,-226.11692810058594,-30.009309768676758
98.05313962800028,goal,-24.484153747558594,-226.2063751220703,-30.00933265686035
98.08716068600006,goal,-24.518617630004883,-226.2957763671875,-30.009363174438477
98.11911646199951,goal,-24.55303955078125,-226.3851318359375,-30.009408950805664
98.15311837199988,goal,-24.587444305419922,-226.4744415283203,-30.009443283081055
98.1871232680005,goal,-24.630504608154297,-226.58596801757812,-30.00938606262207
98.21912888299994,goal,-24.665006637573242,-226.67514038085938,-30.00931739807129
98.25312226200003,goal,-24.699602127075195,-226.7642822265625,-30.0092716217041
98.28711180800019,goal,-24.73429298400879,-226.85340881347656,-30.00919532775879
98.31911654400028,goal,-24.769060134887695,-226.9425048828125,-30.00908088684082
98.35312094999972,goal,-24.80389404296875,-227.03160095214844,-30.008901596069336
98.38712774099986,goal,-24.847549438476562,-227.1430206298828,-30.008596420288086
98.41912199299986,goal,-24.882553100585938,-227.23219299316406,-30.008359909057617
98.45312660200034,goal,-24.917648315429688,-227.32139587402344,-30.008180618286133
98.48716573800084,goal,-24.952861785888672,-227.41062927246094,-30.008005142211914
98.51911689400004,goal,-24.988178253173828,-227.49989318847656,-30.007856369018555
98.55314518200066,goal,-25.023534774780273,-227.58920288085938,-30.007692337036133
98.58712305100016,goal,-25.0677433013916,-227.70091247558594,-30.00752067565918
98.61913057200036,goal,-25.103134155273438,-227.790283203125,-30.007410049438477
98.65311482800098,goal,-25.138525009155273,-227.87960815429688,-30.007307052612305
98.68715612500091,goal,-25.17388343811035,-227.96888732910156,-30.007211685180664
98.71912580299977,goal,-25.20918846130371,-228.05807495117188,-30.00712013244629
98.75311421100014,goal,-25.244436264038086,-228.1471710205078,-30.00701332092285
98.78714591900098,goal,-25.288394927978516,-228.25848388671875,-30.006872177124023
98.81912370300051,goal,-25.323461532592773,-228.3474578857422,-30.006803512573242
98.85313572800078,goal,-25.358434677124023,-228.43643188476562,-30.006738662719727
98.8871031460003,goal,-25.393280029296875,-228.52536010742188,-30.006723403930664
98.91912473900084,goal,-25.427993774414062,-228.61428833007812,-30.006750106811523
98.95311385199966,goal,-25.462594985961914,-228.7032012939453,-30.006750106811523
98.98721559200021,goal,-25.505678176879883,-228.8142547607422,-30.006723403930664
99.0191339060002,goal,-25.540016174316406,-228.90306091308594,-30.006723403930664
99.05311467499996,goal,-25.57428550720215,-228.99180603027344,-30.006757736206055
99.08711729100105,goal,-25.6085205078125,-229.08058166503906,-30.00688362121582
99.11912830700021,goal,-25.642757415771484,-229.16941833496094,-30.007051467895508
99.15311937000115,goal,-25.676973342895508,-229.25831604003906,-30.007139205932617
99.18711956399966,goal,-25.719709396362305,-229.3695068359375,-30.00725746154785
99.21917442400081,goal,-25.75387954711914,-229.45849609375,-30.00733757019043
99.25313510500018,goal,-25.787979125976562,-229.54745483398438,-30.00739097595215
99.2871418550003,goal,-25.82200813293457,-229.6364288330078,-30.007402420043945
99.3191266899994,goal,-25.855955123901367,-229.72537231445312,-30.00737190246582
99.35312556999997,goal,-25.889814376831055,-229.8142547607422,-30.007349014282227
99.38711931000034,goal,-25.932058334350586,-229.9252471923828,-30.007204055786133
99.41913217699948,goal,-25.965831756591797,-230.01394653320312,-30.007051467895508
99.45311899800072,goal,-25.99958038330078,-230.10260009765625,-30.00689125061035
99.48710474400104,goal,-26.033334732055664,-230.1912384033203,-30.0067195892334
99.51914083799966,goal,-26.067081451416016,-230.27978515625,-30.006521224975586
99.55314581300081,goal,-26.100826263427734,-230.3682098388672,-30.006223678588867
99.58711340900118,goal,-26.142990112304688,-230.47862243652344,-30.005887985229492
99.61913513199943,goal,-26.176727294921875,-230.56680297851562,-30.005632400512695
99.65310698299982,goal,-26.210561752319336,-230.65487670898438,-30.00535774230957
99.6871124219997,goal,-26.244508743286133,-230.7428436279297,-30.005056381225586
99.71914054300032,goal,-26.278575897216797,-230.83074951171875,-30.004709243774414
99.75317441700099,goal,-26.31271743774414,-230.91860961914062,-30.00431251525879
99.78707708000002,goal,-26.35556983947754,-231.02835083007812,-30.003786087036133
99.8191361070003,goal,-26.390026092529297,-231.1161346435547,-30.003332138061523
99.85309560799942,goal,-26.424545288085938,-231.20388793945312,-30.00288963317871
99.88708205700095,goal,-26.459096908569336,-231.29164123535156,-30.002443313598633
99.91907950300083,goal,-26.493623733520508,-231.37937927246094,-30.002012252807617
99.95310281000093,goal,-26.528091430664062,-231.4670867919922,-30.00164222717285
99.98711477100005,goal,-26.571147918701172,-231.57676696777344,-30.001279830932617
100.01908083800117,goal,-26.60552978515625,-231.66455078125,-30.00111198425293
100.05312936200062,goal,-26.639854431152344,-231.75238037109375,-30.00104331970215
100.08710010499999,goal,-26.674156188964844,-231.84027099609375,-30.001096725463867
100.11908219399993,goal,-26.70842933654785,-231.92813110351562,-30.001249313354492
100.1531356939995,goal,-26.742738723754883,-232.01602172851562,-30.001440048217773
100.18712437100112,goal,-26.7856388092041,-232.1258544921875,-30.00174903869629
100.21910360100082,goal,-26.82003402709961,-232.2137451171875,-30.002073287963867
100.25312608500099,goal,-26.854469299316406,-232.30166625976562,-30.002470016479492
100.28710484300063,goal,-26.888967514038086,-232.38954162597656,-30.00290870666504
100.31912208699941,goal,-26.923503875732422,-232.47735595703125,-30.003328323364258
100.35312846700072,goal,-26.95819854736328,-232.565185546875,-30.003725051879883
100.38725392200104,goal,-27.00177001953125,-232.6750030517578,-30.004159927368164
100.41914189899944,goal,-27.03673553466797,-232.76292419433594,-30.00443458557129
100.45311718099947,goal,-27.071779251098633,-232.8509063720703,-30.004640579223633
100.48710085300081,goal,-27.10688591003418,-232.93893432617188,-30.004770278930664
100.51912519399957,goal,-27.142051696777344,-233.02700805664062,-30.004854202270508
100.55311245700068,goal,-27.17721176147461,-233.11508178710938,-30.004850387573242
100.5871128430008,goal,-27.221162796020508,-233.2252197265625,-30.00483512878418
100.61912394499996,goal,-27.256305694580078,-233.31338500976562,-30.004789352416992
100.65313634800077,goal,-27.291460037231445,-233.40158081054688,-30.00473976135254
100.68710138000097,goal,-27.326629638671875,-233.48983764648438,-30.004663467407227
100.71912853700087,goal,-27.361770629882812,-233.57809448242188,-30.004545211791992
100.75313512899993,goal,-27.396827697753906,-233.66639709472656,-30.00433921813965
100.78718053900047,goal,-27.440536499023438,-233.77687072753906,-30.00407600402832
100.8191348119999,goal,-27.47536849975586,-233.8653106689453,-30.003816604614258
100.8531562040007,goal,-27.510101318359375,-233.95382690429688,-30.003503799438477
100.88710477099994,goal,-27.54472541809082,-234.0423583984375,-30.003210067749023
100.91913842000031,goal,-27.579256057739258,-234.13095092773438,-30.002965927124023
100.9532123429999,goal,-27.61371421813965,-234.21961975097656,-30.002729415893555
100.98712221599999,goal,-27.65675163269043,-234.3306121826172,-30.00242805480957
101.01918751700032,goal,-27.69121551513672,-234.4195556640625,-30.00218391418457
101.05319847600003,goal,-27.725688934326172,-234.5085906982422,-30.001924514770508
101.08712240000023,goal,-27.76015853881836,-234.5977020263672,-30.00160789489746
101.11913516800087,goal,-27.794593811035156,-234.68687438964844,-30.0012149810791
101.15321036000023,goal,-27.82905387878418,-234.77609252929688,-30.000734329223633
101.18710149300023,goal,-27.872140884399414,-234.88768005371094,-30.00010108947754
101.2191326709999,goal,-27.906597137451172,-234.97703552246094,-29.999624252319336
101.2531950749999,goal,-27.941064834594727,-235.06643676757812,-29.9991512298584
101.287142227,goal,-27.975526809692383,-235.1558837890625,-29.998632431030273
101.31913865800016,goal,-28.009952545166016,-235.245361328125,-29.998106002807617
101.35317659000066,goal,-28.044376373291016,-235.33477783203125,-29.9975643157959
101.38710933400034,goal,-28.087434768676758,-235.44654846191406,-29.99689292907715
101.41912467400107,goal,-28.121885299682617,-235.5359344482422,-29.9963436126709
101.45312629299951,goal,-28.15631866455078,-235.62535095214844,-29.995771408081055
101.48710579100043,goal,-28.19072151184082,-235.7147979736328,-29.995222091674805
101.51913589400101,goal,-28.22507095336914,-235.8043212890625,-29.99473762512207
101.5531314359996,goal,-28.25935935974121,-235.89395141601562,-29.994291305541992
101.58714312899974,goal,-28.302101135253906,-236.00607299804688,-29.99387550354004
101.61917363999964,goal,-28.33619499206543,-236.09580993652344,-29.993661880493164
101.65314081200086,goal,-28.37025260925293,-236.1855926513672,-29.99357032775879
101.6871047500008,goal,-28.40430450439453,-236.27536010742188,-29.993501663208008
101.71914099599962,goal,-28.438364028930664,-236.36514282226562,-29.993425369262695
101.75314277399957,goal,-28.472444534301758,-236.4549102783203,-29.993303298950195
101.78713046800112,goal,-28.515071868896484,-236.5670928955078,-29.9931697845459
101.81913606499984,goal,-28.549196243286133,-236.65682983398438,-29.993066787719727
101.85316558799968,goal,-28.583354949951172,-236.74656677246094,-29.993013381958008
101.88710601499952,goal,-28.617570877075195,-236.83624267578125,-29.992952346801758
101.91913379200014,goal,-28.65186309814453,-236.9258575439453,-29.992895126342773
101.95319652500075,goal,-28.686227798461914,-237.01544189453125,-29.992902755737305
101.98710931099959,goal,-28.729280471801758,-237.1273956298828,-29.992998123168945
102.01913116400101,goal,-28.763826370239258,-237.21694946289062,-29.993135452270508
102.05317328400088,goal,-28.79845428466797,-237.30650329589844,-29.9932918548584
102.08710006500041,goal,-28.833114624023438,-237.39605712890625,-29.993467330932617
102.11912239100093,goal,-28.867738723754883,-237.48558044433594,-29.993669509887695
102.15319752899995,goal,-28.902305603027344,-237.57510375976562,-29.993932723999023
102.18710242599991,goal,-28.945432662963867,-237.68701171875,-29.99421501159668
102.21913184699952,goal,-28.979822158813477,-237.77658081054688,-29.994421005249023
102.25323238999954,goal,-29.014142990112305,-237.8661346435547,-29.994638442993164
102.28709771899958,goal,-29.048398971557617,-237.9557342529297,-29.994836807250977
102.31912735100013,approach,-29.082590103149414,-238.04537963867188,-29.99500846862793
102.35313267600031,approach,-29.116731643676758,-238.13504028320312,-29.99503517150879
102.3870964480011,approach,-29.15936279296875,-238.2469940185547,-29.995027542114258
102.41912530599984,approach,-29.19342613220215,-238.33636474609375,-29.994096755981445
102.45311698200021,approach,-29.22755241394043,-238.42547607421875,-29.988149642944336
102.48710193700026,approach,-29.261770248413086,-238.5142364501953,-29.975446701049805
102.51913673099989,approach,-29.29610252380371,-238.6026153564453,-29.955896377563477
102.55311643000096,approach,-29.33055877685547,-238.69056701660156,-29.92984962463379
102.58709339300003,approach,-29.373641967773438,-238.7998504638672,-29.889089584350586
102.61913578700114,approach,-29.408037185668945,-238.8866424560547,-29.850690841674805
102.65313507199971,approach,-29.442224502563477,-238.9727783203125,-29.8085994720459
102.68709916700027,approach,-29.47614288330078,-239.05810546875,-29.763193130493164
102.7191696560003,approach,-29.509746551513672,-239.14242553710938,-29.715131759643555
102.75313789000029,approach,-29.54293441772461,-239.22557067871094,-29.665040969848633
102.78712923300009,approach,-29.58380126953125,-239.32763671875,-29.60028648376465
102.81914210499963,approach,-29.61591148376465,-239.40757751464844,-29.54718589782715
102.85318278399973,approach,-29.647375106811523,-239.48583984375,-29.49334144592285
102.88708147199941,approach,-29.678035736083984,-239.5623779296875,-29.43910026550293
102.91912805900029,approach,-29.707889556884766,-239.63711547851562,-29.38469123840332
102.95313082400025,approach,-29.736865997314453,-239.70986938476562,-29.3302059173584
102.9871252360008,approach,-29.771766662597656,-239.79791259765625,-29.262107849121094
103.0191266490001,approach,-29.79851531982422,-239.8658447265625,-29.207717895507812
103.05313777899937,approach,-29.824222564697266,-239.93150329589844,-29.15349578857422
103.08709500199984,approach,-29.848838806152344,-239.994873046875,-29.099483489990234
103.11912723100068,approach,-29.872295379638672,-240.05592346191406,-29.045682907104492
103.15309273899948,approach,-29.894622802734375,-240.11463928222656,-28.992103576660156
103.18707954800084,approach,-29.92116928100586,-240.1848907470703,-28.92546272277832
103.21910031300104,approach,-29.94123649597168,-240.23841857910156,-28.872394561767578
103.25309393200041,approach,-29.960268020629883,-240.28956604003906,-28.819580078125
103.28717898800096,approach,-29.978260040283203,-240.33836364746094,-28.766952514648438
103.31908404299975,approach,-29.99522590637207,-240.38479614257812,-28.714475631713867
103.35313601300004,approach,-30.011240005493164,-240.42889404296875,-28.66212272644043
103.38708684999983,approach,-30.029863357543945,-240.480712890625,-28.59698486328125
103.41910933899999,approach,-30.043724060058594,-240.5196990966797,-28.545089721679688
103.45313313400038,approach,-30.056678771972656,-240.5564422607422,-28.49342918395996
103.48709842199969,approach,-30.06878089904785,-240.59091186523438,-28.441913604736328
103.51910069299993,approach,-30.080032348632812,-240.6232147216797,-28.390525817871094
103.55313342699992,approach,-30.090511322021484,-240.6533660888672,-28.33932876586914
103.58716983799968,approach,-30.102500915527344,-240.68801879882812,-28.275421142578125
103.61912717400082,approach,-30.11123275756836,-240.7135009765625,-28.22437286376953
103.65314460900117,approach,-30.119251251220703,-240.73699951171875,-28.17344856262207
103.6871110560005,approach,-30.126583099365234,-240.7586669921875,-28.122596740722656
103.71912139199958,approach,-30.133237838745117,-240.7784881591797,-28.071847915649414
103.75316247199953,approach,-30.13918685913086,-240.7965545654297,-28.02132225036621
103.78713200099992,approach,-30.145750045776367,-240.81675720214844,-27.958391189575195
103.81913617300052,approach,-30.150348663330078,-240.8311309814453,-27.908153533935547
103.85314366700004,approach,-30.15437126159668,-240.84400939941406,-27.85797691345215
103.88710710899977,approach,-30.15779685974121,-240.85543823242188,-27.80786895751953
103.9191289749997,approach,-30.1606388092041,-240.86544799804688,-27.757831573486328
103.95316411600106,approach,-30.162973403930664,-240.87413024902344,-27.707735061645508
103.98711505600113,approach,-30.165237426757812,-240.88314819335938,-27.64522361755371
104.01913477800008,approach,-30.166576385498047,-240.88897705078125,-27.595258712768555
104.053196750001,approach,-30.167539596557617,-240.8936767578125,-27.54536247253418
104.08720800400079,approach,-30.168100357055664,-240.89730834960938,-27.495548248291016
104.11912515199947,approach,-30.16826629638672,-240.89991760253906,-27.445833206176758
104.15315829500105,approach,-30.16809844970703,-240.9015655517578,-27.396190643310547
104.18715500100006,approach,-30.16743278503418,-240.9023895263672,-27.334230422973633
104.21913060000043,approach,-30.166534423828125,-240.9021759033203,-27.284727096557617
104.25314388399966,approach,-30.16531753540039,-240.90127563476562,-27.23529815673828
104.2871331059996,approach,-30.163795471191406,-240.89974975585938,-27.185949325561523
104.31912654500047,approach,-30.16194725036621,-240.89761352539062,-27.136632919311523
104.35312574499949,approach,-30.159788131713867,-240.89492797851562,-27.087400436401367
104.38711784599946,approach,-30.156713485717773,-240.89089965820312,-27.02591896057129
104.41913480699986,approach,-30.153987884521484,-240.88717651367188,-26.976764678955078
104.45315800200115,approach,-30.151107788085938,-240.88304138183594,-26.92763328552246
104.48713494900039,approach,-30.148136138916016,-240.8784942626953,-26.878564834594727
104.51913854800114,approach,-30.145132064819336,-240.87364196777344,-26.829591751098633
104.55319419199986,approach,-30.14211082458496,-240.8685302734375,-26.780736923217773
104.58714236299966,approach,-30.13838005065918,-240.86190795898438,-26.719802856445312
104.61914090200116,approach,-30.135425567626953,-240.85643005371094,-26.671142578125
104.65316893700037,approach,-30.132450103759766,-240.85084533691406,-26.62256622314453
104.68713786900116,approach,-30.12944793701172,-240.84518432617188,-26.574052810668945
104.71913165899969,approach,-30.12645721435547,-240.83941650390625,-26.52557373046875
104.75323661100083,approach,-30.123476028442383,-240.83351135253906,-26.477134704589844
104.78712694400019,approach,-30.119808197021484,-240.826171875,-26.416515350341797
104.81913924199944,approach,-30.116954803466797,-240.82034301757812,-26.368000030517578
104.85321766699963,approach,-30.11419105529785,-240.8145294189453,-26.31951904296875
104.88712687599946,approach,-30.111492156982422,-240.80874633789062,-26.27104377746582
104.919127905001,approach,-30.108837127685547,-240.8030242919922,-26.222566604614258
104.95316814199941,approach,-30.106229782104492,-240.7973175048828,-26.174142837524414
104.98713429000054,approach,-30.10307502746582,-240.79022216796875,-26.113727569580078
105.01914515600038,approach,-30.100627899169922,-240.78456115722656,-26.065467834472656
105.05316325900094,approach,-30.09828758239746,-240.77894592285156,-26.01728057861328
105.08716870600074,approach,-30.096084594726562,-240.77340698242188,-25.969085693359375
105.11914518100093,approach,-30.094024658203125,-240.76792907714844,-25.920902252197266
105.1532069599998,approach,-30.09212875366211,-240.7624969482422,-25.872756958007812
105.18712682899968,approach,-30.089954376220703,-240.755859375,-25.81264877319336
105.21913927900096,approach,-30.088417053222656,-240.7506561279297,-25.76465606689453
105.25317683300091,approach,-30.0870418548584,-240.7455291748047,-25.716732025146484
105.28712613300013,approach,-30.085769653320312,-240.74041748046875,-25.66878318786621
105.31912948100035,approach,-30.08462905883789,-240.7354278564453,-25.620830535888672
105.35317520600074,approach,-30.083595275878906,-240.73056030273438,-25.57289695739746
105.38713650600039,approach,-30.082401275634766,-240.72462463378906,-25.513032913208008
105.41918696200082,approach,-30.08152961730957,-240.72007751464844,-25.465164184570312
105.45317342300041,approach,-30.0806941986084,-240.7156982421875,-25.41732406616211
105.48712912300107,approach,-30.079879760742188,-240.71148681640625,-25.36952018737793
105.51913824000076,approach,-30.079132080078125,-240.70738220214844,-25.32172203063965
105.55317195399948,approach,-30.07840347290039,-240.70335388183594,-25.27396583557129
105.58712599300088,approach,-30.0775089263916,-240.69850158691406,-25.214431762695312
105.61915861399939,approach,-30.076786041259766,-240.6947784423828,-25.16692352294922
105.65318186799959,approach,-30.076114654541016,-240.691162109375,-25.11947250366211
105.68713983700036,approach,-30.075489044189453,-240.68763732910156,-25.07210922241211
105.71913834000043,approach,-30.074949264526367,-240.6841583251953,-25.02475357055664
105.75323119200038,approach,-30.07449722290039,-240.68072509765625,-24.977375030517578
105.78713223100021,approach,-30.074005126953125,-240.67648315429688,-24.918081283569336
105.81914056099959,approach,-30.073646545410156,-240.6731414794922,-24.87057876586914
105.85319721700034,approach,-30.073348999023438,-240.66990661621094,-24.822980880737305
105.88713156000085,approach,-30.07305335998535,-240.6667938232422,-24.775360107421875
105.91915489100029,approach,-30.072750091552734,-240.663818359375,-24.72774314880371
105.9531898969999,approach,-30.072433471679688,-240.6610107421875,-24.680158615112305
105.9871374230006,approach,-30.07203483581543,-240.65768432617188,-24.62066078186035
106.0191579780003,approach,-30.071744918823242,-240.65524291992188,-24.573074340820312
106.05316889400092,approach,-30.071569442749023,-240.6529541015625,-24.525436401367188
106.08718621400112,approach,-30.071443557739258,-240.65077209472656,-24.477764129638672
106.11914441299996,approach,-30.071393966674805,-240.64874267578125,-24.43006706237793
106.15376316599941,approach,-30.071413040161133,-240.6468963623047,-24.38231086730957
106.18714588200055,approach,-30.071483612060547,-240.6446990966797,-24.322547912597656
106.219166193001,approach,-30.07162094116211,-240.64305114746094,-24.274751663208008
106.25319921400114,approach,-30.071796417236328,-240.6414794921875,-24.226940155029297
106.28715422999994,approach,-30.072040557861328,-240.6399688720703,-24.179065704345703
106.31917205100035,approach,-30.072307586669922,-240.63851928710938,-24.131114959716797
106.35318234199985,approach,-30.07256507873535,-240.63714599609375,-24.083158493041992
106.3871219470002,approach,-30.07290267944336,-240.6355438232422,-24.02318572998047
106.41920323100021,approach,-30.073152542114258,-240.63446044921875,-23.97515869140625
106.45325389699974,approach,-30.073348999023438,-240.6334991455078,-23.927030563354492
106.48711377000109,approach,-30.073455810546875,-240.63265991210938,-23.878890991210938
106.5191400420008,approach,-30.073457717895508,-240.63189697265625,-23.830753326416016
106.5531275150006,approach,-30.073381423950195,-240.6311492919922,-23.782604217529297
106.58713794399955,approach,-30.073137283325195,-240.63023376464844,-23.722335815429688
106.61912309599938,approach,-30.07285499572754,-240.6294708251953,-23.674087524414062
106.6532188350011,approach,-30.072486877441406,-240.6287384033203,-23.625835418701172
106.68715632400017,approach,-30.071990966796875,-240.62799072265625,-23.57752799987793
106.71919562000039,approach,-30.071439743041992,-240.627197265625,-23.529197692871094
106.75322593599958,approach,-30.070877075195312,-240.62637329101562,-23.480886459350586
106.78716608499963,approach,-30.07015609741211,-240.6252899169922,-23.420516967773438
106.81923223900048,approach,-30.069581985473633,-240.6243438720703,-23.37222671508789
106.85318619400095,approach,-30.069015502929688,-240.6233367919922,-23.323945999145508
106.8871460219998,approach,-30.068498611450195,-240.622314453125,-23.275657653808594
106.91930203599986,approach,-30.068105697631836,-240.6212615966797,-23.227359771728516
106.95323456500046,approach,-30.067794799804688,-240.6201171875,-23.179027557373047
106.98716179999974,approach,-30.067541122436523,-240.61856079101562,-23.11856460571289
107.01915726300103,approach,-30.067415237426758,-240.6172332763672,-23.0701847076416
107.05321084100069,approach,-30.067367553710938,-240.61581420898438,-23.021818161010742
107.08716368299974,approach,-30.067346572875977,-240.61434936523438,-22.973434448242188
107.11915244500051,approach,-30.067346572875977,-240.61285400390625,-22.925024032592773
107.15317844499987,approach,-30.067461013793945,-240.61131286621094,-22.876575469970703
107.18717433399979,approach,-30.067739486694336,-240.60939025878906,-22.815916061401367
107.21920209600103,approach,-30.068038940429688,-240.60781860351562,-22.767345428466797
107.25321307000013,approach,-30.068410873413086,-240.60618591308594,-22.71878433227539
107.28715446200113,approach,-30.068845748901367,-240.6044921875,-22.670251846313477
107.3192007460002,approach,-30.069345474243164,-240.60276794433594,-22.621755599975586
107.35318483999981,approach,-30.06991195678711,-240.60101318359375,-22.57330894470215
107.38718911700016,approach,-30.070755004882812,-240.59878540039062,-22.512828826904297
107.419178139,approach,-30.071563720703125,-240.59701538085938,-22.46449851989746
107.4532294569999,approach,-30.072511672973633,-240.59524536132812,-22.416240692138672
107.48716835800042,approach,-30.073591232299805,-240.59349060058594,-22.36796760559082
107.51928693400077,approach,-30.074729919433594,-240.591796875,-22.31963539123535
107.55331673699948,approach,-30.07586097717285,-240.59019470214844,-22.271303176879883
107.58716759600065,approach,-30.077259063720703,-240.58828735351562,-22.2108154296875
107.61916199200095,approach,-30.078332901000977,-240.5867919921875,-22.162351608276367
107.65324002300076,approach,-30.079336166381836,-240.58534240722656,-22.113859176635742
107.68718341400017,approach,-30.08024787902832,-240.58396911621094,-22.06536102294922
107.71923214600065,approach,-30.081087112426758,-240.58265686035156,-22.016857147216797
107.75323259099969,approach,-30.081871032714844,-240.58139038085938,-21.968339920043945
107.78719926200029,approach,-30.082754135131836,-240.57986450195312,-21.90782356262207
107.81938799800082,approach,-30.08338737487793,-240.57876586914062,-21.859439849853516
107.85322553100013,approach,-30.083948135375977,-240.57777404785156,-21.810998916625977
107.88722463399972,approach,-30.08444595336914,-240.57691955566406,-21.762582778930664
107.91932019399974,approach,-30.08487319946289,-240.57614135742188,-21.71420669555664
107.9532200550002,approach,-30.08526611328125,-240.57545471191406,-21.66576385498047
107.98716403599974,approach,-30.08567237854004,-240.57461547851562,-21.605182647705078
108.01919566400102,approach,-30.0859317779541,-240.573974609375,-21.556732177734375
108.05320960000063,approach,-30.086149215698242,-240.5733642578125,-21.508302688598633
108.08726557599948,approach,-30.086286544799805,-240.5728302001953,-21.459850311279297
108.11922115200105,approach,-30.086318969726562,-240.57241821289062,-21.411344528198242
108.15323651700055,approach,-30.08624839782715,-240.57215881347656,-21.362815856933594
108.18731280700013,approach,-30.086023330688477,-240.57203674316406,-21.30213165283203
108.21930704599981,approach,-30.085739135742188,-240.57211303710938,-21.253538131713867
108.25319721699998,approach,-30.085363388061523,-240.57235717773438,-21.20490837097168
108.28719720499976,approach,-30.08493423461914,-240.57275390625,-21.156309127807617
108.31917861300099,approach,-30.084495544433594,-240.5732879638672,-21.10772705078125
108.35331247900103,approach,-30.084043502807617,-240.57394409179688,-21.05921173095703
108.3871639099998,approach,-30.08343505859375,-240.57485961914062,-20.99858856201172
108.41922055600116,approach,-30.082887649536133,-240.5756072998047,-20.950103759765625
108.45322010600103,approach,-30.08228874206543,-240.5763397216797,-20.901697158813477
108.487231178,approach,-30.08163833618164,-240.5770721435547,-20.853296279907227
108.51917115000106,approach,-30.08098793029785,-240.57785034179688,-20.80489158630371
108.55362549799975,approach,-30.08037757873535,-240.57867431640625,-20.756553649902344
108.58720446299958,approach,-30.07969093322754,-240.5797882080078,-20.696195602416992
108.61918094000066,approach,-30.079200744628906,-240.58071899414062,-20.647974014282227
108.6533620299997,approach,-30.07874870300293,-240.5817108154297,-20.59976577758789
108.6872419350002,approach,-30.07830810546875,-240.58274841308594,-20.551586151123047
108.7191724889999,approach,-30.077857971191406,-240.58380126953125,-20.503442764282227
108.75328361299944,approach,-30.077383041381836,-240.5848846435547,-20.455387115478516
108.78718632200071,approach,-30.07676887512207,-240.5862579345703,-20.3953914642334
108.81918765599949,approach,-30.076221466064453,-240.58734130859375,-20.34748077392578
108.85326928399991,approach,-30.075620651245117,-240.58840942382812,-20.299640655517578
108.88725313299983,approach,-30.074996948242188,-240.5894775390625,-20.25193214416504
108.91921990999981,approach,-30.074310302734375,-240.59051513671875,-20.204357147216797
108.95327288299995,approach,-30.07353973388672,-240.5915069580078,-20.156831741333008
108.98719112000072,approach,-30.072500228881836,-240.59263610839844,-20.097448348999023
109.01916135899955,approach,-30.07159423828125,-240.5934295654297,-20.049999237060547
109.0532495690004,approach,-30.070646286010742,-240.59414672851562,-20.002601623535156
109.08738282800005,approach,-30.06964683532715,-240.59478759765625,-19.955337524414062
109.11920326899963,approach,-30.068557739257812,-240.59532165527344,-19.908193588256836
109.1532691400007,approach,-30.067363739013672,-240.5957794189453,-19.861154556274414
109.18731022199972,approach,-30.06569480895996,-240.59617614746094,-19.802370071411133
109.21914513900083,approach,-30.06426429748535,-240.59640502929688,-19.75533676147461
109.25333816500097,approach,-30.06277847290039,-240.59661865234375,-19.70829200744629
109.2871889830003,approach,-30.06122589111328,-240.5968017578125,-19.66122055053711
109.31915642900094,approach,-30.059648513793945,-240.59698486328125,-19.614126205444336
109.3531911909995,approach,-30.058061599731445,-240.59710693359375,-19.566959381103516
109.38735627999995,approach,-30.056055068969727,-240.59719848632812,-19.5079402923584
109.41919794500063,approach,-30.054399490356445,-240.5972442626953,-19.460737228393555
109.45321286000035,approach,-30.052722930908203,-240.59732055664062,-19.413555145263672
109.48721762599962,approach,-30.051034927368164,-240.5974884033203,-19.36637306213379
109.51922569400085,approach,-30.04942512512207,-240.59767150878906,-19.31914710998535
109.55323384999974,approach,-30.047870635986328,-240.59783935546875,-19.272008895874023
109.58768817999953,approach,-30.04600715637207,-240.59800720214844,-19.213054656982422
109.61918720100039,approach,-30.044612884521484,-240.5980682373047,-19.165884017944336
109.65324970300026,approach,-30.043338775634766,-240.5980987548828,-19.118677139282227
109.68720709800073,approach,-30.042213439941406,-240.5981903076172,-19.071529388427734
109.72054066500095,approach,-30.041255950927734,-240.59832763671875,-19.024410247802734
109.75488947099984,approach,-30.04050064086914,-240.59854125976562,-18.97722625732422
109.7884493040001,approach,-30.039731979370117,-240.598876953125,-18.918312072753906
109.8342743409994,approach,-30.039302825927734,-240.59915161132812,-18.8712215423584
109.8779188690005,approach,-30.039047241210938,-240.59942626953125,-18.824134826660156
109.91193797699998,approach,-30.038896560668945,-240.59967041015625,-18.777008056640625
109.94393368400051,approach,-30.038846969604492,-240.59996032714844,-18.72985076904297
109.97792873300023,approach,-30.038904190063477,-240.60031127929688,-18.68268585205078
110.01194578099967,approach,-30.0391845703125,-240.60081481933594,-18.623882293701172
110.04395535100048,approach,-30.039520263671875,-240.6012725830078,-18.576873779296875
110.07794070199998,approach,-30.039968490600586,-240.6017303466797,-18.529916763305664
110.11194261700075,approach,-30.040599822998047,-240.60211181640625,-18.482940673828125
110.14395002700076,approach,-30.041391372680664,-240.60240173339844,-18.435951232910156
110.17794737500117,approach,-30.042341232299805,-240.60252380371094,-18.388978958129883
110.21196662700095,approach,-30.043787002563477,-240.6025390625,-18.330322265625
110.24396067000089,approach,-30.045066833496094,-240.60244750976562,-18.28342628479004
110.27795319500001,approach,-30.046480178833008,-240.60223388671875,-18.23656463623047
110.31198028700055,approach,-30.047983169555664,-240.6019287109375,-18.189735412597656
110.343964959,approach,-30.049606323242188,-240.60147094726562,-18.142967224121094
110.3779532059998,approach,-30.051334381103516,-240.6009521484375,-18.096200942993164
110.4119438329999,approach,-30.053634643554688,-240.6002655029297,-18.03774642944336
110.44401397100046,approach,-30.055482864379883,-240.5996856689453,-17.990995407104492
110.47794933700061,approach,-30.05727767944336,-240.5990447998047,-17.94428062438965
110.5119532789995,approach,-30.05901527404785,-240.59832763671875,-17.897579193115234
110.54397590699955,approach,-30.060712814331055,-240.59750366210938,-17.850868225097656
110.57795483399968,approach,-30.0623722076416,-240.5966339111328,-17.80416488647461
110.61193637600081,approach,-30.064382553100586,-240.59548950195312,-17.74585723876953
110.64401755700055,approach,-30.065900802612305,-240.5946044921875,-17.69925308227539
110.67919059800079,approach,-30.06736183166504,-240.59373474121094,-17.652700424194336
110.71321346700097,approach,-30.068761825561523,-240.5928955078125,-17.606124877929688
110.74523022299945,approach,-30.070087432861328,-240.5921173095703,-17.559534072875977
110.77922895899974,approach,-30.071359634399414,-240.5914306640625,-17.512977600097656
110.81319965799958,approach,-30.072872161865234,-240.59066772460938,-17.454740524291992
110.84524527299982,approach,-30.074026107788086,-240.59017944335938,-17.40807342529297
110.87919987100031,approach,-30.07515525817871,-240.58975219726562,-17.361343383789062
110.91323613700115,approach,-30.076223373413086,-240.58938598632812,-17.314502716064453
110.94524948000071,approach,-30.07721710205078,-240.5890655517578,-17.267553329467773
110.97920197900021,approach,-30.0781192779541,-240.5887908935547,-17.220550537109375
111.01321761200052,approach,-30.07914161682129,-240.58860778808594,-17.16171646118164
111.04523166800027,approach,-30.079879760742188,-240.58856201171875,-17.11458969116211
111.0792018459997,approach,-30.080533981323242,-240.58865356445312,-17.067420959472656
111.11320891099967,approach,-30.08110237121582,-240.58883666992188,-17.02020263671875
111.1452368549999,approach,-30.081584930419922,-240.58914184570312,-16.97295379638672
111.17921820499942,approach,-30.081972122192383,-240.5895233154297,-16.92574119567871
111.21320455500063,approach,-30.082290649414062,-240.590087890625,-16.8668212890625
111.24523628300085,approach,-30.082393646240234,-240.59056091308594,-16.819759368896484
111.27922525199938,approach,-30.08235740661621,-240.5911102294922,-16.772750854492188
111.31321168500108,approach,-30.08219337463379,-240.59169006347656,-16.725746154785156
111.3452358630002,approach,-30.081918716430664,-240.5923309326172,-16.67872428894043
111.37921466400076,approach,-30.08156967163086,-240.593017578125,-16.631620407104492
111.41320542699941,approach,-30.081066131591797,-240.59390258789062,-16.57272720336914
111.44524116799948,approach,-30.08066177368164,-240.59463500976562,-16.525583267211914
111.47921346300063,approach,-30.080259323120117,-240.5954132080078,-16.4783878326416
111.51322129300024,approach,-30.079832077026367,-240.59613037109375,-16.431188583374023
111.5452732570011,approach,-30.07938003540039,-240.59678649902344,-16.383981704711914
111.57922287899964,approach,-30.078853607177734,-240.59735107421875,-16.336814880371094
111.61323896900103,approach,-30.078060150146484,-240.5980224609375,-16.277799606323242
111.64523968300091,approach,-30.077377319335938,-240.59857177734375,-16.23053550720215
111.67920644500009,approach,-30.076679229736328,-240.59913635253906,-16.183284759521484
111.71324847700089,approach,-30.07601547241211,-240.59967041015625,-16.136011123657227
111.7452274770003,approach,-30.075428009033203,-240.6001739501953,-16.088722229003906
111.77922764399955,approach,-30.07494354248047,-240.60069274902344,-16.041458129882812
111.81325830199967,approach,-30.07448387145996,-240.60134887695312,-15.982368469238281
111.84526440199988,approach,-30.074262619018555,-240.60186767578125,-15.935094833374023
111.87920305999978,approach,-30.07417106628418,-240.6023712158203,-15.887811660766602
111.91321711400087,approach,-30.07417869567871,-240.6029052734375,-15.840438842773438
111.94527501999983,approach,-30.074308395385742,-240.60345458984375,-15.793004989624023
111.97920511499979,approach,-30.074533462524414,-240.60398864746094,-15.74561882019043
112.01324991100046,approach,-30.07493019104004,-240.6045379638672,-15.68643569946289
112.04527335500097,approach,-30.075353622436523,-240.6049041748047,-15.639129638671875
112.0792336859995,approach,-30.075841903686523,-240.60525512695312,-15.591825485229492
112.11321185400084,approach,-30.076393127441406,-240.60557556152344,-15.544588088989258
112.14523764000114,approach,-30.07697105407715,-240.6058807373047,-15.497396469116211
112.17921620699963,approach,-30.077556610107422,-240.606201171875,-15.450263977050781
112.21320993399968,approach,-30.078323364257812,-240.60658264160156,-15.391366958618164
112.2452448389995,approach,-30.079015731811523,-240.60690307617188,-15.344308853149414
112.2791985799995,approach,-30.07981300354004,-240.6072998046875,-15.297325134277344
112.31321108300108,approach,-30.0806941986084,-240.60775756835938,-15.250423431396484
112.34522767199996,approach,-30.081623077392578,-240.6082763671875,-15.203569412231445
112.37922828900082,approach,-30.08255958557129,-240.6088409423828,-15.156673431396484
112.41323756800011,approach,-30.083749771118164,-240.60960388183594,-15.097978591918945
112.44525072000033,approach,-30.084665298461914,-240.6102294921875,-15.050960540771484
112.47921378799947,approach,-30.085535049438477,-240.61083984375,-15.00384521484375
112.51320394100003,approach,-30.08636474609375,-240.61146545410156,-14.95671272277832
112.54527715999939,approach,-30.087160110473633,-240.6121368408203,-14.909574508666992
112.57923377599946,approach,-30.087926864624023,-240.6128387451172,-14.862375259399414
112.61325561299964,approach,-30.08889389038086,-240.61373901367188,-14.803241729736328
112.64523094499964,approach,-30.089689254760742,-240.61439514160156,-14.755834579467773
112.67921245999969,approach,-30.090473175048828,-240.6150360107422,-14.708324432373047
112.71319460499944,approach,-30.091167449951172,-240.61566162109375,-14.660720825195312
112.745226164001,approach,-30.09177589416504,-240.61627197265625,-14.613014221191406
112.77922861600018,approach,-30.092275619506836,-240.6168212890625,-14.565330505371094
112.81321569000102,approach,-30.09275245666504,-240.6173095703125,-14.505725860595703
112.84524737200081,approach,-30.092979431152344,-240.6175079345703,-14.457986831665039
112.87921187699976,approach,-30.093122482299805,-240.6175994873047,-14.410165786743164
112.91324924699984,approach,-30.09317398071289,-240.61764526367188,-14.362306594848633
112.94529042700015,approach,-30.093088150024414,-240.61767578125,-14.314382553100586
112.97924165800032,approach,-30.09290313720703,-240.61761474609375,-14.266374588012695
113.01319010900079,approach,-30.092622756958008,-240.61740112304688,-14.206304550170898
113.04523266199976,approach,-30.092390060424805,-240.6171112060547,-14.158226013183594
113.07918365000114,approach,-30.09215545654297,-240.61679077148438,-14.110139846801758
113.11319240900048,approach,-30.09189224243164,-240.61643981933594,-14.06197738647461
113.1451808769998,approach,-30.091583251953125,-240.6160888671875,-14.01382064819336
113.17919297300068,approach,-30.091249465942383,-240.6157989501953,-13.965803146362305
113.21321710700067,approach,-30.090858459472656,-240.61550903320312,-13.905939102172852
113.24519350900118,approach,-30.09059715270996,-240.6153564453125,-13.858160018920898
113.27923150199967,approach,-30.090280532836914,-240.6151885986328,-13.810455322265625
113.31320491199949,approach,-30.089908599853516,-240.61500549316406,-13.762796401977539
113.34521590700024,approach,-30.089492797851562,-240.6147918701172,-13.715137481689453
113.37922110799991,approach,-30.08907127380371,-240.61453247070312,-13.667455673217773
113.41325529499954,approach,-30.088518142700195,-240.61416625976562,-13.607820510864258
113.4452271099999,approach,-30.088027954101562,-240.6138458251953,-13.560091018676758
113.47920540099949,approach,-30.087467193603516,-240.61355590820312,-13.51234245300293
113.5131953830005,approach,-30.086828231811523,-240.61325073242188,-13.464546203613281
113.54523809300008,approach,-30.08611297607422,-240.6129150390625,-13.416728973388672
113.57921758300108,approach,-30.085309982299805,-240.61257934570312,-13.368890762329102
113.61323004599944,approach,-30.084327697753906,-240.61219787597656,-13.309120178222656
113.64523912299956,approach,-30.083660125732422,-240.61192321777344,-13.26130485534668
113.6792129710011,approach,-30.08304214477539,-240.61163330078125,-13.21342658996582
113.71321775900105,approach,-30.082508087158203,-240.61135864257812,-13.165487289428711
113.74524241000108,approach,-30.08203125,-240.6111602783203,-13.11749267578125
113.77919632900011,approach,-30.081687927246094,-240.6110382080078,-13.06944465637207
113.81325695499982,approach,-30.08147430419922,-240.6109619140625,-13.009296417236328
113.8452295850002,approach,-30.081409454345703,-240.6110076904297,-12.961126327514648
113.87923664400114,approach,-30.081418991088867,-240.6111297607422,-12.91292953491211
113.91320326300047,approach,-30.081449508666992,-240.611328125,-12.864723205566406
113.94522863600105,approach,-30.081470489501953,-240.61154174804688,-12.816511154174805
113.97921936500097,approach,-30.08147621154785,-240.61175537109375,-12.768329620361328
114.01452212200093,approach,-30.081485748291016,-240.61209106445312,-12.708059310913086
114.04656580400115,approach,-30.081491470336914,-240.61245727539062,-12.659854888916016
114.08052320699971,approach,-30.081470489501953,-240.6129150390625,-12.611703872680664
114.11453165100102,approach,-30.0814151763916,-240.61346435546875,-12.56355094909668
114.14655532300094,approach,-30.081281661987305,-240.6141357421875,-12.515384674072266
114.18054219300029,approach,-30.0810489654541,-240.6149444580078,-12.46719741821289
114.21453393299998,approach,-30.08070945739746,-240.6161346435547,-12.40684700012207
114.24655572899974,approach,-30.080427169799805,-240.6172637939453,-12.358549118041992
114.28055228300036,approach,-30.08014678955078,-240.61849975585938,-12.310272216796875
114.31456727800105,approach,-30.079824447631836,-240.61990356445312,-12.262016296386719
114.34656116000042,approach,-30.079465866088867,-240.6214141845703,-12.213790893554688
114.38054122200083,approach,-30.07906723022461,-240.62301635742188,-12.165578842163086
114.41452385400044,approach,-30.078462600708008,-240.62515258789062,-12.105445861816406
114.44655869599956,approach,-30.077869415283203,-240.626953125,-12.057426452636719
114.48053856300066,approach,-30.077205657958984,-240.62879943847656,-12.009504318237305
114.51451796900074,approach,-30.076520919799805,-240.63072204589844,-11.961627960205078
114.54655335899952,approach,-30.075849533081055,-240.63270568847656,-11.913793563842773
114.58054274200003,approach,-30.075197219848633,-240.6347198486328,-11.866048812866211
114.61454680499992,approach,-30.074378967285156,-240.63729858398438,-11.806465148925781
114.64656631500111,approach,-30.073678970336914,-240.63938903808594,-11.758842468261719
114.68054784699962,approach,-30.07293701171875,-240.64146423339844,-11.71120834350586
114.71453722200022,approach,-30.072179794311523,-240.6435089111328,-11.66360092163086
114.74655827300012,approach,-30.071420669555664,-240.6455535888672,-11.616004943847656
114.78056950199971,approach,-30.070653915405273,-240.6476287841797,-11.56837272644043
114.81455503600046,approach,-30.069684982299805,-240.6501922607422,-11.508861541748047
114.84655388200008,approach,-30.06891441345215,-240.65219116210938,-11.461280822753906
114.88054488700072,approach,-30.06813621520996,-240.65414428710938,-11.4136962890625
114.9145474270008,approach,-30.067358016967773,-240.656005859375,-11.366065979003906
114.94656192299954,approach,-30.066587448120117,-240.6577911376953,-11.318389892578125
114.98053091800102,approach,-30.06587028503418,-240.6594696044922,-11.270662307739258
115.01454643500074,approach,-30.065031051635742,-240.66146850585938,-11.210926055908203
115.0465479049999,approach,-30.06438636779785,-240.6629180908203,-11.163074493408203
115.08054064399948,approach,-30.063793182373047,-240.6642608642578,-11.115184783935547
115.11453489899941,approach,-30.063262939453125,-240.6654815673828,-11.067316055297852
115.14656355800071,approach,-30.062776565551758,-240.6666259765625,-11.01945686340332
115.18053094400057,approach,-30.06233787536621,-240.6676788330078,-10.971616744995117
115.21452618200055,approach,-30.061843872070312,-240.6688690185547,-10.911766052246094
115.24659971800065,approach,-30.06148910522461,-240.6697540283203,-10.863903045654297
115.28053452399945,approach,-30.061128616333008,-240.6705322265625,-10.81612777709961
115.3145824330004,approach,-30.0607852935791,-240.67123413085938,-10.768404006958008
115.34656530600114,approach,-30.060489654541016,-240.671875,-10.720712661743164
115.38054014599948,approach,-30.060224533081055,-240.67245483398438,-10.672985076904297
115.41455044900067,approach,-30.05994987487793,-240.67312622070312,-10.613397598266602
115.44656690299962,approach,-30.05978012084961,-240.67359924316406,-10.56573486328125
115.4805482390002,approach,-30.059646606445312,-240.67398071289062,-10.518045425415039
115.5145463709996,approach,-30.059532165527344,-240.67428588867188,-10.47030258178711
115.54654369899981,approach,-30.059446334838867,-240.67453002929688,-10.422504425048828
115.58054647500103,approach,-30.05934715270996,-240.6747283935547,-10.374687194824219
115.61454661599964,approach,-30.059226989746094,-240.67491149902344,-10.31492805480957
115.64657109200016,approach,-30.059125900268555,-240.67494201660156,-10.26716423034668
115.68053723000048,approach,-30.059053421020508,-240.67486572265625,-10.21943473815918
115.71452770299948,approach,-30.059030532836914,-240.6747589111328,-10.17170524597168
115.74655147799967,approach,-30.059066772460938,-240.67462158203125,-10.123971939086914
115.78053934700074,approach,-30.059186935424805,-240.67440795898438,-10.076236724853516
115.81453615300052,approach,-30.059520721435547,-240.67408752441406,-10.016580581665039
115.8465614529996,approach,-30.05997657775879,-240.67381286621094,-9.968900680541992
115.88058854399969,approach,-30.060556411743164,-240.67352294921875,-9.921249389648438
115.91453173900118,approach,-30.061279296875,-240.6732635498047,-9.873594284057617
115.94660183700034,approach,-30.062110900878906,-240.67306518554688,-9.825942993164062
115.98054808900088,approach,-30.06298065185547,-240.67294311523438,-9.778335571289062
116.01453577400025,approach,-30.06412696838379,-240.67286682128906,-9.718820571899414
116.04656529000022,approach,-30.065105438232422,-240.67291259765625,-9.671199798583984
116.08054762100073,approach,-30.066184997558594,-240.67298889160156,-9.623544692993164
116.11453135800002,approach,-30.0672664642334,-240.67311096191406,-9.575855255126953
116.146557510001,approach,-30.068294525146484,-240.67323303222656,-9.528165817260742
116.18054036400099,approach,-30.069318771362305,-240.6734161376953,-9.480398178100586
116.21454253100092,approach,-30.070581436157227,-240.6737823486328,-9.420722961425781
116.24660174600103,approach,-30.07161521911621,-240.67416381835938,-9.37299919128418
116.28054903100019,approach,-30.0726375579834,-240.67466735839844,-9.325225830078125
116.31450977700115,approach,-30.073583602905273,-240.67527770996094,-9.277429580688477
116.34659558500061,approach,-30.074501037597656,-240.6759490966797,-9.229619979858398
116.3805123559996,approach,-30.075368881225586,-240.6767120361328,-9.181756973266602
116.41451265100113,approach,-30.076366424560547,-240.6776580810547,-9.12196159362793
116.4465148929994,approach,-30.07707405090332,-240.6784210205078,-9.074113845825195
116.48050812800102,approach,-30.07764434814453,-240.6791534423828,-9.026182174682617
116.51454554100019,approach,-30.078107833862305,-240.67990112304688,-8.978227615356445
116.54649615200105,approach,-30.078458786010742,-240.6806182861328,-8.930282592773438
116.58053766900048,approach,-30.07869529724121,-240.6813201904297,-8.882308959960938
116.61453299700042,approach,-30.078935623168945,-240.6822052001953,-8.822380065917969
116.64654715300094,approach,-30.079090118408203,-240.68287658691406,-8.774456024169922
116.68056141399938,approach,-30.07916259765625,-240.68356323242188,-8.726511001586914
116.7145430290002,approach,-30.079181671142578,-240.68435668945312,-8.67855453491211
116.74656032600069,approach,-30.079120635986328,-240.6852569580078,-8.630596160888672
116.7805567560008,approach,-30.079030990600586,-240.68624877929688,-8.582620620727539
116.814543804001,approach,-30.07892608642578,-240.68756103515625,-8.52269172668457
116.84657068900015,approach,-30.078777313232422,-240.68862915039062,-8.474750518798828
116.88057470000058,approach,-30.078567504882812,-240.689697265625,-8.426855087280273
116.91453717200056,approach,-30.07834243774414,-240.69076538085938,-8.378984451293945
116.94659847500043,approach,-30.07808494567871,-240.69183349609375,-8.33116340637207
116.98056368899961,approach,-30.077829360961914,-240.6929473876953,-8.283281326293945
117.01454536200072,approach,-30.077547073364258,-240.6942596435547,-8.22354507446289
117.04661769300037,approach,-30.07735824584961,-240.6952667236328,-8.175798416137695
117.08054123300099,approach,-30.07722282409668,-240.69625854492188,-8.128044128417969
117.11453756300034,approach,-30.07714080810547,-240.697265625,-8.080316543579102
117.14656383500005,approach,-30.07709503173828,-240.69827270507812,-8.032623291015625
117.18053719999989,approach,-30.077064514160156,-240.69924926757812,-7.984945774078369
117.21453126300003,approach,-30.07697868347168,-240.70042419433594,-7.925478458404541
117.2466753130011,approach,-30.076854705810547,-240.7012939453125,-7.877969264984131
117.28055024999958,approach,-30.07672119140625,-240.70208740234375,-7.830490589141846
117.31453939200037,approach,-30.076602935791016,-240.70281982421875,-7.782973766326904
117.34656552200067,approach,-30.076505661010742,-240.70352172851562,-7.735421657562256
117.3805478739996,approach,-30.07645034790039,-240.70416259765625,-7.687784671783447
117.41455998499987,approach,-30.076459884643555,-240.7047882080078,-7.628219127655029
117.44657321600062,approach,-30.076501846313477,-240.70516967773438,-7.580568790435791
117.48055178300092,approach,-30.076557159423828,-240.70541381835938,-7.532907009124756
117.51453600400055,approach,-30.076642990112305,-240.7055206298828,-7.485205173492432
117.54658766200009,approach,-30.076738357543945,-240.70553588867188,-7.437493801116943
117.58055122699989,approach,-30.076831817626953,-240.70545959472656,-7.389684200286865
117.61453145300038,approach,-30.076887130737305,-240.70521545410156,-7.329883098602295
117.64822000800086,approach,-30.076906204223633,-240.70492553710938,-7.282015323638916
117.68221671699939,approach,-30.076873779296875,-240.70460510253906,-7.234133243560791
117.7164057709997,approach,-30.076820373535156,-240.7042694091797,-7.1862616539001465
117.75074498300091,approach,-30.076696395874023,-240.7039031982422,-7.1384196281433105
117.78721017899989,approach,-30.07654571533203,-240.7034912109375,-7.090592861175537
117.82123221800066,approach,-30.076374053955078,-240.70294189453125,-7.0308661460876465
117.8544013970004,approach,-30.07622528076172,-240.7024688720703,-6.9831013679504395
117.88976764200015,approach,-30.076038360595703,-240.7019500732422,-6.935306072235107
117.92379102199993,approach,-30.075786590576172,-240.70140075683594,-6.887509822845459
117.95682337400103,approach,-30.075490951538086,-240.7007598876953,-6.839721202850342
117.99075700700087,approach,-30.075204849243164,-240.70005798339844,-6.791824817657471
118.02476710300107,approach,-30.074851989746094,-240.69911193847656,-6.7320122718811035
118.05682220000017,approach,-30.074512481689453,-240.6983184814453,-6.684195041656494
118.0907056649994,approach,-30.07411003112793,-240.69749450683594,-6.636376857757568
118.12471002200073,approach,-30.07362937927246,-240.69664001464844,-6.588627338409424
118.15674820099957,approach,-30.073062896728516,-240.6957244873047,-6.540952205657959
118.19069970700002,approach,-30.072404861450195,-240.6947784423828,-6.493270397186279
118.2247073840008,approach,-30.071495056152344,-240.6935577392578,-6.433781147003174
118.2567829769996,approach,-30.07074546813965,-240.6925506591797,-6.3862624168396
118.2906957690011,approach,-30.069982528686523,-240.6915283203125,-6.338841915130615
118.32470778599964,approach,-30.069202423095703,-240.69049072265625,-6.2914204597473145
118.35674513999948,approach,-30.068422317504883,-240.689453125,-6.243994235992432
118.39069897000081,approach,-30.067659378051758,-240.68841552734375,-6.1965765953063965
118.42469906800034,approach,-30.06681251525879,-240.6871337890625,-6.1372971534729
118.45674355800111,approach,-30.06621742248535,-240.6861114501953,-6.089848041534424
118.49074386600114,approach,-30.06570816040039,-240.6851043701172,-6.042358875274658
118.52471408900055,approach,-30.065288543701172,-240.6841278076172,-5.994811534881592
118.55675076999978,approach,-30.064977645874023,-240.68319702148438,-5.947239398956299
118.59069507899949,approach,-30.064760208129883,-240.68231201171875,-5.8996710777282715
118.62472084900037,approach,-30.06460952758789,-240.68124389648438,-5.840198993682861
118.65676241700021,approach,-30.064624786376953,-240.68038940429688,-5.79263162612915
118.69071443800021,approach,-30.06477165222168,-240.67955017089844,-5.745110988616943
118.72471052900073,approach,-30.06502342224121,-240.67868041992188,-5.697564601898193
118.75679858600051,approach,-30.06529998779297,-240.6777801513672,-5.6499552726745605
118.79068943899983,approach,-30.065601348876953,-240.6768798828125,-5.60222864151001
118.82470141200065,approach,-30.066009521484375,-240.6757049560547,-5.542558193206787
118.85674073900009,approach,-30.066396713256836,-240.67474365234375,-5.494813442230225
118.89069794200077,approach,-30.066869735717773,-240.6737823486328,-5.44700288772583
118.924707872,approach,-30.06743621826172,-240.67286682128906,-5.399137020111084
118.95675727300113,approach,-30.06804847717285,-240.67201232910156,-5.35126256942749
118.99069820899967,approach,-30.06869888305664,-240.67120361328125,-5.303457260131836
119.02470752500085,approach,-30.069583892822266,-240.67030334472656,-5.243672847747803
119.05679207399953,approach,-30.070308685302734,-240.66964721679688,-5.195860385894775
119.09069643099974,approach,-30.071014404296875,-240.6690216064453,-5.148063659667969
119.12472480900033,approach,-30.0716609954834,-240.66839599609375,-5.100271224975586
119.15674579799997,approach,-30.072221755981445,-240.66775512695312,-5.052485466003418
119.19069142199987,approach,-30.07270622253418,-240.66709899902344,-5.004696369171143
119.22473308200097,approach,-30.07325553894043,-240.666259765625,-4.945058345794678
119.25675641899943,approach,-30.073640823364258,-240.66555786132812,-4.8973388671875
119.29071295500034,approach,-30.07400131225586,-240.6649169921875,-4.849595069885254
119.3247232520007,approach,-30.074365615844727,-240.66432189941406,-4.801855087280273
119.35678659100085,approach,-30.074705123901367,-240.66378784179688,-4.75410795211792
119.39070265299961,approach,-30.074996948242188,-240.66336059570312,-4.706353664398193
119.42473449099998,approach,-30.075267791748047,-240.6628875732422,-4.646713733673096
119.45674633899944,approach,-30.075403213500977,-240.66256713867188,-4.599005222320557
119.49072110999987,approach,-30.075489044189453,-240.66224670410156,-4.55124044418335
119.52473740999994,approach,-30.075546264648438,-240.66195678710938,-4.503454208374023
119.55674728600025,approach,-30.07557487487793,-240.6616668701172,-4.455681800842285
119.59071450400006,approach,-30.075578689575195,-240.66136169433594,-4.407944202423096
119.62469162399975,approach,-30.075502395629883,-240.6610107421875,-4.348329067230225
119.65675066699987,approach,-30.07539176940918,-240.66073608398438,-4.3006815910339355
119.69069748900074,approach,-30.07526969909668,-240.66043090820312,-4.253097057342529
119.72469192100107,approach,-30.075061798095703,-240.66017150878906,-4.205583095550537
119.7566831460008,approach,-30.07477569580078,-240.65997314453125,-4.158131122589111
119.79070980100005,approach,-30.07435417175293,-240.6597900390625,-4.110688209533691
119.82471350299966,approach,-30.073726654052734,-240.65957641601562,-4.05137825012207
119.85672753600011,approach,-30.073183059692383,-240.659423828125,-4.003968715667725
119.89072627399946,approach,-30.0726261138916,-240.65928649902344,-3.956655979156494
119.92472841900053,approach,-30.072093963623047,-240.6592254638672,-3.9093689918518066
119.95676988000014,approach,-30.071556091308594,-240.6592254638672,-3.8620853424072266
119.99075658000038,approach,-30.070987701416016,-240.65927124023438,-3.8148770332336426
120.02476492000096,approach,-30.070280075073242,-240.65936279296875,-3.755887985229492
120.0567556320002,approach,-30.069746017456055,-240.65945434570312,-3.708677291870117
120.09072560899949,approach,-30.0692195892334,-240.6595916748047,-3.6614432334899902
120.12474354000005,approach,-30.068662643432617,-240.65980529785156,-3.61417818069458
120.15676169800099,approach,-30.068071365356445,-240.6600341796875,-3.566884994506836
120.19072233500083,approach,-30.06749153137207,-240.66026306152344,-3.519524574279785
120.22474970300027,approach,-30.06675910949707,-240.66053771972656,-3.460326671600342
120.25673208700027,approach,-30.066181182861328,-240.66075134277344,-3.4129724502563477
120.29071336299967,approach,-30.065635681152344,-240.6609649658203,-3.3656110763549805
120.32471807900038,approach,-30.06513023376465,-240.66123962402344,-3.3182482719421387
120.35673244999998,approach,-30.06463623046875,-240.66152954101562,-3.270847797393799
120.39071514100033,approach,-30.064125061035156,-240.661865234375,-3.2234559059143066
120.42473588900066,approach,-30.063398361206055,-240.66233825683594,-3.1641993522644043
120.45674266599963,approach,-30.06278419494629,-240.6627197265625,-3.1167545318603516
120.49071591200118,approach,-30.062108993530273,-240.66307067871094,-3.0692968368530273
120.52479675699942,approach,-30.06136131286621,-240.66334533691406,-3.02183198928833
120.55674569800067,approach,-30.060575485229492,-240.66351318359375,-2.9743590354919434
120.59072464000019,approach,-30.059791564941406,-240.66358947753906,-2.926948070526123
120.62472756399984,approach,-30.05881690979004,-240.66358947753906,-2.8676772117614746
120.65675705600006,approach,-30.05803871154785,-240.6635284423828,-2.820234775543213
120.69071416599945,approach,-30.057218551635742,-240.66342163085938,-2.772740364074707
120.72474797399991,approach,-30.05636978149414,-240.6632537841797,-2.725253105163574
120.75676155400106,approach,-30.055524826049805,-240.6630401611328,-2.677760601043701
120.79072227100005,approach,-30.054691314697266,-240.66278076171875,-2.630171775817871
120.82471675399938,approach,-30.053749084472656,-240.66241455078125,-2.570578098297119
120.8567888990001,approach,-30.053123474121094,-240.662109375,-2.5228781700134277
120.89073107399963,approach,-30.052593231201172,-240.6618194580078,-2.475215435028076
120.9247325209999,approach,-30.052173614501953,-240.66151428222656,-2.427497386932373
120.95674662199963,approach,-30.051883697509766,-240.6612091064453,-2.3797125816345215
120.99072236699976,approach,-30.051727294921875,-240.66091918945312,-2.3318443298339844
121.02473120800096,approach,-30.051708221435547,-240.66058349609375,-2.271911144256592
121.05675820299984,approach,-30.051828384399414,-240.66038513183594,-2.223891258239746
121.09072572200057,approach,-30.052112579345703,-240.66029357910156,-2.175813674926758
121.12472488599997,approach,-30.052589416503906,-240.66026306152344,-2.127685070037842
121.15678332100106,approach,-30.05322265625,-240.6602783203125,-2.079620838165283
121.1907514049999,approach,-30.053985595703125,-240.66033935546875,-2.031918525695801
121.22472571300023,approach,-30.055105209350586,-240.6604766845703,-1.9732556343078613
121.25676645299973,approach,-30.056095123291016,-240.66064453125,-1.9274101257324219
121.29072912800075,approach,-30.05718231201172,-240.66085815429688,-1.8827829360961914
121.32472632899953,approach,-30.058334350585938,-240.66110229492188,-1.8395624160766602
121.35675718300081,approach,-30.05951690673828,-240.66140747070312,-1.7978572845458984
121.3907149530005,approach,-30.060731887817383,-240.6617431640625,-1.75761079788208
121.42471957099951,approach,-30.06229019165039,-240.66221618652344,-1.7093501091003418
121.45677585300109,approach,-30.06354331970215,-240.66262817382812,-1.6724486351013184
121.49071133300095,approach,-30.06479835510254,-240.66307067871094,-1.6370816230773926
