<?xml version="1.0" encoding="utf-8"?>
<COLLADA xmlns="http://www.collada.org/2005/11/COLLADASchema" version="1.4.1" xmlns:xsi="http://www.w3.org/2001/XMLSchema-instance">
  <asset>
    <contributor>
      <author>Blender User</author>
      <authoring_tool>Blender 2.83.0 commit date:2020-06-03, commit time:14:38, hash:211b6c29f771</authoring_tool>
    </contributor>
    <created>2020-06-23T11:51:32</created>
    <modified>2020-06-23T11:51:32</modified>
    <unit name="meter" meter="1"/>
    <up_axis>Z_UP</up_axis>
  </asset>
  <library_effects>
    <effect id="Texture_Dji_matrice-effect">
      <profile_COMMON>
        <newparam sid="Texture_Dji_matrice_jpg-surface">
          <surface type="2D">
            <init_from>Texture_Dji_matrice_jpg</init_from>
          </surface>
        </newparam>
        <newparam sid="Texture_Dji_matrice_jpg-sampler">
          <sampler2D>
            <source>Texture_Dji_matrice_jpg-surface</source>
          </sampler2D>
        </newparam>
        <technique sid="common">
          <lambert>
            <emission>
              <color sid="emission">0.035 0.035 0.040 1</color>
            </emission>
            <ambient>
              <color sid="ambient">0.22 0.22 0.24 1</color>
            </ambient>
            <diffuse>
              <color sid="diffuse">0.34 0.34 0.37 1</color>
            </diffuse>
            <index_of_refraction>
              <float sid="ior">1.45</float>
            </index_of_refraction>
          </lambert>
        </technique>
      </profile_COMMON>
    </effect>
  </library_effects>
  <library_images>
    <image id="Texture_Dji_matrice_jpg" name="Texture_Dji_matrice_jpg">
      <init_from>../materials/textures/Texture_Dji_matrice.jpg</init_from>
    </image>
  </library_images>
  <library_materials>
    <material id="Texture_Dji_matrice-material" name="Texture Dji matrice">
      <instance_effect url="#Texture_Dji_matrice-effect"/>
    </material>
  </library_materials>
  <library_geometries>
    <geometry id="Cube_006-mesh" name="Cube.006">
      <mesh>
        <source id="Cube_006-mesh-positions">
          <float_array id="Cube_006-mesh-positions-array" count="48">0.05218291 -0.03458833 0.05095589 0.05218285 0.02807897 0.05095589 -0.04269617 -0.03458833 0.05095589 -0.04269617 0.02807897 0.05095589 -0.04253089 -0.0344792 0.09869557 0.05201762 -0.0344792 0.09869557 0.05218285 0.02807897 0.09877884 -0.04269617 0.02807897 0.09877884 0.05218291 -0.03458833 0.05095589 0.05218285 0.02807897 0.05095589 -0.04269617 -0.03458833 0.05095589 -0.04269617 0.02807897 0.05095589 -0.04253089 -0.0344792 0.09869557 0.05201762 -0.0344792 0.09869557 0.05218285 0.02807897 0.09877884 -0.04269617 0.02807897 0.09877884</float_array>
          <technique_common>
            <accessor source="#Cube_006-mesh-positions-array" count="16" stride="3">
              <param name="X" type="float"/>
              <param name="Y" type="float"/>
              <param name="Z" type="float"/>
            </accessor>
          </technique_common>
        </source>
        <source id="Cube_006-mesh-normals">
          <float_array id="Cube_006-mesh-normals-array" count="30">-0.9999966 -0.002641439 0 0.9999941 3.11298e-7 0.003461658 2.23725e-7 -0.001331508 0.9999991 0 1 0 0 -0.9999974 0.002286374 -0.9999941 1.55649e-7 0.003461658 0.9999966 -0.00264126 0 -1.56908e-7 -0.001331508 0.9999991 0 1 0 0 -0.9999974 0.002286434</float_array>
          <technique_common>
            <accessor source="#Cube_006-mesh-normals-array" count="10" stride="3">
              <param name="X" type="float"/>
              <param name="Y" type="float"/>
              <param name="Z" type="float"/>
            </accessor>
          </technique_common>
        </source>
        <source id="Cube_006-mesh-map-0">
          <float_array id="Cube_006-mesh-map-0-array" count="60">0.2749458 0.01023954 0.138111 0.1895469 0.1378731 0.01023888 0.2667393 0.1606098 0.1555739 0.01493936 0.2667393 0.01468515 0.2705217 0.01925987 0.1559057 0.1467344 0.1559057 0.01925987 1 1 1 0 1 0 0 0 0 1 0 1 0.2749458 0.01023954 0.2749458 0.1898598 0.138111 0.1895469 0.2667393 0.1606098 0.1553806 0.1606103 0.1555739 0.01493936 0.2705217 0.01925987 0.2705217 0.1467344 0.1559057 0.1467344 1 1 1 1 1 0 0 0 0 0 0 1</float_array>
          <technique_common>
            <accessor source="#Cube_006-mesh-map-0-array" count="30" stride="2">
              <param name="S" type="float"/>
              <param name="T" type="float"/>
            </accessor>
          </technique_common>
        </source>
        <vertices id="Cube_006-mesh-vertices">
          <input semantic="POSITION" source="#Cube_006-mesh-positions"/>
        </vertices>
        <triangles material="Texture_Dji_matrice-material" count="10">
          <input semantic="VERTEX" source="#Cube_006-mesh-vertices" offset="0"/>
          <input semantic="NORMAL" source="#Cube_006-mesh-normals" offset="1"/>
          <input semantic="TEXCOORD" source="#Cube_006-mesh-map-0" offset="2" set="0"/>
          <p>3 0 0 4 0 1 7 0 2 1 1 3 5 1 4 0 1 5 14 2 6 12 2 7 13 2 8 11 3 9 14 3 10 9 3 11 8 4 12 12 4 13 10 4 14 3 5 15 2 5 16 4 5 17 1 6 18 6 6 19 5 6 20 14 7 21 15 7 22 12 7 23 11 8 24 15 8 25 14 8 26 8 9 27 13 9 28 12 9 29</p>
        </triangles>
      </mesh>
    </geometry>
    <geometry id="Cube_004-mesh" name="Cube.004">
      <mesh>
        <source id="Cube_004-mesh-positions">
          <float_array id="Cube_004-mesh-positions-array" count="192">-0.2170508 -0.2425227 0.03645092 -0.2251295 -0.2471869 0.03645092 -0.234458 -0.2471869 0.03645092 -0.2425366 -0.2425227 0.03645092 -0.2472009 -0.234444 0.03645092 -0.2472009 -0.2251155 0.03645092 -0.2425367 -0.2170369 0.03645092 -0.234458 -0.2123726 0.03645092 -0.2251295 -0.2123726 0.03645092 -0.2170508 -0.2170369 0.03645092 -0.2123866 -0.2251155 0.03645092 -0.2123866 -0.234444 0.03645092 -0.2170508 -0.2425227 0.04755407 -0.2251295 -0.2471869 0.04755407 -0.234458 -0.2471869 0.04755407 -0.2425366 -0.2425227 0.04755407 -0.2472009 -0.234444 0.04755407 -0.2472009 -0.2251155 0.04755407 -0.2425367 -0.2170369 0.04755407 -0.234458 -0.2123726 0.04755407 -0.2251295 -0.2123726 0.04755407 -0.2170508 -0.2170369 0.04755407 -0.2123866 -0.2251155 0.04755407 -0.2123866 -0.234444 0.04755407 -0.3448048 -0.2303791 0.03994214 -0.3432245 -0.2320984 0.04056543 -0.2410337 -0.2163709 0.04270267 -0.2402721 -0.2376999 0.04435932 -0.2667204 -0.2135545 0.04112708 -0.2927869 -0.2161865 0.03972405 -0.3158913 -0.2213883 0.03819024 -0.31839 -0.2357479 0.04275947 -0.2927011 -0.2373839 0.04327225 -0.2671095 -0.2380989 0.04387778 -0.3447845 -0.2305416 0.03944236 -0.3432043 -0.2322609 0.04006564 -0.2410096 -0.2163989 0.04217803 -0.240248 -0.2377279 0.04383468 -0.2666971 -0.2136133 0.040605 -0.2927643 -0.2162732 0.03920578 -0.3158711 -0.2215509 0.0376904 -0.3183698 -0.2359104 0.04225969 -0.2926784 -0.2374705 0.04275399 -0.2670861 -0.2381578 0.04335564 -0.1147829 -0.2291804 0.03994214 -0.1163631 -0.2274611 0.04056543 -0.2185539 -0.2431885 0.04270267 -0.2193156 -0.2218595 0.04435932 -0.1928672 -0.2460049 0.04112708 -0.1668007 -0.2433729 0.03972405 -0.1436963 -0.2381711 0.03819018 -0.1411976 -0.2238116 0.04275947 -0.1668866 -0.2221755 0.04327225 -0.1924782 -0.2214605 0.04387778 -0.1148031 -0.2290179 0.03944236 -0.1163834 -0.2272986 0.04006564 -0.218578 -0.2431605 0.04217803 -0.2193397 -0.2218315 0.04383462 -0.1928906 -0.2459461 0.04060494 -0.1668234 -0.2432862 0.03920578 -0.1437166 -0.2380085 0.0376904 -0.1412179 -0.223649 0.04225969 -0.1669092 -0.2220889 0.04275399 -0.1925016 -0.2214016 0.04335564</float_array>
          <technique_common>
            <accessor source="#Cube_004-mesh-positions-array" count="64" stride="3">
              <param name="X" type="float"/>
              <param name="Y" type="float"/>
              <param name="Z" type="float"/>
            </accessor>
          </technique_common>
        </source>
        <source id="Cube_004-mesh-normals">
          <float_array id="Cube_004-mesh-normals-array" count="192">0.9659304 -0.2588022 0 0.5353941 -0.5353941 0.6532278 0.7071068 -0.7071068 0 -0.7313601 -0.1959632 0.6532312 -0.1959632 -0.7313601 0.6532312 0.7313601 0.1959632 0.6532312 0.1959632 -0.7313601 0.6532312 0.2588022 -0.9659304 0 -0.2588022 -0.9659304 0 -0.5353941 -0.5353941 0.6532278 -0.7071068 -0.7071068 0 0.9659304 0.2588022 0 0.7313601 -0.1959632 0.6532312 0.7071068 0.7071068 0 0.2588022 0.9659304 0 0.5353941 0.5353941 0.6532278 -0.2588022 0.9659304 0 0.1959632 0.7313601 0.6532312 -0.7071068 0.7071068 0 -0.1959632 0.7313601 0.6532312 -0.9659304 0.2588022 0 -0.5353941 0.5353941 0.6532278 -0.9659304 -0.2588022 0 -0.7313601 0.1959632 0.6532312 -0.03433364 -0.62704 0.7782303 0.5703422 0.5917056 0.5697318 -0.03094643 0.7996022 0.5997322 -0.8187054 0.3785284 0.4317843 -0.0967766 -0.4601392 0.8825567 -0.211375 0.8714413 0.442618 -0.063205 -0.5754679 0.8153784 -0.1540591 0.8072232 0.5697866 0.6183434 0.5104285 -0.5975905 0.02243179 -0.7872799 -0.6161878 0.04541182 0.6496827 -0.7588481 -0.7756405 0.03305208 -0.630309 -0.0694006 -0.8954942 -0.439629 -0.3519747 -0.840186 -0.4125548 -0.1433473 0.452504 -0.8801657 -0.004455745 -0.8227056 -0.5684503 -0.06094664 0.5974726 -0.79957 0.6127958 -0.5958577 -0.5190713 0.5714468 -0.5254234 0.6303799 -0.401173 -0.4457308 0.8002402 0.03433418 0.6269879 0.778272 -0.5703422 -0.5917056 0.5697318 0.03094643 -0.7996022 0.5997322 0.8187163 -0.3785334 0.4317594 0.0967766 0.4601392 0.8825567 0.211375 -0.8714413 0.442618 0.063205 0.5754679 0.8153784 0.1540617 -0.8072371 0.569766 -0.6183245 -0.5104382 -0.5976018 -0.02243167 0.7873063 -0.616154 -0.04538136 -0.6496835 -0.7588491 0.7756398 -0.03308254 -0.6303084 0.0694006 0.8954942 -0.439629 0.3519791 0.8401965 -0.4125294 0.1433473 -0.452504 -0.8801657 0.004455745 0.8227056 -0.5684503 0.06094664 -0.5974726 -0.79957 -0.6127958 0.5958577 -0.5190713 -0.5714468 0.5254234 0.6303799 0.401173 0.4457308 0.8002402</float_array>
          <technique_common>
            <accessor source="#Cube_004-mesh-normals-array" count="64" stride="3">
              <param name="X" type="float"/>
              <param name="Y" type="float"/>
              <param name="Z" type="float"/>
            </accessor>
          </technique_common>
        </source>
        <source id="Cube_004-mesh-map-0">
          <float_array id="Cube_004-mesh-map-0-array" count="636">0.1552733 0.1624515 0.1538741 0.1643813 0.1538739 0.1624455 0.08646953 0.1612044 0.08728265 0.1581695 0.09253865 0.159578 0.1791982 0.1660274 0.1808027 0.1640868 0.1808027 0.1660223 0.1404157 0.1606407 0.1384603 0.1593534 0.1403955 0.159349 0.1568994 0.1624515 0.1552734 0.1643873 0.1552733 0.1624515 0.1808027 0.1660223 0.1823247 0.1640978 0.1823247 0.1660333 0.1583166 0.1624455 0.1568995 0.1643873 0.1568994 0.1624515 0.1366152 0.1529663 0.1380177 0.1510374 0.1380178 0.1529732 0.134989 0.1529663 0.136615 0.1510305 0.1366152 0.1529663 0.133575 0.1529732 0.1349889 0.1510305 0.134989 0.1529663 0.1403955 0.1562345 0.1384805 0.1552507 0.1404157 0.1552463 0.1403882 0.1577362 0.1384603 0.156239 0.1403955 0.1562345 0.1403955 0.159349 0.1384529 0.1577407 0.1403882 0.1577362 0.1535209 0.1347435 0.1498007 0.1301414 0.1492431 0.1346121 0.1519734 0.1482682 0.1529781 0.1436771 0.1504808 0.1432043 0.1504808 0.1432043 0.1533299 0.139203 0.1496341 0.1391631 0.1496341 0.1391631 0.1535209 0.1347435 0.1492431 0.1346121 0.1540778 0.1582425 0.1577971 0.1536357 0.1535209 0.1537722 0.1562534 0.1401121 0.1572622 0.1447018 0.1565573 0.1403827 0.1547678 0.1451776 0.1576059 0.1491762 0.1572622 0.1447018 0.153912 0.1492205 0.1577971 0.1536357 0.1576059 0.1491762 0.2021625 0.1456843 0.2021028 0.1497759 0.2022525 0.1456798 0.1578888 0.1548098 0.1577971 0.1513134 0.1577971 0.1548119 0.2020164 0.1497853 0.2025676 0.155034 0.2021028 0.1497759 0.08638209 0.1687978 0.08624911 0.1644615 0.08616167 0.1644617 0.2024763 0.1372336 0.2023805 0.1412588 0.2025676 0.1372329 0.1546046 0.09236627 0.1546961 0.09269189 0.1546961 0.09236949 0.08624911 0.1644615 0.08623653 0.1599847 0.08616167 0.1644617 0.2022898 0.1412615 0.2022525 0.1456798 0.2023805 0.1412588 0.08638453 0.1555222 0.08637797 0.1508435 0.08629333 0.155523 0.08632707 0.1599841 0.08629333 0.155523 0.08623653 0.1599847 0.1859911 0.1419125 0.1822715 0.1373103 0.1817142 0.141781 0.1844446 0.1554372 0.1854485 0.1508462 0.1829527 0.1503733 0.1829527 0.1503733 0.1858001 0.1463721 0.1821057 0.146332 0.1821057 0.146332 0.1859911 0.1419125 0.1817142 0.141781 0.1073277 0.1481941 0.1110482 0.1435876 0.10677 0.1437238 0.1095028 0.1300638 0.1105132 0.1346537 0.1098071 0.1303345 0.1080157 0.1351293 0.1108568 0.139128 0.1105132 0.1346537 0.1071606 0.1391722 0.1110482 0.1435876 0.1108568 0.139128 0.2028293 0.107346 0.2027624 0.1113874 0.2029195 0.1073476 0.1578887 0.1475764 0.1577971 0.1438474 0.1577971 0.1475785 0.2026755 0.1113862 0.2032095 0.1164296 0.2027624 0.1113874 0.1332284 0.1719292 0.1329199 0.1680832 0.133141 0.1719198 0.203118 0.09831267 0.2030445 0.1027951 0.2032095 0.09831452 0.1542384 0.09268975 0.154147 0.0922935 0.154147 0.09269189 0.1330074 0.1680926 0.1329948 0.1639926 0.1329199 0.1680832 0.2029535 0.1027934 0.2029195 0.1073476 0.2030445 0.1027951 0.1331429 0.1598634 0.1331368 0.1554578 0.1330517 0.1598607 0.1330853 0.1639971 0.1330517 0.1598607 0.1329948 0.1639926 0.1552733 0.1624515 0.1552734 0.1643873 0.1538741 0.1643813 0.08728265 0.1581695 0.08869099 0.1573563 0.09253865 0.159578 0.08869099 0.1573563 0.09031718 0.1573563 0.09253865 0.159578 0.09031718 0.1573563 0.09172558 0.1581695 0.09253865 0.159578 0.09253865 0.159578 0.09253865 0.1612044 0.09172558 0.1626129 0.09172558 0.1626129 0.09031718 0.1634261 0.09253865 0.159578 0.09031718 0.1634261 0.08869099 0.1634261 0.09253865 0.159578 0.08869099 0.1634261 0.08728265 0.1626129 0.08646953 0.1612044 0.08646953 0.1612044 0.08646953 0.159578 0.08728265 0.1581695 0.08869099 0.1634261 0.08646953 0.1612044 0.09253865 0.159578 0.1791982 0.1660274 0.1791982 0.1640919 0.1808027 0.1640868 0.1404157 0.1606407 0.1384805 0.1606453 0.1384603 0.1593534 0.1568994 0.1624515 0.1568995 0.1643873 0.1552734 0.1643873 0.1808027 0.1660223 0.1808027 0.1640868 0.1823247 0.1640978 0.1583166 0.1624455 0.1583168 0.1643813 0.1568995 0.1643873 0.1366152 0.1529663 0.136615 0.1510305 0.1380177 0.1510374 0.134989 0.1529663 0.1349889 0.1510305 0.136615 0.1510305 0.133575 0.1529732 0.1335749 0.1510374 0.1349889 0.1510305 0.1403955 0.1562345 0.1384603 0.156239 0.1384805 0.1552507 0.1403882 0.1577362 0.1384529 0.1577407 0.1384603 0.156239 0.1403955 0.159349 0.1384603 0.1593534 0.1384529 0.1577407 0.1535209 0.1347435 0.1535209 0.1300638 0.1498007 0.1301414 0.1519734 0.1482682 0.1522774 0.1479971 0.1529781 0.1436771 0.1504808 0.1432043 0.1529781 0.1436771 0.1533299 0.139203 0.1496341 0.1391631 0.1533299 0.139203 0.1535209 0.1347435 0.1540778 0.1582425 0.1577971 0.1583155 0.1577971 0.1536357 0.1562534 0.1401121 0.1547678 0.1451776 0.1572622 0.1447018 0.1547678 0.1451776 0.153912 0.1492205 0.1576059 0.1491762 0.153912 0.1492205 0.1535209 0.1537722 0.1577971 0.1536357 0.2021625 0.1456843 0.2020164 0.1497853 0.2021028 0.1497759 0.1578888 0.1548098 0.1578888 0.1513114 0.1577971 0.1513134 0.2020164 0.1497853 0.2024814 0.1550434 0.2025676 0.155034 0.08638209 0.1687978 0.08646953 0.1687976 0.08624911 0.1644615 0.2024763 0.1372336 0.2022898 0.1412615 0.2023805 0.1412588 0.1546046 0.09236627 0.1546046 0.09268862 0.1546961 0.09269189 0.08624911 0.1644615 0.08632707 0.1599841 0.08623653 0.1599847 0.2022898 0.1412615 0.2021625 0.1456843 0.2022525 0.1456798 0.08638453 0.1555222 0.08646953 0.1508426 0.08637797 0.1508435 0.08632707 0.1599841 0.08638453 0.1555222 0.08629333 0.155523 0.1859911 0.1419125 0.1859911 0.1372329 0.1822715 0.1373103 0.1844446 0.1554372 0.1847482 0.1551662 0.1854485 0.1508462 0.1829527 0.1503733 0.1854485 0.1508462 0.1858001 0.1463721 0.1821057 0.146332 0.1858001 0.1463721 0.1859911 0.1419125 0.1073277 0.1481941 0.1110482 0.1482675 0.1110482 0.1435876 0.1095028 0.1300638 0.1080157 0.1351293 0.1105132 0.1346537 0.1080157 0.1351293 0.1071606 0.1391722 0.1108568 0.139128 0.1071606 0.1391722 0.10677 0.1437238 0.1110482 0.1435876 0.2028293 0.107346 0.2026755 0.1113862 0.2027624 0.1113874 0.1578887 0.1475764 0.1578887 0.1438453 0.1577971 0.1438474 0.2026755 0.1113862 0.2031226 0.1164284 0.2032095 0.1164296 0.1332284 0.1719292 0.1330074 0.1680926 0.1329199 0.1680832 0.203118 0.09831267 0.2029535 0.1027934 0.2030445 0.1027951 0.1542384 0.09268975 0.1542384 0.09229141 0.154147 0.0922935 0.1330074 0.1680926 0.1330853 0.1639971 0.1329948 0.1639926 0.2029535 0.1027934 0.2028293 0.107346 0.2029195 0.1073476 0.1331429 0.1598634 0.1332284 0.1554585 0.1331368 0.1554578 0.1330853 0.1639971 0.1331429 0.1598634 0.1330517 0.1598607</float_array>
          <technique_common>
            <accessor source="#Cube_004-mesh-map-0-array" count="318" stride="2">
              <param name="S" type="float"/>
              <param name="T" type="float"/>
            </accessor>
          </technique_common>
        </source>
        <vertices id="Cube_004-mesh-vertices">
          <input semantic="POSITION" source="#Cube_004-mesh-positions"/>
        </vertices>
        <triangles material="Texture_Dji_matrice-material" count="106">
          <input semantic="VERTEX" source="#Cube_004-mesh-vertices" offset="0"/>
          <input semantic="NORMAL" source="#Cube_004-mesh-normals" offset="1"/>
          <input semantic="TEXCOORD" source="#Cube_004-mesh-map-0" offset="2" set="0"/>
          <p>11 0 0 12 1 1 0 2 2 16 3 3 14 4 4 22 5 5 0 2 6 13 6 7 1 7 8 2 8 9 15 9 10 3 10 11 10 11 12 23 12 13 11 0 14 1 7 15 14 4 16 2 8 17 9 13 18 22 5 19 10 11 20 8 14 21 21 15 22 9 13 23 7 16 24 20 17 25 8 14 26 6 18 27 19 19 28 7 16 29 5 20 30 18 21 31 6 18 32 4 22 33 17 23 34 5 20 35 3 10 36 16 3 37 4 22 38 33 24 39 26 25 40 28 26 41 24 27 42 31 28 43 30 29 44 30 29 45 32 30 46 29 31 47 29 31 48 33 24 49 28 26 50 36 32 51 43 33 52 38 34 53 34 35 54 41 36 55 35 37 56 40 38 57 42 39 58 41 36 59 39 40 60 43 33 61 42 39 62 39 40 63 30 29 64 29 31 65 37 41 66 26 25 67 27 42 68 40 38 69 24 27 70 30 29 71 25 43 72 41 36 73 31 28 74 36 32 75 28 26 76 26 25 77 34 35 78 25 43 79 24 27 80 41 36 81 32 30 82 31 28 83 38 34 84 29 31 85 28 26 86 43 33 87 27 42 88 33 24 89 42 39 90 33 24 91 32 30 92 53 44 93 46 45 94 48 46 95 44 47 96 51 48 97 50 49 98 50 49 99 52 50 100 49 51 101 49 51 102 53 44 103 48 46 104 56 52 105 63 53 106 58 54 107 54 55 108 61 56 109 55 57 110 60 58 111 62 59 112 61 56 113 59 60 114 63 53 115 62 59 116 59 60 117 50 49 118 49 51 119 57 61 120 46 45 121 47 62 122 60 58 123 44 47 124 50 49 125 55 57 126 51 48 127 45 63 128 56 52 129 48 46 130 46 45 131 54 55 132 45 63 133 44 47 134 61 56 135 52 50 136 51 48 137 58 54 138 49 51 139 48 46 140 63 53 141 47 62 142 53 44 143 62 59 144 53 44 145 52 50 146 11 0 147 23 12 148 12 1 149 14 4 150 13 6 151 22 5 152 13 6 153 12 1 154 22 5 155 12 1 156 23 12 157 22 5 158 22 5 159 21 15 160 20 17 161 20 17 162 19 19 163 22 5 164 19 19 165 18 21 166 22 5 167 18 21 168 17 23 169 16 3 170 16 3 171 15 9 172 14 4 173 18 21 174 16 3 175 22 5 176 0 2 177 12 1 178 13 6 179 2 8 180 14 4 181 15 9 182 10 11 183 22 5 184 23 12 185 1 7 186 13 6 187 14 4 188 9 13 189 21 15 190 22 5 191 8 14 192 20 17 193 21 15 194 7 16 195 19 19 196 20 17 197 6 18 198 18 21 199 19 19 200 5 20 201 17 23 202 18 21 203 4 22 204 16 3 205 17 23 206 3 10 207 15 9 208 16 3 209 33 24 210 27 42 211 26 25 212 24 27 213 25 43 214 31 28 215 30 29 216 31 28 217 32 30 218 29 31 219 32 30 220 33 24 221 36 32 222 37 41 223 43 33 224 34 35 225 40 38 226 41 36 227 40 38 228 39 40 229 42 39 230 39 40 231 38 34 232 43 33 233 39 40 234 40 38 235 30 29 236 37 41 237 36 32 238 26 25 239 40 38 240 34 35 241 24 27 242 25 43 243 35 37 244 41 36 245 36 32 246 38 34 247 28 26 248 34 35 249 35 37 250 25 43 251 41 36 252 42 39 253 32 30 254 38 34 255 39 40 256 29 31 257 43 33 258 37 41 259 27 42 260 42 39 261 43 33 262 33 24 263 53 44 264 47 62 265 46 45 266 44 47 267 45 63 268 51 48 269 50 49 270 51 48 271 52 50 272 49 51 273 52 50 274 53 44 275 56 52 276 57 61 277 63 53 278 54 55 279 60 58 280 61 56 281 60 58 282 59 60 283 62 59 284 59 60 285 58 54 286 63 53 287 59 60 288 60 58 289 50 49 290 57 61 291 56 52 292 46 45 293 60 58 294 54 55 295 44 47 296 55 57 297 61 56 298 51 48 299 56 52 300 58 54 301 48 46 302 54 55 303 55 57 304 45 63 305 61 56 306 62 59 307 52 50 308 58 54 309 59 60 310 49 51 311 63 53 312 57 61 313 47 62 314 62 59 315 63 53 316 53 44 317</p>
        </triangles>
      </mesh>
    </geometry>
    <geometry id="Cube_003-mesh" name="Cube.003">
      <mesh>
        <source id="Cube_003-mesh-positions">
          <float_array id="Cube_003-mesh-positions-array" count="192">0.2425227 -0.2170508 0.03645092 0.2471869 -0.2251295 0.03645092 0.2471869 -0.2344579 0.03645092 0.2425227 -0.2425366 0.03645092 0.234444 -0.2472009 0.03645092 0.2251155 -0.2472009 0.03645092 0.2170369 -0.2425366 0.03645092 0.2123727 -0.234458 0.03645092 0.2123726 -0.2251295 0.03645092 0.2170369 -0.2170508 0.03645092 0.2251155 -0.2123866 0.03645092 0.234444 -0.2123866 0.03645092 0.2425227 -0.2170508 0.04755407 0.2471869 -0.2251295 0.04755407 0.2471869 -0.2344579 0.04755407 0.2425227 -0.2425366 0.04755407 0.234444 -0.2472009 0.04755407 0.2251155 -0.2472009 0.04755407 0.2170369 -0.2425366 0.04755407 0.2123727 -0.234458 0.04755407 0.2123726 -0.2251295 0.04755407 0.2170369 -0.2170508 0.04755407 0.2251155 -0.2123866 0.04755407 0.234444 -0.2123866 0.04755407 0.2303791 -0.3448047 0.03994214 0.2320984 -0.3432244 0.04056543 0.2163709 -0.2410336 0.04270267 0.2377 -0.2402719 0.04435932 0.2135545 -0.2667204 0.04112708 0.2161866 -0.2927868 0.03972405 0.2213884 -0.3158912 0.03819018 0.2357479 -0.3183899 0.04275947 0.2373839 -0.292701 0.04327225 0.238099 -0.2671093 0.04387778 0.2305417 -0.3447844 0.03944236 0.232261 -0.3432042 0.04006564 0.2163989 -0.2410095 0.04217803 0.2377279 -0.2402479 0.04383468 0.2136133 -0.266697 0.040605 0.2162733 -0.2927642 0.03920578 0.221551 -0.315871 0.0376904 0.2359105 -0.3183696 0.04225969 0.2374706 -0.2926783 0.04275399 0.2381579 -0.267086 0.04335564 0.2291803 -0.1147829 0.03994214 0.227461 -0.1163631 0.04056543 0.2431886 -0.2185539 0.04270267 0.2218595 -0.2193155 0.04435932 0.246005 -0.1928672 0.04112708 0.2433729 -0.1668007 0.03972405 0.2381711 -0.1436963 0.03819018 0.2238115 -0.1411976 0.04275947 0.2221755 -0.1668866 0.04327225 0.2214605 -0.1924782 0.04387778 0.2290178 -0.1148031 0.03944236 0.2272985 -0.1163834 0.04006564 0.2431606 -0.218578 0.04217803 0.2218316 -0.2193397 0.04383468 0.2459461 -0.1928905 0.04060494 0.2432862 -0.1668233 0.03920578 0.2380085 -0.1437166 0.0376904 0.223649 -0.1412179 0.04225969 0.2220889 -0.1669092 0.04275399 0.2214016 -0.1925016 0.04335564</float_array>
          <technique_common>
            <accessor source="#Cube_003-mesh-positions-array" count="64" stride="3">
              <param name="X" type="float"/>
              <param name="Y" type="float"/>
              <param name="Z" type="float"/>
            </accessor>
          </technique_common>
        </source>
        <source id="Cube_003-mesh-normals">
          <float_array id="Cube_003-mesh-normals-array" count="192">0.2588022 0.9659304 0 0.5353941 0.5353941 0.6532278 0.7071068 0.7071068 0 0.1959632 -0.7313601 0.6532312 0.7313601 -0.1959632 0.6532312 -0.1959632 0.7313601 0.6532312 0.7313601 0.1959632 0.6532312 0.9659304 0.2588022 0 0.9659304 -0.2588022 0 0.5353941 -0.5353941 0.6532278 0.7071068 -0.7071068 0 -0.2588022 0.9659304 0 0.1959632 0.7313601 0.6532312 -0.7071068 0.7071068 0 -0.9659304 0.2588022 0 -0.5353941 0.5353941 0.6532278 -0.9659304 -0.2588022 0 -0.7313601 0.1959632 0.6532312 -0.7071068 -0.7071068 0 -0.7313601 -0.1959632 0.6532312 -0.2588022 -0.9659304 0 -0.5353941 -0.5353941 0.6532278 0.2588022 -0.9659304 0 -0.1959632 -0.7313601 0.6532312 0.6270065 -0.03433352 0.7782571 -0.5917254 0.5703319 0.5697215 -0.7996022 -0.03094643 0.5997322 -0.378533 -0.8186847 0.4318199 0.4601392 -0.0967766 0.8825567 -0.8714296 -0.2113721 0.4426425 0.5754679 -0.063205 0.8153784 -0.8072232 -0.1540591 0.5697866 -0.5104285 0.6183434 -0.5975905 0.7873063 0.02243167 -0.616154 -0.6496659 0.04538226 -0.7588642 -0.03308236 -0.7756668 -0.630275 0.8954942 -0.0694006 -0.439629 0.8401965 -0.3519791 -0.4125294 -0.452504 -0.1433473 -0.8801657 0.8227056 -0.004455745 -0.5684503 -0.5974726 -0.06094664 -0.79957 0.5958594 0.6127671 -0.5191033 0.5254465 0.5714692 0.6303405 0.4457308 -0.401173 0.8002402 -0.6270214 0.0343343 0.7782451 0.591746 -0.5703517 0.5696803 0.7996022 0.03094643 0.5997322 0.3785284 0.8187054 0.4317843 -0.4601633 0.09677529 0.8825443 0.8714296 0.2113721 0.4426425 -0.5754679 0.063205 0.8153784 0.8072371 0.1540617 0.569766 0.5104063 -0.6183229 -0.5976307 -0.7873063 -0.02243167 -0.616154 0.6496659 -0.04538226 -0.7588642 0.03308254 0.7756398 -0.6303084 -0.8954942 0.0694006 -0.439629 -0.8401965 0.3519791 -0.4125294 0.452504 0.1433473 -0.8801657 -0.8227056 0.004455745 -0.5684503 0.5974529 0.06094771 -0.7995846 -0.5958671 -0.6128056 -0.519049 -0.5254225 -0.5714153 0.6304094 -0.4457362 0.4011474 0.80025</float_array>
          <technique_common>
            <accessor source="#Cube_003-mesh-normals-array" count="64" stride="3">
              <param name="X" type="float"/>
              <param name="Y" type="float"/>
              <param name="Z" type="float"/>
            </accessor>
          </technique_common>
        </source>
        <source id="Cube_003-mesh-map-0">
          <float_array id="Cube_003-mesh-map-0-array" count="636">0.1366152 0.1590387 0.1380177 0.1571099 0.1380178 0.1590456 0.1302144 0.1566656 0.1324359 0.1588874 0.1285882 0.1627355 0.1518038 0.16516 0.1503867 0.1671018 0.1503866 0.165166 0.1487604 0.165166 0.1473613 0.1670958 0.1473611 0.16516 0.134989 0.1590387 0.136615 0.157103 0.1366152 0.1590387 0.1503866 0.165166 0.1487606 0.1671018 0.1487604 0.165166 0.133575 0.1590456 0.1349889 0.157103 0.134989 0.1590387 0.1890963 0.08794468 0.1871814 0.08696091 0.1891166 0.08695644 0.189089 0.08944636 0.187161 0.08794915 0.1890963 0.08794468 0.1890963 0.09105914 0.1871536 0.08945083 0.189089 0.08944636 0.1891166 0.0923509 0.187161 0.09106361 0.1890963 0.09105914 0.1553304 0.1685252 0.1538085 0.1704497 0.1538085 0.1685143 0.1569349 0.1685202 0.1553304 0.1704607 0.1553304 0.1685252 0.1281585 0.1347433 0.1244387 0.130141 0.1238812 0.1346115 0.1266115 0.1482674 0.1276158 0.1436768 0.1251193 0.1432033 0.1251193 0.1432033 0.1279675 0.1392028 0.1242725 0.1391623 0.1242725 0.1391623 0.1281585 0.1347433 0.1238812 0.1346115 0.1369685 0.148195 0.1406884 0.1435888 0.1364112 0.1437243 0.1391439 0.1300638 0.1401535 0.1346546 0.1394479 0.1303347 0.1376575 0.1351287 0.1404971 0.1391291 0.1401535 0.1346546 0.136802 0.1391721 0.1406884 0.1435888 0.1404971 0.1391291 0.2029925 0.1281395 0.2029254 0.1321843 0.2030828 0.128141 0.08612895 0.1543794 0.08603721 0.1508408 0.08603721 0.1543814 0.2029254 0.1321843 0.2032846 0.1372316 0.2033716 0.1372326 0.2042546 0.12723 0.203945 0.123457 0.2041673 0.1272196 0.20328 0.1191065 0.2032076 0.1235868 0.2033716 0.1191083 0.1547876 0.09236967 0.1546961 0.09268766 0.1547876 0.09269118 0.2040323 0.1234675 0.2040196 0.1194315 0.203945 0.123457 0.2031167 0.1235852 0.2030828 0.128141 0.2032076 0.1235868 0.204168 0.1153626 0.204163 0.1110131 0.2040769 0.1153595 0.2041101 0.1194366 0.2040769 0.1153595 0.2040196 0.1194315 0.1449657 0.1347435 0.1412459 0.1301416 0.1406884 0.1346126 0.1434187 0.1482689 0.144423 0.1436774 0.1419265 0.1432054 0.1419265 0.1432054 0.1447747 0.1392031 0.1410796 0.1391638 0.1410796 0.1391638 0.1449657 0.1347435 0.1406884 0.1346126 0.1631202 0.1564916 0.1668401 0.1518846 0.162563 0.1520218 0.1652957 0.1383622 0.1663052 0.1429511 0.1655997 0.1386327 0.1638092 0.1434283 0.1666489 0.1474252 0.1663052 0.1429511 0.1629538 0.1474707 0.1668401 0.1518846 0.1666489 0.1474252 0.2025232 0.05669748 0.2024633 0.06076693 0.2026132 0.05669242 0.1240386 0.1519981 0.123947 0.1482695 0.123947 0.1520003 0.2024633 0.06076693 0.2028414 0.06602162 0.2029277 0.06601125 0.1581994 0.1580627 0.1580657 0.1537292 0.1579783 0.1537292 0.2028363 0.04836028 0.2027412 0.05231374 0.2029277 0.04835939 0.1544215 0.09269189 0.154513 0.09229618 0.1544214 0.09229809 0.1580657 0.1537292 0.1580532 0.1492536 0.1579783 0.1537292 0.2026504 0.05231678 0.2026132 0.05669242 0.2027412 0.05231374 0.1582013 0.1447918 0.1581951 0.1401129 0.1581101 0.1447924 0.1581437 0.149253 0.1581101 0.1447924 0.1580532 0.1492536 0.1366152 0.1590387 0.136615 0.157103 0.1380177 0.1571099 0.1324359 0.1588874 0.1324359 0.1605138 0.1285882 0.1627355 0.1324359 0.1605138 0.1316227 0.1619223 0.1285882 0.1627355 0.1316227 0.1619223 0.1302144 0.1627355 0.1285882 0.1627355 0.1285882 0.1627355 0.1271798 0.1619223 0.1263667 0.1605138 0.1263667 0.1605138 0.1263667 0.1588874 0.1285882 0.1627355 0.1263667 0.1588874 0.1271798 0.1574789 0.1285882 0.1627355 0.1271798 0.1574789 0.1285881 0.1566656 0.1302144 0.1566656 0.1302144 0.1566656 0.1316227 0.1574789 0.1324359 0.1588874 0.1271798 0.1574789 0.1302144 0.1566656 0.1285882 0.1627355 0.1518038 0.16516 0.1518039 0.1670958 0.1503867 0.1671018 0.1487604 0.165166 0.1487606 0.1671018 0.1473613 0.1670958 0.134989 0.1590387 0.1349889 0.157103 0.136615 0.157103 0.1503866 0.165166 0.1503867 0.1671018 0.1487606 0.1671018 0.133575 0.1590456 0.1335749 0.1571099 0.1349889 0.157103 0.1890963 0.08794468 0.187161 0.08794915 0.1871814 0.08696091 0.189089 0.08944636 0.1871536 0.08945083 0.187161 0.08794915 0.1890963 0.09105914 0.187161 0.09106361 0.1871536 0.08945083 0.1891166 0.0923509 0.1871814 0.09235543 0.187161 0.09106361 0.1553304 0.1685252 0.1553304 0.1704607 0.1538085 0.1704497 0.1569349 0.1685202 0.1569349 0.1704556 0.1553304 0.1704607 0.1281585 0.1347433 0.1281585 0.1300638 0.1244387 0.130141 0.1266115 0.1482674 0.1269153 0.1479965 0.1276158 0.1436768 0.1251193 0.1432033 0.1276158 0.1436768 0.1279675 0.1392028 0.1242725 0.1391623 0.1279675 0.1392028 0.1281585 0.1347433 0.1369685 0.148195 0.1406884 0.1482688 0.1406884 0.1435888 0.1391439 0.1300638 0.1376575 0.1351287 0.1401535 0.1346546 0.1376575 0.1351287 0.136802 0.1391721 0.1404971 0.1391291 0.136802 0.1391721 0.1364112 0.1437243 0.1406884 0.1435888 0.2029925 0.1281395 0.2028384 0.1321833 0.2029254 0.1321843 0.08612895 0.1543794 0.08612895 0.1508387 0.08603721 0.1508408 0.2029254 0.1321843 0.2028384 0.1321833 0.2032846 0.1372316 0.2042546 0.12723 0.2040323 0.1234675 0.203945 0.123457 0.20328 0.1191065 0.2031167 0.1235852 0.2032076 0.1235868 0.1547876 0.09236967 0.1546961 0.09236627 0.1546961 0.09268766 0.2040323 0.1234675 0.2041101 0.1194366 0.2040196 0.1194315 0.2031167 0.1235852 0.2029925 0.1281395 0.2030828 0.128141 0.204168 0.1153626 0.2042546 0.111014 0.204163 0.1110131 0.2041101 0.1194366 0.204168 0.1153626 0.2040769 0.1153595 0.1449657 0.1347435 0.1449657 0.1300638 0.1412459 0.1301416 0.1434187 0.1482689 0.1437225 0.1479977 0.144423 0.1436774 0.1419265 0.1432054 0.144423 0.1436774 0.1447747 0.1392031 0.1410796 0.1391638 0.1447747 0.1392031 0.1449657 0.1347435 0.1631202 0.1564916 0.1668401 0.1565642 0.1668401 0.1518846 0.1652957 0.1383622 0.1638092 0.1434283 0.1663052 0.1429511 0.1638092 0.1434283 0.1629538 0.1474707 0.1666489 0.1474252 0.1629538 0.1474707 0.162563 0.1520218 0.1668401 0.1518846 0.2025232 0.05669748 0.202377 0.0607773 0.2024633 0.06076693 0.1240386 0.1519981 0.1240386 0.1482674 0.123947 0.1482695 0.2024633 0.06076693 0.202377 0.0607773 0.2028414 0.06602162 0.1581994 0.1580627 0.1582868 0.1580626 0.1580657 0.1537292 0.2028363 0.04836028 0.2026504 0.05231678 0.2027412 0.05231374 0.1544215 0.09269189 0.154513 0.09268993 0.154513 0.09229618 0.1580657 0.1537292 0.1581437 0.149253 0.1580532 0.1492536 0.2026504 0.05231678 0.2025232 0.05669748 0.2026132 0.05669242 0.1582013 0.1447918 0.1582868 0.1401121 0.1581951 0.1401129 0.1581437 0.149253 0.1582013 0.1447918 0.1581101 0.1447924</float_array>
          <technique_common>
            <accessor source="#Cube_003-mesh-map-0-array" count="318" stride="2">
              <param name="S" type="float"/>
              <param name="T" type="float"/>
            </accessor>
          </technique_common>
        </source>
        <vertices id="Cube_003-mesh-vertices">
          <input semantic="POSITION" source="#Cube_003-mesh-positions"/>
        </vertices>
        <triangles material="Texture_Dji_matrice-material" count="106">
          <input semantic="VERTEX" source="#Cube_003-mesh-vertices" offset="0"/>
          <input semantic="NORMAL" source="#Cube_003-mesh-normals" offset="1"/>
          <input semantic="TEXCOORD" source="#Cube_003-mesh-map-0" offset="2" set="0"/>
          <p>11 0 0 12 1 1 0 2 2 16 3 3 14 4 4 22 5 5 0 2 6 13 6 7 1 7 8 2 8 9 15 9 10 3 10 11 10 11 12 23 12 13 11 0 14 1 7 15 14 4 16 2 8 17 9 13 18 22 5 19 10 11 20 8 14 21 21 15 22 9 13 23 7 16 24 20 17 25 8 14 26 6 18 27 19 19 28 7 16 29 5 20 30 18 21 31 6 18 32 4 22 33 17 23 34 5 20 35 3 10 36 16 3 37 4 22 38 33 24 39 26 25 40 28 26 41 24 27 42 31 28 43 30 29 44 30 29 45 32 30 46 29 31 47 29 31 48 33 24 49 28 26 50 36 32 51 43 33 52 38 34 53 34 35 54 41 36 55 35 37 56 40 38 57 42 39 58 41 36 59 39 40 60 43 33 61 42 39 62 39 40 63 30 29 64 29 31 65 37 41 66 26 25 67 27 42 68 30 29 69 34 35 70 24 27 71 35 37 72 31 28 73 25 43 74 36 32 75 28 26 76 26 25 77 24 27 78 35 37 79 25 43 80 41 36 81 32 30 82 31 28 83 38 34 84 29 31 85 28 26 86 43 33 87 27 42 88 33 24 89 42 39 90 33 24 91 32 30 92 53 44 93 46 45 94 48 46 95 44 47 96 51 48 97 50 49 98 50 49 99 52 50 100 49 51 101 49 51 102 53 44 103 48 46 104 56 52 105 63 53 106 58 54 107 54 55 108 61 56 109 55 57 110 60 58 111 62 59 112 61 56 113 59 60 114 63 53 115 62 59 116 59 60 117 50 49 118 49 51 119 57 61 120 46 45 121 47 62 122 50 49 123 54 55 124 44 47 125 45 63 126 61 56 127 51 48 128 56 52 129 48 46 130 46 45 131 44 47 132 55 57 133 45 63 134 61 56 135 52 50 136 51 48 137 58 54 138 49 51 139 48 46 140 63 53 141 47 62 142 53 44 143 62 59 144 53 44 145 52 50 146 11 0 147 23 12 148 12 1 149 14 4 150 13 6 151 22 5 152 13 6 153 12 1 154 22 5 155 12 1 156 23 12 157 22 5 158 22 5 159 21 15 160 20 17 161 20 17 162 19 19 163 22 5 164 19 19 165 18 21 166 22 5 167 18 21 168 17 23 169 16 3 170 16 3 171 15 9 172 14 4 173 18 21 174 16 3 175 22 5 176 0 2 177 12 1 178 13 6 179 2 8 180 14 4 181 15 9 182 10 11 183 22 5 184 23 12 185 1 7 186 13 6 187 14 4 188 9 13 189 21 15 190 22 5 191 8 14 192 20 17 193 21 15 194 7 16 195 19 19 196 20 17 197 6 18 198 18 21 199 19 19 200 5 20 201 17 23 202 18 21 203 4 22 204 16 3 205 17 23 206 3 10 207 15 9 208 16 3 209 33 24 210 27 42 211 26 25 212 24 27 213 25 43 214 31 28 215 30 29 216 31 28 217 32 30 218 29 31 219 32 30 220 33 24 221 36 32 222 37 41 223 43 33 224 34 35 225 40 38 226 41 36 227 40 38 228 39 40 229 42 39 230 39 40 231 38 34 232 43 33 233 39 40 234 40 38 235 30 29 236 37 41 237 36 32 238 26 25 239 30 29 240 40 38 241 34 35 242 35 37 243 41 36 244 31 28 245 36 32 246 38 34 247 28 26 248 24 27 249 34 35 250 35 37 251 41 36 252 42 39 253 32 30 254 38 34 255 39 40 256 29 31 257 43 33 258 37 41 259 27 42 260 42 39 261 43 33 262 33 24 263 53 44 264 47 62 265 46 45 266 44 47 267 45 63 268 51 48 269 50 49 270 51 48 271 52 50 272 49 51 273 52 50 274 53 44 275 56 52 276 57 61 277 63 53 278 54 55 279 60 58 280 61 56 281 60 58 282 59 60 283 62 59 284 59 60 285 58 54 286 63 53 287 59 60 288 60 58 289 50 49 290 57 61 291 56 52 292 46 45 293 50 49 294 60 58 295 54 55 296 45 63 297 55 57 298 61 56 299 56 52 300 58 54 301 48 46 302 44 47 303 54 55 304 55 57 305 61 56 306 62 59 307 52 50 308 58 54 309 59 60 310 49 51 311 63 53 312 57 61 313 47 62 314 62 59 315 63 53 316 53 44 317</p>
        </triangles>
      </mesh>
    </geometry>
    <geometry id="Cube_002-mesh" name="Cube.002">
      <mesh>
        <source id="Cube_002-mesh-positions">
          <float_array id="Cube_002-mesh-positions-array" count="192">0.2170509 0.2425227 0.03645092 0.2251295 0.2471869 0.03645092 0.234458 0.2471869 0.03645092 0.2425367 0.2425227 0.03645092 0.2472009 0.234444 0.03645092 0.2472009 0.2251155 0.03645092 0.2425367 0.2170369 0.03645092 0.234458 0.2123726 0.03645092 0.2251295 0.2123726 0.03645092 0.2170509 0.2170369 0.03645092 0.2123866 0.2251155 0.03645092 0.2123866 0.234444 0.03645092 0.2170509 0.2425227 0.04755407 0.2251295 0.2471869 0.04755407 0.234458 0.2471869 0.04755407 0.2425367 0.2425227 0.04755407 0.2472009 0.234444 0.04755407 0.2472009 0.2251155 0.04755407 0.2425367 0.2170369 0.04755407 0.234458 0.2123726 0.04755407 0.2251295 0.2123726 0.04755407 0.2170509 0.2170369 0.04755407 0.2123866 0.2251155 0.04755407 0.2123866 0.234444 0.04755407 0.3448048 0.2303791 0.03994214 0.3432245 0.2320984 0.04056543 0.2410337 0.2163709 0.04270267 0.2402721 0.2377 0.04435932 0.2667205 0.2135545 0.04112708 0.2927869 0.2161866 0.03972405 0.3158913 0.2213884 0.03819024 0.31839 0.2357479 0.04275947 0.2927011 0.2373839 0.04327225 0.2671095 0.238099 0.04387778 0.3447845 0.2305417 0.03944236 0.3432043 0.232261 0.04006564 0.2410096 0.2163989 0.04217803 0.240248 0.2377279 0.04383468 0.2666971 0.2136133 0.040605 0.2927643 0.2162733 0.03920578 0.3158711 0.221551 0.0376904 0.3183698 0.2359105 0.04225969 0.2926784 0.2374706 0.04275399 0.2670861 0.2381579 0.04335564 0.1147829 0.2291804 0.03994214 0.1163631 0.2274611 0.04056543 0.2185539 0.2431885 0.04270267 0.2193156 0.2218595 0.04435932 0.1928672 0.246005 0.04112708 0.1668007 0.2433729 0.03972405 0.1436963 0.2381711 0.03819018 0.1411977 0.2238116 0.04275947 0.1668866 0.2221756 0.04327225 0.1924782 0.2214605 0.04387778 0.1148032 0.2290179 0.03944236 0.1163834 0.2272986 0.04006564 0.2185781 0.2431606 0.04217803 0.2193397 0.2218315 0.04383468 0.1928906 0.2459461 0.04060494 0.1668234 0.2432863 0.03920578 0.1437166 0.2380086 0.0376904 0.141218 0.223649 0.04225969 0.1669093 0.2220889 0.04275399 0.1925016 0.2214016 0.04335564</float_array>
          <technique_common>
            <accessor source="#Cube_002-mesh-positions-array" count="64" stride="3">
              <param name="X" type="float"/>
              <param name="Y" type="float"/>
              <param name="Z" type="float"/>
            </accessor>
          </technique_common>
        </source>
        <source id="Cube_002-mesh-normals">
          <float_array id="Cube_002-mesh-normals-array" count="192">-0.9659304 0.2588022 0 -0.5353941 0.5353941 0.6532278 -0.7071068 0.7071068 0 -0.7313601 -0.1959632 0.6532312 0.5353941 -0.5353941 0.6532278 0.1959632 0.7313601 0.6532312 -0.1959632 0.7313601 0.6532312 -0.2588022 0.9659304 0 0.2588022 0.9659304 0 0.5353941 0.5353941 0.6532278 0.7071068 0.7071068 0 -0.9659304 -0.2588022 0 -0.7313601 0.1959632 0.6532312 -0.7071068 -0.7071068 0 -0.2588022 -0.9659304 0 -0.5353941 -0.5353941 0.6532278 0.2588022 -0.9659304 0 -0.1959632 -0.7313601 0.6532312 0.7071068 -0.7071068 0 0.1959632 -0.7313601 0.6532312 0.9659304 -0.2588022 0 0.9659304 0.2588022 0 0.7313601 -0.1959632 0.6532312 0.7313601 0.1959632 0.6532312 0.03433352 0.6270065 0.7782571 -0.5703117 -0.5917056 0.5697624 0.03094643 -0.7996022 0.5997322 0.8187054 -0.3785284 0.4317843 0.09677541 0.4601028 0.8825758 0.211375 -0.8714413 0.442618 0.063205 0.5754679 0.8153784 0.1540628 -0.8072124 0.5698006 -0.618345 -0.5104604 -0.5975615 -0.02243167 0.7873063 -0.616154 -0.04538136 -0.6496835 -0.7588491 0.7756405 -0.03305208 -0.630309 0.06939965 0.8955123 -0.4395924 0.3519747 0.840186 -0.4125548 0.1433473 -0.452504 -0.8801657 0.004455745 0.8227056 -0.5684503 0.06097739 -0.5975056 -0.799543 -0.6127944 0.5958868 -0.5190395 -0.5714468 0.5254234 0.6303799 0.401173 0.4457308 0.8002402 -0.0343343 -0.6270214 0.7782451 0.5703418 0.5917357 0.5697009 -0.03094643 0.7996022 0.5997322 -0.8187163 0.3785334 0.4317594 -0.09677529 -0.4601633 0.8825443 -0.2113721 0.8714296 0.4426425 -0.063205 -0.5754679 0.8153784 -0.1540606 0.8072618 0.5697314 0.6183245 0.5104382 -0.5976018 0.02243167 -0.7873063 -0.616154 0.04538136 0.6496835 -0.7588491 -0.7756405 0.03305208 -0.630309 -0.06939971 -0.8954822 -0.4396536 -0.3519791 -0.8401965 -0.4125294 -0.1433473 0.452504 -0.8801657 -0.004455745 -0.8227056 -0.5684503 -0.06094622 0.5974383 -0.7995956 0.6127671 -0.5958594 -0.5191033 0.5714692 -0.5254465 0.6303405 -0.4011474 -0.4457362 0.80025</float_array>
          <technique_common>
            <accessor source="#Cube_002-mesh-normals-array" count="64" stride="3">
              <param name="X" type="float"/>
              <param name="Y" type="float"/>
              <param name="Z" type="float"/>
            </accessor>
          </technique_common>
        </source>
        <source id="Cube_002-mesh-map-0">
          <float_array id="Cube_002-mesh-map-0-array" count="636">0.1087127 0.1579266 0.1067977 0.1569429 0.108733 0.1569383 0.08051294 0.1626091 0.08192121 0.1573524 0.08576893 0.1612005 0.1907856 0.1623278 0.1893717 0.1642705 0.1893716 0.1623347 0.1877454 0.1623347 0.1863429 0.1642636 0.1863428 0.1623278 0.1087054 0.1594282 0.1067774 0.157931 0.1087127 0.1579266 0.1893716 0.1623347 0.1877455 0.1642705 0.1877454 0.1623347 0.1087127 0.161041 0.10677 0.1594327 0.1087054 0.1594282 0.108733 0.1623328 0.1067774 0.1610455 0.1087127 0.161041 0.1997113 0.1653881 0.1981894 0.1673126 0.1981894 0.1653771 0.2013159 0.1653831 0.1997113 0.1673237 0.1997113 0.1653881 0.1945134 0.1653862 0.1931142 0.167316 0.1931141 0.1653802 0.1961395 0.1653862 0.1945136 0.167322 0.1945134 0.1653862 0.1975567 0.1653802 0.1961396 0.167322 0.1961395 0.1653862 0.177442 0.1418915 0.1737224 0.1372894 0.1731651 0.1417601 0.1758954 0.1554162 0.1768993 0.1508252 0.1744036 0.1503524 0.1744036 0.1503524 0.177251 0.1463511 0.1735566 0.1463111 0.1735566 0.1463111 0.177442 0.1418915 0.1731651 0.1417601 0.1116058 0.1481941 0.1153263 0.1435876 0.1110482 0.1437238 0.1137809 0.1300638 0.1147912 0.1346537 0.1140852 0.1303345 0.1122938 0.1351293 0.115135 0.139128 0.1147912 0.1346537 0.1114387 0.1391722 0.1153263 0.1435876 0.115135 0.139128 0.2028293 0.08922916 0.2027624 0.09327054 0.2029195 0.08923071 0.1578887 0.1438431 0.1577971 0.1401142 0.1577971 0.1438453 0.2027624 0.09327054 0.2031226 0.09831154 0.2032095 0.09831267 0.1329122 0.1719292 0.1326038 0.1680831 0.1328249 0.1719198 0.203118 0.08019578 0.2030445 0.08467823 0.2032095 0.08019763 0.1543299 0.09229141 0.1542384 0.09269189 0.1543299 0.09268975 0.1326912 0.1680926 0.1326786 0.1639926 0.1326038 0.1680831 0.2029535 0.08467656 0.2029195 0.08923071 0.2030445 0.08467823 0.1328268 0.1598634 0.1328207 0.1554578 0.1327356 0.1598607 0.1327691 0.1639971 0.1327356 0.1598607 0.1326786 0.1639926 0.1196041 0.1347435 0.115884 0.1301414 0.1153263 0.1346121 0.1180566 0.1482682 0.1190613 0.1436772 0.116564 0.1432043 0.116564 0.1432043 0.1194131 0.139203 0.1157173 0.1391631 0.1157173 0.1391631 0.1196041 0.1347435 0.1153263 0.1346121 0.1588436 0.1582425 0.162563 0.1536357 0.1582868 0.1537722 0.1610193 0.1401121 0.1620281 0.1447018 0.1613233 0.1403827 0.1595336 0.1451776 0.1623718 0.1491762 0.1620281 0.1447018 0.1586779 0.1492205 0.162563 0.1536357 0.1623718 0.1491762 0.2016112 0.1456843 0.2015515 0.1497759 0.2017011 0.1456798 0.1150678 0.1553084 0.1149762 0.1518121 0.1149762 0.1553105 0.2014652 0.1497853 0.2020164 0.155034 0.2015515 0.1497759 0.1160616 0.1662232 0.1157537 0.1618872 0.1159741 0.1662234 0.2019251 0.1372336 0.2018293 0.1412588 0.2020164 0.1372329 0.1546046 0.09236949 0.154513 0.09268862 0.1546046 0.09269189 0.115841 0.1618871 0.1158285 0.1574102 0.1157537 0.1618872 0.2017385 0.1412615 0.2017011 0.1456798 0.2018293 0.1412588 0.1159765 0.1529477 0.11597 0.148269 0.1158853 0.1529484 0.1159191 0.1574097 0.1158853 0.1529484 0.1158285 0.1574102 0.1087127 0.1579266 0.1067774 0.157931 0.1067977 0.1569429 0.08576893 0.1612005 0.08495581 0.1626091 0.08354747 0.1634222 0.08354747 0.1634222 0.08192121 0.1634222 0.08576893 0.1612005 0.08192121 0.1634222 0.08051294 0.1626091 0.08576893 0.1612005 0.08051294 0.1626091 0.07969981 0.1612005 0.07969981 0.1595741 0.07969981 0.1595741 0.08051294 0.1581656 0.08051294 0.1626091 0.08051294 0.1581656 0.08192121 0.1573524 0.08051294 0.1626091 0.08192121 0.1573524 0.08354747 0.1573524 0.08495581 0.1581656 0.08495581 0.1581656 0.08576893 0.1595741 0.08576893 0.1612005 0.08192121 0.1573524 0.08495581 0.1581656 0.08576893 0.1612005 0.1907856 0.1623278 0.1907857 0.1642636 0.1893717 0.1642705 0.1877454 0.1623347 0.1877455 0.1642705 0.1863429 0.1642636 0.1087054 0.1594282 0.10677 0.1594327 0.1067774 0.157931 0.1893716 0.1623347 0.1893717 0.1642705 0.1877455 0.1642705 0.1087127 0.161041 0.1067774 0.1610455 0.10677 0.1594327 0.108733 0.1623328 0.1067977 0.1623373 0.1067774 0.1610455 0.1997113 0.1653881 0.1997113 0.1673237 0.1981894 0.1673126 0.2013159 0.1653831 0.2013159 0.1673186 0.1997113 0.1673237 0.1945134 0.1653862 0.1945136 0.167322 0.1931142 0.167316 0.1961395 0.1653862 0.1961396 0.167322 0.1945136 0.167322 0.1975567 0.1653802 0.1975569 0.167316 0.1961396 0.167322 0.177442 0.1418915 0.177442 0.1372119 0.1737224 0.1372894 0.1758954 0.1554162 0.1761991 0.1551452 0.1768993 0.1508252 0.1744036 0.1503524 0.1768993 0.1508252 0.177251 0.1463511 0.1735566 0.1463111 0.177251 0.1463511 0.177442 0.1418915 0.1116058 0.1481941 0.1153263 0.1482675 0.1153263 0.1435876 0.1137809 0.1300638 0.1122938 0.1351293 0.1147912 0.1346537 0.1122938 0.1351293 0.1114387 0.1391722 0.115135 0.139128 0.1114387 0.1391722 0.1110482 0.1437238 0.1153263 0.1435876 0.2028293 0.08922916 0.2026755 0.0932694 0.2027624 0.09327054 0.1578887 0.1438431 0.1578887 0.1401121 0.1577971 0.1401142 0.2027624 0.09327054 0.2026755 0.0932694 0.2031226 0.09831154 0.1329122 0.1719292 0.1326912 0.1680926 0.1326038 0.1680831 0.203118 0.08019578 0.2029535 0.08467656 0.2030445 0.08467823 0.1543299 0.09229141 0.1542384 0.0922935 0.1542384 0.09269189 0.1326912 0.1680926 0.1327691 0.1639971 0.1326786 0.1639926 0.2029535 0.08467656 0.2028293 0.08922916 0.2029195 0.08923071 0.1328268 0.1598634 0.1329122 0.1554585 0.1328207 0.1554578 0.1327691 0.1639971 0.1328268 0.1598634 0.1327356 0.1598607 0.1196041 0.1347435 0.1196041 0.1300638 0.115884 0.1301414 0.1180566 0.1482682 0.1183605 0.1479971 0.1190613 0.1436772 0.116564 0.1432043 0.1190613 0.1436772 0.1194131 0.139203 0.1157173 0.1391631 0.1194131 0.139203 0.1196041 0.1347435 0.1588436 0.1582425 0.162563 0.1583155 0.162563 0.1536357 0.1610193 0.1401121 0.1595336 0.1451776 0.1620281 0.1447018 0.1595336 0.1451776 0.1586779 0.1492205 0.1623718 0.1491762 0.1586779 0.1492205 0.1582868 0.1537722 0.162563 0.1536357 0.2016112 0.1456843 0.2014652 0.1497853 0.2015515 0.1497759 0.1150678 0.1553084 0.1150678 0.1518101 0.1149762 0.1518121 0.2014652 0.1497853 0.2019301 0.1550434 0.2020164 0.155034 0.1160616 0.1662232 0.115841 0.1618871 0.1157537 0.1618872 0.2019251 0.1372336 0.2017385 0.1412615 0.2018293 0.1412588 0.1546046 0.09236949 0.154513 0.09236627 0.154513 0.09268862 0.115841 0.1618871 0.1159191 0.1574097 0.1158285 0.1574102 0.2017385 0.1412615 0.2016112 0.1456843 0.2017011 0.1456798 0.1159765 0.1529477 0.1160616 0.1482682 0.11597 0.148269 0.1159191 0.1574097 0.1159765 0.1529477 0.1158853 0.1529484</float_array>
          <technique_common>
            <accessor source="#Cube_002-mesh-map-0-array" count="318" stride="2">
              <param name="S" type="float"/>
              <param name="T" type="float"/>
            </accessor>
          </technique_common>
        </source>
        <vertices id="Cube_002-mesh-vertices">
          <input semantic="POSITION" source="#Cube_002-mesh-positions"/>
        </vertices>
        <triangles material="Texture_Dji_matrice-material" count="106">
          <input semantic="VERTEX" source="#Cube_002-mesh-vertices" offset="0"/>
          <input semantic="NORMAL" source="#Cube_002-mesh-normals" offset="1"/>
          <input semantic="TEXCOORD" source="#Cube_002-mesh-map-0" offset="2" set="0"/>
          <p>11 0 0 12 1 1 0 2 2 22 3 3 18 4 4 14 5 5 0 2 6 13 6 7 1 7 8 2 8 9 15 9 10 3 10 11 10 11 12 23 12 13 11 0 14 1 7 15 14 5 16 2 8 17 9 13 18 22 3 19 10 11 20 8 14 21 21 15 22 9 13 23 7 16 24 20 17 25 8 14 26 6 18 27 19 19 28 7 16 29 5 20 30 18 4 31 6 18 32 4 21 33 17 22 34 5 20 35 3 10 36 16 23 37 4 21 38 33 24 39 26 25 40 28 26 41 24 27 42 31 28 43 30 29 44 30 29 45 32 30 46 29 31 47 29 31 48 33 24 49 28 26 50 36 32 51 43 33 52 38 34 53 34 35 54 41 36 55 35 37 56 40 38 57 42 39 58 41 36 59 39 40 60 43 33 61 42 39 62 39 40 63 30 29 64 29 31 65 37 41 66 26 25 67 27 42 68 30 29 69 34 35 70 24 27 71 35 37 72 31 28 73 25 43 74 36 32 75 28 26 76 26 25 77 24 27 78 35 37 79 25 43 80 41 36 81 32 30 82 31 28 83 38 34 84 29 31 85 28 26 86 43 33 87 27 42 88 33 24 89 42 39 90 33 24 91 32 30 92 53 44 93 46 45 94 48 46 95 44 47 96 51 48 97 50 49 98 50 49 99 52 50 100 49 51 101 49 51 102 53 44 103 48 46 104 56 52 105 63 53 106 58 54 107 54 55 108 61 56 109 55 57 110 60 58 111 62 59 112 61 56 113 59 60 114 63 53 115 62 59 116 59 60 117 50 49 118 49 51 119 57 61 120 46 45 121 47 62 122 60 58 123 44 47 124 50 49 125 55 57 126 51 48 127 45 63 128 56 52 129 48 46 130 46 45 131 44 47 132 55 57 133 45 63 134 61 56 135 52 50 136 51 48 137 58 54 138 49 51 139 48 46 140 63 53 141 47 62 142 53 44 143 62 59 144 53 44 145 52 50 146 11 0 147 23 12 148 12 1 149 14 5 150 13 6 151 12 1 152 12 1 153 23 12 154 14 5 155 23 12 156 22 3 157 14 5 158 22 3 159 21 15 160 20 17 161 20 17 162 19 19 163 22 3 164 19 19 165 18 4 166 22 3 167 18 4 168 17 22 169 16 23 170 16 23 171 15 9 172 14 5 173 18 4 174 16 23 175 14 5 176 0 2 177 12 1 178 13 6 179 2 8 180 14 5 181 15 9 182 10 11 183 22 3 184 23 12 185 1 7 186 13 6 187 14 5 188 9 13 189 21 15 190 22 3 191 8 14 192 20 17 193 21 15 194 7 16 195 19 19 196 20 17 197 6 18 198 18 4 199 19 19 200 5 20 201 17 22 202 18 4 203 4 21 204 16 23 205 17 22 206 3 10 207 15 9 208 16 23 209 33 24 210 27 42 211 26 25 212 24 27 213 25 43 214 31 28 215 30 29 216 31 28 217 32 30 218 29 31 219 32 30 220 33 24 221 36 32 222 37 41 223 43 33 224 34 35 225 40 38 226 41 36 227 40 38 228 39 40 229 42 39 230 39 40 231 38 34 232 43 33 233 39 40 234 40 38 235 30 29 236 37 41 237 36 32 238 26 25 239 30 29 240 40 38 241 34 35 242 35 37 243 41 36 244 31 28 245 36 32 246 38 34 247 28 26 248 24 27 249 34 35 250 35 37 251 41 36 252 42 39 253 32 30 254 38 34 255 39 40 256 29 31 257 43 33 258 37 41 259 27 42 260 42 39 261 43 33 262 33 24 263 53 44 264 47 62 265 46 45 266 44 47 267 45 63 268 51 48 269 50 49 270 51 48 271 52 50 272 49 51 273 52 50 274 53 44 275 56 52 276 57 61 277 63 53 278 54 55 279 60 58 280 61 56 281 60 58 282 59 60 283 62 59 284 59 60 285 58 54 286 63 53 287 59 60 288 60 58 289 50 49 290 57 61 291 56 52 292 46 45 293 60 58 294 54 55 295 44 47 296 55 57 297 61 56 298 51 48 299 56 52 300 58 54 301 48 46 302 44 47 303 54 55 304 55 57 305 61 56 306 62 59 307 52 50 308 58 54 309 59 60 310 49 51 311 63 53 312 57 61 313 47 62 314 62 59 315 63 53 316 53 44 317</p>
        </triangles>
      </mesh>
    </geometry>
    <geometry id="Cube_005-mesh" name="Cube.005">
      <mesh>
        <source id="Cube_005-mesh-positions">
          <float_array id="Cube_005-mesh-positions-array" count="192">-0.2425227 0.2170509 0.03645092 -0.2471869 0.2251295 0.03645092 -0.2471869 0.234458 0.03645092 -0.2425227 0.2425367 0.03645092 -0.234444 0.2472009 0.03645092 -0.2251155 0.2472009 0.03645092 -0.2170369 0.2425367 0.03645092 -0.2123726 0.234458 0.03645092 -0.2123726 0.2251296 0.03645092 -0.2170369 0.2170509 0.03645092 -0.2251155 0.2123866 0.03645092 -0.234444 0.2123866 0.03645092 -0.2425227 0.2170509 0.04755407 -0.2471869 0.2251295 0.04755407 -0.2471869 0.234458 0.04755407 -0.2425227 0.2425367 0.04755407 -0.234444 0.2472009 0.04755407 -0.2251155 0.2472009 0.04755407 -0.2170369 0.2425367 0.04755407 -0.2123726 0.234458 0.04755407 -0.2123726 0.2251296 0.04755407 -0.2170369 0.2170509 0.04755407 -0.2251155 0.2123866 0.04755407 -0.234444 0.2123866 0.04755407 -0.2303791 0.3448047 0.03994214 -0.2320984 0.3432245 0.04056543 -0.2163709 0.2410337 0.04270267 -0.2376999 0.240272 0.04435932 -0.2135544 0.2667204 0.04112708 -0.2161865 0.2927869 0.03972405 -0.2213883 0.3158913 0.03819018 -0.2357479 0.31839 0.04275947 -0.2373839 0.292701 0.04327225 -0.2380989 0.2671094 0.04387778 -0.2305417 0.3447844 0.03944236 -0.2322609 0.3432043 0.04006564 -0.2163988 0.2410096 0.04217803 -0.2377279 0.2402479 0.04383468 -0.2136133 0.2666971 0.04060494 -0.2162732 0.2927643 0.03920578 -0.2215509 0.3158711 0.0376904 -0.2359104 0.3183697 0.04225969 -0.2374705 0.2926784 0.04275399 -0.2381578 0.267086 0.04335564 -0.2291804 0.1147829 0.03994214 -0.2274611 0.1163631 0.04056543 -0.2431885 0.2185539 0.04270267 -0.2218594 0.2193156 0.04435932 -0.2460049 0.1928672 0.04112708 -0.2433729 0.1668007 0.03972405 -0.2381711 0.1436963 0.03819018 -0.2238115 0.1411977 0.04275947 -0.2221755 0.1668866 0.04327225 -0.2214605 0.1924782 0.04387778 -0.2290178 0.1148031 0.03944236 -0.2272986 0.1163834 0.04006564 -0.2431605 0.2185781 0.04217803 -0.2218315 0.2193397 0.04383462 -0.2459461 0.1928906 0.04060494 -0.2432862 0.1668234 0.03920578 -0.2380085 0.1437166 0.0376904 -0.223649 0.141218 0.04225969 -0.2220889 0.1669092 0.04275399 -0.2214016 0.1925016 0.04335564</float_array>
          <technique_common>
            <accessor source="#Cube_005-mesh-positions-array" count="64" stride="3">
              <param name="X" type="float"/>
              <param name="Y" type="float"/>
              <param name="Z" type="float"/>
            </accessor>
          </technique_common>
        </source>
        <source id="Cube_005-mesh-normals">
          <float_array id="Cube_005-mesh-normals-array" count="192">-0.2588022 -0.9659304 0 -0.5353941 -0.5353941 0.6532278 -0.7071068 -0.7071068 0 0.1959632 -0.7313601 0.6532312 0.5353941 0.5353941 0.6532278 -0.7313601 0.1959632 0.6532312 -0.7313601 -0.1959632 0.6532312 -0.9659304 -0.2588022 0 -0.9659304 0.2588022 0 -0.5353941 0.5353941 0.6532278 -0.7071068 0.7071068 0 0.2588022 -0.9659304 0 -0.1959632 -0.7313601 0.6532312 0.7071068 -0.7071068 0 0.9659304 -0.2588022 0 0.5353941 -0.5353941 0.6532278 0.9659304 0.2588022 0 0.7313601 -0.1959632 0.6532312 0.7071068 0.7071068 0 0.7313601 0.1959632 0.6532312 0.2588022 0.9659304 0 -0.2588022 0.9659304 0 0.1959632 0.7313601 0.6532312 -0.1959632 0.7313601 0.6532312 -0.6270214 0.0343343 0.7782451 0.5917056 -0.5703422 0.5697318 0.7996022 0.03094643 0.5997322 0.3785334 0.8187163 0.4317594 -0.4601392 0.0967766 0.8825567 0.8714222 0.2113777 0.4426543 -0.5754679 0.063205 0.8153784 0.8072371 0.1540617 0.569766 0.5104285 -0.6183434 -0.5975905 -0.7873063 -0.02243167 -0.616154 0.6496659 -0.04538226 -0.7588642 0.03308254 0.7756398 -0.6303084 -0.8954942 0.0694006 -0.439629 -0.840186 0.3519747 -0.4125548 0.452504 0.1433473 -0.8801657 -0.8227056 0.004455745 -0.5684503 0.5974529 0.06094771 -0.7995846 -0.5958594 -0.6127671 -0.5191033 -0.5254465 -0.5714692 0.6303405 -0.4457308 0.401173 0.8002402 0.6270065 -0.03433352 0.7782571 -0.5917159 0.5703521 0.5697112 -0.7996022 -0.03094643 0.5997322 -0.3785334 -0.8187163 0.4317594 0.4601633 -0.09677529 0.8825443 -0.8714296 -0.2113721 0.4426425 0.5754679 -0.063205 0.8153784 -0.8072371 -0.1540617 0.569766 -0.5104382 0.6183245 -0.5976018 0.7873063 0.02243167 -0.616154 -0.6496835 0.04538136 -0.7588491 -0.03305208 -0.7756405 -0.630309 0.8954942 -0.0694006 -0.439629 0.8401965 -0.3519791 -0.4125294 -0.452504 -0.1433473 -0.8801657 0.8227056 -0.004455745 -0.5684503 -0.5974726 -0.06094664 -0.79957 0.5958577 0.6127958 -0.5190713 0.5254234 0.5714468 0.6303799 0.4457362 -0.4011474 0.80025</float_array>
          <technique_common>
            <accessor source="#Cube_005-mesh-normals-array" count="64" stride="3">
              <param name="X" type="float"/>
              <param name="Y" type="float"/>
              <param name="Z" type="float"/>
            </accessor>
          </technique_common>
        </source>
        <source id="Cube_005-mesh-map-0">
          <float_array id="Cube_005-mesh-map-0-array" count="636">0.148971 0.16064 0.1470155 0.1593527 0.1489507 0.1593483 0.163376 0.1618209 0.1647844 0.1565642 0.1686321 0.1604124 0.1489507 0.1593483 0.147008 0.1577399 0.1489433 0.1577354 0.1489507 0.1562337 0.1470356 0.15525 0.148971 0.1552456 0.1877993 0.166206 0.1893212 0.1642816 0.1893212 0.166217 0.1489433 0.1577354 0.1470155 0.1562382 0.1489507 0.1562337 0.1861948 0.1662111 0.1877993 0.1642705 0.1877993 0.166206 0.1427915 0.1629666 0.1441907 0.1610368 0.1441907 0.1629726 0.1411653 0.1629666 0.1427913 0.1610307 0.1427915 0.1629666 0.1397482 0.1629726 0.1411652 0.1610307 0.1411653 0.1629666 0.1807489 0.162151 0.1793463 0.1640799 0.1793463 0.1621441 0.182375 0.162151 0.1807489 0.1640868 0.1807489 0.162151 0.1837891 0.1621441 0.1823751 0.1640868 0.182375 0.162151 0.1492431 0.1347435 0.1455232 0.1301416 0.1449657 0.1346126 0.1476961 0.1482689 0.1487004 0.1436774 0.1462038 0.1432054 0.1462038 0.1432054 0.1490521 0.1392032 0.145357 0.1391638 0.145357 0.1391638 0.1492431 0.1347435 0.1449657 0.1346126 0.1673973 0.1564916 0.1711173 0.1518846 0.1668401 0.1520218 0.1695728 0.1383622 0.1705824 0.1429511 0.1698769 0.1386327 0.1680864 0.1434283 0.170926 0.1474252 0.1705824 0.1429511 0.167231 0.1474707 0.1711173 0.1518846 0.170926 0.1474252 0.2027139 0.145571 0.202654 0.1496405 0.2028039 0.1455659 0.1578887 0.1513092 0.1577971 0.1475807 0.1577971 0.1513114 0.202654 0.1496405 0.203032 0.1548951 0.2031184 0.1548848 0.176097 0.08979725 0.1759635 0.0854637 0.1758761 0.08546376 0.203027 0.1372338 0.2029319 0.1411873 0.2031184 0.1372329 0.1544214 0.09229618 0.1543299 0.09269189 0.1544214 0.09268993 0.1759635 0.0854637 0.1759508 0.0809881 0.1758761 0.08546376 0.2028411 0.1411904 0.2028039 0.1455659 0.2029319 0.1411873 0.176099 0.07652634 0.1760928 0.07184743 0.1760078 0.07652699 0.1760414 0.08098763 0.1760078 0.07652699 0.1759508 0.0809881 0.1324359 0.1347433 0.1287161 0.130141 0.1281585 0.1346115 0.1308889 0.1482674 0.1318932 0.1436768 0.1293966 0.1432033 0.1293966 0.1432033 0.1322449 0.1392028 0.1285498 0.1391623 0.1285498 0.1391623 0.1324359 0.1347433 0.1281585 0.1346115 0.1201613 0.148195 0.1238812 0.1435889 0.1196041 0.1437243 0.1223367 0.1300638 0.1233463 0.1346546 0.1226408 0.1303347 0.1208503 0.1351287 0.12369 0.1391291 0.1233463 0.1346546 0.1199949 0.1391721 0.1238812 0.1435889 0.12369 0.1391291 0.2030817 0.05739235 0.2030147 0.06143718 0.203172 0.05739384 0.1150679 0.151808 0.1149762 0.1482695 0.1149762 0.1518101 0.2029277 0.06143617 0.2034608 0.0664854 0.2030147 0.06143718 0.2038576 0.1272196 0.2037225 0.1234675 0.2036353 0.123457 0.2033693 0.04835939 0.2032969 0.05283963 0.2034608 0.04836118 0.1547876 0.09236627 0.1548792 0.09269118 0.1548792 0.09236967 0.2037225 0.1234675 0.2037099 0.1194316 0.2036353 0.123457 0.203206 0.05283802 0.203172 0.05739384 0.2032969 0.05283963 0.2038584 0.1153626 0.2038534 0.1110131 0.2037673 0.1153595 0.2038004 0.1194366 0.2037673 0.1153595 0.2037099 0.1194316 0.148971 0.16064 0.1470356 0.1606445 0.1470155 0.1593527 0.1686321 0.1604124 0.167819 0.1618209 0.1664106 0.1626341 0.1664106 0.1626341 0.1647844 0.1626341 0.163376 0.1618209 0.163376 0.1618209 0.162563 0.1604124 0.162563 0.1587859 0.162563 0.1587859 0.163376 0.1573774 0.163376 0.1618209 0.163376 0.1573774 0.1647844 0.1565642 0.163376 0.1618209 0.1647844 0.1565642 0.1664106 0.1565642 0.1686321 0.1604124 0.1664106 0.1565642 0.167819 0.1573774 0.1686321 0.1604124 0.167819 0.1573774 0.1686321 0.1587859 0.1686321 0.1604124 0.1686321 0.1604124 0.1664106 0.1626341 0.163376 0.1618209 0.1489507 0.1593483 0.1470155 0.1593527 0.147008 0.1577399 0.1489507 0.1562337 0.1470155 0.1562382 0.1470356 0.15525 0.1877993 0.166206 0.1877993 0.1642705 0.1893212 0.1642816 0.1489433 0.1577354 0.147008 0.1577399 0.1470155 0.1562382 0.1861948 0.1662111 0.1861948 0.1642756 0.1877993 0.1642705 0.1427915 0.1629666 0.1427913 0.1610307 0.1441907 0.1610368 0.1411653 0.1629666 0.1411652 0.1610307 0.1427913 0.1610307 0.1397482 0.1629726 0.139748 0.1610368 0.1411652 0.1610307 0.1807489 0.162151 0.1807489 0.1640868 0.1793463 0.1640799 0.182375 0.162151 0.1823751 0.1640868 0.1807489 0.1640868 0.1837891 0.1621441 0.1837891 0.1640799 0.1823751 0.1640868 0.1492431 0.1347435 0.1492431 0.1300638 0.1455232 0.1301416 0.1476961 0.1482689 0.1479998 0.1479977 0.1487004 0.1436774 0.1462038 0.1432054 0.1487004 0.1436774 0.1490521 0.1392032 0.145357 0.1391638 0.1490521 0.1392032 0.1492431 0.1347435 0.1673973 0.1564916 0.1711173 0.1565642 0.1711173 0.1518846 0.1695728 0.1383622 0.1680864 0.1434283 0.1705824 0.1429511 0.1680864 0.1434283 0.167231 0.1474707 0.170926 0.1474252 0.167231 0.1474707 0.1668401 0.1520218 0.1711173 0.1518846 0.2027139 0.145571 0.2025677 0.1496508 0.202654 0.1496405 0.1578887 0.1513092 0.1578887 0.1475785 0.1577971 0.1475807 0.202654 0.1496405 0.2025677 0.1496508 0.203032 0.1548951 0.176097 0.08979725 0.1761845 0.08979719 0.1759635 0.0854637 0.203027 0.1372338 0.2028411 0.1411904 0.2029319 0.1411873 0.1544214 0.09229618 0.1543299 0.09229809 0.1543299 0.09269189 0.1759635 0.0854637 0.1760414 0.08098763 0.1759508 0.0809881 0.2028411 0.1411904 0.2027139 0.145571 0.2028039 0.1455659 0.176099 0.07652634 0.1761845 0.0718466 0.1760928 0.07184743 0.1760414 0.08098763 0.176099 0.07652634 0.1760078 0.07652699 0.1324359 0.1347433 0.1324359 0.1300638 0.1287161 0.130141 0.1308889 0.1482674 0.1311926 0.1479965 0.1318932 0.1436768 0.1293966 0.1432033 0.1318932 0.1436768 0.1322449 0.1392028 0.1285498 0.1391623 0.1322449 0.1392028 0.1324359 0.1347433 0.1201613 0.148195 0.1238812 0.1482688 0.1238812 0.1435889 0.1223367 0.1300638 0.1208503 0.1351287 0.1233463 0.1346546 0.1208503 0.1351287 0.1199949 0.1391721 0.12369 0.1391291 0.1199949 0.1391721 0.1196041 0.1437243 0.1238812 0.1435889 0.2030817 0.05739235 0.2029277 0.06143617 0.2030147 0.06143718 0.1150679 0.151808 0.1150679 0.1482675 0.1149762 0.1482695 0.2029277 0.06143617 0.2033739 0.06648445 0.2034608 0.0664854 0.2038576 0.1272196 0.203945 0.12723 0.2037225 0.1234675 0.2033693 0.04835939 0.203206 0.05283802 0.2032969 0.05283963 0.1547876 0.09236627 0.1547876 0.09268766 0.1548792 0.09269118 0.2037225 0.1234675 0.2038004 0.1194366 0.2037099 0.1194316 0.203206 0.05283802 0.2030817 0.05739235 0.203172 0.05739384 0.2038584 0.1153626 0.203945 0.111014 0.2038534 0.1110131 0.2038004 0.1194366 0.2038584 0.1153626 0.2037673 0.1153595</float_array>
          <technique_common>
            <accessor source="#Cube_005-mesh-map-0-array" count="318" stride="2">
              <param name="S" type="float"/>
              <param name="T" type="float"/>
            </accessor>
          </technique_common>
        </source>
        <vertices id="Cube_005-mesh-vertices">
          <input semantic="POSITION" source="#Cube_005-mesh-positions"/>
        </vertices>
        <triangles material="Texture_Dji_matrice-material" count="106">
          <input semantic="VERTEX" source="#Cube_005-mesh-vertices" offset="0"/>
          <input semantic="NORMAL" source="#Cube_005-mesh-normals" offset="1"/>
          <input semantic="TEXCOORD" source="#Cube_005-mesh-map-0" offset="2" set="0"/>
          <p>11 0 0 12 1 1 0 2 2 22 3 3 18 4 4 14 5 5 0 2 6 13 6 7 1 7 8 2 8 9 15 9 10 3 10 11 10 11 12 23 12 13 11 0 14 1 7 15 14 5 16 2 8 17 9 13 18 22 3 19 10 11 20 8 14 21 21 15 22 9 13 23 7 16 24 20 17 25 8 14 26 6 18 27 19 19 28 7 16 29 5 20 30 18 4 31 6 18 32 4 21 33 17 22 34 5 20 35 3 10 36 16 23 37 4 21 38 33 24 39 26 25 40 28 26 41 24 27 42 31 28 43 30 29 44 30 29 45 32 30 46 29 31 47 29 31 48 33 24 49 28 26 50 36 32 51 43 33 52 38 34 53 34 35 54 41 36 55 35 37 56 40 38 57 42 39 58 41 36 59 39 40 60 43 33 61 42 39 62 39 40 63 30 29 64 29 31 65 37 41 66 26 25 67 27 42 68 30 29 69 34 35 70 24 27 71 25 43 72 41 36 73 31 28 74 36 32 75 28 26 76 26 25 77 24 27 78 35 37 79 25 43 80 41 36 81 32 30 82 31 28 83 38 34 84 29 31 85 28 26 86 43 33 87 27 42 88 33 24 89 42 39 90 33 24 91 32 30 92 53 44 93 46 45 94 48 46 95 44 47 96 51 48 97 50 49 98 50 49 99 52 50 100 49 51 101 49 51 102 53 44 103 48 46 104 56 52 105 63 53 106 58 54 107 54 55 108 61 56 109 55 57 110 60 58 111 62 59 112 61 56 113 59 60 114 63 53 115 62 59 116 59 60 117 50 49 118 49 51 119 57 61 120 46 45 121 47 62 122 60 58 123 44 47 124 50 49 125 45 63 126 61 56 127 51 48 128 56 52 129 48 46 130 46 45 131 54 55 132 45 63 133 44 47 134 61 56 135 52 50 136 51 48 137 58 54 138 49 51 139 48 46 140 63 53 141 47 62 142 53 44 143 62 59 144 53 44 145 52 50 146 11 0 147 23 12 148 12 1 149 14 5 150 13 6 151 12 1 152 12 1 153 23 12 154 22 3 155 22 3 156 21 15 157 20 17 158 20 17 159 19 19 160 22 3 161 19 19 162 18 4 163 22 3 164 18 4 165 17 22 166 14 5 167 17 22 168 16 23 169 14 5 170 16 23 171 15 9 172 14 5 173 14 5 174 12 1 175 22 3 176 0 2 177 12 1 178 13 6 179 2 8 180 14 5 181 15 9 182 10 11 183 22 3 184 23 12 185 1 7 186 13 6 187 14 5 188 9 13 189 21 15 190 22 3 191 8 14 192 20 17 193 21 15 194 7 16 195 19 19 196 20 17 197 6 18 198 18 4 199 19 19 200 5 20 201 17 22 202 18 4 203 4 21 204 16 23 205 17 22 206 3 10 207 15 9 208 16 23 209 33 24 210 27 42 211 26 25 212 24 27 213 25 43 214 31 28 215 30 29 216 31 28 217 32 30 218 29 31 219 32 30 220 33 24 221 36 32 222 37 41 223 43 33 224 34 35 225 40 38 226 41 36 227 40 38 228 39 40 229 42 39 230 39 40 231 38 34 232 43 33 233 39 40 234 40 38 235 30 29 236 37 41 237 36 32 238 26 25 239 30 29 240 40 38 241 34 35 242 25 43 243 35 37 244 41 36 245 36 32 246 38 34 247 28 26 248 24 27 249 34 35 250 35 37 251 41 36 252 42 39 253 32 30 254 38 34 255 39 40 256 29 31 257 43 33 258 37 41 259 27 42 260 42 39 261 43 33 262 33 24 263 53 44 264 47 62 265 46 45 266 44 47 267 45 63 268 51 48 269 50 49 270 51 48 271 52 50 272 49 51 273 52 50 274 53 44 275 56 52 276 57 61 277 63 53 278 54 55 279 60 58 280 61 56 281 60 58 282 59 60 283 62 59 284 59 60 285 58 54 286 63 53 287 59 60 288 60 58 289 50 49 290 57 61 291 56 52 292 46 45 293 60 58 294 54 55 295 44 47 296 45 63 297 55 57 298 61 56 299 56 52 300 58 54 301 48 46 302 54 55 303 55 57 304 45 63 305 61 56 306 62 59 307 52 50 308 58 54 309 59 60 310 49 51 311 63 53 312 57 61 313 47 62 314 62 59 315 63 53 316 53 44 317</p>
        </triangles>
      </mesh>
    </geometry>
    <geometry id="Cube_017-mesh" name="Cube.017">
      <mesh>
        <source id="Cube_017-mesh-positions">
          <float_array id="Cube_017-mesh-positions-array" count="3429">0.07967275 -0.05448997 0.01463073 0.07967275 -0.05448997 0.01576274 0.07967275 0.05738276 0.01463073 0.07967275 0.05738276 0.01576274 0.1064905 0.08534663 0.01444023 0.1064905 0.08534663 0.0159533 0.04345339 0.1483457 0.01488804 0.04345339 0.1483457 0.01550543 0.01809614 -0.07698965 0.01509076 0.01809614 -0.07698965 0.01530271 0.08317005 -0.06202965 0.01463073 0.08317005 -0.06202965 0.01576274 0.04608464 -0.08390933 0.01509076 0.04608464 -0.08390933 0.01530271 0.09458887 -0.07335561 0.01463073 0.09458887 -0.07335561 0.01576274 0.06804394 -0.09415018 0.01509076 0.06804394 -0.09415018 0.01530271 0.1070343 -0.08541375 0.01463073 0.1070343 -0.08541375 0.01576274 0.08560466 -0.1062083 0.01509076 0.08560466 -0.1062083 0.01530271 0 -0.05448997 0.01463073 0 -0.05448997 0.01576274 0 0.05738276 0.01463073 0 0.05738276 0.01576274 -0.07967275 -0.05448997 0.01463073 -0.07967275 -0.05448997 0.01576274 -0.07967275 0.05738276 0.01463073 -0.07967275 0.05738276 0.01576274 0 0.08534663 0.01444023 0 0.08534663 0.0159533 -0.1064905 0.08534663 0.01444023 -0.1064905 0.08534663 0.0159533 0 0.1483457 0.01488804 0 0.1483457 0.01550543 -0.04345339 0.1483457 0.01488804 -0.04345339 0.1483457 0.01550543 0 -0.07698965 0.01509076 0 -0.07698965 0.01530271 -0.01809614 -0.07698965 0.01509076 -0.01809614 -0.07698965 0.01530271 -0.08317005 -0.06202965 0.01463073 -0.08317005 -0.06202965 0.01576274 -0.04608464 -0.08390933 0.01509076 -0.04608464 -0.08390933 0.01530271 -0.09458887 -0.07335561 0.01463073 -0.09458887 -0.07335561 0.01576274 -0.06804394 -0.09415018 0.01509076 -0.06804394 -0.09415018 0.01530271 -0.1070343 -0.08541375 0.01463073 -0.1070343 -0.08541375 0.01576274 -0.08560466 -0.1062083 0.01509076 -0.08560466 -0.1062083 0.01530271 0.05254983 -0.06356739 -0.01115721 0.05026328 -0.06585288 -0.003357529 0.2329484 -0.2440525 -0.01115745 0.0580675 -0.05805236 -0.01438641 0.06358402 -0.05253851 -0.01115345 0.2384661 -0.2385376 -0.01438665 0.2439826 -0.2330237 -0.01115375 0.2462666 -0.2307409 -0.003352522 0.24398 -0.2330263 0.004447162 0.06586796 -0.05025565 -0.003352224 0.0635814 -0.05254113 0.0044474 0.05806374 -0.05805611 0.007676601 0.05254721 -0.06357002 0.004443645 0.2384623 -0.2385413 0.007676303 0.2329458 -0.2440552 0.004443407 0.2306619 -0.246338 -0.003357768 -0.06356739 -0.05254989 -0.01115721 -0.06585288 -0.05026328 -0.00335747 -0.2440525 -0.2329484 -0.01115751 -0.05805236 -0.0580675 -0.01438635 -0.05253851 -0.06358402 -0.01115345 -0.2385376 -0.2384661 -0.01438671 -0.2330237 -0.2439826 -0.01115375 -0.2307409 -0.2462666 -0.003352522 -0.2330263 -0.24398 0.004447102 -0.05025565 -0.06586796 -0.003352224 -0.05254113 -0.0635814 0.00444746 -0.05805611 -0.0580638 0.007676601 -0.06357002 -0.05254721 0.004443705 -0.2385413 -0.2384623 0.007676303 -0.2440552 -0.2329458 0.004443347 -0.246338 -0.2306619 -0.003357827 -0.05254989 0.06356734 -0.01115715 -0.05026334 0.06585282 -0.00335747 -0.2329484 0.2440525 -0.01115757 -0.0580675 0.05805236 -0.01438635 -0.06358408 0.05253845 -0.01115339 -0.2384661 0.2385376 -0.01438671 -0.2439826 0.2330237 -0.01115381 -0.2462666 0.2307409 -0.003352582 -0.24398 0.2330263 0.004447102 -0.06586802 0.05025565 -0.003352165 -0.0635814 0.05254113 0.00444746 -0.0580638 0.05805611 0.007676661 -0.05254727 0.06357002 0.004443705 -0.2384623 0.2385413 0.007676243 -0.2329458 0.2440552 0.004443347 -0.2306619 0.246338 -0.003357827 0.06356734 0.05254989 -0.01115715 0.06585282 0.05026334 -0.00335741 0.2440526 0.2329484 -0.01115757 0.0580523 0.05806756 -0.01438629 0.05253845 0.06358408 -0.01115339 0.2385376 0.238466 -0.01438677 0.2330237 0.2439826 -0.01115381 0.2307409 0.2462665 -0.003352582 0.2330264 0.2439799 0.004447042 0.05025559 0.06586802 -0.003352165 0.05254107 0.06358146 0.004447519 0.05805611 0.05806386 0.007676661 0.06356996 0.05254727 0.004443764 0.2385414 0.2384623 0.007676243 0.2440553 0.2329457 0.004443287 0.2463381 0.2306618 -0.003357887 -0.2342534 -0.2184351 -0.1062627 -0.2342534 -0.2184351 -0.1011664 -0.2184491 -0.2342395 -0.1062627 -0.2184491 -0.2342395 -0.1011664 -0.2413828 -0.2255645 -0.1062627 -0.2413828 -0.2255645 -0.1011664 -0.2255785 -0.2413689 -0.1062627 -0.2255785 -0.2413689 -0.1011664 -0.2463098 -0.2304915 -0.1062627 -0.2415366 -0.2257183 -0.1011664 -0.2305055 -0.2462959 -0.1062627 -0.2257322 -0.2415226 -0.1011664 -0.2542092 -0.2383908 -0.02248477 -0.248852 -0.2330337 -0.02248477 -0.2384048 -0.2541952 -0.02248477 -0.2330476 -0.248838 -0.02248477 -0.2542092 -0.2383908 0.01275092 -0.248852 -0.2330337 0.01275092 -0.2384048 -0.2541952 0.01275092 -0.2330476 -0.248838 0.01275092 -0.2282134 -0.2123951 -0.02248477 -0.2124091 -0.2281995 -0.02248477 -0.2282134 -0.2123951 0.01275092 -0.2124091 -0.2281995 0.01275092 -0.2499481 -0.2426519 -0.01327979 -0.2426658 -0.2499341 -0.01327979 -0.2499481 -0.2426519 0.007203817 -0.2426658 -0.2499341 0.007203817 -0.2511596 -0.2438634 -0.01327979 -0.2438773 -0.2511457 -0.01327979 -0.2511596 -0.2438634 0.007203817 -0.2438773 -0.2511457 0.007203817 0.2345708 -0.2250027 -0.1707234 0.2315334 -0.223249 -0.1707234 0.228026 -0.223249 -0.1707234 0.2249886 -0.2250027 -0.1707234 0.223235 -0.2280401 -0.1707234 0.223235 -0.2315474 -0.1707234 0.2249886 -0.2345849 -0.1707234 0.228026 -0.2363385 -0.1707234 0.2315334 -0.2363385 -0.1707234 0.2345708 -0.2345849 -0.1707234 0.2363244 -0.2315474 -0.1707234 0.2363244 -0.2280401 -0.1707234 0.236765 -0.2228085 -0.1686586 0.2323365 -0.2202516 -0.1686586 0.2272229 -0.2202516 -0.1686586 0.2227944 -0.2228085 -0.1686586 0.2202376 -0.227237 -0.1686586 0.2202376 -0.2323506 -0.1686586 0.2227944 -0.2367792 -0.1686586 0.2272229 -0.239336 -0.1686586 0.2323365 -0.239336 -0.1686586 0.236765 -0.2367792 -0.1686586 0.2393218 -0.2323506 -0.1686586 0.2393218 -0.227237 -0.1686586 0.2357639 -0.2238096 -0.1686586 0.2319701 -0.2216193 -0.1686586 0.2275894 -0.2216193 -0.1686586 0.2237955 -0.2238096 -0.1686586 0.2216052 -0.2276034 -0.1686586 0.2216052 -0.2319841 -0.1686586 0.2237955 -0.235778 -0.1686586 0.2275894 -0.2379683 -0.1686586 0.2319701 -0.2379683 -0.1686586 0.2357639 -0.235778 -0.1686586 0.2379543 -0.2319841 -0.1686586 0.2379543 -0.2276034 -0.1686586 0.2357639 -0.2238096 -0.1386789 0.2319701 -0.2216193 -0.1386789 0.2275894 -0.2216193 -0.1386789 0.2237955 -0.2238096 -0.1386789 0.2216052 -0.2276034 -0.1386789 0.2216052 -0.2319841 -0.1386789 0.2237955 -0.235778 -0.1386789 0.2275894 -0.2379683 -0.1386789 0.2319701 -0.2379683 -0.1386789 0.2357639 -0.235778 -0.1386789 0.2379543 -0.2319841 -0.1386789 0.2379543 -0.2276034 -0.1386789 0.2339985 -0.225575 -0.1386789 0.2313239 -0.2240308 -0.1386789 0.2282356 -0.2240308 -0.1386789 0.2255609 -0.225575 -0.1386789 0.2240167 -0.2282496 -0.1386789 0.2240167 -0.231338 -0.1386789 0.2255609 -0.2340126 -0.1386789 0.2282356 -0.2355568 -0.1386789 0.2313239 -0.2355568 -0.1386789 0.2339985 -0.2340126 -0.1386789 0.2355427 -0.231338 -0.1386789 0.2355427 -0.2282496 -0.1386789 0.2339985 -0.225575 -9.68024e-4 0.2313239 -0.2240308 -9.68024e-4 0.2282356 -0.2240308 -9.68024e-4 0.2255609 -0.225575 -9.68024e-4 0.2240167 -0.2282496 -9.68024e-4 0.2240167 -0.231338 -9.68024e-4 0.2255609 -0.2340126 -9.68024e-4 0.2282356 -0.2355568 -9.68024e-4 0.2313239 -0.2355568 -9.68024e-4 0.2339985 -0.2340126 -9.68024e-4 0.2355427 -0.231338 -9.68024e-4 0.2355427 -0.2282496 -9.68024e-4 0.2250027 0.2345708 -0.1707234 0.223249 0.2315334 -0.1707234 0.223249 0.2280261 -0.1707234 0.2250027 0.2249886 -0.1707234 0.2280401 0.223235 -0.1707234 0.2315474 0.223235 -0.1707234 0.2345848 0.2249886 -0.1707234 0.2363385 0.2280261 -0.1707234 0.2363385 0.2315334 -0.1707234 0.2345848 0.2345708 -0.1707234 0.2315474 0.2363245 -0.1707234 0.2280401 0.2363245 -0.1707234 0.2228084 0.2367651 -0.1686586 0.2202516 0.2323365 -0.1686586 0.2202516 0.2272229 -0.1686586 0.2228084 0.2227944 -0.1686586 0.2272369 0.2202376 -0.1686586 0.2323506 0.2202376 -0.1686586 0.2367791 0.2227944 -0.1686586 0.2393359 0.2272229 -0.1686586 0.2393359 0.2323365 -0.1686586 0.2367791 0.2367651 -0.1686586 0.2323506 0.2393219 -0.1686586 0.2272369 0.2393219 -0.1686586 0.2238096 0.2357639 -0.1686586 0.2216193 0.2319701 -0.1686586 0.2216193 0.2275894 -0.1686586 0.2238096 0.2237955 -0.1686586 0.2276034 0.2216052 -0.1686586 0.2319841 0.2216052 -0.1686586 0.2357779 0.2237955 -0.1686586 0.2379683 0.2275894 -0.1686586 0.2379683 0.2319701 -0.1686586 0.2357779 0.2357639 -0.1686586 0.2319841 0.2379543 -0.1686586 0.2276034 0.2379543 -0.1686586 0.2238096 0.2357639 -0.1386788 0.2216193 0.2319701 -0.1386788 0.2216193 0.2275894 -0.1386788 0.2238096 0.2237955 -0.1386788 0.2276034 0.2216052 -0.1386788 0.2319841 0.2216052 -0.1386788 0.2357779 0.2237955 -0.1386788 0.2379683 0.2275894 -0.1386788 0.2379683 0.2319701 -0.1386788 0.2357779 0.2357639 -0.1386788 0.2319841 0.2379543 -0.1386788 0.2276034 0.2379543 -0.1386788 0.225575 0.2339985 -0.1386788 0.2240308 0.2313239 -0.1386788 0.2240308 0.2282356 -0.1386788 0.225575 0.225561 -0.1386788 0.2282496 0.2240167 -0.1386788 0.231338 0.2240167 -0.1386788 0.2340126 0.225561 -0.1386788 0.2355567 0.2282356 -0.1386788 0.2355567 0.2313239 -0.1386788 0.2340126 0.2339985 -0.1386788 0.231338 0.2355427 -0.1386788 0.2282496 0.2355427 -0.1386788 0.225575 0.2339985 -9.68009e-4 0.2240308 0.2313239 -9.68009e-4 0.2240308 0.2282356 -9.68009e-4 0.225575 0.225561 -9.68009e-4 0.2282496 0.2240167 -9.68009e-4 0.231338 0.2240167 -9.68009e-4 0.2340126 0.225561 -9.68009e-4 0.2355567 0.2282356 -9.68009e-4 0.2355567 0.2313239 -9.68009e-4 0.2340126 0.2339985 -9.68009e-4 0.231338 0.2355427 -9.68009e-4 0.2282496 0.2355427 -9.68009e-4 -0.2345708 0.2250027 -0.1707234 -0.2315334 0.223249 -0.1707234 -0.2280261 0.223249 -0.1707234 -0.2249886 0.2250027 -0.1707234 -0.223235 0.2280401 -0.1707234 -0.223235 0.2315474 -0.1707234 -0.2249886 0.2345848 -0.1707234 -0.2280261 0.2363385 -0.1707234 -0.2315334 0.2363385 -0.1707234 -0.2345708 0.2345848 -0.1707234 -0.2363245 0.2315474 -0.1707234 -0.2363245 0.2280401 -0.1707234 -0.2367651 0.2228084 -0.1686586 -0.2323366 0.2202516 -0.1686586 -0.2272229 0.2202516 -0.1686586 -0.2227944 0.2228084 -0.1686586 -0.2202376 0.2272369 -0.1686586 -0.2202376 0.2323505 -0.1686586 -0.2227944 0.2367791 -0.1686586 -0.2272229 0.2393359 -0.1686586 -0.2323366 0.2393359 -0.1686586 -0.2367651 0.2367791 -0.1686586 -0.2393219 0.2323505 -0.1686586 -0.2393219 0.2272369 -0.1686586 -0.2357639 0.2238095 -0.1686586 -0.2319701 0.2216192 -0.1686586 -0.2275894 0.2216192 -0.1686586 -0.2237956 0.2238095 -0.1686586 -0.2216053 0.2276034 -0.1686586 -0.2216053 0.2319841 -0.1686586 -0.2237956 0.2357779 -0.1686586 -0.2275894 0.2379683 -0.1686586 -0.2319701 0.2379683 -0.1686586 -0.2357639 0.2357779 -0.1686586 -0.2379543 0.2319841 -0.1686586 -0.2379543 0.2276034 -0.1686586 -0.2357639 0.2238095 -0.1386788 -0.2319701 0.2216192 -0.1386788 -0.2275894 0.2216192 -0.1386788 -0.2237956 0.2238095 -0.1386788 -0.2216053 0.2276034 -0.1386788 -0.2216053 0.2319841 -0.1386788 -0.2237956 0.2357779 -0.1386788 -0.2275894 0.2379683 -0.1386788 -0.2319701 0.2379683 -0.1386788 -0.2357639 0.2357779 -0.1386788 -0.2379543 0.2319841 -0.1386788 -0.2379543 0.2276034 -0.1386788 -0.2339985 0.225575 -0.1386788 -0.231324 0.2240307 -0.1386788 -0.2282356 0.2240307 -0.1386788 -0.225561 0.225575 -0.1386788 -0.2240168 0.2282496 -0.1386788 -0.2240168 0.2313379 -0.1386788 -0.225561 0.2340126 -0.1386788 -0.2282356 0.2355567 -0.1386788 -0.231324 0.2355567 -0.1386788 -0.2339985 0.2340126 -0.1386788 -0.2355427 0.2313379 -0.1386788 -0.2355427 0.2282496 -0.1386788 -0.2339985 0.225575 -9.67994e-4 -0.231324 0.2240307 -9.67994e-4 -0.2282356 0.2240307 -9.67994e-4 -0.225561 0.225575 -9.67994e-4 -0.2240168 0.2282496 -9.67994e-4 -0.2240168 0.2313379 -9.67994e-4 -0.225561 0.2340126 -9.67994e-4 -0.2282356 0.2355567 -9.67994e-4 -0.231324 0.2355567 -9.67994e-4 -0.2339985 0.2340126 -9.67994e-4 -0.2355427 0.2313379 -9.67994e-4 -0.2355427 0.2282496 -9.67994e-4 -0.2250027 -0.2345709 -0.1707234 -0.223249 -0.2315334 -0.1707234 -0.223249 -0.2280261 -0.1707234 -0.2250027 -0.2249887 -0.1707234 -0.22804 -0.223235 -0.1707234 -0.2315474 -0.223235 -0.1707234 -0.2345848 -0.2249887 -0.1707234 -0.2363384 -0.2280261 -0.1707234 -0.2363384 -0.2315334 -0.1707234 -0.2345848 -0.2345709 -0.1707234 -0.2315474 -0.2363245 -0.1707234 -0.22804 -0.2363245 -0.1707234 -0.2228084 -0.2367651 -0.1686586 -0.2202516 -0.2323366 -0.1686586 -0.2202516 -0.227223 -0.1686586 -0.2228084 -0.2227944 -0.1686586 -0.2272369 -0.2202376 -0.1686586 -0.2323505 -0.2202376 -0.1686586 -0.2367791 -0.2227944 -0.1686586 -0.2393359 -0.227223 -0.1686586 -0.2393359 -0.2323366 -0.1686586 -0.236779 -0.2367651 -0.1686586 -0.2323505 -0.2393219 -0.1686586 -0.2272369 -0.2393219 -0.1686586 -0.2238095 -0.2357639 -0.1686586 -0.2216192 -0.2319701 -0.1686586 -0.2216192 -0.2275894 -0.1686586 -0.2238095 -0.2237956 -0.1686586 -0.2276034 -0.2216053 -0.1686586 -0.2319841 -0.2216053 -0.1686586 -0.2357779 -0.2237956 -0.1686586 -0.2379683 -0.2275894 -0.1686586 -0.2379683 -0.2319701 -0.1686586 -0.2357779 -0.2357639 -0.1686586 -0.2319841 -0.2379543 -0.1686586 -0.2276034 -0.2379543 -0.1686586 -0.2238095 -0.2357639 -0.1386788 -0.2216192 -0.2319701 -0.1386788 -0.2216192 -0.2275894 -0.1386788 -0.2238095 -0.2237956 -0.1386788 -0.2276034 -0.2216053 -0.1386788 -0.2319841 -0.2216053 -0.1386788 -0.2357779 -0.2237956 -0.1386788 -0.2379683 -0.2275894 -0.1386788 -0.2379683 -0.2319701 -0.1386788 -0.2357779 -0.2357639 -0.1386788 -0.2319841 -0.2379543 -0.1386788 -0.2276034 -0.2379543 -0.1386788 -0.2255749 -0.2339985 -0.1386788 -0.2240307 -0.231324 -0.1386788 -0.2240307 -0.2282356 -0.1386788 -0.2255749 -0.225561 -0.1386788 -0.2282496 -0.2240168 -0.1386788 -0.2313379 -0.2240168 -0.1386788 -0.2340126 -0.225561 -0.1386788 -0.2355567 -0.2282356 -0.1386788 -0.2355567 -0.231324 -0.1386788 -0.2340126 -0.2339985 -0.1386788 -0.2313379 -0.2355427 -0.1386788 -0.2282496 -0.2355427 -0.1386788 -0.2255749 -0.2339985 -9.67979e-4 -0.2240307 -0.231324 -9.67979e-4 -0.2240307 -0.2282356 -9.67979e-4 -0.2255749 -0.225561 -9.67979e-4 -0.2282496 -0.2240168 -9.67979e-4 -0.2313379 -0.2240168 -9.67979e-4 -0.2340126 -0.225561 -9.67979e-4 -0.2355567 -0.2282356 -9.67979e-4 -0.2355567 -0.231324 -9.67979e-4 -0.2340126 -0.2339985 -9.67979e-4 -0.2313379 -0.2355427 -9.67979e-4 -0.2282496 -0.2355427 -9.67979e-4 0.0787996 -0.1001387 -0.021003 0.0787996 -0.1001387 0.01454311 0.1001387 -0.0787996 -0.021003 0.1001387 -0.0787996 0.01454311 0.08385199 -0.1051911 -0.021003 0.08385199 -0.1051911 0.01454311 0.1051911 -0.08385199 -0.021003 0.1051911 -0.08385199 0.01454311 0.04693019 -0.06826937 -0.021003 0.04693019 -0.06826937 0.01454311 0.06826931 -0.04693019 -0.021003 0.06826931 -0.04693019 0.01454311 0.05198258 -0.0733217 -0.021003 0.05198258 -0.0733217 0.01454311 0.0733217 -0.05198258 -0.021003 0.0733217 -0.05198258 0.01454311 -0.1001387 -0.0787996 -0.021003 -0.1001387 -0.0787996 0.01454311 -0.0787996 -0.1001387 -0.021003 -0.0787996 -0.1001387 0.01454311 -0.1051911 -0.08385199 -0.021003 -0.1051911 -0.08385199 0.01454311 -0.08385199 -0.1051911 -0.021003 -0.08385199 -0.1051911 0.01454311 -0.06826931 -0.04693019 -0.021003 -0.06826931 -0.04693019 0.01454311 -0.04693025 -0.06826931 -0.021003 -0.04693025 -0.06826931 0.01454311 -0.0733217 -0.05198258 -0.021003 -0.0733217 -0.05198258 0.01454311 -0.05198258 -0.0733217 -0.021003 -0.05198258 -0.0733217 0.01454311 -0.0787996 0.1001387 -0.021003 -0.0787996 0.1001387 0.01454311 -0.1001387 0.0787996 -0.021003 -0.1001387 0.0787996 0.01454311 -0.08385193 0.1051911 -0.021003 -0.08385193 0.1051911 0.01454311 -0.1051911 0.08385199 -0.021003 -0.1051911 0.08385199 0.01454311 -0.04693019 0.06826931 -0.021003 -0.04693019 0.06826931 0.01454311 -0.06826931 0.04693025 -0.021003 -0.06826931 0.04693025 0.01454311 -0.05198258 0.0733217 -0.021003 -0.05198258 0.0733217 0.01454311 -0.0733217 0.05198264 -0.021003 -0.0733217 0.05198264 0.01454311 0.1001387 0.07879954 -0.021003 0.1001387 0.07879954 0.01454311 0.0787996 0.1001387 -0.021003 0.0787996 0.1001387 0.01454311 0.1051911 0.08385193 -0.021003 0.1051911 0.08385193 0.01454311 0.08385199 0.1051911 -0.021003 0.08385199 0.1051911 0.01454311 0.06826937 0.04693019 -0.021003 0.06826937 0.04693019 0.01454311 0.04693025 0.06826931 -0.021003 0.04693025 0.06826931 0.01454311 0.0733217 0.05198258 -0.021003 0.0733217 0.05198258 0.01454311 0.05198264 0.0733217 -0.021003 0.05198264 0.0733217 0.01454311 -0.04995292 -0.1032774 -0.05838745 -0.04995292 -0.1032774 -0.02232897 -0.04995292 0.03257519 -0.05838745 -0.04995292 0.03257519 -0.02232897 0.04429674 -0.1032774 -0.05838745 0.04429674 -0.1032774 -0.02232897 0.04429674 0.03257519 -0.05838745 0.04429674 0.03257519 -0.02232897 0.2161192 0.2434543 0.01275563 0.2170509 0.2425227 0.03645092 0.2247885 0.2484595 0.01275563 0.2251295 0.2471869 0.03645092 0.234799 0.2484595 0.01275563 0.234458 0.2471869 0.03645092 0.2434683 0.2434543 0.01275563 0.2425367 0.2425227 0.03645092 0.2484735 0.234785 0.01275563 0.2472009 0.234444 0.03645092 0.2484735 0.2247745 0.01275563 0.2472009 0.2251155 0.03645092 0.2434683 0.2161052 0.01275563 0.2425367 0.2170369 0.03645092 0.234799 0.2111 0.01275563 0.234458 0.2123726 0.03645092 0.2247885 0.2111 0.01275563 0.2251295 0.2123726 0.03645092 0.2161192 0.2161052 0.01275563 0.2170509 0.2170369 0.03645092 0.211114 0.2247745 0.01275563 0.2123866 0.2251155 0.03645092 0.2111139 0.234785 0.01275563 0.2123866 0.234444 0.03645092 0.2150487 0.2445248 0.03346824 0.2243967 0.2499219 0.03346824 0.2351908 0.2499219 0.03346824 0.2445388 0.2445248 0.03346824 0.2499359 0.2351768 0.03346824 0.2499359 0.2243827 0.03346824 0.2445388 0.2150347 0.03346824 0.2351908 0.2096377 0.03346824 0.2243967 0.2096377 0.03346824 0.2150487 0.2150347 0.03346824 0.2096516 0.2243826 0.03346824 0.2096516 0.2351768 0.03346824 0.2243967 0.2499219 0.01819705 0.2351908 0.2499219 0.01819705 0.2445388 0.2445248 0.01819705 0.2499359 0.2351768 0.01819705 0.2499359 0.2243827 0.01819705 0.2445388 0.2150347 0.01819705 0.2351908 0.2096377 0.01819705 0.2243967 0.2096377 0.01819705 0.2150487 0.2150347 0.01819705 0.2096516 0.2243826 0.01819705 0.2096516 0.2351768 0.01819705 0.2150487 0.2445248 0.01819705 -0.2434543 0.2161192 0.01275563 -0.2425227 0.2170509 0.03645092 -0.2484595 0.2247885 0.01275563 -0.2471869 0.2251295 0.03645092 -0.2484595 0.234799 0.01275563 -0.2471869 0.234458 0.03645092 -0.2434543 0.2434683 0.01275563 -0.2425227 0.2425367 0.03645092 -0.234785 0.2484735 0.01275563 -0.234444 0.2472009 0.03645092 -0.2247745 0.2484735 0.01275563 -0.2251155 0.2472009 0.03645092 -0.2161052 0.2434683 0.01275563 -0.2170369 0.2425367 0.03645092 -0.2111 0.234799 0.01275563 -0.2123726 0.234458 0.03645092 -0.2111 0.2247885 0.01275563 -0.2123726 0.2251296 0.03645092 -0.2161052 0.2161192 0.01275563 -0.2170369 0.2170509 0.03645092 -0.2247745 0.211114 0.01275563 -0.2251155 0.2123866 0.03645092 -0.234785 0.2111139 0.01275563 -0.234444 0.2123866 0.03645092 -0.2445248 0.2150487 0.03346824 -0.2499219 0.2243967 0.03346824 -0.2499219 0.2351908 0.03346824 -0.2445248 0.2445388 0.03346824 -0.2351768 0.2499359 0.03346824 -0.2243827 0.2499359 0.03346824 -0.2150347 0.2445388 0.03346824 -0.2096377 0.2351908 0.03346824 -0.2096377 0.2243967 0.03346824 -0.2150347 0.2150487 0.03346824 -0.2243826 0.2096516 0.03346824 -0.2351768 0.2096516 0.03346824 -0.2499219 0.2243967 0.01819705 -0.2499219 0.2351908 0.01819705 -0.2445248 0.2445388 0.01819705 -0.2351768 0.2499359 0.01819705 -0.2243827 0.2499359 0.01819705 -0.2150347 0.2445388 0.01819705 -0.2096377 0.2351908 0.01819705 -0.2096377 0.2243967 0.01819705 -0.2150347 0.2150487 0.01819705 -0.2243826 0.2096516 0.01819705 -0.2351768 0.2096516 0.01819705 -0.2445248 0.2150487 0.01819705 -0.2161192 -0.2434543 0.01275563 -0.2170508 -0.2425227 0.03645092 -0.2247885 -0.2484595 0.01275563 -0.2251295 -0.2471869 0.03645092 -0.234799 -0.2484595 0.01275563 -0.234458 -0.2471869 0.03645092 -0.2434683 -0.2434543 0.01275563 -0.2425366 -0.2425227 0.03645092 -0.2484735 -0.234785 0.01275563 -0.2472009 -0.234444 0.03645092 -0.2484735 -0.2247745 0.01275563 -0.2472009 -0.2251155 0.03645092 -0.2434683 -0.2161052 0.01275563 -0.2425367 -0.2170369 0.03645092 -0.234799 -0.2111 0.01275563 -0.234458 -0.2123726 0.03645092 -0.2247885 -0.2111 0.01275563 -0.2251295 -0.2123726 0.03645092 -0.2161192 -0.2161052 0.01275563 -0.2170508 -0.2170369 0.03645092 -0.2111139 -0.2247745 0.01275563 -0.2123866 -0.2251155 0.03645092 -0.2111139 -0.234785 0.01275563 -0.2123866 -0.234444 0.03645092 -0.2150487 -0.2445248 0.03346824 -0.2243967 -0.2499219 0.03346824 -0.2351908 -0.2499219 0.03346824 -0.2445388 -0.2445248 0.03346824 -0.2499359 -0.2351768 0.03346824 -0.2499359 -0.2243827 0.03346824 -0.2445388 -0.2150347 0.03346824 -0.2351908 -0.2096377 0.03346824 -0.2243967 -0.2096377 0.03346824 -0.2150487 -0.2150347 0.03346824 -0.2096516 -0.2243827 0.03346824 -0.2096516 -0.2351768 0.03346824 -0.2243967 -0.2499219 0.01819705 -0.2351908 -0.2499219 0.01819705 -0.2445388 -0.2445248 0.01819705 -0.2499359 -0.2351768 0.01819705 -0.2499359 -0.2243827 0.01819705 -0.2445388 -0.2150347 0.01819705 -0.2351908 -0.2096377 0.01819705 -0.2243967 -0.2096377 0.01819705 -0.2150487 -0.2150347 0.01819705 -0.2096516 -0.2243827 0.01819705 -0.2096516 -0.2351768 0.01819705 -0.2150487 -0.2445248 0.01819705 0.2434543 -0.2161192 0.01275563 0.2425227 -0.2170508 0.03645092 0.2484595 -0.2247885 0.01275563 0.2471869 -0.2251295 0.03645092 0.2484595 -0.2347989 0.01275563 0.2471869 -0.2344579 0.03645092 0.2434543 -0.2434682 0.01275563 0.2425227 -0.2425366 0.03645092 0.234785 -0.2484735 0.01275563 0.234444 -0.2472009 0.03645092 0.2247745 -0.2484735 0.01275563 0.2251155 -0.2472009 0.03645092 0.2161052 -0.2434683 0.01275563 0.2170369 -0.2425366 0.03645092 0.2111 -0.234799 0.01275563 0.2123727 -0.234458 0.03645092 0.2111 -0.2247885 0.01275563 0.2123726 -0.2251295 0.03645092 0.2161052 -0.2161192 0.01275563 0.2170369 -0.2170508 0.03645092 0.2247745 -0.2111139 0.01275563 0.2251155 -0.2123866 0.03645092 0.234785 -0.2111139 0.01275563 0.234444 -0.2123866 0.03645092 0.2445248 -0.2150486 0.03346824 0.2499219 -0.2243967 0.03346824 0.2499219 -0.2351908 0.03346824 0.2445248 -0.2445388 0.03346824 0.2351769 -0.2499358 0.03346824 0.2243827 -0.2499358 0.03346824 0.2150347 -0.2445388 0.03346824 0.2096377 -0.2351908 0.03346824 0.2096377 -0.2243967 0.03346824 0.2150347 -0.2150487 0.03346824 0.2243827 -0.2096516 0.03346824 0.2351768 -0.2096516 0.03346824 0.2499219 -0.2243967 0.01819705 0.2499219 -0.2351908 0.01819705 0.2445248 -0.2445388 0.01819705 0.2351769 -0.2499358 0.01819705 0.2243827 -0.2499358 0.01819705 0.2150347 -0.2445388 0.01819705 0.2096377 -0.2351908 0.01819705 0.2096377 -0.2243967 0.01819705 0.2150347 -0.2150487 0.01819705 0.2243827 -0.2096516 0.01819705 0.2351768 -0.2096516 0.01819705 0.2445248 -0.2150486 0.01819705 0.07001793 -0.0101636 0.01519507 0.07129091 -0.009822547 0.01519507 0.07222276 -0.008890688 0.01519507 0.07256382 -0.007617771 0.01519507 0.07222276 -0.006344795 0.01519507 0.07129091 -0.005412936 0.01519507 0.07001793 -0.005071878 0.01519507 0.06874501 -0.005412936 0.01519507 0.06781315 -0.006344795 0.01519507 0.06747204 -0.007617771 0.01519507 0.06781315 -0.008890688 0.01519507 0.06874501 -0.009822547 0.01519507 0.07001793 -0.0101636 0.1608539 0.07129091 -0.009822547 0.1608539 0.07222276 -0.008890688 0.1608539 0.07256382 -0.007617771 0.1608539 0.07222276 -0.006344795 0.1608539 0.07129091 -0.005412936 0.1608539 0.07001793 -0.005071878 0.1608539 0.06874501 -0.005412936 0.1608539 0.06781315 -0.006344795 0.1608539 0.06747204 -0.007617771 0.1608539 0.06781315 -0.008890688 0.1608539 0.06874501 -0.009822547 0.1608539 0.07001793 -0.02924007 0.160854 0.08082908 -0.02634322 0.160854 0.08874338 -0.01842892 0.160854 0.09164023 -0.007617771 0.160854 0.08874338 0.003193378 0.160854 0.08082908 0.01110768 0.160854 0.07001793 0.01400452 0.160854 0.05920672 0.01110768 0.160854 0.05129241 0.003193378 0.160854 0.04839557 -0.007617712 0.160854 0.05129241 -0.01842892 0.160854 0.05920672 -0.02634322 0.160854 0.07001793 -0.03198444 0.1627968 0.08220124 -0.02871996 0.1627968 0.09112012 -0.01980108 0.1627968 0.09438461 -0.007617771 0.1627968 0.09112012 0.004565536 0.1627968 0.08220124 0.01348441 0.1627968 0.07001793 0.0167489 0.1627968 0.05783456 0.01348441 0.1627968 0.04891568 0.004565536 0.1627968 0.04565119 -0.007617712 0.1627968 0.04891568 -0.01980108 0.1627968 0.0578345 -0.02871996 0.1627968 0.07001793 -0.03255188 0.1652253 0.08248496 -0.02921134 0.1652253 0.09161144 -0.02008479 0.1652253 0.09495198 -0.007617771 0.1652253 0.09161144 0.004849255 0.1652253 0.08248496 0.01397573 0.1652253 0.07001793 0.01731628 0.1652253 0.05755084 0.01397573 0.1652253 0.04842436 0.004849255 0.1652253 0.04508382 -0.007617712 0.1652253 0.0484243 -0.02008479 0.1652253 0.05755084 -0.02921128 0.1652253 0.07001793 -0.03255188 0.1663789 0.08248496 -0.02921134 0.1663789 0.09161144 -0.02008479 0.1663789 0.09495198 -0.007617771 0.1663789 0.09161144 0.004849255 0.1663789 0.08248496 0.01397573 0.1663789 0.07001793 0.01731628 0.1663789 0.05755084 0.01397573 0.1663789 0.04842436 0.004849255 0.1663789 0.04508382 -0.007617712 0.1663789 0.0484243 -0.02008479 0.1663789 0.05755084 -0.02921128 0.1663789 0.07001793 -0.02802497 0.168686 0.08022153 -0.0252909 0.168686 0.08769106 -0.01782137 0.168686 0.09042513 -0.007617771 0.168686 0.08769106 0.002585828 0.168686 0.08022153 0.01005536 0.168686 0.07001793 0.01278942 0.168686 0.05981427 0.01005536 0.168686 0.05234473 0.002585828 0.168686 0.04961067 -0.007617712 0.168686 0.05234473 -0.01782137 0.168686 0.05981427 -0.0252909 0.168686 0.07001793 -0.01816487 0.1702038 0.07529145 -0.01675182 0.1702038 0.07915198 -0.01289129 0.1702038 0.08056503 -0.007617771 0.1702038 0.07915198 -0.002344191 0.1702038 0.07529145 0.001516282 0.1702038 0.07001793 0.002929329 0.1702038 0.06474435 0.001516282 0.1702038 0.06088382 -0.002344191 0.1702038 0.05947077 -0.007617712 0.1702038 0.06088382 -0.01289129 0.1702038 0.06474435 -0.01675182 0.1702038 0.07001793 -0.007617771 0.1706895 0.2184351 -0.2342534 -0.1062626 0.2184351 -0.2342534 -0.1011664 0.2342395 -0.2184491 -0.1062626 0.2342395 -0.2184491 -0.1011664 0.2255646 -0.2413828 -0.1062626 0.2255646 -0.2413828 -0.1011664 0.2413689 -0.2255785 -0.1062626 0.2413689 -0.2255785 -0.1011664 0.2304915 -0.2463098 -0.1062626 0.2257183 -0.2415366 -0.1011664 0.2462959 -0.2305054 -0.1062626 0.2415226 -0.2257322 -0.1011664 0.2383909 -0.2542091 -0.02248477 0.2330337 -0.248852 -0.02248477 0.2541952 -0.2384048 -0.02248477 0.248838 -0.2330476 -0.02248477 0.2383909 -0.2542091 0.01275092 0.2330337 -0.248852 0.01275092 0.2541952 -0.2384048 0.01275092 0.248838 -0.2330476 0.01275092 0.2123951 -0.2282134 -0.02248477 0.2281995 -0.2124091 -0.02248477 0.2123951 -0.2282134 0.01275092 0.2281995 -0.2124091 0.01275092 0.2426519 -0.2499481 -0.01327979 0.2499341 -0.2426658 -0.01327979 0.2426519 -0.2499481 0.007203817 0.2499341 -0.2426658 0.007203817 0.2438634 -0.2511596 -0.01327979 0.2511457 -0.2438773 -0.01327979 0.2438634 -0.2511596 0.007203817 0.2511457 -0.2438773 0.007203817 -0.2184351 0.2342535 -0.1062626 -0.2184351 0.2342535 -0.1011663 -0.2342395 0.2184491 -0.1062626 -0.2342395 0.2184491 -0.1011663 -0.2255645 0.2413829 -0.1062626 -0.2255645 0.2413829 -0.1011663 -0.2413689 0.2255786 -0.1062626 -0.2413689 0.2255786 -0.1011663 -0.2304915 0.2463098 -0.1062626 -0.2257183 0.2415366 -0.1011663 -0.2462958 0.2305055 -0.1062626 -0.2415226 0.2257322 -0.1011663 -0.2383908 0.2542092 -0.02248471 -0.2330337 0.248852 -0.02248471 -0.2541952 0.2384048 -0.02248471 -0.248838 0.2330476 -0.02248471 -0.2383908 0.2542092 0.01275092 -0.2330337 0.248852 0.01275092 -0.2541952 0.2384048 0.01275092 -0.248838 0.2330476 0.01275092 -0.2123951 0.2282135 -0.02248471 -0.2281994 0.2124091 -0.02248471 -0.2123951 0.2282135 0.01275092 -0.2281994 0.2124091 0.01275092 -0.2426518 0.2499482 -0.01327979 -0.2499341 0.2426658 -0.01327979 -0.2426518 0.2499482 0.007203876 -0.2499341 0.2426658 0.007203876 -0.2438634 0.2511596 -0.01327979 -0.2511456 0.2438773 -0.01327979 -0.2438634 0.2511596 0.007203876 -0.2511456 0.2438773 0.007203876 0.2342535 0.2184351 -0.1062626 0.2342535 0.2184351 -0.1011663 0.2184491 0.2342394 -0.1062626 0.2184491 0.2342394 -0.1011663 0.2413829 0.2255645 -0.1062626 0.2413829 0.2255645 -0.1011663 0.2255786 0.2413689 -0.1062626 0.2255786 0.2413689 -0.1011663 0.2463098 0.2304915 -0.1062626 0.2415366 0.2257182 -0.1011663 0.2305055 0.2462958 -0.1062626 0.2257322 0.2415226 -0.1011663 0.2542092 0.2383908 -0.02248471 0.248852 0.2330337 -0.02248471 0.2384048 0.2541952 -0.02248471 0.2330477 0.248838 -0.02248471 0.2542092 0.2383908 0.01275092 0.248852 0.2330337 0.01275098 0.2384048 0.2541952 0.01275092 0.2330477 0.248838 0.01275098 0.2282135 0.2123951 -0.02248471 0.2124091 0.2281994 -0.02248471 0.2282135 0.2123951 0.01275098 0.2124091 0.2281994 0.01275098 0.2499482 0.2426518 -0.01327979 0.2426658 0.2499341 -0.01327979 0.2499482 0.2426518 0.007203876 0.2426658 0.2499341 0.007203876 0.2511597 0.2438633 -0.01327979 0.2438774 0.2511456 -0.01327979 0.2511597 0.2438633 0.007203876 0.2438774 0.2511456 0.007203876 -0.04883909 -0.04115206 0.01672434 -0.04883909 -0.04115206 0.04955744 -0.04883909 0.06613653 0.01672434 -0.04883909 0.06613653 0.04955744 0.05801331 -0.04115206 0.01672434 0.05801331 -0.04115206 0.04955744 0.05801331 0.06613653 0.01672434 0.05801331 0.06613653 0.04955744 -0.04883909 0.06613653 0.04955744 0.05801331 0.06613653 0.04955744 0.07967275 -0.05448997 -0.0225138 0.07967275 -0.05448997 -0.02105474 0.07967275 -0.004016697 -0.0225138 0.07967275 -0.004016697 -0.02105474 0.01809614 -0.07698965 -0.02192085 0.01809614 -0.07698965 -0.02164763 0.08317005 -0.06202965 -0.0225138 0.08317005 -0.06202965 -0.02105474 0.04608464 -0.08390933 -0.02192085 0.04608464 -0.08390933 -0.02164763 0.09458887 -0.07335561 -0.0225138 0.09458887 -0.07335561 -0.02105474 0.06804394 -0.09415018 -0.02192085 0.06804394 -0.09415018 -0.02164763 0.1070343 -0.08541375 -0.0225138 0.1070343 -0.08541375 -0.02105474 0.08560466 -0.1062083 -0.02192085 0.08560466 -0.1062083 -0.02164763 0.08949887 0.006316244 -0.0225138 0.08949887 0.006316244 -0.02105474 0.09515118 0.01005649 -0.0225138 0.09515118 0.01005649 -0.02105474 0.09248638 0.006986021 -0.0225138 0.09248638 0.006986021 -0.02105474 0.09515118 0.0573703 -0.0225138 0.09515118 0.0573703 -0.02105474 0.04843586 0.07120913 -0.0225138 0.04843586 0.07120913 -0.02105474 0.09515118 0.07120913 -0.0225138 0.09515118 0.07120913 -0.02105474 0.03525155 0.06428974 -0.0225138 0.09515118 0.06428974 -0.0225138 0.09515118 0.06428974 -0.02105474 0.03525155 0.06428974 -0.02105474 0.07116293 0.09211802 -0.0225138 0.07116293 0.09211802 -0.02105474 0.09735894 0.07627403 -0.0225138 0.09735894 0.07627403 -0.02105474 0.08518874 0.1067932 -0.0225138 0.08518874 0.1067932 -0.02105474 0.1067311 0.08521336 -0.0225138 0.1067311 0.08521336 -0.02105474 0 -0.05448997 -0.0225138 0 -0.05448997 -0.02105474 0 -0.004016697 -0.0225138 0 -0.004016697 -0.02105474 -0.07967275 -0.05448997 -0.0225138 -0.07967275 -0.05448997 -0.02105474 -0.07967275 -0.004016697 -0.0225138 -0.07967275 -0.004016697 -0.02105474 0 -0.07698965 -0.02192085 0 -0.07698965 -0.02164763 -0.01809614 -0.07698965 -0.02192085 -0.01809614 -0.07698965 -0.02164763 -0.08317005 -0.06202965 -0.0225138 -0.08317005 -0.06202965 -0.02105474 -0.04608464 -0.08390933 -0.02192085 -0.04608464 -0.08390933 -0.02164763 -0.09458887 -0.07335561 -0.0225138 -0.09458887 -0.07335561 -0.02105474 -0.06804394 -0.09415018 -0.02192085 -0.06804394 -0.09415018 -0.02164763 -0.1070343 -0.08541375 -0.0225138 -0.1070343 -0.08541375 -0.02105474 -0.08560466 -0.1062083 -0.02192085 -0.08560466 -0.1062083 -0.02164763 0 0.006316244 -0.0225138 0 0.006316244 -0.02105474 -0.08949887 0.006316244 -0.0225138 -0.08949887 0.006316244 -0.02105474 0 0.01005649 -0.0225138 0 0.01005649 -0.02105474 -0.09515118 0.01005649 -0.0225138 -0.09515118 0.01005649 -0.02105474 -0.09248638 0.006986021 -0.0225138 -0.09248638 0.006986021 -0.02105474 0 0.006986021 -0.0225138 0 0.006986021 -0.02105474 0 0.0573703 -0.0225138 0 0.0573703 -0.02105474 -0.09515118 0.0573703 -0.0225138 -0.09515118 0.0573703 -0.02105474 -0.04843586 0.07120913 -0.0225138 -0.04843586 0.07120913 -0.02105474 -0.09515118 0.07120913 -0.0225138 -0.09515118 0.07120913 -0.02105474 -0.03525155 0.06428974 -0.0225138 -0.09515118 0.06428974 -0.0225138 -0.09515118 0.06428974 -0.02105474 -0.03525155 0.06428974 -0.02105474 -0.07116293 0.09211802 -0.0225138 -0.07116293 0.09211802 -0.02105474 -0.09735894 0.07627403 -0.0225138 -0.09735894 0.07627403 -0.02105474 -0.08518874 0.1067932 -0.0225138 -0.08518874 0.1067932 -0.02105474 -0.1067311 0.08521336 -0.0225138 -0.1067311 0.08521336 -0.02105474 0.06748282 -0.02431827 0.03209012 0.06748282 -0.02259159 0.03174668 0.06748282 -0.02112782 0.03076857 0.06748282 -0.0201497 0.0293048 0.06748282 -0.01980626 0.02757811 0.06748282 -0.0201497 0.02585142 0.06748282 -0.02112782 0.02438759 0.06748282 -0.02259159 0.02340954 0.06748282 -0.02431827 0.02306604 0.06748282 -0.02604496 0.02340954 0.06748282 -0.02750879 0.02438759 0.06748282 -0.02848684 0.02585142 0.06748282 -0.02883028 0.02757811 0.06748282 -0.02848684 0.0293048 0.06748282 -0.02750879 0.03076857 0.06748282 -0.02604496 0.03174668 0.08732998 -0.02431827 0.03209012 0.08732998 -0.02259159 0.03174668 0.08732998 -0.02112782 0.03076857 0.08732998 -0.0201497 0.0293048 0.08732998 -0.01980626 0.02757811 0.08732998 -0.0201497 0.02585142 0.08732998 -0.02112782 0.02438759 0.08732998 -0.02259159 0.02340954 0.08732998 -0.02431827 0.02306604 0.08732998 -0.02604496 0.02340954 0.08732998 -0.02750879 0.02438759 0.08732998 -0.02848684 0.02585142 0.08732998 -0.02883028 0.02757811 0.08732998 -0.02848684 0.0293048 0.08732998 -0.02750879 0.03076857 0.08732998 -0.02604496 0.03174668 0.09184205 -0.02431827 0.03278535 0.09149855 -0.02259159 0.03278535 0.0905205 -0.02112782 0.03278535 0.08905667 -0.0201497 0.03278535 0.08732998 -0.01980626 0.03278535 0.08560329 -0.0201497 0.03278535 0.08413952 -0.02112782 0.03278535 0.08316141 -0.02259159 0.03278535 0.08281797 -0.02431827 0.03278535 0.08316141 -0.02604496 0.03278535 0.08413952 -0.02750879 0.03278535 0.08560329 -0.02848684 0.03278535 0.08732998 -0.02883028 0.03278535 0.08905667 -0.02848684 0.03278535 0.0905205 -0.02750879 0.03278535 0.09149855 -0.02604496 0.03278535 0.09184205 -0.02431827 -0.08027464 0.09149855 -0.02259159 -0.08027464 0.0905205 -0.02112782 -0.08027464 0.08905667 -0.0201497 -0.08027464 0.08732998 -0.01980626 -0.08027464 0.08560329 -0.0201497 -0.08027464 0.08413952 -0.02112782 -0.08027464 0.08316141 -0.02259159 -0.08027464 0.08281797 -0.02431827 -0.08027464 0.08316141 -0.02604496 -0.08027464 0.08413952 -0.02750879 -0.08027464 0.08560329 -0.02848684 -0.08027464 0.08732998 -0.02883028 -0.08027464 0.08905667 -0.02848684 -0.08027464 0.0905205 -0.02750879 -0.08027464 0.09149855 -0.02604496 -0.08027464 0.08989906 -0.02431827 -0.09760081 0.0897035 -0.02333515 -0.09760081 0.08914661 -0.0225017 -0.09760081 0.08831316 -0.02194476 -0.09760081 0.08732998 -0.02174919 -0.09760081 0.08634686 -0.02194476 -0.09760081 0.08551341 -0.0225017 -0.09760081 0.08495652 -0.02333515 -0.09760081 0.08476096 -0.02431827 -0.09760081 0.08495652 -0.02530139 -0.09760081 0.08551341 -0.0261349 -0.09760081 0.08634686 -0.02669179 -0.09760081 0.08733004 -0.02688735 -0.09760081 0.08831316 -0.02669179 -0.09760081 0.08914661 -0.0261349 -0.09760081 0.0897035 -0.02530139 -0.09760081 0.08989906 -0.02431827 -0.1422508 0.0897035 -0.02333515 -0.1422508 0.08914661 -0.0225017 -0.1422508 0.08831316 -0.02194476 -0.1422508 0.08732998 -0.02174919 -0.1422508 0.08634686 -0.02194476 -0.1422508 0.08551341 -0.0225017 -0.1422508 0.08495652 -0.02333515 -0.1422508 0.08476096 -0.02431827 -0.1422508 0.08495652 -0.02530139 -0.1422508 0.08551341 -0.0261349 -0.1422508 0.08634686 -0.02669179 -0.1422508 0.08733004 -0.02688735 -0.1422508 0.08831316 -0.02669179 -0.1422508 0.08914661 -0.0261349 -0.1422508 0.0897035 -0.02530139 -0.1422508 0.05503404 -0.02431833 0.03064191 0.06748282 -0.02431833 0.03064191 0.05503404 -0.02166497 0.02911001 0.06748282 -0.02166497 0.02911001 0.05503404 -0.02166497 0.02604615 0.06748282 -0.02166497 0.02604615 0.05503404 -0.02431833 0.02451425 0.06748282 -0.02431833 0.02451425 0.05503404 -0.02697169 0.02604615 0.06748282 -0.02697169 0.02604615 0.05503404 -0.02697169 0.02911001 0.06748282 -0.02697169 0.02911001 0.05090123 0.04977726 -0.02054172 0.05090123 -0.05751138 0.01073628 0.05090123 -0.05751138 -0.02054172 -0.04834079 0.04977726 0.01073628 -0.04834079 0.04977726 -0.02054172 -0.04834079 -0.05751138 0.01073628 -0.04834079 -0.05751138 -0.02054172 0.05090123 0.04977726 0.01073628 -0.01582121 0.1051238 0.01493662 -0.0146169 0.09906923 0.01493662 -0.01118731 0.09393644 0.01493662 -0.00605452 0.09050685 0.01493662 0 0.08930253 0.01493662 0.00605452 0.09050685 0.01493662 0.01118731 0.09393644 0.01493662 0.0146169 0.09906923 0.01493662 0.01582127 0.1051238 0.01493662 0.0146169 0.1111783 0.01493662 0.01118731 0.1163111 0.01493662 0.00605452 0.1197407 0.01493662 0 0.120945 0.01493662 -0.00605452 0.1197407 0.01493662 -0.01118731 0.1163111 0.01493662 -0.0146169 0.1111783 0.01493662 0.01161098 0.06939393 -0.02015888 0.01161098 0.04614555 -0.04368078 -0.01161098 0.04614555 -0.04368078 -0.01161092 0.06939393 -0.02015888 0.05218291 -0.03458833 0.05095589 0.05218285 0.02807897 0.05095589 -0.04269617 -0.03458833 0.05095589 -0.04269617 0.02807897 0.05095589</float_array>
          <technique_common>
            <accessor source="#Cube_017-mesh-positions-array" count="1143" stride="3">
              <param name="X" type="float"/>
              <param name="Y" type="float"/>
              <param name="Z" type="float"/>
            </accessor>
          </technique_common>
        </source>
        <source id="Cube_017-mesh-normals">
          <float_array id="Cube_017-mesh-normals-array" count="1842">0.554934 -0.2267285 0.8004015 0.634438 0.1368796 -0.7607579 0.554934 -0.2267285 -0.8004015 -0.2292604 -0.6493881 -0.7250758 -0.08154779 -0.6803078 -0.7283759 -0.4449107 -0.009125232 -0.8955285 -0.4479927 -0.003021359 -0.8940321 -0.4479927 -0.003021359 0.8940321 0.634438 0.1368796 0.7607579 -0.4456381 1.22076e-4 0.8952132 0.2967066 0.7197317 0.6276556 -0.3336096 0.6689587 0.6642282 0.8148132 0.008637011 0.5796594 -0.4456381 1.22076e-4 -0.8952132 0.8148132 0.008637011 -0.5796594 0.2967066 0.7197317 -0.6276556 -0.3336096 0.6689587 -0.6642282 -0.08154779 -0.6803078 0.7283759 -0.3341587 -0.6732312 -0.6596195 -0.4449107 -0.009125232 0.8955285 0.5386605 0.3770318 -0.7534533 -0.3438653 -0.6012684 -0.7212718 -0.2292559 -0.6494057 0.7250614 0.5386605 0.3770318 0.7534533 0.4907216 0.5000911 0.7135133 0.06586068 -0.8093727 0.5835908 0.814239 -0.001922667 0.5805268 -0.3438653 -0.6012684 0.7212718 0.4907216 0.5000911 -0.7135133 0.06586068 -0.8093727 -0.5835908 0.814239 -0.001922667 -0.5805268 -0.634438 0.1368796 -0.7607579 -0.554934 -0.2267285 0.8004015 -0.554934 -0.2267285 -0.8004015 0.2292604 -0.6493881 -0.7250758 0.08154779 -0.6803078 -0.7283759 -0.634438 0.1368796 0.7607579 -0.2967066 0.7197317 0.6276556 -0.8148132 0.008637011 0.5796594 -0.2967066 0.7197317 -0.6276556 -0.8148132 0.008637011 -0.5796594 0.08154779 -0.6803078 0.7283759 -0.3341587 -0.6732312 0.6596195 0.3438653 -0.6012684 -0.7212718 -0.5386605 0.3770318 -0.7534533 0.2292559 -0.6494057 0.7250614 -0.4907216 0.5000911 0.7135133 -0.06586068 -0.8093727 0.5835908 0.3438653 -0.6012684 0.7212718 -0.5386605 0.3770318 0.7534533 -0.4907216 0.5000911 -0.7135133 -0.06586068 -0.8093727 -0.5835908 -0.814239 -0.001922667 0.5805268 -0.814239 -0.001922667 -0.5805268 -0.4456759 0.4456453 0.7763848 0.103552 0.9946241 1.83116e-4 -0.4454317 0.4458895 -0.7763848 0.05734562 -0.8337856 -0.5491021 -0.9946749 -0.1030626 -1.83114e-4 -0.8337572 0.05774253 -0.5491036 0.8339336 -0.05755895 -0.548855 -0.05716204 0.8339619 -0.5488535 0.8337572 -0.05774253 0.5491036 0.05716204 -0.8339619 0.5488535 -0.05734562 0.8337856 0.5491021 0.9946749 0.1030626 1.83114e-4 0.4454317 -0.4458895 0.7763848 -0.8339336 0.05755895 0.548855 -0.103552 -0.9946241 -1.83116e-4 -0.1030626 0.9946749 -1.83114e-4 0.4456453 0.4456759 0.7763848 0.9946241 -0.103552 1.83116e-4 -0.8337856 -0.05734562 -0.5491021 0.05774253 0.8337572 -0.5491036 -0.4456453 -0.4456759 -0.7763848 0.4458895 0.4454317 -0.7763848 0.8339619 0.05716204 -0.5488535 -0.8339619 -0.05716204 0.5488535 -0.05755895 -0.8339336 -0.548855 0.1030626 -0.9946749 1.83114e-4 -0.05774253 -0.8337572 0.5491036 0.8337856 0.05734562 0.5491021 -0.4458895 -0.4454317 0.7763848 0.05755895 0.8339336 0.548855 0.9946749 0.1030626 -1.83114e-4 0.4456759 -0.4456453 0.7763848 -0.103552 -0.9946241 1.83116e-4 -0.05734562 0.8337856 -0.5491021 0.8337572 -0.05774253 -0.5491036 -0.4456759 0.4456453 -0.7763848 0.4454317 -0.4458895 -0.7763848 -0.8339336 0.05755895 -0.548855 0.05716204 -0.8339619 -0.5488535 -0.8337572 0.05774253 0.5491036 -0.4454317 0.4458895 0.7763848 -0.05716204 0.8339619 0.5488535 -0.9946749 -0.1030626 1.83114e-4 0.05734562 -0.8337856 0.5491021 0.8339336 -0.05755895 0.548855 0.103552 0.9946241 -1.83116e-4 -0.9946241 0.103552 1.83116e-4 -0.8339619 -0.05716204 -0.5488535 -0.4458895 -0.4454317 -0.7763848 0.8337856 0.05734562 -0.5491021 0.1030626 -0.9946749 -1.83114e-4 -0.05774253 -0.8337572 -0.5491036 0.4456453 0.4456759 -0.7763848 0.05755895 0.8339336 -0.548855 0.05774253 0.8337572 0.5491036 -0.1030626 0.9946749 1.83114e-4 -0.8337856 -0.05734562 0.5491021 -0.4456453 -0.4456759 0.7763848 0.8339619 0.05716204 0.5488535 -0.05755895 -0.8339336 0.548855 0 0.8164956 0.5773516 0.8164956 0 -0.5773516 0 0.8164956 -0.5773516 0.8164956 0 0.5773516 0.5000007 -0.5000007 -0.7071059 -0.5000007 0.5000007 0.7071059 0.8421598 -0.4148539 0.3444755 0.5000007 -0.5000007 0.7071059 -0.5000007 0.5000007 -0.7071059 -0.4148791 0.842149 0.3444711 -0.998672 -0.01931846 -0.04776215 -0.4410588 0.8591979 -0.2593189 0.03549337 -0.7912922 -0.6104071 -0.7912922 0.03549337 -0.6104071 -0.8164956 0 0.5773516 -0.4263903 -0.8528112 0.3015038 0 -0.81651 0.5773313 0.8591979 -0.4410588 -0.2593189 -0.01931846 -0.998672 -0.04776215 -0.8528112 -0.4263903 -0.3015038 -0.8528112 -0.4263903 0.3015038 -0.4263903 -0.8528112 -0.3015038 0 -0.8164956 -0.5773516 -0.8164956 0 -0.5773516 -0.3209106 0.0859729 -0.9431994 -0.684033 0.684033 0.2533727 -0.2349085 0.2349085 -0.9432051 0.9344056 0.2503793 0.2533702 0.3209106 -0.0859729 -0.9431994 0.3209106 0.0859729 -0.9431994 0.2503507 0.9344127 0.2533721 0.2349085 0.2349085 -0.9432051 0.0859729 0.3209106 -0.9431994 0.0859729 -0.3209106 -0.9431994 -0.2503507 -0.9344127 0.2533721 -0.0859729 -0.3209106 -0.9431994 -0.3209106 -0.0859729 -0.9431994 -0.9344056 0.2503793 0.2533702 0.6840493 0.6840187 0.2533674 -0.2503793 0.9344056 0.2533702 -0.0859729 0.3209106 -0.9431994 0.684033 -0.684033 0.2533727 0.2349085 -0.2349085 -0.9432051 -0.2349085 -0.2349085 -0.9432051 -0.9344127 -0.2503507 0.2533721 0.9344056 -0.2503793 0.2533702 -0.6840187 -0.6840493 0.2533674 -0.1650463 0.6159939 0.770267 0.1650463 -0.6159939 0.770267 0.2503507 -0.9344127 0.2533721 -0.450919 -0.4509496 0.7702704 0.450919 -0.4509496 0.7702704 -0.1650463 -0.6159939 0.770267 -0.6159939 0.1650463 0.770267 0.6159939 -0.1650463 0.770267 0.4509496 0.450919 0.7702704 -0.6159939 -0.1650463 0.770267 0.6159939 0.1650463 0.770267 0.5353941 0.5353941 0.6532278 -0.1959632 0.7313601 0.6532312 0.1650463 0.6159939 0.770267 0.5353941 -0.5353941 0.6532278 -0.5353941 -0.5353941 0.6532278 -0.5353941 0.5353941 0.6532278 -0.4509496 0.450919 0.7702704 0.7313601 -0.1959632 0.6532312 -0.1959632 -0.7313601 0.6532312 -0.7313601 0.1959632 0.6532312 0.7313601 0.1959632 0.6532312 0.1959632 0.7313601 0.6532312 0.1959632 -0.7313601 0.6532312 -0.7313601 -0.1959632 0.6532312 0.450919 0.4509496 0.7702704 -0.9659304 -0.2588022 0 0.7071068 0.7071068 0 -0.2588022 0.9659304 0 0.7071068 -0.7071068 0 0.4509496 -0.450919 0.7702704 -0.7071068 -0.7071068 0 -0.7071068 0.7071068 0 0.9659304 -0.2588022 0 -0.2588022 -0.9659304 0 -0.9659304 0.2588022 0 0.9659304 0.2588022 0 0.2588022 0.9659304 0 0.2588022 -0.9659304 0 -0.684033 -0.684033 0.2533727 -0.9344127 0.2503507 0.2533721 0.684033 0.684033 0.2533727 0.2503793 -0.9344056 0.2533702 0.9344127 0.2503507 0.2533721 0.4509434 0.4509434 0.7702599 -0.4509434 -0.4509434 0.7702599 -0.450919 0.4509496 0.7702704 0.2503793 0.9344056 0.2533702 0.9344127 -0.2503507 0.2533721 -0.2503507 0.9344127 0.2533721 -0.4509434 0.4509434 0.7702599 -0.4509496 -0.450919 0.7702704 0.4509434 -0.4509434 0.7702599 -0.6840493 0.6840187 0.2533674 0 -0.8164956 0.5773516 -0.5773503 -0.5773503 0.5773503 -0.5773503 0.5773503 -0.5773503 -0.5773503 -0.5773503 -0.5773503 -0.5773503 0.5773503 0.5773503 0.5773503 0.5773503 -0.5773503 0.5773503 0.5773503 0.5773503 0.5773503 -0.5773503 -0.5773503 0.5773503 -0.5773503 0.5773503 -0.5128232 0.5128232 0.6884947 -0.2423208 0.9044306 0.3511211 -0.6620846 0.6620846 0.3511239 -0.187694 0.7005413 0.688486 0.2423208 0.9044306 0.3511211 0.187694 0.7005413 0.688486 0.6620846 0.6620846 0.3511239 0.5128232 0.5128232 0.6884947 0.9044306 0.2423208 0.3511211 0.7005413 0.187694 0.688486 0.9044306 -0.2423208 0.3511211 0.7005413 -0.187694 0.688486 0.6620846 -0.6620846 0.3511239 0.5128232 -0.5128232 0.6884947 0.2423208 -0.9044306 0.3511211 0.187694 -0.7005413 0.688486 -0.2423208 -0.9044306 0.3511211 -0.5128232 -0.5128232 0.6884947 -0.6620846 -0.6620846 0.3511239 -0.7005413 -0.187694 0.688486 -0.9044306 -0.2423208 0.3511211 -0.9044306 0.2423208 0.3511211 -0.1711837 0.6389555 -0.7499548 0.4677422 0.4677422 -0.7499563 0.1711837 -0.6389555 -0.7499548 -0.7008852 0.7008852 -0.1323639 -0.9574257 0.2565465 -0.1323629 -0.9574257 -0.2565465 -0.1323629 -0.7008852 -0.7008852 -0.1323639 -0.2565465 -0.9574257 -0.1323629 0.2565465 -0.9574257 -0.1323629 0.7008852 -0.7008852 -0.1323639 0.9574257 -0.2565465 -0.1323629 0.9574257 0.2565465 -0.1323629 0.7008852 0.7008852 -0.1323639 0.2565465 0.9574257 -0.1323629 -0.2565465 0.9574257 -0.1323629 -0.4677422 0.4677422 -0.7499563 0.1711837 0.6389555 -0.7499548 0.6389555 0.1711837 -0.7499548 0.6389555 -0.1711837 -0.7499548 0.4677422 -0.4677422 -0.7499563 -0.1711837 -0.6389555 -0.7499548 -0.4677422 -0.4677422 -0.7499563 -0.6389555 -0.1711837 -0.7499548 -0.6389555 0.1711837 -0.7499548 -0.7005413 0.187694 0.688486 -0.187694 -0.7005413 0.688486 0.5522741 0.3188638 -0.7702721 1 0 0 0.8660317 0.4999893 0 -0.3188638 -0.5522741 -0.7702721 -0.8660317 -0.4999893 0 -0.4999893 -0.8660317 0 0.3188638 -0.5522741 -0.7702721 0 -1 0 0.4999893 -0.8660317 0 -0.5522741 0.3188638 -0.7702721 -0.4999893 0.8660317 0 -0.8660317 0.4999893 0 0.3188638 0.5522741 -0.7702721 0.4999893 0.8660317 0 0 -0.6377227 -0.7702662 0.5522741 -0.3188638 -0.7702721 0.8660317 -0.4999893 0 -0.6377227 0 -0.7702662 -1 0 0 0 0.6377227 -0.7702662 0 1 0 0.6377227 0 -0.7702662 -0.5522741 -0.3188638 -0.7702721 -0.3188364 0.5522795 -0.7702797 -0.300978 0.1737749 -0.9376645 0.1737749 0.300978 -0.9376645 0.3475489 0 -0.9376619 -0.300978 -0.1737749 -0.9376645 0 0.3475489 -0.9376619 -0.1737749 -0.300978 -0.9376645 0.1737749 -0.300978 -0.9376645 -0.1737749 0.300978 -0.9376645 0.300978 0.1737749 -0.9376645 0 -0.3475489 -0.9376619 0.300978 -0.1737749 -0.9376645 0.7330084 -0.4231782 -0.5325588 -0.3475489 0 -0.9376619 -0.7330084 0.4231782 -0.5325588 0.4231782 0.7330084 -0.5325588 -0.8463913 0 -0.5325616 -0.4231782 0.7330084 -0.5325588 0.732999 0.4232033 -0.532552 -0.4231782 -0.7330084 -0.5325588 0.4231782 -0.7330084 -0.5325588 0 -0.8463913 -0.5325616 -0.496819 -0.8605446 -0.1124015 0.8605446 -0.496819 -0.1124015 -0.8605446 0.496819 -0.1124015 0 0.8463913 -0.5325616 0.496819 0.8605446 -0.1124015 0.993663 0 -0.1124008 0.8463913 0 -0.5325616 -0.8605446 -0.496819 -0.1124015 -0.7330084 -0.4231782 -0.5325588 -0.496819 0.8605446 -0.1124015 0.8605446 0.496819 -0.1124015 0.496819 -0.8605446 -0.1124015 0.4366093 0.7562075 0.4873629 0 -0.8732041 0.4873548 0 -0.993663 -0.1124008 0.7562075 -0.4366093 0.4873629 -0.8732041 0 0.4873548 -0.993663 0 -0.1124008 0 0.8732041 0.4873548 0 0.993663 -0.1124008 0.8732041 0 0.4873548 -0.7562075 -0.4366093 0.4873629 -0.4366093 0.7562075 0.4873629 0.7562075 0.4366093 0.4873629 -0.4366093 -0.7562075 0.4873629 0.4366093 -0.7562075 0.4873629 -0.7562075 0.4366093 0.4873629 0.2862375 0.1652603 0.9437994 0 -0.3305203 0.943799 0.1652603 -0.2862375 0.9437994 -0.3305203 0 0.943799 0 0.3305203 0.943799 0.3305203 0 0.943799 -0.2862375 -0.1652603 0.9437994 -0.2862375 0.1652603 0.9437994 -0.09350991 0.05398792 0.9941536 -0.1652603 0.2862375 0.9437994 0.05398792 0.09350991 0.9941536 0.1652603 0.2862375 0.9437994 0 -0.1079759 0.9941536 -0.1652603 -0.2862375 0.9437994 0.2862375 -0.1652603 0.9437994 0.05398792 -0.09350991 0.9941536 -0.1079759 0 0.9941536 0 0.1079759 0.9941536 0.1079759 0 0.9941536 -0.09350991 -0.05398792 0.9941536 -0.05398792 0.09350991 0.9941536 0 0 1 0.09350991 0.05398792 0.9941536 -0.05398792 -0.09350991 0.9941536 0.09350991 -0.05398792 0.9941536 0.5000007 0.5000007 -0.7071059 0.5000007 0.5000007 0.7071059 -0.8421598 -0.4148539 0.3444755 0.4148476 0.8421775 0.3444398 -0.5000007 -0.5000007 0.7071059 -0.5000007 -0.5000007 -0.7071059 0.01931846 -0.998672 -0.04776215 -0.8591979 -0.4410588 -0.2593189 0.7912922 0.03549337 -0.6104071 -0.03549337 -0.7912922 -0.6104071 0.8528112 -0.4263903 0.3015038 0.4410588 0.8591979 -0.2593189 0.998672 -0.01931846 -0.04776215 0.4263903 -0.8528112 -0.3015038 0.4263903 -0.8528112 0.3015038 0.8528112 -0.4263903 -0.3015038 0.81651 0 0.5773313 0.842149 0.4148791 0.3444711 -0.4148791 -0.842149 0.3444711 -0.01931846 0.998672 -0.04776215 0.8591979 0.4410588 -0.2593189 -0.7912922 -0.03549337 -0.6104071 0.03549337 0.7912922 -0.6104071 -0.8528112 0.4263903 0.3015038 -0.998672 0.01931846 -0.04776215 -0.4410588 -0.8591979 -0.2593189 -0.4263903 0.8528112 -0.3015038 -0.4263903 0.8528112 0.3015038 -0.8528112 0.4263903 -0.3015038 0 0.81651 -0.5773313 -0.8421598 0.4148539 0.3444755 0.4148791 -0.842149 0.3444711 0.998672 0.01931846 -0.04776215 0.4410588 -0.8591979 -0.2593189 -0.03549337 0.7912922 -0.6104071 0.7912922 -0.03549337 -0.6104071 0.4263903 0.8528112 0.3015038 0.01931846 0.998672 -0.04776215 -0.8591979 0.4410588 -0.2593189 0.8528112 0.4263903 -0.3015038 0.8528112 0.4263903 0.3015038 0.4263903 0.8528112 -0.3015038 0.7071068 0 0.7071068 -0.7071068 0 0.7071068 0.5560646 -0.2221817 0.8008918 0.6340348 0.1359016 -0.761269 0.5560646 -0.2221817 -0.8008918 -0.2297164 -0.6506955 -0.7237581 -0.0814256 -0.6824737 -0.7263606 -0.4442381 -0.01178038 -0.8958313 -0.4472014 0 -0.8944334 -0.4472014 0 0.8944334 0.6340348 0.1359016 0.761269 -0.0814256 -0.6824737 0.7263606 -0.3343994 -0.6751163 -0.6575677 -0.4442381 -0.01178038 0.8958313 0.5376197 0.3760225 -0.7547001 -0.3446807 -0.6025045 -0.7198498 -0.2297164 -0.6506955 0.7237581 0.5376197 0.3760225 0.7547001 0.4897665 0.4989527 0.7149651 0.06524986 -0.8104355 0.5821829 0.8132479 -0.002594113 0.5819116 -0.3446807 -0.6025045 0.7198498 0.4897665 0.4989527 -0.7149651 0.06524986 -0.8104355 -0.5821829 0.8132479 -0.002594113 -0.5819116 0.3092555 -0.5457827 0.7787697 0.3092555 -0.5457827 -0.7787697 0.3926016 -0.6575101 -0.6430743 0.7227825 -0.2698799 0.6362 0.3925758 -0.6575179 0.643082 0.7227825 -0.2698799 -0.6362 -0.3178267 0.6237509 0.7140877 0.7071068 0 -0.7071068 -0.3888154 0.5521544 -0.7375285 0.6407287 -0.1335538 -0.7560623 -0.3888154 0.5521544 0.7375285 -0.2230011 0.6333269 0.7410584 -0.2230011 0.6333269 -0.7410584 0.6407287 -0.1335538 0.7560623 -0.3178267 0.6237509 -0.7140877 -0.4900482 0.4994481 0.7144259 -0.4900482 0.4994481 -0.7144259 0.5379914 -0.3760263 0.7544332 0.5379914 -0.3760263 -0.7544332 -0.5150177 0.4922195 0.7017669 -0.5150177 0.4922195 -0.7017669 0.4915931 -0.5153977 0.7019271 0.4915931 -0.5153977 -0.7019271 -0.6340348 0.1359016 -0.761269 -0.5560646 -0.2221817 0.8008918 -0.5560646 -0.2221817 -0.8008918 0.2297164 -0.6506955 -0.7237581 0.0814256 -0.6824737 -0.7263606 -0.6340348 0.1359016 0.761269 0.0814256 -0.6824737 0.7263606 -0.3343994 -0.6751163 0.6575677 0.3446807 -0.6025045 -0.7198498 -0.5376197 0.3760225 -0.7547001 0.2297164 -0.6506955 0.7237581 -0.4897665 0.4989527 0.7149651 -0.06524986 -0.8104355 0.5821829 0.3446807 -0.6025045 0.7198498 -0.5376197 0.3760225 0.7547001 -0.4897665 0.4989527 -0.7149651 -0.06524986 -0.8104355 -0.5821829 -0.8132479 -0.002594113 0.5819116 -0.8132479 -0.002594113 -0.5819116 -0.3092555 -0.5457827 0.7787697 -0.7227825 -0.2698799 0.6362 -0.3926016 -0.6575101 -0.6430743 -0.3925758 -0.6575179 0.643082 -0.3092555 -0.5457827 -0.7787697 -0.7227825 -0.2698799 -0.6362 -0.7071068 0 -0.7071068 0.3888154 0.5521544 -0.7375285 0.2230011 0.6333269 -0.7410584 0.3888154 0.5521544 0.7375285 0.2230011 0.6333269 0.7410584 -0.6407287 -0.1335538 0.7560623 0.4900482 0.4994481 0.7144259 0.4900482 0.4994481 -0.7144259 -0.5379914 -0.3760263 0.7544332 -0.6407287 -0.1335538 -0.7560623 0.5150177 0.4922195 0.7017669 0.5150177 0.4922195 -0.7017669 -0.4915931 -0.5153977 0.7019271 -0.5379914 -0.3760263 -0.7544332 -0.6657159 0.5276469 0.5276469 0.6657225 0.6894056 0.2855407 -0.6657225 0.6894056 0.2855407 0.6657159 0.5276469 0.5276469 0.6657159 -0.5276469 0.5276469 0.6657159 -0.5276469 -0.5276469 -0.6657159 -0.5276469 -0.5276469 0.6657225 -0.6894056 -0.2855407 -0.6657225 -0.6894056 -0.2855407 0.6657209 0.7462008 0 -0.6657209 0.7462008 0 0.6657209 -0.7462008 0 -0.6657209 -0.7462008 0 0.6657225 0.6894056 -0.2855407 -0.6657225 0.6894056 -0.2855407 0.6657167 -0.6893996 0.2855687 -0.6657225 -0.6894056 0.2855407 0.6657159 0.5276469 -0.5276469 -0.6657159 0.5276469 -0.5276469 -0.6657159 -0.5276469 0.5276469 0.6657225 0.2855407 -0.6894056 -0.6657225 0.2855407 -0.6894056 0.6657225 -0.2855407 0.6894056 -0.6657225 -0.2855407 0.6894056 0.6657209 0 -0.7462008 -0.6657209 0 -0.7462008 -0.6657209 0 0.7462008 0.6657225 0.2855407 0.6894056 -0.6657225 0.2855407 0.6894056 0.6657209 0 0.7462008 0.6657225 -0.2855407 -0.6894056 -0.6657225 -0.2855407 -0.6894056 0 0.7462008 0.6657209 -0.7462008 0 0.6657209 0 -0.7462008 0.6657209 0.3820948 -0.9224599 -0.055422 0 -0.9984204 -0.05618494 0.3820739 -0.9224222 -0.05618643 0.2855407 -0.6894056 0.6657225 0.7060199 -0.7060199 -0.05542194 0.5276469 -0.5276469 0.6657159 -0.5276469 0.5276469 0.6657159 -0.9224599 0.3820948 -0.055422 -0.6894056 0.2855407 0.6657225 0.9224599 -0.3820948 -0.055422 0.6894056 -0.2855407 0.6657225 -0.998463 0 -0.05542266 0.7462008 0 0.6657209 0.9224599 0.3820948 -0.055422 0.6894056 0.2855407 0.6657225 0.998463 0 -0.05542266 -0.9224599 -0.3820948 -0.055422 -0.6894056 -0.2855407 0.6657225 0.7060199 0.7060199 -0.05542194 0.5276469 0.5276469 0.6657159 -0.7060199 -0.7060199 -0.05542194 -0.5276469 -0.5276469 0.6657159 0.3820948 0.9224599 -0.055422 0.2855407 0.6894056 0.6657225 -0.3820948 -0.9224599 -0.055422 -0.2855687 -0.6893996 0.6657167 0 0.998463 -0.05542266 0 -0.998463 -0.05542266 -0.3820948 0.9224599 -0.055422 -0.2855407 0.6894056 0.6657225 -0.7060199 0.7060199 -0.05542194 0.7059899 0.7059899 -0.05618494 0.2855687 0.6893996 -0.6657167 0.3820739 0.9224222 -0.05618643 -0.7059899 0.7059899 -0.05618494 0.7059899 -0.7059899 -0.05618494 -0.9224222 0.3820739 -0.05618643 0.9224268 -0.3820632 -0.05618482 -0.9984204 0 -0.05618494 0.9224222 0.3820739 -0.05618643 0.9984204 0 -0.05618494 -0.9224222 -0.3820739 -0.05618643 -0.7059899 -0.7059899 -0.05618494 -0.3820739 -0.9224222 -0.05618643 0 0.9984204 -0.05618494 -0.3820739 0.9224222 -0.05618643 0 0.7462008 -0.6657209 0.5276469 0.5276469 -0.6657159 -0.5276469 -0.5276469 -0.6657159 -0.2855407 -0.6894056 -0.6657225 0 -0.7462008 -0.6657209 -0.2855687 0.6893996 -0.6657167 0.2855407 -0.6894056 -0.6657225 -0.5276469 0.5276469 -0.6657159 0.5276469 -0.5276469 -0.6657159 -0.6894056 0.2855407 -0.6657225 0.6893696 -0.2855689 -0.6657477 -0.7462008 0 -0.6657209 0.6893696 0.2855689 -0.6657477 0.7462008 0 -0.6657209 -0.6893696 -0.2855689 -0.6657477 -0.6099924 0 0.7924073 0.6099859 0.6862532 0.3961994 -0.6099859 0.6862532 0.3961994 -0.6099859 0.6862532 -0.3961994 0.6099859 0.6862532 -0.3961994 -0.6099924 0 -0.7924073 0.6099924 0 -0.7924073 -0.6099859 -0.6862532 -0.3961994 0.6099859 -0.6862532 -0.3961994 -0.6099859 -0.6862532 0.3961994 0.6099859 -0.6862532 0.3961994 0 -0.7112301 0.7029593 0 0 -1 0.4456759 -0.4456453 -0.7763848 -0.9946241 0.103552 -1.83116e-4 0.9946241 -0.103552 -1.83116e-4 0.4458895 0.4454317 0.7763848 -0.4915931 -0.5153977 -0.7019271 0.6099924 0 0.7924073 0 0 -1</float_array>
          <technique_common>
            <accessor source="#Cube_017-mesh-normals-array" count="614" stride="3">
              <param name="X" type="float"/>
              <param name="Y" type="float"/>
              <param name="Z" type="float"/>
            </accessor>
          </technique_common>
        </source>
        <source id="Cube_017-mesh-map-0">
          <float_array id="Cube_017-mesh-map-0-array" count="12276">0.7212002 0.06409543 0.4796934 0.06409543 0.7212002 0.06409543 0.4796934 0.06409543 0.416184 0.1366041 0.4311218 0.1970247 0.7212002 0.06409543 0.4796935 0.23609 0.7212002 0.23609 0.7212002 0.23609 0.4796934 0.06409543 0.7212002 0.06409543 0.7815676 0.23609 0.9175675 0.1422842 0.9175675 0.23609 0.7212002 0.06409543 0.7815676 0.006202161 0.7212002 0.06409543 0.7212002 0.06409543 0.7815676 0.23609 0.7815676 0.006202161 0.7212002 0.06409543 0.7815676 0.23609 0.7212002 0.23609 0.9175675 0.23609 0.9175675 0.1422842 0.9175675 0.23609 0.7815676 0.006202161 0.9175675 0.1422842 0.7815676 0.006202161 0.7815676 0.23609 0.9175675 0.1422842 0.7815676 0.006202161 0.4311218 0.1970247 0.4311218 0.23609 0.4311218 0.1970247 0.4796935 0.23609 0.4311218 0.1970247 0.4311218 0.23609 0.4796935 0.23609 0.4311218 0.1970247 0.4796934 0.06409543 0.4634169 0.05654549 0.3940763 0.08919924 0.416184 0.1366041 0.4796934 0.06409543 0.4634169 0.05654549 0.4796934 0.06409543 0.4311218 0.1970247 0.416184 0.1366041 0.4311218 0.1970247 0.4796934 0.06409543 0.416184 0.1366041 0.4634169 0.05654549 0.4389669 0.03189492 0.3680456 0.05128973 0.4129362 0.005028128 0.416184 0.1366041 0.3940763 0.08919924 0.416184 0.1366041 0.4634169 0.05654549 0.3940763 0.08919924 0.4389669 0.03189492 0.4634169 0.05654549 0.4389669 0.03189492 0.4634169 0.05654549 0.1688336 0.1613386 0.168911 0.1565642 0.1690309 0.1613386 0.4389669 0.03189492 0.4129362 0.005028128 0.4389669 0.03189492 0.4389669 0.03189492 0.3680456 0.05128973 0.3940763 0.08919924 0.3940763 0.08919924 0.3680456 0.05128973 0.3940763 0.08919924 0.4796935 0.23609 0.7212002 0.23609 0.4796935 0.23609 0.7212002 0.23609 0.7815676 0.23609 0.7212002 0.23609 0.4796935 0.4080846 0.7212004 0.4080846 0.7212004 0.4080846 0.416184 0.3355758 0.4796935 0.4080846 0.4311218 0.2751553 0.4796935 0.23609 0.7212004 0.4080846 0.7212002 0.23609 0.4796935 0.4080846 0.7212002 0.23609 0.7212004 0.4080846 0.7815676 0.23609 0.9175675 0.3298956 0.7815676 0.4659778 0.7815676 0.4659778 0.7212004 0.4080846 0.7212004 0.4080846 0.7212004 0.4080846 0.7815676 0.23609 0.7212002 0.23609 0.7815676 0.23609 0.7212004 0.4080846 0.7212002 0.23609 0.9175675 0.3298956 0.9175675 0.23609 0.9175675 0.23609 0.7815676 0.23609 0.9175675 0.23609 0.7815676 0.23609 0.9175675 0.3298956 0.7815676 0.4659778 0.7815676 0.4659778 0.9175675 0.3298956 0.7815676 0.23609 0.7815676 0.4659778 0.4311218 0.23609 0.4311218 0.2751553 0.4311218 0.2751553 0.4796935 0.23609 0.4311218 0.23609 0.4796935 0.23609 0.4796935 0.23609 0.4311218 0.2751553 0.4796935 0.4080846 0.4311218 0.2751553 0.4796935 0.23609 0.4796935 0.4080846 0.3940763 0.3829809 0.4634169 0.4156346 0.416184 0.3355758 0.4634169 0.4156346 0.4796935 0.4080846 0.4796935 0.4080846 0.416184 0.3355758 0.4311218 0.2751553 0.4311218 0.2751553 0.4796935 0.4080846 0.416184 0.3355758 0.4311218 0.2751553 0.4389669 0.440285 0.3680456 0.4208903 0.3940763 0.3829809 0.3940763 0.3829809 0.416184 0.3355758 0.416184 0.3355758 0.4634169 0.4156346 0.3940763 0.3829809 0.416184 0.3355758 0.4389669 0.440285 0.4634169 0.4156346 0.4634169 0.4156346 0.1686764 0.1565642 0.1688294 0.1613467 0.1686321 0.1613467 0.4129362 0.4671518 0.4389669 0.440285 0.4389669 0.440285 0.3680456 0.4208903 0.4389669 0.440285 0.3940763 0.3829809 0.3680456 0.4208903 0.3940763 0.3829809 0.3940763 0.3829809 1.193774 0.2955847 1.171614 0.3520671 1.118115 0.3286714 0.4690787 0.08804571 0.5961653 0.4664542 0.585089 0.46982 0.6353473 0.0375213 0.739756 0.4228211 0.6237459 0.04104673 0.7016043 0.01738774 0.8279589 0.3960188 0.8176146 0.3991621 1.118115 0.1358282 1.171614 0.1124324 1.193774 0.1689147 0.4853913 0.5001153 0.3804594 0.1149745 0.4964698 0.4967488 0.4743151 0.5034812 0.369381 0.118341 0.4853913 0.5001153 0.6121441 0.04457223 0.7397559 0.4228211 0.7281544 0.4263465 0.6017999 0.04771548 0.7281544 0.4263465 0.7178102 0.4294898 0.480155 0.08467984 0.6072437 0.4630878 0.5961653 0.4664542 1.140275 0.5917018 1.193774 0.6150975 1.171614 0.67158 0.5133883 0.07458132 0.6404749 0.4529898 0.6293986 0.4563556 0.7740363 0.4124042 0.6471487 0.03465855 0.658026 0.03062987 0.7851149 0.4090378 0.6803823 0.02456074 0.7961911 0.4056721 1.140275 0.03255414 1.193774 0.05594992 1.171614 0.1124323 0.3915358 0.1116088 0.5186246 0.4900165 0.5075462 0.4933831 0.3804596 0.1149745 0.5075462 0.4933831 0.4964699 0.4967488 0.6626319 0.4462569 0.5355433 0.06784981 0.5468229 0.06514555 0.5576977 0.06111687 0.6626319 0.4462569 0.5468229 0.06514555 0.6404749 0.4529898 0.535543 0.06784904 0.6515533 0.4496234 1.193774 0.4553411 1.171614 0.5118235 1.118115 0.4884278 0.585089 0.46982 0.4580025 0.09141141 0.4690787 0.08804565 0.8176146 0.3991621 0.6912571 0.02053195 0.7016042 0.01738774 0.6353473 0.0375213 0.7629579 0.4157707 0.7513576 0.4192957 1.171614 0.5118236 1.193774 0.5352194 1.193774 0.5683061 0.4136906 0.1048765 0.5407793 0.4832844 0.5297008 0.4866508 0.4026144 0.1082422 0.5297008 0.4866508 0.5186246 0.4900165 0.5914527 0.0508598 0.7178101 0.4294898 0.707463 0.4326341 0.5798526 0.05438476 0.707463 0.4326341 0.6958628 0.436159 0.5740127 0.4731857 0.4469239 0.09477782 0.4580025 0.09141141 1.193774 0.3754629 1.193774 0.4085496 1.171614 0.4319453 0.4247692 0.10151 0.5518557 0.4799185 0.5407794 0.4832844 0.658026 0.03062987 0.7851149 0.4090378 0.7740364 0.4124042 0.7961912 0.4056721 0.6912571 0.02053195 0.8072674 0.4023063 1.118115 0.2157064 1.171614 0.1923106 1.193774 0.248793 0.5023097 0.07794761 0.6293986 0.4563556 0.6183201 0.4597221 0.4912334 0.08131343 0.6183201 0.4597221 0.6072438 0.4630877 0.5687763 0.0577504 0.6737081 0.4428911 0.5578989 0.06177902 0.6958628 0.436159 0.5687763 0.0577504 0.5800539 0.05504751 0.5518557 0.4799185 0.4469239 0.09477782 0.5629341 0.4765521 0.1703231 0.07192164 0.1712115 0.06914234 0.1712115 0.07192808 0.1729602 0.1363235 0.1745614 0.137198 0.1729602 0.1372119 0.1370123 0.172302 0.1369745 0.1684051 0.1370123 0.1684051 0.09523397 0.1499441 0.09648555 0.1508221 0.09523397 0.1508326 0.1913664 0.1642705 0.1896088 0.1681674 0.1896088 0.1642705 0.1370123 0.1684051 0.1387701 0.172302 0.1370123 0.172302 0.09520697 0.1499443 0.09298241 0.1362454 0.09392279 0.1362375 0.1745614 0.137198 0.1745958 0.1363093 0.1756678 0.1371884 0.09523397 0.1508326 0.09520697 0.1499443 0.09523397 0.1499441 0.1913664 0.1681674 0.1925811 0.1642705 0.1925811 0.1681674 0.1758761 0.07194942 0.1732116 0.07284069 0.1722754 0.0718466 0.09819042 0.7122466 0.004644751 0.9934131 0.0248692 0.7117264 0.1238812 0.1482688 0.1211094 0.1623103 0.1211094 0.1485441 0.1745958 0.1363093 0.177442 0.122569 0.1756678 0.1371884 0.09754586 0.1521608 0.0936495 0.1508399 0.09754586 0.1508399 0.09754586 0.1521608 0.0936495 0.1572496 0.0936495 0.1521608 0.1762388 0.1225795 0.177442 0.1164268 0.177442 0.122569 0.09392279 0.1362375 0.09298241 0.1301022 0.09392279 0.1300944 0.1128611 0.1626379 0.1156464 0.1564746 0.1156464 0.1626178 0.1762388 0.1225795 0.1716037 0.1164774 0.1762388 0.1164373 0.1668311 0.09257763 0.1629347 0.08748883 0.1668311 0.08748883 0.09392279 0.1300944 0.09754586 0.1362069 0.09392279 0.1362375 0.1771209 0.158991 0.1773335 0.1625605 0.1771209 0.1625623 0.1756566 0.07808792 0.1730841 0.07640922 0.1747432 0.07645654 0.1722754 0.0718466 0.1730841 0.07640922 0.172056 0.0779851 0.1758761 0.07194942 0.1747432 0.07645654 0.1748707 0.07288801 0.126327 0.8257703 0.1234052 0.8320779 0.1234052 0.8257912 0.1752356 0.07148492 0.1755343 0.06968933 0.1755343 0.07148492 0.1773335 0.1589869 0.1770614 0.1554186 0.1773335 0.1554162 0.1761316 0.07148492 0.175833 0.06968933 0.1761316 0.06968933 0.200442 0.08300018 0.2011941 0.08352315 0.2010535 0.08300018 0.2019661 0.08064156 0.2010535 0.08071804 0.2015829 0.08102381 0.2024118 0.08230525 0.2018886 0.08155339 0.2018886 0.08216488 0.1999125 0.08102381 0.1990848 0.08141368 0.1996067 0.08155339 0.1999125 0.08269447 0.2003026 0.08352315 0.200442 0.08300018 0.2024118 0.08141368 0.2015829 0.08102381 0.2018886 0.08155339 0.2019661 0.08307737 0.2018886 0.08216488 0.2015829 0.08269447 0.2003026 0.08019578 0.1999125 0.08102381 0.200442 0.08071804 0.1996067 0.08216488 0.1995306 0.08307737 0.1999125 0.08269447 0.2011941 0.08352315 0.2015829 0.08269447 0.2010535 0.08300018 0.2011941 0.08019578 0.200442 0.08071804 0.2010535 0.08071804 0.1996067 0.08155339 0.1990848 0.08230525 0.1996067 0.08216488 0.1530689 0.1691473 0.1528616 0.1699833 0.1533073 0.1692112 0.1499804 0.1692112 0.1502188 0.1683835 0.1499804 0.1683197 0.151262 0.1673402 0.1520895 0.1671018 0.1511981 0.1671018 0.1533073 0.1683197 0.1530689 0.1691473 0.1533073 0.1692112 0.1504261 0.1699833 0.1502188 0.1691473 0.1499804 0.1692112 0.1506006 0.1677221 0.1511981 0.1671018 0.1504261 0.1675475 0.1526871 0.1677221 0.1533073 0.1683197 0.1528616 0.1675475 0.1511981 0.1704291 0.1506006 0.1698088 0.1504261 0.1699833 0.1528616 0.1699833 0.1520256 0.1701906 0.1520895 0.1704291 0.1502188 0.1683835 0.1504261 0.1675475 0.1499804 0.1683197 0.1520256 0.1673402 0.1528616 0.1675475 0.1520895 0.1671018 0.1520895 0.1704291 0.151262 0.1701906 0.1511981 0.1704291 0.1832188 0.1693148 0.1839761 0.1640868 0.1832188 0.1640886 0.1203948 0.1534948 0.1211094 0.148274 0.1203948 0.1482688 0.1445439 0.1600125 0.1452079 0.1547825 0.1445439 0.1547858 0.2007521 0.1320026 0.2014176 0.126773 0.2007521 0.1267758 0.1196413 0.1534972 0.1203948 0.1482688 0.1196413 0.1482712 0.1846812 0.1693181 0.1851452 0.1641026 0.1846812 0.164092 0.1459716 0.1600093 0.1466303 0.1547859 0.1459716 0.1547825 0.2021813 0.1319999 0.2028384 0.126776 0.2021813 0.1267731 0.1839761 0.169313 0.1846812 0.164092 0.1839761 0.1640868 0.1826122 0.1693229 0.1832188 0.1640886 0.1826122 0.1640967 0.1452079 0.1600093 0.1459716 0.1547825 0.1452079 0.1547825 0.2014176 0.1319999 0.2021813 0.1267731 0.2014176 0.126773 0.1770319 0.09031093 0.1776829 0.08989048 0.1769192 0.08989048 0.1780366 0.09205126 0.1776829 0.09274095 0.1783444 0.092359 0.1783058 0.09104645 0.1787261 0.09169757 0.1787261 0.09093379 0.1762579 0.092359 0.1762964 0.09158492 0.1758761 0.09169757 0.1762579 0.09027236 0.1770319 0.09031093 0.1769192 0.08989048 0.1780366 0.09058016 0.1787261 0.09093379 0.1783444 0.09027236 0.1770319 0.0923205 0.1762579 0.092359 0.1769192 0.09274095 0.1758761 0.09093379 0.1765657 0.09058016 0.1762579 0.09027236 0.1776829 0.08989048 0.1780366 0.09058016 0.1783444 0.09027236 0.1775703 0.0923205 0.1769192 0.09274095 0.1776829 0.09274095 0.1783058 0.09158492 0.1783444 0.092359 0.1787261 0.09169757 0.1762964 0.09158492 0.1758761 0.09093379 0.1758761 0.09169757 0.1994285 0.1612421 0.1999668 0.137233 0.1994285 0.1372329 0.1931886 0.1612403 0.1937225 0.1372329 0.1931886 0.1372341 0.200643 0.07236486 0.2011469 0.04836302 0.200643 0.04835939 0.1960176 0.1612442 0.1964857 0.1372329 0.1960176 0.1372352 0.1989593 0.1612441 0.1994285 0.1372329 0.1989593 0.1372349 0.2001118 0.07236659 0.200643 0.04835939 0.2001118 0.04836106 0.1942196 0.1612427 0.1945468 0.137244 0.1942196 0.1372365 0.1970241 0.161242 0.1974884 0.1372352 0.1970241 0.137233 0.1999668 0.1612422 0.2004301 0.137235 0.1999668 0.137233 0.1937225 0.1612392 0.1942196 0.1372365 0.1937225 0.1372329 0.192761 0.1612461 0.1931886 0.1372341 0.192761 0.1372398 0.1964857 0.1612419 0.1970241 0.137233 0.1964857 0.1372329 0.1997424 0.07681661 0.1992205 0.07756853 0.1997424 0.07742816 0.2021017 0.07834059 0.2020242 0.07742816 0.2017186 0.07795768 0.2004382 0.07878637 0.2011891 0.07826346 0.2005776 0.07826346 0.2017186 0.07628703 0.2013297 0.07545906 0.2011891 0.07598131 0.2000481 0.07628709 0.1992205 0.07667696 0.1997424 0.07681661 0.2013297 0.07878637 0.2017186 0.07795768 0.2011891 0.07826346 0.1996662 0.07834059 0.2005776 0.07826346 0.2000481 0.07795768 0.2025474 0.07667696 0.2017186 0.07628703 0.2020242 0.07681661 0.2005776 0.07598131 0.1996662 0.07590484 0.2000481 0.07628709 0.1992205 0.07756853 0.2000481 0.07795768 0.1997424 0.07742816 0.2025474 0.07756853 0.2020242 0.07681661 0.2020242 0.07742816 0.2011891 0.07598131 0.2004382 0.07545906 0.2005776 0.07598131 0.1414483 0.1673409 0.1422843 0.1675482 0.1415122 0.1671025 0.1415122 0.1704298 0.1406847 0.1701914 0.1406208 0.1704298 0.1396414 0.169148 0.1394031 0.1683204 0.1394031 0.1692119 0.1406208 0.1671025 0.1414483 0.1673409 0.1415122 0.1671025 0.1422843 0.1699841 0.1414483 0.1701914 0.1415122 0.1704298 0.1400233 0.1698095 0.1394031 0.1692119 0.1398488 0.1699841 0.1400233 0.1677228 0.1406208 0.1671025 0.1398488 0.1675482 0.14273 0.1692119 0.1421098 0.1698095 0.1422843 0.1699841 0.1422843 0.1675482 0.1424915 0.1683843 0.14273 0.1683204 0.1406847 0.1701914 0.1398488 0.1699841 0.1406208 0.1704298 0.1396414 0.1683843 0.1398488 0.1675482 0.1394031 0.1683204 0.14273 0.1683204 0.1424915 0.169148 0.14273 0.1692119 0.1455398 0.1534965 0.1462934 0.1482682 0.1455398 0.1482705 0.1383952 0.1631783 0.1376316 0.1684051 0.1383952 0.1684052 0.08405238 0.1686502 0.08480972 0.1634222 0.08405238 0.163424 0.1240386 0.1618957 0.1247026 0.1566656 0.1240386 0.1566689 0.1390607 0.1631755 0.1383952 0.1684052 0.1390607 0.1684024 0.08344584 0.1686583 0.08405238 0.163424 0.08344584 0.1634321 0.08551478 0.1686536 0.0859788 0.1634379 0.08551478 0.1634274 0.1254663 0.1618925 0.126125 0.156669 0.1254663 0.1566657 0.1462934 0.1534941 0.147008 0.1482733 0.1462934 0.1482682 0.1376316 0.1631783 0.1369745 0.1684022 0.1376316 0.1684051 0.08480972 0.1686484 0.08551478 0.1634274 0.08480972 0.1634222 0.1247027 0.1618924 0.1254663 0.1566657 0.1247026 0.1566656 0.1732218 0.115215 0.1728014 0.1145638 0.1728014 0.1153276 0.1749619 0.1142102 0.1756515 0.1145638 0.1752697 0.1139024 0.1739572 0.113941 0.1746084 0.1135205 0.1738446 0.1135205 0.1752697 0.1159891 0.1744956 0.1159505 0.1746084 0.116371 0.1731833 0.1159891 0.1732218 0.115215 0.1728014 0.1153276 0.173491 0.1142102 0.1738446 0.1135205 0.1731833 0.1139024 0.1752311 0.115215 0.1752697 0.1159891 0.1756515 0.1153276 0.1738446 0.116371 0.173491 0.1156813 0.1731833 0.1159891 0.1728014 0.1145638 0.173491 0.1142102 0.1731833 0.1139024 0.1752311 0.1146765 0.1756515 0.1153276 0.1756515 0.1145638 0.1744956 0.113941 0.1752697 0.1139024 0.1746084 0.1135205 0.1744956 0.1159505 0.1738446 0.116371 0.1746084 0.116371 0.1784447 0.1164292 0.1779063 0.1404381 0.1784447 0.1404382 0.2007521 0.1167481 0.2012833 0.09274095 0.2007521 0.09274262 0.1986075 0.04836142 0.1980692 0.07237064 0.1986075 0.0723707 0.1929912 0.07236683 0.1935251 0.04835939 0.1929912 0.04836058 0.1789128 0.116427 0.1784447 0.1404382 0.1789128 0.1404359 0.1990767 0.04835951 0.1986075 0.0723707 0.1990767 0.07236874 0.1925636 0.07237255 0.1929912 0.04836058 0.1925636 0.0483663 0.1940222 0.07236921 0.1943493 0.04837042 0.1940222 0.04836297 0.1779063 0.1164292 0.177442 0.1404359 0.1779063 0.1404381 0.2012833 0.1167464 0.2017872 0.09274458 0.2012833 0.09274095 0.1980692 0.04836142 0.1976059 0.07236862 0.1980692 0.07237064 0.1935251 0.07236564 0.1940222 0.04836297 0.1935251 0.04835939 0.1185609 0.1709262 0.1193885 0.1705369 0.1188666 0.1703966 0.1172792 0.1684275 0.1168904 0.1692555 0.1174199 0.1689497 0.1189427 0.1688733 0.1180313 0.1689497 0.1185609 0.1692555 0.1165847 0.1703966 0.1165073 0.1713091 0.1168904 0.1709262 0.1180313 0.1712319 0.1189427 0.1713091 0.1185609 0.1709262 0.1181707 0.1684275 0.1174199 0.1689497 0.1180313 0.1689497 0.1193885 0.1696454 0.1185609 0.1692555 0.1188666 0.1697851 0.1165847 0.1697851 0.1160616 0.1705369 0.1165847 0.1703966 0.1174199 0.1712319 0.1181707 0.1717548 0.1180313 0.1712319 0.1188666 0.1703966 0.1193885 0.1696454 0.1188666 0.1697851 0.1165073 0.1688733 0.1165847 0.1697851 0.1168904 0.1692555 0.1168904 0.1709262 0.1172793 0.1717548 0.1174199 0.1712319 0.1940426 0.1704109 0.1932067 0.1702035 0.1939787 0.1706494 0.1940426 0.1675604 0.1948702 0.167322 0.1939787 0.167322 0.1958495 0.1686038 0.196088 0.1694315 0.196088 0.1685398 0.1948063 0.1704109 0.1939787 0.1706494 0.1948702 0.1706494 0.1932067 0.1677678 0.1940426 0.1675604 0.1939787 0.167322 0.1954677 0.1679423 0.196088 0.1685398 0.1956422 0.1677678 0.1954677 0.170029 0.1948702 0.1706494 0.1956422 0.1702035 0.1929994 0.1686038 0.1932067 0.1677678 0.192761 0.1685398 0.1932067 0.1702035 0.1929994 0.1693676 0.192761 0.1694315 0.1948063 0.1675604 0.1956422 0.1677678 0.1948702 0.167322 0.1958495 0.1693676 0.1956422 0.1702035 0.196088 0.1694315 0.192761 0.1694315 0.1929994 0.1686038 0.192761 0.1685398 0.2007521 0.1372324 0.2014176 0.1320028 0.2007521 0.1320056 0.1452079 0.1652395 0.1459716 0.1600127 0.1452079 0.1600126 0.1196413 0.1587284 0.1203948 0.1535 0.1196413 0.1535024 0.0918737 0.1688157 0.09263104 0.1635878 0.0918737 0.1635895 0.1445439 0.1652426 0.1452079 0.1600126 0.1445439 0.1600159 0.2021813 0.1372297 0.2028384 0.1320057 0.2021813 0.1320028 0.09126716 0.1688238 0.0918737 0.1635895 0.09126716 0.1635976 0.0933361 0.1688191 0.09380012 0.1636034 0.0933361 0.1635929 0.2014176 0.1372296 0.2021813 0.1320028 0.2014176 0.1320028 0.1459716 0.1652395 0.1466303 0.160016 0.1459716 0.1600127 0.1203948 0.158726 0.1211094 0.1535052 0.1203948 0.1535 0.09263104 0.168814 0.0933361 0.1635929 0.09263104 0.1635878 0.1783058 0.1152169 0.1783444 0.1159909 0.1787261 0.1153295 0.1762964 0.1152169 0.1758761 0.1145657 0.1758761 0.1153295 0.1770319 0.1159524 0.1762579 0.1159909 0.1769192 0.1163728 0.1769192 0.1135224 0.1775703 0.1139429 0.1776829 0.1135224 0.1787261 0.1145657 0.1783058 0.1152169 0.1787261 0.1153295 0.1775703 0.1159524 0.1769192 0.1163728 0.1776829 0.1163728 0.1765657 0.1142121 0.1769192 0.1135224 0.1762579 0.1139043 0.1783444 0.1139043 0.1783058 0.1146784 0.1787261 0.1145657 0.1783444 0.1159909 0.1775703 0.1159524 0.1776829 0.1163728 0.1762964 0.1146784 0.1762579 0.1139043 0.1758761 0.1145657 0.1765657 0.1156832 0.1758761 0.1153295 0.1762579 0.1159909 0.1775703 0.1139429 0.1783444 0.1139043 0.1776829 0.1135224 0.1953108 0.07236564 0.1958079 0.04836297 0.1953108 0.04835939 0.1961351 0.07237058 0.1966043 0.04835939 0.1961351 0.04836136 0.1779102 0.1644473 0.1784484 0.1404383 0.1779102 0.1404382 0.2004301 0.1612401 0.2009614 0.1372329 0.2004301 0.1372346 0.194777 0.07236683 0.1953108 0.04835939 0.194777 0.04836058 0.177442 0.1644495 0.1779102 0.1404382 0.177442 0.1404405 0.1971426 0.07236868 0.1976059 0.04836142 0.1971426 0.04835945 0.1943493 0.07237255 0.194777 0.04836058 0.1943493 0.0483663 0.1958079 0.07236921 0.1961351 0.04837042 0.1958079 0.04836297 0.1966043 0.07236862 0.1971426 0.04835945 0.1966043 0.04835939 0.1784484 0.1644473 0.1789128 0.1404405 0.1784484 0.1404383 0.2009614 0.1612384 0.2014652 0.1372365 0.2009614 0.1372329 0.1010939 0.1692199 0.1002653 0.1696088 0.1007882 0.1697495 0.1023745 0.1717183 0.1027644 0.1708906 0.1022348 0.1711963 0.1007111 0.1712726 0.1016234 0.1711963 0.1010939 0.1708906 0.1030701 0.1697495 0.1031466 0.1688368 0.1027644 0.1692199 0.1016234 0.1689142 0.1007111 0.1688368 0.1010939 0.1692199 0.1014831 0.1717183 0.1022348 0.1711963 0.1016234 0.1711963 0.1002653 0.1705005 0.1010939 0.1708906 0.1007882 0.170361 0.1030701 0.170361 0.1035922 0.1696088 0.1030701 0.1697495 0.1022348 0.1689142 0.1014831 0.168391 0.1016234 0.1689142 0.1007882 0.1697495 0.1002653 0.1705005 0.1007882 0.170361 0.1027644 0.1708906 0.1035922 0.1705004 0.1030701 0.170361 0.1027644 0.1692199 0.1023745 0.168391 0.1022348 0.1689142 0.1439477 0.1704298 0.1433503 0.1698095 0.1431757 0.1699841 0.1440116 0.1673409 0.1448392 0.1671025 0.1439477 0.1671025 0.1458185 0.1683843 0.146057 0.1692119 0.146057 0.1683204 0.1448392 0.1704298 0.1440116 0.1701914 0.1439477 0.1704298 0.1433503 0.1677228 0.1439477 0.1671025 0.1431757 0.1675482 0.1454367 0.1677228 0.146057 0.1683204 0.1456112 0.1675482 0.1456112 0.1699841 0.1447753 0.1701914 0.1448392 0.1704298 0.1429684 0.1683843 0.1431757 0.1675482 0.14273 0.1683204 0.1431757 0.1699841 0.1429684 0.169148 0.14273 0.1692119 0.1447753 0.1673409 0.1456112 0.1675482 0.1448392 0.1671025 0.1458185 0.1691481 0.1456112 0.1699841 0.146057 0.1692119 0.14273 0.1692119 0.1429684 0.1683843 0.14273 0.1683204 0.1690309 0.1617943 0.169695 0.1565642 0.1690309 0.1565675 0.127326 0.1627512 0.1266208 0.1679723 0.127326 0.1679774 0.2007521 0.1267728 0.2014176 0.1215432 0.2007521 0.121546 0.1845229 0.1606656 0.1852765 0.1554372 0.1845229 0.1554396 0.1280832 0.1627495 0.127326 0.1679774 0.1280832 0.1679757 0.1704586 0.1617911 0.1711173 0.1565676 0.1704586 0.1565643 0.2021813 0.1267701 0.2028384 0.1215462 0.2021813 0.1215433 0.1286898 0.1627414 0.1280832 0.1679757 0.1286898 0.1679676 0.169695 0.161791 0.1704586 0.1565643 0.169695 0.1565642 0.1266208 0.1627461 0.1261568 0.1679617 0.1266208 0.1679723 0.2014176 0.1267701 0.2021813 0.1215433 0.2014176 0.1215432 0.1852765 0.1606632 0.1859911 0.1554424 0.1852765 0.1554372 0.1721118 0.1142102 0.1728014 0.1145638 0.1724196 0.1139024 0.1711072 0.1159505 0.1703332 0.1159891 0.1709945 0.116371 0.1721118 0.1156813 0.1717582 0.116371 0.1724196 0.1159891 0.1699513 0.1145638 0.1706409 0.1142102 0.1703332 0.1139024 0.1717582 0.1135205 0.1721118 0.1142102 0.1724196 0.1139024 0.1728014 0.1153276 0.1721118 0.1156813 0.1724196 0.1159891 0.1703717 0.115215 0.1699513 0.1145638 0.1699513 0.1153276 0.1711072 0.113941 0.1717582 0.1135205 0.1709945 0.1135205 0.1723811 0.1146765 0.1728014 0.1153276 0.1728014 0.1145638 0.1706409 0.1156813 0.1699513 0.1153276 0.1703332 0.1159891 0.1717582 0.116371 0.1711072 0.1159505 0.1709945 0.116371 0.1706409 0.1142102 0.1709945 0.1135205 0.1703332 0.1139024 0.1996079 0.07236486 0.2001118 0.04836302 0.1996079 0.04835939 0.1945468 0.1612442 0.1950148 0.1372329 0.1945468 0.1372352 0.1720789 0.1623684 0.1725759 0.1383658 0.1720789 0.1383622 0.1974884 0.1612441 0.1979576 0.1372329 0.1974884 0.1372349 0.1990767 0.07236653 0.1996079 0.04835939 0.1990767 0.04836106 0.1715449 0.1623697 0.1720789 0.1383622 0.1715449 0.1383634 0.1955533 0.161242 0.1960176 0.1372352 0.1955532 0.137233 0.1984961 0.1612422 0.1989593 0.137235 0.1984961 0.137233 0.1711173 0.1623753 0.1715449 0.1383634 0.1711173 0.1383691 0.1950148 0.1612419 0.1955532 0.137233 0.1950148 0.1372329 0.1725759 0.1623721 0.172903 0.1383733 0.1725759 0.1383658 0.1979576 0.1612421 0.1984961 0.137233 0.1979576 0.1372329 0.09021556 0.1696234 0.08646953 0.1634577 0.09021556 0.1634261 0.2034608 0.06028813 0.2043513 0.06647896 0.2034608 0.0664854 0.1673554 0.1688305 0.162563 0.1626756 0.1673554 0.1626341 0.2022321 0.09038126 0.2010805 0.08419299 0.2022321 0.0841847 0.2047064 0.05362093 0.2034608 0.04835939 0.2047064 0.04835939 0.1196794 0.173689 0.120925 0.1684275 0.120925 0.173689 0.07969981 0.1634538 0.08344584 0.1696195 0.07969981 0.169651 0.2043914 0.08639311 0.2035009 0.08020222 0.2043914 0.08019578 0.10677 0.1627644 0.1115625 0.1689192 0.10677 0.1689607 0.1051288 0.1621677 0.1062803 0.168356 0.1051288 0.1683643 0.2027651 0.1727179 0.2015195 0.1674564 0.2027651 0.1674564 0.1223551 0.1685482 0.1211094 0.1738097 0.1211094 0.1685482 0.1673554 0.1626613 0.1711162 0.1688314 0.1673554 0.1688586 0.2025999 0.1612398 0.2014652 0.1550532 0.2025999 0.1550434 0.1981081 0.09268921 0.1932447 0.08652764 0.1981081 0.08649271 0.2043879 0.1050062 0.2035009 0.09881645 0.2043879 0.098809 0.1989845 0.1673237 0.2002301 0.1725852 0.1989845 0.1725852 0.2032095 0.1107441 0.2044551 0.1054826 0.2044551 0.1107441 0.1067456 0.1571633 0.1029849 0.1509932 0.1067456 0.1509659 0.2038102 0.08018594 0.2026755 0.07399946 0.2038102 0.07398962 0.1160616 0.162231 0.120925 0.1683925 0.1160616 0.1684275 0.2035009 0.086407 0.2043879 0.09259682 0.2035009 0.09260427 0.1053878 0.1736525 0.1066334 0.168391 0.1066334 0.1736525 0.1223551 0.1738097 0.1236007 0.1685482 0.1236007 0.1738097 0.1259019 0.1685066 0.1211094 0.1623518 0.1259019 0.1623103 0.1927142 0.1635134 0.1915627 0.1573251 0.1927142 0.1573169 0.1324359 0.1689327 0.1286898 0.1627671 0.1324359 0.1627355 0.09110593 0.1696234 0.09021556 0.1634325 0.09110593 0.1634261 0.20468 0.1372329 0.2034344 0.1424944 0.2034344 0.1372329 0.2034344 0.1424944 0.20468 0.147756 0.2034344 0.147756 0.1759097 0.1685759 0.1711173 0.1624211 0.1759097 0.1623795 0.1586617 0.1705839 0.1575103 0.1643956 0.1586617 0.1643873 0.1369745 0.1693726 0.1332284 0.1632069 0.1369745 0.1631754 0.147008 0.1732991 0.1461176 0.1671082 0.147008 0.1671018 0.2034344 0.1582791 0.20468 0.1530176 0.20468 0.1582791 0.2047064 0.05362093 0.2034608 0.05888247 0.2034608 0.05362093 0.09740215 0.1635528 0.09253865 0.1573912 0.09740215 0.1573563 0.2043986 0.07374697 0.2035117 0.06755721 0.2043986 0.06754976 0.1990848 0.08639311 0.1953241 0.08022302 0.1990848 0.08019578 0.2026542 0.1674466 0.2015195 0.1612601 0.2026542 0.1612502 0.2034344 0.147756 0.20468 0.1530175 0.2034344 0.1530175 0.2040107 0.1674564 0.2027651 0.1727179 0.2027651 0.1674564 0.1051288 0.168356 0.1002653 0.1621944 0.1051288 0.1621595 0.2043879 0.09880155 0.2035009 0.09261173 0.2043879 0.09260427 0.1153233 0.1689201 0.1115625 0.16275 0.1153233 0.1627228 0.2035117 0.07374608 0.202377 0.06755959 0.2035117 0.06754976 0.2034344 0.1592488 0.20468 0.1645103 0.2034344 0.1645103 0.1246563 0.1738097 0.1259019 0.1685482 0.1259019 0.1738097 0.162563 0.1383622 0.1716037 0.1164268 0.1716037 0.1382967 0.1538927 0.08847784 0.1629347 0.07204526 0.1629347 0.08847731 0.1535209 0.1401121 0.162563 0.1164268 0.162563 0.1401113 0.9877567 0.6216818 0.7863729 0.5441285 0.9871973 0.5441285 0.1699513 0.09274095 0.1535209 0.1164268 0.1535209 0.09274095 0.1703231 0.04835939 0.1538927 0.07204526 0.1538927 0.04835939 0.1914972 0.08396095 0.1919618 0.08571767 0.1910209 0.08408784 0.1893716 0.1623347 0.1876142 0.1618188 0.1894959 0.1618188 0.09218096 0.1690757 0.09126716 0.1706475 0.09175419 0.1688296 0.09175997 0.1706467 0.09175419 0.1724653 0.09126716 0.1706475 0.1961395 0.1653862 0.1943804 0.1648697 0.196262 0.1648697 0.172056 0.0717197 0.1725333 0.06996464 0.1725333 0.0718466 0.2013159 0.1653831 0.1996628 0.1648776 0.2015195 0.1648718 0.1245161 0.1687952 0.1236007 0.170366 0.1240877 0.1685482 0.1236007 0.170366 0.1245161 0.1719372 0.1240877 0.1721838 0.1092251 0.1612281 0.1087054 0.1594282 0.1092166 0.1593618 0.1923102 0.08092606 0.1910209 0.08220589 0.1919618 0.08057612 0.1910209 0.08220589 0.1914972 0.08396095 0.1910209 0.08408784 0.08489638 0.1517114 0.08576893 0.1549683 0.08012866 0.1564797 0.1092251 0.1576243 0.1119103 0.1564746 0.1118869 0.1576181 0.1092166 0.1593618 0.1118869 0.1576181 0.1118783 0.1593557 0.1092251 0.1612281 0.1118783 0.1593557 0.1118869 0.1612219 0.1092485 0.1627228 0.1118869 0.1612219 0.1119103 0.1627166 0.1996628 0.1648776 0.1979019 0.1622028 0.1996629 0.1622156 0.2015195 0.1648718 0.1996629 0.1622156 0.2015195 0.1622097 0.1943804 0.1648697 0.192761 0.1622003 0.1943802 0.1622073 0.196262 0.1648697 0.1943802 0.1622073 0.1962617 0.1622073 0.1979019 0.1648628 0.1962617 0.1622073 0.1979016 0.1622003 0.1876142 0.1618188 0.1859911 0.1591483 0.1876142 0.1591564 0.1894959 0.1618188 0.1876142 0.1591564 0.1894958 0.1591564 0.1911321 0.1618108 0.1894958 0.1591564 0.191132 0.1591484 0.1909466 0.1581981 0.1894958 0.1591564 0.1894292 0.1582056 0.1894958 0.1591564 0.1876842 0.1582055 0.1894292 0.1582056 0.1876142 0.1591564 0.186179 0.1581981 0.1876842 0.1582055 0.197717 0.1612502 0.1962617 0.1622073 0.1961962 0.1612567 0.1962617 0.1622073 0.1944512 0.1612567 0.1961962 0.1612567 0.1943802 0.1622073 0.1929496 0.1612502 0.1944512 0.1612567 0.2014106 0.1612566 0.1996629 0.1622156 0.1996888 0.161262 0.1996888 0.161262 0.1979019 0.1622028 0.1980556 0.1612502 0.1128611 0.1625053 0.1118869 0.1612219 0.1128394 0.1611191 0.1118869 0.1612219 0.1128315 0.1593883 0.1128394 0.1611191 0.1118783 0.1593557 0.1128394 0.1577768 0.1128315 0.1593883 0.1118869 0.1576181 0.1128611 0.1567164 0.1128394 0.1577768 0.1489507 0.1593483 0.1494545 0.1576691 0.1494631 0.1595353 0.1720169 0.08783876 0.1707275 0.08911865 0.1716684 0.08748883 0.1712037 0.08924728 0.1707274 0.09100061 0.1707275 0.08911865 0.1712037 0.09087371 0.1716684 0.09263044 0.1707274 0.09100061 0.182375 0.162151 0.1806178 0.1616352 0.1824995 0.1616352 0.09337335 0.1688296 0.09337925 0.1706467 0.09288632 0.1706475 0.09288632 0.1706475 0.09380012 0.1722177 0.09337335 0.1724653 0.1410429 0.163483 0.1427915 0.1629666 0.1429246 0.163483 0.1716888 0.07192808 0.1712115 0.07017475 0.1716888 0.07004612 0.1861948 0.1662111 0.1878478 0.1667165 0.1859911 0.1667224 0.2012392 0.1167501 0.2012467 0.1185681 0.2007521 0.1185679 0.2007521 0.1185679 0.2016676 0.1201391 0.2012392 0.1203857 0.1384529 0.150653 0.1440932 0.1491416 0.1425818 0.1547825 0.1494866 0.16103 0.1521249 0.1595291 0.1521483 0.1610239 0.1878478 0.1667165 0.1896088 0.1693913 0.1878478 0.1693786 0.1859911 0.1667224 0.1878478 0.1693786 0.1859911 0.1693844 0.1429246 0.163483 0.1445439 0.1661524 0.1429247 0.1661455 0.1410429 0.163483 0.1429247 0.1661455 0.1410431 0.1661455 0.1394031 0.16349 0.1410431 0.1661455 0.1394033 0.1661524 0.1806178 0.1616352 0.1789945 0.1589647 0.1806176 0.1589727 0.1824995 0.1616352 0.1806176 0.1589727 0.1824992 0.1589727 0.1841356 0.1616271 0.1824992 0.1589727 0.1841354 0.1589647 0.1494631 0.1559314 0.1521483 0.1547818 0.1521249 0.1559252 0.1494545 0.1576691 0.1521249 0.1559252 0.1521163 0.1576629 0.1494631 0.1595353 0.1521163 0.1576629 0.1521249 0.1595291 0.1521249 0.1595291 0.1530694 0.1576955 0.1530774 0.1594263 0.1521163 0.1576629 0.1530774 0.1560841 0.1530694 0.1576955 0.1521249 0.1559252 0.153099 0.1550236 0.1530774 0.1560841 0.1839501 0.1580144 0.1824992 0.1589727 0.1824327 0.1580219 0.1824992 0.1589727 0.1806876 0.1580219 0.1824327 0.1580219 0.1806176 0.1589727 0.1791825 0.1580144 0.1806876 0.1580219 0.1395879 0.1671025 0.1410431 0.1661455 0.1411087 0.1670961 0.1411087 0.1670961 0.1429247 0.1661455 0.1428537 0.167096 0.1428537 0.167096 0.1445439 0.1661524 0.1443554 0.1671025 0.1859911 0.1693844 0.1878219 0.1703321 0.1861 0.1703376 0.1878478 0.1693786 0.189455 0.1703439 0.1878219 0.1703321 0.1521483 0.1610239 0.1530774 0.1594263 0.153099 0.1608125 0.1789945 0.1665387 0.1808027 0.1660223 0.1808512 0.1665329 0.0859788 0.1689112 0.08506333 0.170482 0.08555036 0.1686641 0.08506333 0.170482 0.0859788 0.1720532 0.08555036 0.1722998 0.140908 0.159536 0.1403882 0.1577362 0.1408994 0.1576698 0.1534383 0.16138 0.1521489 0.1626598 0.1530898 0.16103 0.1521489 0.1626598 0.1526252 0.1644149 0.1521489 0.1645418 0.1526252 0.1644149 0.1530898 0.1661716 0.1521489 0.1645418 0.1348646 0.1534822 0.1366152 0.1529663 0.1367462 0.1534822 0.08393281 0.1686641 0.08393871 0.1704813 0.08344584 0.170482 0.08393871 0.1704813 0.08393281 0.1722998 0.08344584 0.170482 0.1570218 0.161935 0.1552733 0.1624515 0.1551402 0.161935 0.1730107 0.0718466 0.1725333 0.07009327 0.1730107 0.06996464 0.1511369 0.1547818 0.1478806 0.1539091 0.147008 0.1506523 0.1551402 0.161935 0.1535209 0.1592656 0.15514 0.1592726 0.1570218 0.161935 0.15514 0.1592726 0.1570217 0.1592726 0.1586617 0.1619281 0.1570217 0.1592726 0.1586616 0.1592656 0.1367462 0.1534822 0.1383695 0.1561527 0.1367464 0.1561446 0.1348646 0.1534822 0.1367464 0.1561446 0.1348648 0.1561446 0.1332284 0.1534903 0.1348648 0.1561446 0.1332286 0.1561527 0.1409079 0.1559322 0.1435931 0.1547825 0.1435697 0.155926 0.1408994 0.1576698 0.1435697 0.155926 0.1435612 0.1576637 0.140908 0.159536 0.1435612 0.1576637 0.1435698 0.1595298 0.1409313 0.1610307 0.1435698 0.1595298 0.1435931 0.1610246 0.1808512 0.1665329 0.1826122 0.1692076 0.1808512 0.1691949 0.1789945 0.1665387 0.1808512 0.1691949 0.1789945 0.1692008 0.1789945 0.1692008 0.1808253 0.1701485 0.1791035 0.1701539 0.1808512 0.1691949 0.1824585 0.1701602 0.1808253 0.1701485 0.1435931 0.1610246 0.1445223 0.159427 0.1445439 0.1608132 0.1435698 0.1595298 0.1445143 0.1576963 0.1445223 0.159427 0.1435612 0.1576637 0.1445223 0.1560848 0.1445143 0.1576963 0.1445223 0.1560848 0.1435931 0.1547825 0.1445439 0.1550244 0.1334139 0.157103 0.1348648 0.1561446 0.1349313 0.1570955 0.1348648 0.1561446 0.1366764 0.1570955 0.1349313 0.1570955 0.1367464 0.1561446 0.1381815 0.157103 0.1366764 0.1570955 0.1586616 0.1592656 0.1569561 0.158322 0.1584769 0.1583155 0.1570217 0.1592726 0.155211 0.158322 0.1569561 0.158322 0.15514 0.1592726 0.1537095 0.1583155 0.155211 0.158322 0.1678483 0.1706758 0.1678425 0.1724943 0.1673554 0.1706765 0.1503866 0.165166 0.1486274 0.1646495 0.150509 0.1646495 0.1734879 0.0718466 0.1730107 0.07009327 0.1734879 0.06996464 0.1571385 0.1680089 0.1553304 0.1685252 0.1552818 0.1680147 0.1989845 0.1675707 0.198069 0.1691415 0.198556 0.1673237 0.1985636 0.1691417 0.198556 0.1709593 0.198069 0.1691415 0.1890963 0.09105914 0.1896002 0.08937996 0.1896088 0.09124618 0.2011709 0.1673237 0.2007064 0.1690821 0.2002301 0.1689535 0.2002301 0.1689535 0.2007064 0.1707085 0.2002301 0.1708354 0.2002301 0.1708354 0.2015195 0.172117 0.2011709 0.1724652 0.134989 0.1590387 0.1367462 0.1595547 0.1348646 0.1595547 0.1678425 0.1688586 0.1678483 0.1706758 0.1673554 0.1706765 0.08885341 0.1573563 0.08734208 0.1517153 0.09298241 0.1532268 0.1367462 0.1595547 0.1383695 0.1622251 0.1367464 0.1622171 0.1348646 0.1595547 0.1367464 0.1622171 0.1348648 0.1622171 0.1332284 0.1595627 0.1348648 0.1622171 0.1332286 0.1622251 0.1896088 0.08764237 0.1922939 0.08649271 0.1922705 0.08763617 0.1896002 0.08937996 0.1922705 0.08763617 0.1922619 0.08937382 0.1896088 0.09124618 0.1922619 0.08937382 0.1922705 0.09124004 0.1896321 0.09274095 0.1922705 0.09124004 0.1922939 0.09273475 0.1552818 0.1680147 0.1535209 0.16534 0.1552818 0.1653527 0.1571385 0.1680089 0.1552818 0.1653527 0.1571385 0.1653468 0.1486274 0.1646495 0.147008 0.1619801 0.1486272 0.1619871 0.150509 0.1646495 0.1486272 0.1619871 0.1505088 0.1619871 0.1521489 0.1646426 0.1505088 0.1619871 0.1521487 0.1619801 0.151964 0.16103 0.1505088 0.1619871 0.1504432 0.1610364 0.1504432 0.1610364 0.1486272 0.1619871 0.1486982 0.1610364 0.1486982 0.1610364 0.147008 0.1619801 0.1471966 0.16103 0.1570296 0.1643937 0.1552818 0.1653527 0.1553078 0.1643991 0.1553078 0.1643991 0.1535209 0.16534 0.1536746 0.1643873 0.1932447 0.09252333 0.1922705 0.09124004 0.1932229 0.09113717 0.1922705 0.09124004 0.1932151 0.08940643 0.1932229 0.09113717 0.1922619 0.08937382 0.1932229 0.08779495 0.1932151 0.08940643 0.1922705 0.08763617 0.1932447 0.08673447 0.1932229 0.08779495 0.1332286 0.1622251 0.1349313 0.1631679 0.1334139 0.1631754 0.1348648 0.1622171 0.1366764 0.1631679 0.1349313 0.1631679 0.1367464 0.1622171 0.1381815 0.1631754 0.1366764 0.1631679 0.2013592 0.07375115 0.201587 0.04835993 0.2013592 0.04835939 0.202377 0.04835939 0.2022128 0.0737555 0.202377 0.07375431 0.2019508 0.1181361 0.2021731 0.09274095 0.2019508 0.09274142 0.1326038 0.1554566 0.132813 0.1300638 0.1326038 0.1300656 0.2011469 0.0737527 0.2013592 0.04835939 0.2011469 0.04836088 0.2021731 0.1181356 0.2023946 0.09274142 0.2021731 0.09274095 0.2017872 0.1181375 0.2019508 0.09274142 0.2017872 0.0927428 0.2019903 0.048361 0.2017691 0.07375544 0.2019903 0.07375591 0.1330417 0.1554552 0.1332284 0.1300668 0.1330417 0.1300643 0.201587 0.07375168 0.2017691 0.04836237 0.201587 0.04835993 0.2022128 0.04836058 0.2019903 0.07375591 0.2022128 0.0737555 0.132813 0.1554548 0.1330417 0.1300643 0.132813 0.1300638 0.1111874 0.1520576 0.1118492 0.14873 0.1109884 0.1519427 0.1105598 0.1520576 0.1072326 0.1513957 0.1104449 0.1522566 0.1082082 0.1550372 0.1107587 0.1528002 0.1105598 0.1526854 0.1145145 0.1513957 0.1111874 0.1520576 0.1113023 0.1522566 0.1107587 0.1519427 0.1082082 0.1497058 0.1105598 0.1520576 0.1104449 0.1524863 0.1082082 0.1550372 0.1105598 0.1526854 0.1145145 0.1533471 0.1113023 0.1522566 0.1113023 0.1524863 0.1118492 0.1560128 0.1111874 0.1526854 0.1109884 0.1528002 0.1109884 0.1519427 0.109898 0.14873 0.1107587 0.1519427 0.1104449 0.1522566 0.1072326 0.1533472 0.1104449 0.1524863 0.1135389 0.1550372 0.1113023 0.1524863 0.1111874 0.1526854 0.109898 0.1560129 0.1109884 0.1528002 0.1107587 0.1528002 0.1097737 0.1564746 0.1118492 0.1560128 0.109898 0.1560129 0.1135389 0.1497058 0.1119725 0.1482675 0.1118492 0.14873 0.1082082 0.1497058 0.10677 0.1512715 0.1072326 0.1513957 0.1082082 0.1550372 0.1097737 0.1564746 0.109898 0.1560129 0.1145145 0.1513957 0.1138768 0.149367 0.1135389 0.1497058 0.1097737 0.1482675 0.1082082 0.1497058 0.109898 0.14873 0.10677 0.1534705 0.1082082 0.1550372 0.1072326 0.1533472 0.1149762 0.1534705 0.1145145 0.1513957 0.1145145 0.1533471 0.1119725 0.1564746 0.1135389 0.1550372 0.1118492 0.1560128 0.1119725 0.1482675 0.109898 0.14873 0.1118492 0.14873 0.10677 0.1512715 0.1072326 0.1533472 0.1072326 0.1513957 0.1138768 0.155375 0.1145145 0.1533471 0.1135389 0.1550372 0.1853576 0.1628376 0.18579 0.1606684 0.1853673 0.1607175 0.18579 0.1666179 0.1853576 0.1649657 0.1853673 0.1665316 0.1160616 0.170012 0.1156303 0.1721794 0.1160532 0.1721298 0.1151095 0.1501331 0.1155526 0.1482685 0.1151306 0.1483458 0.09340399 0.1526236 0.09300172 0.1509199 0.09298241 0.1526626 0.1156389 0.1678324 0.1160616 0.170012 0.1160616 0.1678817 0.1155309 0.1523369 0.1151095 0.1501331 0.1151095 0.1523216 0.09340399 0.1548542 0.09298241 0.1526626 0.09298241 0.1548424 0.1156303 0.1662237 0.1160616 0.1678817 0.1160532 0.1663096 0.1857801 0.1650155 0.1853576 0.1628376 0.1853576 0.1649657 0.1151306 0.1543248 0.1155309 0.1523369 0.1151095 0.1523216 0.09300172 0.1568754 0.09340399 0.1548542 0.09298241 0.1548424 0.09362483 0.156934 0.09340399 0.1548542 0.09342378 0.1569345 0.1859812 0.1628383 0.18579 0.1606684 0.1857801 0.1628379 0.1859911 0.1666183 0.1857801 0.1650155 0.18579 0.1666179 0.1154379 0.1700119 0.1156303 0.1721794 0.1156389 0.1700122 0.115732 0.150097 0.1155526 0.1482685 0.1155309 0.1500974 0.09360504 0.1526231 0.09342378 0.1508404 0.09340399 0.1526236 0.1154379 0.167832 0.1156389 0.1700122 0.1156389 0.1678324 0.115732 0.1523365 0.1155309 0.1500974 0.1155309 0.1523369 0.09360504 0.1548538 0.09340399 0.1526236 0.09340399 0.1548542 0.1154292 0.1662234 0.1156389 0.1678324 0.1156303 0.1662237 0.1859812 0.1650159 0.1857801 0.1628379 0.1857801 0.1650155 0.1157537 0.1543864 0.1155309 0.1523369 0.1155526 0.1543868 0.971457 0.8969873 0.9367622 0.8811291 0.9436568 0.8691872 0.8435192 0.9349629 0.851622 0.9661741 0.8297299 0.9349629 0.8677055 0.8691872 0.8518473 0.903882 0.8399054 0.8969873 0.9056813 0.9813843 0.9319599 0.9804789 0.9056813 0.9875203 0.9678432 0.9349629 0.971457 0.8969873 0.9816325 0.9349629 0.9056812 0.872801 0.8677055 0.8691872 0.9056812 0.8590117 0.8824706 0.975165 0.9056813 0.9875203 0.8794026 0.980479 0.9597405 0.9661741 0.9678432 0.9349629 0.9816325 0.9349629 0.9436568 0.8691872 0.9056812 0.872801 0.9056812 0.8590117 0.851622 0.9661741 0.8824706 0.975165 0.8794026 0.980479 0.8399054 0.8969873 0.8435192 0.9349629 0.8297299 0.9349629 0.928892 0.975165 0.9597405 0.9661741 0.9319599 0.9804789 0.9194043 0.958732 0.9516711 0.9615152 0.928892 0.975165 0.9335043 0.9188993 0.9367622 0.8811291 0.9595151 0.903882 0.8735539 0.9349629 0.8596915 0.9615153 0.8435192 0.9349629 0.8746002 0.8811291 0.8778581 0.9188993 0.8518473 0.903882 0.9056812 0.9624091 0.928892 0.975165 0.9056813 0.9813843 0.9378085 0.9349629 0.9595151 0.903882 0.9678432 0.9349629 0.9056812 0.9028357 0.8746002 0.8811291 0.9056812 0.872801 0.8919582 0.958732 0.9056813 0.9813843 0.8824706 0.975165 0.9294503 0.948686 0.9678432 0.9349629 0.9516711 0.9615152 0.9367622 0.8811291 0.9056812 0.9028357 0.9056812 0.872801 0.8596915 0.9615153 0.8919582 0.958732 0.8824706 0.975165 0.8518473 0.903882 0.8735539 0.9349629 0.8435192 0.9349629 0.8778581 0.9188993 0.9056812 0.9349629 0.8735539 0.9349629 0.9194043 0.958732 0.9056812 0.9349629 0.9294503 0.948686 0.9335043 0.9188993 0.9056812 0.9349629 0.9217449 0.9071398 0.8735539 0.9349629 0.9056812 0.9349629 0.8819122 0.948686 0.8896175 0.9071398 0.9056812 0.9349629 0.8778581 0.9188993 0.9056812 0.9624091 0.9056812 0.9349629 0.9194043 0.958732 0.9378085 0.9349629 0.9056812 0.9349629 0.9335043 0.9188993 0.9056812 0.9028357 0.9056812 0.9349629 0.8896175 0.9071398 0.8919582 0.958732 0.9056812 0.9349629 0.9056812 0.9624091 0.9294503 0.948686 0.9056812 0.9349629 0.9378085 0.9349629 0.9217449 0.9071398 0.9056812 0.9349629 0.9056812 0.9028357 0.8819122 0.948686 0.9056812 0.9349629 0.8919582 0.958732 0.1787261 0.09273344 0.1796145 0.08996605 0.1796145 0.09274095 0.08277302 0.1309524 0.08151656 0.1300729 0.08277302 0.1300638 0.1036301 0.168391 0.1035922 0.1722878 0.1035922 0.168391 0.1732464 0.06823945 0.1748713 0.06911617 0.1732464 0.06912785 0.1487658 0.1671018 0.147008 0.1709986 0.147008 0.1671018 0.1036301 0.168391 0.1053878 0.1722878 0.1036301 0.1722878 0.1732113 0.06823968 0.1703231 0.05454438 0.1715441 0.05453562 0.08151656 0.1300729 0.08148944 0.1309617 0.08064824 0.1300792 0.1732464 0.06912785 0.1732113 0.06823968 0.1732464 0.06823945 0.1487658 0.1671018 0.1499804 0.1709986 0.1487658 0.1709986 0.10677 0.1301702 0.1041413 0.1310588 0.1032221 0.1300638 0.09819042 0.7122466 0.004644751 0.9934131 0.0248692 0.7117264 0.1925636 0.08642029 0.1953241 0.07237666 0.1953241 0.08614176 0.08148944 0.1309617 0.07925611 0.1446955 0.08064824 0.1300792 0.1625581 0.1596364 0.1586617 0.1583155 0.1625581 0.1583155 0.1586617 0.1596364 0.1625581 0.1647253 0.1586617 0.1647253 0.08020019 0.1446887 0.07925611 0.1508387 0.07925611 0.1446955 0.1715441 0.05453562 0.1703231 0.04840195 0.1715441 0.04839318 0.0974909 0.168326 0.1002653 0.1621595 0.1002653 0.1683026 0.08020019 0.1446887 0.0838375 0.1508056 0.08020019 0.1508319 0.1586617 0.1698141 0.1625581 0.1647253 0.1625581 0.1698141 0.1715441 0.04839318 0.1762479 0.05450183 0.1715441 0.05453562 0.1625685 0.08909851 0.1628445 0.09266734 0.1625685 0.0926693 0.1065328 0.1363079 0.1040034 0.1346268 0.1056382 0.1346758 0.1032221 0.1300638 0.1040034 0.1346268 0.1029849 0.1362015 0.10677 0.1301702 0.1056382 0.1346758 0.1057761 0.1311078 0.1231971 0.8325468 0.12632 0.8252984 0.12632 0.8325182 0.1737422 0.07148492 0.1740409 0.06968933 0.1740409 0.07148492 0.1064819 0.1607617 0.1062683 0.157192 0.1064819 0.1571905 0.1746383 0.07148492 0.1743395 0.06968933 0.1746383 0.06968933 0.1682692 0.1724086 0.1691574 0.1688663 0.1691574 0.1724163 0.1713278 0.1126321 0.1729527 0.1135088 0.1713278 0.1135205 0.1978456 0.1712188 0.1978835 0.167322 0.1978835 0.1712188 0.08615845 0.1309586 0.08490198 0.1300792 0.08615845 0.1300701 0.1771551 0.1683464 0.1789128 0.1644496 0.1789128 0.1683464 0.1978456 0.1712188 0.196088 0.167322 0.1978456 0.167322 0.08618551 0.1309584 0.0884189 0.1446601 0.08747476 0.1446669 0.1729527 0.1135088 0.1729878 0.1126202 0.1740757 0.1135007 0.08615845 0.1300701 0.08618551 0.1309584 0.08615845 0.1309586 0.1771551 0.1683464 0.1759405 0.1644496 0.1771551 0.1644496 0.1891648 0.137392 0.1870781 0.1382408 0.1863948 0.1372329 0.0248692 0.7117264 0.07252806 0.9956312 0.004644751 0.9934131 0.1160616 0.162196 0.1196041 0.1482682 0.1196041 0.1619725 0.1729878 0.1126202 0.1758761 0.09888333 0.1740757 0.1135007 0.1731651 0.160505 0.1770614 0.1618259 0.1731651 0.1618259 0.1770614 0.160505 0.1731651 0.1554162 0.1770614 0.1554162 0.1746551 0.09889215 0.1758761 0.09274095 0.1758761 0.09888333 0.08747476 0.1446669 0.0884189 0.1508032 0.08747476 0.1508101 0.1891648 0.1573169 0.1927142 0.1511439 0.1927142 0.1572861 0.1746551 0.09889215 0.1699513 0.09278351 0.1746551 0.09274971 0.1668311 0.09257763 0.1707274 0.08748883 0.1707274 0.09257763 0.08747476 0.1508101 0.0838375 0.1446932 0.08747476 0.1446669 0.1869192 0.08914279 0.1871327 0.09271246 0.1869192 0.09271401 0.1887611 0.1435218 0.1868434 0.1418043 0.1881198 0.1418776 0.1863948 0.1372329 0.1868434 0.1418043 0.1859911 0.1433628 0.1891648 0.137392 0.1881198 0.1418776 0.1883544 0.1383141 0.1110939 0.8336138 0.1141566 0.8250321 0.1141566 0.833588 0.175833 0.07148492 0.1755343 0.06968933 0.175833 0.06968933 0.1869192 0.09271204 0.1866431 0.08914321 0.1869192 0.08914124 0.1746383 0.07148492 0.174937 0.06968933 0.174937 0.07148492 0.1711162 0.168865 0.170228 0.1724612 0.1702279 0.1688586 0.09192204 0.1309524 0.09067052 0.1300744 0.09192204 0.1300638 0.1605562 0.09237468 0.1605183 0.08847784 0.1605562 0.08847784 0.1787566 0.1126244 0.1803578 0.1134989 0.1787566 0.1135128 0.1998659 0.08649271 0.1981081 0.09038954 0.1981081 0.08649271 0.1605562 0.08847784 0.1623139 0.09237468 0.1605562 0.09237468 0.1787221 0.1126247 0.1758761 0.09893375 0.1770792 0.09892332 0.09067052 0.1300744 0.09064358 0.1309631 0.0898056 0.1300817 0.1787566 0.1135128 0.1787221 0.1126247 0.1787566 0.1126244 0.1998659 0.08649271 0.2010805 0.09038954 0.1998659 0.09038954 0.1364112 0.1302261 0.1343169 0.1310726 0.1336305 0.1300638 0.0248692 0.7117264 0.07252806 0.9956312 0.004644751 0.9934131 0.192761 0.1372329 0.1891648 0.1511439 0.1891648 0.1374396 0.09064358 0.1309631 0.0884189 0.1446995 0.0898056 0.1300817 0.1953241 0.07878637 0.1992205 0.07746547 0.1992205 0.07878637 0.1953241 0.07746547 0.1992205 0.07237666 0.1992205 0.07746547 0.08935934 0.1446916 0.0884189 0.1508426 0.0884189 0.1446995 0.1770792 0.09892332 0.1758761 0.09279155 0.1770792 0.09278112 0.09740215 0.1635878 0.09380012 0.1697561 0.09380012 0.1636137 0.08935934 0.1446916 0.09298241 0.1508042 0.08935934 0.1508347 0.1871245 0.08057612 0.1910209 0.08566492 0.1871245 0.08566492 0.1770792 0.09278112 0.1817142 0.09888315 0.1770792 0.09892332 0.1842509 0.1554395 0.1845229 0.1590079 0.1842509 0.1590102 0.136009 0.1363561 0.1340832 0.1346362 0.1353644 0.134711 0.1336305 0.1300638 0.1340832 0.1346362 0.1332284 0.1361938 0.1364112 0.1302261 0.1353644 0.134711 0.1355982 0.1311474 0.1110715 0.8336991 0.1141462 0.825121 0.1141462 0.8336769 0.1752356 0.07148492 0.174937 0.06968933 0.1752356 0.06968933 0.192523 0.08571588 0.1923102 0.08214646 0.192523 0.08214467 0.1743395 0.06968933 0.1740409 0.07148492 0.1740409 0.06968933 0.2020242 0.07742816 0.2005776 0.07598131 0.2000481 0.07795768 0.1168904 0.1692555 0.1174199 0.1712319 0.1188666 0.1697851 0.1027644 0.1708906 0.1022348 0.1689142 0.1007882 0.170361 0.2010535 0.08071804 0.1996067 0.08216488 0.2015829 0.08269447 0.8739206 0.7133666 0.6171939 0.6331553 0.8735331 0.6334148 0.8097755 0.9261848 0.5412715 0.8381469 0.8090004 0.8404722 0.5258427 0.7638578 0.2736555 0.6810126 0.5262302 0.6856632 0.3395529 0.9267414 0.09398859 0.8488005 0.3378309 0.848413 0.1699513 0.09274095 0.1535209 0.1164268 0.1535209 0.09274095 0.5137715 0.4432596 0.7165386 0.1836937 0.7165386 0.4471659 0.6276362 0.0689485 0.5160586 0.0689485 0.6276362 0.0689485 0.5160586 0.0689485 0.4510236 0.1431992 0.4663203 0.2050713 0.6276362 0.0689485 0.5160586 0.2450751 0.6276362 0.2450751 0.6276362 0.2450751 0.5160586 0.0689485 0.6276362 0.0689485 0.4663203 0.2050713 0.4663203 0.2450751 0.4663203 0.2050713 0.5160586 0.2450751 0.4663203 0.2050713 0.4663203 0.2450751 0.5160586 0.2450751 0.4663203 0.2050713 0.5160586 0.0689485 0.4993912 0.06121724 0.4283848 0.09465539 0.4510236 0.1431992 0.5160586 0.0689485 0.4993912 0.06121724 0.5160586 0.0689485 0.4663203 0.2050713 0.4510236 0.1431992 0.4663203 0.2050713 0.5160586 0.0689485 0.4510236 0.1431992 0.4993912 0.06121724 0.4743539 0.0359745 0.4017287 0.05583518 0.4476978 0.008462309 0.4510236 0.1431992 0.4283848 0.09465539 0.4510236 0.1431992 0.4993912 0.06121724 0.4283848 0.09465539 0.4743539 0.0359745 0.4993912 0.06121724 0.4743539 0.0359745 0.4993912 0.06121724 0.4476978 0.008462309 0.4017287 0.05583518 0.4476978 0.008462309 0.4743539 0.0359745 0.4476978 0.008462309 0.4743539 0.0359745 0.4743539 0.0359745 0.4017287 0.05583518 0.4283848 0.09465539 0.4283848 0.09465539 0.4017287 0.05583518 0.4283848 0.09465539 0.6276362 0.0689485 0.6504786 0.04722654 0.6276362 0.0689485 0.6276362 0.0689485 0.6504786 0.2450751 0.6504786 0.04722654 0.6276362 0.0689485 0.6504786 0.2450751 0.6276362 0.2450751 0.6519592 0.04062229 0.6587468 0.0347315 0.6519592 0.04062229 0.6519592 0.04062229 0.6587468 0.2450751 0.6587468 0.0347315 0.6519592 0.04062229 0.6587468 0.2450751 0.6519592 0.2450751 0.6504786 0.04722654 0.6519592 0.2450751 0.6504786 0.2450751 0.6504786 0.04722654 0.6519592 0.2450751 0.6519592 0.04062229 0.6504786 0.04722654 0.6519592 0.04062229 0.6504786 0.04722654 0.6587468 0.0347315 0.7633401 0.2450751 0.6587468 0.2450751 0.6587468 0.0347315 0.7633399 0.0347315 0.6587468 0.0347315 0.6587468 0.2450751 0.7633399 0.0347315 0.6587468 0.0347315 0.7786363 0.0347315 0.7939324 0.1380015 0.7939324 0.0347315 0.7786363 0.0347315 0.7939324 0.1380015 0.7786363 0.167147 0.7786363 0.167147 0.7939324 0.1380015 0.7786363 0.167147 0.7786363 0.0347315 0.7939324 0.0347315 0.7786363 0.0347315 0.7633399 0.0347315 0.7786363 0.0347315 0.7633399 0.0347315 0.7633401 0.2450751 0.7786363 0.167147 0.7633401 0.2450751 0.7633399 0.0347315 0.7786363 0.167147 0.7633401 0.2450751 0.7633399 0.0347315 0.7786363 0.167147 0.7786363 0.0347315 0.7939324 0.0347315 0.8401542 0.08776044 0.7939324 0.1380015 0.7939324 0.1380015 0.8401542 0.08776044 0.7939324 0.1380015 0.7939324 0.0347315 0.8051291 0.0298509 0.7939324 0.0347315 0.7939324 0.0347315 0.8401542 0.08776044 0.8051291 0.0298509 0.8051291 0.0298509 0.8725955 0.05675464 0.8401542 0.08776044 0.8401542 0.08776044 0.8725955 0.05675464 0.8401542 0.08776044 0.8051291 0.0298509 0.8248904 0.009132504 0.8051291 0.0298509 0.8051291 0.0298509 0.8725955 0.05675464 0.8248904 0.009132504 0.5160586 0.2450751 0.6276362 0.2450751 0.5160586 0.2450751 0.5160588 0.4212017 0.6276362 0.4212017 0.6276362 0.4212017 0.4510236 0.346951 0.5160588 0.4212017 0.4663203 0.2850789 0.5160586 0.2450751 0.6276362 0.4212017 0.6276362 0.2450751 0.5160588 0.4212017 0.6276362 0.2450751 0.6276362 0.4212017 0.4663203 0.2450751 0.4663203 0.2850789 0.4663203 0.2850789 0.5160586 0.2450751 0.4663203 0.2450751 0.5160586 0.2450751 0.5160586 0.2450751 0.4663203 0.2850789 0.5160588 0.4212017 0.4663203 0.2850789 0.5160586 0.2450751 0.5160588 0.4212017 0.4283848 0.3954949 0.4993912 0.428933 0.4510236 0.346951 0.4993912 0.428933 0.5160588 0.4212017 0.5160588 0.4212017 0.4510236 0.346951 0.4663203 0.2850789 0.4663203 0.2850789 0.5160588 0.4212017 0.4510236 0.346951 0.4663203 0.2850789 0.4743539 0.4541757 0.4017288 0.4343149 0.4283848 0.3954949 0.4283848 0.3954949 0.4510236 0.346951 0.4510236 0.346951 0.4993912 0.428933 0.4283848 0.3954949 0.4510236 0.346951 0.4743539 0.4541757 0.4993912 0.428933 0.4993912 0.428933 0.4017288 0.4343149 0.4476978 0.4816879 0.4476978 0.4816879 0.4476978 0.4816879 0.4743539 0.4541757 0.4743539 0.4541757 0.4017288 0.4343149 0.4743539 0.4541757 0.4283848 0.3954949 0.4017288 0.4343149 0.4283848 0.3954949 0.4283848 0.3954949 0.6276362 0.2450751 0.6504786 0.2450751 0.6276362 0.2450751 0.6504786 0.4429236 0.6276362 0.4212017 0.6276362 0.4212017 0.6276362 0.4212017 0.6504786 0.2450751 0.6276362 0.2450751 0.6504786 0.2450751 0.6276362 0.4212017 0.6276362 0.2450751 0.6587468 0.4554187 0.6519592 0.4495278 0.6519592 0.4495278 0.6519592 0.4495278 0.6587468 0.2450751 0.6519592 0.2450751 0.6587468 0.2450751 0.6519592 0.4495278 0.6519592 0.2450751 0.6519592 0.2450751 0.6587468 0.2450751 0.6519592 0.2450751 0.6504786 0.2450751 0.6519592 0.2450751 0.6504786 0.2450751 0.6519592 0.2450751 0.6504786 0.4429236 0.6504786 0.2450751 0.6504786 0.4429236 0.6519592 0.2450751 0.6504786 0.2450751 0.6519592 0.4495278 0.6504786 0.4429236 0.6504786 0.4429236 0.7633401 0.2450751 0.6587468 0.4554187 0.6587468 0.2450751 0.6587468 0.2450751 0.7633401 0.2450751 0.6587468 0.2450751 0.7633401 0.4554187 0.6587468 0.4554187 0.6587468 0.4554187 0.7633401 0.4554187 0.6587468 0.2450751 0.6587468 0.4554187 0.7786363 0.4554187 0.7939324 0.3521486 0.7786363 0.3230032 0.7939324 0.3521486 0.7786363 0.4554187 0.7786363 0.3230032 0.7939324 0.3521486 0.7786363 0.3230032 0.7786363 0.3230032 0.7939324 0.4554187 0.7786363 0.4554187 0.7786363 0.4554187 0.7786363 0.4554187 0.7633401 0.4554187 0.7633401 0.4554187 0.7786363 0.3230032 0.7633401 0.2450751 0.7633401 0.2450751 0.7786363 0.3230032 0.7633401 0.4554187 0.7633401 0.2450751 0.7633401 0.4554187 0.7786363 0.3230032 0.7633401 0.2450751 0.8401542 0.4023897 0.7939324 0.4554187 0.7939324 0.3521486 0.8401542 0.4023897 0.7939324 0.3521486 0.7939324 0.3521486 0.8051291 0.4602993 0.7939324 0.4554187 0.7939324 0.4554187 0.7939324 0.4554187 0.8401542 0.4023897 0.7939324 0.3521486 0.8725955 0.4333955 0.8051291 0.4602993 0.8401542 0.4023897 0.8725955 0.4333955 0.8401542 0.4023897 0.8401542 0.4023897 0.8248904 0.4810176 0.8051291 0.4602993 0.8051291 0.4602993 0.8051291 0.4602993 0.8725955 0.4333955 0.8401542 0.4023897 0.2316456 0.4288272 0.220268 0.4288272 0.220268 0.4288272 0.1487632 0.3231897 0.0869764 0.3231897 0.0869764 0.2614029 0.140625 0.4288272 0.1292474 0.4288272 0.1292474 0.4288272 0.220268 0.4288272 0.2088904 0.4288272 0.2088904 0.4288272 0.1292474 0.4288272 0.1178698 0.4288272 0.1178698 0.4288272 0.2088904 0.4288272 0.1975129 0.4288272 0.1975129 0.4288272 0.1178698 0.4288272 0.1064922 0.4288272 0.1064922 0.4288272 0.1975129 0.4288272 0.1861353 0.4288272 0.1861353 0.4288272 0.1064922 0.4288272 0.09511464 0.4288272 0.09511464 0.4288272 0.1861353 0.4288272 0.1747577 0.4288272 0.1747577 0.4288272 0.09511464 0.4288272 0.08373707 0.4288272 0.08373707 0.4288272 0.1747577 0.4288272 0.1633802 0.4288272 0.1633802 0.4288272 0.2544007 0.4288272 0.2430232 0.4288272 0.2430232 0.4288272 0.0723595 0.4288272 0.08373707 0.4288272 0.0723595 0.4288272 0.1633802 0.4288272 0.1520025 0.4288272 0.1520025 0.4288272 0.2430232 0.4288272 0.2316456 0.4288272 0.2316456 0.4288272 0.1520025 0.4288272 0.140625 0.4288272 0.140625 0.4288272 0.1615597 0.2922963 0.1178698 0.2486064 0.07417988 0.2922963 0.07750564 0.3090157 0.07417988 0.2922963 0.07750564 0.3090157 0.07750564 0.3090157 0.0869764 0.3231897 0.0869764 0.3231897 0.1487632 0.2614029 0.1345892 0.2519321 0.1345892 0.2519321 0.0869764 0.3231897 0.1011504 0.3326605 0.1011504 0.3326605 0.1345892 0.2519321 0.1178698 0.2486064 0.1178698 0.2486064 0.1178698 0.3359862 0.1345892 0.3326605 0.1345892 0.3326605 0.1011504 0.3326605 0.1178698 0.3359862 0.1178698 0.3359862 0.1178698 0.2486064 0.1011504 0.251932 0.1011504 0.251932 0.1345892 0.3326605 0.1487632 0.3231897 0.1487632 0.3231897 0.1011504 0.251932 0.0869764 0.2614029 0.0869764 0.2614029 0.1487632 0.3231897 0.158234 0.3090157 0.158234 0.3090157 0.0869764 0.2614029 0.07750558 0.2755769 0.07750558 0.2755769 0.158234 0.3090157 0.1615597 0.2922963 0.1615597 0.2922963 0.07750558 0.2755769 0.07417988 0.2922963 0.07417988 0.2922963 0.1615597 0.2922963 0.158234 0.2755769 0.158234 0.2755769 0.07417988 0.2922963 0.07750564 0.3090157 0.07750564 0.3090157 0.158234 0.2755769 0.1487632 0.2614029 0.1487632 0.2614029 0.1487632 0.3231897 0.158234 0.3090157 0.158234 0.3090157 0.158234 0.2755769 0.1487632 0.2614029 0.1487632 0.2614029 0.0869764 0.3231897 0.07750564 0.3090157 0.0869764 0.3231897 0.1487632 0.2614029 0.1345892 0.2519321 0.1345892 0.2519321 0.1011504 0.3326605 0.0869764 0.3231897 0.1011504 0.3326605 0.1345892 0.2519321 0.1178698 0.2486064 0.1178698 0.2486064 0.1178698 0.3359862 0.1345892 0.3326605 0.1345892 0.3326605 0.1011504 0.3326605 0.1178698 0.3359862 0.1178698 0.3359862 0.1011504 0.251932 0.1178698 0.2486064 0.1011504 0.251932 0.1345892 0.3326605 0.1487632 0.3231897 0.1487632 0.3231897 0.0869764 0.2614029 0.1011504 0.251932 0.0869764 0.2614029 0.1487632 0.3231897 0.158234 0.3090157 0.158234 0.3090157 0.07750558 0.2755769 0.0869764 0.2614029 0.07750558 0.2755769 0.158234 0.3090157 0.1615597 0.2922963 0.1615597 0.2922963 0.07417988 0.2922963 0.07750558 0.2755769 0.07417988 0.2922963 0.1615597 0.2922963 0.158234 0.2755769 0.158234 0.2755769 0.1615597 0.2922963 0.1487632 0.3231897 0.0869764 0.2614029 0.0869764 0.2614029 0.07750558 0.2755769 0.07750558 0.2755769 0.158234 0.3090157 0.1615597 0.2922963 0.1615597 0.2922963 0.07750558 0.2755769 0.07417988 0.2922963 0.07417988 0.2922963 0.1615597 0.2922963 0.158234 0.2755769 0.158234 0.2755769 0.07417988 0.2922963 0.07750564 0.3090157 0.07750564 0.3090157 0.158234 0.2755769 0.1487632 0.2614029 0.1487632 0.2614029 0.07750564 0.3090157 0.0869764 0.3231897 0.0869764 0.3231897 0.1487632 0.2614029 0.1345892 0.2519321 0.1345892 0.2519321 0.0869764 0.3231897 0.1011504 0.3326605 0.1011504 0.3326605 0.1345892 0.2519321 0.1178698 0.2486064 0.1178698 0.2486064 0.1178698 0.3359862 0.1345892 0.3326605 0.1345892 0.3326605 0.1011504 0.3326605 0.1178698 0.3359862 0.1178698 0.3359862 0.1178698 0.2486064 0.1011504 0.251932 0.1011504 0.251932 0.1345892 0.3326605 0.1487632 0.3231897 0.1487632 0.3231897 0.1011504 0.251932 0.0869764 0.2614029 0.0869764 0.2614029 0.1564826 0.8205558 0.1553652 0.823908 0.1553652 0.8205558 0.1553652 0.823908 0.1542478 0.8205558 0.1553652 0.8205558 0.1542478 0.823908 0.1531304 0.8205558 0.1542478 0.8205558 0.1531304 0.823908 0.152013 0.8205558 0.1531304 0.8205558 0.1500608 0.8180751 0.1514543 0.8172706 0.1528478 0.8180751 0.152013 0.823908 0.1508956 0.8205558 0.152013 0.8205558 0.1508956 0.823908 0.1497782 0.8205558 0.1508956 0.8205558 0.153413 0.8180751 0.153413 0.8196842 0.1562 0.8196842 0.09511464 0.4288272 0.0723595 0.4288272 0.1633802 0.4288272 0.269464 0.3743709 0.01804536 0.3117143 0.2691733 0.3137439 0.2716575 0.3019803 0.02535206 0.2399711 0.2722628 0.2416262 0.2814813 0.2127379 0.01893478 0.1415569 0.2808504 0.1452123 0.2616383 0.4485676 0.02421241 0.3881731 0.2614665 0.3901109 0.1699513 0.09274095 0.1535209 0.1164268 0.1535209 0.09274095 0.4033089 0.6047231 0.006422102 0.5959089 0.2104014 0.4926894 0.05496901 0.2354272 0.05496901 0.2354272 0.05496901 0.2354272 0.2211204 0.3303709 0.2211204 0.3778427 0.2211204 0.3778427 0 0 1 1 1 0 0.7212002 0.06409543 0.4796934 0.06409543 0.4796934 0.06409543 0.4796934 0.06409543 0.4634169 0.05654549 0.416184 0.1366041 0.7212002 0.06409543 0.4796934 0.06409543 0.4796935 0.23609 0.7212002 0.23609 0.4796935 0.23609 0.4796934 0.06409543 0.7815676 0.23609 0.7815676 0.006202161 0.9175675 0.1422842 0.7212002 0.06409543 0.7815676 0.006202161 0.7815676 0.006202161 0.7212002 0.06409543 0.7212002 0.23609 0.7815676 0.23609 0.7212002 0.06409543 0.7815676 0.006202161 0.7815676 0.23609 0.9175675 0.23609 0.9175675 0.1422842 0.9175675 0.1422842 0.7815676 0.006202161 0.9175675 0.1422842 0.9175675 0.1422842 0.7815676 0.23609 0.9175675 0.23609 0.9175675 0.1422842 0.4311218 0.1970247 0.4311218 0.23609 0.4311218 0.23609 0.4796935 0.23609 0.4796934 0.06409543 0.4311218 0.1970247 0.4796935 0.23609 0.4311218 0.23609 0.4311218 0.1970247 0.4634169 0.05654549 0.4389669 0.03189492 0.3940763 0.08919924 0.4796934 0.06409543 0.4634169 0.05654549 0.4634169 0.05654549 0.4311218 0.1970247 0.416184 0.1366041 0.416184 0.1366041 0.4796934 0.06409543 0.4311218 0.1970247 0.416184 0.1366041 0.4389669 0.03189492 0.3940763 0.08919924 0.3680456 0.05128973 0.416184 0.1366041 0.3940763 0.08919924 0.3940763 0.08919924 0.4634169 0.05654549 0.416184 0.1366041 0.3940763 0.08919924 0.4634169 0.05654549 0.4389669 0.03189492 0.4389669 0.03189492 0.1688336 0.1613386 0.168874 0.1565642 0.168911 0.1565642 0.4389669 0.03189492 0.4129362 0.005028128 0.4129362 0.005028128 0.4389669 0.03189492 0.4129362 0.005028128 0.3680456 0.05128973 0.3940763 0.08919924 0.3680456 0.05128973 0.3680456 0.05128973 0.4796935 0.23609 0.7212002 0.23609 0.7212002 0.23609 0.7212002 0.23609 0.7815676 0.23609 0.7815676 0.23609 0.4796935 0.4080846 0.4796935 0.4080846 0.7212004 0.4080846 0.416184 0.3355758 0.4634169 0.4156346 0.4796935 0.4080846 0.4796935 0.23609 0.4796935 0.4080846 0.7212004 0.4080846 0.4796935 0.4080846 0.4796935 0.23609 0.7212002 0.23609 0.7815676 0.23609 0.9175675 0.23609 0.9175675 0.3298956 0.7815676 0.4659778 0.7815676 0.4659778 0.7212004 0.4080846 0.7212004 0.4080846 0.7815676 0.4659778 0.7815676 0.23609 0.7815676 0.23609 0.7815676 0.4659778 0.7212004 0.4080846 0.9175675 0.3298956 0.9175675 0.3298956 0.9175675 0.23609 0.7815676 0.23609 0.9175675 0.23609 0.9175675 0.23609 0.9175675 0.3298956 0.9175675 0.3298956 0.7815676 0.4659778 0.9175675 0.3298956 0.9175675 0.23609 0.7815676 0.23609 0.4311218 0.23609 0.4311218 0.23609 0.4311218 0.2751553 0.4796935 0.23609 0.4311218 0.23609 0.4311218 0.23609 0.4796935 0.23609 0.4311218 0.23609 0.4311218 0.2751553 0.4311218 0.2751553 0.4311218 0.23609 0.4796935 0.23609 0.3940763 0.3829809 0.4389669 0.440285 0.4634169 0.4156346 0.4634169 0.4156346 0.4634169 0.4156346 0.4796935 0.4080846 0.416184 0.3355758 0.416184 0.3355758 0.4311218 0.2751553 0.4796935 0.4080846 0.4634169 0.4156346 0.416184 0.3355758 0.4389669 0.440285 0.4129362 0.4671518 0.3680456 0.4208903 0.3940763 0.3829809 0.3940763 0.3829809 0.416184 0.3355758 0.4634169 0.4156346 0.4389669 0.440285 0.3940763 0.3829809 0.4389669 0.440285 0.4389669 0.440285 0.4634169 0.4156346 0.1686764 0.1565642 0.1687133 0.1565642 0.1688294 0.1613467 0.4129362 0.4671518 0.4129362 0.4671518 0.4389669 0.440285 0.3680456 0.4208903 0.4129362 0.4671518 0.4389669 0.440285 0.3680456 0.4208903 0.3680456 0.4208903 0.3940763 0.3829809 1.118115 0.3286714 1.118115 0.2955847 1.140275 0.2721889 1.140275 0.2721889 1.171614 0.2721889 1.118115 0.3286714 1.171614 0.2721889 1.193774 0.2955847 1.118115 0.3286714 1.193774 0.2955847 1.193774 0.3286713 1.171614 0.3520671 1.171614 0.3520671 1.140275 0.3520671 1.118115 0.3286714 0.4690787 0.08804571 0.480155 0.08467984 0.5961653 0.4664542 0.6353473 0.0375213 0.7513576 0.4192957 0.739756 0.4228211 0.7016043 0.01738774 0.7119485 0.01424437 0.8279589 0.3960188 1.193774 0.1689147 1.171614 0.1923105 1.118115 0.1358282 1.171614 0.1923105 1.140275 0.1923106 1.118115 0.1358282 1.140275 0.1923106 1.118115 0.1689147 1.118115 0.1358282 1.118115 0.1358282 1.140275 0.1124323 1.171614 0.1124324 1.171614 0.1124324 1.193774 0.1358281 1.193774 0.1689147 0.4853913 0.5001153 0.369381 0.118341 0.3804594 0.1149745 0.4743151 0.5034812 0.3583047 0.1217067 0.369381 0.118341 0.6121441 0.04457223 0.6237457 0.04104679 0.7397559 0.4228211 0.6017999 0.04771548 0.6121441 0.04457223 0.7281544 0.4263465 0.480155 0.08467984 0.4912334 0.08131343 0.6072437 0.4630878 1.118115 0.6481842 1.118115 0.6150975 1.140275 0.5917018 1.140275 0.5917018 1.171614 0.5917018 1.193774 0.6150975 1.193774 0.6150975 1.193774 0.6481842 1.171614 0.67158 1.171614 0.67158 1.140275 0.67158 1.118115 0.6481842 1.118115 0.6481842 1.140275 0.5917018 1.171614 0.67158 0.5133883 0.07458132 0.5244646 0.07121551 0.6404749 0.4529898 0.7740363 0.4124042 0.7629579 0.4157707 0.6471487 0.03465855 0.7851149 0.4090378 0.6691046 0.02726346 0.6803823 0.02456074 1.140275 0.03255414 1.171614 0.03255409 1.193774 0.05594992 1.193774 0.05594992 1.193774 0.08903664 1.171614 0.1124323 1.171614 0.1124323 1.140275 0.1124323 1.140275 0.03255414 1.140275 0.1124323 1.118115 0.08903652 1.140275 0.03255414 1.118115 0.08903652 1.118115 0.05594986 1.140275 0.03255414 0.3915358 0.1116088 0.4026142 0.1082423 0.5186246 0.4900165 0.3804596 0.1149745 0.3915358 0.1116088 0.5075462 0.4933831 0.6626319 0.4462569 0.6515533 0.4496234 0.5355433 0.06784981 0.5576977 0.06111687 0.6737081 0.4428911 0.6626319 0.4462569 0.6404749 0.4529898 0.5244646 0.07121551 0.535543 0.06784904 1.140275 0.4319453 1.171614 0.4319453 1.193774 0.4553411 1.193774 0.4553411 1.193774 0.4884278 1.171614 0.5118235 1.171614 0.5118235 1.140275 0.5118235 1.118115 0.4884278 1.118115 0.4884278 1.118115 0.4553411 1.140275 0.4319453 1.140275 0.4319453 1.193774 0.4553411 1.118115 0.4884278 0.585089 0.46982 0.5740127 0.4731857 0.4580025 0.09141141 0.8176146 0.3991621 0.8072674 0.4023063 0.6912571 0.02053195 0.6353473 0.0375213 0.6469475 0.03399646 0.7629579 0.4157707 1.193774 0.5683061 1.171614 0.5917018 1.118115 0.5352193 1.171614 0.5917018 1.140275 0.5917018 1.118115 0.5352193 1.140275 0.5917018 1.118115 0.5683059 1.118115 0.5352193 1.118115 0.5352193 1.140275 0.5118235 1.193774 0.5683061 1.140275 0.5118235 1.171614 0.5118236 1.193774 0.5683061 0.4136906 0.1048765 0.4247691 0.1015101 0.5407793 0.4832844 0.4026144 0.1082422 0.4136906 0.1048765 0.5297008 0.4866508 0.5914527 0.0508598 0.6017998 0.04771542 0.7178101 0.4294898 0.5798526 0.05438476 0.5914527 0.0508598 0.707463 0.4326341 0.5740127 0.4731857 0.5629342 0.4765522 0.4469239 0.09477782 1.171614 0.4319453 1.140275 0.4319453 1.140275 0.3520671 1.140275 0.4319453 1.118115 0.4085496 1.140275 0.3520671 1.118115 0.4085496 1.118115 0.375463 1.140275 0.3520671 1.140275 0.3520671 1.171614 0.3520671 1.171614 0.4319453 1.171614 0.3520671 1.193774 0.3754629 1.171614 0.4319453 0.4247692 0.10151 0.4358454 0.09814429 0.5518557 0.4799185 0.658026 0.03062987 0.6693058 0.02792572 0.7851149 0.4090378 0.7961912 0.4056721 0.6803823 0.02456063 0.6912571 0.02053195 1.140275 0.2721889 1.118115 0.2487931 1.118115 0.2157064 1.118115 0.2157064 1.140275 0.1923106 1.171614 0.1923106 1.171614 0.1923106 1.193774 0.2157064 1.193774 0.248793 1.193774 0.248793 1.171614 0.2721889 1.140275 0.2721889 1.140275 0.2721889 1.118115 0.2157064 1.193774 0.248793 0.5023097 0.07794761 0.5133882 0.0745812 0.6293986 0.4563556 0.4912334 0.08131343 0.5023097 0.07794761 0.6183201 0.4597221 0.5687763 0.0577504 0.6847866 0.4395247 0.6737081 0.4428911 0.6958628 0.436159 0.6847866 0.4395247 0.5687763 0.0577504 0.5518557 0.4799185 0.4358454 0.09814429 0.4469239 0.09477782 0.1703231 0.07192164 0.1703231 0.0691359 0.1712115 0.06914234 0.1729602 0.1363235 0.1745614 0.1363096 0.1745614 0.137198 0.1370123 0.172302 0.1369745 0.172302 0.1369745 0.1684051 0.09523397 0.1499441 0.09648555 0.1499335 0.09648555 0.1508221 0.1913664 0.1642705 0.1913664 0.1681674 0.1896088 0.1681674 0.1370123 0.1684051 0.1387701 0.1684051 0.1387701 0.172302 0.09520697 0.1499443 0.09436905 0.1508399 0.09298241 0.1362454 0.1745614 0.137198 0.1745614 0.1363096 0.1745958 0.1363093 0.09523397 0.1508326 0.09436905 0.1508399 0.09520697 0.1499443 0.1913664 0.1681674 0.1913664 0.1642705 0.1925811 0.1642705 0.1758761 0.07194942 0.1748707 0.07288801 0.1732116 0.07284069 0.09819042 0.7122466 0.07252806 0.9956312 0.004644751 0.9934131 0.1238812 0.1482688 0.1238812 0.162035 0.1211094 0.1623103 0.1745958 0.1363093 0.1762388 0.1225795 0.177442 0.122569 0.09754586 0.1521608 0.0936495 0.1521608 0.0936495 0.1508399 0.09754586 0.1521608 0.09754586 0.1572496 0.0936495 0.1572496 0.1762388 0.1225795 0.1762388 0.1164373 0.177442 0.1164268 0.09392279 0.1362375 0.09298241 0.1362454 0.09298241 0.1301022 0.1128611 0.1626379 0.1128611 0.1564947 0.1156464 0.1564746 0.1762388 0.1225795 0.1716037 0.1226196 0.1716037 0.1164774 0.1668311 0.09257763 0.1629347 0.09257763 0.1629347 0.08748883 0.09392279 0.1300944 0.09754586 0.1300638 0.09754586 0.1362069 0.1771209 0.158991 0.1773335 0.1589893 0.1773335 0.1625605 0.1756566 0.07808792 0.172056 0.0779851 0.1730841 0.07640922 0.1722754 0.0718466 0.1732116 0.07284069 0.1730841 0.07640922 0.1758761 0.07194942 0.1756566 0.07808792 0.1747432 0.07645654 0.126327 0.8257703 0.126327 0.832057 0.1234052 0.8320779 0.1752356 0.07148492 0.1752356 0.06968933 0.1755343 0.06968933 0.1773335 0.1589869 0.1770614 0.1589893 0.1770614 0.1554186 0.1761316 0.07148492 0.175833 0.07148492 0.175833 0.06968933 0.200442 0.08300018 0.2003026 0.08352315 0.2011941 0.08352315 0.2019661 0.08064156 0.2011941 0.08019578 0.2010535 0.08071804 0.2024118 0.08230525 0.2024118 0.08141368 0.2018886 0.08155339 0.1999125 0.08102381 0.1995306 0.08064156 0.1990848 0.08141368 0.1999125 0.08269447 0.1995306 0.08307737 0.2003026 0.08352315 0.2024118 0.08141368 0.2019661 0.08064156 0.2015829 0.08102381 0.2019661 0.08307737 0.2024118 0.08230525 0.2018886 0.08216488 0.2003026 0.08019578 0.1995306 0.08064156 0.1999125 0.08102381 0.1996067 0.08216488 0.1990848 0.08230525 0.1995306 0.08307737 0.2011941 0.08352315 0.2019661 0.08307737 0.2015829 0.08269447 0.2011941 0.08019578 0.2003026 0.08019578 0.200442 0.08071804 0.1996067 0.08155339 0.1990848 0.08141368 0.1990848 0.08230525 0.1530689 0.1691473 0.1526871 0.1698088 0.1528616 0.1699833 0.1499804 0.1692112 0.1502188 0.1691473 0.1502188 0.1683835 0.151262 0.1673402 0.1520256 0.1673402 0.1520895 0.1671018 0.1533073 0.1683197 0.1530689 0.1683835 0.1530689 0.1691473 0.1504261 0.1699833 0.1506006 0.1698088 0.1502188 0.1691473 0.1506006 0.1677221 0.151262 0.1673402 0.1511981 0.1671018 0.1526871 0.1677221 0.1530689 0.1683835 0.1533073 0.1683197 0.1511981 0.1704291 0.151262 0.1701906 0.1506006 0.1698088 0.1528616 0.1699833 0.1526871 0.1698088 0.1520256 0.1701906 0.1502188 0.1683835 0.1506006 0.1677221 0.1504261 0.1675475 0.1520256 0.1673402 0.1526871 0.1677221 0.1528616 0.1675475 0.1520895 0.1704291 0.1520256 0.1701906 0.151262 0.1701906 0.1832188 0.1693148 0.1839761 0.169313 0.1839761 0.1640868 0.1203948 0.1534948 0.1211094 0.1535 0.1211094 0.148274 0.1445439 0.1600125 0.1452079 0.1600093 0.1452079 0.1547825 0.2007521 0.1320026 0.2014176 0.1319999 0.2014176 0.126773 0.1196413 0.1534972 0.1203948 0.1534948 0.1203948 0.1482688 0.1846812 0.1693181 0.1851452 0.1693287 0.1851452 0.1641026 0.1459716 0.1600093 0.1466303 0.1600126 0.1466303 0.1547859 0.2021813 0.1319999 0.2028384 0.1320028 0.2028384 0.126776 0.1839761 0.169313 0.1846812 0.1693181 0.1846812 0.164092 0.1826122 0.1693229 0.1832188 0.1693148 0.1832188 0.1640886 0.1452079 0.1600093 0.1459716 0.1600093 0.1459716 0.1547825 0.2014176 0.1319999 0.2021813 0.1319999 0.2021813 0.1267731 0.1770319 0.09031093 0.1775703 0.09031093 0.1776829 0.08989048 0.1780366 0.09205126 0.1775703 0.0923205 0.1776829 0.09274095 0.1783058 0.09104645 0.1783058 0.09158492 0.1787261 0.09169757 0.1762579 0.092359 0.1765657 0.09205126 0.1762964 0.09158492 0.1762579 0.09027236 0.1765657 0.09058016 0.1770319 0.09031093 0.1780366 0.09058016 0.1783058 0.09104645 0.1787261 0.09093379 0.1770319 0.0923205 0.1765657 0.09205126 0.1762579 0.092359 0.1758761 0.09093379 0.1762964 0.09104645 0.1765657 0.09058016 0.1776829 0.08989048 0.1775703 0.09031093 0.1780366 0.09058016 0.1775703 0.0923205 0.1770319 0.0923205 0.1769192 0.09274095 0.1783058 0.09158492 0.1780366 0.09205126 0.1783444 0.092359 0.1762964 0.09158492 0.1762964 0.09104645 0.1758761 0.09093379 0.1994285 0.1612421 0.1999668 0.1612422 0.1999668 0.137233 0.1931886 0.1612403 0.1937225 0.1612392 0.1937225 0.1372329 0.200643 0.07236486 0.2011469 0.0723685 0.2011469 0.04836302 0.1960176 0.1612442 0.1964857 0.1612419 0.1964857 0.1372329 0.1989593 0.1612441 0.1994285 0.1612421 0.1994285 0.1372329 0.2001118 0.07236659 0.200643 0.07236486 0.200643 0.04835939 0.1942196 0.1612427 0.1945468 0.1612502 0.1945468 0.137244 0.1970241 0.161242 0.1974884 0.1612443 0.1974884 0.1372352 0.1999668 0.1612422 0.2004301 0.1612442 0.2004301 0.137235 0.1937225 0.1612392 0.1942196 0.1612427 0.1942196 0.1372365 0.192761 0.1612461 0.1931886 0.1612403 0.1931886 0.1372341 0.1964857 0.1612419 0.1970241 0.161242 0.1970241 0.137233 0.1997424 0.07681661 0.1992205 0.07667696 0.1992205 0.07756853 0.2021017 0.07834059 0.2025474 0.07756853 0.2020242 0.07742816 0.2004382 0.07878637 0.2013297 0.07878637 0.2011891 0.07826346 0.2017186 0.07628703 0.2021017 0.07590484 0.2013297 0.07545906 0.2000481 0.07628709 0.1996662 0.07590484 0.1992205 0.07667696 0.2013297 0.07878637 0.2021017 0.07834059 0.2017186 0.07795768 0.1996662 0.07834059 0.2004382 0.07878637 0.2005776 0.07826346 0.2025474 0.07667696 0.2021017 0.07590484 0.2017186 0.07628703 0.2005776 0.07598131 0.2004382 0.07545906 0.1996662 0.07590484 0.1992205 0.07756853 0.1996662 0.07834059 0.2000481 0.07795768 0.2025474 0.07756853 0.2025474 0.07667696 0.2020242 0.07681661 0.2011891 0.07598131 0.2013297 0.07545906 0.2004382 0.07545906 0.1414483 0.1673409 0.1421098 0.1677228 0.1422843 0.1675482 0.1415122 0.1704298 0.1414483 0.1701914 0.1406847 0.1701914 0.1396414 0.169148 0.1396414 0.1683843 0.1394031 0.1683204 0.1406208 0.1671025 0.1406846 0.1673409 0.1414483 0.1673409 0.1422843 0.1699841 0.1421098 0.1698095 0.1414483 0.1701914 0.1400233 0.1698095 0.1396414 0.169148 0.1394031 0.1692119 0.1400233 0.1677228 0.1406846 0.1673409 0.1406208 0.1671025 0.14273 0.1692119 0.1424915 0.169148 0.1421098 0.1698095 0.1422843 0.1675482 0.1421098 0.1677228 0.1424915 0.1683843 0.1406847 0.1701914 0.1400233 0.1698095 0.1398488 0.1699841 0.1396414 0.1683843 0.1400233 0.1677228 0.1398488 0.1675482 0.14273 0.1683204 0.1424915 0.1683843 0.1424915 0.169148 0.1455398 0.1534965 0.1462934 0.1534941 0.1462934 0.1482682 0.1383952 0.1631783 0.1376316 0.1631783 0.1376316 0.1684051 0.08405238 0.1686502 0.08480972 0.1686484 0.08480972 0.1634222 0.1240386 0.1618957 0.1247027 0.1618924 0.1247026 0.1566656 0.1390607 0.1631755 0.1383952 0.1631783 0.1383952 0.1684052 0.08344584 0.1686583 0.08405238 0.1686502 0.08405238 0.163424 0.08551478 0.1686536 0.0859788 0.1686641 0.0859788 0.1634379 0.1254663 0.1618925 0.126125 0.1618958 0.126125 0.156669 0.1462934 0.1534941 0.147008 0.1534993 0.147008 0.1482733 0.1376316 0.1631783 0.1369745 0.1631754 0.1369745 0.1684022 0.08480972 0.1686484 0.08551478 0.1686536 0.08551478 0.1634274 0.1247027 0.1618924 0.1254663 0.1618925 0.1254663 0.1566657 0.1732218 0.115215 0.1732218 0.1146765 0.1728014 0.1145638 0.1749619 0.1142102 0.1752311 0.1146765 0.1756515 0.1145638 0.1739572 0.113941 0.1744956 0.113941 0.1746084 0.1135205 0.1752697 0.1159891 0.1749619 0.1156813 0.1744956 0.1159505 0.1731833 0.1159891 0.173491 0.1156813 0.1732218 0.115215 0.173491 0.1142102 0.1739572 0.113941 0.1738446 0.1135205 0.1752311 0.115215 0.1749619 0.1156813 0.1752697 0.1159891 0.1738446 0.116371 0.1739572 0.1159505 0.173491 0.1156813 0.1728014 0.1145638 0.1732218 0.1146765 0.173491 0.1142102 0.1752311 0.1146765 0.1752311 0.115215 0.1756515 0.1153276 0.1744956 0.113941 0.1749619 0.1142102 0.1752697 0.1139024 0.1744956 0.1159505 0.1739572 0.1159505 0.1738446 0.116371 0.1784447 0.1164292 0.1779063 0.1164292 0.1779063 0.1404381 0.2007521 0.1167481 0.2012833 0.1167464 0.2012833 0.09274095 0.1986075 0.04836142 0.1980692 0.04836142 0.1980692 0.07237064 0.1929912 0.07236683 0.1935251 0.07236564 0.1935251 0.04835939 0.1789128 0.116427 0.1784447 0.1164292 0.1784447 0.1404382 0.1990767 0.04835951 0.1986075 0.04836142 0.1986075 0.0723707 0.1925636 0.07237255 0.1929912 0.07236683 0.1929912 0.04836058 0.1940222 0.07236921 0.1943493 0.07237666 0.1943493 0.04837042 0.1779063 0.1164292 0.177442 0.1164268 0.177442 0.1404359 0.2012833 0.1167464 0.2017872 0.1167501 0.2017872 0.09274458 0.1980692 0.04836142 0.1976059 0.04835939 0.1976059 0.07236862 0.1935251 0.07236564 0.1940222 0.07236921 0.1940222 0.04836297 0.1185609 0.1709262 0.1189427 0.1713091 0.1193885 0.1705369 0.1172792 0.1684275 0.1165073 0.1688733 0.1168904 0.1692555 0.1189427 0.1688733 0.1181707 0.1684275 0.1180313 0.1689497 0.1165847 0.1703966 0.1160616 0.1705369 0.1165073 0.1713091 0.1180313 0.1712319 0.1181707 0.1717548 0.1189427 0.1713091 0.1181707 0.1684275 0.1172792 0.1684275 0.1174199 0.1689497 0.1193885 0.1696454 0.1189427 0.1688733 0.1185609 0.1692555 0.1165847 0.1697851 0.1160616 0.1696454 0.1160616 0.1705369 0.1174199 0.1712319 0.1172793 0.1717548 0.1181707 0.1717548 0.1188666 0.1703966 0.1193885 0.1705369 0.1193885 0.1696454 0.1165073 0.1688733 0.1160616 0.1696454 0.1165847 0.1697851 0.1168904 0.1709262 0.1165073 0.1713091 0.1172793 0.1717548 0.1940426 0.1704109 0.1933812 0.170029 0.1932067 0.1702035 0.1940426 0.1675604 0.1948063 0.1675604 0.1948702 0.167322 0.1958495 0.1686038 0.1958495 0.1693676 0.196088 0.1694315 0.1948063 0.1704109 0.1940426 0.1704109 0.1939787 0.1706494 0.1932067 0.1677678 0.1933812 0.1679423 0.1940426 0.1675604 0.1954677 0.1679423 0.1958495 0.1686038 0.196088 0.1685398 0.1954677 0.170029 0.1948063 0.1704109 0.1948702 0.1706494 0.1929994 0.1686038 0.1933812 0.1679423 0.1932067 0.1677678 0.1932067 0.1702035 0.1933812 0.170029 0.1929994 0.1693676 0.1948063 0.1675604 0.1954677 0.1679423 0.1956422 0.1677678 0.1958495 0.1693676 0.1954677 0.170029 0.1956422 0.1702035 0.192761 0.1694315 0.1929994 0.1693676 0.1929994 0.1686038 0.2007521 0.1372324 0.2014176 0.1372296 0.2014176 0.1320028 0.1452079 0.1652395 0.1459716 0.1652395 0.1459716 0.1600127 0.1196413 0.1587284 0.1203948 0.158726 0.1203948 0.1535 0.0918737 0.1688157 0.09263104 0.168814 0.09263104 0.1635878 0.1445439 0.1652426 0.1452079 0.1652395 0.1452079 0.1600126 0.2021813 0.1372297 0.2028384 0.1372326 0.2028384 0.1320057 0.09126716 0.1688238 0.0918737 0.1688157 0.0918737 0.1635895 0.0933361 0.1688191 0.09380012 0.1688296 0.09380012 0.1636034 0.2014176 0.1372296 0.2021813 0.1372297 0.2021813 0.1320028 0.1459716 0.1652395 0.1466303 0.1652427 0.1466303 0.160016 0.1203948 0.158726 0.1211094 0.1587312 0.1211094 0.1535052 0.09263104 0.168814 0.0933361 0.1688191 0.0933361 0.1635929 0.1783058 0.1152169 0.1780366 0.1156832 0.1783444 0.1159909 0.1762964 0.1152169 0.1762964 0.1146784 0.1758761 0.1145657 0.1770319 0.1159524 0.1765657 0.1156832 0.1762579 0.1159909 0.1769192 0.1135224 0.1770319 0.1139429 0.1775703 0.1139429 0.1787261 0.1145657 0.1783058 0.1146784 0.1783058 0.1152169 0.1775703 0.1159524 0.1770319 0.1159524 0.1769192 0.1163728 0.1765657 0.1142121 0.1770319 0.1139429 0.1769192 0.1135224 0.1783444 0.1139043 0.1780366 0.1142121 0.1783058 0.1146784 0.1783444 0.1159909 0.1780366 0.1156832 0.1775703 0.1159524 0.1762964 0.1146784 0.1765657 0.1142121 0.1762579 0.1139043 0.1765657 0.1156832 0.1762964 0.1152169 0.1758761 0.1153295 0.1775703 0.1139429 0.1780366 0.1142121 0.1783444 0.1139043 0.1953108 0.07236564 0.1958079 0.07236921 0.1958079 0.04836297 0.1961351 0.07237058 0.1966043 0.07236862 0.1966043 0.04835939 0.1779102 0.1644473 0.1784484 0.1644473 0.1784484 0.1404383 0.2004301 0.1612401 0.2009614 0.1612384 0.2009614 0.1372329 0.194777 0.07236683 0.1953108 0.07236564 0.1953108 0.04835939 0.177442 0.1644495 0.1779102 0.1644473 0.1779102 0.1404382 0.1971426 0.07236868 0.1976059 0.0723707 0.1976059 0.04836142 0.1943493 0.07237255 0.194777 0.07236683 0.194777 0.04836058 0.1958079 0.07236921 0.1961351 0.07237666 0.1961351 0.04837042 0.1966043 0.07236862 0.1971426 0.07236868 0.1971426 0.04835945 0.1784484 0.1644473 0.1789128 0.1644496 0.1789128 0.1404405 0.2009614 0.1612384 0.2014652 0.161242 0.2014652 0.1372365 0.1010939 0.1692199 0.1007111 0.1688368 0.1002653 0.1696088 0.1023745 0.1717183 0.1031466 0.1712726 0.1027644 0.1708906 0.1007111 0.1712726 0.1014831 0.1717183 0.1016234 0.1711963 0.1030701 0.1697495 0.1035922 0.1696088 0.1031466 0.1688368 0.1016234 0.1689142 0.1014831 0.168391 0.1007111 0.1688368 0.1014831 0.1717183 0.1023745 0.1717183 0.1022348 0.1711963 0.1002653 0.1705005 0.1007111 0.1712726 0.1010939 0.1708906 0.1030701 0.170361 0.1035922 0.1705004 0.1035922 0.1696088 0.1022348 0.1689142 0.1023745 0.168391 0.1014831 0.168391 0.1007882 0.1697495 0.1002653 0.1696088 0.1002653 0.1705005 0.1027644 0.1708906 0.1031466 0.1712726 0.1035922 0.1705004 0.1027644 0.1692199 0.1031466 0.1688368 0.1023745 0.168391 0.1439477 0.1704298 0.1440116 0.1701914 0.1433503 0.1698095 0.1440116 0.1673409 0.1447753 0.1673409 0.1448392 0.1671025 0.1458185 0.1683843 0.1458185 0.1691481 0.146057 0.1692119 0.1448392 0.1704298 0.1447753 0.1701914 0.1440116 0.1701914 0.1433503 0.1677228 0.1440116 0.1673409 0.1439477 0.1671025 0.1454367 0.1677228 0.1458185 0.1683843 0.146057 0.1683204 0.1456112 0.1699841 0.1454367 0.1698095 0.1447753 0.1701914 0.1429684 0.1683843 0.1433503 0.1677228 0.1431757 0.1675482 0.1431757 0.1699841 0.1433503 0.1698095 0.1429684 0.169148 0.1447753 0.1673409 0.1454367 0.1677228 0.1456112 0.1675482 0.1458185 0.1691481 0.1454367 0.1698095 0.1456112 0.1699841 0.14273 0.1692119 0.1429684 0.169148 0.1429684 0.1683843 0.1690309 0.1617943 0.169695 0.161791 0.169695 0.1565642 0.127326 0.1627512 0.1266208 0.1627461 0.1266208 0.1679723 0.2007521 0.1267728 0.2014176 0.1267701 0.2014176 0.1215432 0.1845229 0.1606656 0.1852765 0.1606632 0.1852765 0.1554372 0.1280832 0.1627495 0.127326 0.1627512 0.127326 0.1679774 0.1704586 0.1617911 0.1711173 0.1617944 0.1711173 0.1565676 0.2021813 0.1267701 0.2028384 0.126773 0.2028384 0.1215462 0.1286898 0.1627414 0.1280832 0.1627495 0.1280832 0.1679757 0.169695 0.161791 0.1704586 0.1617911 0.1704586 0.1565643 0.1266208 0.1627461 0.1261568 0.1627355 0.1261568 0.1679617 0.2014176 0.1267701 0.2021813 0.1267701 0.2021813 0.1215433 0.1852765 0.1606632 0.1859911 0.1606684 0.1859911 0.1554424 0.1721118 0.1142102 0.1723811 0.1146765 0.1728014 0.1145638 0.1711072 0.1159505 0.1706409 0.1156813 0.1703332 0.1159891 0.1721118 0.1156813 0.1716455 0.1159505 0.1717582 0.116371 0.1699513 0.1145638 0.1703717 0.1146765 0.1706409 0.1142102 0.1717582 0.1135205 0.1716455 0.113941 0.1721118 0.1142102 0.1728014 0.1153276 0.1723811 0.115215 0.1721118 0.1156813 0.1703717 0.115215 0.1703717 0.1146765 0.1699513 0.1145638 0.1711072 0.113941 0.1716455 0.113941 0.1717582 0.1135205 0.1723811 0.1146765 0.1723811 0.115215 0.1728014 0.1153276 0.1706409 0.1156813 0.1703717 0.115215 0.1699513 0.1153276 0.1717582 0.116371 0.1716455 0.1159505 0.1711072 0.1159505 0.1706409 0.1142102 0.1711072 0.113941 0.1709945 0.1135205 0.1996079 0.07236486 0.2001118 0.0723685 0.2001118 0.04836302 0.1945468 0.1612442 0.1950148 0.1612419 0.1950148 0.1372329 0.1720789 0.1623684 0.1725759 0.1623721 0.1725759 0.1383658 0.1974884 0.1612441 0.1979576 0.1612421 0.1979576 0.1372329 0.1990767 0.07236653 0.1996079 0.07236486 0.1996079 0.04835939 0.1715449 0.1623697 0.1720789 0.1623684 0.1720789 0.1383622 0.1955533 0.161242 0.1960176 0.1612443 0.1960176 0.1372352 0.1984961 0.1612422 0.1989593 0.1612442 0.1989593 0.137235 0.1711173 0.1623753 0.1715449 0.1623697 0.1715449 0.1383634 0.1950148 0.1612419 0.1955533 0.161242 0.1955532 0.137233 0.1725759 0.1623721 0.172903 0.1623795 0.172903 0.1383733 0.1979576 0.1612421 0.1984961 0.1612422 0.1984961 0.137233 0.09021556 0.1696234 0.08646953 0.1696549 0.08646953 0.1634577 0.2034608 0.06028813 0.2043513 0.06028169 0.2043513 0.06647896 0.1673554 0.1688305 0.162563 0.168872 0.162563 0.1626756 0.2022321 0.09038126 0.2010805 0.09038954 0.2010805 0.08419299 0.2047064 0.05362093 0.2034608 0.05362093 0.2034608 0.04835939 0.1196794 0.173689 0.1196794 0.1684275 0.120925 0.1684275 0.07969981 0.1634538 0.08344584 0.1634222 0.08344584 0.1696195 0.2043914 0.08639311 0.2035009 0.08639955 0.2035009 0.08020222 0.10677 0.1627644 0.1115625 0.1627228 0.1115625 0.1689192 0.1051288 0.1621677 0.1062803 0.1621595 0.1062803 0.168356 0.2027651 0.1727179 0.2015195 0.1727179 0.2015195 0.1674564 0.1223551 0.1685482 0.1223551 0.1738097 0.1211094 0.1738097 0.1673554 0.1626613 0.1711162 0.1626341 0.1711162 0.1688314 0.2025999 0.1612398 0.2014652 0.1612496 0.2014652 0.1550532 0.1981081 0.09268921 0.1932447 0.0927242 0.1932447 0.08652764 0.2043879 0.1050062 0.2035009 0.1050137 0.2035009 0.09881645 0.1989845 0.1673237 0.2002301 0.1673237 0.2002301 0.1725852 0.2032095 0.1107441 0.2032095 0.1054826 0.2044551 0.1054826 0.1067456 0.1571633 0.1029849 0.1571905 0.1029849 0.1509932 0.2038102 0.08018594 0.2026755 0.08019578 0.2026755 0.07399946 0.1160616 0.162231 0.120925 0.162196 0.120925 0.1683925 0.2035009 0.086407 0.2043879 0.08639955 0.2043879 0.09259682 0.1053878 0.1736525 0.1053878 0.168391 0.1066334 0.168391 0.1223551 0.1738097 0.1223551 0.1685482 0.1236007 0.1685482 0.1259019 0.1685066 0.1211094 0.1685482 0.1211094 0.1623518 0.1927142 0.1635134 0.1915627 0.1635217 0.1915627 0.1573251 0.1324359 0.1689327 0.1286898 0.1689643 0.1286898 0.1627671 0.09110593 0.1696234 0.09021556 0.1696299 0.09021556 0.1634325 0.20468 0.1372329 0.20468 0.1424944 0.2034344 0.1424944 0.2034344 0.1424944 0.20468 0.1424944 0.20468 0.147756 0.1759097 0.1685759 0.1711173 0.1686174 0.1711173 0.1624211 0.1586617 0.1705839 0.1575103 0.1705921 0.1575103 0.1643956 0.1369745 0.1693726 0.1332284 0.1694042 0.1332284 0.1632069 0.147008 0.1732991 0.1461176 0.1733055 0.1461176 0.1671082 0.2034344 0.1582791 0.2034344 0.1530176 0.20468 0.1530176 0.2047064 0.05362093 0.2047064 0.05888247 0.2034608 0.05888247 0.09740215 0.1635528 0.09253865 0.1635878 0.09253865 0.1573912 0.2043986 0.07374697 0.2035117 0.07375448 0.2035117 0.06755721 0.1990848 0.08639311 0.1953241 0.08642029 0.1953241 0.08022302 0.2026542 0.1674466 0.2015195 0.1674564 0.2015195 0.1612601 0.2034344 0.147756 0.20468 0.147756 0.20468 0.1530175 0.2040107 0.1674564 0.2040107 0.1727179 0.2027651 0.1727179 0.1051288 0.168356 0.1002653 0.168391 0.1002653 0.1621944 0.2043879 0.09880155 0.2035009 0.098809 0.2035009 0.09261173 0.1153233 0.1689201 0.1115625 0.1689473 0.1115625 0.16275 0.2035117 0.07374608 0.202377 0.07375591 0.202377 0.06755959 0.2034344 0.1592488 0.20468 0.1592488 0.20468 0.1645103 0.1246563 0.1738097 0.1246563 0.1685482 0.1259019 0.1685482 0.162563 0.1383622 0.162563 0.1164924 0.1716037 0.1164268 0.1538927 0.08847784 0.1538927 0.0720458 0.1629347 0.07204526 0.1535209 0.1401121 0.1535209 0.1164276 0.162563 0.1164268 0.9877567 0.6216818 0.7869324 0.6216818 0.7863729 0.5441285 0.1699513 0.09274095 0.1699513 0.1164268 0.1535209 0.1164268 0.1703231 0.04835939 0.1703231 0.07204526 0.1538927 0.07204526 0.1914972 0.08396095 0.1923102 0.08536946 0.1919618 0.08571767 0.1893716 0.1623347 0.1877454 0.1623347 0.1876142 0.1618188 0.09218096 0.1690757 0.09175997 0.1706467 0.09126716 0.1706475 0.09175997 0.1706467 0.09218096 0.1722177 0.09175419 0.1724653 0.1961395 0.1653862 0.1945134 0.1653862 0.1943804 0.1648697 0.172056 0.0717197 0.172056 0.07009327 0.1725333 0.06996464 0.2013159 0.1653831 0.1997113 0.1653881 0.1996628 0.1648776 0.1245161 0.1687952 0.1240953 0.1703662 0.1236007 0.170366 0.1236007 0.170366 0.1240953 0.1703662 0.1245161 0.1719372 0.1092251 0.1612281 0.1087127 0.161041 0.1087054 0.1594282 0.1923102 0.08092606 0.1914972 0.08233457 0.1910209 0.08220589 0.1910209 0.08220589 0.1914972 0.08233457 0.1914972 0.08396095 0.08163994 0.1508387 0.08338505 0.1508387 0.08489638 0.1517114 0.08489638 0.1517114 0.08576893 0.1532229 0.08576893 0.1549683 0.08576893 0.1549683 0.08489638 0.1564797 0.08012866 0.1564797 0.08489638 0.1564797 0.08338505 0.1573524 0.08012866 0.1564797 0.08338505 0.1573524 0.08163994 0.1573524 0.08012866 0.1564797 0.08012866 0.1564797 0.07925611 0.1549683 0.07925611 0.1532229 0.07925611 0.1532229 0.08012866 0.1517114 0.08012866 0.1564797 0.08012866 0.1517114 0.08163994 0.1508387 0.08012866 0.1564797 0.08163994 0.1508387 0.08489638 0.1517114 0.08012866 0.1564797 0.1092251 0.1576243 0.1092485 0.1564808 0.1119103 0.1564746 0.1092166 0.1593618 0.1092251 0.1576243 0.1118869 0.1576181 0.1092251 0.1612281 0.1092166 0.1593618 0.1118783 0.1593557 0.1092485 0.1627228 0.1092251 0.1612281 0.1118869 0.1612219 0.1996628 0.1648776 0.1979019 0.1648649 0.1979019 0.1622028 0.2015195 0.1648718 0.1996628 0.1648776 0.1996629 0.1622156 0.1943804 0.1648697 0.1927612 0.1648628 0.192761 0.1622003 0.196262 0.1648697 0.1943804 0.1648697 0.1943802 0.1622073 0.1979019 0.1648628 0.196262 0.1648697 0.1962617 0.1622073 0.1876142 0.1618188 0.1859913 0.1618108 0.1859911 0.1591483 0.1894959 0.1618188 0.1876142 0.1618188 0.1876142 0.1591564 0.1911321 0.1618108 0.1894959 0.1618188 0.1894958 0.1591564 0.1909466 0.1581981 0.191132 0.1591484 0.1894958 0.1591564 0.1894958 0.1591564 0.1876142 0.1591564 0.1876842 0.1582055 0.1876142 0.1591564 0.1859911 0.1591483 0.186179 0.1581981 0.197717 0.1612502 0.1979016 0.1622003 0.1962617 0.1622073 0.1962617 0.1622073 0.1943802 0.1622073 0.1944512 0.1612567 0.1943802 0.1622073 0.192761 0.1622003 0.1929496 0.1612502 0.2014106 0.1612566 0.2015195 0.1622097 0.1996629 0.1622156 0.1996888 0.161262 0.1996629 0.1622156 0.1979019 0.1622028 0.1128611 0.1625053 0.1119103 0.1627166 0.1118869 0.1612219 0.1118869 0.1612219 0.1118783 0.1593557 0.1128315 0.1593883 0.1118783 0.1593557 0.1118869 0.1576181 0.1128394 0.1577768 0.1118869 0.1576181 0.1119103 0.1564746 0.1128611 0.1567164 0.1489507 0.1593483 0.1489433 0.1577354 0.1494545 0.1576691 0.1720169 0.08783876 0.1712037 0.08924728 0.1707275 0.08911865 0.1712037 0.08924728 0.1712037 0.09087371 0.1707274 0.09100061 0.1712037 0.09087371 0.1720169 0.09228223 0.1716684 0.09263044 0.182375 0.162151 0.1807489 0.162151 0.1806178 0.1616352 0.09337335 0.1688296 0.09380012 0.1690757 0.09337925 0.1706467 0.09288632 0.1706475 0.09337925 0.1706467 0.09380012 0.1722177 0.1410429 0.163483 0.1411653 0.1629666 0.1427915 0.1629666 0.1716888 0.07192808 0.1712115 0.07180118 0.1712115 0.07017475 0.1861948 0.1662111 0.1877993 0.166206 0.1878478 0.1667165 0.2012392 0.1167501 0.2016676 0.1169971 0.2012467 0.1185681 0.2007521 0.1185679 0.2012467 0.1185681 0.2016676 0.1201391 0.1425818 0.1547825 0.1408367 0.1547825 0.1393254 0.1539099 0.1393254 0.1539099 0.1384529 0.1523984 0.1425818 0.1547825 0.1384529 0.1523984 0.1384529 0.150653 0.1425818 0.1547825 0.1384529 0.150653 0.1393254 0.1491416 0.1440932 0.1491416 0.1393254 0.1491416 0.1408367 0.1482689 0.1440932 0.1491416 0.1408367 0.1482689 0.1425818 0.1482689 0.1440932 0.1491416 0.1440932 0.1491416 0.1449657 0.150653 0.1449657 0.1523984 0.1449657 0.1523984 0.1440932 0.1539099 0.1440932 0.1491416 0.1440932 0.1539099 0.1425818 0.1547825 0.1440932 0.1491416 0.1494866 0.16103 0.1494631 0.1595353 0.1521249 0.1595291 0.1878478 0.1667165 0.1896088 0.1667293 0.1896088 0.1693913 0.1859911 0.1667224 0.1878478 0.1667165 0.1878478 0.1693786 0.1429246 0.163483 0.1445437 0.16349 0.1445439 0.1661524 0.1410429 0.163483 0.1429246 0.163483 0.1429247 0.1661455 0.1394031 0.16349 0.1410429 0.163483 0.1410431 0.1661455 0.1806178 0.1616352 0.1789948 0.1616271 0.1789945 0.1589647 0.1824995 0.1616352 0.1806178 0.1616352 0.1806176 0.1589727 0.1841356 0.1616271 0.1824995 0.1616352 0.1824992 0.1589727 0.1494631 0.1559314 0.1494866 0.154788 0.1521483 0.1547818 0.1494545 0.1576691 0.1494631 0.1559314 0.1521249 0.1559252 0.1494631 0.1595353 0.1494545 0.1576691 0.1521163 0.1576629 0.1521249 0.1595291 0.1521163 0.1576629 0.1530694 0.1576955 0.1521163 0.1576629 0.1521249 0.1559252 0.1530774 0.1560841 0.1521249 0.1559252 0.1521483 0.1547818 0.153099 0.1550236 0.1839501 0.1580144 0.1841354 0.1589647 0.1824992 0.1589727 0.1824992 0.1589727 0.1806176 0.1589727 0.1806876 0.1580219 0.1806176 0.1589727 0.1789945 0.1589647 0.1791825 0.1580144 0.1395879 0.1671025 0.1394033 0.1661524 0.1410431 0.1661455 0.1411087 0.1670961 0.1410431 0.1661455 0.1429247 0.1661455 0.1428537 0.167096 0.1429247 0.1661455 0.1445439 0.1661524 0.1859911 0.1693844 0.1878478 0.1693786 0.1878219 0.1703321 0.1878478 0.1693786 0.1896088 0.1693913 0.189455 0.1703439 0.1521483 0.1610239 0.1521249 0.1595291 0.1530774 0.1594263 0.1789945 0.1665387 0.1791982 0.1660274 0.1808027 0.1660223 0.0859788 0.1689112 0.08555793 0.1704822 0.08506333 0.170482 0.08506333 0.170482 0.08555793 0.1704822 0.0859788 0.1720532 0.140908 0.159536 0.1403955 0.159349 0.1403882 0.1577362 0.1534383 0.16138 0.1526252 0.1627885 0.1521489 0.1626598 0.1521489 0.1626598 0.1526252 0.1627885 0.1526252 0.1644149 0.1526252 0.1644149 0.1534383 0.1658234 0.1530898 0.1661716 0.1348646 0.1534822 0.134989 0.1529663 0.1366152 0.1529663 0.08393281 0.1686641 0.08435964 0.1689102 0.08393871 0.1704813 0.08393871 0.1704813 0.08435964 0.1720523 0.08393281 0.1722998 0.1570218 0.161935 0.1568994 0.1624515 0.1552733 0.1624515 0.1730107 0.0718466 0.1725333 0.0717197 0.1725333 0.07009327 0.1526483 0.1491408 0.1535209 0.1506523 0.1535209 0.1523976 0.1535209 0.1523976 0.1526483 0.1539091 0.1511369 0.1547818 0.1511369 0.1547818 0.1493919 0.1547818 0.1478806 0.1539091 0.1478806 0.1539091 0.147008 0.1523976 0.147008 0.1506523 0.147008 0.1506523 0.1478806 0.1491408 0.1493918 0.1482682 0.1493918 0.1482682 0.1511369 0.1482682 0.147008 0.1506523 0.1511369 0.1482682 0.1526483 0.1491408 0.147008 0.1506523 0.1526483 0.1491408 0.1535209 0.1523976 0.147008 0.1506523 0.1535209 0.1523976 0.1511369 0.1547818 0.147008 0.1506523 0.1551402 0.161935 0.1535211 0.1619281 0.1535209 0.1592656 0.1570218 0.161935 0.1551402 0.161935 0.15514 0.1592726 0.1586617 0.1619281 0.1570218 0.161935 0.1570217 0.1592726 0.1367462 0.1534822 0.1383693 0.1534903 0.1383695 0.1561527 0.1348646 0.1534822 0.1367462 0.1534822 0.1367464 0.1561446 0.1332284 0.1534903 0.1348646 0.1534822 0.1348648 0.1561446 0.1409079 0.1559322 0.1409313 0.1547887 0.1435931 0.1547825 0.1408994 0.1576698 0.1409079 0.1559322 0.1435697 0.155926 0.140908 0.159536 0.1408994 0.1576698 0.1435612 0.1576637 0.1409313 0.1610307 0.140908 0.159536 0.1435698 0.1595298 0.1808512 0.1665329 0.1826122 0.1665456 0.1826122 0.1692076 0.1789945 0.1665387 0.1808512 0.1665329 0.1808512 0.1691949 0.1789945 0.1692008 0.1808512 0.1691949 0.1808253 0.1701485 0.1808512 0.1691949 0.1826122 0.1692076 0.1824585 0.1701602 0.1435931 0.1610246 0.1435698 0.1595298 0.1445223 0.159427 0.1435698 0.1595298 0.1435612 0.1576637 0.1445143 0.1576963 0.1435612 0.1576637 0.1435697 0.155926 0.1445223 0.1560848 0.1445223 0.1560848 0.1435697 0.155926 0.1435931 0.1547825 0.1334139 0.157103 0.1332286 0.1561527 0.1348648 0.1561446 0.1348648 0.1561446 0.1367464 0.1561446 0.1366764 0.1570955 0.1367464 0.1561446 0.1383695 0.1561527 0.1381815 0.157103 0.1586616 0.1592656 0.1570217 0.1592726 0.1569561 0.158322 0.1570217 0.1592726 0.15514 0.1592726 0.155211 0.158322 0.15514 0.1592726 0.1535209 0.1592656 0.1537095 0.1583155 0.1678483 0.1706758 0.1682692 0.1722467 0.1678425 0.1724943 0.1503866 0.165166 0.1487604 0.165166 0.1486274 0.1646495 0.1734879 0.0718466 0.1730107 0.0717197 0.1730107 0.07009327 0.1571385 0.1680089 0.1569349 0.1685202 0.1553304 0.1685252 0.1989845 0.1675707 0.1985636 0.1691417 0.198069 0.1691415 0.1985636 0.1691417 0.1989845 0.1707127 0.198556 0.1709593 0.1890963 0.09105914 0.189089 0.08944636 0.1896002 0.08937996 0.2011709 0.1673237 0.2015195 0.1676736 0.2007064 0.1690821 0.2002301 0.1689535 0.2007064 0.1690821 0.2007064 0.1707085 0.2002301 0.1708354 0.2007064 0.1707085 0.2015195 0.172117 0.134989 0.1590387 0.1366152 0.1590387 0.1367462 0.1595547 0.1678425 0.1688586 0.1682692 0.1691048 0.1678483 0.1706758 0.09298241 0.1532268 0.09298241 0.1549721 0.08885341 0.1573563 0.09298241 0.1549721 0.09210985 0.1564836 0.08885341 0.1573563 0.09210985 0.1564836 0.09059852 0.1573563 0.08885341 0.1573563 0.08885341 0.1573563 0.08734208 0.1564836 0.08734208 0.1517153 0.08734208 0.1564836 0.08646953 0.1549721 0.08734208 0.1517153 0.08646953 0.1549721 0.08646953 0.1532268 0.08734208 0.1517153 0.08734208 0.1517153 0.08885341 0.1508426 0.09298241 0.1532268 0.08885341 0.1508426 0.09059852 0.1508426 0.09298241 0.1532268 0.09059852 0.1508426 0.09210985 0.1517153 0.09298241 0.1532268 0.1367462 0.1595547 0.1383693 0.1595627 0.1383695 0.1622251 0.1348646 0.1595547 0.1367462 0.1595547 0.1367464 0.1622171 0.1332284 0.1595627 0.1348646 0.1595547 0.1348648 0.1622171 0.1896088 0.08764237 0.1896321 0.08649885 0.1922939 0.08649271 0.1896002 0.08937996 0.1896088 0.08764237 0.1922705 0.08763617 0.1896088 0.09124618 0.1896002 0.08937996 0.1922619 0.08937382 0.1896321 0.09274095 0.1896088 0.09124618 0.1922705 0.09124004 0.1552818 0.1680147 0.1535209 0.168002 0.1535209 0.16534 0.1571385 0.1680089 0.1552818 0.1680147 0.1552818 0.1653527 0.1486274 0.1646495 0.1470082 0.1646426 0.147008 0.1619801 0.150509 0.1646495 0.1486274 0.1646495 0.1486272 0.1619871 0.1521489 0.1646426 0.150509 0.1646495 0.1505088 0.1619871 0.151964 0.16103 0.1521487 0.1619801 0.1505088 0.1619871 0.1504432 0.1610364 0.1505088 0.1619871 0.1486272 0.1619871 0.1486982 0.1610364 0.1486272 0.1619871 0.147008 0.1619801 0.1570296 0.1643937 0.1571385 0.1653468 0.1552818 0.1653527 0.1553078 0.1643991 0.1552818 0.1653527 0.1535209 0.16534 0.1932447 0.09252333 0.1922939 0.09273475 0.1922705 0.09124004 0.1922705 0.09124004 0.1922619 0.08937382 0.1932151 0.08940643 0.1922619 0.08937382 0.1922705 0.08763617 0.1932229 0.08779495 0.1922705 0.08763617 0.1922939 0.08649271 0.1932447 0.08673447 0.1332286 0.1622251 0.1348648 0.1622171 0.1349313 0.1631679 0.1348648 0.1622171 0.1367464 0.1622171 0.1366764 0.1631679 0.1367464 0.1622171 0.1383695 0.1622251 0.1381815 0.1631754 0.2013592 0.07375115 0.201587 0.07375168 0.201587 0.04835993 0.202377 0.04835939 0.2022128 0.04836058 0.2022128 0.0737555 0.2019508 0.1181361 0.2021731 0.1181356 0.2021731 0.09274095 0.1326038 0.1554566 0.132813 0.1554548 0.132813 0.1300638 0.2011469 0.0737527 0.2013592 0.07375115 0.2013592 0.04835939 0.2021731 0.1181356 0.2023946 0.1181361 0.2023946 0.09274142 0.2017872 0.1181375 0.2019508 0.1181361 0.2019508 0.09274142 0.2019903 0.048361 0.2017691 0.04836052 0.2017691 0.07375544 0.1330417 0.1554552 0.1332284 0.1554578 0.1332284 0.1300668 0.201587 0.07375168 0.2017691 0.07375413 0.2017691 0.04836237 0.2022128 0.04836058 0.2019903 0.048361 0.2019903 0.07375591 0.132813 0.1554548 0.1330417 0.1554552 0.1330417 0.1300643 0.1111874 0.1520576 0.1135389 0.1497058 0.1118492 0.14873 0.1105598 0.1520576 0.1082082 0.1497058 0.1072326 0.1513957 0.1082082 0.1550372 0.109898 0.1560129 0.1107587 0.1528002 0.1145145 0.1513957 0.1135389 0.1497058 0.1111874 0.1520576 0.1107587 0.1519427 0.109898 0.14873 0.1082082 0.1497058 0.1104449 0.1524863 0.1072326 0.1533472 0.1082082 0.1550372 0.1145145 0.1533471 0.1145145 0.1513957 0.1113023 0.1522566 0.1118492 0.1560128 0.1135389 0.1550372 0.1111874 0.1526854 0.1109884 0.1519427 0.1118492 0.14873 0.109898 0.14873 0.1104449 0.1522566 0.1072326 0.1513957 0.1072326 0.1533472 0.1135389 0.1550372 0.1145145 0.1533471 0.1113023 0.1524863 0.109898 0.1560129 0.1118492 0.1560128 0.1109884 0.1528002 0.1097737 0.1564746 0.1119725 0.1564746 0.1118492 0.1560128 0.1135389 0.1497058 0.1138768 0.149367 0.1119725 0.1482675 0.1082082 0.1497058 0.1078695 0.149367 0.10677 0.1512715 0.1082082 0.1550372 0.1078695 0.155375 0.1097737 0.1564746 0.1145145 0.1513957 0.1149762 0.1512715 0.1138768 0.149367 0.1097737 0.1482675 0.1078695 0.149367 0.1082082 0.1497058 0.10677 0.1534705 0.1078695 0.155375 0.1082082 0.1550372 0.1149762 0.1534705 0.1149762 0.1512715 0.1145145 0.1513957 0.1119725 0.1564746 0.1138768 0.155375 0.1135389 0.1550372 0.1119725 0.1482675 0.1097737 0.1482675 0.109898 0.14873 0.10677 0.1512715 0.10677 0.1534705 0.1072326 0.1533472 0.1138768 0.155375 0.1149762 0.1534705 0.1145145 0.1533471 0.1853576 0.1628376 0.1857801 0.1628379 0.18579 0.1606684 0.18579 0.1666179 0.1857801 0.1650155 0.1853576 0.1649657 0.1160616 0.170012 0.1156389 0.1700122 0.1156303 0.1721794 0.1151095 0.1501331 0.1155309 0.1500974 0.1155526 0.1482685 0.09340399 0.1526236 0.09342378 0.1508404 0.09300172 0.1509199 0.1156389 0.1678324 0.1156389 0.1700122 0.1160616 0.170012 0.1155309 0.1523369 0.1155309 0.1500974 0.1151095 0.1501331 0.09340399 0.1548542 0.09340399 0.1526236 0.09298241 0.1526626 0.1156303 0.1662237 0.1156389 0.1678324 0.1160616 0.1678817 0.1857801 0.1650155 0.1857801 0.1628379 0.1853576 0.1628376 0.1151306 0.1543248 0.1155526 0.1543868 0.1155309 0.1523369 0.09300172 0.1568754 0.09342378 0.1569345 0.09340399 0.1548542 0.09362483 0.156934 0.09360504 0.1548538 0.09340399 0.1548542 0.1859812 0.1628383 0.1859911 0.1606688 0.18579 0.1606684 0.1859911 0.1666183 0.1859812 0.1650159 0.1857801 0.1650155 0.1154379 0.1700119 0.1154292 0.172179 0.1156303 0.1721794 0.115732 0.150097 0.1157537 0.1482682 0.1155526 0.1482685 0.09360504 0.1526231 0.09362483 0.1508399 0.09342378 0.1508404 0.1154379 0.167832 0.1154379 0.1700119 0.1156389 0.1700122 0.115732 0.1523365 0.115732 0.150097 0.1155309 0.1500974 0.09360504 0.1548538 0.09360504 0.1526231 0.09340399 0.1526236 0.1154292 0.1662234 0.1154379 0.167832 0.1156389 0.1678324 0.1859812 0.1650159 0.1859812 0.1628383 0.1857801 0.1628379 0.1157537 0.1543864 0.115732 0.1523365 0.1155309 0.1523369 0.971457 0.8969873 0.9595151 0.903882 0.9367622 0.8811291 0.8435192 0.9349629 0.8596915 0.9615153 0.851622 0.9661741 0.8677055 0.8691872 0.8746002 0.8811291 0.8518473 0.903882 0.9056813 0.9813843 0.928892 0.975165 0.9319599 0.9804789 0.9678432 0.9349629 0.9595151 0.903882 0.971457 0.8969873 0.9056812 0.872801 0.8746002 0.8811291 0.8677055 0.8691872 0.8824706 0.975165 0.9056813 0.9813843 0.9056813 0.9875203 0.9597405 0.9661741 0.9516711 0.9615152 0.9678432 0.9349629 0.9436568 0.8691872 0.9367622 0.8811291 0.9056812 0.872801 0.851622 0.9661741 0.8596915 0.9615153 0.8824706 0.975165 0.8399054 0.8969873 0.8518473 0.903882 0.8435192 0.9349629 0.928892 0.975165 0.9516711 0.9615152 0.9597405 0.9661741 0.9194043 0.958732 0.9294503 0.948686 0.9516711 0.9615152 0.9335043 0.9188993 0.9217449 0.9071398 0.9367622 0.8811291 0.8735539 0.9349629 0.8819122 0.948686 0.8596915 0.9615153 0.8746002 0.8811291 0.8896175 0.9071398 0.8778581 0.9188993 0.9056812 0.9624091 0.9194043 0.958732 0.928892 0.975165 0.9378085 0.9349629 0.9335043 0.9188993 0.9595151 0.903882 0.9056812 0.9028357 0.8896175 0.9071398 0.8746002 0.8811291 0.8919582 0.958732 0.9056812 0.9624091 0.9056813 0.9813843 0.9294503 0.948686 0.9378085 0.9349629 0.9678432 0.9349629 0.9367622 0.8811291 0.9217449 0.9071398 0.9056812 0.9028357 0.8596915 0.9615153 0.8819122 0.948686 0.8919582 0.958732 0.8518473 0.903882 0.8778581 0.9188993 0.8735539 0.9349629 0.1787261 0.09273344 0.1787261 0.0899586 0.1796145 0.08996605 0.08277302 0.1309524 0.08151656 0.1309614 0.08151656 0.1300729 0.1036301 0.168391 0.1036301 0.1722878 0.1035922 0.1722878 0.1732464 0.06823945 0.1748713 0.06822776 0.1748713 0.06911617 0.1487658 0.1671018 0.1487658 0.1709986 0.147008 0.1709986 0.1036301 0.168391 0.1053878 0.168391 0.1053878 0.1722878 0.1732113 0.06823968 0.1721234 0.0691359 0.1703231 0.05454438 0.08151656 0.1300729 0.08151656 0.1309614 0.08148944 0.1309617 0.1732464 0.06912785 0.1721234 0.0691359 0.1732113 0.06823968 0.1487658 0.1671018 0.1499804 0.1671018 0.1499804 0.1709986 0.10677 0.1301702 0.1057761 0.1311078 0.1041413 0.1310588 0.09819042 0.7122466 0.07252806 0.9956312 0.004644751 0.9934131 0.1925636 0.08642029 0.1925636 0.07265526 0.1953241 0.07237666 0.08148944 0.1309617 0.08020019 0.1446887 0.07925611 0.1446955 0.1625581 0.1596364 0.1586617 0.1596364 0.1586617 0.1583155 0.1586617 0.1596364 0.1625581 0.1596364 0.1625581 0.1647253 0.08020019 0.1446887 0.08020019 0.1508319 0.07925611 0.1508387 0.1715441 0.05453562 0.1703231 0.05454438 0.1703231 0.04840195 0.0974909 0.168326 0.0974909 0.1621828 0.1002653 0.1621595 0.08020019 0.1446887 0.0838375 0.1446624 0.0838375 0.1508056 0.1586617 0.1698141 0.1586617 0.1647253 0.1625581 0.1647253 0.1715441 0.04839318 0.1762479 0.04835939 0.1762479 0.05450183 0.1625685 0.08909851 0.1628445 0.08909654 0.1628445 0.09266734 0.1065328 0.1363079 0.1029849 0.1362015 0.1040034 0.1346268 0.1032221 0.1300638 0.1041413 0.1310588 0.1040034 0.1346268 0.10677 0.1301702 0.1065328 0.1363079 0.1056382 0.1346758 0.1231971 0.8325468 0.1231971 0.825327 0.12632 0.8252984 0.1737422 0.07148492 0.1737422 0.06968933 0.1740409 0.06968933 0.1064819 0.1607617 0.1062683 0.1607633 0.1062683 0.157192 0.1746383 0.07148492 0.1743395 0.07148492 0.1743395 0.06968933 0.1682692 0.1724086 0.1682692 0.1688586 0.1691574 0.1688663 0.1713278 0.1126321 0.1729528 0.1126204 0.1729527 0.1135088 0.1978456 0.1712188 0.1978456 0.167322 0.1978835 0.167322 0.08615845 0.1309586 0.08490198 0.1309677 0.08490198 0.1300792 0.1771551 0.1683464 0.1771551 0.1644496 0.1789128 0.1644496 0.1978456 0.1712188 0.196088 0.1712188 0.196088 0.167322 0.08618551 0.1309584 0.08702677 0.1300638 0.0884189 0.1446601 0.1729527 0.1135088 0.1729528 0.1126204 0.1729878 0.1126202 0.08615845 0.1300701 0.08702677 0.1300638 0.08618551 0.1309584 0.1771551 0.1683464 0.1759405 0.1683464 0.1759405 0.1644496 0.1891648 0.137392 0.1883544 0.1383141 0.1870781 0.1382408 0.0248692 0.7117264 0.09819042 0.7122466 0.07252806 0.9956312 0.1160616 0.162196 0.1160616 0.1484916 0.1196041 0.1482682 0.1729878 0.1126202 0.1746551 0.09889215 0.1758761 0.09888333 0.1731651 0.160505 0.1770614 0.160505 0.1770614 0.1618259 0.1770614 0.160505 0.1731651 0.160505 0.1731651 0.1554162 0.1746551 0.09889215 0.1746551 0.09274971 0.1758761 0.09274095 0.08747476 0.1446669 0.0884189 0.1446601 0.0884189 0.1508032 0.1891648 0.1573169 0.1891648 0.1511746 0.1927142 0.1511439 0.1746551 0.09889215 0.1699513 0.09892594 0.1699513 0.09278351 0.1668311 0.09257763 0.1668311 0.08748883 0.1707274 0.08748883 0.08747476 0.1508101 0.0838375 0.1508364 0.0838375 0.1446932 0.1869192 0.08914279 0.1871327 0.08914124 0.1871327 0.09271246 0.1887611 0.1435218 0.1859911 0.1433628 0.1868434 0.1418043 0.1863948 0.1372329 0.1870781 0.1382408 0.1868434 0.1418043 0.1891648 0.137392 0.1887611 0.1435218 0.1881198 0.1418776 0.1110939 0.8336138 0.1110939 0.8250579 0.1141566 0.8250321 0.175833 0.07148492 0.1755343 0.07148492 0.1755343 0.06968933 0.1869192 0.09271204 0.1866431 0.09271401 0.1866431 0.08914321 0.1746383 0.07148492 0.1746383 0.06968933 0.174937 0.06968933 0.1711162 0.168865 0.1711162 0.1724676 0.170228 0.1724612 0.09192204 0.1309524 0.09067052 0.1309629 0.09067052 0.1300744 0.1605562 0.09237468 0.1605183 0.09237468 0.1605183 0.08847784 0.1787566 0.1126244 0.1803578 0.1126105 0.1803578 0.1134989 0.1998659 0.08649271 0.1998659 0.09038954 0.1981081 0.09038954 0.1605562 0.08847784 0.1623139 0.08847784 0.1623139 0.09237468 0.1787221 0.1126247 0.1776501 0.1135224 0.1758761 0.09893375 0.09067052 0.1300744 0.09067052 0.1309629 0.09064358 0.1309631 0.1787566 0.1135128 0.1776501 0.1135224 0.1787221 0.1126247 0.1998659 0.08649271 0.2010805 0.08649271 0.2010805 0.09038954 0.1364112 0.1302261 0.1355982 0.1311474 0.1343169 0.1310726 0.0248692 0.7117264 0.09819042 0.7122466 0.07252806 0.9956312 0.192761 0.1372329 0.192761 0.1509372 0.1891648 0.1511439 0.09064358 0.1309631 0.08935934 0.1446916 0.0884189 0.1446995 0.1953241 0.07878637 0.1953241 0.07746547 0.1992205 0.07746547 0.1953241 0.07746547 0.1953241 0.07237666 0.1992205 0.07237666 0.08935934 0.1446916 0.08935934 0.1508347 0.0884189 0.1508426 0.1770792 0.09892332 0.1758761 0.09893375 0.1758761 0.09279155 0.09740215 0.1635878 0.09740215 0.1697302 0.09380012 0.1697561 0.08935934 0.1446916 0.09298241 0.1446611 0.09298241 0.1508042 0.1871245 0.08057612 0.1910209 0.08057612 0.1910209 0.08566492 0.1770792 0.09278112 0.1817142 0.09274095 0.1817142 0.09888315 0.1842509 0.1554395 0.1845229 0.1554372 0.1845229 0.1590079 0.136009 0.1363561 0.1332284 0.1361938 0.1340832 0.1346362 0.1336305 0.1300638 0.1343169 0.1310726 0.1340832 0.1346362 0.1364112 0.1302261 0.136009 0.1363561 0.1353644 0.134711 0.1110715 0.8336991 0.1110715 0.8251432 0.1141462 0.825121 0.1752356 0.07148492 0.174937 0.07148492 0.174937 0.06968933 0.192523 0.08571588 0.1923102 0.08571767 0.1923102 0.08214646 0.1743395 0.06968933 0.1743395 0.07148492 0.1740409 0.07148492 0.2000481 0.07795768 0.2005776 0.07826346 0.2011891 0.07826346 0.2011891 0.07826346 0.2017186 0.07795768 0.2020242 0.07742816 0.2020242 0.07742816 0.2020242 0.07681661 0.2005776 0.07598131 0.2020242 0.07681661 0.2017186 0.07628703 0.2005776 0.07598131 0.2017186 0.07628703 0.2011891 0.07598131 0.2005776 0.07598131 0.2005776 0.07598131 0.2000481 0.07628709 0.1997424 0.07681661 0.1997424 0.07681661 0.1997424 0.07742816 0.2005776 0.07598131 0.1997424 0.07742816 0.2000481 0.07795768 0.2005776 0.07598131 0.2000481 0.07795768 0.2011891 0.07826346 0.2020242 0.07742816 0.1188666 0.1697851 0.1185609 0.1692555 0.1180313 0.1689497 0.1180313 0.1689497 0.1174199 0.1689497 0.1168904 0.1692555 0.1168904 0.1692555 0.1165847 0.1697851 0.1174199 0.1712319 0.1165847 0.1697851 0.1165847 0.1703966 0.1174199 0.1712319 0.1165847 0.1703966 0.1168904 0.1709262 0.1174199 0.1712319 0.1174199 0.1712319 0.1180313 0.1712319 0.1185609 0.1709262 0.1185609 0.1709262 0.1188666 0.1703966 0.1174199 0.1712319 0.1188666 0.1703966 0.1188666 0.1697851 0.1174199 0.1712319 0.1188666 0.1697851 0.1180313 0.1689497 0.1168904 0.1692555 0.1007882 0.170361 0.1010939 0.1708906 0.1016234 0.1711963 0.1016234 0.1711963 0.1022348 0.1711963 0.1027644 0.1708906 0.1027644 0.1708906 0.1030701 0.170361 0.1022348 0.1689142 0.1030701 0.170361 0.1030701 0.1697495 0.1022348 0.1689142 0.1030701 0.1697495 0.1027644 0.1692199 0.1022348 0.1689142 0.1022348 0.1689142 0.1016234 0.1689142 0.1010939 0.1692199 0.1010939 0.1692199 0.1007882 0.1697495 0.1022348 0.1689142 0.1007882 0.1697495 0.1007882 0.170361 0.1022348 0.1689142 0.1007882 0.170361 0.1016234 0.1711963 0.1027644 0.1708906 0.2015829 0.08269447 0.2018886 0.08216488 0.2018886 0.08155339 0.2018886 0.08155339 0.2015829 0.08102381 0.2010535 0.08071804 0.2010535 0.08071804 0.200442 0.08071804 0.1996067 0.08216488 0.200442 0.08071804 0.1999125 0.08102381 0.1996067 0.08216488 0.1999125 0.08102381 0.1996067 0.08155339 0.1996067 0.08216488 0.1996067 0.08216488 0.1999125 0.08269447 0.200442 0.08300018 0.200442 0.08300018 0.2010535 0.08300018 0.1996067 0.08216488 0.2010535 0.08300018 0.2015829 0.08269447 0.1996067 0.08216488 0.2015829 0.08269447 0.2018886 0.08155339 0.2010535 0.08071804 0.8739206 0.7133666 0.6164615 0.7128066 0.6171939 0.6331553 0.8097755 0.9261848 0.537396 0.923472 0.5412715 0.8381469 0.5258427 0.7638578 0.2721053 0.7615325 0.2736555 0.6810126 0.3395529 0.9267414 0.09338539 0.9255787 0.09398859 0.8488005 0.1699513 0.09274095 0.1699513 0.1164268 0.1535209 0.1164268 0.5137715 0.4432596 0.5118185 0.1817404 0.7165386 0.1836937 0.6276362 0.0689485 0.5160586 0.0689485 0.5160586 0.0689485 0.5160586 0.0689485 0.4993912 0.06121724 0.4510236 0.1431992 0.6276362 0.0689485 0.5160586 0.0689485 0.5160586 0.2450751 0.6276362 0.2450751 0.5160586 0.2450751 0.5160586 0.0689485 0.4663203 0.2050713 0.4663203 0.2450751 0.4663203 0.2450751 0.5160586 0.2450751 0.5160586 0.0689485 0.4663203 0.2050713 0.5160586 0.2450751 0.4663203 0.2450751 0.4663203 0.2050713 0.4993912 0.06121724 0.4743539 0.0359745 0.4283848 0.09465539 0.5160586 0.0689485 0.4993912 0.06121724 0.4993912 0.06121724 0.4663203 0.2050713 0.4510236 0.1431992 0.4510236 0.1431992 0.5160586 0.0689485 0.4663203 0.2050713 0.4510236 0.1431992 0.4743539 0.0359745 0.4283848 0.09465539 0.4017287 0.05583518 0.4510236 0.1431992 0.4283848 0.09465539 0.4283848 0.09465539 0.4993912 0.06121724 0.4510236 0.1431992 0.4283848 0.09465539 0.4993912 0.06121724 0.4743539 0.0359745 0.4743539 0.0359745 0.4476978 0.008462309 0.4017287 0.05583518 0.4017287 0.05583518 0.4743539 0.0359745 0.4476978 0.008462309 0.4476978 0.008462309 0.4743539 0.0359745 0.4476978 0.008462309 0.4017287 0.05583518 0.4283848 0.09465539 0.4017287 0.05583518 0.4017287 0.05583518 0.6276362 0.0689485 0.6504786 0.04722654 0.6504786 0.04722654 0.6276362 0.0689485 0.6276362 0.2450751 0.6504786 0.2450751 0.6276362 0.0689485 0.6504786 0.04722654 0.6504786 0.2450751 0.6519592 0.04062229 0.6587468 0.0347315 0.6587468 0.0347315 0.6519592 0.04062229 0.6519592 0.2450751 0.6587468 0.2450751 0.6519592 0.04062229 0.6587468 0.0347315 0.6587468 0.2450751 0.6504786 0.04722654 0.6519592 0.04062229 0.6519592 0.2450751 0.6504786 0.04722654 0.6504786 0.2450751 0.6519592 0.2450751 0.6504786 0.04722654 0.6519592 0.04062229 0.6519592 0.04062229 0.6587468 0.0347315 0.7633399 0.0347315 0.7633401 0.2450751 0.6587468 0.0347315 0.7633399 0.0347315 0.7633399 0.0347315 0.6587468 0.2450751 0.7633401 0.2450751 0.7633399 0.0347315 0.7786363 0.0347315 0.7786363 0.167147 0.7939324 0.1380015 0.7786363 0.0347315 0.7939324 0.0347315 0.7939324 0.1380015 0.7786363 0.167147 0.7939324 0.1380015 0.7939324 0.1380015 0.7786363 0.0347315 0.7939324 0.0347315 0.7939324 0.0347315 0.7633399 0.0347315 0.7786363 0.0347315 0.7786363 0.0347315 0.7633401 0.2450751 0.7786363 0.167147 0.7786363 0.167147 0.7633399 0.0347315 0.7786363 0.0347315 0.7786363 0.167147 0.7633399 0.0347315 0.7633401 0.2450751 0.7786363 0.167147 0.7939324 0.0347315 0.8051291 0.0298509 0.8401542 0.08776044 0.7939324 0.1380015 0.8401542 0.08776044 0.8401542 0.08776044 0.7939324 0.0347315 0.8051291 0.0298509 0.8051291 0.0298509 0.7939324 0.0347315 0.7939324 0.1380015 0.8401542 0.08776044 0.8051291 0.0298509 0.8248904 0.009132504 0.8725955 0.05675464 0.8401542 0.08776044 0.8725955 0.05675464 0.8725955 0.05675464 0.8051291 0.0298509 0.8248904 0.009132504 0.8248904 0.009132504 0.8051291 0.0298509 0.8401542 0.08776044 0.8725955 0.05675464 0.5160586 0.2450751 0.6276362 0.2450751 0.6276362 0.2450751 0.5160588 0.4212017 0.5160588 0.4212017 0.6276362 0.4212017 0.4510236 0.346951 0.4993912 0.428933 0.5160588 0.4212017 0.5160586 0.2450751 0.5160588 0.4212017 0.6276362 0.4212017 0.5160588 0.4212017 0.5160586 0.2450751 0.6276362 0.2450751 0.4663203 0.2450751 0.4663203 0.2450751 0.4663203 0.2850789 0.5160586 0.2450751 0.4663203 0.2450751 0.4663203 0.2450751 0.5160586 0.2450751 0.4663203 0.2450751 0.4663203 0.2850789 0.4663203 0.2850789 0.4663203 0.2450751 0.5160586 0.2450751 0.4283848 0.3954949 0.4743539 0.4541757 0.4993912 0.428933 0.4993912 0.428933 0.4993912 0.428933 0.5160588 0.4212017 0.4510236 0.346951 0.4510236 0.346951 0.4663203 0.2850789 0.5160588 0.4212017 0.4993912 0.428933 0.4510236 0.346951 0.4743539 0.4541757 0.4476978 0.4816879 0.4017288 0.4343149 0.4283848 0.3954949 0.4283848 0.3954949 0.4510236 0.346951 0.4993912 0.428933 0.4743539 0.4541757 0.4283848 0.3954949 0.4743539 0.4541757 0.4743539 0.4541757 0.4993912 0.428933 0.4017288 0.4343149 0.4017288 0.4343149 0.4476978 0.4816879 0.4476978 0.4816879 0.4476978 0.4816879 0.4743539 0.4541757 0.4017288 0.4343149 0.4476978 0.4816879 0.4743539 0.4541757 0.4017288 0.4343149 0.4017288 0.4343149 0.4283848 0.3954949 0.6276362 0.2450751 0.6504786 0.2450751 0.6504786 0.2450751 0.6504786 0.4429236 0.6504786 0.4429236 0.6276362 0.4212017 0.6276362 0.4212017 0.6504786 0.4429236 0.6504786 0.2450751 0.6504786 0.2450751 0.6504786 0.4429236 0.6276362 0.4212017 0.6587468 0.4554187 0.6587468 0.4554187 0.6519592 0.4495278 0.6519592 0.4495278 0.6587468 0.4554187 0.6587468 0.2450751 0.6587468 0.2450751 0.6587468 0.4554187 0.6519592 0.4495278 0.6519592 0.2450751 0.6587468 0.2450751 0.6587468 0.2450751 0.6504786 0.2450751 0.6519592 0.2450751 0.6519592 0.2450751 0.6519592 0.2450751 0.6519592 0.4495278 0.6504786 0.4429236 0.6504786 0.4429236 0.6519592 0.4495278 0.6519592 0.2450751 0.6519592 0.4495278 0.6519592 0.4495278 0.6504786 0.4429236 0.7633401 0.2450751 0.7633401 0.4554187 0.6587468 0.4554187 0.6587468 0.2450751 0.7633401 0.2450751 0.7633401 0.2450751 0.7633401 0.4554187 0.7633401 0.4554187 0.6587468 0.4554187 0.7633401 0.4554187 0.7633401 0.2450751 0.6587468 0.2450751 0.7786363 0.4554187 0.7939324 0.4554187 0.7939324 0.3521486 0.7939324 0.3521486 0.7939324 0.4554187 0.7786363 0.4554187 0.7939324 0.3521486 0.7939324 0.3521486 0.7786363 0.3230032 0.7939324 0.4554187 0.7939324 0.4554187 0.7786363 0.4554187 0.7786363 0.4554187 0.7786363 0.4554187 0.7633401 0.4554187 0.7786363 0.3230032 0.7786363 0.3230032 0.7633401 0.2450751 0.7786363 0.3230032 0.7786363 0.4554187 0.7633401 0.4554187 0.7633401 0.4554187 0.7786363 0.4554187 0.7786363 0.3230032 0.8401542 0.4023897 0.8051291 0.4602993 0.7939324 0.4554187 0.8401542 0.4023897 0.8401542 0.4023897 0.7939324 0.3521486 0.8051291 0.4602993 0.8051291 0.4602993 0.7939324 0.4554187 0.7939324 0.4554187 0.8051291 0.4602993 0.8401542 0.4023897 0.8725955 0.4333955 0.8248904 0.4810176 0.8051291 0.4602993 0.8725955 0.4333955 0.8725955 0.4333955 0.8401542 0.4023897 0.8248904 0.4810176 0.8248904 0.4810176 0.8051291 0.4602993 0.8051291 0.4602993 0.8248904 0.4810176 0.8725955 0.4333955 0.2316456 0.4288272 0.2316456 0.4288272 0.220268 0.4288272 0.1487632 0.3231897 0.1345892 0.3326605 0.1178698 0.3359862 0.1178698 0.3359862 0.1011504 0.3326605 0.0869764 0.3231897 0.0869764 0.3231897 0.07750564 0.3090157 0.07417988 0.2922963 0.07417988 0.2922963 0.07750558 0.2755769 0.0869764 0.3231897 0.07750558 0.2755769 0.0869764 0.2614029 0.0869764 0.3231897 0.0869764 0.2614029 0.1011504 0.251932 0.1178698 0.2486064 0.1178698 0.2486064 0.1345892 0.2519321 0.1487632 0.2614029 0.1487632 0.2614029 0.158234 0.2755769 0.1487632 0.3231897 0.158234 0.2755769 0.1615597 0.2922963 0.1487632 0.3231897 0.1615597 0.2922963 0.158234 0.3090157 0.1487632 0.3231897 0.1487632 0.3231897 0.1178698 0.3359862 0.0869764 0.3231897 0.0869764 0.2614029 0.1178698 0.2486064 0.1487632 0.3231897 0.1178698 0.2486064 0.1487632 0.2614029 0.1487632 0.3231897 0.140625 0.4288272 0.140625 0.4288272 0.1292474 0.4288272 0.220268 0.4288272 0.220268 0.4288272 0.2088904 0.4288272 0.1292474 0.4288272 0.1292474 0.4288272 0.1178698 0.4288272 0.2088904 0.4288272 0.2088904 0.4288272 0.1975129 0.4288272 0.1178698 0.4288272 0.1178698 0.4288272 0.1064922 0.4288272 0.1975129 0.4288272 0.1975129 0.4288272 0.1861353 0.4288272 0.1064922 0.4288272 0.1064922 0.4288272 0.09511464 0.4288272 0.1861353 0.4288272 0.1861353 0.4288272 0.1747577 0.4288272 0.09511464 0.4288272 0.09511464 0.4288272 0.08373707 0.4288272 0.1747577 0.4288272 0.1747577 0.4288272 0.1633802 0.4288272 0.2544007 0.4288272 0.2544007 0.4288272 0.2430232 0.4288272 0.0723595 0.4288272 0.08373707 0.4288272 0.08373707 0.4288272 0.1633802 0.4288272 0.1633802 0.4288272 0.1520025 0.4288272 0.2430232 0.4288272 0.2430232 0.4288272 0.2316456 0.4288272 0.1520025 0.4288272 0.1520025 0.4288272 0.140625 0.4288272 0.1178698 0.3359862 0.1345892 0.3326605 0.1487632 0.3231897 0.1487632 0.3231897 0.158234 0.3090157 0.1178698 0.3359862 0.158234 0.3090157 0.1615597 0.2922963 0.1178698 0.3359862 0.1615597 0.2922963 0.158234 0.2755769 0.1487632 0.2614029 0.1487632 0.2614029 0.1345892 0.2519321 0.1178698 0.2486064 0.1178698 0.2486064 0.1011504 0.251932 0.0869764 0.2614029 0.0869764 0.2614029 0.07750558 0.2755769 0.07417988 0.2922963 0.07417988 0.2922963 0.07750564 0.3090157 0.1178698 0.3359862 0.07750564 0.3090157 0.0869764 0.3231897 0.1178698 0.3359862 0.0869764 0.3231897 0.1011504 0.3326605 0.1178698 0.3359862 0.1615597 0.2922963 0.1487632 0.2614029 0.1178698 0.2486064 0.1178698 0.2486064 0.0869764 0.2614029 0.07417988 0.2922963 0.1178698 0.3359862 0.1615597 0.2922963 0.07417988 0.2922963 0.07750564 0.3090157 0.07417988 0.2922963 0.07417988 0.2922963 0.07750564 0.3090157 0.07750564 0.3090157 0.0869764 0.3231897 0.1487632 0.2614029 0.1487632 0.2614029 0.1345892 0.2519321 0.0869764 0.3231897 0.0869764 0.3231897 0.1011504 0.3326605 0.1345892 0.2519321 0.1345892 0.2519321 0.1178698 0.2486064 0.1178698 0.3359862 0.1178698 0.3359862 0.1345892 0.3326605 0.1011504 0.3326605 0.1011504 0.3326605 0.1178698 0.3359862 0.1178698 0.2486064 0.1178698 0.2486064 0.1011504 0.251932 0.1345892 0.3326605 0.1345892 0.3326605 0.1487632 0.3231897 0.1011504 0.251932 0.1011504 0.251932 0.0869764 0.2614029 0.1487632 0.3231897 0.1487632 0.3231897 0.158234 0.3090157 0.0869764 0.2614029 0.0869764 0.2614029 0.07750558 0.2755769 0.158234 0.3090157 0.158234 0.3090157 0.1615597 0.2922963 0.07750558 0.2755769 0.07750558 0.2755769 0.07417988 0.2922963 0.1615597 0.2922963 0.1615597 0.2922963 0.158234 0.2755769 0.07417988 0.2922963 0.07417988 0.2922963 0.07750564 0.3090157 0.158234 0.2755769 0.158234 0.2755769 0.1487632 0.2614029 0.1487632 0.3231897 0.1487632 0.3231897 0.158234 0.3090157 0.158234 0.2755769 0.158234 0.2755769 0.1487632 0.2614029 0.0869764 0.3231897 0.07750564 0.3090157 0.07750564 0.3090157 0.1487632 0.2614029 0.1487632 0.2614029 0.1345892 0.2519321 0.1011504 0.3326605 0.0869764 0.3231897 0.0869764 0.3231897 0.1345892 0.2519321 0.1345892 0.2519321 0.1178698 0.2486064 0.1178698 0.3359862 0.1178698 0.3359862 0.1345892 0.3326605 0.1011504 0.3326605 0.1011504 0.3326605 0.1178698 0.3359862 0.1011504 0.251932 0.1178698 0.2486064 0.1178698 0.2486064 0.1345892 0.3326605 0.1345892 0.3326605 0.1487632 0.3231897 0.0869764 0.2614029 0.1011504 0.251932 0.1011504 0.251932 0.1487632 0.3231897 0.1487632 0.3231897 0.158234 0.3090157 0.07750558 0.2755769 0.0869764 0.2614029 0.0869764 0.2614029 0.158234 0.3090157 0.158234 0.3090157 0.1615597 0.2922963 0.07417988 0.2922963 0.07750558 0.2755769 0.07750558 0.2755769 0.1615597 0.2922963 0.1615597 0.2922963 0.158234 0.2755769 0.1487632 0.3231897 0.1345892 0.3326605 0.1178698 0.3359862 0.1178698 0.3359862 0.1011504 0.3326605 0.0869764 0.3231897 0.0869764 0.3231897 0.07750564 0.3090157 0.0869764 0.2614029 0.07750564 0.3090157 0.07417988 0.2922963 0.0869764 0.2614029 0.07417988 0.2922963 0.07750558 0.2755769 0.0869764 0.2614029 0.0869764 0.2614029 0.1011504 0.251932 0.1178698 0.2486064 0.1178698 0.2486064 0.1345892 0.2519321 0.0869764 0.2614029 0.1345892 0.2519321 0.1487632 0.2614029 0.0869764 0.2614029 0.1487632 0.2614029 0.158234 0.2755769 0.1615597 0.2922963 0.1615597 0.2922963 0.158234 0.3090157 0.1487632 0.3231897 0.1487632 0.3231897 0.1178698 0.3359862 0.0869764 0.2614029 0.1178698 0.3359862 0.0869764 0.3231897 0.0869764 0.2614029 0.1487632 0.2614029 0.1615597 0.2922963 0.0869764 0.2614029 0.0869764 0.2614029 0.0869764 0.2614029 0.07750558 0.2755769 0.158234 0.3090157 0.158234 0.3090157 0.1615597 0.2922963 0.07750558 0.2755769 0.07750558 0.2755769 0.07417988 0.2922963 0.1615597 0.2922963 0.1615597 0.2922963 0.158234 0.2755769 0.07417988 0.2922963 0.07417988 0.2922963 0.07750564 0.3090157 0.158234 0.2755769 0.158234 0.2755769 0.1487632 0.2614029 0.07750564 0.3090157 0.07750564 0.3090157 0.0869764 0.3231897 0.1487632 0.2614029 0.1487632 0.2614029 0.1345892 0.2519321 0.0869764 0.3231897 0.0869764 0.3231897 0.1011504 0.3326605 0.1345892 0.2519321 0.1345892 0.2519321 0.1178698 0.2486064 0.1178698 0.3359862 0.1178698 0.3359862 0.1345892 0.3326605 0.1011504 0.3326605 0.1011504 0.3326605 0.1178698 0.3359862 0.1178698 0.2486064 0.1178698 0.2486064 0.1011504 0.251932 0.1345892 0.3326605 0.1345892 0.3326605 0.1487632 0.3231897 0.1011504 0.251932 0.1011504 0.251932 0.0869764 0.2614029 0.1564826 0.8205558 0.1564826 0.823908 0.1553652 0.823908 0.1553652 0.823908 0.1542478 0.823908 0.1542478 0.8205558 0.1542478 0.823908 0.1531304 0.823908 0.1531304 0.8205558 0.1531304 0.823908 0.152013 0.823908 0.152013 0.8205558 0.1528478 0.8180751 0.1528478 0.8196842 0.1500608 0.8180751 0.1528478 0.8196842 0.1514543 0.8204887 0.1500608 0.8180751 0.1514543 0.8204887 0.1500608 0.8196842 0.1500608 0.8180751 0.152013 0.823908 0.1508956 0.823908 0.1508956 0.8205558 0.1508956 0.823908 0.1497782 0.823908 0.1497782 0.8205558 0.153413 0.8196842 0.1548065 0.8204887 0.1562 0.8196842 0.1562 0.8196842 0.1562 0.8180751 0.1548065 0.8172706 0.1548065 0.8172706 0.153413 0.8180751 0.1562 0.8196842 0.0723595 0.4288272 0.2430232 0.4288272 0.2316456 0.4288272 0.2316456 0.4288272 0.220268 0.4288272 0.0723595 0.4288272 0.220268 0.4288272 0.2088904 0.4288272 0.0723595 0.4288272 0.2088904 0.4288272 0.1975129 0.4288272 0.1861353 0.4288272 0.1861353 0.4288272 0.1747577 0.4288272 0.1633802 0.4288272 0.1633802 0.4288272 0.1520025 0.4288272 0.1178698 0.4288272 0.1520025 0.4288272 0.140625 0.4288272 0.1178698 0.4288272 0.140625 0.4288272 0.1292474 0.4288272 0.1178698 0.4288272 0.1178698 0.4288272 0.1064922 0.4288272 0.09511464 0.4288272 0.09511464 0.4288272 0.08373707 0.4288272 0.0723595 0.4288272 0.2088904 0.4288272 0.1861353 0.4288272 0.0723595 0.4288272 0.1861353 0.4288272 0.1633802 0.4288272 0.0723595 0.4288272 0.1178698 0.4288272 0.09511464 0.4288272 0.1633802 0.4288272 0.269464 0.3743709 0.01712256 0.3723626 0.01804536 0.3117143 0.2716575 0.3019803 0.02435916 0.2983875 0.02535206 0.2399711 0.2814813 0.2127379 0.01809203 0.2081747 0.01893478 0.1415569 0.2616383 0.4485676 0.02244657 0.4454672 0.02421241 0.3881731 0.1699513 0.09274095 0.1699513 0.1164268 0.1535209 0.1164268 0.4033089 0.6047231 0.2015525 0.6889502 0.006422102 0.5959089 0.05496901 0.2354272 0.05496901 0.2354272 0.05496901 0.2354272 0.05496901 0.2354272 0.05496901 0.2354272 0.05496901 0.2354272 0.05496901 0.2354272 0.05496901 0.2354272 0.05496901 0.2354272 0.05496901 0.2354272 0.05496901 0.2354272 0.05496901 0.2354272 0.05496901 0.2354272 0.05496901 0.2354272 0.05496901 0.2354272 0.05496901 0.2354272 0.05496901 0.2354272 0.05496901 0.2354272 0.05496901 0.2354272 0.05496901 0.2354272 0.05496901 0.2354272 0.05496901 0.2354272 0.05496901 0.2354272 0.05496901 0.2354272 0.05496901 0.2354272 0.05496901 0.2354272 0.05496901 0.2354272 0.05496901 0.2354272 0.05496901 0.2354272 0.05496901 0.2354272 0.05496901 0.2354272 0.05496901 0.2354272 0.05496901 0.2354272 0.05496901 0.2354272 0.05496901 0.2354272 0.05496901 0.2354272 0.05496901 0.2354272 0.05496901 0.2354272 0.05496901 0.2354272 0.2211204 0.3303709 0.2211204 0.3303709 0.2211204 0.3778427 0 0 0 1 1 1</float_array>
          <technique_common>
            <accessor source="#Cube_017-mesh-map-0-array" count="6138" stride="2">
              <param name="S" type="float"/>
              <param name="T" type="float"/>
            </accessor>
          </technique_common>
        </source>
        <vertices id="Cube_017-mesh-vertices">
          <input semantic="POSITION" source="#Cube_017-mesh-positions"/>
        </vertices>
        <triangles material="Texture_Dji_matrice-material" count="2046">
          <input semantic="VERTEX" source="#Cube_017-mesh-vertices" offset="0"/>
          <input semantic="NORMAL" source="#Cube_017-mesh-normals" offset="1"/>
          <input semantic="TEXCOORD" source="#Cube_017-mesh-map-0" offset="2" set="0"/>
          <p>3 0 0 0 1 1 2 2 2 0 1 3 12 3 4 8 4 5 2 2 6 22 5 7 24 6 8 25 7 9 1 8 10 3 0 11 31 9 12 7 10 13 35 11 14 2 2 15 5 12 16 3 0 17 2 2 18 30 13 19 4 14 20 3 0 21 31 9 22 25 7 23 35 11 24 6 15 25 34 16 26 4 14 27 7 10 28 5 12 29 30 13 30 6 15 31 4 14 32 9 17 33 38 18 34 8 4 35 22 5 36 8 4 37 38 18 38 23 19 39 9 17 40 1 8 41 10 20 42 16 21 43 12 3 44 1 8 45 10 20 46 0 1 47 8 4 48 13 22 49 9 17 50 1 8 51 13 22 52 11 23 53 15 24 54 21 25 55 19 26 56 12 3 57 17 27 58 13 22 59 11 23 60 17 27 61 15 24 62 11 23 63 14 28 64 10 20 65 19 26 66 20 29 67 18 30 68 15 24 69 18 30 70 14 28 71 14 28 72 20 29 73 16 21 74 16 21 75 21 25 76 17 27 77 23 19 78 24 6 79 22 5 80 25 7 81 30 13 82 24 6 83 26 31 84 29 32 85 28 33 86 44 34 87 26 31 88 40 35 89 22 5 90 28 33 91 24 6 92 27 36 93 25 7 94 29 32 95 31 9 96 37 37 97 33 38 98 33 38 99 28 33 100 29 32 101 28 33 102 30 13 103 24 6 104 31 9 105 29 32 106 25 7 107 36 39 108 35 11 109 34 16 110 31 9 111 34 16 112 30 13 113 37 37 114 32 40 115 33 38 116 36 39 117 30 13 118 32 40 119 38 18 120 41 41 121 40 35 122 22 5 123 39 42 124 23 19 125 22 5 126 40 35 127 26 31 128 41 41 129 23 19 130 27 36 131 48 43 132 42 44 133 44 34 134 42 44 135 27 36 136 26 31 137 45 45 138 40 35 139 41 41 140 27 36 141 45 45 142 41 41 143 47 46 144 53 47 145 49 48 146 49 48 147 44 34 148 45 45 149 43 49 150 49 48 151 45 45 152 46 50 153 43 49 154 42 44 155 52 51 156 51 52 157 50 53 158 50 53 159 47 46 160 46 50 161 52 51 162 46 50 163 48 43 164 53 47 165 48 43 166 49 48 167 65 54 168 63 55 169 57 56 170 56 57 171 55 58 172 54 59 173 57 56 174 56 57 175 54 59 176 60 60 177 57 56 178 58 61 179 60 60 180 62 62 181 68 63 182 63 55 183 60 60 184 58 61 185 64 64 186 61 65 187 63 55 188 67 66 189 64 64 190 65 54 191 68 63 192 65 54 193 66 67 194 69 68 195 66 67 196 55 58 197 71 69 198 81 70 199 79 71 200 72 72 201 71 69 202 70 73 203 75 74 204 70 73 205 73 75 206 74 76 207 75 74 208 73 75 209 84 77 210 72 72 211 76 78 212 77 79 213 74 76 214 79 71 215 78 80 216 79 71 217 80 81 218 83 82 219 80 81 220 81 70 221 82 83 222 83 82 223 81 70 224 71 69 225 84 77 226 82 83 227 87 84 228 97 85 229 95 86 230 88 87 231 87 84 232 86 88 233 91 89 234 86 88 235 89 90 236 92 91 237 89 90 238 90 92 239 94 93 240 99 94 241 100 95 242 93 96 243 90 92 244 95 86 245 94 93 246 95 86 247 96 97 248 99 94 249 96 97 250 97 85 251 100 95 252 97 85 253 98 98 254 101 99 255 98 98 256 87 84 257 111 100 258 106 101 259 105 102 260 104 103 261 103 104 262 102 105 263 107 106 264 102 105 265 105 102 266 106 101 267 107 106 268 105 102 269 104 103 270 108 107 271 110 108 272 109 109 273 106 101 274 111 100 275 110 108 276 111 100 277 112 110 278 113 111 279 110 108 280 112 110 281 116 112 282 113 111 283 114 113 284 103 104 285 116 112 286 114 113 287 119 114 288 120 115 289 118 116 290 121 117 291 124 118 292 120 115 293 123 119 294 129 120 295 125 121 296 123 119 297 118 116 298 122 122 299 124 118 300 118 116 301 120 115 302 125 121 303 119 114 304 123 119 305 127 123 306 130 124 307 131 125 308 124 118 309 129 120 310 128 126 311 122 122 312 127 123 313 123 119 314 122 122 315 128 126 316 126 127 317 134 128 318 145 129 319 136 130 320 128 126 321 130 124 322 126 127 323 127 123 324 133 131 325 129 120 326 129 120 327 132 132 328 128 126 329 137 121 330 134 128 331 136 130 332 137 121 333 140 114 334 135 119 335 133 131 336 136 130 337 132 132 338 131 125 339 134 128 340 135 119 341 138 116 342 141 117 343 139 115 344 133 131 345 141 117 346 137 121 347 133 131 348 138 116 349 139 115 350 135 119 351 138 116 352 131 125 353 142 133 354 148 128 355 144 134 356 130 124 357 143 135 358 142 133 359 136 130 360 143 135 361 132 132 362 134 128 363 142 133 364 144 134 365 147 136 366 148 128 367 146 137 368 145 129 369 148 128 370 149 130 371 145 129 372 147 136 373 143 135 374 143 135 375 146 137 376 142 133 377 154 138 378 165 139 379 153 140 380 173 141 381 160 142 382 161 143 383 163 144 384 150 145 385 151 146 386 158 147 387 169 148 388 157 149 389 155 150 390 166 151 391 154 138 392 162 152 393 161 143 394 150 145 395 164 153 396 151 146 397 152 154 398 171 155 399 158 147 400 159 156 401 156 157 402 167 158 403 155 150 404 165 139 405 152 154 406 153 140 407 172 159 408 159 156 409 160 142 410 157 149 411 168 160 412 156 157 413 176 161 414 163 144 415 164 153 416 171 155 417 182 162 418 170 163 419 180 164 420 167 158 421 168 160 422 165 139 423 176 161 424 164 153 425 172 159 426 183 165 427 171 155 428 181 166 429 168 160 430 169 148 431 178 167 432 165 139 433 166 151 434 173 141 435 184 168 436 172 159 437 163 144 438 174 169 439 162 152 440 182 162 441 169 148 442 170 163 443 179 170 444 166 151 445 167 158 446 162 152 447 185 171 448 173 141 449 186 172 450 185 171 451 174 169 452 188 173 453 175 174 454 176 161 455 195 175 456 182 162 457 183 165 458 192 176 459 179 170 460 180 164 461 189 177 462 176 161 463 177 178 464 196 179 465 183 165 466 184 168 467 193 180 468 180 164 469 181 166 470 190 181 471 177 178 472 178 167 473 197 182 474 184 168 475 185 171 476 187 183 477 174 169 478 175 174 479 194 184 480 181 166 481 182 162 482 191 185 483 178 167 484 179 170 485 203 170 486 190 181 487 191 185 488 198 186 489 197 182 490 186 172 491 200 161 492 187 183 493 188 173 494 195 175 495 206 162 496 194 184 497 192 176 498 203 170 499 191 185 500 201 178 501 188 173 502 189 177 503 208 168 504 195 175 505 196 179 506 193 180 507 204 164 508 192 176 509 190 181 510 201 178 511 189 177 512 209 171 513 196 179 514 197 182 515 199 174 516 186 172 517 187 183 518 206 162 519 193 180 520 194 184 521 215 187 522 202 167 523 203 170 524 210 188 525 209 171 526 198 186 527 212 189 528 199 174 529 200 161 530 219 190 531 206 162 532 207 191 533 216 192 534 203 170 535 204 164 536 213 193 537 200 161 538 201 178 539 220 194 540 207 191 541 208 168 542 217 195 543 204 164 544 205 166 545 214 196 546 201 178 547 202 167 548 221 197 549 208 168 550 209 171 551 211 198 552 198 186 553 199 174 554 218 199 555 205 166 556 206 162 557 226 149 558 237 200 559 225 157 560 245 153 561 232 146 562 233 154 563 235 201 564 222 140 565 223 138 566 230 143 567 241 159 568 229 142 569 227 147 570 238 148 571 226 149 572 234 139 573 233 154 574 222 140 575 236 158 576 223 138 577 224 150 578 243 202 579 230 143 580 231 145 581 228 156 582 239 203 583 227 147 584 237 200 585 224 150 586 225 157 587 244 144 588 231 145 589 232 146 590 229 142 591 240 155 592 228 156 593 248 170 594 235 201 595 236 158 596 243 202 597 254 171 598 242 204 599 252 191 600 239 203 601 240 155 602 237 200 603 248 170 604 236 158 605 244 144 606 255 205 607 243 202 608 253 168 609 240 155 610 241 159 611 250 166 612 237 200 613 238 148 614 245 153 615 256 174 616 244 144 617 235 201 618 246 178 619 234 139 620 254 171 621 241 159 622 242 204 623 251 162 624 238 148 625 239 203 626 234 139 627 257 161 628 245 153 629 258 177 630 257 161 631 246 178 632 260 185 633 247 167 634 248 170 635 267 172 636 254 171 637 255 205 638 264 175 639 251 162 640 252 191 641 261 176 642 248 170 643 249 206 644 268 183 645 255 205 646 256 174 647 265 179 648 252 191 649 253 168 650 262 180 651 249 206 652 250 166 653 269 173 654 256 174 655 257 161 656 259 181 657 246 178 658 247 167 659 266 182 660 253 168 661 254 171 662 263 184 663 250 166 664 251 162 665 275 162 666 262 180 667 263 184 668 270 207 669 269 173 670 258 177 671 272 170 672 259 181 673 260 185 674 267 172 675 278 171 676 266 182 677 264 175 678 275 162 679 263 184 680 273 206 681 260 185 682 261 176 683 280 174 684 267 172 685 268 183 686 265 179 687 276 165 688 264 175 689 262 180 690 273 206 691 261 176 692 281 161 693 268 183 694 269 173 695 271 167 696 258 177 697 259 181 698 278 171 699 265 179 700 266 182 701 287 199 702 274 166 703 275 162 704 282 193 705 281 161 706 270 207 707 284 187 708 271 167 709 272 170 710 291 188 711 278 171 712 279 169 713 288 190 714 275 162 715 276 165 716 285 192 717 272 170 718 273 206 719 292 198 720 279 169 721 280 174 722 289 194 723 276 165 724 277 168 725 286 195 726 273 206 727 274 166 728 293 189 729 280 174 730 281 161 731 283 196 732 270 207 733 271 167 734 290 197 735 277 168 736 278 171 737 298 142 738 309 155 739 297 156 740 317 158 741 304 138 742 305 150 743 307 148 744 294 157 745 295 149 746 302 154 747 313 208 748 301 146 749 299 143 750 310 209 751 298 142 752 306 200 753 305 150 754 294 157 755 308 163 756 295 149 757 296 147 758 303 140 759 314 210 760 302 154 761 300 145 762 311 141 763 299 143 764 297 156 765 308 163 766 296 147 767 316 201 768 303 140 769 304 138 770 301 146 771 312 202 772 300 145 773 320 162 774 307 148 775 308 163 776 327 211 777 314 210 778 315 139 779 324 186 780 311 141 781 312 202 782 321 191 783 308 163 784 309 155 785 316 201 786 327 211 787 315 139 788 325 174 789 312 202 790 313 208 791 322 168 792 309 155 793 310 209 794 329 170 795 316 201 796 317 158 797 307 148 798 318 206 799 306 200 800 326 161 801 313 208 802 314 210 803 323 171 804 310 209 805 311 141 806 306 200 807 329 170 808 317 158 809 330 176 810 329 170 811 318 206 812 332 184 813 319 166 814 320 162 815 339 177 816 326 161 817 327 211 818 336 172 819 323 171 820 324 186 821 333 175 822 320 162 823 321 191 824 340 181 825 327 211 826 328 167 827 337 183 828 324 186 829 325 174 830 334 179 831 321 191 832 322 168 833 341 185 834 328 167 835 329 170 836 331 180 837 318 206 838 319 166 839 338 173 840 325 174 841 326 161 842 335 182 843 322 168 844 323 171 845 347 171 846 334 179 847 335 182 848 342 212 849 341 185 850 330 176 851 344 162 852 331 180 853 332 184 854 339 177 855 350 161 856 338 173 857 336 172 858 347 171 859 335 182 860 345 213 861 332 184 862 333 175 863 352 167 864 339 177 865 340 181 866 337 183 867 348 186 868 336 172 869 334 179 870 345 213 871 333 175 872 353 170 873 340 181 874 341 185 875 343 166 876 330 176 877 331 180 878 350 161 879 337 183 880 338 173 881 359 197 882 346 168 883 347 171 884 354 192 885 353 170 886 342 212 887 356 199 888 343 166 889 344 162 890 363 193 891 350 161 892 351 207 893 360 188 894 347 171 895 348 186 896 357 190 897 344 162 898 345 213 899 364 196 900 351 207 901 352 167 902 361 198 903 348 186 904 349 174 905 358 194 906 345 213 907 346 168 908 365 187 909 352 167 910 353 170 911 355 195 912 342 212 913 343 166 914 362 189 915 349 174 916 350 161 917 370 146 918 381 202 919 369 145 920 389 163 921 376 149 922 377 147 923 379 159 924 366 156 925 367 142 926 374 150 927 385 201 928 373 138 929 371 154 930 382 144 931 370 146 932 378 155 933 377 147 934 366 156 935 380 204 936 367 142 937 368 143 938 375 157 939 386 158 940 374 150 941 372 140 942 383 210 943 371 154 944 369 145 945 380 204 946 368 143 947 376 149 948 387 200 949 375 157 950 373 138 951 384 214 952 372 140 953 380 204 954 391 168 955 379 159 956 399 206 957 386 158 958 387 200 959 396 178 960 383 210 961 384 214 962 381 202 963 392 171 964 380 204 965 400 166 966 387 200 967 388 148 968 397 167 969 384 214 970 385 201 971 382 144 972 393 169 973 381 202 974 401 162 975 388 148 976 389 163 977 379 159 978 390 191 979 378 155 980 398 170 981 385 201 982 386 158 983 395 161 984 382 144 985 383 210 986 378 155 987 401 162 988 389 163 989 402 175 990 401 162 991 390 191 992 404 182 993 391 168 994 392 171 995 411 176 996 398 170 997 399 206 998 408 177 999 395 161 1000 396 178 1001 405 172 1002 392 171 1003 393 169 1004 412 180 1005 399 206 1006 400 166 1007 409 181 1008 396 178 1009 397 167 1010 406 183 1011 393 169 1012 394 174 1013 413 184 1014 400 166 1015 401 162 1016 403 179 1017 390 191 1018 391 168 1019 410 185 1020 397 167 1021 398 170 1022 407 173 1023 394 174 1024 395 161 1025 419 161 1026 406 183 1027 407 173 1028 414 165 1029 413 184 1030 402 175 1031 416 171 1032 403 179 1033 404 182 1034 411 176 1035 422 170 1036 410 185 1037 408 177 1038 419 161 1039 407 173 1040 405 172 1041 416 171 1042 404 182 1043 424 166 1044 411 176 1045 412 180 1046 421 167 1047 408 177 1048 409 181 1049 418 174 1050 405 172 1051 406 183 1052 425 162 1053 412 180 1054 413 184 1055 403 179 1056 414 165 1057 402 175 1058 422 170 1059 409 181 1060 410 185 1061 431 189 1062 418 174 1063 419 161 1064 426 190 1065 425 162 1066 414 165 1067 428 197 1068 415 168 1069 416 171 1070 435 192 1071 422 170 1072 423 212 1073 432 193 1074 419 161 1075 420 207 1076 429 188 1077 416 171 1078 417 205 1079 436 195 1080 423 212 1081 424 166 1082 433 196 1083 420 207 1084 421 167 1085 430 198 1086 417 205 1087 418 174 1088 437 199 1089 424 166 1090 425 162 1091 427 194 1092 414 165 1093 415 168 1094 434 187 1095 421 167 1096 422 170 1097 439 128 1098 440 116 1099 438 137 1100 441 114 1101 444 115 1102 440 116 1103 445 117 1104 442 136 1105 444 115 1106 443 215 1107 438 137 1108 442 136 1109 440 116 1110 442 136 1111 438 137 1112 441 114 1113 443 215 1114 445 117 1115 447 128 1116 448 116 1117 446 137 1118 449 114 1119 452 115 1120 448 116 1121 453 117 1122 450 136 1123 452 115 1124 451 215 1125 446 137 1126 450 136 1127 448 116 1128 450 136 1129 446 137 1130 449 114 1131 451 215 1132 453 117 1133 455 114 1134 456 115 1135 454 116 1136 457 117 1137 460 136 1138 456 115 1139 461 215 1140 458 137 1141 460 136 1142 459 128 1143 454 116 1144 458 137 1145 456 115 1146 458 137 1147 454 116 1148 457 117 1149 459 128 1150 461 215 1151 463 114 1152 464 115 1153 462 116 1154 465 117 1155 468 136 1156 464 115 1157 469 215 1158 466 137 1159 468 136 1160 467 128 1161 462 116 1162 466 137 1163 468 136 1164 462 116 1165 464 115 1166 465 117 1167 467 128 1168 469 215 1169 471 117 1170 472 136 1171 470 115 1172 473 215 1173 476 137 1174 472 136 1175 477 128 1176 474 116 1177 476 137 1178 475 114 1179 470 115 1180 474 116 1181 476 137 1182 470 115 1183 472 136 1184 477 128 1185 471 117 1186 475 114 1187 479 117 1188 480 136 1189 478 115 1190 481 215 1191 484 137 1192 480 136 1193 485 128 1194 482 116 1195 484 137 1196 483 114 1197 478 115 1198 482 116 1199 484 137 1200 478 115 1201 480 136 1202 481 215 1203 483 114 1204 485 128 1205 487 215 1206 488 137 1207 486 136 1208 489 128 1209 492 116 1210 488 137 1211 493 114 1212 490 115 1213 492 116 1214 491 117 1215 486 136 1216 490 115 1217 488 137 1218 490 115 1219 486 136 1220 489 128 1221 491 117 1222 493 114 1223 495 215 1224 496 137 1225 494 136 1226 497 128 1227 500 116 1228 496 137 1229 501 114 1230 498 115 1231 500 116 1232 499 117 1233 494 136 1234 498 115 1235 496 137 1236 498 115 1237 494 136 1238 497 128 1239 499 117 1240 501 114 1241 503 216 1242 504 217 1243 502 218 1244 505 219 1245 508 220 1246 504 217 1247 509 221 1248 506 222 1249 508 220 1250 507 223 1251 502 218 1252 506 222 1253 508 220 1254 502 218 1255 504 217 1256 505 219 1257 507 223 1258 509 221 1259 511 224 1260 535 225 1261 534 226 1262 513 227 1263 536 228 1264 535 225 1265 515 229 1266 537 230 1267 536 228 1268 517 231 1269 538 232 1270 537 230 1271 519 233 1272 539 234 1273 538 232 1274 521 235 1275 540 236 1276 539 234 1277 523 237 1278 541 238 1279 540 236 1280 525 239 1281 542 240 1282 541 238 1283 542 240 1284 529 241 1285 543 242 1286 543 242 1287 531 243 1288 544 244 1289 531 243 1290 545 245 1291 544 244 1292 545 245 1293 511 224 1294 534 226 1295 512 246 1296 516 247 1297 524 248 1298 545 245 1299 557 249 1300 556 250 1301 544 244 1302 556 250 1303 555 251 1304 543 242 1305 555 251 1306 554 252 1307 542 240 1308 554 252 1309 553 253 1310 541 238 1311 553 253 1312 552 254 1313 540 236 1314 552 254 1315 551 255 1316 539 234 1317 551 255 1318 550 256 1319 538 232 1320 550 256 1321 549 257 1322 537 230 1323 549 257 1324 548 258 1325 536 228 1326 548 258 1327 547 259 1328 535 225 1329 547 259 1330 546 260 1331 534 226 1332 546 260 1333 557 249 1334 510 261 1335 546 260 1336 512 246 1337 546 260 1338 514 262 1339 512 246 1340 547 259 1341 516 247 1342 514 262 1343 516 247 1344 549 257 1345 518 263 1346 549 257 1347 520 264 1348 518 263 1349 550 256 1350 522 265 1351 520 264 1352 522 265 1353 552 254 1354 524 248 1355 524 248 1356 553 253 1357 526 266 1358 526 266 1359 554 252 1360 528 267 1361 554 252 1362 530 268 1363 528 267 1364 555 251 1365 532 269 1366 530 268 1367 556 250 1368 510 261 1369 532 269 1370 559 241 1371 583 244 1372 582 242 1373 561 243 1374 584 245 1375 583 244 1376 563 270 1377 585 226 1378 584 245 1379 565 224 1380 586 225 1381 585 226 1382 567 227 1383 587 228 1384 586 225 1385 587 228 1386 571 231 1387 588 230 1388 588 230 1389 573 233 1390 589 232 1391 589 232 1392 575 235 1393 590 234 1394 590 234 1395 577 237 1396 591 236 1397 577 237 1398 592 238 1399 591 236 1400 592 238 1401 581 271 1402 593 240 1403 593 240 1404 559 241 1405 582 242 1406 564 261 1407 572 263 1408 580 266 1409 593 240 1410 605 252 1411 604 253 1412 592 238 1413 604 253 1414 603 254 1415 591 236 1416 603 254 1417 602 255 1418 590 234 1419 602 255 1420 601 256 1421 589 232 1422 601 256 1423 600 257 1424 588 230 1425 600 257 1426 599 258 1427 587 228 1428 599 258 1429 598 259 1430 586 225 1431 598 259 1432 597 260 1433 585 226 1434 597 260 1435 596 249 1436 584 245 1437 596 249 1438 595 250 1439 583 244 1440 595 250 1441 594 251 1442 582 242 1443 594 251 1444 605 252 1445 605 252 1446 560 268 1447 558 267 1448 594 251 1449 562 269 1450 560 268 1451 595 250 1452 564 261 1453 562 269 1454 564 261 1455 597 260 1456 566 246 1457 597 260 1458 568 262 1459 566 246 1460 598 259 1461 570 247 1462 568 262 1463 570 247 1464 600 257 1465 572 263 1466 572 263 1467 601 256 1468 574 264 1469 574 264 1470 602 255 1471 576 265 1472 602 255 1473 578 248 1474 576 265 1475 603 254 1476 580 266 1477 578 248 1478 604 253 1479 558 267 1480 580 266 1481 630 236 1482 609 239 1483 631 238 1484 609 239 1485 632 240 1486 631 238 1487 632 240 1488 613 241 1489 633 242 1490 633 242 1491 615 243 1492 634 244 1493 615 243 1494 635 245 1495 634 244 1496 635 245 1497 619 224 1498 636 226 1499 619 224 1500 637 225 1501 636 226 1502 637 225 1503 623 229 1504 638 228 1505 638 228 1506 625 231 1507 639 230 1508 625 231 1509 640 232 1510 639 230 1511 640 232 1512 629 235 1513 641 234 1514 641 234 1515 607 237 1516 630 236 1517 612 267 1518 616 269 1519 620 246 1520 641 234 1521 653 255 1522 652 256 1523 640 232 1524 652 256 1525 651 257 1526 639 230 1527 651 257 1528 650 258 1529 638 228 1530 650 258 1531 649 259 1532 637 225 1533 649 259 1534 648 260 1535 636 226 1536 648 260 1537 647 249 1538 635 245 1539 647 249 1540 646 250 1541 634 244 1542 646 250 1543 645 251 1544 633 242 1545 645 251 1546 644 252 1547 632 240 1548 644 252 1549 643 253 1550 631 238 1551 643 253 1552 642 254 1553 630 236 1554 642 254 1555 653 255 1556 653 255 1557 608 248 1558 606 265 1559 642 254 1560 610 266 1561 608 248 1562 643 253 1563 612 267 1564 610 266 1565 644 252 1566 614 268 1567 612 267 1568 645 251 1569 616 269 1570 614 268 1571 616 269 1572 647 249 1573 618 261 1574 618 261 1575 648 260 1576 620 246 1577 648 260 1578 622 262 1579 620 246 1580 649 259 1581 624 247 1582 622 262 1583 650 258 1584 626 263 1585 624 247 1586 651 257 1587 628 264 1588 626 263 1589 652 256 1590 606 265 1591 628 264 1592 655 231 1593 679 232 1594 678 230 1595 657 233 1596 680 234 1597 679 232 1598 680 234 1599 661 237 1600 681 236 1601 681 236 1602 663 239 1603 682 238 1604 663 239 1605 683 240 1606 682 238 1607 665 271 1608 684 242 1609 683 240 1610 667 241 1611 685 244 1612 684 242 1613 685 244 1614 671 270 1615 686 245 1616 686 245 1617 673 224 1618 687 226 1619 687 226 1620 675 227 1621 688 225 1622 675 227 1623 689 228 1624 688 225 1625 689 228 1626 655 231 1627 678 230 1628 660 265 1629 668 268 1630 676 262 1631 689 228 1632 701 258 1633 700 259 1634 688 225 1635 700 259 1636 699 260 1637 687 226 1638 699 260 1639 698 249 1640 686 245 1641 698 249 1642 697 250 1643 685 244 1644 697 250 1645 696 251 1646 684 242 1647 696 251 1648 695 252 1649 683 240 1650 695 252 1651 694 253 1652 682 238 1653 694 253 1654 693 254 1655 681 236 1656 693 254 1657 692 255 1658 680 234 1659 692 255 1660 691 256 1661 679 232 1662 691 256 1663 690 257 1664 678 230 1665 690 257 1666 701 258 1667 654 247 1668 690 257 1669 656 263 1670 656 263 1671 691 256 1672 658 264 1673 658 264 1674 692 255 1675 660 265 1676 660 265 1677 693 254 1678 662 248 1679 662 248 1680 694 253 1681 664 266 1682 664 266 1683 695 252 1684 666 267 1685 695 252 1686 668 268 1687 666 267 1688 696 251 1689 670 269 1690 668 268 1691 697 250 1692 672 261 1693 670 269 1694 698 249 1695 674 246 1696 672 261 1697 699 260 1698 676 262 1699 674 246 1700 700 259 1701 654 247 1702 676 262 1703 718 272 1704 705 273 1705 706 274 1706 725 275 1707 712 276 1708 713 277 1709 715 278 1710 702 279 1711 703 280 1712 722 281 1713 709 282 1714 710 283 1715 719 284 1716 706 274 1717 707 285 1718 714 286 1719 713 277 1720 702 279 1721 716 287 1722 703 280 1723 704 288 1724 723 289 1725 710 283 1726 711 290 1727 720 291 1728 707 285 1729 708 292 1730 717 293 1731 704 288 1732 705 273 1733 724 294 1734 711 290 1735 712 276 1736 721 295 1737 708 292 1738 709 282 1739 723 289 1740 734 296 1741 722 281 1742 720 291 1743 731 297 1744 719 284 1745 729 298 1746 716 287 1747 717 293 1748 736 299 1749 723 289 1750 724 294 1751 721 295 1752 732 300 1753 720 291 1754 718 272 1755 729 298 1756 717 293 1757 737 301 1758 724 294 1759 725 275 1760 727 302 1761 714 286 1762 715 278 1763 722 281 1764 733 303 1765 721 295 1766 719 284 1767 730 304 1768 718 272 1769 726 305 1770 725 275 1771 714 286 1772 728 306 1773 715 278 1774 716 287 1775 740 307 1776 727 302 1777 728 306 1778 735 308 1779 746 309 1780 734 296 1781 732 300 1782 743 310 1783 731 297 1784 729 298 1785 740 307 1786 728 306 1787 736 299 1788 747 311 1789 735 308 1790 745 312 1791 732 300 1792 733 303 1793 742 313 1794 729 298 1795 730 304 1796 749 314 1797 736 299 1798 737 301 1799 739 315 1800 726 305 1801 727 302 1802 746 309 1803 733 303 1804 734 296 1805 743 310 1806 730 304 1807 731 297 1808 738 316 1809 737 301 1810 726 305 1811 738 316 1812 761 317 1813 749 314 1814 752 318 1815 739 315 1816 740 307 1817 747 311 1818 758 319 1819 746 309 1820 744 320 1821 755 321 1822 743 310 1823 753 322 1824 740 307 1825 741 323 1826 760 324 1827 747 311 1828 748 325 1829 757 326 1830 744 320 1831 745 312 1832 754 327 1833 741 323 1834 742 313 1835 761 317 1836 748 325 1837 749 314 1838 751 328 1839 738 316 1840 739 315 1841 746 309 1842 757 326 1843 745 312 1844 743 310 1845 754 327 1846 742 313 1847 767 329 1848 754 327 1849 755 321 1850 762 330 1851 761 317 1852 750 331 1853 764 332 1854 751 328 1855 752 318 1856 771 333 1857 758 319 1858 759 334 1859 768 335 1860 755 321 1861 756 336 1862 765 337 1863 752 318 1864 753 322 1865 772 338 1866 759 334 1867 760 324 1868 769 339 1869 756 336 1870 757 326 1871 766 340 1872 753 322 1873 754 327 1874 773 341 1875 760 324 1876 761 317 1877 763 342 1878 750 331 1879 751 328 1880 770 343 1881 757 326 1882 758 319 1883 767 329 1884 778 344 1885 766 340 1886 774 345 1887 773 341 1888 762 330 1889 764 332 1890 775 346 1891 763 342 1892 783 347 1893 770 343 1894 771 333 1895 780 348 1896 767 329 1897 768 335 1898 777 349 1899 764 332 1900 765 337 1901 784 350 1902 771 333 1903 772 338 1904 769 339 1905 780 348 1906 768 335 1907 766 340 1908 777 349 1909 765 337 1910 773 341 1911 784 350 1912 772 338 1913 763 342 1914 774 345 1915 762 330 1916 782 351 1917 769 339 1918 770 343 1919 794 352 1920 781 353 1921 782 351 1922 791 354 1923 778 344 1924 779 355 1925 786 356 1926 785 357 1927 774 345 1928 776 358 1929 787 359 1930 775 346 1931 795 360 1932 782 351 1933 783 347 1934 792 361 1935 779 355 1936 780 348 1937 789 362 1938 776 358 1939 777 349 1940 796 363 1941 783 347 1942 784 350 1943 793 364 1944 780 348 1945 781 353 1946 778 344 1947 789 362 1948 777 349 1949 785 357 1950 796 363 1951 784 350 1952 775 346 1953 786 356 1954 774 345 1955 787 359 1956 798 365 1957 786 356 1958 794 352 1959 798 365 1960 793 364 1961 791 354 1962 798 365 1963 790 366 1964 786 356 1965 798 365 1966 797 367 1967 788 368 1968 798 365 1969 787 359 1970 795 360 1971 798 365 1972 794 352 1973 792 361 1974 798 365 1975 791 354 1976 789 362 1977 798 365 1978 788 368 1979 796 363 1980 798 365 1981 795 360 1982 793 364 1983 798 365 1984 792 361 1985 790 366 1986 798 365 1987 789 362 1988 797 367 1989 798 365 1990 796 363 1991 800 128 1992 801 116 1993 799 137 1994 802 114 1995 805 369 1996 801 116 1997 806 370 1998 808 371 1999 810 372 2000 804 373 2001 799 137 2002 803 374 2003 805 369 2004 799 137 2005 801 116 2006 806 370 2007 800 128 2008 804 373 2009 808 371 2010 811 375 2011 812 376 2012 805 369 2013 810 372 2014 809 377 2015 803 374 2016 808 371 2017 804 373 2018 805 369 2019 807 378 2020 803 374 2021 815 215 2022 826 379 2023 817 117 2024 809 377 2025 811 375 2026 807 378 2027 808 371 2028 814 380 2029 810 372 2030 810 372 2031 813 381 2032 809 377 2033 818 370 2034 815 215 2035 817 117 2036 816 373 2037 822 114 2038 821 128 2039 814 380 2040 817 117 2041 813 381 2042 812 376 2043 815 215 2044 816 373 2045 819 137 2046 822 114 2047 820 116 2048 814 380 2049 822 114 2050 818 370 2051 812 376 2052 820 116 2053 814 380 2054 816 373 2055 819 137 2056 812 376 2057 823 382 2058 829 215 2059 825 383 2060 811 375 2061 824 384 2062 823 382 2063 817 117 2064 824 384 2065 813 381 2066 815 215 2067 823 382 2068 825 383 2069 828 115 2070 829 215 2071 827 136 2072 826 379 2073 829 215 2074 830 385 2075 826 379 2076 828 115 2077 824 384 2078 824 384 2079 827 136 2080 823 382 2081 832 117 2082 833 136 2083 831 115 2084 834 215 2085 837 374 2086 833 136 2087 838 373 2088 840 386 2089 842 387 2090 836 370 2091 831 115 2092 835 369 2093 837 374 2094 831 115 2095 833 136 2096 838 373 2097 832 117 2098 836 370 2099 840 386 2100 843 388 2101 844 389 2102 837 374 2103 842 387 2104 841 390 2105 835 369 2106 840 386 2107 836 370 2108 837 374 2109 839 391 2110 835 369 2111 847 114 2112 858 392 2113 849 128 2114 839 391 2115 845 393 2116 843 388 2117 840 386 2118 846 394 2119 842 387 2120 842 387 2121 845 393 2122 841 390 2123 850 373 2124 847 114 2125 849 128 2126 848 370 2127 854 215 2128 853 117 2129 846 394 2130 849 128 2131 845 393 2132 844 389 2133 847 114 2134 848 370 2135 851 115 2136 854 215 2137 852 136 2138 846 394 2139 854 215 2140 850 373 2141 844 389 2142 852 136 2143 846 394 2144 848 370 2145 851 115 2146 844 389 2147 855 395 2148 861 114 2149 857 396 2150 843 388 2151 856 397 2152 855 395 2153 849 128 2154 856 397 2155 845 393 2156 847 114 2157 855 395 2158 857 396 2159 860 137 2160 861 114 2161 859 398 2162 857 396 2163 862 128 2164 858 392 2165 858 392 2166 860 137 2167 856 397 2168 855 395 2169 860 137 2170 859 398 2171 864 215 2172 865 137 2173 863 136 2174 866 128 2175 869 122 2176 865 137 2177 868 121 2178 874 399 2179 870 119 2180 868 121 2181 863 136 2182 867 118 2183 869 122 2184 863 136 2185 865 137 2186 870 119 2187 864 215 2188 868 121 2189 872 400 2190 875 401 2191 876 402 2192 869 122 2193 874 399 2194 873 403 2195 867 118 2196 872 400 2197 868 121 2198 869 122 2199 871 404 2200 867 118 2201 879 117 2202 890 405 2203 881 114 2204 871 404 2205 877 406 2206 875 401 2207 872 400 2208 878 407 2209 874 399 2210 874 399 2211 877 406 2212 873 403 2213 881 114 2214 880 121 2215 879 117 2216 882 119 2217 885 215 2218 880 121 2219 878 407 2220 881 114 2221 877 406 2222 876 402 2223 879 117 2224 880 121 2225 883 136 2226 886 128 2227 884 137 2228 878 407 2229 886 128 2230 882 119 2231 878 407 2232 883 136 2233 884 137 2234 880 121 2235 883 136 2236 876 402 2237 887 408 2238 893 385 2239 889 409 2240 875 401 2241 888 410 2242 887 408 2243 881 114 2244 888 410 2245 877 406 2246 879 117 2247 887 408 2248 889 409 2249 892 116 2250 893 385 2251 891 115 2252 889 409 2253 894 114 2254 890 405 2255 890 405 2256 892 116 2257 888 410 2258 887 408 2259 892 116 2260 891 115 2261 232 146 2262 228 156 2263 224 150 2264 304 138 2265 300 145 2266 296 147 2267 376 149 2268 372 140 2269 368 143 2270 160 142 2271 156 157 2272 152 154 2273 896 216 2274 897 217 2275 895 218 2276 898 292 2277 901 220 2278 897 217 2279 902 411 2280 899 222 2281 901 220 2282 900 223 2283 895 218 2284 899 222 2285 901 220 2286 895 218 2287 897 217 2288 903 412 2289 900 223 2290 902 411 2291 908 413 2292 905 414 2293 907 415 2294 905 414 2295 913 416 2296 909 417 2297 907 415 2298 947 418 2299 949 419 2300 950 420 2301 906 421 2302 908 413 2303 910 422 2304 955 423 2305 909 417 2306 947 418 2307 909 417 2308 955 423 2309 948 424 2310 910 422 2311 906 421 2312 911 425 2313 917 426 2314 913 416 2315 906 421 2316 911 425 2317 905 414 2318 909 417 2319 914 427 2320 910 422 2321 906 421 2322 914 427 2323 912 428 2324 916 429 2325 922 430 2326 920 431 2327 913 416 2328 918 432 2329 914 427 2330 912 428 2331 918 432 2332 916 429 2333 912 428 2334 915 433 2335 911 425 2336 920 431 2337 921 434 2338 919 435 2339 916 429 2340 919 435 2341 915 433 2342 915 433 2343 921 434 2344 917 426 2345 917 426 2346 922 430 2347 918 432 2348 907 415 2349 924 436 2350 908 413 2351 907 415 2352 971 419 2353 923 437 2354 908 413 2355 972 420 2356 950 420 2357 927 438 2358 926 439 2359 928 440 2360 927 438 2361 975 419 2362 925 441 2363 928 440 2364 976 420 2365 982 420 2366 924 436 2367 982 420 2368 972 420 2369 923 437 2370 981 419 2371 927 438 2372 923 437 2373 928 440 2374 924 436 2375 926 439 2376 984 442 2377 976 420 2378 925 441 2379 930 411 2380 926 439 2381 975 419 2382 929 443 2383 925 441 2384 936 443 2385 931 444 2386 933 445 2387 937 411 2388 932 446 2389 938 447 2390 938 447 2391 931 444 2392 935 448 2393 936 443 2394 934 449 2395 937 411 2396 929 443 2397 937 411 2398 930 411 2399 984 442 2400 935 448 2401 983 450 2402 930 411 2403 938 447 2404 984 442 2405 929 443 2406 935 448 2407 936 443 2408 934 449 2409 940 451 2410 932 446 2411 932 446 2412 939 452 2413 931 444 2414 933 445 2415 942 453 2416 934 449 2417 933 445 2418 939 452 2419 941 454 2420 942 453 2421 944 455 2422 940 451 2423 940 451 2424 943 456 2425 939 452 2426 941 454 2427 946 457 2428 942 453 2429 941 454 2430 943 456 2431 945 458 2432 948 424 2433 949 419 2434 947 418 2435 951 459 2436 954 460 2437 953 461 2438 961 462 2439 951 459 2440 957 463 2441 947 418 2442 953 461 2443 949 419 2444 952 464 2445 950 420 2446 954 460 2447 955 423 2448 958 465 2449 957 463 2450 947 418 2451 956 466 2452 948 424 2453 947 418 2454 957 463 2455 951 459 2456 958 465 2457 948 424 2458 952 464 2459 965 467 2460 959 468 2461 961 462 2462 959 468 2463 952 464 2464 951 459 2465 962 469 2466 957 463 2467 958 465 2468 952 464 2469 962 469 2470 958 465 2471 964 470 2472 970 471 2473 966 472 2474 966 472 2475 961 462 2476 962 469 2477 960 473 2478 966 472 2479 962 469 2480 963 474 2481 960 473 2482 959 468 2483 969 475 2484 968 476 2485 967 477 2486 967 477 2487 964 470 2488 963 474 2489 969 475 2490 963 474 2491 965 467 2492 970 471 2493 965 467 2494 966 472 2495 950 420 2496 971 419 2497 949 419 2498 974 478 2499 953 461 2500 954 460 2501 953 461 2502 971 419 2503 949 419 2504 972 420 2505 954 460 2506 950 420 2507 978 479 2508 979 480 2509 980 481 2510 979 480 2511 975 419 2512 981 419 2513 976 420 2514 980 481 2515 982 420 2516 982 420 2517 975 419 2518 981 419 2519 972 420 2520 981 419 2521 971 419 2522 982 420 2523 974 478 2524 972 420 2525 973 482 2526 981 419 2527 971 419 2528 980 481 2529 973 482 2530 974 478 2531 984 442 2532 978 479 2533 976 420 2534 976 420 2535 983 450 2536 975 419 2537 986 412 2538 977 483 2539 978 479 2540 985 484 2541 975 419 2542 977 483 2543 992 484 2544 987 485 2545 991 486 2546 988 487 2547 993 412 2548 994 488 2549 987 485 2550 994 488 2551 991 486 2552 990 489 2553 992 484 2554 993 412 2555 993 412 2556 985 484 2557 986 412 2558 991 486 2559 984 442 2560 983 450 2561 994 488 2562 986 412 2563 984 442 2564 985 484 2565 991 486 2566 983 450 2567 996 490 2568 990 489 2569 988 487 2570 995 491 2571 988 487 2572 987 485 2573 998 492 2574 989 493 2575 990 489 2576 989 493 2577 995 491 2578 987 485 2579 1000 494 2580 998 492 2581 996 490 2582 999 495 2583 996 490 2584 995 491 2585 1002 496 2586 997 497 2587 998 492 2588 997 497 2589 999 495 2590 995 491 2591 1005 498 2592 1022 499 2593 1006 500 2594 1021 501 2595 1033 502 2596 1029 503 2597 1013 504 2598 1030 505 2599 1014 506 2600 1006 500 2601 1023 507 2602 1007 508 2603 1014 506 2604 1031 509 2605 1015 510 2606 1007 508 2607 1024 511 2608 1008 512 2609 1015 510 2610 1032 513 2611 1016 514 2612 1008 512 2613 1025 515 2614 1009 516 2615 1016 514 2616 1033 502 2617 1017 517 2618 1009 516 2619 1026 518 2620 1010 519 2621 1017 517 2622 1034 520 2623 1018 521 2624 1010 519 2625 1027 522 2626 1011 523 2627 1003 524 2628 1020 525 2629 1004 526 2630 1003 524 2631 1034 520 2632 1019 527 2633 1011 523 2634 1028 528 2635 1012 529 2636 1004 526 2637 1021 501 2638 1005 498 2639 1012 529 2640 1029 503 2641 1013 504 2642 1039 530 2643 1043 531 2644 1047 532 2645 1064 533 2646 1079 534 2647 1080 535 2648 1048 536 2649 1065 537 2650 1049 538 2651 1041 539 2652 1058 540 2653 1042 541 2654 1049 538 2655 1066 542 2656 1050 543 2657 1042 541 2658 1059 544 2659 1043 531 2660 1035 545 2661 1052 546 2662 1036 547 2663 1050 543 2664 1051 548 2665 1035 545 2666 1043 531 2667 1060 549 2668 1044 550 2669 1036 547 2670 1053 551 2671 1037 552 2672 1044 550 2673 1061 553 2674 1045 554 2675 1037 552 2676 1054 555 2677 1038 556 2678 1045 554 2679 1062 557 2680 1046 558 2681 1038 556 2682 1055 559 2683 1039 530 2684 1046 558 2685 1063 560 2686 1047 532 2687 1039 530 2688 1056 561 2689 1040 562 2690 1047 532 2691 1064 533 2692 1048 536 2693 1040 562 2694 1057 563 2695 1041 539 2696 1069 564 2697 1086 565 2698 1070 566 2699 1056 561 2700 1073 567 2701 1057 563 2702 1065 537 2703 1080 535 2704 1081 568 2705 1057 563 2706 1074 569 2707 1058 540 2708 1066 542 2709 1081 568 2710 1082 570 2711 1058 540 2712 1075 571 2713 1059 544 2714 1051 548 2715 1068 572 2716 1052 546 2717 1066 542 2718 1067 573 2719 1051 548 2720 1060 549 2721 1075 571 2722 1076 574 2723 1052 546 2724 1069 564 2725 1053 551 2726 1061 553 2727 1076 574 2728 1077 575 2729 1053 551 2730 1070 566 2731 1054 555 2732 1062 557 2733 1077 575 2734 1078 576 2735 1054 555 2736 1071 577 2737 1055 559 2738 1063 560 2739 1078 576 2740 1079 534 2741 1055 559 2742 1072 578 2743 1056 561 2744 1087 579 2745 1085 580 2746 1093 581 2747 1077 575 2748 1094 582 2749 1078 576 2750 1070 566 2751 1087 579 2752 1071 577 2753 1078 576 2754 1095 583 2755 1079 534 2756 1071 577 2757 1088 584 2758 1072 578 2759 1079 534 2760 1096 585 2761 1080 535 2762 1072 578 2763 1089 586 2764 1073 567 2765 1080 535 2766 1097 587 2767 1081 568 2768 1073 567 2769 1090 588 2770 1074 569 2771 1081 568 2772 1098 589 2773 1082 570 2774 1074 569 2775 1091 590 2776 1075 571 2777 1067 573 2778 1084 591 2779 1068 572 2780 1082 570 2781 1083 592 2782 1067 573 2783 1075 571 2784 1092 593 2785 1076 574 2786 1068 572 2787 1085 580 2788 1069 564 2789 1076 574 2790 1093 581 2791 1077 575 2792 1099 594 2793 1102 595 2794 1101 596 2795 1102 595 2796 1103 597 2797 1101 596 2798 1104 598 2799 1105 599 2800 1103 597 2801 1106 600 2802 1107 601 2803 1105 599 2804 1108 602 2805 1106 600 2806 1104 598 2807 1108 602 2808 1109 603 2809 1107 601 2810 1110 604 2811 1099 594 2812 1109 603 2813 1107 601 2814 1109 603 2815 1101 596 2816 1017 517 2817 1003 524 2818 1011 523 2819 1116 216 2820 1115 217 2821 1117 218 2822 1118 221 2823 1113 222 2824 1111 220 2825 1114 219 2826 1111 220 2827 1115 217 2828 1112 223 2829 1117 218 2830 1113 222 2831 1111 220 2832 1117 218 2833 1115 217 2834 1114 219 2835 1112 223 2836 1118 221 2837 1127 365 2838 1131 365 2839 1119 365 2840 1138 605 2841 1136 605 2842 1135 605 2843 1139 606 2844 1142 606 2845 1140 606 2846 3 0 2847 1 8 2848 0 1 2849 0 1 2850 10 20 2851 12 3 2852 2 2 2853 0 1 2854 22 5 2855 25 7 2856 23 19 2857 1 8 2858 31 9 2859 5 12 2860 7 10 2861 2 2 2862 4 14 2863 5 12 2864 2 2 2865 24 6 2866 30 13 2867 3 0 2868 5 12 2869 31 9 2870 35 11 2871 7 10 2872 6 15 2873 4 14 2874 6 15 2875 7 10 2876 30 13 2877 34 16 2878 6 15 2879 9 17 2880 39 42 2881 38 18 2882 22 5 2883 0 1 2884 8 4 2885 23 19 2886 39 42 2887 9 17 2888 10 20 2889 14 28 2890 16 21 2891 1 8 2892 11 23 2893 10 20 2894 8 4 2895 12 3 2896 13 22 2897 1 8 2898 9 17 2899 13 22 2900 15 24 2901 17 27 2902 21 25 2903 12 3 2904 16 21 2905 17 27 2906 11 23 2907 13 22 2908 17 27 2909 11 23 2910 15 24 2911 14 28 2912 19 26 2913 21 25 2914 20 29 2915 15 24 2916 19 26 2917 18 30 2918 14 28 2919 18 30 2920 20 29 2921 16 21 2922 20 29 2923 21 25 2924 23 19 2925 25 7 2926 24 6 2927 25 7 2928 31 9 2929 30 13 2930 26 31 2931 27 36 2932 29 32 2933 44 34 2934 42 44 2935 26 31 2936 22 5 2937 26 31 2938 28 33 2939 27 36 2940 23 19 2941 25 7 2942 31 9 2943 35 11 2944 37 37 2945 33 38 2946 32 40 2947 28 33 2948 28 33 2949 32 40 2950 30 13 2951 31 9 2952 33 38 2953 29 32 2954 36 39 2955 37 37 2956 35 11 2957 31 9 2958 35 11 2959 34 16 2960 37 37 2961 36 39 2962 32 40 2963 36 39 2964 34 16 2965 30 13 2966 38 18 2967 39 42 2968 41 41 2969 22 5 2970 38 18 2971 39 42 2972 22 5 2973 38 18 2974 40 35 2975 41 41 2976 39 42 2977 23 19 2978 48 43 2979 46 50 2980 42 44 2981 42 44 2982 43 49 2983 27 36 2984 45 45 2985 44 34 2986 40 35 2987 27 36 2988 43 49 2989 45 45 2990 47 46 2991 51 52 2992 53 47 2993 49 48 2994 48 43 2995 44 34 2996 43 49 2997 47 46 2998 49 48 2999 46 50 3000 47 46 3001 43 49 3002 52 51 3003 53 47 3004 51 52 3005 50 53 3006 51 52 3007 47 46 3008 52 51 3009 50 53 3010 46 50 3011 53 47 3012 52 51 3013 48 43 3014 57 56 3015 54 59 3016 55 58 3017 55 58 3018 66 67 3019 57 56 3020 66 67 3021 65 54 3022 57 56 3023 65 54 3024 64 64 3025 63 55 3026 63 55 3027 58 61 3028 57 56 3029 56 57 3030 69 68 3031 55 58 3032 57 56 3033 59 607 3034 56 57 3035 60 60 3036 59 607 3037 57 56 3038 68 63 3039 69 68 3040 60 60 3041 69 68 3042 56 57 3043 60 60 3044 56 57 3045 59 607 3046 60 60 3047 60 60 3048 61 65 3049 62 62 3050 62 62 3051 67 66 3052 68 63 3053 63 55 3054 61 65 3055 60 60 3056 64 64 3057 62 62 3058 61 65 3059 67 66 3060 62 62 3061 64 64 3062 68 63 3063 67 66 3064 65 54 3065 69 68 3066 68 63 3067 66 67 3068 73 75 3069 70 73 3070 71 69 3071 71 69 3072 82 83 3073 81 70 3074 81 70 3075 80 81 3076 79 71 3077 79 71 3078 74 76 3079 73 75 3080 73 75 3081 71 69 3082 79 71 3083 72 72 3084 85 608 3085 71 69 3086 75 74 3087 72 72 3088 70 73 3089 74 76 3090 76 78 3091 75 74 3092 84 77 3093 85 608 3094 72 72 3095 72 72 3096 75 74 3097 76 78 3098 76 78 3099 77 79 3100 84 77 3101 77 79 3102 78 80 3103 84 77 3104 78 80 3105 83 82 3106 84 77 3107 77 79 3108 76 78 3109 74 76 3110 78 80 3111 77 79 3112 79 71 3113 83 82 3114 78 80 3115 80 81 3116 82 83 3117 84 77 3118 83 82 3119 71 69 3120 85 608 3121 84 77 3122 89 90 3123 86 88 3124 87 84 3125 87 84 3126 98 98 3127 97 85 3128 97 85 3129 96 97 3130 95 86 3131 95 86 3132 90 92 3133 89 90 3134 89 90 3135 87 84 3136 95 86 3137 88 87 3138 101 99 3139 87 84 3140 91 89 3141 88 87 3142 86 88 3143 92 91 3144 91 89 3145 89 90 3146 100 95 3147 101 99 3148 92 91 3149 101 99 3150 88 87 3151 92 91 3152 88 87 3153 91 89 3154 92 91 3155 92 91 3156 93 96 3157 100 95 3158 93 96 3159 94 93 3160 100 95 3161 93 96 3162 92 91 3163 90 92 3164 94 93 3165 93 96 3166 95 86 3167 99 94 3168 94 93 3169 96 97 3170 100 95 3171 99 94 3172 97 85 3173 101 99 3174 100 95 3175 98 98 3176 105 102 3177 102 105 3178 113 111 3179 102 105 3180 103 104 3181 113 111 3182 103 104 3183 114 113 3184 113 111 3185 113 111 3186 112 110 3187 105 102 3188 112 110 3189 111 100 3190 105 102 3191 104 103 3192 117 609 3193 103 104 3194 107 106 3195 104 103 3196 102 105 3197 106 101 3198 108 107 3199 107 106 3200 116 112 3201 117 609 3202 104 103 3203 104 103 3204 107 106 3205 108 107 3206 108 107 3207 109 109 3208 110 108 3209 110 108 3210 115 610 3211 116 112 3212 116 112 3213 104 103 3214 110 108 3215 109 109 3216 108 107 3217 106 101 3218 110 108 3219 109 109 3220 111 100 3221 113 111 3222 115 610 3223 110 108 3224 116 112 3225 115 610 3226 113 111 3227 103 104 3228 117 609 3229 116 112 3230 119 114 3231 121 117 3232 120 115 3233 121 117 3234 125 121 3235 124 118 3236 123 119 3237 127 123 3238 129 120 3239 123 119 3240 119 114 3241 118 116 3242 124 118 3243 122 122 3244 118 116 3245 125 121 3246 121 117 3247 119 114 3248 127 123 3249 126 127 3250 130 124 3251 124 118 3252 125 121 3253 129 120 3254 122 122 3255 126 127 3256 127 123 3257 122 122 3258 124 118 3259 128 126 3260 134 128 3261 144 134 3262 145 129 3263 128 126 3264 132 132 3265 130 124 3266 127 123 3267 131 125 3268 133 131 3269 129 120 3270 133 131 3271 132 132 3272 137 121 3273 135 119 3274 134 128 3275 137 121 3276 141 117 3277 140 114 3278 133 131 3279 137 121 3280 136 130 3281 131 125 3282 130 124 3283 134 128 3284 138 116 3285 140 114 3286 141 117 3287 133 131 3288 139 115 3289 141 117 3290 133 131 3291 131 125 3292 138 116 3293 135 119 3294 140 114 3295 138 116 3296 142 133 3297 146 137 3298 148 128 3299 130 124 3300 132 132 3301 143 135 3302 136 130 3303 145 129 3304 143 135 3305 134 128 3306 130 124 3307 142 133 3308 147 136 3309 149 130 3310 148 128 3311 145 129 3312 144 134 3313 148 128 3314 145 129 3315 149 130 3316 147 136 3317 143 135 3318 147 136 3319 146 137 3320 154 138 3321 166 151 3322 165 139 3323 173 141 3324 172 159 3325 160 142 3326 163 144 3327 162 152 3328 150 145 3329 158 147 3330 170 163 3331 169 148 3332 155 150 3333 167 158 3334 166 151 3335 162 152 3336 173 141 3337 161 143 3338 164 153 3339 163 144 3340 151 146 3341 171 155 3342 170 163 3343 158 147 3344 156 157 3345 168 160 3346 167 158 3347 165 139 3348 164 153 3349 152 154 3350 172 159 3351 171 155 3352 159 156 3353 157 149 3354 169 148 3355 168 160 3356 176 161 3357 175 174 3358 163 144 3359 171 155 3360 183 165 3361 182 162 3362 180 164 3363 179 170 3364 167 158 3365 165 139 3366 177 178 3367 176 161 3368 172 159 3369 184 168 3370 183 165 3371 181 166 3372 180 164 3373 168 160 3374 178 167 3375 177 178 3376 165 139 3377 173 141 3378 185 171 3379 184 168 3380 163 144 3381 175 174 3382 174 169 3383 182 162 3384 181 166 3385 169 148 3386 179 170 3387 178 167 3388 166 151 3389 162 152 3390 174 169 3391 185 171 3392 186 172 3393 197 182 3394 185 171 3395 188 173 3396 187 183 3397 175 174 3398 195 175 3399 194 184 3400 182 162 3401 192 176 3402 191 185 3403 179 170 3404 189 177 3405 188 173 3406 176 161 3407 196 179 3408 195 175 3409 183 165 3410 193 180 3411 192 176 3412 180 164 3413 190 181 3414 189 177 3415 177 178 3416 197 182 3417 196 179 3418 184 168 3419 187 183 3420 186 172 3421 174 169 3422 194 184 3423 193 180 3424 181 166 3425 191 185 3426 190 181 3427 178 167 3428 203 170 3429 202 167 3430 190 181 3431 198 186 3432 209 171 3433 197 182 3434 200 161 3435 199 174 3436 187 183 3437 195 175 3438 207 191 3439 206 162 3440 192 176 3441 204 164 3442 203 170 3443 201 178 3444 200 161 3445 188 173 3446 208 168 3447 207 191 3448 195 175 3449 193 180 3450 205 166 3451 204 164 3452 190 181 3453 202 167 3454 201 178 3455 209 171 3456 208 168 3457 196 179 3458 199 174 3459 198 186 3460 186 172 3461 206 162 3462 205 166 3463 193 180 3464 215 187 3465 214 196 3466 202 167 3467 210 188 3468 221 197 3469 209 171 3470 212 189 3471 211 198 3472 199 174 3473 219 190 3474 218 199 3475 206 162 3476 216 192 3477 215 187 3478 203 170 3479 213 193 3480 212 189 3481 200 161 3482 220 194 3483 219 190 3484 207 191 3485 217 195 3486 216 192 3487 204 164 3488 214 196 3489 213 193 3490 201 178 3491 221 197 3492 220 194 3493 208 168 3494 211 198 3495 210 188 3496 198 186 3497 218 199 3498 217 195 3499 205 166 3500 226 149 3501 238 148 3502 237 200 3503 245 153 3504 244 144 3505 232 146 3506 235 201 3507 234 139 3508 222 140 3509 230 143 3510 242 204 3511 241 159 3512 227 147 3513 239 203 3514 238 148 3515 234 139 3516 245 153 3517 233 154 3518 236 158 3519 235 201 3520 223 138 3521 243 202 3522 242 204 3523 230 143 3524 228 156 3525 240 155 3526 239 203 3527 237 200 3528 236 158 3529 224 150 3530 244 144 3531 243 202 3532 231 145 3533 229 142 3534 241 159 3535 240 155 3536 248 170 3537 247 167 3538 235 201 3539 243 202 3540 255 205 3541 254 171 3542 252 191 3543 251 162 3544 239 203 3545 237 200 3546 249 206 3547 248 170 3548 244 144 3549 256 174 3550 255 205 3551 253 168 3552 252 191 3553 240 155 3554 250 166 3555 249 206 3556 237 200 3557 245 153 3558 257 161 3559 256 174 3560 235 201 3561 247 167 3562 246 178 3563 254 171 3564 253 168 3565 241 159 3566 251 162 3567 250 166 3568 238 148 3569 234 139 3570 246 178 3571 257 161 3572 258 177 3573 269 173 3574 257 161 3575 260 185 3576 259 181 3577 247 167 3578 267 172 3579 266 182 3580 254 171 3581 264 175 3582 263 184 3583 251 162 3584 261 176 3585 260 185 3586 248 170 3587 268 183 3588 267 172 3589 255 205 3590 265 179 3591 264 175 3592 252 191 3593 262 180 3594 261 176 3595 249 206 3596 269 173 3597 268 183 3598 256 174 3599 259 181 3600 258 177 3601 246 178 3602 266 182 3603 265 179 3604 253 168 3605 263 184 3606 262 180 3607 250 166 3608 275 162 3609 274 166 3610 262 180 3611 270 207 3612 281 161 3613 269 173 3614 272 170 3615 271 167 3616 259 181 3617 267 172 3618 279 169 3619 278 171 3620 264 175 3621 276 165 3622 275 162 3623 273 206 3624 272 170 3625 260 185 3626 280 174 3627 279 169 3628 267 172 3629 265 179 3630 277 168 3631 276 165 3632 262 180 3633 274 166 3634 273 206 3635 281 161 3636 280 174 3637 268 183 3638 271 167 3639 270 207 3640 258 177 3641 278 171 3642 277 168 3643 265 179 3644 287 199 3645 286 195 3646 274 166 3647 282 193 3648 293 189 3649 281 161 3650 284 187 3651 283 196 3652 271 167 3653 291 188 3654 290 197 3655 278 171 3656 288 190 3657 287 199 3658 275 162 3659 285 192 3660 284 187 3661 272 170 3662 292 198 3663 291 188 3664 279 169 3665 289 194 3666 288 190 3667 276 165 3668 286 195 3669 285 192 3670 273 206 3671 293 189 3672 292 198 3673 280 174 3674 283 196 3675 282 193 3676 270 207 3677 290 197 3678 289 194 3679 277 168 3680 298 142 3681 310 209 3682 309 155 3683 317 158 3684 316 201 3685 304 138 3686 307 148 3687 306 200 3688 294 157 3689 302 154 3690 314 210 3691 313 208 3692 299 143 3693 311 141 3694 310 209 3695 306 200 3696 317 158 3697 305 150 3698 308 163 3699 307 148 3700 295 149 3701 303 140 3702 315 139 3703 314 210 3704 300 145 3705 312 202 3706 311 141 3707 297 156 3708 309 155 3709 308 163 3710 316 201 3711 315 139 3712 303 140 3713 301 146 3714 313 208 3715 312 202 3716 320 162 3717 319 166 3718 307 148 3719 327 211 3720 326 161 3721 314 210 3722 324 186 3723 323 171 3724 311 141 3725 321 191 3726 320 162 3727 308 163 3728 316 201 3729 328 167 3730 327 211 3731 325 174 3732 324 186 3733 312 202 3734 322 168 3735 321 191 3736 309 155 3737 329 170 3738 328 167 3739 316 201 3740 307 148 3741 319 166 3742 318 206 3743 326 161 3744 325 174 3745 313 208 3746 323 171 3747 322 168 3748 310 209 3749 306 200 3750 318 206 3751 329 170 3752 330 176 3753 341 185 3754 329 170 3755 332 184 3756 331 180 3757 319 166 3758 339 177 3759 338 173 3760 326 161 3761 336 172 3762 335 182 3763 323 171 3764 333 175 3765 332 184 3766 320 162 3767 340 181 3768 339 177 3769 327 211 3770 337 183 3771 336 172 3772 324 186 3773 334 179 3774 333 175 3775 321 191 3776 341 185 3777 340 181 3778 328 167 3779 331 180 3780 330 176 3781 318 206 3782 338 173 3783 337 183 3784 325 174 3785 335 182 3786 334 179 3787 322 168 3788 347 171 3789 346 168 3790 334 179 3791 342 212 3792 353 170 3793 341 185 3794 344 162 3795 343 166 3796 331 180 3797 339 177 3798 351 207 3799 350 161 3800 336 172 3801 348 186 3802 347 171 3803 345 213 3804 344 162 3805 332 184 3806 352 167 3807 351 207 3808 339 177 3809 337 183 3810 349 174 3811 348 186 3812 334 179 3813 346 168 3814 345 213 3815 353 170 3816 352 167 3817 340 181 3818 343 166 3819 342 212 3820 330 176 3821 350 161 3822 349 174 3823 337 183 3824 359 197 3825 358 194 3826 346 168 3827 354 192 3828 365 187 3829 353 170 3830 356 199 3831 355 195 3832 343 166 3833 363 193 3834 362 189 3835 350 161 3836 360 188 3837 359 197 3838 347 171 3839 357 190 3840 356 199 3841 344 162 3842 364 196 3843 363 193 3844 351 207 3845 361 198 3846 360 188 3847 348 186 3848 358 194 3849 357 190 3850 345 213 3851 365 187 3852 364 196 3853 352 167 3854 355 195 3855 354 192 3856 342 212 3857 362 189 3858 361 198 3859 349 174 3860 370 146 3861 382 144 3862 381 202 3863 389 163 3864 388 148 3865 376 149 3866 379 159 3867 378 155 3868 366 156 3869 374 150 3870 386 158 3871 385 201 3872 371 154 3873 383 210 3874 382 144 3875 378 155 3876 389 163 3877 377 147 3878 380 204 3879 379 159 3880 367 142 3881 375 157 3882 387 200 3883 386 158 3884 372 140 3885 384 214 3886 383 210 3887 369 145 3888 381 202 3889 380 204 3890 376 149 3891 388 148 3892 387 200 3893 373 138 3894 385 201 3895 384 214 3896 380 204 3897 392 171 3898 391 168 3899 399 206 3900 398 170 3901 386 158 3902 396 178 3903 395 161 3904 383 210 3905 381 202 3906 393 169 3907 392 171 3908 400 166 3909 399 206 3910 387 200 3911 397 167 3912 396 178 3913 384 214 3914 382 144 3915 394 174 3916 393 169 3917 401 162 3918 400 166 3919 388 148 3920 379 159 3921 391 168 3922 390 191 3923 398 170 3924 397 167 3925 385 201 3926 395 161 3927 394 174 3928 382 144 3929 378 155 3930 390 191 3931 401 162 3932 402 175 3933 413 184 3934 401 162 3935 404 182 3936 403 179 3937 391 168 3938 411 176 3939 410 185 3940 398 170 3941 408 177 3942 407 173 3943 395 161 3944 405 172 3945 404 182 3946 392 171 3947 412 180 3948 411 176 3949 399 206 3950 409 181 3951 408 177 3952 396 178 3953 406 183 3954 405 172 3955 393 169 3956 413 184 3957 412 180 3958 400 166 3959 403 179 3960 402 175 3961 390 191 3962 410 185 3963 409 181 3964 397 167 3965 407 173 3966 406 183 3967 394 174 3968 419 161 3969 418 174 3970 406 183 3971 414 165 3972 425 162 3973 413 184 3974 416 171 3975 415 168 3976 403 179 3977 411 176 3978 423 212 3979 422 170 3980 408 177 3981 420 207 3982 419 161 3983 405 172 3984 417 205 3985 416 171 3986 424 166 3987 423 212 3988 411 176 3989 421 167 3990 420 207 3991 408 177 3992 418 174 3993 417 205 3994 405 172 3995 425 162 3996 424 166 3997 412 180 3998 403 179 3999 415 168 4000 414 165 4001 422 170 4002 421 167 4003 409 181 4004 431 189 4005 430 198 4006 418 174 4007 426 190 4008 437 199 4009 425 162 4010 428 197 4011 427 194 4012 415 168 4013 435 192 4014 434 187 4015 422 170 4016 432 193 4017 431 189 4018 419 161 4019 429 188 4020 428 197 4021 416 171 4022 436 195 4023 435 192 4024 423 212 4025 433 196 4026 432 193 4027 420 207 4028 430 198 4029 429 188 4030 417 205 4031 437 199 4032 436 195 4033 424 166 4034 427 194 4035 426 190 4036 414 165 4037 434 187 4038 433 196 4039 421 167 4040 439 128 4041 441 114 4042 440 116 4043 441 114 4044 445 117 4045 444 115 4046 445 117 4047 443 215 4048 442 136 4049 443 215 4050 439 128 4051 438 137 4052 440 116 4053 444 115 4054 442 136 4055 441 114 4056 439 128 4057 443 215 4058 447 128 4059 449 114 4060 448 116 4061 449 114 4062 453 117 4063 452 115 4064 453 117 4065 451 215 4066 450 136 4067 451 215 4068 447 128 4069 446 137 4070 448 116 4071 452 115 4072 450 136 4073 449 114 4074 447 128 4075 451 215 4076 455 114 4077 457 117 4078 456 115 4079 457 117 4080 461 215 4081 460 136 4082 461 215 4083 459 128 4084 458 137 4085 459 128 4086 455 114 4087 454 116 4088 456 115 4089 460 136 4090 458 137 4091 457 117 4092 455 114 4093 459 128 4094 463 114 4095 465 117 4096 464 115 4097 465 117 4098 469 215 4099 468 136 4100 469 215 4101 467 128 4102 466 137 4103 467 128 4104 463 114 4105 462 116 4106 468 136 4107 466 137 4108 462 116 4109 465 117 4110 463 114 4111 467 128 4112 471 117 4113 473 215 4114 472 136 4115 473 215 4116 477 128 4117 476 137 4118 477 128 4119 475 114 4120 474 116 4121 475 114 4122 471 117 4123 470 115 4124 476 137 4125 474 116 4126 470 115 4127 477 128 4128 473 215 4129 471 117 4130 479 117 4131 481 215 4132 480 136 4133 481 215 4134 485 128 4135 484 137 4136 485 128 4137 483 114 4138 482 116 4139 483 114 4140 479 117 4141 478 115 4142 484 137 4143 482 116 4144 478 115 4145 481 215 4146 479 117 4147 483 114 4148 487 215 4149 489 128 4150 488 137 4151 489 128 4152 493 114 4153 492 116 4154 493 114 4155 491 117 4156 490 115 4157 491 117 4158 487 215 4159 486 136 4160 488 137 4161 492 116 4162 490 115 4163 489 128 4164 487 215 4165 491 117 4166 495 215 4167 497 128 4168 496 137 4169 497 128 4170 501 114 4171 500 116 4172 501 114 4173 499 117 4174 498 115 4175 499 117 4176 495 215 4177 494 136 4178 496 137 4179 500 116 4180 498 115 4181 497 128 4182 495 215 4183 499 117 4184 503 216 4185 505 219 4186 504 217 4187 505 219 4188 509 221 4189 508 220 4190 509 221 4191 507 223 4192 506 222 4193 507 223 4194 503 216 4195 502 218 4196 508 220 4197 506 222 4198 502 218 4199 505 219 4200 503 216 4201 507 223 4202 511 224 4203 513 227 4204 535 225 4205 513 227 4206 515 229 4207 536 228 4208 515 229 4209 517 231 4210 537 230 4211 517 231 4212 519 233 4213 538 232 4214 519 233 4215 521 235 4216 539 234 4217 521 235 4218 523 237 4219 540 236 4220 523 237 4221 525 239 4222 541 238 4223 525 239 4224 527 271 4225 542 240 4226 542 240 4227 527 271 4228 529 241 4229 543 242 4230 529 241 4231 531 243 4232 531 243 4233 533 270 4234 545 245 4235 545 245 4236 533 270 4237 511 224 4238 532 269 4239 510 261 4240 512 246 4241 512 246 4242 514 262 4243 516 247 4244 516 247 4245 518 263 4246 524 248 4247 518 263 4248 520 264 4249 524 248 4250 520 264 4251 522 265 4252 524 248 4253 524 248 4254 526 266 4255 528 267 4256 528 267 4257 530 268 4258 524 248 4259 530 268 4260 532 269 4261 524 248 4262 532 269 4263 512 246 4264 524 248 4265 545 245 4266 534 226 4267 557 249 4268 544 244 4269 545 245 4270 556 250 4271 543 242 4272 544 244 4273 555 251 4274 542 240 4275 543 242 4276 554 252 4277 541 238 4278 542 240 4279 553 253 4280 540 236 4281 541 238 4282 552 254 4283 539 234 4284 540 236 4285 551 255 4286 538 232 4287 539 234 4288 550 256 4289 537 230 4290 538 232 4291 549 257 4292 536 228 4293 537 230 4294 548 258 4295 535 225 4296 536 228 4297 547 259 4298 534 226 4299 535 225 4300 546 260 4301 510 261 4302 557 249 4303 546 260 4304 546 260 4305 547 259 4306 514 262 4307 547 259 4308 548 258 4309 516 247 4310 516 247 4311 548 258 4312 549 257 4313 549 257 4314 550 256 4315 520 264 4316 550 256 4317 551 255 4318 522 265 4319 522 265 4320 551 255 4321 552 254 4322 524 248 4323 552 254 4324 553 253 4325 526 266 4326 553 253 4327 554 252 4328 554 252 4329 555 251 4330 530 268 4331 555 251 4332 556 250 4333 532 269 4334 556 250 4335 557 249 4336 510 261 4337 559 241 4338 561 243 4339 583 244 4340 561 243 4341 563 270 4342 584 245 4343 563 270 4344 565 224 4345 585 226 4346 565 224 4347 567 227 4348 586 225 4349 567 227 4350 569 229 4351 587 228 4352 587 228 4353 569 229 4354 571 231 4355 588 230 4356 571 231 4357 573 233 4358 589 232 4359 573 233 4360 575 235 4361 590 234 4362 575 235 4363 577 237 4364 577 237 4365 579 239 4366 592 238 4367 592 238 4368 579 239 4369 581 271 4370 593 240 4371 581 271 4372 559 241 4373 580 266 4374 558 267 4375 560 268 4376 560 268 4377 562 269 4378 580 266 4379 562 269 4380 564 261 4381 580 266 4382 564 261 4383 566 246 4384 572 263 4385 566 246 4386 568 262 4387 572 263 4388 568 262 4389 570 247 4390 572 263 4391 572 263 4392 574 264 4393 576 265 4394 576 265 4395 578 248 4396 572 263 4397 578 248 4398 580 266 4399 572 263 4400 593 240 4401 582 242 4402 605 252 4403 592 238 4404 593 240 4405 604 253 4406 591 236 4407 592 238 4408 603 254 4409 590 234 4410 591 236 4411 602 255 4412 589 232 4413 590 234 4414 601 256 4415 588 230 4416 589 232 4417 600 257 4418 587 228 4419 588 230 4420 599 258 4421 586 225 4422 587 228 4423 598 259 4424 585 226 4425 586 225 4426 597 260 4427 584 245 4428 585 226 4429 596 249 4430 583 244 4431 584 245 4432 595 250 4433 582 242 4434 583 244 4435 594 251 4436 605 252 4437 594 251 4438 560 268 4439 594 251 4440 595 250 4441 562 269 4442 595 250 4443 596 249 4444 564 261 4445 564 261 4446 596 249 4447 597 260 4448 597 260 4449 598 259 4450 568 262 4451 598 259 4452 599 258 4453 570 247 4454 570 247 4455 599 258 4456 600 257 4457 572 263 4458 600 257 4459 601 256 4460 574 264 4461 601 256 4462 602 255 4463 602 255 4464 603 254 4465 578 248 4466 603 254 4467 604 253 4468 580 266 4469 604 253 4470 605 252 4471 558 267 4472 630 236 4473 607 237 4474 609 239 4475 609 239 4476 611 271 4477 632 240 4478 632 240 4479 611 271 4480 613 241 4481 633 242 4482 613 241 4483 615 243 4484 615 243 4485 617 270 4486 635 245 4487 635 245 4488 617 270 4489 619 224 4490 619 224 4491 621 227 4492 637 225 4493 637 225 4494 621 227 4495 623 229 4496 638 228 4497 623 229 4498 625 231 4499 625 231 4500 627 233 4501 640 232 4502 640 232 4503 627 233 4504 629 235 4505 641 234 4506 629 235 4507 607 237 4508 628 264 4509 606 265 4510 608 248 4511 608 248 4512 610 266 4513 612 267 4514 612 267 4515 614 268 4516 616 269 4517 616 269 4518 618 261 4519 620 246 4520 620 246 4521 622 262 4522 624 247 4523 624 247 4524 626 263 4525 620 246 4526 626 263 4527 628 264 4528 620 246 4529 628 264 4530 608 248 4531 620 246 4532 608 248 4533 612 267 4534 620 246 4535 641 234 4536 630 236 4537 653 255 4538 640 232 4539 641 234 4540 652 256 4541 639 230 4542 640 232 4543 651 257 4544 638 228 4545 639 230 4546 650 258 4547 637 225 4548 638 228 4549 649 259 4550 636 226 4551 637 225 4552 648 260 4553 635 245 4554 636 226 4555 647 249 4556 634 244 4557 635 245 4558 646 250 4559 633 242 4560 634 244 4561 645 251 4562 632 240 4563 633 242 4564 644 252 4565 631 238 4566 632 240 4567 643 253 4568 630 236 4569 631 238 4570 642 254 4571 653 255 4572 642 254 4573 608 248 4574 642 254 4575 643 253 4576 610 266 4577 643 253 4578 644 252 4579 612 267 4580 644 252 4581 645 251 4582 614 268 4583 645 251 4584 646 250 4585 616 269 4586 616 269 4587 646 250 4588 647 249 4589 618 261 4590 647 249 4591 648 260 4592 648 260 4593 649 259 4594 622 262 4595 649 259 4596 650 258 4597 624 247 4598 650 258 4599 651 257 4600 626 263 4601 651 257 4602 652 256 4603 628 264 4604 652 256 4605 653 255 4606 606 265 4607 655 231 4608 657 233 4609 679 232 4610 657 233 4611 659 235 4612 680 234 4613 680 234 4614 659 235 4615 661 237 4616 681 236 4617 661 237 4618 663 239 4619 663 239 4620 665 271 4621 683 240 4622 665 271 4623 667 241 4624 684 242 4625 667 241 4626 669 243 4627 685 244 4628 685 244 4629 669 243 4630 671 270 4631 686 245 4632 671 270 4633 673 224 4634 687 226 4635 673 224 4636 675 227 4637 675 227 4638 677 229 4639 689 228 4640 689 228 4641 677 229 4642 655 231 4643 676 262 4644 654 247 4645 660 265 4646 654 247 4647 656 263 4648 660 265 4649 656 263 4650 658 264 4651 660 265 4652 660 265 4653 662 248 4654 668 268 4655 662 248 4656 664 266 4657 668 268 4658 664 266 4659 666 267 4660 668 268 4661 668 268 4662 670 269 4663 676 262 4664 670 269 4665 672 261 4666 676 262 4667 672 261 4668 674 246 4669 676 262 4670 689 228 4671 678 230 4672 701 258 4673 688 225 4674 689 228 4675 700 259 4676 687 226 4677 688 225 4678 699 260 4679 686 245 4680 687 226 4681 698 249 4682 685 244 4683 686 245 4684 697 250 4685 684 242 4686 685 244 4687 696 251 4688 683 240 4689 684 242 4690 695 252 4691 682 238 4692 683 240 4693 694 253 4694 681 236 4695 682 238 4696 693 254 4697 680 234 4698 681 236 4699 692 255 4700 679 232 4701 680 234 4702 691 256 4703 678 230 4704 679 232 4705 690 257 4706 654 247 4707 701 258 4708 690 257 4709 656 263 4710 690 257 4711 691 256 4712 658 264 4713 691 256 4714 692 255 4715 660 265 4716 692 255 4717 693 254 4718 662 248 4719 693 254 4720 694 253 4721 664 266 4722 694 253 4723 695 252 4724 695 252 4725 696 251 4726 668 268 4727 696 251 4728 697 250 4729 670 269 4730 697 250 4731 698 249 4732 672 261 4733 698 249 4734 699 260 4735 674 246 4736 699 260 4737 700 259 4738 676 262 4739 700 259 4740 701 258 4741 654 247 4742 718 272 4743 717 293 4744 705 273 4745 725 275 4746 724 294 4747 712 276 4748 715 278 4749 714 286 4750 702 279 4751 722 281 4752 721 295 4753 709 282 4754 719 284 4755 718 272 4756 706 274 4757 714 286 4758 725 275 4759 713 277 4760 716 287 4761 715 278 4762 703 280 4763 723 289 4764 722 281 4765 710 283 4766 720 291 4767 719 284 4768 707 285 4769 717 293 4770 716 287 4771 704 288 4772 724 294 4773 723 289 4774 711 290 4775 721 295 4776 720 291 4777 708 292 4778 723 289 4779 735 308 4780 734 296 4781 720 291 4782 732 300 4783 731 297 4784 729 298 4785 728 306 4786 716 287 4787 736 299 4788 735 308 4789 723 289 4790 721 295 4791 733 303 4792 732 300 4793 718 272 4794 730 304 4795 729 298 4796 737 301 4797 736 299 4798 724 294 4799 727 302 4800 726 305 4801 714 286 4802 722 281 4803 734 296 4804 733 303 4805 719 284 4806 731 297 4807 730 304 4808 726 305 4809 737 301 4810 725 275 4811 728 306 4812 727 302 4813 715 278 4814 740 307 4815 739 315 4816 727 302 4817 735 308 4818 747 311 4819 746 309 4820 732 300 4821 744 320 4822 743 310 4823 729 298 4824 741 323 4825 740 307 4826 736 299 4827 748 325 4828 747 311 4829 745 312 4830 744 320 4831 732 300 4832 742 313 4833 741 323 4834 729 298 4835 749 314 4836 748 325 4837 736 299 4838 739 315 4839 738 316 4840 726 305 4841 746 309 4842 745 312 4843 733 303 4844 743 310 4845 742 313 4846 730 304 4847 738 316 4848 749 314 4849 737 301 4850 738 316 4851 750 331 4852 761 317 4853 752 318 4854 751 328 4855 739 315 4856 747 311 4857 759 334 4858 758 319 4859 744 320 4860 756 336 4861 755 321 4862 753 322 4863 752 318 4864 740 307 4865 760 324 4866 759 334 4867 747 311 4868 757 326 4869 756 336 4870 744 320 4871 754 327 4872 753 322 4873 741 323 4874 761 317 4875 760 324 4876 748 325 4877 751 328 4878 750 331 4879 738 316 4880 746 309 4881 758 319 4882 757 326 4883 743 310 4884 755 321 4885 754 327 4886 767 329 4887 766 340 4888 754 327 4889 762 330 4890 773 341 4891 761 317 4892 764 332 4893 763 342 4894 751 328 4895 771 333 4896 770 343 4897 758 319 4898 768 335 4899 767 329 4900 755 321 4901 765 337 4902 764 332 4903 752 318 4904 772 338 4905 771 333 4906 759 334 4907 769 339 4908 768 335 4909 756 336 4910 766 340 4911 765 337 4912 753 322 4913 773 341 4914 772 338 4915 760 324 4916 763 342 4917 762 330 4918 750 331 4919 770 343 4920 769 339 4921 757 326 4922 767 329 4923 779 355 4924 778 344 4925 774 345 4926 785 357 4927 773 341 4928 764 332 4929 776 358 4930 775 346 4931 783 347 4932 782 351 4933 770 343 4934 780 348 4935 779 355 4936 767 329 4937 777 349 4938 776 358 4939 764 332 4940 784 350 4941 783 347 4942 771 333 4943 769 339 4944 781 353 4945 780 348 4946 766 340 4947 778 344 4948 777 349 4949 773 341 4950 785 357 4951 784 350 4952 763 342 4953 775 346 4954 774 345 4955 782 351 4956 781 353 4957 769 339 4958 794 352 4959 793 364 4960 781 353 4961 791 354 4962 790 366 4963 778 344 4964 786 356 4965 797 367 4966 785 357 4967 776 358 4968 788 368 4969 787 359 4970 795 360 4971 794 352 4972 782 351 4973 792 361 4974 791 354 4975 779 355 4976 789 362 4977 788 368 4978 776 358 4979 796 363 4980 795 360 4981 783 347 4982 793 364 4983 792 361 4984 780 348 4985 778 344 4986 790 366 4987 789 362 4988 785 357 4989 797 367 4990 796 363 4991 775 346 4992 787 359 4993 786 356 4994 800 128 4995 802 114 4996 801 116 4997 802 114 4998 806 370 4999 805 369 5000 806 370 5001 804 373 5002 808 371 5003 804 373 5004 800 128 5005 799 137 5006 805 369 5007 803 374 5008 799 137 5009 806 370 5010 802 114 5011 800 128 5012 808 371 5013 807 378 5014 811 375 5015 805 369 5016 806 370 5017 810 372 5018 803 374 5019 807 378 5020 808 371 5021 805 369 5022 809 377 5023 807 378 5024 815 215 5025 825 383 5026 826 379 5027 809 377 5028 813 381 5029 811 375 5030 808 371 5031 812 376 5032 814 380 5033 810 372 5034 814 380 5035 813 381 5036 818 370 5037 816 373 5038 815 215 5039 816 373 5040 818 370 5041 822 114 5042 814 380 5043 818 370 5044 817 117 5045 812 376 5046 811 375 5047 815 215 5048 819 137 5049 821 128 5050 822 114 5051 814 380 5052 820 116 5053 822 114 5054 812 376 5055 819 137 5056 820 116 5057 816 373 5058 821 128 5059 819 137 5060 823 382 5061 827 136 5062 829 215 5063 811 375 5064 813 381 5065 824 384 5066 817 117 5067 826 379 5068 824 384 5069 815 215 5070 811 375 5071 823 382 5072 828 115 5073 830 385 5074 829 215 5075 826 379 5076 825 383 5077 829 215 5078 826 379 5079 830 385 5080 828 115 5081 824 384 5082 828 115 5083 827 136 5084 832 117 5085 834 215 5086 833 136 5087 834 215 5088 838 373 5089 837 374 5090 838 373 5091 836 370 5092 840 386 5093 836 370 5094 832 117 5095 831 115 5096 837 374 5097 835 369 5098 831 115 5099 838 373 5100 834 215 5101 832 117 5102 840 386 5103 839 391 5104 843 388 5105 837 374 5106 838 373 5107 842 387 5108 835 369 5109 839 391 5110 840 386 5111 837 374 5112 841 390 5113 839 391 5114 847 114 5115 857 396 5116 858 392 5117 839 391 5118 841 390 5119 845 393 5120 840 386 5121 844 389 5122 846 394 5123 842 387 5124 846 394 5125 845 393 5126 850 373 5127 848 370 5128 847 114 5129 848 370 5130 850 373 5131 854 215 5132 846 394 5133 850 373 5134 849 128 5135 844 389 5136 843 388 5137 847 114 5138 851 115 5139 853 117 5140 854 215 5141 846 394 5142 852 136 5143 854 215 5144 844 389 5145 851 115 5146 852 136 5147 848 370 5148 853 117 5149 851 115 5150 855 395 5151 859 398 5152 861 114 5153 843 388 5154 845 393 5155 856 397 5156 849 128 5157 858 392 5158 856 397 5159 847 114 5160 843 388 5161 855 395 5162 860 137 5163 862 128 5164 861 114 5165 857 396 5166 861 114 5167 862 128 5168 858 392 5169 862 128 5170 860 137 5171 855 395 5172 856 397 5173 860 137 5174 864 215 5175 866 128 5176 865 137 5177 866 128 5178 870 119 5179 869 122 5180 868 121 5181 872 400 5182 874 399 5183 868 121 5184 864 215 5185 863 136 5186 869 122 5187 867 118 5188 863 136 5189 870 119 5190 866 128 5191 864 215 5192 872 400 5193 871 404 5194 875 401 5195 869 122 5196 870 119 5197 874 399 5198 867 118 5199 871 404 5200 872 400 5201 869 122 5202 873 403 5203 871 404 5204 879 117 5205 889 409 5206 890 405 5207 871 404 5208 873 403 5209 877 406 5210 872 400 5211 876 402 5212 878 407 5213 874 399 5214 878 407 5215 877 406 5216 881 114 5217 882 119 5218 880 121 5219 882 119 5220 886 128 5221 885 215 5222 878 407 5223 882 119 5224 881 114 5225 876 402 5226 875 401 5227 879 117 5228 883 136 5229 885 215 5230 886 128 5231 878 407 5232 884 137 5233 886 128 5234 878 407 5235 876 402 5236 883 136 5237 880 121 5238 885 215 5239 883 136 5240 887 408 5241 891 115 5242 893 385 5243 875 401 5244 877 406 5245 888 410 5246 881 114 5247 890 405 5248 888 410 5249 879 117 5250 875 401 5251 887 408 5252 892 116 5253 894 114 5254 893 385 5255 889 409 5256 893 385 5257 894 114 5258 890 405 5259 894 114 5260 892 116 5261 887 408 5262 888 410 5263 892 116 5264 224 150 5265 223 138 5266 222 140 5267 222 140 5268 233 154 5269 232 146 5270 232 146 5271 231 145 5272 228 156 5273 231 145 5274 230 143 5275 228 156 5276 230 143 5277 229 142 5278 228 156 5279 228 156 5280 227 147 5281 226 149 5282 226 149 5283 225 157 5284 228 156 5285 225 157 5286 224 150 5287 228 156 5288 224 150 5289 222 140 5290 232 146 5291 296 147 5292 295 149 5293 294 157 5294 294 157 5295 305 150 5296 304 138 5297 304 138 5298 303 140 5299 300 145 5300 303 140 5301 302 154 5302 300 145 5303 302 154 5304 301 146 5305 300 145 5306 300 145 5307 299 143 5308 298 142 5309 298 142 5310 297 156 5311 300 145 5312 297 156 5313 296 147 5314 300 145 5315 296 147 5316 294 157 5317 304 138 5318 368 143 5319 367 142 5320 366 156 5321 366 156 5322 377 147 5323 376 149 5324 376 149 5325 375 157 5326 372 140 5327 375 157 5328 374 150 5329 372 140 5330 374 150 5331 373 138 5332 372 140 5333 372 140 5334 371 154 5335 370 146 5336 370 146 5337 369 145 5338 372 140 5339 369 145 5340 368 143 5341 372 140 5342 368 143 5343 366 156 5344 376 149 5345 152 154 5346 151 146 5347 150 145 5348 150 145 5349 161 143 5350 160 142 5351 160 142 5352 159 156 5353 156 157 5354 159 156 5355 158 147 5356 156 157 5357 158 147 5358 157 149 5359 156 157 5360 156 157 5361 155 150 5362 154 138 5363 154 138 5364 153 140 5365 156 157 5366 153 140 5367 152 154 5368 156 157 5369 152 154 5370 150 145 5371 160 142 5372 896 216 5373 903 412 5374 897 217 5375 898 292 5376 904 292 5377 901 220 5378 902 411 5379 900 223 5380 899 222 5381 900 223 5382 896 216 5383 895 218 5384 901 220 5385 899 222 5386 895 218 5387 903 412 5388 896 216 5389 900 223 5390 908 413 5391 906 421 5392 905 414 5393 905 414 5394 911 425 5395 913 416 5396 907 415 5397 905 414 5398 947 418 5399 950 420 5400 948 424 5401 906 421 5402 910 422 5403 956 466 5404 955 423 5405 947 418 5406 905 414 5407 909 417 5408 948 424 5409 956 466 5410 910 422 5411 911 425 5412 915 433 5413 917 426 5414 906 421 5415 912 428 5416 911 425 5417 909 417 5418 913 416 5419 914 427 5420 906 421 5421 910 422 5422 914 427 5423 916 429 5424 918 432 5425 922 430 5426 913 416 5427 917 426 5428 918 432 5429 912 428 5430 914 427 5431 918 432 5432 912 428 5433 916 429 5434 915 433 5435 920 431 5436 922 430 5437 921 434 5438 916 429 5439 920 431 5440 919 435 5441 915 433 5442 919 435 5443 921 434 5444 917 426 5445 921 434 5446 922 430 5447 907 415 5448 923 437 5449 924 436 5450 907 415 5451 949 419 5452 971 419 5453 908 413 5454 924 436 5455 972 420 5456 927 438 5457 925 441 5458 926 439 5459 927 438 5460 981 419 5461 975 419 5462 928 440 5463 926 439 5464 976 420 5465 924 436 5466 928 440 5467 982 420 5468 923 437 5469 971 419 5470 981 419 5471 923 437 5472 927 438 5473 928 440 5474 926 439 5475 930 411 5476 984 442 5477 925 441 5478 929 443 5479 930 411 5480 975 419 5481 983 450 5482 929 443 5483 936 443 5484 935 448 5485 931 444 5486 937 411 5487 934 449 5488 932 446 5489 938 447 5490 932 446 5491 931 444 5492 936 443 5493 933 445 5494 934 449 5495 929 443 5496 936 443 5497 937 411 5498 984 442 5499 938 447 5500 935 448 5501 930 411 5502 937 411 5503 938 447 5504 929 443 5505 983 450 5506 935 448 5507 934 449 5508 942 453 5509 940 451 5510 932 446 5511 940 451 5512 939 452 5513 933 445 5514 941 454 5515 942 453 5516 933 445 5517 931 444 5518 939 452 5519 942 453 5520 946 457 5521 944 455 5522 940 451 5523 944 455 5524 943 456 5525 941 454 5526 945 458 5527 946 457 5528 941 454 5529 939 452 5530 943 456 5531 948 424 5532 950 420 5533 949 419 5534 951 459 5535 952 464 5536 954 460 5537 961 462 5538 959 468 5539 951 459 5540 947 418 5541 951 459 5542 953 461 5543 952 464 5544 948 424 5545 950 420 5546 955 423 5547 956 466 5548 958 465 5549 947 418 5550 955 423 5551 956 466 5552 947 418 5553 955 423 5554 957 463 5555 958 465 5556 956 466 5557 948 424 5558 965 467 5559 963 474 5560 959 468 5561 959 468 5562 960 473 5563 952 464 5564 962 469 5565 961 462 5566 957 463 5567 952 464 5568 960 473 5569 962 469 5570 964 470 5571 968 476 5572 970 471 5573 966 472 5574 965 467 5575 961 462 5576 960 473 5577 964 470 5578 966 472 5579 963 474 5580 964 470 5581 960 473 5582 969 475 5583 970 471 5584 968 476 5585 967 477 5586 968 476 5587 964 470 5588 969 475 5589 967 477 5590 963 474 5591 970 471 5592 969 475 5593 965 467 5594 950 420 5595 972 420 5596 971 419 5597 974 478 5598 973 482 5599 953 461 5600 953 461 5601 973 482 5602 971 419 5603 972 420 5604 974 478 5605 954 460 5606 978 479 5607 977 483 5608 979 480 5609 979 480 5610 977 483 5611 975 419 5612 976 420 5613 978 479 5614 980 481 5615 982 420 5616 976 420 5617 975 419 5618 972 420 5619 982 420 5620 981 419 5621 982 420 5622 980 481 5623 974 478 5624 973 482 5625 979 480 5626 981 419 5627 980 481 5628 979 480 5629 973 482 5630 984 442 5631 986 412 5632 978 479 5633 976 420 5634 984 442 5635 983 450 5636 986 412 5637 985 484 5638 977 483 5639 985 484 5640 983 450 5641 975 419 5642 992 484 5643 989 493 5644 987 485 5645 988 487 5646 990 489 5647 993 412 5648 987 485 5649 988 487 5650 994 488 5651 990 489 5652 989 493 5653 992 484 5654 993 412 5655 992 484 5656 985 484 5657 991 486 5658 994 488 5659 984 442 5660 994 488 5661 993 412 5662 986 412 5663 985 484 5664 992 484 5665 991 486 5666 996 490 5667 998 492 5668 990 489 5669 995 491 5670 996 490 5671 988 487 5672 998 492 5673 997 497 5674 989 493 5675 989 493 5676 997 497 5677 995 491 5678 1000 494 5679 1002 496 5680 998 492 5681 999 495 5682 1000 494 5683 996 490 5684 1002 496 5685 1001 611 5686 997 497 5687 997 497 5688 1001 611 5689 999 495 5690 1005 498 5691 1021 501 5692 1022 499 5693 1021 501 5694 1020 525 5695 1019 527 5696 1019 527 5697 1034 520 5698 1033 502 5699 1033 502 5700 1032 513 5701 1031 509 5702 1031 509 5703 1030 505 5704 1033 502 5705 1030 505 5706 1029 503 5707 1033 502 5708 1029 503 5709 1028 528 5710 1027 522 5711 1027 522 5712 1026 518 5713 1025 515 5714 1025 515 5715 1024 511 5716 1021 501 5717 1024 511 5718 1023 507 5719 1021 501 5720 1023 507 5721 1022 499 5722 1021 501 5723 1021 501 5724 1019 527 5725 1033 502 5726 1029 503 5727 1027 522 5728 1021 501 5729 1027 522 5730 1025 515 5731 1021 501 5732 1013 504 5733 1029 503 5734 1030 505 5735 1006 500 5736 1022 499 5737 1023 507 5738 1014 506 5739 1030 505 5740 1031 509 5741 1007 508 5742 1023 507 5743 1024 511 5744 1015 510 5745 1031 509 5746 1032 513 5747 1008 512 5748 1024 511 5749 1025 515 5750 1016 514 5751 1032 513 5752 1033 502 5753 1009 516 5754 1025 515 5755 1026 518 5756 1017 517 5757 1033 502 5758 1034 520 5759 1010 519 5760 1026 518 5761 1027 522 5762 1003 524 5763 1019 527 5764 1020 525 5765 1003 524 5766 1018 521 5767 1034 520 5768 1011 523 5769 1027 522 5770 1028 528 5771 1004 526 5772 1020 525 5773 1021 501 5774 1012 529 5775 1028 528 5776 1029 503 5777 1035 545 5778 1036 547 5779 1037 552 5780 1037 552 5781 1038 556 5782 1035 545 5783 1038 556 5784 1039 530 5785 1035 545 5786 1039 530 5787 1040 562 5788 1041 539 5789 1041 539 5790 1042 541 5791 1043 531 5792 1043 531 5793 1044 550 5794 1045 554 5795 1045 554 5796 1046 558 5797 1047 532 5798 1047 532 5799 1048 536 5800 1035 545 5801 1048 536 5802 1049 538 5803 1035 545 5804 1049 538 5805 1050 543 5806 1035 545 5807 1039 530 5808 1041 539 5809 1043 531 5810 1043 531 5811 1045 554 5812 1047 532 5813 1035 545 5814 1039 530 5815 1047 532 5816 1064 533 5817 1063 560 5818 1079 534 5819 1048 536 5820 1064 533 5821 1065 537 5822 1041 539 5823 1057 563 5824 1058 540 5825 1049 538 5826 1065 537 5827 1066 542 5828 1042 541 5829 1058 540 5830 1059 544 5831 1035 545 5832 1051 548 5833 1052 546 5834 1050 543 5835 1066 542 5836 1051 548 5837 1043 531 5838 1059 544 5839 1060 549 5840 1036 547 5841 1052 546 5842 1053 551 5843 1044 550 5844 1060 549 5845 1061 553 5846 1037 552 5847 1053 551 5848 1054 555 5849 1045 554 5850 1061 553 5851 1062 557 5852 1038 556 5853 1054 555 5854 1055 559 5855 1046 558 5856 1062 557 5857 1063 560 5858 1039 530 5859 1055 559 5860 1056 561 5861 1047 532 5862 1063 560 5863 1064 533 5864 1040 562 5865 1056 561 5866 1057 563 5867 1069 564 5868 1085 580 5869 1086 565 5870 1056 561 5871 1072 578 5872 1073 567 5873 1065 537 5874 1064 533 5875 1080 535 5876 1057 563 5877 1073 567 5878 1074 569 5879 1066 542 5880 1065 537 5881 1081 568 5882 1058 540 5883 1074 569 5884 1075 571 5885 1051 548 5886 1067 573 5887 1068 572 5888 1066 542 5889 1082 570 5890 1067 573 5891 1060 549 5892 1059 544 5893 1075 571 5894 1052 546 5895 1068 572 5896 1069 564 5897 1061 553 5898 1060 549 5899 1076 574 5900 1053 551 5901 1069 564 5902 1070 566 5903 1062 557 5904 1061 553 5905 1077 575 5906 1054 555 5907 1070 566 5908 1071 577 5909 1063 560 5910 1062 557 5911 1078 576 5912 1055 559 5913 1071 577 5914 1072 578 5915 1085 580 5916 1084 591 5917 1083 592 5918 1083 592 5919 1098 589 5920 1097 587 5921 1097 587 5922 1096 585 5923 1093 581 5924 1096 585 5925 1095 583 5926 1093 581 5927 1095 583 5928 1094 582 5929 1093 581 5930 1093 581 5931 1092 593 5932 1091 590 5933 1091 590 5934 1090 588 5935 1093 581 5936 1090 588 5937 1089 586 5938 1093 581 5939 1089 586 5940 1088 584 5941 1087 579 5942 1087 579 5943 1086 565 5944 1085 580 5945 1085 580 5946 1083 592 5947 1093 581 5948 1083 592 5949 1097 587 5950 1093 581 5951 1089 586 5952 1087 579 5953 1093 581 5954 1077 575 5955 1093 581 5956 1094 582 5957 1070 566 5958 1086 565 5959 1087 579 5960 1078 576 5961 1094 582 5962 1095 583 5963 1071 577 5964 1087 579 5965 1088 584 5966 1079 534 5967 1095 583 5968 1096 585 5969 1072 578 5970 1088 584 5971 1089 586 5972 1080 535 5973 1096 585 5974 1097 587 5975 1073 567 5976 1089 586 5977 1090 588 5978 1081 568 5979 1097 587 5980 1098 589 5981 1074 569 5982 1090 588 5983 1091 590 5984 1067 573 5985 1083 592 5986 1084 591 5987 1082 570 5988 1098 589 5989 1083 592 5990 1075 571 5991 1091 590 5992 1092 593 5993 1068 572 5994 1084 591 5995 1085 580 5996 1076 574 5997 1092 593 5998 1093 581 5999 1099 594 6000 1100 612 6001 1102 595 6002 1102 595 6003 1104 598 6004 1103 597 6005 1104 598 6006 1106 600 6007 1105 599 6008 1106 600 6009 1108 602 6010 1107 601 6011 1104 598 6012 1102 595 6013 1108 602 6014 1102 595 6015 1100 612 6016 1108 602 6017 1100 612 6018 1110 604 6019 1108 602 6020 1108 602 6021 1110 604 6022 1109 603 6023 1110 604 6024 1100 612 6025 1099 594 6026 1109 603 6027 1099 594 6028 1101 596 6029 1101 596 6030 1103 597 6031 1105 599 6032 1105 599 6033 1107 601 6034 1101 596 6035 1003 524 6036 1004 526 6037 1005 498 6038 1005 498 6039 1006 500 6040 1003 524 6041 1006 500 6042 1007 508 6043 1003 524 6044 1007 508 6045 1008 512 6046 1009 516 6047 1009 516 6048 1010 519 6049 1011 523 6050 1011 523 6051 1012 529 6052 1015 510 6053 1012 529 6054 1013 504 6055 1015 510 6056 1013 504 6057 1014 506 6058 1015 510 6059 1015 510 6060 1016 514 6061 1017 517 6062 1017 517 6063 1018 521 6064 1003 524 6065 1007 508 6066 1009 516 6067 1003 524 6068 1009 516 6069 1011 523 6070 1003 524 6071 1015 510 6072 1017 517 6073 1011 523 6074 1116 216 6075 1114 219 6076 1115 217 6077 1118 221 6078 1112 223 6079 1113 222 6080 1114 219 6081 1118 221 6082 1111 220 6083 1112 223 6084 1116 216 6085 1117 218 6086 1111 220 6087 1113 222 6088 1117 218 6089 1114 219 6090 1116 216 6091 1112 223 6092 1119 365 6093 1120 365 6094 1121 365 6095 1121 365 6096 1122 365 6097 1119 365 6098 1122 365 6099 1123 365 6100 1119 365 6101 1123 365 6102 1124 365 6103 1127 365 6104 1124 365 6105 1125 365 6106 1127 365 6107 1125 365 6108 1126 365 6109 1127 365 6110 1127 365 6111 1128 365 6112 1129 365 6113 1129 365 6114 1130 365 6115 1127 365 6116 1130 365 6117 1131 365 6118 1127 365 6119 1131 365 6120 1132 365 6121 1119 365 6122 1132 365 6123 1133 365 6124 1119 365 6125 1133 365 6126 1134 365 6127 1119 365 6128 1119 365 6129 1123 365 6130 1127 365 6131 1138 605 6132 1137 605 6133 1136 605 6134 1139 613 6135 1141 613 6136 1142 613 6137</p>
        </triangles>
      </mesh>
    </geometry>
  </library_geometries>
  <library_animations>
    <animation id="action_container-Propeller01" name="Propeller01">
      <animation id="Propeller01_Propeller01Action_transform" name="Propeller01">
        <source id="Propeller01_Propeller01Action_transform-input">
          <float_array id="Propeller01_Propeller01Action_transform-input-array" count="250">0.04166662 0.08333331 0.125 0.1666666 0.2083333 0.25 0.2916666 0.3333333 0.375 0.4166666 0.4583333 0.5 0.5416667 0.5833333 0.625 0.6666667 0.7083333 0.75 0.7916667 0.8333333 0.875 0.9166667 0.9583333 1 1.041667 1.083333 1.125 1.166667 1.208333 1.25 1.291667 1.333333 1.375 1.416667 1.458333 1.5 1.541667 1.583333 1.625 1.666667 1.708333 1.75 1.791667 1.833333 1.875 1.916667 1.958333 2 2.041667 2.083333 2.125 2.166667 2.208333 2.25 2.291667 2.333333 2.375 2.416667 2.458333 2.5 2.541667 2.583333 2.625 2.666667 2.708333 2.75 2.791667 2.833333 2.875 2.916667 2.958333 3 3.041667 3.083333 3.125 3.166667 3.208333 3.25 3.291667 3.333333 3.375 3.416667 3.458333 3.5 3.541667 3.583333 3.625 3.666667 3.708333 3.75 3.791667 3.833333 3.875 3.916667 3.958333 4 4.041666 4.083333 4.125 4.166666 4.208333 4.25 4.291666 4.333333 4.375 4.416666 4.458333 4.5 4.541666 4.583333 4.625 4.666666 4.708333 4.75 4.791666 4.833333 4.875 4.916666 4.958333 5 5.041666 5.083333 5.125 5.166666 5.208333 5.25 5.291666 5.333333 5.375 5.416666 5.458333 5.5 5.541666 5.583333 5.625 5.666666 5.708333 5.75 5.791666 5.833333 5.875 5.916666 5.958333 6 6.041666 6.083333 6.125 6.166666 6.208333 6.25 6.291666 6.333333 6.375 6.416666 6.458333 6.5 6.541666 6.583333 6.625 6.666666 6.708333 6.75 6.791666 6.833333 6.875 6.916666 6.958333 7 7.041666 7.083333 7.125 7.166666 7.208333 7.25 7.291666 7.333333 7.375 7.416666 7.458333 7.5 7.541666 7.583333 7.625 7.666666 7.708333 7.75 7.791666 7.833333 7.875 7.916666 7.958333 8 8.041667 8.083333 8.125 8.166667 8.208333 8.25 8.291667 8.333333 8.375 8.416667 8.458333 8.5 8.541667 8.583333 8.625 8.666667 8.708333 8.75 8.791667 8.833333 8.875 8.916667 8.958333 9 9.041667 9.083333 9.125 9.166667 9.208333 9.25 9.291667 9.333333 9.375 9.416667 9.458333 9.5 9.541667 9.583333 9.625 9.666667 9.708333 9.75 9.791667 9.833333 9.875 9.916667 9.958333 10 10.04167 10.08333 10.125 10.16667 10.20833 10.25 10.29167 10.33333 10.375 10.41667</float_array>
          <technique_common>
            <accessor source="#Propeller01_Propeller01Action_transform-input-array" count="250" stride="1">
              <param name="TIME" type="float"/>
            </accessor>
          </technique_common>
        </source>
        <source id="Propeller01_Propeller01Action_transform-output">
          <float_array id="Propeller01_Propeller01Action_transform-output-array" count="4000">1 0 0 0.2297938 0 1 0 0.2297798 0 0 1 0.04755412 0 0 0 1 0.9685832 -0.2486899 0 0.2297938 0.2486899 0.9685832 0 0.2297798 0 0 1 0.04755412 0 0 0 1 0.8763067 -0.4817537 0 0.2297938 0.4817537 0.8763067 0 0.2297798 0 0 1 0.04755412 0 0 0 1 0.7289686 -0.6845471 0 0.2297938 0.6845471 0.7289686 0 0.2297798 0 0 1 0.04755412 0 0 0 1 0.5358267 -0.8443279 0 0.2297938 0.8443279 0.5358267 0 0.2297798 0 0 1 0.04755412 0 0 0 1 0.309017 -0.9510565 0 0.2297938 0.9510565 0.309017 0 0.2297798 0 0 1 0.04755412 0 0 0 1 0.0627905 -0.9980267 0 0.2297938 0.9980267 0.0627905 0 0.2297798 0 0 1 0.04755412 0 0 0 1 -0.1873814 -0.9822872 0 0.2297938 0.9822872 -0.1873814 0 0.2297798 0 0 1 0.04755412 0 0 0 1 -0.4257794 -0.904827 0 0.2297938 0.904827 -0.4257794 0 0.2297798 0 0 1 0.04755412 0 0 0 1 -0.637424 -0.7705132 0 0.2297938 0.7705132 -0.637424 0 0.2297798 0 0 1 0.04755412 0 0 0 1 -0.8090171 -0.5877852 0 0.2297938 0.5877852 -0.8090171 0 0.2297798 0 0 1 0.04755412 0 0 0 1 -0.9297765 -0.3681244 0 0.2297938 0.3681244 -0.9297765 0 0.2297798 0 0 1 0.04755412 0 0 0 1 -0.9921147 -0.1253332 0 0.2297938 0.1253332 -0.9921147 0 0.2297798 0 0 1 0.04755412 0 0 0 1 -0.9921147 0.1253334 0 0.2297938 -0.1253334 -0.9921147 0 0.2297798 0 0 1 0.04755412 0 0 0 1 -0.9297764 0.3681248 0 0.2297938 -0.3681248 -0.9297764 0 0.2297798 0 0 1 0.04755412 0 0 0 1 -0.8090169 0.5877854 0 0.2297938 -0.5877854 -0.8090169 0 0.2297798 0 0 1 0.04755412 0 0 0 1 -0.6374238 0.7705134 0 0.2297938 -0.7705134 -0.6374238 0 0.2297798 0 0 1 0.04755412 0 0 0 1 -0.425779 0.9048272 0 0.2297938 -0.9048272 -0.425779 0 0.2297798 0 0 1 0.04755412 0 0 0 1 -0.1873814 0.9822872 0 0.2297938 -0.9822872 -0.1873814 0 0.2297798 0 0 1 0.04755412 0 0 0 1 0.06279056 0.9980267 0 0.2297938 -0.9980267 0.06279056 0 0.2297798 0 0 1 0.04755412 0 0 0 1 0.3090171 0.9510565 0 0.2297938 -0.9510565 0.3090171 0 0.2297798 0 0 1 0.04755412 0 0 0 1 0.535827 0.8443278 0 0.2297938 -0.8443278 0.535827 0 0.2297798 0 0 1 0.04755412 0 0 0 1 0.7289689 0.6845468 0 0.2297938 -0.6845468 0.7289689 0 0.2297798 0 0 1 0.04755412 0 0 0 1 0.8763067 0.4817537 0 0.2297938 -0.4817537 0.8763067 0 0.2297798 0 0 1 0.04755412 0 0 0 1 0.9685832 0.2486898 0 0.2297938 -0.2486898 0.9685832 0 0.2297798 0 0 1 0.04755412 0 0 0 1 1 -1.74846e-7 0 0.2297938 1.74846e-7 1 0 0.2297798 0 0 1 0.04755412 0 0 0 1 1 -1.74846e-7 0 0.2297938 1.74846e-7 1 0 0.2297798 0 0 1 0.04755412 0 0 0 1 1 -1.74846e-7 0 0.2297938 1.74846e-7 1 0 0.2297798 0 0 1 0.04755412 0 0 0 1 1 -1.74846e-7 0 0.2297938 1.74846e-7 1 0 0.2297798 0 0 1 0.04755412 0 0 0 1 1 -1.74846e-7 0 0.2297938 1.74846e-7 1 0 0.2297798 0 0 1 0.04755412 0 0 0 1 1 -1.74846e-7 0 0.2297938 1.74846e-7 1 0 0.2297798 0 0 1 0.04755412 0 0 0 1 1 -1.74846e-7 0 0.2297938 1.74846e-7 1 0 0.2297798 0 0 1 0.04755412 0 0 0 1 1 -1.74846e-7 0 0.2297938 1.74846e-7 1 0 0.2297798 0 0 1 0.04755412 0 0 0 1 1 -1.74846e-7 0 0.2297938 1.74846e-7 1 0 0.2297798 0 0 1 0.04755412 0 0 0 1 1 -1.74846e-7 0 0.2297938 1.74846e-7 1 0 0.2297798 0 0 1 0.04755412 0 0 0 1 1 -1.74846e-7 0 0.2297938 1.74846e-7 1 0 0.2297798 0 0 1 0.04755412 0 0 0 1 1 -1.74846e-7 0 0.2297938 1.74846e-7 1 0 0.2297798 0 0 1 0.04755412 0 0 0 1 1 -1.74846e-7 0 0.2297938 1.74846e-7 1 0 0.2297798 0 0 1 0.04755412 0 0 0 1 1 -1.74846e-7 0 0.2297938 1.74846e-7 1 0 0.2297798 0 0 1 0.04755412 0 0 0 1 1 -1.74846e-7 0 0.2297938 1.74846e-7 1 0 0.2297798 0 0 1 0.04755412 0 0 0 1 1 -1.74846e-7 0 0.2297938 1.74846e-7 1 0 0.2297798 0 0 1 0.04755412 0 0 0 1 1 -1.74846e-7 0 0.2297938 1.74846e-7 1 0 0.2297798 0 0 1 0.04755412 0 0 0 1 1 -1.74846e-7 0 0.2297938 1.74846e-7 1 0 0.2297798 0 0 1 0.04755412 0 0 0 1 1 -1.74846e-7 0 0.2297938 1.74846e-7 1 0 0.2297798 0 0 1 0.04755412 0 0 0 1 1 -1.74846e-7 0 0.2297938 1.74846e-7 1 0 0.2297798 0 0 1 0.04755412 0 0 0 1 1 -1.74846e-7 0 0.2297938 1.74846e-7 1 0 0.2297798 0 0 1 0.04755412 0 0 0 1 1 -1.74846e-7 0 0.2297938 1.74846e-7 1 0 0.2297798 0 0 1 0.04755412 0 0 0 1 1 -1.74846e-7 0 0.2297938 1.74846e-7 1 0 0.2297798 0 0 1 0.04755412 0 0 0 1 1 -1.74846e-7 0 0.2297938 1.74846e-7 1 0 0.2297798 0 0 1 0.04755412 0 0 0 1 1 -1.74846e-7 0 0.2297938 1.74846e-7 1 0 0.2297798 0 0 1 0.04755412 0 0 0 1 1 -1.74846e-7 0 0.2297938 1.74846e-7 1 0 0.2297798 0 0 1 0.04755412 0 0 0 1 1 -1.74846e-7 0 0.2297938 1.74846e-7 1 0 0.2297798 0 0 1 0.04755412 0 0 0 1 1 -1.74846e-7 0 0.2297938 1.74846e-7 1 0 0.2297798 0 0 1 0.04755412 0 0 0 1 1 -1.74846e-7 0 0.2297938 1.74846e-7 1 0 0.2297798 0 0 1 0.04755412 0 0 0 1 1 -1.74846e-7 0 0.2297938 1.74846e-7 1 0 0.2297798 0 0 1 0.04755412 0 0 0 1 1 -1.74846e-7 0 0.2297938 1.74846e-7 1 0 0.2297798 0 0 1 0.04755412 0 0 0 1 1 -1.74846e-7 0 0.2297938 1.74846e-7 1 0 0.2297798 0 0 1 0.04755412 0 0 0 1 1 -1.74846e-7 0 0.2297938 1.74846e-7 1 0 0.2297798 0 0 1 0.04755412 0 0 0 1 1 -1.74846e-7 0 0.2297938 1.74846e-7 1 0 0.2297798 0 0 1 0.04755412 0 0 0 1 1 -1.74846e-7 0 0.2297938 1.74846e-7 1 0 0.2297798 0 0 1 0.04755412 0 0 0 1 1 -1.74846e-7 0 0.2297938 1.74846e-7 1 0 0.2297798 0 0 1 0.04755412 0 0 0 1 1 -1.74846e-7 0 0.2297938 1.74846e-7 1 0 0.2297798 0 0 1 0.04755412 0 0 0 1 1 -1.74846e-7 0 0.2297938 1.74846e-7 1 0 0.2297798 0 0 1 0.04755412 0 0 0 1 1 -1.74846e-7 0 0.2297938 1.74846e-7 1 0 0.2297798 0 0 1 0.04755412 0 0 0 1 1 -1.74846e-7 0 0.2297938 1.74846e-7 1 0 0.2297798 0 0 1 0.04755412 0 0 0 1 1 -1.74846e-7 0 0.2297938 1.74846e-7 1 0 0.2297798 0 0 1 0.04755412 0 0 0 1 1 -1.74846e-7 0 0.2297938 1.74846e-7 1 0 0.2297798 0 0 1 0.04755412 0 0 0 1 1 -1.74846e-7 0 0.2297938 1.74846e-7 1 0 0.2297798 0 0 1 0.04755412 0 0 0 1 1 -1.74846e-7 0 0.2297938 1.74846e-7 1 0 0.2297798 0 0 1 0.04755412 0 0 0 1 1 -1.74846e-7 0 0.2297938 1.74846e-7 1 0 0.2297798 0 0 1 0.04755412 0 0 0 1 1 -1.74846e-7 0 0.2297938 1.74846e-7 1 0 0.2297798 0 0 1 0.04755412 0 0 0 1 1 -1.74846e-7 0 0.2297938 1.74846e-7 1 0 0.2297798 0 0 1 0.04755412 0 0 0 1 1 -1.74846e-7 0 0.2297938 1.74846e-7 1 0 0.2297798 0 0 1 0.04755412 0 0 0 1 1 -1.74846e-7 0 0.2297938 1.74846e-7 1 0 0.2297798 0 0 1 0.04755412 0 0 0 1 1 -1.74846e-7 0 0.2297938 1.74846e-7 1 0 0.2297798 0 0 1 0.04755412 0 0 0 1 1 -1.74846e-7 0 0.2297938 1.74846e-7 1 0 0.2297798 0 0 1 0.04755412 0 0 0 1 1 -1.74846e-7 0 0.2297938 1.74846e-7 1 0 0.2297798 0 0 1 0.04755412 0 0 0 1 1 -1.74846e-7 0 0.2297938 1.74846e-7 1 0 0.2297798 0 0 1 0.04755412 0 0 0 1 1 -1.74846e-7 0 0.2297938 1.74846e-7 1 0 0.2297798 0 0 1 0.04755412 0 0 0 1 1 -1.74846e-7 0 0.2297938 1.74846e-7 1 0 0.2297798 0 0 1 0.04755412 0 0 0 1 1 -1.74846e-7 0 0.2297938 1.74846e-7 1 0 0.2297798 0 0 1 0.04755412 0 0 0 1 1 -1.74846e-7 0 0.2297938 1.74846e-7 1 0 0.2297798 0 0 1 0.04755412 0 0 0 1 1 -1.74846e-7 0 0.2297938 1.74846e-7 1 0 0.2297798 0 0 1 0.04755412 0 0 0 1 1 -1.74846e-7 0 0.2297938 1.74846e-7 1 0 0.2297798 0 0 1 0.04755412 0 0 0 1 1 -1.74846e-7 0 0.2297938 1.74846e-7 1 0 0.2297798 0 0 1 0.04755412 0 0 0 1 1 -1.74846e-7 0 0.2297938 1.74846e-7 1 0 0.2297798 0 0 1 0.04755412 0 0 0 1 1 -1.74846e-7 0 0.2297938 1.74846e-7 1 0 0.2297798 0 0 1 0.04755412 0 0 0 1 1 -1.74846e-7 0 0.2297938 1.74846e-7 1 0 0.2297798 0 0 1 0.04755412 0 0 0 1 1 -1.74846e-7 0 0.2297938 1.74846e-7 1 0 0.2297798 0 0 1 0.04755412 0 0 0 1 1 -1.74846e-7 0 0.2297938 1.74846e-7 1 0 0.2297798 0 0 1 0.04755412 0 0 0 1 1 -1.74846e-7 0 0.2297938 1.74846e-7 1 0 0.2297798 0 0 1 0.04755412 0 0 0 1 1 -1.74846e-7 0 0.2297938 1.74846e-7 1 0 0.2297798 0 0 1 0.04755412 0 0 0 1 1 -1.74846e-7 0 0.2297938 1.74846e-7 1 0 0.2297798 0 0 1 0.04755412 0 0 0 1 1 -1.74846e-7 0 0.2297938 1.74846e-7 1 0 0.2297798 0 0 1 0.04755412 0 0 0 1 1 -1.74846e-7 0 0.2297938 1.74846e-7 1 0 0.2297798 0 0 1 0.04755412 0 0 0 1 1 -1.74846e-7 0 0.2297938 1.74846e-7 1 0 0.2297798 0 0 1 0.04755412 0 0 0 1 1 -1.74846e-7 0 0.2297938 1.74846e-7 1 0 0.2297798 0 0 1 0.04755412 0 0 0 1 1 -1.74846e-7 0 0.2297938 1.74846e-7 1 0 0.2297798 0 0 1 0.04755412 0 0 0 1 1 -1.74846e-7 0 0.2297938 1.74846e-7 1 0 0.2297798 0 0 1 0.04755412 0 0 0 1 1 -1.74846e-7 0 0.2297938 1.74846e-7 1 0 0.2297798 0 0 1 0.04755412 0 0 0 1 1 -1.74846e-7 0 0.2297938 1.74846e-7 1 0 0.2297798 0 0 1 0.04755412 0 0 0 1 1 -1.74846e-7 0 0.2297938 1.74846e-7 1 0 0.2297798 0 0 1 0.04755412 0 0 0 1 1 -1.74846e-7 0 0.2297938 1.74846e-7 1 0 0.2297798 0 0 1 0.04755412 0 0 0 1 1 -1.74846e-7 0 0.2297938 1.74846e-7 1 0 0.2297798 0 0 1 0.04755412 0 0 0 1 1 -1.74846e-7 0 0.2297938 1.74846e-7 1 0 0.2297798 0 0 1 0.04755412 0 0 0 1 1 -1.74846e-7 0 0.2297938 1.74846e-7 1 0 0.2297798 0 0 1 0.04755412 0 0 0 1 1 -1.74846e-7 0 0.2297938 1.74846e-7 1 0 0.2297798 0 0 1 0.04755412 0 0 0 1 1 -1.74846e-7 0 0.2297938 1.74846e-7 1 0 0.2297798 0 0 1 0.04755412 0 0 0 1 1 -1.74846e-7 0 0.2297938 1.74846e-7 1 0 0.2297798 0 0 1 0.04755412 0 0 0 1 1 -1.74846e-7 0 0.2297938 1.74846e-7 1 0 0.2297798 0 0 1 0.04755412 0 0 0 1 1 -1.74846e-7 0 0.2297938 1.74846e-7 1 0 0.2297798 0 0 1 0.04755412 0 0 0 1 1 -1.74846e-7 0 0.2297938 1.74846e-7 1 0 0.2297798 0 0 1 0.04755412 0 0 0 1 1 -1.74846e-7 0 0.2297938 1.74846e-7 1 0 0.2297798 0 0 1 0.04755412 0 0 0 1 1 -1.74846e-7 0 0.2297938 1.74846e-7 1 0 0.2297798 0 0 1 0.04755412 0 0 0 1 1 -1.74846e-7 0 0.2297938 1.74846e-7 1 0 0.2297798 0 0 1 0.04755412 0 0 0 1 1 -1.74846e-7 0 0.2297938 1.74846e-7 1 0 0.2297798 0 0 1 0.04755412 0 0 0 1 1 -1.74846e-7 0 0.2297938 1.74846e-7 1 0 0.2297798 0 0 1 0.04755412 0 0 0 1 1 -1.74846e-7 0 0.2297938 1.74846e-7 1 0 0.2297798 0 0 1 0.04755412 0 0 0 1 1 -1.74846e-7 0 0.2297938 1.74846e-7 1 0 0.2297798 0 0 1 0.04755412 0 0 0 1 1 -1.74846e-7 0 0.2297938 1.74846e-7 1 0 0.2297798 0 0 1 0.04755412 0 0 0 1 1 -1.74846e-7 0 0.2297938 1.74846e-7 1 0 0.2297798 0 0 1 0.04755412 0 0 0 1 1 -1.74846e-7 0 0.2297938 1.74846e-7 1 0 0.2297798 0 0 1 0.04755412 0 0 0 1 1 -1.74846e-7 0 0.2297938 1.74846e-7 1 0 0.2297798 0 0 1 0.04755412 0 0 0 1 1 -1.74846e-7 0 0.2297938 1.74846e-7 1 0 0.2297798 0 0 1 0.04755412 0 0 0 1 1 -1.74846e-7 0 0.2297938 1.74846e-7 1 0 0.2297798 0 0 1 0.04755412 0 0 0 1 1 -1.74846e-7 0 0.2297938 1.74846e-7 1 0 0.2297798 0 0 1 0.04755412 0 0 0 1 1 -1.74846e-7 0 0.2297938 1.74846e-7 1 0 0.2297798 0 0 1 0.04755412 0 0 0 1 1 -1.74846e-7 0 0.2297938 1.74846e-7 1 0 0.2297798 0 0 1 0.04755412 0 0 0 1 1 -1.74846e-7 0 0.2297938 1.74846e-7 1 0 0.2297798 0 0 1 0.04755412 0 0 0 1 1 -1.74846e-7 0 0.2297938 1.74846e-7 1 0 0.2297798 0 0 1 0.04755412 0 0 0 1 1 -1.74846e-7 0 0.2297938 1.74846e-7 1 0 0.2297798 0 0 1 0.04755412 0 0 0 1 1 -1.74846e-7 0 0.2297938 1.74846e-7 1 0 0.2297798 0 0 1 0.04755412 0 0 0 1 1 -1.74846e-7 0 0.2297938 1.74846e-7 1 0 0.2297798 0 0 1 0.04755412 0 0 0 1 1 -1.74846e-7 0 0.2297938 1.74846e-7 1 0 0.2297798 0 0 1 0.04755412 0 0 0 1 1 -1.74846e-7 0 0.2297938 1.74846e-7 1 0 0.2297798 0 0 1 0.04755412 0 0 0 1 1 -1.74846e-7 0 0.2297938 1.74846e-7 1 0 0.2297798 0 0 1 0.04755412 0 0 0 1 1 -1.74846e-7 0 0.2297938 1.74846e-7 1 0 0.2297798 0 0 1 0.04755412 0 0 0 1 1 -1.74846e-7 0 0.2297938 1.74846e-7 1 0 0.2297798 0 0 1 0.04755412 0 0 0 1 1 -1.74846e-7 0 0.2297938 1.74846e-7 1 0 0.2297798 0 0 1 0.04755412 0 0 0 1 1 -1.74846e-7 0 0.2297938 1.74846e-7 1 0 0.2297798 0 0 1 0.04755412 0 0 0 1 1 -1.74846e-7 0 0.2297938 1.74846e-7 1 0 0.2297798 0 0 1 0.04755412 0 0 0 1 1 -1.74846e-7 0 0.2297938 1.74846e-7 1 0 0.2297798 0 0 1 0.04755412 0 0 0 1 1 -1.74846e-7 0 0.2297938 1.74846e-7 1 0 0.2297798 0 0 1 0.04755412 0 0 0 1 1 -1.74846e-7 0 0.2297938 1.74846e-7 1 0 0.2297798 0 0 1 0.04755412 0 0 0 1 1 -1.74846e-7 0 0.2297938 1.74846e-7 1 0 0.2297798 0 0 1 0.04755412 0 0 0 1 1 -1.74846e-7 0 0.2297938 1.74846e-7 1 0 0.2297798 0 0 1 0.04755412 0 0 0 1 1 -1.74846e-7 0 0.2297938 1.74846e-7 1 0 0.2297798 0 0 1 0.04755412 0 0 0 1 1 -1.74846e-7 0 0.2297938 1.74846e-7 1 0 0.2297798 0 0 1 0.04755412 0 0 0 1 1 -1.74846e-7 0 0.2297938 1.74846e-7 1 0 0.2297798 0 0 1 0.04755412 0 0 0 1 1 -1.74846e-7 0 0.2297938 1.74846e-7 1 0 0.2297798 0 0 1 0.04755412 0 0 0 1 1 -1.74846e-7 0 0.2297938 1.74846e-7 1 0 0.2297798 0 0 1 0.04755412 0 0 0 1 1 -1.74846e-7 0 0.2297938 1.74846e-7 1 0 0.2297798 0 0 1 0.04755412 0 0 0 1 1 -1.74846e-7 0 0.2297938 1.74846e-7 1 0 0.2297798 0 0 1 0.04755412 0 0 0 1 1 -1.74846e-7 0 0.2297938 1.74846e-7 1 0 0.2297798 0 0 1 0.04755412 0 0 0 1 1 -1.74846e-7 0 0.2297938 1.74846e-7 1 0 0.2297798 0 0 1 0.04755412 0 0 0 1 1 -1.74846e-7 0 0.2297938 1.74846e-7 1 0 0.2297798 0 0 1 0.04755412 0 0 0 1 1 -1.74846e-7 0 0.2297938 1.74846e-7 1 0 0.2297798 0 0 1 0.04755412 0 0 0 1 1 -1.74846e-7 0 0.2297938 1.74846e-7 1 0 0.2297798 0 0 1 0.04755412 0 0 0 1 1 -1.74846e-7 0 0.2297938 1.74846e-7 1 0 0.2297798 0 0 1 0.04755412 0 0 0 1 1 -1.74846e-7 0 0.2297938 1.74846e-7 1 0 0.2297798 0 0 1 0.04755412 0 0 0 1 1 -1.74846e-7 0 0.2297938 1.74846e-7 1 0 0.2297798 0 0 1 0.04755412 0 0 0 1 1 -1.74846e-7 0 0.2297938 1.74846e-7 1 0 0.2297798 0 0 1 0.04755412 0 0 0 1 1 -1.74846e-7 0 0.2297938 1.74846e-7 1 0 0.2297798 0 0 1 0.04755412 0 0 0 1 1 -1.74846e-7 0 0.2297938 1.74846e-7 1 0 0.2297798 0 0 1 0.04755412 0 0 0 1 1 -1.74846e-7 0 0.2297938 1.74846e-7 1 0 0.2297798 0 0 1 0.04755412 0 0 0 1 1 -1.74846e-7 0 0.2297938 1.74846e-7 1 0 0.2297798 0 0 1 0.04755412 0 0 0 1 1 -1.74846e-7 0 0.2297938 1.74846e-7 1 0 0.2297798 0 0 1 0.04755412 0 0 0 1 1 -1.74846e-7 0 0.2297938 1.74846e-7 1 0 0.2297798 0 0 1 0.04755412 0 0 0 1 1 -1.74846e-7 0 0.2297938 1.74846e-7 1 0 0.2297798 0 0 1 0.04755412 0 0 0 1 1 -1.74846e-7 0 0.2297938 1.74846e-7 1 0 0.2297798 0 0 1 0.04755412 0 0 0 1 1 -1.74846e-7 0 0.2297938 1.74846e-7 1 0 0.2297798 0 0 1 0.04755412 0 0 0 1 1 -1.74846e-7 0 0.2297938 1.74846e-7 1 0 0.2297798 0 0 1 0.04755412 0 0 0 1 1 -1.74846e-7 0 0.2297938 1.74846e-7 1 0 0.2297798 0 0 1 0.04755412 0 0 0 1 1 -1.74846e-7 0 0.2297938 1.74846e-7 1 0 0.2297798 0 0 1 0.04755412 0 0 0 1 1 -1.74846e-7 0 0.2297938 1.74846e-7 1 0 0.2297798 0 0 1 0.04755412 0 0 0 1 1 -1.74846e-7 0 0.2297938 1.74846e-7 1 0 0.2297798 0 0 1 0.04755412 0 0 0 1 1 -1.74846e-7 0 0.2297938 1.74846e-7 1 0 0.2297798 0 0 1 0.04755412 0 0 0 1 1 -1.74846e-7 0 0.2297938 1.74846e-7 1 0 0.2297798 0 0 1 0.04755412 0 0 0 1 1 -1.74846e-7 0 0.2297938 1.74846e-7 1 0 0.2297798 0 0 1 0.04755412 0 0 0 1 1 -1.74846e-7 0 0.2297938 1.74846e-7 1 0 0.2297798 0 0 1 0.04755412 0 0 0 1 1 -1.74846e-7 0 0.2297938 1.74846e-7 1 0 0.2297798 0 0 1 0.04755412 0 0 0 1 1 -1.74846e-7 0 0.2297938 1.74846e-7 1 0 0.2297798 0 0 1 0.04755412 0 0 0 1 1 -1.74846e-7 0 0.2297938 1.74846e-7 1 0 0.2297798 0 0 1 0.04755412 0 0 0 1 1 -1.74846e-7 0 0.2297938 1.74846e-7 1 0 0.2297798 0 0 1 0.04755412 0 0 0 1 1 -1.74846e-7 0 0.2297938 1.74846e-7 1 0 0.2297798 0 0 1 0.04755412 0 0 0 1 1 -1.74846e-7 0 0.2297938 1.74846e-7 1 0 0.2297798 0 0 1 0.04755412 0 0 0 1 1 -1.74846e-7 0 0.2297938 1.74846e-7 1 0 0.2297798 0 0 1 0.04755412 0 0 0 1 1 -1.74846e-7 0 0.2297938 1.74846e-7 1 0 0.2297798 0 0 1 0.04755412 0 0 0 1 1 -1.74846e-7 0 0.2297938 1.74846e-7 1 0 0.2297798 0 0 1 0.04755412 0 0 0 1 1 -1.74846e-7 0 0.2297938 1.74846e-7 1 0 0.2297798 0 0 1 0.04755412 0 0 0 1 1 -1.74846e-7 0 0.2297938 1.74846e-7 1 0 0.2297798 0 0 1 0.04755412 0 0 0 1 1 -1.74846e-7 0 0.2297938 1.74846e-7 1 0 0.2297798 0 0 1 0.04755412 0 0 0 1 1 -1.74846e-7 0 0.2297938 1.74846e-7 1 0 0.2297798 0 0 1 0.04755412 0 0 0 1 1 -1.74846e-7 0 0.2297938 1.74846e-7 1 0 0.2297798 0 0 1 0.04755412 0 0 0 1 1 -1.74846e-7 0 0.2297938 1.74846e-7 1 0 0.2297798 0 0 1 0.04755412 0 0 0 1 1 -1.74846e-7 0 0.2297938 1.74846e-7 1 0 0.2297798 0 0 1 0.04755412 0 0 0 1 1 -1.74846e-7 0 0.2297938 1.74846e-7 1 0 0.2297798 0 0 1 0.04755412 0 0 0 1 1 -1.74846e-7 0 0.2297938 1.74846e-7 1 0 0.2297798 0 0 1 0.04755412 0 0 0 1 1 -1.74846e-7 0 0.2297938 1.74846e-7 1 0 0.2297798 0 0 1 0.04755412 0 0 0 1 1 -1.74846e-7 0 0.2297938 1.74846e-7 1 0 0.2297798 0 0 1 0.04755412 0 0 0 1 1 -1.74846e-7 0 0.2297938 1.74846e-7 1 0 0.2297798 0 0 1 0.04755412 0 0 0 1 1 -1.74846e-7 0 0.2297938 1.74846e-7 1 0 0.2297798 0 0 1 0.04755412 0 0 0 1 1 -1.74846e-7 0 0.2297938 1.74846e-7 1 0 0.2297798 0 0 1 0.04755412 0 0 0 1 1 -1.74846e-7 0 0.2297938 1.74846e-7 1 0 0.2297798 0 0 1 0.04755412 0 0 0 1 1 -1.74846e-7 0 0.2297938 1.74846e-7 1 0 0.2297798 0 0 1 0.04755412 0 0 0 1 1 -1.74846e-7 0 0.2297938 1.74846e-7 1 0 0.2297798 0 0 1 0.04755412 0 0 0 1 1 -1.74846e-7 0 0.2297938 1.74846e-7 1 0 0.2297798 0 0 1 0.04755412 0 0 0 1 1 -1.74846e-7 0 0.2297938 1.74846e-7 1 0 0.2297798 0 0 1 0.04755412 0 0 0 1 1 -1.74846e-7 0 0.2297938 1.74846e-7 1 0 0.2297798 0 0 1 0.04755412 0 0 0 1 1 -1.74846e-7 0 0.2297938 1.74846e-7 1 0 0.2297798 0 0 1 0.04755412 0 0 0 1 1 -1.74846e-7 0 0.2297938 1.74846e-7 1 0 0.2297798 0 0 1 0.04755412 0 0 0 1 1 -1.74846e-7 0 0.2297938 1.74846e-7 1 0 0.2297798 0 0 1 0.04755412 0 0 0 1 1 -1.74846e-7 0 0.2297938 1.74846e-7 1 0 0.2297798 0 0 1 0.04755412 0 0 0 1 1 -1.74846e-7 0 0.2297938 1.74846e-7 1 0 0.2297798 0 0 1 0.04755412 0 0 0 1 1 -1.74846e-7 0 0.2297938 1.74846e-7 1 0 0.2297798 0 0 1 0.04755412 0 0 0 1 1 -1.74846e-7 0 0.2297938 1.74846e-7 1 0 0.2297798 0 0 1 0.04755412 0 0 0 1 1 -1.74846e-7 0 0.2297938 1.74846e-7 1 0 0.2297798 0 0 1 0.04755412 0 0 0 1 1 -1.74846e-7 0 0.2297938 1.74846e-7 1 0 0.2297798 0 0 1 0.04755412 0 0 0 1 1 -1.74846e-7 0 0.2297938 1.74846e-7 1 0 0.2297798 0 0 1 0.04755412 0 0 0 1 1 -1.74846e-7 0 0.2297938 1.74846e-7 1 0 0.2297798 0 0 1 0.04755412 0 0 0 1 1 -1.74846e-7 0 0.2297938 1.74846e-7 1 0 0.2297798 0 0 1 0.04755412 0 0 0 1 1 -1.74846e-7 0 0.2297938 1.74846e-7 1 0 0.2297798 0 0 1 0.04755412 0 0 0 1 1 -1.74846e-7 0 0.2297938 1.74846e-7 1 0 0.2297798 0 0 1 0.04755412 0 0 0 1 1 -1.74846e-7 0 0.2297938 1.74846e-7 1 0 0.2297798 0 0 1 0.04755412 0 0 0 1 1 -1.74846e-7 0 0.2297938 1.74846e-7 1 0 0.2297798 0 0 1 0.04755412 0 0 0 1 1 -1.74846e-7 0 0.2297938 1.74846e-7 1 0 0.2297798 0 0 1 0.04755412 0 0 0 1 1 -1.74846e-7 0 0.2297938 1.74846e-7 1 0 0.2297798 0 0 1 0.04755412 0 0 0 1 1 -1.74846e-7 0 0.2297938 1.74846e-7 1 0 0.2297798 0 0 1 0.04755412 0 0 0 1 1 -1.74846e-7 0 0.2297938 1.74846e-7 1 0 0.2297798 0 0 1 0.04755412 0 0 0 1 1 -1.74846e-7 0 0.2297938 1.74846e-7 1 0 0.2297798 0 0 1 0.04755412 0 0 0 1 1 -1.74846e-7 0 0.2297938 1.74846e-7 1 0 0.2297798 0 0 1 0.04755412 0 0 0 1 1 -1.74846e-7 0 0.2297938 1.74846e-7 1 0 0.2297798 0 0 1 0.04755412 0 0 0 1 1 -1.74846e-7 0 0.2297938 1.74846e-7 1 0 0.2297798 0 0 1 0.04755412 0 0 0 1 1 -1.74846e-7 0 0.2297938 1.74846e-7 1 0 0.2297798 0 0 1 0.04755412 0 0 0 1 1 -1.74846e-7 0 0.2297938 1.74846e-7 1 0 0.2297798 0 0 1 0.04755412 0 0 0 1 1 -1.74846e-7 0 0.2297938 1.74846e-7 1 0 0.2297798 0 0 1 0.04755412 0 0 0 1 1 -1.74846e-7 0 0.2297938 1.74846e-7 1 0 0.2297798 0 0 1 0.04755412 0 0 0 1 1 -1.74846e-7 0 0.2297938 1.74846e-7 1 0 0.2297798 0 0 1 0.04755412 0 0 0 1 1 -1.74846e-7 0 0.2297938 1.74846e-7 1 0 0.2297798 0 0 1 0.04755412 0 0 0 1 1 -1.74846e-7 0 0.2297938 1.74846e-7 1 0 0.2297798 0 0 1 0.04755412 0 0 0 1 1 -1.74846e-7 0 0.2297938 1.74846e-7 1 0 0.2297798 0 0 1 0.04755412 0 0 0 1 1 -1.74846e-7 0 0.2297938 1.74846e-7 1 0 0.2297798 0 0 1 0.04755412 0 0 0 1 1 -1.74846e-7 0 0.2297938 1.74846e-7 1 0 0.2297798 0 0 1 0.04755412 0 0 0 1 1 -1.74846e-7 0 0.2297938 1.74846e-7 1 0 0.2297798 0 0 1 0.04755412 0 0 0 1 1 -1.74846e-7 0 0.2297938 1.74846e-7 1 0 0.2297798 0 0 1 0.04755412 0 0 0 1 1 -1.74846e-7 0 0.2297938 1.74846e-7 1 0 0.2297798 0 0 1 0.04755412 0 0 0 1 1 -1.74846e-7 0 0.2297938 1.74846e-7 1 0 0.2297798 0 0 1 0.04755412 0 0 0 1 1 -1.74846e-7 0 0.2297938 1.74846e-7 1 0 0.2297798 0 0 1 0.04755412 0 0 0 1 1 -1.74846e-7 0 0.2297938 1.74846e-7 1 0 0.2297798 0 0 1 0.04755412 0 0 0 1 1 -1.74846e-7 0 0.2297938 1.74846e-7 1 0 0.2297798 0 0 1 0.04755412 0 0 0 1</float_array>
          <technique_common>
            <accessor source="#Propeller01_Propeller01Action_transform-output-array" count="250" stride="16">
              <param name="TRANSFORM" type="float4x4"/>
            </accessor>
          </technique_common>
        </source>
        <source id="Propeller01_Propeller01Action_transform-interpolation">
          <Name_array id="Propeller01_Propeller01Action_transform-interpolation-array" count="250">LINEAR LINEAR LINEAR LINEAR LINEAR LINEAR LINEAR LINEAR LINEAR LINEAR LINEAR LINEAR LINEAR LINEAR LINEAR LINEAR LINEAR LINEAR LINEAR LINEAR LINEAR LINEAR LINEAR LINEAR LINEAR LINEAR LINEAR LINEAR LINEAR LINEAR LINEAR LINEAR LINEAR LINEAR LINEAR LINEAR LINEAR LINEAR LINEAR LINEAR LINEAR LINEAR LINEAR LINEAR LINEAR LINEAR LINEAR LINEAR LINEAR LINEAR LINEAR LINEAR LINEAR LINEAR LINEAR LINEAR LINEAR LINEAR LINEAR LINEAR LINEAR LINEAR LINEAR LINEAR LINEAR LINEAR LINEAR LINEAR LINEAR LINEAR LINEAR LINEAR LINEAR LINEAR LINEAR LINEAR LINEAR LINEAR LINEAR LINEAR LINEAR LINEAR LINEAR LINEAR LINEAR LINEAR LINEAR LINEAR LINEAR LINEAR LINEAR LINEAR LINEAR LINEAR LINEAR LINEAR LINEAR LINEAR LINEAR LINEAR LINEAR LINEAR LINEAR LINEAR LINEAR LINEAR LINEAR LINEAR LINEAR LINEAR LINEAR LINEAR LINEAR LINEAR LINEAR LINEAR LINEAR LINEAR LINEAR LINEAR LINEAR LINEAR LINEAR LINEAR LINEAR LINEAR LINEAR LINEAR LINEAR LINEAR LINEAR LINEAR LINEAR LINEAR LINEAR LINEAR LINEAR LINEAR LINEAR LINEAR LINEAR LINEAR LINEAR LINEAR LINEAR LINEAR LINEAR LINEAR LINEAR LINEAR LINEAR LINEAR LINEAR LINEAR LINEAR LINEAR LINEAR LINEAR LINEAR LINEAR LINEAR LINEAR LINEAR LINEAR LINEAR LINEAR LINEAR LINEAR LINEAR LINEAR LINEAR LINEAR LINEAR LINEAR LINEAR LINEAR LINEAR LINEAR LINEAR LINEAR LINEAR LINEAR LINEAR LINEAR LINEAR LINEAR LINEAR LINEAR LINEAR LINEAR LINEAR LINEAR LINEAR LINEAR LINEAR LINEAR LINEAR LINEAR LINEAR LINEAR LINEAR LINEAR LINEAR LINEAR LINEAR LINEAR LINEAR LINEAR LINEAR LINEAR LINEAR LINEAR LINEAR LINEAR LINEAR LINEAR LINEAR LINEAR LINEAR LINEAR LINEAR LINEAR LINEAR LINEAR LINEAR LINEAR LINEAR LINEAR LINEAR LINEAR LINEAR LINEAR LINEAR LINEAR LINEAR LINEAR LINEAR LINEAR LINEAR LINEAR LINEAR LINEAR LINEAR LINEAR LINEAR LINEAR LINEAR LINEAR LINEAR LINEAR</Name_array>
          <technique_common>
            <accessor source="#Propeller01_Propeller01Action_transform-interpolation-array" count="250" stride="1">
              <param name="INTERPOLATION" type="name"/>
            </accessor>
          </technique_common>
        </source>
        <sampler id="Propeller01_Propeller01Action_transform-sampler">
          <input semantic="INPUT" source="#Propeller01_Propeller01Action_transform-input"/>
          <input semantic="OUTPUT" source="#Propeller01_Propeller01Action_transform-output"/>
          <input semantic="INTERPOLATION" source="#Propeller01_Propeller01Action_transform-interpolation"/>
        </sampler>
        <channel source="#Propeller01_Propeller01Action_transform-sampler" target="Propeller01/transform"/>
      </animation>
    </animation>
    <animation id="action_container-Propeller02" name="Propeller02">
      <animation id="Propeller02_Propeller02Action_transform" name="Propeller02">
        <source id="Propeller02_Propeller02Action_transform-input">
          <float_array id="Propeller02_Propeller02Action_transform-input-array" count="250">0.04166662 0.08333331 0.125 0.1666666 0.2083333 0.25 0.2916666 0.3333333 0.375 0.4166666 0.4583333 0.5 0.5416667 0.5833333 0.625 0.6666667 0.7083333 0.75 0.7916667 0.8333333 0.875 0.9166667 0.9583333 1 1.041667 1.083333 1.125 1.166667 1.208333 1.25 1.291667 1.333333 1.375 1.416667 1.458333 1.5 1.541667 1.583333 1.625 1.666667 1.708333 1.75 1.791667 1.833333 1.875 1.916667 1.958333 2 2.041667 2.083333 2.125 2.166667 2.208333 2.25 2.291667 2.333333 2.375 2.416667 2.458333 2.5 2.541667 2.583333 2.625 2.666667 2.708333 2.75 2.791667 2.833333 2.875 2.916667 2.958333 3 3.041667 3.083333 3.125 3.166667 3.208333 3.25 3.291667 3.333333 3.375 3.416667 3.458333 3.5 3.541667 3.583333 3.625 3.666667 3.708333 3.75 3.791667 3.833333 3.875 3.916667 3.958333 4 4.041666 4.083333 4.125 4.166666 4.208333 4.25 4.291666 4.333333 4.375 4.416666 4.458333 4.5 4.541666 4.583333 4.625 4.666666 4.708333 4.75 4.791666 4.833333 4.875 4.916666 4.958333 5 5.041666 5.083333 5.125 5.166666 5.208333 5.25 5.291666 5.333333 5.375 5.416666 5.458333 5.5 5.541666 5.583333 5.625 5.666666 5.708333 5.75 5.791666 5.833333 5.875 5.916666 5.958333 6 6.041666 6.083333 6.125 6.166666 6.208333 6.25 6.291666 6.333333 6.375 6.416666 6.458333 6.5 6.541666 6.583333 6.625 6.666666 6.708333 6.75 6.791666 6.833333 6.875 6.916666 6.958333 7 7.041666 7.083333 7.125 7.166666 7.208333 7.25 7.291666 7.333333 7.375 7.416666 7.458333 7.5 7.541666 7.583333 7.625 7.666666 7.708333 7.75 7.791666 7.833333 7.875 7.916666 7.958333 8 8.041667 8.083333 8.125 8.166667 8.208333 8.25 8.291667 8.333333 8.375 8.416667 8.458333 8.5 8.541667 8.583333 8.625 8.666667 8.708333 8.75 8.791667 8.833333 8.875 8.916667 8.958333 9 9.041667 9.083333 9.125 9.166667 9.208333 9.25 9.291667 9.333333 9.375 9.416667 9.458333 9.5 9.541667 9.583333 9.625 9.666667 9.708333 9.75 9.791667 9.833333 9.875 9.916667 9.958333 10 10.04167 10.08333 10.125 10.16667 10.20833 10.25 10.29167 10.33333 10.375 10.41667</float_array>
          <technique_common>
            <accessor source="#Propeller02_Propeller02Action_transform-input-array" count="250" stride="1">
              <param name="TIME" type="float"/>
            </accessor>
          </technique_common>
        </source>
        <source id="Propeller02_Propeller02Action_transform-output">
          <float_array id="Propeller02_Propeller02Action_transform-output-array" count="4000">1 0 0 0.2297798 0 1 0 -0.2297938 0 0 1 0.04755412 0 0 0 1 0.9685832 -0.2486899 0 0.2297798 0.2486899 0.9685832 0 -0.2297938 0 0 1 0.04755412 0 0 0 1 0.8763067 -0.4817537 0 0.2297798 0.4817537 0.8763067 0 -0.2297938 0 0 1 0.04755412 0 0 0 1 0.7289686 -0.6845471 0 0.2297798 0.6845471 0.7289686 0 -0.2297938 0 0 1 0.04755412 0 0 0 1 0.5358267 -0.8443279 0 0.2297798 0.8443279 0.5358267 0 -0.2297938 0 0 1 0.04755412 0 0 0 1 0.309017 -0.9510565 0 0.2297798 0.9510565 0.309017 0 -0.2297938 0 0 1 0.04755412 0 0 0 1 0.0627905 -0.9980267 0 0.2297798 0.9980267 0.0627905 0 -0.2297938 0 0 1 0.04755412 0 0 0 1 -0.1873814 -0.9822872 0 0.2297798 0.9822872 -0.1873814 0 -0.2297938 0 0 1 0.04755412 0 0 0 1 -0.4257794 -0.904827 0 0.2297798 0.904827 -0.4257794 0 -0.2297938 0 0 1 0.04755412 0 0 0 1 -0.637424 -0.7705132 0 0.2297798 0.7705132 -0.637424 0 -0.2297938 0 0 1 0.04755412 0 0 0 1 -0.8090171 -0.5877852 0 0.2297798 0.5877852 -0.8090171 0 -0.2297938 0 0 1 0.04755412 0 0 0 1 -0.9297765 -0.3681244 0 0.2297798 0.3681244 -0.9297765 0 -0.2297938 0 0 1 0.04755412 0 0 0 1 -0.9921147 -0.1253332 0 0.2297798 0.1253332 -0.9921147 0 -0.2297938 0 0 1 0.04755412 0 0 0 1 -0.9921147 0.1253334 0 0.2297798 -0.1253334 -0.9921147 0 -0.2297938 0 0 1 0.04755412 0 0 0 1 -0.9297764 0.3681248 0 0.2297798 -0.3681248 -0.9297764 0 -0.2297938 0 0 1 0.04755412 0 0 0 1 -0.8090169 0.5877854 0 0.2297798 -0.5877854 -0.8090169 0 -0.2297938 0 0 1 0.04755412 0 0 0 1 -0.6374238 0.7705134 0 0.2297798 -0.7705134 -0.6374238 0 -0.2297938 0 0 1 0.04755412 0 0 0 1 -0.425779 0.9048272 0 0.2297798 -0.9048272 -0.425779 0 -0.2297938 0 0 1 0.04755412 0 0 0 1 -0.1873814 0.9822872 0 0.2297798 -0.9822872 -0.1873814 0 -0.2297938 0 0 1 0.04755412 0 0 0 1 0.06279056 0.9980267 0 0.2297798 -0.9980267 0.06279056 0 -0.2297938 0 0 1 0.04755412 0 0 0 1 0.3090171 0.9510565 0 0.2297798 -0.9510565 0.3090171 0 -0.2297938 0 0 1 0.04755412 0 0 0 1 0.535827 0.8443278 0 0.2297798 -0.8443278 0.535827 0 -0.2297938 0 0 1 0.04755412 0 0 0 1 0.7289689 0.6845468 0 0.2297798 -0.6845468 0.7289689 0 -0.2297938 0 0 1 0.04755412 0 0 0 1 0.8763067 0.4817537 0 0.2297798 -0.4817537 0.8763067 0 -0.2297938 0 0 1 0.04755412 0 0 0 1 0.9685832 0.2486898 0 0.2297798 -0.2486898 0.9685832 0 -0.2297938 0 0 1 0.04755412 0 0 0 1 1 -1.74846e-7 0 0.2297798 1.74846e-7 1 0 -0.2297938 0 0 1 0.04755412 0 0 0 1 1 -1.74846e-7 0 0.2297798 1.74846e-7 1 0 -0.2297938 0 0 1 0.04755412 0 0 0 1 1 -1.74846e-7 0 0.2297798 1.74846e-7 1 0 -0.2297938 0 0 1 0.04755412 0 0 0 1 1 -1.74846e-7 0 0.2297798 1.74846e-7 1 0 -0.2297938 0 0 1 0.04755412 0 0 0 1 1 -1.74846e-7 0 0.2297798 1.74846e-7 1 0 -0.2297938 0 0 1 0.04755412 0 0 0 1 1 -1.74846e-7 0 0.2297798 1.74846e-7 1 0 -0.2297938 0 0 1 0.04755412 0 0 0 1 1 -1.74846e-7 0 0.2297798 1.74846e-7 1 0 -0.2297938 0 0 1 0.04755412 0 0 0 1 1 -1.74846e-7 0 0.2297798 1.74846e-7 1 0 -0.2297938 0 0 1 0.04755412 0 0 0 1 1 -1.74846e-7 0 0.2297798 1.74846e-7 1 0 -0.2297938 0 0 1 0.04755412 0 0 0 1 1 -1.74846e-7 0 0.2297798 1.74846e-7 1 0 -0.2297938 0 0 1 0.04755412 0 0 0 1 1 -1.74846e-7 0 0.2297798 1.74846e-7 1 0 -0.2297938 0 0 1 0.04755412 0 0 0 1 1 -1.74846e-7 0 0.2297798 1.74846e-7 1 0 -0.2297938 0 0 1 0.04755412 0 0 0 1 1 -1.74846e-7 0 0.2297798 1.74846e-7 1 0 -0.2297938 0 0 1 0.04755412 0 0 0 1 1 -1.74846e-7 0 0.2297798 1.74846e-7 1 0 -0.2297938 0 0 1 0.04755412 0 0 0 1 1 -1.74846e-7 0 0.2297798 1.74846e-7 1 0 -0.2297938 0 0 1 0.04755412 0 0 0 1 1 -1.74846e-7 0 0.2297798 1.74846e-7 1 0 -0.2297938 0 0 1 0.04755412 0 0 0 1 1 -1.74846e-7 0 0.2297798 1.74846e-7 1 0 -0.2297938 0 0 1 0.04755412 0 0 0 1 1 -1.74846e-7 0 0.2297798 1.74846e-7 1 0 -0.2297938 0 0 1 0.04755412 0 0 0 1 1 -1.74846e-7 0 0.2297798 1.74846e-7 1 0 -0.2297938 0 0 1 0.04755412 0 0 0 1 1 -1.74846e-7 0 0.2297798 1.74846e-7 1 0 -0.2297938 0 0 1 0.04755412 0 0 0 1 1 -1.74846e-7 0 0.2297798 1.74846e-7 1 0 -0.2297938 0 0 1 0.04755412 0 0 0 1 1 -1.74846e-7 0 0.2297798 1.74846e-7 1 0 -0.2297938 0 0 1 0.04755412 0 0 0 1 1 -1.74846e-7 0 0.2297798 1.74846e-7 1 0 -0.2297938 0 0 1 0.04755412 0 0 0 1 1 -1.74846e-7 0 0.2297798 1.74846e-7 1 0 -0.2297938 0 0 1 0.04755412 0 0 0 1 1 -1.74846e-7 0 0.2297798 1.74846e-7 1 0 -0.2297938 0 0 1 0.04755412 0 0 0 1 1 -1.74846e-7 0 0.2297798 1.74846e-7 1 0 -0.2297938 0 0 1 0.04755412 0 0 0 1 1 -1.74846e-7 0 0.2297798 1.74846e-7 1 0 -0.2297938 0 0 1 0.04755412 0 0 0 1 1 -1.74846e-7 0 0.2297798 1.74846e-7 1 0 -0.2297938 0 0 1 0.04755412 0 0 0 1 1 -1.74846e-7 0 0.2297798 1.74846e-7 1 0 -0.2297938 0 0 1 0.04755412 0 0 0 1 1 -1.74846e-7 0 0.2297798 1.74846e-7 1 0 -0.2297938 0 0 1 0.04755412 0 0 0 1 1 -1.74846e-7 0 0.2297798 1.74846e-7 1 0 -0.2297938 0 0 1 0.04755412 0 0 0 1 1 -1.74846e-7 0 0.2297798 1.74846e-7 1 0 -0.2297938 0 0 1 0.04755412 0 0 0 1 1 -1.74846e-7 0 0.2297798 1.74846e-7 1 0 -0.2297938 0 0 1 0.04755412 0 0 0 1 1 -1.74846e-7 0 0.2297798 1.74846e-7 1 0 -0.2297938 0 0 1 0.04755412 0 0 0 1 1 -1.74846e-7 0 0.2297798 1.74846e-7 1 0 -0.2297938 0 0 1 0.04755412 0 0 0 1 1 -1.74846e-7 0 0.2297798 1.74846e-7 1 0 -0.2297938 0 0 1 0.04755412 0 0 0 1 1 -1.74846e-7 0 0.2297798 1.74846e-7 1 0 -0.2297938 0 0 1 0.04755412 0 0 0 1 1 -1.74846e-7 0 0.2297798 1.74846e-7 1 0 -0.2297938 0 0 1 0.04755412 0 0 0 1 1 -1.74846e-7 0 0.2297798 1.74846e-7 1 0 -0.2297938 0 0 1 0.04755412 0 0 0 1 1 -1.74846e-7 0 0.2297798 1.74846e-7 1 0 -0.2297938 0 0 1 0.04755412 0 0 0 1 1 -1.74846e-7 0 0.2297798 1.74846e-7 1 0 -0.2297938 0 0 1 0.04755412 0 0 0 1 1 -1.74846e-7 0 0.2297798 1.74846e-7 1 0 -0.2297938 0 0 1 0.04755412 0 0 0 1 1 -1.74846e-7 0 0.2297798 1.74846e-7 1 0 -0.2297938 0 0 1 0.04755412 0 0 0 1 1 -1.74846e-7 0 0.2297798 1.74846e-7 1 0 -0.2297938 0 0 1 0.04755412 0 0 0 1 1 -1.74846e-7 0 0.2297798 1.74846e-7 1 0 -0.2297938 0 0 1 0.04755412 0 0 0 1 1 -1.74846e-7 0 0.2297798 1.74846e-7 1 0 -0.2297938 0 0 1 0.04755412 0 0 0 1 1 -1.74846e-7 0 0.2297798 1.74846e-7 1 0 -0.2297938 0 0 1 0.04755412 0 0 0 1 1 -1.74846e-7 0 0.2297798 1.74846e-7 1 0 -0.2297938 0 0 1 0.04755412 0 0 0 1 1 -1.74846e-7 0 0.2297798 1.74846e-7 1 0 -0.2297938 0 0 1 0.04755412 0 0 0 1 1 -1.74846e-7 0 0.2297798 1.74846e-7 1 0 -0.2297938 0 0 1 0.04755412 0 0 0 1 1 -1.74846e-7 0 0.2297798 1.74846e-7 1 0 -0.2297938 0 0 1 0.04755412 0 0 0 1 1 -1.74846e-7 0 0.2297798 1.74846e-7 1 0 -0.2297938 0 0 1 0.04755412 0 0 0 1 1 -1.74846e-7 0 0.2297798 1.74846e-7 1 0 -0.2297938 0 0 1 0.04755412 0 0 0 1 1 -1.74846e-7 0 0.2297798 1.74846e-7 1 0 -0.2297938 0 0 1 0.04755412 0 0 0 1 1 -1.74846e-7 0 0.2297798 1.74846e-7 1 0 -0.2297938 0 0 1 0.04755412 0 0 0 1 1 -1.74846e-7 0 0.2297798 1.74846e-7 1 0 -0.2297938 0 0 1 0.04755412 0 0 0 1 1 -1.74846e-7 0 0.2297798 1.74846e-7 1 0 -0.2297938 0 0 1 0.04755412 0 0 0 1 1 -1.74846e-7 0 0.2297798 1.74846e-7 1 0 -0.2297938 0 0 1 0.04755412 0 0 0 1 1 -1.74846e-7 0 0.2297798 1.74846e-7 1 0 -0.2297938 0 0 1 0.04755412 0 0 0 1 1 -1.74846e-7 0 0.2297798 1.74846e-7 1 0 -0.2297938 0 0 1 0.04755412 0 0 0 1 1 -1.74846e-7 0 0.2297798 1.74846e-7 1 0 -0.2297938 0 0 1 0.04755412 0 0 0 1 1 -1.74846e-7 0 0.2297798 1.74846e-7 1 0 -0.2297938 0 0 1 0.04755412 0 0 0 1 1 -1.74846e-7 0 0.2297798 1.74846e-7 1 0 -0.2297938 0 0 1 0.04755412 0 0 0 1 1 -1.74846e-7 0 0.2297798 1.74846e-7 1 0 -0.2297938 0 0 1 0.04755412 0 0 0 1 1 -1.74846e-7 0 0.2297798 1.74846e-7 1 0 -0.2297938 0 0 1 0.04755412 0 0 0 1 1 -1.74846e-7 0 0.2297798 1.74846e-7 1 0 -0.2297938 0 0 1 0.04755412 0 0 0 1 1 -1.74846e-7 0 0.2297798 1.74846e-7 1 0 -0.2297938 0 0 1 0.04755412 0 0 0 1 1 -1.74846e-7 0 0.2297798 1.74846e-7 1 0 -0.2297938 0 0 1 0.04755412 0 0 0 1 1 -1.74846e-7 0 0.2297798 1.74846e-7 1 0 -0.2297938 0 0 1 0.04755412 0 0 0 1 1 -1.74846e-7 0 0.2297798 1.74846e-7 1 0 -0.2297938 0 0 1 0.04755412 0 0 0 1 1 -1.74846e-7 0 0.2297798 1.74846e-7 1 0 -0.2297938 0 0 1 0.04755412 0 0 0 1 1 -1.74846e-7 0 0.2297798 1.74846e-7 1 0 -0.2297938 0 0 1 0.04755412 0 0 0 1 1 -1.74846e-7 0 0.2297798 1.74846e-7 1 0 -0.2297938 0 0 1 0.04755412 0 0 0 1 1 -1.74846e-7 0 0.2297798 1.74846e-7 1 0 -0.2297938 0 0 1 0.04755412 0 0 0 1 1 -1.74846e-7 0 0.2297798 1.74846e-7 1 0 -0.2297938 0 0 1 0.04755412 0 0 0 1 1 -1.74846e-7 0 0.2297798 1.74846e-7 1 0 -0.2297938 0 0 1 0.04755412 0 0 0 1 1 -1.74846e-7 0 0.2297798 1.74846e-7 1 0 -0.2297938 0 0 1 0.04755412 0 0 0 1 1 -1.74846e-7 0 0.2297798 1.74846e-7 1 0 -0.2297938 0 0 1 0.04755412 0 0 0 1 1 -1.74846e-7 0 0.2297798 1.74846e-7 1 0 -0.2297938 0 0 1 0.04755412 0 0 0 1 1 -1.74846e-7 0 0.2297798 1.74846e-7 1 0 -0.2297938 0 0 1 0.04755412 0 0 0 1 1 -1.74846e-7 0 0.2297798 1.74846e-7 1 0 -0.2297938 0 0 1 0.04755412 0 0 0 1 1 -1.74846e-7 0 0.2297798 1.74846e-7 1 0 -0.2297938 0 0 1 0.04755412 0 0 0 1 1 -1.74846e-7 0 0.2297798 1.74846e-7 1 0 -0.2297938 0 0 1 0.04755412 0 0 0 1 1 -1.74846e-7 0 0.2297798 1.74846e-7 1 0 -0.2297938 0 0 1 0.04755412 0 0 0 1 1 -1.74846e-7 0 0.2297798 1.74846e-7 1 0 -0.2297938 0 0 1 0.04755412 0 0 0 1 1 -1.74846e-7 0 0.2297798 1.74846e-7 1 0 -0.2297938 0 0 1 0.04755412 0 0 0 1 1 -1.74846e-7 0 0.2297798 1.74846e-7 1 0 -0.2297938 0 0 1 0.04755412 0 0 0 1 1 -1.74846e-7 0 0.2297798 1.74846e-7 1 0 -0.2297938 0 0 1 0.04755412 0 0 0 1 1 -1.74846e-7 0 0.2297798 1.74846e-7 1 0 -0.2297938 0 0 1 0.04755412 0 0 0 1 1 -1.74846e-7 0 0.2297798 1.74846e-7 1 0 -0.2297938 0 0 1 0.04755412 0 0 0 1 1 -1.74846e-7 0 0.2297798 1.74846e-7 1 0 -0.2297938 0 0 1 0.04755412 0 0 0 1 1 -1.74846e-7 0 0.2297798 1.74846e-7 1 0 -0.2297938 0 0 1 0.04755412 0 0 0 1 1 -1.74846e-7 0 0.2297798 1.74846e-7 1 0 -0.2297938 0 0 1 0.04755412 0 0 0 1 1 -1.74846e-7 0 0.2297798 1.74846e-7 1 0 -0.2297938 0 0 1 0.04755412 0 0 0 1 1 -1.74846e-7 0 0.2297798 1.74846e-7 1 0 -0.2297938 0 0 1 0.04755412 0 0 0 1 1 -1.74846e-7 0 0.2297798 1.74846e-7 1 0 -0.2297938 0 0 1 0.04755412 0 0 0 1 1 -1.74846e-7 0 0.2297798 1.74846e-7 1 0 -0.2297938 0 0 1 0.04755412 0 0 0 1 1 -1.74846e-7 0 0.2297798 1.74846e-7 1 0 -0.2297938 0 0 1 0.04755412 0 0 0 1 1 -1.74846e-7 0 0.2297798 1.74846e-7 1 0 -0.2297938 0 0 1 0.04755412 0 0 0 1 1 -1.74846e-7 0 0.2297798 1.74846e-7 1 0 -0.2297938 0 0 1 0.04755412 0 0 0 1 1 -1.74846e-7 0 0.2297798 1.74846e-7 1 0 -0.2297938 0 0 1 0.04755412 0 0 0 1 1 -1.74846e-7 0 0.2297798 1.74846e-7 1 0 -0.2297938 0 0 1 0.04755412 0 0 0 1 1 -1.74846e-7 0 0.2297798 1.74846e-7 1 0 -0.2297938 0 0 1 0.04755412 0 0 0 1 1 -1.74846e-7 0 0.2297798 1.74846e-7 1 0 -0.2297938 0 0 1 0.04755412 0 0 0 1 1 -1.74846e-7 0 0.2297798 1.74846e-7 1 0 -0.2297938 0 0 1 0.04755412 0 0 0 1 1 -1.74846e-7 0 0.2297798 1.74846e-7 1 0 -0.2297938 0 0 1 0.04755412 0 0 0 1 1 -1.74846e-7 0 0.2297798 1.74846e-7 1 0 -0.2297938 0 0 1 0.04755412 0 0 0 1 1 -1.74846e-7 0 0.2297798 1.74846e-7 1 0 -0.2297938 0 0 1 0.04755412 0 0 0 1 1 -1.74846e-7 0 0.2297798 1.74846e-7 1 0 -0.2297938 0 0 1 0.04755412 0 0 0 1 1 -1.74846e-7 0 0.2297798 1.74846e-7 1 0 -0.2297938 0 0 1 0.04755412 0 0 0 1 1 -1.74846e-7 0 0.2297798 1.74846e-7 1 0 -0.2297938 0 0 1 0.04755412 0 0 0 1 1 -1.74846e-7 0 0.2297798 1.74846e-7 1 0 -0.2297938 0 0 1 0.04755412 0 0 0 1 1 -1.74846e-7 0 0.2297798 1.74846e-7 1 0 -0.2297938 0 0 1 0.04755412 0 0 0 1 1 -1.74846e-7 0 0.2297798 1.74846e-7 1 0 -0.2297938 0 0 1 0.04755412 0 0 0 1 1 -1.74846e-7 0 0.2297798 1.74846e-7 1 0 -0.2297938 0 0 1 0.04755412 0 0 0 1 1 -1.74846e-7 0 0.2297798 1.74846e-7 1 0 -0.2297938 0 0 1 0.04755412 0 0 0 1 1 -1.74846e-7 0 0.2297798 1.74846e-7 1 0 -0.2297938 0 0 1 0.04755412 0 0 0 1 1 -1.74846e-7 0 0.2297798 1.74846e-7 1 0 -0.2297938 0 0 1 0.04755412 0 0 0 1 1 -1.74846e-7 0 0.2297798 1.74846e-7 1 0 -0.2297938 0 0 1 0.04755412 0 0 0 1 1 -1.74846e-7 0 0.2297798 1.74846e-7 1 0 -0.2297938 0 0 1 0.04755412 0 0 0 1 1 -1.74846e-7 0 0.2297798 1.74846e-7 1 0 -0.2297938 0 0 1 0.04755412 0 0 0 1 1 -1.74846e-7 0 0.2297798 1.74846e-7 1 0 -0.2297938 0 0 1 0.04755412 0 0 0 1 1 -1.74846e-7 0 0.2297798 1.74846e-7 1 0 -0.2297938 0 0 1 0.04755412 0 0 0 1 1 -1.74846e-7 0 0.2297798 1.74846e-7 1 0 -0.2297938 0 0 1 0.04755412 0 0 0 1 1 -1.74846e-7 0 0.2297798 1.74846e-7 1 0 -0.2297938 0 0 1 0.04755412 0 0 0 1 1 -1.74846e-7 0 0.2297798 1.74846e-7 1 0 -0.2297938 0 0 1 0.04755412 0 0 0 1 1 -1.74846e-7 0 0.2297798 1.74846e-7 1 0 -0.2297938 0 0 1 0.04755412 0 0 0 1 1 -1.74846e-7 0 0.2297798 1.74846e-7 1 0 -0.2297938 0 0 1 0.04755412 0 0 0 1 1 -1.74846e-7 0 0.2297798 1.74846e-7 1 0 -0.2297938 0 0 1 0.04755412 0 0 0 1 1 -1.74846e-7 0 0.2297798 1.74846e-7 1 0 -0.2297938 0 0 1 0.04755412 0 0 0 1 1 -1.74846e-7 0 0.2297798 1.74846e-7 1 0 -0.2297938 0 0 1 0.04755412 0 0 0 1 1 -1.74846e-7 0 0.2297798 1.74846e-7 1 0 -0.2297938 0 0 1 0.04755412 0 0 0 1 1 -1.74846e-7 0 0.2297798 1.74846e-7 1 0 -0.2297938 0 0 1 0.04755412 0 0 0 1 1 -1.74846e-7 0 0.2297798 1.74846e-7 1 0 -0.2297938 0 0 1 0.04755412 0 0 0 1 1 -1.74846e-7 0 0.2297798 1.74846e-7 1 0 -0.2297938 0 0 1 0.04755412 0 0 0 1 1 -1.74846e-7 0 0.2297798 1.74846e-7 1 0 -0.2297938 0 0 1 0.04755412 0 0 0 1 1 -1.74846e-7 0 0.2297798 1.74846e-7 1 0 -0.2297938 0 0 1 0.04755412 0 0 0 1 1 -1.74846e-7 0 0.2297798 1.74846e-7 1 0 -0.2297938 0 0 1 0.04755412 0 0 0 1 1 -1.74846e-7 0 0.2297798 1.74846e-7 1 0 -0.2297938 0 0 1 0.04755412 0 0 0 1 1 -1.74846e-7 0 0.2297798 1.74846e-7 1 0 -0.2297938 0 0 1 0.04755412 0 0 0 1 1 -1.74846e-7 0 0.2297798 1.74846e-7 1 0 -0.2297938 0 0 1 0.04755412 0 0 0 1 1 -1.74846e-7 0 0.2297798 1.74846e-7 1 0 -0.2297938 0 0 1 0.04755412 0 0 0 1 1 -1.74846e-7 0 0.2297798 1.74846e-7 1 0 -0.2297938 0 0 1 0.04755412 0 0 0 1 1 -1.74846e-7 0 0.2297798 1.74846e-7 1 0 -0.2297938 0 0 1 0.04755412 0 0 0 1 1 -1.74846e-7 0 0.2297798 1.74846e-7 1 0 -0.2297938 0 0 1 0.04755412 0 0 0 1 1 -1.74846e-7 0 0.2297798 1.74846e-7 1 0 -0.2297938 0 0 1 0.04755412 0 0 0 1 1 -1.74846e-7 0 0.2297798 1.74846e-7 1 0 -0.2297938 0 0 1 0.04755412 0 0 0 1 1 -1.74846e-7 0 0.2297798 1.74846e-7 1 0 -0.2297938 0 0 1 0.04755412 0 0 0 1 1 -1.74846e-7 0 0.2297798 1.74846e-7 1 0 -0.2297938 0 0 1 0.04755412 0 0 0 1 1 -1.74846e-7 0 0.2297798 1.74846e-7 1 0 -0.2297938 0 0 1 0.04755412 0 0 0 1 1 -1.74846e-7 0 0.2297798 1.74846e-7 1 0 -0.2297938 0 0 1 0.04755412 0 0 0 1 1 -1.74846e-7 0 0.2297798 1.74846e-7 1 0 -0.2297938 0 0 1 0.04755412 0 0 0 1 1 -1.74846e-7 0 0.2297798 1.74846e-7 1 0 -0.2297938 0 0 1 0.04755412 0 0 0 1 1 -1.74846e-7 0 0.2297798 1.74846e-7 1 0 -0.2297938 0 0 1 0.04755412 0 0 0 1 1 -1.74846e-7 0 0.2297798 1.74846e-7 1 0 -0.2297938 0 0 1 0.04755412 0 0 0 1 1 -1.74846e-7 0 0.2297798 1.74846e-7 1 0 -0.2297938 0 0 1 0.04755412 0 0 0 1 1 -1.74846e-7 0 0.2297798 1.74846e-7 1 0 -0.2297938 0 0 1 0.04755412 0 0 0 1 1 -1.74846e-7 0 0.2297798 1.74846e-7 1 0 -0.2297938 0 0 1 0.04755412 0 0 0 1 1 -1.74846e-7 0 0.2297798 1.74846e-7 1 0 -0.2297938 0 0 1 0.04755412 0 0 0 1 1 -1.74846e-7 0 0.2297798 1.74846e-7 1 0 -0.2297938 0 0 1 0.04755412 0 0 0 1 1 -1.74846e-7 0 0.2297798 1.74846e-7 1 0 -0.2297938 0 0 1 0.04755412 0 0 0 1 1 -1.74846e-7 0 0.2297798 1.74846e-7 1 0 -0.2297938 0 0 1 0.04755412 0 0 0 1 1 -1.74846e-7 0 0.2297798 1.74846e-7 1 0 -0.2297938 0 0 1 0.04755412 0 0 0 1 1 -1.74846e-7 0 0.2297798 1.74846e-7 1 0 -0.2297938 0 0 1 0.04755412 0 0 0 1 1 -1.74846e-7 0 0.2297798 1.74846e-7 1 0 -0.2297938 0 0 1 0.04755412 0 0 0 1 1 -1.74846e-7 0 0.2297798 1.74846e-7 1 0 -0.2297938 0 0 1 0.04755412 0 0 0 1 1 -1.74846e-7 0 0.2297798 1.74846e-7 1 0 -0.2297938 0 0 1 0.04755412 0 0 0 1 1 -1.74846e-7 0 0.2297798 1.74846e-7 1 0 -0.2297938 0 0 1 0.04755412 0 0 0 1 1 -1.74846e-7 0 0.2297798 1.74846e-7 1 0 -0.2297938 0 0 1 0.04755412 0 0 0 1 1 -1.74846e-7 0 0.2297798 1.74846e-7 1 0 -0.2297938 0 0 1 0.04755412 0 0 0 1 1 -1.74846e-7 0 0.2297798 1.74846e-7 1 0 -0.2297938 0 0 1 0.04755412 0 0 0 1 1 -1.74846e-7 0 0.2297798 1.74846e-7 1 0 -0.2297938 0 0 1 0.04755412 0 0 0 1 1 -1.74846e-7 0 0.2297798 1.74846e-7 1 0 -0.2297938 0 0 1 0.04755412 0 0 0 1 1 -1.74846e-7 0 0.2297798 1.74846e-7 1 0 -0.2297938 0 0 1 0.04755412 0 0 0 1 1 -1.74846e-7 0 0.2297798 1.74846e-7 1 0 -0.2297938 0 0 1 0.04755412 0 0 0 1 1 -1.74846e-7 0 0.2297798 1.74846e-7 1 0 -0.2297938 0 0 1 0.04755412 0 0 0 1 1 -1.74846e-7 0 0.2297798 1.74846e-7 1 0 -0.2297938 0 0 1 0.04755412 0 0 0 1 1 -1.74846e-7 0 0.2297798 1.74846e-7 1 0 -0.2297938 0 0 1 0.04755412 0 0 0 1 1 -1.74846e-7 0 0.2297798 1.74846e-7 1 0 -0.2297938 0 0 1 0.04755412 0 0 0 1 1 -1.74846e-7 0 0.2297798 1.74846e-7 1 0 -0.2297938 0 0 1 0.04755412 0 0 0 1 1 -1.74846e-7 0 0.2297798 1.74846e-7 1 0 -0.2297938 0 0 1 0.04755412 0 0 0 1 1 -1.74846e-7 0 0.2297798 1.74846e-7 1 0 -0.2297938 0 0 1 0.04755412 0 0 0 1 1 -1.74846e-7 0 0.2297798 1.74846e-7 1 0 -0.2297938 0 0 1 0.04755412 0 0 0 1 1 -1.74846e-7 0 0.2297798 1.74846e-7 1 0 -0.2297938 0 0 1 0.04755412 0 0 0 1 1 -1.74846e-7 0 0.2297798 1.74846e-7 1 0 -0.2297938 0 0 1 0.04755412 0 0 0 1 1 -1.74846e-7 0 0.2297798 1.74846e-7 1 0 -0.2297938 0 0 1 0.04755412 0 0 0 1 1 -1.74846e-7 0 0.2297798 1.74846e-7 1 0 -0.2297938 0 0 1 0.04755412 0 0 0 1 1 -1.74846e-7 0 0.2297798 1.74846e-7 1 0 -0.2297938 0 0 1 0.04755412 0 0 0 1 1 -1.74846e-7 0 0.2297798 1.74846e-7 1 0 -0.2297938 0 0 1 0.04755412 0 0 0 1 1 -1.74846e-7 0 0.2297798 1.74846e-7 1 0 -0.2297938 0 0 1 0.04755412 0 0 0 1 1 -1.74846e-7 0 0.2297798 1.74846e-7 1 0 -0.2297938 0 0 1 0.04755412 0 0 0 1 1 -1.74846e-7 0 0.2297798 1.74846e-7 1 0 -0.2297938 0 0 1 0.04755412 0 0 0 1 1 -1.74846e-7 0 0.2297798 1.74846e-7 1 0 -0.2297938 0 0 1 0.04755412 0 0 0 1 1 -1.74846e-7 0 0.2297798 1.74846e-7 1 0 -0.2297938 0 0 1 0.04755412 0 0 0 1 1 -1.74846e-7 0 0.2297798 1.74846e-7 1 0 -0.2297938 0 0 1 0.04755412 0 0 0 1 1 -1.74846e-7 0 0.2297798 1.74846e-7 1 0 -0.2297938 0 0 1 0.04755412 0 0 0 1 1 -1.74846e-7 0 0.2297798 1.74846e-7 1 0 -0.2297938 0 0 1 0.04755412 0 0 0 1 1 -1.74846e-7 0 0.2297798 1.74846e-7 1 0 -0.2297938 0 0 1 0.04755412 0 0 0 1 1 -1.74846e-7 0 0.2297798 1.74846e-7 1 0 -0.2297938 0 0 1 0.04755412 0 0 0 1 1 -1.74846e-7 0 0.2297798 1.74846e-7 1 0 -0.2297938 0 0 1 0.04755412 0 0 0 1 1 -1.74846e-7 0 0.2297798 1.74846e-7 1 0 -0.2297938 0 0 1 0.04755412 0 0 0 1 1 -1.74846e-7 0 0.2297798 1.74846e-7 1 0 -0.2297938 0 0 1 0.04755412 0 0 0 1 1 -1.74846e-7 0 0.2297798 1.74846e-7 1 0 -0.2297938 0 0 1 0.04755412 0 0 0 1 1 -1.74846e-7 0 0.2297798 1.74846e-7 1 0 -0.2297938 0 0 1 0.04755412 0 0 0 1 1 -1.74846e-7 0 0.2297798 1.74846e-7 1 0 -0.2297938 0 0 1 0.04755412 0 0 0 1 1 -1.74846e-7 0 0.2297798 1.74846e-7 1 0 -0.2297938 0 0 1 0.04755412 0 0 0 1 1 -1.74846e-7 0 0.2297798 1.74846e-7 1 0 -0.2297938 0 0 1 0.04755412 0 0 0 1 1 -1.74846e-7 0 0.2297798 1.74846e-7 1 0 -0.2297938 0 0 1 0.04755412 0 0 0 1 1 -1.74846e-7 0 0.2297798 1.74846e-7 1 0 -0.2297938 0 0 1 0.04755412 0 0 0 1 1 -1.74846e-7 0 0.2297798 1.74846e-7 1 0 -0.2297938 0 0 1 0.04755412 0 0 0 1 1 -1.74846e-7 0 0.2297798 1.74846e-7 1 0 -0.2297938 0 0 1 0.04755412 0 0 0 1 1 -1.74846e-7 0 0.2297798 1.74846e-7 1 0 -0.2297938 0 0 1 0.04755412 0 0 0 1 1 -1.74846e-7 0 0.2297798 1.74846e-7 1 0 -0.2297938 0 0 1 0.04755412 0 0 0 1 1 -1.74846e-7 0 0.2297798 1.74846e-7 1 0 -0.2297938 0 0 1 0.04755412 0 0 0 1 1 -1.74846e-7 0 0.2297798 1.74846e-7 1 0 -0.2297938 0 0 1 0.04755412 0 0 0 1 1 -1.74846e-7 0 0.2297798 1.74846e-7 1 0 -0.2297938 0 0 1 0.04755412 0 0 0 1 1 -1.74846e-7 0 0.2297798 1.74846e-7 1 0 -0.2297938 0 0 1 0.04755412 0 0 0 1 1 -1.74846e-7 0 0.2297798 1.74846e-7 1 0 -0.2297938 0 0 1 0.04755412 0 0 0 1 1 -1.74846e-7 0 0.2297798 1.74846e-7 1 0 -0.2297938 0 0 1 0.04755412 0 0 0 1 1 -1.74846e-7 0 0.2297798 1.74846e-7 1 0 -0.2297938 0 0 1 0.04755412 0 0 0 1 1 -1.74846e-7 0 0.2297798 1.74846e-7 1 0 -0.2297938 0 0 1 0.04755412 0 0 0 1 1 -1.74846e-7 0 0.2297798 1.74846e-7 1 0 -0.2297938 0 0 1 0.04755412 0 0 0 1 1 -1.74846e-7 0 0.2297798 1.74846e-7 1 0 -0.2297938 0 0 1 0.04755412 0 0 0 1 1 -1.74846e-7 0 0.2297798 1.74846e-7 1 0 -0.2297938 0 0 1 0.04755412 0 0 0 1 1 -1.74846e-7 0 0.2297798 1.74846e-7 1 0 -0.2297938 0 0 1 0.04755412 0 0 0 1</float_array>
          <technique_common>
            <accessor source="#Propeller02_Propeller02Action_transform-output-array" count="250" stride="16">
              <param name="TRANSFORM" type="float4x4"/>
            </accessor>
          </technique_common>
        </source>
        <source id="Propeller02_Propeller02Action_transform-interpolation">
          <Name_array id="Propeller02_Propeller02Action_transform-interpolation-array" count="250">LINEAR LINEAR LINEAR LINEAR LINEAR LINEAR LINEAR LINEAR LINEAR LINEAR LINEAR LINEAR LINEAR LINEAR LINEAR LINEAR LINEAR LINEAR LINEAR LINEAR LINEAR LINEAR LINEAR LINEAR LINEAR LINEAR LINEAR LINEAR LINEAR LINEAR LINEAR LINEAR LINEAR LINEAR LINEAR LINEAR LINEAR LINEAR LINEAR LINEAR LINEAR LINEAR LINEAR LINEAR LINEAR LINEAR LINEAR LINEAR LINEAR LINEAR LINEAR LINEAR LINEAR LINEAR LINEAR LINEAR LINEAR LINEAR LINEAR LINEAR LINEAR LINEAR LINEAR LINEAR LINEAR LINEAR LINEAR LINEAR LINEAR LINEAR LINEAR LINEAR LINEAR LINEAR LINEAR LINEAR LINEAR LINEAR LINEAR LINEAR LINEAR LINEAR LINEAR LINEAR LINEAR LINEAR LINEAR LINEAR LINEAR LINEAR LINEAR LINEAR LINEAR LINEAR LINEAR LINEAR LINEAR LINEAR LINEAR LINEAR LINEAR LINEAR LINEAR LINEAR LINEAR LINEAR LINEAR LINEAR LINEAR LINEAR LINEAR LINEAR LINEAR LINEAR LINEAR LINEAR LINEAR LINEAR LINEAR LINEAR LINEAR LINEAR LINEAR LINEAR LINEAR LINEAR LINEAR LINEAR LINEAR LINEAR LINEAR LINEAR LINEAR LINEAR LINEAR LINEAR LINEAR LINEAR LINEAR LINEAR LINEAR LINEAR LINEAR LINEAR LINEAR LINEAR LINEAR LINEAR LINEAR LINEAR LINEAR LINEAR LINEAR LINEAR LINEAR LINEAR LINEAR LINEAR LINEAR LINEAR LINEAR LINEAR LINEAR LINEAR LINEAR LINEAR LINEAR LINEAR LINEAR LINEAR LINEAR LINEAR LINEAR LINEAR LINEAR LINEAR LINEAR LINEAR LINEAR LINEAR LINEAR LINEAR LINEAR LINEAR LINEAR LINEAR LINEAR LINEAR LINEAR LINEAR LINEAR LINEAR LINEAR LINEAR LINEAR LINEAR LINEAR LINEAR LINEAR LINEAR LINEAR LINEAR LINEAR LINEAR LINEAR LINEAR LINEAR LINEAR LINEAR LINEAR LINEAR LINEAR LINEAR LINEAR LINEAR LINEAR LINEAR LINEAR LINEAR LINEAR LINEAR LINEAR LINEAR LINEAR LINEAR LINEAR LINEAR LINEAR LINEAR LINEAR LINEAR LINEAR LINEAR LINEAR LINEAR LINEAR LINEAR LINEAR LINEAR LINEAR LINEAR LINEAR LINEAR LINEAR LINEAR LINEAR LINEAR LINEAR LINEAR LINEAR</Name_array>
          <technique_common>
            <accessor source="#Propeller02_Propeller02Action_transform-interpolation-array" count="250" stride="1">
              <param name="INTERPOLATION" type="name"/>
            </accessor>
          </technique_common>
        </source>
        <sampler id="Propeller02_Propeller02Action_transform-sampler">
          <input semantic="INPUT" source="#Propeller02_Propeller02Action_transform-input"/>
          <input semantic="OUTPUT" source="#Propeller02_Propeller02Action_transform-output"/>
          <input semantic="INTERPOLATION" source="#Propeller02_Propeller02Action_transform-interpolation"/>
        </sampler>
        <channel source="#Propeller02_Propeller02Action_transform-sampler" target="Propeller02/transform"/>
      </animation>
    </animation>
    <animation id="action_container-Propeller03" name="Propeller03">
      <animation id="Propeller03_Propeller03Action_transform" name="Propeller03">
        <source id="Propeller03_Propeller03Action_transform-input">
          <float_array id="Propeller03_Propeller03Action_transform-input-array" count="250">0.04166662 0.08333331 0.125 0.1666666 0.2083333 0.25 0.2916666 0.3333333 0.375 0.4166666 0.4583333 0.5 0.5416667 0.5833333 0.625 0.6666667 0.7083333 0.75 0.7916667 0.8333333 0.875 0.9166667 0.9583333 1 1.041667 1.083333 1.125 1.166667 1.208333 1.25 1.291667 1.333333 1.375 1.416667 1.458333 1.5 1.541667 1.583333 1.625 1.666667 1.708333 1.75 1.791667 1.833333 1.875 1.916667 1.958333 2 2.041667 2.083333 2.125 2.166667 2.208333 2.25 2.291667 2.333333 2.375 2.416667 2.458333 2.5 2.541667 2.583333 2.625 2.666667 2.708333 2.75 2.791667 2.833333 2.875 2.916667 2.958333 3 3.041667 3.083333 3.125 3.166667 3.208333 3.25 3.291667 3.333333 3.375 3.416667 3.458333 3.5 3.541667 3.583333 3.625 3.666667 3.708333 3.75 3.791667 3.833333 3.875 3.916667 3.958333 4 4.041666 4.083333 4.125 4.166666 4.208333 4.25 4.291666 4.333333 4.375 4.416666 4.458333 4.5 4.541666 4.583333 4.625 4.666666 4.708333 4.75 4.791666 4.833333 4.875 4.916666 4.958333 5 5.041666 5.083333 5.125 5.166666 5.208333 5.25 5.291666 5.333333 5.375 5.416666 5.458333 5.5 5.541666 5.583333 5.625 5.666666 5.708333 5.75 5.791666 5.833333 5.875 5.916666 5.958333 6 6.041666 6.083333 6.125 6.166666 6.208333 6.25 6.291666 6.333333 6.375 6.416666 6.458333 6.5 6.541666 6.583333 6.625 6.666666 6.708333 6.75 6.791666 6.833333 6.875 6.916666 6.958333 7 7.041666 7.083333 7.125 7.166666 7.208333 7.25 7.291666 7.333333 7.375 7.416666 7.458333 7.5 7.541666 7.583333 7.625 7.666666 7.708333 7.75 7.791666 7.833333 7.875 7.916666 7.958333 8 8.041667 8.083333 8.125 8.166667 8.208333 8.25 8.291667 8.333333 8.375 8.416667 8.458333 8.5 8.541667 8.583333 8.625 8.666667 8.708333 8.75 8.791667 8.833333 8.875 8.916667 8.958333 9 9.041667 9.083333 9.125 9.166667 9.208333 9.25 9.291667 9.333333 9.375 9.416667 9.458333 9.5 9.541667 9.583333 9.625 9.666667 9.708333 9.75 9.791667 9.833333 9.875 9.916667 9.958333 10 10.04167 10.08333 10.125 10.16667 10.20833 10.25 10.29167 10.33333 10.375 10.41667</float_array>
          <technique_common>
            <accessor source="#Propeller03_Propeller03Action_transform-input-array" count="250" stride="1">
              <param name="TIME" type="float"/>
            </accessor>
          </technique_common>
        </source>
        <source id="Propeller03_Propeller03Action_transform-output">
          <float_array id="Propeller03_Propeller03Action_transform-output-array" count="4000">1 0 0 -0.2297938 0 1 0 -0.2297798 0 0 1 0.04755412 0 0 0 1 0.9685832 -0.2486899 0 -0.2297938 0.2486899 0.9685832 0 -0.2297798 0 0 1 0.04755412 0 0 0 1 0.8763067 -0.4817537 0 -0.2297938 0.4817537 0.8763067 0 -0.2297798 0 0 1 0.04755412 0 0 0 1 0.7289686 -0.6845471 0 -0.2297938 0.6845471 0.7289686 0 -0.2297798 0 0 1 0.04755412 0 0 0 1 0.5358267 -0.8443279 0 -0.2297938 0.8443279 0.5358267 0 -0.2297798 0 0 1 0.04755412 0 0 0 1 0.309017 -0.9510565 0 -0.2297938 0.9510565 0.309017 0 -0.2297798 0 0 1 0.04755412 0 0 0 1 0.0627905 -0.9980267 0 -0.2297938 0.9980267 0.0627905 0 -0.2297798 0 0 1 0.04755412 0 0 0 1 -0.1873814 -0.9822872 0 -0.2297938 0.9822872 -0.1873814 0 -0.2297798 0 0 1 0.04755412 0 0 0 1 -0.4257794 -0.904827 0 -0.2297938 0.904827 -0.4257794 0 -0.2297798 0 0 1 0.04755412 0 0 0 1 -0.637424 -0.7705132 0 -0.2297938 0.7705132 -0.637424 0 -0.2297798 0 0 1 0.04755412 0 0 0 1 -0.8090171 -0.5877852 0 -0.2297938 0.5877852 -0.8090171 0 -0.2297798 0 0 1 0.04755412 0 0 0 1 -0.9297765 -0.3681244 0 -0.2297938 0.3681244 -0.9297765 0 -0.2297798 0 0 1 0.04755412 0 0 0 1 -0.9921147 -0.1253332 0 -0.2297938 0.1253332 -0.9921147 0 -0.2297798 0 0 1 0.04755412 0 0 0 1 -0.9921147 0.1253334 0 -0.2297938 -0.1253334 -0.9921147 0 -0.2297798 0 0 1 0.04755412 0 0 0 1 -0.9297764 0.3681248 0 -0.2297938 -0.3681248 -0.9297764 0 -0.2297798 0 0 1 0.04755412 0 0 0 1 -0.8090169 0.5877854 0 -0.2297938 -0.5877854 -0.8090169 0 -0.2297798 0 0 1 0.04755412 0 0 0 1 -0.6374238 0.7705134 0 -0.2297938 -0.7705134 -0.6374238 0 -0.2297798 0 0 1 0.04755412 0 0 0 1 -0.425779 0.9048272 0 -0.2297938 -0.9048272 -0.425779 0 -0.2297798 0 0 1 0.04755412 0 0 0 1 -0.1873814 0.9822872 0 -0.2297938 -0.9822872 -0.1873814 0 -0.2297798 0 0 1 0.04755412 0 0 0 1 0.06279056 0.9980267 0 -0.2297938 -0.9980267 0.06279056 0 -0.2297798 0 0 1 0.04755412 0 0 0 1 0.3090171 0.9510565 0 -0.2297938 -0.9510565 0.3090171 0 -0.2297798 0 0 1 0.04755412 0 0 0 1 0.535827 0.8443278 0 -0.2297938 -0.8443278 0.535827 0 -0.2297798 0 0 1 0.04755412 0 0 0 1 0.7289689 0.6845468 0 -0.2297938 -0.6845468 0.7289689 0 -0.2297798 0 0 1 0.04755412 0 0 0 1 0.8763067 0.4817537 0 -0.2297938 -0.4817537 0.8763067 0 -0.2297798 0 0 1 0.04755412 0 0 0 1 0.9685832 0.2486898 0 -0.2297938 -0.2486898 0.9685832 0 -0.2297798 0 0 1 0.04755412 0 0 0 1 1 -1.74846e-7 0 -0.2297938 1.74846e-7 1 0 -0.2297798 0 0 1 0.04755412 0 0 0 1 1 -1.74846e-7 0 -0.2297938 1.74846e-7 1 0 -0.2297798 0 0 1 0.04755412 0 0 0 1 1 -1.74846e-7 0 -0.2297938 1.74846e-7 1 0 -0.2297798 0 0 1 0.04755412 0 0 0 1 1 -1.74846e-7 0 -0.2297938 1.74846e-7 1 0 -0.2297798 0 0 1 0.04755412 0 0 0 1 1 -1.74846e-7 0 -0.2297938 1.74846e-7 1 0 -0.2297798 0 0 1 0.04755412 0 0 0 1 1 -1.74846e-7 0 -0.2297938 1.74846e-7 1 0 -0.2297798 0 0 1 0.04755412 0 0 0 1 1 -1.74846e-7 0 -0.2297938 1.74846e-7 1 0 -0.2297798 0 0 1 0.04755412 0 0 0 1 1 -1.74846e-7 0 -0.2297938 1.74846e-7 1 0 -0.2297798 0 0 1 0.04755412 0 0 0 1 1 -1.74846e-7 0 -0.2297938 1.74846e-7 1 0 -0.2297798 0 0 1 0.04755412 0 0 0 1 1 -1.74846e-7 0 -0.2297938 1.74846e-7 1 0 -0.2297798 0 0 1 0.04755412 0 0 0 1 1 -1.74846e-7 0 -0.2297938 1.74846e-7 1 0 -0.2297798 0 0 1 0.04755412 0 0 0 1 1 -1.74846e-7 0 -0.2297938 1.74846e-7 1 0 -0.2297798 0 0 1 0.04755412 0 0 0 1 1 -1.74846e-7 0 -0.2297938 1.74846e-7 1 0 -0.2297798 0 0 1 0.04755412 0 0 0 1 1 -1.74846e-7 0 -0.2297938 1.74846e-7 1 0 -0.2297798 0 0 1 0.04755412 0 0 0 1 1 -1.74846e-7 0 -0.2297938 1.74846e-7 1 0 -0.2297798 0 0 1 0.04755412 0 0 0 1 1 -1.74846e-7 0 -0.2297938 1.74846e-7 1 0 -0.2297798 0 0 1 0.04755412 0 0 0 1 1 -1.74846e-7 0 -0.2297938 1.74846e-7 1 0 -0.2297798 0 0 1 0.04755412 0 0 0 1 1 -1.74846e-7 0 -0.2297938 1.74846e-7 1 0 -0.2297798 0 0 1 0.04755412 0 0 0 1 1 -1.74846e-7 0 -0.2297938 1.74846e-7 1 0 -0.2297798 0 0 1 0.04755412 0 0 0 1 1 -1.74846e-7 0 -0.2297938 1.74846e-7 1 0 -0.2297798 0 0 1 0.04755412 0 0 0 1 1 -1.74846e-7 0 -0.2297938 1.74846e-7 1 0 -0.2297798 0 0 1 0.04755412 0 0 0 1 1 -1.74846e-7 0 -0.2297938 1.74846e-7 1 0 -0.2297798 0 0 1 0.04755412 0 0 0 1 1 -1.74846e-7 0 -0.2297938 1.74846e-7 1 0 -0.2297798 0 0 1 0.04755412 0 0 0 1 1 -1.74846e-7 0 -0.2297938 1.74846e-7 1 0 -0.2297798 0 0 1 0.04755412 0 0 0 1 1 -1.74846e-7 0 -0.2297938 1.74846e-7 1 0 -0.2297798 0 0 1 0.04755412 0 0 0 1 1 -1.74846e-7 0 -0.2297938 1.74846e-7 1 0 -0.2297798 0 0 1 0.04755412 0 0 0 1 1 -1.74846e-7 0 -0.2297938 1.74846e-7 1 0 -0.2297798 0 0 1 0.04755412 0 0 0 1 1 -1.74846e-7 0 -0.2297938 1.74846e-7 1 0 -0.2297798 0 0 1 0.04755412 0 0 0 1 1 -1.74846e-7 0 -0.2297938 1.74846e-7 1 0 -0.2297798 0 0 1 0.04755412 0 0 0 1 1 -1.74846e-7 0 -0.2297938 1.74846e-7 1 0 -0.2297798 0 0 1 0.04755412 0 0 0 1 1 -1.74846e-7 0 -0.2297938 1.74846e-7 1 0 -0.2297798 0 0 1 0.04755412 0 0 0 1 1 -1.74846e-7 0 -0.2297938 1.74846e-7 1 0 -0.2297798 0 0 1 0.04755412 0 0 0 1 1 -1.74846e-7 0 -0.2297938 1.74846e-7 1 0 -0.2297798 0 0 1 0.04755412 0 0 0 1 1 -1.74846e-7 0 -0.2297938 1.74846e-7 1 0 -0.2297798 0 0 1 0.04755412 0 0 0 1 1 -1.74846e-7 0 -0.2297938 1.74846e-7 1 0 -0.2297798 0 0 1 0.04755412 0 0 0 1 1 -1.74846e-7 0 -0.2297938 1.74846e-7 1 0 -0.2297798 0 0 1 0.04755412 0 0 0 1 1 -1.74846e-7 0 -0.2297938 1.74846e-7 1 0 -0.2297798 0 0 1 0.04755412 0 0 0 1 1 -1.74846e-7 0 -0.2297938 1.74846e-7 1 0 -0.2297798 0 0 1 0.04755412 0 0 0 1 1 -1.74846e-7 0 -0.2297938 1.74846e-7 1 0 -0.2297798 0 0 1 0.04755412 0 0 0 1 1 -1.74846e-7 0 -0.2297938 1.74846e-7 1 0 -0.2297798 0 0 1 0.04755412 0 0 0 1 1 -1.74846e-7 0 -0.2297938 1.74846e-7 1 0 -0.2297798 0 0 1 0.04755412 0 0 0 1 1 -1.74846e-7 0 -0.2297938 1.74846e-7 1 0 -0.2297798 0 0 1 0.04755412 0 0 0 1 1 -1.74846e-7 0 -0.2297938 1.74846e-7 1 0 -0.2297798 0 0 1 0.04755412 0 0 0 1 1 -1.74846e-7 0 -0.2297938 1.74846e-7 1 0 -0.2297798 0 0 1 0.04755412 0 0 0 1 1 -1.74846e-7 0 -0.2297938 1.74846e-7 1 0 -0.2297798 0 0 1 0.04755412 0 0 0 1 1 -1.74846e-7 0 -0.2297938 1.74846e-7 1 0 -0.2297798 0 0 1 0.04755412 0 0 0 1 1 -1.74846e-7 0 -0.2297938 1.74846e-7 1 0 -0.2297798 0 0 1 0.04755412 0 0 0 1 1 -1.74846e-7 0 -0.2297938 1.74846e-7 1 0 -0.2297798 0 0 1 0.04755412 0 0 0 1 1 -1.74846e-7 0 -0.2297938 1.74846e-7 1 0 -0.2297798 0 0 1 0.04755412 0 0 0 1 1 -1.74846e-7 0 -0.2297938 1.74846e-7 1 0 -0.2297798 0 0 1 0.04755412 0 0 0 1 1 -1.74846e-7 0 -0.2297938 1.74846e-7 1 0 -0.2297798 0 0 1 0.04755412 0 0 0 1 1 -1.74846e-7 0 -0.2297938 1.74846e-7 1 0 -0.2297798 0 0 1 0.04755412 0 0 0 1 1 -1.74846e-7 0 -0.2297938 1.74846e-7 1 0 -0.2297798 0 0 1 0.04755412 0 0 0 1 1 -1.74846e-7 0 -0.2297938 1.74846e-7 1 0 -0.2297798 0 0 1 0.04755412 0 0 0 1 1 -1.74846e-7 0 -0.2297938 1.74846e-7 1 0 -0.2297798 0 0 1 0.04755412 0 0 0 1 1 -1.74846e-7 0 -0.2297938 1.74846e-7 1 0 -0.2297798 0 0 1 0.04755412 0 0 0 1 1 -1.74846e-7 0 -0.2297938 1.74846e-7 1 0 -0.2297798 0 0 1 0.04755412 0 0 0 1 1 -1.74846e-7 0 -0.2297938 1.74846e-7 1 0 -0.2297798 0 0 1 0.04755412 0 0 0 1 1 -1.74846e-7 0 -0.2297938 1.74846e-7 1 0 -0.2297798 0 0 1 0.04755412 0 0 0 1 1 -1.74846e-7 0 -0.2297938 1.74846e-7 1 0 -0.2297798 0 0 1 0.04755412 0 0 0 1 1 -1.74846e-7 0 -0.2297938 1.74846e-7 1 0 -0.2297798 0 0 1 0.04755412 0 0 0 1 1 -1.74846e-7 0 -0.2297938 1.74846e-7 1 0 -0.2297798 0 0 1 0.04755412 0 0 0 1 1 -1.74846e-7 0 -0.2297938 1.74846e-7 1 0 -0.2297798 0 0 1 0.04755412 0 0 0 1 1 -1.74846e-7 0 -0.2297938 1.74846e-7 1 0 -0.2297798 0 0 1 0.04755412 0 0 0 1 1 -1.74846e-7 0 -0.2297938 1.74846e-7 1 0 -0.2297798 0 0 1 0.04755412 0 0 0 1 1 -1.74846e-7 0 -0.2297938 1.74846e-7 1 0 -0.2297798 0 0 1 0.04755412 0 0 0 1 1 -1.74846e-7 0 -0.2297938 1.74846e-7 1 0 -0.2297798 0 0 1 0.04755412 0 0 0 1 1 -1.74846e-7 0 -0.2297938 1.74846e-7 1 0 -0.2297798 0 0 1 0.04755412 0 0 0 1 1 -1.74846e-7 0 -0.2297938 1.74846e-7 1 0 -0.2297798 0 0 1 0.04755412 0 0 0 1 1 -1.74846e-7 0 -0.2297938 1.74846e-7 1 0 -0.2297798 0 0 1 0.04755412 0 0 0 1 1 -1.74846e-7 0 -0.2297938 1.74846e-7 1 0 -0.2297798 0 0 1 0.04755412 0 0 0 1 1 -1.74846e-7 0 -0.2297938 1.74846e-7 1 0 -0.2297798 0 0 1 0.04755412 0 0 0 1 1 -1.74846e-7 0 -0.2297938 1.74846e-7 1 0 -0.2297798 0 0 1 0.04755412 0 0 0 1 1 -1.74846e-7 0 -0.2297938 1.74846e-7 1 0 -0.2297798 0 0 1 0.04755412 0 0 0 1 1 -1.74846e-7 0 -0.2297938 1.74846e-7 1 0 -0.2297798 0 0 1 0.04755412 0 0 0 1 1 -1.74846e-7 0 -0.2297938 1.74846e-7 1 0 -0.2297798 0 0 1 0.04755412 0 0 0 1 1 -1.74846e-7 0 -0.2297938 1.74846e-7 1 0 -0.2297798 0 0 1 0.04755412 0 0 0 1 1 -1.74846e-7 0 -0.2297938 1.74846e-7 1 0 -0.2297798 0 0 1 0.04755412 0 0 0 1 1 -1.74846e-7 0 -0.2297938 1.74846e-7 1 0 -0.2297798 0 0 1 0.04755412 0 0 0 1 1 -1.74846e-7 0 -0.2297938 1.74846e-7 1 0 -0.2297798 0 0 1 0.04755412 0 0 0 1 1 -1.74846e-7 0 -0.2297938 1.74846e-7 1 0 -0.2297798 0 0 1 0.04755412 0 0 0 1 1 -1.74846e-7 0 -0.2297938 1.74846e-7 1 0 -0.2297798 0 0 1 0.04755412 0 0 0 1 1 -1.74846e-7 0 -0.2297938 1.74846e-7 1 0 -0.2297798 0 0 1 0.04755412 0 0 0 1 1 -1.74846e-7 0 -0.2297938 1.74846e-7 1 0 -0.2297798 0 0 1 0.04755412 0 0 0 1 1 -1.74846e-7 0 -0.2297938 1.74846e-7 1 0 -0.2297798 0 0 1 0.04755412 0 0 0 1 1 -1.74846e-7 0 -0.2297938 1.74846e-7 1 0 -0.2297798 0 0 1 0.04755412 0 0 0 1 1 -1.74846e-7 0 -0.2297938 1.74846e-7 1 0 -0.2297798 0 0 1 0.04755412 0 0 0 1 1 -1.74846e-7 0 -0.2297938 1.74846e-7 1 0 -0.2297798 0 0 1 0.04755412 0 0 0 1 1 -1.74846e-7 0 -0.2297938 1.74846e-7 1 0 -0.2297798 0 0 1 0.04755412 0 0 0 1 1 -1.74846e-7 0 -0.2297938 1.74846e-7 1 0 -0.2297798 0 0 1 0.04755412 0 0 0 1 1 -1.74846e-7 0 -0.2297938 1.74846e-7 1 0 -0.2297798 0 0 1 0.04755412 0 0 0 1 1 -1.74846e-7 0 -0.2297938 1.74846e-7 1 0 -0.2297798 0 0 1 0.04755412 0 0 0 1 1 -1.74846e-7 0 -0.2297938 1.74846e-7 1 0 -0.2297798 0 0 1 0.04755412 0 0 0 1 1 -1.74846e-7 0 -0.2297938 1.74846e-7 1 0 -0.2297798 0 0 1 0.04755412 0 0 0 1 1 -1.74846e-7 0 -0.2297938 1.74846e-7 1 0 -0.2297798 0 0 1 0.04755412 0 0 0 1 1 -1.74846e-7 0 -0.2297938 1.74846e-7 1 0 -0.2297798 0 0 1 0.04755412 0 0 0 1 1 -1.74846e-7 0 -0.2297938 1.74846e-7 1 0 -0.2297798 0 0 1 0.04755412 0 0 0 1 1 -1.74846e-7 0 -0.2297938 1.74846e-7 1 0 -0.2297798 0 0 1 0.04755412 0 0 0 1 1 -1.74846e-7 0 -0.2297938 1.74846e-7 1 0 -0.2297798 0 0 1 0.04755412 0 0 0 1 1 -1.74846e-7 0 -0.2297938 1.74846e-7 1 0 -0.2297798 0 0 1 0.04755412 0 0 0 1 1 -1.74846e-7 0 -0.2297938 1.74846e-7 1 0 -0.2297798 0 0 1 0.04755412 0 0 0 1 1 -1.74846e-7 0 -0.2297938 1.74846e-7 1 0 -0.2297798 0 0 1 0.04755412 0 0 0 1 1 -1.74846e-7 0 -0.2297938 1.74846e-7 1 0 -0.2297798 0 0 1 0.04755412 0 0 0 1 1 -1.74846e-7 0 -0.2297938 1.74846e-7 1 0 -0.2297798 0 0 1 0.04755412 0 0 0 1 1 -1.74846e-7 0 -0.2297938 1.74846e-7 1 0 -0.2297798 0 0 1 0.04755412 0 0 0 1 1 -1.74846e-7 0 -0.2297938 1.74846e-7 1 0 -0.2297798 0 0 1 0.04755412 0 0 0 1 1 -1.74846e-7 0 -0.2297938 1.74846e-7 1 0 -0.2297798 0 0 1 0.04755412 0 0 0 1 1 -1.74846e-7 0 -0.2297938 1.74846e-7 1 0 -0.2297798 0 0 1 0.04755412 0 0 0 1 1 -1.74846e-7 0 -0.2297938 1.74846e-7 1 0 -0.2297798 0 0 1 0.04755412 0 0 0 1 1 -1.74846e-7 0 -0.2297938 1.74846e-7 1 0 -0.2297798 0 0 1 0.04755412 0 0 0 1 1 -1.74846e-7 0 -0.2297938 1.74846e-7 1 0 -0.2297798 0 0 1 0.04755412 0 0 0 1 1 -1.74846e-7 0 -0.2297938 1.74846e-7 1 0 -0.2297798 0 0 1 0.04755412 0 0 0 1 1 -1.74846e-7 0 -0.2297938 1.74846e-7 1 0 -0.2297798 0 0 1 0.04755412 0 0 0 1 1 -1.74846e-7 0 -0.2297938 1.74846e-7 1 0 -0.2297798 0 0 1 0.04755412 0 0 0 1 1 -1.74846e-7 0 -0.2297938 1.74846e-7 1 0 -0.2297798 0 0 1 0.04755412 0 0 0 1 1 -1.74846e-7 0 -0.2297938 1.74846e-7 1 0 -0.2297798 0 0 1 0.04755412 0 0 0 1 1 -1.74846e-7 0 -0.2297938 1.74846e-7 1 0 -0.2297798 0 0 1 0.04755412 0 0 0 1 1 -1.74846e-7 0 -0.2297938 1.74846e-7 1 0 -0.2297798 0 0 1 0.04755412 0 0 0 1 1 -1.74846e-7 0 -0.2297938 1.74846e-7 1 0 -0.2297798 0 0 1 0.04755412 0 0 0 1 1 -1.74846e-7 0 -0.2297938 1.74846e-7 1 0 -0.2297798 0 0 1 0.04755412 0 0 0 1 1 -1.74846e-7 0 -0.2297938 1.74846e-7 1 0 -0.2297798 0 0 1 0.04755412 0 0 0 1 1 -1.74846e-7 0 -0.2297938 1.74846e-7 1 0 -0.2297798 0 0 1 0.04755412 0 0 0 1 1 -1.74846e-7 0 -0.2297938 1.74846e-7 1 0 -0.2297798 0 0 1 0.04755412 0 0 0 1 1 -1.74846e-7 0 -0.2297938 1.74846e-7 1 0 -0.2297798 0 0 1 0.04755412 0 0 0 1 1 -1.74846e-7 0 -0.2297938 1.74846e-7 1 0 -0.2297798 0 0 1 0.04755412 0 0 0 1 1 -1.74846e-7 0 -0.2297938 1.74846e-7 1 0 -0.2297798 0 0 1 0.04755412 0 0 0 1 1 -1.74846e-7 0 -0.2297938 1.74846e-7 1 0 -0.2297798 0 0 1 0.04755412 0 0 0 1 1 -1.74846e-7 0 -0.2297938 1.74846e-7 1 0 -0.2297798 0 0 1 0.04755412 0 0 0 1 1 -1.74846e-7 0 -0.2297938 1.74846e-7 1 0 -0.2297798 0 0 1 0.04755412 0 0 0 1 1 -1.74846e-7 0 -0.2297938 1.74846e-7 1 0 -0.2297798 0 0 1 0.04755412 0 0 0 1 1 -1.74846e-7 0 -0.2297938 1.74846e-7 1 0 -0.2297798 0 0 1 0.04755412 0 0 0 1 1 -1.74846e-7 0 -0.2297938 1.74846e-7 1 0 -0.2297798 0 0 1 0.04755412 0 0 0 1 1 -1.74846e-7 0 -0.2297938 1.74846e-7 1 0 -0.2297798 0 0 1 0.04755412 0 0 0 1 1 -1.74846e-7 0 -0.2297938 1.74846e-7 1 0 -0.2297798 0 0 1 0.04755412 0 0 0 1 1 -1.74846e-7 0 -0.2297938 1.74846e-7 1 0 -0.2297798 0 0 1 0.04755412 0 0 0 1 1 -1.74846e-7 0 -0.2297938 1.74846e-7 1 0 -0.2297798 0 0 1 0.04755412 0 0 0 1 1 -1.74846e-7 0 -0.2297938 1.74846e-7 1 0 -0.2297798 0 0 1 0.04755412 0 0 0 1 1 -1.74846e-7 0 -0.2297938 1.74846e-7 1 0 -0.2297798 0 0 1 0.04755412 0 0 0 1 1 -1.74846e-7 0 -0.2297938 1.74846e-7 1 0 -0.2297798 0 0 1 0.04755412 0 0 0 1 1 -1.74846e-7 0 -0.2297938 1.74846e-7 1 0 -0.2297798 0 0 1 0.04755412 0 0 0 1 1 -1.74846e-7 0 -0.2297938 1.74846e-7 1 0 -0.2297798 0 0 1 0.04755412 0 0 0 1 1 -1.74846e-7 0 -0.2297938 1.74846e-7 1 0 -0.2297798 0 0 1 0.04755412 0 0 0 1 1 -1.74846e-7 0 -0.2297938 1.74846e-7 1 0 -0.2297798 0 0 1 0.04755412 0 0 0 1 1 -1.74846e-7 0 -0.2297938 1.74846e-7 1 0 -0.2297798 0 0 1 0.04755412 0 0 0 1 1 -1.74846e-7 0 -0.2297938 1.74846e-7 1 0 -0.2297798 0 0 1 0.04755412 0 0 0 1 1 -1.74846e-7 0 -0.2297938 1.74846e-7 1 0 -0.2297798 0 0 1 0.04755412 0 0 0 1 1 -1.74846e-7 0 -0.2297938 1.74846e-7 1 0 -0.2297798 0 0 1 0.04755412 0 0 0 1 1 -1.74846e-7 0 -0.2297938 1.74846e-7 1 0 -0.2297798 0 0 1 0.04755412 0 0 0 1 1 -1.74846e-7 0 -0.2297938 1.74846e-7 1 0 -0.2297798 0 0 1 0.04755412 0 0 0 1 1 -1.74846e-7 0 -0.2297938 1.74846e-7 1 0 -0.2297798 0 0 1 0.04755412 0 0 0 1 1 -1.74846e-7 0 -0.2297938 1.74846e-7 1 0 -0.2297798 0 0 1 0.04755412 0 0 0 1 1 -1.74846e-7 0 -0.2297938 1.74846e-7 1 0 -0.2297798 0 0 1 0.04755412 0 0 0 1 1 -1.74846e-7 0 -0.2297938 1.74846e-7 1 0 -0.2297798 0 0 1 0.04755412 0 0 0 1 1 -1.74846e-7 0 -0.2297938 1.74846e-7 1 0 -0.2297798 0 0 1 0.04755412 0 0 0 1 1 -1.74846e-7 0 -0.2297938 1.74846e-7 1 0 -0.2297798 0 0 1 0.04755412 0 0 0 1 1 -1.74846e-7 0 -0.2297938 1.74846e-7 1 0 -0.2297798 0 0 1 0.04755412 0 0 0 1 1 -1.74846e-7 0 -0.2297938 1.74846e-7 1 0 -0.2297798 0 0 1 0.04755412 0 0 0 1 1 -1.74846e-7 0 -0.2297938 1.74846e-7 1 0 -0.2297798 0 0 1 0.04755412 0 0 0 1 1 -1.74846e-7 0 -0.2297938 1.74846e-7 1 0 -0.2297798 0 0 1 0.04755412 0 0 0 1 1 -1.74846e-7 0 -0.2297938 1.74846e-7 1 0 -0.2297798 0 0 1 0.04755412 0 0 0 1 1 -1.74846e-7 0 -0.2297938 1.74846e-7 1 0 -0.2297798 0 0 1 0.04755412 0 0 0 1 1 -1.74846e-7 0 -0.2297938 1.74846e-7 1 0 -0.2297798 0 0 1 0.04755412 0 0 0 1 1 -1.74846e-7 0 -0.2297938 1.74846e-7 1 0 -0.2297798 0 0 1 0.04755412 0 0 0 1 1 -1.74846e-7 0 -0.2297938 1.74846e-7 1 0 -0.2297798 0 0 1 0.04755412 0 0 0 1 1 -1.74846e-7 0 -0.2297938 1.74846e-7 1 0 -0.2297798 0 0 1 0.04755412 0 0 0 1 1 -1.74846e-7 0 -0.2297938 1.74846e-7 1 0 -0.2297798 0 0 1 0.04755412 0 0 0 1 1 -1.74846e-7 0 -0.2297938 1.74846e-7 1 0 -0.2297798 0 0 1 0.04755412 0 0 0 1 1 -1.74846e-7 0 -0.2297938 1.74846e-7 1 0 -0.2297798 0 0 1 0.04755412 0 0 0 1 1 -1.74846e-7 0 -0.2297938 1.74846e-7 1 0 -0.2297798 0 0 1 0.04755412 0 0 0 1 1 -1.74846e-7 0 -0.2297938 1.74846e-7 1 0 -0.2297798 0 0 1 0.04755412 0 0 0 1 1 -1.74846e-7 0 -0.2297938 1.74846e-7 1 0 -0.2297798 0 0 1 0.04755412 0 0 0 1 1 -1.74846e-7 0 -0.2297938 1.74846e-7 1 0 -0.2297798 0 0 1 0.04755412 0 0 0 1 1 -1.74846e-7 0 -0.2297938 1.74846e-7 1 0 -0.2297798 0 0 1 0.04755412 0 0 0 1 1 -1.74846e-7 0 -0.2297938 1.74846e-7 1 0 -0.2297798 0 0 1 0.04755412 0 0 0 1 1 -1.74846e-7 0 -0.2297938 1.74846e-7 1 0 -0.2297798 0 0 1 0.04755412 0 0 0 1 1 -1.74846e-7 0 -0.2297938 1.74846e-7 1 0 -0.2297798 0 0 1 0.04755412 0 0 0 1 1 -1.74846e-7 0 -0.2297938 1.74846e-7 1 0 -0.2297798 0 0 1 0.04755412 0 0 0 1 1 -1.74846e-7 0 -0.2297938 1.74846e-7 1 0 -0.2297798 0 0 1 0.04755412 0 0 0 1 1 -1.74846e-7 0 -0.2297938 1.74846e-7 1 0 -0.2297798 0 0 1 0.04755412 0 0 0 1 1 -1.74846e-7 0 -0.2297938 1.74846e-7 1 0 -0.2297798 0 0 1 0.04755412 0 0 0 1 1 -1.74846e-7 0 -0.2297938 1.74846e-7 1 0 -0.2297798 0 0 1 0.04755412 0 0 0 1 1 -1.74846e-7 0 -0.2297938 1.74846e-7 1 0 -0.2297798 0 0 1 0.04755412 0 0 0 1 1 -1.74846e-7 0 -0.2297938 1.74846e-7 1 0 -0.2297798 0 0 1 0.04755412 0 0 0 1 1 -1.74846e-7 0 -0.2297938 1.74846e-7 1 0 -0.2297798 0 0 1 0.04755412 0 0 0 1 1 -1.74846e-7 0 -0.2297938 1.74846e-7 1 0 -0.2297798 0 0 1 0.04755412 0 0 0 1 1 -1.74846e-7 0 -0.2297938 1.74846e-7 1 0 -0.2297798 0 0 1 0.04755412 0 0 0 1 1 -1.74846e-7 0 -0.2297938 1.74846e-7 1 0 -0.2297798 0 0 1 0.04755412 0 0 0 1 1 -1.74846e-7 0 -0.2297938 1.74846e-7 1 0 -0.2297798 0 0 1 0.04755412 0 0 0 1 1 -1.74846e-7 0 -0.2297938 1.74846e-7 1 0 -0.2297798 0 0 1 0.04755412 0 0 0 1 1 -1.74846e-7 0 -0.2297938 1.74846e-7 1 0 -0.2297798 0 0 1 0.04755412 0 0 0 1 1 -1.74846e-7 0 -0.2297938 1.74846e-7 1 0 -0.2297798 0 0 1 0.04755412 0 0 0 1 1 -1.74846e-7 0 -0.2297938 1.74846e-7 1 0 -0.2297798 0 0 1 0.04755412 0 0 0 1 1 -1.74846e-7 0 -0.2297938 1.74846e-7 1 0 -0.2297798 0 0 1 0.04755412 0 0 0 1 1 -1.74846e-7 0 -0.2297938 1.74846e-7 1 0 -0.2297798 0 0 1 0.04755412 0 0 0 1 1 -1.74846e-7 0 -0.2297938 1.74846e-7 1 0 -0.2297798 0 0 1 0.04755412 0 0 0 1 1 -1.74846e-7 0 -0.2297938 1.74846e-7 1 0 -0.2297798 0 0 1 0.04755412 0 0 0 1 1 -1.74846e-7 0 -0.2297938 1.74846e-7 1 0 -0.2297798 0 0 1 0.04755412 0 0 0 1 1 -1.74846e-7 0 -0.2297938 1.74846e-7 1 0 -0.2297798 0 0 1 0.04755412 0 0 0 1 1 -1.74846e-7 0 -0.2297938 1.74846e-7 1 0 -0.2297798 0 0 1 0.04755412 0 0 0 1 1 -1.74846e-7 0 -0.2297938 1.74846e-7 1 0 -0.2297798 0 0 1 0.04755412 0 0 0 1 1 -1.74846e-7 0 -0.2297938 1.74846e-7 1 0 -0.2297798 0 0 1 0.04755412 0 0 0 1 1 -1.74846e-7 0 -0.2297938 1.74846e-7 1 0 -0.2297798 0 0 1 0.04755412 0 0 0 1 1 -1.74846e-7 0 -0.2297938 1.74846e-7 1 0 -0.2297798 0 0 1 0.04755412 0 0 0 1 1 -1.74846e-7 0 -0.2297938 1.74846e-7 1 0 -0.2297798 0 0 1 0.04755412 0 0 0 1 1 -1.74846e-7 0 -0.2297938 1.74846e-7 1 0 -0.2297798 0 0 1 0.04755412 0 0 0 1 1 -1.74846e-7 0 -0.2297938 1.74846e-7 1 0 -0.2297798 0 0 1 0.04755412 0 0 0 1 1 -1.74846e-7 0 -0.2297938 1.74846e-7 1 0 -0.2297798 0 0 1 0.04755412 0 0 0 1 1 -1.74846e-7 0 -0.2297938 1.74846e-7 1 0 -0.2297798 0 0 1 0.04755412 0 0 0 1 1 -1.74846e-7 0 -0.2297938 1.74846e-7 1 0 -0.2297798 0 0 1 0.04755412 0 0 0 1 1 -1.74846e-7 0 -0.2297938 1.74846e-7 1 0 -0.2297798 0 0 1 0.04755412 0 0 0 1 1 -1.74846e-7 0 -0.2297938 1.74846e-7 1 0 -0.2297798 0 0 1 0.04755412 0 0 0 1 1 -1.74846e-7 0 -0.2297938 1.74846e-7 1 0 -0.2297798 0 0 1 0.04755412 0 0 0 1 1 -1.74846e-7 0 -0.2297938 1.74846e-7 1 0 -0.2297798 0 0 1 0.04755412 0 0 0 1 1 -1.74846e-7 0 -0.2297938 1.74846e-7 1 0 -0.2297798 0 0 1 0.04755412 0 0 0 1 1 -1.74846e-7 0 -0.2297938 1.74846e-7 1 0 -0.2297798 0 0 1 0.04755412 0 0 0 1 1 -1.74846e-7 0 -0.2297938 1.74846e-7 1 0 -0.2297798 0 0 1 0.04755412 0 0 0 1 1 -1.74846e-7 0 -0.2297938 1.74846e-7 1 0 -0.2297798 0 0 1 0.04755412 0 0 0 1 1 -1.74846e-7 0 -0.2297938 1.74846e-7 1 0 -0.2297798 0 0 1 0.04755412 0 0 0 1 1 -1.74846e-7 0 -0.2297938 1.74846e-7 1 0 -0.2297798 0 0 1 0.04755412 0 0 0 1 1 -1.74846e-7 0 -0.2297938 1.74846e-7 1 0 -0.2297798 0 0 1 0.04755412 0 0 0 1 1 -1.74846e-7 0 -0.2297938 1.74846e-7 1 0 -0.2297798 0 0 1 0.04755412 0 0 0 1 1 -1.74846e-7 0 -0.2297938 1.74846e-7 1 0 -0.2297798 0 0 1 0.04755412 0 0 0 1 1 -1.74846e-7 0 -0.2297938 1.74846e-7 1 0 -0.2297798 0 0 1 0.04755412 0 0 0 1 1 -1.74846e-7 0 -0.2297938 1.74846e-7 1 0 -0.2297798 0 0 1 0.04755412 0 0 0 1 1 -1.74846e-7 0 -0.2297938 1.74846e-7 1 0 -0.2297798 0 0 1 0.04755412 0 0 0 1</float_array>
          <technique_common>
            <accessor source="#Propeller03_Propeller03Action_transform-output-array" count="250" stride="16">
              <param name="TRANSFORM" type="float4x4"/>
            </accessor>
          </technique_common>
        </source>
        <source id="Propeller03_Propeller03Action_transform-interpolation">
          <Name_array id="Propeller03_Propeller03Action_transform-interpolation-array" count="250">LINEAR LINEAR LINEAR LINEAR LINEAR LINEAR LINEAR LINEAR LINEAR LINEAR LINEAR LINEAR LINEAR LINEAR LINEAR LINEAR LINEAR LINEAR LINEAR LINEAR LINEAR LINEAR LINEAR LINEAR LINEAR LINEAR LINEAR LINEAR LINEAR LINEAR LINEAR LINEAR LINEAR LINEAR LINEAR LINEAR LINEAR LINEAR LINEAR LINEAR LINEAR LINEAR LINEAR LINEAR LINEAR LINEAR LINEAR LINEAR LINEAR LINEAR LINEAR LINEAR LINEAR LINEAR LINEAR LINEAR LINEAR LINEAR LINEAR LINEAR LINEAR LINEAR LINEAR LINEAR LINEAR LINEAR LINEAR LINEAR LINEAR LINEAR LINEAR LINEAR LINEAR LINEAR LINEAR LINEAR LINEAR LINEAR LINEAR LINEAR LINEAR LINEAR LINEAR LINEAR LINEAR LINEAR LINEAR LINEAR LINEAR LINEAR LINEAR LINEAR LINEAR LINEAR LINEAR LINEAR LINEAR LINEAR LINEAR LINEAR LINEAR LINEAR LINEAR LINEAR LINEAR LINEAR LINEAR LINEAR LINEAR LINEAR LINEAR LINEAR LINEAR LINEAR LINEAR LINEAR LINEAR LINEAR LINEAR LINEAR LINEAR LINEAR LINEAR LINEAR LINEAR LINEAR LINEAR LINEAR LINEAR LINEAR LINEAR LINEAR LINEAR LINEAR LINEAR LINEAR LINEAR LINEAR LINEAR LINEAR LINEAR LINEAR LINEAR LINEAR LINEAR LINEAR LINEAR LINEAR LINEAR LINEAR LINEAR LINEAR LINEAR LINEAR LINEAR LINEAR LINEAR LINEAR LINEAR LINEAR LINEAR LINEAR LINEAR LINEAR LINEAR LINEAR LINEAR LINEAR LINEAR LINEAR LINEAR LINEAR LINEAR LINEAR LINEAR LINEAR LINEAR LINEAR LINEAR LINEAR LINEAR LINEAR LINEAR LINEAR LINEAR LINEAR LINEAR LINEAR LINEAR LINEAR LINEAR LINEAR LINEAR LINEAR LINEAR LINEAR LINEAR LINEAR LINEAR LINEAR LINEAR LINEAR LINEAR LINEAR LINEAR LINEAR LINEAR LINEAR LINEAR LINEAR LINEAR LINEAR LINEAR LINEAR LINEAR LINEAR LINEAR LINEAR LINEAR LINEAR LINEAR LINEAR LINEAR LINEAR LINEAR LINEAR LINEAR LINEAR LINEAR LINEAR LINEAR LINEAR LINEAR LINEAR LINEAR LINEAR LINEAR LINEAR LINEAR LINEAR LINEAR LINEAR LINEAR LINEAR LINEAR LINEAR LINEAR LINEAR LINEAR LINEAR</Name_array>
          <technique_common>
            <accessor source="#Propeller03_Propeller03Action_transform-interpolation-array" count="250" stride="1">
              <param name="INTERPOLATION" type="name"/>
            </accessor>
          </technique_common>
        </source>
        <sampler id="Propeller03_Propeller03Action_transform-sampler">
          <input semantic="INPUT" source="#Propeller03_Propeller03Action_transform-input"/>
          <input semantic="OUTPUT" source="#Propeller03_Propeller03Action_transform-output"/>
          <input semantic="INTERPOLATION" source="#Propeller03_Propeller03Action_transform-interpolation"/>
        </sampler>
        <channel source="#Propeller03_Propeller03Action_transform-sampler" target="Propeller03/transform"/>
      </animation>
    </animation>
    <animation id="action_container-Propeller04" name="Propeller04">
      <animation id="Propeller04_Propeller04Action_transform" name="Propeller04">
        <source id="Propeller04_Propeller04Action_transform-input">
          <float_array id="Propeller04_Propeller04Action_transform-input-array" count="250">0.04166662 0.08333331 0.125 0.1666666 0.2083333 0.25 0.2916666 0.3333333 0.375 0.4166666 0.4583333 0.5 0.5416667 0.5833333 0.625 0.6666667 0.7083333 0.75 0.7916667 0.8333333 0.875 0.9166667 0.9583333 1 1.041667 1.083333 1.125 1.166667 1.208333 1.25 1.291667 1.333333 1.375 1.416667 1.458333 1.5 1.541667 1.583333 1.625 1.666667 1.708333 1.75 1.791667 1.833333 1.875 1.916667 1.958333 2 2.041667 2.083333 2.125 2.166667 2.208333 2.25 2.291667 2.333333 2.375 2.416667 2.458333 2.5 2.541667 2.583333 2.625 2.666667 2.708333 2.75 2.791667 2.833333 2.875 2.916667 2.958333 3 3.041667 3.083333 3.125 3.166667 3.208333 3.25 3.291667 3.333333 3.375 3.416667 3.458333 3.5 3.541667 3.583333 3.625 3.666667 3.708333 3.75 3.791667 3.833333 3.875 3.916667 3.958333 4 4.041666 4.083333 4.125 4.166666 4.208333 4.25 4.291666 4.333333 4.375 4.416666 4.458333 4.5 4.541666 4.583333 4.625 4.666666 4.708333 4.75 4.791666 4.833333 4.875 4.916666 4.958333 5 5.041666 5.083333 5.125 5.166666 5.208333 5.25 5.291666 5.333333 5.375 5.416666 5.458333 5.5 5.541666 5.583333 5.625 5.666666 5.708333 5.75 5.791666 5.833333 5.875 5.916666 5.958333 6 6.041666 6.083333 6.125 6.166666 6.208333 6.25 6.291666 6.333333 6.375 6.416666 6.458333 6.5 6.541666 6.583333 6.625 6.666666 6.708333 6.75 6.791666 6.833333 6.875 6.916666 6.958333 7 7.041666 7.083333 7.125 7.166666 7.208333 7.25 7.291666 7.333333 7.375 7.416666 7.458333 7.5 7.541666 7.583333 7.625 7.666666 7.708333 7.75 7.791666 7.833333 7.875 7.916666 7.958333 8 8.041667 8.083333 8.125 8.166667 8.208333 8.25 8.291667 8.333333 8.375 8.416667 8.458333 8.5 8.541667 8.583333 8.625 8.666667 8.708333 8.75 8.791667 8.833333 8.875 8.916667 8.958333 9 9.041667 9.083333 9.125 9.166667 9.208333 9.25 9.291667 9.333333 9.375 9.416667 9.458333 9.5 9.541667 9.583333 9.625 9.666667 9.708333 9.75 9.791667 9.833333 9.875 9.916667 9.958333 10 10.04167 10.08333 10.125 10.16667 10.20833 10.25 10.29167 10.33333 10.375 10.41667</float_array>
          <technique_common>
            <accessor source="#Propeller04_Propeller04Action_transform-input-array" count="250" stride="1">
              <param name="TIME" type="float"/>
            </accessor>
          </technique_common>
        </source>
        <source id="Propeller04_Propeller04Action_transform-output">
          <float_array id="Propeller04_Propeller04Action_transform-output-array" count="4000">1 0 0 -0.2297798 0 1 0 0.2297938 0 0 1 0.04755412 0 0 0 1 0.9685832 -0.2486899 0 -0.2297798 0.2486899 0.9685832 0 0.2297938 0 0 1 0.04755412 0 0 0 1 0.8763067 -0.4817537 0 -0.2297798 0.4817537 0.8763067 0 0.2297938 0 0 1 0.04755412 0 0 0 1 0.7289686 -0.6845471 0 -0.2297798 0.6845471 0.7289686 0 0.2297938 0 0 1 0.04755412 0 0 0 1 0.5358267 -0.8443279 0 -0.2297798 0.8443279 0.5358267 0 0.2297938 0 0 1 0.04755412 0 0 0 1 0.309017 -0.9510565 0 -0.2297798 0.9510565 0.309017 0 0.2297938 0 0 1 0.04755412 0 0 0 1 0.0627905 -0.9980267 0 -0.2297798 0.9980267 0.0627905 0 0.2297938 0 0 1 0.04755412 0 0 0 1 -0.1873814 -0.9822872 0 -0.2297798 0.9822872 -0.1873814 0 0.2297938 0 0 1 0.04755412 0 0 0 1 -0.4257794 -0.904827 0 -0.2297798 0.904827 -0.4257794 0 0.2297938 0 0 1 0.04755412 0 0 0 1 -0.637424 -0.7705132 0 -0.2297798 0.7705132 -0.637424 0 0.2297938 0 0 1 0.04755412 0 0 0 1 -0.8090171 -0.5877852 0 -0.2297798 0.5877852 -0.8090171 0 0.2297938 0 0 1 0.04755412 0 0 0 1 -0.9297765 -0.3681244 0 -0.2297798 0.3681244 -0.9297765 0 0.2297938 0 0 1 0.04755412 0 0 0 1 -0.9921147 -0.1253332 0 -0.2297798 0.1253332 -0.9921147 0 0.2297938 0 0 1 0.04755412 0 0 0 1 -0.9921147 0.1253334 0 -0.2297798 -0.1253334 -0.9921147 0 0.2297938 0 0 1 0.04755412 0 0 0 1 -0.9297764 0.3681248 0 -0.2297798 -0.3681248 -0.9297764 0 0.2297938 0 0 1 0.04755412 0 0 0 1 -0.8090169 0.5877854 0 -0.2297798 -0.5877854 -0.8090169 0 0.2297938 0 0 1 0.04755412 0 0 0 1 -0.6374238 0.7705134 0 -0.2297798 -0.7705134 -0.6374238 0 0.2297938 0 0 1 0.04755412 0 0 0 1 -0.425779 0.9048272 0 -0.2297798 -0.9048272 -0.425779 0 0.2297938 0 0 1 0.04755412 0 0 0 1 -0.1873814 0.9822872 0 -0.2297798 -0.9822872 -0.1873814 0 0.2297938 0 0 1 0.04755412 0 0 0 1 0.06279056 0.9980267 0 -0.2297798 -0.9980267 0.06279056 0 0.2297938 0 0 1 0.04755412 0 0 0 1 0.3090171 0.9510565 0 -0.2297798 -0.9510565 0.3090171 0 0.2297938 0 0 1 0.04755412 0 0 0 1 0.535827 0.8443278 0 -0.2297798 -0.8443278 0.535827 0 0.2297938 0 0 1 0.04755412 0 0 0 1 0.7289689 0.6845468 0 -0.2297798 -0.6845468 0.7289689 0 0.2297938 0 0 1 0.04755412 0 0 0 1 0.8763067 0.4817537 0 -0.2297798 -0.4817537 0.8763067 0 0.2297938 0 0 1 0.04755412 0 0 0 1 0.9685832 0.2486898 0 -0.2297798 -0.2486898 0.9685832 0 0.2297938 0 0 1 0.04755412 0 0 0 1 1 -1.74846e-7 0 -0.2297798 1.74846e-7 1 0 0.2297938 0 0 1 0.04755412 0 0 0 1 1 -1.74846e-7 0 -0.2297798 1.74846e-7 1 0 0.2297938 0 0 1 0.04755412 0 0 0 1 1 -1.74846e-7 0 -0.2297798 1.74846e-7 1 0 0.2297938 0 0 1 0.04755412 0 0 0 1 1 -1.74846e-7 0 -0.2297798 1.74846e-7 1 0 0.2297938 0 0 1 0.04755412 0 0 0 1 1 -1.74846e-7 0 -0.2297798 1.74846e-7 1 0 0.2297938 0 0 1 0.04755412 0 0 0 1 1 -1.74846e-7 0 -0.2297798 1.74846e-7 1 0 0.2297938 0 0 1 0.04755412 0 0 0 1 1 -1.74846e-7 0 -0.2297798 1.74846e-7 1 0 0.2297938 0 0 1 0.04755412 0 0 0 1 1 -1.74846e-7 0 -0.2297798 1.74846e-7 1 0 0.2297938 0 0 1 0.04755412 0 0 0 1 1 -1.74846e-7 0 -0.2297798 1.74846e-7 1 0 0.2297938 0 0 1 0.04755412 0 0 0 1 1 -1.74846e-7 0 -0.2297798 1.74846e-7 1 0 0.2297938 0 0 1 0.04755412 0 0 0 1 1 -1.74846e-7 0 -0.2297798 1.74846e-7 1 0 0.2297938 0 0 1 0.04755412 0 0 0 1 1 -1.74846e-7 0 -0.2297798 1.74846e-7 1 0 0.2297938 0 0 1 0.04755412 0 0 0 1 1 -1.74846e-7 0 -0.2297798 1.74846e-7 1 0 0.2297938 0 0 1 0.04755412 0 0 0 1 1 -1.74846e-7 0 -0.2297798 1.74846e-7 1 0 0.2297938 0 0 1 0.04755412 0 0 0 1 1 -1.74846e-7 0 -0.2297798 1.74846e-7 1 0 0.2297938 0 0 1 0.04755412 0 0 0 1 1 -1.74846e-7 0 -0.2297798 1.74846e-7 1 0 0.2297938 0 0 1 0.04755412 0 0 0 1 1 -1.74846e-7 0 -0.2297798 1.74846e-7 1 0 0.2297938 0 0 1 0.04755412 0 0 0 1 1 -1.74846e-7 0 -0.2297798 1.74846e-7 1 0 0.2297938 0 0 1 0.04755412 0 0 0 1 1 -1.74846e-7 0 -0.2297798 1.74846e-7 1 0 0.2297938 0 0 1 0.04755412 0 0 0 1 1 -1.74846e-7 0 -0.2297798 1.74846e-7 1 0 0.2297938 0 0 1 0.04755412 0 0 0 1 1 -1.74846e-7 0 -0.2297798 1.74846e-7 1 0 0.2297938 0 0 1 0.04755412 0 0 0 1 1 -1.74846e-7 0 -0.2297798 1.74846e-7 1 0 0.2297938 0 0 1 0.04755412 0 0 0 1 1 -1.74846e-7 0 -0.2297798 1.74846e-7 1 0 0.2297938 0 0 1 0.04755412 0 0 0 1 1 -1.74846e-7 0 -0.2297798 1.74846e-7 1 0 0.2297938 0 0 1 0.04755412 0 0 0 1 1 -1.74846e-7 0 -0.2297798 1.74846e-7 1 0 0.2297938 0 0 1 0.04755412 0 0 0 1 1 -1.74846e-7 0 -0.2297798 1.74846e-7 1 0 0.2297938 0 0 1 0.04755412 0 0 0 1 1 -1.74846e-7 0 -0.2297798 1.74846e-7 1 0 0.2297938 0 0 1 0.04755412 0 0 0 1 1 -1.74846e-7 0 -0.2297798 1.74846e-7 1 0 0.2297938 0 0 1 0.04755412 0 0 0 1 1 -1.74846e-7 0 -0.2297798 1.74846e-7 1 0 0.2297938 0 0 1 0.04755412 0 0 0 1 1 -1.74846e-7 0 -0.2297798 1.74846e-7 1 0 0.2297938 0 0 1 0.04755412 0 0 0 1 1 -1.74846e-7 0 -0.2297798 1.74846e-7 1 0 0.2297938 0 0 1 0.04755412 0 0 0 1 1 -1.74846e-7 0 -0.2297798 1.74846e-7 1 0 0.2297938 0 0 1 0.04755412 0 0 0 1 1 -1.74846e-7 0 -0.2297798 1.74846e-7 1 0 0.2297938 0 0 1 0.04755412 0 0 0 1 1 -1.74846e-7 0 -0.2297798 1.74846e-7 1 0 0.2297938 0 0 1 0.04755412 0 0 0 1 1 -1.74846e-7 0 -0.2297798 1.74846e-7 1 0 0.2297938 0 0 1 0.04755412 0 0 0 1 1 -1.74846e-7 0 -0.2297798 1.74846e-7 1 0 0.2297938 0 0 1 0.04755412 0 0 0 1 1 -1.74846e-7 0 -0.2297798 1.74846e-7 1 0 0.2297938 0 0 1 0.04755412 0 0 0 1 1 -1.74846e-7 0 -0.2297798 1.74846e-7 1 0 0.2297938 0 0 1 0.04755412 0 0 0 1 1 -1.74846e-7 0 -0.2297798 1.74846e-7 1 0 0.2297938 0 0 1 0.04755412 0 0 0 1 1 -1.74846e-7 0 -0.2297798 1.74846e-7 1 0 0.2297938 0 0 1 0.04755412 0 0 0 1 1 -1.74846e-7 0 -0.2297798 1.74846e-7 1 0 0.2297938 0 0 1 0.04755412 0 0 0 1 1 -1.74846e-7 0 -0.2297798 1.74846e-7 1 0 0.2297938 0 0 1 0.04755412 0 0 0 1 1 -1.74846e-7 0 -0.2297798 1.74846e-7 1 0 0.2297938 0 0 1 0.04755412 0 0 0 1 1 -1.74846e-7 0 -0.2297798 1.74846e-7 1 0 0.2297938 0 0 1 0.04755412 0 0 0 1 1 -1.74846e-7 0 -0.2297798 1.74846e-7 1 0 0.2297938 0 0 1 0.04755412 0 0 0 1 1 -1.74846e-7 0 -0.2297798 1.74846e-7 1 0 0.2297938 0 0 1 0.04755412 0 0 0 1 1 -1.74846e-7 0 -0.2297798 1.74846e-7 1 0 0.2297938 0 0 1 0.04755412 0 0 0 1 1 -1.74846e-7 0 -0.2297798 1.74846e-7 1 0 0.2297938 0 0 1 0.04755412 0 0 0 1 1 -1.74846e-7 0 -0.2297798 1.74846e-7 1 0 0.2297938 0 0 1 0.04755412 0 0 0 1 1 -1.74846e-7 0 -0.2297798 1.74846e-7 1 0 0.2297938 0 0 1 0.04755412 0 0 0 1 1 -1.74846e-7 0 -0.2297798 1.74846e-7 1 0 0.2297938 0 0 1 0.04755412 0 0 0 1 1 -1.74846e-7 0 -0.2297798 1.74846e-7 1 0 0.2297938 0 0 1 0.04755412 0 0 0 1 1 -1.74846e-7 0 -0.2297798 1.74846e-7 1 0 0.2297938 0 0 1 0.04755412 0 0 0 1 1 -1.74846e-7 0 -0.2297798 1.74846e-7 1 0 0.2297938 0 0 1 0.04755412 0 0 0 1 1 -1.74846e-7 0 -0.2297798 1.74846e-7 1 0 0.2297938 0 0 1 0.04755412 0 0 0 1 1 -1.74846e-7 0 -0.2297798 1.74846e-7 1 0 0.2297938 0 0 1 0.04755412 0 0 0 1 1 -1.74846e-7 0 -0.2297798 1.74846e-7 1 0 0.2297938 0 0 1 0.04755412 0 0 0 1 1 -1.74846e-7 0 -0.2297798 1.74846e-7 1 0 0.2297938 0 0 1 0.04755412 0 0 0 1 1 -1.74846e-7 0 -0.2297798 1.74846e-7 1 0 0.2297938 0 0 1 0.04755412 0 0 0 1 1 -1.74846e-7 0 -0.2297798 1.74846e-7 1 0 0.2297938 0 0 1 0.04755412 0 0 0 1 1 -1.74846e-7 0 -0.2297798 1.74846e-7 1 0 0.2297938 0 0 1 0.04755412 0 0 0 1 1 -1.74846e-7 0 -0.2297798 1.74846e-7 1 0 0.2297938 0 0 1 0.04755412 0 0 0 1 1 -1.74846e-7 0 -0.2297798 1.74846e-7 1 0 0.2297938 0 0 1 0.04755412 0 0 0 1 1 -1.74846e-7 0 -0.2297798 1.74846e-7 1 0 0.2297938 0 0 1 0.04755412 0 0 0 1 1 -1.74846e-7 0 -0.2297798 1.74846e-7 1 0 0.2297938 0 0 1 0.04755412 0 0 0 1 1 -1.74846e-7 0 -0.2297798 1.74846e-7 1 0 0.2297938 0 0 1 0.04755412 0 0 0 1 1 -1.74846e-7 0 -0.2297798 1.74846e-7 1 0 0.2297938 0 0 1 0.04755412 0 0 0 1 1 -1.74846e-7 0 -0.2297798 1.74846e-7 1 0 0.2297938 0 0 1 0.04755412 0 0 0 1 1 -1.74846e-7 0 -0.2297798 1.74846e-7 1 0 0.2297938 0 0 1 0.04755412 0 0 0 1 1 -1.74846e-7 0 -0.2297798 1.74846e-7 1 0 0.2297938 0 0 1 0.04755412 0 0 0 1 1 -1.74846e-7 0 -0.2297798 1.74846e-7 1 0 0.2297938 0 0 1 0.04755412 0 0 0 1 1 -1.74846e-7 0 -0.2297798 1.74846e-7 1 0 0.2297938 0 0 1 0.04755412 0 0 0 1 1 -1.74846e-7 0 -0.2297798 1.74846e-7 1 0 0.2297938 0 0 1 0.04755412 0 0 0 1 1 -1.74846e-7 0 -0.2297798 1.74846e-7 1 0 0.2297938 0 0 1 0.04755412 0 0 0 1 1 -1.74846e-7 0 -0.2297798 1.74846e-7 1 0 0.2297938 0 0 1 0.04755412 0 0 0 1 1 -1.74846e-7 0 -0.2297798 1.74846e-7 1 0 0.2297938 0 0 1 0.04755412 0 0 0 1 1 -1.74846e-7 0 -0.2297798 1.74846e-7 1 0 0.2297938 0 0 1 0.04755412 0 0 0 1 1 -1.74846e-7 0 -0.2297798 1.74846e-7 1 0 0.2297938 0 0 1 0.04755412 0 0 0 1 1 -1.74846e-7 0 -0.2297798 1.74846e-7 1 0 0.2297938 0 0 1 0.04755412 0 0 0 1 1 -1.74846e-7 0 -0.2297798 1.74846e-7 1 0 0.2297938 0 0 1 0.04755412 0 0 0 1 1 -1.74846e-7 0 -0.2297798 1.74846e-7 1 0 0.2297938 0 0 1 0.04755412 0 0 0 1 1 -1.74846e-7 0 -0.2297798 1.74846e-7 1 0 0.2297938 0 0 1 0.04755412 0 0 0 1 1 -1.74846e-7 0 -0.2297798 1.74846e-7 1 0 0.2297938 0 0 1 0.04755412 0 0 0 1 1 -1.74846e-7 0 -0.2297798 1.74846e-7 1 0 0.2297938 0 0 1 0.04755412 0 0 0 1 1 -1.74846e-7 0 -0.2297798 1.74846e-7 1 0 0.2297938 0 0 1 0.04755412 0 0 0 1 1 -1.74846e-7 0 -0.2297798 1.74846e-7 1 0 0.2297938 0 0 1 0.04755412 0 0 0 1 1 -1.74846e-7 0 -0.2297798 1.74846e-7 1 0 0.2297938 0 0 1 0.04755412 0 0 0 1 1 -1.74846e-7 0 -0.2297798 1.74846e-7 1 0 0.2297938 0 0 1 0.04755412 0 0 0 1 1 -1.74846e-7 0 -0.2297798 1.74846e-7 1 0 0.2297938 0 0 1 0.04755412 0 0 0 1 1 -1.74846e-7 0 -0.2297798 1.74846e-7 1 0 0.2297938 0 0 1 0.04755412 0 0 0 1 1 -1.74846e-7 0 -0.2297798 1.74846e-7 1 0 0.2297938 0 0 1 0.04755412 0 0 0 1 1 -1.74846e-7 0 -0.2297798 1.74846e-7 1 0 0.2297938 0 0 1 0.04755412 0 0 0 1 1 -1.74846e-7 0 -0.2297798 1.74846e-7 1 0 0.2297938 0 0 1 0.04755412 0 0 0 1 1 -1.74846e-7 0 -0.2297798 1.74846e-7 1 0 0.2297938 0 0 1 0.04755412 0 0 0 1 1 -1.74846e-7 0 -0.2297798 1.74846e-7 1 0 0.2297938 0 0 1 0.04755412 0 0 0 1 1 -1.74846e-7 0 -0.2297798 1.74846e-7 1 0 0.2297938 0 0 1 0.04755412 0 0 0 1 1 -1.74846e-7 0 -0.2297798 1.74846e-7 1 0 0.2297938 0 0 1 0.04755412 0 0 0 1 1 -1.74846e-7 0 -0.2297798 1.74846e-7 1 0 0.2297938 0 0 1 0.04755412 0 0 0 1 1 -1.74846e-7 0 -0.2297798 1.74846e-7 1 0 0.2297938 0 0 1 0.04755412 0 0 0 1 1 -1.74846e-7 0 -0.2297798 1.74846e-7 1 0 0.2297938 0 0 1 0.04755412 0 0 0 1 1 -1.74846e-7 0 -0.2297798 1.74846e-7 1 0 0.2297938 0 0 1 0.04755412 0 0 0 1 1 -1.74846e-7 0 -0.2297798 1.74846e-7 1 0 0.2297938 0 0 1 0.04755412 0 0 0 1 1 -1.74846e-7 0 -0.2297798 1.74846e-7 1 0 0.2297938 0 0 1 0.04755412 0 0 0 1 1 -1.74846e-7 0 -0.2297798 1.74846e-7 1 0 0.2297938 0 0 1 0.04755412 0 0 0 1 1 -1.74846e-7 0 -0.2297798 1.74846e-7 1 0 0.2297938 0 0 1 0.04755412 0 0 0 1 1 -1.74846e-7 0 -0.2297798 1.74846e-7 1 0 0.2297938 0 0 1 0.04755412 0 0 0 1 1 -1.74846e-7 0 -0.2297798 1.74846e-7 1 0 0.2297938 0 0 1 0.04755412 0 0 0 1 1 -1.74846e-7 0 -0.2297798 1.74846e-7 1 0 0.2297938 0 0 1 0.04755412 0 0 0 1 1 -1.74846e-7 0 -0.2297798 1.74846e-7 1 0 0.2297938 0 0 1 0.04755412 0 0 0 1 1 -1.74846e-7 0 -0.2297798 1.74846e-7 1 0 0.2297938 0 0 1 0.04755412 0 0 0 1 1 -1.74846e-7 0 -0.2297798 1.74846e-7 1 0 0.2297938 0 0 1 0.04755412 0 0 0 1 1 -1.74846e-7 0 -0.2297798 1.74846e-7 1 0 0.2297938 0 0 1 0.04755412 0 0 0 1 1 -1.74846e-7 0 -0.2297798 1.74846e-7 1 0 0.2297938 0 0 1 0.04755412 0 0 0 1 1 -1.74846e-7 0 -0.2297798 1.74846e-7 1 0 0.2297938 0 0 1 0.04755412 0 0 0 1 1 -1.74846e-7 0 -0.2297798 1.74846e-7 1 0 0.2297938 0 0 1 0.04755412 0 0 0 1 1 -1.74846e-7 0 -0.2297798 1.74846e-7 1 0 0.2297938 0 0 1 0.04755412 0 0 0 1 1 -1.74846e-7 0 -0.2297798 1.74846e-7 1 0 0.2297938 0 0 1 0.04755412 0 0 0 1 1 -1.74846e-7 0 -0.2297798 1.74846e-7 1 0 0.2297938 0 0 1 0.04755412 0 0 0 1 1 -1.74846e-7 0 -0.2297798 1.74846e-7 1 0 0.2297938 0 0 1 0.04755412 0 0 0 1 1 -1.74846e-7 0 -0.2297798 1.74846e-7 1 0 0.2297938 0 0 1 0.04755412 0 0 0 1 1 -1.74846e-7 0 -0.2297798 1.74846e-7 1 0 0.2297938 0 0 1 0.04755412 0 0 0 1 1 -1.74846e-7 0 -0.2297798 1.74846e-7 1 0 0.2297938 0 0 1 0.04755412 0 0 0 1 1 -1.74846e-7 0 -0.2297798 1.74846e-7 1 0 0.2297938 0 0 1 0.04755412 0 0 0 1 1 -1.74846e-7 0 -0.2297798 1.74846e-7 1 0 0.2297938 0 0 1 0.04755412 0 0 0 1 1 -1.74846e-7 0 -0.2297798 1.74846e-7 1 0 0.2297938 0 0 1 0.04755412 0 0 0 1 1 -1.74846e-7 0 -0.2297798 1.74846e-7 1 0 0.2297938 0 0 1 0.04755412 0 0 0 1 1 -1.74846e-7 0 -0.2297798 1.74846e-7 1 0 0.2297938 0 0 1 0.04755412 0 0 0 1 1 -1.74846e-7 0 -0.2297798 1.74846e-7 1 0 0.2297938 0 0 1 0.04755412 0 0 0 1 1 -1.74846e-7 0 -0.2297798 1.74846e-7 1 0 0.2297938 0 0 1 0.04755412 0 0 0 1 1 -1.74846e-7 0 -0.2297798 1.74846e-7 1 0 0.2297938 0 0 1 0.04755412 0 0 0 1 1 -1.74846e-7 0 -0.2297798 1.74846e-7 1 0 0.2297938 0 0 1 0.04755412 0 0 0 1 1 -1.74846e-7 0 -0.2297798 1.74846e-7 1 0 0.2297938 0 0 1 0.04755412 0 0 0 1 1 -1.74846e-7 0 -0.2297798 1.74846e-7 1 0 0.2297938 0 0 1 0.04755412 0 0 0 1 1 -1.74846e-7 0 -0.2297798 1.74846e-7 1 0 0.2297938 0 0 1 0.04755412 0 0 0 1 1 -1.74846e-7 0 -0.2297798 1.74846e-7 1 0 0.2297938 0 0 1 0.04755412 0 0 0 1 1 -1.74846e-7 0 -0.2297798 1.74846e-7 1 0 0.2297938 0 0 1 0.04755412 0 0 0 1 1 -1.74846e-7 0 -0.2297798 1.74846e-7 1 0 0.2297938 0 0 1 0.04755412 0 0 0 1 1 -1.74846e-7 0 -0.2297798 1.74846e-7 1 0 0.2297938 0 0 1 0.04755412 0 0 0 1 1 -1.74846e-7 0 -0.2297798 1.74846e-7 1 0 0.2297938 0 0 1 0.04755412 0 0 0 1 1 -1.74846e-7 0 -0.2297798 1.74846e-7 1 0 0.2297938 0 0 1 0.04755412 0 0 0 1 1 -1.74846e-7 0 -0.2297798 1.74846e-7 1 0 0.2297938 0 0 1 0.04755412 0 0 0 1 1 -1.74846e-7 0 -0.2297798 1.74846e-7 1 0 0.2297938 0 0 1 0.04755412 0 0 0 1 1 -1.74846e-7 0 -0.2297798 1.74846e-7 1 0 0.2297938 0 0 1 0.04755412 0 0 0 1 1 -1.74846e-7 0 -0.2297798 1.74846e-7 1 0 0.2297938 0 0 1 0.04755412 0 0 0 1 1 -1.74846e-7 0 -0.2297798 1.74846e-7 1 0 0.2297938 0 0 1 0.04755412 0 0 0 1 1 -1.74846e-7 0 -0.2297798 1.74846e-7 1 0 0.2297938 0 0 1 0.04755412 0 0 0 1 1 -1.74846e-7 0 -0.2297798 1.74846e-7 1 0 0.2297938 0 0 1 0.04755412 0 0 0 1 1 -1.74846e-7 0 -0.2297798 1.74846e-7 1 0 0.2297938 0 0 1 0.04755412 0 0 0 1 1 -1.74846e-7 0 -0.2297798 1.74846e-7 1 0 0.2297938 0 0 1 0.04755412 0 0 0 1 1 -1.74846e-7 0 -0.2297798 1.74846e-7 1 0 0.2297938 0 0 1 0.04755412 0 0 0 1 1 -1.74846e-7 0 -0.2297798 1.74846e-7 1 0 0.2297938 0 0 1 0.04755412 0 0 0 1 1 -1.74846e-7 0 -0.2297798 1.74846e-7 1 0 0.2297938 0 0 1 0.04755412 0 0 0 1 1 -1.74846e-7 0 -0.2297798 1.74846e-7 1 0 0.2297938 0 0 1 0.04755412 0 0 0 1 1 -1.74846e-7 0 -0.2297798 1.74846e-7 1 0 0.2297938 0 0 1 0.04755412 0 0 0 1 1 -1.74846e-7 0 -0.2297798 1.74846e-7 1 0 0.2297938 0 0 1 0.04755412 0 0 0 1 1 -1.74846e-7 0 -0.2297798 1.74846e-7 1 0 0.2297938 0 0 1 0.04755412 0 0 0 1 1 -1.74846e-7 0 -0.2297798 1.74846e-7 1 0 0.2297938 0 0 1 0.04755412 0 0 0 1 1 -1.74846e-7 0 -0.2297798 1.74846e-7 1 0 0.2297938 0 0 1 0.04755412 0 0 0 1 1 -1.74846e-7 0 -0.2297798 1.74846e-7 1 0 0.2297938 0 0 1 0.04755412 0 0 0 1 1 -1.74846e-7 0 -0.2297798 1.74846e-7 1 0 0.2297938 0 0 1 0.04755412 0 0 0 1 1 -1.74846e-7 0 -0.2297798 1.74846e-7 1 0 0.2297938 0 0 1 0.04755412 0 0 0 1 1 -1.74846e-7 0 -0.2297798 1.74846e-7 1 0 0.2297938 0 0 1 0.04755412 0 0 0 1 1 -1.74846e-7 0 -0.2297798 1.74846e-7 1 0 0.2297938 0 0 1 0.04755412 0 0 0 1 1 -1.74846e-7 0 -0.2297798 1.74846e-7 1 0 0.2297938 0 0 1 0.04755412 0 0 0 1 1 -1.74846e-7 0 -0.2297798 1.74846e-7 1 0 0.2297938 0 0 1 0.04755412 0 0 0 1 1 -1.74846e-7 0 -0.2297798 1.74846e-7 1 0 0.2297938 0 0 1 0.04755412 0 0 0 1 1 -1.74846e-7 0 -0.2297798 1.74846e-7 1 0 0.2297938 0 0 1 0.04755412 0 0 0 1 1 -1.74846e-7 0 -0.2297798 1.74846e-7 1 0 0.2297938 0 0 1 0.04755412 0 0 0 1 1 -1.74846e-7 0 -0.2297798 1.74846e-7 1 0 0.2297938 0 0 1 0.04755412 0 0 0 1 1 -1.74846e-7 0 -0.2297798 1.74846e-7 1 0 0.2297938 0 0 1 0.04755412 0 0 0 1 1 -1.74846e-7 0 -0.2297798 1.74846e-7 1 0 0.2297938 0 0 1 0.04755412 0 0 0 1 1 -1.74846e-7 0 -0.2297798 1.74846e-7 1 0 0.2297938 0 0 1 0.04755412 0 0 0 1 1 -1.74846e-7 0 -0.2297798 1.74846e-7 1 0 0.2297938 0 0 1 0.04755412 0 0 0 1 1 -1.74846e-7 0 -0.2297798 1.74846e-7 1 0 0.2297938 0 0 1 0.04755412 0 0 0 1 1 -1.74846e-7 0 -0.2297798 1.74846e-7 1 0 0.2297938 0 0 1 0.04755412 0 0 0 1 1 -1.74846e-7 0 -0.2297798 1.74846e-7 1 0 0.2297938 0 0 1 0.04755412 0 0 0 1 1 -1.74846e-7 0 -0.2297798 1.74846e-7 1 0 0.2297938 0 0 1 0.04755412 0 0 0 1 1 -1.74846e-7 0 -0.2297798 1.74846e-7 1 0 0.2297938 0 0 1 0.04755412 0 0 0 1 1 -1.74846e-7 0 -0.2297798 1.74846e-7 1 0 0.2297938 0 0 1 0.04755412 0 0 0 1 1 -1.74846e-7 0 -0.2297798 1.74846e-7 1 0 0.2297938 0 0 1 0.04755412 0 0 0 1 1 -1.74846e-7 0 -0.2297798 1.74846e-7 1 0 0.2297938 0 0 1 0.04755412 0 0 0 1 1 -1.74846e-7 0 -0.2297798 1.74846e-7 1 0 0.2297938 0 0 1 0.04755412 0 0 0 1 1 -1.74846e-7 0 -0.2297798 1.74846e-7 1 0 0.2297938 0 0 1 0.04755412 0 0 0 1 1 -1.74846e-7 0 -0.2297798 1.74846e-7 1 0 0.2297938 0 0 1 0.04755412 0 0 0 1 1 -1.74846e-7 0 -0.2297798 1.74846e-7 1 0 0.2297938 0 0 1 0.04755412 0 0 0 1 1 -1.74846e-7 0 -0.2297798 1.74846e-7 1 0 0.2297938 0 0 1 0.04755412 0 0 0 1 1 -1.74846e-7 0 -0.2297798 1.74846e-7 1 0 0.2297938 0 0 1 0.04755412 0 0 0 1 1 -1.74846e-7 0 -0.2297798 1.74846e-7 1 0 0.2297938 0 0 1 0.04755412 0 0 0 1 1 -1.74846e-7 0 -0.2297798 1.74846e-7 1 0 0.2297938 0 0 1 0.04755412 0 0 0 1 1 -1.74846e-7 0 -0.2297798 1.74846e-7 1 0 0.2297938 0 0 1 0.04755412 0 0 0 1 1 -1.74846e-7 0 -0.2297798 1.74846e-7 1 0 0.2297938 0 0 1 0.04755412 0 0 0 1 1 -1.74846e-7 0 -0.2297798 1.74846e-7 1 0 0.2297938 0 0 1 0.04755412 0 0 0 1 1 -1.74846e-7 0 -0.2297798 1.74846e-7 1 0 0.2297938 0 0 1 0.04755412 0 0 0 1 1 -1.74846e-7 0 -0.2297798 1.74846e-7 1 0 0.2297938 0 0 1 0.04755412 0 0 0 1 1 -1.74846e-7 0 -0.2297798 1.74846e-7 1 0 0.2297938 0 0 1 0.04755412 0 0 0 1 1 -1.74846e-7 0 -0.2297798 1.74846e-7 1 0 0.2297938 0 0 1 0.04755412 0 0 0 1 1 -1.74846e-7 0 -0.2297798 1.74846e-7 1 0 0.2297938 0 0 1 0.04755412 0 0 0 1 1 -1.74846e-7 0 -0.2297798 1.74846e-7 1 0 0.2297938 0 0 1 0.04755412 0 0 0 1 1 -1.74846e-7 0 -0.2297798 1.74846e-7 1 0 0.2297938 0 0 1 0.04755412 0 0 0 1 1 -1.74846e-7 0 -0.2297798 1.74846e-7 1 0 0.2297938 0 0 1 0.04755412 0 0 0 1 1 -1.74846e-7 0 -0.2297798 1.74846e-7 1 0 0.2297938 0 0 1 0.04755412 0 0 0 1 1 -1.74846e-7 0 -0.2297798 1.74846e-7 1 0 0.2297938 0 0 1 0.04755412 0 0 0 1 1 -1.74846e-7 0 -0.2297798 1.74846e-7 1 0 0.2297938 0 0 1 0.04755412 0 0 0 1 1 -1.74846e-7 0 -0.2297798 1.74846e-7 1 0 0.2297938 0 0 1 0.04755412 0 0 0 1 1 -1.74846e-7 0 -0.2297798 1.74846e-7 1 0 0.2297938 0 0 1 0.04755412 0 0 0 1 1 -1.74846e-7 0 -0.2297798 1.74846e-7 1 0 0.2297938 0 0 1 0.04755412 0 0 0 1 1 -1.74846e-7 0 -0.2297798 1.74846e-7 1 0 0.2297938 0 0 1 0.04755412 0 0 0 1 1 -1.74846e-7 0 -0.2297798 1.74846e-7 1 0 0.2297938 0 0 1 0.04755412 0 0 0 1 1 -1.74846e-7 0 -0.2297798 1.74846e-7 1 0 0.2297938 0 0 1 0.04755412 0 0 0 1 1 -1.74846e-7 0 -0.2297798 1.74846e-7 1 0 0.2297938 0 0 1 0.04755412 0 0 0 1 1 -1.74846e-7 0 -0.2297798 1.74846e-7 1 0 0.2297938 0 0 1 0.04755412 0 0 0 1 1 -1.74846e-7 0 -0.2297798 1.74846e-7 1 0 0.2297938 0 0 1 0.04755412 0 0 0 1 1 -1.74846e-7 0 -0.2297798 1.74846e-7 1 0 0.2297938 0 0 1 0.04755412 0 0 0 1 1 -1.74846e-7 0 -0.2297798 1.74846e-7 1 0 0.2297938 0 0 1 0.04755412 0 0 0 1 1 -1.74846e-7 0 -0.2297798 1.74846e-7 1 0 0.2297938 0 0 1 0.04755412 0 0 0 1 1 -1.74846e-7 0 -0.2297798 1.74846e-7 1 0 0.2297938 0 0 1 0.04755412 0 0 0 1 1 -1.74846e-7 0 -0.2297798 1.74846e-7 1 0 0.2297938 0 0 1 0.04755412 0 0 0 1 1 -1.74846e-7 0 -0.2297798 1.74846e-7 1 0 0.2297938 0 0 1 0.04755412 0 0 0 1 1 -1.74846e-7 0 -0.2297798 1.74846e-7 1 0 0.2297938 0 0 1 0.04755412 0 0 0 1 1 -1.74846e-7 0 -0.2297798 1.74846e-7 1 0 0.2297938 0 0 1 0.04755412 0 0 0 1 1 -1.74846e-7 0 -0.2297798 1.74846e-7 1 0 0.2297938 0 0 1 0.04755412 0 0 0 1 1 -1.74846e-7 0 -0.2297798 1.74846e-7 1 0 0.2297938 0 0 1 0.04755412 0 0 0 1 1 -1.74846e-7 0 -0.2297798 1.74846e-7 1 0 0.2297938 0 0 1 0.04755412 0 0 0 1 1 -1.74846e-7 0 -0.2297798 1.74846e-7 1 0 0.2297938 0 0 1 0.04755412 0 0 0 1 1 -1.74846e-7 0 -0.2297798 1.74846e-7 1 0 0.2297938 0 0 1 0.04755412 0 0 0 1</float_array>
          <technique_common>
            <accessor source="#Propeller04_Propeller04Action_transform-output-array" count="250" stride="16">
              <param name="TRANSFORM" type="float4x4"/>
            </accessor>
          </technique_common>
        </source>
        <source id="Propeller04_Propeller04Action_transform-interpolation">
          <Name_array id="Propeller04_Propeller04Action_transform-interpolation-array" count="250">LINEAR LINEAR LINEAR LINEAR LINEAR LINEAR LINEAR LINEAR LINEAR LINEAR LINEAR LINEAR LINEAR LINEAR LINEAR LINEAR LINEAR LINEAR LINEAR LINEAR LINEAR LINEAR LINEAR LINEAR LINEAR LINEAR LINEAR LINEAR LINEAR LINEAR LINEAR LINEAR LINEAR LINEAR LINEAR LINEAR LINEAR LINEAR LINEAR LINEAR LINEAR LINEAR LINEAR LINEAR LINEAR LINEAR LINEAR LINEAR LINEAR LINEAR LINEAR LINEAR LINEAR LINEAR LINEAR LINEAR LINEAR LINEAR LINEAR LINEAR LINEAR LINEAR LINEAR LINEAR LINEAR LINEAR LINEAR LINEAR LINEAR LINEAR LINEAR LINEAR LINEAR LINEAR LINEAR LINEAR LINEAR LINEAR LINEAR LINEAR LINEAR LINEAR LINEAR LINEAR LINEAR LINEAR LINEAR LINEAR LINEAR LINEAR LINEAR LINEAR LINEAR LINEAR LINEAR LINEAR LINEAR LINEAR LINEAR LINEAR LINEAR LINEAR LINEAR LINEAR LINEAR LINEAR LINEAR LINEAR LINEAR LINEAR LINEAR LINEAR LINEAR LINEAR LINEAR LINEAR LINEAR LINEAR LINEAR LINEAR LINEAR LINEAR LINEAR LINEAR LINEAR LINEAR LINEAR LINEAR LINEAR LINEAR LINEAR LINEAR LINEAR LINEAR LINEAR LINEAR LINEAR LINEAR LINEAR LINEAR LINEAR LINEAR LINEAR LINEAR LINEAR LINEAR LINEAR LINEAR LINEAR LINEAR LINEAR LINEAR LINEAR LINEAR LINEAR LINEAR LINEAR LINEAR LINEAR LINEAR LINEAR LINEAR LINEAR LINEAR LINEAR LINEAR LINEAR LINEAR LINEAR LINEAR LINEAR LINEAR LINEAR LINEAR LINEAR LINEAR LINEAR LINEAR LINEAR LINEAR LINEAR LINEAR LINEAR LINEAR LINEAR LINEAR LINEAR LINEAR LINEAR LINEAR LINEAR LINEAR LINEAR LINEAR LINEAR LINEAR LINEAR LINEAR LINEAR LINEAR LINEAR LINEAR LINEAR LINEAR LINEAR LINEAR LINEAR LINEAR LINEAR LINEAR LINEAR LINEAR LINEAR LINEAR LINEAR LINEAR LINEAR LINEAR LINEAR LINEAR LINEAR LINEAR LINEAR LINEAR LINEAR LINEAR LINEAR LINEAR LINEAR LINEAR LINEAR LINEAR LINEAR LINEAR LINEAR LINEAR LINEAR LINEAR LINEAR LINEAR LINEAR LINEAR LINEAR LINEAR LINEAR LINEAR LINEAR LINEAR LINEAR LINEAR</Name_array>
          <technique_common>
            <accessor source="#Propeller04_Propeller04Action_transform-interpolation-array" count="250" stride="1">
              <param name="INTERPOLATION" type="name"/>
            </accessor>
          </technique_common>
        </source>
        <sampler id="Propeller04_Propeller04Action_transform-sampler">
          <input semantic="INPUT" source="#Propeller04_Propeller04Action_transform-input"/>
          <input semantic="OUTPUT" source="#Propeller04_Propeller04Action_transform-output"/>
          <input semantic="INTERPOLATION" source="#Propeller04_Propeller04Action_transform-interpolation"/>
        </sampler>
        <channel source="#Propeller04_Propeller04Action_transform-sampler" target="Propeller04/transform"/>
      </animation>
    </animation>
  </library_animations>
  <library_visual_scenes>
    <visual_scene id="Scene" name="Scene">
      <node id="DJI_Matrice" name="DJI Matrice" type="NODE">
        <matrix sid="transform">1 0 0 0 0 1 0 0 0 0 1 0 0 0 0 1</matrix>
        <node id="Drone" name="Drone" type="NODE">
          <matrix sid="transform">-4.37114e-8 1 0 0 -1 -4.37114e-8 0 0 0 0 1 0 0 0 0 1</matrix>
          <instance_geometry url="#Cube_017-mesh" name="Drone">
            <bind_material>
              <technique_common>
                <instance_material symbol="Texture_Dji_matrice-material" target="#Texture_Dji_matrice-material">
                  <bind_vertex_input semantic="UVMap" input_semantic="TEXCOORD" input_set="0"/>
                </instance_material>
              </technique_common>
            </bind_material>
          </instance_geometry>
        </node>
        <node id="Propeller01" name="Propeller01" type="NODE">
          <matrix sid="transform">1 -1.74846e-7 0 0.2297938 1.74846e-7 1 0 0.2297798 0 0 1 0.04755412 0 0 0 1</matrix>
          <node id="MeshPropeller01" name="MeshPropeller01" type="NODE">
            <matrix sid="transform">-1.62921e-7 1 0 -0.2297938 -1 -1.62921e-7 0 -0.2297798 0 0 1 -0.04755412 0 0 0 1</matrix>
            <instance_geometry url="#Cube_005-mesh" name="MeshPropeller01">
              <bind_material>
                <technique_common>
                  <instance_material symbol="Texture_Dji_matrice-material" target="#Texture_Dji_matrice-material">
                    <bind_vertex_input semantic="UVMap" input_semantic="TEXCOORD" input_set="0"/>
                  </instance_material>
                </technique_common>
              </bind_material>
            </instance_geometry>
          </node>
        </node>
        <node id="Propeller02" name="Propeller02" type="NODE">
          <matrix sid="transform">1 -1.74846e-7 0 0.2297798 1.74846e-7 1 0 -0.2297938 0 0 1 0.04755412 0 0 0 1</matrix>
          <node id="MeshPropeller02" name="MeshPropeller02" type="NODE">
            <matrix sid="transform">-1.62921e-7 1 0 -0.2297798 -1 -1.62921e-7 0 0.2297938 0 0 1 -0.04755412 0 0 0 1</matrix>
            <instance_geometry url="#Cube_002-mesh" name="MeshPropeller02">
              <bind_material>
                <technique_common>
                  <instance_material symbol="Texture_Dji_matrice-material" target="#Texture_Dji_matrice-material">
                    <bind_vertex_input semantic="UVMap" input_semantic="TEXCOORD" input_set="0"/>
                  </instance_material>
                </technique_common>
              </bind_material>
            </instance_geometry>
          </node>
        </node>
        <node id="Propeller03" name="Propeller03" type="NODE">
          <matrix sid="transform">1 -1.74846e-7 0 -0.2297938 1.74846e-7 1 0 -0.2297798 0 0 1 0.04755412 0 0 0 1</matrix>
          <node id="MeshPropeller03" name="MeshPropeller03" type="NODE">
            <matrix sid="transform">-1.62921e-7 1 0 0.2297938 -1 -1.62921e-7 0 0.2297798 0 0 1 -0.04755412 0 0 0 1</matrix>
            <instance_geometry url="#Cube_003-mesh" name="MeshPropeller03">
              <bind_material>
                <technique_common>
                  <instance_material symbol="Texture_Dji_matrice-material" target="#Texture_Dji_matrice-material">
                    <bind_vertex_input semantic="UVMap" input_semantic="TEXCOORD" input_set="0"/>
                  </instance_material>
                </technique_common>
              </bind_material>
            </instance_geometry>
          </node>
        </node>
        <node id="Propeller04" name="Propeller04" type="NODE">
          <matrix sid="transform">1 -1.74846e-7 0 -0.2297798 1.74846e-7 1 0 0.2297938 0 0 1 0.04755412 0 0 0 1</matrix>
          <node id="MeshPropeller04" name="MeshPropeller04" type="NODE">
            <matrix sid="transform">-1.62921e-7 1 0 0.2297798 -1 -1.62921e-7 0 -0.2297938 0 0 1 -0.04755412 0 0 0 1</matrix>
            <instance_geometry url="#Cube_004-mesh" name="MeshPropeller04">
              <bind_material>
                <technique_common>
                  <instance_material symbol="Texture_Dji_matrice-material" target="#Texture_Dji_matrice-material">
                    <bind_vertex_input semantic="UVMap" input_semantic="TEXCOORD" input_set="0"/>
                  </instance_material>
                </technique_common>
              </bind_material>
            </instance_geometry>
          </node>
        </node>
        <node id="Modem" name="Modem" type="NODE">
          <matrix sid="transform">-4.37114e-8 1 0 0 -1 -4.37114e-8 0 0 0 0 1 0 0 0 0 1</matrix>
          <instance_geometry url="#Cube_006-mesh" name="Modem">
            <bind_material>
              <technique_common>
                <instance_material symbol="Texture_Dji_matrice-material" target="#Texture_Dji_matrice-material">
                  <bind_vertex_input semantic="UVMap" input_semantic="TEXCOORD" input_set="0"/>
                </instance_material>
              </technique_common>
            </bind_material>
          </instance_geometry>
        </node>
      </node>
    </visual_scene>
  </library_visual_scenes>
  <scene>
    <instance_visual_scene url="#Scene"/>
  </scene>
</COLLADA>
