elapsed_sec,phase,north_m,east_m,down_m
0.018,takeoff,-0.027,-0.007,-0.017
0.054,takeoff,-0.028,-0.006,-0.017
0.095,takeoff,-0.028,-0.005,-0.017
0.161,takeoff,-0.029,-0.004,-0.016
0.206,takeoff,-0.029,-0.003,-0.015
0.241,takeoff,-0.030,-0.003,-0.015
0.278,takeoff,-0.030,-0.002,-0.014
0.316,takeoff,-0.031,-0.001,-0.014
0.349,takeoff,-0.031,-0.001,-0.014
0.390,takeoff,-0.032,-0.000,-0.013
0.424,takeoff,-0.033,-0.000,-0.013
0.459,takeoff,-0.033,0.000,-0.013
0.498,takeoff,-0.034,0.001,-0.012
0.535,takeoff,-0.035,0.001,-0.012
0.569,takeoff,-0.035,0.001,-0.012
0.606,takeoff,-0.036,0.002,-0.012
0.641,takeoff,-0.037,0.002,-0.011
0.675,takeoff,-0.039,0.002,-0.011
0.709,takeoff,-0.040,0.002,-0.010
0.744,takeoff,-0.041,0.002,-0.010
0.780,takeoff,-0.043,0.002,-0.010
0.822,takeoff,-0.044,0.003,-0.010
0.860,takeoff,-0.045,0.003,-0.009
0.893,takeoff,-0.046,0.002,-0.009
0.931,takeoff,-0.047,0.002,-0.009
0.975,takeoff,-0.048,0.002,-0.009
1.012,takeoff,-0.049,0.002,-0.009
1.047,takeoff,-0.049,0.002,-0.009
1.085,takeoff,-0.050,0.002,-0.008
1.124,takeoff,-0.050,0.002,-0.008
1.162,takeoff,-0.050,0.002,-0.008
1.198,takeoff,-0.050,0.002,-0.008
1.231,takeoff,-0.050,0.003,-0.007
1.265,takeoff,-0.050,0.003,-0.007
1.299,takeoff,-0.050,0.003,-0.007
1.331,takeoff,-0.050,0.003,-0.007
1.366,takeoff,-0.049,0.003,-0.007
1.402,takeoff,-0.049,0.004,-0.007
1.434,takeoff,-0.049,0.004,-0.007
1.468,takeoff,-0.048,0.004,-0.008
1.505,takeoff,-0.048,0.004,-0.008
1.538,takeoff,-0.047,0.004,-0.008
1.575,takeoff,-0.047,0.004,-0.009
1.611,takeoff,-0.047,0.004,-0.009
1.647,takeoff,-0.047,0.004,-0.010
1.691,takeoff,-0.047,0.004,-0.011
1.727,takeoff,-0.047,0.004,-0.012
1.762,takeoff,-0.047,0.004,-0.013
1.799,takeoff,-0.047,0.004,-0.014
1.837,takeoff,-0.047,0.003,-0.015
1.874,takeoff,-0.047,0.003,-0.016
1.911,takeoff,-0.047,0.002,-0.017
1.948,takeoff,-0.046,0.002,-0.018
1.983,takeoff,-0.046,0.001,-0.019
2.019,takeoff,-0.045,0.001,-0.020
2.064,takeoff,-0.045,0.000,-0.021
2.108,takeoff,-0.044,-0.000,-0.021
2.144,takeoff,-0.043,-0.001,-0.021
2.184,takeoff,-0.042,-0.001,-0.022
2.217,takeoff,-0.042,-0.001,-0.022
2.257,takeoff,-0.041,-0.002,-0.022
2.294,takeoff,-0.040,-0.002,-0.022
2.331,takeoff,-0.040,-0.002,-0.022
2.364,takeoff,-0.039,-0.002,-0.022
2.401,takeoff,-0.039,-0.002,-0.023
2.436,takeoff,-0.039,-0.003,-0.025
2.469,takeoff,-0.038,-0.004,-0.029
2.505,takeoff,-0.038,-0.005,-0.034
2.537,takeoff,-0.038,-0.006,-0.041
2.571,takeoff,-0.038,-0.007,-0.050
2.605,takeoff,-0.037,-0.008,-0.065
2.639,takeoff,-0.036,-0.009,-0.079
2.676,takeoff,-0.035,-0.010,-0.096
2.710,takeoff,-0.033,-0.010,-0.116
2.742,takeoff,-0.031,-0.010,-0.138
2.776,takeoff,-0.029,-0.010,-0.169
2.810,takeoff,-0.027,-0.010,-0.197
2.842,takeoff,-0.024,-0.009,-0.228
2.876,takeoff,-0.022,-0.008,-0.261
2.910,takeoff,-0.019,-0.007,-0.297
2.942,takeoff,-0.016,-0.006,-0.335
2.976,takeoff,-0.012,-0.004,-0.387
3.011,takeoff,-0.009,-0.002,-0.432
3.043,takeoff,-0.005,-0.001,-0.479
3.079,takeoff,-0.002,0.001,-0.528
3.114,takeoff,0.001,0.003,-0.581
3.149,takeoff,0.004,0.004,-0.635
3.185,takeoff,0.008,0.006,-0.707
3.224,takeoff,0.010,0.008,-0.768
3.259,takeoff,0.012,0.010,-0.831
3.307,takeoff,0.014,0.011,-0.897
3.345,takeoff,0.016,0.013,-0.965
3.380,takeoff,0.018,0.015,-1.036
3.418,takeoff,0.019,0.016,-1.127
3.463,takeoff,0.021,0.018,-1.203
3.499,takeoff,0.021,0.019,-1.281
3.533,takeoff,0.022,0.020,-1.360
3.567,takeoff,0.023,0.022,-1.440
3.606,takeoff,0.023,0.023,-1.521
3.641,takeoff,0.023,0.024,-1.624
3.675,takeoff,0.023,0.025,-1.707
3.708,takeoff,0.023,0.026,-1.790
3.741,takeoff,0.023,0.028,-1.873
3.775,takeoff,0.023,0.029,-1.957
3.814,takeoff,0.022,0.030,-2.041
3.893,takeoff,0.022,0.032,-2.146
3.931,takeoff,0.021,0.034,-2.231
3.965,takeoff,0.020,0.035,-2.315
4.011,takeoff,0.020,0.036,-2.399
4.057,takeoff,0.019,0.037,-2.484
4.092,takeoff,0.018,0.038,-2.568
4.128,takeoff,0.017,0.039,-2.674
4.163,takeoff,0.016,0.040,-2.759
4.196,takeoff,0.014,0.041,-2.844
4.233,takeoff,0.013,0.041,-2.930
4.267,takeoff,0.012,0.041,-3.015
4.299,takeoff,0.010,0.041,-3.100
4.333,takeoff,0.008,0.041,-3.207
4.367,takeoff,0.006,0.041,-3.292
4.399,takeoff,0.004,0.041,-3.378
4.433,takeoff,0.003,0.041,-3.464
4.467,takeoff,0.001,0.041,-3.549
4.499,takeoff,-0.001,0.041,-3.635
4.539,takeoff,-0.003,0.040,-3.742
4.575,takeoff,-0.005,0.040,-3.828
4.606,takeoff,-0.006,0.040,-3.914
4.641,takeoff,-0.008,0.040,-4.000
4.676,takeoff,-0.009,0.040,-4.086
4.710,takeoff,-0.011,0.039,-4.172
4.745,takeoff,-0.012,0.039,-4.279
4.779,takeoff,-0.014,0.038,-4.366
4.811,takeoff,-0.015,0.038,-4.452
4.845,takeoff,-0.016,0.037,-4.539
4.879,takeoff,-0.018,0.036,-4.626
4.911,takeoff,-0.019,0.036,-4.713
4.945,takeoff,-0.020,0.035,-4.822
4.979,takeoff,-0.022,0.034,-4.909
5.011,takeoff,-0.023,0.033,-4.997
5.045,takeoff,-0.025,0.032,-5.084
5.085,takeoff,-0.026,0.031,-5.172
5.117,takeoff,-0.028,0.030,-5.260
5.151,takeoff,-0.030,0.029,-5.370
5.186,takeoff,-0.032,0.028,-5.458
5.223,takeoff,-0.033,0.027,-5.547
5.258,takeoff,-0.035,0.026,-5.635
5.296,takeoff,-0.037,0.025,-5.724
5.330,takeoff,-0.038,0.024,-5.812
5.365,takeoff,-0.041,0.022,-5.923
5.399,takeoff,-0.042,0.021,-6.011
5.437,takeoff,-0.044,0.020,-6.100
5.474,takeoff,-0.046,0.019,-6.189
5.510,takeoff,-0.047,0.018,-6.277
5.549,takeoff,-0.049,0.017,-6.366
5.584,takeoff,-0.051,0.016,-6.455
5.621,takeoff,-0.053,0.014,-6.566
5.657,takeoff,-0.055,0.013,-6.656
5.689,takeoff,-0.057,0.012,-6.745
5.725,takeoff,-0.059,0.011,-6.834
5.759,takeoff,-0.061,0.010,-6.924
5.791,takeoff,-0.063,0.010,-7.013
5.826,takeoff,-0.065,0.008,-7.125
5.860,takeoff,-0.067,0.007,-7.215
5.893,takeoff,-0.069,0.007,-7.305
5.926,takeoff,-0.071,0.006,-7.394
5.960,takeoff,-0.072,0.005,-7.484
5.992,takeoff,-0.074,0.004,-7.574
6.026,takeoff,-0.075,0.003,-7.687
6.060,takeoff,-0.076,0.003,-7.777
6.094,takeoff,-0.077,0.002,-7.868
6.130,takeoff,-0.078,0.002,-7.958
6.167,takeoff,-0.078,0.001,-8.049
6.199,takeoff,-0.079,0.001,-8.139
6.233,takeoff,-0.080,0.000,-8.253
6.267,takeoff,-0.080,-0.000,-8.344
6.299,takeoff,-0.080,-0.001,-8.435
6.333,takeoff,-0.081,-0.001,-8.526
6.367,takeoff,-0.081,-0.002,-8.617
6.399,takeoff,-0.081,-0.003,-8.708
6.436,takeoff,-0.081,-0.004,-8.823
6.472,takeoff,-0.081,-0.005,-8.914
6.508,takeoff,-0.081,-0.005,-9.006
6.542,takeoff,-0.081,-0.006,-9.097
6.576,takeoff,-0.080,-0.007,-9.189
6.608,takeoff,-0.080,-0.008,-9.281
6.642,takeoff,-0.079,-0.010,-9.396
6.676,takeoff,-0.078,-0.011,-9.488
6.709,takeoff,-0.078,-0.012,-9.579
6.743,takeoff,-0.077,-0.014,-9.671
6.778,takeoff,-0.076,-0.015,-9.763
6.809,takeoff,-0.075,-0.017,-9.855
6.843,takeoff,-0.074,-0.019,-9.971
6.877,takeoff,-0.073,-0.020,-10.063
6.909,takeoff,-0.072,-0.022,-10.155
6.943,takeoff,-0.071,-0.023,-10.247
6.977,takeoff,-0.070,-0.025,-10.339
7.009,takeoff,-0.069,-0.026,-10.432
7.043,takeoff,-0.068,-0.028,-10.547
7.077,takeoff,-0.066,-0.029,-10.640
7.109,takeoff,-0.065,-0.031,-10.732
7.146,takeoff,-0.064,-0.032,-10.825
7.181,takeoff,-0.063,-0.034,-10.918
7.213,takeoff,-0.061,-0.036,-11.010
7.247,takeoff,-0.060,-0.037,-11.126
7.281,takeoff,-0.058,-0.039,-11.219
7.313,takeoff,-0.057,-0.040,-11.312
7.347,takeoff,-0.055,-0.042,-11.405
7.381,takeoff,-0.053,-0.044,-11.498
7.414,takeoff,-0.052,-0.045,-11.591
7.448,takeoff,-0.049,-0.047,-11.708
7.483,takeoff,-0.048,-0.048,-11.801
7.515,takeoff,-0.046,-0.049,-11.894
7.549,takeoff,-0.044,-0.051,-11.988
7.583,takeoff,-0.042,-0.052,-12.081
7.615,takeoff,-0.040,-0.053,-12.174
7.650,takeoff,-0.037,-0.054,-12.291
7.684,takeoff,-0.035,-0.054,-12.385
7.716,takeoff,-0.033,-0.055,-12.479
7.750,takeoff,-0.031,-0.056,-12.572
7.785,takeoff,-0.029,-0.056,-12.666
7.817,takeoff,-0.027,-0.057,-12.759
7.852,takeoff,-0.025,-0.057,-12.876
7.890,takeoff,-0.023,-0.057,-12.970
7.923,takeoff,-0.021,-0.058,-13.063
7.959,takeoff,-0.019,-0.058,-13.157
7.994,takeoff,-0.017,-0.058,-13.250
8.027,takeoff,-0.015,-0.059,-13.344
8.061,takeoff,-0.013,-0.059,-13.461
8.095,takeoff,-0.011,-0.059,-13.554
8.127,takeoff,-0.009,-0.060,-13.647
8.161,takeoff,-0.007,-0.060,-13.741
8.196,takeoff,-0.005,-0.060,-13.834
8.228,takeoff,-0.003,-0.060,-13.928
8.262,takeoff,-0.001,-0.060,-14.045
8.296,takeoff,0.001,-0.060,-14.138
8.329,takeoff,0.003,-0.060,-14.231
8.367,takeoff,0.004,-0.060,-14.325
8.403,takeoff,0.006,-0.060,-14.418
8.435,takeoff,0.007,-0.060,-14.512
8.470,takeoff,0.009,-0.059,-14.629
8.520,takeoff,0.010,-0.059,-14.722
8.554,takeoff,0.011,-0.058,-14.816
8.594,takeoff,0.012,-0.058,-14.909
8.629,takeoff,0.013,-0.057,-15.003
8.666,takeoff,0.014,-0.056,-15.097
8.701,takeoff,0.015,-0.055,-15.214
8.738,takeoff,0.016,-0.054,-15.307
8.774,takeoff,0.016,-0.052,-15.401
8.809,takeoff,0.016,-0.051,-15.495
8.842,takeoff,0.017,-0.050,-15.588
8.875,takeoff,0.017,-0.048,-15.682
8.912,takeoff,0.017,-0.047,-15.799
8.946,takeoff,0.017,-0.045,-15.893
8.978,takeoff,0.017,-0.044,-15.986
9.012,takeoff,0.017,-0.042,-16.080
9.049,takeoff,0.017,-0.041,-16.174
9.087,takeoff,0.017,-0.039,-16.268
9.124,takeoff,0.017,-0.037,-16.385
9.158,takeoff,0.017,-0.035,-16.479
9.192,takeoff,0.016,-0.033,-16.573
9.230,takeoff,0.016,-0.031,-16.667
9.263,takeoff,0.016,-0.029,-16.761
9.296,takeoff,0.016,-0.027,-16.855
9.329,takeoff,0.015,-0.024,-16.973
9.363,takeoff,0.015,-0.022,-17.068
9.396,takeoff,0.015,-0.019,-17.162
9.429,takeoff,0.014,-0.017,-17.256
9.463,takeoff,0.014,-0.015,-17.351
9.499,takeoff,0.013,-0.012,-17.445
9.533,takeoff,0.013,-0.009,-17.563
9.567,takeoff,0.012,-0.006,-17.658
9.603,takeoff,0.012,-0.004,-17.752
9.649,takeoff,0.012,-0.001,-17.847
9.684,takeoff,0.011,0.001,-17.941
9.726,takeoff,0.011,0.004,-18.036
9.778,takeoff,0.011,0.007,-18.154
9.829,takeoff,0.011,0.009,-18.249
9.876,takeoff,0.011,0.012,-18.344
9.914,takeoff,0.011,0.014,-18.439
9.964,takeoff,0.011,0.017,-18.533
10.020,takeoff,0.011,0.019,-18.628
10.081,takeoff,0.011,0.022,-18.747
10.133,takeoff,0.011,0.024,-18.842
10.190,takeoff,0.011,0.025,-18.937
10.231,takeoff,0.012,0.027,-19.032
10.266,takeoff,0.012,0.029,-19.127
10.298,takeoff,0.012,0.031,-19.222
10.332,takeoff,0.013,0.033,-19.341
10.366,takeoff,0.013,0.034,-19.437
10.398,takeoff,0.014,0.036,-19.532
10.436,takeoff,0.014,0.037,-19.627
10.472,takeoff,0.014,0.038,-19.722
10.504,takeoff,0.014,0.040,-19.817
10.547,takeoff,0.015,0.041,-19.936
10.584,takeoff,0.015,0.042,-20.031
10.617,takeoff,0.015,0.042,-20.127
10.651,takeoff,0.015,0.043,-20.222
10.687,takeoff,0.015,0.043,-20.317
10.719,takeoff,0.015,0.043,-20.412
10.753,takeoff,0.015,0.044,-20.531
10.787,takeoff,0.014,0.044,-20.626
10.819,takeoff,0.014,0.044,-20.721
10.853,takeoff,0.014,0.044,-20.816
10.887,takeoff,0.013,0.044,-20.911
10.921,takeoff,0.012,0.043,-21.007
10.956,takeoff,0.011,0.043,-21.126
10.990,takeoff,0.010,0.042,-21.221
11.022,takeoff,0.008,0.042,-21.316
11.060,takeoff,0.007,0.041,-21.411
11.111,takeoff,0.005,0.040,-21.507
11.142,takeoff,0.003,0.040,-21.602
11.177,takeoff,0.000,0.039,-21.721
11.216,takeoff,-0.002,0.038,-21.816
11.253,takeoff,-0.004,0.037,-21.912
11.288,takeoff,-0.007,0.036,-22.007
11.325,takeoff,-0.010,0.036,-22.102
11.358,takeoff,-0.012,0.035,-22.197
11.394,takeoff,-0.016,0.034,-22.316
11.430,takeoff,-0.019,0.034,-22.412
11.476,takeoff,-0.022,0.033,-22.507
11.524,takeoff,-0.025,0.032,-22.602
11.559,takeoff,-0.029,0.032,-22.697
11.594,takeoff,-0.032,0.031,-22.792
11.632,takeoff,-0.036,0.030,-22.911
11.668,takeoff,-0.039,0.030,-23.006
11.707,takeoff,-0.042,0.029,-23.101
11.751,takeoff,-0.045,0.028,-23.196
11.791,takeoff,-0.048,0.028,-23.291
11.831,takeoff,-0.051,0.027,-23.386
11.868,takeoff,-0.054,0.026,-23.505
11.906,takeoff,-0.057,0.025,-23.601
11.943,takeoff,-0.059,0.024,-23.696
11.980,takeoff,-0.061,0.023,-23.792
12.018,takeoff,-0.063,0.023,-23.887
12.056,takeoff,-0.065,0.022,-23.982
12.091,takeoff,-0.068,0.020,-24.102
12.132,takeoff,-0.070,0.019,-24.197
12.165,takeoff,-0.071,0.018,-24.293
12.200,takeoff,-0.073,0.017,-24.388
12.235,takeoff,-0.074,0.016,-24.484
12.270,takeoff,-0.075,0.014,-24.579
12.306,takeoff,-0.077,0.013,-24.698
12.343,takeoff,-0.078,0.012,-24.794
12.375,takeoff,-0.078,0.010,-24.889
12.412,takeoff,-0.079,0.009,-24.985
12.448,takeoff,-0.080,0.008,-25.081
12.482,takeoff,-0.080,0.007,-25.176
12.515,takeoff,-0.081,0.005,-25.296
12.553,takeoff,-0.081,0.004,-25.391
12.586,takeoff,-0.081,0.003,-25.487
12.620,takeoff,-0.081,0.001,-25.582
12.654,takeoff,-0.081,-0.000,-25.677
12.686,takeoff,-0.081,-0.001,-25.773
12.720,takeoff,-0.080,-0.003,-25.892
12.754,takeoff,-0.080,-0.004,-25.988
12.786,takeoff,-0.080,-0.005,-26.083
12.820,takeoff,-0.079,-0.007,-26.179
12.854,takeoff,-0.079,-0.008,-26.274
12.886,takeoff,-0.078,-0.009,-26.370
12.920,takeoff,-0.077,-0.010,-26.489
12.954,takeoff,-0.077,-0.011,-26.585
12.986,takeoff,-0.076,-0.012,-26.681
13.020,takeoff,-0.075,-0.012,-26.776
13.054,takeoff,-0.074,-0.013,-26.872
13.113,takeoff,-0.073,-0.013,-26.967
13.166,takeoff,-0.072,-0.014,-27.086
13.208,takeoff,-0.071,-0.015,-27.182
13.243,takeoff,-0.070,-0.016,-27.276
13.284,takeoff,-0.068,-0.016,-27.370
13.326,takeoff,-0.067,-0.017,-27.462
13.372,takeoff,-0.065,-0.018,-27.552
13.411,takeoff,-0.063,-0.019,-27.661
13.454,takeoff,-0.061,-0.021,-27.746
13.486,takeoff,-0.060,-0.022,-27.827
13.520,takeoff,-0.058,-0.024,-27.906
13.554,takeoff,-0.056,-0.026,-27.981
13.586,takeoff,-0.055,-0.028,-28.054
13.620,takeoff,-0.053,-0.031,-28.140
13.656,takeoff,-0.051,-0.033,-28.206
13.691,takeoff,-0.050,-0.035,-28.269
13.726,takeoff,-0.048,-0.038,-28.329
13.759,takeoff,-0.046,-0.040,-28.386
13.792,takeoff,-0.044,-0.043,-28.441
13.826,takeoff,-0.042,-0.046,-28.507
13.859,waypoint_1,-0.040,-0.048,-28.556
13.891,waypoint_1,-0.038,-0.051,-28.604
13.926,waypoint_1,-0.036,-0.053,-28.649
13.959,waypoint_1,-0.034,-0.055,-28.693
13.992,waypoint_1,-0.031,-0.058,-28.737
14.027,waypoint_1,-0.028,-0.061,-28.792
14.062,waypoint_1,-0.026,-0.064,-28.835
14.103,waypoint_1,-0.023,-0.069,-28.878
14.137,waypoint_1,-0.021,-0.075,-28.920
14.171,waypoint_1,-0.020,-0.083,-28.960
14.203,waypoint_1,-0.020,-0.094,-28.998
14.237,waypoint_1,-0.021,-0.112,-29.044
14.273,waypoint_1,-0.024,-0.130,-29.077
14.307,waypoint_1,-0.028,-0.151,-29.109
14.341,waypoint_1,-0.034,-0.176,-29.139
14.375,waypoint_1,-0.042,-0.204,-29.167
14.407,waypoint_1,-0.051,-0.236,-29.193
14.443,waypoint_1,-0.067,-0.280,-29.223
14.477,waypoint_1,-0.081,-0.320,-29.246
14.509,waypoint_1,-0.099,-0.362,-29.267
14.543,waypoint_1,-0.119,-0.408,-29.286
14.577,waypoint_1,-0.142,-0.456,-29.304
14.609,waypoint_1,-0.168,-0.507,-29.321
14.643,waypoint_1,-0.204,-0.574,-29.341
14.677,waypoint_1,-0.237,-0.630,-29.356
14.709,waypoint_1,-0.272,-0.687,-29.371
14.745,waypoint_1,-0.311,-0.746,-29.385
14.779,waypoint_1,-0.353,-0.806,-29.398
14.811,waypoint_1,-0.398,-0.868,-29.411
14.845,waypoint_1,-0.457,-0.946,-29.427
14.879,waypoint_1,-0.507,-1.010,-29.439
14.911,waypoint_1,-0.558,-1.075,-29.451
14.956,waypoint_1,-0.612,-1.140,-29.463
15.015,waypoint_1,-0.666,-1.207,-29.475
15.061,waypoint_1,-0.735,-1.292,-29.490
15.099,waypoint_1,-0.790,-1.360,-29.502
15.131,waypoint_1,-0.845,-1.431,-29.513
15.166,waypoint_1,-0.900,-1.502,-29.525
15.200,waypoint_1,-0.954,-1.575,-29.536
15.232,waypoint_1,-1.007,-1.649,-29.547
15.266,waypoint_1,-1.072,-1.743,-29.560
15.300,waypoint_1,-1.122,-1.820,-29.571
15.332,waypoint_1,-1.171,-1.898,-29.581
15.366,waypoint_1,-1.218,-1.978,-29.590
15.400,waypoint_1,-1.264,-2.059,-29.600
15.432,waypoint_1,-1.308,-2.140,-29.609
15.466,waypoint_1,-1.361,-2.244,-29.620
15.500,waypoint_1,-1.401,-2.328,-29.628
15.533,waypoint_1,-1.441,-2.413,-29.637
15.567,waypoint_1,-1.478,-2.499,-29.645
15.601,waypoint_1,-1.515,-2.585,-29.652
15.633,waypoint_1,-1.550,-2.672,-29.660
15.667,waypoint_1,-1.593,-2.781,-29.669
15.701,waypoint_1,-1.626,-2.869,-29.676
15.733,waypoint_1,-1.657,-2.957,-29.683
15.767,waypoint_1,-1.689,-3.045,-29.690
15.801,waypoint_1,-1.719,-3.134,-29.696
15.833,waypoint_1,-1.748,-3.223,-29.703
15.867,waypoint_1,-1.785,-3.334,-29.710
15.901,waypoint_1,-1.813,-3.423,-29.717
15.933,waypoint_1,-1.841,-3.512,-29.723
15.967,waypoint_1,-1.869,-3.601,-29.729
16.001,waypoint_1,-1.897,-3.691,-29.734
16.033,waypoint_1,-1.924,-3.780,-29.740
16.074,waypoint_1,-1.957,-3.893,-29.747
16.130,waypoint_1,-1.984,-3.982,-29.753
16.172,waypoint_1,-2.010,-4.072,-29.758
16.208,waypoint_1,-2.036,-4.162,-29.764
16.242,waypoint_1,-2.062,-4.253,-29.769
16.274,waypoint_1,-2.087,-4.343,-29.774
16.308,waypoint_1,-2.119,-4.456,-29.780
16.342,waypoint_1,-2.144,-4.546,-29.785
16.378,waypoint_1,-2.170,-4.637,-29.790
16.412,waypoint_1,-2.195,-4.727,-29.795
16.447,waypoint_1,-2.220,-4.818,-29.799
16.481,waypoint_1,-2.246,-4.909,-29.804
16.515,waypoint_1,-2.278,-5.023,-29.810
16.549,waypoint_1,-2.303,-5.114,-29.814
16.581,waypoint_1,-2.329,-5.205,-29.818
16.615,waypoint_1,-2.355,-5.296,-29.822
16.649,waypoint_1,-2.380,-5.387,-29.826
16.681,waypoint_1,-2.406,-5.478,-29.829
16.715,waypoint_1,-2.439,-5.592,-29.833
16.749,waypoint_1,-2.464,-5.684,-29.837
16.781,waypoint_1,-2.490,-5.775,-29.840
16.815,waypoint_1,-2.517,-5.867,-29.843
16.849,waypoint_1,-2.543,-5.959,-29.846
16.881,waypoint_1,-2.569,-6.051,-29.848
16.915,waypoint_1,-2.601,-6.166,-29.851
16.949,waypoint_1,-2.627,-6.258,-29.854
16.981,waypoint_1,-2.653,-6.350,-29.856
17.015,waypoint_1,-2.678,-6.442,-29.858
17.049,waypoint_1,-2.704,-6.535,-29.860
17.085,waypoint_1,-2.730,-6.627,-29.862
17.131,waypoint_1,-2.762,-6.743,-29.865
17.171,waypoint_1,-2.788,-6.835,-29.866
17.205,waypoint_1,-2.813,-6.928,-29.868
17.240,waypoint_1,-2.839,-7.020,-29.870
17.274,waypoint_1,-2.865,-7.113,-29.872
17.309,waypoint_1,-2.891,-7.206,-29.873
17.345,waypoint_1,-2.923,-7.322,-29.876
17.386,waypoint_1,-2.949,-7.415,-29.878
17.420,waypoint_1,-2.975,-7.508,-29.880
17.454,waypoint_1,-3.001,-7.601,-29.882
17.491,waypoint_1,-3.027,-7.694,-29.884
17.525,waypoint_1,-3.053,-7.787,-29.886
17.559,waypoint_1,-3.086,-7.903,-29.888
17.595,waypoint_1,-3.112,-7.996,-29.890
17.635,waypoint_1,-3.138,-8.089,-29.892
17.669,waypoint_1,-3.164,-8.182,-29.894
17.703,waypoint_1,-3.190,-8.275,-29.896
17.735,waypoint_1,-3.216,-8.368,-29.898
17.769,waypoint_1,-3.248,-8.484,-29.901
17.803,waypoint_1,-3.273,-8.577,-29.903
17.835,waypoint_1,-3.299,-8.671,-29.905
17.870,waypoint_1,-3.325,-8.764,-29.907
17.904,waypoint_1,-3.351,-8.857,-29.909
17.937,waypoint_1,-3.376,-8.950,-29.911
17.971,waypoint_1,-3.409,-9.067,-29.913
18.005,waypoint_1,-3.434,-9.160,-29.915
18.037,waypoint_1,-3.460,-9.253,-29.917
18.071,waypoint_1,-3.486,-9.347,-29.919
18.105,waypoint_1,-3.511,-9.440,-29.921
18.138,waypoint_1,-3.536,-9.533,-29.923
18.172,waypoint_1,-3.568,-9.650,-29.925
18.206,waypoint_1,-3.594,-9.743,-29.927
18.238,waypoint_1,-3.619,-9.836,-29.929
18.274,waypoint_1,-3.644,-9.930,-29.930
18.308,waypoint_1,-3.669,-10.023,-29.932
18.342,waypoint_1,-3.695,-10.117,-29.933
18.377,waypoint_1,-3.726,-10.234,-29.935
18.413,waypoint_1,-3.751,-10.328,-29.937
18.455,waypoint_1,-3.776,-10.421,-29.938
18.491,waypoint_1,-3.801,-10.515,-29.940
18.528,waypoint_1,-3.825,-10.609,-29.941
18.561,waypoint_1,-3.850,-10.703,-29.943
18.611,waypoint_1,-3.881,-10.821,-29.945
18.648,waypoint_1,-3.905,-10.915,-29.947
18.681,waypoint_1,-3.929,-11.009,-29.948
18.719,waypoint_1,-3.954,-11.103,-29.950
18.755,waypoint_1,-3.978,-11.198,-29.952
18.793,waypoint_1,-4.002,-11.293,-29.953
18.858,waypoint_1,-4.027,-11.388,-29.955
18.895,waypoint_1,-4.057,-11.506,-29.957
18.930,waypoint_1,-4.081,-11.601,-29.958
18.969,waypoint_1,-4.106,-11.697,-29.960
19.008,waypoint_1,-4.130,-11.792,-29.961
19.042,waypoint_1,-4.155,-11.888,-29.962
19.077,waypoint_1,-4.179,-11.983,-29.964
19.124,waypoint_1,-4.210,-12.103,-29.965
19.165,waypoint_1,-4.234,-12.199,-29.966
19.202,waypoint_1,-4.259,-12.295,-29.968
19.240,waypoint_1,-4.283,-12.391,-29.969
19.274,waypoint_1,-4.307,-12.488,-29.970
19.306,waypoint_1,-4.332,-12.584,-29.971
19.340,waypoint_1,-4.362,-12.704,-29.972
19.374,waypoint_1,-4.386,-12.800,-29.973
19.406,waypoint_1,-4.410,-12.896,-29.974
19.440,waypoint_1,-4.434,-12.993,-29.975
19.474,waypoint_1,-4.458,-13.089,-29.976
19.506,waypoint_1,-4.482,-13.185,-29.976
19.540,waypoint_1,-4.512,-13.305,-29.977
19.576,waypoint_1,-4.536,-13.401,-29.978
19.608,waypoint_1,-4.560,-13.497,-29.978
19.642,waypoint_1,-4.584,-13.593,-29.978
19.676,waypoint_1,-4.608,-13.689,-29.979
19.708,waypoint_1,-4.632,-13.785,-29.979
19.742,waypoint_1,-4.662,-13.904,-29.979
19.776,waypoint_1,-4.687,-14.000,-29.979
19.810,waypoint_1,-4.711,-14.096,-29.979
19.845,waypoint_1,-4.735,-14.191,-29.979
19.879,waypoint_1,-4.760,-14.287,-29.979
19.911,waypoint_1,-4.785,-14.383,-29.979
19.945,waypoint_1,-4.816,-14.503,-29.979
19.979,waypoint_1,-4.840,-14.598,-29.979
20.011,waypoint_1,-4.865,-14.694,-29.979
20.045,waypoint_1,-4.890,-14.790,-29.979
20.079,waypoint_1,-4.916,-14.886,-29.978
20.111,waypoint_1,-4.941,-14.982,-29.978
20.145,waypoint_1,-4.972,-15.102,-29.978
20.179,waypoint_1,-4.997,-15.198,-29.978
20.211,waypoint_1,-5.022,-15.293,-29.977
20.249,waypoint_1,-5.046,-15.389,-29.977
20.283,waypoint_1,-5.071,-15.485,-29.977
20.315,waypoint_1,-5.096,-15.581,-29.976
20.350,waypoint_1,-5.126,-15.700,-29.976
20.386,waypoint_1,-5.150,-15.795,-29.976
20.418,waypoint_1,-5.175,-15.891,-29.976
20.452,waypoint_1,-5.199,-15.986,-29.976
20.486,waypoint_1,-5.223,-16.081,-29.975
20.518,waypoint_1,-5.248,-16.177,-29.975
20.552,waypoint_1,-5.278,-16.295,-29.975
20.586,waypoint_1,-5.303,-16.390,-29.975
20.618,waypoint_1,-5.327,-16.485,-29.975
20.652,waypoint_1,-5.352,-16.580,-29.976
20.686,waypoint_1,-5.376,-16.675,-29.976
20.719,waypoint_1,-5.401,-16.770,-29.976
20.754,waypoint_1,-5.432,-16.889,-29.977
20.788,waypoint_1,-5.456,-16.984,-29.977
20.821,waypoint_1,-5.481,-17.079,-29.977
20.856,waypoint_1,-5.506,-17.175,-29.977
20.892,waypoint_1,-5.531,-17.270,-29.977
20.924,waypoint_1,-5.556,-17.365,-29.978
20.958,waypoint_1,-5.588,-17.485,-29.978
20.993,waypoint_1,-5.613,-17.580,-29.978
21.025,waypoint_1,-5.639,-17.676,-29.979
21.059,waypoint_1,-5.664,-17.771,-29.979
21.101,waypoint_1,-5.690,-17.866,-29.980
21.134,waypoint_1,-5.715,-17.961,-29.981
21.170,waypoint_1,-5.747,-18.080,-29.982
21.203,waypoint_1,-5.773,-18.175,-29.983
21.235,waypoint_1,-5.799,-18.270,-29.983
21.269,waypoint_1,-5.824,-18.364,-29.984
21.304,waypoint_1,-5.850,-18.459,-29.985
21.338,waypoint_1,-5.876,-18.554,-29.986
21.374,waypoint_1,-5.908,-18.672,-29.987
21.408,waypoint_1,-5.934,-18.766,-29.988
21.440,waypoint_1,-5.960,-18.861,-29.989
21.474,waypoint_1,-5.985,-18.955,-29.990
21.508,waypoint_1,-6.011,-19.050,-29.991
21.540,waypoint_1,-6.037,-19.144,-29.992
21.578,waypoint_1,-6.070,-19.262,-29.993
21.613,waypoint_1,-6.096,-19.356,-29.994
21.645,waypoint_1,-6.122,-19.450,-29.995
21.679,waypoint_1,-6.148,-19.544,-29.996
21.713,waypoint_1,-6.174,-19.639,-29.997
21.771,waypoint_1,-6.206,-19.757,-29.998
21.823,waypoint_1,-6.232,-19.851,-29.999
21.863,waypoint_1,-6.258,-19.945,-30.000
21.906,waypoint_1,-6.284,-20.040,-30.000
21.940,waypoint_1,-6.309,-20.134,-30.001
21.972,waypoint_1,-6.335,-20.228,-30.002
22.006,waypoint_1,-6.367,-20.346,-30.003
22.040,waypoint_1,-6.393,-20.441,-30.003
22.073,waypoint_1,-6.419,-20.535,-30.004
22.124,waypoint_1,-6.445,-20.630,-30.004
22.159,waypoint_1,-6.471,-20.724,-30.004
22.192,waypoint_1,-6.498,-20.819,-30.005
22.229,waypoint_1,-6.530,-20.937,-30.005
22.268,waypoint_1,-6.557,-21.031,-30.005
22.315,waypoint_1,-6.583,-21.126,-30.005
22.349,waypoint_1,-6.609,-21.221,-30.005
22.383,waypoint_1,-6.635,-21.315,-30.004
22.423,waypoint_1,-6.662,-21.410,-30.004
22.454,waypoint_1,-6.688,-21.505,-30.004
22.488,waypoint_1,-6.720,-21.623,-30.003
22.522,waypoint_1,-6.747,-21.717,-30.002
22.555,waypoint_1,-6.773,-21.812,-30.002
22.592,waypoint_1,-6.799,-21.906,-30.001
22.626,waypoint_1,-6.825,-22.001,-30.001
22.662,waypoint_1,-6.851,-22.096,-30.000
22.696,waypoint_1,-6.883,-22.214,-30.000
22.730,waypoint_1,-6.909,-22.309,-29.999
22.763,waypoint_1,-6.935,-22.403,-29.999
22.797,waypoint_1,-6.961,-22.498,-29.998
22.843,waypoint_1,-6.986,-22.593,-29.998
22.877,waypoint_1,-7.012,-22.687,-29.997
22.910,waypoint_1,-7.044,-22.806,-29.997
22.948,waypoint_1,-7.070,-22.900,-29.996
22.980,waypoint_1,-7.096,-22.994,-29.996
23.018,waypoint_1,-7.122,-23.089,-29.995
23.063,waypoint_1,-7.148,-23.183,-29.995
23.105,waypoint_1,-7.174,-23.277,-29.994
23.139,waypoint_1,-7.206,-23.394,-29.994
23.173,waypoint_1,-7.233,-23.488,-29.993
23.205,waypoint_1,-7.259,-23.582,-29.993
23.239,waypoint_1,-7.285,-23.676,-29.993
23.273,waypoint_1,-7.311,-23.770,-29.993
23.305,waypoint_1,-7.338,-23.864,-29.992
23.338,waypoint_1,-7.371,-23.981,-29.992
23.372,waypoint_1,-7.397,-24.074,-29.992
23.405,waypoint_1,-7.424,-24.168,-29.992
23.439,waypoint_1,-7.450,-24.262,-29.992
23.474,waypoint_1,-7.476,-24.355,-29.992
23.509,waypoint_1,-7.503,-24.449,-29.992
23.549,waypoint_1,-7.536,-24.565,-29.992
23.591,waypoint_1,-7.562,-24.659,-29.992
23.627,waypoint_1,-7.588,-24.752,-29.993
23.666,waypoint_1,-7.614,-24.846,-29.993
23.709,waypoint_1,-7.640,-24.939,-29.993
23.742,waypoint_1,-7.666,-25.033,-29.993
23.779,waypoint_1,-7.698,-25.149,-29.993
23.815,waypoint_1,-7.724,-25.243,-29.994
23.849,waypoint_1,-7.750,-25.336,-29.994
23.884,waypoint_1,-7.776,-25.430,-29.994
23.926,waypoint_1,-7.802,-25.523,-29.994
23.960,waypoint_1,-7.828,-25.617,-29.994
23.993,waypoint_1,-7.860,-25.734,-29.994
24.028,waypoint_1,-7.886,-25.827,-29.994
24.061,waypoint_1,-7.912,-25.921,-29.995
24.096,waypoint_1,-7.938,-26.015,-29.995
24.133,waypoint_1,-7.964,-26.108,-29.995
24.166,waypoint_1,-7.990,-26.202,-29.995
24.204,waypoint_1,-8.023,-26.319,-29.995
24.242,waypoint_1,-8.049,-26.413,-29.995
24.279,waypoint_1,-8.075,-26.507,-29.995
24.311,waypoint_1,-8.101,-26.601,-29.995
24.351,waypoint_1,-8.128,-26.694,-29.995
24.389,waypoint_1,-8.154,-26.788,-29.995
24.424,waypoint_1,-8.187,-26.905,-29.995
24.458,waypoint_1,-8.214,-26.998,-29.995
24.490,waypoint_1,-8.241,-27.091,-29.995
24.528,waypoint_1,-8.267,-27.185,-29.995
24.564,waypoint_1,-8.294,-27.277,-29.995
24.598,waypoint_1,-8.320,-27.370,-29.996
24.632,waypoint_1,-8.354,-27.486,-29.996
24.667,waypoint_1,-8.380,-27.579,-29.996
24.699,waypoint_1,-8.407,-27.672,-29.996
24.733,waypoint_1,-8.434,-27.765,-29.996
24.767,waypoint_1,-8.461,-27.858,-29.996
24.799,waypoint_1,-8.487,-27.950,-29.996
24.833,waypoint_1,-8.521,-28.066,-29.997
24.878,waypoint_1,-8.548,-28.159,-29.997
24.910,waypoint_1,-8.574,-28.252,-29.997
24.943,waypoint_1,-8.601,-28.345,-29.997
24.977,waypoint_1,-8.628,-28.437,-29.997
25.009,waypoint_1,-8.655,-28.530,-29.997
25.045,waypoint_1,-8.688,-28.647,-29.997
25.083,waypoint_1,-8.715,-28.740,-29.997
25.117,waypoint_1,-8.742,-28.832,-29.997
25.151,waypoint_1,-8.769,-28.925,-29.997
25.184,waypoint_1,-8.796,-29.018,-29.997
25.216,waypoint_1,-8.823,-29.111,-29.997
25.252,waypoint_1,-8.856,-29.227,-29.997
25.287,waypoint_1,-8.883,-29.320,-29.997
25.320,waypoint_1,-8.911,-29.413,-29.998
25.354,waypoint_1,-8.938,-29.505,-29.998
25.388,waypoint_1,-8.965,-29.598,-29.998
25.420,waypoint_1,-8.992,-29.691,-29.999
25.455,waypoint_1,-9.026,-29.807,-29.999
25.489,waypoint_1,-9.053,-29.900,-30.000
25.521,waypoint_1,-9.081,-29.993,-30.000
25.556,waypoint_1,-9.108,-30.085,-30.000
25.590,waypoint_1,-9.135,-30.178,-30.001
25.623,waypoint_1,-9.162,-30.271,-30.001
25.656,waypoint_1,-9.196,-30.386,-30.001
25.690,waypoint_1,-9.223,-30.479,-30.001
25.722,waypoint_1,-9.250,-30.571,-30.001
25.756,waypoint_1,-9.277,-30.664,-30.000
25.790,waypoint_1,-9.304,-30.756,-30.000
25.823,waypoint_1,-9.331,-30.848,-30.000
25.857,waypoint_1,-9.365,-30.964,-29.999
25.892,waypoint_1,-9.392,-31.056,-29.999
25.925,waypoint_1,-9.419,-31.148,-29.998
25.960,waypoint_1,-9.446,-31.240,-29.998
25.994,waypoint_1,-9.473,-31.332,-29.997
26.026,waypoint_1,-9.499,-31.424,-29.997
26.060,waypoint_1,-9.533,-31.539,-29.997
26.094,waypoint_1,-9.559,-31.632,-29.996
26.126,waypoint_1,-9.586,-31.724,-29.996
26.160,waypoint_1,-9.612,-31.816,-29.996
26.194,waypoint_1,-9.638,-31.908,-29.996
26.226,waypoint_1,-9.665,-32.000,-29.996
26.260,waypoint_1,-9.697,-32.115,-29.996
26.295,waypoint_1,-9.724,-32.207,-29.996
26.327,waypoint_1,-9.750,-32.300,-29.996
26.361,waypoint_1,-9.776,-32.392,-29.996
26.395,waypoint_1,-9.802,-32.484,-29.996
26.427,waypoint_1,-9.828,-32.576,-29.997
26.461,waypoint_1,-9.861,-32.691,-29.997
26.496,waypoint_1,-9.887,-32.783,-29.997
26.527,waypoint_1,-9.914,-32.875,-29.997
26.561,waypoint_1,-9.940,-32.967,-29.997
26.595,waypoint_1,-9.966,-33.060,-29.997
26.627,waypoint_1,-9.993,-33.152,-29.997
26.661,waypoint_1,-10.026,-33.267,-29.997
26.695,waypoint_1,-10.052,-33.359,-29.997
26.729,waypoint_1,-10.079,-33.450,-29.997
26.762,waypoint_1,-10.106,-33.542,-29.996
26.796,waypoint_1,-10.132,-33.634,-29.996
26.828,waypoint_1,-10.159,-33.726,-29.996
26.862,waypoint_1,-10.192,-33.840,-29.995
26.896,waypoint_1,-10.219,-33.932,-29.995
26.928,waypoint_1,-10.246,-34.024,-29.995
26.962,waypoint_1,-10.273,-34.115,-29.995
26.996,waypoint_1,-10.300,-34.207,-29.995
27.028,waypoint_1,-10.326,-34.298,-29.995
27.062,waypoint_1,-10.360,-34.412,-29.995
27.096,waypoint_1,-10.387,-34.503,-29.995
27.128,waypoint_1,-10.413,-34.595,-29.995
27.162,waypoint_1,-10.440,-34.686,-29.995
27.196,waypoint_1,-10.467,-34.777,-29.995
27.228,waypoint_1,-10.494,-34.868,-29.995
27.262,waypoint_1,-10.528,-34.982,-29.995
27.296,waypoint_1,-10.555,-35.073,-29.996
27.328,waypoint_1,-10.582,-35.164,-29.996
27.362,waypoint_1,-10.609,-35.255,-29.996
27.396,waypoint_1,-10.637,-35.347,-29.996
27.428,waypoint_1,-10.664,-35.438,-29.995
27.462,waypoint_1,-10.698,-35.552,-29.995
27.496,waypoint_1,-10.725,-35.644,-29.995
27.528,waypoint_1,-10.752,-35.735,-29.995
27.562,waypoint_1,-10.779,-35.827,-29.995
27.598,waypoint_1,-10.806,-35.918,-29.994
27.632,waypoint_1,-10.833,-36.010,-29.994
27.666,waypoint_1,-10.867,-36.125,-29.994
27.700,waypoint_1,-10.894,-36.216,-29.994
27.732,waypoint_1,-10.922,-36.308,-29.993
27.766,waypoint_1,-10.949,-36.400,-29.993
27.801,waypoint_1,-10.976,-36.491,-29.993
27.833,waypoint_1,-11.003,-36.583,-29.993
27.867,waypoint_1,-11.037,-36.697,-29.993
27.901,waypoint_1,-11.064,-36.789,-29.993
27.933,waypoint_1,-11.091,-36.880,-29.993
27.967,waypoint_1,-11.118,-36.972,-29.993
28.001,waypoint_1,-11.145,-37.063,-29.993
28.033,waypoint_1,-11.172,-37.154,-29.993
28.067,waypoint_1,-11.206,-37.269,-29.993
28.101,waypoint_1,-11.233,-37.360,-29.994
28.133,waypoint_1,-11.259,-37.452,-29.994
28.167,waypoint_1,-11.286,-37.543,-29.994
28.201,waypoint_1,-11.313,-37.635,-29.995
28.233,waypoint_1,-11.340,-37.727,-29.995
28.267,waypoint_1,-11.373,-37.842,-29.995
28.301,waypoint_1,-11.400,-37.934,-29.996
28.333,waypoint_1,-11.427,-38.026,-29.996
28.367,waypoint_1,-11.454,-38.117,-29.996
28.401,waypoint_1,-11.480,-38.209,-29.996
28.434,waypoint_1,-11.507,-38.301,-29.996
28.468,waypoint_1,-11.540,-38.416,-29.996
28.502,waypoint_1,-11.566,-38.508,-29.997
28.534,waypoint_1,-11.593,-38.600,-29.997
28.568,waypoint_1,-11.619,-38.691,-29.997
28.602,waypoint_1,-11.645,-38.783,-29.997
28.634,waypoint_1,-11.671,-38.875,-29.997
28.669,waypoint_1,-11.704,-38.990,-29.997
28.703,waypoint_1,-11.730,-39.082,-29.997
28.735,waypoint_1,-11.757,-39.174,-29.997
28.769,waypoint_1,-11.783,-39.266,-29.997
28.803,waypoint_1,-11.809,-39.358,-29.997
28.835,waypoint_1,-11.836,-39.450,-29.998
28.869,waypoint_1,-11.869,-39.565,-29.998
28.904,waypoint_1,-11.896,-39.658,-29.998
28.936,waypoint_1,-11.923,-39.750,-29.998
28.970,waypoint_1,-11.951,-39.842,-29.998
29.004,waypoint_1,-11.978,-39.935,-29.998
29.036,waypoint_1,-12.006,-40.027,-29.998
29.070,waypoint_1,-12.041,-40.142,-29.998
29.104,waypoint_1,-12.069,-40.234,-29.998
29.139,waypoint_1,-12.097,-40.327,-29.998
29.174,waypoint_1,-12.125,-40.419,-29.998
29.208,waypoint_1,-12.154,-40.511,-29.998
29.245,waypoint_1,-12.182,-40.604,-29.998
29.279,waypoint_1,-12.217,-40.719,-29.998
29.313,waypoint_1,-12.245,-40.811,-29.998
29.345,waypoint_1,-12.274,-40.904,-29.998
29.379,waypoint_1,-12.302,-40.996,-29.998
29.412,waypoint_1,-12.330,-41.089,-29.997
29.446,waypoint_1,-12.358,-41.181,-29.997
29.482,waypoint_1,-12.393,-41.297,-29.996
29.516,waypoint_1,-12.421,-41.389,-29.996
29.548,waypoint_1,-12.449,-41.482,-29.995
29.582,waypoint_1,-12.477,-41.574,-29.995
29.616,waypoint_1,-12.505,-41.667,-29.994
29.648,waypoint_1,-12.533,-41.759,-29.994
29.682,waypoint_1,-12.568,-41.875,-29.993
29.716,waypoint_1,-12.596,-41.967,-29.993
29.748,waypoint_1,-12.625,-42.060,-29.992
29.782,waypoint_1,-12.653,-42.152,-29.992
29.816,waypoint_1,-12.681,-42.245,-29.992
29.848,waypoint_1,-12.709,-42.337,-29.991
29.882,waypoint_1,-12.744,-42.452,-29.991
29.916,waypoint_1,-12.772,-42.544,-29.990
29.948,waypoint_1,-12.800,-42.636,-29.990
29.982,waypoint_1,-12.828,-42.729,-29.990
30.016,waypoint_1,-12.855,-42.820,-29.989
30.048,waypoint_1,-12.883,-42.912,-29.989
30.082,waypoint_1,-12.917,-43.027,-29.989
30.116,waypoint_1,-12.945,-43.119,-29.989
30.148,waypoint_1,-12.972,-43.211,-29.989
30.182,waypoint_1,-12.999,-43.302,-29.989
30.216,waypoint_1,-13.026,-43.394,-29.989
30.248,waypoint_1,-13.053,-43.486,-29.989
30.282,waypoint_1,-13.087,-43.601,-29.989
30.316,waypoint_1,-13.115,-43.692,-29.989
30.348,waypoint_1,-13.142,-43.784,-29.989
30.382,waypoint_1,-13.169,-43.876,-29.989
30.416,waypoint_1,-13.197,-43.967,-29.990
30.448,waypoint_1,-13.224,-44.059,-29.989
30.482,waypoint_1,-13.258,-44.174,-29.989
30.517,waypoint_1,-13.286,-44.265,-29.989
30.549,waypoint_1,-13.313,-44.357,-29.989
30.583,waypoint_1,-13.341,-44.448,-29.989
30.617,waypoint_1,-13.368,-44.539,-29.988
30.649,waypoint_1,-13.396,-44.631,-29.988
30.683,waypoint_1,-13.430,-44.745,-29.988
30.717,waypoint_1,-13.457,-44.836,-29.987
30.749,waypoint_1,-13.485,-44.927,-29.987
30.783,waypoint_1,-13.512,-45.019,-29.987
30.817,waypoint_1,-13.539,-45.110,-29.987
30.849,waypoint_1,-13.567,-45.201,-29.987
30.883,waypoint_1,-13.601,-45.315,-29.988
30.917,waypoint_1,-13.629,-45.407,-29.988
30.949,waypoint_1,-13.656,-45.498,-29.988
30.983,waypoint_1,-13.683,-45.589,-29.989
31.017,waypoint_1,-13.711,-45.680,-29.989
31.049,waypoint_1,-13.738,-45.771,-29.990
31.083,waypoint_1,-13.772,-45.885,-29.990
31.117,waypoint_1,-13.800,-45.976,-29.991
31.149,waypoint_1,-13.827,-46.067,-29.991
31.183,waypoint_1,-13.854,-46.159,-29.992
31.217,waypoint_1,-13.882,-46.250,-29.993
31.249,waypoint_1,-13.909,-46.341,-29.993
31.283,waypoint_1,-13.943,-46.455,-29.994
31.317,waypoint_1,-13.970,-46.547,-29.995
31.349,waypoint_1,-13.997,-46.638,-29.995
31.383,waypoint_1,-14.025,-46.729,-29.996
31.417,waypoint_1,-14.052,-46.821,-29.997
31.449,waypoint_1,-14.079,-46.913,-29.997
31.483,waypoint_1,-14.113,-47.027,-29.998
31.517,waypoint_1,-14.140,-47.119,-29.998
31.549,waypoint_1,-14.168,-47.211,-29.999
31.583,waypoint_1,-14.195,-47.303,-29.999
31.617,waypoint_1,-14.222,-47.395,-29.999
31.649,waypoint_1,-14.249,-47.488,-29.999
31.683,waypoint_1,-14.284,-47.603,-30.000
31.717,waypoint_1,-14.311,-47.695,-30.000
31.749,waypoint_1,-14.338,-47.788,-30.000
31.783,waypoint_1,-14.365,-47.880,-30.000
31.817,waypoint_1,-14.392,-47.972,-30.000
31.851,waypoint_1,-14.420,-48.064,-30.000
31.885,waypoint_1,-14.454,-48.180,-30.000
31.919,waypoint_1,-14.481,-48.272,-30.000
31.951,waypoint_1,-14.508,-48.365,-30.000
31.985,waypoint_1,-14.535,-48.457,-30.000
32.019,waypoint_1,-14.563,-48.550,-30.000
32.051,waypoint_1,-14.590,-48.642,-30.000
32.085,waypoint_1,-14.624,-48.758,-30.000
32.119,waypoint_1,-14.651,-48.851,-29.999
32.151,waypoint_1,-14.679,-48.943,-29.999
32.185,waypoint_1,-14.706,-49.036,-29.999
32.219,waypoint_1,-14.733,-49.129,-29.998
32.252,waypoint_1,-14.761,-49.221,-29.998
32.286,waypoint_1,-14.795,-49.337,-29.997
32.320,waypoint_1,-14.823,-49.429,-29.996
32.352,waypoint_1,-14.850,-49.522,-29.996
32.386,waypoint_1,-14.877,-49.614,-29.995
32.420,waypoint_1,-14.905,-49.707,-29.995
32.452,waypoint_1,-14.932,-49.799,-29.994
32.486,waypoint_1,-14.966,-49.915,-29.993
32.520,waypoint_1,-14.993,-50.007,-29.992
32.552,waypoint_1,-15.020,-50.099,-29.992
32.586,waypoint_1,-15.047,-50.192,-29.991
32.621,waypoint_1,-15.074,-50.284,-29.990
32.653,waypoint_1,-15.100,-50.376,-29.990
32.687,waypoint_1,-15.133,-50.491,-29.989
32.721,waypoint_1,-15.160,-50.584,-29.988
32.753,waypoint_1,-15.186,-50.676,-29.988
32.787,waypoint_1,-15.213,-50.768,-29.988
32.821,waypoint_1,-15.239,-50.860,-29.987
32.853,waypoint_1,-15.265,-50.952,-29.987
32.887,waypoint_1,-15.298,-51.067,-29.987
32.921,waypoint_1,-15.325,-51.159,-29.987
32.954,waypoint_1,-15.351,-51.251,-29.988
32.988,waypoint_1,-15.377,-51.342,-29.988
33.022,waypoint_1,-15.404,-51.434,-29.988
33.054,waypoint_1,-15.430,-51.526,-29.988
33.088,waypoint_1,-15.463,-51.640,-29.989
33.122,waypoint_1,-15.489,-51.732,-29.989
33.154,waypoint_1,-15.516,-51.824,-29.989
33.188,waypoint_1,-15.542,-51.916,-29.989
33.222,waypoint_1,-15.569,-52.007,-29.989
33.256,waypoint_1,-15.595,-52.099,-29.989
33.291,waypoint_1,-15.629,-52.213,-29.989
33.325,waypoint_1,-15.656,-52.304,-29.989
33.357,waypoint_1,-15.683,-52.396,-29.989
33.391,waypoint_1,-15.710,-52.487,-29.990
33.425,waypoint_1,-15.738,-52.578,-29.990
33.457,waypoint_1,-15.765,-52.670,-29.990
33.491,waypoint_1,-15.800,-52.784,-29.990
33.525,waypoint_1,-15.827,-52.875,-29.991
33.557,waypoint_1,-15.855,-52.967,-29.991
33.591,waypoint_1,-15.883,-53.058,-29.991
33.625,waypoint_1,-15.911,-53.149,-29.992
33.657,waypoint_1,-15.939,-53.241,-29.992
33.691,waypoint_1,-15.974,-53.355,-29.993
33.725,waypoint_1,-16.002,-53.447,-29.993
33.759,waypoint_1,-16.030,-53.538,-29.993
33.793,waypoint_1,-16.058,-53.630,-29.994
33.827,waypoint_1,-16.086,-53.722,-29.994
33.909,waypoint_1,-16.114,-53.813,-29.994
33.951,waypoint_1,-16.149,-53.928,-29.994
33.985,waypoint_1,-16.177,-54.020,-29.994
34.017,waypoint_1,-16.205,-54.111,-29.994
34.051,waypoint_1,-16.233,-54.203,-29.995
34.088,waypoint_1,-16.261,-54.295,-29.995
34.121,waypoint_1,-16.288,-54.387,-29.995
34.155,waypoint_1,-16.323,-54.501,-29.995
34.189,waypoint_1,-16.350,-54.593,-29.996
34.221,waypoint_1,-16.378,-54.685,-29.996
34.255,waypoint_1,-16.405,-54.777,-29.996
34.294,waypoint_1,-16.432,-54.868,-29.996
34.326,waypoint_1,-16.459,-54.960,-29.997
34.362,waypoint_1,-16.492,-55.075,-29.997
34.396,waypoint_1,-16.519,-55.167,-29.997
34.427,waypoint_1,-16.545,-55.259,-29.997
34.462,waypoint_1,-16.572,-55.351,-29.998
34.496,waypoint_1,-16.598,-55.442,-29.998
34.527,waypoint_1,-16.624,-55.534,-29.998
34.562,waypoint_1,-16.657,-55.649,-29.998
34.596,waypoint_1,-16.683,-55.741,-29.998
34.627,waypoint_1,-16.708,-55.833,-29.998
34.662,waypoint_1,-16.734,-55.924,-29.997
34.696,waypoint_1,-16.760,-56.016,-29.997
34.729,waypoint_1,-16.786,-56.108,-29.997
34.763,waypoint_1,-16.818,-56.223,-29.997
34.797,waypoint_1,-16.844,-56.316,-29.997
34.829,waypoint_1,-16.869,-56.408,-29.996
34.863,waypoint_1,-16.895,-56.500,-29.996
34.897,waypoint_1,-16.921,-56.593,-29.996
34.929,waypoint_1,-16.947,-56.685,-29.996
34.964,waypoint_1,-16.979,-56.801,-29.996
34.998,waypoint_1,-17.005,-56.893,-29.997
35.030,waypoint_1,-17.031,-56.986,-29.997
35.064,waypoint_1,-17.057,-57.078,-29.997
35.104,waypoint_1,-17.083,-57.171,-29.997
35.156,waypoint_1,-17.115,-57.287,-29.997
35.189,waypoint_1,-17.142,-57.379,-29.997
35.223,waypoint_1,-17.168,-57.472,-29.997
35.259,waypoint_1,-17.194,-57.565,-29.997
35.291,waypoint_1,-17.220,-57.658,-29.997
35.326,waypoint_1,-17.246,-57.750,-29.997
35.360,waypoint_1,-17.278,-57.866,-29.996
35.392,waypoint_1,-17.304,-57.959,-29.996
35.426,waypoint_1,-17.330,-58.052,-29.996
35.460,waypoint_1,-17.356,-58.144,-29.995
35.492,waypoint_1,-17.383,-58.237,-29.995
35.526,waypoint_1,-17.409,-58.330,-29.994
35.560,waypoint_1,-17.441,-58.446,-29.993
35.592,waypoint_1,-17.467,-58.538,-29.993
35.626,waypoint_1,-17.493,-58.631,-29.992
35.660,waypoint_1,-17.519,-58.724,-29.992
35.692,waypoint_1,-17.545,-58.816,-29.991
35.726,waypoint_1,-17.572,-58.909,-29.991
35.760,waypoint_1,-17.604,-59.025,-29.991
35.792,waypoint_1,-17.630,-59.118,-29.990
35.826,waypoint_1,-17.656,-59.210,-29.990
35.860,waypoint_1,-17.682,-59.303,-29.990
35.892,waypoint_1,-17.708,-59.396,-29.990
35.926,waypoint_1,-17.733,-59.489,-29.990
35.960,waypoint_1,-17.766,-59.605,-29.989
35.992,waypoint_1,-17.792,-59.698,-29.989
36.026,waypoint_1,-17.819,-59.791,-29.989
36.060,waypoint_1,-17.845,-59.883,-29.989
36.092,waypoint_1,-17.872,-59.976,-29.989
36.126,waypoint_1,-17.898,-60.069,-29.989
36.160,waypoint_1,-17.932,-60.185,-29.990
36.192,waypoint_1,-17.959,-60.277,-29.990
36.226,waypoint_1,-17.986,-60.370,-29.990
36.260,waypoint_1,-18.013,-60.462,-29.991
36.292,waypoint_1,-18.041,-60.555,-29.991
36.326,waypoint_1,-18.068,-60.647,-29.992
36.360,waypoint_1,-18.102,-60.762,-29.993
36.393,waypoint_1,-18.130,-60.854,-29.993
36.427,waypoint_1,-18.157,-60.947,-29.994
36.461,waypoint_1,-18.185,-61.039,-29.995
36.493,waypoint_1,-18.212,-61.131,-29.995
36.527,waypoint_1,-18.240,-61.223,-29.996
36.561,waypoint_1,-18.274,-61.338,-29.997
36.593,waypoint_1,-18.301,-61.430,-29.997
36.627,waypoint_1,-18.329,-61.522,-29.998
36.661,waypoint_1,-18.356,-61.614,-29.998
36.693,waypoint_1,-18.384,-61.706,-29.998
36.727,waypoint_1,-18.411,-61.798,-29.999
36.761,waypoint_1,-18.445,-61.912,-29.999
36.793,waypoint_1,-18.472,-62.004,-29.999
36.827,waypoint_1,-18.500,-62.096,-29.999
36.861,waypoint_1,-18.527,-62.188,-29.999
36.893,waypoint_1,-18.554,-62.279,-29.999
36.927,waypoint_1,-18.582,-62.371,-29.999
36.961,waypoint_1,-18.616,-62.485,-29.999
36.993,waypoint_1,-18.643,-62.576,-29.999
37.028,waypoint_1,-18.670,-62.668,-29.999
37.061,waypoint_1,-18.698,-62.759,-29.999
37.093,waypoint_1,-18.725,-62.851,-29.999
37.127,waypoint_1,-18.753,-62.942,-29.999
37.161,waypoint_1,-18.787,-63.057,-29.999
37.193,waypoint_1,-18.815,-63.148,-29.999
37.227,waypoint_1,-18.843,-63.240,-29.999
37.261,waypoint_1,-18.870,-63.331,-29.999
37.293,waypoint_1,-18.898,-63.423,-29.999
37.327,waypoint_1,-18.926,-63.515,-29.999
37.361,waypoint_1,-18.961,-63.630,-29.999
37.393,waypoint_1,-18.988,-63.721,-29.999
37.427,waypoint_1,-19.016,-63.813,-29.999
37.461,waypoint_1,-19.044,-63.904,-29.999
37.493,waypoint_1,-19.071,-63.996,-29.999
37.527,waypoint_1,-19.099,-64.087,-29.999
37.561,waypoint_1,-19.134,-64.202,-30.000
37.593,waypoint_1,-19.161,-64.293,-30.000
37.627,waypoint_1,-19.189,-64.385,-30.000
37.662,waypoint_1,-19.217,-64.476,-30.000
37.694,waypoint_1,-19.245,-64.567,-30.000
37.728,waypoint_1,-19.273,-64.658,-30.000
37.762,waypoint_1,-19.307,-64.772,-30.000
37.794,waypoint_1,-19.335,-64.862,-30.000
37.830,waypoint_1,-19.363,-64.953,-30.000
37.864,waypoint_1,-19.390,-65.044,-30.000
37.896,waypoint_1,-19.418,-65.135,-30.000
37.930,waypoint_1,-19.445,-65.226,-30.000
37.964,waypoint_1,-19.480,-65.340,-30.000
37.996,waypoint_1,-19.507,-65.431,-30.000
38.030,waypoint_1,-19.535,-65.521,-30.000
38.064,waypoint_1,-19.562,-65.612,-30.000
38.096,waypoint_1,-19.589,-65.703,-30.000
38.130,waypoint_1,-19.616,-65.794,-30.000
38.168,waypoint_1,-19.643,-65.885,-30.000
38.203,waypoint_1,-19.677,-65.999,-30.000
38.244,waypoint_1,-19.704,-66.090,-30.000
38.283,waypoint_1,-19.731,-66.181,-30.000
38.317,waypoint_1,-19.758,-66.273,-30.000
38.351,waypoint_1,-19.785,-66.364,-30.000
38.383,waypoint_1,-19.811,-66.455,-30.000
38.417,waypoint_1,-19.845,-66.569,-30.000
38.451,waypoint_1,-19.871,-66.661,-30.000
38.486,waypoint_1,-19.898,-66.752,-30.000
38.520,waypoint_1,-19.924,-66.844,-29.999
38.554,waypoint_1,-19.951,-66.935,-29.999
38.588,waypoint_1,-19.978,-67.026,-29.999
38.622,waypoint_1,-20.011,-67.140,-29.998
38.656,waypoint_1,-20.038,-67.232,-29.998
38.688,waypoint_1,-20.064,-67.323,-29.997
38.723,waypoint_1,-20.091,-67.414,-29.997
38.757,waypoint_1,-20.118,-67.505,-29.997
38.789,waypoint_1,-20.144,-67.596,-29.997
38.824,waypoint_1,-20.178,-67.710,-29.996
38.857,waypoint_1,-20.205,-67.800,-29.996
38.889,waypoint_1,-20.232,-67.891,-29.996
38.923,waypoint_1,-20.258,-67.982,-29.996
38.957,waypoint_1,-20.285,-68.072,-29.996
38.989,waypoint_1,-20.312,-68.163,-29.995
39.023,waypoint_1,-20.345,-68.276,-29.995
39.057,waypoint_1,-20.372,-68.366,-29.995
39.098,waypoint_1,-20.399,-68.457,-29.995
39.144,waypoint_1,-20.425,-68.547,-29.994
39.182,waypoint_1,-20.452,-68.638,-29.994
39.216,waypoint_1,-20.486,-68.751,-29.994
39.248,waypoint_1,-20.512,-68.841,-29.993
39.282,waypoint_1,-20.539,-68.932,-29.993
39.316,waypoint_1,-20.566,-69.023,-29.993
39.348,waypoint_1,-20.593,-69.113,-29.993
39.382,waypoint_1,-20.620,-69.204,-29.993
39.416,waypoint_1,-20.653,-69.318,-29.992
39.448,waypoint_1,-20.680,-69.409,-29.992
39.482,waypoint_1,-20.707,-69.500,-29.992
39.516,waypoint_1,-20.734,-69.591,-29.992
39.548,waypoint_1,-20.761,-69.682,-29.991
39.582,waypoint_1,-20.788,-69.774,-29.991
39.616,waypoint_1,-20.822,-69.888,-29.991
39.648,waypoint_1,-20.849,-69.980,-29.991
39.682,waypoint_1,-20.876,-70.071,-29.991
39.716,waypoint_1,-20.902,-70.163,-29.991
39.748,waypoint_1,-20.929,-70.255,-29.991
39.782,waypoint_1,-20.956,-70.347,-29.991
39.816,waypoint_1,-20.989,-70.462,-29.991
39.848,waypoint_1,-21.016,-70.554,-29.991
39.882,waypoint_1,-21.043,-70.646,-29.991
39.916,waypoint_1,-21.070,-70.738,-29.992
39.948,waypoint_1,-21.097,-70.830,-29.992
39.982,waypoint_1,-21.124,-70.923,-29.992
40.016,waypoint_1,-21.158,-71.038,-29.993
40.048,waypoint_1,-21.185,-71.131,-29.993
40.082,waypoint_1,-21.212,-71.223,-29.994
40.116,waypoint_1,-21.239,-71.316,-29.994
40.148,waypoint_1,-21.266,-71.408,-29.995
40.182,waypoint_1,-21.293,-71.501,-29.996
40.216,waypoint_1,-21.328,-71.617,-29.996
40.248,waypoint_1,-21.355,-71.709,-29.997
40.282,waypoint_1,-21.382,-71.802,-29.997
40.316,waypoint_1,-21.409,-71.895,-29.998
40.348,waypoint_1,-21.437,-71.987,-29.999
40.382,waypoint_1,-21.464,-72.080,-30.000
40.416,waypoint_1,-21.498,-72.196,-30.001
40.448,waypoint_1,-21.525,-72.289,-30.002
40.482,waypoint_1,-21.553,-72.382,-30.003
40.516,waypoint_1,-21.580,-72.474,-30.003
40.548,waypoint_1,-21.607,-72.567,-30.004
40.582,waypoint_1,-21.634,-72.660,-30.005
40.616,waypoint_1,-21.668,-72.776,-30.005
40.648,waypoint_1,-21.695,-72.869,-30.006
40.682,waypoint_1,-21.723,-72.962,-30.007
40.716,waypoint_1,-21.750,-73.055,-30.007
40.748,waypoint_1,-21.777,-73.147,-30.008
40.782,waypoint_1,-21.804,-73.240,-30.008
40.816,waypoint_1,-21.838,-73.356,-30.008
40.848,waypoint_1,-21.865,-73.449,-30.009
40.882,waypoint_1,-21.892,-73.541,-30.009
40.916,waypoint_1,-21.918,-73.633,-30.009
40.948,waypoint_1,-21.945,-73.726,-30.009
40.982,waypoint_1,-21.972,-73.818,-30.009
41.016,waypoint_1,-22.006,-73.933,-30.009
41.048,waypoint_1,-22.033,-74.026,-30.009
41.082,waypoint_1,-22.059,-74.118,-30.009
41.116,waypoint_1,-22.086,-74.210,-30.009
41.148,waypoint_1,-22.112,-74.302,-30.009
41.182,waypoint_1,-22.139,-74.394,-30.009
41.216,waypoint_1,-22.172,-74.508,-30.008
41.248,waypoint_1,-22.198,-74.600,-30.008
41.282,waypoint_1,-22.225,-74.692,-30.007
41.316,waypoint_1,-22.251,-74.783,-30.007
41.348,waypoint_1,-22.278,-74.875,-30.006
41.382,waypoint_1,-22.304,-74.966,-30.005
41.416,waypoint_2,-22.337,-75.081,-30.005
41.448,waypoint_2,-22.364,-75.172,-30.004
41.482,waypoint_2,-22.390,-75.263,-30.004
41.516,waypoint_2,-22.416,-75.355,-30.004
41.548,waypoint_2,-22.443,-75.446,-30.006
41.582,waypoint_2,-22.469,-75.537,-30.009
41.616,waypoint_2,-22.500,-75.650,-30.015
41.648,waypoint_2,-22.524,-75.740,-30.021
41.682,waypoint_2,-22.546,-75.829,-30.028
41.716,waypoint_2,-22.566,-75.918,-30.034
41.748,waypoint_2,-22.584,-76.006,-30.040
41.783,waypoint_2,-22.598,-76.094,-30.045
41.817,waypoint_2,-22.611,-76.203,-30.051
41.849,waypoint_2,-22.617,-76.289,-30.054
41.883,waypoint_2,-22.620,-76.375,-30.056
41.917,waypoint_2,-22.619,-76.460,-30.058
41.949,waypoint_2,-22.614,-76.544,-30.058
41.983,waypoint_2,-22.605,-76.628,-30.057
42.017,waypoint_2,-22.588,-76.733,-30.056
42.080,waypoint_2,-22.571,-76.816,-30.053
42.116,waypoint_2,-22.550,-76.898,-30.051
42.150,waypoint_2,-22.525,-76.981,-30.047
42.182,waypoint_2,-22.498,-77.062,-30.044
42.216,waypoint_2,-22.467,-77.144,-30.040
42.250,waypoint_2,-22.424,-77.246,-30.036
42.282,waypoint_2,-22.387,-77.327,-30.032
42.316,waypoint_2,-22.347,-77.407,-30.028
42.350,waypoint_2,-22.305,-77.488,-30.024
42.382,waypoint_2,-22.262,-77.569,-30.021
42.416,waypoint_2,-22.216,-77.649,-30.017
42.450,waypoint_2,-22.156,-77.750,-30.013
42.482,waypoint_2,-22.107,-77.831,-30.010
42.516,waypoint_2,-22.057,-77.912,-30.007
42.550,waypoint_2,-22.005,-77.993,-30.005
42.583,waypoint_2,-21.952,-78.074,-30.003
42.617,waypoint_2,-21.898,-78.155,-30.000
42.651,waypoint_2,-21.830,-78.257,-29.998
42.684,waypoint_2,-21.774,-78.338,-29.997
42.718,waypoint_2,-21.718,-78.420,-29.995
42.752,waypoint_2,-21.662,-78.501,-29.994
42.784,waypoint_2,-21.605,-78.583,-29.993
42.818,waypoint_2,-21.548,-78.665,-29.992
42.852,waypoint_2,-21.477,-78.767,-29.991
42.884,waypoint_2,-21.420,-78.849,-29.990
42.918,waypoint_2,-21.363,-78.932,-29.989
42.952,waypoint_2,-21.306,-79.014,-29.989
42.986,waypoint_2,-21.248,-79.096,-29.988
43.020,waypoint_2,-21.191,-79.178,-29.988
43.054,waypoint_2,-21.120,-79.281,-29.988
43.086,waypoint_2,-21.063,-79.364,-29.988
43.120,waypoint_2,-21.007,-79.446,-29.988
43.154,waypoint_2,-20.950,-79.528,-29.988
43.186,waypoint_2,-20.893,-79.610,-29.989
43.220,waypoint_2,-20.837,-79.693,-29.989
43.254,waypoint_2,-20.767,-79.795,-29.989
43.286,waypoint_2,-20.710,-79.878,-29.990
43.320,waypoint_2,-20.654,-79.960,-29.990
43.354,waypoint_2,-20.598,-80.042,-29.990
43.386,waypoint_2,-20.542,-80.124,-29.990
43.420,waypoint_2,-20.486,-80.205,-29.990
43.454,waypoint_2,-20.416,-80.307,-29.990
43.486,waypoint_2,-20.361,-80.388,-29.990
43.520,waypoint_2,-20.305,-80.469,-29.990
43.554,waypoint_2,-20.250,-80.550,-29.989
43.586,waypoint_2,-20.194,-80.631,-29.989
43.620,waypoint_2,-20.139,-80.711,-29.989
43.654,waypoint_2,-20.070,-80.811,-29.989
43.686,waypoint_2,-20.014,-80.890,-29.989
43.723,waypoint_2,-19.959,-80.970,-29.989
43.760,waypoint_2,-19.904,-81.049,-29.989
43.793,waypoint_2,-19.848,-81.129,-29.988
43.827,waypoint_2,-19.793,-81.208,-29.988
43.861,waypoint_2,-19.724,-81.306,-29.988
43.893,waypoint_2,-19.669,-81.385,-29.988
43.927,waypoint_2,-19.613,-81.463,-29.988
43.961,waypoint_2,-19.558,-81.542,-29.988
43.993,waypoint_2,-19.503,-81.620,-29.988
44.027,waypoint_2,-19.447,-81.699,-29.987
44.061,waypoint_2,-19.378,-81.797,-29.987
44.093,waypoint_2,-19.322,-81.875,-29.987
44.127,waypoint_2,-19.266,-81.954,-29.987
44.161,waypoint_2,-19.211,-82.032,-29.987
44.193,waypoint_2,-19.155,-82.110,-29.987
44.227,waypoint_2,-19.099,-82.189,-29.987
44.261,waypoint_2,-19.029,-82.287,-29.987
44.293,waypoint_2,-18.973,-82.365,-29.987
44.327,waypoint_2,-18.916,-82.443,-29.987
44.361,waypoint_2,-18.860,-82.521,-29.987
44.393,waypoint_2,-18.804,-82.599,-29.987
44.427,waypoint_2,-18.747,-82.677,-29.987
44.461,waypoint_2,-18.676,-82.774,-29.987
44.493,waypoint_2,-18.619,-82.851,-29.988
44.527,waypoint_2,-18.562,-82.929,-29.988
44.561,waypoint_2,-18.505,-83.007,-29.988
44.593,waypoint_2,-18.448,-83.085,-29.989
44.627,waypoint_2,-18.390,-83.162,-29.989
44.661,waypoint_2,-18.318,-83.259,-29.989
44.693,waypoint_2,-18.260,-83.337,-29.989
44.727,waypoint_2,-18.202,-83.414,-29.989
44.761,waypoint_2,-18.144,-83.492,-29.989
44.793,waypoint_2,-18.086,-83.569,-29.988
44.827,waypoint_2,-18.027,-83.646,-29.988
44.861,waypoint_2,-17.954,-83.742,-29.988
44.893,waypoint_2,-17.895,-83.819,-29.987
44.927,waypoint_2,-17.837,-83.896,-29.987
44.961,waypoint_2,-17.778,-83.973,-29.987
44.993,waypoint_2,-17.719,-84.050,-29.986
45.027,waypoint_2,-17.660,-84.126,-29.986
45.061,waypoint_2,-17.586,-84.222,-29.986
45.093,waypoint_2,-17.527,-84.298,-29.986
45.127,waypoint_2,-17.468,-84.374,-29.985
45.161,waypoint_2,-17.408,-84.450,-29.985
45.193,waypoint_2,-17.349,-84.526,-29.985
45.227,waypoint_2,-17.290,-84.602,-29.985
45.261,waypoint_2,-17.216,-84.697,-29.984
45.293,waypoint_2,-17.157,-84.772,-29.984
45.327,waypoint_2,-17.097,-84.848,-29.984
45.361,waypoint_2,-17.038,-84.924,-29.984
45.393,waypoint_2,-16.979,-84.999,-29.983
45.427,waypoint_2,-16.919,-85.075,-29.983
45.462,waypoint_2,-16.845,-85.170,-29.983
45.494,waypoint_2,-16.786,-85.245,-29.982
45.528,waypoint_2,-16.726,-85.321,-29.982
45.564,waypoint_2,-16.667,-85.397,-29.981
45.596,waypoint_2,-16.607,-85.472,-29.981
45.630,waypoint_2,-16.548,-85.548,-29.980
45.664,waypoint_2,-16.474,-85.643,-29.979
45.696,waypoint_2,-16.415,-85.719,-29.979
45.730,waypoint_2,-16.356,-85.795,-29.979
45.764,waypoint_2,-16.297,-85.870,-29.978
45.796,waypoint_2,-16.238,-85.946,-29.978
45.830,waypoint_2,-16.179,-86.022,-29.977
45.864,waypoint_2,-16.106,-86.117,-29.977
45.896,waypoint_2,-16.047,-86.193,-29.976
45.930,waypoint_2,-15.989,-86.269,-29.976
45.965,waypoint_2,-15.930,-86.344,-29.975
45.997,waypoint_2,-15.872,-86.420,-29.975
46.031,waypoint_2,-15.813,-86.496,-29.975
46.065,waypoint_2,-15.740,-86.591,-29.975
46.097,waypoint_2,-15.682,-86.666,-29.975
46.131,waypoint_2,-15.623,-86.742,-29.975
46.165,waypoint_2,-15.564,-86.818,-29.975
46.197,waypoint_2,-15.506,-86.894,-29.975
46.231,waypoint_2,-15.447,-86.970,-29.974
46.265,waypoint_2,-15.373,-87.065,-29.974
46.297,waypoint_2,-15.314,-87.141,-29.974
46.331,waypoint_2,-15.255,-87.217,-29.974
46.365,waypoint_2,-15.196,-87.293,-29.974
46.397,waypoint_2,-15.136,-87.369,-29.975
46.431,waypoint_2,-15.076,-87.445,-29.975
46.465,waypoint_2,-15.001,-87.539,-29.975
46.497,waypoint_2,-14.941,-87.615,-29.976
46.531,waypoint_2,-14.881,-87.691,-29.976
46.565,waypoint_2,-14.821,-87.766,-29.977
46.597,waypoint_2,-14.761,-87.841,-29.977
46.631,waypoint_2,-14.700,-87.917,-29.978
46.665,waypoint_2,-14.624,-88.011,-29.979
46.697,waypoint_2,-14.564,-88.086,-29.980
46.732,waypoint_2,-14.503,-88.161,-29.980
46.766,waypoint_2,-14.442,-88.235,-29.981
46.798,waypoint_2,-14.381,-88.310,-29.982
46.832,waypoint_2,-14.321,-88.385,-29.982
46.866,waypoint_2,-14.244,-88.478,-29.983
46.898,waypoint_2,-14.184,-88.552,-29.984
46.932,waypoint_2,-14.123,-88.627,-29.985
46.966,waypoint_2,-14.062,-88.701,-29.985
46.998,waypoint_2,-14.001,-88.775,-29.986
47.032,waypoint_2,-13.940,-88.850,-29.986
47.066,waypoint_2,-13.864,-88.942,-29.987
47.098,waypoint_2,-13.803,-89.017,-29.987
47.133,waypoint_2,-13.743,-89.091,-29.987
47.167,waypoint_2,-13.682,-89.165,-29.987
47.199,waypoint_2,-13.621,-89.240,-29.987
47.233,waypoint_2,-13.561,-89.314,-29.987
47.267,waypoint_2,-13.485,-89.407,-29.986
47.299,waypoint_2,-13.424,-89.482,-29.986
47.333,waypoint_2,-13.363,-89.556,-29.985
47.367,waypoint_2,-13.303,-89.631,-29.985
47.399,waypoint_2,-13.242,-89.706,-29.984
47.433,waypoint_2,-13.181,-89.780,-29.983
47.467,waypoint_2,-13.105,-89.874,-29.982
47.499,waypoint_2,-13.044,-89.948,-29.981
47.533,waypoint_2,-12.984,-90.023,-29.981
47.567,waypoint_2,-12.923,-90.098,-29.980
47.599,waypoint_2,-12.862,-90.173,-29.979
47.633,waypoint_2,-12.802,-90.247,-29.979
47.667,waypoint_2,-12.727,-90.341,-29.978
47.699,waypoint_2,-12.667,-90.416,-29.978
47.733,waypoint_2,-12.607,-90.491,-29.978
47.767,waypoint_2,-12.547,-90.566,-29.978
47.799,waypoint_2,-12.488,-90.640,-29.977
47.833,waypoint_2,-12.428,-90.715,-29.977
47.867,waypoint_2,-12.354,-90.809,-29.977
47.899,waypoint_2,-12.295,-90.884,-29.977
47.934,waypoint_2,-12.235,-90.960,-29.977
47.968,waypoint_2,-12.176,-91.035,-29.976
48.000,waypoint_2,-12.117,-91.111,-29.976
48.034,waypoint_2,-12.057,-91.187,-29.975
48.069,waypoint_2,-11.983,-91.281,-29.975
48.101,waypoint_2,-11.924,-91.357,-29.974
48.135,waypoint_2,-11.865,-91.433,-29.974
48.169,waypoint_2,-11.805,-91.509,-29.973
48.201,waypoint_2,-11.746,-91.585,-29.973
48.235,waypoint_2,-11.687,-91.661,-29.972
48.269,waypoint_2,-11.613,-91.756,-29.972
48.301,waypoint_2,-11.553,-91.832,-29.971
48.335,waypoint_2,-11.494,-91.908,-29.971
48.369,waypoint_2,-11.435,-91.984,-29.971
48.401,waypoint_2,-11.375,-92.060,-29.970
48.435,waypoint_2,-11.316,-92.136,-29.970
48.469,waypoint_2,-11.242,-92.232,-29.970
48.501,waypoint_2,-11.182,-92.308,-29.970
48.535,waypoint_2,-11.123,-92.384,-29.970
48.569,waypoint_2,-11.063,-92.460,-29.970
48.601,waypoint_2,-11.004,-92.536,-29.970
48.635,waypoint_2,-10.945,-92.613,-29.970
48.669,waypoint_2,-10.870,-92.708,-29.970
48.701,waypoint_2,-10.811,-92.785,-29.970
48.735,waypoint_2,-10.751,-92.861,-29.970
48.769,waypoint_2,-10.692,-92.937,-29.970
48.801,waypoint_2,-10.632,-93.014,-29.971
48.835,waypoint_2,-10.573,-93.090,-29.971
48.869,waypoint_2,-10.498,-93.186,-29.971
48.901,waypoint_2,-10.439,-93.262,-29.971
48.935,waypoint_2,-10.379,-93.339,-29.972
48.969,waypoint_2,-10.320,-93.415,-29.972
49.001,waypoint_2,-10.260,-93.492,-29.972
49.035,waypoint_2,-10.200,-93.568,-29.973
49.069,waypoint_2,-10.126,-93.664,-29.973
49.101,waypoint_2,-10.066,-93.740,-29.973
49.135,waypoint_2,-10.006,-93.816,-29.974
49.169,waypoint_2,-9.946,-93.893,-29.974
49.201,waypoint_2,-9.887,-93.969,-29.974
49.235,waypoint_2,-9.827,-94.045,-29.974
49.270,waypoint_2,-9.752,-94.140,-29.974
49.302,waypoint_2,-9.692,-94.216,-29.974
49.336,waypoint_2,-9.632,-94.292,-29.975
49.370,waypoint_2,-9.572,-94.368,-29.975
49.402,waypoint_2,-9.512,-94.444,-29.975
49.436,waypoint_2,-9.452,-94.520,-29.975
49.470,waypoint_2,-9.377,-94.615,-29.975
49.502,waypoint_2,-9.317,-94.691,-29.976
49.537,waypoint_2,-9.256,-94.767,-29.976
49.571,waypoint_2,-9.196,-94.843,-29.976
49.603,waypoint_2,-9.136,-94.919,-29.976
49.637,waypoint_2,-9.076,-94.995,-29.976
49.671,waypoint_2,-9.001,-95.090,-29.977
49.703,waypoint_2,-8.941,-95.165,-29.977
49.737,waypoint_2,-8.880,-95.241,-29.977
49.771,waypoint_2,-8.820,-95.317,-29.977
49.803,waypoint_2,-8.760,-95.392,-29.977
49.837,waypoint_2,-8.700,-95.468,-29.978
49.871,waypoint_2,-8.624,-95.562,-29.978
49.903,waypoint_2,-8.564,-95.638,-29.979
49.937,waypoint_2,-8.504,-95.714,-29.979
49.971,waypoint_2,-8.444,-95.789,-29.980
50.003,waypoint_2,-8.384,-95.865,-29.980
50.037,waypoint_2,-8.324,-95.941,-29.980
50.071,waypoint_2,-8.250,-96.036,-29.981
50.103,waypoint_2,-8.190,-96.112,-29.981
50.137,waypoint_2,-8.131,-96.188,-29.981
50.171,waypoint_2,-8.072,-96.264,-29.982
50.203,waypoint_2,-8.013,-96.340,-29.982
50.237,waypoint_2,-7.954,-96.416,-29.982
50.271,waypoint_2,-7.880,-96.511,-29.983
50.303,waypoint_2,-7.821,-96.587,-29.983
50.337,waypoint_2,-7.762,-96.664,-29.983
50.371,waypoint_2,-7.703,-96.740,-29.983
50.403,waypoint_2,-7.645,-96.817,-29.983
50.437,waypoint_2,-7.586,-96.894,-29.984
50.471,waypoint_2,-7.513,-96.989,-29.984
50.503,waypoint_2,-7.455,-97.066,-29.984
50.537,waypoint_2,-7.396,-97.142,-29.985
50.573,waypoint_2,-7.338,-97.219,-29.985
50.605,waypoint_2,-7.280,-97.295,-29.985
50.639,waypoint_2,-7.221,-97.372,-29.986
50.673,waypoint_2,-7.149,-97.467,-29.986
50.705,waypoint_2,-7.090,-97.543,-29.986
50.740,waypoint_2,-7.032,-97.620,-29.986
50.774,waypoint_2,-6.974,-97.696,-29.987
50.811,waypoint_2,-6.916,-97.773,-29.987
50.858,waypoint_2,-6.858,-97.849,-29.987
50.890,waypoint_2,-6.800,-97.926,-29.987
50.924,waypoint_2,-6.728,-98.021,-29.987
50.958,waypoint_2,-6.670,-98.098,-29.987
50.991,waypoint_2,-6.612,-98.175,-29.987
51.025,waypoint_2,-6.555,-98.251,-29.987
51.059,waypoint_2,-6.497,-98.328,-29.987
51.092,waypoint_2,-6.440,-98.404,-29.987
51.127,waypoint_2,-6.368,-98.499,-29.987
51.161,waypoint_2,-6.311,-98.576,-29.988
51.193,waypoint_2,-6.254,-98.652,-29.988
51.227,waypoint_2,-6.197,-98.728,-29.988
51.262,waypoint_2,-6.140,-98.804,-29.988
51.295,waypoint_2,-6.082,-98.881,-29.988
51.328,waypoint_2,-6.011,-98.976,-29.988
51.362,waypoint_2,-5.954,-99.052,-29.988
51.394,waypoint_2,-5.897,-99.128,-29.987
51.428,waypoint_2,-5.839,-99.204,-29.987
51.462,waypoint_2,-5.783,-99.280,-29.987
51.494,waypoint_2,-5.726,-99.356,-29.987
51.529,waypoint_2,-5.654,-99.452,-29.987
51.562,waypoint_2,-5.598,-99.528,-29.987
51.594,waypoint_2,-5.541,-99.605,-29.986
51.629,waypoint_2,-5.484,-99.681,-29.986
51.663,waypoint_2,-5.427,-99.758,-29.985
51.696,waypoint_2,-5.370,-99.835,-29.985
51.731,waypoint_2,-5.299,-99.931,-29.984
51.764,waypoint_2,-5.242,-100.008,-29.983
51.796,waypoint_2,-5.185,-100.085,-29.983
51.830,waypoint_2,-5.128,-100.162,-29.982
51.864,waypoint_2,-5.071,-100.239,-29.982
51.895,waypoint_2,-5.014,-100.316,-29.981
51.929,waypoint_2,-4.943,-100.413,-29.980
51.963,waypoint_2,-4.886,-100.490,-29.979
51.996,waypoint_2,-4.829,-100.567,-29.979
52.030,waypoint_2,-4.772,-100.645,-29.978
52.064,waypoint_2,-4.715,-100.723,-29.978
52.096,waypoint_2,-4.658,-100.800,-29.977
52.130,waypoint_2,-4.587,-100.898,-29.977
52.164,waypoint_2,-4.531,-100.976,-29.977
52.197,waypoint_2,-4.474,-101.054,-29.976
52.230,waypoint_2,-4.417,-101.132,-29.976
52.264,waypoint_2,-4.360,-101.211,-29.976
52.296,waypoint_2,-4.303,-101.289,-29.976
52.330,waypoint_2,-4.232,-101.386,-29.977
52.364,waypoint_2,-4.175,-101.464,-29.977
52.396,waypoint_2,-4.117,-101.542,-29.977
52.431,waypoint_2,-4.060,-101.620,-29.977
52.464,waypoint_2,-4.003,-101.698,-29.978
52.497,waypoint_2,-3.945,-101.776,-29.978
52.531,waypoint_2,-3.874,-101.873,-29.978
52.564,waypoint_2,-3.816,-101.951,-29.979
52.596,waypoint_2,-3.759,-102.029,-29.979
52.630,waypoint_2,-3.701,-102.107,-29.979
52.664,waypoint_2,-3.644,-102.185,-29.980
52.696,waypoint_2,-3.586,-102.263,-29.980
52.730,waypoint_2,-3.514,-102.361,-29.980
52.764,waypoint_2,-3.457,-102.439,-29.980
52.796,waypoint_2,-3.400,-102.518,-29.980
52.830,waypoint_2,-3.342,-102.596,-29.980
52.864,waypoint_2,-3.285,-102.674,-29.980
52.896,waypoint_2,-3.228,-102.753,-29.980
52.930,waypoint_2,-3.157,-102.851,-29.980
52.964,waypoint_2,-3.099,-102.929,-29.979
52.996,waypoint_2,-3.042,-103.008,-29.979
53.030,waypoint_2,-2.985,-103.086,-29.979
53.064,waypoint_2,-2.927,-103.164,-29.979
53.096,waypoint_2,-2.870,-103.243,-29.979
53.130,waypoint_2,-2.799,-103.341,-29.979
53.164,waypoint_2,-2.741,-103.419,-29.979
53.196,waypoint_2,-2.684,-103.497,-29.979
53.230,waypoint_2,-2.627,-103.576,-29.979
53.264,waypoint_2,-2.569,-103.654,-29.979
53.296,waypoint_2,-2.512,-103.732,-29.979
53.330,waypoint_2,-2.440,-103.830,-29.979
53.364,waypoint_2,-2.383,-103.908,-29.980
53.396,waypoint_2,-2.325,-103.986,-29.980
53.430,waypoint_2,-2.268,-104.064,-29.980
53.464,waypoint_2,-2.210,-104.142,-29.980
53.496,waypoint_2,-2.153,-104.220,-29.981
53.530,waypoint_2,-2.081,-104.317,-29.981
53.564,waypoint_2,-2.024,-104.395,-29.982
53.596,waypoint_2,-1.966,-104.473,-29.982
53.630,waypoint_2,-1.909,-104.550,-29.983
53.664,waypoint_2,-1.852,-104.628,-29.983
53.696,waypoint_2,-1.794,-104.706,-29.984
53.730,waypoint_2,-1.722,-104.804,-29.985
53.765,waypoint_2,-1.664,-104.882,-29.985
53.796,waypoint_2,-1.607,-104.960,-29.985
53.830,waypoint_2,-1.549,-105.038,-29.986
53.864,waypoint_2,-1.491,-105.116,-29.986
53.897,waypoint_2,-1.434,-105.194,-29.986
53.930,waypoint_2,-1.362,-105.291,-29.986
53.964,waypoint_2,-1.304,-105.369,-29.986
53.996,waypoint_2,-1.247,-105.447,-29.986
54.030,waypoint_2,-1.190,-105.525,-29.986
54.065,waypoint_2,-1.133,-105.603,-29.986
54.097,waypoint_2,-1.076,-105.682,-29.986
54.130,waypoint_2,-1.005,-105.779,-29.986
54.165,waypoint_2,-0.948,-105.857,-29.985
54.196,waypoint_2,-0.891,-105.935,-29.985
54.231,waypoint_2,-0.835,-106.013,-29.984
54.264,waypoint_2,-0.778,-106.091,-29.984
54.296,waypoint_2,-0.722,-106.168,-29.983
54.330,waypoint_2,-0.651,-106.266,-29.982
54.366,waypoint_2,-0.595,-106.343,-29.982
54.398,waypoint_2,-0.538,-106.421,-29.981
54.432,waypoint_2,-0.482,-106.498,-29.980
54.466,waypoint_2,-0.426,-106.575,-29.979
54.498,waypoint_2,-0.370,-106.652,-29.979
54.532,waypoint_2,-0.300,-106.749,-29.978
54.566,waypoint_2,-0.244,-106.826,-29.977
54.597,waypoint_2,-0.188,-106.903,-29.977
54.632,waypoint_2,-0.132,-106.979,-29.976
54.666,waypoint_2,-0.076,-107.056,-29.976
54.697,waypoint_2,-0.021,-107.133,-29.976
54.731,waypoint_2,0.049,-107.230,-29.976
54.765,waypoint_2,0.104,-107.307,-29.975
54.797,waypoint_2,0.160,-107.384,-29.975
54.832,waypoint_2,0.215,-107.461,-29.975
54.866,waypoint_2,0.271,-107.538,-29.975
54.897,waypoint_2,0.326,-107.615,-29.975
54.931,waypoint_2,0.395,-107.712,-29.975
54.965,waypoint_2,0.451,-107.790,-29.975
54.998,waypoint_2,0.507,-107.868,-29.975
55.031,waypoint_2,0.562,-107.946,-29.974
55.066,waypoint_2,0.618,-108.024,-29.974
55.098,waypoint_2,0.674,-108.102,-29.974
55.131,waypoint_2,0.743,-108.200,-29.974
55.166,waypoint_2,0.799,-108.278,-29.974
55.198,waypoint_2,0.855,-108.356,-29.974
55.232,waypoint_2,0.911,-108.434,-29.974
55.266,waypoint_2,0.967,-108.513,-29.974
55.298,waypoint_2,1.024,-108.591,-29.974
55.333,waypoint_2,1.094,-108.688,-29.974
55.367,waypoint_2,1.150,-108.767,-29.974
55.399,waypoint_2,1.207,-108.845,-29.974
55.433,waypoint_2,1.263,-108.923,-29.975
55.467,waypoint_2,1.319,-109.001,-29.975
55.499,waypoint_2,1.376,-109.079,-29.975
55.533,waypoint_2,1.446,-109.177,-29.976
55.567,waypoint_2,1.502,-109.255,-29.976
55.599,waypoint_2,1.558,-109.333,-29.977
55.635,waypoint_2,1.615,-109.411,-29.977
55.669,waypoint_2,1.671,-109.489,-29.978
55.701,waypoint_2,1.727,-109.567,-29.978
55.746,waypoint_2,1.798,-109.664,-29.979
55.781,waypoint_2,1.855,-109.742,-29.980
55.813,waypoint_2,1.912,-109.820,-29.981
55.848,waypoint_2,1.969,-109.897,-29.982
55.882,waypoint_2,2.026,-109.975,-29.982
55.914,waypoint_2,2.083,-110.053,-29.983
55.952,waypoint_2,2.155,-110.150,-29.984
55.990,waypoint_2,2.213,-110.228,-29.985
56.023,waypoint_2,2.270,-110.306,-29.985
56.057,waypoint_2,2.328,-110.383,-29.986
56.114,waypoint_2,2.385,-110.461,-29.986
56.157,waypoint_2,2.457,-110.559,-29.987
56.192,waypoint_2,2.514,-110.636,-29.987
56.227,waypoint_2,2.571,-110.714,-29.988
56.261,waypoint_2,2.629,-110.792,-29.989
56.294,waypoint_2,2.686,-110.870,-29.989
56.328,waypoint_2,2.743,-110.947,-29.989
56.362,waypoint_2,2.814,-111.044,-29.990
56.394,waypoint_2,2.871,-111.121,-29.990
56.428,waypoint_2,2.928,-111.199,-29.990
56.462,waypoint_2,2.986,-111.276,-29.991
56.496,waypoint_2,3.043,-111.353,-29.991
56.530,waypoint_2,3.100,-111.431,-29.991
56.564,waypoint_2,3.171,-111.528,-29.991
56.596,waypoint_2,3.229,-111.605,-29.991
56.630,waypoint_2,3.286,-111.683,-29.991
56.664,waypoint_2,3.343,-111.760,-29.991
56.696,waypoint_2,3.400,-111.838,-29.991
56.730,waypoint_2,3.457,-111.916,-29.991
56.764,waypoint_2,3.528,-112.013,-29.991
56.796,waypoint_2,3.585,-112.090,-29.991
56.830,waypoint_2,3.642,-112.168,-29.991
56.864,waypoint_2,3.699,-112.245,-29.992
56.897,waypoint_2,3.756,-112.323,-29.992
56.933,waypoint_2,3.812,-112.400,-29.992
56.967,waypoint_2,3.883,-112.497,-29.993
57.000,waypoint_2,3.939,-112.575,-29.993
57.034,waypoint_2,3.996,-112.653,-29.994
57.069,waypoint_2,4.052,-112.731,-29.994
57.101,waypoint_2,4.108,-112.809,-29.994
57.135,waypoint_2,4.164,-112.887,-29.994
57.170,waypoint_2,4.234,-112.984,-29.994
57.202,waypoint_2,4.290,-113.062,-29.995
57.236,waypoint_2,4.346,-113.140,-29.995
57.270,waypoint_2,4.402,-113.217,-29.995
57.302,waypoint_2,4.458,-113.295,-29.994
57.336,waypoint_2,4.514,-113.373,-29.994
57.370,waypoint_2,4.584,-113.471,-29.994
57.402,waypoint_2,4.640,-113.549,-29.994
57.436,waypoint_2,4.695,-113.627,-29.994
57.470,waypoint_2,4.751,-113.705,-29.993
57.502,waypoint_2,4.807,-113.783,-29.993
57.536,waypoint_2,4.862,-113.861,-29.993
57.571,waypoint_2,4.932,-113.959,-29.993
57.603,waypoint_2,4.987,-114.037,-29.992
57.637,waypoint_2,5.043,-114.115,-29.992
57.672,waypoint_2,5.098,-114.193,-29.992
57.704,waypoint_2,5.154,-114.271,-29.991
57.738,waypoint_2,5.210,-114.349,-29.991
57.772,waypoint_2,5.279,-114.446,-29.990
57.804,waypoint_2,5.335,-114.524,-29.989
57.838,waypoint_2,5.390,-114.602,-29.988
57.874,waypoint_2,5.446,-114.679,-29.987
57.906,waypoint_2,5.501,-114.757,-29.986
57.940,waypoint_2,5.557,-114.835,-29.985
57.974,waypoint_2,5.627,-114.932,-29.984
58.006,waypoint_2,5.683,-115.010,-29.982
58.040,waypoint_2,5.738,-115.088,-29.981
58.074,waypoint_2,5.794,-115.166,-29.980
58.113,waypoint_2,5.850,-115.244,-29.979
58.178,waypoint_2,5.906,-115.322,-29.977
58.213,waypoint_2,5.976,-115.419,-29.976
58.245,waypoint_2,6.032,-115.497,-29.975
58.281,waypoint_2,6.089,-115.575,-29.974
58.319,waypoint_2,6.145,-115.653,-29.973
58.351,waypoint_2,6.201,-115.731,-29.972
58.386,waypoint_2,6.258,-115.809,-29.971
58.422,waypoint_2,6.329,-115.906,-29.970
58.454,waypoint_2,6.385,-115.984,-29.970
58.488,waypoint_2,6.442,-116.062,-29.969
58.522,waypoint_2,6.498,-116.140,-29.969
58.554,waypoint_2,6.555,-116.219,-29.969
58.588,waypoint_2,6.611,-116.297,-29.969
58.622,waypoint_2,6.682,-116.395,-29.969
58.654,waypoint_2,6.738,-116.473,-29.969
58.690,waypoint_2,6.794,-116.551,-29.969
58.725,waypoint_2,6.851,-116.629,-29.970
58.757,waypoint_2,6.907,-116.707,-29.970
58.791,waypoint_2,6.964,-116.785,-29.970
58.825,waypoint_2,7.034,-116.883,-29.971
58.857,waypoint_2,7.091,-116.961,-29.971
58.891,waypoint_2,7.147,-117.039,-29.972
58.925,waypoint_2,7.204,-117.117,-29.972
58.957,waypoint_2,7.260,-117.195,-29.973
58.991,waypoint_2,7.316,-117.273,-29.974
59.025,waypoint_2,7.386,-117.370,-29.975
59.057,waypoint_2,7.442,-117.448,-29.975
59.091,waypoint_2,7.498,-117.526,-29.976
59.126,waypoint_2,7.554,-117.604,-29.977
59.158,waypoint_2,7.610,-117.682,-29.978
59.194,waypoint_2,7.665,-117.760,-29.978
59.228,waypoint_2,7.734,-117.858,-29.979
59.261,waypoint_2,7.790,-117.936,-29.980
59.295,waypoint_2,7.845,-118.014,-29.980
59.329,waypoint_2,7.900,-118.092,-29.981
59.361,waypoint_2,7.956,-118.170,-29.981
59.395,waypoint_2,8.011,-118.248,-29.982
59.430,waypoint_2,8.080,-118.346,-29.982
59.463,waypoint_2,8.136,-118.424,-29.983
59.497,waypoint_2,8.191,-118.502,-29.983
59.531,waypoint_2,8.246,-118.579,-29.983
59.563,waypoint_2,8.302,-118.657,-29.984
59.597,waypoint_2,8.357,-118.734,-29.984
59.631,waypoint_2,8.426,-118.831,-29.985
59.664,waypoint_2,8.481,-118.909,-29.985
59.699,waypoint_2,8.536,-118.986,-29.985
59.734,waypoint_2,8.592,-119.063,-29.986
59.767,waypoint_2,8.647,-119.140,-29.986
59.803,waypoint_2,8.702,-119.217,-29.986
59.837,waypoint_2,8.771,-119.314,-29.987
59.869,waypoint_2,8.826,-119.391,-29.987
59.902,waypoint_2,8.881,-119.468,-29.987
59.936,waypoint_2,8.936,-119.545,-29.987
59.968,waypoint_2,8.991,-119.622,-29.987
60.002,waypoint_2,9.046,-119.699,-29.987
60.036,waypoint_2,9.115,-119.796,-29.987
60.068,waypoint_2,9.170,-119.873,-29.987
60.102,waypoint_2,9.226,-119.950,-29.986
60.136,waypoint_2,9.281,-120.027,-29.986
60.169,waypoint_2,9.336,-120.104,-29.985
60.203,waypoint_2,9.391,-120.181,-29.985
60.237,waypoint_2,9.461,-120.278,-29.984
60.269,waypoint_2,9.516,-120.355,-29.983
60.303,waypoint_2,9.571,-120.432,-29.983
60.337,waypoint_2,9.627,-120.510,-29.982
60.369,waypoint_2,9.682,-120.588,-29.982
60.403,waypoint_2,9.737,-120.666,-29.981
60.437,waypoint_2,9.805,-120.763,-29.981
60.469,waypoint_2,9.860,-120.841,-29.980
60.503,waypoint_2,9.915,-120.920,-29.980
60.537,waypoint_2,9.970,-120.998,-29.980
60.570,waypoint_2,10.024,-121.076,-29.980
60.603,waypoint_2,10.079,-121.154,-29.980
60.637,waypoint_2,10.147,-121.252,-29.979
60.669,waypoint_2,10.201,-121.330,-29.979
60.703,waypoint_2,10.256,-121.408,-29.979
60.737,waypoint_2,10.310,-121.486,-29.979
60.770,waypoint_2,10.365,-121.564,-29.979
60.803,waypoint_2,10.419,-121.643,-29.979
60.837,waypoint_2,10.487,-121.741,-29.979
60.869,waypoint_2,10.541,-121.819,-29.979
60.903,waypoint_2,10.596,-121.897,-29.979
60.937,waypoint_2,10.650,-121.975,-29.979
60.969,waypoint_2,10.705,-122.053,-29.978
61.003,waypoint_2,10.759,-122.130,-29.978
61.037,waypoint_2,10.827,-122.228,-29.977
61.069,waypoint_2,10.881,-122.306,-29.977
61.103,waypoint_2,10.935,-122.383,-29.977
61.137,waypoint_2,10.990,-122.461,-29.976
61.170,waypoint_2,11.044,-122.539,-29.976
61.203,waypoint_2,11.098,-122.617,-29.976
61.237,waypoint_2,11.166,-122.715,-29.975
61.269,waypoint_2,11.221,-122.793,-29.975
61.303,waypoint_2,11.275,-122.871,-29.974
61.338,waypoint_2,11.330,-122.950,-29.974
61.369,waypoint_2,11.385,-123.028,-29.974
61.403,waypoint_2,11.440,-123.106,-29.973
61.437,waypoint_2,11.508,-123.204,-29.972
61.469,waypoint_2,11.563,-123.283,-29.972
61.503,waypoint_2,11.618,-123.361,-29.971
61.537,waypoint_2,11.673,-123.440,-29.971
61.569,waypoint_2,11.728,-123.518,-29.970
61.603,waypoint_2,11.783,-123.597,-29.970
61.637,waypoint_2,11.852,-123.695,-29.970
61.669,waypoint_2,11.907,-123.773,-29.970
61.703,waypoint_2,11.962,-123.851,-29.970
61.737,waypoint_2,12.017,-123.930,-29.969
61.769,waypoint_2,12.073,-124.008,-29.969
61.803,waypoint_2,12.129,-124.086,-29.969
61.837,waypoint_2,12.198,-124.184,-29.969
61.869,waypoint_2,12.254,-124.262,-29.969
61.903,waypoint_2,12.310,-124.341,-29.969
61.937,waypoint_2,12.366,-124.419,-29.969
61.969,waypoint_2,12.423,-124.497,-29.970
62.003,waypoint_2,12.479,-124.575,-29.970
62.038,waypoint_2,12.549,-124.673,-29.970
62.071,waypoint_2,12.606,-124.751,-29.970
62.104,waypoint_2,12.662,-124.829,-29.971
62.139,waypoint_2,12.719,-124.907,-29.971
62.170,waypoint_2,12.776,-124.985,-29.971
62.204,waypoint_2,12.832,-125.062,-29.972
62.239,waypoint_2,12.903,-125.159,-29.973
62.271,waypoint_2,12.960,-125.236,-29.973
62.304,waypoint_2,13.017,-125.313,-29.974
62.338,waypoint_2,13.074,-125.391,-29.975
62.371,waypoint_2,13.131,-125.468,-29.975
62.405,waypoint_2,13.188,-125.545,-29.976
62.440,waypoint_2,13.259,-125.642,-29.977
62.471,waypoint_2,13.317,-125.720,-29.978
62.505,waypoint_2,13.374,-125.797,-29.978
62.539,waypoint_2,13.431,-125.874,-29.979
62.571,waypoint_3,13.489,-125.952,-29.980
62.605,waypoint_3,13.546,-126.029,-29.980
62.639,waypoint_3,13.618,-126.126,-29.981
62.671,waypoint_3,13.676,-126.204,-29.983
62.705,waypoint_3,13.733,-126.281,-29.989
62.739,waypoint_3,13.790,-126.358,-29.998
62.771,waypoint_3,13.845,-126.434,-30.009
62.805,waypoint_3,13.898,-126.511,-30.021
62.840,waypoint_3,13.961,-126.605,-30.038
62.872,waypoint_3,14.007,-126.680,-30.051
62.905,waypoint_3,14.048,-126.754,-30.063
62.939,waypoint_3,14.085,-126.827,-30.073
62.972,waypoint_3,14.117,-126.900,-30.082
63.005,waypoint_3,14.144,-126.972,-30.089
63.040,waypoint_3,14.169,-127.061,-30.095
63.071,waypoint_3,14.182,-127.131,-30.098
63.105,waypoint_3,14.190,-127.201,-30.098
63.140,waypoint_3,14.192,-127.269,-30.098
63.172,waypoint_3,14.188,-127.338,-30.095
63.205,waypoint_3,14.179,-127.405,-30.092
63.239,waypoint_3,14.160,-127.489,-30.086
63.271,waypoint_3,14.138,-127.555,-30.080
63.305,waypoint_3,14.112,-127.621,-30.074
63.339,waypoint_3,14.080,-127.686,-30.067
63.371,waypoint_3,14.044,-127.751,-30.060
63.405,waypoint_3,14.004,-127.815,-30.053
63.439,waypoint_3,13.947,-127.894,-30.044
63.471,waypoint_3,13.898,-127.957,-30.037
63.505,waypoint_3,13.846,-128.020,-30.030
63.539,waypoint_3,13.791,-128.082,-30.024
63.572,waypoint_3,13.733,-128.144,-30.018
63.606,waypoint_3,13.672,-128.206,-30.012
63.640,waypoint_3,13.594,-128.282,-30.006
63.672,waypoint_3,13.529,-128.343,-30.001
63.706,waypoint_3,13.462,-128.403,-29.997
63.740,waypoint_3,13.394,-128.464,-29.993
63.773,waypoint_3,13.325,-128.524,-29.990
63.807,waypoint_3,13.254,-128.584,-29.987
63.846,waypoint_3,13.166,-128.659,-29.984
63.878,waypoint_3,13.094,-128.718,-29.981
63.916,waypoint_3,13.022,-128.778,-29.979
63.950,waypoint_3,12.949,-128.838,-29.978
63.982,waypoint_3,12.876,-128.897,-29.976
64.016,waypoint_3,12.803,-128.956,-29.975
64.050,waypoint_3,12.712,-129.030,-29.974
64.082,waypoint_3,12.638,-129.089,-29.973
64.116,waypoint_3,12.565,-129.148,-29.972
64.150,waypoint_3,12.491,-129.208,-29.971
64.182,waypoint_3,12.418,-129.267,-29.970
64.216,waypoint_3,12.344,-129.326,-29.970
64.250,waypoint_3,12.253,-129.400,-29.969
64.282,waypoint_3,12.180,-129.460,-29.968
64.316,waypoint_3,12.107,-129.519,-29.968
64.351,waypoint_3,12.034,-129.579,-29.968
64.383,waypoint_3,11.961,-129.639,-29.968
64.417,waypoint_3,11.889,-129.699,-29.968
64.451,waypoint_3,11.798,-129.773,-29.968
64.483,waypoint_3,11.726,-129.833,-29.969
64.519,waypoint_3,11.654,-129.893,-29.969
64.553,waypoint_3,11.582,-129.953,-29.970
64.585,waypoint_3,11.511,-130.013,-29.971
64.619,waypoint_3,11.439,-130.073,-29.972
64.653,waypoint_3,11.350,-130.148,-29.973
64.685,waypoint_3,11.278,-130.208,-29.973
64.719,waypoint_3,11.207,-130.268,-29.974
64.753,waypoint_3,11.136,-130.329,-29.975
64.785,waypoint_3,11.064,-130.389,-29.976
64.819,waypoint_3,10.993,-130.449,-29.977
64.853,waypoint_3,10.904,-130.525,-29.978
64.885,waypoint_3,10.833,-130.585,-29.979
64.920,waypoint_3,10.762,-130.645,-29.979
64.954,waypoint_3,10.691,-130.706,-29.980
64.986,waypoint_3,10.620,-130.766,-29.981
65.020,waypoint_3,10.549,-130.826,-29.982
65.054,waypoint_3,10.460,-130.902,-29.983
65.086,waypoint_3,10.388,-130.962,-29.983
65.120,waypoint_3,10.316,-131.022,-29.984
65.154,waypoint_3,10.245,-131.082,-29.984
65.186,waypoint_3,10.173,-131.142,-29.984
65.220,waypoint_3,10.101,-131.202,-29.985
65.254,waypoint_3,10.011,-131.277,-29.985
65.286,waypoint_3,9.938,-131.336,-29.985
65.321,waypoint_3,9.866,-131.396,-29.985
65.355,waypoint_3,9.793,-131.455,-29.985
65.388,waypoint_3,9.720,-131.515,-29.985
65.422,waypoint_3,9.647,-131.574,-29.985
65.456,waypoint_3,9.555,-131.648,-29.985
65.488,waypoint_3,9.482,-131.708,-29.985
65.524,waypoint_3,9.408,-131.767,-29.985
65.558,waypoint_3,9.334,-131.827,-29.985
65.589,waypoint_3,9.260,-131.887,-29.984
65.623,waypoint_3,9.186,-131.946,-29.984
65.657,waypoint_3,9.093,-132.021,-29.984
65.689,waypoint_3,9.019,-132.081,-29.984
65.723,waypoint_3,8.945,-132.140,-29.984
65.758,waypoint_3,8.870,-132.200,-29.984
65.789,waypoint_3,8.796,-132.260,-29.984
65.824,waypoint_3,8.722,-132.321,-29.984
65.857,waypoint_3,8.628,-132.396,-29.984
65.889,waypoint_3,8.553,-132.456,-29.984
65.923,waypoint_3,8.479,-132.516,-29.984
65.958,waypoint_3,8.403,-132.577,-29.984
65.994,waypoint_3,8.328,-132.637,-29.984
66.028,waypoint_3,8.253,-132.697,-29.985
66.062,waypoint_3,8.158,-132.773,-29.985
66.094,waypoint_3,8.083,-132.833,-29.985
66.128,waypoint_3,8.007,-132.894,-29.985
66.163,waypoint_3,7.931,-132.954,-29.985
66.195,waypoint_3,7.855,-133.015,-29.985
66.229,waypoint_3,7.780,-133.075,-29.986
66.263,waypoint_3,7.685,-133.151,-29.986
66.295,waypoint_3,7.608,-133.212,-29.986
66.329,waypoint_3,7.532,-133.273,-29.986
66.363,waypoint_3,7.456,-133.334,-29.986
66.395,waypoint_3,7.379,-133.395,-29.986
66.429,waypoint_3,7.303,-133.456,-29.987
66.463,waypoint_3,7.207,-133.532,-29.987
66.495,waypoint_3,7.131,-133.593,-29.987
66.529,waypoint_3,7.054,-133.653,-29.987
66.563,waypoint_3,6.977,-133.714,-29.987
66.595,waypoint_3,6.901,-133.775,-29.987
66.629,waypoint_3,6.824,-133.835,-29.988
66.663,waypoint_3,6.729,-133.911,-29.988
66.695,waypoint_3,6.652,-133.972,-29.988
66.729,waypoint_3,6.576,-134.032,-29.988
66.763,waypoint_3,6.499,-134.093,-29.989
66.795,waypoint_3,6.422,-134.153,-29.989
66.829,waypoint_3,6.346,-134.213,-29.989
66.863,waypoint_3,6.251,-134.289,-29.989
66.895,waypoint_3,6.174,-134.349,-29.989
66.929,waypoint_3,6.098,-134.410,-29.990
66.963,waypoint_3,6.022,-134.470,-29.990
66.995,waypoint_3,5.946,-134.530,-29.990
67.029,waypoint_3,5.869,-134.591,-29.990
67.063,waypoint_3,5.774,-134.666,-29.990
67.095,waypoint_3,5.698,-134.727,-29.990
67.129,waypoint_3,5.622,-134.787,-29.990
67.163,waypoint_3,5.545,-134.848,-29.990
67.195,waypoint_3,5.469,-134.908,-29.990
67.229,waypoint_3,5.392,-134.968,-29.990
67.263,waypoint_3,5.296,-135.044,-29.990
67.295,waypoint_3,5.219,-135.104,-29.990
67.329,waypoint_3,5.142,-135.164,-29.990
67.363,waypoint_3,5.065,-135.224,-29.990
67.395,waypoint_3,4.988,-135.284,-29.990
67.429,waypoint_3,4.911,-135.344,-29.990
67.463,waypoint_3,4.814,-135.418,-29.990
67.495,waypoint_3,4.737,-135.478,-29.990
67.529,waypoint_3,4.659,-135.538,-29.990
67.564,waypoint_3,4.582,-135.597,-29.990
67.598,waypoint_3,4.505,-135.657,-29.990
67.632,waypoint_3,4.427,-135.717,-29.990
67.666,waypoint_3,4.330,-135.791,-29.990
67.699,waypoint_3,4.252,-135.850,-29.990
67.733,waypoint_3,4.175,-135.910,-29.990
67.767,waypoint_3,4.097,-135.969,-29.990
67.799,waypoint_3,4.019,-136.028,-29.990
67.833,waypoint_3,3.942,-136.088,-29.990
67.867,waypoint_3,3.845,-136.162,-29.990
67.899,waypoint_3,3.767,-136.221,-29.989
67.933,waypoint_3,3.690,-136.280,-29.989
67.967,waypoint_3,3.613,-136.339,-29.989
68.000,waypoint_3,3.535,-136.398,-29.989
68.034,waypoint_3,3.458,-136.457,-29.989
68.068,waypoint_3,3.361,-136.531,-29.989
68.100,waypoint_3,3.283,-136.590,-29.990
68.135,waypoint_3,3.206,-136.648,-29.990
68.169,waypoint_3,3.129,-136.707,-29.991
68.201,waypoint_3,3.051,-136.766,-29.991
68.235,waypoint_3,2.973,-136.825,-29.992
68.269,waypoint_3,2.876,-136.899,-29.992
68.301,waypoint_3,2.799,-136.958,-29.993
68.335,waypoint_3,2.721,-137.017,-29.993
68.369,waypoint_3,2.644,-137.076,-29.994
68.401,waypoint_3,2.566,-137.136,-29.994
68.435,waypoint_3,2.489,-137.195,-29.995
68.469,waypoint_3,2.392,-137.269,-29.996
68.501,waypoint_3,2.314,-137.329,-29.997
68.535,waypoint_3,2.237,-137.388,-29.997
68.569,waypoint_3,2.159,-137.448,-29.997
68.601,waypoint_3,2.082,-137.508,-29.998
68.635,waypoint_3,2.004,-137.567,-29.998
68.669,waypoint_3,1.908,-137.642,-29.998
68.701,waypoint_3,1.830,-137.702,-29.998
68.735,waypoint_3,1.753,-137.762,-29.998
68.769,waypoint_3,1.675,-137.822,-29.998
68.803,waypoint_3,1.598,-137.881,-29.998
68.838,waypoint_3,1.520,-137.941,-29.998
68.872,waypoint_3,1.423,-138.016,-29.997
68.904,waypoint_3,1.345,-138.076,-29.997
68.938,waypoint_3,1.268,-138.136,-29.996
68.972,waypoint_3,1.190,-138.195,-29.996
69.004,waypoint_3,1.113,-138.255,-29.995
69.038,waypoint_3,1.035,-138.315,-29.995
69.072,waypoint_3,0.938,-138.390,-29.994
69.104,waypoint_3,0.860,-138.449,-29.994
69.138,waypoint_3,0.782,-138.509,-29.994
69.172,waypoint_3,0.704,-138.568,-29.993
69.204,waypoint_3,0.626,-138.628,-29.993
69.238,waypoint_3,0.548,-138.687,-29.993
69.272,waypoint_3,0.451,-138.761,-29.993
69.304,waypoint_3,0.373,-138.821,-29.993
69.338,waypoint_3,0.295,-138.880,-29.993
69.372,waypoint_3,0.217,-138.939,-29.993
69.404,waypoint_3,0.139,-138.999,-29.993
69.438,waypoint_3,0.061,-139.058,-29.994
69.472,waypoint_3,-0.036,-139.132,-29.994
69.504,waypoint_3,-0.114,-139.192,-29.994
69.538,waypoint_3,-0.192,-139.251,-29.995
69.572,waypoint_3,-0.270,-139.311,-29.995
69.604,waypoint_3,-0.347,-139.371,-29.996
69.639,waypoint_3,-0.425,-139.430,-29.996
69.673,waypoint_3,-0.521,-139.505,-29.996
69.705,waypoint_3,-0.599,-139.565,-29.997
69.739,waypoint_3,-0.676,-139.625,-29.997
69.773,waypoint_3,-0.753,-139.685,-29.997
69.806,waypoint_3,-0.830,-139.744,-29.998
69.840,waypoint_3,-0.907,-139.804,-29.998
69.874,waypoint_3,-1.003,-139.879,-29.998
69.906,waypoint_3,-1.080,-139.939,-29.998
69.940,waypoint_3,-1.157,-139.998,-29.999
69.974,waypoint_3,-1.233,-140.058,-29.999
70.006,waypoint_3,-1.310,-140.117,-29.999
70.040,waypoint_3,-1.387,-140.177,-29.999
70.074,waypoint_3,-1.483,-140.251,-29.999
70.106,waypoint_3,-1.560,-140.311,-29.999
70.140,waypoint_3,-1.637,-140.370,-29.999
70.174,waypoint_3,-1.714,-140.429,-30.000
70.206,waypoint_3,-1.791,-140.489,-30.000
70.240,waypoint_3,-1.868,-140.548,-30.000
70.274,waypoint_3,-1.964,-140.622,-30.001
70.306,waypoint_3,-2.041,-140.681,-30.001
70.340,waypoint_3,-2.118,-140.741,-30.002
70.374,waypoint_3,-2.195,-140.800,-30.002
70.406,waypoint_3,-2.272,-140.859,-30.002
70.440,waypoint_3,-2.349,-140.919,-30.003
70.474,waypoint_3,-2.445,-140.993,-30.003
70.506,waypoint_3,-2.522,-141.052,-30.004
70.540,waypoint_3,-2.599,-141.111,-30.004
70.574,waypoint_3,-2.676,-141.171,-30.005
70.606,waypoint_3,-2.753,-141.230,-30.005
70.640,waypoint_3,-2.830,-141.290,-30.005
70.674,waypoint_3,-2.926,-141.364,-30.005
70.707,waypoint_3,-3.003,-141.423,-30.006
70.741,waypoint_3,-3.081,-141.483,-30.005
70.775,waypoint_3,-3.158,-141.542,-30.005
70.807,waypoint_3,-3.235,-141.602,-30.005
70.841,waypoint_3,-3.313,-141.661,-30.005
70.875,waypoint_3,-3.410,-141.736,-30.005
70.908,waypoint_3,-3.487,-141.796,-30.004
70.942,waypoint_3,-3.565,-141.856,-30.004
70.977,waypoint_3,-3.643,-141.916,-30.004
71.008,waypoint_3,-3.720,-141.975,-30.003
71.042,waypoint_3,-3.798,-142.035,-30.003
71.076,waypoint_3,-3.895,-142.110,-30.002
71.108,waypoint_3,-3.973,-142.170,-30.002
71.142,waypoint_3,-4.051,-142.230,-30.001
71.176,waypoint_3,-4.130,-142.289,-30.001
71.208,waypoint_3,-4.208,-142.349,-30.000
71.242,waypoint_3,-4.286,-142.409,-30.000
71.276,waypoint_3,-4.384,-142.483,-30.000
71.310,waypoint_3,-4.462,-142.543,-29.999
71.344,waypoint_3,-4.540,-142.603,-29.998
71.378,waypoint_3,-4.619,-142.663,-29.998
71.410,waypoint_3,-4.698,-142.722,-29.997
71.444,waypoint_3,-4.776,-142.782,-29.997
71.487,waypoint_3,-4.874,-142.856,-29.996
71.518,waypoint_3,-4.953,-142.916,-29.996
71.553,waypoint_3,-5.031,-142.976,-29.996
71.587,waypoint_3,-5.109,-143.035,-29.996
71.619,waypoint_3,-5.188,-143.094,-29.996
71.653,waypoint_3,-5.266,-143.154,-29.996
71.687,waypoint_3,-5.364,-143.228,-29.996
71.719,waypoint_3,-5.442,-143.287,-29.996
71.771,waypoint_3,-5.520,-143.347,-29.996
71.808,waypoint_3,-5.598,-143.406,-29.996
71.843,waypoint_3,-5.675,-143.465,-29.997
71.900,waypoint_3,-5.753,-143.525,-29.997
71.959,waypoint_3,-5.830,-143.584,-29.997
72.018,waypoint_3,-5.927,-143.658,-29.998
72.096,waypoint_3,-6.004,-143.717,-29.998
72.169,waypoint_3,-6.081,-143.777,-29.999
72.209,waypoint_3,-6.157,-143.836,-29.999
72.255,waypoint_3,-6.234,-143.895,-29.999
72.299,waypoint_3,-6.329,-143.969,-30.000
72.332,waypoint_3,-6.405,-144.028,-30.000
72.366,waypoint_3,-6.481,-144.087,-30.000
72.404,waypoint_3,-6.557,-144.147,-30.001
72.437,waypoint_3,-6.633,-144.206,-30.001
72.471,waypoint_3,-6.709,-144.265,-30.001
72.505,waypoint_3,-6.803,-144.339,-30.001
72.537,waypoint_3,-6.879,-144.399,-30.001
72.572,waypoint_3,-6.954,-144.458,-30.001
72.606,waypoint_3,-7.030,-144.518,-30.001
72.638,waypoint_3,-7.105,-144.578,-30.001
72.672,waypoint_3,-7.181,-144.638,-30.001
72.714,waypoint_3,-7.275,-144.712,-30.001
72.746,waypoint_3,-7.351,-144.772,-30.001
72.787,waypoint_3,-7.426,-144.832,-30.001
72.824,waypoint_3,-7.501,-144.892,-30.001
72.858,waypoint_3,-7.577,-144.953,-30.001
72.892,waypoint_3,-7.652,-145.013,-30.001
72.927,waypoint_3,-7.746,-145.088,-30.001
72.959,waypoint_3,-7.822,-145.148,-30.001
73.035,waypoint_3,-7.897,-145.209,-30.001
73.073,waypoint_3,-7.973,-145.269,-30.001
73.114,waypoint_3,-8.048,-145.330,-30.001
73.148,waypoint_3,-8.123,-145.390,-30.000
73.182,waypoint_3,-8.217,-145.466,-29.999
73.214,waypoint_3,-8.292,-145.527,-29.999
73.248,waypoint_3,-8.368,-145.587,-29.998
73.283,waypoint_3,-8.443,-145.648,-29.998
73.316,waypoint_3,-8.519,-145.709,-29.997
73.350,waypoint_3,-8.594,-145.769,-29.996
73.384,waypoint_3,-8.688,-145.845,-29.995
73.417,waypoint_3,-8.764,-145.906,-29.995
73.452,waypoint_3,-8.840,-145.967,-29.994
73.502,waypoint_3,-8.915,-146.028,-29.993
73.541,waypoint_3,-8.991,-146.089,-29.993
73.575,waypoint_3,-9.067,-146.151,-29.993
73.613,waypoint_3,-9.162,-146.227,-29.992
73.645,waypoint_3,-9.238,-146.289,-29.992
73.679,waypoint_3,-9.314,-146.350,-29.992
73.720,waypoint_3,-9.389,-146.412,-29.992
73.754,waypoint_3,-9.465,-146.473,-29.991
73.788,waypoint_3,-9.541,-146.534,-29.991
73.826,waypoint_3,-9.636,-146.611,-29.991
73.868,waypoint_3,-9.712,-146.673,-29.992
73.911,waypoint_3,-9.788,-146.734,-29.992
73.952,waypoint_3,-9.864,-146.795,-29.992
73.984,waypoint_3,-9.940,-146.857,-29.993
74.019,waypoint_3,-10.015,-146.918,-29.993
74.055,waypoint_3,-10.110,-146.995,-29.993
74.102,waypoint_3,-10.186,-147.057,-29.994
74.167,waypoint_3,-10.262,-147.118,-29.994
74.208,waypoint_3,-10.337,-147.180,-29.995
74.246,waypoint_3,-10.413,-147.242,-29.995
74.300,waypoint_3,-10.488,-147.303,-29.995
74.335,waypoint_3,-10.563,-147.365,-29.996
74.371,waypoint_3,-10.657,-147.442,-29.996
74.403,waypoint_3,-10.733,-147.504,-29.997
74.437,waypoint_3,-10.808,-147.566,-29.997
74.477,waypoint_3,-10.883,-147.628,-29.997
74.516,waypoint_3,-10.958,-147.689,-29.997
74.550,waypoint_3,-11.051,-147.767,-29.998
74.582,waypoint_3,-11.126,-147.829,-29.998
74.616,waypoint_3,-11.201,-147.891,-29.998
74.650,waypoint_3,-11.276,-147.952,-29.998
74.682,waypoint_3,-11.351,-148.014,-29.998
74.716,waypoint_3,-11.426,-148.076,-29.999
74.750,waypoint_3,-11.520,-148.153,-29.999
74.782,waypoint_3,-11.596,-148.215,-29.999
74.816,waypoint_3,-11.671,-148.276,-29.999
74.850,waypoint_3,-11.747,-148.338,-29.999
74.882,waypoint_3,-11.822,-148.399,-29.999
74.916,waypoint_3,-11.898,-148.461,-30.000
74.950,waypoint_3,-11.993,-148.537,-30.000
74.995,waypoint_3,-12.069,-148.599,-30.000
75.034,waypoint_3,-12.144,-148.660,-30.000
75.072,waypoint_3,-12.220,-148.721,-30.000
75.107,waypoint_3,-12.296,-148.782,-30.000
75.144,waypoint_3,-12.372,-148.843,-29.999
75.179,waypoint_3,-12.466,-148.919,-29.999
75.211,waypoint_3,-12.541,-148.980,-29.999
75.245,waypoint_3,-12.617,-149.040,-29.999
75.279,waypoint_3,-12.692,-149.101,-29.999
75.311,waypoint_3,-12.767,-149.162,-29.999
75.345,waypoint_3,-12.842,-149.222,-29.999
75.379,waypoint_3,-12.936,-149.298,-29.999
75.417,waypoint_3,-13.011,-149.359,-29.999
75.451,waypoint_3,-13.086,-149.420,-29.999
75.485,waypoint_3,-13.160,-149.481,-29.998
75.517,waypoint_3,-13.235,-149.542,-29.998
75.551,waypoint_3,-13.310,-149.603,-29.998
75.585,waypoint_3,-13.403,-149.680,-29.997
75.619,waypoint_3,-13.477,-149.741,-29.997
75.653,waypoint_3,-13.552,-149.802,-29.997
75.687,waypoint_3,-13.626,-149.864,-29.996
75.719,waypoint_3,-13.701,-149.925,-29.996
75.758,waypoint_3,-13.775,-149.986,-29.995
75.804,waypoint_3,-13.868,-150.062,-29.995
75.841,waypoint_3,-13.942,-150.124,-29.994
75.878,waypoint_3,-14.017,-150.185,-29.994
75.913,waypoint_3,-14.091,-150.246,-29.994
75.945,waypoint_3,-14.165,-150.308,-29.994
75.979,waypoint_3,-14.240,-150.369,-29.994
76.016,waypoint_3,-14.332,-150.446,-29.994
76.059,waypoint_3,-14.407,-150.507,-29.994
76.105,waypoint_3,-14.481,-150.569,-29.994
76.151,waypoint_3,-14.555,-150.630,-29.994
76.184,waypoint_3,-14.630,-150.692,-29.994
76.218,waypoint_3,-14.704,-150.754,-29.994
76.252,waypoint_3,-14.797,-150.831,-29.994
76.284,waypoint_3,-14.871,-150.893,-29.994
76.318,waypoint_3,-14.946,-150.954,-29.994
76.353,waypoint_3,-15.020,-151.016,-29.994
76.384,waypoint_3,-15.094,-151.078,-29.995
76.418,waypoint_3,-15.169,-151.140,-29.995
76.452,waypoint_3,-15.262,-151.217,-29.995
76.484,waypoint_3,-15.337,-151.279,-29.996
76.518,waypoint_3,-15.412,-151.341,-29.996
76.552,waypoint_3,-15.487,-151.403,-29.997
76.585,waypoint_3,-15.562,-151.465,-29.997
76.619,waypoint_3,-15.636,-151.527,-29.997
76.653,waypoint_3,-15.730,-151.604,-29.997
76.685,waypoint_3,-15.805,-151.665,-29.997
76.719,waypoint_3,-15.880,-151.726,-29.997
76.753,waypoint_3,-15.955,-151.788,-29.998
76.785,waypoint_3,-16.030,-151.849,-29.998
76.820,waypoint_3,-16.105,-151.911,-29.998
76.854,waypoint_3,-16.199,-151.987,-29.998
76.886,waypoint_3,-16.274,-152.049,-29.998
76.920,waypoint_3,-16.349,-152.110,-29.998
76.954,waypoint_3,-16.424,-152.171,-29.999
76.986,waypoint_3,-16.499,-152.232,-29.999
77.020,waypoint_3,-16.574,-152.293,-29.999
77.054,waypoint_3,-16.667,-152.370,-29.999
77.086,waypoint_3,-16.742,-152.431,-29.999
77.120,waypoint_3,-16.817,-152.492,-30.000
77.154,waypoint_3,-16.892,-152.552,-30.000
77.186,waypoint_3,-16.967,-152.613,-30.000
77.220,waypoint_3,-17.041,-152.674,-30.001
77.254,waypoint_3,-17.134,-152.750,-30.001
77.286,waypoint_3,-17.209,-152.811,-30.002
77.320,waypoint_3,-17.283,-152.872,-30.002
77.354,waypoint_3,-17.358,-152.934,-30.003
77.386,waypoint_3,-17.432,-152.995,-30.003
77.420,waypoint_3,-17.506,-153.056,-30.004
77.454,waypoint_3,-17.599,-153.132,-30.005
77.486,waypoint_3,-17.674,-153.193,-30.005
77.520,waypoint_3,-17.748,-153.254,-30.006
77.554,waypoint_3,-17.822,-153.315,-30.007
77.586,waypoint_3,-17.896,-153.376,-30.007
77.620,waypoint_3,-17.971,-153.437,-30.008
77.654,waypoint_3,-18.064,-153.513,-30.009
77.686,waypoint_3,-18.138,-153.574,-30.009
77.720,waypoint_3,-18.212,-153.635,-30.010
77.754,waypoint_3,-18.286,-153.696,-30.011
77.786,waypoint_3,-18.361,-153.757,-30.011
77.820,waypoint_3,-18.435,-153.818,-30.012
77.854,waypoint_3,-18.528,-153.894,-30.012
77.886,waypoint_3,-18.602,-153.955,-30.013
77.920,waypoint_3,-18.676,-154.016,-30.013
77.956,waypoint_3,-18.750,-154.077,-30.014
77.988,waypoint_3,-18.824,-154.138,-30.014
78.023,waypoint_3,-18.898,-154.199,-30.015
78.064,waypoint_3,-18.990,-154.275,-30.015
78.121,waypoint_3,-19.064,-154.336,-30.015
78.155,waypoint_3,-19.138,-154.398,-30.016
78.190,waypoint_3,-19.211,-154.459,-30.016
78.224,waypoint_3,-19.285,-154.520,-30.016
78.257,waypoint_3,-19.359,-154.581,-30.017
78.291,waypoint_3,-19.432,-154.642,-30.017
78.325,waypoint_3,-19.524,-154.719,-30.017
78.357,waypoint_3,-19.597,-154.780,-30.017
78.391,waypoint_3,-19.671,-154.841,-30.017
78.425,waypoint_3,-19.744,-154.903,-30.018
78.457,waypoint_3,-19.818,-154.964,-30.018
78.491,waypoint_3,-19.891,-155.025,-30.018
78.525,waypoint_3,-19.983,-155.102,-30.018
78.557,waypoint_3,-20.057,-155.163,-30.018
78.591,waypoint_3,-20.131,-155.224,-30.018
78.625,waypoint_3,-20.205,-155.285,-30.017
78.657,waypoint_3,-20.278,-155.346,-30.017
78.691,waypoint_3,-20.352,-155.407,-30.017
78.725,waypoint_3,-20.444,-155.484,-30.017
78.757,waypoint_3,-20.518,-155.545,-30.017
78.791,waypoint_3,-20.592,-155.606,-30.017
78.826,waypoint_3,-20.665,-155.667,-30.016
78.858,waypoint_3,-20.739,-155.728,-30.016
78.892,waypoint_3,-20.813,-155.788,-30.016
78.926,waypoint_3,-20.905,-155.865,-30.015
78.958,waypoint_3,-20.979,-155.925,-30.015
78.993,waypoint_3,-21.053,-155.986,-30.015
79.027,waypoint_3,-21.126,-156.047,-30.015
79.059,waypoint_3,-21.200,-156.107,-30.014
79.093,waypoint_3,-21.273,-156.168,-30.014
79.128,waypoint_3,-21.366,-156.244,-30.014
79.161,waypoint_3,-21.439,-156.304,-30.014
79.195,waypoint_3,-21.513,-156.365,-30.014
79.229,waypoint_3,-21.587,-156.425,-30.013
79.261,waypoint_3,-21.661,-156.486,-30.013
79.295,waypoint_3,-21.735,-156.546,-30.013
79.329,waypoint_3,-21.828,-156.622,-30.013
79.361,waypoint_3,-21.902,-156.682,-30.013
79.396,waypoint_3,-21.977,-156.742,-30.013
79.440,waypoint_3,-22.051,-156.803,-30.013
79.472,waypoint_3,-22.125,-156.863,-30.013
79.506,waypoint_3,-22.200,-156.923,-30.013
79.542,waypoint_3,-22.293,-156.998,-30.013
79.573,waypoint_3,-22.367,-157.058,-30.012
79.607,waypoint_3,-22.441,-157.118,-30.012
79.641,waypoint_3,-22.516,-157.178,-30.012
79.673,waypoint_3,-22.591,-157.238,-30.012
79.707,waypoint_3,-22.665,-157.298,-30.012
79.741,waypoint_3,-22.758,-157.372,-30.011
79.773,waypoint_3,-22.833,-157.432,-30.011
79.807,waypoint_3,-22.908,-157.492,-30.011
79.841,waypoint_3,-22.982,-157.552,-30.011
79.873,waypoint_3,-23.057,-157.612,-30.010
79.907,waypoint_3,-23.131,-157.671,-30.010
79.941,waypoint_3,-23.224,-157.745,-30.010
79.973,waypoint_3,-23.299,-157.805,-30.010
80.007,waypoint_3,-23.373,-157.864,-30.010
80.041,waypoint_3,-23.447,-157.924,-30.010
80.073,waypoint_3,-23.521,-157.983,-30.010
80.107,waypoint_3,-23.595,-158.042,-30.010
80.141,waypoint_3,-23.688,-158.116,-30.011
80.173,waypoint_3,-23.762,-158.175,-30.011
80.207,waypoint_3,-23.836,-158.235,-30.011
80.241,waypoint_3,-23.910,-158.294,-30.011
80.273,waypoint_3,-23.984,-158.354,-30.012
80.307,waypoint_3,-24.057,-158.414,-30.012
80.341,waypoint_3,-24.150,-158.488,-30.013
80.373,waypoint_3,-24.224,-158.549,-30.013
80.407,waypoint_3,-24.297,-158.609,-30.013
80.441,waypoint_3,-24.371,-158.669,-30.014
80.477,waypoint_3,-24.445,-158.730,-30.014
80.511,waypoint_3,-24.519,-158.790,-30.014
80.545,waypoint_3,-24.611,-158.866,-30.015
80.577,waypoint_3,-24.685,-158.927,-30.015
80.611,waypoint_3,-24.759,-158.988,-30.015
80.645,waypoint_3,-24.832,-159.048,-30.015
80.677,waypoint_3,-24.906,-159.109,-30.016
80.711,waypoint_3,-24.980,-159.170,-30.016
80.745,waypoint_3,-25.073,-159.246,-30.016
80.777,waypoint_3,-25.147,-159.307,-30.016
80.811,waypoint_3,-25.221,-159.368,-30.016
80.845,waypoint_3,-25.296,-159.429,-30.016
80.877,waypoint_3,-25.370,-159.490,-30.016
80.911,waypoint_3,-25.445,-159.551,-30.016
80.946,waypoint_3,-25.538,-159.627,-30.016
80.979,waypoint_3,-25.613,-159.688,-30.016
81.014,waypoint_3,-25.688,-159.749,-30.016
81.050,waypoint_3,-25.762,-159.810,-30.015
81.082,waypoint_3,-25.837,-159.872,-30.015
81.116,waypoint_3,-25.912,-159.933,-30.015
81.150,waypoint_3,-26.005,-160.010,-30.014
81.182,waypoint_3,-26.080,-160.071,-30.014
81.216,waypoint_3,-26.155,-160.132,-30.014
81.251,waypoint_3,-26.229,-160.194,-30.013
81.283,waypoint_3,-26.304,-160.255,-30.013
81.317,waypoint_3,-26.379,-160.317,-30.012
81.351,waypoint_3,-26.472,-160.394,-30.012
81.383,waypoint_3,-26.547,-160.455,-30.011
81.417,waypoint_3,-26.621,-160.517,-30.011
81.451,waypoint_3,-26.696,-160.579,-30.010
81.483,waypoint_3,-26.770,-160.640,-30.009
81.517,waypoint_3,-26.845,-160.702,-30.009
81.551,waypoint_3,-26.938,-160.779,-30.008
81.583,waypoint_3,-27.013,-160.841,-30.008
81.617,waypoint_3,-27.088,-160.903,-30.007
81.651,waypoint_3,-27.163,-160.964,-30.007
81.683,waypoint_3,-27.238,-161.026,-30.006
81.717,waypoint_3,-27.313,-161.088,-30.006
81.751,waypoint_3,-27.406,-161.165,-30.005
81.783,waypoint_3,-27.482,-161.227,-30.005
81.818,waypoint_3,-27.557,-161.289,-30.005
81.852,waypoint_3,-27.632,-161.350,-30.005
81.884,waypoint_3,-27.707,-161.412,-30.005
81.918,waypoint_3,-27.782,-161.473,-30.005
81.952,waypoint_3,-27.875,-161.550,-30.005
81.984,waypoint_3,-27.950,-161.612,-30.005
82.018,waypoint_3,-28.024,-161.673,-30.006
82.052,waypoint_3,-28.099,-161.735,-30.006
82.084,waypoint_3,-28.173,-161.796,-30.006
82.118,waypoint_3,-28.247,-161.858,-30.006
82.152,waypoint_3,-28.340,-161.935,-30.006
82.184,waypoint_3,-28.414,-161.996,-30.006
82.218,waypoint_3,-28.488,-162.058,-30.006
82.252,waypoint_3,-28.561,-162.119,-30.006
82.284,waypoint_3,-28.635,-162.181,-30.006
82.318,waypoint_3,-28.708,-162.242,-30.006
82.352,waypoint_3,-28.800,-162.319,-30.006
82.384,waypoint_3,-28.873,-162.381,-30.006
82.418,waypoint_3,-28.947,-162.442,-30.006
82.452,waypoint_3,-29.020,-162.504,-30.006
82.484,waypoint_3,-29.093,-162.565,-30.006
82.518,waypoint_3,-29.166,-162.626,-30.006
82.552,waypoint_3,-29.258,-162.703,-30.007
82.584,waypoint_3,-29.331,-162.764,-30.007
82.618,waypoint_3,-29.404,-162.826,-30.007
82.652,waypoint_3,-29.477,-162.887,-30.007
82.684,waypoint_3,-29.551,-162.948,-30.007
82.718,waypoint_3,-29.624,-163.009,-30.007
82.752,waypoint_3,-29.715,-163.085,-30.007
82.784,waypoint_3,-29.788,-163.146,-30.007
82.818,waypoint_3,-29.861,-163.207,-30.007
82.852,waypoint_3,-29.934,-163.268,-30.007
82.884,waypoint_3,-30.007,-163.329,-30.007
82.918,waypoint_3,-30.081,-163.390,-30.007
82.952,waypoint_3,-30.173,-163.466,-30.007
82.984,waypoint_3,-30.246,-163.527,-30.007
83.018,waypoint_3,-30.320,-163.588,-30.007
83.052,waypoint_3,-30.394,-163.649,-30.007
83.084,waypoint_3,-30.468,-163.710,-30.007
83.118,waypoint_3,-30.542,-163.771,-30.007
83.152,waypoint_3,-30.635,-163.847,-30.007
83.184,waypoint_3,-30.709,-163.908,-30.007
83.218,waypoint_3,-30.783,-163.969,-30.007
83.252,waypoint_3,-30.857,-164.030,-30.007
83.284,waypoint_3,-30.932,-164.091,-30.007
83.318,waypoint_3,-31.006,-164.153,-30.007
83.353,waypoint_3,-31.099,-164.229,-30.007
83.385,waypoint_3,-31.173,-164.291,-30.007
83.419,waypoint_3,-31.247,-164.352,-30.007
83.454,waypoint_3,-31.321,-164.413,-30.007
83.485,waypoint_3,-31.395,-164.474,-30.007
83.519,waypoint_3,-31.469,-164.536,-30.007
83.555,waypoint_3,-31.562,-164.612,-30.007
83.586,waypoint_3,-31.636,-164.673,-30.007
83.621,waypoint_3,-31.710,-164.734,-30.008
83.654,waypoint_3,-31.784,-164.795,-30.008
83.686,waypoint_3,-31.858,-164.856,-30.008
83.721,waypoint_3,-31.931,-164.917,-30.008
83.755,waypoint_3,-32.024,-164.994,-30.008
83.787,waypoint_3,-32.097,-165.055,-30.009
83.821,waypoint_3,-32.171,-165.116,-30.009
83.855,waypoint_3,-32.245,-165.177,-30.009
83.886,waypoint_3,-32.318,-165.239,-30.010
83.921,waypoint_3,-32.392,-165.300,-30.010
83.955,waypoint_3,-32.484,-165.376,-30.010
83.986,waypoint_3,-32.558,-165.437,-30.011
84.021,waypoint_3,-32.631,-165.499,-30.011
84.055,waypoint_3,-32.705,-165.560,-30.012
84.086,waypoint_3,-32.778,-165.621,-30.012
84.121,waypoint_3,-32.852,-165.682,-30.013
84.155,waypoint_3,-32.943,-165.758,-30.013
84.186,waypoint_3,-33.017,-165.819,-30.014
84.221,waypoint_3,-33.090,-165.881,-30.015
84.255,waypoint_3,-33.164,-165.942,-30.015
84.286,waypoint_3,-33.237,-166.003,-30.015
84.321,waypoint_3,-33.310,-166.064,-30.016
84.356,waypoint_3,-33.401,-166.141,-30.016
84.392,waypoint_3,-33.474,-166.202,-30.017
84.426,waypoint_3,-33.547,-166.264,-30.017
84.460,waypoint_3,-33.620,-166.325,-30.017
84.492,waypoint_3,-33.693,-166.387,-30.017
84.526,waypoint_3,-33.766,-166.448,-30.017
84.561,waypoint_3,-33.857,-166.526,-30.017
84.593,waypoint_3,-33.930,-166.587,-30.017
84.627,waypoint_3,-34.003,-166.649,-30.017
84.661,waypoint_3,-34.076,-166.711,-30.016
84.694,waypoint_3,-34.149,-166.774,-30.016
84.729,waypoint_3,-34.222,-166.836,-30.015
84.763,waypoint_3,-34.313,-166.913,-30.014
84.795,waypoint_3,-34.386,-166.976,-30.014
84.828,waypoint_3,-34.458,-167.038,-30.013
84.864,waypoint_3,-34.531,-167.100,-30.013
84.896,waypoint_3,-34.603,-167.162,-30.012
84.930,waypoint_3,-34.676,-167.224,-30.012
84.965,waypoint_3,-34.767,-167.302,-30.011
84.998,waypoint_3,-34.839,-167.364,-30.010
85.032,waypoint_3,-34.912,-167.426,-30.010
85.067,waypoint_3,-34.985,-167.488,-30.009
85.099,waypoint_3,-35.058,-167.550,-30.009
85.133,waypoint_3,-35.131,-167.613,-30.008
85.167,waypoint_3,-35.222,-167.690,-30.008
85.199,waypoint_3,-35.295,-167.752,-30.007
85.233,waypoint_3,-35.368,-167.814,-30.007
85.267,waypoint_3,-35.441,-167.876,-30.007
85.299,waypoint_3,-35.514,-167.938,-30.006
85.333,waypoint_3,-35.587,-168.000,-30.006
85.367,waypoint_3,-35.679,-168.077,-30.006
85.399,waypoint_3,-35.752,-168.139,-30.006
85.433,waypoint_3,-35.826,-168.201,-30.006
85.467,waypoint_3,-35.899,-168.263,-30.005
85.499,waypoint_3,-35.973,-168.324,-30.005
85.533,waypoint_3,-36.046,-168.386,-30.005
85.569,waypoint_3,-36.139,-168.463,-30.006
85.601,waypoint_3,-36.213,-168.524,-30.006
85.635,waypoint_3,-36.287,-168.586,-30.006
85.669,waypoint_3,-36.361,-168.647,-30.006
85.701,waypoint_3,-36.435,-168.709,-30.006
85.735,waypoint_3,-36.509,-168.770,-30.006
85.769,waypoint_3,-36.602,-168.847,-30.006
85.801,waypoint_3,-36.676,-168.909,-30.007
85.835,waypoint_3,-36.750,-168.970,-30.007
85.871,waypoint_3,-36.825,-169.031,-30.007
85.903,waypoint_3,-36.899,-169.092,-30.007
85.937,waypoint_3,-36.973,-169.154,-30.007
85.971,waypoint_3,-37.066,-169.230,-30.006
86.003,waypoint_3,-37.140,-169.292,-30.006
86.037,waypoint_3,-37.215,-169.353,-30.006
86.071,waypoint_3,-37.289,-169.414,-30.005
86.103,waypoint_3,-37.363,-169.476,-30.005
86.137,waypoint_3,-37.437,-169.537,-30.005
86.171,waypoint_3,-37.530,-169.613,-30.004
86.203,waypoint_3,-37.604,-169.675,-30.004
86.237,waypoint_3,-37.678,-169.736,-30.003
86.272,waypoint_3,-37.752,-169.797,-30.003
86.304,waypoint_3,-37.826,-169.858,-30.002
86.341,waypoint_3,-37.900,-169.919,-30.001
86.375,waypoint_3,-37.992,-169.995,-30.001
86.407,waypoint_3,-38.066,-170.056,-30.000
86.442,waypoint_3,-38.140,-170.117,-29.999
86.477,waypoint_3,-38.214,-170.177,-29.999
86.509,waypoint_3,-38.288,-170.238,-29.998
86.543,waypoint_3,-38.362,-170.298,-29.997
86.577,waypoint_3,-38.454,-170.374,-29.996
86.609,waypoint_3,-38.528,-170.434,-29.996
86.644,waypoint_3,-38.602,-170.494,-29.995
86.678,waypoint_3,-38.676,-170.554,-29.994
86.710,waypoint_3,-38.749,-170.615,-29.993
86.745,waypoint_3,-38.823,-170.675,-29.993
86.778,waypoint_3,-38.915,-170.750,-29.992
86.810,waypoint_3,-38.989,-170.810,-29.992
86.844,waypoint_3,-39.063,-170.870,-29.992
86.878,waypoint_3,-39.136,-170.931,-29.991
86.910,waypoint_3,-39.210,-170.991,-29.991
86.944,waypoint_3,-39.284,-171.051,-29.991
86.978,waypoint_3,-39.377,-171.126,-29.991
87.010,waypoint_3,-39.451,-171.186,-29.992
87.044,waypoint_3,-39.525,-171.247,-29.992
87.094,waypoint_3,-39.599,-171.307,-29.993
87.148,waypoint_3,-39.673,-171.367,-29.993
87.187,waypoint_3,-39.747,-171.428,-29.993
87.221,waypoint_3,-39.840,-171.503,-29.994
87.261,waypoint_3,-39.914,-171.564,-29.994
87.296,waypoint_3,-39.988,-171.624,-29.995
87.330,waypoint_3,-40.062,-171.685,-29.995
87.362,waypoint_3,-40.136,-171.745,-29.996
87.396,waypoint_3,-40.210,-171.806,-29.997
87.432,waypoint_3,-40.302,-171.882,-29.997
87.472,waypoint_3,-40.376,-171.942,-29.998
87.507,waypoint_3,-40.450,-172.003,-29.998
87.542,waypoint_3,-40.524,-172.064,-29.999
87.575,waypoint_3,-40.597,-172.124,-29.999
87.609,waypoint_3,-40.671,-172.185,-30.000
87.643,waypoint_3,-40.763,-172.261,-30.000
87.676,waypoint_3,-40.837,-172.322,-30.001
87.711,waypoint_3,-40.910,-172.383,-30.001
87.745,waypoint_3,-40.984,-172.444,-30.002
87.777,waypoint_3,-41.057,-172.505,-30.002
87.811,waypoint_3,-41.131,-172.566,-30.003
87.845,waypoint_3,-41.222,-172.643,-30.004
87.877,waypoint_3,-41.296,-172.704,-30.004
87.911,waypoint_3,-41.369,-172.765,-30.005
87.945,waypoint_3,-41.442,-172.826,-30.005
87.977,waypoint_3,-41.516,-172.887,-30.006
88.011,waypoint_3,-41.589,-172.949,-30.006
88.045,waypoint_3,-41.680,-173.025,-30.007
88.079,waypoint_3,-41.754,-173.086,-30.007
88.123,waypoint_3,-41.827,-173.146,-30.007
88.160,waypoint_3,-41.900,-173.207,-30.007
88.194,waypoint_3,-41.974,-173.268,-30.007
88.227,waypoint_3,-42.047,-173.329,-30.008
88.262,waypoint_3,-42.139,-173.404,-30.008
88.294,waypoint_3,-42.212,-173.465,-30.008
88.328,waypoint_3,-42.285,-173.525,-30.008
88.362,waypoint_3,-42.358,-173.585,-30.008
88.394,waypoint_3,-42.432,-173.646,-30.009
88.428,waypoint_3,-42.505,-173.706,-30.009
88.462,waypoint_3,-42.597,-173.781,-30.009
88.494,waypoint_3,-42.670,-173.840,-30.009
88.528,waypoint_3,-42.743,-173.900,-30.009
88.562,waypoint_3,-42.817,-173.960,-30.009
88.594,waypoint_3,-42.890,-174.020,-30.009
88.628,waypoint_3,-42.963,-174.080,-30.008
88.662,waypoint_3,-43.055,-174.155,-30.008
88.694,waypoint_3,-43.128,-174.215,-30.008
88.728,waypoint_3,-43.202,-174.276,-30.008
88.762,waypoint_3,-43.275,-174.336,-30.008
88.794,waypoint_3,-43.348,-174.396,-30.008
88.828,waypoint_3,-43.422,-174.456,-30.008
88.862,waypoint_3,-43.513,-174.532,-30.008
88.894,waypoint_3,-43.586,-174.592,-30.008
88.928,waypoint_3,-43.659,-174.652,-30.007
88.962,waypoint_3,-43.732,-174.713,-30.007
88.994,waypoint_3,-43.805,-174.773,-30.007
89.028,waypoint_3,-43.879,-174.834,-30.007
89.062,waypoint_3,-43.970,-174.910,-30.007
89.094,waypoint_3,-44.043,-174.970,-30.007
89.138,waypoint_3,-44.116,-175.031,-30.007
89.172,waypoint_3,-44.189,-175.091,-30.006
89.204,waypoint_3,-44.262,-175.152,-30.006
89.238,waypoint_3,-44.335,-175.212,-30.006
89.272,waypoint_3,-44.426,-175.288,-30.006
89.304,waypoint_3,-44.498,-175.349,-30.006
89.338,waypoint_3,-44.571,-175.409,-30.006
89.374,waypoint_3,-44.644,-175.470,-30.006
89.407,waypoint_3,-44.717,-175.531,-30.006
89.446,waypoint_3,-44.790,-175.591,-30.007
89.479,waypoint_3,-44.882,-175.667,-30.007
89.511,waypoint_3,-44.955,-175.728,-30.007
89.547,waypoint_3,-45.028,-175.789,-30.007
89.584,waypoint_3,-45.102,-175.850,-30.008
89.616,waypoint_3,-45.175,-175.911,-30.008
89.650,waypoint_3,-45.248,-175.971,-30.009
89.684,waypoint_3,-45.340,-176.047,-30.009
89.716,waypoint_3,-45.413,-176.108,-30.009
89.750,waypoint_3,-45.487,-176.169,-30.010
89.784,waypoint_3,-45.560,-176.230,-30.010
89.816,waypoint_3,-45.633,-176.291,-30.010
89.850,waypoint_3,-45.706,-176.352,-30.011
89.884,waypoint_3,-45.798,-176.429,-30.011
89.916,waypoint_3,-45.871,-176.490,-30.011
89.950,waypoint_3,-45.945,-176.551,-30.011
89.984,waypoint_3,-46.018,-176.612,-30.012
90.018,waypoint_3,-46.092,-176.673,-30.012
90.051,waypoint_3,-46.165,-176.735,-30.012
90.086,waypoint_3,-46.257,-176.812,-30.013
90.117,waypoint_3,-46.330,-176.873,-30.013
90.153,waypoint_3,-46.404,-176.935,-30.013
90.188,waypoint_3,-46.477,-176.996,-30.014
90.220,waypoint_3,-46.551,-177.058,-30.014
90.255,waypoint_3,-46.625,-177.120,-30.015
90.289,waypoint_3,-46.717,-177.197,-30.015
90.321,waypoint_3,-46.791,-177.259,-30.016
90.355,waypoint_3,-46.864,-177.321,-30.016
90.389,waypoint_3,-46.938,-177.383,-30.016
90.421,waypoint_3,-47.012,-177.446,-30.017
90.456,waypoint_3,-47.086,-177.508,-30.017
90.490,waypoint_3,-47.179,-177.585,-30.018
90.522,waypoint_3,-47.253,-177.647,-30.018
90.556,waypoint_3,-47.327,-177.709,-30.019
90.590,waypoint_3,-47.401,-177.771,-30.019
90.622,waypoint_3,-47.474,-177.833,-30.020
90.656,waypoint_3,-47.548,-177.895,-30.020
90.690,waypoint_3,-47.640,-177.972,-30.020
90.722,waypoint_3,-47.713,-178.033,-30.020
90.757,waypoint_3,-47.787,-178.095,-30.020
90.791,waypoint_3,-47.860,-178.157,-30.020
90.823,waypoint_3,-47.933,-178.219,-30.020
90.857,waypoint_3,-48.006,-178.280,-30.020
90.891,waypoint_3,-48.098,-178.357,-30.019
90.923,waypoint_3,-48.171,-178.419,-30.019
90.958,waypoint_3,-48.244,-178.481,-30.018
90.992,waypoint_3,-48.317,-178.542,-30.018
91.024,waypoint_3,-48.390,-178.604,-30.017
91.058,waypoint_3,-48.462,-178.665,-30.016
91.092,waypoint_3,-48.554,-178.742,-30.015
91.124,waypoint_3,-48.627,-178.804,-30.014
91.158,waypoint_3,-48.700,-178.865,-30.014
91.192,waypoint_3,-48.773,-178.927,-30.013
91.224,waypoint_3,-48.846,-178.989,-30.012
91.258,waypoint_3,-48.919,-179.051,-30.011
91.292,waypoint_3,-49.010,-179.128,-30.010
91.324,waypoint_3,-49.083,-179.190,-30.010
91.358,waypoint_3,-49.157,-179.252,-30.009
91.392,waypoint_3,-49.230,-179.315,-30.009
91.424,waypoint_3,-49.303,-179.377,-30.008
91.458,waypoint_3,-49.376,-179.440,-30.007
91.492,waypoint_3,-49.468,-179.518,-30.007
91.524,waypoint_3,-49.541,-179.580,-30.006
91.559,waypoint_3,-49.615,-179.643,-30.006
91.593,waypoint_3,-49.688,-179.705,-30.005
91.625,waypoint_3,-49.762,-179.768,-30.005
91.661,waypoint_3,-49.835,-179.830,-30.004
91.695,waypoint_3,-49.928,-179.908,-30.003
91.727,waypoint_3,-50.001,-179.971,-30.003
91.761,waypoint_3,-50.075,-180.033,-30.002
91.795,waypoint_3,-50.149,-180.095,-30.002
91.827,waypoint_3,-50.223,-180.157,-30.001
91.862,waypoint_3,-50.297,-180.219,-30.001
91.896,waypoint_3,-50.389,-180.297,-30.000
91.928,waypoint_3,-50.463,-180.359,-29.999
91.964,waypoint_3,-50.538,-180.421,-29.999
91.997,waypoint_3,-50.612,-180.483,-29.998
92.029,waypoint_3,-50.686,-180.545,-29.998
92.063,waypoint_3,-50.760,-180.607,-29.997
92.098,waypoint_3,-50.852,-180.684,-29.996
92.130,waypoint_3,-50.926,-180.746,-29.996
92.164,waypoint_3,-51.000,-180.808,-29.995
92.198,waypoint_3,-51.074,-180.871,-29.995
92.230,waypoint_3,-51.148,-180.933,-29.995
92.264,waypoint_3,-51.222,-180.995,-29.994
92.299,waypoint_3,-51.314,-181.073,-29.994
92.331,waypoint_3,-51.388,-181.135,-29.994
92.366,waypoint_3,-51.461,-181.197,-29.994
92.400,waypoint_3,-51.535,-181.259,-29.994
92.432,waypoint_3,-51.609,-181.321,-29.994
92.467,waypoint_3,-51.682,-181.383,-29.994
92.501,waypoint_3,-51.774,-181.461,-29.994
92.533,waypoint_3,-51.847,-181.523,-29.994
92.568,waypoint_3,-51.921,-181.585,-29.995
92.602,waypoint_3,-51.994,-181.647,-29.995
92.634,waypoint_3,-52.068,-181.709,-29.995
92.668,waypoint_3,-52.141,-181.771,-29.995
92.702,waypoint_3,-52.233,-181.848,-29.996
92.734,waypoint_3,-52.306,-181.910,-29.996
92.768,waypoint_3,-52.379,-181.972,-29.997
92.802,waypoint_3,-52.453,-182.034,-29.997
92.834,waypoint_3,-52.526,-182.096,-29.997
92.868,waypoint_3,-52.599,-182.158,-29.997
92.902,waypoint_3,-52.691,-182.235,-29.997
92.934,waypoint_3,-52.764,-182.296,-29.998
92.968,waypoint_3,-52.838,-182.358,-29.998
93.002,waypoint_3,-52.911,-182.419,-29.998
93.034,waypoint_3,-52.984,-182.481,-29.998
93.068,waypoint_3,-53.057,-182.542,-29.998
93.102,waypoint_3,-53.149,-182.619,-29.998
93.134,waypoint_3,-53.222,-182.681,-29.998
93.168,waypoint_3,-53.295,-182.742,-29.999
93.202,waypoint_3,-53.369,-182.803,-29.999
93.234,waypoint_3,-53.442,-182.865,-29.999
93.268,waypoint_3,-53.515,-182.926,-29.999
93.302,waypoint_3,-53.606,-183.003,-29.999
93.334,waypoint_3,-53.679,-183.064,-30.000
93.368,waypoint_3,-53.752,-183.126,-30.000
93.402,waypoint_3,-53.825,-183.187,-30.000
93.434,waypoint_3,-53.898,-183.248,-30.000
93.468,waypoint_3,-53.971,-183.310,-30.000
93.502,waypoint_3,-54.063,-183.387,-30.000
93.534,waypoint_3,-54.136,-183.448,-30.000
93.568,waypoint_3,-54.209,-183.509,-30.001
93.602,waypoint_3,-54.282,-183.571,-30.001
93.634,waypoint_3,-54.355,-183.632,-30.001
93.668,waypoint_3,-54.428,-183.694,-30.001
93.702,waypoint_3,-54.520,-183.771,-30.001
93.734,waypoint_3,-54.593,-183.832,-30.001
93.768,waypoint_3,-54.667,-183.894,-30.001
93.802,waypoint_3,-54.740,-183.955,-30.001
93.834,waypoint_3,-54.813,-184.017,-30.001
93.868,waypoint_3,-54.886,-184.078,-30.000
93.902,waypoint_3,-54.978,-184.154,-30.000
93.934,waypoint_3,-55.051,-184.215,-30.000
93.968,waypoint_3,-55.124,-184.276,-30.000
94.002,waypoint_3,-55.197,-184.337,-29.999
94.034,waypoint_3,-55.270,-184.398,-29.999
94.068,waypoint_3,-55.343,-184.459,-29.999
94.102,waypoint_3,-55.434,-184.534,-29.999
94.135,goal,-55.507,-184.595,-29.998
94.170,goal,-55.579,-184.655,-29.998
94.204,goal,-55.652,-184.716,-29.998
94.237,goal,-55.724,-184.776,-29.999
94.271,goal,-55.796,-184.837,-30.003
94.306,goal,-55.886,-184.912,-30.012
94.340,goal,-55.956,-184.973,-30.021
94.375,goal,-56.025,-185.034,-30.032
94.410,goal,-56.091,-185.096,-30.044
94.442,goal,-56.155,-185.158,-30.055
94.476,goal,-56.215,-185.222,-30.066
94.510,goal,-56.285,-185.302,-30.079
94.542,goal,-56.336,-185.367,-30.087
94.577,goal,-56.382,-185.434,-30.093
94.611,goal,-56.424,-185.501,-30.099
94.643,goal,-56.461,-185.569,-30.102
94.677,goal,-56.493,-185.639,-30.104
94.713,goal,-56.526,-185.727,-30.104
94.744,goal,-56.547,-185.799,-30.103
94.778,goal,-56.562,-185.872,-30.100
94.813,goal,-56.573,-185.946,-30.097
94.844,goal,-56.580,-186.021,-30.092
94.882,goal,-56.582,-186.098,-30.087
94.916,goal,-56.578,-186.195,-30.080
94.949,goal,-56.571,-186.274,-30.074
94.983,goal,-56.560,-186.354,-30.068
95.017,goal,-56.546,-186.436,-30.062
95.050,goal,-56.529,-186.518,-30.057
95.083,goal,-56.508,-186.601,-30.051
95.117,goal,-56.479,-186.706,-30.044
95.150,goal,-56.453,-186.791,-30.039
95.183,goal,-56.425,-186.877,-30.034
95.217,goal,-56.394,-186.963,-30.030
95.250,goal,-56.363,-187.050,-30.026
95.284,goal,-56.329,-187.138,-30.022
95.318,goal,-56.286,-187.249,-30.018
95.350,goal,-56.250,-187.338,-30.014
95.384,goal,-56.213,-187.428,-30.011
95.418,goal,-56.175,-187.518,-30.009
95.451,goal,-56.137,-187.609,-30.007
95.484,goal,-56.098,-187.700,-30.004
95.519,goal,-56.050,-187.813,-30.002
95.551,goal,-56.010,-187.905,-30.000
95.585,goal,-55.971,-187.996,-29.999
95.619,goal,-55.931,-188.088,-29.998
95.652,goal,-55.891,-188.179,-29.997
95.691,goal,-55.852,-188.271,-29.996
95.773,goal,-55.802,-188.386,-29.996
95.805,goal,-55.762,-188.477,-29.995
95.839,goal,-55.723,-188.569,-29.995
95.874,goal,-55.683,-188.660,-29.995
95.906,goal,-55.644,-188.752,-29.995
95.941,goal,-55.605,-188.843,-29.995
95.975,goal,-55.556,-188.957,-29.995
96.007,goal,-55.517,-189.049,-29.995
96.041,goal,-55.477,-189.140,-29.995
96.075,goal,-55.438,-189.230,-29.996
96.125,goal,-55.399,-189.321,-29.996
96.160,goal,-55.360,-189.411,-29.997
96.194,goal,-55.311,-189.523,-29.998
96.226,goal,-55.272,-189.613,-29.998
96.260,goal,-55.233,-189.702,-29.999
96.294,goal,-55.194,-189.791,-29.999
96.328,goal,-55.155,-189.880,-30.000
96.363,goal,-55.115,-189.968,-30.000
96.397,goal,-55.067,-190.079,-30.000
96.429,goal,-55.028,-190.167,-30.000
96.463,goal,-54.989,-190.255,-30.000
96.497,goal,-54.949,-190.343,-30.000
96.529,goal,-54.910,-190.431,-30.000
96.563,goal,-54.870,-190.519,-30.000
96.597,goal,-54.821,-190.629,-30.000
96.629,goal,-54.781,-190.717,-30.000
96.663,goal,-54.741,-190.805,-30.000
96.697,goal,-54.701,-190.893,-30.000
96.729,goal,-54.660,-190.981,-30.000
96.763,goal,-54.620,-191.069,-30.001
96.798,goal,-54.569,-191.178,-30.001
96.830,goal,-54.528,-191.266,-30.001
96.864,goal,-54.487,-191.353,-30.001
96.898,goal,-54.447,-191.440,-30.001
96.930,goal,-54.406,-191.528,-30.001
96.964,goal,-54.364,-191.615,-30.001
96.998,goal,-54.313,-191.724,-30.001
97.030,goal,-54.272,-191.811,-30.001
97.064,goal,-54.230,-191.898,-30.001
97.098,goal,-54.189,-191.985,-30.001
97.130,goal,-54.147,-192.072,-30.001
97.164,goal,-54.105,-192.158,-30.001
97.198,goal,-54.053,-192.267,-30.001
97.231,goal,-54.011,-192.354,-30.000
97.265,goal,-53.968,-192.440,-30.000
97.300,goal,-53.926,-192.527,-30.000
97.332,goal,-53.883,-192.613,-29.999
97.367,goal,-53.841,-192.700,-29.999
97.402,goal,-53.787,-192.808,-29.998
97.433,goal,-53.745,-192.894,-29.998
97.468,goal,-53.702,-192.980,-29.998
97.501,goal,-53.659,-193.066,-29.997
97.534,goal,-53.616,-193.152,-29.997
97.568,goal,-53.572,-193.238,-29.997
97.601,goal,-53.519,-193.346,-29.996
97.633,goal,-53.475,-193.432,-29.996
97.668,goal,-53.432,-193.517,-29.996
97.701,goal,-53.389,-193.603,-29.996
97.733,goal,-53.346,-193.689,-29.995
97.767,goal,-53.302,-193.774,-29.995
97.801,goal,-53.248,-193.881,-29.995
97.833,goal,-53.205,-193.966,-29.995
97.867,goal,-53.161,-194.051,-29.995
97.901,goal,-53.118,-194.137,-29.995
97.933,goal,-53.074,-194.222,-29.995
97.967,goal,-53.030,-194.307,-29.995
98.001,goal,-52.976,-194.414,-29.995
98.033,goal,-52.932,-194.499,-29.995
98.067,goal,-52.887,-194.584,-29.995
98.107,goal,-52.843,-194.669,-29.995
98.142,goal,-52.799,-194.754,-29.995
98.177,goal,-52.743,-194.861,-29.995
98.212,goal,-52.699,-194.946,-29.995
98.254,goal,-52.654,-195.031,-29.995
98.290,goal,-52.609,-195.117,-29.995
98.322,goal,-52.565,-195.202,-29.995
98.357,goal,-52.520,-195.287,-29.994
98.392,goal,-52.464,-195.394,-29.994
98.424,goal,-52.419,-195.479,-29.994
98.476,goal,-52.374,-195.565,-29.994
98.509,goal,-52.329,-195.650,-29.994
98.554,goal,-52.284,-195.735,-29.994
98.589,goal,-52.239,-195.820,-29.994
98.623,goal,-52.182,-195.927,-29.994
98.655,goal,-52.136,-196.012,-29.994
98.689,goal,-52.090,-196.097,-29.994
98.723,goal,-52.045,-196.182,-29.994
98.755,goal,-51.999,-196.267,-29.994
98.789,goal,-51.953,-196.352,-29.993
98.823,goal,-51.896,-196.458,-29.993
98.855,goal,-51.850,-196.543,-29.993
98.890,goal,-51.805,-196.628,-29.992
98.924,goal,-51.759,-196.713,-29.992
98.956,goal,-51.713,-196.798,-29.991
98.991,goal,-51.668,-196.883,-29.991
99.025,goal,-51.611,-196.990,-29.990
99.057,goal,-51.566,-197.075,-29.990
99.092,goal,-51.520,-197.160,-29.989
99.126,goal,-51.475,-197.245,-29.989
99.158,goal,-51.430,-197.330,-29.989
99.192,goal,-51.385,-197.415,-29.988
99.226,goal,-51.329,-197.522,-29.988
99.258,goal,-51.284,-197.607,-29.987
99.293,goal,-51.239,-197.692,-29.987
99.327,goal,-51.195,-197.777,-29.986
99.359,goal,-51.150,-197.863,-29.986
99.393,goal,-51.105,-197.948,-29.986
99.427,goal,-51.050,-198.055,-29.986
99.459,goal,-51.005,-198.140,-29.986
99.493,goal,-50.961,-198.226,-29.987
99.527,goal,-50.916,-198.312,-29.987
99.559,goal,-50.872,-198.397,-29.987
99.593,goal,-50.827,-198.483,-29.988
99.629,goal,-50.771,-198.590,-29.988
99.672,goal,-50.727,-198.676,-29.988
99.708,goal,-50.682,-198.762,-29.988
99.743,goal,-50.637,-198.848,-29.988
99.798,goal,-50.592,-198.934,-29.988
99.842,goal,-50.546,-199.020,-29.988
99.883,goal,-50.490,-199.128,-29.988
99.916,goal,-50.444,-199.214,-29.989
99.950,goal,-50.399,-199.300,-29.989
99.984,goal,-50.354,-199.386,-29.989
100.016,goal,-50.308,-199.472,-29.988
100.050,goal,-50.263,-199.558,-29.988
100.084,goal,-50.206,-199.666,-29.988
100.116,goal,-50.160,-199.753,-29.988
100.150,goal,-50.114,-199.839,-29.988
100.184,goal,-50.068,-199.926,-29.988
100.216,goal,-50.023,-200.013,-29.987
100.250,goal,-49.977,-200.099,-29.987
100.284,goal,-49.920,-200.207,-29.987
100.316,goal,-49.875,-200.294,-29.986
100.350,goal,-49.830,-200.380,-29.986
100.384,goal,-49.784,-200.467,-29.985
100.416,goal,-49.739,-200.553,-29.985
100.450,goal,-49.694,-200.640,-29.985
100.484,goal,-49.638,-200.748,-29.985
100.516,goal,-49.593,-200.835,-29.984
100.550,goal,-49.549,-200.921,-29.984
100.584,goal,-49.504,-201.008,-29.984
100.616,goal,-49.459,-201.094,-29.984
100.651,goal,-49.415,-201.181,-29.983
100.688,goal,-49.359,-201.289,-29.983
100.720,goal,-49.314,-201.375,-29.983
100.754,goal,-49.270,-201.461,-29.983
100.800,goal,-49.225,-201.548,-29.982
100.834,goal,-49.180,-201.634,-29.982
100.868,goal,-49.135,-201.720,-29.982
100.904,goal,-49.079,-201.828,-29.982
100.937,goal,-49.034,-201.915,-29.982
100.972,goal,-48.988,-202.001,-29.982
101.004,goal,-48.943,-202.087,-29.982
101.038,goal,-48.897,-202.173,-29.982
101.073,goal,-48.851,-202.259,-29.982
101.104,goal,-48.805,-202.345,-29.982
101.138,goal,-48.748,-202.453,-29.982
101.172,goal,-48.702,-202.538,-29.983
101.204,goal,-48.656,-202.624,-29.983
101.238,goal,-48.609,-202.710,-29.982
101.272,goal,-48.563,-202.796,-29.982
101.304,goal,-48.517,-202.881,-29.982
101.338,goal,-48.459,-202.988,-29.982
101.372,goal,-48.413,-203.073,-29.982
101.404,goal,-48.367,-203.158,-29.982
101.438,goal,-48.321,-203.244,-29.982
101.472,goal,-48.275,-203.329,-29.981
101.504,goal,-48.229,-203.414,-29.982
101.539,goal,-48.171,-203.520,-29.982
101.572,goal,-48.125,-203.606,-29.982
101.605,goal,-48.079,-203.691,-29.982
101.638,goal,-48.033,-203.776,-29.982
101.673,goal,-47.986,-203.861,-29.983
101.706,goal,-47.940,-203.946,-29.983
101.739,goal,-47.882,-204.053,-29.983
101.774,goal,-47.836,-204.139,-29.984
101.806,goal,-47.790,-204.224,-29.984
101.840,goal,-47.744,-204.309,-29.984
101.874,goal,-47.698,-204.395,-29.984
101.907,goal,-47.651,-204.480,-29.985
101.941,goal,-47.594,-204.587,-29.985
101.975,goal,-47.548,-204.673,-29.985
102.007,goal,-47.502,-204.759,-29.986
102.041,goal,-47.456,-204.844,-29.986
102.076,goal,-47.410,-204.930,-29.986
102.109,goal,-47.364,-205.016,-29.986
102.143,goal,-47.307,-205.123,-29.986
102.176,goal,-47.261,-205.209,-29.986
102.209,goal,-47.216,-205.295,-29.985
102.243,goal,-47.171,-205.382,-29.985
102.276,goal,-47.126,-205.468,-29.985
102.309,goal,-47.080,-205.554,-29.985
102.343,goal,-47.024,-205.662,-29.984
102.377,goal,-46.979,-205.748,-29.984
102.409,goal,-46.934,-205.835,-29.984
102.443,goal,-46.889,-205.921,-29.984
102.477,goal,-46.844,-206.008,-29.984
102.509,goal,-46.800,-206.094,-29.984
102.543,goal,-46.744,-206.203,-29.984
102.576,goal,-46.699,-206.289,-29.984
102.609,goal,-46.655,-206.376,-29.985
102.643,goal,-46.610,-206.463,-29.985
102.676,goal,-46.566,-206.549,-29.986
102.709,goal,-46.522,-206.636,-29.986
102.743,goal,-46.466,-206.745,-29.987
102.777,goal,-46.422,-206.831,-29.988
102.809,goal,-46.377,-206.918,-29.989
102.843,goal,-46.333,-207.005,-29.989
102.878,goal,-46.288,-207.091,-29.990
102.910,goal,-46.244,-207.178,-29.991
102.944,goal,-46.188,-207.286,-29.991
102.979,goal,-46.144,-207.373,-29.992
103.011,goal,-46.099,-207.460,-29.992
103.045,goal,-46.055,-207.547,-29.993
103.080,goal,-46.010,-207.633,-29.993
103.112,goal,-45.966,-207.720,-29.994
103.146,goal,-45.911,-207.829,-29.994
103.180,goal,-45.867,-207.916,-29.995
103.212,goal,-45.823,-208.003,-29.995
103.246,goal,-45.778,-208.090,-29.995
103.280,goal,-45.734,-208.177,-29.995
103.312,goal,-45.690,-208.264,-29.995
103.346,goal,-45.634,-208.373,-29.995
103.380,goal,-45.590,-208.461,-29.995
103.412,goal,-45.546,-208.548,-29.994
103.446,goal,-45.501,-208.636,-29.994
103.481,goal,-45.457,-208.723,-29.994
103.513,goal,-45.413,-208.810,-29.993
103.547,goal,-45.357,-208.920,-29.993
103.581,goal,-45.313,-209.007,-29.993
103.613,goal,-45.268,-209.095,-29.992
103.647,goal,-45.224,-209.183,-29.992
103.681,goal,-45.179,-209.270,-29.992
103.713,goal,-45.135,-209.358,-29.992
103.747,goal,-45.079,-209.468,-29.991
103.781,goal,-45.034,-209.555,-29.991
103.814,goal,-44.990,-209.643,-29.991
103.848,goal,-44.945,-209.730,-29.990
103.882,goal,-44.900,-209.817,-29.990
103.914,goal,-44.856,-209.904,-29.990
103.948,goal,-44.800,-210.013,-29.990
103.982,goal,-44.755,-210.100,-29.990
104.016,goal,-44.711,-210.187,-29.989
104.049,goal,-44.667,-210.274,-29.989
104.083,goal,-44.622,-210.361,-29.989
104.130,goal,-44.578,-210.448,-29.989
104.185,goal,-44.523,-210.557,-29.988
104.226,goal,-44.479,-210.644,-29.988
104.277,goal,-44.434,-210.732,-29.988
104.314,goal,-44.390,-210.819,-29.988
104.350,goal,-44.346,-210.906,-29.988
104.388,goal,-44.302,-210.993,-29.988
104.425,goal,-44.247,-211.102,-29.988
104.459,goal,-44.203,-211.189,-29.988
104.493,goal,-44.159,-211.276,-29.988
104.527,goal,-44.115,-211.363,-29.988
104.561,goal,-44.071,-211.450,-29.989
104.593,goal,-44.028,-211.537,-29.989
104.627,goal,-43.973,-211.645,-29.989
104.661,goal,-43.929,-211.732,-29.990
104.693,goal,-43.885,-211.820,-29.990
104.727,goal,-43.842,-211.907,-29.990
104.761,goal,-43.798,-211.994,-29.991
104.793,goal,-43.755,-212.081,-29.991
104.827,goal,-43.701,-212.190,-29.991
104.861,goal,-43.658,-212.277,-29.991
104.893,goal,-43.614,-212.364,-29.992
104.927,goal,-43.572,-212.451,-29.992
104.961,goal,-43.529,-212.538,-29.992
104.993,goal,-43.486,-212.625,-29.992
105.027,goal,-43.433,-212.734,-29.992
105.061,goal,-43.390,-212.821,-29.992
105.109,goal,-43.347,-212.908,-29.992
105.144,goal,-43.305,-212.995,-29.992
105.179,goal,-43.262,-213.082,-29.992
105.212,goal,-43.220,-213.169,-29.992
105.246,goal,-43.167,-213.277,-29.991
105.283,goal,-43.124,-213.364,-29.991
105.315,goal,-43.082,-213.451,-29.991
105.349,goal,-43.040,-213.538,-29.991
105.383,goal,-42.998,-213.625,-29.990
105.415,goal,-42.956,-213.711,-29.990
105.449,goal,-42.903,-213.820,-29.990
105.484,goal,-42.861,-213.906,-29.990
105.516,goal,-42.819,-213.993,-29.990
105.550,goal,-42.777,-214.079,-29.990
105.584,goal,-42.735,-214.166,-29.990
105.616,goal,-42.694,-214.253,-29.990
105.650,goal,-42.641,-214.361,-29.990
105.684,goal,-42.599,-214.448,-29.990
105.716,goal,-42.557,-214.534,-29.991
105.750,goal,-42.515,-214.621,-29.991
105.784,goal,-42.473,-214.707,-29.991
105.816,goal,-42.430,-214.794,-29.991
105.850,goal,-42.378,-214.902,-29.991
105.885,goal,-42.336,-214.989,-29.991
105.917,goal,-42.294,-215.076,-29.991
105.951,goal,-42.252,-215.163,-29.991
105.985,goal,-42.210,-215.249,-29.991
106.017,goal,-42.168,-215.336,-29.992
106.051,goal,-42.116,-215.445,-29.992
106.089,goal,-42.074,-215.532,-29.992
106.121,goal,-42.032,-215.619,-29.992
106.155,goal,-41.991,-215.706,-29.992
106.189,goal,-41.949,-215.793,-29.993
106.225,goal,-41.907,-215.881,-29.993
106.259,goal,-41.855,-215.990,-29.993
106.294,goal,-41.813,-216.078,-29.993
106.335,goal,-41.772,-216.165,-29.993
106.369,goal,-41.730,-216.253,-29.993
106.401,goal,-41.688,-216.341,-29.993
106.435,goal,-41.647,-216.428,-29.993
106.469,goal,-41.595,-216.538,-29.993
106.501,goal,-41.553,-216.625,-29.992
106.535,goal,-41.511,-216.713,-29.992
106.569,goal,-41.469,-216.800,-29.992
106.601,goal,-41.427,-216.887,-29.992
106.635,goal,-41.385,-216.975,-29.992
106.669,goal,-41.333,-217.084,-29.991
106.701,goal,-41.292,-217.171,-29.991
106.735,goal,-41.250,-217.258,-29.991
106.769,goal,-41.209,-217.345,-29.991
106.801,goal,-41.167,-217.432,-29.990
106.835,goal,-41.126,-217.519,-29.990
106.869,goal,-41.074,-217.627,-29.990
106.901,goal,-41.033,-217.714,-29.989
106.935,goal,-40.991,-217.801,-29.989
106.969,goal,-40.950,-217.887,-29.989
107.001,goal,-40.908,-217.974,-29.988
107.035,goal,-40.866,-218.061,-29.988
107.069,goal,-40.814,-218.169,-29.987
107.103,goal,-40.772,-218.256,-29.987
107.137,goal,-40.730,-218.343,-29.987
107.171,goal,-40.688,-218.429,-29.986
107.203,goal,-40.646,-218.516,-29.986
107.237,goal,-40.603,-218.603,-29.986
107.271,goal,-40.551,-218.711,-29.985
107.303,goal,-40.509,-218.797,-29.985
107.337,goal,-40.466,-218.884,-29.985
107.371,goal,-40.424,-218.971,-29.985
107.403,goal,-40.382,-219.057,-29.985
107.437,goal,-40.340,-219.144,-29.985
107.471,goal,-40.287,-219.252,-29.985
107.503,goal,-40.245,-219.339,-29.985
107.537,goal,-40.203,-219.426,-29.985
107.571,goal,-40.161,-219.513,-29.985
107.603,goal,-40.120,-219.599,-29.985
107.637,goal,-40.078,-219.686,-29.985
107.671,goal,-40.026,-219.795,-29.985
107.703,goal,-39.985,-219.881,-29.986
107.737,goal,-39.943,-219.968,-29.986
107.771,goal,-39.902,-220.054,-29.986
107.803,goal,-39.861,-220.141,-29.986
107.837,goal,-39.819,-220.227,-29.987
107.871,goal,-39.768,-220.335,-29.987
107.903,goal,-39.726,-220.421,-29.987
107.937,goal,-39.684,-220.507,-29.987
107.971,goal,-39.643,-220.594,-29.987
108.003,goal,-39.601,-220.680,-29.987
108.037,goal,-39.559,-220.766,-29.987
108.079,goal,-39.507,-220.874,-29.987
108.111,goal,-39.465,-220.960,-29.987
108.145,goal,-39.423,-221.046,-29.987
108.197,goal,-39.380,-221.132,-29.987
108.251,goal,-39.338,-221.219,-29.987
108.286,goal,-39.296,-221.305,-29.987
108.319,goal,-39.243,-221.413,-29.986
108.351,goal,-39.201,-221.499,-29.986
108.388,goal,-39.159,-221.585,-29.986
108.425,goal,-39.117,-221.672,-29.986
108.457,goal,-39.074,-221.758,-29.986
108.491,goal,-39.032,-221.844,-29.986
108.546,goal,-38.979,-221.952,-29.986
108.601,goal,-38.937,-222.038,-29.986
108.639,goal,-38.894,-222.124,-29.985
108.675,goal,-38.851,-222.211,-29.985
108.709,goal,-38.808,-222.297,-29.985
108.747,goal,-38.765,-222.383,-29.984
108.811,goal,-38.711,-222.491,-29.984
108.848,goal,-38.668,-222.577,-29.984
108.891,goal,-38.625,-222.663,-29.984
108.927,goal,-38.582,-222.749,-29.983
108.961,goal,-38.539,-222.836,-29.983
109.011,goal,-38.496,-222.922,-29.983
109.057,goal,-38.443,-223.030,-29.983
109.115,goal,-38.400,-223.116,-29.984
109.170,goal,-38.357,-223.203,-29.984
109.208,goal,-38.314,-223.290,-29.984
109.239,goal,-38.272,-223.376,-29.984
109.275,goal,-38.229,-223.463,-29.984
109.312,goal,-38.175,-223.571,-29.985
109.344,goal,-38.132,-223.658,-29.985
109.378,goal,-38.089,-223.744,-29.985
109.413,goal,-38.046,-223.830,-29.986
109.445,goal,-38.003,-223.917,-29.986
109.479,goal,-37.960,-224.003,-29.986
109.513,goal,-37.906,-224.111,-29.986
109.545,goal,-37.863,-224.197,-29.987
109.581,goal,-37.820,-224.283,-29.987
109.617,goal,-37.777,-224.369,-29.987
109.650,goal,-37.734,-224.455,-29.987
109.686,goal,-37.691,-224.541,-29.988
109.721,goal,-37.637,-224.649,-29.988
109.753,goal,-37.594,-224.735,-29.988
109.798,goal,-37.552,-224.821,-29.988
109.833,goal,-37.509,-224.907,-29.988
109.868,goal,-37.467,-224.992,-29.988
109.925,goal,-37.414,-225.100,-29.989
109.970,goal,-37.372,-225.186,-29.989
110.007,goal,-37.330,-225.272,-29.989
110.039,goal,-37.288,-225.358,-29.989
110.073,goal,-37.247,-225.444,-29.989
110.107,goal,-37.205,-225.530,-29.989
110.140,goal,-37.163,-225.616,-29.989
110.174,goal,-37.111,-225.723,-29.989
110.209,goal,-37.070,-225.809,-29.988
110.241,goal,-37.028,-225.894,-29.988
110.278,goal,-36.986,-225.980,-29.988
110.315,goal,-36.944,-226.065,-29.988
110.348,goal,-36.903,-226.151,-29.987
110.383,goal,-36.851,-226.258,-29.987
110.415,goal,-36.809,-226.343,-29.987
110.449,goal,-36.767,-226.429,-29.987
110.484,goal,-36.726,-226.514,-29.987
110.520,goal,-36.685,-226.600,-29.987
110.564,goal,-36.643,-226.685,-29.987
110.615,goal,-36.592,-226.792,-29.986
110.647,goal,-36.551,-226.878,-29.986
110.681,goal,-36.509,-226.963,-29.986
110.715,goal,-36.468,-227.049,-29.986
110.749,goal,-36.428,-227.135,-29.986
110.814,goal,-36.387,-227.221,-29.986
110.859,goal,-36.336,-227.329,-29.986
110.892,goal,-36.295,-227.415,-29.986
110.926,goal,-36.254,-227.501,-29.986
110.962,goal,-36.213,-227.588,-29.986
110.999,goal,-36.172,-227.675,-29.987
111.042,goal,-36.132,-227.761,-29.987
111.118,goal,-36.081,-227.870,-29.987
111.175,goal,-36.040,-227.957,-29.987
111.247,goal,-36.000,-228.044,-29.987
111.296,goal,-35.959,-228.131,-29.987
111.365,goal,-35.918,-228.218,-29.987
111.443,goal,-35.878,-228.305,-29.987
111.540,goal,-35.827,-228.414,-29.987
111.603,goal,-35.787,-228.501,-29.987
111.668,goal,-35.746,-228.588,-29.987
111.745,goal,-35.706,-228.675,-29.988
111.790,goal,-35.665,-228.762,-29.988
111.838,goal,-35.625,-228.849,-29.988
111.876,goal,-35.574,-228.957,-29.988
111.921,goal,-35.533,-229.044,-29.989
111.968,goal,-35.492,-229.132,-29.989
112.002,goal,-35.452,-229.219,-29.989
112.035,goal,-35.411,-229.306,-29.990
112.069,goal,-35.370,-229.393,-29.990
112.135,goal,-35.319,-229.502,-29.990
112.185,goal,-35.278,-229.589,-29.990
112.225,goal,-35.238,-229.676,-29.990
112.271,goal,-35.197,-229.763,-29.990
112.309,goal,-35.156,-229.850,-29.990
112.353,goal,-35.116,-229.938,-29.990
112.392,goal,-35.066,-230.047,-29.990
112.436,goal,-35.025,-230.134,-29.990
112.476,goal,-34.985,-230.221,-29.990
112.533,goal,-34.945,-230.308,-29.991
112.578,goal,-34.904,-230.396,-29.991
112.614,goal,-34.864,-230.483,-29.991
112.647,goal,-34.814,-230.593,-29.991
112.685,goal,-34.774,-230.680,-29.990
112.731,goal,-34.734,-230.768,-29.990
112.774,goal,-34.694,-230.855,-29.990
112.825,goal,-34.654,-230.943,-29.989
112.859,goal,-34.614,-231.030,-29.989
112.896,goal,-34.564,-231.140,-29.988
112.927,goal,-34.523,-231.227,-29.988
112.964,goal,-34.483,-231.315,-29.987
113.027,goal,-34.443,-231.402,-29.987
113.059,goal,-34.402,-231.489,-29.987
113.094,goal,-34.362,-231.577,-29.987
113.133,goal,-34.311,-231.686,-29.987
113.168,goal,-34.271,-231.773,-29.987
113.204,goal,-34.230,-231.861,-29.987
113.276,goal,-34.189,-231.948,-29.987
113.367,goal,-34.149,-232.036,-29.987
113.444,goal,-34.108,-232.123,-29.987
113.506,goal,-34.057,-232.232,-29.987
113.596,goal,-34.016,-232.320,-29.987
113.678,goal,-33.975,-232.407,-29.987
113.750,goal,-33.934,-232.494,-29.987
113.818,goal,-33.893,-232.582,-29.987
113.872,goal,-33.852,-232.669,-29.986
113.915,goal,-33.801,-232.778,-29.986
113.977,goal,-33.760,-232.866,-29.986
114.020,goal,-33.719,-232.953,-29.986
114.065,goal,-33.678,-233.040,-29.986
114.119,goal,-33.637,-233.127,-29.986
114.176,goal,-33.597,-233.214,-29.987
114.220,goal,-33.546,-233.323,-29.987
114.279,goal,-33.505,-233.410,-29.987
114.312,goal,-33.464,-233.497,-29.987
114.350,goal,-33.423,-233.584,-29.987
114.403,goal,-33.383,-233.671,-29.987
114.478,goal,-33.342,-233.758,-29.987
114.516,goal,-33.291,-233.866,-29.988
114.555,goal,-33.251,-233.952,-29.988
114.608,goal,-33.210,-234.039,-29.987
114.666,goal,-33.170,-234.126,-29.987
114.703,goal,-33.129,-234.212,-29.987
114.741,goal,-33.089,-234.299,-29.987
114.789,goal,-33.039,-234.407,-29.986
114.843,goal,-32.999,-234.493,-29.986
114.898,goal,-32.959,-234.579,-29.986
114.942,goal,-32.919,-234.666,-29.986
114.987,goal,-32.879,-234.752,-29.986
115.053,goal,-32.839,-234.839,-29.986
115.136,goal,-32.789,-234.947,-29.986
115.204,goal,-32.749,-235.033,-29.986
115.237,goal,-32.709,-235.119,-29.986
115.277,goal,-32.670,-235.206,-29.986
115.319,goal,-32.630,-235.292,-29.986
115.362,goal,-32.590,-235.379,-29.986
115.416,goal,-32.551,-235.465,-29.986
115.476,goal,-32.501,-235.573,-29.986
115.534,goal,-32.461,-235.660,-29.986
115.586,goal,-32.422,-235.746,-29.986
115.621,goal,-32.382,-235.833,-29.986
115.656,goal,-32.343,-235.919,-29.986
115.690,goal,-32.293,-236.028,-29.986
115.725,goal,-32.254,-236.115,-29.986
115.757,goal,-32.214,-236.202,-29.986
115.791,goal,-32.175,-236.289,-29.986
115.825,goal,-32.135,-236.376,-29.986
115.857,goal,-32.096,-236.462,-29.987
115.891,goal,-32.046,-236.571,-29.987
115.926,goal,-32.007,-236.658,-29.987
115.960,goal,-31.967,-236.745,-29.987
116.000,goal,-31.928,-236.832,-29.987
116.045,goal,-31.889,-236.919,-29.987
116.076,goal,-31.849,-237.006,-29.987
116.112,goal,-31.800,-237.114,-29.986
116.150,goal,-31.760,-237.201,-29.986
116.184,goal,-31.720,-237.288,-29.986
116.217,goal,-31.680,-237.374,-29.985
116.252,goal,-31.640,-237.461,-29.985
116.289,goal,-31.599,-237.547,-29.985
116.328,goal,-31.548,-237.655,-29.984
116.374,goal,-31.507,-237.742,-29.984
116.406,goal,-31.466,-237.828,-29.984
116.447,goal,-31.425,-237.914,-29.984
116.485,goal,-31.384,-238.001,-29.983
116.541,waypoint_3 back,-31.343,-238.087,-29.983
116.591,waypoint_3 back,-31.291,-238.195,-29.983
116.626,waypoint_3 back,-31.249,-238.281,-29.986
116.661,waypoint_3 back,-31.208,-238.367,-29.993
116.697,waypoint_3 back,-31.166,-238.452,-30.004
116.730,waypoint_3 back,-31.125,-238.535,-30.019
116.770,waypoint_3 back,-31.086,-238.615,-30.038
116.805,waypoint_3 back,-31.038,-238.710,-30.064
116.846,waypoint_3 back,-31.002,-238.781,-30.085
116.881,waypoint_3 back,-30.968,-238.847,-30.106
116.916,waypoint_3 back,-30.937,-238.908,-30.124
116.962,waypoint_3 back,-30.909,-238.963,-30.140
116.998,waypoint_3 back,-30.883,-239.013,-30.154
117.035,waypoint_3 back,-30.855,-239.067,-30.167
117.071,waypoint_3 back,-30.836,-239.103,-30.174
117.141,waypoint_3 back,-30.820,-239.132,-30.179
117.214,waypoint_3 back,-30.808,-239.155,-30.181
117.246,waypoint_3 back,-30.799,-239.171,-30.181
117.310,waypoint_3 back,-30.793,-239.181,-30.178
117.396,waypoint_3 back,-30.791,-239.184,-30.173
117.474,waypoint_3 back,-30.793,-239.180,-30.167
117.563,waypoint_3 back,-30.798,-239.169,-30.160
117.636,waypoint_3 back,-30.806,-239.152,-30.151
117.747,waypoint_3 back,-30.817,-239.129,-30.142
117.867,waypoint_3 back,-30.831,-239.100,-30.131
117.975,waypoint_3 back,-30.853,-239.057,-30.118
118.052,waypoint_3 back,-30.873,-239.016,-30.107
118.089,waypoint_3 back,-30.896,-238.970,-30.096
118.123,waypoint_3 back,-30.921,-238.920,-30.085
118.161,waypoint_3 back,-30.948,-238.865,-30.074
118.200,waypoint_3 back,-30.976,-238.806,-30.064
118.253,waypoint_3 back,-31.015,-238.728,-30.051
118.286,waypoint_3 back,-31.047,-238.661,-30.042
118.321,waypoint_3 back,-31.080,-238.592,-30.033
118.355,waypoint_3 back,-31.115,-238.520,-30.025
118.387,waypoint_3 back,-31.151,-238.445,-30.018
118.421,waypoint_3 back,-31.188,-238.368,-30.011
118.455,waypoint_3 back,-31.235,-238.270,-30.003
118.491,waypoint_3 back,-31.274,-238.190,-29.998
118.533,waypoint_3 back,-31.313,-238.109,-29.993
118.586,waypoint_3 back,-31.353,-238.026,-29.989
118.620,waypoint_3 back,-31.393,-237.943,-29.986
118.658,waypoint_3 back,-31.434,-237.859,-29.983
118.714,waypoint_3 back,-31.485,-237.753,-29.980
118.758,waypoint_3 back,-31.526,-237.667,-29.978
118.801,waypoint_3 back,-31.568,-237.582,-29.977
118.836,waypoint_3 back,-31.609,-237.496,-29.976
118.878,waypoint_3 back,-31.650,-237.410,-29.975
118.916,waypoint_3 back,-31.692,-237.324,-29.975
118.952,waypoint_3 back,-31.744,-237.217,-29.975
118.984,waypoint_3 back,-31.785,-237.132,-29.975
119.033,waypoint_3 back,-31.827,-237.046,-29.975
119.067,waypoint_3 back,-31.868,-236.960,-29.975
119.119,waypoint_3 back,-31.910,-236.875,-29.975
119.159,waypoint_3 back,-31.951,-236.790,-29.975
119.199,waypoint_3 back,-32.003,-236.685,-29.976
119.251,waypoint_3 back,-32.044,-236.601,-29.977
119.290,waypoint_3 back,-32.085,-236.517,-29.977
119.330,waypoint_3 back,-32.127,-236.433,-29.978
119.365,waypoint_3 back,-32.168,-236.350,-29.979
119.445,waypoint_3 back,-32.210,-236.267,-29.980
119.511,waypoint_3 back,-32.261,-236.164,-29.981
119.565,waypoint_3 back,-32.303,-236.081,-29.982
119.635,waypoint_3 back,-32.344,-235.999,-29.982
119.717,waypoint_3 back,-32.386,-235.918,-29.983
119.806,waypoint_3 back,-32.428,-235.836,-29.984
119.865,waypoint_3 back,-32.469,-235.755,-29.984
119.915,waypoint_3 back,-32.522,-235.653,-29.985
119.958,waypoint_3 back,-32.564,-235.571,-29.985
120.006,waypoint_3 back,-32.606,-235.490,-29.985
120.046,waypoint_3 back,-32.648,-235.409,-29.986
120.113,waypoint_3 back,-32.690,-235.328,-29.986
120.186,waypoint_3 back,-32.732,-235.246,-29.986
120.224,waypoint_3 back,-32.785,-235.145,-29.987
120.264,waypoint_3 back,-32.827,-235.064,-29.987
120.314,waypoint_3 back,-32.869,-234.983,-29.987
120.374,waypoint_3 back,-32.911,-234.902,-29.987
120.414,waypoint_3 back,-32.953,-234.821,-29.988
120.459,waypoint_3 back,-32.995,-234.739,-29.988
120.516,waypoint_3 back,-33.047,-234.638,-29.989
120.577,waypoint_3 back,-33.089,-234.557,-29.989
120.632,waypoint_3 back,-33.131,-234.475,-29.989
120.692,waypoint_3 back,-33.173,-234.394,-29.990
120.742,waypoint_3 back,-33.215,-234.312,-29.990
120.786,waypoint_3 back,-33.257,-234.231,-29.991
120.827,waypoint_3 back,-33.309,-234.129,-29.991
120.875,waypoint_3 back,-33.351,-234.047,-29.992
120.913,waypoint_3 back,-33.393,-233.966,-29.992
120.950,waypoint_3 back,-33.436,-233.884,-29.992
121.000,waypoint_3 back,-33.478,-233.802,-29.992
121.060,waypoint_3 back,-33.520,-233.720,-29.993
121.115,waypoint_3 back,-33.573,-233.617,-29.993
121.154,waypoint_3 back,-33.616,-233.535,-29.993
121.199,waypoint_3 back,-33.658,-233.452,-29.993
121.236,waypoint_3 back,-33.701,-233.370,-29.993
121.272,waypoint_3 back,-33.743,-233.287,-29.993
121.308,waypoint_3 back,-33.786,-233.204,-29.993
121.341,waypoint_3 back,-33.839,-233.100,-29.993
121.374,waypoint_3 back,-33.882,-233.017,-29.993
121.416,waypoint_3 back,-33.925,-232.934,-29.993
121.453,waypoint_3 back,-33.968,-232.850,-29.992
121.485,waypoint_3 back,-34.010,-232.767,-29.992
121.521,waypoint_3 back,-34.053,-232.683,-29.992
121.556,waypoint_3 back,-34.106,-232.578,-29.992
121.590,waypoint_3 back,-34.149,-232.494,-29.992
121.626,waypoint_3 back,-34.191,-232.410,-29.991
121.662,waypoint_3 back,-34.234,-232.326,-29.991
121.694,waypoint_3 back,-34.277,-232.242,-29.991
121.728,waypoint_3 back,-34.320,-232.157,-29.991
121.762,waypoint_3 back,-34.373,-232.051,-29.991
121.794,waypoint_3 back,-34.416,-231.967,-29.991
121.828,waypoint_3 back,-34.460,-231.882,-29.991
121.862,waypoint_3 back,-34.503,-231.797,-29.990
121.894,waypoint_3 back,-34.547,-231.712,-29.990
121.928,waypoint_3 back,-34.590,-231.627,-29.990
121.962,waypoint_3 back,-34.645,-231.521,-29.990
121.994,waypoint_3 back,-34.689,-231.436,-29.990
122.028,waypoint_3 back,-34.734,-231.350,-29.989
122.062,waypoint_3 back,-34.778,-231.265,-29.989
122.096,waypoint_3 back,-34.822,-231.179,-29.989
122.130,waypoint_3 back,-34.866,-231.094,-29.989
122.164,waypoint_3 back,-34.922,-230.987,-29.989
122.196,waypoint_3 back,-34.966,-230.901,-29.989
122.232,waypoint_3 back,-35.011,-230.815,-29.989
122.266,waypoint_3 back,-35.055,-230.729,-29.989
122.298,waypoint_3 back,-35.100,-230.643,-29.989
122.332,waypoint_3 back,-35.145,-230.557,-29.989
122.366,waypoint_3 back,-35.201,-230.449,-29.989
122.398,waypoint_3 back,-35.246,-230.362,-29.989
122.432,waypoint_3 back,-35.291,-230.276,-29.989
122.466,waypoint_3 back,-35.336,-230.189,-29.989
122.498,waypoint_3 back,-35.381,-230.102,-29.989
122.532,waypoint_3 back,-35.426,-230.015,-29.989
122.566,waypoint_3 back,-35.482,-229.906,-29.989
122.598,waypoint_3 back,-35.527,-229.819,-29.990
122.632,waypoint_3 back,-35.571,-229.731,-29.990
122.666,waypoint_3 back,-35.616,-229.643,-29.990
122.698,waypoint_3 back,-35.661,-229.556,-29.991
122.732,waypoint_3 back,-35.706,-229.468,-29.991
122.766,waypoint_3 back,-35.762,-229.358,-29.991
122.798,waypoint_3 back,-35.807,-229.269,-29.992
122.832,waypoint_3 back,-35.852,-229.181,-29.992
122.866,waypoint_3 back,-35.897,-229.092,-29.992
122.898,waypoint_3 back,-35.942,-229.004,-29.992
122.932,waypoint_3 back,-35.988,-228.915,-29.992
122.966,waypoint_3 back,-36.044,-228.804,-29.992
122.998,waypoint_3 back,-36.090,-228.715,-29.991
123.032,waypoint_3 back,-36.136,-228.626,-29.991
123.066,waypoint_3 back,-36.181,-228.537,-29.991
123.099,waypoint_3 back,-36.227,-228.447,-29.991
123.133,waypoint_3 back,-36.272,-228.358,-29.991
123.167,waypoint_3 back,-36.329,-228.246,-29.990
123.199,waypoint_3 back,-36.375,-228.156,-29.990
123.233,waypoint_3 back,-36.420,-228.066,-29.990
123.269,waypoint_3 back,-36.465,-227.976,-29.990
123.300,waypoint_3 back,-36.511,-227.886,-29.990
123.334,waypoint_3 back,-36.556,-227.796,-29.989
123.372,waypoint_3 back,-36.612,-227.683,-29.989
123.405,waypoint_3 back,-36.657,-227.593,-29.989
123.440,waypoint_3 back,-36.702,-227.503,-29.989
123.476,waypoint_3 back,-36.747,-227.413,-29.989
123.512,waypoint_3 back,-36.792,-227.323,-29.989
123.550,waypoint_3 back,-36.837,-227.233,-29.989
123.585,waypoint_3 back,-36.892,-227.121,-29.989
123.618,waypoint_3 back,-36.937,-227.031,-29.990
123.652,waypoint_3 back,-36.981,-226.941,-29.990
123.686,waypoint_3 back,-37.026,-226.851,-29.990
123.718,waypoint_3 back,-37.070,-226.760,-29.991
123.752,waypoint_3 back,-37.115,-226.670,-29.991
123.786,waypoint_3 back,-37.170,-226.557,-29.992
123.818,waypoint_3 back,-37.215,-226.467,-29.992
123.852,waypoint_3 back,-37.259,-226.376,-29.993
123.886,waypoint_3 back,-37.303,-226.286,-29.993
123.918,waypoint_3 back,-37.348,-226.195,-29.994
123.952,waypoint_3 back,-37.392,-226.105,-29.994
123.986,waypoint_3 back,-37.448,-225.991,-29.995
124.018,waypoint_3 back,-37.492,-225.901,-29.995
124.052,waypoint_3 back,-37.537,-225.810,-29.996
124.086,waypoint_3 back,-37.581,-225.720,-29.996
124.118,waypoint_3 back,-37.626,-225.629,-29.996
124.152,waypoint_3 back,-37.670,-225.539,-29.997
124.186,waypoint_3 back,-37.726,-225.426,-29.997
124.218,waypoint_3 back,-37.770,-225.336,-29.998
124.252,waypoint_3 back,-37.814,-225.245,-29.998
124.286,waypoint_3 back,-37.859,-225.155,-29.998
124.318,waypoint_3 back,-37.903,-225.065,-29.999
124.352,waypoint_3 back,-37.947,-224.974,-29.999
124.386,waypoint_3 back,-38.003,-224.861,-29.999
124.418,waypoint_3 back,-38.048,-224.771,-30.000
124.452,waypoint_3 back,-38.092,-224.681,-30.000
124.486,waypoint_3 back,-38.137,-224.591,-30.000
124.518,waypoint_3 back,-38.181,-224.500,-30.001
124.552,waypoint_3 back,-38.226,-224.410,-30.002
124.586,waypoint_3 back,-38.282,-224.297,-30.003
124.618,waypoint_3 back,-38.327,-224.206,-30.003
124.653,waypoint_3 back,-38.372,-224.116,-30.004
124.690,waypoint_3 back,-38.417,-224.025,-30.005
124.721,waypoint_3 back,-38.462,-223.935,-30.005
124.755,waypoint_3 back,-38.508,-223.844,-30.006
124.790,waypoint_3 back,-38.565,-223.731,-30.007
124.823,waypoint_3 back,-38.611,-223.641,-30.008
124.859,waypoint_3 back,-38.657,-223.551,-30.008
124.893,waypoint_3 back,-38.703,-223.461,-30.009
124.925,waypoint_3 back,-38.749,-223.371,-30.010
124.958,waypoint_3 back,-38.796,-223.281,-30.010
124.992,waypoint_3 back,-38.854,-223.169,-30.011
125.025,waypoint_3 back,-38.900,-223.079,-30.012
125.059,waypoint_3 back,-38.946,-222.989,-30.012
125.094,waypoint_3 back,-38.993,-222.899,-30.013
125.125,waypoint_3 back,-39.039,-222.809,-30.013
125.159,waypoint_3 back,-39.086,-222.719,-30.014
125.193,waypoint_3 back,-39.144,-222.607,-30.014
125.225,waypoint_3 back,-39.190,-222.517,-30.014
125.259,waypoint_3 back,-39.237,-222.427,-30.014
125.293,waypoint_3 back,-39.283,-222.337,-30.015
125.326,waypoint_3 back,-39.329,-222.248,-30.015
125.359,waypoint_3 back,-39.375,-222.158,-30.014
125.393,waypoint_3 back,-39.433,-222.046,-30.014
125.426,waypoint_3 back,-39.479,-221.956,-30.014
125.459,waypoint_3 back,-39.524,-221.867,-30.014
125.493,waypoint_3 back,-39.570,-221.777,-30.013
125.525,waypoint_3 back,-39.616,-221.688,-30.013
125.559,waypoint_3 back,-39.662,-221.599,-30.012
125.593,waypoint_3 back,-39.719,-221.487,-30.012
125.625,waypoint_3 back,-39.764,-221.398,-30.011
125.659,waypoint_3 back,-39.810,-221.309,-30.011
125.694,waypoint_3 back,-39.856,-221.220,-30.010
125.726,waypoint_3 back,-39.901,-221.131,-30.010
125.759,waypoint_3 back,-39.947,-221.042,-30.010
125.793,waypoint_3 back,-40.004,-220.931,-30.010
125.825,waypoint_3 back,-40.049,-220.843,-30.010
125.859,waypoint_3 back,-40.095,-220.754,-30.009
125.893,waypoint_3 back,-40.141,-220.665,-30.009
125.926,waypoint_3 back,-40.187,-220.577,-30.009
125.959,waypoint_3 back,-40.233,-220.488,-30.009
125.993,waypoint_3 back,-40.290,-220.378,-30.008
126.025,waypoint_3 back,-40.336,-220.289,-30.008
126.059,waypoint_3 back,-40.382,-220.201,-30.008
126.094,waypoint_3 back,-40.428,-220.113,-30.008
126.126,waypoint_3 back,-40.474,-220.025,-30.007
126.161,waypoint_3 back,-40.520,-219.936,-30.007
126.204,waypoint_3 back,-40.578,-219.826,-30.007
126.237,waypoint_3 back,-40.624,-219.738,-30.007
126.269,waypoint_3 back,-40.670,-219.650,-30.007
126.303,waypoint_3 back,-40.716,-219.562,-30.007
126.337,waypoint_3 back,-40.762,-219.474,-30.007
126.369,waypoint_3 back,-40.808,-219.386,-30.007
126.403,waypoint_3 back,-40.865,-219.275,-30.007
126.437,waypoint_3 back,-40.911,-219.187,-30.006
126.469,waypoint_3 back,-40.957,-219.098,-30.006
126.504,waypoint_3 back,-41.003,-219.010,-30.006
126.539,waypoint_3 back,-41.049,-218.921,-30.006
126.572,waypoint_3 back,-41.095,-218.832,-30.006
126.606,waypoint_3 back,-41.152,-218.721,-30.005
126.642,waypoint_3 back,-41.198,-218.632,-30.005
126.674,waypoint_3 back,-41.244,-218.543,-30.005
126.708,waypoint_3 back,-41.289,-218.454,-30.005
126.747,waypoint_3 back,-41.335,-218.365,-30.004
126.781,waypoint_3 back,-41.380,-218.276,-30.004
126.818,waypoint_3 back,-41.437,-218.165,-30.004
126.853,waypoint_3 back,-41.482,-218.075,-30.004
126.885,waypoint_3 back,-41.528,-217.986,-30.003
126.921,waypoint_3 back,-41.573,-217.897,-30.003
126.956,waypoint_3 back,-41.618,-217.808,-30.003
126.988,waypoint_3 back,-41.663,-217.719,-30.002
127.022,waypoint_3 back,-41.719,-217.607,-30.002
127.056,waypoint_3 back,-41.765,-217.518,-30.002
127.089,waypoint_3 back,-41.810,-217.429,-30.002
127.126,waypoint_3 back,-41.855,-217.340,-30.001
127.160,waypoint_3 back,-41.900,-217.251,-30.001
127.194,waypoint_3 back,-41.945,-217.162,-30.001
127.228,waypoint_3 back,-42.001,-217.051,-30.001
127.262,waypoint_3 back,-42.046,-216.962,-30.000
127.294,waypoint_3 back,-42.091,-216.873,-30.000
127.328,waypoint_3 back,-42.137,-216.784,-30.000
127.362,waypoint_3 back,-42.182,-216.695,-29.999
127.395,waypoint_3 back,-42.227,-216.606,-29.999
127.429,waypoint_3 back,-42.283,-216.495,-29.999
127.463,waypoint_3 back,-42.328,-216.407,-29.998
127.496,waypoint_3 back,-42.373,-216.318,-29.998
127.532,waypoint_3 back,-42.419,-216.230,-29.998
127.574,waypoint_3 back,-42.464,-216.141,-29.998
127.606,waypoint_3 back,-42.509,-216.053,-29.998
127.641,waypoint_3 back,-42.565,-215.943,-29.998
127.679,waypoint_3 back,-42.611,-215.855,-29.998
127.719,waypoint_3 back,-42.656,-215.767,-29.998
127.755,waypoint_3 back,-42.701,-215.679,-29.998
127.789,waypoint_3 back,-42.746,-215.591,-29.998
127.821,waypoint_3 back,-42.792,-215.503,-29.999
127.855,waypoint_3 back,-42.848,-215.393,-29.999
127.889,waypoint_3 back,-42.893,-215.305,-29.999
127.921,waypoint_3 back,-42.938,-215.218,-30.000
127.955,waypoint_3 back,-42.983,-215.130,-30.000
127.989,waypoint_3 back,-43.029,-215.043,-30.000
128.021,waypoint_3 back,-43.074,-214.956,-30.000
128.059,waypoint_3 back,-43.130,-214.847,-30.000
128.093,waypoint_3 back,-43.175,-214.760,-30.001
128.125,waypoint_3 back,-43.220,-214.673,-30.001
128.162,waypoint_3 back,-43.265,-214.586,-30.001
128.198,waypoint_3 back,-43.310,-214.499,-30.001
128.232,waypoint_3 back,-43.354,-214.412,-30.002
128.266,waypoint_3 back,-43.411,-214.304,-30.002
128.300,waypoint_3 back,-43.455,-214.217,-30.002
128.335,waypoint_3 back,-43.500,-214.129,-30.002
128.370,waypoint_3 back,-43.545,-214.042,-30.002
128.406,waypoint_3 back,-43.589,-213.955,-30.003
128.443,waypoint_3 back,-43.634,-213.868,-30.003
128.481,waypoint_3 back,-43.689,-213.759,-30.003
128.528,waypoint_3 back,-43.734,-213.672,-30.003
128.562,waypoint_3 back,-43.778,-213.585,-30.004
128.596,waypoint_3 back,-43.823,-213.498,-30.004
128.631,waypoint_3 back,-43.867,-213.412,-30.004
128.663,waypoint_3 back,-43.911,-213.325,-30.004
128.697,waypoint_3 back,-43.967,-213.216,-30.005
128.731,waypoint_3 back,-44.011,-213.130,-30.005
128.764,waypoint_3 back,-44.055,-213.043,-30.006
128.798,waypoint_3 back,-44.100,-212.957,-30.006
128.832,waypoint_3 back,-44.144,-212.870,-30.006
128.887,waypoint_3 back,-44.188,-212.783,-30.007
128.951,waypoint_3 back,-44.243,-212.675,-30.007
128.987,waypoint_3 back,-44.287,-212.589,-30.008
129.023,waypoint_3 back,-44.331,-212.502,-30.008
129.061,waypoint_3 back,-44.375,-212.416,-30.008
129.117,waypoint_3 back,-44.419,-212.329,-30.009
129.162,waypoint_3 back,-44.463,-212.243,-30.009
129.201,waypoint_3 back,-44.518,-212.135,-30.010
129.248,waypoint_3 back,-44.563,-212.048,-30.010
129.285,waypoint_3 back,-44.607,-211.962,-30.011
129.334,waypoint_3 back,-44.651,-211.875,-30.011
129.369,waypoint_3 back,-44.695,-211.788,-30.011
129.403,waypoint_3 back,-44.739,-211.702,-30.011
129.438,waypoint_3 back,-44.795,-211.593,-30.011
129.471,waypoint_3 back,-44.838,-211.506,-30.011
129.505,waypoint_3 back,-44.882,-211.420,-30.011
129.540,waypoint_3 back,-44.926,-211.333,-30.010
129.574,waypoint_3 back,-44.970,-211.247,-30.010
129.613,waypoint_3 back,-45.014,-211.160,-30.009
129.652,waypoint_3 back,-45.068,-211.052,-30.008
129.684,waypoint_3 back,-45.112,-210.966,-30.008
129.718,waypoint_3 back,-45.156,-210.880,-30.007
129.755,waypoint_3 back,-45.200,-210.794,-30.006
129.788,waypoint_3 back,-45.245,-210.708,-30.005
129.827,waypoint_3 back,-45.289,-210.622,-30.005
129.863,waypoint_3 back,-45.345,-210.515,-30.004
129.896,waypoint_3 back,-45.389,-210.429,-30.003
129.931,waypoint_3 back,-45.434,-210.343,-30.002
129.967,waypoint_3 back,-45.479,-210.257,-30.001
130.001,waypoint_3 back,-45.524,-210.171,-30.000
130.035,waypoint_3 back,-45.569,-210.085,-30.000
130.069,waypoint_3 back,-45.625,-209.978,-29.999
130.120,waypoint_3 back,-45.670,-209.892,-29.998
130.174,waypoint_3 back,-45.715,-209.806,-29.998
130.210,waypoint_3 back,-45.760,-209.720,-29.998
130.244,waypoint_3 back,-45.805,-209.635,-29.997
130.285,waypoint_3 back,-45.850,-209.549,-29.997
130.320,waypoint_3 back,-45.906,-209.441,-29.997
130.353,waypoint_3 back,-45.951,-209.355,-29.997
130.391,waypoint_3 back,-45.997,-209.269,-29.997
130.425,waypoint_3 back,-46.042,-209.183,-29.997
130.458,waypoint_3 back,-46.087,-209.097,-29.997
130.496,waypoint_3 back,-46.132,-209.010,-29.998
130.537,waypoint_3 back,-46.188,-208.902,-29.998
130.573,waypoint_3 back,-46.233,-208.816,-29.998
130.608,waypoint_3 back,-46.278,-208.729,-29.998
130.644,waypoint_3 back,-46.323,-208.643,-29.998
130.695,waypoint_3 back,-46.368,-208.556,-29.999
130.745,waypoint_3 back,-46.412,-208.469,-29.999
130.779,waypoint_3 back,-46.468,-208.361,-29.999
130.811,waypoint_3 back,-46.513,-208.274,-29.999
130.846,waypoint_3 back,-46.558,-208.188,-30.000
130.880,waypoint_3 back,-46.602,-208.101,-30.000
130.912,waypoint_3 back,-46.647,-208.014,-30.001
130.946,waypoint_3 back,-46.692,-207.928,-30.001
130.980,waypoint_3 back,-46.747,-207.819,-30.001
131.012,waypoint_3 back,-46.792,-207.733,-30.002
131.047,waypoint_3 back,-46.837,-207.646,-30.002
131.080,waypoint_3 back,-46.881,-207.559,-30.002
131.112,waypoint_3 back,-46.926,-207.472,-30.003
131.147,waypoint_3 back,-46.970,-207.385,-30.003
131.182,waypoint_3 back,-47.026,-207.277,-30.003
131.214,waypoint_3 back,-47.071,-207.190,-30.003
131.248,waypoint_3 back,-47.115,-207.104,-30.003
131.281,waypoint_3 back,-47.160,-207.017,-30.004
131.315,waypoint_3 back,-47.205,-206.930,-30.004
131.349,waypoint_3 back,-47.249,-206.843,-30.004
131.383,waypoint_3 back,-47.305,-206.734,-30.004
131.415,waypoint_3 back,-47.349,-206.647,-30.004
131.449,waypoint_3 back,-47.393,-206.560,-30.004
131.483,waypoint_3 back,-47.437,-206.473,-30.004
131.515,waypoint_3 back,-47.481,-206.386,-30.004
131.549,waypoint_3 back,-47.525,-206.299,-30.004
131.583,waypoint_3 back,-47.581,-206.190,-30.004
131.615,waypoint_3 back,-47.625,-206.103,-30.004
131.649,waypoint_3 back,-47.669,-206.016,-30.004
131.683,waypoint_3 back,-47.713,-205.929,-30.004
131.715,waypoint_3 back,-47.757,-205.842,-30.004
131.749,waypoint_3 back,-47.801,-205.755,-30.004
131.783,waypoint_3 back,-47.856,-205.646,-30.005
131.815,waypoint_3 back,-47.900,-205.559,-30.005
131.849,waypoint_3 back,-47.944,-205.471,-30.005
131.883,waypoint_3 back,-47.988,-205.384,-30.005
131.915,waypoint_3 back,-48.032,-205.297,-30.005
131.949,waypoint_3 back,-48.076,-205.210,-30.006
131.983,waypoint_3 back,-48.131,-205.101,-30.006
132.015,waypoint_3 back,-48.175,-205.014,-30.006
132.049,waypoint_3 back,-48.219,-204.927,-30.007
132.083,waypoint_3 back,-48.263,-204.840,-30.007
132.115,waypoint_3 back,-48.308,-204.753,-30.008
132.149,waypoint_3 back,-48.352,-204.665,-30.008
132.183,waypoint_3 back,-48.407,-204.557,-30.009
132.215,waypoint_3 back,-48.452,-204.470,-30.009
132.249,waypoint_3 back,-48.496,-204.383,-30.010
132.283,waypoint_3 back,-48.541,-204.296,-30.010
132.315,waypoint_3 back,-48.585,-204.209,-30.010
132.349,waypoint_3 back,-48.630,-204.122,-30.010
132.383,waypoint_3 back,-48.686,-204.013,-30.011
132.415,waypoint_3 back,-48.731,-203.926,-30.011
132.449,waypoint_3 back,-48.776,-203.839,-30.011
132.483,waypoint_3 back,-48.821,-203.752,-30.011
132.515,waypoint_3 back,-48.866,-203.665,-30.011
132.549,waypoint_3 back,-48.911,-203.579,-30.010
132.583,waypoint_3 back,-48.968,-203.470,-30.010
132.615,waypoint_3 back,-49.013,-203.383,-30.010
132.649,waypoint_3 back,-49.058,-203.297,-30.009
132.683,waypoint_3 back,-49.104,-203.210,-30.009
132.715,waypoint_3 back,-49.149,-203.123,-30.009
132.749,waypoint_3 back,-49.194,-203.037,-30.008
132.783,waypoint_3 back,-49.250,-202.929,-30.008
132.815,waypoint_3 back,-49.295,-202.842,-30.008
132.849,waypoint_3 back,-49.339,-202.756,-30.008
132.883,waypoint_3 back,-49.384,-202.669,-30.008
132.915,waypoint_3 back,-49.428,-202.582,-30.007
132.950,waypoint_3 back,-49.473,-202.496,-30.007
132.984,waypoint_3 back,-49.528,-202.388,-30.007
133.016,waypoint_3 back,-49.571,-202.302,-30.006
133.050,waypoint_3 back,-49.615,-202.215,-30.006
133.084,waypoint_3 back,-49.659,-202.129,-30.005
133.116,waypoint_3 back,-49.702,-202.043,-30.005
133.150,waypoint_3 back,-49.745,-201.957,-30.005
133.184,waypoint_3 back,-49.799,-201.850,-30.005
133.216,waypoint_3 back,-49.843,-201.764,-30.004
133.250,waypoint_3 back,-49.886,-201.678,-30.004
133.284,waypoint_3 back,-49.929,-201.593,-30.004
133.316,waypoint_3 back,-49.972,-201.507,-30.004
133.350,waypoint_3 back,-50.016,-201.421,-30.004
133.384,waypoint_3 back,-50.070,-201.314,-30.005
133.416,waypoint_3 back,-50.113,-201.228,-30.004
133.450,waypoint_3 back,-50.156,-201.142,-30.004
133.484,waypoint_3 back,-50.200,-201.056,-30.004
133.516,waypoint_3 back,-50.243,-200.970,-30.004
133.550,waypoint_3 back,-50.287,-200.884,-30.004
133.584,waypoint_3 back,-50.341,-200.776,-30.003
133.616,waypoint_3 back,-50.384,-200.690,-30.003
133.650,waypoint_3 back,-50.427,-200.604,-30.002
133.684,waypoint_3 back,-50.470,-200.517,-30.001
133.716,waypoint_3 back,-50.513,-200.431,-30.001
133.750,waypoint_3 back,-50.556,-200.345,-30.000
133.784,waypoint_3 back,-50.610,-200.237,-29.999
133.816,waypoint_3 back,-50.653,-200.151,-29.999
133.850,waypoint_3 back,-50.696,-200.065,-29.998
133.884,waypoint_3 back,-50.739,-199.979,-29.997
133.916,waypoint_3 back,-50.782,-199.893,-29.997
133.950,waypoint_3 back,-50.825,-199.806,-29.996
133.984,waypoint_3 back,-50.879,-199.699,-29.996
134.016,waypoint_3 back,-50.922,-199.613,-29.995
134.050,waypoint_3 back,-50.966,-199.527,-29.995
134.084,waypoint_3 back,-51.010,-199.441,-29.995
134.116,waypoint_3 back,-51.053,-199.355,-29.995
134.150,waypoint_3 back,-51.097,-199.269,-29.995
134.184,waypoint_3 back,-51.152,-199.161,-29.995
134.216,waypoint_3 back,-51.196,-199.075,-29.995
134.250,waypoint_3 back,-51.240,-198.989,-29.995
134.284,waypoint_3 back,-51.284,-198.904,-29.995
134.316,waypoint_3 back,-51.328,-198.818,-29.996
134.351,waypoint_3 back,-51.373,-198.732,-29.996
134.385,waypoint_3 back,-51.428,-198.626,-29.997
134.417,waypoint_3 back,-51.473,-198.540,-29.997
134.451,waypoint_3 back,-51.518,-198.454,-29.998
134.485,waypoint_3 back,-51.563,-198.369,-29.998
134.517,waypoint_3 back,-51.608,-198.283,-29.999
134.551,waypoint_3 back,-51.653,-198.198,-30.000
134.585,waypoint_3 back,-51.710,-198.091,-30.001
134.617,waypoint_3 back,-51.755,-198.005,-30.001
134.651,waypoint_3 back,-51.800,-197.919,-30.002
134.685,waypoint_3 back,-51.845,-197.834,-30.002
134.717,waypoint_3 back,-51.890,-197.748,-30.003
134.751,waypoint_3 back,-51.935,-197.662,-30.003
134.785,waypoint_3 back,-51.992,-197.554,-30.004
134.817,waypoint_3 back,-52.037,-197.468,-30.004
134.851,waypoint_3 back,-52.082,-197.382,-30.004
134.885,waypoint_3 back,-52.126,-197.296,-30.005
134.917,waypoint_3 back,-52.171,-197.210,-30.005
134.951,waypoint_3 back,-52.216,-197.124,-30.005
134.985,waypoint_3 back,-52.271,-197.017,-30.006
135.017,waypoint_3 back,-52.316,-196.931,-30.006
135.051,waypoint_3 back,-52.360,-196.845,-30.006
135.085,waypoint_3 back,-52.404,-196.759,-30.007
135.117,waypoint_3 back,-52.448,-196.673,-30.007
135.151,waypoint_3 back,-52.491,-196.588,-30.008
135.185,waypoint_3 back,-52.546,-196.480,-30.009
135.217,waypoint_3 back,-52.589,-196.395,-30.009
135.251,waypoint_3 back,-52.633,-196.309,-30.010
135.285,waypoint_3 back,-52.676,-196.223,-30.010
135.317,waypoint_3 back,-52.719,-196.138,-30.011
135.351,waypoint_3 back,-52.762,-196.053,-30.011
135.385,waypoint_3 back,-52.816,-195.946,-30.012
135.417,waypoint_3 back,-52.859,-195.861,-30.012
135.453,waypoint_3 back,-52.902,-195.776,-30.012
135.489,waypoint_3 back,-52.945,-195.691,-30.013
135.520,waypoint_3 back,-52.987,-195.606,-30.013
135.555,waypoint_3 back,-53.031,-195.522,-30.013
135.589,waypoint_3 back,-53.084,-195.416,-30.014
135.621,waypoint_3 back,-53.127,-195.331,-30.014
135.657,waypoint_3 back,-53.171,-195.246,-30.014
135.691,waypoint_3 back,-53.214,-195.161,-30.014
135.723,waypoint_3 back,-53.257,-195.076,-30.014
135.757,waypoint_3 back,-53.300,-194.991,-30.014
135.791,waypoint_3 back,-53.354,-194.885,-30.015
135.823,waypoint_3 back,-53.397,-194.800,-30.015
135.857,waypoint_3 back,-53.441,-194.715,-30.015
135.891,waypoint_3 back,-53.484,-194.630,-30.014
135.923,waypoint_3 back,-53.527,-194.544,-30.014
135.957,waypoint_3 back,-53.571,-194.459,-30.014
135.991,waypoint_3 back,-53.625,-194.353,-30.014
136.025,waypoint_3 back,-53.669,-194.267,-30.013
136.059,waypoint_3 back,-53.712,-194.182,-30.013
136.093,waypoint_3 back,-53.755,-194.097,-30.012
136.125,waypoint_3 back,-53.799,-194.012,-30.012
136.159,waypoint_3 back,-53.842,-193.926,-30.012
136.193,waypoint_3 back,-53.897,-193.820,-30.011
136.225,waypoint_3 back,-53.940,-193.735,-30.011
136.259,waypoint_3 back,-53.984,-193.650,-30.010
136.293,waypoint_3 back,-54.028,-193.564,-30.010
136.325,waypoint_3 back,-54.071,-193.479,-30.010
136.359,waypoint_3 back,-54.115,-193.393,-30.009
136.393,waypoint_3 back,-54.170,-193.286,-30.009
136.425,waypoint_3 back,-54.213,-193.201,-30.009
136.459,waypoint_3 back,-54.257,-193.115,-30.009
136.493,waypoint_3 back,-54.301,-193.030,-30.008
136.525,waypoint_3 back,-54.344,-192.944,-30.008
136.559,waypoint_3 back,-54.388,-192.859,-30.008
136.593,waypoint_3 back,-54.443,-192.752,-30.008
136.625,waypoint_3 back,-54.487,-192.666,-30.007
136.659,waypoint_3 back,-54.530,-192.581,-30.007
136.693,waypoint_3 back,-54.574,-192.496,-30.006
136.727,waypoint_3 back,-54.618,-192.410,-30.006
136.761,waypoint_3 back,-54.662,-192.325,-30.006
136.795,waypoint_3 back,-54.716,-192.219,-30.005
136.827,waypoint_3 back,-54.760,-192.134,-30.004
136.861,waypoint_3 back,-54.804,-192.050,-30.004
136.896,waypoint_3 back,-54.848,-191.965,-30.003
136.928,waypoint_3 back,-54.892,-191.881,-30.003
136.962,waypoint_3 back,-54.936,-191.796,-30.002
136.997,waypoint_3 back,-54.991,-191.691,-30.002
137.029,waypoint_3 back,-55.035,-191.607,-30.002
137.064,waypoint_3 back,-55.079,-191.523,-30.001
137.099,waypoint_3 back,-55.123,-191.439,-30.001
137.130,waypoint_3 back,-55.166,-191.354,-30.001
137.164,waypoint_3 back,-55.210,-191.270,-30.001
137.199,waypoint_3 back,-55.265,-191.164,-30.001
137.230,waypoint_3 back,-55.309,-191.080,-30.000
137.265,waypoint_3 back,-55.353,-190.995,-30.000
137.299,waypoint_3 back,-55.397,-190.910,-30.000
137.330,waypoint_3 back,-55.442,-190.825,-30.000
137.364,waypoint_3 back,-55.486,-190.740,-30.000
137.399,waypoint_3 back,-55.541,-190.633,-29.999
137.430,waypoint_3 back,-55.586,-190.548,-29.999
137.465,waypoint_3 back,-55.630,-190.463,-29.999
137.500,waypoint_3 back,-55.674,-190.378,-29.998
137.532,waypoint_3 back,-55.719,-190.292,-29.998
137.567,waypoint_3 back,-55.763,-190.207,-29.998
137.601,waypoint_3 back,-55.819,-190.100,-29.998
137.633,waypoint_3 back,-55.863,-190.015,-29.998
137.667,waypoint_3 back,-55.908,-189.929,-29.998
137.701,waypoint_3 back,-55.952,-189.844,-29.998
137.745,waypoint_3 back,-55.996,-189.759,-29.998
137.790,waypoint_3 back,-56.041,-189.673,-29.998
137.824,waypoint_3 back,-56.096,-189.566,-29.998
137.856,waypoint_3 back,-56.140,-189.481,-29.998
137.890,waypoint_3 back,-56.185,-189.396,-29.998
137.924,waypoint_3 back,-56.229,-189.311,-29.997
137.956,waypoint_3 back,-56.273,-189.225,-29.997
137.990,waypoint_3 back,-56.317,-189.140,-29.997
138.024,waypoint_2 back,-56.373,-189.033,-29.997
138.056,waypoint_2 back,-56.417,-188.948,-29.998
138.090,waypoint_2 back,-56.461,-188.863,-30.002
138.124,waypoint_2 back,-56.505,-188.779,-30.009
138.157,waypoint_2 back,-56.547,-188.694,-30.018
138.191,waypoint_2 back,-56.588,-188.610,-30.029
138.225,waypoint_2 back,-56.637,-188.506,-30.044
138.257,waypoint_2 back,-56.672,-188.424,-30.056
138.291,waypoint_2 back,-56.704,-188.342,-30.068
138.325,waypoint_2 back,-56.732,-188.262,-30.078
138.357,waypoint_2 back,-56.756,-188.182,-30.086
138.391,waypoint_2 back,-56.774,-188.104,-30.094
138.425,waypoint_2 back,-56.791,-188.007,-30.100
138.457,waypoint_2 back,-56.798,-187.931,-30.103
138.491,waypoint_2 back,-56.800,-187.857,-30.105
138.525,waypoint_2 back,-56.798,-187.783,-30.105
138.557,waypoint_2 back,-56.790,-187.710,-30.104
138.591,waypoint_2 back,-56.776,-187.638,-30.102
138.623,waypoint_2 back,-56.758,-187.568,-30.098
138.658,waypoint_2 back,-56.729,-187.481,-30.093
138.692,waypoint_2 back,-56.700,-187.413,-30.088
138.724,waypoint_2 back,-56.666,-187.345,-30.082
138.758,waypoint_2 back,-56.628,-187.279,-30.076
138.792,waypoint_2 back,-56.587,-187.214,-30.070
138.824,waypoint_2 back,-56.542,-187.149,-30.064
138.860,waypoint_2 back,-56.481,-187.070,-30.056
138.894,waypoint_2 back,-56.428,-187.007,-30.050
138.926,waypoint_2 back,-56.373,-186.945,-30.044
138.960,waypoint_2 back,-56.315,-186.884,-30.039
138.994,waypoint_2 back,-56.256,-186.824,-30.034
139.027,waypoint_2 back,-56.194,-186.764,-30.029
139.061,waypoint_2 back,-56.114,-186.690,-30.023
139.095,waypoint_2 back,-56.048,-186.632,-30.019
139.127,waypoint_2 back,-55.982,-186.574,-30.015
139.162,waypoint_2 back,-55.914,-186.516,-30.011
139.196,waypoint_2 back,-55.845,-186.459,-30.008
139.228,waypoint_2 back,-55.776,-186.403,-30.005
139.262,waypoint_2 back,-55.688,-186.332,-30.002
139.296,waypoint_2 back,-55.617,-186.276,-29.999
139.328,waypoint_2 back,-55.545,-186.220,-29.997
139.362,waypoint_2 back,-55.473,-186.164,-29.996
139.396,waypoint_2 back,-55.401,-186.108,-29.994
139.428,waypoint_2 back,-55.329,-186.053,-29.993
139.462,waypoint_2 back,-55.239,-185.983,-29.992
139.496,waypoint_2 back,-55.167,-185.927,-29.991
139.528,waypoint_2 back,-55.095,-185.872,-29.990
139.562,waypoint_2 back,-55.023,-185.816,-29.990
139.596,waypoint_2 back,-54.951,-185.760,-29.989
139.628,waypoint_2 back,-54.879,-185.705,-29.989
139.662,waypoint_2 back,-54.789,-185.635,-29.989
139.696,waypoint_2 back,-54.717,-185.579,-29.989
139.728,waypoint_2 back,-54.646,-185.522,-29.989
139.762,waypoint_2 back,-54.574,-185.466,-29.989
139.796,waypoint_2 back,-54.503,-185.409,-29.990
139.828,waypoint_2 back,-54.431,-185.353,-29.990
139.862,waypoint_2 back,-54.342,-185.282,-29.990
139.896,waypoint_2 back,-54.270,-185.225,-29.991
139.928,waypoint_2 back,-54.199,-185.168,-29.991
139.962,waypoint_2 back,-54.128,-185.111,-29.991
139.996,waypoint_2 back,-54.057,-185.055,-29.991
140.028,waypoint_2 back,-53.986,-184.997,-29.992
140.062,waypoint_2 back,-53.897,-184.926,-29.992
140.096,waypoint_2 back,-53.826,-184.868,-29.993
140.128,waypoint_2 back,-53.755,-184.811,-29.993
140.162,waypoint_2 back,-53.683,-184.753,-29.993
140.196,waypoint_2 back,-53.612,-184.696,-29.994
140.228,waypoint_2 back,-53.540,-184.638,-29.994
140.262,waypoint_2 back,-53.451,-184.565,-29.995
140.296,waypoint_2 back,-53.379,-184.507,-29.995
140.328,waypoint_2 back,-53.308,-184.449,-29.996
140.362,waypoint_2 back,-53.236,-184.390,-29.996
140.396,waypoint_2 back,-53.164,-184.332,-29.997
140.429,waypoint_2 back,-53.091,-184.273,-29.997
140.463,waypoint_2 back,-53.001,-184.201,-29.997
140.497,waypoint_2 back,-52.929,-184.142,-29.998
140.529,waypoint_2 back,-52.856,-184.084,-29.998
140.563,waypoint_2 back,-52.783,-184.025,-29.998
140.597,waypoint_2 back,-52.711,-183.966,-29.999
140.629,waypoint_2 back,-52.637,-183.908,-29.999
140.663,waypoint_2 back,-52.546,-183.834,-29.999
140.698,waypoint_2 back,-52.473,-183.775,-29.999
140.735,waypoint_2 back,-52.400,-183.716,-30.000
140.771,waypoint_2 back,-52.326,-183.656,-30.000
140.805,waypoint_2 back,-52.253,-183.597,-30.000
140.840,waypoint_2 back,-52.161,-183.522,-30.000
140.874,waypoint_2 back,-52.087,-183.463,-30.000
140.906,waypoint_2 back,-52.014,-183.403,-29.999
140.940,waypoint_2 back,-51.940,-183.344,-29.999
140.974,waypoint_2 back,-51.866,-183.284,-29.999
141.006,waypoint_2 back,-51.793,-183.225,-29.999
141.040,waypoint_2 back,-51.701,-183.150,-29.998
141.075,waypoint_2 back,-51.628,-183.091,-29.998
141.107,waypoint_2 back,-51.554,-183.031,-29.997
141.141,waypoint_2 back,-51.480,-182.971,-29.997
141.176,waypoint_2 back,-51.407,-182.912,-29.996
141.208,waypoint_2 back,-51.333,-182.852,-29.996
141.242,waypoint_2 back,-51.240,-182.777,-29.995
141.276,waypoint_2 back,-51.166,-182.718,-29.995
141.309,waypoint_2 back,-51.092,-182.658,-29.995
141.345,waypoint_2 back,-51.018,-182.598,-29.994
141.379,waypoint_2 back,-50.944,-182.538,-29.994
141.411,waypoint_2 back,-50.870,-182.478,-29.994
141.445,waypoint_2 back,-50.778,-182.403,-29.994
141.479,waypoint_2 back,-50.703,-182.342,-29.993
141.511,waypoint_2 back,-50.629,-182.282,-29.993
141.545,waypoint_2 back,-50.555,-182.221,-29.993
141.579,waypoint_2 back,-50.480,-182.160,-29.993
141.611,waypoint_2 back,-50.406,-182.100,-29.993
141.645,waypoint_2 back,-50.313,-182.024,-29.993
141.679,waypoint_2 back,-50.238,-181.963,-29.992
141.711,waypoint_2 back,-50.163,-181.902,-29.992
141.745,waypoint_2 back,-50.088,-181.841,-29.992
141.779,waypoint_2 back,-50.013,-181.780,-29.992
141.812,waypoint_2 back,-49.938,-181.719,-29.992
141.848,waypoint_2 back,-49.844,-181.643,-29.991
141.881,waypoint_2 back,-49.769,-181.582,-29.991
141.913,waypoint_2 back,-49.693,-181.521,-29.991
141.949,waypoint_2 back,-49.617,-181.460,-29.991
141.983,waypoint_2 back,-49.542,-181.398,-29.991
142.015,waypoint_2 back,-49.466,-181.337,-29.991
142.049,waypoint_2 back,-49.371,-181.260,-29.991
142.083,waypoint_2 back,-49.295,-181.199,-29.991
142.115,waypoint_2 back,-49.219,-181.137,-29.991
142.149,waypoint_2 back,-49.143,-181.076,-29.991
142.183,waypoint_2 back,-49.067,-181.014,-29.991
142.215,waypoint_2 back,-48.991,-180.953,-29.991
142.249,waypoint_2 back,-48.896,-180.876,-29.991
142.283,waypoint_2 back,-48.820,-180.814,-29.992
142.315,waypoint_2 back,-48.744,-180.752,-29.992
142.349,waypoint_2 back,-48.668,-180.690,-29.992
142.383,waypoint_2 back,-48.592,-180.628,-29.992
142.415,waypoint_2 back,-48.515,-180.566,-29.993
142.449,waypoint_2 back,-48.420,-180.489,-29.994
142.483,waypoint_2 back,-48.344,-180.427,-29.994
142.515,waypoint_2 back,-48.268,-180.365,-29.995
142.550,waypoint_2 back,-48.191,-180.303,-29.996
142.584,waypoint_2 back,-48.115,-180.242,-29.996
142.616,waypoint_2 back,-48.038,-180.180,-29.997
142.650,waypoint_2 back,-47.943,-180.103,-29.998
142.684,waypoint_2 back,-47.866,-180.041,-29.998
142.716,waypoint_2 back,-47.789,-179.980,-29.999
142.750,waypoint_2 back,-47.712,-179.919,-29.999
142.784,waypoint_2 back,-47.634,-179.857,-30.000
142.816,waypoint_2 back,-47.557,-179.796,-30.000
142.851,waypoint_2 back,-47.461,-179.720,-30.000
142.891,waypoint_2 back,-47.383,-179.658,-30.000
142.924,waypoint_2 back,-47.306,-179.597,-30.001
142.958,waypoint_2 back,-47.228,-179.536,-30.001
142.992,waypoint_2 back,-47.151,-179.475,-30.001
143.024,waypoint_2 back,-47.073,-179.414,-30.001
143.059,waypoint_2 back,-46.976,-179.337,-30.001
143.094,waypoint_2 back,-46.898,-179.276,-30.002
143.126,waypoint_2 back,-46.820,-179.215,-30.002
143.160,waypoint_2 back,-46.742,-179.154,-30.002
143.194,waypoint_2 back,-46.665,-179.093,-30.002
143.226,waypoint_2 back,-46.587,-179.032,-30.002
143.260,waypoint_2 back,-46.489,-178.955,-30.002
143.296,waypoint_2 back,-46.411,-178.894,-30.002
143.328,waypoint_2 back,-46.333,-178.833,-30.002
143.362,waypoint_2 back,-46.255,-178.772,-30.002
143.396,waypoint_2 back,-46.176,-178.710,-30.002
143.428,waypoint_2 back,-46.098,-178.649,-30.002
143.462,waypoint_2 back,-46.000,-178.573,-30.001
143.496,waypoint_2 back,-45.922,-178.511,-30.001
143.528,waypoint_2 back,-45.843,-178.450,-30.001
143.562,waypoint_2 back,-45.765,-178.388,-30.000
143.596,waypoint_2 back,-45.686,-178.326,-30.000
143.628,waypoint_2 back,-45.608,-178.265,-30.000
143.662,waypoint_2 back,-45.510,-178.187,-29.999
143.696,waypoint_2 back,-45.432,-178.125,-29.998
143.728,waypoint_2 back,-45.354,-178.063,-29.998
143.762,waypoint_2 back,-45.275,-178.001,-29.997
143.796,waypoint_2 back,-45.197,-177.938,-29.997
143.828,waypoint_2 back,-45.119,-177.876,-29.996
143.862,waypoint_2 back,-45.021,-177.799,-29.996
143.896,waypoint_2 back,-44.943,-177.736,-29.995
143.928,waypoint_2 back,-44.864,-177.674,-29.995
143.963,waypoint_2 back,-44.786,-177.612,-29.994
143.997,waypoint_2 back,-44.707,-177.550,-29.994
144.029,waypoint_2 back,-44.629,-177.487,-29.994
144.063,waypoint_2 back,-44.531,-177.409,-29.993
144.097,waypoint_2 back,-44.453,-177.347,-29.993
144.129,waypoint_2 back,-44.375,-177.285,-29.993
144.163,waypoint_2 back,-44.296,-177.222,-29.993
144.197,waypoint_2 back,-44.218,-177.160,-29.993
144.229,waypoint_2 back,-44.140,-177.098,-29.993
144.263,waypoint_2 back,-44.042,-177.020,-29.993
144.298,waypoint_2 back,-43.964,-176.958,-29.993
144.330,waypoint_2 back,-43.886,-176.895,-29.993
144.364,waypoint_2 back,-43.808,-176.833,-29.993
144.398,waypoint_2 back,-43.729,-176.771,-29.993
144.430,waypoint_2 back,-43.651,-176.709,-29.994
144.464,waypoint_2 back,-43.553,-176.632,-29.994
144.498,waypoint_2 back,-43.476,-176.571,-29.994
144.530,waypoint_2 back,-43.398,-176.509,-29.994
144.565,waypoint_2 back,-43.320,-176.448,-29.994
144.599,waypoint_2 back,-43.242,-176.387,-29.993
144.631,waypoint_2 back,-43.165,-176.325,-29.993
144.665,waypoint_2 back,-43.068,-176.249,-29.993
144.699,waypoint_2 back,-42.991,-176.187,-29.993
144.731,waypoint_2 back,-42.913,-176.126,-29.993
144.783,waypoint_2 back,-42.836,-176.065,-29.993
144.819,waypoint_2 back,-42.759,-176.004,-29.993
144.853,waypoint_2 back,-42.682,-175.943,-29.992
144.885,waypoint_2 back,-42.605,-175.882,-29.992
144.919,waypoint_2 back,-42.509,-175.806,-29.992
144.953,waypoint_2 back,-42.432,-175.745,-29.992
144.985,waypoint_2 back,-42.355,-175.684,-29.992
145.019,waypoint_2 back,-42.278,-175.623,-29.992
145.053,waypoint_2 back,-42.200,-175.562,-29.992
145.085,waypoint_2 back,-42.123,-175.501,-29.991
145.119,waypoint_2 back,-42.026,-175.424,-29.991
145.153,waypoint_2 back,-41.949,-175.363,-29.990
145.185,waypoint_2 back,-41.872,-175.301,-29.990
145.219,waypoint_2 back,-41.794,-175.240,-29.989
145.253,waypoint_2 back,-41.717,-175.178,-29.989
145.285,waypoint_2 back,-41.640,-175.116,-29.988
145.320,waypoint_2 back,-41.543,-175.039,-29.987
145.354,waypoint_2 back,-41.465,-174.977,-29.987
145.388,waypoint_2 back,-41.388,-174.915,-29.986
145.422,waypoint_2 back,-41.311,-174.853,-29.986
145.456,waypoint_2 back,-41.233,-174.791,-29.985
145.488,waypoint_2 back,-41.156,-174.729,-29.985
145.522,waypoint_2 back,-41.059,-174.651,-29.984
145.556,waypoint_2 back,-40.982,-174.589,-29.984
145.589,waypoint_2 back,-40.905,-174.527,-29.984
145.623,waypoint_2 back,-40.828,-174.464,-29.984
145.657,waypoint_2 back,-40.750,-174.402,-29.984
145.689,waypoint_2 back,-40.673,-174.340,-29.984
145.723,waypoint_2 back,-40.576,-174.263,-29.984
145.757,waypoint_2 back,-40.499,-174.201,-29.985
145.789,waypoint_2 back,-40.422,-174.139,-29.985
145.823,waypoint_2 back,-40.344,-174.077,-29.985
145.858,waypoint_2 back,-40.267,-174.015,-29.986
145.890,waypoint_2 back,-40.190,-173.953,-29.986
145.924,waypoint_2 back,-40.093,-173.876,-29.987
145.958,waypoint_2 back,-40.016,-173.815,-29.987
145.990,waypoint_2 back,-39.939,-173.753,-29.987
146.025,waypoint_2 back,-39.862,-173.692,-29.987
146.059,waypoint_2 back,-39.785,-173.630,-29.988
146.091,waypoint_2 back,-39.708,-173.569,-29.988
146.125,waypoint_2 back,-39.612,-173.492,-29.988
146.160,waypoint_2 back,-39.535,-173.430,-29.988
146.192,waypoint_2 back,-39.458,-173.369,-29.988
146.226,waypoint_2 back,-39.381,-173.307,-29.988
146.261,waypoint_2 back,-39.303,-173.246,-29.988
146.293,waypoint_2 back,-39.226,-173.185,-29.988
146.328,waypoint_2 back,-39.130,-173.108,-29.988
146.361,waypoint_2 back,-39.053,-173.047,-29.988
146.393,waypoint_2 back,-38.975,-172.986,-29.988
146.429,waypoint_2 back,-38.898,-172.926,-29.988
146.463,waypoint_2 back,-38.820,-172.865,-29.988
146.494,waypoint_2 back,-38.743,-172.804,-29.988
146.528,waypoint_2 back,-38.646,-172.729,-29.988
146.562,waypoint_2 back,-38.568,-172.668,-29.988
146.595,waypoint_2 back,-38.490,-172.608,-29.988
146.629,waypoint_2 back,-38.413,-172.547,-29.988
146.666,waypoint_2 back,-38.335,-172.487,-29.988
146.698,waypoint_2 back,-38.257,-172.426,-29.988
146.732,waypoint_2 back,-38.160,-172.351,-29.988
146.766,waypoint_2 back,-38.083,-172.290,-29.988
146.798,waypoint_2 back,-38.005,-172.230,-29.987
146.832,waypoint_2 back,-37.928,-172.170,-29.987
146.866,waypoint_2 back,-37.851,-172.109,-29.987
146.898,waypoint_2 back,-37.773,-172.049,-29.987
146.932,waypoint_2 back,-37.676,-171.973,-29.987
146.966,waypoint_2 back,-37.599,-171.913,-29.987
146.998,waypoint_2 back,-37.521,-171.852,-29.987
147.032,waypoint_2 back,-37.444,-171.792,-29.987
147.066,waypoint_2 back,-37.366,-171.731,-29.987
147.098,waypoint_2 back,-37.289,-171.671,-29.987
147.132,waypoint_2 back,-37.192,-171.595,-29.987
147.166,waypoint_2 back,-37.114,-171.534,-29.987
147.198,waypoint_2 back,-37.037,-171.474,-29.987
147.232,waypoint_2 back,-36.960,-171.413,-29.987
147.267,waypoint_2 back,-36.882,-171.352,-29.987
147.299,waypoint_2 back,-36.805,-171.291,-29.987
147.333,waypoint_2 back,-36.709,-171.215,-29.987
147.367,waypoint_2 back,-36.632,-171.154,-29.987
147.399,waypoint_2 back,-36.555,-171.093,-29.987
147.433,waypoint_2 back,-36.478,-171.032,-29.987
147.467,waypoint_2 back,-36.401,-170.971,-29.987
147.499,waypoint_2 back,-36.324,-170.909,-29.987
147.533,waypoint_2 back,-36.227,-170.833,-29.987
147.568,waypoint_2 back,-36.150,-170.772,-29.987
147.600,waypoint_2 back,-36.073,-170.711,-29.987
147.636,waypoint_2 back,-35.996,-170.650,-29.987
147.672,waypoint_2 back,-35.920,-170.589,-29.987
147.704,waypoint_2 back,-35.843,-170.529,-29.986
147.738,waypoint_2 back,-35.748,-170.453,-29.986
147.772,waypoint_2 back,-35.671,-170.392,-29.986
147.805,waypoint_2 back,-35.595,-170.332,-29.986
147.840,waypoint_2 back,-35.519,-170.271,-29.986
147.878,waypoint_2 back,-35.443,-170.211,-29.986
147.911,waypoint_2 back,-35.367,-170.150,-29.986
147.947,waypoint_2 back,-35.272,-170.075,-29.986
147.980,waypoint_2 back,-35.196,-170.015,-29.987
148.012,waypoint_2 back,-35.120,-169.954,-29.987
148.048,waypoint_2 back,-35.044,-169.894,-29.986
148.082,waypoint_2 back,-34.968,-169.834,-29.986
148.114,waypoint_2 back,-34.892,-169.773,-29.986
148.148,waypoint_2 back,-34.797,-169.698,-29.986
148.183,waypoint_2 back,-34.721,-169.638,-29.986
148.215,waypoint_2 back,-34.644,-169.577,-29.986
148.250,waypoint_2 back,-34.568,-169.517,-29.986
148.284,waypoint_2 back,-34.492,-169.457,-29.986
148.316,waypoint_2 back,-34.416,-169.396,-29.986
148.376,waypoint_2 back,-34.320,-169.321,-29.987
148.419,waypoint_2 back,-34.244,-169.261,-29.987
148.451,waypoint_2 back,-34.168,-169.201,-29.987
148.485,waypoint_2 back,-34.092,-169.141,-29.987
148.519,waypoint_2 back,-34.016,-169.081,-29.988
148.552,waypoint_2 back,-33.940,-169.021,-29.988
148.586,waypoint_2 back,-33.845,-168.946,-29.988
148.620,waypoint_2 back,-33.770,-168.886,-29.989
148.652,waypoint_2 back,-33.694,-168.826,-29.989
148.686,waypoint_2 back,-33.618,-168.766,-29.989
148.720,waypoint_2 back,-33.542,-168.707,-29.990
148.752,waypoint_2 back,-33.466,-168.647,-29.990
148.786,waypoint_2 back,-33.371,-168.572,-29.991
148.820,waypoint_2 back,-33.295,-168.512,-29.991
148.852,waypoint_2 back,-33.219,-168.452,-29.991
148.887,waypoint_2 back,-33.143,-168.392,-29.992
148.921,waypoint_2 back,-33.067,-168.333,-29.992
148.953,waypoint_2 back,-32.991,-168.273,-29.992
148.987,waypoint_2 back,-32.896,-168.198,-29.992
149.023,waypoint_2 back,-32.820,-168.138,-29.993
149.056,waypoint_2 back,-32.745,-168.078,-29.993
149.090,waypoint_2 back,-32.669,-168.018,-29.993
149.124,waypoint_2 back,-32.593,-167.958,-29.993
149.156,waypoint_2 back,-32.517,-167.898,-29.993
149.190,waypoint_2 back,-32.423,-167.823,-29.992
149.224,waypoint_2 back,-32.347,-167.762,-29.992
149.256,waypoint_2 back,-32.271,-167.702,-29.992
149.290,waypoint_2 back,-32.196,-167.642,-29.991
149.324,waypoint_2 back,-32.120,-167.582,-29.991
149.356,waypoint_2 back,-32.044,-167.521,-29.990
149.391,waypoint_2 back,-31.950,-167.445,-29.990
149.425,waypoint_2 back,-31.874,-167.385,-29.989
149.457,waypoint_2 back,-31.798,-167.324,-29.989
149.491,waypoint_2 back,-31.722,-167.263,-29.988
149.525,waypoint_2 back,-31.647,-167.203,-29.988
149.559,waypoint_2 back,-31.571,-167.142,-29.987
149.594,waypoint_2 back,-31.477,-167.065,-29.987
149.627,waypoint_2 back,-31.401,-167.004,-29.986
149.659,waypoint_2 back,-31.325,-166.943,-29.986
149.694,waypoint_2 back,-31.250,-166.882,-29.986
149.728,waypoint_2 back,-31.174,-166.821,-29.986
149.761,waypoint_2 back,-31.098,-166.760,-29.986
149.795,waypoint_2 back,-31.004,-166.683,-29.985
149.829,waypoint_2 back,-30.929,-166.622,-29.985
149.862,waypoint_2 back,-30.853,-166.561,-29.985
149.895,waypoint_2 back,-30.778,-166.500,-29.985
149.929,waypoint_2 back,-30.702,-166.439,-29.985
149.961,waypoint_2 back,-30.627,-166.378,-29.985
149.995,waypoint_2 back,-30.532,-166.302,-29.984
150.030,waypoint_2 back,-30.457,-166.241,-29.984
150.062,waypoint_2 back,-30.381,-166.181,-29.984
150.096,waypoint_2 back,-30.306,-166.120,-29.983
150.131,waypoint_2 back,-30.230,-166.059,-29.983
150.162,waypoint_2 back,-30.154,-165.999,-29.983
150.196,waypoint_2 back,-30.059,-165.923,-29.982
150.230,waypoint_2 back,-29.984,-165.862,-29.982
150.262,waypoint_2 back,-29.908,-165.802,-29.982
150.296,waypoint_2 back,-29.832,-165.741,-29.982
150.331,waypoint_2 back,-29.756,-165.681,-29.981
150.364,waypoint_2 back,-29.680,-165.620,-29.981
150.398,waypoint_2 back,-29.585,-165.545,-29.980
150.432,waypoint_2 back,-29.510,-165.484,-29.980
150.464,waypoint_2 back,-29.434,-165.424,-29.979
150.499,waypoint_2 back,-29.358,-165.364,-29.979
150.531,waypoint_2 back,-29.283,-165.303,-29.978
150.565,waypoint_2 back,-29.189,-165.228,-29.978
150.599,waypoint_2 back,-29.113,-165.168,-29.977
150.636,waypoint_2 back,-29.038,-165.107,-29.977
150.684,waypoint_2 back,-28.963,-165.047,-29.976
150.718,waypoint_2 back,-28.887,-164.987,-29.976
150.750,waypoint_2 back,-28.812,-164.927,-29.976
150.784,waypoint_2 back,-28.718,-164.851,-29.975
150.818,waypoint_2 back,-28.643,-164.791,-29.975
150.850,waypoint_2 back,-28.568,-164.730,-29.975
150.884,waypoint_2 back,-28.493,-164.670,-29.975
150.917,waypoint_2 back,-28.418,-164.609,-29.975
150.950,waypoint_2 back,-28.342,-164.549,-29.975
150.984,waypoint_2 back,-28.249,-164.473,-29.976
151.017,waypoint_2 back,-28.174,-164.412,-29.976
151.050,waypoint_2 back,-28.099,-164.351,-29.976
151.084,waypoint_2 back,-28.024,-164.291,-29.977
151.118,waypoint_2 back,-27.949,-164.230,-29.977
151.151,waypoint_2 back,-27.875,-164.169,-29.977
151.186,waypoint_2 back,-27.782,-164.093,-29.978
151.220,waypoint_2 back,-27.707,-164.032,-29.978
151.258,waypoint_2 back,-27.632,-163.971,-29.979
151.295,waypoint_2 back,-27.558,-163.910,-29.979
151.329,waypoint_2 back,-27.483,-163.849,-29.979
151.362,waypoint_2 back,-27.409,-163.788,-29.980
151.396,waypoint_2 back,-27.316,-163.711,-29.981
151.430,waypoint_2 back,-27.241,-163.650,-29.981
151.462,waypoint_2 back,-27.166,-163.589,-29.982
151.496,waypoint_2 back,-27.092,-163.528,-29.982
151.530,waypoint_2 back,-27.017,-163.467,-29.983
151.563,waypoint_2 back,-26.942,-163.406,-29.984
151.597,waypoint_2 back,-26.849,-163.330,-29.984
151.631,waypoint_2 back,-26.774,-163.269,-29.985
151.664,waypoint_2 back,-26.700,-163.208,-29.985
151.698,waypoint_2 back,-26.625,-163.147,-29.985
151.731,waypoint_2 back,-26.550,-163.086,-29.985
151.764,waypoint_2 back,-26.476,-163.025,-29.986
151.797,waypoint_2 back,-26.383,-162.948,-29.986
151.831,waypoint_2 back,-26.308,-162.887,-29.986
151.864,waypoint_2 back,-26.234,-162.825,-29.986
151.897,waypoint_2 back,-26.159,-162.764,-29.986
151.931,waypoint_2 back,-26.085,-162.702,-29.986
151.964,waypoint_2 back,-26.011,-162.641,-29.986
151.997,waypoint_2 back,-25.937,-162.580,-29.986
152.031,waypoint_2 back,-25.844,-162.503,-29.985
152.063,waypoint_2 back,-25.770,-162.442,-29.985
152.097,waypoint_2 back,-25.697,-162.380,-29.985
152.131,waypoint_2 back,-25.623,-162.319,-29.984
152.164,waypoint_2 back,-25.550,-162.258,-29.984
152.197,waypoint_2 back,-25.458,-162.181,-29.983
152.232,waypoint_2 back,-25.385,-162.120,-29.983
152.263,waypoint_2 back,-25.312,-162.059,-29.982
152.297,waypoint_2 back,-25.239,-161.997,-29.982
152.331,waypoint_2 back,-25.166,-161.936,-29.981
152.363,waypoint_2 back,-25.093,-161.874,-29.981
152.397,waypoint_2 back,-25.001,-161.797,-29.981
152.431,waypoint_2 back,-24.928,-161.736,-29.981
152.463,waypoint_2 back,-24.854,-161.674,-29.981
152.498,waypoint_2 back,-24.781,-161.612,-29.981
152.532,waypoint_2 back,-24.707,-161.550,-29.980
152.565,waypoint_2 back,-24.634,-161.488,-29.980
152.598,waypoint_2 back,-24.542,-161.411,-29.980
152.632,waypoint_2 back,-24.468,-161.348,-29.981
152.664,waypoint_2 back,-24.395,-161.286,-29.981
152.698,waypoint_2 back,-24.321,-161.224,-29.981
152.732,waypoint_2 back,-24.248,-161.162,-29.981
152.764,waypoint_2 back,-24.174,-161.100,-29.981
152.798,waypoint_2 back,-24.082,-161.023,-29.981
152.832,waypoint_2 back,-24.009,-160.961,-29.981
152.865,waypoint_2 back,-23.936,-160.899,-29.981
152.900,waypoint_2 back,-23.863,-160.837,-29.981
152.934,waypoint_2 back,-23.789,-160.776,-29.981
152.966,waypoint_2 back,-23.716,-160.714,-29.981
153.000,waypoint_2 back,-23.625,-160.637,-29.981
153.034,waypoint_2 back,-23.552,-160.575,-29.981
153.067,waypoint_2 back,-23.479,-160.514,-29.981
153.101,waypoint_2 back,-23.405,-160.452,-29.981
153.135,waypoint_2 back,-23.332,-160.390,-29.981
153.167,waypoint_2 back,-23.259,-160.329,-29.981
153.201,waypoint_2 back,-23.168,-160.252,-29.981
153.236,waypoint_2 back,-23.095,-160.191,-29.981
153.268,waypoint_2 back,-23.022,-160.130,-29.981
153.302,waypoint_2 back,-22.949,-160.068,-29.981
153.336,waypoint_2 back,-22.876,-160.007,-29.982
153.368,waypoint_2 back,-22.803,-159.947,-29.982
153.402,waypoint_2 back,-22.712,-159.871,-29.982
153.436,waypoint_2 back,-22.639,-159.810,-29.983
153.468,waypoint_2 back,-22.566,-159.749,-29.983
153.502,waypoint_2 back,-22.493,-159.689,-29.983
153.536,waypoint_2 back,-22.420,-159.628,-29.984
153.568,waypoint_2 back,-22.347,-159.568,-29.984
153.602,waypoint_2 back,-22.256,-159.492,-29.984
153.636,waypoint_2 back,-22.182,-159.432,-29.984
153.668,waypoint_2 back,-22.109,-159.371,-29.985
153.702,waypoint_2 back,-22.036,-159.311,-29.985
153.736,waypoint_2 back,-21.963,-159.250,-29.985
153.768,waypoint_2 back,-21.890,-159.190,-29.985
153.802,waypoint_2 back,-21.799,-159.114,-29.985
153.836,waypoint_2 back,-21.726,-159.053,-29.985
153.868,waypoint_2 back,-21.653,-158.992,-29.985
153.902,waypoint_2 back,-21.580,-158.931,-29.984
153.936,waypoint_2 back,-21.508,-158.870,-29.984
153.968,waypoint_2 back,-21.435,-158.809,-29.984
154.002,waypoint_2 back,-21.343,-158.733,-29.983
154.036,waypoint_2 back,-21.271,-158.671,-29.983
154.068,waypoint_2 back,-21.198,-158.610,-29.983
154.102,waypoint_2 back,-21.124,-158.548,-29.983
154.136,waypoint_2 back,-21.051,-158.486,-29.982
154.168,waypoint_2 back,-20.978,-158.425,-29.982
154.202,waypoint_2 back,-20.886,-158.348,-29.981
154.236,waypoint_2 back,-20.813,-158.286,-29.980
154.268,waypoint_2 back,-20.739,-158.224,-29.980
154.302,waypoint_2 back,-20.665,-158.162,-29.979
154.336,waypoint_2 back,-20.592,-158.100,-29.978
154.368,waypoint_2 back,-20.518,-158.038,-29.978
154.402,waypoint_2 back,-20.425,-157.961,-29.977
154.436,waypoint_2 back,-20.351,-157.898,-29.976
154.468,waypoint_2 back,-20.277,-157.836,-29.975
154.502,waypoint_2 back,-20.203,-157.774,-29.974
154.536,waypoint_2 back,-20.129,-157.712,-29.974
154.568,waypoint_2 back,-20.055,-157.650,-29.973
154.602,waypoint_2 back,-19.963,-157.572,-29.972
154.636,waypoint_2 back,-19.889,-157.509,-29.972
154.668,waypoint_2 back,-19.815,-157.447,-29.971
154.702,waypoint_2 back,-19.741,-157.385,-29.971
154.736,waypoint_2 back,-19.668,-157.322,-29.971
154.768,waypoint_2 back,-19.594,-157.260,-29.970
154.802,waypoint_2 back,-19.502,-157.182,-29.970
154.836,waypoint_2 back,-19.428,-157.120,-29.969
154.868,waypoint_2 back,-19.355,-157.057,-29.969
154.902,waypoint_2 back,-19.281,-156.995,-29.969
154.936,waypoint_2 back,-19.208,-156.933,-29.968
154.968,waypoint_2 back,-19.135,-156.871,-29.968
155.002,waypoint_2 back,-19.043,-156.794,-29.967
155.036,waypoint_2 back,-18.970,-156.732,-29.966
155.068,waypoint_2 back,-18.897,-156.670,-29.966
155.102,waypoint_2 back,-18.825,-156.608,-29.965
155.136,waypoint_2 back,-18.752,-156.546,-29.965
155.168,waypoint_2 back,-18.679,-156.484,-29.964
155.202,waypoint_2 back,-18.588,-156.407,-29.964
155.236,waypoint_2 back,-18.515,-156.345,-29.964
155.269,waypoint_2 back,-18.442,-156.283,-29.964
155.302,waypoint_2 back,-18.369,-156.221,-29.964
155.336,waypoint_2 back,-18.295,-156.160,-29.964
155.368,waypoint_2 back,-18.222,-156.098,-29.964
155.402,waypoint_2 back,-18.131,-156.021,-29.964
155.436,waypoint_2 back,-18.057,-155.959,-29.964
155.468,waypoint_2 back,-17.984,-155.897,-29.964
155.502,waypoint_2 back,-17.911,-155.835,-29.965
155.536,waypoint_2 back,-17.837,-155.774,-29.965
155.568,waypoint_2 back,-17.763,-155.712,-29.965
155.604,waypoint_2 back,-17.671,-155.634,-29.965
155.638,waypoint_2 back,-17.598,-155.573,-29.966
155.670,waypoint_2 back,-17.524,-155.511,-29.966
155.704,waypoint_2 back,-17.450,-155.449,-29.966
155.738,waypoint_2 back,-17.376,-155.388,-29.966
155.770,waypoint_2 back,-17.302,-155.326,-29.966
155.804,waypoint_2 back,-17.209,-155.249,-29.967
155.838,waypoint_2 back,-17.135,-155.188,-29.967
155.870,waypoint_2 back,-17.061,-155.126,-29.967
155.904,waypoint_2 back,-16.986,-155.065,-29.967
155.938,waypoint_2 back,-16.912,-155.003,-29.967
155.970,waypoint_2 back,-16.837,-154.942,-29.967
156.004,waypoint_2 back,-16.744,-154.865,-29.968
156.038,waypoint_2 back,-16.669,-154.804,-29.968
156.070,waypoint_2 back,-16.595,-154.743,-29.968
156.105,waypoint_2 back,-16.520,-154.682,-29.969
156.139,waypoint_2 back,-16.446,-154.621,-29.969
156.171,waypoint_2 back,-16.371,-154.560,-29.970
156.205,waypoint_2 back,-16.278,-154.484,-29.970
156.239,waypoint_2 back,-16.204,-154.424,-29.971
156.272,waypoint_2 back,-16.130,-154.363,-29.972
156.306,waypoint_2 back,-16.056,-154.302,-29.972
156.340,waypoint_2 back,-15.981,-154.242,-29.973
156.372,waypoint_2 back,-15.907,-154.181,-29.974
156.406,waypoint_2 back,-15.815,-154.105,-29.975
156.440,waypoint_2 back,-15.741,-154.045,-29.975
156.472,waypoint_2 back,-15.667,-153.984,-29.976
156.506,waypoint_2 back,-15.593,-153.923,-29.977
156.540,waypoint_2 back,-15.520,-153.863,-29.977
156.572,waypoint_2 back,-15.446,-153.802,-29.978
156.606,waypoint_2 back,-15.354,-153.726,-29.979
156.640,waypoint_2 back,-15.280,-153.666,-29.979
156.672,waypoint_2 back,-15.206,-153.605,-29.980
156.706,waypoint_2 back,-15.132,-153.545,-29.981
156.740,waypoint_2 back,-15.058,-153.484,-29.981
156.772,waypoint_2 back,-14.984,-153.424,-29.982
156.806,waypoint_2 back,-14.892,-153.348,-29.983
156.840,waypoint_2 back,-14.818,-153.288,-29.983
156.872,waypoint_2 back,-14.744,-153.227,-29.984
156.906,waypoint_2 back,-14.670,-153.166,-29.985
156.940,waypoint_2 back,-14.596,-153.105,-29.986
156.973,waypoint_2 back,-14.522,-153.044,-29.986
157.006,waypoint_2 back,-14.430,-152.968,-29.987
157.040,waypoint_2 back,-14.356,-152.906,-29.987
157.072,waypoint_2 back,-14.282,-152.845,-29.988
157.106,waypoint_2 back,-14.208,-152.783,-29.988
157.140,waypoint_2 back,-14.133,-152.722,-29.988
157.172,waypoint_2 back,-14.059,-152.660,-29.988
157.206,waypoint_2 back,-13.966,-152.583,-29.988
157.240,waypoint_2 back,-13.892,-152.521,-29.987
157.272,waypoint_2 back,-13.818,-152.459,-29.987
157.306,waypoint_2 back,-13.743,-152.397,-29.986
157.340,waypoint_2 back,-13.669,-152.335,-29.986
157.372,waypoint_2 back,-13.595,-152.273,-29.986
157.406,waypoint_2 back,-13.502,-152.196,-29.985
157.440,waypoint_2 back,-13.428,-152.134,-29.985
157.472,waypoint_2 back,-13.354,-152.072,-29.985
157.506,waypoint_2 back,-13.280,-152.011,-29.984
157.540,waypoint_2 back,-13.206,-151.949,-29.984
157.572,waypoint_2 back,-13.133,-151.887,-29.984
157.606,waypoint_2 back,-13.040,-151.810,-29.983
157.640,waypoint_2 back,-12.967,-151.748,-29.983
157.672,waypoint_2 back,-12.893,-151.687,-29.983
157.706,waypoint_2 back,-12.819,-151.625,-29.983
157.740,waypoint_2 back,-12.745,-151.563,-29.984
157.772,waypoint_2 back,-12.671,-151.502,-29.984
157.806,waypoint_2 back,-12.578,-151.425,-29.984
157.840,waypoint_2 back,-12.504,-151.363,-29.984
157.872,waypoint_2 back,-12.429,-151.302,-29.984
157.906,waypoint_2 back,-12.355,-151.240,-29.984
157.940,waypoint_2 back,-12.281,-151.179,-29.984
157.973,waypoint_2 back,-12.207,-151.118,-29.984
158.007,waypoint_2 back,-12.114,-151.042,-29.984
158.041,waypoint_2 back,-12.039,-150.981,-29.984
158.073,waypoint_2 back,-11.965,-150.920,-29.983
158.107,waypoint_2 back,-11.891,-150.859,-29.983
158.141,waypoint_2 back,-11.817,-150.798,-29.983
158.173,waypoint_2 back,-11.743,-150.737,-29.983
158.207,waypoint_2 back,-11.650,-150.661,-29.984
158.241,waypoint_2 back,-11.576,-150.601,-29.984
158.273,waypoint_2 back,-11.502,-150.540,-29.984
158.307,waypoint_2 back,-11.428,-150.479,-29.985
158.341,waypoint_2 back,-11.353,-150.418,-29.985
158.373,waypoint_2 back,-11.279,-150.357,-29.986
158.407,waypoint_2 back,-11.186,-150.281,-29.987
158.441,waypoint_2 back,-11.112,-150.220,-29.987
158.475,waypoint_2 back,-11.037,-150.159,-29.988
158.508,waypoint_2 back,-10.963,-150.098,-29.988
158.542,waypoint_2 back,-10.889,-150.038,-29.988
158.574,waypoint_2 back,-10.815,-149.977,-29.989
158.608,waypoint_2 back,-10.722,-149.901,-29.989
158.642,waypoint_2 back,-10.648,-149.841,-29.989
158.674,waypoint_2 back,-10.574,-149.780,-29.990
158.708,waypoint_2 back,-10.501,-149.720,-29.990
158.743,waypoint_2 back,-10.427,-149.660,-29.990
158.788,waypoint_2 back,-10.353,-149.600,-29.990
158.834,waypoint_2 back,-10.279,-149.540,-29.990
158.868,waypoint_2 back,-10.187,-149.464,-29.991
158.901,waypoint_2 back,-10.113,-149.404,-29.990
158.935,waypoint_2 back,-10.039,-149.344,-29.990
158.970,waypoint_2 back,-9.965,-149.283,-29.990
159.002,waypoint_2 back,-9.891,-149.223,-29.990
159.037,waypoint_2 back,-9.799,-149.147,-29.990
159.071,waypoint_2 back,-9.725,-149.087,-29.989
159.103,waypoint_2 back,-9.651,-149.026,-29.989
159.137,waypoint_2 back,-9.577,-148.966,-29.989
159.171,waypoint_2 back,-9.502,-148.905,-29.989
159.203,waypoint_2 back,-9.428,-148.845,-29.989
159.237,waypoint_2 back,-9.335,-148.769,-29.989
159.271,waypoint_2 back,-9.261,-148.708,-29.989
159.303,waypoint_2 back,-9.186,-148.648,-29.988
159.337,waypoint_2 back,-9.112,-148.587,-29.988
159.371,waypoint_2 back,-9.038,-148.526,-29.988
159.403,waypoint_2 back,-8.964,-148.466,-29.988
159.442,waypoint_2 back,-8.889,-148.406,-29.988
159.480,waypoint_2 back,-8.797,-148.330,-29.988
159.512,waypoint_2 back,-8.722,-148.270,-29.988
159.546,waypoint_2 back,-8.648,-148.210,-29.988
159.581,waypoint_2 back,-8.574,-148.150,-29.987
159.613,waypoint_2 back,-8.500,-148.089,-29.987
159.647,waypoint_2 back,-8.407,-148.014,-29.987
159.681,waypoint_2 back,-8.333,-147.954,-29.987
159.713,waypoint_2 back,-8.259,-147.894,-29.987
159.747,waypoint_2 back,-8.185,-147.834,-29.987
159.781,waypoint_2 back,-8.110,-147.773,-29.986
159.813,waypoint_2 back,-8.036,-147.713,-29.986
159.847,waypoint_2 back,-7.943,-147.638,-29.986
159.881,waypoint_2 back,-7.869,-147.577,-29.986
159.913,waypoint_2 back,-7.795,-147.517,-29.985
159.947,waypoint_2 back,-7.720,-147.457,-29.985
159.981,waypoint_2 back,-7.646,-147.397,-29.985
160.013,waypoint_2 back,-7.572,-147.336,-29.984
160.047,waypoint_2 back,-7.479,-147.261,-29.984
160.081,waypoint_2 back,-7.404,-147.201,-29.984
160.113,waypoint_2 back,-7.330,-147.141,-29.983
160.147,waypoint_2 back,-7.255,-147.081,-29.983
160.181,waypoint_2 back,-7.181,-147.021,-29.982
160.213,waypoint_2 back,-7.106,-146.961,-29.982
160.247,waypoint_2 back,-7.013,-146.886,-29.981
160.281,waypoint_2 back,-6.938,-146.825,-29.981
160.313,waypoint_2 back,-6.863,-146.765,-29.981
160.347,waypoint_2 back,-6.789,-146.705,-29.981
160.381,waypoint_2 back,-6.714,-146.645,-29.980
160.413,waypoint_2 back,-6.639,-146.584,-29.980
160.447,waypoint_2 back,-6.546,-146.509,-29.980
160.481,waypoint_2 back,-6.471,-146.448,-29.980
160.513,waypoint_2 back,-6.397,-146.388,-29.980
160.547,waypoint_2 back,-6.322,-146.327,-29.980
160.581,waypoint_2 back,-6.247,-146.266,-29.980
160.613,waypoint_2 back,-6.173,-146.206,-29.980
160.647,waypoint_2 back,-6.079,-146.130,-29.981
160.681,waypoint_2 back,-6.004,-146.069,-29.981
160.713,waypoint_2 back,-5.930,-146.008,-29.981
160.747,waypoint_2 back,-5.855,-145.947,-29.981
160.781,waypoint_2 back,-5.781,-145.886,-29.982
160.813,waypoint_2 back,-5.706,-145.825,-29.982
160.847,waypoint_2 back,-5.613,-145.749,-29.983
160.881,waypoint_2 back,-5.539,-145.688,-29.983
160.913,waypoint_2 back,-5.465,-145.626,-29.984
160.947,waypoint_2 back,-5.391,-145.565,-29.984
160.981,waypoint_2 back,-5.316,-145.504,-29.985
161.013,waypoint_2 back,-5.242,-145.442,-29.985
161.047,waypoint_2 back,-5.149,-145.366,-29.986
161.081,waypoint_2 back,-5.075,-145.304,-29.987
161.113,waypoint_2 back,-5.001,-145.243,-29.987
161.147,waypoint_2 back,-4.927,-145.181,-29.988
161.182,waypoint_2 back,-4.853,-145.119,-29.989
161.214,waypoint_2 back,-4.779,-145.058,-29.989
161.248,waypoint_2 back,-4.686,-144.980,-29.990
161.282,waypoint_2 back,-4.612,-144.918,-29.991
161.314,waypoint_2 back,-4.537,-144.856,-29.991
161.348,waypoint_2 back,-4.463,-144.794,-29.992
161.382,waypoint_2 back,-4.389,-144.732,-29.992
161.414,waypoint_2 back,-4.315,-144.670,-29.992
161.448,waypoint_2 back,-4.222,-144.592,-29.993
161.482,waypoint_2 back,-4.148,-144.530,-29.993
161.514,waypoint_2 back,-4.074,-144.468,-29.994
161.548,waypoint_2 back,-4.000,-144.406,-29.994
161.582,waypoint_2 back,-3.927,-144.343,-29.994
161.615,waypoint_2 back,-3.853,-144.281,-29.995
161.649,waypoint_2 back,-3.761,-144.203,-29.996
161.683,waypoint_2 back,-3.687,-144.140,-29.996
161.716,waypoint_2 back,-3.613,-144.078,-29.997
161.750,waypoint_2 back,-3.540,-144.016,-29.997
161.784,waypoint_2 back,-3.466,-143.953,-29.997
161.816,waypoint_2 back,-3.393,-143.891,-29.998
161.850,waypoint_2 back,-3.301,-143.813,-29.998
161.884,waypoint_2 back,-3.227,-143.750,-29.999
161.916,waypoint_2 back,-3.154,-143.688,-29.999
161.950,waypoint_2 back,-3.080,-143.626,-29.999
161.984,waypoint_2 back,-3.007,-143.563,-30.000
162.016,waypoint_2 back,-2.934,-143.501,-30.000
162.050,waypoint_2 back,-2.842,-143.423,-30.000
162.084,waypoint_2 back,-2.769,-143.361,-30.000
162.116,waypoint_2 back,-2.695,-143.299,-29.999
162.150,waypoint_2 back,-2.622,-143.237,-29.999
162.184,waypoint_2 back,-2.549,-143.176,-29.999
162.216,waypoint_2 back,-2.476,-143.114,-29.999
162.250,waypoint_2 back,-2.384,-143.037,-29.998
162.284,waypoint_2 back,-2.311,-142.975,-29.998
162.316,waypoint_2 back,-2.238,-142.913,-29.997
162.350,waypoint_2 back,-2.165,-142.852,-29.996
162.384,waypoint_2 back,-2.092,-142.790,-29.996
162.416,waypoint_2 back,-2.019,-142.729,-29.995
162.450,waypoint_2 back,-1.927,-142.652,-29.995
162.484,waypoint_2 back,-1.854,-142.590,-29.994
162.516,waypoint_2 back,-1.781,-142.528,-29.994
162.550,waypoint_2 back,-1.708,-142.467,-29.994
162.584,waypoint_2 back,-1.635,-142.405,-29.994
162.616,waypoint_2 back,-1.562,-142.344,-29.994
162.650,waypoint_2 back,-1.470,-142.266,-29.994
162.684,waypoint_2 back,-1.397,-142.205,-29.994
162.716,waypoint_2 back,-1.324,-142.143,-29.993
162.750,waypoint_2 back,-1.251,-142.081,-29.993
162.784,waypoint_2 back,-1.178,-142.019,-29.993
162.816,waypoint_2 back,-1.104,-141.957,-29.993
162.850,waypoint_2 back,-1.013,-141.879,-29.993
162.884,waypoint_2 back,-0.940,-141.817,-29.993
162.916,waypoint_2 back,-0.867,-141.755,-29.992
162.950,waypoint_2 back,-0.794,-141.693,-29.992
162.984,waypoint_2 back,-0.720,-141.631,-29.991
163.016,waypoint_2 back,-0.647,-141.569,-29.991
163.050,waypoint_2 back,-0.556,-141.492,-29.990
163.084,waypoint_2 back,-0.483,-141.430,-29.990
163.116,waypoint_2 back,-0.410,-141.368,-29.990
163.150,waypoint_2 back,-0.337,-141.306,-29.989
163.184,waypoint_2 back,-0.263,-141.245,-29.989
163.216,waypoint_2 back,-0.190,-141.183,-29.989
163.250,waypoint_2 back,-0.099,-141.106,-29.989
163.284,waypoint_2 back,-0.026,-141.044,-29.989
163.316,waypoint_2 back,0.048,-140.983,-29.989
163.350,waypoint_2 back,0.121,-140.921,-29.989
163.384,waypoint_2 back,0.194,-140.859,-29.989
163.416,waypoint_2 back,0.268,-140.797,-29.989
163.450,waypoint_2 back,0.360,-140.720,-29.989
163.484,waypoint_2 back,0.433,-140.658,-29.989
163.516,waypoint_2 back,0.507,-140.596,-29.989
163.550,waypoint_2 back,0.581,-140.534,-29.988
163.584,waypoint_2 back,0.654,-140.472,-29.988
163.616,waypoint_2 back,0.728,-140.410,-29.988
163.650,waypoint_2 back,0.820,-140.333,-29.988
163.684,waypoint_2 back,0.893,-140.271,-29.987
163.716,waypoint_2 back,0.967,-140.209,-29.987
163.749,waypoint_2 back,1.040,-140.147,-29.986
163.783,waypoint_2 back,1.114,-140.085,-29.986
163.817,waypoint_2 back,1.188,-140.023,-29.985
163.849,waypoint_2 back,1.261,-139.961,-29.985
163.883,waypoint_2 back,1.353,-139.883,-29.985
163.917,waypoint_2 back,1.427,-139.821,-29.984
163.949,waypoint_2 back,1.501,-139.759,-29.984
163.983,waypoint_2 back,1.574,-139.697,-29.984
164.017,waypoint_2 back,1.648,-139.635,-29.985
164.049,waypoint_2 back,1.721,-139.573,-29.985
164.083,waypoint_2 back,1.813,-139.496,-29.985
164.117,waypoint_2 back,1.887,-139.434,-29.985
164.149,waypoint_2 back,1.961,-139.372,-29.985
164.183,waypoint_2 back,2.035,-139.310,-29.985
164.217,waypoint_2 back,2.109,-139.249,-29.985
164.249,waypoint_2 back,2.182,-139.187,-29.985
164.283,waypoint_2 back,2.275,-139.110,-29.985
164.317,waypoint_2 back,2.349,-139.048,-29.984
164.349,waypoint_2 back,2.423,-138.987,-29.984
164.383,waypoint_2 back,2.497,-138.925,-29.984
164.417,waypoint_2 back,2.571,-138.864,-29.984
164.449,waypoint_2 back,2.645,-138.802,-29.984
164.483,waypoint_2 back,2.738,-138.725,-29.984
164.517,waypoint_2 back,2.812,-138.664,-29.984
164.549,waypoint_2 back,2.886,-138.602,-29.984
164.583,waypoint_2 back,2.960,-138.541,-29.983
164.617,waypoint_2 back,3.034,-138.479,-29.983
164.649,waypoint_2 back,3.108,-138.418,-29.983
164.683,waypoint_2 back,3.200,-138.341,-29.982
164.717,waypoint_2 back,3.274,-138.279,-29.982
164.749,waypoint_2 back,3.348,-138.217,-29.981
164.783,waypoint_2 back,3.421,-138.156,-29.981
164.817,waypoint_2 back,3.495,-138.094,-29.980
164.849,waypoint_2 back,3.569,-138.032,-29.980
164.883,waypoint_2 back,3.661,-137.955,-29.979
164.917,waypoint_2 back,3.735,-137.893,-29.979
164.949,waypoint_2 back,3.809,-137.831,-29.978
164.983,waypoint_2 back,3.883,-137.770,-29.978
165.017,waypoint_2 back,3.956,-137.708,-29.978
165.049,waypoint_2 back,4.030,-137.646,-29.978
165.083,waypoint_2 back,4.122,-137.569,-29.977
165.117,waypoint_2 back,4.195,-137.507,-29.977
165.149,waypoint_2 back,4.268,-137.446,-29.977
165.183,waypoint_2 back,4.342,-137.384,-29.977
165.217,waypoint_2 back,4.415,-137.323,-29.977
165.249,waypoint_2 back,4.488,-137.261,-29.976
165.283,waypoint_2 back,4.580,-137.184,-29.976
165.317,waypoint_2 back,4.653,-137.123,-29.976
165.349,waypoint_2 back,4.726,-137.062,-29.976
165.383,waypoint_2 back,4.799,-137.000,-29.975
165.417,waypoint_2 back,4.873,-136.939,-29.975
165.449,waypoint_2 back,4.946,-136.878,-29.975
165.483,waypoint_2 back,5.038,-136.801,-29.974
165.517,waypoint_2 back,5.111,-136.740,-29.974
165.549,waypoint_2 back,5.184,-136.678,-29.974
165.583,waypoint_2 back,5.258,-136.617,-29.974
165.617,waypoint_2 back,5.331,-136.556,-29.973
165.649,waypoint_2 back,5.404,-136.495,-29.973
165.683,waypoint_2 back,5.495,-136.418,-29.973
165.717,waypoint_2 back,5.569,-136.357,-29.973
165.749,waypoint_2 back,5.642,-136.296,-29.974
165.783,waypoint_2 back,5.715,-136.235,-29.974
165.817,waypoint_2 back,5.788,-136.174,-29.974
165.849,waypoint_2 back,5.861,-136.112,-29.974
165.883,waypoint_2 back,5.953,-136.036,-29.974
165.917,waypoint_2 back,6.026,-135.975,-29.975
165.949,waypoint_2 back,6.099,-135.913,-29.975
165.983,waypoint_2 back,6.172,-135.852,-29.975
166.017,waypoint_2 back,6.245,-135.791,-29.976
166.049,waypoint_2 back,6.318,-135.729,-29.976
166.083,waypoint_2 back,6.410,-135.653,-29.976
166.117,waypoint_2 back,6.483,-135.591,-29.977
166.149,waypoint_2 back,6.556,-135.529,-29.977
166.183,waypoint_2 back,6.629,-135.468,-29.978
166.217,waypoint_2 back,6.703,-135.406,-29.978
166.249,waypoint_2 back,6.776,-135.344,-29.979
166.283,waypoint_2 back,6.868,-135.267,-29.980
166.317,waypoint_2 back,6.941,-135.205,-29.981
166.349,waypoint_2 back,7.014,-135.143,-29.981
166.383,waypoint_2 back,7.088,-135.081,-29.982
166.417,waypoint_2 back,7.161,-135.020,-29.982
166.449,waypoint_2 back,7.235,-134.958,-29.983
166.483,waypoint_2 back,7.327,-134.880,-29.983
166.517,waypoint_2 back,7.401,-134.819,-29.984
166.549,waypoint_2 back,7.474,-134.757,-29.984
166.583,waypoint_2 back,7.548,-134.695,-29.984
166.617,waypoint_2 back,7.621,-134.634,-29.984
166.649,waypoint_2 back,7.695,-134.572,-29.984
166.683,waypoint_2 back,7.787,-134.494,-29.984
166.717,waypoint_2 back,7.861,-134.433,-29.985
166.749,waypoint_2 back,7.935,-134.371,-29.985
166.783,waypoint_2 back,8.008,-134.309,-29.985
166.817,waypoint_2 back,8.082,-134.247,-29.985
166.849,waypoint_2 back,8.155,-134.185,-29.985
166.883,waypoint_2 back,8.247,-134.107,-29.985
166.917,waypoint_2 back,8.321,-134.045,-29.986
166.949,waypoint_2 back,8.394,-133.983,-29.986
166.983,waypoint_2 back,8.467,-133.921,-29.986
167.017,waypoint_2 back,8.540,-133.859,-29.986
167.049,waypoint_2 back,8.613,-133.797,-29.987
167.083,waypoint_2 back,8.704,-133.719,-29.987
167.117,waypoint_2 back,8.777,-133.657,-29.987
167.149,waypoint_2 back,8.850,-133.595,-29.987
167.183,waypoint_2 back,8.923,-133.533,-29.987
167.217,waypoint_2 back,8.996,-133.471,-29.988
167.249,waypoint_2 back,9.068,-133.409,-29.988
167.283,waypoint_2 back,9.159,-133.332,-29.989
167.317,waypoint_2 back,9.232,-133.270,-29.989
167.349,waypoint_2 back,9.305,-133.208,-29.990
167.383,waypoint_2 back,9.377,-133.146,-29.990
167.417,waypoint_2 back,9.450,-133.083,-29.990
167.449,waypoint_2 back,9.523,-133.021,-29.991
167.483,waypoint_2 back,9.613,-132.944,-29.991
167.517,waypoint_2 back,9.686,-132.881,-29.991
167.549,waypoint_2 back,9.758,-132.819,-29.990
167.583,waypoint_2 back,9.831,-132.757,-29.991
167.617,waypoint_2 back,9.903,-132.695,-29.991
167.649,waypoint_2 back,9.976,-132.632,-29.991
167.683,waypoint_2 back,10.067,-132.554,-29.991
167.717,waypoint_2 back,10.139,-132.492,-29.990
167.749,waypoint_2 back,10.212,-132.430,-29.990
167.783,waypoint_2 back,10.284,-132.367,-29.990
167.817,waypoint_2 back,10.356,-132.305,-29.990
167.849,waypoint_2 back,10.429,-132.243,-29.990
167.883,waypoint_2 back,10.519,-132.165,-29.990
167.917,waypoint_2 back,10.591,-132.102,-29.990
167.949,waypoint_2 back,10.663,-132.040,-29.989
167.983,waypoint_2 back,10.736,-131.978,-29.989
168.017,waypoint_2 back,10.808,-131.916,-29.989
168.049,waypoint_2 back,10.880,-131.854,-29.989
168.083,waypoint_2 back,10.971,-131.776,-29.988
168.117,waypoint_2 back,11.043,-131.714,-29.988
168.149,waypoint_2 back,11.116,-131.653,-29.988
168.183,waypoint_2 back,11.188,-131.591,-29.988
168.217,waypoint_2 back,11.261,-131.529,-29.988
168.249,waypoint_2 back,11.334,-131.467,-29.988
168.283,waypoint_2 back,11.426,-131.389,-29.987
168.317,waypoint_2 back,11.499,-131.327,-29.987
168.349,waypoint_2 back,11.573,-131.265,-29.987
168.383,waypoint_2 back,11.646,-131.203,-29.987
168.417,waypoint_2 back,11.720,-131.142,-29.987
168.449,waypoint_2 back,11.794,-131.080,-29.987
168.483,waypoint_2 back,11.886,-131.003,-29.987
168.517,waypoint_2 back,11.960,-130.941,-29.987
168.549,waypoint_2 back,12.034,-130.880,-29.987
168.583,waypoint_2 back,12.108,-130.818,-29.987
168.617,waypoint_2 back,12.182,-130.756,-29.987
168.649,waypoint_2 back,12.256,-130.695,-29.987
168.683,waypoint_2 back,12.348,-130.618,-29.987
168.717,waypoint_2 back,12.422,-130.556,-29.987
168.749,waypoint_2 back,12.496,-130.494,-29.988
168.783,waypoint_2 back,12.569,-130.432,-29.988
168.817,waypoint_2 back,12.642,-130.371,-29.988
168.849,waypoint_2 back,12.716,-130.309,-29.989
168.883,waypoint_2 back,12.807,-130.232,-29.989
168.917,waypoint_2 back,12.880,-130.170,-29.990
168.950,waypoint_1 back,12.953,-130.108,-29.990
168.983,waypoint_1 back,13.026,-130.046,-29.990
169.017,waypoint_1 back,13.099,-129.983,-29.991
169.049,waypoint_1 back,13.172,-129.921,-29.994
169.083,waypoint_1 back,13.263,-129.844,-30.002
169.118,waypoint_1 back,13.335,-129.781,-30.011
169.151,waypoint_1 back,13.406,-129.719,-30.023
169.184,waypoint_1 back,13.474,-129.657,-30.035
169.218,waypoint_1 back,13.539,-129.594,-30.048
169.250,waypoint_1 back,13.600,-129.530,-30.060
169.284,waypoint_1 back,13.671,-129.450,-30.074
169.318,waypoint_1 back,13.723,-129.386,-30.084
169.350,waypoint_1 back,13.769,-129.320,-30.092
169.384,waypoint_1 back,13.810,-129.254,-30.097
169.418,waypoint_1 back,13.846,-129.188,-30.101
169.450,waypoint_1 back,13.875,-129.121,-30.103
169.484,waypoint_1 back,13.904,-129.036,-30.103
169.518,waypoint_1 back,13.921,-128.968,-30.102
169.550,waypoint_1 back,13.932,-128.899,-30.098
169.584,waypoint_1 back,13.937,-128.829,-30.094
169.618,waypoint_1 back,13.937,-128.758,-30.089
169.650,waypoint_1 back,13.933,-128.687,-30.083
169.684,waypoint_1 back,13.920,-128.597,-30.075
169.718,waypoint_1 back,13.904,-128.524,-30.069
169.750,waypoint_1 back,13.884,-128.450,-30.062
169.784,waypoint_1 back,13.861,-128.376,-30.055
169.818,waypoint_1 back,13.833,-128.300,-30.048
169.850,waypoint_1 back,13.802,-128.224,-30.041
169.884,waypoint_1 back,13.759,-128.128,-30.033
169.918,waypoint_1 back,13.721,-128.050,-30.027
169.950,waypoint_1 back,13.681,-127.972,-30.022
169.984,waypoint_1 back,13.638,-127.893,-30.016
170.018,waypoint_1 back,13.594,-127.814,-30.011
170.050,waypoint_1 back,13.547,-127.734,-30.007
170.084,waypoint_1 back,13.486,-127.634,-30.002
170.118,waypoint_1 back,13.436,-127.553,-29.998
170.150,waypoint_1 back,13.385,-127.472,-29.994
170.184,waypoint_1 back,13.332,-127.391,-29.991
170.218,waypoint_1 back,13.279,-127.309,-29.989
170.250,waypoint_1 back,13.225,-127.228,-29.986
170.284,waypoint_1 back,13.157,-127.125,-29.984
170.318,waypoint_1 back,13.101,-127.043,-29.982
170.350,waypoint_1 back,13.046,-126.961,-29.981
170.384,waypoint_1 back,12.990,-126.879,-29.980
170.418,waypoint_1 back,12.933,-126.797,-29.979
170.450,waypoint_1 back,12.876,-126.715,-29.979
170.484,waypoint_1 back,12.805,-126.613,-29.979
170.518,waypoint_1 back,12.749,-126.531,-29.979
170.550,waypoint_1 back,12.692,-126.449,-29.979
170.584,waypoint_1 back,12.635,-126.367,-29.979
170.618,waypoint_1 back,12.578,-126.286,-29.979
170.650,waypoint_1 back,12.521,-126.204,-29.980
170.684,waypoint_1 back,12.450,-126.102,-29.980
170.718,waypoint_1 back,12.394,-126.020,-29.981
170.750,waypoint_1 back,12.337,-125.939,-29.981
170.784,waypoint_1 back,12.281,-125.857,-29.982
170.818,waypoint_1 back,12.225,-125.776,-29.982
170.850,waypoint_1 back,12.169,-125.694,-29.983
170.884,waypoint_1 back,12.100,-125.593,-29.983
170.918,waypoint_1 back,12.044,-125.512,-29.983
170.950,waypoint_1 back,11.989,-125.431,-29.984
170.984,waypoint_1 back,11.934,-125.350,-29.984
171.018,waypoint_1 back,11.878,-125.269,-29.984
171.050,waypoint_1 back,11.824,-125.189,-29.984
171.084,waypoint_1 back,11.755,-125.088,-29.985
171.131,waypoint_1 back,11.701,-125.007,-29.985
171.162,waypoint_1 back,11.647,-124.927,-29.985
171.197,waypoint_1 back,11.593,-124.847,-29.986
171.232,waypoint_1 back,11.539,-124.767,-29.986
171.264,waypoint_1 back,11.485,-124.687,-29.986
171.298,waypoint_1 back,11.417,-124.587,-29.986
171.332,waypoint_1 back,11.364,-124.508,-29.987
171.364,waypoint_1 back,11.310,-124.428,-29.987
171.398,waypoint_1 back,11.256,-124.349,-29.987
171.432,waypoint_1 back,11.202,-124.270,-29.987
171.464,waypoint_1 back,11.148,-124.191,-29.987
171.498,waypoint_1 back,11.080,-124.092,-29.987
171.532,waypoint_1 back,11.025,-124.013,-29.987
171.564,waypoint_1 back,10.971,-123.934,-29.988
171.598,waypoint_1 back,10.917,-123.856,-29.988
171.631,waypoint_1 back,10.863,-123.777,-29.988
171.664,waypoint_1 back,10.808,-123.699,-29.989
171.698,waypoint_1 back,10.740,-123.601,-29.989
171.732,waypoint_1 back,10.686,-123.523,-29.989
171.764,waypoint_1 back,10.631,-123.445,-29.990
171.799,waypoint_1 back,10.576,-123.367,-29.990
171.833,waypoint_1 back,10.521,-123.289,-29.990
171.865,waypoint_1 back,10.466,-123.212,-29.990
171.899,waypoint_1 back,10.397,-123.115,-29.990
171.933,waypoint_1 back,10.341,-123.037,-29.990
171.965,waypoint_1 back,10.286,-122.960,-29.989
171.999,waypoint_1 back,10.229,-122.882,-29.989
172.033,waypoint_1 back,10.173,-122.805,-29.989
172.065,waypoint_1 back,10.117,-122.728,-29.988
172.099,waypoint_1 back,10.046,-122.631,-29.988
172.133,waypoint_1 back,9.990,-122.554,-29.987
172.165,waypoint_1 back,9.933,-122.477,-29.986
172.199,waypoint_1 back,9.876,-122.401,-29.986
172.233,waypoint_1 back,9.819,-122.324,-29.985
172.265,waypoint_1 back,9.761,-122.248,-29.985
172.299,waypoint_1 back,9.689,-122.152,-29.984
172.333,waypoint_1 back,9.631,-122.076,-29.984
172.365,waypoint_1 back,9.573,-121.999,-29.984
172.399,waypoint_1 back,9.515,-121.923,-29.983
172.433,waypoint_1 back,9.457,-121.847,-29.983
172.465,waypoint_1 back,9.398,-121.771,-29.983
172.499,waypoint_1 back,9.325,-121.676,-29.983
172.533,waypoint_1 back,9.266,-121.600,-29.983
172.565,waypoint_1 back,9.207,-121.524,-29.982
172.599,waypoint_1 back,9.148,-121.448,-29.982
172.633,waypoint_1 back,9.089,-121.372,-29.982
172.665,waypoint_1 back,9.030,-121.296,-29.981
172.699,waypoint_1 back,8.956,-121.201,-29.981
172.733,waypoint_1 back,8.897,-121.125,-29.981
172.765,waypoint_1 back,8.838,-121.050,-29.980
172.799,waypoint_1 back,8.779,-120.974,-29.980
172.833,waypoint_1 back,8.720,-120.898,-29.979
172.865,waypoint_1 back,8.661,-120.822,-29.979
172.899,waypoint_1 back,8.587,-120.728,-29.979
172.933,waypoint_1 back,8.528,-120.652,-29.978
172.965,waypoint_1 back,8.469,-120.577,-29.978
172.999,waypoint_1 back,8.410,-120.502,-29.978
173.033,waypoint_1 back,8.350,-120.426,-29.978
173.065,waypoint_1 back,8.291,-120.351,-29.977
173.099,waypoint_1 back,8.217,-120.257,-29.977
173.133,waypoint_1 back,8.158,-120.182,-29.977
173.165,waypoint_1 back,8.098,-120.107,-29.977
173.199,waypoint_1 back,8.039,-120.031,-29.978
173.233,waypoint_1 back,7.979,-119.956,-29.978
173.265,waypoint_1 back,7.920,-119.881,-29.978
173.299,waypoint_1 back,7.846,-119.786,-29.978
173.333,waypoint_1 back,7.786,-119.711,-29.979
173.369,waypoint_1 back,7.726,-119.635,-29.979
173.404,waypoint_1 back,7.667,-119.559,-29.979
173.438,waypoint_1 back,7.608,-119.483,-29.980
173.470,waypoint_1 back,7.548,-119.407,-29.980
173.504,waypoint_1 back,7.474,-119.312,-29.980
173.538,waypoint_1 back,7.414,-119.236,-29.981
173.570,waypoint_1 back,7.355,-119.160,-29.981
173.604,waypoint_1 back,7.295,-119.084,-29.982
173.638,waypoint_1 back,7.236,-119.007,-29.982
173.670,waypoint_1 back,7.176,-118.931,-29.982
173.705,waypoint_1 back,7.102,-118.835,-29.983
173.739,waypoint_1 back,7.043,-118.759,-29.983
173.771,waypoint_1 back,6.983,-118.682,-29.984
173.805,waypoint_1 back,6.923,-118.605,-29.984
173.839,waypoint_1 back,6.863,-118.529,-29.984
173.871,waypoint_1 back,6.803,-118.452,-29.985
173.906,waypoint_1 back,6.729,-118.356,-29.985
173.940,waypoint_1 back,6.668,-118.280,-29.986
173.972,waypoint_1 back,6.608,-118.203,-29.986
174.006,waypoint_1 back,6.548,-118.126,-29.986
174.040,waypoint_1 back,6.488,-118.049,-29.987
174.072,waypoint_1 back,6.428,-117.973,-29.987
174.106,waypoint_1 back,6.353,-117.877,-29.988
174.140,waypoint_1 back,6.293,-117.801,-29.988
174.172,waypoint_1 back,6.233,-117.724,-29.989
174.207,waypoint_1 back,6.172,-117.648,-29.989
174.241,waypoint_1 back,6.112,-117.572,-29.990
174.273,waypoint_1 back,6.052,-117.496,-29.990
174.307,waypoint_1 back,5.977,-117.401,-29.991
174.341,waypoint_1 back,5.917,-117.325,-29.992
174.373,waypoint_1 back,5.857,-117.250,-29.993
174.408,waypoint_1 back,5.797,-117.174,-29.994
174.442,waypoint_1 back,5.736,-117.098,-29.994
174.474,waypoint_1 back,5.676,-117.022,-29.995
174.508,waypoint_1 back,5.601,-116.927,-29.996
174.542,waypoint_1 back,5.541,-116.851,-29.996
174.574,waypoint_1 back,5.481,-116.775,-29.997
174.608,waypoint_1 back,5.421,-116.699,-29.997
174.642,waypoint_1 back,5.361,-116.623,-29.998
174.675,waypoint_1 back,5.301,-116.547,-29.999
174.709,waypoint_1 back,5.226,-116.452,-29.999
174.746,waypoint_1 back,5.166,-116.376,-30.000
174.778,waypoint_1 back,5.106,-116.300,-30.000
174.812,waypoint_1 back,5.046,-116.224,-30.000
174.846,waypoint_1 back,4.986,-116.148,-30.000
174.878,waypoint_1 back,4.926,-116.072,-30.000
174.912,waypoint_1 back,4.850,-115.978,-30.000
174.946,waypoint_1 back,4.790,-115.902,-30.000
174.978,waypoint_1 back,4.730,-115.826,-30.000
175.013,waypoint_1 back,4.670,-115.751,-30.000
175.047,waypoint_1 back,4.610,-115.675,-29.999
175.079,waypoint_1 back,4.549,-115.600,-29.999
175.113,waypoint_1 back,4.474,-115.505,-29.998
175.148,waypoint_1 back,4.414,-115.430,-29.997
175.182,waypoint_1 back,4.354,-115.355,-29.997
175.216,waypoint_1 back,4.294,-115.279,-29.996
175.251,waypoint_1 back,4.234,-115.204,-29.996
175.283,waypoint_1 back,4.174,-115.129,-29.995
175.317,waypoint_1 back,4.099,-115.035,-29.994
175.351,waypoint_1 back,4.039,-114.960,-29.994
175.383,waypoint_1 back,3.979,-114.884,-29.993
175.417,waypoint_1 back,3.919,-114.809,-29.993
175.451,waypoint_1 back,3.859,-114.734,-29.992
175.483,waypoint_1 back,3.799,-114.659,-29.992
175.517,waypoint_1 back,3.724,-114.565,-29.992
175.551,waypoint_1 back,3.664,-114.490,-29.991
175.583,waypoint_1 back,3.604,-114.415,-29.991
175.617,waypoint_1 back,3.544,-114.340,-29.991
175.651,waypoint_1 back,3.484,-114.265,-29.991
175.683,waypoint_1 back,3.424,-114.190,-29.991
175.717,waypoint_1 back,3.349,-114.096,-29.991
175.751,waypoint_1 back,3.289,-114.021,-29.991
175.783,waypoint_1 back,3.229,-113.946,-29.991
175.817,waypoint_1 back,3.169,-113.871,-29.991
175.851,waypoint_1 back,3.109,-113.796,-29.991
175.883,waypoint_1 back,3.048,-113.721,-29.991
175.917,waypoint_1 back,2.973,-113.627,-29.991
175.951,waypoint_1 back,2.913,-113.552,-29.991
175.983,waypoint_1 back,2.853,-113.477,-29.992
176.017,waypoint_1 back,2.793,-113.401,-29.992
176.051,waypoint_1 back,2.733,-113.326,-29.992
176.083,waypoint_1 back,2.673,-113.251,-29.993
176.117,waypoint_1 back,2.598,-113.157,-29.993
176.151,waypoint_1 back,2.538,-113.082,-29.993
176.183,waypoint_1 back,2.478,-113.006,-29.994
176.217,waypoint_1 back,2.418,-112.931,-29.994
176.251,waypoint_1 back,2.357,-112.855,-29.995
176.283,waypoint_1 back,2.297,-112.779,-29.995
176.317,waypoint_1 back,2.222,-112.685,-29.996
176.351,waypoint_1 back,2.162,-112.609,-29.996
176.383,waypoint_1 back,2.101,-112.533,-29.997
176.417,waypoint_1 back,2.041,-112.457,-29.997
176.451,waypoint_1 back,1.980,-112.380,-29.998
176.483,waypoint_1 back,1.920,-112.304,-29.998
176.517,waypoint_1 back,1.844,-112.208,-29.999
176.552,waypoint_1 back,1.783,-112.132,-30.000
176.583,waypoint_1 back,1.722,-112.055,-30.000
176.619,waypoint_1 back,1.661,-111.979,-30.000
176.653,waypoint_1 back,1.600,-111.902,-30.001
176.685,waypoint_1 back,1.539,-111.825,-30.001
176.719,waypoint_1 back,1.463,-111.730,-30.002
176.753,waypoint_1 back,1.402,-111.653,-30.002
176.785,waypoint_1 back,1.341,-111.576,-30.002
176.819,waypoint_1 back,1.281,-111.500,-30.003
176.854,waypoint_1 back,1.220,-111.423,-30.003
176.886,waypoint_1 back,1.160,-111.347,-30.003
176.920,waypoint_1 back,1.084,-111.251,-30.004
176.954,waypoint_1 back,1.024,-111.175,-30.004
176.986,waypoint_1 back,0.963,-111.099,-30.004
177.020,waypoint_1 back,0.903,-111.022,-30.004
177.054,waypoint_1 back,0.843,-110.946,-30.004
177.086,waypoint_1 back,0.783,-110.869,-30.004
177.122,waypoint_1 back,0.708,-110.774,-30.004
177.156,waypoint_1 back,0.648,-110.697,-30.004
177.188,waypoint_1 back,0.588,-110.620,-30.003
177.222,waypoint_1 back,0.527,-110.543,-30.003
177.256,waypoint_1 back,0.467,-110.466,-30.003
177.288,waypoint_1 back,0.407,-110.389,-30.003
177.322,waypoint_1 back,0.332,-110.293,-30.003
177.356,waypoint_1 back,0.272,-110.216,-30.002
177.388,waypoint_1 back,0.212,-110.139,-30.002
177.422,waypoint_1 back,0.152,-110.061,-30.002
177.456,waypoint_1 back,0.092,-109.984,-30.002
177.488,waypoint_1 back,0.032,-109.906,-30.002
177.522,waypoint_1 back,-0.042,-109.809,-30.002
177.556,waypoint_1 back,-0.102,-109.731,-30.001
177.588,waypoint_1 back,-0.162,-109.653,-30.001
177.624,waypoint_1 back,-0.222,-109.576,-30.001
177.658,waypoint_1 back,-0.282,-109.498,-30.002
177.690,waypoint_1 back,-0.342,-109.420,-30.002
177.724,waypoint_1 back,-0.417,-109.322,-30.002
177.758,waypoint_1 back,-0.477,-109.244,-30.002
177.790,waypoint_1 back,-0.538,-109.166,-30.002
177.824,waypoint_1 back,-0.598,-109.088,-30.002
177.858,waypoint_1 back,-0.658,-109.010,-30.002
177.890,waypoint_1 back,-0.718,-108.931,-30.002
177.924,waypoint_1 back,-0.793,-108.833,-30.003
177.958,waypoint_1 back,-0.852,-108.755,-30.003
177.990,waypoint_1 back,-0.912,-108.677,-30.003
178.024,waypoint_1 back,-0.971,-108.598,-30.003
178.058,waypoint_1 back,-1.031,-108.520,-30.003
178.090,waypoint_1 back,-1.090,-108.442,-30.003
178.125,waypoint_1 back,-1.164,-108.344,-30.003
178.159,waypoint_1 back,-1.223,-108.266,-30.003
178.191,waypoint_1 back,-1.282,-108.188,-30.003
178.225,waypoint_1 back,-1.341,-108.109,-30.003
178.259,waypoint_1 back,-1.400,-108.031,-30.002
178.291,waypoint_1 back,-1.458,-107.953,-30.002
178.325,waypoint_1 back,-1.531,-107.855,-30.002
178.359,waypoint_1 back,-1.590,-107.777,-30.002
178.391,waypoint_1 back,-1.648,-107.699,-30.002
178.425,waypoint_1 back,-1.706,-107.621,-30.002
178.459,waypoint_1 back,-1.764,-107.543,-30.001
178.491,waypoint_1 back,-1.822,-107.466,-30.001
178.525,waypoint_1 back,-1.894,-107.369,-30.001
178.559,waypoint_1 back,-1.952,-107.291,-30.001
178.591,waypoint_1 back,-2.010,-107.213,-30.001
178.625,waypoint_1 back,-2.067,-107.136,-30.001
178.659,waypoint_1 back,-2.125,-107.058,-30.001
178.691,waypoint_1 back,-2.183,-106.980,-30.001
178.725,waypoint_1 back,-2.255,-106.883,-30.001
178.759,waypoint_1 back,-2.313,-106.805,-30.001
178.791,waypoint_1 back,-2.371,-106.728,-30.001
178.825,waypoint_1 back,-2.429,-106.650,-30.000
178.859,waypoint_1 back,-2.488,-106.572,-30.000
178.891,waypoint_1 back,-2.546,-106.495,-30.000
178.925,waypoint_1 back,-2.619,-106.398,-30.000
178.959,waypoint_1 back,-2.677,-106.320,-30.000
178.991,waypoint_1 back,-2.736,-106.242,-30.001
179.025,waypoint_1 back,-2.795,-106.165,-30.001
179.059,waypoint_1 back,-2.854,-106.087,-30.001
179.091,waypoint_1 back,-2.913,-106.010,-30.001
179.125,waypoint_1 back,-2.987,-105.913,-30.001
179.159,waypoint_1 back,-3.046,-105.835,-30.001
179.191,waypoint_1 back,-3.105,-105.758,-30.001
179.225,waypoint_1 back,-3.163,-105.681,-30.001
179.259,waypoint_1 back,-3.222,-105.603,-30.001
179.291,waypoint_1 back,-3.280,-105.526,-30.001
179.325,waypoint_1 back,-3.353,-105.430,-30.001
179.359,waypoint_1 back,-3.411,-105.353,-30.001
179.391,waypoint_1 back,-3.469,-105.276,-30.001
179.425,waypoint_1 back,-3.528,-105.199,-30.001
179.459,waypoint_1 back,-3.586,-105.122,-30.001
179.491,waypoint_1 back,-3.644,-105.045,-30.002
179.525,waypoint_1 back,-3.717,-104.949,-30.002
179.559,waypoint_1 back,-3.775,-104.872,-30.003
179.591,waypoint_1 back,-3.833,-104.796,-30.003
179.625,waypoint_1 back,-3.891,-104.719,-30.004
179.659,waypoint_1 back,-3.949,-104.642,-30.005
179.691,waypoint_1 back,-4.008,-104.565,-30.006
179.725,waypoint_1 back,-4.081,-104.469,-30.007
179.759,waypoint_1 back,-4.139,-104.393,-30.008
179.791,waypoint_1 back,-4.198,-104.316,-30.008
179.825,waypoint_1 back,-4.256,-104.239,-30.009
179.859,waypoint_1 back,-4.315,-104.162,-30.010
179.891,waypoint_1 back,-4.374,-104.085,-30.011
179.925,waypoint_1 back,-4.448,-103.988,-30.012
179.959,waypoint_1 back,-4.506,-103.911,-30.013
179.991,waypoint_1 back,-4.565,-103.834,-30.013
180.025,waypoint_1 back,-4.624,-103.757,-30.014
180.059,waypoint_1 back,-4.683,-103.679,-30.014
180.091,waypoint_1 back,-4.742,-103.602,-30.015
180.125,waypoint_1 back,-4.816,-103.505,-30.015
180.159,waypoint_1 back,-4.875,-103.428,-30.015
180.191,waypoint_1 back,-4.934,-103.351,-30.015
180.225,waypoint_1 back,-4.993,-103.273,-30.015
180.259,waypoint_1 back,-5.052,-103.196,-30.016
180.291,waypoint_1 back,-5.110,-103.118,-30.016
180.326,waypoint_1 back,-5.183,-103.021,-30.016
180.360,waypoint_1 back,-5.242,-102.944,-30.016
180.392,waypoint_1 back,-5.300,-102.866,-30.016
180.426,waypoint_1 back,-5.359,-102.789,-30.016
180.460,waypoint_1 back,-5.417,-102.711,-30.016
180.492,waypoint_1 back,-5.475,-102.634,-30.016
180.526,waypoint_1 back,-5.548,-102.536,-30.017
180.560,waypoint_1 back,-5.606,-102.459,-30.017
180.592,waypoint_1 back,-5.664,-102.381,-30.017
180.626,waypoint_1 back,-5.722,-102.303,-30.017
180.660,waypoint_1 back,-5.780,-102.226,-30.017
180.692,waypoint_1 back,-5.838,-102.148,-30.017
180.726,waypoint_1 back,-5.911,-102.051,-30.017
180.761,waypoint_1 back,-5.969,-101.973,-30.017
180.792,waypoint_1 back,-6.027,-101.895,-30.017
180.827,waypoint_1 back,-6.085,-101.817,-30.017
180.861,waypoint_1 back,-6.143,-101.739,-30.017
180.893,waypoint_1 back,-6.201,-101.661,-30.017
180.928,waypoint_1 back,-6.274,-101.563,-30.017
180.961,waypoint_1 back,-6.331,-101.485,-30.017
180.993,waypoint_1 back,-6.389,-101.407,-30.017
181.027,waypoint_1 back,-6.446,-101.328,-30.017
181.061,waypoint_1 back,-6.504,-101.250,-30.018
181.093,waypoint_1 back,-6.561,-101.172,-30.018
181.127,waypoint_1 back,-6.632,-101.074,-30.018
181.161,waypoint_1 back,-6.689,-100.995,-30.018
181.193,waypoint_1 back,-6.746,-100.917,-30.018
181.227,waypoint_1 back,-6.802,-100.839,-30.018
181.261,waypoint_1 back,-6.859,-100.760,-30.018
181.293,waypoint_1 back,-6.915,-100.681,-30.018
181.327,waypoint_1 back,-6.986,-100.583,-30.018
181.361,waypoint_1 back,-7.042,-100.504,-30.018
181.393,waypoint_1 back,-7.098,-100.426,-30.018
181.427,waypoint_1 back,-7.154,-100.347,-30.018
181.461,waypoint_1 back,-7.210,-100.269,-30.018
181.493,waypoint_1 back,-7.266,-100.190,-30.017
181.527,waypoint_1 back,-7.336,-100.092,-30.017
181.561,waypoint_1 back,-7.391,-100.013,-30.016
181.593,waypoint_1 back,-7.447,-99.934,-30.016
181.627,waypoint_1 back,-7.503,-99.856,-30.015
181.661,waypoint_1 back,-7.558,-99.777,-30.015
181.693,waypoint_1 back,-7.614,-99.699,-30.015
181.727,waypoint_1 back,-7.683,-99.601,-30.014
181.762,waypoint_1 back,-7.739,-99.523,-30.014
181.793,waypoint_1 back,-7.794,-99.444,-30.014
181.827,waypoint_1 back,-7.850,-99.366,-30.014
181.861,waypoint_1 back,-7.905,-99.288,-30.013
181.893,waypoint_1 back,-7.961,-99.209,-30.013
181.928,waypoint_1 back,-8.030,-99.111,-30.013
181.963,waypoint_1 back,-8.086,-99.033,-30.012
181.995,waypoint_1 back,-8.141,-98.955,-30.012
182.028,waypoint_1 back,-8.197,-98.876,-30.012
182.062,waypoint_1 back,-8.252,-98.798,-30.012
182.095,waypoint_1 back,-8.308,-98.720,-30.012
182.132,waypoint_1 back,-8.377,-98.622,-30.012
182.166,waypoint_1 back,-8.432,-98.543,-30.012
182.198,waypoint_1 back,-8.488,-98.465,-30.012
182.231,waypoint_1 back,-8.543,-98.387,-30.012
182.266,waypoint_1 back,-8.598,-98.309,-30.012
182.298,waypoint_1 back,-8.654,-98.231,-30.012
182.332,waypoint_1 back,-8.723,-98.133,-30.013
182.366,waypoint_1 back,-8.778,-98.055,-30.013
182.398,waypoint_1 back,-8.833,-97.977,-30.013
182.432,waypoint_1 back,-8.889,-97.899,-30.013
182.466,waypoint_1 back,-8.944,-97.821,-30.013
182.498,waypoint_1 back,-9.000,-97.742,-30.013
182.532,waypoint_1 back,-9.069,-97.645,-30.014
182.566,waypoint_1 back,-9.125,-97.566,-30.014
182.598,waypoint_1 back,-9.181,-97.488,-30.014
182.632,waypoint_1 back,-9.237,-97.410,-30.014
182.666,waypoint_1 back,-9.292,-97.331,-30.014
182.698,waypoint_1 back,-9.348,-97.253,-30.014
182.732,waypoint_1 back,-9.418,-97.155,-30.015
182.765,waypoint_1 back,-9.474,-97.077,-30.015
182.798,waypoint_1 back,-9.530,-96.998,-30.015
182.831,waypoint_1 back,-9.586,-96.920,-30.015
182.865,waypoint_1 back,-9.642,-96.842,-30.015
182.898,waypoint_1 back,-9.699,-96.764,-30.015
182.931,waypoint_1 back,-9.768,-96.666,-30.015
182.966,waypoint_1 back,-9.824,-96.588,-30.015
182.998,waypoint_1 back,-9.880,-96.510,-30.015
183.033,waypoint_1 back,-9.936,-96.432,-30.015
183.067,waypoint_1 back,-9.991,-96.353,-30.015
183.099,waypoint_1 back,-10.046,-96.275,-30.015
183.133,waypoint_1 back,-10.115,-96.177,-30.015
183.167,waypoint_1 back,-10.170,-96.099,-30.015
183.199,waypoint_1 back,-10.225,-96.021,-30.015
183.233,waypoint_1 back,-10.280,-95.943,-30.015
183.267,waypoint_1 back,-10.335,-95.865,-30.015
183.299,waypoint_1 back,-10.390,-95.787,-30.015
183.333,waypoint_1 back,-10.458,-95.689,-30.015
183.368,waypoint_1 back,-10.513,-95.611,-30.015
183.400,waypoint_1 back,-10.568,-95.533,-30.014
183.434,waypoint_1 back,-10.622,-95.455,-30.014
183.468,waypoint_1 back,-10.677,-95.377,-30.014
183.500,waypoint_1 back,-10.732,-95.299,-30.014
183.534,waypoint_1 back,-10.800,-95.202,-30.014
183.568,waypoint_1 back,-10.855,-95.124,-30.013
183.600,waypoint_1 back,-10.909,-95.046,-30.013
183.634,waypoint_1 back,-10.964,-94.969,-30.013
183.668,waypoint_1 back,-11.018,-94.891,-30.013
183.700,waypoint_1 back,-11.073,-94.813,-30.013
183.734,waypoint_1 back,-11.141,-94.716,-30.013
183.768,waypoint_1 back,-11.196,-94.639,-30.013
183.800,waypoint_1 back,-11.250,-94.561,-30.013
183.834,waypoint_1 back,-11.305,-94.483,-30.013
183.868,waypoint_1 back,-11.360,-94.405,-30.013
183.900,waypoint_1 back,-11.415,-94.327,-30.013
183.934,waypoint_1 back,-11.483,-94.230,-30.013
183.968,waypoint_1 back,-11.538,-94.152,-30.013
184.000,waypoint_1 back,-11.593,-94.074,-30.013
184.037,waypoint_1 back,-11.648,-93.995,-30.013
184.072,waypoint_1 back,-11.703,-93.917,-30.013
184.104,waypoint_1 back,-11.758,-93.839,-30.013
184.138,waypoint_1 back,-11.827,-93.741,-30.013
184.172,waypoint_1 back,-11.883,-93.663,-30.013
184.204,waypoint_1 back,-11.939,-93.584,-30.013
184.238,waypoint_1 back,-11.994,-93.506,-30.013
184.272,waypoint_1 back,-12.050,-93.427,-30.014
184.304,waypoint_1 back,-12.106,-93.348,-30.014
184.338,waypoint_1 back,-12.175,-93.250,-30.015
184.372,waypoint_1 back,-12.231,-93.171,-30.015
184.404,waypoint_1 back,-12.287,-93.092,-30.016
184.438,waypoint_1 back,-12.343,-93.014,-30.016
184.472,waypoint_1 back,-12.399,-92.935,-30.017
184.504,waypoint_1 back,-12.454,-92.856,-30.017
184.538,waypoint_1 back,-12.524,-92.758,-30.018
184.572,waypoint_1 back,-12.580,-92.679,-30.018
184.604,waypoint_1 back,-12.635,-92.601,-30.019
184.638,waypoint_1 back,-12.691,-92.523,-30.019
184.672,waypoint_1 back,-12.747,-92.444,-30.020
184.704,waypoint_1 back,-12.803,-92.366,-30.020
184.738,waypoint_1 back,-12.872,-92.268,-30.020
184.772,waypoint_1 back,-12.928,-92.190,-30.021
184.804,waypoint_1 back,-12.984,-92.112,-30.021
184.838,waypoint_1 back,-13.040,-92.034,-30.021
184.872,waypoint_1 back,-13.096,-91.957,-30.021
184.904,waypoint_1 back,-13.151,-91.879,-30.021
184.938,waypoint_1 back,-13.221,-91.782,-30.021
184.972,waypoint_1 back,-13.277,-91.704,-30.021
185.004,waypoint_1 back,-13.333,-91.627,-30.021
185.038,waypoint_1 back,-13.388,-91.549,-30.021
185.072,waypoint_1 back,-13.444,-91.472,-30.021
185.104,waypoint_1 back,-13.500,-91.395,-30.020
185.138,waypoint_1 back,-13.569,-91.298,-30.020
185.172,waypoint_1 back,-13.625,-91.221,-30.020
185.204,waypoint_1 back,-13.680,-91.144,-30.020
185.238,waypoint_1 back,-13.735,-91.066,-30.020
185.272,waypoint_1 back,-13.791,-90.989,-30.020
185.304,waypoint_1 back,-13.846,-90.912,-30.020
185.338,waypoint_1 back,-13.915,-90.815,-30.020
185.372,waypoint_1 back,-13.970,-90.738,-30.021
185.404,waypoint_1 back,-14.026,-90.661,-30.021
185.438,waypoint_1 back,-14.081,-90.584,-30.021
185.472,waypoint_1 back,-14.136,-90.506,-30.021
185.504,waypoint_1 back,-14.191,-90.429,-30.021
185.538,waypoint_1 back,-14.261,-90.332,-30.021
185.572,waypoint_1 back,-14.316,-90.254,-30.021
185.604,waypoint_1 back,-14.372,-90.177,-30.021
185.638,waypoint_1 back,-14.427,-90.099,-30.021
185.672,waypoint_1 back,-14.483,-90.022,-30.022
185.704,waypoint_1 back,-14.539,-89.945,-30.022
185.738,waypoint_1 back,-14.608,-89.848,-30.022
185.772,waypoint_1 back,-14.664,-89.770,-30.022
185.804,waypoint_1 back,-14.720,-89.693,-30.022
185.838,waypoint_1 back,-14.776,-89.615,-30.022
185.872,waypoint_1 back,-14.832,-89.538,-30.022
185.904,waypoint_1 back,-14.888,-89.460,-30.023
185.938,waypoint_1 back,-14.958,-89.364,-30.023
185.972,waypoint_1 back,-15.013,-89.286,-30.023
186.004,waypoint_1 back,-15.069,-89.209,-30.024
186.038,waypoint_1 back,-15.125,-89.132,-30.024
186.072,waypoint_1 back,-15.181,-89.054,-30.024
186.104,waypoint_1 back,-15.237,-88.977,-30.025
186.138,waypoint_1 back,-15.306,-88.880,-30.025
186.172,waypoint_1 back,-15.362,-88.803,-30.026
186.204,waypoint_1 back,-15.418,-88.725,-30.027
186.238,waypoint_1 back,-15.474,-88.648,-30.027
186.272,waypoint_1 back,-15.529,-88.570,-30.028
186.304,waypoint_1 back,-15.585,-88.492,-30.028
186.338,waypoint_1 back,-15.654,-88.395,-30.028
186.372,waypoint_1 back,-15.709,-88.317,-30.029
186.404,waypoint_1 back,-15.764,-88.239,-30.029
186.438,waypoint_1 back,-15.820,-88.161,-30.029
186.473,waypoint_1 back,-15.875,-88.083,-30.029
186.505,waypoint_1 back,-15.930,-88.005,-30.029
186.539,waypoint_1 back,-15.999,-87.907,-30.028
186.573,waypoint_1 back,-16.054,-87.829,-30.028
186.605,waypoint_1 back,-16.109,-87.750,-30.028
186.639,waypoint_1 back,-16.164,-87.672,-30.028
186.673,waypoint_1 back,-16.219,-87.594,-30.028
186.705,waypoint_1 back,-16.275,-87.516,-30.028
186.740,waypoint_1 back,-16.343,-87.418,-30.028
186.774,waypoint_1 back,-16.399,-87.339,-30.027
186.806,waypoint_1 back,-16.454,-87.261,-30.027
186.840,waypoint_1 back,-16.509,-87.183,-30.027
186.874,waypoint_1 back,-16.564,-87.105,-30.026
186.906,waypoint_1 back,-16.620,-87.026,-30.026
186.940,waypoint_1 back,-16.689,-86.928,-30.026
186.983,waypoint_1 back,-16.744,-86.850,-30.025
187.015,waypoint_1 back,-16.800,-86.772,-30.025
187.049,waypoint_1 back,-16.856,-86.693,-30.024
187.083,waypoint_1 back,-16.911,-86.615,-30.024
187.116,waypoint_1 back,-16.967,-86.536,-30.023
187.151,waypoint_1 back,-17.036,-86.438,-30.022
187.185,waypoint_1 back,-17.092,-86.359,-30.021
187.217,waypoint_1 back,-17.148,-86.280,-30.020
187.251,waypoint_1 back,-17.203,-86.202,-30.020
187.285,waypoint_1 back,-17.259,-86.123,-30.019
187.317,waypoint_1 back,-17.315,-86.044,-30.018
187.351,waypoint_1 back,-17.384,-85.946,-30.017
187.385,waypoint_1 back,-17.440,-85.868,-30.017
187.417,waypoint_1 back,-17.495,-85.789,-30.016
187.451,waypoint_1 back,-17.551,-85.711,-30.015
187.485,waypoint_1 back,-17.606,-85.632,-30.015
187.517,waypoint_1 back,-17.662,-85.554,-30.014
187.551,waypoint_1 back,-17.731,-85.456,-30.014
187.585,waypoint_1 back,-17.786,-85.377,-30.013
187.617,waypoint_1 back,-17.842,-85.299,-30.013
187.651,waypoint_1 back,-17.897,-85.220,-30.012
187.685,waypoint_1 back,-17.952,-85.141,-30.011
187.719,waypoint_1 back,-18.007,-85.063,-30.011
187.753,waypoint_1 back,-18.076,-84.965,-30.010
187.787,waypoint_1 back,-18.131,-84.886,-30.009
187.819,waypoint_1 back,-18.186,-84.808,-30.009
187.853,waypoint_1 back,-18.241,-84.729,-30.008
187.887,waypoint_1 back,-18.296,-84.651,-30.008
187.919,waypoint_1 back,-18.351,-84.572,-30.008
187.953,waypoint_1 back,-18.419,-84.474,-30.007
187.987,waypoint_1 back,-18.474,-84.395,-30.007
188.019,waypoint_1 back,-18.529,-84.317,-30.007
188.053,waypoint_1 back,-18.585,-84.238,-30.007
188.087,waypoint_1 back,-18.640,-84.159,-30.007
188.119,waypoint_1 back,-18.695,-84.081,-30.006
188.153,waypoint_1 back,-18.763,-83.982,-30.006
188.187,waypoint_1 back,-18.818,-83.904,-30.006
188.219,waypoint_1 back,-18.873,-83.825,-30.006
188.253,waypoint_1 back,-18.928,-83.746,-30.005
188.287,waypoint_1 back,-18.983,-83.667,-30.005
188.319,waypoint_1 back,-19.038,-83.589,-30.005
188.353,waypoint_1 back,-19.107,-83.490,-30.005
188.387,waypoint_1 back,-19.163,-83.412,-30.005
188.419,waypoint_1 back,-19.218,-83.333,-30.006
188.453,waypoint_1 back,-19.273,-83.254,-30.006
188.487,waypoint_1 back,-19.328,-83.175,-30.007
188.519,waypoint_1 back,-19.384,-83.096,-30.007
188.553,waypoint_1 back,-19.453,-82.997,-30.008
188.586,waypoint_1 back,-19.508,-82.918,-30.008
188.620,waypoint_1 back,-19.563,-82.839,-30.009
188.652,waypoint_1 back,-19.619,-82.760,-30.009
188.686,waypoint_1 back,-19.674,-82.680,-30.009
188.720,waypoint_1 back,-19.743,-82.581,-30.010
188.752,waypoint_1 back,-19.798,-82.502,-30.010
188.786,waypoint_1 back,-19.853,-82.422,-30.010
188.820,waypoint_1 back,-19.908,-82.343,-30.010
188.852,waypoint_1 back,-19.963,-82.263,-30.011
188.886,waypoint_1 back,-20.018,-82.183,-30.011
188.920,waypoint_1 back,-20.086,-82.084,-30.011
188.952,waypoint_1 back,-20.140,-82.004,-30.012
188.986,waypoint_1 back,-20.195,-81.925,-30.012
189.020,waypoint_1 back,-20.249,-81.845,-30.013
189.052,waypoint_1 back,-20.303,-81.766,-30.013
189.086,waypoint_1 back,-20.357,-81.687,-30.014
189.120,waypoint_1 back,-20.425,-81.588,-30.014
189.152,waypoint_1 back,-20.479,-81.509,-30.015
189.186,waypoint_1 back,-20.533,-81.430,-30.015
189.220,waypoint_1 back,-20.587,-81.350,-30.016
189.252,waypoint_1 back,-20.642,-81.271,-30.016
189.286,waypoint_1 back,-20.696,-81.192,-30.017
189.320,waypoint_1 back,-20.764,-81.093,-30.017
189.352,waypoint_1 back,-20.819,-81.014,-30.017
189.386,waypoint_1 back,-20.874,-80.935,-30.017
189.421,waypoint_1 back,-20.928,-80.856,-30.017
189.453,waypoint_1 back,-20.983,-80.777,-30.017
189.487,waypoint_1 back,-21.038,-80.698,-30.017
189.521,waypoint_1 back,-21.107,-80.599,-30.017
189.553,waypoint_1 back,-21.161,-80.520,-30.017
189.587,waypoint_1 back,-21.216,-80.441,-30.017
189.621,waypoint_1 back,-21.271,-80.363,-30.017
189.654,waypoint_1 back,-21.325,-80.284,-30.017
189.688,waypoint_1 back,-21.380,-80.206,-30.017
189.722,spawn,-21.449,-80.108,-30.016
189.754,spawn,-21.503,-80.029,-30.016
189.788,spawn,-21.558,-79.951,-30.017
189.822,spawn,-21.613,-79.873,-30.019
189.854,spawn,-21.668,-79.795,-30.022
189.888,spawn,-21.722,-79.717,-30.027
189.922,spawn,-21.787,-79.619,-30.034
189.954,spawn,-21.838,-79.540,-30.040
189.988,spawn,-21.886,-79.462,-30.046
190.022,spawn,-21.932,-79.383,-30.051
190.054,spawn,-21.975,-79.304,-30.056
190.089,spawn,-22.014,-79.224,-30.060
190.123,spawn,-22.058,-79.123,-30.064
190.155,spawn,-22.089,-79.042,-30.066
190.189,spawn,-22.115,-78.961,-30.068
190.223,spawn,-22.138,-78.879,-30.068
190.255,spawn,-22.157,-78.796,-30.068
190.289,spawn,-22.172,-78.713,-30.067
190.323,spawn,-22.186,-78.609,-30.064
190.356,spawn,-22.193,-78.525,-30.062
190.390,spawn,-22.197,-78.441,-30.059
190.425,spawn,-22.197,-78.356,-30.056
190.457,spawn,-22.194,-78.271,-30.053
190.492,spawn,-22.189,-78.186,-30.050
190.525,spawn,-22.178,-78.079,-30.046
190.557,spawn,-22.167,-77.993,-30.043
190.591,spawn,-22.153,-77.907,-30.040
190.625,spawn,-22.138,-77.821,-30.037
190.657,spawn,-22.121,-77.734,-30.034
190.691,spawn,-22.103,-77.648,-30.031
190.725,spawn,-22.078,-77.540,-30.028
190.757,spawn,-22.056,-77.453,-30.025
190.791,spawn,-22.034,-77.366,-30.023
190.825,spawn,-22.011,-77.279,-30.021
190.857,spawn,-21.987,-77.192,-30.019
190.891,spawn,-21.962,-77.105,-30.017
190.925,spawn,-21.931,-76.997,-30.015
190.957,spawn,-21.905,-76.910,-30.013
190.992,spawn,-21.879,-76.823,-30.012
191.025,spawn,-21.853,-76.737,-30.010
191.058,spawn,-21.827,-76.650,-30.009
191.091,spawn,-21.800,-76.564,-30.008
191.125,spawn,-21.767,-76.456,-30.007
191.158,spawn,-21.740,-76.369,-30.006
191.191,spawn,-21.713,-76.283,-30.005
191.225,spawn,-21.685,-76.196,-30.005
191.257,spawn,-21.658,-76.110,-30.004
191.291,spawn,-21.631,-76.024,-30.004
191.325,spawn,-21.597,-75.916,-30.003
191.357,spawn,-21.570,-75.829,-30.003
191.391,spawn,-21.543,-75.743,-30.002
191.425,spawn,-21.516,-75.657,-30.002
191.457,spawn,-21.488,-75.570,-30.001
191.491,spawn,-21.461,-75.484,-30.001
191.525,spawn,-21.428,-75.376,-30.001
191.557,spawn,-21.401,-75.289,-30.001
191.591,spawn,-21.375,-75.202,-30.001
191.625,spawn,-21.348,-75.115,-30.001
191.658,spawn,-21.322,-75.028,-30.001
191.691,spawn,-21.295,-74.941,-30.001
191.725,spawn,-21.262,-74.832,-30.001
191.757,spawn,-21.236,-74.745,-30.001
191.791,spawn,-21.210,-74.658,-30.001
191.825,spawn,-21.184,-74.570,-30.001
191.858,spawn,-21.158,-74.482,-30.001
191.891,spawn,-21.132,-74.395,-30.001
191.925,spawn,-21.100,-74.285,-30.000
191.958,spawn,-21.074,-74.197,-30.000
191.991,spawn,-21.049,-74.108,-30.000
192.025,spawn,-21.023,-74.020,-30.000
192.058,spawn,-20.997,-73.932,-29.999
192.091,spawn,-20.972,-73.843,-29.999
192.125,spawn,-20.940,-73.732,-29.999
192.158,spawn,-20.914,-73.644,-29.998
192.191,spawn,-20.889,-73.555,-29.998
192.225,spawn,-20.863,-73.466,-29.997
192.257,spawn,-20.837,-73.377,-29.997
192.291,spawn,-20.812,-73.287,-29.996
192.325,spawn,-20.780,-73.176,-29.996
192.359,spawn,-20.754,-73.086,-29.995
192.393,spawn,-20.728,-72.996,-29.995
192.426,spawn,-20.703,-72.906,-29.994
192.459,spawn,-20.677,-72.816,-29.994
192.492,spawn,-20.651,-72.726,-29.994
192.527,spawn,-20.619,-72.613,-29.994
192.559,spawn,-20.593,-72.522,-29.994
192.592,spawn,-20.567,-72.432,-29.994
192.627,spawn,-20.541,-72.341,-29.994
192.659,spawn,-20.515,-72.250,-29.993
192.692,spawn,-20.489,-72.159,-29.993
192.726,spawn,-20.456,-72.046,-29.993
192.773,spawn,-20.430,-71.955,-29.994
192.806,spawn,-20.403,-71.864,-29.994
192.840,spawn,-20.377,-71.773,-29.994
192.872,spawn,-20.351,-71.681,-29.994
192.906,spawn,-20.324,-71.590,-29.995
192.940,spawn,-20.292,-71.475,-29.995
192.972,spawn,-20.265,-71.384,-29.995
193.006,spawn,-20.239,-71.292,-29.996
193.040,spawn,-20.213,-71.201,-29.996
193.083,spawn,-20.186,-71.109,-29.997
193.136,spawn,-20.160,-71.017,-29.998
193.172,spawn,-20.127,-70.902,-29.999
193.204,spawn,-20.100,-70.810,-29.999
193.238,spawn,-20.074,-70.718,-30.000
193.272,spawn,-20.047,-70.626,-30.000
193.304,spawn,-20.021,-70.534,-30.001
193.338,spawn,-19.995,-70.441,-30.001
193.372,spawn,-19.962,-70.326,-30.002
193.404,spawn,-19.935,-70.233,-30.002
193.438,spawn,-19.909,-70.141,-30.002
193.472,spawn,-19.883,-70.048,-30.003
193.504,spawn,-19.856,-69.955,-30.003
193.538,spawn,-19.829,-69.863,-30.003
193.572,spawn,-19.796,-69.747,-30.004
193.604,spawn,-19.769,-69.654,-30.004
193.638,spawn,-19.742,-69.561,-30.004
193.672,spawn,-19.714,-69.468,-30.004
193.704,spawn,-19.687,-69.374,-30.005
193.738,spawn,-19.660,-69.281,-30.005
193.772,spawn,-19.625,-69.164,-30.005
193.804,spawn,-19.598,-69.071,-30.005
193.838,spawn,-19.570,-68.978,-30.006
193.872,spawn,-19.543,-68.885,-30.006
193.904,spawn,-19.515,-68.791,-30.007
193.938,spawn,-19.488,-68.698,-30.007
193.972,spawn,-19.454,-68.581,-30.008
194.004,spawn,-19.427,-68.487,-30.008
194.038,spawn,-19.399,-68.394,-30.009
194.072,spawn,-19.372,-68.300,-30.009
194.104,spawn,-19.344,-68.206,-30.009
194.138,spawn,-19.317,-68.112,-30.010
194.172,spawn,-19.282,-67.995,-30.010
194.204,spawn,-19.254,-67.901,-30.011
194.238,spawn,-19.226,-67.807,-30.011
194.272,spawn,-19.198,-67.713,-30.011
194.304,spawn,-19.170,-67.619,-30.011
194.338,spawn,-19.142,-67.526,-30.011
194.372,spawn,-19.106,-67.408,-30.012
194.404,spawn,-19.078,-67.314,-30.011
194.438,spawn,-19.050,-67.220,-30.011
194.472,spawn,-19.022,-67.126,-30.011
194.504,spawn,-18.993,-67.032,-30.011
194.538,spawn,-18.965,-66.938,-30.011
194.572,spawn,-18.930,-66.820,-30.011
194.604,spawn,-18.901,-66.726,-30.010
194.638,spawn,-18.873,-66.631,-30.010
194.672,spawn,-18.844,-66.537,-30.009
194.704,spawn,-18.816,-66.443,-30.009
194.738,spawn,-18.787,-66.349,-30.008
194.772,spawn,-18.752,-66.231,-30.008
194.804,spawn,-18.723,-66.137,-30.007
194.838,spawn,-18.694,-66.043,-30.007
194.872,spawn,-18.666,-65.949,-30.006
194.904,spawn,-18.637,-65.855,-30.005
194.938,spawn,-18.608,-65.760,-30.005
194.972,spawn,-18.572,-65.642,-30.004
195.004,spawn,-18.543,-65.548,-30.003
195.038,spawn,-18.514,-65.454,-30.002
195.072,spawn,-18.485,-65.359,-30.001
195.104,spawn,-18.455,-65.265,-30.000
195.138,spawn,-18.426,-65.170,-29.999
195.172,spawn,-18.390,-65.052,-29.998
195.204,spawn,-18.361,-64.958,-29.997
195.238,spawn,-18.332,-64.863,-29.997
195.272,spawn,-18.303,-64.768,-29.996
195.304,spawn,-18.274,-64.673,-29.996
195.338,spawn,-18.245,-64.578,-29.995
195.372,spawn,-18.209,-64.460,-29.995
195.404,spawn,-18.180,-64.365,-29.995
195.438,spawn,-18.152,-64.270,-29.995
195.472,spawn,-18.123,-64.175,-29.995
195.504,spawn,-18.095,-64.080,-29.995
195.538,spawn,-18.066,-63.985,-29.995
195.572,spawn,-18.031,-63.866,-29.995
195.604,spawn,-18.002,-63.771,-29.995
195.638,spawn,-17.974,-63.675,-29.996
195.672,spawn,-17.946,-63.580,-29.996
195.704,spawn,-17.917,-63.485,-29.996
195.738,spawn,-17.889,-63.389,-29.996
195.772,spawn,-17.854,-63.270,-29.997
195.804,spawn,-17.825,-63.174,-29.997
195.839,spawn,-17.797,-63.079,-29.997
195.873,spawn,-17.769,-62.983,-29.998
195.905,spawn,-17.740,-62.887,-29.998
195.939,spawn,-17.712,-62.792,-29.998
195.973,spawn,-17.677,-62.672,-29.998
196.005,spawn,-17.649,-62.577,-29.999
196.039,spawn,-17.621,-62.482,-29.999
196.073,spawn,-17.593,-62.386,-29.999
196.105,spawn,-17.566,-62.291,-29.999
196.139,spawn,-17.538,-62.196,-29.999
196.173,spawn,-17.504,-62.077,-29.999
196.205,spawn,-17.476,-61.982,-29.999
196.241,spawn,-17.449,-61.887,-29.999
196.275,spawn,-17.422,-61.793,-29.999
196.307,spawn,-17.394,-61.698,-29.999
196.341,spawn,-17.367,-61.603,-29.999
196.374,spawn,-17.333,-61.485,-29.999
196.407,spawn,-17.305,-61.390,-29.999
196.441,spawn,-17.278,-61.296,-29.999
196.475,spawn,-17.250,-61.201,-29.999
196.507,spawn,-17.223,-61.107,-29.999
196.540,spawn,-17.196,-61.012,-29.999
196.575,spawn,-17.162,-60.894,-29.999
196.607,spawn,-17.135,-60.800,-29.999
196.641,spawn,-17.108,-60.706,-29.999
196.675,spawn,-17.081,-60.611,-29.999
196.707,spawn,-17.054,-60.517,-29.999
196.741,spawn,-17.027,-60.423,-29.999
196.775,spawn,-16.993,-60.305,-29.999
196.807,spawn,-16.966,-60.211,-29.999
196.841,spawn,-16.939,-60.118,-29.999
196.875,spawn,-16.912,-60.024,-29.999
196.907,spawn,-16.885,-59.931,-29.998
196.941,spawn,-16.858,-59.837,-29.998
196.975,spawn,-16.824,-59.721,-29.998
197.007,spawn,-16.797,-59.628,-29.997
197.041,spawn,-16.770,-59.535,-29.997
197.075,spawn,-16.743,-59.442,-29.996
197.107,spawn,-16.716,-59.349,-29.995
197.141,spawn,-16.689,-59.256,-29.995
197.175,spawn,-16.655,-59.140,-29.994
197.207,spawn,-16.627,-59.047,-29.993
197.241,spawn,-16.600,-58.954,-29.993
197.275,spawn,-16.573,-58.861,-29.992
197.307,spawn,-16.545,-58.769,-29.991
197.341,spawn,-16.518,-58.676,-29.991
197.375,spawn,-16.483,-58.560,-29.990
197.407,spawn,-16.455,-58.467,-29.990
197.441,spawn,-16.428,-58.375,-29.989
197.475,spawn,-16.400,-58.282,-29.989
197.507,spawn,-16.373,-58.189,-29.989
197.541,spawn,-16.345,-58.096,-29.989
197.575,spawn,-16.311,-57.980,-29.989
197.607,spawn,-16.284,-57.887,-29.989
197.641,spawn,-16.256,-57.794,-29.989
197.675,spawn,-16.229,-57.701,-29.989
197.707,spawn,-16.201,-57.608,-29.989
197.747,spawn,-16.174,-57.515,-29.990
197.781,spawn,-16.140,-57.399,-29.990
197.813,spawn,-16.113,-57.306,-29.991
197.847,spawn,-16.085,-57.213,-29.991
197.881,spawn,-16.058,-57.119,-29.991
197.913,spawn,-16.031,-57.026,-29.992
197.947,spawn,-16.003,-56.933,-29.992
197.981,spawn,-15.969,-56.816,-29.992
198.013,spawn,-15.942,-56.723,-29.993
198.047,spawn,-15.915,-56.630,-29.993
198.081,spawn,-15.887,-56.537,-29.994
198.113,spawn,-15.860,-56.444,-29.994
198.147,spawn,-15.833,-56.350,-29.995
198.181,spawn,-15.800,-56.234,-29.995
198.213,spawn,-15.773,-56.141,-29.996
198.247,spawn,-15.746,-56.047,-29.997
198.281,spawn,-15.719,-55.954,-29.997
198.313,spawn,-15.692,-55.860,-29.998
198.347,spawn,-15.665,-55.767,-29.999
198.381,spawn,-15.631,-55.650,-30.000
198.413,spawn,-15.604,-55.556,-30.001
198.447,spawn,-15.576,-55.463,-30.001
198.481,spawn,-15.549,-55.369,-30.002
198.513,spawn,-15.522,-55.275,-30.002
198.547,spawn,-15.494,-55.181,-30.003
198.581,spawn,-15.460,-55.064,-30.003
198.613,spawn,-15.432,-54.970,-30.004
198.647,spawn,-15.405,-54.876,-30.004
198.681,spawn,-15.377,-54.782,-30.004
198.713,spawn,-15.350,-54.687,-30.005
198.747,spawn,-15.322,-54.593,-30.005
198.781,spawn,-15.288,-54.475,-30.005
198.813,spawn,-15.260,-54.380,-30.005
198.847,spawn,-15.233,-54.286,-30.005
198.881,spawn,-15.206,-54.191,-30.005
198.913,spawn,-15.178,-54.097,-30.005
198.947,spawn,-15.151,-54.003,-30.005
198.981,spawn,-15.116,-53.885,-30.005
199.013,spawn,-15.088,-53.791,-30.005
199.047,spawn,-15.061,-53.696,-30.006
199.081,spawn,-15.033,-53.602,-30.006
199.113,spawn,-15.005,-53.508,-30.006
199.147,spawn,-14.977,-53.414,-30.006
199.181,spawn,-14.942,-53.297,-30.006
199.213,spawn,-14.914,-53.203,-30.006
199.247,spawn,-14.886,-53.109,-30.005
199.281,spawn,-14.858,-53.016,-30.005
199.313,spawn,-14.830,-52.922,-30.005
199.347,spawn,-14.802,-52.829,-30.005
199.381,spawn,-14.767,-52.712,-30.004
199.413,spawn,-14.739,-52.619,-30.004
199.448,spawn,-14.711,-52.527,-30.003
199.482,spawn,-14.684,-52.434,-30.003
199.514,spawn,-14.656,-52.341,-30.002
199.548,spawn,-14.628,-52.248,-30.001
199.582,spawn,-14.594,-52.132,-30.000
199.614,spawn,-14.566,-52.039,-30.000
199.648,spawn,-14.538,-51.946,-29.999
199.682,spawn,-14.510,-51.853,-29.998
199.714,spawn,-14.482,-51.760,-29.997
199.748,spawn,-14.454,-51.667,-29.996
199.782,spawn,-14.419,-51.551,-29.995
199.814,spawn,-14.391,-51.459,-29.994
199.848,spawn,-14.363,-51.366,-29.993
199.882,spawn,-14.335,-51.273,-29.992
199.914,spawn,-14.307,-51.181,-29.992
199.948,spawn,-14.279,-51.089,-29.991
199.982,spawn,-14.244,-50.973,-29.990
200.014,spawn,-14.217,-50.881,-29.990
200.048,spawn,-14.189,-50.788,-29.989
200.082,spawn,-14.162,-50.696,-29.989
200.114,spawn,-14.134,-50.603,-29.988
200.148,spawn,-14.107,-50.511,-29.988
200.182,spawn,-14.073,-50.396,-29.988
200.214,spawn,-14.046,-50.303,-29.988
200.248,spawn,-14.020,-50.211,-29.987
200.282,spawn,-13.993,-50.118,-29.987
200.314,spawn,-13.966,-50.025,-29.987
200.348,spawn,-13.939,-49.933,-29.987
200.382,spawn,-13.905,-49.817,-29.987
200.414,spawn,-13.878,-49.724,-29.987
200.448,spawn,-13.851,-49.632,-29.987
200.482,spawn,-13.824,-49.539,-29.987
200.514,spawn,-13.796,-49.447,-29.987
200.548,spawn,-13.769,-49.354,-29.987
200.582,spawn,-13.735,-49.238,-29.987
200.614,spawn,-13.708,-49.146,-29.988
200.648,spawn,-13.681,-49.053,-29.988
200.682,spawn,-13.653,-48.961,-29.988
200.714,spawn,-13.626,-48.868,-29.989
200.748,spawn,-13.599,-48.775,-29.989
200.782,spawn,-13.565,-48.659,-29.990
200.814,spawn,-13.538,-48.567,-29.990
200.848,spawn,-13.511,-48.474,-29.991
200.882,spawn,-13.485,-48.381,-29.992
200.914,spawn,-13.458,-48.288,-29.992
200.948,spawn,-13.431,-48.195,-29.993
200.982,spawn,-13.398,-48.079,-29.994
201.014,spawn,-13.371,-47.987,-29.994
201.048,spawn,-13.345,-47.894,-29.995
201.082,spawn,-13.318,-47.802,-29.995
201.114,spawn,-13.292,-47.709,-29.996
201.148,spawn,-13.265,-47.617,-29.996
201.182,spawn,-13.232,-47.502,-29.997
201.214,spawn,-13.205,-47.409,-29.997
201.248,spawn,-13.178,-47.317,-29.997
201.282,spawn,-13.151,-47.225,-29.998
201.314,spawn,-13.125,-47.132,-29.998
201.348,spawn,-13.098,-47.040,-29.998
201.382,spawn,-13.064,-46.924,-29.999
201.415,spawn,-13.037,-46.832,-29.999
201.449,spawn,-13.011,-46.740,-29.999
201.484,spawn,-12.984,-46.648,-29.999
201.516,spawn,-12.957,-46.556,-29.999
201.550,spawn,-12.930,-46.464,-29.999
201.587,spawn,-12.896,-46.349,-29.999
201.619,spawn,-12.869,-46.257,-29.999
201.653,spawn,-12.841,-46.165,-29.999
201.687,spawn,-12.814,-46.073,-29.999
201.719,spawn,-12.786,-45.982,-29.999
201.753,spawn,-12.759,-45.890,-29.999
201.787,spawn,-12.725,-45.775,-29.999
201.819,spawn,-12.697,-45.683,-29.998
201.853,spawn,-12.670,-45.591,-29.998
201.887,spawn,-12.643,-45.499,-29.997
201.920,spawn,-12.616,-45.407,-29.997
201.954,spawn,-12.589,-45.315,-29.996
201.989,spawn,-12.555,-45.200,-29.995
202.021,spawn,-12.528,-45.108,-29.995
202.055,spawn,-12.501,-45.016,-29.994
202.089,spawn,-12.474,-44.924,-29.994
202.121,spawn,-12.447,-44.831,-29.993
202.156,spawn,-12.420,-44.739,-29.993
202.190,spawn,-12.387,-44.624,-29.992
202.223,spawn,-12.360,-44.532,-29.992
202.258,spawn,-12.333,-44.439,-29.991
202.292,spawn,-12.306,-44.347,-29.991
202.324,spawn,-12.279,-44.255,-29.991
202.358,spawn,-12.252,-44.163,-29.990
202.392,spawn,-12.219,-44.047,-29.990
202.424,spawn,-12.192,-43.955,-29.990
202.458,spawn,-12.166,-43.862,-29.990
202.492,spawn,-12.139,-43.770,-29.990
202.524,spawn,-12.112,-43.677,-29.990
202.558,spawn,-12.086,-43.585,-29.990
202.592,spawn,-12.053,-43.470,-29.989
202.624,spawn,-12.026,-43.377,-29.989
202.659,spawn,-12.000,-43.285,-29.989
202.693,spawn,-11.973,-43.193,-29.990
202.727,spawn,-11.946,-43.101,-29.990
202.761,spawn,-11.920,-43.009,-29.990
202.795,spawn,-11.886,-42.894,-29.990
202.827,spawn,-11.860,-42.802,-29.990
202.862,spawn,-11.833,-42.710,-29.990
202.896,spawn,-11.806,-42.619,-29.990
202.928,spawn,-11.780,-42.527,-29.990
202.962,spawn,-11.754,-42.436,-29.990
202.996,spawn,-11.721,-42.322,-29.990
203.028,spawn,-11.695,-42.230,-29.989
203.062,spawn,-11.668,-42.139,-29.989
203.096,spawn,-11.642,-42.047,-29.989
203.128,spawn,-11.616,-41.956,-29.989
203.162,spawn,-11.590,-41.864,-29.989
203.196,spawn,-11.557,-41.750,-29.989
203.228,spawn,-11.531,-41.659,-29.989
203.262,spawn,-11.505,-41.567,-29.989
203.296,spawn,-11.479,-41.476,-29.989
203.329,spawn,-11.453,-41.384,-29.989
203.363,spawn,-11.427,-41.293,-29.989
203.397,spawn,-11.395,-41.178,-29.989
203.429,spawn,-11.369,-41.087,-29.989
203.463,spawn,-11.343,-40.995,-29.989
203.497,spawn,-11.317,-40.903,-29.989
203.529,spawn,-11.291,-40.811,-29.989
203.563,spawn,-11.266,-40.720,-29.989
203.597,spawn,-11.234,-40.605,-29.989
203.629,spawn,-11.208,-40.513,-29.989
203.663,spawn,-11.182,-40.421,-29.989
203.697,spawn,-11.156,-40.329,-29.989
203.729,spawn,-11.131,-40.237,-29.989
203.763,spawn,-11.105,-40.145,-29.990
203.797,spawn,-11.073,-40.030,-29.990
203.829,spawn,-11.047,-39.938,-29.990
203.863,spawn,-11.021,-39.846,-29.990
203.897,spawn,-10.995,-39.754,-29.990
203.929,spawn,-10.970,-39.661,-29.991
203.963,spawn,-10.944,-39.569,-29.991
203.997,spawn,-10.912,-39.454,-29.992
204.029,spawn,-10.886,-39.362,-29.992
204.063,spawn,-10.860,-39.270,-29.993
204.097,spawn,-10.834,-39.178,-29.993
204.129,spawn,-10.808,-39.085,-29.994
204.163,spawn,-10.782,-38.993,-29.994
204.197,spawn,-10.750,-38.878,-29.995
204.229,spawn,-10.724,-38.785,-29.995
204.263,spawn,-10.698,-38.692,-29.996
204.297,spawn,-10.672,-38.600,-29.996
204.329,spawn,-10.645,-38.507,-29.997
204.363,spawn,-10.619,-38.414,-29.997
204.397,spawn,-10.587,-38.299,-29.997
204.429,spawn,-10.560,-38.206,-29.998
204.463,spawn,-10.534,-38.113,-29.998
204.497,spawn,-10.507,-38.020,-29.998
204.529,spawn,-10.481,-37.927,-29.999
204.563,spawn,-10.454,-37.834,-29.999
204.597,spawn,-10.420,-37.718,-30.000
204.629,spawn,-10.394,-37.625,-30.001
204.663,spawn,-10.367,-37.532,-30.001
204.697,spawn,-10.340,-37.439,-30.002
204.729,spawn,-10.312,-37.346,-30.002
204.763,spawn,-10.285,-37.253,-30.003
204.797,spawn,-10.251,-37.137,-30.003
204.829,spawn,-10.224,-37.044,-30.004
204.863,spawn,-10.197,-36.951,-30.005
204.897,spawn,-10.169,-36.858,-30.005
204.929,spawn,-10.142,-36.765,-30.006
204.963,spawn,-10.114,-36.672,-30.007
204.997,spawn,-10.080,-36.556,-30.008
205.029,spawn,-10.053,-36.463,-30.008
205.063,spawn,-10.025,-36.370,-30.009
205.097,spawn,-9.998,-36.276,-30.009
205.129,spawn,-9.970,-36.183,-30.009
205.163,spawn,-9.943,-36.090,-30.010
205.197,spawn,-9.909,-35.973,-30.010
205.229,spawn,-9.882,-35.879,-30.011
205.263,spawn,-9.855,-35.786,-30.011
205.297,spawn,-9.827,-35.692,-30.011
205.329,spawn,-9.800,-35.599,-30.011
205.363,spawn,-9.774,-35.505,-30.012
205.397,spawn,-9.740,-35.388,-30.012
205.429,spawn,-9.713,-35.295,-30.012
205.463,spawn,-9.686,-35.201,-30.012
205.497,spawn,-9.660,-35.108,-30.012
205.529,spawn,-9.633,-35.014,-30.012
205.563,spawn,-9.607,-34.921,-30.012
205.597,spawn,-9.574,-34.805,-30.012
205.629,spawn,-9.547,-34.712,-30.012
205.663,spawn,-9.521,-34.619,-30.012
205.697,spawn,-9.495,-34.526,-30.012
205.729,spawn,-9.469,-34.433,-30.012
205.763,spawn,-9.442,-34.341,-30.011
205.797,spawn,-9.410,-34.225,-30.011
205.829,spawn,-9.384,-34.132,-30.010
205.864,spawn,-9.358,-34.040,-30.010
205.899,spawn,-9.332,-33.947,-30.009
205.930,spawn,-9.306,-33.855,-30.008
205.965,spawn,-9.281,-33.763,-30.008
205.998,spawn,-9.249,-33.647,-30.007
206.031,spawn,-9.224,-33.555,-30.006
206.064,spawn,-9.198,-33.463,-30.006
206.098,spawn,-9.173,-33.371,-30.005
206.131,spawn,-9.148,-33.279,-30.004
206.164,spawn,-9.122,-33.187,-30.004
206.199,spawn,-9.091,-33.073,-30.003
206.230,spawn,-9.066,-32.981,-30.003
206.264,spawn,-9.041,-32.890,-30.003
206.299,spawn,-9.016,-32.798,-30.002
206.330,spawn,-8.991,-32.707,-30.002
206.364,spawn,-8.967,-32.615,-30.001
206.399,spawn,-8.936,-32.501,-30.001
206.431,spawn,-8.912,-32.409,-30.001
206.465,spawn,-8.887,-32.317,-30.000
206.499,spawn,-8.863,-32.225,-30.000
206.531,spawn,-8.838,-32.134,-29.999
206.564,spawn,-8.813,-32.042,-29.999
206.599,spawn,-8.782,-31.927,-29.998
206.631,spawn,-8.758,-31.835,-29.998
206.664,spawn,-8.733,-31.743,-29.997
206.699,spawn,-8.708,-31.650,-29.997
206.731,spawn,-8.683,-31.558,-29.996
206.764,spawn,-8.659,-31.466,-29.996
206.799,spawn,-8.628,-31.351,-29.995
206.831,spawn,-8.603,-31.259,-29.994
206.864,spawn,-8.578,-31.166,-29.994
206.899,spawn,-8.553,-31.074,-29.993
206.931,spawn,-8.528,-30.982,-29.992
206.965,spawn,-8.503,-30.890,-29.992
206.999,spawn,-8.472,-30.775,-29.992
207.031,spawn,-8.447,-30.682,-29.991
207.064,spawn,-8.422,-30.590,-29.991
207.099,spawn,-8.397,-30.498,-29.991
207.131,spawn,-8.372,-30.406,-29.991
207.164,spawn,-8.347,-30.314,-29.991
207.199,spawn,-8.316,-30.199,-29.991
207.231,spawn,-8.290,-30.107,-29.991
207.265,spawn,-8.265,-30.015,-29.991
207.299,spawn,-8.240,-29.923,-29.990
207.331,spawn,-8.215,-29.832,-29.990
207.365,spawn,-8.189,-29.740,-29.990
207.399,spawn,-8.158,-29.625,-29.990
207.431,spawn,-8.132,-29.533,-29.991
207.464,spawn,-8.107,-29.442,-29.991
207.499,spawn,-8.082,-29.350,-29.991
207.531,spawn,-8.056,-29.258,-29.992
207.565,spawn,-8.031,-29.166,-29.992
207.599,spawn,-7.999,-29.051,-29.993
207.631,spawn,-7.973,-28.959,-29.994
207.665,spawn,-7.948,-28.867,-29.995
207.699,spawn,-7.922,-28.775,-29.995
207.731,spawn,-7.897,-28.683,-29.996
207.764,spawn,-7.871,-28.591,-29.997
207.799,spawn,-7.839,-28.476,-29.998
207.832,spawn,-7.813,-28.385,-29.998
207.865,spawn,-7.787,-28.293,-29.999
207.900,spawn,-7.762,-28.201,-29.999
207.932,spawn,-7.736,-28.109,-30.000
207.965,spawn,-7.710,-28.017,-30.001
208.000,spawn,-7.678,-27.903,-30.001
208.032,spawn,-7.653,-27.811,-30.002
208.066,spawn,-7.627,-27.719,-30.002
208.100,spawn,-7.602,-27.628,-30.003
208.133,spawn,-7.576,-27.536,-30.003
208.167,spawn,-7.551,-27.444,-30.004
208.201,spawn,-7.518,-27.330,-30.004
208.234,spawn,-7.492,-27.238,-30.004
208.268,spawn,-7.467,-27.146,-30.005
208.302,spawn,-7.441,-27.054,-30.005
208.334,spawn,-7.415,-26.963,-30.005
208.368,spawn,-7.388,-26.871,-30.005
208.402,spawn,-7.356,-26.756,-30.005
208.434,spawn,-7.329,-26.664,-30.005
208.468,spawn,-7.303,-26.572,-30.005
208.502,spawn,-7.277,-26.480,-30.005
208.534,spawn,-7.250,-26.387,-30.004
208.568,spawn,-7.224,-26.295,-30.004
208.602,spawn,-7.191,-26.179,-30.004
208.634,spawn,-7.164,-26.087,-30.004
208.668,spawn,-7.138,-25.994,-30.003
208.702,spawn,-7.111,-25.901,-30.003
208.734,spawn,-7.085,-25.808,-30.003
208.768,spawn,-7.059,-25.715,-30.002
208.802,spawn,-7.026,-25.599,-30.002
208.834,spawn,-7.000,-25.506,-30.001
208.868,spawn,-6.974,-25.413,-30.001
208.902,spawn,-6.949,-25.320,-30.001
208.934,spawn,-6.923,-25.227,-30.001
208.968,spawn,-6.897,-25.134,-30.000
209.002,spawn,-6.864,-25.018,-30.000
209.034,spawn,-6.838,-24.926,-30.000
209.069,spawn,-6.812,-24.833,-29.999
209.103,spawn,-6.786,-24.741,-29.999
209.135,spawn,-6.760,-24.649,-29.998
209.169,spawn,-6.734,-24.557,-29.997
209.203,spawn,-6.701,-24.442,-29.997
209.235,spawn,-6.675,-24.350,-29.996
209.269,spawn,-6.649,-24.259,-29.995
209.303,spawn,-6.623,-24.167,-29.995
209.335,spawn,-6.597,-24.075,-29.994
209.369,spawn,-6.571,-23.984,-29.994
209.403,spawn,-6.539,-23.869,-29.994
209.435,spawn,-6.513,-23.778,-29.993
209.469,spawn,-6.487,-23.687,-29.993
209.503,spawn,-6.461,-23.595,-29.993
209.535,spawn,-6.435,-23.504,-29.994
209.569,spawn,-6.409,-23.412,-29.994
209.603,spawn,-6.377,-23.298,-29.994
209.635,spawn,-6.351,-23.207,-29.994
209.669,spawn,-6.325,-23.115,-29.995
209.703,spawn,-6.300,-23.023,-29.995
209.735,spawn,-6.274,-22.932,-29.996
209.769,spawn,-6.248,-22.840,-29.996
209.803,spawn,-6.217,-22.725,-29.997
209.835,spawn,-6.191,-22.633,-29.997
209.869,spawn,-6.165,-22.541,-29.998
209.903,spawn,-6.140,-22.449,-29.998
209.935,spawn,-6.114,-22.357,-29.998
209.969,spawn,-6.089,-22.264,-29.999
210.003,spawn,-6.057,-22.149,-29.999
210.035,spawn,-6.031,-22.056,-30.000
210.069,spawn,-6.005,-21.964,-30.000
210.103,spawn,-5.980,-21.872,-30.000
210.135,spawn,-5.954,-21.779,-30.001
210.169,spawn,-5.928,-21.687,-30.001
210.203,spawn,-5.896,-21.572,-30.001
210.235,spawn,-5.870,-21.480,-30.001
210.269,spawn,-5.844,-21.387,-30.001
210.303,spawn,-5.818,-21.295,-30.001
210.335,spawn,-5.792,-21.203,-30.001
210.369,spawn,-5.766,-21.111,-30.001
210.403,spawn,-5.734,-20.996,-30.001
210.435,spawn,-5.709,-20.903,-30.000
210.469,spawn,-5.683,-20.811,-30.000
210.503,spawn,-5.657,-20.719,-30.000
210.535,spawn,-5.631,-20.627,-29.999
210.569,spawn,-5.606,-20.534,-29.999
210.603,spawn,-5.574,-20.419,-29.998
210.636,spawn,-5.548,-20.326,-29.997
210.677,spawn,-5.522,-20.234,-29.997
210.711,spawn,-5.497,-20.141,-29.997
210.743,spawn,-5.471,-20.049,-29.996
210.777,spawn,-5.445,-19.957,-29.996
210.811,spawn,-5.413,-19.841,-29.996
210.843,spawn,-5.387,-19.749,-29.996
210.877,spawn,-5.361,-19.656,-29.995
210.911,spawn,-5.335,-19.564,-29.995
210.943,spawn,-5.308,-19.472,-29.995
210.977,spawn,-5.282,-19.380,-29.995
211.011,spawn,-5.249,-19.264,-29.995
211.043,spawn,-5.222,-19.172,-29.995
211.077,spawn,-5.196,-19.080,-29.995
211.111,spawn,-5.169,-18.987,-29.995
211.143,spawn,-5.142,-18.895,-29.995
211.177,spawn,-5.116,-18.803,-29.996
211.211,spawn,-5.082,-18.687,-29.996
211.243,spawn,-5.056,-18.595,-29.996
211.277,spawn,-5.030,-18.502,-29.997
211.311,spawn,-5.003,-18.410,-29.997
211.343,spawn,-4.977,-18.318,-29.997
211.377,spawn,-4.951,-18.226,-29.998
211.411,spawn,-4.919,-18.110,-29.998
211.443,spawn,-4.893,-18.018,-29.999
211.477,spawn,-4.868,-17.925,-30.000
211.511,spawn,-4.843,-17.833,-30.000
211.543,spawn,-4.817,-17.740,-30.001
211.577,spawn,-4.792,-17.648,-30.001
211.611,spawn,-4.761,-17.533,-30.002
211.643,spawn,-4.737,-17.440,-30.002
211.679,spawn,-4.712,-17.348,-30.002
211.712,spawn,-4.687,-17.256,-30.002
211.744,spawn,-4.663,-17.163,-30.002
211.778,spawn,-4.638,-17.071,-30.002
211.812,spawn,-4.608,-16.956,-30.002
211.844,spawn,-4.583,-16.863,-30.002
211.878,spawn,-4.559,-16.771,-30.002
211.913,spawn,-4.535,-16.679,-30.002
211.944,spawn,-4.511,-16.587,-30.001
211.978,spawn,-4.486,-16.494,-30.001
212.012,spawn,-4.456,-16.379,-30.001
212.044,spawn,-4.431,-16.287,-30.001
212.079,spawn,-4.407,-16.194,-30.000
212.112,spawn,-4.383,-16.102,-30.000
212.144,spawn,-4.358,-16.009,-30.000
212.180,spawn,-4.333,-15.917,-30.000
212.214,spawn,-4.302,-15.801,-29.999
212.246,spawn,-4.277,-15.708,-29.999
212.280,spawn,-4.252,-15.615,-29.998
212.314,spawn,-4.227,-15.522,-29.998
212.346,spawn,-4.201,-15.429,-29.997
212.380,spawn,-4.176,-15.336,-29.997
212.414,spawn,-4.144,-15.220,-29.996
212.446,spawn,-4.118,-15.127,-29.996
212.480,spawn,-4.092,-15.034,-29.996
212.514,spawn,-4.066,-14.941,-29.995
212.546,spawn,-4.040,-14.848,-29.995
212.580,spawn,-4.015,-14.755,-29.995
212.614,spawn,-3.982,-14.639,-29.994
212.646,spawn,-3.956,-14.546,-29.994
212.680,spawn,-3.931,-14.453,-29.994
212.721,spawn,-3.905,-14.360,-29.993
212.756,spawn,-3.879,-14.267,-29.993
212.790,spawn,-3.853,-14.174,-29.993
212.824,spawn,-3.821,-14.057,-29.992
212.857,spawn,-3.795,-13.965,-29.992
212.892,spawn,-3.770,-13.872,-29.992
212.926,spawn,-3.744,-13.779,-29.992
212.958,spawn,-3.718,-13.686,-29.991
212.992,spawn,-3.693,-13.593,-29.991
213.026,spawn,-3.661,-13.477,-29.990
213.059,spawn,-3.635,-13.385,-29.990
213.093,spawn,-3.610,-13.292,-29.989
213.127,spawn,-3.585,-13.199,-29.988
213.159,spawn,-3.560,-13.107,-29.988
213.193,spawn,-3.535,-13.014,-29.987
213.227,spawn,-3.503,-12.899,-29.986
213.259,spawn,-3.478,-12.806,-29.986
213.293,spawn,-3.453,-12.714,-29.985
213.327,spawn,-3.428,-12.622,-29.984
213.359,spawn,-3.402,-12.530,-29.984
213.393,spawn,-3.377,-12.437,-29.983
213.427,spawn,-3.345,-12.322,-29.983
213.459,spawn,-3.320,-12.230,-29.982
213.493,spawn,-3.294,-12.138,-29.982
213.527,spawn,-3.269,-12.046,-29.981
213.559,spawn,-3.243,-11.954,-29.981
213.593,spawn,-3.217,-11.862,-29.981
213.627,spawn,-3.185,-11.747,-29.981
213.660,spawn,-3.159,-11.655,-29.981
213.693,spawn,-3.133,-11.563,-29.981
213.727,spawn,-3.107,-11.471,-29.981
213.759,spawn,-3.081,-11.380,-29.982
213.793,spawn,-3.055,-11.288,-29.982
213.827,spawn,-3.022,-11.174,-29.982
213.859,spawn,-2.996,-11.083,-29.983
213.893,spawn,-2.970,-10.991,-29.983
213.927,spawn,-2.943,-10.900,-29.984
213.959,spawn,-2.917,-10.809,-29.984
213.993,spawn,-2.891,-10.718,-29.984
214.027,spawn,-2.859,-10.605,-29.985
214.059,spawn,-2.833,-10.514,-29.985
214.093,spawn,-2.807,-10.423,-29.985
214.127,spawn,-2.781,-10.332,-29.985
214.159,spawn,-2.755,-10.240,-29.985
214.193,spawn,-2.729,-10.149,-29.985
214.227,spawn,-2.697,-10.035,-29.986
214.259,spawn,-2.671,-9.944,-29.986
214.293,spawn,-2.645,-9.853,-29.986
214.327,spawn,-2.620,-9.761,-29.986
214.359,spawn,-2.594,-9.670,-29.987
214.393,spawn,-2.569,-9.579,-29.987
214.427,spawn,-2.537,-9.464,-29.987
214.459,spawn,-2.512,-9.373,-29.987
214.493,spawn,-2.486,-9.281,-29.987
214.527,spawn,-2.461,-9.190,-29.987
214.559,spawn,-2.436,-9.098,-29.986
214.593,spawn,-2.411,-9.006,-29.986
214.627,spawn,-2.380,-8.892,-29.986
214.659,spawn,-2.355,-8.800,-29.986
214.693,spawn,-2.331,-8.708,-29.985
214.727,spawn,-2.306,-8.616,-29.985
214.759,spawn,-2.282,-8.525,-29.985
214.793,spawn,-2.258,-8.433,-29.985
214.827,spawn,-2.228,-8.318,-29.985
214.859,spawn,-2.204,-8.226,-29.984
214.893,spawn,-2.181,-8.134,-29.984
214.927,spawn,-2.157,-8.042,-29.984
214.959,spawn,-2.134,-7.950,-29.984
214.993,spawn,-2.110,-7.858,-29.984
215.027,spawn,-2.081,-7.743,-29.984
215.059,spawn,-2.058,-7.650,-29.984
215.093,spawn,-2.034,-7.558,-29.984
215.127,spawn,-2.011,-7.465,-29.984
215.159,spawn,-1.988,-7.373,-29.984
215.193,spawn,-1.965,-7.280,-29.985
215.227,spawn,-1.935,-7.165,-29.985
215.259,spawn,-1.912,-7.072,-29.986
215.293,spawn,-1.888,-6.979,-29.986
215.327,spawn,-1.865,-6.887,-29.987
215.359,spawn,-1.841,-6.794,-29.988
215.393,spawn,-1.817,-6.702,-29.988
215.427,spawn,-1.787,-6.586,-29.989
215.459,spawn,-1.763,-6.493,-29.990
215.493,spawn,-1.738,-6.401,-29.991
215.527,spawn,-1.714,-6.308,-29.991
215.559,spawn,-1.689,-6.215,-29.992
215.593,spawn,-1.664,-6.123,-29.992
215.627,spawn,-1.633,-6.007,-29.993
215.659,spawn,-1.608,-5.914,-29.994
215.693,spawn,-1.582,-5.821,-29.994
215.727,spawn,-1.557,-5.728,-29.995
215.759,spawn,-1.531,-5.636,-29.995
215.793,spawn,-1.506,-5.543,-29.996
215.827,spawn,-1.474,-5.427,-29.996
215.859,spawn,-1.448,-5.334,-29.997
215.893,spawn,-1.422,-5.242,-29.997
215.927,spawn,-1.397,-5.149,-29.998
215.959,spawn,-1.371,-5.057,-29.998
215.993,spawn,-1.345,-4.964,-29.999
216.027,spawn,-1.313,-4.849,-29.999
216.060,spawn,-1.288,-4.757,-30.000
216.096,spawn,-1.262,-4.665,-30.000
216.130,spawn,-1.236,-4.572,-30.001
216.162,spawn,-1.211,-4.480,-30.002
216.196,spawn,-1.185,-4.388,-30.002
216.230,spawn,-1.153,-4.273,-30.003
216.263,spawn,-1.127,-4.181,-30.003
216.313,spawn,-1.102,-4.089,-30.004
216.347,spawn,-1.076,-3.997,-30.004
216.379,spawn,-1.050,-3.906,-30.004
216.413,spawn,-1.025,-3.814,-30.005
216.447,spawn,-0.993,-3.699,-30.005
216.479,spawn,-0.967,-3.607,-30.006
216.513,spawn,-0.941,-3.515,-30.006
216.547,spawn,-0.916,-3.423,-30.006
216.579,spawn,-0.890,-3.331,-30.006
216.613,spawn,-0.864,-3.239,-30.006
216.647,spawn,-0.832,-3.124,-30.006
216.679,spawn,-0.807,-3.032,-30.006
216.713,spawn,-0.781,-2.940,-30.005
216.747,spawn,-0.755,-2.848,-30.005
216.782,waypoint_1,-0.730,-2.756,-30.005
216.816,waypoint_1,-0.704,-2.663,-30.004
216.849,waypoint_1,-0.672,-2.548,-30.006
216.882,waypoint_1,-0.647,-2.456,-30.012
216.916,waypoint_1,-0.621,-2.365,-30.023
216.950,waypoint_1,-0.596,-2.276,-30.038
216.981,waypoint_1,-0.571,-2.190,-30.056
217.016,waypoint_1,-0.548,-2.107,-30.077
217.050,waypoint_1,-0.520,-2.011,-30.103
217.085,waypoint_1,-0.499,-1.939,-30.123
217.137,waypoint_1,-0.480,-1.873,-30.142
217.171,waypoint_1,-0.463,-1.812,-30.158
217.203,waypoint_1,-0.448,-1.758,-30.171
217.237,waypoint_1,-0.435,-1.710,-30.182
217.271,waypoint_1,-0.422,-1.659,-30.192
217.303,waypoint_1,-0.415,-1.626,-30.197
217.337,waypoint_1,-0.410,-1.600,-30.199
217.371,waypoint_1,-0.407,-1.580,-30.199
217.404,waypoint_1,-0.407,-1.568,-30.197
217.437,waypoint_1,-0.409,-1.562,-30.193
217.471,waypoint_1,-0.416,-1.564,-30.186
217.503,waypoint_1,-0.424,-1.573,-30.178
217.537,waypoint_1,-0.435,-1.588,-30.170
217.571,waypoint_1,-0.449,-1.610,-30.160
217.603,waypoint_1,-0.465,-1.639,-30.150
217.637,waypoint_1,-0.483,-1.672,-30.139
217.671,waypoint_1,-0.509,-1.722,-30.125
217.703,waypoint_1,-0.532,-1.768,-30.114
217.737,waypoint_1,-0.558,-1.818,-30.103
217.771,waypoint_1,-0.585,-1.873,-30.092
217.803,waypoint_1,-0.614,-1.932,-30.081
217.837,waypoint_1,-0.645,-1.995,-30.071
217.871,waypoint_1,-0.686,-2.078,-30.059
217.903,waypoint_1,-0.721,-2.148,-30.050
217.937,waypoint_1,-0.757,-2.220,-30.042
217.971,waypoint_1,-0.794,-2.295,-30.035
218.003,waypoint_1,-0.832,-2.372,-30.028
218.037,waypoint_1,-0.871,-2.451,-30.021
218.072,waypoint_1,-0.921,-2.551,-30.014
218.104,waypoint_1,-0.962,-2.633,-30.010
218.138,waypoint_1,-1.003,-2.716,-30.006
218.173,waypoint_1,-1.045,-2.801,-30.002
218.205,waypoint_1,-1.086,-2.885,-29.999
218.242,waypoint_1,-1.128,-2.971,-29.996
218.277,waypoint_1,-1.180,-3.078,-29.994
218.309,waypoint_1,-1.222,-3.165,-29.992
218.343,waypoint_1,-1.264,-3.251,-29.990
218.379,waypoint_1,-1.305,-3.338,-29.989
218.412,waypoint_1,-1.346,-3.425,-29.988
218.446,waypoint_1,-1.387,-3.512,-29.988
218.480,waypoint_1,-1.438,-3.621,-29.988
218.512,waypoint_1,-1.478,-3.708,-29.987
218.546,waypoint_1,-1.518,-3.795,-29.988
218.581,waypoint_1,-1.557,-3.882,-29.988
218.613,waypoint_1,-1.596,-3.969,-29.988
218.647,waypoint_1,-1.634,-4.056,-29.989
218.681,waypoint_1,-1.682,-4.165,-29.990
218.713,waypoint_1,-1.720,-4.252,-29.991
218.747,waypoint_1,-1.757,-4.339,-29.991
218.781,waypoint_1,-1.793,-4.426,-29.992
218.813,waypoint_1,-1.830,-4.513,-29.993
218.847,waypoint_1,-1.866,-4.599,-29.994
218.881,waypoint_1,-1.910,-4.708,-29.995
218.913,waypoint_1,-1.945,-4.794,-29.996
218.947,waypoint_1,-1.980,-4.881,-29.996
218.981,waypoint_1,-2.014,-4.968,-29.997
219.013,waypoint_1,-2.048,-5.055,-29.998
219.047,waypoint_1,-2.081,-5.142,-29.998
219.081,waypoint_1,-2.122,-5.251,-29.999
219.113,waypoint_1,-2.155,-5.337,-29.999
219.147,waypoint_1,-2.187,-5.424,-29.999
219.181,waypoint_1,-2.219,-5.511,-29.999
219.213,waypoint_1,-2.251,-5.598,-29.999
219.247,waypoint_1,-2.282,-5.685,-29.999
219.281,waypoint_1,-2.321,-5.794,-29.999
219.313,waypoint_1,-2.351,-5.882,-29.998
219.347,waypoint_1,-2.382,-5.969,-29.998
219.381,waypoint_1,-2.413,-6.057,-29.998
219.413,waypoint_1,-2.443,-6.144,-29.997
219.447,waypoint_1,-2.474,-6.232,-29.997
219.481,waypoint_1,-2.511,-6.342,-29.997
219.513,waypoint_1,-2.541,-6.431,-29.996
219.547,waypoint_1,-2.571,-6.519,-29.996
219.581,waypoint_1,-2.601,-6.608,-29.995
219.613,waypoint_1,-2.631,-6.697,-29.995
219.647,waypoint_1,-2.660,-6.786,-29.994
219.681,waypoint_1,-2.697,-6.897,-29.993
219.713,waypoint_1,-2.726,-6.987,-29.993
219.747,waypoint_1,-2.756,-7.076,-29.993
219.781,waypoint_1,-2.785,-7.166,-29.992
219.813,waypoint_1,-2.814,-7.256,-29.992
219.847,waypoint_1,-2.843,-7.346,-29.991
219.881,waypoint_1,-2.879,-7.459,-29.990
219.913,waypoint_1,-2.907,-7.549,-29.990
219.947,waypoint_1,-2.936,-7.640,-29.989
219.981,waypoint_1,-2.964,-7.731,-29.989
220.013,waypoint_1,-2.992,-7.822,-29.989
220.047,waypoint_1,-3.020,-7.913,-29.989
220.081,waypoint_1,-3.055,-8.027,-29.988
220.113,waypoint_1,-3.082,-8.118,-29.988
220.147,waypoint_1,-3.110,-8.210,-29.988
220.181,waypoint_1,-3.137,-8.302,-29.988
220.213,waypoint_1,-3.165,-8.393,-29.988
220.247,waypoint_1,-3.192,-8.485,-29.989
220.281,waypoint_1,-3.226,-8.600,-29.989
220.313,waypoint_1,-3.253,-8.693,-29.989
220.347,waypoint_1,-3.280,-8.785,-29.989
220.381,waypoint_1,-3.306,-8.878,-29.989
220.413,waypoint_1,-3.333,-8.971,-29.989
220.448,waypoint_1,-3.359,-9.064,-29.989
220.482,waypoint_1,-3.392,-9.180,-29.989
220.514,waypoint_1,-3.418,-9.273,-29.990
220.548,waypoint_1,-3.444,-9.366,-29.990
220.582,waypoint_1,-3.470,-9.459,-29.990
220.614,waypoint_1,-3.496,-9.553,-29.990
220.648,waypoint_1,-3.521,-9.646,-29.990
220.682,waypoint_1,-3.553,-9.763,-29.990
220.714,waypoint_1,-3.579,-9.857,-29.990
220.748,waypoint_1,-3.604,-9.950,-29.991
220.782,waypoint_1,-3.629,-10.044,-29.991
220.814,waypoint_1,-3.654,-10.138,-29.991
220.848,waypoint_1,-3.678,-10.232,-29.991
220.882,waypoint_1,-3.709,-10.350,-29.990
220.914,waypoint_1,-3.734,-10.444,-29.990
220.949,waypoint_1,-3.759,-10.538,-29.990
220.983,waypoint_1,-3.783,-10.632,-29.989
221.015,waypoint_1,-3.808,-10.726,-29.989
221.049,waypoint_1,-3.832,-10.820,-29.988
221.083,waypoint_1,-3.863,-10.939,-29.988
221.115,waypoint_1,-3.888,-11.033,-29.987
221.149,waypoint_1,-3.912,-11.128,-29.986
221.183,waypoint_1,-3.937,-11.223,-29.986
221.215,waypoint_1,-3.961,-11.317,-29.985
221.249,waypoint_1,-3.986,-11.412,-29.984
221.283,waypoint_1,-4.017,-11.531,-29.984
221.315,waypoint_1,-4.041,-11.625,-29.983
221.349,waypoint_1,-4.066,-11.720,-29.983
221.383,waypoint_1,-4.091,-11.815,-29.982
221.415,waypoint_1,-4.115,-11.910,-29.982
221.449,waypoint_1,-4.140,-12.005,-29.981
221.483,waypoint_1,-4.171,-12.123,-29.981
221.515,waypoint_1,-4.196,-12.218,-29.981
221.549,waypoint_1,-4.220,-12.313,-29.981
221.583,waypoint_1,-4.245,-12.409,-29.980
221.615,waypoint_1,-4.270,-12.504,-29.980
221.649,waypoint_1,-4.294,-12.599,-29.980
221.683,waypoint_1,-4.325,-12.718,-29.980
221.715,waypoint_1,-4.350,-12.814,-29.980
221.749,waypoint_1,-4.375,-12.910,-29.980
221.783,waypoint_1,-4.399,-13.005,-29.980
221.815,waypoint_1,-4.424,-13.101,-29.980
221.849,waypoint_1,-4.449,-13.197,-29.980
221.883,waypoint_1,-4.480,-13.318,-29.980
221.915,waypoint_1,-4.505,-13.414,-29.980
221.949,waypoint_1,-4.530,-13.510,-29.980
221.983,waypoint_1,-4.554,-13.607,-29.980
222.015,waypoint_1,-4.579,-13.704,-29.980
222.049,waypoint_1,-4.604,-13.800,-29.979
222.083,waypoint_1,-4.635,-13.921,-29.979
222.115,waypoint_1,-4.660,-14.018,-29.979
222.149,waypoint_1,-4.685,-14.115,-29.980
222.183,waypoint_1,-4.710,-14.212,-29.980
222.215,waypoint_1,-4.735,-14.309,-29.980
222.249,waypoint_1,-4.760,-14.406,-29.980
222.283,waypoint_1,-4.791,-14.527,-29.981
222.315,waypoint_1,-4.816,-14.624,-29.981
222.349,waypoint_1,-4.841,-14.722,-29.981
222.383,waypoint_1,-4.866,-14.819,-29.981
222.415,waypoint_1,-4.892,-14.916,-29.981
222.449,waypoint_1,-4.917,-15.014,-29.982
222.483,waypoint_1,-4.948,-15.136,-29.982
222.515,waypoint_1,-4.973,-15.233,-29.982
222.549,waypoint_1,-4.999,-15.331,-29.982
222.583,waypoint_1,-5.024,-15.429,-29.982
222.615,waypoint_1,-5.049,-15.527,-29.982
222.649,waypoint_1,-5.074,-15.624,-29.982
222.683,waypoint_1,-5.106,-15.747,-29.982
222.715,waypoint_1,-5.131,-15.845,-29.982
222.749,waypoint_1,-5.157,-15.943,-29.982
222.783,waypoint_1,-5.182,-16.041,-29.982
222.815,waypoint_1,-5.207,-16.139,-29.982
222.849,waypoint_1,-5.233,-16.237,-29.982
222.883,waypoint_1,-5.264,-16.360,-29.983
222.915,waypoint_1,-5.289,-16.458,-29.983
222.949,waypoint_1,-5.315,-16.556,-29.983
222.983,waypoint_1,-5.340,-16.654,-29.983
223.015,waypoint_1,-5.365,-16.752,-29.983
223.049,waypoint_1,-5.390,-16.850,-29.983
223.083,waypoint_1,-5.422,-16.973,-29.983
223.115,waypoint_1,-5.447,-17.071,-29.984
223.149,waypoint_1,-5.473,-17.169,-29.984
223.183,waypoint_1,-5.498,-17.266,-29.984
223.215,waypoint_1,-5.523,-17.364,-29.984
223.249,waypoint_1,-5.549,-17.462,-29.984
223.283,waypoint_1,-5.580,-17.584,-29.984
223.315,waypoint_1,-5.606,-17.681,-29.984
223.350,waypoint_1,-5.631,-17.779,-29.984
223.383,waypoint_1,-5.657,-17.876,-29.984
223.415,waypoint_1,-5.682,-17.974,-29.984
223.449,waypoint_1,-5.708,-18.072,-29.984
223.483,waypoint_1,-5.740,-18.194,-29.984
223.515,waypoint_1,-5.766,-18.291,-29.984
223.549,waypoint_1,-5.792,-18.389,-29.984
223.583,waypoint_1,-5.818,-18.487,-29.984
223.615,waypoint_1,-5.844,-18.584,-29.984
223.649,waypoint_1,-5.870,-18.682,-29.984
223.683,waypoint_1,-5.904,-18.805,-29.984
223.715,waypoint_1,-5.931,-18.902,-29.983
223.749,waypoint_1,-5.958,-19.000,-29.983
223.783,waypoint_1,-5.985,-19.098,-29.983
223.815,waypoint_1,-6.012,-19.195,-29.983
223.849,waypoint_1,-6.039,-19.293,-29.983
223.883,waypoint_1,-6.074,-19.415,-29.983
223.915,waypoint_1,-6.101,-19.512,-29.982
223.949,waypoint_1,-6.128,-19.610,-29.983
223.983,waypoint_1,-6.155,-19.707,-29.983
224.015,waypoint_1,-6.182,-19.804,-29.983
224.049,waypoint_1,-6.209,-19.902,-29.983
224.083,waypoint_1,-6.243,-20.023,-29.984
224.115,waypoint_1,-6.270,-20.121,-29.984
224.149,waypoint_1,-6.297,-20.218,-29.985
224.183,waypoint_1,-6.324,-20.315,-29.985
224.215,waypoint_1,-6.351,-20.413,-29.986
224.249,waypoint_1,-6.377,-20.510,-29.987
224.283,waypoint_1,-6.411,-20.632,-29.988
224.315,waypoint_1,-6.437,-20.729,-29.988
224.349,waypoint_1,-6.464,-20.826,-29.989
224.383,waypoint_1,-6.491,-20.924,-29.990
224.415,waypoint_1,-6.517,-21.021,-29.991
224.449,waypoint_1,-6.544,-21.118,-29.992
224.484,waypoint_1,-6.578,-21.239,-29.993
224.516,waypoint_1,-6.604,-21.336,-29.994
224.550,waypoint_1,-6.631,-21.433,-29.995
224.584,waypoint_1,-6.658,-21.530,-29.996
224.616,waypoint_1,-6.685,-21.627,-29.997
224.650,waypoint_1,-6.712,-21.724,-29.998
224.684,waypoint_1,-6.746,-21.845,-30.000
224.716,waypoint_1,-6.773,-21.942,-30.001
224.750,waypoint_1,-6.800,-22.038,-30.002
224.784,waypoint_1,-6.827,-22.135,-30.003
224.816,waypoint_1,-6.854,-22.232,-30.004
224.850,waypoint_1,-6.881,-22.329,-30.005
224.884,waypoint_1,-6.915,-22.450,-30.006
224.917,waypoint_1,-6.942,-22.546,-30.007
224.951,waypoint_1,-6.969,-22.643,-30.008
224.987,waypoint_1,-6.996,-22.739,-30.008
225.019,waypoint_1,-7.022,-22.836,-30.008
225.053,waypoint_1,-7.049,-22.932,-30.008
225.087,waypoint_1,-7.083,-23.053,-30.009
225.118,waypoint_1,-7.110,-23.149,-30.009
225.153,waypoint_1,-7.137,-23.245,-30.009
225.187,waypoint_1,-7.164,-23.341,-30.009
225.219,waypoint_1,-7.192,-23.437,-30.009
225.252,waypoint_1,-7.219,-23.533,-30.009
225.286,waypoint_1,-7.253,-23.652,-30.008
225.318,waypoint_1,-7.280,-23.748,-30.008
225.352,waypoint_1,-7.307,-23.844,-30.008
225.387,waypoint_1,-7.334,-23.939,-30.008
225.419,waypoint_1,-7.362,-24.035,-30.007
225.453,waypoint_1,-7.389,-24.130,-30.007
225.487,waypoint_1,-7.424,-24.250,-30.007
225.519,waypoint_1,-7.451,-24.345,-30.007
225.554,waypoint_1,-7.479,-24.441,-30.008
225.588,waypoint_1,-7.507,-24.537,-30.008
225.619,waypoint_1,-7.535,-24.632,-30.008
225.653,waypoint_1,-7.563,-24.727,-30.008
225.688,waypoint_1,-7.598,-24.847,-30.009
225.720,waypoint_1,-7.626,-24.942,-30.009
225.753,waypoint_1,-7.654,-25.037,-30.009
225.787,waypoint_1,-7.682,-25.132,-30.010
225.820,waypoint_1,-7.711,-25.228,-30.010
225.853,waypoint_1,-7.739,-25.323,-30.011
225.888,waypoint_1,-7.774,-25.441,-30.012
225.919,waypoint_1,-7.802,-25.536,-30.012
225.953,waypoint_1,-7.830,-25.631,-30.013
225.987,waypoint_1,-7.858,-25.726,-30.013
226.019,waypoint_1,-7.886,-25.821,-30.014
226.054,waypoint_1,-7.913,-25.916,-30.014
226.087,waypoint_1,-7.948,-26.034,-30.014
226.119,waypoint_1,-7.975,-26.129,-30.015
226.153,waypoint_1,-8.003,-26.224,-30.015
226.187,waypoint_1,-8.030,-26.319,-30.015
226.220,waypoint_1,-8.057,-26.414,-30.016
226.253,waypoint_1,-8.084,-26.509,-30.016
226.287,waypoint_1,-8.118,-26.628,-30.016
226.319,waypoint_1,-8.145,-26.723,-30.016
226.353,waypoint_1,-8.171,-26.818,-30.016
226.388,waypoint_1,-8.198,-26.913,-30.016
226.419,waypoint_1,-8.225,-27.008,-30.016
226.453,waypoint_1,-8.252,-27.103,-30.016
226.487,waypoint_1,-8.285,-27.222,-30.016
226.519,waypoint_1,-8.312,-27.317,-30.016
226.554,waypoint_1,-8.338,-27.412,-30.016
226.587,waypoint_1,-8.364,-27.506,-30.015
226.619,waypoint_1,-8.391,-27.601,-30.015
226.653,waypoint_1,-8.417,-27.696,-30.015
226.689,waypoint_1,-8.450,-27.814,-30.014
226.723,waypoint_1,-8.476,-27.909,-30.014
226.757,waypoint_1,-8.501,-28.003,-30.013
226.791,waypoint_1,-8.527,-28.098,-30.013
226.823,waypoint_1,-8.553,-28.192,-30.012
226.860,waypoint_1,-8.579,-28.286,-30.012
226.893,waypoint_1,-8.611,-28.404,-30.011
226.925,waypoint_1,-8.637,-28.499,-30.010
226.959,waypoint_1,-8.663,-28.593,-30.010
226.993,waypoint_1,-8.689,-28.687,-30.009
227.025,waypoint_1,-8.715,-28.781,-30.009
227.059,waypoint_1,-8.742,-28.875,-30.009
227.093,waypoint_1,-8.768,-28.969,-30.008
227.125,waypoint_1,-8.801,-29.087,-30.008
227.159,waypoint_1,-8.827,-29.181,-30.008
227.194,waypoint_1,-8.854,-29.275,-30.008
227.226,waypoint_1,-8.881,-29.369,-30.007
227.261,waypoint_1,-8.908,-29.463,-30.007
227.294,waypoint_1,-8.942,-29.580,-30.007
227.326,waypoint_1,-8.969,-29.674,-30.007
227.360,waypoint_1,-8.996,-29.768,-30.006
227.394,waypoint_1,-9.023,-29.863,-30.006
227.428,waypoint_1,-9.051,-29.957,-30.005
227.462,waypoint_1,-9.078,-30.051,-30.005
227.495,waypoint_1,-9.112,-30.168,-30.004
227.529,waypoint_1,-9.139,-30.262,-30.003
227.563,waypoint_1,-9.167,-30.356,-30.002
227.597,waypoint_1,-9.194,-30.450,-30.001
227.629,waypoint_1,-9.221,-30.543,-30.000
227.663,waypoint_1,-9.249,-30.637,-29.999
227.697,waypoint_1,-9.283,-30.754,-29.998
227.729,waypoint_1,-9.310,-30.847,-29.997
227.764,waypoint_1,-9.337,-30.941,-29.997
227.798,waypoint_1,-9.365,-31.034,-29.996
227.831,waypoint_1,-9.392,-31.127,-29.995
227.865,waypoint_1,-9.419,-31.221,-29.994
227.899,waypoint_1,-9.453,-31.337,-29.993
227.931,waypoint_1,-9.481,-31.430,-29.993
227.965,waypoint_1,-9.508,-31.523,-29.992
227.999,waypoint_1,-9.535,-31.616,-29.992
228.031,waypoint_1,-9.562,-31.709,-29.991
228.065,waypoint_1,-9.589,-31.801,-29.991
228.099,waypoint_1,-9.623,-31.917,-29.991
228.131,waypoint_1,-9.651,-32.009,-29.990
228.165,waypoint_1,-9.678,-32.101,-29.990
228.199,waypoint_1,-9.705,-32.194,-29.990
228.231,waypoint_1,-9.733,-32.286,-29.990
228.265,waypoint_1,-9.760,-32.378,-29.990
228.299,waypoint_1,-9.795,-32.493,-29.990
228.331,waypoint_1,-9.822,-32.585,-29.990
228.365,waypoint_1,-9.850,-32.677,-29.990
228.399,waypoint_1,-9.878,-32.770,-29.990
228.431,waypoint_1,-9.906,-32.862,-29.990
228.465,waypoint_1,-9.933,-32.954,-29.990
228.499,waypoint_1,-9.968,-33.070,-29.990
228.531,waypoint_1,-9.995,-33.163,-29.990
228.565,waypoint_1,-10.023,-33.255,-29.990
228.599,waypoint_1,-10.050,-33.348,-29.990
228.631,waypoint_1,-10.078,-33.440,-29.990
228.665,waypoint_1,-10.105,-33.533,-29.990
228.699,waypoint_1,-10.139,-33.649,-29.990
228.731,waypoint_1,-10.167,-33.742,-29.990
228.765,waypoint_1,-10.194,-33.835,-29.990
228.799,waypoint_1,-10.222,-33.928,-29.990
228.831,waypoint_1,-10.249,-34.021,-29.990
228.865,waypoint_1,-10.276,-34.114,-29.990
228.899,waypoint_1,-10.310,-34.231,-29.990
228.931,waypoint_1,-10.338,-34.324,-29.990
228.965,waypoint_1,-10.365,-34.418,-29.990
228.999,waypoint_1,-10.392,-34.511,-29.990
229.031,waypoint_1,-10.420,-34.605,-29.990
229.065,waypoint_1,-10.447,-34.698,-29.990
229.099,waypoint_1,-10.481,-34.816,-29.989
229.132,waypoint_1,-10.509,-34.910,-29.989
229.165,waypoint_1,-10.536,-35.003,-29.989
229.199,waypoint_1,-10.563,-35.097,-29.988
229.231,waypoint_1,-10.591,-35.191,-29.988
229.265,waypoint_1,-10.618,-35.285,-29.988
229.299,waypoint_1,-10.653,-35.402,-29.987
229.331,waypoint_1,-10.680,-35.496,-29.987
229.365,waypoint_1,-10.708,-35.590,-29.987
229.399,waypoint_1,-10.736,-35.684,-29.986
229.431,waypoint_1,-10.763,-35.777,-29.986
229.465,waypoint_1,-10.791,-35.871,-29.986
229.499,waypoint_1,-10.826,-35.987,-29.986
229.531,waypoint_1,-10.854,-36.080,-29.986
229.565,waypoint_1,-10.882,-36.174,-29.986
229.599,waypoint_1,-10.909,-36.267,-29.986
229.632,waypoint_1,-10.938,-36.360,-29.986
229.666,waypoint_1,-10.966,-36.453,-29.987
229.700,waypoint_1,-11.001,-36.569,-29.987
229.732,waypoint_1,-11.029,-36.661,-29.987
229.766,waypoint_1,-11.057,-36.754,-29.987
229.799,waypoint_1,-11.085,-36.847,-29.988
229.833,waypoint_1,-11.113,-36.939,-29.989
229.865,waypoint_1,-11.141,-37.032,-29.989
229.900,waypoint_1,-11.169,-37.124,-29.990
229.934,waypoint_1,-11.204,-37.239,-29.991
229.966,waypoint_1,-11.232,-37.331,-29.991
230.000,waypoint_1,-11.260,-37.424,-29.992
230.034,waypoint_1,-11.288,-37.516,-29.993
230.066,waypoint_1,-11.316,-37.608,-29.994
230.100,waypoint_1,-11.345,-37.701,-29.995
230.134,waypoint_1,-11.380,-37.816,-29.996
230.166,waypoint_1,-11.408,-37.908,-29.996
230.200,waypoint_1,-11.436,-38.000,-29.997
230.234,waypoint_1,-11.464,-38.092,-29.998
230.266,waypoint_1,-11.492,-38.183,-29.998
230.302,waypoint_1,-11.521,-38.275,-29.998
230.336,waypoint_1,-11.556,-38.389,-29.999
230.368,waypoint_1,-11.584,-38.481,-29.999
230.403,waypoint_1,-11.612,-38.572,-29.999
230.437,waypoint_1,-11.641,-38.664,-30.000
230.469,waypoint_1,-11.669,-38.755,-30.000
230.503,waypoint_1,-11.697,-38.847,-30.000
230.537,waypoint_1,-11.732,-38.961,-30.001
230.569,waypoint_1,-11.760,-39.053,-30.002
230.603,waypoint_1,-11.788,-39.145,-30.002
230.637,waypoint_1,-11.816,-39.237,-30.003
230.669,waypoint_1,-11.845,-39.329,-30.004
230.703,waypoint_1,-11.873,-39.422,-30.004
230.737,waypoint_1,-11.909,-39.537,-30.005
230.769,waypoint_1,-11.937,-39.630,-30.005
230.803,waypoint_1,-11.966,-39.723,-30.006
230.837,waypoint_1,-11.995,-39.816,-30.006
230.869,waypoint_1,-12.023,-39.909,-30.006
230.904,waypoint_1,-12.052,-40.003,-30.007
230.938,waypoint_1,-12.088,-40.119,-30.007
230.970,waypoint_1,-12.116,-40.213,-30.007
231.004,waypoint_1,-12.145,-40.306,-30.007
231.038,waypoint_1,-12.173,-40.400,-30.008
231.070,waypoint_1,-12.202,-40.493,-30.008
231.104,waypoint_1,-12.231,-40.586,-30.008
231.138,waypoint_1,-12.266,-40.703,-30.009
231.170,waypoint_1,-12.295,-40.797,-30.009
231.204,waypoint_1,-12.323,-40.890,-30.010
231.238,waypoint_1,-12.352,-40.984,-30.010
231.270,waypoint_1,-12.380,-41.077,-30.011
231.304,waypoint_1,-12.408,-41.171,-30.011
231.338,waypoint_1,-12.444,-41.288,-30.012
231.370,waypoint_1,-12.472,-41.381,-30.012
231.404,waypoint_1,-12.501,-41.475,-30.013
231.438,waypoint_1,-12.529,-41.568,-30.013
231.470,waypoint_1,-12.557,-41.661,-30.013
231.504,waypoint_1,-12.585,-41.754,-30.013
231.538,waypoint_1,-12.620,-41.871,-30.012
231.570,waypoint_1,-12.648,-41.964,-30.012
231.604,waypoint_1,-12.676,-42.057,-30.011
231.638,waypoint_1,-12.704,-42.150,-30.011
231.670,waypoint_1,-12.732,-42.243,-30.010
231.704,waypoint_1,-12.759,-42.336,-30.009
231.738,waypoint_1,-12.794,-42.453,-30.009
231.770,waypoint_1,-12.822,-42.546,-30.008
231.804,waypoint_1,-12.850,-42.639,-30.007
231.838,waypoint_1,-12.877,-42.731,-30.007
231.870,waypoint_1,-12.905,-42.824,-30.006
231.904,waypoint_1,-12.933,-42.917,-30.006
231.938,waypoint_1,-12.967,-43.032,-30.005
231.970,waypoint_1,-12.995,-43.125,-30.005
232.004,waypoint_1,-13.023,-43.217,-30.004
232.038,waypoint_1,-13.051,-43.310,-30.004
232.070,waypoint_1,-13.078,-43.403,-30.004
232.104,waypoint_1,-13.106,-43.496,-30.004
232.138,waypoint_1,-13.141,-43.612,-30.003
232.170,waypoint_1,-13.169,-43.705,-30.003
232.204,waypoint_1,-13.197,-43.797,-30.003
232.238,waypoint_1,-13.225,-43.890,-30.003
232.270,waypoint_1,-13.252,-43.983,-30.003
232.304,waypoint_1,-13.280,-44.076,-30.003
232.338,waypoint_1,-13.314,-44.192,-30.003
232.370,waypoint_1,-13.342,-44.285,-30.004
232.404,waypoint_1,-13.370,-44.377,-30.004
232.438,waypoint_1,-13.397,-44.470,-30.004
232.470,waypoint_1,-13.425,-44.562,-30.004
232.504,waypoint_1,-13.452,-44.655,-30.004
232.538,waypoint_1,-13.487,-44.770,-30.004
232.570,waypoint_1,-13.514,-44.862,-30.004
232.604,waypoint_1,-13.541,-44.954,-30.004
232.638,waypoint_1,-13.568,-45.046,-30.004
232.670,waypoint_1,-13.596,-45.137,-30.004
232.704,waypoint_1,-13.623,-45.229,-30.004
232.738,waypoint_1,-13.657,-45.344,-30.004
232.770,waypoint_1,-13.685,-45.435,-30.004
232.804,waypoint_1,-13.712,-45.527,-30.004
232.838,waypoint_1,-13.739,-45.619,-30.004
232.870,waypoint_1,-13.767,-45.710,-30.003
232.904,waypoint_1,-13.794,-45.802,-30.003
232.938,waypoint_1,-13.828,-45.917,-30.003
232.970,waypoint_1,-13.855,-46.009,-30.003
233.004,waypoint_1,-13.883,-46.100,-30.003
233.038,waypoint_1,-13.910,-46.192,-30.003
233.070,waypoint_1,-13.937,-46.283,-30.003
233.105,waypoint_1,-13.963,-46.375,-30.004
233.139,waypoint_1,-13.997,-46.489,-30.004
233.171,waypoint_1,-14.023,-46.581,-30.004
233.205,waypoint_1,-14.050,-46.672,-30.004
233.239,waypoint_1,-14.076,-46.763,-30.004
233.272,waypoint_1,-14.103,-46.855,-30.005
233.306,waypoint_1,-14.129,-46.946,-30.005
233.340,waypoint_1,-14.162,-47.060,-30.005
233.372,waypoint_1,-14.188,-47.152,-30.005
233.406,waypoint_1,-14.214,-47.243,-30.005
233.440,waypoint_1,-14.241,-47.334,-30.005
233.472,waypoint_1,-14.267,-47.426,-30.005
233.506,waypoint_1,-14.293,-47.517,-30.006
233.541,waypoint_1,-14.326,-47.631,-30.006
233.573,waypoint_1,-14.353,-47.723,-30.006
233.609,waypoint_1,-14.379,-47.814,-30.007
233.642,waypoint_1,-14.406,-47.906,-30.007
233.676,waypoint_1,-14.433,-47.997,-30.008
233.710,waypoint_1,-14.460,-48.088,-30.009
233.746,waypoint_1,-14.493,-48.202,-30.009
233.778,waypoint_1,-14.520,-48.294,-30.010
233.812,waypoint_1,-14.547,-48.385,-30.011
233.846,waypoint_1,-14.573,-48.476,-30.012
233.878,waypoint_1,-14.600,-48.567,-30.012
233.912,waypoint_1,-14.627,-48.657,-30.013
233.946,waypoint_1,-14.660,-48.771,-30.014
233.978,waypoint_1,-14.687,-48.861,-30.015
234.012,waypoint_1,-14.714,-48.952,-30.016
234.046,waypoint_1,-14.740,-49.043,-30.017
234.078,waypoint_1,-14.767,-49.133,-30.018
234.114,waypoint_1,-14.793,-49.224,-30.018
234.147,waypoint_1,-14.826,-49.337,-30.019
234.180,waypoint_1,-14.853,-49.427,-30.020
234.213,waypoint_1,-14.879,-49.518,-30.020
234.248,waypoint_1,-14.905,-49.608,-30.021
234.280,waypoint_1,-14.932,-49.699,-30.021
234.313,waypoint_1,-14.958,-49.790,-30.021
234.347,waypoint_1,-14.991,-49.903,-30.021
234.380,waypoint_1,-15.017,-49.994,-30.021
234.414,waypoint_1,-15.044,-50.085,-30.021
234.447,waypoint_1,-15.071,-50.176,-30.021
234.480,waypoint_1,-15.098,-50.268,-30.021
234.513,waypoint_1,-15.125,-50.359,-30.020
234.547,waypoint_1,-15.158,-50.473,-30.020
234.580,waypoint_1,-15.186,-50.564,-30.020
234.613,waypoint_1,-15.213,-50.655,-30.019
234.648,waypoint_1,-15.240,-50.746,-30.019
234.680,waypoint_1,-15.267,-50.838,-30.019
234.713,waypoint_1,-15.294,-50.929,-30.018
234.748,waypoint_1,-15.327,-51.043,-30.018
234.780,waypoint_1,-15.354,-51.134,-30.017
234.814,waypoint_1,-15.381,-51.226,-30.017
234.848,waypoint_1,-15.408,-51.317,-30.016
234.880,waypoint_1,-15.435,-51.408,-30.015
234.914,waypoint_1,-15.462,-51.500,-30.015
234.948,waypoint_1,-15.495,-51.614,-30.014
234.979,waypoint_1,-15.522,-51.705,-30.013
235.013,waypoint_1,-15.549,-51.796,-30.012
235.048,waypoint_1,-15.576,-51.888,-30.012
235.079,waypoint_1,-15.603,-51.979,-30.011
235.114,waypoint_1,-15.630,-52.070,-30.011
235.148,waypoint_1,-15.663,-52.184,-30.010
235.180,waypoint_1,-15.690,-52.276,-30.010
235.213,waypoint_1,-15.717,-52.367,-30.009
235.248,waypoint_1,-15.744,-52.459,-30.009
235.280,waypoint_1,-15.771,-52.550,-30.009
235.324,waypoint_1,-15.799,-52.642,-30.008
235.360,waypoint_1,-15.832,-52.757,-30.007
235.392,waypoint_1,-15.860,-52.849,-30.007
235.426,waypoint_1,-15.887,-52.941,-30.007
235.460,waypoint_1,-15.914,-53.033,-30.006
235.492,waypoint_1,-15.941,-53.125,-30.006
235.526,waypoint_1,-15.968,-53.217,-30.006
235.560,waypoint_1,-16.002,-53.332,-30.005
235.592,waypoint_1,-16.029,-53.424,-30.005
235.626,waypoint_1,-16.056,-53.517,-30.005
235.660,waypoint_1,-16.083,-53.609,-30.005
235.692,waypoint_1,-16.110,-53.701,-30.005
235.726,waypoint_1,-16.137,-53.794,-30.005
235.760,waypoint_1,-16.170,-53.909,-30.004
235.792,waypoint_1,-16.197,-54.002,-30.004
235.826,waypoint_1,-16.223,-54.094,-30.004
235.860,waypoint_1,-16.249,-54.187,-30.004
235.892,waypoint_1,-16.276,-54.280,-30.004
235.926,waypoint_1,-16.302,-54.372,-30.004
235.960,waypoint_1,-16.335,-54.488,-30.004
235.992,waypoint_1,-16.361,-54.581,-30.004
236.026,waypoint_1,-16.388,-54.674,-30.003
236.060,waypoint_1,-16.414,-54.766,-30.003
236.092,waypoint_1,-16.441,-54.859,-30.003
236.126,waypoint_1,-16.467,-54.951,-30.003
236.160,waypoint_1,-16.500,-55.067,-30.003
236.192,waypoint_1,-16.526,-55.159,-30.003
236.226,waypoint_1,-16.553,-55.252,-30.003
236.260,waypoint_1,-16.579,-55.344,-30.003
236.292,waypoint_1,-16.605,-55.436,-30.003
236.326,waypoint_1,-16.631,-55.528,-30.003
236.360,waypoint_1,-16.664,-55.642,-30.003
236.392,waypoint_1,-16.690,-55.734,-30.003
236.426,waypoint_1,-16.717,-55.826,-30.003
236.460,waypoint_1,-16.743,-55.917,-30.002
236.492,waypoint_1,-16.769,-56.008,-30.002
236.526,waypoint_1,-16.796,-56.100,-30.002
236.560,waypoint_1,-16.829,-56.214,-30.002
236.592,waypoint_1,-16.856,-56.305,-30.001
236.627,waypoint_1,-16.882,-56.396,-30.001
236.661,waypoint_1,-16.909,-56.487,-30.001
236.693,waypoint_1,-16.936,-56.578,-30.001
236.728,waypoint_1,-16.963,-56.669,-30.000
236.762,waypoint_1,-16.996,-56.783,-30.000
236.794,waypoint_1,-17.023,-56.874,-30.000
236.828,waypoint_1,-17.050,-56.965,-29.999
236.862,waypoint_1,-17.077,-57.056,-29.999
236.894,waypoint_1,-17.104,-57.147,-29.999
236.928,waypoint_1,-17.131,-57.238,-29.998
236.962,waypoint_1,-17.165,-57.351,-29.998
236.994,waypoint_1,-17.191,-57.442,-29.997
237.028,waypoint_1,-17.218,-57.533,-29.997
237.062,waypoint_1,-17.245,-57.624,-29.997
237.094,waypoint_1,-17.272,-57.715,-29.997
237.129,waypoint_1,-17.299,-57.805,-29.997
237.163,waypoint_1,-17.332,-57.919,-29.997
237.195,waypoint_1,-17.358,-58.010,-29.997
237.229,waypoint_1,-17.385,-58.101,-29.996
237.263,waypoint_1,-17.411,-58.192,-29.996
237.295,waypoint_1,-17.438,-58.283,-29.996
237.329,waypoint_1,-17.464,-58.375,-29.996
237.363,waypoint_1,-17.497,-58.489,-29.996
237.395,waypoint_1,-17.523,-58.580,-29.996
237.429,waypoint_1,-17.550,-58.671,-29.996
237.463,waypoint_1,-17.576,-58.763,-29.996
237.495,waypoint_1,-17.603,-58.854,-29.996
237.529,waypoint_1,-17.630,-58.946,-29.996
237.563,waypoint_1,-17.663,-59.060,-29.996
237.595,waypoint_1,-17.689,-59.152,-29.996
237.629,waypoint_1,-17.716,-59.244,-29.997
237.663,waypoint_1,-17.743,-59.335,-29.997
237.695,waypoint_1,-17.769,-59.427,-29.997
237.729,waypoint_1,-17.796,-59.519,-29.998
237.763,waypoint_1,-17.829,-59.634,-29.998
237.795,waypoint_1,-17.856,-59.726,-29.999
237.829,waypoint_1,-17.882,-59.818,-29.999
237.863,waypoint_1,-17.909,-59.910,-30.000
237.895,waypoint_1,-17.935,-60.002,-30.000
237.929,waypoint_1,-17.962,-60.094,-30.000
237.963,waypoint_1,-17.995,-60.209,-30.000
237.995,waypoint_1,-18.022,-60.301,-30.000
238.029,waypoint_1,-18.049,-60.393,-30.000
238.063,waypoint_1,-18.075,-60.485,-30.000
238.095,waypoint_1,-18.102,-60.577,-30.000
238.129,waypoint_1,-18.129,-60.669,-30.000
238.163,waypoint_1,-18.163,-60.784,-30.000
238.195,waypoint_1,-18.190,-60.877,-29.999
238.230,waypoint_1,-18.217,-60.969,-29.999
238.264,waypoint_1,-18.245,-61.062,-29.999
238.296,waypoint_1,-18.272,-61.154,-29.999
238.331,waypoint_1,-18.300,-61.246,-29.999
238.365,waypoint_1,-18.334,-61.362,-29.998
238.397,waypoint_1,-18.362,-61.454,-29.998
238.432,waypoint_1,-18.390,-61.546,-29.997
238.466,waypoint_1,-18.417,-61.638,-29.997
238.498,waypoint_1,-18.445,-61.730,-29.996
238.533,waypoint_1,-18.473,-61.822,-29.996
238.567,waypoint_1,-18.508,-61.937,-29.996
238.599,waypoint_1,-18.536,-62.028,-29.995
238.633,waypoint_1,-18.564,-62.120,-29.995
238.668,waypoint_1,-18.592,-62.211,-29.995
238.700,waypoint_1,-18.620,-62.303,-29.995
238.733,waypoint_1,-18.648,-62.394,-29.994
238.767,waypoint_1,-18.683,-62.508,-29.994
238.799,waypoint_1,-18.710,-62.599,-29.994
238.833,waypoint_1,-18.738,-62.690,-29.994
238.867,waypoint_1,-18.766,-62.781,-29.993
238.899,waypoint_1,-18.793,-62.872,-29.993
238.934,waypoint_1,-18.821,-62.963,-29.993
238.968,waypoint_1,-18.855,-63.077,-29.993
239.001,waypoint_1,-18.883,-63.168,-29.993
239.035,waypoint_1,-18.910,-63.260,-29.993
239.069,waypoint_1,-18.938,-63.351,-29.993
239.110,waypoint_1,-18.965,-63.442,-29.994
239.171,waypoint_1,-18.993,-63.533,-29.994
239.208,waypoint_1,-19.027,-63.648,-29.994
239.240,waypoint_1,-19.055,-63.739,-29.995
239.274,waypoint_1,-19.082,-63.831,-29.995
239.308,waypoint_1,-19.110,-63.923,-29.995
239.340,waypoint_1,-19.137,-64.015,-29.996
239.374,waypoint_1,-19.165,-64.107,-29.997
239.409,waypoint_1,-19.199,-64.222,-29.997
239.441,waypoint_1,-19.227,-64.314,-29.998
239.475,waypoint_1,-19.254,-64.406,-29.999
239.509,waypoint_1,-19.281,-64.498,-29.999
239.541,waypoint_1,-19.309,-64.590,-30.000
239.575,waypoint_1,-19.336,-64.682,-30.001
239.609,waypoint_1,-19.370,-64.797,-30.002
239.641,waypoint_1,-19.397,-64.890,-30.003
239.675,waypoint_1,-19.424,-64.982,-30.003
239.709,waypoint_1,-19.452,-65.074,-30.004
239.741,waypoint_1,-19.479,-65.166,-30.005
239.775,waypoint_1,-19.506,-65.258,-30.005
239.809,waypoint_1,-19.540,-65.373,-30.006
239.842,waypoint_1,-19.567,-65.466,-30.006
239.876,waypoint_1,-19.594,-65.558,-30.007
239.911,waypoint_1,-19.622,-65.650,-30.007
239.943,waypoint_1,-19.649,-65.743,-30.008
239.977,waypoint_1,-19.676,-65.836,-30.008
240.011,waypoint_1,-19.710,-65.951,-30.008
240.043,waypoint_1,-19.737,-66.044,-30.008
240.079,waypoint_1,-19.764,-66.137,-30.008
240.113,waypoint_1,-19.791,-66.230,-30.008
240.145,waypoint_1,-19.818,-66.322,-30.008
240.179,waypoint_1,-19.845,-66.415,-30.008
240.213,waypoint_1,-19.879,-66.531,-30.008
240.245,waypoint_1,-19.907,-66.623,-30.008
240.279,waypoint_1,-19.934,-66.716,-30.008
240.313,waypoint_1,-19.961,-66.808,-30.008
240.345,waypoint_1,-19.989,-66.901,-30.007
240.379,waypoint_1,-20.016,-66.993,-30.007
240.413,waypoint_1,-20.050,-67.109,-30.007
240.445,waypoint_1,-20.077,-67.201,-30.007
240.479,waypoint_1,-20.104,-67.293,-30.007
240.513,waypoint_1,-20.131,-67.385,-30.007
240.545,waypoint_1,-20.159,-67.477,-30.006
240.579,waypoint_1,-20.186,-67.570,-30.006
240.614,waypoint_1,-20.220,-67.685,-30.006
240.646,waypoint_1,-20.247,-67.777,-30.006
240.680,waypoint_1,-20.273,-67.869,-30.005
240.714,waypoint_1,-20.300,-67.961,-30.005
240.746,waypoint_1,-20.327,-68.053,-30.005
240.780,waypoint_1,-20.354,-68.145,-30.004
240.814,waypoint_1,-20.387,-68.261,-30.004
240.846,waypoint_1,-20.413,-68.353,-30.004
240.880,waypoint_1,-20.439,-68.445,-30.004
240.922,waypoint_1,-20.466,-68.538,-30.005
240.964,waypoint_1,-20.492,-68.630,-30.005
241.004,waypoint_1,-20.518,-68.722,-30.005
241.038,waypoint_1,-20.551,-68.837,-30.005
241.070,waypoint_1,-20.577,-68.930,-30.005
241.104,waypoint_1,-20.604,-69.022,-30.006
241.138,waypoint_1,-20.630,-69.114,-30.006
241.170,waypoint_1,-20.657,-69.206,-30.005
241.204,waypoint_1,-20.683,-69.298,-30.005
241.238,waypoint_1,-20.716,-69.413,-30.005
241.270,waypoint_1,-20.742,-69.505,-30.005
241.304,waypoint_1,-20.769,-69.597,-30.004
241.338,waypoint_1,-20.795,-69.689,-30.004
241.370,waypoint_1,-20.821,-69.781,-30.003
241.404,waypoint_1,-20.847,-69.873,-30.003
241.438,waypoint_1,-20.880,-69.988,-30.002
241.471,waypoint_1,-20.907,-70.080,-30.001
241.505,waypoint_1,-20.933,-70.172,-30.000
241.539,waypoint_1,-20.959,-70.264,-30.000
241.572,waypoint_1,-20.986,-70.356,-29.999
241.607,waypoint_1,-21.012,-70.448,-29.998
241.643,waypoint_1,-21.045,-70.563,-29.997
241.675,waypoint_1,-21.071,-70.655,-29.997
241.709,waypoint_1,-21.097,-70.747,-29.996
241.744,waypoint_1,-21.123,-70.839,-29.996
241.776,waypoint_1,-21.149,-70.931,-29.995
241.810,waypoint_1,-21.174,-71.023,-29.995
241.844,waypoint_1,-21.207,-71.138,-29.994
241.876,waypoint_1,-21.232,-71.230,-29.994
241.910,waypoint_1,-21.258,-71.322,-29.994
241.944,waypoint_1,-21.283,-71.414,-29.994
241.976,waypoint_1,-21.309,-71.505,-29.994
242.010,waypoint_1,-21.334,-71.597,-29.994
242.044,waypoint_1,-21.365,-71.712,-29.994
242.076,waypoint_1,-21.391,-71.804,-29.994
242.110,waypoint_1,-21.416,-71.896,-29.994
242.144,waypoint_1,-21.441,-71.988,-29.995
242.176,waypoint_1,-21.466,-72.080,-29.995
242.210,waypoint_1,-21.491,-72.171,-29.995
242.244,waypoint_1,-21.522,-72.286,-29.995
242.276,waypoint_1,-21.547,-72.378,-29.995
242.310,waypoint_1,-21.572,-72.471,-29.996
242.344,waypoint_1,-21.597,-72.563,-29.996
242.376,waypoint_1,-21.621,-72.655,-29.996
242.410,waypoint_1,-21.646,-72.747,-29.996
242.444,waypoint_1,-21.677,-72.862,-29.997
242.476,waypoint_1,-21.702,-72.954,-29.997
242.510,waypoint_1,-21.727,-73.046,-29.997
242.544,waypoint_1,-21.752,-73.138,-29.998
242.576,waypoint_1,-21.777,-73.230,-29.998
242.610,waypoint_1,-21.802,-73.322,-29.998
242.644,waypoint_1,-21.833,-73.437,-29.999
242.676,waypoint_1,-21.858,-73.529,-29.999
242.710,waypoint_1,-21.883,-73.621,-29.999
242.744,waypoint_1,-21.908,-73.713,-29.999
242.776,waypoint_1,-21.933,-73.805,-30.000
242.810,waypoint_1,-21.959,-73.897,-30.000
242.844,waypoint_1,-21.990,-74.012,-30.000
242.876,waypoint_1,-22.015,-74.104,-30.000
242.910,waypoint_1,-22.041,-74.196,-30.000
242.944,waypoint_1,-22.066,-74.287,-30.000
242.976,waypoint_1,-22.092,-74.379,-30.000
243.010,waypoint_1,-22.118,-74.471,-30.000
243.044,waypoint_1,-22.150,-74.586,-30.000
243.076,waypoint_1,-22.176,-74.677,-30.000
243.110,waypoint_1,-22.202,-74.769,-30.000
243.144,waypoint_1,-22.229,-74.860,-30.000
243.176,waypoint_1,-22.255,-74.952,-30.000
243.210,waypoint_2,-22.281,-75.043,-30.001
243.244,waypoint_2,-22.314,-75.157,-30.001
243.276,waypoint_2,-22.341,-75.249,-30.001
243.310,waypoint_2,-22.368,-75.340,-30.002
243.344,waypoint_2,-22.394,-75.431,-30.005
243.376,waypoint_2,-22.420,-75.522,-30.009
243.410,waypoint_2,-22.446,-75.613,-30.014
243.444,waypoint_2,-22.476,-75.726,-30.022
243.476,waypoint_2,-22.498,-75.816,-30.029
243.510,waypoint_2,-22.518,-75.905,-30.035
243.544,waypoint_2,-22.535,-75.993,-30.042
243.576,waypoint_2,-22.550,-76.081,-30.047
243.610,waypoint_2,-22.560,-76.168,-30.052
243.644,waypoint_2,-22.568,-76.275,-30.056
243.676,waypoint_2,-22.571,-76.361,-30.059
243.710,waypoint_2,-22.569,-76.446,-30.060
243.744,waypoint_2,-22.564,-76.530,-30.061
243.776,waypoint_2,-22.554,-76.613,-30.061
243.810,waypoint_2,-22.541,-76.696,-30.060
243.844,waypoint_2,-22.519,-76.799,-30.058
243.876,waypoint_2,-22.498,-76.880,-30.055
243.910,waypoint_2,-22.473,-76.961,-30.053
243.945,waypoint_2,-22.445,-77.041,-30.050
243.977,waypoint_2,-22.413,-77.121,-30.046
244.011,waypoint_2,-22.379,-77.201,-30.043
244.047,waypoint_2,-22.333,-77.299,-30.039
244.079,waypoint_2,-22.294,-77.377,-30.036
244.114,waypoint_2,-22.252,-77.455,-30.032
244.148,waypoint_2,-22.208,-77.533,-30.029
244.180,waypoint_2,-22.162,-77.610,-30.026
244.214,waypoint_2,-22.115,-77.687,-30.024
244.248,waypoint_2,-22.054,-77.783,-30.020
244.280,waypoint_2,-22.004,-77.859,-30.018
244.314,waypoint_2,-21.953,-77.935,-30.015
244.349,waypoint_2,-21.901,-78.011,-30.013
244.381,waypoint_2,-21.849,-78.086,-30.011
244.415,waypoint_2,-21.795,-78.162,-30.009
244.449,waypoint_2,-21.728,-78.256,-30.007
244.481,waypoint_2,-21.673,-78.331,-30.005
244.515,waypoint_2,-21.618,-78.406,-30.004
244.549,waypoint_2,-21.563,-78.481,-30.003
244.581,waypoint_2,-21.508,-78.555,-30.002
244.615,waypoint_2,-21.453,-78.630,-30.001
244.649,waypoint_2,-21.384,-78.724,-30.000
244.681,waypoint_2,-21.329,-78.799,-30.000
244.715,waypoint_2,-21.273,-78.873,-29.999
244.749,waypoint_2,-21.218,-78.948,-29.999
244.781,waypoint_2,-21.163,-79.023,-29.999
244.815,waypoint_2,-21.107,-79.098,-29.999
244.849,waypoint_2,-21.038,-79.191,-29.998
244.881,waypoint_2,-20.983,-79.266,-29.998
244.915,waypoint_2,-20.927,-79.341,-29.998
244.949,waypoint_2,-20.872,-79.416,-29.998
244.981,waypoint_2,-20.817,-79.491,-29.998
245.015,waypoint_2,-20.761,-79.566,-29.998
245.049,waypoint_2,-20.692,-79.660,-29.998
245.081,waypoint_2,-20.637,-79.735,-29.998
245.115,waypoint_2,-20.581,-79.810,-29.997
245.149,waypoint_2,-20.526,-79.885,-29.997
245.181,waypoint_2,-20.471,-79.961,-29.997
245.215,waypoint_2,-20.416,-80.036,-29.997
245.249,waypoint_2,-20.346,-80.131,-29.997
245.281,waypoint_2,-20.291,-80.206,-29.996
245.315,waypoint_2,-20.236,-80.282,-29.996
245.349,waypoint_2,-20.180,-80.358,-29.996
245.381,waypoint_2,-20.125,-80.434,-29.996
245.415,waypoint_2,-20.070,-80.510,-29.995
245.449,waypoint_2,-20.001,-80.605,-29.995
245.481,waypoint_2,-19.945,-80.682,-29.994
245.515,waypoint_2,-19.890,-80.758,-29.994
245.549,waypoint_2,-19.835,-80.835,-29.994
245.581,waypoint_2,-19.780,-80.912,-29.993
245.615,waypoint_2,-19.725,-80.989,-29.993
245.649,waypoint_2,-19.656,-81.085,-29.993
245.681,waypoint_2,-19.601,-81.162,-29.993
245.715,waypoint_2,-19.545,-81.239,-29.992
245.749,waypoint_2,-19.490,-81.316,-29.992
245.781,waypoint_2,-19.435,-81.393,-29.992
245.816,waypoint_2,-19.379,-81.470,-29.992
245.850,waypoint_2,-19.310,-81.566,-29.992
245.882,waypoint_2,-19.254,-81.643,-29.991
245.917,waypoint_2,-19.199,-81.720,-29.991
245.951,waypoint_2,-19.143,-81.797,-29.991
245.983,waypoint_2,-19.087,-81.874,-29.991
246.017,waypoint_2,-19.032,-81.951,-29.991
246.051,waypoint_2,-18.962,-82.047,-29.991
246.083,waypoint_2,-18.906,-82.123,-29.991
246.117,waypoint_2,-18.850,-82.200,-29.992
246.151,waypoint_2,-18.794,-82.276,-29.992
246.183,waypoint_2,-18.737,-82.353,-29.992
246.217,waypoint_2,-18.681,-82.429,-29.992
246.251,waypoint_2,-18.611,-82.525,-29.992
246.283,waypoint_2,-18.554,-82.601,-29.993
246.317,waypoint_2,-18.498,-82.677,-29.993
246.351,waypoint_2,-18.441,-82.754,-29.993
246.383,waypoint_2,-18.384,-82.830,-29.993
246.417,waypoint_2,-18.328,-82.906,-29.993
246.451,waypoint_2,-18.257,-83.002,-29.994
246.483,waypoint_2,-18.200,-83.078,-29.994
246.517,waypoint_2,-18.144,-83.154,-29.994
246.551,waypoint_2,-18.087,-83.231,-29.995
246.583,waypoint_2,-18.030,-83.307,-29.995
246.617,waypoint_2,-17.973,-83.383,-29.995
246.651,waypoint_2,-17.902,-83.479,-29.996
246.683,waypoint_2,-17.845,-83.556,-29.996
246.717,waypoint_2,-17.788,-83.632,-29.996
246.751,waypoint_2,-17.731,-83.709,-29.997
246.783,waypoint_2,-17.674,-83.785,-29.997
246.817,waypoint_2,-17.616,-83.862,-29.997
246.851,waypoint_2,-17.545,-83.958,-29.997
246.883,waypoint_2,-17.488,-84.034,-29.997
246.917,waypoint_2,-17.431,-84.111,-29.997
246.951,waypoint_2,-17.373,-84.188,-29.997
246.983,waypoint_2,-17.316,-84.265,-29.998
247.017,waypoint_2,-17.259,-84.342,-29.998
247.051,waypoint_2,-17.187,-84.438,-29.998
247.083,waypoint_2,-17.130,-84.515,-29.998
247.117,waypoint_2,-17.073,-84.592,-29.998
247.151,waypoint_2,-17.015,-84.669,-29.998
247.183,waypoint_2,-16.957,-84.747,-29.998
247.217,waypoint_2,-16.900,-84.824,-29.998
247.251,waypoint_2,-16.828,-84.921,-29.998
247.283,waypoint_2,-16.770,-84.998,-29.998
247.317,waypoint_2,-16.712,-85.076,-29.999
247.351,waypoint_2,-16.654,-85.153,-29.999
247.383,waypoint_2,-16.595,-85.231,-29.999
247.417,waypoint_2,-16.537,-85.308,-29.999
247.451,waypoint_2,-16.464,-85.405,-29.999
247.483,waypoint_2,-16.405,-85.482,-29.999
247.517,waypoint_2,-16.347,-85.560,-29.999
247.551,waypoint_2,-16.288,-85.638,-29.999
247.583,waypoint_2,-16.230,-85.716,-29.999
247.617,waypoint_2,-16.171,-85.793,-29.999
247.651,waypoint_2,-16.098,-85.890,-29.999
247.683,waypoint_2,-16.039,-85.968,-29.999
247.717,waypoint_2,-15.980,-86.046,-29.998
247.751,waypoint_2,-15.922,-86.124,-29.998
247.783,waypoint_2,-15.863,-86.201,-29.997
247.817,waypoint_2,-15.804,-86.279,-29.997
247.851,waypoint_2,-15.730,-86.377,-29.996
247.883,waypoint_2,-15.671,-86.455,-29.996
247.917,waypoint_2,-15.612,-86.532,-29.995
247.951,waypoint_2,-15.552,-86.610,-29.995
247.983,waypoint_2,-15.493,-86.688,-29.994
248.017,waypoint_2,-15.434,-86.766,-29.994
248.051,waypoint_2,-15.359,-86.863,-29.994
248.083,waypoint_2,-15.300,-86.940,-29.993
248.117,waypoint_2,-15.240,-87.018,-29.993
248.151,waypoint_2,-15.181,-87.096,-29.993
248.183,waypoint_2,-15.121,-87.173,-29.993
248.219,waypoint_2,-15.062,-87.251,-29.993
248.252,waypoint_2,-14.987,-87.347,-29.992
248.284,waypoint_2,-14.928,-87.425,-29.992
248.318,waypoint_2,-14.868,-87.502,-29.992
248.352,waypoint_2,-14.809,-87.579,-29.992
248.384,waypoint_2,-14.749,-87.656,-29.992
248.418,waypoint_2,-14.689,-87.733,-29.992
248.452,waypoint_2,-14.615,-87.830,-29.992
248.484,waypoint_2,-14.555,-87.907,-29.992
248.518,waypoint_2,-14.496,-87.984,-29.992
248.552,waypoint_2,-14.436,-88.061,-29.992
248.584,waypoint_2,-14.376,-88.138,-29.992
248.618,waypoint_2,-14.316,-88.215,-29.992
248.652,waypoint_2,-14.240,-88.311,-29.992
248.684,waypoint_2,-14.180,-88.389,-29.992
248.718,waypoint_2,-14.120,-88.466,-29.992
248.752,waypoint_2,-14.059,-88.543,-29.991
248.784,waypoint_2,-13.999,-88.620,-29.991
248.818,waypoint_2,-13.938,-88.697,-29.991
248.852,waypoint_2,-13.863,-88.794,-29.991
248.885,waypoint_2,-13.802,-88.871,-29.991
248.918,waypoint_2,-13.741,-88.948,-29.991
248.953,waypoint_2,-13.680,-89.026,-29.991
248.986,waypoint_2,-13.619,-89.103,-29.991
249.019,waypoint_2,-13.559,-89.181,-29.991
249.053,waypoint_2,-13.482,-89.278,-29.991
249.086,waypoint_2,-13.421,-89.355,-29.991
249.119,waypoint_2,-13.360,-89.433,-29.990
249.153,waypoint_2,-13.299,-89.511,-29.990
249.186,waypoint_2,-13.238,-89.589,-29.990
249.219,waypoint_2,-13.177,-89.667,-29.989
249.253,waypoint_2,-13.101,-89.765,-29.989
249.285,waypoint_2,-13.039,-89.843,-29.989
249.319,waypoint_2,-12.978,-89.920,-29.988
249.353,waypoint_2,-12.917,-89.998,-29.988
249.386,waypoint_2,-12.856,-90.076,-29.987
249.419,waypoint_2,-12.795,-90.154,-29.986
249.455,waypoint_2,-12.718,-90.252,-29.985
249.487,waypoint_2,-12.657,-90.330,-29.985
249.522,waypoint_2,-12.596,-90.408,-29.984
249.557,waypoint_2,-12.535,-90.486,-29.983
249.589,waypoint_2,-12.474,-90.564,-29.983
249.623,waypoint_2,-12.413,-90.642,-29.982
249.657,waypoint_2,-12.337,-90.740,-29.981
249.689,waypoint_2,-12.276,-90.818,-29.981
249.723,waypoint_2,-12.215,-90.897,-29.980
249.757,waypoint_2,-12.155,-90.975,-29.980
249.789,waypoint_2,-12.094,-91.053,-29.979
249.823,waypoint_2,-12.033,-91.132,-29.979
249.857,waypoint_2,-11.958,-91.229,-29.979
249.889,waypoint_2,-11.897,-91.308,-29.979
249.923,waypoint_2,-11.837,-91.386,-29.979
249.957,waypoint_2,-11.776,-91.464,-29.979
249.989,waypoint_2,-11.716,-91.542,-29.979
250.023,waypoint_2,-11.656,-91.620,-29.979
250.057,waypoint_2,-11.580,-91.718,-29.979
250.089,waypoint_2,-11.519,-91.796,-29.980
250.122,waypoint_2,-11.459,-91.874,-29.980
250.156,waypoint_2,-11.398,-91.952,-29.980
250.190,waypoint_2,-11.338,-92.030,-29.980
250.222,waypoint_2,-11.277,-92.108,-29.980
250.257,waypoint_2,-11.202,-92.205,-29.980
250.291,waypoint_2,-11.141,-92.282,-29.980
250.323,waypoint_2,-11.081,-92.360,-29.980
250.357,waypoint_2,-11.021,-92.438,-29.979
250.391,waypoint_2,-10.961,-92.516,-29.980
250.424,waypoint_2,-10.900,-92.594,-29.980
250.457,waypoint_2,-10.825,-92.691,-29.980
250.491,waypoint_2,-10.765,-92.769,-29.980
250.523,waypoint_2,-10.705,-92.847,-29.980
250.557,waypoint_2,-10.645,-92.925,-29.980
250.591,waypoint_2,-10.586,-93.003,-29.980
250.623,waypoint_2,-10.526,-93.081,-29.980
250.657,waypoint_2,-10.452,-93.179,-29.981
250.691,waypoint_2,-10.392,-93.257,-29.981
250.724,waypoint_2,-10.333,-93.335,-29.981
250.758,waypoint_2,-10.274,-93.413,-29.981
250.792,waypoint_2,-10.215,-93.492,-29.981
250.825,waypoint_2,-10.156,-93.570,-29.981
250.859,waypoint_2,-10.082,-93.667,-29.982
250.892,waypoint_2,-10.024,-93.745,-29.982
250.925,waypoint_2,-9.965,-93.824,-29.982
250.959,waypoint_2,-9.906,-93.902,-29.982
250.992,waypoint_2,-9.848,-93.980,-29.982
251.025,waypoint_2,-9.789,-94.058,-29.982
251.059,waypoint_2,-9.716,-94.155,-29.981
251.092,waypoint_2,-9.657,-94.233,-29.981
251.125,waypoint_2,-9.598,-94.311,-29.981
251.159,waypoint_2,-9.540,-94.389,-29.981
251.192,waypoint_2,-9.481,-94.467,-29.981
251.227,waypoint_2,-9.423,-94.545,-29.981
251.261,waypoint_2,-9.349,-94.643,-29.980
251.293,waypoint_2,-9.291,-94.721,-29.980
251.328,waypoint_2,-9.232,-94.798,-29.980
251.362,waypoint_2,-9.174,-94.876,-29.980
251.394,waypoint_2,-9.115,-94.954,-29.979
251.428,waypoint_2,-9.057,-95.032,-29.979
251.462,waypoint_2,-8.983,-95.129,-29.979
251.494,waypoint_2,-8.925,-95.207,-29.979
251.528,waypoint_2,-8.866,-95.284,-29.978
251.562,waypoint_2,-8.807,-95.362,-29.978
251.594,waypoint_2,-8.748,-95.439,-29.978
251.628,waypoint_2,-8.690,-95.516,-29.978
251.662,waypoint_2,-8.616,-95.613,-29.978
251.695,waypoint_2,-8.557,-95.690,-29.977
251.729,waypoint_2,-8.499,-95.767,-29.977
251.763,waypoint_2,-8.440,-95.844,-29.977
251.795,waypoint_2,-8.381,-95.921,-29.977
251.829,waypoint_2,-8.323,-95.998,-29.977
251.863,waypoint_2,-8.249,-96.094,-29.977
251.896,waypoint_2,-8.191,-96.171,-29.977
251.930,waypoint_2,-8.132,-96.248,-29.977
251.965,waypoint_2,-8.073,-96.325,-29.977
251.997,waypoint_2,-8.015,-96.402,-29.977
252.030,waypoint_2,-7.957,-96.479,-29.977
252.064,waypoint_2,-7.884,-96.576,-29.977
252.097,waypoint_2,-7.826,-96.652,-29.978
252.131,waypoint_2,-7.768,-96.729,-29.978
252.165,waypoint_2,-7.710,-96.806,-29.978
252.198,waypoint_2,-7.652,-96.883,-29.979
252.231,waypoint_2,-7.594,-96.960,-29.979
252.265,waypoint_2,-7.522,-97.057,-29.980
252.298,waypoint_2,-7.465,-97.134,-29.981
252.331,waypoint_2,-7.407,-97.211,-29.982
252.365,waypoint_2,-7.350,-97.289,-29.983
252.399,waypoint_2,-7.293,-97.366,-29.984
252.432,waypoint_2,-7.236,-97.443,-29.984
252.466,waypoint_2,-7.165,-97.540,-29.986
252.499,waypoint_2,-7.108,-97.617,-29.987
252.532,waypoint_2,-7.051,-97.694,-29.987
252.566,waypoint_2,-6.994,-97.771,-29.988
252.599,waypoint_2,-6.937,-97.848,-29.989
252.633,waypoint_2,-6.880,-97.925,-29.990
252.667,waypoint_2,-6.808,-98.021,-29.990
252.700,waypoint_2,-6.751,-98.098,-29.991
252.735,waypoint_2,-6.694,-98.175,-29.991
252.768,waypoint_2,-6.636,-98.252,-29.992
252.801,waypoint_2,-6.579,-98.329,-29.992
252.835,waypoint_2,-6.522,-98.406,-29.992
252.868,waypoint_2,-6.450,-98.502,-29.992
252.901,waypoint_2,-6.393,-98.579,-29.992
252.934,waypoint_2,-6.335,-98.656,-29.992
252.969,waypoint_2,-6.278,-98.732,-29.992
253.001,waypoint_2,-6.221,-98.809,-29.992
253.035,waypoint_2,-6.164,-98.886,-29.992
253.068,waypoint_2,-6.092,-98.982,-29.992
253.101,waypoint_2,-6.034,-99.059,-29.992
253.135,waypoint_2,-5.977,-99.135,-29.992
253.169,waypoint_2,-5.920,-99.212,-29.992
253.201,waypoint_2,-5.863,-99.289,-29.992
253.235,waypoint_2,-5.805,-99.366,-29.992
253.268,waypoint_2,-5.734,-99.462,-29.992
253.301,waypoint_2,-5.677,-99.539,-29.991
253.335,waypoint_2,-5.620,-99.616,-29.991
253.369,waypoint_2,-5.563,-99.693,-29.991
253.401,waypoint_2,-5.506,-99.770,-29.990
253.434,waypoint_2,-5.449,-99.848,-29.990
253.468,waypoint_2,-5.377,-99.944,-29.989
253.501,waypoint_2,-5.320,-100.021,-29.989
253.535,waypoint_2,-5.263,-100.098,-29.988
253.568,waypoint_2,-5.207,-100.175,-29.987
253.601,waypoint_2,-5.150,-100.252,-29.987
253.635,waypoint_2,-5.093,-100.329,-29.986
253.669,waypoint_2,-5.022,-100.426,-29.985
253.701,waypoint_2,-4.965,-100.503,-29.985
253.735,waypoint_2,-4.909,-100.580,-29.984
253.768,waypoint_2,-4.852,-100.657,-29.984
253.801,waypoint_2,-4.795,-100.733,-29.983
253.835,waypoint_2,-4.738,-100.810,-29.983
253.868,waypoint_2,-4.667,-100.906,-29.982
253.901,waypoint_2,-4.610,-100.983,-29.981
253.935,waypoint_2,-4.554,-101.060,-29.981
253.968,waypoint_2,-4.497,-101.137,-29.981
254.001,waypoint_2,-4.440,-101.213,-29.981
254.034,waypoint_2,-4.384,-101.290,-29.981
254.068,waypoint_2,-4.313,-101.386,-29.981
254.101,waypoint_2,-4.257,-101.463,-29.981
254.135,waypoint_2,-4.200,-101.540,-29.981
254.169,waypoint_2,-4.144,-101.617,-29.981
254.201,waypoint_2,-4.088,-101.694,-29.981
254.235,waypoint_2,-4.032,-101.771,-29.981
254.268,waypoint_2,-3.961,-101.868,-29.982
254.301,waypoint_2,-3.905,-101.945,-29.982
254.335,waypoint_2,-3.849,-102.022,-29.983
254.369,waypoint_2,-3.793,-102.099,-29.983
254.401,waypoint_2,-3.737,-102.176,-29.983
254.435,waypoint_2,-3.681,-102.254,-29.984
254.468,waypoint_2,-3.611,-102.350,-29.984
254.501,waypoint_2,-3.555,-102.428,-29.984
254.535,waypoint_2,-3.499,-102.505,-29.985
254.568,waypoint_2,-3.443,-102.582,-29.985
254.601,waypoint_2,-3.387,-102.659,-29.985
254.635,waypoint_2,-3.331,-102.737,-29.985
254.669,waypoint_2,-3.261,-102.833,-29.985
254.701,waypoint_2,-3.205,-102.910,-29.984
254.735,waypoint_2,-3.149,-102.988,-29.984
254.768,waypoint_2,-3.092,-103.065,-29.984
254.801,waypoint_2,-3.036,-103.142,-29.984
254.835,waypoint_2,-2.979,-103.219,-29.984
254.868,waypoint_2,-2.909,-103.316,-29.984
254.901,waypoint_2,-2.852,-103.393,-29.984
254.936,waypoint_2,-2.796,-103.470,-29.985
254.970,waypoint_2,-2.739,-103.547,-29.985
255.002,waypoint_2,-2.682,-103.624,-29.986
255.036,waypoint_2,-2.625,-103.701,-29.986
255.070,waypoint_2,-2.554,-103.798,-29.987
255.102,waypoint_2,-2.497,-103.875,-29.988
255.136,waypoint_2,-2.440,-103.952,-29.988
255.170,waypoint_2,-2.383,-104.029,-29.989
255.202,waypoint_2,-2.325,-104.106,-29.989
255.236,waypoint_2,-2.268,-104.183,-29.990
255.270,waypoint_2,-2.196,-104.280,-29.990
255.302,waypoint_2,-2.139,-104.357,-29.991
255.336,waypoint_2,-2.082,-104.434,-29.991
255.370,waypoint_2,-2.024,-104.510,-29.992
255.402,waypoint_2,-1.967,-104.587,-29.992
255.436,waypoint_2,-1.909,-104.664,-29.992
255.471,waypoint_2,-1.838,-104.760,-29.993
255.503,waypoint_2,-1.780,-104.837,-29.993
255.537,waypoint_2,-1.723,-104.914,-29.992
255.571,waypoint_2,-1.665,-104.991,-29.992
255.603,waypoint_2,-1.608,-105.068,-29.992
255.637,waypoint_2,-1.551,-105.144,-29.992
255.671,waypoint_2,-1.479,-105.240,-29.991
255.703,waypoint_2,-1.422,-105.317,-29.991
255.738,waypoint_2,-1.364,-105.394,-29.990
255.773,waypoint_2,-1.307,-105.471,-29.990
255.805,waypoint_2,-1.250,-105.548,-29.989
255.840,waypoint_2,-1.193,-105.624,-29.988
255.874,waypoint_2,-1.121,-105.720,-29.988
255.906,waypoint_2,-1.064,-105.797,-29.987
255.940,waypoint_2,-1.006,-105.874,-29.986
255.974,waypoint_2,-0.949,-105.950,-29.986
256.006,waypoint_2,-0.891,-106.027,-29.985
256.040,waypoint_2,-0.834,-106.104,-29.984
256.074,waypoint_2,-0.762,-106.200,-29.983
256.106,waypoint_2,-0.704,-106.277,-29.983
256.140,waypoint_2,-0.646,-106.354,-29.982
256.174,waypoint_2,-0.589,-106.431,-29.982
256.206,waypoint_2,-0.531,-106.508,-29.982
256.240,waypoint_2,-0.474,-106.585,-29.982
256.274,waypoint_2,-0.402,-106.682,-29.981
256.306,waypoint_2,-0.344,-106.759,-29.981
256.340,waypoint_2,-0.287,-106.837,-29.981
256.374,waypoint_2,-0.229,-106.914,-29.981
256.406,waypoint_2,-0.172,-106.992,-29.981
256.440,waypoint_2,-0.114,-107.069,-29.981
256.474,waypoint_2,-0.042,-107.166,-29.981
256.506,waypoint_2,0.015,-107.244,-29.981
256.540,waypoint_2,0.072,-107.322,-29.982
256.574,waypoint_2,0.129,-107.400,-29.982
256.606,waypoint_2,0.187,-107.478,-29.982
256.640,waypoint_2,0.244,-107.555,-29.982
256.674,waypoint_2,0.315,-107.653,-29.982
256.706,waypoint_2,0.373,-107.731,-29.982
256.740,waypoint_2,0.430,-107.810,-29.982
256.774,waypoint_2,0.487,-107.888,-29.983
256.806,waypoint_2,0.544,-107.966,-29.983
256.840,waypoint_2,0.601,-108.045,-29.983
256.874,waypoint_2,0.672,-108.143,-29.983
256.906,waypoint_2,0.729,-108.221,-29.983
256.940,waypoint_2,0.785,-108.300,-29.984
256.974,waypoint_2,0.842,-108.378,-29.984
257.006,waypoint_2,0.899,-108.457,-29.984
257.040,waypoint_2,0.955,-108.535,-29.985
257.074,waypoint_2,1.026,-108.632,-29.985
257.106,waypoint_2,1.083,-108.710,-29.985
257.140,waypoint_2,1.139,-108.788,-29.986
257.174,waypoint_2,1.196,-108.866,-29.986
257.206,waypoint_2,1.252,-108.944,-29.987
257.240,waypoint_2,1.309,-109.022,-29.987
257.274,waypoint_2,1.380,-109.119,-29.987
257.306,waypoint_2,1.437,-109.197,-29.988
257.340,waypoint_2,1.493,-109.275,-29.988
257.374,waypoint_2,1.550,-109.353,-29.989
257.406,waypoint_2,1.607,-109.431,-29.989
257.440,waypoint_2,1.664,-109.509,-29.989
257.474,waypoint_2,1.735,-109.606,-29.990
257.506,waypoint_2,1.792,-109.684,-29.990
257.540,waypoint_2,1.849,-109.762,-29.990
257.574,waypoint_2,1.906,-109.840,-29.991
257.606,waypoint_2,1.963,-109.918,-29.991
257.640,waypoint_2,2.020,-109.996,-29.991
257.674,waypoint_2,2.092,-110.093,-29.991
257.706,waypoint_2,2.149,-110.171,-29.992
257.740,waypoint_2,2.206,-110.249,-29.992
257.774,waypoint_2,2.263,-110.327,-29.992
257.806,waypoint_2,2.320,-110.405,-29.992
257.840,waypoint_2,2.377,-110.483,-29.992
257.876,waypoint_2,2.448,-110.580,-29.992
257.908,waypoint_2,2.505,-110.659,-29.992
257.942,waypoint_2,2.562,-110.737,-29.992
257.976,waypoint_2,2.619,-110.815,-29.993
258.008,waypoint_2,2.676,-110.893,-29.993
258.043,waypoint_2,2.733,-110.971,-29.993
258.077,waypoint_2,2.804,-111.069,-29.993
258.109,waypoint_2,2.861,-111.147,-29.993
258.143,waypoint_2,2.918,-111.226,-29.992
258.177,waypoint_2,2.974,-111.304,-29.992
258.209,waypoint_2,3.031,-111.382,-29.992
258.243,waypoint_2,3.087,-111.460,-29.992
258.277,waypoint_2,3.158,-111.557,-29.992
258.309,waypoint_2,3.214,-111.635,-29.992
258.343,waypoint_2,3.270,-111.713,-29.992
258.377,waypoint_2,3.327,-111.791,-29.992
258.409,waypoint_2,3.383,-111.869,-29.991
258.443,waypoint_2,3.439,-111.947,-29.991
258.477,waypoint_2,3.509,-112.045,-29.991
258.509,waypoint_2,3.565,-112.123,-29.990
258.544,waypoint_2,3.621,-112.201,-29.990
258.578,waypoint_2,3.678,-112.280,-29.990
258.610,waypoint_2,3.734,-112.358,-29.990
258.646,waypoint_2,3.790,-112.436,-29.990
258.680,waypoint_2,3.860,-112.534,-29.990
258.712,waypoint_2,3.915,-112.612,-29.990
258.746,waypoint_2,3.971,-112.691,-29.990
258.780,waypoint_2,4.027,-112.769,-29.990
258.812,waypoint_2,4.083,-112.847,-29.989
258.846,waypoint_2,4.138,-112.925,-29.989
258.880,waypoint_2,4.208,-113.023,-29.989
258.912,waypoint_2,4.263,-113.101,-29.989
258.946,waypoint_2,4.318,-113.179,-29.989
258.980,waypoint_2,4.374,-113.257,-29.988
259.012,waypoint_2,4.429,-113.335,-29.988
259.046,waypoint_2,4.485,-113.413,-29.988
259.080,waypoint_2,4.554,-113.511,-29.988
259.112,waypoint_2,4.609,-113.589,-29.988
259.147,waypoint_2,4.665,-113.667,-29.988
259.181,waypoint_2,4.721,-113.745,-29.988
259.213,waypoint_2,4.777,-113.823,-29.988
259.247,waypoint_2,4.833,-113.901,-29.989
259.281,waypoint_2,4.903,-113.998,-29.989
259.313,waypoint_2,4.959,-114.076,-29.990
259.347,waypoint_2,5.015,-114.154,-29.990
259.381,waypoint_2,5.071,-114.231,-29.991
259.413,waypoint_2,5.127,-114.309,-29.991
259.447,waypoint_2,5.183,-114.387,-29.992
259.481,waypoint_2,5.253,-114.483,-29.992
259.513,waypoint_2,5.309,-114.560,-29.993
259.548,waypoint_2,5.365,-114.637,-29.993
259.582,waypoint_2,5.422,-114.714,-29.994
259.614,waypoint_2,5.478,-114.791,-29.995
259.648,waypoint_2,5.534,-114.868,-29.995
259.682,waypoint_2,5.604,-114.964,-29.996
259.714,waypoint_2,5.660,-115.041,-29.996
259.748,waypoint_2,5.716,-115.118,-29.997
259.782,waypoint_2,5.772,-115.195,-29.997
259.814,waypoint_2,5.828,-115.272,-29.998
259.848,waypoint_2,5.884,-115.349,-29.998
259.882,waypoint_2,5.954,-115.445,-29.998
259.914,waypoint_2,6.010,-115.522,-29.999
259.948,waypoint_2,6.065,-115.599,-29.999
259.982,waypoint_2,6.121,-115.676,-29.999
260.014,waypoint_2,6.176,-115.753,-30.000
260.048,waypoint_2,6.232,-115.830,-30.000
260.082,waypoint_2,6.301,-115.926,-30.000
260.114,waypoint_2,6.357,-116.003,-30.001
260.148,waypoint_2,6.412,-116.080,-30.001
260.182,waypoint_2,6.468,-116.158,-30.001
260.214,waypoint_2,6.523,-116.235,-30.001
260.248,waypoint_2,6.579,-116.313,-30.001
260.282,waypoint_2,6.648,-116.410,-30.001
260.314,waypoint_2,6.704,-116.488,-30.001
260.348,waypoint_2,6.759,-116.566,-30.000
260.382,waypoint_2,6.814,-116.644,-30.000
260.414,waypoint_2,6.870,-116.722,-30.000
260.448,waypoint_2,6.925,-116.799,-29.999
260.482,waypoint_2,6.994,-116.897,-29.999
260.514,waypoint_2,7.049,-116.975,-29.999
260.548,waypoint_2,7.104,-117.053,-29.998
260.582,waypoint_2,7.160,-117.132,-29.998
260.614,waypoint_2,7.215,-117.210,-29.998
260.648,waypoint_2,7.270,-117.288,-29.998
260.682,waypoint_2,7.340,-117.386,-29.998
260.714,waypoint_2,7.395,-117.464,-29.998
260.749,waypoint_2,7.450,-117.543,-29.998
260.783,waypoint_2,7.505,-117.621,-29.998
260.815,waypoint_2,7.561,-117.699,-29.998
260.849,waypoint_2,7.616,-117.777,-29.998
260.883,waypoint_2,7.685,-117.875,-29.998
260.915,waypoint_2,7.740,-117.953,-29.998
260.949,waypoint_2,7.795,-118.031,-29.998
260.983,waypoint_2,7.850,-118.109,-29.998
261.015,waypoint_2,7.905,-118.187,-29.998
261.049,waypoint_2,7.960,-118.265,-29.998
261.083,waypoint_2,8.029,-118.363,-29.998
261.115,waypoint_2,8.084,-118.441,-29.998
261.149,waypoint_2,8.139,-118.519,-29.997
261.183,waypoint_2,8.195,-118.597,-29.997
261.215,waypoint_2,8.250,-118.674,-29.997
261.250,waypoint_2,8.305,-118.752,-29.997
261.284,waypoint_2,8.374,-118.849,-29.997
261.316,waypoint_2,8.429,-118.927,-29.996
261.350,waypoint_2,8.484,-119.005,-29.996
261.384,waypoint_2,8.539,-119.082,-29.996
261.416,waypoint_2,8.594,-119.159,-29.995
261.450,waypoint_2,8.650,-119.237,-29.994
261.484,waypoint_2,8.719,-119.333,-29.993
261.516,waypoint_2,8.774,-119.411,-29.993
261.551,waypoint_2,8.830,-119.488,-29.992
261.585,waypoint_2,8.885,-119.565,-29.991
261.617,waypoint_2,8.941,-119.643,-29.990
261.651,waypoint_2,8.997,-119.720,-29.989
261.685,waypoint_2,9.066,-119.817,-29.988
261.717,waypoint_2,9.122,-119.894,-29.987
261.753,waypoint_2,9.178,-119.972,-29.986
261.787,waypoint_2,9.233,-120.049,-29.985
261.819,waypoint_2,9.288,-120.127,-29.984
261.854,waypoint_2,9.344,-120.204,-29.983
261.888,waypoint_2,9.413,-120.301,-29.982
261.920,waypoint_2,9.468,-120.379,-29.982
261.954,waypoint_2,9.523,-120.456,-29.981
261.988,waypoint_2,9.578,-120.534,-29.980
262.020,waypoint_2,9.633,-120.611,-29.980
262.054,waypoint_2,9.688,-120.689,-29.979
262.088,waypoint_2,9.757,-120.785,-29.978
262.121,waypoint_2,9.812,-120.863,-29.978
262.155,waypoint_2,9.867,-120.940,-29.977
262.189,waypoint_2,9.922,-121.018,-29.976
262.222,waypoint_2,9.977,-121.095,-29.976
262.255,waypoint_2,10.032,-121.172,-29.975
262.289,waypoint_2,10.101,-121.269,-29.974
262.321,waypoint_2,10.156,-121.347,-29.973
262.355,waypoint_2,10.211,-121.424,-29.972
262.389,waypoint_2,10.266,-121.502,-29.971
262.421,waypoint_2,10.321,-121.579,-29.970
262.455,waypoint_2,10.376,-121.657,-29.969
262.489,waypoint_2,10.446,-121.754,-29.968
262.521,waypoint_2,10.501,-121.831,-29.968
262.555,waypoint_2,10.556,-121.909,-29.967
262.589,waypoint_2,10.611,-121.986,-29.966
262.621,waypoint_2,10.667,-122.064,-29.966
262.655,waypoint_2,10.722,-122.141,-29.965
262.689,waypoint_2,10.791,-122.238,-29.965
262.721,waypoint_2,10.847,-122.316,-29.965
262.755,waypoint_2,10.902,-122.393,-29.965
262.789,waypoint_2,10.958,-122.471,-29.965
262.821,waypoint_2,11.013,-122.549,-29.965
262.855,waypoint_2,11.068,-122.626,-29.965
262.890,waypoint_2,11.138,-122.723,-29.965
262.921,waypoint_2,11.193,-122.801,-29.965
262.955,waypoint_2,11.249,-122.878,-29.966
262.989,waypoint_2,11.304,-122.956,-29.966
263.021,waypoint_2,11.359,-123.033,-29.967
263.055,waypoint_2,11.415,-123.110,-29.967
263.089,waypoint_2,11.484,-123.206,-29.968
263.121,waypoint_2,11.539,-123.283,-29.969
263.155,waypoint_2,11.595,-123.360,-29.969
263.189,waypoint_2,11.650,-123.436,-29.970
263.221,waypoint_2,11.706,-123.513,-29.971
263.255,waypoint_2,11.761,-123.590,-29.971
263.289,waypoint_2,11.830,-123.686,-29.972
263.321,waypoint_2,11.885,-123.763,-29.973
263.355,waypoint_2,11.941,-123.840,-29.974
263.389,waypoint_2,11.996,-123.917,-29.974
263.421,waypoint_2,12.051,-123.994,-29.975
263.455,waypoint_2,12.107,-124.070,-29.975
263.489,waypoint_2,12.176,-124.166,-29.976
263.521,waypoint_2,12.232,-124.243,-29.977
263.555,waypoint_2,12.287,-124.320,-29.977
263.589,waypoint_2,12.343,-124.396,-29.978
263.621,waypoint_2,12.398,-124.473,-29.978
263.655,waypoint_2,12.453,-124.549,-29.979
263.689,waypoint_2,12.523,-124.645,-29.979
263.721,waypoint_2,12.578,-124.722,-29.979
263.755,waypoint_2,12.633,-124.798,-29.980
263.789,waypoint_2,12.689,-124.875,-29.980
263.821,waypoint_2,12.744,-124.951,-29.980
263.855,waypoint_2,12.800,-125.027,-29.981
263.889,waypoint_2,12.869,-125.123,-29.981
263.921,waypoint_2,12.924,-125.199,-29.982
263.956,waypoint_2,12.980,-125.276,-29.982
263.990,waypoint_2,13.035,-125.352,-29.983
264.022,waypoint_2,13.091,-125.428,-29.983
264.056,waypoint_2,13.146,-125.505,-29.984
264.090,waypoint_2,13.216,-125.600,-29.984
264.122,waypoint_2,13.271,-125.676,-29.985
264.156,waypoint_2,13.327,-125.753,-29.985
264.191,waypoint_2,13.382,-125.829,-29.985
264.222,waypoint_3,13.438,-125.905,-29.985
264.256,waypoint_3,13.494,-125.982,-29.988
264.290,waypoint_3,13.564,-126.077,-29.995
264.322,waypoint_3,13.619,-126.154,-30.004
264.357,waypoint_3,13.674,-126.230,-30.016
264.390,waypoint_3,13.726,-126.306,-30.028
264.422,waypoint_3,13.776,-126.382,-30.041
264.457,waypoint_3,13.823,-126.457,-30.054
264.492,waypoint_3,13.876,-126.550,-30.069
264.525,waypoint_3,13.913,-126.624,-30.079
264.560,waypoint_3,13.945,-126.698,-30.087
264.594,waypoint_3,13.972,-126.771,-30.094
264.626,waypoint_3,13.993,-126.844,-30.098
264.660,waypoint_3,14.009,-126.916,-30.100
264.694,waypoint_3,14.020,-127.005,-30.101
264.726,waypoint_3,14.023,-127.076,-30.100
264.760,waypoint_3,14.020,-127.147,-30.097
264.794,waypoint_3,14.011,-127.217,-30.093
264.826,waypoint_3,13.996,-127.287,-30.088
264.860,waypoint_3,13.977,-127.356,-30.082
264.894,waypoint_3,13.945,-127.443,-30.074
264.926,waypoint_3,13.913,-127.512,-30.067
264.960,waypoint_3,13.877,-127.580,-30.060
264.994,waypoint_3,13.837,-127.648,-30.053
265.026,waypoint_3,13.792,-127.716,-30.046
265.060,waypoint_3,13.744,-127.784,-30.039
265.094,waypoint_3,13.679,-127.869,-30.031
265.126,waypoint_3,13.623,-127.937,-30.025
265.160,waypoint_3,13.565,-128.004,-30.019
265.194,waypoint_3,13.504,-128.072,-30.014
265.226,waypoint_3,13.441,-128.139,-30.009
265.260,waypoint_3,13.376,-128.207,-30.005
265.294,waypoint_3,13.293,-128.292,-30.000
265.326,waypoint_3,13.225,-128.360,-29.997
265.360,waypoint_3,13.156,-128.428,-29.994
265.394,waypoint_3,13.086,-128.496,-29.991
265.426,waypoint_3,13.016,-128.564,-29.989
265.460,waypoint_3,12.944,-128.633,-29.986
265.494,waypoint_3,12.854,-128.718,-29.984
265.526,waypoint_3,12.781,-128.787,-29.982
265.560,waypoint_3,12.708,-128.856,-29.981
265.594,waypoint_3,12.635,-128.924,-29.980
265.626,waypoint_3,12.561,-128.993,-29.979
265.660,waypoint_3,12.488,-129.062,-29.979
265.694,waypoint_3,12.395,-129.148,-29.978
265.726,waypoint_3,12.321,-129.216,-29.978
265.760,waypoint_3,12.247,-129.285,-29.978
265.794,waypoint_3,12.173,-129.354,-29.978
265.826,waypoint_3,12.099,-129.423,-29.977
265.860,waypoint_3,12.026,-129.492,-29.977
265.894,waypoint_3,11.933,-129.577,-29.977
265.926,waypoint_3,11.859,-129.646,-29.977
265.960,waypoint_3,11.785,-129.714,-29.978
265.994,waypoint_3,11.712,-129.783,-29.978
266.026,waypoint_3,11.638,-129.851,-29.978
266.060,waypoint_3,11.565,-129.919,-29.979
266.094,waypoint_3,11.473,-130.004,-29.979
266.126,waypoint_3,11.399,-130.071,-29.980
266.160,waypoint_3,11.326,-130.139,-29.980
266.194,waypoint_3,11.252,-130.206,-29.980
266.226,waypoint_3,11.179,-130.273,-29.981
266.260,waypoint_3,11.106,-130.340,-29.981
266.294,waypoint_3,11.015,-130.424,-29.982
266.326,waypoint_3,10.942,-130.490,-29.982
266.360,waypoint_3,10.869,-130.557,-29.983
266.394,waypoint_3,10.796,-130.623,-29.983
266.426,waypoint_3,10.723,-130.689,-29.983
266.460,waypoint_3,10.649,-130.755,-29.983
266.494,waypoint_3,10.558,-130.838,-29.983
266.526,waypoint_3,10.485,-130.904,-29.983
266.560,waypoint_3,10.412,-130.969,-29.984
266.594,waypoint_3,10.339,-131.035,-29.984
266.626,waypoint_3,10.266,-131.100,-29.984
266.660,waypoint_3,10.192,-131.166,-29.985
266.694,waypoint_3,10.100,-131.247,-29.985
266.726,waypoint_3,10.027,-131.312,-29.986
266.760,waypoint_3,9.953,-131.377,-29.987
266.794,waypoint_3,9.880,-131.442,-29.987
266.827,waypoint_3,9.806,-131.506,-29.988
266.861,waypoint_3,9.732,-131.571,-29.989
266.895,waypoint_3,9.640,-131.651,-29.990
266.927,waypoint_3,9.566,-131.715,-29.990
266.961,waypoint_3,9.492,-131.779,-29.991
266.995,waypoint_3,9.418,-131.843,-29.992
267.027,waypoint_3,9.344,-131.907,-29.992
267.061,waypoint_3,9.270,-131.970,-29.993
267.095,waypoint_3,9.178,-132.049,-29.993
267.127,waypoint_3,9.105,-132.112,-29.994
267.161,waypoint_3,9.031,-132.175,-29.994
267.195,waypoint_3,8.957,-132.238,-29.994
267.227,waypoint_3,8.883,-132.300,-29.994
267.261,waypoint_3,8.809,-132.362,-29.993
267.295,waypoint_3,8.717,-132.440,-29.993
267.327,waypoint_3,8.643,-132.501,-29.993
267.361,waypoint_3,8.568,-132.563,-29.993
267.395,waypoint_3,8.494,-132.624,-29.992
267.427,waypoint_3,8.420,-132.686,-29.992
267.461,waypoint_3,8.345,-132.747,-29.992
267.495,waypoint_3,8.252,-132.823,-29.992
267.527,waypoint_3,8.177,-132.883,-29.992
267.562,waypoint_3,8.102,-132.944,-29.991
267.595,waypoint_3,8.027,-133.004,-29.991
267.627,waypoint_3,7.952,-133.064,-29.991
267.661,waypoint_3,7.876,-133.124,-29.991
267.695,waypoint_3,7.782,-133.199,-29.991
267.727,waypoint_3,7.707,-133.259,-29.991
267.761,waypoint_3,7.631,-133.318,-29.991
267.795,waypoint_3,7.556,-133.377,-29.991
267.829,waypoint_3,7.481,-133.437,-29.991
267.862,waypoint_3,7.405,-133.496,-29.991
267.896,waypoint_3,7.310,-133.570,-29.992
267.928,waypoint_3,7.235,-133.629,-29.992
267.962,waypoint_3,7.159,-133.688,-29.992
267.996,waypoint_3,7.083,-133.747,-29.992
268.028,waypoint_3,7.007,-133.806,-29.993
268.062,waypoint_3,6.930,-133.865,-29.993
268.096,waypoint_3,6.835,-133.938,-29.994
268.128,waypoint_3,6.759,-133.997,-29.994
268.162,waypoint_3,6.682,-134.055,-29.994
268.196,waypoint_3,6.606,-134.114,-29.995
268.228,waypoint_3,6.530,-134.172,-29.995
268.262,waypoint_3,6.453,-134.230,-29.995
268.296,waypoint_3,6.357,-134.303,-29.995
268.328,waypoint_3,6.281,-134.361,-29.994
268.362,waypoint_3,6.204,-134.419,-29.994
268.396,waypoint_3,6.127,-134.477,-29.994
268.428,waypoint_3,6.050,-134.535,-29.993
268.462,waypoint_3,5.973,-134.593,-29.993
268.496,waypoint_3,5.877,-134.665,-29.992
268.528,waypoint_3,5.800,-134.722,-29.991
268.562,waypoint_3,5.722,-134.780,-29.990
268.596,waypoint_3,5.645,-134.838,-29.990
268.629,waypoint_3,5.567,-134.895,-29.989
268.662,waypoint_3,5.490,-134.953,-29.988
268.696,waypoint_3,5.393,-135.025,-29.987
268.728,waypoint_3,5.315,-135.082,-29.986
268.762,waypoint_3,5.237,-135.140,-29.986
268.796,waypoint_3,5.159,-135.197,-29.985
268.828,waypoint_3,5.081,-135.255,-29.985
268.862,waypoint_3,5.003,-135.312,-29.985
268.896,waypoint_3,4.905,-135.384,-29.984
268.928,waypoint_3,4.827,-135.442,-29.984
268.962,waypoint_3,4.749,-135.499,-29.984
268.996,waypoint_3,4.671,-135.557,-29.984
269.028,waypoint_3,4.593,-135.614,-29.985
269.062,waypoint_3,4.514,-135.672,-29.985
269.096,waypoint_3,4.417,-135.744,-29.985
269.128,waypoint_3,4.338,-135.801,-29.985
269.162,waypoint_3,4.260,-135.859,-29.985
269.196,waypoint_3,4.182,-135.917,-29.985
269.228,waypoint_3,4.104,-135.974,-29.985
269.262,waypoint_3,4.026,-136.032,-29.985
269.296,waypoint_3,3.929,-136.104,-29.985
269.328,waypoint_3,3.850,-136.162,-29.986
269.362,waypoint_3,3.772,-136.220,-29.986
269.396,waypoint_3,3.694,-136.278,-29.986
269.428,waypoint_3,3.616,-136.336,-29.986
269.462,waypoint_3,3.538,-136.394,-29.986
269.496,waypoint_3,3.441,-136.466,-29.986
269.530,waypoint_3,3.363,-136.524,-29.987
269.563,waypoint_3,3.285,-136.583,-29.987
269.598,waypoint_3,3.207,-136.641,-29.987
269.629,waypoint_3,3.129,-136.699,-29.987
269.664,waypoint_3,3.051,-136.758,-29.988
269.698,waypoint_3,2.953,-136.831,-29.988
269.731,waypoint_3,2.875,-136.889,-29.988
269.764,waypoint_3,2.797,-136.947,-29.989
269.798,waypoint_3,2.719,-137.006,-29.989
269.831,waypoint_3,2.641,-137.064,-29.989
269.864,waypoint_3,2.564,-137.122,-29.989
269.898,waypoint_3,2.466,-137.195,-29.989
269.933,waypoint_3,2.388,-137.253,-29.989
269.967,waypoint_3,2.311,-137.311,-29.989
270.001,waypoint_3,2.233,-137.369,-29.990
270.033,waypoint_3,2.155,-137.427,-29.990
270.067,waypoint_3,2.078,-137.485,-29.990
270.101,waypoint_3,1.981,-137.557,-29.990
270.133,waypoint_3,1.904,-137.614,-29.990
270.167,waypoint_3,1.826,-137.672,-29.990
270.201,waypoint_3,1.749,-137.730,-29.991
270.233,waypoint_3,1.672,-137.787,-29.991
270.267,waypoint_3,1.595,-137.845,-29.992
270.301,waypoint_3,1.499,-137.917,-29.993
270.333,waypoint_3,1.421,-137.974,-29.993
270.367,waypoint_3,1.344,-138.032,-29.994
270.401,waypoint_3,1.267,-138.090,-29.994
270.433,waypoint_3,1.190,-138.148,-29.995
270.467,waypoint_3,1.113,-138.206,-29.996
270.501,waypoint_3,1.016,-138.279,-29.997
270.533,waypoint_3,0.939,-138.337,-29.998
270.567,waypoint_3,0.861,-138.395,-29.999
270.601,waypoint_3,0.784,-138.454,-30.000
270.633,waypoint_3,0.706,-138.512,-30.001
270.667,waypoint_3,0.629,-138.571,-30.002
270.701,waypoint_3,0.532,-138.644,-30.003
270.733,waypoint_3,0.454,-138.702,-30.004
270.767,waypoint_3,0.377,-138.761,-30.005
270.801,waypoint_3,0.299,-138.820,-30.006
270.833,waypoint_3,0.221,-138.878,-30.007
270.867,waypoint_3,0.143,-138.937,-30.008
270.901,waypoint_3,0.046,-139.010,-30.009
270.934,waypoint_3,-0.031,-139.069,-30.009
270.968,waypoint_3,-0.109,-139.128,-30.010
271.002,waypoint_3,-0.186,-139.186,-30.010
271.034,waypoint_3,-0.263,-139.245,-30.011
271.068,waypoint_3,-0.341,-139.304,-30.011
271.103,waypoint_3,-0.437,-139.378,-30.011
271.136,waypoint_3,-0.514,-139.436,-30.012
271.169,waypoint_3,-0.591,-139.495,-30.012
271.204,waypoint_3,-0.668,-139.554,-30.012
271.236,waypoint_3,-0.745,-139.613,-30.012
271.270,waypoint_3,-0.821,-139.672,-30.012
271.304,waypoint_3,-0.917,-139.745,-30.012
271.336,waypoint_3,-0.993,-139.804,-30.011
271.370,waypoint_3,-1.069,-139.863,-30.011
271.404,waypoint_3,-1.146,-139.922,-30.011
271.436,waypoint_3,-1.222,-139.980,-30.010
271.471,waypoint_3,-1.297,-140.039,-30.010
271.505,waypoint_3,-1.392,-140.112,-30.010
271.537,waypoint_3,-1.468,-140.171,-30.009
271.571,waypoint_3,-1.543,-140.230,-30.009
271.608,waypoint_3,-1.619,-140.288,-30.009
271.640,waypoint_3,-1.695,-140.347,-30.009
271.674,waypoint_3,-1.771,-140.405,-30.008
271.708,waypoint_3,-1.865,-140.479,-30.008
271.740,waypoint_3,-1.941,-140.537,-30.008
271.774,waypoint_3,-2.017,-140.596,-30.008
271.820,waypoint_3,-2.093,-140.655,-30.008
271.852,waypoint_3,-2.168,-140.714,-30.008
271.886,waypoint_3,-2.244,-140.772,-30.008
271.920,waypoint_3,-2.339,-140.846,-30.008
271.952,waypoint_3,-2.414,-140.905,-30.008
271.986,waypoint_3,-2.490,-140.963,-30.009
272.020,waypoint_3,-2.566,-141.022,-30.009
272.052,waypoint_3,-2.641,-141.081,-30.009
272.086,waypoint_3,-2.717,-141.139,-30.010
272.120,waypoint_3,-2.812,-141.212,-30.010
272.152,waypoint_3,-2.887,-141.271,-30.011
272.199,waypoint_3,-2.963,-141.329,-30.011
272.233,waypoint_3,-3.039,-141.388,-30.012
272.266,waypoint_3,-3.115,-141.446,-30.012
272.300,waypoint_3,-3.191,-141.504,-30.013
272.333,waypoint_3,-3.286,-141.577,-30.014
272.366,waypoint_3,-3.363,-141.635,-30.014
272.400,waypoint_3,-3.439,-141.693,-30.015
272.433,waypoint_3,-3.516,-141.751,-30.015
272.466,waypoint_3,-3.592,-141.810,-30.016
272.499,waypoint_3,-3.669,-141.868,-30.016
272.533,waypoint_3,-3.765,-141.941,-30.017
272.567,waypoint_3,-3.842,-141.999,-30.017
272.601,waypoint_3,-3.919,-142.057,-30.017
272.633,waypoint_3,-3.997,-142.116,-30.018
272.667,waypoint_3,-4.074,-142.174,-30.018
272.701,waypoint_3,-4.151,-142.232,-30.018
272.733,waypoint_3,-4.229,-142.291,-30.019
272.767,waypoint_3,-4.326,-142.364,-30.019
272.801,waypoint_3,-4.404,-142.423,-30.019
272.833,waypoint_3,-4.482,-142.481,-30.020
272.867,waypoint_3,-4.559,-142.540,-30.020
272.901,waypoint_3,-4.637,-142.599,-30.020
272.933,waypoint_3,-4.715,-142.657,-30.020
272.968,waypoint_3,-4.812,-142.731,-30.020
273.020,waypoint_3,-4.889,-142.790,-30.020
273.052,waypoint_3,-4.967,-142.849,-30.021
273.089,waypoint_3,-5.045,-142.907,-30.021
273.135,waypoint_3,-5.122,-142.966,-30.021
273.167,waypoint_3,-5.200,-143.025,-30.021
273.201,waypoint_3,-5.296,-143.099,-30.021
273.235,waypoint_3,-5.374,-143.158,-30.021
273.267,waypoint_3,-5.451,-143.216,-30.021
273.301,waypoint_3,-5.528,-143.275,-30.021
273.335,waypoint_3,-5.606,-143.334,-30.020
273.367,waypoint_3,-5.683,-143.393,-30.020
273.402,waypoint_3,-5.779,-143.468,-30.020
273.436,waypoint_3,-5.856,-143.527,-30.019
273.468,waypoint_3,-5.934,-143.586,-30.019
273.502,waypoint_3,-6.011,-143.646,-30.018
273.536,waypoint_3,-6.088,-143.706,-30.018
273.569,waypoint_3,-6.165,-143.765,-30.017
273.603,waypoint_3,-6.262,-143.840,-30.017
273.637,waypoint_3,-6.339,-143.900,-30.016
273.669,waypoint_3,-6.417,-143.959,-30.016
273.703,waypoint_3,-6.494,-144.019,-30.015
273.737,waypoint_3,-6.571,-144.079,-30.015
273.769,waypoint_3,-6.649,-144.139,-30.015
273.803,waypoint_3,-6.746,-144.214,-30.014
273.837,waypoint_3,-6.823,-144.274,-30.014
273.869,waypoint_3,-6.901,-144.334,-30.014
273.903,waypoint_3,-6.979,-144.394,-30.014
273.937,waypoint_3,-7.056,-144.455,-30.014
273.970,waypoint_3,-7.134,-144.515,-30.014
274.004,waypoint_3,-7.231,-144.591,-30.014
274.038,waypoint_3,-7.309,-144.651,-30.014
274.071,waypoint_3,-7.386,-144.712,-30.014
274.105,waypoint_3,-7.464,-144.773,-30.014
274.141,waypoint_3,-7.542,-144.834,-30.015
274.180,waypoint_3,-7.619,-144.894,-30.015
274.216,waypoint_3,-7.716,-144.970,-30.015
274.249,waypoint_3,-7.793,-145.031,-30.016
274.281,waypoint_3,-7.870,-145.092,-30.016
274.315,waypoint_3,-7.947,-145.153,-30.016
274.349,waypoint_3,-8.024,-145.214,-30.017
274.382,waypoint_3,-8.101,-145.275,-30.017
274.415,waypoint_3,-8.197,-145.351,-30.017
274.449,waypoint_3,-8.274,-145.412,-30.018
274.481,waypoint_3,-8.351,-145.472,-30.018
274.515,waypoint_3,-8.427,-145.533,-30.018
274.550,waypoint_3,-8.503,-145.594,-30.018
274.581,waypoint_3,-8.579,-145.655,-30.019
274.615,waypoint_3,-8.674,-145.731,-30.019
274.649,waypoint_3,-8.750,-145.792,-30.020
274.681,waypoint_3,-8.826,-145.853,-30.020
274.715,waypoint_3,-8.901,-145.913,-30.020
274.749,waypoint_3,-8.977,-145.974,-30.021
274.781,waypoint_3,-9.052,-146.035,-30.021
274.815,waypoint_3,-9.147,-146.111,-30.022
274.849,waypoint_3,-9.222,-146.172,-30.023
274.881,waypoint_3,-9.297,-146.232,-30.023
274.915,waypoint_3,-9.372,-146.293,-30.023
274.949,waypoint_3,-9.447,-146.354,-30.024
274.981,waypoint_3,-9.522,-146.414,-30.024
275.015,waypoint_3,-9.616,-146.490,-30.024
275.049,waypoint_3,-9.690,-146.550,-30.024
275.083,waypoint_3,-9.765,-146.611,-30.024
275.134,waypoint_3,-9.840,-146.671,-30.024
275.173,waypoint_3,-9.915,-146.731,-30.024
275.205,waypoint_3,-9.989,-146.791,-30.024
275.239,waypoint_3,-10.083,-146.866,-30.024
275.274,waypoint_3,-10.157,-146.926,-30.024
275.310,waypoint_3,-10.232,-146.986,-30.024
275.344,waypoint_3,-10.307,-147.046,-30.024
275.382,waypoint_3,-10.382,-147.106,-30.025
275.414,waypoint_3,-10.456,-147.166,-30.025
275.448,waypoint_3,-10.550,-147.241,-30.025
275.482,waypoint_3,-10.625,-147.301,-30.025
275.514,waypoint_3,-10.699,-147.361,-30.026
275.548,waypoint_3,-10.774,-147.420,-30.026
275.582,waypoint_3,-10.849,-147.480,-30.026
275.614,waypoint_3,-10.923,-147.540,-30.026
275.649,waypoint_3,-11.017,-147.615,-30.027
275.682,waypoint_3,-11.092,-147.675,-30.027
275.714,waypoint_3,-11.166,-147.736,-30.027
275.748,waypoint_3,-11.241,-147.796,-30.027
275.782,waypoint_3,-11.316,-147.856,-30.027
275.814,waypoint_3,-11.391,-147.916,-30.027
275.848,waypoint_3,-11.484,-147.992,-30.027
275.882,waypoint_3,-11.558,-148.052,-30.027
275.914,waypoint_3,-11.633,-148.112,-30.027
275.948,waypoint_3,-11.707,-148.172,-30.027
275.982,waypoint_3,-11.782,-148.233,-30.027
276.014,waypoint_3,-11.857,-148.293,-30.027
276.048,waypoint_3,-11.950,-148.368,-30.027
276.082,waypoint_3,-12.024,-148.428,-30.027
276.114,waypoint_3,-12.099,-148.488,-30.027
276.148,waypoint_3,-12.173,-148.548,-30.027
276.182,waypoint_3,-12.247,-148.608,-30.027
276.214,waypoint_3,-12.322,-148.668,-30.027
276.248,waypoint_3,-12.415,-148.743,-30.026
276.282,waypoint_3,-12.489,-148.803,-30.026
276.314,waypoint_3,-12.563,-148.863,-30.026
276.348,waypoint_3,-12.638,-148.923,-30.026
276.382,waypoint_3,-12.712,-148.983,-30.026
276.414,waypoint_3,-12.786,-149.043,-30.026
276.448,waypoint_3,-12.879,-149.118,-30.026
276.482,waypoint_3,-12.954,-149.178,-30.026
276.514,waypoint_3,-13.028,-149.238,-30.027
276.548,waypoint_3,-13.103,-149.299,-30.027
276.582,waypoint_3,-13.177,-149.359,-30.027
276.614,waypoint_3,-13.252,-149.419,-30.027
276.648,waypoint_3,-13.345,-149.494,-30.027
276.682,waypoint_3,-13.419,-149.554,-30.027
276.714,waypoint_3,-13.494,-149.614,-30.027
276.748,waypoint_3,-13.568,-149.674,-30.028
276.783,waypoint_3,-13.643,-149.734,-30.028
276.815,waypoint_3,-13.717,-149.795,-30.028
276.849,waypoint_3,-13.810,-149.870,-30.028
276.883,waypoint_3,-13.884,-149.930,-30.028
276.915,waypoint_3,-13.959,-149.990,-30.029
276.950,waypoint_3,-14.033,-150.050,-30.029
276.983,waypoint_3,-14.107,-150.110,-30.029
277.015,waypoint_3,-14.181,-150.171,-30.028
277.049,waypoint_3,-14.274,-150.246,-30.028
277.083,waypoint_3,-14.348,-150.306,-30.028
277.115,waypoint_3,-14.423,-150.367,-30.027
277.149,waypoint_3,-14.497,-150.427,-30.027
277.183,waypoint_3,-14.571,-150.488,-30.026
277.215,waypoint_3,-14.646,-150.548,-30.025
277.249,waypoint_3,-14.739,-150.624,-30.025
277.283,waypoint_3,-14.813,-150.684,-30.024
277.315,waypoint_3,-14.888,-150.745,-30.023
277.349,waypoint_3,-14.963,-150.806,-30.023
277.383,waypoint_3,-15.038,-150.867,-30.022
277.415,waypoint_3,-15.112,-150.928,-30.021
277.449,waypoint_3,-15.205,-151.004,-30.021
277.483,waypoint_3,-15.280,-151.066,-30.020
277.515,waypoint_3,-15.355,-151.127,-30.020
277.549,waypoint_3,-15.429,-151.188,-30.019
277.583,waypoint_3,-15.504,-151.250,-30.019
277.615,waypoint_3,-15.578,-151.311,-30.019
277.649,waypoint_3,-15.671,-151.388,-30.018
277.683,waypoint_3,-15.746,-151.449,-30.018
277.715,waypoint_3,-15.820,-151.510,-30.018
277.749,waypoint_3,-15.895,-151.572,-30.017
277.783,waypoint_3,-15.969,-151.633,-30.017
277.815,waypoint_3,-16.043,-151.695,-30.017
277.849,waypoint_3,-16.135,-151.772,-30.017
277.883,waypoint_3,-16.209,-151.834,-30.017
277.915,waypoint_3,-16.283,-151.895,-30.016
277.949,waypoint_3,-16.357,-151.957,-30.016
277.983,waypoint_3,-16.430,-152.019,-30.016
278.015,waypoint_3,-16.504,-152.080,-30.016
278.049,waypoint_3,-16.596,-152.158,-30.016
278.083,waypoint_3,-16.670,-152.219,-30.016
278.115,waypoint_3,-16.744,-152.281,-30.016
278.149,waypoint_3,-16.818,-152.343,-30.016
278.183,waypoint_3,-16.892,-152.405,-30.016
278.215,waypoint_3,-16.966,-152.467,-30.016
278.249,waypoint_3,-17.059,-152.545,-30.015
278.283,waypoint_3,-17.133,-152.607,-30.015
278.315,waypoint_3,-17.208,-152.669,-30.015
278.349,waypoint_3,-17.283,-152.731,-30.015
278.385,waypoint_3,-17.357,-152.793,-30.015
278.417,waypoint_3,-17.432,-152.855,-30.015
278.451,waypoint_3,-17.525,-152.932,-30.014
278.486,waypoint_3,-17.600,-152.994,-30.014
278.517,waypoint_3,-17.675,-153.055,-30.013
278.552,waypoint_3,-17.749,-153.116,-30.013
278.585,waypoint_3,-17.824,-153.178,-30.013
278.617,waypoint_3,-17.899,-153.239,-30.012
278.651,waypoint_3,-17.992,-153.316,-30.011
278.685,waypoint_3,-18.066,-153.377,-30.011
278.717,waypoint_3,-18.140,-153.439,-30.011
278.752,waypoint_3,-18.214,-153.500,-30.010
278.785,waypoint_3,-18.289,-153.562,-30.010
278.817,waypoint_3,-18.363,-153.623,-30.010
278.851,waypoint_3,-18.455,-153.700,-30.010
278.885,waypoint_3,-18.529,-153.761,-30.010
278.917,waypoint_3,-18.603,-153.823,-30.010
278.951,waypoint_3,-18.677,-153.884,-30.010
278.985,waypoint_3,-18.751,-153.945,-30.010
279.017,waypoint_3,-18.825,-154.006,-30.010
279.051,waypoint_3,-18.917,-154.083,-30.010
279.085,waypoint_3,-18.990,-154.145,-30.010
279.117,waypoint_3,-19.064,-154.206,-30.010
279.151,waypoint_3,-19.138,-154.267,-30.011
279.185,waypoint_3,-19.211,-154.328,-30.011
279.217,waypoint_3,-19.284,-154.389,-30.011
279.251,waypoint_3,-19.376,-154.465,-30.011
279.285,waypoint_3,-19.450,-154.526,-30.011
279.317,waypoint_3,-19.523,-154.587,-30.011
279.351,waypoint_3,-19.596,-154.648,-30.011
279.386,waypoint_3,-19.670,-154.708,-30.012
279.418,waypoint_3,-19.743,-154.769,-30.012
279.452,waypoint_3,-19.835,-154.846,-30.012
279.486,waypoint_3,-19.908,-154.906,-30.012
279.518,waypoint_3,-19.982,-154.967,-30.012
279.552,waypoint_3,-20.055,-155.028,-30.012
279.586,waypoint_3,-20.128,-155.089,-30.012
279.618,waypoint_3,-20.201,-155.150,-30.012
279.652,waypoint_3,-20.292,-155.227,-30.012
279.686,waypoint_3,-20.365,-155.288,-30.012
279.718,waypoint_3,-20.438,-155.349,-30.012
279.752,waypoint_3,-20.511,-155.410,-30.011
279.787,waypoint_3,-20.584,-155.471,-30.011
279.818,waypoint_3,-20.656,-155.532,-30.011
279.852,waypoint_3,-20.747,-155.609,-30.010
279.887,waypoint_3,-20.820,-155.670,-30.010
279.919,waypoint_3,-20.893,-155.731,-30.009
279.954,waypoint_3,-20.965,-155.793,-30.009
279.989,waypoint_3,-21.038,-155.854,-30.008
280.021,waypoint_3,-21.111,-155.916,-30.008
280.055,waypoint_3,-21.201,-155.992,-30.007
280.089,waypoint_3,-21.274,-156.054,-30.007
280.122,waypoint_3,-21.347,-156.115,-30.007
280.155,waypoint_3,-21.420,-156.176,-30.007
280.189,waypoint_3,-21.492,-156.238,-30.007
280.221,waypoint_3,-21.565,-156.299,-30.006
280.255,waypoint_3,-21.657,-156.376,-30.006
280.289,waypoint_3,-21.730,-156.437,-30.006
280.321,waypoint_3,-21.803,-156.499,-30.006
280.355,waypoint_3,-21.876,-156.560,-30.006
280.389,waypoint_3,-21.949,-156.622,-30.006
280.421,waypoint_3,-22.023,-156.683,-30.006
280.455,waypoint_3,-22.115,-156.760,-30.006
280.489,waypoint_3,-22.188,-156.821,-30.006
280.521,waypoint_3,-22.261,-156.883,-30.006
280.555,waypoint_3,-22.335,-156.944,-30.006
280.589,waypoint_3,-22.408,-157.006,-30.006
280.621,waypoint_3,-22.482,-157.067,-30.006
280.655,waypoint_3,-22.574,-157.144,-30.006
280.689,waypoint_3,-22.647,-157.205,-30.007
280.721,waypoint_3,-22.720,-157.267,-30.007
280.755,waypoint_3,-22.794,-157.328,-30.007
280.789,waypoint_3,-22.867,-157.389,-30.008
280.821,waypoint_3,-22.940,-157.450,-30.008
280.855,waypoint_3,-23.032,-157.527,-30.008
280.889,waypoint_3,-23.106,-157.588,-30.008
280.921,waypoint_3,-23.179,-157.649,-30.009
280.955,waypoint_3,-23.253,-157.710,-30.009
280.989,waypoint_3,-23.326,-157.771,-30.009
281.021,waypoint_3,-23.400,-157.832,-30.010
281.055,waypoint_3,-23.491,-157.908,-30.010
281.089,waypoint_3,-23.565,-157.969,-30.010
281.121,waypoint_3,-23.639,-158.030,-30.011
281.155,waypoint_3,-23.713,-158.091,-30.011
281.189,waypoint_3,-23.786,-158.151,-30.011
281.221,waypoint_3,-23.860,-158.212,-30.011
281.255,waypoint_3,-23.953,-158.288,-30.011
281.289,waypoint_3,-24.027,-158.348,-30.011
281.321,waypoint_3,-24.101,-158.409,-30.011
281.355,waypoint_3,-24.175,-158.469,-30.011
281.389,waypoint_3,-24.250,-158.530,-30.011
281.421,waypoint_3,-24.324,-158.591,-30.012
281.455,waypoint_3,-24.416,-158.667,-30.012
281.489,waypoint_3,-24.491,-158.728,-30.012
281.521,waypoint_3,-24.565,-158.788,-30.013
281.555,waypoint_3,-24.639,-158.849,-30.013
281.589,waypoint_3,-24.713,-158.910,-30.013
281.621,waypoint_3,-24.787,-158.971,-30.014
281.655,waypoint_3,-24.880,-159.047,-30.014
281.689,waypoint_3,-24.954,-159.108,-30.015
281.721,waypoint_3,-25.028,-159.168,-30.015
281.755,waypoint_3,-25.102,-159.229,-30.015
281.789,waypoint_3,-25.176,-159.290,-30.015
281.821,waypoint_3,-25.250,-159.351,-30.015
281.855,waypoint_3,-25.343,-159.427,-30.016
281.889,waypoint_3,-25.417,-159.488,-30.016
281.921,waypoint_3,-25.491,-159.550,-30.016
281.955,waypoint_3,-25.565,-159.611,-30.017
281.989,waypoint_3,-25.639,-159.672,-30.017
282.021,waypoint_3,-25.713,-159.733,-30.017
282.055,waypoint_3,-25.806,-159.810,-30.017
282.089,waypoint_3,-25.881,-159.872,-30.018
282.121,waypoint_3,-25.955,-159.933,-30.018
282.155,waypoint_3,-26.030,-159.995,-30.018
282.189,waypoint_3,-26.104,-160.056,-30.018
282.221,waypoint_3,-26.179,-160.118,-30.018
282.255,waypoint_3,-26.272,-160.194,-30.017
282.289,waypoint_3,-26.346,-160.256,-30.017
282.321,waypoint_3,-26.421,-160.318,-30.017
282.355,waypoint_3,-26.495,-160.379,-30.017
282.389,waypoint_3,-26.570,-160.440,-30.017
282.421,waypoint_3,-26.644,-160.502,-30.017
282.455,waypoint_3,-26.737,-160.578,-30.017
282.489,waypoint_3,-26.812,-160.640,-30.016
282.521,waypoint_3,-26.886,-160.701,-30.016
282.555,waypoint_3,-26.960,-160.762,-30.016
282.589,waypoint_3,-27.034,-160.823,-30.016
282.621,waypoint_3,-27.108,-160.885,-30.016
282.655,waypoint_3,-27.200,-160.961,-30.016
282.689,waypoint_3,-27.274,-161.022,-30.016
282.721,waypoint_3,-27.347,-161.083,-30.016
282.755,waypoint_3,-27.421,-161.145,-30.016
282.789,waypoint_3,-27.495,-161.206,-30.016
282.821,waypoint_3,-27.569,-161.267,-30.016
282.855,waypoint_3,-27.661,-161.344,-30.016
282.889,waypoint_3,-27.735,-161.406,-30.016
282.921,waypoint_3,-27.809,-161.468,-30.016
282.955,waypoint_3,-27.883,-161.530,-30.016
282.989,waypoint_3,-27.957,-161.591,-30.015
283.021,waypoint_3,-28.030,-161.653,-30.015
283.055,waypoint_3,-28.123,-161.731,-30.015
283.089,waypoint_3,-28.197,-161.792,-30.015
283.121,waypoint_3,-28.271,-161.854,-30.015
283.155,waypoint_3,-28.344,-161.916,-30.015
283.189,waypoint_3,-28.418,-161.977,-30.015
283.221,waypoint_3,-28.492,-162.038,-30.015
283.256,waypoint_3,-28.585,-162.115,-30.015
283.290,waypoint_3,-28.659,-162.176,-30.015
283.322,waypoint_3,-28.733,-162.238,-30.015
283.356,waypoint_3,-28.808,-162.299,-30.015
283.390,waypoint_3,-28.882,-162.360,-30.015
283.422,waypoint_3,-28.957,-162.421,-30.016
283.456,waypoint_3,-29.050,-162.498,-30.016
283.490,waypoint_3,-29.125,-162.559,-30.016
283.522,waypoint_3,-29.200,-162.620,-30.016
283.556,waypoint_3,-29.274,-162.681,-30.017
283.590,waypoint_3,-29.349,-162.742,-30.017
283.622,waypoint_3,-29.424,-162.803,-30.017
283.656,waypoint_3,-29.518,-162.879,-30.017
283.690,waypoint_3,-29.593,-162.941,-30.018
283.722,waypoint_3,-29.667,-163.002,-30.018
283.756,waypoint_3,-29.742,-163.063,-30.018
283.790,waypoint_3,-29.817,-163.124,-30.019
283.822,waypoint_3,-29.891,-163.186,-30.019
283.856,waypoint_3,-29.985,-163.263,-30.019
283.890,waypoint_3,-30.059,-163.324,-30.020
283.922,waypoint_3,-30.134,-163.386,-30.020
283.956,waypoint_3,-30.208,-163.447,-30.021
283.990,waypoint_3,-30.282,-163.509,-30.021
284.022,waypoint_3,-30.356,-163.571,-30.021
284.056,waypoint_3,-30.449,-163.648,-30.021
284.090,waypoint_3,-30.523,-163.709,-30.022
284.122,waypoint_3,-30.597,-163.771,-30.022
284.156,waypoint_3,-30.671,-163.832,-30.022
284.190,waypoint_3,-30.744,-163.894,-30.022
284.222,waypoint_3,-30.818,-163.956,-30.022
284.256,waypoint_3,-30.910,-164.032,-30.022
284.290,waypoint_3,-30.983,-164.094,-30.022
284.322,waypoint_3,-31.057,-164.155,-30.021
284.356,waypoint_3,-31.130,-164.216,-30.021
284.390,waypoint_3,-31.203,-164.277,-30.021
284.422,waypoint_3,-31.276,-164.338,-30.021
284.456,waypoint_3,-31.367,-164.415,-30.021
284.490,waypoint_3,-31.440,-164.476,-30.020
284.522,waypoint_3,-31.513,-164.537,-30.020
284.556,waypoint_3,-31.586,-164.597,-30.020
284.590,waypoint_3,-31.659,-164.658,-30.020
284.622,waypoint_3,-31.732,-164.719,-30.020
284.656,waypoint_3,-31.822,-164.795,-30.019
284.690,waypoint_3,-31.895,-164.856,-30.019
284.722,waypoint_3,-31.968,-164.917,-30.019
284.756,waypoint_3,-32.040,-164.978,-30.018
284.790,waypoint_3,-32.113,-165.039,-30.018
284.822,waypoint_3,-32.186,-165.100,-30.018
284.856,waypoint_3,-32.276,-165.176,-30.017
284.890,waypoint_3,-32.349,-165.237,-30.017
284.922,waypoint_3,-32.422,-165.297,-30.017
284.956,waypoint_3,-32.495,-165.358,-30.017
284.990,waypoint_3,-32.568,-165.419,-30.017
285.022,waypoint_3,-32.640,-165.480,-30.017
285.056,waypoint_3,-32.731,-165.556,-30.016
285.090,waypoint_3,-32.804,-165.617,-30.016
285.122,waypoint_3,-32.877,-165.679,-30.016
285.156,waypoint_3,-32.950,-165.740,-30.016
285.190,waypoint_3,-33.023,-165.801,-30.016
285.222,waypoint_3,-33.095,-165.862,-30.016
285.256,waypoint_3,-33.186,-165.939,-30.015
285.290,waypoint_3,-33.259,-166.001,-30.015
285.322,waypoint_3,-33.332,-166.062,-30.015
285.356,waypoint_3,-33.405,-166.123,-30.015
285.390,waypoint_3,-33.478,-166.185,-30.014
285.422,waypoint_3,-33.551,-166.246,-30.014
285.456,waypoint_3,-33.642,-166.323,-30.013
285.490,waypoint_3,-33.715,-166.385,-30.013
285.522,waypoint_3,-33.789,-166.446,-30.012
285.556,waypoint_3,-33.862,-166.507,-30.012
285.590,waypoint_3,-33.935,-166.568,-30.012
285.622,waypoint_3,-34.009,-166.629,-30.011
285.656,waypoint_3,-34.100,-166.706,-30.011
285.690,waypoint_3,-34.174,-166.766,-30.011
285.722,waypoint_3,-34.247,-166.827,-30.011
285.756,waypoint_3,-34.320,-166.888,-30.011
285.790,waypoint_3,-34.393,-166.949,-30.011
285.822,waypoint_3,-34.466,-167.010,-30.011
285.856,waypoint_3,-34.558,-167.087,-30.011
285.890,waypoint_3,-34.630,-167.148,-30.011
285.922,waypoint_3,-34.703,-167.209,-30.011
285.956,waypoint_3,-34.776,-167.270,-30.011
285.990,waypoint_3,-34.849,-167.331,-30.011
286.022,waypoint_3,-34.921,-167.392,-30.011
286.056,waypoint_3,-35.012,-167.469,-30.011
286.090,waypoint_3,-35.085,-167.530,-30.011
286.122,waypoint_3,-35.157,-167.592,-30.011
286.156,waypoint_3,-35.229,-167.653,-30.011
286.190,waypoint_3,-35.302,-167.714,-30.011
286.222,waypoint_3,-35.374,-167.776,-30.011
286.256,waypoint_3,-35.464,-167.853,-30.011
286.290,waypoint_3,-35.537,-167.914,-30.010
286.322,waypoint_3,-35.609,-167.975,-30.010
286.356,waypoint_3,-35.682,-168.037,-30.010
286.390,waypoint_3,-35.754,-168.098,-30.009
286.422,waypoint_3,-35.827,-168.160,-30.009
286.456,waypoint_3,-35.918,-168.237,-30.008
286.490,waypoint_3,-35.991,-168.299,-30.007
286.522,waypoint_3,-36.063,-168.361,-30.007
286.556,waypoint_3,-36.136,-168.423,-30.007
286.590,waypoint_3,-36.209,-168.485,-30.006
286.622,waypoint_3,-36.282,-168.546,-30.006
286.656,waypoint_3,-36.373,-168.624,-30.006
286.690,waypoint_3,-36.446,-168.686,-30.005
286.722,waypoint_3,-36.519,-168.748,-30.005
286.756,waypoint_3,-36.593,-168.810,-30.005
286.790,waypoint_3,-36.666,-168.872,-30.005
286.822,waypoint_3,-36.740,-168.934,-30.005
286.856,waypoint_3,-36.831,-169.011,-30.005
286.890,waypoint_3,-36.905,-169.073,-30.005
286.922,waypoint_3,-36.978,-169.135,-30.005
286.956,waypoint_3,-37.052,-169.197,-30.006
286.990,waypoint_3,-37.125,-169.259,-30.006
287.022,waypoint_3,-37.199,-169.321,-30.006
287.056,waypoint_3,-37.290,-169.399,-30.007
287.090,waypoint_3,-37.364,-169.460,-30.007
287.122,waypoint_3,-37.438,-169.522,-30.008
287.156,waypoint_3,-37.511,-169.584,-30.008
287.190,waypoint_3,-37.585,-169.646,-30.009
287.222,waypoint_3,-37.659,-169.707,-30.009
287.256,waypoint_3,-37.751,-169.784,-30.010
287.290,waypoint_3,-37.825,-169.845,-30.010
287.322,waypoint_3,-37.898,-169.907,-30.011
287.356,waypoint_3,-37.972,-169.968,-30.012
287.390,waypoint_3,-38.046,-170.029,-30.012
287.422,waypoint_3,-38.120,-170.090,-30.012
287.456,waypoint_3,-38.212,-170.167,-30.013
287.490,waypoint_3,-38.286,-170.228,-30.013
287.522,waypoint_3,-38.360,-170.289,-30.013
287.556,waypoint_3,-38.434,-170.349,-30.013
287.590,waypoint_3,-38.508,-170.410,-30.013
287.622,waypoint_3,-38.582,-170.471,-30.013
287.656,waypoint_3,-38.674,-170.547,-30.013
287.690,waypoint_3,-38.748,-170.608,-30.013
287.722,waypoint_3,-38.822,-170.669,-30.013
287.756,waypoint_3,-38.896,-170.730,-30.013
287.790,waypoint_3,-38.969,-170.790,-30.013
287.822,waypoint_3,-39.043,-170.851,-30.013
287.856,waypoint_3,-39.135,-170.927,-30.013
287.890,waypoint_3,-39.209,-170.987,-30.012
287.922,waypoint_3,-39.283,-171.048,-30.012
287.956,waypoint_3,-39.356,-171.108,-30.012
287.990,waypoint_3,-39.430,-171.169,-30.012
288.022,waypoint_3,-39.503,-171.230,-30.012
288.056,waypoint_3,-39.595,-171.306,-30.012
288.091,waypoint_3,-39.669,-171.367,-30.012
288.123,waypoint_3,-39.742,-171.428,-30.012
288.157,waypoint_3,-39.816,-171.489,-30.012
288.191,waypoint_3,-39.889,-171.550,-30.012
288.223,waypoint_3,-39.963,-171.611,-30.012
288.257,waypoint_3,-40.054,-171.687,-30.012
288.291,waypoint_3,-40.128,-171.748,-30.012
288.323,waypoint_3,-40.201,-171.809,-30.013
288.357,waypoint_3,-40.275,-171.870,-30.013
288.391,waypoint_3,-40.349,-171.932,-30.014
288.423,waypoint_3,-40.422,-171.993,-30.014
288.457,waypoint_3,-40.515,-172.070,-30.015
288.492,waypoint_3,-40.588,-172.132,-30.016
288.524,waypoint_3,-40.662,-172.193,-30.016
288.559,waypoint_3,-40.736,-172.255,-30.017
288.594,waypoint_3,-40.810,-172.317,-30.018
288.626,waypoint_3,-40.884,-172.379,-30.019
288.660,waypoint_3,-40.976,-172.456,-30.019
288.694,waypoint_3,-41.049,-172.518,-30.020
288.726,waypoint_3,-41.122,-172.581,-30.021
288.760,waypoint_3,-41.195,-172.643,-30.022
288.794,waypoint_3,-41.269,-172.705,-30.023
288.826,waypoint_3,-41.342,-172.767,-30.023
288.860,waypoint_3,-41.433,-172.846,-30.024
288.894,waypoint_3,-41.506,-172.908,-30.025
288.926,waypoint_3,-41.579,-172.971,-30.026
288.960,waypoint_3,-41.652,-173.033,-30.026
288.994,waypoint_3,-41.725,-173.096,-30.027
289.026,waypoint_3,-41.798,-173.159,-30.028
289.060,waypoint_3,-41.889,-173.237,-30.028
289.094,waypoint_3,-41.962,-173.300,-30.029
289.126,waypoint_3,-42.034,-173.363,-30.029
289.160,waypoint_3,-42.107,-173.425,-30.030
289.195,waypoint_3,-42.180,-173.488,-30.030
289.227,waypoint_3,-42.252,-173.551,-30.030
289.261,waypoint_3,-42.343,-173.629,-30.030
289.295,waypoint_3,-42.415,-173.692,-30.030
289.327,waypoint_3,-42.488,-173.755,-30.031
289.361,waypoint_3,-42.560,-173.818,-30.031
289.395,waypoint_3,-42.633,-173.881,-30.031
289.427,waypoint_3,-42.705,-173.944,-30.031
289.461,waypoint_3,-42.796,-174.022,-30.032
289.496,waypoint_3,-42.868,-174.085,-30.032
289.528,waypoint_3,-42.941,-174.148,-30.032
289.563,waypoint_3,-43.013,-174.210,-30.032
289.596,waypoint_3,-43.086,-174.273,-30.032
289.628,waypoint_3,-43.158,-174.335,-30.032
289.662,waypoint_3,-43.249,-174.413,-30.032
289.696,waypoint_3,-43.322,-174.475,-30.032
289.729,waypoint_3,-43.394,-174.537,-30.032
289.762,waypoint_3,-43.467,-174.599,-30.031
289.796,waypoint_3,-43.539,-174.661,-30.031
289.828,waypoint_3,-43.612,-174.722,-30.031
289.862,waypoint_3,-43.703,-174.799,-30.030
289.896,waypoint_3,-43.776,-174.860,-30.030
289.928,waypoint_3,-43.849,-174.921,-30.029
289.962,waypoint_3,-43.922,-174.983,-30.029
289.996,waypoint_3,-43.996,-175.044,-30.028
290.028,waypoint_3,-44.069,-175.105,-30.028
290.062,waypoint_3,-44.161,-175.181,-30.027
290.096,waypoint_3,-44.235,-175.242,-30.027
290.128,waypoint_3,-44.308,-175.303,-30.027
290.162,waypoint_3,-44.382,-175.364,-30.026
290.216,waypoint_3,-44.455,-175.425,-30.026
290.263,waypoint_3,-44.529,-175.486,-30.026
290.297,waypoint_3,-44.621,-175.562,-30.026
290.331,waypoint_3,-44.695,-175.623,-30.026
290.363,waypoint_3,-44.768,-175.685,-30.027
290.398,waypoint_3,-44.842,-175.746,-30.027
290.432,waypoint_3,-44.916,-175.807,-30.027
290.464,waypoint_3,-44.990,-175.868,-30.027
290.498,waypoint_3,-45.082,-175.944,-30.027
290.532,waypoint_3,-45.157,-176.005,-30.028
290.564,waypoint_3,-45.231,-176.067,-30.028
290.598,waypoint_3,-45.305,-176.128,-30.028
290.632,waypoint_3,-45.379,-176.189,-30.028
290.664,waypoint_3,-45.453,-176.250,-30.028
290.699,waypoint_3,-45.546,-176.327,-30.029
290.733,waypoint_3,-45.620,-176.388,-30.029
290.765,waypoint_3,-45.694,-176.449,-30.029
290.799,waypoint_3,-45.769,-176.510,-30.029
290.833,waypoint_3,-45.843,-176.572,-30.029
290.865,waypoint_3,-45.917,-176.633,-30.029
290.899,waypoint_3,-46.009,-176.709,-30.029
290.933,waypoint_3,-46.083,-176.770,-30.029
290.965,waypoint_3,-46.157,-176.832,-30.029
290.999,waypoint_3,-46.230,-176.893,-30.028
291.033,waypoint_3,-46.303,-176.954,-30.028
291.065,waypoint_3,-46.377,-177.015,-30.028
291.099,waypoint_3,-46.468,-177.091,-30.027
291.133,waypoint_3,-46.541,-177.153,-30.027
291.166,waypoint_3,-46.615,-177.214,-30.027
291.199,waypoint_3,-46.688,-177.275,-30.027
291.233,waypoint_3,-46.761,-177.336,-30.027
291.265,waypoint_3,-46.833,-177.397,-30.027
291.299,waypoint_3,-46.924,-177.473,-30.026
291.333,waypoint_3,-46.997,-177.534,-30.026
291.365,waypoint_3,-47.069,-177.595,-30.026
291.399,waypoint_3,-47.142,-177.655,-30.026
291.433,waypoint_3,-47.214,-177.716,-30.026
291.465,waypoint_3,-47.286,-177.777,-30.025
291.499,waypoint_3,-47.376,-177.853,-30.025
291.533,waypoint_3,-47.448,-177.914,-30.025
291.565,waypoint_3,-47.520,-177.975,-30.024
291.600,waypoint_3,-47.593,-178.035,-30.024
291.634,waypoint_3,-47.665,-178.096,-30.024
291.666,waypoint_3,-47.738,-178.157,-30.024
291.700,waypoint_3,-47.828,-178.234,-30.023
291.734,waypoint_3,-47.901,-178.295,-30.023
291.766,waypoint_3,-47.974,-178.356,-30.023
291.800,waypoint_3,-48.047,-178.417,-30.022
291.834,waypoint_3,-48.119,-178.478,-30.022
291.866,waypoint_3,-48.192,-178.540,-30.022
291.900,waypoint_3,-48.283,-178.616,-30.021
291.934,waypoint_3,-48.356,-178.678,-30.021
291.966,waypoint_3,-48.430,-178.739,-30.020
292.000,waypoint_3,-48.503,-178.801,-30.020
292.034,waypoint_3,-48.576,-178.862,-30.019
292.066,waypoint_3,-48.650,-178.924,-30.019
292.101,waypoint_3,-48.742,-179.001,-30.019
292.134,waypoint_3,-48.816,-179.062,-30.019
292.166,waypoint_3,-48.890,-179.124,-30.019
292.201,waypoint_3,-48.964,-179.185,-30.018
292.235,waypoint_3,-49.038,-179.247,-30.018
292.267,waypoint_3,-49.112,-179.308,-30.018
292.301,waypoint_3,-49.204,-179.385,-30.018
292.335,waypoint_3,-49.278,-179.447,-30.018
292.367,waypoint_3,-49.352,-179.508,-30.018
292.401,waypoint_3,-49.427,-179.569,-30.018
292.435,waypoint_3,-49.501,-179.630,-30.017
292.467,waypoint_3,-49.576,-179.690,-30.017
292.501,waypoint_3,-49.669,-179.766,-30.017
292.535,waypoint_3,-49.743,-179.827,-30.017
292.567,waypoint_3,-49.818,-179.887,-30.016
292.601,waypoint_3,-49.892,-179.948,-30.016
292.635,waypoint_3,-49.967,-180.009,-30.016
292.667,waypoint_3,-50.042,-180.069,-30.015
292.702,waypoint_3,-50.135,-180.145,-30.015
292.736,waypoint_3,-50.209,-180.206,-30.014
292.768,waypoint_3,-50.284,-180.267,-30.014
292.802,waypoint_3,-50.358,-180.328,-30.013
292.836,waypoint_3,-50.432,-180.388,-30.013
292.870,waypoint_3,-50.506,-180.449,-30.012
292.904,waypoint_3,-50.599,-180.525,-30.012
292.938,waypoint_3,-50.672,-180.586,-30.011
292.970,waypoint_3,-50.746,-180.647,-30.011
293.004,waypoint_3,-50.820,-180.708,-30.010
293.038,waypoint_3,-50.895,-180.768,-30.010
293.070,waypoint_3,-50.969,-180.829,-30.009
293.104,waypoint_3,-51.061,-180.905,-30.008
293.138,waypoint_3,-51.136,-180.966,-30.008
293.170,waypoint_3,-51.210,-181.026,-30.007
293.204,waypoint_3,-51.285,-181.087,-30.006
293.238,waypoint_3,-51.359,-181.148,-30.006
293.270,waypoint_3,-51.434,-181.208,-30.005
293.304,waypoint_3,-51.527,-181.284,-30.004
293.338,waypoint_3,-51.602,-181.345,-30.004
293.370,waypoint_3,-51.676,-181.405,-30.003
293.404,waypoint_3,-51.751,-181.466,-30.002
293.438,waypoint_3,-51.826,-181.527,-30.002
293.470,waypoint_3,-51.901,-181.588,-30.002
293.504,waypoint_3,-51.995,-181.664,-30.001
293.538,waypoint_3,-52.069,-181.725,-30.001
293.570,waypoint_3,-52.144,-181.786,-30.000
293.604,waypoint_3,-52.219,-181.847,-30.000
293.638,waypoint_3,-52.293,-181.908,-30.000
293.670,waypoint_3,-52.368,-181.969,-30.000
293.704,waypoint_3,-52.460,-182.046,-30.000
293.738,waypoint_3,-52.534,-182.107,-30.000
293.770,waypoint_3,-52.608,-182.168,-29.999
293.804,waypoint_3,-52.682,-182.230,-29.999
293.838,waypoint_3,-52.756,-182.292,-29.999
293.870,waypoint_3,-52.830,-182.353,-29.999
293.904,waypoint_3,-52.922,-182.431,-29.999
293.938,waypoint_3,-52.996,-182.493,-29.999
293.970,waypoint_3,-53.069,-182.555,-29.999
294.004,waypoint_3,-53.142,-182.617,-29.999
294.037,waypoint_3,-53.216,-182.680,-29.999
294.070,waypoint_3,-53.289,-182.742,-29.999
294.104,waypoint_3,-53.381,-182.819,-29.999
294.138,waypoint_3,-53.454,-182.881,-29.999
294.170,waypoint_3,-53.527,-182.943,-29.999
294.204,waypoint_3,-53.601,-183.005,-29.999
294.238,waypoint_3,-53.674,-183.067,-29.999
294.270,waypoint_3,-53.748,-183.129,-30.000
294.304,waypoint_3,-53.840,-183.206,-30.000
294.338,waypoint_3,-53.914,-183.268,-30.001
294.370,waypoint_3,-53.987,-183.330,-30.001
294.404,waypoint_3,-54.061,-183.391,-30.001
294.438,waypoint_3,-54.134,-183.453,-30.002
294.470,waypoint_3,-54.208,-183.515,-30.002
294.504,waypoint_3,-54.299,-183.592,-30.002
294.538,waypoint_3,-54.373,-183.654,-30.002
294.570,waypoint_3,-54.446,-183.716,-30.003
294.604,waypoint_3,-54.520,-183.778,-30.003
294.638,waypoint_3,-54.593,-183.840,-30.004
294.670,waypoint_3,-54.666,-183.902,-30.004
294.704,waypoint_3,-54.758,-183.979,-30.005
294.738,waypoint_3,-54.831,-184.041,-30.005
294.770,waypoint_3,-54.904,-184.103,-30.006
294.804,waypoint_3,-54.977,-184.165,-30.007
294.838,waypoint_3,-55.051,-184.227,-30.007
294.870,waypoint_3,-55.123,-184.288,-30.008
294.904,waypoint_3,-55.215,-184.366,-30.008
294.938,waypoint_3,-55.287,-184.428,-30.009
294.970,waypoint_3,-55.360,-184.490,-30.009
295.004,waypoint_3,-55.433,-184.552,-30.010
295.038,goal,-55.506,-184.614,-30.010
295.070,goal,-55.579,-184.677,-30.010
295.104,goal,-55.670,-184.754,-30.011
295.138,goal,-55.742,-184.817,-30.015
295.170,goal,-55.815,-184.879,-30.021
295.204,goal,-55.886,-184.941,-30.030
295.238,goal,-55.956,-185.004,-30.040
295.270,goal,-56.025,-185.067,-30.052
295.305,goal,-56.106,-185.146,-30.067
295.339,goal,-56.168,-185.211,-30.078
295.371,goal,-56.225,-185.276,-30.088
295.405,goal,-56.279,-185.343,-30.097
295.439,goal,-56.328,-185.410,-30.105
295.471,goal,-56.373,-185.478,-30.111
295.505,goal,-56.422,-185.564,-30.116
295.539,goal,-56.455,-185.634,-30.118
295.571,goal,-56.484,-185.706,-30.119
295.605,goal,-56.507,-185.778,-30.119
295.639,goal,-56.525,-185.851,-30.117
295.671,goal,-56.539,-185.926,-30.114
295.705,goal,-56.550,-186.019,-30.110
295.739,goal,-56.553,-186.096,-30.105
295.771,goal,-56.552,-186.172,-30.101
295.805,goal,-56.547,-186.250,-30.095
295.839,goal,-56.538,-186.328,-30.090
295.871,goal,-56.525,-186.408,-30.085
295.905,goal,-56.504,-186.507,-30.078
295.939,goal,-56.484,-186.588,-30.072
295.971,goal,-56.461,-186.669,-30.067
296.005,goal,-56.435,-186.750,-30.062
296.039,goal,-56.407,-186.832,-30.057
296.071,goal,-56.377,-186.915,-30.053
296.105,goal,-56.337,-187.019,-30.048
296.139,goal,-56.303,-187.102,-30.044
296.171,goal,-56.268,-187.186,-30.040
296.205,goal,-56.232,-187.269,-30.036
296.239,goal,-56.194,-187.353,-30.033
296.271,goal,-56.156,-187.437,-30.030
296.305,goal,-56.108,-187.543,-30.027
296.339,goal,-56.068,-187.627,-30.024
296.371,goal,-56.028,-187.712,-30.022
296.405,goal,-55.988,-187.797,-30.020
296.439,goal,-55.947,-187.882,-30.018
296.471,goal,-55.906,-187.967,-30.017
296.505,goal,-55.855,-188.073,-30.015
296.539,goal,-55.814,-188.158,-30.014
296.571,goal,-55.773,-188.243,-30.013
296.605,goal,-55.732,-188.328,-30.013
296.639,goal,-55.690,-188.413,-30.012
296.671,goal,-55.649,-188.498,-30.012
296.705,goal,-55.598,-188.604,-30.011
296.739,goal,-55.557,-188.689,-30.011
296.771,goal,-55.516,-188.774,-30.011
296.805,goal,-55.475,-188.860,-30.011
296.839,goal,-55.435,-188.945,-30.012
296.871,goal,-55.394,-189.030,-30.012
296.905,goal,-55.344,-189.136,-30.012
296.939,goal,-55.303,-189.222,-30.012
296.971,goal,-55.263,-189.307,-30.012
297.005,goal,-55.223,-189.392,-30.012
297.039,goal,-55.182,-189.476,-30.012
297.071,goal,-55.142,-189.561,-30.012
297.105,goal,-55.092,-189.667,-30.012
297.139,goal,-55.052,-189.752,-30.012
297.171,goal,-55.012,-189.837,-30.012
297.205,goal,-54.972,-189.922,-30.012
297.239,goal,-54.931,-190.006,-30.012
297.271,goal,-54.891,-190.091,-30.011
297.305,goal,-54.840,-190.197,-30.011
297.339,goal,-54.800,-190.281,-30.011
297.371,goal,-54.759,-190.366,-30.011
297.405,goal,-54.719,-190.450,-30.011
297.439,goal,-54.678,-190.535,-30.011
297.471,goal,-54.637,-190.619,-30.011
297.505,goal,-54.586,-190.724,-30.012
297.539,goal,-54.545,-190.809,-30.012
297.571,goal,-54.504,-190.893,-30.012
297.605,goal,-54.463,-190.977,-30.012
297.639,goal,-54.422,-191.062,-30.013
297.671,goal,-54.381,-191.146,-30.013
297.705,goal,-54.330,-191.251,-30.013
297.739,goal,-54.288,-191.336,-30.014
297.771,goal,-54.247,-191.420,-30.014
297.805,goal,-54.205,-191.504,-30.014
297.839,goal,-54.164,-191.588,-30.014
297.871,goal,-54.122,-191.672,-30.014
297.905,goal,-54.069,-191.778,-30.015
297.939,goal,-54.027,-191.862,-30.015
297.971,goal,-53.985,-191.946,-30.015
298.005,goal,-53.943,-192.030,-30.015
298.039,goal,-53.900,-192.114,-30.015
298.071,goal,-53.858,-192.199,-30.015
298.106,goal,-53.805,-192.304,-30.015
298.140,goal,-53.763,-192.388,-30.014
298.172,goal,-53.720,-192.473,-30.014
298.206,goal,-53.677,-192.557,-30.014
298.240,goal,-53.635,-192.642,-30.013
298.272,goal,-53.592,-192.727,-30.013
298.306,goal,-53.538,-192.833,-30.013
298.340,goal,-53.495,-192.918,-30.012
298.372,goal,-53.452,-193.003,-30.012
298.406,goal,-53.409,-193.088,-30.012
298.440,goal,-53.366,-193.173,-30.012
298.472,goal,-53.322,-193.259,-30.012
298.506,goal,-53.268,-193.365,-30.012
298.540,goal,-53.225,-193.451,-30.011
298.572,goal,-53.182,-193.536,-30.011
298.606,goal,-53.138,-193.622,-30.011
298.640,goal,-53.095,-193.707,-30.010
298.672,goal,-53.051,-193.793,-30.010
298.706,goal,-52.997,-193.900,-30.010
298.740,goal,-52.953,-193.985,-30.009
298.772,goal,-52.910,-194.071,-30.009
298.806,goal,-52.866,-194.156,-30.008
298.840,goal,-52.822,-194.242,-30.008
298.872,goal,-52.778,-194.327,-30.007
298.906,goal,-52.723,-194.434,-30.006
298.940,goal,-52.679,-194.520,-30.006
298.972,goal,-52.635,-194.606,-30.005
299.006,goal,-52.591,-194.691,-30.004
299.040,goal,-52.547,-194.777,-30.004
299.072,goal,-52.503,-194.863,-30.003
299.106,goal,-52.448,-194.970,-30.003
299.140,goal,-52.404,-195.056,-30.002
299.172,goal,-52.360,-195.142,-30.002
299.206,goal,-52.316,-195.228,-30.001
299.240,goal,-52.272,-195.314,-30.001
299.272,goal,-52.229,-195.400,-30.000
299.306,goal,-52.174,-195.507,-30.000
299.340,goal,-52.130,-195.593,-29.999
299.372,goal,-52.087,-195.680,-29.999
299.406,goal,-52.043,-195.766,-29.998
299.440,goal,-51.999,-195.852,-29.998
299.472,goal,-51.956,-195.938,-29.997
299.506,goal,-51.901,-196.046,-29.997
299.540,goal,-51.858,-196.133,-29.997
299.572,goal,-51.814,-196.219,-29.997
299.606,goal,-51.770,-196.306,-29.996
299.640,goal,-51.726,-196.392,-29.996
299.672,goal,-51.682,-196.479,-29.996
299.706,goal,-51.627,-196.588,-29.995
299.740,goal,-51.584,-196.674,-29.995
299.772,goal,-51.540,-196.761,-29.995
299.806,goal,-51.496,-196.848,-29.994
299.840,goal,-51.452,-196.935,-29.994
299.872,goal,-51.408,-197.021,-29.994
299.906,goal,-51.353,-197.130,-29.994
299.940,goal,-51.309,-197.217,-29.994
299.972,goal,-51.265,-197.303,-29.993
300.006,goal,-51.221,-197.390,-29.993
300.040,return,-51.176,-197.477,-29.993
300.072,return,-51.132,-197.564,-29.993
300.106,return,-51.077,-197.672,-29.992
300.140,return,-51.032,-197.759,-29.994
300.172,return,-50.988,-197.846,-30.001
300.206,return,-50.943,-197.932,-30.012
300.240,return,-50.899,-198.016,-30.027
300.272,return,-50.854,-198.097,-30.046
300.306,return,-50.800,-198.194,-30.071
300.340,return,-50.756,-198.266,-30.090
300.372,return,-50.714,-198.334,-30.109
300.406,return,-50.672,-198.396,-30.126
300.440,return,-50.630,-198.453,-30.140
300.472,return,-50.590,-198.503,-30.152
300.506,return,-50.541,-198.557,-30.163
300.540,return,-50.502,-198.593,-30.169
300.572,return,-50.464,-198.622,-30.173
300.606,return,-50.427,-198.644,-30.174
300.640,return,-50.391,-198.659,-30.174
300.672,return,-50.355,-198.667,-30.171
300.706,return,-50.312,-198.668,-30.166
300.740,return,-50.277,-198.661,-30.159
300.772,return,-50.244,-198.647,-30.152
300.806,return,-50.211,-198.626,-30.144
300.840,return,-50.179,-198.599,-30.135
300.872,return,-50.147,-198.566,-30.125
300.906,return,-50.109,-198.517,-30.112
300.940,return,-50.078,-198.472,-30.101
300.972,return,-50.049,-198.422,-30.091
301.006,return,-50.019,-198.366,-30.080
301.040,return,-49.991,-198.307,-30.070
301.072,return,-49.963,-198.244,-30.060
301.106,return,-49.929,-198.159,-30.049
301.140,return,-49.902,-198.088,-30.040
301.172,return,-49.876,-198.014,-30.032
301.207,return,-49.850,-197.937,-30.024
301.241,return,-49.825,-197.858,-30.017
301.273,return,-49.800,-197.777,-30.010
301.308,return,-49.769,-197.674,-30.003
301.342,return,-49.745,-197.589,-29.998
301.375,return,-49.721,-197.503,-29.993
301.408,return,-49.697,-197.416,-29.989
301.442,return,-49.674,-197.328,-29.986
301.474,return,-49.651,-197.239,-29.983
301.508,return,-49.622,-197.128,-29.980
301.542,return,-49.599,-197.038,-29.978
301.574,return,-49.577,-196.949,-29.977
301.608,return,-49.554,-196.859,-29.976
301.642,return,-49.532,-196.769,-29.975
301.674,return,-49.510,-196.679,-29.974
301.710,return,-49.482,-196.566,-29.974
301.743,return,-49.459,-196.476,-29.974
301.775,return,-49.437,-196.386,-29.974
301.810,return,-49.415,-196.296,-29.974
301.843,return,-49.392,-196.207,-29.975
301.876,return,-49.370,-196.117,-29.976
301.910,return,-49.341,-196.006,-29.977
301.943,return,-49.319,-195.917,-29.978
301.975,return,-49.296,-195.828,-29.978
302.010,return,-49.273,-195.740,-29.979
302.043,return,-49.250,-195.651,-29.980
302.075,return,-49.227,-195.563,-29.981
302.110,return,-49.198,-195.453,-29.982
302.143,return,-49.175,-195.365,-29.983
302.175,return,-49.152,-195.277,-29.984
302.210,return,-49.128,-195.190,-29.985
302.243,return,-49.105,-195.102,-29.986
302.275,return,-49.081,-195.015,-29.986
302.309,return,-49.052,-194.906,-29.987
302.343,return,-49.028,-194.819,-29.987
302.375,return,-49.004,-194.732,-29.988
302.409,return,-48.979,-194.645,-29.988
302.443,return,-48.955,-194.558,-29.989
302.475,return,-48.930,-194.471,-29.989
302.510,return,-48.899,-194.362,-29.990
302.543,return,-48.874,-194.275,-29.990
302.590,return,-48.848,-194.188,-29.990
302.628,return,-48.823,-194.101,-29.990
302.662,return,-48.797,-194.014,-29.990
302.694,return,-48.772,-193.927,-29.990
302.728,return,-48.740,-193.817,-29.990
302.762,return,-48.714,-193.730,-29.990
302.794,return,-48.689,-193.642,-29.990
302.828,return,-48.663,-193.554,-29.989
302.862,return,-48.637,-193.466,-29.989
302.894,return,-48.611,-193.378,-29.989
302.928,return,-48.579,-193.268,-29.989
302.962,return,-48.553,-193.179,-29.989
302.994,return,-48.527,-193.091,-29.988
303.028,return,-48.501,-193.002,-29.988
303.062,return,-48.474,-192.913,-29.988
303.094,return,-48.448,-192.824,-29.988
303.128,return,-48.415,-192.713,-29.987
303.162,return,-48.389,-192.624,-29.987
303.194,return,-48.362,-192.534,-29.987
303.228,return,-48.336,-192.445,-29.987
303.262,return,-48.309,-192.355,-29.986
303.294,return,-48.283,-192.265,-29.986
303.328,return,-48.250,-192.153,-29.986
303.362,return,-48.224,-192.062,-29.986
303.394,return,-48.197,-191.972,-29.986
303.428,return,-48.171,-191.882,-29.986
303.462,return,-48.145,-191.791,-29.985
303.494,return,-48.118,-191.701,-29.985
303.528,return,-48.085,-191.587,-29.985
303.562,return,-48.059,-191.496,-29.984
303.594,return,-48.033,-191.405,-29.984
303.628,return,-48.007,-191.314,-29.984
303.662,return,-47.981,-191.223,-29.983
303.694,return,-47.954,-191.132,-29.983
303.728,return,-47.922,-191.017,-29.983
303.762,return,-47.896,-190.925,-29.982
303.794,return,-47.869,-190.833,-29.982
303.828,return,-47.843,-190.741,-29.981
303.862,return,-47.817,-190.649,-29.981
303.894,return,-47.791,-190.557,-29.980
303.928,return,-47.759,-190.441,-29.980
303.962,return,-47.733,-190.349,-29.979
303.994,return,-47.707,-190.256,-29.979
304.028,return,-47.681,-190.163,-29.979
304.062,return,-47.655,-190.071,-29.978
304.094,return,-47.629,-189.977,-29.978
304.128,return,-47.596,-189.861,-29.978
304.162,return,-47.571,-189.768,-29.978
304.194,return,-47.545,-189.674,-29.978
304.228,return,-47.519,-189.581,-29.978
304.262,return,-47.493,-189.487,-29.978
304.294,return,-47.467,-189.393,-29.978
304.328,return,-47.435,-189.275,-29.978
304.362,return,-47.410,-189.181,-29.977
304.394,return,-47.384,-189.086,-29.977
304.429,return,-47.358,-188.992,-29.977
304.463,return,-47.333,-188.898,-29.977
304.495,return,-47.308,-188.803,-29.977
304.529,return,-47.276,-188.685,-29.977
304.563,return,-47.251,-188.590,-29.977
304.595,return,-47.225,-188.496,-29.978
304.629,return,-47.200,-188.401,-29.978
304.663,return,-47.175,-188.306,-29.978
304.695,return,-47.149,-188.211,-29.978
304.729,return,-47.118,-188.092,-29.979
304.763,return,-47.093,-187.997,-29.979
304.795,return,-47.067,-187.902,-29.980
304.829,return,-47.042,-187.807,-29.980
304.863,return,-47.017,-187.713,-29.981
304.895,return,-46.991,-187.618,-29.981
304.931,return,-46.960,-187.499,-29.982
304.964,return,-46.934,-187.404,-29.982
304.997,return,-46.909,-187.309,-29.982
305.032,return,-46.884,-187.214,-29.983
305.065,return,-46.858,-187.119,-29.983
305.097,return,-46.833,-187.024,-29.983
305.131,return,-46.801,-186.905,-29.983
305.165,return,-46.775,-186.810,-29.983
305.198,return,-46.749,-186.715,-29.984
305.231,return,-46.724,-186.620,-29.984
305.265,return,-46.698,-186.525,-29.984
305.297,return,-46.672,-186.430,-29.985
305.331,return,-46.640,-186.311,-29.985
305.365,return,-46.614,-186.216,-29.985
305.397,return,-46.589,-186.121,-29.986
305.431,return,-46.563,-186.026,-29.986
305.465,return,-46.538,-185.930,-29.986
305.497,return,-46.513,-185.834,-29.987
305.532,return,-46.481,-185.715,-29.987
305.565,return,-46.456,-185.619,-29.987
305.597,return,-46.431,-185.523,-29.987
305.631,return,-46.406,-185.426,-29.988
305.665,return,-46.382,-185.330,-29.988
305.697,return,-46.357,-185.234,-29.988
305.731,return,-46.326,-185.113,-29.987
305.765,return,-46.302,-185.017,-29.987
305.797,return,-46.278,-184.920,-29.987
305.831,return,-46.253,-184.823,-29.987
305.865,return,-46.229,-184.726,-29.987
305.897,return,-46.204,-184.629,-29.987
305.931,return,-46.174,-184.508,-29.987
305.965,return,-46.149,-184.411,-29.987
305.997,return,-46.125,-184.314,-29.987
306.032,return,-46.100,-184.217,-29.987
306.065,return,-46.076,-184.119,-29.987
306.097,return,-46.051,-184.022,-29.987
306.132,return,-46.020,-183.900,-29.987
306.165,return,-45.996,-183.803,-29.987
306.197,return,-45.971,-183.705,-29.986
306.232,return,-45.947,-183.608,-29.986
306.265,return,-45.922,-183.510,-29.986
306.297,return,-45.898,-183.413,-29.986
306.331,return,-45.867,-183.290,-29.986
306.365,return,-45.842,-183.193,-29.985
306.397,return,-45.818,-183.095,-29.985
306.432,return,-45.793,-182.996,-29.985
306.465,return,-45.769,-182.898,-29.984
306.497,return,-45.744,-182.800,-29.984
306.532,return,-45.714,-182.678,-29.984
306.565,return,-45.689,-182.580,-29.984
306.597,return,-45.665,-182.482,-29.983
306.631,return,-45.641,-182.383,-29.983
306.665,return,-45.616,-182.285,-29.983
306.697,return,-45.592,-182.188,-29.982
306.731,return,-45.562,-182.065,-29.982
306.765,return,-45.537,-181.968,-29.981
306.797,return,-45.513,-181.870,-29.981
306.831,return,-45.488,-181.773,-29.981
306.865,return,-45.463,-181.675,-29.980
306.897,return,-45.438,-181.578,-29.980
306.931,return,-45.407,-181.456,-29.980
306.965,return,-45.382,-181.359,-29.980
306.997,return,-45.357,-181.262,-29.979
307.031,return,-45.332,-181.165,-29.979
307.065,return,-45.306,-181.068,-29.979
307.097,return,-45.281,-180.971,-29.979
307.131,return,-45.250,-180.850,-29.979
307.165,return,-45.224,-180.753,-29.979
307.197,return,-45.199,-180.657,-29.978
307.232,return,-45.173,-180.560,-29.978
307.265,return,-45.148,-180.463,-29.978
307.299,return,-45.123,-180.366,-29.978
307.333,return,-45.091,-180.245,-29.978
307.367,return,-45.066,-180.149,-29.979
307.399,return,-45.040,-180.052,-29.979
307.433,return,-45.015,-179.955,-29.979
307.467,return,-44.990,-179.858,-29.980
307.499,return,-44.965,-179.761,-29.980
307.533,return,-44.934,-179.640,-29.981
307.567,return,-44.909,-179.543,-29.982
307.599,return,-44.885,-179.446,-29.982
307.633,return,-44.860,-179.349,-29.983
307.667,return,-44.836,-179.251,-29.983
307.699,return,-44.811,-179.154,-29.984
307.733,return,-44.780,-179.032,-29.984
307.767,return,-44.756,-178.935,-29.985
307.799,return,-44.732,-178.837,-29.985
307.833,return,-44.707,-178.739,-29.986
307.867,return,-44.683,-178.642,-29.987
307.899,return,-44.659,-178.544,-29.988
307.933,return,-44.630,-178.422,-29.989
307.967,return,-44.606,-178.324,-29.991
307.999,return,-44.583,-178.227,-29.992
308.033,return,-44.560,-178.129,-29.993
308.067,return,-44.536,-178.031,-29.994
308.099,return,-44.513,-177.934,-29.995
308.134,return,-44.484,-177.812,-29.997
308.168,return,-44.461,-177.714,-29.998
308.200,return,-44.438,-177.617,-29.999
308.234,return,-44.415,-177.519,-30.000
308.268,return,-44.391,-177.422,-30.000
308.300,return,-44.368,-177.324,-30.001
308.334,return,-44.339,-177.203,-30.002
308.368,return,-44.316,-177.106,-30.002
308.400,return,-44.292,-177.008,-30.003
308.434,return,-44.269,-176.911,-30.003
308.468,return,-44.245,-176.814,-30.003
308.500,return,-44.221,-176.717,-30.003
308.534,return,-44.191,-176.596,-30.003
308.568,return,-44.167,-176.499,-30.003
308.600,return,-44.142,-176.402,-30.003
308.634,return,-44.118,-176.306,-30.003
308.668,return,-44.094,-176.210,-30.003
308.700,return,-44.070,-176.113,-30.003
308.734,return,-44.039,-175.993,-30.003
308.768,return,-44.015,-175.897,-30.003
308.800,return,-43.990,-175.801,-30.003
308.834,return,-43.966,-175.705,-30.002
308.868,return,-43.941,-175.609,-30.002
308.900,return,-43.916,-175.514,-30.002
308.934,return,-43.885,-175.394,-30.002
308.968,return,-43.861,-175.299,-30.001
309.000,return,-43.836,-175.204,-30.001
309.034,return,-43.811,-175.108,-30.000
309.068,return,-43.787,-175.013,-30.000
309.100,return,-43.762,-174.917,-29.999
309.134,return,-43.731,-174.798,-29.999
309.168,return,-43.707,-174.702,-29.998
309.200,return,-43.683,-174.607,-29.997
309.234,return,-43.659,-174.511,-29.996
309.268,return,-43.634,-174.416,-29.996
309.300,return,-43.611,-174.320,-29.995
309.334,return,-43.581,-174.200,-29.994
309.368,return,-43.557,-174.104,-29.993
309.400,return,-43.533,-174.009,-29.992
309.434,return,-43.510,-173.913,-29.991
309.468,return,-43.486,-173.817,-29.990
309.500,return,-43.463,-173.722,-29.989
309.534,return,-43.434,-173.603,-29.988
309.568,return,-43.411,-173.507,-29.988
309.600,return,-43.388,-173.412,-29.987
309.634,return,-43.365,-173.317,-29.987
309.668,return,-43.342,-173.222,-29.987
309.700,return,-43.319,-173.126,-29.986
309.734,return,-43.291,-173.007,-29.986
309.768,return,-43.268,-172.912,-29.986
309.800,return,-43.246,-172.817,-29.986
309.834,return,-43.223,-172.721,-29.986
309.868,return,-43.201,-172.626,-29.985
309.900,return,-43.178,-172.531,-29.985
309.934,return,-43.150,-172.412,-29.985
309.968,return,-43.127,-172.316,-29.985
310.000,return,-43.105,-172.221,-29.985
310.034,return,-43.082,-172.126,-29.985
310.068,return,-43.060,-172.030,-29.985
310.100,return,-43.037,-171.935,-29.986
310.134,return,-43.009,-171.815,-29.986
310.168,return,-42.987,-171.720,-29.986
310.200,return,-42.965,-171.624,-29.987
310.234,return,-42.943,-171.529,-29.987
310.268,return,-42.921,-171.433,-29.988
310.300,return,-42.899,-171.338,-29.988
310.334,return,-42.871,-171.218,-29.989
310.368,return,-42.849,-171.123,-29.989
310.400,return,-42.827,-171.027,-29.990
310.434,return,-42.805,-170.932,-29.990
310.468,return,-42.783,-170.836,-29.991
310.501,return,-42.760,-170.741,-29.991
310.536,return,-42.732,-170.621,-29.991
310.570,return,-42.710,-170.526,-29.992
310.602,return,-42.687,-170.430,-29.992
310.637,return,-42.664,-170.335,-29.993
310.670,return,-42.641,-170.239,-29.993
310.702,return,-42.618,-170.144,-29.994
310.737,return,-42.589,-170.025,-29.994
310.771,return,-42.566,-169.930,-29.995
310.802,return,-42.543,-169.834,-29.995
310.838,return,-42.520,-169.739,-29.995
310.872,return,-42.496,-169.644,-29.996
310.904,return,-42.473,-169.549,-29.996
310.938,return,-42.444,-169.430,-29.996
310.972,return,-42.421,-169.334,-29.996
311.004,return,-42.398,-169.239,-29.996
311.038,return,-42.375,-169.144,-29.996
311.072,return,-42.351,-169.049,-29.995
311.104,return,-42.328,-168.954,-29.995
311.138,return,-42.299,-168.835,-29.995
311.172,return,-42.276,-168.740,-29.994
311.204,return,-42.252,-168.645,-29.994
311.238,return,-42.228,-168.550,-29.994
311.272,return,-42.205,-168.456,-29.994
311.304,return,-42.181,-168.361,-29.994
311.339,return,-42.152,-168.242,-29.994
311.373,return,-42.129,-168.148,-29.994
311.405,return,-42.105,-168.053,-29.994
311.439,return,-42.082,-167.958,-29.994
311.473,return,-42.059,-167.863,-29.994
311.506,return,-42.035,-167.769,-29.994
311.540,return,-42.006,-167.650,-29.994
311.574,return,-41.983,-167.555,-29.995
311.606,return,-41.960,-167.460,-29.995
311.640,return,-41.936,-167.365,-29.995
311.674,return,-41.913,-167.270,-29.996
311.706,return,-41.890,-167.175,-29.996
311.740,return,-41.861,-167.056,-29.997
311.774,return,-41.837,-166.960,-29.998
311.806,return,-41.814,-166.865,-29.998
311.840,return,-41.791,-166.770,-29.999
311.874,return,-41.768,-166.675,-29.999
311.906,return,-41.745,-166.579,-29.999
311.940,return,-41.716,-166.460,-30.000
311.974,return,-41.693,-166.365,-30.000
312.006,return,-41.669,-166.270,-30.001
312.040,return,-41.646,-166.175,-30.001
312.074,return,-41.623,-166.080,-30.001
312.106,return,-41.600,-165.985,-30.002
312.140,return,-41.571,-165.867,-30.002
312.174,return,-41.548,-165.772,-30.003
312.206,return,-41.526,-165.678,-30.003
312.240,return,-41.503,-165.583,-30.003
312.274,return,-41.480,-165.489,-30.004
312.306,return,-41.458,-165.395,-30.004
312.340,return,-41.430,-165.277,-30.005
312.374,return,-41.407,-165.183,-30.005
312.406,return,-41.385,-165.089,-30.006
312.440,return,-41.363,-164.995,-30.006
312.474,return,-41.340,-164.901,-30.007
312.506,return,-41.318,-164.807,-30.007
312.540,return,-41.290,-164.690,-30.008
312.574,return,-41.268,-164.596,-30.008
312.606,return,-41.246,-164.502,-30.008
312.640,return,-41.224,-164.408,-30.008
312.674,return,-41.202,-164.314,-30.008
312.706,return,-41.180,-164.219,-30.008
312.740,return,-41.152,-164.101,-30.008
312.774,return,-41.129,-164.007,-30.008
312.806,return,-41.107,-163.913,-30.007
312.840,return,-41.084,-163.818,-30.007
312.874,return,-41.062,-163.724,-30.007
312.906,return,-41.039,-163.629,-30.006
312.940,return,-41.010,-163.511,-30.006
312.974,return,-40.987,-163.417,-30.005
313.006,return,-40.964,-163.322,-30.005
313.040,return,-40.941,-163.228,-30.005
313.074,return,-40.918,-163.133,-30.004
313.106,return,-40.895,-163.039,-30.004
313.140,return,-40.866,-162.921,-30.003
313.174,return,-40.842,-162.827,-30.003
313.206,return,-40.819,-162.733,-30.002
313.240,return,-40.796,-162.639,-30.002
313.274,return,-40.773,-162.544,-30.001
313.306,return,-40.750,-162.450,-30.000
313.340,return,-40.721,-162.333,-30.000
313.374,return,-40.698,-162.239,-29.999
313.406,return,-40.675,-162.145,-29.998
313.440,return,-40.651,-162.052,-29.997
313.474,return,-40.628,-161.958,-29.996
313.506,return,-40.605,-161.865,-29.996
313.540,return,-40.576,-161.749,-29.995
313.574,return,-40.552,-161.656,-29.994
313.606,return,-40.528,-161.563,-29.993
313.640,return,-40.504,-161.470,-29.992
313.674,return,-40.480,-161.377,-29.992
313.707,return,-40.456,-161.284,-29.991
313.741,return,-40.426,-161.169,-29.991
313.775,return,-40.402,-161.076,-29.990
313.807,return,-40.378,-160.983,-29.990
313.841,return,-40.353,-160.890,-29.990
313.875,return,-40.329,-160.797,-29.990
313.907,return,-40.304,-160.705,-29.990
313.941,return,-40.274,-160.588,-29.990
313.975,return,-40.249,-160.495,-29.989
314.007,return,-40.225,-160.402,-29.989
314.041,return,-40.200,-160.309,-29.989
314.075,return,-40.176,-160.216,-29.989
314.107,return,-40.152,-160.124,-29.989
314.141,return,-40.121,-160.008,-29.989
314.175,return,-40.097,-159.915,-29.989
314.209,return,-40.073,-159.822,-29.989
314.243,return,-40.048,-159.729,-29.989
314.277,return,-40.024,-159.637,-29.989
314.309,return,-40.000,-159.544,-29.990
314.343,return,-39.970,-159.428,-29.990
314.379,return,-39.946,-159.335,-29.990
314.411,return,-39.922,-159.243,-29.990
314.445,return,-39.898,-159.150,-29.991
314.479,return,-39.875,-159.058,-29.991
314.511,return,-39.851,-158.965,-29.991
314.546,return,-39.822,-158.850,-29.992
314.580,return,-39.798,-158.758,-29.992
314.612,return,-39.775,-158.665,-29.992
314.646,return,-39.752,-158.573,-29.993
314.680,return,-39.728,-158.481,-29.993
314.712,return,-39.705,-158.389,-29.993
314.746,return,-39.676,-158.273,-29.994
314.780,return,-39.653,-158.181,-29.994
314.812,return,-39.630,-158.089,-29.994
314.846,return,-39.607,-157.997,-29.995
314.880,return,-39.584,-157.904,-29.995
314.912,return,-39.561,-157.812,-29.996
314.946,return,-39.532,-157.697,-29.997
314.980,return,-39.509,-157.605,-29.997
315.012,return,-39.486,-157.513,-29.998
315.046,return,-39.463,-157.421,-29.998
315.080,return,-39.440,-157.329,-29.999
315.112,return,-39.416,-157.236,-29.999
315.146,return,-39.388,-157.121,-30.000
315.180,return,-39.365,-157.029,-30.001
315.212,return,-39.342,-156.936,-30.001
315.246,return,-39.319,-156.843,-30.001
315.280,return,-39.296,-156.751,-30.002
315.312,return,-39.273,-156.658,-30.002
315.346,return,-39.244,-156.541,-30.002
315.380,return,-39.220,-156.448,-30.002
315.412,return,-39.197,-156.355,-30.002
315.446,return,-39.173,-156.262,-30.002
315.480,return,-39.150,-156.168,-30.002
315.512,return,-39.126,-156.075,-30.002
315.546,return,-39.097,-155.958,-30.002
315.580,return,-39.073,-155.865,-30.002
315.612,return,-39.049,-155.771,-30.001
315.646,return,-39.025,-155.678,-30.001
315.680,return,-39.001,-155.585,-30.001
315.712,return,-38.977,-155.491,-30.000
315.748,return,-38.947,-155.375,-30.000
315.782,return,-38.923,-155.281,-30.000
315.814,return,-38.899,-155.188,-29.999
315.850,return,-38.874,-155.095,-29.999
315.884,return,-38.850,-155.001,-29.999
315.916,return,-38.826,-154.908,-29.999
315.950,return,-38.796,-154.792,-29.999
315.988,return,-38.772,-154.698,-29.999
316.021,return,-38.748,-154.605,-29.998
316.054,return,-38.724,-154.512,-29.998
316.088,return,-38.700,-154.419,-29.998
316.121,return,-38.676,-154.326,-29.998
316.154,return,-38.646,-154.209,-29.997
316.188,return,-38.622,-154.116,-29.997
316.221,return,-38.598,-154.023,-29.997
316.254,return,-38.574,-153.930,-29.996
316.288,return,-38.550,-153.836,-29.996
316.320,return,-38.526,-153.743,-29.995
316.355,return,-38.496,-153.626,-29.994
316.388,return,-38.472,-153.533,-29.994
316.420,return,-38.448,-153.440,-29.993
316.454,return,-38.425,-153.346,-29.992
316.488,return,-38.401,-153.253,-29.992
316.520,return,-38.378,-153.159,-29.991
316.555,return,-38.349,-153.043,-29.990
316.588,return,-38.326,-152.949,-29.989
316.620,return,-38.303,-152.856,-29.989
316.654,return,-38.280,-152.763,-29.988
316.688,return,-38.257,-152.669,-29.987
316.721,return,-38.235,-152.576,-29.987
316.754,return,-38.206,-152.459,-29.986
316.788,return,-38.183,-152.365,-29.986
316.820,return,-38.161,-152.272,-29.985
316.854,return,-38.138,-152.179,-29.985
316.888,return,-38.115,-152.085,-29.985
316.920,return,-38.093,-151.992,-29.985
316.954,return,-38.064,-151.875,-29.985
316.988,return,-38.041,-151.782,-29.985
317.021,return,-38.019,-151.688,-29.985
317.054,return,-37.996,-151.595,-29.985
317.088,return,-37.973,-151.502,-29.986
317.121,return,-37.950,-151.408,-29.986
317.154,return,-37.921,-151.292,-29.987
317.188,return,-37.898,-151.198,-29.987
317.222,return,-37.875,-151.105,-29.988
317.256,return,-37.851,-151.012,-29.989
317.290,return,-37.828,-150.918,-29.989
317.323,return,-37.805,-150.825,-29.990
317.357,return,-37.775,-150.709,-29.990
317.391,return,-37.752,-150.615,-29.991
317.423,return,-37.729,-150.522,-29.992
317.457,return,-37.706,-150.429,-29.992
317.491,return,-37.682,-150.335,-29.993
317.523,return,-37.659,-150.242,-29.994
317.557,return,-37.630,-150.125,-29.995
317.591,return,-37.607,-150.031,-29.995
317.623,return,-37.584,-149.937,-29.996
317.657,return,-37.561,-149.844,-29.997
317.691,return,-37.538,-149.750,-29.997
317.723,return,-37.515,-149.656,-29.997
317.757,return,-37.486,-149.539,-29.998
317.791,return,-37.462,-149.445,-29.998
317.823,return,-37.439,-149.352,-29.998
317.857,return,-37.415,-149.258,-29.998
317.891,return,-37.392,-149.165,-29.998
317.923,return,-37.368,-149.072,-29.998
317.957,return,-37.338,-148.955,-29.998
317.991,return,-37.314,-148.862,-29.997
318.023,return,-37.290,-148.769,-29.997
318.057,return,-37.266,-148.676,-29.996
318.091,return,-37.242,-148.583,-29.996
318.123,return,-37.218,-148.490,-29.996
318.157,return,-37.188,-148.374,-29.995
318.191,return,-37.164,-148.281,-29.995
318.223,return,-37.140,-148.188,-29.995
318.257,return,-37.116,-148.095,-29.994
318.291,return,-37.092,-148.003,-29.994
318.323,return,-37.068,-147.910,-29.994
318.357,return,-37.038,-147.795,-29.994
318.391,return,-37.014,-147.703,-29.993
318.423,return,-36.990,-147.611,-29.993
318.457,return,-36.966,-147.519,-29.993
318.491,return,-36.942,-147.427,-29.993
318.523,return,-36.918,-147.335,-29.993
318.557,return,-36.889,-147.220,-29.992
318.591,return,-36.865,-147.128,-29.992
318.623,return,-36.841,-147.036,-29.992
318.657,return,-36.817,-146.945,-29.992
318.691,return,-36.793,-146.853,-29.992
318.723,return,-36.770,-146.761,-29.992
318.757,return,-36.740,-146.646,-29.992
318.791,return,-36.716,-146.554,-29.991
318.823,return,-36.692,-146.462,-29.991
318.857,return,-36.668,-146.370,-29.991
318.891,return,-36.644,-146.278,-29.991
318.923,return,-36.620,-146.185,-29.992
318.957,return,-36.590,-146.070,-29.992
318.991,return,-36.566,-145.978,-29.992
319.023,return,-36.542,-145.886,-29.992
319.057,return,-36.518,-145.794,-29.992
319.091,return,-36.495,-145.701,-29.992
319.123,return,-36.471,-145.609,-29.992
319.157,return,-36.441,-145.493,-29.991
319.191,return,-36.416,-145.401,-29.991
319.223,return,-36.392,-145.308,-29.991
319.257,return,-36.368,-145.216,-29.990
319.291,return,-36.344,-145.123,-29.990
319.323,return,-36.320,-145.030,-29.990
319.357,return,-36.289,-144.914,-29.990
319.391,return,-36.265,-144.821,-29.990
319.423,return,-36.241,-144.728,-29.990
319.457,return,-36.216,-144.635,-29.990
319.491,return,-36.192,-144.542,-29.990
319.523,return,-36.168,-144.449,-29.990
319.557,return,-36.137,-144.333,-29.990
319.591,return,-36.113,-144.240,-29.990
319.623,return,-36.089,-144.147,-29.990
319.657,return,-36.064,-144.054,-29.990
319.691,return,-36.040,-143.961,-29.990
319.723,return,-36.016,-143.869,-29.990
319.757,return,-35.985,-143.753,-29.991
319.791,return,-35.961,-143.660,-29.991
319.823,return,-35.937,-143.568,-29.991
319.857,return,-35.912,-143.475,-29.991
319.891,return,-35.888,-143.383,-29.990
319.923,return,-35.864,-143.291,-29.990
319.957,return,-35.833,-143.175,-29.990
319.991,return,-35.809,-143.082,-29.990
320.023,return,-35.785,-142.990,-29.989
320.057,return,-35.761,-142.897,-29.989
320.091,return,-35.737,-142.805,-29.989
320.123,return,-35.713,-142.712,-29.989
320.157,return,-35.684,-142.596,-29.989
320.191,return,-35.661,-142.503,-29.988
320.223,return,-35.638,-142.411,-29.988
320.257,return,-35.615,-142.318,-29.988
320.291,return,-35.592,-142.225,-29.988
320.323,return,-35.569,-142.132,-29.988
320.357,return,-35.540,-142.016,-29.988
320.391,return,-35.518,-141.923,-29.987
320.423,return,-35.495,-141.830,-29.987
320.457,return,-35.472,-141.738,-29.987
320.491,return,-35.450,-141.645,-29.987
320.523,return,-35.427,-141.552,-29.986
320.557,return,-35.399,-141.436,-29.986
320.591,return,-35.376,-141.344,-29.986
320.623,return,-35.353,-141.251,-29.985
320.657,return,-35.331,-141.159,-29.985
320.691,return,-35.308,-141.066,-29.985
320.723,return,-35.285,-140.974,-29.985
320.757,return,-35.257,-140.858,-29.984
320.791,return,-35.235,-140.766,-29.984
320.823,return,-35.212,-140.673,-29.984
320.857,return,-35.189,-140.581,-29.984
320.891,return,-35.167,-140.489,-29.983
320.924,return,-35.144,-140.396,-29.983
320.958,return,-35.115,-140.281,-29.983
320.992,return,-35.092,-140.189,-29.983
321.024,return,-35.069,-140.096,-29.983
321.058,return,-35.046,-140.004,-29.983
321.092,return,-35.023,-139.911,-29.983
321.124,return,-35.000,-139.819,-29.983
321.158,return,-34.971,-139.704,-29.983
321.192,return,-34.948,-139.611,-29.983
321.224,return,-34.924,-139.519,-29.983
321.258,return,-34.901,-139.427,-29.983
321.292,return,-34.877,-139.334,-29.983
321.324,return,-34.854,-139.242,-29.983
321.358,return,-34.825,-139.127,-29.983
321.392,return,-34.801,-139.035,-29.984
321.424,return,-34.778,-138.942,-29.984
321.458,return,-34.754,-138.850,-29.984
321.492,return,-34.731,-138.758,-29.985
321.524,return,-34.708,-138.666,-29.985
321.558,return,-34.678,-138.551,-29.985
321.592,return,-34.655,-138.458,-29.986
321.624,return,-34.631,-138.366,-29.986
321.658,return,-34.608,-138.274,-29.986
321.692,return,-34.585,-138.181,-29.986
321.724,return,-34.561,-138.089,-29.986
321.758,return,-34.532,-137.973,-29.986
321.792,return,-34.508,-137.880,-29.986
321.824,return,-34.485,-137.787,-29.987
321.858,return,-34.461,-137.694,-29.987
321.892,return,-34.438,-137.601,-29.987
321.924,return,-34.414,-137.508,-29.988
321.958,return,-34.385,-137.392,-29.988
321.992,return,-34.362,-137.298,-29.989
322.024,return,-34.339,-137.205,-29.989
322.058,return,-34.315,-137.112,-29.989
322.092,return,-34.292,-137.018,-29.990
322.124,return,-34.269,-136.925,-29.990
322.158,return,-34.240,-136.808,-29.990
322.192,return,-34.217,-136.715,-29.991
322.224,return,-34.194,-136.622,-29.991
322.258,return,-34.170,-136.529,-29.992
322.292,return,-34.147,-136.435,-29.992
322.324,return,-34.124,-136.342,-29.992
322.358,return,-34.095,-136.226,-29.993
322.392,return,-34.072,-136.133,-29.993
322.424,return,-34.049,-136.040,-29.994
322.458,return,-34.025,-135.947,-29.994
322.492,return,-34.002,-135.854,-29.995
322.524,return,-33.979,-135.761,-29.995
322.558,return,-33.949,-135.645,-29.995
322.592,return,-33.926,-135.552,-29.995
322.625,return,-33.902,-135.460,-29.996
322.658,return,-33.879,-135.367,-29.996
322.692,return,-33.855,-135.274,-29.996
322.724,return,-33.832,-135.181,-29.996
322.758,return,-33.802,-135.065,-29.995
322.792,return,-33.779,-134.972,-29.995
322.824,return,-33.755,-134.879,-29.995
322.858,return,-33.732,-134.786,-29.995
322.892,return,-33.708,-134.693,-29.995
322.924,return,-33.685,-134.601,-29.994
322.958,return,-33.655,-134.484,-29.994
322.992,return,-33.631,-134.392,-29.993
323.024,return,-33.607,-134.299,-29.993
323.058,return,-33.584,-134.206,-29.992
323.092,return,-33.560,-134.113,-29.992
323.125,return,-33.536,-134.020,-29.991
323.158,return,-33.507,-133.904,-29.991
323.192,return,-33.483,-133.811,-29.990
323.224,return,-33.460,-133.719,-29.990
323.258,return,-33.437,-133.626,-29.989
323.292,return,-33.413,-133.533,-29.989
323.324,return,-33.390,-133.440,-29.989
323.358,return,-33.361,-133.324,-29.988
323.392,return,-33.338,-133.231,-29.988
323.424,return,-33.315,-133.138,-29.988
323.458,return,-33.292,-133.045,-29.989
323.492,return,-33.268,-132.952,-29.989
323.524,return,-33.245,-132.859,-29.989
323.558,return,-33.216,-132.742,-29.990
323.592,return,-33.193,-132.649,-29.990
323.624,return,-33.170,-132.556,-29.990
323.658,return,-33.146,-132.463,-29.991
323.692,return,-33.123,-132.369,-29.991
323.725,return,-33.099,-132.276,-29.991
323.759,return,-33.070,-132.159,-29.992
323.794,return,-33.046,-132.066,-29.992
323.826,return,-33.022,-131.972,-29.992
323.860,return,-32.998,-131.879,-29.993
323.894,return,-32.974,-131.785,-29.993
323.926,return,-32.950,-131.692,-29.993
323.960,return,-32.920,-131.575,-29.993
323.994,return,-32.897,-131.482,-29.994
324.026,return,-32.873,-131.389,-29.994
324.062,return,-32.849,-131.295,-29.994
324.095,return,-32.825,-131.202,-29.994
324.127,return,-32.802,-131.109,-29.995
324.162,return,-32.772,-130.992,-29.995
324.195,return,-32.749,-130.899,-29.995
324.227,return,-32.725,-130.806,-29.996
324.262,return,-32.701,-130.713,-29.996
324.295,return,-32.678,-130.620,-29.997
324.327,return,-32.654,-130.527,-29.997
324.362,return,-32.625,-130.410,-29.998
324.397,return,-32.601,-130.317,-29.998
324.429,return,-32.577,-130.224,-29.999
324.463,return,-32.554,-130.131,-29.999
324.497,return,-32.530,-130.038,-30.000
324.529,return,-32.506,-129.946,-30.001
324.563,return,-32.477,-129.830,-30.001
324.597,return,-32.453,-129.737,-30.002
324.629,return,-32.429,-129.644,-30.002
324.663,return,-32.406,-129.551,-30.003
324.697,return,-32.383,-129.458,-30.003
324.729,return,-32.359,-129.365,-30.003
324.763,return,-32.330,-129.249,-30.003
324.797,return,-32.307,-129.156,-30.004
324.829,return,-32.283,-129.063,-30.004
324.863,return,-32.260,-128.970,-30.004
324.897,return,-32.236,-128.878,-30.004
324.929,return,-32.213,-128.785,-30.004
324.963,return,-32.184,-128.669,-30.004
324.997,return,-32.160,-128.577,-30.004
325.029,return,-32.137,-128.484,-30.004
325.063,return,-32.114,-128.392,-30.004
325.097,return,-32.090,-128.299,-30.004
325.129,return,-32.067,-128.207,-30.004
325.163,return,-32.038,-128.092,-30.004
325.197,return,-32.015,-127.999,-30.004
325.229,return,-31.992,-127.907,-30.004
325.263,return,-31.969,-127.814,-30.004
325.297,return,-31.946,-127.722,-30.004
325.329,return,-31.922,-127.629,-30.004
325.363,return,-31.894,-127.514,-30.004
325.397,return,-31.870,-127.421,-30.004
325.429,return,-31.847,-127.328,-30.004
325.463,return,-31.824,-127.236,-30.004
325.497,return,-31.801,-127.143,-30.004
325.529,return,-31.777,-127.050,-30.003
325.563,return,-31.748,-126.934,-30.003
325.597,return,-31.724,-126.841,-30.003
325.629,return,-31.701,-126.748,-30.003
325.663,return,-31.677,-126.655,-30.002
325.697,return,-31.654,-126.562,-30.002
325.729,return,-31.631,-126.470,-30.001
325.763,return,-31.601,-126.354,-30.000
325.797,return,-31.578,-126.261,-29.999
325.829,return,-31.554,-126.168,-29.999
325.863,return,-31.531,-126.076,-29.998
325.897,return,-31.507,-125.983,-29.997
325.929,return,-31.483,-125.890,-29.997
325.963,return,-31.454,-125.775,-29.996
325.997,return,-31.431,-125.682,-29.995
326.029,return,-31.408,-125.590,-29.995
326.063,return,-31.385,-125.497,-29.994
326.097,return,-31.361,-125.404,-29.994
326.129,return,-31.338,-125.312,-29.994
326.163,return,-31.310,-125.196,-29.993
326.197,return,-31.286,-125.104,-29.993
326.229,return,-31.263,-125.011,-29.992
326.263,return,-31.240,-124.918,-29.992
326.297,return,-31.217,-124.826,-29.992
326.330,return,-31.193,-124.733,-29.991
326.364,return,-31.164,-124.617,-29.991
326.398,return,-31.140,-124.525,-29.991
326.432,return,-31.117,-124.432,-29.990
326.466,return,-31.093,-124.339,-29.990
326.500,return,-31.069,-124.247,-29.990
326.532,return,-31.045,-124.154,-29.990
326.566,return,-31.015,-124.038,-29.990
326.600,return,-30.991,-123.946,-29.990
326.632,return,-30.967,-123.853,-29.990
326.666,return,-30.942,-123.761,-29.990
326.700,return,-30.918,-123.668,-29.990
326.732,return,-30.893,-123.576,-29.990
326.766,return,-30.863,-123.460,-29.990
326.800,return,-30.838,-123.367,-29.990
326.832,return,-30.814,-123.275,-29.990
326.866,return,-30.789,-123.182,-29.990
326.900,return,-30.765,-123.089,-29.990
326.932,return,-30.741,-122.996,-29.990
326.966,return,-30.710,-122.880,-29.990
327.001,return,-30.686,-122.787,-29.989
327.033,return,-30.662,-122.694,-29.989
327.067,return,-30.637,-122.601,-29.989
327.101,return,-30.613,-122.508,-29.989
327.133,return,-30.589,-122.415,-29.989
327.167,return,-30.559,-122.299,-29.989
327.201,return,-30.535,-122.206,-29.989
327.233,return,-30.511,-122.113,-29.988
327.267,return,-30.487,-122.020,-29.988
327.301,return,-30.463,-121.927,-29.988
327.333,return,-30.439,-121.834,-29.988
327.367,return,-30.410,-121.718,-29.988
327.401,return,-30.387,-121.625,-29.988
327.433,return,-30.363,-121.533,-29.988
327.467,return,-30.340,-121.441,-29.988
327.501,return,-30.317,-121.349,-29.988
327.533,return,-30.294,-121.257,-29.988
327.567,return,-30.265,-121.142,-29.988
327.601,return,-30.242,-121.050,-29.988
327.633,return,-30.219,-120.958,-29.988
327.667,return,-30.196,-120.866,-29.988
327.701,return,-30.173,-120.774,-29.988
327.733,return,-30.150,-120.682,-29.988
327.767,return,-30.122,-120.567,-29.988
327.801,return,-30.100,-120.475,-29.988
327.833,return,-30.077,-120.383,-29.989
327.867,return,-30.055,-120.291,-29.989
327.901,return,-30.033,-120.199,-29.989
327.933,return,-30.011,-120.106,-29.989
327.967,return,-29.984,-119.991,-29.989
328.001,return,-29.962,-119.898,-29.989
328.033,return,-29.940,-119.806,-29.989
328.067,return,-29.918,-119.713,-29.989
328.101,return,-29.896,-119.621,-29.989
328.133,return,-29.874,-119.528,-29.989
328.167,return,-29.847,-119.413,-29.989
328.201,return,-29.825,-119.320,-29.989
328.233,return,-29.804,-119.228,-29.989
328.267,return,-29.783,-119.135,-29.990
328.301,return,-29.762,-119.042,-29.990
328.333,return,-29.740,-118.950,-29.990
328.367,return,-29.714,-118.834,-29.990
328.401,return,-29.692,-118.741,-29.990
328.433,return,-29.671,-118.649,-29.991
328.467,return,-29.650,-118.556,-29.991
328.501,return,-29.628,-118.463,-29.991
328.533,return,-29.607,-118.371,-29.992
328.567,return,-29.579,-118.255,-29.993
328.601,return,-29.558,-118.162,-29.993
328.633,return,-29.536,-118.069,-29.994
328.667,return,-29.514,-117.976,-29.995
328.701,return,-29.492,-117.883,-29.995
328.733,return,-29.470,-117.790,-29.996
328.767,return,-29.442,-117.674,-29.997
328.801,return,-29.420,-117.582,-29.997
328.833,return,-29.398,-117.489,-29.998
328.867,return,-29.375,-117.396,-29.998
328.901,return,-29.353,-117.303,-29.999
328.933,return,-29.330,-117.210,-29.999
328.967,return,-29.302,-117.093,-30.000
329.001,return,-29.279,-117.000,-30.001
329.033,return,-29.256,-116.907,-30.001
329.067,return,-29.233,-116.814,-30.001
329.101,return,-29.210,-116.721,-30.002
329.133,return,-29.187,-116.628,-30.002
329.167,return,-29.158,-116.512,-30.002
329.201,return,-29.134,-116.420,-30.002
329.233,return,-29.111,-116.327,-30.002
329.267,return,-29.088,-116.235,-30.002
329.301,return,-29.064,-116.143,-30.002
329.333,return,-29.041,-116.050,-30.002
329.367,return,-29.011,-115.935,-30.002
329.401,return,-28.988,-115.843,-30.002
329.433,return,-28.964,-115.750,-30.002
329.467,return,-28.940,-115.658,-30.002
329.501,return,-28.917,-115.566,-30.003
329.534,return,-28.893,-115.473,-30.003
329.568,return,-28.864,-115.357,-30.003
329.602,return,-28.840,-115.264,-30.003
329.634,return,-28.816,-115.171,-30.004
329.668,return,-28.792,-115.078,-30.004
329.702,return,-28.769,-114.985,-30.004
329.734,return,-28.745,-114.892,-30.005
329.768,return,-28.715,-114.776,-30.005
329.802,return,-28.692,-114.682,-30.005
329.834,return,-28.668,-114.589,-30.006
329.868,return,-28.644,-114.495,-30.006
329.902,return,-28.620,-114.402,-30.006
329.934,return,-28.596,-114.309,-30.006
329.968,return,-28.567,-114.192,-30.006
330.002,return,-28.543,-114.099,-30.007
330.034,return,-28.519,-114.005,-30.007
330.068,return,-28.495,-113.912,-30.007
330.102,return,-28.471,-113.819,-30.007
330.134,return,-28.447,-113.725,-30.007
330.168,return,-28.417,-113.608,-30.007
330.202,return,-28.393,-113.515,-30.007
330.234,return,-28.369,-113.421,-30.008
330.268,return,-28.344,-113.327,-30.008
330.302,return,-28.320,-113.233,-30.008
330.334,return,-28.296,-113.140,-30.008
330.368,return,-28.265,-113.022,-30.009
330.401,return,-28.241,-112.929,-30.009
330.435,return,-28.216,-112.835,-30.009
330.467,return,-28.192,-112.741,-30.009
330.501,return,-28.167,-112.646,-30.010
330.535,return,-28.137,-112.529,-30.010
330.567,return,-28.112,-112.435,-30.010
330.601,return,-28.088,-112.340,-30.010
330.635,return,-28.064,-112.246,-30.010
330.667,return,-28.040,-112.152,-30.010
330.701,return,-28.016,-112.058,-30.010
330.735,return,-27.986,-111.940,-30.010
330.767,return,-27.962,-111.846,-30.010
330.801,return,-27.938,-111.752,-30.010
330.835,return,-27.914,-111.657,-30.010
330.867,return,-27.890,-111.563,-30.010
330.901,return,-27.866,-111.469,-30.010
330.935,return,-27.837,-111.352,-30.010
330.967,return,-27.813,-111.258,-30.010
331.001,return,-27.790,-111.163,-30.010
331.035,return,-27.766,-111.069,-30.009
331.067,return,-27.743,-110.975,-30.009
331.101,return,-27.719,-110.881,-30.009
331.135,return,-27.690,-110.764,-30.008
331.167,return,-27.666,-110.670,-30.008
331.201,return,-27.643,-110.576,-30.007
331.235,return,-27.619,-110.483,-30.007
331.267,return,-27.596,-110.389,-30.006
331.301,return,-27.572,-110.296,-30.006
331.335,return,-27.543,-110.179,-30.006
331.370,return,-27.520,-110.086,-30.005
331.404,return,-27.497,-109.993,-30.005
331.438,return,-27.473,-109.901,-30.005
331.470,return,-27.450,-109.808,-30.004
331.504,return,-27.427,-109.715,-30.004
331.538,return,-27.398,-109.600,-30.004
331.570,return,-27.375,-109.507,-30.003
331.604,return,-27.352,-109.415,-30.003
331.638,return,-27.329,-109.323,-30.003
331.672,return,-27.306,-109.231,-30.002
331.706,return,-27.283,-109.139,-30.002
331.740,return,-27.253,-109.023,-30.002
331.772,return,-27.230,-108.932,-30.001
331.806,return,-27.207,-108.840,-30.001
331.840,return,-27.184,-108.747,-30.000
331.872,return,-27.161,-108.655,-30.000
331.906,return,-27.138,-108.563,-30.000
331.940,return,-27.109,-108.449,-29.999
331.972,return,-27.086,-108.357,-29.999
332.006,return,-27.063,-108.265,-29.999
332.040,return,-27.041,-108.173,-29.999
332.072,return,-27.018,-108.081,-29.998
332.106,return,-26.996,-107.989,-29.998
332.140,return,-26.968,-107.874,-29.998
332.172,return,-26.945,-107.781,-29.998
332.206,return,-26.923,-107.689,-29.997
332.240,return,-26.900,-107.597,-29.997
332.274,return,-26.878,-107.505,-29.997
332.308,return,-26.856,-107.413,-29.997
332.342,return,-26.828,-107.297,-29.996
332.374,return,-26.806,-107.205,-29.996
332.408,return,-26.784,-107.113,-29.995
332.442,return,-26.762,-107.020,-29.995
332.474,return,-26.740,-106.928,-29.994
332.509,return,-26.718,-106.836,-29.994
332.543,return,-26.690,-106.721,-29.993
332.576,return,-26.668,-106.629,-29.993
332.610,return,-26.645,-106.537,-29.992
332.644,return,-26.623,-106.444,-29.992
332.676,return,-26.600,-106.352,-29.992
332.710,return,-26.578,-106.260,-29.991
332.744,return,-26.550,-106.145,-29.991
332.776,return,-26.527,-106.053,-29.991
332.810,return,-26.505,-105.961,-29.991
332.844,return,-26.482,-105.868,-29.991
332.876,return,-26.459,-105.776,-29.992
332.910,return,-26.437,-105.684,-29.992
332.944,return,-26.408,-105.569,-29.992
332.976,return,-26.386,-105.477,-29.992
333.010,return,-26.363,-105.385,-29.992
333.044,return,-26.340,-105.293,-29.993
333.076,return,-26.318,-105.201,-29.993
333.110,return,-26.295,-105.109,-29.993
333.144,return,-26.266,-104.994,-29.993
333.176,return,-26.243,-104.902,-29.993
333.210,return,-26.220,-104.810,-29.993
333.244,return,-26.197,-104.718,-29.993
333.276,return,-26.174,-104.625,-29.993
333.310,return,-26.151,-104.533,-29.994
333.344,return,-26.122,-104.418,-29.994
333.376,return,-26.098,-104.325,-29.994
333.410,return,-26.075,-104.233,-29.995
333.444,return,-26.052,-104.141,-29.995
333.476,return,-26.028,-104.049,-29.996
333.511,return,-26.005,-103.957,-29.996
333.545,return,-25.976,-103.842,-29.997
333.578,return,-25.952,-103.750,-29.997
333.612,return,-25.929,-103.657,-29.998
333.646,return,-25.905,-103.565,-29.998
333.678,return,-25.882,-103.473,-29.998
333.712,return,-25.858,-103.381,-29.999
333.746,return,-25.829,-103.266,-29.999
333.778,return,-25.805,-103.175,-29.999
333.812,return,-25.782,-103.083,-29.999
333.846,return,-25.759,-102.991,-30.000
333.878,return,-25.735,-102.899,-30.000
333.912,return,-25.712,-102.808,-30.000
333.946,return,-25.683,-102.693,-30.000
333.978,return,-25.660,-102.602,-30.000
334.012,return,-25.637,-102.510,-30.000
334.046,return,-25.613,-102.418,-30.000
334.078,return,-25.590,-102.327,-30.000
334.112,return,-25.567,-102.235,-30.000
334.146,return,-25.538,-102.120,-30.000
334.178,return,-25.515,-102.029,-30.000
334.212,return,-25.492,-101.937,-30.000
334.246,return,-25.469,-101.846,-30.000
334.278,return,-25.446,-101.754,-29.999
334.312,return,-25.423,-101.662,-29.999
334.346,return,-25.394,-101.548,-29.999
334.378,return,-25.371,-101.456,-29.998
334.412,return,-25.348,-101.364,-29.998
334.446,return,-25.324,-101.272,-29.998
334.478,return,-25.301,-101.180,-29.997
334.512,return,-25.277,-101.088,-29.997
334.546,return,-25.248,-100.973,-29.996
334.578,return,-25.225,-100.881,-29.996
334.612,return,-25.201,-100.788,-29.996
334.646,return,-25.178,-100.696,-29.995
334.678,return,-25.154,-100.603,-29.995
334.712,return,-25.131,-100.511,-29.994
334.746,return,-25.101,-100.395,-29.994
334.778,return,-25.077,-100.303,-29.993
334.812,return,-25.053,-100.210,-29.992
334.846,return,-25.029,-100.118,-29.992
334.878,return,-25.005,-100.025,-29.991
334.912,return,-24.981,-99.932,-29.991
334.946,return,-24.951,-99.816,-29.990
334.978,return,-24.927,-99.724,-29.990
335.012,return,-24.903,-99.631,-29.989
335.046,return,-24.879,-99.538,-29.989
335.078,return,-24.855,-99.446,-29.989
335.112,return,-24.831,-99.353,-29.989
335.146,return,-24.801,-99.238,-29.989
335.178,return,-24.777,-99.145,-29.989
335.212,return,-24.753,-99.053,-29.989
335.246,return,-24.729,-98.960,-29.990
335.278,return,-24.704,-98.868,-29.990
335.312,return,-24.680,-98.775,-29.991
335.346,return,-24.649,-98.660,-29.992
335.378,return,-24.624,-98.567,-29.992
335.412,return,-24.600,-98.475,-29.993
335.446,return,-24.575,-98.382,-29.993
335.478,return,-24.550,-98.290,-29.994
335.512,return,-24.525,-98.197,-29.995
335.546,return,-24.494,-98.082,-29.995
335.578,return,-24.470,-97.990,-29.996
335.612,return,-24.445,-97.897,-29.997
335.646,return,-24.420,-97.805,-29.997
335.678,return,-24.396,-97.713,-29.998
335.712,return,-24.371,-97.620,-29.998
335.746,return,-24.341,-97.505,-29.999
335.778,return,-24.317,-97.413,-29.999
335.812,return,-24.293,-97.320,-30.000
335.846,return,-24.269,-97.228,-30.000
335.878,return,-24.246,-97.136,-30.000
335.912,return,-24.222,-97.043,-30.000
335.946,return,-24.193,-96.927,-30.000
335.978,return,-24.169,-96.835,-29.999
336.012,return,-24.146,-96.742,-29.999
336.046,return,-24.123,-96.649,-29.999
336.078,return,-24.099,-96.557,-29.999
336.112,return,-24.076,-96.464,-29.998
336.146,return,-24.047,-96.348,-29.998
336.178,return,-24.024,-96.255,-29.998
336.212,return,-24.001,-96.163,-29.997
336.246,return,-23.978,-96.070,-29.997
336.278,return,-23.955,-95.978,-29.996
336.312,return,-23.932,-95.885,-29.996
336.346,return,-23.903,-95.769,-29.995
336.378,return,-23.880,-95.676,-29.995
336.412,return,-23.857,-95.583,-29.994
336.446,return,-23.834,-95.491,-29.994
336.478,return,-23.811,-95.398,-29.993
336.512,return,-23.788,-95.305,-29.993
336.546,return,-23.758,-95.188,-29.993
336.578,return,-23.735,-95.095,-29.993
336.612,return,-23.711,-95.002,-29.992
336.646,return,-23.688,-94.909,-29.992
336.678,return,-23.664,-94.815,-29.992
336.712,return,-23.641,-94.722,-29.992
336.746,return,-23.611,-94.606,-29.992
336.778,return,-23.588,-94.512,-29.992
336.812,return,-23.564,-94.419,-29.991
336.846,return,-23.540,-94.325,-29.991
336.878,return,-23.516,-94.232,-29.991
336.912,return,-23.493,-94.139,-29.991
336.946,return,-23.463,-94.022,-29.991
336.978,return,-23.439,-93.929,-29.991
337.012,return,-23.416,-93.836,-29.991
337.046,return,-23.392,-93.742,-29.991
337.078,return,-23.368,-93.649,-29.991
337.112,return,-23.345,-93.556,-29.991
337.146,return,-23.315,-93.440,-29.990
337.178,return,-23.292,-93.347,-29.990
337.212,return,-23.269,-93.254,-29.990
337.246,return,-23.245,-93.161,-29.989
337.278,return,-23.222,-93.068,-29.989
337.312,return,-23.199,-92.975,-29.989
337.346,return,-23.170,-92.858,-29.988
337.378,return,-23.146,-92.765,-29.988
337.412,return,-23.123,-92.672,-29.988
337.446,return,-23.100,-92.579,-29.987
337.478,return,-23.077,-92.486,-29.987
337.512,return,-23.054,-92.393,-29.986
337.546,return,-23.025,-92.277,-29.986
337.578,return,-23.001,-92.184,-29.986
337.612,return,-22.978,-92.091,-29.985
337.646,return,-22.954,-91.998,-29.985
337.678,return,-22.931,-91.905,-29.985
337.712,return,-22.908,-91.812,-29.985
337.746,return,-22.878,-91.696,-29.985
337.778,return,-22.855,-91.603,-29.984
337.812,return,-22.832,-91.510,-29.984
337.846,return,-22.808,-91.416,-29.984
337.878,return,-22.785,-91.323,-29.984
337.912,return,-22.762,-91.230,-29.983
337.946,return,-22.733,-91.113,-29.983
337.978,return,-22.710,-91.020,-29.983
338.012,return,-22.687,-90.927,-29.983
338.046,return,-22.664,-90.834,-29.983
338.078,return,-22.640,-90.741,-29.983
338.112,return,-22.617,-90.647,-29.983
338.146,return,-22.589,-90.531,-29.983
338.178,return,-22.566,-90.437,-29.983
338.212,return,-22.543,-90.343,-29.982
338.246,return,-22.520,-90.250,-29.982
338.278,return,-22.497,-90.156,-29.982
338.312,return,-22.474,-90.062,-29.982
338.346,return,-22.445,-89.945,-29.982
338.378,return,-22.422,-89.851,-29.982
338.412,return,-22.399,-89.757,-29.982
338.446,return,-22.376,-89.663,-29.982
338.478,return,-22.353,-89.569,-29.982
338.512,return,-22.330,-89.475,-29.982
338.546,return,-22.300,-89.357,-29.982
338.578,return,-22.277,-89.263,-29.982
338.612,return,-22.254,-89.169,-29.982
338.647,return,-22.230,-89.074,-29.982
338.679,return,-22.206,-88.980,-29.982
338.713,return,-22.183,-88.886,-29.983
338.747,return,-22.153,-88.768,-29.983
338.779,return,-22.129,-88.674,-29.984
338.813,return,-22.105,-88.581,-29.985
338.847,return,-22.081,-88.487,-29.985
338.879,return,-22.057,-88.394,-29.986
338.913,return,-22.033,-88.300,-29.987
338.947,return,-22.004,-88.183,-29.987
338.979,return,-21.980,-88.090,-29.988
339.013,return,-21.956,-87.997,-29.989
339.047,return,-21.932,-87.904,-29.989
339.079,return,-21.909,-87.811,-29.990
339.113,return,-21.885,-87.718,-29.991
339.147,return,-21.856,-87.603,-29.992
339.179,return,-21.832,-87.510,-29.993
339.213,return,-21.809,-87.418,-29.994
339.247,return,-21.785,-87.325,-29.995
339.279,return,-21.762,-87.233,-29.996
339.315,return,-21.739,-87.141,-29.997
339.349,return,-21.709,-87.026,-29.998
339.381,return,-21.686,-86.934,-29.998
339.415,return,-21.663,-86.842,-29.999
339.449,return,-21.640,-86.750,-30.000
339.481,return,-21.617,-86.658,-30.001
339.515,return,-21.594,-86.566,-30.002
339.549,return,-21.566,-86.452,-30.003
339.581,return,-21.543,-86.361,-30.004
339.615,return,-21.520,-86.269,-30.005
339.649,return,-21.497,-86.178,-30.006
339.681,return,-21.474,-86.087,-30.007
339.715,return,-21.452,-85.995,-30.007
339.750,return,-21.423,-85.881,-30.008
339.782,return,-21.401,-85.790,-30.008
339.816,return,-21.378,-85.699,-30.009
339.863,return,-21.356,-85.607,-30.009
339.905,return,-21.333,-85.516,-30.009
339.939,return,-21.311,-85.425,-30.009
339.973,return,-21.283,-85.310,-30.009
340.005,return,-21.260,-85.219,-30.009
340.039,return,-21.238,-85.128,-30.008
340.073,return,-21.216,-85.036,-30.008
340.105,return,-21.193,-84.945,-30.007
340.139,return,-21.171,-84.853,-30.007
340.173,return,-21.143,-84.739,-30.006
340.205,return,-21.121,-84.647,-30.005
340.239,return,-21.098,-84.555,-30.004
340.273,return,-21.075,-84.464,-30.002
340.305,return,-21.053,-84.372,-30.001
340.340,return,-21.030,-84.280,-30.000
340.373,return,-21.001,-84.166,-29.998
340.405,return,-20.978,-84.074,-29.997
340.439,return,-20.955,-83.982,-29.996
340.473,return,-20.932,-83.890,-29.995
340.505,return,-20.909,-83.799,-29.994
340.539,return,-20.887,-83.707,-29.993
340.573,return,-20.858,-83.592,-29.992
340.605,return,-20.835,-83.500,-29.991
340.639,return,-20.812,-83.408,-29.991
340.673,return,-20.789,-83.317,-29.990
340.705,return,-20.766,-83.225,-29.989
340.739,return,-20.743,-83.133,-29.989
340.773,return,-20.714,-83.018,-29.988
340.805,return,-20.691,-82.926,-29.988
340.839,return,-20.669,-82.834,-29.987
340.873,return,-20.645,-82.742,-29.987
340.905,return,-20.622,-82.651,-29.986
340.939,return,-20.599,-82.559,-29.986
340.973,return,-20.570,-82.444,-29.985
341.005,return,-20.547,-82.352,-29.985
341.039,return,-20.523,-82.260,-29.985
341.073,return,-20.500,-82.167,-29.984
341.105,return,-20.476,-82.075,-29.984
341.139,return,-20.453,-81.983,-29.984
341.173,return,-20.424,-81.868,-29.983
341.206,return,-20.400,-81.775,-29.983
341.239,return,-20.377,-81.683,-29.983
341.273,return,-20.354,-81.591,-29.983
341.305,return,-20.331,-81.498,-29.982
341.340,return,-20.307,-81.406,-29.982
341.373,return,-20.279,-81.290,-29.982
341.405,return,-20.256,-81.197,-29.982
341.439,return,-20.233,-81.104,-29.982
341.473,return,-20.210,-81.011,-29.981
341.505,return,-20.187,-80.918,-29.981
341.539,return,-20.165,-80.825,-29.981
341.573,return,-20.136,-80.709,-29.982
341.606,return,-20.114,-80.616,-29.982
341.640,return,-20.091,-80.522,-29.982
341.674,return,-20.068,-80.429,-29.983
341.707,return,-20.045,-80.336,-29.983
341.740,return,-20.022,-80.243,-29.984
341.774,return,-19.993,-80.126,-29.985
341.807,return,-19.970,-80.033,-29.986
341.841,return,-19.946,-79.940,-29.987
341.874,return,-19.923,-79.847,-29.987
341.906,return,-19.900,-79.754,-29.988
341.940,return,-19.876,-79.661,-29.989
341.974,return,-19.847,-79.544,-29.990
342.007,return,-19.824,-79.451,-29.991
342.040,return,-19.800,-79.358,-29.991
342.074,return,-19.777,-79.265,-29.992
342.107,return,-19.753,-79.172,-29.992
342.140,return,-19.729,-79.078,-29.993
342.174,return,-19.700,-78.961,-29.993
342.206,return,-19.676,-78.868,-29.993
342.240,return,-19.652,-78.774,-29.993
342.274,return,-19.629,-78.680,-29.993
342.307,return,-19.605,-78.586,-29.993
342.341,return,-19.581,-78.492,-29.992
342.374,return,-19.551,-78.375,-29.992
342.407,return,-19.527,-78.281,-29.992
342.440,return,-19.503,-78.188,-29.992
342.474,return,-19.479,-78.094,-29.991
342.507,return,-19.455,-78.000,-29.991
342.540,return,-19.431,-77.906,-29.991
342.574,return,-19.401,-77.789,-29.990
342.607,return,-19.377,-77.695,-29.990
342.641,return,-19.353,-77.601,-29.990
342.675,return,-19.328,-77.507,-29.990
342.707,return,-19.304,-77.413,-29.990
342.741,return,-19.280,-77.320,-29.990
342.775,return,-19.250,-77.203,-29.990
342.808,return,-19.226,-77.110,-29.990
342.841,return,-19.201,-77.016,-29.990
342.875,return,-19.177,-76.923,-29.991
342.908,return,-19.153,-76.830,-29.991
342.941,return,-19.129,-76.736,-29.991
342.975,return,-19.100,-76.620,-29.992
343.008,return,-19.076,-76.526,-29.992
343.041,return,-19.052,-76.432,-29.992
343.075,return,-19.028,-76.339,-29.993
343.107,return,-19.004,-76.245,-29.993
343.141,return,-18.980,-76.151,-29.993
343.175,return,-18.951,-76.034,-29.994
343.208,return,-18.927,-75.941,-29.994
343.241,return,-18.903,-75.847,-29.995
343.275,return,-18.880,-75.754,-29.995
343.308,return,-18.857,-75.661,-29.995
343.341,return,-18.833,-75.567,-29.996
343.375,return,-18.804,-75.451,-29.996
343.408,return,-18.781,-75.358,-29.996
343.441,return,-18.758,-75.265,-29.997
343.475,return,-18.735,-75.172,-29.997
343.507,return,-18.712,-75.079,-29.998
343.541,return,-18.690,-74.987,-29.998
343.575,return,-18.661,-74.871,-29.999
343.608,return,-18.638,-74.778,-30.000
343.641,return,-18.615,-74.685,-30.000
343.675,return,-18.592,-74.592,-30.001
343.708,return,-18.569,-74.499,-30.001
343.741,return,-18.546,-74.406,-30.001
343.775,return,-18.518,-74.290,-30.002
343.808,return,-18.495,-74.197,-30.002
343.841,return,-18.472,-74.104,-30.002
343.875,return,-18.449,-74.011,-30.002
343.908,return,-18.425,-73.918,-30.002
343.941,return,-18.402,-73.825,-30.002
343.975,return,-18.373,-73.708,-30.002
344.008,return,-18.349,-73.615,-30.002
344.041,return,-18.325,-73.522,-30.002
344.076,return,-18.301,-73.428,-30.002
344.108,return,-18.278,-73.335,-30.003
344.141,return,-18.254,-73.242,-30.003
344.175,return,-18.224,-73.125,-30.003
344.208,return,-18.200,-73.032,-30.003
344.241,return,-18.176,-72.938,-30.003
344.276,return,-18.152,-72.845,-30.004
344.308,return,-18.128,-72.751,-30.004
344.341,return,-18.104,-72.658,-30.004
344.376,return,-18.074,-72.541,-30.004
344.408,return,-18.050,-72.448,-30.004
344.442,return,-18.026,-72.355,-30.004
344.475,return,-18.002,-72.262,-30.004
344.508,return,-17.978,-72.169,-30.004
344.542,return,-17.954,-72.076,-30.004
344.575,return,-17.924,-71.959,-30.004
344.608,return,-17.900,-71.866,-30.004
344.642,return,-17.876,-71.773,-30.004
344.676,return,-17.852,-71.681,-30.004
344.708,return,-17.828,-71.588,-30.004
344.741,return,-17.805,-71.495,-30.004
344.775,return,-17.775,-71.379,-30.004
344.808,return,-17.751,-71.286,-30.005
344.841,return,-17.727,-71.193,-30.005
344.876,return,-17.704,-71.100,-30.005
344.908,return,-17.680,-71.008,-30.005
344.941,return,-17.657,-70.915,-30.005
344.975,return,-17.627,-70.799,-30.005
345.008,return,-17.604,-70.706,-30.005
345.042,return,-17.580,-70.613,-30.005
345.075,return,-17.557,-70.520,-30.005
345.108,return,-17.533,-70.427,-30.005
345.141,return,-17.510,-70.334,-30.005
345.175,return,-17.481,-70.218,-30.005
345.208,return,-17.458,-70.125,-30.005
345.241,return,-17.435,-70.032,-30.005
345.275,return,-17.412,-69.939,-30.005
345.308,return,-17.388,-69.846,-30.005
345.341,return,-17.365,-69.753,-30.004
345.376,return,-17.336,-69.637,-30.004
345.408,return,-17.313,-69.544,-30.004
345.441,return,-17.290,-69.451,-30.004
345.475,return,-17.267,-69.358,-30.004
345.508,return,-17.244,-69.265,-30.004
345.542,return,-17.221,-69.173,-30.004
345.576,return,-17.192,-69.057,-30.003
345.608,return,-17.169,-68.964,-30.003
345.641,return,-17.146,-68.871,-30.004
345.676,return,-17.123,-68.779,-30.004
345.708,return,-17.101,-68.687,-30.004
345.743,return,-17.078,-68.595,-30.004
345.777,return,-17.049,-68.480,-30.004
345.810,return,-17.026,-68.388,-30.005
345.843,return,-17.003,-68.296,-30.005
345.877,return,-16.980,-68.204,-30.005
345.909,return,-16.956,-68.112,-30.005
345.943,return,-16.933,-68.020,-30.006
345.977,return,-16.904,-67.906,-30.006
346.009,return,-16.881,-67.814,-30.006
346.043,return,-16.858,-67.723,-30.006
346.077,return,-16.835,-67.632,-30.006
346.109,return,-16.812,-67.540,-30.006
346.143,return,-16.789,-67.448,-30.006
346.177,return,-16.760,-67.334,-30.006
346.209,return,-16.737,-67.242,-30.007
346.243,return,-16.714,-67.150,-30.007
346.277,return,-16.691,-67.059,-30.007
346.309,return,-16.668,-66.967,-30.007
346.343,return,-16.644,-66.876,-30.008
346.377,return,-16.616,-66.761,-30.008
346.409,return,-16.592,-66.669,-30.008
346.443,return,-16.569,-66.577,-30.008
346.477,return,-16.546,-66.486,-30.008
346.509,return,-16.522,-66.394,-30.009
346.543,return,-16.499,-66.302,-30.009
346.577,return,-16.470,-66.187,-30.009
346.609,return,-16.446,-66.095,-30.009
346.643,return,-16.422,-66.003,-30.009
346.677,return,-16.399,-65.911,-30.009
346.709,return,-16.375,-65.819,-30.010
346.743,return,-16.351,-65.727,-30.010
346.777,return,-16.322,-65.612,-30.010
346.809,return,-16.299,-65.520,-30.010
346.843,return,-16.275,-65.427,-30.010
346.877,return,-16.252,-65.335,-30.010
346.909,return,-16.229,-65.243,-30.009
346.944,return,-16.206,-65.150,-30.009
346.978,return,-16.177,-65.035,-30.009
347.011,return,-16.154,-64.942,-30.009
347.046,return,-16.131,-64.850,-30.009
347.080,return,-16.108,-64.757,-30.009
347.112,return,-16.085,-64.664,-30.009
347.146,return,-16.062,-64.572,-30.009
347.195,return,-16.033,-64.456,-30.009
347.230,return,-16.010,-64.363,-30.009
347.264,return,-15.987,-64.271,-30.009
347.298,return,-15.965,-64.178,-30.009
347.331,return,-15.942,-64.086,-30.009
347.364,return,-15.919,-63.993,-30.010
347.398,return,-15.890,-63.877,-30.010
347.430,return,-15.867,-63.785,-30.010
347.464,return,-15.844,-63.692,-30.010
347.498,return,-15.821,-63.600,-30.011
347.530,return,-15.798,-63.508,-30.011
347.564,return,-15.776,-63.415,-30.011
347.598,return,-15.747,-63.300,-30.011
347.631,return,-15.724,-63.208,-30.010
347.664,return,-15.701,-63.116,-30.010
347.698,return,-15.678,-63.023,-30.010
347.731,return,-15.654,-62.931,-30.010
347.764,return,-15.631,-62.839,-30.009
347.798,return,-15.602,-62.723,-30.009
347.830,return,-15.579,-62.631,-30.009
347.864,return,-15.556,-62.539,-30.008
347.898,return,-15.533,-62.446,-30.008
347.931,return,-15.509,-62.354,-30.007
347.964,return,-15.486,-62.261,-30.007
348.000,return,-15.458,-62.145,-30.006
348.032,return,-15.435,-62.053,-30.006
348.066,return,-15.412,-61.960,-30.006
348.100,return,-15.389,-61.867,-30.006
348.132,return,-15.367,-61.775,-30.006
348.166,return,-15.345,-61.682,-30.006
348.200,return,-15.317,-61.566,-30.006
348.232,return,-15.295,-61.473,-30.006
348.266,return,-15.273,-61.381,-30.006
348.300,return,-15.250,-61.288,-30.007
348.332,return,-15.228,-61.195,-30.007
348.366,return,-15.206,-61.103,-30.008
348.400,return,-15.178,-60.987,-30.008
348.432,return,-15.156,-60.894,-30.009
348.466,return,-15.134,-60.801,-30.009
348.499,return,-15.112,-60.708,-30.010
348.533,return,-15.090,-60.615,-30.010
348.565,return,-15.067,-60.523,-30.011
348.599,return,-15.045,-60.430,-30.011
348.633,return,-15.017,-60.314,-30.012
348.665,return,-14.994,-60.221,-30.012
348.699,return,-14.971,-60.128,-30.012
348.733,return,-14.948,-60.035,-30.012
348.765,return,-14.925,-59.942,-30.012
348.799,return,-14.902,-59.849,-30.012
348.833,return,-14.873,-59.733,-30.011
348.865,return,-14.850,-59.640,-30.011
348.899,return,-14.826,-59.547,-30.011
348.933,return,-14.803,-59.454,-30.010
348.965,return,-14.780,-59.361,-30.010
348.999,return,-14.757,-59.267,-30.010
349.033,return,-14.728,-59.151,-30.009
349.065,return,-14.705,-59.058,-30.009
349.099,return,-14.682,-58.964,-30.008
349.133,return,-14.659,-58.871,-30.008
349.165,return,-14.636,-58.778,-30.007
349.199,return,-14.613,-58.684,-30.007
349.233,return,-14.584,-58.567,-30.006
349.265,return,-14.561,-58.474,-30.006
349.299,return,-14.538,-58.380,-30.006
349.333,return,-14.515,-58.287,-30.005
349.365,return,-14.492,-58.193,-30.005
349.399,return,-14.468,-58.099,-30.004
349.433,return,-14.439,-57.982,-30.003
349.465,return,-14.416,-57.889,-30.003
349.499,return,-14.393,-57.795,-30.002
349.533,return,-14.369,-57.702,-30.001
349.565,return,-14.346,-57.608,-30.001
349.599,return,-14.323,-57.515,-30.001
349.633,return,-14.293,-57.398,-30.000
349.665,return,-14.270,-57.305,-30.000
349.699,return,-14.247,-57.211,-30.000
349.733,return,-14.223,-57.118,-30.000
349.765,return,-14.200,-57.024,-30.000
349.799,return,-14.176,-56.930,-30.000
349.833,return,-14.147,-56.813,-30.000
349.865,return,-14.123,-56.720,-30.000
349.899,return,-14.099,-56.626,-30.000
349.933,return,-14.076,-56.533,-30.000
349.965,return,-14.052,-56.439,-30.000
349.999,return,-14.028,-56.346,-30.000
350.033,return,-13.999,-56.229,-30.001
350.065,return,-13.975,-56.136,-30.001
350.099,return,-13.951,-56.043,-30.001
350.133,return,-13.927,-55.950,-30.001
350.165,return,-13.903,-55.857,-30.001
350.199,return,-13.878,-55.764,-30.001
350.233,return,-13.848,-55.648,-30.001
350.265,return,-13.824,-55.555,-30.001
350.299,return,-13.800,-55.462,-30.000
350.333,return,-13.775,-55.370,-30.000
350.365,return,-13.751,-55.277,-30.000
350.399,return,-13.726,-55.185,-30.000
350.433,return,-13.696,-55.070,-29.999
350.465,return,-13.671,-54.977,-29.999
350.499,return,-13.647,-54.885,-29.999
350.533,return,-13.623,-54.793,-29.999
350.565,return,-13.599,-54.700,-29.998
350.599,return,-13.575,-54.608,-29.998
350.633,return,-13.545,-54.493,-29.998
350.665,return,-13.521,-54.401,-29.998
350.699,return,-13.498,-54.308,-29.997
350.733,return,-13.474,-54.216,-29.997
350.765,return,-13.451,-54.124,-29.997
350.799,return,-13.428,-54.032,-29.997
350.833,return,-13.399,-53.916,-29.997
350.865,return,-13.376,-53.824,-29.997
350.899,return,-13.353,-53.732,-29.996
350.933,return,-13.330,-53.639,-29.996
350.965,return,-13.307,-53.547,-29.996
350.999,return,-13.284,-53.454,-29.996
351.033,return,-13.256,-53.339,-29.996
351.065,return,-13.233,-53.246,-29.996
351.099,return,-13.210,-53.153,-29.995
351.133,return,-13.188,-53.061,-29.995
351.165,return,-13.165,-52.968,-29.995
351.199,return,-13.142,-52.875,-29.995
351.233,return,-13.114,-52.759,-29.995
351.265,return,-13.091,-52.666,-29.995
351.299,return,-13.068,-52.573,-29.995
351.333,return,-13.046,-52.480,-29.995
351.365,return,-13.023,-52.386,-29.995
351.399,return,-13.000,-52.293,-29.995
351.433,return,-12.971,-52.177,-29.995
351.465,return,-12.949,-52.083,-29.995
351.499,return,-12.926,-51.990,-29.996
351.533,return,-12.903,-51.897,-29.996
351.565,return,-12.881,-51.803,-29.996
351.599,return,-12.858,-51.710,-29.996
351.633,return,-12.830,-51.593,-29.997
351.665,return,-12.807,-51.500,-29.997
351.699,return,-12.785,-51.406,-29.997
351.733,return,-12.762,-51.313,-29.997
351.765,return,-12.740,-51.219,-29.997
351.799,return,-12.717,-51.126,-29.997
351.833,return,-12.689,-51.010,-29.997
351.865,return,-12.666,-50.917,-29.997
351.899,return,-12.644,-50.824,-29.998
351.933,return,-12.621,-50.731,-29.998
351.965,return,-12.598,-50.638,-29.998
352.000,return,-12.575,-50.545,-29.998
352.035,return,-12.546,-50.429,-29.998
352.067,return,-12.522,-50.337,-29.998
352.101,return,-12.499,-50.244,-29.999
352.135,return,-12.475,-50.152,-29.999
352.167,return,-12.452,-50.060,-29.999
352.201,return,-12.428,-49.967,-29.999
352.235,return,-12.399,-49.852,-29.999
352.267,return,-12.375,-49.760,-29.998
352.301,return,-12.351,-49.668,-29.998
352.335,return,-12.328,-49.576,-29.998
352.367,return,-12.304,-49.484,-29.998
352.401,return,-12.280,-49.392,-29.998
352.435,return,-12.249,-49.277,-29.997
352.467,return,-12.225,-49.185,-29.997
352.501,return,-12.201,-49.093,-29.997
352.535,return,-12.177,-49.001,-29.996
352.567,return,-12.153,-48.909,-29.996
352.601,return,-12.129,-48.817,-29.996
352.635,return,-12.099,-48.703,-29.996
352.667,return,-12.075,-48.611,-29.996
352.701,return,-12.052,-48.519,-29.996
352.735,return,-12.028,-48.427,-29.996
352.767,return,-12.004,-48.336,-29.995
352.801,return,-11.980,-48.244,-29.995
352.835,return,-11.951,-48.129,-29.995
352.867,return,-11.927,-48.038,-29.995
352.901,return,-11.904,-47.946,-29.995
352.935,return,-11.881,-47.854,-29.995
352.967,return,-11.858,-47.762,-29.995
353.001,return,-11.835,-47.670,-29.995
353.035,return,-11.806,-47.555,-29.995
353.067,return,-11.783,-47.463,-29.995
353.101,return,-11.761,-47.371,-29.995
353.135,return,-11.738,-47.279,-29.995
353.167,return,-11.715,-47.187,-29.995
353.201,return,-11.692,-47.095,-29.995
353.235,return,-11.664,-46.980,-29.995
353.267,return,-11.641,-46.887,-29.995
353.301,return,-11.618,-46.795,-29.994
353.335,return,-11.595,-46.702,-29.994
353.367,return,-11.572,-46.610,-29.994
353.401,return,-11.549,-46.518,-29.994
353.435,return,-11.520,-46.402,-29.994
353.467,return,-11.497,-46.309,-29.993
353.501,return,-11.474,-46.217,-29.993
353.535,return,-11.451,-46.124,-29.993
353.568,return,-11.427,-46.031,-29.993
353.601,return,-11.404,-45.939,-29.992
353.635,return,-11.374,-45.823,-29.992
353.667,return,-11.350,-45.730,-29.992
353.701,return,-11.326,-45.638,-29.992
353.735,return,-11.303,-45.545,-29.992
353.767,return,-11.278,-45.453,-29.992
353.801,return,-11.254,-45.360,-29.992
353.836,return,-11.224,-45.244,-29.992
353.868,return,-11.200,-45.152,-29.992
353.903,return,-11.176,-45.059,-29.992
353.936,return,-11.152,-44.967,-29.992
353.968,return,-11.127,-44.874,-29.993
354.003,return,-11.103,-44.781,-29.993
354.038,return,-11.072,-44.665,-29.993
354.069,return,-11.048,-44.572,-29.994
354.103,return,-11.024,-44.479,-29.994
354.137,return,-11.000,-44.386,-29.995
354.169,return,-10.976,-44.293,-29.995
354.203,return,-10.952,-44.200,-29.995
354.238,return,-10.922,-44.083,-29.996
354.269,return,-10.898,-43.990,-29.996
354.303,return,-10.874,-43.897,-29.996
354.337,return,-10.851,-43.804,-29.996
354.369,return,-10.827,-43.711,-29.996
354.403,return,-10.804,-43.618,-29.996
354.437,return,-10.774,-43.501,-29.996
354.469,return,-10.751,-43.408,-29.996
354.503,return,-10.728,-43.315,-29.996
354.537,return,-10.704,-43.221,-29.996
354.569,return,-10.681,-43.128,-29.996
354.603,return,-10.658,-43.035,-29.996
354.638,return,-10.629,-42.918,-29.996
354.669,return,-10.606,-42.825,-29.995
354.703,return,-10.584,-42.731,-29.995
354.738,return,-10.561,-42.638,-29.995
354.769,return,-10.538,-42.544,-29.995
354.803,return,-10.515,-42.451,-29.994
354.838,return,-10.487,-42.334,-29.994
354.869,return,-10.464,-42.240,-29.994
354.903,return,-10.442,-42.147,-29.994
354.938,return,-10.419,-42.053,-29.995
354.969,return,-10.397,-41.960,-29.995
355.003,return,-10.374,-41.866,-29.995
355.037,return,-10.346,-41.749,-29.995
355.069,return,-10.324,-41.655,-29.996
355.104,return,-10.301,-41.562,-29.996
355.138,return,-10.279,-41.469,-29.996
355.169,return,-10.256,-41.375,-29.997
355.203,return,-10.234,-41.282,-29.997
355.239,return,-10.205,-41.165,-29.997
355.271,return,-10.183,-41.072,-29.997
355.305,return,-10.160,-40.979,-29.997
355.339,return,-10.137,-40.886,-29.997
355.371,return,-10.115,-40.794,-29.997
355.405,return,-10.092,-40.701,-29.997
355.439,return,-10.064,-40.585,-29.997
355.471,return,-10.041,-40.493,-29.997
355.505,return,-10.019,-40.401,-29.997
355.539,return,-9.996,-40.308,-29.997
355.571,return,-9.974,-40.216,-29.997
355.605,return,-9.952,-40.124,-29.997
355.639,return,-9.925,-40.009,-29.997
355.671,return,-9.903,-39.916,-29.997
355.705,return,-9.881,-39.824,-29.997
355.739,return,-9.859,-39.732,-29.997
355.771,return,-9.837,-39.640,-29.997
355.805,return,-9.816,-39.547,-29.997
355.839,return,-9.789,-39.432,-29.997
355.871,return,-9.767,-39.339,-29.997
355.905,return,-9.746,-39.247,-29.996
355.939,return,-9.724,-39.155,-29.996
355.971,return,-9.703,-39.062,-29.996
356.005,return,-9.681,-38.969,-29.995
356.039,return,-9.654,-38.854,-29.995
356.071,return,-9.633,-38.761,-29.994
356.105,return,-9.611,-38.668,-29.993
356.139,return,-9.590,-38.576,-29.992
356.171,return,-9.568,-38.483,-29.992
356.205,return,-9.546,-38.390,-29.991
356.239,return,-9.519,-38.274,-29.990
356.271,return,-9.497,-38.181,-29.989
356.305,return,-9.475,-38.089,-29.988
356.339,return,-9.453,-37.996,-29.988
356.371,return,-9.430,-37.903,-29.987
356.405,return,-9.408,-37.810,-29.987
356.439,return,-9.379,-37.694,-29.987
356.471,return,-9.357,-37.601,-29.986
356.505,return,-9.334,-37.508,-29.986
356.539,return,-9.311,-37.415,-29.986
356.571,return,-9.288,-37.322,-29.986
356.605,return,-9.265,-37.229,-29.987
356.639,return,-9.236,-37.113,-29.987
356.671,return,-9.213,-37.020,-29.987
356.705,return,-9.190,-36.928,-29.988
356.739,return,-9.166,-36.835,-29.988
356.771,return,-9.142,-36.742,-29.989
356.805,return,-9.119,-36.650,-29.989
356.839,return,-9.089,-36.534,-29.990
356.871,return,-9.065,-36.441,-29.991
356.905,return,-9.042,-36.349,-29.991
356.939,return,-9.018,-36.256,-29.992
356.971,return,-8.994,-36.164,-29.992
357.005,return,-8.970,-36.071,-29.992
357.040,return,-8.940,-35.955,-29.993
357.072,return,-8.917,-35.862,-29.994
357.106,return,-8.893,-35.770,-29.994
357.140,return,-8.869,-35.677,-29.994
357.172,return,-8.846,-35.584,-29.995
357.206,return,-8.822,-35.491,-29.995
357.240,return,-8.793,-35.375,-29.996
357.272,return,-8.769,-35.282,-29.996
357.306,return,-8.746,-35.189,-29.997
357.340,return,-8.722,-35.097,-29.997
357.372,return,-8.698,-35.004,-29.998
357.406,return,-8.675,-34.911,-29.998
357.440,return,-8.645,-34.795,-29.999
357.472,return,-8.621,-34.703,-29.999
357.506,return,-8.598,-34.610,-29.999
357.541,return,-8.574,-34.518,-30.000
357.574,return,-8.550,-34.425,-30.000
357.609,return,-8.527,-34.333,-30.000
357.643,return,-8.497,-34.218,-30.000
357.674,return,-8.474,-34.126,-30.000
357.709,return,-8.450,-34.034,-30.000
357.743,return,-8.427,-33.942,-30.000
357.774,return,-8.404,-33.851,-30.000
357.809,return,-8.381,-33.759,-30.001
357.843,return,-8.352,-33.644,-30.001
357.874,return,-8.329,-33.553,-30.001
357.909,return,-8.306,-33.461,-30.001
357.943,return,-8.283,-33.369,-30.002
357.975,return,-8.260,-33.277,-30.002
358.009,return,-8.237,-33.186,-30.002
358.044,return,-8.209,-33.071,-30.002
358.076,return,-8.186,-32.979,-30.003
358.110,return,-8.163,-32.887,-30.003
358.145,return,-8.140,-32.794,-30.003
358.177,return,-8.117,-32.702,-30.003
358.211,return,-8.095,-32.610,-30.004
358.245,return,-8.066,-32.495,-30.004
358.277,return,-8.043,-32.402,-30.004
358.311,return,-8.020,-32.309,-30.005
358.345,return,-7.997,-32.217,-30.005
358.377,return,-7.974,-32.124,-30.005
358.411,return,-7.951,-32.032,-30.006
358.445,return,-7.923,-31.916,-30.006
358.477,return,-7.900,-31.824,-30.006
358.511,return,-7.877,-31.731,-30.006
358.545,return,-7.854,-31.638,-30.007
358.577,return,-7.830,-31.546,-30.007
358.611,return,-7.807,-31.453,-30.007
358.645,return,-7.778,-31.337,-30.007
358.677,return,-7.755,-31.245,-30.007
358.711,return,-7.731,-31.152,-30.007
358.745,return,-7.708,-31.059,-30.007
358.777,return,-7.684,-30.967,-30.007
358.811,return,-7.661,-30.874,-30.007
358.845,return,-7.631,-30.758,-30.008
358.877,return,-7.607,-30.665,-30.008
358.911,return,-7.584,-30.572,-30.007
358.945,return,-7.560,-30.479,-30.007
358.977,return,-7.536,-30.386,-30.007
359.011,return,-7.512,-30.293,-30.007
359.045,return,-7.482,-30.177,-30.007
359.077,return,-7.458,-30.084,-30.007
359.111,return,-7.434,-29.991,-30.007
359.145,return,-7.410,-29.898,-30.007
359.177,return,-7.386,-29.805,-30.007
359.211,return,-7.362,-29.712,-30.007
359.245,return,-7.332,-29.596,-30.007
359.277,return,-7.308,-29.504,-30.007
359.311,return,-7.284,-29.411,-30.007
359.345,return,-7.260,-29.318,-30.007
359.377,return,-7.236,-29.226,-30.007
359.411,return,-7.212,-29.133,-30.007
359.445,return,-7.182,-29.018,-30.007
359.477,return,-7.158,-28.925,-30.007
359.511,return,-7.134,-28.832,-30.007
359.545,return,-7.111,-28.740,-30.008
359.577,return,-7.087,-28.647,-30.008
359.611,return,-7.063,-28.555,-30.008
359.645,return,-7.034,-28.439,-30.008
359.677,return,-7.010,-28.346,-30.008
359.711,return,-6.987,-28.253,-30.008
359.745,return,-6.963,-28.161,-30.008
359.777,return,-6.939,-28.068,-30.008
359.811,return,-6.916,-27.975,-30.008
359.845,return,-6.886,-27.859,-30.008
359.877,return,-6.863,-27.767,-30.008
359.911,return,-6.840,-27.674,-30.008
359.945,return,-6.816,-27.581,-30.008
359.977,return,-6.793,-27.488,-30.008
360.011,return,-6.770,-27.395,-30.008
360.045,return,-6.741,-27.279,-30.008
360.077,return,-6.718,-27.187,-30.007
360.111,return,-6.695,-27.094,-30.007
360.145,return,-6.672,-27.001,-30.006
360.177,return,-6.649,-26.908,-30.006
360.211,return,-6.626,-26.816,-30.005
360.245,return,-6.598,-26.700,-30.004
360.277,return,-6.575,-26.607,-30.004
360.311,return,-6.552,-26.514,-30.003
360.345,return,-6.529,-26.421,-30.003
360.377,return,-6.506,-26.328,-30.002
360.411,return,-6.483,-26.235,-30.001
360.445,return,-6.455,-26.118,-30.001
360.477,return,-6.432,-26.025,-30.000
360.511,return,-6.409,-25.932,-30.000
360.545,return,-6.386,-25.838,-29.999
360.577,return,-6.363,-25.745,-29.999
360.611,return,-6.340,-25.652,-29.999
360.645,return,-6.311,-25.536,-29.999
360.677,return,-6.287,-25.443,-29.999
360.711,return,-6.264,-25.350,-29.999
360.745,return,-6.241,-25.257,-29.999
360.777,return,-6.218,-25.163,-29.999
360.811,return,-6.195,-25.070,-29.998
360.845,return,-6.165,-24.954,-29.998
360.877,return,-6.142,-24.861,-29.999
360.911,return,-6.119,-24.768,-29.999
360.945,return,-6.095,-24.675,-29.999
360.977,return,-6.072,-24.582,-29.999
361.011,return,-6.048,-24.488,-29.999
361.045,return,-6.019,-24.372,-29.999
361.077,return,-5.996,-24.279,-30.000
361.111,return,-5.972,-24.186,-30.000
361.145,return,-5.949,-24.093,-30.001
361.177,return,-5.926,-24.000,-30.001
361.211,return,-5.903,-23.908,-30.002
361.246,return,-5.874,-23.791,-30.002
361.278,return,-5.852,-23.699,-30.003
361.312,return,-5.829,-23.606,-30.003
361.346,return,-5.806,-23.513,-30.004
361.378,return,-5.783,-23.419,-30.004
361.412,return,-5.760,-23.326,-30.005
361.446,return,-5.732,-23.210,-30.005
361.478,return,-5.709,-23.117,-30.006
361.512,return,-5.687,-23.024,-30.006
361.546,return,-5.664,-22.930,-30.006
361.578,return,-5.641,-22.837,-30.007
361.612,return,-5.619,-22.744,-30.007
361.646,return,-5.591,-22.627,-30.007
361.678,return,-5.568,-22.534,-30.007
361.712,return,-5.545,-22.440,-30.007
361.746,return,-5.523,-22.347,-30.007
361.778,return,-5.500,-22.254,-30.007
361.812,return,-5.478,-22.160,-30.007
361.846,return,-5.450,-22.044,-30.007
361.878,return,-5.427,-21.950,-30.007
361.912,return,-5.405,-21.857,-30.006
361.946,return,-5.382,-21.764,-30.006
361.978,return,-5.360,-21.670,-30.006
362.012,return,-5.337,-21.577,-30.005
362.046,return,-5.309,-21.461,-30.005
362.078,return,-5.287,-21.368,-30.005
362.112,return,-5.264,-21.275,-30.004
362.146,return,-5.241,-21.182,-30.004
362.178,return,-5.218,-21.089,-30.003
362.212,return,-5.196,-20.996,-30.003
362.246,return,-5.167,-20.880,-30.002
362.278,return,-5.144,-20.787,-30.002
362.312,return,-5.122,-20.694,-30.001
362.346,return,-5.099,-20.601,-30.001
362.378,return,-5.076,-20.508,-30.000
362.412,return,-5.053,-20.416,-30.000
362.446,return,-5.024,-20.300,-30.000
362.479,return,-5.001,-20.207,-29.999
362.513,return,-4.978,-20.114,-29.999
362.547,return,-4.956,-20.021,-29.999
362.580,return,-4.933,-19.928,-29.999
362.617,return,-4.910,-19.836,-29.999
362.651,return,-4.881,-19.720,-29.999
362.683,return,-4.858,-19.627,-30.000
362.717,return,-4.836,-19.535,-30.000
362.751,return,-4.813,-19.442,-30.000
362.783,return,-4.790,-19.349,-30.000
362.817,return,-4.768,-19.257,-30.001
362.851,return,-4.739,-19.141,-30.001
362.883,return,-4.717,-19.049,-30.002
362.917,return,-4.694,-18.956,-30.002
362.951,return,-4.672,-18.863,-30.003
362.983,return,-4.649,-18.770,-30.003
363.018,return,-4.621,-18.654,-30.004
363.050,return,-4.599,-18.561,-30.004
363.084,return,-4.576,-18.468,-30.005
363.118,return,-4.554,-18.375,-30.005
363.150,return,-4.532,-18.282,-30.006
363.184,return,-4.510,-18.189,-30.006
363.218,return,-4.482,-18.072,-30.006
363.250,return,-4.460,-17.979,-30.006
363.284,return,-4.438,-17.886,-30.006
363.318,return,-4.416,-17.794,-30.005
363.350,return,-4.394,-17.701,-30.005
363.384,return,-4.372,-17.608,-30.005
363.418,return,-4.345,-17.492,-30.004
363.450,return,-4.323,-17.399,-30.004
363.484,return,-4.301,-17.306,-30.003
363.518,return,-4.279,-17.214,-30.003
363.550,return,-4.257,-17.121,-30.003
363.584,return,-4.235,-17.028,-30.002
363.618,return,-4.207,-16.913,-30.002
363.650,return,-4.185,-16.820,-30.002
363.684,return,-4.163,-16.728,-30.001
363.718,return,-4.142,-16.636,-30.001
363.750,return,-4.120,-16.543,-30.001
363.784,return,-4.098,-16.451,-30.001
363.818,return,-4.071,-16.336,-30.001
363.850,return,-4.049,-16.244,-30.001
363.884,return,-4.027,-16.152,-30.001
363.918,return,-4.005,-16.060,-30.001
363.950,return,-3.984,-15.968,-30.001
363.984,return,-3.962,-15.876,-30.001
364.018,return,-3.934,-15.761,-30.001
364.050,return,-3.913,-15.670,-30.001
364.084,return,-3.890,-15.578,-30.001
364.118,return,-3.868,-15.486,-30.001
364.150,return,-3.846,-15.395,-30.002
364.184,return,-3.824,-15.303,-30.002
364.218,return,-3.796,-15.188,-30.002
364.250,return,-3.774,-15.097,-30.002
364.284,return,-3.752,-15.005,-30.002
364.318,return,-3.729,-14.913,-30.003
364.351,return,-3.707,-14.821,-30.003
364.385,return,-3.685,-14.729,-30.004
364.419,return,-3.656,-14.614,-30.004
364.451,return,-3.634,-14.522,-30.005
364.485,return,-3.611,-14.430,-30.006
364.519,return,-3.588,-14.338,-30.006
364.551,return,-3.565,-14.246,-30.007
364.585,return,-3.542,-14.154,-30.008
364.619,return,-3.513,-14.039,-30.009
364.651,return,-3.490,-13.947,-30.009
364.685,return,-3.467,-13.855,-30.010
364.719,return,-3.443,-13.763,-30.011
364.751,return,-3.419,-13.672,-30.011
364.785,return,-3.396,-13.580,-30.012
364.819,return,-3.366,-13.465,-30.012
364.851,return,-3.342,-13.373,-30.013
364.885,return,-3.318,-13.281,-30.013
364.919,return,-3.294,-13.189,-30.014
364.951,return,-3.270,-13.097,-30.014
364.985,return,-3.246,-13.005,-30.015
365.019,return,-3.216,-12.890,-30.015
365.051,return,-3.193,-12.798,-30.016
365.085,return,-3.169,-12.706,-30.016
365.119,return,-3.145,-12.614,-30.017
365.151,return,-3.122,-12.522,-30.017
365.185,return,-3.098,-12.430,-30.017
365.219,return,-3.069,-12.315,-30.017
365.251,return,-3.046,-12.223,-30.018
365.285,return,-3.023,-12.131,-30.018
365.319,return,-3.000,-12.039,-30.018
365.351,return,-2.977,-11.947,-30.018
365.385,return,-2.954,-11.855,-30.018
365.419,return,-2.925,-11.740,-30.018
365.451,return,-2.902,-11.648,-30.018
365.485,return,-2.880,-11.556,-30.018
365.519,return,-2.857,-11.464,-30.018
365.551,return,-2.834,-11.371,-30.017
365.585,return,-2.811,-11.279,-30.017
365.619,return,-2.782,-11.164,-30.017
365.651,return,-2.759,-11.072,-30.017
365.685,return,-2.736,-10.980,-30.017
365.719,return,-2.713,-10.887,-30.017
365.751,return,-2.690,-10.795,-30.017
365.785,return,-2.667,-10.703,-30.017
365.819,return,-2.638,-10.587,-30.017
365.851,return,-2.615,-10.495,-30.016
365.885,return,-2.591,-10.402,-30.016
365.919,return,-2.568,-10.310,-30.016
365.951,return,-2.544,-10.218,-30.016
365.985,return,-2.521,-10.126,-30.015
366.019,return,-2.492,-10.011,-30.015
366.051,return,-2.468,-9.918,-30.014
366.085,return,-2.444,-9.826,-30.014
366.119,return,-2.421,-9.733,-30.014
366.151,return,-2.397,-9.641,-30.013
366.185,return,-2.373,-9.548,-30.013
366.219,return,-2.344,-9.432,-30.012
366.251,return,-2.320,-9.339,-30.011
366.285,return,-2.296,-9.247,-30.011
366.319,return,-2.273,-9.154,-30.010
366.351,return,-2.250,-9.061,-30.010
366.385,return,-2.226,-8.968,-30.009
366.419,return,-2.197,-8.852,-30.008
366.451,return,-2.174,-8.759,-30.008
366.485,return,-2.151,-8.666,-30.007
366.519,return,-2.128,-8.573,-30.006
366.551,return,-2.105,-8.480,-30.005
366.585,return,-2.081,-8.388,-30.005
366.619,return,-2.052,-8.272,-30.003
366.651,return,-2.029,-8.179,-30.002
366.685,return,-2.006,-8.087,-30.001
366.719,return,-1.983,-7.995,-30.000
366.751,return,-1.959,-7.902,-29.999
366.785,return,-1.936,-7.810,-29.998
366.819,return,-1.907,-7.695,-29.996
366.851,return,-1.884,-7.602,-29.995
366.885,return,-1.860,-7.510,-29.994
366.919,return,-1.837,-7.418,-29.993
366.951,return,-1.813,-7.326,-29.992
366.985,return,-1.790,-7.234,-29.991
367.019,return,-1.760,-7.120,-29.989
367.051,return,-1.737,-7.028,-29.989
367.085,return,-1.713,-6.936,-29.988
367.119,return,-1.690,-6.843,-29.988
367.151,return,-1.666,-6.751,-29.987
367.185,return,-1.643,-6.659,-29.987
367.219,return,-1.614,-6.544,-29.987
367.251,return,-1.590,-6.452,-29.987
367.285,return,-1.567,-6.359,-29.987
367.320,return,-1.544,-6.267,-29.987
367.352,return,-1.520,-6.174,-29.987
367.386,return,-1.497,-6.081,-29.988
367.420,return,-1.468,-5.965,-29.988
367.452,return,-1.445,-5.872,-29.988
367.486,return,-1.422,-5.778,-29.989
367.520,return,-1.399,-5.685,-29.989
367.553,return,-1.376,-5.591,-29.989
367.587,return,-1.353,-5.498,-29.989
367.621,return,-1.325,-5.381,-29.990
367.655,return,-1.302,-5.287,-29.990
367.689,return,-1.279,-5.194,-29.990
367.723,return,-1.257,-5.100,-29.990
367.755,return,-1.234,-5.007,-29.990
367.789,return,-1.211,-4.914,-29.990
367.823,return,-1.182,-4.797,-29.990
367.856,return,-1.160,-4.704,-29.990
367.890,return,-1.137,-4.611,-29.990
367.924,return,-1.114,-4.518,-29.990
367.956,return,-1.091,-4.425,-29.990
367.990,return,-1.068,-4.332,-29.990
368.024,return,-1.039,-4.216,-29.990
368.057,return,-1.015,-4.123,-29.990
368.091,return,-0.992,-4.030,-29.990
368.125,return,-0.969,-3.937,-29.990
368.157,return,-0.946,-3.844,-29.991
368.191,return,-0.923,-3.751,-29.991
368.225,return,-0.894,-3.635,-29.991
368.257,return,-0.871,-3.542,-29.992
368.291,return,-0.848,-3.449,-29.992
368.325,return,-0.825,-3.356,-29.993
368.357,return,-0.802,-3.262,-29.993
368.391,return,-0.779,-3.169,-29.994
368.425,return,-0.750,-3.052,-29.994
368.457,return,-0.727,-2.959,-29.995
368.491,return,-0.704,-2.866,-29.995
