elapsed_sec,phase,north_m,east_m,down_m
0.016,takeoff,-0.008,-0.006,-0.019
0.050,takeoff,-0.007,-0.007,-0.018
0.083,takeoff,-0.007,-0.007,-0.017
0.117,takeoff,-0.006,-0.007,-0.017
0.151,takeoff,-0.006,-0.008,-0.016
0.185,takeoff,-0.006,-0.008,-0.016
0.219,takeoff,-0.005,-0.009,-0.015
0.253,takeoff,-0.005,-0.009,-0.015
0.285,takeoff,-0.005,-0.010,-0.014
0.319,takeoff,-0.005,-0.010,-0.013
0.353,takeoff,-0.005,-0.011,-0.013
0.386,takeoff,-0.005,-0.012,-0.012
0.420,takeoff,-0.005,-0.012,-0.011
0.454,takeoff,-0.006,-0.012,-0.010
0.487,takeoff,-0.006,-0.013,-0.009
0.521,takeoff,-0.007,-0.013,-0.008
0.556,takeoff,-0.007,-0.013,-0.007
0.588,takeoff,-0.008,-0.013,-0.006
0.622,takeoff,-0.008,-0.013,-0.005
0.656,takeoff,-0.008,-0.013,-0.004
0.688,takeoff,-0.008,-0.013,-0.002
0.722,takeoff,-0.008,-0.013,-0.001
0.757,takeoff,-0.008,-0.013,0.000
0.788,takeoff,-0.008,-0.013,0.002
0.823,takeoff,-0.009,-0.013,0.003
0.856,takeoff,-0.009,-0.013,0.004
0.888,takeoff,-0.009,-0.013,0.005
0.922,takeoff,-0.010,-0.013,0.007
0.956,takeoff,-0.010,-0.013,0.008
0.990,takeoff,-0.011,-0.013,0.009
1.024,takeoff,-0.011,-0.013,0.011
1.059,takeoff,-0.012,-0.013,0.012
1.091,takeoff,-0.012,-0.013,0.013
1.125,takeoff,-0.013,-0.013,0.015
1.159,takeoff,-0.013,-0.013,0.016
1.191,takeoff,-0.014,-0.013,0.017
1.225,takeoff,-0.015,-0.013,0.018
1.259,takeoff,-0.015,-0.013,0.019
1.291,takeoff,-0.016,-0.013,0.020
1.325,takeoff,-0.017,-0.012,0.021
1.360,takeoff,-0.018,-0.012,0.022
1.391,takeoff,-0.019,-0.012,0.024
1.425,takeoff,-0.020,-0.011,0.025
1.459,takeoff,-0.021,-0.011,0.026
1.491,takeoff,-0.022,-0.010,0.027
1.525,takeoff,-0.023,-0.010,0.028
1.559,takeoff,-0.024,-0.009,0.029
1.591,takeoff,-0.025,-0.009,0.029
1.625,takeoff,-0.026,-0.008,0.030
1.660,takeoff,-0.027,-0.008,0.030
1.691,takeoff,-0.028,-0.008,0.030
1.725,takeoff,-0.028,-0.007,0.031
1.760,takeoff,-0.029,-0.007,0.031
1.791,takeoff,-0.029,-0.007,0.031
1.825,takeoff,-0.030,-0.007,0.031
1.860,takeoff,-0.030,-0.007,0.030
1.891,takeoff,-0.030,-0.007,0.030
1.925,takeoff,-0.030,-0.008,0.030
1.960,takeoff,-0.030,-0.008,0.029
1.992,takeoff,-0.030,-0.009,0.029
2.027,takeoff,-0.029,-0.009,0.028
2.061,takeoff,-0.029,-0.010,0.028
2.092,takeoff,-0.029,-0.010,0.027
2.127,takeoff,-0.028,-0.011,0.026
2.160,takeoff,-0.028,-0.012,0.025
2.192,takeoff,-0.028,-0.012,0.024
2.227,takeoff,-0.028,-0.013,0.020
2.261,takeoff,-0.028,-0.014,0.016
2.293,takeoff,-0.029,-0.015,0.009
2.327,takeoff,-0.029,-0.015,-0.001
2.361,takeoff,-0.029,-0.016,-0.012
2.392,takeoff,-0.029,-0.016,-0.026
2.427,takeoff,-0.030,-0.015,-0.041
2.461,takeoff,-0.030,-0.014,-0.060
2.492,takeoff,-0.030,-0.013,-0.080
2.526,takeoff,-0.030,-0.011,-0.110
2.561,takeoff,-0.029,-0.008,-0.137
2.592,takeoff,-0.029,-0.006,-0.166
2.626,takeoff,-0.029,-0.003,-0.198
2.661,takeoff,-0.028,0.001,-0.233
2.692,takeoff,-0.028,0.005,-0.270
2.727,takeoff,-0.027,0.010,-0.320
2.762,takeoff,-0.026,0.014,-0.362
2.797,takeoff,-0.024,0.019,-0.408
2.845,takeoff,-0.023,0.023,-0.456
2.898,takeoff,-0.022,0.028,-0.506
2.930,takeoff,-0.020,0.033,-0.559
2.968,takeoff,-0.018,0.039,-0.629
3.002,takeoff,-0.016,0.043,-0.687
3.034,takeoff,-0.015,0.048,-0.748
3.069,takeoff,-0.013,0.052,-0.811
3.103,takeoff,-0.011,0.057,-0.877
3.135,takeoff,-0.009,0.061,-0.944
3.170,takeoff,-0.007,0.065,-1.033
3.204,takeoff,-0.005,0.068,-1.106
3.237,takeoff,-0.003,0.072,-1.181
3.274,takeoff,-0.001,0.074,-1.258
3.311,takeoff,0.001,0.077,-1.337
3.343,takeoff,0.002,0.079,-1.417
3.380,takeoff,0.004,0.081,-1.519
3.414,takeoff,0.006,0.082,-1.601
3.448,takeoff,0.007,0.083,-1.683
3.482,takeoff,0.008,0.084,-1.767
3.516,takeoff,0.009,0.084,-1.850
3.548,takeoff,0.010,0.084,-1.934
3.584,takeoff,0.010,0.084,-2.040
3.617,takeoff,0.011,0.084,-2.124
3.649,takeoff,0.011,0.083,-2.209
3.683,takeoff,0.011,0.082,-2.293
3.717,takeoff,0.010,0.082,-2.378
3.751,takeoff,0.010,0.081,-2.463
3.785,takeoff,0.009,0.079,-2.570
3.821,takeoff,0.008,0.078,-2.655
3.854,takeoff,0.007,0.077,-2.740
3.888,takeoff,0.005,0.075,-2.825
3.923,takeoff,0.003,0.074,-2.911
3.955,takeoff,0.001,0.073,-2.996
3.989,takeoff,-0.001,0.071,-3.103
4.024,takeoff,-0.004,0.069,-3.189
4.057,takeoff,-0.006,0.068,-3.275
4.092,takeoff,-0.009,0.067,-3.361
4.126,takeoff,-0.012,0.065,-3.447
4.158,takeoff,-0.016,0.064,-3.533
4.192,takeoff,-0.020,0.062,-3.641
4.226,takeoff,-0.024,0.061,-3.728
4.259,takeoff,-0.028,0.060,-3.815
4.293,takeoff,-0.032,0.059,-3.902
4.328,takeoff,-0.036,0.058,-3.989
4.361,takeoff,-0.040,0.057,-4.076
4.395,takeoff,-0.046,0.056,-4.185
4.431,takeoff,-0.050,0.055,-4.273
4.463,takeoff,-0.054,0.055,-4.361
4.499,takeoff,-0.059,0.054,-4.449
4.533,takeoff,-0.063,0.054,-4.537
4.565,takeoff,-0.067,0.053,-4.625
4.599,takeoff,-0.072,0.053,-4.735
4.633,takeoff,-0.076,0.052,-4.823
4.666,takeoff,-0.080,0.052,-4.911
4.700,takeoff,-0.084,0.052,-5.000
4.734,takeoff,-0.088,0.051,-5.088
4.768,takeoff,-0.091,0.051,-5.177
4.801,takeoff,-0.095,0.051,-5.288
4.837,takeoff,-0.098,0.050,-5.377
4.870,takeoff,-0.101,0.049,-5.466
4.904,takeoff,-0.103,0.049,-5.555
4.938,takeoff,-0.106,0.048,-5.645
4.970,takeoff,-0.108,0.047,-5.734
5.005,takeoff,-0.110,0.046,-5.846
5.039,takeoff,-0.113,0.045,-5.936
5.071,takeoff,-0.114,0.043,-6.026
5.106,takeoff,-0.116,0.042,-6.116
5.140,takeoff,-0.118,0.041,-6.206
5.172,takeoff,-0.119,0.040,-6.296
5.206,takeoff,-0.121,0.038,-6.409
5.240,takeoff,-0.122,0.036,-6.499
5.273,takeoff,-0.123,0.035,-6.590
5.307,takeoff,-0.124,0.033,-6.680
5.342,takeoff,-0.125,0.031,-6.771
5.374,takeoff,-0.126,0.029,-6.861
5.408,takeoff,-0.127,0.027,-6.974
5.442,takeoff,-0.127,0.025,-7.065
5.474,takeoff,-0.128,0.023,-7.156
5.508,takeoff,-0.128,0.020,-7.246
5.542,takeoff,-0.128,0.018,-7.337
5.574,takeoff,-0.128,0.016,-7.428
5.608,takeoff,-0.128,0.013,-7.541
5.642,takeoff,-0.128,0.011,-7.632
5.675,takeoff,-0.128,0.008,-7.723
5.709,takeoff,-0.128,0.006,-7.814
5.743,takeoff,-0.128,0.004,-7.904
5.776,takeoff,-0.127,0.001,-7.995
5.810,takeoff,-0.127,-0.002,-8.109
5.844,takeoff,-0.126,-0.004,-8.200
5.876,takeoff,-0.125,-0.006,-8.291
5.910,takeoff,-0.125,-0.009,-8.382
5.944,takeoff,-0.124,-0.011,-8.473
5.976,takeoff,-0.123,-0.013,-8.564
6.010,takeoff,-0.122,-0.016,-8.678
6.044,takeoff,-0.121,-0.018,-8.770
6.076,takeoff,-0.119,-0.021,-8.861
6.110,takeoff,-0.118,-0.023,-8.953
6.147,takeoff,-0.117,-0.026,-9.045
6.179,takeoff,-0.116,-0.029,-9.136
6.213,takeoff,-0.114,-0.032,-9.251
6.247,takeoff,-0.112,-0.035,-9.343
6.279,takeoff,-0.110,-0.038,-9.435
6.313,takeoff,-0.109,-0.040,-9.527
6.347,takeoff,-0.107,-0.043,-9.619
6.380,takeoff,-0.104,-0.045,-9.711
6.414,takeoff,-0.101,-0.049,-9.826
6.448,takeoff,-0.099,-0.051,-9.919
6.480,takeoff,-0.096,-0.053,-10.011
6.514,takeoff,-0.094,-0.055,-10.103
6.548,takeoff,-0.092,-0.057,-10.195
6.580,takeoff,-0.089,-0.059,-10.287
6.614,takeoff,-0.086,-0.060,-10.403
6.648,takeoff,-0.084,-0.062,-10.495
6.680,takeoff,-0.081,-0.063,-10.587
6.714,takeoff,-0.079,-0.065,-10.679
6.748,takeoff,-0.077,-0.066,-10.771
6.781,takeoff,-0.075,-0.067,-10.864
6.815,takeoff,-0.073,-0.068,-10.979
6.849,takeoff,-0.071,-0.069,-11.071
6.881,takeoff,-0.069,-0.070,-11.163
6.915,takeoff,-0.068,-0.071,-11.256
6.949,takeoff,-0.066,-0.072,-11.348
6.982,takeoff,-0.064,-0.073,-11.441
7.017,takeoff,-0.061,-0.074,-11.556
7.057,takeoff,-0.059,-0.075,-11.649
7.092,takeoff,-0.057,-0.076,-11.742
7.127,takeoff,-0.055,-0.077,-11.835
7.161,takeoff,-0.053,-0.078,-11.928
7.193,takeoff,-0.051,-0.079,-12.021
7.227,takeoff,-0.049,-0.080,-12.137
7.261,takeoff,-0.047,-0.081,-12.230
7.293,takeoff,-0.046,-0.081,-12.323
7.327,takeoff,-0.044,-0.082,-12.416
7.361,takeoff,-0.043,-0.082,-12.509
7.393,takeoff,-0.041,-0.083,-12.603
7.427,takeoff,-0.040,-0.084,-12.719
7.463,takeoff,-0.038,-0.084,-12.813
7.495,takeoff,-0.037,-0.084,-12.906
7.529,takeoff,-0.035,-0.084,-12.999
7.563,takeoff,-0.034,-0.085,-13.093
7.595,takeoff,-0.032,-0.085,-13.187
7.629,takeoff,-0.031,-0.085,-13.304
7.663,takeoff,-0.029,-0.085,-13.397
7.695,takeoff,-0.028,-0.084,-13.491
7.729,takeoff,-0.026,-0.084,-13.585
7.763,takeoff,-0.025,-0.084,-13.678
7.796,takeoff,-0.024,-0.083,-13.772
7.830,takeoff,-0.022,-0.082,-13.889
7.871,takeoff,-0.021,-0.082,-13.983
7.929,takeoff,-0.019,-0.081,-14.077
7.994,takeoff,-0.018,-0.080,-14.171
8.051,takeoff,-0.016,-0.079,-14.265
8.107,takeoff,-0.015,-0.078,-14.359
8.194,takeoff,-0.013,-0.077,-14.453
8.265,takeoff,-0.011,-0.076,-14.571
8.304,takeoff,-0.010,-0.075,-14.665
8.339,takeoff,-0.008,-0.074,-14.759
8.391,takeoff,-0.006,-0.073,-14.853
8.427,takeoff,-0.005,-0.071,-14.947
8.475,takeoff,-0.003,-0.070,-15.042
8.512,takeoff,-0.002,-0.068,-15.160
8.549,takeoff,-0.000,-0.067,-15.254
8.581,takeoff,0.001,-0.066,-15.349
8.624,takeoff,0.003,-0.064,-15.443
8.658,takeoff,0.004,-0.063,-15.538
8.690,takeoff,0.005,-0.061,-15.633
8.724,takeoff,0.007,-0.059,-15.751
8.759,takeoff,0.008,-0.058,-15.846
8.791,takeoff,0.009,-0.056,-15.941
8.826,takeoff,0.010,-0.055,-16.036
8.864,takeoff,0.011,-0.053,-16.130
8.904,takeoff,0.012,-0.052,-16.225
8.941,takeoff,0.013,-0.050,-16.343
8.975,takeoff,0.014,-0.048,-16.438
9.007,takeoff,0.015,-0.046,-16.532
9.041,takeoff,0.015,-0.044,-16.627
9.075,takeoff,0.016,-0.042,-16.722
9.107,takeoff,0.017,-0.040,-16.816
9.141,takeoff,0.018,-0.038,-16.934
9.175,takeoff,0.018,-0.036,-17.029
9.207,takeoff,0.019,-0.034,-17.124
9.241,takeoff,0.020,-0.032,-17.218
9.275,takeoff,0.020,-0.029,-17.313
9.307,takeoff,0.021,-0.027,-17.407
9.341,takeoff,0.021,-0.024,-17.525
9.375,takeoff,0.021,-0.022,-17.620
9.412,takeoff,0.021,-0.020,-17.714
9.454,takeoff,0.022,-0.018,-17.809
9.488,takeoff,0.022,-0.016,-17.903
9.523,takeoff,0.022,-0.013,-18.021
9.558,takeoff,0.022,-0.011,-18.116
9.589,takeoff,0.022,-0.009,-18.210
9.624,takeoff,0.022,-0.006,-18.305
9.658,takeoff,0.023,-0.004,-18.400
9.690,takeoff,0.023,-0.002,-18.495
9.724,takeoff,0.023,0.000,-18.613
9.758,takeoff,0.023,0.002,-18.708
9.790,takeoff,0.023,0.004,-18.803
9.824,takeoff,0.023,0.006,-18.897
9.858,takeoff,0.023,0.008,-18.992
9.890,takeoff,0.023,0.010,-19.087
9.924,takeoff,0.022,0.012,-19.205
9.958,takeoff,0.022,0.013,-19.300
9.990,takeoff,0.021,0.014,-19.395
10.024,takeoff,0.021,0.016,-19.490
10.058,takeoff,0.020,0.017,-19.584
10.091,takeoff,0.019,0.018,-19.679
10.127,takeoff,0.018,0.020,-19.797
10.162,takeoff,0.016,0.021,-19.892
10.197,takeoff,0.015,0.022,-19.987
10.231,takeoff,0.014,0.024,-20.082
10.267,takeoff,0.013,0.025,-20.176
10.299,takeoff,0.011,0.026,-20.271
10.333,takeoff,0.009,0.027,-20.390
10.367,takeoff,0.008,0.028,-20.485
10.399,takeoff,0.006,0.029,-20.579
10.433,takeoff,0.004,0.029,-20.674
10.467,takeoff,0.002,0.030,-20.769
10.499,takeoff,0.001,0.031,-20.864
10.533,takeoff,-0.002,0.031,-20.982
10.567,takeoff,-0.004,0.032,-21.077
10.599,takeoff,-0.006,0.032,-21.172
10.633,takeoff,-0.008,0.033,-21.267
10.667,takeoff,-0.009,0.033,-21.362
10.699,takeoff,-0.011,0.034,-21.456
10.733,takeoff,-0.013,0.034,-21.575
10.768,takeoff,-0.015,0.035,-21.670
10.800,takeoff,-0.017,0.035,-21.765
10.836,takeoff,-0.019,0.035,-21.859
10.869,takeoff,-0.020,0.035,-21.954
10.901,takeoff,-0.022,0.036,-22.049
10.936,takeoff,-0.024,0.036,-22.167
10.970,takeoff,-0.026,0.036,-22.262
11.003,takeoff,-0.027,0.036,-22.357
11.036,takeoff,-0.029,0.035,-22.452
11.070,takeoff,-0.030,0.035,-22.546
11.102,takeoff,-0.031,0.035,-22.641
11.136,takeoff,-0.033,0.035,-22.760
11.170,takeoff,-0.034,0.035,-22.855
11.202,takeoff,-0.035,0.034,-22.950
11.237,takeoff,-0.037,0.034,-23.044
11.270,takeoff,-0.038,0.034,-23.139
11.302,takeoff,-0.038,0.034,-23.234
11.336,takeoff,-0.039,0.033,-23.353
11.370,takeoff,-0.039,0.033,-23.447
11.402,takeoff,-0.040,0.033,-23.542
11.436,takeoff,-0.040,0.033,-23.637
11.470,takeoff,-0.040,0.033,-23.732
11.502,takeoff,-0.040,0.034,-23.826
11.536,takeoff,-0.039,0.034,-23.945
11.570,takeoff,-0.039,0.034,-24.040
11.602,takeoff,-0.038,0.034,-24.134
11.636,takeoff,-0.038,0.034,-24.229
11.670,takeoff,-0.038,0.034,-24.324
11.702,takeoff,-0.037,0.034,-24.419
11.736,takeoff,-0.037,0.034,-24.538
11.770,takeoff,-0.037,0.033,-24.633
11.802,takeoff,-0.036,0.033,-24.728
11.836,takeoff,-0.036,0.032,-24.823
11.870,takeoff,-0.036,0.032,-24.918
11.902,takeoff,-0.035,0.031,-25.013
11.936,takeoff,-0.035,0.030,-25.131
11.970,takeoff,-0.036,0.029,-25.226
12.002,takeoff,-0.036,0.029,-25.321
12.036,takeoff,-0.036,0.028,-25.416
12.070,takeoff,-0.036,0.027,-25.511
12.102,takeoff,-0.037,0.027,-25.606
12.137,takeoff,-0.037,0.026,-25.725
12.171,takeoff,-0.038,0.025,-25.820
12.203,takeoff,-0.038,0.025,-25.916
12.238,takeoff,-0.039,0.024,-26.011
12.273,takeoff,-0.039,0.024,-26.106
12.306,takeoff,-0.040,0.023,-26.202
12.340,takeoff,-0.040,0.023,-26.321
12.375,takeoff,-0.041,0.022,-26.416
12.407,takeoff,-0.041,0.022,-26.512
12.442,takeoff,-0.042,0.021,-26.607
12.477,takeoff,-0.042,0.021,-26.703
12.511,takeoff,-0.042,0.020,-26.798
12.548,takeoff,-0.043,0.019,-26.917
12.583,takeoff,-0.043,0.019,-27.013
12.616,takeoff,-0.044,0.018,-27.108
12.650,takeoff,-0.044,0.018,-27.203
12.683,takeoff,-0.044,0.017,-27.297
12.716,takeoff,-0.045,0.017,-27.390
12.749,takeoff,-0.046,0.016,-27.504
12.783,takeoff,-0.046,0.016,-27.593
12.816,takeoff,-0.047,0.015,-27.679
12.849,takeoff,-0.048,0.015,-27.762
12.883,takeoff,-0.048,0.014,-27.843
12.915,takeoff,-0.049,0.013,-27.920
12.949,takeoff,-0.050,0.012,-28.013
12.983,takeoff,-0.051,0.012,-28.084
13.015,takeoff,-0.052,0.011,-28.152
13.049,takeoff,-0.053,0.010,-28.217
13.083,takeoff,-0.054,0.009,-28.279
13.116,takeoff,-0.055,0.009,-28.338
13.149,takeoff,-0.056,0.008,-28.409
13.183,takeoff,-0.057,0.007,-28.463
13.215,takeoff,-0.058,0.007,-28.514
13.249,waypoint_1,-0.059,0.006,-28.564
13.283,waypoint_1,-0.060,0.005,-28.611
13.315,waypoint_1,-0.060,0.005,-28.658
13.349,waypoint_1,-0.061,0.004,-28.716
13.384,waypoint_1,-0.061,0.002,-28.762
13.415,waypoint_1,-0.062,-0.000,-28.808
13.449,waypoint_1,-0.062,-0.004,-28.852
13.483,waypoint_1,-0.063,-0.011,-28.895
13.515,waypoint_1,-0.065,-0.019,-28.937
13.549,waypoint_1,-0.068,-0.034,-28.986
13.583,waypoint_1,-0.072,-0.049,-29.024
13.615,waypoint_1,-0.078,-0.067,-29.059
13.650,waypoint_1,-0.085,-0.089,-29.092
13.683,waypoint_1,-0.093,-0.114,-29.123
13.716,waypoint_1,-0.103,-0.143,-29.152
13.749,waypoint_1,-0.119,-0.183,-29.185
13.783,waypoint_1,-0.134,-0.220,-29.210
13.815,waypoint_1,-0.151,-0.259,-29.232
13.849,waypoint_1,-0.171,-0.302,-29.253
13.883,waypoint_1,-0.193,-0.348,-29.273
13.916,waypoint_1,-0.218,-0.397,-29.292
13.949,waypoint_1,-0.253,-0.462,-29.313
13.983,waypoint_1,-0.285,-0.516,-29.330
14.015,waypoint_1,-0.319,-0.573,-29.345
14.049,waypoint_1,-0.357,-0.631,-29.360
14.083,waypoint_1,-0.397,-0.691,-29.374
14.115,waypoint_1,-0.440,-0.752,-29.387
14.152,waypoint_1,-0.497,-0.831,-29.404
14.186,waypoint_1,-0.545,-0.895,-29.416
14.222,waypoint_1,-0.595,-0.961,-29.429
14.256,waypoint_1,-0.646,-1.027,-29.440
14.290,waypoint_1,-0.698,-1.096,-29.452
14.322,waypoint_1,-0.750,-1.165,-29.463
14.358,waypoint_1,-0.803,-1.235,-29.475
14.391,waypoint_1,-0.870,-1.325,-29.488
14.423,waypoint_1,-0.922,-1.398,-29.499
14.457,waypoint_1,-0.974,-1.473,-29.510
14.491,waypoint_1,-1.025,-1.549,-29.520
14.523,waypoint_1,-1.075,-1.625,-29.530
14.557,waypoint_1,-1.136,-1.723,-29.542
14.591,waypoint_1,-1.183,-1.803,-29.551
14.623,waypoint_1,-1.228,-1.884,-29.560
14.657,waypoint_1,-1.272,-1.965,-29.569
14.691,waypoint_1,-1.315,-2.048,-29.578
14.723,waypoint_1,-1.356,-2.132,-29.587
14.757,waypoint_1,-1.405,-2.238,-29.597
14.791,waypoint_1,-1.443,-2.324,-29.606
14.823,waypoint_1,-1.479,-2.410,-29.614
14.857,waypoint_1,-1.514,-2.497,-29.622
14.891,waypoint_1,-1.549,-2.584,-29.630
14.923,waypoint_1,-1.582,-2.673,-29.637
14.957,waypoint_1,-1.622,-2.783,-29.647
14.991,waypoint_1,-1.653,-2.872,-29.654
15.023,waypoint_1,-1.684,-2.962,-29.662
15.057,waypoint_1,-1.714,-3.051,-29.669
15.091,waypoint_1,-1.743,-3.141,-29.676
15.123,waypoint_1,-1.773,-3.231,-29.683
15.157,waypoint_1,-1.808,-3.344,-29.691
15.191,waypoint_1,-1.837,-3.435,-29.697
15.223,waypoint_1,-1.865,-3.525,-29.703
15.257,waypoint_1,-1.893,-3.616,-29.709
15.291,waypoint_1,-1.920,-3.707,-29.715
15.323,waypoint_1,-1.947,-3.798,-29.721
15.357,waypoint_1,-1.981,-3.911,-29.728
15.391,waypoint_1,-2.008,-4.002,-29.733
15.423,waypoint_1,-2.035,-4.093,-29.739
15.457,waypoint_1,-2.062,-4.184,-29.744
15.491,waypoint_1,-2.089,-4.275,-29.750
15.523,waypoint_1,-2.116,-4.366,-29.755
15.557,waypoint_1,-2.149,-4.480,-29.761
15.591,waypoint_1,-2.175,-4.571,-29.766
15.623,waypoint_1,-2.201,-4.662,-29.771
15.657,waypoint_1,-2.227,-4.753,-29.776
15.691,waypoint_1,-2.253,-4.844,-29.781
15.723,waypoint_1,-2.279,-4.935,-29.786
15.757,waypoint_1,-2.311,-5.049,-29.792
15.791,waypoint_1,-2.337,-5.140,-29.797
15.823,waypoint_1,-2.362,-5.231,-29.802
15.857,waypoint_1,-2.388,-5.323,-29.806
15.891,waypoint_1,-2.413,-5.414,-29.811
15.923,waypoint_1,-2.439,-5.506,-29.815
15.957,waypoint_1,-2.470,-5.621,-29.821
15.991,waypoint_1,-2.496,-5.713,-29.825
16.023,waypoint_1,-2.521,-5.805,-29.829
16.057,waypoint_1,-2.546,-5.897,-29.833
16.091,waypoint_1,-2.571,-5.989,-29.837
16.123,waypoint_1,-2.597,-6.082,-29.841
16.157,waypoint_1,-2.628,-6.197,-29.846
16.191,waypoint_1,-2.654,-6.290,-29.850
16.223,waypoint_1,-2.679,-6.382,-29.854
16.257,waypoint_1,-2.704,-6.475,-29.857
16.291,waypoint_1,-2.730,-6.567,-29.861
16.323,waypoint_1,-2.755,-6.660,-29.864
16.357,waypoint_1,-2.787,-6.776,-29.868
16.391,waypoint_1,-2.812,-6.869,-29.871
16.423,waypoint_1,-2.838,-6.962,-29.874
16.457,waypoint_1,-2.863,-7.055,-29.877
16.491,waypoint_1,-2.888,-7.147,-29.879
16.524,waypoint_1,-2.914,-7.240,-29.882
16.559,waypoint_1,-2.945,-7.357,-29.885
16.593,waypoint_1,-2.971,-7.450,-29.887
16.625,waypoint_1,-2.997,-7.543,-29.889
16.659,waypoint_1,-3.022,-7.636,-29.892
16.693,waypoint_1,-3.048,-7.729,-29.894
16.726,waypoint_1,-3.074,-7.822,-29.896
16.759,waypoint_1,-3.107,-7.938,-29.898
16.793,waypoint_1,-3.133,-8.031,-29.900
16.825,waypoint_1,-3.158,-8.124,-29.902
16.859,waypoint_1,-3.184,-8.217,-29.904
16.893,waypoint_1,-3.210,-8.311,-29.905
16.925,waypoint_1,-3.236,-8.404,-29.907
16.959,waypoint_1,-3.268,-8.520,-29.909
16.993,waypoint_1,-3.294,-8.613,-29.911
17.025,waypoint_1,-3.319,-8.706,-29.912
17.059,waypoint_1,-3.345,-8.799,-29.913
17.093,waypoint_1,-3.370,-8.892,-29.915
17.125,waypoint_1,-3.396,-8.986,-29.916
17.160,waypoint_1,-3.427,-9.102,-29.918
17.194,waypoint_1,-3.453,-9.195,-29.919
17.226,waypoint_1,-3.478,-9.288,-29.921
17.260,waypoint_1,-3.503,-9.382,-29.922
17.294,waypoint_1,-3.527,-9.475,-29.923
17.326,waypoint_1,-3.552,-9.568,-29.924
17.360,waypoint_1,-3.583,-9.685,-29.926
17.394,waypoint_1,-3.608,-9.778,-29.927
17.426,waypoint_1,-3.633,-9.872,-29.928
17.460,waypoint_1,-3.657,-9.966,-29.929
17.494,waypoint_1,-3.681,-10.059,-29.930
17.526,waypoint_1,-3.706,-10.153,-29.931
17.560,waypoint_1,-3.736,-10.271,-29.932
17.594,waypoint_1,-3.760,-10.364,-29.933
17.626,waypoint_1,-3.785,-10.459,-29.934
17.661,waypoint_1,-3.809,-10.553,-29.935
17.695,waypoint_1,-3.833,-10.647,-29.937
17.727,waypoint_1,-3.858,-10.741,-29.938
17.761,waypoint_1,-3.888,-10.860,-29.939
17.795,waypoint_1,-3.912,-10.954,-29.940
17.827,waypoint_1,-3.937,-11.049,-29.941
17.861,waypoint_1,-3.961,-11.143,-29.943
17.895,waypoint_1,-3.986,-11.238,-29.944
17.927,waypoint_1,-4.010,-11.333,-29.945
17.961,waypoint_1,-4.041,-11.452,-29.946
17.995,waypoint_1,-4.065,-11.547,-29.948
18.027,waypoint_1,-4.089,-11.642,-29.949
18.061,waypoint_1,-4.114,-11.737,-29.950
18.095,waypoint_1,-4.138,-11.832,-29.951
18.127,waypoint_1,-4.162,-11.927,-29.952
18.161,waypoint_1,-4.192,-12.046,-29.954
18.195,waypoint_1,-4.216,-12.141,-29.955
18.230,waypoint_1,-4.240,-12.236,-29.956
18.278,waypoint_1,-4.264,-12.332,-29.957
18.320,waypoint_1,-4.288,-12.427,-29.959
18.354,waypoint_1,-4.312,-12.522,-29.960
18.388,waypoint_1,-4.342,-12.641,-29.961
18.426,waypoint_1,-4.367,-12.737,-29.963
18.458,waypoint_1,-4.391,-12.832,-29.964
18.493,waypoint_1,-4.415,-12.928,-29.965
18.527,waypoint_1,-4.440,-13.023,-29.966
18.559,waypoint_1,-4.464,-13.118,-29.967
18.593,waypoint_1,-4.494,-13.237,-29.968
18.627,waypoint_1,-4.519,-13.333,-29.969
18.660,waypoint_1,-4.544,-13.428,-29.970
18.697,waypoint_1,-4.568,-13.523,-29.971
18.731,waypoint_1,-4.593,-13.618,-29.971
18.763,waypoint_1,-4.618,-13.712,-29.972
18.797,waypoint_1,-4.648,-13.831,-29.973
18.831,waypoint_1,-4.673,-13.926,-29.974
18.863,waypoint_1,-4.698,-14.020,-29.975
18.897,waypoint_1,-4.723,-14.115,-29.975
18.931,waypoint_1,-4.748,-14.209,-29.976
18.963,waypoint_1,-4.772,-14.304,-29.977
18.997,waypoint_1,-4.803,-14.422,-29.978
19.032,waypoint_1,-4.828,-14.516,-29.978
19.064,waypoint_1,-4.853,-14.610,-29.978
19.099,waypoint_1,-4.878,-14.705,-29.979
19.133,waypoint_1,-4.902,-14.799,-29.979
19.165,waypoint_1,-4.927,-14.893,-29.980
19.204,waypoint_1,-4.959,-15.012,-29.980
19.240,waypoint_1,-4.984,-15.106,-29.980
19.272,waypoint_1,-5.009,-15.201,-29.980
19.306,waypoint_1,-5.034,-15.296,-29.981
19.340,waypoint_1,-5.059,-15.390,-29.981
19.372,waypoint_1,-5.084,-15.485,-29.981
19.406,waypoint_1,-5.116,-15.604,-29.981
19.440,waypoint_1,-5.141,-15.699,-29.981
19.472,waypoint_1,-5.166,-15.794,-29.981
19.506,waypoint_1,-5.192,-15.889,-29.982
19.540,waypoint_1,-5.217,-15.984,-29.982
19.572,waypoint_1,-5.243,-16.079,-29.982
19.606,waypoint_1,-5.275,-16.198,-29.982
19.640,waypoint_1,-5.300,-16.293,-29.982
19.672,waypoint_1,-5.325,-16.387,-29.982
19.706,waypoint_1,-5.351,-16.482,-29.982
19.740,waypoint_1,-5.376,-16.577,-29.982
19.772,waypoint_1,-5.401,-16.671,-29.982
19.806,waypoint_1,-5.433,-16.789,-29.983
19.840,waypoint_1,-5.458,-16.884,-29.983
19.872,waypoint_1,-5.483,-16.978,-29.983
19.906,waypoint_1,-5.508,-17.073,-29.983
19.940,waypoint_1,-5.533,-17.167,-29.984
19.972,waypoint_1,-5.557,-17.261,-29.984
20.006,waypoint_1,-5.588,-17.379,-29.985
20.041,waypoint_1,-5.613,-17.473,-29.985
20.073,waypoint_1,-5.638,-17.568,-29.986
20.119,waypoint_1,-5.662,-17.662,-29.986
20.170,waypoint_1,-5.687,-17.756,-29.987
20.202,waypoint_1,-5.712,-17.850,-29.987
20.236,waypoint_1,-5.743,-17.968,-29.988
20.270,waypoint_1,-5.768,-18.062,-29.988
20.303,waypoint_1,-5.793,-18.156,-29.989
20.337,waypoint_1,-5.817,-18.251,-29.989
20.371,waypoint_1,-5.842,-18.345,-29.989
20.403,waypoint_1,-5.867,-18.439,-29.990
20.437,waypoint_1,-5.898,-18.556,-29.990
20.471,waypoint_1,-5.923,-18.650,-29.990
20.503,waypoint_1,-5.948,-18.744,-29.991
20.539,waypoint_1,-5.973,-18.838,-29.991
20.573,waypoint_1,-5.998,-18.931,-29.992
20.605,waypoint_1,-6.023,-19.025,-29.992
20.639,waypoint_1,-6.054,-19.143,-29.993
20.673,waypoint_1,-6.079,-19.237,-29.994
20.705,waypoint_1,-6.104,-19.331,-29.995
20.739,waypoint_1,-6.129,-19.425,-29.995
20.773,waypoint_1,-6.154,-19.519,-29.996
20.806,waypoint_1,-6.179,-19.613,-29.996
20.840,waypoint_1,-6.211,-19.730,-29.997
20.874,waypoint_1,-6.236,-19.824,-29.997
20.906,waypoint_1,-6.262,-19.918,-29.997
20.940,waypoint_1,-6.287,-20.012,-29.997
20.974,waypoint_1,-6.313,-20.106,-29.997
21.006,waypoint_1,-6.339,-20.200,-29.997
21.040,waypoint_1,-6.371,-20.317,-29.998
21.074,waypoint_1,-6.397,-20.411,-29.998
21.106,waypoint_1,-6.423,-20.504,-29.998
21.140,waypoint_1,-6.449,-20.598,-29.998
21.174,waypoint_1,-6.476,-20.691,-29.998
21.206,waypoint_1,-6.502,-20.785,-29.998
21.240,waypoint_1,-6.534,-20.902,-29.999
21.274,waypoint_1,-6.560,-20.995,-29.999
21.307,waypoint_1,-6.586,-21.088,-29.999
21.341,waypoint_1,-6.612,-21.182,-29.999
21.375,waypoint_1,-6.638,-21.275,-30.000
21.407,waypoint_1,-6.664,-21.368,-30.000
21.441,waypoint_1,-6.696,-21.485,-30.001
21.475,waypoint_1,-6.722,-21.578,-30.001
21.507,waypoint_1,-6.747,-21.671,-30.001
21.541,waypoint_1,-6.773,-21.764,-30.002
21.575,waypoint_1,-6.799,-21.858,-30.002
21.607,waypoint_1,-6.825,-21.951,-30.003
21.641,waypoint_1,-6.857,-22.068,-30.004
21.675,waypoint_1,-6.883,-22.161,-30.004
21.707,waypoint_1,-6.909,-22.255,-30.005
21.741,waypoint_1,-6.935,-22.348,-30.006
21.775,waypoint_1,-6.960,-22.442,-30.006
21.807,waypoint_1,-6.986,-22.535,-30.007
21.842,waypoint_1,-7.018,-22.652,-30.007
21.878,waypoint_1,-7.044,-22.746,-30.008
21.911,waypoint_1,-7.070,-22.840,-30.008
21.945,waypoint_1,-7.096,-22.934,-30.009
21.979,waypoint_1,-7.121,-23.028,-30.009
22.011,waypoint_1,-7.148,-23.122,-30.009
22.045,waypoint_1,-7.180,-23.239,-30.009
22.079,waypoint_1,-7.207,-23.333,-30.009
22.111,waypoint_1,-7.233,-23.427,-30.009
22.145,waypoint_1,-7.259,-23.521,-30.009
22.179,waypoint_1,-7.286,-23.615,-30.008
22.211,waypoint_1,-7.313,-23.709,-30.008
22.245,waypoint_1,-7.346,-23.826,-30.007
22.279,waypoint_1,-7.373,-23.920,-30.007
22.311,waypoint_1,-7.400,-24.014,-30.006
22.345,waypoint_1,-7.426,-24.107,-30.006
22.379,waypoint_1,-7.453,-24.201,-30.005
22.411,waypoint_1,-7.480,-24.294,-30.004
22.446,waypoint_1,-7.514,-24.410,-30.004
22.479,waypoint_1,-7.541,-24.503,-30.003
22.511,waypoint_1,-7.569,-24.596,-30.003
22.545,waypoint_1,-7.596,-24.689,-30.003
22.579,waypoint_1,-7.623,-24.782,-30.002
22.611,waypoint_1,-7.650,-24.875,-30.002
22.645,waypoint_1,-7.684,-24.991,-30.001
22.679,waypoint_1,-7.712,-25.084,-30.001
22.711,waypoint_1,-7.739,-25.176,-30.001
22.745,waypoint_1,-7.766,-25.269,-30.000
22.779,waypoint_1,-7.793,-25.362,-30.000
22.811,waypoint_1,-7.820,-25.455,-30.000
22.845,waypoint_1,-7.854,-25.570,-29.999
22.879,waypoint_1,-7.881,-25.663,-29.999
22.913,waypoint_1,-7.908,-25.756,-29.999
22.947,waypoint_1,-7.935,-25.849,-29.998
22.981,waypoint_1,-7.962,-25.942,-29.998
23.013,waypoint_1,-7.989,-26.035,-29.997
23.047,waypoint_1,-8.022,-26.152,-29.997
23.080,waypoint_1,-8.048,-26.245,-29.997
23.113,waypoint_1,-8.075,-26.338,-29.996
23.147,waypoint_1,-8.101,-26.431,-29.996
23.181,waypoint_1,-8.128,-26.525,-29.995
23.213,waypoint_1,-8.154,-26.618,-29.995
23.247,waypoint_1,-8.187,-26.734,-29.994
23.281,waypoint_1,-8.213,-26.827,-29.993
23.313,waypoint_1,-8.240,-26.920,-29.993
23.347,waypoint_1,-8.266,-27.013,-29.992
23.380,waypoint_1,-8.292,-27.106,-29.992
23.413,waypoint_1,-8.318,-27.199,-29.991
23.447,waypoint_1,-8.351,-27.315,-29.991
23.481,waypoint_1,-8.377,-27.408,-29.990
23.513,waypoint_1,-8.403,-27.501,-29.990
23.547,waypoint_1,-8.428,-27.594,-29.989
23.581,waypoint_1,-8.454,-27.687,-29.989
23.613,waypoint_1,-8.480,-27.779,-29.988
23.647,waypoint_1,-8.513,-27.896,-29.988
23.680,waypoint_1,-8.539,-27.989,-29.988
23.713,waypoint_1,-8.566,-28.082,-29.987
23.746,waypoint_1,-8.592,-28.175,-29.987
23.781,waypoint_1,-8.619,-28.268,-29.987
23.813,waypoint_1,-8.645,-28.361,-29.987
23.847,waypoint_1,-8.679,-28.477,-29.987
23.881,waypoint_1,-8.706,-28.570,-29.987
23.913,waypoint_1,-8.733,-28.663,-29.987
23.947,waypoint_1,-8.760,-28.756,-29.987
23.981,waypoint_1,-8.787,-28.849,-29.987
24.013,waypoint_1,-8.814,-28.943,-29.987
24.047,waypoint_1,-8.848,-29.059,-29.988
24.080,waypoint_1,-8.875,-29.152,-29.988
24.113,waypoint_1,-8.902,-29.245,-29.988
24.147,waypoint_1,-8.929,-29.338,-29.989
24.181,waypoint_1,-8.956,-29.431,-29.989
24.212,waypoint_1,-8.983,-29.524,-29.989
24.247,waypoint_1,-9.016,-29.640,-29.990
24.281,waypoint_1,-9.043,-29.733,-29.990
24.313,waypoint_1,-9.070,-29.826,-29.990
24.347,waypoint_1,-9.097,-29.919,-29.990
24.381,waypoint_1,-9.124,-30.011,-29.990
24.412,waypoint_1,-9.152,-30.104,-29.990
24.446,waypoint_1,-9.186,-30.220,-29.990
24.480,waypoint_1,-9.213,-30.313,-29.990
24.513,waypoint_1,-9.240,-30.406,-29.990
24.547,waypoint_1,-9.268,-30.499,-29.990
24.580,waypoint_1,-9.295,-30.592,-29.990
24.613,waypoint_1,-9.323,-30.684,-29.990
24.647,waypoint_1,-9.357,-30.800,-29.990
24.680,waypoint_1,-9.384,-30.893,-29.990
24.713,waypoint_1,-9.412,-30.986,-29.990
24.747,waypoint_1,-9.439,-31.078,-29.990
24.780,waypoint_1,-9.466,-31.171,-29.990
24.813,waypoint_1,-9.494,-31.264,-29.990
24.847,waypoint_1,-9.528,-31.380,-29.990
24.881,waypoint_1,-9.555,-31.472,-29.990
24.913,waypoint_1,-9.582,-31.565,-29.990
24.946,waypoint_1,-9.609,-31.658,-29.990
24.981,waypoint_1,-9.636,-31.750,-29.990
25.013,waypoint_1,-9.663,-31.843,-29.990
25.047,waypoint_1,-9.697,-31.959,-29.990
25.081,waypoint_1,-9.724,-32.051,-29.990
25.113,waypoint_1,-9.751,-32.144,-29.990
25.146,waypoint_1,-9.779,-32.236,-29.990
25.181,waypoint_1,-9.806,-32.329,-29.991
25.213,waypoint_1,-9.833,-32.421,-29.991
25.247,waypoint_1,-9.867,-32.537,-29.991
25.281,waypoint_1,-9.894,-32.629,-29.992
25.313,waypoint_1,-9.921,-32.722,-29.992
25.347,waypoint_1,-9.949,-32.815,-29.993
25.380,waypoint_1,-9.976,-32.907,-29.993
25.412,waypoint_1,-10.004,-33.000,-29.994
25.447,waypoint_1,-10.038,-33.116,-29.994
25.480,waypoint_1,-10.066,-33.208,-29.995
25.512,waypoint_1,-10.093,-33.301,-29.995
25.547,waypoint_1,-10.121,-33.393,-29.996
25.580,waypoint_1,-10.149,-33.486,-29.996
25.612,waypoint_1,-10.177,-33.579,-29.996
25.647,waypoint_1,-10.211,-33.694,-29.996
25.681,waypoint_1,-10.239,-33.787,-29.996
25.712,waypoint_1,-10.267,-33.880,-29.996
25.747,waypoint_1,-10.295,-33.972,-29.996
25.781,waypoint_1,-10.322,-34.065,-29.996
25.812,waypoint_1,-10.350,-34.157,-29.996
25.847,waypoint_1,-10.385,-34.273,-29.996
25.881,waypoint_1,-10.413,-34.365,-29.996
25.912,waypoint_1,-10.441,-34.458,-29.996
25.947,waypoint_1,-10.469,-34.550,-29.996
25.981,waypoint_1,-10.497,-34.642,-29.996
26.012,waypoint_1,-10.525,-34.734,-29.996
26.046,waypoint_1,-10.559,-34.849,-29.996
26.081,waypoint_1,-10.587,-34.940,-29.996
26.112,waypoint_1,-10.615,-35.032,-29.995
26.146,waypoint_1,-10.642,-35.123,-29.995
26.181,waypoint_1,-10.670,-35.215,-29.995
26.212,waypoint_1,-10.697,-35.306,-29.995
26.246,waypoint_1,-10.731,-35.420,-29.994
26.281,waypoint_1,-10.758,-35.512,-29.994
26.312,waypoint_1,-10.785,-35.603,-29.994
26.346,waypoint_1,-10.812,-35.694,-29.993
26.381,waypoint_1,-10.840,-35.786,-29.993
26.412,waypoint_1,-10.867,-35.877,-29.993
26.447,waypoint_1,-10.901,-35.992,-29.993
26.481,waypoint_1,-10.928,-36.083,-29.993
26.512,waypoint_1,-10.955,-36.175,-29.993
26.548,waypoint_1,-10.983,-36.267,-29.994
26.582,waypoint_1,-11.010,-36.359,-29.994
26.614,waypoint_1,-11.037,-36.451,-29.994
26.648,waypoint_1,-11.071,-36.566,-29.994
26.683,waypoint_1,-11.098,-36.659,-29.995
26.714,waypoint_1,-11.125,-36.751,-29.995
26.748,waypoint_1,-11.153,-36.843,-29.995
26.782,waypoint_1,-11.180,-36.936,-29.995
26.814,waypoint_1,-11.206,-37.028,-29.995
26.849,waypoint_1,-11.240,-37.144,-29.995
26.883,waypoint_1,-11.266,-37.236,-29.995
26.916,waypoint_1,-11.293,-37.328,-29.995
26.949,waypoint_1,-11.320,-37.421,-29.995
26.983,waypoint_1,-11.346,-37.513,-29.995
27.015,waypoint_1,-11.373,-37.606,-29.996
27.049,waypoint_1,-11.406,-37.721,-29.996
27.083,waypoint_1,-11.432,-37.814,-29.996
27.115,waypoint_1,-11.459,-37.906,-29.996
27.149,waypoint_1,-11.485,-37.998,-29.997
27.183,waypoint_1,-11.512,-38.091,-29.997
27.215,waypoint_1,-11.539,-38.183,-29.997
27.250,waypoint_1,-11.572,-38.299,-29.998
27.283,waypoint_1,-11.599,-38.391,-29.998
27.315,waypoint_1,-11.626,-38.483,-29.998
27.350,waypoint_1,-11.653,-38.576,-29.999
27.383,waypoint_1,-11.679,-38.668,-29.999
27.415,waypoint_1,-11.706,-38.761,-29.999
27.449,waypoint_1,-11.739,-38.876,-29.999
27.483,waypoint_1,-11.765,-38.969,-29.998
27.515,waypoint_1,-11.792,-39.061,-29.998
27.549,waypoint_1,-11.818,-39.154,-29.998
27.583,waypoint_1,-11.844,-39.246,-29.998
27.615,waypoint_1,-11.871,-39.339,-29.998
27.650,waypoint_1,-11.903,-39.454,-29.998
27.683,waypoint_1,-11.930,-39.547,-29.998
27.715,waypoint_1,-11.956,-39.639,-29.998
27.750,waypoint_1,-11.982,-39.732,-29.998
27.783,waypoint_1,-12.009,-39.824,-29.998
27.815,waypoint_1,-12.035,-39.916,-29.998
27.849,waypoint_1,-12.068,-40.032,-29.998
27.883,waypoint_1,-12.094,-40.124,-29.998
27.915,waypoint_1,-12.121,-40.216,-29.998
27.949,waypoint_1,-12.147,-40.308,-29.997
27.983,waypoint_1,-12.174,-40.400,-29.997
28.015,waypoint_1,-12.201,-40.492,-29.997
28.049,waypoint_1,-12.234,-40.607,-29.997
28.083,waypoint_1,-12.261,-40.698,-29.997
28.115,waypoint_1,-12.288,-40.790,-29.997
28.149,waypoint_1,-12.315,-40.882,-29.997
28.183,waypoint_1,-12.342,-40.973,-29.997
28.215,waypoint_1,-12.369,-41.065,-29.997
28.249,waypoint_1,-12.403,-41.179,-29.997
28.283,waypoint_1,-12.429,-41.270,-29.998
28.315,waypoint_1,-12.456,-41.361,-29.997
28.349,waypoint_1,-12.483,-41.452,-29.997
28.383,waypoint_1,-12.510,-41.543,-29.997
28.415,waypoint_1,-12.537,-41.634,-29.997
28.450,waypoint_1,-12.570,-41.748,-29.996
28.485,waypoint_1,-12.597,-41.839,-29.996
28.518,waypoint_1,-12.624,-41.930,-29.995
28.552,waypoint_1,-12.650,-42.020,-29.995
28.586,waypoint_1,-12.677,-42.111,-29.994
28.618,waypoint_1,-12.704,-42.202,-29.994
28.653,waypoint_1,-12.737,-42.316,-29.994
28.686,waypoint_1,-12.764,-42.407,-29.993
28.719,waypoint_1,-12.790,-42.498,-29.993
28.752,waypoint_1,-12.817,-42.589,-29.993
28.786,waypoint_1,-12.843,-42.680,-29.993
28.818,waypoint_1,-12.870,-42.771,-29.992
28.852,waypoint_1,-12.903,-42.884,-29.992
28.887,waypoint_1,-12.930,-42.975,-29.992
28.918,waypoint_1,-12.956,-43.066,-29.992
28.953,waypoint_1,-12.983,-43.157,-29.992
28.987,waypoint_1,-13.010,-43.248,-29.992
29.019,waypoint_1,-13.037,-43.339,-29.992
29.054,waypoint_1,-13.070,-43.453,-29.992
29.087,waypoint_1,-13.097,-43.544,-29.992
29.119,waypoint_1,-13.124,-43.634,-29.992
29.153,waypoint_1,-13.151,-43.725,-29.992
29.187,waypoint_1,-13.178,-43.816,-29.992
29.220,waypoint_1,-13.205,-43.907,-29.992
29.253,waypoint_1,-13.238,-44.021,-29.992
29.287,waypoint_1,-13.265,-44.111,-29.992
29.321,waypoint_1,-13.292,-44.202,-29.992
29.355,waypoint_1,-13.318,-44.293,-29.992
29.389,waypoint_1,-13.345,-44.384,-29.993
29.421,waypoint_1,-13.372,-44.475,-29.993
29.455,waypoint_1,-13.405,-44.589,-29.993
29.489,waypoint_1,-13.432,-44.680,-29.993
29.521,waypoint_1,-13.459,-44.771,-29.993
29.555,waypoint_1,-13.485,-44.862,-29.993
29.589,waypoint_1,-13.512,-44.953,-29.992
29.621,waypoint_1,-13.539,-45.044,-29.992
29.656,waypoint_1,-13.573,-45.158,-29.992
29.690,waypoint_1,-13.599,-45.250,-29.993
29.722,waypoint_1,-13.626,-45.341,-29.993
29.756,waypoint_1,-13.653,-45.432,-29.993
29.790,waypoint_1,-13.680,-45.524,-29.993
29.822,waypoint_1,-13.707,-45.616,-29.993
29.856,waypoint_1,-13.740,-45.731,-29.993
29.890,waypoint_1,-13.767,-45.822,-29.993
29.922,waypoint_1,-13.794,-45.914,-29.993
29.956,waypoint_1,-13.821,-46.006,-29.993
29.990,waypoint_1,-13.848,-46.098,-29.993
30.022,waypoint_1,-13.875,-46.190,-29.993
30.056,waypoint_1,-13.908,-46.304,-29.993
30.090,waypoint_1,-13.935,-46.396,-29.992
30.122,waypoint_1,-13.962,-46.488,-29.992
30.156,waypoint_1,-13.988,-46.580,-29.992
30.190,waypoint_1,-14.015,-46.672,-29.991
30.223,waypoint_1,-14.042,-46.763,-29.991
30.257,waypoint_1,-14.075,-46.878,-29.991
30.291,waypoint_1,-14.102,-46.970,-29.991
30.323,waypoint_1,-14.128,-47.062,-29.991
30.357,waypoint_1,-14.155,-47.153,-29.990
30.391,waypoint_1,-14.182,-47.245,-29.990
30.423,waypoint_1,-14.209,-47.337,-29.990
30.457,waypoint_1,-14.242,-47.453,-29.989
30.491,waypoint_1,-14.269,-47.545,-29.989
30.523,waypoint_1,-14.296,-47.637,-29.989
30.557,waypoint_1,-14.323,-47.729,-29.989
30.591,waypoint_1,-14.350,-47.821,-29.988
30.623,waypoint_1,-14.376,-47.913,-29.988
30.657,waypoint_1,-14.410,-48.028,-29.988
30.691,waypoint_1,-14.436,-48.120,-29.988
30.723,waypoint_1,-14.463,-48.212,-29.988
30.757,waypoint_1,-14.490,-48.304,-29.988
30.791,waypoint_1,-14.518,-48.396,-29.987
30.823,waypoint_1,-14.545,-48.488,-29.987
30.857,waypoint_1,-14.579,-48.603,-29.987
30.891,waypoint_1,-14.607,-48.695,-29.987
30.923,waypoint_1,-14.634,-48.787,-29.987
30.957,waypoint_1,-14.662,-48.879,-29.987
30.991,waypoint_1,-14.690,-48.971,-29.987
31.023,waypoint_1,-14.718,-49.062,-29.987
31.057,waypoint_1,-14.752,-49.177,-29.986
31.091,waypoint_1,-14.780,-49.269,-29.986
31.123,waypoint_1,-14.808,-49.361,-29.986
31.157,waypoint_1,-14.836,-49.452,-29.986
31.191,waypoint_1,-14.864,-49.544,-29.986
31.223,waypoint_1,-14.892,-49.636,-29.986
31.257,waypoint_1,-14.928,-49.750,-29.986
31.291,waypoint_1,-14.956,-49.842,-29.986
31.323,waypoint_1,-14.984,-49.934,-29.986
31.357,waypoint_1,-15.013,-50.026,-29.986
31.391,waypoint_1,-15.041,-50.118,-29.986
31.423,waypoint_1,-15.070,-50.209,-29.986
31.457,waypoint_1,-15.105,-50.324,-29.986
31.491,waypoint_1,-15.133,-50.416,-29.986
31.523,waypoint_1,-15.162,-50.507,-29.986
31.557,waypoint_1,-15.190,-50.599,-29.986
31.591,waypoint_1,-15.218,-50.690,-29.986
31.623,waypoint_1,-15.246,-50.782,-29.986
31.657,waypoint_1,-15.282,-50.896,-29.986
31.691,waypoint_1,-15.310,-50.988,-29.986
31.723,waypoint_1,-15.338,-51.080,-29.986
31.757,waypoint_1,-15.366,-51.171,-29.986
31.791,waypoint_1,-15.394,-51.263,-29.986
31.823,waypoint_1,-15.422,-51.354,-29.986
31.857,waypoint_1,-15.457,-51.469,-29.986
31.891,waypoint_1,-15.485,-51.560,-29.986
31.923,waypoint_1,-15.512,-51.652,-29.986
31.957,waypoint_1,-15.540,-51.743,-29.986
31.991,waypoint_1,-15.567,-51.835,-29.986
32.023,waypoint_1,-15.594,-51.926,-29.986
32.057,waypoint_1,-15.628,-52.041,-29.986
32.091,waypoint_1,-15.654,-52.132,-29.987
32.123,waypoint_1,-15.681,-52.224,-29.987
32.157,waypoint_1,-15.707,-52.315,-29.987
32.191,waypoint_1,-15.734,-52.406,-29.987
32.223,waypoint_1,-15.760,-52.498,-29.987
32.258,waypoint_1,-15.792,-52.612,-29.988
32.291,waypoint_1,-15.818,-52.703,-29.988
32.323,waypoint_1,-15.844,-52.794,-29.989
32.358,waypoint_1,-15.870,-52.886,-29.990
32.392,waypoint_1,-15.895,-52.977,-29.990
32.424,waypoint_1,-15.921,-53.068,-29.991
32.458,waypoint_1,-15.953,-53.182,-29.992
32.492,waypoint_1,-15.978,-53.274,-29.993
32.524,waypoint_1,-16.004,-53.365,-29.994
32.558,waypoint_1,-16.029,-53.457,-29.994
32.592,waypoint_1,-16.055,-53.549,-29.995
32.624,waypoint_1,-16.081,-53.640,-29.995
32.658,waypoint_1,-16.113,-53.755,-29.995
32.690,waypoint_1,-16.139,-53.847,-29.996
32.724,waypoint_1,-16.164,-53.938,-29.996
32.759,waypoint_1,-16.190,-54.030,-29.996
32.790,waypoint_1,-16.215,-54.122,-29.996
32.824,waypoint_1,-16.241,-54.214,-29.996
32.858,waypoint_1,-16.273,-54.329,-29.996
32.890,waypoint_1,-16.298,-54.421,-29.996
32.924,waypoint_1,-16.324,-54.512,-29.997
32.958,waypoint_1,-16.349,-54.604,-29.997
32.990,waypoint_1,-16.375,-54.696,-29.996
33.024,waypoint_1,-16.400,-54.788,-29.996
33.058,waypoint_1,-16.433,-54.903,-29.996
33.090,waypoint_1,-16.458,-54.995,-29.996
33.124,waypoint_1,-16.484,-55.087,-29.996
33.158,waypoint_1,-16.510,-55.179,-29.995
33.190,waypoint_1,-16.536,-55.272,-29.995
33.224,waypoint_1,-16.562,-55.364,-29.995
33.258,waypoint_1,-16.594,-55.479,-29.994
33.290,waypoint_1,-16.620,-55.570,-29.994
33.324,waypoint_1,-16.646,-55.662,-29.993
33.358,waypoint_1,-16.673,-55.754,-29.993
33.390,waypoint_1,-16.699,-55.846,-29.992
33.424,waypoint_1,-16.725,-55.937,-29.992
33.458,waypoint_1,-16.758,-56.052,-29.991
33.490,waypoint_1,-16.785,-56.144,-29.990
33.524,waypoint_1,-16.811,-56.235,-29.990
33.558,waypoint_1,-16.837,-56.327,-29.989
33.590,waypoint_1,-16.863,-56.418,-29.989
33.624,waypoint_1,-16.890,-56.509,-29.988
33.658,waypoint_1,-16.922,-56.624,-29.988
33.690,waypoint_1,-16.949,-56.715,-29.988
33.724,waypoint_1,-16.975,-56.807,-29.988
33.758,waypoint_1,-17.001,-56.898,-29.988
33.790,waypoint_1,-17.028,-56.989,-29.988
33.824,waypoint_1,-17.054,-57.080,-29.988
33.858,waypoint_1,-17.086,-57.194,-29.988
33.890,waypoint_1,-17.113,-57.285,-29.988
33.924,waypoint_1,-17.139,-57.376,-29.988
33.958,waypoint_1,-17.165,-57.467,-29.988
33.990,waypoint_1,-17.191,-57.558,-29.989
34.024,waypoint_1,-17.217,-57.649,-29.989
34.058,waypoint_1,-17.250,-57.763,-29.989
34.090,waypoint_1,-17.276,-57.855,-29.989
34.124,waypoint_1,-17.301,-57.946,-29.989
34.158,waypoint_1,-17.327,-58.037,-29.989
34.190,waypoint_1,-17.353,-58.129,-29.989
34.224,waypoint_1,-17.379,-58.220,-29.989
34.258,waypoint_1,-17.411,-58.334,-29.990
34.290,waypoint_1,-17.437,-58.426,-29.990
34.324,waypoint_1,-17.463,-58.517,-29.990
34.358,waypoint_1,-17.490,-58.608,-29.990
34.390,waypoint_1,-17.516,-58.700,-29.990
34.424,waypoint_1,-17.542,-58.791,-29.990
34.459,waypoint_1,-17.575,-58.906,-29.990
34.490,waypoint_1,-17.602,-58.997,-29.990
34.524,waypoint_1,-17.629,-59.089,-29.990
34.558,waypoint_1,-17.655,-59.180,-29.990
34.590,waypoint_1,-17.682,-59.272,-29.990
34.624,waypoint_1,-17.709,-59.363,-29.990
34.658,waypoint_1,-17.743,-59.478,-29.989
34.690,waypoint_1,-17.770,-59.570,-29.989
34.724,waypoint_1,-17.798,-59.661,-29.989
34.758,waypoint_1,-17.825,-59.753,-29.988
34.790,waypoint_1,-17.852,-59.845,-29.988
34.824,waypoint_1,-17.879,-59.937,-29.988
34.858,waypoint_1,-17.913,-60.053,-29.987
34.890,waypoint_1,-17.941,-60.145,-29.987
34.924,waypoint_1,-17.968,-60.237,-29.986
34.959,waypoint_1,-17.996,-60.329,-29.986
34.990,waypoint_1,-18.023,-60.421,-29.986
35.024,waypoint_1,-18.051,-60.513,-29.986
35.058,waypoint_1,-18.086,-60.628,-29.986
35.090,waypoint_1,-18.114,-60.720,-29.986
35.125,waypoint_1,-18.142,-60.812,-29.986
35.158,waypoint_1,-18.171,-60.904,-29.986
35.190,waypoint_1,-18.199,-60.996,-29.986
35.224,waypoint_1,-18.227,-61.087,-29.986
35.258,waypoint_1,-18.262,-61.202,-29.986
35.290,waypoint_1,-18.283,-61.271,-29.986
35.324,waypoint_1,-18.318,-61.386,-29.986
35.358,waypoint_1,-18.346,-61.477,-29.986
35.390,waypoint_1,-18.374,-61.569,-29.986
35.424,waypoint_1,-18.402,-61.661,-29.986
35.459,waypoint_1,-18.437,-61.776,-29.986
35.490,waypoint_1,-18.464,-61.868,-29.986
35.524,waypoint_1,-18.492,-61.960,-29.986
35.558,waypoint_1,-18.519,-62.052,-29.987
35.590,waypoint_1,-18.547,-62.143,-29.987
35.624,waypoint_1,-18.574,-62.235,-29.987
35.658,waypoint_1,-18.609,-62.350,-29.987
35.690,waypoint_1,-18.636,-62.442,-29.987
35.724,waypoint_1,-18.664,-62.534,-29.988
35.758,waypoint_1,-18.691,-62.626,-29.988
35.791,waypoint_1,-18.718,-62.717,-29.988
35.824,waypoint_1,-18.746,-62.809,-29.988
35.858,waypoint_1,-18.780,-62.923,-29.988
35.890,waypoint_1,-18.807,-63.015,-29.989
35.924,waypoint_1,-18.834,-63.107,-29.989
35.959,waypoint_1,-18.861,-63.199,-29.989
35.990,waypoint_1,-18.888,-63.290,-29.989
36.024,waypoint_1,-18.915,-63.382,-29.990
36.058,waypoint_1,-18.949,-63.496,-29.990
36.090,waypoint_1,-18.976,-63.588,-29.991
36.125,waypoint_1,-19.003,-63.680,-29.991
36.159,waypoint_1,-19.030,-63.771,-29.992
36.190,waypoint_1,-19.057,-63.863,-29.992
36.224,waypoint_1,-19.084,-63.954,-29.993
36.258,waypoint_1,-19.118,-64.069,-29.993
36.290,waypoint_1,-19.145,-64.160,-29.994
36.324,waypoint_1,-19.172,-64.252,-29.994
36.358,waypoint_1,-19.200,-64.343,-29.995
36.390,waypoint_1,-19.227,-64.435,-29.995
36.424,waypoint_1,-19.255,-64.526,-29.995
36.459,waypoint_1,-19.289,-64.641,-29.996
36.490,waypoint_1,-19.317,-64.733,-29.996
36.524,waypoint_1,-19.344,-64.824,-29.997
36.558,waypoint_1,-19.372,-64.916,-29.997
36.590,waypoint_1,-19.399,-65.007,-29.998
36.624,waypoint_1,-19.427,-65.099,-29.998
36.658,waypoint_1,-19.461,-65.214,-29.999
36.690,waypoint_1,-19.489,-65.306,-29.999
36.724,waypoint_1,-19.516,-65.397,-29.999
36.758,waypoint_1,-19.543,-65.489,-30.000
36.790,waypoint_1,-19.571,-65.581,-30.000
36.824,waypoint_1,-19.598,-65.672,-30.000
36.859,waypoint_1,-19.633,-65.787,-30.000
36.890,waypoint_1,-19.660,-65.879,-30.001
36.925,waypoint_1,-19.688,-65.970,-30.001
36.958,waypoint_1,-19.715,-66.062,-30.001
36.990,waypoint_1,-19.742,-66.153,-30.001
37.024,waypoint_1,-19.770,-66.245,-30.002
37.058,waypoint_1,-19.804,-66.360,-30.002
37.090,waypoint_1,-19.831,-66.452,-30.002
37.124,waypoint_1,-19.859,-66.544,-30.002
37.158,waypoint_1,-19.886,-66.635,-30.002
37.190,waypoint_1,-19.914,-66.727,-30.002
37.224,waypoint_1,-19.941,-66.820,-30.002
37.258,waypoint_1,-19.976,-66.935,-30.002
37.290,waypoint_1,-20.004,-67.027,-30.002
37.324,waypoint_1,-20.031,-67.119,-30.002
37.358,waypoint_1,-20.059,-67.212,-30.002
37.390,waypoint_1,-20.087,-67.304,-30.001
37.424,waypoint_1,-20.114,-67.396,-30.001
37.458,waypoint_1,-20.149,-67.512,-30.001
37.490,waypoint_1,-20.176,-67.604,-30.001
37.524,waypoint_1,-20.204,-67.697,-30.000
37.559,waypoint_1,-20.231,-67.789,-30.000
37.590,waypoint_1,-20.258,-67.882,-30.000
37.624,waypoint_1,-20.285,-67.974,-30.000
37.658,waypoint_1,-20.318,-68.089,-29.999
37.690,waypoint_1,-20.345,-68.182,-29.999
37.724,waypoint_1,-20.371,-68.274,-29.999
37.758,waypoint_1,-20.398,-68.366,-29.998
37.790,waypoint_1,-20.424,-68.458,-29.998
37.824,waypoint_1,-20.451,-68.551,-29.998
37.858,waypoint_1,-20.477,-68.643,-29.998
37.890,waypoint_1,-20.510,-68.758,-29.997
37.924,waypoint_1,-20.536,-68.850,-29.997
37.958,waypoint_1,-20.562,-68.941,-29.997
37.990,waypoint_1,-20.589,-69.033,-29.997
38.024,waypoint_1,-20.615,-69.125,-29.997
38.069,waypoint_1,-20.648,-69.240,-29.997
38.106,waypoint_1,-20.675,-69.331,-29.997
38.140,waypoint_1,-20.701,-69.423,-29.997
38.174,waypoint_1,-20.727,-69.515,-29.997
38.206,waypoint_1,-20.754,-69.606,-29.997
38.240,waypoint_1,-20.780,-69.698,-29.997
38.274,waypoint_1,-20.813,-69.812,-29.997
38.306,waypoint_1,-20.840,-69.904,-29.997
38.340,waypoint_1,-20.866,-69.995,-29.997
38.374,waypoint_1,-20.892,-70.087,-29.998
38.406,waypoint_1,-20.918,-70.178,-29.998
38.440,waypoint_1,-20.945,-70.270,-29.998
38.474,waypoint_1,-20.977,-70.385,-29.999
38.506,waypoint_1,-21.003,-70.476,-29.999
38.540,waypoint_1,-21.029,-70.568,-29.999
38.574,waypoint_1,-21.056,-70.659,-30.000
38.606,waypoint_1,-21.082,-70.751,-30.000
38.640,waypoint_1,-21.108,-70.842,-30.000
38.674,waypoint_1,-21.140,-70.957,-30.000
38.706,waypoint_1,-21.166,-71.048,-30.000
38.740,waypoint_1,-21.191,-71.140,-30.000
38.774,waypoint_1,-21.217,-71.231,-30.000
38.806,waypoint_1,-21.243,-71.322,-29.999
38.840,waypoint_1,-21.268,-71.414,-29.999
38.874,waypoint_1,-21.301,-71.528,-29.998
38.906,waypoint_1,-21.326,-71.620,-29.998
38.940,waypoint_1,-21.352,-71.711,-29.997
38.974,waypoint_1,-21.377,-71.803,-29.997
39.006,waypoint_1,-21.403,-71.894,-29.996
39.040,waypoint_1,-21.429,-71.986,-29.996
39.074,waypoint_1,-21.461,-72.100,-29.996
39.106,waypoint_1,-21.486,-72.192,-29.995
39.140,waypoint_1,-21.512,-72.283,-29.995
39.174,waypoint_1,-21.537,-72.374,-29.995
39.206,waypoint_1,-21.563,-72.466,-29.995
39.240,waypoint_1,-21.588,-72.557,-29.995
39.274,waypoint_1,-21.620,-72.671,-29.995
39.306,waypoint_1,-21.646,-72.762,-29.995
39.340,waypoint_1,-21.671,-72.853,-29.995
39.374,waypoint_1,-21.696,-72.944,-29.995
39.406,waypoint_1,-21.721,-73.035,-29.995
39.440,waypoint_1,-21.747,-73.126,-29.995
39.474,waypoint_1,-21.778,-73.240,-29.995
39.506,waypoint_1,-21.804,-73.331,-29.995
39.540,waypoint_1,-21.829,-73.422,-29.994
39.574,waypoint_1,-21.854,-73.513,-29.994
39.606,waypoint_1,-21.880,-73.604,-29.994
39.640,waypoint_1,-21.905,-73.695,-29.994
39.674,waypoint_1,-21.937,-73.809,-29.994
39.706,waypoint_1,-21.962,-73.900,-29.994
39.740,waypoint_1,-21.988,-73.991,-29.993
39.774,waypoint_1,-22.013,-74.082,-29.993
39.806,waypoint_1,-22.039,-74.173,-29.992
39.840,waypoint_1,-22.064,-74.265,-29.992
39.874,waypoint_1,-22.096,-74.379,-29.991
39.906,waypoint_1,-22.122,-74.470,-29.990
39.940,waypoint_1,-22.147,-74.561,-29.990
39.974,waypoint_1,-22.173,-74.652,-29.989
40.006,waypoint_1,-22.198,-74.743,-29.989
40.040,waypoint_1,-22.224,-74.834,-29.988
40.074,waypoint_1,-22.256,-74.948,-29.987
40.106,waypoint_1,-22.282,-75.039,-29.987
40.140,waypoint_2,-22.308,-75.130,-29.987
40.174,waypoint_2,-22.334,-75.222,-29.986
40.206,waypoint_2,-22.360,-75.313,-29.986
40.240,waypoint_2,-22.387,-75.404,-29.986
40.274,waypoint_2,-22.420,-75.517,-29.988
40.306,waypoint_2,-22.446,-75.608,-29.992
40.340,waypoint_2,-22.472,-75.698,-29.996
40.374,waypoint_2,-22.497,-75.788,-30.002
40.406,waypoint_2,-22.521,-75.877,-30.009
40.440,waypoint_2,-22.542,-75.966,-30.015
40.474,waypoint_2,-22.566,-76.077,-30.023
40.506,waypoint_2,-22.582,-76.165,-30.029
40.540,waypoint_2,-22.594,-76.252,-30.034
40.574,waypoint_2,-22.602,-76.338,-30.039
40.606,waypoint_2,-22.607,-76.425,-30.042
40.640,waypoint_2,-22.608,-76.510,-30.044
40.674,waypoint_2,-22.604,-76.616,-30.045
40.706,waypoint_2,-22.596,-76.701,-30.045
40.740,waypoint_2,-22.584,-76.785,-30.044
40.774,waypoint_2,-22.568,-76.868,-30.043
40.806,waypoint_2,-22.549,-76.952,-30.041
40.840,waypoint_2,-22.526,-77.035,-30.038
40.874,waypoint_2,-22.493,-77.139,-30.034
40.906,waypoint_2,-22.462,-77.222,-30.031
40.940,waypoint_2,-22.429,-77.305,-30.028
40.974,waypoint_2,-22.392,-77.388,-30.024
41.006,waypoint_2,-22.353,-77.471,-30.020
41.040,waypoint_2,-22.312,-77.554,-30.017
41.074,waypoint_2,-22.257,-77.658,-30.013
41.106,waypoint_2,-22.211,-77.741,-30.009
41.140,waypoint_2,-22.164,-77.824,-30.006
41.174,waypoint_2,-22.114,-77.908,-30.003
41.206,waypoint_2,-22.063,-77.992,-30.001
41.240,waypoint_2,-22.011,-78.076,-29.999
41.274,waypoint_2,-21.945,-78.181,-29.996
41.306,waypoint_2,-21.890,-78.265,-29.994
41.340,waypoint_2,-21.835,-78.349,-29.993
41.374,waypoint_2,-21.780,-78.433,-29.991
41.406,waypoint_2,-21.723,-78.517,-29.990
41.440,waypoint_2,-21.667,-78.601,-29.989
41.474,waypoint_2,-21.595,-78.705,-29.988
41.506,waypoint_2,-21.538,-78.789,-29.987
41.540,waypoint_2,-21.480,-78.873,-29.987
41.574,waypoint_2,-21.423,-78.956,-29.986
41.606,waypoint_2,-21.365,-79.039,-29.986
41.640,waypoint_2,-21.307,-79.122,-29.985
41.674,waypoint_2,-21.235,-79.226,-29.984
41.706,waypoint_2,-21.177,-79.309,-29.984
41.740,waypoint_2,-21.120,-79.392,-29.984
41.774,waypoint_2,-21.062,-79.475,-29.983
41.806,waypoint_2,-21.004,-79.557,-29.983
41.840,waypoint_2,-20.946,-79.639,-29.983
41.874,waypoint_2,-20.874,-79.742,-29.983
41.906,waypoint_2,-20.817,-79.824,-29.983
41.940,waypoint_2,-20.759,-79.906,-29.983
41.974,waypoint_2,-20.702,-79.987,-29.983
42.006,waypoint_2,-20.645,-80.068,-29.983
42.040,waypoint_2,-20.588,-80.149,-29.983
42.074,waypoint_2,-20.517,-80.250,-29.983
42.106,waypoint_2,-20.460,-80.331,-29.984
42.140,waypoint_2,-20.404,-80.411,-29.984
42.174,waypoint_2,-20.347,-80.491,-29.985
42.206,waypoint_2,-20.291,-80.571,-29.985
42.240,waypoint_2,-20.235,-80.651,-29.986
42.274,waypoint_2,-20.164,-80.750,-29.986
42.306,waypoint_2,-20.108,-80.829,-29.987
42.340,waypoint_2,-20.052,-80.908,-29.987
42.374,waypoint_2,-19.995,-80.987,-29.987
42.406,waypoint_2,-19.939,-81.066,-29.988
42.440,waypoint_2,-19.883,-81.145,-29.988
42.474,waypoint_2,-19.813,-81.243,-29.988
42.506,waypoint_2,-19.757,-81.321,-29.988
42.540,waypoint_2,-19.701,-81.399,-29.988
42.574,waypoint_2,-19.645,-81.477,-29.988
42.606,waypoint_2,-19.589,-81.555,-29.988
42.640,waypoint_2,-19.534,-81.633,-29.988
42.674,waypoint_2,-19.464,-81.729,-29.987
42.706,waypoint_2,-19.408,-81.806,-29.986
42.740,waypoint_2,-19.353,-81.883,-29.986
42.774,waypoint_2,-19.297,-81.960,-29.985
42.806,waypoint_2,-19.242,-82.036,-29.984
42.840,waypoint_2,-19.186,-82.113,-29.984
42.874,waypoint_2,-19.117,-82.209,-29.983
42.906,waypoint_2,-19.061,-82.285,-29.982
42.940,waypoint_2,-19.006,-82.361,-29.981
42.974,waypoint_2,-18.950,-82.438,-29.980
43.006,waypoint_2,-18.895,-82.514,-29.980
43.040,waypoint_2,-18.839,-82.590,-29.979
43.074,waypoint_2,-18.769,-82.685,-29.978
43.106,waypoint_2,-18.713,-82.761,-29.977
43.140,waypoint_2,-18.657,-82.837,-29.976
43.174,waypoint_2,-18.601,-82.912,-29.975
43.206,waypoint_2,-18.544,-82.988,-29.974
43.240,waypoint_2,-18.488,-83.064,-29.973
43.274,waypoint_2,-18.416,-83.159,-29.973
43.306,waypoint_2,-18.359,-83.235,-29.972
43.340,waypoint_2,-18.302,-83.310,-29.971
43.374,waypoint_2,-18.245,-83.386,-29.971
43.406,waypoint_2,-18.187,-83.462,-29.970
43.440,waypoint_2,-18.129,-83.537,-29.970
43.474,waypoint_2,-18.057,-83.632,-29.969
43.506,waypoint_2,-17.999,-83.708,-29.969
43.540,waypoint_2,-17.941,-83.784,-29.968
43.574,waypoint_2,-17.882,-83.860,-29.968
43.606,waypoint_2,-17.824,-83.936,-29.967
43.640,waypoint_2,-17.765,-84.012,-29.967
43.674,waypoint_2,-17.692,-84.107,-29.967
43.706,waypoint_2,-17.633,-84.183,-29.966
43.740,waypoint_2,-17.574,-84.259,-29.966
43.774,waypoint_2,-17.514,-84.335,-29.966
43.806,waypoint_2,-17.455,-84.412,-29.966
43.840,waypoint_2,-17.395,-84.488,-29.966
43.874,waypoint_2,-17.321,-84.583,-29.966
43.906,waypoint_2,-17.261,-84.660,-29.966
43.940,waypoint_2,-17.201,-84.736,-29.966
43.974,waypoint_2,-17.140,-84.812,-29.966
44.006,waypoint_2,-17.080,-84.888,-29.966
44.040,waypoint_2,-17.020,-84.964,-29.966
44.074,waypoint_2,-16.944,-85.060,-29.967
44.106,waypoint_2,-16.884,-85.136,-29.967
44.140,waypoint_2,-16.823,-85.212,-29.967
44.173,waypoint_2,-16.763,-85.288,-29.968
44.207,waypoint_2,-16.702,-85.364,-29.968
44.241,waypoint_2,-16.642,-85.440,-29.969
44.273,waypoint_2,-16.581,-85.515,-29.969
44.307,waypoint_2,-16.506,-85.610,-29.970
44.341,waypoint_2,-16.446,-85.686,-29.971
44.373,waypoint_2,-16.385,-85.761,-29.971
44.407,waypoint_2,-16.325,-85.837,-29.972
44.441,waypoint_2,-16.265,-85.912,-29.972
44.473,waypoint_2,-16.204,-85.987,-29.973
44.507,waypoint_2,-16.129,-86.081,-29.973
44.541,waypoint_2,-16.069,-86.156,-29.974
44.573,waypoint_2,-16.009,-86.231,-29.974
44.607,waypoint_2,-15.949,-86.306,-29.975
44.641,waypoint_2,-15.889,-86.381,-29.975
44.673,waypoint_2,-15.829,-86.456,-29.975
44.707,waypoint_2,-15.754,-86.549,-29.976
44.741,waypoint_2,-15.694,-86.624,-29.976
44.773,waypoint_2,-15.633,-86.699,-29.976
44.807,waypoint_2,-15.573,-86.774,-29.976
44.841,waypoint_2,-15.513,-86.849,-29.977
44.873,waypoint_2,-15.453,-86.924,-29.977
44.907,waypoint_2,-15.378,-87.017,-29.977
44.941,waypoint_2,-15.318,-87.092,-29.976
44.973,waypoint_2,-15.257,-87.167,-29.976
45.007,waypoint_2,-15.197,-87.242,-29.976
45.041,waypoint_2,-15.137,-87.317,-29.976
45.073,waypoint_2,-15.077,-87.392,-29.977
45.107,waypoint_2,-15.001,-87.486,-29.977
45.141,waypoint_2,-14.941,-87.561,-29.977
45.173,waypoint_2,-14.880,-87.636,-29.977
45.207,waypoint_2,-14.820,-87.711,-29.977
45.241,waypoint_2,-14.760,-87.786,-29.977
45.273,waypoint_2,-14.699,-87.860,-29.978
45.307,waypoint_2,-14.624,-87.954,-29.978
45.341,waypoint_2,-14.564,-88.029,-29.978
45.373,waypoint_2,-14.504,-88.103,-29.978
45.407,waypoint_2,-14.444,-88.178,-29.978
45.441,waypoint_2,-14.384,-88.252,-29.979
45.473,waypoint_2,-14.324,-88.327,-29.979
45.507,waypoint_2,-14.250,-88.420,-29.979
45.541,waypoint_2,-14.190,-88.494,-29.979
45.573,waypoint_2,-14.131,-88.569,-29.979
45.607,waypoint_2,-14.072,-88.644,-29.979
45.641,waypoint_2,-14.013,-88.718,-29.980
45.673,waypoint_2,-13.954,-88.793,-29.980
45.707,waypoint_2,-13.880,-88.886,-29.980
45.741,waypoint_2,-13.821,-88.961,-29.980
45.773,waypoint_2,-13.762,-89.035,-29.980
45.807,waypoint_2,-13.703,-89.110,-29.981
45.841,waypoint_2,-13.644,-89.185,-29.981
45.873,waypoint_2,-13.585,-89.259,-29.981
45.907,waypoint_2,-13.512,-89.352,-29.981
45.941,waypoint_2,-13.452,-89.427,-29.981
45.973,waypoint_2,-13.393,-89.502,-29.981
46.007,waypoint_2,-13.334,-89.576,-29.981
46.041,waypoint_2,-13.275,-89.651,-29.981
46.073,waypoint_2,-13.217,-89.726,-29.981
46.107,waypoint_2,-13.143,-89.819,-29.981
46.141,waypoint_2,-13.084,-89.894,-29.981
46.173,waypoint_2,-13.025,-89.969,-29.981
46.207,waypoint_2,-12.966,-90.043,-29.981
46.241,waypoint_2,-12.907,-90.118,-29.980
46.273,waypoint_2,-12.848,-90.193,-29.980
46.307,waypoint_2,-12.775,-90.287,-29.980
46.341,waypoint_2,-12.716,-90.362,-29.980
46.373,waypoint_2,-12.657,-90.437,-29.980
46.407,waypoint_2,-12.599,-90.512,-29.980
46.441,waypoint_2,-12.540,-90.587,-29.980
46.473,waypoint_2,-12.481,-90.663,-29.980
46.507,waypoint_2,-12.408,-90.758,-29.980
46.541,waypoint_2,-12.350,-90.833,-29.980
46.573,waypoint_2,-12.291,-90.909,-29.980
46.607,waypoint_2,-12.233,-90.984,-29.980
46.641,waypoint_2,-12.174,-91.060,-29.980
46.673,waypoint_2,-12.116,-91.136,-29.980
46.707,waypoint_2,-12.043,-91.230,-29.980
46.741,waypoint_2,-11.984,-91.306,-29.980
46.773,waypoint_2,-11.926,-91.381,-29.980
46.807,waypoint_2,-11.868,-91.457,-29.980
46.841,waypoint_2,-11.809,-91.532,-29.980
46.873,waypoint_2,-11.751,-91.607,-29.980
46.907,waypoint_2,-11.678,-91.702,-29.980
46.941,waypoint_2,-11.619,-91.777,-29.980
46.973,waypoint_2,-11.561,-91.852,-29.980
47.007,waypoint_2,-11.503,-91.927,-29.980
47.041,waypoint_2,-11.444,-92.002,-29.980
47.073,waypoint_2,-11.386,-92.078,-29.980
47.107,waypoint_2,-11.313,-92.171,-29.980
47.141,waypoint_2,-11.255,-92.247,-29.979
47.173,waypoint_2,-11.197,-92.322,-29.979
47.207,waypoint_2,-11.139,-92.397,-29.979
47.241,waypoint_2,-11.081,-92.472,-29.979
47.273,waypoint_2,-11.023,-92.547,-29.979
47.307,waypoint_2,-10.951,-92.640,-29.979
47.341,waypoint_2,-10.892,-92.715,-29.980
47.373,waypoint_2,-10.834,-92.790,-29.980
47.407,waypoint_2,-10.776,-92.865,-29.980
47.441,waypoint_2,-10.718,-92.940,-29.980
47.473,waypoint_2,-10.659,-93.015,-29.980
47.507,waypoint_2,-10.586,-93.108,-29.980
47.541,waypoint_2,-10.528,-93.183,-29.980
47.573,waypoint_2,-10.469,-93.258,-29.980
47.607,waypoint_2,-10.411,-93.333,-29.980
47.641,waypoint_2,-10.352,-93.408,-29.980
47.673,waypoint_2,-10.294,-93.483,-29.980
47.707,waypoint_2,-10.220,-93.577,-29.980
47.741,waypoint_2,-10.162,-93.652,-29.980
47.773,waypoint_2,-10.103,-93.726,-29.980
47.807,waypoint_2,-10.044,-93.801,-29.980
47.841,waypoint_2,-9.985,-93.876,-29.980
47.873,waypoint_2,-9.926,-93.951,-29.980
47.907,waypoint_2,-9.852,-94.044,-29.980
47.941,waypoint_2,-9.793,-94.119,-29.980
47.973,waypoint_2,-9.734,-94.194,-29.980
48.007,waypoint_2,-9.675,-94.269,-29.980
48.041,waypoint_2,-9.616,-94.344,-29.980
48.073,waypoint_2,-9.557,-94.419,-29.980
48.107,waypoint_2,-9.483,-94.513,-29.980
48.141,waypoint_2,-9.424,-94.588,-29.980
48.173,waypoint_2,-9.365,-94.664,-29.980
48.207,waypoint_2,-9.306,-94.739,-29.980
48.241,waypoint_2,-9.247,-94.815,-29.980
48.273,waypoint_2,-9.188,-94.891,-29.980
48.307,waypoint_2,-9.113,-94.986,-29.980
48.341,waypoint_2,-9.054,-95.062,-29.980
48.373,waypoint_2,-8.995,-95.138,-29.979
48.407,waypoint_2,-8.936,-95.214,-29.979
48.442,waypoint_2,-8.876,-95.291,-29.979
48.474,waypoint_2,-8.817,-95.367,-29.979
48.508,waypoint_2,-8.743,-95.463,-29.979
48.542,waypoint_2,-8.684,-95.539,-29.979
48.574,waypoint_2,-8.624,-95.616,-29.978
48.608,waypoint_2,-8.565,-95.693,-29.978
48.642,waypoint_2,-8.505,-95.769,-29.978
48.674,waypoint_2,-8.446,-95.846,-29.977
48.708,waypoint_2,-8.371,-95.943,-29.977
48.742,waypoint_2,-8.312,-96.020,-29.976
48.774,waypoint_2,-8.253,-96.098,-29.976
48.808,waypoint_2,-8.193,-96.175,-29.975
48.842,waypoint_2,-8.134,-96.252,-29.975
48.874,waypoint_2,-8.075,-96.330,-29.975
48.908,waypoint_2,-8.001,-96.427,-29.974
48.942,waypoint_2,-7.942,-96.505,-29.974
48.974,waypoint_2,-7.884,-96.582,-29.973
49.008,waypoint_2,-7.825,-96.660,-29.973
49.042,waypoint_2,-7.766,-96.738,-29.972
49.074,waypoint_2,-7.707,-96.815,-29.972
49.108,waypoint_2,-7.634,-96.913,-29.972
49.142,waypoint_2,-7.575,-96.990,-29.971
49.174,waypoint_2,-7.517,-97.068,-29.971
49.208,waypoint_2,-7.458,-97.146,-29.971
49.242,waypoint_2,-7.399,-97.224,-29.971
49.274,waypoint_2,-7.341,-97.301,-29.972
49.308,waypoint_2,-7.268,-97.398,-29.972
49.342,waypoint_2,-7.210,-97.475,-29.972
49.374,waypoint_2,-7.151,-97.552,-29.972
49.408,waypoint_2,-7.093,-97.630,-29.971
49.442,waypoint_2,-7.034,-97.707,-29.971
49.474,waypoint_2,-6.976,-97.784,-29.971
49.508,waypoint_2,-6.903,-97.880,-29.971
49.542,waypoint_2,-6.845,-97.957,-29.971
49.574,waypoint_2,-6.787,-98.034,-29.971
49.608,waypoint_2,-6.729,-98.111,-29.971
49.642,waypoint_2,-6.671,-98.188,-29.971
49.674,waypoint_2,-6.613,-98.265,-29.971
49.708,waypoint_2,-6.540,-98.361,-29.971
49.742,waypoint_2,-6.482,-98.438,-29.972
49.774,waypoint_2,-6.424,-98.515,-29.972
49.808,waypoint_2,-6.366,-98.591,-29.972
49.842,waypoint_2,-6.308,-98.668,-29.972
49.874,waypoint_2,-6.250,-98.745,-29.972
49.908,waypoint_2,-6.177,-98.841,-29.973
49.942,waypoint_2,-6.119,-98.918,-29.973
49.974,waypoint_2,-6.061,-98.994,-29.974
50.008,waypoint_2,-6.003,-99.071,-29.974
50.042,waypoint_2,-5.945,-99.148,-29.975
50.074,waypoint_2,-5.887,-99.225,-29.975
50.108,waypoint_2,-5.814,-99.322,-29.975
50.142,waypoint_2,-5.756,-99.399,-29.975
50.174,waypoint_2,-5.699,-99.476,-29.976
50.208,waypoint_2,-5.641,-99.553,-29.976
50.242,waypoint_2,-5.584,-99.631,-29.976
50.274,waypoint_2,-5.526,-99.708,-29.977
50.308,waypoint_2,-5.455,-99.805,-29.977
50.342,waypoint_2,-5.397,-99.882,-29.977
50.374,waypoint_2,-5.340,-99.960,-29.977
50.408,waypoint_2,-5.283,-100.037,-29.978
50.442,waypoint_2,-5.225,-100.115,-29.978
50.474,waypoint_2,-5.168,-100.193,-29.978
50.508,waypoint_2,-5.096,-100.290,-29.979
50.542,waypoint_2,-5.039,-100.368,-29.979
50.574,waypoint_2,-4.981,-100.446,-29.980
50.608,waypoint_2,-4.924,-100.524,-29.980
50.642,waypoint_2,-4.867,-100.602,-29.981
50.674,waypoint_2,-4.810,-100.680,-29.981
50.708,waypoint_2,-4.738,-100.778,-29.982
50.742,waypoint_2,-4.681,-100.855,-29.983
50.774,waypoint_2,-4.624,-100.933,-29.983
50.808,waypoint_2,-4.567,-101.011,-29.984
50.842,waypoint_2,-4.510,-101.089,-29.984
50.874,waypoint_2,-4.454,-101.166,-29.985
50.908,waypoint_2,-4.383,-101.263,-29.985
50.942,waypoint_2,-4.327,-101.340,-29.985
50.974,waypoint_2,-4.270,-101.417,-29.986
51.008,waypoint_2,-4.213,-101.494,-29.986
51.042,waypoint_2,-4.157,-101.572,-29.986
51.074,waypoint_2,-4.100,-101.649,-29.987
51.108,waypoint_2,-4.029,-101.745,-29.987
51.142,waypoint_2,-3.972,-101.822,-29.986
51.174,waypoint_2,-3.915,-101.899,-29.986
51.208,waypoint_2,-3.858,-101.975,-29.986
51.242,waypoint_2,-3.801,-102.052,-29.986
51.274,waypoint_2,-3.743,-102.128,-29.985
51.308,waypoint_2,-3.672,-102.224,-29.985
51.342,waypoint_2,-3.614,-102.300,-29.985
51.374,waypoint_2,-3.556,-102.377,-29.984
51.408,waypoint_2,-3.499,-102.453,-29.984
51.442,waypoint_2,-3.441,-102.529,-29.983
51.474,waypoint_2,-3.383,-102.606,-29.983
51.508,waypoint_2,-3.311,-102.701,-29.982
51.542,waypoint_2,-3.253,-102.778,-29.982
51.574,waypoint_2,-3.195,-102.854,-29.982
51.608,waypoint_2,-3.137,-102.931,-29.981
51.642,waypoint_2,-3.080,-103.008,-29.981
51.674,waypoint_2,-3.022,-103.085,-29.981
51.708,waypoint_2,-2.951,-103.181,-29.981
51.742,waypoint_2,-2.893,-103.258,-29.980
51.774,waypoint_2,-2.836,-103.335,-29.980
51.808,waypoint_2,-2.778,-103.413,-29.980
51.842,waypoint_2,-2.721,-103.490,-29.980
51.874,waypoint_2,-2.664,-103.567,-29.980
51.908,waypoint_2,-2.592,-103.664,-29.980
51.942,waypoint_2,-2.535,-103.741,-29.980
51.974,waypoint_2,-2.478,-103.819,-29.979
52.008,waypoint_2,-2.420,-103.896,-29.979
52.042,waypoint_2,-2.363,-103.974,-29.979
52.074,waypoint_2,-2.306,-104.052,-29.979
52.108,waypoint_2,-2.234,-104.149,-29.979
52.142,waypoint_2,-2.177,-104.226,-29.979
52.174,waypoint_2,-2.119,-104.304,-29.979
52.208,waypoint_2,-2.062,-104.382,-29.979
52.242,waypoint_2,-2.005,-104.460,-29.979
52.274,waypoint_2,-1.948,-104.538,-29.980
52.308,waypoint_2,-1.876,-104.636,-29.980
52.342,waypoint_2,-1.819,-104.714,-29.980
52.374,waypoint_2,-1.762,-104.792,-29.981
52.408,waypoint_2,-1.705,-104.871,-29.981
52.442,waypoint_2,-1.648,-104.949,-29.981
52.474,waypoint_2,-1.591,-105.027,-29.982
52.508,waypoint_2,-1.519,-105.125,-29.982
52.542,waypoint_2,-1.462,-105.203,-29.982
52.574,waypoint_2,-1.405,-105.281,-29.982
52.608,waypoint_2,-1.348,-105.360,-29.982
52.642,waypoint_2,-1.291,-105.438,-29.982
52.674,waypoint_2,-1.234,-105.516,-29.982
52.708,waypoint_2,-1.163,-105.614,-29.982
52.742,waypoint_2,-1.106,-105.692,-29.982
52.774,waypoint_2,-1.049,-105.771,-29.982
52.808,waypoint_2,-0.992,-105.849,-29.982
52.842,waypoint_2,-0.935,-105.927,-29.982
52.874,waypoint_2,-0.878,-106.005,-29.982
52.908,waypoint_2,-0.807,-106.103,-29.981
52.942,waypoint_2,-0.750,-106.182,-29.981
52.974,waypoint_2,-0.693,-106.260,-29.981
53.008,waypoint_2,-0.637,-106.338,-29.980
53.042,waypoint_2,-0.580,-106.416,-29.980
53.074,waypoint_2,-0.523,-106.494,-29.979
53.108,waypoint_2,-0.453,-106.592,-29.978
53.142,waypoint_2,-0.396,-106.670,-29.978
53.174,waypoint_2,-0.340,-106.748,-29.977
53.208,waypoint_2,-0.283,-106.826,-29.976
53.242,waypoint_2,-0.227,-106.904,-29.975
53.274,waypoint_2,-0.170,-106.982,-29.974
53.308,waypoint_2,-0.100,-107.079,-29.973
53.342,waypoint_2,-0.044,-107.157,-29.972
53.374,waypoint_2,0.012,-107.235,-29.972
53.408,waypoint_2,0.068,-107.312,-29.971
53.442,waypoint_2,0.124,-107.390,-29.971
53.474,waypoint_2,0.180,-107.467,-29.971
53.509,waypoint_2,0.250,-107.564,-29.971
53.542,waypoint_2,0.306,-107.641,-29.971
53.574,waypoint_2,0.362,-107.718,-29.971
53.608,waypoint_2,0.419,-107.796,-29.972
53.642,waypoint_2,0.475,-107.873,-29.972
53.674,waypoint_2,0.531,-107.950,-29.972
53.708,waypoint_2,0.601,-108.047,-29.973
53.742,waypoint_2,0.658,-108.124,-29.973
53.774,waypoint_2,0.714,-108.202,-29.974
53.808,waypoint_2,0.770,-108.279,-29.974
53.842,waypoint_2,0.826,-108.356,-29.975
53.874,waypoint_2,0.883,-108.433,-29.975
53.908,waypoint_2,0.953,-108.530,-29.976
53.942,waypoint_2,1.010,-108.607,-29.976
53.974,waypoint_2,1.066,-108.684,-29.976
54.008,waypoint_2,1.123,-108.761,-29.977
54.042,waypoint_2,1.180,-108.838,-29.977
54.074,waypoint_2,1.236,-108.915,-29.977
54.108,waypoint_2,1.307,-109.012,-29.977
54.142,waypoint_2,1.364,-109.089,-29.977
54.174,waypoint_2,1.421,-109.167,-29.977
54.208,waypoint_2,1.478,-109.244,-29.977
54.242,waypoint_2,1.535,-109.322,-29.976
54.274,waypoint_2,1.593,-109.399,-29.976
54.308,waypoint_2,1.664,-109.496,-29.975
54.342,waypoint_2,1.722,-109.573,-29.974
54.374,waypoint_2,1.780,-109.651,-29.974
54.408,waypoint_2,1.837,-109.728,-29.973
54.442,waypoint_2,1.895,-109.805,-29.972
54.474,waypoint_2,1.953,-109.883,-29.971
54.508,waypoint_2,2.025,-109.979,-29.970
54.542,waypoint_2,2.083,-110.057,-29.969
54.574,waypoint_2,2.140,-110.134,-29.968
54.608,waypoint_2,2.198,-110.212,-29.968
54.642,waypoint_2,2.255,-110.289,-29.967
54.674,waypoint_2,2.313,-110.366,-29.966
54.708,waypoint_2,2.384,-110.463,-29.966
54.742,waypoint_2,2.442,-110.540,-29.966
54.774,waypoint_2,2.499,-110.618,-29.965
54.808,waypoint_2,2.556,-110.695,-29.965
54.842,waypoint_2,2.613,-110.772,-29.965
54.874,waypoint_2,2.671,-110.849,-29.965
54.908,waypoint_2,2.742,-110.946,-29.965
54.942,waypoint_2,2.799,-111.023,-29.966
54.974,waypoint_2,2.856,-111.101,-29.966
55.008,waypoint_2,2.913,-111.178,-29.966
55.042,waypoint_2,2.970,-111.256,-29.967
55.074,waypoint_2,3.026,-111.334,-29.967
55.108,waypoint_2,3.097,-111.431,-29.968
55.142,waypoint_2,3.154,-111.509,-29.969
55.174,waypoint_2,3.210,-111.587,-29.969
55.208,waypoint_2,3.267,-111.665,-29.970
55.242,waypoint_2,3.323,-111.744,-29.971
55.274,waypoint_2,3.380,-111.822,-29.972
55.308,waypoint_2,3.450,-111.920,-29.973
55.342,waypoint_2,3.507,-111.998,-29.974
55.374,waypoint_2,3.563,-112.076,-29.974
55.408,waypoint_2,3.619,-112.154,-29.975
55.442,waypoint_2,3.675,-112.232,-29.976
55.474,waypoint_2,3.731,-112.310,-29.977
55.508,waypoint_2,3.801,-112.408,-29.977
55.542,waypoint_2,3.857,-112.486,-29.978
55.574,waypoint_2,3.913,-112.563,-29.978
55.608,waypoint_2,3.969,-112.641,-29.978
55.642,waypoint_2,4.025,-112.718,-29.978
55.674,waypoint_2,4.080,-112.796,-29.978
55.708,waypoint_2,4.150,-112.892,-29.978
55.742,waypoint_2,4.206,-112.970,-29.978
55.774,waypoint_2,4.262,-113.047,-29.978
55.808,waypoint_2,4.317,-113.124,-29.978
55.842,waypoint_2,4.373,-113.201,-29.978
55.874,waypoint_2,4.429,-113.278,-29.978
55.908,waypoint_2,4.498,-113.375,-29.978
55.942,waypoint_2,4.554,-113.452,-29.978
55.974,waypoint_2,4.609,-113.529,-29.978
56.008,waypoint_2,4.664,-113.607,-29.978
56.042,waypoint_2,4.720,-113.684,-29.978
56.074,waypoint_2,4.775,-113.762,-29.978
56.108,waypoint_2,4.844,-113.859,-29.978
56.142,waypoint_2,4.900,-113.937,-29.979
56.174,waypoint_2,4.955,-114.015,-29.979
56.208,waypoint_2,5.011,-114.093,-29.979
56.242,waypoint_2,5.067,-114.171,-29.979
56.274,waypoint_2,5.123,-114.250,-29.979
56.310,waypoint_2,5.192,-114.348,-29.980
56.344,waypoint_2,5.248,-114.427,-29.980
56.376,waypoint_2,5.303,-114.505,-29.980
56.410,waypoint_2,5.359,-114.584,-29.980
56.443,waypoint_2,5.415,-114.663,-29.980
56.476,waypoint_2,5.471,-114.742,-29.980
56.510,waypoint_2,5.540,-114.840,-29.980
56.544,waypoint_2,5.596,-114.919,-29.980
56.576,waypoint_2,5.652,-114.998,-29.980
56.610,waypoint_2,5.708,-115.077,-29.980
56.644,waypoint_2,5.764,-115.156,-29.980
56.676,waypoint_2,5.821,-115.235,-29.980
56.710,waypoint_2,5.891,-115.334,-29.980
56.743,waypoint_2,5.947,-115.413,-29.980
56.776,waypoint_2,6.004,-115.492,-29.981
56.810,waypoint_2,6.060,-115.570,-29.981
56.844,waypoint_2,6.117,-115.649,-29.981
56.876,waypoint_2,6.174,-115.728,-29.981
56.910,waypoint_2,6.245,-115.826,-29.981
56.943,waypoint_2,6.302,-115.904,-29.981
56.976,waypoint_2,6.359,-115.982,-29.981
57.010,waypoint_2,6.416,-116.061,-29.981
57.044,waypoint_2,6.473,-116.139,-29.981
57.076,waypoint_2,6.530,-116.217,-29.981
57.110,waypoint_2,6.601,-116.314,-29.982
57.144,waypoint_2,6.657,-116.392,-29.982
57.176,waypoint_2,6.714,-116.470,-29.982
57.210,waypoint_2,6.771,-116.548,-29.982
57.243,waypoint_2,6.827,-116.626,-29.982
57.276,waypoint_2,6.884,-116.704,-29.981
57.310,waypoint_2,6.954,-116.801,-29.981
57.344,waypoint_2,7.011,-116.879,-29.981
57.376,waypoint_2,7.067,-116.957,-29.982
57.410,waypoint_2,7.123,-117.035,-29.982
57.443,waypoint_2,7.180,-117.113,-29.981
57.476,waypoint_2,7.236,-117.191,-29.981
57.510,waypoint_2,7.306,-117.288,-29.981
57.544,waypoint_2,7.362,-117.366,-29.981
57.576,waypoint_2,7.419,-117.444,-29.981
57.610,waypoint_2,7.475,-117.522,-29.980
57.644,waypoint_2,7.531,-117.599,-29.980
57.676,waypoint_2,7.587,-117.677,-29.980
57.710,waypoint_2,7.657,-117.774,-29.979
57.744,waypoint_2,7.713,-117.852,-29.978
57.776,waypoint_2,7.769,-117.930,-29.978
57.810,waypoint_2,7.825,-118.007,-29.977
57.844,waypoint_2,7.881,-118.085,-29.976
57.876,waypoint_2,7.937,-118.163,-29.976
57.910,waypoint_2,8.007,-118.260,-29.975
57.944,waypoint_2,8.063,-118.337,-29.975
57.976,waypoint_2,8.119,-118.415,-29.974
58.010,waypoint_2,8.176,-118.493,-29.974
58.044,waypoint_2,8.232,-118.570,-29.974
58.076,waypoint_2,8.288,-118.647,-29.973
58.110,waypoint_2,8.359,-118.744,-29.973
58.144,waypoint_2,8.415,-118.821,-29.973
58.176,waypoint_2,8.471,-118.899,-29.973
58.210,waypoint_2,8.527,-118.976,-29.972
58.244,waypoint_2,8.583,-119.053,-29.972
58.276,waypoint_2,8.639,-119.131,-29.972
58.310,waypoint_2,8.709,-119.227,-29.971
58.344,waypoint_2,8.765,-119.305,-29.971
58.376,waypoint_2,8.820,-119.382,-29.971
58.410,waypoint_2,8.876,-119.460,-29.970
58.444,waypoint_2,8.932,-119.537,-29.970
58.476,waypoint_2,8.987,-119.615,-29.970
58.510,waypoint_2,9.057,-119.712,-29.970
58.544,waypoint_2,9.112,-119.789,-29.970
58.576,waypoint_2,9.167,-119.867,-29.970
58.610,waypoint_2,9.223,-119.944,-29.970
58.644,waypoint_2,9.278,-120.021,-29.970
58.676,waypoint_2,9.334,-120.099,-29.970
58.710,waypoint_2,9.403,-120.195,-29.970
58.744,waypoint_2,9.458,-120.272,-29.970
58.776,waypoint_2,9.513,-120.350,-29.970
58.810,waypoint_2,9.569,-120.427,-29.970
58.844,waypoint_2,9.624,-120.504,-29.970
58.876,waypoint_2,9.679,-120.582,-29.971
58.910,waypoint_2,9.748,-120.679,-29.971
58.944,waypoint_2,9.803,-120.756,-29.972
58.976,waypoint_2,9.857,-120.834,-29.972
59.010,waypoint_2,9.912,-120.912,-29.972
59.044,waypoint_2,9.967,-120.989,-29.973
59.077,waypoint_2,10.035,-121.086,-29.973
59.109,waypoint_2,10.090,-121.164,-29.974
59.143,waypoint_2,10.144,-121.241,-29.974
59.177,waypoint_2,10.199,-121.319,-29.974
59.209,waypoint_2,10.254,-121.397,-29.975
59.243,waypoint_2,10.308,-121.474,-29.975
59.277,waypoint_2,10.377,-121.571,-29.976
59.309,waypoint_2,10.431,-121.649,-29.976
59.343,waypoint_2,10.486,-121.727,-29.977
59.377,waypoint_2,10.541,-121.804,-29.978
59.409,waypoint_2,10.596,-121.882,-29.978
59.443,waypoint_2,10.651,-121.959,-29.979
59.477,waypoint_2,10.720,-122.057,-29.979
59.509,waypoint_2,10.776,-122.134,-29.980
59.543,waypoint_2,10.831,-122.212,-29.980
59.577,waypoint_2,10.887,-122.290,-29.980
59.609,waypoint_2,10.943,-122.368,-29.981
59.643,waypoint_2,10.998,-122.446,-29.981
59.677,waypoint_2,11.068,-122.544,-29.982
59.709,waypoint_2,11.124,-122.622,-29.982
59.743,waypoint_2,11.180,-122.701,-29.983
59.777,waypoint_2,11.235,-122.779,-29.984
59.809,waypoint_2,11.291,-122.857,-29.984
59.843,waypoint_2,11.347,-122.936,-29.985
59.877,waypoint_2,11.417,-123.033,-29.986
59.909,waypoint_2,11.473,-123.112,-29.986
59.943,waypoint_2,11.529,-123.190,-29.986
59.977,waypoint_2,11.585,-123.268,-29.987
60.009,waypoint_2,11.642,-123.346,-29.987
60.043,waypoint_2,11.698,-123.424,-29.988
60.077,waypoint_2,11.768,-123.521,-29.988
60.109,waypoint_2,11.825,-123.599,-29.988
60.143,waypoint_2,11.881,-123.677,-29.988
60.177,waypoint_2,11.937,-123.755,-29.988
60.209,waypoint_2,11.994,-123.833,-29.988
60.243,waypoint_2,12.050,-123.911,-29.988
60.277,waypoint_2,12.121,-124.009,-29.988
60.309,waypoint_2,12.177,-124.088,-29.988
60.343,waypoint_2,12.234,-124.166,-29.988
60.377,waypoint_2,12.290,-124.244,-29.987
60.409,waypoint_2,12.347,-124.323,-29.987
60.443,waypoint_2,12.403,-124.401,-29.986
60.477,waypoint_2,12.473,-124.499,-29.986
60.509,waypoint_2,12.529,-124.578,-29.985
60.543,waypoint_2,12.585,-124.656,-29.985
60.577,waypoint_2,12.642,-124.735,-29.984
60.609,waypoint_2,12.698,-124.813,-29.984
60.643,waypoint_2,12.754,-124.892,-29.983
60.677,waypoint_2,12.825,-124.990,-29.983
60.709,waypoint_2,12.881,-125.069,-29.982
60.743,waypoint_2,12.938,-125.148,-29.982
60.777,waypoint_2,12.994,-125.226,-29.981
60.809,waypoint_2,13.050,-125.305,-29.981
60.843,waypoint_2,13.106,-125.384,-29.981
60.877,waypoint_2,13.176,-125.482,-29.980
60.909,waypoint_2,13.232,-125.561,-29.980
60.943,waypoint_2,13.288,-125.639,-29.979
60.977,waypoint_2,13.343,-125.718,-29.979
61.009,waypoint_2,13.399,-125.797,-29.978
61.043,waypoint_2,13.454,-125.875,-29.978
61.078,waypoint_3,13.524,-125.973,-29.977
61.109,waypoint_3,13.579,-126.052,-29.979
61.143,waypoint_3,13.634,-126.130,-29.985
61.177,waypoint_3,13.689,-126.209,-29.993
61.210,waypoint_3,13.742,-126.287,-30.004
61.244,waypoint_3,13.793,-126.364,-30.016
61.276,waypoint_3,13.841,-126.442,-30.028
61.310,waypoint_3,13.896,-126.537,-30.043
61.344,waypoint_3,13.936,-126.613,-30.054
61.376,waypoint_3,13.971,-126.688,-30.063
61.410,waypoint_3,14.001,-126.763,-30.070
61.444,waypoint_3,14.026,-126.837,-30.076
61.476,waypoint_3,14.045,-126.910,-30.080
61.510,waypoint_3,14.061,-127.000,-30.082
61.544,waypoint_3,14.067,-127.071,-30.081
61.576,waypoint_3,14.068,-127.142,-30.079
61.610,waypoint_3,14.063,-127.212,-30.076
61.644,waypoint_3,14.052,-127.280,-30.071
61.676,waypoint_3,14.036,-127.349,-30.066
61.710,waypoint_3,14.009,-127.433,-30.058
61.744,waypoint_3,13.981,-127.499,-30.052
61.776,waypoint_3,13.948,-127.565,-30.045
61.810,waypoint_3,13.911,-127.631,-30.037
61.844,waypoint_3,13.870,-127.695,-30.030
61.876,waypoint_3,13.825,-127.760,-30.023
61.910,waypoint_3,13.763,-127.840,-30.014
61.944,waypoint_3,13.710,-127.903,-30.007
61.975,waypoint_3,13.655,-127.966,-30.001
62.009,waypoint_3,13.596,-128.029,-29.995
62.043,waypoint_3,13.536,-128.091,-29.990
62.077,waypoint_3,13.457,-128.168,-29.983
62.109,waypoint_3,13.392,-128.230,-29.979
62.143,waypoint_3,13.325,-128.292,-29.975
62.177,waypoint_3,13.258,-128.353,-29.971
62.209,waypoint_3,13.189,-128.414,-29.968
62.243,waypoint_3,13.119,-128.475,-29.966
62.277,waypoint_3,13.031,-128.551,-29.963
62.309,waypoint_3,12.959,-128.611,-29.961
62.343,waypoint_3,12.888,-128.672,-29.960
62.377,waypoint_3,12.815,-128.732,-29.959
62.409,waypoint_3,12.743,-128.792,-29.958
62.443,waypoint_3,12.670,-128.853,-29.957
62.477,waypoint_3,12.579,-128.928,-29.957
62.509,waypoint_3,12.506,-128.988,-29.957
62.543,waypoint_3,12.433,-129.048,-29.957
62.577,waypoint_3,12.360,-129.108,-29.957
62.609,waypoint_3,12.287,-129.168,-29.957
62.643,waypoint_3,12.214,-129.227,-29.958
62.677,waypoint_3,12.123,-129.302,-29.958
62.709,waypoint_3,12.050,-129.362,-29.958
62.743,waypoint_3,11.977,-129.422,-29.959
62.777,waypoint_3,11.905,-129.482,-29.960
62.809,waypoint_3,11.832,-129.541,-29.960
62.843,waypoint_3,11.759,-129.601,-29.960
62.877,waypoint_3,11.668,-129.676,-29.961
62.909,waypoint_3,11.595,-129.735,-29.961
62.943,waypoint_3,11.522,-129.795,-29.962
62.977,waypoint_3,11.449,-129.855,-29.962
63.009,waypoint_3,11.376,-129.914,-29.962
63.043,waypoint_3,11.303,-129.974,-29.963
63.077,waypoint_3,11.212,-130.048,-29.963
63.109,waypoint_3,11.139,-130.108,-29.963
63.143,waypoint_3,11.066,-130.168,-29.963
63.177,waypoint_3,10.993,-130.228,-29.964
63.209,waypoint_3,10.921,-130.287,-29.964
63.243,waypoint_3,10.848,-130.347,-29.965
63.277,waypoint_3,10.757,-130.422,-29.966
63.309,waypoint_3,10.684,-130.482,-29.966
63.343,waypoint_3,10.612,-130.542,-29.967
63.377,waypoint_3,10.539,-130.603,-29.968
63.409,waypoint_3,10.467,-130.663,-29.969
63.443,waypoint_3,10.394,-130.723,-29.970
63.477,waypoint_3,10.303,-130.799,-29.971
63.509,waypoint_3,10.231,-130.859,-29.972
63.543,waypoint_3,10.158,-130.920,-29.973
63.577,waypoint_3,10.086,-130.980,-29.975
63.609,waypoint_3,10.013,-131.041,-29.976
63.643,waypoint_3,9.941,-131.101,-29.978
63.677,waypoint_3,9.850,-131.177,-29.979
63.709,waypoint_3,9.778,-131.238,-29.981
63.743,waypoint_3,9.705,-131.298,-29.982
63.777,waypoint_3,9.633,-131.359,-29.984
63.809,waypoint_3,9.561,-131.420,-29.985
63.843,waypoint_3,9.488,-131.481,-29.986
63.877,waypoint_3,9.398,-131.557,-29.988
63.909,waypoint_3,9.325,-131.618,-29.989
63.943,waypoint_3,9.252,-131.679,-29.990
63.977,waypoint_3,9.180,-131.740,-29.991
64.009,waypoint_3,9.107,-131.801,-29.992
64.043,waypoint_3,9.035,-131.861,-29.993
64.077,waypoint_3,8.944,-131.937,-29.994
64.109,waypoint_3,8.872,-131.998,-29.994
64.143,waypoint_3,8.799,-132.059,-29.995
64.177,waypoint_3,8.727,-132.120,-29.995
64.209,waypoint_3,8.654,-132.180,-29.996
64.243,waypoint_3,8.582,-132.241,-29.996
64.277,waypoint_3,8.491,-132.317,-29.996
64.309,waypoint_3,8.419,-132.377,-29.996
64.342,waypoint_3,8.346,-132.438,-29.996
64.377,waypoint_3,8.273,-132.498,-29.996
64.409,waypoint_3,8.201,-132.558,-29.996
64.443,waypoint_3,8.128,-132.618,-29.996
64.481,waypoint_3,8.036,-132.694,-29.996
64.513,waypoint_3,7.963,-132.754,-29.996
64.547,waypoint_3,7.890,-132.813,-29.995
64.581,waypoint_3,7.816,-132.873,-29.995
64.613,waypoint_3,7.743,-132.932,-29.994
64.647,waypoint_3,7.669,-132.992,-29.994
64.681,waypoint_3,7.577,-133.066,-29.994
64.713,waypoint_3,7.503,-133.125,-29.993
64.747,waypoint_3,7.428,-133.184,-29.993
64.781,waypoint_3,7.354,-133.243,-29.993
64.813,waypoint_3,7.280,-133.302,-29.992
64.847,waypoint_3,7.206,-133.361,-29.992
64.881,waypoint_3,7.113,-133.434,-29.992
64.913,waypoint_3,7.038,-133.493,-29.992
64.947,waypoint_3,6.964,-133.552,-29.992
64.981,waypoint_3,6.889,-133.610,-29.991
65.013,waypoint_3,6.814,-133.669,-29.991
65.047,waypoint_3,6.740,-133.728,-29.991
65.081,waypoint_3,6.646,-133.801,-29.991
65.113,waypoint_3,6.571,-133.860,-29.991
65.147,waypoint_3,6.497,-133.918,-29.991
65.181,waypoint_3,6.422,-133.977,-29.991
65.213,waypoint_3,6.347,-134.035,-29.991
65.247,waypoint_3,6.272,-134.094,-29.991
65.282,waypoint_3,6.178,-134.168,-29.991
65.314,waypoint_3,6.103,-134.227,-29.991
65.348,waypoint_3,6.027,-134.286,-29.991
65.382,waypoint_3,5.952,-134.345,-29.991
65.414,waypoint_3,5.876,-134.405,-29.991
65.448,waypoint_3,5.800,-134.464,-29.990
65.482,waypoint_3,5.705,-134.539,-29.990
65.514,waypoint_3,5.628,-134.599,-29.990
65.548,waypoint_3,5.552,-134.659,-29.990
65.582,waypoint_3,5.475,-134.719,-29.989
65.614,waypoint_3,5.398,-134.780,-29.989
65.648,waypoint_3,5.321,-134.840,-29.989
65.682,waypoint_3,5.224,-134.916,-29.989
65.714,waypoint_3,5.147,-134.977,-29.989
65.748,waypoint_3,5.070,-135.038,-29.989
65.782,waypoint_3,4.992,-135.099,-29.989
65.814,waypoint_3,4.914,-135.160,-29.989
65.848,waypoint_3,4.837,-135.221,-29.989
65.882,waypoint_3,4.739,-135.297,-29.989
65.914,waypoint_3,4.661,-135.358,-29.990
65.948,waypoint_3,4.583,-135.419,-29.990
65.982,waypoint_3,4.505,-135.480,-29.990
66.014,waypoint_3,4.427,-135.541,-29.991
66.048,waypoint_3,4.349,-135.602,-29.991
66.082,waypoint_3,4.251,-135.677,-29.992
66.114,waypoint_3,4.172,-135.738,-29.992
66.148,waypoint_3,4.094,-135.798,-29.992
66.182,waypoint_3,4.016,-135.859,-29.993
66.214,waypoint_3,3.937,-135.919,-29.994
66.248,waypoint_3,3.859,-135.979,-29.994
66.282,waypoint_3,3.760,-136.054,-29.995
66.314,waypoint_3,3.682,-136.114,-29.996
66.348,waypoint_3,3.603,-136.174,-29.997
66.382,waypoint_3,3.525,-136.234,-29.997
66.414,waypoint_3,3.447,-136.294,-29.998
66.448,waypoint_3,3.368,-136.354,-29.999
66.483,waypoint_3,3.270,-136.428,-29.999
66.514,waypoint_3,3.192,-136.488,-30.000
66.548,waypoint_3,3.114,-136.547,-30.000
66.582,waypoint_3,3.036,-136.606,-30.001
66.614,waypoint_3,2.958,-136.665,-30.001
66.648,waypoint_3,2.880,-136.724,-30.002
66.682,waypoint_3,2.782,-136.798,-30.002
66.714,waypoint_3,2.704,-136.858,-30.002
66.748,waypoint_3,2.626,-136.917,-30.002
66.782,waypoint_3,2.548,-136.976,-30.002
66.814,waypoint_3,2.470,-137.035,-30.002
66.848,waypoint_3,2.392,-137.095,-30.002
66.882,waypoint_3,2.295,-137.169,-30.003
66.914,waypoint_3,2.217,-137.229,-30.003
66.948,waypoint_3,2.139,-137.289,-30.003
66.983,waypoint_3,2.060,-137.349,-30.003
67.014,waypoint_3,1.982,-137.409,-30.003
67.049,waypoint_3,1.904,-137.469,-30.003
67.088,waypoint_3,1.806,-137.544,-30.002
67.119,waypoint_3,1.728,-137.604,-30.002
67.153,waypoint_3,1.649,-137.665,-30.002
67.187,waypoint_3,1.571,-137.725,-30.001
67.219,waypoint_3,1.493,-137.785,-30.001
67.253,waypoint_3,1.415,-137.846,-30.000
67.287,waypoint_3,1.317,-137.921,-30.000
67.319,waypoint_3,1.239,-137.981,-30.000
67.353,waypoint_3,1.161,-138.042,-29.999
67.387,waypoint_3,1.083,-138.103,-29.999
67.419,waypoint_3,1.005,-138.163,-29.998
67.453,waypoint_3,0.927,-138.224,-29.998
67.487,waypoint_3,0.830,-138.300,-29.998
67.519,waypoint_3,0.752,-138.361,-29.998
67.553,waypoint_3,0.674,-138.422,-29.998
67.587,waypoint_3,0.597,-138.483,-29.997
67.619,waypoint_3,0.519,-138.545,-29.997
67.653,waypoint_3,0.441,-138.606,-29.997
67.687,waypoint_3,0.344,-138.683,-29.998
67.719,waypoint_3,0.267,-138.744,-29.998
67.753,waypoint_3,0.189,-138.806,-29.998
67.787,waypoint_3,0.111,-138.867,-29.998
67.819,waypoint_3,0.033,-138.928,-29.998
67.853,waypoint_3,-0.044,-138.990,-29.999
67.887,waypoint_3,-0.141,-139.066,-29.999
67.919,waypoint_3,-0.219,-139.127,-29.999
67.953,waypoint_3,-0.297,-139.188,-30.000
67.987,waypoint_3,-0.374,-139.249,-30.000
68.019,waypoint_3,-0.452,-139.309,-30.000
68.053,waypoint_3,-0.529,-139.370,-30.001
68.087,waypoint_3,-0.626,-139.446,-30.002
68.119,waypoint_3,-0.704,-139.506,-30.002
68.153,waypoint_3,-0.781,-139.567,-30.003
68.188,waypoint_3,-0.859,-139.627,-30.003
68.219,waypoint_3,-0.936,-139.688,-30.004
68.253,waypoint_3,-1.014,-139.748,-30.004
68.287,waypoint_3,-1.111,-139.823,-30.005
68.319,waypoint_3,-1.189,-139.884,-30.005
68.353,waypoint_3,-1.266,-139.944,-30.005
68.387,waypoint_3,-1.344,-140.005,-30.005
68.419,waypoint_3,-1.422,-140.065,-30.006
68.453,waypoint_3,-1.500,-140.126,-30.006
68.487,waypoint_3,-1.597,-140.202,-30.006
68.519,waypoint_3,-1.675,-140.262,-30.005
68.553,waypoint_3,-1.752,-140.322,-30.005
68.587,waypoint_3,-1.830,-140.383,-30.005
68.620,waypoint_3,-1.908,-140.443,-30.005
68.653,waypoint_3,-1.986,-140.503,-30.005
68.687,waypoint_3,-2.084,-140.578,-30.005
68.719,waypoint_3,-2.162,-140.638,-30.004
68.753,waypoint_3,-2.240,-140.698,-30.004
68.787,waypoint_3,-2.318,-140.758,-30.005
68.819,waypoint_3,-2.396,-140.818,-30.005
68.854,waypoint_3,-2.474,-140.878,-30.005
68.887,waypoint_3,-2.571,-140.953,-30.005
68.919,waypoint_3,-2.649,-141.013,-30.005
68.953,waypoint_3,-2.727,-141.073,-30.005
68.987,waypoint_3,-2.805,-141.133,-30.006
69.020,waypoint_3,-2.883,-141.193,-30.006
69.053,waypoint_3,-2.961,-141.253,-30.006
69.087,waypoint_3,-3.058,-141.328,-30.006
69.126,waypoint_3,-3.135,-141.388,-30.007
69.164,waypoint_3,-3.213,-141.448,-30.007
69.198,waypoint_3,-3.290,-141.508,-30.007
69.230,waypoint_3,-3.368,-141.568,-30.007
69.264,waypoint_3,-3.445,-141.628,-30.008
69.298,waypoint_3,-3.541,-141.703,-30.008
69.330,waypoint_3,-3.619,-141.763,-30.008
69.364,waypoint_3,-3.696,-141.823,-30.008
69.398,waypoint_3,-3.773,-141.883,-30.008
69.430,waypoint_3,-3.850,-141.944,-30.008
69.464,waypoint_3,-3.928,-142.004,-30.008
69.499,waypoint_3,-4.024,-142.080,-30.008
69.531,waypoint_3,-4.102,-142.140,-30.008
69.565,waypoint_3,-4.179,-142.201,-30.007
69.608,waypoint_3,-4.256,-142.262,-30.007
69.642,waypoint_3,-4.333,-142.322,-30.007
69.676,waypoint_3,-4.411,-142.383,-30.006
69.710,waypoint_3,-4.507,-142.460,-30.006
69.742,waypoint_3,-4.584,-142.521,-30.005
69.776,waypoint_3,-4.661,-142.582,-30.004
69.810,waypoint_3,-4.739,-142.643,-30.004
69.842,waypoint_3,-4.816,-142.705,-30.003
69.876,waypoint_3,-4.893,-142.766,-30.003
69.910,waypoint_3,-4.989,-142.843,-30.002
69.942,waypoint_3,-5.065,-142.904,-30.002
69.976,waypoint_3,-5.142,-142.965,-30.001
70.010,waypoint_3,-5.219,-143.027,-30.001
70.042,waypoint_3,-5.295,-143.088,-30.001
70.076,waypoint_3,-5.372,-143.149,-30.000
70.110,waypoint_3,-5.468,-143.226,-30.000
70.142,waypoint_3,-5.544,-143.287,-30.000
70.176,waypoint_3,-5.621,-143.348,-30.000
70.210,waypoint_3,-5.697,-143.409,-30.000
70.242,waypoint_3,-5.774,-143.471,-30.000
70.276,waypoint_3,-5.850,-143.532,-30.000
70.310,waypoint_3,-5.946,-143.608,-30.000
70.342,waypoint_3,-6.023,-143.670,-30.000
70.376,waypoint_3,-6.099,-143.731,-30.001
70.410,waypoint_3,-6.175,-143.792,-30.001
70.442,waypoint_3,-6.251,-143.854,-30.001
70.476,waypoint_3,-6.328,-143.915,-30.001
70.510,waypoint_3,-6.423,-143.993,-30.001
70.542,waypoint_3,-6.499,-144.054,-30.002
70.576,waypoint_3,-6.575,-144.116,-30.002
70.610,waypoint_3,-6.651,-144.178,-30.002
70.642,waypoint_3,-6.727,-144.239,-30.002
70.676,waypoint_3,-6.804,-144.301,-30.002
70.710,waypoint_3,-6.899,-144.378,-30.002
70.742,waypoint_3,-6.975,-144.439,-30.002
70.776,waypoint_3,-7.051,-144.501,-30.002
70.810,waypoint_3,-7.127,-144.562,-30.002
70.842,waypoint_3,-7.204,-144.623,-30.002
70.876,waypoint_3,-7.280,-144.683,-30.002
70.910,waypoint_3,-7.375,-144.759,-30.003
70.942,waypoint_3,-7.451,-144.820,-30.003
70.976,waypoint_3,-7.527,-144.880,-30.003
71.010,waypoint_3,-7.603,-144.941,-30.003
71.042,waypoint_3,-7.679,-145.001,-30.002
71.076,waypoint_3,-7.755,-145.061,-30.002
71.110,waypoint_3,-7.850,-145.136,-30.002
71.142,waypoint_3,-7.925,-145.196,-30.002
71.176,waypoint_3,-8.001,-145.256,-30.002
71.210,waypoint_3,-8.077,-145.316,-30.003
71.242,waypoint_3,-8.153,-145.377,-30.003
71.276,waypoint_3,-8.228,-145.437,-30.003
71.310,waypoint_3,-8.323,-145.512,-30.004
71.342,waypoint_3,-8.398,-145.572,-30.004
71.376,waypoint_3,-8.474,-145.633,-30.005
71.410,waypoint_3,-8.549,-145.693,-30.005
71.442,waypoint_3,-8.625,-145.754,-30.005
71.476,waypoint_3,-8.701,-145.814,-30.006
71.510,waypoint_3,-8.796,-145.890,-30.006
71.542,waypoint_3,-8.872,-145.950,-30.007
71.576,waypoint_3,-8.948,-146.011,-30.008
71.610,waypoint_3,-9.024,-146.072,-30.008
71.642,waypoint_3,-9.101,-146.132,-30.009
71.676,waypoint_3,-9.177,-146.193,-30.010
71.710,waypoint_3,-9.272,-146.269,-30.010
71.742,waypoint_3,-9.348,-146.329,-30.011
71.776,waypoint_3,-9.424,-146.390,-30.012
71.810,waypoint_3,-9.500,-146.450,-30.013
71.842,waypoint_3,-9.576,-146.511,-30.014
71.876,waypoint_3,-9.652,-146.571,-30.014
71.910,waypoint_3,-9.747,-146.646,-30.016
71.942,waypoint_3,-9.823,-146.707,-30.017
71.976,waypoint_3,-9.899,-146.767,-30.017
72.010,waypoint_3,-9.974,-146.827,-30.018
72.042,waypoint_3,-10.050,-146.887,-30.019
72.076,waypoint_3,-10.126,-146.947,-30.020
72.110,waypoint_3,-10.220,-147.022,-30.021
72.142,waypoint_3,-10.296,-147.082,-30.022
72.177,waypoint_3,-10.371,-147.143,-30.023
72.211,waypoint_3,-10.447,-147.203,-30.024
72.243,waypoint_3,-10.523,-147.263,-30.025
72.277,waypoint_3,-10.598,-147.324,-30.026
72.311,waypoint_3,-10.693,-147.399,-30.027
72.343,waypoint_3,-10.769,-147.460,-30.028
72.377,waypoint_3,-10.844,-147.520,-30.028
72.411,waypoint_3,-10.920,-147.581,-30.029
72.443,waypoint_3,-10.996,-147.641,-30.029
72.477,waypoint_3,-11.071,-147.701,-30.029
72.511,waypoint_3,-11.165,-147.777,-30.029
72.543,waypoint_3,-11.241,-147.837,-30.029
72.577,waypoint_3,-11.316,-147.898,-30.029
72.611,waypoint_3,-11.391,-147.959,-30.029
72.643,waypoint_3,-11.466,-148.019,-30.029
72.677,waypoint_3,-11.542,-148.080,-30.029
72.719,waypoint_3,-11.636,-148.156,-30.028
72.757,waypoint_3,-11.711,-148.217,-30.028
72.791,waypoint_3,-11.786,-148.278,-30.027
72.825,waypoint_3,-11.861,-148.339,-30.027
72.857,waypoint_3,-11.936,-148.400,-30.027
72.891,waypoint_3,-12.012,-148.462,-30.026
72.925,waypoint_3,-12.106,-148.538,-30.026
72.957,waypoint_3,-12.181,-148.599,-30.026
72.991,waypoint_3,-12.257,-148.661,-30.026
73.025,waypoint_3,-12.332,-148.722,-30.026
73.057,waypoint_3,-12.408,-148.783,-30.026
73.091,waypoint_3,-12.483,-148.844,-30.026
73.125,waypoint_3,-12.578,-148.921,-30.025
73.157,waypoint_3,-12.653,-148.982,-30.025
73.191,waypoint_3,-12.729,-149.043,-30.025
73.225,waypoint_3,-12.804,-149.104,-30.024
73.257,waypoint_3,-12.879,-149.166,-30.024
73.291,waypoint_3,-12.955,-149.227,-30.023
73.325,waypoint_3,-13.049,-149.303,-30.023
73.357,waypoint_3,-13.125,-149.364,-30.022
73.391,waypoint_3,-13.200,-149.425,-30.021
73.425,waypoint_3,-13.276,-149.486,-30.021
73.457,waypoint_3,-13.351,-149.548,-30.020
73.491,waypoint_3,-13.427,-149.609,-30.019
73.525,waypoint_3,-13.521,-149.685,-30.018
73.557,waypoint_3,-13.596,-149.746,-30.018
73.591,waypoint_3,-13.671,-149.807,-30.017
73.625,waypoint_3,-13.747,-149.868,-30.016
73.657,waypoint_3,-13.822,-149.929,-30.016
73.691,waypoint_3,-13.897,-149.990,-30.015
73.725,waypoint_3,-13.990,-150.067,-30.014
73.757,waypoint_3,-14.065,-150.128,-30.014
73.791,waypoint_3,-14.140,-150.189,-30.013
73.825,waypoint_3,-14.215,-150.250,-30.013
73.857,waypoint_3,-14.290,-150.311,-30.012
73.891,waypoint_3,-14.364,-150.373,-30.012
73.925,waypoint_3,-14.457,-150.449,-30.011
73.957,waypoint_3,-14.532,-150.510,-30.011
73.991,waypoint_3,-14.606,-150.572,-30.010
74.025,waypoint_3,-14.681,-150.633,-30.010
74.057,waypoint_3,-14.755,-150.694,-30.009
74.091,waypoint_3,-14.830,-150.755,-30.009
74.125,waypoint_3,-14.923,-150.832,-30.008
74.157,waypoint_3,-14.997,-150.893,-30.007
74.191,waypoint_3,-15.072,-150.953,-30.007
74.225,waypoint_3,-15.146,-151.014,-30.006
74.257,waypoint_3,-15.221,-151.075,-30.006
74.291,waypoint_3,-15.295,-151.135,-30.005
74.325,waypoint_3,-15.388,-151.211,-30.005
74.357,waypoint_3,-15.462,-151.271,-30.004
74.391,waypoint_3,-15.536,-151.331,-30.004
74.425,waypoint_3,-15.610,-151.392,-30.004
74.457,waypoint_3,-15.685,-151.452,-30.003
74.491,waypoint_3,-15.759,-151.512,-30.003
74.525,waypoint_3,-15.851,-151.587,-30.003
74.557,waypoint_3,-15.925,-151.647,-30.002
74.591,waypoint_3,-15.999,-151.706,-30.002
74.625,waypoint_3,-16.073,-151.766,-30.002
74.657,waypoint_3,-16.147,-151.826,-30.002
74.691,waypoint_3,-16.221,-151.886,-30.002
74.726,waypoint_3,-16.313,-151.960,-30.002
74.757,waypoint_3,-16.387,-152.020,-30.002
74.791,waypoint_3,-16.461,-152.080,-30.002
74.825,waypoint_3,-16.534,-152.140,-30.002
74.857,waypoint_3,-16.607,-152.199,-30.003
74.891,waypoint_3,-16.681,-152.259,-30.003
74.925,waypoint_3,-16.772,-152.334,-30.003
74.957,waypoint_3,-16.827,-152.379,-30.004
74.991,waypoint_3,-16.919,-152.454,-30.005
75.025,waypoint_3,-16.992,-152.514,-30.005
75.057,waypoint_3,-17.065,-152.575,-30.006
75.091,waypoint_3,-17.138,-152.635,-30.006
75.125,waypoint_3,-17.230,-152.711,-30.007
75.157,waypoint_3,-17.303,-152.772,-30.008
75.191,waypoint_3,-17.377,-152.833,-30.008
75.225,waypoint_3,-17.450,-152.894,-30.009
75.257,waypoint_3,-17.523,-152.955,-30.009
75.291,waypoint_3,-17.597,-153.017,-30.010
75.325,waypoint_3,-17.689,-153.093,-30.011
75.357,waypoint_3,-17.763,-153.155,-30.011
75.391,waypoint_3,-17.837,-153.216,-30.012
75.426,waypoint_3,-17.911,-153.278,-30.012
75.457,waypoint_3,-17.985,-153.339,-30.012
75.491,waypoint_3,-18.059,-153.400,-30.013
75.525,waypoint_3,-18.152,-153.477,-30.013
75.557,waypoint_3,-18.226,-153.538,-30.013
75.591,waypoint_3,-18.301,-153.599,-30.014
75.625,waypoint_3,-18.375,-153.661,-30.014
75.657,waypoint_3,-18.450,-153.721,-30.014
75.691,waypoint_3,-18.524,-153.782,-30.015
75.725,waypoint_3,-18.617,-153.858,-30.015
75.757,waypoint_3,-18.691,-153.919,-30.015
75.791,waypoint_3,-18.765,-153.979,-30.016
75.825,waypoint_3,-18.839,-154.040,-30.016
75.857,waypoint_3,-18.913,-154.100,-30.016
75.891,waypoint_3,-18.987,-154.160,-30.017
75.926,waypoint_3,-19.079,-154.235,-30.017
75.957,waypoint_3,-19.153,-154.295,-30.017
75.991,waypoint_3,-19.227,-154.355,-30.018
76.025,waypoint_3,-19.301,-154.415,-30.018
76.057,waypoint_3,-19.374,-154.475,-30.018
76.091,waypoint_3,-19.448,-154.535,-30.019
76.125,waypoint_3,-19.540,-154.610,-30.019
76.157,waypoint_3,-19.614,-154.670,-30.019
76.191,waypoint_3,-19.687,-154.730,-30.019
76.225,waypoint_3,-19.761,-154.790,-30.019
76.258,waypoint_3,-19.835,-154.850,-30.019
76.292,waypoint_3,-19.908,-154.911,-30.019
76.326,waypoint_3,-20.001,-154.986,-30.019
76.358,waypoint_3,-20.075,-155.047,-30.019
76.392,waypoint_3,-20.149,-155.108,-30.019
76.426,waypoint_3,-20.223,-155.168,-30.019
76.459,waypoint_3,-20.297,-155.229,-30.019
76.492,waypoint_3,-20.370,-155.290,-30.019
76.527,waypoint_3,-20.463,-155.367,-30.018
76.558,waypoint_3,-20.537,-155.428,-30.018
76.592,waypoint_3,-20.611,-155.490,-30.017
76.626,waypoint_3,-20.685,-155.551,-30.017
76.658,waypoint_3,-20.759,-155.613,-30.016
76.692,waypoint_3,-20.833,-155.674,-30.016
76.726,waypoint_3,-20.925,-155.752,-30.016
76.759,waypoint_3,-20.999,-155.814,-30.015
76.792,waypoint_3,-21.073,-155.876,-30.015
76.826,waypoint_3,-21.147,-155.938,-30.015
76.858,waypoint_3,-21.220,-156.000,-30.015
76.892,waypoint_3,-21.294,-156.062,-30.015
76.926,waypoint_3,-21.387,-156.140,-30.015
76.958,waypoint_3,-21.460,-156.202,-30.015
76.992,waypoint_3,-21.534,-156.265,-30.014
77.026,waypoint_3,-21.608,-156.327,-30.014
77.058,waypoint_3,-21.682,-156.389,-30.013
77.092,waypoint_3,-21.756,-156.451,-30.013
77.126,waypoint_3,-21.848,-156.529,-30.012
77.158,waypoint_3,-21.922,-156.591,-30.011
77.192,waypoint_3,-21.997,-156.653,-30.011
77.226,waypoint_3,-22.071,-156.715,-30.010
77.258,waypoint_3,-22.145,-156.776,-30.010
77.292,waypoint_3,-22.219,-156.838,-30.009
77.326,waypoint_3,-22.312,-156.915,-30.009
77.358,waypoint_3,-22.386,-156.976,-30.008
77.392,waypoint_3,-22.460,-157.038,-30.008
77.426,waypoint_3,-22.534,-157.099,-30.008
77.458,waypoint_3,-22.608,-157.160,-30.007
77.492,waypoint_3,-22.682,-157.222,-30.007
77.526,waypoint_3,-22.774,-157.298,-30.007
77.558,waypoint_3,-22.848,-157.359,-30.007
77.592,waypoint_3,-22.922,-157.420,-30.008
77.626,waypoint_3,-22.995,-157.481,-30.008
77.658,waypoint_3,-23.068,-157.542,-30.008
77.692,waypoint_3,-23.142,-157.603,-30.009
77.726,waypoint_3,-23.233,-157.680,-30.009
77.758,waypoint_3,-23.307,-157.741,-30.009
77.792,waypoint_3,-23.380,-157.802,-30.009
77.826,waypoint_3,-23.454,-157.863,-30.009
77.858,waypoint_3,-23.527,-157.924,-30.009
77.892,waypoint_3,-23.601,-157.984,-30.010
77.926,waypoint_3,-23.693,-158.060,-30.010
77.958,waypoint_3,-23.767,-158.121,-30.010
77.992,waypoint_3,-23.840,-158.182,-30.010
78.026,waypoint_3,-23.914,-158.243,-30.010
78.058,waypoint_3,-23.988,-158.303,-30.009
78.092,waypoint_3,-24.062,-158.364,-30.009
78.126,waypoint_3,-24.154,-158.440,-30.009
78.158,waypoint_3,-24.228,-158.501,-30.009
78.192,waypoint_3,-24.302,-158.562,-30.009
78.226,waypoint_3,-24.376,-158.623,-30.009
78.258,waypoint_3,-24.450,-158.684,-30.009
78.292,waypoint_3,-24.524,-158.745,-30.008
78.326,waypoint_3,-24.617,-158.821,-30.008
78.358,waypoint_3,-24.691,-158.882,-30.008
78.392,waypoint_3,-24.765,-158.943,-30.008
78.426,waypoint_3,-24.839,-159.004,-30.008
78.458,waypoint_3,-24.912,-159.065,-30.008
78.492,waypoint_3,-24.986,-159.126,-30.008
78.527,waypoint_3,-25.079,-159.203,-30.007
78.558,waypoint_3,-25.152,-159.264,-30.007
78.592,waypoint_3,-25.226,-159.325,-30.007
78.627,waypoint_3,-25.300,-159.387,-30.006
78.658,waypoint_3,-25.375,-159.448,-30.006
78.692,waypoint_3,-25.449,-159.510,-30.006
78.726,waypoint_3,-25.541,-159.586,-30.005
78.758,waypoint_3,-25.615,-159.648,-30.005
78.792,waypoint_3,-25.689,-159.709,-30.005
78.826,waypoint_3,-25.763,-159.771,-30.004
78.858,waypoint_3,-25.836,-159.832,-30.004
78.892,waypoint_3,-25.910,-159.894,-30.004
78.926,waypoint_3,-26.002,-159.970,-30.003
78.958,waypoint_3,-26.075,-160.032,-30.003
78.992,waypoint_3,-26.149,-160.093,-30.003
79.026,waypoint_3,-26.222,-160.154,-30.002
79.058,waypoint_3,-26.295,-160.215,-30.002
79.092,waypoint_3,-26.368,-160.276,-30.001
79.127,waypoint_3,-26.460,-160.352,-30.001
79.158,waypoint_3,-26.534,-160.413,-30.000
79.192,waypoint_3,-26.607,-160.474,-30.000
79.226,waypoint_3,-26.681,-160.535,-30.000
79.258,waypoint_3,-26.755,-160.596,-30.000
79.293,waypoint_3,-26.828,-160.657,-29.999
79.326,waypoint_3,-26.921,-160.733,-29.999
79.358,waypoint_3,-26.994,-160.794,-29.999
79.392,waypoint_3,-27.068,-160.855,-29.999
79.426,waypoint_3,-27.142,-160.916,-29.999
79.459,waypoint_3,-27.216,-160.977,-29.999
79.492,waypoint_3,-27.289,-161.038,-29.999
79.527,waypoint_3,-27.382,-161.114,-30.000
79.559,waypoint_3,-27.456,-161.175,-30.000
79.593,waypoint_3,-27.530,-161.237,-30.001
79.628,waypoint_3,-27.604,-161.298,-30.001
79.659,waypoint_3,-27.677,-161.359,-30.002
79.693,waypoint_3,-27.751,-161.420,-30.003
79.727,waypoint_3,-27.844,-161.497,-30.004
79.759,waypoint_3,-27.917,-161.558,-30.005
79.794,waypoint_3,-27.991,-161.620,-30.005
79.827,waypoint_3,-28.065,-161.681,-30.006
79.859,waypoint_3,-28.139,-161.742,-30.007
79.893,waypoint_3,-28.213,-161.803,-30.008
79.927,waypoint_3,-28.306,-161.880,-30.008
79.960,waypoint_3,-28.380,-161.941,-30.009
79.993,waypoint_3,-28.454,-162.002,-30.009
80.027,waypoint_3,-28.529,-162.064,-30.009
80.059,waypoint_3,-28.603,-162.125,-30.010
80.093,waypoint_3,-28.677,-162.186,-30.010
80.127,waypoint_3,-28.769,-162.263,-30.010
80.159,waypoint_3,-28.843,-162.324,-30.010
80.193,waypoint_3,-28.917,-162.385,-30.010
80.227,waypoint_3,-28.990,-162.446,-30.010
80.259,waypoint_3,-29.064,-162.508,-30.010
80.293,waypoint_3,-29.138,-162.569,-30.010
80.327,waypoint_3,-29.229,-162.646,-30.010
80.359,waypoint_3,-29.303,-162.707,-30.010
80.393,waypoint_3,-29.376,-162.769,-30.010
80.427,waypoint_3,-29.449,-162.830,-30.010
80.459,waypoint_3,-29.522,-162.891,-30.011
80.493,waypoint_3,-29.596,-162.953,-30.011
80.527,waypoint_3,-29.687,-163.030,-30.011
80.559,waypoint_3,-29.760,-163.091,-30.011
80.593,waypoint_3,-29.833,-163.153,-30.011
80.628,waypoint_3,-29.907,-163.214,-30.011
80.659,waypoint_3,-29.980,-163.275,-30.011
80.693,waypoint_3,-30.053,-163.337,-30.011
80.727,waypoint_3,-30.144,-163.413,-30.011
80.759,waypoint_3,-30.218,-163.474,-30.011
80.793,waypoint_3,-30.291,-163.535,-30.010
80.827,waypoint_3,-30.364,-163.596,-30.010
80.860,waypoint_3,-30.437,-163.657,-30.010
80.893,waypoint_3,-30.510,-163.718,-30.010
80.927,waypoint_3,-30.602,-163.794,-30.009
80.959,waypoint_3,-30.675,-163.855,-30.009
80.993,waypoint_3,-30.749,-163.916,-30.009
81.028,waypoint_3,-30.822,-163.976,-30.008
81.059,waypoint_3,-30.895,-164.037,-30.008
81.093,waypoint_3,-30.968,-164.098,-30.008
81.127,waypoint_3,-31.059,-164.174,-30.008
81.159,waypoint_3,-31.132,-164.235,-30.007
81.193,waypoint_3,-31.205,-164.296,-30.007
81.227,waypoint_3,-31.278,-164.357,-30.007
81.259,waypoint_3,-31.351,-164.417,-30.007
81.293,waypoint_3,-31.424,-164.478,-30.007
81.327,waypoint_3,-31.516,-164.554,-30.007
81.359,waypoint_3,-31.589,-164.615,-30.007
81.393,waypoint_3,-31.662,-164.675,-30.007
81.427,waypoint_3,-31.735,-164.736,-30.007
81.459,waypoint_3,-31.809,-164.797,-30.006
81.493,waypoint_3,-31.882,-164.857,-30.006
81.527,waypoint_3,-31.974,-164.933,-30.006
81.559,waypoint_3,-32.047,-164.993,-30.006
81.593,waypoint_3,-32.121,-165.053,-30.005
81.627,waypoint_3,-32.194,-165.114,-30.005
81.659,waypoint_3,-32.268,-165.174,-30.005
81.694,waypoint_3,-32.341,-165.235,-30.005
81.727,waypoint_3,-32.434,-165.311,-30.005
81.759,waypoint_3,-32.507,-165.371,-30.005
81.793,waypoint_3,-32.581,-165.432,-30.006
81.827,waypoint_3,-32.655,-165.493,-30.006
81.859,waypoint_3,-32.729,-165.554,-30.006
81.894,waypoint_3,-32.803,-165.615,-30.006
81.927,waypoint_3,-32.896,-165.692,-30.007
81.960,waypoint_3,-32.970,-165.753,-30.007
81.994,waypoint_3,-33.044,-165.814,-30.007
82.029,waypoint_3,-33.118,-165.875,-30.008
82.061,waypoint_3,-33.192,-165.936,-30.008
82.095,waypoint_3,-33.266,-165.997,-30.008
82.129,waypoint_3,-33.359,-166.073,-30.008
82.161,waypoint_3,-33.433,-166.134,-30.008
82.195,waypoint_3,-33.507,-166.195,-30.008
82.229,waypoint_3,-33.581,-166.256,-30.008
82.262,waypoint_3,-33.654,-166.316,-30.009
82.296,waypoint_3,-33.728,-166.377,-30.009
82.331,waypoint_3,-33.820,-166.453,-30.009
82.363,waypoint_3,-33.893,-166.513,-30.009
82.397,waypoint_3,-33.967,-166.574,-30.010
82.431,waypoint_3,-34.040,-166.634,-30.010
82.463,waypoint_3,-34.114,-166.695,-30.010
82.498,waypoint_3,-34.187,-166.756,-30.010
82.532,waypoint_3,-34.279,-166.831,-30.011
82.564,waypoint_3,-34.352,-166.892,-30.011
82.598,waypoint_3,-34.426,-166.953,-30.011
82.632,waypoint_3,-34.499,-167.014,-30.012
82.664,waypoint_3,-34.572,-167.075,-30.012
82.698,waypoint_3,-34.646,-167.136,-30.012
82.732,waypoint_3,-34.737,-167.213,-30.012
82.765,waypoint_3,-34.811,-167.274,-30.012
82.799,waypoint_3,-34.884,-167.335,-30.012
82.833,waypoint_3,-34.958,-167.396,-30.012
82.865,waypoint_3,-35.032,-167.458,-30.012
82.899,waypoint_3,-35.105,-167.519,-30.012
82.933,waypoint_3,-35.197,-167.595,-30.012
82.965,waypoint_3,-35.271,-167.657,-30.012
82.999,waypoint_3,-35.345,-167.718,-30.012
83.033,waypoint_3,-35.419,-167.779,-30.012
83.065,waypoint_3,-35.492,-167.840,-30.013
83.099,waypoint_3,-35.566,-167.901,-30.012
83.133,waypoint_3,-35.658,-167.978,-30.012
83.165,waypoint_3,-35.732,-168.039,-30.012
83.199,waypoint_3,-35.805,-168.101,-30.012
83.233,waypoint_3,-35.879,-168.162,-30.012
83.265,waypoint_3,-35.953,-168.223,-30.012
83.299,waypoint_3,-36.026,-168.285,-30.012
83.333,waypoint_3,-36.118,-168.361,-30.011
83.365,waypoint_3,-36.192,-168.423,-30.011
83.399,waypoint_3,-36.266,-168.484,-30.011
83.433,waypoint_3,-36.339,-168.546,-30.011
83.465,waypoint_3,-36.413,-168.608,-30.010
83.499,waypoint_3,-36.486,-168.669,-30.010
83.533,waypoint_3,-36.578,-168.747,-30.009
83.565,waypoint_3,-36.652,-168.808,-30.009
83.599,waypoint_3,-36.725,-168.870,-30.008
83.633,waypoint_3,-36.798,-168.932,-30.008
83.665,waypoint_3,-36.872,-168.994,-30.007
83.699,waypoint_3,-36.945,-169.056,-30.007
83.733,waypoint_3,-37.036,-169.133,-30.006
83.765,waypoint_3,-37.110,-169.194,-30.006
83.799,waypoint_3,-37.183,-169.256,-30.005
83.833,waypoint_3,-37.256,-169.317,-30.005
83.865,waypoint_3,-37.329,-169.379,-30.004
83.899,waypoint_3,-37.402,-169.440,-30.004
83.933,waypoint_3,-37.493,-169.517,-30.004
83.965,waypoint_3,-37.566,-169.578,-30.003
83.999,waypoint_3,-37.640,-169.640,-30.003
84.033,waypoint_3,-37.713,-169.702,-30.003
84.065,waypoint_3,-37.786,-169.764,-30.003
84.099,waypoint_3,-37.859,-169.826,-30.003
84.133,waypoint_3,-37.951,-169.903,-30.003
84.165,waypoint_3,-38.024,-169.965,-30.003
84.199,waypoint_3,-38.097,-170.027,-30.003
84.233,waypoint_3,-38.170,-170.089,-30.003
84.265,waypoint_3,-38.243,-170.151,-30.004
84.299,waypoint_3,-38.316,-170.212,-30.004
84.333,waypoint_3,-38.408,-170.290,-30.004
84.365,waypoint_3,-38.481,-170.352,-30.005
84.399,waypoint_3,-38.555,-170.414,-30.005
84.433,waypoint_3,-38.628,-170.475,-30.005
84.465,waypoint_3,-38.702,-170.537,-30.005
84.499,waypoint_3,-38.775,-170.599,-30.005
84.533,waypoint_3,-38.867,-170.676,-30.005
84.565,waypoint_3,-38.941,-170.738,-30.005
84.599,waypoint_3,-39.014,-170.800,-30.005
84.633,waypoint_3,-39.088,-170.862,-30.005
84.665,waypoint_3,-39.162,-170.924,-30.005
84.699,waypoint_3,-39.235,-170.985,-30.006
84.733,waypoint_3,-39.327,-171.062,-30.006
84.765,waypoint_3,-39.401,-171.124,-30.006
84.799,waypoint_3,-39.475,-171.186,-30.006
84.833,waypoint_3,-39.549,-171.247,-30.007
84.865,waypoint_3,-39.622,-171.309,-30.007
84.899,waypoint_3,-39.696,-171.370,-30.007
84.933,waypoint_3,-39.788,-171.447,-30.008
84.965,waypoint_3,-39.861,-171.508,-30.008
84.999,waypoint_3,-39.934,-171.570,-30.008
85.033,waypoint_3,-40.008,-171.631,-30.008
85.065,waypoint_3,-40.081,-171.692,-30.008
85.099,waypoint_3,-40.154,-171.754,-30.008
85.134,waypoint_3,-40.246,-171.830,-30.007
85.166,waypoint_3,-40.319,-171.891,-30.007
85.201,waypoint_3,-40.392,-171.953,-30.006
85.234,waypoint_3,-40.465,-172.014,-30.006
85.266,waypoint_3,-40.538,-172.075,-30.006
85.300,waypoint_3,-40.611,-172.137,-30.006
85.334,waypoint_3,-40.702,-172.213,-30.006
85.366,waypoint_3,-40.775,-172.274,-30.005
85.400,waypoint_3,-40.848,-172.335,-30.005
85.434,waypoint_3,-40.921,-172.396,-30.005
85.466,waypoint_3,-40.994,-172.457,-30.005
85.500,waypoint_3,-41.067,-172.518,-30.005
85.535,waypoint_3,-41.158,-172.595,-30.005
85.567,waypoint_3,-41.231,-172.656,-30.005
85.601,waypoint_3,-41.305,-172.717,-30.005
85.636,waypoint_3,-41.378,-172.778,-30.005
85.668,waypoint_3,-41.451,-172.839,-30.006
85.702,waypoint_3,-41.525,-172.899,-30.006
85.736,waypoint_3,-41.617,-172.975,-30.006
85.768,waypoint_3,-41.690,-173.036,-30.007
85.802,waypoint_3,-41.764,-173.096,-30.007
85.836,waypoint_3,-41.837,-173.156,-30.008
85.868,waypoint_3,-41.911,-173.216,-30.008
85.902,waypoint_3,-41.985,-173.276,-30.009
85.936,waypoint_3,-42.077,-173.351,-30.009
85.968,waypoint_3,-42.151,-173.411,-30.010
86.002,waypoint_3,-42.225,-173.471,-30.010
86.036,waypoint_3,-42.299,-173.531,-30.010
86.068,waypoint_3,-42.373,-173.591,-30.010
86.102,waypoint_3,-42.447,-173.652,-30.010
86.136,waypoint_3,-42.540,-173.727,-30.011
86.168,waypoint_3,-42.614,-173.787,-30.011
86.202,waypoint_3,-42.688,-173.848,-30.011
86.236,waypoint_3,-42.762,-173.908,-30.010
86.268,waypoint_3,-42.836,-173.969,-30.010
86.302,waypoint_3,-42.911,-174.029,-30.010
86.336,waypoint_3,-43.004,-174.104,-30.010
86.369,waypoint_3,-43.078,-174.165,-30.010
86.402,waypoint_3,-43.152,-174.225,-30.009
86.436,waypoint_3,-43.227,-174.286,-30.009
86.468,waypoint_3,-43.302,-174.346,-30.008
86.502,waypoint_3,-43.376,-174.407,-30.008
86.536,waypoint_3,-43.470,-174.483,-30.007
86.568,waypoint_3,-43.545,-174.544,-30.006
86.602,waypoint_3,-43.620,-174.605,-30.006
86.636,waypoint_3,-43.694,-174.666,-30.006
86.668,waypoint_3,-43.769,-174.727,-30.005
86.702,waypoint_3,-43.844,-174.788,-30.005
86.736,waypoint_3,-43.937,-174.865,-30.005
86.768,waypoint_3,-44.012,-174.927,-30.005
86.802,waypoint_3,-44.087,-174.989,-30.005
86.836,waypoint_3,-44.161,-175.050,-30.005
86.868,waypoint_3,-44.236,-175.112,-30.005
86.902,waypoint_3,-44.311,-175.174,-30.005
86.936,waypoint_3,-44.404,-175.252,-30.005
86.968,waypoint_3,-44.478,-175.314,-30.005
87.002,waypoint_3,-44.553,-175.376,-30.006
87.036,waypoint_3,-44.627,-175.438,-30.006
87.068,waypoint_3,-44.702,-175.500,-30.006
87.102,waypoint_3,-44.777,-175.562,-30.006
87.136,waypoint_3,-44.870,-175.640,-30.006
87.168,waypoint_3,-44.944,-175.702,-30.006
87.202,waypoint_3,-45.019,-175.764,-30.007
87.237,waypoint_3,-45.093,-175.826,-30.007
87.268,waypoint_3,-45.167,-175.888,-30.007
87.302,waypoint_3,-45.241,-175.950,-30.008
87.336,waypoint_3,-45.334,-176.028,-30.008
87.368,waypoint_3,-45.408,-176.090,-30.008
87.402,waypoint_3,-45.482,-176.152,-30.008
87.436,waypoint_3,-45.555,-176.214,-30.008
87.468,waypoint_3,-45.629,-176.277,-30.008
87.502,waypoint_3,-45.703,-176.339,-30.008
87.536,waypoint_3,-45.794,-176.417,-30.008
87.568,waypoint_3,-45.868,-176.479,-30.008
87.602,waypoint_3,-45.941,-176.542,-30.008
87.636,waypoint_3,-46.014,-176.604,-30.008
87.668,waypoint_3,-46.087,-176.666,-30.008
87.702,waypoint_3,-46.160,-176.729,-30.008
87.737,waypoint_3,-46.252,-176.806,-30.008
87.768,waypoint_3,-46.325,-176.869,-30.009
87.802,waypoint_3,-46.398,-176.931,-30.009
87.837,waypoint_3,-46.471,-176.993,-30.009
87.869,waypoint_3,-46.544,-177.055,-30.010
87.903,waypoint_3,-46.618,-177.117,-30.011
87.937,waypoint_3,-46.709,-177.195,-30.012
87.969,waypoint_3,-46.782,-177.257,-30.013
88.003,waypoint_3,-46.855,-177.319,-30.013
88.037,waypoint_3,-46.928,-177.381,-30.014
88.069,waypoint_3,-47.001,-177.443,-30.015
88.103,waypoint_3,-47.074,-177.504,-30.016
88.137,waypoint_3,-47.166,-177.582,-30.017
88.169,waypoint_3,-47.239,-177.644,-30.018
88.203,waypoint_3,-47.312,-177.706,-30.018
88.238,waypoint_3,-47.385,-177.768,-30.019
88.270,waypoint_3,-47.458,-177.829,-30.019
88.304,waypoint_3,-47.531,-177.891,-30.020
88.338,waypoint_3,-47.623,-177.968,-30.020
88.370,waypoint_3,-47.696,-178.030,-30.020
88.404,waypoint_3,-47.769,-178.092,-30.020
88.438,waypoint_3,-47.842,-178.153,-30.020
88.470,waypoint_3,-47.916,-178.215,-30.020
88.504,waypoint_3,-47.989,-178.277,-30.020
88.538,waypoint_3,-48.081,-178.354,-30.020
88.570,waypoint_3,-48.154,-178.415,-30.019
88.604,waypoint_3,-48.227,-178.477,-30.019
88.638,waypoint_3,-48.300,-178.538,-30.019
88.671,waypoint_3,-48.373,-178.600,-30.019
88.705,waypoint_3,-48.446,-178.661,-30.018
88.739,waypoint_3,-48.537,-178.738,-30.018
88.771,waypoint_3,-48.610,-178.799,-30.018
88.805,waypoint_3,-48.683,-178.861,-30.018
88.839,waypoint_3,-48.755,-178.922,-30.018
88.871,waypoint_3,-48.828,-178.984,-30.017
88.905,waypoint_3,-48.901,-179.045,-30.017
88.939,waypoint_3,-48.991,-179.122,-30.017
88.971,waypoint_3,-49.064,-179.184,-30.017
89.005,waypoint_3,-49.137,-179.245,-30.017
89.039,waypoint_3,-49.209,-179.307,-30.018
89.071,waypoint_3,-49.282,-179.368,-30.018
89.105,waypoint_3,-49.354,-179.430,-30.018
89.139,waypoint_3,-49.444,-179.507,-30.018
89.171,waypoint_3,-49.517,-179.568,-30.018
89.205,waypoint_3,-49.589,-179.629,-30.018
89.239,waypoint_3,-49.661,-179.690,-30.017
89.271,waypoint_3,-49.733,-179.752,-30.017
89.305,waypoint_3,-49.805,-179.813,-30.017
89.339,waypoint_3,-49.895,-179.889,-30.017
89.371,waypoint_3,-49.967,-179.950,-30.017
89.405,waypoint_3,-50.039,-180.011,-30.017
89.439,waypoint_3,-50.111,-180.072,-30.017
89.471,waypoint_3,-50.182,-180.132,-30.017
89.505,waypoint_3,-50.254,-180.193,-30.017
89.539,waypoint_3,-50.344,-180.269,-30.017
89.571,waypoint_3,-50.416,-180.330,-30.016
89.605,waypoint_3,-50.488,-180.391,-30.016
89.639,waypoint_3,-50.560,-180.452,-30.016
89.671,waypoint_3,-50.633,-180.512,-30.016
89.705,waypoint_3,-50.705,-180.573,-30.016
89.739,waypoint_3,-50.796,-180.649,-30.016
89.771,waypoint_3,-50.868,-180.710,-30.016
89.805,waypoint_3,-50.940,-180.771,-30.016
89.839,waypoint_3,-51.013,-180.832,-30.016
89.871,waypoint_3,-51.085,-180.893,-30.016
89.905,waypoint_3,-51.158,-180.953,-30.016
89.940,waypoint_3,-51.249,-181.029,-30.017
89.971,waypoint_3,-51.321,-181.090,-30.017
90.005,waypoint_3,-51.394,-181.151,-30.017
90.039,waypoint_3,-51.467,-181.212,-30.018
90.071,waypoint_3,-51.539,-181.273,-30.018
90.107,waypoint_3,-51.612,-181.334,-30.018
90.139,waypoint_3,-51.704,-181.410,-30.019
90.171,waypoint_3,-51.777,-181.471,-30.019
90.205,waypoint_3,-51.850,-181.533,-30.020
90.239,waypoint_3,-51.924,-181.594,-30.020
90.271,waypoint_3,-51.997,-181.655,-30.020
90.305,waypoint_3,-52.071,-181.717,-30.021
90.339,waypoint_3,-52.163,-181.794,-30.021
90.371,waypoint_3,-52.236,-181.856,-30.021
90.405,waypoint_3,-52.310,-181.918,-30.021
90.439,waypoint_3,-52.384,-181.980,-30.022
90.471,waypoint_3,-52.458,-182.042,-30.022
90.505,waypoint_3,-52.532,-182.104,-30.022
90.539,waypoint_3,-52.625,-182.182,-30.022
90.571,waypoint_3,-52.699,-182.244,-30.022
90.606,waypoint_3,-52.773,-182.307,-30.023
90.639,waypoint_3,-52.847,-182.370,-30.023
90.671,waypoint_3,-52.921,-182.432,-30.024
90.706,waypoint_3,-52.996,-182.495,-30.024
90.739,waypoint_3,-53.088,-182.573,-30.024
90.772,waypoint_3,-53.144,-182.620,-30.024
90.805,waypoint_3,-53.237,-182.698,-30.024
90.839,waypoint_3,-53.311,-182.761,-30.024
90.871,waypoint_3,-53.385,-182.824,-30.024
90.905,waypoint_3,-53.459,-182.886,-30.023
90.940,waypoint_3,-53.551,-182.964,-30.023
90.971,waypoint_3,-53.625,-183.027,-30.023
91.005,waypoint_3,-53.699,-183.089,-30.022
91.039,waypoint_3,-53.772,-183.151,-30.022
91.071,waypoint_3,-53.846,-183.214,-30.021
91.105,waypoint_3,-53.920,-183.276,-30.021
91.139,waypoint_3,-54.012,-183.354,-30.020
91.171,waypoint_3,-54.085,-183.416,-30.019
91.205,waypoint_3,-54.158,-183.479,-30.019
91.239,waypoint_3,-54.232,-183.541,-30.018
91.272,waypoint_3,-54.305,-183.604,-30.018
91.305,waypoint_3,-54.379,-183.666,-30.017
91.339,waypoint_3,-54.470,-183.744,-30.017
91.371,waypoint_3,-54.544,-183.807,-30.016
91.405,waypoint_3,-54.617,-183.870,-30.016
91.440,waypoint_3,-54.690,-183.932,-30.015
91.471,waypoint_3,-54.763,-183.995,-30.014
91.506,waypoint_3,-54.836,-184.057,-30.014
91.540,waypoint_3,-54.928,-184.135,-30.013
91.572,waypoint_3,-55.001,-184.197,-30.012
91.607,waypoint_3,-55.074,-184.260,-30.012
91.640,waypoint_3,-55.147,-184.322,-30.011
91.672,waypoint_3,-55.220,-184.384,-30.011
91.706,waypoint_3,-55.293,-184.446,-30.010
91.740,waypoint_3,-55.385,-184.524,-30.010
91.772,waypoint_3,-55.458,-184.586,-30.010
91.806,goal,-55.531,-184.648,-30.009
91.840,goal,-55.605,-184.710,-30.009
91.872,goal,-55.679,-184.773,-30.010
91.906,goal,-55.752,-184.835,-30.015
91.942,goal,-55.843,-184.913,-30.024
91.974,goal,-55.915,-184.975,-30.034
92.008,goal,-55.985,-185.038,-30.046
92.042,goal,-56.053,-185.101,-30.057
92.074,goal,-56.118,-185.166,-30.069
92.108,goal,-56.179,-185.230,-30.080
92.142,goal,-56.250,-185.313,-30.092
92.174,goal,-56.303,-185.380,-30.100
92.208,goal,-56.350,-185.448,-30.106
92.242,goal,-56.393,-185.517,-30.111
92.274,goal,-56.431,-185.588,-30.113
92.308,goal,-56.464,-185.659,-30.115
92.342,goal,-56.498,-185.750,-30.114
92.374,goal,-56.520,-185.824,-30.113
92.408,goal,-56.537,-185.899,-30.110
92.442,goal,-56.549,-185.975,-30.106
92.474,goal,-56.556,-186.052,-30.102
92.508,goal,-56.559,-186.130,-30.097
92.542,goal,-56.556,-186.229,-30.090
92.574,goal,-56.550,-186.310,-30.084
92.608,goal,-56.540,-186.391,-30.077
92.642,goal,-56.526,-186.473,-30.071
92.674,goal,-56.509,-186.556,-30.065
92.708,goal,-56.490,-186.640,-30.059
92.742,goal,-56.461,-186.747,-30.051
92.774,goal,-56.435,-186.832,-30.045
92.808,goal,-56.408,-186.919,-30.040
92.842,goal,-56.378,-187.006,-30.034
92.874,goal,-56.347,-187.093,-30.030
92.908,goal,-56.314,-187.182,-30.025
92.942,goal,-56.271,-187.292,-30.020
92.974,goal,-56.236,-187.382,-30.016
93.008,goal,-56.200,-187.471,-30.012
93.042,goal,-56.163,-187.561,-30.009
93.074,goal,-56.125,-187.651,-30.007
93.108,goal,-56.087,-187.742,-30.004
93.142,goal,-56.039,-187.855,-30.002
93.174,goal,-56.000,-187.945,-30.000
93.208,goal,-55.961,-188.036,-29.998
93.242,goal,-55.921,-188.128,-29.997
93.274,goal,-55.882,-188.219,-29.996
93.308,goal,-55.842,-188.310,-29.995
93.342,goal,-55.792,-188.424,-29.994
93.374,goal,-55.752,-188.515,-29.993
93.408,goal,-55.713,-188.606,-29.993
93.442,goal,-55.673,-188.697,-29.992
93.474,goal,-55.633,-188.788,-29.992
93.508,goal,-55.593,-188.879,-29.991
93.542,goal,-55.544,-188.993,-29.991
93.574,goal,-55.504,-189.084,-29.990
93.608,goal,-55.464,-189.174,-29.990
93.642,goal,-55.425,-189.265,-29.990
93.674,goal,-55.386,-189.355,-29.989
93.708,goal,-55.347,-189.445,-29.988
93.742,goal,-55.298,-189.557,-29.988
93.774,goal,-55.259,-189.646,-29.987
93.808,goal,-55.220,-189.735,-29.986
93.842,goal,-55.181,-189.824,-29.986
93.874,goal,-55.143,-189.913,-29.985
93.908,goal,-55.104,-190.002,-29.985
93.942,goal,-55.056,-190.112,-29.985
93.974,goal,-55.017,-190.200,-29.984
94.008,goal,-54.979,-190.288,-29.984
94.042,goal,-54.940,-190.375,-29.984
94.074,goal,-54.901,-190.463,-29.985
94.108,goal,-54.862,-190.550,-29.985
94.142,goal,-54.813,-190.659,-29.985
94.174,goal,-54.774,-190.746,-29.985
94.208,goal,-54.735,-190.833,-29.986
94.242,goal,-54.696,-190.920,-29.986
94.274,goal,-54.656,-191.006,-29.986
94.308,goal,-54.617,-191.093,-29.986
94.342,goal,-54.567,-191.201,-29.987
94.374,goal,-54.527,-191.287,-29.987
94.408,goal,-54.487,-191.373,-29.987
94.442,goal,-54.447,-191.459,-29.988
94.474,goal,-54.406,-191.545,-29.988
94.508,goal,-54.366,-191.631,-29.988
94.542,goal,-54.316,-191.738,-29.989
94.574,goal,-54.275,-191.823,-29.989
94.608,goal,-54.234,-191.909,-29.989
94.642,goal,-54.193,-191.995,-29.989
94.674,goal,-54.152,-192.080,-29.989
94.708,goal,-54.111,-192.166,-29.990
94.742,goal,-54.059,-192.272,-29.990
94.774,goal,-54.018,-192.358,-29.990
94.808,goal,-53.976,-192.443,-29.990
94.842,goal,-53.934,-192.528,-29.990
94.874,goal,-53.892,-192.613,-29.990
94.908,goal,-53.849,-192.699,-29.990
94.942,goal,-53.796,-192.805,-29.990
94.974,goal,-53.753,-192.890,-29.990
95.008,goal,-53.710,-192.975,-29.990
95.042,goal,-53.667,-193.060,-29.990
95.074,goal,-53.624,-193.145,-29.991
95.108,goal,-53.581,-193.230,-29.991
95.142,goal,-53.527,-193.337,-29.991
95.174,goal,-53.483,-193.422,-29.991
95.208,goal,-53.440,-193.507,-29.991
95.242,goal,-53.396,-193.592,-29.991
95.274,goal,-53.353,-193.678,-29.991
95.308,goal,-53.309,-193.763,-29.991
95.342,goal,-53.254,-193.869,-29.991
95.374,goal,-53.210,-193.955,-29.991
95.408,goal,-53.166,-194.040,-29.990
95.442,goal,-53.122,-194.125,-29.990
95.474,goal,-53.078,-194.210,-29.989
95.508,goal,-53.033,-194.295,-29.989
95.542,goal,-52.977,-194.401,-29.989
95.574,goal,-52.933,-194.486,-29.988
95.608,goal,-52.888,-194.572,-29.988
95.642,goal,-52.843,-194.657,-29.988
95.674,goal,-52.799,-194.742,-29.988
95.708,goal,-52.754,-194.828,-29.988
95.742,goal,-52.698,-194.935,-29.987
95.774,goal,-52.653,-195.020,-29.987
95.808,goal,-52.608,-195.106,-29.987
95.842,goal,-52.563,-195.192,-29.987
95.874,goal,-52.518,-195.278,-29.987
95.908,goal,-52.472,-195.364,-29.986
95.942,goal,-52.416,-195.472,-29.986
95.974,goal,-52.371,-195.558,-29.986
96.008,goal,-52.326,-195.644,-29.986
96.042,goal,-52.281,-195.730,-29.986
96.074,goal,-52.236,-195.817,-29.986
96.108,goal,-52.191,-195.903,-29.986
96.142,goal,-52.135,-196.011,-29.986
96.174,goal,-52.090,-196.097,-29.986
96.208,goal,-52.045,-196.183,-29.986
96.242,goal,-52.000,-196.269,-29.985
96.274,goal,-51.955,-196.355,-29.985
96.308,goal,-51.910,-196.441,-29.985
96.342,goal,-51.854,-196.548,-29.985
96.374,goal,-51.809,-196.634,-29.985
96.408,goal,-51.764,-196.720,-29.985
96.442,goal,-51.718,-196.806,-29.985
96.474,goal,-51.673,-196.892,-29.985
96.508,goal,-51.628,-196.978,-29.985
96.542,goal,-51.571,-197.086,-29.986
96.574,goal,-51.526,-197.172,-29.986
96.608,goal,-51.480,-197.258,-29.986
96.642,goal,-51.435,-197.344,-29.986
96.674,goal,-51.389,-197.429,-29.986
96.708,goal,-51.343,-197.515,-29.987
96.742,goal,-51.286,-197.622,-29.987
96.775,goal,-51.240,-197.708,-29.987
96.809,goal,-51.194,-197.794,-29.987
96.843,goal,-51.148,-197.880,-29.987
96.875,goal,-51.102,-197.965,-29.987
96.909,goal,-51.056,-198.051,-29.987
96.943,goal,-50.998,-198.158,-29.987
96.975,goal,-50.951,-198.244,-29.987
97.009,goal,-50.905,-198.330,-29.988
97.043,goal,-50.859,-198.416,-29.988
97.075,goal,-50.812,-198.502,-29.988
97.109,goal,-50.766,-198.588,-29.988
97.143,goal,-50.707,-198.695,-29.988
97.175,goal,-50.661,-198.780,-29.988
97.209,goal,-50.615,-198.866,-29.988
97.243,goal,-50.568,-198.951,-29.988
97.275,goal,-50.522,-199.037,-29.987
97.309,goal,-50.475,-199.122,-29.987
97.344,goal,-50.417,-199.229,-29.987
97.375,goal,-50.371,-199.314,-29.987
97.409,goal,-50.325,-199.400,-29.987
97.443,goal,-50.279,-199.485,-29.986
97.475,goal,-50.232,-199.571,-29.986
97.509,goal,-50.186,-199.656,-29.985
97.543,goal,-50.128,-199.763,-29.985
97.575,goal,-50.082,-199.848,-29.984
97.609,goal,-50.036,-199.934,-29.984
97.643,goal,-49.990,-200.019,-29.983
97.675,goal,-49.943,-200.105,-29.983
97.709,goal,-49.897,-200.191,-29.983
97.743,goal,-49.840,-200.298,-29.983
97.775,goal,-49.793,-200.384,-29.982
97.809,goal,-49.747,-200.470,-29.982
97.844,goal,-49.701,-200.556,-29.982
97.875,goal,-49.654,-200.642,-29.982
97.909,goal,-49.608,-200.728,-29.981
97.943,goal,-49.550,-200.836,-29.981
97.975,goal,-49.504,-200.922,-29.980
98.009,goal,-49.458,-201.008,-29.980
98.043,goal,-49.412,-201.094,-29.980
98.075,goal,-49.365,-201.181,-29.980
98.109,goal,-49.319,-201.267,-29.979
98.143,goal,-49.262,-201.375,-29.979
98.176,goal,-49.216,-201.461,-29.979
98.209,goal,-49.170,-201.547,-29.978
98.243,goal,-49.124,-201.633,-29.978
98.275,goal,-49.078,-201.719,-29.978
98.309,goal,-49.032,-201.805,-29.978
98.343,goal,-48.974,-201.913,-29.978
98.375,goal,-48.929,-201.999,-29.979
98.409,goal,-48.883,-202.085,-29.979
98.443,goal,-48.837,-202.171,-29.979
98.475,goal,-48.792,-202.257,-29.979
98.509,goal,-48.746,-202.343,-29.980
98.543,goal,-48.690,-202.450,-29.980
98.575,goal,-48.644,-202.536,-29.981
98.609,goal,-48.599,-202.622,-29.981
98.643,goal,-48.554,-202.709,-29.981
98.675,goal,-48.509,-202.795,-29.981
98.709,goal,-48.464,-202.881,-29.982
98.743,goal,-48.408,-202.989,-29.982
98.775,goal,-48.363,-203.075,-29.982
98.809,goal,-48.318,-203.161,-29.983
98.843,goal,-48.273,-203.248,-29.983
98.875,goal,-48.228,-203.334,-29.983
98.909,goal,-48.183,-203.420,-29.984
98.943,goal,-48.127,-203.528,-29.984
98.975,goal,-48.083,-203.614,-29.985
99.009,goal,-48.038,-203.700,-29.985
99.043,goal,-47.994,-203.786,-29.986
99.075,goal,-47.949,-203.872,-29.987
99.109,goal,-47.905,-203.958,-29.987
99.143,goal,-47.849,-204.066,-29.988
99.175,goal,-47.804,-204.152,-29.988
99.209,goal,-47.759,-204.238,-29.989
99.243,goal,-47.714,-204.324,-29.990
99.275,goal,-47.669,-204.410,-29.990
99.309,goal,-47.624,-204.496,-29.990
99.343,goal,-47.567,-204.604,-29.991
99.376,goal,-47.522,-204.690,-29.991
99.409,goal,-47.477,-204.776,-29.991
99.441,goal,-47.432,-204.862,-29.991
99.475,goal,-47.386,-204.949,-29.991
99.509,goal,-47.341,-205.035,-29.991
99.541,goal,-47.295,-205.121,-29.991
99.575,goal,-47.238,-205.229,-29.991
99.609,goal,-47.193,-205.315,-29.990
99.641,goal,-47.147,-205.402,-29.990
99.675,goal,-47.101,-205.488,-29.990
99.709,goal,-47.056,-205.575,-29.990
99.741,goal,-47.010,-205.661,-29.989
99.775,goal,-46.953,-205.770,-29.989
99.809,goal,-46.907,-205.856,-29.988
99.841,goal,-46.862,-205.943,-29.988
99.875,goal,-46.816,-206.030,-29.987
99.909,goal,-46.771,-206.117,-29.986
99.941,goal,-46.725,-206.204,-29.985
99.975,goal,-46.668,-206.313,-29.984
100.009,goal,-46.623,-206.400,-29.984
100.041,goal,-46.578,-206.487,-29.983
100.075,goal,-46.533,-206.574,-29.983
100.109,goal,-46.487,-206.661,-29.982
100.141,goal,-46.442,-206.748,-29.982
100.175,goal,-46.386,-206.857,-29.981
100.209,goal,-46.341,-206.945,-29.981
100.241,goal,-46.296,-207.032,-29.981
100.275,goal,-46.251,-207.119,-29.980
100.309,goal,-46.207,-207.206,-29.980
100.341,goal,-46.162,-207.293,-29.980
100.375,goal,-46.106,-207.401,-29.979
100.409,goal,-46.061,-207.488,-29.979
100.441,goal,-46.016,-207.575,-29.979
100.475,goal,-45.972,-207.662,-29.979
100.509,goal,-45.927,-207.748,-29.979
100.541,goal,-45.883,-207.835,-29.979
100.575,goal,-45.827,-207.943,-29.979
100.609,goal,-45.783,-208.030,-29.979
100.641,goal,-45.738,-208.116,-29.979
100.675,goal,-45.694,-208.202,-29.980
100.709,goal,-45.649,-208.288,-29.980
100.741,goal,-45.605,-208.375,-29.980
100.775,goal,-45.549,-208.482,-29.980
100.809,goal,-45.505,-208.568,-29.980
100.841,goal,-45.460,-208.654,-29.980
100.875,goal,-45.416,-208.741,-29.980
100.909,goal,-45.371,-208.827,-29.980
100.941,goal,-45.327,-208.913,-29.980
100.975,goal,-45.271,-209.021,-29.980
101.009,goal,-45.227,-209.107,-29.980
101.041,goal,-45.182,-209.194,-29.980
101.075,goal,-45.138,-209.280,-29.980
101.109,goal,-45.093,-209.366,-29.980
101.141,goal,-45.049,-209.453,-29.981
101.175,goal,-44.993,-209.561,-29.981
101.209,goal,-44.949,-209.648,-29.981
101.241,goal,-44.904,-209.734,-29.981
101.275,goal,-44.860,-209.821,-29.982
101.309,goal,-44.815,-209.907,-29.982
101.341,goal,-44.771,-209.994,-29.982
101.375,goal,-44.715,-210.103,-29.982
101.409,goal,-44.671,-210.189,-29.982
101.441,goal,-44.627,-210.276,-29.982
101.475,goal,-44.583,-210.363,-29.982
101.509,goal,-44.539,-210.450,-29.983
101.541,goal,-44.495,-210.537,-29.983
101.575,goal,-44.440,-210.645,-29.983
101.609,goal,-44.396,-210.732,-29.983
101.641,goal,-44.353,-210.819,-29.983
101.675,goal,-44.309,-210.906,-29.983
101.709,goal,-44.266,-210.993,-29.983
101.741,goal,-44.222,-211.079,-29.983
101.775,goal,-44.168,-211.188,-29.983
101.809,goal,-44.125,-211.274,-29.983
101.841,goal,-44.082,-211.361,-29.983
101.875,goal,-44.039,-211.448,-29.984
101.909,goal,-43.996,-211.535,-29.984
101.941,goal,-43.953,-211.622,-29.984
101.975,goal,-43.899,-211.730,-29.984
102.009,goal,-43.856,-211.817,-29.984
102.041,goal,-43.813,-211.904,-29.984
102.075,goal,-43.771,-211.991,-29.984
102.109,goal,-43.728,-212.077,-29.984
102.141,goal,-43.685,-212.164,-29.983
102.175,goal,-43.632,-212.272,-29.983
102.209,goal,-43.589,-212.359,-29.982
102.241,goal,-43.546,-212.445,-29.982
102.275,goal,-43.504,-212.531,-29.982
102.309,goal,-43.461,-212.618,-29.981
102.341,goal,-43.418,-212.704,-29.981
102.375,goal,-43.365,-212.812,-29.980
102.409,goal,-43.322,-212.899,-29.980
102.441,goal,-43.279,-212.985,-29.979
102.475,goal,-43.236,-213.072,-29.979
102.509,goal,-43.193,-213.158,-29.978
102.541,goal,-43.150,-213.245,-29.978
102.575,goal,-43.096,-213.354,-29.977
102.609,goal,-43.053,-213.440,-29.977
102.641,goal,-43.010,-213.527,-29.976
102.675,goal,-42.967,-213.614,-29.976
102.709,goal,-42.924,-213.701,-29.976
102.741,goal,-42.881,-213.789,-29.975
102.775,goal,-42.827,-213.898,-29.975
102.809,goal,-42.784,-213.985,-29.975
102.841,goal,-42.741,-214.072,-29.975
102.875,goal,-42.698,-214.160,-29.975
102.909,goal,-42.655,-214.247,-29.975
102.941,goal,-42.612,-214.334,-29.976
102.975,goal,-42.559,-214.444,-29.976
103.009,goal,-42.516,-214.531,-29.976
103.041,goal,-42.473,-214.619,-29.977
103.075,goal,-42.431,-214.707,-29.977
103.109,goal,-42.388,-214.794,-29.978
103.141,goal,-42.346,-214.882,-29.978
103.176,goal,-42.293,-214.991,-29.979
103.210,goal,-42.251,-215.078,-29.980
103.242,goal,-42.210,-215.165,-29.980
103.276,goal,-42.168,-215.252,-29.981
103.310,goal,-42.127,-215.339,-29.982
103.342,goal,-42.085,-215.427,-29.983
103.376,goal,-42.034,-215.535,-29.984
103.410,goal,-41.993,-215.622,-29.984
103.443,goal,-41.951,-215.709,-29.985
103.477,goal,-41.910,-215.796,-29.985
103.511,goal,-41.869,-215.883,-29.986
103.543,goal,-41.827,-215.970,-29.987
103.577,goal,-41.776,-216.078,-29.987
103.611,goal,-41.734,-216.165,-29.988
103.643,goal,-41.693,-216.251,-29.988
103.678,goal,-41.651,-216.338,-29.989
103.712,goal,-41.610,-216.425,-29.990
103.744,goal,-41.568,-216.511,-29.990
103.778,goal,-41.516,-216.620,-29.990
103.812,goal,-41.475,-216.706,-29.991
103.844,goal,-41.433,-216.793,-29.991
103.878,goal,-41.391,-216.879,-29.991
103.912,goal,-41.350,-216.966,-29.991
103.944,goal,-41.308,-217.053,-29.990
103.978,goal,-41.255,-217.161,-29.990
104.012,goal,-41.213,-217.248,-29.990
104.044,goal,-41.171,-217.334,-29.990
104.078,goal,-41.129,-217.421,-29.990
104.112,goal,-41.087,-217.508,-29.989
104.144,goal,-41.044,-217.595,-29.989
104.178,goal,-40.991,-217.704,-29.989
104.212,goal,-40.948,-217.791,-29.988
104.244,goal,-40.906,-217.878,-29.988
104.278,goal,-40.863,-217.965,-29.987
104.312,goal,-40.820,-218.052,-29.987
104.344,goal,-40.777,-218.140,-29.987
104.378,goal,-40.724,-218.248,-29.986
104.412,goal,-40.681,-218.335,-29.986
104.444,goal,-40.638,-218.422,-29.986
104.478,goal,-40.595,-218.509,-29.986
104.512,goal,-40.553,-218.596,-29.985
104.544,goal,-40.510,-218.683,-29.985
104.578,goal,-40.457,-218.792,-29.985
104.612,goal,-40.414,-218.879,-29.984
104.644,goal,-40.372,-218.966,-29.984
104.678,goal,-40.329,-219.054,-29.984
104.712,goal,-40.287,-219.141,-29.983
104.744,goal,-40.245,-219.228,-29.982
104.778,goal,-40.192,-219.337,-29.982
104.812,goal,-40.150,-219.424,-29.981
104.844,goal,-40.108,-219.511,-29.980
104.878,goal,-40.067,-219.598,-29.980
104.912,goal,-40.025,-219.685,-29.979
104.944,goal,-39.984,-219.772,-29.978
104.978,goal,-39.932,-219.880,-29.978
105.012,goal,-39.890,-219.967,-29.977
105.044,goal,-39.849,-220.054,-29.977
105.078,goal,-39.807,-220.141,-29.976
105.112,goal,-39.766,-220.227,-29.976
105.144,goal,-39.725,-220.314,-29.975
105.178,goal,-39.673,-220.423,-29.975
105.212,goal,-39.631,-220.509,-29.974
105.244,goal,-39.590,-220.596,-29.974
105.278,goal,-39.549,-220.683,-29.974
105.312,goal,-39.507,-220.769,-29.974
105.344,goal,-39.466,-220.856,-29.975
105.378,goal,-39.414,-220.964,-29.975
105.412,goal,-39.373,-221.051,-29.975
105.444,goal,-39.331,-221.138,-29.975
105.478,goal,-39.290,-221.225,-29.975
105.512,goal,-39.248,-221.312,-29.975
105.544,goal,-39.206,-221.399,-29.975
105.578,goal,-39.154,-221.508,-29.975
105.612,goal,-39.112,-221.595,-29.975
105.644,goal,-39.071,-221.681,-29.975
105.678,goal,-39.029,-221.769,-29.975
105.712,goal,-38.988,-221.856,-29.975
105.744,goal,-38.946,-221.943,-29.975
105.778,goal,-38.894,-222.052,-29.975
105.812,goal,-38.853,-222.139,-29.974
105.844,goal,-38.811,-222.226,-29.974
105.878,goal,-38.770,-222.313,-29.974
105.912,goal,-38.729,-222.400,-29.973
105.944,goal,-38.688,-222.488,-29.973
105.978,goal,-38.636,-222.597,-29.972
106.012,goal,-38.595,-222.684,-29.972
106.044,goal,-38.554,-222.771,-29.972
106.078,goal,-38.513,-222.858,-29.971
106.112,goal,-38.472,-222.945,-29.971
106.144,goal,-38.431,-223.033,-29.971
106.178,goal,-38.380,-223.142,-29.971
106.212,goal,-38.340,-223.229,-29.971
106.244,goal,-38.299,-223.316,-29.971
106.278,goal,-38.258,-223.404,-29.971
106.312,goal,-38.217,-223.491,-29.972
106.344,goal,-38.177,-223.578,-29.972
106.378,goal,-38.125,-223.687,-29.973
106.412,goal,-38.084,-223.774,-29.973
106.444,goal,-38.043,-223.861,-29.974
106.478,goal,-38.002,-223.948,-29.974
106.512,goal,-37.960,-224.035,-29.975
106.544,goal,-37.918,-224.122,-29.976
106.578,goal,-37.866,-224.231,-29.976
106.612,goal,-37.824,-224.318,-29.977
106.644,goal,-37.782,-224.404,-29.978
106.678,goal,-37.740,-224.491,-29.978
106.712,goal,-37.697,-224.577,-29.979
106.744,goal,-37.655,-224.664,-29.980
106.778,goal,-37.602,-224.772,-29.981
106.812,goal,-37.559,-224.858,-29.982
106.844,goal,-37.516,-224.944,-29.982
106.879,goal,-37.474,-225.031,-29.983
106.913,goal,-37.431,-225.117,-29.984
106.945,goal,-37.389,-225.203,-29.984
106.979,goal,-37.336,-225.311,-29.985
107.013,goal,-37.293,-225.397,-29.985
107.045,goal,-37.251,-225.484,-29.986
107.079,goal,-37.209,-225.570,-29.986
107.113,goal,-37.167,-225.656,-29.986
107.145,goal,-37.124,-225.743,-29.986
107.179,goal,-37.072,-225.851,-29.986
107.213,goal,-37.029,-225.937,-29.986
107.245,goal,-36.987,-226.024,-29.986
107.279,goal,-36.945,-226.111,-29.986
107.313,goal,-36.903,-226.197,-29.986
107.345,goal,-36.860,-226.284,-29.986
107.379,goal,-36.808,-226.393,-29.986
107.413,goal,-36.765,-226.480,-29.986
107.445,goal,-36.723,-226.567,-29.985
107.479,goal,-36.681,-226.654,-29.985
107.513,goal,-36.639,-226.741,-29.985
107.545,goal,-36.596,-226.828,-29.985
107.579,goal,-36.543,-226.936,-29.985
107.613,goal,-36.501,-227.023,-29.985
107.645,goal,-36.459,-227.110,-29.984
107.679,goal,-36.417,-227.197,-29.984
107.713,goal,-36.374,-227.283,-29.984
107.745,goal,-36.332,-227.370,-29.984
107.779,goal,-36.280,-227.478,-29.983
107.813,goal,-36.238,-227.564,-29.983
107.845,goal,-36.196,-227.651,-29.982
107.879,goal,-36.154,-227.738,-29.982
107.913,goal,-36.112,-227.824,-29.981
107.945,goal,-36.070,-227.911,-29.980
107.979,goal,-36.018,-228.019,-29.979
108.013,goal,-35.977,-228.106,-29.978
108.045,goal,-35.935,-228.193,-29.977
108.079,goal,-35.893,-228.279,-29.977
108.113,goal,-35.851,-228.366,-29.976
108.145,goal,-35.809,-228.453,-29.975
108.179,goal,-35.756,-228.561,-29.974
108.213,goal,-35.714,-228.648,-29.973
108.245,goal,-35.672,-228.735,-29.973
108.279,goal,-35.630,-228.822,-29.972
108.313,goal,-35.588,-228.909,-29.971
108.345,goal,-35.545,-228.997,-29.971
108.379,goal,-35.493,-229.106,-29.970
108.413,goal,-35.451,-229.193,-29.970
108.445,goal,-35.408,-229.280,-29.969
108.479,goal,-35.366,-229.367,-29.969
108.513,goal,-35.324,-229.455,-29.968
108.545,goal,-35.282,-229.542,-29.968
108.579,goal,-35.229,-229.651,-29.967
108.613,goal,-35.187,-229.738,-29.967
108.645,goal,-35.145,-229.826,-29.967
108.679,goal,-35.103,-229.913,-29.966
108.713,goal,-35.062,-230.000,-29.966
108.745,goal,-35.020,-230.087,-29.966
108.779,goal,-34.968,-230.196,-29.965
108.813,goal,-34.927,-230.283,-29.965
108.845,goal,-34.886,-230.370,-29.965
108.879,goal,-34.845,-230.458,-29.965
108.913,goal,-34.804,-230.545,-29.965
108.945,goal,-34.763,-230.632,-29.965
108.979,goal,-34.712,-230.741,-29.965
109.013,goal,-34.671,-230.828,-29.965
109.045,goal,-34.630,-230.915,-29.965
109.079,goal,-34.590,-231.002,-29.964
109.113,goal,-34.549,-231.089,-29.964
109.145,goal,-34.509,-231.176,-29.964
109.179,goal,-34.458,-231.285,-29.964
109.213,goal,-34.418,-231.371,-29.964
109.245,goal,-34.377,-231.458,-29.964
109.279,goal,-34.337,-231.545,-29.964
109.313,goal,-34.297,-231.632,-29.964
109.345,goal,-34.257,-231.719,-29.964
109.379,goal,-34.207,-231.827,-29.965
109.413,goal,-34.168,-231.914,-29.965
109.445,goal,-34.128,-232.001,-29.965
109.479,goal,-34.088,-232.087,-29.965
109.513,goal,-34.049,-232.174,-29.965
109.545,goal,-34.010,-232.261,-29.965
109.579,goal,-33.961,-232.369,-29.966
109.613,goal,-33.921,-232.456,-29.966
109.645,goal,-33.882,-232.542,-29.966
109.679,goal,-33.843,-232.629,-29.967
109.713,goal,-33.804,-232.715,-29.967
109.746,goal,-33.765,-232.802,-29.967
109.780,goal,-33.716,-232.910,-29.968
109.814,goal,-33.677,-232.997,-29.968
109.846,goal,-33.637,-233.084,-29.969
109.880,goal,-33.598,-233.170,-29.969
109.914,goal,-33.559,-233.257,-29.970
109.946,goal,-33.520,-233.344,-29.970
109.980,goal,-33.471,-233.452,-29.971
110.014,goal,-33.432,-233.539,-29.971
110.046,goal,-33.393,-233.626,-29.972
110.080,goal,-33.354,-233.712,-29.972
110.114,goal,-33.315,-233.799,-29.973
110.146,goal,-33.276,-233.886,-29.973
110.181,goal,-33.227,-233.994,-29.974
110.215,goal,-33.188,-234.081,-29.975
110.248,goal,-33.149,-234.167,-29.975
110.282,goal,-33.110,-234.254,-29.976
110.316,goal,-33.071,-234.340,-29.976
110.348,goal,-33.031,-234.427,-29.977
110.382,goal,-32.982,-234.535,-29.978
110.416,goal,-32.943,-234.621,-29.978
110.448,goal,-32.903,-234.708,-29.979
110.482,goal,-32.863,-234.794,-29.979
110.518,goal,-32.824,-234.881,-29.980
110.549,goal,-32.784,-234.968,-29.981
110.583,goal,-32.734,-235.076,-29.981
110.617,goal,-32.694,-235.163,-29.982
110.649,goal,-32.654,-235.249,-29.982
110.683,goal,-32.614,-235.336,-29.983
110.717,goal,-32.573,-235.423,-29.983
110.749,goal,-32.533,-235.509,-29.984
110.783,goal,-32.482,-235.618,-29.984
110.818,goal,-32.441,-235.704,-29.985
110.849,goal,-32.400,-235.791,-29.985
110.883,goal,-32.359,-235.878,-29.985
110.917,goal,-32.318,-235.964,-29.986
110.949,goal,-32.277,-236.051,-29.986
110.983,goal,-32.225,-236.159,-29.987
111.017,goal,-32.184,-236.246,-29.987
111.049,goal,-32.143,-236.332,-29.987
111.083,goal,-32.101,-236.418,-29.987
111.117,goal,-32.060,-236.505,-29.988
111.149,goal,-32.018,-236.591,-29.988
111.183,goal,-31.966,-236.699,-29.988
111.217,goal,-31.925,-236.785,-29.987
111.249,goal,-31.883,-236.872,-29.987
111.283,goal,-31.842,-236.958,-29.987
111.317,goal,-31.800,-237.044,-29.987
111.349,goal,-31.758,-237.130,-29.987
111.383,goal,-31.706,-237.238,-29.986
111.417,goal,-31.665,-237.324,-29.986
111.449,goal,-31.623,-237.410,-29.985
111.483,goal,-31.582,-237.496,-29.985
111.517,goal,-31.540,-237.582,-29.984
111.549,goal,-31.498,-237.668,-29.984
111.583,goal,-31.447,-237.775,-29.984
111.617,goal,-31.405,-237.861,-29.984
111.650,goal,-31.364,-237.947,-29.984
111.683,goal,-31.322,-238.033,-29.984
111.717,approach,-31.281,-238.119,-29.984
111.749,approach,-31.240,-238.205,-29.984
111.783,approach,-31.189,-238.312,-29.984
111.817,approach,-31.148,-238.398,-29.981
111.849,approach,-31.107,-238.484,-29.972
111.883,approach,-31.067,-238.569,-29.957
111.917,approach,-31.027,-238.654,-29.934
111.949,approach,-30.987,-238.739,-29.906
111.983,approach,-30.937,-238.845,-29.862
112.017,approach,-30.898,-238.929,-29.822
112.049,approach,-30.859,-239.012,-29.778
112.083,approach,-30.821,-239.095,-29.732
112.117,approach,-30.783,-239.177,-29.683
112.149,approach,-30.745,-239.258,-29.632
112.183,approach,-30.699,-239.357,-29.567
112.217,approach,-30.663,-239.435,-29.513
112.249,approach,-30.627,-239.512,-29.459
112.283,approach,-30.592,-239.587,-29.405
112.317,approach,-30.558,-239.661,-29.350
112.349,approach,-30.525,-239.732,-29.295
112.383,approach,-30.484,-239.819,-29.226
112.417,approach,-30.453,-239.886,-29.171
112.449,approach,-30.423,-239.952,-29.117
112.483,approach,-30.393,-240.014,-29.062
112.517,approach,-30.365,-240.075,-29.008
112.549,approach,-30.337,-240.133,-28.954
112.583,approach,-30.304,-240.203,-28.886
112.617,approach,-30.279,-240.256,-28.833
112.649,approach,-30.255,-240.307,-28.779
112.683,approach,-30.231,-240.356,-28.726
112.717,approach,-30.209,-240.402,-28.673
112.749,approach,-30.188,-240.446,-28.620
112.783,approach,-30.163,-240.497,-28.554
112.817,approach,-30.145,-240.536,-28.502
112.849,approach,-30.127,-240.573,-28.449
112.883,approach,-30.110,-240.607,-28.397
112.917,approach,-30.094,-240.640,-28.345
112.949,approach,-30.079,-240.670,-28.293
112.983,approach,-30.062,-240.705,-28.228
113.017,approach,-30.048,-240.730,-28.176
113.049,approach,-30.036,-240.754,-28.124
113.083,approach,-30.025,-240.775,-28.073
113.117,approach,-30.014,-240.795,-28.021
113.149,approach,-30.004,-240.813,-27.970
113.183,approach,-29.993,-240.832,-27.906
113.217,approach,-29.985,-240.846,-27.854
113.249,approach,-29.978,-240.858,-27.803
113.283,approach,-29.972,-240.869,-27.752
113.317,approach,-29.966,-240.878,-27.701
113.349,approach,-29.961,-240.885,-27.650
113.384,approach,-29.955,-240.893,-27.586
113.418,approach,-29.952,-240.898,-27.535
113.452,approach,-29.948,-240.902,-27.484
113.486,approach,-29.946,-240.905,-27.433
113.520,approach,-29.944,-240.907,-27.383
113.552,approach,-29.942,-240.908,-27.332
113.586,approach,-29.941,-240.908,-27.269
113.620,approach,-29.940,-240.907,-27.218
113.652,approach,-29.940,-240.905,-27.168
113.686,approach,-29.941,-240.903,-27.118
113.720,approach,-29.941,-240.900,-27.067
113.752,approach,-29.942,-240.897,-27.017
113.786,approach,-29.944,-240.892,-26.954
113.820,approach,-29.945,-240.887,-26.904
113.852,approach,-29.947,-240.882,-26.854
113.886,approach,-29.950,-240.877,-26.804
113.920,approach,-29.952,-240.871,-26.754
113.952,approach,-29.955,-240.866,-26.704
113.986,approach,-29.958,-240.858,-26.642
114.020,approach,-29.961,-240.851,-26.592
114.052,approach,-29.964,-240.845,-26.542
114.086,approach,-29.968,-240.838,-26.492
114.120,approach,-29.971,-240.832,-26.443
114.152,approach,-29.975,-240.825,-26.393
114.186,approach,-29.979,-240.816,-26.331
114.220,approach,-29.983,-240.810,-26.282
114.252,approach,-29.987,-240.803,-26.233
114.286,approach,-29.991,-240.797,-26.183
114.320,approach,-29.995,-240.790,-26.134
114.352,approach,-29.998,-240.784,-26.085
114.386,approach,-30.003,-240.777,-26.024
114.420,approach,-30.007,-240.772,-25.975
114.452,approach,-30.011,-240.766,-25.926
114.486,approach,-30.015,-240.760,-25.877
114.520,approach,-30.019,-240.755,-25.828
114.552,approach,-30.023,-240.749,-25.779
114.586,approach,-30.028,-240.743,-25.718
114.620,approach,-30.032,-240.738,-25.669
114.652,approach,-30.036,-240.733,-25.620
114.686,approach,-30.039,-240.728,-25.571
114.720,approach,-30.043,-240.723,-25.522
114.752,approach,-30.047,-240.719,-25.473
114.786,approach,-30.051,-240.713,-25.412
114.820,approach,-30.055,-240.709,-25.364
114.852,approach,-30.058,-240.705,-25.315
114.886,approach,-30.061,-240.702,-25.266
114.920,approach,-30.064,-240.698,-25.217
114.952,approach,-30.067,-240.695,-25.168
114.986,approach,-30.070,-240.692,-25.107
115.020,approach,-30.073,-240.689,-25.059
115.052,approach,-30.075,-240.686,-25.010
115.086,approach,-30.077,-240.684,-24.961
115.120,approach,-30.079,-240.681,-24.912
115.152,approach,-30.080,-240.679,-24.864
115.186,approach,-30.082,-240.676,-24.803
115.220,approach,-30.083,-240.674,-24.754
115.252,approach,-30.085,-240.672,-24.706
115.286,approach,-30.086,-240.670,-24.658
115.320,approach,-30.087,-240.668,-24.609
115.352,approach,-30.088,-240.667,-24.561
115.386,approach,-30.090,-240.664,-24.501
115.420,approach,-30.090,-240.663,-24.452
115.452,approach,-30.091,-240.662,-24.404
115.486,approach,-30.092,-240.660,-24.356
115.520,approach,-30.093,-240.659,-24.308
115.552,approach,-30.093,-240.658,-24.259
115.586,approach,-30.094,-240.656,-24.199
115.620,approach,-30.094,-240.655,-24.151
115.652,approach,-30.095,-240.655,-24.102
115.686,approach,-30.095,-240.654,-24.054
115.720,approach,-30.096,-240.654,-24.005
115.752,approach,-30.096,-240.654,-23.957
115.786,approach,-30.097,-240.653,-23.896
115.835,approach,-30.097,-240.653,-23.847
115.867,approach,-30.097,-240.653,-23.799
115.901,approach,-30.097,-240.653,-23.750
115.935,approach,-30.097,-240.654,-23.702
115.967,approach,-30.098,-240.654,-23.653
116.001,approach,-30.098,-240.654,-23.592
116.035,approach,-30.098,-240.654,-23.544
116.067,approach,-30.098,-240.654,-23.495
116.101,approach,-30.098,-240.653,-23.447
116.135,approach,-30.098,-240.653,-23.398
116.167,approach,-30.098,-240.652,-23.349
116.201,approach,-30.098,-240.652,-23.289
116.235,approach,-30.099,-240.651,-23.240
116.267,approach,-30.099,-240.650,-23.191
116.301,approach,-30.099,-240.649,-23.142
116.335,approach,-30.099,-240.648,-23.094
116.367,approach,-30.099,-240.646,-23.045
116.401,approach,-30.100,-240.645,-22.984
116.435,approach,-30.100,-240.643,-22.935
116.467,approach,-30.101,-240.642,-22.887
116.501,approach,-30.101,-240.640,-22.838
116.535,approach,-30.101,-240.638,-22.789
116.567,approach,-30.102,-240.636,-22.740
116.601,approach,-30.103,-240.634,-22.679
116.635,approach,-30.103,-240.632,-22.630
116.667,approach,-30.104,-240.630,-22.582
116.701,approach,-30.105,-240.629,-22.533
116.735,approach,-30.106,-240.627,-22.484
116.767,approach,-30.107,-240.625,-22.435
116.801,approach,-30.108,-240.622,-22.374
116.837,approach,-30.109,-240.621,-22.325
116.869,approach,-30.110,-240.619,-22.276
116.903,approach,-30.111,-240.617,-22.228
116.937,approach,-30.112,-240.615,-22.179
116.969,approach,-30.113,-240.613,-22.130
117.003,approach,-30.114,-240.610,-22.070
117.037,approach,-30.115,-240.609,-22.021
117.069,approach,-30.116,-240.607,-21.973
117.103,approach,-30.117,-240.605,-21.925
117.137,approach,-30.118,-240.604,-21.877
117.169,approach,-30.119,-240.602,-21.828
117.203,approach,-30.120,-240.601,-21.768
117.237,approach,-30.121,-240.600,-21.720
117.269,approach,-30.122,-240.598,-21.672
117.303,approach,-30.123,-240.597,-21.624
117.337,approach,-30.124,-240.596,-21.576
117.369,approach,-30.125,-240.595,-21.529
117.403,approach,-30.126,-240.593,-21.469
117.437,approach,-30.127,-240.592,-21.421
117.469,approach,-30.128,-240.590,-21.373
117.503,approach,-30.129,-240.589,-21.325
117.537,approach,-30.130,-240.587,-21.278
117.569,approach,-30.131,-240.586,-21.230
117.603,approach,-30.132,-240.584,-21.170
117.637,approach,-30.133,-240.583,-21.123
117.669,approach,-30.133,-240.581,-21.075
117.703,approach,-30.134,-240.580,-21.028
117.737,approach,-30.135,-240.579,-20.980
117.769,approach,-30.136,-240.578,-20.933
117.803,approach,-30.137,-240.577,-20.873
117.837,approach,-30.137,-240.576,-20.826
117.869,approach,-30.138,-240.575,-20.779
117.903,approach,-30.138,-240.574,-20.732
117.937,approach,-30.139,-240.573,-20.684
117.969,approach,-30.140,-240.573,-20.637
118.003,approach,-30.140,-240.572,-20.578
118.037,approach,-30.141,-240.572,-20.531
118.069,approach,-30.141,-240.571,-20.484
118.103,approach,-30.141,-240.571,-20.437
118.137,approach,-30.141,-240.570,-20.390
118.169,approach,-30.141,-240.570,-20.343
118.203,approach,-30.142,-240.570,-20.285
118.237,approach,-30.142,-240.570,-20.238
118.269,approach,-30.142,-240.570,-20.191
118.303,approach,-30.142,-240.570,-20.144
118.337,approach,-30.142,-240.570,-20.097
118.369,approach,-30.142,-240.570,-20.051
118.403,approach,-30.143,-240.570,-19.992
118.437,approach,-30.143,-240.570,-19.945
118.469,approach,-30.143,-240.570,-19.898
118.503,approach,-30.143,-240.571,-19.851
118.537,approach,-30.143,-240.571,-19.804
118.569,approach,-30.143,-240.572,-19.757
118.603,approach,-30.143,-240.572,-19.698
118.637,approach,-30.143,-240.573,-19.650
118.669,approach,-30.143,-240.573,-19.603
118.703,approach,-30.143,-240.573,-19.556
118.737,approach,-30.144,-240.573,-19.509
118.769,approach,-30.144,-240.574,-19.461
118.803,approach,-30.145,-240.574,-19.402
118.837,approach,-30.145,-240.574,-19.354
118.869,approach,-30.145,-240.574,-19.307
118.903,approach,-30.146,-240.574,-19.259
118.937,approach,-30.146,-240.574,-19.211
118.969,approach,-30.147,-240.574,-19.164
119.003,approach,-30.148,-240.574,-19.104
119.037,approach,-30.148,-240.574,-19.057
119.069,approach,-30.148,-240.574,-19.009
119.103,approach,-30.149,-240.574,-18.961
119.137,approach,-30.150,-240.574,-18.914
119.169,approach,-30.150,-240.574,-18.867
119.203,approach,-30.151,-240.574,-18.807
119.237,approach,-30.152,-240.574,-18.760
119.269,approach,-30.152,-240.575,-18.712
119.303,approach,-30.152,-240.575,-18.665
119.337,approach,-30.153,-240.576,-18.617
119.369,approach,-30.153,-240.576,-18.569
119.403,approach,-30.153,-240.577,-18.510
119.437,approach,-30.153,-240.578,-18.462
119.469,approach,-30.153,-240.579,-18.414
119.503,approach,-30.153,-240.580,-18.367
119.538,approach,-30.153,-240.581,-18.319
119.570,approach,-30.153,-240.581,-18.271
119.604,approach,-30.153,-240.582,-18.212
119.638,approach,-30.152,-240.583,-18.164
119.670,approach,-30.152,-240.584,-18.116
119.704,approach,-30.151,-240.585,-18.068
119.738,approach,-30.150,-240.585,-18.021
119.770,approach,-30.149,-240.586,-17.973
119.804,approach,-30.148,-240.587,-17.913
119.838,approach,-30.147,-240.588,-17.865
119.870,approach,-30.146,-240.588,-17.817
119.904,approach,-30.144,-240.589,-17.769
119.938,approach,-30.143,-240.590,-17.721
119.970,approach,-30.142,-240.591,-17.673
120.004,approach,-30.140,-240.592,-17.613
120.039,approach,-30.139,-240.592,-17.565
120.071,approach,-30.138,-240.593,-17.517
120.105,approach,-30.137,-240.594,-17.468
120.139,approach,-30.135,-240.595,-17.420
120.171,approach,-30.134,-240.596,-17.372
120.205,approach,-30.133,-240.597,-17.312
120.239,approach,-30.131,-240.598,-17.264
120.271,approach,-30.130,-240.599,-17.216
120.305,approach,-30.129,-240.599,-17.168
120.339,approach,-30.128,-240.600,-17.120
120.371,approach,-30.127,-240.601,-17.072
120.405,approach,-30.126,-240.602,-17.012
120.439,approach,-30.124,-240.603,-16.964
120.471,approach,-30.123,-240.603,-16.916
120.505,approach,-30.122,-240.604,-16.868
120.539,approach,-30.121,-240.604,-16.820
120.571,approach,-30.119,-240.605,-16.771
120.605,approach,-30.118,-240.605,-16.711
120.639,approach,-30.116,-240.605,-16.663
120.671,approach,-30.115,-240.606,-16.615
120.705,approach,-30.114,-240.606,-16.566
120.739,approach,-30.112,-240.606,-16.518
120.771,approach,-30.111,-240.606,-16.470
120.805,approach,-30.110,-240.607,-16.409
120.839,approach,-30.109,-240.607,-16.360
120.871,approach,-30.107,-240.607,-16.312
120.905,approach,-30.106,-240.607,-16.263
120.939,approach,-30.105,-240.607,-16.215
120.971,approach,-30.104,-240.607,-16.166
121.005,approach,-30.103,-240.606,-16.105
121.039,approach,-30.102,-240.606,-16.057
121.071,approach,-30.100,-240.606,-16.008
121.105,approach,-30.099,-240.606,-15.960
121.139,approach,-30.098,-240.606,-15.911
121.171,approach,-30.098,-240.606,-15.862
121.205,approach,-30.097,-240.605,-15.801
121.239,approach,-30.096,-240.605,-15.753
121.271,approach,-30.096,-240.605,-15.704
121.305,approach,-30.095,-240.605,-15.655
121.339,approach,-30.095,-240.605,-15.607
121.371,approach,-30.095,-240.605,-15.558
121.405,approach,-30.095,-240.605,-15.497
121.439,approach,-30.096,-240.606,-15.449
121.471,approach,-30.096,-240.606,-15.400
121.505,approach,-30.096,-240.606,-15.351
121.539,approach,-30.097,-240.606,-15.303
121.571,approach,-30.098,-240.606,-15.255
121.605,approach,-30.099,-240.607,-15.194
121.639,approach,-30.100,-240.607,-15.146
121.671,approach,-30.100,-240.607,-15.098
121.705,approach,-30.101,-240.608,-15.049
121.739,approach,-30.102,-240.608,-15.001
121.771,approach,-30.103,-240.609,-14.953
121.805,approach,-30.104,-240.609,-14.893
121.839,approach,-30.105,-240.610,-14.844
121.871,approach,-30.106,-240.610,-14.796
121.905,approach,-30.107,-240.611,-14.748
121.939,approach,-30.108,-240.612,-14.700
121.971,approach,-30.109,-240.613,-14.651
122.006,approach,-30.110,-240.614,-14.591
122.039,approach,-30.111,-240.615,-14.542
122.071,approach,-30.112,-240.616,-14.494
122.105,approach,-30.113,-240.616,-14.446
122.139,approach,-30.114,-240.617,-14.397
122.171,approach,-30.115,-240.618,-14.349
122.205,approach,-30.116,-240.619,-14.288
122.239,approach,-30.118,-240.620,-14.240
122.271,approach,-30.119,-240.621,-14.191
122.305,approach,-30.120,-240.622,-14.143
122.339,approach,-30.121,-240.623,-14.094
122.371,approach,-30.122,-240.624,-14.046
122.405,approach,-30.123,-240.625,-13.985
122.439,approach,-30.124,-240.626,-13.937
122.471,approach,-30.125,-240.627,-13.888
122.505,approach,-30.125,-240.629,-13.840
122.540,approach,-30.126,-240.630,-13.791
122.572,approach,-30.126,-240.631,-13.742
122.606,approach,-30.127,-240.632,-13.681
122.640,approach,-30.127,-240.633,-13.633
122.672,approach,-30.127,-240.635,-13.584
122.706,approach,-30.127,-240.636,-13.535
122.740,approach,-30.126,-240.637,-13.487
122.772,approach,-30.126,-240.638,-13.438
122.808,approach,-30.125,-240.639,-13.377
122.842,approach,-30.124,-240.640,-13.329
122.874,approach,-30.124,-240.640,-13.280
122.909,approach,-30.123,-240.641,-13.231
122.943,approach,-30.122,-240.642,-13.183
122.975,approach,-30.121,-240.643,-13.134
123.009,approach,-30.120,-240.644,-13.074
123.043,approach,-30.119,-240.644,-13.025
123.075,approach,-30.118,-240.645,-12.977
123.109,approach,-30.117,-240.646,-12.929
123.143,approach,-30.116,-240.646,-12.880
123.175,approach,-30.115,-240.647,-12.832
123.209,approach,-30.113,-240.648,-12.772
123.243,approach,-30.112,-240.648,-12.723
123.275,approach,-30.111,-240.648,-12.675
123.309,approach,-30.110,-240.649,-12.627
123.343,approach,-30.108,-240.649,-12.578
123.375,approach,-30.107,-240.649,-12.530
123.409,approach,-30.105,-240.650,-12.470
123.443,approach,-30.104,-240.650,-12.421
123.475,approach,-30.102,-240.650,-12.373
123.509,approach,-30.100,-240.651,-12.325
123.543,approach,-30.098,-240.651,-12.276
123.575,approach,-30.096,-240.651,-12.228
123.609,approach,-30.094,-240.651,-12.168
123.643,approach,-30.092,-240.651,-12.119
123.675,approach,-30.090,-240.651,-12.071
123.709,approach,-30.088,-240.651,-12.022
123.743,approach,-30.086,-240.651,-11.974
123.775,approach,-30.084,-240.651,-11.925
123.809,approach,-30.082,-240.651,-11.864
123.843,approach,-30.081,-240.651,-11.815
123.875,approach,-30.079,-240.651,-11.767
123.909,approach,-30.077,-240.651,-11.718
123.943,approach,-30.076,-240.651,-11.669
123.975,approach,-30.074,-240.652,-11.621
124.009,approach,-30.072,-240.652,-11.560
124.043,approach,-30.071,-240.652,-11.512
124.075,approach,-30.070,-240.652,-11.463
124.109,approach,-30.069,-240.652,-11.415
124.143,approach,-30.067,-240.652,-11.366
124.175,approach,-30.066,-240.652,-11.318
124.209,approach,-30.065,-240.652,-11.257
124.244,approach,-30.064,-240.652,-11.208
124.276,approach,-30.064,-240.652,-11.160
124.310,approach,-30.063,-240.652,-11.112
124.344,approach,-30.062,-240.652,-11.063
124.376,approach,-30.062,-240.652,-11.015
124.410,approach,-30.062,-240.651,-10.955
124.444,approach,-30.061,-240.651,-10.907
124.476,approach,-30.061,-240.651,-10.859
124.510,approach,-30.061,-240.650,-10.811
124.544,approach,-30.061,-240.650,-10.763
124.576,approach,-30.061,-240.650,-10.715
124.610,approach,-30.061,-240.649,-10.655
124.644,approach,-30.061,-240.649,-10.607
124.676,approach,-30.061,-240.648,-10.560
124.710,approach,-30.061,-240.648,-10.512
124.744,approach,-30.061,-240.648,-10.465
124.776,approach,-30.061,-240.648,-10.417
124.810,approach,-30.061,-240.647,-10.358
124.844,approach,-30.061,-240.647,-10.311
124.876,approach,-30.061,-240.646,-10.263
124.910,approach,-30.061,-240.646,-10.216
124.944,approach,-30.061,-240.646,-10.169
124.976,approach,-30.061,-240.645,-10.122
125.010,approach,-30.061,-240.645,-10.064
125.044,approach,-30.061,-240.644,-10.016
125.076,approach,-30.061,-240.644,-9.969
125.110,approach,-30.061,-240.644,-9.922
125.144,approach,-30.061,-240.644,-9.875
125.176,approach,-30.061,-240.644,-9.828
125.210,approach,-30.062,-240.643,-9.769
125.244,approach,-30.062,-240.643,-9.722
125.276,approach,-30.062,-240.644,-9.675
125.310,approach,-30.063,-240.644,-9.628
125.344,approach,-30.063,-240.644,-9.580
125.376,approach,-30.064,-240.644,-9.533
125.410,approach,-30.065,-240.645,-9.474
125.444,approach,-30.066,-240.645,-9.427
125.476,approach,-30.066,-240.646,-9.379
125.510,approach,-30.067,-240.646,-9.332
125.544,approach,-30.068,-240.646,-9.284
125.576,approach,-30.068,-240.647,-9.236
125.610,approach,-30.069,-240.647,-9.177
125.644,approach,-30.070,-240.648,-9.129
125.676,approach,-30.071,-240.648,-9.081
125.710,approach,-30.071,-240.649,-9.033
125.744,approach,-30.072,-240.649,-8.985
125.776,approach,-30.073,-240.650,-8.937
125.810,approach,-30.074,-240.651,-8.878
125.844,approach,-30.075,-240.652,-8.830
125.876,approach,-30.075,-240.652,-8.782
125.910,approach,-30.076,-240.653,-8.734
125.944,approach,-30.077,-240.654,-8.687
125.976,approach,-30.078,-240.655,-8.639
126.010,approach,-30.079,-240.657,-8.579
126.044,approach,-30.080,-240.658,-8.532
126.076,approach,-30.080,-240.658,-8.484
126.111,approach,-30.081,-240.659,-8.436
126.145,approach,-30.082,-240.660,-8.389
126.177,approach,-30.083,-240.660,-8.341
126.211,approach,-30.084,-240.661,-8.281
126.245,approach,-30.085,-240.661,-8.233
126.277,approach,-30.086,-240.661,-8.185
126.311,approach,-30.086,-240.661,-8.137
126.345,approach,-30.087,-240.661,-8.089
126.377,approach,-30.088,-240.661,-8.041
126.411,approach,-30.089,-240.661,-7.981
126.445,approach,-30.089,-240.661,-7.933
126.477,approach,-30.090,-240.660,-7.885
126.511,approach,-30.090,-240.660,-7.837
126.545,approach,-30.091,-240.660,-7.788
126.577,approach,-30.091,-240.659,-7.740
126.611,approach,-30.091,-240.659,-7.679
126.645,approach,-30.092,-240.658,-7.631
126.677,approach,-30.092,-240.657,-7.582
126.711,approach,-30.092,-240.657,-7.534
126.745,approach,-30.093,-240.656,-7.485
126.777,approach,-30.093,-240.656,-7.437
126.811,approach,-30.093,-240.655,-7.376
126.845,approach,-30.093,-240.654,-7.327
126.877,approach,-30.093,-240.653,-7.278
126.911,approach,-30.093,-240.653,-7.230
126.945,approach,-30.094,-240.652,-7.181
126.977,approach,-30.094,-240.652,-7.133
127.011,approach,-30.094,-240.651,-7.072
127.045,approach,-30.094,-240.650,-7.024
127.077,approach,-30.093,-240.650,-6.976
127.111,approach,-30.093,-240.649,-6.928
127.145,approach,-30.093,-240.649,-6.879
127.177,approach,-30.093,-240.649,-6.831
127.211,approach,-30.093,-240.648,-6.771
127.245,approach,-30.094,-240.648,-6.723
127.277,approach,-30.094,-240.648,-6.675
127.311,approach,-30.094,-240.648,-6.628
127.345,approach,-30.095,-240.649,-6.580
127.377,approach,-30.095,-240.649,-6.532
127.411,approach,-30.096,-240.649,-6.472
127.445,approach,-30.096,-240.650,-6.424
127.477,approach,-30.097,-240.650,-6.376
127.511,approach,-30.098,-240.650,-6.328
127.545,approach,-30.098,-240.651,-6.280
127.577,approach,-30.099,-240.651,-6.232
127.611,approach,-30.100,-240.652,-6.172
127.645,approach,-30.101,-240.653,-6.124
127.677,approach,-30.102,-240.654,-6.076
127.711,approach,-30.102,-240.654,-6.028
127.745,approach,-30.103,-240.655,-5.980
127.777,approach,-30.104,-240.655,-5.932
127.811,approach,-30.105,-240.656,-5.872
127.845,approach,-30.105,-240.656,-5.824
127.877,approach,-30.106,-240.657,-5.776
127.911,approach,-30.106,-240.657,-5.728
127.945,approach,-30.107,-240.658,-5.680
127.977,approach,-30.107,-240.658,-5.632
128.011,approach,-30.107,-240.659,-5.572
128.045,approach,-30.107,-240.659,-5.524
128.077,approach,-30.107,-240.659,-5.477
128.111,approach,-30.107,-240.659,-5.429
128.145,approach,-30.106,-240.659,-5.381
128.177,approach,-30.106,-240.660,-5.333
128.211,approach,-30.105,-240.660,-5.274
128.245,approach,-30.105,-240.660,-5.226
128.277,approach,-30.104,-240.661,-5.178
128.311,approach,-30.103,-240.661,-5.130
128.345,approach,-30.102,-240.661,-5.082
128.377,approach,-30.102,-240.662,-5.034
128.411,approach,-30.101,-240.662,-4.974
128.445,approach,-30.100,-240.662,-4.926
128.477,approach,-30.099,-240.663,-4.878
128.511,approach,-30.099,-240.663,-4.829
128.545,approach,-30.098,-240.663,-4.781
128.578,approach,-30.098,-240.663,-4.733
128.611,approach,-30.098,-240.664,-4.672
128.645,approach,-30.097,-240.664,-4.624
128.677,approach,-30.097,-240.664,-4.575
128.711,approach,-30.097,-240.665,-4.527
128.745,approach,-30.097,-240.665,-4.478
128.777,approach,-30.097,-240.666,-4.430
128.811,approach,-30.097,-240.666,-4.369
128.845,approach,-30.097,-240.667,-4.320
128.877,approach,-30.097,-240.668,-4.272
128.911,approach,-30.097,-240.668,-4.224
128.945,approach,-30.097,-240.669,-4.175
128.977,approach,-30.098,-240.670,-4.127
129.011,approach,-30.098,-240.671,-4.066
129.045,approach,-30.099,-240.671,-4.018
129.077,approach,-30.099,-240.672,-3.970
129.111,approach,-30.100,-240.673,-3.921
129.155,approach,-30.100,-240.674,-3.873
129.202,approach,-30.101,-240.676,-3.825
129.244,approach,-30.102,-240.677,-3.765
129.278,approach,-30.102,-240.679,-3.716
129.310,approach,-30.102,-240.680,-3.668
129.344,approach,-30.103,-240.682,-3.620
129.378,approach,-30.103,-240.684,-3.572
129.410,approach,-30.103,-240.685,-3.524
129.444,approach,-30.103,-240.687,-3.463
129.478,approach,-30.102,-240.689,-3.415
129.510,approach,-30.102,-240.690,-3.367
129.544,approach,-30.101,-240.692,-3.319
129.578,approach,-30.101,-240.693,-3.271
129.610,approach,-30.100,-240.694,-3.223
129.644,approach,-30.099,-240.696,-3.163
129.678,approach,-30.098,-240.697,-3.116
129.710,approach,-30.097,-240.699,-3.068
129.744,approach,-30.096,-240.700,-3.020
129.778,approach,-30.095,-240.701,-2.973
129.810,approach,-30.094,-240.702,-2.925
129.844,approach,-30.092,-240.704,-2.865
129.878,approach,-30.091,-240.705,-2.817
129.910,approach,-30.090,-240.706,-2.769
129.944,approach,-30.090,-240.707,-2.722
129.978,approach,-30.089,-240.707,-2.674
130.010,approach,-30.088,-240.708,-2.626
130.044,approach,-30.087,-240.708,-2.566
130.078,approach,-30.086,-240.709,-2.519
130.110,approach,-30.085,-240.709,-2.471
130.144,approach,-30.084,-240.709,-2.424
130.178,approach,-30.083,-240.709,-2.376
130.210,approach,-30.082,-240.709,-2.329
130.244,approach,-30.082,-240.709,-2.270
130.278,approach,-30.081,-240.709,-2.223
130.310,approach,-30.080,-240.708,-2.175
130.344,approach,-30.080,-240.708,-2.128
130.378,approach,-30.079,-240.707,-2.081
130.410,approach,-30.079,-240.706,-2.034
130.444,approach,-30.078,-240.705,-1.976
130.478,approach,-30.077,-240.705,-1.931
130.510,approach,-30.077,-240.704,-1.887
130.544,approach,-30.076,-240.703,-1.844
130.578,approach,-30.076,-240.701,-1.803
130.610,approach,-30.075,-240.700,-1.763
130.644,approach,-30.075,-240.699,-1.715
130.678,approach,-30.074,-240.697,-1.678
130.710,approach,-30.074,-240.696,-1.643
