elapsed_sec,phase,north_m,east_m,down_m
0.014,takeoff,-0.011,0.013,0.083
0.048,takeoff,-0.013,0.013,0.083
0.082,takeoff,-0.014,0.013,0.083
0.114,takeoff,-0.016,0.013,0.082
0.148,takeoff,-0.018,0.013,0.082
0.182,takeoff,-0.019,0.013,0.082
0.214,takeoff,-0.020,0.013,0.081
0.248,takeoff,-0.021,0.013,0.081
0.282,takeoff,-0.023,0.013,0.080
0.316,takeoff,-0.024,0.013,0.080
0.350,takeoff,-0.025,0.013,0.079
0.385,takeoff,-0.025,0.014,0.079
0.417,takeoff,-0.026,0.014,0.078
0.451,takeoff,-0.027,0.014,0.077
0.485,takeoff,-0.028,0.014,0.076
0.518,takeoff,-0.029,0.014,0.075
0.552,takeoff,-0.030,0.014,0.073
0.586,takeoff,-0.030,0.014,0.073
0.618,takeoff,-0.031,0.014,0.071
0.652,takeoff,-0.032,0.013,0.070
0.686,takeoff,-0.033,0.013,0.069
0.718,takeoff,-0.034,0.012,0.068
0.752,takeoff,-0.035,0.011,0.067
0.786,takeoff,-0.036,0.010,0.066
0.818,takeoff,-0.036,0.010,0.065
0.852,takeoff,-0.037,0.009,0.064
0.886,takeoff,-0.037,0.009,0.063
0.918,takeoff,-0.038,0.008,0.062
0.952,takeoff,-0.038,0.007,0.061
0.986,takeoff,-0.038,0.007,0.060
1.019,takeoff,-0.038,0.007,0.059
1.053,takeoff,-0.038,0.007,0.058
1.087,takeoff,-0.038,0.007,0.058
1.121,takeoff,-0.037,0.007,0.057
1.155,takeoff,-0.037,0.007,0.056
1.189,takeoff,-0.036,0.007,0.055
1.221,takeoff,-0.036,0.007,0.054
1.255,takeoff,-0.036,0.007,0.054
1.289,takeoff,-0.035,0.006,0.053
1.321,takeoff,-0.034,0.006,0.053
1.356,takeoff,-0.033,0.006,0.053
1.390,takeoff,-0.032,0.006,0.052
1.422,takeoff,-0.032,0.006,0.052
1.456,takeoff,-0.031,0.006,0.052
1.490,takeoff,-0.030,0.005,0.051
1.522,takeoff,-0.029,0.005,0.051
1.556,takeoff,-0.028,0.005,0.050
1.590,takeoff,-0.027,0.004,0.050
1.622,takeoff,-0.026,0.004,0.049
1.656,takeoff,-0.025,0.003,0.048
1.690,takeoff,-0.024,0.003,0.048
1.722,takeoff,-0.022,0.002,0.047
1.756,takeoff,-0.021,0.001,0.047
1.791,takeoff,-0.020,0.000,0.046
1.823,takeoff,-0.019,-0.001,0.046
1.857,takeoff,-0.018,-0.002,0.046
1.891,takeoff,-0.017,-0.003,0.046
1.924,takeoff,-0.016,-0.004,0.046
1.958,takeoff,-0.015,-0.005,0.046
1.992,takeoff,-0.015,-0.006,0.046
2.025,takeoff,-0.014,-0.008,0.046
2.060,takeoff,-0.014,-0.009,0.046
2.094,takeoff,-0.013,-0.010,0.046
2.126,takeoff,-0.013,-0.011,0.046
2.160,takeoff,-0.012,-0.013,0.046
2.195,takeoff,-0.012,-0.014,0.046
2.226,takeoff,-0.012,-0.015,0.044
2.260,takeoff,-0.012,-0.017,0.041
2.294,takeoff,-0.013,-0.018,0.037
2.326,takeoff,-0.013,-0.020,0.031
2.360,takeoff,-0.014,-0.021,0.020
2.394,takeoff,-0.015,-0.022,0.009
2.426,takeoff,-0.016,-0.023,-0.005
2.462,takeoff,-0.017,-0.023,-0.021
2.496,takeoff,-0.018,-0.023,-0.039
2.527,takeoff,-0.019,-0.022,-0.060
2.562,takeoff,-0.020,-0.021,-0.091
2.596,takeoff,-0.021,-0.019,-0.118
2.627,takeoff,-0.022,-0.017,-0.147
2.661,takeoff,-0.024,-0.015,-0.180
2.695,takeoff,-0.025,-0.012,-0.215
2.727,takeoff,-0.026,-0.009,-0.252
2.762,takeoff,-0.027,-0.005,-0.303
2.796,takeoff,-0.028,-0.001,-0.347
2.827,takeoff,-0.029,0.003,-0.394
2.862,takeoff,-0.029,0.007,-0.443
2.896,takeoff,-0.030,0.012,-0.495
2.927,takeoff,-0.031,0.016,-0.550
2.961,takeoff,-0.031,0.022,-0.621
2.996,takeoff,-0.032,0.027,-0.682
3.027,takeoff,-0.032,0.032,-0.744
3.061,takeoff,-0.033,0.037,-0.809
3.096,takeoff,-0.033,0.042,-0.877
3.127,takeoff,-0.033,0.046,-0.947
3.161,takeoff,-0.033,0.052,-1.037
3.195,takeoff,-0.033,0.056,-1.112
3.227,takeoff,-0.033,0.061,-1.189
3.261,takeoff,-0.034,0.065,-1.267
3.296,takeoff,-0.034,0.068,-1.346
3.327,takeoff,-0.034,0.072,-1.427
3.361,takeoff,-0.034,0.076,-1.528
3.396,takeoff,-0.034,0.079,-1.610
3.429,takeoff,-0.034,0.081,-1.693
3.463,takeoff,-0.034,0.084,-1.776
3.497,takeoff,-0.035,0.086,-1.859
3.528,takeoff,-0.035,0.088,-1.942
3.563,takeoff,-0.036,0.090,-2.047
3.597,takeoff,-0.036,0.091,-2.130
3.629,takeoff,-0.036,0.092,-2.214
3.664,takeoff,-0.037,0.093,-2.298
3.698,takeoff,-0.037,0.093,-2.383
3.730,takeoff,-0.038,0.094,-2.467
3.764,takeoff,-0.038,0.094,-2.573
3.798,takeoff,-0.039,0.093,-2.658
3.830,takeoff,-0.040,0.093,-2.743
3.864,takeoff,-0.041,0.092,-2.828
3.898,takeoff,-0.042,0.091,-2.914
3.930,takeoff,-0.043,0.090,-3.000
3.964,takeoff,-0.045,0.088,-3.108
3.998,takeoff,-0.046,0.087,-3.194
4.030,takeoff,-0.048,0.085,-3.281
4.066,takeoff,-0.049,0.083,-3.367
4.099,takeoff,-0.051,0.081,-3.454
4.131,takeoff,-0.053,0.079,-3.541
4.165,takeoff,-0.056,0.076,-3.649
4.199,takeoff,-0.058,0.074,-3.736
4.232,takeoff,-0.061,0.072,-3.823
4.266,takeoff,-0.063,0.069,-3.910
4.300,takeoff,-0.066,0.067,-3.997
4.332,takeoff,-0.069,0.064,-4.084
4.366,takeoff,-0.072,0.060,-4.193
4.400,takeoff,-0.076,0.058,-4.280
4.432,takeoff,-0.079,0.055,-4.368
4.466,takeoff,-0.082,0.052,-4.455
4.500,takeoff,-0.085,0.049,-4.542
4.532,takeoff,-0.089,0.046,-4.629
4.567,takeoff,-0.093,0.043,-4.739
4.600,takeoff,-0.096,0.040,-4.826
4.633,takeoff,-0.099,0.037,-4.913
4.667,takeoff,-0.102,0.034,-5.001
4.701,takeoff,-0.105,0.031,-5.089
4.734,takeoff,-0.108,0.028,-5.176
4.768,takeoff,-0.112,0.025,-5.286
4.802,takeoff,-0.114,0.022,-5.374
4.834,takeoff,-0.117,0.020,-5.462
4.868,takeoff,-0.120,0.017,-5.551
4.902,takeoff,-0.122,0.014,-5.639
4.934,takeoff,-0.124,0.012,-5.728
4.969,takeoff,-0.126,0.009,-5.838
5.002,takeoff,-0.128,0.007,-5.927
5.034,takeoff,-0.129,0.004,-6.016
5.068,takeoff,-0.130,0.002,-6.105
5.102,takeoff,-0.131,0.000,-6.194
5.135,takeoff,-0.132,-0.002,-6.283
5.168,takeoff,-0.132,-0.004,-6.394
5.202,takeoff,-0.132,-0.006,-6.483
5.235,takeoff,-0.132,-0.008,-6.572
5.269,takeoff,-0.132,-0.010,-6.662
5.305,takeoff,-0.131,-0.012,-6.751
5.337,takeoff,-0.131,-0.014,-6.840
5.371,takeoff,-0.130,-0.016,-6.952
5.406,takeoff,-0.129,-0.019,-7.041
5.438,takeoff,-0.129,-0.021,-7.131
5.473,takeoff,-0.128,-0.023,-7.220
5.507,takeoff,-0.127,-0.025,-7.310
5.539,takeoff,-0.126,-0.028,-7.399
5.573,takeoff,-0.124,-0.031,-7.511
5.607,takeoff,-0.123,-0.033,-7.601
5.640,takeoff,-0.122,-0.035,-7.690
5.674,takeoff,-0.120,-0.037,-7.780
5.708,takeoff,-0.118,-0.039,-7.870
5.741,takeoff,-0.117,-0.041,-7.960
5.775,takeoff,-0.114,-0.043,-8.072
5.809,takeoff,-0.112,-0.045,-8.163
5.841,takeoff,-0.110,-0.047,-8.253
5.875,takeoff,-0.108,-0.049,-8.343
5.910,takeoff,-0.106,-0.051,-8.433
5.942,takeoff,-0.103,-0.052,-8.524
5.976,takeoff,-0.101,-0.054,-8.637
6.010,takeoff,-0.098,-0.056,-8.728
6.042,takeoff,-0.096,-0.057,-8.818
6.076,takeoff,-0.093,-0.058,-8.909
6.110,takeoff,-0.091,-0.060,-9.000
6.142,takeoff,-0.088,-0.061,-9.091
6.176,takeoff,-0.085,-0.062,-9.205
6.210,takeoff,-0.082,-0.063,-9.296
6.242,takeoff,-0.079,-0.064,-9.387
6.276,takeoff,-0.076,-0.065,-9.479
6.310,takeoff,-0.073,-0.066,-9.570
6.342,takeoff,-0.071,-0.067,-9.661
6.376,takeoff,-0.067,-0.068,-9.776
6.410,takeoff,-0.064,-0.068,-9.867
6.442,takeoff,-0.062,-0.069,-9.959
6.476,takeoff,-0.059,-0.069,-10.050
6.510,takeoff,-0.057,-0.070,-10.142
6.542,takeoff,-0.054,-0.070,-10.234
6.576,takeoff,-0.052,-0.070,-10.348
6.610,takeoff,-0.049,-0.070,-10.440
6.642,takeoff,-0.047,-0.070,-10.532
6.676,takeoff,-0.045,-0.070,-10.624
6.710,takeoff,-0.043,-0.070,-10.716
6.742,takeoff,-0.041,-0.070,-10.808
6.776,takeoff,-0.038,-0.069,-10.923
6.810,takeoff,-0.037,-0.069,-11.015
6.842,takeoff,-0.035,-0.069,-11.107
6.876,takeoff,-0.033,-0.068,-11.199
6.910,takeoff,-0.032,-0.067,-11.292
6.942,takeoff,-0.030,-0.066,-11.384
6.976,takeoff,-0.028,-0.065,-11.500
7.010,takeoff,-0.026,-0.064,-11.592
7.042,takeoff,-0.025,-0.063,-11.685
7.076,takeoff,-0.023,-0.061,-11.777
7.110,takeoff,-0.021,-0.060,-11.870
7.142,takeoff,-0.020,-0.058,-11.962
7.176,takeoff,-0.018,-0.056,-12.078
7.210,takeoff,-0.016,-0.054,-12.170
7.244,takeoff,-0.015,-0.053,-12.263
7.278,takeoff,-0.013,-0.051,-12.356
7.312,takeoff,-0.011,-0.049,-12.448
7.344,takeoff,-0.010,-0.047,-12.541
7.378,takeoff,-0.008,-0.045,-12.657
7.412,takeoff,-0.006,-0.044,-12.750
7.444,takeoff,-0.004,-0.042,-12.842
7.478,takeoff,-0.003,-0.041,-12.935
7.512,takeoff,-0.001,-0.040,-13.028
7.544,takeoff,0.001,-0.038,-13.121
7.578,takeoff,0.003,-0.037,-13.237
7.612,takeoff,0.005,-0.036,-13.330
7.644,takeoff,0.006,-0.035,-13.423
7.678,takeoff,0.008,-0.033,-13.516
7.712,takeoff,0.010,-0.032,-13.609
7.744,takeoff,0.011,-0.031,-13.702
7.778,takeoff,0.013,-0.030,-13.819
7.812,takeoff,0.015,-0.029,-13.912
7.844,takeoff,0.016,-0.028,-14.005
7.878,takeoff,0.018,-0.027,-14.099
7.912,takeoff,0.019,-0.026,-14.192
7.944,takeoff,0.021,-0.024,-14.285
7.978,takeoff,0.023,-0.023,-14.402
8.012,takeoff,0.024,-0.022,-14.495
8.044,takeoff,0.026,-0.020,-14.588
8.078,takeoff,0.027,-0.019,-14.682
8.112,takeoff,0.028,-0.018,-14.775
8.144,takeoff,0.029,-0.017,-14.869
8.178,takeoff,0.030,-0.016,-14.986
8.212,takeoff,0.030,-0.015,-15.079
8.244,takeoff,0.031,-0.014,-15.173
8.278,takeoff,0.031,-0.013,-15.266
8.312,takeoff,0.031,-0.012,-15.360
8.344,takeoff,0.031,-0.011,-15.454
8.378,takeoff,0.031,-0.010,-15.571
8.412,takeoff,0.030,-0.009,-15.664
8.444,takeoff,0.030,-0.008,-15.758
8.478,takeoff,0.030,-0.007,-15.852
8.512,takeoff,0.029,-0.006,-15.946
8.544,takeoff,0.029,-0.005,-16.039
8.578,takeoff,0.028,-0.004,-16.157
8.613,takeoff,0.028,-0.003,-16.251
8.645,takeoff,0.028,-0.002,-16.344
8.679,takeoff,0.027,-0.001,-16.438
8.713,takeoff,0.027,0.000,-16.532
8.745,takeoff,0.027,0.001,-16.626
8.779,takeoff,0.027,0.003,-16.743
8.813,takeoff,0.026,0.004,-16.836
8.845,takeoff,0.026,0.005,-16.930
8.879,takeoff,0.026,0.007,-17.024
8.913,takeoff,0.026,0.008,-17.117
8.945,takeoff,0.025,0.009,-17.210
8.979,takeoff,0.025,0.010,-17.327
9.013,takeoff,0.024,0.011,-17.420
9.045,takeoff,0.024,0.012,-17.514
9.079,takeoff,0.023,0.013,-17.607
9.113,takeoff,0.022,0.014,-17.701
9.145,takeoff,0.021,0.015,-17.794
9.179,takeoff,0.019,0.017,-17.911
9.213,takeoff,0.018,0.018,-18.004
9.245,takeoff,0.017,0.019,-18.098
9.279,takeoff,0.015,0.020,-18.192
9.313,takeoff,0.014,0.020,-18.285
9.345,takeoff,0.012,0.021,-18.379
9.379,takeoff,0.011,0.023,-18.496
9.413,takeoff,0.009,0.024,-18.590
9.445,takeoff,0.008,0.025,-18.684
9.479,takeoff,0.007,0.025,-18.778
9.513,takeoff,0.006,0.026,-18.872
9.545,takeoff,0.004,0.027,-18.966
9.579,takeoff,0.003,0.028,-19.084
9.613,takeoff,0.001,0.028,-19.178
9.645,takeoff,-0.000,0.029,-19.272
9.679,takeoff,-0.001,0.030,-19.366
9.713,takeoff,-0.003,0.030,-19.461
9.745,takeoff,-0.004,0.031,-19.555
9.779,takeoff,-0.007,0.032,-19.673
9.813,takeoff,-0.008,0.033,-19.768
9.845,takeoff,-0.010,0.033,-19.863
9.879,takeoff,-0.012,0.034,-19.957
9.913,takeoff,-0.013,0.034,-20.052
9.945,takeoff,-0.015,0.035,-20.147
9.979,takeoff,-0.017,0.035,-20.265
10.013,takeoff,-0.019,0.036,-20.360
10.045,takeoff,-0.020,0.037,-20.454
10.079,takeoff,-0.022,0.037,-20.549
10.113,takeoff,-0.023,0.038,-20.644
10.145,takeoff,-0.025,0.038,-20.739
10.179,takeoff,-0.026,0.039,-20.857
10.213,takeoff,-0.028,0.040,-20.952
10.245,takeoff,-0.029,0.041,-21.047
10.279,takeoff,-0.030,0.041,-21.142
10.313,takeoff,-0.031,0.042,-21.236
10.345,takeoff,-0.032,0.043,-21.331
10.379,takeoff,-0.034,0.044,-21.450
10.413,takeoff,-0.035,0.044,-21.545
10.445,takeoff,-0.036,0.045,-21.640
10.479,takeoff,-0.037,0.045,-21.735
10.513,takeoff,-0.038,0.046,-21.830
10.545,takeoff,-0.039,0.046,-21.925
10.579,takeoff,-0.041,0.046,-22.044
10.613,takeoff,-0.042,0.047,-22.139
10.646,takeoff,-0.044,0.047,-22.233
10.681,takeoff,-0.046,0.047,-22.328
10.716,takeoff,-0.047,0.047,-22.423
10.749,takeoff,-0.049,0.047,-22.518
10.782,takeoff,-0.051,0.047,-22.637
10.816,takeoff,-0.053,0.046,-22.732
10.849,takeoff,-0.054,0.046,-22.827
10.888,takeoff,-0.056,0.046,-22.922
10.921,takeoff,-0.057,0.045,-23.017
10.953,takeoff,-0.059,0.045,-23.112
10.988,takeoff,-0.060,0.044,-23.231
11.022,takeoff,-0.062,0.043,-23.326
11.057,takeoff,-0.063,0.042,-23.422
11.090,takeoff,-0.064,0.041,-23.517
11.125,takeoff,-0.065,0.040,-23.612
11.157,takeoff,-0.066,0.038,-23.707
11.191,takeoff,-0.067,0.036,-23.826
11.226,takeoff,-0.068,0.035,-23.921
11.258,takeoff,-0.069,0.033,-24.016
11.292,takeoff,-0.070,0.031,-24.111
11.326,takeoff,-0.070,0.029,-24.205
11.358,takeoff,-0.071,0.027,-24.300
11.392,takeoff,-0.072,0.023,-24.419
11.426,takeoff,-0.072,0.021,-24.514
11.458,takeoff,-0.073,0.018,-24.609
11.492,takeoff,-0.073,0.016,-24.703
11.526,takeoff,-0.073,0.013,-24.798
11.560,takeoff,-0.073,0.011,-24.893
11.594,takeoff,-0.073,0.007,-25.012
11.628,takeoff,-0.073,0.005,-25.107
11.659,takeoff,-0.073,0.002,-25.202
11.695,takeoff,-0.072,-0.000,-25.297
11.730,takeoff,-0.072,-0.003,-25.392
11.762,takeoff,-0.072,-0.005,-25.487
11.796,takeoff,-0.071,-0.009,-25.606
11.830,takeoff,-0.070,-0.011,-25.701
11.862,takeoff,-0.070,-0.014,-25.796
11.896,takeoff,-0.069,-0.016,-25.891
11.930,takeoff,-0.068,-0.019,-25.986
11.962,takeoff,-0.067,-0.021,-26.082
11.996,takeoff,-0.065,-0.024,-26.201
12.030,takeoff,-0.064,-0.027,-26.297
12.062,takeoff,-0.063,-0.029,-26.392
12.096,takeoff,-0.062,-0.031,-26.488
12.131,takeoff,-0.061,-0.033,-26.583
12.163,takeoff,-0.060,-0.035,-26.679
12.197,takeoff,-0.058,-0.037,-26.798
12.231,takeoff,-0.057,-0.039,-26.894
12.263,takeoff,-0.056,-0.040,-26.989
12.297,takeoff,-0.055,-0.042,-27.085
12.331,takeoff,-0.054,-0.043,-27.180
12.363,takeoff,-0.053,-0.044,-27.275
12.397,takeoff,-0.052,-0.045,-27.391
12.431,takeoff,-0.050,-0.046,-27.483
12.463,takeoff,-0.049,-0.047,-27.572
12.497,takeoff,-0.048,-0.047,-27.659
12.531,takeoff,-0.046,-0.048,-27.744
12.563,takeoff,-0.045,-0.049,-27.825
12.597,takeoff,-0.043,-0.049,-27.923
12.631,takeoff,-0.041,-0.050,-27.998
12.663,takeoff,-0.040,-0.050,-28.069
12.697,takeoff,-0.038,-0.050,-28.138
12.731,takeoff,-0.036,-0.050,-28.204
12.763,takeoff,-0.035,-0.051,-28.267
12.797,takeoff,-0.033,-0.051,-28.341
12.831,takeoff,-0.031,-0.051,-28.398
12.863,takeoff,-0.029,-0.051,-28.452
12.897,takeoff,-0.027,-0.051,-28.504
12.931,waypoint_1,-0.026,-0.051,-28.554
12.963,waypoint_1,-0.024,-0.051,-28.602
12.997,waypoint_1,-0.021,-0.051,-28.664
13.031,waypoint_1,-0.019,-0.051,-28.717
13.063,waypoint_1,-0.016,-0.052,-28.772
13.097,waypoint_1,-0.014,-0.055,-28.828
13.131,waypoint_1,-0.013,-0.060,-28.884
13.163,waypoint_1,-0.012,-0.069,-28.940
13.197,waypoint_1,-0.013,-0.085,-29.006
13.231,waypoint_1,-0.015,-0.103,-29.057
13.263,waypoint_1,-0.020,-0.125,-29.105
13.297,waypoint_1,-0.026,-0.153,-29.151
13.331,waypoint_1,-0.035,-0.186,-29.193
13.363,waypoint_1,-0.046,-0.226,-29.233
13.397,waypoint_1,-0.065,-0.284,-29.278
13.431,waypoint_1,-0.084,-0.337,-29.311
13.463,waypoint_1,-0.107,-0.398,-29.342
13.497,waypoint_1,-0.134,-0.465,-29.371
13.531,waypoint_1,-0.167,-0.540,-29.397
13.563,waypoint_1,-0.204,-0.620,-29.421
13.597,waypoint_1,-0.259,-0.730,-29.448
13.631,waypoint_1,-0.310,-0.825,-29.468
13.663,waypoint_1,-0.369,-0.925,-29.485
13.697,waypoint_1,-0.434,-1.032,-29.501
13.731,waypoint_1,-0.506,-1.143,-29.515
13.763,waypoint_1,-0.584,-1.260,-29.527
13.797,waypoint_1,-0.692,-1.414,-29.540
13.832,waypoint_1,-0.784,-1.542,-29.550
13.864,waypoint_1,-0.882,-1.676,-29.558
13.898,waypoint_1,-0.984,-1.815,-29.566
13.934,waypoint_1,-1.089,-1.960,-29.573
13.966,waypoint_1,-1.197,-2.110,-29.580
14.000,waypoint_1,-1.335,-2.306,-29.588
14.034,waypoint_1,-1.447,-2.469,-29.593
14.066,waypoint_1,-1.558,-2.638,-29.598
14.100,waypoint_1,-1.669,-2.812,-29.603
14.134,waypoint_1,-1.779,-2.992,-29.607
14.166,waypoint_1,-1.887,-3.177,-29.611
14.200,waypoint_1,-2.019,-3.416,-29.616
14.234,waypoint_1,-2.122,-3.612,-29.620
14.266,waypoint_1,-2.221,-3.813,-29.623
14.300,waypoint_1,-2.318,-4.018,-29.626
14.335,waypoint_1,-2.412,-4.227,-29.629
14.367,waypoint_1,-2.503,-4.439,-29.632
14.401,waypoint_1,-2.613,-4.709,-29.635
14.435,waypoint_1,-2.697,-4.929,-29.638
14.467,waypoint_1,-2.779,-5.150,-29.641
14.501,waypoint_1,-2.858,-5.374,-29.644
14.535,waypoint_1,-2.935,-5.601,-29.648
14.567,waypoint_1,-3.011,-5.828,-29.652
14.601,waypoint_1,-3.103,-6.116,-29.657
14.635,waypoint_1,-3.174,-6.347,-29.661
14.667,waypoint_1,-3.245,-6.579,-29.666
14.701,waypoint_1,-3.315,-6.811,-29.671
14.735,waypoint_1,-3.384,-7.045,-29.676
14.767,waypoint_1,-3.452,-7.279,-29.681
14.801,waypoint_1,-3.537,-7.572,-29.688
14.835,waypoint_1,-3.604,-7.807,-29.693
14.867,waypoint_1,-3.671,-8.042,-29.699
14.901,waypoint_1,-3.738,-8.278,-29.705
14.935,waypoint_1,-3.805,-8.513,-29.711
14.967,waypoint_1,-3.872,-8.749,-29.717
15.002,waypoint_1,-3.955,-9.044,-29.724
15.036,waypoint_1,-4.022,-9.280,-29.730
15.068,waypoint_1,-4.089,-9.516,-29.736
15.102,waypoint_1,-4.157,-9.752,-29.742
15.136,waypoint_1,-4.224,-9.988,-29.748
15.168,waypoint_1,-4.292,-10.224,-29.754
15.202,waypoint_1,-4.376,-10.518,-29.762
15.236,waypoint_1,-4.444,-10.754,-29.768
15.268,waypoint_1,-4.511,-10.989,-29.773
15.302,waypoint_1,-4.579,-11.225,-29.779
15.336,waypoint_1,-4.646,-11.460,-29.785
15.368,waypoint_1,-4.714,-11.696,-29.790
15.402,waypoint_1,-4.798,-11.990,-29.797
15.436,waypoint_1,-4.865,-12.225,-29.803
15.468,waypoint_1,-4.932,-12.461,-29.808
15.502,waypoint_1,-5.000,-12.696,-29.813
15.536,waypoint_1,-5.067,-12.931,-29.818
15.568,waypoint_1,-5.133,-13.167,-29.823
15.602,waypoint_1,-5.217,-13.461,-29.828
15.637,waypoint_1,-5.284,-13.696,-29.833
15.669,waypoint_1,-5.350,-13.932,-29.837
15.703,waypoint_1,-5.417,-14.167,-29.841
15.737,waypoint_1,-5.483,-14.403,-29.845
15.769,waypoint_1,-5.550,-14.639,-29.849
15.803,waypoint_1,-5.632,-14.934,-29.853
15.837,waypoint_1,-5.699,-15.171,-29.857
15.869,waypoint_1,-5.765,-15.407,-29.860
15.903,waypoint_1,-5.831,-15.644,-29.864
15.937,waypoint_1,-5.897,-15.881,-29.867
15.969,waypoint_1,-5.962,-16.119,-29.870
16.003,waypoint_1,-6.045,-16.416,-29.874
16.039,waypoint_1,-6.110,-16.653,-29.877
16.071,waypoint_1,-6.176,-16.891,-29.880
16.106,waypoint_1,-6.242,-17.130,-29.882
16.139,waypoint_1,-6.307,-17.368,-29.885
16.171,waypoint_1,-6.372,-17.607,-29.887
16.205,waypoint_1,-6.454,-17.906,-29.890
16.239,waypoint_1,-6.519,-18.145,-29.892
16.271,waypoint_1,-6.584,-18.385,-29.894
16.306,waypoint_1,-6.649,-18.624,-29.896
16.339,waypoint_1,-6.714,-18.864,-29.898
16.371,waypoint_1,-6.778,-19.105,-29.899
16.405,waypoint_1,-6.859,-19.406,-29.901
16.439,waypoint_1,-6.924,-19.647,-29.903
16.471,waypoint_1,-6.989,-19.888,-29.905
16.505,waypoint_1,-7.053,-20.130,-29.906
16.539,waypoint_1,-7.118,-20.371,-29.907
16.573,waypoint_1,-7.182,-20.613,-29.909
16.607,waypoint_1,-7.263,-20.916,-29.910
16.641,waypoint_1,-7.327,-21.158,-29.911
16.672,waypoint_1,-7.391,-21.401,-29.912
16.707,waypoint_1,-7.455,-21.644,-29.914
16.741,waypoint_1,-7.520,-21.887,-29.915
16.772,waypoint_1,-7.584,-22.130,-29.916
16.808,waypoint_1,-7.664,-22.434,-29.918
16.842,waypoint_1,-7.728,-22.677,-29.919
16.874,waypoint_1,-7.793,-22.921,-29.920
16.908,waypoint_1,-7.857,-23.165,-29.922
16.942,waypoint_1,-7.922,-23.409,-29.923
16.974,waypoint_1,-7.986,-23.653,-29.925
17.009,waypoint_1,-8.067,-23.959,-29.926
17.043,waypoint_1,-8.132,-24.203,-29.928
17.075,waypoint_1,-8.197,-24.448,-29.929
17.109,waypoint_1,-8.261,-24.692,-29.931
17.143,waypoint_1,-8.326,-24.937,-29.932
17.175,waypoint_1,-8.391,-25.182,-29.933
17.209,waypoint_1,-8.472,-25.489,-29.934
17.243,waypoint_1,-8.537,-25.734,-29.935
17.275,waypoint_1,-8.602,-25.979,-29.936
17.309,waypoint_1,-8.667,-26.225,-29.937
17.343,waypoint_1,-8.733,-26.470,-29.938
17.375,waypoint_1,-8.798,-26.716,-29.939
17.409,waypoint_1,-8.880,-27.023,-29.940
17.443,waypoint_1,-8.946,-27.269,-29.941
17.475,waypoint_1,-9.011,-27.515,-29.941
17.509,waypoint_1,-9.077,-27.762,-29.942
17.544,waypoint_1,-9.142,-28.008,-29.942
17.576,waypoint_1,-9.208,-28.255,-29.943
17.610,waypoint_1,-9.290,-28.563,-29.944
17.644,waypoint_1,-9.356,-28.810,-29.944
17.676,waypoint_1,-9.422,-29.056,-29.945
17.710,waypoint_1,-9.487,-29.303,-29.945
17.744,waypoint_1,-9.553,-29.550,-29.946
17.777,waypoint_1,-9.619,-29.797,-29.947
17.810,waypoint_1,-9.701,-30.106,-29.948
17.844,waypoint_1,-9.766,-30.353,-29.948
17.876,waypoint_1,-9.832,-30.600,-29.949
17.910,waypoint_1,-9.897,-30.847,-29.950
17.944,waypoint_1,-9.962,-31.094,-29.951
17.976,waypoint_1,-10.027,-31.342,-29.951
18.010,waypoint_1,-10.109,-31.651,-29.952
18.044,waypoint_1,-10.174,-31.899,-29.953
18.076,waypoint_1,-10.238,-32.147,-29.954
18.111,waypoint_1,-10.303,-32.395,-29.954
18.144,waypoint_1,-10.368,-32.643,-29.955
18.176,waypoint_1,-10.433,-32.891,-29.956
18.210,waypoint_1,-10.514,-33.201,-29.956
18.244,waypoint_1,-10.579,-33.450,-29.957
18.277,waypoint_1,-10.644,-33.698,-29.957
18.310,waypoint_1,-10.708,-33.947,-29.958
18.350,waypoint_1,-10.773,-34.196,-29.958
18.390,waypoint_1,-10.838,-34.444,-29.959
18.424,waypoint_1,-10.919,-34.755,-29.959
18.458,waypoint_1,-10.984,-35.004,-29.960
18.490,waypoint_1,-11.049,-35.252,-29.960
18.524,waypoint_1,-11.114,-35.501,-29.960
18.558,waypoint_1,-11.179,-35.749,-29.961
18.590,waypoint_1,-11.245,-35.998,-29.961
18.624,waypoint_1,-11.327,-36.308,-29.962
18.658,waypoint_1,-11.392,-36.557,-29.962
18.690,waypoint_1,-11.458,-36.805,-29.962
18.724,waypoint_1,-11.524,-37.053,-29.962
18.758,waypoint_1,-11.590,-37.302,-29.963
18.790,waypoint_1,-11.657,-37.551,-29.963
18.824,waypoint_1,-11.740,-37.861,-29.963
18.858,waypoint_1,-11.806,-38.110,-29.963
18.890,waypoint_1,-11.873,-38.359,-29.964
18.924,waypoint_1,-11.940,-38.607,-29.964
18.958,waypoint_1,-12.007,-38.856,-29.964
18.990,waypoint_1,-12.073,-39.105,-29.964
19.024,waypoint_1,-12.157,-39.416,-29.965
19.058,waypoint_1,-12.224,-39.665,-29.965
19.090,waypoint_1,-12.291,-39.914,-29.966
19.124,waypoint_1,-12.358,-40.163,-29.966
19.158,waypoint_1,-12.425,-40.412,-29.967
19.190,waypoint_1,-12.492,-40.662,-29.968
19.224,waypoint_1,-12.577,-40.973,-29.969
19.258,waypoint_1,-12.644,-41.223,-29.969
19.290,waypoint_1,-12.711,-41.473,-29.970
19.324,waypoint_1,-12.779,-41.723,-29.970
19.358,waypoint_1,-12.846,-41.973,-29.971
19.390,waypoint_1,-12.914,-42.223,-29.972
19.424,waypoint_1,-12.998,-42.536,-29.973
19.458,waypoint_1,-13.065,-42.786,-29.973
19.490,waypoint_1,-13.133,-43.036,-29.974
19.524,waypoint_1,-13.200,-43.286,-29.975
19.558,waypoint_1,-13.267,-43.537,-29.976
19.590,waypoint_1,-13.334,-43.787,-29.976
19.624,waypoint_1,-13.418,-44.100,-29.977
19.658,waypoint_1,-13.485,-44.350,-29.978
19.690,waypoint_1,-13.552,-44.600,-29.978
19.724,waypoint_1,-13.619,-44.850,-29.979
19.758,waypoint_1,-13.686,-45.100,-29.979
19.790,waypoint_1,-13.753,-45.350,-29.979
19.824,waypoint_1,-13.837,-45.663,-29.980
19.858,waypoint_1,-13.904,-45.913,-29.980
19.890,waypoint_1,-13.972,-46.163,-29.980
19.924,waypoint_1,-14.039,-46.413,-29.981
19.958,waypoint_1,-14.106,-46.663,-29.981
19.991,waypoint_1,-14.174,-46.913,-29.981
20.025,waypoint_1,-14.259,-47.226,-29.982
20.059,waypoint_1,-14.327,-47.476,-29.982
20.091,waypoint_1,-14.395,-47.726,-29.982
20.125,waypoint_1,-14.463,-47.976,-29.983
20.161,waypoint_1,-14.532,-48.226,-29.983
20.192,waypoint_1,-14.601,-48.477,-29.983
20.227,waypoint_1,-14.687,-48.790,-29.984
20.261,waypoint_1,-14.755,-49.040,-29.984
20.292,waypoint_1,-14.824,-49.291,-29.984
20.327,waypoint_1,-14.893,-49.541,-29.985
20.361,waypoint_1,-14.963,-49.792,-29.985
20.392,waypoint_1,-15.032,-50.042,-29.985
20.428,waypoint_1,-15.118,-50.356,-29.985
20.462,waypoint_1,-15.188,-50.606,-29.985
20.494,waypoint_1,-15.257,-50.857,-29.985
20.529,waypoint_1,-15.326,-51.107,-29.985
20.563,waypoint_1,-15.396,-51.358,-29.985
20.595,waypoint_1,-15.465,-51.608,-29.985
20.628,waypoint_1,-15.552,-51.921,-29.986
20.664,waypoint_1,-15.621,-52.171,-29.986
20.696,waypoint_1,-15.691,-52.422,-29.986
20.731,waypoint_1,-15.760,-52.672,-29.986
20.765,waypoint_1,-15.830,-52.922,-29.987
20.797,waypoint_1,-15.899,-53.172,-29.987
20.831,waypoint_1,-15.986,-53.484,-29.988
20.865,waypoint_1,-16.056,-53.734,-29.988
20.897,waypoint_1,-16.126,-53.983,-29.988
20.931,waypoint_1,-16.196,-54.233,-29.989
20.965,waypoint_1,-16.267,-54.482,-29.989
20.999,waypoint_1,-16.337,-54.732,-29.989
21.033,waypoint_1,-16.425,-55.043,-29.989
21.067,waypoint_1,-16.495,-55.293,-29.989
21.099,waypoint_1,-16.565,-55.542,-29.989
21.133,waypoint_1,-16.636,-55.791,-29.989
21.167,waypoint_1,-16.706,-56.040,-29.988
21.199,waypoint_1,-16.777,-56.290,-29.988
21.233,waypoint_1,-16.865,-56.601,-29.987
21.267,waypoint_1,-16.936,-56.850,-29.987
21.299,waypoint_1,-17.007,-57.099,-29.986
21.333,waypoint_1,-17.078,-57.347,-29.986
21.367,waypoint_1,-17.149,-57.596,-29.985
21.399,waypoint_1,-17.220,-57.845,-29.985
21.433,waypoint_1,-17.308,-58.155,-29.984
21.467,waypoint_1,-17.379,-58.404,-29.984
21.499,waypoint_1,-17.451,-58.652,-29.984
21.533,waypoint_1,-17.522,-58.901,-29.984
21.567,waypoint_1,-17.593,-59.149,-29.984
21.599,waypoint_1,-17.664,-59.397,-29.984
21.633,waypoint_1,-17.753,-59.708,-29.984
21.667,waypoint_1,-17.824,-59.956,-29.984
21.699,waypoint_1,-17.895,-60.204,-29.985
21.733,waypoint_1,-17.966,-60.453,-29.985
21.767,waypoint_1,-18.037,-60.701,-29.986
21.799,waypoint_1,-18.109,-60.949,-29.986
21.833,waypoint_1,-18.197,-61.259,-29.987
21.867,waypoint_1,-18.269,-61.507,-29.988
21.899,waypoint_1,-18.340,-61.755,-29.988
21.933,waypoint_1,-18.411,-62.003,-29.989
21.967,waypoint_1,-18.482,-62.251,-29.989
21.999,waypoint_1,-18.553,-62.498,-29.990
22.033,waypoint_1,-18.643,-62.808,-29.990
22.067,waypoint_1,-18.714,-63.055,-29.990
22.099,waypoint_1,-18.785,-63.303,-29.990
22.133,waypoint_1,-18.856,-63.550,-29.990
22.167,waypoint_1,-18.928,-63.798,-29.990
22.199,waypoint_1,-18.999,-64.045,-29.990
22.233,waypoint_1,-19.088,-64.355,-29.990
22.267,waypoint_1,-19.159,-64.602,-29.990
22.299,waypoint_1,-19.230,-64.850,-29.990
22.333,waypoint_1,-19.302,-65.097,-29.989
22.367,waypoint_1,-19.374,-65.344,-29.989
22.399,waypoint_1,-19.445,-65.592,-29.988
22.433,waypoint_1,-19.535,-65.901,-29.988
22.467,waypoint_1,-19.607,-66.148,-29.988
22.499,waypoint_1,-19.679,-66.395,-29.987
22.533,waypoint_1,-19.751,-66.642,-29.987
22.567,waypoint_1,-19.824,-66.889,-29.987
22.599,waypoint_1,-19.896,-67.136,-29.987
22.633,waypoint_1,-19.987,-67.445,-29.987
22.667,waypoint_1,-20.059,-67.692,-29.986
22.699,waypoint_1,-20.132,-67.939,-29.986
22.733,waypoint_1,-20.204,-68.186,-29.986
22.767,waypoint_1,-20.277,-68.434,-29.986
22.799,waypoint_1,-20.349,-68.681,-29.986
22.833,waypoint_1,-20.440,-68.990,-29.985
22.867,waypoint_1,-20.513,-69.238,-29.985
22.899,waypoint_1,-20.585,-69.485,-29.984
22.933,waypoint_1,-20.658,-69.733,-29.984
22.967,waypoint_1,-20.731,-69.980,-29.984
22.999,waypoint_1,-20.805,-70.228,-29.984
23.033,waypoint_1,-20.897,-70.537,-29.983
23.067,waypoint_1,-20.971,-70.785,-29.983
23.099,waypoint_1,-21.045,-71.032,-29.983
23.133,waypoint_1,-21.119,-71.279,-29.983
23.167,waypoint_1,-21.193,-71.525,-29.983
23.199,waypoint_1,-21.267,-71.771,-29.983
23.233,waypoint_1,-21.359,-72.077,-29.983
23.267,waypoint_1,-21.432,-72.320,-29.984
23.299,waypoint_1,-21.505,-72.561,-29.986
23.333,waypoint_1,-21.578,-72.801,-29.988
23.367,waypoint_1,-21.649,-73.038,-29.990
23.399,waypoint_1,-21.720,-73.272,-29.993
23.434,waypoint_1,-21.807,-73.559,-29.997
23.467,waypoint_1,-21.876,-73.785,-30.001
23.499,waypoint_1,-21.944,-74.007,-30.005
23.533,waypoint_1,-22.010,-74.225,-30.009
23.567,waypoint_1,-22.075,-74.438,-30.013
23.600,waypoint_1,-22.138,-74.647,-30.018
23.633,waypoint_1,-22.215,-74.900,-30.024
23.667,waypoint_1,-22.275,-75.097,-30.028
23.699,waypoint_2,-22.332,-75.288,-30.032
23.733,waypoint_2,-22.388,-75.474,-30.036
23.767,waypoint_2,-22.442,-75.654,-30.040
23.799,waypoint_2,-22.494,-75.828,-30.044
23.833,waypoint_2,-22.556,-76.036,-30.050
23.867,waypoint_2,-22.603,-76.195,-30.057
23.899,waypoint_2,-22.646,-76.349,-30.065
23.935,waypoint_2,-22.686,-76.497,-30.076
23.969,waypoint_2,-22.721,-76.641,-30.089
24.001,waypoint_2,-22.750,-76.782,-30.103
24.035,waypoint_2,-22.779,-76.956,-30.122
24.069,waypoint_2,-22.795,-77.095,-30.137
24.101,waypoint_2,-22.804,-77.233,-30.152
24.135,waypoint_2,-22.806,-77.373,-30.167
24.169,waypoint_2,-22.802,-77.514,-30.179
24.201,waypoint_2,-22.791,-77.656,-30.190
24.235,waypoint_2,-22.767,-77.837,-30.201
24.269,waypoint_2,-22.740,-77.985,-30.208
24.302,waypoint_2,-22.705,-78.136,-30.212
24.336,waypoint_2,-22.664,-78.289,-30.214
24.370,waypoint_2,-22.615,-78.446,-30.214
24.402,waypoint_2,-22.559,-78.606,-30.213
24.436,waypoint_2,-22.480,-78.810,-30.208
24.470,waypoint_2,-22.409,-78.977,-30.203
24.502,waypoint_2,-22.332,-79.147,-30.197
24.536,waypoint_2,-22.248,-79.321,-30.189
24.570,waypoint_2,-22.157,-79.498,-30.180
24.602,waypoint_2,-22.061,-79.678,-30.171
24.636,waypoint_2,-21.933,-79.908,-30.158
24.670,waypoint_2,-21.824,-80.094,-30.148
24.702,waypoint_2,-21.711,-80.284,-30.137
24.736,waypoint_2,-21.594,-80.476,-30.127
24.770,waypoint_2,-21.472,-80.670,-30.116
24.802,waypoint_2,-21.346,-80.866,-30.106
24.836,waypoint_2,-21.184,-81.114,-30.093
24.891,waypoint_2,-21.050,-81.314,-30.084
24.936,waypoint_2,-20.914,-81.516,-30.075
24.970,waypoint_2,-20.776,-81.719,-30.066
25.004,waypoint_2,-20.635,-81.923,-30.059
25.036,waypoint_2,-20.493,-82.128,-30.051
25.070,waypoint_2,-20.312,-82.385,-30.042
25.104,waypoint_2,-20.166,-82.591,-30.036
25.136,waypoint_2,-20.019,-82.797,-30.030
25.170,waypoint_2,-19.871,-83.004,-30.025
25.204,waypoint_2,-19.722,-83.211,-30.020
25.236,waypoint_2,-19.573,-83.418,-30.015
25.270,waypoint_2,-19.385,-83.677,-30.010
25.304,waypoint_2,-19.235,-83.884,-30.007
25.336,waypoint_2,-19.084,-84.090,-30.004
25.370,waypoint_2,-18.934,-84.296,-30.001
25.404,waypoint_2,-18.783,-84.502,-29.999
25.436,waypoint_2,-18.633,-84.708,-29.997
25.470,waypoint_2,-18.444,-84.964,-29.995
25.504,waypoint_2,-18.294,-85.169,-29.994
25.536,waypoint_2,-18.143,-85.373,-29.992
25.570,waypoint_2,-17.993,-85.576,-29.991
25.604,waypoint_2,-17.843,-85.779,-29.990
25.636,waypoint_2,-17.692,-85.981,-29.989
25.670,waypoint_2,-17.505,-86.234,-29.989
25.704,waypoint_2,-17.355,-86.435,-29.988
25.736,waypoint_2,-17.205,-86.636,-29.987
25.770,waypoint_2,-17.056,-86.836,-29.987
25.804,waypoint_2,-16.906,-87.036,-29.986
25.836,waypoint_2,-16.757,-87.236,-29.986
25.870,waypoint_2,-16.570,-87.486,-29.985
25.904,waypoint_2,-16.421,-87.685,-29.984
25.937,waypoint_2,-16.272,-87.884,-29.984
25.971,waypoint_2,-16.122,-88.083,-29.983
26.005,waypoint_2,-15.973,-88.281,-29.982
26.037,waypoint_2,-15.823,-88.480,-29.981
26.071,waypoint_2,-15.636,-88.727,-29.980
26.105,waypoint_2,-15.486,-88.925,-29.979
26.137,waypoint_2,-15.336,-89.123,-29.978
26.171,waypoint_2,-15.186,-89.320,-29.977
26.205,waypoint_2,-15.036,-89.518,-29.976
26.237,waypoint_2,-14.885,-89.715,-29.975
26.271,waypoint_2,-14.697,-89.961,-29.973
26.305,waypoint_2,-14.546,-90.158,-29.973
26.337,waypoint_2,-14.395,-90.355,-29.972
26.371,waypoint_2,-14.244,-90.552,-29.971
26.405,waypoint_2,-14.094,-90.748,-29.971
26.437,waypoint_2,-13.943,-90.945,-29.970
26.471,waypoint_2,-13.754,-91.190,-29.970
26.505,waypoint_2,-13.602,-91.387,-29.969
26.537,waypoint_2,-13.450,-91.583,-29.969
26.571,waypoint_2,-13.298,-91.780,-29.969
26.605,waypoint_2,-13.146,-91.977,-29.968
26.637,waypoint_2,-12.994,-92.173,-29.968
26.671,waypoint_2,-12.803,-92.419,-29.968
26.705,waypoint_2,-12.651,-92.615,-29.967
26.737,waypoint_2,-12.498,-92.812,-29.967
26.771,waypoint_2,-12.345,-93.008,-29.966
26.805,waypoint_2,-12.192,-93.205,-29.966
26.837,waypoint_2,-12.038,-93.402,-29.965
26.871,waypoint_2,-11.846,-93.649,-29.964
26.905,waypoint_2,-11.692,-93.846,-29.964
26.937,waypoint_2,-11.538,-94.043,-29.963
26.971,waypoint_2,-11.383,-94.240,-29.962
27.005,waypoint_2,-11.229,-94.437,-29.961
27.037,waypoint_2,-11.074,-94.634,-29.961
27.071,waypoint_2,-10.880,-94.881,-29.960
27.105,waypoint_2,-10.724,-95.078,-29.960
27.138,waypoint_2,-10.569,-95.276,-29.959
27.171,waypoint_2,-10.413,-95.473,-29.958
27.205,waypoint_2,-10.257,-95.671,-29.958
27.237,waypoint_2,-10.100,-95.868,-29.957
27.271,waypoint_2,-9.905,-96.115,-29.956
27.305,waypoint_2,-9.748,-96.313,-29.955
27.337,waypoint_2,-9.591,-96.511,-29.955
27.371,waypoint_2,-9.434,-96.709,-29.954
27.406,waypoint_2,-9.277,-96.907,-29.954
27.438,waypoint_2,-9.120,-97.105,-29.953
27.472,waypoint_2,-8.923,-97.352,-29.953
27.506,waypoint_2,-8.765,-97.550,-29.952
27.538,waypoint_2,-8.607,-97.749,-29.952
27.572,waypoint_2,-8.449,-97.947,-29.951
27.606,waypoint_2,-8.291,-98.145,-29.951
27.638,waypoint_2,-8.133,-98.344,-29.950
27.672,waypoint_2,-7.935,-98.592,-29.950
27.706,waypoint_2,-7.777,-98.790,-29.950
27.738,waypoint_2,-7.618,-98.989,-29.949
27.772,waypoint_2,-7.460,-99.187,-29.949
27.806,waypoint_2,-7.301,-99.386,-29.949
27.838,waypoint_2,-7.142,-99.585,-29.948
27.872,waypoint_2,-6.943,-99.834,-29.948
27.906,waypoint_2,-6.784,-100.033,-29.948
27.938,waypoint_2,-6.624,-100.233,-29.947
27.972,waypoint_2,-6.464,-100.432,-29.947
28.007,waypoint_2,-6.305,-100.632,-29.947
28.038,waypoint_2,-6.144,-100.832,-29.947
28.072,waypoint_2,-5.944,-101.081,-29.946
28.106,waypoint_2,-5.783,-101.281,-29.946
28.138,waypoint_2,-5.623,-101.481,-29.946
28.172,waypoint_2,-5.462,-101.681,-29.945
28.206,waypoint_2,-5.301,-101.881,-29.945
28.238,waypoint_2,-5.140,-102.081,-29.945
28.272,waypoint_2,-4.939,-102.331,-29.945
28.306,waypoint_2,-4.777,-102.531,-29.945
28.339,waypoint_2,-4.616,-102.732,-29.945
28.372,waypoint_2,-4.455,-102.932,-29.945
28.406,waypoint_2,-4.294,-103.133,-29.945
28.440,waypoint_2,-4.132,-103.333,-29.945
28.474,waypoint_2,-3.930,-103.585,-29.945
28.508,waypoint_2,-3.768,-103.785,-29.946
28.540,waypoint_2,-3.607,-103.986,-29.946
28.574,waypoint_2,-3.445,-104.187,-29.946
28.608,waypoint_2,-3.283,-104.388,-29.946
28.640,waypoint_2,-3.120,-104.589,-29.946
28.674,waypoint_2,-2.917,-104.841,-29.946
28.708,waypoint_2,-2.755,-105.042,-29.946
28.740,waypoint_2,-2.593,-105.243,-29.947
28.774,waypoint_2,-2.431,-105.444,-29.947
28.808,waypoint_2,-2.269,-105.645,-29.946
28.840,waypoint_2,-2.106,-105.846,-29.946
28.874,waypoint_2,-1.904,-106.097,-29.946
28.908,waypoint_2,-1.742,-106.298,-29.946
28.940,waypoint_2,-1.580,-106.500,-29.945
28.974,waypoint_2,-1.418,-106.701,-29.945
29.008,waypoint_2,-1.256,-106.902,-29.945
29.040,waypoint_2,-1.095,-107.103,-29.945
29.074,waypoint_2,-0.893,-107.354,-29.944
29.108,waypoint_2,-0.731,-107.555,-29.943
29.140,waypoint_2,-0.570,-107.756,-29.943
29.174,waypoint_2,-0.408,-107.958,-29.942
29.208,waypoint_2,-0.246,-108.159,-29.942
29.240,waypoint_2,-0.085,-108.360,-29.942
29.274,waypoint_2,0.117,-108.612,-29.941
29.308,waypoint_2,0.279,-108.814,-29.941
29.341,waypoint_2,0.440,-109.015,-29.941
29.375,waypoint_2,0.602,-109.217,-29.941
29.409,waypoint_2,0.764,-109.418,-29.940
29.441,waypoint_2,0.925,-109.620,-29.940
29.475,waypoint_2,1.128,-109.872,-29.940
29.509,waypoint_2,1.289,-110.074,-29.939
29.541,waypoint_2,1.451,-110.276,-29.939
29.575,waypoint_2,1.613,-110.478,-29.938
29.609,waypoint_2,1.775,-110.680,-29.938
29.641,waypoint_2,1.936,-110.882,-29.937
29.676,waypoint_2,2.138,-111.135,-29.937
29.710,waypoint_2,2.300,-111.338,-29.936
29.742,waypoint_2,2.462,-111.540,-29.936
29.776,waypoint_2,2.623,-111.742,-29.936
29.810,waypoint_2,2.785,-111.945,-29.936
29.842,waypoint_2,2.947,-112.147,-29.936
29.876,waypoint_2,3.148,-112.401,-29.936
29.910,waypoint_2,3.310,-112.604,-29.936
29.942,waypoint_2,3.471,-112.807,-29.936
29.976,waypoint_2,3.633,-113.010,-29.936
30.012,waypoint_2,3.794,-113.213,-29.936
30.044,waypoint_2,3.955,-113.417,-29.936
30.078,waypoint_2,4.156,-113.671,-29.936
30.112,waypoint_2,4.317,-113.874,-29.937
30.144,waypoint_2,4.478,-114.078,-29.937
30.178,waypoint_2,4.639,-114.282,-29.937
30.213,waypoint_2,4.800,-114.485,-29.937
30.245,waypoint_2,4.960,-114.689,-29.937
30.279,waypoint_2,5.161,-114.944,-29.937
30.313,waypoint_2,5.321,-115.148,-29.937
30.345,waypoint_2,5.481,-115.352,-29.937
30.379,waypoint_2,5.642,-115.556,-29.937
30.413,waypoint_2,5.802,-115.760,-29.937
30.445,waypoint_2,5.962,-115.964,-29.937
30.479,waypoint_2,6.161,-116.220,-29.937
30.513,waypoint_2,6.321,-116.424,-29.937
30.545,waypoint_2,6.480,-116.628,-29.937
30.579,waypoint_2,6.640,-116.832,-29.937
30.613,waypoint_2,6.799,-117.037,-29.937
30.645,waypoint_2,6.958,-117.241,-29.938
30.679,waypoint_2,7.156,-117.496,-29.938
30.713,waypoint_2,7.315,-117.701,-29.939
30.745,waypoint_2,7.475,-117.905,-29.939
30.779,waypoint_2,7.634,-118.109,-29.939
30.813,waypoint_2,7.793,-118.314,-29.940
30.845,waypoint_2,7.952,-118.518,-29.940
30.879,waypoint_2,8.150,-118.773,-29.941
30.913,waypoint_2,8.310,-118.977,-29.941
30.945,waypoint_2,8.469,-119.182,-29.941
30.979,waypoint_2,8.628,-119.386,-29.942
31.013,waypoint_2,8.787,-119.591,-29.942
31.045,waypoint_2,8.946,-119.795,-29.942
31.079,waypoint_2,9.145,-120.051,-29.942
31.113,waypoint_2,9.305,-120.256,-29.943
31.145,waypoint_2,9.464,-120.460,-29.943
31.179,waypoint_2,9.623,-120.665,-29.943
31.213,waypoint_2,9.782,-120.870,-29.943
31.245,waypoint_2,9.941,-121.074,-29.943
31.279,waypoint_2,10.139,-121.331,-29.943
31.313,waypoint_2,10.297,-121.535,-29.944
31.345,waypoint_2,10.455,-121.741,-29.944
31.379,waypoint_2,10.613,-121.946,-29.944
31.413,waypoint_2,10.771,-122.151,-29.944
31.445,waypoint_2,10.929,-122.356,-29.944
31.479,waypoint_2,11.125,-122.613,-29.944
31.513,waypoint_2,11.282,-122.818,-29.943
31.545,waypoint_2,11.438,-123.022,-29.944
31.579,waypoint_2,11.594,-123.226,-29.944
31.613,waypoint_2,11.749,-123.429,-29.944
31.645,waypoint_2,11.903,-123.631,-29.945
31.679,waypoint_2,12.094,-123.881,-29.947
31.713,waypoint_2,12.245,-124.079,-29.948
31.745,waypoint_2,12.394,-124.275,-29.950
31.779,waypoint_2,12.541,-124.469,-29.953
31.813,waypoint_2,12.686,-124.660,-29.956
31.845,waypoint_2,12.828,-124.848,-29.959
31.879,waypoint_2,13.002,-125.078,-29.963
31.913,waypoint_2,13.139,-125.259,-29.966
31.945,waypoint_2,13.272,-125.435,-29.970
31.979,waypoint_2,13.401,-125.608,-29.973
32.013,waypoint_2,13.527,-125.776,-29.976
32.045,waypoint_3,13.650,-125.940,-29.979
32.079,waypoint_3,13.798,-126.139,-29.983
32.113,waypoint_3,13.912,-126.293,-29.986
32.145,waypoint_3,14.022,-126.441,-29.991
32.179,waypoint_3,14.126,-126.583,-29.999
32.213,waypoint_3,14.225,-126.720,-30.009
32.245,waypoint_3,14.319,-126.853,-30.021
32.279,waypoint_3,14.426,-127.013,-30.037
32.313,waypoint_3,14.504,-127.137,-30.051
32.346,waypoint_3,14.575,-127.260,-30.065
32.380,waypoint_3,14.639,-127.382,-30.078
32.414,waypoint_3,14.696,-127.502,-30.090
32.446,waypoint_3,14.744,-127.623,-30.101
32.480,waypoint_3,14.792,-127.774,-30.113
32.514,waypoint_3,14.821,-127.895,-30.121
32.546,waypoint_3,14.841,-128.017,-30.127
32.580,waypoint_3,14.852,-128.141,-30.132
32.614,waypoint_3,14.853,-128.265,-30.136
32.646,waypoint_3,14.846,-128.392,-30.139
32.680,waypoint_3,14.823,-128.552,-30.142
32.714,waypoint_3,14.794,-128.682,-30.142
32.746,waypoint_3,14.755,-128.814,-30.142
32.780,waypoint_3,14.707,-128.948,-30.141
32.815,waypoint_3,14.650,-129.085,-30.138
32.847,waypoint_3,14.583,-129.223,-30.134
32.881,waypoint_3,14.488,-129.399,-30.126
32.915,waypoint_3,14.403,-129.542,-30.119
32.947,waypoint_3,14.309,-129.687,-30.111
32.981,waypoint_3,14.208,-129.834,-30.102
33.015,waypoint_3,14.100,-129.982,-30.092
33.047,waypoint_3,13.984,-130.132,-30.082
33.081,waypoint_3,13.829,-130.323,-30.068
33.115,waypoint_3,13.699,-130.476,-30.057
33.147,waypoint_3,13.562,-130.632,-30.046
33.181,waypoint_3,13.420,-130.788,-30.035
33.215,waypoint_3,13.272,-130.945,-30.025
33.247,waypoint_3,13.120,-131.103,-30.015
33.281,waypoint_3,12.924,-131.302,-30.003
33.315,waypoint_3,12.762,-131.462,-29.994
33.347,waypoint_3,12.597,-131.622,-29.986
33.382,waypoint_3,12.429,-131.783,-29.978
33.416,waypoint_3,12.258,-131.944,-29.971
33.448,waypoint_3,12.084,-132.105,-29.965
33.482,waypoint_3,11.864,-132.306,-29.959
33.516,waypoint_3,11.686,-132.466,-29.955
33.548,waypoint_3,11.507,-132.627,-29.951
33.582,waypoint_3,11.326,-132.787,-29.948
33.616,waypoint_3,11.144,-132.948,-29.946
33.648,waypoint_3,10.961,-133.108,-29.944
33.682,waypoint_3,10.731,-133.307,-29.943
33.716,waypoint_3,10.546,-133.466,-29.942
33.748,waypoint_3,10.361,-133.625,-29.942
33.782,waypoint_3,10.175,-133.783,-29.942
33.816,waypoint_3,9.990,-133.941,-29.943
33.848,waypoint_3,9.804,-134.099,-29.944
33.882,waypoint_3,9.571,-134.295,-29.945
33.916,waypoint_3,9.385,-134.452,-29.947
33.948,waypoint_3,9.199,-134.608,-29.948
33.982,waypoint_3,9.012,-134.763,-29.950
34.016,waypoint_3,8.826,-134.919,-29.951
34.048,waypoint_3,8.639,-135.074,-29.953
34.082,waypoint_3,8.406,-135.267,-29.956
34.116,waypoint_3,8.219,-135.422,-29.958
34.148,waypoint_3,8.032,-135.576,-29.960
34.182,waypoint_3,7.846,-135.730,-29.962
34.216,waypoint_3,7.659,-135.883,-29.964
34.248,waypoint_3,7.472,-136.036,-29.966
34.282,waypoint_3,7.239,-136.228,-29.968
34.316,waypoint_3,7.052,-136.380,-29.970
34.348,waypoint_3,6.866,-136.533,-29.972
34.382,waypoint_3,6.680,-136.686,-29.973
34.416,waypoint_3,6.493,-136.838,-29.975
34.448,waypoint_3,6.307,-136.990,-29.976
34.482,waypoint_3,6.073,-137.181,-29.978
34.516,waypoint_3,5.886,-137.333,-29.979
34.548,waypoint_3,5.700,-137.485,-29.980
34.582,waypoint_3,5.513,-137.637,-29.981
34.616,waypoint_3,5.326,-137.790,-29.982
34.648,waypoint_3,5.139,-137.942,-29.983
34.682,waypoint_3,4.906,-138.132,-29.984
34.716,waypoint_3,4.718,-138.284,-29.985
34.748,waypoint_3,4.531,-138.436,-29.985
34.782,waypoint_3,4.343,-138.588,-29.986
34.816,waypoint_3,4.154,-138.740,-29.986
34.848,waypoint_3,3.966,-138.892,-29.986
34.882,waypoint_3,3.730,-139.082,-29.987
34.916,waypoint_3,3.541,-139.233,-29.987
34.948,waypoint_3,3.352,-139.385,-29.987
34.982,waypoint_3,3.163,-139.537,-29.988
35.016,waypoint_3,2.973,-139.689,-29.988
35.048,waypoint_3,2.783,-139.841,-29.989
35.082,waypoint_3,2.545,-140.030,-29.989
35.116,waypoint_3,2.355,-140.182,-29.990
35.148,waypoint_3,2.164,-140.333,-29.990
35.182,waypoint_3,1.973,-140.485,-29.991
35.216,waypoint_3,1.782,-140.637,-29.991
35.248,waypoint_3,1.590,-140.788,-29.992
35.282,waypoint_3,1.350,-140.977,-29.992
35.316,waypoint_3,1.158,-141.129,-29.992
35.348,waypoint_3,0.965,-141.280,-29.992
35.382,waypoint_3,0.772,-141.431,-29.992
35.416,waypoint_3,0.579,-141.583,-29.992
35.448,waypoint_3,0.385,-141.734,-29.992
35.482,waypoint_3,0.143,-141.923,-29.992
35.516,waypoint_3,-0.051,-142.075,-29.992
35.548,waypoint_3,-0.246,-142.227,-29.992
35.582,waypoint_3,-0.441,-142.378,-29.991
35.616,waypoint_3,-0.636,-142.530,-29.991
35.648,waypoint_3,-0.832,-142.682,-29.991
35.682,waypoint_3,-1.077,-142.872,-29.990
35.716,waypoint_3,-1.273,-143.023,-29.990
35.748,waypoint_3,-1.469,-143.175,-29.989
35.782,waypoint_3,-1.666,-143.327,-29.989
35.816,waypoint_3,-1.864,-143.478,-29.988
35.848,waypoint_3,-2.061,-143.630,-29.988
35.882,waypoint_3,-2.309,-143.820,-29.987
35.916,waypoint_3,-2.507,-143.971,-29.986
35.948,waypoint_3,-2.705,-144.123,-29.985
35.982,waypoint_3,-2.904,-144.274,-29.985
36.016,waypoint_3,-3.102,-144.426,-29.984
36.048,waypoint_3,-3.301,-144.577,-29.984
36.082,waypoint_3,-3.550,-144.766,-29.983
36.116,waypoint_3,-3.750,-144.917,-29.983
36.148,waypoint_3,-3.950,-145.068,-29.983
36.182,waypoint_3,-4.150,-145.219,-29.983
36.216,waypoint_3,-4.350,-145.370,-29.983
36.248,waypoint_3,-4.550,-145.521,-29.983
36.282,waypoint_3,-4.801,-145.710,-29.983
36.316,waypoint_3,-5.001,-145.861,-29.984
36.349,waypoint_3,-5.202,-146.012,-29.984
36.383,waypoint_3,-5.404,-146.164,-29.984
36.418,waypoint_3,-5.605,-146.315,-29.985
36.451,waypoint_3,-5.806,-146.466,-29.985
36.484,waypoint_3,-6.058,-146.655,-29.986
36.518,waypoint_3,-6.259,-146.807,-29.986
36.550,waypoint_3,-6.461,-146.958,-29.986
36.585,waypoint_3,-6.663,-147.109,-29.987
36.620,waypoint_3,-6.866,-147.260,-29.987
36.652,waypoint_3,-7.068,-147.412,-29.987
36.686,waypoint_3,-7.322,-147.601,-29.987
36.720,waypoint_3,-7.525,-147.752,-29.988
36.752,waypoint_3,-7.728,-147.903,-29.988
36.786,waypoint_3,-7.932,-148.055,-29.988
36.820,waypoint_3,-8.136,-148.207,-29.988
36.852,waypoint_3,-8.340,-148.358,-29.987
36.886,waypoint_3,-8.595,-148.548,-29.987
36.920,waypoint_3,-8.799,-148.700,-29.987
36.952,waypoint_3,-9.004,-148.851,-29.987
36.986,waypoint_3,-9.209,-149.003,-29.987
37.020,waypoint_3,-9.414,-149.155,-29.987
37.052,waypoint_3,-9.619,-149.307,-29.987
37.086,waypoint_3,-9.875,-149.497,-29.987
37.120,waypoint_3,-10.080,-149.650,-29.987
37.152,waypoint_3,-10.286,-149.802,-29.987
37.186,waypoint_3,-10.492,-149.954,-29.987
37.220,waypoint_3,-10.697,-150.107,-29.987
37.252,waypoint_3,-10.903,-150.259,-29.987
37.286,waypoint_3,-11.161,-150.450,-29.987
37.320,waypoint_3,-11.367,-150.602,-29.987
37.352,waypoint_3,-11.573,-150.755,-29.987
37.386,waypoint_3,-11.779,-150.908,-29.987
37.420,waypoint_3,-11.986,-151.061,-29.987
37.452,waypoint_3,-12.192,-151.214,-29.987
37.486,waypoint_3,-12.450,-151.405,-29.987
37.520,waypoint_3,-12.657,-151.558,-29.987
37.552,waypoint_3,-12.863,-151.711,-29.987
37.586,waypoint_3,-13.070,-151.864,-29.986
37.620,waypoint_3,-13.276,-152.017,-29.986
37.652,waypoint_3,-13.483,-152.170,-29.986
37.686,waypoint_3,-13.741,-152.362,-29.986
37.720,waypoint_3,-13.947,-152.515,-29.985
37.752,waypoint_3,-14.154,-152.668,-29.985
37.786,waypoint_3,-14.361,-152.822,-29.985
37.820,waypoint_3,-14.567,-152.976,-29.985
37.852,waypoint_3,-14.774,-153.130,-29.984
37.886,waypoint_3,-15.033,-153.322,-29.984
37.920,waypoint_3,-15.240,-153.476,-29.984
37.952,waypoint_3,-15.447,-153.630,-29.984
37.986,waypoint_3,-15.654,-153.785,-29.984
38.020,waypoint_3,-15.861,-153.939,-29.984
38.052,waypoint_3,-16.069,-154.093,-29.983
38.086,waypoint_3,-16.328,-154.286,-29.983
38.120,waypoint_3,-16.535,-154.441,-29.983
38.152,waypoint_3,-16.742,-154.596,-29.983
38.186,waypoint_3,-16.950,-154.751,-29.983
38.220,waypoint_3,-17.157,-154.906,-29.983
38.252,waypoint_3,-17.365,-155.060,-29.983
38.286,waypoint_3,-17.624,-155.254,-29.983
38.320,waypoint_3,-17.832,-155.409,-29.983
38.352,waypoint_3,-18.039,-155.564,-29.983
38.386,waypoint_3,-18.247,-155.719,-29.984
38.420,waypoint_3,-18.455,-155.873,-29.984
38.452,waypoint_3,-18.663,-156.028,-29.984
38.486,waypoint_3,-18.922,-156.222,-29.985
38.520,waypoint_3,-19.130,-156.377,-29.986
38.552,waypoint_3,-19.337,-156.531,-29.986
38.586,waypoint_3,-19.545,-156.686,-29.987
38.620,waypoint_3,-19.752,-156.841,-29.988
38.652,waypoint_3,-19.960,-156.996,-29.988
38.686,waypoint_3,-20.219,-157.190,-29.989
38.720,waypoint_3,-20.427,-157.345,-29.990
38.752,waypoint_3,-20.635,-157.500,-29.991
38.786,waypoint_3,-20.842,-157.655,-29.991
38.820,waypoint_3,-21.050,-157.810,-29.992
38.852,waypoint_3,-21.258,-157.966,-29.992
38.886,waypoint_3,-21.517,-158.160,-29.993
38.920,waypoint_3,-21.725,-158.315,-29.994
38.952,waypoint_3,-21.932,-158.470,-29.994
38.986,waypoint_3,-22.140,-158.625,-29.995
39.020,waypoint_3,-22.347,-158.781,-29.995
39.052,waypoint_3,-22.555,-158.936,-29.996
39.086,waypoint_3,-22.814,-159.130,-29.997
39.120,waypoint_3,-23.022,-159.285,-29.997
39.152,waypoint_3,-23.230,-159.441,-29.998
39.186,waypoint_3,-23.437,-159.596,-29.998
39.220,waypoint_3,-23.645,-159.751,-29.999
39.252,waypoint_3,-23.853,-159.906,-29.999
39.286,waypoint_3,-24.113,-160.100,-29.999
39.320,waypoint_3,-24.321,-160.254,-29.999
39.352,waypoint_3,-24.529,-160.409,-29.999
39.386,waypoint_3,-24.737,-160.564,-29.999
39.420,waypoint_3,-24.945,-160.719,-29.999
39.452,waypoint_3,-25.153,-160.874,-29.999
39.486,waypoint_3,-25.413,-161.068,-29.999
39.520,waypoint_3,-25.620,-161.223,-29.999
39.552,waypoint_3,-25.828,-161.378,-29.999
39.586,waypoint_3,-26.035,-161.533,-29.999
39.620,waypoint_3,-26.243,-161.689,-29.999
39.652,waypoint_3,-26.451,-161.844,-29.999
39.686,waypoint_3,-26.710,-162.038,-30.000
39.720,waypoint_3,-26.918,-162.194,-30.000
39.752,waypoint_3,-27.125,-162.350,-30.000
39.786,waypoint_3,-27.333,-162.506,-30.000
39.820,waypoint_3,-27.540,-162.662,-30.001
39.852,waypoint_3,-27.748,-162.818,-30.001
39.886,waypoint_3,-28.007,-163.013,-30.001
39.920,waypoint_3,-28.214,-163.169,-30.002
39.952,waypoint_3,-28.422,-163.325,-30.002
39.986,waypoint_3,-28.629,-163.482,-30.003
40.020,waypoint_3,-28.836,-163.638,-30.003
40.052,waypoint_3,-29.043,-163.795,-30.004
40.086,waypoint_3,-29.301,-163.990,-30.004
40.120,waypoint_3,-29.508,-164.147,-30.005
40.152,waypoint_3,-29.715,-164.303,-30.005
40.186,waypoint_3,-29.922,-164.460,-30.006
40.220,waypoint_3,-30.129,-164.616,-30.007
40.252,waypoint_3,-30.336,-164.773,-30.007
40.286,waypoint_3,-30.594,-164.969,-30.008
40.320,waypoint_3,-30.801,-165.125,-30.008
40.352,waypoint_3,-31.008,-165.282,-30.009
40.386,waypoint_3,-31.215,-165.438,-30.009
40.420,waypoint_3,-31.422,-165.594,-30.010
40.452,waypoint_3,-31.629,-165.751,-30.010
40.486,waypoint_3,-31.887,-165.946,-30.011
40.520,waypoint_3,-32.094,-166.102,-30.011
40.552,waypoint_3,-32.301,-166.258,-30.012
40.586,waypoint_3,-32.508,-166.414,-30.012
40.620,waypoint_3,-32.715,-166.570,-30.013
40.652,waypoint_3,-32.921,-166.726,-30.013
40.686,waypoint_3,-33.180,-166.922,-30.013
40.720,waypoint_3,-33.387,-167.078,-30.014
40.752,waypoint_3,-33.593,-167.234,-30.014
40.786,waypoint_3,-33.800,-167.390,-30.014
40.820,waypoint_3,-34.006,-167.547,-30.015
40.852,waypoint_3,-34.213,-167.703,-30.015
40.886,waypoint_3,-34.470,-167.899,-30.016
40.920,waypoint_3,-34.677,-168.055,-30.016
40.952,waypoint_3,-34.883,-168.212,-30.017
40.986,waypoint_3,-35.089,-168.369,-30.018
41.020,waypoint_3,-35.295,-168.526,-30.019
41.053,waypoint_3,-35.502,-168.682,-30.020
41.087,waypoint_3,-35.760,-168.879,-30.021
41.121,waypoint_3,-35.966,-169.036,-30.022
41.153,waypoint_3,-36.173,-169.193,-30.022
41.187,waypoint_3,-36.379,-169.350,-30.023
41.221,waypoint_3,-36.586,-169.507,-30.024
41.253,waypoint_3,-36.792,-169.665,-30.024
41.287,waypoint_3,-37.050,-169.861,-30.025
41.321,waypoint_3,-37.257,-170.019,-30.026
41.353,waypoint_3,-37.463,-170.176,-30.026
41.387,waypoint_3,-37.669,-170.334,-30.027
41.421,waypoint_3,-37.875,-170.491,-30.028
41.453,waypoint_3,-38.081,-170.649,-30.028
41.487,waypoint_3,-38.338,-170.846,-30.029
41.521,waypoint_3,-38.543,-171.004,-30.030
41.553,waypoint_3,-38.749,-171.162,-30.030
41.587,waypoint_3,-38.954,-171.321,-30.031
41.621,waypoint_3,-39.159,-171.479,-30.031
41.653,waypoint_3,-39.364,-171.637,-30.032
41.687,waypoint_3,-39.620,-171.835,-30.032
41.721,waypoint_3,-39.825,-171.993,-30.032
41.753,waypoint_3,-40.030,-172.152,-30.033
41.787,waypoint_3,-40.235,-172.310,-30.033
41.821,waypoint_3,-40.440,-172.469,-30.033
41.853,waypoint_3,-40.645,-172.628,-30.033
41.887,waypoint_3,-40.901,-172.826,-30.033
41.921,waypoint_3,-41.105,-172.985,-30.033
41.953,waypoint_3,-41.310,-173.143,-30.033
41.987,waypoint_3,-41.514,-173.302,-30.033
42.021,waypoint_3,-41.719,-173.461,-30.032
42.053,waypoint_3,-41.923,-173.620,-30.032
42.087,waypoint_3,-42.178,-173.818,-30.031
42.121,waypoint_3,-42.382,-173.977,-30.031
42.153,waypoint_3,-42.585,-174.136,-30.031
42.187,waypoint_3,-42.789,-174.295,-30.030
42.221,waypoint_3,-42.992,-174.454,-30.030
42.253,waypoint_3,-43.195,-174.613,-30.029
42.287,waypoint_3,-43.449,-174.812,-30.029
42.321,waypoint_3,-43.652,-174.971,-30.029
42.353,waypoint_3,-43.854,-175.130,-30.028
42.387,waypoint_3,-44.057,-175.289,-30.028
42.422,waypoint_3,-44.260,-175.448,-30.028
42.454,waypoint_3,-44.462,-175.608,-30.028
42.488,waypoint_3,-44.715,-175.807,-30.028
42.522,waypoint_3,-44.917,-175.966,-30.028
42.554,waypoint_3,-45.120,-176.126,-30.028
42.589,waypoint_3,-45.322,-176.285,-30.029
42.623,waypoint_3,-45.524,-176.445,-30.029
42.655,waypoint_3,-45.726,-176.605,-30.029
42.689,waypoint_3,-45.978,-176.805,-30.029
42.723,waypoint_3,-46.179,-176.965,-30.029
42.755,waypoint_3,-46.381,-177.125,-30.030
42.789,waypoint_3,-46.582,-177.285,-30.030
42.823,waypoint_3,-46.783,-177.446,-30.030
42.855,waypoint_3,-46.984,-177.606,-30.030
42.889,waypoint_3,-47.235,-177.807,-30.031
42.923,waypoint_3,-47.435,-177.968,-30.031
42.955,waypoint_3,-47.635,-178.129,-30.031
42.989,waypoint_3,-47.835,-178.291,-30.032
43.023,waypoint_3,-48.035,-178.452,-30.032
43.055,waypoint_3,-48.235,-178.613,-30.032
43.089,waypoint_3,-48.484,-178.815,-30.032
43.123,waypoint_3,-48.683,-178.976,-30.032
43.155,waypoint_3,-48.883,-179.137,-30.032
43.189,waypoint_3,-49.082,-179.299,-30.033
43.223,waypoint_3,-49.281,-179.460,-30.033
43.255,waypoint_3,-49.480,-179.622,-30.033
43.289,waypoint_3,-49.729,-179.824,-30.033
43.323,waypoint_3,-49.928,-179.986,-30.033
43.355,waypoint_3,-50.127,-180.147,-30.033
43.390,waypoint_3,-50.326,-180.309,-30.033
43.424,waypoint_3,-50.524,-180.471,-30.034
43.456,waypoint_3,-50.723,-180.633,-30.034
43.490,waypoint_3,-50.972,-180.835,-30.034
43.524,waypoint_3,-51.170,-180.997,-30.035
43.556,waypoint_3,-51.369,-181.159,-30.035
43.590,waypoint_3,-51.568,-181.321,-30.036
43.624,waypoint_3,-51.766,-181.483,-30.036
43.656,waypoint_3,-51.965,-181.646,-30.037
43.690,waypoint_3,-52.214,-181.848,-30.037
43.724,waypoint_3,-52.412,-182.010,-30.038
43.756,waypoint_3,-52.611,-182.172,-30.038
43.790,waypoint_3,-52.809,-182.334,-30.039
43.824,waypoint_3,-53.006,-182.495,-30.041
43.856,waypoint_3,-53.202,-182.656,-30.042
43.890,waypoint_3,-53.446,-182.855,-30.044
43.924,waypoint_3,-53.640,-183.014,-30.047
43.956,waypoint_3,-53.831,-183.171,-30.050
43.990,waypoint_3,-54.021,-183.326,-30.053
44.024,waypoint_3,-54.208,-183.480,-30.057
44.056,waypoint_3,-54.393,-183.631,-30.061
44.090,waypoint_3,-54.619,-183.817,-30.066
44.124,waypoint_3,-54.797,-183.962,-30.070
44.156,waypoint_3,-54.971,-184.105,-30.075
44.190,waypoint_3,-55.140,-184.244,-30.080
44.224,waypoint_3,-55.306,-184.381,-30.084
44.256,waypoint_3,-55.468,-184.514,-30.089
44.290,goal,-55.664,-184.676,-30.094
44.324,goal,-55.816,-184.801,-30.098
44.356,goal,-55.962,-184.922,-30.104
44.390,goal,-56.103,-185.039,-30.111
44.424,goal,-56.237,-185.152,-30.121
44.456,goal,-56.365,-185.262,-30.133
44.490,goal,-56.516,-185.396,-30.150
44.524,goal,-56.629,-185.502,-30.165
44.556,goal,-56.735,-185.608,-30.180
44.590,goal,-56.834,-185.715,-30.194
44.624,goal,-56.927,-185.823,-30.208
44.656,goal,-57.013,-185.934,-30.221
44.690,goal,-57.111,-186.076,-30.236
44.724,goal,-57.181,-186.194,-30.246
44.756,goal,-57.245,-186.315,-30.254
44.790,goal,-57.301,-186.440,-30.261
44.824,goal,-57.350,-186.568,-30.267
44.856,goal,-57.392,-186.702,-30.272
44.890,goal,-57.434,-186.875,-30.275
44.924,goal,-57.459,-187.018,-30.277
44.956,goal,-57.476,-187.167,-30.278
44.991,goal,-57.486,-187.320,-30.277
45.025,goal,-57.488,-187.479,-30.274
45.057,goal,-57.484,-187.641,-30.270
45.091,goal,-57.469,-187.851,-30.263
45.125,goal,-57.450,-188.024,-30.256
45.157,goal,-57.424,-188.201,-30.248
45.191,goal,-57.392,-188.382,-30.239
45.225,goal,-57.353,-188.567,-30.229
45.257,goal,-57.309,-188.756,-30.219
45.291,goal,-57.246,-188.998,-30.205
45.325,goal,-57.190,-189.195,-30.193
45.357,goal,-57.129,-189.395,-30.182
45.391,goal,-57.063,-189.598,-30.170
45.425,goal,-56.993,-189.805,-30.159
45.457,goal,-56.919,-190.013,-30.148
45.491,goal,-56.821,-190.278,-30.135
45.525,goal,-56.738,-190.491,-30.125
45.558,goal,-56.653,-190.707,-30.116
45.591,goal,-56.564,-190.924,-30.108
45.626,goal,-56.473,-191.143,-30.100
45.658,goal,-56.380,-191.362,-30.092
45.693,goal,-56.261,-191.638,-30.084
45.727,goal,-56.163,-191.860,-30.078
45.759,goal,-56.065,-192.083,-30.073
45.793,goal,-55.964,-192.306,-30.069
45.827,goal,-55.863,-192.530,-30.065
45.859,goal,-55.761,-192.753,-30.062
45.893,goal,-55.632,-193.033,-30.058
45.927,goal,-55.528,-193.257,-30.056
45.959,goal,-55.423,-193.480,-30.054
45.994,goal,-55.319,-193.704,-30.053
46.028,goal,-55.213,-193.927,-30.052
46.060,goal,-55.108,-194.150,-30.051
46.094,goal,-54.975,-194.428,-30.051
46.128,goal,-54.868,-194.650,-30.051
46.160,goal,-54.762,-194.872,-30.051
46.194,goal,-54.655,-195.093,-30.051
46.228,goal,-54.548,-195.314,-30.051
46.260,goal,-54.441,-195.535,-30.051
46.294,goal,-54.308,-195.810,-30.052
46.328,goal,-54.201,-196.029,-30.052
46.360,goal,-54.093,-196.249,-30.053
46.394,goal,-53.986,-196.468,-30.054
46.428,goal,-53.878,-196.686,-30.054
46.460,goal,-53.770,-196.905,-30.055
46.494,goal,-53.635,-197.177,-30.056
46.528,goal,-53.527,-197.395,-30.057
46.560,goal,-53.418,-197.612,-30.057
46.594,goal,-53.310,-197.830,-30.058
46.630,goal,-53.201,-198.047,-30.059
46.662,goal,-53.091,-198.264,-30.059
46.697,goal,-52.954,-198.536,-30.060
46.731,goal,-52.844,-198.753,-30.060
46.763,goal,-52.735,-198.970,-30.061
46.797,goal,-52.624,-199.187,-30.061
46.831,goal,-52.514,-199.404,-30.062
46.863,goal,-52.404,-199.621,-30.062
46.897,goal,-52.265,-199.893,-30.062
46.931,goal,-52.154,-200.110,-30.062
46.963,goal,-52.042,-200.327,-30.062
46.997,goal,-51.931,-200.544,-30.062
47.031,goal,-51.819,-200.761,-30.062
47.063,goal,-51.707,-200.978,-30.062
47.097,goal,-51.567,-201.250,-30.061
47.131,goal,-51.455,-201.467,-30.061
47.163,goal,-51.342,-201.684,-30.060
47.197,goal,-51.229,-201.902,-30.060
47.231,goal,-51.116,-202.119,-30.059
47.263,goal,-51.003,-202.337,-30.058
47.297,goal,-50.861,-202.609,-30.057
47.331,goal,-50.747,-202.826,-30.057
47.363,goal,-50.634,-203.044,-30.056
47.399,goal,-50.520,-203.262,-30.055
47.433,goal,-50.405,-203.480,-30.054
47.465,goal,-50.291,-203.697,-30.053
47.499,goal,-50.147,-203.969,-30.052
47.533,goal,-50.032,-204.187,-30.052
47.565,goal,-49.917,-204.405,-30.051
47.599,goal,-49.801,-204.622,-30.050
47.633,goal,-49.685,-204.840,-30.049
47.665,goal,-49.568,-205.058,-30.048
47.699,goal,-49.422,-205.331,-30.047
47.733,goal,-49.305,-205.549,-30.046
47.765,goal,-49.188,-205.767,-30.045
47.799,goal,-49.070,-205.986,-30.044
47.833,goal,-48.952,-206.204,-30.043
47.865,goal,-48.833,-206.423,-30.041
47.899,goal,-48.684,-206.696,-30.039
47.933,goal,-48.565,-206.915,-30.038
47.965,goal,-48.445,-207.134,-30.036
47.999,goal,-48.324,-207.353,-30.035
48.033,goal,-48.204,-207.572,-30.034
48.065,goal,-48.083,-207.790,-30.032
48.099,goal,-47.931,-208.064,-30.031
48.133,goal,-47.810,-208.283,-30.030
48.165,goal,-47.688,-208.502,-30.028
48.199,goal,-47.565,-208.721,-30.027
48.233,goal,-47.443,-208.941,-30.026
48.265,goal,-47.320,-209.160,-30.025
48.299,goal,-47.167,-209.434,-30.024
48.333,goal,-47.043,-209.654,-30.023
48.365,goal,-46.920,-209.874,-30.022
48.400,goal,-46.797,-210.094,-30.020
48.434,goal,-46.673,-210.314,-30.019
48.466,goal,-46.550,-210.534,-30.018
48.500,goal,-46.395,-210.810,-30.017
48.534,goal,-46.271,-211.031,-30.016
48.566,goal,-46.147,-211.252,-30.015
48.600,goal,-46.023,-211.473,-30.014
48.635,goal,-45.898,-211.695,-30.013
48.666,goal,-45.774,-211.916,-30.012
48.700,goal,-45.618,-212.194,-30.011
48.735,goal,-45.494,-212.416,-30.011
48.766,goal,-45.369,-212.638,-30.010
48.800,goal,-45.244,-212.860,-30.009
48.835,goal,-45.119,-213.082,-30.009
48.866,goal,-44.994,-213.305,-30.008
48.903,goal,-44.838,-213.583,-30.007
48.937,goal,-44.712,-213.806,-30.007
48.970,goal,-44.587,-214.029,-30.006
49.003,goal,-44.461,-214.252,-30.005
49.037,goal,-44.336,-214.476,-30.004
49.071,goal,-44.210,-214.699,-30.003
49.105,goal,-44.053,-214.978,-30.002
49.139,goal,-43.927,-215.202,-30.001
49.172,goal,-43.801,-215.425,-30.000
49.206,goal,-43.675,-215.649,-29.999
49.240,goal,-43.549,-215.873,-29.998
49.272,goal,-43.423,-216.097,-29.997
49.306,goal,-43.265,-216.378,-29.996
49.340,goal,-43.139,-216.602,-29.995
49.372,goal,-43.013,-216.826,-29.995
49.406,goal,-42.886,-217.050,-29.994
49.440,goal,-42.759,-217.274,-29.993
49.472,goal,-42.632,-217.499,-29.992
49.506,goal,-42.474,-217.780,-29.992
49.540,goal,-42.346,-218.004,-29.991
49.572,goal,-42.219,-218.229,-29.991
49.606,goal,-42.091,-218.453,-29.990
49.640,goal,-41.964,-218.678,-29.990
49.672,goal,-41.836,-218.903,-29.989
49.706,goal,-41.676,-219.183,-29.989
49.740,goal,-41.549,-219.408,-29.988
49.772,goal,-41.421,-219.633,-29.988
49.806,goal,-41.293,-219.859,-29.987
49.840,goal,-41.165,-220.084,-29.987
49.872,goal,-41.037,-220.309,-29.987
49.906,goal,-40.878,-220.591,-29.987
49.940,goal,-40.750,-220.817,-29.987
49.972,goal,-40.623,-221.043,-29.987
50.006,goal,-40.495,-221.269,-29.987
50.040,goal,-40.367,-221.495,-29.987
50.072,goal,-40.239,-221.721,-29.987
50.106,goal,-40.080,-222.004,-29.987
50.140,goal,-39.952,-222.231,-29.987
50.172,goal,-39.824,-222.458,-29.987
50.206,goal,-39.696,-222.684,-29.986
50.240,goal,-39.568,-222.911,-29.986
50.272,goal,-39.441,-223.138,-29.986
50.306,goal,-39.281,-223.422,-29.986
50.340,goal,-39.153,-223.649,-29.986
50.372,goal,-39.026,-223.876,-29.986
50.406,goal,-38.899,-224.103,-29.986
50.440,goal,-38.771,-224.330,-29.985
50.472,goal,-38.644,-224.557,-29.985
50.506,goal,-38.485,-224.841,-29.985
50.540,goal,-38.358,-225.068,-29.984
50.572,goal,-38.231,-225.294,-29.984
50.606,goal,-38.104,-225.521,-29.983
50.640,goal,-37.978,-225.748,-29.983
50.672,goal,-37.851,-225.975,-29.982
50.706,goal,-37.693,-226.258,-29.981
50.740,goal,-37.566,-226.485,-29.980
50.772,goal,-37.440,-226.712,-29.980
50.806,goal,-37.313,-226.939,-29.979
50.840,goal,-37.187,-227.166,-29.978
50.872,goal,-37.061,-227.393,-29.977
50.907,goal,-36.903,-227.677,-29.976
50.940,goal,-36.777,-227.904,-29.976
50.972,goal,-36.651,-228.131,-29.975
51.007,goal,-36.525,-228.359,-29.975
51.040,goal,-36.399,-228.586,-29.974
51.072,goal,-36.274,-228.813,-29.974
51.106,goal,-36.117,-229.097,-29.973
51.140,goal,-35.991,-229.325,-29.973
51.173,goal,-35.866,-229.552,-29.972
51.206,goal,-35.741,-229.780,-29.972
51.240,goal,-35.616,-230.007,-29.971
51.272,goal,-35.491,-230.235,-29.971
51.306,goal,-35.335,-230.520,-29.970
51.340,goal,-35.210,-230.748,-29.970
51.372,goal,-35.086,-230.976,-29.970
51.406,goal,-34.961,-231.205,-29.969
51.440,goal,-34.837,-231.433,-29.969
51.472,goal,-34.713,-231.662,-29.969
51.507,goal,-34.559,-231.948,-29.969
51.541,goal,-34.435,-232.177,-29.968
51.573,goal,-34.312,-232.406,-29.968
51.607,goal,-34.188,-232.635,-29.968
51.641,goal,-34.065,-232.865,-29.967
51.674,goal,-33.942,-233.094,-29.967
51.707,goal,-33.788,-233.380,-29.967
51.741,goal,-33.666,-233.610,-29.967
51.775,goal,-33.543,-233.839,-29.967
51.808,goal,-33.420,-234.068,-29.967
51.843,goal,-33.298,-234.297,-29.967
51.875,goal,-33.175,-234.526,-29.967
51.909,goal,-33.022,-234.811,-29.967
51.943,goal,-32.900,-235.039,-29.967
51.975,goal,-32.779,-235.266,-29.967
52.009,goal,-32.658,-235.491,-29.968
52.043,goal,-32.538,-235.715,-29.969
52.075,goal,-32.419,-235.938,-29.971
52.109,goal,-32.271,-236.213,-29.974
52.143,goal,-32.155,-236.430,-29.977
52.175,goal,-32.040,-236.644,-29.980
52.209,goal,-31.926,-236.855,-29.983
52.243,goal,-31.815,-237.063,-29.987
52.275,goal,-31.706,-237.267,-29.991
52.309,goal,-31.572,-237.516,-29.996
52.343,goal,-31.468,-237.710,-29.999
52.375,goal,-31.366,-237.900,-30.003
52.409,goal,-31.268,-238.084,-30.007
52.443,waypoint_3 back,-31.171,-238.264,-30.010
52.475,waypoint_3 back,-31.078,-238.438,-30.015
52.509,waypoint_3 back,-30.967,-238.646,-30.025
52.543,waypoint_3 back,-30.883,-238.805,-30.036
52.575,waypoint_3 back,-30.802,-238.956,-30.048
52.609,waypoint_3 back,-30.725,-239.101,-30.061
52.643,waypoint_3 back,-30.652,-239.238,-30.074
52.675,waypoint_3 back,-30.583,-239.367,-30.087
52.709,waypoint_3 back,-30.503,-239.518,-30.101
52.743,waypoint_3 back,-30.443,-239.631,-30.111
52.775,waypoint_3 back,-30.387,-239.736,-30.120
52.809,waypoint_3 back,-30.336,-239.833,-30.128
52.843,waypoint_3 back,-30.288,-239.921,-30.134
52.875,waypoint_3 back,-30.246,-240.001,-30.138
52.909,waypoint_3 back,-30.199,-240.090,-30.143
52.943,waypoint_3 back,-30.167,-240.150,-30.145
52.975,waypoint_3 back,-30.140,-240.202,-30.147
53.009,waypoint_3 back,-30.117,-240.245,-30.148
53.043,waypoint_3 back,-30.099,-240.279,-30.149
53.075,waypoint_3 back,-30.086,-240.304,-30.149
53.109,waypoint_3 back,-30.076,-240.323,-30.148
53.143,waypoint_3 back,-30.074,-240.328,-30.148
53.175,waypoint_3 back,-30.077,-240.323,-30.147
53.209,waypoint_3 back,-30.084,-240.309,-30.146
53.243,waypoint_3 back,-30.096,-240.286,-30.145
53.275,waypoint_3 back,-30.112,-240.255,-30.144
53.309,waypoint_3 back,-30.140,-240.203,-30.142
53.343,waypoint_3 back,-30.166,-240.151,-30.142
53.375,waypoint_3 back,-30.198,-240.091,-30.141
53.409,waypoint_3 back,-30.234,-240.022,-30.140
53.443,waypoint_3 back,-30.274,-239.944,-30.138
53.475,waypoint_3 back,-30.319,-239.859,-30.136
53.509,waypoint_3 back,-30.381,-239.742,-30.133
53.543,waypoint_3 back,-30.435,-239.640,-30.129
53.575,waypoint_3 back,-30.492,-239.531,-30.124
53.609,waypoint_3 back,-30.553,-239.415,-30.119
53.643,waypoint_3 back,-30.618,-239.293,-30.113
53.675,waypoint_3 back,-30.686,-239.165,-30.106
53.709,waypoint_3 back,-30.776,-238.996,-30.097
53.743,waypoint_3 back,-30.851,-238.855,-30.089
53.775,waypoint_3 back,-30.929,-238.708,-30.081
53.809,waypoint_3 back,-31.010,-238.557,-30.073
53.843,waypoint_3 back,-31.094,-238.400,-30.065
53.875,waypoint_3 back,-31.180,-238.240,-30.057
53.909,waypoint_3 back,-31.290,-238.033,-30.048
53.943,waypoint_3 back,-31.381,-237.863,-30.041
53.975,waypoint_3 back,-31.474,-237.690,-30.034
54.009,waypoint_3 back,-31.568,-237.513,-30.028
54.043,waypoint_3 back,-31.664,-237.333,-30.022
54.075,waypoint_3 back,-31.761,-237.150,-30.017
54.109,waypoint_3 back,-31.884,-236.918,-30.012
54.143,waypoint_3 back,-31.983,-236.731,-30.008
54.176,waypoint_3 back,-32.083,-236.541,-30.006
54.210,waypoint_3 back,-32.185,-236.349,-30.003
54.243,waypoint_3 back,-32.286,-236.156,-30.002
54.275,waypoint_3 back,-32.389,-235.962,-30.001
54.309,waypoint_3 back,-32.518,-235.717,-30.000
54.343,waypoint_3 back,-32.621,-235.520,-30.000
54.376,waypoint_3 back,-32.725,-235.322,-30.001
54.409,waypoint_3 back,-32.829,-235.124,-30.002
54.443,waypoint_3 back,-32.933,-234.924,-30.003
54.475,waypoint_3 back,-33.037,-234.725,-30.004
54.509,waypoint_3 back,-33.167,-234.474,-30.006
54.543,waypoint_3 back,-33.271,-234.274,-30.008
54.575,waypoint_3 back,-33.375,-234.072,-30.010
54.609,waypoint_3 back,-33.479,-233.870,-30.013
54.643,waypoint_3 back,-33.583,-233.668,-30.015
54.675,waypoint_3 back,-33.687,-233.466,-30.017
54.709,waypoint_3 back,-33.817,-233.213,-30.020
54.743,waypoint_3 back,-33.921,-233.010,-30.022
54.775,waypoint_3 back,-34.024,-232.807,-30.024
54.809,waypoint_3 back,-34.128,-232.603,-30.026
54.843,waypoint_3 back,-34.232,-232.399,-30.028
54.877,waypoint_3 back,-34.335,-232.194,-30.030
54.911,waypoint_3 back,-34.465,-231.939,-30.032
54.945,waypoint_3 back,-34.568,-231.734,-30.034
54.977,waypoint_3 back,-34.671,-231.530,-30.036
55.011,waypoint_3 back,-34.775,-231.325,-30.037
55.045,waypoint_3 back,-34.878,-231.121,-30.038
55.077,waypoint_3 back,-34.982,-230.916,-30.040
55.111,waypoint_3 back,-35.111,-230.659,-30.041
55.145,waypoint_3 back,-35.214,-230.454,-30.043
55.177,waypoint_3 back,-35.318,-230.249,-30.044
55.211,waypoint_3 back,-35.421,-230.044,-30.045
55.245,waypoint_3 back,-35.525,-229.838,-30.046
55.277,waypoint_3 back,-35.629,-229.633,-30.047
55.312,waypoint_3 back,-35.758,-229.376,-30.048
55.346,waypoint_3 back,-35.862,-229.170,-30.049
55.378,waypoint_3 back,-35.966,-228.963,-30.050
55.412,waypoint_3 back,-36.071,-228.756,-30.050
55.446,waypoint_3 back,-36.175,-228.549,-30.051
55.478,waypoint_3 back,-36.279,-228.342,-30.051
55.512,waypoint_3 back,-36.410,-228.083,-30.051
55.546,waypoint_3 back,-36.514,-227.875,-30.051
55.578,waypoint_3 back,-36.619,-227.667,-30.051
55.612,waypoint_3 back,-36.723,-227.459,-30.051
55.646,waypoint_3 back,-36.828,-227.250,-30.050
55.678,waypoint_3 back,-36.933,-227.040,-30.050
55.712,waypoint_3 back,-37.064,-226.778,-30.049
55.746,waypoint_3 back,-37.168,-226.568,-30.048
55.778,waypoint_3 back,-37.273,-226.358,-30.048
55.812,waypoint_3 back,-37.378,-226.148,-30.047
55.846,waypoint_3 back,-37.483,-225.936,-30.046
55.878,waypoint_3 back,-37.589,-225.725,-30.045
55.912,waypoint_3 back,-37.721,-225.460,-30.043
55.946,waypoint_3 back,-37.827,-225.247,-30.042
55.978,waypoint_3 back,-37.933,-225.034,-30.041
56.012,waypoint_3 back,-38.039,-224.821,-30.040
56.046,waypoint_3 back,-38.145,-224.607,-30.038
56.078,waypoint_3 back,-38.252,-224.393,-30.037
56.112,waypoint_3 back,-38.385,-224.125,-30.036
56.146,waypoint_3 back,-38.492,-223.911,-30.034
56.178,waypoint_3 back,-38.599,-223.696,-30.033
56.212,waypoint_3 back,-38.706,-223.480,-30.032
56.246,waypoint_3 back,-38.814,-223.264,-30.031
56.278,waypoint_3 back,-38.921,-223.049,-30.030
56.312,waypoint_3 back,-39.056,-222.779,-30.028
56.346,waypoint_3 back,-39.164,-222.562,-30.027
56.378,waypoint_3 back,-39.272,-222.346,-30.026
56.412,waypoint_3 back,-39.380,-222.129,-30.025
56.446,waypoint_3 back,-39.489,-221.911,-30.024
56.478,waypoint_3 back,-39.597,-221.694,-30.024
56.512,waypoint_3 back,-39.733,-221.422,-30.023
56.546,waypoint_3 back,-39.842,-221.204,-30.022
56.578,waypoint_3 back,-39.951,-220.986,-30.021
56.612,waypoint_3 back,-40.060,-220.767,-30.020
56.646,waypoint_3 back,-40.169,-220.548,-30.019
56.678,waypoint_3 back,-40.279,-220.329,-30.018
56.712,waypoint_3 back,-40.416,-220.055,-30.017
56.746,waypoint_3 back,-40.526,-219.835,-30.016
56.778,waypoint_3 back,-40.636,-219.615,-30.015
56.812,waypoint_3 back,-40.746,-219.395,-30.014
56.846,waypoint_3 back,-40.856,-219.174,-30.013
56.878,waypoint_3 back,-40.967,-218.953,-30.011
56.912,waypoint_3 back,-41.105,-218.676,-30.010
56.946,waypoint_3 back,-41.216,-218.455,-30.009
56.978,waypoint_3 back,-41.328,-218.233,-30.008
57.012,waypoint_3 back,-41.439,-218.010,-30.006
57.046,waypoint_3 back,-41.551,-217.787,-30.005
57.079,waypoint_3 back,-41.663,-217.564,-30.004
57.112,waypoint_3 back,-41.803,-217.285,-30.003
57.146,waypoint_3 back,-41.915,-217.062,-30.002
57.178,waypoint_3 back,-42.027,-216.838,-30.001
57.212,waypoint_3 back,-42.140,-216.613,-30.000
57.246,waypoint_3 back,-42.252,-216.389,-30.000
57.278,waypoint_3 back,-42.365,-216.164,-29.999
57.312,waypoint_3 back,-42.506,-215.883,-29.998
57.346,waypoint_3 back,-42.618,-215.657,-29.997
57.378,waypoint_3 back,-42.731,-215.432,-29.997
57.412,waypoint_3 back,-42.844,-215.206,-29.996
57.446,waypoint_3 back,-42.957,-214.980,-29.995
57.478,waypoint_3 back,-43.069,-214.753,-29.995
57.512,waypoint_3 back,-43.211,-214.470,-29.994
57.546,waypoint_3 back,-43.324,-214.243,-29.993
57.579,waypoint_3 back,-43.437,-214.016,-29.992
57.612,waypoint_3 back,-43.550,-213.789,-29.992
57.646,waypoint_3 back,-43.663,-213.561,-29.991
57.678,waypoint_3 back,-43.777,-213.334,-29.990
57.712,waypoint_3 back,-43.919,-213.049,-29.989
57.746,waypoint_3 back,-44.033,-212.821,-29.988
57.778,waypoint_3 back,-44.147,-212.593,-29.987
57.812,waypoint_3 back,-44.261,-212.365,-29.986
57.846,waypoint_3 back,-44.375,-212.137,-29.985
57.878,waypoint_3 back,-44.489,-211.908,-29.984
57.912,waypoint_3 back,-44.632,-211.622,-29.983
57.946,waypoint_3 back,-44.746,-211.393,-29.982
57.978,waypoint_3 back,-44.860,-211.164,-29.981
58.012,waypoint_3 back,-44.975,-210.935,-29.980
58.046,waypoint_3 back,-45.089,-210.705,-29.979
58.079,waypoint_3 back,-45.203,-210.476,-29.979
58.113,waypoint_3 back,-45.346,-210.188,-29.978
58.147,waypoint_3 back,-45.461,-209.959,-29.977
58.179,waypoint_3 back,-45.575,-209.729,-29.976
58.213,waypoint_3 back,-45.689,-209.499,-29.975
58.247,waypoint_3 back,-45.804,-209.269,-29.975
58.279,waypoint_3 back,-45.919,-209.038,-29.974
58.313,waypoint_3 back,-46.063,-208.750,-29.974
58.347,waypoint_3 back,-46.178,-208.520,-29.973
58.379,waypoint_3 back,-46.293,-208.290,-29.973
58.424,waypoint_3 back,-46.408,-208.059,-29.972
58.478,waypoint_3 back,-46.524,-207.828,-29.972
58.510,waypoint_3 back,-46.640,-207.597,-29.972
58.544,waypoint_3 back,-46.785,-207.308,-29.972
58.578,waypoint_3 back,-46.901,-207.077,-29.972
58.610,waypoint_3 back,-47.018,-206.845,-29.971
58.644,waypoint_3 back,-47.135,-206.613,-29.971
58.678,waypoint_3 back,-47.252,-206.382,-29.971
58.710,waypoint_3 back,-47.370,-206.150,-29.972
58.744,waypoint_3 back,-47.517,-205.859,-29.972
58.778,waypoint_3 back,-47.635,-205.627,-29.972
58.810,waypoint_3 back,-47.753,-205.395,-29.973
58.844,waypoint_3 back,-47.871,-205.162,-29.973
58.878,waypoint_3 back,-47.989,-204.930,-29.974
58.910,waypoint_3 back,-48.108,-204.698,-29.975
58.944,waypoint_3 back,-48.256,-204.408,-29.976
58.978,waypoint_3 back,-48.374,-204.176,-29.976
59.011,waypoint_3 back,-48.493,-203.944,-29.977
59.044,waypoint_3 back,-48.612,-203.712,-29.978
59.078,waypoint_3 back,-48.731,-203.480,-29.979
59.110,waypoint_3 back,-48.849,-203.248,-29.979
59.144,waypoint_3 back,-48.998,-202.959,-29.980
59.179,waypoint_3 back,-49.117,-202.727,-29.980
59.211,waypoint_3 back,-49.235,-202.496,-29.981
59.245,waypoint_3 back,-49.354,-202.265,-29.981
59.278,waypoint_3 back,-49.473,-202.033,-29.981
59.310,waypoint_3 back,-49.592,-201.802,-29.982
59.344,waypoint_3 back,-49.740,-201.513,-29.982
59.378,waypoint_3 back,-49.859,-201.282,-29.981
59.410,waypoint_3 back,-49.978,-201.051,-29.981
59.444,waypoint_3 back,-50.098,-200.820,-29.981
59.479,waypoint_3 back,-50.217,-200.589,-29.981
59.510,waypoint_3 back,-50.336,-200.359,-29.981
59.544,waypoint_3 back,-50.485,-200.070,-29.980
59.579,waypoint_3 back,-50.604,-199.839,-29.980
59.610,waypoint_3 back,-50.724,-199.608,-29.980
59.644,waypoint_3 back,-50.843,-199.377,-29.980
59.678,waypoint_3 back,-50.963,-199.146,-29.979
59.710,waypoint_3 back,-51.083,-198.915,-29.979
59.744,waypoint_3 back,-51.233,-198.626,-29.979
59.778,waypoint_3 back,-51.353,-198.396,-29.979
59.810,waypoint_3 back,-51.473,-198.165,-29.978
59.844,waypoint_3 back,-51.593,-197.934,-29.978
59.878,waypoint_3 back,-51.714,-197.703,-29.978
59.910,waypoint_3 back,-51.834,-197.473,-29.978
59.944,waypoint_3 back,-51.985,-197.184,-29.978
59.978,waypoint_3 back,-52.105,-196.954,-29.979
60.010,waypoint_3 back,-52.226,-196.723,-29.979
60.044,waypoint_3 back,-52.347,-196.492,-29.979
60.078,waypoint_3 back,-52.467,-196.262,-29.980
60.110,waypoint_3 back,-52.588,-196.031,-29.980
60.144,waypoint_3 back,-52.739,-195.743,-29.980
60.178,waypoint_3 back,-52.860,-195.512,-29.981
60.210,waypoint_3 back,-52.981,-195.281,-29.981
60.244,waypoint_3 back,-53.101,-195.051,-29.982
60.278,waypoint_3 back,-53.222,-194.820,-29.983
60.310,waypoint_3 back,-53.343,-194.589,-29.983
60.344,waypoint_3 back,-53.494,-194.301,-29.984
60.378,waypoint_3 back,-53.615,-194.070,-29.985
60.410,waypoint_3 back,-53.736,-193.840,-29.987
60.444,waypoint_3 back,-53.857,-193.609,-29.988
60.478,waypoint_3 back,-53.978,-193.379,-29.989
60.510,waypoint_3 back,-54.099,-193.149,-29.990
60.544,waypoint_3 back,-54.251,-192.861,-29.991
60.578,waypoint_3 back,-54.373,-192.631,-29.992
60.610,waypoint_3 back,-54.494,-192.401,-29.993
60.644,waypoint_3 back,-54.616,-192.172,-29.995
60.678,waypoint_3 back,-54.737,-191.944,-29.996
60.710,waypoint_3 back,-54.858,-191.717,-29.998
60.744,waypoint_3 back,-55.009,-191.434,-30.001
60.778,waypoint_3 back,-55.128,-191.211,-30.004
60.810,waypoint_3 back,-55.247,-190.989,-30.007
60.844,waypoint_3 back,-55.365,-190.769,-30.011
60.878,waypoint_3 back,-55.481,-190.552,-30.015
60.910,waypoint_3 back,-55.596,-190.338,-30.019
60.944,waypoint_3 back,-55.738,-190.075,-30.026
60.978,waypoint_3 back,-55.849,-189.869,-30.031
61.010,waypoint_3 back,-55.958,-189.667,-30.036
61.045,waypoint_3 back,-56.064,-189.469,-30.041
61.079,waypoint_3 back,-56.169,-189.276,-30.047
61.111,waypoint_3 back,-56.271,-189.087,-30.052
61.146,waypoint_2 back,-56.394,-188.859,-30.058
61.179,waypoint_2 back,-56.490,-188.682,-30.064
61.212,waypoint_2 back,-56.582,-188.511,-30.071
61.247,waypoint_2 back,-56.671,-188.346,-30.081
61.281,waypoint_2 back,-56.755,-188.188,-30.093
61.313,waypoint_2 back,-56.835,-188.034,-30.107
61.346,waypoint_2 back,-56.927,-187.849,-30.125
61.380,waypoint_2 back,-56.994,-187.705,-30.140
61.413,waypoint_2 back,-57.054,-187.563,-30.155
61.447,waypoint_2 back,-57.108,-187.423,-30.169
61.480,waypoint_2 back,-57.154,-187.285,-30.182
61.514,waypoint_2 back,-57.194,-187.147,-30.194
61.548,waypoint_2 back,-57.231,-186.975,-30.206
61.582,waypoint_2 back,-57.252,-186.838,-30.214
61.615,waypoint_2 back,-57.264,-186.701,-30.221
61.649,waypoint_2 back,-57.267,-186.563,-30.226
61.683,waypoint_2 back,-57.261,-186.424,-30.230
61.715,waypoint_2 back,-57.246,-186.285,-30.233
61.749,waypoint_2 back,-57.214,-186.109,-30.236
61.783,waypoint_2 back,-57.178,-185.967,-30.237
61.815,waypoint_2 back,-57.134,-185.824,-30.237
61.849,waypoint_2 back,-57.080,-185.680,-30.236
61.883,waypoint_2 back,-57.018,-185.534,-30.233
61.915,waypoint_2 back,-56.947,-185.387,-30.230
61.949,waypoint_2 back,-56.848,-185.202,-30.224
61.983,waypoint_2 back,-56.759,-185.052,-30.218
62.015,waypoint_2 back,-56.663,-184.901,-30.211
62.049,waypoint_2 back,-56.560,-184.749,-30.203
62.083,waypoint_2 back,-56.450,-184.596,-30.194
62.115,waypoint_2 back,-56.333,-184.441,-30.185
62.149,waypoint_2 back,-56.178,-184.247,-30.174
62.183,waypoint_2 back,-56.048,-184.091,-30.164
62.216,waypoint_2 back,-55.912,-183.933,-30.154
62.250,waypoint_2 back,-55.770,-183.775,-30.145
62.284,waypoint_2 back,-55.624,-183.617,-30.135
62.316,waypoint_2 back,-55.474,-183.457,-30.126
62.350,waypoint_2 back,-55.280,-183.258,-30.115
62.389,waypoint_2 back,-55.121,-183.098,-30.107
62.421,waypoint_2 back,-54.959,-182.937,-30.099
62.456,waypoint_2 back,-54.794,-182.776,-30.092
62.489,waypoint_2 back,-54.626,-182.615,-30.085
62.522,waypoint_2 back,-54.455,-182.454,-30.079
62.556,waypoint_2 back,-54.239,-182.253,-30.072
62.589,waypoint_2 back,-54.064,-182.091,-30.067
62.621,waypoint_2 back,-53.888,-181.930,-30.062
62.656,waypoint_2 back,-53.710,-181.769,-30.058
62.690,waypoint_2 back,-53.531,-181.608,-30.055
62.721,waypoint_2 back,-53.352,-181.447,-30.052
62.756,waypoint_2 back,-53.125,-181.246,-30.049
62.789,waypoint_2 back,-52.943,-181.085,-30.047
62.821,waypoint_2 back,-52.761,-180.925,-30.045
62.856,waypoint_2 back,-52.577,-180.765,-30.043
62.889,waypoint_2 back,-52.394,-180.605,-30.042
62.921,waypoint_2 back,-52.209,-180.445,-30.041
62.956,waypoint_2 back,-51.979,-180.246,-30.040
62.989,waypoint_2 back,-51.794,-180.087,-30.040
63.021,waypoint_2 back,-51.609,-179.928,-30.040
63.056,waypoint_2 back,-51.424,-179.769,-30.039
63.089,waypoint_2 back,-51.239,-179.611,-30.039
63.122,waypoint_2 back,-51.053,-179.452,-30.039
63.156,waypoint_2 back,-50.822,-179.255,-30.040
63.189,waypoint_2 back,-50.636,-179.096,-30.040
63.221,waypoint_2 back,-50.451,-178.939,-30.041
63.256,waypoint_2 back,-50.266,-178.781,-30.042
63.289,waypoint_2 back,-50.080,-178.623,-30.043
63.321,waypoint_2 back,-49.895,-178.465,-30.044
63.356,waypoint_2 back,-49.663,-178.268,-30.045
63.390,waypoint_2 back,-49.477,-178.111,-30.046
63.421,waypoint_2 back,-49.291,-177.953,-30.047
63.456,waypoint_2 back,-49.106,-177.796,-30.048
63.489,waypoint_2 back,-48.920,-177.638,-30.049
63.521,waypoint_2 back,-48.734,-177.481,-30.050
63.571,waypoint_2 back,-48.502,-177.285,-30.051
63.605,waypoint_2 back,-48.315,-177.128,-30.052
63.637,waypoint_2 back,-48.129,-176.971,-30.052
63.671,waypoint_2 back,-47.943,-176.814,-30.052
63.705,waypoint_2 back,-47.756,-176.658,-30.052
63.737,waypoint_2 back,-47.569,-176.501,-30.052
63.771,waypoint_2 back,-47.335,-176.306,-30.052
63.805,waypoint_2 back,-47.148,-176.149,-30.052
63.837,waypoint_2 back,-46.961,-175.993,-30.052
63.871,waypoint_2 back,-46.773,-175.837,-30.051
63.905,waypoint_2 back,-46.585,-175.681,-30.051
63.937,waypoint_2 back,-46.397,-175.525,-30.050
63.971,waypoint_2 back,-46.162,-175.330,-30.050
64.005,waypoint_2 back,-45.973,-175.174,-30.049
64.037,waypoint_2 back,-45.784,-175.019,-30.049
64.071,waypoint_2 back,-45.595,-174.863,-30.048
64.105,waypoint_2 back,-45.405,-174.708,-30.047
64.137,waypoint_2 back,-45.215,-174.552,-30.047
64.171,waypoint_2 back,-44.977,-174.358,-30.046
64.205,waypoint_2 back,-44.787,-174.203,-30.045
64.237,waypoint_2 back,-44.596,-174.048,-30.044
64.271,waypoint_2 back,-44.405,-173.893,-30.043
64.305,waypoint_2 back,-44.213,-173.738,-30.042
64.337,waypoint_2 back,-44.021,-173.583,-30.041
64.371,waypoint_2 back,-43.781,-173.390,-30.039
64.405,waypoint_2 back,-43.588,-173.235,-30.038
64.437,waypoint_2 back,-43.395,-173.080,-30.036
64.471,waypoint_2 back,-43.202,-172.926,-30.035
64.505,waypoint_2 back,-43.008,-172.771,-30.033
64.537,waypoint_2 back,-42.814,-172.617,-30.032
64.571,waypoint_2 back,-42.571,-172.424,-30.031
64.605,waypoint_2 back,-42.377,-172.269,-30.030
64.637,waypoint_2 back,-42.182,-172.115,-30.028
64.671,waypoint_2 back,-41.987,-171.960,-30.027
64.705,waypoint_2 back,-41.792,-171.806,-30.026
64.737,waypoint_2 back,-41.596,-171.651,-30.026
64.771,waypoint_2 back,-41.351,-171.457,-30.024
64.805,waypoint_2 back,-41.155,-171.303,-30.023
64.837,waypoint_2 back,-40.959,-171.148,-30.022
64.871,waypoint_2 back,-40.762,-170.993,-30.021
64.905,waypoint_2 back,-40.565,-170.838,-30.020
64.937,waypoint_2 back,-40.367,-170.683,-30.019
64.971,waypoint_2 back,-40.120,-170.489,-30.018
65.006,waypoint_2 back,-39.922,-170.334,-30.016
65.038,waypoint_2 back,-39.723,-170.180,-30.015
65.072,waypoint_2 back,-39.525,-170.025,-30.014
65.106,waypoint_2 back,-39.326,-169.870,-30.013
65.138,waypoint_2 back,-39.126,-169.715,-30.011
65.172,waypoint_2 back,-38.877,-169.522,-30.010
65.206,waypoint_2 back,-38.677,-169.367,-30.009
65.238,waypoint_2 back,-38.477,-169.212,-30.008
65.272,waypoint_2 back,-38.277,-169.058,-30.007
65.306,waypoint_2 back,-38.076,-168.903,-30.006
65.338,waypoint_2 back,-37.876,-168.749,-30.005
65.372,waypoint_2 back,-37.624,-168.556,-30.004
65.406,waypoint_2 back,-37.423,-168.402,-30.002
65.438,waypoint_2 back,-37.221,-168.247,-30.001
65.472,waypoint_2 back,-37.019,-168.093,-30.000
65.506,waypoint_2 back,-36.816,-167.939,-29.999
65.538,waypoint_2 back,-36.614,-167.786,-29.998
65.572,waypoint_2 back,-36.360,-167.593,-29.997
65.606,waypoint_2 back,-36.157,-167.440,-29.995
65.638,waypoint_2 back,-35.954,-167.286,-29.994
65.672,waypoint_2 back,-35.750,-167.132,-29.993
65.704,waypoint_2 back,-35.547,-166.979,-29.992
65.738,waypoint_2 back,-35.343,-166.825,-29.990
65.772,waypoint_2 back,-35.088,-166.633,-29.989
65.804,waypoint_2 back,-34.884,-166.479,-29.987
65.838,waypoint_2 back,-34.680,-166.326,-29.986
65.872,waypoint_2 back,-34.476,-166.172,-29.985
65.904,waypoint_2 back,-34.271,-166.019,-29.985
65.938,waypoint_2 back,-34.067,-165.865,-29.984
65.972,waypoint_2 back,-33.811,-165.673,-29.983
66.004,waypoint_2 back,-33.606,-165.520,-29.983
66.038,waypoint_2 back,-33.401,-165.366,-29.982
66.072,waypoint_2 back,-33.196,-165.213,-29.982
66.104,waypoint_2 back,-32.991,-165.059,-29.982
66.138,waypoint_2 back,-32.786,-164.906,-29.981
66.172,waypoint_2 back,-32.529,-164.714,-29.981
66.204,waypoint_2 back,-32.323,-164.560,-29.980
66.239,waypoint_2 back,-32.117,-164.407,-29.980
66.271,waypoint_2 back,-31.910,-164.253,-29.980
66.305,waypoint_2 back,-31.704,-164.100,-29.979
66.339,waypoint_2 back,-31.446,-163.908,-29.979
66.371,waypoint_2 back,-31.239,-163.755,-29.978
66.405,waypoint_2 back,-31.032,-163.601,-29.978
66.439,waypoint_2 back,-30.824,-163.448,-29.977
66.471,waypoint_2 back,-30.617,-163.294,-29.976
66.505,waypoint_2 back,-30.409,-163.141,-29.976
66.539,waypoint_2 back,-30.149,-162.949,-29.975
66.571,waypoint_2 back,-29.941,-162.796,-29.975
66.606,waypoint_2 back,-29.733,-162.642,-29.974
66.640,waypoint_2 back,-29.525,-162.489,-29.974
66.672,waypoint_2 back,-29.317,-162.336,-29.973
66.706,waypoint_2 back,-29.109,-162.182,-29.973
66.740,waypoint_2 back,-28.848,-161.991,-29.972
66.772,waypoint_2 back,-28.639,-161.838,-29.972
66.806,waypoint_2 back,-28.430,-161.685,-29.972
66.840,waypoint_2 back,-28.221,-161.531,-29.971
66.872,waypoint_2 back,-28.012,-161.378,-29.971
66.906,waypoint_2 back,-27.804,-161.225,-29.971
66.940,waypoint_2 back,-27.543,-161.033,-29.971
66.972,waypoint_2 back,-27.334,-160.879,-29.971
67.006,waypoint_2 back,-27.126,-160.726,-29.971
67.040,waypoint_2 back,-26.918,-160.572,-29.971
67.072,waypoint_2 back,-26.709,-160.418,-29.971
67.106,waypoint_2 back,-26.501,-160.264,-29.971
67.140,waypoint_2 back,-26.240,-160.071,-29.971
67.172,waypoint_2 back,-26.032,-159.917,-29.970
67.206,waypoint_2 back,-25.823,-159.763,-29.970
67.240,waypoint_2 back,-25.615,-159.609,-29.969
67.272,waypoint_2 back,-25.406,-159.455,-29.969
67.306,waypoint_2 back,-25.198,-159.301,-29.968
67.340,waypoint_2 back,-24.937,-159.109,-29.968
67.372,waypoint_2 back,-24.728,-158.955,-29.967
67.405,waypoint_2 back,-24.519,-158.801,-29.967
67.439,waypoint_2 back,-24.311,-158.647,-29.966
67.473,waypoint_2 back,-24.102,-158.493,-29.966
67.505,waypoint_2 back,-23.893,-158.339,-29.966
67.539,waypoint_2 back,-23.684,-158.185,-29.965
67.573,waypoint_2 back,-23.423,-157.992,-29.965
67.605,waypoint_2 back,-23.214,-157.838,-29.964
67.639,waypoint_2 back,-23.005,-157.684,-29.964
67.673,waypoint_2 back,-22.796,-157.530,-29.964
67.705,waypoint_2 back,-22.587,-157.376,-29.963
67.739,waypoint_2 back,-22.379,-157.222,-29.963
67.773,waypoint_2 back,-22.118,-157.029,-29.963
67.805,waypoint_2 back,-21.909,-156.875,-29.963
67.839,waypoint_2 back,-21.700,-156.721,-29.962
67.873,waypoint_2 back,-21.492,-156.567,-29.962
67.905,waypoint_2 back,-21.283,-156.412,-29.962
67.939,waypoint_2 back,-21.075,-156.258,-29.962
67.973,waypoint_2 back,-20.814,-156.065,-29.962
68.005,waypoint_2 back,-20.605,-155.910,-29.962
68.039,waypoint_2 back,-20.396,-155.755,-29.962
68.073,waypoint_2 back,-20.187,-155.600,-29.962
68.105,waypoint_2 back,-19.979,-155.445,-29.962
68.139,waypoint_2 back,-19.770,-155.290,-29.963
68.173,waypoint_2 back,-19.509,-155.096,-29.963
68.205,waypoint_2 back,-19.300,-154.940,-29.963
68.239,waypoint_2 back,-19.091,-154.785,-29.963
68.273,waypoint_2 back,-18.883,-154.630,-29.963
68.305,waypoint_2 back,-18.674,-154.475,-29.963
68.339,waypoint_2 back,-18.465,-154.319,-29.964
68.373,waypoint_2 back,-18.204,-154.125,-29.964
68.405,waypoint_2 back,-17.996,-153.970,-29.964
68.439,waypoint_2 back,-17.787,-153.815,-29.964
68.473,waypoint_2 back,-17.578,-153.660,-29.964
68.505,waypoint_2 back,-17.370,-153.505,-29.964
68.539,waypoint_2 back,-17.161,-153.350,-29.964
68.573,waypoint_2 back,-16.900,-153.157,-29.963
68.605,waypoint_2 back,-16.691,-153.002,-29.963
68.639,waypoint_2 back,-16.483,-152.847,-29.963
68.673,waypoint_2 back,-16.274,-152.692,-29.963
68.706,waypoint_2 back,-16.066,-152.537,-29.962
68.740,waypoint_2 back,-15.857,-152.382,-29.962
68.774,waypoint_2 back,-15.596,-152.188,-29.962
68.806,waypoint_2 back,-15.388,-152.033,-29.961
68.840,waypoint_2 back,-15.180,-151.879,-29.961
68.874,waypoint_2 back,-14.971,-151.723,-29.961
68.906,waypoint_2 back,-14.763,-151.568,-29.960
68.940,waypoint_2 back,-14.555,-151.413,-29.960
68.974,waypoint_2 back,-14.295,-151.220,-29.959
69.006,waypoint_2 back,-14.087,-151.064,-29.959
69.040,waypoint_2 back,-13.880,-150.909,-29.958
69.074,waypoint_2 back,-13.672,-150.754,-29.957
69.106,waypoint_2 back,-13.464,-150.599,-29.957
69.140,waypoint_2 back,-13.257,-150.443,-29.956
69.174,waypoint_2 back,-12.997,-150.249,-29.956
69.206,waypoint_2 back,-12.790,-150.094,-29.955
69.240,waypoint_2 back,-12.583,-149.938,-29.955
69.274,waypoint_2 back,-12.375,-149.783,-29.955
69.307,waypoint_2 back,-12.168,-149.628,-29.955
69.340,waypoint_2 back,-11.961,-149.473,-29.955
69.374,waypoint_2 back,-11.701,-149.278,-29.955
69.406,waypoint_2 back,-11.494,-149.123,-29.955
69.440,waypoint_2 back,-11.286,-148.968,-29.955
69.474,waypoint_2 back,-11.079,-148.813,-29.956
69.506,waypoint_2 back,-10.871,-148.657,-29.956
69.540,waypoint_2 back,-10.663,-148.502,-29.956
69.574,waypoint_2 back,-10.403,-148.308,-29.956
69.606,waypoint_2 back,-10.195,-148.153,-29.957
69.640,waypoint_2 back,-9.988,-147.998,-29.957
69.674,waypoint_2 back,-9.780,-147.843,-29.957
69.706,waypoint_2 back,-9.572,-147.687,-29.957
69.740,waypoint_2 back,-9.364,-147.532,-29.957
69.774,waypoint_2 back,-9.104,-147.339,-29.958
69.807,waypoint_2 back,-8.896,-147.184,-29.958
69.840,waypoint_2 back,-8.689,-147.029,-29.958
69.874,waypoint_2 back,-8.481,-146.875,-29.958
69.906,waypoint_2 back,-8.273,-146.720,-29.958
69.940,waypoint_2 back,-8.066,-146.565,-29.958
69.974,waypoint_2 back,-7.807,-146.372,-29.959
70.006,waypoint_2 back,-7.600,-146.218,-29.959
70.040,waypoint_2 back,-7.393,-146.063,-29.959
70.074,waypoint_2 back,-7.186,-145.908,-29.960
70.106,waypoint_2 back,-6.980,-145.753,-29.960
70.140,waypoint_2 back,-6.773,-145.598,-29.961
70.174,waypoint_2 back,-6.516,-145.405,-29.961
70.206,waypoint_2 back,-6.310,-145.249,-29.962
70.241,waypoint_2 back,-6.104,-145.094,-29.962
70.275,waypoint_2 back,-5.898,-144.939,-29.963
70.308,waypoint_2 back,-5.693,-144.784,-29.963
70.341,waypoint_2 back,-5.487,-144.628,-29.964
70.375,waypoint_2 back,-5.231,-144.434,-29.964
70.407,waypoint_2 back,-5.025,-144.278,-29.964
70.442,waypoint_2 back,-4.820,-144.123,-29.965
70.476,waypoint_2 back,-4.615,-143.967,-29.965
70.508,waypoint_2 back,-4.410,-143.811,-29.965
70.542,waypoint_2 back,-4.206,-143.656,-29.965
70.577,waypoint_2 back,-3.950,-143.461,-29.965
70.608,waypoint_2 back,-3.745,-143.305,-29.965
70.642,waypoint_2 back,-3.541,-143.149,-29.964
70.676,waypoint_2 back,-3.336,-142.993,-29.964
70.708,waypoint_2 back,-3.132,-142.836,-29.964
70.742,waypoint_2 back,-2.927,-142.680,-29.964
70.776,waypoint_2 back,-2.672,-142.484,-29.963
70.808,waypoint_2 back,-2.468,-142.327,-29.963
70.842,waypoint_2 back,-2.264,-142.170,-29.963
70.876,waypoint_2 back,-2.060,-142.013,-29.963
70.908,waypoint_2 back,-1.856,-141.856,-29.962
70.942,waypoint_2 back,-1.652,-141.699,-29.962
70.977,waypoint_2 back,-1.398,-141.503,-29.961
71.008,waypoint_2 back,-1.194,-141.345,-29.961
71.042,waypoint_2 back,-0.990,-141.188,-29.961
71.077,waypoint_2 back,-0.787,-141.031,-29.960
71.108,waypoint_2 back,-0.583,-140.873,-29.960
71.142,waypoint_2 back,-0.380,-140.715,-29.959
71.177,waypoint_2 back,-0.125,-140.518,-29.959
71.208,waypoint_2 back,0.078,-140.360,-29.958
71.242,waypoint_2 back,0.281,-140.202,-29.958
71.276,waypoint_2 back,0.485,-140.044,-29.957
71.308,waypoint_2 back,0.688,-139.886,-29.957
71.343,waypoint_2 back,0.891,-139.728,-29.957
71.376,waypoint_2 back,1.145,-139.531,-29.957
71.408,waypoint_2 back,1.348,-139.373,-29.957
71.442,waypoint_2 back,1.551,-139.215,-29.957
71.476,waypoint_2 back,1.753,-139.057,-29.957
71.509,waypoint_2 back,1.956,-138.899,-29.957
71.542,waypoint_2 back,2.159,-138.741,-29.957
71.577,waypoint_2 back,2.412,-138.544,-29.957
71.608,waypoint_2 back,2.614,-138.386,-29.957
71.642,waypoint_2 back,2.816,-138.228,-29.957
71.677,waypoint_2 back,3.018,-138.070,-29.957
71.708,waypoint_2 back,3.220,-137.912,-29.958
71.742,waypoint_2 back,3.422,-137.754,-29.958
71.777,waypoint_2 back,3.674,-137.556,-29.958
71.808,waypoint_2 back,3.876,-137.398,-29.958
71.843,waypoint_2 back,4.077,-137.240,-29.958
71.877,waypoint_2 back,4.279,-137.081,-29.957
71.908,waypoint_2 back,4.480,-136.923,-29.957
71.942,waypoint_2 back,4.682,-136.764,-29.957
71.977,waypoint_2 back,4.933,-136.565,-29.956
72.009,waypoint_2 back,5.135,-136.406,-29.956
72.042,waypoint_2 back,5.336,-136.247,-29.956
72.077,waypoint_2 back,5.538,-136.087,-29.955
72.109,waypoint_2 back,5.739,-135.928,-29.955
72.142,waypoint_2 back,5.941,-135.769,-29.954
72.177,waypoint_2 back,6.192,-135.569,-29.953
72.208,waypoint_2 back,6.393,-135.409,-29.953
72.242,waypoint_2 back,6.595,-135.250,-29.952
72.277,waypoint_2 back,6.796,-135.090,-29.951
72.309,waypoint_2 back,6.997,-134.930,-29.950
72.344,waypoint_2 back,7.199,-134.770,-29.950
72.378,waypoint_2 back,7.450,-134.570,-29.949
72.410,waypoint_2 back,7.651,-134.410,-29.948
72.445,waypoint_2 back,7.853,-134.249,-29.947
72.479,waypoint_2 back,8.054,-134.089,-29.946
72.511,waypoint_2 back,8.255,-133.928,-29.945
72.545,waypoint_2 back,8.456,-133.767,-29.945
72.579,waypoint_2 back,8.708,-133.566,-29.944
72.611,waypoint_2 back,8.909,-133.405,-29.944
72.645,waypoint_2 back,9.110,-133.244,-29.943
72.679,waypoint_2 back,9.311,-133.084,-29.942
72.711,waypoint_2 back,9.512,-132.923,-29.942
72.745,waypoint_2 back,9.713,-132.762,-29.941
72.779,waypoint_2 back,9.965,-132.561,-29.940
72.811,waypoint_2 back,10.165,-132.401,-29.939
72.845,waypoint_2 back,10.365,-132.241,-29.939
72.879,waypoint_2 back,10.564,-132.081,-29.939
72.911,waypoint_2 back,10.762,-131.922,-29.939
72.945,waypoint_2 back,10.959,-131.765,-29.940
72.979,waypoint_2 back,11.203,-131.570,-29.942
73.011,waypoint_2 back,11.395,-131.416,-29.945
73.045,waypoint_2 back,11.585,-131.264,-29.948
73.079,waypoint_2 back,11.773,-131.113,-29.951
73.111,waypoint_2 back,11.957,-130.966,-29.955
73.145,waypoint_2 back,12.138,-130.820,-29.959
73.179,waypoint_2 back,12.359,-130.642,-29.965
73.211,waypoint_2 back,12.532,-130.503,-29.970
73.245,waypoint_2 back,12.700,-130.367,-29.974
73.279,waypoint_2 back,12.864,-130.235,-29.979
73.311,waypoint_2 back,13.024,-130.105,-29.983
73.345,waypoint_1 back,13.178,-129.980,-29.987
73.379,waypoint_1 back,13.365,-129.828,-29.991
73.411,waypoint_1 back,13.509,-129.710,-29.996
73.446,waypoint_1 back,13.646,-129.598,-30.002
73.480,waypoint_1 back,13.778,-129.489,-30.011
73.512,waypoint_1 back,13.903,-129.385,-30.021
73.546,waypoint_1 back,14.020,-129.283,-30.033
73.580,waypoint_1 back,14.157,-129.158,-30.050
73.612,waypoint_1 back,14.258,-129.059,-30.064
73.646,waypoint_1 back,14.351,-128.960,-30.078
73.680,waypoint_1 back,14.437,-128.860,-30.091
73.712,waypoint_1 back,14.514,-128.758,-30.103
73.746,waypoint_1 back,14.583,-128.655,-30.113
73.780,waypoint_1 back,14.659,-128.522,-30.125
73.812,waypoint_1 back,14.709,-128.413,-30.132
73.846,waypoint_1 back,14.751,-128.301,-30.138
73.880,waypoint_1 back,14.784,-128.185,-30.143
73.912,waypoint_1 back,14.809,-128.066,-30.146
73.946,waypoint_1 back,14.824,-127.943,-30.149
73.980,waypoint_1 back,14.831,-127.784,-30.151
74.012,waypoint_1 back,14.827,-127.652,-30.151
74.046,waypoint_1 back,14.813,-127.516,-30.150
74.080,waypoint_1 back,14.792,-127.375,-30.148
74.112,waypoint_1 back,14.762,-127.230,-30.145
74.146,waypoint_1 back,14.724,-127.081,-30.140
74.180,waypoint_1 back,14.666,-126.889,-30.132
74.212,waypoint_1 back,14.611,-126.731,-30.124
74.246,waypoint_1 back,14.549,-126.569,-30.116
74.280,waypoint_1 back,14.480,-126.403,-30.106
74.312,waypoint_1 back,14.405,-126.233,-30.096
74.346,waypoint_1 back,14.323,-126.061,-30.086
74.380,waypoint_1 back,14.213,-125.840,-30.072
74.412,waypoint_1 back,14.119,-125.660,-30.061
74.446,waypoint_1 back,14.019,-125.477,-30.050
74.480,waypoint_1 back,13.915,-125.291,-30.039
74.512,waypoint_1 back,13.807,-125.104,-30.029
74.546,waypoint_1 back,13.694,-124.914,-30.018
74.580,waypoint_1 back,13.548,-124.673,-30.006
74.612,waypoint_1 back,13.428,-124.479,-29.997
74.646,waypoint_1 back,13.304,-124.283,-29.988
74.680,waypoint_1 back,13.177,-124.086,-29.980
74.712,waypoint_1 back,13.048,-123.888,-29.973
74.746,waypoint_1 back,12.916,-123.688,-29.966
74.780,waypoint_1 back,12.749,-123.438,-29.959
74.812,waypoint_1 back,12.613,-123.238,-29.954
74.846,waypoint_1 back,12.476,-123.037,-29.950
74.880,waypoint_1 back,12.337,-122.836,-29.946
74.912,waypoint_1 back,12.197,-122.634,-29.943
74.946,waypoint_1 back,12.057,-122.433,-29.940
74.980,waypoint_1 back,11.879,-122.181,-29.937
75.012,waypoint_1 back,11.736,-121.980,-29.936
75.046,waypoint_1 back,11.593,-121.778,-29.935
75.080,waypoint_1 back,11.449,-121.577,-29.934
75.112,waypoint_1 back,11.305,-121.376,-29.934
75.146,waypoint_1 back,11.160,-121.175,-29.934
75.180,waypoint_1 back,10.979,-120.925,-29.935
75.212,waypoint_1 back,10.834,-120.725,-29.936
75.246,waypoint_1 back,10.688,-120.526,-29.937
75.280,waypoint_1 back,10.542,-120.326,-29.939
75.312,waypoint_1 back,10.396,-120.128,-29.940
75.346,waypoint_1 back,10.250,-119.929,-29.942
75.380,waypoint_1 back,10.068,-119.682,-29.944
75.412,waypoint_1 back,9.922,-119.485,-29.947
75.446,waypoint_1 back,9.776,-119.287,-29.949
75.480,waypoint_1 back,9.629,-119.090,-29.951
75.512,waypoint_1 back,9.482,-118.894,-29.953
75.547,waypoint_1 back,9.336,-118.697,-29.955
75.581,waypoint_1 back,9.152,-118.452,-29.958
75.613,waypoint_1 back,9.005,-118.256,-29.960
75.649,waypoint_1 back,8.858,-118.060,-29.962
75.683,waypoint_1 back,8.711,-117.864,-29.964
75.715,waypoint_1 back,8.564,-117.668,-29.966
75.749,waypoint_1 back,8.417,-117.473,-29.967
75.783,waypoint_1 back,8.233,-117.229,-29.969
75.815,waypoint_1 back,8.086,-117.033,-29.971
75.849,waypoint_1 back,7.939,-116.838,-29.973
75.883,waypoint_1 back,7.791,-116.643,-29.974
75.915,waypoint_1 back,7.643,-116.448,-29.975
75.949,waypoint_1 back,7.496,-116.253,-29.977
75.984,waypoint_1 back,7.311,-116.009,-29.978
76.015,waypoint_1 back,7.163,-115.813,-29.979
76.049,waypoint_1 back,7.014,-115.618,-29.980
76.083,waypoint_1 back,6.865,-115.423,-29.981
76.115,waypoint_1 back,6.717,-115.228,-29.982
76.149,waypoint_1 back,6.568,-115.032,-29.983
76.183,waypoint_1 back,6.381,-114.788,-29.984
76.217,waypoint_1 back,6.231,-114.593,-29.985
76.251,waypoint_1 back,6.081,-114.398,-29.986
76.285,waypoint_1 back,5.931,-114.203,-29.986
76.317,waypoint_1 back,5.780,-114.009,-29.987
76.351,waypoint_1 back,5.629,-113.814,-29.987
76.385,waypoint_1 back,5.440,-113.570,-29.988
76.417,waypoint_1 back,5.288,-113.376,-29.989
76.451,waypoint_1 back,5.136,-113.181,-29.989
76.485,waypoint_1 back,4.984,-112.987,-29.990
76.517,waypoint_1 back,4.832,-112.792,-29.990
76.551,waypoint_1 back,4.679,-112.598,-29.991
76.585,waypoint_1 back,4.488,-112.354,-29.991
76.617,waypoint_1 back,4.334,-112.160,-29.991
76.651,waypoint_1 back,4.181,-111.965,-29.992
76.685,waypoint_1 back,4.027,-111.770,-29.992
76.717,waypoint_1 back,3.873,-111.575,-29.992
76.751,waypoint_1 back,3.719,-111.381,-29.992
76.785,waypoint_1 back,3.525,-111.137,-29.993
76.817,waypoint_1 back,3.371,-110.942,-29.993
76.851,waypoint_1 back,3.215,-110.747,-29.993
76.885,waypoint_1 back,3.060,-110.552,-29.993
76.917,waypoint_1 back,2.904,-110.357,-29.993
76.951,waypoint_1 back,2.749,-110.162,-29.994
76.985,waypoint_1 back,2.554,-109.918,-29.994
77.017,waypoint_1 back,2.397,-109.723,-29.994
77.051,waypoint_1 back,2.241,-109.528,-29.994
77.085,waypoint_1 back,2.085,-109.332,-29.995
77.117,waypoint_1 back,1.928,-109.137,-29.995
77.151,waypoint_1 back,1.771,-108.942,-29.995
77.185,waypoint_1 back,1.575,-108.698,-29.995
77.217,waypoint_1 back,1.417,-108.503,-29.995
77.251,waypoint_1 back,1.260,-108.308,-29.995
77.285,waypoint_1 back,1.102,-108.113,-29.995
77.317,waypoint_1 back,0.944,-107.918,-29.995
77.351,waypoint_1 back,0.786,-107.722,-29.995
77.385,waypoint_1 back,0.588,-107.478,-29.995
77.417,waypoint_1 back,0.430,-107.283,-29.995
77.451,waypoint_1 back,0.271,-107.088,-29.995
77.485,waypoint_1 back,0.112,-106.893,-29.995
77.517,waypoint_1 back,-0.046,-106.697,-29.995
77.551,waypoint_1 back,-0.205,-106.502,-29.995
77.585,waypoint_1 back,-0.404,-106.257,-29.995
77.617,waypoint_1 back,-0.563,-106.061,-29.995
77.651,waypoint_1 back,-0.723,-105.865,-29.995
77.685,waypoint_1 back,-0.882,-105.669,-29.995
77.717,waypoint_1 back,-1.042,-105.473,-29.994
77.751,waypoint_1 back,-1.202,-105.277,-29.994
77.785,waypoint_1 back,-1.402,-105.032,-29.994
77.817,waypoint_1 back,-1.563,-104.835,-29.994
77.851,waypoint_1 back,-1.723,-104.639,-29.994
77.885,waypoint_1 back,-1.884,-104.442,-29.994
77.917,waypoint_1 back,-2.045,-104.245,-29.993
77.951,waypoint_1 back,-2.206,-104.048,-29.993
77.985,waypoint_1 back,-2.407,-103.801,-29.993
78.017,waypoint_1 back,-2.569,-103.604,-29.993
78.051,waypoint_1 back,-2.730,-103.406,-29.993
78.085,waypoint_1 back,-2.891,-103.208,-29.993
78.117,waypoint_1 back,-3.053,-103.010,-29.993
78.151,waypoint_1 back,-3.215,-102.811,-29.993
78.185,waypoint_1 back,-3.417,-102.563,-29.993
78.217,waypoint_1 back,-3.579,-102.365,-29.993
78.251,waypoint_1 back,-3.741,-102.166,-29.993
78.285,waypoint_1 back,-3.904,-101.967,-29.993
78.317,waypoint_1 back,-4.067,-101.769,-29.992
78.351,waypoint_1 back,-4.229,-101.570,-29.992
78.385,waypoint_1 back,-4.433,-101.321,-29.992
78.417,waypoint_1 back,-4.596,-101.122,-29.992
78.451,waypoint_1 back,-4.759,-100.923,-29.992
78.485,waypoint_1 back,-4.922,-100.723,-29.992
78.517,waypoint_1 back,-5.086,-100.524,-29.993
78.551,waypoint_1 back,-5.249,-100.324,-29.993
78.585,waypoint_1 back,-5.453,-100.075,-29.993
78.617,waypoint_1 back,-5.617,-99.875,-29.994
78.651,waypoint_1 back,-5.781,-99.675,-29.994
78.685,waypoint_1 back,-5.945,-99.476,-29.994
78.717,waypoint_1 back,-6.109,-99.276,-29.995
78.751,waypoint_1 back,-6.272,-99.076,-29.995
78.785,waypoint_1 back,-6.477,-98.826,-29.996
78.817,waypoint_1 back,-6.641,-98.626,-29.996
78.851,waypoint_1 back,-6.805,-98.426,-29.997
78.885,waypoint_1 back,-6.970,-98.227,-29.997
78.917,waypoint_1 back,-7.134,-98.027,-29.997
78.951,waypoint_1 back,-7.298,-97.827,-29.997
78.985,waypoint_1 back,-7.503,-97.577,-29.997
79.017,waypoint_1 back,-7.667,-97.378,-29.997
79.051,waypoint_1 back,-7.832,-97.178,-29.997
79.085,waypoint_1 back,-7.996,-96.979,-29.997
79.117,waypoint_1 back,-8.160,-96.780,-29.997
79.151,waypoint_1 back,-8.324,-96.580,-29.997
79.185,waypoint_1 back,-8.530,-96.331,-29.997
79.217,waypoint_1 back,-8.695,-96.131,-29.997
79.251,waypoint_1 back,-8.859,-95.932,-29.997
79.285,waypoint_1 back,-9.024,-95.733,-29.997
79.317,waypoint_1 back,-9.189,-95.533,-29.998
79.352,waypoint_1 back,-9.354,-95.334,-29.998
79.386,waypoint_1 back,-9.560,-95.085,-29.999
79.418,waypoint_1 back,-9.725,-94.886,-29.999
79.452,waypoint_1 back,-9.890,-94.686,-29.999
79.486,waypoint_1 back,-10.055,-94.487,-29.999
79.518,waypoint_1 back,-10.219,-94.287,-29.999
79.552,waypoint_1 back,-10.384,-94.088,-29.999
79.586,waypoint_1 back,-10.590,-93.838,-30.000
79.618,waypoint_1 back,-10.754,-93.638,-30.000
79.652,waypoint_1 back,-10.918,-93.438,-30.000
79.686,waypoint_1 back,-11.083,-93.238,-30.000
79.718,waypoint_1 back,-11.247,-93.038,-30.000
79.752,waypoint_1 back,-11.411,-92.838,-30.000
79.786,waypoint_1 back,-11.615,-92.588,-30.000
79.818,waypoint_1 back,-11.779,-92.387,-30.000
79.852,waypoint_1 back,-11.943,-92.187,-30.000
79.886,waypoint_1 back,-12.106,-91.986,-30.000
79.918,waypoint_1 back,-12.270,-91.786,-30.000
79.952,waypoint_1 back,-12.433,-91.585,-30.000
79.986,waypoint_1 back,-12.637,-91.334,-30.000
80.018,waypoint_1 back,-12.800,-91.132,-30.000
80.052,waypoint_1 back,-12.963,-90.931,-30.000
80.086,waypoint_1 back,-13.126,-90.730,-30.001
80.118,waypoint_1 back,-13.290,-90.529,-30.001
80.152,waypoint_1 back,-13.453,-90.327,-30.001
80.186,waypoint_1 back,-13.657,-90.075,-30.002
80.218,waypoint_1 back,-13.820,-89.873,-30.002
80.252,waypoint_1 back,-13.983,-89.671,-30.003
80.286,waypoint_1 back,-14.146,-89.469,-30.003
80.318,waypoint_1 back,-14.309,-89.267,-30.004
80.352,waypoint_1 back,-14.472,-89.065,-30.004
80.386,waypoint_1 back,-14.675,-88.812,-30.004
80.418,waypoint_1 back,-14.838,-88.609,-30.005
80.452,waypoint_1 back,-15.001,-88.406,-30.005
80.486,waypoint_1 back,-15.164,-88.203,-30.006
80.518,waypoint_1 back,-15.327,-88.000,-30.006
80.552,waypoint_1 back,-15.490,-87.797,-30.007
80.586,waypoint_1 back,-15.694,-87.542,-30.008
80.618,waypoint_1 back,-15.857,-87.339,-30.008
80.652,waypoint_1 back,-16.020,-87.135,-30.009
80.686,waypoint_1 back,-16.182,-86.931,-30.010
80.718,waypoint_1 back,-16.345,-86.727,-30.011
80.752,waypoint_1 back,-16.508,-86.523,-30.011
80.786,waypoint_1 back,-16.711,-86.268,-30.012
80.818,waypoint_1 back,-16.874,-86.064,-30.013
80.852,waypoint_1 back,-17.037,-85.860,-30.014
80.886,waypoint_1 back,-17.199,-85.656,-30.015
80.918,waypoint_1 back,-17.362,-85.452,-30.015
80.952,waypoint_1 back,-17.524,-85.248,-30.016
80.986,waypoint_1 back,-17.727,-84.993,-30.016
81.018,waypoint_1 back,-17.889,-84.789,-30.017
81.052,waypoint_1 back,-18.052,-84.585,-30.017
81.086,waypoint_1 back,-18.214,-84.381,-30.017
81.118,waypoint_1 back,-18.376,-84.177,-30.017
81.152,waypoint_1 back,-18.538,-83.972,-30.017
81.186,waypoint_1 back,-18.740,-83.717,-30.017
81.218,waypoint_1 back,-18.902,-83.512,-30.017
81.252,waypoint_1 back,-19.063,-83.308,-30.017
81.286,waypoint_1 back,-19.224,-83.104,-30.017
81.318,waypoint_1 back,-19.385,-82.900,-30.018
81.352,waypoint_1 back,-19.545,-82.697,-30.018
81.386,waypoint_1 back,-19.745,-82.445,-30.020
81.418,waypoint_1 back,-19.903,-82.244,-30.022
81.452,waypoint_1 back,-20.060,-82.045,-30.024
81.486,waypoint_1 back,-20.215,-81.848,-30.027
81.518,waypoint_1 back,-20.368,-81.654,-30.030
81.552,waypoint_1 back,-20.519,-81.462,-30.034
81.586,waypoint_1 back,-20.704,-81.225,-30.040
81.618,waypoint_1 back,-20.849,-81.040,-30.045
81.652,waypoint_1 back,-20.991,-80.858,-30.049
81.686,waypoint_1 back,-21.130,-80.680,-30.055
81.718,waypoint_1 back,-21.265,-80.506,-30.060
81.752,waypoint_1 back,-21.398,-80.336,-30.065
81.786,waypoint_1 back,-21.558,-80.130,-30.071
81.818,spawn,-21.681,-79.970,-30.076
81.852,spawn,-21.801,-79.815,-30.083
81.886,spawn,-21.916,-79.665,-30.091
81.918,spawn,-22.026,-79.520,-30.101
81.952,spawn,-22.130,-79.380,-30.113
81.986,spawn,-22.253,-79.207,-30.130
82.018,spawn,-22.344,-79.071,-30.145
82.052,spawn,-22.429,-78.935,-30.161
82.086,spawn,-22.508,-78.798,-30.176
82.118,spawn,-22.581,-78.660,-30.191
82.152,spawn,-22.647,-78.519,-30.204
82.186,spawn,-22.722,-78.338,-30.219
82.218,spawn,-22.774,-78.189,-30.229
82.252,spawn,-22.821,-78.037,-30.236
82.286,spawn,-22.861,-77.881,-30.242
82.318,spawn,-22.894,-77.720,-30.245
82.352,spawn,-22.922,-77.554,-30.246
82.386,spawn,-22.948,-77.341,-30.245
82.418,spawn,-22.962,-77.165,-30.241
82.452,spawn,-22.971,-76.984,-30.236
82.486,spawn,-22.974,-76.798,-30.230
82.518,spawn,-22.971,-76.607,-30.223
82.553,spawn,-22.964,-76.412,-30.214
82.587,spawn,-22.947,-76.162,-30.203
82.619,spawn,-22.929,-75.956,-30.193
82.653,spawn,-22.906,-75.747,-30.183
82.687,spawn,-22.880,-75.534,-30.172
82.719,spawn,-22.849,-75.317,-30.162
82.753,spawn,-22.816,-75.096,-30.151
82.788,spawn,-22.769,-74.817,-30.139
82.820,spawn,-22.728,-74.589,-30.129
82.854,spawn,-22.685,-74.360,-30.120
82.889,spawn,-22.639,-74.127,-30.111
82.921,spawn,-22.591,-73.893,-30.102
82.955,spawn,-22.541,-73.657,-30.094
82.989,spawn,-22.476,-73.360,-30.085
83.021,spawn,-22.422,-73.120,-30.079
83.055,spawn,-22.367,-72.880,-30.073
83.089,spawn,-22.310,-72.639,-30.067
83.121,spawn,-22.252,-72.397,-30.063
83.155,spawn,-22.193,-72.154,-30.059
83.189,spawn,-22.118,-71.850,-30.054
83.221,spawn,-22.057,-71.607,-30.051
83.255,spawn,-21.996,-71.364,-30.049
83.289,spawn,-21.933,-71.121,-30.047
83.321,spawn,-21.871,-70.878,-30.045
83.355,spawn,-21.808,-70.635,-30.043
83.389,spawn,-21.728,-70.331,-30.042
83.421,spawn,-21.664,-70.089,-30.041
83.455,spawn,-21.600,-69.847,-30.040
83.489,spawn,-21.536,-69.605,-30.039
83.521,spawn,-21.471,-69.363,-30.039
83.555,spawn,-21.407,-69.122,-30.038
83.589,spawn,-21.325,-68.821,-30.038
83.621,spawn,-21.260,-68.580,-30.038
83.655,spawn,-21.195,-68.340,-30.038
83.689,spawn,-21.130,-68.100,-30.038
83.721,spawn,-21.064,-67.861,-30.038
83.755,spawn,-20.999,-67.621,-30.038
83.789,spawn,-20.917,-67.322,-30.038
83.821,spawn,-20.852,-67.083,-30.038
83.855,spawn,-20.786,-66.844,-30.038
83.889,spawn,-20.721,-66.605,-30.038
83.921,spawn,-20.655,-66.367,-30.038
83.955,spawn,-20.590,-66.128,-30.038
83.989,spawn,-20.507,-65.830,-30.038
84.021,spawn,-20.441,-65.591,-30.038
84.055,spawn,-20.375,-65.353,-30.039
84.089,spawn,-20.309,-65.114,-30.039
84.121,spawn,-20.243,-64.876,-30.039
84.155,spawn,-20.177,-64.637,-30.039
84.189,spawn,-20.094,-64.339,-30.039
84.221,spawn,-20.027,-64.101,-30.039
84.255,spawn,-19.959,-63.863,-30.040
84.289,spawn,-19.892,-63.624,-30.040
84.321,spawn,-19.824,-63.386,-30.041
84.355,spawn,-19.756,-63.148,-30.041
84.389,spawn,-19.671,-62.850,-30.042
84.421,spawn,-19.603,-62.612,-30.042
84.455,spawn,-19.534,-62.374,-30.042
84.489,spawn,-19.464,-62.135,-30.042
84.521,spawn,-19.395,-61.897,-30.042
84.555,spawn,-19.325,-61.659,-30.042
84.589,spawn,-19.238,-61.361,-30.042
84.621,spawn,-19.168,-61.122,-30.042
84.656,spawn,-19.098,-60.884,-30.042
84.690,spawn,-19.027,-60.645,-30.042
84.722,spawn,-18.957,-60.406,-30.041
84.756,spawn,-18.886,-60.167,-30.041
84.790,spawn,-18.797,-59.868,-30.041
84.822,spawn,-18.726,-59.629,-30.041
84.856,spawn,-18.654,-59.389,-30.041
84.890,spawn,-18.582,-59.150,-30.041
84.922,spawn,-18.510,-58.910,-30.041
84.956,spawn,-18.438,-58.670,-30.041
84.990,spawn,-18.348,-58.370,-30.040
85.022,spawn,-18.275,-58.130,-30.040
85.056,spawn,-18.202,-57.890,-30.039
85.090,spawn,-18.128,-57.650,-30.039
85.122,spawn,-18.055,-57.409,-30.038
85.156,spawn,-17.981,-57.169,-30.038
85.190,spawn,-17.889,-56.869,-30.037
85.222,spawn,-17.815,-56.628,-30.036
85.257,spawn,-17.741,-56.388,-30.036
85.291,spawn,-17.666,-56.147,-30.036
85.323,spawn,-17.591,-55.906,-30.035
85.357,spawn,-17.517,-55.666,-30.035
85.391,spawn,-17.423,-55.365,-30.035
85.423,spawn,-17.348,-55.124,-30.035
85.457,spawn,-17.272,-54.883,-30.035
85.491,spawn,-17.197,-54.642,-30.034
85.523,spawn,-17.121,-54.401,-30.034
85.557,spawn,-17.045,-54.160,-30.034
85.591,spawn,-16.950,-53.858,-30.034
85.623,spawn,-16.874,-53.617,-30.034
85.657,spawn,-16.798,-53.375,-30.034
85.691,spawn,-16.722,-53.134,-30.033
85.723,spawn,-16.646,-52.892,-30.033
85.757,spawn,-16.569,-52.650,-30.033
85.791,spawn,-16.473,-52.347,-30.032
85.823,spawn,-16.396,-52.105,-30.032
85.857,spawn,-16.319,-51.862,-30.031
85.891,spawn,-16.242,-51.619,-30.030
85.923,spawn,-16.164,-51.377,-30.029
85.957,spawn,-16.086,-51.134,-30.029
85.992,spawn,-15.989,-50.830,-30.028
86.024,spawn,-15.910,-50.588,-30.027
86.058,spawn,-15.832,-50.345,-30.026
86.092,spawn,-15.753,-50.102,-30.026
86.124,spawn,-15.674,-49.859,-30.025
86.158,spawn,-15.595,-49.616,-30.025
86.192,spawn,-15.497,-49.312,-30.024
86.224,spawn,-15.418,-49.069,-30.024
86.258,spawn,-15.339,-48.826,-30.024
86.292,spawn,-15.260,-48.583,-30.023
86.324,spawn,-15.181,-48.340,-30.023
86.358,spawn,-15.102,-48.097,-30.023
86.392,spawn,-15.003,-47.793,-30.022
86.424,spawn,-14.924,-47.550,-30.022
86.458,spawn,-14.844,-47.306,-30.021
86.492,spawn,-14.764,-47.063,-30.020
86.524,spawn,-14.685,-46.820,-30.020
86.558,spawn,-14.605,-46.576,-30.019
86.592,spawn,-14.505,-46.272,-30.019
86.624,spawn,-14.426,-46.029,-30.018
86.658,spawn,-14.346,-45.786,-30.018
86.692,spawn,-14.267,-45.542,-30.017
86.724,spawn,-14.187,-45.299,-30.017
86.759,spawn,-14.108,-45.056,-30.016
86.793,spawn,-14.009,-44.752,-30.016
86.825,spawn,-13.929,-44.509,-30.015
86.859,spawn,-13.850,-44.265,-30.014
86.893,spawn,-13.770,-44.022,-30.014
86.925,spawn,-13.691,-43.779,-30.013
86.959,spawn,-13.611,-43.536,-30.012
86.993,spawn,-13.511,-43.232,-30.011
87.025,spawn,-13.432,-42.988,-30.011
87.059,spawn,-13.352,-42.745,-30.010
87.093,spawn,-13.272,-42.502,-30.009
87.125,spawn,-13.192,-42.258,-30.008
87.159,spawn,-13.112,-42.015,-30.008
87.193,spawn,-13.011,-41.710,-30.007
87.225,spawn,-12.931,-41.467,-30.007
87.259,spawn,-12.851,-41.223,-30.006
87.293,spawn,-12.770,-40.980,-30.006
87.325,spawn,-12.689,-40.736,-30.006
87.359,spawn,-12.609,-40.493,-30.006
87.393,spawn,-12.508,-40.188,-30.006
87.425,spawn,-12.427,-39.944,-30.005
87.459,spawn,-12.346,-39.700,-30.005
87.493,spawn,-12.265,-39.457,-30.005
87.525,spawn,-12.184,-39.213,-30.005
87.559,spawn,-12.103,-38.969,-30.004
87.593,spawn,-12.002,-38.664,-30.004
87.625,spawn,-11.921,-38.420,-30.004
87.659,spawn,-11.840,-38.176,-30.004
87.693,spawn,-11.759,-37.932,-30.003
87.725,spawn,-11.678,-37.688,-30.003
87.761,spawn,-11.597,-37.444,-30.003
87.795,spawn,-11.496,-37.138,-30.002
87.827,spawn,-11.414,-36.894,-30.002
87.861,spawn,-11.333,-36.649,-30.002
87.895,spawn,-11.252,-36.405,-30.001
87.927,spawn,-11.171,-36.160,-30.001
87.962,spawn,-11.090,-35.916,-30.001
87.996,spawn,-10.988,-35.610,-30.000
88.028,spawn,-10.907,-35.365,-30.000
88.062,spawn,-10.825,-35.121,-29.999
88.096,spawn,-10.744,-34.876,-29.999
88.128,spawn,-10.662,-34.631,-29.999
88.162,spawn,-10.581,-34.386,-29.999
88.196,spawn,-10.479,-34.080,-29.998
88.228,spawn,-10.397,-33.836,-29.998
88.262,spawn,-10.316,-33.591,-29.998
88.296,spawn,-10.234,-33.346,-29.997
88.328,spawn,-10.152,-33.101,-29.997
88.362,spawn,-10.070,-32.856,-29.997
88.396,spawn,-9.968,-32.550,-29.996
88.428,spawn,-9.887,-32.305,-29.996
88.463,spawn,-9.805,-32.060,-29.996
88.497,spawn,-9.724,-31.815,-29.996
88.529,spawn,-9.643,-31.570,-29.996
88.563,spawn,-9.562,-31.325,-29.996
88.597,spawn,-9.460,-31.019,-29.996
88.629,spawn,-9.379,-30.773,-29.996
88.663,spawn,-9.299,-30.528,-29.996
88.697,spawn,-9.218,-30.283,-29.997
88.729,spawn,-9.137,-30.037,-29.997
88.763,spawn,-9.056,-29.792,-29.997
88.797,spawn,-8.955,-29.485,-29.997
88.829,spawn,-8.875,-29.239,-29.997
88.863,spawn,-8.794,-28.993,-29.997
88.897,spawn,-8.713,-28.747,-29.998
88.929,spawn,-8.633,-28.501,-29.998
88.964,spawn,-8.552,-28.255,-29.998
88.998,spawn,-8.452,-27.947,-29.998
89.030,spawn,-8.371,-27.701,-29.998
89.064,spawn,-8.291,-27.455,-29.999
89.098,spawn,-8.211,-27.208,-29.999
89.130,spawn,-8.130,-26.962,-29.999
89.164,spawn,-8.050,-26.715,-29.998
89.198,spawn,-7.950,-26.407,-29.998
89.230,spawn,-7.870,-26.160,-29.998
89.264,spawn,-7.790,-25.914,-29.998
89.298,spawn,-7.710,-25.667,-29.998
89.330,spawn,-7.630,-25.421,-29.997
89.364,spawn,-7.551,-25.174,-29.997
89.398,spawn,-7.452,-24.866,-29.997
89.430,spawn,-7.372,-24.620,-29.997
89.465,spawn,-7.293,-24.373,-29.997
89.499,spawn,-7.214,-24.127,-29.997
89.531,spawn,-7.135,-23.881,-29.997
89.565,spawn,-7.056,-23.635,-29.997
89.599,spawn,-6.957,-23.327,-29.997
89.631,spawn,-6.879,-23.082,-29.997
89.665,spawn,-6.800,-22.836,-29.997
89.699,spawn,-6.722,-22.590,-29.997
89.731,spawn,-6.643,-22.344,-29.997
89.765,spawn,-6.565,-22.099,-29.996
89.799,spawn,-6.467,-21.791,-29.996
89.831,spawn,-6.389,-21.546,-29.996
89.865,spawn,-6.311,-21.300,-29.996
89.899,spawn,-6.233,-21.054,-29.996
89.931,spawn,-6.155,-20.808,-29.996
89.965,spawn,-6.077,-20.563,-29.996
89.999,spawn,-5.980,-20.255,-29.996
90.031,spawn,-5.903,-20.010,-29.996
90.065,spawn,-5.825,-19.764,-29.996
90.099,spawn,-5.748,-19.518,-29.996
90.131,spawn,-5.670,-19.272,-29.996
90.165,spawn,-5.593,-19.027,-29.996
90.199,spawn,-5.497,-18.719,-29.996
90.231,spawn,-5.419,-18.474,-29.995
90.265,spawn,-5.342,-18.228,-29.995
90.299,spawn,-5.265,-17.982,-29.995
90.331,spawn,-5.188,-17.736,-29.995
90.365,spawn,-5.111,-17.489,-29.995
90.399,spawn,-5.014,-17.182,-29.994
90.431,spawn,-4.937,-16.935,-29.994
90.465,spawn,-4.860,-16.689,-29.994
90.499,spawn,-4.784,-16.443,-29.994
90.531,spawn,-4.707,-16.196,-29.995
90.565,spawn,-4.630,-15.950,-29.995
90.599,spawn,-4.535,-15.642,-29.995
90.631,spawn,-4.459,-15.395,-29.995
90.665,spawn,-4.383,-15.149,-29.995
90.699,spawn,-4.306,-14.902,-29.995
90.731,spawn,-4.230,-14.656,-29.994
90.765,spawn,-4.155,-14.409,-29.994
90.799,spawn,-4.060,-14.100,-29.994
90.831,spawn,-3.984,-13.854,-29.994
90.865,spawn,-3.908,-13.607,-29.994
90.899,spawn,-3.832,-13.360,-29.994
90.931,spawn,-3.757,-13.114,-29.994
90.965,spawn,-3.681,-12.867,-29.994
90.999,spawn,-3.587,-12.559,-29.994
91.031,spawn,-3.511,-12.312,-29.994
91.066,spawn,-3.436,-12.065,-29.994
91.100,spawn,-3.361,-11.818,-29.994
91.132,spawn,-3.285,-11.571,-29.994
91.166,spawn,-3.210,-11.325,-29.994
91.200,spawn,-3.117,-11.016,-29.995
91.232,spawn,-3.042,-10.770,-29.995
91.266,spawn,-2.967,-10.523,-29.995
91.300,spawn,-2.892,-10.277,-29.995
91.332,spawn,-2.817,-10.030,-29.995
91.366,spawn,-2.742,-9.784,-29.995
91.400,spawn,-2.649,-9.476,-29.995
91.432,spawn,-2.574,-9.229,-29.995
91.466,spawn,-2.499,-8.983,-29.995
91.500,spawn,-2.424,-8.737,-29.995
91.532,spawn,-2.350,-8.491,-29.995
91.567,spawn,-2.275,-8.245,-29.994
91.601,spawn,-2.182,-7.938,-29.994
91.633,spawn,-2.108,-7.692,-29.994
91.668,spawn,-2.034,-7.446,-29.993
91.702,spawn,-1.960,-7.200,-29.993
91.734,spawn,-1.886,-6.955,-29.992
91.768,spawn,-1.812,-6.709,-29.992
91.802,spawn,-1.720,-6.402,-29.991
91.834,spawn,-1.647,-6.158,-29.991
91.868,spawn,-1.575,-5.913,-29.991
91.902,spawn,-1.503,-5.670,-29.992
91.934,spawn,-1.431,-5.429,-29.993
91.968,spawn,-1.360,-5.189,-29.994
92.003,spawn,-1.273,-4.893,-29.997
92.035,spawn,-1.203,-4.659,-29.999
92.071,spawn,-1.135,-4.428,-30.002
92.105,spawn,-1.068,-4.200,-30.005
92.137,spawn,-1.003,-3.976,-30.008
92.171,spawn,-0.938,-3.755,-30.012
92.205,spawn,-0.860,-3.486,-30.017
92.237,spawn,-0.799,-3.276,-30.021
92.271,spawn,-0.740,-3.071,-30.025
92.305,spawn,-0.683,-2.871,-30.028
92.337,waypoint_1,-0.627,-2.676,-30.032
92.371,waypoint_1,-0.573,-2.488,-30.037
92.405,waypoint_1,-0.509,-2.263,-30.049
92.437,waypoint_1,-0.461,-2.091,-30.060
92.472,waypoint_1,-0.415,-1.927,-30.073
92.505,waypoint_1,-0.371,-1.771,-30.086
92.537,waypoint_1,-0.330,-1.623,-30.100
92.571,waypoint_1,-0.291,-1.483,-30.113
92.605,waypoint_1,-0.246,-1.318,-30.127
92.637,waypoint_1,-0.213,-1.196,-30.138
92.671,waypoint_1,-0.183,-1.082,-30.147
92.705,waypoint_1,-0.155,-0.976,-30.155
92.737,waypoint_1,-0.131,-0.878,-30.161
92.787,waypoint_1,-0.104,-0.769,-30.168
92.839,waypoint_1,-0.085,-0.692,-30.172
92.873,waypoint_1,-0.070,-0.624,-30.175
92.907,waypoint_1,-0.058,-0.565,-30.177
92.939,waypoint_1,-0.048,-0.516,-30.178
92.973,waypoint_1,-0.042,-0.477,-30.179
93.010,waypoint_1,-0.039,-0.440,-30.179
93.042,waypoint_1,-0.039,-0.422,-30.179
93.076,waypoint_1,-0.043,-0.413,-30.178
93.110,waypoint_1,-0.050,-0.414,-30.178
93.142,waypoint_1,-0.060,-0.424,-30.177
93.176,waypoint_1,-0.074,-0.444,-30.175
93.210,waypoint_1,-0.095,-0.483,-30.174
93.242,waypoint_1,-0.115,-0.525,-30.173
93.276,waypoint_1,-0.138,-0.576,-30.171
93.310,waypoint_1,-0.164,-0.636,-30.170
93.342,waypoint_1,-0.193,-0.705,-30.169
93.376,waypoint_1,-0.224,-0.784,-30.168
93.410,waypoint_1,-0.267,-0.894,-30.165
93.442,waypoint_1,-0.305,-0.991,-30.163
93.476,waypoint_1,-0.345,-1.097,-30.159
93.510,waypoint_1,-0.388,-1.211,-30.155
93.542,waypoint_1,-0.433,-1.331,-30.150
93.576,waypoint_1,-0.480,-1.459,-30.144
93.610,waypoint_1,-0.542,-1.628,-30.136
93.642,waypoint_1,-0.594,-1.771,-30.128
93.676,waypoint_1,-0.648,-1.920,-30.120
93.710,waypoint_1,-0.703,-2.074,-30.112
93.742,waypoint_1,-0.761,-2.235,-30.103
93.776,waypoint_1,-0.819,-2.401,-30.095
93.810,waypoint_1,-0.895,-2.616,-30.084
93.842,waypoint_1,-0.956,-2.793,-30.076
93.876,waypoint_1,-1.019,-2.974,-30.068
93.910,waypoint_1,-1.083,-3.160,-30.060
93.942,waypoint_1,-1.148,-3.349,-30.053
93.976,waypoint_1,-1.214,-3.541,-30.047
94.010,waypoint_1,-1.297,-3.787,-30.040
94.042,waypoint_1,-1.364,-3.986,-30.035
94.076,waypoint_1,-1.432,-4.188,-30.030
94.110,waypoint_1,-1.500,-4.393,-30.026
94.142,waypoint_1,-1.568,-4.599,-30.023
94.177,waypoint_1,-1.637,-4.807,-30.021
94.211,waypoint_1,-1.723,-5.068,-30.019
94.242,waypoint_1,-1.792,-5.280,-30.019
94.276,waypoint_1,-1.861,-5.492,-30.018
94.310,waypoint_1,-1.930,-5.705,-30.019
94.343,waypoint_1,-1.999,-5.919,-30.020
94.376,waypoint_1,-2.068,-6.134,-30.021
94.410,waypoint_1,-2.154,-6.403,-30.023
94.442,waypoint_1,-2.223,-6.618,-30.025
94.476,waypoint_1,-2.291,-6.835,-30.027
94.511,waypoint_1,-2.359,-7.051,-30.029
94.542,waypoint_1,-2.427,-7.268,-30.032
94.576,waypoint_1,-2.495,-7.485,-30.034
94.610,waypoint_1,-2.580,-7.757,-30.038
94.642,waypoint_1,-2.648,-7.975,-30.040
94.677,waypoint_1,-2.715,-8.193,-30.043
94.710,waypoint_1,-2.783,-8.411,-30.046
94.742,waypoint_1,-2.850,-8.629,-30.048
94.776,waypoint_1,-2.917,-8.847,-30.051
94.810,waypoint_1,-3.001,-9.120,-30.054
94.843,waypoint_1,-3.068,-9.339,-30.057
94.876,waypoint_1,-3.135,-9.558,-30.059
94.910,waypoint_1,-3.202,-9.777,-30.061
94.942,waypoint_1,-3.269,-9.997,-30.063
94.976,waypoint_1,-3.336,-10.216,-30.065
95.011,waypoint_1,-3.419,-10.490,-30.068
95.042,waypoint_1,-3.486,-10.710,-30.069
95.076,waypoint_1,-3.552,-10.930,-30.071
95.110,waypoint_1,-3.619,-11.151,-30.073
95.142,waypoint_1,-3.686,-11.371,-30.074
95.177,waypoint_1,-3.753,-11.592,-30.075
95.210,waypoint_1,-3.836,-11.869,-30.077
95.242,waypoint_1,-3.903,-12.090,-30.077
95.276,waypoint_1,-3.970,-12.312,-30.078
95.310,waypoint_1,-4.037,-12.534,-30.079
95.343,waypoint_1,-4.104,-12.756,-30.080
95.376,waypoint_1,-4.171,-12.979,-30.080
95.410,waypoint_1,-4.255,-13.258,-30.080
95.442,waypoint_1,-4.322,-13.481,-30.080
95.476,waypoint_1,-4.389,-13.705,-30.080
95.510,waypoint_1,-4.456,-13.929,-30.079
95.542,waypoint_1,-4.523,-14.154,-30.079
95.576,waypoint_1,-4.590,-14.379,-30.079
95.610,waypoint_1,-4.673,-14.661,-30.078
95.642,waypoint_1,-4.740,-14.887,-30.077
95.677,waypoint_1,-4.807,-15.114,-30.076
95.710,waypoint_1,-4.874,-15.341,-30.075
95.742,waypoint_1,-4.940,-15.569,-30.074
95.776,waypoint_1,-5.007,-15.797,-30.072
95.811,waypoint_1,-5.090,-16.084,-30.070
95.842,waypoint_1,-5.157,-16.313,-30.068
95.876,waypoint_1,-5.223,-16.543,-30.066
95.910,waypoint_1,-5.290,-16.773,-30.065
95.942,waypoint_1,-5.356,-17.004,-30.063
95.976,waypoint_1,-5.423,-17.236,-30.061
96.011,waypoint_1,-5.506,-17.525,-30.058
96.042,waypoint_1,-5.572,-17.757,-30.056
96.076,waypoint_1,-5.639,-17.990,-30.054
96.110,waypoint_1,-5.705,-18.223,-30.052
96.142,waypoint_1,-5.772,-18.456,-30.050
96.176,waypoint_1,-5.839,-18.690,-30.048
96.210,waypoint_1,-5.922,-18.983,-30.046
96.242,waypoint_1,-5.990,-19.218,-30.044
96.276,waypoint_1,-6.057,-19.453,-30.042
96.310,waypoint_1,-6.124,-19.688,-30.040
96.342,waypoint_1,-6.192,-19.924,-30.039
96.376,waypoint_1,-6.259,-20.160,-30.037
96.410,waypoint_1,-6.344,-20.456,-30.035
96.442,waypoint_1,-6.412,-20.693,-30.033
96.476,waypoint_1,-6.480,-20.930,-30.031
96.510,waypoint_1,-6.548,-21.168,-30.029
96.542,waypoint_1,-6.616,-21.406,-30.027
96.576,waypoint_1,-6.684,-21.644,-30.026
96.610,waypoint_1,-6.769,-21.942,-30.023
96.642,waypoint_1,-6.837,-22.181,-30.021
96.676,waypoint_1,-6.906,-22.420,-30.020
96.710,waypoint_1,-6.974,-22.659,-30.018
96.742,waypoint_1,-7.043,-22.898,-30.016
96.776,waypoint_1,-7.112,-23.137,-30.015
96.810,waypoint_1,-7.198,-23.436,-30.013
96.842,waypoint_1,-7.267,-23.675,-30.011
96.876,waypoint_1,-7.335,-23.915,-30.010
96.910,waypoint_1,-7.404,-24.155,-30.008
96.942,waypoint_1,-7.473,-24.394,-30.007
96.976,waypoint_1,-7.541,-24.634,-30.006
97.011,waypoint_1,-7.627,-24.934,-30.004
97.042,waypoint_1,-7.696,-25.175,-30.003
97.076,waypoint_1,-7.764,-25.415,-30.001
97.110,waypoint_1,-7.833,-25.656,-30.000
97.142,waypoint_1,-7.901,-25.897,-29.999
97.176,waypoint_1,-7.969,-26.138,-29.998
97.210,waypoint_1,-8.055,-26.441,-29.997
97.242,waypoint_1,-8.123,-26.682,-29.996
97.276,waypoint_1,-8.192,-26.925,-29.995
97.310,waypoint_1,-8.261,-27.167,-29.994
97.342,waypoint_1,-8.330,-27.410,-29.993
97.376,waypoint_1,-8.399,-27.653,-29.992
97.410,waypoint_1,-8.486,-27.956,-29.991
97.442,waypoint_1,-8.555,-28.200,-29.990
97.476,waypoint_1,-8.625,-28.444,-29.988
97.510,waypoint_1,-8.695,-28.688,-29.987
97.542,waypoint_1,-8.765,-28.931,-29.986
97.576,waypoint_1,-8.835,-29.175,-29.985
97.610,waypoint_1,-8.923,-29.481,-29.984
97.642,waypoint_1,-8.994,-29.725,-29.983
97.676,waypoint_1,-9.064,-29.970,-29.982
97.711,waypoint_1,-9.135,-30.214,-29.981
97.742,waypoint_1,-9.207,-30.459,-29.980
97.776,waypoint_1,-9.278,-30.705,-29.980
97.810,waypoint_1,-9.367,-31.011,-29.979
97.842,waypoint_1,-9.439,-31.256,-29.978
97.877,waypoint_1,-9.510,-31.502,-29.977
97.911,waypoint_1,-9.582,-31.747,-29.977
97.942,waypoint_1,-9.654,-31.993,-29.976
97.976,waypoint_1,-9.726,-32.239,-29.976
98.011,waypoint_1,-9.816,-32.547,-29.975
98.042,waypoint_1,-9.888,-32.793,-29.975
98.076,waypoint_1,-9.960,-33.040,-29.975
98.110,waypoint_1,-10.032,-33.286,-29.975
98.142,waypoint_1,-10.104,-33.533,-29.974
98.176,waypoint_1,-10.176,-33.780,-29.974
98.211,waypoint_1,-10.266,-34.090,-29.974
98.242,waypoint_1,-10.339,-34.337,-29.974
98.276,waypoint_1,-10.411,-34.585,-29.973
98.310,waypoint_1,-10.483,-34.833,-29.973
98.342,waypoint_1,-10.555,-35.081,-29.973
98.377,waypoint_1,-10.627,-35.329,-29.972
98.410,waypoint_1,-10.718,-35.639,-29.972
98.442,waypoint_1,-10.790,-35.887,-29.972
98.476,waypoint_1,-10.862,-36.136,-29.971
98.510,waypoint_1,-10.935,-36.384,-29.971
98.542,waypoint_1,-11.007,-36.633,-29.971
98.576,waypoint_1,-11.079,-36.881,-29.971
98.610,waypoint_1,-11.169,-37.192,-29.970
98.642,waypoint_1,-11.241,-37.441,-29.970
98.676,waypoint_1,-11.313,-37.689,-29.970
98.710,waypoint_1,-11.385,-37.938,-29.970
98.742,waypoint_1,-11.457,-38.187,-29.970
98.776,waypoint_1,-11.529,-38.436,-29.971
98.810,waypoint_1,-11.619,-38.747,-29.971
98.842,waypoint_1,-11.691,-38.995,-29.971
98.876,waypoint_1,-11.763,-39.244,-29.971
98.910,waypoint_1,-11.835,-39.493,-29.972
98.942,waypoint_1,-11.907,-39.742,-29.972
98.976,waypoint_1,-11.979,-39.991,-29.972
99.010,waypoint_1,-12.069,-40.303,-29.973
99.042,waypoint_1,-12.142,-40.552,-29.973
99.076,waypoint_1,-12.214,-40.801,-29.974
99.108,waypoint_1,-12.287,-41.050,-29.974
99.142,waypoint_1,-12.360,-41.300,-29.974
99.176,waypoint_1,-12.433,-41.549,-29.975
99.208,waypoint_1,-12.506,-41.798,-29.975
99.242,waypoint_1,-12.597,-42.110,-29.976
99.276,waypoint_1,-12.670,-42.359,-29.976
99.308,waypoint_1,-12.744,-42.608,-29.976
99.342,waypoint_1,-12.817,-42.857,-29.976
99.376,waypoint_1,-12.891,-43.107,-29.977
99.408,waypoint_1,-12.964,-43.356,-29.977
99.442,waypoint_1,-13.056,-43.668,-29.977
99.476,waypoint_1,-13.130,-43.917,-29.977
99.508,waypoint_1,-13.204,-44.166,-29.978
99.542,waypoint_1,-13.277,-44.416,-29.978
99.576,waypoint_1,-13.351,-44.665,-29.978
99.608,waypoint_1,-13.424,-44.915,-29.978
99.642,waypoint_1,-13.516,-45.227,-29.979
99.676,waypoint_1,-13.590,-45.476,-29.979
99.708,waypoint_1,-13.663,-45.726,-29.979
99.742,waypoint_1,-13.737,-45.975,-29.980
99.776,waypoint_1,-13.810,-46.224,-29.980
99.808,waypoint_1,-13.883,-46.474,-29.980
99.842,waypoint_1,-13.975,-46.786,-29.981
99.876,waypoint_1,-14.048,-47.036,-29.981
99.908,waypoint_1,-14.121,-47.285,-29.981
99.942,waypoint_1,-14.194,-47.535,-29.981
99.976,waypoint_1,-14.267,-47.785,-29.982
100.008,waypoint_1,-14.339,-48.034,-29.982
100.042,waypoint_1,-14.430,-48.347,-29.982
100.076,waypoint_1,-14.502,-48.597,-29.983
100.108,waypoint_1,-14.574,-48.847,-29.983
100.142,waypoint_1,-14.646,-49.097,-29.983
100.176,waypoint_1,-14.718,-49.347,-29.984
100.208,waypoint_1,-14.790,-49.597,-29.984
100.242,waypoint_1,-14.880,-49.909,-29.984
100.276,waypoint_1,-14.953,-50.159,-29.985
100.308,waypoint_1,-15.025,-50.409,-29.985
100.342,waypoint_1,-15.097,-50.659,-29.985
100.376,waypoint_1,-15.170,-50.909,-29.984
100.408,waypoint_1,-15.242,-51.159,-29.984
100.442,waypoint_1,-15.333,-51.471,-29.984
100.476,waypoint_1,-15.405,-51.721,-29.984
100.508,waypoint_1,-15.478,-51.971,-29.983
100.542,waypoint_1,-15.551,-52.221,-29.983
100.576,waypoint_1,-15.623,-52.471,-29.983
100.608,waypoint_1,-15.696,-52.721,-29.982
100.642,waypoint_1,-15.787,-53.033,-29.981
100.677,waypoint_1,-15.860,-53.283,-29.980
100.709,waypoint_1,-15.933,-53.533,-29.980
100.743,waypoint_1,-16.005,-53.782,-29.979
100.777,waypoint_1,-16.078,-54.032,-29.978
100.809,waypoint_1,-16.152,-54.281,-29.977
100.843,waypoint_1,-16.243,-54.594,-29.977
100.877,waypoint_1,-16.316,-54.843,-29.976
100.909,waypoint_1,-16.389,-55.093,-29.976
100.943,waypoint_1,-16.462,-55.343,-29.975
100.977,waypoint_1,-16.536,-55.593,-29.975
101.009,waypoint_1,-16.609,-55.843,-29.975
101.043,waypoint_1,-16.700,-56.155,-29.975
101.077,waypoint_1,-16.773,-56.405,-29.975
101.110,waypoint_1,-16.845,-56.655,-29.975
101.145,waypoint_1,-16.918,-56.905,-29.975
101.179,waypoint_1,-16.991,-57.155,-29.975
101.210,waypoint_1,-17.063,-57.405,-29.975
101.245,waypoint_1,-17.154,-57.718,-29.976
101.279,waypoint_1,-17.226,-57.967,-29.976
101.310,waypoint_1,-17.298,-58.217,-29.977
101.345,waypoint_1,-17.371,-58.467,-29.977
101.379,waypoint_1,-17.443,-58.717,-29.978
101.410,waypoint_1,-17.516,-58.967,-29.979
101.445,waypoint_1,-17.606,-59.280,-29.980
101.479,waypoint_1,-17.679,-59.529,-29.980
101.511,waypoint_1,-17.751,-59.779,-29.981
101.545,waypoint_1,-17.824,-60.029,-29.983
101.579,waypoint_1,-17.896,-60.278,-29.984
101.611,waypoint_1,-17.969,-60.528,-29.985
101.645,waypoint_1,-18.060,-60.840,-29.986
101.680,waypoint_1,-18.132,-61.090,-29.987
101.712,waypoint_1,-18.205,-61.340,-29.988
101.746,waypoint_1,-18.278,-61.589,-29.989
101.780,waypoint_1,-18.351,-61.839,-29.990
101.812,waypoint_1,-18.424,-62.089,-29.991
101.846,waypoint_1,-18.516,-62.401,-29.992
101.880,waypoint_1,-18.589,-62.650,-29.992
101.912,waypoint_1,-18.663,-62.900,-29.993
101.946,waypoint_1,-18.737,-63.150,-29.994
101.980,waypoint_1,-18.811,-63.400,-29.995
102.012,waypoint_1,-18.885,-63.650,-29.995
102.046,waypoint_1,-18.977,-63.962,-29.996
102.086,waypoint_1,-19.052,-64.212,-29.997
102.124,waypoint_1,-19.126,-64.462,-29.997
102.158,waypoint_1,-19.200,-64.712,-29.998
102.190,waypoint_1,-19.275,-64.962,-29.998
102.224,waypoint_1,-19.349,-65.213,-29.998
102.258,waypoint_1,-19.442,-65.525,-29.999
102.290,waypoint_1,-19.517,-65.776,-29.999
102.324,waypoint_1,-19.591,-66.026,-29.999
102.358,waypoint_1,-19.666,-66.276,-30.000
102.390,waypoint_1,-19.740,-66.527,-30.000
102.424,waypoint_1,-19.815,-66.777,-30.000
102.458,waypoint_1,-19.908,-67.090,-30.001
102.490,waypoint_1,-19.982,-67.340,-30.001
102.524,waypoint_1,-20.056,-67.590,-30.001
102.558,waypoint_1,-20.131,-67.840,-30.002
102.590,waypoint_1,-20.205,-68.089,-30.002
102.624,waypoint_1,-20.279,-68.339,-30.002
102.658,waypoint_1,-20.372,-68.651,-30.002
102.690,waypoint_1,-20.445,-68.900,-30.002
102.724,waypoint_1,-20.519,-69.150,-30.002
102.758,waypoint_1,-20.593,-69.399,-30.002
102.790,waypoint_1,-20.667,-69.648,-30.002
102.824,waypoint_1,-20.740,-69.897,-30.002
102.858,waypoint_1,-20.832,-70.208,-30.002
102.890,waypoint_1,-20.906,-70.457,-30.002
102.924,waypoint_1,-20.979,-70.706,-30.002
102.958,waypoint_1,-21.053,-70.954,-30.002
102.990,waypoint_1,-21.126,-71.202,-30.001
103.024,waypoint_1,-21.200,-71.450,-30.001
103.058,waypoint_1,-21.291,-71.759,-30.002
103.090,waypoint_1,-21.364,-72.005,-30.002
103.124,waypoint_1,-21.437,-72.250,-30.003
103.158,waypoint_1,-21.508,-72.493,-30.004
103.190,waypoint_1,-21.580,-72.734,-30.006
103.224,waypoint_1,-21.651,-72.972,-30.008
103.258,waypoint_1,-21.738,-73.267,-30.012
103.290,waypoint_1,-21.807,-73.499,-30.015
103.324,waypoint_1,-21.874,-73.727,-30.018
103.358,waypoint_1,-21.941,-73.952,-30.022
103.390,waypoint_1,-22.006,-74.172,-30.026
103.424,waypoint_1,-22.070,-74.387,-30.030
103.458,waypoint_1,-22.148,-74.650,-30.036
103.490,waypoint_1,-22.208,-74.855,-30.040
103.524,waypoint_1,-22.267,-75.054,-30.044
103.558,waypoint_2,-22.325,-75.247,-30.048
103.590,waypoint_2,-22.380,-75.435,-30.053
103.624,waypoint_2,-22.434,-75.616,-30.060
103.658,waypoint_2,-22.498,-75.833,-30.069
103.690,waypoint_2,-22.545,-76.000,-30.080
103.724,waypoint_2,-22.589,-76.162,-30.092
103.758,waypoint_2,-22.628,-76.319,-30.107
103.790,waypoint_2,-22.662,-76.473,-30.122
103.824,waypoint_2,-22.690,-76.626,-30.138
103.858,waypoint_2,-22.717,-76.815,-30.157
103.891,waypoint_2,-22.731,-76.966,-30.171
103.925,waypoint_2,-22.738,-77.117,-30.185
103.959,waypoint_2,-22.739,-77.269,-30.196
103.991,waypoint_2,-22.732,-77.423,-30.206
104.025,waypoint_2,-22.719,-77.578,-30.213
104.059,waypoint_2,-22.691,-77.774,-30.220
104.091,waypoint_2,-22.662,-77.933,-30.223
104.125,waypoint_2,-22.626,-78.094,-30.224
104.159,waypoint_2,-22.582,-78.258,-30.222
104.191,waypoint_2,-22.531,-78.424,-30.219
104.225,waypoint_2,-22.473,-78.592,-30.215
104.259,waypoint_2,-22.391,-78.806,-30.207
104.291,waypoint_2,-22.317,-78.980,-30.199
104.325,waypoint_2,-22.237,-79.156,-30.191
104.359,waypoint_2,-22.151,-79.335,-30.181
104.392,waypoint_2,-22.059,-79.516,-30.171
104.426,waypoint_2,-21.961,-79.700,-30.161
104.460,waypoint_2,-21.830,-79.933,-30.147
104.492,waypoint_2,-21.720,-80.121,-30.136
104.526,waypoint_2,-21.605,-80.311,-30.125
104.560,waypoint_2,-21.486,-80.504,-30.115
104.592,waypoint_2,-21.363,-80.698,-30.104
104.626,waypoint_2,-21.236,-80.893,-30.094
104.660,waypoint_2,-21.072,-81.140,-30.083
104.692,waypoint_2,-20.939,-81.338,-30.074
104.726,waypoint_2,-20.802,-81.537,-30.065
104.760,waypoint_2,-20.664,-81.737,-30.058
104.792,waypoint_2,-20.523,-81.938,-30.050
104.826,waypoint_2,-20.380,-82.140,-30.044
104.860,waypoint_2,-20.200,-82.393,-30.036
104.892,waypoint_2,-20.054,-82.595,-30.031
104.926,waypoint_2,-19.908,-82.798,-30.025
104.960,waypoint_2,-19.761,-83.002,-30.021
104.992,waypoint_2,-19.613,-83.205,-30.017
105.026,waypoint_2,-19.464,-83.409,-30.013
105.060,waypoint_2,-19.278,-83.664,-30.009
105.092,waypoint_2,-19.129,-83.868,-30.006
105.126,waypoint_2,-18.979,-84.071,-30.004
105.160,waypoint_2,-18.829,-84.275,-30.002
105.192,waypoint_2,-18.679,-84.479,-30.000
105.226,waypoint_2,-18.529,-84.683,-29.998
105.260,waypoint_2,-18.342,-84.937,-29.997
105.292,waypoint_2,-18.192,-85.140,-29.996
105.326,waypoint_2,-18.042,-85.343,-29.995
105.360,waypoint_2,-17.892,-85.546,-29.994
105.392,waypoint_2,-17.742,-85.748,-29.993
105.426,waypoint_2,-17.592,-85.951,-29.992
105.460,waypoint_2,-17.405,-86.204,-29.992
105.492,waypoint_2,-17.256,-86.406,-29.991
105.526,waypoint_2,-17.106,-86.607,-29.991
105.560,waypoint_2,-16.957,-86.809,-29.990
105.592,waypoint_2,-16.807,-87.010,-29.990
105.626,waypoint_2,-16.658,-87.212,-29.990
105.660,waypoint_2,-16.472,-87.464,-29.990
105.692,waypoint_2,-16.322,-87.665,-29.990
105.726,waypoint_2,-16.173,-87.866,-29.990
105.760,waypoint_2,-16.024,-88.066,-29.989
105.792,waypoint_2,-15.875,-88.267,-29.989
105.826,waypoint_2,-15.726,-88.467,-29.989
105.860,waypoint_2,-15.540,-88.718,-29.989
105.892,waypoint_2,-15.391,-88.918,-29.989
105.927,waypoint_2,-15.241,-89.118,-29.989
105.961,waypoint_2,-15.092,-89.317,-29.989
105.993,waypoint_2,-14.942,-89.517,-29.989
106.027,waypoint_2,-14.792,-89.716,-29.989
106.061,waypoint_2,-14.605,-89.965,-29.989
106.095,waypoint_2,-14.455,-90.164,-29.989
106.130,waypoint_2,-14.305,-90.363,-29.989
106.164,waypoint_2,-14.154,-90.562,-29.989
106.196,waypoint_2,-14.004,-90.760,-29.989
106.230,waypoint_2,-13.853,-90.959,-29.989
106.264,waypoint_2,-13.665,-91.207,-29.988
106.296,waypoint_2,-13.514,-91.406,-29.988
106.330,waypoint_2,-13.363,-91.604,-29.988
106.364,waypoint_2,-13.212,-91.803,-29.988
106.396,waypoint_2,-13.061,-92.001,-29.988
106.430,waypoint_2,-12.909,-92.200,-29.988
106.464,waypoint_2,-12.720,-92.448,-29.988
106.496,waypoint_2,-12.568,-92.647,-29.988
106.530,waypoint_2,-12.415,-92.846,-29.988
106.564,waypoint_2,-12.263,-93.045,-29.988
106.596,waypoint_2,-12.111,-93.244,-29.988
106.630,waypoint_2,-11.958,-93.443,-29.988
106.664,waypoint_2,-11.767,-93.692,-29.988
106.696,waypoint_2,-11.614,-93.891,-29.988
106.730,waypoint_2,-11.461,-94.091,-29.987
106.764,waypoint_2,-11.307,-94.290,-29.987
106.796,waypoint_2,-11.153,-94.489,-29.987
106.830,waypoint_2,-10.999,-94.689,-29.987
106.864,waypoint_2,-10.806,-94.938,-29.987
106.896,waypoint_2,-10.652,-95.137,-29.986
106.930,waypoint_2,-10.497,-95.337,-29.986
106.964,waypoint_2,-10.342,-95.536,-29.985
106.996,waypoint_2,-10.186,-95.735,-29.985
107.030,waypoint_2,-10.031,-95.934,-29.984
107.064,waypoint_2,-9.836,-96.183,-29.984
107.096,waypoint_2,-9.680,-96.383,-29.983
107.130,waypoint_2,-9.523,-96.582,-29.983
107.164,waypoint_2,-9.367,-96.781,-29.982
107.196,waypoint_2,-9.210,-96.981,-29.982
107.230,waypoint_2,-9.054,-97.180,-29.981
107.264,waypoint_2,-8.858,-97.429,-29.980
107.296,waypoint_2,-8.701,-97.629,-29.979
107.330,waypoint_2,-8.544,-97.828,-29.979
107.364,waypoint_2,-8.386,-98.027,-29.978
107.396,waypoint_2,-8.229,-98.226,-29.978
107.430,waypoint_2,-8.071,-98.425,-29.977
107.464,waypoint_2,-7.874,-98.674,-29.977
107.497,waypoint_2,-7.716,-98.874,-29.976
107.531,waypoint_2,-7.558,-99.073,-29.976
107.565,waypoint_2,-7.399,-99.272,-29.975
107.597,waypoint_2,-7.240,-99.471,-29.975
107.631,waypoint_2,-7.081,-99.670,-29.974
107.665,waypoint_2,-6.883,-99.919,-29.974
107.697,waypoint_2,-6.723,-100.118,-29.973
107.731,waypoint_2,-6.564,-100.317,-29.972
107.766,waypoint_2,-6.405,-100.517,-29.971
107.798,waypoint_2,-6.245,-100.716,-29.971
107.832,waypoint_2,-6.085,-100.916,-29.970
107.866,waypoint_2,-5.886,-101.165,-29.969
107.898,waypoint_2,-5.727,-101.365,-29.968
107.932,waypoint_2,-5.567,-101.565,-29.968
107.966,waypoint_2,-5.407,-101.765,-29.967
107.998,waypoint_2,-5.248,-101.965,-29.966
108.032,waypoint_2,-5.088,-102.165,-29.966
108.066,waypoint_2,-4.888,-102.415,-29.965
108.098,waypoint_2,-4.728,-102.615,-29.964
108.132,waypoint_2,-4.568,-102.815,-29.963
108.166,waypoint_2,-4.408,-103.016,-29.963
108.198,waypoint_2,-4.248,-103.216,-29.962
108.232,waypoint_2,-4.087,-103.416,-29.961
108.266,waypoint_2,-3.887,-103.667,-29.960
108.298,waypoint_2,-3.726,-103.867,-29.960
108.332,waypoint_2,-3.565,-104.068,-29.959
108.366,waypoint_2,-3.404,-104.268,-29.958
108.398,waypoint_2,-3.243,-104.469,-29.957
108.432,waypoint_2,-3.082,-104.669,-29.957
108.466,waypoint_2,-2.881,-104.920,-29.956
108.498,waypoint_2,-2.720,-105.121,-29.955
108.532,waypoint_2,-2.558,-105.321,-29.955
108.566,waypoint_2,-2.397,-105.522,-29.954
108.598,waypoint_2,-2.235,-105.723,-29.953
108.632,waypoint_2,-2.074,-105.923,-29.953
108.666,waypoint_2,-1.872,-106.174,-29.952
108.698,waypoint_2,-1.710,-106.375,-29.951
108.732,waypoint_2,-1.549,-106.576,-29.951
108.766,waypoint_2,-1.387,-106.776,-29.950
108.798,waypoint_2,-1.226,-106.977,-29.949
108.832,waypoint_2,-1.064,-107.178,-29.948
108.866,waypoint_2,-0.862,-107.430,-29.948
108.898,waypoint_2,-0.701,-107.631,-29.947
108.932,waypoint_2,-0.539,-107.832,-29.947
108.966,waypoint_2,-0.378,-108.033,-29.946
108.998,waypoint_2,-0.217,-108.235,-29.946
109.032,waypoint_2,-0.055,-108.436,-29.946
109.066,waypoint_2,0.146,-108.688,-29.945
109.098,waypoint_2,0.307,-108.890,-29.945
109.132,waypoint_2,0.468,-109.091,-29.944
109.166,waypoint_2,0.629,-109.293,-29.944
109.199,waypoint_2,0.790,-109.495,-29.944
109.233,waypoint_2,0.951,-109.696,-29.943
109.267,waypoint_2,1.153,-109.948,-29.943
109.299,waypoint_2,1.314,-110.150,-29.942
109.333,waypoint_2,1.475,-110.351,-29.942
109.368,waypoint_2,1.636,-110.553,-29.942
109.399,waypoint_2,1.797,-110.754,-29.942
109.433,waypoint_2,1.958,-110.955,-29.942
109.467,waypoint_2,2.159,-111.207,-29.942
109.499,waypoint_2,2.320,-111.408,-29.941
109.533,waypoint_2,2.481,-111.610,-29.941
109.567,waypoint_2,2.642,-111.811,-29.941
109.599,waypoint_2,2.803,-112.013,-29.940
109.633,waypoint_2,2.963,-112.215,-29.940
109.667,waypoint_2,3.164,-112.467,-29.940
109.699,waypoint_2,3.325,-112.669,-29.939
109.733,waypoint_2,3.485,-112.870,-29.939
109.767,waypoint_2,3.646,-113.073,-29.939
109.801,waypoint_2,3.806,-113.275,-29.939
109.835,waypoint_2,3.966,-113.477,-29.939
109.869,waypoint_2,4.167,-113.730,-29.939
109.901,waypoint_2,4.327,-113.933,-29.939
109.935,waypoint_2,4.488,-114.135,-29.939
109.969,waypoint_2,4.648,-114.338,-29.940
110.001,waypoint_2,4.808,-114.541,-29.940
110.035,waypoint_2,4.968,-114.745,-29.941
110.069,waypoint_2,5.168,-114.999,-29.941
110.101,waypoint_2,5.328,-115.202,-29.942
110.135,waypoint_2,5.488,-115.406,-29.943
110.169,waypoint_2,5.648,-115.610,-29.944
110.201,waypoint_2,5.808,-115.813,-29.945
110.235,waypoint_2,5.968,-116.017,-29.946
110.269,waypoint_2,6.167,-116.271,-29.947
110.301,waypoint_2,6.327,-116.475,-29.948
110.335,waypoint_2,6.487,-116.679,-29.949
110.369,waypoint_2,6.647,-116.883,-29.950
110.401,waypoint_2,6.807,-117.086,-29.951
110.435,waypoint_2,6.967,-117.290,-29.951
110.470,waypoint_2,7.166,-117.545,-29.952
110.502,waypoint_2,7.326,-117.749,-29.953
110.536,waypoint_2,7.485,-117.953,-29.954
110.570,waypoint_2,7.645,-118.158,-29.954
110.602,waypoint_2,7.804,-118.362,-29.954
110.636,waypoint_2,7.964,-118.566,-29.955
110.670,waypoint_2,8.163,-118.821,-29.955
110.702,waypoint_2,8.323,-119.025,-29.955
110.736,waypoint_2,8.482,-119.229,-29.955
110.770,waypoint_2,8.642,-119.433,-29.955
110.802,waypoint_2,8.802,-119.637,-29.955
110.836,waypoint_2,8.961,-119.841,-29.955
110.870,waypoint_2,9.160,-120.096,-29.956
110.902,waypoint_2,9.320,-120.300,-29.956
110.936,waypoint_2,9.479,-120.504,-29.956
110.970,waypoint_2,9.638,-120.709,-29.956
111.002,waypoint_2,9.797,-120.913,-29.957
111.036,waypoint_2,9.955,-121.117,-29.957
111.070,waypoint_2,10.153,-121.373,-29.957
111.102,waypoint_2,10.311,-121.578,-29.957
111.136,waypoint_2,10.469,-121.783,-29.958
111.170,waypoint_2,10.627,-121.987,-29.958
111.202,waypoint_2,10.785,-122.192,-29.958
111.236,waypoint_2,10.942,-122.397,-29.957
111.270,waypoint_2,11.138,-122.654,-29.957
111.302,waypoint_2,11.295,-122.858,-29.957
111.336,waypoint_2,11.451,-123.063,-29.957
111.370,waypoint_2,11.606,-123.266,-29.957
111.402,waypoint_2,11.761,-123.469,-29.958
111.436,waypoint_2,11.915,-123.671,-29.959
111.470,waypoint_2,12.105,-123.921,-29.960
111.502,waypoint_2,12.255,-124.118,-29.962
111.536,waypoint_2,12.404,-124.314,-29.964
111.570,waypoint_2,12.551,-124.507,-29.966
111.602,waypoint_2,12.695,-124.697,-29.969
111.636,waypoint_2,12.836,-124.884,-29.972
111.670,waypoint_2,13.009,-125.113,-29.976
111.702,waypoint_2,13.144,-125.293,-29.979
111.736,waypoint_2,13.276,-125.468,-29.983
111.770,waypoint_2,13.405,-125.639,-29.986
111.802,waypoint_2,13.530,-125.806,-29.990
111.836,waypoint_3,13.651,-125.968,-29.993
111.870,waypoint_3,13.797,-126.164,-29.997
111.902,waypoint_3,13.909,-126.316,-30.001
111.936,waypoint_3,14.016,-126.461,-30.008
111.970,waypoint_3,14.119,-126.600,-30.016
112.002,waypoint_3,14.216,-126.735,-30.027
112.036,waypoint_3,14.306,-126.865,-30.040
112.070,waypoint_3,14.411,-127.022,-30.058
112.102,waypoint_3,14.487,-127.145,-30.072
112.136,waypoint_3,14.556,-127.266,-30.086
112.170,waypoint_3,14.617,-127.386,-30.099
112.202,waypoint_3,14.670,-127.505,-30.112
112.236,waypoint_3,14.716,-127.624,-30.122
112.270,waypoint_3,14.761,-127.773,-30.134
112.302,waypoint_3,14.787,-127.893,-30.142
112.336,waypoint_3,14.804,-128.013,-30.148
112.370,waypoint_3,14.813,-128.135,-30.153
112.402,waypoint_3,14.812,-128.258,-30.157
112.436,waypoint_3,14.801,-128.382,-30.160
112.470,waypoint_3,14.775,-128.540,-30.162
112.502,waypoint_3,14.742,-128.668,-30.163
112.536,waypoint_3,14.700,-128.798,-30.163
112.570,waypoint_3,14.650,-128.929,-30.162
112.602,waypoint_3,14.590,-129.063,-30.159
112.636,waypoint_3,14.522,-129.198,-30.156
112.670,waypoint_3,14.424,-129.370,-30.149
112.702,waypoint_3,14.337,-129.509,-30.142
112.736,waypoint_3,14.241,-129.651,-30.133
112.770,waypoint_3,14.138,-129.795,-30.124
112.802,waypoint_3,14.027,-129.940,-30.114
112.836,waypoint_3,13.910,-130.087,-30.104
112.870,waypoint_3,13.753,-130.273,-30.090
112.902,waypoint_3,13.621,-130.424,-30.079
112.936,waypoint_3,13.483,-130.576,-30.067
112.970,waypoint_3,13.339,-130.729,-30.056
113.002,waypoint_3,13.190,-130.884,-30.045
113.036,waypoint_3,13.036,-131.039,-30.034
113.070,waypoint_3,12.837,-131.234,-30.021
113.102,waypoint_3,12.674,-131.391,-30.012
113.136,waypoint_3,12.507,-131.549,-30.003
113.170,waypoint_3,12.337,-131.707,-29.994
113.202,waypoint_3,12.165,-131.866,-29.987
113.236,waypoint_3,11.989,-132.025,-29.980
113.270,waypoint_3,11.767,-132.223,-29.972
113.302,waypoint_3,11.588,-132.383,-29.967
113.336,waypoint_3,11.407,-132.542,-29.963
113.370,waypoint_3,11.224,-132.701,-29.959
113.402,waypoint_3,11.041,-132.860,-29.956
113.436,waypoint_3,10.857,-133.019,-29.953
113.470,waypoint_3,10.625,-133.217,-29.951
113.503,waypoint_3,10.440,-133.376,-29.949
113.537,waypoint_3,10.254,-133.535,-29.948
113.571,waypoint_3,10.067,-133.693,-29.948
113.603,waypoint_3,9.881,-133.851,-29.948
113.637,waypoint_3,9.694,-134.009,-29.948
113.671,waypoint_3,9.460,-134.205,-29.949
113.703,waypoint_3,9.273,-134.363,-29.949
113.737,waypoint_3,9.087,-134.519,-29.950
113.771,waypoint_3,8.900,-134.676,-29.951
113.803,waypoint_3,8.713,-134.832,-29.952
113.837,waypoint_3,8.527,-134.988,-29.954
113.871,waypoint_3,8.293,-135.182,-29.955
113.903,waypoint_3,8.107,-135.337,-29.957
113.937,waypoint_3,7.920,-135.492,-29.958
113.971,waypoint_3,7.734,-135.647,-29.960
114.003,waypoint_3,7.548,-135.802,-29.961
114.037,waypoint_3,7.362,-135.956,-29.963
114.071,waypoint_3,7.129,-136.149,-29.965
114.103,waypoint_3,6.944,-136.303,-29.966
114.137,waypoint_3,6.757,-136.457,-29.968
114.171,waypoint_3,6.571,-136.611,-29.969
114.203,waypoint_3,6.385,-136.764,-29.971
114.237,waypoint_3,6.199,-136.918,-29.972
114.271,waypoint_3,5.966,-137.109,-29.974
114.303,waypoint_3,5.780,-137.262,-29.976
114.337,waypoint_3,5.594,-137.415,-29.977
114.371,waypoint_3,5.407,-137.568,-29.978
114.403,waypoint_3,5.220,-137.721,-29.979
114.437,waypoint_3,5.033,-137.874,-29.981
114.471,waypoint_3,4.799,-138.065,-29.982
114.503,waypoint_3,4.611,-138.218,-29.982
114.537,waypoint_3,4.424,-138.370,-29.983
114.571,waypoint_3,4.235,-138.522,-29.983
114.603,waypoint_3,4.047,-138.675,-29.984
114.637,waypoint_3,3.858,-138.827,-29.984
114.671,waypoint_3,3.621,-139.017,-29.984
114.703,waypoint_3,3.431,-139.170,-29.984
114.737,waypoint_3,3.241,-139.322,-29.984
114.771,waypoint_3,3.051,-139.474,-29.985
114.803,waypoint_3,2.860,-139.627,-29.985
114.837,waypoint_3,2.670,-139.779,-29.985
114.871,waypoint_3,2.431,-139.969,-29.985
114.903,waypoint_3,2.239,-140.121,-29.985
114.937,waypoint_3,2.047,-140.273,-29.986
114.971,waypoint_3,1.854,-140.426,-29.986
115.003,waypoint_3,1.662,-140.578,-29.986
115.037,waypoint_3,1.469,-140.730,-29.986
115.071,waypoint_3,1.227,-140.920,-29.986
115.103,waypoint_3,1.034,-141.072,-29.986
115.137,waypoint_3,0.840,-141.224,-29.985
115.171,waypoint_3,0.646,-141.377,-29.985
115.203,waypoint_3,0.451,-141.529,-29.985
115.237,waypoint_3,0.256,-141.681,-29.985
115.271,waypoint_3,0.013,-141.871,-29.984
115.303,waypoint_3,-0.183,-142.023,-29.984
115.337,waypoint_3,-0.378,-142.175,-29.983
115.371,waypoint_3,-0.574,-142.327,-29.983
115.403,waypoint_3,-0.770,-142.480,-29.982
115.437,waypoint_3,-0.967,-142.632,-29.982
115.471,waypoint_3,-1.213,-142.822,-29.981
115.503,waypoint_3,-1.410,-142.974,-29.981
115.537,waypoint_3,-1.607,-143.126,-29.981
115.571,waypoint_3,-1.805,-143.278,-29.980
115.603,waypoint_3,-2.003,-143.430,-29.980
115.637,waypoint_3,-2.201,-143.582,-29.979
115.671,waypoint_3,-2.449,-143.772,-29.979
115.703,waypoint_3,-2.647,-143.924,-29.979
115.737,waypoint_3,-2.846,-144.077,-29.979
115.771,waypoint_3,-3.044,-144.229,-29.979
115.803,waypoint_3,-3.243,-144.381,-29.979
115.837,waypoint_3,-3.442,-144.534,-29.979
115.871,waypoint_3,-3.691,-144.724,-29.979
115.903,waypoint_3,-3.890,-144.877,-29.980
115.937,waypoint_3,-4.090,-145.029,-29.980
115.971,waypoint_3,-4.289,-145.182,-29.980
116.003,waypoint_3,-4.489,-145.335,-29.980
116.037,waypoint_3,-4.689,-145.488,-29.981
116.071,waypoint_3,-4.939,-145.679,-29.981
116.103,waypoint_3,-5.140,-145.831,-29.981
116.137,waypoint_3,-5.340,-145.984,-29.982
116.171,waypoint_3,-5.540,-146.137,-29.982
116.203,waypoint_3,-5.741,-146.290,-29.982
116.237,waypoint_3,-5.942,-146.443,-29.983
116.271,waypoint_3,-6.193,-146.634,-29.983
116.303,waypoint_3,-6.394,-146.787,-29.983
116.337,waypoint_3,-6.595,-146.940,-29.983
116.371,waypoint_3,-6.797,-147.093,-29.983
116.403,waypoint_3,-6.998,-147.246,-29.982
116.437,waypoint_3,-7.200,-147.399,-29.982
116.471,waypoint_3,-7.453,-147.591,-29.981
116.503,waypoint_3,-7.655,-147.744,-29.981
116.537,waypoint_3,-7.858,-147.897,-29.980
116.571,waypoint_3,-8.061,-148.051,-29.980
116.604,waypoint_3,-8.263,-148.204,-29.979
116.638,waypoint_3,-8.466,-148.357,-29.979
116.672,waypoint_3,-8.720,-148.549,-29.978
116.704,waypoint_3,-8.924,-148.702,-29.978
116.738,waypoint_3,-9.127,-148.856,-29.978
116.772,waypoint_3,-9.331,-149.009,-29.977
116.804,waypoint_3,-9.535,-149.163,-29.977
116.838,waypoint_3,-9.739,-149.316,-29.977
116.872,waypoint_3,-9.995,-149.508,-29.976
116.904,waypoint_3,-10.199,-149.661,-29.976
116.938,waypoint_3,-10.404,-149.815,-29.976
116.972,waypoint_3,-10.609,-149.969,-29.976
117.004,waypoint_3,-10.814,-150.122,-29.976
117.038,waypoint_3,-11.019,-150.276,-29.977
117.072,waypoint_3,-11.275,-150.469,-29.977
117.104,waypoint_3,-11.481,-150.623,-29.977
117.138,waypoint_3,-11.686,-150.777,-29.977
117.172,waypoint_3,-11.892,-150.930,-29.977
117.204,waypoint_3,-12.097,-151.084,-29.978
117.238,waypoint_3,-12.303,-151.238,-29.978
117.272,waypoint_3,-12.560,-151.430,-29.978
117.304,waypoint_3,-12.766,-151.584,-29.979
117.338,waypoint_3,-12.972,-151.738,-29.979
117.372,waypoint_3,-13.178,-151.892,-29.980
117.404,waypoint_3,-13.384,-152.046,-29.981
117.438,waypoint_3,-13.590,-152.200,-29.982
117.472,waypoint_3,-13.847,-152.392,-29.983
117.504,waypoint_3,-14.053,-152.546,-29.983
117.538,waypoint_3,-14.259,-152.700,-29.984
117.572,waypoint_3,-14.465,-152.855,-29.985
117.604,waypoint_3,-14.671,-153.009,-29.986
117.638,waypoint_3,-14.877,-153.164,-29.987
117.672,waypoint_3,-15.135,-153.357,-29.988
117.704,waypoint_3,-15.341,-153.511,-29.989
117.738,waypoint_3,-15.547,-153.666,-29.990
117.772,waypoint_3,-15.753,-153.821,-29.991
117.804,waypoint_3,-15.960,-153.975,-29.992
117.838,waypoint_3,-16.166,-154.130,-29.993
117.872,waypoint_3,-16.425,-154.323,-29.994
117.904,waypoint_3,-16.632,-154.478,-29.995
117.938,waypoint_3,-16.839,-154.633,-29.996
117.972,waypoint_3,-17.046,-154.788,-29.997
118.004,waypoint_3,-17.253,-154.943,-29.998
118.038,waypoint_3,-17.461,-155.098,-29.998
118.072,waypoint_3,-17.720,-155.291,-29.999
118.104,waypoint_3,-17.927,-155.446,-29.999
118.138,waypoint_3,-18.135,-155.601,-29.999
118.172,waypoint_3,-18.342,-155.756,-29.999
118.204,waypoint_3,-18.549,-155.911,-29.999
118.238,waypoint_3,-18.757,-156.067,-30.000
118.272,waypoint_3,-19.016,-156.260,-30.000
118.305,waypoint_3,-19.223,-156.415,-30.000
118.339,waypoint_3,-19.430,-156.570,-30.000
118.373,waypoint_3,-19.638,-156.725,-30.000
118.405,waypoint_3,-19.845,-156.880,-30.000
118.439,waypoint_3,-20.053,-157.035,-30.000
118.473,waypoint_3,-20.312,-157.229,-30.000
118.505,waypoint_3,-20.520,-157.383,-30.000
118.539,waypoint_3,-20.727,-157.538,-30.000
118.573,waypoint_3,-20.935,-157.693,-30.000
118.605,waypoint_3,-21.143,-157.848,-30.000
118.639,waypoint_3,-21.350,-158.003,-30.000
118.673,waypoint_3,-21.610,-158.196,-30.000
118.705,waypoint_3,-21.818,-158.351,-30.000
118.739,waypoint_3,-22.025,-158.506,-30.000
118.773,waypoint_3,-22.233,-158.660,-30.001
118.805,waypoint_3,-22.440,-158.815,-30.001
118.839,waypoint_3,-22.648,-158.970,-30.001
118.873,waypoint_3,-22.907,-159.164,-30.001
118.905,waypoint_3,-23.114,-159.319,-30.001
118.939,waypoint_3,-23.322,-159.474,-30.001
118.973,waypoint_3,-23.529,-159.629,-30.001
119.005,waypoint_3,-23.736,-159.785,-30.001
119.039,waypoint_3,-23.943,-159.940,-30.002
119.073,waypoint_3,-24.201,-160.134,-30.002
119.106,waypoint_3,-24.408,-160.289,-30.003
119.140,waypoint_3,-24.615,-160.445,-30.004
119.174,waypoint_3,-24.822,-160.600,-30.004
119.206,waypoint_3,-25.028,-160.755,-30.005
119.240,waypoint_3,-25.235,-160.910,-30.005
119.275,waypoint_3,-25.493,-161.104,-30.006
119.306,waypoint_3,-25.700,-161.259,-30.007
119.340,waypoint_3,-25.906,-161.414,-30.007
119.375,waypoint_3,-26.112,-161.568,-30.008
119.406,waypoint_3,-26.319,-161.723,-30.009
119.440,waypoint_3,-26.525,-161.878,-30.010
119.475,waypoint_3,-26.783,-162.071,-30.011
119.506,waypoint_3,-26.989,-162.226,-30.012
119.540,waypoint_3,-27.196,-162.380,-30.013
119.575,waypoint_3,-27.402,-162.535,-30.014
119.606,waypoint_3,-27.608,-162.690,-30.015
119.640,waypoint_3,-27.815,-162.845,-30.017
119.675,waypoint_3,-28.073,-163.039,-30.018
119.706,waypoint_3,-28.279,-163.194,-30.019
119.740,waypoint_3,-28.486,-163.350,-30.021
119.775,waypoint_3,-28.692,-163.505,-30.022
119.806,waypoint_3,-28.898,-163.661,-30.023
119.840,waypoint_3,-29.104,-163.817,-30.024
119.875,waypoint_3,-29.362,-164.011,-30.025
119.906,waypoint_3,-29.568,-164.167,-30.026
119.940,waypoint_3,-29.774,-164.323,-30.027
119.975,waypoint_3,-29.979,-164.480,-30.028
120.006,waypoint_3,-30.185,-164.636,-30.029
120.040,waypoint_3,-30.391,-164.793,-30.030
120.075,waypoint_3,-30.648,-164.988,-30.031
120.106,waypoint_3,-30.854,-165.145,-30.032
120.140,waypoint_3,-31.060,-165.302,-30.033
120.175,waypoint_3,-31.266,-165.459,-30.034
120.206,waypoint_3,-31.472,-165.617,-30.035
120.240,waypoint_3,-31.678,-165.774,-30.036
120.274,waypoint_3,-31.936,-165.971,-30.037
120.306,waypoint_3,-32.142,-166.128,-30.038
120.340,waypoint_3,-32.348,-166.285,-30.039
120.375,waypoint_3,-32.554,-166.443,-30.040
120.406,waypoint_3,-32.760,-166.600,-30.040
120.440,waypoint_3,-32.966,-166.758,-30.041
120.475,waypoint_3,-33.224,-166.955,-30.042
120.506,waypoint_3,-33.430,-167.113,-30.042
120.540,waypoint_3,-33.636,-167.271,-30.043
120.575,waypoint_3,-33.842,-167.429,-30.043
120.606,waypoint_3,-34.048,-167.587,-30.044
120.640,waypoint_3,-34.254,-167.745,-30.045
120.675,waypoint_3,-34.511,-167.943,-30.046
120.706,waypoint_3,-34.718,-168.101,-30.046
120.740,waypoint_3,-34.924,-168.260,-30.047
120.775,waypoint_3,-35.130,-168.418,-30.048
120.806,waypoint_3,-35.336,-168.577,-30.048
120.840,waypoint_3,-35.542,-168.735,-30.049
120.875,waypoint_3,-35.800,-168.933,-30.050
120.906,waypoint_3,-36.006,-169.092,-30.050
120.940,waypoint_3,-36.212,-169.251,-30.051
120.975,waypoint_3,-36.418,-169.409,-30.051
121.006,waypoint_3,-36.623,-169.568,-30.052
121.040,waypoint_3,-36.829,-169.727,-30.052
121.075,waypoint_3,-37.086,-169.926,-30.052
121.106,waypoint_3,-37.292,-170.085,-30.053
121.140,waypoint_3,-37.497,-170.244,-30.053
121.175,waypoint_3,-37.702,-170.402,-30.053
121.206,waypoint_3,-37.908,-170.562,-30.054
121.240,waypoint_3,-38.113,-170.721,-30.054
121.275,waypoint_3,-38.370,-170.920,-30.054
121.306,waypoint_3,-38.574,-171.080,-30.054
121.340,waypoint_3,-38.779,-171.239,-30.055
121.375,waypoint_3,-38.984,-171.399,-30.055
121.406,waypoint_3,-39.188,-171.558,-30.055
121.440,waypoint_3,-39.393,-171.718,-30.055
121.475,waypoint_3,-39.648,-171.918,-30.055
121.506,waypoint_3,-39.852,-172.077,-30.055
121.540,waypoint_3,-40.056,-172.237,-30.055
121.575,waypoint_3,-40.260,-172.397,-30.054
121.606,waypoint_3,-40.464,-172.556,-30.054
121.640,waypoint_3,-40.668,-172.716,-30.054
121.675,waypoint_3,-40.923,-172.916,-30.053
121.706,waypoint_3,-41.127,-173.076,-30.053
121.740,waypoint_3,-41.331,-173.236,-30.053
121.775,waypoint_3,-41.534,-173.396,-30.053
121.806,waypoint_3,-41.738,-173.556,-30.052
121.840,waypoint_3,-41.941,-173.716,-30.052
121.875,waypoint_3,-42.195,-173.916,-30.051
121.906,waypoint_3,-42.398,-174.076,-30.051
121.940,waypoint_3,-42.601,-174.237,-30.051
121.975,waypoint_3,-42.804,-174.397,-30.051
122.007,waypoint_3,-43.007,-174.558,-30.051
122.041,waypoint_3,-43.210,-174.719,-30.051
122.075,waypoint_3,-43.463,-174.920,-30.051
122.106,waypoint_3,-43.666,-175.081,-30.051
122.140,waypoint_3,-43.869,-175.242,-30.051
122.175,waypoint_3,-44.071,-175.403,-30.051
122.206,waypoint_3,-44.275,-175.565,-30.051
122.240,waypoint_3,-44.478,-175.726,-30.050
122.275,waypoint_3,-44.732,-175.928,-30.050
122.306,waypoint_3,-44.936,-176.089,-30.050
122.340,waypoint_3,-45.139,-176.250,-30.050
122.375,waypoint_3,-45.342,-176.411,-30.050
122.406,waypoint_3,-45.546,-176.572,-30.049
122.440,waypoint_3,-45.749,-176.734,-30.049
122.475,waypoint_3,-46.003,-176.935,-30.048
122.506,waypoint_3,-46.206,-177.096,-30.048
122.541,waypoint_3,-46.409,-177.257,-30.048
122.575,waypoint_3,-46.613,-177.419,-30.047
122.606,waypoint_3,-46.816,-177.580,-30.047
122.640,waypoint_3,-47.019,-177.741,-30.047
122.675,waypoint_3,-47.272,-177.942,-30.046
122.707,waypoint_3,-47.475,-178.103,-30.046
122.740,waypoint_3,-47.677,-178.263,-30.046
122.775,waypoint_3,-47.880,-178.424,-30.046
122.806,waypoint_3,-48.082,-178.584,-30.046
122.841,waypoint_3,-48.284,-178.745,-30.046
122.876,waypoint_3,-48.537,-178.945,-30.046
122.907,waypoint_3,-48.738,-179.106,-30.046
122.941,waypoint_3,-48.940,-179.266,-30.046
122.976,waypoint_3,-49.141,-179.426,-30.046
123.009,waypoint_3,-49.343,-179.587,-30.047
123.043,waypoint_3,-49.544,-179.747,-30.047
123.077,waypoint_3,-49.795,-179.948,-30.047
123.109,waypoint_3,-49.997,-180.109,-30.047
123.143,waypoint_3,-50.198,-180.269,-30.048
123.177,waypoint_3,-50.398,-180.430,-30.048
123.209,waypoint_3,-50.599,-180.590,-30.048
123.243,waypoint_3,-50.800,-180.750,-30.048
123.277,waypoint_3,-51.050,-180.951,-30.048
123.309,waypoint_3,-51.251,-181.111,-30.049
123.343,waypoint_3,-51.451,-181.271,-30.049
123.377,waypoint_3,-51.652,-181.432,-30.049
123.409,waypoint_3,-51.852,-181.592,-30.049
123.443,waypoint_3,-52.052,-181.753,-30.049
123.477,waypoint_3,-52.302,-181.953,-30.048
123.509,waypoint_3,-52.502,-182.114,-30.048
123.543,waypoint_3,-52.701,-182.274,-30.049
123.577,waypoint_3,-52.900,-182.433,-30.049
123.609,waypoint_3,-53.099,-182.593,-30.050
123.643,waypoint_3,-53.296,-182.751,-30.052
123.678,waypoint_3,-53.540,-182.948,-30.054
123.710,waypoint_3,-53.734,-183.104,-30.057
123.744,waypoint_3,-53.926,-183.258,-30.060
123.778,waypoint_3,-54.115,-183.411,-30.064
123.810,waypoint_3,-54.302,-183.562,-30.068
123.844,waypoint_3,-54.486,-183.710,-30.072
123.878,waypoint_3,-54.711,-183.892,-30.078
123.910,waypoint_3,-54.887,-184.035,-30.083
123.944,waypoint_3,-55.060,-184.175,-30.088
123.983,waypoint_3,-55.228,-184.311,-30.092
124.014,waypoint_3,-55.393,-184.445,-30.097
124.048,waypoint_3,-55.553,-184.575,-30.101
124.082,goal,-55.746,-184.732,-30.106
124.115,goal,-55.896,-184.854,-30.110
124.148,goal,-56.040,-184.971,-30.116
124.182,goal,-56.178,-185.084,-30.124
124.215,goal,-56.310,-185.194,-30.134
124.248,goal,-56.435,-185.300,-30.146
124.282,goal,-56.582,-185.430,-30.164
124.314,goal,-56.692,-185.534,-30.179
124.348,goal,-56.796,-185.637,-30.194
124.383,goal,-56.892,-185.742,-30.209
124.415,goal,-56.982,-185.849,-30.223
124.448,goal,-57.065,-185.957,-30.236
124.483,goal,-57.160,-186.097,-30.250
124.514,goal,-57.228,-186.213,-30.260
124.549,goal,-57.288,-186.332,-30.269
124.583,goal,-57.342,-186.454,-30.276
124.614,goal,-57.389,-186.581,-30.281
124.649,goal,-57.428,-186.713,-30.286
124.683,goal,-57.465,-186.883,-30.289
124.714,goal,-57.488,-187.025,-30.291
124.749,goal,-57.502,-187.171,-30.291
124.782,goal,-57.510,-187.322,-30.290
124.814,goal,-57.510,-187.478,-30.287
124.849,goal,-57.503,-187.638,-30.282
124.882,goal,-57.485,-187.845,-30.275
124.914,goal,-57.463,-188.015,-30.268
124.949,goal,-57.434,-188.190,-30.259
124.983,goal,-57.399,-188.369,-30.250
125.014,goal,-57.358,-188.552,-30.239
125.048,goal,-57.311,-188.738,-30.229
125.083,goal,-57.244,-188.977,-30.214
125.114,goal,-57.185,-189.171,-30.203
125.148,goal,-57.121,-189.369,-30.191
125.183,goal,-57.052,-189.570,-30.180
125.214,goal,-56.979,-189.773,-30.169
125.248,goal,-56.903,-189.979,-30.158
125.283,goal,-56.801,-190.240,-30.144
125.314,goal,-56.717,-190.451,-30.134
125.348,goal,-56.629,-190.664,-30.125
125.383,goal,-56.539,-190.878,-30.116
125.414,goal,-56.446,-191.094,-30.109
125.448,goal,-56.351,-191.311,-30.101
125.482,goal,-56.230,-191.584,-30.093
125.514,goal,-56.131,-191.803,-30.087
125.548,goal,-56.031,-192.022,-30.082
125.582,goal,-55.929,-192.243,-30.078
125.614,goal,-55.827,-192.463,-30.074
125.648,goal,-55.724,-192.684,-30.071
125.682,goal,-55.593,-192.960,-30.067
125.714,goal,-55.488,-193.181,-30.065
125.748,goal,-55.383,-193.402,-30.063
125.783,goal,-55.277,-193.623,-30.062
125.814,goal,-55.171,-193.844,-30.060
125.848,goal,-55.064,-194.065,-30.059
125.883,goal,-54.931,-194.341,-30.058
125.914,goal,-54.824,-194.561,-30.058
125.948,goal,-54.717,-194.781,-30.058
125.982,goal,-54.610,-195.002,-30.058
126.014,goal,-54.503,-195.222,-30.058
126.048,goal,-54.395,-195.442,-30.058
126.082,goal,-54.261,-195.716,-30.059
126.114,goal,-54.153,-195.936,-30.059
126.148,goal,-54.045,-196.155,-30.060
126.183,goal,-53.938,-196.374,-30.061
126.214,goal,-53.830,-196.593,-30.061
126.248,goal,-53.722,-196.811,-30.062
126.283,goal,-53.588,-197.084,-30.063
126.314,goal,-53.479,-197.303,-30.064
126.348,goal,-53.371,-197.521,-30.064
126.384,goal,-53.263,-197.739,-30.065
126.415,goal,-53.154,-197.957,-30.066
126.450,goal,-53.046,-198.174,-30.066
126.484,goal,-52.909,-198.446,-30.067
126.515,goal,-52.800,-198.663,-30.068
126.551,goal,-52.691,-198.880,-30.068
126.585,goal,-52.582,-199.097,-30.069
126.617,goal,-52.472,-199.314,-30.069
126.651,goal,-52.362,-199.531,-30.070
126.685,goal,-52.225,-199.801,-30.070
126.717,goal,-52.115,-200.018,-30.070
126.751,goal,-52.004,-200.234,-30.070
126.785,goal,-51.894,-200.451,-30.070
126.817,goal,-51.783,-200.668,-30.070
126.851,goal,-51.671,-200.884,-30.070
126.885,goal,-51.532,-201.155,-30.070
126.937,goal,-51.420,-201.372,-30.070
126.984,goal,-51.308,-201.589,-30.069
127.018,goal,-51.196,-201.806,-30.069
127.052,goal,-51.083,-202.023,-30.068
127.084,goal,-50.970,-202.241,-30.068
127.118,goal,-50.829,-202.512,-30.067
127.152,goal,-50.715,-202.730,-30.067
127.184,goal,-50.602,-202.948,-30.066
127.218,goal,-50.488,-203.165,-30.065
127.252,goal,-50.373,-203.383,-30.065
127.284,goal,-50.259,-203.601,-30.064
127.318,goal,-50.115,-203.874,-30.063
127.352,goal,-49.999,-204.093,-30.062
127.384,goal,-49.883,-204.312,-30.061
127.418,goal,-49.767,-204.531,-30.061
127.452,goal,-49.650,-204.750,-30.060
127.484,goal,-49.534,-204.969,-30.059
127.518,goal,-49.387,-205.243,-30.058
127.552,goal,-49.269,-205.463,-30.057
127.584,goal,-49.151,-205.683,-30.056
127.618,goal,-49.033,-205.903,-30.055
127.652,goal,-48.914,-206.123,-30.054
127.684,goal,-48.795,-206.343,-30.053
127.718,goal,-48.646,-206.619,-30.051
127.752,goal,-48.527,-206.840,-30.050
127.784,goal,-48.407,-207.060,-30.049
127.819,goal,-48.287,-207.281,-30.048
127.853,goal,-48.167,-207.502,-30.047
127.885,goal,-48.047,-207.724,-30.046
127.919,goal,-47.897,-208.000,-30.044
127.953,goal,-47.776,-208.222,-30.043
127.985,goal,-47.655,-208.443,-30.042
128.019,goal,-47.534,-208.664,-30.040
128.053,goal,-47.413,-208.886,-30.039
128.085,goal,-47.291,-209.107,-30.038
128.119,goal,-47.139,-209.384,-30.036
128.153,goal,-47.017,-209.606,-30.035
128.185,goal,-46.894,-209.827,-30.033
128.219,goal,-46.771,-210.049,-30.032
128.253,goal,-46.649,-210.271,-30.030
128.285,goal,-46.526,-210.493,-30.029
128.319,goal,-46.372,-210.770,-30.027
128.353,goal,-46.248,-210.992,-30.026
128.385,goal,-46.125,-211.214,-30.025
128.419,goal,-46.001,-211.436,-30.024
128.453,goal,-45.878,-211.658,-30.023
128.485,goal,-45.754,-211.880,-30.022
128.519,goal,-45.598,-212.157,-30.021
128.553,goal,-45.474,-212.379,-30.020
128.585,goal,-45.350,-212.601,-30.019
128.619,goal,-45.226,-212.823,-30.018
128.653,goal,-45.101,-213.046,-30.017
128.685,goal,-44.977,-213.268,-30.016
128.719,goal,-44.821,-213.546,-30.015
128.753,goal,-44.696,-213.769,-30.014
128.785,goal,-44.571,-213.992,-30.013
128.820,goal,-44.447,-214.215,-30.012
128.854,goal,-44.322,-214.438,-30.011
128.886,goal,-44.197,-214.661,-30.010
128.922,goal,-44.040,-214.940,-30.009
128.956,goal,-43.915,-215.163,-30.008
128.989,goal,-43.790,-215.387,-30.007
129.022,goal,-43.665,-215.611,-30.006
129.056,goal,-43.540,-215.835,-30.005
129.088,goal,-43.414,-216.059,-30.004
129.122,goal,-43.258,-216.339,-30.003
129.156,goal,-43.132,-216.563,-30.002
129.188,goal,-43.006,-216.787,-30.001
129.222,goal,-42.881,-217.012,-30.000
129.256,goal,-42.755,-217.236,-29.999
129.288,goal,-42.629,-217.460,-29.998
129.322,goal,-42.471,-217.741,-29.997
129.356,goal,-42.345,-217.965,-29.996
129.388,goal,-42.218,-218.189,-29.995
129.424,goal,-42.092,-218.414,-29.994
129.458,goal,-41.965,-218.638,-29.993
129.490,goal,-41.838,-218.863,-29.992
129.524,goal,-41.680,-219.143,-29.991
129.558,goal,-41.553,-219.368,-29.990
129.590,goal,-41.425,-219.592,-29.989
129.624,goal,-41.298,-219.816,-29.988
129.658,goal,-41.171,-220.040,-29.987
129.690,goal,-41.044,-220.265,-29.985
129.724,goal,-40.885,-220.545,-29.984
129.758,goal,-40.757,-220.769,-29.983
129.790,goal,-40.630,-220.994,-29.982
129.824,goal,-40.503,-221.218,-29.981
129.858,goal,-40.375,-221.442,-29.980
129.890,goal,-40.248,-221.667,-29.980
129.924,goal,-40.089,-221.947,-29.979
129.958,goal,-39.962,-222.172,-29.978
129.990,goal,-39.835,-222.397,-29.978
130.024,goal,-39.707,-222.621,-29.977
130.058,goal,-39.580,-222.846,-29.977
130.090,goal,-39.453,-223.071,-29.977
130.124,goal,-39.294,-223.353,-29.976
130.158,goal,-39.166,-223.578,-29.976
130.190,goal,-39.039,-223.804,-29.976
130.224,goal,-38.912,-224.029,-29.975
130.258,goal,-38.784,-224.255,-29.975
130.290,goal,-38.657,-224.481,-29.975
130.324,goal,-38.498,-224.763,-29.975
130.358,goal,-38.370,-224.990,-29.974
130.390,goal,-38.243,-225.216,-29.974
130.424,goal,-38.115,-225.442,-29.974
130.458,goal,-37.988,-225.668,-29.974
130.490,goal,-37.860,-225.894,-29.974
130.524,goal,-37.700,-226.177,-29.973
130.558,goal,-37.573,-226.404,-29.973
130.590,goal,-37.445,-226.630,-29.973
130.624,goal,-37.317,-226.857,-29.973
130.658,goal,-37.189,-227.083,-29.973
130.690,goal,-37.062,-227.310,-29.973
130.724,goal,-36.902,-227.593,-29.973
130.758,goal,-36.775,-227.820,-29.973
130.790,goal,-36.647,-228.046,-29.973
130.824,goal,-36.520,-228.273,-29.973
130.858,goal,-36.392,-228.500,-29.973
130.890,goal,-36.265,-228.727,-29.973
130.924,goal,-36.106,-229.011,-29.974
130.958,goal,-35.978,-229.238,-29.974
130.990,goal,-35.852,-229.465,-29.974
131.024,goal,-35.725,-229.692,-29.974
131.058,goal,-35.598,-229.919,-29.975
131.090,goal,-35.472,-230.147,-29.975
131.124,goal,-35.314,-230.431,-29.975
131.158,goal,-35.188,-230.658,-29.975
131.190,goal,-35.063,-230.885,-29.976
131.224,goal,-34.938,-231.113,-29.976
131.258,goal,-34.813,-231.341,-29.976
131.290,goal,-34.688,-231.568,-29.976
131.324,goal,-34.533,-231.853,-29.976
131.358,goal,-34.409,-232.081,-29.976
131.390,goal,-34.285,-232.309,-29.976
131.424,goal,-34.162,-232.537,-29.977
131.458,goal,-34.039,-232.765,-29.977
131.490,goal,-33.916,-232.993,-29.977
131.524,goal,-33.763,-233.279,-29.977
131.558,goal,-33.641,-233.507,-29.977
131.590,goal,-33.519,-233.735,-29.977
131.624,goal,-33.398,-233.964,-29.976
131.658,goal,-33.276,-234.192,-29.976
131.690,goal,-33.155,-234.421,-29.976
131.724,goal,-33.004,-234.706,-29.976
131.758,goal,-32.883,-234.934,-29.976
131.790,goal,-32.763,-235.160,-29.976
131.824,goal,-32.644,-235.386,-29.976
131.858,goal,-32.525,-235.611,-29.977
131.890,goal,-32.408,-235.834,-29.979
131.924,goal,-32.263,-236.111,-29.981
131.958,goal,-32.148,-236.329,-29.983
131.990,goal,-32.035,-236.545,-29.986
132.024,goal,-31.924,-236.757,-29.989
132.058,goal,-31.815,-236.967,-29.992
132.090,goal,-31.708,-237.172,-29.996
132.124,goal,-31.603,-237.373,-30.000
132.158,goal,-31.475,-237.619,-30.004
132.191,goal,-31.376,-237.811,-30.008
132.224,goal,-31.280,-237.998,-30.012
132.258,waypoint_3 back,-31.186,-238.179,-30.016
132.290,waypoint_3 back,-31.095,-238.356,-30.019
132.324,waypoint_3 back,-30.985,-238.569,-30.023
132.359,waypoint_3 back,-30.902,-238.732,-30.028
132.391,waypoint_3 back,-30.821,-238.888,-30.035
132.425,waypoint_3 back,-30.745,-239.037,-30.046
132.459,waypoint_3 back,-30.673,-239.179,-30.057
132.491,waypoint_3 back,-30.604,-239.313,-30.070
132.525,waypoint_3 back,-30.523,-239.471,-30.085
132.559,waypoint_3 back,-30.463,-239.588,-30.097
132.591,waypoint_3 back,-30.407,-239.698,-30.108
132.625,waypoint_3 back,-30.355,-239.801,-30.117
132.659,waypoint_3 back,-30.307,-239.895,-30.126
132.691,waypoint_3 back,-30.263,-239.982,-30.133
132.725,waypoint_3 back,-30.214,-240.079,-30.140
132.759,waypoint_3 back,-30.179,-240.147,-30.144
132.791,waypoint_3 back,-30.149,-240.207,-30.147
132.825,waypoint_3 back,-30.124,-240.258,-30.150
132.859,waypoint_3 back,-30.102,-240.300,-30.152
132.891,waypoint_3 back,-30.086,-240.333,-30.153
132.925,waypoint_3 back,-30.071,-240.361,-30.154
132.959,waypoint_3 back,-30.064,-240.374,-30.154
132.991,waypoint_3 back,-30.062,-240.378,-30.153
133.025,waypoint_3 back,-30.064,-240.373,-30.153
133.059,waypoint_3 back,-30.071,-240.359,-30.152
133.091,waypoint_3 back,-30.082,-240.336,-30.151
133.125,waypoint_3 back,-30.102,-240.294,-30.149
133.159,waypoint_3 back,-30.123,-240.250,-30.148
133.191,waypoint_3 back,-30.149,-240.197,-30.146
133.225,waypoint_3 back,-30.180,-240.136,-30.145
133.259,waypoint_3 back,-30.214,-240.066,-30.143
133.291,waypoint_3 back,-30.253,-239.987,-30.141
133.325,waypoint_3 back,-30.308,-239.878,-30.138
133.359,waypoint_3 back,-30.356,-239.782,-30.134
133.391,waypoint_3 back,-30.409,-239.678,-30.130
133.425,waypoint_3 back,-30.465,-239.568,-30.124
133.459,waypoint_3 back,-30.525,-239.450,-30.118
133.491,waypoint_3 back,-30.588,-239.326,-30.111
133.525,waypoint_3 back,-30.672,-239.163,-30.101
133.559,waypoint_3 back,-30.744,-239.025,-30.093
133.591,waypoint_3 back,-30.818,-238.882,-30.084
133.625,waypoint_3 back,-30.895,-238.734,-30.075
133.659,waypoint_3 back,-30.975,-238.580,-30.066
133.691,waypoint_3 back,-31.057,-238.422,-30.058
133.725,waypoint_3 back,-31.164,-238.217,-30.047
133.759,waypoint_3 back,-31.252,-238.048,-30.039
133.791,waypoint_3 back,-31.342,-237.876,-30.031
133.825,waypoint_3 back,-31.434,-237.700,-30.024
133.859,waypoint_3 back,-31.527,-237.522,-30.018
133.891,waypoint_3 back,-31.622,-237.340,-30.012
133.925,waypoint_3 back,-31.743,-237.109,-30.006
133.959,waypoint_3 back,-31.841,-236.921,-30.001
133.991,waypoint_3 back,-31.941,-236.731,-29.998
134.025,waypoint_3 back,-32.041,-236.540,-29.995
134.059,waypoint_3 back,-32.141,-236.346,-29.993
134.091,waypoint_3 back,-32.243,-236.151,-29.991
134.125,waypoint_3 back,-32.371,-235.906,-29.990
134.159,waypoint_3 back,-32.473,-235.709,-29.990
134.191,waypoint_3 back,-32.576,-235.510,-29.991
134.225,waypoint_3 back,-32.679,-235.311,-29.991
134.259,waypoint_3 back,-32.783,-235.110,-29.993
134.291,waypoint_3 back,-32.887,-234.909,-29.994
134.326,waypoint_3 back,-33.017,-234.657,-29.997
134.360,waypoint_3 back,-33.120,-234.455,-29.999
134.392,waypoint_3 back,-33.224,-234.253,-30.002
134.426,waypoint_3 back,-33.328,-234.050,-30.004
134.460,waypoint_3 back,-33.432,-233.847,-30.007
134.492,waypoint_3 back,-33.536,-233.643,-30.010
134.526,waypoint_3 back,-33.666,-233.388,-30.013
134.560,waypoint_3 back,-33.770,-233.184,-30.016
134.592,waypoint_3 back,-33.874,-232.980,-30.019
134.626,waypoint_3 back,-33.978,-232.775,-30.022
134.660,waypoint_3 back,-34.081,-232.571,-30.024
134.692,waypoint_3 back,-34.185,-232.366,-30.027
134.726,waypoint_3 back,-34.314,-232.110,-30.030
134.760,waypoint_3 back,-34.417,-231.905,-30.032
134.792,waypoint_3 back,-34.520,-231.700,-30.034
134.826,waypoint_3 back,-34.624,-231.494,-30.036
134.860,waypoint_3 back,-34.727,-231.288,-30.038
134.892,waypoint_3 back,-34.830,-231.083,-30.040
134.926,waypoint_3 back,-34.959,-230.826,-30.042
134.960,waypoint_3 back,-35.062,-230.620,-30.044
134.993,waypoint_3 back,-35.165,-230.414,-30.045
135.026,waypoint_3 back,-35.268,-230.207,-30.047
135.060,return,-35.372,-230.000,-30.048
135.092,return,-35.476,-229.793,-30.049
135.126,return,-35.605,-229.534,-30.050
135.160,return,-35.709,-229.326,-30.053
135.192,return,-35.814,-229.118,-30.060
135.226,return,-35.918,-228.909,-30.071
135.260,return,-36.021,-228.699,-30.086
135.292,return,-36.122,-228.488,-30.103
135.326,return,-36.245,-228.223,-30.125
135.360,return,-36.340,-228.010,-30.143
135.393,return,-36.430,-227.796,-30.160
135.427,return,-36.516,-227.581,-30.176
135.461,return,-36.597,-227.366,-30.189
135.493,return,-36.672,-227.149,-30.199
135.527,return,-36.758,-226.877,-30.209
135.561,return,-36.819,-226.658,-30.213
135.593,return,-36.875,-226.438,-30.216
135.627,return,-36.924,-226.217,-30.216
135.661,return,-36.967,-225.995,-30.214
135.693,return,-37.004,-225.772,-30.211
135.728,return,-37.040,-225.491,-30.204
135.761,return,-37.062,-225.266,-30.197
135.794,return,-37.079,-225.038,-30.189
135.827,return,-37.089,-224.810,-30.180
135.861,return,-37.094,-224.581,-30.170
135.893,return,-37.094,-224.350,-30.160
135.927,return,-37.087,-224.060,-30.147
135.961,return,-37.077,-223.827,-30.136
135.993,return,-37.061,-223.592,-30.125
136.027,return,-37.042,-223.357,-30.114
136.061,return,-37.020,-223.120,-30.104
136.093,return,-36.993,-222.882,-30.094
136.127,return,-36.957,-222.584,-30.082
136.161,return,-36.925,-222.344,-30.073
136.193,return,-36.890,-222.104,-30.064
136.227,return,-36.854,-221.863,-30.056
136.261,return,-36.816,-221.621,-30.048
136.293,return,-36.776,-221.378,-30.041
136.327,return,-36.724,-221.074,-30.033
136.361,return,-36.682,-220.831,-30.027
136.393,return,-36.639,-220.586,-30.022
136.427,return,-36.595,-220.341,-30.017
136.461,return,-36.550,-220.096,-30.012
136.493,return,-36.506,-219.851,-30.008
136.527,return,-36.449,-219.543,-30.003
136.562,return,-36.404,-219.297,-30.000
136.593,return,-36.359,-219.050,-29.997
136.627,return,-36.313,-218.803,-29.994
136.661,return,-36.268,-218.556,-29.992
136.693,return,-36.222,-218.309,-29.989
136.727,return,-36.166,-217.999,-29.987
136.761,return,-36.121,-217.752,-29.985
136.793,return,-36.076,-217.504,-29.984
136.827,return,-36.031,-217.255,-29.983
136.861,return,-35.986,-217.007,-29.982
136.893,return,-35.942,-216.758,-29.981
136.927,return,-35.886,-216.447,-29.980
136.961,return,-35.842,-216.197,-29.979
136.993,return,-35.799,-215.948,-29.978
137.027,return,-35.755,-215.698,-29.978
137.061,return,-35.712,-215.448,-29.977
137.093,return,-35.669,-215.198,-29.977
137.127,return,-35.615,-214.885,-29.976
137.161,return,-35.572,-214.634,-29.976
137.193,return,-35.530,-214.383,-29.975
137.227,return,-35.488,-214.133,-29.975
137.261,return,-35.445,-213.882,-29.974
137.293,return,-35.403,-213.631,-29.974
137.327,return,-35.351,-213.317,-29.973
137.361,return,-35.309,-213.065,-29.973
137.393,return,-35.268,-212.813,-29.972
137.427,return,-35.226,-212.562,-29.972
137.461,return,-35.184,-212.310,-29.971
137.493,return,-35.142,-212.057,-29.970
137.527,return,-35.090,-211.742,-29.970
137.561,return,-35.049,-211.489,-29.969
137.593,return,-35.007,-211.237,-29.968
137.627,return,-34.965,-210.984,-29.967
137.661,return,-34.924,-210.731,-29.967
137.693,return,-34.882,-210.477,-29.966
137.727,return,-34.830,-210.160,-29.965
137.761,return,-34.788,-209.907,-29.964
137.793,return,-34.747,-209.653,-29.963
137.827,return,-34.705,-209.399,-29.963
137.861,return,-34.663,-209.145,-29.962
137.893,return,-34.621,-208.891,-29.961
137.927,return,-34.569,-208.574,-29.960
137.962,return,-34.527,-208.319,-29.959
137.994,return,-34.485,-208.065,-29.959
138.028,return,-34.442,-207.810,-29.958
138.062,return,-34.400,-207.556,-29.957
138.094,return,-34.358,-207.301,-29.957
138.128,return,-34.305,-206.983,-29.956
138.162,return,-34.262,-206.728,-29.955
138.194,return,-34.220,-206.472,-29.955
138.228,return,-34.177,-206.217,-29.954
138.263,return,-34.135,-205.962,-29.953
138.294,return,-34.093,-205.706,-29.952
138.328,return,-34.040,-205.386,-29.951
138.364,return,-33.997,-205.130,-29.950
138.396,return,-33.955,-204.874,-29.949
138.430,return,-33.912,-204.617,-29.948
138.464,return,-33.870,-204.361,-29.948
138.496,return,-33.827,-204.105,-29.947
138.530,return,-33.774,-203.784,-29.946
138.564,return,-33.731,-203.528,-29.946
138.596,return,-33.688,-203.271,-29.945
138.630,return,-33.646,-203.015,-29.945
138.664,return,-33.603,-202.758,-29.944
138.696,return,-33.560,-202.502,-29.944
138.730,return,-33.507,-202.181,-29.944
138.765,return,-33.464,-201.924,-29.944
138.797,return,-33.421,-201.668,-29.944
138.832,return,-33.378,-201.411,-29.944
138.867,return,-33.335,-201.155,-29.944
138.899,return,-33.292,-200.898,-29.944
138.933,return,-33.238,-200.577,-29.944
138.967,return,-33.195,-200.320,-29.944
138.999,return,-33.151,-200.063,-29.944
139.033,return,-33.108,-199.806,-29.944
139.067,return,-33.064,-199.549,-29.944
139.099,return,-33.020,-199.293,-29.945
139.133,return,-32.965,-198.971,-29.945
139.167,return,-32.921,-198.714,-29.946
139.200,return,-32.878,-198.457,-29.946
139.234,return,-32.834,-198.199,-29.947
139.268,return,-32.790,-197.942,-29.947
139.300,return,-32.746,-197.684,-29.947
139.334,return,-32.690,-197.363,-29.948
139.368,return,-32.646,-197.105,-29.949
139.400,return,-32.602,-196.848,-29.949
139.434,return,-32.558,-196.590,-29.950
139.468,return,-32.513,-196.332,-29.950
139.500,return,-32.469,-196.074,-29.951
139.535,return,-32.413,-195.752,-29.952
139.569,return,-32.368,-195.494,-29.953
139.601,return,-32.323,-195.236,-29.954
139.635,return,-32.278,-194.978,-29.955
139.669,return,-32.233,-194.721,-29.955
139.701,return,-32.188,-194.463,-29.956
139.735,return,-32.132,-194.141,-29.957
139.769,return,-32.086,-193.883,-29.958
139.801,return,-32.041,-193.625,-29.958
139.835,return,-31.996,-193.368,-29.959
139.869,return,-31.950,-193.110,-29.960
139.901,return,-31.905,-192.853,-29.960
139.935,return,-31.848,-192.531,-29.961
139.969,return,-31.803,-192.273,-29.962
140.001,return,-31.758,-192.015,-29.962
140.035,return,-31.713,-191.758,-29.963
140.069,return,-31.667,-191.500,-29.963
140.101,return,-31.622,-191.243,-29.964
140.136,return,-31.565,-190.921,-29.964
140.169,return,-31.520,-190.664,-29.965
140.201,return,-31.475,-190.406,-29.965
140.235,return,-31.429,-190.149,-29.966
140.269,return,-31.384,-189.892,-29.966
140.301,return,-31.339,-189.635,-29.967
140.335,return,-31.283,-189.313,-29.967
140.369,return,-31.238,-189.056,-29.967
140.401,return,-31.193,-188.800,-29.968
140.435,return,-31.149,-188.543,-29.968
140.469,return,-31.104,-188.286,-29.968
140.501,return,-31.060,-188.029,-29.969
140.535,return,-31.005,-187.708,-29.969
140.569,return,-30.960,-187.451,-29.969
140.601,return,-30.916,-187.194,-29.969
140.635,return,-30.872,-186.938,-29.970
140.669,return,-30.828,-186.681,-29.970
140.701,return,-30.784,-186.424,-29.971
140.735,return,-30.728,-186.102,-29.971
140.769,return,-30.684,-185.845,-29.972
140.801,return,-30.640,-185.588,-29.972
140.835,return,-30.596,-185.331,-29.973
140.869,return,-30.552,-185.073,-29.973
140.901,return,-30.508,-184.816,-29.973
140.935,return,-30.453,-184.494,-29.974
140.969,return,-30.409,-184.236,-29.974
141.001,return,-30.365,-183.979,-29.975
141.035,return,-30.320,-183.721,-29.976
141.069,return,-30.276,-183.464,-29.976
141.101,return,-30.232,-183.206,-29.977
141.135,return,-30.176,-182.884,-29.978
141.169,return,-30.131,-182.626,-29.979
141.201,return,-30.087,-182.369,-29.980
141.236,return,-30.042,-182.111,-29.980
141.270,return,-29.997,-181.853,-29.981
141.302,return,-29.953,-181.595,-29.981
141.336,return,-29.897,-181.273,-29.982
141.370,return,-29.852,-181.015,-29.982
141.402,return,-29.808,-180.757,-29.982
141.436,return,-29.763,-180.500,-29.983
141.471,return,-29.718,-180.242,-29.983
141.503,return,-29.674,-179.984,-29.983
141.537,return,-29.618,-179.662,-29.983
141.571,return,-29.574,-179.405,-29.984
141.603,return,-29.529,-179.148,-29.984
141.637,return,-29.485,-178.891,-29.984
141.671,return,-29.440,-178.634,-29.985
141.703,return,-29.396,-178.377,-29.985
141.737,return,-29.340,-178.056,-29.986
141.771,return,-29.295,-177.799,-29.987
141.803,return,-29.250,-177.543,-29.987
141.837,return,-29.205,-177.286,-29.988
141.871,return,-29.160,-177.030,-29.988
141.903,return,-29.115,-176.774,-29.988
141.937,return,-29.059,-176.454,-29.988
141.971,return,-29.014,-176.198,-29.989
142.003,return,-28.969,-175.942,-29.989
142.037,return,-28.924,-175.686,-29.989
142.071,return,-28.880,-175.431,-29.989
142.103,return,-28.835,-175.175,-29.989
142.137,return,-28.779,-174.855,-29.990
142.171,return,-28.734,-174.599,-29.990
142.203,return,-28.690,-174.344,-29.990
142.237,return,-28.645,-174.089,-29.990
142.271,return,-28.601,-173.833,-29.990
142.303,return,-28.557,-173.578,-29.990
142.337,return,-28.501,-173.259,-29.990
142.371,return,-28.457,-173.004,-29.990
142.403,return,-28.413,-172.749,-29.990
142.437,return,-28.369,-172.494,-29.990
142.471,return,-28.325,-172.240,-29.990
142.503,return,-28.281,-171.985,-29.990
142.537,return,-28.225,-171.666,-29.990
142.571,return,-28.182,-171.412,-29.990
142.603,return,-28.138,-171.157,-29.990
142.637,return,-28.094,-170.902,-29.990
142.671,return,-28.050,-170.647,-29.990
142.703,return,-28.006,-170.392,-29.990
142.737,return,-27.952,-170.073,-29.990
142.771,return,-27.908,-169.818,-29.991
142.803,return,-27.864,-169.563,-29.991
142.837,return,-27.821,-169.308,-29.991
142.871,return,-27.777,-169.053,-29.991
142.903,return,-27.733,-168.798,-29.991
142.937,return,-27.678,-168.479,-29.991
142.971,return,-27.635,-168.224,-29.991
143.003,return,-27.591,-167.968,-29.991
143.037,return,-27.547,-167.713,-29.991
143.071,return,-27.503,-167.457,-29.991
143.103,return,-27.459,-167.202,-29.991
143.137,return,-27.404,-166.883,-29.991
143.171,return,-27.360,-166.628,-29.991
143.203,return,-27.316,-166.372,-29.992
143.237,return,-27.273,-166.117,-29.992
143.271,return,-27.229,-165.861,-29.993
143.303,return,-27.185,-165.606,-29.993
143.338,return,-27.131,-165.287,-29.993
143.371,return,-27.087,-165.031,-29.994
143.403,return,-27.043,-164.776,-29.994
143.437,return,-26.999,-164.521,-29.994
143.471,return,-26.955,-164.266,-29.995
143.503,return,-26.911,-164.010,-29.995
143.537,return,-26.856,-163.691,-29.995
143.571,return,-26.812,-163.436,-29.995
143.603,return,-26.767,-163.181,-29.995
143.637,return,-26.723,-162.926,-29.995
143.671,return,-26.678,-162.671,-29.995
143.703,return,-26.634,-162.416,-29.995
143.737,return,-26.578,-162.097,-29.995
143.771,return,-26.534,-161.842,-29.995
143.803,return,-26.490,-161.587,-29.996
143.837,return,-26.446,-161.332,-29.996
143.871,return,-26.401,-161.077,-29.996
143.903,return,-26.357,-160.823,-29.996
143.937,return,-26.302,-160.504,-29.996
143.971,return,-26.258,-160.249,-29.997
144.003,return,-26.214,-159.994,-29.997
144.037,return,-26.170,-159.739,-29.997
144.071,return,-26.125,-159.485,-29.998
144.103,return,-26.081,-159.230,-29.998
144.138,return,-26.026,-158.912,-29.999
144.171,return,-25.982,-158.657,-29.999
144.203,return,-25.937,-158.402,-29.999
144.237,return,-25.892,-158.148,-29.999
144.271,return,-25.848,-157.893,-29.999
144.303,return,-25.803,-157.638,-29.999
144.339,return,-25.747,-157.320,-29.998
144.373,return,-25.703,-157.065,-29.998
144.405,return,-25.658,-156.810,-29.998
144.439,return,-25.614,-156.556,-29.997
144.472,return,-25.570,-156.301,-29.997
144.504,return,-25.525,-156.046,-29.997
144.539,return,-25.470,-155.728,-29.996
144.573,return,-25.426,-155.473,-29.996
144.605,return,-25.382,-155.219,-29.996
144.639,return,-25.338,-154.964,-29.996
144.673,return,-25.294,-154.710,-29.996
144.704,return,-25.250,-154.455,-29.995
144.739,return,-25.195,-154.137,-29.995
144.772,return,-25.151,-153.883,-29.995
144.804,return,-25.108,-153.628,-29.995
144.840,return,-25.064,-153.373,-29.995
144.874,return,-25.020,-153.119,-29.994
144.906,return,-24.976,-152.864,-29.994
144.940,return,-24.922,-152.546,-29.994
144.974,return,-24.878,-152.292,-29.994
145.006,return,-24.835,-152.038,-29.994
145.040,return,-24.792,-151.783,-29.994
145.074,return,-24.748,-151.529,-29.994
145.106,return,-24.705,-151.275,-29.994
145.140,return,-24.651,-150.957,-29.994
145.175,return,-24.608,-150.703,-29.994
145.207,return,-24.565,-150.450,-29.994
145.241,return,-24.522,-150.196,-29.994
145.275,return,-24.480,-149.942,-29.995
145.307,return,-24.437,-149.689,-29.995
145.341,return,-24.383,-149.372,-29.995
145.380,return,-24.341,-149.118,-29.996
145.417,return,-24.298,-148.865,-29.996
145.452,return,-24.256,-148.612,-29.997
145.486,return,-24.213,-148.358,-29.997
145.518,return,-24.171,-148.105,-29.998
145.552,return,-24.119,-147.789,-29.998
145.586,return,-24.077,-147.536,-29.999
145.618,return,-24.035,-147.284,-30.000
145.652,return,-23.993,-147.031,-30.000
145.686,return,-23.951,-146.778,-30.001
145.718,return,-23.909,-146.526,-30.001
145.752,return,-23.857,-146.210,-30.002
145.786,return,-23.815,-145.958,-30.002
145.818,return,-23.774,-145.705,-30.002
145.852,return,-23.732,-145.453,-30.003
145.886,return,-23.690,-145.200,-30.003
145.918,return,-23.648,-144.948,-30.003
145.952,return,-23.596,-144.632,-30.003
145.986,return,-23.554,-144.380,-30.004
146.018,return,-23.511,-144.127,-30.004
146.052,return,-23.469,-143.875,-30.004
146.086,return,-23.427,-143.622,-30.004
146.118,return,-23.385,-143.370,-30.004
146.152,return,-23.332,-143.054,-30.004
146.186,return,-23.290,-142.802,-30.004
146.218,return,-23.248,-142.550,-30.004
146.252,return,-23.206,-142.297,-30.004
146.286,return,-23.164,-142.045,-30.004
146.318,return,-23.122,-141.793,-30.004
146.352,return,-23.070,-141.478,-30.004
146.386,return,-23.028,-141.225,-30.004
146.418,return,-22.986,-140.973,-30.004
146.452,return,-22.944,-140.721,-30.004
146.486,return,-22.902,-140.469,-30.004
146.518,return,-22.860,-140.217,-30.005
146.553,return,-22.807,-139.903,-30.004
146.587,return,-22.765,-139.651,-30.004
146.620,return,-22.723,-139.399,-30.004
146.653,return,-22.681,-139.147,-30.004
146.687,return,-22.639,-138.895,-30.004
146.719,return,-22.597,-138.643,-30.004
146.754,return,-22.544,-138.328,-30.004
146.787,return,-22.503,-138.076,-30.004
146.819,return,-22.461,-137.824,-30.004
146.853,return,-22.419,-137.572,-30.004
146.887,return,-22.377,-137.320,-30.004
146.919,return,-22.335,-137.068,-30.004
146.954,return,-22.283,-136.753,-30.004
146.987,return,-22.241,-136.501,-30.003
147.019,return,-22.200,-136.249,-30.003
147.055,return,-22.158,-135.996,-30.003
147.089,return,-22.116,-135.744,-30.003
147.121,return,-22.074,-135.492,-30.003
147.155,return,-22.022,-135.177,-30.003
147.189,return,-21.980,-134.924,-30.003
147.221,return,-21.938,-134.672,-30.003
147.255,return,-21.895,-134.420,-30.002
147.289,return,-21.853,-134.168,-30.002
147.321,return,-21.811,-133.916,-30.002
147.355,return,-21.758,-133.601,-30.002
147.389,return,-21.715,-133.349,-30.002
147.421,return,-21.673,-133.098,-30.002
147.455,return,-21.631,-132.846,-30.002
147.489,return,-21.589,-132.594,-30.002
147.521,return,-21.546,-132.342,-30.002
147.555,return,-21.494,-132.027,-30.002
147.589,return,-21.451,-131.775,-30.002
147.621,return,-21.409,-131.524,-30.002
147.655,return,-21.367,-131.272,-30.002
147.689,return,-21.325,-131.020,-30.001
147.721,return,-21.282,-130.768,-30.001
147.755,return,-21.230,-130.453,-30.001
147.789,return,-21.187,-130.201,-30.001
147.821,return,-21.145,-129.948,-30.002
147.855,return,-21.103,-129.696,-30.002
147.889,return,-21.060,-129.444,-30.002
147.921,return,-21.018,-129.192,-30.002
147.955,return,-20.965,-128.877,-30.002
147.989,return,-20.923,-128.624,-30.002
148.021,return,-20.881,-128.372,-30.002
148.055,return,-20.839,-128.120,-30.002
148.089,return,-20.797,-127.868,-30.002
148.121,return,-20.755,-127.616,-30.002
148.155,return,-20.702,-127.301,-30.002
148.189,return,-20.660,-127.049,-30.002
148.222,return,-20.618,-126.797,-30.003
148.256,return,-20.576,-126.545,-30.003
148.290,return,-20.534,-126.294,-30.003
148.322,return,-20.492,-126.042,-30.002
148.356,return,-20.440,-125.727,-30.002
148.390,return,-20.398,-125.475,-30.002
148.422,return,-20.355,-125.224,-30.002
148.456,return,-20.313,-124.972,-30.002
148.490,return,-20.271,-124.720,-30.002
148.522,return,-20.230,-124.469,-30.002
148.556,return,-20.177,-124.154,-30.001
148.590,return,-20.136,-123.902,-30.001
148.622,return,-20.094,-123.650,-30.001
148.656,return,-20.053,-123.398,-30.000
148.690,return,-20.011,-123.147,-30.000
148.722,return,-19.970,-122.895,-30.000
148.756,return,-19.918,-122.580,-29.999
148.790,return,-19.877,-122.328,-29.999
148.822,return,-19.835,-122.076,-29.999
148.856,return,-19.794,-121.824,-29.999
148.890,return,-19.753,-121.573,-29.999
148.922,return,-19.712,-121.321,-29.998
148.956,return,-19.660,-121.006,-29.998
148.990,return,-19.619,-120.754,-29.998
149.022,return,-19.578,-120.503,-29.998
149.056,return,-19.537,-120.251,-29.998
149.090,return,-19.496,-119.999,-29.999
149.122,return,-19.455,-119.747,-29.999
149.156,return,-19.404,-119.432,-29.998
149.190,return,-19.364,-119.180,-29.998
149.222,return,-19.324,-118.928,-29.998
149.256,return,-19.284,-118.676,-29.998
149.290,return,-19.244,-118.424,-29.998
149.322,return,-19.204,-118.172,-29.998
149.356,return,-19.154,-117.856,-29.998
149.390,return,-19.115,-117.604,-29.999
149.422,return,-19.075,-117.351,-29.999
149.456,return,-19.035,-117.099,-29.999
149.490,return,-18.996,-116.846,-29.999
149.522,return,-18.956,-116.594,-29.999
149.556,return,-18.906,-116.278,-30.000
149.590,return,-18.866,-116.025,-30.000
149.622,return,-18.826,-115.773,-30.000
149.656,return,-18.786,-115.520,-30.001
149.690,return,-18.746,-115.268,-30.001
149.722,return,-18.706,-115.015,-30.001
149.756,return,-18.656,-114.700,-30.002
149.790,return,-18.616,-114.448,-30.002
149.824,return,-18.576,-114.196,-30.003
149.858,return,-18.536,-113.944,-30.003
149.892,return,-18.495,-113.692,-30.003
149.924,return,-18.455,-113.440,-30.004
149.958,return,-18.405,-113.125,-30.005
149.992,return,-18.365,-112.874,-30.005
150.024,return,-18.325,-112.622,-30.006
150.058,return,-18.285,-112.370,-30.007
150.092,return,-18.245,-112.119,-30.007
150.124,return,-18.205,-111.867,-30.008
150.158,return,-18.155,-111.552,-30.009
150.192,return,-18.116,-111.300,-30.010
150.224,return,-18.076,-111.048,-30.011
150.258,return,-18.036,-110.796,-30.012
150.292,return,-17.996,-110.545,-30.012
150.324,return,-17.956,-110.293,-30.013
150.358,return,-17.906,-109.978,-30.014
150.392,return,-17.867,-109.726,-30.015
150.424,return,-17.827,-109.474,-30.015
150.458,return,-17.786,-109.223,-30.016
150.492,return,-17.746,-108.971,-30.016
150.524,return,-17.706,-108.720,-30.017
150.558,return,-17.656,-108.406,-30.017
150.592,return,-17.615,-108.155,-30.018
150.624,return,-17.574,-107.903,-30.018
150.658,return,-17.534,-107.652,-30.019
150.692,return,-17.493,-107.401,-30.019
150.724,return,-17.452,-107.150,-30.020
150.758,return,-17.401,-106.836,-30.020
150.792,return,-17.360,-106.585,-30.020
150.824,return,-17.319,-106.334,-30.021
150.858,return,-17.278,-106.082,-30.021
150.892,return,-17.237,-105.831,-30.021
150.924,return,-17.196,-105.580,-30.021
150.958,return,-17.144,-105.265,-30.021
150.992,return,-17.103,-105.013,-30.021
151.024,return,-17.062,-104.762,-30.021
151.058,return,-17.021,-104.510,-30.021
151.092,return,-16.980,-104.258,-30.021
151.124,return,-16.938,-104.006,-30.020
151.158,return,-16.887,-103.691,-30.020
151.192,return,-16.846,-103.439,-30.020
151.224,return,-16.805,-103.187,-30.020
151.258,return,-16.764,-102.935,-30.019
151.292,return,-16.723,-102.682,-30.019
151.324,return,-16.683,-102.430,-30.019
151.358,return,-16.632,-102.115,-30.018
151.392,return,-16.592,-101.863,-30.017
151.424,return,-16.551,-101.611,-30.017
151.458,return,-16.511,-101.359,-30.016
151.492,return,-16.471,-101.106,-30.015
151.524,return,-16.431,-100.854,-30.015
151.558,return,-16.381,-100.539,-30.013
151.592,return,-16.341,-100.287,-30.012
151.624,return,-16.301,-100.035,-30.011
151.658,return,-16.262,-99.783,-30.011
151.692,return,-16.222,-99.531,-30.010
151.724,return,-16.182,-99.279,-30.009
151.758,return,-16.133,-98.964,-30.008
151.792,return,-16.093,-98.712,-30.007
151.824,return,-16.054,-98.460,-30.007
151.858,return,-16.014,-98.208,-30.006
151.892,return,-15.975,-97.956,-30.006
151.924,return,-15.935,-97.704,-30.006
151.958,return,-15.886,-97.389,-30.005
151.992,return,-15.846,-97.136,-30.005
152.024,return,-15.806,-96.884,-30.004
152.058,return,-15.766,-96.632,-30.004
152.092,return,-15.726,-96.380,-30.004
152.124,return,-15.685,-96.128,-30.004
152.158,return,-15.635,-95.813,-30.003
152.192,return,-15.594,-95.561,-30.003
152.224,return,-15.554,-95.309,-30.003
152.258,return,-15.513,-95.056,-30.003
152.292,return,-15.472,-94.804,-30.003
152.324,return,-15.432,-94.552,-30.002
152.358,return,-15.381,-94.237,-30.002
152.392,return,-15.340,-93.985,-30.002
152.424,return,-15.299,-93.733,-30.001
152.458,return,-15.258,-93.481,-30.001
152.492,return,-15.217,-93.229,-30.001
152.524,return,-15.177,-92.977,-30.000
152.558,return,-15.125,-92.662,-30.000
152.592,return,-15.084,-92.410,-30.000
152.624,return,-15.043,-92.159,-30.000
152.658,return,-15.002,-91.907,-29.999
152.692,return,-14.961,-91.656,-29.999
152.724,return,-14.920,-91.404,-29.999
152.758,return,-14.868,-91.090,-29.999
152.792,return,-14.827,-90.838,-30.000
152.824,return,-14.786,-90.587,-30.000
152.858,return,-14.744,-90.335,-30.000
152.892,return,-14.703,-90.084,-30.000
152.924,return,-14.661,-89.832,-30.000
152.958,return,-14.609,-89.518,-30.000
152.992,return,-14.568,-89.266,-30.001
153.024,return,-14.526,-89.015,-30.001
153.058,return,-14.484,-88.763,-30.002
153.092,return,-14.442,-88.512,-30.002
153.124,return,-14.400,-88.261,-30.002
153.158,return,-14.347,-87.946,-30.003
153.193,return,-14.305,-87.695,-30.003
153.224,return,-14.263,-87.444,-30.004
153.258,return,-14.221,-87.192,-30.004
153.292,return,-14.178,-86.941,-30.005
153.324,return,-14.136,-86.690,-30.005
153.359,return,-14.084,-86.375,-30.006
153.392,return,-14.042,-86.124,-30.006
153.424,return,-14.000,-85.873,-30.006
153.458,return,-13.958,-85.621,-30.006
153.492,return,-13.917,-85.370,-30.006
153.524,return,-13.875,-85.118,-30.006
153.558,return,-13.823,-84.803,-30.007
153.592,return,-13.782,-84.552,-30.007
153.624,return,-13.740,-84.300,-30.006
153.658,return,-13.699,-84.048,-30.006
153.693,return,-13.657,-83.797,-30.006
153.724,return,-13.616,-83.545,-30.006
153.758,return,-13.564,-83.230,-30.006
153.792,return,-13.522,-82.978,-30.005
153.824,return,-13.481,-82.726,-30.005
153.858,return,-13.439,-82.474,-30.005
153.892,return,-13.398,-82.222,-30.005
153.924,return,-13.357,-81.970,-30.004
153.958,return,-13.305,-81.655,-30.004
153.992,return,-13.264,-81.403,-30.004
154.025,return,-13.223,-81.151,-30.003
154.059,return,-13.182,-80.899,-30.003
154.093,return,-13.141,-80.648,-30.003
154.125,return,-13.100,-80.396,-30.003
154.159,return,-13.049,-80.081,-30.003
154.193,return,-13.008,-79.830,-30.003
154.225,return,-12.968,-79.578,-30.003
154.259,return,-12.927,-79.327,-30.002
154.293,return,-12.887,-79.076,-30.002
154.326,return,-12.846,-78.824,-30.002
154.359,return,-12.796,-78.510,-30.002
154.393,return,-12.755,-78.259,-30.002
154.425,return,-12.715,-78.008,-30.002
154.459,return,-12.676,-77.757,-30.002
154.493,return,-12.636,-77.506,-30.002
154.526,return,-12.596,-77.255,-30.002
154.559,return,-12.547,-76.942,-30.002
154.593,return,-12.507,-76.691,-30.002
154.625,return,-12.468,-76.440,-30.002
154.659,return,-12.428,-76.189,-30.003
154.693,return,-12.389,-75.938,-30.003
154.726,return,-12.349,-75.687,-30.003
154.759,return,-12.299,-75.373,-30.003
154.794,return,-12.260,-75.122,-30.004
154.826,return,-12.220,-74.871,-30.004
154.859,return,-12.180,-74.620,-30.004
154.893,return,-12.141,-74.369,-30.005
154.925,return,-12.101,-74.118,-30.005
154.959,return,-12.051,-73.804,-30.005
154.993,return,-12.011,-73.553,-30.005
155.025,return,-11.971,-73.302,-30.006
155.059,return,-11.932,-73.051,-30.006
155.094,return,-11.892,-72.799,-30.006
155.125,return,-11.852,-72.548,-30.006
155.159,return,-11.802,-72.234,-30.007
155.193,return,-11.763,-71.983,-30.007
155.225,return,-11.723,-71.731,-30.008
155.259,return,-11.683,-71.480,-30.008
155.293,return,-11.643,-71.229,-30.008
155.325,return,-11.604,-70.977,-30.008
155.359,return,-11.554,-70.663,-30.008
155.393,return,-11.514,-70.411,-30.008
155.425,return,-11.474,-70.159,-30.008
155.459,return,-11.434,-69.907,-30.008
155.493,return,-11.393,-69.656,-30.008
155.525,return,-11.353,-69.404,-30.008
155.559,return,-11.302,-69.089,-30.007
155.593,return,-11.261,-68.837,-30.007
155.625,return,-11.221,-68.585,-30.006
155.659,return,-11.180,-68.333,-30.006
155.694,return,-11.139,-68.081,-30.005
155.725,return,-11.098,-67.829,-30.005
155.759,return,-11.047,-67.515,-30.004
155.793,return,-11.006,-67.263,-30.004
155.826,return,-10.965,-67.011,-30.003
155.859,return,-10.924,-66.759,-30.002
155.893,return,-10.883,-66.507,-30.002
155.925,return,-10.842,-66.255,-30.001
155.959,return,-10.791,-65.941,-30.000
155.993,return,-10.751,-65.689,-29.999
156.025,return,-10.710,-65.437,-29.998
156.059,return,-10.669,-65.185,-29.997
156.093,return,-10.628,-64.934,-29.997
156.126,return,-10.587,-64.682,-29.996
156.159,return,-10.536,-64.367,-29.996
156.193,return,-10.495,-64.116,-29.995
156.225,return,-10.454,-63.864,-29.995
156.259,return,-10.414,-63.612,-29.994
156.293,return,-10.373,-63.361,-29.994
156.325,return,-10.332,-63.109,-29.994
156.359,return,-10.280,-62.794,-29.994
156.393,return,-10.239,-62.543,-29.994
156.425,return,-10.199,-62.291,-29.994
156.459,return,-10.158,-62.039,-29.994
156.493,return,-10.117,-61.787,-29.994
156.525,return,-10.077,-61.535,-29.994
156.559,return,-10.026,-61.220,-29.994
156.593,return,-9.986,-60.968,-29.994
156.625,return,-9.945,-60.716,-29.994
156.660,return,-9.905,-60.464,-29.994
156.695,return,-9.865,-60.212,-29.994
156.726,return,-9.824,-59.960,-29.993
156.761,return,-9.774,-59.646,-29.993
156.795,return,-9.734,-59.394,-29.993
156.827,return,-9.693,-59.142,-29.993
156.861,return,-9.653,-58.891,-29.992
156.896,return,-9.612,-58.639,-29.992
156.927,return,-9.572,-58.387,-29.992
156.961,return,-9.521,-58.073,-29.992
156.996,return,-9.480,-57.821,-29.993
157.027,return,-9.439,-57.570,-29.993
157.062,return,-9.398,-57.318,-29.993
157.095,return,-9.356,-57.067,-29.994
157.127,return,-9.315,-56.815,-29.994
157.162,return,-9.263,-56.501,-29.995
157.195,return,-9.222,-56.250,-29.995
157.228,return,-9.181,-55.999,-29.996
157.261,return,-9.139,-55.747,-29.997
157.295,return,-9.098,-55.496,-29.998
157.327,return,-9.056,-55.245,-29.998
157.362,return,-9.004,-54.931,-29.999
157.397,return,-8.962,-54.680,-30.000
157.429,return,-8.920,-54.429,-30.001
157.463,return,-8.878,-54.178,-30.002
157.497,return,-8.836,-53.927,-30.002
157.529,return,-8.795,-53.676,-30.003
157.563,return,-8.743,-53.362,-30.004
157.597,return,-8.701,-53.111,-30.005
157.629,return,-8.660,-52.860,-30.005
157.663,return,-8.618,-52.609,-30.006
157.697,return,-8.577,-52.357,-30.006
157.729,return,-8.535,-52.106,-30.006
157.763,return,-8.483,-51.792,-30.007
157.797,return,-8.442,-51.540,-30.007
157.829,return,-8.400,-51.288,-30.007
157.863,return,-8.358,-51.036,-30.007
157.897,return,-8.317,-50.785,-30.008
157.929,return,-8.275,-50.533,-30.008
157.963,return,-8.223,-50.218,-30.008
157.998,return,-8.181,-49.966,-30.008
158.030,return,-8.140,-49.714,-30.009
158.064,return,-8.098,-49.462,-30.009
158.098,return,-8.057,-49.210,-30.009
158.130,return,-8.015,-48.957,-30.010
158.164,return,-7.963,-48.642,-30.010
158.198,return,-7.922,-48.390,-30.010
158.230,return,-7.880,-48.138,-30.011
158.264,return,-7.838,-47.885,-30.011
158.298,return,-7.797,-47.633,-30.012
158.330,return,-7.755,-47.381,-30.012
158.364,return,-7.703,-47.066,-30.012
158.398,return,-7.662,-46.813,-30.012
158.430,return,-7.620,-46.561,-30.013
158.464,return,-7.578,-46.309,-30.013
158.498,return,-7.537,-46.057,-30.014
158.530,return,-7.495,-45.805,-30.014
158.564,return,-7.443,-45.489,-30.015
158.598,return,-7.401,-45.237,-30.015
158.630,return,-7.359,-44.985,-30.015
158.664,return,-7.318,-44.733,-30.016
158.698,return,-7.276,-44.480,-30.016
158.730,return,-7.235,-44.228,-30.017
158.764,return,-7.183,-43.912,-30.017
158.798,return,-7.142,-43.660,-30.017
158.830,return,-7.100,-43.407,-30.018
158.864,return,-7.059,-43.154,-30.018
158.898,return,-7.018,-42.901,-30.018
158.930,return,-6.977,-42.648,-30.018
158.964,return,-6.926,-42.332,-30.018
158.998,return,-6.886,-42.079,-30.018
159.031,return,-6.845,-41.826,-30.018
159.065,return,-6.804,-41.573,-30.018
159.099,return,-6.764,-41.319,-30.018
159.131,return,-6.724,-41.066,-30.017
159.165,return,-6.673,-40.750,-30.017
159.199,return,-6.633,-40.497,-30.017
159.231,return,-6.592,-40.243,-30.016
159.265,return,-6.552,-39.990,-30.016
159.299,return,-6.511,-39.737,-30.015
159.331,return,-6.471,-39.484,-30.015
159.366,return,-6.420,-39.168,-30.015
159.400,return,-6.380,-38.915,-30.014
159.433,return,-6.339,-38.662,-30.014
159.466,return,-6.298,-38.409,-30.014
159.500,return,-6.258,-38.156,-30.014
159.532,return,-6.217,-37.903,-30.013
159.566,return,-6.165,-37.587,-30.013
159.600,return,-6.123,-37.335,-30.013
159.632,return,-6.082,-37.082,-30.013
159.666,return,-6.040,-36.829,-30.012
159.700,return,-5.998,-36.577,-30.012
159.732,return,-5.956,-36.324,-30.011
159.767,return,-5.903,-36.009,-30.011
159.802,return,-5.861,-35.757,-30.010
159.834,return,-5.819,-35.504,-30.010
159.870,return,-5.777,-35.252,-30.010
159.904,return,-5.735,-35.000,-30.009
159.936,return,-5.693,-34.747,-30.009
159.970,return,-5.640,-34.432,-30.008
160.004,return,-5.598,-34.180,-30.008
160.036,return,-5.556,-33.928,-30.008
160.070,return,-5.514,-33.676,-30.008
160.104,return,-5.472,-33.424,-30.007
160.136,return,-5.430,-33.172,-30.007
160.170,return,-5.377,-32.857,-30.007
160.204,return,-5.335,-32.605,-30.007
160.236,return,-5.294,-32.354,-30.007
160.271,return,-5.252,-32.102,-30.006
160.305,return,-5.210,-31.851,-30.006
160.337,return,-5.169,-31.599,-30.006
160.371,return,-5.117,-31.284,-30.006
160.405,return,-5.075,-31.033,-30.005
160.437,return,-5.034,-30.781,-30.005
160.471,return,-4.992,-30.530,-30.005
160.505,return,-4.950,-30.278,-30.005
160.537,return,-4.909,-30.027,-30.004
160.571,return,-4.857,-29.712,-30.004
160.605,return,-4.816,-29.461,-30.004
160.637,return,-4.774,-29.210,-30.004
160.671,return,-4.733,-28.958,-30.003
160.705,return,-4.692,-28.707,-30.003
160.737,return,-4.650,-28.456,-30.003
160.771,return,-4.599,-28.142,-30.002
160.805,return,-4.558,-27.892,-30.002
160.837,return,-4.517,-27.641,-30.002
160.871,return,-4.476,-27.390,-30.001
160.905,return,-4.435,-27.139,-30.001
160.937,return,-4.394,-26.888,-30.001
160.971,return,-4.343,-26.574,-30.001
161.005,return,-4.302,-26.324,-30.000
161.037,return,-4.261,-26.073,-30.000
161.071,return,-4.221,-25.822,-30.000
161.105,return,-4.180,-25.570,-30.000
161.137,return,-4.139,-25.319,-29.999
161.189,return,-4.087,-25.005,-29.999
161.234,return,-4.046,-24.754,-29.999
161.266,return,-4.005,-24.502,-29.999
161.300,return,-3.963,-24.250,-29.999
161.334,return,-3.922,-23.999,-29.999
161.366,return,-3.880,-23.747,-29.999
161.400,return,-3.828,-23.433,-29.999
161.434,return,-3.786,-23.181,-29.999
161.466,return,-3.744,-22.930,-29.999
161.500,return,-3.703,-22.678,-29.999
161.534,return,-3.661,-22.427,-29.999
161.566,return,-3.619,-22.175,-29.999
161.600,return,-3.567,-21.861,-29.998
161.634,return,-3.525,-21.609,-29.998
161.666,return,-3.483,-21.358,-29.998
161.700,return,-3.442,-21.107,-29.998
161.734,return,-3.400,-20.855,-29.999
161.766,return,-3.358,-20.604,-29.999
161.800,return,-3.306,-20.290,-29.999
161.834,return,-3.265,-20.039,-29.999
161.866,return,-3.223,-19.788,-29.999
161.900,return,-3.181,-19.538,-29.999
161.934,return,-3.139,-19.287,-29.999
161.966,return,-3.098,-19.036,-29.999
162.000,return,-3.045,-18.723,-29.999
162.034,return,-3.003,-18.472,-29.999
162.066,return,-2.961,-18.222,-29.999
162.100,return,-2.919,-17.971,-29.999
162.134,return,-2.876,-17.720,-29.999
162.166,return,-2.834,-17.470,-29.999
162.200,return,-2.781,-17.156,-29.999
162.234,return,-2.739,-16.905,-29.999
162.266,return,-2.697,-16.654,-29.999
162.300,return,-2.655,-16.404,-29.998
162.334,return,-2.613,-16.153,-29.998
162.366,return,-2.571,-15.902,-29.998
162.400,return,-2.519,-15.588,-29.998
162.434,return,-2.477,-15.337,-29.997
162.466,return,-2.435,-15.086,-29.997
162.500,return,-2.394,-14.835,-29.997
162.534,return,-2.353,-14.584,-29.996
162.567,return,-2.311,-14.333,-29.996
162.601,return,-2.260,-14.019,-29.996
162.635,return,-2.219,-13.767,-29.995
162.667,return,-2.178,-13.516,-29.995
162.701,return,-2.137,-13.265,-29.994
162.735,return,-2.097,-13.014,-29.994
162.767,return,-2.056,-12.763,-29.994
162.802,return,-2.006,-12.449,-29.994
162.836,return,-1.966,-12.197,-29.994
162.868,return,-1.925,-11.946,-29.994
162.902,return,-1.885,-11.694,-29.994
162.936,return,-1.845,-11.443,-29.994
162.968,return,-1.805,-11.191,-29.994
163.002,return,-1.755,-10.877,-29.994
163.036,return,-1.716,-10.625,-29.994
163.069,return,-1.676,-10.374,-29.994
163.103,return,-1.636,-10.122,-29.994
163.137,return,-1.596,-9.870,-29.994
163.169,return,-1.557,-9.618,-29.994
163.203,return,-1.507,-9.303,-29.994
163.237,return,-1.467,-9.051,-29.993
163.270,return,-1.428,-8.799,-29.993
163.304,return,-1.388,-8.547,-29.992
163.338,return,-1.348,-8.294,-29.992
163.370,return,-1.308,-8.042,-29.991
163.404,return,-1.258,-7.727,-29.991
163.438,return,-1.218,-7.474,-29.990
163.471,return,-1.178,-7.222,-29.990
163.505,return,-1.138,-6.970,-29.990
163.539,return,-1.098,-6.719,-29.989
163.573,return,-1.058,-6.467,-29.989
163.607,return,-1.008,-6.154,-29.989
163.641,return,-0.967,-5.905,-29.990
163.673,return,-0.927,-5.656,-29.991
163.707,return,-0.887,-5.410,-29.992
163.741,return,-0.848,-5.166,-29.994
163.773,return,-0.808,-4.924,-29.997
163.807,return,-0.760,-4.626,-30.001
163.841,return,-0.721,-4.391,-30.004
163.873,return,-0.683,-4.160,-30.008
163.907,return,-0.646,-3.932,-30.012
163.941,return,-0.609,-3.709,-30.017
163.973,return,-0.573,-3.491,-30.021
164.007,return,-0.529,-3.226,-30.027
164.041,return,-0.495,-3.019,-30.031
164.073,return,-0.461,-2.818,-30.036
