elapsed_sec,phase,north_m,east_m,down_m
0.016,takeoff,-0.008,0.000,0.013
0.050,takeoff,-0.008,-0.000,0.013
0.082,takeoff,-0.009,-0.001,0.012
0.116,takeoff,-0.010,-0.001,0.012
0.150,takeoff,-0.010,-0.002,0.012
0.182,takeoff,-0.011,-0.002,0.012
0.216,takeoff,-0.012,-0.003,0.011
0.251,takeoff,-0.012,-0.003,0.011
0.283,takeoff,-0.013,-0.003,0.011
0.317,takeoff,-0.013,-0.004,0.011
0.351,takeoff,-0.014,-0.004,0.011
0.383,takeoff,-0.014,-0.004,0.011
0.417,takeoff,-0.015,-0.005,0.011
0.451,takeoff,-0.015,-0.005,0.011
0.483,takeoff,-0.015,-0.006,0.011
0.517,takeoff,-0.016,-0.006,0.011
0.551,takeoff,-0.016,-0.007,0.011
0.583,takeoff,-0.016,-0.007,0.011
0.617,takeoff,-0.017,-0.008,0.012
0.651,takeoff,-0.017,-0.009,0.012
0.683,takeoff,-0.017,-0.010,0.012
0.717,takeoff,-0.017,-0.011,0.012
0.751,takeoff,-0.017,-0.012,0.012
0.783,takeoff,-0.017,-0.013,0.012
0.817,takeoff,-0.017,-0.014,0.013
0.851,takeoff,-0.018,-0.015,0.013
0.883,takeoff,-0.018,-0.016,0.013
0.917,takeoff,-0.018,-0.017,0.013
0.951,takeoff,-0.018,-0.018,0.013
0.983,takeoff,-0.019,-0.018,0.013
1.017,takeoff,-0.019,-0.020,0.013
1.051,takeoff,-0.019,-0.020,0.013
1.083,takeoff,-0.019,-0.021,0.013
1.117,takeoff,-0.019,-0.022,0.013
1.151,takeoff,-0.019,-0.022,0.013
1.183,takeoff,-0.019,-0.023,0.013
1.217,takeoff,-0.019,-0.024,0.013
1.251,takeoff,-0.019,-0.024,0.013
1.283,takeoff,-0.019,-0.025,0.014
1.317,takeoff,-0.019,-0.025,0.014
1.351,takeoff,-0.019,-0.026,0.014
1.383,takeoff,-0.020,-0.026,0.015
1.417,takeoff,-0.020,-0.026,0.015
1.451,takeoff,-0.020,-0.026,0.016
1.483,takeoff,-0.020,-0.026,0.016
1.517,takeoff,-0.020,-0.026,0.017
1.551,takeoff,-0.020,-0.027,0.017
1.583,takeoff,-0.020,-0.027,0.018
1.617,takeoff,-0.019,-0.027,0.018
1.651,takeoff,-0.019,-0.027,0.019
1.683,takeoff,-0.019,-0.027,0.020
1.717,takeoff,-0.019,-0.027,0.020
1.751,takeoff,-0.019,-0.027,0.021
1.783,takeoff,-0.018,-0.027,0.021
1.817,takeoff,-0.018,-0.027,0.022
1.851,takeoff,-0.018,-0.027,0.023
1.883,takeoff,-0.018,-0.027,0.023
1.917,takeoff,-0.018,-0.027,0.023
1.951,takeoff,-0.018,-0.027,0.024
1.983,takeoff,-0.018,-0.027,0.024
2.017,takeoff,-0.018,-0.027,0.024
2.051,takeoff,-0.019,-0.027,0.025
2.083,takeoff,-0.019,-0.027,0.025
2.117,takeoff,-0.019,-0.027,0.025
2.151,takeoff,-0.020,-0.027,0.025
2.183,takeoff,-0.020,-0.026,0.024
2.217,takeoff,-0.021,-0.027,0.021
2.251,takeoff,-0.022,-0.027,0.018
2.283,takeoff,-0.023,-0.027,0.012
2.317,takeoff,-0.025,-0.027,0.005
2.351,takeoff,-0.026,-0.027,-0.005
2.383,takeoff,-0.027,-0.026,-0.017
2.417,takeoff,-0.029,-0.025,-0.035
2.451,takeoff,-0.030,-0.024,-0.053
2.483,takeoff,-0.031,-0.022,-0.073
2.517,takeoff,-0.033,-0.020,-0.096
2.551,takeoff,-0.034,-0.017,-0.121
2.583,takeoff,-0.035,-0.014,-0.149
2.617,takeoff,-0.036,-0.009,-0.188
2.651,takeoff,-0.037,-0.005,-0.222
2.683,takeoff,-0.038,-0.001,-0.259
2.717,takeoff,-0.039,0.004,-0.299
2.751,takeoff,-0.039,0.009,-0.341
2.783,takeoff,-0.039,0.015,-0.386
2.817,takeoff,-0.040,0.022,-0.445
2.851,takeoff,-0.040,0.027,-0.496
2.883,takeoff,-0.040,0.033,-0.549
2.917,takeoff,-0.040,0.039,-0.605
2.951,takeoff,-0.040,0.045,-0.664
2.983,takeoff,-0.039,0.050,-0.725
3.017,takeoff,-0.039,0.057,-0.804
3.051,takeoff,-0.038,0.062,-0.871
3.083,takeoff,-0.037,0.067,-0.940
3.117,takeoff,-0.036,0.072,-1.011
3.151,takeoff,-0.036,0.077,-1.084
3.183,takeoff,-0.035,0.081,-1.160
3.217,takeoff,-0.034,0.087,-1.257
3.251,takeoff,-0.033,0.090,-1.336
3.283,takeoff,-0.033,0.094,-1.417
3.317,takeoff,-0.033,0.097,-1.498
3.351,takeoff,-0.032,0.101,-1.580
3.383,takeoff,-0.032,0.103,-1.663
3.417,takeoff,-0.033,0.107,-1.767
3.451,takeoff,-0.033,0.109,-1.851
3.483,takeoff,-0.034,0.111,-1.935
3.517,takeoff,-0.034,0.112,-2.020
3.551,takeoff,-0.036,0.114,-2.104
3.583,takeoff,-0.037,0.115,-2.189
3.617,takeoff,-0.039,0.115,-2.295
3.651,takeoff,-0.041,0.116,-2.380
3.683,takeoff,-0.043,0.116,-2.465
3.717,takeoff,-0.045,0.116,-2.550
3.751,takeoff,-0.047,0.116,-2.635
3.783,takeoff,-0.050,0.115,-2.721
3.817,takeoff,-0.053,0.114,-2.828
3.851,takeoff,-0.055,0.113,-2.913
3.883,takeoff,-0.058,0.112,-2.999
3.917,takeoff,-0.061,0.110,-3.085
3.951,takeoff,-0.064,0.108,-3.171
3.983,takeoff,-0.067,0.106,-3.257
4.017,takeoff,-0.071,0.103,-3.364
4.051,takeoff,-0.073,0.101,-3.451
4.083,takeoff,-0.076,0.098,-3.537
4.117,takeoff,-0.079,0.095,-3.624
4.151,takeoff,-0.082,0.093,-3.710
4.183,takeoff,-0.085,0.090,-3.797
4.217,takeoff,-0.089,0.087,-3.905
4.251,takeoff,-0.091,0.084,-3.992
4.283,takeoff,-0.094,0.081,-4.078
4.317,takeoff,-0.097,0.078,-4.165
4.351,takeoff,-0.099,0.075,-4.251
4.383,takeoff,-0.102,0.072,-4.338
4.417,takeoff,-0.105,0.069,-4.446
4.451,takeoff,-0.107,0.066,-4.533
4.483,takeoff,-0.109,0.062,-4.620
4.517,takeoff,-0.111,0.059,-4.707
4.551,takeoff,-0.113,0.056,-4.794
4.583,takeoff,-0.115,0.053,-4.881
4.617,takeoff,-0.117,0.049,-4.991
4.651,takeoff,-0.119,0.045,-5.078
4.683,takeoff,-0.121,0.042,-5.166
4.717,takeoff,-0.122,0.038,-5.254
4.751,takeoff,-0.124,0.035,-5.342
4.783,takeoff,-0.125,0.032,-5.430
4.817,takeoff,-0.127,0.027,-5.540
4.851,takeoff,-0.128,0.024,-5.629
4.883,takeoff,-0.130,0.020,-5.717
4.917,takeoff,-0.131,0.016,-5.806
4.951,takeoff,-0.133,0.013,-5.896
4.983,takeoff,-0.134,0.009,-5.985
5.017,takeoff,-0.136,0.005,-6.097
5.051,takeoff,-0.138,0.001,-6.186
5.083,takeoff,-0.139,-0.002,-6.276
5.117,takeoff,-0.141,-0.005,-6.366
5.151,takeoff,-0.142,-0.009,-6.457
5.183,takeoff,-0.143,-0.012,-6.547
5.217,takeoff,-0.145,-0.016,-6.661
5.251,takeoff,-0.146,-0.019,-6.751
5.283,takeoff,-0.147,-0.023,-6.842
5.317,takeoff,-0.147,-0.026,-6.934
5.351,takeoff,-0.148,-0.030,-7.025
5.383,takeoff,-0.148,-0.033,-7.116
5.417,takeoff,-0.148,-0.038,-7.230
5.451,takeoff,-0.148,-0.041,-7.322
5.483,takeoff,-0.148,-0.045,-7.414
5.517,takeoff,-0.147,-0.048,-7.505
5.551,takeoff,-0.147,-0.052,-7.597
5.583,takeoff,-0.146,-0.055,-7.689
5.617,takeoff,-0.145,-0.059,-7.804
5.651,takeoff,-0.143,-0.062,-7.896
5.683,takeoff,-0.142,-0.065,-7.988
5.717,takeoff,-0.141,-0.067,-8.080
5.751,takeoff,-0.139,-0.070,-8.172
5.783,takeoff,-0.137,-0.072,-8.264
5.817,takeoff,-0.134,-0.074,-8.380
5.851,takeoff,-0.131,-0.076,-8.472
5.883,takeoff,-0.129,-0.078,-8.564
5.917,takeoff,-0.126,-0.080,-8.656
5.951,takeoff,-0.123,-0.081,-8.748
5.983,takeoff,-0.121,-0.082,-8.840
6.017,takeoff,-0.117,-0.084,-8.955
6.051,takeoff,-0.113,-0.085,-9.047
6.083,takeoff,-0.110,-0.086,-9.139
6.117,takeoff,-0.107,-0.087,-9.230
6.151,takeoff,-0.103,-0.088,-9.322
6.183,takeoff,-0.099,-0.089,-9.414
6.217,takeoff,-0.094,-0.090,-9.529
6.251,takeoff,-0.091,-0.091,-9.621
6.283,takeoff,-0.087,-0.092,-9.713
6.317,takeoff,-0.082,-0.093,-9.805
6.351,takeoff,-0.078,-0.093,-9.897
6.383,takeoff,-0.074,-0.094,-9.989
6.417,takeoff,-0.068,-0.094,-10.104
6.451,takeoff,-0.064,-0.095,-10.196
6.483,takeoff,-0.059,-0.095,-10.288
6.517,takeoff,-0.055,-0.095,-10.381
6.551,takeoff,-0.051,-0.095,-10.473
6.583,takeoff,-0.046,-0.095,-10.565
6.617,takeoff,-0.041,-0.095,-10.681
6.651,takeoff,-0.037,-0.095,-10.773
6.683,takeoff,-0.033,-0.095,-10.865
6.717,takeoff,-0.029,-0.094,-10.958
6.751,takeoff,-0.025,-0.094,-11.051
6.783,takeoff,-0.022,-0.093,-11.143
6.817,takeoff,-0.017,-0.093,-11.259
6.851,takeoff,-0.013,-0.092,-11.352
6.883,takeoff,-0.010,-0.091,-11.444
6.917,takeoff,-0.007,-0.090,-11.537
6.951,takeoff,-0.003,-0.090,-11.630
6.983,takeoff,-0.000,-0.089,-11.723
7.017,takeoff,0.004,-0.087,-11.839
7.051,takeoff,0.007,-0.086,-11.931
7.083,takeoff,0.010,-0.085,-12.024
7.117,takeoff,0.013,-0.083,-12.117
7.151,takeoff,0.015,-0.082,-12.211
7.183,takeoff,0.018,-0.080,-12.304
7.217,takeoff,0.021,-0.078,-12.420
7.252,takeoff,0.023,-0.076,-12.514
7.284,takeoff,0.025,-0.074,-12.607
7.318,takeoff,0.027,-0.071,-12.701
7.352,takeoff,0.029,-0.069,-12.794
7.384,takeoff,0.031,-0.066,-12.888
7.418,takeoff,0.033,-0.062,-13.004
7.452,takeoff,0.035,-0.059,-13.098
7.484,takeoff,0.037,-0.056,-13.192
7.518,takeoff,0.038,-0.053,-13.285
7.552,takeoff,0.040,-0.049,-13.379
7.584,takeoff,0.041,-0.045,-13.472
7.618,takeoff,0.043,-0.041,-13.589
7.652,takeoff,0.045,-0.037,-13.683
7.684,takeoff,0.047,-0.033,-13.777
7.718,takeoff,0.048,-0.029,-13.870
7.752,takeoff,0.050,-0.025,-13.964
7.784,takeoff,0.051,-0.021,-14.057
7.818,takeoff,0.053,-0.016,-14.174
7.852,takeoff,0.054,-0.012,-14.268
7.884,takeoff,0.055,-0.008,-14.362
7.918,takeoff,0.056,-0.005,-14.455
7.952,takeoff,0.057,-0.001,-14.549
7.984,takeoff,0.058,0.002,-14.643
8.018,takeoff,0.059,0.006,-14.760
8.052,takeoff,0.059,0.009,-14.854
8.084,takeoff,0.059,0.012,-14.948
8.118,takeoff,0.059,0.015,-15.042
8.152,takeoff,0.059,0.018,-15.136
8.184,takeoff,0.058,0.020,-15.229
8.218,takeoff,0.058,0.023,-15.347
8.252,takeoff,0.057,0.025,-15.441
8.284,takeoff,0.056,0.027,-15.534
8.318,takeoff,0.055,0.029,-15.628
8.352,takeoff,0.054,0.030,-15.722
8.384,takeoff,0.053,0.032,-15.816
8.418,takeoff,0.051,0.034,-15.933
8.452,takeoff,0.049,0.035,-16.027
8.484,takeoff,0.048,0.037,-16.121
8.518,takeoff,0.046,0.038,-16.215
8.552,takeoff,0.044,0.039,-16.309
8.584,takeoff,0.042,0.041,-16.403
8.618,takeoff,0.040,0.042,-16.520
8.652,takeoff,0.038,0.042,-16.614
8.684,takeoff,0.036,0.043,-16.708
8.718,takeoff,0.034,0.043,-16.802
8.752,takeoff,0.031,0.044,-16.896
8.784,takeoff,0.029,0.044,-16.991
8.818,takeoff,0.026,0.044,-17.108
8.852,takeoff,0.024,0.044,-17.203
8.884,takeoff,0.021,0.044,-17.297
8.918,takeoff,0.019,0.044,-17.391
8.952,takeoff,0.016,0.045,-17.485
8.984,takeoff,0.014,0.045,-17.580
9.018,takeoff,0.011,0.045,-17.697
9.052,takeoff,0.009,0.045,-17.791
9.084,takeoff,0.006,0.045,-17.886
9.118,takeoff,0.004,0.045,-17.980
9.152,takeoff,0.002,0.046,-18.074
9.184,takeoff,-0.000,0.046,-18.168
9.218,takeoff,-0.003,0.046,-18.285
9.252,takeoff,-0.005,0.045,-18.379
9.284,takeoff,-0.007,0.045,-18.473
9.318,takeoff,-0.009,0.045,-18.567
9.352,takeoff,-0.012,0.045,-18.661
9.384,takeoff,-0.014,0.044,-18.755
9.418,takeoff,-0.017,0.044,-18.872
9.452,takeoff,-0.019,0.043,-18.966
9.484,takeoff,-0.022,0.043,-19.061
9.518,takeoff,-0.024,0.042,-19.155
9.552,takeoff,-0.027,0.042,-19.249
9.584,takeoff,-0.029,0.041,-19.344
9.618,takeoff,-0.033,0.040,-19.462
9.652,takeoff,-0.035,0.039,-19.556
9.684,takeoff,-0.038,0.038,-19.651
9.718,takeoff,-0.040,0.037,-19.746
9.752,takeoff,-0.043,0.036,-19.840
9.784,takeoff,-0.045,0.035,-19.935
9.819,takeoff,-0.048,0.034,-20.053
9.853,takeoff,-0.051,0.033,-20.148
9.885,takeoff,-0.053,0.032,-20.243
9.919,takeoff,-0.055,0.030,-20.337
9.953,takeoff,-0.057,0.029,-20.432
9.985,takeoff,-0.059,0.027,-20.526
10.019,takeoff,-0.061,0.025,-20.644
10.053,takeoff,-0.063,0.023,-20.739
10.085,takeoff,-0.065,0.021,-20.833
10.119,takeoff,-0.066,0.019,-20.927
10.153,takeoff,-0.067,0.017,-21.022
10.185,takeoff,-0.069,0.015,-21.116
10.219,takeoff,-0.070,0.013,-21.234
10.253,takeoff,-0.071,0.011,-21.328
10.285,takeoff,-0.072,0.009,-21.423
10.319,takeoff,-0.073,0.007,-21.517
10.353,takeoff,-0.074,0.006,-21.612
10.385,takeoff,-0.074,0.004,-21.706
10.419,takeoff,-0.074,0.003,-21.825
10.453,takeoff,-0.074,0.002,-21.920
10.485,takeoff,-0.074,0.000,-22.014
10.519,takeoff,-0.074,-0.001,-22.109
10.553,takeoff,-0.074,-0.002,-22.204
10.585,takeoff,-0.074,-0.003,-22.299
10.619,takeoff,-0.073,-0.004,-22.417
10.653,takeoff,-0.073,-0.005,-22.512
10.685,takeoff,-0.073,-0.006,-22.606
10.719,takeoff,-0.072,-0.007,-22.701
10.753,takeoff,-0.072,-0.007,-22.796
10.785,takeoff,-0.071,-0.008,-22.890
10.819,takeoff,-0.070,-0.009,-23.008
10.853,takeoff,-0.070,-0.009,-23.103
10.885,takeoff,-0.069,-0.010,-23.198
10.919,takeoff,-0.069,-0.010,-23.292
10.953,takeoff,-0.068,-0.011,-23.387
10.985,takeoff,-0.067,-0.011,-23.481
11.019,takeoff,-0.066,-0.011,-23.600
11.053,takeoff,-0.066,-0.012,-23.694
11.085,takeoff,-0.065,-0.012,-23.788
11.119,takeoff,-0.064,-0.013,-23.883
11.153,takeoff,-0.064,-0.013,-23.977
11.185,takeoff,-0.063,-0.013,-24.072
11.219,takeoff,-0.062,-0.013,-24.190
11.253,takeoff,-0.061,-0.013,-24.284
11.285,takeoff,-0.061,-0.013,-24.379
11.319,takeoff,-0.060,-0.013,-24.473
11.353,takeoff,-0.059,-0.012,-24.568
11.385,takeoff,-0.058,-0.012,-24.662
11.419,takeoff,-0.058,-0.011,-24.781
11.453,takeoff,-0.057,-0.011,-24.875
11.485,takeoff,-0.056,-0.010,-24.970
11.519,takeoff,-0.055,-0.010,-25.065
11.553,takeoff,-0.054,-0.009,-25.160
11.585,takeoff,-0.053,-0.009,-25.254
11.619,takeoff,-0.052,-0.008,-25.373
11.653,takeoff,-0.051,-0.008,-25.468
11.685,takeoff,-0.050,-0.008,-25.562
11.719,takeoff,-0.049,-0.008,-25.657
11.753,takeoff,-0.049,-0.008,-25.752
11.785,takeoff,-0.048,-0.008,-25.847
11.819,takeoff,-0.047,-0.008,-25.965
11.853,takeoff,-0.046,-0.008,-26.060
11.885,takeoff,-0.045,-0.009,-26.155
11.919,takeoff,-0.044,-0.010,-26.249
11.953,takeoff,-0.043,-0.010,-26.344
11.985,takeoff,-0.042,-0.011,-26.439
12.019,takeoff,-0.040,-0.012,-26.557
12.053,takeoff,-0.039,-0.013,-26.652
12.085,takeoff,-0.038,-0.014,-26.747
12.119,takeoff,-0.038,-0.014,-26.841
12.153,takeoff,-0.037,-0.015,-26.936
12.185,takeoff,-0.036,-0.016,-27.031
12.219,takeoff,-0.035,-0.017,-27.149
12.253,takeoff,-0.035,-0.018,-27.244
12.285,takeoff,-0.034,-0.019,-27.338
12.319,takeoff,-0.033,-0.019,-27.430
12.353,takeoff,-0.033,-0.020,-27.521
12.385,takeoff,-0.032,-0.021,-27.609
12.419,takeoff,-0.032,-0.022,-27.716
12.453,takeoff,-0.031,-0.023,-27.799
12.485,takeoff,-0.031,-0.025,-27.878
12.519,takeoff,-0.031,-0.026,-27.955
12.553,takeoff,-0.030,-0.027,-28.028
12.585,takeoff,-0.030,-0.028,-28.099
12.619,takeoff,-0.029,-0.029,-28.183
12.653,takeoff,-0.029,-0.031,-28.247
12.685,takeoff,-0.029,-0.031,-28.308
12.719,takeoff,-0.028,-0.032,-28.366
12.753,takeoff,-0.028,-0.033,-28.422
12.785,takeoff,-0.027,-0.034,-28.476
12.819,takeoff,-0.026,-0.035,-28.539
12.853,waypoint_1,-0.026,-0.036,-28.587
12.885,waypoint_1,-0.025,-0.037,-28.633
12.919,waypoint_1,-0.024,-0.038,-28.679
12.953,waypoint_1,-0.023,-0.039,-28.725
12.985,waypoint_1,-0.022,-0.040,-28.771
13.019,waypoint_1,-0.021,-0.044,-28.826
13.053,waypoint_1,-0.021,-0.049,-28.870
13.085,waypoint_1,-0.021,-0.056,-28.912
13.119,waypoint_1,-0.021,-0.065,-28.952
13.153,waypoint_1,-0.023,-0.078,-28.990
13.185,waypoint_1,-0.026,-0.093,-29.027
13.219,waypoint_1,-0.031,-0.117,-29.069
13.253,waypoint_1,-0.037,-0.141,-29.100
13.285,waypoint_1,-0.045,-0.168,-29.130
13.319,waypoint_1,-0.054,-0.199,-29.157
13.353,waypoint_1,-0.066,-0.233,-29.183
13.385,waypoint_1,-0.080,-0.271,-29.207
13.419,waypoint_1,-0.100,-0.323,-29.235
13.453,waypoint_1,-0.118,-0.368,-29.255
13.486,waypoint_1,-0.140,-0.417,-29.275
13.520,waypoint_1,-0.163,-0.468,-29.293
13.554,waypoint_1,-0.190,-0.522,-29.310
13.586,waypoint_1,-0.219,-0.579,-29.327
13.620,waypoint_1,-0.259,-0.652,-29.346
13.654,waypoint_1,-0.295,-0.713,-29.361
13.686,waypoint_1,-0.333,-0.776,-29.376
13.720,waypoint_1,-0.373,-0.840,-29.389
13.754,waypoint_1,-0.417,-0.906,-29.403
13.786,waypoint_1,-0.462,-0.973,-29.416
13.820,waypoint_1,-0.521,-1.058,-29.432
13.854,waypoint_1,-0.570,-1.127,-29.444
13.886,waypoint_1,-0.620,-1.198,-29.456
13.920,waypoint_1,-0.671,-1.269,-29.468
13.954,waypoint_1,-0.723,-1.342,-29.480
13.986,waypoint_1,-0.775,-1.416,-29.492
14.020,waypoint_1,-0.840,-1.509,-29.506
14.054,waypoint_1,-0.891,-1.586,-29.517
14.086,waypoint_1,-0.942,-1.663,-29.528
14.120,waypoint_1,-0.991,-1.741,-29.539
14.154,waypoint_1,-1.040,-1.820,-29.549
14.186,waypoint_1,-1.087,-1.901,-29.559
14.220,waypoint_1,-1.145,-2.002,-29.571
14.254,waypoint_1,-1.190,-2.084,-29.580
14.286,waypoint_1,-1.233,-2.168,-29.589
14.320,waypoint_1,-1.275,-2.252,-29.598
14.354,waypoint_1,-1.315,-2.336,-29.607
14.386,waypoint_1,-1.354,-2.422,-29.615
14.420,waypoint_1,-1.401,-2.529,-29.626
14.454,waypoint_1,-1.437,-2.616,-29.634
14.486,waypoint_1,-1.472,-2.703,-29.642
14.520,waypoint_1,-1.506,-2.791,-29.649
14.554,waypoint_1,-1.540,-2.879,-29.657
14.586,waypoint_1,-1.572,-2.967,-29.664
14.620,waypoint_1,-1.612,-3.078,-29.673
14.654,waypoint_1,-1.643,-3.167,-29.680
14.686,waypoint_1,-1.673,-3.257,-29.687
14.720,waypoint_1,-1.703,-3.346,-29.694
14.754,waypoint_1,-1.732,-3.436,-29.700
14.786,waypoint_1,-1.761,-3.526,-29.707
14.820,waypoint_1,-1.797,-3.638,-29.715
14.854,waypoint_1,-1.826,-3.729,-29.722
14.886,waypoint_1,-1.854,-3.819,-29.728
14.920,waypoint_1,-1.882,-3.909,-29.734
14.954,waypoint_1,-1.910,-4.000,-29.741
14.986,waypoint_1,-1.937,-4.090,-29.747
15.020,waypoint_1,-1.972,-4.204,-29.754
15.054,waypoint_1,-1.999,-4.294,-29.759
15.086,waypoint_1,-2.027,-4.385,-29.765
15.120,waypoint_1,-2.054,-4.476,-29.770
15.154,waypoint_1,-2.081,-4.568,-29.775
15.187,waypoint_1,-2.108,-4.659,-29.780
15.221,waypoint_1,-2.141,-4.773,-29.786
15.255,waypoint_1,-2.168,-4.864,-29.791
15.287,waypoint_1,-2.195,-4.955,-29.796
15.321,waypoint_1,-2.221,-5.046,-29.800
15.355,waypoint_1,-2.247,-5.137,-29.805
15.387,waypoint_1,-2.274,-5.228,-29.810
15.421,waypoint_1,-2.306,-5.342,-29.815
15.455,waypoint_1,-2.332,-5.433,-29.819
15.487,waypoint_1,-2.358,-5.525,-29.824
15.521,waypoint_1,-2.383,-5.616,-29.828
15.555,waypoint_1,-2.409,-5.708,-29.832
15.587,waypoint_1,-2.434,-5.799,-29.836
15.621,waypoint_1,-2.466,-5.914,-29.841
15.655,waypoint_1,-2.491,-6.005,-29.845
15.687,waypoint_1,-2.517,-6.097,-29.848
15.721,waypoint_1,-2.542,-6.189,-29.852
15.755,waypoint_1,-2.567,-6.280,-29.855
15.787,waypoint_1,-2.592,-6.372,-29.858
15.821,waypoint_1,-2.623,-6.486,-29.862
15.855,waypoint_1,-2.648,-6.578,-29.865
15.887,waypoint_1,-2.673,-6.670,-29.869
15.921,waypoint_1,-2.698,-6.761,-29.872
15.955,waypoint_1,-2.723,-6.853,-29.875
15.987,waypoint_1,-2.748,-6.944,-29.878
16.021,waypoint_1,-2.779,-7.059,-29.881
16.055,waypoint_1,-2.804,-7.151,-29.884
16.087,waypoint_1,-2.829,-7.242,-29.887
16.121,waypoint_1,-2.854,-7.334,-29.890
16.155,waypoint_1,-2.880,-7.425,-29.892
16.187,waypoint_1,-2.905,-7.517,-29.895
16.221,waypoint_1,-2.937,-7.632,-29.898
16.255,waypoint_1,-2.962,-7.724,-29.900
16.287,waypoint_1,-2.988,-7.816,-29.902
16.321,waypoint_1,-3.013,-7.909,-29.905
16.355,waypoint_1,-3.039,-8.001,-29.907
16.387,waypoint_1,-3.065,-8.093,-29.909
16.421,waypoint_1,-3.097,-8.209,-29.911
16.455,waypoint_1,-3.123,-8.302,-29.913
16.487,waypoint_1,-3.149,-8.395,-29.915
16.521,waypoint_1,-3.174,-8.487,-29.917
16.555,waypoint_1,-3.200,-8.581,-29.919
16.587,waypoint_1,-3.226,-8.674,-29.921
16.621,waypoint_1,-3.259,-8.790,-29.923
16.655,waypoint_1,-3.285,-8.883,-29.925
16.687,waypoint_1,-3.311,-8.977,-29.927
16.721,waypoint_1,-3.337,-9.070,-29.929
16.755,waypoint_1,-3.363,-9.164,-29.931
16.787,waypoint_1,-3.389,-9.257,-29.933
16.821,waypoint_1,-3.422,-9.374,-29.935
16.855,waypoint_1,-3.448,-9.467,-29.936
16.887,waypoint_1,-3.474,-9.560,-29.938
16.921,waypoint_1,-3.499,-9.654,-29.940
16.955,waypoint_1,-3.525,-9.747,-29.941
16.987,waypoint_1,-3.551,-9.840,-29.943
17.021,waypoint_1,-3.584,-9.957,-29.944
17.055,waypoint_1,-3.609,-10.050,-29.946
17.087,waypoint_1,-3.635,-10.144,-29.947
17.121,waypoint_1,-3.660,-10.237,-29.948
17.155,waypoint_1,-3.686,-10.330,-29.949
17.187,waypoint_1,-3.711,-10.423,-29.950
17.221,waypoint_1,-3.742,-10.540,-29.952
17.255,waypoint_1,-3.767,-10.633,-29.953
17.287,waypoint_1,-3.792,-10.726,-29.954
17.321,waypoint_1,-3.817,-10.819,-29.955
17.355,waypoint_1,-3.842,-10.912,-29.956
17.387,waypoint_1,-3.867,-11.005,-29.956
17.421,waypoint_1,-3.898,-11.122,-29.958
17.455,waypoint_1,-3.922,-11.215,-29.958
17.487,waypoint_1,-3.947,-11.309,-29.959
17.521,waypoint_1,-3.972,-11.402,-29.960
17.555,waypoint_1,-3.996,-11.496,-29.961
17.587,waypoint_1,-4.020,-11.589,-29.962
17.621,waypoint_1,-4.051,-11.706,-29.963
17.655,waypoint_1,-4.075,-11.800,-29.964
17.687,waypoint_1,-4.100,-11.894,-29.964
17.721,waypoint_1,-4.124,-11.988,-29.965
17.755,waypoint_1,-4.149,-12.082,-29.965
17.787,waypoint_1,-4.174,-12.176,-29.966
17.821,waypoint_1,-4.205,-12.293,-29.967
17.855,waypoint_1,-4.230,-12.387,-29.967
17.887,waypoint_1,-4.255,-12.481,-29.968
17.921,waypoint_1,-4.280,-12.575,-29.969
17.955,waypoint_1,-4.306,-12.669,-29.970
17.987,waypoint_1,-4.331,-12.763,-29.970
18.021,waypoint_1,-4.363,-12.881,-29.971
18.055,waypoint_1,-4.388,-12.975,-29.972
18.087,waypoint_1,-4.413,-13.070,-29.973
18.121,waypoint_1,-4.439,-13.164,-29.974
18.155,waypoint_1,-4.464,-13.258,-29.975
18.187,waypoint_1,-4.490,-13.353,-29.976
18.222,waypoint_1,-4.522,-13.471,-29.977
18.255,waypoint_1,-4.547,-13.565,-29.978
18.287,waypoint_1,-4.573,-13.660,-29.978
18.321,waypoint_1,-4.598,-13.755,-29.979
18.355,waypoint_1,-4.624,-13.849,-29.980
18.388,waypoint_1,-4.650,-13.944,-29.980
18.421,waypoint_1,-4.682,-14.062,-29.981
18.455,waypoint_1,-4.708,-14.157,-29.981
18.487,waypoint_1,-4.734,-14.252,-29.982
18.521,waypoint_1,-4.760,-14.347,-29.982
18.555,waypoint_1,-4.786,-14.442,-29.982
18.587,waypoint_1,-4.812,-14.537,-29.983
18.621,waypoint_1,-4.845,-14.656,-29.983
18.655,waypoint_1,-4.871,-14.751,-29.984
18.687,waypoint_1,-4.897,-14.847,-29.985
18.721,waypoint_1,-4.923,-14.942,-29.985
18.755,waypoint_1,-4.949,-15.038,-29.986
18.787,waypoint_1,-4.975,-15.133,-29.987
18.821,waypoint_1,-5.008,-15.253,-29.988
18.855,waypoint_1,-5.034,-15.348,-29.989
18.887,waypoint_1,-5.059,-15.444,-29.989
18.921,waypoint_1,-5.085,-15.539,-29.990
18.955,waypoint_1,-5.111,-15.635,-29.991
18.987,waypoint_1,-5.137,-15.731,-29.992
19.021,waypoint_1,-5.169,-15.851,-29.992
19.055,waypoint_1,-5.195,-15.946,-29.993
19.087,waypoint_1,-5.220,-16.042,-29.994
19.121,waypoint_1,-5.246,-16.138,-29.994
19.155,waypoint_1,-5.271,-16.233,-29.994
19.187,waypoint_1,-5.297,-16.329,-29.995
19.221,waypoint_1,-5.329,-16.448,-29.995
19.255,waypoint_1,-5.354,-16.544,-29.995
19.287,waypoint_1,-5.379,-16.639,-29.996
19.321,waypoint_1,-5.404,-16.734,-29.996
19.355,waypoint_1,-5.429,-16.830,-29.996
19.387,waypoint_1,-5.454,-16.925,-29.996
19.421,waypoint_1,-5.485,-17.043,-29.995
19.455,waypoint_1,-5.510,-17.138,-29.995
19.487,waypoint_1,-5.535,-17.233,-29.995
19.521,waypoint_1,-5.559,-17.327,-29.994
19.555,waypoint_1,-5.584,-17.422,-29.994
19.587,waypoint_1,-5.608,-17.516,-29.994
19.621,waypoint_1,-5.639,-17.634,-29.993
19.655,waypoint_1,-5.664,-17.728,-29.993
19.687,waypoint_1,-5.688,-17.822,-29.992
19.721,waypoint_1,-5.713,-17.917,-29.992
19.755,waypoint_1,-5.738,-18.011,-29.991
19.787,waypoint_1,-5.763,-18.105,-29.991
19.821,waypoint_1,-5.795,-18.222,-29.990
19.855,waypoint_1,-5.820,-18.317,-29.990
19.887,waypoint_1,-5.845,-18.411,-29.989
19.921,waypoint_1,-5.871,-18.505,-29.989
19.955,waypoint_1,-5.896,-18.599,-29.988
19.987,waypoint_1,-5.921,-18.693,-29.988
20.021,waypoint_1,-5.953,-18.811,-29.987
20.055,waypoint_1,-5.979,-18.905,-29.987
20.087,waypoint_1,-6.004,-19.000,-29.986
20.121,waypoint_1,-6.030,-19.094,-29.986
20.155,waypoint_1,-6.056,-19.188,-29.985
20.187,waypoint_1,-6.082,-19.283,-29.984
20.221,waypoint_1,-6.114,-19.401,-29.983
20.255,waypoint_1,-6.139,-19.495,-29.983
20.287,waypoint_1,-6.165,-19.589,-29.982
20.321,waypoint_1,-6.191,-19.684,-29.981
20.355,waypoint_1,-6.216,-19.778,-29.981
20.387,waypoint_1,-6.242,-19.873,-29.980
20.421,waypoint_1,-6.274,-19.991,-29.980
20.455,waypoint_1,-6.300,-20.085,-29.979
20.487,waypoint_1,-6.325,-20.180,-29.979
20.521,waypoint_1,-6.351,-20.274,-29.979
20.555,waypoint_1,-6.377,-20.368,-29.979
20.587,waypoint_1,-6.402,-20.462,-29.979
20.621,waypoint_1,-6.435,-20.580,-29.979
20.655,waypoint_1,-6.461,-20.674,-29.980
20.687,waypoint_1,-6.487,-20.768,-29.980
20.721,waypoint_1,-6.513,-20.862,-29.981
20.755,waypoint_1,-6.540,-20.956,-29.981
20.787,waypoint_1,-6.566,-21.050,-29.982
20.821,waypoint_1,-6.600,-21.168,-29.982
20.855,waypoint_1,-6.626,-21.261,-29.983
20.887,waypoint_1,-6.653,-21.355,-29.983
20.921,waypoint_1,-6.680,-21.449,-29.983
20.955,waypoint_1,-6.707,-21.542,-29.983
20.987,waypoint_1,-6.734,-21.636,-29.983
21.021,waypoint_1,-6.767,-21.753,-29.984
21.055,waypoint_1,-6.794,-21.846,-29.984
21.087,waypoint_1,-6.822,-21.940,-29.983
21.121,waypoint_1,-6.849,-22.033,-29.983
21.155,waypoint_1,-6.876,-22.126,-29.983
21.187,waypoint_1,-6.903,-22.220,-29.983
21.221,waypoint_1,-6.937,-22.337,-29.983
21.256,waypoint_1,-6.964,-22.430,-29.983
21.287,waypoint_1,-6.992,-22.523,-29.983
21.321,waypoint_1,-7.019,-22.617,-29.983
21.355,waypoint_1,-7.047,-22.710,-29.983
21.387,waypoint_1,-7.074,-22.803,-29.983
21.421,waypoint_1,-7.108,-22.919,-29.983
21.455,waypoint_1,-7.136,-23.012,-29.983
21.487,waypoint_1,-7.163,-23.105,-29.983
21.521,waypoint_1,-7.191,-23.198,-29.984
21.555,waypoint_1,-7.218,-23.291,-29.984
21.600,waypoint_1,-7.245,-23.384,-29.984
21.632,waypoint_1,-7.272,-23.477,-29.985
21.666,waypoint_1,-7.305,-23.593,-29.985
21.700,waypoint_1,-7.332,-23.685,-29.985
21.732,waypoint_1,-7.359,-23.778,-29.986
21.766,waypoint_1,-7.385,-23.871,-29.986
21.800,waypoint_1,-7.412,-23.964,-29.987
21.832,waypoint_1,-7.438,-24.056,-29.987
21.866,waypoint_1,-7.471,-24.172,-29.988
21.900,waypoint_1,-7.497,-24.265,-29.988
21.932,waypoint_1,-7.523,-24.358,-29.989
21.966,waypoint_1,-7.549,-24.451,-29.989
22.000,waypoint_1,-7.575,-24.544,-29.989
22.032,waypoint_1,-7.601,-24.637,-29.990
22.066,waypoint_1,-7.633,-24.753,-29.990
22.100,waypoint_1,-7.659,-24.846,-29.990
22.132,waypoint_1,-7.684,-24.939,-29.991
22.166,waypoint_1,-7.710,-25.032,-29.991
22.200,waypoint_1,-7.736,-25.126,-29.991
22.232,waypoint_1,-7.762,-25.219,-29.991
22.266,waypoint_1,-7.795,-25.336,-29.991
22.300,waypoint_1,-7.821,-25.429,-29.991
22.332,waypoint_1,-7.847,-25.522,-29.991
22.366,waypoint_1,-7.873,-25.615,-29.991
22.400,waypoint_1,-7.899,-25.709,-29.992
22.432,waypoint_1,-7.925,-25.802,-29.992
22.466,waypoint_1,-7.958,-25.918,-29.993
22.500,waypoint_1,-7.984,-26.011,-29.993
22.532,waypoint_1,-8.009,-26.104,-29.993
22.566,waypoint_1,-8.035,-26.197,-29.994
22.600,waypoint_1,-8.061,-26.290,-29.994
22.632,waypoint_1,-8.087,-26.383,-29.995
22.666,waypoint_1,-8.120,-26.500,-29.995
22.700,waypoint_1,-8.146,-26.593,-29.996
22.732,waypoint_1,-8.172,-26.686,-29.996
22.766,waypoint_1,-8.198,-26.779,-29.996
22.800,waypoint_1,-8.224,-26.873,-29.997
22.832,waypoint_1,-8.250,-26.966,-29.997
22.866,waypoint_1,-8.283,-27.082,-29.998
22.900,waypoint_1,-8.309,-27.175,-29.998
22.932,waypoint_1,-8.336,-27.268,-29.998
22.966,waypoint_1,-8.362,-27.361,-29.998
23.000,waypoint_1,-8.388,-27.454,-29.998
23.032,waypoint_1,-8.415,-27.547,-29.998
23.066,waypoint_1,-8.448,-27.663,-29.998
23.100,waypoint_1,-8.474,-27.756,-29.998
23.132,waypoint_1,-8.500,-27.849,-29.998
23.166,waypoint_1,-8.527,-27.942,-29.997
23.200,waypoint_1,-8.553,-28.036,-29.997
23.232,waypoint_1,-8.580,-28.129,-29.997
23.266,waypoint_1,-8.613,-28.245,-29.996
23.300,waypoint_1,-8.640,-28.338,-29.996
23.332,waypoint_1,-8.666,-28.431,-29.996
23.366,waypoint_1,-8.693,-28.524,-29.996
23.400,waypoint_1,-8.719,-28.617,-29.995
23.432,waypoint_1,-8.746,-28.710,-29.995
23.466,waypoint_1,-8.780,-28.826,-29.995
23.500,waypoint_1,-8.807,-28.919,-29.995
23.532,waypoint_1,-8.834,-29.012,-29.994
23.566,waypoint_1,-8.860,-29.106,-29.994
23.600,waypoint_1,-8.887,-29.199,-29.994
23.632,waypoint_1,-8.914,-29.292,-29.994
23.666,waypoint_1,-8.947,-29.409,-29.994
23.700,waypoint_1,-8.974,-29.502,-29.994
23.732,waypoint_1,-9.000,-29.596,-29.994
23.766,waypoint_1,-9.027,-29.689,-29.994
23.800,waypoint_1,-9.053,-29.783,-29.994
23.832,waypoint_1,-9.079,-29.876,-29.994
23.866,waypoint_1,-9.112,-29.993,-29.994
23.900,waypoint_1,-9.138,-30.087,-29.994
23.932,waypoint_1,-9.165,-30.180,-29.994
23.966,waypoint_1,-9.191,-30.274,-29.994
24.000,waypoint_1,-9.217,-30.368,-29.994
24.032,waypoint_1,-9.242,-30.461,-29.994
24.066,waypoint_1,-9.275,-30.578,-29.994
24.100,waypoint_1,-9.300,-30.672,-29.994
24.132,waypoint_1,-9.326,-30.765,-29.994
24.166,waypoint_1,-9.352,-30.859,-29.994
24.200,waypoint_1,-9.377,-30.952,-29.994
24.232,waypoint_1,-9.403,-31.046,-29.993
24.266,waypoint_1,-9.435,-31.162,-29.993
24.300,waypoint_1,-9.460,-31.255,-29.993
24.332,waypoint_1,-9.486,-31.348,-29.993
24.366,waypoint_1,-9.512,-31.441,-29.993
24.400,waypoint_1,-9.538,-31.534,-29.993
24.432,waypoint_1,-9.564,-31.626,-29.993
24.493,waypoint_1,-9.596,-31.742,-29.993
24.532,waypoint_1,-9.622,-31.835,-29.993
24.564,waypoint_1,-9.648,-31.928,-29.993
24.598,waypoint_1,-9.674,-32.020,-29.993
24.632,waypoint_1,-9.700,-32.113,-29.993
24.664,waypoint_1,-9.726,-32.205,-29.993
24.698,waypoint_1,-9.759,-32.321,-29.993
24.732,waypoint_1,-9.785,-32.413,-29.994
24.764,waypoint_1,-9.812,-32.506,-29.994
24.798,waypoint_1,-9.838,-32.598,-29.994
24.832,waypoint_1,-9.865,-32.690,-29.995
24.864,waypoint_1,-9.892,-32.783,-29.995
24.898,waypoint_1,-9.925,-32.898,-29.996
24.932,waypoint_1,-9.952,-32.990,-29.996
24.964,waypoint_1,-9.979,-33.083,-29.996
24.998,waypoint_1,-10.006,-33.175,-29.997
25.032,waypoint_1,-10.033,-33.267,-29.997
25.064,waypoint_1,-10.060,-33.359,-29.997
25.098,waypoint_1,-10.095,-33.474,-29.998
25.132,waypoint_1,-10.122,-33.567,-29.998
25.164,waypoint_1,-10.150,-33.659,-29.998
25.198,waypoint_1,-10.177,-33.751,-29.999
25.232,waypoint_1,-10.205,-33.843,-29.999
25.264,waypoint_1,-10.232,-33.935,-29.999
25.298,waypoint_1,-10.267,-34.050,-30.000
25.332,waypoint_1,-10.295,-34.142,-30.000
25.364,waypoint_1,-10.322,-34.234,-30.001
25.398,waypoint_1,-10.350,-34.326,-30.001
25.432,waypoint_1,-10.377,-34.418,-30.001
25.466,waypoint_1,-10.405,-34.510,-30.001
25.500,waypoint_1,-10.439,-34.624,-30.002
25.534,waypoint_1,-10.466,-34.716,-30.002
25.566,waypoint_1,-10.494,-34.808,-30.002
25.600,waypoint_1,-10.521,-34.900,-30.002
25.634,waypoint_1,-10.549,-34.992,-30.002
25.666,waypoint_1,-10.576,-35.084,-30.002
25.700,waypoint_1,-10.610,-35.199,-30.001
25.734,waypoint_1,-10.638,-35.291,-30.001
25.766,waypoint_1,-10.665,-35.383,-30.001
25.800,waypoint_1,-10.692,-35.475,-30.001
25.834,waypoint_1,-10.720,-35.567,-30.001
25.866,waypoint_1,-10.747,-35.659,-30.001
25.900,waypoint_1,-10.781,-35.774,-30.001
25.934,waypoint_1,-10.808,-35.867,-30.001
25.966,waypoint_1,-10.835,-35.959,-30.001
26.000,waypoint_1,-10.862,-36.051,-30.001
26.034,waypoint_1,-10.889,-36.144,-30.001
26.066,waypoint_1,-10.916,-36.236,-30.001
26.100,waypoint_1,-10.949,-36.351,-30.001
26.134,waypoint_1,-10.975,-36.443,-30.001
26.166,waypoint_1,-11.002,-36.536,-30.001
26.200,waypoint_1,-11.028,-36.628,-30.001
26.234,waypoint_1,-11.055,-36.721,-30.001
26.266,waypoint_1,-11.082,-36.813,-30.001
26.300,waypoint_1,-11.115,-36.929,-30.002
26.334,waypoint_1,-11.142,-37.021,-30.002
26.366,waypoint_1,-11.169,-37.113,-30.002
26.400,waypoint_1,-11.196,-37.206,-30.002
26.434,waypoint_1,-11.224,-37.298,-30.002
26.466,waypoint_1,-11.251,-37.390,-30.002
26.500,waypoint_1,-11.285,-37.505,-30.002
26.534,waypoint_1,-11.313,-37.598,-30.002
26.566,waypoint_1,-11.340,-37.690,-30.002
26.600,waypoint_1,-11.367,-37.782,-30.002
26.634,waypoint_1,-11.394,-37.874,-30.002
26.666,waypoint_1,-11.421,-37.966,-30.002
26.700,waypoint_1,-11.455,-38.081,-30.002
26.734,waypoint_1,-11.482,-38.174,-30.001
26.766,waypoint_1,-11.510,-38.266,-30.001
26.800,waypoint_1,-11.537,-38.358,-30.001
26.834,waypoint_1,-11.564,-38.450,-30.001
26.866,waypoint_1,-11.591,-38.541,-30.001
26.900,waypoint_1,-11.625,-38.656,-30.000
26.934,waypoint_1,-11.653,-38.748,-30.000
26.966,waypoint_1,-11.680,-38.839,-30.000
27.000,waypoint_1,-11.707,-38.931,-29.999
27.034,waypoint_1,-11.734,-39.022,-29.999
27.066,waypoint_1,-11.761,-39.114,-29.999
27.100,waypoint_1,-11.795,-39.228,-29.998
27.134,waypoint_1,-11.823,-39.320,-29.998
27.166,waypoint_1,-11.850,-39.411,-29.998
27.200,waypoint_1,-11.877,-39.503,-29.998
27.234,waypoint_1,-11.905,-39.594,-29.998
27.266,waypoint_1,-11.932,-39.686,-29.998
27.300,waypoint_1,-11.966,-39.800,-29.998
27.334,waypoint_1,-11.993,-39.891,-29.998
27.366,waypoint_1,-12.020,-39.982,-29.998
27.400,waypoint_1,-12.048,-40.073,-29.998
27.434,waypoint_1,-12.075,-40.165,-29.997
27.466,waypoint_1,-12.103,-40.256,-29.997
27.500,waypoint_1,-12.137,-40.370,-29.997
27.534,waypoint_1,-12.165,-40.461,-29.996
27.566,waypoint_1,-12.193,-40.552,-29.996
27.600,waypoint_1,-12.221,-40.644,-29.996
27.634,waypoint_1,-12.249,-40.735,-29.995
27.666,waypoint_1,-12.276,-40.827,-29.995
27.700,waypoint_1,-12.311,-40.942,-29.994
27.734,waypoint_1,-12.338,-41.033,-29.994
27.766,waypoint_1,-12.366,-41.125,-29.993
27.800,waypoint_1,-12.394,-41.216,-29.993
27.834,waypoint_1,-12.422,-41.308,-29.993
27.866,waypoint_1,-12.449,-41.399,-29.992
27.900,waypoint_1,-12.484,-41.513,-29.992
27.934,waypoint_1,-12.512,-41.604,-29.992
27.966,waypoint_1,-12.540,-41.695,-29.992
28.001,waypoint_1,-12.567,-41.786,-29.991
28.035,waypoint_1,-12.595,-41.877,-29.991
28.067,waypoint_1,-12.623,-41.968,-29.991
28.101,waypoint_1,-12.657,-42.082,-29.991
28.135,waypoint_1,-12.685,-42.173,-29.991
28.167,waypoint_1,-12.713,-42.265,-29.991
28.201,waypoint_1,-12.741,-42.356,-29.991
28.235,waypoint_1,-12.768,-42.447,-29.992
28.267,waypoint_1,-12.796,-42.539,-29.992
28.301,waypoint_1,-12.831,-42.654,-29.992
28.335,waypoint_1,-12.859,-42.745,-29.992
28.367,waypoint_1,-12.886,-42.837,-29.993
28.401,waypoint_1,-12.914,-42.929,-29.993
28.435,waypoint_1,-12.942,-43.021,-29.994
28.467,waypoint_1,-12.970,-43.113,-29.994
28.501,waypoint_1,-13.004,-43.228,-29.995
28.535,waypoint_1,-13.032,-43.319,-29.995
28.567,waypoint_1,-13.060,-43.411,-29.995
28.601,waypoint_1,-13.088,-43.503,-29.995
28.635,waypoint_1,-13.116,-43.595,-29.996
28.667,waypoint_1,-13.144,-43.687,-29.996
28.701,waypoint_1,-13.180,-43.801,-29.996
28.735,waypoint_1,-13.208,-43.893,-29.996
28.767,waypoint_1,-13.236,-43.985,-29.996
28.801,waypoint_1,-13.264,-44.077,-29.996
28.835,waypoint_1,-13.292,-44.168,-29.996
28.867,waypoint_1,-13.320,-44.260,-29.996
28.901,waypoint_1,-13.355,-44.375,-29.996
28.935,waypoint_1,-13.383,-44.467,-29.997
28.967,waypoint_1,-13.411,-44.559,-29.997
29.001,waypoint_1,-13.439,-44.650,-29.997
29.035,waypoint_1,-13.467,-44.742,-29.997
29.067,waypoint_1,-13.496,-44.834,-29.998
29.101,waypoint_1,-13.531,-44.948,-29.998
29.135,waypoint_1,-13.559,-45.040,-29.998
29.167,waypoint_1,-13.587,-45.132,-29.998
29.201,waypoint_1,-13.615,-45.223,-29.999
29.235,waypoint_1,-13.642,-45.315,-29.999
29.267,waypoint_1,-13.670,-45.407,-29.999
29.301,waypoint_1,-13.705,-45.521,-29.999
29.335,waypoint_1,-13.732,-45.612,-29.999
29.367,waypoint_1,-13.760,-45.704,-29.999
29.401,waypoint_1,-13.787,-45.795,-29.999
29.435,waypoint_1,-13.814,-45.886,-29.999
29.467,waypoint_1,-13.841,-45.978,-29.999
29.501,waypoint_1,-13.875,-46.092,-29.999
29.535,waypoint_1,-13.903,-46.183,-29.999
29.567,waypoint_1,-13.930,-46.275,-29.999
29.601,waypoint_1,-13.957,-46.366,-29.999
29.635,waypoint_1,-13.984,-46.458,-29.999
29.667,waypoint_1,-14.012,-46.549,-29.998
29.701,waypoint_1,-14.046,-46.663,-29.998
29.735,waypoint_1,-14.073,-46.755,-29.998
29.767,waypoint_1,-14.100,-46.846,-29.997
29.801,waypoint_1,-14.128,-46.937,-29.997
29.835,waypoint_1,-14.155,-47.029,-29.996
29.867,waypoint_1,-14.182,-47.120,-29.996
29.901,waypoint_1,-14.216,-47.235,-29.995
29.935,waypoint_1,-14.244,-47.326,-29.995
29.967,waypoint_1,-14.271,-47.417,-29.994
30.001,waypoint_1,-14.298,-47.509,-29.994
30.035,waypoint_1,-14.326,-47.600,-29.993
30.067,waypoint_1,-14.353,-47.691,-29.993
30.101,waypoint_1,-14.387,-47.805,-29.992
30.135,waypoint_1,-14.414,-47.896,-29.992
30.167,waypoint_1,-14.442,-47.987,-29.991
30.201,waypoint_1,-14.469,-48.078,-29.991
30.235,waypoint_1,-14.497,-48.169,-29.990
30.267,waypoint_1,-14.524,-48.260,-29.990
30.301,waypoint_1,-14.558,-48.374,-29.989
30.335,waypoint_1,-14.585,-48.464,-29.989
30.367,waypoint_1,-14.612,-48.555,-29.988
30.401,waypoint_1,-14.639,-48.645,-29.988
30.435,waypoint_1,-14.667,-48.736,-29.988
30.467,waypoint_1,-14.694,-48.826,-29.987
30.501,waypoint_1,-14.727,-48.940,-29.987
30.535,waypoint_1,-14.754,-49.030,-29.987
30.567,waypoint_1,-14.781,-49.121,-29.987
30.601,waypoint_1,-14.807,-49.211,-29.986
30.635,waypoint_1,-14.834,-49.301,-29.986
30.667,waypoint_1,-14.861,-49.392,-29.986
30.701,waypoint_1,-14.894,-49.505,-29.986
30.735,waypoint_1,-14.920,-49.595,-29.986
30.767,waypoint_1,-14.946,-49.685,-29.986
30.801,waypoint_1,-14.972,-49.776,-29.986
30.835,waypoint_1,-14.999,-49.866,-29.987
30.867,waypoint_1,-15.025,-49.956,-29.987
30.901,waypoint_1,-15.057,-50.069,-29.987
30.935,waypoint_1,-15.083,-50.159,-29.987
30.967,waypoint_1,-15.109,-50.249,-29.988
31.001,waypoint_1,-15.134,-50.339,-29.988
31.035,waypoint_1,-15.160,-50.429,-29.988
31.067,waypoint_1,-15.185,-50.519,-29.989
31.101,waypoint_1,-15.217,-50.631,-29.989
31.135,waypoint_1,-15.243,-50.721,-29.989
31.167,waypoint_1,-15.268,-50.811,-29.989
31.201,waypoint_1,-15.293,-50.901,-29.989
31.235,waypoint_1,-15.319,-50.991,-29.989
31.267,waypoint_1,-15.344,-51.082,-29.989
31.301,waypoint_1,-15.376,-51.195,-29.988
31.335,waypoint_1,-15.401,-51.285,-29.988
31.367,waypoint_1,-15.427,-51.376,-29.988
31.401,waypoint_1,-15.452,-51.467,-29.988
31.435,waypoint_1,-15.477,-51.558,-29.988
31.467,waypoint_1,-15.503,-51.649,-29.987
31.501,waypoint_1,-15.534,-51.762,-29.987
31.535,waypoint_1,-15.560,-51.853,-29.987
31.567,waypoint_1,-15.585,-51.944,-29.987
31.601,waypoint_1,-15.611,-52.035,-29.987
31.635,waypoint_1,-15.636,-52.126,-29.986
31.667,waypoint_1,-15.662,-52.217,-29.986
31.701,waypoint_1,-15.695,-52.331,-29.986
31.735,waypoint_1,-15.721,-52.422,-29.986
31.767,waypoint_1,-15.747,-52.513,-29.986
31.801,waypoint_1,-15.773,-52.604,-29.985
31.835,waypoint_1,-15.799,-52.695,-29.985
31.867,waypoint_1,-15.826,-52.786,-29.985
31.901,waypoint_1,-15.858,-52.900,-29.985
31.935,waypoint_1,-15.885,-52.992,-29.984
31.967,waypoint_1,-15.911,-53.083,-29.984
32.001,waypoint_1,-15.938,-53.175,-29.984
32.035,waypoint_1,-15.964,-53.266,-29.983
32.067,waypoint_1,-15.991,-53.358,-29.983
32.101,waypoint_1,-16.024,-53.472,-29.983
32.135,waypoint_1,-16.050,-53.564,-29.983
32.167,waypoint_1,-16.077,-53.656,-29.983
32.201,waypoint_1,-16.104,-53.748,-29.983
32.235,waypoint_1,-16.130,-53.841,-29.984
32.267,waypoint_1,-16.157,-53.933,-29.984
32.301,waypoint_1,-16.190,-54.049,-29.984
32.335,waypoint_1,-16.217,-54.141,-29.985
32.367,waypoint_1,-16.244,-54.233,-29.985
32.401,waypoint_1,-16.271,-54.326,-29.985
32.435,waypoint_1,-16.298,-54.418,-29.986
32.467,waypoint_1,-16.325,-54.510,-29.986
32.501,waypoint_1,-16.358,-54.625,-29.986
32.535,waypoint_1,-16.386,-54.718,-29.987
32.567,waypoint_1,-16.413,-54.810,-29.987
32.601,waypoint_1,-16.440,-54.902,-29.988
32.635,waypoint_1,-16.468,-54.994,-29.988
32.667,waypoint_1,-16.495,-55.086,-29.988
32.701,waypoint_1,-16.530,-55.201,-29.989
32.735,waypoint_1,-16.557,-55.294,-29.989
32.767,waypoint_1,-16.585,-55.386,-29.989
32.801,waypoint_1,-16.612,-55.478,-29.990
32.835,waypoint_1,-16.640,-55.570,-29.990
32.867,waypoint_1,-16.668,-55.663,-29.990
32.901,waypoint_1,-16.702,-55.778,-29.991
32.935,waypoint_1,-16.730,-55.870,-29.991
32.967,waypoint_1,-16.758,-55.962,-29.991
33.001,waypoint_1,-16.786,-56.055,-29.992
33.035,waypoint_1,-16.814,-56.147,-29.992
33.067,waypoint_1,-16.842,-56.239,-29.993
33.101,waypoint_1,-16.877,-56.355,-29.993
33.135,waypoint_1,-16.905,-56.447,-29.993
33.167,waypoint_1,-16.933,-56.540,-29.994
33.201,waypoint_1,-16.961,-56.632,-29.994
33.235,waypoint_1,-16.989,-56.725,-29.994
33.267,waypoint_1,-17.018,-56.817,-29.995
33.301,waypoint_1,-17.053,-56.932,-29.995
33.335,waypoint_1,-17.081,-57.025,-29.995
33.367,waypoint_1,-17.109,-57.117,-29.995
33.401,waypoint_1,-17.137,-57.209,-29.996
33.435,waypoint_1,-17.165,-57.302,-29.996
33.467,waypoint_1,-17.194,-57.394,-29.996
33.501,waypoint_1,-17.229,-57.510,-29.997
33.535,waypoint_1,-17.257,-57.602,-29.997
33.567,waypoint_1,-17.285,-57.695,-29.998
33.601,waypoint_1,-17.313,-57.787,-29.998
33.635,waypoint_1,-17.341,-57.880,-29.999
33.667,waypoint_1,-17.369,-57.972,-29.999
33.701,waypoint_1,-17.403,-58.088,-30.000
33.735,waypoint_1,-17.431,-58.181,-30.000
33.767,waypoint_1,-17.458,-58.274,-30.000
33.801,waypoint_1,-17.486,-58.366,-30.001
33.835,waypoint_1,-17.513,-58.459,-30.001
33.867,waypoint_1,-17.540,-58.551,-30.001
33.901,waypoint_1,-17.575,-58.667,-30.001
33.935,waypoint_1,-17.602,-58.759,-30.002
33.967,waypoint_1,-17.629,-58.852,-30.002
34.001,waypoint_1,-17.657,-58.944,-30.002
34.035,waypoint_1,-17.685,-59.037,-30.002
34.067,waypoint_1,-17.712,-59.129,-30.002
34.101,waypoint_1,-17.746,-59.245,-30.002
34.135,waypoint_1,-17.774,-59.337,-30.001
34.167,waypoint_1,-17.801,-59.429,-30.001
34.201,waypoint_1,-17.828,-59.522,-30.001
34.235,waypoint_1,-17.855,-59.614,-30.001
34.267,waypoint_1,-17.882,-59.707,-30.000
34.301,waypoint_1,-17.916,-59.822,-30.000
34.335,waypoint_1,-17.943,-59.915,-30.000
34.367,waypoint_1,-17.971,-60.007,-30.000
34.402,waypoint_1,-17.998,-60.099,-30.000
34.436,waypoint_1,-18.024,-60.192,-29.999
34.468,waypoint_1,-18.051,-60.284,-29.999
34.502,waypoint_1,-18.085,-60.400,-29.999
34.536,waypoint_1,-18.112,-60.492,-29.999
34.568,waypoint_1,-18.138,-60.584,-29.999
34.602,waypoint_1,-18.165,-60.677,-29.998
34.636,waypoint_1,-18.192,-60.769,-29.998
34.668,waypoint_1,-18.219,-60.861,-29.998
34.702,waypoint_1,-18.252,-60.976,-29.998
34.736,waypoint_1,-18.279,-61.068,-29.998
34.768,waypoint_1,-18.306,-61.160,-29.998
34.802,waypoint_1,-18.333,-61.252,-29.997
34.837,waypoint_1,-18.359,-61.343,-29.997
34.869,waypoint_1,-18.386,-61.435,-29.997
34.903,waypoint_1,-18.420,-61.550,-29.997
34.937,waypoint_1,-18.446,-61.641,-29.997
34.969,waypoint_1,-18.473,-61.733,-29.996
35.003,waypoint_1,-18.500,-61.824,-29.996
35.037,waypoint_1,-18.526,-61.916,-29.995
35.069,waypoint_1,-18.553,-62.008,-29.995
35.103,waypoint_1,-18.586,-62.122,-29.994
35.137,waypoint_1,-18.613,-62.213,-29.993
35.170,waypoint_1,-18.640,-62.305,-29.992
35.204,waypoint_1,-18.666,-62.397,-29.992
35.238,waypoint_1,-18.693,-62.488,-29.991
35.270,waypoint_1,-18.719,-62.580,-29.990
35.304,waypoint_1,-18.753,-62.695,-29.989
35.338,waypoint_1,-18.779,-62.786,-29.989
35.370,waypoint_1,-18.806,-62.878,-29.988
35.404,waypoint_1,-18.833,-62.970,-29.988
35.438,waypoint_1,-18.859,-63.062,-29.987
35.470,waypoint_1,-18.886,-63.154,-29.987
35.504,waypoint_1,-18.919,-63.269,-29.987
35.538,waypoint_1,-18.946,-63.361,-29.987
35.570,waypoint_1,-18.973,-63.453,-29.987
35.604,waypoint_1,-18.999,-63.545,-29.988
35.638,waypoint_1,-19.026,-63.637,-29.988
35.670,waypoint_1,-19.053,-63.729,-29.989
35.704,waypoint_1,-19.087,-63.845,-29.989
35.738,waypoint_1,-19.114,-63.937,-29.990
35.770,waypoint_1,-19.141,-64.029,-29.990
35.804,waypoint_1,-19.168,-64.121,-29.991
35.838,waypoint_1,-19.195,-64.213,-29.991
35.870,waypoint_1,-19.222,-64.305,-29.992
35.904,waypoint_1,-19.255,-64.420,-29.992
35.938,waypoint_1,-19.282,-64.512,-29.992
35.970,waypoint_1,-19.309,-64.604,-29.992
36.004,waypoint_1,-19.336,-64.696,-29.992
36.038,waypoint_1,-19.363,-64.788,-29.992
36.070,waypoint_1,-19.390,-64.880,-29.992
36.104,waypoint_1,-19.424,-64.995,-29.992
36.138,waypoint_1,-19.451,-65.087,-29.992
36.170,waypoint_1,-19.478,-65.179,-29.992
36.204,waypoint_1,-19.504,-65.271,-29.992
36.238,waypoint_1,-19.531,-65.363,-29.991
36.270,waypoint_1,-19.558,-65.455,-29.991
36.304,waypoint_1,-19.591,-65.570,-29.991
36.338,waypoint_1,-19.618,-65.663,-29.991
36.370,waypoint_1,-19.644,-65.755,-29.991
36.404,waypoint_1,-19.671,-65.847,-29.991
36.438,waypoint_1,-19.697,-65.939,-29.990
36.470,waypoint_1,-19.723,-66.031,-29.990
36.504,waypoint_1,-19.756,-66.147,-29.990
36.538,waypoint_1,-19.782,-66.239,-29.990
36.570,waypoint_1,-19.808,-66.331,-29.990
36.604,waypoint_1,-19.833,-66.424,-29.990
36.638,waypoint_1,-19.859,-66.516,-29.990
36.670,waypoint_1,-19.885,-66.609,-29.989
36.704,waypoint_1,-19.917,-66.725,-29.989
36.738,waypoint_1,-19.943,-66.818,-29.989
36.770,waypoint_1,-19.969,-66.911,-29.989
36.804,waypoint_1,-19.995,-67.004,-29.990
36.838,waypoint_1,-20.021,-67.097,-29.990
36.870,waypoint_1,-20.047,-67.190,-29.990
36.904,waypoint_1,-20.080,-67.306,-29.991
36.938,waypoint_1,-20.106,-67.399,-29.991
36.970,waypoint_1,-20.132,-67.491,-29.991
37.004,waypoint_1,-20.158,-67.584,-29.992
37.038,waypoint_1,-20.185,-67.677,-29.992
37.070,waypoint_1,-20.210,-67.770,-29.993
37.104,waypoint_1,-20.243,-67.885,-29.994
37.138,waypoint_1,-20.269,-67.978,-29.994
37.170,waypoint_1,-20.295,-68.070,-29.995
37.204,waypoint_1,-20.321,-68.162,-29.995
37.238,waypoint_1,-20.347,-68.254,-29.995
37.270,waypoint_1,-20.373,-68.346,-29.996
37.304,waypoint_1,-20.405,-68.461,-29.996
37.338,waypoint_1,-20.431,-68.553,-29.996
37.370,waypoint_1,-20.457,-68.645,-29.996
37.404,waypoint_1,-20.483,-68.736,-29.996
37.438,waypoint_1,-20.510,-68.827,-29.996
37.470,waypoint_1,-20.536,-68.919,-29.996
37.504,waypoint_1,-20.568,-69.033,-29.997
37.538,waypoint_1,-20.595,-69.124,-29.997
37.570,waypoint_1,-20.621,-69.215,-29.997
37.604,waypoint_1,-20.647,-69.306,-29.997
37.638,waypoint_1,-20.674,-69.396,-29.997
37.670,waypoint_1,-20.700,-69.487,-29.997
37.704,waypoint_1,-20.734,-69.601,-29.997
37.738,waypoint_1,-20.760,-69.691,-29.997
37.770,waypoint_1,-20.787,-69.782,-29.997
37.804,waypoint_1,-20.814,-69.873,-29.997
37.838,waypoint_1,-20.841,-69.964,-29.997
37.870,waypoint_1,-20.867,-70.055,-29.997
37.904,waypoint_1,-20.900,-70.168,-29.997
37.939,waypoint_1,-20.927,-70.259,-29.997
37.971,waypoint_1,-20.954,-70.350,-29.997
38.005,waypoint_1,-20.980,-70.441,-29.997
38.039,waypoint_1,-21.007,-70.532,-29.996
38.071,waypoint_1,-21.033,-70.623,-29.996
38.105,waypoint_1,-21.067,-70.737,-29.996
38.139,waypoint_1,-21.094,-70.828,-29.996
38.171,waypoint_1,-21.120,-70.920,-29.996
38.205,waypoint_1,-21.147,-71.011,-29.996
38.239,waypoint_1,-21.174,-71.102,-29.995
38.271,waypoint_1,-21.201,-71.193,-29.995
38.305,waypoint_1,-21.234,-71.308,-29.995
38.339,waypoint_1,-21.261,-71.399,-29.995
38.371,waypoint_1,-21.288,-71.491,-29.994
38.405,waypoint_1,-21.315,-71.582,-29.994
38.439,waypoint_1,-21.341,-71.673,-29.993
38.471,waypoint_1,-21.368,-71.765,-29.993
38.505,waypoint_1,-21.402,-71.879,-29.992
38.539,waypoint_1,-21.428,-71.970,-29.992
38.571,waypoint_1,-21.455,-72.062,-29.991
38.605,waypoint_1,-21.482,-72.153,-29.991
38.639,waypoint_1,-21.509,-72.244,-29.990
38.671,waypoint_1,-21.536,-72.336,-29.990
38.705,waypoint_1,-21.570,-72.450,-29.990
38.739,waypoint_1,-21.596,-72.542,-29.990
38.771,waypoint_1,-21.623,-72.634,-29.990
38.805,waypoint_1,-21.650,-72.725,-29.990
38.839,waypoint_1,-21.677,-72.817,-29.990
38.871,waypoint_1,-21.704,-72.909,-29.990
38.905,waypoint_1,-21.737,-73.023,-29.990
38.939,waypoint_1,-21.764,-73.115,-29.991
38.971,waypoint_1,-21.791,-73.207,-29.991
39.005,waypoint_1,-21.817,-73.298,-29.991
39.039,waypoint_1,-21.844,-73.390,-29.991
39.071,waypoint_1,-21.871,-73.482,-29.991
39.105,waypoint_1,-21.904,-73.597,-29.991
39.139,waypoint_1,-21.930,-73.688,-29.990
39.171,waypoint_1,-21.957,-73.780,-29.990
39.205,waypoint_1,-21.983,-73.872,-29.990
39.239,waypoint_1,-22.009,-73.964,-29.990
39.271,waypoint_1,-22.036,-74.056,-29.989
39.305,waypoint_1,-22.068,-74.171,-29.989
39.339,waypoint_1,-22.095,-74.263,-29.989
39.371,waypoint_1,-22.121,-74.356,-29.989
39.405,waypoint_1,-22.147,-74.448,-29.989
39.439,waypoint_1,-22.172,-74.540,-29.989
39.472,waypoint_1,-22.198,-74.632,-29.989
39.505,waypoint_1,-22.231,-74.748,-29.989
39.539,waypoint_1,-22.257,-74.840,-29.989
39.571,waypoint_1,-22.282,-74.933,-29.989
39.605,waypoint_1,-22.308,-75.025,-29.989
39.639,waypoint_2,-22.334,-75.118,-29.988
39.671,waypoint_2,-22.360,-75.211,-29.988
39.705,waypoint_2,-22.392,-75.326,-29.987
39.739,waypoint_2,-22.418,-75.418,-29.988
39.771,waypoint_2,-22.444,-75.511,-29.989
39.805,waypoint_2,-22.469,-75.602,-29.993
39.839,waypoint_2,-22.494,-75.694,-29.998
39.871,waypoint_2,-22.518,-75.785,-30.003
39.905,waypoint_2,-22.546,-75.898,-30.012
39.939,waypoint_2,-22.566,-75.987,-30.019
39.972,waypoint_2,-22.583,-76.076,-30.025
40.005,waypoint_2,-22.597,-76.164,-30.031
40.039,waypoint_2,-22.608,-76.252,-30.036
40.071,waypoint_2,-22.615,-76.339,-30.041
40.105,waypoint_2,-22.619,-76.447,-30.044
40.139,waypoint_2,-22.618,-76.532,-30.046
40.171,waypoint_2,-22.612,-76.617,-30.047
40.205,waypoint_2,-22.603,-76.701,-30.047
40.239,waypoint_2,-22.590,-76.785,-30.046
40.271,waypoint_2,-22.573,-76.868,-30.044
40.305,waypoint_2,-22.546,-76.971,-30.042
40.339,waypoint_2,-22.521,-77.053,-30.039
40.371,waypoint_2,-22.493,-77.135,-30.036
40.405,waypoint_2,-22.461,-77.216,-30.033
40.439,waypoint_2,-22.427,-77.298,-30.029
40.471,waypoint_2,-22.389,-77.378,-30.026
40.505,waypoint_2,-22.339,-77.479,-30.022
40.539,waypoint_2,-22.297,-77.560,-30.018
40.571,waypoint_2,-22.252,-77.640,-30.015
40.605,waypoint_2,-22.206,-77.721,-30.012
40.640,waypoint_2,-22.157,-77.801,-30.009
40.672,waypoint_2,-22.108,-77.882,-30.006
40.707,waypoint_2,-22.044,-77.982,-30.003
40.741,waypoint_2,-21.992,-78.063,-30.001
40.772,waypoint_2,-21.939,-78.144,-29.999
40.807,waypoint_2,-21.885,-78.225,-29.997
40.840,waypoint_2,-21.830,-78.306,-29.995
40.872,waypoint_2,-21.775,-78.387,-29.994
40.907,waypoint_2,-21.705,-78.488,-29.993
40.940,waypoint_2,-21.649,-78.570,-29.992
40.972,waypoint_2,-21.592,-78.652,-29.991
41.007,waypoint_2,-21.535,-78.734,-29.990
41.040,waypoint_2,-21.478,-78.816,-29.990
41.072,waypoint_2,-21.420,-78.898,-29.989
41.107,waypoint_2,-21.348,-79.000,-29.989
41.141,waypoint_2,-21.290,-79.082,-29.989
41.172,waypoint_2,-21.232,-79.164,-29.988
41.207,waypoint_2,-21.175,-79.246,-29.988
41.240,waypoint_2,-21.117,-79.328,-29.988
41.272,waypoint_2,-21.059,-79.409,-29.988
41.307,waypoint_2,-20.987,-79.511,-29.988
41.340,waypoint_2,-20.929,-79.592,-29.989
41.372,waypoint_2,-20.871,-79.674,-29.989
41.407,waypoint_2,-20.814,-79.755,-29.989
41.441,waypoint_2,-20.756,-79.835,-29.989
41.472,waypoint_2,-20.699,-79.916,-29.989
41.507,waypoint_2,-20.627,-80.017,-29.989
41.541,waypoint_2,-20.570,-80.097,-29.989
41.572,waypoint_2,-20.513,-80.178,-29.988
41.607,waypoint_2,-20.456,-80.258,-29.988
41.641,waypoint_2,-20.399,-80.338,-29.988
41.672,waypoint_2,-20.342,-80.418,-29.988
41.707,waypoint_2,-20.272,-80.517,-29.988
41.740,waypoint_2,-20.215,-80.597,-29.987
41.772,waypoint_2,-20.159,-80.677,-29.987
41.807,waypoint_2,-20.102,-80.757,-29.987
41.841,waypoint_2,-20.046,-80.837,-29.987
41.872,waypoint_2,-19.989,-80.916,-29.987
41.907,waypoint_2,-19.919,-81.016,-29.987
41.941,waypoint_2,-19.863,-81.096,-29.986
41.972,waypoint_2,-19.807,-81.175,-29.986
42.007,waypoint_2,-19.751,-81.255,-29.986
42.041,waypoint_2,-19.695,-81.334,-29.986
42.072,waypoint_2,-19.639,-81.414,-29.986
42.107,waypoint_2,-19.569,-81.513,-29.986
42.141,waypoint_2,-19.513,-81.593,-29.986
42.172,waypoint_2,-19.456,-81.672,-29.986
42.207,waypoint_2,-19.400,-81.751,-29.986
42.241,waypoint_2,-19.344,-81.830,-29.986
42.272,waypoint_2,-19.288,-81.909,-29.985
42.307,waypoint_2,-19.218,-82.008,-29.985
42.341,waypoint_2,-19.162,-82.086,-29.984
42.372,waypoint_2,-19.105,-82.165,-29.984
42.407,waypoint_2,-19.049,-82.243,-29.983
42.441,waypoint_2,-18.993,-82.321,-29.983
42.472,waypoint_2,-18.936,-82.399,-29.982
42.507,waypoint_2,-18.865,-82.496,-29.981
42.541,waypoint_2,-18.809,-82.573,-29.981
42.572,waypoint_2,-18.752,-82.651,-29.980
42.607,waypoint_2,-18.695,-82.728,-29.979
42.641,waypoint_2,-18.638,-82.805,-29.979
42.672,waypoint_2,-18.580,-82.882,-29.978
42.707,waypoint_2,-18.509,-82.978,-29.977
42.741,waypoint_2,-18.451,-83.055,-29.977
42.773,waypoint_2,-18.394,-83.132,-29.976
42.807,waypoint_2,-18.337,-83.208,-29.975
42.841,waypoint_2,-18.279,-83.285,-29.975
42.872,waypoint_2,-18.222,-83.362,-29.974
42.907,waypoint_2,-18.150,-83.459,-29.974
42.940,waypoint_2,-18.093,-83.536,-29.973
42.973,waypoint_2,-18.036,-83.613,-29.973
43.007,waypoint_2,-17.978,-83.690,-29.973
43.041,waypoint_2,-17.920,-83.767,-29.973
43.073,waypoint_2,-17.862,-83.844,-29.972
43.107,waypoint_2,-17.790,-83.940,-29.972
43.141,waypoint_2,-17.732,-84.017,-29.972
43.173,waypoint_2,-17.674,-84.094,-29.972
43.207,waypoint_2,-17.615,-84.171,-29.972
43.241,waypoint_2,-17.557,-84.248,-29.972
43.273,waypoint_2,-17.499,-84.325,-29.972
43.307,waypoint_2,-17.425,-84.421,-29.973
43.341,waypoint_2,-17.367,-84.497,-29.973
43.373,waypoint_2,-17.308,-84.574,-29.974
43.407,waypoint_2,-17.249,-84.650,-29.974
43.441,waypoint_2,-17.190,-84.727,-29.975
43.473,waypoint_2,-17.131,-84.803,-29.976
43.507,waypoint_2,-17.057,-84.899,-29.977
43.541,waypoint_2,-16.998,-84.975,-29.977
43.573,waypoint_2,-16.939,-85.051,-29.978
43.607,waypoint_2,-16.879,-85.128,-29.979
43.641,waypoint_2,-16.820,-85.204,-29.979
43.673,waypoint_2,-16.761,-85.280,-29.980
43.707,waypoint_2,-16.687,-85.376,-29.980
43.741,waypoint_2,-16.628,-85.452,-29.980
43.772,waypoint_2,-16.568,-85.528,-29.980
43.807,waypoint_2,-16.509,-85.604,-29.981
43.842,waypoint_2,-16.449,-85.680,-29.981
43.874,waypoint_2,-16.390,-85.755,-29.981
43.908,waypoint_2,-16.315,-85.850,-29.981
43.942,waypoint_2,-16.255,-85.926,-29.981
43.973,waypoint_2,-16.195,-86.001,-29.981
44.008,waypoint_2,-16.134,-86.076,-29.981
44.042,waypoint_2,-16.074,-86.152,-29.981
44.074,waypoint_2,-16.014,-86.227,-29.981
44.108,waypoint_2,-15.938,-86.321,-29.981
44.142,waypoint_2,-15.878,-86.397,-29.981
44.174,waypoint_2,-15.818,-86.472,-29.981
44.208,waypoint_2,-15.757,-86.548,-29.981
44.242,waypoint_2,-15.697,-86.623,-29.982
44.274,waypoint_2,-15.637,-86.699,-29.982
44.308,waypoint_2,-15.561,-86.793,-29.982
44.342,waypoint_2,-15.501,-86.868,-29.982
44.373,waypoint_2,-15.441,-86.944,-29.983
44.408,waypoint_2,-15.381,-87.019,-29.983
44.442,waypoint_2,-15.321,-87.095,-29.984
44.473,waypoint_2,-15.261,-87.170,-29.984
44.508,waypoint_2,-15.186,-87.264,-29.985
44.542,waypoint_2,-15.126,-87.340,-29.985
44.574,waypoint_2,-15.066,-87.415,-29.986
44.608,waypoint_2,-15.006,-87.491,-29.986
44.642,waypoint_2,-14.946,-87.566,-29.986
44.673,waypoint_2,-14.887,-87.642,-29.986
44.708,waypoint_2,-14.812,-87.736,-29.986
44.742,waypoint_2,-14.752,-87.812,-29.986
44.774,waypoint_2,-14.692,-87.887,-29.986
44.808,waypoint_2,-14.632,-87.963,-29.986
44.842,waypoint_2,-14.573,-88.038,-29.985
44.873,waypoint_2,-14.513,-88.114,-29.985
44.908,waypoint_2,-14.439,-88.208,-29.985
44.942,waypoint_2,-14.380,-88.283,-29.984
44.974,waypoint_2,-14.320,-88.359,-29.984
45.008,waypoint_2,-14.261,-88.434,-29.983
45.042,waypoint_2,-14.201,-88.510,-29.983
45.074,waypoint_2,-14.142,-88.585,-29.982
45.108,waypoint_2,-14.068,-88.680,-29.982
45.142,waypoint_2,-14.008,-88.756,-29.981
45.174,waypoint_2,-13.949,-88.831,-29.980
45.208,waypoint_2,-13.889,-88.907,-29.980
45.242,waypoint_2,-13.830,-88.982,-29.979
45.274,waypoint_2,-13.770,-89.058,-29.979
45.308,waypoint_2,-13.696,-89.152,-29.978
45.342,waypoint_2,-13.636,-89.227,-29.977
45.374,waypoint_2,-13.577,-89.302,-29.977
45.408,waypoint_2,-13.517,-89.377,-29.977
45.442,waypoint_2,-13.458,-89.452,-29.976
45.474,waypoint_2,-13.399,-89.528,-29.976
45.508,waypoint_2,-13.325,-89.622,-29.976
45.542,waypoint_2,-13.265,-89.697,-29.975
45.574,waypoint_2,-13.206,-89.772,-29.975
45.608,waypoint_2,-13.147,-89.847,-29.975
45.642,waypoint_2,-13.088,-89.923,-29.975
45.674,waypoint_2,-13.029,-89.998,-29.974
45.708,waypoint_2,-12.956,-90.092,-29.974
45.742,waypoint_2,-12.897,-90.167,-29.974
45.774,waypoint_2,-12.838,-90.243,-29.974
45.808,waypoint_2,-12.779,-90.318,-29.974
45.842,waypoint_2,-12.719,-90.393,-29.974
45.874,waypoint_2,-12.660,-90.469,-29.974
45.908,waypoint_2,-12.587,-90.563,-29.974
45.942,waypoint_2,-12.528,-90.638,-29.973
45.974,waypoint_2,-12.469,-90.714,-29.973
46.008,waypoint_2,-12.410,-90.789,-29.973
46.042,waypoint_2,-12.351,-90.865,-29.973
46.074,waypoint_2,-12.292,-90.941,-29.973
46.108,waypoint_2,-12.218,-91.036,-29.973
46.142,waypoint_2,-12.159,-91.112,-29.973
46.174,waypoint_2,-12.100,-91.188,-29.973
46.208,waypoint_2,-12.040,-91.264,-29.974
46.242,waypoint_2,-11.981,-91.340,-29.974
46.274,waypoint_2,-11.922,-91.416,-29.974
46.308,waypoint_2,-11.847,-91.512,-29.974
46.342,waypoint_2,-11.788,-91.588,-29.975
46.374,waypoint_2,-11.729,-91.665,-29.975
46.408,waypoint_2,-11.670,-91.741,-29.975
46.442,waypoint_2,-11.610,-91.818,-29.976
46.474,waypoint_2,-11.551,-91.895,-29.976
46.508,waypoint_2,-11.477,-91.991,-29.977
46.542,waypoint_2,-11.418,-92.067,-29.977
46.574,waypoint_2,-11.359,-92.144,-29.978
46.608,waypoint_2,-11.299,-92.221,-29.978
46.642,waypoint_2,-11.240,-92.297,-29.979
46.674,waypoint_2,-11.180,-92.374,-29.979
46.708,waypoint_2,-11.106,-92.470,-29.980
46.742,waypoint_2,-11.046,-92.546,-29.980
46.774,waypoint_2,-10.986,-92.623,-29.981
46.808,waypoint_2,-10.926,-92.700,-29.981
46.842,waypoint_2,-10.866,-92.777,-29.982
46.874,waypoint_2,-10.805,-92.854,-29.982
46.908,waypoint_2,-10.730,-92.950,-29.982
46.942,waypoint_2,-10.670,-93.027,-29.983
46.975,waypoint_2,-10.609,-93.104,-29.983
47.010,waypoint_2,-10.549,-93.181,-29.983
47.044,waypoint_2,-10.488,-93.258,-29.983
47.076,waypoint_2,-10.427,-93.334,-29.983
47.110,waypoint_2,-10.351,-93.430,-29.983
47.144,waypoint_2,-10.291,-93.507,-29.983
47.176,waypoint_2,-10.230,-93.584,-29.983
47.210,waypoint_2,-10.169,-93.660,-29.983
47.244,waypoint_2,-10.109,-93.737,-29.984
47.276,waypoint_2,-10.033,-93.833,-29.984
47.310,waypoint_2,-9.972,-93.909,-29.984
47.344,waypoint_2,-9.912,-93.986,-29.985
47.376,waypoint_2,-9.851,-94.063,-29.985
47.410,waypoint_2,-9.791,-94.140,-29.985
47.444,waypoint_2,-9.731,-94.217,-29.986
47.477,waypoint_2,-9.670,-94.294,-29.986
47.511,waypoint_2,-9.595,-94.390,-29.986
47.545,waypoint_2,-9.535,-94.466,-29.986
47.577,waypoint_2,-9.474,-94.543,-29.986
47.611,waypoint_2,-9.414,-94.620,-29.986
47.645,waypoint_2,-9.354,-94.696,-29.986
47.677,waypoint_2,-9.294,-94.773,-29.987
47.712,waypoint_2,-9.219,-94.869,-29.987
47.746,waypoint_2,-9.159,-94.945,-29.987
47.778,waypoint_2,-9.099,-95.022,-29.987
47.812,waypoint_2,-9.039,-95.098,-29.987
47.846,waypoint_2,-8.980,-95.174,-29.987
47.878,waypoint_2,-8.920,-95.251,-29.987
47.912,waypoint_2,-8.845,-95.346,-29.987
47.946,waypoint_2,-8.786,-95.423,-29.987
47.980,waypoint_2,-8.726,-95.499,-29.987
48.012,waypoint_2,-8.667,-95.575,-29.987
48.046,waypoint_2,-8.607,-95.652,-29.986
48.080,waypoint_2,-8.533,-95.747,-29.986
48.112,waypoint_2,-8.474,-95.823,-29.985
48.146,waypoint_2,-8.415,-95.900,-29.985
48.180,waypoint_2,-8.356,-95.976,-29.984
48.212,waypoint_2,-8.297,-96.052,-29.984
48.246,waypoint_2,-8.238,-96.129,-29.984
48.280,waypoint_2,-8.164,-96.224,-29.983
48.312,waypoint_2,-8.105,-96.300,-29.983
48.346,waypoint_2,-8.047,-96.377,-29.983
48.380,waypoint_2,-7.988,-96.453,-29.983
48.412,waypoint_2,-7.929,-96.530,-29.982
48.446,waypoint_2,-7.871,-96.606,-29.982
48.480,waypoint_2,-7.798,-96.702,-29.982
48.512,waypoint_2,-7.739,-96.779,-29.982
48.546,waypoint_2,-7.681,-96.855,-29.983
48.580,waypoint_2,-7.623,-96.932,-29.983
48.612,waypoint_2,-7.565,-97.009,-29.983
48.646,waypoint_2,-7.507,-97.085,-29.984
48.680,waypoint_2,-7.435,-97.181,-29.984
48.712,waypoint_2,-7.377,-97.258,-29.985
48.746,waypoint_2,-7.319,-97.334,-29.985
48.780,waypoint_2,-7.261,-97.411,-29.986
48.812,waypoint_2,-7.203,-97.488,-29.986
48.846,waypoint_2,-7.145,-97.565,-29.987
48.880,waypoint_2,-7.072,-97.661,-29.987
48.912,waypoint_2,-7.014,-97.737,-29.988
48.946,waypoint_2,-6.956,-97.814,-29.988
48.980,waypoint_2,-6.898,-97.891,-29.988
49.012,waypoint_2,-6.840,-97.968,-29.989
49.046,waypoint_2,-6.782,-98.045,-29.989
49.080,waypoint_2,-6.709,-98.141,-29.989
49.112,waypoint_2,-6.651,-98.217,-29.989
49.146,waypoint_2,-6.593,-98.294,-29.989
49.180,waypoint_2,-6.535,-98.371,-29.989
49.212,waypoint_2,-6.477,-98.448,-29.989
49.247,waypoint_2,-6.419,-98.524,-29.989
49.280,waypoint_2,-6.346,-98.620,-29.989
49.312,waypoint_2,-6.288,-98.697,-29.988
49.346,waypoint_2,-6.230,-98.773,-29.988
49.380,waypoint_2,-6.172,-98.850,-29.988
49.412,waypoint_2,-6.114,-98.927,-29.987
49.446,waypoint_2,-6.056,-99.003,-29.987
49.480,waypoint_2,-5.983,-99.099,-29.986
49.512,waypoint_2,-5.925,-99.176,-29.985
49.546,waypoint_2,-5.867,-99.252,-29.984
49.580,waypoint_2,-5.809,-99.329,-29.983
49.612,waypoint_2,-5.751,-99.406,-29.983
49.646,waypoint_2,-5.693,-99.482,-29.982
49.680,waypoint_2,-5.620,-99.578,-29.981
49.712,waypoint_2,-5.562,-99.655,-29.980
49.746,waypoint_2,-5.504,-99.731,-29.979
49.780,waypoint_2,-5.446,-99.808,-29.979
49.812,waypoint_2,-5.388,-99.885,-29.978
49.846,waypoint_2,-5.330,-99.962,-29.978
49.880,waypoint_2,-5.258,-100.058,-29.977
49.912,waypoint_2,-5.200,-100.135,-29.976
49.946,waypoint_2,-5.142,-100.212,-29.976
49.980,waypoint_2,-5.084,-100.289,-29.975
50.012,waypoint_2,-5.026,-100.366,-29.975
50.046,waypoint_2,-4.968,-100.442,-29.974
50.080,waypoint_2,-4.896,-100.538,-29.974
50.112,waypoint_2,-4.838,-100.615,-29.974
50.147,waypoint_2,-4.781,-100.691,-29.974
50.181,waypoint_2,-4.723,-100.768,-29.974
50.213,waypoint_2,-4.665,-100.844,-29.974
50.247,waypoint_2,-4.608,-100.921,-29.974
50.281,waypoint_2,-4.536,-101.017,-29.974
50.313,waypoint_2,-4.478,-101.093,-29.974
50.347,waypoint_2,-4.420,-101.170,-29.973
50.381,waypoint_2,-4.363,-101.247,-29.973
50.413,waypoint_2,-4.305,-101.324,-29.973
50.447,waypoint_2,-4.247,-101.401,-29.973
50.481,waypoint_2,-4.175,-101.497,-29.973
50.513,waypoint_2,-4.117,-101.574,-29.973
50.547,waypoint_2,-4.060,-101.652,-29.972
50.581,waypoint_2,-4.002,-101.730,-29.972
50.613,waypoint_2,-3.944,-101.807,-29.972
50.647,waypoint_2,-3.886,-101.885,-29.972
50.681,waypoint_2,-3.814,-101.983,-29.972
50.713,waypoint_2,-3.757,-102.061,-29.972
50.747,waypoint_2,-3.699,-102.139,-29.971
50.781,waypoint_2,-3.642,-102.218,-29.971
50.813,waypoint_2,-3.584,-102.296,-29.971
50.847,waypoint_2,-3.526,-102.374,-29.971
50.881,waypoint_2,-3.454,-102.472,-29.970
50.913,waypoint_2,-3.397,-102.551,-29.970
50.947,waypoint_2,-3.339,-102.629,-29.970
50.981,waypoint_2,-3.281,-102.707,-29.969
51.013,waypoint_2,-3.223,-102.786,-29.969
51.047,waypoint_2,-3.166,-102.864,-29.968
51.081,waypoint_2,-3.094,-102.961,-29.968
51.113,waypoint_2,-3.036,-103.039,-29.968
51.147,waypoint_2,-2.978,-103.117,-29.967
51.181,waypoint_2,-2.920,-103.195,-29.967
51.213,waypoint_2,-2.863,-103.273,-29.967
51.247,waypoint_2,-2.805,-103.350,-29.968
51.281,waypoint_2,-2.733,-103.447,-29.968
51.313,waypoint_2,-2.675,-103.525,-29.969
51.347,waypoint_2,-2.618,-103.602,-29.969
51.381,waypoint_2,-2.560,-103.679,-29.970
51.413,waypoint_2,-2.503,-103.757,-29.971
51.447,waypoint_2,-2.446,-103.834,-29.971
51.481,waypoint_2,-2.375,-103.931,-29.972
51.513,waypoint_2,-2.318,-104.008,-29.972
51.547,waypoint_2,-2.261,-104.085,-29.972
51.581,waypoint_2,-2.204,-104.162,-29.973
51.613,waypoint_2,-2.148,-104.239,-29.973
51.647,waypoint_2,-2.091,-104.316,-29.973
51.681,waypoint_2,-2.020,-104.413,-29.973
51.713,waypoint_2,-1.963,-104.490,-29.972
51.747,waypoint_2,-1.907,-104.567,-29.972
51.781,waypoint_2,-1.850,-104.644,-29.972
51.813,waypoint_2,-1.793,-104.722,-29.972
51.847,waypoint_2,-1.737,-104.799,-29.971
51.881,waypoint_2,-1.666,-104.896,-29.971
51.913,waypoint_2,-1.609,-104.974,-29.971
51.947,waypoint_2,-1.553,-105.051,-29.971
51.981,waypoint_2,-1.496,-105.129,-29.970
52.013,waypoint_2,-1.440,-105.207,-29.970
52.047,waypoint_2,-1.384,-105.285,-29.970
52.081,waypoint_2,-1.313,-105.383,-29.969
52.113,waypoint_2,-1.257,-105.462,-29.969
52.147,waypoint_2,-1.201,-105.540,-29.969
52.181,waypoint_2,-1.145,-105.618,-29.968
52.213,waypoint_2,-1.089,-105.697,-29.968
52.247,waypoint_2,-1.034,-105.775,-29.968
52.281,waypoint_2,-0.964,-105.873,-29.967
52.313,waypoint_2,-0.908,-105.951,-29.967
52.347,waypoint_2,-0.852,-106.029,-29.967
52.381,waypoint_2,-0.796,-106.107,-29.967
52.413,waypoint_2,-0.740,-106.186,-29.967
52.448,waypoint_2,-0.684,-106.264,-29.967
52.481,waypoint_2,-0.613,-106.361,-29.967
52.513,waypoint_2,-0.557,-106.439,-29.967
52.547,waypoint_2,-0.501,-106.517,-29.967
52.581,waypoint_2,-0.445,-106.595,-29.967
52.613,waypoint_2,-0.389,-106.674,-29.967
52.647,waypoint_2,-0.333,-106.752,-29.967
52.681,waypoint_2,-0.263,-106.849,-29.967
52.713,waypoint_2,-0.207,-106.927,-29.967
52.747,waypoint_2,-0.151,-107.006,-29.967
52.781,waypoint_2,-0.095,-107.084,-29.967
52.813,waypoint_2,-0.039,-107.162,-29.967
52.847,waypoint_2,0.017,-107.240,-29.967
52.882,waypoint_2,0.087,-107.337,-29.967
52.916,waypoint_2,0.143,-107.415,-29.967
52.950,waypoint_2,0.199,-107.493,-29.967
52.984,waypoint_2,0.255,-107.571,-29.967
53.016,waypoint_2,0.311,-107.649,-29.967
53.050,waypoint_2,0.367,-107.727,-29.967
53.084,waypoint_2,0.437,-107.825,-29.967
53.116,waypoint_2,0.493,-107.903,-29.967
53.150,waypoint_2,0.549,-107.981,-29.967
53.184,waypoint_2,0.605,-108.060,-29.967
53.216,waypoint_2,0.662,-108.138,-29.967
53.250,waypoint_2,0.718,-108.216,-29.968
53.284,waypoint_2,0.788,-108.313,-29.968
53.316,waypoint_2,0.845,-108.391,-29.968
53.350,waypoint_2,0.902,-108.469,-29.968
53.384,waypoint_2,0.958,-108.547,-29.968
53.416,waypoint_2,1.015,-108.624,-29.968
53.450,waypoint_2,1.071,-108.702,-29.968
53.484,waypoint_2,1.142,-108.799,-29.968
53.516,waypoint_2,1.198,-108.877,-29.968
53.550,waypoint_2,1.254,-108.954,-29.968
53.584,waypoint_2,1.310,-109.032,-29.968
53.616,waypoint_2,1.366,-109.109,-29.968
53.650,waypoint_2,1.422,-109.187,-29.967
53.684,waypoint_2,1.492,-109.284,-29.967
53.716,waypoint_2,1.547,-109.361,-29.967
53.750,waypoint_2,1.603,-109.439,-29.966
53.784,waypoint_2,1.659,-109.516,-29.966
53.816,waypoint_2,1.714,-109.594,-29.966
53.850,waypoint_2,1.770,-109.671,-29.965
53.884,waypoint_2,1.840,-109.768,-29.965
53.916,waypoint_2,1.896,-109.846,-29.964
53.950,waypoint_2,1.952,-109.924,-29.964
53.984,waypoint_2,2.008,-110.002,-29.964
54.016,waypoint_2,2.064,-110.079,-29.964
54.050,waypoint_2,2.120,-110.157,-29.964
54.084,waypoint_2,2.190,-110.254,-29.963
54.116,waypoint_2,2.246,-110.332,-29.963
54.150,waypoint_2,2.302,-110.410,-29.963
54.184,waypoint_2,2.358,-110.488,-29.962
54.216,waypoint_2,2.414,-110.565,-29.962
54.250,waypoint_2,2.470,-110.643,-29.962
54.284,waypoint_2,2.540,-110.740,-29.961
54.316,waypoint_2,2.596,-110.817,-29.961
54.350,waypoint_2,2.652,-110.895,-29.961
54.384,waypoint_2,2.708,-110.972,-29.960
54.416,waypoint_2,2.765,-111.050,-29.960
54.450,waypoint_2,2.821,-111.127,-29.960
54.484,waypoint_2,2.891,-111.224,-29.960
54.516,waypoint_2,2.947,-111.302,-29.960
54.550,waypoint_2,3.002,-111.379,-29.960
54.584,waypoint_2,3.058,-111.457,-29.960
54.616,waypoint_2,3.114,-111.534,-29.960
54.650,waypoint_2,3.170,-111.611,-29.960
54.684,waypoint_2,3.239,-111.708,-29.960
54.716,waypoint_2,3.295,-111.786,-29.960
54.750,waypoint_2,3.351,-111.863,-29.960
54.784,waypoint_2,3.407,-111.940,-29.960
54.816,waypoint_2,3.462,-112.018,-29.961
54.850,waypoint_2,3.517,-112.095,-29.961
54.884,waypoint_2,3.587,-112.192,-29.962
54.916,waypoint_2,3.642,-112.270,-29.963
54.950,waypoint_2,3.697,-112.347,-29.963
54.984,waypoint_2,3.752,-112.425,-29.964
55.016,waypoint_2,3.808,-112.502,-29.965
55.050,waypoint_2,3.863,-112.580,-29.965
55.084,waypoint_2,3.932,-112.677,-29.966
55.116,waypoint_2,3.987,-112.754,-29.967
55.150,waypoint_2,4.042,-112.831,-29.967
55.184,waypoint_2,4.097,-112.909,-29.968
55.216,waypoint_2,4.153,-112.986,-29.968
55.250,waypoint_2,4.208,-113.064,-29.968
55.284,waypoint_2,4.277,-113.161,-29.969
55.316,waypoint_2,4.332,-113.238,-29.969
55.350,waypoint_2,4.388,-113.316,-29.969
55.384,waypoint_2,4.444,-113.394,-29.970
55.416,waypoint_2,4.499,-113.471,-29.970
55.450,waypoint_2,4.555,-113.549,-29.971
55.484,waypoint_2,4.625,-113.647,-29.971
55.516,waypoint_2,4.681,-113.725,-29.972
55.550,waypoint_2,4.738,-113.803,-29.973
55.584,waypoint_2,4.794,-113.881,-29.973
55.616,waypoint_2,4.851,-113.959,-29.974
55.650,waypoint_2,4.907,-114.037,-29.975
55.684,waypoint_2,4.978,-114.134,-29.976
55.716,waypoint_2,5.035,-114.212,-29.977
55.750,waypoint_2,5.092,-114.290,-29.978
55.784,waypoint_2,5.149,-114.368,-29.978
55.816,waypoint_2,5.207,-114.446,-29.979
55.850,waypoint_2,5.264,-114.524,-29.979
55.884,waypoint_2,5.335,-114.622,-29.980
55.916,waypoint_2,5.393,-114.700,-29.981
55.950,waypoint_2,5.450,-114.778,-29.982
55.985,waypoint_2,5.507,-114.856,-29.982
56.016,waypoint_2,5.564,-114.934,-29.982
56.050,waypoint_2,5.621,-115.012,-29.983
56.084,waypoint_2,5.693,-115.109,-29.983
56.116,waypoint_2,5.750,-115.187,-29.983
56.150,waypoint_2,5.807,-115.265,-29.983
56.184,waypoint_2,5.864,-115.342,-29.983
56.216,waypoint_2,5.921,-115.420,-29.983
56.250,waypoint_2,5.978,-115.498,-29.982
56.284,waypoint_2,6.049,-115.595,-29.982
56.316,waypoint_2,6.106,-115.672,-29.982
56.350,waypoint_2,6.162,-115.750,-29.981
56.384,waypoint_2,6.219,-115.827,-29.981
56.416,waypoint_2,6.276,-115.905,-29.981
56.450,waypoint_2,6.332,-115.983,-29.981
56.484,waypoint_2,6.403,-116.080,-29.981
56.516,waypoint_2,6.460,-116.157,-29.981
56.550,waypoint_2,6.517,-116.235,-29.981
56.584,waypoint_2,6.573,-116.312,-29.981
56.616,waypoint_2,6.630,-116.390,-29.981
56.650,waypoint_2,6.687,-116.468,-29.981
56.684,waypoint_2,6.758,-116.564,-29.980
56.716,waypoint_2,6.815,-116.642,-29.980
56.750,waypoint_2,6.872,-116.719,-29.980
56.784,waypoint_2,6.928,-116.797,-29.980
56.816,waypoint_2,6.985,-116.874,-29.980
56.850,waypoint_2,7.042,-116.952,-29.980
56.884,waypoint_2,7.113,-117.048,-29.979
56.916,waypoint_2,7.170,-117.126,-29.979
56.950,waypoint_2,7.227,-117.203,-29.979
56.984,waypoint_2,7.284,-117.281,-29.978
57.016,waypoint_2,7.341,-117.358,-29.978
57.050,waypoint_2,7.398,-117.436,-29.978
57.084,waypoint_2,7.470,-117.533,-29.977
57.116,waypoint_2,7.527,-117.611,-29.977
57.150,waypoint_2,7.584,-117.688,-29.977
57.184,waypoint_2,7.642,-117.766,-29.977
57.216,waypoint_2,7.699,-117.844,-29.977
57.250,waypoint_2,7.756,-117.921,-29.976
57.284,waypoint_2,7.828,-118.018,-29.976
57.316,waypoint_2,7.885,-118.096,-29.976
57.350,waypoint_2,7.942,-118.173,-29.976
57.384,waypoint_2,7.999,-118.251,-29.976
57.416,waypoint_2,8.056,-118.328,-29.975
57.450,waypoint_2,8.113,-118.406,-29.975
57.484,waypoint_2,8.184,-118.503,-29.975
57.516,waypoint_2,8.241,-118.580,-29.975
57.550,waypoint_2,8.298,-118.658,-29.975
57.584,waypoint_2,8.355,-118.735,-29.975
57.616,waypoint_2,8.411,-118.813,-29.975
57.650,waypoint_2,8.468,-118.891,-29.975
57.684,waypoint_2,8.539,-118.989,-29.975
57.716,waypoint_2,8.595,-119.067,-29.975
57.750,waypoint_2,8.651,-119.146,-29.976
57.784,waypoint_2,8.707,-119.224,-29.976
57.816,waypoint_2,8.763,-119.303,-29.976
57.850,waypoint_2,8.819,-119.382,-29.977
57.884,waypoint_2,8.889,-119.480,-29.977
57.916,waypoint_2,8.945,-119.559,-29.978
57.950,waypoint_2,9.001,-119.639,-29.978
57.984,waypoint_2,9.057,-119.718,-29.979
58.016,waypoint_2,9.112,-119.797,-29.979
58.050,waypoint_2,9.168,-119.876,-29.979
58.084,waypoint_2,9.237,-119.975,-29.980
58.116,waypoint_2,9.293,-120.053,-29.980
58.150,waypoint_2,9.348,-120.132,-29.980
58.184,waypoint_2,9.403,-120.211,-29.981
58.216,waypoint_2,9.458,-120.289,-29.981
58.250,waypoint_2,9.514,-120.368,-29.981
58.284,waypoint_2,9.582,-120.466,-29.982
58.316,waypoint_2,9.637,-120.544,-29.982
58.350,waypoint_2,9.692,-120.622,-29.982
58.384,waypoint_2,9.747,-120.700,-29.982
58.416,waypoint_2,9.802,-120.779,-29.982
58.450,waypoint_2,9.857,-120.857,-29.982
58.484,waypoint_2,9.926,-120.955,-29.983
58.516,waypoint_2,9.981,-121.033,-29.983
58.550,waypoint_2,10.036,-121.111,-29.983
58.584,waypoint_2,10.091,-121.189,-29.983
58.616,waypoint_2,10.146,-121.268,-29.983
58.650,waypoint_2,10.201,-121.346,-29.983
58.684,waypoint_2,10.270,-121.444,-29.984
58.716,waypoint_2,10.325,-121.522,-29.984
58.750,waypoint_2,10.380,-121.601,-29.984
58.784,waypoint_2,10.435,-121.679,-29.984
58.816,waypoint_2,10.491,-121.758,-29.985
58.850,waypoint_2,10.546,-121.836,-29.985
58.884,waypoint_2,10.616,-121.934,-29.985
58.916,waypoint_2,10.671,-122.013,-29.986
58.950,waypoint_2,10.727,-122.091,-29.986
58.984,waypoint_2,10.783,-122.170,-29.986
59.016,waypoint_2,10.839,-122.248,-29.987
59.050,waypoint_2,10.895,-122.326,-29.987
59.084,waypoint_2,10.964,-122.424,-29.988
59.116,waypoint_2,11.020,-122.502,-29.988
59.150,waypoint_2,11.076,-122.580,-29.988
59.184,waypoint_2,11.131,-122.658,-29.988
59.216,waypoint_2,11.187,-122.737,-29.989
59.250,waypoint_2,11.243,-122.815,-29.989
59.284,waypoint_2,11.312,-122.912,-29.989
59.316,waypoint_2,11.368,-122.991,-29.989
59.350,waypoint_2,11.423,-123.069,-29.989
59.384,waypoint_2,11.479,-123.147,-29.989
59.416,waypoint_2,11.534,-123.226,-29.989
59.451,waypoint_2,11.590,-123.304,-29.989
59.485,waypoint_2,11.659,-123.402,-29.988
59.517,waypoint_2,11.715,-123.480,-29.988
59.551,waypoint_2,11.770,-123.559,-29.988
59.585,waypoint_2,11.826,-123.637,-29.987
59.617,waypoint_2,11.881,-123.715,-29.987
59.651,waypoint_2,11.936,-123.793,-29.986
59.686,waypoint_2,12.006,-123.891,-29.986
59.717,waypoint_2,12.061,-123.969,-29.986
59.751,waypoint_2,12.116,-124.047,-29.986
59.785,waypoint_2,12.172,-124.125,-29.985
59.817,waypoint_2,12.227,-124.203,-29.985
59.851,waypoint_2,12.283,-124.281,-29.985
59.885,waypoint_2,12.352,-124.378,-29.985
59.917,waypoint_2,12.408,-124.456,-29.985
59.951,waypoint_2,12.463,-124.534,-29.985
59.985,waypoint_2,12.519,-124.611,-29.984
60.017,waypoint_2,12.575,-124.689,-29.984
60.051,waypoint_2,12.630,-124.767,-29.984
60.085,waypoint_2,12.700,-124.864,-29.984
60.117,waypoint_2,12.756,-124.941,-29.984
60.151,waypoint_2,12.812,-125.019,-29.984
60.185,waypoint_2,12.868,-125.096,-29.983
60.217,waypoint_2,12.924,-125.174,-29.983
60.251,waypoint_2,12.980,-125.251,-29.983
60.286,waypoint_2,13.050,-125.348,-29.982
60.318,waypoint_2,13.107,-125.425,-29.982
60.353,waypoint_2,13.163,-125.503,-29.982
60.386,waypoint_2,13.220,-125.580,-29.981
60.418,waypoint_2,13.276,-125.657,-29.981
60.452,waypoint_2,13.333,-125.734,-29.980
60.486,waypoint_2,13.404,-125.831,-29.980
60.518,waypoint_3,13.461,-125.908,-29.980
60.552,waypoint_3,13.517,-125.985,-29.979
60.586,waypoint_3,13.574,-126.063,-29.979
60.618,waypoint_3,13.631,-126.140,-29.982
60.652,waypoint_3,13.687,-126.218,-29.988
60.686,waypoint_3,13.757,-126.314,-29.999
60.718,waypoint_3,13.811,-126.391,-30.010
60.752,waypoint_3,13.862,-126.467,-30.023
60.786,waypoint_3,13.911,-126.543,-30.035
60.818,waypoint_3,13.955,-126.618,-30.047
60.852,waypoint_3,13.996,-126.692,-30.058
60.886,waypoint_3,14.039,-126.784,-30.070
60.918,waypoint_3,14.069,-126.856,-30.077
60.952,waypoint_3,14.092,-126.928,-30.082
60.986,waypoint_3,14.110,-126.999,-30.085
61.018,waypoint_3,14.122,-127.070,-30.087
61.052,waypoint_3,14.128,-127.140,-30.087
61.086,waypoint_3,14.127,-127.226,-30.084
61.118,waypoint_3,14.120,-127.295,-30.081
61.152,waypoint_3,14.107,-127.363,-30.076
61.186,waypoint_3,14.089,-127.430,-30.071
61.218,waypoint_3,14.065,-127.497,-30.065
61.252,waypoint_3,14.036,-127.563,-30.058
61.286,waypoint_3,13.993,-127.645,-30.049
61.318,waypoint_3,13.954,-127.710,-30.042
61.352,waypoint_3,13.910,-127.774,-30.035
61.386,waypoint_3,13.863,-127.838,-30.028
61.418,waypoint_3,13.812,-127.902,-30.022
61.452,waypoint_3,13.758,-127.964,-30.015
61.486,waypoint_3,13.687,-128.042,-30.007
61.518,waypoint_3,13.627,-128.104,-30.002
61.552,waypoint_3,13.564,-128.165,-29.997
61.586,waypoint_3,13.499,-128.226,-29.992
61.618,waypoint_3,13.433,-128.286,-29.988
61.652,waypoint_3,13.365,-128.347,-29.984
61.686,waypoint_3,13.277,-128.422,-29.980
61.718,waypoint_3,13.207,-128.481,-29.977
61.752,waypoint_3,13.135,-128.541,-29.974
61.786,waypoint_3,13.062,-128.600,-29.972
61.818,waypoint_3,12.989,-128.660,-29.970
61.852,waypoint_3,12.916,-128.719,-29.969
61.886,waypoint_3,12.824,-128.792,-29.967
61.918,waypoint_3,12.749,-128.851,-29.966
61.952,waypoint_3,12.675,-128.910,-29.966
61.986,waypoint_3,12.601,-128.969,-29.965
62.018,waypoint_3,12.527,-129.027,-29.965
62.052,waypoint_3,12.453,-129.086,-29.965
62.086,waypoint_3,12.360,-129.159,-29.964
62.118,waypoint_3,12.286,-129.218,-29.964
62.152,waypoint_3,12.212,-129.277,-29.964
62.186,waypoint_3,12.138,-129.336,-29.965
62.218,waypoint_3,12.065,-129.395,-29.965
62.252,waypoint_3,11.991,-129.455,-29.965
62.286,waypoint_3,11.918,-129.514,-29.965
62.318,waypoint_3,11.827,-129.588,-29.966
62.352,waypoint_3,11.754,-129.648,-29.966
62.386,waypoint_3,11.682,-129.707,-29.967
62.419,waypoint_3,11.609,-129.767,-29.967
62.453,waypoint_3,11.537,-129.826,-29.968
62.487,waypoint_3,11.446,-129.901,-29.969
62.519,waypoint_3,11.374,-129.961,-29.970
62.554,waypoint_3,11.302,-130.020,-29.970
62.587,waypoint_3,11.230,-130.080,-29.971
62.619,waypoint_3,11.158,-130.140,-29.972
62.653,waypoint_3,11.086,-130.200,-29.973
62.689,waypoint_3,10.996,-130.275,-29.974
62.721,waypoint_3,10.925,-130.335,-29.975
62.755,waypoint_3,10.853,-130.395,-29.976
62.789,waypoint_3,10.781,-130.455,-29.977
62.821,waypoint_3,10.709,-130.514,-29.978
62.855,waypoint_3,10.638,-130.574,-29.979
62.889,waypoint_3,10.548,-130.649,-29.980
62.921,waypoint_3,10.476,-130.709,-29.981
62.955,waypoint_3,10.404,-130.768,-29.981
62.988,waypoint_3,10.333,-130.828,-29.982
63.020,waypoint_3,10.261,-130.888,-29.983
63.055,waypoint_3,10.189,-130.947,-29.983
63.089,waypoint_3,10.099,-131.022,-29.984
63.120,waypoint_3,10.026,-131.082,-29.984
63.155,waypoint_3,9.954,-131.142,-29.985
63.201,waypoint_3,9.882,-131.201,-29.985
63.238,waypoint_3,9.810,-131.261,-29.986
63.272,waypoint_3,9.737,-131.321,-29.986
63.304,waypoint_3,9.664,-131.381,-29.986
63.338,waypoint_3,9.573,-131.456,-29.987
63.372,waypoint_3,9.500,-131.516,-29.987
63.404,waypoint_3,9.427,-131.576,-29.987
63.438,waypoint_3,9.353,-131.636,-29.987
63.472,waypoint_3,9.280,-131.696,-29.987
63.504,waypoint_3,9.206,-131.756,-29.987
63.538,waypoint_3,9.114,-131.832,-29.987
63.572,waypoint_3,9.041,-131.892,-29.987
63.604,waypoint_3,8.967,-131.952,-29.987
63.638,waypoint_3,8.893,-132.012,-29.987
63.672,waypoint_3,8.819,-132.072,-29.987
63.704,waypoint_3,8.745,-132.131,-29.987
63.738,waypoint_3,8.652,-132.206,-29.987
63.772,waypoint_3,8.578,-132.266,-29.988
63.804,waypoint_3,8.503,-132.326,-29.988
63.838,waypoint_3,8.428,-132.386,-29.988
63.872,waypoint_3,8.354,-132.446,-29.989
63.904,waypoint_3,8.279,-132.506,-29.989
63.938,waypoint_3,8.185,-132.581,-29.989
63.972,waypoint_3,8.110,-132.641,-29.989
64.004,waypoint_3,8.035,-132.701,-29.989
64.038,waypoint_3,7.959,-132.761,-29.989
64.072,waypoint_3,7.884,-132.821,-29.990
64.104,waypoint_3,7.808,-132.881,-29.990
64.138,waypoint_3,7.714,-132.956,-29.990
64.172,waypoint_3,7.638,-133.016,-29.990
64.204,waypoint_3,7.562,-133.076,-29.990
64.238,waypoint_3,7.486,-133.135,-29.990
64.272,waypoint_3,7.410,-133.195,-29.990
64.304,waypoint_3,7.333,-133.255,-29.991
64.338,waypoint_3,7.238,-133.329,-29.991
64.372,waypoint_3,7.161,-133.389,-29.991
64.404,waypoint_3,7.085,-133.448,-29.991
64.438,waypoint_3,7.009,-133.508,-29.992
64.472,waypoint_3,6.932,-133.567,-29.992
64.504,waypoint_3,6.856,-133.627,-29.992
64.538,waypoint_3,6.760,-133.701,-29.992
64.570,waypoint_3,6.683,-133.761,-29.993
64.604,waypoint_3,6.607,-133.821,-29.993
64.638,waypoint_3,6.530,-133.880,-29.993
64.670,waypoint_3,6.453,-133.940,-29.994
64.704,waypoint_3,6.376,-134.000,-29.994
64.738,waypoint_3,6.280,-134.074,-29.994
64.770,waypoint_3,6.203,-134.134,-29.995
64.804,waypoint_3,6.126,-134.194,-29.995
64.838,waypoint_3,6.049,-134.254,-29.995
64.870,waypoint_3,5.972,-134.314,-29.995
64.904,waypoint_3,5.895,-134.375,-29.995
64.938,waypoint_3,5.798,-134.450,-29.995
64.970,waypoint_3,5.721,-134.511,-29.995
65.004,waypoint_3,5.643,-134.572,-29.995
65.038,waypoint_3,5.566,-134.632,-29.995
65.070,waypoint_3,5.488,-134.693,-29.994
65.104,waypoint_3,5.411,-134.755,-29.994
65.138,waypoint_3,5.314,-134.831,-29.994
65.170,waypoint_3,5.236,-134.892,-29.995
65.204,waypoint_3,5.158,-134.953,-29.995
65.238,waypoint_3,5.081,-135.014,-29.995
65.270,waypoint_3,5.003,-135.076,-29.995
65.304,waypoint_3,4.925,-135.137,-29.995
65.338,waypoint_3,4.828,-135.213,-29.995
65.370,waypoint_3,4.751,-135.275,-29.995
65.404,waypoint_3,4.673,-135.336,-29.996
65.438,waypoint_3,4.595,-135.397,-29.996
65.470,waypoint_3,4.518,-135.458,-29.996
65.504,waypoint_3,4.440,-135.519,-29.996
65.538,waypoint_3,4.343,-135.595,-29.996
65.570,waypoint_3,4.265,-135.656,-29.997
65.604,waypoint_3,4.188,-135.717,-29.997
65.638,waypoint_3,4.111,-135.779,-29.997
65.670,waypoint_3,4.033,-135.840,-29.997
65.704,waypoint_3,3.956,-135.901,-29.997
65.738,waypoint_3,3.859,-135.977,-29.997
65.770,waypoint_3,3.782,-136.038,-29.997
65.804,waypoint_3,3.705,-136.099,-29.997
65.838,waypoint_3,3.627,-136.160,-29.997
65.870,waypoint_3,3.550,-136.222,-29.997
65.904,waypoint_3,3.473,-136.283,-29.997
65.938,waypoint_3,3.377,-136.359,-29.997
65.970,waypoint_3,3.300,-136.419,-29.997
66.004,waypoint_3,3.223,-136.480,-29.996
66.038,waypoint_3,3.146,-136.541,-29.996
66.070,waypoint_3,3.069,-136.601,-29.996
66.104,waypoint_3,2.993,-136.662,-29.996
66.138,waypoint_3,2.897,-136.738,-29.996
66.170,waypoint_3,2.820,-136.799,-29.996
66.204,waypoint_3,2.744,-136.859,-29.996
66.238,waypoint_3,2.667,-136.920,-29.996
66.270,waypoint_3,2.591,-136.981,-29.996
66.304,waypoint_3,2.514,-137.041,-29.996
66.338,waypoint_3,2.418,-137.117,-29.996
66.370,waypoint_3,2.342,-137.177,-29.996
66.404,waypoint_3,2.265,-137.237,-29.996
66.438,waypoint_3,2.188,-137.298,-29.996
66.470,waypoint_3,2.112,-137.358,-29.996
66.504,waypoint_3,2.035,-137.418,-29.996
66.538,waypoint_3,1.939,-137.493,-29.996
66.570,waypoint_3,1.863,-137.553,-29.996
66.604,waypoint_3,1.786,-137.613,-29.996
66.640,waypoint_3,1.709,-137.673,-29.996
66.672,waypoint_3,1.632,-137.733,-29.997
66.706,waypoint_3,1.555,-137.793,-29.997
66.740,waypoint_3,1.459,-137.868,-29.998
66.772,waypoint_3,1.382,-137.928,-29.998
66.806,waypoint_3,1.305,-137.988,-29.998
66.840,waypoint_3,1.228,-138.048,-29.999
66.872,waypoint_3,1.151,-138.108,-30.000
66.906,waypoint_3,1.074,-138.168,-30.000
66.940,waypoint_3,0.977,-138.243,-30.001
66.972,waypoint_3,0.900,-138.303,-30.001
67.006,waypoint_3,0.822,-138.363,-30.002
67.040,waypoint_3,0.745,-138.423,-30.002
67.072,waypoint_3,0.667,-138.483,-30.003
67.106,waypoint_3,0.590,-138.543,-30.003
67.140,waypoint_3,0.492,-138.618,-30.003
67.172,waypoint_3,0.415,-138.678,-30.004
67.206,waypoint_3,0.337,-138.738,-30.004
67.240,waypoint_3,0.259,-138.798,-30.004
67.272,waypoint_3,0.181,-138.858,-30.004
67.306,waypoint_3,0.103,-138.918,-30.004
67.340,waypoint_3,0.005,-138.993,-30.004
67.372,waypoint_3,-0.073,-139.053,-30.004
67.406,waypoint_3,-0.151,-139.113,-30.004
67.440,waypoint_3,-0.229,-139.173,-30.004
67.472,waypoint_3,-0.307,-139.232,-30.004
67.506,waypoint_3,-0.385,-139.292,-30.005
67.540,waypoint_3,-0.483,-139.366,-30.005
67.572,waypoint_3,-0.561,-139.426,-30.005
67.606,waypoint_3,-0.640,-139.485,-30.005
67.640,waypoint_3,-0.718,-139.544,-30.005
67.672,waypoint_3,-0.797,-139.604,-30.005
67.706,waypoint_3,-0.875,-139.663,-30.004
67.740,waypoint_3,-0.974,-139.737,-30.004
67.772,waypoint_3,-1.053,-139.796,-30.004
67.806,waypoint_3,-1.131,-139.855,-30.004
67.840,waypoint_3,-1.210,-139.914,-30.004
67.872,waypoint_3,-1.289,-139.974,-30.003
67.906,waypoint_3,-1.367,-140.033,-30.003
67.940,waypoint_3,-1.466,-140.107,-30.003
67.972,waypoint_3,-1.544,-140.167,-30.003
68.006,waypoint_3,-1.623,-140.227,-30.003
68.040,waypoint_3,-1.701,-140.286,-30.003
68.072,waypoint_3,-1.780,-140.346,-30.003
68.106,waypoint_3,-1.858,-140.406,-30.003
68.140,waypoint_3,-1.956,-140.481,-30.003
68.172,waypoint_3,-2.034,-140.541,-30.004
68.206,waypoint_3,-2.113,-140.601,-30.004
68.240,waypoint_3,-2.191,-140.661,-30.004
68.272,waypoint_3,-2.269,-140.721,-30.005
68.306,waypoint_3,-2.348,-140.781,-30.005
68.340,waypoint_3,-2.446,-140.857,-30.005
68.372,waypoint_3,-2.524,-140.917,-30.006
68.406,waypoint_3,-2.603,-140.978,-30.006
68.440,waypoint_3,-2.681,-141.038,-30.006
68.472,waypoint_3,-2.760,-141.099,-30.007
68.506,waypoint_3,-2.838,-141.159,-30.007
68.540,waypoint_3,-2.937,-141.235,-30.007
68.572,waypoint_3,-3.015,-141.295,-30.008
68.606,waypoint_3,-3.094,-141.355,-30.008
68.640,waypoint_3,-3.172,-141.416,-30.008
68.672,waypoint_3,-3.251,-141.476,-30.008
68.706,waypoint_3,-3.329,-141.537,-30.009
68.740,waypoint_3,-3.427,-141.612,-30.009
68.772,waypoint_3,-3.505,-141.673,-30.009
68.806,waypoint_3,-3.584,-141.733,-30.009
68.840,waypoint_3,-3.662,-141.793,-30.009
68.872,waypoint_3,-3.740,-141.854,-30.009
68.906,waypoint_3,-3.818,-141.914,-30.008
68.940,waypoint_3,-3.915,-141.989,-30.008
68.972,waypoint_3,-3.993,-142.050,-30.008
69.006,waypoint_3,-4.071,-142.110,-30.008
69.040,waypoint_3,-4.149,-142.170,-30.007
69.072,waypoint_3,-4.227,-142.230,-30.007
69.106,waypoint_3,-4.305,-142.291,-30.007
69.140,waypoint_3,-4.402,-142.366,-30.006
69.172,waypoint_3,-4.479,-142.426,-30.006
69.206,waypoint_3,-4.557,-142.486,-30.006
69.240,waypoint_3,-4.634,-142.547,-30.006
69.272,waypoint_3,-4.712,-142.607,-30.006
69.306,waypoint_3,-4.789,-142.667,-30.005
69.340,waypoint_3,-4.886,-142.742,-30.005
69.372,waypoint_3,-4.963,-142.802,-30.004
69.406,waypoint_3,-5.041,-142.862,-30.004
69.440,waypoint_3,-5.118,-142.921,-30.004
69.472,waypoint_3,-5.196,-142.981,-30.003
69.506,waypoint_3,-5.273,-143.041,-30.003
69.540,waypoint_3,-5.370,-143.115,-30.002
69.572,waypoint_3,-5.447,-143.175,-30.002
69.606,waypoint_3,-5.525,-143.235,-30.001
69.640,waypoint_3,-5.602,-143.294,-30.001
69.672,waypoint_3,-5.679,-143.354,-30.001
69.706,waypoint_3,-5.756,-143.414,-30.001
69.740,waypoint_3,-5.853,-143.488,-30.000
69.772,waypoint_3,-5.930,-143.548,-30.000
69.806,waypoint_3,-6.007,-143.608,-30.000
69.840,waypoint_3,-6.084,-143.668,-30.000
69.872,waypoint_3,-6.161,-143.728,-30.000
69.906,waypoint_3,-6.238,-143.788,-30.000
69.940,waypoint_3,-6.334,-143.864,-30.000
69.972,waypoint_3,-6.410,-143.924,-30.001
70.006,waypoint_3,-6.487,-143.985,-30.001
70.040,waypoint_3,-6.563,-144.046,-30.001
70.072,waypoint_3,-6.640,-144.107,-30.002
70.106,waypoint_3,-6.716,-144.168,-30.002
70.140,waypoint_3,-6.812,-144.244,-30.003
70.172,waypoint_3,-6.888,-144.306,-30.003
70.206,waypoint_3,-6.964,-144.367,-30.004
70.240,waypoint_3,-7.041,-144.429,-30.004
70.272,waypoint_3,-7.117,-144.490,-30.005
70.306,waypoint_3,-7.194,-144.552,-30.005
70.340,waypoint_3,-7.290,-144.629,-30.005
70.372,waypoint_3,-7.367,-144.691,-30.005
70.406,waypoint_3,-7.444,-144.753,-30.005
70.440,waypoint_3,-7.521,-144.814,-30.005
70.472,waypoint_3,-7.597,-144.876,-30.005
70.506,waypoint_3,-7.674,-144.938,-30.005
70.540,waypoint_3,-7.771,-145.015,-30.005
70.572,waypoint_3,-7.848,-145.076,-30.005
70.606,waypoint_3,-7.925,-145.137,-30.005
70.640,waypoint_3,-8.002,-145.199,-30.005
70.672,waypoint_3,-8.078,-145.260,-30.005
70.706,waypoint_3,-8.155,-145.322,-30.005
70.740,waypoint_3,-8.251,-145.398,-30.005
70.772,waypoint_3,-8.327,-145.459,-30.005
70.806,waypoint_3,-8.403,-145.521,-30.005
70.840,waypoint_3,-8.480,-145.582,-30.005
70.872,waypoint_3,-8.556,-145.643,-30.005
70.906,waypoint_3,-8.632,-145.703,-30.005
70.940,waypoint_3,-8.727,-145.779,-30.006
70.972,waypoint_3,-8.803,-145.840,-30.006
71.006,waypoint_3,-8.878,-145.900,-30.006
71.040,waypoint_3,-8.954,-145.961,-30.006
71.072,waypoint_3,-9.030,-146.021,-30.006
71.106,waypoint_3,-9.105,-146.081,-30.006
71.140,waypoint_3,-9.199,-146.156,-30.007
71.172,waypoint_3,-9.274,-146.216,-30.007
71.206,waypoint_3,-9.350,-146.276,-30.007
71.240,waypoint_3,-9.425,-146.335,-30.007
71.272,waypoint_3,-9.500,-146.395,-30.008
71.306,waypoint_3,-9.575,-146.455,-30.008
71.340,waypoint_3,-9.669,-146.530,-30.008
71.372,waypoint_3,-9.744,-146.590,-30.008
71.406,waypoint_3,-9.819,-146.650,-30.008
71.440,waypoint_3,-9.895,-146.710,-30.008
71.472,waypoint_3,-9.969,-146.770,-30.008
71.506,waypoint_3,-10.044,-146.830,-30.008
71.540,waypoint_3,-10.138,-146.905,-30.008
71.572,waypoint_3,-10.213,-146.965,-30.007
71.606,waypoint_3,-10.288,-147.026,-30.007
71.640,waypoint_3,-10.363,-147.086,-30.006
71.672,waypoint_3,-10.438,-147.146,-30.006
71.706,waypoint_3,-10.513,-147.206,-30.006
71.740,waypoint_3,-10.607,-147.282,-30.005
71.772,waypoint_3,-10.683,-147.342,-30.005
71.806,waypoint_3,-10.758,-147.402,-30.004
71.840,waypoint_3,-10.833,-147.463,-30.004
71.872,waypoint_3,-10.909,-147.523,-30.004
71.906,waypoint_3,-10.984,-147.583,-30.004
71.940,waypoint_3,-11.078,-147.659,-30.004
71.972,waypoint_3,-11.154,-147.720,-30.004
72.006,waypoint_3,-11.229,-147.780,-30.004
72.040,waypoint_3,-11.304,-147.841,-30.004
72.072,waypoint_3,-11.380,-147.901,-30.004
72.106,waypoint_3,-11.455,-147.962,-30.004
72.140,waypoint_3,-11.549,-148.038,-30.004
72.172,waypoint_3,-11.625,-148.098,-30.004
72.206,waypoint_3,-11.700,-148.159,-30.004
72.240,waypoint_3,-11.775,-148.220,-30.005
72.272,waypoint_3,-11.851,-148.280,-30.005
72.306,waypoint_3,-11.926,-148.341,-30.005
72.340,waypoint_3,-12.020,-148.417,-30.005
72.372,waypoint_3,-12.095,-148.478,-30.005
72.406,waypoint_3,-12.170,-148.539,-30.005
72.440,waypoint_3,-12.245,-148.599,-30.005
72.472,waypoint_3,-12.320,-148.660,-30.005
72.506,waypoint_3,-12.395,-148.721,-30.005
72.540,waypoint_3,-12.489,-148.798,-30.005
72.572,waypoint_3,-12.564,-148.859,-30.005
72.606,waypoint_3,-12.639,-148.920,-30.005
72.640,waypoint_3,-12.714,-148.981,-30.004
72.672,waypoint_3,-12.788,-149.042,-30.004
72.706,waypoint_3,-12.863,-149.103,-30.004
72.740,waypoint_3,-12.956,-149.179,-30.004
72.772,waypoint_3,-13.031,-149.240,-30.004
72.806,waypoint_3,-13.106,-149.301,-30.004
72.840,waypoint_3,-13.180,-149.362,-30.003
72.872,waypoint_3,-13.255,-149.424,-30.003
72.906,waypoint_3,-13.329,-149.485,-30.003
72.940,waypoint_3,-13.422,-149.562,-30.003
72.972,waypoint_3,-13.497,-149.623,-30.003
73.006,waypoint_3,-13.571,-149.684,-30.003
73.040,waypoint_3,-13.645,-149.746,-30.004
73.072,waypoint_3,-13.719,-149.807,-30.004
73.106,waypoint_3,-13.793,-149.868,-30.005
73.140,waypoint_3,-13.886,-149.945,-30.005
73.172,waypoint_3,-13.960,-150.007,-30.006
73.206,waypoint_3,-14.034,-150.068,-30.006
73.240,waypoint_3,-14.108,-150.129,-30.007
73.272,waypoint_3,-14.182,-150.191,-30.007
73.306,waypoint_3,-14.256,-150.252,-30.007
73.340,waypoint_3,-14.349,-150.328,-30.008
73.372,waypoint_3,-14.423,-150.390,-30.008
73.406,waypoint_3,-14.497,-150.451,-30.009
73.440,waypoint_3,-14.571,-150.512,-30.009
73.472,waypoint_3,-14.646,-150.573,-30.010
73.506,waypoint_3,-14.720,-150.635,-30.010
73.540,waypoint_3,-14.813,-150.711,-30.011
73.572,waypoint_3,-14.887,-150.772,-30.011
73.606,waypoint_3,-14.962,-150.834,-30.012
73.640,waypoint_3,-15.036,-150.895,-30.012
73.672,waypoint_3,-15.111,-150.956,-30.012
73.706,waypoint_3,-15.185,-151.017,-30.012
73.740,waypoint_3,-15.279,-151.094,-30.012
73.772,waypoint_3,-15.354,-151.155,-30.012
73.806,waypoint_3,-15.429,-151.216,-30.012
73.840,waypoint_3,-15.504,-151.278,-30.012
73.872,waypoint_3,-15.579,-151.339,-30.011
73.906,waypoint_3,-15.653,-151.400,-30.011
73.940,waypoint_3,-15.747,-151.477,-30.011
73.972,waypoint_3,-15.821,-151.538,-30.011
74.006,waypoint_3,-15.896,-151.599,-30.011
74.040,waypoint_3,-15.970,-151.661,-30.010
74.072,waypoint_3,-16.045,-151.722,-30.010
74.106,waypoint_3,-16.119,-151.784,-30.010
74.140,waypoint_3,-16.212,-151.860,-30.009
74.172,waypoint_3,-16.286,-151.922,-30.009
74.206,waypoint_3,-16.360,-151.983,-30.009
74.240,waypoint_3,-16.434,-152.045,-30.008
74.272,waypoint_3,-16.509,-152.106,-30.008
74.306,waypoint_3,-16.583,-152.168,-30.008
74.340,waypoint_3,-16.675,-152.244,-30.007
74.372,waypoint_3,-16.750,-152.306,-30.007
74.406,waypoint_3,-16.824,-152.367,-30.006
74.440,waypoint_3,-16.898,-152.429,-30.006
74.472,waypoint_3,-16.972,-152.490,-30.005
74.506,waypoint_3,-17.046,-152.552,-30.005
74.540,waypoint_3,-17.139,-152.629,-30.004
74.572,waypoint_3,-17.213,-152.690,-30.004
74.606,waypoint_3,-17.287,-152.752,-30.003
74.640,waypoint_3,-17.362,-152.813,-30.002
74.672,waypoint_3,-17.436,-152.874,-30.002
74.706,waypoint_3,-17.511,-152.936,-30.002
74.740,waypoint_3,-17.604,-153.012,-30.001
74.772,waypoint_3,-17.678,-153.073,-30.001
74.806,waypoint_3,-17.753,-153.134,-30.001
74.840,waypoint_3,-17.827,-153.195,-30.001
74.873,waypoint_3,-17.902,-153.256,-30.001
74.907,waypoint_3,-17.976,-153.317,-30.001
74.941,waypoint_3,-18.069,-153.393,-30.001
74.973,waypoint_3,-18.143,-153.454,-30.002
75.007,waypoint_3,-18.218,-153.516,-30.002
75.041,waypoint_3,-18.292,-153.577,-30.002
75.073,waypoint_3,-18.366,-153.639,-30.002
75.107,waypoint_3,-18.441,-153.700,-30.003
75.141,waypoint_3,-18.534,-153.777,-30.003
75.173,waypoint_3,-18.608,-153.839,-30.003
75.207,waypoint_3,-18.682,-153.900,-30.003
75.241,waypoint_3,-18.757,-153.962,-30.003
75.273,waypoint_3,-18.831,-154.024,-30.003
75.307,waypoint_3,-18.905,-154.085,-30.003
75.341,waypoint_3,-18.998,-154.162,-30.003
75.373,waypoint_3,-19.072,-154.224,-30.003
75.407,waypoint_3,-19.147,-154.285,-30.003
75.441,waypoint_3,-19.221,-154.347,-30.003
75.473,waypoint_3,-19.295,-154.409,-30.003
75.507,waypoint_3,-19.369,-154.470,-30.003
75.541,waypoint_3,-19.462,-154.547,-30.003
75.573,waypoint_3,-19.536,-154.609,-30.003
75.607,waypoint_3,-19.609,-154.670,-30.003
75.641,waypoint_3,-19.683,-154.732,-30.003
75.673,waypoint_3,-19.757,-154.793,-30.003
75.707,waypoint_3,-19.831,-154.854,-30.004
75.741,waypoint_3,-19.923,-154.931,-30.004
75.773,waypoint_3,-19.997,-154.992,-30.004
75.807,waypoint_3,-20.071,-155.054,-30.004
75.841,waypoint_3,-20.144,-155.115,-30.004
75.873,waypoint_3,-20.218,-155.176,-30.004
75.907,waypoint_3,-20.291,-155.237,-30.004
75.941,waypoint_3,-20.383,-155.314,-30.004
75.973,waypoint_3,-20.457,-155.375,-30.004
76.007,waypoint_3,-20.530,-155.436,-30.004
76.041,waypoint_3,-20.603,-155.496,-30.004
76.073,waypoint_3,-20.676,-155.557,-30.003
76.107,waypoint_3,-20.749,-155.618,-30.003
76.141,waypoint_3,-20.841,-155.694,-30.003
76.173,waypoint_3,-20.913,-155.754,-30.002
76.207,waypoint_3,-20.986,-155.815,-30.002
76.241,waypoint_3,-21.058,-155.875,-30.002
76.273,waypoint_3,-21.131,-155.936,-30.001
76.307,waypoint_3,-21.203,-155.996,-30.001
76.341,waypoint_3,-21.293,-156.072,-30.001
76.373,waypoint_3,-21.365,-156.132,-30.001
76.407,waypoint_3,-21.437,-156.193,-30.001
76.441,waypoint_3,-21.510,-156.253,-30.001
76.473,waypoint_3,-21.582,-156.314,-30.001
76.507,waypoint_3,-21.654,-156.374,-30.001
76.541,waypoint_3,-21.744,-156.450,-30.001
76.573,waypoint_3,-21.816,-156.510,-30.001
76.607,waypoint_3,-21.888,-156.571,-30.001
76.641,waypoint_3,-21.960,-156.632,-30.001
76.673,waypoint_3,-22.033,-156.692,-30.001
76.707,waypoint_3,-22.105,-156.753,-30.002
76.741,waypoint_3,-22.196,-156.829,-30.002
76.773,waypoint_3,-22.269,-156.890,-30.002
76.807,waypoint_3,-22.342,-156.951,-30.002
76.841,waypoint_3,-22.414,-157.011,-30.002
76.873,waypoint_3,-22.487,-157.072,-30.002
76.907,waypoint_3,-22.560,-157.133,-30.003
76.941,waypoint_3,-22.651,-157.209,-30.003
76.973,waypoint_3,-22.724,-157.270,-30.003
77.007,waypoint_3,-22.797,-157.331,-30.003
77.041,waypoint_3,-22.870,-157.392,-30.004
77.073,waypoint_3,-22.943,-157.453,-30.004
77.107,waypoint_3,-23.016,-157.514,-30.004
77.141,waypoint_3,-23.108,-157.591,-30.004
77.173,waypoint_3,-23.181,-157.652,-30.004
77.207,waypoint_3,-23.254,-157.713,-30.004
77.241,waypoint_3,-23.328,-157.775,-30.004
77.273,waypoint_3,-23.401,-157.836,-30.004
77.307,waypoint_3,-23.474,-157.898,-30.004
77.341,waypoint_3,-23.566,-157.975,-30.004
77.373,waypoint_3,-23.640,-158.037,-30.005
77.407,waypoint_3,-23.713,-158.098,-30.005
77.441,waypoint_3,-23.787,-158.160,-30.005
77.473,waypoint_3,-23.860,-158.222,-30.005
77.507,waypoint_3,-23.934,-158.284,-30.005
77.541,waypoint_3,-24.026,-158.361,-30.006
77.573,waypoint_3,-24.100,-158.423,-30.006
77.607,waypoint_3,-24.174,-158.485,-30.006
77.641,waypoint_3,-24.248,-158.547,-30.006
77.673,waypoint_3,-24.322,-158.608,-30.006
77.707,waypoint_3,-24.396,-158.670,-30.006
77.741,waypoint_3,-24.489,-158.747,-30.006
77.773,waypoint_3,-24.564,-158.808,-30.006
77.807,waypoint_3,-24.638,-158.870,-30.005
77.841,waypoint_3,-24.713,-158.931,-30.005
77.873,waypoint_3,-24.788,-158.993,-30.005
77.907,waypoint_3,-24.862,-159.054,-30.005
77.941,waypoint_3,-24.956,-159.131,-30.005
77.973,waypoint_3,-25.030,-159.193,-30.006
78.007,waypoint_3,-25.105,-159.254,-30.006
78.041,waypoint_3,-25.180,-159.315,-30.006
78.073,waypoint_3,-25.254,-159.377,-30.006
78.107,waypoint_3,-25.329,-159.438,-30.007
78.141,waypoint_3,-25.422,-159.515,-30.007
78.175,waypoint_3,-25.496,-159.576,-30.007
78.209,waypoint_3,-25.570,-159.637,-30.008
78.243,waypoint_3,-25.645,-159.698,-30.008
78.275,waypoint_3,-25.719,-159.759,-30.008
78.309,waypoint_3,-25.793,-159.820,-30.008
78.343,waypoint_3,-25.885,-159.896,-30.009
78.375,waypoint_3,-25.959,-159.957,-30.009
78.409,waypoint_3,-26.033,-160.018,-30.009
78.443,waypoint_3,-26.107,-160.079,-30.009
78.475,waypoint_3,-26.181,-160.139,-30.009
78.509,waypoint_3,-26.255,-160.200,-30.009
78.543,waypoint_3,-26.347,-160.276,-30.009
78.575,waypoint_3,-26.421,-160.336,-30.009
78.609,waypoint_3,-26.495,-160.397,-30.008
78.643,waypoint_3,-26.570,-160.457,-30.008
78.675,waypoint_3,-26.644,-160.518,-30.008
78.709,waypoint_3,-26.718,-160.579,-30.008
78.743,waypoint_3,-26.811,-160.655,-30.008
78.775,waypoint_3,-26.886,-160.716,-30.008
78.809,waypoint_3,-26.960,-160.776,-30.008
78.843,waypoint_3,-27.035,-160.837,-30.008
78.875,waypoint_3,-27.110,-160.898,-30.008
78.909,waypoint_3,-27.184,-160.959,-30.008
78.943,waypoint_3,-27.278,-161.036,-30.009
78.975,waypoint_3,-27.353,-161.097,-30.009
79.009,waypoint_3,-27.427,-161.158,-30.009
79.043,waypoint_3,-27.502,-161.219,-30.010
79.075,waypoint_3,-27.577,-161.281,-30.010
79.109,waypoint_3,-27.652,-161.342,-30.011
79.143,waypoint_3,-27.746,-161.419,-30.012
79.175,waypoint_3,-27.821,-161.481,-30.013
79.209,waypoint_3,-27.896,-161.543,-30.014
79.243,waypoint_3,-27.971,-161.604,-30.014
79.275,waypoint_3,-28.046,-161.666,-30.015
79.309,waypoint_3,-28.121,-161.728,-30.016
79.343,waypoint_3,-28.214,-161.805,-30.017
79.375,waypoint_3,-28.289,-161.867,-30.017
79.409,waypoint_3,-28.364,-161.929,-30.018
79.443,waypoint_3,-28.439,-161.991,-30.018
79.475,waypoint_3,-28.514,-162.053,-30.019
79.509,waypoint_3,-28.588,-162.115,-30.019
79.543,waypoint_3,-28.681,-162.192,-30.019
79.575,waypoint_3,-28.756,-162.254,-30.020
79.609,waypoint_3,-28.830,-162.315,-30.020
79.643,waypoint_3,-28.904,-162.377,-30.020
79.675,waypoint_3,-28.979,-162.439,-30.020
79.709,waypoint_3,-29.053,-162.501,-30.020
79.743,waypoint_3,-29.146,-162.578,-30.020
79.775,waypoint_3,-29.221,-162.639,-30.020
79.809,waypoint_3,-29.295,-162.701,-30.020
79.843,waypoint_3,-29.369,-162.763,-30.020
79.875,waypoint_3,-29.444,-162.824,-30.020
79.909,waypoint_3,-29.518,-162.886,-30.020
79.943,waypoint_3,-29.611,-162.963,-30.020
79.975,waypoint_3,-29.685,-163.025,-30.020
80.009,waypoint_3,-29.759,-163.087,-30.021
80.043,waypoint_3,-29.833,-163.149,-30.021
80.075,waypoint_3,-29.907,-163.211,-30.021
80.109,waypoint_3,-29.981,-163.272,-30.021
80.143,waypoint_3,-30.074,-163.350,-30.021
80.175,waypoint_3,-30.148,-163.412,-30.021
80.209,waypoint_3,-30.222,-163.473,-30.021
80.243,waypoint_3,-30.296,-163.535,-30.021
80.275,waypoint_3,-30.371,-163.597,-30.021
80.309,waypoint_3,-30.445,-163.659,-30.021
80.343,waypoint_3,-30.538,-163.736,-30.021
80.375,waypoint_3,-30.612,-163.798,-30.020
80.409,waypoint_3,-30.686,-163.860,-30.020
80.443,waypoint_3,-30.761,-163.921,-30.020
80.475,waypoint_3,-30.835,-163.983,-30.019
80.509,waypoint_3,-30.909,-164.045,-30.019
80.543,waypoint_3,-31.001,-164.122,-30.018
80.575,waypoint_3,-31.076,-164.183,-30.018
80.609,waypoint_3,-31.150,-164.244,-30.018
80.643,waypoint_3,-31.224,-164.306,-30.018
80.675,waypoint_3,-31.298,-164.367,-30.018
80.709,waypoint_3,-31.372,-164.428,-30.017
80.743,waypoint_3,-31.465,-164.505,-30.018
80.775,waypoint_3,-31.539,-164.566,-30.018
80.809,waypoint_3,-31.613,-164.627,-30.018
80.843,waypoint_3,-31.687,-164.688,-30.018
80.875,waypoint_3,-31.761,-164.749,-30.018
80.909,waypoint_3,-31.835,-164.810,-30.019
80.943,waypoint_3,-31.928,-164.886,-30.019
80.975,waypoint_3,-32.002,-164.947,-30.020
81.009,waypoint_3,-32.076,-165.008,-30.020
81.043,waypoint_3,-32.150,-165.069,-30.021
81.075,waypoint_3,-32.224,-165.130,-30.022
81.109,waypoint_3,-32.299,-165.191,-30.023
81.143,waypoint_3,-32.391,-165.267,-30.024
81.175,waypoint_3,-32.466,-165.328,-30.025
81.209,waypoint_3,-32.540,-165.389,-30.026
81.243,waypoint_3,-32.614,-165.450,-30.027
81.275,waypoint_3,-32.688,-165.511,-30.027
81.309,waypoint_3,-32.762,-165.572,-30.028
81.343,waypoint_3,-32.854,-165.649,-30.029
81.375,waypoint_3,-32.928,-165.710,-30.029
81.409,waypoint_3,-33.003,-165.771,-30.029
81.444,waypoint_3,-33.077,-165.832,-30.029
81.476,waypoint_3,-33.151,-165.894,-30.029
81.510,waypoint_3,-33.225,-165.955,-30.029
81.544,waypoint_3,-33.318,-166.031,-30.029
81.576,waypoint_3,-33.393,-166.092,-30.029
81.610,waypoint_3,-33.467,-166.153,-30.028
81.644,waypoint_3,-33.541,-166.214,-30.028
81.676,waypoint_3,-33.616,-166.275,-30.028
81.710,waypoint_3,-33.690,-166.336,-30.027
81.744,waypoint_3,-33.783,-166.412,-30.027
81.776,waypoint_3,-33.858,-166.473,-30.026
81.810,waypoint_3,-33.932,-166.535,-30.026
81.844,waypoint_3,-34.007,-166.596,-30.025
81.876,waypoint_3,-34.081,-166.657,-30.024
81.910,waypoint_3,-34.155,-166.718,-30.024
81.944,waypoint_3,-34.248,-166.794,-30.023
81.976,waypoint_3,-34.322,-166.855,-30.022
82.010,waypoint_3,-34.396,-166.916,-30.022
82.044,waypoint_3,-34.470,-166.977,-30.021
82.076,waypoint_3,-34.544,-167.038,-30.020
82.110,waypoint_3,-34.617,-167.100,-30.020
82.144,waypoint_3,-34.709,-167.176,-30.019
82.176,waypoint_3,-34.783,-167.237,-30.019
82.210,waypoint_3,-34.856,-167.299,-30.018
82.244,waypoint_3,-34.929,-167.360,-30.018
82.276,waypoint_3,-35.002,-167.422,-30.018
82.310,waypoint_3,-35.075,-167.484,-30.017
82.344,waypoint_3,-35.167,-167.561,-30.017
82.376,waypoint_3,-35.239,-167.623,-30.017
82.410,waypoint_3,-35.312,-167.684,-30.016
82.444,waypoint_3,-35.385,-167.746,-30.016
82.476,waypoint_3,-35.458,-167.808,-30.016
82.510,waypoint_3,-35.531,-167.870,-30.016
82.544,waypoint_3,-35.622,-167.947,-30.016
82.576,waypoint_3,-35.695,-168.008,-30.016
82.610,waypoint_3,-35.768,-168.070,-30.016
82.644,waypoint_3,-35.841,-168.132,-30.017
82.676,waypoint_3,-35.914,-168.193,-30.017
82.710,waypoint_3,-35.987,-168.254,-30.017
82.744,waypoint_3,-36.078,-168.331,-30.018
82.776,waypoint_3,-36.150,-168.392,-30.018
82.810,waypoint_3,-36.223,-168.454,-30.018
82.844,waypoint_3,-36.296,-168.515,-30.019
82.876,waypoint_3,-36.368,-168.576,-30.019
82.910,waypoint_3,-36.441,-168.637,-30.020
82.944,waypoint_3,-36.532,-168.713,-30.020
82.976,waypoint_3,-36.605,-168.775,-30.021
83.010,waypoint_3,-36.678,-168.836,-30.021
83.044,waypoint_3,-36.750,-168.897,-30.022
83.076,waypoint_3,-36.823,-168.958,-30.023
83.110,waypoint_3,-36.896,-169.019,-30.023
83.144,waypoint_3,-36.988,-169.096,-30.024
83.176,waypoint_3,-37.061,-169.157,-30.025
83.210,waypoint_3,-37.134,-169.218,-30.025
83.244,waypoint_3,-37.208,-169.279,-30.026
83.276,waypoint_3,-37.281,-169.340,-30.027
83.310,waypoint_3,-37.355,-169.401,-30.027
83.344,waypoint_3,-37.446,-169.477,-30.028
83.376,waypoint_3,-37.520,-169.538,-30.028
83.410,waypoint_3,-37.593,-169.599,-30.029
83.444,waypoint_3,-37.667,-169.660,-30.029
83.476,waypoint_3,-37.740,-169.721,-30.029
83.510,waypoint_3,-37.814,-169.782,-30.029
83.544,waypoint_3,-37.905,-169.859,-30.029
83.576,waypoint_3,-37.979,-169.920,-30.029
83.610,waypoint_3,-38.053,-169.981,-30.029
83.644,waypoint_3,-38.126,-170.042,-30.028
83.676,waypoint_3,-38.200,-170.103,-30.028
83.710,waypoint_3,-38.273,-170.163,-30.028
83.744,waypoint_3,-38.365,-170.240,-30.027
83.776,waypoint_3,-38.439,-170.300,-30.027
83.810,waypoint_3,-38.513,-170.361,-30.026
83.844,waypoint_3,-38.586,-170.422,-30.026
83.876,waypoint_3,-38.660,-170.483,-30.025
83.910,waypoint_3,-38.733,-170.544,-30.025
83.944,waypoint_3,-38.825,-170.620,-30.024
83.976,waypoint_3,-38.899,-170.681,-30.023
84.010,waypoint_3,-38.972,-170.742,-30.023
84.044,waypoint_3,-39.045,-170.803,-30.022
84.076,waypoint_3,-39.119,-170.864,-30.022
84.110,waypoint_3,-39.192,-170.925,-30.021
84.144,waypoint_3,-39.283,-171.002,-30.020
84.176,waypoint_3,-39.356,-171.063,-30.019
84.210,waypoint_3,-39.430,-171.124,-30.019
84.244,waypoint_3,-39.503,-171.185,-30.018
84.276,waypoint_3,-39.576,-171.246,-30.017
84.310,waypoint_3,-39.649,-171.307,-30.016
84.344,waypoint_3,-39.740,-171.383,-30.015
84.376,waypoint_3,-39.812,-171.444,-30.015
84.410,waypoint_3,-39.885,-171.505,-30.014
84.444,waypoint_3,-39.957,-171.566,-30.013
84.476,waypoint_3,-40.030,-171.627,-30.013
84.510,waypoint_3,-40.102,-171.688,-30.012
84.544,waypoint_3,-40.193,-171.764,-30.012
84.577,waypoint_3,-40.265,-171.825,-30.012
84.611,waypoint_3,-40.337,-171.886,-30.011
84.645,waypoint_3,-40.410,-171.947,-30.011
84.677,waypoint_3,-40.482,-172.009,-30.011
84.711,waypoint_3,-40.555,-172.070,-30.011
84.745,waypoint_3,-40.645,-172.146,-30.010
84.777,waypoint_3,-40.718,-172.207,-30.010
84.811,waypoint_3,-40.790,-172.268,-30.010
84.845,waypoint_3,-40.863,-172.329,-30.010
84.877,waypoint_3,-40.936,-172.390,-30.010
84.911,waypoint_3,-41.009,-172.451,-30.010
84.945,waypoint_3,-41.100,-172.528,-30.009
84.977,waypoint_3,-41.173,-172.589,-30.009
85.011,waypoint_3,-41.246,-172.650,-30.009
85.045,waypoint_3,-41.318,-172.711,-30.010
85.077,waypoint_3,-41.391,-172.772,-30.010
85.111,waypoint_3,-41.464,-172.833,-30.010
85.145,waypoint_3,-41.555,-172.910,-30.010
85.177,waypoint_3,-41.628,-172.971,-30.010
85.211,waypoint_3,-41.700,-173.033,-30.010
85.245,waypoint_3,-41.773,-173.094,-30.011
85.277,waypoint_3,-41.846,-173.155,-30.011
85.311,waypoint_3,-41.918,-173.217,-30.011
85.345,waypoint_3,-42.009,-173.293,-30.011
85.377,waypoint_3,-42.082,-173.354,-30.011
85.411,waypoint_3,-42.155,-173.416,-30.010
85.445,waypoint_3,-42.227,-173.477,-30.010
85.477,waypoint_3,-42.300,-173.538,-30.010
85.511,waypoint_3,-42.372,-173.599,-30.010
85.545,waypoint_3,-42.463,-173.676,-30.009
85.577,waypoint_3,-42.535,-173.737,-30.009
85.611,waypoint_3,-42.608,-173.798,-30.009
85.645,waypoint_3,-42.681,-173.860,-30.009
85.677,waypoint_3,-42.753,-173.921,-30.009
85.711,waypoint_3,-42.826,-173.983,-30.009
85.745,waypoint_3,-42.917,-174.060,-30.009
85.777,waypoint_3,-42.989,-174.121,-30.009
85.811,waypoint_3,-43.062,-174.183,-30.010
85.845,waypoint_3,-43.135,-174.245,-30.010
85.877,waypoint_3,-43.207,-174.306,-30.011
85.911,waypoint_3,-43.280,-174.368,-30.011
85.945,waypoint_3,-43.370,-174.445,-30.012
85.977,waypoint_3,-43.443,-174.507,-30.013
86.011,waypoint_3,-43.515,-174.569,-30.013
86.045,waypoint_3,-43.587,-174.631,-30.014
86.077,waypoint_3,-43.660,-174.693,-30.014
86.111,waypoint_3,-43.732,-174.755,-30.015
86.145,waypoint_3,-43.823,-174.832,-30.015
86.177,waypoint_3,-43.895,-174.894,-30.016
86.211,waypoint_3,-43.967,-174.956,-30.016
86.245,waypoint_3,-44.040,-175.018,-30.016
86.277,waypoint_3,-44.112,-175.080,-30.016
86.311,waypoint_3,-44.184,-175.142,-30.016
86.345,waypoint_3,-44.275,-175.219,-30.016
86.377,waypoint_3,-44.347,-175.281,-30.016
86.411,waypoint_3,-44.420,-175.344,-30.017
86.445,waypoint_3,-44.493,-175.406,-30.017
86.477,waypoint_3,-44.566,-175.468,-30.016
86.511,waypoint_3,-44.639,-175.531,-30.016
86.545,waypoint_3,-44.730,-175.609,-30.016
86.577,waypoint_3,-44.804,-175.671,-30.016
86.611,waypoint_3,-44.877,-175.734,-30.016
86.645,waypoint_3,-44.951,-175.797,-30.016
86.677,waypoint_3,-45.025,-175.859,-30.016
86.711,waypoint_3,-45.099,-175.922,-30.015
86.745,waypoint_3,-45.191,-176.001,-30.015
86.777,waypoint_3,-45.265,-176.064,-30.015
86.811,waypoint_3,-45.338,-176.126,-30.014
86.845,waypoint_3,-45.412,-176.189,-30.014
86.877,waypoint_3,-45.486,-176.252,-30.014
86.911,waypoint_3,-45.559,-176.314,-30.013
86.945,waypoint_3,-45.651,-176.393,-30.013
86.977,waypoint_3,-45.725,-176.455,-30.013
87.011,waypoint_3,-45.798,-176.518,-30.013
87.045,waypoint_3,-45.871,-176.580,-30.012
87.077,waypoint_3,-45.945,-176.643,-30.012
87.111,waypoint_3,-46.018,-176.705,-30.012
87.145,waypoint_3,-46.110,-176.783,-30.012
87.177,waypoint_3,-46.183,-176.846,-30.011
87.211,waypoint_3,-46.257,-176.908,-30.011
87.245,waypoint_3,-46.330,-176.970,-30.011
87.277,waypoint_3,-46.404,-177.032,-30.011
87.311,waypoint_3,-46.478,-177.094,-30.010
87.345,waypoint_3,-46.570,-177.172,-30.010
87.377,waypoint_3,-46.644,-177.234,-30.010
87.411,waypoint_3,-46.718,-177.296,-30.009
87.445,waypoint_3,-46.793,-177.357,-30.009
87.477,waypoint_3,-46.867,-177.418,-30.008
87.511,waypoint_3,-46.941,-177.480,-30.008
87.545,waypoint_3,-47.034,-177.556,-30.008
87.577,waypoint_3,-47.108,-177.617,-30.007
87.611,waypoint_3,-47.183,-177.678,-30.007
87.645,waypoint_3,-47.257,-177.739,-30.006
87.677,waypoint_3,-47.331,-177.799,-30.006
87.711,waypoint_3,-47.405,-177.860,-30.006
87.745,waypoint_3,-47.498,-177.935,-30.005
87.777,waypoint_3,-47.573,-177.996,-30.005
87.811,waypoint_3,-47.647,-178.056,-30.005
87.845,waypoint_3,-47.721,-178.117,-30.004
87.877,waypoint_3,-47.796,-178.177,-30.004
87.911,waypoint_3,-47.870,-178.237,-30.004
87.945,waypoint_3,-47.963,-178.313,-30.004
87.977,waypoint_3,-48.038,-178.373,-30.003
88.011,waypoint_3,-48.113,-178.434,-30.003
88.045,waypoint_3,-48.188,-178.494,-30.003
88.077,waypoint_3,-48.263,-178.555,-30.002
88.111,waypoint_3,-48.338,-178.615,-30.002
88.145,waypoint_3,-48.431,-178.691,-30.001
88.178,waypoint_3,-48.506,-178.751,-30.001
88.211,waypoint_3,-48.581,-178.812,-30.000
88.245,waypoint_3,-48.656,-178.872,-30.000
88.277,waypoint_3,-48.730,-178.933,-29.999
88.311,waypoint_3,-48.805,-178.993,-29.999
88.345,waypoint_3,-48.899,-179.069,-29.999
88.377,waypoint_3,-48.973,-179.129,-29.998
88.411,waypoint_3,-49.048,-179.190,-29.998
88.445,waypoint_3,-49.123,-179.250,-29.998
88.477,waypoint_3,-49.198,-179.310,-29.997
88.511,waypoint_3,-49.272,-179.371,-29.997
88.545,waypoint_3,-49.366,-179.446,-29.997
88.577,waypoint_3,-49.440,-179.506,-29.996
88.611,waypoint_3,-49.515,-179.566,-29.996
88.645,waypoint_3,-49.590,-179.626,-29.996
88.677,waypoint_3,-49.664,-179.686,-29.996
88.711,waypoint_3,-49.739,-179.747,-29.995
88.745,waypoint_3,-49.832,-179.822,-29.995
88.777,waypoint_3,-49.906,-179.883,-29.995
88.811,waypoint_3,-49.980,-179.943,-29.995
88.845,waypoint_3,-50.055,-180.004,-29.996
88.877,waypoint_3,-50.129,-180.064,-29.996
88.911,waypoint_3,-50.203,-180.125,-29.996
88.945,waypoint_3,-50.295,-180.201,-29.996
88.977,waypoint_3,-50.369,-180.262,-29.996
89.011,waypoint_3,-50.442,-180.323,-29.997
89.045,waypoint_3,-50.516,-180.384,-29.997
89.077,waypoint_3,-50.589,-180.445,-29.997
89.111,waypoint_3,-50.663,-180.506,-29.997
89.145,waypoint_3,-50.754,-180.582,-29.997
89.177,waypoint_3,-50.828,-180.643,-29.997
89.211,waypoint_3,-50.901,-180.705,-29.997
89.245,waypoint_3,-50.974,-180.766,-29.997
89.277,waypoint_3,-51.047,-180.828,-29.997
89.311,waypoint_3,-51.120,-180.889,-29.997
89.345,waypoint_3,-51.211,-180.966,-29.998
89.377,waypoint_3,-51.284,-181.028,-29.998
89.411,waypoint_3,-51.357,-181.090,-29.998
89.445,waypoint_3,-51.430,-181.152,-29.998
89.477,waypoint_3,-51.503,-181.213,-29.998
89.511,waypoint_3,-51.576,-181.275,-29.998
89.545,waypoint_3,-51.667,-181.352,-29.998
89.577,waypoint_3,-51.740,-181.414,-29.999
89.611,waypoint_3,-51.814,-181.476,-29.999
89.645,waypoint_3,-51.887,-181.538,-29.999
89.677,waypoint_3,-51.960,-181.600,-29.999
89.711,waypoint_3,-52.033,-181.661,-30.000
89.745,waypoint_3,-52.124,-181.738,-30.000
89.777,waypoint_3,-52.197,-181.800,-30.000
89.811,waypoint_3,-52.271,-181.862,-30.001
89.845,waypoint_3,-52.344,-181.923,-30.001
89.877,waypoint_3,-52.417,-181.985,-30.001
89.911,waypoint_3,-52.490,-182.047,-30.002
89.945,waypoint_3,-52.582,-182.125,-30.002
89.977,waypoint_3,-52.655,-182.187,-30.002
90.012,waypoint_3,-52.729,-182.249,-30.002
90.046,waypoint_3,-52.802,-182.311,-30.002
90.078,waypoint_3,-52.876,-182.373,-30.003
90.112,waypoint_3,-52.949,-182.435,-30.003
90.146,waypoint_3,-53.041,-182.512,-30.003
90.178,waypoint_3,-53.115,-182.574,-30.003
90.213,waypoint_3,-53.188,-182.635,-30.002
90.246,waypoint_3,-53.262,-182.697,-30.002
90.278,waypoint_3,-53.335,-182.758,-30.002
90.312,waypoint_3,-53.409,-182.820,-30.002
90.346,waypoint_3,-53.500,-182.896,-30.002
90.379,waypoint_3,-53.574,-182.957,-30.002
90.412,waypoint_3,-53.647,-183.018,-30.002
90.446,waypoint_3,-53.720,-183.080,-30.002
90.478,waypoint_3,-53.794,-183.141,-30.002
90.513,waypoint_3,-53.867,-183.202,-30.002
90.546,waypoint_3,-53.958,-183.279,-30.002
90.579,waypoint_3,-54.032,-183.340,-30.002
90.612,waypoint_3,-54.105,-183.402,-30.002
90.647,waypoint_3,-54.178,-183.463,-30.003
90.679,waypoint_3,-54.251,-183.524,-30.003
90.713,waypoint_3,-54.324,-183.586,-30.003
90.747,waypoint_3,-54.415,-183.663,-30.003
90.779,waypoint_3,-54.488,-183.724,-30.003
90.813,waypoint_3,-54.561,-183.785,-30.004
90.847,waypoint_3,-54.634,-183.846,-30.004
90.880,waypoint_3,-54.707,-183.907,-30.005
90.913,waypoint_3,-54.780,-183.968,-30.005
90.947,waypoint_3,-54.871,-184.045,-30.006
90.979,waypoint_3,-54.944,-184.106,-30.007
91.013,waypoint_3,-55.017,-184.167,-30.008
91.047,waypoint_3,-55.090,-184.228,-30.008
91.080,waypoint_3,-55.163,-184.289,-30.009
91.113,waypoint_3,-55.235,-184.350,-30.010
91.147,waypoint_3,-55.326,-184.427,-30.011
91.179,waypoint_3,-55.398,-184.488,-30.012
91.213,waypoint_3,-55.471,-184.549,-30.013
91.247,goal,-55.543,-184.611,-30.013
91.280,goal,-55.615,-184.672,-30.014
91.313,goal,-55.687,-184.734,-30.014
91.348,goal,-55.778,-184.810,-30.015
91.380,goal,-55.850,-184.872,-30.019
91.413,goal,-55.921,-184.933,-30.025
91.447,goal,-55.992,-184.994,-30.034
91.479,goal,-56.062,-185.056,-30.045
91.513,goal,-56.129,-185.118,-30.057
91.547,goal,-56.210,-185.196,-30.073
91.579,goal,-56.271,-185.259,-30.084
91.614,goal,-56.329,-185.323,-30.095
91.647,goal,-56.382,-185.388,-30.105
91.679,goal,-56.430,-185.454,-30.112
91.713,goal,-56.474,-185.521,-30.119
91.747,goal,-56.523,-185.606,-30.124
91.779,goal,-56.555,-185.676,-30.126
91.813,goal,-56.583,-185.746,-30.127
91.847,goal,-56.607,-185.818,-30.127
91.879,goal,-56.625,-185.890,-30.125
91.913,goal,-56.638,-185.964,-30.122
91.947,goal,-56.648,-186.058,-30.117
91.980,goal,-56.651,-186.135,-30.112
92.013,goal,-56.649,-186.212,-30.107
92.048,goal,-56.644,-186.291,-30.102
92.080,goal,-56.634,-186.371,-30.096
92.113,goal,-56.621,-186.452,-30.090
92.147,goal,-56.601,-186.555,-30.083
92.179,goal,-56.581,-186.638,-30.078
92.213,goal,-56.558,-186.722,-30.072
92.248,goal,-56.533,-186.807,-30.067
92.279,goal,-56.505,-186.893,-30.062
92.313,goal,-56.476,-186.980,-30.057
92.348,goal,-56.437,-187.089,-30.051
92.380,goal,-56.404,-187.177,-30.047
92.413,goal,-56.370,-187.266,-30.043
92.447,goal,-56.335,-187.355,-30.039
92.480,goal,-56.299,-187.445,-30.036
92.514,goal,-56.262,-187.535,-30.033
92.547,goal,-56.215,-187.648,-30.029
92.580,goal,-56.177,-187.738,-30.026
92.614,goal,-56.138,-187.828,-30.024
92.647,goal,-56.099,-187.919,-30.022
92.679,goal,-56.059,-188.009,-30.020
92.714,goal,-56.020,-188.100,-30.018
92.748,goal,-55.971,-188.213,-30.015
92.779,goal,-55.931,-188.304,-30.014
92.813,goal,-55.892,-188.394,-30.012
92.848,goal,-55.852,-188.485,-30.011
92.879,goal,-55.812,-188.575,-30.010
92.914,goal,-55.773,-188.665,-30.009
92.948,goal,-55.723,-188.777,-30.008
92.980,goal,-55.684,-188.867,-30.007
93.013,goal,-55.645,-188.957,-30.007
93.047,goal,-55.606,-189.046,-30.006
93.080,goal,-55.566,-189.136,-30.005
93.114,goal,-55.527,-189.225,-30.005
93.147,goal,-55.478,-189.337,-30.005
93.180,goal,-55.439,-189.426,-30.004
93.213,goal,-55.400,-189.516,-30.004
93.248,goal,-55.361,-189.605,-30.004
93.280,goal,-55.321,-189.694,-30.004
93.313,goal,-55.282,-189.783,-30.004
93.348,goal,-55.233,-189.894,-30.003
93.380,goal,-55.194,-189.983,-30.003
93.414,goal,-55.154,-190.071,-30.003
93.448,goal,-55.115,-190.160,-30.003
93.480,goal,-55.075,-190.248,-30.003
93.513,goal,-55.036,-190.336,-30.003
93.547,goal,-54.986,-190.446,-30.003
93.580,goal,-54.946,-190.534,-30.003
93.614,goal,-54.906,-190.622,-30.003
93.648,goal,-54.866,-190.709,-30.003
93.680,goal,-54.826,-190.797,-30.003
93.713,goal,-54.786,-190.885,-30.003
93.748,goal,-54.735,-190.994,-30.003
93.780,goal,-54.695,-191.082,-30.003
93.814,goal,-54.654,-191.169,-30.002
93.847,goal,-54.613,-191.257,-30.002
93.879,goal,-54.572,-191.344,-30.002
93.914,goal,-54.532,-191.431,-30.002
93.948,goal,-54.480,-191.540,-30.001
93.979,goal,-54.439,-191.627,-30.001
94.013,goal,-54.398,-191.713,-30.001
94.048,goal,-54.356,-191.800,-30.001
94.080,goal,-54.315,-191.886,-30.000
94.113,goal,-54.273,-191.972,-30.000
94.147,goal,-54.221,-192.080,-30.000
94.179,goal,-54.180,-192.166,-30.000
94.213,goal,-54.138,-192.252,-30.000
94.248,goal,-54.096,-192.337,-29.999
94.280,goal,-54.054,-192.423,-29.999
94.313,goal,-54.012,-192.509,-29.999
94.347,goal,-53.959,-192.616,-29.999
94.379,goal,-53.917,-192.702,-29.998
94.414,goal,-53.874,-192.787,-29.998
94.448,goal,-53.831,-192.873,-29.998
94.480,goal,-53.789,-192.958,-29.997
94.514,goal,-53.746,-193.044,-29.997
94.547,goal,-53.692,-193.151,-29.996
94.580,goal,-53.649,-193.236,-29.996
94.614,goal,-53.606,-193.321,-29.995
94.648,goal,-53.562,-193.407,-29.995
94.680,goal,-53.519,-193.492,-29.994
94.714,goal,-53.476,-193.577,-29.994
94.748,goal,-53.422,-193.683,-29.993
94.779,goal,-53.378,-193.768,-29.993
94.813,goal,-53.335,-193.853,-29.992
94.848,goal,-53.291,-193.938,-29.992
94.880,goal,-53.248,-194.023,-29.991
94.913,goal,-53.204,-194.109,-29.991
94.948,goal,-53.149,-194.215,-29.990
94.980,goal,-53.105,-194.301,-29.990
95.014,goal,-53.061,-194.387,-29.990
95.048,goal,-53.017,-194.472,-29.989
95.079,goal,-52.973,-194.558,-29.989
95.113,goal,-52.929,-194.644,-29.989
95.147,goal,-52.874,-194.751,-29.990
95.180,goal,-52.831,-194.837,-29.990
95.213,goal,-52.787,-194.923,-29.990
95.247,goal,-52.743,-195.009,-29.990
95.279,goal,-52.699,-195.095,-29.990
95.313,goal,-52.655,-195.180,-29.990
95.348,goal,-52.601,-195.288,-29.990
95.379,goal,-52.557,-195.373,-29.990
95.413,goal,-52.513,-195.459,-29.990
95.448,goal,-52.469,-195.545,-29.990
95.479,goal,-52.424,-195.631,-29.990
95.513,goal,-52.380,-195.717,-29.991
95.547,goal,-52.325,-195.825,-29.991
95.579,goal,-52.281,-195.911,-29.991
95.614,goal,-52.236,-195.996,-29.992
95.647,goal,-52.192,-196.082,-29.992
95.679,goal,-52.147,-196.168,-29.992
95.713,goal,-52.102,-196.254,-29.992
95.748,goal,-52.046,-196.362,-29.993
95.779,goal,-52.001,-196.448,-29.993
95.814,goal,-51.956,-196.534,-29.993
95.847,goal,-51.910,-196.620,-29.993
95.879,goal,-51.865,-196.706,-29.993
95.913,goal,-51.820,-196.792,-29.993
95.948,goal,-51.763,-196.899,-29.993
95.979,goal,-51.717,-196.985,-29.993
96.013,goal,-51.672,-197.071,-29.993
96.048,goal,-51.626,-197.157,-29.993
96.079,goal,-51.581,-197.243,-29.993
96.113,goal,-51.535,-197.329,-29.992
96.148,goal,-51.478,-197.436,-29.992
96.179,goal,-51.432,-197.522,-29.991
96.213,goal,-51.386,-197.608,-29.991
96.248,goal,-51.340,-197.694,-29.990
96.279,goal,-51.294,-197.779,-29.989
96.313,goal,-51.248,-197.865,-29.989
96.348,goal,-51.190,-197.972,-29.988
96.379,goal,-51.144,-198.058,-29.987
96.413,goal,-51.098,-198.144,-29.987
96.447,goal,-51.052,-198.230,-29.986
96.479,goal,-51.005,-198.315,-29.986
96.513,goal,-50.959,-198.401,-29.985
96.547,goal,-50.901,-198.508,-29.984
96.579,goal,-50.855,-198.593,-29.984
96.613,goal,-50.809,-198.679,-29.984
96.649,goal,-50.762,-198.764,-29.983
96.681,goal,-50.716,-198.849,-29.983
96.715,goal,-50.670,-198.935,-29.982
96.749,goal,-50.612,-199.041,-29.982
96.781,goal,-50.566,-199.126,-29.982
96.815,goal,-50.520,-199.211,-29.981
96.849,goal,-50.473,-199.296,-29.981
96.881,goal,-50.427,-199.381,-29.981
96.915,goal,-50.381,-199.466,-29.981
96.949,goal,-50.323,-199.572,-29.981
96.981,goal,-50.276,-199.658,-29.981
97.015,goal,-50.230,-199.743,-29.980
97.049,goal,-50.184,-199.828,-29.980
97.081,goal,-50.137,-199.913,-29.980
97.115,goal,-50.091,-199.999,-29.980
97.150,goal,-50.033,-200.106,-29.980
97.182,goal,-49.987,-200.191,-29.980
97.216,goal,-49.941,-200.277,-29.980
97.250,goal,-49.894,-200.362,-29.980
97.282,goal,-49.848,-200.448,-29.980
97.316,goal,-49.802,-200.533,-29.980
97.350,goal,-49.744,-200.641,-29.981
97.382,goal,-49.698,-200.726,-29.981
97.416,goal,-49.652,-200.812,-29.982
97.450,goal,-49.606,-200.898,-29.982
97.482,goal,-49.561,-200.983,-29.983
97.516,goal,-49.515,-201.069,-29.984
97.550,goal,-49.458,-201.176,-29.984
97.582,goal,-49.413,-201.262,-29.985
97.616,goal,-49.367,-201.348,-29.986
97.650,goal,-49.322,-201.434,-29.986
97.682,goal,-49.276,-201.520,-29.987
97.716,goal,-49.230,-201.606,-29.987
97.750,goal,-49.173,-201.714,-29.987
97.782,goal,-49.127,-201.800,-29.988
97.816,goal,-49.081,-201.886,-29.988
97.850,goal,-49.035,-201.972,-29.988
97.882,goal,-48.989,-202.059,-29.988
97.916,goal,-48.943,-202.145,-29.989
97.950,goal,-48.885,-202.253,-29.989
97.982,goal,-48.839,-202.339,-29.989
98.016,goal,-48.793,-202.426,-29.989
98.065,goal,-48.747,-202.512,-29.989
98.098,goal,-48.701,-202.599,-29.989
98.131,goal,-48.655,-202.685,-29.989
98.166,goal,-48.597,-202.793,-29.989
98.198,goal,-48.551,-202.879,-29.989
98.231,goal,-48.504,-202.965,-29.990
98.266,goal,-48.458,-203.052,-29.990
98.298,goal,-48.411,-203.138,-29.990
98.331,goal,-48.365,-203.224,-29.990
98.366,goal,-48.307,-203.331,-29.990
98.398,goal,-48.260,-203.417,-29.990
98.431,goal,-48.214,-203.503,-29.990
98.466,goal,-48.167,-203.589,-29.990
98.498,goal,-48.121,-203.675,-29.991
98.532,goal,-48.075,-203.761,-29.991
98.566,goal,-48.017,-203.868,-29.990
98.598,goal,-47.971,-203.954,-29.990
98.632,goal,-47.925,-204.040,-29.990
98.666,goal,-47.879,-204.126,-29.990
98.698,goal,-47.833,-204.212,-29.989
98.731,goal,-47.787,-204.298,-29.989
98.766,goal,-47.730,-204.405,-29.988
98.798,goal,-47.684,-204.491,-29.987
98.831,goal,-47.638,-204.577,-29.987
98.866,goal,-47.593,-204.663,-29.986
98.898,goal,-47.547,-204.748,-29.986
98.931,goal,-47.501,-204.834,-29.985
98.966,goal,-47.444,-204.941,-29.985
98.997,goal,-47.398,-205.027,-29.984
99.031,goal,-47.352,-205.112,-29.983
99.066,goal,-47.307,-205.198,-29.983
99.098,goal,-47.261,-205.283,-29.983
99.131,goal,-47.216,-205.369,-29.982
99.166,goal,-47.159,-205.476,-29.982
99.198,goal,-47.113,-205.561,-29.982
99.231,goal,-47.068,-205.647,-29.982
99.266,goal,-47.022,-205.733,-29.982
99.297,goal,-46.977,-205.818,-29.982
99.331,goal,-46.932,-205.904,-29.983
99.366,goal,-46.875,-206.012,-29.983
99.397,goal,-46.829,-206.098,-29.984
99.431,goal,-46.784,-206.184,-29.984
99.466,goal,-46.738,-206.270,-29.984
99.498,goal,-46.693,-206.356,-29.985
99.531,goal,-46.648,-206.442,-29.985
99.566,goal,-46.591,-206.549,-29.985
99.598,goal,-46.546,-206.635,-29.986
99.632,goal,-46.501,-206.721,-29.986
99.665,goal,-46.457,-206.807,-29.987
99.698,goal,-46.412,-206.894,-29.987
99.731,goal,-46.367,-206.980,-29.987
99.766,goal,-46.311,-207.088,-29.988
99.797,goal,-46.267,-207.174,-29.988
99.831,goal,-46.222,-207.261,-29.988
99.866,goal,-46.177,-207.348,-29.988
99.898,goal,-46.133,-207.434,-29.988
99.932,goal,-46.088,-207.521,-29.988
99.966,goal,-46.033,-207.629,-29.988
99.998,goal,-45.988,-207.716,-29.988
100.031,goal,-45.944,-207.803,-29.987
100.066,goal,-45.900,-207.889,-29.987
100.098,goal,-45.855,-207.976,-29.987
100.131,goal,-45.811,-208.063,-29.986
100.166,goal,-45.755,-208.171,-29.985
100.198,goal,-45.710,-208.258,-29.985
100.231,goal,-45.665,-208.344,-29.984
100.266,goal,-45.621,-208.431,-29.984
100.298,goal,-45.576,-208.517,-29.983
100.331,goal,-45.532,-208.604,-29.982
100.366,goal,-45.476,-208.712,-29.982
100.398,goal,-45.432,-208.799,-29.981
100.431,goal,-45.387,-208.886,-29.980
100.466,goal,-45.342,-208.973,-29.980
100.498,goal,-45.298,-209.060,-29.979
100.531,goal,-45.253,-209.148,-29.979
100.566,goal,-45.198,-209.257,-29.978
100.598,goal,-45.153,-209.345,-29.977
100.631,goal,-45.109,-209.432,-29.977
100.666,goal,-45.065,-209.520,-29.976
100.698,goal,-45.021,-209.608,-29.976
100.731,goal,-44.976,-209.696,-29.975
100.766,goal,-44.921,-209.806,-29.974
100.798,goal,-44.877,-209.894,-29.974
100.831,goal,-44.833,-209.982,-29.973
100.866,goal,-44.788,-210.070,-29.973
100.898,goal,-44.744,-210.158,-29.972
100.931,goal,-44.700,-210.246,-29.972
100.966,goal,-44.644,-210.355,-29.972
100.998,goal,-44.600,-210.443,-29.971
101.031,goal,-44.555,-210.531,-29.971
101.066,goal,-44.510,-210.619,-29.971
101.098,goal,-44.466,-210.706,-29.971
101.131,goal,-44.421,-210.794,-29.971
101.166,goal,-44.365,-210.904,-29.971
101.198,goal,-44.320,-210.992,-29.971
101.232,goal,-44.275,-211.079,-29.971
101.266,goal,-44.230,-211.167,-29.971
101.298,goal,-44.186,-211.255,-29.971
101.331,goal,-44.141,-211.343,-29.971
101.366,goal,-44.085,-211.453,-29.971
101.398,goal,-44.041,-211.540,-29.972
101.431,goal,-43.996,-211.628,-29.972
101.466,goal,-43.951,-211.716,-29.972
101.498,goal,-43.907,-211.804,-29.972
101.531,goal,-43.863,-211.892,-29.972
101.566,goal,-43.807,-212.002,-29.972
101.598,goal,-43.763,-212.090,-29.972
101.631,goal,-43.718,-212.178,-29.972
101.666,goal,-43.674,-212.266,-29.972
101.698,goal,-43.629,-212.353,-29.972
101.732,goal,-43.585,-212.441,-29.973
101.766,goal,-43.530,-212.550,-29.973
101.798,goal,-43.486,-212.638,-29.973
101.831,goal,-43.442,-212.725,-29.973
101.866,goal,-43.398,-212.812,-29.973
101.898,goal,-43.354,-212.899,-29.973
101.931,goal,-43.311,-212.986,-29.974
101.966,goal,-43.256,-213.094,-29.974
101.998,goal,-43.212,-213.181,-29.974
102.031,goal,-43.168,-213.268,-29.974
102.066,goal,-43.125,-213.354,-29.975
102.098,goal,-43.081,-213.441,-29.975
102.131,goal,-43.038,-213.527,-29.975
102.166,goal,-42.984,-213.635,-29.976
102.198,goal,-42.941,-213.722,-29.976
102.232,goal,-42.898,-213.808,-29.977
102.266,goal,-42.854,-213.894,-29.977
102.298,goal,-42.812,-213.981,-29.977
102.331,goal,-42.769,-214.067,-29.978
102.366,goal,-42.715,-214.174,-29.979
102.398,goal,-42.673,-214.260,-29.979
102.431,goal,-42.630,-214.346,-29.980
102.465,goal,-42.588,-214.432,-29.980
102.498,goal,-42.545,-214.518,-29.981
102.531,goal,-42.503,-214.604,-29.981
102.566,goal,-42.450,-214.712,-29.981
102.597,goal,-42.408,-214.798,-29.982
102.631,goal,-42.366,-214.885,-29.982
102.666,goal,-42.324,-214.971,-29.982
102.697,goal,-42.282,-215.057,-29.982
102.731,goal,-42.239,-215.144,-29.982
102.766,goal,-42.187,-215.252,-29.982
102.798,goal,-42.145,-215.338,-29.982
102.831,goal,-42.102,-215.424,-29.982
102.866,goal,-42.060,-215.511,-29.982
102.898,goal,-42.018,-215.598,-29.982
102.931,goal,-41.976,-215.684,-29.982
102.966,goal,-41.924,-215.793,-29.982
102.998,goal,-41.882,-215.879,-29.982
103.031,goal,-41.840,-215.966,-29.982
103.066,goal,-41.798,-216.052,-29.982
103.098,goal,-41.756,-216.139,-29.982
103.131,goal,-41.714,-216.225,-29.982
103.166,goal,-41.662,-216.333,-29.982
103.198,goal,-41.620,-216.419,-29.982
103.231,goal,-41.578,-216.505,-29.982
103.266,goal,-41.536,-216.591,-29.982
103.298,goal,-41.494,-216.677,-29.982
103.331,goal,-41.451,-216.763,-29.983
103.366,goal,-41.399,-216.870,-29.983
103.398,goal,-41.356,-216.956,-29.983
103.431,goal,-41.314,-217.042,-29.983
103.466,goal,-41.272,-217.128,-29.984
103.498,goal,-41.230,-217.214,-29.984
103.531,goal,-41.187,-217.300,-29.984
103.566,goal,-41.135,-217.408,-29.984
103.598,goal,-41.093,-217.494,-29.985
103.632,goal,-41.051,-217.580,-29.985
103.666,goal,-41.009,-217.667,-29.985
103.698,goal,-40.967,-217.753,-29.985
103.731,goal,-40.924,-217.840,-29.985
103.766,goal,-40.872,-217.947,-29.985
103.798,goal,-40.829,-218.034,-29.985
103.831,goal,-40.787,-218.120,-29.985
103.866,goal,-40.745,-218.206,-29.985
103.898,goal,-40.702,-218.292,-29.985
103.931,goal,-40.660,-218.378,-29.986
103.966,goal,-40.607,-218.486,-29.986
103.998,goal,-40.565,-218.572,-29.986
104.031,goal,-40.523,-218.658,-29.986
104.066,goal,-40.480,-218.744,-29.987
104.098,goal,-40.438,-218.830,-29.987
104.131,goal,-40.396,-218.916,-29.987
104.166,goal,-40.344,-219.024,-29.987
104.198,goal,-40.301,-219.110,-29.987
104.231,goal,-40.260,-219.197,-29.987
104.266,goal,-40.218,-219.283,-29.987
104.298,goal,-40.176,-219.369,-29.988
104.331,goal,-40.134,-219.456,-29.988
104.366,goal,-40.082,-219.564,-29.988
104.398,goal,-40.040,-219.650,-29.989
104.431,goal,-39.999,-219.737,-29.989
104.466,goal,-39.957,-219.824,-29.989
104.498,goal,-39.916,-219.911,-29.990
104.531,goal,-39.875,-219.998,-29.990
104.566,goal,-39.823,-220.106,-29.990
104.598,goal,-39.782,-220.193,-29.991
104.631,goal,-39.740,-220.280,-29.991
104.666,goal,-39.699,-220.368,-29.991
104.698,goal,-39.658,-220.455,-29.992
104.731,goal,-39.617,-220.542,-29.992
104.766,goal,-39.566,-220.651,-29.992
104.798,goal,-39.525,-220.739,-29.992
104.832,goal,-39.485,-220.826,-29.992
104.866,goal,-39.444,-220.914,-29.992
104.898,goal,-39.404,-221.002,-29.992
104.931,goal,-39.363,-221.089,-29.992
104.966,goal,-39.312,-221.199,-29.991
104.998,goal,-39.272,-221.286,-29.991
105.031,goal,-39.231,-221.374,-29.991
105.066,goal,-39.190,-221.461,-29.990
105.098,goal,-39.150,-221.549,-29.990
105.131,goal,-39.109,-221.636,-29.989
105.166,goal,-39.058,-221.746,-29.989
105.198,goal,-39.017,-221.833,-29.988
105.231,goal,-38.976,-221.921,-29.988
105.266,goal,-38.935,-222.008,-29.987
105.298,goal,-38.894,-222.096,-29.987
105.331,goal,-38.853,-222.184,-29.986
105.366,goal,-38.802,-222.293,-29.986
105.398,goal,-38.761,-222.381,-29.985
105.431,goal,-38.720,-222.468,-29.985
105.466,goal,-38.679,-222.555,-29.984
105.498,goal,-38.638,-222.643,-29.984
105.531,goal,-38.597,-222.730,-29.983
105.566,goal,-38.545,-222.839,-29.983
105.598,goal,-38.504,-222.927,-29.982
105.631,goal,-38.463,-223.014,-29.982
105.666,goal,-38.422,-223.101,-29.982
105.698,goal,-38.381,-223.188,-29.982
105.731,goal,-38.340,-223.275,-29.982
105.766,goal,-38.289,-223.384,-29.981
105.798,goal,-38.248,-223.471,-29.981
105.831,goal,-38.206,-223.557,-29.981
105.866,goal,-38.165,-223.644,-29.981
105.898,goal,-38.124,-223.731,-29.981
105.932,goal,-38.083,-223.818,-29.981
105.966,goal,-38.031,-223.926,-29.982
105.998,goal,-37.990,-224.012,-29.982
106.031,goal,-37.949,-224.099,-29.982
106.066,goal,-37.907,-224.185,-29.982
106.098,goal,-37.865,-224.272,-29.982
106.131,goal,-37.824,-224.358,-29.982
106.166,goal,-37.772,-224.466,-29.982
106.198,goal,-37.730,-224.552,-29.981
106.231,goal,-37.688,-224.639,-29.981
106.266,goal,-37.647,-224.725,-29.981
106.298,goal,-37.605,-224.812,-29.980
106.331,goal,-37.563,-224.898,-29.980
106.366,goal,-37.511,-225.006,-29.979
106.398,goal,-37.469,-225.093,-29.978
106.432,goal,-37.427,-225.180,-29.978
106.466,goal,-37.385,-225.266,-29.977
106.498,goal,-37.343,-225.353,-29.977
106.531,goal,-37.301,-225.439,-29.976
106.567,goal,-37.249,-225.547,-29.976
106.599,goal,-37.207,-225.633,-29.975
106.632,goal,-37.165,-225.720,-29.975
106.667,goal,-37.123,-225.806,-29.975
106.699,goal,-37.081,-225.893,-29.975
106.732,goal,-37.039,-225.979,-29.974
106.767,goal,-36.986,-226.087,-29.974
106.799,goal,-36.944,-226.173,-29.974
106.832,goal,-36.903,-226.259,-29.974
106.867,goal,-36.861,-226.345,-29.973
106.899,goal,-36.819,-226.431,-29.973
106.932,goal,-36.777,-226.516,-29.973
106.967,goal,-36.725,-226.624,-29.972
106.999,goal,-36.684,-226.709,-29.972
107.032,goal,-36.643,-226.795,-29.972
107.067,goal,-36.602,-226.880,-29.972
107.099,goal,-36.561,-226.966,-29.972
107.132,goal,-36.520,-227.052,-29.972
107.167,goal,-36.469,-227.159,-29.972
107.199,goal,-36.428,-227.244,-29.972
107.232,goal,-36.387,-227.330,-29.972
107.267,goal,-36.347,-227.416,-29.973
107.299,goal,-36.306,-227.502,-29.973
107.332,goal,-36.265,-227.588,-29.974
107.367,goal,-36.215,-227.695,-29.975
107.399,goal,-36.174,-227.781,-29.976
107.432,goal,-36.133,-227.867,-29.976
107.467,goal,-36.092,-227.954,-29.977
107.499,goal,-36.052,-228.040,-29.978
107.535,goal,-36.011,-228.126,-29.979
107.569,goal,-35.960,-228.234,-29.979
107.601,goal,-35.919,-228.321,-29.980
107.635,goal,-35.878,-228.407,-29.981
107.669,goal,-35.837,-228.494,-29.982
107.701,goal,-35.795,-228.580,-29.982
107.735,goal,-35.754,-228.667,-29.983
107.769,goal,-35.702,-228.775,-29.983
107.801,goal,-35.660,-228.862,-29.983
107.835,goal,-35.619,-228.949,-29.984
107.869,goal,-35.577,-229.036,-29.984
107.901,goal,-35.535,-229.122,-29.984
107.935,goal,-35.493,-229.209,-29.984
107.969,goal,-35.441,-229.318,-29.983
108.001,goal,-35.399,-229.405,-29.983
108.035,goal,-35.357,-229.492,-29.983
108.069,goal,-35.316,-229.579,-29.982
108.101,goal,-35.274,-229.666,-29.982
108.135,goal,-35.232,-229.753,-29.981
108.169,goal,-35.181,-229.862,-29.981
108.201,goal,-35.139,-229.949,-29.981
108.235,goal,-35.098,-230.036,-29.980
108.269,goal,-35.057,-230.123,-29.980
108.301,goal,-35.015,-230.211,-29.980
108.335,goal,-34.974,-230.298,-29.979
108.369,goal,-34.922,-230.408,-29.979
108.401,goal,-34.881,-230.496,-29.979
108.435,goal,-34.840,-230.583,-29.978
108.469,goal,-34.799,-230.671,-29.978
108.501,goal,-34.758,-230.759,-29.977
108.535,goal,-34.717,-230.847,-29.977
108.569,goal,-34.666,-230.956,-29.977
108.601,goal,-34.625,-231.044,-29.976
108.635,goal,-34.584,-231.132,-29.976
108.669,goal,-34.544,-231.219,-29.975
108.701,goal,-34.503,-231.307,-29.975
108.735,goal,-34.463,-231.394,-29.975
108.769,goal,-34.412,-231.504,-29.975
108.801,goal,-34.372,-231.591,-29.975
108.835,goal,-34.332,-231.678,-29.975
108.869,goal,-34.292,-231.765,-29.975
108.901,goal,-34.252,-231.853,-29.976
108.936,goal,-34.212,-231.940,-29.976
108.970,goal,-34.162,-232.048,-29.977
109.002,goal,-34.122,-232.135,-29.977
109.036,goal,-34.082,-232.222,-29.977
109.070,goal,-34.041,-232.308,-29.978
109.102,goal,-34.001,-232.395,-29.978
109.136,goal,-33.961,-232.482,-29.978
109.170,goal,-33.911,-232.590,-29.978
109.202,goal,-33.870,-232.677,-29.979
109.236,goal,-33.830,-232.764,-29.979
109.270,goal,-33.790,-232.850,-29.979
109.302,goal,-33.749,-232.937,-29.979
109.336,goal,-33.709,-233.024,-29.978
109.370,goal,-33.658,-233.132,-29.978
109.402,goal,-33.617,-233.219,-29.978
109.436,goal,-33.576,-233.306,-29.978
109.470,goal,-33.535,-233.393,-29.978
109.502,goal,-33.495,-233.479,-29.978
109.536,goal,-33.454,-233.566,-29.978
109.570,goal,-33.403,-233.675,-29.978
109.602,goal,-33.362,-233.762,-29.978
109.636,goal,-33.321,-233.849,-29.978
109.670,goal,-33.280,-233.936,-29.978
109.702,goal,-33.238,-234.023,-29.979
109.736,goal,-33.197,-234.111,-29.979
109.770,goal,-33.146,-234.220,-29.979
109.802,goal,-33.104,-234.307,-29.980
109.836,goal,-33.063,-234.394,-29.980
109.870,goal,-33.022,-234.481,-29.980
109.902,goal,-32.980,-234.568,-29.981
109.936,goal,-32.939,-234.655,-29.981
109.970,goal,-32.887,-234.764,-29.981
110.002,goal,-32.846,-234.851,-29.982
110.036,goal,-32.804,-234.938,-29.982
110.070,goal,-32.762,-235.025,-29.982
110.102,goal,-32.721,-235.112,-29.982
110.136,goal,-32.679,-235.198,-29.982
110.170,goal,-32.627,-235.307,-29.981
110.202,goal,-32.585,-235.394,-29.981
110.236,goal,-32.543,-235.481,-29.981
110.270,goal,-32.501,-235.568,-29.980
110.302,goal,-32.459,-235.655,-29.980
110.336,goal,-32.417,-235.742,-29.979
110.370,goal,-32.365,-235.850,-29.978
110.402,goal,-32.323,-235.937,-29.978
110.436,goal,-32.280,-236.024,-29.977
110.470,goal,-32.238,-236.110,-29.976
110.502,goal,-32.196,-236.197,-29.976
110.536,goal,-32.154,-236.283,-29.975
110.570,goal,-32.102,-236.391,-29.974
110.602,goal,-32.060,-236.477,-29.974
110.636,goal,-32.018,-236.564,-29.974
110.670,goal,-31.977,-236.650,-29.973
110.702,goal,-31.935,-236.736,-29.973
110.736,goal,-31.893,-236.822,-29.972
110.770,goal,-31.841,-236.929,-29.972
110.802,goal,-31.799,-237.015,-29.972
110.836,goal,-31.757,-237.101,-29.972
110.870,goal,-31.715,-237.187,-29.972
110.902,goal,-31.673,-237.273,-29.973
110.936,goal,-31.632,-237.359,-29.973
110.970,goal,-31.579,-237.466,-29.973
111.002,goal,-31.538,-237.552,-29.974
111.037,goal,-31.496,-237.638,-29.974
111.071,goal,-31.454,-237.724,-29.974
111.103,goal,-31.413,-237.809,-29.974
111.137,goal,-31.371,-237.895,-29.975
111.171,goal,-31.319,-238.003,-29.975
111.203,approach,-31.277,-238.089,-29.975
111.237,approach,-31.236,-238.174,-29.976
111.271,approach,-31.194,-238.260,-29.976
111.303,approach,-31.152,-238.346,-29.975
111.337,approach,-31.111,-238.432,-29.968
111.371,approach,-31.060,-238.539,-29.950
111.403,approach,-31.019,-238.624,-29.928
111.437,approach,-30.978,-238.710,-29.899
111.471,approach,-30.938,-238.794,-29.865
111.503,approach,-30.898,-238.879,-29.826
111.537,approach,-30.858,-238.963,-29.783
111.571,approach,-30.809,-239.067,-29.724
111.603,approach,-30.770,-239.149,-29.675
111.637,approach,-30.732,-239.231,-29.623
111.671,approach,-30.694,-239.311,-29.570
111.703,approach,-30.657,-239.390,-29.517
111.737,approach,-30.620,-239.468,-29.462
111.771,approach,-30.575,-239.563,-29.394
111.803,approach,-30.539,-239.637,-29.338
111.837,approach,-30.505,-239.710,-29.283
111.871,approach,-30.471,-239.780,-29.228
111.903,approach,-30.438,-239.848,-29.173
111.937,approach,-30.407,-239.914,-29.118
111.971,approach,-30.368,-239.994,-29.050
112.003,approach,-30.339,-240.055,-28.995
112.037,approach,-30.311,-240.113,-28.942
112.073,approach,-30.283,-240.170,-28.888
112.105,approach,-30.258,-240.224,-28.834
112.139,approach,-30.233,-240.275,-28.781
112.173,approach,-30.204,-240.336,-28.714
112.205,approach,-30.181,-240.383,-28.661
112.239,approach,-30.161,-240.427,-28.608
112.273,approach,-30.141,-240.468,-28.556
112.305,approach,-30.122,-240.507,-28.503
112.339,approach,-30.105,-240.544,-28.450
112.373,approach,-30.084,-240.587,-28.384
112.405,approach,-30.069,-240.619,-28.332
112.439,approach,-30.055,-240.648,-28.279
112.473,approach,-30.042,-240.676,-28.227
112.505,approach,-30.030,-240.701,-28.175
112.539,approach,-30.019,-240.724,-28.123
112.573,approach,-30.007,-240.750,-28.058
112.605,approach,-29.998,-240.769,-28.006
112.639,approach,-29.990,-240.785,-27.954
112.673,approach,-29.983,-240.800,-27.903
112.705,approach,-29.977,-240.813,-27.851
112.739,approach,-29.972,-240.825,-27.800
112.773,approach,-29.967,-240.837,-27.736
112.805,approach,-29.963,-240.845,-27.685
112.839,approach,-29.960,-240.852,-27.634
112.873,approach,-29.957,-240.858,-27.584
112.905,approach,-29.955,-240.862,-27.533
112.939,approach,-29.954,-240.865,-27.483
112.973,approach,-29.952,-240.868,-27.419
113.005,approach,-29.952,-240.869,-27.369
113.039,approach,-29.952,-240.870,-27.318
113.073,approach,-29.952,-240.869,-27.268
113.105,approach,-29.953,-240.868,-27.218
113.139,approach,-29.955,-240.867,-27.167
113.173,approach,-29.957,-240.864,-27.105
113.205,approach,-29.959,-240.861,-27.055
113.239,approach,-29.961,-240.858,-27.005
113.273,approach,-29.964,-240.854,-26.955
113.305,approach,-29.967,-240.850,-26.905
113.339,approach,-29.970,-240.846,-26.856
113.373,approach,-29.975,-240.840,-26.794
113.405,approach,-29.979,-240.836,-26.744
113.439,approach,-29.983,-240.831,-26.695
113.473,approach,-29.987,-240.826,-26.646
113.505,approach,-29.992,-240.821,-26.596
113.539,approach,-29.997,-240.816,-26.547
113.573,approach,-30.003,-240.810,-26.486
113.605,approach,-30.008,-240.804,-26.437
113.639,approach,-30.013,-240.799,-26.388
113.673,approach,-30.018,-240.794,-26.339
113.705,approach,-30.024,-240.788,-26.291
113.739,approach,-30.029,-240.783,-26.242
113.773,approach,-30.035,-240.776,-26.181
113.805,approach,-30.041,-240.771,-26.133
113.839,approach,-30.046,-240.766,-26.084
113.873,approach,-30.051,-240.761,-26.036
113.905,approach,-30.056,-240.756,-25.988
113.939,approach,-30.061,-240.751,-25.939
113.973,approach,-30.067,-240.745,-25.879
114.005,approach,-30.072,-240.740,-25.830
114.039,approach,-30.076,-240.735,-25.782
114.073,approach,-30.080,-240.730,-25.734
114.105,approach,-30.085,-240.726,-25.686
114.139,approach,-30.089,-240.721,-25.637
114.173,approach,-30.093,-240.716,-25.577
114.205,approach,-30.097,-240.712,-25.529
114.239,approach,-30.100,-240.708,-25.480
114.273,approach,-30.104,-240.704,-25.432
114.305,approach,-30.106,-240.701,-25.384
114.339,approach,-30.109,-240.697,-25.335
114.373,approach,-30.112,-240.693,-25.275
114.405,approach,-30.114,-240.689,-25.226
114.439,approach,-30.116,-240.686,-25.178
114.473,approach,-30.118,-240.683,-25.129
114.505,approach,-30.119,-240.680,-25.080
114.539,approach,-30.120,-240.677,-25.032
114.573,approach,-30.122,-240.673,-24.971
114.605,approach,-30.123,-240.671,-24.923
114.639,approach,-30.124,-240.668,-24.874
114.673,approach,-30.124,-240.666,-24.825
114.705,approach,-30.125,-240.663,-24.777
114.739,approach,-30.126,-240.661,-24.728
114.773,approach,-30.126,-240.659,-24.668
114.805,approach,-30.127,-240.657,-24.619
114.839,approach,-30.127,-240.655,-24.571
114.873,approach,-30.128,-240.654,-24.522
114.905,approach,-30.128,-240.652,-24.474
114.939,approach,-30.128,-240.651,-24.426
114.973,approach,-30.128,-240.649,-24.366
115.006,approach,-30.128,-240.648,-24.318
115.041,approach,-30.128,-240.647,-24.270
115.077,approach,-30.128,-240.646,-24.222
115.109,approach,-30.127,-240.645,-24.174
115.143,approach,-30.127,-240.643,-24.126
115.177,approach,-30.126,-240.642,-24.066
115.209,approach,-30.125,-240.641,-24.018
115.243,approach,-30.124,-240.639,-23.970
115.278,approach,-30.123,-240.638,-23.922
115.310,approach,-30.121,-240.637,-23.874
115.344,approach,-30.120,-240.636,-23.826
115.378,approach,-30.118,-240.635,-23.765
115.410,approach,-30.117,-240.634,-23.717
115.444,approach,-30.115,-240.632,-23.669
115.478,approach,-30.114,-240.631,-23.620
115.510,approach,-30.112,-240.630,-23.572
115.544,approach,-30.111,-240.629,-23.523
115.578,approach,-30.109,-240.628,-23.463
115.610,approach,-30.107,-240.627,-23.414
115.644,approach,-30.106,-240.625,-23.366
115.678,approach,-30.105,-240.624,-23.317
115.715,approach,-30.104,-240.623,-23.269
115.768,approach,-30.103,-240.622,-23.221
115.862,approach,-30.102,-240.621,-23.172
115.930,approach,-30.100,-240.619,-23.112
115.985,approach,-30.100,-240.618,-23.064
116.027,approach,-30.099,-240.617,-23.016
116.071,approach,-30.098,-240.616,-22.968
116.117,approach,-30.098,-240.615,-22.920
116.156,approach,-30.097,-240.613,-22.860
116.189,approach,-30.097,-240.612,-22.811
116.223,approach,-30.096,-240.611,-22.763
116.257,approach,-30.096,-240.610,-22.715
116.291,approach,-30.096,-240.609,-22.666
116.326,approach,-30.096,-240.608,-22.618
116.363,approach,-30.097,-240.607,-22.557
116.396,approach,-30.097,-240.606,-22.509
116.431,approach,-30.097,-240.605,-22.460
116.473,approach,-30.098,-240.604,-22.412
116.507,approach,-30.098,-240.603,-22.364
116.544,approach,-30.099,-240.603,-22.315
116.581,approach,-30.099,-240.602,-22.255
116.618,approach,-30.100,-240.601,-22.207
116.665,approach,-30.100,-240.601,-22.158
116.704,approach,-30.101,-240.601,-22.110
116.738,approach,-30.101,-240.600,-22.062
116.772,approach,-30.102,-240.600,-22.013
116.807,approach,-30.103,-240.600,-21.953
116.840,approach,-30.104,-240.599,-21.905
116.874,approach,-30.105,-240.599,-21.856
116.908,approach,-30.105,-240.599,-21.808
116.943,approach,-30.106,-240.599,-21.760
116.978,approach,-30.107,-240.599,-21.712
117.013,approach,-30.108,-240.598,-21.651
117.045,approach,-30.109,-240.598,-21.603
117.080,approach,-30.110,-240.598,-21.555
117.114,approach,-30.111,-240.598,-21.506
117.147,approach,-30.112,-240.598,-21.458
117.180,approach,-30.112,-240.597,-21.410
117.214,approach,-30.113,-240.597,-21.350
117.247,approach,-30.114,-240.596,-21.301
117.282,approach,-30.114,-240.596,-21.253
117.324,approach,-30.115,-240.596,-21.204
117.368,approach,-30.115,-240.595,-21.155
117.406,approach,-30.116,-240.595,-21.107
117.442,approach,-30.117,-240.594,-21.046
117.474,approach,-30.117,-240.593,-20.997
117.508,approach,-30.118,-240.593,-20.948
117.543,approach,-30.118,-240.593,-20.899
117.575,approach,-30.119,-240.592,-20.850
117.609,approach,-30.119,-240.592,-20.801
117.644,approach,-30.120,-240.591,-20.741
117.676,approach,-30.120,-240.590,-20.692
117.710,approach,-30.121,-240.589,-20.644
117.744,approach,-30.121,-240.589,-20.595
117.776,approach,-30.121,-240.588,-20.547
117.810,approach,-30.122,-240.587,-20.499
117.844,approach,-30.122,-240.586,-20.440
117.878,approach,-30.122,-240.585,-20.392
117.914,approach,-30.122,-240.584,-20.344
117.954,approach,-30.123,-240.583,-20.296
117.989,approach,-30.123,-240.582,-20.249
118.026,approach,-30.123,-240.581,-20.201
118.062,approach,-30.124,-240.580,-20.142
118.094,approach,-30.124,-240.580,-20.094
118.128,approach,-30.125,-240.579,-20.047
118.162,approach,-30.125,-240.578,-20.000
118.194,approach,-30.126,-240.578,-19.952
118.229,approach,-30.126,-240.577,-19.905
118.265,approach,-30.127,-240.576,-19.846
118.297,approach,-30.127,-240.576,-19.798
118.330,approach,-30.128,-240.575,-19.751
118.365,approach,-30.128,-240.575,-19.704
118.397,approach,-30.128,-240.574,-19.656
118.431,approach,-30.128,-240.574,-19.609
118.465,approach,-30.128,-240.573,-19.550
118.497,approach,-30.129,-240.572,-19.502
118.531,approach,-30.129,-240.572,-19.455
118.566,approach,-30.129,-240.571,-19.408
118.598,approach,-30.128,-240.571,-19.360
118.633,approach,-30.128,-240.570,-19.313
118.668,approach,-30.128,-240.570,-19.253
118.700,approach,-30.128,-240.570,-19.206
118.734,approach,-30.127,-240.570,-19.158
118.769,approach,-30.127,-240.570,-19.111
118.801,approach,-30.126,-240.570,-19.063
118.843,approach,-30.126,-240.570,-19.015
118.877,approach,-30.126,-240.571,-18.956
118.909,approach,-30.125,-240.571,-18.908
118.943,approach,-30.125,-240.572,-18.860
118.977,approach,-30.125,-240.572,-18.812
119.009,approach,-30.125,-240.573,-18.764
119.043,approach,-30.125,-240.574,-18.716
119.077,approach,-30.125,-240.575,-18.656
119.109,approach,-30.125,-240.575,-18.608
119.143,approach,-30.125,-240.576,-18.560
119.177,approach,-30.125,-240.576,-18.512
119.209,approach,-30.126,-240.577,-18.464
119.243,approach,-30.126,-240.578,-18.416
119.277,approach,-30.126,-240.578,-18.356
119.309,approach,-30.126,-240.579,-18.308
119.343,approach,-30.127,-240.579,-18.260
119.377,approach,-30.127,-240.580,-18.212
119.409,approach,-30.128,-240.580,-18.164
119.443,approach,-30.128,-240.580,-18.116
119.477,approach,-30.129,-240.581,-18.056
119.509,approach,-30.129,-240.581,-18.007
119.543,approach,-30.130,-240.582,-17.959
119.577,approach,-30.130,-240.582,-17.911
119.610,approach,-30.131,-240.582,-17.863
119.644,approach,-30.131,-240.582,-17.814
119.678,approach,-30.132,-240.583,-17.754
119.710,approach,-30.132,-240.583,-17.705
119.744,approach,-30.133,-240.583,-17.657
119.778,approach,-30.133,-240.583,-17.608
119.810,approach,-30.133,-240.583,-17.560
119.844,approach,-30.133,-240.583,-17.511
119.878,approach,-30.133,-240.583,-17.451
119.910,approach,-30.133,-240.583,-17.402
119.944,approach,-30.133,-240.583,-17.353
119.978,approach,-30.133,-240.583,-17.305
120.010,approach,-30.133,-240.583,-17.256
120.044,approach,-30.133,-240.583,-17.208
120.078,approach,-30.132,-240.583,-17.147
120.112,approach,-30.132,-240.583,-17.098
120.146,approach,-30.131,-240.583,-17.050
120.180,approach,-30.130,-240.582,-17.001
120.212,approach,-30.130,-240.582,-16.953
120.246,approach,-30.129,-240.583,-16.904
120.280,approach,-30.128,-240.583,-16.843
120.312,approach,-30.127,-240.583,-16.794
120.346,approach,-30.125,-240.584,-16.746
120.380,approach,-30.124,-240.585,-16.697
120.412,approach,-30.123,-240.586,-16.648
120.446,approach,-30.122,-240.587,-16.600
120.480,approach,-30.120,-240.588,-16.539
120.512,approach,-30.119,-240.589,-16.491
120.546,approach,-30.118,-240.590,-16.442
120.580,approach,-30.117,-240.592,-16.394
120.612,approach,-30.116,-240.593,-16.346
120.646,approach,-30.115,-240.594,-16.298
120.680,approach,-30.114,-240.596,-16.237
120.712,approach,-30.113,-240.597,-16.189
120.746,approach,-30.112,-240.598,-16.141
120.780,approach,-30.112,-240.600,-16.093
120.812,approach,-30.111,-240.601,-16.044
120.846,approach,-30.111,-240.603,-15.996
120.880,approach,-30.110,-240.605,-15.936
120.912,approach,-30.110,-240.607,-15.887
120.946,approach,-30.109,-240.609,-15.839
120.980,approach,-30.109,-240.610,-15.790
121.012,approach,-30.109,-240.612,-15.742
121.046,approach,-30.109,-240.614,-15.694
121.081,approach,-30.109,-240.616,-15.633
121.113,approach,-30.109,-240.617,-15.585
121.147,approach,-30.109,-240.619,-15.536
121.182,approach,-30.109,-240.620,-15.488
121.214,approach,-30.109,-240.622,-15.440
121.248,approach,-30.109,-240.623,-15.391
121.282,approach,-30.109,-240.625,-15.331
121.314,approach,-30.109,-240.626,-15.283
121.348,approach,-30.109,-240.627,-15.235
121.382,approach,-30.110,-240.628,-15.186
121.414,approach,-30.110,-240.629,-15.138
121.448,approach,-30.110,-240.630,-15.090
121.482,approach,-30.110,-240.630,-15.030
121.514,approach,-30.110,-240.631,-14.982
121.548,approach,-30.110,-240.631,-14.934
121.582,approach,-30.110,-240.631,-14.886
121.614,approach,-30.110,-240.631,-14.838
121.648,approach,-30.109,-240.631,-14.790
121.682,approach,-30.109,-240.631,-14.730
121.714,approach,-30.108,-240.632,-14.682
121.748,approach,-30.108,-240.632,-14.634
121.782,approach,-30.107,-240.632,-14.586
121.814,approach,-30.106,-240.632,-14.538
121.848,approach,-30.105,-240.632,-14.490
121.882,approach,-30.104,-240.632,-14.430
121.915,approach,-30.102,-240.632,-14.382
121.949,approach,-30.101,-240.632,-14.334
121.983,approach,-30.100,-240.633,-14.286
122.015,approach,-30.098,-240.633,-14.238
122.049,approach,-30.097,-240.633,-14.191
122.083,approach,-30.095,-240.634,-14.131
122.115,approach,-30.093,-240.634,-14.083
122.149,approach,-30.092,-240.634,-14.035
122.183,approach,-30.090,-240.635,-13.987
122.215,approach,-30.089,-240.635,-13.940
122.249,approach,-30.087,-240.635,-13.892
122.283,approach,-30.086,-240.635,-13.832
122.315,approach,-30.085,-240.636,-13.784
122.349,approach,-30.084,-240.636,-13.737
122.383,approach,-30.083,-240.636,-13.689
122.415,approach,-30.082,-240.636,-13.641
122.449,approach,-30.081,-240.636,-13.593
122.483,approach,-30.081,-240.636,-13.534
122.515,approach,-30.080,-240.635,-13.486
122.549,approach,-30.080,-240.635,-13.438
122.583,approach,-30.080,-240.635,-13.390
122.615,approach,-30.080,-240.635,-13.343
122.649,approach,-30.080,-240.634,-13.295
122.683,approach,-30.080,-240.634,-13.235
122.715,approach,-30.080,-240.633,-13.187
122.749,approach,-30.081,-240.633,-13.139
122.783,approach,-30.081,-240.633,-13.091
122.815,approach,-30.081,-240.632,-13.043
122.849,approach,-30.082,-240.632,-12.995
122.883,approach,-30.083,-240.631,-12.935
122.915,approach,-30.084,-240.631,-12.887
122.949,approach,-30.085,-240.631,-12.839
122.983,approach,-30.086,-240.630,-12.791
123.015,approach,-30.087,-240.629,-12.742
123.049,approach,-30.088,-240.629,-12.694
123.083,approach,-30.089,-240.628,-12.634
123.115,approach,-30.090,-240.628,-12.586
123.149,approach,-30.091,-240.627,-12.538
123.183,approach,-30.092,-240.626,-12.489
123.215,approach,-30.093,-240.626,-12.441
123.249,approach,-30.094,-240.625,-12.393
123.283,approach,-30.096,-240.625,-12.333
123.315,approach,-30.097,-240.624,-12.285
123.349,approach,-30.098,-240.624,-12.238
123.383,approach,-30.099,-240.624,-12.190
123.415,approach,-30.100,-240.623,-12.142
123.449,approach,-30.101,-240.623,-12.094
123.483,approach,-30.102,-240.623,-12.034
123.515,approach,-30.102,-240.623,-11.986
123.549,approach,-30.103,-240.623,-11.939
123.583,approach,-30.104,-240.623,-11.891
123.615,approach,-30.104,-240.623,-11.843
123.649,approach,-30.105,-240.623,-11.795
123.683,approach,-30.106,-240.624,-11.735
123.715,approach,-30.106,-240.624,-11.688
123.749,approach,-30.106,-240.625,-11.640
123.783,approach,-30.106,-240.625,-11.592
123.815,approach,-30.107,-240.626,-11.545
123.849,approach,-30.107,-240.626,-11.497
123.883,approach,-30.107,-240.627,-11.437
123.915,approach,-30.107,-240.628,-11.390
123.949,approach,-30.106,-240.629,-11.342
123.983,approach,-30.106,-240.630,-11.294
124.015,approach,-30.105,-240.630,-11.246
124.049,approach,-30.105,-240.631,-11.198
124.083,approach,-30.104,-240.632,-11.139
124.115,approach,-30.103,-240.633,-11.091
124.149,approach,-30.103,-240.634,-11.043
124.183,approach,-30.102,-240.635,-10.995
124.215,approach,-30.101,-240.637,-10.947
124.249,approach,-30.100,-240.638,-10.899
124.283,approach,-30.099,-240.639,-10.840
124.315,approach,-30.098,-240.641,-10.792
124.349,approach,-30.097,-240.642,-10.744
124.383,approach,-30.096,-240.643,-10.697
124.415,approach,-30.095,-240.645,-10.649
124.449,approach,-30.094,-240.646,-10.602
124.483,approach,-30.092,-240.648,-10.543
124.515,approach,-30.091,-240.650,-10.495
124.549,approach,-30.090,-240.651,-10.448
124.583,approach,-30.089,-240.653,-10.400
124.615,approach,-30.088,-240.654,-10.353
124.649,approach,-30.087,-240.655,-10.305
124.683,approach,-30.086,-240.657,-10.246
124.715,approach,-30.085,-240.658,-10.198
124.749,approach,-30.084,-240.660,-10.151
124.783,approach,-30.084,-240.661,-10.103
124.815,approach,-30.083,-240.662,-10.055
124.849,approach,-30.082,-240.664,-10.008
124.883,approach,-30.081,-240.666,-9.948
124.915,approach,-30.081,-240.667,-9.901
124.949,approach,-30.080,-240.668,-9.854
124.983,approach,-30.080,-240.670,-9.806
125.015,approach,-30.080,-240.671,-9.759
125.049,approach,-30.080,-240.673,-9.711
125.083,approach,-30.080,-240.674,-9.652
125.115,approach,-30.080,-240.676,-9.604
125.149,approach,-30.080,-240.677,-9.557
125.183,approach,-30.080,-240.678,-9.509
125.215,approach,-30.080,-240.679,-9.461
125.249,approach,-30.080,-240.680,-9.414
125.283,approach,-30.081,-240.682,-9.354
125.315,approach,-30.081,-240.683,-9.306
125.349,approach,-30.081,-240.684,-9.258
125.383,approach,-30.081,-240.685,-9.210
125.415,approach,-30.082,-240.686,-9.162
125.449,approach,-30.082,-240.687,-9.113
125.483,approach,-30.082,-240.689,-9.053
125.515,approach,-30.082,-240.690,-9.005
125.549,approach,-30.082,-240.692,-8.957
125.583,approach,-30.083,-240.693,-8.908
125.615,approach,-30.083,-240.694,-8.860
125.649,approach,-30.083,-240.695,-8.811
125.683,approach,-30.083,-240.697,-8.751
125.715,approach,-30.083,-240.697,-8.703
125.749,approach,-30.083,-240.698,-8.654
125.783,approach,-30.083,-240.699,-8.606
125.815,approach,-30.083,-240.700,-8.558
125.849,approach,-30.083,-240.700,-8.509
125.884,approach,-30.082,-240.701,-8.449
125.916,approach,-30.083,-240.702,-8.401
125.950,approach,-30.083,-240.702,-8.352
125.984,approach,-30.083,-240.702,-8.304
126.016,approach,-30.083,-240.702,-8.256
126.050,approach,-30.083,-240.702,-8.207
126.084,approach,-30.083,-240.702,-8.146
126.116,approach,-30.083,-240.702,-8.098
126.150,approach,-30.083,-240.701,-8.049
126.184,approach,-30.083,-240.701,-8.000
126.216,approach,-30.083,-240.700,-7.951
126.250,approach,-30.083,-240.699,-7.903
126.284,approach,-30.083,-240.698,-7.842
126.316,approach,-30.083,-240.697,-7.793
126.350,approach,-30.083,-240.696,-7.745
126.384,approach,-30.084,-240.695,-7.696
126.416,approach,-30.084,-240.695,-7.647
126.450,approach,-30.084,-240.694,-7.598
126.484,approach,-30.085,-240.693,-7.537
126.516,approach,-30.085,-240.692,-7.489
126.550,approach,-30.085,-240.691,-7.440
126.584,approach,-30.085,-240.690,-7.391
126.616,approach,-30.085,-240.689,-7.343
126.650,approach,-30.085,-240.688,-7.294
126.684,approach,-30.086,-240.687,-7.233
126.716,approach,-30.086,-240.686,-7.185
126.750,approach,-30.086,-240.686,-7.136
126.784,approach,-30.086,-240.685,-7.088
126.816,approach,-30.086,-240.684,-7.039
126.850,approach,-30.086,-240.683,-6.991
126.884,approach,-30.086,-240.683,-6.931
126.916,approach,-30.086,-240.682,-6.882
126.950,approach,-30.086,-240.681,-6.834
126.984,approach,-30.086,-240.681,-6.786
127.016,approach,-30.086,-240.680,-6.738
127.050,approach,-30.086,-240.680,-6.690
127.084,approach,-30.086,-240.679,-6.629
127.116,approach,-30.086,-240.678,-6.581
127.150,approach,-30.086,-240.678,-6.533
127.184,approach,-30.086,-240.677,-6.485
127.216,approach,-30.085,-240.676,-6.437
127.250,approach,-30.085,-240.676,-6.389
127.284,approach,-30.085,-240.675,-6.330
127.316,approach,-30.085,-240.675,-6.282
127.350,approach,-30.085,-240.674,-6.234
127.384,approach,-30.085,-240.674,-6.186
127.426,approach,-30.085,-240.674,-6.138
127.480,approach,-30.085,-240.673,-6.090
127.514,approach,-30.085,-240.673,-6.030
127.546,approach,-30.085,-240.672,-5.982
127.580,approach,-30.085,-240.672,-5.934
127.614,approach,-30.085,-240.672,-5.886
127.646,approach,-30.085,-240.672,-5.838
127.680,approach,-30.085,-240.671,-5.790
127.714,approach,-30.085,-240.671,-5.730
127.746,approach,-30.085,-240.671,-5.682
127.780,approach,-30.085,-240.671,-5.634
127.814,approach,-30.086,-240.671,-5.586
127.846,approach,-30.086,-240.671,-5.538
127.880,approach,-30.086,-240.671,-5.491
127.914,approach,-30.087,-240.672,-5.431
127.946,approach,-30.088,-240.672,-5.383
127.980,approach,-30.089,-240.672,-5.335
128.014,approach,-30.089,-240.672,-5.287
128.046,approach,-30.090,-240.673,-5.239
128.080,approach,-30.091,-240.673,-5.191
128.114,approach,-30.093,-240.673,-5.131
128.146,approach,-30.094,-240.673,-5.083
128.180,approach,-30.095,-240.673,-5.035
128.214,approach,-30.096,-240.673,-4.987
128.246,approach,-30.097,-240.673,-4.939
128.280,approach,-30.099,-240.673,-4.890
128.314,approach,-30.100,-240.673,-4.830
128.346,approach,-30.101,-240.673,-4.782
128.380,approach,-30.102,-240.673,-4.734
128.414,approach,-30.103,-240.673,-4.685
128.446,approach,-30.104,-240.673,-4.637
128.480,approach,-30.105,-240.673,-4.588
128.514,approach,-30.106,-240.673,-4.527
128.546,approach,-30.106,-240.673,-4.478
128.580,approach,-30.107,-240.673,-4.430
128.614,approach,-30.108,-240.673,-4.381
128.646,approach,-30.109,-240.672,-4.332
128.680,approach,-30.109,-240.672,-4.284
128.714,approach,-30.110,-240.672,-4.223
128.746,approach,-30.110,-240.671,-4.174
128.780,approach,-30.111,-240.671,-4.126
128.814,approach,-30.111,-240.670,-4.077
128.846,approach,-30.111,-240.670,-4.029
128.880,approach,-30.111,-240.669,-3.980
128.914,approach,-30.112,-240.669,-3.920
128.946,approach,-30.112,-240.668,-3.871
128.980,approach,-30.112,-240.667,-3.823
129.014,approach,-30.112,-240.667,-3.774
129.046,approach,-30.112,-240.667,-3.726
129.080,approach,-30.112,-240.666,-3.677
129.114,approach,-30.111,-240.666,-3.617
129.146,approach,-30.111,-240.665,-3.568
129.180,approach,-30.110,-240.665,-3.520
129.214,approach,-30.110,-240.665,-3.472
129.246,approach,-30.109,-240.664,-3.424
129.280,approach,-30.108,-240.664,-3.375
129.314,approach,-30.106,-240.664,-3.315
129.346,approach,-30.105,-240.663,-3.267
129.380,approach,-30.104,-240.663,-3.219
129.414,approach,-30.103,-240.663,-3.171
129.446,approach,-30.101,-240.662,-3.123
129.480,approach,-30.100,-240.662,-3.075
129.514,approach,-30.098,-240.661,-3.016
129.546,approach,-30.097,-240.661,-2.968
129.580,approach,-30.095,-240.660,-2.920
129.614,approach,-30.094,-240.659,-2.872
129.646,approach,-30.092,-240.658,-2.824
129.680,approach,-30.091,-240.658,-2.776
129.714,approach,-30.089,-240.657,-2.716
129.746,approach,-30.088,-240.656,-2.668
129.780,approach,-30.086,-240.655,-2.620
129.814,approach,-30.085,-240.654,-2.572
129.847,approach,-30.084,-240.653,-2.524
129.880,approach,-30.082,-240.653,-2.476
129.914,approach,-30.080,-240.652,-2.416
129.946,approach,-30.079,-240.651,-2.368
129.980,approach,-30.077,-240.651,-2.319
130.014,approach,-30.076,-240.650,-2.271
130.046,approach,-30.074,-240.650,-2.223
130.080,approach,-30.073,-240.650,-2.175
130.114,approach,-30.071,-240.649,-2.114
130.146,approach,-30.070,-240.649,-2.066
130.181,approach,-30.068,-240.649,-2.018
130.214,approach,-30.067,-240.649,-1.971
130.246,approach,-30.066,-240.649,-1.925
130.280,approach,-30.064,-240.649,-1.880
130.314,approach,-30.063,-240.649,-1.826
130.346,approach,-30.062,-240.650,-1.784
130.380,approach,-30.062,-240.650,-1.743
130.414,approach,-30.061,-240.650,-1.704
130.446,approach,-30.061,-240.651,-1.667
130.480,approach,-30.060,-240.651,-1.631
