timestamp_sec,phase,north_m,east_m,down_m
0.006,takeoff,-0.03358258306980133,0.10205968469381332,-0.05642223358154297
0.040,takeoff,-0.03167765960097313,0.09972061961889267,-0.05590224266052246
0.072,takeoff,-0.03022518940269947,0.09797593206167221,-0.055558204650878906
0.106,takeoff,-0.028885366395115852,0.09632157534360886,-0.055249691009521484
0.140,takeoff,-0.027620641514658928,0.09476707130670547,-0.054918766021728516
0.172,takeoff,-0.02650972455739975,0.09330525994300842,-0.05468392372131348
0.206,takeoff,-0.02574385143816471,0.09184294193983078,-0.05465960502624512
0.240,takeoff,-0.0250377394258976,0.09011463075876236,-0.05485892295837402
0.272,takeoff,-0.02451823279261589,0.08886940777301788,-0.05499601364135742
0.306,takeoff,-0.02405097894370556,0.08770232647657394,-0.055115699768066406
0.340,takeoff,-0.023851066827774048,0.0864846408367157,-0.05509042739868164
0.372,takeoff,-0.023819774389266968,0.08532576262950897,-0.05496692657470703
0.406,takeoff,-0.023757195100188255,0.08420868217945099,-0.05474090576171875
0.440,takeoff,-0.02359946444630623,0.08280771225690842,-0.05444216728210449
0.472,takeoff,-0.02340126410126686,0.08162380009889603,-0.05428576469421387
0.506,takeoff,-0.023196112364530563,0.08041754364967346,-0.0542294979095459
0.540,takeoff,-0.02297036536037922,0.07915594428777695,-0.0543060302734375
0.572,takeoff,-0.02264576032757759,0.07793111354112625,-0.05438375473022461
0.606,takeoff,-0.022541597485542297,0.07653407752513885,-0.05459332466125488
0.640,takeoff,-0.022633295506238937,0.07472285628318787,-0.054939985275268555
0.672,takeoff,-0.022694744169712067,0.07338505238294601,-0.05514025688171387
0.707,takeoff,-0.02280029095709324,0.07219122350215912,-0.05525493621826172
0.741,takeoff,-0.022881465032696724,0.07108072936534882,-0.055296897888183594
0.773,takeoff,-0.0229790136218071,0.06999389082193375,-0.05523085594177246
0.807,takeoff,-0.023505473509430885,0.0687861517071724,-0.05528736114501953
0.841,takeoff,-0.024127336218953133,0.0673414021730423,-0.05527162551879883
0.873,takeoff,-0.024589495733380318,0.06631068885326385,-0.05519294738769531
0.907,takeoff,-0.025022579357028008,0.06537335366010666,-0.05511307716369629
0.941,takeoff,-0.025085391476750374,0.06466307491064072,-0.05535578727722168
0.973,takeoff,-0.02508041076362133,0.06401164084672928,-0.055665016174316406
1.007,takeoff,-0.02497653290629387,0.06339637190103531,-0.055983781814575195
1.041,takeoff,-0.024636419489979744,0.0625891238451004,-0.05640387535095215
1.073,takeoff,-0.024221867322921753,0.06188943609595299,-0.05667233467102051
1.107,takeoff,-0.023721566423773766,0.06109943240880966,-0.056845903396606445
1.141,takeoff,-0.023145290091633797,0.06027133762836456,-0.05694460868835449
1.173,takeoff,-0.02249588444828987,0.05943625047802925,-0.05695343017578125
1.207,takeoff,-0.02178570069372654,0.058533214032649994,-0.05694699287414551
1.241,takeoff,-0.02081778086721897,0.05724356696009636,-0.05691957473754883
1.273,takeoff,-0.0200060848146677,0.056130629032850266,-0.05684614181518555
1.307,takeoff,-0.019187629222869873,0.05494754761457443,-0.05676579475402832
1.341,takeoff,-0.01837318390607834,0.05366186425089836,-0.056693315505981445
1.373,takeoff,-0.01767219603061676,0.052220702171325684,-0.056667327880859375
1.407,takeoff,-0.01720849610865116,0.050602685660123825,-0.05672311782836914
1.441,takeoff,-0.016700439155101776,0.04850400239229202,-0.05663418769836426
1.473,takeoff,-0.016285812482237816,0.046782441437244415,-0.05648493766784668
1.507,takeoff,-0.01583399623632431,0.04508769512176514,-0.056284427642822266
1.541,takeoff,-0.015345255844295025,0.04350265860557556,-0.05601000785827637
1.573,takeoff,-0.014848187565803528,0.04204142093658447,-0.055603981018066406
1.607,takeoff,-0.014367058873176575,0.040658462792634964,-0.05510258674621582
1.641,takeoff,-0.013824679888784885,0.0390310063958168,-0.05444526672363281
1.673,takeoff,-0.013421470299363136,0.03782671317458153,-0.053835153579711914
1.707,takeoff,-0.013045025058090687,0.036727383732795715,-0.05313372611999512
1.741,takeoff,-0.012750213965773582,0.03574991226196289,-0.052333831787109375
1.773,takeoff,-0.012708219699561596,0.034826528280973434,-0.05138373374938965
1.807,takeoff,-0.012664402835071087,0.034025561064481735,-0.05046486854553223
1.841,takeoff,-0.012604552321135998,0.033212777227163315,-0.04926276206970215
1.873,takeoff,-0.01256882306188345,0.032696545124053955,-0.048252105712890625
1.907,takeoff,-0.012552463449537754,0.03228570148348808,-0.04727482795715332
1.941,takeoff,-0.012724333442747593,0.03185184672474861,-0.04622459411621094
1.973,takeoff,-0.013103901408612728,0.03133295848965645,-0.04514431953430176
2.007,takeoff,-0.013602172024548054,0.030725810676813126,-0.04418635368347168
2.041,takeoff,-0.014108991250395775,0.03001323528587818,-0.04307413101196289
2.073,takeoff,-0.014399132691323757,0.029501600190997124,-0.04224824905395508
2.107,takeoff,-0.01453516073524952,0.029070479795336723,-0.04155564308166504
2.141,takeoff,-0.014192973263561726,0.028859419748187065,-0.04115414619445801
2.173,takeoff,-0.013574291951954365,0.02879902720451355,-0.04089856147766113
2.207,takeoff,-0.012712644413113594,0.028842119500041008,-0.04078245162963867
2.241,takeoff,-0.011375919915735722,0.02900252863764763,-0.04073381423950195
2.273,takeoff,-0.010071435943245888,0.029198039323091507,-0.04083967208862305
2.307,takeoff,-0.008648141287267208,0.029402298852801323,-0.04106640815734863
2.341,takeoff,-0.007333709392696619,0.02952483482658863,-0.04148435592651367
2.373,takeoff,-0.005961013492196798,0.029658876359462738,-0.04195594787597656
2.407,takeoff,-0.004588287323713303,0.029803859069943428,-0.04245805740356445
2.441,takeoff,-0.002951265312731266,0.029918868094682693,-0.04312753677368164
2.473,takeoff,-0.00166024430654943,0.029950333759188652,-0.04366469383239746
2.507,takeoff,-0.0003953002451453358,0.029957057908177376,-0.04410886764526367
2.541,takeoff,0.0008650196832604706,0.02991069108247757,-0.044493675231933594
2.573,takeoff,0.0021144903730601072,0.02982616238296032,-0.044821977615356445
2.607,takeoff,0.003337334608659148,0.02973758801817894,-0.04507803916931152
2.641,takeoff,0.00478806858882308,0.029660141095519066,-0.04539060592651367
2.673,takeoff,0.005801721476018429,0.02959144487977028,-0.045697689056396484
2.707,takeoff,0.006844079587608576,0.029574641957879066,-0.045935869216918945
2.741,takeoff,0.00795278325676918,0.029553228989243507,-0.04609799385070801
2.773,takeoff,0.009114219807088375,0.029566962271928787,-0.04617810249328613
2.807,takeoff,0.010341952554881573,0.029630757868289948,-0.04618477821350098
2.841,takeoff,0.011952727101743221,0.0297698937356472,-0.046034812927246094
2.873,takeoff,0.013341675512492657,0.029916755855083466,-0.0458528995513916
2.907,takeoff,0.014802545309066772,0.03010672517120838,-0.045581817626953125
2.941,takeoff,0.016337580978870392,0.030327459797263145,-0.04525637626647949
2.973,takeoff,0.017871588468551636,0.030469674617052078,-0.04489898681640625
3.007,takeoff,0.019233250990509987,0.030553100630640984,-0.04466414451599121
3.041,takeoff,0.02069900557398796,0.03049829602241516,-0.04498171806335449
3.073,takeoff,0.0216160137206316,0.03023894876241684,-0.04615449905395508
3.107,takeoff,0.022192902863025665,0.029775358736515045,-0.04856276512145996
3.141,takeoff,0.02236236073076725,0.029121892526745796,-0.05256962776184082
3.173,takeoff,0.022078871726989746,0.02831713855266571,-0.058446407318115234
3.207,takeoff,0.02133360505104065,0.02742811292409897,-0.06644129753112793
3.241,takeoff,0.019693294540047646,0.026257969439029694,-0.07958626747131348
3.273,takeoff,0.017724527046084404,0.025311704725027084,-0.0929262638092041
3.307,takeoff,0.015254261903464794,0.024444526061415672,-0.10866737365722656
3.341,takeoff,0.012238659895956516,0.02371354214847088,-0.1270434856414795
3.373,takeoff,0.00865489337593317,0.023117277771234512,-0.1481163501739502
3.407,takeoff,0.0045027839951217175,0.022668397054076195,-0.17191600799560547
3.441,takeoff,-0.0014956810045987368,0.022382231429219246,-0.2055201530456543
3.473,takeoff,-0.006908904295414686,0.022365113720297813,-0.2355666160583496
3.507,takeoff,-0.012723489664494991,0.022504566237330437,-0.2683603763580322
3.541,takeoff,-0.018887657672166824,0.022830145433545113,-0.3038606643676758
3.573,takeoff,-0.02529287151992321,0.023274878039956093,-0.34189295768737793
3.607,takeoff,-0.031970079988241196,0.023875007405877113,-0.38261961936950684
3.641,takeoff,-0.04066913574934006,0.02475685440003872,-0.4372291564941406
3.673,takeoff,-0.047880541533231735,0.025587258860468864,-0.48403382301330566
3.707,takeoff,-0.05525504797697067,0.0265334639698267,-0.5334713459014893
3.741,takeoff,-0.06272093206644058,0.02762063592672348,-0.5855221748352051
3.773,takeoff,-0.07026342302560806,0.028825566172599792,-0.6401746273040771
3.807,takeoff,-0.07782171666622162,0.030112365260720253,-0.697350263595581
3.841,takeoff,-0.08716005086898804,0.03173385187983513,-0.7720949649810791
3.873,takeoff,-0.09450732916593552,0.033075518906116486,-0.8347885608673096
3.907,takeoff,-0.1016475260257721,0.03444720432162285,-0.8999590873718262
3.941,takeoff,-0.10854863375425339,0.03578454256057739,-0.9675607681274414
3.973,takeoff,-0.11516332626342773,0.03708777204155922,-1.0375845432281494
4.007,takeoff,-0.12148182839155197,0.038277946412563324,-1.1099853515625
4.041,takeoff,-0.12899452447891235,0.03953209146857262,-1.2038464546203613
4.073,takeoff,-0.13471874594688416,0.04039311408996582,-1.2811806201934814
4.107,takeoff,-0.14030496776103973,0.04102296754717827,-1.3602957725524902
4.141,takeoff,-0.14578433334827423,0.0414409302175045,-1.4409115314483643
4.173,takeoff,-0.15118524432182312,0.04173654690384865,-1.5227611064910889
4.207,takeoff,-0.15652215480804443,0.04184601083397865,-1.6056840419769287
4.241,takeoff,-0.16311317682266235,0.04175419360399246,-1.7105953693389893
4.273,takeoff,-0.16828835010528564,0.041501130908727646,-1.795215368270874
4.307,takeoff,-0.17339162528514862,0.0410592257976532,-1.8802917003631592
4.341,takeoff,-0.17837828397750854,0.040482789278030396,-1.965613603591919
4.373,takeoff,-0.1832447350025177,0.039729487150907516,-2.051088571548462
4.407,takeoff,-0.1879425048828125,0.038802336901426315,-2.1366984844207764
4.441,takeoff,-0.19369198381900787,0.03743389993906021,-2.2438457012176514
4.473,takeoff,-0.1981971263885498,0.036227066069841385,-2.32961106300354
4.507,takeoff,-0.20266276597976685,0.034896526485681534,-2.4154064655303955
4.541,takeoff,-0.20706163346767426,0.033459290862083435,-2.5012266635894775
4.573,takeoff,-0.21137641370296478,0.03187276050448418,-2.58708119392395
4.607,takeoff,-0.2155185490846634,0.03019743412733078,-2.672950506210327
4.641,takeoff,-0.22052282094955444,0.027842309325933456,-2.780319929122925
4.673,takeoff,-0.2243318408727646,0.025781521573662758,-2.8662426471710205
4.707,takeoff,-0.22800135612487793,0.023539220914244652,-2.952207326889038
4.741,takeoff,-0.23153260350227356,0.021151674911379814,-3.0382368564605713
4.773,takeoff,-0.23486249148845673,0.018611110746860504,-3.1243479251861572
4.807,takeoff,-0.23795150220394135,0.015918944031000137,-3.210538148880005
4.841,takeoff,-0.2413911521434784,0.012410638853907585,-3.318415403366089
4.873,takeoff,-0.24372465908527374,0.009537172503769398,-3.404785394668579
4.907,takeoff,-0.24568793177604675,0.00654184352606535,-3.4912197589874268
4.941,takeoff,-0.24737027287483215,0.003431328572332859,-3.5777719020843506
4.973,takeoff,-0.24881713092327118,0.0002859568048734218,-3.6644484996795654
5.007,takeoff,-0.2500005066394806,-0.002872600220143795,-3.7512271404266357
5.041,takeoff,-0.2510835826396942,-0.006865538656711578,-3.859849214553833
5.073,takeoff,-0.2516235411167145,-0.01006242260336876,-3.9468514919281006
5.107,takeoff,-0.25185099244117737,-0.0132739944383502,-4.033970832824707
5.141,takeoff,-0.2517491281032562,-0.016498086974024773,-4.121197700500488
5.173,takeoff,-0.2513681650161743,-0.019811680540442467,-4.208578109741211
5.207,takeoff,-0.2507583200931549,-0.02323485165834427,-4.296113967895508
5.241,takeoff,-0.2496396154165268,-0.027676351368427277,-4.40580940246582
5.273,takeoff,-0.24844850599765778,-0.03134743124246597,-4.493732452392578
5.307,takeoff,-0.24697302281856537,-0.03511021286249161,-4.581792831420898
5.341,takeoff,-0.24522005021572113,-0.03896944597363472,-4.670012474060059
5.373,takeoff,-0.243235245347023,-0.042932428419589996,-4.758394241333008
5.407,takeoff,-0.2410333901643753,-0.046917855739593506,-4.846875190734863
5.441,takeoff,-0.23802712559700012,-0.052011292427778244,-4.957622528076172
5.473,takeoff,-0.23534773290157318,-0.056152164936065674,-5.046339988708496
5.507,takeoff,-0.2323942929506302,-0.060335371643304825,-5.135164260864258
5.541,takeoff,-0.2291761040687561,-0.06455991417169571,-5.224104881286621
5.573,takeoff,-0.22572116553783417,-0.06884589046239853,-5.313203811645508
5.607,takeoff,-0.22207610309123993,-0.07318085432052612,-5.402471542358398
5.641,takeoff,-0.21727405488491058,-0.07859081029891968,-5.51430606842041
5.673,takeoff,-0.2132304459810257,-0.08282320946455002,-5.603928565979004
5.707,takeoff,-0.20905190706253052,-0.08699407428503036,-5.693733215332031
5.741,takeoff,-0.20480628311634064,-0.091056227684021,-5.783697128295898
5.773,takeoff,-0.20048066973686218,-0.0949537381529808,-5.873784065246582
5.807,takeoff,-0.19603286683559418,-0.0986923947930336,-5.963971138000488
5.841,takeoff,-0.19030457735061646,-0.10313913971185684,-6.0768022537231445
5.873,takeoff,-0.18563182651996613,-0.10646967589855194,-6.167130470275879
5.907,takeoff,-0.18095771968364716,-0.10957559943199158,-6.257539749145508
5.941,takeoff,-0.17630112171173096,-0.11243325471878052,-6.347995758056641
5.973,takeoff,-0.1717456430196762,-0.11507812887430191,-6.438521385192871
6.007,takeoff,-0.16728390753269196,-0.117530956864357,-6.529130935668945
6.041,takeoff,-0.16178050637245178,-0.12032456696033478,-6.642481803894043
6.073,takeoff,-0.1574096828699112,-0.12236901372671127,-6.733222961425781
6.107,takeoff,-0.15311022102832794,-0.12424711138010025,-6.8240203857421875
6.141,takeoff,-0.14889280498027802,-0.1259433627128601,-6.9149322509765625
6.173,takeoff,-0.1447705775499344,-0.1274406462907791,-7.005978584289551
6.207,takeoff,-0.14070644974708557,-0.1287328153848648,-7.097128868103027
6.241,takeoff,-0.13575659692287445,-0.1301330178976059,-7.21122932434082
6.273,takeoff,-0.13194316625595093,-0.13109925389289856,-7.302666664123535
6.307,takeoff,-0.12824960052967072,-0.13188308477401733,-7.394261360168457
6.340,takeoff,-0.12463356554508209,-0.1324784755706787,-7.486020088195801
6.374,takeoff,-0.12109418958425522,-0.13293986022472382,-7.577942848205566
6.406,takeoff,-0.11757387965917587,-0.13326512277126312,-7.67000675201416
6.440,takeoff,-0.11403908580541611,-0.1334199160337448,-7.762157440185547
6.474,takeoff,-0.1095922589302063,-0.13329294323921204,-7.877408027648926
6.506,takeoff,-0.10607889294624329,-0.13297177851200104,-7.969707489013672
6.540,takeoff,-0.10262564569711685,-0.132470965385437,-8.06208610534668
6.574,takeoff,-0.09915763139724731,-0.13178707659244537,-8.154504776000977
6.606,takeoff,-0.09565815329551697,-0.13087879121303558,-8.246932983398438
6.640,takeoff,-0.09214354306459427,-0.12976767122745514,-8.339361190795898
6.674,takeoff,-0.08774586766958237,-0.12819023430347443,-8.45490550994873
6.706,takeoff,-0.08419059962034225,-0.12679700553417206,-8.547357559204102
6.740,takeoff,-0.08065064996480942,-0.1252467930316925,-8.639764785766602
6.774,takeoff,-0.07709930837154388,-0.12357597053050995,-8.732152938842773
6.806,takeoff,-0.07355013489723206,-0.12179043143987656,-8.824570655822754
6.840,takeoff,-0.06999323517084122,-0.11986495554447174,-8.917076110839844
6.874,takeoff,-0.0655617043375969,-0.11731452494859695,-9.032852172851562
6.906,takeoff,-0.0620068795979023,-0.11521529406309128,-9.125547409057617
6.940,takeoff,-0.05849792808294296,-0.1130487248301506,-9.21826171875
6.974,takeoff,-0.055004432797431946,-0.11082831025123596,-9.311030387878418
7.006,takeoff,-0.051503632217645645,-0.10850020498037338,-9.403822898864746
7.040,takeoff,-0.04798264801502228,-0.10609079152345657,-9.49667739868164
7.074,takeoff,-0.04359729588031769,-0.10296516120433807,-9.612865447998047
7.106,takeoff,-0.0401080884039402,-0.10037439316511154,-9.705903053283691
7.140,takeoff,-0.036697641015052795,-0.09769508987665176,-9.799003601074219
7.174,takeoff,-0.03328924626111984,-0.09489239752292633,-9.89217758178711
7.206,takeoff,-0.029891587793827057,-0.09189152717590332,-9.985418319702148
7.240,takeoff,-0.026505563408136368,-0.08875469118356705,-10.07876205444336
7.274,takeoff,-0.022417616099119186,-0.08473486453294754,-10.19550895690918
7.306,takeoff,-0.01926702819764614,-0.08138719201087952,-10.289012908935547
7.340,takeoff,-0.0162043459713459,-0.07800261676311493,-10.382596015930176
7.374,takeoff,-0.013185647316277027,-0.07456624507904053,-10.47624397277832
7.406,takeoff,-0.010220765136182308,-0.0710979476571083,-10.569969177246094
7.440,takeoff,-0.007359006907790899,-0.06760165095329285,-10.663765907287598
7.474,takeoff,-0.004095057491213083,-0.06334715336561203,-10.781183242797852
7.506,takeoff,-0.001667855423875153,-0.05999789386987686,-10.875151634216309
7.540,takeoff,0.0006596007151529193,-0.05676218122243881,-10.969108581542969
7.574,takeoff,0.0028403764590620995,-0.053608983755111694,-11.063039779663086
7.606,takeoff,0.004814656917005777,-0.05047938600182533,-11.156920433044434
7.640,takeoff,0.006580002140253782,-0.047354526817798615,-11.250753402709961
7.674,takeoff,0.00849671009927988,-0.04347690939903259,-11.368008613586426
7.706,takeoff,0.009842194616794586,-0.04041614383459091,-11.461827278137207
7.740,takeoff,0.01102108508348465,-0.03736754506826401,-11.555614471435547
7.774,takeoff,0.012021544389426708,-0.03429757431149483,-11.64933967590332
7.806,takeoff,0.012866074219346046,-0.03122137486934662,-11.742949485778809
7.840,takeoff,0.013597937300801277,-0.028123890981078148,-11.8364896774292
7.874,takeoff,0.014356699772179127,-0.024228084832429886,-11.953420639038086
7.906,takeoff,0.014828409068286419,-0.02109074965119362,-12.046972274780273
7.940,takeoff,0.01517548505216837,-0.01794208027422428,-12.140542030334473
7.974,takeoff,0.01535246055573225,-0.01482598576694727,-12.234134674072266
8.006,takeoff,0.015346785075962543,-0.011743972077965736,-12.32776927947998
8.040,takeoff,0.015186796896159649,-0.008703695610165596,-12.421463012695312
8.074,takeoff,0.014706695452332497,-0.0049204579554498196,-12.538622856140137
8.106,takeoff,0.014185997657477856,-0.001919358503073454,-12.632344245910645
8.140,takeoff,0.0135328508913517,0.0010382520267739892,-12.72606086730957
8.174,takeoff,0.012753067538142204,0.003956160508096218,-12.819796562194824
8.206,takeoff,0.011884073726832867,0.00683948677033186,-12.913589477539062
8.240,takeoff,0.010979356244206429,0.009679626673460007,-13.007466316223145
8.274,takeoff,0.009838505648076534,0.013188481330871582,-13.124929428100586
8.306,takeoff,0.008930354379117489,0.015965241938829422,-13.218995094299316
8.340,takeoff,0.008063695393502712,0.01873621717095375,-13.313172340393066
8.374,takeoff,0.007236677687615156,0.02146795392036438,-13.407463073730469
8.406,takeoff,0.006452539470046759,0.024144243448972702,-13.50186538696289
8.440,takeoff,0.005683791358023882,0.026763010770082474,-13.596389770507812
8.474,takeoff,0.004712266847491264,0.029987765476107597,-13.714736938476562
8.506,takeoff,0.003898032009601593,0.032557714730501175,-13.809547424316406
8.540,takeoff,0.003047981532290578,0.03513473644852638,-13.90446662902832
8.574,takeoff,0.0021695587784051895,0.037670258432626724,-13.999460220336914
8.606,takeoff,0.001283650635741651,0.040179211646318436,-14.094579696655273
8.640,takeoff,0.0004063988453708589,0.04260982573032379,-14.18977165222168
8.674,takeoff,-0.0006614358862861991,0.045516472309827805,-14.308866500854492
8.706,takeoff,-0.0014933266211301088,0.047723762691020966,-14.404232025146484
8.740,takeoff,-0.002315075835213065,0.04977348819375038,-14.499687194824219
8.774,takeoff,-0.003134937258437276,0.05166641250252724,-14.595260620117188
8.806,takeoff,-0.003936882130801678,0.05341808497905731,-14.690927505493164
8.840,takeoff,-0.004735203925520182,0.055039744824171066,-14.786605834960938
8.874,takeoff,-0.005747207906097174,0.05696815624833107,-14.906246185302734
8.906,takeoff,-0.0065221418626606464,0.05847601592540741,-15.001981735229492
8.940,takeoff,-0.007290004752576351,0.059959884732961655,-15.097747802734375
8.974,takeoff,-0.008073349483311176,0.06141793355345726,-15.193531036376953
9.006,takeoff,-0.008904128335416317,0.06286205351352692,-15.289350509643555
9.040,takeoff,-0.009790124371647835,0.0643022358417511,-15.385217666625977
9.074,takeoff,-0.01096686813980341,0.0660472884774208,-15.505149841308594
9.106,takeoff,-0.011971567757427692,0.06732285022735596,-15.601102828979492
9.140,takeoff,-0.013096600770950317,0.06847824156284332,-15.697053909301758
9.174,takeoff,-0.014373564161360264,0.06949862092733383,-15.79302978515625
9.206,takeoff,-0.01576104387640953,0.07039520889520645,-15.889057159423828
9.240,takeoff,-0.017197351902723312,0.07118899375200272,-15.985130310058594
9.274,takeoff,-0.019042542204260826,0.07204287499189377,-16.10525131225586
9.306,takeoff,-0.02051185443997383,0.07262607663869858,-16.201353073120117
9.340,takeoff,-0.021914167329669,0.07307898998260498,-16.29744529724121
9.374,takeoff,-0.02323630079627037,0.07338729500770569,-16.393482208251953
9.406,takeoff,-0.0244683139026165,0.07355514168739319,-16.48946762084961
9.440,takeoff,-0.02561691589653492,0.07359609752893448,-16.58544921875
9.474,takeoff,-0.026972029358148575,0.07348109781742096,-16.70546531677246
9.506,takeoff,-0.02802538126707077,0.07333210110664368,-16.801498413085938
9.540,takeoff,-0.029026279225945473,0.07317409664392471,-16.897563934326172
9.574,takeoff,-0.029959073290228844,0.0730019211769104,-16.993629455566406
9.606,takeoff,-0.030808594077825546,0.07277346402406693,-17.089691162109375
9.640,takeoff,-0.03156768158078194,0.07246135920286179,-17.18570899963379
9.674,takeoff,-0.03233938664197922,0.07195183634757996,-17.3056697845459
9.706,takeoff,-0.032772500067949295,0.07142667472362518,-17.401596069335938
9.740,takeoff,-0.033016741275787354,0.07081785053014755,-17.49750328063965
9.774,takeoff,-0.03310151398181915,0.07011981308460236,-17.5933895111084
9.806,takeoff,-0.03309258073568344,0.0693078339099884,-17.689237594604492
9.840,takeoff,-0.03298398479819298,0.0683579295873642,-17.785066604614258
9.874,takeoff,-0.03273945674300194,0.06698182970285416,-17.904836654663086
9.906,takeoff,-0.03246854618191719,0.06577466428279877,-18.000661849975586
9.940,takeoff,-0.032120414078235626,0.06451962888240814,-18.09650230407715
9.974,takeoff,-0.031723834574222565,0.06318386644124985,-18.192359924316406
10.006,takeoff,-0.0312814936041832,0.06176580861210823,-18.288196563720703
10.040,takeoff,-0.03079316020011902,0.06026468798518181,-18.38404655456543
10.074,takeoff,-0.03016754984855652,0.05829053744673729,-18.503881454467773
10.106,takeoff,-0.02969752997159958,0.056621357798576355,-18.599824905395508
10.140,takeoff,-0.02920599840581417,0.054885126650333405,-18.695837020874023
10.174,takeoff,-0.028705231845378876,0.05309484526515007,-18.791854858398438
10.206,takeoff,-0.028200490400195122,0.05125715583562851,-18.887920379638672
10.240,takeoff,-0.027684228494763374,0.049393780529499054,-18.984025955200195
10.274,takeoff,-0.027038514614105225,0.047070425003767014,-19.10416030883789
10.306,takeoff,-0.02649625390768051,0.045216433703899384,-19.200239181518555
10.340,takeoff,-0.025949781760573387,0.043395791202783585,-19.296375274658203
10.374,takeoff,-0.025436587631702423,0.04159992188215256,-19.392593383789062
10.406,takeoff,-0.024930963292717934,0.03982408717274666,-19.48887825012207
10.440,takeoff,-0.024454444646835327,0.03803333640098572,-19.585206985473633
10.474,takeoff,-0.02390153706073761,0.035807766020298004,-19.705646514892578
10.506,takeoff,-0.0234912671148777,0.034141115844249725,-19.802021026611328
10.540,takeoff,-0.02309550531208515,0.03258815035223961,-19.89842414855957
10.574,takeoff,-0.02270413003861904,0.03117384761571884,-19.994781494140625
10.606,takeoff,-0.022313162684440613,0.02989334426820278,-20.091073989868164
10.640,takeoff,-0.021894294768571854,0.028762569651007652,-20.187339782714844
10.674,takeoff,-0.0214296355843544,0.02750210277736187,-20.307634353637695
10.706,takeoff,-0.021120863035321236,0.026638004928827286,-20.40385627746582
10.740,takeoff,-0.02092311531305313,0.02597091533243656,-20.500091552734375
10.774,takeoff,-0.020858928561210632,0.025447694584727287,-20.59634780883789
10.806,takeoff,-0.020932750776410103,0.025029923766851425,-20.692584991455078
10.840,takeoff,-0.021122202277183533,0.024675700813531876,-20.78880500793457
10.874,takeoff,-0.02158232405781746,0.02440348081290722,-20.909029006958008
10.906,takeoff,-0.02208566665649414,0.02428494021296501,-21.005184173583984
10.940,takeoff,-0.02262263558804989,0.024200087413191795,-21.10133171081543
10.974,takeoff,-0.02315853349864483,0.024163220077753067,-21.197444915771484
11.006,takeoff,-0.023668166249990463,0.024236148223280907,-21.293560028076172
11.040,takeoff,-0.024166570976376534,0.024406980723142624,-21.38966941833496
11.074,takeoff,-0.02482212707400322,0.02472917176783085,-21.509807586669922
11.106,takeoff,-0.02542838267982006,0.025057952851057053,-21.605979919433594
11.140,takeoff,-0.026083175092935562,0.025470087304711342,-21.70224952697754
11.174,takeoff,-0.026757484301924706,0.0259570199996233,-21.79855728149414
11.206,takeoff,-0.027467874810099602,0.02645401656627655,-21.894853591918945
11.240,takeoff,-0.028270777314901352,0.02690715715289116,-21.991127014160156
11.274,takeoff,-0.029352828860282898,0.027473222464323044,-22.111501693725586
11.306,takeoff,-0.03023041971027851,0.02786804921925068,-22.207862854003906
11.340,takeoff,-0.031115803867578506,0.028209464624524117,-22.304304122924805
11.374,takeoff,-0.0320037305355072,0.028481218963861465,-22.40082550048828
11.406,takeoff,-0.03286544233560562,0.02864369936287403,-22.497411727905273
11.440,takeoff,-0.03369607403874397,0.028694918379187584,-22.594064712524414
11.474,takeoff,-0.03471001982688904,0.02867955155670643,-22.71487808227539
11.506,takeoff,-0.03549119830131531,0.028632039204239845,-22.811519622802734
11.540,takeoff,-0.03627406433224678,0.02855589985847473,-22.908184051513672
11.574,takeoff,-0.03711753711104393,0.0284351147711277,-23.00482940673828
11.606,takeoff,-0.03802194073796272,0.028244787827134132,-23.101428985595703
11.640,takeoff,-0.03893382102251053,0.02799786813557148,-23.19797134399414
11.674,takeoff,-0.040046632289886475,0.027631090953946114,-23.318605422973633
11.706,takeoff,-0.04086272045969963,0.02734396792948246,-23.415081024169922
11.740,takeoff,-0.04159267619252205,0.027051478624343872,-23.511531829833984
11.774,takeoff,-0.042234450578689575,0.026740847155451775,-23.60797691345215
11.806,takeoff,-0.04279228299856186,0.026429304853081703,-23.70441436767578
11.840,takeoff,-0.043278031051158905,0.026146363466978073,-23.800857543945312
11.873,takeoff,-0.04385955259203911,0.025776827707886696,-23.92148208618164
11.907,takeoff,-0.04426484927535057,0.025446726009249687,-24.018024444580078
11.939,takeoff,-0.04461311176419258,0.025106342509388924,-24.114593505859375
11.974,takeoff,-0.04487890750169754,0.02473606914281845,-24.211191177368164
12.008,takeoff,-0.04505276679992676,0.02430751360952854,-24.307781219482422
12.040,takeoff,-0.04513942450284958,0.023799147456884384,-24.404354095458984
12.075,takeoff,-0.045150965452194214,0.023076286539435387,-24.525026321411133
12.108,takeoff,-0.045101236552000046,0.02247653901576996,-24.621475219726562
12.141,takeoff,-0.04501846060156822,0.021861538290977478,-24.717863082885742
12.175,takeoff,-0.044899534434080124,0.021222522482275963,-24.81422233581543
12.210,takeoff,-0.04476182907819748,0.020559128373861313,-24.91056251525879
12.242,takeoff,-0.04463646560907364,0.019853776320815086,-25.006900787353516
12.276,takeoff,-0.04444759339094162,0.018930185586214066,-25.127317428588867
12.310,takeoff,-0.04424230754375458,0.018150903284549713,-25.223669052124023
12.343,takeoff,-0.043999962508678436,0.01729387789964676,-25.32001304626465
12.377,takeoff,-0.043709561228752136,0.01634710654616356,-25.416370391845703
12.411,takeoff,-0.043376415967941284,0.01531765703111887,-25.512775421142578
12.443,takeoff,-0.043017175048589706,0.014210561290383339,-25.609222412109375
12.477,takeoff,-0.04252137988805771,0.012704750522971153,-25.72980308532715
12.512,takeoff,-0.042073119431734085,0.011425644159317017,-25.826322555541992
12.547,takeoff,-0.04154760390520096,0.010145026259124279,-25.922853469848633
12.581,takeoff,-0.04095958545804024,0.00885071698576212,-26.019392013549805
12.615,takeoff,-0.04036393389105797,0.007559743244200945,-26.115928649902344
12.648,takeoff,-0.03976500406861305,0.0063218018040061,-26.212459564208984
12.682,takeoff,-0.039011284708976746,0.004885598085820675,-26.333148956298828
12.716,takeoff,-0.03839436173439026,0.0038469487335532904,-26.42970848083496
12.748,takeoff,-0.03777610883116722,0.0028838671278208494,-26.526233673095703
12.782,takeoff,-0.03713888302445412,0.0020017102360725403,-26.622726440429688
12.816,takeoff,-0.0364944152534008,0.0012061374727636576,-26.71917724609375
12.848,takeoff,-0.035894110798835754,0.000529029406607151,-26.81559181213379
12.882,takeoff,-0.035237427800893784,-0.00018339385860599577,-26.936054229736328
12.916,takeoff,-0.034782879054546356,-0.0006789143662899733,-27.03240394592285
12.948,takeoff,-0.034387703984975815,-0.0010980137158185244,-27.128725051879883
12.982,takeoff,-0.034086212515830994,-0.001442290609702468,-27.224735260009766
13.016,takeoff,-0.03386134281754494,-0.0017066984437406063,-27.319921493530273
13.048,takeoff,-0.03369657322764397,-0.0018904480384662747,-27.413816452026367
13.082,takeoff,-0.03359517082571983,-0.0020648534409701824,-27.5286808013916
13.116,takeoff,-0.03363751992583275,-0.0021696484182029963,-27.618093490600586
13.148,takeoff,-0.03378119692206383,-0.0022362153977155685,-27.704946517944336
13.182,takeoff,-0.03405315801501274,-0.0022532420698553324,-27.789047241210938
13.216,takeoff,-0.03447897732257843,-0.0022209968883544207,-27.870241165161133
13.248,takeoff,-0.03509135544300079,-0.002094217808917165,-27.94846534729004
13.282,takeoff,-0.03609343245625496,-0.0018026516772806644,-28.0419864654541
13.316,takeoff,-0.03705943748354912,-0.0014859734801575541,-28.113372802734375
13.348,takeoff,-0.0380830280482769,-0.001170884701423347,-28.18187141418457
13.382,takeoff,-0.03914710506796837,-0.0008533307118341327,-28.247400283813477
13.416,takeoff,-0.04020661860704422,-0.0005385511904023588,-28.310022354125977
13.448,takeoff,-0.041236765682697296,-0.0001951640151673928,-28.369789123535156
13.482,takeoff,-0.04242773726582527,0.0002748325059656054,-28.440683364868164
13.516,takeoff,-0.04330436885356903,0.0006571771227754653,-28.494380950927734
13.548,takeoff,-0.044100720435380936,0.0010094849858433008,-28.545562744140625
13.582,goal,-0.044799577444791794,0.001326782046817243,-28.594318389892578
13.616,goal,-0.04541141539812088,0.0015583562199026346,-28.640932083129883
13.648,goal,-0.045903775840997696,0.001686456729657948,-28.685453414916992
13.682,goal,-0.04622046649456024,0.0018315889174118638,-28.742170333862305
13.716,goal,-0.04615474119782448,0.0017259827582165599,-28.790477752685547
13.748,goal,-0.04585328698158264,0.0007721216534264386,-28.840869903564453
13.782,goal,-0.045386891812086105,-0.0018251001602038741,-28.89242172241211
13.816,goal,-0.04484301432967186,-0.006808669306337833,-28.94420623779297
13.848,goal,-0.0444638766348362,-0.014851133339107037,-28.99530601501465
13.882,goal,-0.04451766610145569,-0.02980172447860241,-29.056730270385742
13.916,goal,-0.04525875300168991,-0.04647392779588699,-29.103132247924805
13.948,goal,-0.04673381522297859,-0.067740298807621,-29.1466007232666
13.982,goal,-0.04909535497426987,-0.09397261589765549,-29.18697166442871
14.016,goal,-0.0524514876306057,-0.12543970346450806,-29.224163055419922
14.048,goal,-0.05697811767458916,-0.1623188853263855,-29.258203506469727
14.082,goal,-0.06470073759555817,-0.21639172732830048,-29.296308517456055
14.116,goal,-0.0723450556397438,-0.2656421661376953,-29.32368278503418
14.148,goal,-0.08173321187496185,-0.32059481739997864,-29.348352432250977
14.182,goal,-0.09303691238164902,-0.38131487369537354,-29.370433807373047
14.216,goal,-0.10645117610692978,-0.4478134512901306,-29.39014434814453
14.248,goal,-0.12208790332078934,-0.5200213193893433,-29.407716751098633
14.282,goal,-0.14511168003082275,-0.6182742118835449,-29.427066802978516
14.316,goal,-0.16639171540737152,-0.7028913497924805,-29.44078826904297
14.348,goal,-0.19043344259262085,-0.7927261590957642,-29.453102111816406
14.382,goal,-0.21714013814926147,-0.8872905373573303,-29.46426773071289
14.416,goal,-0.2467098832130432,-0.986542820930481,-29.474464416503906
14.448,goal,-0.27905187010765076,-1.0902421474456787,-29.483882904052734
14.482,goal,-0.32320037484169006,-1.2258679866790771,-29.494747161865234
14.516,goal,-0.36119669675827026,-1.3387316465377808,-29.502918243408203
14.548,goal,-0.4014110565185547,-1.4553548097610474,-29.510826110839844
14.582,goal,-0.44348806142807007,-1.5755504369735718,-29.518657684326172
14.616,goal,-0.48707225918769836,-1.699088215827942,-29.52652359008789
14.648,goal,-0.5317182540893555,-1.825599193572998,-29.534515380859375
14.682,goal,-0.5884911417961121,-1.9876855611801147,-29.544605255126953
14.716,goal,-0.6341958045959473,-2.1203019618988037,-29.552764892578125
14.748,goal,-0.6797513961791992,-2.2554214000701904,-29.561080932617188
14.782,goal,-0.7248092889785767,-2.392883777618408,-29.569488525390625
14.816,goal,-0.7690802216529846,-2.5325498580932617,-29.57801055908203
14.848,goal,-0.8123449683189392,-2.6742348670959473,-29.586654663085938
14.882,goal,-0.8647891283035278,-2.8539535999298096,-29.597537994384766
14.916,goal,-0.9052788615226746,-2.99957013130188,-29.606151580810547
14.948,goal,-0.9443200826644897,-3.146604061126709,-29.614662170410156
14.982,goal,-0.981840968132019,-3.2949140071868896,-29.62303924560547
15.016,goal,-1.0178682804107666,-3.4443438053131104,-29.631290435791016
15.048,goal,-1.0523818731307983,-3.594759941101074,-29.639286041259766
15.082,goal,-1.093459963798523,-3.7840120792388916,-29.648990631103516
15.116,goal,-1.1247823238372803,-3.936244010925293,-29.65660858154297
15.148,goal,-1.1548329591751099,-4.089089870452881,-29.664165496826172
15.182,goal,-1.1836841106414795,-4.242535591125488,-29.67159652709961
15.216,goal,-1.2114084959030151,-4.396354675292969,-29.678897857666016
15.248,goal,-1.2380969524383545,-4.550456523895264,-29.686115264892578
15.282,goal,-1.2701481580734253,-4.74336051940918,-29.694862365722656
15.316,goal,-1.294860601425171,-4.897834300994873,-29.701683044433594
15.348,goal,-1.318825125694275,-5.052383899688721,-29.708385467529297
15.382,goal,-1.3421162366867065,-5.20700216293335,-29.714996337890625
15.416,goal,-1.364778757095337,-5.361697673797607,-29.721485137939453
15.449,goal,-1.3868614435195923,-5.51655912399292,-29.727863311767578
15.483,goal,-1.4136922359466553,-5.710050582885742,-29.735637664794922
15.517,goal,-1.434645652770996,-5.864766597747803,-29.741718292236328
15.549,goal,-1.455277919769287,-6.01938009262085,-29.747692108154297
15.583,goal,-1.4755396842956543,-6.173947811126709,-29.753520965576172
15.617,goal,-1.49551522731781,-6.328444004058838,-29.759185791015625
15.649,goal,-1.515184998512268,-6.482899188995361,-29.76474380493164
15.683,goal,-1.539427399635315,-6.675925254821777,-29.77155303955078
15.717,goal,-1.5585689544677734,-6.8303751945495605,-29.776893615722656
15.749,goal,-1.5775731801986694,-6.984706878662109,-29.782169342041016
15.783,goal,-1.5964804887771606,-7.138943672180176,-29.78730010986328
15.817,goal,-1.615384578704834,-7.293056011199951,-29.79227066040039
15.849,goal,-1.634340763092041,-7.44704532623291,-29.797039031982422
15.883,goal,-1.6580984592437744,-7.639449596405029,-29.802764892578125
15.917,goal,-1.677146553993225,-7.793321132659912,-29.807170867919922
15.949,goal,-1.6962180137634277,-7.947143077850342,-29.81142807006836
15.983,goal,-1.7152671813964844,-8.10102653503418,-29.81557846069336
16.017,goal,-1.7343136072158813,-8.254801750183105,-29.819690704345703
16.049,goal,-1.7533818483352661,-8.408472061157227,-29.823749542236328
16.083,goal,-1.7772823572158813,-8.600445747375488,-29.828807830810547
16.117,goal,-1.7964226007461548,-8.753952980041504,-29.832874298095703
16.149,goal,-1.8155176639556885,-8.907441139221191,-29.836952209472656
16.183,goal,-1.834571123123169,-9.060900688171387,-29.840965270996094
16.217,goal,-1.853559136390686,-9.214333534240723,-29.844928741455078
16.249,goal,-1.8724415302276611,-9.367875099182129,-29.848880767822266
16.283,goal,-1.8959448337554932,-9.559810638427734,-29.853778839111328
16.317,goal,-1.9147288799285889,-9.713420867919922,-29.857681274414062
16.349,goal,-1.9335393905639648,-9.867111206054688,-29.86159896850586
16.383,goal,-1.9523706436157227,-10.020890235900879,-29.865482330322266
16.417,goal,-1.9711897373199463,-10.174787521362305,-29.869365692138672
16.449,goal,-1.9899884462356567,-10.328810691833496,-29.873294830322266
16.483,goal,-2.0133376121520996,-10.521556854248047,-29.878097534179688
16.517,goal,-2.031839370727539,-10.67592716217041,-29.881839752197266
16.549,goal,-2.050222635269165,-10.830400466918945,-29.885543823242188
16.583,goal,-2.0685598850250244,-10.984997749328613,-29.889205932617188
16.619,goal,-2.08687162399292,-11.139718055725098,-29.892837524414062
16.651,goal,-2.1051394939422607,-11.294590950012207,-29.896461486816406
16.685,goal,-2.1279029846191406,-11.488475799560547,-29.900848388671875
16.719,goal,-2.146043300628662,-11.643741607666016,-29.904296875
16.752,goal,-2.164119005203247,-11.79921817779541,-29.907695770263672
16.787,goal,-2.182140350341797,-11.954916954040527,-29.91101837158203
16.819,goal,-2.200141429901123,-12.110716819763184,-29.914283752441406
16.853,goal,-2.218083381652832,-12.266642570495605,-29.917404174804688
16.887,goal,-2.240482807159424,-12.461777687072754,-29.921058654785156
16.919,goal,-2.2583751678466797,-12.61796760559082,-29.923847198486328
16.953,goal,-2.2762720584869385,-12.774264335632324,-29.926532745361328
16.987,goal,-2.2941949367523193,-12.930648803710938,-29.929061889648438
17.020,goal,-2.3120839595794678,-13.087207794189453,-29.931438446044922
17.054,goal,-2.3299214839935303,-13.243914604187012,-29.933712005615234
17.088,goal,-2.3521556854248047,-13.439913749694824,-29.936405181884766
17.120,goal,-2.369905471801758,-13.596790313720703,-29.93842315673828
17.154,goal,-2.3875904083251953,-13.753754615783691,-29.940349578857422
17.188,goal,-2.405240535736084,-13.910837173461914,-29.942161560058594
17.220,goal,-2.4228556156158447,-14.068071365356445,-29.943889617919922
17.254,goal,-2.440438747406006,-14.225495338439941,-29.945510864257812
17.288,goal,-2.4624276161193848,-14.422588348388672,-29.947307586669922
17.320,goal,-2.479975938796997,-14.580516815185547,-29.948585510253906
17.354,goal,-2.4975154399871826,-14.73861312866211,-29.949771881103516
17.388,goal,-2.515007972717285,-14.896854400634766,-29.950897216796875
17.420,goal,-2.5324482917785645,-15.055230140686035,-29.951980590820312
17.454,goal,-2.5498239994049072,-15.213724136352539,-29.953075408935547
17.488,goal,-2.5713577270507812,-15.412019729614258,-29.95440673828125
17.520,goal,-2.588456630706787,-15.570842742919922,-29.9554443359375
17.554,goal,-2.6054840087890625,-15.729830741882324,-29.95645523071289
17.588,goal,-2.622333288192749,-15.888895034790039,-29.957439422607422
17.620,goal,-2.639054298400879,-16.048126220703125,-29.958423614501953
17.654,goal,-2.6556856632232666,-16.207569122314453,-29.95941925048828
17.688,goal,-2.6764016151428223,-16.407093048095703,-29.960582733154297
17.720,goal,-2.6929705142974854,-16.566919326782227,-29.961505889892578
17.754,goal,-2.7095322608947754,-16.726917266845703,-29.962486267089844
17.788,goal,-2.726071357727051,-16.887052536010742,-29.963478088378906
17.820,goal,-2.742662191390991,-17.047367095947266,-29.964435577392578
17.854,goal,-2.7592365741729736,-17.207763671875,-29.96539306640625
17.888,goal,-2.7799811363220215,-17.408334732055664,-29.966632843017578
17.920,goal,-2.796635389328003,-17.568849563598633,-29.967628479003906
17.954,goal,-2.8133153915405273,-17.72939109802246,-29.968643188476562
17.988,goal,-2.8299920558929443,-17.889957427978516,-29.969684600830078
18.020,goal,-2.846694231033325,-18.050601959228516,-29.970767974853516
18.054,goal,-2.8634378910064697,-18.211374282836914,-29.971858978271484
18.088,goal,-2.8844668865203857,-18.4124813079834,-29.97313690185547
18.120,goal,-2.9013874530792236,-18.573400497436523,-29.974117279052734
18.154,goal,-2.9183127880096436,-18.7343692779541,-29.97507095336914
18.188,goal,-2.935204029083252,-18.895387649536133,-29.975910186767578
18.220,goal,-2.9520668983459473,-19.056421279907227,-29.976654052734375
18.254,goal,-2.9689149856567383,-19.217456817626953,-29.97736358642578
18.288,goal,-2.989957332611084,-19.418779373168945,-29.978076934814453
18.320,goal,-3.0068020820617676,-19.579872131347656,-29.978519439697266
18.354,goal,-3.0236825942993164,-19.741018295288086,-29.978836059570312
18.388,goal,-3.040621042251587,-19.90216636657715,-29.97913360595703
18.420,goal,-3.057607889175415,-20.063325881958008,-29.979381561279297
18.454,goal,-3.074641704559326,-20.224502563476562,-29.97956085205078
18.488,goal,-3.096015214920044,-20.426057815551758,-29.979724884033203
18.520,goal,-3.113163709640503,-20.58736228942871,-29.97982406616211
18.554,goal,-3.130380630493164,-20.748714447021484,-29.979915618896484
18.588,goal,-3.1476988792419434,-20.910118103027344,-29.979984283447266
18.620,goal,-3.165121555328369,-21.071561813354492,-29.980026245117188
18.654,goal,-3.1826581954956055,-21.232982635498047,-29.980056762695312
18.688,goal,-3.2046866416931152,-21.43479347229004,-29.980056762695312
18.720,goal,-3.22237229347229,-21.59632110595703,-29.98006820678711
18.754,goal,-3.240070343017578,-21.757919311523438,-29.980072021484375
18.788,goal,-3.2577388286590576,-21.9195499420166,-29.980056762695312
18.820,goal,-3.2753922939300537,-22.081199645996094,-29.980030059814453
18.854,goal,-3.2930760383605957,-22.24286460876465,-29.979961395263672
18.888,goal,-3.3152222633361816,-22.44495964050293,-29.979896545410156
18.920,goal,-3.332967758178711,-22.60663604736328,-29.97986602783203
18.954,goal,-3.350783586502075,-22.768341064453125,-29.979900360107422
18.988,goal,-3.3686728477478027,-22.930110931396484,-29.97998809814453
19.020,goal,-3.386620044708252,-23.09197998046875,-29.98013687133789
19.054,goal,-3.404630661010742,-23.253963470458984,-29.980419158935547
19.088,goal,-3.4272382259368896,-23.456586837768555,-29.980823516845703
19.120,goal,-3.445357084274292,-23.618804931640625,-29.981212615966797
19.154,goal,-3.463503360748291,-23.781038284301758,-29.981693267822266
19.188,goal,-3.4816534519195557,-23.943248748779297,-29.98218536376953
19.220,goal,-3.499760150909424,-24.10540199279785,-29.982666015625
19.254,goal,-3.517819404602051,-24.267498016357422,-29.983184814453125
19.288,goal,-3.54038405418396,-24.470046997070312,-29.983806610107422
19.320,goal,-3.558419942855835,-24.632038116455078,-29.98428726196289
19.354,goal,-3.576444387435913,-24.79397964477539,-29.9847412109375
19.388,goal,-3.594461679458618,-24.95586585998535,-29.985206604003906
19.420,goal,-3.6124744415283203,-25.117673873901367,-29.985652923583984
19.454,goal,-3.6304588317871094,-25.27939224243164,-29.98614501953125
19.488,goal,-3.652907371520996,-25.481464385986328,-29.98676300048828
19.520,goal,-3.67081618309021,-25.6430721282959,-29.987239837646484
19.554,goal,-3.688711643218994,-25.804651260375977,-29.98769760131836
19.588,goal,-3.7065846920013428,-25.966157913208008,-29.988147735595703
19.620,goal,-3.724417209625244,-26.127582550048828,-29.988544464111328
19.654,goal,-3.742307186126709,-26.288949966430664,-29.98894500732422
19.688,goal,-3.7647578716278076,-26.49054527282715,-29.98943328857422
19.720,goal,-3.7827913761138916,-26.651729583740234,-29.989879608154297
19.754,goal,-3.8008944988250732,-26.81289291381836,-29.990367889404297
19.788,goal,-3.819079637527466,-26.974056243896484,-29.990901947021484
19.820,goal,-3.8373894691467285,-27.135242462158203,-29.991466522216797
19.854,goal,-3.8558056354522705,-27.29644203186035,-29.99216079711914
19.888,goal,-3.878988265991211,-27.497943878173828,-29.993072509765625
19.920,goal,-3.897655725479126,-27.6591796875,-29.993812561035156
19.954,goal,-3.916398763656616,-27.82041358947754,-29.994476318359375
19.988,goal,-3.9352269172668457,-27.981618881225586,-29.995128631591797
20.020,goal,-3.954115390777588,-28.14282989501953,-29.995792388916016
20.054,goal,-3.97304105758667,-28.30405044555664,-29.99648666381836
20.088,goal,-3.9967246055603027,-28.50554084777832,-29.997398376464844
20.120,goal,-4.015707015991211,-28.666702270507812,-29.998188018798828
20.154,goal,-4.034733295440674,-28.82781410217285,-29.9990234375
20.188,goal,-4.053741931915283,-28.988895416259766,-29.999862670898438
20.220,goal,-4.07271671295166,-29.14993667602539,-30.00067138671875
20.254,goal,-4.09166145324707,-29.310935974121094,-30.00151824951172
20.288,goal,-4.115290641784668,-29.512115478515625,-30.002544403076172
20.320,goal,-4.134171962738037,-29.673044204711914,-30.003360748291016
20.354,goal,-4.153017044067383,-29.833982467651367,-30.004112243652344
20.388,goal,-4.171818256378174,-29.994915008544922,-30.004844665527344
20.420,goal,-4.1905741691589355,-30.155906677246094,-30.00548553466797
20.454,goal,-4.2093892097473145,-30.316953659057617,-30.006000518798828
20.488,goal,-4.2329840660095215,-30.518245697021484,-30.00656509399414
20.520,goal,-4.251900672912598,-30.679298400878906,-30.007003784179688
20.554,goal,-4.270857334136963,-30.84035873413086,-30.0074462890625
20.588,goal,-4.289858341217041,-31.00147819519043,-30.00792694091797
20.620,goal,-4.308844566345215,-31.162660598754883,-30.00847625732422
20.654,goal,-4.327818870544434,-31.323896408081055,-30.00905990600586
20.688,goal,-4.351441860198975,-31.525474548339844,-30.00977325439453
20.720,goal,-4.370258331298828,-31.686777114868164,-30.010276794433594
20.754,goal,-4.389019012451172,-31.848087310791016,-30.010822296142578
20.788,goal,-4.4077372550964355,-32.0094108581543,-30.011451721191406
20.820,goal,-4.426446914672852,-32.17075729370117,-30.012149810791016
20.854,goal,-4.44512414932251,-32.33206558227539,-30.012863159179688
20.888,goal,-4.4684343338012695,-32.5335807800293,-30.013858795166016
20.920,goal,-4.487102031707764,-32.69476318359375,-30.0146484375
20.954,goal,-4.505759239196777,-32.85597229003906,-30.015380859375
20.988,goal,-4.52442741394043,-33.0172004699707,-30.016063690185547
21.020,goal,-4.543121814727783,-33.178382873535156,-30.01671600341797
21.054,goal,-4.561826229095459,-33.33951950073242,-30.017333984375
21.088,goal,-4.585237503051758,-33.540916442871094,-30.018020629882812
21.120,goal,-4.604014873504639,-33.70200729370117,-30.018516540527344
21.154,goal,-4.6228203773498535,-33.86312484741211,-30.01897430419922
21.188,goal,-4.641643524169922,-34.02427673339844,-30.019390106201172
21.220,goal,-4.660429000854492,-34.18548583984375,-30.019760131835938
21.254,goal,-4.6791887283325195,-34.34673309326172,-30.020061492919922
21.288,goal,-4.702531814575195,-34.54824447631836,-30.020309448242188
21.320,goal,-4.721158027648926,-34.70945739746094,-30.02042007446289
21.355,goal,-4.739753723144531,-34.87068557739258,-30.020458221435547
21.389,goal,-4.7583208084106445,-35.03194046020508,-30.0203857421875
21.422,goal,-4.776864051818848,-35.19321823120117,-30.02025604248047
21.456,goal,-4.795403003692627,-35.354496002197266,-30.020172119140625
21.490,goal,-4.8185200691223145,-35.556114196777344,-30.020057678222656
21.522,goal,-4.836964130401611,-35.71738052368164,-30.019939422607422
21.556,goal,-4.8553690910339355,-35.878604888916016,-30.019882202148438
21.590,goal,-4.873712062835693,-36.039798736572266,-30.019912719726562
21.622,goal,-4.8920135498046875,-36.20096206665039,-30.020023345947266
21.656,goal,-4.910300254821777,-36.36210250854492,-30.020172119140625
21.690,goal,-4.933247089385986,-36.563560485839844,-30.02035903930664
21.722,goal,-4.951655387878418,-36.72474670410156,-30.020523071289062
21.756,goal,-4.970087051391602,-36.88593292236328,-30.020729064941406
21.790,goal,-4.988531589508057,-37.04707336425781,-30.020915985107422
21.822,goal,-5.0069899559021,-37.2081184387207,-30.021099090576172
21.856,goal,-5.025479793548584,-37.369056701660156,-30.02130889892578
21.890,goal,-5.0486321449279785,-37.570072174072266,-30.02155303955078
21.922,goal,-5.06721305847168,-37.73078155517578,-30.02169418334961
21.956,goal,-5.085841655731201,-37.89144515991211,-30.021713256835938
21.990,goal,-5.104525566101074,-38.05210876464844,-30.02165985107422
22.022,goal,-5.123294353485107,-38.2127685546875,-30.021560668945312
22.056,goal,-5.142134189605713,-38.3734016418457,-30.021469116210938
22.090,goal,-5.165761947631836,-38.5740852355957,-30.02135467529297
22.122,goal,-5.184693336486816,-38.73453903198242,-30.02127456665039
22.156,goal,-5.2036519050598145,-38.89491653442383,-30.021190643310547
22.190,goal,-5.222653865814209,-39.05524826049805,-30.02104949951172
22.233,goal,-5.241688251495361,-39.215545654296875,-30.02082061767578
22.277,goal,-5.260776042938232,-39.37583541870117,-30.020599365234375
22.311,goal,-5.284684181213379,-39.57619857788086,-30.020221710205078
22.343,goal,-5.303820610046387,-39.73645782470703,-30.019874572753906
22.377,goal,-5.322945594787598,-39.896697998046875,-30.01953125
22.411,goal,-5.342021942138672,-40.05697250366211,-30.019214630126953
22.443,goal,-5.361039638519287,-40.21728515625,-30.018936157226562
22.477,goal,-5.379985332489014,-40.377601623535156,-30.018657684326172
22.511,goal,-5.403573513031006,-40.5780143737793,-30.018421173095703
22.543,goal,-5.4223833084106445,-40.73838806152344,-30.01837158203125
22.577,goal,-5.441149711608887,-40.898807525634766,-30.01848602294922
22.611,goal,-5.45988655090332,-41.05918884277344,-30.018638610839844
22.643,goal,-5.47855281829834,-41.219451904296875,-30.01888656616211
22.677,goal,-5.497154235839844,-41.379554748535156,-30.019271850585938
22.711,goal,-5.520366191864014,-41.57950973510742,-30.019893646240234
22.743,goal,-5.538936614990234,-41.73935317993164,-30.02044677734375
22.777,goal,-5.557591915130615,-41.89910125732422,-30.020999908447266
22.811,goal,-5.576347351074219,-42.05877685546875,-30.021530151367188
22.843,goal,-5.595201015472412,-42.218441009521484,-30.02206039428711
22.877,goal,-5.61414098739624,-42.37804412841797,-30.0225830078125
22.911,goal,-5.637964248657227,-42.577476501464844,-30.02328872680664
22.943,goal,-5.657148838043213,-42.73704147338867,-30.023860931396484
22.977,goal,-5.676462173461914,-42.896663665771484,-30.024372100830078
23.011,goal,-5.695868968963623,-43.05630874633789,-30.024810791015625
23.043,goal,-5.71537446975708,-43.21592712402344,-30.025184631347656
23.077,goal,-5.7349700927734375,-43.37555694580078,-30.0255126953125
23.111,goal,-5.759522914886475,-43.57512664794922,-30.025978088378906
23.143,goal,-5.779200553894043,-43.7347526550293,-30.026321411132812
23.177,goal,-5.7988810539245605,-43.8942985534668,-30.026611328125
23.211,goal,-5.818583011627197,-44.05373001098633,-30.026878356933594
23.243,goal,-5.838262557983398,-44.21306228637695,-30.02713394165039
23.277,goal,-5.857934951782227,-44.37232971191406,-30.027511596679688
23.311,goal,-5.882497787475586,-44.57143783569336,-30.027912139892578
23.343,goal,-5.902115345001221,-44.73073196411133,-30.0281982421875
23.377,goal,-5.921677589416504,-44.89004898071289,-30.028400421142578
23.411,goal,-5.941183090209961,-45.0493278503418,-30.028499603271484
23.443,goal,-5.960689067840576,-45.2086067199707,-30.028507232666016
23.477,goal,-5.9802374839782715,-45.36786651611328,-30.02847671508789
23.511,goal,-6.0047454833984375,-45.56694793701172,-30.028358459472656
23.543,goal,-6.024438858032227,-45.72626495361328,-30.028240203857422
23.577,goal,-6.0441412925720215,-45.8856315612793,-30.028121948242188
23.611,goal,-6.063860893249512,-46.0450439453125,-30.027969360351562
23.643,goal,-6.083539962768555,-46.204498291015625,-30.02779769897461
23.677,goal,-6.103129863739014,-46.36392593383789,-30.027652740478516
23.711,goal,-6.127467632293701,-46.5632438659668,-30.027477264404297
23.743,goal,-6.1468400955200195,-46.72277069091797,-30.027324676513672
23.777,goal,-6.166125297546387,-46.88240432739258,-30.02719497680664
23.811,goal,-6.185303211212158,-47.04206848144531,-30.02703094482422
23.843,goal,-6.2043986320495605,-47.201744079589844,-30.026836395263672
23.877,goal,-6.223447322845459,-47.361392974853516,-30.026630401611328
23.911,goal,-6.247281551361084,-47.56093978881836,-30.026405334472656
23.943,goal,-6.266397953033447,-47.72050476074219,-30.02629852294922
23.977,goal,-6.285489082336426,-47.88005828857422,-30.026275634765625
24.011,goal,-6.304600238800049,-48.039634704589844,-30.026283264160156
24.044,goal,-6.323746204376221,-48.19930648803711,-30.026344299316406
24.078,goal,-6.342901229858398,-48.35904312133789,-30.02642059326172
24.112,goal,-6.366971015930176,-48.558837890625,-30.026580810546875
24.144,goal,-6.3862481117248535,-48.71873474121094,-30.02669906616211
24.178,goal,-6.405513286590576,-48.878662109375,-30.026737213134766
24.212,goal,-6.4247918128967285,-49.0385627746582,-30.026836395263672
24.246,goal,-6.444101333618164,-49.19845199584961,-30.027000427246094
24.280,goal,-6.463478088378906,-49.358299255371094,-30.027145385742188
24.315,goal,-6.487791061401367,-49.55807876586914,-30.027313232421875
24.347,goal,-6.507268905639648,-49.71791458129883,-30.02737045288086
24.383,goal,-6.5267558097839355,-49.877803802490234,-30.027366638183594
24.417,goal,-6.546194553375244,-50.03776168823242,-30.02741241455078
24.449,goal,-6.565587997436523,-50.19775390625,-30.02745819091797
24.483,goal,-6.584892749786377,-50.357784271240234,-30.027385711669922
24.519,goal,-6.608852863311768,-50.557884216308594,-30.027244567871094
24.550,goal,-6.627874374389648,-50.718021392822266,-30.027111053466797
24.584,goal,-6.6467671394348145,-50.878211975097656,-30.026992797851562
24.620,goal,-6.665583610534668,-51.038543701171875,-30.026844024658203
24.652,goal,-6.684345245361328,-51.19901657104492,-30.02667236328125
24.686,goal,-6.703068733215332,-51.35960388183594,-30.02648162841797
24.720,goal,-6.726398944854736,-51.56040954589844,-30.026268005371094
24.752,goal,-6.744952201843262,-51.7210578918457,-30.02613067626953
24.786,goal,-6.763403415679932,-51.8817138671875,-30.02606201171875
24.821,goal,-6.781780242919922,-52.0423698425293,-30.025981903076172
24.853,goal,-6.800079822540283,-52.20305252075195,-30.02588653564453
24.887,goal,-6.818289279937744,-52.3637809753418,-30.025772094726562
24.922,goal,-6.840976715087891,-52.56474685668945,-30.02564239501953
24.954,goal,-6.8591790199279785,-52.72554016113281,-30.0255126953125
24.988,goal,-6.877472400665283,-52.88629913330078,-30.02532958984375
25.022,goal,-6.895901203155518,-53.04701232910156,-30.02513885498047
25.054,goal,-6.914468288421631,-53.207698822021484,-30.024940490722656
25.088,goal,-6.933168888092041,-53.36837387084961,-30.024696350097656
25.122,goal,-6.95675802230835,-53.56924819946289,-30.02435302734375
25.154,goal,-6.975765705108643,-53.730010986328125,-30.02405548095703
25.188,goal,-6.994867324829102,-53.89080047607422,-30.02377700805664
25.222,goal,-7.014063358306885,-54.05159378051758,-30.023468017578125
25.255,goal,-7.033320903778076,-54.212345123291016,-30.023128509521484
25.289,goal,-7.052643775939941,-54.37302780151367,-30.02280044555664
25.323,goal,-7.076952934265137,-54.57378387451172,-30.02231216430664
25.355,goal,-7.096534729003906,-54.73427963256836,-30.0218505859375
25.389,goal,-7.1162428855896,-54.894691467285156,-30.021347045898438
25.423,goal,-7.136053085327148,-55.05504608154297,-30.02080535888672
25.455,goal,-7.155945777893066,-55.215354919433594,-30.020198822021484
25.489,goal,-7.175920486450195,-55.37562561035156,-30.019607543945312
25.524,goal,-7.2009429931640625,-55.57584762573242,-30.018829345703125
25.556,goal,-7.220996856689453,-55.735904693603516,-30.01815414428711
25.590,goal,-7.241072654724121,-55.89588928222656,-30.01746368408203
25.624,goal,-7.2611589431762695,-56.05583190917969,-30.01678466796875
25.656,goal,-7.281234264373779,-56.21574783325195,-30.01611328125
25.690,goal,-7.301294803619385,-56.37562561035156,-30.015533447265625
25.724,goal,-7.326380729675293,-56.57546615600586,-30.014934539794922
25.756,goal,-7.3464789390563965,-56.735355377197266,-30.014583587646484
25.790,goal,-7.366584300994873,-56.89517593383789,-30.01430892944336
25.824,goal,-7.386701583862305,-57.05491638183594,-30.01406478881836
25.856,goal,-7.406827926635742,-57.214561462402344,-30.01382064819336
25.890,goal,-7.426929950714111,-57.37409210205078,-30.013629913330078
25.924,goal,-7.451958656311035,-57.57339859008789,-30.01342010498047
25.956,goal,-7.4719014167785645,-57.73281478881836,-30.013290405273438
25.990,goal,-7.491796970367432,-57.892276763916016,-30.013160705566406
26.024,goal,-7.51163911819458,-58.05177307128906,-30.013057708740234
26.056,goal,-7.531445026397705,-58.21124267578125,-30.012943267822266
26.090,goal,-7.551204204559326,-58.37067794799805,-30.012802124023438
26.124,goal,-7.575821399688721,-58.56998825073242,-30.012710571289062
26.156,goal,-7.595442295074463,-58.729427337646484,-30.012680053710938
26.190,goal,-7.61500358581543,-58.88886260986328,-30.012653350830078
26.224,goal,-7.634531497955322,-59.048274993896484,-30.012603759765625
26.256,goal,-7.6540632247924805,-59.2076301574707,-30.012531280517578
26.290,goal,-7.673651695251465,-59.36690139770508,-30.012470245361328
26.325,goal,-7.698193550109863,-59.565853118896484,-30.012393951416016
26.357,goal,-7.7179083824157715,-59.724910736083984,-30.012374877929688
26.391,goal,-7.7377119064331055,-59.883941650390625,-30.012420654296875
26.425,goal,-7.757635116577148,-60.04295349121094,-30.012454986572266
26.457,goal,-7.777671813964844,-60.20191955566406,-30.01248550415039
26.491,goal,-7.797834873199463,-60.3608283996582,-30.012531280517578
26.525,goal,-7.823207855224609,-60.55934524536133,-30.012611389160156
26.557,goal,-7.843669891357422,-60.718055725097656,-30.01272201538086
26.591,goal,-7.864158630371094,-60.87669372558594,-30.01287078857422
26.625,goal,-7.8846845626831055,-61.03525161743164,-30.01300048828125
26.657,goal,-7.905223846435547,-61.193748474121094,-30.013118743896484
26.691,goal,-7.925788402557373,-61.352230072021484,-30.013225555419922
26.725,goal,-7.9515252113342285,-61.550357818603516,-30.01333999633789
26.757,goal,-7.972096920013428,-61.708900451660156,-30.013439178466797
26.791,goal,-7.992561340332031,-61.86749267578125,-30.01355743408203
26.825,goal,-8.012909889221191,-62.026123046875,-30.013675689697266
26.857,goal,-8.033164024353027,-62.18475341796875,-30.013748168945312
26.891,goal,-8.053292274475098,-62.343379974365234,-30.013755798339844
26.925,goal,-8.078303337097168,-62.54164123535156,-30.013717651367188
26.957,goal,-8.098196029663086,-62.70026779174805,-30.013629913330078
26.991,goal,-8.1180419921875,-62.858924865722656,-30.013511657714844
27.025,goal,-8.137835502624512,-63.01765060424805,-30.01342010498047
27.057,goal,-8.157537460327148,-63.1764030456543,-30.013362884521484
27.091,goal,-8.177156448364258,-63.33517837524414,-30.0133056640625
27.125,goal,-8.201618194580078,-63.53353500366211,-30.013263702392578
27.158,goal,-8.221124649047852,-63.692100524902344,-30.01323699951172
27.192,goal,-8.24055290222168,-63.85057830810547,-30.013214111328125
27.226,goal,-8.25991439819336,-64.00900268554688,-30.013214111328125
27.258,goal,-8.279227256774902,-64.16738891601562,-30.013214111328125
27.293,goal,-8.298535346984863,-64.32573699951172,-30.013168334960938
27.327,goal,-8.322677612304688,-64.5235824584961,-30.013221740722656
27.359,goal,-8.342034339904785,-64.68180084228516,-30.013290405273438
27.393,goal,-8.36142349243164,-64.8399658203125,-30.01345443725586
27.427,goal,-8.380864143371582,-64.99810791015625,-30.01363754272461
27.459,goal,-8.40040111541748,-65.15623474121094,-30.01385498046875
27.494,goal,-8.41999340057373,-65.31436157226562,-30.014129638671875
27.530,goal,-8.444573402404785,-65.5120620727539,-30.01449966430664
27.562,goal,-8.464277267456055,-65.67021942138672,-30.01480484008789
27.596,goal,-8.484040260314941,-65.8283920288086,-30.01513671875
27.630,goal,-8.5038423538208,-65.98658752441406,-30.015438079833984
27.662,goal,-8.523691177368164,-66.14466094970703,-30.015666961669922
27.696,goal,-8.543628692626953,-66.30268859863281,-30.015827178955078
27.730,goal,-8.568671226501465,-66.5000991821289,-30.015945434570312
27.762,goal,-8.588773727416992,-66.65795135498047,-30.015953063964844
27.796,goal,-8.608922004699707,-66.81570434570312,-30.015914916992188
27.830,goal,-8.629059791564941,-66.97334289550781,-30.015846252441406
27.862,goal,-8.649174690246582,-67.13092803955078,-30.015727996826172
27.896,goal,-8.669266700744629,-67.28852081298828,-30.01559066772461
27.930,goal,-8.694378852844238,-67.48543548583984,-30.015499114990234
27.962,goal,-8.714461326599121,-67.64297485351562,-30.01544189453125
27.996,goal,-8.734540939331055,-67.80052947998047,-30.015365600585938
28.030,goal,-8.754630088806152,-67.9581298828125,-30.0152587890625
28.062,goal,-8.774741172790527,-68.1158218383789,-30.015121459960938
28.096,goal,-8.794886589050293,-68.27357482910156,-30.01496124267578
28.130,goal,-8.82013988494873,-68.47088623046875,-30.01488494873047
28.162,goal,-8.840360641479492,-68.62877655029297,-30.014869689941406
28.196,goal,-8.860610961914062,-68.78666687011719,-30.01483154296875
28.230,goal,-8.880910873413086,-68.94459533691406,-30.014747619628906
28.262,goal,-8.901180267333984,-69.10261535644531,-30.014633178710938
28.296,goal,-8.921399116516113,-69.26072692871094,-30.014541625976562
28.330,goal,-8.946626663208008,-69.45855712890625,-30.014366149902344
28.362,goal,-8.966788291931152,-69.616943359375,-30.01415252685547
28.396,goal,-8.98696517944336,-69.77544403076172,-30.013927459716797
28.430,goal,-9.0071439743042,-69.93400573730469,-30.013671875
28.462,goal,-9.027325630187988,-70.09260559082031,-30.01340103149414
28.496,goal,-9.047539710998535,-70.25128173828125,-30.013202667236328
28.530,goal,-9.072844505310059,-70.44970703125,-30.012958526611328
28.562,goal,-9.093083381652832,-70.60855102539062,-30.012813568115234
28.596,goal,-9.113335609436035,-70.76747131347656,-30.01278305053711
28.630,goal,-9.133601188659668,-70.92644500732422,-30.01282501220703
28.662,goal,-9.15389347076416,-71.0854721069336,-30.012924194335938
28.696,goal,-9.17419719696045,-71.24452209472656,-30.013118743896484
28.730,goal,-9.199618339538574,-71.44331359863281,-30.013469696044922
28.762,goal,-9.219978332519531,-71.60233306884766,-30.01378631591797
28.796,goal,-9.24036979675293,-71.7613525390625,-30.014049530029297
28.830,goal,-9.260811805725098,-71.92037200927734,-30.014270782470703
28.862,goal,-9.281301498413086,-72.07940673828125,-30.01443862915039
28.896,goal,-9.301817893981934,-72.23844146728516,-30.01461410522461
28.930,goal,-9.32746410369873,-72.43721008300781,-30.01480484008789
28.962,goal,-9.3479585647583,-72.59615325927734,-30.014934539794922
28.996,goal,-9.368440628051758,-72.7549819946289,-30.015064239501953
29.030,goal,-9.388896942138672,-72.91373443603516,-30.015178680419922
29.062,goal,-9.409343719482422,-73.07240295410156,-30.015289306640625
29.096,goal,-9.429740905761719,-73.23094940185547,-30.015426635742188
29.130,goal,-9.455118179321289,-73.4289321899414,-30.015594482421875
29.162,goal,-9.475342750549316,-73.5871810913086,-30.01577377319336
29.196,goal,-9.49548053741455,-73.74529266357422,-30.016071319580078
29.230,goal,-9.515520095825195,-73.90331268310547,-30.016368865966797
29.262,goal,-9.535455703735352,-74.06121826171875,-30.016681671142578
29.296,goal,-9.555278778076172,-74.218994140625,-30.017005920410156
29.330,goal,-9.579928398132324,-74.41606140136719,-30.017440795898438
29.362,goal,-9.599571228027344,-74.57359313964844,-30.017765045166016
29.396,goal,-9.619152069091797,-74.73104858398438,-30.018001556396484
29.430,goal,-9.63871955871582,-74.88847351074219,-30.018230438232422
29.462,goal,-9.658296585083008,-75.0458984375,-30.018428802490234
29.496,goal,-9.677900314331055,-75.20330810546875,-30.018516540527344
29.530,goal,-9.702476501464844,-75.39997100830078,-30.018611907958984
29.562,goal,-9.722146987915039,-75.55723571777344,-30.01873779296875
29.596,goal,-9.741815567016602,-75.71448516845703,-30.018939971923828
29.630,goal,-9.761499404907227,-75.87177276611328,-30.019176483154297
29.662,goal,-9.781251907348633,-76.02910614013672,-30.0194091796875
29.696,goal,-9.801082611083984,-76.18653106689453,-30.019668579101562
29.730,goal,-9.825934410095215,-76.38346099853516,-30.019989013671875
29.762,goal,-9.845819473266602,-76.54106903076172,-30.020248413085938
29.796,goal,-9.865708351135254,-76.69876861572266,-30.020549774169922
29.830,goal,-9.88557243347168,-76.8565673828125,-30.020824432373047
29.862,goal,-9.90539836883545,-77.01445007324219,-30.02105712890625
29.896,goal,-9.925192832946777,-77.17242431640625,-30.021289825439453
29.930,goal,-9.949904441833496,-77.37004852294922,-30.021610260009766
29.962,goal,-9.96961498260498,-77.5282974243164,-30.021869659423828
29.996,goal,-9.989299774169922,-77.68668365478516,-30.022056579589844
30.030,goal,-10.00899600982666,-77.84510040283203,-30.02214813232422
30.062,goal,-10.028732299804688,-78.00357818603516,-30.022174835205078
30.096,goal,-10.048511505126953,-78.16214752197266,-30.022125244140625
30.130,goal,-10.07329273223877,-78.36043548583984,-30.022056579589844
30.162,goal,-10.093186378479004,-78.5191650390625,-30.021976470947266
30.196,goal,-10.113066673278809,-78.6780014038086,-30.02182388305664
30.230,goal,-10.132916450500488,-78.83692169189453,-30.02166748046875
30.262,goal,-10.152749061584473,-78.99589538574219,-30.021499633789062
30.296,goal,-10.172590255737305,-79.15489959716797,-30.021240234375
30.330,goal,-10.197410583496094,-79.35367584228516,-30.02090072631836
30.362,goal,-10.21732234954834,-79.51268005371094,-30.02065658569336
30.396,goal,-10.237313270568848,-79.6716537475586,-30.02047348022461
30.430,goal,-10.257391929626465,-79.8306884765625,-30.020252227783203
30.462,goal,-10.277512550354004,-79.98975372314453,-30.020004272460938
30.496,goal,-10.297621726989746,-80.14878845214844,-30.019794464111328
30.530,goal,-10.322739601135254,-80.34757995605469,-30.01949691772461
30.562,goal,-10.342761993408203,-80.50655364990234,-30.019241333007812
30.596,goal,-10.362783432006836,-80.66548156738281,-30.018993377685547
30.630,goal,-10.382813453674316,-80.82437133789062,-30.018695831298828
30.662,goal,-10.402798652648926,-80.98323822021484,-30.018325805664062
30.696,goal,-10.422773361206055,-81.14203643798828,-30.017948150634766
30.730,goal,-10.447744369506836,-81.34042358398438,-30.017505645751953
30.762,goal,-10.467742919921875,-81.49903869628906,-30.017120361328125
30.796,goal,-10.487764358520508,-81.6575698852539,-30.016719818115234
30.830,goal,-10.507840156555176,-81.81599426269531,-30.01634979248047
30.862,goal,-10.527979850769043,-81.97433471679688,-30.016002655029297
30.896,goal,-10.548197746276855,-82.13263702392578,-30.015666961669922
30.930,goal,-10.573516845703125,-82.33039093017578,-30.015235900878906
30.962,goal,-10.593783378601074,-82.4885482788086,-30.014869689941406
30.996,goal,-10.6140775680542,-82.6466293334961,-30.014427185058594
31.030,goal,-10.634360313415527,-82.80458068847656,-30.01395034790039
31.062,goal,-10.654611587524414,-82.96244049072266,-30.013416290283203
31.096,goal,-10.674873352050781,-83.1200942993164,-30.01290512084961
31.130,goal,-10.700190544128418,-83.31681823730469,-30.012279510498047
31.162,goal,-10.720417022705078,-83.47404479980469,-30.011734008789062
31.196,goal,-10.740629196166992,-83.6312255859375,-30.011127471923828
31.230,goal,-10.760801315307617,-83.78839111328125,-30.010509490966797
31.262,goal,-10.780898094177246,-83.94559478759766,-30.00988006591797
31.296,goal,-10.800902366638184,-84.10287475585938,-30.009265899658203
31.330,goal,-10.825814247131348,-84.2995834350586,-30.008544921875
31.362,goal,-10.845670700073242,-84.45693969726562,-30.008052825927734
31.396,goal,-10.865485191345215,-84.61427307128906,-30.00766372680664
31.430,goal,-10.885251998901367,-84.77154541015625,-30.007282257080078
31.462,goal,-10.904986381530762,-84.92875671386719,-30.00692367553711
31.496,goal,-10.924674987792969,-85.08592224121094,-30.006561279296875
31.530,goal,-10.94915771484375,-85.28237915039062,-30.006103515625
31.562,goal,-10.968669891357422,-85.43953704833984,-30.005756378173828
31.596,goal,-10.98815631866455,-85.59671783447266,-30.005447387695312
31.630,goal,-11.007621765136719,-85.75383758544922,-30.005107879638672
31.662,goal,-11.027031898498535,-85.91090393066406,-30.004711151123047
31.696,goal,-11.046419143676758,-86.06795501708984,-30.00423812866211
31.730,goal,-11.070621490478516,-86.26425170898438,-30.003585815429688
31.762,goal,-11.089967727661133,-86.42129516601562,-30.003082275390625
31.797,goal,-11.109286308288574,-86.57835388183594,-30.002666473388672
31.831,goal,-11.128600120544434,-86.7354507446289,-30.002281188964844
31.865,goal,-11.14792537689209,-86.892578125,-30.00192642211914
31.897,goal,-11.167276382446289,-87.0497055053711,-30.001609802246094
31.933,goal,-11.191460609436035,-87.24612426757812,-30.00127410888672
31.967,goal,-11.210797309875488,-87.40326690673828,-30.00104522705078
31.999,goal,-11.230111122131348,-87.56044006347656,-30.000831604003906
32.033,goal,-11.249358177185059,-87.7176742553711,-30.00067901611328
32.067,goal,-11.268524169921875,-87.87494659423828,-30.0006103515625
32.099,goal,-11.287619590759277,-88.0322494506836,-30.000530242919922
32.136,goal,-11.311448097229004,-88.22889709472656,-30.00049591064453
32.169,goal,-11.330476760864258,-88.3862075805664,-30.000553131103516
32.203,goal,-11.349482536315918,-88.54351043701172,-30.000709533691406
32.237,goal,-11.368485450744629,-88.70081329345703,-30.00090789794922
32.269,goal,-11.387481689453125,-88.8581314086914,-30.00116729736328
32.303,goal,-11.406511306762695,-89.0154800415039,-30.00151824951172
32.337,goal,-11.430374145507812,-89.21220397949219,-30.002117156982422
32.370,goal,-11.449551582336426,-89.3696060180664,-30.00271224975586
32.405,goal,-11.468791961669922,-89.52703857421875,-30.003341674804688
32.438,goal,-11.488141059875488,-89.6844711303711,-30.004047393798828
32.470,goal,-11.507589340209961,-89.84191131591797,-30.004806518554688
32.505,goal,-11.52712631225586,-89.99935913085938,-30.00543975830078
32.539,goal,-11.551671028137207,-90.1961669921875,-30.00621795654297
32.571,goal,-11.571403503417969,-90.35357666015625,-30.006832122802734
32.605,goal,-11.591207504272461,-90.510986328125,-30.007457733154297
32.640,goal,-11.611104011535645,-90.66842651367188,-30.008007049560547
32.672,goal,-11.63109302520752,-90.82589721679688,-30.00845718383789
32.705,goal,-11.651230812072754,-90.98341369628906,-30.00885772705078
32.739,goal,-11.67659854888916,-91.1803207397461,-30.00918960571289
32.771,goal,-11.697081565856934,-91.33783721923828,-30.00933837890625
32.805,goal,-11.71770191192627,-91.49532318115234,-30.009418487548828
32.839,goal,-11.738407135009766,-91.65276336669922,-30.009464263916016
32.871,goal,-11.759181022644043,-91.8102035522461,-30.009521484375
32.905,goal,-11.78001594543457,-91.96765899658203,-30.009647369384766
32.939,goal,-11.806038856506348,-92.16449737548828,-30.009746551513672
32.971,goal,-11.826852798461914,-92.3219985961914,-30.009811401367188
33.005,goal,-11.84765338897705,-92.4795150756836,-30.00985336303711
33.039,goal,-11.868420600891113,-92.63704681396484,-30.009910583496094
33.071,goal,-11.889120101928711,-92.79457092285156,-30.010025024414062
33.105,goal,-11.909712791442871,-92.95206451416016,-30.010196685791016
33.139,goal,-11.935270309448242,-93.14895629882812,-30.01044464111328
33.171,goal,-11.955599784851074,-93.3065185546875,-30.010669708251953
33.205,goal,-11.975860595703125,-93.46409606933594,-30.01091766357422
33.239,goal,-11.99606704711914,-93.6216812133789,-30.011211395263672
33.271,goal,-12.016290664672852,-93.77930450439453,-30.011554718017578
33.305,goal,-12.036489486694336,-93.93694305419922,-30.01190185546875
33.339,goal,-12.061660766601562,-94.13399505615234,-30.012290954589844
33.371,goal,-12.081741333007812,-94.29174041748047,-30.01254653930664
33.405,goal,-12.101762771606445,-94.44954681396484,-30.012805938720703
33.439,goal,-12.121719360351562,-94.60736846923828,-30.013038635253906
33.471,goal,-12.141626358032227,-94.76518249511719,-30.013233184814453
33.505,goal,-12.161508560180664,-94.92296600341797,-30.013370513916016
33.539,goal,-12.186336517333984,-95.12023162841797,-30.01343536376953
33.571,goal,-12.206182479858398,-95.27808380126953,-30.01339340209961
33.605,goal,-12.226024627685547,-95.43595123291016,-30.013324737548828
33.639,goal,-12.245834350585938,-95.59386444091797,-30.013160705566406
33.671,goal,-12.265653610229492,-95.75187683105469,-30.01291275024414
33.705,goal,-12.28550910949707,-95.90994262695312,-30.01259994506836
33.739,goal,-12.310352325439453,-96.10758972167969,-30.012168884277344
33.771,goal,-12.330265998840332,-96.2657241821289,-30.011795043945312
33.805,goal,-12.350171089172363,-96.42394256591797,-30.011402130126953
33.839,goal,-12.370116233825684,-96.58220672607422,-30.010997772216797
33.871,goal,-12.39006519317627,-96.74049377441406,-30.0106201171875
33.905,goal,-12.410018920898438,-96.89879608154297,-30.010169982910156
33.939,goal,-12.43507194519043,-97.09669494628906,-30.009654998779297
33.971,goal,-12.455167770385742,-97.25504302978516,-30.00926971435547
34.005,goal,-12.47533130645752,-97.413330078125,-30.00891876220703
34.039,goal,-12.495552062988281,-97.5715560913086,-30.008609771728516
34.071,goal,-12.515830039978027,-97.72978973388672,-30.00829315185547
34.105,goal,-12.53612232208252,-97.88800048828125,-30.00798797607422
34.139,goal,-12.561456680297852,-98.085693359375,-30.007537841796875
34.171,goal,-12.581656455993652,-98.24378204345703,-30.007137298583984
34.205,goal,-12.601826667785645,-98.40190124511719,-30.00667953491211
34.239,goal,-12.621969223022461,-98.5600357055664,-30.006202697753906
34.271,goal,-12.64203929901123,-98.71810150146484,-30.005695343017578
34.305,goal,-12.662065505981445,-98.8761215209961,-30.00518798828125
34.339,goal,-12.687051773071289,-99.07363891601562,-30.00442123413086
34.371,goal,-12.707015037536621,-99.23168182373047,-30.003719329833984
34.405,goal,-12.726944923400879,-99.38978576660156,-30.002925872802734
34.439,goal,-12.746804237365723,-99.54792785644531,-30.00210952758789
34.471,goal,-12.766568183898926,-99.70610046386719,-30.001277923583984
34.505,goal,-12.78626823425293,-99.86433410644531,-30.00043487548828
34.539,goal,-12.810787200927734,-100.06214904785156,-29.999385833740234
34.571,goal,-12.830321311950684,-100.22039031982422,-29.998580932617188
34.605,goal,-12.849794387817383,-100.37859344482422,-29.99777603149414
34.639,goal,-12.869213104248047,-100.5367202758789,-29.997032165527344
34.671,goal,-12.888603210449219,-100.69479370117188,-29.996349334716797
34.705,goal,-12.907938003540039,-100.85282897949219,-29.99563980102539
34.739,goal,-12.9320068359375,-101.05033874511719,-29.99480438232422
34.771,goal,-12.951188087463379,-101.20829010009766,-29.99420928955078
34.805,goal,-12.970315933227539,-101.36613464355469,-29.99365234375
34.839,goal,-12.989459037780762,-101.52388763427734,-29.99311065673828
34.871,goal,-13.0086030960083,-101.68158721923828,-29.9925537109375
34.905,goal,-13.027761459350586,-101.83929443359375,-29.99205780029297
34.939,goal,-13.051716804504395,-102.03649139404297,-29.991474151611328
34.971,goal,-13.070905685424805,-102.19429779052734,-29.99105453491211
35.005,goal,-13.090126991271973,-102.35218811035156,-29.99066162109375
35.039,goal,-13.109355926513672,-102.5101547241211,-29.990337371826172
35.071,goal,-13.12855339050293,-102.66818237304688,-29.990100860595703
35.105,goal,-13.147736549377441,-102.82625579833984,-29.98987579345703
35.139,goal,-13.171708106994629,-103.02386474609375,-29.989665985107422
35.171,goal,-13.190886497497559,-103.18202209472656,-29.989517211914062
35.205,goal,-13.2100191116333,-103.34024810791016,-29.989322662353516
35.239,goal,-13.229097366333008,-103.4985580444336,-29.989151000976562
35.271,goal,-13.248163223266602,-103.65692138671875,-29.988975524902344
35.305,goal,-13.267251014709473,-103.81526947021484,-29.988754272460938
35.339,goal,-13.29116153717041,-104.01313018798828,-29.98857879638672
35.371,goal,-13.310348510742188,-104.17134857177734,-29.98849868774414
35.405,goal,-13.329607009887695,-104.32947540283203,-29.988460540771484
35.439,goal,-13.348937034606934,-104.48755645751953,-29.988529205322266
35.471,goal,-13.368337631225586,-104.64563751220703,-29.988731384277344
35.505,goal,-13.3878173828125,-104.80371856689453,-29.989070892333984
35.539,goal,-13.41225528717041,-105.0013427734375,-29.98969268798828
35.571,goal,-13.43185806274414,-105.15943908691406,-29.990306854248047
35.605,goal,-13.451537132263184,-105.31755065917969,-29.991024017333984
35.639,goal,-13.47130298614502,-105.47570037841797,-29.991825103759766
35.671,goal,-13.49114990234375,-105.63390350341797,-29.992660522460938
35.705,goal,-13.511055946350098,-105.79216766357422,-29.9935302734375
35.742,goal,-13.535999298095703,-105.99009704589844,-29.99463653564453
35.775,goal,-13.55599594116211,-106.1485595703125,-29.995555877685547
35.810,goal,-13.576027870178223,-106.30709838867188,-29.996543884277344
35.845,goal,-13.596054077148438,-106.46562194824219,-29.997596740722656
35.884,goal,-13.616066932678223,-106.6241226196289,-29.998741149902344
35.933,goal,-13.636015892028809,-106.78260803222656,-29.999950408935547
35.966,goal,-13.660867691040039,-106.9807357788086,-30.00147247314453
35.998,goal,-13.680720329284668,-107.1392822265625,-30.002685546875
36.032,goal,-13.700509071350098,-107.29784393310547,-30.00389862060547
36.066,goal,-13.720181465148926,-107.45638275146484,-30.005069732666016
36.098,goal,-13.739752769470215,-107.61489868164062,-30.00613021850586
36.132,goal,-13.759244918823242,-107.77336883544922,-30.007038116455078
36.166,goal,-13.78353214263916,-107.97135162353516,-30.008075714111328
36.198,goal,-13.802935600280762,-108.12967681884766,-30.008819580078125
36.232,goal,-13.82231330871582,-108.2879638671875,-30.009521484375
36.266,goal,-13.841672897338867,-108.44625854492188,-30.01020050048828
36.298,goal,-13.86104679107666,-108.60460662841797,-30.010852813720703
36.332,goal,-13.880383491516113,-108.76297760009766,-30.011363983154297
36.366,goal,-13.904507637023926,-108.9609375,-30.011886596679688
36.398,goal,-13.923772811889648,-109.11924743652344,-30.012229919433594
36.432,goal,-13.943009376525879,-109.27751922607422,-30.01253890991211
36.466,goal,-13.962160110473633,-109.43576049804688,-30.012805938720703
36.498,goal,-13.981237411499023,-109.59400177001953,-30.013019561767578
36.532,goal,-14.00027084350586,-109.75226593017578,-30.013198852539062
36.566,goal,-14.024007797241211,-109.95015716552734,-30.013381958007812
36.598,goal,-14.042938232421875,-110.10856628417969,-30.013538360595703
36.632,goal,-14.061810493469238,-110.26705932617188,-30.01367950439453
36.666,goal,-14.08065414428711,-110.42557525634766,-30.01382064819336
36.698,goal,-14.099469184875488,-110.5841293334961,-30.01400375366211
36.732,goal,-14.118300437927246,-110.74270629882812,-30.014225006103516
36.766,goal,-14.14187240600586,-110.94099426269531,-30.014450073242188
36.798,goal,-14.160812377929688,-111.09971618652344,-30.014583587646484
36.832,goal,-14.179839134216309,-111.2585220336914,-30.01471710205078
36.866,goal,-14.198931694030762,-111.41739654541016,-30.01483154296875
36.898,goal,-14.218085289001465,-111.57634735107422,-30.014930725097656
36.932,goal,-14.237318992614746,-111.73529815673828,-30.015033721923828
36.966,goal,-14.261425018310547,-111.93401336669922,-30.015281677246094
36.998,goal,-14.280719757080078,-112.09302520751953,-30.015518188476562
37.032,goal,-14.300027847290039,-112.25205993652344,-30.01573944091797
37.066,goal,-14.319379806518555,-112.41117095947266,-30.015888214111328
37.098,goal,-14.33874797821045,-112.57035064697266,-30.01593780517578
37.132,goal,-14.358147621154785,-112.72959899902344,-30.015926361083984
37.166,goal,-14.38243293762207,-112.92880249023438,-30.015872955322266
37.198,goal,-14.401843070983887,-113.0882339477539,-30.01580047607422
37.232,goal,-14.421256065368652,-113.24777221679688,-30.01572036743164
37.266,goal,-14.440621376037598,-113.40735626220703,-30.015640258789062
37.298,goal,-14.459908485412598,-113.56698608398438,-30.01552963256836
37.332,goal,-14.47912311553955,-113.72663879394531,-30.01543426513672
37.366,goal,-14.503056526184082,-113.92621612548828,-30.015254974365234
37.398,goal,-14.522175788879395,-114.08589935302734,-30.015052795410156
37.433,goal,-14.541301727294922,-114.24559020996094,-30.014755249023438
37.467,goal,-14.560479164123535,-114.40518951416016,-30.01441192626953
37.499,goal,-14.579710006713867,-114.564697265625,-30.01407241821289
37.533,goal,-14.599017143249512,-114.72410583496094,-30.013778686523438
37.567,goal,-14.623214721679688,-114.92317962646484,-30.013370513916016
37.599,goal,-14.642627716064453,-115.08238220214844,-30.01299285888672
37.633,goal,-14.66210651397705,-115.24153900146484,-30.012584686279297
37.667,goal,-14.68170166015625,-115.400634765625,-30.01221466064453
37.699,goal,-14.7013578414917,-115.55972290039062,-30.011878967285156
37.733,goal,-14.721053123474121,-115.7187271118164,-30.011478424072266
37.767,goal,-14.74582576751709,-115.91738891601562,-30.011016845703125
37.799,goal,-14.765769004821777,-116.07628631591797,-30.010665893554688
37.833,goal,-14.785802841186523,-116.23519897460938,-30.010337829589844
37.867,goal,-14.80591869354248,-116.3941421508789,-30.010005950927734
37.899,goal,-14.826128005981445,-116.55311584472656,-30.00969696044922
37.933,goal,-14.846376419067383,-116.71212005615234,-30.009387969970703
37.967,goal,-14.871679306030273,-116.91094207763672,-30.009151458740234
37.999,goal,-14.891840934753418,-117.06999206542969,-30.008995056152344
38.033,goal,-14.911919593811035,-117.22903442382812,-30.008808135986328
38.067,goal,-14.93188190460205,-117.38806915283203,-30.008636474609375
38.099,goal,-14.951743125915527,-117.5470962524414,-30.008468627929688
38.133,goal,-14.97152328491211,-117.70608520507812,-30.008243560791016
38.167,goal,-14.99616527557373,-117.9047622680664,-30.007919311523438
38.199,goal,-15.015798568725586,-118.06365966796875,-30.00760269165039
38.233,goal,-15.035374641418457,-118.22249603271484,-30.007240295410156
38.267,goal,-15.05492115020752,-118.3812255859375,-30.006824493408203
38.299,goal,-15.074435234069824,-118.53984069824219,-30.00640869140625
38.333,goal,-15.093889236450195,-118.69839477539062,-30.00603485107422
38.367,goal,-15.11815071105957,-118.89645385742188,-30.005619049072266
38.399,goal,-15.137589454650879,-119.05481719970703,-30.005306243896484
38.433,goal,-15.157083511352539,-119.213134765625,-30.004981994628906
38.467,goal,-15.176616668701172,-119.37141418457031,-30.00464630126953
38.499,goal,-15.196159362792969,-119.5296401977539,-30.004310607910156
38.533,goal,-15.215723991394043,-119.68775939941406,-30.004016876220703
38.567,goal,-15.24016284942627,-119.88526153564453,-30.003753662109375
38.599,goal,-15.259658813476562,-120.04312133789062,-30.003623962402344
38.633,goal,-15.279104232788086,-120.20085906982422,-30.003578186035156
38.667,goal,-15.298486709594727,-120.35848236083984,-30.003578186035156
38.699,goal,-15.317826271057129,-120.51602935791016,-30.003631591796875
38.733,goal,-15.33716106414795,-120.67351531982422,-30.00375747680664
38.767,goal,-15.361343383789062,-120.87033081054688,-30.004013061523438
38.799,goal,-15.380703926086426,-121.0276870727539,-30.004329681396484
38.833,goal,-15.40008544921875,-121.18500518798828,-30.004695892333984
38.867,goal,-15.4194917678833,-121.34232330322266,-30.005088806152344
38.899,goal,-15.438941955566406,-121.49969482421875,-30.005496978759766
38.933,goal,-15.458401679992676,-121.65715789794922,-30.005878448486328
38.967,goal,-15.482714653015137,-121.85411071777344,-30.006351470947266
38.999,goal,-15.502179145812988,-122.01182556152344,-30.00670623779297
39.033,goal,-15.521655082702637,-122.16961669921875,-30.007015228271484
39.067,goal,-15.541170120239258,-122.32743072509766,-30.007186889648438
39.099,goal,-15.560748100280762,-122.48529815673828,-30.007205963134766
39.133,goal,-15.580406188964844,-122.64321899414062,-30.00714111328125
39.167,goal,-15.605082511901855,-122.84068298339844,-30.006938934326172
39.199,goal,-15.624879837036133,-122.99866485595703,-30.006725311279297
39.233,goal,-15.644679069519043,-123.15666198730469,-30.006450653076172
39.267,goal,-15.664484024047852,-123.31466674804688,-30.006122589111328
39.299,goal,-15.68427562713623,-123.47264862060547,-30.005767822265625
39.333,goal,-15.704073905944824,-123.630615234375,-30.005359649658203
39.367,goal,-15.728841781616211,-123.82803344726562,-30.00478744506836
39.399,goal,-15.7486572265625,-123.98592376708984,-30.00433349609375
39.433,goal,-15.768487930297852,-124.14378356933594,-30.003921508789062
39.467,goal,-15.788369178771973,-124.3016357421875,-30.00356674194336
39.499,goal,-15.808324813842773,-124.45951843261719,-30.003276824951172
39.533,goal,-15.828330039978027,-124.61746215820312,-30.00305938720703
39.567,goal,-15.853328704833984,-124.81488800048828,-30.00283432006836
39.599,goal,-15.873278617858887,-124.97284698486328,-30.00261688232422
39.633,goal,-15.89317512512207,-125.13088989257812,-30.00228500366211
39.667,goal,-15.913044929504395,-125.28901672363281,-30.001819610595703
39.699,goal,-15.932870864868164,-125.44719696044922,-30.001232147216797
39.733,goal,-15.95264720916748,-125.60541534423828,-30.000579833984375
39.767,goal,-15.97729778289795,-125.8031997680664,-29.999774932861328
39.799,goal,-15.997007369995117,-125.96148681640625,-29.999156951904297
39.833,goal,-16.016727447509766,-126.1197738647461,-29.998592376708984
39.867,goal,-16.03642463684082,-126.27806854248047,-29.998001098632812
39.899,goal,-16.05608367919922,-126.43633270263672,-29.997413635253906
39.933,goal,-16.075733184814453,-126.5946044921875,-29.99679946899414
39.967,goal,-16.10026741027832,-126.79246520996094,-29.996055603027344
39.999,goal,-16.119800567626953,-126.95079803466797,-29.995502471923828
40.033,goal,-16.139238357543945,-127.1091537475586,-29.99502182006836
40.067,goal,-16.158605575561523,-127.26751708984375,-29.994552612304688
40.099,goal,-16.17791748046875,-127.42582702636719,-29.99410629272461
40.133,goal,-16.1971492767334,-127.58409881591797,-29.993728637695312
40.167,goal,-16.22111701965332,-127.78194427490234,-29.993343353271484
40.199,goal,-16.240251541137695,-127.9402084350586,-29.993141174316406
40.233,goal,-16.259363174438477,-128.09841918945312,-29.993053436279297
40.267,goal,-16.278409957885742,-128.256591796875,-29.993114471435547
40.299,goal,-16.297433853149414,-128.41476440429688,-29.99325942993164
40.333,goal,-16.31647300720215,-128.5729522705078,-29.993480682373047
40.367,goal,-16.340282440185547,-128.77061462402344,-29.993755340576172
40.399,goal,-16.359355926513672,-128.92868041992188,-29.99401092529297
40.433,goal,-16.37843132019043,-129.086669921875,-29.994285583496094
40.469,goal,-16.39751625061035,-129.24462890625,-29.994606018066406
40.501,goal,-16.416637420654297,-129.402587890625,-29.994991302490234
40.535,goal,-16.435768127441406,-129.56053161621094,-29.995502471923828
40.569,goal,-16.4597110748291,-129.7579803466797,-29.99622344970703
40.601,goal,-16.47886085510254,-129.91595458984375,-29.99681854248047
40.635,goal,-16.497953414916992,-130.07388305664062,-29.997493743896484
40.669,goal,-16.516992568969727,-130.2318115234375,-29.9981689453125
40.701,goal,-16.536006927490234,-130.38975524902344,-29.99884796142578
40.735,goal,-16.555011749267578,-130.5476837158203,-29.99951934814453
40.769,goal,-16.57876968383789,-130.74513244628906,-30.000267028808594
40.801,goal,-16.5977840423584,-130.9031982421875,-30.00078582763672
40.835,goal,-16.616823196411133,-131.06130981445312,-30.00121307373047
40.869,goal,-16.635900497436523,-131.21946716308594,-30.001564025878906
40.901,goal,-16.65496253967285,-131.37765502929688,-30.0018310546875
40.935,goal,-16.673992156982422,-131.535888671875,-30.002071380615234
40.969,goal,-16.69769859313965,-131.7337188720703,-30.002422332763672
41.001,goal,-16.71662712097168,-131.8920135498047,-30.002777099609375
41.035,goal,-16.73552894592285,-132.05032348632812,-30.003173828125
41.069,goal,-16.754413604736328,-132.2086639404297,-30.00360107421875
41.101,goal,-16.773305892944336,-132.3670196533203,-30.004074096679688
41.135,goal,-16.792221069335938,-132.52537536621094,-30.004592895507812
41.169,goal,-16.815900802612305,-132.7231903076172,-30.00540542602539
41.201,goal,-16.834863662719727,-132.88136291503906,-30.006168365478516
41.235,goal,-16.853851318359375,-133.03944396972656,-30.00701904296875
41.269,goal,-16.872848510742188,-133.197509765625,-30.00786590576172
41.301,goal,-16.89185333251953,-133.3555450439453,-30.00867462158203
41.335,goal,-16.910877227783203,-133.51358032226562,-30.009464263916016
41.369,goal,-16.934736251831055,-133.711181640625,-30.010478973388672
41.401,goal,-16.953857421875,-133.8693084716797,-30.01126480102539
41.435,goal,-16.972970962524414,-134.02743530273438,-30.012035369873047
41.469,goal,-16.992069244384766,-134.18556213378906,-30.012847900390625
41.501,goal,-17.01117515563965,-134.3436737060547,-30.01363754272461
41.535,goal,-17.030269622802734,-134.5017852783203,-30.01431655883789
41.569,goal,-17.05408477783203,-134.6993865966797,-30.0150146484375
41.601,goal,-17.073097229003906,-134.85748291015625,-30.01546859741211
41.635,goal,-17.092079162597656,-135.01559448242188,-30.01583480834961
41.669,goal,-17.111047744750977,-135.1737060546875,-30.016036987304688
41.701,goal,-17.12999153137207,-135.33181762695312,-30.01610565185547
41.735,goal,-17.148910522460938,-135.48995971679688,-30.016178131103516
41.769,goal,-17.172523498535156,-135.68771362304688,-30.016250610351562
41.801,goal,-17.191390991210938,-135.84600830078125,-30.016246795654297
41.835,goal,-17.210264205932617,-136.00436401367188,-30.016136169433594
41.869,goal,-17.229167938232422,-136.16282653808594,-30.015918731689453
41.901,goal,-17.248109817504883,-136.32138061523438,-30.015609741210938
41.935,goal,-17.267070770263672,-136.47998046875,-30.015235900878906
41.969,goal,-17.290740966796875,-136.67823791503906,-30.01467514038086
42.001,goal,-17.309635162353516,-136.83688354492188,-30.014209747314453
42.035,goal,-17.32855224609375,-136.9955596923828,-30.01376724243164
42.069,goal,-17.347511291503906,-137.154296875,-30.013370513916016
42.101,goal,-17.36647605895996,-137.31309509277344,-30.012989044189453
42.135,goal,-17.385408401489258,-137.4720001220703,-30.01254653930664
42.169,goal,-17.409053802490234,-137.67074584960938,-30.01190948486328
42.201,goal,-17.428028106689453,-137.8297119140625,-30.011375427246094
42.235,goal,-17.44706916809082,-137.98861694335938,-30.010875701904297
42.269,goal,-17.46615982055664,-138.14747619628906,-30.010391235351562
42.301,goal,-17.485301971435547,-138.30628967285156,-30.009918212890625
42.335,goal,-17.50450325012207,-138.46498107910156,-30.009540557861328
42.369,goal,-17.52861976623535,-138.6632080078125,-30.009098052978516
42.401,goal,-17.548049926757812,-138.8216552734375,-30.008785247802734
42.435,goal,-17.56758689880371,-138.97999572753906,-30.008514404296875
42.469,goal,-17.587209701538086,-139.1382293701172,-30.00820541381836
42.501,goal,-17.606916427612305,-139.29629516601562,-30.007858276367188
42.535,goal,-17.626663208007812,-139.4541778564453,-30.007476806640625
42.569,goal,-17.65138816833496,-139.65135192871094,-30.007015228271484
42.601,goal,-17.671184539794922,-139.80894470214844,-30.006629943847656
42.635,goal,-17.691028594970703,-139.96646118164062,-30.00619888305664
42.669,goal,-17.710956573486328,-140.12393188476562,-30.005714416503906
42.701,goal,-17.730924606323242,-140.2814178466797,-30.00519561767578
42.735,goal,-17.750869750976562,-140.4388885498047,-30.004745483398438
42.769,goal,-17.77577781677246,-140.63568115234375,-30.00409698486328
42.801,goal,-17.79569435119629,-140.79310607910156,-30.00351333618164
42.835,goal,-17.815597534179688,-140.9505615234375,-30.002944946289062
42.869,goal,-17.835481643676758,-141.10806274414062,-30.002422332763672
42.901,goal,-17.85535430908203,-141.2655487060547,-30.001998901367188
42.935,goal,-17.87522315979004,-141.42303466796875,-30.001686096191406
42.969,goal,-17.90006446838379,-141.61997985839844,-30.001384735107422
43.008,goal,-17.914941787719727,-141.7381591796875,-30.001235961914062
43.050,goal,-17.939680099487305,-141.9351043701172,-30.000988006591797
43.084,goal,-17.959394454956055,-142.0926971435547,-30.000755310058594
43.116,goal,-17.979022979736328,-142.25030517578125,-30.000476837158203
43.150,goal,-17.998546600341797,-142.4080047607422,-30.000225067138672
43.184,goal,-18.02276611328125,-142.60525512695312,-29.999942779541016
43.216,goal,-18.04206657409668,-142.76315307617188,-29.999771118164062
43.250,goal,-18.061370849609375,-142.92112731933594,-29.999679565429688
43.284,goal,-18.080686569213867,-143.0791473388672,-29.99966049194336
43.316,goal,-18.10003089904785,-143.23721313476562,-29.999706268310547
43.350,goal,-18.11939239501953,-143.39532470703125,-29.99991226196289
43.384,goal,-18.14362144470215,-143.59298706054688,-30.00027084350586
43.416,goal,-18.163055419921875,-143.7510986328125,-30.00064468383789
43.450,goal,-18.182493209838867,-143.9092254638672,-30.001083374023438
43.484,goal,-18.201961517333984,-144.0673828125,-30.0015869140625
43.516,goal,-18.221466064453125,-144.22552490234375,-30.002120971679688
43.550,goal,-18.240989685058594,-144.38357543945312,-30.002559661865234
43.584,goal,-18.26542091369629,-144.5810546875,-30.003101348876953
43.616,goal,-18.285037994384766,-144.73895263671875,-30.003536224365234
43.650,goal,-18.30467414855957,-144.89671325683594,-30.003978729248047
43.684,goal,-18.32430076599121,-145.05442810058594,-30.00440216064453
43.716,goal,-18.343961715698242,-145.21212768554688,-30.00478744506836
43.750,goal,-18.36367416381836,-145.36990356445312,-30.005077362060547
43.784,goal,-18.3883113861084,-145.5671844482422,-30.005332946777344
43.816,goal,-18.408052444458008,-145.7250213623047,-30.005508422851562
43.850,goal,-18.427824020385742,-145.8828582763672,-30.005695343017578
43.884,goal,-18.4476261138916,-146.0407257080078,-30.005863189697266
43.916,goal,-18.467435836791992,-146.19863891601562,-30.006023406982422
43.950,goal,-18.487241744995117,-146.3565673828125,-30.006160736083984
43.984,goal,-18.512056350708008,-146.5540313720703,-30.006179809570312
44.016,goal,-18.53192710876465,-146.7120819091797,-30.006088256835938
44.067,goal,-18.551820755004883,-146.8701934814453,-30.00591278076172
44.101,goal,-18.571701049804688,-147.02828979492188,-30.005626678466797
44.135,goal,-18.591550827026367,-147.1864013671875,-30.005268096923828
44.167,goal,-18.61134910583496,-147.34446716308594,-30.004737854003906
44.201,goal,-18.63603401184082,-147.54205322265625,-30.00396728515625
44.235,goal,-18.65571403503418,-147.7001495361328,-30.0032958984375
44.267,goal,-18.675325393676758,-147.85829162597656,-30.00257110595703
44.301,goal,-18.694869995117188,-148.01651000976562,-30.00177764892578
44.335,goal,-18.714378356933594,-148.1747589111328,-30.000965118408203
44.367,goal,-18.733861923217773,-148.3330078125,-30.000083923339844
44.401,goal,-18.75823974609375,-148.5308074951172,-29.998958587646484
44.435,goal,-18.777727127075195,-148.68902587890625,-29.998123168945312
44.467,goal,-18.797195434570312,-148.84725952148438,-29.99737548828125
44.501,goal,-18.81667137145996,-149.00546264648438,-29.9967041015625
44.535,goal,-18.83612823486328,-149.16368103027344,-29.99612045288086
44.567,goal,-18.855552673339844,-149.32192993164062,-29.995574951171875
44.601,goal,-18.879770278930664,-149.51971435546875,-29.995018005371094
44.635,goal,-18.899131774902344,-149.67784118652344,-29.994670867919922
44.667,goal,-18.9185733795166,-149.8358612060547,-29.99443817138672
44.713,goal,-18.938085556030273,-149.99378967285156,-29.994300842285156
44.750,goal,-18.957612991333008,-150.151611328125,-29.994285583496094
44.781,goal,-18.977174758911133,-150.30938720703125,-29.994430541992188
44.815,goal,-19.00174331665039,-150.50660705566406,-29.994857788085938
44.849,goal,-19.021507263183594,-150.66439819335938,-29.995361328125
44.881,goal,-19.04134178161621,-150.8221893310547,-29.99593734741211
44.915,goal,-19.06125831604004,-150.9800262451172,-29.99661636352539
44.949,goal,-19.08123016357422,-151.137939453125,-29.99734878540039
44.981,goal,-19.101261138916016,-151.2958984375,-29.998027801513672
45.015,goal,-19.126405715942383,-151.4934539794922,-29.99892807006836
45.049,goal,-19.14653968811035,-151.65159606933594,-29.999683380126953
45.081,goal,-19.166637420654297,-151.809814453125,-30.000465393066406
45.115,goal,-19.186710357666016,-151.96807861328125,-30.00121307373047
45.149,goal,-19.206743240356445,-152.1263427734375,-30.001895904541016
45.181,goal,-19.226713180541992,-152.28457641601562,-30.002582550048828
45.215,goal,-19.251596450805664,-152.48231506347656,-30.00350570678711
45.250,goal,-19.271484375,-152.6405029296875,-30.004287719726562
45.281,goal,-19.29140281677246,-152.79864501953125,-30.005043029785156
45.315,goal,-19.311382293701172,-152.95668029785156,-30.00583267211914
45.350,goal,-19.331411361694336,-153.11459350585938,-30.006649017333984
45.381,goal,-19.351459503173828,-153.27243041992188,-30.007354736328125
45.415,goal,-19.376495361328125,-153.4696502685547,-30.00811004638672
45.450,goal,-19.396530151367188,-153.62734985351562,-30.00867462158203
45.481,goal,-19.41661262512207,-153.7849884033203,-30.009220123291016
45.516,goal,-19.436742782592773,-153.94259643554688,-30.009769439697266
45.549,goal,-19.45690155029297,-154.1001739501953,-30.010326385498047
45.581,goal,-19.47709083557129,-154.2577362060547,-30.010845184326172
45.615,goal,-19.502328872680664,-154.4547576904297,-30.011417388916016
45.649,goal,-19.522491455078125,-154.61244201660156,-30.011837005615234
45.681,goal,-19.542593002319336,-154.77012634277344,-30.01221466064453
45.716,goal,-19.562633514404297,-154.9277801513672,-30.012592315673828
45.749,goal,-19.5826358795166,-155.08538818359375,-30.012958526611328
45.781,goal,-19.602624893188477,-155.2429656982422,-30.01333999633789
45.815,goal,-19.62755584716797,-155.4398956298828,-30.013713836669922
45.849,goal,-19.647401809692383,-155.597412109375,-30.013904571533203
45.881,goal,-19.66720962524414,-155.75491333007812,-30.013980865478516
45.915,goal,-19.686994552612305,-155.91238403320312,-30.013996124267578
45.949,goal,-19.706764221191406,-156.06983947753906,-30.01394271850586
45.981,goal,-19.726520538330078,-156.22723388671875,-30.013858795166016
46.016,goal,-19.751169204711914,-156.42396545410156,-30.013614654541016
46.049,goal,-19.770824432373047,-156.58140563964844,-30.01327133178711
46.081,goal,-19.790443420410156,-156.73890686035156,-30.01279067993164
46.115,goal,-19.810022354125977,-156.89645385742188,-30.01219940185547
46.149,goal,-19.829517364501953,-157.05406188964844,-30.011505126953125
46.181,goal,-19.848915100097656,-157.2117462158203,-30.01077651977539
46.215,goal,-19.873027801513672,-157.4088897705078,-30.009849548339844
46.249,goal,-19.892192840576172,-157.566650390625,-30.009082794189453
46.281,goal,-19.911270141601562,-157.72445678710938,-30.00830841064453
46.315,goal,-19.930330276489258,-157.88230895996094,-30.007568359375
46.349,goal,-19.94940185546875,-158.04022216796875,-30.006877899169922
46.381,goal,-19.968507766723633,-158.1982421875,-30.006168365478516
46.415,goal,-19.99239158630371,-158.3959503173828,-30.005268096923828
46.449,goal,-20.011503219604492,-158.55422973632812,-30.004535675048828
46.481,goal,-20.030611038208008,-158.71255493164062,-30.003814697265625
46.515,goal,-20.049694061279297,-158.8709259033203,-30.003101348876953
46.549,goal,-20.06879234313965,-159.0294189453125,-30.002391815185547
46.581,goal,-20.08792495727539,-159.18801879882812,-30.001693725585938
46.615,goal,-20.111953735351562,-159.38636779785156,-30.000816345214844
46.649,goal,-20.131248474121094,-159.545166015625,-30.000102996826172
46.681,goal,-20.150596618652344,-159.70399475097656,-29.999412536621094
46.716,goal,-20.169986724853516,-159.86288452148438,-29.998817443847656
46.749,goal,-20.189363479614258,-160.0217742919922,-29.99832534790039
46.781,goal,-20.20869255065918,-160.18069458007812,-29.997982025146484
46.816,goal,-20.232805252075195,-160.37939453125,-29.99770736694336
46.849,goal,-20.252065658569336,-160.5384063720703,-29.997623443603516
46.881,goal,-20.271310806274414,-160.69744873046875,-29.997608184814453
46.915,goal,-20.290557861328125,-160.85655212402344,-29.997665405273438
46.949,goal,-20.309825897216797,-161.01568603515625,-29.99781036376953
46.981,goal,-20.329076766967773,-161.1748504638672,-29.998004913330078
47.015,goal,-20.35318374633789,-161.37379455566406,-29.998260498046875
47.049,goal,-20.372501373291016,-161.53298950195312,-29.998435974121094
47.081,goal,-20.39181900024414,-161.69229125976562,-29.99859619140625
47.115,goal,-20.41109275817871,-161.85165405273438,-29.99872589111328
47.149,goal,-20.43035888671875,-162.01109313964844,-29.99881362915039
47.181,goal,-20.44952964782715,-162.17062377929688,-29.998886108398438
47.215,goal,-20.47345733642578,-162.37013244628906,-29.99887466430664
47.249,goal,-20.492586135864258,-162.52975463867188,-29.998825073242188
47.281,goal,-20.511674880981445,-162.68939208984375,-29.998741149902344
47.315,goal,-20.530729293823242,-162.8489990234375,-29.998661041259766
47.349,goal,-20.54977798461914,-163.00857543945312,-29.998615264892578
47.381,goal,-20.568836212158203,-163.1680450439453,-29.99858856201172
47.415,goal,-20.592702865600586,-163.36729431152344,-29.99864959716797
47.449,goal,-20.61184310913086,-163.52664184570312,-29.998737335205078
47.481,goal,-20.631013870239258,-163.68592834472656,-29.998855590820312
47.515,goal,-20.650209426879883,-163.84510803222656,-29.99901580810547
47.549,goal,-20.669437408447266,-164.00416564941406,-29.99924087524414
47.581,goal,-20.68864631652832,-164.16310119628906,-29.99945068359375
47.615,goal,-20.71259117126465,-164.36166381835938,-29.999736785888672
47.649,goal,-20.7316951751709,-164.5204620361328,-29.999961853027344
47.681,goal,-20.750783920288086,-164.67919921875,-30.000137329101562
47.715,goal,-20.76988410949707,-164.8379364013672,-30.000308990478516
47.749,goal,-20.789011001586914,-164.9967041015625,-30.000492095947266
47.781,goal,-20.80816650390625,-165.15548706054688,-30.000659942626953
47.815,goal,-20.832178115844727,-165.3539581298828,-30.00086212158203
47.849,goal,-20.851451873779297,-165.51275634765625,-30.001014709472656
47.881,goal,-20.87077522277832,-165.6715850830078,-30.001155853271484
47.915,goal,-20.890106201171875,-165.83042907714844,-30.001327514648438
47.949,goal,-20.909496307373047,-165.98928833007812,-30.001495361328125
47.981,goal,-20.928953170776367,-166.14822387695312,-30.001758575439453
48.015,goal,-20.953371047973633,-166.34695434570312,-30.002239227294922
48.049,goal,-20.972949981689453,-166.5059356689453,-30.00269317626953
48.081,goal,-20.992595672607422,-166.6649627685547,-30.003204345703125
48.115,goal,-21.012344360351562,-166.8240203857422,-30.003761291503906
48.149,goal,-21.03218650817871,-166.983154296875,-30.004329681396484
48.181,goal,-21.052078247070312,-167.14236450195312,-30.004898071289062
48.215,goal,-21.076995849609375,-167.34149169921875,-30.005573272705078
48.249,goal,-21.096956253051758,-167.5008544921875,-30.006126403808594
48.281,goal,-21.116958618164062,-167.66024780273438,-30.00674057006836
48.315,goal,-21.136991500854492,-167.81964111328125,-30.007328033447266
48.349,goal,-21.157058715820312,-167.97901916503906,-30.007911682128906
48.381,goal,-21.17718505859375,-168.13833618164062,-30.00848388671875
48.415,goal,-21.20246124267578,-168.33740234375,-30.009227752685547
48.449,goal,-21.222759246826172,-168.49659729003906,-30.00983428955078
48.481,goal,-21.24306297302246,-168.65573120117188,-30.010421752929688
48.515,goal,-21.263322830200195,-168.81484985351562,-30.010955810546875
48.551,goal,-21.283506393432617,-168.9739532470703,-30.011444091796875
48.583,goal,-21.303604125976562,-169.13302612304688,-30.011905670166016
48.617,goal,-21.32859230041504,-169.33172607421875,-30.01254653930664
48.651,goal,-21.348478317260742,-169.4906005859375,-30.013072967529297
48.683,goal,-21.368295669555664,-169.64939880371094,-30.013591766357422
48.717,goal,-21.388107299804688,-169.80809020996094,-30.014053344726562
48.751,goal,-21.407901763916016,-169.9666748046875,-30.014427185058594
48.783,goal,-21.427621841430664,-170.12515258789062,-30.014739990234375
48.817,goal,-21.452125549316406,-170.3231964111328,-30.015052795410156
48.851,goal,-21.47162628173828,-170.48162841796875,-30.015254974365234
48.883,goal,-21.49105453491211,-170.64004516601562,-30.015457153320312
48.917,goal,-21.51043128967285,-170.7984161376953,-30.01563262939453
48.951,goal,-21.52972984313965,-170.9567413330078,-30.015758514404297
48.983,goal,-21.548978805541992,-171.11500549316406,-30.01584243774414
49.017,goal,-21.573076248168945,-171.3128204345703,-30.01578140258789
49.051,goal,-21.592365264892578,-171.4711151123047,-30.015594482421875
49.083,goal,-21.611616134643555,-171.62940979003906,-30.01531982421875
49.117,goal,-21.630821228027344,-171.78768920898438,-30.014991760253906
49.151,goal,-21.64997100830078,-171.94593811035156,-30.014629364013672
49.183,goal,-21.669097900390625,-172.1042022705078,-30.014244079589844
49.217,goal,-21.692968368530273,-172.30210876464844,-30.013809204101562
49.251,goal,-21.71201515197754,-172.4604949951172,-30.013492584228516
49.283,goal,-21.731056213378906,-172.61891174316406,-30.013160705566406
49.317,goal,-21.750118255615234,-172.77734375,-30.012882232666016
49.351,goal,-21.76914405822754,-172.93580627441406,-30.012622833251953
49.383,goal,-21.788116455078125,-173.09422302246094,-30.012386322021484
49.417,goal,-21.81171989440918,-173.29208374023438,-30.012001037597656
49.451,goal,-21.830583572387695,-173.4502716064453,-30.011634826660156
49.483,goal,-21.849470138549805,-173.60836791992188,-30.011226654052734
49.517,goal,-21.8684024810791,-173.76638793945312,-30.010761260986328
49.551,goal,-21.887405395507812,-173.92434692382812,-30.010234832763672
49.583,goal,-21.906505584716797,-174.08224487304688,-30.009532928466797
49.617,goal,-21.9305419921875,-174.27955627441406,-30.008583068847656
49.651,goal,-21.94985008239746,-174.43736267089844,-30.007801055908203
49.683,goal,-21.969196319580078,-174.59507751464844,-30.007030487060547
49.717,goal,-21.98856544494629,-174.75271606445312,-30.006267547607422
49.751,goal,-22.007936477661133,-174.9103240966797,-30.00556182861328
49.783,goal,-22.027341842651367,-175.0679168701172,-30.004863739013672
49.817,goal,-22.051639556884766,-175.26492309570312,-30.003902435302734
49.851,goal,-22.071170806884766,-175.4225311279297,-30.003067016601562
49.883,goal,-22.090835571289062,-175.5801544189453,-30.002151489257812
49.917,goal,-22.11057472229004,-175.73777770996094,-30.00125503540039
49.951,goal,-22.130414962768555,-175.89537048339844,-30.000370025634766
49.983,goal,-22.150291442871094,-176.05294799804688,-29.99954605102539
50.017,goal,-22.1751708984375,-176.24998474121094,-29.99853515625
50.051,goal,-22.195072174072266,-176.40768432617188,-29.997730255126953
50.083,goal,-22.2149600982666,-176.56546020507812,-29.996906280517578
50.117,goal,-22.23480987548828,-176.7233123779297,-29.99609375
50.151,goal,-22.254627227783203,-176.88125610351562,-29.995277404785156
50.183,goal,-22.274398803710938,-177.0392303466797,-29.99447250366211
50.217,goal,-22.298995971679688,-177.2367401123047,-29.993484497070312
50.251,goal,-22.318498611450195,-177.3948211669922,-29.992752075195312
50.283,goal,-22.337867736816406,-177.55296325683594,-29.992122650146484
50.317,goal,-22.357057571411133,-177.7111358642578,-29.991596221923828
50.351,goal,-22.376068115234375,-177.8693084716797,-29.99120330810547
50.383,goal,-22.39495086669922,-178.02749633789062,-29.990821838378906
50.417,goal,-22.418458938598633,-178.2252960205078,-29.990554809570312
50.451,goal,-22.437171936035156,-178.383544921875,-29.99054718017578
50.483,goal,-22.45582389831543,-178.54177856445312,-29.990718841552734
50.517,goal,-22.474395751953125,-178.70001220703125,-29.990951538085938
50.551,goal,-22.4929256439209,-178.85818481445312,-29.991230010986328
50.583,goal,-22.51146125793457,-179.01632690429688,-29.991573333740234
50.617,goal,-22.534536361694336,-179.21397399902344,-29.992027282714844
50.651,goal,-22.55295181274414,-179.3720703125,-29.992374420166016
50.683,goal,-22.571353912353516,-179.53018188476562,-29.99268341064453
50.717,goal,-22.589693069458008,-179.68826293945312,-29.992942810058594
50.751,goal,-22.608015060424805,-179.8463134765625,-29.99317169189453
50.783,goal,-22.62632179260254,-180.0043182373047,-29.993389129638672
50.817,goal,-22.649118423461914,-180.20179748535156,-29.99362564086914
50.851,goal,-22.667335510253906,-180.35972595214844,-29.993846893310547
50.883,goal,-22.685556411743164,-180.51760864257812,-29.99413299560547
50.917,goal,-22.703786849975586,-180.67544555664062,-29.99441146850586
50.951,goal,-22.722042083740234,-180.83328247070312,-29.99468231201172
50.983,goal,-22.740360260009766,-180.9910125732422,-29.995006561279297
51.017,goal,-22.763254165649414,-181.18801879882812,-29.99538803100586
51.051,goal,-22.781618118286133,-181.34561157226562,-29.99570083618164
51.083,goal,-22.800033569335938,-181.503173828125,-29.996028900146484
51.117,goal,-22.8184814453125,-181.6607666015625,-29.996417999267578
51.151,goal,-22.83698272705078,-181.81842041015625,-29.996856689453125
51.184,goal,-22.855546951293945,-181.97610473632812,-29.99734115600586
51.218,goal,-22.878833770751953,-182.1732940673828,-29.997913360595703
51.252,goal,-22.89750862121582,-182.33111572265625,-29.99831771850586
51.284,goal,-22.916189193725586,-182.4890594482422,-29.998699188232422
51.318,goal,-22.934885025024414,-182.6470947265625,-29.999000549316406
51.352,goal,-22.953611373901367,-182.80516052246094,-29.999244689941406
51.384,goal,-22.97234535217285,-182.96327209472656,-29.99950408935547
51.418,goal,-22.99578094482422,-183.1609344482422,-29.99982452392578
51.452,goal,-23.014528274536133,-183.31912231445312,-30.000106811523438
51.484,goal,-23.033281326293945,-183.47735595703125,-30.000423431396484
51.518,goal,-23.05198097229004,-183.63560485839844,-30.000755310058594
51.552,goal,-23.070634841918945,-183.79383850097656,-30.001060485839844
51.584,goal,-23.089271545410156,-183.9520263671875,-30.001266479492188
51.618,goal,-23.112600326538086,-184.14971923828125,-30.001453399658203
51.652,goal,-23.131330490112305,-184.3078155517578,-30.00156021118164
51.684,goal,-23.150102615356445,-184.46591186523438,-30.00164794921875
51.718,goal,-23.168880462646484,-184.62405395507812,-30.001781463623047
51.752,goal,-23.187652587890625,-184.7822265625,-30.001934051513672
51.784,goal,-23.206382751464844,-184.94041442871094,-30.002174377441406
51.818,goal,-23.229772567749023,-185.13815307617188,-30.002593994140625
51.852,goal,-23.248485565185547,-185.29640197753906,-30.0029296875
51.884,goal,-23.26720428466797,-185.45468139648438,-30.003189086914062
51.918,goal,-23.285907745361328,-185.6129150390625,-30.003467559814453
51.952,goal,-23.30459976196289,-185.7711181640625,-30.003734588623047
51.984,goal,-23.323312759399414,-185.9292755126953,-30.00389862060547
52.018,goal,-23.346755981445312,-186.12689208984375,-30.004016876220703
52.052,goal,-23.365509033203125,-186.28489685058594,-30.004024505615234
52.084,goal,-23.384235382080078,-186.4428253173828,-30.003929138183594
52.118,goal,-23.402969360351562,-186.60073852539062,-30.003799438476562
52.152,goal,-23.42176628112793,-186.75860595703125,-30.00362777709961
52.184,goal,-23.440656661987305,-186.91636657714844,-30.003360748291016
52.218,goal,-23.46440887451172,-187.11343383789062,-30.00296401977539
52.252,goal,-23.483474731445312,-187.27102661132812,-30.00263214111328
52.284,goal,-23.50258445739746,-187.4285888671875,-30.002323150634766
52.318,goal,-23.521692276000977,-187.58604431152344,-30.002002716064453
52.352,goal,-23.54076385498047,-187.74342346191406,-30.00168228149414
52.384,goal,-23.559837341308594,-187.90074157714844,-30.00140380859375
52.418,goal,-23.583738327026367,-188.09738159179688,-30.001129150390625
52.452,goal,-23.602937698364258,-188.2546844482422,-30.000957489013672
52.484,goal,-23.62216567993164,-188.41200256347656,-30.00082778930664
52.518,goal,-23.641403198242188,-188.56935119628906,-30.000720977783203
52.552,goal,-23.660648345947266,-188.72674560546875,-30.000633239746094
52.584,goal,-23.679933547973633,-188.8841552734375,-30.000553131103516
52.618,goal,-23.704126358032227,-189.08094787597656,-30.000476837158203
52.652,goal,-23.723554611206055,-189.23841857910156,-30.000411987304688
52.684,goal,-23.74304962158203,-189.39593505859375,-30.000389099121094
52.718,goal,-23.7625675201416,-189.55349731445312,-30.000362396240234
52.752,goal,-23.782093048095703,-189.7111358642578,-30.00033187866211
52.784,goal,-23.801633834838867,-189.86888122558594,-30.000385284423828
52.818,goal,-23.82609748840332,-190.066162109375,-30.00048065185547
52.852,goal,-23.845693588256836,-190.2240753173828,-30.00058364868164
52.884,goal,-23.865297317504883,-190.38206481933594,-30.000709533691406
52.918,goal,-23.884885787963867,-190.5401153564453,-30.000843048095703
52.952,goal,-23.90444564819336,-190.69818115234375,-30.00098419189453
52.984,goal,-23.92401695251465,-190.8562774658203,-30.00115203857422
53.018,goal,-23.94853401184082,-191.05393981933594,-30.001323699951172
53.052,goal,-23.96817398071289,-191.21205139160156,-30.00147247314453
53.084,goal,-23.987802505493164,-191.37008666992188,-30.00162124633789
53.118,goal,-24.007444381713867,-191.52806091308594,-30.001781463623047
53.152,goal,-24.02707862854004,-191.68601989746094,-30.001937866210938
53.184,goal,-24.04669189453125,-191.843994140625,-30.00200653076172
53.218,goal,-24.07119369506836,-192.04141235351562,-30.002071380615234
53.252,goal,-24.090837478637695,-192.19940185546875,-30.00208282470703
53.284,goal,-24.11048126220703,-192.357421875,-30.00206756591797
53.318,goal,-24.130104064941406,-192.5154266357422,-30.002063751220703
53.352,goal,-24.149669647216797,-192.67337036132812,-30.0020751953125
53.384,goal,-24.1691951751709,-192.8312530517578,-30.002044677734375
53.418,goal,-24.193571090698242,-193.0286102294922,-30.002037048339844
53.452,goal,-24.213054656982422,-193.18649291992188,-30.001998901367188
53.484,goal,-24.2325439453125,-193.3444061279297,-30.001930236816406
53.518,goal,-24.252023696899414,-193.5023193359375,-30.00180435180664
53.552,goal,-24.271516799926758,-193.66024780273438,-30.001632690429688
53.584,goal,-24.291051864624023,-193.81822204589844,-30.00133514404297
53.618,goal,-24.31546974182129,-194.01571655273438,-30.000957489013672
53.652,goal,-24.335025787353516,-194.17373657226562,-30.00064468383789
53.684,goal,-24.35464096069336,-194.331787109375,-30.00031280517578
53.718,goal,-24.37427520751953,-194.48983764648438,-30.000015258789062
53.752,goal,-24.39391326904297,-194.6478729248047,-29.99978256225586
53.784,goal,-24.41356658935547,-194.8058624267578,-29.999652862548828
53.818,goal,-24.438064575195312,-195.0032958984375,-29.99960708618164
53.852,goal,-24.45760154724121,-195.1612091064453,-29.99962615966797
53.884,goal,-24.477087020874023,-195.3190155029297,-29.999652862548828
53.918,goal,-24.496545791625977,-195.4767303466797,-29.999736785888672
53.952,goal,-24.515981674194336,-195.6343994140625,-29.999874114990234
53.984,goal,-24.53538703918457,-195.79209899902344,-30.000064849853516
54.018,goal,-24.559690475463867,-195.98928833007812,-30.00035858154297
54.052,goal,-24.57916831970215,-196.14712524414062,-30.000633239746094
54.084,goal,-24.598722457885742,-196.30506896972656,-30.000919342041016
54.118,goal,-24.618310928344727,-196.4630584716797,-30.00115966796875
54.152,goal,-24.637941360473633,-196.6210479736328,-30.001415252685547
54.184,goal,-24.65755271911621,-196.77902221679688,-30.001651763916016
54.218,goal,-24.68216323852539,-196.9764404296875,-30.001956939697266
54.252,goal,-24.701919555664062,-197.1343536376953,-30.002178192138672
54.284,goal,-24.72173500061035,-197.29225158691406,-30.002323150634766
54.318,goal,-24.741605758666992,-197.4501953125,-30.002483367919922
54.352,goal,-24.76151466369629,-197.60818481445312,-30.00265884399414
54.384,goal,-24.78145980834961,-197.76620483398438,-30.00290298461914
54.418,goal,-24.806394577026367,-197.9636993408203,-30.003185272216797
54.452,goal,-24.82628059387207,-198.12171936035156,-30.003437042236328
54.484,goal,-24.84612274169922,-198.27975463867188,-30.003734588623047
54.518,goal,-24.865957260131836,-198.4378662109375,-30.004032135009766
54.552,goal,-24.885820388793945,-198.59605407714844,-30.00429916381836
54.584,goal,-24.905742645263672,-198.7543182373047,-30.004501342773438
54.618,goal,-24.93074607849121,-198.9521942138672,-30.00467300415039
54.652,goal,-24.950794219970703,-199.1105194091797,-30.004764556884766
54.684,goal,-24.97092056274414,-199.26885986328125,-30.004844665527344
54.718,goal,-24.99112319946289,-199.42721557617188,-30.004837036132812
54.752,goal,-25.011371612548828,-199.58555603027344,-30.00478744506836
54.784,goal,-25.031661987304688,-199.74388122558594,-30.004779815673828
54.818,goal,-25.057052612304688,-199.94180297851562,-30.00484848022461
54.852,goal,-25.077367782592773,-200.1001739501953,-30.004940032958984
54.884,goal,-25.097692489624023,-200.25856018066406,-30.005016326904297
54.918,goal,-25.118005752563477,-200.41696166992188,-30.00510025024414
54.952,goal,-25.138324737548828,-200.57537841796875,-30.005184173583984
54.984,goal,-25.158710479736328,-200.7338104248047,-30.00524139404297
55.018,goal,-25.184255599975586,-200.93191528320312,-30.005264282226562
55.052,goal,-25.2047061920166,-201.0904083251953,-30.005218505859375
55.084,goal,-25.225141525268555,-201.2489013671875,-30.005111694335938
55.118,goal,-25.245555877685547,-201.40737915039062,-30.004985809326172
55.152,goal,-25.265979766845703,-201.56585693359375,-30.004840850830078
55.184,goal,-25.286409378051758,-201.7243194580078,-30.004669189453125
55.218,goal,-25.311996459960938,-201.92237854003906,-30.004268646240234
55.252,goal,-25.332481384277344,-202.08082580566406,-30.00385284423828
55.284,goal,-25.352949142456055,-202.2393035888672,-30.00341796875
55.318,goal,-25.373382568359375,-202.3978271484375,-30.002941131591797
55.352,goal,-25.393781661987305,-202.55641174316406,-30.002418518066406
55.384,goal,-25.414146423339844,-202.71502685546875,-30.00189208984375
55.418,goal,-25.439586639404297,-202.91329956054688,-30.001129150390625
55.452,goal,-25.459888458251953,-203.0718994140625,-30.00049591064453
55.484,goal,-25.480154037475586,-203.23045349121094,-29.99984359741211
55.518,goal,-25.500425338745117,-203.38897705078125,-29.99917221069336
55.552,goal,-25.520723342895508,-203.54745483398438,-29.998523712158203
55.584,goal,-25.54100799560547,-203.70590209960938,-29.99785614013672
55.618,goal,-25.566272735595703,-203.90386962890625,-29.99694061279297
55.652,goal,-25.586414337158203,-204.06214904785156,-29.996196746826172
55.684,goal,-25.60650634765625,-204.22039794921875,-29.99547576904297
55.718,goal,-25.626544952392578,-204.3785858154297,-29.994815826416016
55.752,goal,-25.646514892578125,-204.53677368164062,-29.994213104248047
55.784,goal,-25.666414260864258,-204.69496154785156,-29.993743896484375
55.818,goal,-25.691192626953125,-204.89273071289062,-29.9932861328125
55.852,goal,-25.710996627807617,-205.05093383789062,-29.992969512939453
55.884,goal,-25.730756759643555,-205.20913696289062,-29.992721557617188
55.918,goal,-25.750463485717773,-205.36734008789062,-29.99251937866211
55.952,goal,-25.77012062072754,-205.5255584716797,-29.992366790771484
55.984,goal,-25.789731979370117,-205.68377685546875,-29.992279052734375
56.018,goal,-25.814180374145508,-205.8814697265625,-29.992206573486328
56.052,goal,-25.83370590209961,-206.03955078125,-29.992156982421875
56.084,goal,-25.853191375732422,-206.19754028320312,-29.992145538330078
56.118,goal,-25.872615814208984,-206.35548400878906,-29.99211883544922
56.152,goal,-25.892000198364258,-206.51341247558594,-29.992080688476562
56.184,goal,-25.91136360168457,-206.67132568359375,-29.992115020751953
56.218,goal,-25.9355411529541,-206.8687286376953,-29.99217987060547
56.252,goal,-25.954835891723633,-207.0266571044922,-29.992286682128906
56.284,goal,-25.974037170410156,-207.18455505371094,-29.992446899414062
56.318,goal,-25.993146896362305,-207.34242248535156,-29.99260711669922
56.352,goal,-26.012187957763672,-207.50022888183594,-29.99279022216797
56.384,goal,-26.031190872192383,-207.65797424316406,-29.992977142333984
56.418,goal,-26.054903030395508,-207.85511779785156,-29.99317169189453
56.452,goal,-26.073841094970703,-208.01284790039062,-29.993297576904297
56.484,goal,-26.092769622802734,-208.17059326171875,-29.993465423583984
56.518,goal,-26.11174964904785,-208.32830810546875,-29.993637084960938
56.552,goal,-26.130813598632812,-208.4860076904297,-29.993824005126953
56.584,goal,-26.149965286254883,-208.64369201660156,-29.994022369384766
56.618,goal,-26.173995971679688,-208.84083557128906,-29.994300842285156
56.652,goal,-26.193256378173828,-208.99862670898438,-29.994571685791016
56.684,goal,-26.212562561035156,-209.1565399169922,-29.994895935058594
56.718,goal,-26.23186492919922,-209.31455993652344,-29.995288848876953
56.752,goal,-26.251201629638672,-209.47264099121094,-29.995758056640625
56.784,goal,-26.270584106445312,-209.6306610107422,-29.99626922607422
56.818,goal,-26.294919967651367,-209.82821655273438,-29.996952056884766
56.852,goal,-26.314453125,-209.98626708984375,-29.997528076171875
56.884,goal,-26.334016799926758,-210.144287109375,-29.998077392578125
56.918,goal,-26.353612899780273,-210.30227661132812,-29.998600006103516
56.952,goal,-26.373287200927734,-210.46022033691406,-29.999053955078125
56.984,goal,-26.393009185791016,-210.6181640625,-29.999584197998047
57.018,goal,-26.417739868164062,-210.8155975341797,-30.000198364257812
57.052,goal,-26.437589645385742,-210.97348022460938,-30.000667572021484
57.084,goal,-26.45745849609375,-211.13134765625,-30.001129150390625
57.118,goal,-26.477394104003906,-211.2892303466797,-30.001636505126953
57.152,goal,-26.49738883972168,-211.44717407226562,-30.002197265625
57.184,goal,-26.517433166503906,-211.60516357421875,-30.002769470214844
57.218,goal,-26.5426082611084,-211.80274963378906,-30.003528594970703
57.252,goal,-26.56276512145996,-211.96084594726562,-30.004199981689453
57.284,goal,-26.582862854003906,-212.11898803710938,-30.004844665527344
57.318,goal,-26.60291862487793,-212.27716064453125,-30.00551986694336
57.352,goal,-26.62293815612793,-212.43536376953125,-30.006210327148438
57.384,goal,-26.642988204956055,-212.5935821533203,-30.006927490234375
57.418,goal,-26.66811180114746,-212.79139709472656,-30.007736206054688
57.452,goal,-26.688278198242188,-212.94970703125,-30.00829315185547
57.484,goal,-26.70853614807129,-213.10804748535156,-30.008808135986328
57.518,goal,-26.728853225708008,-213.2664337158203,-30.009296417236328
57.552,goal,-26.749189376831055,-213.42486572265625,-30.009735107421875
57.584,goal,-26.769542694091797,-213.58322143554688,-30.010173797607422
57.618,goal,-26.795053482055664,-213.78109741210938,-30.010669708251953
57.652,goal,-26.815473556518555,-213.9392852783203,-30.011001586914062
57.684,goal,-26.835914611816406,-214.097412109375,-30.011337280273438
57.718,goal,-26.856393814086914,-214.25550842285156,-30.011768341064453
57.752,goal,-26.876911163330078,-214.4136199951172,-30.01226806640625
57.784,goal,-26.89744758605957,-214.57177734375,-30.012821197509766
57.818,goal,-26.923118591308594,-214.76951599121094,-30.01335906982422
57.852,goal,-26.943647384643555,-214.92771911621094,-30.013687133789062
57.884,goal,-26.964157104492188,-215.0859375,-30.01398468017578
57.918,goal,-26.98462677001953,-215.2441864013672,-30.01421356201172
57.952,goal,-27.005083084106445,-215.40245056152344,-30.01439666748047
57.984,goal,-27.0255069732666,-215.56076049804688,-30.014511108398438
58.018,goal,-27.05099105834961,-215.7586669921875,-30.014690399169922
58.052,goal,-27.07129669189453,-215.91700744628906,-30.014812469482422
58.084,goal,-27.091514587402344,-216.0753631591797,-30.014850616455078
58.118,goal,-27.111650466918945,-216.23370361328125,-30.01486587524414
58.152,goal,-27.131710052490234,-216.3920135498047,-30.014854431152344
58.184,goal,-27.15171241760254,-216.55026245117188,-30.01486587524414
58.218,goal,-27.176620483398438,-216.748046875,-30.014862060546875
58.252,goal,-27.19644546508789,-216.9063262939453,-30.01479721069336
58.284,goal,-27.216232299804688,-217.064697265625,-30.014667510986328
58.318,goal,-27.236000061035156,-217.22314453125,-30.014495849609375
58.352,goal,-27.2557430267334,-217.3816375732422,-30.014301300048828
58.384,goal,-27.27549171447754,-217.54014587402344,-30.014053344726562
58.418,goal,-27.300199508666992,-217.73825073242188,-30.01388931274414
58.452,goal,-27.319965362548828,-217.8967742919922,-30.01380157470703
58.484,goal,-27.339698791503906,-218.05535888671875,-30.01370620727539
58.518,goal,-27.3593692779541,-218.21400451660156,-30.013561248779297
58.552,goal,-27.378984451293945,-218.3726806640625,-30.013351440429688
58.584,goal,-27.398550033569336,-218.53138732910156,-30.01314926147461
58.618,goal,-27.422945022583008,-218.729736328125,-30.012775421142578
58.652,goal,-27.44236183166504,-218.8883056640625,-30.01239013671875
58.684,goal,-27.461681365966797,-219.04681396484375,-30.01195526123047
58.718,goal,-27.48090934753418,-219.20523071289062,-30.011455535888672
58.752,goal,-27.50004005432129,-219.3635711669922,-30.01093292236328
58.784,goal,-27.519094467163086,-219.52183532714844,-30.010448455810547
58.818,goal,-27.542919158935547,-219.71951293945312,-30.009807586669922
58.852,goal,-27.562049865722656,-219.87753295898438,-30.009353637695312
58.885,goal,-27.581205368041992,-220.03543090820312,-30.008968353271484
58.919,goal,-27.60039710998535,-220.1931610107422,-30.00860595703125
58.953,goal,-27.619640350341797,-220.35081481933594,-30.00829315185547
58.985,goal,-27.638933181762695,-220.5084228515625,-30.008014678955078
59.019,goal,-27.663095474243164,-220.70541381835938,-30.007770538330078
59.053,goal,-27.68242645263672,-220.86300659179688,-30.007644653320312
59.085,goal,-27.701732635498047,-221.0205841064453,-30.00756072998047
59.119,goal,-27.720977783203125,-221.17813110351562,-30.007583618164062
59.153,goal,-27.740169525146484,-221.33563232421875,-30.007648468017578
59.185,goal,-27.759302139282227,-221.49305725097656,-30.007797241210938
59.219,goal,-27.783130645751953,-221.68980407714844,-30.00802993774414
59.253,goal,-27.802165985107422,-221.84719848632812,-30.008281707763672
59.285,goal,-27.82119369506836,-222.0045928955078,-30.008636474609375
59.319,goal,-27.840206146240234,-222.16200256347656,-30.009113311767578
59.353,goal,-27.859224319458008,-222.31942749023438,-30.009662628173828
59.385,goal,-27.878244400024414,-222.4768524169922,-30.01016616821289
59.419,goal,-27.902021408081055,-222.67364501953125,-30.010726928710938
59.453,goal,-27.921009063720703,-222.83103942871094,-30.0111083984375
59.485,goal,-27.93996238708496,-222.9883270263672,-30.011425018310547
59.519,goal,-27.958871841430664,-223.1455078125,-30.011703491210938
59.553,goal,-27.97774887084961,-223.30264282226562,-30.01193618774414
59.585,goal,-27.996620178222656,-223.45974731445312,-30.01205825805664
59.619,goal,-28.020185470581055,-223.65606689453125,-30.01209259033203
59.653,goal,-28.039045333862305,-223.81312561035156,-30.012088775634766
59.685,goal,-28.05791473388672,-223.97019958496094,-30.012123107910156
59.719,goal,-28.076791763305664,-224.1273193359375,-30.01209259033203
59.753,goal,-28.09572410583496,-224.2845001220703,-30.011993408203125
59.785,goal,-28.114707946777344,-224.4418182373047,-30.0118408203125
59.819,goal,-28.138450622558594,-224.63864135742188,-30.011516571044922
59.853,goal,-28.157453536987305,-224.79620361328125,-30.011199951171875
59.885,goal,-28.176481246948242,-224.95394897460938,-30.01087188720703
59.919,goal,-28.19556999206543,-225.11187744140625,-30.010513305664062
59.953,goal,-28.214689254760742,-225.2698516845703,-30.010120391845703
59.985,goal,-28.233858108520508,-225.42791748046875,-30.009735107421875
60.019,goal,-28.257863998413086,-225.62559509277344,-30.00918197631836
60.053,goal,-28.27707290649414,-225.78384399414062,-30.00867462158203
60.085,goal,-28.296300888061523,-225.9422149658203,-30.008129119873047
60.119,goal,-28.315540313720703,-226.10069274902344,-30.007564544677734
60.153,goal,-28.334815979003906,-226.25930786132812,-30.006969451904297
60.185,goal,-28.354097366333008,-226.4180450439453,-30.006454467773438
60.219,goal,-28.3781795501709,-226.6165313720703,-30.005908966064453
60.253,goal,-28.397403717041016,-226.77540588378906,-30.005584716796875
60.285,goal,-28.41655731201172,-226.93434143066406,-30.005279541015625
60.319,goal,-28.43568229675293,-227.09332275390625,-30.00499725341797
60.353,goal,-28.454763412475586,-227.2522735595703,-30.004722595214844
60.385,goal,-28.473838806152344,-227.41116333007812,-30.00448226928711
60.419,goal,-28.49772834777832,-227.60975646972656,-30.00433349609375
60.453,goal,-28.516847610473633,-227.76858520507812,-30.0042724609375
60.485,goal,-28.535966873168945,-227.92735290527344,-30.004199981689453
60.519,goal,-28.55512046813965,-228.08599853515625,-30.004173278808594
60.553,goal,-28.574342727661133,-228.2445068359375,-30.00412368774414
60.585,goal,-28.59355926513672,-228.40292358398438,-30.00408935546875
60.619,goal,-28.617612838745117,-228.60084533691406,-30.004016876220703
60.653,goal,-28.636926651000977,-228.7590789794922,-30.003921508789062
60.685,goal,-28.656299591064453,-228.9172821044922,-30.003795623779297
60.719,goal,-28.675703048706055,-229.07546997070312,-30.003658294677734
60.753,goal,-28.695125579833984,-229.23362731933594,-30.003524780273438
60.785,goal,-28.714506149291992,-229.39173889160156,-30.003280639648438
60.819,goal,-28.738666534423828,-229.58934020996094,-30.002960205078125
60.853,goal,-28.757946014404297,-229.7473602294922,-30.002716064453125
60.885,goal,-28.777141571044922,-229.90530395507812,-30.002460479736328
60.919,goal,-28.79630470275879,-230.0631866455078,-30.002220153808594
60.953,goal,-28.815462112426758,-230.22103881835938,-30.00202178955078
60.985,goal,-28.83463478088379,-230.37890625,-30.001903533935547
61.019,goal,-28.858610153198242,-230.5761260986328,-30.001853942871094
61.053,goal,-28.877798080444336,-230.73387145996094,-30.00189971923828
61.085,goal,-28.89701271057129,-230.89161682128906,-30.00204849243164
61.119,goal,-28.91626739501953,-231.04931640625,-30.002227783203125
61.153,goal,-28.935579299926758,-231.2069854736328,-30.002422332763672
61.185,goal,-28.954931259155273,-231.3646697998047,-30.002593994140625
61.219,goal,-28.97916030883789,-231.56178283691406,-30.002849578857422
61.253,goal,-28.99854850769043,-231.71946716308594,-30.0030517578125
61.285,goal,-29.017894744873047,-231.8771209716797,-30.00320053100586
61.319,goal,-29.037185668945312,-232.0347442626953,-30.003379821777344
61.353,goal,-29.056440353393555,-232.19236755371094,-30.003589630126953
61.386,goal,-29.075660705566406,-232.3500213623047,-30.003795623779297
61.420,goal,-29.09970474243164,-232.54713439941406,-30.004085540771484
61.454,goal,-29.118976593017578,-232.70486450195312,-30.00430679321289
61.486,goal,-29.1382999420166,-232.86260986328125,-30.004486083984375
61.520,goal,-29.15766716003418,-233.02037048339844,-30.00463104248047
61.554,goal,-29.177104949951172,-233.17808532714844,-30.00475311279297
61.586,goal,-29.19656753540039,-233.33575439453125,-30.004863739013672
61.620,goal,-29.220949172973633,-233.53277587890625,-30.004947662353516
61.654,goal,-29.24049186706543,-233.6903533935547,-30.004981994628906
61.686,goal,-29.260046005249023,-233.84788513183594,-30.0050048828125
61.720,goal,-29.27960777282715,-234.0054473876953,-30.00497817993164
61.754,goal,-29.299190521240234,-234.16310119628906,-30.004905700683594
61.786,goal,-29.31878089904785,-234.32080078125,-30.004837036132812
61.820,goal,-29.343303680419922,-234.51788330078125,-30.00478744506836
61.854,goal,-29.362995147705078,-234.675537109375,-30.004817962646484
61.886,goal,-29.382770538330078,-234.83316040039062,-30.004932403564453
61.920,goal,-29.40259552001953,-234.99078369140625,-30.005050659179688
61.954,goal,-29.42246437072754,-235.1483917236328,-30.005142211914062
61.986,goal,-29.442373275756836,-235.30604553222656,-30.005260467529297
62.020,goal,-29.467243194580078,-235.50318908691406,-30.005409240722656
62.054,goal,-29.487104415893555,-235.66094970703125,-30.005512237548828
62.086,goal,-29.506946563720703,-235.8187255859375,-30.00560760498047
62.120,goal,-29.526762008666992,-235.9765625,-30.00564956665039
62.154,goal,-29.546539306640625,-236.13442993164062,-30.00562286376953
62.186,goal,-29.566272735595703,-236.2922821044922,-30.00560760498047
62.220,goal,-29.590822219848633,-236.4894561767578,-30.005577087402344
62.255,goal,-29.610336303710938,-236.64694213867188,-30.005584716796875
62.286,goal,-29.629777908325195,-236.80406188964844,-30.005645751953125
62.320,goal,-29.649118423461914,-236.9605712890625,-30.005847930908203
62.354,goal,-29.66834259033203,-237.11627197265625,-30.006229400634766
62.386,goal,-29.687423706054688,-237.2708740234375,-30.006851196289062
62.420,goal,-29.711055755615234,-237.4622039794922,-30.00788116455078
62.454,goal,-29.729755401611328,-237.61346435546875,-30.00896453857422
62.486,goal,-29.748184204101562,-237.7628936767578,-30.010299682617188
62.520,approach,-29.76634407043457,-237.91026306152344,-30.011856079101562
62.554,approach,-29.784269332885742,-238.0556182861328,-30.011764526367188
62.586,approach,-29.802135467529297,-238.1996307373047,-30.005882263183594
62.620,approach,-29.824373245239258,-238.37770080566406,-29.98898696899414
62.654,approach,-29.842037200927734,-238.5184783935547,-29.968013763427734
62.686,approach,-29.859516143798828,-238.65760803222656,-29.940940856933594
62.720,approach,-29.876758575439453,-238.79486083984375,-29.908409118652344
62.754,approach,-29.893672943115234,-238.92991638183594,-29.87130355834961
62.786,approach,-29.910181045532227,-239.0624237060547,-29.83045196533203
62.820,approach,-29.93017578125,-239.22402954101562,-29.775264739990234
62.854,approach,-29.945606231689453,-239.34974670410156,-29.728649139404297
62.886,approach,-29.960451126098633,-239.47189331054688,-29.68029022216797
62.920,approach,-29.974693298339844,-239.59019470214844,-29.630630493164062
62.954,approach,-29.98829460144043,-239.70445251464844,-29.579986572265625
62.986,approach,-30.001218795776367,-239.81446838378906,-29.528636932373047
63.020,approach,-30.01639747619629,-239.94593811035156,-29.463787078857422
63.054,approach,-30.027690887451172,-240.04600524902344,-29.411495208740234
63.086,approach,-30.03818130493164,-240.14151000976562,-29.35899543762207
63.120,approach,-30.047956466674805,-240.232666015625,-29.306344985961914
63.154,approach,-30.056900024414062,-240.3192596435547,-29.25354766845703
63.186,approach,-30.06501579284668,-240.4012908935547,-29.2005558013916
63.220,approach,-30.074012756347656,-240.4975128173828,-29.134153366088867
63.254,approach,-30.080219268798828,-240.56936645507812,-29.080944061279297
63.286,approach,-30.085567474365234,-240.63674926757812,-29.02768898010254
63.320,approach,-30.09012222290039,-240.69976806640625,-28.974395751953125
63.354,approach,-30.093914031982422,-240.75851440429688,-28.921098709106445
63.386,approach,-30.09706687927246,-240.8133087158203,-28.86789321899414
63.420,approach,-30.10004425048828,-240.8761749267578,-28.801401138305664
63.454,approach,-30.10166358947754,-240.92193603515625,-28.748300552368164
63.486,approach,-30.102710723876953,-240.96385192871094,-28.69533920288086
63.520,approach,-30.103214263916016,-241.0020751953125,-28.642505645751953
63.554,approach,-30.10323143005371,-241.03665161132812,-28.589746475219727
63.586,approach,-30.102783203125,-241.0677490234375,-28.537099838256836
63.620,approach,-30.1016902923584,-241.10195922851562,-28.471439361572266
63.654,approach,-30.100393295288086,-241.12579345703125,-28.419031143188477
63.686,approach,-30.09874153137207,-241.1466064453125,-28.366708755493164
63.720,approach,-30.096738815307617,-241.16444396972656,-28.314517974853516
63.754,approach,-30.09440803527832,-241.17947387695312,-28.262496948242188
63.786,approach,-30.091760635375977,-241.1917724609375,-28.210630416870117
63.820,approach,-30.087934494018555,-241.2035369873047,-28.14592170715332
63.854,approach,-30.08448600769043,-241.2103271484375,-28.094223022460938
63.886,approach,-30.08078384399414,-241.21498107910156,-28.04256820678711
63.920,approach,-30.076770782470703,-241.2176971435547,-27.9910831451416
63.954,approach,-30.07245635986328,-241.21859741210938,-27.939733505249023
63.986,approach,-30.06789779663086,-241.21774291992188,-27.888561248779297
64.020,approach,-30.06195068359375,-241.21444702148438,-27.82477378845215
64.054,approach,-30.05707550048828,-241.2101287841797,-27.773895263671875
64.086,approach,-30.05207633972168,-241.20448303222656,-27.723167419433594
64.120,approach,-30.04694938659668,-241.1976318359375,-27.67255973815918
64.154,approach,-30.041790008544922,-241.18960571289062,-27.622058868408203
64.186,approach,-30.036590576171875,-241.1806182861328,-27.571748733520508
64.220,approach,-30.030088424682617,-241.168212890625,-27.509021759033203
64.254,approach,-30.02501106262207,-241.1573944091797,-27.458999633789062
64.286,approach,-30.020109176635742,-241.1459503173828,-27.409175872802734
64.320,approach,-30.015378952026367,-241.13394165039062,-27.35953712463379
64.354,approach,-30.01084327697754,-241.12144470214844,-27.310054779052734
64.386,approach,-30.006502151489258,-241.10853576660156,-27.2607479095459
64.420,approach,-30.00140380859375,-241.0918426513672,-27.199338912963867
64.454,approach,-29.997657775878906,-241.07823181152344,-27.15035057067871
64.486,approach,-29.99420166015625,-241.06446838378906,-27.101472854614258
64.520,approach,-29.99101448059082,-241.0505828857422,-27.052644729614258
64.554,approach,-29.98810577392578,-241.03660583496094,-27.00389862060547
64.586,approach,-29.98546600341797,-241.02259826660156,-26.95526885986328
64.620,approach,-29.98260498046875,-241.0050811767578,-26.894628524780273
64.654,approach,-29.98063850402832,-240.99107360839844,-26.84619140625
64.686,approach,-29.97891616821289,-240.97698974609375,-26.797815322875977
64.720,approach,-29.977401733398438,-240.96304321289062,-26.749486923217773
64.754,approach,-29.97612762451172,-240.9492950439453,-26.701196670532227
64.786,approach,-29.975112915039062,-240.93577575683594,-26.65294647216797
64.820,approach,-29.97421646118164,-240.91920471191406,-26.592708587646484
64.854,approach,-29.97376251220703,-240.90623474121094,-26.544540405273438
64.886,approach,-29.973526000976562,-240.8936004638672,-26.49639320373535
64.920,approach,-29.97345733642578,-240.88128662109375,-26.448240280151367
64.954,approach,-29.97356414794922,-240.86917114257812,-26.400049209594727
64.986,approach,-29.973825454711914,-240.85740661621094,-26.3518009185791
65.020,approach,-29.97425079345703,-240.84327697753906,-26.291391372680664
65.054,approach,-29.974599838256836,-240.83238220214844,-26.242984771728516
65.086,approach,-29.9749698638916,-240.82186889648438,-26.194501876831055
65.120,approach,-29.975339889526367,-240.811767578125,-26.145963668823242
65.154,approach,-29.9757080078125,-240.80209350585938,-26.09736442565918
65.186,approach,-29.97612953186035,-240.7928466796875,-26.048662185668945
65.220,approach,-29.976804733276367,-240.7816925048828,-25.987693786621094
65.254,approach,-29.97743034362793,-240.773193359375,-25.938867568969727
65.286,approach,-29.9781436920166,-240.7650604248047,-25.8900203704834
65.320,approach,-29.978965759277344,-240.75730895996094,-25.841176986694336
65.354,approach,-29.979904174804688,-240.74993896484375,-25.792369842529297
65.386,approach,-29.9809513092041,-240.74295043945312,-25.743669509887695
65.420,approach,-29.982418060302734,-240.73471069335938,-25.682783126831055
65.454,approach,-29.983760833740234,-240.72853088378906,-25.63409423828125
65.486,approach,-29.985219955444336,-240.72256469726562,-25.585426330566406
65.520,approach,-29.986846923828125,-240.71701049804688,-25.536863327026367
65.554,approach,-29.98863983154297,-240.71180725097656,-25.488378524780273
65.586,approach,-29.990644454956055,-240.70693969726562,-25.4399356842041
65.620,approach,-29.993383407592773,-240.7012481689453,-25.37952423095703
65.654,approach,-29.995763778686523,-240.697021484375,-25.331296920776367
65.686,approach,-29.99829864501953,-240.69305419921875,-25.283105850219727
65.720,approach,-30.00101089477539,-240.6892547607422,-25.23493766784668
65.754,approach,-30.00385284423828,-240.68553161621094,-25.18679428100586
65.786,approach,-30.006790161132812,-240.6820526123047,-25.13865852355957
65.820,approach,-30.0105037689209,-240.677978515625,-25.07845115661621
65.854,approach,-30.01350975036621,-240.6749725341797,-25.03028678894043
65.886,approach,-30.01654052734375,-240.67218017578125,-24.98212242126465
65.920,approach,-30.01961898803711,-240.6695098876953,-24.933971405029297
65.954,approach,-30.022756576538086,-240.6669921875,-24.88583755493164
65.986,approach,-30.02593231201172,-240.66458129882812,-24.837709426879883
66.020,approach,-30.029935836791992,-240.66162109375,-24.77753448486328
66.054,approach,-30.033113479614258,-240.6593475341797,-24.729379653930664
66.086,approach,-30.036304473876953,-240.6571502685547,-24.68121910095215
66.120,approach,-30.03947639465332,-240.65501403808594,-24.633018493652344
66.154,approach,-30.042682647705078,-240.65298461914062,-24.584781646728516
66.186,approach,-30.04587745666504,-240.65103149414062,-24.536521911621094
66.220,approach,-30.04987144470215,-240.64865112304688,-24.47620964050293
66.254,approach,-30.052988052368164,-240.64686584472656,-24.427955627441406
66.286,approach,-30.056076049804688,-240.64501953125,-24.379653930664062
66.320,approach,-30.059093475341797,-240.6431884765625,-24.331418991088867
66.354,approach,-30.062028884887695,-240.6414031982422,-24.28322982788086
66.386,approach,-30.064855575561523,-240.63963317871094,-24.235130310058594
66.420,approach,-30.068235397338867,-240.6374053955078,-24.17511749267578
66.454,approach,-30.070775985717773,-240.6355743408203,-24.127201080322266
66.486,approach,-30.073190689086914,-240.63369750976562,-24.079242706298828
66.520,approach,-30.07552719116211,-240.6317596435547,-24.031307220458984
66.554,approach,-30.077791213989258,-240.62966918945312,-23.983360290527344
66.586,approach,-30.079973220825195,-240.62753295898438,-23.93543243408203
66.620,approach,-30.08255958557129,-240.62477111816406,-23.87542724609375
66.654,approach,-30.084503173828125,-240.62252807617188,-23.82737922668457
66.686,approach,-30.08641242980957,-240.6203155517578,-23.77933120727539
66.720,approach,-30.08824920654297,-240.61813354492188,-23.73126983642578
66.754,approach,-30.089967727661133,-240.61599731445312,-23.683229446411133
66.786,approach,-30.091609954833984,-240.61386108398438,-23.63517189025879
66.820,approach,-30.093538284301758,-240.6111602783203,-23.57517433166504
66.854,approach,-30.095020294189453,-240.60903930664062,-23.527179718017578
66.886,approach,-30.096416473388672,-240.6068878173828,-23.479143142700195
66.920,approach,-30.0977783203125,-240.60470581054688,-23.431123733520508
66.954,approach,-30.099023818969727,-240.6024627685547,-23.383121490478516
66.986,approach,-30.100162506103516,-240.6001434326172,-23.335189819335938
67.020,approach,-30.101484298706055,-240.5972900390625,-23.27527618408203
67.054,approach,-30.10248565673828,-240.59495544433594,-23.227346420288086
67.101,approach,-30.103389739990234,-240.59263610839844,-23.179443359375
67.141,approach,-30.1042423248291,-240.5903778076172,-23.131542205810547
67.175,approach,-30.105064392089844,-240.58816528320312,-23.083675384521484
67.207,approach,-30.10587501525879,-240.5859832763672,-23.03584861755371
67.241,approach,-30.106840133666992,-240.58323669433594,-22.9760684967041
67.275,approach,-30.107540130615234,-240.5810089111328,-22.928251266479492
67.307,approach,-30.108144760131836,-240.5787353515625,-22.88046646118164
67.341,approach,-30.108640670776367,-240.576416015625,-22.83268165588379
67.375,approach,-30.109041213989258,-240.5740509033203,-22.78489112854004
67.407,approach,-30.109329223632812,-240.57167053222656,-22.737140655517578
67.441,approach,-30.109556198120117,-240.5686798095703,-22.677534103393555
67.475,approach,-30.109609603881836,-240.5662841796875,-22.629892349243164
67.507,approach,-30.109542846679688,-240.56390380859375,-22.58232879638672
67.541,approach,-30.109346389770508,-240.56146240234375,-22.5347900390625
67.575,approach,-30.10909652709961,-240.5590057373047,-22.487295150756836
67.607,approach,-30.10878562927246,-240.5565185546875,-22.439849853515625
67.641,approach,-30.108341217041016,-240.55340576171875,-22.3804931640625
67.675,approach,-30.1079044342041,-240.55093383789062,-22.332965850830078
67.708,approach,-30.107372283935547,-240.54847717285156,-22.285465240478516
67.742,approach,-30.10670280456543,-240.54608154296875,-22.23793601989746
67.776,approach,-30.105924606323242,-240.54376220703125,-22.190366744995117
67.809,approach,-30.10504150390625,-240.54147338867188,-22.142742156982422
67.843,approach,-30.103843688964844,-240.53878784179688,-22.083173751831055
67.877,approach,-30.102848052978516,-240.53671264648438,-22.035503387451172
67.909,approach,-30.101839065551758,-240.5347137451172,-21.987916946411133
67.943,approach,-30.100833892822266,-240.53277587890625,-21.94036865234375
67.977,approach,-30.099836349487305,-240.53089904785156,-21.892852783203125
68.009,approach,-30.098840713500977,-240.5290985107422,-21.84536361694336
68.043,approach,-30.09758758544922,-240.5268096923828,-21.786100387573242
68.077,approach,-30.096572875976562,-240.5249481201172,-21.73874282836914
68.109,approach,-30.09554672241211,-240.52305603027344,-21.69142723083496
68.143,approach,-30.09454345703125,-240.52117919921875,-21.644062042236328
68.177,approach,-30.09355354309082,-240.51931762695312,-21.596677780151367
68.209,approach,-30.092594146728516,-240.51754760742188,-21.54936408996582
68.243,approach,-30.091453552246094,-240.51548767089844,-21.49025535583496
68.277,approach,-30.09070587158203,-240.51393127441406,-21.442949295043945
68.309,approach,-30.090110778808594,-240.51243591308594,-21.39558219909668
68.343,approach,-30.089696884155273,-240.51101684570312,-21.348234176635742
68.377,approach,-30.08943748474121,-240.50967407226562,-21.300920486450195
68.409,approach,-30.08930206298828,-240.50840759277344,-21.25358772277832
68.443,approach,-30.08934783935547,-240.50689697265625,-21.194412231445312
68.477,approach,-30.089529037475586,-240.5057830810547,-21.14708137512207
68.509,approach,-30.089811325073242,-240.50477600097656,-21.09976577758789
68.543,approach,-30.090187072753906,-240.50387573242188,-21.052492141723633
68.577,approach,-30.09060287475586,-240.50308227539062,-21.005247116088867
68.609,approach,-30.091041564941406,-240.5023956298828,-20.958087921142578
68.643,approach,-30.091590881347656,-240.5017547607422,-20.899166107177734
68.677,approach,-30.092023849487305,-240.5013885498047,-20.85203742980957
68.709,approach,-30.092496871948242,-240.5011444091797,-20.80495262145996
68.743,approach,-30.093006134033203,-240.50099182128906,-20.757888793945312
68.777,approach,-30.09356117248535,-240.5009002685547,-20.71084213256836
68.809,approach,-30.094144821166992,-240.50088500976562,-20.663898468017578
68.843,approach,-30.094898223876953,-240.5010223388672,-20.60521125793457
68.877,approach,-30.0954532623291,-240.5011749267578,-20.558250427246094
68.909,approach,-30.095951080322266,-240.50135803222656,-20.51124382019043
68.943,approach,-30.096385955810547,-240.50161743164062,-20.464139938354492
68.977,approach,-30.096799850463867,-240.50196838378906,-20.416942596435547
69.009,approach,-30.0971622467041,-240.5023956298828,-20.369712829589844
69.043,approach,-30.097543716430664,-240.50296020507812,-20.31062889099121
69.077,approach,-30.097782135009766,-240.50343322753906,-20.263324737548828
69.109,approach,-30.09796714782715,-240.50384521484375,-20.215957641601562
69.143,approach,-30.09813690185547,-240.50418090820312,-20.168588638305664
69.177,approach,-30.098304748535156,-240.5044403076172,-20.121200561523438
69.209,approach,-30.098445892333984,-240.50466918945312,-20.07381248474121
69.243,approach,-30.098602294921875,-240.50491333007812,-20.014616012573242
69.277,approach,-30.09870147705078,-240.50511169433594,-19.967309951782227
69.309,approach,-30.098756790161133,-240.5053253173828,-19.9200496673584
69.343,approach,-30.098806381225586,-240.50555419921875,-19.87275505065918
69.377,approach,-30.098896026611328,-240.50579833984375,-19.825443267822266
69.409,approach,-30.099069595336914,-240.50607299804688,-19.77820587158203
69.443,approach,-30.099369049072266,-240.50640869140625,-19.71922492980957
69.477,approach,-30.09969139099121,-240.50672912597656,-19.67207908630371
69.509,approach,-30.100133895874023,-240.5070343017578,-19.62494659423828
69.543,approach,-30.100717544555664,-240.50733947753906,-19.57781982421875
69.577,approach,-30.10135841369629,-240.50755310058594,-19.530668258666992
69.609,approach,-30.102062225341797,-240.50775146484375,-19.483530044555664
69.643,approach,-30.103031158447266,-240.5079803466797,-19.424560546875
69.677,approach,-30.103858947753906,-240.508056640625,-19.377397537231445
69.709,approach,-30.104677200317383,-240.508056640625,-19.33021354675293
69.743,approach,-30.105493545532227,-240.50807189941406,-19.283050537109375
69.777,approach,-30.106292724609375,-240.50804138183594,-19.23594856262207
69.809,approach,-30.107072830200195,-240.50794982910156,-19.188901901245117
69.843,approach,-30.108001708984375,-240.50779724121094,-19.13005256652832
69.877,approach,-30.10877227783203,-240.5076446533203,-19.08298110961914
69.909,approach,-30.10955047607422,-240.50753784179688,-19.035924911499023
69.943,approach,-30.110322952270508,-240.50746154785156,-18.9888973236084
69.977,approach,-30.11106300354004,-240.50743103027344,-18.941883087158203
70.009,approach,-30.11177635192871,-240.5074462890625,-18.894752502441406
70.043,approach,-30.112625122070312,-240.50755310058594,-18.835716247558594
70.077,approach,-30.11329460144043,-240.50772094726562,-18.78838348388672
70.109,approach,-30.11397933959961,-240.5079803466797,-18.74099349975586
70.143,approach,-30.1146183013916,-240.50828552246094,-18.69352912902832
70.177,approach,-30.115140914916992,-240.50865173339844,-18.645967483520508
70.209,approach,-30.115520477294922,-240.5090789794922,-18.598302841186523
70.243,approach,-30.115833282470703,-240.50970458984375,-18.53864288330078
70.277,approach,-30.115968704223633,-240.51022338867188,-18.49087905883789
70.309,approach,-30.116039276123047,-240.51075744628906,-18.443096160888672
70.343,approach,-30.116016387939453,-240.51133728027344,-18.395254135131836
70.377,approach,-30.115934371948242,-240.51197814941406,-18.34739875793457
70.409,approach,-30.115758895874023,-240.51258850097656,-18.29953956604004
70.443,approach,-30.11543083190918,-240.51339721679688,-18.23972511291504
70.477,approach,-30.11508560180664,-240.51409912109375,-18.19186782836914
70.509,approach,-30.11467933654785,-240.51486206054688,-18.144004821777344
70.543,approach,-30.114212036132812,-240.51573181152344,-18.096139907836914
70.577,approach,-30.113739013671875,-240.51663208007812,-18.04829978942871
70.609,approach,-30.113189697265625,-240.5175323486328,-18.000553131103516
70.643,approach,-30.112382888793945,-240.51870727539062,-17.94097900390625
70.677,approach,-30.111614227294922,-240.51976013183594,-17.89337730407715
70.710,approach,-30.110763549804688,-240.52084350585938,-17.845836639404297
70.744,approach,-30.109830856323242,-240.52200317382812,-17.798303604125977
70.778,approach,-30.10883903503418,-240.5232391357422,-17.75074005126953
70.810,approach,-30.1077880859375,-240.52450561523438,-17.70317268371582
70.844,approach,-30.1063175201416,-240.526123046875,-17.64375877380371
70.878,approach,-30.104997634887695,-240.5273895263672,-17.596254348754883
70.912,approach,-30.10354232788086,-240.52862548828125,-17.548789978027344
70.946,approach,-30.10198974609375,-240.52981567382812,-17.50130844116211
70.980,approach,-30.100343704223633,-240.5309295654297,-17.453832626342773
71.012,approach,-30.098623275756836,-240.53199768066406,-17.40642547607422
71.046,approach,-30.096370697021484,-240.5332794189453,-17.347169876098633
71.080,approach,-30.094511032104492,-240.5342254638672,-17.299726486206055
71.112,approach,-30.092559814453125,-240.5350799560547,-17.252227783203125
71.146,approach,-30.090513229370117,-240.535888671875,-17.204669952392578
71.180,approach,-30.08841896057129,-240.53663635253906,-17.157108306884766
71.212,approach,-30.086326599121094,-240.53736877441406,-17.109561920166016
71.246,approach,-30.08373260498047,-240.5382080078125,-17.05016326904297
71.280,approach,-30.08162498474121,-240.53883361816406,-17.002655029296875
71.312,approach,-30.079524993896484,-240.53945922851562,-16.955123901367188
71.346,approach,-30.077478408813477,-240.5399932861328,-16.90754508972168
71.380,approach,-30.075532913208008,-240.54043579101562,-16.859893798828125
71.412,approach,-30.07369613647461,-240.5408172607422,-16.812164306640625
71.446,approach,-30.071529388427734,-240.5412139892578,-16.752389907836914
71.480,approach,-30.069869995117188,-240.5414581298828,-16.704538345336914
71.513,approach,-30.068294525146484,-240.5417022705078,-16.656721115112305
71.547,approach,-30.066810607910156,-240.54193115234375,-16.608896255493164
71.580,approach,-30.065433502197266,-240.54217529296875,-16.561059951782227
71.614,approach,-30.064157485961914,-240.54241943359375,-16.5133056640625
71.647,approach,-30.062705993652344,-240.5427703857422,-16.453638076782227
71.681,approach,-30.061613082885742,-240.5431365966797,-16.405908584594727
71.714,approach,-30.060592651367188,-240.5435333251953,-16.35818862915039
71.748,approach,-30.05964469909668,-240.5439453125,-16.310457229614258
71.782,approach,-30.058799743652344,-240.54437255859375,-16.262693405151367
71.814,approach,-30.058053970336914,-240.54483032226562,-16.214963912963867
71.848,approach,-30.057247161865234,-240.54551696777344,-16.155244827270508
71.882,approach,-30.056652069091797,-240.54612731933594,-16.107421875
71.914,approach,-30.056102752685547,-240.5468292236328,-16.05957794189453
71.948,approach,-30.05561637878418,-240.54757690429688,-16.011760711669922
71.982,approach,-30.055225372314453,-240.54833984375,-15.963973999023438
72.014,approach,-30.05491065979004,-240.549072265625,-15.916088104248047
72.048,approach,-30.054601669311523,-240.54998779296875,-15.85628890991211
72.082,approach,-30.054410934448242,-240.5506591796875,-15.808477401733398
72.114,approach,-30.054306030273438,-240.55133056640625,-15.760673522949219
72.148,approach,-30.05426597595215,-240.5519561767578,-15.71284294128418
72.184,approach,-30.054262161254883,-240.55252075195312,-15.665029525756836
72.217,approach,-30.054338455200195,-240.5530548095703,-15.617204666137695
72.251,approach,-30.054523468017578,-240.5537567138672,-15.557491302490234
72.285,approach,-30.05472183227539,-240.55435180664062,-15.509716033935547
72.318,approach,-30.054954528808594,-240.5549774169922,-15.461870193481445
72.350,approach,-30.055227279663086,-240.55557250976562,-15.413990020751953
72.384,approach,-30.0555419921875,-240.55618286132812,-15.366079330444336
72.418,approach,-30.055908203125,-240.55677795410156,-15.31817626953125
72.450,approach,-30.056297302246094,-240.55731201171875,-15.270267486572266
72.486,approach,-30.056856155395508,-240.5579376220703,-15.210399627685547
72.520,approach,-30.057355880737305,-240.5584259033203,-15.162542343139648
72.552,approach,-30.05794334411621,-240.55892944335938,-15.114686965942383
72.586,approach,-30.058612823486328,-240.55938720703125,-15.066862106323242
72.620,approach,-30.05940818786621,-240.55975341796875,-15.019073486328125
72.652,approach,-30.060285568237305,-240.56011962890625,-14.971242904663086
72.686,approach,-30.06146812438965,-240.5604705810547,-14.911380767822266
72.720,approach,-30.062414169311523,-240.5606689453125,-14.863473892211914
72.752,approach,-30.063365936279297,-240.56085205078125,-14.815584182739258
72.786,approach,-30.064332962036133,-240.5609893798828,-14.76771354675293
72.820,approach,-30.065261840820312,-240.56109619140625,-14.719827651977539
72.852,approach,-30.06615447998047,-240.5612335205078,-14.67194938659668
72.886,approach,-30.067264556884766,-240.56146240234375,-14.612113952636719
72.920,approach,-30.068185806274414,-240.5617218017578,-14.564252853393555
72.952,approach,-30.069128036499023,-240.5620574951172,-14.516361236572266
72.986,approach,-30.070096969604492,-240.56246948242188,-14.468437194824219
73.020,approach,-30.071054458618164,-240.5629119873047,-14.420515060424805
73.052,approach,-30.072071075439453,-240.5633544921875,-14.372673034667969
73.086,approach,-30.073381423950195,-240.56387329101562,-14.312971115112305
73.120,approach,-30.07438850402832,-240.56431579589844,-14.265266418457031
73.152,approach,-30.075363159179688,-240.5647735595703,-14.217525482177734
73.186,approach,-30.076263427734375,-240.56532287597656,-14.169771194458008
73.220,approach,-30.07703399658203,-240.56594848632812,-14.12203598022461
73.252,approach,-30.07769775390625,-240.5666961669922,-14.074291229248047
73.286,approach,-30.078392028808594,-240.56777954101562,-14.014665603637695
73.319,approach,-30.078798294067383,-240.56874084472656,-13.967046737670898
73.352,approach,-30.079103469848633,-240.56982421875,-13.919513702392578
73.386,approach,-30.079389572143555,-240.57098388671875,-13.872047424316406
73.418,approach,-30.079633712768555,-240.57225036621094,-13.824552536010742
73.453,approach,-30.079885482788086,-240.5738983154297,-13.765220642089844
73.487,approach,-30.079938888549805,-240.57525634765625,-13.717844009399414
73.519,approach,-30.07980728149414,-240.5765838623047,-13.670524597167969
73.553,approach,-30.079530715942383,-240.57789611816406,-13.623178482055664
73.587,approach,-30.079137802124023,-240.5791473388672,-13.575809478759766
73.619,approach,-30.078617095947266,-240.58038330078125,-13.528461456298828
73.653,approach,-30.077756881713867,-240.58189392089844,-13.469316482543945
73.687,approach,-30.076953887939453,-240.5831298828125,-13.421979904174805
73.719,approach,-30.076025009155273,-240.5843048095703,-13.374685287475586
73.753,approach,-30.07505226135254,-240.58538818359375,-13.327454566955566
73.786,approach,-30.073989868164062,-240.58641052246094,-13.28028392791748
73.819,approach,-30.072866439819336,-240.58738708496094,-13.233156204223633
73.853,approach,-30.071365356445312,-240.58856201171875,-13.174139022827148
73.887,approach,-30.070114135742188,-240.58950805664062,-13.126839637756348
73.919,approach,-30.068798065185547,-240.5904083251953,-13.079536437988281
73.953,approach,-30.067480087280273,-240.59127807617188,-13.03217887878418
73.987,approach,-30.06616973876953,-240.59205627441406,-12.984823226928711
74.018,approach,-30.064882278442383,-240.59278869628906,-12.937419891357422
74.053,approach,-30.06329345703125,-240.5937042236328,-12.878142356872559
74.087,approach,-30.06208038330078,-240.59442138671875,-12.830682754516602
74.119,approach,-30.060874938964844,-240.5951385498047,-12.783206939697266
74.153,approach,-30.0596923828125,-240.59588623046875,-12.735679626464844
74.187,approach,-30.05854606628418,-240.59664916992188,-12.688111305236816
74.219,approach,-30.05746841430664,-240.59747314453125,-12.640575408935547
74.253,approach,-30.05610466003418,-240.59849548339844,-12.581092834472656
74.287,approach,-30.0550594329834,-240.5992889404297,-12.533453941345215
74.318,approach,-30.054059982299805,-240.60011291503906,-12.485779762268066
74.353,approach,-30.053112030029297,-240.6009521484375,-12.438149452209473
74.387,approach,-30.052236557006836,-240.60177612304688,-12.39058780670166
74.419,approach,-30.051416397094727,-240.6025390625,-12.343063354492188
74.453,approach,-30.05047607421875,-240.60340881347656,-12.283777236938477
74.487,approach,-30.04982566833496,-240.60406494140625,-12.236384391784668
74.518,approach,-30.049243927001953,-240.60464477539062,-12.18904972076416
74.553,approach,-30.048648834228516,-240.60520935058594,-12.141705513000488
74.587,approach,-30.048067092895508,-240.6057891845703,-12.094352722167969
74.619,approach,-30.04747772216797,-240.6063232421875,-12.04701042175293
74.653,approach,-30.04681396484375,-240.6069793701172,-11.987916946411133
74.687,approach,-30.046371459960938,-240.60752868652344,-11.940638542175293
74.719,approach,-30.045997619628906,-240.60809326171875,-11.89327621459961
74.753,approach,-30.045679092407227,-240.60867309570312,-11.845867156982422
74.787,approach,-30.045406341552734,-240.6092987060547,-11.798439979553223
74.818,approach,-30.045183181762695,-240.60995483398438,-11.751062393188477
74.853,approach,-30.044967651367188,-240.61085510253906,-11.691760063171387
74.887,approach,-30.044858932495117,-240.6116485595703,-11.644245147705078
74.919,approach,-30.044797897338867,-240.6125030517578,-11.596628189086914
74.953,approach,-30.044763565063477,-240.6133575439453,-11.548900604248047
74.987,approach,-30.04475212097168,-240.6142120361328,-11.501091957092285
75.019,approach,-30.044784545898438,-240.61508178710938,-11.453319549560547
75.053,approach,-30.044845581054688,-240.6160888671875,-11.393561363220215
75.087,approach,-30.044960021972656,-240.6168212890625,-11.34572982788086
75.119,approach,-30.04512596130371,-240.6175079345703,-11.297863006591797
75.153,approach,-30.045352935791016,-240.6182098388672,-11.249977111816406
75.187,approach,-30.045616149902344,-240.618896484375,-11.202099800109863
75.218,approach,-30.045930862426758,-240.61961364746094,-11.154215812683105
75.253,approach,-30.046342849731445,-240.6204833984375,-11.09442138671875
75.287,approach,-30.04668426513672,-240.6211700439453,-11.04664421081543
75.318,approach,-30.046966552734375,-240.6217803955078,-10.998991012573242
75.353,approach,-30.04717254638672,-240.62229919433594,-10.951408386230469
75.386,approach,-30.04725456237793,-240.6227264404297,-10.90388298034668
75.418,approach,-30.047210693359375,-240.62301635742188,-10.856427192687988
75.453,approach,-30.04704475402832,-240.62319946289062,-10.797283172607422
75.487,approach,-30.046865463256836,-240.6232147216797,-10.7500581741333
75.518,approach,-30.04659080505371,-240.6231231689453,-10.70285701751709
75.553,approach,-30.046295166015625,-240.62303161621094,-10.655633926391602
75.586,approach,-30.045957565307617,-240.62289428710938,-10.608413696289062
75.619,approach,-30.045589447021484,-240.62274169921875,-10.561238288879395
75.653,approach,-30.045106887817383,-240.62255859375,-10.50229263305664
75.687,approach,-30.04470443725586,-240.6224365234375,-10.455092430114746
75.719,approach,-30.044309616088867,-240.62234497070312,-10.407835960388184
75.753,approach,-30.04388427734375,-240.62228393554688,-10.360523223876953
75.786,approach,-30.0434627532959,-240.6222381591797,-10.313167572021484
75.819,approach,-30.043088912963867,-240.62225341796875,-10.26572036743164
75.853,approach,-30.042661666870117,-240.6222381591797,-10.206392288208008
75.886,approach,-30.042320251464844,-240.62222290039062,-10.158949851989746
75.919,approach,-30.042009353637695,-240.62222290039062,-10.111515045166016
75.953,approach,-30.041711807250977,-240.62225341796875,-10.064040184020996
75.986,approach,-30.041475296020508,-240.6223907470703,-10.016514778137207
76.019,approach,-30.041290283203125,-240.6226348876953,-9.968915939331055
76.053,approach,-30.041139602661133,-240.623046875,-9.909335136413574
76.087,approach,-30.041044235229492,-240.6234588623047,-9.86164665222168
76.119,approach,-30.040958404541016,-240.62388610839844,-9.813945770263672
76.153,approach,-30.040861129760742,-240.6243438720703,-9.766273498535156
76.186,approach,-30.040830612182617,-240.62484741210938,-9.718623161315918
76.219,approach,-30.040821075439453,-240.62539672851562,-9.670994758605957
76.253,approach,-30.040815353393555,-240.62612915039062,-9.611409187316895
76.286,approach,-30.04078483581543,-240.62673950195312,-9.563752174377441
76.319,approach,-30.040803909301758,-240.62741088867188,-9.516162872314453
76.353,approach,-30.04088020324707,-240.62815856933594,-9.468547821044922
76.386,approach,-30.040985107421875,-240.62896728515625,-9.420960426330566
76.418,approach,-30.041141510009766,-240.62979125976562,-9.37338638305664
76.453,approach,-30.04146957397461,-240.63088989257812,-9.313944816589355
76.486,approach,-30.04181480407715,-240.63180541992188,-9.26638412475586
76.518,approach,-30.042266845703125,-240.6327362060547,-9.218852996826172
76.553,approach,-30.042797088623047,-240.63363647460938,-9.171292304992676
76.586,approach,-30.043373107910156,-240.63449096679688,-9.123693466186523
76.619,approach,-30.043991088867188,-240.6353302001953,-9.076062202453613
76.652,approach,-30.044780731201172,-240.63636779785156,-9.016579627990723
76.686,approach,-30.045467376708984,-240.63717651367188,-8.968995094299316
76.718,approach,-30.04621124267578,-240.6379852294922,-8.921365737915039
76.752,approach,-30.047048568725586,-240.63870239257812,-8.873758316040039
76.786,approach,-30.047903060913086,-240.63934326171875,-8.826166152954102
76.818,approach,-30.048768997192383,-240.6398468017578,-8.778554916381836
76.852,approach,-30.049823760986328,-240.64041137695312,-8.719026565551758
76.886,approach,-30.050649642944336,-240.64076232910156,-8.67142105102539
76.918,approach,-30.051469802856445,-240.64102172851562,-8.623857498168945
76.953,approach,-30.052316665649414,-240.64122009277344,-8.576289176940918
76.986,approach,-30.05312156677246,-240.64134216308594,-8.528687477111816
77.019,approach,-30.05385971069336,-240.64144897460938,-8.48112964630127
77.053,approach,-30.054656982421875,-240.6415557861328,-8.421631813049316
77.086,approach,-30.055227279663086,-240.64158630371094,-8.373981475830078
77.119,approach,-30.055768966674805,-240.64161682128906,-8.326294898986816
77.153,approach,-30.056154251098633,-240.64161682128906,-8.278602600097656
77.186,approach,-30.056415557861328,-240.64161682128906,-8.230901718139648
77.218,approach,-30.05656623840332,-240.64161682128906,-8.183256149291992
77.253,approach,-30.056602478027344,-240.6416778564453,-8.123859405517578
77.286,approach,-30.056537628173828,-240.64178466796875,-8.076396942138672
77.319,approach,-30.056381225585938,-240.6419677734375,-8.028897285461426
77.353,approach,-30.056121826171875,-240.64222717285156,-7.981311798095703
77.386,approach,-30.05584716796875,-240.64254760742188,-7.933662414550781
77.418,approach,-30.055530548095703,-240.6428680419922,-7.886019706726074
77.453,approach,-30.055049896240234,-240.64341735839844,-7.826452255249023
77.486,approach,-30.054645538330078,-240.64398193359375,-7.778812408447266
77.519,approach,-30.054244995117188,-240.64468383789062,-7.731179237365723
77.553,approach,-30.053810119628906,-240.6455078125,-7.68356990814209
77.586,approach,-30.05328941345215,-240.64637756347656,-7.6359758377075195
77.619,approach,-30.05268669128418,-240.6473388671875,-7.588422775268555
77.653,approach,-30.051910400390625,-240.6486358642578,-7.528984069824219
77.686,approach,-30.051250457763672,-240.6497802734375,-7.48142147064209
77.719,approach,-30.050556182861328,-240.6510009765625,-7.43379020690918
77.753,approach,-30.049856185913086,-240.65228271484375,-7.386086463928223
77.786,approach,-30.049158096313477,-240.65357971191406,-7.33830451965332
77.819,approach,-30.04847526550293,-240.65492248535156,-7.290498733520508
77.852,approach,-30.04757308959961,-240.65664672851562,-7.230727195739746
77.886,approach,-30.04683494567871,-240.65806579589844,-7.182903289794922
77.919,approach,-30.04615592956543,-240.65951538085938,-7.13507080078125
77.952,approach,-30.045557022094727,-240.66102600097656,-7.087263107299805
77.986,approach,-30.04498291015625,-240.66261291503906,-7.039473533630371
78.019,approach,-30.0444393157959,-240.6642303466797,-6.991673469543457
78.053,approach,-30.043794631958008,-240.66627502441406,-6.931948661804199
78.085,approach,-30.0433292388916,-240.6679229736328,-6.884138107299805
78.118,approach,-30.042863845825195,-240.66952514648438,-6.836268424987793
78.153,approach,-30.042417526245117,-240.6710968017578,-6.7883758544921875
78.185,approach,-30.042009353637695,-240.67262268066406,-6.740460395812988
78.218,approach,-30.04161262512207,-240.674072265625,-6.692517280578613
78.253,approach,-30.041091918945312,-240.67568969726562,-6.632616996765137
78.285,approach,-30.040735244750977,-240.6768341064453,-6.584707260131836
78.318,approach,-30.040403366088867,-240.67788696289062,-6.536848068237305
78.353,approach,-30.040077209472656,-240.6788330078125,-6.488982200622559
78.385,approach,-30.039770126342773,-240.6796875,-6.441080093383789
78.419,approach,-30.03951644897461,-240.68043518066406,-6.393131256103516
78.453,approach,-30.039335250854492,-240.68124389648438,-6.333160400390625
78.485,approach,-30.039308547973633,-240.68177795410156,-6.285194396972656
78.519,approach,-30.039405822753906,-240.6821746826172,-6.237227439880371
78.552,approach,-30.039615631103516,-240.68247985839844,-6.18930721282959
78.585,approach,-30.039913177490234,-240.6826629638672,-6.141417503356934
78.618,approach,-30.040258407592773,-240.68276977539062,-6.093489646911621
78.652,approach,-30.040807723999023,-240.68287658691406,-6.033608436584473
78.685,approach,-30.041322708129883,-240.6829376220703,-5.985653877258301
78.718,approach,-30.041906356811523,-240.6830596923828,-5.937651634216309
78.753,approach,-30.042503356933594,-240.68325805664062,-5.889605522155762
78.785,approach,-30.04311180114746,-240.6835174560547,-5.841549873352051
78.818,approach,-30.043704986572266,-240.68386840820312,-5.793561935424805
78.852,approach,-30.04445457458496,-240.68438720703125,-5.733575820922852
78.885,approach,-30.045055389404297,-240.68484497070312,-5.685563087463379
78.919,approach,-30.045692443847656,-240.68531799316406,-5.637550354003906
78.953,approach,-30.04630470275879,-240.68580627441406,-5.589520454406738
78.985,approach,-30.046947479248047,-240.68630981445312,-5.541499137878418
79.019,approach,-30.047605514526367,-240.68675231933594,-5.4934282302856445
79.053,approach,-30.048418045043945,-240.68722534179688,-5.433403015136719
79.085,approach,-30.049039840698242,-240.68753051757812,-5.38542366027832
79.119,approach,-30.0496768951416,-240.68771362304688,-5.337568283081055
79.153,approach,-30.050317764282227,-240.6878204345703,-5.289758682250977
79.185,approach,-30.05097007751465,-240.68785095214844,-5.241991996765137
79.219,approach,-30.051671981811523,-240.6878204345703,-5.19425106048584
79.253,approach,-30.052640914916992,-240.68771362304688,-5.134662628173828
79.285,approach,-30.053455352783203,-240.6875457763672,-5.087136268615723
79.318,approach,-30.054264068603516,-240.6873016357422,-5.03974723815918
79.353,approach,-30.055095672607422,-240.68695068359375,-4.992459297180176
79.385,approach,-30.055973052978516,-240.68649291992188,-4.945277214050293
79.418,approach,-30.05686378479004,-240.68597412109375,-4.898149490356445
79.453,approach,-30.05794906616211,-240.6852264404297,-4.839190483093262
79.485,approach,-30.058807373046875,-240.68458557128906,-4.792006492614746
79.518,approach,-30.059614181518555,-240.6839141845703,-4.744820594787598
79.553,approach,-30.060375213623047,-240.6832275390625,-4.697663307189941
79.585,approach,-30.06108283996582,-240.6825408935547,-4.650507926940918
79.618,approach,-30.061771392822266,-240.68182373046875,-4.60334587097168
79.653,approach,-30.06261444091797,-240.68092346191406,-4.544480323791504
79.685,approach,-30.06317138671875,-240.68017578125,-4.497480392456055
79.719,approach,-30.06357765197754,-240.67942810058594,-4.450514793395996
79.753,approach,-30.0638370513916,-240.67860412597656,-4.403553009033203
79.785,approach,-30.064044952392578,-240.6776885986328,-4.356568336486816
79.819,approach,-30.064167022705078,-240.67669677734375,-4.30961799621582
79.853,approach,-30.064167022705078,-240.6754608154297,-4.250946044921875
79.885,approach,-30.06403350830078,-240.6744842529297,-4.204010963439941
79.919,approach,-30.063806533813477,-240.67352294921875,-4.157022476196289
79.953,approach,-30.06344985961914,-240.67257690429688,-4.109914779663086
79.985,approach,-30.06300926208496,-240.67160034179688,-4.062741279602051
80.018,approach,-30.06248664855957,-240.67059326171875,-4.01551628112793
80.052,approach,-30.061857223510742,-240.66937255859375,-3.9564316272735596
80.084,approach,-30.06128692626953,-240.6684112548828,-3.909160852432251
80.118,approach,-30.06064796447754,-240.6674041748047,-3.8618533611297607
80.153,approach,-30.059946060180664,-240.66641235351562,-3.8144967555999756
80.185,approach,-30.059213638305664,-240.6654510498047,-3.7670986652374268
80.219,approach,-30.05840301513672,-240.66452026367188,-3.719752073287964
80.253,approach,-30.057273864746094,-240.66342163085938,-3.6606428623199463
80.285,approach,-30.056346893310547,-240.66261291503906,-3.613372564315796
80.318,approach,-30.0554141998291,-240.66175842285156,-3.566110849380493
80.353,approach,-30.054473876953125,-240.66091918945312,-3.518824815750122
80.384,approach,-30.05352783203125,-240.66006469726562,-3.47149395942688
80.419,approach,-30.05259895324707,-240.65924072265625,-3.424107789993286
80.453,approach,-30.051471710205078,-240.65826416015625,-3.364823579788208
80.485,approach,-30.050643920898438,-240.65748596191406,-3.31731915473938
80.519,approach,-30.049884796142578,-240.65676879882812,-3.2697360515594482
80.553,approach,-30.049217224121094,-240.6561279296875,-3.2220818996429443
80.585,approach,-30.048633575439453,-240.65554809570312,-3.174377679824829
80.619,approach,-30.048173904418945,-240.655029296875,-3.126685857772827
80.652,approach,-30.04781723022461,-240.65457153320312,-3.078974962234497
80.686,approach,-30.0476131439209,-240.6540985107422,-3.0193684101104736
80.719,approach,-30.047597885131836,-240.6537322998047,-2.9717085361480713
80.752,approach,-30.047664642333984,-240.65341186523438,-2.924138307571411
80.786,approach,-30.047780990600586,-240.6531524658203,-2.876631498336792
80.820,approach,-30.047956466674805,-240.65296936035156,-2.8291518688201904
80.852,approach,-30.048139572143555,-240.65284729003906,-2.781665563583374
80.886,approach,-30.048412322998047,-240.65272521972656,-2.722325086593628
80.920,approach,-30.04866600036621,-240.65261840820312,-2.6748292446136475
80.952,approach,-30.048969268798828,-240.65249633789062,-2.627324342727661
80.986,approach,-30.04935073852539,-240.65235900878906,-2.5797860622406006
81.019,approach,-30.049806594848633,-240.6522674560547,-2.532273054122925
81.052,approach,-30.050273895263672,-240.65219116210938,-2.4847605228424072
81.086,approach,-30.050872802734375,-240.6521759033203,-2.4253361225128174
81.119,approach,-30.051401138305664,-240.65219116210938,-2.3777687549591064
81.152,approach,-30.051982879638672,-240.6522216796875,-2.3302195072174072
81.186,approach,-30.05259895324707,-240.6522674560547,-2.282681703567505
81.219,approach,-30.053245544433594,-240.65231323242188,-2.235140562057495
81.252,approach,-30.053918838500977,-240.65237426757812,-2.1876251697540283
81.286,approach,-30.054773330688477,-240.65245056152344,-2.1282389163970947
81.319,approach,-30.05547332763672,-240.65252685546875,-2.0808451175689697
81.351,approach,-30.05620765686035,-240.6526336669922,-2.03377366065979
81.386,approach,-30.0570011138916,-240.65280151367188,-1.9873416423797607
81.419,approach,-30.057817459106445,-240.65301513671875,-1.9417741298675537
81.452,approach,-30.058671951293945,-240.65321350097656,-1.897193193435669
81.486,approach,-30.059772491455078,-240.65353393554688,-1.8431532382965088
81.520,approach,-30.0606632232666,-240.65383911132812,-1.801419973373413
81.552,approach,-30.061538696289062,-240.6542205810547,-1.7610762119293213
81.586,approach,-30.06243133544922,-240.65469360351562,-1.7221629619598389
81.620,approach,-30.063304901123047,-240.65524291992188,-1.6846649646759033
81.652,approach,-30.06415367126465,-240.6558380126953,-1.6486680507659912
