time_sec x_east_m y_north_m z_up_m
0.000000 0.000000 0.000000 0.000000
0.100000 0.005173 -0.035022 0.184361
0.200000 0.010922 -0.064313 0.378245
0.300000 0.016927 -0.091793 0.612884
0.400000 0.021334 -0.112746 0.850287
0.500000 0.023952 -0.131091 1.121621
0.600000 0.024313 -0.144483 1.377481
0.700000 0.022395 -0.155864 1.656682
0.800000 0.017910 -0.163918 1.914985
0.900000 0.010210 -0.170548 2.194250
1.000000 0.000339 -0.174916 2.451304
1.100000 -0.013067 -0.177866 2.729630
1.200000 -0.027347 -0.178889 2.986972
1.300000 -0.044209 -0.178375 3.266268
1.400000 -0.060529 -0.177348 3.525292
1.500000 -0.077492 -0.175811 3.807635
1.600000 -0.091452 -0.173009 4.069890
1.700000 -0.105140 -0.167866 4.355163
1.800000 -0.116036 -0.160577 4.619963
1.900000 -0.125410 -0.149203 4.908039
2.000000 -0.131760 -0.135691 5.174497
2.100000 -0.136515 -0.118962 5.464064
2.200000 -0.139281 -0.102631 5.732624
2.300000 -0.140607 -0.084394 6.024857
2.400000 -0.139926 -0.067508 6.295345
2.500000 -0.138140 -0.049609 6.585571
2.600000 -0.135284 -0.033112 6.859272
2.700000 -0.130639 -0.015835 7.154073
2.800000 -0.125276 -0.000423 7.429808
2.900000 -0.118713 0.015628 7.727149
3.000000 -0.111923 0.029388 8.004507
3.100000 -0.103578 0.042963 8.302923
3.200000 -0.094808 0.053677 8.578179
3.300000 -0.084671 0.062750 8.876111
3.400000 -0.074697 0.068838 9.157145
3.500000 -0.064221 0.073074 9.456254
3.600000 -0.055207 0.075693 9.739476
3.700000 -0.046513 0.077161 10.041164
3.800000 -0.038531 0.077416 10.326325
3.900000 -0.030622 0.077337 10.628821
4.000000 -0.024179 0.077221 10.914347
4.100000 -0.018248 0.077162 11.217750
4.200000 -0.013280 0.077158 11.504364
4.300000 -0.008171 0.076771 11.808596
4.400000 -0.003317 0.075818 12.095637
4.500000 0.002148 0.074353 12.400140
4.600000 0.007285 0.072972 12.686961
4.700000 0.011325 0.071980 12.918283
4.800000 0.016419 0.070645 13.215936
4.900000 0.020857 0.069491 13.506262
5.000000 0.024721 0.068149 13.806481
5.100000 0.027527 0.066322 14.097094
5.200000 0.029966 0.063334 14.398135
5.300000 0.031902 0.059471 14.690538
5.400000 0.033286 0.055067 14.993730
5.500000 0.034521 0.051100 15.288110
5.600000 0.036026 0.047936 15.592877
5.700000 0.037669 0.045309 15.888348
5.800000 0.038940 0.042080 16.193871
5.900000 0.039403 0.038359 16.489395
6.000000 0.039139 0.034348 16.794643
6.100000 0.038185 0.030351 17.090059
6.200000 0.036554 0.026508 17.395889
6.300000 0.035158 0.023538 17.689634
6.400000 0.033796 0.021479 17.994480
6.500000 0.032211 0.020696 18.291712
6.600000 0.030074 0.020982 18.595661
6.700000 0.027124 0.022608 18.892547
6.800000 0.023660 0.024903 19.196265
6.900000 0.019805 0.027327 19.492904
7.000000 0.015405 0.029747 19.796849
7.100000 0.010264 0.031246 20.094353
7.200000 0.004469 0.032568 20.395192
7.300000 -0.001912 0.033896 20.694976
7.400000 -0.008928 0.034957 20.999356
7.500000 -0.016757 0.035536 21.299444
7.600000 -0.025066 0.035315 21.603927
7.700000 -0.033004 0.034882 21.904201
7.800000 -0.039736 0.034977 22.198095
7.900000 -0.045331 0.035560 22.501100
8.000000 -0.049705 0.036470 22.793512
8.100000 -0.052930 0.037444 23.097954
8.200000 -0.054882 0.038402 23.395231
8.300000 -0.055823 0.039719 23.699248
8.400000 -0.055786 0.041236 23.986253
8.500000 -0.054788 0.043339 24.272271
8.600000 -0.052796 0.046010 24.547313
8.700000 -0.050089 0.049265 24.837225
8.800000 -0.047474 0.053182 25.140951
8.900000 -0.045077 0.057478 25.429848
9.000000 -0.042656 0.062271 25.721927
9.100000 -0.040201 0.067242 26.010990
9.200000 -0.037003 0.072416 26.322531
9.300000 -0.033223 0.076814 26.612122
9.400000 -0.028097 0.080479 26.919207
9.500000 -0.023080 0.082553 27.187065
9.600000 -0.018170 0.083539 27.447522
9.700000 -0.014579 0.083094 27.657554
9.800000 -0.011809 0.081415 27.845653
9.900000 -0.010099 0.078986 28.014552
10.000000 -0.080771 0.050612 28.602979
10.100000 -0.156736 0.025561 28.693861
10.200000 -0.232113 -0.001221 28.749828
10.300000 -0.307023 -0.029302 28.787861
10.400000 -0.381415 -0.058708 28.817206
10.500000 -0.455537 -0.088809 28.842008
10.600000 -0.529257 -0.119852 28.863947
10.700000 -0.602374 -0.152318 28.881566
10.800000 -0.675490 -0.184784 28.899185
10.900000 -0.747721 -0.219161 28.913559
11.000000 -0.819788 -0.253893 28.927333
11.100000 -0.891856 -0.288625 28.941106
11.200000 -0.963282 -0.324650 28.953182
11.300000 -1.034566 -0.360963 28.964879
11.400000 -1.105849 -0.397276 28.976577
11.500000 -1.176907 -0.434027 28.987508
11.600000 -1.247856 -0.470990 28.998068
11.700000 -1.318805 -0.507953 29.008629
11.800000 -1.389828 -0.544773 29.018973
11.900000 -1.461058 -0.581190 29.028708
12.000000 -1.532289 -0.617606 29.038443
12.100000 -1.603520 -0.654023 29.048177
12.200000 -1.675376 -0.689188 29.057124
12.300000 -1.747279 -0.724260 29.066012
12.400000 -1.819181 -0.759332 29.074900
12.500000 -1.891261 -0.794026 29.083653
12.600000 -1.964094 -0.827124 29.091841
12.700000 -2.036926 -0.860222 29.100029
12.800000 -2.109758 -0.893320 29.108217
12.900000 -2.183244 -0.924920 29.116022
13.000000 -2.257043 -0.955800 29.123644
13.100000 -2.330843 -0.986681 29.131266
13.200000 -2.404643 -1.017561 29.138888
13.300000 -2.479191 -1.046577 29.146001
13.400000 -2.553855 -1.075305 29.153036
13.500000 -2.628519 -1.104033 29.160071
13.600000 -2.703417 -1.132128 29.166942
13.700000 -2.778806 -1.158895 29.173468
13.800000 -2.854196 -1.185661 29.179994
13.900000 -2.929585 -1.212427 29.186520
14.000000 -3.005258 -1.238366 29.192797
14.100000 -3.081200 -1.263522 29.198838
14.200000 -3.157142 -1.288679 29.204879
14.300000 -3.233103 -1.313777 29.210893
14.400000 -3.309404 -1.337821 29.216404
14.500000 -3.385706 -1.361864 29.221916
14.600000 -3.462007 -1.385908 29.227427
14.700000 -3.538368 -1.409757 29.232842
14.800000 -3.614923 -1.432981 29.237948
14.900000 -3.691478 -1.456205 29.243054
15.000000 -3.768033 -1.479429 29.248160
15.100000 -3.844704 -1.502266 29.252984
15.200000 -3.921426 -1.524929 29.257680
15.300000 -3.998149 -1.547593 29.262377
15.400000 -4.074872 -1.570256 29.267074
15.500000 -4.151670 -1.592661 29.271397
15.600000 -4.228475 -1.615046 29.275690
15.700000 -4.305279 -1.637430 29.279983
15.800000 -4.382068 -1.659870 29.284150
15.900000 -4.458830 -1.682400 29.288113
16.000000 -4.535592 -1.704929 29.292077
16.100000 -4.612354 -1.727458 29.296040
16.200000 -4.689042 -1.750240 29.299863
16.300000 -4.765681 -1.773182 29.303597
16.400000 -4.842321 -1.796124 29.307330
16.500000 -4.918954 -1.819088 29.311050
16.600000 -4.995485 -1.842392 29.314560
16.700000 -5.072015 -1.865696 29.318071
16.800000 -5.148546 -1.889000 29.321581
16.900000 -5.225070 -1.912325 29.325020
17.000000 -5.301579 -1.935702 29.328275
17.100000 -5.378087 -1.959078 29.331531
17.200000 -5.454595 -1.982455 29.334786
17.300000 -5.531078 -2.005917 29.337870
17.400000 -5.607550 -2.029411 29.340887
17.500000 -5.684022 -2.052905 29.343904
17.600000 -5.760495 -2.076399 29.346922
17.700000 -5.836964 -2.099903 29.349767
17.800000 -5.913433 -2.123408 29.352598
17.900000 -5.989902 -2.146913 29.355430
18.000000 -6.066389 -2.170359 29.358229
18.100000 -6.142913 -2.193686 29.360965
18.200000 -6.219436 -2.217014 29.363701
18.300000 -6.295960 -2.240341 29.366437
18.400000 -6.372519 -2.263550 29.369114
18.500000 -6.449115 -2.286639 29.371733
18.600000 -6.525710 -2.309728 29.374352
18.700000 -6.602306 -2.332817 29.376971
18.800000 -6.678974 -2.355666 29.379515
18.900000 -6.755652 -2.378479 29.382048
19.000000 -6.832330 -2.401293 29.384581
19.100000 -6.909009 -2.424105 29.387114
19.200000 -6.985740 -2.446739 29.389660
19.300000 -7.062471 -2.469373 29.392206
19.400000 -7.139202 -2.492008 29.394752
19.500000 -7.215944 -2.514606 29.397230
19.600000 -7.292704 -2.537142 29.399593
19.700000 -7.369464 -2.559678 29.401955
19.800000 -7.446225 -2.582215 29.404317
19.900000 -7.523009 -2.604668 29.406621
20.000000 -7.599818 -2.627037 29.408866
20.100000 -7.676627 -2.649406 29.411111
20.200000 -7.753436 -2.671775 29.413356
20.300000 -7.830246 -2.694143 29.415384
20.400000 -7.907055 -2.716510 29.417374
20.500000 -7.983865 -2.738877 29.419364
20.600000 -8.060674 -2.761244 29.421353
20.700000 -8.137494 -2.783578 29.423107
20.800000 -8.214313 -2.805910 29.424848
20.900000 -8.291133 -2.828242 29.426590
21.000000 -8.367944 -2.850606 29.428211
21.100000 -8.444730 -2.873053 29.429520
21.200000 -8.521516 -2.895500 29.430830
21.300000 -8.598302 -2.917947 29.432140
21.400000 -8.675078 -2.940432 29.433326
21.500000 -8.751834 -2.962981 29.434300
21.600000 -8.828590 -2.985531 29.435273
21.700000 -8.905346 -3.008080 29.436247
21.800000 -8.982099 -3.030643 29.437138
21.900000 -9.058850 -3.053211 29.437993
22.000000 -9.135600 -3.075779 29.438848
22.100000 -9.212351 -3.098347 29.439704
22.200000 -9.289118 -3.120860 29.440577
22.300000 -9.365888 -3.143362 29.441453
22.400000 -9.442658 -3.165864 29.442329
22.500000 -9.519430 -3.188360 29.443193
22.600000 -9.596219 -3.210798 29.443954
22.700000 -9.673008 -3.233237 29.444715
22.800000 -9.749796 -3.255676 29.445476
22.900000 -9.826587 -3.278110 29.446235
23.000000 -9.903383 -3.300524 29.446986
23.100000 -9.980178 -3.322938 29.447737
23.200000 -10.056974 -3.345352 29.448488
23.300000 -10.133795 -3.367681 29.449228
23.400000 -10.210640 -3.389925 29.449955
23.500000 -10.287486 -3.412169 29.450682
23.600000 -10.364331 -3.434412 29.451409
23.700000 -10.441192 -3.456603 29.452102
23.800000 -10.518062 -3.478762 29.452772
23.900000 -10.594931 -3.500921 29.453443
24.000000 -10.671801 -3.523080 29.454113
24.100000 -10.748674 -3.545228 29.454792
24.200000 -10.825548 -3.567376 29.455472
24.300000 -10.902421 -3.589523 29.456152
24.400000 -10.979294 -3.611669 29.456828
24.500000 -11.056173 -3.633797 29.457411
24.600000 -11.133052 -3.655924 29.457994
24.700000 -11.209931 -3.678052 29.458577
24.800000 -11.286803 -3.700206 29.459173
24.900000 -11.363658 -3.722415 29.459793
25.000000 -11.440513 -3.744624 29.460414
25.100000 -11.517369 -3.766833 29.461034
25.200000 -11.594209 -3.789095 29.461700
25.300000 -11.671031 -3.811420 29.462420
25.400000 -11.747852 -3.833746 29.463140
25.500000 -11.824674 -3.856071 29.463861
25.600000 -11.901519 -3.878318 29.464540
25.700000 -11.978371 -3.900536 29.465204
25.800000 -12.055224 -3.922754 29.465868
25.900000 -12.132077 -3.944973 29.466532
26.000000 -12.208968 -3.967059 29.467230
26.100000 -12.285866 -3.989121 29.467934
26.200000 -12.362764 -4.011182 29.468639
26.300000 -12.439665 -4.033232 29.469333
26.400000 -12.516595 -4.055182 29.469947
26.500000 -12.593524 -4.077133 29.470560
26.600000 -12.670454 -4.099083 29.471173
26.700000 -12.747385 -4.121027 29.471751
26.800000 -12.824324 -4.142946 29.472179
26.900000 -12.901263 -4.164865 29.472607
27.000000 -12.978202 -4.186783 29.473035
27.100000 -13.055112 -4.208801 29.473445
27.200000 -13.131987 -4.230942 29.473832
27.300000 -13.208862 -4.253083 29.474219
27.400000 -13.285738 -4.275223 29.474606
27.500000 -13.362600 -4.297407 29.474932
27.600000 -13.439451 -4.319631 29.475199
27.700000 -13.516302 -4.341855 29.475467
27.800000 -13.593153 -4.364080 29.475735
27.900000 -13.669995 -4.386338 29.476026
28.000000 -13.746833 -4.408607 29.476326
28.100000 -13.823670 -4.430877 29.476626
28.200000 -13.900508 -4.453147 29.476926
28.300000 -13.977324 -4.475492 29.477297
28.400000 -14.054135 -4.497856 29.477684
28.500000 -14.130945 -4.520219 29.478071
28.600000 -14.207755 -4.542588 29.478454
28.700000 -14.284527 -4.565083 29.478739
28.800000 -14.361299 -4.587579 29.479023
28.900000 -14.438071 -4.610074 29.479307
29.000000 -14.514837 -4.632591 29.479594
29.100000 -14.591545 -4.655302 29.479898
29.200000 -14.668254 -4.678014 29.480202
29.300000 -14.744962 -4.700725 29.480507
29.400000 -14.821659 -4.723475 29.480815
29.500000 -14.898333 -4.746305 29.481133
29.600000 -14.975006 -4.769134 29.481451
29.700000 -15.051679 -4.791964 29.481768
29.800000 -15.128357 -4.814781 29.482131
29.900000 -15.205039 -4.837581 29.482561
30.000000 -15.281721 -4.860380 29.482990
30.100000 -15.358403 -4.883180 29.483420
30.200000 -15.435109 -4.905903 29.483929
30.300000 -15.511826 -4.928584 29.484482
30.400000 -15.588544 -4.951264 29.485034
30.500000 -15.665261 -4.973945 29.485587
30.600000 -15.742019 -4.996489 29.486187
30.700000 -15.818792 -5.018982 29.486804
30.800000 -15.895564 -5.041476 29.487422
30.900000 -15.972337 -5.063970 29.488039
31.000000 -16.049124 -5.086415 29.488638
31.100000 -16.125911 -5.108859 29.489236
31.200000 -16.202698 -5.131303 29.489833
31.300000 -16.279482 -5.153757 29.490431
31.400000 -16.356234 -5.176323 29.491022
31.500000 -16.432985 -5.198888 29.491613
31.600000 -16.509737 -5.221454 29.492205
31.700000 -16.586475 -5.244066 29.492797
31.800000 -16.663188 -5.266761 29.493391
31.900000 -16.739901 -5.289456 29.493985
32.000000 -16.816615 -5.312151 29.494579
32.100000 -16.893319 -5.334875 29.495131
32.200000 -16.970014 -5.357633 29.495633
32.300000 -17.046709 -5.380391 29.496136
32.400000 -17.123403 -5.403150 29.496638
32.500000 -17.200104 -5.425887 29.497075
32.600000 -17.276807 -5.448617 29.497489
32.700000 -17.353510 -5.471347 29.497903
32.800000 -17.430213 -5.494078 29.498317
32.900000 -17.506875 -5.516944 29.498587
33.000000 -17.583530 -5.539835 29.498831
33.100000 -17.660185 -5.562726 29.499076
33.200000 -17.736839 -5.585623 29.499301
33.300000 -17.813479 -5.608562 29.499373
33.400000 -17.890120 -5.631501 29.499445
33.500000 -17.966761 -5.654440 29.499517
33.600000 -18.043398 -5.677390 29.499567
33.700000 -18.120021 -5.700388 29.499529
33.800000 -18.196644 -5.723386 29.499490
33.900000 -18.273268 -5.746383 29.499452
34.000000 -18.349881 -5.769414 29.499394
34.100000 -18.426482 -5.792484 29.499312
34.200000 -18.503084 -5.815554 29.499231
34.300000 -18.579685 -5.838624 29.499150
34.400000 -18.656312 -5.861610 29.499026
34.500000 -18.732958 -5.884529 29.498867
34.600000 -18.809605 -5.907448 29.498709
34.700000 -18.886252 -5.930366 29.498551
34.800000 -18.962938 -5.953153 29.498372
34.900000 -19.039633 -5.975909 29.498189
35.000000 -19.116329 -5.998665 29.498006
35.100000 -19.193024 -6.021422 29.497823
35.200000 -19.269743 -6.044096 29.497794
35.300000 -19.346465 -6.066762 29.497780
35.400000 -19.423187 -6.089428 29.497767
35.500000 -19.499910 -6.112091 29.497787
35.600000 -19.576639 -6.134734 29.497975
35.700000 -19.653367 -6.157377 29.498162
35.800000 -19.730096 -6.180020 29.498349
35.900000 -19.806834 -6.202631 29.498565
36.000000 -19.883598 -6.225154 29.498859
36.100000 -19.960362 -6.247677 29.499153
36.200000 -20.037126 -6.270200 29.499447
36.300000 -20.113920 -6.292622 29.499806
36.400000 -20.190741 -6.314950 29.500226
36.500000 -20.267561 -6.337278 29.500645
36.600000 -20.344382 -6.359607 29.501065
36.700000 -20.421234 -6.381829 29.501506
36.800000 -20.498101 -6.403998 29.501958
36.900000 -20.574968 -6.426166 29.502410
37.000000 -20.651835 -6.448334 29.502862
37.100000 -20.728729 -6.470411 29.503204
37.200000 -20.805624 -6.492481 29.503537
37.300000 -20.882520 -6.514551 29.503870
37.400000 -20.959419 -6.536609 29.504193
37.500000 -21.036366 -6.558499 29.504377
37.600000 -21.113313 -6.580388 29.504560
37.700000 -21.190260 -6.602277 29.504743
37.800000 -21.267229 -6.624090 29.504872
37.900000 -21.344250 -6.645717 29.504870
38.000000 -21.421271 -6.667343 29.504868
38.100000 -21.498293 -6.688970 29.504866
38.200000 -21.575331 -6.710536 29.504847
38.300000 -21.652392 -6.732023 29.504804
38.400000 -21.729452 -6.753510 29.504761
38.500000 -21.806513 -6.774996 29.504718
38.600000 -21.883573 -6.796484 29.504689
38.700000 -21.960633 -6.817973 29.504667
38.800000 -22.037693 -6.839461 29.504644
38.900000 -22.114753 -6.860949 29.504622
39.000000 -22.191775 -6.882574 29.504572
39.100000 -22.268793 -6.904211 29.504519
39.200000 -22.345812 -6.925847 29.504467
39.300000 -22.422825 -6.947503 29.504405
39.400000 -22.499797 -6.969306 29.504271
39.500000 -22.576768 -6.991109 29.504138
39.600000 -22.653740 -7.012912 29.504005
39.700000 -22.730700 -7.034757 29.503817
39.800000 -22.807633 -7.056695 29.503510
39.900000 -22.884566 -7.078634 29.503203
40.000000 -22.961499 -7.100572 29.502896
40.100000 -23.038419 -7.122556 29.502565
40.200000 -23.115327 -7.144584 29.502211
40.300000 -23.192234 -7.166611 29.501857
40.400000 -23.269142 -7.188638 29.501503
40.500000 -23.346044 -7.210687 29.501128
40.600000 -23.422943 -7.232743 29.500745
40.700000 -23.499843 -7.254800 29.500362
40.800000 -23.576742 -7.276856 29.499979
40.900000 -23.653619 -7.298989 29.499682
41.000000 -23.730495 -7.321126 29.499390
41.100000 -23.807371 -7.343264 29.499098
41.200000 -23.884244 -7.365415 29.498826
41.300000 -23.961094 -7.387643 29.498669
41.400000 -24.037944 -7.409871 29.498512
41.500000 -24.114794 -7.432099 29.498355
41.600000 -24.191647 -7.454314 29.498229
41.700000 -24.268507 -7.476508 29.498156
41.800000 -24.345367 -7.498701 29.498083
41.900000 -24.422227 -7.520895 29.498010
42.000000 -24.499105 -7.543026 29.497872
42.100000 -24.575993 -7.565120 29.497694
42.200000 -24.652882 -7.587214 29.497515
42.300000 -24.729771 -7.609308 29.497337
42.400000 -24.806675 -7.631346 29.497117
42.500000 -24.883583 -7.653372 29.496886
42.600000 -24.960492 -7.675397 29.496656
42.700000 -25.037400 -7.697423 29.496427
42.800000 -25.114288 -7.719520 29.496393
42.900000 -25.191175 -7.741616 29.496359
43.000000 -25.268063 -7.763713 29.496325
43.100000 -25.344942 -7.785841 29.496340
43.200000 -25.421788 -7.808082 29.496536
43.300000 -25.498634 -7.830323 29.496733
43.400000 -25.575481 -7.852565 29.496929
43.500000 -25.652319 -7.874833 29.497153
43.600000 -25.729146 -7.897138 29.497413
43.700000 -25.805974 -7.919444 29.497674
43.800000 -25.882801 -7.941749 29.497935
43.900000 -25.959624 -7.964073 29.498168
44.000000 -26.036442 -7.986411 29.498379
44.100000 -26.113260 -8.008749 29.498590
44.200000 -26.190078 -8.031087 29.498802
44.300000 -26.266872 -8.053508 29.499009
44.400000 -26.343659 -8.075950 29.499215
44.500000 -26.420447 -8.098392 29.499421
44.600000 -26.497235 -8.120834 29.499628
44.700000 -26.573954 -8.143510 29.499800
44.800000 -26.650669 -8.166197 29.499971
44.900000 -26.727385 -8.188884 29.500142
45.000000 -26.804088 -8.211615 29.500315
45.100000 -26.880730 -8.234549 29.500500
45.200000 -26.957372 -8.257483 29.500686
45.300000 -27.034014 -8.280418 29.500871
45.400000 -27.110639 -8.303410 29.501047
45.500000 -27.187229 -8.326518 29.501205
45.600000 -27.263819 -8.349626 29.501363
45.700000 -27.340409 -8.372734 29.501522
45.800000 -27.416993 -8.395860 29.501628
45.900000 -27.493574 -8.419000 29.501693
46.000000 -27.570154 -8.442140 29.501757
46.100000 -27.646734 -8.465280 29.501822
46.200000 -27.723317 -8.488411 29.501849
46.300000 -27.799901 -8.511538 29.501861
46.400000 -27.876486 -8.534665 29.501873
46.500000 -27.953070 -8.557793 29.501886
46.600000 -28.029657 -8.580911 29.501915
46.700000 -28.106243 -8.604029 29.501944
46.800000 -28.182830 -8.627147 29.501974
46.900000 -28.259426 -8.650237 29.501996
47.000000 -28.336060 -8.673197 29.501985
47.100000 -28.412695 -8.696157 29.501973
47.200000 -28.489329 -8.719117 29.501962
47.300000 -28.565995 -8.741970 29.501950
47.400000 -28.642700 -8.764694 29.501936
47.500000 -28.719405 -8.787418 29.501922
47.600000 -28.796110 -8.810142 29.501907
47.700000 -28.872878 -8.832649 29.501866
47.800000 -28.949676 -8.855055 29.501812
47.900000 -29.026475 -8.877460 29.501758
48.000000 -29.103273 -8.899866 29.501703
48.100000 -29.180157 -8.921976 29.501531
48.200000 -29.257044 -8.944078 29.501355
48.300000 -29.333930 -8.966179 29.501179
48.400000 -29.410825 -8.988250 29.500933
48.500000 -29.487753 -9.010208 29.500432
48.600000 -29.564680 -9.032166 29.499932
48.700000 -29.641608 -9.054124 29.499431
48.800000 -29.718534 -9.076088 29.498883
48.900000 -29.795458 -9.098058 29.498289
49.000000 -29.872382 -9.120028 29.497696
49.100000 -29.949306 -9.141997 29.497103
49.200000 -30.026224 -9.163990 29.496489
49.300000 -30.103140 -9.185989 29.495869
49.400000 -30.180055 -9.207989 29.495248
49.500000 -30.256969 -9.229996 29.494635
49.600000 -30.333847 -9.252126 29.494142
49.700000 -30.410725 -9.274257 29.493650
49.800000 -30.487603 -9.296387 29.493157
49.900000 -30.564469 -9.318559 29.492707
50.000000 -30.641307 -9.340831 29.492360
50.100000 -30.718144 -9.363102 29.492013
50.200000 -30.794981 -9.385374 29.491666
50.300000 -30.871813 -9.407665 29.491291
50.400000 -30.948640 -9.429971 29.490896
50.500000 -31.025468 -9.452277 29.490501
50.600000 -31.102295 -9.474582 29.490106
50.700000 -31.179111 -9.496929 29.489628
50.800000 -31.255924 -9.519284 29.489131
50.900000 -31.332737 -9.541640 29.488635
51.000000 -31.409548 -9.564001 29.488140
51.100000 -31.486347 -9.586403 29.487656
51.200000 -31.563147 -9.608805 29.487173
51.300000 -31.639946 -9.631207 29.486690
51.400000 -31.716750 -9.653596 29.486237
51.500000 -31.793559 -9.675962 29.485836
51.600000 -31.870369 -9.698328 29.485436
51.700000 -31.947179 -9.720694 29.485036
51.800000 -32.023977 -9.743103 29.484758
51.900000 -32.100768 -9.765532 29.484544
52.000000 -32.177559 -9.787962 29.484330
52.100000 -32.254351 -9.810392 29.484116
52.200000 -32.331110 -9.832930 29.484064
52.300000 -32.407866 -9.855481 29.484033
52.400000 -32.484621 -9.878033 29.484002
52.500000 -32.561372 -9.900602 29.483987
52.600000 -32.638098 -9.923252 29.484047
52.700000 -32.714825 -9.945903 29.484107
52.800000 -32.791552 -9.968553 29.484167
52.900000 -32.868275 -9.991212 29.484215
53.000000 -32.944996 -10.013884 29.484246
53.100000 -33.021716 -10.036556 29.484276
53.200000 -33.098436 -10.059227 29.484307
53.300000 -33.175157 -10.081897 29.484232
53.400000 -33.251878 -10.104566 29.484116
53.500000 -33.328599 -10.127236 29.483999
53.600000 -33.405320 -10.149905 29.483882
53.700000 -33.482021 -10.172642 29.483588
53.800000 -33.558721 -10.195381 29.483287
53.900000 -33.635421 -10.218121 29.482985
54.000000 -33.712110 -10.240897 29.482658
54.100000 -33.788772 -10.263768 29.482261
54.200000 -33.865433 -10.286638 29.481863
54.300000 -33.942094 -10.309509 29.481466
54.400000 -34.018777 -10.332307 29.481117
54.500000 -34.095479 -10.355039 29.480812
54.600000 -34.172181 -10.377772 29.480506
54.700000 -34.248883 -10.400504 29.480201
54.800000 -34.325635 -10.423069 29.480029
54.900000 -34.402396 -10.445602 29.479884
55.000000 -34.479157 -10.468135 29.479738
55.100000 -34.555922 -10.490654 29.479609
55.200000 -34.632729 -10.513031 29.479650
55.300000 -34.709536 -10.535408 29.479692
55.400000 -34.786343 -10.557785 29.479734
55.500000 -34.863160 -10.580123 29.479781
55.600000 -34.939995 -10.602404 29.479836
55.700000 -35.016830 -10.624684 29.479891
55.800000 -35.093665 -10.646964 29.479945
55.900000 -35.170487 -10.669288 29.479970
56.000000 -35.247302 -10.691637 29.479977
56.100000 -35.324117 -10.713985 29.479984
56.200000 -35.400932 -10.736334 29.479992
56.300000 -35.477695 -10.758859 29.480034
56.400000 -35.554456 -10.781392 29.480078
56.500000 -35.631217 -10.803925 29.480122
56.600000 -35.707970 -10.826488 29.480177
56.700000 -35.784687 -10.849172 29.480276
56.800000 -35.861403 -10.871856 29.480374
56.900000 -35.938120 -10.894540 29.480473
57.000000 -36.014810 -10.917312 29.480595
57.100000 -36.091472 -10.940179 29.480742
57.200000 -36.168134 -10.963047 29.480889
57.300000 -36.244797 -10.985914 29.481036
57.400000 -36.321421 -11.008906 29.481188
57.500000 -36.398031 -11.031950 29.481343
57.600000 -36.474640 -11.054994 29.481498
57.700000 -36.551249 -11.078038 29.481653
57.800000 -36.627858 -11.101083 29.481832
57.900000 -36.704467 -11.124128 29.482012
58.000000 -36.781076 -11.147173 29.482193
58.100000 -36.857685 -11.170216 29.482401
58.200000 -36.934296 -11.193254 29.482742
58.300000 -37.010907 -11.216292 29.483083
58.400000 -37.087519 -11.239329 29.483423
58.500000 -37.164136 -11.262346 29.483805
58.600000 -37.240762 -11.285333 29.484240
58.700000 -37.317389 -11.308321 29.484676
58.800000 -37.394015 -11.331308 29.485111
58.900000 -37.470631 -11.354329 29.485577
59.000000 -37.547241 -11.377370 29.486062
59.100000 -37.623851 -11.400411 29.486546
59.200000 -37.700461 -11.423452 29.487031
59.300000 -37.777045 -11.446582 29.487480
59.400000 -37.853625 -11.469723 29.487923
59.500000 -37.930204 -11.492865 29.488367
59.600000 -38.006785 -11.516004 29.488809
59.700000 -38.083371 -11.539125 29.489225
59.800000 -38.159957 -11.562247 29.489642
59.900000 -38.236543 -11.585368 29.490058
60.000000 -38.313134 -11.608472 29.490484
60.100000 -38.389734 -11.631547 29.490926
60.200000 -38.466334 -11.654621 29.491367
60.300000 -38.542934 -11.677695 29.491809
60.400000 -38.619552 -11.700709 29.492248
60.500000 -38.696184 -11.723679 29.492686
60.600000 -38.772815 -11.746649 29.493124
60.700000 -38.849447 -11.769619 29.493562
60.800000 -38.926114 -11.792470 29.493948
60.900000 -39.002787 -11.815302 29.494325
61.000000 -39.079459 -11.838133 29.494702
61.100000 -39.156133 -11.860962 29.495073
61.200000 -39.232819 -11.883750 29.495353
61.300000 -39.309505 -11.906537 29.495633
61.400000 -39.386190 -11.929325 29.495914
61.500000 -39.462882 -11.952095 29.496161
61.600000 -39.539584 -11.974828 29.496343
61.700000 -39.616286 -11.997560 29.496526
61.800000 -39.692988 -12.020293 29.496708
61.900000 -39.769677 -12.043071 29.496832
62.000000 -39.846355 -12.065886 29.496905
62.100000 -39.923032 -12.088701 29.496978
62.200000 -39.999710 -12.111517 29.497051
62.300000 -40.076355 -12.134440 29.496996
62.400000 -40.152993 -12.157390 29.496909
62.500000 -40.229630 -12.180340 29.496822
62.600000 -40.306268 -12.203290 29.496734
62.700000 -40.382895 -12.226275 29.496744
62.800000 -40.459522 -12.249260 29.496754
62.900000 -40.536148 -12.272246 29.496764
63.000000 -40.612769 -12.295253 29.496790
63.100000 -40.689369 -12.318326 29.496866
63.200000 -40.765970 -12.341398 29.496941
63.300000 -40.842570 -12.364471 29.497016
63.400000 -40.919165 -12.387564 29.497077
63.500000 -40.995752 -12.410682 29.497120
63.600000 -41.072339 -12.433800 29.497163
63.700000 -41.148925 -12.456919 29.497206
63.800000 -41.225525 -12.479996 29.497223
63.900000 -41.302129 -12.503056 29.497229
64.000000 -41.378734 -12.526115 29.497235
64.100000 -41.455338 -12.549175 29.497240
64.200000 -41.531956 -12.572189 29.497280
64.300000 -41.608576 -12.595198 29.497322
64.400000 -41.685196 -12.618208 29.497365
64.500000 -41.761826 -12.641181 29.497399
64.600000 -41.838511 -12.663974 29.497386
64.700000 -41.915195 -12.686766 29.497372
64.800000 -41.991879 -12.709558 29.497359
64.900000 -42.068598 -12.732234 29.497361
65.000000 -42.145376 -12.754710 29.497387
65.100000 -42.222154 -12.777185 29.497414
65.200000 -42.298932 -12.799661 29.497441
65.300000 -42.375755 -12.821983 29.497474
65.400000 -42.452602 -12.844221 29.497512
65.500000 -42.529449 -12.866459 29.497549
65.600000 -42.606296 -12.888696 29.497587
65.700000 -42.683181 -12.910804 29.497564
65.800000 -42.760071 -12.932891 29.497532
65.900000 -42.836962 -12.954978 29.497500
66.000000 -42.913853 -12.977062 29.497473
66.100000 -42.990751 -12.999124 29.497480
66.200000 -43.067649 -13.021185 29.497488
66.300000 -43.144547 -13.043247 29.497495
66.400000 -43.221445 -13.065307 29.497535
66.500000 -43.298345 -13.087362 29.497630
66.600000 -43.375245 -13.109417 29.497725
66.700000 -43.452145 -13.131472 29.497820
66.800000 -43.529032 -13.153570 29.497891
66.900000 -43.605913 -13.175691 29.497949
67.000000 -43.682794 -13.197812 29.498008
67.100000 -43.759675 -13.219933 29.498066
67.200000 -43.836542 -13.242102 29.498109
67.300000 -43.913407 -13.264277 29.498149
67.400000 -43.990272 -13.286452 29.498190
67.500000 -44.067136 -13.308632 29.498193
67.600000 -44.143993 -13.330836 29.498028
67.700000 -44.220850 -13.353039 29.497862
67.800000 -44.297707 -13.375243 29.497697
67.900000 -44.374558 -13.397468 29.497465
68.000000 -44.451400 -13.419722 29.497142
68.100000 -44.528242 -13.441977 29.496820
68.200000 -44.605085 -13.464231 29.496497
68.300000 -44.681911 -13.486541 29.496166
68.400000 -44.758731 -13.508872 29.495832
68.500000 -44.835551 -13.531202 29.495498
68.600000 -44.912372 -13.553533 29.495165
68.700000 -44.989153 -13.575995 29.494830
68.800000 -45.065934 -13.598462 29.494496
68.900000 -45.142714 -13.620929 29.494162
69.000000 -45.219482 -13.643438 29.493823
69.100000 -45.296213 -13.666073 29.493475
69.200000 -45.372945 -13.688708 29.493126
69.300000 -45.449676 -13.711342 29.492777
69.400000 -45.526382 -13.734062 29.492506
69.500000 -45.603061 -13.756873 29.492318
69.600000 -45.679740 -13.779684 29.492130
69.700000 -45.756419 -13.802495 29.491942
69.800000 -45.833082 -13.825356 29.491864
69.900000 -45.909742 -13.848233 29.491817
70.000000 -45.986401 -13.871109 29.491770
70.100000 -46.063061 -13.893985 29.491724
70.200000 -46.139745 -13.916778 29.491803
70.300000 -46.216430 -13.939570 29.491882
70.400000 -46.293114 -13.962363 29.491961
70.500000 -46.369807 -13.985126 29.492066
70.600000 -46.446521 -14.007820 29.492228
70.700000 -46.523234 -14.030514 29.492390
70.800000 -46.599948 -14.053209 29.492552
70.900000 -46.676681 -14.075836 29.492722
71.000000 -46.753431 -14.098409 29.492898
71.100000 -46.830180 -14.120982 29.493073
71.200000 -46.906929 -14.143555 29.493249
71.300000 -46.983720 -14.165985 29.493361
71.400000 -47.060518 -14.188394 29.493463
71.500000 -47.137315 -14.210804 29.493566
71.600000 -47.214114 -14.233206 29.493645
71.700000 -47.290926 -14.255565 29.493578
71.800000 -47.367738 -14.277924 29.493511
71.900000 -47.444550 -14.300283 29.493445
72.000000 -47.521381 -14.322576 29.493301
72.100000 -47.598233 -14.344798 29.493071
72.200000 -47.675085 -14.367019 29.492842
72.300000 -47.751937 -14.389241 29.492612
72.400000 -47.828817 -14.411362 29.492327
72.500000 -47.905708 -14.433450 29.492023
72.600000 -47.982598 -14.455538 29.491719
72.700000 -48.059493 -14.477609 29.491427
72.800000 -48.136441 -14.499497 29.491264
72.900000 -48.213388 -14.521385 29.491101
73.000000 -48.290336 -14.543274 29.490938
73.100000 -48.367294 -14.565123 29.490831
73.200000 -48.444273 -14.586902 29.490824
73.300000 -48.521251 -14.608680 29.490817
73.400000 -48.598230 -14.630458 29.490810
73.500000 -48.675216 -14.652210 29.490974
73.600000 -48.752205 -14.673949 29.491219
73.700000 -48.829195 -14.695688 29.491464
73.800000 -48.906185 -14.717427 29.491709
73.900000 -48.983183 -14.739138 29.491954
74.000000 -49.060181 -14.760847 29.492199
74.100000 -49.137179 -14.782556 29.492444
74.200000 -49.214177 -14.804264 29.492658
74.300000 -49.291177 -14.825969 29.492789
74.400000 -49.368176 -14.847674 29.492921
74.500000 -49.445175 -14.869379 29.493052
74.600000 -49.522160 -14.891136 29.493118
74.700000 -49.599132 -14.912937 29.493125
74.800000 -49.676104 -14.934739 29.493133
74.900000 -49.753076 -14.956541 29.493140
75.000000 -49.830046 -14.978349 29.492989
75.100000 -49.907016 -15.000159 29.492809
75.200000 -49.983985 -15.021969 29.492630
75.300000 -50.060955 -15.043778 29.492442
75.400000 -50.137927 -15.065582 29.492186
75.500000 -50.214898 -15.087385 29.491929
75.600000 -50.291869 -15.109189 29.491672
75.700000 -50.368828 -15.131038 29.491379
75.800000 -50.445769 -15.152948 29.491036
75.900000 -50.522711 -15.174857 29.490693
76.000000 -50.599652 -15.196766 29.490350
76.100000 -50.676578 -15.218729 29.490070
76.200000 -50.753498 -15.240715 29.489817
76.300000 -50.830417 -15.262701 29.489565
76.400000 -50.907337 -15.284688 29.489314
76.500000 -50.984233 -15.306755 29.489187
76.600000 -51.061130 -15.328822 29.489060
76.700000 -51.138026 -15.350888 29.488933
76.800000 -51.214917 -15.372975 29.488830
76.900000 -51.291792 -15.395117 29.488792
77.000000 -51.368666 -15.417258 29.488754
77.100000 -51.445541 -15.439400 29.488716
77.200000 -51.522413 -15.461553 29.488677
77.300000 -51.599283 -15.483712 29.488637
77.400000 -51.676152 -15.505872 29.488597
77.500000 -51.753022 -15.528032 29.488558
77.600000 -51.829894 -15.550183 29.488503
77.700000 -51.906767 -15.572333 29.488446
77.800000 -51.983639 -15.594482 29.488389
77.900000 -52.060514 -15.616625 29.488299
78.000000 -52.137398 -15.638733 29.488047
78.100000 -52.214283 -15.660841 29.487795
78.200000 -52.291167 -15.682949 29.487543
78.300000 -52.368056 -15.705044 29.487234
78.400000 -52.444950 -15.727119 29.486845
78.500000 -52.521844 -15.749194 29.486456
78.600000 -52.598738 -15.771269 29.486067
78.700000 -52.675613 -15.793410 29.485630
78.800000 -52.752480 -15.815579 29.485175
78.900000 -52.829347 -15.837748 29.484719
79.000000 -52.906214 -15.859917 29.484263
79.100000 -52.982992 -15.882393 29.483888
79.200000 -53.059763 -15.904891 29.483519
79.300000 -53.136534 -15.927389 29.483150
79.400000 -53.213296 -15.949922 29.482782
79.500000 -53.290020 -15.972580 29.482418
79.600000 -53.366744 -15.995238 29.482054
79.700000 -53.443468 -16.017896 29.481690
79.800000 -53.520179 -16.040600 29.481262
79.900000 -53.596872 -16.063363 29.480751
80.000000 -53.673565 -16.086127 29.480241
80.100000 -53.750258 -16.108890 29.479730
80.200000 -53.826956 -16.131639 29.479219
80.300000 -53.903655 -16.154382 29.478707
80.400000 -53.980354 -16.177124 29.478196
80.500000 -54.057053 -16.199866 29.477685
80.600000 -54.133765 -16.222566 29.477238
80.700000 -54.210478 -16.245262 29.476798
80.800000 -54.287192 -16.267958 29.476357
80.900000 -54.363900 -16.290670 29.475914
81.000000 -54.440588 -16.313450 29.475457
81.100000 -54.517276 -16.336230 29.475001
81.200000 -54.593964 -16.359010 29.474544
81.300000 -54.670658 -16.381770 29.474108
81.400000 -54.747361 -16.404501 29.473702
81.500000 -54.824064 -16.427232 29.473296
81.600000 -54.900766 -16.449964 29.472890
81.700000 -54.977499 -16.472591 29.472508
81.800000 -55.054245 -16.495176 29.472135
81.900000 -55.130991 -16.517762 29.471763
82.000000 -55.207737 -16.540347 29.471390
82.100000 -55.284562 -16.562661 29.471292
82.200000 -55.361390 -16.584963 29.471206
82.300000 -55.438219 -16.607266 29.471119
82.400000 -55.515074 -16.629475 29.471089
82.500000 -55.592003 -16.651429 29.471214
82.600000 -55.668931 -16.673383 29.471338
82.700000 -55.745860 -16.695337 29.471463
82.800000 -55.822840 -16.717109 29.471660
82.900000 -55.899868 -16.738711 29.471927
83.000000 -55.976896 -16.760313 29.472193
83.100000 -56.053925 -16.781915 29.472459
83.200000 -56.131020 -16.803277 29.472734
83.300000 -56.208130 -16.824583 29.473011
83.400000 -56.285241 -16.845889 29.473287
83.500000 -56.362353 -16.867191 29.473562
83.600000 -56.439491 -16.888398 29.473795
83.700000 -56.516629 -16.909606 29.474028
83.800000 -56.593767 -16.930813 29.474261
83.900000 -56.670895 -16.952053 29.474517
84.000000 -56.748006 -16.973360 29.474819
84.100000 -56.825116 -16.994667 29.475122
84.200000 -56.902226 -17.015974 29.475424
84.300000 -56.979315 -17.037359 29.475766
84.400000 -57.056387 -17.058807 29.476139
84.500000 -57.133458 -17.080254 29.476513
84.600000 -57.210529 -17.101702 29.476886
84.700000 -57.287599 -17.123156 29.477283
84.800000 -57.364668 -17.144611 29.477685
84.900000 -57.441737 -17.166067 29.478087
85.000000 -57.518807 -17.187520 29.478484
85.100000 -57.595885 -17.208945 29.478797
85.200000 -57.672963 -17.230370 29.479109
85.300000 -57.750040 -17.251795 29.479422
85.400000 -57.827106 -17.273263 29.479720
85.500000 -57.904149 -17.294813 29.479989
85.600000 -57.981192 -17.316362 29.480259
85.700000 -58.058235 -17.337912 29.480529
85.800000 -58.135235 -17.359615 29.480814
85.900000 -58.212205 -17.381422 29.481110
86.000000 -58.289176 -17.403228 29.481406
86.100000 -58.366146 -17.425035 29.481701
86.200000 -58.443052 -17.447069 29.481906
86.300000 -58.519952 -17.469124 29.482103
86.400000 -58.596852 -17.491179 29.482300
86.500000 -58.673737 -17.513283 29.482505
86.600000 -58.750559 -17.535608 29.482744
86.700000 -58.827381 -17.557934 29.482983
86.800000 -58.904202 -17.580259 29.483222
86.900000 -58.981011 -17.602630 29.483454
87.000000 -59.057807 -17.625045 29.483678
87.100000 -59.134602 -17.647460 29.483902
87.200000 -59.211398 -17.669875 29.484127
87.300000 -59.288224 -17.692185 29.484446
87.400000 -59.365059 -17.714466 29.484793
87.500000 -59.441893 -17.736746 29.485139
87.600000 -59.518725 -17.759036 29.485486
87.700000 -59.595535 -17.781402 29.485842
87.800000 -59.672345 -17.803769 29.486197
87.900000 -59.749155 -17.826135 29.486552
88.000000 -59.825937 -17.848597 29.486931
88.100000 -59.902673 -17.871215 29.487346
88.200000 -59.979409 -17.893833 29.487762
88.300000 -60.056145 -17.916450 29.488178
88.400000 -60.132810 -17.939307 29.488630
88.500000 -60.209446 -17.962263 29.489097
88.600000 -60.286082 -17.985219 29.489564
88.700000 -60.362717 -18.008175 29.490031
88.800000 -60.439252 -18.031466 29.490464
88.900000 -60.515783 -18.054767 29.490897
89.000000 -60.592315 -18.078068 29.491330
89.100000 -60.668832 -18.101414 29.491729
89.200000 -60.745317 -18.124866 29.492045
89.300000 -60.821803 -18.148319 29.492361
89.400000 -60.898288 -18.171772 29.492677
89.500000 -60.974783 -18.195190 29.492903
89.600000 -61.051288 -18.218579 29.493053
89.700000 -61.127793 -18.241968 29.493204
89.800000 -61.204297 -18.265356 29.493354
89.900000 -61.280818 -18.288693 29.493418
90.000000 -61.357341 -18.312021 29.493466
90.100000 -61.433865 -18.335348 29.493515
90.200000 -61.510391 -18.358666 29.493550
90.300000 -61.586942 -18.381902 29.493474
90.400000 -61.663494 -18.405138 29.493397
90.500000 -61.740045 -18.428373 29.493321
90.600000 -61.816617 -18.451539 29.493169
90.700000 -61.893220 -18.474604 29.492907
90.800000 -61.969823 -18.497668 29.492645
90.900000 -62.046426 -18.520733 29.492383
91.000000 -62.123080 -18.543628 29.492078
91.100000 -62.199762 -18.566429 29.491749
91.200000 -62.276444 -18.589229 29.491420
91.300000 -62.353126 -18.612030 29.491091
91.400000 -62.429850 -18.634688 29.490875
91.500000 -62.506578 -18.657335 29.490666
91.600000 -62.583305 -18.679982 29.490458
91.700000 -62.660049 -18.702574 29.490250
91.800000 -62.736809 -18.725110 29.490042
91.900000 -62.813570 -18.747646 29.489833
92.000000 -62.890339 -18.770151 29.489638
92.100000 -62.967132 -18.792574 29.489480
92.200000 -63.043925 -18.814998 29.489321
92.300000 -63.120718 -18.837421 29.489162
92.400000 -63.197537 -18.859757 29.489080
92.500000 -63.274372 -18.882038 29.489047
92.600000 -63.351206 -18.904319 29.489014
92.700000 -63.428041 -18.926599 29.488980
92.800000 -63.504901 -18.948793 29.489072
92.900000 -63.581768 -18.970961 29.489200
93.000000 -63.658635 -18.993130 29.489328
93.100000 -63.735505 -19.015290 29.489459
93.200000 -63.812391 -19.037392 29.489613
93.300000 -63.889277 -19.059494 29.489767
93.400000 -63.966164 -19.081595 29.489922
93.500000 -64.043061 -19.103660 29.490083
93.600000 -64.119983 -19.125636 29.490263
93.700000 -64.196906 -19.147612 29.490444
93.800000 -64.273828 -19.169587 29.490624
93.900000 -64.350779 -19.191463 29.490774
94.000000 -64.427747 -19.213280 29.490907
94.100000 -64.504714 -19.235098 29.491041
94.200000 -64.581682 -19.256915 29.491174
94.300000 -64.658647 -19.278742 29.491244
94.400000 -64.735611 -19.300572 29.491299
94.500000 -64.812575 -19.322402 29.491354
94.600000 -64.889537 -19.344236 29.491410
94.700000 -64.966495 -19.366088 29.491468
94.800000 -65.043453 -19.387940 29.491525
94.900000 -65.120410 -19.409792 29.491583
95.000000 -65.197366 -19.431651 29.491687
95.100000 -65.274319 -19.453522 29.491868
95.200000 -65.351271 -19.475393 29.492049
95.300000 -65.428223 -19.497263 29.492231
95.400000 -65.505188 -19.519090 29.492463
95.500000 -65.582157 -19.540905 29.492711
95.600000 -65.659125 -19.562719 29.492959
95.700000 -65.736093 -19.584534 29.493207
95.800000 -65.813063 -19.606342 29.493535
95.900000 -65.890034 -19.628150 29.493871
96.000000 -65.967004 -19.649958 29.494206
96.100000 -66.043975 -19.671764 29.494528
96.200000 -66.120946 -19.693568 29.494816
96.300000 -66.197917 -19.715372 29.495104
96.400000 -66.274888 -19.737177 29.495391
96.500000 -66.351844 -19.759035 29.495613
96.600000 -66.428780 -19.780963 29.495747
96.700000 -66.505717 -19.802891 29.495882
96.800000 -66.582653 -19.824819 29.496016
96.900000 -66.659531 -19.846948 29.496043
97.000000 -66.736397 -19.869122 29.496045
97.100000 -66.813262 -19.891296 29.496047
97.200000 -66.890119 -19.913501 29.496019
97.300000 -66.966949 -19.935796 29.495903
97.400000 -67.043780 -19.958091 29.495787
97.500000 -67.120610 -19.980386 29.495671
97.600000 -67.197437 -20.002695 29.495585
97.700000 -67.274255 -20.025032 29.495555
97.800000 -67.351073 -20.047369 29.495525
97.900000 -67.427892 -20.069706 29.495495
98.000000 -67.504703 -20.092068 29.495529
98.100000 -67.581506 -20.114456 29.495629
98.200000 -67.658310 -20.136843 29.495730
98.300000 -67.735114 -20.159231 29.495830
98.400000 -67.811899 -20.181681 29.496111
98.500000 -67.888682 -20.204141 29.496420
98.600000 -67.965464 -20.226600 29.496729
98.700000 -68.042247 -20.249061 29.497038
98.800000 -68.119019 -20.271554 29.497346
98.900000 -68.195792 -20.294048 29.497655
99.000000 -68.272564 -20.316542 29.497964
99.100000 -68.349335 -20.339044 29.498233
99.200000 -68.426101 -20.361559 29.498437
99.300000 -68.502867 -20.384073 29.498642
99.400000 -68.579634 -20.406588 29.498846
99.500000 -68.656381 -20.429169 29.498927
99.600000 -68.733110 -20.451810 29.498895
99.700000 -68.809839 -20.474452 29.498862
99.800000 -68.886568 -20.497093 29.498830
99.900000 -68.963297 -20.519735 29.498513
100.000000 -69.040026 -20.542377 29.498166
100.100000 -69.116755 -20.565019 29.497818
100.200000 -69.193486 -20.587656 29.497454
100.300000 -69.270234 -20.610235 29.496883
100.400000 -69.346981 -20.632814 29.496312
100.500000 -69.423729 -20.655392 29.495741
100.600000 -69.500496 -20.677903 29.495198
100.700000 -69.577286 -20.700339 29.494685
100.800000 -69.654076 -20.722774 29.494172
100.900000 -69.730865 -20.745210 29.493659
101.000000 -69.807685 -20.767542 29.493207
101.100000 -69.884525 -20.789805 29.492794
101.200000 -69.961365 -20.812068 29.492382
101.300000 -70.038204 -20.834332 29.491969
101.400000 -70.115054 -20.856561 29.491592
101.500000 -70.191904 -20.878789 29.491215
101.600000 -70.268754 -20.901017 29.490839
101.700000 -70.345602 -20.923252 29.490469
101.800000 -70.422430 -20.945554 29.490168
101.900000 -70.499259 -20.967857 29.489867
102.000000 -70.576087 -20.990159 29.489566
102.100000 -70.652907 -21.012491 29.489237
102.200000 -70.729716 -21.034857 29.488875
102.300000 -70.806526 -21.057224 29.488514
102.400000 -70.883336 -21.079590 29.488153
102.500000 -70.960131 -21.102007 29.487747
102.600000 -71.036916 -21.124460 29.487310
102.700000 -71.113700 -21.146914 29.486873
102.800000 -71.190484 -21.169367 29.486436
102.900000 -71.267273 -21.191808 29.486073
103.000000 -71.344061 -21.214248 29.485712
103.100000 -71.420849 -21.236688 29.485352
103.200000 -71.497640 -21.259120 29.484994
103.300000 -71.574454 -21.281471 29.484665
103.400000 -71.651268 -21.303822 29.484336
103.500000 -71.728083 -21.326173 29.484006
103.600000 -71.804916 -21.348458 29.483705
103.700000 -71.881771 -21.370670 29.483434
103.800000 -71.958625 -21.392882 29.483163
103.900000 -72.035480 -21.415094 29.482892
104.000000 -72.112367 -21.437191 29.482681
104.100000 -72.189278 -21.459208 29.482510
104.200000 -72.266189 -21.481224 29.482339
104.300000 -72.343100 -21.503240 29.482169
104.400000 -72.420054 -21.525105 29.481931
104.500000 -72.497010 -21.546965 29.481691
104.600000 -72.573965 -21.568824 29.481450
104.700000 -72.650922 -21.590679 29.481195
104.800000 -72.727892 -21.612488 29.480789
104.900000 -72.804862 -21.634296 29.480384
105.000000 -72.881832 -21.656105 29.479978
105.100000 -72.958788 -21.677964 29.479506
105.200000 -73.035728 -21.699877 29.478962
105.300000 -73.112668 -21.721790 29.478419
105.400000 -73.189609 -21.743704 29.477875
105.500000 -73.266530 -21.765684 29.477285
105.600000 -73.343440 -21.787705 29.476668
105.700000 -73.420349 -21.809725 29.476051
105.800000 -73.497260 -21.831743 29.475437
105.900000 -73.574185 -21.853709 29.474899
106.000000 -73.651110 -21.875675 29.474361
106.100000 -73.728035 -21.897641 29.473823
106.200000 -73.804963 -21.919598 29.473294
106.300000 -73.881905 -21.941506 29.472818
106.400000 -73.958847 -21.963414 29.472341
106.500000 -74.035789 -21.985322 29.471865
106.600000 -74.112751 -22.007156 29.471556
106.700000 -74.189731 -22.028931 29.471382
106.800000 -74.266710 -22.050706 29.471209
106.900000 -74.343690 -22.072481 29.471035
107.000000 -74.420689 -22.094186 29.470993
107.100000 -74.497698 -22.115859 29.471015
107.200000 -74.574706 -22.137531 29.471037
107.300000 -74.651717 -22.159194 29.471061
107.400000 -74.728760 -22.180744 29.471119
107.500000 -74.805803 -22.202295 29.471177
107.600000 -74.882845 -22.223846 29.471235
107.700000 -74.959898 -22.245362 29.471295
107.800000 -75.036993 -22.266721 29.471369
107.900000 -75.114089 -22.288081 29.471442
108.000000 -75.191185 -22.309440 29.471515
108.100000 -75.268315 -22.330677 29.471786
108.200000 -75.345469 -22.351826 29.472199
108.300000 -75.422623 -22.372975 29.472613
108.400000 -75.499776 -22.394124 29.473027
108.500000 -75.577075 -22.414735 29.475719
108.600000 -75.654438 -22.435104 29.479435
108.700000 -75.731802 -22.455473 29.483151
108.800000 -75.809302 -22.475274 29.487160
108.900000 -75.887489 -22.492205 29.492653
109.000000 -75.965677 -22.509135 29.498146
109.100000 -76.043865 -22.526066 29.503639
109.200000 -76.122581 -22.539858 29.508686
109.300000 -76.202004 -22.549457 29.513138
109.400000 -76.281426 -22.559055 29.517590
109.500000 -76.360887 -22.567942 29.521874
109.600000 -76.440884 -22.567190 29.523874
109.700000 -76.520880 -22.566438 29.525875
109.800000 -76.600877 -22.565685 29.527876
109.900000 -76.680351 -22.558354 29.528492
110.000000 -76.759466 -22.546485 29.528153
110.100000 -76.838581 -22.534617 29.527814
110.200000 -76.916763 -22.518469 29.526804
110.300000 -76.993640 -22.496336 29.524857
110.400000 -77.070517 -22.474203 29.522910
110.500000 -77.147395 -22.452070 29.520962
110.600000 -77.221497 -22.421970 29.518439
110.700000 -77.295485 -22.391546 29.515892
110.800000 -77.369474 -22.361121 29.513346
110.900000 -77.441586 -22.326640 29.510735
111.000000 -77.512666 -22.289930 29.508089
111.100000 -77.583746 -22.253220 29.505442
111.200000 -77.654754 -22.216381 29.502804
111.300000 -77.723486 -22.175442 29.500400
111.400000 -77.792217 -22.134503 29.497997
111.500000 -77.860949 -22.093565 29.495594
111.600000 -77.928772 -22.051167 29.493455
111.700000 -77.995859 -22.007585 29.491531
111.800000 -78.062946 -21.964003 29.489607
111.900000 -78.130032 -21.920421 29.487682
112.000000 -78.196268 -21.875564 29.486237
112.100000 -78.262252 -21.830330 29.484933
112.200000 -78.328236 -21.785096 29.483629
112.300000 -78.394108 -21.739702 29.482420
112.400000 -78.459444 -21.693537 29.481676
112.500000 -78.524780 -21.647371 29.480931
112.600000 -78.590115 -21.601205 29.480187
112.700000 -78.655359 -21.554911 29.479597
112.800000 -78.720388 -21.508314 29.479368
112.900000 -78.785417 -21.461718 29.479140
113.000000 -78.850447 -21.415122 29.478911
113.100000 -78.915462 -21.368507 29.478898
113.200000 -78.980469 -21.321880 29.479011
113.300000 -79.045476 -21.275253 29.479124
113.400000 -79.110484 -21.228626 29.479236
113.500000 -79.175524 -21.182045 29.479435
113.600000 -79.240576 -21.135482 29.479665
113.700000 -79.305629 -21.088918 29.479896
113.800000 -79.370680 -21.042353 29.480125
113.900000 -79.435682 -20.995718 29.480302
114.000000 -79.500683 -20.949084 29.480478
114.100000 -79.565685 -20.902449 29.480655
114.200000 -79.630683 -20.855810 29.480839
114.300000 -79.695649 -20.809125 29.481097
114.400000 -79.760615 -20.762440 29.481356
114.500000 -79.825580 -20.715756 29.481614
114.600000 -79.890510 -20.669020 29.481872
114.700000 -79.955388 -20.622214 29.482131
114.800000 -80.020265 -20.575407 29.482390
114.900000 -80.085143 -20.528601 29.482649
115.000000 -80.149966 -20.481718 29.482869
115.100000 -80.214742 -20.434770 29.483055
115.200000 -80.279517 -20.387821 29.483240
115.300000 -80.344292 -20.340872 29.483426
115.400000 -80.408944 -20.293754 29.483404
115.500000 -80.473578 -20.246612 29.483351
115.600000 -80.538212 -20.199469 29.483299
115.700000 -80.602846 -20.152326 29.483246
115.800000 -80.667369 -20.105032 29.483132
115.900000 -80.731892 -20.057737 29.483018
116.000000 -80.796415 -20.010442 29.482904
116.100000 -80.860921 -19.963124 29.482770
116.200000 -80.925397 -19.915765 29.482601
116.300000 -80.989872 -19.868406 29.482431
116.400000 -81.054348 -19.821047 29.482262
116.500000 -81.118799 -19.773654 29.482056
116.600000 -81.183227 -19.726230 29.481816
116.700000 -81.247655 -19.678806 29.481576
116.800000 -81.312083 -19.631382 29.481337
116.900000 -81.376510 -19.583956 29.480973
117.000000 -81.440937 -19.536531 29.480594
117.100000 -81.505364 -19.489106 29.480215
117.200000 -81.569794 -19.441685 29.479837
117.300000 -81.634297 -19.394363 29.479489
117.400000 -81.698800 -19.347041 29.479142
117.500000 -81.763302 -19.299718 29.478795
117.600000 -81.827822 -19.252419 29.478487
117.700000 -81.892366 -19.205154 29.478234
117.800000 -81.956910 -19.157888 29.477981
117.900000 -82.021454 -19.110622 29.477728
118.000000 -82.086020 -19.063385 29.477556
118.100000 -82.150601 -19.016170 29.477444
118.200000 -82.215182 -18.968955 29.477332
118.300000 -82.279764 -18.921740 29.477221
118.400000 -82.344329 -18.874503 29.477263
118.500000 -82.408894 -18.827266 29.477307
118.600000 -82.473459 -18.780029 29.477351
118.700000 -82.538006 -18.732767 29.477407
118.800000 -82.602453 -18.685368 29.477525
118.900000 -82.666899 -18.637969 29.477642
119.000000 -82.731345 -18.590570 29.477760
119.100000 -82.795709 -18.543058 29.477880
119.200000 -82.859991 -18.495438 29.478002
119.300000 -82.924274 -18.447817 29.478124
119.400000 -82.988557 -18.400196 29.478247
119.500000 -83.052737 -18.352438 29.478353
119.600000 -83.116868 -18.304613 29.478451
119.700000 -83.180999 -18.256788 29.478549
119.800000 -83.245129 -18.208962 29.478648
119.900000 -83.309205 -18.161064 29.478790
120.000000 -83.373282 -18.113166 29.478933
120.100000 -83.437359 -18.065268 29.479075
120.200000 -83.501406 -18.017331 29.479207
120.300000 -83.565342 -17.969246 29.479302
120.400000 -83.629277 -17.921161 29.479397
120.500000 -83.693213 -17.873075 29.479492
120.600000 -83.757072 -17.824888 29.479474
120.700000 -83.820874 -17.776625 29.479372
120.800000 -83.884676 -17.728362 29.479271
120.900000 -83.948478 -17.680099 29.479169
121.000000 -84.012253 -17.631801 29.478900
121.100000 -84.076020 -17.583492 29.478576
121.200000 -84.139787 -17.535183 29.478252
121.300000 -84.203549 -17.486866 29.477896
121.400000 -84.267271 -17.438498 29.477316
121.500000 -84.330992 -17.390129 29.476736
121.600000 -84.394714 -17.341760 29.476156
121.700000 -84.458415 -17.293364 29.475527
121.800000 -84.522068 -17.244905 29.474792
121.900000 -84.585722 -17.196446 29.474056
122.000000 -84.649375 -17.147987 29.473320
122.100000 -84.712982 -17.099468 29.472615
122.200000 -84.776568 -17.050920 29.471925
122.300000 -84.840153 -17.002373 29.471235
122.400000 -84.903739 -16.953825 29.470544
122.500000 -84.967330 -16.905285 29.470067
122.600000 -85.030922 -16.856745 29.469624
122.700000 -85.094513 -16.808205 29.469180
122.800000 -85.158122 -16.759688 29.468791
122.900000 -85.221790 -16.711248 29.468594
123.000000 -85.285457 -16.662808 29.468397
123.100000 -85.349125 -16.614369 29.468200
123.200000 -85.412793 -16.565929 29.468044
123.300000 -85.476461 -16.517489 29.467955
123.400000 -85.540129 -16.469050 29.467865
123.500000 -85.603797 -16.420610 29.467776
123.600000 -85.667453 -16.372155 29.467726
123.700000 -85.731104 -16.323693 29.467693
123.800000 -85.794755 -16.275231 29.467660
123.900000 -85.858405 -16.226769 29.467627
124.000000 -85.922039 -16.178284 29.467597
124.100000 -85.985670 -16.129796 29.467569
124.200000 -86.049302 -16.081308 29.467540
124.300000 -86.112914 -16.032796 29.467500
124.400000 -86.176447 -15.984180 29.467412
124.500000 -86.239981 -15.935565 29.467325
124.600000 -86.303515 -15.886949 29.467237
124.700000 -86.367005 -15.838277 29.467186
124.800000 -86.430411 -15.789495 29.467206
124.900000 -86.493817 -15.740713 29.467225
125.000000 -86.557223 -15.691931 29.467245
125.100000 -86.620570 -15.643072 29.467344
125.200000 -86.683885 -15.594173 29.467483
125.300000 -86.747201 -15.545274 29.467622
125.400000 -86.810517 -15.496375 29.467761
125.500000 -86.873766 -15.447389 29.467922
125.600000 -86.936997 -15.398381 29.468088
125.700000 -87.000228 -15.349373 29.468255
125.800000 -87.063449 -15.300351 29.468430
125.900000 -87.126578 -15.251211 29.468679
126.000000 -87.189707 -15.202072 29.468929
126.100000 -87.252837 -15.152932 29.469178
126.200000 -87.315950 -15.103772 29.469413
126.300000 -87.379006 -15.054539 29.469600
126.400000 -87.442062 -15.005306 29.469787
126.500000 -87.505119 -14.956073 29.469974
126.600000 -87.568176 -14.906841 29.470126
126.700000 -87.631235 -14.857611 29.470243
126.800000 -87.694294 -14.808381 29.470361
126.900000 -87.757353 -14.759151 29.470479
127.000000 -87.820451 -14.709972 29.470472
127.100000 -87.883576 -14.660827 29.470381
127.200000 -87.946700 -14.611681 29.470290
127.300000 -88.009825 -14.562536 29.470199
127.400000 -88.072999 -14.513454 29.469904
127.500000 -88.136181 -14.464382 29.469580
127.600000 -88.199363 -14.415310 29.469257
127.700000 -88.262544 -14.366238 29.468933
127.800000 -88.325698 -14.317129 29.468436
127.900000 -88.388850 -14.268019 29.467930
128.000000 -88.452002 -14.218908 29.467424
128.100000 -88.515143 -14.169784 29.466886
128.200000 -88.578247 -14.120613 29.466242
128.300000 -88.641352 -14.071441 29.465598
128.400000 -88.704456 -14.022270 29.464954
128.500000 -88.767515 -13.973041 29.464290
128.600000 -88.830476 -13.923684 29.463584
128.700000 -88.893436 -13.874328 29.462877
128.800000 -88.956396 -13.824972 29.462171
128.900000 -89.019243 -13.775473 29.461498
129.000000 -89.082013 -13.725875 29.460848
129.100000 -89.144783 -13.676277 29.460198
129.200000 -89.207553 -13.626680 29.459548
129.300000 -89.270209 -13.576939 29.459012
129.400000 -89.332812 -13.527131 29.458531
129.500000 -89.395415 -13.477322 29.458049
129.600000 -89.458018 -13.427514 29.457567
129.700000 -89.520544 -13.377608 29.457272
129.800000 -89.583067 -13.327699 29.456983
129.900000 -89.645589 -13.277791 29.456695
130.000000 -89.708112 -13.227882 29.456423
130.100000 -89.770633 -13.177970 29.456385
130.200000 -89.833154 -13.128059 29.456347
130.300000 -89.895674 -13.078147 29.456308
130.400000 -89.958241 -13.028293 29.456317
130.500000 -90.020887 -12.978539 29.456409
130.600000 -90.083534 -12.928786 29.456500
130.700000 -90.146180 -12.879032 29.456592
130.800000 -90.208903 -12.829375 29.456661
130.900000 -90.271716 -12.779832 29.456706
131.000000 -90.334529 -12.730289 29.456751
131.100000 -90.397342 -12.680746 29.456795
131.200000 -90.460192 -12.631249 29.456764
131.300000 -90.523054 -12.581768 29.456709
131.400000 -90.585915 -12.532286 29.456654
131.500000 -90.648777 -12.482805 29.456599
131.600000 -90.711606 -12.433283 29.456605
131.700000 -90.774431 -12.383754 29.456622
131.800000 -90.837256 -12.334226 29.456638
131.900000 -90.900070 -12.284685 29.456658
132.000000 -90.962840 -12.235086 29.456691
132.100000 -91.025609 -12.185488 29.456723
132.200000 -91.088379 -12.135890 29.456756
132.300000 -91.151168 -12.086316 29.456760
132.400000 -91.214002 -12.036800 29.456696
132.500000 -91.276836 -11.987284 29.456632
132.600000 -91.339671 -11.937768 29.456568
132.700000 -91.402557 -11.888318 29.456421
132.800000 -91.465475 -11.838908 29.456223
132.900000 -91.528394 -11.789499 29.456025
133.000000 -91.591312 -11.740089 29.455827
133.100000 -91.654259 -11.690717 29.455578
133.200000 -91.717216 -11.641357 29.455312
133.300000 -91.780173 -11.591997 29.455046
133.400000 -91.843140 -11.542649 29.454779
133.500000 -91.906213 -11.493437 29.454499
133.600000 -91.969286 -11.444225 29.454219
133.700000 -92.032358 -11.395013 29.453939
133.800000 -92.095470 -11.345851 29.453674
133.900000 -92.158715 -11.296861 29.453463
134.000000 -92.221960 -11.247871 29.453252
134.100000 -92.285206 -11.198881 29.453041
134.200000 -92.348521 -11.149981 29.452840
134.300000 -92.411892 -11.101153 29.452648
134.400000 -92.475263 -11.052326 29.452455
134.500000 -92.538634 -11.003499 29.452263
134.600000 -92.602041 -10.954719 29.452130
134.700000 -92.665464 -10.905959 29.452024
134.800000 -92.728888 -10.857199 29.451918
134.900000 -92.792311 -10.808440 29.451814
135.000000 -92.855735 -10.759681 29.451889
135.100000 -92.919159 -10.710923 29.451964
135.200000 -92.982583 -10.662165 29.452039
135.300000 -93.046006 -10.613404 29.452138
135.400000 -93.109417 -10.564630 29.452399
135.500000 -93.172829 -10.515855 29.452660
135.600000 -93.236241 -10.467080 29.452921
135.700000 -93.299707 -10.418377 29.453267
135.800000 -93.363242 -10.369763 29.453719
135.900000 -93.426777 -10.321149 29.454170
136.000000 -93.490311 -10.272535 29.454621
136.100000 -93.553918 -10.224014 29.455095
136.200000 -93.617579 -10.175566 29.455588
136.300000 -93.681240 -10.127117 29.456081
136.400000 -93.744901 -10.078669 29.456574
136.500000 -93.808637 -10.030318 29.457073
136.600000 -93.872382 -9.981981 29.457572
136.700000 -93.936128 -9.933644 29.458071
136.800000 -93.999874 -9.885307 29.458570
136.900000 -94.063710 -9.837089 29.458890
137.000000 -94.127548 -9.788873 29.459209
137.100000 -94.191385 -9.740657 29.459527
137.200000 -94.255245 -9.692471 29.459779
137.300000 -94.319157 -9.644355 29.459876
137.400000 -94.383070 -9.596238 29.459974
137.500000 -94.446982 -9.548122 29.460071
137.600000 -94.510917 -9.500035 29.460153
137.700000 -94.574884 -9.451991 29.460214
137.800000 -94.638851 -9.403947 29.460275
137.900000 -94.702818 -9.355902 29.460336
138.000000 -94.766778 -9.307850 29.460346
138.100000 -94.830736 -9.259794 29.460336
138.200000 -94.894694 -9.211738 29.460325
138.300000 -94.958652 -9.163681 29.460315
138.400000 -95.022598 -9.115609 29.460315
138.500000 -95.086540 -9.067533 29.460318
138.600000 -95.150483 -9.019457 29.460321
138.700000 -95.214419 -8.971371 29.460323
138.800000 -95.278305 -8.923220 29.460312
138.900000 -95.342191 -8.875069 29.460302
139.000000 -95.406078 -8.826917 29.460291
139.100000 -95.469958 -8.778758 29.460273
139.200000 -95.533820 -8.730575 29.460233
139.300000 -95.597682 -8.682391 29.460192
139.400000 -95.661544 -8.634208 29.460151
139.500000 -95.725386 -8.585998 29.460110
139.600000 -95.789210 -8.537764 29.460070
139.700000 -95.853034 -8.489530 29.460030
139.800000 -95.916858 -8.441296 29.459990
139.900000 -95.980619 -8.392979 29.459991
140.000000 -96.044340 -8.344610 29.460016
140.100000 -96.108062 -8.296241 29.460041
140.200000 -96.171783 -8.247872 29.460067
140.300000 -96.235438 -8.199415 29.460100
140.400000 -96.299085 -8.150948 29.460135
140.500000 -96.362733 -8.102482 29.460169
140.600000 -96.426380 -8.054016 29.460204
140.700000 -96.490027 -8.005548 29.460115
140.800000 -96.553673 -7.957080 29.460026
140.900000 -96.617320 -7.908612 29.459937
141.000000 -96.680980 -7.860162 29.459782
141.100000 -96.744673 -7.811755 29.459472
141.200000 -96.808366 -7.763349 29.459162
141.300000 -96.872058 -7.714942 29.458852
141.400000 -96.935759 -7.666545 29.458494
141.500000 -96.999470 -7.618162 29.458061
141.600000 -97.063181 -7.569779 29.457628
141.700000 -97.126892 -7.521397 29.457195
141.800000 -97.190627 -7.473046 29.456763
141.900000 -97.254373 -7.424709 29.456333
142.000000 -97.318119 -7.376372 29.455902
142.100000 -97.381865 -7.328035 29.455471
142.200000 -97.445641 -7.279737 29.455140
142.300000 -97.509425 -7.231450 29.454835
142.400000 -97.573208 -7.183163 29.454529
142.500000 -97.636986 -7.134868 29.454238
142.600000 -97.700712 -7.086504 29.454069
142.700000 -97.764437 -7.038141 29.453901
142.800000 -97.828163 -6.989778 29.453732
142.900000 -97.891877 -6.941398 29.453581
143.000000 -97.955548 -6.892962 29.453487
143.100000 -98.019218 -6.844526 29.453394
143.200000 -98.082889 -6.796090 29.453300
143.300000 -98.146555 -6.747648 29.453245
143.400000 -98.210217 -6.699201 29.453225
143.500000 -98.273879 -6.650754 29.453205
143.600000 -98.337542 -6.602307 29.453184
143.700000 -98.401193 -6.553845 29.453202
143.800000 -98.464838 -6.505375 29.453241
143.900000 -98.528483 -6.456906 29.453280
144.000000 -98.592128 -6.408436 29.453318
144.100000 -98.655805 -6.360009 29.453378
144.200000 -98.719484 -6.311584 29.453438
144.300000 -98.783163 -6.263159 29.453499
144.400000 -98.846848 -6.214741 29.453559
144.500000 -98.910596 -6.166407 29.453616
144.600000 -98.974343 -6.118072 29.453674
144.700000 -99.038091 -6.069738 29.453731
144.800000 -99.101875 -6.021451 29.453800
144.900000 -99.165714 -5.973237 29.453884
145.000000 -99.229552 -5.925022 29.453969
145.100000 -99.293391 -5.876807 29.454054
145.200000 -99.357285 -5.828667 29.454158
145.300000 -99.421231 -5.780595 29.454281
145.400000 -99.485177 -5.732523 29.454403
145.500000 -99.549123 -5.684451 29.454526
145.600000 -99.613220 -5.636581 29.454692
145.700000 -99.677345 -5.588748 29.454866
145.800000 -99.741470 -5.540915 29.455040
145.900000 -99.805595 -5.493082 29.455214
146.000000 -99.869901 -5.445493 29.455470
146.100000 -99.934212 -5.397910 29.455729
146.200000 -99.998522 -5.350327 29.455988
146.300000 -100.062872 -5.302797 29.456212
146.400000 -100.127308 -5.255383 29.456354
146.500000 -100.191743 -5.207970 29.456496
146.600000 -100.256179 -5.160557 29.456638
146.700000 -100.320620 -5.113150 29.456678
146.800000 -100.385067 -5.065752 29.456597
146.900000 -100.449514 -5.018354 29.456516
147.000000 -100.513962 -4.970957 29.456435
147.100000 -100.578341 -4.923467 29.456217
147.200000 -100.642705 -4.875956 29.455966
147.300000 -100.707069 -4.828445 29.455716
147.400000 -100.771433 -4.780934 29.455465
147.500000 -100.835716 -4.733314 29.455346
147.600000 -100.899997 -4.685690 29.455232
147.700000 -100.964277 -4.638066 29.455118
147.800000 -101.028551 -4.590435 29.455030
147.900000 -101.092813 -4.542785 29.455003
148.000000 -101.157074 -4.495136 29.454976
148.100000 -101.221336 -4.447486 29.454949
148.200000 -101.285599 -4.399839 29.454937
148.300000 -101.349864 -4.352194 29.454943
148.400000 -101.414129 -4.304550 29.454949
148.500000 -101.478394 -4.256905 29.454955
148.600000 -101.542673 -4.209279 29.454984
148.700000 -101.606956 -4.161660 29.455022
148.800000 -101.671240 -4.114041 29.455060
148.900000 -101.735524 -4.066421 29.455097
149.000000 -101.799779 -4.018763 29.455268
149.100000 -101.864030 -3.971099 29.455457
149.200000 -101.928281 -3.923436 29.455646
149.300000 -101.992530 -3.875770 29.455849
149.400000 -102.056771 -3.828093 29.456110
149.500000 -102.121012 -3.780417 29.456371
149.600000 -102.185254 -3.732740 29.456633
149.700000 -102.249496 -3.685064 29.456899
149.800000 -102.313739 -3.637391 29.457176
149.900000 -102.377983 -3.589717 29.457453
150.000000 -102.442226 -3.542044 29.457730
150.100000 -102.506510 -3.494424 29.458007
150.200000 -102.570816 -3.446835 29.458284
150.300000 -102.635122 -3.399246 29.458561
150.400000 -102.699429 -3.351658 29.458838
150.500000 -102.763771 -3.304118 29.459117
150.600000 -102.828125 -3.256593 29.459397
150.700000 -102.892478 -3.209067 29.459677
150.800000 -102.956830 -3.161541 29.459959
150.900000 -103.021175 -3.114004 29.460254
151.000000 -103.085520 -3.066467 29.460548
151.100000 -103.149865 -3.018931 29.460843
151.200000 -103.214224 -2.971414 29.461125
151.300000 -103.278624 -2.923952 29.461372
151.400000 -103.343024 -2.876490 29.461618
151.500000 -103.407424 -2.829028 29.461865
151.600000 -103.471871 -2.781630 29.462001
151.700000 -103.536348 -2.734271 29.462068
151.800000 -103.600824 -2.686913 29.462135
151.900000 -103.665300 -2.639555 29.462202
152.000000 -103.729840 -2.592283 29.462123
152.100000 -103.794397 -2.545035 29.462003
152.200000 -103.858954 -2.497787 29.461883
152.300000 -103.923517 -2.450546 29.461735
152.400000 -103.988108 -2.403345 29.461415
152.500000 -104.052699 -2.356143 29.461096
152.600000 -104.117290 -2.308942 29.460777
152.700000 -104.181881 -2.261740 29.460428
152.800000 -104.246472 -2.214538 29.460013
152.900000 -104.311062 -2.167335 29.459599
153.000000 -104.375652 -2.120132 29.459184
153.100000 -104.440253 -2.072944 29.458758
153.200000 -104.504859 -2.025762 29.458325
153.300000 -104.569465 -1.978581 29.457893
153.400000 -104.634071 -1.931400 29.457461
153.500000 -104.698751 -1.884321 29.457046
153.600000 -104.763446 -1.837261 29.456634
153.700000 -104.828140 -1.790202 29.456223
153.800000 -104.892860 -1.743176 29.455829
153.900000 -104.957681 -1.696291 29.455511
154.000000 -105.022502 -1.649406 29.455192
154.100000 -105.087324 -1.602522 29.454874
154.200000 -105.152163 -1.555662 29.454601
154.300000 -105.217035 -1.508846 29.454411
154.400000 -105.281906 -1.462030 29.454220
154.500000 -105.346777 -1.415215 29.454030
154.600000 -105.411602 -1.368334 29.453949
154.700000 -105.476407 -1.321428 29.453914
154.800000 -105.541213 -1.274521 29.453879
154.900000 -105.606018 -1.227614 29.453844
155.000000 -105.670666 -1.180490 29.453960
155.100000 -105.735288 -1.133331 29.454100
155.200000 -105.799911 -1.086172 29.454240
155.300000 -105.864502 -1.038971 29.454428
155.400000 -105.928974 -0.991606 29.454802
155.500000 -105.993445 -0.944242 29.455175
155.600000 -106.057917 -0.896877 29.455548
155.700000 -106.122333 -0.849437 29.456016
155.800000 -106.186648 -0.801859 29.456659
155.900000 -106.250962 -0.754282 29.457302
156.000000 -106.315277 -0.706704 29.457945
156.100000 -106.379494 -0.658995 29.458673
156.200000 -106.443674 -0.611236 29.459435
156.300000 -106.507853 -0.563476 29.460196
156.400000 -106.572033 -0.515717 29.460957
156.500000 -106.636173 -0.467903 29.461632
156.600000 -106.700307 -0.420083 29.462296
156.700000 -106.764441 -0.372263 29.462960
156.800000 -106.828580 -0.324448 29.463581
156.900000 -106.892734 -0.276654 29.464043
157.000000 -106.956889 -0.228861 29.464504
157.100000 -107.021043 -0.181068 29.464965
157.200000 -107.085209 -0.133290 29.465348
157.300000 -107.149392 -0.085535 29.465624
157.400000 -107.213575 -0.037780 29.465900
157.500000 -107.277758 0.009975 29.466173
157.600000 -107.341946 0.057723 29.466312
157.700000 -107.406135 0.105471 29.466450
157.800000 -107.470323 0.153218 29.466589
157.900000 -107.534534 0.200936 29.466663
158.000000 -107.598786 0.248598 29.466619
158.100000 -107.663038 0.296260 29.466575
158.200000 -107.727290 0.343923 29.466531
158.300000 -107.791601 0.391505 29.466413
158.400000 -107.855953 0.439032 29.466244
158.500000 -107.920305 0.486558 29.466075
158.600000 -107.984658 0.534085 29.465907
158.700000 -108.049078 0.581520 29.465692
158.800000 -108.113500 0.628951 29.465476
158.900000 -108.177923 0.676383 29.465260
159.000000 -108.242359 0.723796 29.465046
159.100000 -108.306894 0.771073 29.464852
159.200000 -108.371430 0.818351 29.464657
159.300000 -108.435966 0.865628 29.464463
159.400000 -108.500580 0.912797 29.464255
159.500000 -108.565275 0.959857 29.464035
159.600000 -108.629969 1.006917 29.463815
159.700000 -108.694664 1.053977 29.463594
159.800000 -108.759441 1.100923 29.463455
159.900000 -108.824262 1.147808 29.463359
160.000000 -108.889083 1.194694 29.463264
160.100000 -108.953909 1.241572 29.463176
160.200000 -109.018828 1.288321 29.463238
160.300000 -109.083748 1.335070 29.463299
160.400000 -109.148667 1.381819 29.463360
160.500000 -109.213598 1.428551 29.463415
160.600000 -109.278573 1.475223 29.463445
160.700000 -109.343548 1.521896 29.463475
160.800000 -109.408522 1.568568 29.463506
160.900000 -109.473506 1.615228 29.463538
161.000000 -109.538495 1.661880 29.463573
161.100000 -109.603484 1.708533 29.463607
161.200000 -109.668472 1.755185 29.463642
161.300000 -109.733434 1.801875 29.463773
161.400000 -109.798389 1.848576 29.463929
161.500000 -109.863343 1.895276 29.464086
161.600000 -109.928303 1.941968 29.464259
161.700000 -109.993287 1.988627 29.464506
161.800000 -110.058272 2.035286 29.464753
161.900000 -110.123256 2.081945 29.465000
162.000000 -110.188263 2.128572 29.465281
162.100000 -110.253313 2.175138 29.465630
162.200000 -110.318364 2.221705 29.465978
162.300000 -110.383414 2.268272 29.466326
162.400000 -110.448438 2.314875 29.466609
162.500000 -110.513451 2.361494 29.466864
162.600000 -110.578464 2.408113 29.467119
162.700000 -110.643477 2.454731 29.467374
162.800000 -110.708438 2.501423 29.467470
162.900000 -110.773389 2.548128 29.467535
163.000000 -110.838340 2.594833 29.467600
163.100000 -110.903283 2.641549 29.467633
163.200000 -110.968197 2.688306 29.467543
163.300000 -111.033110 2.735063 29.467453
163.400000 -111.098024 2.781820 29.467362
163.500000 -111.162924 2.828596 29.467235
163.600000 -111.227798 2.875409 29.467033
163.700000 -111.292671 2.922221 29.466832
163.800000 -111.357545 2.969034 29.466630
163.900000 -111.422407 3.015861 29.466387
164.000000 -111.487265 3.062696 29.466126
164.100000 -111.552124 3.109530 29.465865
164.200000 -111.616982 3.156364 29.465604
164.300000 -111.681833 3.203208 29.465331
164.400000 -111.746682 3.250053 29.465055
164.500000 -111.811532 3.296899 29.464779
164.600000 -111.876390 3.343734 29.464502
164.700000 -111.941277 3.390527 29.464220
164.800000 -112.006164 3.437321 29.463939
164.900000 -112.071051 3.484115 29.463657
165.000000 -112.135991 3.530835 29.463417
165.100000 -112.200935 3.577550 29.463181
165.200000 -112.265879 3.624264 29.462944
165.300000 -112.330836 3.670963 29.462707
165.400000 -112.395856 3.717571 29.462463
165.500000 -112.460876 3.764179 29.462219
165.600000 -112.525897 3.810788 29.461975
165.700000 -112.590927 3.857382 29.461764
165.800000 -112.655971 3.903959 29.461596
165.900000 -112.721014 3.950535 29.461428
166.000000 -112.786058 3.997111 29.461260
166.100000 -112.851053 4.043754 29.461231
166.200000 -112.916024 4.090431 29.461275
166.300000 -112.980995 4.137109 29.461319
166.400000 -113.045966 4.183786 29.461363
166.500000 -113.110825 4.230619 29.461486
166.600000 -113.175674 4.277466 29.461615
166.700000 -113.240523 4.324313 29.461744
166.800000 -113.305359 4.371177 29.461875
166.900000 -113.370107 4.418164 29.462021
167.000000 -113.434854 4.465150 29.462166
167.100000 -113.499602 4.512136 29.462312
167.200000 -113.564304 4.559185 29.462411
167.300000 -113.628933 4.606336 29.462434
167.400000 -113.693561 4.653487 29.462457
167.500000 -113.758189 4.700638 29.462480
167.600000 -113.822722 4.747918 29.462486
167.700000 -113.887186 4.795293 29.462480
167.800000 -113.951651 4.842668 29.462473
167.900000 -114.016115 4.890043 29.462466
168.000000 -114.080522 4.937495 29.462495
168.100000 -114.144917 4.984964 29.462531
168.200000 -114.209311 5.032433 29.462568
168.300000 -114.273705 5.079903 29.462605
168.400000 -114.338045 5.127447 29.462704
168.500000 -114.402384 5.174991 29.462802
168.600000 -114.466724 5.222535 29.462900
168.700000 -114.531047 5.270102 29.463009
168.800000 -114.595332 5.317719 29.463141
168.900000 -114.659618 5.365335 29.463273
169.000000 -114.723903 5.412952 29.463404
169.100000 -114.788195 5.460561 29.463501
169.200000 -114.852493 5.508161 29.463562
169.300000 -114.916791 5.555761 29.463622
169.400000 -114.981089 5.603362 29.463683
169.500000 -115.045474 5.650844 29.463720
169.600000 -115.109886 5.698290 29.463750
169.700000 -115.174297 5.745735 29.463780
169.800000 -115.238709 5.793181 29.463810
169.900000 -115.303280 5.840410 29.463726
170.000000 -115.367859 5.887629 29.463638
170.100000 -115.432437 5.934848 29.463549
170.200000 -115.497035 5.982041 29.463465
170.300000 -115.561699 6.029143 29.463396
170.400000 -115.626362 6.076245 29.463328
170.500000 -115.691026 6.123348 29.463259
170.600000 -115.755686 6.170455 29.463266
170.700000 -115.820340 6.217569 29.463380
170.800000 -115.884995 6.264683 29.463494
170.900000 -115.949650 6.311797 29.463607
171.000000 -116.014302 6.358916 29.463831
171.100000 -116.078951 6.406038 29.464102
171.200000 -116.143601 6.453159 29.464373
171.300000 -116.208250 6.500281 29.464644
171.400000 -116.272888 6.547418 29.464968
171.500000 -116.337525 6.594558 29.465298
171.600000 -116.402161 6.641697 29.465629
171.700000 -116.466810 6.688820 29.465958
171.800000 -116.531514 6.735867 29.466279
171.900000 -116.596217 6.782914 29.466601
172.000000 -116.660921 6.829961 29.466922
172.100000 -116.725676 6.876937 29.467254
172.200000 -116.790516 6.923796 29.467601
172.300000 -116.855357 6.970655 29.467949
172.400000 -116.920197 7.017513 29.468297
172.500000 -116.985048 7.064357 29.468618
172.600000 -117.049905 7.111193 29.468925
172.700000 -117.114762 7.158028 29.469231
172.800000 -117.179619 7.204864 29.469538
172.900000 -117.244476 7.251699 29.469758
173.000000 -117.309333 7.298534 29.469962
173.100000 -117.374191 7.345370 29.470166
173.200000 -117.439050 7.392202 29.470357
173.300000 -117.503921 7.439018 29.470456
173.400000 -117.568792 7.485834 29.470556
173.500000 -117.633663 7.532650 29.470656
173.600000 -117.698531 7.579470 29.470769
173.700000 -117.763392 7.626301 29.470911
173.800000 -117.828253 7.673131 29.471053
173.900000 -117.893113 7.719962 29.471196
174.000000 -117.957965 7.766805 29.471422
174.100000 -118.022809 7.813658 29.471709
174.200000 -118.087654 7.860511 29.471996
174.300000 -118.152498 7.907364 29.472283
174.400000 -118.217350 7.954206 29.472710
174.500000 -118.282205 8.001045 29.473179
174.600000 -118.347059 8.047884 29.473648
174.700000 -118.411913 8.094723 29.474117
174.800000 -118.476760 8.141574 29.474588
174.900000 -118.541606 8.188424 29.475059
175.000000 -118.606452 8.235274 29.475530
175.100000 -118.671290 8.282136 29.475964
175.200000 -118.736095 8.329044 29.476258
175.300000 -118.800901 8.375951 29.476551
175.400000 -118.865706 8.422858 29.476844
175.500000 -118.930467 8.469826 29.477065
175.600000 -118.995174 8.516868 29.477197
175.700000 -119.059881 8.563911 29.477329
175.800000 -119.124589 8.610953 29.477461
175.900000 -119.189202 8.658124 29.477383
176.000000 -119.253755 8.705377 29.477173
176.100000 -119.318309 8.752630 29.476963
176.200000 -119.382863 8.799883 29.476753
176.300000 -119.447341 8.847238 29.476308
176.400000 -119.511808 8.894609 29.475825
176.500000 -119.576275 8.941980 29.475341
176.600000 -119.640740 8.989354 29.474850
176.700000 -119.705146 9.036808 29.474107
176.800000 -119.769552 9.084262 29.473363
176.900000 -119.833958 9.131715 29.472620
177.000000 -119.898338 9.179204 29.471835
177.100000 -119.962653 9.226782 29.470946
177.200000 -120.026968 9.274359 29.470057
177.300000 -120.091283 9.321936 29.469168
177.400000 -120.155590 9.369524 29.468279
177.500000 -120.219887 9.417124 29.467388
177.600000 -120.284185 9.464725 29.466498
177.700000 -120.348483 9.512325 29.465608
177.800000 -120.412852 9.559830 29.464771
177.900000 -120.477243 9.607303 29.463951
178.000000 -120.541635 9.654776 29.463132
178.100000 -120.606027 9.702249 29.462312
178.200000 -120.670513 9.749594 29.461670
178.300000 -120.735003 9.796934 29.461035
178.400000 -120.799493 9.844273 29.460401
178.500000 -120.864027 9.891553 29.459821
178.600000 -120.928689 9.938657 29.459403
178.700000 -120.993352 9.985760 29.458984
178.800000 -121.058014 10.032864 29.458565
178.900000 -121.122736 10.079886 29.458177
179.000000 -121.187522 10.126820 29.457822
179.100000 -121.252308 10.173754 29.457466
179.200000 -121.317094 10.220688 29.457111
179.300000 -121.381944 10.267533 29.456899
179.400000 -121.446811 10.314355 29.456723
179.500000 -121.511677 10.361177 29.456547
179.600000 -121.576547 10.407995 29.456378
179.700000 -121.641512 10.454681 29.456417
179.800000 -121.706477 10.501366 29.456456
179.900000 -121.771442 10.548052 29.456494
180.000000 -121.836423 10.594716 29.456578
180.100000 -121.901434 10.641337 29.456747
180.200000 -121.966445 10.687958 29.456917
180.300000 -122.031456 10.734580 29.457087
180.400000 -122.096436 10.781245 29.457310
180.500000 -122.161392 10.827943 29.457572
180.600000 -122.226347 10.874642 29.457834
180.700000 -122.291303 10.921341 29.458096
180.800000 -122.356191 10.968134 29.458327
180.900000 -122.421068 11.014940 29.458554
181.000000 -122.485946 11.061747 29.458781
181.100000 -122.550827 11.108549 29.458993
181.200000 -122.615740 11.155308 29.459071
181.300000 -122.680652 11.202067 29.459150
181.400000 -122.745564 11.248826 29.459228
181.500000 -122.810517 11.295528 29.459284
181.600000 -122.875530 11.342148 29.459305
181.700000 -122.940542 11.388767 29.459326
181.800000 -123.005555 11.435386 29.459347
181.900000 -123.070683 11.481844 29.459313
182.000000 -123.135875 11.528212 29.459247
182.100000 -123.201066 11.574581 29.459181
182.200000 -123.266258 11.620950 29.459115
182.300000 -123.331620 11.667078 29.459013
182.400000 -123.396988 11.713198 29.458909
182.500000 -123.462356 11.759317 29.458805
182.600000 -123.527759 11.805387 29.458676
182.700000 -123.593297 11.851265 29.458451
182.800000 -123.658836 11.897142 29.458226
182.900000 -123.724374 11.943019 29.458001
183.000000 -123.789944 11.988851 29.457721
183.100000 -123.855542 12.034644 29.457394
183.200000 -123.921139 12.080436 29.457067
183.300000 -123.986737 12.126229 29.456740
183.400000 -124.052316 12.172048 29.456427
183.500000 -124.117890 12.217874 29.456117
183.600000 -124.183464 12.263700 29.455807
183.700000 -124.249035 12.309531 29.455514
183.800000 -124.314586 12.355390 29.455332
183.900000 -124.380136 12.401250 29.455150
184.000000 -124.445687 12.447110 29.454968
184.100000 -124.511241 12.492965 29.454801
184.200000 -124.576798 12.538815 29.454657
184.300000 -124.642356 12.584664 29.454513
184.400000 -124.707914 12.630513 29.454369
184.500000 -124.773446 12.676401 29.454382
184.600000 -124.838967 12.722302 29.454452
184.700000 -124.904489 12.768203 29.454523
184.800000 -124.970010 12.814105 29.454594
184.900000 -125.035475 12.860086 29.454843
185.000000 -125.100940 12.906069 29.455093
185.100000 -125.166405 12.952051 29.455344
185.200000 -125.231865 12.998040 29.455615
185.300000 -125.297315 13.044042 29.455926
185.400000 -125.362766 13.090044 29.456238
185.500000 -125.428217 13.136046 29.456549
185.600000 -125.493629 13.182103 29.456894
185.700000 -125.559016 13.228196 29.457262
185.800000 -125.624403 13.274289 29.457629
185.900000 -125.689790 13.320382 29.457997
186.000000 -125.755090 13.366598 29.458358
186.100000 -125.820385 13.412820 29.458719
186.200000 -125.885681 13.459042 29.459079
186.300000 -125.950958 13.505291 29.459424
186.400000 -126.016164 13.551638 29.459708
186.500000 -126.081371 13.597986 29.459993
186.600000 -126.146578 13.644334 29.460277
186.700000 -126.211781 13.690686 29.461906
186.800000 -126.276981 13.737043 29.464631
186.900000 -126.342181 13.783399 29.467357
187.000000 -126.407381 13.829756 29.470083
187.100000 -126.473609 13.874624 29.475153
187.200000 -126.540050 13.919184 29.480709
187.300000 -126.606492 13.963744 29.486265
187.400000 -126.673779 14.006922 29.491765
187.500000 -126.743643 14.045897 29.497093
187.600000 -126.813507 14.084872 29.502422
187.700000 -126.883371 14.123847 29.507750
187.800000 -126.956555 14.155825 29.511238
187.900000 -127.030929 14.185295 29.514067
188.000000 -127.105303 14.214765 29.516896
188.100000 -127.181314 14.238933 29.518399
188.200000 -127.259361 14.256498 29.518252
188.300000 -127.337409 14.274063 29.518105
188.400000 -127.415766 14.289442 29.517570
188.500000 -127.495626 14.294163 29.515145
188.600000 -127.575487 14.298884 29.512720
188.700000 -127.655348 14.303605 29.510295
188.800000 -127.735108 14.297873 29.506874
188.900000 -127.814864 14.291630 29.503404
189.000000 -127.894621 14.285387 29.499935
189.100000 -127.973720 14.274187 29.496354
189.200000 -128.052352 14.259455 29.492693
189.300000 -128.130984 14.244722 29.489033
189.400000 -128.209379 14.228948 29.485467
189.500000 -128.286678 14.208335 29.482340
189.600000 -128.363977 14.187722 29.479214
189.700000 -128.441276 14.167109 29.476087
189.800000 -128.517940 14.144328 29.473388
189.900000 -128.594152 14.120002 29.470994
190.000000 -128.670363 14.095676 29.468600
190.100000 -128.746575 14.071350 29.466206
190.200000 -128.821991 14.044660 29.464551
190.300000 -128.897386 14.017909 29.462915
190.400000 -128.972781 13.991158 29.461279
190.500000 -129.048059 13.964089 29.459764
190.600000 -129.122915 13.935866 29.458688
190.700000 -129.197772 13.907643 29.457612
190.800000 -129.272628 13.879421 29.456537
190.900000 -129.347346 13.850837 29.455611
191.000000 -129.421918 13.821871 29.454842
191.100000 -129.496490 13.792905 29.454074
191.200000 -129.571062 13.763939 29.453306
191.300000 -129.645544 13.734743 29.452722
191.400000 -129.719978 13.705425 29.452238
191.500000 -129.794412 13.676106 29.451753
191.600000 -129.868846 13.646787 29.451268
191.700000 -129.943290 13.617493 29.451126
191.800000 -130.017734 13.588202 29.451031
191.900000 -130.092179 13.558912 29.450936
192.000000 -130.166627 13.529627 29.450851
192.100000 -130.241179 13.500610 29.451175
192.200000 -130.315731 13.471593 29.451499
192.300000 -130.390283 13.442576 29.451823
192.400000 -130.464860 13.413622 29.452214
192.500000 -130.539508 13.384853 29.452799
192.600000 -130.614156 13.356084 29.453384
192.700000 -130.688804 13.327314 29.453969
192.800000 -130.763484 13.298630 29.454604
192.900000 -130.838210 13.270063 29.455308
193.000000 -130.912936 13.241496 29.456012
193.100000 -130.987661 13.212929 29.456716
193.200000 -131.062478 13.184602 29.457468
193.300000 -131.137338 13.156389 29.458243
193.400000 -131.212198 13.128175 29.459019
193.500000 -131.287058 13.099962 29.459794
193.600000 -131.362033 13.072056 29.460717
193.700000 -131.437025 13.044197 29.461663
193.800000 -131.512017 13.016337 29.462609
193.900000 -131.587019 12.988503 29.463545
194.000000 -131.662078 12.960823 29.464421
194.100000 -131.737137 12.933144 29.465298
194.200000 -131.812196 12.905464 29.466174
194.300000 -131.887285 12.877866 29.466950
194.400000 -131.962432 12.850426 29.467530
194.500000 -132.037578 12.822986 29.468110
194.600000 -132.112725 12.795546 29.468691
194.700000 -132.187911 12.768214 29.469172
194.800000 -132.263120 12.740945 29.469595
194.900000 -132.338329 12.713676 29.470019
195.000000 -132.413538 12.686407 29.470442
195.100000 -132.488801 12.659286 29.470824
195.200000 -132.564073 12.632190 29.471198
195.300000 -132.639344 12.605095 29.471573
195.400000 -132.714621 12.578013 29.471935
195.500000 -132.789923 12.551000 29.472238
195.600000 -132.865224 12.523987 29.472541
195.700000 -132.940525 12.496974 29.472844
195.800000 -133.015802 12.469893 29.473085
195.900000 -133.091078 12.442809 29.473323
196.000000 -133.166354 12.415724 29.473561
196.100000 -133.241619 12.388611 29.473762
196.200000 -133.316864 12.361441 29.473887
196.300000 -133.392108 12.334270 29.474011
196.400000 -133.467353 12.307099 29.474136
196.500000 -133.542558 12.279820 29.474246
196.600000 -133.617737 12.252468 29.474345
196.700000 -133.692916 12.225117 29.474445
196.800000 -133.768095 12.197765 29.474545
196.900000 -133.843153 12.170083 29.474752
197.000000 -133.918195 12.142358 29.474974
197.100000 -133.993237 12.114632 29.475196
197.200000 -134.068255 12.086843 29.475435
197.300000 -134.143155 12.058735 29.475754
197.400000 -134.218054 12.030626 29.476074
197.500000 -134.292954 12.002518 29.476393
197.600000 -134.367764 11.974175 29.476686
197.700000 -134.442469 11.945553 29.476949
197.800000 -134.517174 11.916931 29.477211
197.900000 -134.591878 11.888310 29.477473
198.000000 -134.666452 11.859348 29.477714
198.100000 -134.740978 11.830265 29.477947
198.200000 -134.815505 11.801183 29.478180
198.300000 -134.890028 11.772093 29.478411
198.400000 -134.964399 11.742615 29.478504
198.500000 -135.038770 11.713136 29.478597
198.600000 -135.113141 11.683658 29.478691
198.700000 -135.187476 11.654090 29.478795
198.800000 -135.261720 11.624294 29.478925
198.900000 -135.335964 11.594498 29.479056
199.000000 -135.410209 11.564702 29.479186
199.100000 -135.484410 11.534800 29.479311
199.200000 -135.558576 11.504809 29.479431
199.300000 -135.632741 11.474818 29.479551
199.400000 -135.706907 11.444827 29.479672
199.500000 -135.781021 11.414709 29.479793
199.600000 -135.855122 11.384558 29.479915
199.700000 -135.929223 11.354408 29.480037
199.800000 -136.003322 11.324252 29.480164
199.900000 -136.077386 11.294012 29.480376
200.000000 -136.151451 11.263773 29.480588
200.100000 -136.225484 11.233455 29.480757
200.200000 -136.299514 11.203132 29.480923
200.300000 -136.373544 11.172809 29.481089
200.400000 -136.447548 11.142421 29.481251
200.500000 -136.521483 11.111866 29.481404
200.600000 -136.595418 11.081311 29.481556
200.700000 -136.669353 11.050756 29.481709
200.800000 -136.743239 11.020081 29.481814
200.900000 -136.817096 10.989339 29.481893
201.000000 -136.890953 10.958596 29.481972
201.100000 -136.964811 10.927854 29.482051
201.200000 -137.038621 10.896999 29.482053
201.300000 -137.112419 10.866115 29.482035
201.400000 -137.186218 10.835231 29.482018
201.500000 -137.260010 10.804332 29.481983
201.600000 -137.333766 10.773349 29.481854
201.700000 -137.407523 10.742366 29.481725
201.800000 -137.481279 10.711382 29.481595
201.900000 -137.555032 10.680389 29.481460
202.000000 -137.628774 10.649371 29.481313
202.100000 -137.702516 10.618353 29.481165
202.200000 -137.776258 10.587336 29.481017
202.300000 -137.849952 10.556203 29.480961
202.400000 -137.923622 10.525014 29.480949
202.500000 -137.997291 10.493825 29.480938
202.600000 -138.070961 10.462636 29.480927
202.700000 -138.144589 10.431347 29.480976
202.800000 -138.218208 10.400038 29.481037
202.900000 -138.291826 10.368729 29.481099
203.000000 -138.365442 10.337412 29.481165
203.100000 -138.439044 10.306062 29.481255
203.200000 -138.512645 10.274712 29.481344
203.300000 -138.586246 10.243362 29.481434
203.400000 -138.659847 10.212010 29.481542
203.500000 -138.733446 10.180655 29.481679
203.600000 -138.807045 10.149299 29.481817
203.700000 -138.880645 10.117944 29.481955
203.800000 -138.954246 10.086594 29.482137
203.900000 -139.027848 10.055246 29.482334
204.000000 -139.101451 10.023898 29.482531
204.100000 -139.175053 9.992549 29.482727
204.200000 -139.248641 9.961168 29.482867
204.300000 -139.322227 9.929782 29.482998
204.400000 -139.395813 9.898396 29.483129
204.500000 -139.469397 9.867006 29.483220
204.600000 -139.542976 9.835601 29.483178
204.700000 -139.616554 9.804196 29.483135
204.800000 -139.690132 9.772792 29.483092
204.900000 -139.763704 9.741374 29.483012
205.000000 -139.837265 9.709929 29.482860
205.100000 -139.910826 9.678484 29.482708
205.200000 -139.984387 9.647039 29.482556
205.300000 -140.057960 9.615620 29.482416
205.400000 -140.131536 9.584213 29.482280
205.500000 -140.205113 9.552805 29.482145
205.600000 -140.278690 9.521397 29.482009
205.700000 -140.352261 9.489976 29.481914
205.800000 -140.425831 9.458551 29.481829
205.900000 -140.499401 9.427127 29.481744
206.000000 -140.572968 9.395696 29.481660
206.100000 -140.646519 9.364228 29.481586
206.200000 -140.720070 9.332761 29.481511
206.300000 -140.793622 9.301294 29.481436
206.400000 -140.867165 9.269807 29.481310
206.500000 -140.940683 9.238262 29.481036
206.600000 -141.014201 9.206717 29.480762
206.700000 -141.087720 9.175173 29.480489
206.800000 -141.161170 9.143471 29.480163
206.900000 -141.234586 9.111689 29.479810
207.000000 -141.308002 9.079907 29.479458
207.100000 -141.381418 9.048125 29.479105
207.200000 -141.454758 9.016168 29.478695
207.300000 -141.528071 8.984150 29.478264
207.400000 -141.601385 8.952132 29.477833
207.500000 -141.674695 8.920106 29.477399
207.600000 -141.747976 8.888015 29.476942
207.700000 -141.821257 8.855923 29.476485
207.800000 -141.894538 8.823831 29.476028
207.900000 -141.967813 8.791725 29.475547
208.000000 -142.041068 8.759574 29.474995
208.100000 -142.114323 8.727423 29.474443
208.200000 -142.187578 8.695272 29.473892
208.300000 -142.260822 8.663096 29.473319
208.400000 -142.334060 8.630907 29.472735
208.500000 -142.407299 8.598717 29.472152
208.600000 -142.480537 8.566528 29.471568
208.700000 -142.553811 8.534420 29.471143
208.800000 -142.627096 8.502337 29.470763
208.900000 -142.700380 8.470253 29.470383
209.000000 -142.773670 8.438181 29.470032
209.100000 -142.847000 8.406200 29.469911
209.200000 -142.920329 8.374219 29.469791
209.300000 -142.993659 8.342238 29.469671
209.400000 -143.066987 8.310255 29.469603
209.500000 -143.140313 8.278266 29.469715
209.600000 -143.213639 8.246276 29.469827
209.700000 -143.286964 8.214286 29.469938
209.800000 -143.360275 8.182261 29.470018
209.900000 -143.433573 8.150208 29.470074
210.000000 -143.506871 8.118155 29.470130
210.100000 -143.580169 8.086102 29.470185
210.200000 -143.653438 8.053984 29.470122
210.300000 -143.726695 8.021836 29.470003
210.400000 -143.799951 7.989688 29.469884
210.500000 -143.873207 7.957537 29.469763
210.600000 -143.946413 7.925276 29.469553
210.700000 -144.019619 7.893014 29.469343
210.800000 -144.092826 7.860752 29.469133
210.900000 -144.166024 7.828471 29.468919
211.000000 -144.239165 7.796061 29.468678
211.100000 -144.312306 7.763652 29.468438
211.200000 -144.385447 7.731242 29.468197
211.300000 -144.458566 7.698784 29.467994
211.400000 -144.531660 7.666268 29.467834
211.500000 -144.604754 7.633751 29.467674
211.600000 -144.677848 7.601235 29.467514
211.700000 -144.750950 7.568738 29.467396
211.800000 -144.824059 7.536256 29.467308
211.900000 -144.897168 7.503773 29.467220
212.000000 -144.970276 7.471291 29.467132
212.100000 -145.043386 7.438811 29.467092
212.200000 -145.116496 7.406331 29.467058
212.300000 -145.189606 7.373851 29.467024
212.400000 -145.262716 7.341372 29.466991
212.500000 -145.335838 7.308919 29.466975
212.600000 -145.408960 7.276466 29.466960
212.700000 -145.482081 7.244012 29.466945
212.800000 -145.555237 7.211637 29.466930
212.900000 -145.628453 7.179396 29.466915
213.000000 -145.701669 7.147156 29.466901
213.100000 -145.774885 7.114915 29.466886
213.200000 -145.848141 7.082767 29.466942
213.300000 -145.921438 7.050711 29.467070
213.400000 -145.994734 7.018655 29.467198
213.500000 -146.068031 6.986599 29.467326
213.600000 -146.141400 6.954709 29.467464
213.700000 -146.214782 6.922848 29.467604
213.800000 -146.288164 6.890988 29.467743
213.900000 -146.361546 6.859127 29.467883
214.000000 -146.435013 6.827463 29.468113
214.100000 -146.508481 6.795802 29.468345
214.200000 -146.581949 6.764140 29.468577
214.300000 -146.655455 6.732567 29.468813
214.400000 -146.729034 6.701164 29.469058
214.500000 -146.802613 6.669762 29.469303
214.600000 -146.876192 6.638359 29.469548
214.700000 -146.949804 6.607035 29.469742
214.800000 -147.023454 6.575799 29.469881
214.900000 -147.097104 6.544562 29.470020
215.000000 -147.170753 6.513325 29.470159
215.100000 -147.244424 6.482138 29.470215
215.200000 -147.318099 6.450962 29.470254
215.300000 -147.391775 6.419786 29.470292
215.400000 -147.465450 6.388610 29.470331
215.500000 -147.539110 6.357398 29.470388
215.600000 -147.612769 6.326184 29.470447
215.700000 -147.686429 6.294970 29.470505
215.800000 -147.760076 6.263729 29.470572
215.900000 -147.833693 6.232415 29.470663
216.000000 -147.907310 6.201101 29.470753
216.100000 -147.980927 6.169788 29.470844
216.200000 -148.054520 6.138418 29.470942
216.300000 -148.128076 6.106961 29.471050
216.400000 -148.201632 6.075504 29.471159
216.500000 -148.275188 6.044047 29.471267
216.600000 -148.348702 6.012494 29.471346
216.700000 -148.422200 5.980902 29.471412
216.800000 -148.495698 5.949311 29.471479
216.900000 -148.569196 5.917719 29.471545
217.000000 -148.642621 5.885958 29.471583
217.100000 -148.716035 5.854170 29.471616
217.200000 -148.789449 5.822383 29.471649
217.300000 -148.862870 5.790612 29.471683
217.400000 -148.936311 5.758888 29.471719
217.500000 -149.009752 5.727164 29.471754
217.600000 -149.083193 5.695440 29.471789
217.700000 -149.156658 5.663772 29.471818
217.800000 -149.230157 5.632183 29.471839
217.900000 -149.303656 5.600593 29.471859
218.000000 -149.377155 5.569003 29.471879
218.100000 -149.450689 5.537495 29.471898
218.200000 -149.524238 5.506023 29.471916
218.300000 -149.597787 5.474551 29.471934
218.400000 -149.671336 5.443078 29.471952
218.500000 -149.744931 5.411712 29.471963
218.600000 -149.818533 5.380364 29.471973
218.700000 -149.892135 5.349015 29.471982
218.800000 -149.965749 5.317695 29.472020
218.900000 -150.039440 5.286554 29.472239
219.000000 -150.113130 5.255413 29.472457
219.100000 -150.186820 5.224273 29.472675
219.200000 -150.260554 5.193236 29.472982
219.300000 -150.334385 5.162431 29.473485
219.400000 -150.408216 5.131625 29.473988
219.500000 -150.482047 5.100820 29.474491
219.600000 -150.555949 5.070185 29.475037
219.700000 -150.629894 5.039654 29.475608
219.800000 -150.703839 5.009122 29.476180
219.900000 -150.777784 4.978591 29.476751
220.000000 -150.851777 4.948178 29.477332
220.100000 -150.925782 4.917793 29.477917
220.200000 -150.999788 4.887409 29.478501
220.300000 -151.073799 4.857038 29.479079
220.400000 -151.147908 4.826909 29.479559
220.500000 -151.222018 4.796779 29.480038
220.600000 -151.296127 4.766649 29.480518
220.700000 -151.370256 4.736569 29.481001
220.800000 -151.444450 4.706647 29.481497
220.900000 -151.518643 4.676725 29.481993
221.000000 -151.592837 4.646803 29.482489
221.100000 -151.667039 4.616902 29.482965
221.200000 -151.741248 4.587020 29.483421
221.300000 -151.815458 4.557139 29.483876
221.400000 -151.889668 4.527258 29.484332
221.500000 -151.963878 4.497376 29.484667
221.600000 -152.038087 4.467493 29.484975
221.700000 -152.112297 4.437611 29.485283
221.800000 -152.186506 4.407727 29.485593
221.900000 -152.260700 4.377807 29.485951
222.000000 -152.334894 4.347886 29.486309
222.100000 -152.409088 4.317965 29.486667
222.200000 -152.483283 4.288047 29.487008
222.300000 -152.557481 4.258137 29.487302
222.400000 -152.631680 4.228227 29.487596
222.500000 -152.705878 4.198317 29.487890
222.600000 -152.780059 4.168366 29.488170
222.700000 -152.854221 4.138366 29.488433
222.800000 -152.928383 4.108365 29.488696
222.900000 -153.002545 4.078365 29.488959
223.000000 -153.076623 4.048157 29.489308
223.100000 -153.150669 4.017874 29.489690
223.200000 -153.224716 3.987590 29.490072
223.300000 -153.298760 3.957301 29.490454
223.400000 -153.372729 3.926828 29.490856
223.500000 -153.446698 3.896355 29.491259
223.600000 -153.520667 3.865881 29.491662
223.700000 -153.594571 3.835252 29.492161
223.800000 -153.668462 3.804591 29.492680
223.900000 -153.742353 3.773931 29.493199
224.000000 -153.816239 3.743257 29.493723
224.100000 -153.890048 3.712399 29.494329
224.200000 -153.963857 3.681541 29.494935
224.300000 -154.037666 3.650683 29.495540
224.400000 -154.111461 3.619791 29.496104
224.500000 -154.185222 3.588817 29.496568
224.600000 -154.258982 3.557843 29.497033
224.700000 -154.332743 3.526869 29.497497
224.800000 -154.406503 3.495894 29.497920
224.900000 -154.480263 3.464918 29.498309
225.000000 -154.554023 3.433942 29.498697
225.100000 -154.627782 3.402967 29.499086
225.200000 -154.701545 3.371998 29.499280
225.300000 -154.775309 3.341031 29.499417
225.400000 -154.849072 3.310065 29.499554
225.500000 -154.922837 3.279101 29.499689
225.600000 -154.996658 3.248272 29.499691
225.700000 -155.070479 3.217442 29.499693
225.800000 -155.144300 3.186613 29.499695
225.900000 -155.218144 3.155839 29.499667
226.000000 -155.292047 3.125206 29.499563
226.100000 -155.365950 3.094573 29.499460
226.200000 -155.439853 3.063940 29.499356
226.300000 -155.513782 3.033372 29.499202
226.400000 -155.587734 3.002857 29.499007
226.500000 -155.661686 2.972343 29.498811
226.600000 -155.735637 2.941828 29.498616
226.700000 -155.809622 2.911392 29.498481
226.800000 -155.883614 2.880975 29.498361
226.900000 -155.957606 2.850559 29.498241
227.000000 -156.031600 2.820148 29.498124
227.100000 -156.105635 2.789836 29.498048
227.200000 -156.179670 2.759523 29.497971
227.300000 -156.253704 2.729210 29.497894
227.400000 -156.327762 2.698953 29.497831
227.500000 -156.401868 2.668814 29.497798
227.600000 -156.475973 2.638675 29.497765
227.700000 -156.550079 2.608537 29.497732
227.800000 -156.624222 2.578490 29.497663
227.900000 -156.698394 2.548514 29.497566
228.000000 -156.772565 2.518537 29.497470
228.100000 -156.846736 2.488560 29.497373
228.200000 -156.920996 2.458803 29.497324
228.300000 -156.995274 2.429091 29.497284
228.400000 -157.069551 2.399378 29.497244
228.500000 -157.143837 2.369685 29.497219
228.600000 -157.218200 2.340187 29.497353
228.700000 -157.292563 2.310690 29.497487
228.800000 -157.366926 2.281192 29.497621
228.900000 -157.441299 2.251718 29.497764
229.000000 -157.515689 2.222288 29.497925
229.100000 -157.590079 2.192858 29.498087
229.200000 -157.664469 2.163428 29.498248
229.300000 -157.738830 2.133924 29.498394
229.400000 -157.813172 2.104373 29.498531
229.500000 -157.887514 2.074822 29.498668
229.600000 -157.961856 2.045270 29.498804
229.700000 -158.036182 2.015680 29.498824
229.800000 -158.110506 1.986083 29.498824
229.900000 -158.184829 1.956486 29.498825
230.000000 -158.259153 1.926888 29.498804
230.100000 -158.333474 1.897284 29.498608
230.200000 -158.407795 1.867680 29.498411
230.300000 -158.482116 1.838076 29.498215
230.400000 -158.556427 1.808447 29.497978
230.500000 -158.630720 1.778775 29.497669
230.600000 -158.705014 1.749103 29.497360
230.700000 -158.779308 1.719430 29.497051
230.800000 -158.853552 1.689634 29.496788
230.900000 -158.927765 1.659762 29.496554
231.000000 -159.001979 1.629890 29.496320
231.100000 -159.076193 1.600018 29.496085
231.200000 -159.150370 1.570056 29.495953
231.300000 -159.224542 1.540080 29.495836
231.400000 -159.298713 1.510104 29.495720
231.500000 -159.372881 1.480117 29.495607
231.600000 -159.447015 1.450048 29.495524
231.700000 -159.521149 1.419979 29.495440
231.800000 -159.595283 1.389911 29.495357
231.900000 -159.669408 1.359820 29.495260
232.000000 -159.743518 1.329692 29.495139
232.100000 -159.817629 1.299565 29.495019
232.200000 -159.891739 1.269438 29.494898
232.300000 -159.965878 1.239380 29.494760
232.400000 -160.040033 1.209363 29.494611
232.500000 -160.114188 1.179346 29.494462
232.600000 -160.188343 1.149329 29.494313
232.700000 -160.262566 1.119480 29.494130
232.800000 -160.336798 1.089654 29.493941
232.900000 -160.411030 1.059828 29.493753
233.000000 -160.485270 1.030021 29.493577
233.100000 -160.559557 1.000331 29.493483
233.200000 -160.633843 0.970642 29.493388
233.300000 -160.708130 0.940952 29.493294
233.400000 -160.782432 0.911300 29.493211
233.500000 -160.856755 0.881701 29.493144
233.600000 -160.931078 0.852103 29.493077
233.700000 -161.005401 0.822505 29.493010
233.800000 -161.079748 0.792965 29.492882
233.900000 -161.154105 0.763451 29.492727
234.000000 -161.228462 0.733938 29.492571
234.100000 -161.302819 0.704424 29.492415
234.200000 -161.377234 0.675058 29.492169
234.300000 -161.451651 0.645696 29.491920
234.400000 -161.526068 0.616334 29.491671
234.500000 -161.600499 0.587010 29.491423
234.600000 -161.674966 0.557775 29.491176
234.700000 -161.749433 0.528540 29.490929
234.800000 -161.823900 0.499305 29.490681
234.900000 -161.898361 0.470055 29.490498
235.000000 -161.972818 0.440795 29.490365
235.100000 -162.047275 0.411534 29.490233
235.200000 -162.121732 0.382274 29.490101
235.300000 -162.196216 0.353083 29.490018
235.400000 -162.270706 0.323906 29.489946
235.500000 -162.345195 0.294729 29.489874
235.600000 -162.419690 0.265564 29.489792
235.700000 -162.494239 0.236540 29.489589
235.800000 -162.568789 0.207517 29.489386
235.900000 -162.643338 0.178493 29.489183
236.000000 -162.717897 0.149495 29.488964
236.100000 -162.792476 0.120547 29.488712
236.200000 -162.867055 0.091599 29.488460
236.300000 -162.941634 0.062651 29.488209
236.400000 -163.016229 0.033745 29.487930
236.500000 -163.090838 0.004873 29.487629
236.600000 -163.165446 -0.024000 29.487329
236.700000 -163.240054 -0.052873 29.487029
236.800000 -163.314666 -0.081734 29.486731
236.900000 -163.389280 -0.110592 29.486433
237.000000 -163.463894 -0.139451 29.486135
237.100000 -163.538509 -0.168304 29.485834
237.200000 -163.613156 -0.197077 29.485479
237.300000 -163.687803 -0.225849 29.485125
237.400000 -163.762449 -0.254622 29.484771
237.500000 -163.837099 -0.283387 29.484415
237.600000 -163.911754 -0.312137 29.484055
237.700000 -163.986410 -0.340887 29.483694
237.800000 -164.061065 -0.369637 29.483334
237.900000 -164.135692 -0.398461 29.482977
238.000000 -164.210296 -0.427346 29.482621
238.100000 -164.284899 -0.456231 29.482265
238.200000 -164.359503 -0.485115 29.481909
238.300000 -164.434027 -0.514204 29.481575
238.400000 -164.508533 -0.543339 29.481246
238.500000 -164.583039 -0.572473 29.480917
238.600000 -164.657543 -0.601613 29.480587
238.700000 -164.732005 -0.630860 29.480258
238.800000 -164.806468 -0.660107 29.479929
238.900000 -164.880930 -0.689353 29.479599
239.000000 -164.955403 -0.718574 29.479253
239.100000 -165.029898 -0.747736 29.478869
239.200000 -165.104393 -0.776899 29.478486
239.300000 -165.178888 -0.806062 29.478102
239.400000 -165.253397 -0.835189 29.477680
239.500000 -165.327917 -0.864289 29.477229
239.600000 -165.402437 -0.893389 29.476778
239.700000 -165.476957 -0.922489 29.476327
239.800000 -165.551452 -0.951651 29.475900
239.900000 -165.625943 -0.980823 29.475476
240.000000 -165.700435 -1.009996 29.475053
240.100000 -165.774923 -1.039176 29.474637
240.200000 -165.849386 -1.068422 29.474280
240.300000 -165.923848 -1.097668 29.473923
240.400000 -165.998310 -1.126915 29.473566
240.500000 -166.072772 -1.156163 29.473290
240.600000 -166.147233 -1.185414 29.473121
240.700000 -166.221693 -1.214665 29.472953
240.800000 -166.296154 -1.243916 29.472785
240.900000 -166.370603 -1.273196 29.472643
241.000000 -166.445047 -1.302490 29.472514
241.100000 -166.519490 -1.331785 29.472385
241.200000 -166.593934 -1.361079 29.472256
241.300000 -166.668365 -1.390403 29.472202
241.400000 -166.742797 -1.419728 29.472149
241.500000 -166.817229 -1.449052 29.472096
241.600000 -166.891656 -1.478388 29.472070
241.700000 -166.966064 -1.507772 29.472156
241.800000 -167.040473 -1.537155 29.472242
241.900000 -167.114881 -1.566539 29.472329
242.000000 -167.189284 -1.595936 29.472444
242.100000 -167.263680 -1.625351 29.472595
242.200000 -167.338076 -1.654766 29.472747
242.300000 -167.412472 -1.684181 29.472898
242.400000 -167.486869 -1.713593 29.473167
242.500000 -167.561267 -1.743002 29.473487
242.600000 -167.635665 -1.772412 29.473807
242.700000 -167.710063 -1.801822 29.474127
242.800000 -167.784442 -1.831280 29.474572
242.900000 -167.858821 -1.860738 29.475017
243.000000 -167.933200 -1.890197 29.475462
243.100000 -168.007580 -1.919652 29.475910
243.200000 -168.081963 -1.949099 29.476365
243.300000 -168.156347 -1.978545 29.476821
243.400000 -168.230730 -2.007992 29.477277
243.500000 -168.305110 -2.037449 29.477708
243.600000 -168.379485 -2.066917 29.478114
243.700000 -168.453860 -2.096385 29.478521
243.800000 -168.528235 -2.125853 29.478927
243.900000 -168.602608 -2.155324 29.479176
244.000000 -168.676981 -2.184796 29.479349
244.100000 -168.751355 -2.214269 29.479522
244.200000 -168.825728 -2.243741 29.479695
244.300000 -168.900139 -2.273118 29.479770
244.400000 -168.974551 -2.302491 29.479842
244.500000 -169.048964 -2.331864 29.479913
244.600000 -169.123378 -2.361234 29.479984
244.700000 -169.197799 -2.390585 29.480058
244.800000 -169.272220 -2.419937 29.480131
244.900000 -169.346641 -2.449288 29.480204
245.000000 -169.421070 -2.478619 29.480282
245.100000 -169.495510 -2.507922 29.480367
245.200000 -169.569950 -2.537225 29.480451
245.300000 -169.644390 -2.566528 29.480536
245.400000 -169.718851 -2.595779 29.480619
245.500000 -169.793325 -2.624996 29.480700
245.600000 -169.867799 -2.654213 29.480781
245.700000 -169.942273 -2.683430 29.480863
245.800000 -170.016748 -2.712643 29.480966
245.900000 -170.091224 -2.741857 29.481069
246.000000 -170.165699 -2.771070 29.481171
246.100000 -170.240173 -2.800286 29.481297
246.200000 -170.314639 -2.829523 29.481605
246.300000 -170.389106 -2.858760 29.481913
246.400000 -170.463572 -2.887997 29.482221
246.500000 -170.538047 -2.917210 29.482601
246.600000 -170.612536 -2.946388 29.483080
246.700000 -170.687025 -2.975566 29.483559
246.800000 -170.761515 -3.004745 29.484039
246.900000 -170.835959 -3.034037 29.484567
247.000000 -170.910374 -3.063404 29.485128
247.100000 -170.984788 -3.092772 29.485689
247.200000 -171.059203 -3.122140 29.486250
247.300000 -171.133552 -3.151672 29.486684
247.400000 -171.207896 -3.181219 29.487106
247.500000 -171.282240 -3.210765 29.487529
247.600000 -171.356575 -3.240334 29.487935
247.700000 -171.430840 -3.270078 29.488206
247.800000 -171.505105 -3.299821 29.488477
247.900000 -171.579370 -3.329565 29.488748
248.000000 -171.653630 -3.359322 29.488959
248.100000 -171.727883 -3.389097 29.489091
248.200000 -171.802135 -3.418872 29.489223
248.300000 -171.876388 -3.448647 29.489355
248.400000 -171.950659 -3.478376 29.489465
248.500000 -172.024940 -3.508079 29.489561
248.600000 -172.099222 -3.537783 29.489657
248.700000 -172.173503 -3.567486 29.489753
248.800000 -172.247818 -3.597105 29.489884
248.900000 -172.322134 -3.626721 29.490017
249.000000 -172.396451 -3.656336 29.490149
249.100000 -172.470765 -3.685956 29.490275
249.200000 -172.545070 -3.715600 29.490355
249.300000 -172.619375 -3.745245 29.490436
249.400000 -172.693680 -3.774889 29.490516
249.500000 -172.767977 -3.804552 29.490586
249.600000 -172.842266 -3.834235 29.490643
249.700000 -172.916556 -3.863919 29.490700
249.800000 -172.990845 -3.893602 29.490757
249.900000 -173.065127 -3.923303 29.490736
250.000000 -173.139406 -3.953012 29.490676
250.100000 -173.213685 -3.982721 29.490615
250.200000 -173.287964 -4.012430 29.490554
250.300000 -173.362258 -4.042103 29.490399
250.400000 -173.436552 -4.071775 29.490242
250.500000 -173.510845 -4.101448 29.490086
250.600000 -173.585143 -4.131110 29.489906
250.700000 -173.659457 -4.160732 29.489634
250.800000 -173.733770 -4.190354 29.489361
250.900000 -173.808084 -4.219977 29.489089
251.000000 -173.882421 -4.249540 29.488804
251.100000 -173.956774 -4.279064 29.488510
251.200000 -174.031126 -4.308589 29.488217
251.300000 -174.105479 -4.338113 29.487923
251.400000 -174.179847 -4.367598 29.487748
251.500000 -174.254219 -4.397074 29.487601
251.600000 -174.328591 -4.426550 29.487454
251.700000 -174.402966 -4.456018 29.487352
251.800000 -174.477354 -4.485454 29.487449
251.900000 -174.551741 -4.514889 29.487545
252.000000 -174.626129 -4.544325 29.487641
252.100000 -174.700529 -4.573729 29.487758
252.200000 -174.774948 -4.603087 29.487906
252.300000 -174.849367 -4.632444 29.488053
252.400000 -174.923785 -4.661802 29.488200
252.500000 -174.998214 -4.691134 29.488259
252.600000 -175.072645 -4.720459 29.488294
252.700000 -175.147077 -4.749784 29.488329
252.800000 -175.221508 -4.779109 29.488364
252.900000 -175.295937 -4.808441 29.488436
253.000000 -175.370366 -4.837773 29.488510
253.100000 -175.444794 -4.867106 29.488583
253.200000 -175.519228 -4.896425 29.488646
253.300000 -175.593671 -4.925721 29.488690
253.400000 -175.668114 -4.955017 29.488734
253.500000 -175.742556 -4.984313 29.488778
253.600000 -175.816995 -5.013621 29.488789
253.700000 -175.891430 -5.042937 29.488775
253.800000 -175.965864 -5.072254 29.488761
253.900000 -176.040299 -5.101571 29.488747
254.000000 -176.114728 -5.130903 29.488686
254.100000 -176.189156 -5.160237 29.488621
254.200000 -176.263584 -5.189570 29.488556
254.300000 -176.338014 -5.218899 29.488473
254.400000 -176.412454 -5.248201 29.488290
254.500000 -176.486895 -5.277503 29.488107
254.600000 -176.561335 -5.306805 29.487924
254.700000 -176.635791 -5.336069 29.487731
254.800000 -176.710260 -5.365298 29.487529
254.900000 -176.784729 -5.394527 29.487326
255.000000 -176.859198 -5.423757 29.487124
255.100000 -176.933692 -5.452924 29.486982
255.200000 -177.008195 -5.482065 29.486865
255.300000 -177.082699 -5.511207 29.486749
255.400000 -177.157201 -5.540352 29.486637
255.500000 -177.231687 -5.569538 29.486576
255.600000 -177.306173 -5.598724 29.486515
255.700000 -177.380659 -5.627910 29.486453
255.800000 -177.455158 -5.657063 29.486438
255.900000 -177.529690 -5.686131 29.486545
256.000000 -177.604222 -5.715200 29.486651
256.100000 -177.678754 -5.744268 29.486757
256.200000 -177.753311 -5.773274 29.486855
256.300000 -177.827879 -5.802250 29.486949
256.400000 -177.902447 -5.831226 29.487044
256.500000 -177.977015 -5.860202 29.487138
256.600000 -178.051594 -5.889149 29.487118
256.700000 -178.126176 -5.918090 29.487082
256.800000 -178.200757 -5.947032 29.487045
256.900000 -178.275333 -5.975989 29.486965
257.000000 -178.349892 -6.004988 29.486765
257.100000 -178.424451 -6.033987 29.486565
257.200000 -178.499010 -6.062986 29.486365
257.300000 -178.573559 -6.092010 29.486101
257.400000 -178.648096 -6.121066 29.485761
257.500000 -178.722633 -6.150122 29.485421
257.600000 -178.797170 -6.179177 29.485082
257.700000 -178.871699 -6.208253 29.484739
257.800000 -178.946227 -6.237333 29.484396
257.900000 -179.020755 -6.266412 29.484053
258.000000 -179.095283 -6.295491 29.483715
258.100000 -179.169821 -6.324543 29.483488
258.200000 -179.244360 -6.353595 29.483261
258.300000 -179.318898 -6.382647 29.483034
258.400000 -179.393447 -6.411672 29.482844
258.500000 -179.468011 -6.440658 29.482705
258.600000 -179.542575 -6.469645 29.482566
258.700000 -179.617139 -6.498631 29.482427
258.800000 -179.691710 -6.527601 29.482364
258.900000 -179.766285 -6.556559 29.482352
259.000000 -179.840860 -6.585517 29.482339
259.100000 -179.915434 -6.614475 29.482327
259.200000 -179.989996 -6.643467 29.482364
259.300000 -180.064558 -6.672460 29.482401
259.400000 -180.139119 -6.701453 29.482438
259.500000 -180.213681 -6.730445 29.482471
259.600000 -180.288245 -6.759431 29.482486
259.700000 -180.362809 -6.788417 29.482500
259.800000 -180.437373 -6.817404 29.482514
259.900000 -180.511974 -6.846295 29.482562
260.000000 -180.586603 -6.875113 29.482637
260.100000 -180.661233 -6.903930 29.482712
260.200000 -180.735862 -6.932748 29.482787
260.300000 -180.810519 -6.961495 29.482957
260.400000 -180.885185 -6.990217 29.483159
260.500000 -180.959851 -7.018939 29.483362
260.600000 -181.034522 -7.047650 29.483582
260.700000 -181.109224 -7.076278 29.483930
260.800000 -181.183926 -7.104907 29.484278
260.900000 -181.258628 -7.133536 29.484625
261.000000 -181.333337 -7.162147 29.484966
261.100000 -181.408062 -7.190715 29.485288
261.200000 -181.482787 -7.219283 29.485610
261.300000 -181.557512 -7.247851 29.485932
261.400000 -181.632249 -7.276389 29.486279
261.500000 -181.706992 -7.304910 29.486639
261.600000 -181.781735 -7.333432 29.486999
261.700000 -181.856478 -7.361954 29.487360
261.800000 -181.931246 -7.390412 29.487819
261.900000 -182.006018 -7.418856 29.488299
262.000000 -182.080790 -7.447301 29.488779
262.100000 -182.155574 -7.475715 29.489263
262.200000 -182.230406 -7.504003 29.489761
262.300000 -182.305237 -7.532292 29.490260
262.400000 -182.380069 -7.560580 29.490758
262.500000 -182.454893 -7.588889 29.491223
262.600000 -182.529702 -7.617236 29.491629
262.700000 -182.604512 -7.645583 29.492034
262.800000 -182.679321 -7.673930 29.492440
262.900000 -182.754042 -7.702510 29.492829
263.000000 -182.828728 -7.731179 29.493210
263.100000 -182.903415 -7.759847 29.493592
263.200000 -182.978102 -7.788516 29.493974
263.300000 -183.052680 -7.817465 29.494400
263.400000 -183.127245 -7.846450 29.494832
263.500000 -183.201809 -7.875435 29.495264
263.600000 -183.276358 -7.904461 29.495700
263.700000 -183.350857 -7.933614 29.496148
263.800000 -183.425356 -7.962767 29.496595
263.900000 -183.499855 -7.991919 29.497043
264.000000 -183.574339 -8.021111 29.497471
264.100000 -183.648799 -8.050364 29.497867
264.200000 -183.723259 -8.079617 29.498263
264.300000 -183.797719 -8.108870 29.498660
264.400000 -183.872145 -8.138207 29.499017
264.500000 -183.946560 -8.167575 29.499361
264.600000 -184.020974 -8.196943 29.499705
264.700000 -184.095389 -8.226311 29.500049
264.800000 -184.169835 -8.255598 29.500172
264.900000 -184.244286 -8.284874 29.500265
265.000000 -184.318737 -8.314150 29.500358
265.100000 -184.393209 -8.343370 29.500381
265.200000 -184.467752 -8.372412 29.500178
265.300000 -184.542294 -8.401453 29.499975
265.400000 -184.616837 -8.430494 29.499773
265.500000 -184.691421 -8.459429 29.499503
265.600000 -184.766065 -8.488208 29.499134
265.700000 -184.840710 -8.516987 29.498764
265.800000 -184.915354 -8.545765 29.498395
265.900000 -184.990048 -8.574416 29.497987
266.000000 -185.064755 -8.603030 29.497568
266.100000 -185.139463 -8.631644 29.497149
266.200000 -185.214171 -8.660258 29.496730
266.300000 -185.288933 -8.688730 29.496397
266.400000 -185.363697 -8.717196 29.496068
266.500000 -185.438461 -8.745661 29.495739
266.600000 -185.513262 -8.774032 29.495437
266.700000 -185.588136 -8.802206 29.495190
266.800000 -185.663011 -8.830381 29.494944
266.900000 -185.737885 -8.858555 29.494698
267.000000 -185.812775 -8.886688 29.494458
267.100000 -185.887681 -8.914780 29.494226
267.200000 -185.962586 -8.942873 29.493993
267.300000 -186.037492 -8.970965 29.493761
267.400000 -186.112360 -8.999156 29.493545
267.500000 -186.187224 -9.027358 29.493331
267.600000 -186.262088 -9.055561 29.493117
267.700000 -186.336942 -9.083791 29.492916
267.800000 -186.411682 -9.112320 29.492858
267.900000 -186.486422 -9.140849 29.492800
268.000000 -186.561162 -9.169378 29.492742
268.100000 -186.635810 -9.198147 29.492755
268.200000 -186.710376 -9.227128 29.492831
268.300000 -186.784942 -9.256110 29.492906
268.400000 -186.859508 -9.285092 29.492982
268.500000 -186.933947 -9.314396 29.493160
268.600000 -187.008335 -9.343831 29.493379
268.700000 -187.082723 -9.373266 29.493598
268.800000 -187.157097 -9.402735 29.493809
268.900000 -187.231378 -9.432441 29.493959
269.000000 -187.305659 -9.462146 29.494109
269.100000 -187.379939 -9.491851 29.494259
269.200000 -187.454201 -9.521604 29.494386
269.300000 -187.528418 -9.551467 29.494459
269.400000 -187.602635 -9.581330 29.494532
269.500000 -187.676852 -9.611193 29.494604
269.600000 -187.751059 -9.641082 29.494697
269.700000 -187.825262 -9.670981 29.494798
269.800000 -187.899465 -9.700880 29.494899
269.900000 -187.973667 -9.730779 29.495000
270.000000 -188.047894 -9.760619 29.495087
270.100000 -188.122123 -9.790451 29.495172
270.200000 -188.196353 -9.820284 29.495258
270.300000 -188.270589 -9.850100 29.495341
270.400000 -188.344841 -9.879877 29.495419
270.500000 -188.419092 -9.909654 29.495496
270.600000 -188.493344 -9.939432 29.495574
270.700000 -188.567603 -9.969190 29.495636
270.800000 -188.641871 -9.998928 29.495682
270.900000 -188.716138 -10.028666 29.495727
271.000000 -188.790406 -10.058403 29.495773
271.100000 -188.864653 -10.088192 29.495696
271.200000 -188.938897 -10.117988 29.495600
271.300000 -189.013141 -10.147784 29.495505
271.400000 -189.087384 -10.177584 29.495407
271.500000 -189.161588 -10.207480 29.495240
271.600000 -189.235792 -10.237376 29.495074
271.700000 -189.309996 -10.267273 29.494907
271.800000 -189.384205 -10.297155 29.494653
271.900000 -189.458423 -10.327018 29.494282
272.000000 -189.532640 -10.356881 29.493911
272.100000 -189.606857 -10.386743 29.493539
272.200000 -189.681077 -10.416599 29.493135
272.300000 -189.755300 -10.446449 29.492707
272.400000 -189.829522 -10.476299 29.492280
272.500000 -189.903745 -10.506149 29.491852
272.600000 -189.978011 -10.535890 29.491536
272.700000 -190.052279 -10.565627 29.491224
272.800000 -190.126547 -10.595363 29.490912
272.900000 -190.200820 -10.625087 29.490617
273.000000 -190.275133 -10.654710 29.490452
273.100000 -190.349447 -10.684333 29.490287
273.200000 -190.423760 -10.713957 29.490122
273.300000 -190.498098 -10.743518 29.489950
273.400000 -190.572461 -10.773017 29.489771
273.500000 -190.646823 -10.802517 29.489592
273.600000 -190.721186 -10.832016 29.489413
273.700000 -190.795561 -10.861483 29.489182
273.800000 -190.869944 -10.890931 29.488922
273.900000 -190.944326 -10.920380 29.488663
274.000000 -191.018710 -10.949826 29.488402
274.100000 -191.093132 -10.979176 29.488080
274.200000 -191.167553 -11.008526 29.487759
274.300000 -191.241975 -11.037876 29.487438
274.400000 -191.316398 -11.067221 29.487115
274.500000 -191.390833 -11.096538 29.486778
274.600000 -191.465268 -11.125855 29.486441
274.700000 -191.539702 -11.155172 29.486104
274.800000 -191.614153 -11.184448 29.485844
274.900000 -191.688620 -11.213684 29.485655
275.000000 -191.763086 -11.242920 29.485466
275.100000 -191.837553 -11.272155 29.485278
275.200000 -191.912021 -11.301388 29.485135
275.300000 -191.986489 -11.330618 29.485017
275.400000 -192.060958 -11.359849 29.484900
275.500000 -192.135426 -11.389080 29.484780
275.600000 -192.209885 -11.418337 29.484577
275.700000 -192.284343 -11.447593 29.484374
275.800000 -192.358801 -11.476850 29.484171
275.900000 -192.433265 -11.506093 29.483966
276.000000 -192.507756 -11.535268 29.483753
276.100000 -192.582246 -11.564442 29.483540
276.200000 -192.656737 -11.593617 29.483327
276.300000 -192.731235 -11.622772 29.483147
276.400000 -192.805739 -11.651912 29.482996
276.500000 -192.880244 -11.681051 29.482844
276.600000 -192.954748 -11.710190 29.482693
276.700000 -193.029236 -11.739372 29.482575
276.800000 -193.103716 -11.768573 29.482472
276.900000 -193.178196 -11.797774 29.482370
277.000000 -193.252673 -11.826984 29.482270
277.100000 -193.327101 -11.856317 29.482204
277.200000 -193.401529 -11.885650 29.482138
277.300000 -193.475958 -11.914983 29.482073
277.400000 -193.550384 -11.944321 29.481984
277.500000 -193.624804 -11.973675 29.481808
277.600000 -193.699224 -12.003028 29.481632
277.700000 -193.773645 -12.032382 29.481456
277.800000 -193.848065 -12.061736 29.481160
277.900000 -193.922485 -12.091090 29.480782
278.000000 -193.996905 -12.120444 29.480404
278.100000 -194.071324 -12.149799 29.480026
278.200000 -194.145742 -12.179158 29.479449
278.300000 -194.220159 -12.208520 29.478805
278.400000 -194.294576 -12.237882 29.478161
278.500000 -194.368998 -12.267230 29.477497
278.600000 -194.443455 -12.296490 29.476707
278.700000 -194.517912 -12.325750 29.475917
278.800000 -194.592370 -12.355011 29.475127
278.900000 -194.666846 -12.384221 29.474344
279.000000 -194.741371 -12.413308 29.473575
279.100000 -194.815896 -12.442395 29.472806
279.200000 -194.890420 -12.471482 29.472037
279.300000 -194.965005 -12.500415 29.471396
279.400000 -195.039618 -12.529275 29.470815
279.500000 -195.114231 -12.558135 29.470234
279.600000 -195.188844 -12.586994 29.469653
279.700000 -195.263496 -12.615753 29.469262
279.800000 -195.338156 -12.644491 29.468910
279.900000 -195.412816 -12.673230 29.468557
280.000000 -195.487487 -12.701940 29.468242
280.100000 -195.562197 -12.730549 29.468067
280.200000 -195.636906 -12.759158 29.467891
280.300000 -195.711616 -12.787766 29.467716
280.400000 -195.786348 -12.816317 29.467583
280.500000 -195.861119 -12.844764 29.467525
280.600000 -195.935890 -12.873212 29.467466
280.700000 -196.010662 -12.901660 29.467408
280.800000 -196.085476 -12.929992 29.467320
280.900000 -196.160307 -12.958283 29.467222
281.000000 -196.235137 -12.986575 29.467124
281.100000 -196.309968 -13.014866 29.467025
281.200000 -196.384885 -13.042927 29.466893
281.300000 -196.459815 -13.070955 29.466756
281.400000 -196.534744 -13.098983 29.466619
281.500000 -196.609693 -13.126959 29.466490
281.600000 -196.684702 -13.154773 29.466389
281.700000 -196.759711 -13.182588 29.466287
281.800000 -196.834720 -13.210403 29.466186
281.900000 -196.909731 -13.238213 29.466068
282.000000 -196.984744 -13.266016 29.465922
282.100000 -197.059757 -13.293819 29.465777
282.200000 -197.134770 -13.321622 29.465631
282.300000 -197.209766 -13.349472 29.465568
282.400000 -197.284756 -13.377338 29.465531
282.500000 -197.359746 -13.405204 29.465495
282.600000 -197.434736 -13.433069 29.465458
282.700000 -197.509683 -13.461052 29.465474
282.800000 -197.584624 -13.489050 29.465498
282.900000 -197.659564 -13.517047 29.465521
283.000000 -197.734494 -13.545074 29.465520
283.100000 -197.809391 -13.573191 29.465449
283.200000 -197.884287 -13.601307 29.465377
283.300000 -197.959184 -13.629423 29.465306
283.400000 -198.034069 -13.657569 29.465207
283.500000 -198.108935 -13.685767 29.465062
283.600000 -198.183801 -13.713964 29.464918
283.700000 -198.258667 -13.742161 29.464773
283.800000 -198.333526 -13.770375 29.464639
283.900000 -198.408384 -13.798594 29.464508
284.000000 -198.483241 -13.826814 29.464378
284.100000 -198.558099 -13.855034 29.464248
284.200000 -198.632946 -13.883281 29.464247
284.300000 -198.707791 -13.911534 29.464272
284.400000 -198.782636 -13.939787 29.464297
284.500000 -198.857478 -13.968049 29.464354
284.600000 -198.932304 -13.996351 29.464561
284.700000 -199.007130 -14.024654 29.464767
284.800000 -199.081956 -14.052956 29.464973
284.900000 -199.156786 -14.081249 29.465266
285.000000 -199.231625 -14.109519 29.465774
285.100000 -199.306464 -14.137788 29.466281
285.200000 -199.381302 -14.166058 29.466789
285.300000 -199.456145 -14.194317 29.467439
285.400000 -199.530990 -14.222571 29.468175
285.500000 -199.605834 -14.250825 29.468911
285.600000 -199.680679 -14.279078 29.469647
285.700000 -199.755484 -14.307436 29.470334
285.800000 -199.830275 -14.335833 29.471001
285.900000 -199.905065 -14.364230 29.471668
286.000000 -199.979849 -14.392645 29.472331
286.100000 -200.054581 -14.421194 29.472961
286.200000 -200.129314 -14.449743 29.473590
286.300000 -200.204046 -14.478293 29.474220
286.400000 -200.278761 -14.506887 29.474834
286.500000 -200.353414 -14.535645 29.475389
286.600000 -200.428066 -14.564403 29.475944
286.700000 -200.502719 -14.593161 29.476499
286.800000 -200.577331 -14.622022 29.476994
286.900000 -200.651918 -14.650950 29.477450
287.000000 -200.726505 -14.679878 29.477906
287.100000 -200.801091 -14.708806 29.478362
287.200000 -200.875634 -14.737847 29.478790
287.300000 -200.950161 -14.766929 29.479209
287.400000 -201.024688 -14.796011 29.479627
287.500000 -201.099217 -14.825087 29.480036
287.600000 -201.173757 -14.854133 29.480393
287.700000 -201.248298 -14.883180 29.480749
287.800000 -201.322838 -14.912227 29.481106
287.900000 -201.397387 -14.941251 29.481446
288.000000 -201.471956 -14.970226 29.481748
288.100000 -201.546524 -14.999201 29.482050
288.200000 -201.621093 -15.028176 29.482352
288.300000 -201.695640 -15.057206 29.482626
288.400000 -201.770178 -15.086258 29.482889
288.500000 -201.844717 -15.115309 29.483152
288.600000 -201.919256 -15.144361 29.483415
288.700000 -201.993768 -15.173479 29.483626
288.800000 -202.068277 -15.202607 29.483830
288.900000 -202.142786 -15.231735 29.484034
289.000000 -202.217309 -15.260827 29.484189
289.100000 -202.291864 -15.289835 29.484229
289.200000 -202.366420 -15.318844 29.484269
289.300000 -202.440975 -15.347852 29.484309
289.400000 -202.515572 -15.376754 29.484255
289.500000 -202.590217 -15.405530 29.484089
289.600000 -202.664863 -15.434306 29.483923
289.700000 -202.739508 -15.463082 29.483757
289.800000 -202.814221 -15.491683 29.483687
289.900000 -202.888943 -15.520259 29.483630
290.000000 -202.963665 -15.548835 29.483574
290.100000 -203.038388 -15.577408 29.483519
290.200000 -203.113166 -15.605839 29.483528
290.300000 -203.187944 -15.634270 29.483537
290.400000 -203.262721 -15.662701 29.483546
290.500000 -203.337517 -15.691082 29.483583
290.600000 -203.412339 -15.719397 29.483657
290.700000 -203.487161 -15.747712 29.483732
290.800000 -203.561982 -15.776026 29.483807
290.900000 -203.636818 -15.804303 29.483805
291.000000 -203.711666 -15.832548 29.483739
291.100000 -203.786514 -15.860793 29.483673
291.200000 -203.861362 -15.889038 29.483607
291.300000 -203.936205 -15.917296 29.483422
291.400000 -204.011048 -15.945555 29.483227
291.500000 -204.085891 -15.973814 29.483032
291.600000 -204.160732 -16.002076 29.482838
291.700000 -204.235517 -16.030487 29.482660
291.800000 -204.310303 -16.058898 29.482481
291.900000 -204.385088 -16.087309 29.482303
292.000000 -204.459841 -16.115804 29.482108
292.100000 -204.534541 -16.144438 29.481888
292.200000 -204.609241 -16.173072 29.481667
292.300000 -204.683941 -16.201706 29.481447
292.400000 -204.758605 -16.230434 29.481274
292.500000 -204.833226 -16.259273 29.481158
292.600000 -204.907847 -16.288111 29.481043
292.700000 -204.982469 -16.316950 29.480927
292.800000 -205.057106 -16.345748 29.480864
292.900000 -205.131746 -16.374537 29.480814
293.000000 -205.206386 -16.403325 29.480764
293.100000 -205.281027 -16.432114 29.480714
293.200000 -205.355734 -16.460730 29.480718
293.300000 -205.430448 -16.489327 29.480728
293.400000 -205.505163 -16.517923 29.480738
293.500000 -205.579883 -16.546503 29.480759
293.600000 -205.654624 -16.575032 29.480816
293.700000 -205.729364 -16.603561 29.480872
293.800000 -205.804104 -16.632091 29.480928
293.900000 -205.878851 -16.660601 29.480990
294.000000 -205.953613 -16.689074 29.481063
294.100000 -206.028374 -16.717546 29.481135
294.200000 -206.103136 -16.746019 29.481208
294.300000 -206.177899 -16.774489 29.481285
294.400000 -206.252661 -16.802959 29.481364
294.500000 -206.327424 -16.831430 29.481442
294.600000 -206.402187 -16.859900 29.481521
294.700000 -206.476982 -16.888283 29.481596
294.800000 -206.551784 -16.916651 29.481671
294.900000 -206.626585 -16.945018 29.481745
295.000000 -206.701388 -16.973383 29.481838
295.100000 -206.776193 -17.001743 29.481982
295.200000 -206.850997 -17.030102 29.482125
295.300000 -206.925802 -17.058462 29.482269
295.400000 -207.000584 -17.086880 29.482453
295.500000 -207.075332 -17.115390 29.482702
295.600000 -207.150079 -17.143900 29.482951
295.700000 -207.224826 -17.172410 29.483200
295.800000 -207.299554 -17.200972 29.483518
295.900000 -207.374275 -17.229551 29.483861
296.000000 -207.448997 -17.258130 29.484203
296.100000 -207.523718 -17.286709 29.484546
296.200000 -207.598445 -17.315270 29.484979
296.300000 -207.673174 -17.343829 29.485425
296.400000 -207.747903 -17.372389 29.485871
296.500000 -207.822626 -17.400962 29.486326
296.600000 -207.897328 -17.429590 29.486822
296.700000 -207.972031 -17.458218 29.487318
296.800000 -208.046733 -17.486846 29.487813
296.900000 -208.121416 -17.515524 29.488260
297.000000 -208.196065 -17.544291 29.488619
297.100000 -208.270713 -17.573059 29.488979
297.200000 -208.345362 -17.601827 29.489338
297.300000 -208.420030 -17.630545 29.489743
297.400000 -208.494705 -17.659243 29.490167
297.500000 -208.569381 -17.687940 29.490591
297.600000 -208.644056 -17.716638 29.491016
297.700000 -208.718761 -17.745261 29.491426
297.800000 -208.793468 -17.773876 29.491835
297.900000 -208.868175 -17.802492 29.492245
298.000000 -208.942891 -17.831084 29.492612
298.100000 -209.017630 -17.859617 29.492875
298.200000 -209.092368 -17.888150 29.493138
298.300000 -209.167107 -17.916684 29.493401
298.400000 -209.241864 -17.945169 29.493563
298.500000 -209.316625 -17.973642 29.493700
298.600000 -209.391387 -18.002114 29.493837
298.700000 -209.466167 -18.030538 29.493862
298.800000 -209.540957 -18.058937 29.493833
298.900000 -209.615746 -18.087337 29.493805
299.000000 -209.690537 -18.115734 29.493776
299.100000 -209.765343 -18.144089 29.493732
299.200000 -209.840150 -18.172443 29.493687
299.300000 -209.914956 -18.200798 29.493643
299.400000 -209.989765 -18.229146 29.493596
299.500000 -210.064578 -18.257484 29.493545
299.600000 -210.139391 -18.285821 29.493494
299.700000 -210.214204 -18.314158 29.493443
299.800000 -210.289058 -18.342388 29.493426
299.900000 -210.363928 -18.370575 29.493422
300.000000 -210.438798 -18.398762 29.493418
