elapsed_sec,phase,north_m,east_m,down_m
0.01602033599999686,takeoff,-0.07102427631616592,-0.037184614688158035,0.004727363586425781
0.047604965000004995,takeoff,-0.07063936442136765,-0.03715910762548447,0.0040476322174072266
0.08160164000000236,takeoff,-0.07016312330961227,-0.03712589666247368,0.0033261775970458984
0.11683654600000182,takeoff,-0.0693867951631546,-0.03707684203982353,0.0023190975189208984
0.14862087200000929,takeoff,-0.06874756515026093,-0.0370689295232296,0.0014827251434326172
0.18272877999999082,takeoff,-0.0680467039346695,-0.03710579872131348,0.0005924701690673828
0.21853627699999834,takeoff,-0.06726499646902084,-0.03718172013759613,-0.0003132820129394531
0.2533747479999988,takeoff,-0.06650465726852417,-0.0372820682823658,-0.0012869834899902344
0.28957520500000555,takeoff,-0.06597046554088593,-0.0374746099114418,-0.0023806095123291016
0.3248352909999994,takeoff,-0.06511189043521881,-0.037665851414203644,-0.0038313865661621094
0.35796604899999807,takeoff,-0.06413761526346207,-0.037748951464891434,-0.005132198333740234
0.39196197800001187,takeoff,-0.06317213177680969,-0.03784829005599022,-0.006417989730834961
0.42602462900001115,takeoff,-0.06225811317563057,-0.037973277270793915,-0.007643222808837891
0.4605701080000131,takeoff,-0.061319295316934586,-0.038132209330797195,-0.008832454681396484
0.4946165080000071,takeoff,-0.06035090237855911,-0.03834680840373039,-0.009992599487304688
0.5290892099999951,takeoff,-0.0591319315135479,-0.03872382640838623,-0.011406421661376953
0.5605542760000048,takeoff,-0.058369673788547516,-0.03921482339501381,-0.01231694221496582
0.594818054000001,takeoff,-0.05774626508355141,-0.039825890213251114,-0.013028383255004883
0.6291858909999917,takeoff,-0.057122357189655304,-0.040414512157440186,-0.013586282730102539
0.6616041519999953,takeoff,-0.05649897828698158,-0.04094039648771286,-0.014018058776855469
0.6956249410000055,takeoff,-0.05593183636665344,-0.04144277051091194,-0.014305830001831055
0.7307252049999988,takeoff,-0.0552353672683239,-0.04202169552445412,-0.014466524124145508
0.7627394229999993,takeoff,-0.05471452325582504,-0.042476311326026917,-0.01453089714050293
0.7967510160000018,takeoff,-0.05451580882072449,-0.04301171004772186,-0.01478433609008789
0.8319563789999904,takeoff,-0.054356999695301056,-0.04353506863117218,-0.015058517456054688
0.864273403999988,takeoff,-0.05423401668667793,-0.044086892157793045,-0.015360593795776367
0.8984874029999901,takeoff,-0.05414830520749092,-0.044631849974393845,-0.015757322311401367
0.9328454570000133,takeoff,-0.05407531559467316,-0.04527055844664574,-0.016292572021484375
0.9640620240000146,takeoff,-0.054044660180807114,-0.0457417331635952,-0.01673722267150879
0.9979367219999915,takeoff,-0.054017115384340286,-0.04614745080471039,-0.017199277877807617
1.0337327930000129,takeoff,-0.05384127050638199,-0.04645168036222458,-0.017771244049072266
1.0649718509999957,takeoff,-0.05353236570954323,-0.046688541769981384,-0.018469572067260742
1.09998560599999,takeoff,-0.053278129547834396,-0.04694147780537605,-0.01920032501220703
1.1343601819999947,takeoff,-0.05301908031105995,-0.047274861484766006,-0.020171642303466797
1.1660035010000058,takeoff,-0.05285818129777908,-0.04753654822707176,-0.02103877067565918
1.2001172800000006,takeoff,-0.05260954052209854,-0.04777795076370239,-0.022037982940673828
1.2352286189999973,takeoff,-0.052196960896253586,-0.04796784371137619,-0.023161888122558594
1.267224897999995,takeoff,-0.05177875608205795,-0.04813270643353462,-0.024292707443237305
1.301441146000002,takeoff,-0.051308523863554,-0.04821300879120827,-0.02547168731689453
1.3352068929999916,takeoff,-0.050596438348293304,-0.0481930673122406,-0.02693009376525879
1.3673118320000128,takeoff,-0.04996434971690178,-0.04813259467482567,-0.028093576431274414
1.4024340599999903,takeoff,-0.04931197687983513,-0.04801945760846138,-0.029274463653564453
1.4378833940000106,takeoff,-0.04868759214878082,-0.04786252602934837,-0.030440807342529297
1.4698270330000014,takeoff,-0.04811784625053406,-0.047699760645627975,-0.03154158592224121
1.504952717000009,takeoff,-0.04763041064143181,-0.047571804374456406,-0.032598018646240234
1.5389564099999973,takeoff,-0.04715755209326744,-0.047478754073381424,-0.03380560874938965
1.570937127999997,takeoff,-0.046813469380140305,-0.04745367541909218,-0.03471946716308594
1.604960492999993,takeoff,-0.04643542319536209,-0.04749372974038124,-0.03560328483581543
1.6389483410000025,takeoff,-0.046038538217544556,-0.0476190447807312,-0.03650259971618652
1.6709429230000126,takeoff,-0.045601267367601395,-0.04779374971985817,-0.037412405014038086
1.7072436990000028,takeoff,-0.04514366388320923,-0.04799104854464531,-0.03827548027038574
1.7412921529999892,takeoff,-0.0445907823741436,-0.048266928642988205,-0.0392918586730957
1.8206583420000015,takeoff,-0.04415459930896759,-0.048510611057281494,-0.04007840156555176
1.873685146000014,takeoff,-0.0436847060918808,-0.04878367856144905,-0.040828704833984375
1.9105697239999984,takeoff,-0.04320170730352402,-0.049023907631635666,-0.04154253005981445
1.9471264789999907,takeoff,-0.042695287615060806,-0.049193184822797775,-0.04222846031188965
1.9790877270000067,takeoff,-0.04217534512281418,-0.04930024594068527,-0.04285144805908203
2.0133410850000075,takeoff,-0.0414864607155323,-0.04935669153928757,-0.04356217384338379
2.047974087,takeoff,-0.04090750589966774,-0.04930429905653,-0.04405975341796875
2.080474212000013,takeoff,-0.04037754610180855,-0.04916141554713249,-0.04447293281555176
2.1155514380000113,takeoff,-0.03991023823618889,-0.04894707724452019,-0.04479026794433594
2.1500942609999925,takeoff,-0.03951982036232948,-0.04851628839969635,-0.04499673843383789
2.181580311999994,takeoff,-0.03919835388660431,-0.04774698615074158,-0.04519224166870117
2.2154482830000006,takeoff,-0.03903666511178017,-0.0463457815349102,-0.04567384719848633
2.25002335100001,takeoff,-0.03910496085882187,-0.04510753974318504,-0.04660511016845703
2.281308335999995,takeoff,-0.039415813982486725,-0.04384604096412659,-0.04844260215759277
2.3162995410000065,takeoff,-0.039934124797582626,-0.04248634725809097,-0.05155658721923828
2.3505141210000033,takeoff,-0.04069453477859497,-0.0409567691385746,-0.05628561973571777
2.382523294000009,takeoff,-0.041698042303323746,-0.03923569992184639,-0.06286907196044922
2.4165949510000075,takeoff,-0.04331306740641594,-0.03664581850171089,-0.07401514053344727
2.4505219419999946,takeoff,-0.04486049339175224,-0.03414403647184372,-0.08553910255432129
2.482586542000007,takeoff,-0.04662405326962471,-0.031201062723994255,-0.09954285621643066
2.5165160649999905,takeoff,-0.04856618493795395,-0.027739305049180984,-0.11606550216674805
2.5508196559999874,takeoff,-0.05064581707119942,-0.02380782924592495,-0.13519787788391113
2.582540381000001,takeoff,-0.052782073616981506,-0.01939084753394127,-0.15696167945861816
2.6165420449999885,takeoff,-0.055542707443237305,-0.013198507018387318,-0.18780922889709473
2.650661495999998,takeoff,-0.05780068039894104,-0.0077082253992557526,-0.21539068222045898
2.6824681500000054,takeoff,-0.06006558611989021,-0.0017564123263582587,-0.2456209659576416
2.7164814950000107,takeoff,-0.06238429248332977,0.004548513330519199,-0.2785298824310303
2.7506211600000086,takeoff,-0.06472239643335342,0.011158952489495277,-0.31412792205810547
2.782503788000014,takeoff,-0.06716788560152054,0.017982305958867073,-0.3524446487426758
2.8165146149999885,takeoff,-0.07034562528133392,0.026774045079946518,-0.40416550636291504
2.8507698820000087,takeoff,-0.07296749204397202,0.033953163772821426,-0.44849276542663574
2.8824962429999914,takeoff,-0.0756048783659935,0.04121050983667374,-0.49535250663757324
2.9165277040000035,takeoff,-0.0782671794295311,0.04853096604347229,-0.5448381900787354
2.950523282000006,takeoff,-0.08083905279636383,0.055878665298223495,-0.5969057083129883
2.9825556220000067,takeoff,-0.08328717947006226,0.06321851164102554,-0.6515276432037354
3.0165589960000148,takeoff,-0.08612143993377686,0.07222805917263031,-0.7234804630279541
3.0508268389999955,takeoff,-0.08830028027296066,0.07918857038021088,-0.7838990688323975
3.0825317180000127,takeoff,-0.09037809073925018,0.08588472008705139,-0.8469192981719971
3.11654535400001,takeoff,-0.09239672124385834,0.092251256108284,-0.9125285148620605
3.1509039459999997,takeoff,-0.09435722231864929,0.09827496856451035,-0.9805595874786377
3.182545755999996,takeoff,-0.09629876911640167,0.10388108342885971,-1.0510764122009277
3.216578243000015,takeoff,-0.09869866818189621,0.11027529835700989,-1.1426277160644531
3.250702311999987,takeoff,-0.10064243525266647,0.11489512771368027,-1.218141794204712
3.282533631000007,takeoff,-0.10266928374767303,0.11906179785728455,-1.2953760623931885
3.316490514999998,takeoff,-0.10479327291250229,0.12282196432352066,-1.3740274906158447
3.3505633219999993,takeoff,-0.10700834542512894,0.12619154155254364,-1.4538452625274658
3.382611907000012,takeoff,-0.10931389033794403,0.1292087733745575,-1.5345990657806396
3.4170722560000115,takeoff,-0.11225885897874832,0.13255400955677032,-1.6364600658416748
3.450645893000001,takeoff,-0.11471958458423615,0.13488969206809998,-1.718524694442749
3.4825265599999966,takeoff,-0.11733262240886688,0.13687938451766968,-1.8009936809539795
3.516513056000008,takeoff,-0.12009439617395401,0.13852699100971222,-1.8837769031524658
3.550801557999989,takeoff,-0.12301585078239441,0.13986776769161224,-1.9667928218841553
3.5825130409999986,takeoff,-0.12608204782009125,0.14090171456336975,-2.0499751567840576
3.616523338999997,takeoff,-0.13010627031326294,0.14178016781806946,-2.1541502475738525
3.6510400809999908,takeoff,-0.13344332575798035,0.14221343398094177,-2.237643003463745
3.6828125039999975,takeoff,-0.13681204617023468,0.14241687953472137,-2.321258306503296
3.7165373649999935,takeoff,-0.14027243852615356,0.1424063742160797,-2.405008554458618
3.7506962360000102,takeoff,-0.14376643300056458,0.14213788509368896,-2.488903760910034
3.782475570999992,takeoff,-0.14721032977104187,0.14161159098148346,-2.5729501247406006
3.816674398999993,takeoff,-0.15140685439109802,0.14056749641895294,-2.6782710552215576
3.8507311070000014,takeoff,-0.15471118688583374,0.13941361010074615,-2.762705087661743
3.8829637610000134,takeoff,-0.15798009932041168,0.1379617601633072,-2.8472464084625244
3.916566619000008,takeoff,-0.16118788719177246,0.13621869683265686,-2.931880235671997
3.9507901940000067,takeoff,-0.164263516664505,0.13423097133636475,-3.0165956020355225
3.9825494369999888,takeoff,-0.16718900203704834,0.13199883699417114,-3.1013667583465576
4.017529787000001,takeoff,-0.17061735689640045,0.12883184850215912,-3.2074153423309326
4.051347104999991,takeoff,-0.1731884628534317,0.12603852152824402,-3.2923386096954346
4.0825761849999935,takeoff,-0.17565235495567322,0.12306775897741318,-3.3773386478424072
4.117568373000012,takeoff,-0.1780168116092682,0.11992873251438141,-3.4624297618865967
4.152051153999992,takeoff,-0.18029478192329407,0.11662854999303818,-3.547631025314331
4.18360358999999,takeoff,-0.1825324445962906,0.11316777765750885,-3.632951498031616
4.217519084999992,takeoff,-0.18522730469703674,0.10862107574939728,-3.7397992610931396
4.251698750999992,takeoff,-0.18729287385940552,0.10481322556734085,-3.825443983078003
4.283519517000002,takeoff,-0.18926145136356354,0.1008758619427681,-3.9112541675567627
4.317880183,takeoff,-0.1911505162715912,0.09683340787887573,-3.9972589015960693
4.351890130000015,takeoff,-0.19295154511928558,0.09269198030233383,-4.083447456359863
4.384238823999993,takeoff,-0.19468232989311218,0.08847254514694214,-4.169816017150879
4.417566324000006,takeoff,-0.1967761516571045,0.08312259614467621,-4.278010368347168
4.451874285000002,takeoff,-0.1984643191099167,0.07878483831882477,-4.364747047424316
4.483617401999993,takeoff,-0.2000962495803833,0.07441482692956924,-4.451616287231445
4.51883067,takeoff,-0.2017156183719635,0.07001066952943802,-4.538599967956543
4.552797387999988,takeoff,-0.20331336557865143,0.06556504219770432,-4.625697135925293
4.584549403000011,takeoff,-0.20489558577537537,0.061105743050575256,-4.712906837463379
4.618595940000006,takeoff,-0.20682793855667114,0.05557910352945328,-4.822046279907227
4.652602328,takeoff,-0.20832310616970062,0.051204655319452286,-4.909425735473633
4.684537132999992,takeoff,-0.20974668860435486,0.0469154454767704,-4.996874809265137
4.718777418999991,takeoff,-0.21112047135829926,0.04272376373410225,-5.084403991699219
4.752669835000006,takeoff,-0.21239733695983887,0.038649365305900574,-5.172033309936523
4.784713791999991,takeoff,-0.2136501669883728,0.03471344709396362,-5.259763717651367
4.818602848000012,takeoff,-0.21514484286308289,0.02994447760283947,-5.369619369506836
4.852633402999999,takeoff,-0.21622370183467865,0.026239387691020966,-5.457666397094727
4.884661039000008,takeoff,-0.21718478202819824,0.022618945688009262,-5.545831680297852
4.9185947080000005,takeoff,-0.21808506548404694,0.019062357023358345,-5.634126663208008
4.952562499999999,takeoff,-0.2188808172941208,0.015565050765872002,-5.722562789916992
4.984626907999996,takeoff,-0.21951983869075775,0.012162050232291222,-5.811136245727539
5.018576728999989,takeoff,-0.2200317084789276,0.008025754243135452,-5.92204475402832
5.052614862000013,takeoff,-0.22028721868991852,0.004790381528437138,-6.010902404785156
5.084569743000003,takeoff,-0.2203826755285263,0.0016181906685233116,-6.099905967712402
5.118550290000002,takeoff,-0.2203422635793686,-0.0014912451151758432,-6.189027786254883
5.152578785000003,takeoff,-0.22017623484134674,-0.004525745753198862,-6.278241157531738
5.184643351000005,takeoff,-0.2199213206768036,-0.007455282378941774,-6.367563247680664
5.218563450999994,takeoff,-0.2195049673318863,-0.010975847952067852,-6.479360580444336
5.252636146000015,takeoff,-0.21912549436092377,-0.013642900623381138,-6.568892478942871
5.284829064000007,takeoff,-0.21862587332725525,-0.016209054738283157,-6.658510208129883
5.318809184000003,takeoff,-0.21806837618350983,-0.01872815005481243,-6.74820613861084
5.352632575000001,takeoff,-0.21742337942123413,-0.021245235577225685,-6.837954521179199
5.384565330000015,takeoff,-0.21668343245983124,-0.02378251403570175,-6.927716255187988
5.418829509000005,takeoff,-0.21561703085899353,-0.02693372778594494,-7.039958953857422
5.4525768649999975,takeoff,-0.21465472877025604,-0.02939770370721817,-7.12977409362793
5.484554325999994,takeoff,-0.21353277564048767,-0.03177933022379875,-7.219630241394043
5.518754902000012,takeoff,-0.2122277319431305,-0.034106623381376266,-7.309577941894531
5.552614903000006,takeoff,-0.2107117921113968,-0.03639209643006325,-7.399618148803711
5.58458852199999,takeoff,-0.20906348526477814,-0.03868939355015755,-7.489686965942383
5.619033134999995,takeoff,-0.20686936378479004,-0.041588395833969116,-7.602338790893555
5.652566223000008,takeoff,-0.20506753027439117,-0.04391610622406006,-7.692569732666016
5.684584803999996,takeoff,-0.20321694016456604,-0.04624529182910919,-7.782881736755371
5.718634269000006,takeoff,-0.20125073194503784,-0.04851141944527626,-7.873266220092773
5.752555273000013,takeoff,-0.19914622604846954,-0.0507054440677166,-7.963754653930664
5.784572724000014,takeoff,-0.19690382480621338,-0.05282309651374817,-8.054328918457031
5.818584407999992,takeoff,-0.19387602806091309,-0.05535600334405899,-8.167742729187012
5.852572629000008,takeoff,-0.19132307171821594,-0.05734390765428543,-8.258565902709961
5.884591754000013,takeoff,-0.1885792762041092,-0.059321872889995575,-8.349472999572754
5.918586032999997,takeoff,-0.18561674654483795,-0.0613199919462204,-8.440423965454102
5.952623060000008,takeoff,-0.18247845768928528,-0.06336316466331482,-8.531423568725586
5.984738625000006,takeoff,-0.1792411059141159,-0.06538845598697662,-8.622488021850586
6.018675306000006,takeoff,-0.1750382035970688,-0.06786098331212997,-8.736322402954102
6.052611143000007,takeoff,-0.17155660688877106,-0.06968513131141663,-8.827435493469238
6.084787449000004,takeoff,-0.1679772585630417,-0.0714215412735939,-8.918532371520996
6.118618220999991,takeoff,-0.16433125734329224,-0.07308869808912277,-9.009572982788086
6.152671357000003,takeoff,-0.1606072634458542,-0.07463237643241882,-9.100570678710938
6.184561398,takeoff,-0.15677949786186218,-0.07602893561124802,-9.191533088684082
6.218610677000015,takeoff,-0.15178553760051727,-0.07757014781236649,-9.30519962310791
6.252772537999988,takeoff,-0.14769257605075836,-0.07863135635852814,-9.396127700805664
6.2854552690000105,takeoff,-0.14355623722076416,-0.07955043017864227,-9.487067222595215
6.318725153999992,takeoff,-0.1394113451242447,-0.08033747971057892,-9.578069686889648
6.353020208999993,takeoff,-0.13521072268486023,-0.08104609698057175,-9.66910171508789
6.384604306,takeoff,-0.13095836341381073,-0.08165846765041351,-9.760194778442383
6.4186257940000075,takeoff,-0.1255614310503006,-0.08229807764291763,-9.874117851257324
6.45273865499999,takeoff,-0.12123862653970718,-0.08267568051815033,-9.965303421020508
6.484593713999999,takeoff,-0.11692045629024506,-0.08292871713638306,-10.05654239654541
6.518741234000004,takeoff,-0.11259602010250092,-0.08301791548728943,-10.14785385131836
6.553123738000011,takeoff,-0.1082424521446228,-0.08298908919095993,-10.239274978637695
6.584596618000006,takeoff,-0.10389187932014465,-0.08285777270793915,-10.330828666687012
6.618985334999991,takeoff,-0.0984627828001976,-0.08257211744785309,-10.445401191711426
6.652577682000015,takeoff,-0.09415780007839203,-0.0822255089879036,-10.537151336669922
6.684577597000015,takeoff,-0.08989590406417847,-0.08178546279668808,-10.6289701461792
6.7188878430000045,takeoff,-0.08570567518472672,-0.08123824745416641,-10.72087574005127
6.753043343999991,takeoff,-0.08160974085330963,-0.08060255646705627,-10.812851905822754
6.784627570999987,takeoff,-0.07761881500482559,-0.07987803965806961,-10.904850006103516
6.818964088999991,takeoff,-0.07277823984622955,-0.07879197597503662,-11.019880294799805
6.853372468000003,takeoff,-0.06904038041830063,-0.07780447602272034,-11.111983299255371
6.884580118000002,takeoff,-0.06543368846178055,-0.07675214856863022,-11.204103469848633
6.918560912000004,takeoff,-0.061940085142850876,-0.07560768723487854,-11.296284675598145
6.95309068200001,takeoff,-0.0585491843521595,-0.07433490455150604,-11.388571739196777
6.984700107999998,takeoff,-0.055246319621801376,-0.07292044162750244,-11.480978965759277
7.0195589490000145,takeoff,-0.051235608756542206,-0.07094138115644455,-11.596662521362305
7.053990005000003,takeoff,-0.04812321811914444,-0.06924702972173691,-11.689311027526855
7.086381797000001,takeoff,-0.04511324316263199,-0.06748811900615692,-11.782032012939453
7.119955421000014,takeoff,-0.042248837649822235,-0.06566894799470901,-11.874853134155273
7.154587451999987,takeoff,-0.03955281898379326,-0.06376519054174423,-11.967763900756836
7.186173757999995,takeoff,-0.03701459988951683,-0.06178586930036545,-12.060768127441406
7.219979870000003,takeoff,-0.03399773687124252,-0.05922508239746094,-12.177130699157715
7.253975101999998,takeoff,-0.031647901982069016,-0.057117387652397156,-12.270286560058594
7.285962154999993,takeoff,-0.029362913221120834,-0.05496279522776604,-12.363529205322266
7.3201033480000035,takeoff,-0.02719416841864586,-0.05274900421500206,-12.456852912902832
7.354148403000011,takeoff,-0.025164978578686714,-0.050501130521297455,-12.550249099731445
7.385972769000006,takeoff,-0.0232774056494236,-0.048266004770994186,-12.643733024597168
7.419925135,takeoff,-0.02117699757218361,-0.04551388695836067,-12.760641098022461
7.454020691000011,takeoff,-0.019665662199258804,-0.04333994910120964,-12.854193687438965
7.485995161999995,takeoff,-0.018253648653626442,-0.04120981693267822,-12.947761535644531
7.5209235590000105,takeoff,-0.016914328560233116,-0.0391363762319088,-13.041361808776855
7.554096686000008,takeoff,-0.015637002885341644,-0.037098389118909836,-13.135025024414062
7.597943208000004,takeoff,-0.014390122145414352,-0.03509236499667168,-13.22875690460205
7.639884289000008,takeoff,-0.012862510979175568,-0.03260341286659241,-13.345985412597656
7.673867582000014,takeoff,-0.011712792329490185,-0.030636649578809738,-13.439794540405273
7.705897686000014,takeoff,-0.010631855577230453,-0.028717083856463432,-13.533618927001953
7.739877151000002,takeoff,-0.009641360491514206,-0.026851270347833633,-13.627471923828125
7.773915753000011,takeoff,-0.008767036721110344,-0.0250474214553833,-13.721338272094727
7.805893231999988,takeoff,-0.00799504853785038,-0.023322485387325287,-13.815229415893555
7.839910237999987,takeoff,-0.0070824697613716125,-0.021275175735354424,-13.932685852050781
7.873871339000004,takeoff,-0.006384435575455427,-0.019711660221219063,-14.026762008666992
7.905925274999987,takeoff,-0.0057267541997134686,-0.018212255090475082,-14.120929718017578
7.939884849000009,takeoff,-0.005118649918586016,-0.016776226460933685,-14.215141296386719
7.973889745999998,takeoff,-0.00450880266726017,-0.01541290245950222,-14.309383392333984
8.00695652600001,takeoff,-0.003870030865073204,-0.014102459885179996,-14.40365982055664
8.040987169999994,takeoff,-0.0030742320232093334,-0.012525302357971668,-14.521554946899414
8.074947487000003,takeoff,-0.0024878254625946283,-0.011307128705084324,-14.615901947021484
8.106958292999991,takeoff,-0.001969188917428255,-0.01015409268438816,-14.710250854492188
8.140967533000008,takeoff,-0.001548907719552517,-0.009042512625455856,-14.804609298706055
8.175017730000008,takeoff,-0.0012351565528661013,-0.007936383597552776,-14.898996353149414
8.206969437999987,takeoff,-0.001032062224112451,-0.006821370683610439,-14.993408203125
8.240929434000009,takeoff,-0.0009560832986608148,-0.005363047122955322,-15.11143684387207
8.274957392999994,takeoff,-0.0009806373855099082,-0.00416191853582859,-15.20590591430664
8.307951113000001,takeoff,-0.0010610978351905942,-0.0029223901219666004,-15.3004150390625
8.341975076000011,takeoff,-0.0012155548902228475,-0.0016497696051374078,-15.394950866699219
8.376007850999997,takeoff,-0.001516805263236165,-0.00037619477370753884,-15.489486694335938
8.407921966000004,takeoff,-0.001954612322151661,0.0008583423332311213,-15.583969116210938
8.441941802000002,takeoff,-0.002654367359355092,0.0023087395820766687,-15.701997756958008
8.47595386399999,takeoff,-0.00329829310066998,0.0033876795787364244,-15.79637336730957
8.509088152999993,takeoff,-0.004032458644360304,0.004382700193673372,-15.890647888183594
8.543505632000006,takeoff,-0.004858804866671562,0.005335829686373472,-15.98482894897461
8.577201539000015,takeoff,-0.005798939149826765,0.0062789712101221085,-16.078929901123047
8.609092733000011,takeoff,-0.006869073957204819,0.007195328827947378,-16.172988891601562
8.643134156999992,takeoff,-0.008310985751450062,0.008297126740217209,-16.290550231933594
8.677173584000002,takeoff,-0.009507371112704277,0.009201268665492535,-16.384611129760742
8.709103158000005,takeoff,-0.010673345066606998,0.010128484107553959,-16.478723526000977
8.74316773000001,takeoff,-0.01182763185352087,0.011008378118276596,-16.572908401489258
8.777158393999997,takeoff,-0.012981253676116467,0.01184556819498539,-16.6671199798584
8.80913656300001,takeoff,-0.01408395729959011,0.012642676942050457,-16.7613582611084
8.84315556300001,takeoff,-0.015407126396894455,0.013605508022010326,-16.879173278808594
8.877174674000003,takeoff,-0.0164504274725914,0.014368630014359951,-16.973430633544922
8.90908417899999,takeoff,-0.017526347190141678,0.015138573944568634,-17.067651748657227
8.943171750999994,takeoff,-0.018656009808182716,0.015925172716379166,-17.161893844604492
8.977118251000007,takeoff,-0.0198451429605484,0.016665425151586533,-17.25615119934082
9.009086217999993,takeoff,-0.021085184067487717,0.01741376519203186,-17.35040855407715
9.043118518,takeoff,-0.022669930011034012,0.01837707869708538,-17.468212127685547
9.077144314000009,takeoff,-0.023973966017365456,0.019216755405068398,-17.562376022338867
9.110169358000007,takeoff,-0.02538292668759823,0.020083880051970482,-17.656505584716797
9.144232391999992,takeoff,-0.02684805728495121,0.020969213917851448,-17.7506160736084
9.178265823999993,takeoff,-0.028364306315779686,0.021819520741701126,-17.844728469848633
9.210173149000013,takeoff,-0.029914993792772293,0.022618886083364487,-17.938854217529297
9.244222441000005,takeoff,-0.03184964880347252,0.02357601560652256,-18.056562423706055
9.278243287999999,takeoff,-0.03336034342646599,0.024251027032732964,-18.15076446533203
9.310187127000006,takeoff,-0.03477806970477104,0.02487269416451454,-18.244997024536133
9.34428177000001,takeoff,-0.03612798452377319,0.025422871112823486,-18.339262008666992
9.378237245999998,takeoff,-0.037414565682411194,0.025880251079797745,-18.433528900146484
9.410211551999993,takeoff,-0.03869543969631195,0.026251021772623062,-18.52787208557129
9.444236853000007,takeoff,-0.04025775566697121,0.026548054069280624,-18.645828247070312
9.47825208399999,takeoff,-0.04148169234395027,0.026693033054471016,-18.740259170532227
9.510265002000011,takeoff,-0.0426408015191555,0.02676972933113575,-18.834754943847656
9.544299972000005,takeoff,-0.04374626278877258,0.026771143078804016,-18.92923355102539
9.578245422000009,takeoff,-0.04476450756192207,0.026689859107136726,-19.023740768432617
9.610184129999993,takeoff,-0.04570666328072548,0.026511499658226967,-19.118303298950195
9.644189602000012,takeoff,-0.04685819149017334,0.026099618524312973,-19.236608505249023
9.678248612999994,takeoff,-0.0477517805993557,0.02565087005496025,-19.3313045501709
9.710176288000014,takeoff,-0.048601970076560974,0.025076208636164665,-19.426025390625
9.744240829000006,takeoff,-0.049414489418268204,0.024388503283262253,-19.52076530456543
9.778272829999992,takeoff,-0.05022235959768295,0.02361089549958706,-19.61552619934082
9.811225812000004,takeoff,-0.051019955426454544,0.022714627906680107,-19.71026611328125
9.845257636000014,takeoff,-0.0521143339574337,0.021441999822854996,-19.828670501708984
9.879287290000008,takeoff,-0.053040239959955215,0.020317239686846733,-19.92337989807129
9.911193209000004,takeoff,-0.05397858843207359,0.019086351618170738,-20.01805305480957
9.945303940000002,takeoff,-0.05491659790277481,0.017763089388608932,-20.112693786621094
9.979297456000012,takeoff,-0.05586470291018486,0.016359686851501465,-20.20730972290039
10.011235413999998,takeoff,-0.05680808424949646,0.014914952218532562,-20.301916122436523
10.045285417999992,takeoff,-0.057909850031137466,0.013114110566675663,-20.4201602935791
10.079318475000008,takeoff,-0.05869638919830322,0.011687678284943104,-20.514720916748047
10.111199762000012,takeoff,-0.05939729884266853,0.010318534448742867,-20.609277725219727
10.145224715000012,takeoff,-0.060005322098731995,0.00903603620827198,-20.703882217407227
10.179271209999996,takeoff,-0.06050211191177368,0.007809157483279705,-20.798568725585938
10.211200947999998,takeoff,-0.060916561633348465,0.00665182713419199,-20.893320083618164
10.245215336000001,takeoff,-0.061337247490882874,0.0053128874860703945,-21.011857986450195
10.279270647000004,takeoff,-0.06154758855700493,0.004320139065384865,-21.106735229492188
10.311211901000007,takeoff,-0.061665065586566925,0.0033656901214271784,-21.2016658782959
10.345274722,takeoff,-0.06169139966368675,0.0024331146851181984,-21.29662322998047
10.379249885999997,takeoff,-0.06163053214550018,0.0014995215460658073,-21.391555786132812
10.41121493099999,takeoff,-0.061529144644737244,0.0005542531725950539,-21.486459732055664
10.445247302000013,takeoff,-0.06139402091503143,-0.0006941032479517162,-21.605066299438477
10.47924860500001,takeoff,-0.06123579666018486,-0.001795027987100184,-21.699932098388672
10.511243664000006,takeoff,-0.061028555035591125,-0.0029581012204289436,-21.79477310180664
10.545207053000013,takeoff,-0.06078635901212692,-0.0041416059248149395,-21.889568328857422
10.579267724999994,takeoff,-0.060499101877212524,-0.005302488803863525,-21.98434066772461
10.611196433999993,takeoff,-0.06015751138329506,-0.006441575475037098,-22.079065322875977
10.645279500000015,takeoff,-0.059625428169965744,-0.0077603780664503574,-22.19740104675293
10.679266705999993,takeoff,-0.05910998210310936,-0.008730469271540642,-22.292049407958984
10.711179106999992,takeoff,-0.058495331555604935,-0.009639102965593338,-22.386686325073242
10.74519527000001,takeoff,-0.05777553468942642,-0.010506453923881054,-22.481325149536133
10.779306111000011,takeoff,-0.056973185390233994,-0.011332844384014606,-22.575998306274414
10.811667723,takeoff,-0.056123413145542145,-0.012116467580199242,-22.67068862915039
10.845247582000013,takeoff,-0.0550370030105114,-0.013026119209825993,-22.789060592651367
10.879269026999992,takeoff,-0.05417272821068764,-0.013699593022465706,-22.88371467590332
10.911251668999995,takeoff,-0.053320206701755524,-0.014340849593281746,-22.97833824157715
10.945263083000015,takeoff,-0.05248919874429703,-0.014930272474884987,-23.072935104370117
10.979260861,takeoff,-0.051693033427000046,-0.01547424215823412,-23.16750717163086
11.011178537999996,takeoff,-0.050959184765815735,-0.016016265377402306,-23.262104034423828
11.045227506000003,takeoff,-0.05011456087231636,-0.0166852455586195,-23.380460739135742
11.08051025200001,takeoff,-0.04944748431444168,-0.017248021438717842,-23.475290298461914
11.112448510999997,takeoff,-0.04874087870121002,-0.017814677208662033,-23.570232391357422
11.146493995000014,takeoff,-0.047979459166526794,-0.01839420013129711,-23.66520118713379
11.180521074000012,takeoff,-0.04716962203383446,-0.018968461081385612,-23.76015853881836
11.212430154000003,takeoff,-0.04631677269935608,-0.019500501453876495,-23.855079650878906
11.246504842999997,takeoff,-0.04519393667578697,-0.02008250169456005,-23.973676681518555
11.280503753000005,takeoff,-0.044265877455472946,-0.02048421837389469,-24.068559646606445
11.312437012000004,takeoff,-0.04332072660326958,-0.020840536803007126,-24.1634521484375
11.346504208999988,takeoff,-0.042301714420318604,-0.021138694137334824,-24.25832748413086
11.380535239000011,takeoff,-0.04119710996747017,-0.021391840651631355,-24.35320281982422
11.412446971000008,takeoff,-0.03999795392155647,-0.02159910835325718,-24.448104858398438
11.44651132300001,takeoff,-0.03838019445538521,-0.021769095212221146,-24.56674575805664
11.480497226000011,takeoff,-0.036994487047195435,-0.02185365930199623,-24.661651611328125
11.512512404000006,takeoff,-0.0355757474899292,-0.021892124786973,-24.75654411315918
11.547570959000012,takeoff,-0.03416676074266434,-0.02190389670431614,-24.851428985595703
11.582611041999996,takeoff,-0.03277042508125305,-0.02188585326075554,-24.94631576538086
11.614562304000003,takeoff,-0.03137832134962082,-0.021837275475263596,-25.041227340698242
11.648612665000002,takeoff,-0.029669327661395073,-0.021760262548923492,-25.15995216369629
11.682614994000005,takeoff,-0.028370507061481476,-0.021747931838035583,-25.254974365234375
11.71455096599999,takeoff,-0.02714495174586773,-0.021776892244815826,-25.350034713745117
11.748607112999991,takeoff,-0.02599966712296009,-0.021855099126696587,-25.445146560668945
11.782631476999995,takeoff,-0.02497023716568947,-0.02196371741592884,-25.540319442749023
11.814574568000012,takeoff,-0.0240519680082798,-0.022063447162508965,-25.635589599609375
11.848580798,takeoff,-0.023031849414110184,-0.022150501608848572,-25.75485610961914
11.883638534,takeoff,-0.02231101132929325,-0.022172631695866585,-25.850400924682617
11.915601750999997,takeoff,-0.021698763594031334,-0.022153768688440323,-25.945987701416016
11.949706480000003,takeoff,-0.02120981551706791,-0.022046934813261032,-26.0416259765625
11.983661584000004,takeoff,-0.02082078903913498,-0.02184925600886345,-26.137319564819336
12.015600863999992,takeoff,-0.020510148257017136,-0.021559622138738632,-26.233068466186523
12.049624193999989,takeoff,-0.02021951973438263,-0.021096039563417435,-26.35282325744629
12.083632010000002,takeoff,-0.02008306235074997,-0.02067948319017887,-26.44869041442871
12.115616777000014,takeoff,-0.02001289464533329,-0.02025567553937435,-26.54458999633789
12.149640707000003,takeoff,-0.019961481913924217,-0.01982344500720501,-26.64051055908203
12.183659707999993,takeoff,-0.019892802461981773,-0.019372934475541115,-26.73642921447754
12.21560640300001,takeoff,-0.019775738939642906,-0.018902676180005074,-26.832347869873047
12.249684892000005,takeoff,-0.0195133276283741,-0.01824711263179779,-26.952239990234375
12.283605474000012,takeoff,-0.01920822635293007,-0.017711328342556953,-27.048141479492188
12.315611082999993,takeoff,-0.018810372799634933,-0.01716911792755127,-27.14399528503418
12.349614658000007,takeoff,-0.018302427604794502,-0.01657956838607788,-27.23948860168457
12.383591558000006,takeoff,-0.017684074118733406,-0.016036257147789,-27.334123611450195
12.415595114000013,takeoff,-0.017058810219168663,-0.01552057359367609,-27.427337646484375
12.449614609000008,takeoff,-0.016310326755046844,-0.01494624000042677,-27.54125213623047
12.483608186999987,takeoff,-0.015687743201851845,-0.014585140161216259,-27.62980079650879
12.515602822999995,takeoff,-0.015063568018376827,-0.014259387739002705,-27.715774536132812
12.549629091000014,takeoff,-0.014415731653571129,-0.014011461287736893,-27.79899024963379
12.583694242000007,takeoff,-0.013762278482317924,-0.013757502660155296,-27.879291534423828
12.615622929000011,takeoff,-0.013101703487336636,-0.013456872664391994,-27.956592559814453
12.64962556399999,takeoff,-0.012224006466567516,-0.01304155495017767,-28.048873901367188
12.684682600000002,takeoff,-0.011517152190208435,-0.012679648585617542,-28.119449615478516
12.716626870999988,takeoff,-0.010726834647357464,-0.012338113971054554,-28.187023162841797
12.750645558999992,takeoff,-0.009850422851741314,-0.012022010050714016,-28.2517032623291
12.78580647999999,takeoff,-0.00892825797200203,-0.011739229783415794,-28.313533782958984
12.81775485,takeoff,-0.008001553826034069,-0.011423090472817421,-28.37257194519043
12.851806267,takeoff,-0.006905560381710529,-0.010969482362270355,-28.44251251220703
12.885867190999988,takeoff,-0.0061139739118516445,-0.010593990795314312,-28.49561882019043
12.917747080999987,takeoff,-0.005422940012067556,-0.010240301489830017,-28.546289443969727
12.951804979999991,waypoint_1,-0.004810158628970385,-0.009888342581689358,-28.594789505004883
12.985890794999989,waypoint_1,-0.0042582349851727486,-0.00952075980603695,-28.641071319580078
13.017748726000008,waypoint_1,-0.0037692261394113302,-0.009120079688727856,-28.685592651367188
13.051780731000008,waypoint_1,-0.0031874116975814104,-0.008642411790788174,-28.740739822387695
13.085857123000011,waypoint_1,-0.0027465203311294317,-0.008455733768641949,-28.784820556640625
13.117809765999993,waypoint_1,-0.0024221038911491632,-0.008859101682901382,-28.82862663269043
13.15308072100001,waypoint_1,-0.002348594833165407,-0.010331755504012108,-28.871896743774414
13.188233260999993,waypoint_1,-0.002688152017071843,-0.013416088186204433,-28.91433334350586
13.22008208599999,waypoint_1,-0.0035999282263219357,-0.018532931804656982,-28.955589294433594
13.254138202000007,waypoint_1,-0.0059100789949297905,-0.028505964204669,-29.004863739013672
13.288161277,waypoint_1,-0.008811169303953648,-0.039709143340587616,-29.042234420776367
13.320046721000011,waypoint_1,-0.012885144911706448,-0.05413572117686272,-29.077598571777344
13.354134423000005,waypoint_1,-0.018365003168582916,-0.07199356704950333,-29.110841751098633
13.389323081000015,waypoint_1,-0.025386514142155647,-0.09338104724884033,-29.14192771911621
13.421167784999994,waypoint_1,-0.03405161574482918,-0.11840363591909409,-29.17091178894043
13.456492327000007,waypoint_1,-0.04732457920908928,-0.15493637323379517,-29.20430564880371
13.490494530000007,waypoint_1,-0.05972791090607643,-0.1881687194108963,-29.229040145874023
13.522456411999997,waypoint_1,-0.07397700846195221,-0.22508706152439117,-29.252042770385742
13.557235127000013,waypoint_1,-0.09014634042978287,-0.2656071186065674,-29.273466110229492
13.592041443999989,waypoint_1,-0.1082729697227478,-0.3096078932285309,-29.293447494506836
13.624024700999996,waypoint_1,-0.12842370569705963,-0.3569204807281494,-29.312044143676758
13.65904875199999,waypoint_1,-0.15654383599758148,-0.42050305008888245,-29.333629608154297
13.693090906999998,waypoint_1,-0.1814083755016327,-0.47472187876701355,-29.34975242614746
13.725125316000003,waypoint_1,-0.20845720171928406,-0.5318029522895813,-29.36496925354004
13.759888095000008,waypoint_1,-0.23750239610671997,-0.591392457485199,-29.37952995300293
13.793091277000002,waypoint_1,-0.2687755227088928,-0.6533377170562744,-29.393518447875977
13.825212095000012,waypoint_1,-0.3021929860115051,-0.7174940705299377,-29.40700340270996
13.859612367000011,waypoint_1,-0.34680989384651184,-0.8005416989326477,-29.42325782775879
13.893097869000002,waypoint_1,-0.38457903265953064,-0.869029700756073,-29.435876846313477
13.925246713000007,waypoint_1,-0.4240170419216156,-0.9391921758651733,-29.448179244995117
13.959566963000015,waypoint_1,-0.46492457389831543,-1.0109010934829712,-29.460229873657227
13.993091447000012,waypoint_1,-0.5071006417274475,-1.084038496017456,-29.47206687927246
14.025083310000014,waypoint_1,-0.5502385497093201,-1.1584441661834717,-29.483736038208008
14.05962346199999,waypoint_1,-0.6051380038261414,-1.253191590309143,-29.49799156188965
14.093091707000013,waypoint_1,-0.6494867205619812,-1.3302955627441406,-29.509172439575195
14.125077454000007,waypoint_1,-0.6940587162971497,-1.4084957838058472,-29.520200729370117
14.159712861000003,waypoint_1,-0.7386593818664551,-1.4877177476882935,-29.53114891052246
14.193101465000012,waypoint_1,-0.7830760478973389,-1.5679806470870972,-29.541990280151367
14.225081246000002,waypoint_1,-0.8271557688713074,-1.6491806507110596,-29.552656173706055
14.259250707000007,waypoint_1,-0.8815016150474548,-1.7519657611846924,-29.565664291381836
14.293164882000013,waypoint_1,-0.9242441654205322,-1.8351248502731323,-29.575834274291992
14.32511556899999,waypoint_1,-0.9662492275238037,-1.9190466403961182,-29.58579444885254
14.360346246000006,waypoint_1,-1.0074806213378906,-2.003709316253662,-29.59556770324707
14.394273338000005,waypoint_1,-1.0479267835617065,-2.0890657901763916,-29.605146408081055
14.42626761599999,waypoint_1,-1.0875667333602905,-2.1750411987304688,-29.614530563354492
14.461279990000008,waypoint_1,-1.135960340499878,-2.283292531967163,-29.625905990600586
14.495493567000011,waypoint_1,-1.1737473011016846,-2.37042236328125,-29.634737014770508
14.527474519999998,waypoint_1,-1.2106961011886597,-2.4579765796661377,-29.643293380737305
14.561479123999987,waypoint_1,-1.2468640804290771,-2.54593563079834,-29.65165901184082
14.595520138000012,waypoint_1,-1.2822726964950562,-2.6341817378997803,-29.659860610961914
14.627614475000001,waypoint_1,-1.3169565200805664,-2.722681760787964,-29.667943954467773
14.662558348999994,waypoint_1,-1.3593432903289795,-2.833620548248291,-29.67787742614746
14.696505015000014,waypoint_1,-1.3925167322158813,-2.9225645065307617,-29.685667037963867
14.728465080000007,waypoint_1,-1.4251477718353271,-3.0116422176361084,-29.69328498840332
14.762477907999994,waypoint_1,-1.4572864770889282,-3.100848913192749,-29.700735092163086
14.796486676,waypoint_1,-1.4889944791793823,-3.19010329246521,-29.707990646362305
14.828444687000001,waypoint_1,-1.5202492475509644,-3.279470920562744,-29.715200424194336
14.862602046000006,waypoint_1,-1.5587544441223145,-3.3911311626434326,-29.72404670715332
14.896544131000013,waypoint_1,-1.5891072750091553,-3.4804461002349854,-29.731008529663086
14.928670536999988,waypoint_1,-1.6191741228103638,-3.5697267055511475,-29.73785972595215
14.963518160000007,waypoint_1,-1.64899480342865,-3.659005641937256,-29.744600296020508
14.997514636000005,waypoint_1,-1.6786319017410278,-3.7482683658599854,-29.751222610473633
15.029444584000004,waypoint_1,-1.7080632448196411,-3.8375532627105713,-29.757741928100586
15.063619257,waypoint_1,-1.7445708513259888,-3.949207067489624,-29.76572608947754
15.097503439999997,waypoint_1,-1.773567795753479,-4.038610935211182,-29.7719783782959
15.130498503000013,waypoint_1,-1.8023960590362549,-4.128045558929443,-29.77817726135254
15.164535217000008,waypoint_1,-1.8310209512710571,-4.217550277709961,-29.784303665161133
15.19855204800001,waypoint_1,-1.859451174736023,-4.307123184204102,-29.790334701538086
15.231725194999996,waypoint_1,-1.8876920938491821,-4.396755218505859,-29.796175003051758
15.26583259200001,waypoint_1,-1.922766089439392,-4.508890151977539,-29.8032283782959
15.299774375999988,waypoint_1,-1.9506192207336426,-4.598634719848633,-29.808698654174805
15.33168791899999,waypoint_1,-1.978283166885376,-4.688447952270508,-29.813993453979492
15.365772937000003,waypoint_1,-2.005776882171631,-4.778359413146973,-29.819116592407227
15.399760345000004,waypoint_1,-2.0330922603607178,-4.868275165557861,-29.8240909576416
15.43169051800001,waypoint_1,-2.060260057449341,-4.958179473876953,-29.82887840270996
15.465747150999988,waypoint_1,-2.094024658203125,-5.070590496063232,-29.834562301635742
15.499752486999995,waypoint_1,-2.1208267211914062,-5.160457134246826,-29.838884353637695
15.532872421000008,waypoint_1,-2.147460699081421,-5.2502665519714355,-29.843019485473633
15.566866968,waypoint_1,-2.173938035964966,-5.340033054351807,-29.846960067749023
15.602574618999995,waypoint_1,-2.2002480030059814,-5.429825305938721,-29.850675582885742
15.634145511000014,waypoint_1,-2.2264647483825684,-5.519683361053467,-29.85430335998535
15.682734358999994,waypoint_1,-2.259056806564331,-5.631974220275879,-29.85865592956543
15.731668415000001,waypoint_1,-2.2850193977355957,-5.721724510192871,-29.8619441986084
15.768340759000012,waypoint_1,-2.3108441829681396,-5.8114142417907715,-29.865041732788086
15.813834947000004,waypoint_1,-2.3366034030914307,-5.9011688232421875,-29.867944717407227
15.854042206999992,waypoint_1,-2.3622825145721436,-5.991000652313232,-29.870641708374023
15.89045810799999,waypoint_1,-2.3879234790802,-6.080934047698975,-29.873228073120117
15.924528562999996,waypoint_1,-2.419931650161743,-6.193604946136475,-29.876379013061523
15.958578433000014,waypoint_1,-2.445523738861084,-6.283950328826904,-29.878786087036133
15.990495833000011,waypoint_1,-2.471095323562622,-6.374468803405762,-29.881032943725586
16.026028558999997,waypoint_1,-2.4966988563537598,-6.465159893035889,-29.88319969177246
16.060291855000003,waypoint_1,-2.5222744941711426,-6.556039333343506,-29.885313034057617
16.094537609000014,waypoint_1,-2.547889471054077,-6.647116661071777,-29.88740348815918
16.12853037100001,waypoint_1,-2.5800609588623047,-6.761276721954346,-29.889799118041992
16.16401138399999,waypoint_1,-2.6059036254882812,-6.852804660797119,-29.89158821105957
16.19825363999999,waypoint_1,-2.631803035736084,-6.944497585296631,-29.893312454223633
16.23322374099999,waypoint_1,-2.6577467918395996,-7.036260604858398,-29.894948959350586
16.26891957000001,waypoint_1,-2.683762788772583,-7.1281046867370605,-29.8964786529541
16.30292942599999,waypoint_1,-2.7098426818847656,-7.220038890838623,-29.898000717163086
16.340869911,waypoint_1,-2.7424826622009277,-7.335099697113037,-29.899843215942383
16.380431068000007,waypoint_1,-2.768608808517456,-7.42730188369751,-29.901323318481445
16.414482606999997,waypoint_1,-2.7947659492492676,-7.5196356773376465,-29.902788162231445
16.44847900299999,waypoint_1,-2.8209686279296875,-7.612086296081543,-29.90424919128418
16.483770179999993,waypoint_1,-2.8471872806549072,-7.704638957977295,-29.90570640563965
16.515743602000015,waypoint_1,-2.873443365097046,-7.7971882820129395,-29.90718650817871
16.549817530000013,waypoint_1,-2.906219720840454,-7.912914276123047,-29.909006118774414
16.58530710299999,waypoint_1,-2.9323842525482178,-8.00555419921875,-29.910486221313477
16.617244082000013,waypoint_1,-2.9584715366363525,-8.098257064819336,-29.912019729614258
16.65127334799999,waypoint_1,-2.984482526779175,-8.190996170043945,-29.913618087768555
16.686292646,waypoint_1,-3.010453701019287,-8.283758163452148,-29.91526985168457
16.718258504999994,waypoint_1,-3.036379814147949,-8.37655258178711,-29.916887283325195
16.75382182300001,waypoint_1,-3.0687296390533447,-8.492613792419434,-29.918867111206055
16.790538749000007,waypoint_1,-3.0945990085601807,-8.585411071777344,-29.920358657836914
16.823586287000012,waypoint_1,-3.1204776763916016,-8.678130149841309,-29.92176628112793
16.861568385999988,waypoint_1,-3.146390914916992,-8.770781517028809,-29.923189163208008
16.896505031000004,waypoint_1,-3.1723647117614746,-8.863398551940918,-29.92462730407715
16.931624340000013,waypoint_1,-3.1984100341796875,-8.955998420715332,-29.92609214782715
16.965589861000012,waypoint_1,-3.231057643890381,-9.07170295715332,-29.927953720092773
16.99962128300001,waypoint_1,-3.257248640060425,-9.164238929748535,-29.929460525512695
17.031569517999998,waypoint_1,-3.283461570739746,-9.256794929504395,-29.930971145629883
17.065633217999988,waypoint_1,-3.3096940517425537,-9.349349975585938,-29.93239402770996
17.101327209999994,waypoint_1,-3.3359429836273193,-9.441906929016113,-29.933725357055664
17.135559661000002,waypoint_1,-3.3621602058410645,-9.534465789794922,-29.93504524230957
17.17072589,waypoint_1,-3.394806146621704,-9.650221824645996,-29.936681747436523
17.207616599999994,waypoint_1,-3.42084002494812,-9.742924690246582,-29.937963485717773
17.245037107,waypoint_1,-3.4468178749084473,-9.83574390411377,-29.93922233581543
17.282190199000013,waypoint_1,-3.4727303981781006,-9.928681373596191,-29.940458297729492
17.317748203999997,waypoint_1,-3.498593330383301,-10.021717071533203,-29.941675186157227
17.352505347000005,waypoint_1,-3.524402141571045,-10.114799499511719,-29.94289207458496
17.387709263000005,waypoint_1,-3.55671763420105,-10.231255531311035,-29.944387435913086
17.421705220999996,waypoint_1,-3.5826003551483154,-10.324512481689453,-29.945539474487305
17.453675814999997,waypoint_1,-3.6084835529327393,-10.417814254760742,-29.946680068969727
17.487722063999996,waypoint_1,-3.634366512298584,-10.51111888885498,-29.94776725769043
17.521679704000007,waypoint_1,-3.660205841064453,-10.60444164276123,-29.94879722595215
17.553642448000005,waypoint_1,-3.6859750747680664,-10.697827339172363,-29.949800491333008
17.587741961000006,waypoint_1,-3.7181499004364014,-10.814668655395508,-29.951059341430664
17.621718095999995,waypoint_1,-3.7438955307006836,-10.908156394958496,-29.952043533325195
17.654835663,waypoint_1,-3.769650936126709,-11.001587867736816,-29.9529972076416
17.688847562000007,waypoint_1,-3.7954185009002686,-11.094954490661621,-29.953916549682617
17.722900494000015,waypoint_1,-3.8212194442749023,-11.1882963180542,-29.95481300354004
17.754836692999987,waypoint_1,-3.847064733505249,-11.281609535217285,-29.955732345581055
17.788863287999988,waypoint_1,-3.879450559616089,-11.398223876953125,-29.956857681274414
17.82288695599999,waypoint_1,-3.905449390411377,-11.491517066955566,-29.957712173461914
17.854856501,waypoint_1,-3.9315032958984375,-11.58480167388916,-29.958528518676758
17.888866363000005,waypoint_1,-3.957625150680542,-11.678033828735352,-29.95926856994629
17.928544971000008,waypoint_1,-3.983802318572998,-11.771247863769531,-29.9599552154541
17.96018549300001,waypoint_1,-4.010014533996582,-11.864442825317383,-29.96065330505371
17.994752223999996,waypoint_1,-4.0428056716918945,-11.980953216552734,-29.9615421295166
18.028231811000012,waypoint_1,-4.069038391113281,-12.07420539855957,-29.962297439575195
18.061485196000007,waypoint_1,-4.095245838165283,-12.1675443649292,-29.963132858276367
18.09784278500001,waypoint_1,-4.121420383453369,-12.260974884033203,-29.9639835357666
18.131815609,waypoint_1,-4.147539138793945,-12.354471206665039,-29.964826583862305
18.163961986000004,waypoint_1,-4.173605442047119,-12.448040962219238,-29.96586036682129
18.197841893999993,waypoint_1,-4.20614767074585,-12.565177917480469,-29.96723747253418
18.233173295,waypoint_1,-4.232170104980469,-12.659029960632324,-29.968381881713867
18.267388761999996,waypoint_1,-4.258206844329834,-12.753007888793945,-29.96952247619629
18.30521227700001,waypoint_1,-4.284276485443115,-12.84707260131836,-29.970659255981445
18.34232550499999,waypoint_1,-4.310389518737793,-12.94123363494873,-29.97178840637207
18.379025565000006,waypoint_1,-4.336543083190918,-13.03549861907959,-29.972929000854492
18.41532437500001,waypoint_1,-4.369284629821777,-13.15340518951416,-29.97430992126465
18.450725987999988,waypoint_1,-4.395527362823486,-13.24780559539795,-29.97538948059082
18.482629701000008,waypoint_1,-4.421751499176025,-13.342284202575684,-29.976404190063477
18.516716562,waypoint_1,-4.447917938232422,-13.436869621276855,-29.97735023498535
18.55068017299999,waypoint_1,-4.474015235900879,-13.531553268432617,-29.97819709777832
18.58403744200001,waypoint_1,-4.500026226043701,-13.626323699951172,-29.979040145874023
18.618071633,waypoint_1,-4.5324578285217285,-13.744914054870605,-29.979990005493164
18.652133241,waypoint_1,-4.558422565460205,-13.839934349060059,-29.980653762817383
18.688280394999992,waypoint_1,-4.584437370300293,-13.934988975524902,-29.98124885559082
18.72358563200001,waypoint_1,-4.610481262207031,-14.0300931930542,-29.98177146911621
18.761653931000012,waypoint_1,-4.636541843414307,-14.125228881835938,-29.98225212097168
18.796063454999995,waypoint_1,-4.66264533996582,-14.220376014709473,-29.982698440551758
18.83203379400001,waypoint_1,-4.695366382598877,-14.339324951171875,-29.98322868347168
18.866106024999993,waypoint_1,-4.72160005569458,-14.434536933898926,-29.98368263244629
18.900056457999995,waypoint_1,-4.7479095458984375,-14.529803276062012,-29.98417854309082
18.934024507999993,waypoint_1,-4.774331569671631,-14.625127792358398,-29.98465919494629
18.968060392000012,waypoint_1,-4.8008294105529785,-14.720438957214355,-29.985116958618164
19.00006019700001,waypoint_1,-4.827444553375244,-14.8157958984375,-29.985593795776367
19.034035671999987,waypoint_1,-4.860832214355469,-14.93500804901123,-29.986108779907227
19.070970896000006,waypoint_1,-4.887646198272705,-15.030387878417969,-29.986520767211914
19.104081336000007,waypoint_1,-4.914491653442383,-15.125750541687012,-29.98695182800293
19.141861311000014,waypoint_1,-4.941371440887451,-15.221095085144043,-29.98731803894043
19.182710444999998,waypoint_1,-4.968235492706299,-15.316465377807617,-29.987634658813477
19.218602857000008,waypoint_1,-4.995058059692383,-15.411872863769531,-29.987947463989258
19.256016372999994,waypoint_1,-5.028499126434326,-15.531096458435059,-29.98832130432129
19.291346847,waypoint_1,-5.055185317993164,-15.626481056213379,-29.988611221313477
19.325198473,waypoint_1,-5.081839084625244,-15.721855163574219,-29.9888973236084
19.359243993000007,waypoint_1,-5.108465671539307,-15.817212104797363,-29.989255905151367
19.39552083199999,waypoint_1,-5.135075092315674,-15.912552833557129,-29.989660263061523
19.431893142000007,waypoint_1,-5.161691188812256,-16.007883071899414,-29.990034103393555
19.467962492999987,waypoint_1,-5.195016860961914,-16.127042770385742,-29.990530014038086
19.502349613000007,waypoint_1,-5.2216925621032715,-16.222341537475586,-29.99091911315918
19.539078278999995,waypoint_1,-5.248433589935303,-16.317607879638672,-29.99126625061035
19.574632664999996,waypoint_1,-5.275238990783691,-16.412817001342773,-29.991609573364258
19.610644379000007,waypoint_1,-5.30213737487793,-16.50798225402832,-29.991918563842773
19.648099019,waypoint_1,-5.329154968261719,-16.60312271118164,-29.99213218688965
19.684704957000008,waypoint_1,-5.3630852699279785,-16.7220516204834,-29.992238998413086
19.717821856,waypoint_1,-5.390362739562988,-16.817182540893555,-29.992231369018555
19.75415957499999,waypoint_1,-5.417723655700684,-16.912328720092773,-29.992155075073242
19.789783107000005,waypoint_1,-5.445127010345459,-17.007450103759766,-29.991987228393555
19.82184912400001,waypoint_1,-5.472567081451416,-17.102575302124023,-29.991811752319336
19.85582069200001,waypoint_1,-5.500021457672119,-17.197656631469727,-29.991682052612305
19.889792575,waypoint_1,-5.534337520599365,-17.316465377807617,-29.991472244262695
19.921825452000007,waypoint_1,-5.561834812164307,-17.41148567199707,-29.99129295349121
19.98583502400001,waypoint_1,-5.589364528656006,-17.50652503967285,-29.99117088317871
20.023251988999988,waypoint_1,-5.616926670074463,-17.601537704467773,-29.991106033325195
20.058947597000014,waypoint_1,-5.644506454467773,-17.696487426757812,-29.991140365600586
20.094842897000007,waypoint_1,-5.672079563140869,-17.791393280029297,-29.991315841674805
20.128793682999998,waypoint_1,-5.706571102142334,-17.909866333007812,-29.99163246154785
20.160802114000006,waypoint_1,-5.734165191650391,-18.004526138305664,-29.991975784301758
20.19808172500001,waypoint_1,-5.761759281158447,-18.099123001098633,-29.992441177368164
20.234860690999994,waypoint_1,-5.789374828338623,-18.19365119934082,-29.99293327331543
20.269513929,waypoint_1,-5.817008972167969,-18.288127899169922,-29.993425369262695
20.306478188,waypoint_1,-5.8446550369262695,-18.382600784301758,-29.993955612182617
20.343815788,waypoint_1,-5.879234313964844,-18.50067138671875,-29.994672775268555
20.377948867000015,waypoint_1,-5.906922340393066,-18.5950870513916,-29.995256423950195
20.415088241000007,waypoint_1,-5.934676647186279,-18.689476013183594,-29.995893478393555
20.454183483999998,waypoint_1,-5.962483882904053,-18.783802032470703,-29.996557235717773
20.490322464000002,waypoint_1,-5.990293979644775,-18.8780517578125,-29.99723243713379
20.527360511000012,waypoint_1,-6.018043041229248,-18.972278594970703,-29.997941970825195
20.568009732000007,waypoint_1,-6.052623271942139,-19.090059280395508,-29.99883460998535
20.60238523999999,waypoint_1,-6.080205917358398,-19.184282302856445,-29.999563217163086
20.639413582999993,waypoint_1,-6.107723712921143,-19.278499603271484,-30.00035285949707
20.676575275000005,waypoint_1,-6.135165691375732,-19.372699737548828,-30.001115798950195
20.711665823999994,waypoint_1,-6.1625237464904785,-19.466894149780273,-30.00189781188965
20.74580131900001,waypoint_1,-6.189785957336426,-19.56108856201172,-30.002656936645508
20.780204344999987,waypoint_1,-6.223731994628906,-19.67888832092285,-30.003698348999023
20.811651038999997,waypoint_1,-6.2507829666137695,-19.773223876953125,-30.004545211791992
20.847860808999997,waypoint_1,-6.27774715423584,-19.867645263671875,-30.005369186401367
20.883687382999994,waypoint_1,-6.304669380187988,-19.96210479736328,-30.00614356994629
20.91565905799999,waypoint_1,-6.331562519073486,-20.056602478027344,-30.006826400756836
20.949656346000012,waypoint_1,-6.358400821685791,-20.151113510131836,-30.00752830505371
20.98475271800001,waypoint_1,-6.391851902008057,-20.269332885742188,-30.008249282836914
21.01680112599999,waypoint_1,-6.418563365936279,-20.363977432250977,-30.008695602416992
21.050746972000013,waypoint_1,-6.445258617401123,-20.458711624145508,-30.009065628051758
21.084800263999995,waypoint_1,-6.471925735473633,-20.553510665893555,-30.009366989135742
21.116792067000006,waypoint_1,-6.498537063598633,-20.648340225219727,-30.00958824157715
21.150740194999997,waypoint_1,-6.525112152099609,-20.743188858032227,-30.009836196899414
21.18475894400001,waypoint_1,-6.558355331420898,-20.861730575561523,-30.009923934936523
21.216775917999996,waypoint_1,-6.584980010986328,-20.95650863647461,-30.009897232055664
21.250739898000006,waypoint_1,-6.611632347106934,-21.051219940185547,-30.009862899780273
21.284746133999988,waypoint_1,-6.6383137702941895,-21.14584732055664,-30.009824752807617
21.316831984000004,waypoint_1,-6.665034770965576,-21.240388870239258,-30.0097713470459
21.350744184999996,waypoint_1,-6.691795825958252,-21.3348388671875,-30.009733200073242
21.384775915999995,waypoint_1,-6.725289344787598,-21.452762603759766,-30.009626388549805
21.416816186000005,waypoint_1,-6.752091407775879,-21.5469970703125,-30.00946617126465
21.450745479999995,waypoint_1,-6.778853893280029,-21.64113426208496,-30.009252548217773
21.48485190599999,waypoint_1,-6.805579662322998,-21.73516082763672,-30.008989334106445
21.51679669500001,waypoint_1,-6.832268238067627,-21.829084396362305,-30.008703231811523
21.55074793099999,waypoint_1,-6.858920097351074,-21.922937393188477,-30.00846290588379
21.58476608800001,waypoint_1,-6.892201900482178,-22.04019546508789,-30.008214950561523
21.61683646099999,waypoint_1,-6.9188151359558105,-22.134017944335938,-30.008031845092773
21.65074411500001,waypoint_1,-6.9453864097595215,-22.227888107299805,-30.007837295532227
21.684788988999998,waypoint_1,-6.971831321716309,-22.321767807006836,-30.007612228393555
21.716790688000003,waypoint_1,-6.998204708099365,-22.415637969970703,-30.007360458374023
21.750746270999997,waypoint_1,-7.024556636810303,-22.50947380065918,-30.0070858001709
21.784812466000005,waypoint_1,-7.0574631690979,-22.626750946044922,-30.006704330444336
21.816822908999995,waypoint_1,-7.083823204040527,-22.720579147338867,-30.00645637512207
21.850748548000013,waypoint_1,-7.11022424697876,-22.81439208984375,-30.006277084350586
21.884903409999993,waypoint_1,-7.136591911315918,-22.9082088470459,-30.006105422973633
21.916791044000007,waypoint_1,-7.162930965423584,-23.001998901367188,-30.00592613220215
21.950777636999987,waypoint_1,-7.1892523765563965,-23.095733642578125,-30.005754470825195
21.984744500000005,waypoint_1,-7.222143650054932,-23.212785720825195,-30.005517959594727
22.016770202000004,waypoint_1,-7.24843692779541,-23.30634880065918,-30.00532341003418
22.05436314900001,waypoint_1,-7.274703502655029,-23.39984703063965,-30.00508689880371
22.09143306499999,waypoint_1,-7.30101203918457,-23.4932918548584,-30.004819869995117
22.12639311800001,waypoint_1,-7.327332973480225,-23.586687088012695,-30.004552841186523
22.167377238,waypoint_1,-7.353706359863281,-23.680002212524414,-30.004304885864258
22.20764348,waypoint_1,-7.386716365814209,-23.79652214050293,-30.00410270690918
22.245008589000008,waypoint_1,-7.413179397583008,-23.88963508605957,-30.003992080688477
22.288544013000006,waypoint_1,-7.439630508422852,-23.9826717376709,-30.003881454467773
22.325124003000013,waypoint_1,-7.466063499450684,-24.075576782226562,-30.00380516052246
22.35713379699999,waypoint_1,-7.492497444152832,-24.16834831237793,-30.003759384155273
22.391101794999997,waypoint_1,-7.518911361694336,-24.261049270629883,-30.00374412536621
22.425122652,waypoint_1,-7.551928520202637,-24.37688446044922,-30.00372886657715
22.457154395999993,waypoint_1,-7.578314304351807,-24.469533920288086,-30.003816604614258
22.491115256,waypoint_1,-7.604710102081299,-24.562236785888672,-30.00392723083496
22.52513078999999,waypoint_1,-7.631120681762695,-24.65498924255371,-30.00409507751465
22.557155945999995,waypoint_1,-7.6575469970703125,-24.747726440429688,-30.0042781829834
22.591094362999996,waypoint_1,-7.684006690979004,-24.840436935424805,-30.004491806030273
22.628862763,waypoint_1,-7.717142581939697,-24.95628547668457,-30.004812240600586
22.668159231999994,waypoint_1,-7.743712425231934,-25.048986434936523,-30.005090713500977
22.705975405000004,waypoint_1,-7.770294666290283,-25.141693115234375,-30.005361557006836
22.743547893,waypoint_1,-7.796881198883057,-25.234405517578125,-30.005647659301758
22.78351667999999,waypoint_1,-7.8234357833862305,-25.32710838317871,-30.005910873413086
22.820740798999992,waypoint_1,-7.849926948547363,-25.41981315612793,-30.0062313079834
22.858699195000014,waypoint_1,-7.8829665184021,-25.53571319580078,-30.006567001342773
22.895748802000014,waypoint_1,-7.909367561340332,-25.62839126586914,-30.00682258605957
22.932150471,waypoint_1,-7.935805797576904,-25.72106170654297,-30.00709342956543
22.966909815999998,waypoint_1,-7.962283611297607,-25.813730239868164,-30.007383346557617
22.998551315000014,waypoint_1,-7.9887871742248535,-25.906429290771484,-30.007707595825195
23.032157103000003,waypoint_1,-8.01530933380127,-25.99911880493164,-30.008005142211914
23.074007294000012,waypoint_1,-8.04846477508545,-26.11505126953125,-30.008325576782227
23.109721847999992,waypoint_1,-8.075016021728516,-26.20786476135254,-30.00852394104004
23.15231801799999,waypoint_1,-8.101582527160645,-26.300708770751953,-30.008684158325195
23.189738731999995,waypoint_1,-8.128151893615723,-26.393503189086914,-30.00880241394043
23.224429184,waypoint_1,-8.154683113098145,-26.486196517944336,-30.00889015197754
23.260806460999987,waypoint_1,-8.181154251098633,-26.578815460205078,-30.008943557739258
23.299781904000014,waypoint_1,-8.214109420776367,-26.694509506225586,-30.008970260620117
23.335047726,waypoint_1,-8.240355491638184,-26.787050247192383,-30.00892448425293
23.36898018400001,waypoint_1,-8.26652717590332,-26.879602432250977,-30.0087833404541
23.406083956000003,waypoint_1,-8.2926025390625,-26.972179412841797,-30.008615493774414
23.443709855999998,waypoint_1,-8.318634033203125,-27.06477165222168,-30.008424758911133
23.478710506999988,waypoint_1,-8.344599723815918,-27.157331466674805,-30.00821876525879
23.515767134000015,waypoint_1,-8.376949310302734,-27.27299690246582,-30.007936477661133
23.549918667000014,waypoint_1,-8.40275764465332,-27.365493774414062,-30.0076847076416
23.582584714999996,waypoint_1,-8.428543090820312,-27.457977294921875,-30.00737190246582
23.61700874799999,waypoint_1,-8.454305648803711,-27.55040740966797,-30.00705909729004
23.650956941000004,waypoint_1,-8.480057716369629,-27.642772674560547,-30.0067081451416
23.683548171000012,waypoint_1,-8.505889892578125,-27.735118865966797,-30.006284713745117
23.74041328300001,waypoint_1,-8.538308143615723,-27.850553512573242,-30.00568199157715
23.774207909000012,waypoint_1,-8.564353942871094,-27.942825317382812,-30.00518226623535
23.807409686,waypoint_1,-8.59048843383789,-28.03499984741211,-30.004682540893555
23.84137144799999,waypoint_1,-8.616705894470215,-28.12708282470703,-30.004228591918945
23.87670229400001,waypoint_1,-8.642986297607422,-28.219078063964844,-30.003843307495117
23.908677876000013,waypoint_1,-8.66933536529541,-28.311019897460938,-30.003568649291992
23.942634596999994,waypoint_1,-8.702305793762207,-28.425899505615234,-30.0033016204834
23.976719443000007,waypoint_1,-8.728684425354004,-28.51776123046875,-30.00313377380371
24.008632226999993,waypoint_1,-8.75505542755127,-28.609617233276367,-30.003000259399414
24.042638841000013,waypoint_1,-8.781405448913574,-28.70145606994629,-30.00287437438965
24.07670103999999,waypoint_1,-8.807762145996094,-28.793277740478516,-30.00275230407715
24.10862679600001,waypoint_1,-8.834134101867676,-28.885074615478516,-30.00261878967285
24.14268107999999,waypoint_1,-8.867156982421875,-28.999807357788086,-30.002405166625977
24.176751587000012,waypoint_1,-8.893598556518555,-29.091604232788086,-30.00221824645996
24.208668789,waypoint_1,-8.920036315917969,-29.18341827392578,-30.002023696899414
24.242640096000002,waypoint_1,-8.946456909179688,-29.275279998779297,-30.001779556274414
24.276694135000014,waypoint_1,-8.97287368774414,-29.367185592651367,-30.001493453979492
24.309627903000006,waypoint_1,-8.999273300170898,-29.459102630615234,-30.001184463500977
24.343706249999997,waypoint_1,-9.032251358032227,-29.573932647705078,-30.000707626342773
24.37879538499999,waypoint_1,-9.058659553527832,-29.66576385498047,-30.000280380249023
24.41198134999999,waypoint_1,-9.085129737854004,-29.757566452026367,-29.99989128112793
24.447101043999993,waypoint_1,-9.111651420593262,-29.84935760498047,-29.99955940246582
24.479047460000004,waypoint_1,-9.13820743560791,-29.941165924072266,-29.999311447143555
24.513133618000012,waypoint_1,-9.16478157043457,-30.033000946044922,-29.99913215637207
24.547077798999993,waypoint_1,-9.19798469543457,-30.1478271484375,-29.9990177154541
24.58018063200001,waypoint_1,-9.224489212036133,-30.239683151245117,-29.99896812438965
24.614159911,waypoint_1,-9.250936508178711,-30.331514358520508,-29.99892234802246
24.648157544000014,waypoint_1,-9.277341842651367,-30.423337936401367,-29.998823165893555
24.68124747600001,waypoint_1,-9.303752899169922,-30.51515769958496,-29.998682022094727
24.715254824,waypoint_1,-9.330216407775879,-30.606962203979492,-29.998567581176758
24.749297262,waypoint_1,-9.363365173339844,-30.721647262573242,-29.99830436706543
24.781346751,waypoint_1,-9.389864921569824,-30.813323974609375,-29.998018264770508
24.815245610000005,waypoint_1,-9.416346549987793,-30.90493392944336,-29.99772834777832
24.849474431999994,waypoint_1,-9.442811965942383,-30.99643325805664,-29.997346878051758
24.881412436999994,waypoint_1,-9.469276428222656,-31.08783721923828,-29.99688148498535
24.91525182699999,waypoint_1,-9.49576187133789,-31.179157257080078,-29.996355056762695
24.949328718999993,waypoint_1,-9.528985023498535,-31.293216705322266,-29.99566078186035
24.981335846999997,waypoint_1,-9.555680274963379,-31.384428024291992,-29.995115280151367
25.01533742699999,waypoint_1,-9.582498550415039,-31.475648880004883,-29.994626998901367
25.049282887000004,waypoint_1,-9.609414100646973,-31.566892623901367,-29.994211196899414
25.081321218,waypoint_1,-9.636366844177246,-31.65814971923828,-29.993867874145508
25.115261470999997,waypoint_1,-9.66336441040039,-31.749404907226562,-29.993593215942383
25.149308612,waypoint_1,-9.697178840637207,-31.863481521606445,-29.99336814880371
25.181260197,waypoint_1,-9.724282264709473,-31.95476531982422,-29.99324607849121
25.215306098000013,waypoint_1,-9.75142765045166,-32.046138763427734,-29.99310874938965
25.249272327,waypoint_1,-9.778616905212402,-32.137577056884766,-29.993009567260742
25.28124604499999,waypoint_1,-9.805877685546875,-32.22905731201172,-29.99296760559082
25.315298256999995,waypoint_1,-9.833233833312988,-32.32057571411133,-29.992998123168945
25.349486757000022,waypoint_1,-9.867454528808594,-32.43499755859375,-29.99308204650879
25.381270272999984,waypoint_1,-9.894859313964844,-32.52656173706055,-29.99314308166504
25.41524216099998,waypoint_1,-9.922290802001953,-32.61819076538086,-29.99318504333496
25.449248051999973,waypoint_1,-9.949753761291504,-32.709922790527344,-29.993249893188477
25.48128796200001,waypoint_1,-9.9772367477417,-32.801727294921875,-29.99330711364746
25.515307689999986,waypoint_1,-10.004781723022461,-32.893550872802734,-29.99336051940918
25.549355408999986,waypoint_1,-10.039246559143066,-33.00838088989258,-29.993406295776367
25.581225710000012,waypoint_1,-10.066885948181152,-33.10027313232422,-29.993425369262695
25.615335476999974,waypoint_1,-10.094583511352539,-33.19215393066406,-29.993440628051758
25.649236782999992,waypoint_1,-10.122332572937012,-33.28402328491211,-29.99339485168457
25.682334781999998,waypoint_1,-10.150125503540039,-33.375877380371094,-29.99332618713379
25.716375083999992,waypoint_1,-10.177947998046875,-33.46770095825195,-29.993288040161133
25.750215423999975,waypoint_1,-10.212738037109375,-33.582401275634766,-29.99321937561035
25.782299147000003,waypoint_1,-10.240605354309082,-33.67412185668945,-29.993154525756836
25.81628559799998,waypoint_1,-10.268497467041016,-33.76591110229492,-29.993043899536133
25.850655802000006,waypoint_1,-10.296360969543457,-33.85771560668945,-29.9929256439209
25.882311082,waypoint_1,-10.324191093444824,-33.94953536987305,-29.9928035736084
25.91645910699998,waypoint_1,-10.351993560791016,-34.04137420654297,-29.992727279663086
25.95065863399998,waypoint_1,-10.38668155670166,-34.156166076660156,-29.992704391479492
25.982400852000012,waypoint_1,-10.414422035217285,-34.24802017211914,-29.992765426635742
26.01633114399999,waypoint_1,-10.442173957824707,-34.33989334106445,-29.992918014526367
26.050245397000026,waypoint_1,-10.469879150390625,-34.43184280395508,-29.993162155151367
26.082409014999996,waypoint_1,-10.49752426147461,-34.52383041381836,-29.99345588684082
26.116444183999988,waypoint_1,-10.525132179260254,-34.61589813232422,-29.993741989135742
26.150848490999977,waypoint_1,-10.55955696105957,-34.7309455871582,-29.994047164916992
26.182242712999994,waypoint_1,-10.587037086486816,-34.82289505004883,-29.994279861450195
26.21630174699999,waypoint_1,-10.614459037780762,-34.91480255126953,-29.994535446166992
26.25042371500001,waypoint_1,-10.64181137084961,-35.0067024230957,-29.994768142700195
26.28232824700001,waypoint_1,-10.669112205505371,-35.0985221862793,-29.994935989379883
26.316308608999975,waypoint_1,-10.696392059326172,-35.19028091430664,-29.99507713317871
26.350651878999997,waypoint_1,-10.730438232421875,-35.30487823486328,-29.995210647583008
26.382324428000004,waypoint_1,-10.757654190063477,-35.39654541015625,-29.995332717895508
26.41630135700001,waypoint_1,-10.78486442565918,-35.48820114135742,-29.995454788208008
26.45032766600002,waypoint_1,-10.812017440795898,-35.57988739013672,-29.99559211730957
26.48226035800002,waypoint_1,-10.839155197143555,-35.6716194152832,-29.99567222595215
26.51629733599998,waypoint_1,-10.866290092468262,-35.763431549072266,-29.9957218170166
26.550290968000013,waypoint_1,-10.900160789489746,-35.8783073425293,-29.995756149291992
26.582237202999977,waypoint_1,-10.927183151245117,-35.970314025878906,-29.99574089050293
26.616296861000023,waypoint_1,-10.954144477844238,-36.062400817871094,-29.995615005493164
26.65031129099998,waypoint_1,-10.981039047241211,-36.15453338623047,-29.995481491088867
26.682243454,waypoint_1,-11.007852554321289,-36.246734619140625,-29.99534034729004
26.71632373,waypoint_1,-11.034623146057129,-36.338966369628906,-29.99518394470215
26.75041530599998,waypoint_1,-11.068066596984863,-36.45431137084961,-29.99506187438965
26.782269816999985,waypoint_1,-11.094769477844238,-36.546634674072266,-29.995031356811523
26.816424249000022,waypoint_1,-11.121413230895996,-36.63901901245117,-29.99506950378418
26.850282317999984,waypoint_1,-11.147955894470215,-36.731468200683594,-29.995153427124023
26.882333097000014,waypoint_1,-11.174433708190918,-36.82402038574219,-29.995267868041992
26.917537709999976,waypoint_1,-11.20089340209961,-36.916629791259766,-29.99540138244629
26.95144930700002,waypoint_1,-11.234037399291992,-37.03236389160156,-29.995656967163086
26.983499822,waypoint_1,-11.260616302490234,-37.12492752075195,-29.995939254760742
27.01750839099998,waypoint_1,-11.287260055541992,-37.217464447021484,-29.99629020690918
27.051442870000017,waypoint_1,-11.314009666442871,-37.309940338134766,-29.99666404724121
27.083510461000003,waypoint_1,-11.340849876403809,-37.40232849121094,-29.9970645904541
27.117449060000013,waypoint_1,-11.367785453796387,-37.494667053222656,-29.99744987487793
27.15149219,waypoint_1,-11.401656150817871,-37.61007308959961,-29.997949600219727
27.184226642,waypoint_1,-11.428848266601562,-37.70235061645508,-29.998327255249023
27.217817712999988,waypoint_1,-11.456135749816895,-37.7945442199707,-29.998685836791992
27.251446465000015,waypoint_1,-11.48351001739502,-37.886653900146484,-29.9990177154541
27.28363834999999,waypoint_1,-11.510964393615723,-37.97868347167969,-29.999303817749023
27.317587348000018,waypoint_1,-11.53856372833252,-38.07059860229492,-29.999597549438477
27.351371961999973,waypoint_1,-11.573266983032227,-38.185367584228516,-29.99983787536621
27.383524367000007,waypoint_1,-11.601140975952148,-38.277130126953125,-29.999940872192383
27.417815562999976,waypoint_1,-11.62905502319336,-38.36886215209961,-29.999963760375977
27.45164210600001,waypoint_1,-11.656946182250977,-38.4605712890625,-29.9999942779541
27.48344546300001,waypoint_1,-11.68482494354248,-38.552223205566406,-30.00002098083496
27.517566649000003,waypoint_1,-11.712715148925781,-38.643829345703125,-30.000001907348633
27.551789643000006,waypoint_1,-11.747615814208984,-38.75831985473633,-29.999963760375977
27.58474267700001,waypoint_1,-11.775493621826172,-38.849937438964844,-29.999895095825195
27.618701729999998,waypoint_1,-11.803336143493652,-38.94157409667969,-29.999792098999023
27.65362572800001,waypoint_1,-11.831180572509766,-39.03326416015625,-29.999635696411133
27.68587174999999,waypoint_1,-11.859058380126953,-39.125003814697266,-29.99944496154785
27.719483267999976,waypoint_1,-11.886940002441406,-39.216758728027344,-29.999177932739258
27.753516354999988,waypoint_1,-11.921810150146484,-39.33140182495117,-29.998807907104492
27.78594383799998,waypoint_1,-11.94968318939209,-39.423091888427734,-29.998510360717773
27.824673916999984,waypoint_1,-11.977519035339355,-39.51479721069336,-29.998254776000977
27.866817645000026,waypoint_1,-12.005315780639648,-39.60654067993164,-29.998003005981445
27.905539561000012,waypoint_1,-12.03310489654541,-39.698341369628906,-29.997739791870117
27.943240198000012,waypoint_1,-12.060894966125488,-39.790191650390625,-29.99750328063965
27.978361561999975,waypoint_1,-12.09553337097168,-39.905025482177734,-29.997190475463867
28.018371984999987,waypoint_1,-12.123115539550781,-39.99690628051758,-29.996923446655273
28.052905074000023,waypoint_1,-12.150559425354004,-40.088783264160156,-29.996606826782227
28.104418943999974,waypoint_1,-12.177861213684082,-40.1806526184082,-29.996301651000977
28.137847091000026,waypoint_1,-12.205042839050293,-40.27251052856445,-29.99601936340332
28.16980642499999,waypoint_1,-12.232131958007812,-40.36434555053711,-29.995695114135742
28.205740762000005,waypoint_1,-12.265860557556152,-40.479103088378906,-29.995153427124023
28.24004450000001,waypoint_1,-12.292745590209961,-40.57083511352539,-29.99464988708496
28.272226838999984,waypoint_1,-12.3195219039917,-40.662498474121094,-29.994131088256836
28.30701505600001,waypoint_1,-12.346195220947266,-40.75407791137695,-29.993627548217773
28.341088161000016,waypoint_1,-12.372763633728027,-40.84554672241211,-29.993135452270508
28.373084181000024,waypoint_1,-12.399277687072754,-40.936954498291016,-29.992631912231445
28.407010937999985,waypoint_1,-12.43240737915039,-41.05116653442383,-29.991941452026367
28.441073623000023,waypoint_1,-12.45895004272461,-41.14250564575195,-29.99138069152832
28.473082368999997,waypoint_1,-12.485527992248535,-41.23383712768555,-29.990846633911133
28.507045688999995,waypoint_1,-12.512147903442383,-41.32516860961914,-29.99041175842285
28.541041555999982,waypoint_1,-12.538814544677734,-41.416500091552734,-29.990079879760742
28.572977319000017,waypoint_1,-12.565524101257324,-41.50782775878906,-29.98981285095215
28.606998910000016,waypoint_1,-12.598946571350098,-41.621978759765625,-29.98954963684082
28.641069687000027,waypoint_1,-12.625685691833496,-41.71327209472656,-29.98942756652832
28.673049257999992,waypoint_1,-12.652464866638184,-41.80449295043945,-29.98941993713379
28.70707593200001,waypoint_1,-12.679289817810059,-41.89565658569336,-29.98957633972168
28.74102755299998,waypoint_1,-12.706174850463867,-41.986793518066406,-29.989892959594727
28.772968794000008,waypoint_1,-12.733139038085938,-42.077919006347656,-29.990259170532227
28.808207159999995,waypoint_1,-12.766953468322754,-42.191776275634766,-29.990842819213867
28.84222044400002,waypoint_1,-12.794078826904297,-42.28282928466797,-29.991384506225586
28.875247064000007,waypoint_1,-12.821301460266113,-42.3738899230957,-29.991987228393555
28.910587561,waypoint_1,-12.848624229431152,-42.46501922607422,-29.992578506469727
28.94453785600001,waypoint_1,-12.876019477844238,-42.556209564208984,-29.99315071105957
28.976536193000015,waypoint_1,-12.903487205505371,-42.647491455078125,-29.993741989135742
29.011672499999975,waypoint_1,-12.937886238098145,-42.761661529541016,-29.994470596313477
29.04569429899999,waypoint_1,-12.965439796447754,-42.85304641723633,-29.995058059692383
29.07765801200003,waypoint_1,-12.993035316467285,-42.94447708129883,-29.995683670043945
29.111644404999993,waypoint_1,-13.020630836486816,-43.035892486572266,-29.996232986450195
29.145698142000015,waypoint_1,-13.048218727111816,-43.12727355957031,-29.99671745300293
29.17765748200003,waypoint_1,-13.075748443603516,-43.2186164855957,-29.997148513793945
29.211705703999996,waypoint_1,-13.110066413879395,-43.332759857177734,-29.99772834777832
29.245688729999983,waypoint_1,-13.137469291687012,-43.424076080322266,-29.998197555541992
29.29100756600002,waypoint_1,-13.164791107177734,-43.51546096801758,-29.99861717224121
29.343705019000026,waypoint_1,-13.192034721374512,-43.60691452026367,-29.998964309692383
29.389112462000014,waypoint_1,-13.219236373901367,-43.69847869873047,-29.999258041381836
29.42301014200001,waypoint_1,-13.246407508850098,-43.79007339477539,-29.999521255493164
29.45710602700001,waypoint_1,-13.280352592468262,-43.90460968017578,-29.99980354309082
29.489126347000024,waypoint_1,-13.30750560760498,-43.996299743652344,-29.999971389770508
29.523051588999977,waypoint_1,-13.334628105163574,-44.08808898925781,-30.000097274780273
29.557084685000007,waypoint_1,-13.361716270446777,-44.180023193359375,-30.000211715698242
29.589111541000022,waypoint_1,-13.388751983642578,-44.272132873535156,-30.000337600708008
29.62310070799998,waypoint_1,-13.415732383728027,-44.36437225341797,-30.000364303588867
29.65707573200001,waypoint_1,-13.449402809143066,-44.47972106933594,-30.00041389465332
29.689195998000002,waypoint_1,-13.476259231567383,-44.572021484375,-30.0004940032959
29.723541704000013,waypoint_1,-13.503034591674805,-44.664371490478516,-30.000593185424805
29.757079706000013,waypoint_1,-13.529805183410645,-44.756778717041016,-30.00066566467285
29.789082373999975,waypoint_1,-13.556539535522461,-44.84919738769531,-30.000715255737305
29.824291291999998,waypoint_1,-13.583223342895508,-44.941593170166016,-30.000699996948242
29.858282159999987,waypoint_1,-13.61656665802002,-45.0570068359375,-30.000638961791992
29.890273159000003,waypoint_1,-13.643251419067383,-45.1493034362793,-30.00057029724121
29.924261961000013,waypoint_1,-13.66995906829834,-45.24158477783203,-30.000471115112305
29.958256557000027,waypoint_1,-13.696675300598145,-45.33380889892578,-30.000341415405273
29.990296559,waypoint_1,-13.723357200622559,-45.426002502441406,-30.00020408630371
30.024266515000022,waypoint_1,-13.750020027160645,-45.51816940307617,-29.999956130981445
30.05830387100002,waypoint_1,-13.783415794372559,-45.6333122253418,-29.99955177307129
30.09037621599998,waypoint_1,-13.810084342956543,-45.72538375854492,-29.99915885925293
30.125360640999986,waypoint_1,-13.836664199829102,-45.81742858886719,-29.998659133911133
30.159336470000028,waypoint_1,-13.863184928894043,-45.90946960449219,-29.998098373413086
30.192544220000002,waypoint_1,-13.889677047729492,-46.00149154663086,-29.99751853942871
30.226562442999978,waypoint_1,-13.916090965270996,-46.09342956542969,-29.99688148498535
30.260529485999996,waypoint_1,-13.949034690856934,-46.208160400390625,-29.996145248413086
30.292534761000013,waypoint_1,-13.97534465789795,-46.29984664916992,-29.99562644958496
30.326538706000008,waypoint_1,-14.001591682434082,-46.391517639160156,-29.995210647583008
30.360554529000012,waypoint_1,-14.027806282043457,-46.48316955566406,-29.99485969543457
30.392538210999987,waypoint_1,-14.053999900817871,-46.57478713989258,-29.99458885192871
30.426541453000027,waypoint_1,-14.080167770385742,-46.6663818359375,-29.994482040405273
30.460530380000023,waypoint_1,-14.112898826599121,-46.78086853027344,-29.994436264038086
30.492572186000018,waypoint_1,-14.139101028442383,-46.872432708740234,-29.994443893432617
30.526557792999995,waypoint_1,-14.165310859680176,-46.96400451660156,-29.99445152282715
30.558500520999985,waypoint_1,-14.19151496887207,-47.05561828613281,-29.994455337524414
30.592555147999974,waypoint_1,-14.217728614807129,-47.147281646728516,-29.99442481994629
30.626554784000007,waypoint_1,-14.243951797485352,-47.238990783691406,-29.994352340698242
30.658498759999986,waypoint_1,-14.270157814025879,-47.330806732177734,-29.994245529174805
30.692791285,waypoint_1,-14.302918434143066,-47.44572067260742,-29.99403190612793
30.726584688000003,waypoint_1,-14.32917594909668,-47.537696838378906,-29.99379539489746
30.758499825,waypoint_1,-14.355504989624023,-47.629703521728516,-29.993589401245117
30.79252740999999,waypoint_1,-14.381868362426758,-47.72174835205078,-29.993436813354492
30.826524447999986,waypoint_1,-14.408267974853516,-47.81382369995117,-29.99338722229004
30.858523321000007,waypoint_1,-14.43468189239502,-47.905906677246094,-29.993322372436523
30.892558517999987,waypoint_1,-14.467729568481445,-48.02100372314453,-29.993196487426758
30.926559429999998,waypoint_1,-14.494186401367188,-48.113075256347656,-29.993074417114258
30.95850458000001,waypoint_1,-14.520654678344727,-48.20514678955078,-29.992963790893555
30.992583276999994,waypoint_1,-14.547102928161621,-48.297203063964844,-29.99287223815918
31.027664845999993,waypoint_1,-14.573506355285645,-48.38922119140625,-29.992830276489258
31.059615079000025,waypoint_1,-14.599910736083984,-48.481231689453125,-29.9928035736084
31.093697067999983,waypoint_1,-14.632972717285156,-48.596195220947266,-29.992788314819336
31.127685198999984,waypoint_1,-14.659512519836426,-48.68811798095703,-29.99273109436035
31.159615668000015,waypoint_1,-14.686126708984375,-48.779998779296875,-29.992719650268555
31.193725776000008,waypoint_1,-14.712784767150879,-48.871864318847656,-29.99275779724121
31.22871395599998,waypoint_1,-14.739500999450684,-48.96372985839844,-29.99283790588379
31.26080076300002,waypoint_1,-14.766261100769043,-49.05559539794922,-29.99299430847168
31.29473770200002,waypoint_1,-14.799723625183105,-49.1704216003418,-29.99324607849121
31.328708346999974,waypoint_1,-14.826458930969238,-49.262306213378906,-29.993436813354492
31.36071012100001,waypoint_1,-14.853147506713867,-49.354217529296875,-29.993574142456055
31.39475445300002,waypoint_1,-14.879823684692383,-49.44612503051758,-29.993680953979492
31.428725868000015,waypoint_1,-14.906545639038086,-49.53803253173828,-29.99370002746582
31.460697777000007,waypoint_1,-14.933327674865723,-49.629920959472656,-29.99372673034668
31.49473961000001,waypoint_1,-14.966863632202148,-49.744781494140625,-29.99379539489746
31.530224653999994,waypoint_1,-14.993699073791504,-49.836669921875,-29.99391746520996
31.562169923,waypoint_1,-15.020544052124023,-49.92855453491211,-29.993940353393555
31.596238130000017,waypoint_1,-15.047391891479492,-50.020416259765625,-29.993871688842773
31.631497088999993,waypoint_1,-15.07424259185791,-50.11225128173828,-29.993818283081055
31.663520215000005,waypoint_1,-15.101125717163086,-50.20404815673828,-29.993783950805664
31.69754761500002,waypoint_1,-15.134790420532227,-50.3187370300293,-29.993757247924805
31.73153885800002,waypoint_1,-15.161752700805664,-50.41044616699219,-29.993715286254883
31.76357509799999,waypoint_1,-15.188691139221191,-50.50215148925781,-29.993696212768555
31.79755086099999,waypoint_1,-15.215590476989746,-50.593841552734375,-29.993680953979492
31.832554200000004,waypoint_1,-15.242466926574707,-50.68550109863281,-29.993722915649414
31.864537789999986,waypoint_1,-15.26934814453125,-50.777137756347656,-29.993715286254883
31.89858998599999,waypoint_1,-15.303000450134277,-50.891700744628906,-29.9936580657959
31.932564464999984,waypoint_1,-15.329952239990234,-50.98339080810547,-29.993616104125977
31.96456638699999,waypoint_1,-15.356912612915039,-51.07509994506836,-29.99357795715332
31.998567943000012,waypoint_1,-15.383853912353516,-51.16682815551758,-29.9935359954834
32.03253157,waypoint_1,-15.410774230957031,-51.258583068847656,-29.993497848510742
32.06451615399999,waypoint_1,-15.437676429748535,-51.35034942626953,-29.993478775024414
32.09855769500001,waypoint_1,-15.471282005310059,-51.465084075927734,-29.993486404418945
32.132532314,waypoint_1,-15.498188972473145,-51.556941986083984,-29.99354362487793
32.164518552000004,waypoint_1,-15.525121688842773,-51.64887619018555,-29.99366569519043
32.19855859500001,waypoint_1,-15.552074432373047,-51.740882873535156,-29.99384117126465
32.23254815299998,waypoint_1,-15.579051971435547,-51.832950592041016,-29.994035720825195
32.264525244000026,waypoint_1,-15.606061935424805,-51.92509078979492,-29.994211196899414
32.298570281000025,waypoint_1,-15.639801979064941,-52.040321350097656,-29.994421005249023
32.33256990199999,waypoint_1,-15.666781425476074,-52.13252258300781,-29.994596481323242
32.364546467000025,waypoint_1,-15.69373893737793,-52.224769592285156,-29.994707107543945
32.3985634,waypoint_1,-15.720656394958496,-52.317020416259766,-29.994752883911133
32.43252848100002,waypoint_1,-15.747498512268066,-52.409263610839844,-29.994783401489258
32.46454168500003,waypoint_1,-15.774308204650879,-52.501522064208984,-29.99483299255371
32.498570727000015,waypoint_1,-15.807796478271484,-52.616851806640625,-29.994901657104492
32.53258801499999,waypoint_1,-15.834549903869629,-52.709083557128906,-29.99495506286621
32.56454567600002,waypoint_1,-15.86135196685791,-52.801326751708984,-29.994997024536133
32.59856127400002,waypoint_1,-15.888232231140137,-52.89350891113281,-29.995031356811523
32.63372237300001,waypoint_1,-15.915182113647461,-52.9856071472168,-29.995027542114258
32.665671997000004,waypoint_1,-15.942143440246582,-53.07761001586914,-29.995046615600586
32.69974721,waypoint_1,-15.97577953338623,-53.19251251220703,-29.995153427124023
32.73511297099998,waypoint_1,-16.00261116027832,-53.28437042236328,-29.995344161987305
32.76717187899999,waypoint_1,-16.02938461303711,-53.376224517822266,-29.995553970336914
32.802249012999994,waypoint_1,-16.056137084960938,-53.46806335449219,-29.995771408081055
32.836231182000006,waypoint_1,-16.0828857421875,-53.559852600097656,-29.996084213256836
32.86825553199998,waypoint_1,-16.109628677368164,-53.65154266357422,-29.99635887145996
32.90221541699998,waypoint_1,-16.14310646057129,-53.76607894897461,-29.99666404724121
32.936267235,waypoint_1,-16.16988182067871,-53.85765075683594,-29.996919631958008
32.968219895999994,waypoint_1,-16.19667625427246,-53.94921875,-29.99717903137207
33.002236857000014,waypoint_1,-16.2235050201416,-54.04078674316406,-29.9974422454834
33.036248161,waypoint_1,-16.25041389465332,-54.132347106933594,-29.997774124145508
33.068223827,waypoint_1,-16.277324676513672,-54.22389602661133,-29.998132705688477
33.10222967599998,waypoint_1,-16.31096076965332,-54.33835220336914,-29.99867057800293
33.13625384300002,waypoint_1,-16.337793350219727,-54.42985534667969,-29.999238967895508
33.16825044799998,waypoint_1,-16.364580154418945,-54.521331787109375,-29.999826431274414
33.202252190000024,waypoint_1,-16.391347885131836,-54.61281967163086,-30.00043296813965
33.236292633999994,waypoint_1,-16.418107986450195,-54.70433807373047,-30.00105857849121
33.268258660000015,waypoint_1,-16.444847106933594,-54.795867919921875,-30.0017147064209
33.30229922400002,waypoint_1,-16.47826385498047,-54.910282135009766,-30.00254249572754
33.33626230700003,waypoint_1,-16.504955291748047,-55.00179672241211,-30.003129959106445
33.36824860899998,waypoint_1,-16.531614303588867,-55.093292236328125,-30.00361442565918
33.402290730999994,waypoint_1,-16.558218002319336,-55.18471145629883,-30.003992080688477
33.436290686999996,waypoint_1,-16.584762573242188,-55.27606201171875,-30.0042667388916
33.468285287000015,waypoint_1,-16.611291885375977,-55.36737823486328,-30.004484176635742
33.50226600100001,waypoint_1,-16.644468307495117,-55.48146438598633,-30.00472068786621
33.53736111699999,waypoint_1,-16.67099952697754,-55.57270431518555,-30.004892349243164
33.569326219000004,waypoint_1,-16.69754409790039,-55.663963317871094,-30.005128860473633
33.603322247999984,waypoint_1,-16.724109649658203,-55.75529861450195,-30.005449295043945
33.637338253999985,waypoint_1,-16.75071144104004,-55.84670639038086,-30.00579261779785
33.66932380899999,waypoint_1,-16.777341842651367,-55.938148498535156,-30.006113052368164
33.70332914699998,waypoint_1,-16.81062889099121,-56.052490234375,-30.006498336791992
33.73856609699999,waypoint_1,-16.837289810180664,-56.14398193359375,-30.006864547729492
33.77162890400001,waypoint_1,-16.86398696899414,-56.2354850769043,-30.007261276245117
33.80581104100003,waypoint_1,-16.8907470703125,-56.327049255371094,-30.007661819458008
33.84102594699999,waypoint_1,-16.91762351989746,-56.4187126159668,-30.0080509185791
33.873069606,waypoint_1,-16.944631576538086,-56.51049041748047,-30.008432388305664
33.907786499999986,waypoint_1,-16.97848129272461,-56.625343322753906,-30.00886344909668
33.94106592600002,waypoint_1,-17.00555419921875,-56.71728515625,-30.009157180786133
33.97334283399999,waypoint_1,-17.03261947631836,-56.80927276611328,-30.00944709777832
34.007327847,waypoint_1,-17.059707641601562,-56.90132522583008,-30.009695053100586
34.041026364000004,waypoint_1,-17.086809158325195,-56.993446350097656,-30.009855270385742
34.07330685900001,waypoint_1,-17.113929748535156,-57.08565139770508,-30.00990867614746
34.107355504,waypoint_1,-17.147886276245117,-57.2010498046875,-30.009801864624023
34.14106283299998,waypoint_1,-17.175058364868164,-57.29343032836914,-30.009557723999023
34.173329814,waypoint_1,-17.20220184326172,-57.38581466674805,-30.00925636291504
34.20760141699998,waypoint_1,-17.229328155517578,-57.4781379699707,-30.00889778137207
34.241120568999975,waypoint_1,-17.25642967224121,-57.57038497924805,-30.008440017700195
34.27321947600001,waypoint_1,-17.283498764038086,-57.66255569458008,-30.00787925720215
34.30766084300001,waypoint_1,-17.3172664642334,-57.77776336669922,-30.007028579711914
34.34104104599999,waypoint_1,-17.344257354736328,-57.86992263793945,-30.006303787231445
34.37335227900002,waypoint_1,-17.371259689331055,-57.96206283569336,-30.005556106567383
34.40728156099999,waypoint_1,-17.39827537536621,-58.05419921875,-30.004777908325195
34.44118363299998,waypoint_1,-17.425283432006836,-58.14631652832031,-30.003942489624023
34.47316128800003,waypoint_1,-17.45229721069336,-58.23836898803711,-30.003068923950195
34.508931786999995,waypoint_1,-17.48607635498047,-58.35336685180664,-30.001935958862305
34.54531204800003,waypoint_1,-17.513059616088867,-58.44533920288086,-30.001001358032227
34.577003020999996,waypoint_1,-17.539995193481445,-58.53729248046875,-30.000093460083008
34.61100660699998,waypoint_1,-17.566892623901367,-58.62923812866211,-29.99921226501465
34.64497149800002,waypoint_1,-17.59381103515625,-58.7211799621582,-29.998308181762695
34.676991577000024,waypoint_1,-17.620765686035156,-58.8131103515625,-29.997407913208008
34.710979123000016,waypoint_1,-17.65446662902832,-58.92799377441406,-29.996328353881836
34.744964111,waypoint_1,-17.681413650512695,-59.01988983154297,-29.99555778503418
34.77704639199999,waypoint_1,-17.708311080932617,-59.11181640625,-29.99482536315918
34.811022729,waypoint_1,-17.7351131439209,-59.203773498535156,-29.994115829467773
34.844983856,waypoint_1,-17.761804580688477,-59.29575729370117,-29.993379592895508
34.87696495099999,waypoint_1,-17.788394927978516,-59.3878173828125,-29.99265480041504
34.91101349500002,waypoint_1,-17.821521759033203,-59.5030403137207,-29.9918155670166
34.94502774900002,waypoint_1,-17.847946166992188,-59.595272064208984,-29.991228103637695
34.97697174799998,waypoint_1,-17.874303817749023,-59.68751525878906,-29.990713119506836
35.011263418,waypoint_1,-17.90055274963379,-59.779788970947266,-29.990278244018555
35.04504038800002,waypoint_1,-17.926712036132812,-59.872093200683594,-29.989992141723633
35.07708826300001,waypoint_1,-17.952836990356445,-59.96443176269531,-29.98985481262207
35.11100922600002,waypoint_1,-17.985483169555664,-60.07991027832031,-29.989866256713867
35.14496244700001,waypoint_1,-18.011577606201172,-60.172332763671875,-29.989980697631836
35.17697830700001,waypoint_1,-18.037595748901367,-60.26480484008789,-29.99013328552246
35.21098974199998,waypoint_1,-18.063508987426758,-60.35729217529297,-29.990327835083008
35.244951361000005,waypoint_1,-18.089338302612305,-60.449737548828125,-29.990583419799805
35.27699412999999,waypoint_1,-18.11507797241211,-60.54210662841797,-29.99077033996582
35.31099648899999,waypoint_1,-18.14719581604004,-60.65744400024414,-29.990880966186523
35.344962407000025,waypoint_1,-18.172883987426758,-60.749603271484375,-29.99092674255371
35.376966772,waypoint_1,-18.198564529418945,-60.841705322265625,-29.990930557250977
35.41100196899998,waypoint_1,-18.224254608154297,-60.93379211425781,-29.990942001342773
35.44495490999998,waypoint_1,-18.249927520751953,-61.02587127685547,-29.990930557250977
35.47696408500002,waypoint_1,-18.275571823120117,-61.1179313659668,-29.990915298461914
35.51109476900001,waypoint_1,-18.3076114654541,-61.232933044433594,-29.990896224975586
35.54495746600003,waypoint_1,-18.333219528198242,-61.32481002807617,-29.99088478088379
35.57704640600002,waypoint_1,-18.35877227783203,-61.416568756103516,-29.990861892700195
35.61098295800002,waypoint_1,-18.384265899658203,-61.50822067260742,-29.990812301635742
35.645032931,waypoint_1,-18.40973472595215,-61.59978485107422,-29.990720748901367
35.67696296600002,waypoint_1,-18.4351863861084,-61.69126510620117,-29.99066734313965
35.711405678000006,waypoint_1,-18.466991424560547,-61.80555725097656,-29.990663528442383
35.74497441699998,waypoint_1,-18.49245262145996,-61.89695739746094,-29.99070930480957
35.77723338599998,waypoint_1,-18.517980575561523,-61.988365173339844,-29.990766525268555
35.81164662499998,waypoint_1,-18.543582916259766,-62.07973861694336,-29.990842819213867
35.844956964999994,waypoint_1,-18.569292068481445,-62.171104431152344,-29.991037368774414
35.87745520499999,waypoint_1,-18.595088958740234,-62.2624626159668,-29.991304397583008
35.91112437999999,waypoint_1,-18.6274356842041,-62.37661361694336,-29.991724014282227
35.944976177,waypoint_1,-18.653457641601562,-62.467952728271484,-29.992128372192383
35.97695400499998,waypoint_1,-18.67963981628418,-62.55939483642578,-29.992639541625977
36.01098606900001,waypoint_1,-18.70598602294922,-62.65090560913086,-29.993242263793945
36.044989977,waypoint_1,-18.73243522644043,-62.742454528808594,-29.993864059448242
36.07768398100001,waypoint_1,-18.759042739868164,-62.83399200439453,-29.994478225708008
36.11162462200002,waypoint_1,-18.79249382019043,-62.94841766357422,-29.995134353637695
36.14495774699998,waypoint_1,-18.819355010986328,-63.03996658325195,-29.995508193969727
36.17719326399998,waypoint_1,-18.846277236938477,-63.131614685058594,-29.995763778686523
36.21118499400001,waypoint_1,-18.873191833496094,-63.223289489746094,-29.995954513549805
36.245007516999976,waypoint_1,-18.9000244140625,-63.31498336791992,-29.996057510375977
36.277005766,waypoint_1,-18.926788330078125,-63.406700134277344,-29.9962100982666
36.31116405300003,waypoint_1,-18.96010971069336,-63.5213737487793,-29.996431350708008
36.344956594999985,waypoint_1,-18.98664665222168,-63.61316680908203,-29.996614456176758
36.37700210999998,waypoint_1,-19.0130672454834,-63.7049560546875,-29.99680519104004
36.411863611,waypoint_1,-19.039363861083984,-63.79673767089844,-29.99696159362793
36.44497833700001,waypoint_1,-19.0655460357666,-63.88856887817383,-29.997148513793945
36.477074969,waypoint_1,-19.091691970825195,-63.98044967651367,-29.997304916381836
36.51135770000002,waypoint_1,-19.124231338500977,-64.0953369140625,-29.997461318969727
36.54506876800002,waypoint_1,-19.150243759155273,-64.18724060058594,-29.997522354125977
36.57725089899998,waypoint_1,-19.176271438598633,-64.27912902832031,-29.997526168823242
36.61105287800001,waypoint_1,-19.20228385925293,-64.3709945678711,-29.997472763061523
36.644990158999974,waypoint_1,-19.22831916809082,-64.46289825439453,-29.99733543395996
36.677008039999976,waypoint_1,-19.254310607910156,-64.55484008789062,-29.99714469909668
36.71116186699999,waypoint_1,-19.286746978759766,-64.66986846923828,-29.99675178527832
36.744993136000005,waypoint_1,-19.31268882751465,-64.7619400024414,-29.996335983276367
36.777161035000006,waypoint_1,-19.338632583618164,-64.85406494140625,-29.995912551879883
36.811023464000016,waypoint_1,-19.364593505859375,-64.94623565673828,-29.995527267456055
36.84499166400002,waypoint_1,-19.390548706054688,-65.03839111328125,-29.995149612426758
36.87701222599998,waypoint_1,-19.416484832763672,-65.13055419921875,-29.994752883911133
36.911035986,waypoint_1,-19.448884963989258,-65.2457504272461,-29.994291305541992
36.944984406,waypoint_1,-19.47480010986328,-65.33790588378906,-29.99397087097168
36.97695939699997,waypoint_1,-19.500730514526367,-65.43008422851562,-29.993677139282227
37.01125559799999,waypoint_1,-19.526716232299805,-65.52230834960938,-29.99342918395996
37.04498156400001,waypoint_1,-19.552793502807617,-65.61454010009766,-29.993249893188477
37.077025628,waypoint_1,-19.578962326049805,-65.70679473876953,-29.99311637878418
37.11141333400002,waypoint_1,-19.61185073852539,-65.82215118408203,-29.993005752563477
37.144979525,waypoint_1,-19.638303756713867,-65.91443634033203,-29.992979049682617
37.17720237899999,waypoint_1,-19.66488265991211,-66.0067367553711,-29.993032455444336
37.21105820399998,waypoint_1,-19.69156837463379,-66.0990219116211,-29.99315071105957
37.244998936,waypoint_1,-19.718318939208984,-66.19126892089844,-29.99327278137207
37.27717739100001,waypoint_1,-19.74514389038086,-66.28348541259766,-29.99336814880371
37.311017393999975,waypoint_1,-19.778732299804688,-66.39879608154297,-29.9934024810791
37.344905961999984,waypoint_1,-19.80561637878418,-66.4910659790039,-29.993391036987305
37.377269755999976,waypoint_1,-19.83249855041504,-66.58333587646484,-29.993337631225586
37.411727101,waypoint_1,-19.859363555908203,-66.67559051513672,-29.993223190307617
37.44502237199998,waypoint_1,-19.886186599731445,-66.76782989501953,-29.99302101135254
37.477009736000014,waypoint_1,-19.91297149658203,-66.86007690429688,-29.992765426635742
37.51107087600002,waypoint_1,-19.94643783569336,-66.97543334960938,-29.9924373626709
37.54496895699998,waypoint_1,-19.973230361938477,-67.06776428222656,-29.992223739624023
37.57705380200002,waypoint_1,-20.000083923339844,-67.16012573242188,-29.9920597076416
37.61130718999999,waypoint_1,-20.026994705200195,-67.25247192382812,-29.991945266723633
37.64499098700003,waypoint_1,-20.053997039794922,-67.34475708007812,-29.991872787475586
37.67739030000001,waypoint_1,-20.081085205078125,-67.43698120117188,-29.991750717163086
37.71103763100001,waypoint_1,-20.115032196044922,-67.5521469116211,-29.991544723510742
37.74502678099998,waypoint_1,-20.142240524291992,-67.6441879272461,-29.991422653198242
37.7770046,waypoint_1,-20.169479370117188,-67.73615264892578,-29.991300582885742
37.811295512000015,waypoint_1,-20.19676399230957,-67.82805633544922,-29.991209030151367
37.845022169,waypoint_1,-20.22408676147461,-67.91992950439453,-29.991193771362305
37.87729228799998,waypoint_1,-20.251407623291016,-68.01177215576172,-29.991239547729492
37.911348976,waypoint_1,-20.285594940185547,-68.12653350830078,-29.991308212280273
37.94505076799999,waypoint_1,-20.312969207763672,-68.2184066772461,-29.991357803344727
37.977012581999986,waypoint_1,-20.340351104736328,-68.31037139892578,-29.991361618041992
38.01114694400002,waypoint_1,-20.367748260498047,-68.40242767333984,-29.9913272857666
38.045322741999996,waypoint_1,-20.395153045654297,-68.49456787109375,-29.991262435913086
38.07738389399998,waypoint_1,-20.422557830810547,-68.58674621582031,-29.99115562438965
38.11105963699998,waypoint_1,-20.456830978393555,-68.7020034790039,-29.9909725189209
38.14519722599999,waypoint_1,-20.484220504760742,-68.79420471191406,-29.99083137512207
38.17778452599998,waypoint_1,-20.511577606201172,-68.88633728027344,-29.990610122680664
38.211506696000015,waypoint_1,-20.538904190063477,-68.9784164428711,-29.99034309387207
38.24511970200001,waypoint_1,-20.566226959228516,-69.07044219970703,-29.990129470825195
38.27748313699999,waypoint_1,-20.593563079833984,-69.16239166259766,-29.989946365356445
38.31124730099998,waypoint_1,-20.627729415893555,-69.27725219726562,-29.989755630493164
38.344950790999974,waypoint_1,-20.655088424682617,-69.36912536621094,-29.989606857299805
38.37701547,waypoint_1,-20.682449340820312,-69.46101379394531,-29.989458084106445
38.411144673000024,waypoint_1,-20.70978355407715,-69.55289459228516,-29.98931312561035
38.445021456999996,waypoint_1,-20.73711585998535,-69.64476776123047,-29.98919105529785
38.47733082000002,waypoint_1,-20.76443099975586,-69.73660278320312,-29.9891300201416
38.511614537000014,waypoint_1,-20.798507690429688,-69.8513412475586,-29.989133834838867
38.545024065999996,waypoint_1,-20.825733184814453,-69.943115234375,-29.98919105529785
38.577166992,waypoint_1,-20.852914810180664,-70.03486633300781,-29.9892520904541
38.61140313200002,waypoint_1,-20.880022048950195,-70.12654113769531,-29.989282608032227
38.645085979999976,waypoint_1,-20.907047271728516,-70.21813201904297,-29.98927879333496
38.677263985000025,waypoint_1,-20.934011459350586,-70.3096694946289,-29.989259719848633
38.711585508999974,waypoint_1,-20.96765899658203,-70.42401123046875,-29.98920249938965
38.74502249699998,waypoint_1,-20.99457550048828,-70.51542663574219,-29.989110946655273
38.77717051799999,waypoint_1,-21.021507263183594,-70.6068115234375,-29.989004135131836
38.81254352899998,waypoint_1,-21.048450469970703,-70.69815826416016,-29.988908767700195
38.84624148099999,waypoint_1,-21.075403213500977,-70.78947448730469,-29.988801956176758
38.87846810299999,waypoint_1,-21.10236930847168,-70.88077545166016,-29.98870277404785
38.91280400900001,waypoint_1,-21.136066436767578,-70.99490356445312,-29.988630294799805
38.94659379799998,waypoint_1,-21.162988662719727,-71.08617401123047,-29.988645553588867
38.978357759000005,waypoint_1,-21.189889907836914,-71.17737579345703,-29.9887638092041
39.01254419200001,waypoint_1,-21.21676254272461,-71.26856994628906,-29.989011764526367
39.04621987500002,waypoint_1,-21.243619918823242,-71.35981750488281,-29.989458084106445
39.07891913899999,waypoint_1,-21.27047348022461,-71.45114135742188,-29.99005699157715
39.11239422599999,waypoint_1,-21.30404281616211,-71.5654296875,-29.991037368774414
39.146227427999975,waypoint_1,-21.330888748168945,-71.65702056884766,-29.991975784301758
39.17828914400002,waypoint_1,-21.357736587524414,-71.74874114990234,-29.993051528930664
39.212292273,waypoint_1,-21.38459014892578,-71.84046936035156,-29.994169235229492
39.246239299000024,waypoint_1,-21.41148567199707,-71.93220520019531,-29.995325088500977
39.27839270200002,waypoint_1,-21.438419342041016,-72.02392578125,-29.996511459350586
39.31248925900002,waypoint_1,-21.47211265563965,-72.13853454589844,-29.998014450073242
39.34621372800001,waypoint_1,-21.499109268188477,-72.230224609375,-29.999216079711914
39.37833683399998,waypoint_1,-21.52613639831543,-72.32188415527344,-30.000383377075195
39.41234925399999,waypoint_1,-21.5532283782959,-72.41362762451172,-30.001508712768555
39.446248862000004,waypoint_1,-21.580368041992188,-72.50544738769531,-30.00252342224121
39.479153371999985,waypoint_1,-21.607484817504883,-72.59732055664062,-30.0035343170166
39.51230136100003,waypoint_1,-21.641353607177734,-72.71224975585938,-30.004804611206055
39.546231567999996,waypoint_1,-21.668487548828125,-72.8043212890625,-30.005739212036133
39.57882333399999,waypoint_1,-21.69565200805664,-72.89645385742188,-30.006582260131836
39.61245853999998,waypoint_1,-21.722923278808594,-72.98861694335938,-30.007387161254883
39.64650272,waypoint_1,-21.75029754638672,-73.080810546875,-30.008153915405273
39.67880351100001,waypoint_1,-21.77779197692871,-73.1731185913086,-30.008909225463867
39.71227573200002,waypoint_1,-21.81229019165039,-73.28861999511719,-30.009798049926758
39.74626370599998,waypoint_1,-21.83998680114746,-73.3811264038086,-30.010461807250977
39.77878057999999,waypoint_1,-21.86773109436035,-73.47374725341797,-30.01104164123535
39.812966245999974,waypoint_1,-21.895538330078125,-73.5665054321289,-30.011499404907227
39.846266017000005,waypoint_1,-21.92331314086914,-73.65937805175781,-30.01188087463379
39.87895678199999,waypoint_1,-21.95106315612793,-73.75240325927734,-30.012258529663086
39.913529141000026,waypoint_1,-21.985647201538086,-73.86888122558594,-30.012754440307617
39.947450189999984,waypoint_1,-22.01324462890625,-73.96221160888672,-30.01311683654785
39.979490019000025,waypoint_1,-22.04077911376953,-74.05561065673828,-30.01340675354004
40.01343817100002,waypoint_1,-22.06824493408203,-74.1490249633789,-30.013601303100586
40.047538014,waypoint_1,-22.09564208984375,-74.24246978759766,-30.013715744018555
40.079839936999974,waypoint_1,-22.122888565063477,-74.33594512939453,-30.01373863220215
40.113487346,waypoint_1,-22.156818389892578,-74.45282745361328,-30.01365089416504
40.147512457000005,waypoint_1,-22.183876037597656,-74.54635620117188,-30.013517379760742
40.179448621999995,waypoint_1,-22.210824966430664,-74.63990783691406,-30.013341903686523
40.21425072400001,waypoint_1,-22.237672805786133,-74.73343658447266,-30.01313591003418
40.24743429799997,waypoint_1,-22.264442443847656,-74.82694244384766,-30.012868881225586
40.27968018199999,waypoint_1,-22.291147232055664,-74.92037200927734,-30.01255989074707
40.313482025999974,waypoint_1,-22.324378967285156,-75.03699493408203,-30.012048721313477
40.347514391000004,waypoint_2,-22.35087776184082,-75.13011932373047,-30.011568069458008
40.37961891200001,waypoint_2,-22.377277374267578,-75.22308349609375,-30.011613845825195
40.41385566600002,waypoint_2,-22.403545379638672,-75.31588745117188,-30.013219833374023
40.44748206600002,waypoint_2,-22.429521560668945,-75.40845489501953,-30.016374588012695
40.479746417,waypoint_2,-22.45488739013672,-75.50069427490234,-30.020830154418945
40.514229632000024,waypoint_2,-22.484994888305664,-75.61549377441406,-30.027708053588867
40.54971676700001,waypoint_2,-22.50717544555664,-75.70679473876953,-30.03375816345215
40.58271887400002,waypoint_2,-22.527143478393555,-75.79752349853516,-30.03986167907715
40.616720138999995,waypoint_2,-22.544511795043945,-75.88764953613281,-30.045671463012695
40.650718783,waypoint_2,-22.558887481689453,-75.97713470458984,-30.050935745239258
40.682774352000024,waypoint_2,-22.570003509521484,-76.06584930419922,-30.055444717407227
40.71673401300001,waypoint_2,-22.578950881958008,-76.17571258544922,-30.05982780456543
40.750766940000005,waypoint_2,-22.581966400146484,-76.26277923583984,-30.0622615814209
40.78275090300002,waypoint_2,-22.581377029418945,-76.34915924072266,-30.06379508972168
40.81677577200003,waypoint_2,-22.57697868347168,-76.434814453125,-30.064420700073242
40.850680528,waypoint_2,-22.56870460510254,-76.51978302001953,-30.064172744750977
40.88274072899998,waypoint_2,-22.556529998779297,-76.6041259765625,-30.063142776489258
40.916759845,waypoint_2,-22.535917282104492,-76.708740234375,-30.060903549194336
40.950695741000004,waypoint_2,-22.515281677246094,-76.79183197021484,-30.058515548706055
40.98271955400003,waypoint_2,-22.491100311279297,-76.87445068359375,-30.055715560913086
41.016749498000024,waypoint_2,-22.46354103088379,-76.9566650390625,-30.052602767944336
41.05074227099999,waypoint_2,-22.43301010131836,-77.03849029541016,-30.049283981323242
41.08271629000001,waypoint_2,-22.399578094482422,-77.11994934082031,-30.045839309692383
41.11676444300002,waypoint_2,-22.354040145874023,-77.22132110595703,-30.041414260864258
41.15074034600002,waypoint_2,-22.31488800048828,-77.30211639404297,-30.037832260131836
41.18270389899999,waypoint_2,-22.2735595703125,-77.38267517089844,-30.03431510925293
41.21680209300001,waypoint_2,-22.23028564453125,-77.46302795410156,-30.0308895111084
41.25070114700003,waypoint_2,-22.18522071838379,-77.54322814941406,-30.02765464782715
41.28274586600003,waypoint_2,-22.138484954833984,-77.62334442138672,-30.024568557739258
41.317021462000014,waypoint_2,-22.07801628112793,-77.723388671875,-30.020933151245117
41.350706521999996,waypoint_2,-22.028156280517578,-77.80341339111328,-30.01816749572754
41.38272679200003,waypoint_2,-21.977155685424805,-77.88345336914062,-30.015531539916992
41.416773524999996,waypoint_2,-21.925151824951172,-77.96349334716797,-30.013032913208008
41.45069160100002,waypoint_2,-21.872228622436523,-78.04353332519531,-30.01066017150879
41.48276519000001,waypoint_2,-21.818439483642578,-78.12358856201172,-30.008398056030273
41.516812619999996,waypoint_2,-21.75013542175293,-78.2236557006836,-30.00579261779785
41.55071220299999,waypoint_2,-21.69481658935547,-78.30368041992188,-30.003957748413086
41.582749191000005,waypoint_2,-21.63901710510254,-78.38365173339844,-30.0023136138916
41.61677769300002,waypoint_2,-21.58281707763672,-78.46363067626953,-30.000886917114258
41.65071710799998,waypoint_2,-21.526290893554688,-78.54361724853516,-29.999624252319336
41.682709402,waypoint_2,-21.469524383544922,-78.62361907958984,-29.998506546020508
41.71675247600001,waypoint_2,-21.398286819458008,-78.72360229492188,-29.9973087310791
41.750698656,waypoint_2,-21.34114646911621,-78.80357360839844,-29.996488571166992
41.782717307999974,waypoint_2,-21.283952713012695,-78.88352966308594,-29.995779037475586
41.81674107600003,waypoint_2,-21.22675895690918,-78.96350860595703,-29.99515724182129
41.85072447700003,waypoint_2,-21.169551849365234,-79.04340362548828,-29.99466896057129
41.88279038799999,waypoint_2,-21.112462997436523,-79.12325286865234,-29.99427604675293
41.916763117000016,waypoint_2,-21.04123878479004,-79.22300720214844,-29.99388313293457
41.95071513200003,waypoint_2,-20.98439598083496,-79.30277252197266,-29.993623733520508
41.98270265299999,waypoint_2,-20.92764663696289,-79.38250732421875,-29.99342155456543
42.016754873000025,waypoint_2,-20.870946884155273,-79.46229553222656,-29.993249893188477
42.05071115099997,waypoint_2,-20.81431770324707,-79.54216766357422,-29.99311637878418
42.082713033999994,waypoint_2,-20.757801055908203,-79.62214660644531,-29.993017196655273
42.11707165299998,waypoint_2,-20.687252044677734,-79.72212219238281,-29.992921829223633
42.15070379399998,waypoint_2,-20.631031036376953,-79.8021240234375,-29.992815017700195
42.182861312,waypoint_2,-20.574941635131836,-79.88212585449219,-29.99274253845215
42.21683417899999,waypoint_2,-20.518962860107422,-79.96212005615234,-29.992677688598633
42.25070764700001,waypoint_2,-20.463111877441406,-80.04207611083984,-29.99251365661621
42.28280797100001,waypoint_2,-20.407379150390625,-80.12198638916016,-29.992319107055664
42.31696542399999,waypoint_2,-20.337772369384766,-80.22180938720703,-29.992067337036133
42.35075042099999,waypoint_2,-20.282228469848633,-80.3016586303711,-29.991853713989258
42.38277919699999,waypoint_2,-20.226713180541992,-80.38138580322266,-29.991579055786133
42.41679950299999,waypoint_2,-20.171340942382812,-80.46097564697266,-29.991239547729492
42.45074169399999,waypoint_2,-20.116092681884766,-80.5404052734375,-29.990957260131836
42.48275779699998,waypoint_2,-20.06093978881836,-80.6196517944336,-29.990747451782227
42.51675792100002,waypoint_2,-19.992076873779297,-80.71842193603516,-29.99058723449707
42.550726123000004,waypoint_2,-19.937158584594727,-80.79724884033203,-29.990507125854492
42.582739462999996,waypoint_2,-19.882286071777344,-80.87591552734375,-29.99042320251465
42.61676839400002,waypoint_2,-19.827417373657227,-80.95442962646484,-29.990388870239258
42.650895467,waypoint_2,-19.772478103637695,-81.03278350830078,-29.990293502807617
42.68271800500003,waypoint_2,-19.717498779296875,-81.11100006103516,-29.99024772644043
42.71682505199999,waypoint_2,-19.64868927001953,-81.20855712890625,-29.99027442932129
42.75202977600003,waypoint_2,-19.593605041503906,-81.28643798828125,-29.990358352661133
42.78435651900003,waypoint_2,-19.538433074951172,-81.36418914794922,-29.990427017211914
42.81915521600001,waypoint_2,-19.483131408691406,-81.44185638427734,-29.990510940551758
42.85319734500001,waypoint_2,-19.42774200439453,-81.51951599121094,-29.99070167541504
42.88518590299998,waypoint_2,-19.372203826904297,-81.5971908569336,-29.990907669067383
42.91919878599998,waypoint_2,-19.302513122558594,-81.69420623779297,-29.991167068481445
42.95317233000003,waypoint_2,-19.246599197387695,-81.77177429199219,-29.991334915161133
42.98615119499999,waypoint_2,-19.190536499023438,-81.84932708740234,-29.991464614868164
43.020218903,waypoint_2,-19.134279251098633,-81.92680358886719,-29.991506576538086
43.05211805599998,waypoint_2,-19.077856063842773,-82.00418090820312,-29.991548538208008
43.08615891300002,waypoint_2,-19.00716209411621,-82.10079956054688,-29.991548538208008
43.120169912999984,waypoint_2,-18.95053482055664,-82.17803192138672,-29.991506576538086
43.152163574999975,waypoint_2,-18.893789291381836,-82.25519561767578,-29.9914608001709
43.18614699,waypoint_2,-18.836965560913086,-82.33231353759766,-29.99138832092285
43.22017434600002,waypoint_2,-18.78004264831543,-82.4094009399414,-29.991304397583008
43.25214723900001,waypoint_2,-18.723045349121094,-82.48645782470703,-29.991147994995117
43.28614794399999,waypoint_2,-18.651721954345703,-82.58283996582031,-29.990896224975586
43.32015025800001,waypoint_2,-18.594554901123047,-82.65995025634766,-29.99067497253418
43.35213964600001,waypoint_2,-18.53731918334961,-82.73706817626953,-29.990446090698242
43.38618722699999,waypoint_2,-18.48000717163086,-82.81420135498047,-29.990236282348633
43.42016266500002,waypoint_2,-18.422561645507812,-82.89130401611328,-29.990053176879883
43.45215838299998,waypoint_2,-18.36504554748535,-82.96835327148438,-29.989721298217773
43.48614548299997,waypoint_2,-18.292993545532227,-83.06462860107422,-29.989107131958008
43.520155898999974,waypoint_2,-18.235210418701172,-83.14161682128906,-29.988515853881836
43.55213771900003,waypoint_2,-18.177335739135742,-83.21858215332031,-29.98784828186035
43.586172171999976,waypoint_2,-18.11945343017578,-83.2955322265625,-29.987096786499023
43.62018155200002,waypoint_2,-18.061603546142578,-83.37247467041016,-29.986326217651367
43.65216310599999,waypoint_2,-18.003767013549805,-83.44940948486328,-29.985567092895508
43.68615552900002,waypoint_2,-17.931467056274414,-83.54554748535156,-29.984708786010742
43.720166495,waypoint_2,-17.87361717224121,-83.62239074707031,-29.984106063842773
43.752187203000005,waypoint_2,-17.815759658813477,-83.69917297363281,-29.983598709106445
43.786156274999996,waypoint_2,-17.757905960083008,-83.77587127685547,-29.983125686645508
43.82019097,waypoint_2,-17.700069427490234,-83.85247039794922,-29.982683181762695
43.852135266000005,waypoint_2,-17.642194747924805,-83.92897033691406,-29.98232078552246
43.886151747999975,waypoint_2,-17.569782257080078,-84.02446746826172,-29.981924057006836
43.92022415600002,waypoint_2,-17.511791229248047,-84.10079956054688,-29.981679916381836
43.952177114999984,waypoint_2,-17.4537353515625,-84.17705535888672,-29.981538772583008
43.986224031000006,waypoint_2,-17.39568328857422,-84.25321960449219,-29.98139762878418
44.020174698999995,waypoint_2,-17.337688446044922,-84.32933044433594,-29.981245040893555
44.05217729200001,waypoint_2,-17.27972984313965,-84.4054183959961,-29.98105812072754
44.08615169699999,waypoint_2,-17.207231521606445,-84.5004653930664,-29.980878829956055
44.12016563499998,waypoint_2,-17.149179458618164,-84.57638549804688,-29.980791091918945
44.152246622999996,waypoint_2,-17.091035842895508,-84.6522216796875,-29.98069953918457
44.186139844000024,waypoint_2,-17.032794952392578,-84.72798919677734,-29.980680465698242
44.220162931999994,waypoint_2,-16.974435806274414,-84.8037109375,-29.980745315551758
44.25216017299999,waypoint_2,-16.915958404541016,-84.8793716430664,-29.980878829956055
44.286174066,waypoint_2,-16.842594146728516,-84.973876953125,-29.9811954498291
44.32020798299999,waypoint_2,-16.783735275268555,-85.0494384765625,-29.981569290161133
44.35221302100001,waypoint_2,-16.72475242614746,-85.125,-29.98204231262207
44.386166050999975,waypoint_2,-16.665693283081055,-85.20060729980469,-29.982561111450195
44.420175915000016,waypoint_2,-16.60654640197754,-85.27630615234375,-29.983110427856445
44.45273045599998,waypoint_2,-16.547359466552734,-85.35211944580078,-29.9836368560791
44.48615707800002,waypoint_2,-16.473323822021484,-85.44696044921875,-29.984243392944336
44.52015443900001,waypoint_2,-16.414060592651367,-85.52288055419922,-29.98467445373535
44.552203012999996,waypoint_2,-16.35478973388672,-85.59884643554688,-29.985055923461914
44.586166821000006,waypoint_2,-16.295543670654297,-85.67485046386719,-29.985380172729492
44.620209509000006,waypoint_2,-16.236324310302734,-85.75088500976562,-29.98566246032715
44.65320506299997,waypoint_2,-16.177127838134766,-85.82693481445312,-29.9859561920166
44.687230596000006,waypoint_2,-16.10311508178711,-85.92204284667969,-29.986299514770508
44.72122483300001,waypoint_2,-16.04388427734375,-85.9981918334961,-29.98655891418457
44.753408455,waypoint_2,-15.984623908996582,-86.07434844970703,-29.986825942993164
44.787229577999994,waypoint_2,-15.925328254699707,-86.15052795410156,-29.987031936645508
44.822566016999986,waypoint_2,-15.866022109985352,-86.22674560546875,-29.98719596862793
44.854539386,waypoint_2,-15.806745529174805,-86.30302429199219,-29.98736000061035
44.888551737,waypoint_2,-15.732702255249023,-86.39839172363281,-29.987573623657227
44.923611359000006,waypoint_2,-15.673516273498535,-86.47467041015625,-29.987749099731445
44.95555803899998,waypoint_2,-15.614371299743652,-86.55093383789062,-29.987913131713867
44.98959046599998,waypoint_2,-15.555228233337402,-86.62720489501953,-29.988096237182617
45.02358908299999,waypoint_2,-15.496048927307129,-86.70343017578125,-29.988313674926758
45.05555195199997,waypoint_2,-15.436832427978516,-86.77959442138672,-29.988534927368164
45.089567371999976,waypoint_2,-15.362798690795898,-86.87472534179688,-29.98885154724121
45.12359839700002,waypoint_2,-15.303553581237793,-86.95075225830078,-29.98912239074707
45.15660256299998,waypoint_2,-15.244275093078613,-87.02669525146484,-29.989362716674805
45.19055869099998,waypoint_2,-15.184915542602539,-87.10254669189453,-29.989492416381836
45.224582079000015,waypoint_2,-15.125508308410645,-87.17829895019531,-29.989526748657227
45.25660081900003,waypoint_2,-15.066060066223145,-87.25396728515625,-29.989538192749023
45.29056615899998,waypoint_2,-14.9917573928833,-87.34841918945312,-29.989439010620117
45.32572145500001,waypoint_2,-14.932358741760254,-87.42382049560547,-29.989233016967773
45.357633057999976,waypoint_2,-14.8729829788208,-87.49911499023438,-29.988920211791992
45.39162832699998,waypoint_2,-14.813614845275879,-87.57433319091797,-29.988557815551758
45.42568553699999,waypoint_2,-14.754253387451172,-87.6495132446289,-29.9881534576416
45.45762330299999,waypoint_2,-14.694886207580566,-87.72462463378906,-29.987653732299805
45.491632117999984,waypoint_2,-14.620627403259277,-87.81844329833984,-29.986967086791992
45.52567851600003,waypoint_2,-14.561199188232422,-87.89344787597656,-29.986364364624023
45.55761551699999,waypoint_2,-14.501792907714844,-87.96841430664062,-29.98579978942871
45.59161711399997,waypoint_2,-14.442445755004883,-88.04328918457031,-29.98531150817871
45.625719720999996,waypoint_2,-14.383147239685059,-88.11805725097656,-29.984888076782227
45.65762818899998,waypoint_2,-14.323911666870117,-88.19267272949219,-29.984468460083008
45.691618903000006,waypoint_2,-14.249914169311523,-88.28575897216797,-29.984060287475586
45.725663955000016,waypoint_2,-14.190826416015625,-88.36009216308594,-29.98380470275879
45.757637198,waypoint_2,-14.131756782531738,-88.43441009521484,-29.98358726501465
45.79165187299998,waypoint_2,-14.072745323181152,-88.50872039794922,-29.983339309692383
45.827004983999984,waypoint_2,-14.013765335083008,-88.58306121826172,-29.98307228088379
45.85894794000001,waypoint_2,-13.954888343811035,-88.65740966796875,-29.982797622680664
45.892965742,waypoint_2,-13.881377220153809,-88.7503433227539,-29.982431411743164
45.92697699799999,waypoint_2,-13.82259464263916,-88.82471466064453,-29.982057571411133
45.959993352000026,waypoint_2,-13.763798713684082,-88.89915466308594,-29.981645584106445
45.99399629599998,waypoint_2,-13.705015182495117,-88.9736557006836,-29.98125648498535
46.028014477,waypoint_2,-13.646220207214355,-89.04818725585938,-29.980905532836914
46.059978864000016,waypoint_2,-13.587385177612305,-89.12281036376953,-29.98066520690918
46.09397925100001,waypoint_2,-13.513823509216309,-89.21622467041016,-29.980493545532227
46.12805366600003,waypoint_2,-13.454880714416504,-89.29100799560547,-29.980405807495117
46.159989241999995,waypoint_2,-13.395829200744629,-89.36581420898438,-29.980329513549805
46.193987849999985,waypoint_2,-13.33673095703125,-89.44066619873047,-29.98029136657715
46.22920748600001,waypoint_2,-13.277636528015137,-89.51554107666016,-29.980283737182617
46.26118761700002,waypoint_2,-13.218517303466797,-89.59043884277344,-29.98032569885254
46.295209640999985,waypoint_2,-13.144695281982422,-89.68407440185547,-29.980436325073242
46.32927418999998,waypoint_2,-13.085670471191406,-89.759033203125,-29.980566024780273
46.36244202199998,waypoint_2,-13.02668571472168,-89.83402252197266,-29.980730056762695
46.396426733,waypoint_2,-12.967748641967773,-89.9090576171875,-29.980905532836914
46.43045938199998,waypoint_2,-12.908830642700195,-89.98414611816406,-29.981111526489258
46.46243934400002,waypoint_2,-12.849929809570312,-90.05928802490234,-29.98137855529785
46.49643028999998,waypoint_2,-12.776344299316406,-90.15330505371094,-29.981782913208008
46.53047494200001,waypoint_2,-12.71754264831543,-90.22859191894531,-29.982179641723633
46.56245488799999,waypoint_2,-12.658884048461914,-90.3039321899414,-29.982664108276367
46.596490664999976,waypoint_2,-12.600322723388672,-90.37934875488281,-29.983163833618164
46.63052084999998,waypoint_2,-12.541906356811523,-90.45482635498047,-29.983713150024414
46.662431217999995,waypoint_2,-12.483556747436523,-90.53034973144531,-29.984376907348633
46.696430899000006,waypoint_2,-12.410651206970215,-90.62491607666016,-29.985197067260742
46.730474250999976,waypoint_2,-12.352339744567871,-90.7007064819336,-29.985849380493164
46.763446069999986,waypoint_2,-12.294026374816895,-90.77659606933594,-29.986520767211914
46.79750591999999,waypoint_2,-12.23568058013916,-90.85260772705078,-29.987184524536133
46.831490175,waypoint_2,-12.17731761932373,-90.9287338256836,-29.98780632019043
46.863467766999975,waypoint_2,-12.118977546691895,-91.00495910644531,-29.98836326599121
46.897449000999984,waypoint_2,-12.0460786819458,-91.10037994384766,-29.98893928527832
46.931507028,waypoint_2,-11.987712860107422,-91.17681121826172,-29.98930549621582
46.963442354999984,waypoint_2,-11.929264068603516,-91.2533187866211,-29.989545822143555
46.99748211399998,waypoint_2,-11.870783805847168,-91.32984924316406,-29.989721298217773
47.031505469000024,waypoint_2,-11.812301635742188,-91.40641784667969,-29.989843368530273
47.064487944999996,waypoint_2,-11.75381088256836,-91.4830093383789,-29.98988914489746
47.098541762000025,waypoint_2,-11.680630683898926,-91.5787582397461,-29.989965438842773
47.132612773999995,waypoint_2,-11.622051239013672,-91.65538787841797,-29.990079879760742
47.16451323199999,waypoint_2,-11.56344985961914,-91.7320327758789,-29.990243911743164
47.19851734399998,waypoint_2,-11.504822731018066,-91.8086929321289,-29.990354537963867
47.23268641499999,waypoint_2,-11.446106910705566,-91.88541412353516,-29.990427017211914
47.264522226,waypoint_2,-11.387274742126465,-91.9621810913086,-29.990503311157227
47.298506644999975,waypoint_2,-11.313469886779785,-92.05811309814453,-29.990549087524414
47.332587613999976,waypoint_2,-11.254260063171387,-92.13480377197266,-29.990530014038086
47.364499932,waypoint_2,-11.194933891296387,-92.21149444580078,-29.990468978881836
47.398503344000005,waypoint_2,-11.135565757751465,-92.2882080078125,-29.990365982055664
47.432623689000025,waypoint_2,-11.076126098632812,-92.36495971679688,-29.990236282348633
47.46448470299998,waypoint_2,-11.016606330871582,-92.44171905517578,-29.990102767944336
47.498500577000016,waypoint_2,-10.942120552062988,-92.53765869140625,-29.989973068237305
47.532587510999974,waypoint_2,-10.882478713989258,-92.6144027709961,-29.98990821838379
47.56451554199998,waypoint_2,-10.82276439666748,-92.69110107421875,-29.989892959594727
47.59853548500001,waypoint_2,-10.762974739074707,-92.76776885986328,-29.989900588989258
47.63260959799999,waypoint_2,-10.703125953674316,-92.84442138671875,-29.989912033081055
47.664489420999985,waypoint_2,-10.643267631530762,-92.92108917236328,-29.98991584777832
47.69852476400001,waypoint_2,-10.568437576293945,-93.01688385009766,-29.990015029907227
47.73258938700002,waypoint_2,-10.508605003356934,-93.09352111816406,-29.990114212036133
47.76450233999998,waypoint_2,-10.4487943649292,-93.17019653320312,-29.99016761779785
47.798513829,waypoint_2,-10.388973236083984,-93.24688720703125,-29.990144729614258
47.83263269399998,waypoint_2,-10.32914924621582,-93.32356262207031,-29.990060806274414
47.86450779500001,waypoint_2,-10.269362449645996,-93.40025329589844,-29.989912033081055
47.898551311000006,waypoint_2,-10.194741249084473,-93.49613952636719,-29.98980140686035
47.93382292899997,waypoint_2,-10.135159492492676,-93.57284545898438,-29.989789962768555
47.96568289300001,waypoint_2,-10.075675964355469,-93.64955139160156,-29.989850997924805
47.99975728499999,waypoint_2,-10.016294479370117,-93.72624969482422,-29.989946365356445
48.03379404100002,waypoint_2,-9.957008361816406,-93.80292510986328,-29.99004554748535
48.06568675599999,waypoint_2,-9.897774696350098,-93.87957763671875,-29.990163803100586
48.09971109200001,waypoint_2,-9.823798179626465,-93.975341796875,-29.990354537963867
48.133826664000026,waypoint_2,-9.764657974243164,-94.05184936523438,-29.990522384643555
48.165648920000024,waypoint_2,-9.705588340759277,-94.12828063964844,-29.99066734313965
48.199697919000016,waypoint_2,-9.646641731262207,-94.20465850830078,-29.990758895874023
48.233842349999975,waypoint_2,-9.587868690490723,-94.28092193603516,-29.99076271057129
48.265649498000016,waypoint_2,-9.529289245605469,-94.35709381103516,-29.99070930480957
48.29967882699998,waypoint_2,-9.456307411193848,-94.45230102539062,-29.9906063079834
48.33376202900001,waypoint_2,-9.39809799194336,-94.52848052978516,-29.990507125854492
48.365701011,waypoint_2,-9.339966773986816,-94.60472106933594,-29.990385055541992
48.399677628999996,waypoint_2,-9.281885147094727,-94.68098449707031,-29.990198135375977
48.43372217699999,waypoint_2,-9.223847389221191,-94.75724792480469,-29.989973068237305
48.46567450600003,waypoint_2,-9.165851593017578,-94.83351135253906,-29.9897518157959
48.49963639200001,waypoint_2,-9.093411445617676,-94.92884826660156,-29.98948097229004
48.53372858199998,waypoint_2,-9.035518646240234,-95.00516510009766,-29.989286422729492
48.565639454999996,waypoint_2,-8.977683067321777,-95.08155059814453,-29.989107131958008
48.59964137200001,waypoint_2,-8.919910430908203,-95.15801239013672,-29.98890495300293
48.633710189,waypoint_2,-8.862171173095703,-95.23455810546875,-29.9886531829834
48.66566776100001,waypoint_2,-8.80444622039795,-95.3111572265625,-29.98842430114746
48.69967167599998,waypoint_2,-8.732260704040527,-95.40703582763672,-29.988187789916992
48.73375052199998,waypoint_2,-8.674544334411621,-95.4837875366211,-29.98802375793457
48.76671939300002,waypoint_2,-8.616862297058105,-95.560546875,-29.987836837768555
48.80078112699999,waypoint_2,-8.559192657470703,-95.63732147216797,-29.987695693969727
48.834868269000026,waypoint_2,-8.5015287399292,-95.71410369873047,-29.987585067749023
48.86674364200002,waypoint_2,-8.443903923034668,-95.7909164428711,-29.987462997436523
48.900732000999994,waypoint_2,-8.371910095214844,-95.88695526123047,-29.9872989654541
48.93485995899999,waypoint_2,-8.314309120178223,-95.9637680053711,-29.98713493347168
48.96675885600001,waypoint_2,-8.25661849975586,-96.04054260253906,-29.9869441986084
49.000767954000025,waypoint_2,-8.198897361755371,-96.1172866821289,-29.986730575561523
49.03494146999998,waypoint_2,-8.141151428222656,-96.19400787353516,-29.986509323120117
49.06670852899998,waypoint_2,-8.08336067199707,-96.27070617675781,-29.986371994018555
49.10072354900001,waypoint_2,-8.01108169555664,-96.36656951904297,-29.98631477355957
49.13493395300003,waypoint_2,-7.953211307525635,-96.44319915771484,-29.98634147644043
49.16677406500003,waypoint_2,-7.895300388336182,-96.51980590820312,-29.98636817932129
49.200795081000024,waypoint_2,-7.837332248687744,-96.596435546875,-29.986387252807617
49.23482416000002,waypoint_2,-7.7793145179748535,-96.67310333251953,-29.986413955688477
49.266699270000004,waypoint_2,-7.721251010894775,-96.74981689453125,-29.986413955688477
49.30071847200003,waypoint_2,-7.648601055145264,-96.84574890136719,-29.986318588256836
49.33489334000001,waypoint_2,-7.590416431427002,-96.92259979248047,-29.98613166809082
49.36789638800002,waypoint_2,-7.532193183898926,-96.99958038330078,-29.985902786254883
49.401918292000005,waypoint_2,-7.473940372467041,-97.07667541503906,-29.985692977905273
49.43620463899998,waypoint_2,-7.415677070617676,-97.15387725830078,-29.985502243041992
49.46914723399999,waypoint_2,-7.357375144958496,-97.23121643066406,-29.98527717590332
49.50332115100002,waypoint_2,-7.28441858291626,-97.32795715332031,-29.985029220581055
49.53785688300002,waypoint_2,-7.226022243499756,-97.4053955078125,-29.984838485717773
49.569110669,waypoint_2,-7.167617321014404,-97.48282623291016,-29.98466682434082
49.60313368999999,waypoint_2,-7.1092424392700195,-97.56026458740234,-29.98451805114746
49.637487111999974,waypoint_2,-7.05086612701416,-97.6376953125,-29.984384536743164
49.66908849399999,waypoint_2,-6.992514610290527,-97.7151107788086,-29.98426628112793
49.70350578,waypoint_2,-6.919702529907227,-97.81185150146484,-29.984251022338867
49.73773639500001,waypoint_2,-6.861537933349609,-97.88919067382812,-29.984342575073242
49.76908234199999,waypoint_2,-6.803413391113281,-97.96647644042969,-29.984487533569336
49.80324290499999,waypoint_2,-6.745424270629883,-98.04365539550781,-29.98465919494629
49.837750599,waypoint_2,-6.68753719329834,-98.12075805664062,-29.984830856323242
49.869106483999985,waypoint_2,-6.6296610832214355,-98.19775390625,-29.984994888305664
49.90350391599998,waypoint_2,-6.5573320388793945,-98.2938232421875,-29.985143661499023
49.93805992900002,waypoint_2,-6.499505519866943,-98.37057495117188,-29.985246658325195
49.970234284000014,waypoint_2,-6.4416961669921875,-98.4472885131836,-29.98530387878418
50.00418244100001,waypoint_2,-6.383887767791748,-98.52396392822266,-29.98536491394043
50.03880603099998,waypoint_2,-6.326098918914795,-98.60063934326172,-29.985441207885742
50.07019916399997,waypoint_2,-6.2683539390563965,-98.6772689819336,-29.985445022583008
50.104756923000025,waypoint_2,-6.196249008178711,-98.77304077148438,-29.985273361206055
50.13872798,waypoint_2,-6.138645648956299,-98.84963989257812,-29.985036849975586
50.17039487599999,waypoint_2,-6.081105709075928,-98.92619323730469,-29.9847354888916
50.205321087000016,waypoint_2,-6.023651123046875,-99.00270080566406,-29.9843692779541
50.23933537800002,waypoint_2,-5.96629524230957,-99.07919311523438,-29.98390007019043
50.271313625999994,waypoint_2,-5.9089765548706055,-99.15567016601562,-29.9832706451416
50.30545660299998,waypoint_2,-5.837366104125977,-99.25126647949219,-29.98246192932129
50.33990930499999,waypoint_2,-5.780135154724121,-99.32769012451172,-29.981813430786133
50.37130002800001,waypoint_2,-5.72293758392334,-99.404052734375,-29.98113441467285
50.40524663000002,waypoint_2,-5.665740966796875,-99.48038482666016,-29.9804630279541
50.43992495399999,waypoint_2,-5.608529567718506,-99.55671691894531,-29.97983741760254
50.471215144999974,waypoint_2,-5.551326751708984,-99.63306427001953,-29.97922706604004
50.50529648700001,waypoint_2,-5.479787826538086,-99.728515625,-29.97852897644043
50.540548521000005,waypoint_2,-5.422518253326416,-99.80488586425781,-29.978044509887695
50.572570196000015,waypoint_2,-5.365248680114746,-99.88127899169922,-29.977663040161133
50.60645267000001,waypoint_2,-5.307962417602539,-99.95768737792969,-29.977407455444336
50.640488772000026,waypoint_2,-5.2506794929504395,-100.03411102294922,-29.977243423461914
50.67242590799998,waypoint_2,-5.193391799926758,-100.11056518554688,-29.97710609436035
50.706446759000016,waypoint_2,-5.121780872344971,-100.20616149902344,-29.976964950561523
50.74060632200002,waypoint_2,-5.064489364624023,-100.28263854980469,-29.97691535949707
50.772496692000004,waypoint_2,-5.007148265838623,-100.35912322998047,-29.976930618286133
50.806423537,waypoint_2,-4.9497199058532715,-100.43560791015625,-29.976903915405273
50.840613873999985,waypoint_2,-4.892249584197998,-100.51209259033203,-29.97684669494629
50.87273474800003,waypoint_2,-4.834686279296875,-100.58858489990234,-29.976728439331055
50.90651120899997,waypoint_2,-4.762606143951416,-100.6842269897461,-29.976572036743164
50.940492748,waypoint_2,-4.704846382141113,-100.76078796386719,-29.976438522338867
50.972441629,waypoint_2,-4.6469831466674805,-100.83740234375,-29.976308822631836
51.006478018999985,waypoint_2,-4.589020729064941,-100.91404724121094,-29.97614860534668
51.04069388900001,waypoint_2,-4.530996799468994,-100.99073028564453,-29.975934982299805
51.07244920400001,waypoint_2,-4.472933769226074,-101.06746673583984,-29.97565269470215
51.106492075000006,waypoint_2,-4.400348663330078,-101.16341400146484,-29.975248336791992
51.140629425999975,waypoint_2,-4.342255592346191,-101.24015045166016,-29.974836349487305
51.17317432300001,waypoint_2,-4.28413200378418,-101.31690216064453,-29.974348068237305
51.206608647999985,waypoint_2,-4.225975513458252,-101.39363861083984,-29.973833084106445
51.24098694000003,waypoint_2,-4.167767524719238,-101.47036743164062,-29.973302841186523
51.27243298600001,waypoint_2,-4.109519004821777,-101.54710388183594,-29.972787857055664
51.30643972400003,waypoint_2,-4.036655902862549,-101.64310455322266,-29.972150802612305
51.34085871299999,waypoint_2,-3.9782989025115967,-101.71995544433594,-29.971643447875977
51.37254773500001,waypoint_2,-3.919980764389038,-101.79682922363281,-29.97120475769043
51.40647665900002,waypoint_2,-3.861748218536377,-101.8736801147461,-29.97074317932129
51.44051980400002,waypoint_2,-3.8036348819732666,-101.95052337646484,-29.97023582458496
51.47302583700002,waypoint_2,-3.7456231117248535,-102.02738189697266,-29.9697322845459
51.50648822900001,waypoint_2,-3.6732325553894043,-102.12355041503906,-29.96904182434082
51.54142846799999,waypoint_2,-3.6154379844665527,-102.20056915283203,-29.968446731567383
51.57250229900001,waypoint_2,-3.5577404499053955,-102.27762603759766,-29.967844009399414
51.606456709999975,waypoint_2,-3.5001325607299805,-102.35466766357422,-29.967248916625977
51.640605746000006,waypoint_2,-3.4426119327545166,-102.43173217773438,-29.96668815612793
51.69290469800001,waypoint_2,-3.3851354122161865,-102.50880432128906,-29.96607780456543
51.72785129599998,waypoint_2,-3.3133761882781982,-102.60515594482422,-29.965208053588867
51.76299314900001,waypoint_2,-3.2560677528381348,-102.68226623535156,-29.964433670043945
51.79494266400002,waypoint_2,-3.198864459991455,-102.75940704345703,-29.96360206604004
51.82891612999998,waypoint_2,-3.1417062282562256,-102.83655548095703,-29.96274757385254
51.862944287000005,waypoint_2,-3.0845985412597656,-102.91370391845703,-29.961885452270508
51.89489952100001,waypoint_2,-3.027552604675293,-102.9908447265625,-29.961076736450195
51.928973025999994,waypoint_2,-2.9563703536987305,-103.0872802734375,-29.96010398864746
51.962992335000024,waypoint_2,-2.899531602859497,-103.16446685791016,-29.959360122680664
51.994917074,waypoint_2,-2.8428194522857666,-103.2417221069336,-29.95872688293457
52.02893861899997,waypoint_2,-2.7861826419830322,-103.3190689086914,-29.958192825317383
52.062944406999975,waypoint_2,-2.7296195030212402,-103.39649200439453,-29.957731246948242
52.09490606600002,waypoint_2,-2.6731271743774414,-103.47400665283203,-29.957353591918945
52.12895776200003,waypoint_2,-2.6026666164398193,-103.57106018066406,-29.9570255279541
52.16294484000002,waypoint_2,-2.5463950634002686,-103.64883422851562,-29.95684242248535
52.19493103100001,waypoint_2,-2.490186929702759,-103.72665405273438,-29.956743240356445
52.22892573600001,waypoint_2,-2.434049129486084,-103.80455017089844,-29.95672035217285
52.262957046999986,waypoint_2,-2.3779683113098145,-103.88253784179688,-29.956769943237305
52.29595652799998,waypoint_2,-2.3219494819641113,-103.96062469482422,-29.956933975219727
52.32995519299999,waypoint_2,-2.2519800662994385,-104.05828857421875,-29.957250595092773
52.364005717,waypoint_2,-2.196014404296875,-104.13646697998047,-29.957490921020508
52.395940999000004,waypoint_2,-2.139981985092163,-104.21464538574219,-29.957677841186523
52.429992966999976,waypoint_2,-2.083834409713745,-104.29278564453125,-29.95781135559082
52.463986655999975,waypoint_2,-2.027651309967041,-104.37086486816406,-29.957983016967773
52.49594092000001,waypoint_2,-1.9714138507843018,-104.44890594482422,-29.958147048950195
52.52997387300002,waypoint_2,-1.9010380506515503,-104.54643249511719,-29.958349227905273
52.565019554,waypoint_2,-1.844671607017517,-104.62443542480469,-29.95845603942871
52.59811450500001,waypoint_2,-1.7881810665130615,-104.70240783691406,-29.958589553833008
52.63211695000001,waypoint_2,-1.7316020727157593,-104.78031158447266,-29.958749771118164
52.666158209,waypoint_2,-1.67496657371521,-104.85818481445312,-29.958940505981445
52.69810406900001,waypoint_2,-1.6182650327682495,-104.93598175048828,-29.959104537963867
52.732123688,waypoint_2,-1.5473363399505615,-105.03317260742188,-29.95941734313965
52.767424495,waypoint_2,-1.490562915802002,-105.11087036132812,-29.959718704223633
52.799353740000015,waypoint_2,-1.4337364435195923,-105.18852996826172,-29.9600887298584
52.833374245000016,waypoint_2,-1.3769501447677612,-105.26615905761719,-29.96048927307129
52.86739223400002,waypoint_2,-1.3201712369918823,-105.34371948242188,-29.96091651916504
52.89938416900003,waypoint_2,-1.2633540630340576,-105.4212417602539,-29.961244583129883
52.933408805,waypoint_2,-1.192276120185852,-105.51813507080078,-29.96162223815918
52.967416571,waypoint_2,-1.1354057788848877,-105.59567260742188,-29.961977005004883
52.99935774400001,waypoint_2,-1.078507661819458,-105.6732177734375,-29.9622859954834
53.03338775499998,waypoint_2,-1.021649956703186,-105.75079345703125,-29.962575912475586
53.06745871700002,waypoint_2,-0.9647787809371948,-105.82838439941406,-29.96286964416504
53.09937235799998,waypoint_2,-0.9079201817512512,-105.90599822998047,-29.963335037231445
53.133422687999996,waypoint_2,-0.8369026780128479,-106.00312042236328,-29.963964462280273
53.168440535,waypoint_2,-0.7801389098167419,-106.08091735839844,-29.96451759338379
53.20040342499999,waypoint_2,-0.7233927249908447,-106.15882110595703,-29.96512794494629
53.23441269099999,waypoint_2,-0.6666724681854248,-106.23677825927734,-29.96574592590332
53.26850769600003,waypoint_2,-0.6099879145622253,-106.31476593017578,-29.966367721557617
53.30042940300001,waypoint_2,-0.553321123123169,-106.39282989501953,-29.966989517211914
53.33441054899998,waypoint_2,-0.4824579060077667,-106.49048614501953,-29.96776008605957
53.36970563199998,waypoint_2,-0.4257566034793854,-106.56864929199219,-29.968351364135742
53.401587345999985,waypoint_2,-0.36906713247299194,-106.6468734741211,-29.968889236450195
53.43562978699998,waypoint_2,-0.31236937642097473,-106.72517395019531,-29.969358444213867
53.47070061699998,waypoint_2,-0.25567159056663513,-106.80353546142578,-29.969743728637695
53.50262627400002,waypoint_2,-0.19899605214595795,-106.88191223144531,-29.97004508972168
53.536618593000014,waypoint_2,-0.12816792726516724,-106.9798812866211,-29.97035789489746
53.57196080199998,waypoint_2,-0.07153404504060745,-107.05821990966797,-29.970582962036133
53.603816884000025,waypoint_2,-0.014928522519767284,-107.13655090332031,-29.970766067504883
53.637867941000025,waypoint_2,0.04165065661072731,-107.21487426757812,-29.97093391418457
53.67195556600001,waypoint_2,0.09817571938037872,-107.29317474365234,-29.97110939025879
53.70381087499999,waypoint_2,0.15466292202472687,-107.3714599609375,-29.971250534057617
53.73789567199998,waypoint_2,0.2252429723739624,-107.46927642822266,-29.971464157104492
53.771959127,waypoint_2,0.2816636860370636,-107.54747772216797,-29.971670150756836
53.803838439,waypoint_2,0.3380527198314667,-107.62561798095703,-29.971895217895508
53.83792061999998,waypoint_2,0.39441075921058655,-107.7037353515625,-29.972169876098633
53.871979769000006,waypoint_2,0.4507007300853729,-107.78182983398438,-29.97249412536621
53.90379840000003,waypoint_2,0.5069202780723572,-107.85987091064453,-29.972780227661133
53.93784590299998,waypoint_2,0.5771753787994385,-107.95735931396484,-29.973066329956055
53.97301509800002,waypoint_2,0.6333554983139038,-108.03533935546875,-29.97325325012207
54.00500254899998,waypoint_2,0.6895384788513184,-108.11329650878906,-29.973447799682617
54.03906073500002,waypoint_2,0.7456986904144287,-108.19123077392578,-29.973684310913086
54.07304171099997,waypoint_2,0.8018301725387573,-108.26914978027344,-29.973939895629883
54.10510296799998,waypoint_2,0.85792475938797,-108.34703063964844,-29.974199295043945
54.13933085000002,waypoint_2,0.9280029535293579,-108.44428253173828,-29.974519729614258
54.17302916900002,waypoint_2,0.9840089082717896,-108.52198028564453,-29.974775314331055
54.205030808000004,waypoint_2,1.0399515628814697,-108.5995864868164,-29.97499656677246
54.23942137400002,waypoint_2,1.0957881212234497,-108.67711639404297,-29.975202560424805
54.273008808999975,waypoint_2,1.1515223979949951,-108.75459289550781,-29.975378036499023
54.30496791600001,waypoint_2,1.2071832418441772,-108.8320083618164,-29.975568771362305
54.33933761200001,waypoint_2,1.2766425609588623,-108.9285659790039,-29.975778579711914
54.37303791599999,waypoint_2,1.3321293592453003,-109.00566101074219,-29.97591209411621
54.405009156000006,waypoint_2,1.3875714540481567,-109.0826416015625,-29.97600746154785
54.43907809500001,waypoint_2,1.4430009126663208,-109.15953063964844,-29.976118087768555
54.47315709700001,waypoint_2,1.498417615890503,-109.23634338378906,-29.976266860961914
54.50498115800002,waypoint_2,1.5538488626480103,-109.3131103515625,-29.976457595825195
54.539062935000004,waypoint_2,1.6232479810714722,-109.40902709960938,-29.97670555114746
54.573010908000015,waypoint_2,1.678847074508667,-109.4857406616211,-29.9769344329834
54.604985381999995,waypoint_2,1.7345222234725952,-109.56246185302734,-29.97722816467285
54.63903023400002,waypoint_2,1.790262222290039,-109.63919830322266,-29.977567672729492
54.67402831100003,waypoint_2,1.8460559844970703,-109.7159423828125,-29.97794532775879
54.706137367999986,waypoint_2,1.9019306898117065,-109.79268646240234,-29.978334426879883
54.74036111999999,waypoint_2,1.971885085105896,-109.88861083984375,-29.978914260864258
54.77405860700003,waypoint_2,2.02799391746521,-109.96539306640625,-29.979440689086914
54.80619634999999,waypoint_2,2.0842204093933105,-110.04226684570312,-29.98003578186035
54.840263719000006,waypoint_2,2.140510082244873,-110.11920166015625,-29.98065757751465
54.874024297000005,waypoint_2,2.1969096660614014,-110.1961898803711,-29.981279373168945
54.906080524000004,waypoint_2,2.2534470558166504,-110.27326965332031,-29.98183250427246
54.94062602600002,waypoint_2,2.32428240776062,-110.3697738647461,-29.98246192932129
54.975208183999996,waypoint_2,2.381014108657837,-110.44711303710938,-29.982873916625977
55.00734032999998,waypoint_2,2.437779188156128,-110.52459716796875,-29.983190536499023
55.04183740299999,waypoint_2,2.4946141242980957,-110.60218048095703,-29.983495712280273
55.076136674,waypoint_2,2.551508903503418,-110.6798324584961,-29.9837703704834
55.10810173099998,waypoint_2,2.6083712577819824,-110.75751495361328,-29.98402214050293
55.142510614,waypoint_2,2.6793603897094727,-110.85465240478516,-29.984224319458008
55.17607038699998,waypoint_2,2.7361044883728027,-110.93238067626953,-29.984338760375977
55.20807840100002,waypoint_2,2.792823076248169,-111.01018524169922,-29.984464645385742
55.24257316699999,waypoint_2,2.849524736404419,-111.08806610107422,-29.984590530395508
55.27615841400001,waypoint_2,2.9062116146087646,-111.16606140136719,-29.984739303588867
55.308237840000004,waypoint_2,2.9629197120666504,-111.24415588378906,-29.98488426208496
55.34292558200002,waypoint_2,3.033820867538452,-111.34194946289062,-29.98508644104004
55.37621973099999,waypoint_2,3.090496778488159,-111.4202880859375,-29.985261917114258
55.40822126699999,waypoint_2,3.1471283435821533,-111.49870300292969,-29.98545265197754
55.44310680000001,waypoint_2,3.2037081718444824,-111.57720947265625,-29.985624313354492
55.47708411799999,waypoint_2,3.26025390625,-111.65579223632812,-29.985795974731445
55.509506637000015,waypoint_2,3.316758155822754,-111.73442077636719,-29.985971450805664
55.54357170999998,waypoint_2,3.387343406677246,-111.83273315429688,-29.986188888549805
55.577085592,waypoint_2,3.443789005279541,-111.9113998413086,-29.986356735229492
55.60920667900001,waypoint_2,3.5002548694610596,-111.99006652832031,-29.98649787902832
55.64386078299998,waypoint_2,3.5566904544830322,-112.06869506835938,-29.986658096313477
55.677220648,waypoint_2,3.6131622791290283,-112.14729309082031,-29.986783981323242
55.709400433999974,waypoint_2,3.6696431636810303,-112.225830078125,-29.98692512512207
55.74399690199999,waypoint_2,3.7401621341705322,-112.32389831542969,-29.98708152770996
55.777133839999976,waypoint_2,3.7964775562286377,-112.4023208618164,-29.987218856811523
55.80930969799999,waypoint_2,3.852681875228882,-112.48070526123047,-29.98732566833496
55.84457355500001,waypoint_2,3.908787488937378,-112.55912780761719,-29.987375259399414
55.87818762799998,waypoint_2,3.9648327827453613,-112.63758850097656,-29.987367630004883
55.91163616699998,waypoint_2,4.0208306312561035,-112.71601104736328,-29.987436294555664
55.94564463900002,waypoint_2,4.090775489807129,-112.81401062011719,-29.987497329711914
55.97964217499998,waypoint_2,4.146709442138672,-112.8924560546875,-29.987565994262695
56.011622647000024,waypoint_2,4.202592849731445,-112.97091674804688,-29.98765754699707
56.04948500400002,waypoint_2,4.258418560028076,-113.04940032958984,-29.98771858215332
56.084849384999984,waypoint_2,4.3141889572143555,-113.12787628173828,-29.98777198791504
56.12051293100001,waypoint_2,4.369938850402832,-113.20635223388672,-29.98783302307129
56.16182095099998,waypoint_2,4.439579963684082,-113.30448913574219,-29.98793601989746
56.19925877200001,waypoint_2,4.495318412780762,-113.38302612304688,-29.988027572631836
56.231205941999974,waypoint_2,4.551046848297119,-113.46161651611328,-29.988100051879883
56.265222834999975,waypoint_2,4.606800556182861,-113.54022216796875,-29.988187789916992
56.29920175500001,waypoint_2,4.662536144256592,-113.61884307861328,-29.988248825073242
56.331163828,waypoint_2,4.718263149261475,-113.69750213623047,-29.988283157348633
56.366422983999996,waypoint_2,4.787966728210449,-113.7958984375,-29.98830223083496
56.400447982,waypoint_2,4.8437371253967285,-113.87471771240234,-29.988298416137695
56.435742011,waypoint_2,4.899464130401611,-113.95360565185547,-29.98832130432129
56.49369573400003,waypoint_2,4.955122470855713,-114.03252410888672,-29.988401412963867
56.53920504199999,waypoint_2,5.010695457458496,-114.11145782470703,-29.9885196685791
56.577105467000024,waypoint_2,5.066220760345459,-114.19048309326172,-29.988649368286133
56.61599929800002,waypoint_2,5.135623931884766,-114.2894287109375,-29.988847732543945
56.65405910599998,waypoint_2,5.191205024719238,-114.36863708496094,-29.9890193939209
56.68776974000002,waypoint_2,5.2468414306640625,-114.44792175292969,-29.989221572875977
56.721748115000025,waypoint_2,5.302561283111572,-114.52726745605469,-29.989473342895508
56.761818452,waypoint_2,5.358316421508789,-114.60662841796875,-29.989744186401367
56.79454465499998,waypoint_2,5.414112567901611,-114.68589782714844,-29.990110397338867
56.82925356200002,waypoint_2,5.483896255493164,-114.78485107421875,-29.990510940551758
56.862883109999984,waypoint_2,5.539752006530762,-114.86390686035156,-29.99077033996582
56.89546925600001,waypoint_2,5.59566068649292,-114.94287872314453,-29.99101448059082
56.92986639000003,waypoint_2,5.651627540588379,-115.02179718017578,-29.991243362426758
56.963949931,waypoint_2,5.707638740539551,-115.10066223144531,-29.991411209106445
56.99612157299998,waypoint_2,5.763696193695068,-115.17947387695312,-29.99152946472168
57.032181638,waypoint_2,5.833802700042725,-115.2778549194336,-29.991552352905273
57.066221384000016,waypoint_2,5.889843463897705,-115.35640716552734,-29.99151039123535
57.09818507800003,waypoint_2,5.945868968963623,-115.43482208251953,-29.991479873657227
57.132267974,waypoint_2,6.001889705657959,-115.5130615234375,-29.99140739440918
57.16625859800001,waypoint_2,6.057932376861572,-115.59114837646484,-29.991357803344727
57.19968450599998,waypoint_2,6.1139817237854,-115.66911315917969,-29.991411209106445
57.233679042000006,waypoint_2,6.18405818939209,-115.76644897460938,-29.99147605895996
57.26775533699998,waypoint_2,6.240086555480957,-115.8442153930664,-29.99152183532715
57.30075022400001,waypoint_2,6.296092987060547,-115.92192077636719,-29.99155616760254
57.33470759800002,waypoint_2,6.3520827293396,-115.99951934814453,-29.9915828704834
57.36872651599998,waypoint_2,6.408071041107178,-116.07699584960938,-29.991579055786133
57.40069623699998,waypoint_2,6.4640583992004395,-116.15436553955078,-29.991559982299805
57.43598943400002,waypoint_2,6.534001350402832,-116.25099182128906,-29.991472244262695
57.473626077999995,waypoint_2,6.589963436126709,-116.32820892333984,-29.991376876831055
57.51066192600001,waypoint_2,6.64594841003418,-116.4053955078125,-29.991308212280273
57.546751615999995,waypoint_2,6.70194149017334,-116.48258209228516,-29.991243362426758
57.57991179700002,waypoint_2,6.757895469665527,-116.55980682373047,-29.991186141967773
57.61273113599998,waypoint_2,6.8137969970703125,-116.6370849609375,-29.9910831451416
57.645932598,waypoint_2,6.883610248565674,-116.73374938964844,-29.990934371948242
57.68006251100002,waypoint_2,6.939429759979248,-116.81111145019531,-29.990861892700195
57.712145451000026,waypoint_2,6.995230197906494,-116.88849639892578,-29.990812301635742
57.74711821599999,waypoint_2,7.05100679397583,-116.96591186523438,-29.990819931030273
57.78112312000002,waypoint_2,7.106756210327148,-117.04335021972656,-29.990888595581055
57.81541775199997,waypoint_2,7.162504196166992,-117.12078857421875,-29.991025924682617
57.85166302099998,waypoint_2,7.232160568237305,-117.21754455566406,-29.991273880004883
57.889947251000024,waypoint_2,7.287845611572266,-117.29486846923828,-29.99147605895996
57.92187442199997,waypoint_2,7.343487739562988,-117.3721694946289,-29.99164390563965
57.955906546999984,waypoint_2,7.39909029006958,-117.4494857788086,-29.99184226989746
57.99102028599998,waypoint_2,7.454635143280029,-117.52677154541016,-29.99210548400879
58.02292877899998,waypoint_2,7.510087966918945,-117.60399627685547,-29.992387771606445
58.05802791100001,waypoint_2,7.579282760620117,-117.700439453125,-29.992666244506836
58.09355899100001,waypoint_2,7.634559631347656,-117.77754211425781,-29.99281883239746
58.12534263600003,waypoint_2,7.689784526824951,-117.85462951660156,-29.99287223815918
58.16143366,waypoint_2,7.744932651519775,-117.9316635131836,-29.992921829223633
58.198074184999996,waypoint_2,7.7999982833862305,-118.0086669921875,-29.99300193786621
58.23242414499998,waypoint_2,7.855010509490967,-118.0856704711914,-29.993135452270508
58.265744493,waypoint_2,7.923764228820801,-118.1819076538086,-29.993371963500977
58.300789925000004,waypoint_2,7.978797912597656,-118.25888061523438,-29.993600845336914
58.332773584999984,waypoint_2,8.033864974975586,-118.33583068847656,-29.99382972717285
58.366753157999995,waypoint_2,8.08896541595459,-118.41275024414062,-29.994115829467773
58.40078646699999,waypoint_2,8.14409065246582,-118.48966979980469,-29.994436264038086
58.43393695200001,waypoint_2,8.199204444885254,-118.56656646728516,-29.99480628967285
58.467919902999995,waypoint_2,8.268074035644531,-118.6626205444336,-29.99540138244629
58.504154314000004,waypoint_2,8.323189735412598,-118.73942565917969,-29.995962142944336
58.54000731899998,waypoint_2,8.378355026245117,-118.81617736816406,-29.996549606323242
58.58051353100001,waypoint_2,8.43356990814209,-118.8927993774414,-29.997087478637695
58.613838715999975,waypoint_2,8.488815307617188,-118.96927642822266,-29.997583389282227
58.64601730700002,waypoint_2,8.544119834899902,-119.04561614990234,-29.998048782348633
58.68033287899999,waypoint_2,8.613311767578125,-119.14091491699219,-29.998659133911133
58.713851207000005,waypoint_2,8.668704986572266,-119.21699523925781,-29.999155044555664
58.745898935000014,waypoint_2,8.724133491516113,-119.29298400878906,-29.99965476989746
58.78089688699998,waypoint_2,8.779593467712402,-119.36894226074219,-30.000112533569336
58.81384062000001,waypoint_2,8.835073471069336,-119.44493865966797,-30.00054359436035
58.846026859999995,waypoint_2,8.890523910522461,-119.52098846435547,-30.0009708404541
58.88148780099999,waypoint_2,8.959739685058594,-119.61614990234375,-30.001440048217773
58.91710154100002,waypoint_2,9.015050888061523,-119.6923599243164,-30.001779556274414
58.95300335799999,waypoint_2,9.070343017578125,-119.76863861083984,-30.002111434936523
58.99093563299999,waypoint_2,9.125650405883789,-119.84500885009766,-30.002405166625977
59.030311197,waypoint_2,9.180949211120605,-119.92147064208984,-30.002634048461914
59.06101758,waypoint_2,9.236199378967285,-119.99801635742188,-30.00282859802246
59.10844967999998,waypoint_2,9.30517578125,-120.09383392333984,-30.003007888793945
59.146677668999985,waypoint_2,9.360350608825684,-120.17057800292969,-30.003122329711914
59.17896190699997,waypoint_2,9.415545463562012,-120.24745178222656,-30.003267288208008
59.21263852499999,waypoint_2,9.470816612243652,-120.32449340820312,-30.00340461730957
59.24665058099998,waypoint_2,9.526104927062988,-120.40166473388672,-30.003507614135742
59.278647939999985,waypoint_2,9.58138656616211,-120.47895812988281,-30.003633499145508
59.313308284000016,waypoint_2,9.650471687316895,-120.57573699951172,-30.00376319885254
59.34662688899999,waypoint_2,9.705690383911133,-120.6532974243164,-30.00386619567871
59.37936022600002,waypoint_2,9.760897636413574,-120.73094940185547,-30.003931045532227
59.412668826000015,waypoint_2,9.816134452819824,-120.80866241455078,-30.004030227661133
59.446632204000025,waypoint_2,9.871370315551758,-120.88645935058594,-30.00413703918457
59.478928930999984,waypoint_2,9.926567077636719,-120.96431732177734,-30.004262924194336
59.512643771,waypoint_2,9.995535850524902,-121.06171417236328,-30.004358291625977
59.54668575699998,waypoint_2,10.05073356628418,-121.13972473144531,-30.004350662231445
59.578870644999995,waypoint_2,10.105987548828125,-121.21780395507812,-30.004289627075195
59.61289599600002,waypoint_2,10.161297798156738,-121.29592895507812,-30.004201889038086
59.646932574000004,waypoint_2,10.216630935668945,-121.37408447265625,-30.00409507751465
59.67868554099999,waypoint_2,10.272008895874023,-121.45232391357422,-30.003896713256836
59.71438171099999,waypoint_2,10.341328620910645,-121.55018615722656,-30.003408432006836
59.74794729400003,waypoint_2,10.396811485290527,-121.62849426269531,-30.002946853637695
59.77995420799999,waypoint_2,10.452302932739258,-121.70681762695312,-30.00248146057129
59.813860068999986,waypoint_2,10.50786304473877,-121.78517150878906,-30.00200843811035
59.847854598000026,waypoint_2,10.563475608825684,-121.86354064941406,-30.001497268676758
59.88005261500001,waypoint_2,10.619084358215332,-121.94190216064453,-30.00089454650879
59.915127428000005,waypoint_2,10.688518524169922,-122.03987121582031,-30.00002098083496
59.949031941999976,waypoint_2,10.744025230407715,-122.11823272705078,-29.999235153198242
59.98117351100001,waypoint_2,10.79957389831543,-122.19657897949219,-29.99835777282715
60.01653256899999,waypoint_2,10.855149269104004,-122.2749252319336,-29.997507095336914
60.050546768000004,waypoint_2,10.91080379486084,-122.35319519042969,-29.996633529663086
60.082517155000005,waypoint_2,10.966586112976074,-122.431396484375,-29.995824813842773
60.117608787999984,waypoint_2,11.03648853302002,-122.52898406982422,-29.994855880737305
60.151642830000014,waypoint_2,11.09247875213623,-122.60696411132812,-29.994089126586914
60.183592654999984,waypoint_2,11.148542404174805,-122.68488311767578,-29.993310928344727
60.21760050900002,waypoint_2,11.204744338989258,-122.76275634765625,-29.992551803588867
60.25161851299998,waypoint_2,11.261125564575195,-122.84054565429688,-29.991823196411133
60.283571849,waypoint_2,11.317605972290039,-122.91826629638672,-29.99104881286621
60.317651822000016,waypoint_2,11.388465881347656,-123.01524353027344,-29.990156173706055
60.35161110400003,waypoint_2,11.445284843444824,-123.09269714355469,-29.989503860473633
60.383569163999994,waypoint_2,11.502203941345215,-123.1700439453125,-29.988889694213867
60.417592247000016,waypoint_2,11.55919361114502,-123.24732208251953,-29.988245010375977
60.45161053800001,waypoint_2,11.616249084472656,-123.32455444335938,-29.987573623657227
60.483613839999975,waypoint_2,11.673335075378418,-123.40171813964844,-29.98692512512207
60.51768831100003,waypoint_2,11.744669914245605,-123.49808502197266,-29.986169815063477
60.552718114000015,waypoint_2,11.80168628692627,-123.57514953613281,-29.9856014251709
60.584692131,waypoint_2,11.858675956726074,-123.65220642089844,-29.984983444213867
60.61869194299999,waypoint_2,11.915595054626465,-123.7292251586914,-29.9843807220459
60.652741694999975,waypoint_2,11.972418785095215,-123.80615997314453,-29.98381233215332
60.68469731900001,waypoint_2,12.029166221618652,-123.88306427001953,-29.983213424682617
60.71869588800001,waypoint_2,12.100003242492676,-123.97911834716797,-29.982542037963867
60.752730903999975,waypoint_2,12.156598091125488,-124.055908203125,-29.982080459594727
60.78512692200002,waypoint_2,12.213162422180176,-124.13267517089844,-29.98166847229004
60.81867187400002,waypoint_2,12.269692420959473,-124.2094497680664,-29.981306076049805
60.85271255399999,waypoint_2,12.326208114624023,-124.28629302978516,-29.980958938598633
60.884668777,waypoint_2,12.382719993591309,-124.36326599121094,-29.980600357055664
60.918668954,waypoint_2,12.453421592712402,-124.4595947265625,-29.980127334594727
60.952717893,waypoint_2,12.510019302368164,-124.53669738769531,-29.979753494262695
60.98468245599997,waypoint_2,12.566633224487305,-124.61383819580078,-29.979394912719727
61.01874285600002,waypoint_2,12.623268127441406,-124.69103240966797,-29.979093551635742
61.05276374800002,waypoint_2,12.679905891418457,-124.76826477050781,-29.978845596313477
61.08466201599998,waypoint_2,12.736504554748535,-124.84550476074219,-29.97861671447754
61.11869400299997,waypoint_2,12.807270050048828,-124.94200134277344,-29.978334426879883
61.152733087,waypoint_2,12.863924026489258,-125.01921081542969,-29.978078842163086
61.18465987799999,waypoint_2,12.920607566833496,-125.09644317626953,-29.977766036987305
61.218671882000024,waypoint_2,12.977294921875,-125.17371368408203,-29.97740364074707
61.252718860000016,waypoint_2,13.033992767333984,-125.2509994506836,-29.976964950561523
61.28466628000001,waypoint_2,13.090690612792969,-125.32833862304688,-29.97640037536621
61.318660016000024,waypoint_2,13.16154956817627,-125.42513275146484,-29.9757137298584
61.35271333600002,waypoint_2,13.218167304992676,-125.50264739990234,-29.975202560424805
61.38470443800003,waypoint_2,13.274718284606934,-125.5802230834961,-29.97469139099121
61.418679564,waypoint_2,13.331244468688965,-125.65782928466797,-29.97416877746582
61.452767365,waypoint_2,13.38778305053711,-125.73545837402344,-29.9736385345459
61.484667048999995,waypoint_2,13.444281578063965,-125.8131103515625,-29.973146438598633
61.51871856899999,goal,13.514802932739258,-125.9102554321289,-29.972585678100586
61.552716722000014,goal,13.571146011352539,-125.9880599975586,-29.97224235534668
61.58466820799998,goal,13.627379417419434,-126.0659408569336,-29.971994400024414
61.618706179000014,goal,13.683476448059082,-126.14384460449219,-29.972387313842773
61.65276367299998,goal,13.739419937133789,-126.22175598144531,-29.97443962097168
61.684665439000014,goal,13.794975280761719,-126.2996826171875,-29.978166580200195
61.71866520100002,goal,13.863237380981445,-126.39710235595703,-29.98470115661621
61.752724102,goal,13.916251182556152,-126.47515106201172,-29.99101448059082
61.78466023200002,goal,13.967231750488281,-126.55337524414062,-29.997835159301758
61.818666049,goal,14.015646934509277,-126.63184356689453,-30.004762649536133
61.85271891299999,goal,14.061047554016113,-126.71060180664062,-30.01141929626465
61.884658909999985,goal,14.103163719177246,-126.78963470458984,-30.01740837097168
61.91868771200001,goal,14.150566101074219,-126.88892364501953,-30.02374839782715
61.95271202399999,goal,14.183968544006348,-126.96881103515625,-30.027772903442383
61.98467049499999,goal,14.213197708129883,-127.0491943359375,-30.030851364135742
62.01866987,goal,14.2381591796875,-127.13008117675781,-30.03291130065918
62.05272132099998,goal,14.258780479431152,-127.21147918701172,-30.033987045288086
62.084725590999994,goal,14.275053024291992,-127.29338836669922,-30.034074783325195
62.11868065200002,goal,14.289523124694824,-127.3964614868164,-30.03313636779785
62.152765543999976,goal,14.296660423278809,-127.47943115234375,-30.031702041625977
62.184675959,goal,14.29990005493164,-127.56283569335938,-30.02972984313965
62.218688637000014,goal,14.299420356750488,-127.6467056274414,-30.02729606628418
62.25275544200002,goal,14.295377731323242,-127.73103332519531,-30.02452278137207
62.284671753,goal,14.287919998168945,-127.81587982177734,-30.02144432067871
62.31868046699998,goal,14.274171829223633,-127.92267608642578,-30.017431259155273
62.35272268099999,goal,14.259786605834961,-128.00869750976562,-30.0141658782959
62.384666165,goal,14.242671966552734,-128.09521484375,-30.01099967956543
62.418700444000024,goal,14.22324275970459,-128.1820831298828,-30.007970809936523
62.452749419999975,goal,14.201586723327637,-128.26931762695312,-30.005136489868164
62.48468085899998,goal,14.177940368652344,-128.35690307617188,-30.002511978149414
62.51868987500001,goal,14.145923614501953,-128.466796875,-29.99946403503418
62.552755531,goal,14.118551254272461,-128.55502319335938,-29.997243881225586
62.584696210999994,goal,14.089835166931152,-128.6435089111328,-29.995176315307617
62.618679412000006,goal,14.059969902038574,-128.7322235107422,-29.993207931518555
62.65266740499999,goal,14.029047012329102,-128.82110595703125,-29.9913272857666
62.68467387200002,goal,13.997367858886719,-128.9102325439453,-29.989572525024414
62.71866417799998,goal,13.956753730773926,-129.0218505859375,-29.98750114440918
62.75266060000001,goal,13.923651695251465,-129.11143493652344,-29.985929489135742
62.78470896099998,goal,13.890063285827637,-129.20118713378906,-29.984437942504883
62.81869463800001,goal,13.856138229370117,-129.29115295410156,-29.9830265045166
62.854018630999974,goal,13.821910858154297,-129.38125610351562,-29.981718063354492
62.88593319900002,goal,13.787489891052246,-129.4715118408203,-29.98042106628418
62.919930711999996,goal,13.744227409362793,-129.58447265625,-29.978918075561523
62.95397477300003,goal,13.709508895874023,-129.6748046875,-29.977811813354492
62.98595108699999,goal,13.67470645904541,-129.76515197753906,-29.976755142211914
63.01993642899998,goal,13.639836311340332,-129.85549926757812,-29.975706100463867
63.05396511499998,goal,13.604912757873535,-129.9457550048828,-29.97471809387207
63.08597818800001,goal,13.569901466369629,-130.03591918945312,-29.973859786987305
63.11992415200001,goal,13.5260648727417,-130.14854431152344,-29.972959518432617
63.15395725799999,goal,13.490907669067383,-130.23855590820312,-29.972383499145508
63.185976933999996,goal,13.455639839172363,-130.32850646972656,-29.971895217895508
63.21993034799999,goal,13.420337677001953,-130.41827392578125,-29.97148323059082
63.25396831500001,goal,13.384956359863281,-130.50791931152344,-29.97112464904785
63.28594300100002,goal,13.349493980407715,-130.59747314453125,-29.970727920532227
63.31992562800002,goal,13.305146217346191,-130.7093505859375,-29.970266342163086
63.353975357000024,goal,13.269674301147461,-130.7987518310547,-29.969900131225586
63.385977201,goal,13.234236717224121,-130.8881072998047,-29.969507217407227
63.419924365999975,goal,13.198822975158691,-130.97738647460938,-29.969125747680664
63.453976520000026,goal,13.16339111328125,-131.066650390625,-29.96879768371582
63.48597722300002,goal,13.128081321716309,-131.1558074951172,-29.96858787536621
63.51995720399998,goal,13.08407211303711,-131.2672119140625,-29.968542098999023
63.554016762,goal,13.048924446105957,-131.3563690185547,-29.9686336517334
63.585985979999975,goal,13.013814926147461,-131.44552612304688,-29.968778610229492
63.619928657,goal,12.978704452514648,-131.53466796875,-29.968992233276367
63.65397496200001,goal,12.943577766418457,-131.62379455566406,-29.969221115112305
63.68595657499998,goal,12.908422470092773,-131.71287536621094,-29.96942710876465
63.71996481000002,goal,12.864370346069336,-131.82420349121094,-29.969724655151367
63.753967085,goal,12.829143524169922,-131.91326904296875,-29.97003746032715
63.78598059299998,goal,12.793932914733887,-132.00234985351562,-29.970441818237305
63.819943357,goal,12.75875473022461,-132.0913848876953,-29.970849990844727
63.85397205200002,goal,12.723616600036621,-132.1803741455078,-29.97125816345215
63.886004883,goal,12.688526153564453,-132.2693328857422,-29.971670150756836
63.91992582400002,goal,12.644710540771484,-132.38055419921875,-29.972143173217773
63.95397924500003,goal,12.609646797180176,-132.46958923339844,-29.972524642944336
63.98595380300003,goal,12.574507713317871,-132.55868530273438,-29.972917556762695
64.01993112600002,goal,12.539368629455566,-132.64779663085938,-29.97336769104004
64.053974294,goal,12.504256248474121,-132.73684692382812,-29.973859786987305
64.085935065,goal,12.469172477722168,-132.82579040527344,-29.97430992126465
64.11994062500003,goal,12.425312042236328,-132.9368896484375,-29.974863052368164
64.15198177600001,goal,12.390231132507324,-133.02574157714844,-29.975351333618164
64.18595266699998,goal,12.355140686035156,-133.1145477294922,-29.975881576538086
64.21992159899997,goal,12.319998741149902,-133.2033233642578,-29.976423263549805
64.25198137000001,goal,12.284738540649414,-133.29208374023438,-29.976961135864258
64.28595721699998,goal,12.249464988708496,-133.38079833984375,-29.977502822875977
64.31993856000003,goal,12.20535659790039,-133.49168395996094,-29.978227615356445
64.35198415100001,goal,12.170055389404297,-133.58041381835938,-29.978811264038086
64.385962796,goal,12.134747505187988,-133.66917419433594,-29.979333877563477
64.41994236,goal,12.0994234085083,-133.75796508789062,-29.97978401184082
64.45198633000001,goal,12.064080238342285,-133.8467254638672,-29.980173110961914
64.48596769699998,goal,12.028704643249512,-133.93544006347656,-29.980497360229492
64.51995365099998,goal,11.984376907348633,-134.04623413085938,-29.980802536010742
64.55198601199999,goal,11.948899269104004,-134.1347198486328,-29.980958938598633
64.58599791300003,goal,11.913433074951172,-134.22305297851562,-29.98106575012207
64.61994383000001,goal,11.877946853637695,-134.311279296875,-29.981111526489258
64.65197233600003,goal,11.842443466186523,-134.39939880371094,-29.981103897094727
64.68600368199998,goal,11.806900978088379,-134.48741149902344,-29.981042861938477
64.71995073400001,goal,11.76236343383789,-134.5973358154297,-29.980741500854492
64.75197869300001,goal,11.726640701293945,-134.68524169921875,-29.980409622192383
64.78596486700002,goal,11.690817832946777,-134.7731475830078,-29.98011589050293
64.81992699,goal,11.65494441986084,-134.8610382080078,-29.97984504699707
64.85195668699998,goal,11.619032859802246,-134.94894409179688,-29.979581832885742
64.88594241300001,goal,11.583085060119629,-135.036865234375,-29.979352951049805
64.919978915,goal,11.538069725036621,-135.1468505859375,-29.979093551635742
64.95197542599999,goal,11.501988410949707,-135.23489379882812,-29.97892189025879
64.98595136300003,goal,11.465880393981934,-135.32296752929688,-29.978822708129883
65.019932197,goal,11.429727554321289,-135.41114807128906,-29.978818893432617
65.05197493999998,goal,11.393518447875977,-135.4993896484375,-29.97890281677246
65.08598541999999,goal,11.357329368591309,-135.58767700195312,-29.9789981842041
65.119954356,goal,11.31212043762207,-135.6981658935547,-29.97910499572754
65.15197924199998,goal,11.27592658996582,-135.7866668701172,-29.979169845581055
65.18595950899999,goal,11.239718437194824,-135.87527465820312,-29.979238510131836
65.21998667499997,goal,11.203484535217285,-135.96400451660156,-29.979307174682617
65.25197937400003,goal,11.167210578918457,-136.05284118652344,-29.979387283325195
65.28597686299997,goal,11.13089370727539,-136.14181518554688,-29.979520797729492
65.31995747399998,goal,11.085461616516113,-136.2531280517578,-29.979703903198242
65.351987501,goal,11.04913330078125,-136.34222412109375,-29.9798641204834
65.38595571299999,goal,11.012776374816895,-136.43136596679688,-29.98004722595215
65.42001589799997,goal,10.976400375366211,-136.52061462402344,-29.980234146118164
65.45196927799998,goal,10.94001579284668,-136.60997009277344,-29.980424880981445
65.48702556299997,goal,10.903660774230957,-136.69937133789062,-29.980600357055664
65.52099609499999,goal,10.858232498168945,-136.81103515625,-29.980871200561523
65.55301217700003,goal,10.821915626525879,-136.9002685546875,-29.981111526489258
65.58699557,goal,10.785551071166992,-136.98941040039062,-29.981332778930664
65.62097913899999,goal,10.74919319152832,-137.0784149169922,-29.981565475463867
65.65302105799998,goal,10.712822914123535,-137.16732788085938,-29.981779098510742
65.68701701499998,goal,10.676453590393066,-137.25611877441406,-29.981977462768555
65.72097417499998,goal,10.630946159362793,-137.3670196533203,-29.982175827026367
65.75301506400001,goal,10.594507217407227,-137.45571899414062,-29.982301712036133
65.78701208199999,goal,10.557990074157715,-137.54440307617188,-29.9824275970459
65.82097320999998,goal,10.521379470825195,-137.63304138183594,-29.982511520385742
65.85299625900001,goal,10.484685897827148,-137.72164916992188,-29.982595443725586
65.88698329900001,goal,10.447949409484863,-137.81021118164062,-29.982736587524414
65.92096613799998,goal,10.401926040649414,-137.9207763671875,-29.98293113708496
65.95302037800002,goal,10.365052223205566,-138.00909423828125,-29.983064651489258
65.987007544,goal,10.328095436096191,-138.097412109375,-29.98317527770996
66.020966757,goal,10.2910795211792,-138.1857147216797,-29.983213424682617
66.05300670899999,goal,10.25398063659668,-138.2740478515625,-29.983232498168945
66.08699258000001,goal,10.216766357421875,-138.36236572265625,-29.983240127563477
66.12097077099997,goal,10.170127868652344,-138.47276306152344,-29.98329734802246
66.15299086200002,goal,10.132757186889648,-138.56105041503906,-29.983396530151367
66.187021136,goal,10.095356941223145,-138.64935302734375,-29.983598709106445
66.22097773600001,goal,10.057939529418945,-138.73764038085938,-29.983949661254883
66.25300842000001,goal,10.020474433898926,-138.8258819580078,-29.98439598083496
66.28704537499999,goal,9.982992172241211,-138.91403198242188,-29.98484230041504
66.32099560300003,goal,9.936189651489258,-139.0240936279297,-29.98537254333496
66.35303358700003,goal,9.898734092712402,-139.11215209960938,-29.98579216003418
66.38696453699998,goal,9.861265182495117,-139.20016479492188,-29.986181259155273
66.420975968,goal,9.82379150390625,-139.28810119628906,-29.9865665435791
66.45301299800002,goal,9.786316871643066,-139.37600708007812,-29.986909866333008
66.486991612,goal,9.74890422821045,-139.4639129638672,-29.987192153930664
66.52098480000001,goal,9.702136039733887,-139.57388305664062,-29.987546920776367
66.55301721000001,goal,9.664664268493652,-139.66192626953125,-29.98784828186035
66.587058147,goal,9.62710952758789,-139.75006103515625,-29.988142013549805
66.620984082,goal,9.589460372924805,-139.83827209472656,-29.988466262817383
66.653026334,goal,9.551712989807129,-139.926513671875,-29.98883628845215
66.68702757,goal,9.513875007629395,-140.0148162841797,-29.989294052124023
66.72098527399999,goal,9.46646785736084,-140.12522888183594,-29.990022659301758
66.75302304000002,goal,9.428455352783203,-140.21360778808594,-29.99066734313965
66.787030238,goal,9.39035701751709,-140.3020782470703,-29.991357803344727
66.820986726,goal,9.35216236114502,-140.390625,-29.992094039916992
66.85300414400001,goal,9.313857078552246,-140.47927856445312,-29.99286460876465
66.887021226,goal,9.27549934387207,-140.56800842285156,-29.993497848510742
66.92100929600002,goal,9.227582931518555,-140.678955078125,-29.994314193725586
66.95301831400002,goal,9.189249038696289,-140.76776123046875,-29.994958877563477
66.98701694800002,goal,9.150908470153809,-140.8566131591797,-29.995588302612305
67.021000464,goal,9.112613677978516,-140.94549560546875,-29.99620246887207
67.05308835699998,goal,9.074349403381348,-141.03440856933594,-29.99681282043457
67.08703672400003,goal,9.036093711853027,-141.12338256835938,-29.99739646911621
67.12099823,goal,8.98826789855957,-141.23458862304688,-29.99802589416504
67.15302316499998,goal,8.950021743774414,-141.32359313964844,-29.998472213745117
67.18703424699999,goal,8.911810874938965,-141.41259765625,-29.99888801574707
67.22334022000001,goal,8.873652458190918,-141.5016326904297,-29.999242782592773
67.272594164,goal,8.835527420043945,-141.5906982421875,-29.999521255493164
67.306415791,goal,8.797447204589844,-141.6798095703125,-29.999727249145508
67.33836294299999,goal,8.759437561035156,-141.7689666748047,-29.999826431274414
67.37239551300001,goal,8.712058067321777,-141.88046264648438,-29.999826431274414
67.40641468299998,goal,8.674232482910156,-141.9696807861328,-29.999723434448242
67.43837310700002,goal,8.63646125793457,-142.0589141845703,-29.99957847595215
67.47242537400001,goal,8.598786354064941,-142.14820861816406,-29.999387741088867
67.50646568299999,goal,8.561166763305664,-142.2375030517578,-29.999216079711914
67.53838190599998,goal,8.523585319519043,-142.32681274414062,-29.9990177154541
67.57240583599997,goal,8.47666072845459,-142.43846130371094,-29.99872398376465
67.60641058499999,goal,8.439112663269043,-142.52777099609375,-29.998456954956055
67.63836696499999,goal,8.401558876037598,-142.61709594726562,-29.998140335083008
67.67239455200001,goal,8.36400318145752,-142.7064666748047,-29.9977970123291
67.70639700100003,goal,8.326444625854492,-142.79586791992188,-29.997549057006836
67.738355931,goal,8.288917541503906,-142.88528442382812,-29.99735450744629
67.77238738300002,goal,8.242080688476562,-142.99705505371094,-29.99717903137207
67.80643163799999,goal,8.204610824584961,-143.0865020751953,-29.997034072875977
67.838364469,goal,8.167093276977539,-143.1759490966797,-29.9969539642334
67.872437816,goal,8.129549026489258,-143.26541137695312,-29.996957778930664
67.922664284,goal,8.091960906982422,-143.35488891601562,-29.99700355529785
67.95468946300002,goal,8.044931411743164,-143.46673583984375,-29.99717140197754
67.98674893999998,goal,8.007316589355469,-143.5561981201172,-29.99735450744629
68.02067887599998,goal,7.9697041511535645,-143.6455841064453,-29.997560501098633
68.05469785600002,goal,7.932098388671875,-143.73487854003906,-29.997785568237305
68.08673850600002,goal,7.894519329071045,-143.82403564453125,-29.99800682067871
68.12068316599999,goal,7.856941223144531,-143.9130859375,-29.99821662902832
68.15469630299998,goal,7.8099141120910645,-144.0243377685547,-29.99849510192871
68.18673666000001,goal,7.7722487449646,-144.11334228515625,-29.998720169067383
68.220884851,goal,7.734532833099365,-144.20237731933594,-29.99888801574707
68.25473097700001,goal,7.696809768676758,-144.29141235351562,-29.99907112121582
68.28677035999999,goal,7.659070014953613,-144.3804473876953,-29.999311447143555
68.32122264600002,goal,7.62129020690918,-144.46951293945312,-29.99956703186035
68.35470308999999,goal,7.573959827423096,-144.58090209960938,-29.999914169311523
68.38673413999999,goal,7.53602409362793,-144.67002868652344,-30.00023078918457
68.42103835099999,goal,7.4980854988098145,-144.7591552734375,-30.000593185424805
68.45469126699999,goal,7.460129261016846,-144.8482666015625,-30.000993728637695
68.486824146,goal,7.422129154205322,-144.9373779296875,-30.00140953063965
68.52082064199999,goal,7.384114742279053,-145.0264892578125,-30.001821517944336
68.55472927199997,goal,7.33650016784668,-145.13787841796875,-30.002408981323242
68.58675739,goal,7.298315525054932,-145.22705078125,-30.0029354095459
68.62090780599999,goal,7.2600603103637695,-145.3162841796875,-30.003469467163086
68.65470264200002,goal,7.221766471862793,-145.40554809570312,-30.004003524780273
68.68675562099997,goal,7.18342924118042,-145.494873046875,-30.004518508911133
68.72074923299999,goal,7.145058631896973,-145.58425903320312,-30.00505256652832
68.75473853900002,goal,7.097071647644043,-145.696044921875,-30.005647659301758
68.78670394599999,goal,7.058691024780273,-145.7854766845703,-30.006086349487305
68.820805382,goal,7.020275115966797,-145.87489318847656,-30.006513595581055
68.85470674200002,goal,6.981785297393799,-145.96434020996094,-30.00690269470215
68.88669725300002,goal,6.9432759284973145,-146.05377197265625,-30.007226943969727
68.920722646,goal,6.904773235321045,-146.14312744140625,-30.00755500793457
68.95471990599998,goal,6.856649398803711,-146.25473022460938,-30.007890701293945
68.986836611,goal,6.818160533905029,-146.34388732910156,-30.008085250854492
69.02081296099999,goal,6.779728889465332,-146.43296813964844,-30.008176803588867
69.05474380800001,goal,6.741365432739258,-146.52191162109375,-30.008211135864258
69.086765544,goal,6.703067302703857,-146.6107635498047,-30.0081844329834
69.12092593699998,goal,6.664860248565674,-146.6995391845703,-30.008142471313477
69.15471450799998,goal,6.617242813110352,-146.81048583984375,-30.00807762145996
69.18673865199997,goal,6.579233646392822,-146.89918518066406,-30.007978439331055
69.22073120499999,goal,6.541337013244629,-146.9879150390625,-30.00779914855957
69.25470570300001,goal,6.503505229949951,-147.0767364501953,-30.007566452026367
69.28677677299999,goal,6.465685844421387,-147.16561889648438,-30.00726890563965
69.320862552,goal,6.427845001220703,-147.25450134277344,-30.0069522857666
69.35470750500002,goal,6.380577087402344,-147.36566162109375,-30.006547927856445
69.38677714300002,goal,6.3428120613098145,-147.45465087890625,-30.006189346313477
69.420782503,goal,6.3051018714904785,-147.54368591308594,-30.005788803100586
69.45474292699998,goal,6.267405033111572,-147.6327362060547,-30.0053653717041
69.48687712899999,goal,6.22975492477417,-147.7218017578125,-30.004968643188477
69.52088249000002,goal,6.1921210289001465,-147.81089782714844,-30.00458335876465
69.55472409600003,goal,6.145073890686035,-147.92237854003906,-30.00425148010254
69.58679476100002,goal,6.107485294342041,-148.0116424560547,-30.004064559936523
69.62082919800002,goal,6.069960594177246,-148.10093688964844,-30.00386619567871
69.65471889600002,goal,6.032495498657227,-148.1902618408203,-30.003690719604492
69.68677722500001,goal,5.995084285736084,-148.2796173095703,-30.003488540649414
69.72077579,goal,5.957723140716553,-148.36903381347656,-30.003259658813477
69.75495393099999,goal,5.911106586456299,-148.48081970214844,-30.00301170349121
69.78675107499998,goal,5.873876094818115,-148.5702667236328,-30.002836227416992
69.82095850799999,goal,5.8367204666137695,-148.6597137451172,-30.00266456604004
69.85499561300003,goal,5.799639701843262,-148.74917602539062,-30.002504348754883
69.88678330699997,goal,5.7626261711120605,-148.8385772705078,-30.002351760864258
69.92092087600003,goal,5.725648403167725,-148.92799377441406,-30.00221061706543
69.95472226100003,goal,5.688755512237549,-149.0173797607422,-30.002138137817383
69.98674755600001,goal,5.642738342285156,-149.1291046142578,-30.002107620239258
70.02083398299999,goal,5.606007099151611,-149.21847534179688,-30.002119064331055
70.05482251699999,goal,5.5693254470825195,-149.3078155517578,-30.002145767211914
70.08675775300003,goal,5.53265905380249,-149.39715576171875,-30.002172470092773
70.12076634700003,goal,5.4960198402404785,-149.4864501953125,-30.002187728881836
70.154720462,goal,5.45021915435791,-149.59805297851562,-30.00226402282715
70.18690697099998,goal,5.413565158843994,-149.6873321533203,-30.00238609313965
70.22070052999999,goal,5.3768792152404785,-149.77658081054688,-30.002553939819336
70.25487363500002,goal,5.340191841125488,-149.86578369140625,-30.002748489379883
70.28675268199999,goal,5.303498268127441,-149.95494079589844,-30.002981185913086
70.32080606300002,goal,5.266803741455078,-150.04408264160156,-30.003267288208008
70.35477249399997,goal,5.220958232879639,-150.155517578125,-30.003671646118164
70.386762766,goal,5.184276580810547,-150.24462890625,-30.003999710083008
70.42081443500001,goal,5.147616386413574,-150.33375549316406,-30.004343032836914
70.45473045800003,goal,5.110969066619873,-150.4229278564453,-30.004636764526367
70.48678482999998,goal,5.074314117431641,-150.5121612548828,-30.004854202270508
70.52094272200003,goal,5.037618160247803,-150.60142517089844,-30.005006790161133
70.55477836900002,goal,4.991695404052734,-150.71304321289062,-30.005090713500977
70.58680559499999,goal,4.954928874969482,-150.80235290527344,-30.005098342895508
70.62078101700001,goal,4.9181671142578125,-150.89166259765625,-30.005075454711914
70.65478478800003,goal,4.881400108337402,-150.98089599609375,-30.00505256652832
70.68682114900002,goal,4.844656944274902,-151.07009887695312,-30.004995346069336
70.72095542,goal,4.807965278625488,-151.15924072265625,-30.0048770904541
70.75480282199999,goal,4.771317481994629,-151.24835205078125,-30.00469398498535
70.78678799,goal,4.725532531738281,-151.35964965820312,-30.00440788269043
70.82080470800003,goal,4.688899040222168,-151.4486083984375,-30.00409507751465
70.85474376299999,goal,4.652277946472168,-151.5374755859375,-30.00376319885254
70.88702817400002,goal,4.615678310394287,-151.6262664794922,-30.00343894958496
70.92070749999999,goal,4.5790815353393555,-151.7149658203125,-30.00319480895996
70.95477088199999,goal,4.533395290374756,-151.82577514648438,-30.0029354095459
70.986737151,goal,4.496927261352539,-151.91441345214844,-30.002744674682617
71.020784477,goal,4.460546016693115,-152.00303649902344,-30.002500534057617
71.05472594499997,goal,4.424238681793213,-152.0916748046875,-30.002248764038086
71.08674789100002,goal,4.387959957122803,-152.1803436279297,-30.00196647644043
71.120855124,goal,4.351665019989014,-152.26905822753906,-30.001684188842773
71.15514080700001,goal,4.306303024291992,-152.37998962402344,-30.001306533813477
71.18673223500002,goal,4.270101070404053,-152.46873474121094,-30.000951766967773
71.22080037,goal,4.234020709991455,-152.5574951171875,-30.000539779663086
71.25473877399997,goal,4.198067665100098,-152.64627075195312,-30.0001277923584
71.28675112100001,goal,4.162197589874268,-152.7350616455078,-29.9997615814209
71.32077139199998,goal,4.126373767852783,-152.82383728027344,-29.99940299987793
71.35476882400002,goal,4.08165979385376,-152.93482971191406,-29.99894142150879
71.38677654399999,goal,4.0460286140441895,-153.02362060546875,-29.998624801635742
71.420916412,goal,4.010532855987549,-153.11244201660156,-29.998403549194336
71.45476392799998,goal,3.975192070007324,-153.20127868652344,-29.998170852661133
71.486763312,goal,3.9399521350860596,-153.2901611328125,-29.997922897338867
71.52134711100001,goal,3.90478515625,-153.3791046142578,-29.997671127319336
71.55475593800003,goal,3.8609085083007812,-153.49034118652344,-29.99748420715332
71.58677351300003,goal,3.8258349895477295,-153.57937622070312,-29.99742317199707
71.620835865,goal,3.790792465209961,-153.6685028076172,-29.997407913208008
71.655347688,goal,3.7557601928710938,-153.75772094726562,-29.997407913208008
71.68674776199998,goal,3.720714569091797,-153.8469696044922,-29.997407913208008
71.72077806300001,goal,3.6856181621551514,-153.93621826171875,-29.997472763061523
71.754841064,goal,3.6416938304901123,-154.04771423339844,-29.99762535095215
71.78680883200002,goal,3.6065027713775635,-154.13682556152344,-29.99778938293457
71.82079252,goal,3.571277379989624,-154.2259063720703,-29.998010635375977
71.854764434,goal,3.536041259765625,-154.31500244140625,-29.998266220092773
71.88673827899999,goal,3.5008139610290527,-154.40408325195312,-29.998544692993164
71.92076818999999,goal,3.4655420780181885,-154.49319458007812,-29.99886131286621
71.954789028,goal,3.4214441776275635,-154.6045684814453,-29.99921989440918
71.98674380099999,goal,3.3861212730407715,-154.693603515625,-29.99946403503418
72.020777281,goal,3.3506851196289062,-154.7825927734375,-29.99970054626465
72.05473686599998,goal,3.315096616744995,-154.8715362548828,-29.999975204467773
72.08676444399998,goal,3.2793543338775635,-154.96041870117188,-30.00031089782715
72.12079193,goal,3.2434911727905273,-155.0492401123047,-30.000673294067383
72.15510213700003,goal,3.198526382446289,-155.16018676757812,-30.001169204711914
72.18794389700003,goal,3.162421226501465,-155.2489013671875,-30.001569747924805
72.22186997699998,goal,3.1262869834899902,-155.3376007080078,-30.00193977355957
72.25577841699999,goal,3.090122699737549,-155.42625427246094,-30.002286911010742
72.28782042,goal,3.0539772510528564,-155.514892578125,-30.002649307250977
72.32186319800002,goal,3.0178208351135254,-155.6035614013672,-30.003023147583008
72.35582187199998,goal,2.9726359844207764,-155.71441650390625,-30.003522872924805
72.38780868200001,goal,2.9364819526672363,-155.80319213867188,-30.003904342651367
72.42181019899999,goal,2.9003891944885254,-155.89212036132812,-30.004236221313477
72.455835664,goal,2.8642807006835938,-155.98117065429688,-30.00453758239746
72.48781903000003,goal,2.828167200088501,-156.07028198242188,-30.004793167114258
72.52186177700003,goal,2.7920219898223877,-156.15943908691406,-30.0049991607666
72.55585492099999,goal,2.746779441833496,-156.27099609375,-30.0052547454834
72.58782162800003,goal,2.7104969024658203,-156.36033630371094,-30.005464553833008
72.62182719600003,goal,2.674159288406372,-156.44969177246094,-30.005659103393555
72.656298752,goal,2.637758493423462,-156.53907775878906,-30.00578498840332
72.68782373699997,goal,2.601332187652588,-156.62847900390625,-30.005857467651367
72.721851765,goal,2.564884901046753,-156.71795654296875,-30.005952835083008
72.75580151100002,goal,2.5193567276000977,-156.8298797607422,-30.006162643432617
72.78780899399999,goal,2.4829492568969727,-156.9194793701172,-30.006399154663086
72.821833981,goal,2.4465525150299072,-157.0090789794922,-30.006662368774414
72.855821778,goal,2.4100959300994873,-157.09866333007812,-30.007020950317383
72.887797782,goal,2.373589277267456,-157.18824768066406,-30.0074520111084
72.92187429299997,goal,2.3370466232299805,-157.27786254882812,-30.007917404174805
72.955804102,goal,2.2912731170654297,-157.3899383544922,-30.00848960876465
72.98782821700001,goal,2.2546238899230957,-157.47962951660156,-30.00887107849121
73.02188293699999,goal,2.217860221862793,-157.56930541992188,-30.009172439575195
73.05579039000003,goal,2.1809756755828857,-157.65887451171875,-30.0093936920166
73.08786211,goal,2.1440324783325195,-157.74838256835938,-30.009523391723633
73.12189484100003,goal,2.1070199012756348,-157.83775329589844,-30.009611129760742
73.15605189400003,goal,2.06069016456604,-157.9492645263672,-30.009695053100586
73.18780445300001,goal,2.0236446857452393,-158.03836059570312,-30.00971794128418
73.22181149300002,goal,1.986619234085083,-158.1273956298828,-30.009672164916992
73.25594085300003,goal,1.949658751487732,-158.2163848876953,-30.00954246520996
73.28782945300003,goal,1.9126462936401367,-158.3052978515625,-30.009309768676758
73.321780381,goal,1.8756284713745117,-158.3941650390625,-30.0090389251709
73.35592240199998,goal,1.8293514251708984,-158.50509643554688,-30.00870704650879
73.38780229000002,goal,1.792354941368103,-158.59371948242188,-30.008481979370117
73.42177519299997,goal,1.7553588151931763,-158.6822967529297,-30.00836753845215
73.45621358,goal,1.7183765172958374,-158.7708282470703,-30.008291244506836
73.48781105299997,goal,1.6814358234405518,-158.859375,-30.008256912231445
73.52179105099998,goal,1.6445668935775757,-158.9479217529297,-30.00826072692871
73.55584933699998,goal,1.5985174179077148,-159.05859375,-30.00815773010254
73.58784034400003,goal,1.5617340803146362,-159.14710998535156,-30.008031845092773
73.62181376400002,goal,1.5249743461608887,-159.235595703125,-30.007936477661133
73.65582471800002,goal,1.488210678100586,-159.32411193847656,-30.007863998413086
73.68778469400002,goal,1.4514731168746948,-159.4126739501953,-30.00779914855957
73.72183897399998,goal,1.4147772789001465,-159.5012969970703,-30.0078067779541
73.75587264299998,goal,1.3689841032028198,-159.61219787597656,-30.0079288482666
73.78780394500001,goal,1.3324122428894043,-159.70098876953125,-30.008092880249023
73.82186129799999,goal,1.2958918809890747,-159.78985595703125,-30.008291244506836
73.85583408100001,goal,1.2594144344329834,-159.87881469726562,-30.008543014526367
73.88777916200002,goal,1.222978949546814,-159.9678192138672,-30.008813858032227
73.92183429599999,goal,1.1865791082382202,-160.056884765625,-30.00898551940918
73.95603180199998,goal,1.1502577066421509,-160.14602661132812,-30.009119033813477
73.98780177100002,goal,1.1049540042877197,-160.25746154785156,-30.00922966003418
74.02188763200002,goal,1.0687569379806519,-160.3466033935547,-30.009305953979492
74.05582115099998,goal,1.032621145248413,-160.4357452392578,-30.00935173034668
74.08781060400003,goal,0.9965236186981201,-160.52487182617188,-30.009347915649414
74.12181210300002,goal,0.9604818820953369,-160.614013671875,-30.00926399230957
74.15581265600002,goal,0.915502667427063,-160.72549438476562,-30.00913429260254
74.18778973600001,goal,0.8795381188392639,-160.81472778320312,-30.009023666381836
74.221798788,goal,0.8435473442077637,-160.90402221679688,-30.008913040161133
74.25582180700002,goal,0.8075186014175415,-160.99339294433594,-30.00886344909668
74.28777760000003,goal,0.7714414596557617,-161.08282470703125,-30.008882522583008
74.32182732500002,goal,0.7353566884994507,-161.17233276367188,-30.008920669555664
74.35587759100002,goal,0.6901485323905945,-161.2842559814453,-30.008974075317383
74.38777178499998,goal,0.6539035439491272,-161.37387084960938,-30.00904655456543
74.42177293499998,goal,0.6176596283912659,-161.4635467529297,-30.0091495513916
74.45587284800001,goal,0.5814374685287476,-161.55328369140625,-30.009286880493164
74.48776243399999,goal,0.5452350378036499,-161.64305114746094,-30.009428024291992
74.52179599800002,goal,0.5090320706367493,-161.73281860351562,-30.009599685668945
74.55589723600002,goal,0.4637299180030823,-161.84512329101562,-30.00977897644043
74.587765736,goal,0.4274815320968628,-161.93499755859375,-30.0098934173584
74.621789465,goal,0.3912266790866852,-162.02491760253906,-30.00998878479004
74.65584287400003,goal,0.35497424006462097,-162.1148681640625,-30.010122299194336
74.68777868500001,goal,0.3187265694141388,-162.20486450195312,-30.010297775268555
74.721796047,goal,0.28246262669563293,-162.2948760986328,-30.010496139526367
74.755837354,goal,0.23709940910339355,-162.40748596191406,-30.010831832885742
74.78776350999999,goal,0.20079481601715088,-162.49766540527344,-30.011171340942383
74.82176821299998,goal,0.16451911628246307,-162.58792114257812,-30.011568069458008
74.85581856200002,goal,0.12829084694385529,-162.6781768798828,-30.011945724487305
74.88775941400002,goal,0.09208080172538757,-162.76846313476562,-30.01231575012207
74.92174292599998,goal,0.05590009689331055,-162.8587188720703,-30.012666702270508
74.955844076,goal,0.010697094723582268,-162.97145080566406,-30.013078689575195
74.98776708100002,goal,-0.02546609938144684,-163.06161499023438,-30.013437271118164
75.021745899,goal,-0.06160387024283409,-163.1517333984375,-30.013864517211914
75.05581236699999,goal,-0.0976891964673996,-163.24180603027344,-30.01433753967285
75.08774726500002,goal,-0.13374392688274384,-163.3318328857422,-30.014863967895508
75.12179739700002,goal,-0.1697552353143692,-163.42181396484375,-30.0153751373291
75.15582829200002,goal,-0.21472801268100739,-163.53414916992188,-30.015989303588867
75.187758734,goal,-0.2506786286830902,-163.62400817871094,-30.016504287719727
75.22173307399999,goal,-0.2866276502609253,-163.71385192871094,-30.017000198364258
75.25578455700003,goal,-0.32258620858192444,-163.80368041992188,-30.01741600036621
75.28779438499998,goal,-0.35856059193611145,-163.89346313476562,-30.017751693725586
75.321726711,goal,-0.3945634961128235,-163.98313903808594,-30.018022537231445
75.355786481,goal,-0.4395717978477478,-164.09510803222656,-30.018320083618164
75.38776552799999,goal,-0.47551780939102173,-164.18453979492188,-30.01849937438965
75.42177880000003,goal,-0.5114309191703796,-164.27386474609375,-30.018651962280273
75.45581594100003,goal,-0.5473023056983948,-164.3630828857422,-30.018747329711914
75.48777170900001,goal,-0.5831299424171448,-164.45225524902344,-30.018774032592773
75.52172766199999,goal,-0.6189502477645874,-164.54135131835938,-30.018815994262695
75.55581773799997,goal,-0.663710355758667,-164.6526336669922,-30.01885414123535
75.58777473700002,goal,-0.6995059847831726,-164.74159240722656,-30.01887321472168
75.62174303500001,goal,-0.7352877259254456,-164.83050537109375,-30.018835067749023
75.65580535999999,goal,-0.7710097432136536,-164.91937255859375,-30.018720626831055
75.68778165100002,goal,-0.8066585659980774,-165.00814819335938,-30.018526077270508
75.72171310499999,goal,-0.8422161340713501,-165.09683227539062,-30.018247604370117
75.75583110600002,goal,-0.8865432143211365,-165.2075958251953,-30.01786994934082
75.78776396,goal,-0.9218556880950928,-165.296142578125,-30.01759910583496
75.82175293699999,goal,-0.9570561051368713,-165.3846893310547,-30.017316818237305
75.85576935699999,goal,-0.9921298623085022,-165.4732208251953,-30.017030715942383
75.88775749199999,goal,-1.0270158052444458,-165.561767578125,-30.01676368713379
75.92172996200003,goal,-1.061755895614624,-165.6503448486328,-30.016530990600586
75.95577970400001,goal,-1.1049808263778687,-165.7611846923828,-30.016294479370117
75.98776873100002,goal,-1.1394331455230713,-165.8499298095703,-30.016130447387695
76.02171132000001,goal,-1.173768401145935,-165.938720703125,-30.015939712524414
76.05576982500003,goal,-1.2080321311950684,-166.02757263183594,-30.015676498413086
76.08773358399998,goal,-1.2422618865966797,-166.1165008544922,-30.015363693237305
76.121740897,goal,-1.2764415740966797,-166.20553588867188,-30.014963150024414
76.15578679999999,goal,-1.319103479385376,-166.31695556640625,-30.014509201049805
76.18779211100002,goal,-1.3531941175460815,-166.40611267089844,-30.0141544342041
76.22171010900001,goal,-1.3872789144515991,-166.4953155517578,-30.01378059387207
76.255747708,goal,-1.4213017225265503,-166.5845489501953,-30.013410568237305
76.287751641,goal,-1.4552335739135742,-166.6737518310547,-30.013090133666992
76.321720116,goal,-1.4890764951705933,-166.762939453125,-30.01280403137207
76.355739583,goal,-1.5313540697097778,-166.87440490722656,-30.01247215270996
76.387783399,goal,-1.5651772022247314,-166.96359252929688,-30.0122127532959
76.421757603,goal,-1.5990006923675537,-167.05279541015625,-30.011919021606445
76.45573985200002,goal,-1.6328667402267456,-167.14198303222656,-30.0116024017334
76.48774665500002,goal,-1.6668373346328735,-167.23117065429688,-30.011247634887695
76.52172223299999,goal,-1.7008863687515259,-167.32040405273438,-30.010873794555664
76.55576308000002,goal,-1.7435925006866455,-167.43194580078125,-30.010351181030273
76.58775673000002,goal,-1.7778667211532593,-167.5211639404297,-30.009916305541992
76.62172577299998,goal,-1.8122755289077759,-167.61044311523438,-30.009504318237305
76.65573087299998,goal,-1.8468369245529175,-167.69976806640625,-30.009061813354492
76.687762099,goal,-1.8815149068832397,-167.7891082763672,-30.008604049682617
76.72173787999998,goal,-1.9162921905517578,-167.87841796875,-30.008142471313477
76.755734931,goal,-1.9598991870880127,-167.9901123046875,-30.007631301879883
76.78776033000003,goal,-1.9948668479919434,-168.0795135498047,-30.00727653503418
76.821754758,goal,-2.0299160480499268,-168.16893005371094,-30.006986618041992
76.85572956200002,goal,-2.0650076866149902,-168.25839233398438,-30.006765365600586
76.88777364200001,goal,-2.100149631500244,-168.3478546142578,-30.00663948059082
76.92173084000001,goal,-2.1353583335876465,-168.43739318847656,-30.006547927856445
76.95573276099998,goal,-2.1794111728668213,-168.5493927001953,-30.006441116333008
76.98777351400003,goal,-2.214625120162964,-168.63900756835938,-30.006349563598633
77.02172827800001,goal,-2.249788761138916,-168.7286376953125,-30.006242752075195
77.05573571899998,goal,-2.2849197387695312,-168.81829833984375,-30.006113052368164
77.08775186700001,goal,-2.3200414180755615,-168.9080047607422,-30.005983352661133
77.121722417,goal,-2.355144500732422,-168.99777221679688,-30.005956649780273
77.15577574600002,goal,-2.398932933807373,-169.1100311279297,-30.00605583190918
77.18776933999999,goal,-2.433861017227173,-169.19985961914062,-30.00620460510254
77.221746548,goal,-2.468724012374878,-169.28968811035156,-30.00638771057129
77.25578249,goal,-2.5035386085510254,-169.3794708251953,-30.00660514831543
77.28776418400003,goal,-2.538285732269287,-169.46920776367188,-30.006895065307617
77.32174451899999,goal,-2.5730223655700684,-169.55882263183594,-30.00737190246582
77.35574020299998,goal,-2.6163668632507324,-169.67071533203125,-30.00801658630371
77.38776622099999,goal,-2.651000738143921,-169.76019287109375,-30.008527755737305
77.42173313699999,goal,-2.685638904571533,-169.84970092773438,-30.009016036987305
77.45575046200003,goal,-2.720306158065796,-169.93919372558594,-30.00946617126465
77.48783023800002,goal,-2.7549679279327393,-170.02862548828125,-30.00987434387207
77.52177073000001,goal,-2.7896382808685303,-170.1179962158203,-30.01027488708496
77.555783282,goal,-2.833022356033325,-170.22962951660156,-30.010709762573242
77.58777205400003,goal,-2.8677263259887695,-170.31895446777344,-30.010976791381836
77.62178718400003,goal,-2.9023962020874023,-170.40829467773438,-30.01117515563965
77.655775194,goal,-2.9370388984680176,-170.4976806640625,-30.01124382019043
77.68777121099998,goal,-2.971658706665039,-170.5870819091797,-30.011201858520508
77.72172801699998,goal,-3.0062761306762695,-170.6764678955078,-30.011110305786133
77.75573679000001,goal,-3.0495338439941406,-170.78819274902344,-30.010953903198242
77.78779215100002,goal,-3.084111213684082,-170.87753295898438,-30.01081657409668
77.821773586,goal,-3.118652105331421,-170.9668731689453,-30.010671615600586
77.85574041199999,goal,-3.153160333633423,-171.0562286376953,-30.010507583618164
77.88776835300001,goal,-3.1876704692840576,-171.1455535888672,-30.010347366333008
77.92172945499999,goal,-3.2222115993499756,-171.23486328125,-30.01019859313965
77.9557299,goal,-3.2654786109924316,-171.346435546875,-30.009897232055664
77.98778575699998,goal,-3.300159454345703,-171.43569946289062,-30.00954246520996
78.02173142999999,goal,-3.3348283767700195,-171.52496337890625,-30.009157180786133
78.05574857800002,goal,-3.3694515228271484,-171.61422729492188,-30.00874137878418
78.08777420000001,goal,-3.4040417671203613,-171.70347595214844,-30.008337020874023
78.12173171199998,goal,-3.4386403560638428,-171.792724609375,-30.0079402923584
78.15573469700001,goal,-3.4819509983062744,-171.904296875,-30.00758171081543
78.18778503300001,goal,-3.51668643951416,-171.9935302734375,-30.007429122924805
78.22173672000002,goal,-3.5515332221984863,-172.082763671875,-30.007394790649414
78.25573819800002,goal,-3.5864768028259277,-172.1720428466797,-30.007410049438477
78.28777158100002,goal,-3.6214914321899414,-172.26132202148438,-30.00745964050293
78.3217593,goal,-3.6566097736358643,-172.3506317138672,-30.007577896118164
78.35474452800003,goal,-3.6917972564697266,-172.44000244140625,-30.007776260375977
78.38878867300002,goal,-3.735872745513916,-172.55186462402344,-30.008089065551758
78.42274709999998,goal,-3.7711915969848633,-172.64149475097656,-30.008352279663086
78.45475868800003,goal,-3.806511640548706,-172.73123168945312,-30.008623123168945
78.488810925,goal,-3.8418612480163574,-172.82102966308594,-30.008886337280273
78.522743262,goal,-3.877258777618408,-172.91090393066406,-30.00921058654785
78.55473705600002,goal,-3.9126739501953125,-173.00079345703125,-30.009519577026367
78.588781391,goal,-3.957010507583618,-173.1131591796875,-30.009973526000977
78.62274496999999,goal,-3.992537498474121,-173.2030792236328,-30.010435104370117
78.65473636899998,goal,-4.028151988983154,-173.29307556152344,-30.01091957092285
78.68879843899998,goal,-4.063873767852783,-173.38311767578125,-30.011396408081055
78.72278728200001,goal,-4.099694728851318,-173.47317504882812,-30.01190757751465
78.75473536599998,goal,-4.135584831237793,-173.5633087158203,-30.01237678527832
78.78879428800002,goal,-4.180508613586426,-173.6760711669922,-30.01291847229004
78.82275951000003,goal,-4.216418266296387,-173.7663116455078,-30.013280868530273
78.85473794900003,goal,-4.252355575561523,-173.85658264160156,-30.013715744018555
78.88879636000001,goal,-4.288308143615723,-173.94688415527344,-30.014204025268555
78.92275550400001,goal,-4.324273109436035,-174.0371856689453,-30.014680862426758
78.95473009300002,goal,-4.360219478607178,-174.1275177001953,-30.015153884887695
78.98878011599999,goal,-4.4050750732421875,-174.2404327392578,-30.015729904174805
79.02275162299998,goal,-4.440815448760986,-174.33078002929688,-30.016191482543945
79.054760574,goal,-4.476454257965088,-174.4210968017578,-30.016626358032227
79.08879532499998,goal,-4.512037754058838,-174.5113983154297,-30.01701545715332
79.12275257900001,goal,-4.54757022857666,-174.60165405273438,-30.01732063293457
79.15475811700003,goal,-4.583083629608154,-174.69183349609375,-30.017576217651367
79.18879811099998,goal,-4.62746524810791,-174.80441284179688,-30.017820358276367
79.22271928100002,goal,-4.662936210632324,-174.8944091796875,-30.017873764038086
79.25474833599998,goal,-4.698403358459473,-174.98426818847656,-30.017866134643555
79.28876630299999,goal,-4.73384952545166,-175.0740203857422,-30.017793655395508
79.32272159899998,goal,-4.769283294677734,-175.1636962890625,-30.017675399780273
79.35474140600002,goal,-4.804737567901611,-175.25326538085938,-30.017534255981445
79.38873852,goal,-4.8491339683532715,-175.36505126953125,-30.01735496520996
79.42273588500001,goal,-4.8846940994262695,-175.45431518554688,-30.01725196838379
79.454733653,goal,-4.920248985290527,-175.54344177246094,-30.0172176361084
79.48876428,goal,-4.955729007720947,-175.63250732421875,-30.017255783081055
79.52274881800003,goal,-4.9911274909973145,-175.7215118408203,-30.017305374145508
79.55472298900003,goal,-5.026433944702148,-175.8104705810547,-30.01740074157715
79.58875163699997,goal,-5.070491313934326,-175.92169189453125,-30.01752281188965
79.62275383000002,goal,-5.105644226074219,-176.01060485839844,-30.01756477355957
79.65473315600002,goal,-5.1407623291015625,-176.09947204589844,-30.017614364624023
79.68879798400002,goal,-5.175824165344238,-176.1883087158203,-30.017663955688477
79.72274909200002,goal,-5.210846900939941,-176.27711486816406,-30.017667770385742
79.75473649000003,goal,-5.24582576751709,-176.36593627929688,-30.01763343811035
79.78877078599999,goal,-5.2895097732543945,-176.47708129882812,-30.017545700073242
79.822749762,goal,-5.324398517608643,-176.56605529785156,-30.017480850219727
79.85473717500003,goal,-5.359236717224121,-176.65504455566406,-30.017385482788086
79.888784198,goal,-5.3940110206604,-176.7439727783203,-30.017240524291992
79.92275172400002,goal,-5.42872428894043,-176.83290100097656,-30.017061233520508
79.95472786800002,goal,-5.463376998901367,-176.9218292236328,-30.016897201538086
79.98878871800002,goal,-5.50670862197876,-177.03302001953125,-30.01670265197754
80.02274084800001,goal,-5.541397571563721,-177.12205505371094,-30.016592025756836
80.05474056700001,goal,-5.576134204864502,-177.2111053466797,-30.016481399536133
80.08878431699998,goal,-5.610892295837402,-177.30023193359375,-30.016366958618164
80.12273938800001,goal,-5.645634174346924,-177.389404296875,-30.016210556030273
80.15474383600002,goal,-5.680373668670654,-177.47860717773438,-30.01603126525879
80.18878182899999,goal,-5.723789215087891,-177.59010314941406,-30.015779495239258
80.22275294100001,goal,-5.758484363555908,-177.67930603027344,-30.01556968688965
80.25473797199999,goal,-5.793111324310303,-177.76849365234375,-30.015352249145508
80.288803089,goal,-5.827662467956543,-177.8577117919922,-30.015104293823242
80.322746585,goal,-5.862154960632324,-177.94699096679688,-30.01478385925293
80.35476110100001,goal,-5.896637916564941,-178.03634643554688,-30.014360427856445
80.38878297000002,goal,-5.93972110748291,-178.1480255126953,-30.01371955871582
80.422750608,goal,-5.974148273468018,-178.2373504638672,-30.013154983520508
80.45472157300003,goal,-6.008551597595215,-178.32664489746094,-30.012571334838867
80.48878676999999,goal,-6.042904853820801,-178.41592407226562,-30.012006759643555
80.52274613399999,goal,-6.0772271156311035,-178.50518798828125,-30.011484146118164
80.55473756100002,goal,-6.11152458190918,-178.5944366455078,-30.010988235473633
80.58879115899998,goal,-6.154374599456787,-178.70594787597656,-30.010404586791992
80.62274844699999,goal,-6.18868350982666,-178.79510498046875,-30.009984970092773
80.65473310700003,goal,-6.22300386428833,-178.8842010498047,-30.009599685668945
80.68878875600001,goal,-6.257335662841797,-178.9731903076172,-30.00925636291504
80.72277193100001,goal,-6.291662216186523,-179.0621337890625,-30.008901596069336
80.75474331700002,goal,-6.326020240783691,-179.15106201171875,-30.00855827331543
80.788807485,goal,-6.3690361976623535,-179.26220703125,-30.008134841918945
80.82276259700001,goal,-6.403515338897705,-179.35113525390625,-30.007810592651367
80.854765827,goal,-6.438072681427002,-179.44009399414062,-30.007516860961914
80.88879511200003,goal,-6.4727253913879395,-179.52911376953125,-30.00722312927246
80.92281788999998,goal,-6.507431507110596,-179.61819458007812,-30.006990432739258
80.95473250999999,goal,-6.542230129241943,-179.7073211669922,-30.006746292114258
80.988871023,goal,-6.585824489593506,-179.81886291503906,-30.0064640045166
81.02274428800001,goal,-6.620781898498535,-179.90821838378906,-30.006277084350586
81.05474789800002,goal,-6.655820369720459,-179.99765014648438,-30.006101608276367
81.088786658,goal,-6.6908979415893555,-180.0871124267578,-30.00591468811035
81.122765566,goal,-6.725977420806885,-180.17660522460938,-30.00568199157715
81.15473812900001,goal,-6.761058330535889,-180.26611328125,-30.005422592163086
81.18878658300002,goal,-6.80488395690918,-180.3779754638672,-30.005109786987305
81.222744734,goal,-6.839941501617432,-180.4674530029297,-30.00489616394043
81.254731128,goal,-6.875011444091797,-180.55691528320312,-30.00470542907715
81.28879260999997,goal,-6.910137176513672,-180.64634704589844,-30.004541397094727
81.32274458400002,goal,-6.945312023162842,-180.73580932617188,-30.004453659057617
81.35472995600003,goal,-6.980539321899414,-180.8252716064453,-30.00437355041504
81.388785579,goal,-7.024640083312988,-180.9370880126953,-30.004281997680664
81.42275127099998,goal,-7.059931755065918,-181.0265655517578,-30.004213333129883
81.45476254200003,goal,-7.095210552215576,-181.11605834960938,-30.0041446685791
81.48879831200003,goal,-7.130504608154297,-181.20558166503906,-30.004087448120117
81.52275584300003,goal,-7.165806770324707,-181.2951202392578,-30.00397300720215
81.554759321,goal,-7.201076507568359,-181.38467407226562,-30.00383949279785
81.58879349400002,goal,-7.245070934295654,-181.49659729003906,-30.003694534301758
81.62279972300001,goal,-7.280194282531738,-181.58609008789062,-30.003633499145508
81.65473547699997,goal,-7.3152923583984375,-181.67555236816406,-30.003583908081055
81.688811633,goal,-7.3503804206848145,-181.76495361328125,-30.003541946411133
81.722752947,goal,-7.385453701019287,-181.85426330566406,-30.003496170043945
81.75475950200001,goal,-7.420524597167969,-181.94345092773438,-30.00345802307129
81.78879380299998,goal,-7.464362621307373,-182.0547637939453,-30.00336265563965
81.82274996299998,goal,-7.499397277832031,-182.14366149902344,-30.003217697143555
81.854748884,goal,-7.534400463104248,-182.23252868652344,-30.00313377380371
81.88880041300001,goal,-7.569347381591797,-182.32135009765625,-30.003114700317383
81.92274639099998,goal,-7.604204177856445,-182.41012573242188,-30.003019332885742
81.95473888599997,goal,-7.638988494873047,-182.49887084960938,-30.002901077270508
81.98878893599999,goal,-7.682413101196289,-182.60971069335938,-30.00275230407715
82.02274790400003,goal,-7.717154026031494,-182.69834899902344,-30.002614974975586
82.05476536999998,goal,-7.751876354217529,-182.78695678710938,-30.00245475769043
82.088805697,goal,-7.786597728729248,-182.87554931640625,-30.002267837524414
82.12396538500002,goal,-7.821321964263916,-182.96414184570312,-30.002023696899414
82.15599432300002,goal,-7.856025218963623,-183.0527801513672,-30.00181770324707
82.19001007000003,goal,-7.899331092834473,-183.16368103027344,-30.00164222717285
82.22396676300002,goal,-7.933938980102539,-183.2525634765625,-30.001558303833008
82.25594984399999,goal,-7.968538284301758,-183.34153747558594,-30.001455307006836
82.29000859299998,goal,-8.003191947937012,-183.4306182861328,-30.001333236694336
82.32397040500001,goal,-8.037894248962402,-183.51983642578125,-30.001184463500977
82.35596971000001,goal,-8.072629928588867,-183.60916137695312,-30.0010929107666
82.38999526600003,goal,-8.116147994995117,-183.72088623046875,-30.001062393188477
82.42397126999998,goal,-8.15108585357666,-183.8103790283203,-30.001096725463867
82.45596392300001,goal,-8.18614387512207,-183.89993286132812,-30.00117301940918
82.49000750699997,goal,-8.221285820007324,-183.98953247070312,-30.001314163208008
82.52393455800001,goal,-8.256453514099121,-184.07907104492188,-30.001440048217773
82.55597581900003,goal,-8.291669845581055,-184.16856384277344,-30.001585006713867
82.58995550100002,goal,-8.335715293884277,-184.28036499023438,-30.00175666809082
82.62393866500003,goal,-8.37093734741211,-184.3697052001953,-30.00187873840332
82.655971508,goal,-8.406121253967285,-184.4590301513672,-30.002023696899414
82.68994924999998,goal,-8.441330909729004,-184.54835510253906,-30.002195358276367
82.72394962700002,goal,-8.476521492004395,-184.63771057128906,-30.002336502075195
82.75596783700001,goal,-8.511757850646973,-184.72703552246094,-30.002519607543945
82.78998426599998,goal,-8.555807113647461,-184.83865356445312,-30.002771377563477
82.823951663,goal,-8.591044425964355,-184.92784118652344,-30.00297737121582
82.855944496,goal,-8.626243591308594,-185.0169677734375,-30.003175735473633
82.88996503200002,goal,-8.661380767822266,-185.10606384277344,-30.00337028503418
82.92395773300001,goal,-8.696415901184082,-185.19508361816406,-30.003625869750977
82.95595878300003,goal,-8.731339454650879,-185.28407287597656,-30.003881454467773
82.98999434400002,goal,-8.774887084960938,-185.39527893066406,-30.004262924194336
83.02396154299998,goal,-8.809662818908691,-185.48422241210938,-30.004552841186523
83.05598063600002,goal,-8.844388961791992,-185.5730743408203,-30.004850387573242
83.090058768,goal,-8.879100799560547,-185.6619110107422,-30.005136489868164
83.123952309,goal,-8.913830757141113,-185.75071716308594,-30.005407333374023
83.155965525,goal,-8.948594093322754,-185.8395233154297,-30.00565528869629
83.18999337399998,goal,-8.992172241210938,-185.95057678222656,-30.005956649780273
83.22396808899998,goal,-9.027094841003418,-186.03945922851562,-30.006235122680664
83.25595415100003,goal,-9.062052726745605,-186.12832641601562,-30.006505966186523
83.28998213400001,goal,-9.09702205657959,-186.21719360351562,-30.006746292114258
83.32397574499998,goal,-9.132058143615723,-186.3060760498047,-30.007055282592773
83.35595480799998,goal,-9.167094230651855,-186.39495849609375,-30.007368087768555
83.38999545899998,goal,-9.210929870605469,-186.506103515625,-30.007795333862305
83.423984491,goal,-9.246040344238281,-186.59506225585938,-30.00815773010254
83.45595251200001,goal,-9.281143188476562,-186.68406677246094,-30.00849723815918
83.490000834,goal,-9.316255569458008,-186.7730712890625,-30.008813858032227
83.52395248900001,goal,-9.351384162902832,-186.8621063232422,-30.009153366088867
83.55595969900003,goal,-9.38649845123291,-186.951171875,-30.009424209594727
83.59001168200001,goal,-9.430452346801758,-187.06243896484375,-30.00968360900879
83.62396408199999,goal,-9.465662002563477,-187.15142822265625,-30.00983238220215
83.655948233,goal,-9.500911712646484,-187.2404327392578,-30.009916305541992
83.69000616599999,goal,-9.53622055053711,-187.3295135498047,-30.00996971130371
83.72394729899997,goal,-9.571573257446289,-187.4186553955078,-30.010038375854492
83.75594145500003,goal,-9.606985092163086,-187.50787353515625,-30.01009178161621
83.79000668600003,goal,-9.651317596435547,-187.61952209472656,-30.0101375579834
83.823956195,goal,-9.686792373657227,-187.7089080810547,-30.010168075561523
83.85596361400002,goal,-9.722297668457031,-187.79832458496094,-30.010194778442383
83.89004374500001,goal,-9.757818222045898,-187.8878173828125,-30.01019859313965
83.92395244200003,goal,-9.793305397033691,-187.9773712158203,-30.0101261138916
83.95595554099998,goal,-9.828718185424805,-188.0670166015625,-30.0100040435791
83.99000513300001,goal,-9.872871398925781,-188.1791534423828,-30.009794235229492
84.02395017600003,goal,-9.908072471618652,-188.2689208984375,-30.009626388549805
84.05598692799998,goal,-9.943182945251465,-188.3586883544922,-30.009485244750977
84.089994375,goal,-9.978216171264648,-188.44847106933594,-30.00934410095215
84.12397104000001,goal,-10.013181686401367,-188.5381622314453,-30.009157180786133
84.155953227,goal,-10.048083305358887,-188.62774658203125,-30.00893211364746
84.18999509899999,goal,-10.091602325439453,-188.73956298828125,-30.00856590270996
84.22394639800001,goal,-10.126347541809082,-188.8289337158203,-30.008195877075195
84.255950579,goal,-10.16109848022461,-188.91824340820312,-30.00785255432129
84.28999626699999,goal,-10.195852279663086,-189.00753784179688,-30.007551193237305
84.323942208,goal,-10.230605125427246,-189.09686279296875,-30.00722312927246
84.355943782,goal,-10.265325546264648,-189.18621826171875,-30.00691032409668
84.39001576100003,goal,-10.308684349060059,-189.2979736328125,-30.006582260131836
84.42395199499998,goal,-10.343334197998047,-189.387451171875,-30.006437301635742
84.45594781900002,goal,-10.377952575683594,-189.47691345214844,-30.00636863708496
84.49000456800002,goal,-10.412515640258789,-189.5663604736328,-30.006357192993164
84.523943014,goal,-10.447047233581543,-189.65579223632812,-30.00639533996582
84.55595078099998,goal,-10.481575965881348,-189.74522399902344,-30.006505966186523
84.59003481600001,goal,-10.524735450744629,-189.8569793701172,-30.00669288635254
84.62401165,goal,-10.559276580810547,-189.94638061523438,-30.006826400756836
84.65598173199999,goal,-10.593873023986816,-190.0357208251953,-30.006940841674805
84.69000124400003,goal,-10.628483772277832,-190.12506103515625,-30.007047653198242
84.72396747200003,goal,-10.663068771362305,-190.2144012451172,-30.0071964263916
84.75594315500001,goal,-10.697572708129883,-190.3037109375,-30.007375717163086
84.79000267700002,goal,-10.740586280822754,-190.41526794433594,-30.007612228393555
84.82395425700003,goal,-10.774880409240723,-190.50450134277344,-30.00773048400879
84.85595924500001,goal,-10.80907154083252,-190.59371948242188,-30.007822036743164
84.88999980800003,goal,-10.843202590942383,-190.68292236328125,-30.007905960083008
84.92395848400002,goal,-10.87726879119873,-190.7720489501953,-30.0080509185791
84.95594823800002,goal,-10.911293029785156,-190.86111450195312,-30.00823402404785
84.99000905399998,goal,-10.953847885131836,-190.97238159179688,-30.008527755737305
85.023987379,goal,-10.987944602966309,-191.06134033203125,-30.008821487426758
85.05596081700003,goal,-11.022027969360352,-191.1502685546875,-30.009183883666992
85.090022009,goal,-11.056077003479004,-191.2391357421875,-30.009565353393555
85.12395171899999,goal,-11.090085983276367,-191.32797241210938,-30.00999641418457
85.15594240799999,goal,-11.124056816101074,-191.41677856445312,-30.01042366027832
85.19005199700001,goal,-11.166457176208496,-191.52772521972656,-30.010923385620117
85.22395482799999,goal,-11.200350761413574,-191.61651611328125,-30.011194229125977
85.255950945,goal,-11.234249114990234,-191.70538330078125,-30.011377334594727
85.29000350899997,goal,-11.268148422241211,-191.79432678222656,-30.0114688873291
85.32396630900001,goal,-11.302084922790527,-191.88331604003906,-30.011510848999023
85.355971431,goal,-11.336053848266602,-191.9722900390625,-30.011564254760742
85.39001228400002,goal,-11.3786039352417,-192.08349609375,-30.011632919311523
85.423961599,goal,-11.412741661071777,-192.17239379882812,-30.011640548706055
85.45597991599999,goal,-11.446976661682129,-192.2613067626953,-30.011621475219727
85.49000628700003,goal,-11.481307029724121,-192.35025024414062,-30.011560440063477
85.52396930600003,goal,-11.515692710876465,-192.439208984375,-30.011430740356445
85.55597909699998,goal,-11.550086975097656,-192.5281524658203,-30.011320114135742
85.590010946,goal,-11.593060493469238,-192.63934326171875,-30.01117515563965
85.62396452000002,goal,-11.627443313598633,-192.72830200195312,-30.0109920501709
85.655957349,goal,-11.661800384521484,-192.81723022460938,-30.01081657409668
85.690028434,goal,-11.696094512939453,-192.90609741210938,-30.0106143951416
85.72396557000002,goal,-11.730356216430664,-192.99485778808594,-30.01032829284668
85.75595461300003,goal,-11.764589309692383,-193.08352661132812,-30.010042190551758
85.79000309600002,goal,-11.80739688873291,-193.19432067871094,-30.009695053100586
85.82393552500002,goal,-11.841623306274414,-193.28289794921875,-30.0093936920166
85.85597307199998,goal,-11.875821113586426,-193.37149047851562,-30.00908088684082
85.889946404,goal,-11.909957885742188,-193.46009826660156,-30.00874137878418
85.9239331,goal,-11.944082260131836,-193.5487060546875,-30.008371353149414
85.95594237799997,goal,-11.978189468383789,-193.63726806640625,-30.007936477661133
85.989958909,goal,-12.020844459533691,-193.74790954589844,-30.007253646850586
86.02395232499998,goal,-12.05501651763916,-193.8363037109375,-30.006608963012695
86.05595796199998,goal,-12.089179039001465,-193.9246368408203,-30.0059757232666
86.08997812000001,goal,-12.123322486877441,-194.01296997070312,-30.005346298217773
86.12395683300002,goal,-12.157431602478027,-194.10125732421875,-30.00461769104004
86.15594779899999,goal,-12.191485404968262,-194.1894989013672,-30.003816604614258
86.18999132200003,goal,-12.234040260314941,-194.29986572265625,-30.002779006958008
86.22400280800002,goal,-12.268088340759277,-194.38809204101562,-30.001977920532227
86.25595706299998,goal,-12.302131652832031,-194.476318359375,-30.00123405456543
86.29002133900002,goal,-12.336104393005371,-194.5645294189453,-30.0006046295166
86.323977534,goal,-12.370003700256348,-194.6527862548828,-30.000070571899414
86.35596494800001,goal,-12.403854370117188,-194.74111938476562,-29.999650955200195
86.39001723500002,goal,-12.446154594421387,-194.8516387939453,-29.99925422668457
86.42399259899997,goal,-12.479969024658203,-194.9401397705078,-29.999032974243164
86.45594787800002,goal,-12.51375675201416,-195.02870178222656,-29.998910903930664
86.49000159000002,goal,-12.547529220581055,-195.11729431152344,-29.9988956451416
86.52398732300003,goal,-12.581256866455078,-195.20591735839844,-29.99896812438965
86.55596799099999,goal,-12.61495590209961,-195.29452514648438,-29.999120712280273
86.59001149099998,goal,-12.657044410705566,-195.4052734375,-29.99941062927246
86.62398381899999,goal,-12.690707206726074,-195.49388122558594,-29.999666213989258
86.65596619799999,goal,-12.724360466003418,-195.58251953125,-30.000001907348633
86.69003673499998,goal,-12.758062362670898,-195.6712188720703,-30.000349044799805
86.72396150700001,goal,-12.791827201843262,-195.75997924804688,-30.000654220581055
86.75597086300002,goal,-12.82568073272705,-195.84878540039062,-30.000905990600586
86.79001532199999,goal,-12.86806869506836,-195.95982360839844,-30.001218795776367
86.82396014099999,goal,-12.90201473236084,-196.0487060546875,-30.001432418823242
86.85598464999998,goal,-12.936039924621582,-196.13763427734375,-30.001604080200195
86.89000258300001,goal,-12.970142364501953,-196.22662353515625,-30.001733779907227
86.92396374700002,goal,-13.004310607910156,-196.3157196044922,-30.001859664916992
86.95597918300001,goal,-13.038528442382812,-196.40487670898438,-30.00200843811035
86.990024231,goal,-13.08128833770752,-196.5164337158203,-30.002225875854492
87.02395234800002,goal,-13.115419387817383,-196.60572814941406,-30.002397537231445
87.05597928700001,goal,-13.149513244628906,-196.695068359375,-30.002580642700195
87.089995794,goal,-13.183615684509277,-196.78440856933594,-30.0028133392334
87.12396130899998,goal,-13.217718124389648,-196.873779296875,-30.003164291381836
87.15594918900001,goal,-13.251852989196777,-196.9631805419922,-30.00356101989746
87.19001213400003,goal,-13.294559478759766,-197.0750274658203,-30.004117965698242
87.22396223300001,goal,-13.328795433044434,-197.16458129882812,-30.004629135131836
87.25596473899998,goal,-13.363064765930176,-197.25416564941406,-30.005125045776367
87.290015133,goal,-13.397323608398438,-197.34381103515625,-30.005632400512695
87.32400347599997,goal,-13.431548118591309,-197.43353271484375,-30.006120681762695
87.355985998,goal,-13.46569538116455,-197.5233154296875,-30.00653648376465
87.39000722600002,goal,-13.50825023651123,-197.6355438232422,-30.00694465637207
87.42396234900002,goal,-13.542207717895508,-197.72537231445312,-30.007226943969727
87.455958721,goal,-13.576101303100586,-197.8152313232422,-30.007417678833008
87.49000486900002,goal,-13.60991382598877,-197.9051055908203,-30.007478713989258
87.523973361,goal,-13.643646240234375,-197.99497985839844,-30.007413864135742
87.55598574499999,goal,-13.677227973937988,-198.08482360839844,-30.007226943969727
87.58999996099999,goal,-13.719036102294922,-198.1970977783203,-30.00684928894043
87.62398392900002,goal,-13.752432823181152,-198.2869415283203,-30.006479263305664
87.65594741299998,goal,-13.78586483001709,-198.37673950195312,-30.006113052368164
87.69005624200003,goal,-13.819379806518555,-198.46644592285156,-30.0057430267334
87.72396147,goal,-13.852995872497559,-198.55606079101562,-30.005338668823242
87.75594422900002,goal,-13.886719703674316,-198.64556884765625,-30.00494956970215
87.79006095300002,goal,-13.928999900817871,-198.75733947753906,-30.004541397094727
87.823985531,goal,-13.962921142578125,-198.8466339111328,-30.004362106323242
87.856044715,goal,-13.996877670288086,-198.93580627441406,-30.004255294799805
87.890027272,goal,-14.030867576599121,-199.02488708496094,-30.00420570373535
87.92400768599998,goal,-14.064878463745117,-199.11390686035156,-30.004240036010742
87.95596068399999,goal,-14.098959922790527,-199.20286560058594,-30.004297256469727
87.99001755299997,goal,-14.141692161560059,-199.3140106201172,-30.00437355041504
88.02833759399999,goal,-14.175954818725586,-199.40289306640625,-30.00441551208496
88.07151287900001,goal,-14.210283279418945,-199.4917449951172,-30.004392623901367
88.10553529700002,goal,-14.244715690612793,-199.58050537109375,-30.00431251525879
88.139505864,goal,-14.279242515563965,-199.669189453125,-30.004228591918945
88.17148346200003,goal,-14.313872337341309,-199.7578125,-30.004117965698242
88.20553245100001,goal,-14.357285499572754,-199.86849975585938,-30.00398063659668
88.239506947,goal,-14.392064094543457,-199.95689392089844,-30.003942489624023
88.27148533000002,goal,-14.426828384399414,-200.0452117919922,-30.003889083862305
88.30552465699998,goal,-14.461581230163574,-200.13348388671875,-30.003835678100586
88.33949483800001,goal,-14.49630069732666,-200.22174072265625,-30.003755569458008
88.37151699600003,goal,-14.530972480773926,-200.3099822998047,-30.00370979309082
88.40552834900001,goal,-14.574289321899414,-200.42027282714844,-30.00368309020996
88.43954527099999,goal,-14.608963012695312,-200.50851440429688,-30.003625869750977
88.47153317599998,goal,-14.643631935119629,-200.5968017578125,-30.003599166870117
88.50554138199999,goal,-14.678284645080566,-200.68516540527344,-30.003610610961914
88.53950318,goal,-14.712956428527832,-200.77362060546875,-30.00361442565918
88.57151031400002,goal,-14.747636795043945,-200.86219787597656,-30.00367546081543
88.60552283499999,goal,-14.791003227233887,-200.97300720214844,-30.00382423400879
88.63950566300002,goal,-14.825723648071289,-201.06178283691406,-30.003950119018555
88.67151429199998,goal,-14.860466003417969,-201.15072631835938,-30.004079818725586
88.70557787799999,goal,-14.895208358764648,-201.23985290527344,-30.004186630249023
88.73953799399999,goal,-14.92995548248291,-201.3291473388672,-30.00433921813965
88.771505505,goal,-14.964727401733398,-201.41856384277344,-30.004465103149414
88.805564113,goal,-15.008232116699219,-201.530517578125,-30.004636764526367
88.839529556,goal,-15.043027877807617,-201.62022399902344,-30.004838943481445
88.87152411300002,goal,-15.077787399291992,-201.7099609375,-30.005033493041992
88.905530983,goal,-15.112500190734863,-201.79974365234375,-30.005239486694336
88.93952152600002,goal,-15.147191047668457,-201.88955688476562,-30.00551414489746
88.97154379800003,goal,-15.181884765625,-201.97938537597656,-30.00581169128418
89.005588262,goal,-15.225265502929688,-202.09169006347656,-30.006200790405273
89.03950964199998,goal,-15.25997543334961,-202.18161010742188,-30.00651741027832
89.07149364600002,goal,-15.294656753540039,-202.2716064453125,-30.00684928894043
89.10551942299998,goal,-15.329353332519531,-202.3616943359375,-30.007158279418945
89.139469093,goal,-15.3640718460083,-202.4518280029297,-30.0074405670166
89.17149531299998,goal,-15.39886474609375,-202.54197692871094,-30.00771141052246
89.20553493699998,goal,-15.442463874816895,-202.65464782714844,-30.008012771606445
89.23945689200002,goal,-15.477483749389648,-202.74476623535156,-30.008249282836914
89.27149421000001,goal,-15.51264762878418,-202.83493041992188,-30.008466720581055
89.30556174100002,goal,-15.547884941101074,-202.92514038085938,-30.00862693786621
89.33955260099998,goal,-15.583154678344727,-203.015380859375,-30.008756637573242
89.37152555199998,goal,-15.618515014648438,-203.10568237304688,-30.008806228637695
89.40552199000001,goal,-15.662742614746094,-203.21856689453125,-30.008771896362305
89.43951164700002,goal,-15.698132514953613,-203.30889892578125,-30.00877571105957
89.471566242,goal,-15.733485221862793,-203.39920043945312,-30.008813858032227
89.50558479900002,goal,-15.768813133239746,-203.4894561767578,-30.008878707885742
89.53951882500002,goal,-15.804171562194824,-203.57962036132812,-30.008947372436523
89.57154749199998,goal,-15.839585304260254,-203.6697235107422,-30.009069442749023
89.60554365600001,goal,-15.883845329284668,-203.7823028564453,-30.009279251098633
89.63952083499998,goal,-15.919228553771973,-203.8723602294922,-30.00938606262207
89.67150253699998,goal,-15.954597473144531,-203.9623565673828,-30.00948143005371
89.70553494199999,goal,-15.989986419677734,-204.05226135253906,-30.009538650512695
89.73950092799998,goal,-16.02532386779785,-204.1420440673828,-30.00954246520996
89.77151167199997,goal,-16.060619354248047,-204.23170471191406,-30.009557723999023
89.80557022200003,goal,-16.104690551757812,-204.34368896484375,-30.009611129760742
89.83950441500002,goal,-16.139892578125,-204.43319702148438,-30.009687423706055
89.871557059,goal,-16.175052642822266,-204.52264404296875,-30.009801864624023
89.90553334499998,goal,-16.21016502380371,-204.61207580566406,-30.009912490844727
89.93953195199998,goal,-16.245166778564453,-204.701416015625,-30.010011672973633
89.97154509199999,goal,-16.28006935119629,-204.79066467285156,-30.010160446166992
90.00558421900001,goal,-16.32354736328125,-204.902099609375,-30.010435104370117
90.039545481,goal,-16.35823631286621,-204.99111938476562,-30.010671615600586
90.07150530199999,goal,-16.392879486083984,-205.08006286621094,-30.01084327697754
90.10555243099998,goal,-16.42751693725586,-205.16891479492188,-30.010961532592773
90.13953396,goal,-16.462146759033203,-205.25772094726562,-30.011171340942383
90.17150013100002,goal,-16.496782302856445,-205.34654235839844,-30.01139259338379
90.20579000600003,goal,-16.54011344909668,-205.4574737548828,-30.0117130279541
90.23954993699999,goal,-16.574806213378906,-205.54615783691406,-30.011991500854492
90.27179695299998,goal,-16.60955047607422,-205.63478088378906,-30.012327194213867
90.305547875,goal,-16.6442928314209,-205.72335815429688,-30.012712478637695
90.33955439300001,goal,-16.679019927978516,-205.81187438964844,-30.013002395629883
90.37163203199998,goal,-16.713668823242188,-205.90032958984375,-30.01323890686035
90.405703077,goal,-16.756813049316406,-206.01087951660156,-30.01352882385254
90.439531682,goal,-16.79122543334961,-206.09933471679688,-30.013765335083008
90.471581996,goal,-16.825599670410156,-206.18780517578125,-30.0139217376709
90.50553535400002,goal,-16.859966278076172,-206.2763214111328,-30.01401710510254
90.53952410699998,goal,-16.894330978393555,-206.36485290527344,-30.014184951782227
90.57154965699999,goal,-16.92865753173828,-206.453369140625,-30.01435661315918
90.60556247800002,goal,-16.971492767333984,-206.56399536132812,-30.014551162719727
90.63952957800001,goal,-17.005685806274414,-206.6525421142578,-30.014707565307617
90.671518155,goal,-17.039762496948242,-206.74111938476562,-30.014799118041992
90.70555099299997,goal,-17.0737361907959,-206.82969665527344,-30.014829635620117
90.73951649100002,goal,-17.107542037963867,-206.91827392578125,-30.014867782592773
90.77154209100001,goal,-17.141220092773438,-207.00686645507812,-30.014936447143555
90.80560072100002,goal,-17.183170318603516,-207.11764526367188,-30.015043258666992
90.83952526899998,goal,-17.21660041809082,-207.20632934570312,-30.015172958374023
90.871534661,goal,-17.249961853027344,-207.29507446289062,-30.015356063842773
90.90556058599998,goal,-17.283279418945312,-207.3838348388672,-30.015600204467773
90.93952781399997,goal,-17.316524505615234,-207.47265625,-30.01588249206543
90.97152473199998,goal,-17.349699020385742,-207.56150817871094,-30.016122817993164
91.00574397499997,goal,-17.391050338745117,-207.6726531982422,-30.016435623168945
91.03952875300001,goal,-17.424095153808594,-207.76162719726562,-30.016759872436523
91.07153478200001,goal,-17.45718002319336,-207.85064697265625,-30.017099380493164
91.10558228000002,goal,-17.4903564453125,-207.93972778320312,-30.017423629760742
91.13961673699998,goal,-17.523605346679688,-208.02886962890625,-30.017709732055664
91.17156710199998,goal,-17.55691909790039,-208.11807250976562,-30.017980575561523
91.205561682,goal,-17.598644256591797,-208.2296905517578,-30.018285751342773
91.23958159099999,goal,-17.63205337524414,-208.31903076171875,-30.01845359802246
91.271527606,goal,-17.665468215942383,-208.40841674804688,-30.018705368041992
91.30558432100003,goal,-17.69888687133789,-208.49783325195312,-30.019025802612305
91.33953832100002,goal,-17.732315063476562,-208.58729553222656,-30.019311904907227
91.37153555399999,goal,-17.7657527923584,-208.67677307128906,-30.019594192504883
91.40557626100002,goal,-17.80760383605957,-208.78863525390625,-30.01997184753418
91.439574612,goal,-17.841163635253906,-208.8780975341797,-30.02027702331543
91.471552874,goal,-17.874786376953125,-208.96755981445312,-30.02060890197754
91.50560847600002,goal,-17.908443450927734,-209.05703735351562,-30.02092933654785
91.53954421700001,goal,-17.942138671875,-209.1465301513672,-30.021291732788086
91.57278226300002,goal,-17.97587013244629,-209.23602294921875,-30.02159309387207
91.60659804,goal,-18.018037796020508,-209.3478546142578,-30.021841049194336
91.640555087,goal,-18.051767349243164,-209.43731689453125,-30.021947860717773
91.67257934700001,goal,-18.085500717163086,-209.52676391601562,-30.022001266479492
91.706587953,goal,-18.11922264099121,-209.6162109375,-30.022005081176758
91.740547483,goal,-18.152902603149414,-209.70565795898438,-30.02204704284668
91.77251358400002,goal,-18.186574935913086,-209.79507446289062,-30.02202033996582
91.80670672999997,goal,-18.228639602661133,-209.90684509277344,-30.021894454956055
91.84057539000003,goal,-18.26221466064453,-209.9962615966797,-30.021753311157227
91.872545425,goal,-18.29572296142578,-210.08566284179688,-30.02156639099121
91.90659644599998,goal,-18.329187393188477,-210.17503356933594,-30.021337509155273
91.94063775000001,goal,-18.362648010253906,-210.26437377929688,-30.02113914489746
91.97254076500002,goal,-18.39617347717285,-210.3537139892578,-30.020910263061523
92.00674648799998,goal,-18.438182830810547,-210.46536254882812,-30.020612716674805
92.040564958,goal,-18.47183609008789,-210.55465698242188,-30.020349502563477
92.07255466499998,goal,-18.505529403686523,-210.64393615722656,-30.020051956176758
92.10667973800003,goal,-18.53926658630371,-210.7332000732422,-30.01973533630371
92.14055272500002,goal,-18.573028564453125,-210.82244873046875,-30.0194034576416
92.17257301299998,goal,-18.606773376464844,-210.91165161132812,-30.01912498474121
92.206588221,goal,-18.649036407470703,-211.0231475830078,-30.01881980895996
92.2405468,goal,-18.68294334411621,-211.11233520507812,-30.018613815307617
92.27253852299998,goal,-18.716947555541992,-211.2014923095703,-30.018457412719727
92.306584681,goal,-18.75099754333496,-211.2906036376953,-30.018281936645508
92.34056262899998,goal,-18.78506851196289,-211.379638671875,-30.01801109313965
92.37253000499999,goal,-18.819141387939453,-211.46865844726562,-30.017656326293945
92.40659829200001,goal,-18.861732482910156,-211.5799102783203,-30.01713752746582
92.44052337599999,goal,-18.895845413208008,-211.66885375976562,-30.0167179107666
92.47258111299999,goal,-18.930025100708008,-211.7577667236328,-30.016279220581055
92.50658506799999,goal,-18.964248657226562,-211.8466796875,-30.015859603881836
92.54060582699998,goal,-18.998537063598633,-211.93560791015625,-30.015424728393555
92.57256656599998,goal,-19.032861709594727,-212.0245361328125,-30.014963150024414
92.606567111,goal,-19.07578468322754,-212.1356964111328,-30.014314651489258
92.64055830299998,goal,-19.11014747619629,-212.2246551513672,-30.013742446899414
92.67257551,goal,-19.1445369720459,-212.31370544433594,-30.013181686401367
92.70659363499999,goal,-19.178890228271484,-212.4027862548828,-30.012636184692383
92.740610882,goal,-19.21323585510254,-212.49195861816406,-30.012121200561523
92.77259987399998,goal,-19.24757957458496,-212.58123779296875,-30.011716842651367
92.80660753900003,goal,-19.29051399230957,-212.69287109375,-30.011316299438477
92.84072032900002,goal,-19.324813842773438,-212.78213500976562,-30.011022567749023
92.87257919799998,goal,-19.35910415649414,-212.87132263183594,-30.01081657409668
92.90665074100002,goal,-19.393346786499023,-212.9604034423828,-30.010717391967773
92.940697968,goal,-19.42753791809082,-213.0494384765625,-30.010725021362305
92.972557913,goal,-19.461706161499023,-213.13845825195312,-30.01082420349121
93.00660101699998,goal,-19.50446891784668,-213.24966430664062,-30.011083602905273
93.04068922800002,goal,-19.538705825805664,-213.338623046875,-30.011320114135742
93.07260083900002,goal,-19.57292938232422,-213.42759704589844,-30.011526107788086
93.106582075,goal,-19.60713005065918,-213.51654052734375,-30.011674880981445
93.14061251999999,goal,-19.641355514526367,-213.60548400878906,-30.01180076599121
93.17261494000002,goal,-19.675609588623047,-213.6944122314453,-30.011899948120117
93.20657520999998,goal,-19.718538284301758,-213.80555725097656,-30.01200294494629
93.240628066,goal,-19.75297737121582,-213.8944854736328,-30.01207160949707
93.27261878500002,goal,-19.78748893737793,-213.98342895507812,-30.012086868286133
93.30663890599999,goal,-19.822036743164062,-214.07235717773438,-30.012025833129883
93.34076978299998,goal,-19.85658836364746,-214.16127014160156,-30.011926651000977
93.37285024599998,goal,-19.891202926635742,-214.2501220703125,-30.0118465423584
93.406603888,goal,-19.93455696105957,-214.361083984375,-30.011709213256836
93.44056512200001,goal,-19.96931266784668,-214.4498291015625,-30.011560440063477
93.47259319900002,goal,-20.004106521606445,-214.53855895996094,-30.01139259338379
93.50662464599998,goal,-20.038883209228516,-214.62722778320312,-30.01117515563965
93.54060002800003,goal,-20.07361602783203,-214.7158660888672,-30.010839462280273
93.57258054099998,goal,-20.108325958251953,-214.80450439453125,-30.01043128967285
93.60661667099998,goal,-20.151681900024414,-214.91526794433594,-30.009855270385742
93.640587697,goal,-20.18634796142578,-215.0038299560547,-30.009309768676758
93.67271818300003,goal,-20.221027374267578,-215.0923309326172,-30.008760452270508
93.70664486599998,goal,-20.25572967529297,-215.1807403564453,-30.008230209350586
93.74056566799999,goal,-20.290462493896484,-215.26902770996094,-30.007741928100586
93.77257986500001,goal,-20.325225830078125,-215.357177734375,-30.007238388061523
93.80661757500002,goal,-20.368728637695312,-215.4672088623047,-30.006593704223633
93.84059120299997,goal,-20.403553009033203,-215.55514526367188,-30.006093978881836
93.87265013299998,goal,-20.438365936279297,-215.64305114746094,-30.005640029907227
93.906642783,goal,-20.473155975341797,-215.73086547851562,-30.00523567199707
93.94068719299997,goal,-20.507957458496094,-215.81863403320312,-30.00484275817871
93.97255610399998,goal,-20.542757034301758,-215.9063720703125,-30.004465103149414
94.00659967500002,goal,-20.58622932434082,-216.01600646972656,-30.003999710083008
94.04058746999999,goal,-20.62099838256836,-216.103759765625,-30.003705978393555
94.07261219700001,goal,-20.65573501586914,-216.19158935546875,-30.003400802612305
94.10662357799998,goal,-20.690433502197266,-216.2794952392578,-30.00309181213379
94.14059678199999,goal,-20.7250919342041,-216.36749267578125,-30.002748489379883
94.17273072699999,goal,-20.759702682495117,-216.4556427001953,-30.00239372253418
94.20656186399998,goal,-20.8029842376709,-216.5660400390625,-30.00193214416504
94.24054432600002,goal,-20.837631225585938,-216.65455627441406,-30.001562118530273
94.272618335,goal,-20.87228775024414,-216.7432403564453,-30.001176834106445
94.306624747,goal,-20.906923294067383,-216.83209228515625,-30.000783920288086
94.34061222500003,goal,-20.941539764404297,-216.92108154296875,-30.00044822692871
94.37259546899998,goal,-20.976167678833008,-217.0101776123047,-30.000219345092773
94.40664330599998,goal,-21.01950454711914,-217.12168884277344,-30.000043869018555
94.44056520800001,goal,-21.05426788330078,-217.21102905273438,-29.999956130981445
94.47263255500002,goal,-21.089134216308594,-217.30047607421875,-29.999948501586914
94.50668311200002,goal,-21.124065399169922,-217.39002990722656,-30.000036239624023
94.540596015,goal,-21.15904998779297,-217.47972106933594,-30.000246047973633
94.57263914200001,goal,-21.194082260131836,-217.5695343017578,-30.000558853149414
94.60660337399997,goal,-21.23787498474121,-217.68202209472656,-30.001054763793945
94.640575125,goal,-21.27288818359375,-217.77212524414062,-30.001474380493164
94.67264479699998,goal,-21.307878494262695,-217.86224365234375,-30.0019588470459
94.70661164299997,goal,-21.34283447265625,-217.95237731933594,-30.00249671936035
94.74054930300002,goal,-21.377723693847656,-218.0425262451172,-30.003034591674805
94.77272522700002,goal,-21.41256332397461,-218.13270568847656,-30.003511428833008
94.80661475800002,goal,-21.456016540527344,-218.24546813964844,-30.004026412963867
94.84057898399999,goal,-21.49064826965332,-218.335693359375,-30.00440788269043
94.87259092699998,goal,-21.525157928466797,-218.42591857910156,-30.0047664642334
94.90665412300001,goal,-21.559587478637695,-218.5161895751953,-30.005102157592773
94.940571847,goal,-21.59397315979004,-218.60646057128906,-30.005369186401367
94.97258954699998,goal,-21.62833595275879,-218.69676208496094,-30.005590438842773
95.006662968,goal,-21.67129898071289,-218.8096923828125,-30.005830764770508
95.04062198499997,goal,-21.705717086791992,-218.90005493164062,-30.006025314331055
95.072597465,goal,-21.74016761779785,-218.99044799804688,-30.006254196166992
95.105537513,goal,-21.77469825744629,-219.08087158203125,-30.00648307800293
95.13953407100001,goal,-21.80927848815918,-219.17127990722656,-30.006681442260742
95.17354792499998,goal,-21.85253143310547,-219.28424072265625,-30.006956100463867
95.20553658099999,goal,-21.88719367980957,-219.37452697753906,-30.007177352905273
95.239576909,goal,-21.921920776367188,-219.46475219726562,-30.0074405670166
95.27358289800003,goal,-21.956666946411133,-219.55491638183594,-30.007726669311523
95.30553644999998,goal,-21.99144744873047,-219.64500427246094,-30.008039474487305
95.339558179,goal,-22.026248931884766,-219.7350616455078,-30.008333206176758
95.37374074399997,goal,-22.0698184967041,-219.84756469726562,-30.008699417114258
95.405619457,goal,-22.104665756225586,-219.93748474121094,-30.0090389251709
95.43952799700003,goal,-22.139413833618164,-220.02734375,-30.009431838989258
95.47354880300003,goal,-22.174087524414062,-220.1171112060547,-30.009878158569336
95.50559710499999,goal,-22.208620071411133,-220.20672607421875,-30.0103816986084
95.53955156500001,goal,-22.24300193786621,-220.29620361328125,-30.010892868041992
95.573878192,goal,-22.28581428527832,-220.40792846679688,-30.0115909576416
95.60554556099999,goal,-22.319965362548828,-220.49725341796875,-30.012205123901367
95.639529547,goal,-22.353979110717773,-220.58653259277344,-30.012826919555664
95.67361205600002,goal,-22.387910842895508,-220.67579650878906,-30.01362419128418
95.70558897000001,goal,-22.421770095825195,-220.76504516601562,-30.014558792114258
95.73951738599999,goal,-22.45559310913086,-220.85427856445312,-30.01551628112793
95.773582675,goal,-22.49785041809082,-220.96571350097656,-30.016782760620117
95.80673993599999,goal,-22.531631469726562,-221.0548095703125,-30.0178165435791
95.84070818700002,goal,-22.56538963317871,-221.14382934570312,-30.01877784729004
95.87482076399999,goal,-22.59912872314453,-221.2328643798828,-30.01969337463379
95.90666843000002,goal,-22.63282585144043,-221.32188415527344,-30.020578384399414
95.94064021000003,goal,-22.66649055480957,-221.41094970703125,-30.021390914916992
95.97474292999999,goal,-22.708566665649414,-221.5223388671875,-30.02226448059082
96.00670184500001,goal,-22.74224281311035,-221.61141967773438,-30.02290916442871
96.040666386,goal,-22.775907516479492,-221.70050048828125,-30.02349281311035
96.07481574399998,goal,-22.809566497802734,-221.78953552246094,-30.02400779724121
96.10666275,goal,-22.84318733215332,-221.87852478027344,-30.024404525756836
96.140704325,goal,-22.876813888549805,-221.96746826171875,-30.024686813354492
96.17489174600001,goal,-22.918872833251953,-222.07862854003906,-30.024927139282227
96.206695905,goal,-22.9525089263916,-222.1675567626953,-30.02504539489746
96.24069503599998,goal,-22.986148834228516,-222.2564239501953,-30.025102615356445
96.275749104,goal,-23.019813537597656,-222.3452606201172,-30.025197982788086
96.30775356100003,goal,-23.053457260131836,-222.43405151367188,-30.025297164916992
96.34169057000003,goal,-23.087039947509766,-222.52281188964844,-30.025449752807617
96.37571210099998,goal,-23.12902069091797,-222.63369750976562,-30.025609970092773
96.40769128800002,goal,-23.162675857543945,-222.7223663330078,-30.025720596313477
96.441699228,goal,-23.1964168548584,-222.8109893798828,-30.02577018737793
96.475710096,goal,-23.230222702026367,-222.89962768554688,-30.02570915222168
96.50769576099998,goal,-23.26408576965332,-222.98826599121094,-30.02555274963379
96.543303697,goal,-23.297977447509766,-223.07691955566406,-30.02520179748535
96.57835699200001,goal,-23.340301513671875,-223.18777465820312,-30.024580001831055
96.61000744900002,goal,-23.374147415161133,-223.27650451660156,-30.023962020874023
96.645551237,goal,-23.407949447631836,-223.36529541015625,-30.02327537536621
96.68159923799999,goal,-23.441726684570312,-223.45416259765625,-30.02250862121582
96.71354975499997,goal,-23.475522994995117,-223.54307556152344,-30.02168083190918
96.74753933599999,goal,-23.509380340576172,-223.63201904296875,-30.020841598510742
96.78153458499997,goal,-23.551780700683594,-223.7432403564453,-30.019765853881836
96.81359445200002,goal,-23.585840225219727,-223.83224487304688,-30.0189151763916
96.84751712899998,goal,-23.619997024536133,-223.9212188720703,-30.018075942993164
96.88151983099999,goal,-23.654203414916992,-224.01016235351562,-30.017274856567383
96.91354866300003,goal,-23.688392639160156,-224.0990753173828,-30.016489028930664
96.94750349999998,goal,-23.722553253173828,-224.18797302246094,-30.015771865844727
96.98156155999999,goal,-23.765233993530273,-224.29913330078125,-30.014890670776367
97.01356002300003,goal,-23.799362182617188,-224.38809204101562,-30.01422691345215
97.04753148499998,goal,-23.833471298217773,-224.47708129882812,-30.01359748840332
97.081509697,goal,-23.867538452148438,-224.56607055664062,-30.013032913208008
97.113556797,goal,-23.901578903198242,-224.65505981445312,-30.012537002563477
97.14750074699998,goal,-23.93562126159668,-224.7440185546875,-30.012147903442383
97.181517063,goal,-23.978147506713867,-224.855224609375,-30.0117130279541
97.21354955499999,goal,-24.012144088745117,-224.94419860839844,-30.01136589050293
97.2475369,goal,-24.046098709106445,-225.03318786621094,-30.01097297668457
97.28154056,goal,-24.080028533935547,-225.12220764160156,-30.010622024536133
97.31355142799998,goal,-24.113977432250977,-225.2112579345703,-30.010316848754883
97.34855582799997,goal,-24.147958755493164,-225.30027770996094,-30.00999641418457
97.38252481400002,goal,-24.190492630004883,-225.4115753173828,-30.009572982788086
97.41461014800001,goal,-24.22452163696289,-225.50064086914062,-30.009206771850586
97.44850928800003,goal,-24.258543014526367,-225.58970642089844,-30.00884437561035
97.48257284499999,goal,-24.29258155822754,-225.6788330078125,-30.008432388305664
97.51456833999998,goal,-24.32670783996582,-225.76800537109375,-30.007997512817383
97.550682435,goal,-24.360980987548828,-225.8572235107422,-30.00752067565918
97.58465570499999,goal,-24.403953552246094,-225.96878051757812,-30.00691032409668
97.61676773599999,goal,-24.438453674316406,-226.0580291748047,-30.006437301635742
97.65068520900002,goal,-24.47308349609375,-226.14730834960938,-30.005979537963867
97.68585797999998,goal,-24.507808685302734,-226.23663330078125,-30.00555992126465
97.71788777500001,goal,-24.542591094970703,-226.3260498046875,-30.005186080932617
97.752933117,goal,-24.577430725097656,-226.4155731201172,-30.0048770904541
97.788725285,goal,-24.621109008789062,-226.5276641845703,-30.00450325012207
97.82337276599998,goal,-24.6561222076416,-226.6174774169922,-30.004182815551758
97.857398558,goal,-24.691131591796875,-226.7073211669922,-30.00385093688965
97.89139896199998,goal,-24.726125717163086,-226.79718017578125,-30.00349998474121
97.92509470200002,goal,-24.761096954345703,-226.8870391845703,-30.003141403198242
97.95907826000001,goal,-24.7960262298584,-226.97689819335938,-30.002836227416992
97.99421514900001,goal,-24.839609146118164,-227.0892333984375,-30.002408981323242
98.02506417799998,goal,-24.874433517456055,-227.1791534423828,-30.002016067504883
98.06293968300002,goal,-24.909259796142578,-227.26910400390625,-30.0015811920166
98.09661364300001,goal,-24.944114685058594,-227.35902404785156,-30.001131057739258
98.12860846400002,goal,-24.978958129882812,-227.44891357421875,-30.000688552856445
98.16303087800003,goal,-25.0137882232666,-227.53878784179688,-30.000268936157227
98.196591393,goal,-25.05728530883789,-227.65109252929688,-29.99983787536621
98.22862906099999,goal,-25.092052459716797,-227.74085998535156,-29.999540328979492
98.26304936600002,goal,-25.126800537109375,-227.83055114746094,-29.999258041381836
98.29660103999998,goal,-25.1614990234375,-227.92015075683594,-29.999059677124023
98.328953329,goal,-25.196134567260742,-228.00970458984375,-29.998903274536133
98.36266119300001,goal,-25.230785369873047,-228.0991973876953,-29.998685836791992
98.39658108999998,goal,-25.274124145507812,-228.2109832763672,-29.99843406677246
98.42862547800001,goal,-25.308809280395508,-228.30030822753906,-29.99825096130371
98.46263904900002,goal,-25.343515396118164,-228.38961791992188,-29.998109817504883
98.49659890499998,goal,-25.37826919555664,-228.47891235351562,-29.99796485900879
98.528668638,goal,-25.41305160522461,-228.5682373046875,-29.997838973999023
98.562653609,goal,-25.447887420654297,-228.6575164794922,-29.99772834777832
98.59659452,goal,-25.49148941040039,-228.76907348632812,-29.997724533081055
98.62862196600003,goal,-25.526426315307617,-228.85826110839844,-29.997770309448242
98.66715196500002,goal,-25.56134033203125,-228.94747924804688,-29.99775505065918
98.70233987,goal,-25.59626007080078,-229.03672790527344,-29.997758865356445
98.73437475399999,goal,-25.631153106689453,-229.12596130371094,-29.9977970123291
98.77178333500001,goal,-25.66598129272461,-229.2152099609375,-29.997838973999023
98.81038775100001,goal,-25.709402084350586,-229.3268280029297,-29.997888565063477
98.84462591200003,goal,-25.744056701660156,-229.41616821289062,-29.997915267944336
98.88162466099999,goal,-25.778690338134766,-229.5055389404297,-29.9979305267334
98.91690189299999,goal,-25.813304901123047,-229.59498596191406,-29.997907638549805
98.951555735,goal,-25.84787940979004,-229.6844482421875,-29.997888565063477
98.988777374,goal,-25.8824462890625,-229.77392578125,-29.997819900512695
99.02275531499998,goal,-25.92568588256836,-229.88577270507812,-29.997751235961914
99.054823586,goal,-25.96035385131836,-229.9752197265625,-29.997690200805664
99.08877308799998,goal,-25.995079040527344,-230.0646514892578,-29.997636795043945
99.12278459599997,goal,-26.02988624572754,-230.15411376953125,-29.99763298034668
99.15478935099998,goal,-26.064714431762695,-230.2436065673828,-29.997690200805664
99.18877191299998,goal,-26.09954261779785,-230.3331298828125,-29.997793197631836
99.22275532700002,goal,-26.142980575561523,-230.4449920654297,-29.99794578552246
99.25582693799998,goal,-26.177650451660156,-230.5343475341797,-29.9981632232666
99.29174193099999,goal,-26.21225929260254,-230.6236572265625,-29.99851417541504
99.32582209399999,goal,-26.246885299682617,-230.71290588378906,-29.998971939086914
99.36254442500001,goal,-26.281522750854492,-230.80206298828125,-29.999483108520508
99.39640729899997,goal,-26.3161678314209,-230.8911895751953,-29.999990463256836
99.432672895,goal,-26.359548568725586,-231.00250244140625,-30.000722885131836
99.46601515999998,goal,-26.39423942565918,-231.09152221679688,-30.00130271911621
99.502329288,goal,-26.42890167236328,-231.18043518066406,-30.00184440612793
99.53767548600001,goal,-26.4635066986084,-231.2692413330078,-30.002347946166992
99.56969831100002,goal,-26.49803924560547,-231.35794067382812,-30.00282096862793
99.60367737500002,goal,-26.53255844116211,-231.44656372070312,-30.003244400024414
99.637697807,goal,-26.575668334960938,-231.55731201171875,-30.003774642944336
99.669728002,goal,-26.610145568847656,-231.6459197998047,-30.004175186157227
99.70536159900001,goal,-26.64462661743164,-231.73451232910156,-30.004499435424805
99.74081509199999,goal,-26.679121017456055,-231.8231201171875,-30.004770278930664
99.77623519600002,goal,-26.713642120361328,-231.9116973876953,-30.005022048950195
99.81098500600001,goal,-26.74820899963379,-232.00027465820312,-30.005224227905273
99.84453278000001,goal,-26.79141616821289,-232.111083984375,-30.00542640686035
99.876170194,goal,-26.82594871520996,-232.1998291015625,-30.005544662475586
99.91138492700003,goal,-26.86043357849121,-232.28866577148438,-30.0056209564209
99.94578078500001,goal,-26.894912719726562,-232.37753295898438,-30.00568199157715
99.982737192,goal,-26.92938995361328,-232.46644592285156,-30.005754470825195
100.014671094,goal,-26.963838577270508,-232.55540466308594,-30.0058536529541
100.04864610999999,goal,-26.998271942138672,-232.64434814453125,-30.0059757232666
100.08274147899999,goal,-27.04135513305664,-232.75552368164062,-30.006155014038086
100.11468147300002,goal,-27.075834274291992,-232.844482421875,-30.00624656677246
100.14867887000003,goal,-27.1103458404541,-232.93344116210938,-30.006288528442383
100.18269361300003,goal,-27.144906997680664,-233.0224609375,-30.00629234313965
100.214687884,goal,-27.179508209228516,-233.111572265625,-30.006288528442383
100.24864592,goal,-27.2141170501709,-233.2007598876953,-30.0063533782959
100.28268594100001,goal,-27.257369995117188,-233.31234741210938,-30.0064754486084
100.314709886,goal,-27.2919921875,-233.4016571044922,-30.006628036499023
100.34870739399997,goal,-27.326627731323242,-233.49105834960938,-30.006803512573242
100.38269657799998,goal,-27.361291885375977,-233.58053588867188,-30.00700569152832
100.41470615399999,goal,-27.39597511291504,-233.67005920410156,-30.0072078704834
100.448686641,goal,-27.430723190307617,-233.7595977783203,-30.007429122924805
100.48273787900001,goal,-27.4742431640625,-233.87159729003906,-30.007673263549805
100.51470565,goal,-27.509117126464844,-233.9612274169922,-30.007837295532227
100.54866439,goal,-27.54399299621582,-234.05087280273438,-30.007936477661133
100.582686061,goal,-27.578907012939453,-234.14048767089844,-30.007959365844727
100.61469034599997,goal,-27.613840103149414,-234.2301025390625,-30.007905960083008
100.64863859899998,goal,-27.648805618286133,-234.31973266601562,-30.007783889770508
100.68269662900002,goal,-27.692659378051758,-234.43186950683594,-30.007532119750977
100.714686589,goal,-27.727874755859375,-234.52159118652344,-30.00725746154785
100.74869522699998,goal,-27.763160705566406,-234.61131286621094,-30.006921768188477
100.78270964400002,goal,-27.798479080200195,-234.70106506347656,-30.00654411315918
100.81469851700001,goal,-27.83380126953125,-234.79083251953125,-30.006132125854492
100.84869116300001,goal,-27.869144439697266,-234.880615234375,-30.00568962097168
100.882709616,goal,-27.9133243560791,-234.99288940429688,-30.00510597229004
100.91468417300001,goal,-27.948673248291016,-235.0826873779297,-30.00461769104004
100.94866829900002,goal,-27.98404312133789,-235.17247009277344,-30.004140853881836
100.98269949000002,goal,-28.019451141357422,-235.2622833251953,-30.0036678314209
101.01471892199999,goal,-28.05488395690918,-235.3520965576172,-30.00322914123535
101.04867010200002,goal,-28.090322494506836,-235.44186401367188,-30.002809524536133
101.08270249399999,goal,-28.134620666503906,-235.55397033691406,-30.002294540405273
101.11490242299999,goal,-28.17008399963379,-235.64358520507812,-30.001840591430664
101.14870718200001,goal,-28.205535888671875,-235.73316955566406,-30.00132942199707
101.18271948099999,goal,-28.240938186645508,-235.82264709472656,-30.000768661499023
101.21477578100001,goal,-28.276275634765625,-235.9120330810547,-30.000150680541992
101.2486677,goal,-28.31154441833496,-236.0013427734375,-29.999536514282227
101.28269949100002,goal,-28.355579376220703,-236.11289978027344,-29.998750686645508
101.315141762,goal,-28.39078140258789,-236.20216369628906,-29.998117446899414
101.34884889099999,goal,-28.4259090423584,-236.29141235351562,-29.99754524230957
101.38374080099999,goal,-28.460969924926758,-236.38059997558594,-29.997026443481445
101.418155824,goal,-28.49598503112793,-236.4697723388672,-29.99652671813965
101.45216996699997,goal,-28.530954360961914,-236.55894470214844,-29.99607276916504
101.48625665899999,goal,-28.5745906829834,-236.67047119140625,-29.995607376098633
101.51820625699997,goal,-28.609445571899414,-236.75978088378906,-29.995370864868164
101.55218259000003,goal,-28.644277572631836,-236.84918212890625,-29.99525260925293
101.58621421100003,goal,-28.679096221923828,-236.9386444091797,-29.995222091674805
101.61816578100002,goal,-28.71385383605957,-237.0281219482422,-29.995271682739258
101.65219126599999,goal,-28.74853515625,-237.11761474609375,-29.995363235473633
101.686221918,goal,-28.791784286499023,-237.2294921875,-29.995485305786133
101.71816242099999,goal,-28.826330184936523,-237.31898498535156,-29.995607376098633
101.75216460299998,goal,-28.860872268676758,-237.408447265625,-29.995725631713867
101.78621016800003,goal,-28.89542007446289,-237.4979248046875,-29.99583625793457
101.81815735499998,goal,-28.929931640625,-237.58738708496094,-29.995927810668945
101.852166361,goal,-28.964372634887695,-237.67689514160156,-29.996030807495117
101.88621565,goal,-29.007341384887695,-237.78878784179688,-29.996137619018555
101.91817751000002,goal,-29.04165267944336,-237.8782958984375,-29.996232986450195
101.952147443,approach,-29.07593536376953,-237.9677734375,-29.996397018432617
101.98621069799998,approach,-29.110227584838867,-238.0572509765625,-29.995698928833008
102.01815742600002,approach,-29.144582748413086,-238.14662170410156,-29.990087509155273
102.05217923499998,approach,-29.179018020629883,-238.23582458496094,-29.97770881652832
102.086215084,approach,-29.222200393676758,-238.34715270996094,-29.952787399291992
102.118185235,approach,-29.25677490234375,-238.43601989746094,-29.925657272338867
102.15215388899998,approach,-29.291351318359375,-238.5245819091797,-29.893136978149414
102.18621089599998,approach,-29.325881958007812,-238.61277770996094,-29.855741500854492
102.21817841699999,approach,-29.360288619995117,-238.70050048828125,-29.81431770324707
102.25218262099997,approach,-29.394512176513672,-238.7876739501953,-29.769628524780273
102.28619965299998,approach,-29.436904907226562,-238.895751953125,-29.71019172668457
102.31814536799999,approach,-29.470321655273438,-238.9813232421875,-29.660276412963867
102.35215905799998,approach,-29.503236770629883,-239.06594848632812,-29.60884666442871
102.38624661699998,approach,-29.53553009033203,-239.14950561523438,-29.556283950805664
102.41814767099999,approach,-29.56718635559082,-239.23190307617188,-29.503149032592773
102.45216036699998,approach,-29.598068237304688,-239.31297302246094,-29.449472427368164
102.48619663699998,approach,-29.635578155517578,-239.4122314453125,-29.38197898864746
102.51814940499997,approach,-29.664588928222656,-239.48977661132812,-29.327869415283203
102.552150429,approach,-29.692670822143555,-239.5656280517578,-29.273746490478516
102.58619776299997,approach,-29.719768524169922,-239.63963317871094,-29.219749450683594
102.61813796799998,approach,-29.74584197998047,-239.71170043945312,-29.165996551513672
102.65217532899999,approach,-29.770830154418945,-239.7816925048828,-29.11251449584961
102.68618304799998,approach,-29.800750732421875,-239.86631774902344,-29.04605484008789
102.71814360500002,approach,-29.823448181152344,-239.9314422607422,-28.993236541748047
102.75214722099997,approach,-29.845121383666992,-239.9942626953125,-28.940658569335938
102.78618097499998,approach,-29.86577606201172,-240.05471801757812,-28.88833236694336
102.818136563,approach,-29.88547706604004,-240.11276245117188,-28.83614730834961
102.85214288499998,approach,-29.904193878173828,-240.16835021972656,-28.784168243408203
102.88619655100001,approach,-29.926233291625977,-240.234375,-28.71950912475586
102.91816955000002,approach,-29.94290542602539,-240.28468322753906,-28.667930603027344
102.95215299900002,approach,-29.958568572998047,-240.33258056640625,-28.616500854492188
102.98620899299999,approach,-29.973264694213867,-240.37815856933594,-28.565160751342773
103.01817528800001,approach,-29.987035751342773,-240.42138671875,-28.513952255249023
103.05219244300002,approach,-29.999914169311523,-240.4623260498047,-28.462804794311523
103.086184748,approach,-30.014812469482422,-240.51034545898438,-28.398881912231445
103.11817892099998,approach,-30.025814056396484,-240.54629516601562,-28.347736358642578
103.15215769100001,approach,-30.035999298095703,-240.58001708984375,-28.29669189453125
103.186244886,approach,-30.045452117919922,-240.6116180419922,-28.24573516845703
103.21818881000002,approach,-30.054134368896484,-240.6410675048828,-28.194843292236328
103.252151314,approach,-30.062076568603516,-240.6684112548828,-28.14397621154785
103.28620719999998,approach,-30.071046829223633,-240.69969177246094,-28.080339431762695
103.31815934299999,approach,-30.077524185180664,-240.7225341796875,-28.02943229675293
103.35216128600001,approach,-30.083375930786133,-240.74346923828125,-27.97856330871582
103.386206458,approach,-30.088626861572266,-240.7626190185547,-27.92775535583496
103.41814501900001,approach,-30.09328269958496,-240.78001403808594,-27.877002716064453
103.45214538200003,approach,-30.09739875793457,-240.79580688476562,-27.826269149780273
103.486249294,approach,-30.101757049560547,-240.8132781982422,-27.76285171508789
103.51817333700001,approach,-30.104671478271484,-240.82553100585938,-27.712173461914062
103.552187016,approach,-30.10715103149414,-240.83633422851562,-27.661479949951172
103.586248496,approach,-30.109214782714844,-240.8457489013672,-27.61078453063965
103.61817344600001,approach,-30.110872268676758,-240.85386657714844,-27.560104370117188
103.65220710199998,approach,-30.112117767333984,-240.86070251464844,-27.50950813293457
103.686214312,approach,-30.113079071044922,-240.8675994873047,-27.44640350341797
103.71816690499998,approach,-30.113454818725586,-240.87191772460938,-27.39600944519043
103.75214965100002,approach,-30.11349868774414,-240.87525939941406,-27.34575080871582
103.78619563500001,approach,-30.113285064697266,-240.87770080566406,-27.295621871948242
103.81816281800002,approach,-30.112817764282227,-240.87930297851562,-27.245655059814453
103.85215729499998,approach,-30.112144470214844,-240.88014221191406,-27.195823669433594
103.88624950500002,approach,-30.111059188842773,-240.88015747070312,-27.133771896362305
103.91815266399999,approach,-30.11004638671875,-240.8794403076172,-27.08431625366211
103.95214907399998,approach,-30.10894775390625,-240.878173828125,-27.034976959228516
103.98619685300002,approach,-30.107759475708008,-240.87635803222656,-26.985706329345703
104.01817108300003,approach,-30.10651397705078,-240.8740997314453,-26.936643600463867
104.05218078500002,approach,-30.10520362854004,-240.8714599609375,-26.88768196105957
104.08620144999998,approach,-30.10348129272461,-240.86761474609375,-26.826642990112305
104.11816856899998,approach,-30.10202980041504,-240.8641357421875,-26.777925491333008
104.15221636199999,approach,-30.1004638671875,-240.86033630371094,-26.72933578491211
104.18621469099998,approach,-30.098752975463867,-240.85626220703125,-26.68086051940918
104.21816158500002,approach,-30.0969181060791,-240.85195922851562,-26.632465362548828
104.252179931,approach,-30.095006942749023,-240.8473663330078,-26.58404541015625
104.28621309599998,approach,-30.092504501342773,-240.84144592285156,-26.5235538482666
104.31816212799998,approach,-30.090391159057617,-240.8365936279297,-26.475265502929688
104.35215604000001,approach,-30.088163375854492,-240.83164978027344,-26.42699432373047
104.38620110300002,approach,-30.085878372192383,-240.8266143798828,-26.378725051879883
104.41817102300001,approach,-30.083587646484375,-240.821533203125,-26.330474853515625
104.45215491800002,approach,-30.081296920776367,-240.81640625,-26.282230377197266
104.48620351599999,approach,-30.078493118286133,-240.80999755859375,-26.221914291381836
104.51818939999998,approach,-30.076339721679688,-240.80479431152344,-26.17360496520996
104.55217811699998,approach,-30.074283599853516,-240.7996368408203,-26.125263214111328
104.586220771,approach,-30.072282791137695,-240.79458618164062,-26.07687759399414
104.61819796399999,approach,-30.070331573486328,-240.78961181640625,-26.028451919555664
104.65219626599998,approach,-30.06842803955078,-240.7847137451172,-25.97997283935547
104.68624382799999,approach,-30.06613540649414,-240.77867126464844,-25.919281005859375
104.71816692499999,approach,-30.064401626586914,-240.7740020751953,-25.870670318603516
104.75214896900002,approach,-30.062767028808594,-240.76947021484375,-25.82207489013672
104.786251445,approach,-30.06121063232422,-240.7649383544922,-25.773536682128906
104.81817624400003,approach,-30.059783935546875,-240.7605438232422,-25.72511100769043
104.852160889,approach,-30.058475494384766,-240.7562713623047,-25.67676544189453
104.901475124,approach,-30.0570125579834,-240.75106811523438,-25.616439819335938
104.93640274699999,approach,-30.056020736694336,-240.74700927734375,-25.568225860595703
104.97039884600002,approach,-30.055282592773438,-240.74307250976562,-25.52002716064453
105.00442936000002,approach,-30.054758071899414,-240.73928833007812,-25.47185516357422
105.036404436,approach,-30.054431915283203,-240.73565673828125,-25.423730850219727
105.07041712300003,approach,-30.05426788330078,-240.7320556640625,-25.375585556030273
105.10447320899999,approach,-30.054353713989258,-240.72769165039062,-25.3154354095459
105.136408345,approach,-30.05465316772461,-240.72433471679688,-25.267383575439453
105.17037927899997,approach,-30.055143356323242,-240.72109985351562,-25.219369888305664
105.20440851699999,approach,-30.05575942993164,-240.71792602539062,-25.171382904052734
105.23640023799999,approach,-30.056427001953125,-240.71485900878906,-25.12339210510254
105.27041246499999,approach,-30.057090759277344,-240.71185302734375,-25.075458526611328
105.304439242,approach,-30.057886123657227,-240.70814514160156,-25.015607833862305
105.33644430599998,approach,-30.05851936340332,-240.70516967773438,-24.967763900756836
105.370452511,approach,-30.059146881103516,-240.7022705078125,-24.919925689697266
105.40443078200002,approach,-30.059797286987305,-240.69943237304688,-24.872060775756836
105.43641805200002,approach,-30.060489654541016,-240.69664001464844,-24.824209213256836
105.47040245,approach,-30.06123161315918,-240.6939239501953,-24.776350021362305
105.504415881,approach,-30.0621395111084,-240.6905975341797,-24.716533660888672
105.53641523300001,approach,-30.062850952148438,-240.6879425048828,-24.668701171875
105.57039765100001,approach,-30.06351661682129,-240.68527221679688,-24.620882034301758
105.60442598600002,approach,-30.064193725585938,-240.6825714111328,-24.57305145263672
105.63641905000003,approach,-30.06487274169922,-240.67987060546875,-24.52527618408203
105.67043738799998,approach,-30.0655574798584,-240.6771697998047,-24.47758674621582
105.70443487699998,approach,-30.06643295288086,-240.6737518310547,-24.418121337890625
105.736418464,approach,-30.06717872619629,-240.6709747314453,-24.37067222595215
105.77041893500001,approach,-30.06793785095215,-240.6681671142578,-24.32325553894043
105.804392157,approach,-30.068750381469727,-240.6653289794922,-24.27582550048828
105.83655240399997,approach,-30.06958770751953,-240.66249084472656,-24.22847557067871
105.87044303700003,approach,-30.07036590576172,-240.65965270996094,-24.181123733520508
105.90441507600002,approach,-30.0712947845459,-240.65614318847656,-24.121971130371094
105.93663429100002,approach,-30.072072982788086,-240.65335083007812,-24.0747013092041
105.97045434300003,approach,-30.072908401489258,-240.6505889892578,-24.027395248413086
106.00444598500002,approach,-30.073810577392578,-240.64781188964844,-23.980030059814453
106.03644362900002,approach,-30.07475471496582,-240.64498901367188,-23.9327392578125
106.07042768100001,approach,-30.0758056640625,-240.6421661376953,-23.88530158996582
106.105444208,approach,-30.077150344848633,-240.63856506347656,-23.825841903686523
106.13851008300003,approach,-30.078187942504883,-240.63568115234375,-23.778186798095703
106.17370758200002,approach,-30.079259872436523,-240.6328125,-23.73041534423828
106.20771542400001,approach,-30.080337524414062,-240.6299285888672,-23.682527542114258
106.23965067099999,approach,-30.081472396850586,-240.62713623046875,-23.634597778320312
106.27364981099998,approach,-30.082639694213867,-240.6243896484375,-23.586610794067383
106.30767418099998,approach,-30.08411407470703,-240.62112426757812,-23.526580810546875
106.33964269400002,approach,-30.085315704345703,-240.61862182617188,-23.478439331054688
106.37364985099998,approach,-30.086524963378906,-240.6162109375,-23.430233001708984
106.40771186299997,approach,-30.08770179748535,-240.61383056640625,-23.38198471069336
106.43965303300001,approach,-30.08884048461914,-240.611572265625,-23.333730697631836
106.473649394,approach,-30.089923858642578,-240.60946655273438,-23.28544807434082
106.507692571,approach,-30.091215133666992,-240.60711669921875,-23.225099563598633
106.53964468200002,approach,-30.09214973449707,-240.60540771484375,-23.17678451538086
106.57367924200003,approach,-30.092981338500977,-240.60385131835938,-23.128509521484375
106.607695256,approach,-30.093708038330078,-240.6023712158203,-23.08024787902832
106.63965352999998,approach,-30.0943546295166,-240.60093688964844,-23.031978607177734
106.67365825799999,approach,-30.09493064880371,-240.59959411621094,-22.98371124267578
106.70769239200001,approach,-30.09556007385254,-240.5980987548828,-22.923465728759766
106.739643807,approach,-30.096006393432617,-240.5970001220703,-22.875316619873047
106.77365369900002,approach,-30.09636878967285,-240.595947265625,-22.827136993408203
106.80769705099999,approach,-30.09662628173828,-240.59495544433594,-22.778902053833008
106.83967923699998,approach,-30.096792221069336,-240.59402465820312,-22.73072624206543
106.87364794299998,approach,-30.096921920776367,-240.59310913085938,-22.68260955810547
106.90774166800003,approach,-30.097047805786133,-240.59197998046875,-22.622547149658203
106.939645181,approach,-30.097148895263672,-240.59107971191406,-22.574569702148438
106.97364868900002,approach,-30.09720802307129,-240.59017944335938,-22.52659034729004
107.00769460200002,approach,-30.09720230102539,-240.58929443359375,-22.47861099243164
107.039652429,approach,-30.09710693359375,-240.58837890625,-22.430599212646484
107.07366186299998,approach,-30.096960067749023,-240.5874481201172,-22.382659912109375
107.10769517900002,approach,-30.096677780151367,-240.58627319335938,-22.322839736938477
107.139652614,approach,-30.09640884399414,-240.58538818359375,-22.27496337890625
107.17373452999999,approach,-30.09607696533203,-240.58448791503906,-22.22707176208496
107.20769790399999,approach,-30.095670700073242,-240.58358764648438,-22.17915916442871
107.239722863,approach,-30.095165252685547,-240.5826873779297,-22.13124656677246
107.27366009899998,approach,-30.09456443786621,-240.58177185058594,-22.083351135253906
107.30766172400001,approach,-30.093637466430664,-240.58059692382812,-22.023500442504883
107.33966177500002,approach,-30.092754364013672,-240.5796661376953,-21.975584030151367
107.37364396100003,approach,-30.091753005981445,-240.57875061035156,-21.92768669128418
107.40771102999997,approach,-30.090675354003906,-240.577880859375,-21.879772186279297
107.43967931499998,approach,-30.089576721191406,-240.57701110839844,-21.831857681274414
107.47367740700003,approach,-30.088462829589844,-240.576171875,-21.783939361572266
107.50769357899998,approach,-30.087024688720703,-240.57521057128906,-21.72406578063965
107.53964578199998,approach,-30.08582305908203,-240.5745391845703,-21.676170349121094
107.57365547900002,approach,-30.084590911865234,-240.573974609375,-21.62824821472168
107.60769916100003,approach,-30.083341598510742,-240.57351684570312,-21.580280303955078
107.63965872800003,approach,-30.082088470458984,-240.57318115234375,-21.5323543548584
107.67365084400001,approach,-30.080808639526367,-240.57289123535156,-21.484447479248047
107.70769638799999,approach,-30.079208374023438,-240.57261657714844,-21.424606323242188
107.73964393400001,approach,-30.077972412109375,-240.57241821289062,-21.3768310546875
107.773654711,approach,-30.0767822265625,-240.57228088378906,-21.329116821289062
107.80769597900002,approach,-30.07564926147461,-240.57225036621094,-21.28146743774414
107.83966397900002,approach,-30.074615478515625,-240.57232666015625,-21.23385238647461
107.87367025200001,approach,-30.07370948791504,-240.572509765625,-21.18630027770996
107.90770497099999,approach,-30.072742462158203,-240.57284545898438,-21.12694549560547
107.93965028000002,approach,-30.07212257385254,-240.57315063476562,-21.079517364501953
107.973657162,approach,-30.07158088684082,-240.5734405517578,-21.03204345703125
108.00769869700002,approach,-30.071102142333984,-240.57374572753906,-20.98455810546875
108.039641357,approach,-30.070688247680664,-240.5740509033203,-20.937047958374023
108.07365109300002,approach,-30.070350646972656,-240.5743408203125,-20.88962745666504
108.10773599700002,approach,-30.069963455200195,-240.5746307373047,-20.83050537109375
108.13970949600002,approach,-30.069658279418945,-240.5748291015625,-20.783287048339844
108.17441040599999,approach,-30.06935691833496,-240.57501220703125,-20.736083984375
108.20773064100001,approach,-30.06901741027832,-240.57516479492188,-20.688873291015625
108.24014750200001,approach,-30.068666458129883,-240.5753173828125,-20.641618728637695
108.27372696600003,approach,-30.06829071044922,-240.57545471191406,-20.594362258911133
108.30767582700003,approach,-30.067752838134766,-240.57557678222656,-20.535282135009766
108.33963979999999,approach,-30.067270278930664,-240.57565307617188,-20.487972259521484
108.373650392,approach,-30.06675910949707,-240.57568359375,-20.440656661987305
108.40770490699998,approach,-30.066251754760742,-240.5756378173828,-20.39332389831543
108.43964722599998,approach,-30.06574249267578,-240.5755157470703,-20.345977783203125
108.473650126,approach,-30.0653018951416,-240.57528686523438,-20.298564910888672
108.50770913500003,approach,-30.064800262451172,-240.57493591308594,-20.239200592041016
108.53964744500001,approach,-30.064451217651367,-240.57455444335938,-20.191665649414062
108.57365613399998,approach,-30.06416130065918,-240.57408142089844,-20.144105911254883
108.607695321,approach,-30.063922882080078,-240.5735321044922,-20.09653091430664
108.641251431,approach,-30.06371307373047,-240.57293701171875,-20.04897689819336
108.67521870600001,approach,-30.063539505004883,-240.5723419189453,-20.00146484375
108.70926295800001,approach,-30.06338119506836,-240.57162475585938,-19.94207763671875
108.74123312400002,approach,-30.06331443786621,-240.571044921875,-19.89451789855957
108.77522598600001,approach,-30.063295364379883,-240.5704803466797,-19.846956253051758
108.809267137,approach,-30.06328582763672,-240.5699005126953,-19.79939842224121
108.84123418400003,approach,-30.063325881958008,-240.56930541992188,-19.751832962036133
108.87522764300002,approach,-30.063432693481445,-240.56869506835938,-19.704282760620117
108.90926474899999,approach,-30.063636779785156,-240.56785583496094,-19.64490509033203
108.94122362399997,approach,-30.063880920410156,-240.56710815429688,-19.59746551513672
108.97521131799999,approach,-30.064172744750977,-240.5663604736328,-19.55003547668457
109.00925446000002,approach,-30.064462661743164,-240.56564331054688,-19.50263023376465
109.04121219199999,approach,-30.064746856689453,-240.56497192382812,-19.455303192138672
109.07521420299997,approach,-30.065052032470703,-240.5643310546875,-19.407960891723633
109.10924193300002,approach,-30.06548500061035,-240.56356811523438,-19.3487606048584
109.14123021300003,approach,-30.06586265563965,-240.5629425048828,-19.301408767700195
109.17520770200002,approach,-30.06631851196289,-240.56236267089844,-19.254087448120117
109.20924449799998,approach,-30.066883087158203,-240.5618438720703,-19.206785202026367
109.24120822100002,approach,-30.06753921508789,-240.5613555908203,-19.159440994262695
109.27523244000002,approach,-30.068265914916992,-240.56088256835938,-19.11208724975586
109.30924534299999,approach,-30.069198608398438,-240.56033325195312,-19.052881240844727
109.341211698,approach,-30.06997299194336,-240.55990600585938,-19.005517959594727
109.375209831,approach,-30.070785522460938,-240.5595245361328,-18.958154678344727
109.409226278,approach,-30.0716552734375,-240.55917358398438,-18.910791397094727
109.44121034400001,approach,-30.072532653808594,-240.55886840820312,-18.86344337463379
109.47519899100001,approach,-30.073373794555664,-240.55856323242188,-18.81604766845703
109.50926473999999,approach,-30.07442283630371,-240.5582275390625,-18.75673484802246
109.541203086,approach,-30.07525634765625,-240.55804443359375,-18.70924949645996
109.57524288399998,approach,-30.076108932495117,-240.55789184570312,-18.661697387695312
109.60925829199999,approach,-30.07697868347168,-240.55775451660156,-18.61408042907715
109.64121594,approach,-30.07787322998047,-240.55763244628906,-18.566368103027344
109.67522944400002,approach,-30.078828811645508,-240.55747985839844,-18.51860237121582
109.70926410800001,approach,-30.080162048339844,-240.5572509765625,-18.4588623046875
109.741213383,approach,-30.081281661987305,-240.5570831298828,-18.41103172302246
109.775213458,approach,-30.082395553588867,-240.55694580078125,-18.36313247680664
109.809303188,approach,-30.083431243896484,-240.556884765625,-18.31515884399414
109.841209096,approach,-30.084383010864258,-240.55685424804688,-18.267126083374023
109.87522465299998,approach,-30.085233688354492,-240.556884765625,-18.219058990478516
109.909261652,approach,-30.086076736450195,-240.55697631835938,-18.158885955810547
109.941211302,approach,-30.08662986755371,-240.55711364746094,-18.110748291015625
109.97521824900002,approach,-30.087087631225586,-240.5572509765625,-18.06255531311035
110.00926410300002,approach,-30.087480545043945,-240.55743408203125,-18.014307022094727
110.04120446600001,approach,-30.08784294128418,-240.55763244628906,-17.966045379638672
110.07521329999997,approach,-30.088165283203125,-240.55789184570312,-17.917757034301758
110.10925338499999,approach,-30.088472366333008,-240.55831909179688,-17.85735321044922
110.14121357699997,approach,-30.088651657104492,-240.5587615966797,-17.80900764465332
110.175207043,approach,-30.08876609802246,-240.55931091308594,-17.76067352294922
110.20927084800002,approach,-30.088871002197266,-240.56002807617188,-17.712377548217773
110.241245171,approach,-30.08897590637207,-240.56088256835938,-17.664113998413086
110.27521588899998,approach,-30.089027404785156,-240.56185913085938,-17.615840911865234
110.30926065,approach,-30.08892250061035,-240.5631866455078,-17.55547523498535
110.34121077399999,approach,-30.088685989379883,-240.56436157226562,-17.507164001464844
110.37523191100001,approach,-30.088302612304688,-240.5656280517578,-17.458847045898438
110.40926752400003,approach,-30.087766647338867,-240.56698608398438,-17.410512924194336
110.44120488300001,approach,-30.08710479736328,-240.56842041015625,-17.362289428710938
110.47523372699999,approach,-30.086278915405273,-240.56991577148438,-17.314056396484375
110.50926496300002,approach,-30.085079193115234,-240.57179260253906,-17.253734588623047
110.541215121,approach,-30.084020614624023,-240.5732879638672,-17.205493927001953
110.57521882999998,approach,-30.082855224609375,-240.5747528076172,-17.157258987426758
110.60929825400001,approach,-30.08159065246582,-240.576171875,-17.109041213989258
110.641217439,approach,-30.080169677734375,-240.57748413085938,-17.06090545654297
110.67524799099999,approach,-30.078617095947266,-240.57876586914062,-17.012773513793945
110.70930335499997,approach,-30.076574325561523,-240.58029174804688,-16.952600479125977
110.741216313,approach,-30.074861526489258,-240.5814666748047,-16.90440559387207
110.77522240299999,approach,-30.073060989379883,-240.5825958251953,-16.85619354248047
110.80925653999998,approach,-30.071182250976562,-240.58367919921875,-16.80794334411621
110.84120679799997,approach,-30.06926727294922,-240.584716796875,-16.759658813476562
110.87521894500003,approach,-30.067354202270508,-240.58570861816406,-16.7113037109375
110.909259125,approach,-30.064956665039062,-240.58688354492188,-16.650760650634766
110.94123867500002,approach,-30.063066482543945,-240.58775329589844,-16.60228157043457
110.97524226299998,approach,-30.06119155883789,-240.58856201171875,-16.553863525390625
111.00931210499999,approach,-30.059341430664062,-240.58932495117188,-16.50551414489746
111.04132903300001,approach,-30.05754280090332,-240.58999633789062,-16.457246780395508
111.07522733299999,approach,-30.05581283569336,-240.59063720703125,-16.409013748168945
111.10925780399998,approach,-30.05375862121582,-240.59141540527344,-16.348770141601562
111.141262057,approach,-30.052227020263672,-240.59201049804688,-16.300607681274414
111.175236267,approach,-30.050840377807617,-240.59254455566406,-16.252525329589844
111.20925292100003,approach,-30.04962921142578,-240.59304809570312,-16.20452117919922
111.24121597599998,approach,-30.048595428466797,-240.593505859375,-16.156551361083984
111.275215592,approach,-30.047731399536133,-240.5939483642578,-16.108654022216797
111.30925583200002,approach,-30.046890258789062,-240.5945587158203,-16.048860549926758
111.34123516099999,approach,-30.046405792236328,-240.59507751464844,-16.00107765197754
111.37524289999999,approach,-30.04608726501465,-240.5956573486328,-15.953256607055664
111.40926476200002,approach,-30.04587745666504,-240.59625244140625,-15.90540885925293
111.44121172000001,approach,-30.045761108398438,-240.59686279296875,-15.857566833496094
111.47522677,approach,-30.04575538635254,-240.59750366210938,-15.809820175170898
111.50926215099997,approach,-30.045909881591797,-240.5983428955078,-15.750244140625
111.54122306300002,approach,-30.04612922668457,-240.59902954101562,-15.702642440795898
111.57522352400002,approach,-30.046430587768555,-240.59976196289062,-15.655145645141602
111.60926491200001,approach,-30.046794891357422,-240.60049438476562,-15.607688903808594
111.64121636099998,approach,-30.04720687866211,-240.60130310058594,-15.560184478759766
111.67522316399999,approach,-30.04764747619629,-240.6021728515625,-15.512712478637695
111.70932006200002,approach,-30.0482234954834,-240.60328674316406,-15.453401565551758
111.74123225900001,approach,-30.0487003326416,-240.60414123535156,-15.405912399291992
111.77525178299999,approach,-30.0491943359375,-240.6049346923828,-15.358354568481445
111.80929534,approach,-30.049686431884766,-240.60568237304688,-15.310701370239258
111.841238944,approach,-30.050168991088867,-240.60643005371094,-15.263015747070312
111.875224952,approach,-30.050575256347656,-240.60714721679688,-15.215259552001953
111.909565826,approach,-30.050983428955078,-240.60806274414062,-15.155462265014648
111.941291864,approach,-30.051210403442383,-240.60882568359375,-15.107534408569336
111.97526168500002,approach,-30.051353454589844,-240.60960388183594,-15.059530258178711
112.00931047199998,approach,-30.051477432250977,-240.61032104492188,-15.011457443237305
112.04123479999998,approach,-30.05160903930664,-240.6109619140625,-14.963302612304688
112.07526834800001,approach,-30.051767349243164,-240.6115264892578,-14.915067672729492
112.10926734200001,approach,-30.051984786987305,-240.61216735839844,-14.854698181152344
112.14123490399999,approach,-30.05219268798828,-240.61260986328125,-14.806392669677734
112.17527416500002,approach,-30.052431106567383,-240.61302185058594,-14.75802230834961
112.20926970300002,approach,-30.052705764770508,-240.61341857910156,-14.709573745727539
112.24124314900001,approach,-30.052997589111328,-240.61376953125,-14.661151885986328
112.27523542799997,approach,-30.053329467773438,-240.61407470703125,-14.612665176391602
112.30926736800001,approach,-30.053752899169922,-240.61444091796875,-14.552024841308594
112.34123730099998,approach,-30.054048538208008,-240.61474609375,-14.503522872924805
112.37524915300003,approach,-30.054208755493164,-240.61502075195312,-14.454992294311523
112.40924949200001,approach,-30.054344177246094,-240.61526489257812,-14.406450271606445
112.44126584600002,approach,-30.054431915283203,-240.615478515625,-14.357858657836914
112.47522923500003,approach,-30.05453872680664,-240.61569213867188,-14.309240341186523
112.50922142399997,approach,-30.05472755432129,-240.61595153808594,-14.248409271240234
112.54122096200001,approach,-30.054960250854492,-240.61618041992188,-14.199710845947266
112.57529028800002,approach,-30.055253982543945,-240.6163787841797,-14.151060104370117
112.609256646,approach,-30.0556640625,-240.6166229248047,-14.102418899536133
112.641228318,approach,-30.05611228942871,-240.61688232421875,-14.053852081298828
112.67525327499999,approach,-30.05653953552246,-240.61715698242188,-14.005281448364258
112.70926635400002,approach,-30.057029724121094,-240.61753845214844,-13.944557189941406
112.74124890799999,approach,-30.057430267333984,-240.6178436279297,-13.896015167236328
112.77526063599998,approach,-30.057815551757812,-240.61813354492188,-13.84752082824707
112.80926901800001,approach,-30.058177947998047,-240.61846923828125,-13.799118041992188
112.84127468399998,approach,-30.05851936340332,-240.61878967285156,-13.750791549682617
112.87523037199998,approach,-30.058834075927734,-240.6190948486328,-13.702522277832031
112.90926212800002,approach,-30.059167861938477,-240.61952209472656,-13.642251968383789
112.94124688800002,approach,-30.05939483642578,-240.61993408203125,-13.594078063964844
112.97524466200002,approach,-30.059602737426758,-240.62045288085938,-13.545940399169922
113.00926263600002,approach,-30.059799194335938,-240.62112426757812,-13.497852325439453
113.04125374400002,approach,-30.05995750427246,-240.6219024658203,-13.449846267700195
113.07524011800001,approach,-30.06008529663086,-240.62277221679688,-13.401899337768555
113.10926399599998,approach,-30.06016731262207,-240.62396240234375,-13.342026710510254
113.14126548600001,approach,-30.060190200805664,-240.62496948242188,-13.294150352478027
113.17524853700002,approach,-30.060178756713867,-240.62603759765625,-13.246260643005371
113.20926735500001,approach,-30.060169219970703,-240.62718200683594,-13.19837760925293
113.241307329,approach,-30.060169219970703,-240.6283721923828,-13.150469779968262
113.275212388,approach,-30.060195922851562,-240.6295928955078,-13.102625846862793
113.30930601300003,approach,-30.060298919677734,-240.631103515625,-13.042920112609863
113.3412912,approach,-30.060365676879883,-240.63232421875,-12.995159149169922
113.37524942800002,approach,-30.060396194458008,-240.63348388671875,-12.947430610656738
113.40926309899999,approach,-30.06041145324707,-240.6346435546875,-12.899715423583984
113.441304462,approach,-30.060415267944336,-240.63577270507812,-12.8519868850708
113.47524973200001,approach,-30.060379028320312,-240.63685607910156,-12.804290771484375
113.50926973399999,approach,-30.060344696044922,-240.63816833496094,-12.744731903076172
113.54128863800003,approach,-30.060359954833984,-240.63917541503906,-12.697093963623047
113.57525106700001,approach,-30.06036949157715,-240.64010620117188,-12.649456977844238
113.609282038,approach,-30.0604190826416,-240.6409912109375,-12.601810455322266
113.64127616100001,approach,-30.060535430908203,-240.6417999267578,-12.55426025390625
113.67526222200001,approach,-30.060699462890625,-240.6425323486328,-12.506735801696777
113.70925593999999,approach,-30.061004638671875,-240.64328002929688,-12.447364807128906
113.74127539900002,approach,-30.061309814453125,-240.64376831054688,-12.399873733520508
113.77526176700002,approach,-30.061626434326172,-240.64418029785156,-12.352314949035645
113.80927519099998,approach,-30.061912536621094,-240.64443969726562,-12.304701805114746
113.84124369599999,approach,-30.062206268310547,-240.6445770263672,-12.257125854492188
113.875270753,approach,-30.062538146972656,-240.64459228515625,-12.209541320800781
113.909279346,approach,-30.062969207763672,-240.64447021484375,-12.150012016296387
113.94128230500002,approach,-30.063316345214844,-240.6443328857422,-12.102368354797363
113.97524202800003,approach,-30.06365966796875,-240.6441650390625,-12.054703712463379
114.00926531099998,approach,-30.063989639282227,-240.6439971923828,-12.006999015808105
114.04142824299998,approach,-30.064287185668945,-240.64382934570312,-11.959258079528809
114.07525856000001,approach,-30.06451988220215,-240.64364624023438,-11.911526679992676
114.10927346099999,approach,-30.06475830078125,-240.643310546875,-11.851889610290527
114.14126350999999,approach,-30.064952850341797,-240.6429901123047,-11.804191589355469
114.17529848100003,approach,-30.065143585205078,-240.64260864257812,-11.756523132324219
114.20929951200003,approach,-30.06533432006836,-240.6421661376953,-11.70884895324707
114.24136300100002,approach,-30.06551742553711,-240.6416473388672,-11.661137580871582
114.27526233100002,approach,-30.065673828125,-240.64105224609375,-11.613346099853516
114.309271265,approach,-30.065799713134766,-240.6403045654297,-11.553503036499023
114.34142447900001,approach,-30.065874099731445,-240.63967895507812,-11.505574226379395
114.37527795199998,approach,-30.06596565246582,-240.63905334472656,-11.457587242126465
114.40928843400002,approach,-30.066051483154297,-240.63844299316406,-11.409552574157715
114.44130664800002,approach,-30.0661563873291,-240.6378631591797,-11.361441612243652
114.47527370199998,approach,-30.066286087036133,-240.63726806640625,-11.313288688659668
114.509278171,approach,-30.066478729248047,-240.6365203857422,-11.253046035766602
114.54127159299998,approach,-30.06662940979004,-240.63592529296875,-11.20483112335205
114.57525280099998,approach,-30.06679916381836,-240.63539123535156,-11.156611442565918
114.60927022700002,approach,-30.066980361938477,-240.6349334716797,-11.108362197875977
114.64128196299998,approach,-30.067180633544922,-240.63455200195312,-11.05999755859375
114.67552761399998,approach,-30.067401885986328,-240.63421630859375,-11.011630058288574
114.709280293,approach,-30.067720413208008,-240.63388061523438,-10.951205253601074
114.74129203400003,approach,-30.0679988861084,-240.63363647460938,-10.902932167053223
114.775358659,approach,-30.068334579467773,-240.6334686279297,-10.854671478271484
114.80928714800001,approach,-30.068740844726562,-240.6333465576172,-10.806424140930176
114.84128080900001,approach,-30.069204330444336,-240.63330078125,-10.758212089538574
114.87525931300002,approach,-30.069725036621094,-240.63333129882812,-10.710049629211426
114.90929295199999,approach,-30.070444107055664,-240.63351440429688,-10.649955749511719
114.9412752,approach,-30.07105827331543,-240.63375854492188,-10.601947784423828
114.97526108,approach,-30.071712493896484,-240.6340789794922,-10.553998947143555
115.00929343799999,approach,-30.072418212890625,-240.63449096679688,-10.50609302520752
115.04126871300002,approach,-30.073148727416992,-240.6349639892578,-10.458269119262695
115.07528900300002,approach,-30.07390785217285,-240.63552856445312,-10.410447120666504
115.10930690200001,approach,-30.074859619140625,-240.63633728027344,-10.350687980651855
115.141436495,approach,-30.0755672454834,-240.63706970214844,-10.302926063537598
115.17535167,approach,-30.076194763183594,-240.63787841796875,-10.25515365600586
115.20927460600001,approach,-30.076772689819336,-240.63877868652344,-10.207353591918945
115.241284442,approach,-30.077301025390625,-240.6398162841797,-10.159521102905273
115.27537108199999,approach,-30.077817916870117,-240.6409912109375,-10.111640930175781
115.30928071400001,approach,-30.078460693359375,-240.64254760742188,-10.051726341247559
115.34130093700003,approach,-30.078960418701172,-240.64382934570312,-10.003771781921387
115.37526030499998,approach,-30.079439163208008,-240.6450958251953,-9.955802917480469
115.40929836700002,approach,-30.079885482788086,-240.64634704589844,-9.90777587890625
115.441284994,approach,-30.08033561706543,-240.64756774902344,-9.85969352722168
115.47526381799997,approach,-30.080780029296875,-240.6487579345703,-9.811566352844238
115.50931143100001,approach,-30.08129119873047,-240.65013122558594,-9.751335144042969
115.541289925,approach,-30.08168601989746,-240.65118408203125,-9.703091621398926
115.575266285,approach,-30.082073211669922,-240.65219116210938,-9.654830932617188
115.60940840500001,approach,-30.08240509033203,-240.65313720703125,-9.606537818908691
115.641329477,approach,-30.082660675048828,-240.65402221679688,-9.558290481567383
115.67542514299998,approach,-30.082807540893555,-240.6548309326172,-9.510065078735352
115.70942280899999,approach,-30.082839965820312,-240.6556854248047,-9.449800491333008
115.74133883000002,approach,-30.082700729370117,-240.65618896484375,-9.401562690734863
115.77524759300002,approach,-30.082500457763672,-240.6566162109375,-9.353306770324707
115.809277216,approach,-30.08224105834961,-240.65699768066406,-9.305051803588867
115.84128801000003,approach,-30.081981658935547,-240.65728759765625,-9.256857872009277
115.87528908399997,approach,-30.081724166870117,-240.65756225585938,-9.208731651306152
115.90932409200002,approach,-30.081398010253906,-240.65789794921875,-9.148635864257812
115.94129426799998,approach,-30.081079483032227,-240.65821838378906,-9.100603103637695
115.97544323699998,approach,-30.080772399902344,-240.65855407714844,-9.052566528320312
116.009292232,approach,-30.080486297607422,-240.65890502929688,-9.004524230957031
116.04149988199998,approach,-30.080245971679688,-240.65933227539062,-8.956530570983887
116.07530747099997,approach,-30.08003807067871,-240.6597900390625,-8.908543586730957
116.10930072500003,approach,-30.07973289489746,-240.66036987304688,-8.84860610961914
116.14133233899997,approach,-30.079456329345703,-240.6608123779297,-8.800701141357422
116.17526195800002,approach,-30.0791072845459,-240.66122436523438,-8.752867698669434
116.20929304100002,approach,-30.078712463378906,-240.66160583496094,-8.705108642578125
116.24134315499998,approach,-30.078351974487305,-240.6619415283203,-8.657402992248535
116.27533536200002,approach,-30.07804298400879,-240.6622314453125,-8.60979175567627
116.30933122800002,approach,-30.07767105102539,-240.66258239746094,-8.55038070678711
116.34139223800003,approach,-30.077383041381836,-240.66290283203125,-8.502874374389648
116.37529539000002,approach,-30.077075958251953,-240.66323852539062,-8.455413818359375
116.40934200499998,approach,-30.07672691345215,-240.6636505126953,-8.407958030700684
116.44132636799998,approach,-30.07634925842285,-240.6641082763672,-8.360528945922852
116.475317099,approach,-30.076011657714844,-240.6646270751953,-8.31312370300293
116.50940572299999,approach,-30.07564353942871,-240.66537475585938,-8.253865242004395
116.54133364500001,approach,-30.075397491455078,-240.66603088378906,-8.206470489501953
116.575341821,approach,-30.0751895904541,-240.66676330566406,-8.159097671508789
116.60938008699998,approach,-30.075027465820312,-240.66757202148438,-8.11172866821289
116.64132555700002,approach,-30.074928283691406,-240.66836547851562,-8.064425468444824
116.67534351699999,approach,-30.074935913085938,-240.66917419433594,-8.017099380493164
116.70928471399998,approach,-30.0750675201416,-240.67022705078125,-7.9579925537109375
116.74130105300003,approach,-30.075227737426758,-240.67112731933594,-7.91072940826416
116.77535472699998,approach,-30.075420379638672,-240.6720733642578,-7.863531112670898
116.80929097699999,approach,-30.07562828063965,-240.67306518554688,-7.816400527954102
116.84131758299998,approach,-30.075836181640625,-240.674072265625,-7.769400596618652
116.875365891,approach,-30.076047897338867,-240.6750946044922,-7.722414016723633
116.90931111100002,approach,-30.0762939453125,-240.67640686035156,-7.663681983947754
116.94129837499997,approach,-30.076486587524414,-240.67745971679688,-7.616690635681152
116.97537851300001,approach,-30.076631546020508,-240.6785125732422,-7.569643020629883
117.00930724199998,approach,-30.07671356201172,-240.6795196533203,-7.522534370422363
117.04134813000002,approach,-30.076745986938477,-240.68051147460938,-7.475398063659668
117.07536961599999,approach,-30.07676124572754,-240.68145751953125,-7.428187370300293
117.109299082,approach,-30.076744079589844,-240.68258666992188,-7.369097709655762
117.14131878,approach,-30.076736450195312,-240.68344116210938,-7.32176399230957
117.17547389499998,approach,-30.076745986938477,-240.68426513671875,-7.274344444274902
117.209314313,approach,-30.07676887512207,-240.68507385253906,-7.226851463317871
117.24136976099999,approach,-30.07680320739746,-240.6858673095703,-7.179349899291992
117.27532544399998,approach,-30.07682991027832,-240.6865997314453,-7.131858825683594
117.30933716800001,approach,-30.07680892944336,-240.68734741210938,-7.072493553161621
117.34133682700002,approach,-30.076719284057617,-240.68780517578125,-7.024984359741211
117.37545432399997,approach,-30.076557159423828,-240.68812561035156,-6.977505683898926
117.40956347500003,approach,-30.0762939453125,-240.68829345703125,-6.930019378662109
117.44133012700001,approach,-30.07593536376953,-240.68836975097656,-6.882463455200195
117.47531522700001,approach,-30.075511932373047,-240.68836975097656,-6.834890365600586
117.50932421800002,approach,-30.07489585876465,-240.6882781982422,-6.775369644165039
117.541356243,approach,-30.074371337890625,-240.6881561279297,-6.727707862854004
117.57531554899998,approach,-30.0738468170166,-240.68798828125,-6.680037498474121
117.60931146000001,approach,-30.073328018188477,-240.68775939941406,-6.6323747634887695
117.641346483,approach,-30.072805404663086,-240.68746948242188,-6.584738731384277
117.67545779099999,approach,-30.0722599029541,-240.68711853027344,-6.537003517150879
117.709328631,approach,-30.07158660888672,-240.6865997314453,-6.477210998535156
117.74134125,approach,-30.07105255126953,-240.68614196777344,-6.4293622970581055
117.77540470299999,approach,-30.070484161376953,-240.6856231689453,-6.381468772888184
117.80934380000002,approach,-30.069873809814453,-240.6850128173828,-6.333525657653809
117.84127526499998,approach,-30.06924819946289,-240.68434143066406,-6.285531997680664
117.87541686100002,approach,-30.06861686706543,-240.6836700439453,-6.2374725341796875
117.90938069200001,approach,-30.06785011291504,-240.68284606933594,-6.177325248718262
117.94125588100002,approach,-30.067306518554688,-240.68214416503906,-6.129201889038086
117.97541859,approach,-30.066871643066406,-240.68138122558594,-6.0809736251831055
118.00934844099999,approach,-30.06653594970703,-240.68057250976562,-6.032674789428711
118.04129172199998,approach,-30.066329956054688,-240.67974853515625,-5.984362602233887
118.07543260199998,approach,-30.066272735595703,-240.67897033691406,-5.935944557189941
118.1093462,approach,-30.066328048706055,-240.67803955078125,-5.8752593994140625
118.141245067,approach,-30.06645965576172,-240.67733764648438,-5.826607704162598
118.17529907199997,approach,-30.066680908203125,-240.6766357421875,-5.777840614318848
118.20934623,approach,-30.06700325012207,-240.67596435546875,-5.728995323181152
118.24131552400002,approach,-30.067411422729492,-240.67530822753906,-5.680188179016113
118.27530684700002,approach,-30.0678768157959,-240.67471313476562,-5.631394386291504
118.30934293500002,approach,-30.068523406982422,-240.67405700683594,-5.5704240798950195
118.34123895800002,approach,-30.069093704223633,-240.67367553710938,-5.521700859069824
118.37532757500003,approach,-30.069684982299805,-240.67344665527344,-5.473038673400879
118.40932982599998,approach,-30.0703067779541,-240.67332458496094,-5.42442512512207
118.44123193299998,approach,-30.0709171295166,-240.67333984375,-5.375818252563477
118.475318399,approach,-30.071496963500977,-240.67340087890625,-5.327267646789551
118.50937412399998,approach,-30.072154998779297,-240.67352294921875,-5.266654014587402
118.541231874,approach,-30.07261085510254,-240.67367553710938,-5.218242645263672
118.57530409399999,approach,-30.072961807250977,-240.67384338378906,-5.169755935668945
118.60937988400002,approach,-30.073211669921875,-240.67404174804688,-5.121204376220703
118.64120797800001,approach,-30.073362350463867,-240.67422485351562,-5.072610855102539
118.67530528100002,approach,-30.073423385620117,-240.67433166503906,-5.0239458084106445
118.70938683399999,approach,-30.073394775390625,-240.6743927001953,-4.963066101074219
118.74125969099998,approach,-30.073280334472656,-240.67440795898438,-4.914305686950684
118.77530560100001,approach,-30.073102951049805,-240.67442321777344,-4.865447044372559
118.80932578,approach,-30.072872161865234,-240.67442321777344,-4.816549301147461
118.84121735899998,approach,-30.072568893432617,-240.67442321777344,-4.767683982849121
118.87531241800002,approach,-30.072233200073242,-240.6743927001953,-4.718844413757324
118.909412116,approach,-30.07172393798828,-240.6743621826172,-4.657866477966309
118.94120312899997,approach,-30.07124900817871,-240.6743621826172,-4.6091461181640625
118.97526339500001,approach,-30.070796966552734,-240.67434692382812,-4.560494422912598
119.009367779,approach,-30.070415496826172,-240.67440795898438,-4.511903762817383
119.04124613300002,approach,-30.070110321044922,-240.67445373535156,-4.463456153869629
119.07526242,approach,-30.069854736328125,-240.6745147705078,-4.415099143981934
119.10934197,approach,-30.0695743560791,-240.67457580566406,-4.35477352142334
119.14120885,approach,-30.069368362426758,-240.67462158203125,-4.306624412536621
119.17526412799998,approach,-30.069190979003906,-240.6746826171875,-4.258594512939453
119.20934842499997,approach,-30.069021224975586,-240.67477416992188,-4.210668563842773
119.241201467,approach,-30.06886100769043,-240.6749267578125,-4.162841796875
119.27522012399999,approach,-30.068702697753906,-240.67510986328125,-4.115030288696289
119.30978202300003,approach,-30.068523406982422,-240.6753692626953,-4.055299758911133
119.34122108999998,approach,-30.068361282348633,-240.67556762695312,-4.007539749145508
119.37521856299998,approach,-30.06813621520996,-240.67575073242188,-3.9598076343536377
119.40938129800003,approach,-30.067827224731445,-240.6759033203125,-3.912078619003296
119.44120158300001,approach,-30.067472457885742,-240.67608642578125,-3.864304304122925
119.47522155400003,approach,-30.06711196899414,-240.67628479003906,-3.816490888595581
119.50932890299998,approach,-30.066617965698242,-240.67660522460938,-3.756769895553589
119.541216857,approach,-30.066190719604492,-240.6768798828125,-3.709089517593384
119.57524625799999,approach,-30.06573486328125,-240.6771697998047,-3.661431074142456
119.60943914,approach,-30.065235137939453,-240.677490234375,-3.613874673843384
119.641214676,approach,-30.06467056274414,-240.67791748046875,-3.566383123397827
119.67522364299998,approach,-30.06409454345703,-240.6784210205078,-3.5189530849456787
119.70930165499999,approach,-30.06341552734375,-240.67913818359375,-3.459815263748169
119.74124095100001,approach,-30.062904357910156,-240.67971801757812,-3.4125688076019287
119.77522597699999,approach,-30.062379837036133,-240.68031311035156,-3.3653576374053955
119.80928878399999,approach,-30.061859130859375,-240.68092346191406,-3.3181564807891846
119.84123702099998,approach,-30.06134605407715,-240.6815185546875,-3.2709429264068604
119.87520970399999,approach,-30.060832977294922,-240.6820831298828,-3.223679780960083
119.90931309000001,approach,-30.060199737548828,-240.68270874023438,-3.1645162105560303
119.94122134000003,approach,-30.059717178344727,-240.68319702148438,-3.117205858230591
119.975213785,approach,-30.05927085876465,-240.68370056152344,-3.06994366645813
120.009289567,approach,-30.058862686157227,-240.68417358398438,-3.0227267742156982
120.04121192899999,approach,-30.05853271484375,-240.68458557128906,-2.975507974624634
120.07524256099998,approach,-30.05829429626465,-240.6848907470703,-2.9283177852630615
120.10936059300002,approach,-30.05811882019043,-240.68521118164062,-2.869338274002075
120.14122765799999,approach,-30.05810546875,-240.6854248046875,-2.8221628665924072
120.17521330800002,approach,-30.058225631713867,-240.68563842773438,-2.7750179767608643
120.209273757,approach,-30.05844497680664,-240.68580627441406,-2.7278597354888916
120.24121216999998,approach,-30.058738708496094,-240.68594360351562,-2.680701494216919
120.2752107,approach,-30.05904197692871,-240.68603515625,-2.633497953414917
120.30928994700002,approach,-30.059465408325195,-240.68612670898438,-2.5743939876556396
120.34121945999999,approach,-30.059799194335938,-240.6861114501953,-2.526993989944458
120.375246904,approach,-30.060148239135742,-240.68601989746094,-2.4795725345611572
120.409266871,approach,-30.06049156188965,-240.68580627441406,-2.432136297225952
120.441213387,approach,-30.060810089111328,-240.6854705810547,-2.384737730026245
120.475197251,approach,-30.061100006103516,-240.68502807617188,-2.3373563289642334
120.50926159199997,approach,-30.06146240234375,-240.684326171875,-2.2781941890716553
120.54121803100003,approach,-30.06177520751953,-240.6836395263672,-2.2308804988861084
120.57522657800001,approach,-30.062118530273438,-240.68284606933594,-2.1835715770721436
120.60925453599998,approach,-30.062536239624023,-240.68199157714844,-2.136300802230835
120.64123975000001,approach,-30.063032150268555,-240.68112182617188,-2.0891168117523193
120.67524266700002,approach,-30.063602447509766,-240.68026733398438,-2.0422685146331787
120.70929850300001,approach,-30.06443977355957,-240.6792449951172,-1.9845912456512451
120.74124101400002,approach,-30.065229415893555,-240.678466796875,-1.939483404159546
120.775230701,approach,-30.066091537475586,-240.67771911621094,-1.8954975605010986
120.80927696200001,approach,-30.066987991333008,-240.67701721191406,-1.852769136428833
120.84121172200003,approach,-30.067869186401367,-240.6763458251953,-1.811438798904419
120.87522259600001,approach,-30.068700790405273,-240.67568969726562,-1.7714622020721436
120.90927128999999,approach,-30.06964683532715,-240.67491149902344,-1.723386526107788
120.94123685699998,approach,-30.070287704467773,-240.6743927001953,-1.6865293979644775
120.975222126,approach,-30.070758819580078,-240.67396545410156,-1.651024580001831
